0 1
0 1019
0 1668
0 2215
0 2767
0 6403
0 7401
0 8483
0 8609
0 8618
0 8979
0 9356
0 11746
0 12181
0 12354
0 12559
0 12620
0 12621
0 12695
1 580
1 877
1 1019
1 3086
1 4428
1 5224
1 7576
1 7609
1 7676
1 8030
1 8049
1 8618
1 8802
1 8979
1 9036
1 9329
1 9437
1 11742
1 11746
1 12181
1 12372
1 12559
1 12620
1 12695
2 125
2 166
2 960
2 1998
2 2645
2 2697
2 4674
2 5663
2 6026
2 6112
2 7686
2 7717
2 12334
2 12527
3 1458
3 1681
3 2750
3 2817
3 3375
3 3734
3 5247
3 5495
3 5597
3 5846
3 5973
3 6281
3 7772
3 8483
3 8567
3 8618
3 8913
3 9362
3 9662
3 10043
3 10285
3 10587
3 10718
4 1051
4 1398
4 1966
4 2081
4 2543
4 2544
4 2635
4 2730
4 3099
4 4040
4 4048
4 4163
4 4959
4 5195
4 6843
4 6978
4 7454
4 7709
4 8267
4 9438
4 11390
5 1170
5 2763
5 3576
5 4090
5 4403
5 4736
5 5213
5 5372
5 6966
5 7252
5 11225
5 12537
6 14
6 2047
6 2066
6 2211
6 4617
6 5231
6 5340
6 6954
6 6992
6 8993
6 9252
6 10125
6 10233
6 11545
6 12246
7 138
7 169
7 631
7 920
7 3946
7 4141
7 4866
7 5086
7 5136
7 8003
7 9075
7 10623
7 11062
8 1479
8 1746
8 2278
8 4328
8 4716
8 4904
8 5144
8 5175
8 5448
8 7082
8 7560
8 7561
8 7984
8 8354
8 8450
8 8671
8 8992
8 10184
8 10814
8 11013
9 281
9 355
9 587
9 881
9 1708
9 2045
9 2301
9 2630
9 4225
9 4411
9 4766
9 6044
9 7027
9 7886
9 8190
9 9723
9 10012
10 367
10 492
10 4189
10 4671
10 4972
10 5456
10 6168
10 7884
10 9340
10 9355
10 9980
10 10280
10 10341
10 11225
10 12395
11 172
11 552
11 1211
11 1315
11 1369
11 5039
11 5683
11 9545
11 9932
11 10180
11 10425
11 10615
11 11306
11 11334
11 11384
11 11699
12 505
12 659
12 1090
12 1723
12 2040
12 3155
12 3286
12 4280
12 5196
12 6712
12 9809
12 9975
12 12378
13 625
13 2959
13 3017
13 4355
13 4953
13 6060
13 7194
13 7305
14 2211
14 2424
14 2829
14 5231
14 6992
14 7614
14 7701
14 7825
14 8993
14 9252
14 10089
14 10125
14 10671
14 11273
14 11487
15 463
15 561
15 1504
15 2014
15 2450
15 2456
15 2499
15 5020
15 6188
15 6800
15 7111
15 7844
15 9015
16 572
16 741
16 963
16 1326
16 1988
16 2406
16 2863
16 3063
16 4038
16 4954
16 5391
16 6477
16 6660
16 6669
16 6866
16 7163
16 9964
16 10053
16 10690
17 1552
17 2177
17 3462
17 4144
17 4398
17 5846
17 5853
17 6124
17 7772
17 8555
17 8714
17 9721
17 10822
17 11056
17 12400
18 808
18 892
18 1040
18 1137
18 2833
18 3356
18 3593
18 3744
18 4375
18 7524
18 9185
18 11734
19 488
19 828
19 890
19 2041
19 2213
19 2509
19 3743
19 6063
19 7919
19 8006
19 9344
19 10214
19 10785
20 212
20 400
20 506
20 777
20 1352
20 1355
20 4486
20 4502
20 4549
20 5377
20 5491
20 5634
20 5803
20 8246
20 8371
20 9834
20 10484
20 11498
21 51
21 412
21 547
21 694
21 1209
21 1474
21 3794
21 4034
21 4635
21 5767
21 5919
21 6302
21 8371
21 8794
21 10668
22 388
22 1605
22 2054
22 3613
22 5942
22 6489
22 7186
22 7230
22 7403
22 7737
22 8717
22 9055
22 9608
22 12569
23 758
23 1136
23 1323
23 1386
23 1522
23 1712
23 2051
23 2598
23 3557
23 3716
23 4053
23 4739
23 5109
23 5294
23 5415
23 6379
23 6692
23 7660
23 8206
23 8214
23 9305
23 10153
23 10833
23 11410
23 11411
24 86
24 89
24 329
24 696
24 1823
24 2369
24 10303
24 10317
24 10410
24 10515
24 10525
24 10535
24 11700
24 12050
24 12320
24 12521
25 37
25 209
25 567
25 791
25 1645
25 5452
25 5888
25 9773
26 228
26 571
26 730
26 1111
26 5184
26 6563
26 8230
26 9078
26 10232
26 10704
27 637
27 976
27 1412
27 1561
27 1761
27 1763
27 2131
27 2382
27 2408
27 2788
27 4770
27 5609
27 8192
27 10555
27 10663
28 195
28 1366
28 4177
28 4187
28 4589
28 4805
28 4806
28 5991
28 6420
28 7711
28 8860
28 10439
28 11876
28 11984
28 11989
28 12257
28 12535
29 34
29 38
29 1779
29 2485
29 2686
29 3238
29 3636
29 4945
29 5339
29 6767
29 6970
29 8358
29 8854
29 9271
29 11598
30 313
30 758
30 2760
30 2947
30 3509
30 3779
30 3969
30 4043
30 4081
30 4354
30 4419
30 4425
30 4480
30 5010
30 6171
30 6596
30 6692
30 7335
30 8681
30 9638
30 11406
31 120
31 1089
31 1179
31 1975
31 3387
31 5197
31 5304
31 6050
31 6054
31 7704
31 8532
31 9210
31 9428
31 12377
32 353
32 391
32 1141
32 1382
32 2277
32 2715
32 2935
32 4586
32 6492
32 6612
32 6777
32 7040
32 7284
32 10031
32 10756
32 10896
33 486
33 3246
33 4358
33 4985
33 5230
33 5655
33 6235
33 7074
33 8877
33 9533
33 9775
33 9900
33 10252
33 10379
33 10485
33 10915
33 11284
33 11560
33 12474
34 38
34 642
34 1371
34 1779
34 1794
34 2053
34 4645
34 5416
34 6970
34 7404
34 7405
34 8854
34 9271
34 11598
35 2787
35 3856
35 4529
35 4539
35 4687
35 5065
35 5315
35 5648
35 6369
35 7976
35 8727
35 10385
35 10405
35 11208
35 11250
36 46
36 58
36 1655
36 1936
36 2491
36 2825
36 2889
36 3013
36 3508
36 3836
36 4535
36 4896
36 5760
36 6714
36 7383
36 7969
36 8682
36 11684
37 209
37 464
37 567
37 791
37 1645
37 2857
37 3498
37 4528
37 5888
37 7183
37 7521
37 9258
37 9773
38 642
38 1779
38 1794
38 2485
38 5416
38 6970
38 7404
38 7405
38 8358
38 9271
39 1341
39 2209
39 2611
39 2861
39 3112
39 5178
39 6514
39 7245
39 8023
39 10506
40 565
40 768
40 780
40 1661
40 1799
40 2359
40 2460
40 2481
40 2980
40 3233
40 3991
40 5185
40 5618
40 9717
40 10001
40 10167
40 11274
41 557
41 764
41 798
41 1357
41 1479
41 1843
41 2219
41 2610
41 2778
41 4152
41 4593
41 6150
41 6441
41 9451
41 9862
41 9872
41 10468
41 10928
42 1298
42 1359
42 1585
42 3564
42 4264
42 6142
42 7431
42 7783
42 8654
42 9303
42 11880
42 12052
42 12067
43 149
43 947
43 1012
43 2002
43 2418
43 3117
43 3297
43 5805
43 6382
43 8855
43 9145
43 10691
44 3007
44 3266
44 4588
44 4714
44 5388
44 5389
44 5418
44 5573
44 5965
44 6793
44 7624
44 8334
44 8506
44 10595
44 11758
45 174
45 286
45 379
45 946
45 1716
45 1965
45 5025
45 5255
45 11516
45 12458
46 210
46 1655
46 1936
46 2219
46 2491
46 2791
46 3104
46 3508
46 3604
46 3836
46 4309
46 5429
46 5760
46 5978
46 6318
46 6714
46 8798
46 9062
46 9120
46 9294
46 10294
46 11359
46 11399
46 12423
47 142
47 948
47 1176
47 3359
47 6705
47 7094
47 8332
47 11022
48 490
48 1599
48 1646
48 2212
48 2339
48 2776
48 2813
48 3648
48 4840
48 4922
48 5233
48 10448
48 11996
49 594
49 1563
49 1744
49 3987
49 7604
49 7936
49 7959
49 8566
49 9025
49 9198
49 9206
49 9288
49 9899
49 10119
50 60
50 632
50 780
50 1438
50 1700
50 2552
50 3747
50 4117
50 5089
50 5241
50 5387
50 5657
50 5815
50 5997
50 6473
50 7500
50 11647
51 400
51 506
51 1133
51 1209
51 1352
51 2979
51 3476
51 3794
51 4635
51 6250
51 8371
51 8562
51 8773
51 10728
51 11577
52 191
52 235
52 1108
52 1911
52 4066
52 4314
52 4424
52 4697
52 7691
52 8353
52 10061
52 10501
52 11320
52 11353
53 210
53 3223
53 3507
53 3631
53 4057
53 4154
53 4249
53 6004
53 6282
53 7464
53 7965
53 8104
53 8798
53 9431
53 10567
53 11222
53 12422
54 456
54 876
54 1719
54 1995
54 2155
54 2163
54 2179
54 2457
54 2872
54 2878
54 2913
54 2986
54 3050
54 3184
54 3984
54 7994
54 9260
55 82
55 1004
55 1768
55 1777
55 2600
55 2793
55 2838
55 4393
55 5148
55 5202
55 5207
55 6677
55 10198
55 10490
55 10537
56 2510
56 3841
56 4491
56 5553
56 6264
56 6401
56 7216
56 7413
56 8510
56 9162
56 9261
56 10102
56 11830
57 62
57 149
57 194
57 947
57 1031
57 1043
57 1350
57 1679
57 2002
57 2418
57 4555
57 6397
57 6865
57 7273
57 8899
57 10670
58 1551
58 1582
58 1936
58 2205
58 2491
58 2825
58 2889
58 3157
58 4309
58 4743
58 4772
58 4896
58 7383
58 7451
58 8148
58 8225
58 8682
58 9334
58 9465
59 223
59 477
59 2871
59 2964
59 3413
59 3605
59 3939
59 6601
59 7218
59 10003
59 10022
59 10858
59 10859
59 10882
59 11009
59 11428
59 11496
59 11703
59 11719
60 1700
60 2552
60 2922
60 4117
60 5815
60 5997
60 7071
60 7500
60 7605
60 8527
60 11647
61 174
61 379
61 1716
61 2286
61 2580
61 2911
61 4061
61 7089
61 9685
61 10494
61 10710
61 10854
61 10960
61 11696
61 11804
62 1350
62 1456
62 2002
62 2418
62 5805
62 6199
62 6397
62 6865
62 8121
62 8375
62 8523
62 8855
62 8899
62 9861
63 1674
63 4255
63 4758
63 6640
63 8009
63 9298
63 9581
63 11576
63 11654
63 12128
64 407
64 652
64 1234
64 2350
64 3459
64 3641
64 5263
64 6117
64 8156
64 10461
64 11326
64 11514
64 12008
64 12433
64 12522
65 866
65 5366
65 6157
65 7016
65 7604
65 7936
65 8659
65 8686
65 8898
65 8958
65 9086
65 9288
65 9531
65 9590
65 10017
65 10119
65 10143
65 10534
66 386
66 540
66 1803
66 2712
66 3996
66 4098
66 4754
66 5160
66 5874
66 7234
66 7974
66 8115
66 8284
66 9091
66 11683
67 331
67 2028
67 2905
67 3694
67 4375
67 5380
67 6006
67 6459
67 7866
67 7925
67 8261
67 8698
67 9582
67 9908
67 10465
67 10570
68 773
68 880
68 1248
68 2747
68 4669
68 4865
68 5498
68 7758
68 9163
68 9653
68 10378
68 10445
68 10520
68 10678
68 11054
68 12627
69 626
69 1661
69 2235
69 2737
69 2879
69 2893
69 2980
69 3021
69 3828
69 4825
69 5041
69 5256
69 7181
69 8427
69 8837
69 9992
69 10830
70 943
70 2184
70 3502
70 4057
70 5018
70 5246
70 6282
70 6944
70 8104
70 8469
70 9263
70 9737
70 12422
71 216
71 607
71 712
71 713
71 1163
71 2881
71 2899
71 4088
71 4372
71 5993
71 6658
71 10237
72 564
72 3158
72 3986
72 5625
72 7757
72 8007
72 8509
72 9021
72 9074
72 9199
72 9716
72 9993
73 4259
73 4760
73 9300
73 10027
73 11929
73 11930
74 522
74 905
74 1156
74 2005
74 3380
74 3661
74 3827
74 4114
74 4296
74 4679
74 4867
74 5468
74 5615
74 6450
74 6845
74 7301
74 8490
74 9459
74 11502
74 11547
75 814
75 1384
75 2058
75 2926
75 3191
75 3531
75 4322
75 4664
75 5449
75 6917
75 7156
75 7702
75 7928
75 9497
75 9878
75 9902
75 12503
76 174
76 952
76 1716
76 1797
76 1965
76 3061
76 3333
76 3686
76 3687
76 5025
76 6449
76 9841
76 10710
76 11516
77 1612
77 3854
77 5374
77 5518
77 5616
77 7721
77 10493
77 10583
77 10584
77 10586
77 10631
77 11243
77 11915
77 12237
78 548
78 1217
78 2027
78 2859
78 2942
78 4442
78 4653
78 5034
78 6279
78 9060
78 9863
78 10357
78 10358
78 11997
79 443
79 715
79 823
79 1084
79 2683
79 3048
79 4548
79 6184
79 7012
79 7105
79 8036
79 8119
79 8701
79 9193
79 10547
80 628
80 1570
80 1953
80 2222
80 2959
80 3896
80 4501
80 4575
80 5236
80 8029
80 8287
80 9558
80 9826
80 9850
80 9985
81 503
81 2366
81 2414
81 3630
81 4497
81 5000
81 5113
81 5537
81 6094
81 7143
81 7719
81 9976
81 10057
81 10290
81 10319
81 11039
82 1768
82 2473
82 2793
82 4393
82 5148
82 5202
82 5207
82 5684
82 6677
82 9538
82 10196
82 10490
82 10537
82 11663
82 11697
83 99
83 675
83 825
83 2790
83 3022
83 3061
83 4161
83 4297
83 4822
83 6025
83 6819
83 7232
83 7901
83 10333
83 10726
83 11078
84 439
84 1554
84 3208
84 3692
84 3698
84 3799
84 4008
84 4621
84 5365
84 6153
84 7365
84 8471
84 8852
84 9986
84 11041
84 11585
84 12118
85 388
85 3633
85 5589
85 6489
85 7186
85 7419
85 7737
85 9055
85 11621
85 12569
86 89
86 329
86 9140
86 10410
86 10515
86 10525
86 12050
86 12252
86 12320
86 12490
87 163
87 534
87 1257
87 1296
87 1423
87 1862
87 1972
87 2199
87 2741
87 2864
87 5080
87 6666
87 6957
87 7652
87 9728
87 10688
87 11204
87 12267
88 1083
88 1458
88 1565
88 4755
88 5139
88 7100
88 7367
88 7718
88 8725
89 222
89 3916
89 4184
89 4445
89 4978
89 6330
89 9140
89 10325
89 10410
89 10515
89 11619
89 12252
89 12309
89 12490
90 351
90 598
90 1491
90 2134
90 2135
90 2376
90 2915
90 5093
90 5096
90 5702
90 7380
90 9369
90 12331
91 180
91 503
91 752
91 1071
91 1295
91 1997
91 2050
91 2104
91 2414
91 4357
91 4864
91 5000
91 5149
91 5652
91 6135
91 6181
91 9409
91 9624
91 9976
91 10057
91 10446
92 4469
92 5086
92 5136
92 5488
92 5794
92 6448
92 9703
92 10124
92 11037
92 11113
92 11727
93 2584
93 4680
93 7653
93 9786
93 11437
93 12063
93 12172
93 12491
94 4314
94 4383
94 4697
94 5486
94 6647
94 10336
94 11320
94 11353
94 12140
95 2176
95 2372
95 2454
95 3964
95 6083
95 6466
95 8831
95 9183
95 9969
95 10978
95 11207
95 12442
96 1697
96 1958
96 2020
96 3051
96 3172
96 3334
96 4224
96 6458
96 9575
96 12207
97 1162
97 1520
97 2792
97 3073
97 4984
97 5414
97 6243
97 7201
97 7254
97 8177
97 8910
97 9052
97 9262
97 9496
97 10607
98 2276
98 3025
98 4601
98 5691
98 6775
98 7929
98 8395
98 8638
98 10175
98 12273
99 675
99 3022
99 4822
99 6025
99 6819
99 7901
99 10333
100 595
100 686
100 1091
100 1862
100 1870
100 2251
100 2897
100 3394
100 3659
100 5599
100 5797
100 6167
100 6245
100 6476
100 7724
100 8966
100 9728
100 9859
100 11343
100 12546
101 2368
101 2763
101 3295
101 3404
101 3937
101 4849
101 5062
101 5372
101 5847
101 6870
101 6966
101 7044
101 9231
101 10002
101 12537
102 211
102 373
102 610
102 760
102 1991
102 3699
102 4140
102 4748
102 5272
102 5470
102 6515
102 7506
103 1060
103 1883
103 1895
103 3940
103 4826
103 5716
103 5718
103 5788
103 7650
103 9420
103 9426
103 10701
104 419
104 1476
104 1999
104 2330
104 2522
104 2610
104 4482
104 6841
104 7780
104 9905
104 10239
104 10558
104 11001
104 11359
105 443
105 823
105 3994
105 4512
105 4663
105 4733
105 5300
105 6073
105 7987
105 8077
105 8119
105 9001
105 9157
105 9285
105 10155
105 11297
105 11299
105 11565
105 12558
106 435
106 1331
106 2064
106 2335
106 2354
106 3519
106 3826
106 7559
106 7562
106 9740
107 415
107 1526
107 2156
107 3433
107 5271
107 5593
107 6313
107 6922
107 7108
107 7394
107 7497
107 8196
107 8247
107 8249
107 8270
107 8700
107 8813
108 737
108 2139
108 2425
108 2486
108 3204
108 3787
108 3824
108 4542
108 7444
108 7682
108 8809
108 11118
108 11195
109 271
109 344
109 411
109 864
109 1534
109 2571
109 5168
109 5586
109 5833
109 6729
109 7136
109 7563
109 9267
109 9554
109 11711
110 680
110 945
110 1698
110 3358
110 3452
110 3529
110 3582
110 4410
110 4536
110 4681
110 5137
110 5182
110 7240
110 7268
110 7283
110 7618
110 8330
110 10170
110 10686
110 11675
111 176
111 1501
111 9759
111 10417
111 10549
111 10550
111 10963
111 11212
111 11717
111 11749
111 12288
111 12509
112 2621
112 2987
112 2988
112 3666
112 4053
112 4739
112 5698
112 5842
112 5893
112 5907
112 7637
112 7744
112 8206
112 8702
112 9063
112 10082
112 10404
113 562
113 563
113 778
113 3294
113 3689
113 4009
113 4548
113 4857
113 7012
113 7093
113 8595
113 8626
113 8629
113 9991
113 12555
114 1007
114 1203
114 1606
114 1836
114 3619
114 4327
114 5036
114 6406
114 9481
114 9994
114 10110
114 10451
114 10615
114 11306
114 11379
114 11381
114 11384
115 976
115 2292
115 3801
115 4196
115 5609
115 6180
115 6291
115 6798
115 7640
115 7927
115 8192
115 9106
115 9279
115 9371
115 10555
116 608
116 756
116 1246
116 1270
116 1324
116 1631
116 2240
116 3247
116 3989
116 4264
116 4394
116 9455
116 10516
116 10982
116 11329
116 11368
116 12512
116 12540
117 684
117 3427
117 3434
117 3588
117 4342
117 4566
117 5697
117 5821
117 5979
117 6018
117 6084
117 6914
117 7085
117 7314
117 8596
117 9026
117 9160
117 9268
117 9620
117 9669
117 9748
118 395
118 1027
118 1468
118 2085
118 2854
118 2921
118 3102
118 3166
118 3768
118 4337
118 4550
118 4715
118 7113
118 7309
118 7310
118 9153
118 12651
119 127
119 144
119 533
119 3241
119 6901
119 7165
119 7915
119 9526
119 10492
120 1089
120 1975
120 2806
120 3246
120 6036
120 6050
120 6400
120 7171
120 7704
120 8532
120 8640
120 8911
120 9210
120 9486
120 11270
121 1117
121 2302
121 2670
121 6431
121 6442
121 6910
121 9539
122 1184
122 4050
122 4695
122 4835
122 4907
122 6845
122 7324
122 7334
122 10482
122 10514
122 10613
122 11932
122 11954
123 646
123 695
123 1292
123 3646
123 4230
123 5227
123 5381
123 5420
123 9959
123 10463
123 10522
123 11370
123 11492
123 12310
123 12542
123 12543
124 1089
124 1301
124 2314
124 2556
124 2806
124 3246
124 3452
124 5476
124 9336
124 10074
124 10252
124 10485
124 10768
124 11587
124 11694
124 12453
125 166
125 3282
125 3397
125 4674
125 6710
125 7297
125 7686
125 7717
125 8209
125 8718
125 10298
125 12326
125 12334
125 12527
126 894
126 1813
126 2100
126 2194
126 3138
126 3795
126 4022
126 4112
126 4281
126 4883
126 6700
126 7148
126 9480
126 9595
127 140
127 144
127 533
127 1640
127 3241
127 6901
127 9526
128 801
128 1258
128 1423
128 2497
128 2808
128 4989
128 5075
128 5245
128 5693
128 6383
128 6723
128 6796
128 6858
128 6893
128 7626
128 7740
128 9978
128 10675
128 11757
128 11807
129 2267
129 2781
129 7164
129 7517
129 7998
129 10219
129 10323
129 10453
129 10599
129 10622
129 10651
129 11980
130 373
130 818
130 858
130 915
130 941
130 1877
130 2268
130 2762
130 3584
130 4059
130 5057
130 5290
130 5904
130 6014
130 6457
130 6591
130 7022
130 7370
130 7496
130 8396
130 9275
130 12184
131 1528
131 1783
131 2320
131 2364
131 2429
131 2743
131 2918
131 3746
131 4794
131 6000
131 7112
131 8268
131 9415
131 10013
131 10786
132 1611
132 1680
132 2037
132 2443
132 3468
132 3788
132 4662
132 6840
132 7685
132 7913
132 8150
132 8233
132 8420
132 12333
133 135
133 1720
133 1724
133 2352
133 2735
133 2880
133 2891
133 4300
133 5268
133 5466
133 6878
133 8355
133 9260
133 10790
134 366
134 561
134 619
134 831
134 1504
134 2270
134 2450
134 2482
134 3696
134 5308
134 5532
134 8605
134 9203
134 9257
134 9674
134 10763
134 11850
134 12685
135 1720
135 2352
135 2735
135 2878
135 4903
135 5466
135 6878
135 9260
135 10704
135 10790
136 608
136 1415
136 1541
136 3173
136 3662
136 4167
136 4473
136 6693
136 8846
136 9500
136 9865
136 10519
136 11305
136 11329
136 12316
136 12411
136 12638
137 202
137 1950
137 4530
137 5440
137 7090
137 8291
137 8324
137 8959
137 9789
137 9867
137 10306
137 10708
137 11032
137 11444
137 11449
137 11453
137 11661
137 12298
137 12434
137 12624
138 169
138 4141
138 5086
138 7802
138 7803
138 8003
138 8079
138 9564
138 10623
139 392
139 923
139 1766
139 2999
139 3153
139 3485
139 4168
139 4640
139 7523
139 8386
139 10646
139 11057
139 11419
139 12201
139 12424
140 141
140 144
140 533
140 1640
140 2340
140 3241
140 3921
140 5265
140 6899
140 7110
140 9526
141 144
141 1640
141 5265
141 6899
141 9526
141 10527
142 322
142 948
142 1176
142 1540
142 1769
142 3359
142 4462
142 6705
142 7094
142 11022
143 1130
143 1396
143 2253
143 3492
143 3587
143 6779
143 7645
143 8222
143 8464
143 8604
143 8633
143 9392
143 9485
143 9936
143 10118
143 12373
144 1640
144 2262
144 3241
144 4689
144 7915
144 9526
144 10527
144 12547
145 589
145 1000
145 1543
145 1634
145 1738
145 2494
145 2680
145 2954
145 3435
145 3525
145 3780
145 4415
145 4742
145 5095
145 6446
145 7321
145 7710
145 8658
145 9473
145 10224
145 10808
145 11213
145 12376
146 656
146 684
146 1364
146 3670
146 4253
146 4290
146 4342
146 4694
146 5979
146 6485
146 7314
146 10420
147 297
147 1440
147 3321
147 3961
147 4287
147 5386
147 5704
147 7132
147 8319
147 8689
147 9207
147 9553
147 9710
147 10290
147 12504
148 932
148 2233
148 2322
148 5612
148 7021
148 7850
148 9448
148 9519
148 10350
148 11549
148 11911
148 12054
148 12544
148 12637
149 784
149 928
149 947
149 1679
149 2418
149 2488
149 4555
149 6397
149 8855
149 8899
149 9192
149 12104
150 162
150 1596
150 4066
150 4178
150 6690
150 7393
150 7557
150 11252
150 12196
150 12549
151 1196
151 1774
151 1982
151 3176
151 3244
151 6821
151 9746
151 9926
152 1872
152 1951
152 4180
152 5483
152 6107
152 6141
152 7137
152 9642
152 9705
152 9712
152 11254
152 11268
153 326
153 1542
153 2101
153 2411
153 2656
153 2674
153 3078
153 3227
153 5078
153 5081
153 5090
153 5098
153 5868
153 6396
153 7129
153 8017
153 8046
153 9982
153 11578
154 191
154 235
154 338
154 1108
154 1302
154 1314
154 2033
154 2897
154 4781
154 4921
154 5325
154 7499
154 8502
155 1256
155 2241
155 3361
155 5872
155 6243
155 7977
155 10152
155 10243
155 10977
155 11523
155 11529
155 12410
155 12413
155 12529
156 1562
156 2839
156 3675
156 4498
156 6651
156 7736
156 8272
156 9968
157 199
157 354
157 538
157 603
157 623
157 962
157 2946
157 3053
157 3256
157 3461
157 3890
157 3928
157 4702
157 5237
157 5923
157 6568
157 9076
157 10035
157 10139
157 10398
158 203
158 547
158 1265
158 2102
158 2410
158 2939
158 3775
158 7672
158 8902
158 9337
158 11785
159 350
159 674
159 1379
159 1529
159 2629
159 3001
159 3840
159 4420
159 5736
159 6554
159 6718
159 6875
159 7678
159 9833
159 10029
159 10416
159 10672
160 1795
160 6439
160 6467
160 6680
160 9842
160 9854
160 10865
160 10868
160 11234
160 11341
160 11821
161 251
161 312
161 327
161 1126
161 1498
161 1562
161 1684
161 3130
161 3298
161 3554
161 3999
161 4247
161 4498
161 7736
161 8272
161 9321
161 9812
161 9968
161 10040
162 1596
162 2401
162 4178
162 7393
162 7557
162 9527
162 10183
162 10973
162 11252
162 12171
162 12196
162 12549
163 340
163 394
163 1254
163 1257
163 1959
163 2199
163 2741
163 4472
163 5162
163 8778
163 9152
163 11204
164 216
164 2681
164 2867
164 3526
164 3754
164 4088
164 5048
164 5131
164 5708
165 413
165 599
165 1101
165 1495
165 1519
165 1706
165 4983
165 9360
165 11052
165 11074
166 1093
166 1418
166 2645
166 2853
166 3282
166 4674
166 5105
166 6112
166 7686
166 8718
166 9196
166 9437
166 10298
166 12125
167 647
167 3111
167 3141
167 5200
167 5273
167 5688
167 5845
167 5878
167 6507
167 9244
167 9320
167 11436
167 11955
168 800
168 1446
168 2371
168 2876
168 3843
168 5232
168 6021
168 6110
168 6511
168 6735
168 9781
168 11077
168 11173
169 4141
169 7803
169 9075
169 9564
169 10623
169 10624
169 10633
169 11062
169 11472
169 11884
169 12301
169 12523
170 1821
170 3489
170 4809
170 7265
170 8377
170 8486
170 9224
170 9450
170 9668
170 11992
171 175
171 294
171 1539
171 2239
171 2415
171 4308
171 4423
171 6647
171 7060
172 1007
172 1315
172 5039
172 5683
172 10503
172 10615
172 11306
172 11384
172 11699
173 588
173 652
173 1072
173 1163
173 1221
173 2350
173 2391
173 4296
173 5064
173 5708
173 6117
173 6510
173 8288
173 9248
173 11761
174 379
174 1413
174 1716
174 1797
174 1965
174 2286
174 3687
174 4171
174 4462
174 5255
174 6548
174 6733
174 7089
174 9685
174 10101
174 10710
174 11516
174 11612
175 294
175 1539
175 1553
175 2239
175 2415
175 4308
175 4383
175 4423
175 6647
175 9242
175 10061
175 11712
176 843
176 3849
176 4234
176 4410
176 4513
176 6882
176 7618
176 8824
176 8865
176 9739
176 11212
176 11675
176 11717
176 11749
176 11956
176 12269
176 12288
177 848
177 1784
177 1850
177 2325
177 2909
177 3790
177 3982
177 4526
177 5818
177 8060
177 9647
177 9650
177 9873
177 10816
177 11510
178 482
178 1250
178 4144
178 4398
178 4788
178 5531
178 5853
178 6124
178 6753
178 8663
178 8913
178 9683
178 9721
179 300
179 575
179 622
179 649
179 654
179 819
179 969
179 1268
179 2025
179 2661
179 3237
179 3994
179 4165
179 4778
179 6128
179 7987
179 7988
179 9814
179 10131
179 11769
180 1530
180 1560
180 1789
180 1997
180 2050
180 2782
180 2898
180 3993
180 4003
180 4791
180 5149
180 5890
180 6181
180 7042
180 9883
180 10057
181 754
181 1772
181 2230
181 2560
181 3288
181 4036
181 5795
181 7151
181 7542
181 7638
181 8183
181 8597
181 10577
181 12215
181 12348
181 12655
181 12697
182 183
182 5515
182 7389
182 7839
182 8561
182 9110
182 9304
183 438
183 600
183 5515
183 7389
183 7484
183 7839
183 7953
183 8561
183 8630
183 8952
183 9110
183 9304
183 9366
183 12597
183 12605
183 12690
184 1579
184 5027
184 5220
184 5870
184 5983
184 7916
184 9453
184 10852
184 11090
184 11132
185 456
185 730
185 876
185 1979
185 3204
185 3250
185 3304
185 3824
185 3984
185 5321
185 5332
185 7266
185 10245
185 11043
185 12134
186 1194
186 1442
186 1764
186 1814
186 1971
186 2327
186 2705
186 3406
186 3927
186 3954
186 4927
186 5161
186 9238
186 9687
187 564
187 2348
187 2549
187 3158
187 4246
187 4417
187 4519
187 7564
187 9074
187 9716
187 10470
187 10590
187 11555
187 12208
188 1010
188 3305
188 3575
188 4875
188 4899
188 5401
188 5479
188 6103
188 8258
188 10647
188 10758
188 11015
188 11476
189 698
189 1211
189 1465
189 2015
189 5039
189 5044
189 5328
189 5678
189 8256
189 11316
189 11400
190 425
190 523
190 1249
190 3622
190 4335
190 5200
190 5843
190 7999
190 9244
190 9320
190 10122
190 11436
191 235
191 338
191 686
191 1108
191 1314
191 1870
191 1911
191 4314
191 4547
191 6167
191 7499
191 7724
191 8353
191 10336
192 645
192 672
192 785
192 1485
192 2591
192 3392
192 3563
192 3965
192 5279
192 8530
192 9658
193 698
193 911
193 1367
193 2015
193 5678
193 6713
193 9142
193 9557
193 9981
193 10105
193 10166
193 10557
193 11515
194 1022
194 1043
194 1350
194 1455
194 1456
194 1908
194 3642
194 5487
194 7125
194 7273
194 8399
194 8523
194 9148
194 9249
194 10670
194 11004
195 1739
195 4177
195 4187
195 4190
195 4589
195 4600
195 4805
195 4806
195 6872
195 7056
195 9524
195 11984
195 12026
195 12535
196 317
196 1344
196 1816
196 2169
196 2337
196 3209
196 3826
196 3873
196 4265
196 4408
196 4714
196 5324
196 5657
196 6626
196 6707
196 7076
196 7253
196 11360
197 234
197 573
197 1215
197 1287
197 1698
197 5394
197 7283
197 8824
197 10018
197 10111
197 11675
198 419
198 749
198 1476
198 2330
198 3119
198 4483
198 5327
198 8163
199 603
199 623
199 3256
199 3665
199 4702
199 5237
199 5720
199 7904
199 10735
200 290
200 344
200 1079
200 1495
200 1519
200 2257
200 4227
200 4729
200 6415
200 6565
200 6729
200 9267
200 9360
200 9554
200 11050
200 11052
201 208
201 690
201 1188
201 1224
201 1640
201 1980
201 2149
201 2157
201 2498
201 2962
201 3241
201 3992
201 4020
201 4689
201 5041
201 5114
201 7181
201 9388
201 9677
201 10262
202 1244
202 1572
202 2845
202 4011
202 4530
202 4706
202 4928
202 5440
202 5820
202 6839
202 10281
202 10306
202 12298
202 12434
202 12624
203 244
203 778
203 1265
203 2102
203 2410
203 2608
203 2939
203 3292
203 4034
203 8134
203 8902
203 9318
203 9406
204 1063
204 1069
204 1135
204 1517
204 1558
204 2437
204 2708
204 2894
204 3906
204 5505
204 6671
204 9615
204 9835
204 9926
204 10086
204 10556
204 11801
205 268
205 2257
205 5211
205 5680
205 5929
205 8294
205 9077
205 9267
205 10406
205 10737
205 11067
205 11158
205 11280
205 12201
205 12202
205 12262
206 273
206 590
206 720
206 755
206 759
206 1075
206 1219
206 1507
206 1714
206 2031
206 3070
206 3210
206 3732
206 5281
206 5287
206 5731
206 6064
206 6143
206 6478
206 7175
206 7773
206 7783
206 9068
206 9274
206 9447
206 9802
206 11513
206 11890
207 1696
207 3618
207 5900
207 7579
207 9047
207 9512
207 9515
207 10901
207 10942
207 11128
207 11135
207 11641
207 11665
207 12480
207 12615
208 497
208 690
208 725
208 1188
208 1513
208 1730
208 1980
208 2884
208 2932
208 3145
208 3691
208 3713
208 3991
208 5185
208 5998
208 9388
208 10262
208 10656
209 399
209 567
209 629
209 791
209 899
209 930
209 1629
209 1899
209 2462
209 2857
209 2895
209 2972
209 3615
209 5888
209 7743
209 9720
209 9736
209 10340
209 10651
209 11205
209 11869
210 2219
210 2227
210 2565
210 2791
210 3507
210 5348
210 5429
210 6004
210 6384
210 6506
210 6714
210 7378
210 7965
210 8798
210 9062
210 9120
210 9431
210 11222
211 373
211 760
211 1844
211 2056
211 3699
211 5470
211 5519
211 6442
211 9254
211 9860
211 10104
211 10910
211 11538
212 506
212 1209
212 5377
212 5634
212 5767
212 5803
212 8246
212 8371
212 9834
212 9935
212 10154
212 10738
212 11110
212 11498
213 255
213 1736
213 2076
213 3444
213 4580
213 7860
213 10610
213 11985
213 12243
214 215
214 1678
214 2132
214 4350
214 4771
214 5009
214 6873
214 7705
214 8277
214 9122
215 1320
215 1387
215 1678
215 3074
215 4350
215 4368
215 4771
215 5009
215 6873
215 7705
215 8277
216 712
216 713
216 830
216 1153
216 2152
216 2866
216 2867
216 2899
216 3526
216 3697
216 3754
216 4088
216 4372
216 5048
216 6016
216 6417
216 11573
217 232
217 927
217 2122
217 2804
217 3283
217 3517
217 4307
217 4563
217 5157
217 6101
217 6152
217 10994
217 11690
218 490
218 1288
218 1599
218 2339
218 2416
218 4634
218 4870
218 4922
218 6527
218 6676
218 7138
219 527
219 545
219 1378
219 1459
219 3769
219 5135
219 5675
219 7011
219 7589
219 8541
219 9088
219 9159
219 9225
219 10662
219 11741
220 364
220 493
220 693
220 761
220 763
220 1124
220 1408
220 1414
220 1618
220 2526
220 2965
220 4331
220 4990
220 6405
220 6546
220 7383
220 7408
220 9286
220 9287
221 285
221 336
221 1841
221 1948
221 3319
221 4106
221 6525
221 6717
221 7221
221 8175
221 10192
221 10229
221 10951
221 12359
221 12412
222 425
222 1600
222 2336
222 2998
222 3916
222 4184
222 4445
222 7779
222 9081
222 9390
222 10282
222 10325
222 11619
222 12309
223 1362
223 3605
223 9942
223 9943
223 10003
223 10858
223 10859
223 10882
223 11428
223 11496
223 11703
223 12510
224 289
224 2916
224 2969
224 4365
224 4441
224 5576
224 10016
224 10664
224 10904
225 2142
225 5254
225 5302
225 5629
225 7433
225 7961
225 10344
225 11248
225 12345
225 12506
226 1218
226 2666
226 2831
226 3949
226 4515
226 5033
226 5670
226 6620
226 7328
226 7689
226 8086
226 8335
226 9730
226 10441
226 12158
226 12497
227 542
227 3820
227 4237
227 5950
227 6823
227 6847
227 7763
227 8501
227 10903
227 10907
227 12419
227 12518
228 457
228 1111
228 1306
228 1719
228 1720
228 1995
228 2878
228 3818
228 5056
228 6563
228 7994
228 9078
228 9637
228 10232
228 10268
228 10279
228 10645
229 376
229 529
229 675
229 1617
229 2790
229 3137
229 3224
229 3793
229 5220
229 6197
229 6486
229 6819
229 6964
229 7901
229 8161
229 8164
229 8171
229 9283
229 10333
229 12219
230 371
230 1209
230 1474
230 1536
230 2110
230 3047
230 3189
230 4405
230 4509
230 5257
230 5550
230 6703
230 6973
230 7286
230 7890
230 9935
230 10934
231 917
231 1094
231 1242
231 3200
231 4133
231 4349
231 6009
231 6571
231 7203
231 10496
231 10881
231 10956
231 11296
231 11440
231 11467
232 927
232 2236
232 3155
232 3283
232 3517
232 3562
232 4307
232 4489
232 4885
232 5157
232 6022
232 6152
232 6418
232 7319
232 8760
232 10006
232 11690
233 580
233 597
233 639
233 877
233 1005
233 1486
233 1758
233 3162
233 4359
233 4643
233 6108
233 7295
233 7576
233 8435
233 8900
233 9204
233 9961
233 11590
233 11720
234 843
234 1215
234 1237
234 1287
234 1698
234 6695
234 7283
234 8814
234 8824
234 10606
234 11675
235 338
235 1108
235 1870
235 5325
235 6167
235 7724
235 8353
236 2670
236 2733
236 3320
236 4594
236 5359
236 5621
236 6438
236 6664
236 6818
236 7577
236 9539
236 10275
236 10543
236 10573
236 12142
237 689
237 1037
237 1334
237 3639
237 3979
237 7116
237 7626
237 9309
237 9348
237 9693
237 9972
237 10332
237 10334
238 320
238 5724
238 10157
238 10215
238 10318
238 10505
238 10531
238 10953
238 10961
238 11156
238 11431
238 11983
239 1048
239 1053
239 1054
239 1508
239 1542
239 2082
239 2131
239 2182
239 2535
239 2632
239 2674
239 2788
239 3307
239 5966
239 6641
239 6783
239 8341
239 9138
239 12212
240 323
240 393
240 2448
240 5058
240 6680
240 6829
240 6962
240 7145
240 9167
240 9341
240 9759
240 10276
240 10550
240 10619
240 11234
240 12227
241 1448
241 1842
241 5000
241 5628
241 6094
241 6386
241 9098
241 9518
241 10051
241 10319
241 11433
242 552
242 1741
242 2780
242 5683
242 6667
242 7358
242 8174
242 8189
242 10180
242 10311
242 10554
242 11281
242 11332
242 11798
243 1429
243 1433
243 1705
243 2029
243 2120
243 3546
243 4741
243 6643
243 6911
243 9756
243 9790
243 11542
244 778
244 1265
244 2608
244 2939
244 3292
244 3621
244 4049
244 4468
244 6419
244 8134
244 9318
244 9406
245 1430
245 1735
245 5518
245 8020
245 10493
245 10583
245 11975
245 12035
245 12169
245 12237
246 378
246 405
246 833
246 1174
246 1949
246 2242
246 4072
246 5015
246 5292
246 5560
246 6983
246 7015
246 7115
246 8635
246 9983
246 10183
246 10694
246 10799
246 12077
247 1172
247 1576
247 3034
247 3165
247 6314
247 6566
247 6592
247 7313
247 8352
247 11839
247 12150
247 12277
248 524
248 554
248 1384
248 2058
248 2122
248 3191
248 4110
248 4563
248 5119
248 5431
248 5449
248 5667
248 6101
248 6697
248 6980
248 8114
248 8410
248 9121
248 9251
248 9349
248 9495
248 10994
248 11690
249 618
249 2312
249 3514
249 3938
249 5769
249 6030
249 6461
249 8495
249 8914
249 10270
249 11655
250 2158
250 3328
250 4052
250 4113
250 4147
250 6922
250 7020
250 7357
250 11639
250 11646
250 11658
251 312
251 781
251 1684
251 2367
251 2839
251 3298
251 3342
251 3999
251 4247
251 5396
251 5430
251 5807
251 6165
251 7675
251 8272
251 9321
251 9968
251 10116
251 10773
252 961
252 3778
252 4286
252 4478
252 4752
252 5228
252 5397
252 6611
252 7565
252 7820
252 8712
252 9370
252 9535
252 9900
252 10363
252 10379
252 10485
252 10915
252 12231
252 12573
253 4487
253 4586
253 4657
253 6492
253 6777
253 7896
253 8152
253 8730
253 9201
253 9467
253 9499
253 10706
253 11689
254 308
254 1896
254 2107
254 2847
254 6302
254 6552
254 6562
254 7331
254 7699
254 11960
255 1736
255 2076
255 3444
255 4580
255 4602
255 7024
255 7366
255 7860
255 10610
255 11985
256 1030
256 1099
256 2299
256 3040
256 3440
256 4885
256 6712
256 7025
256 8332
256 9378
256 10006
256 11847
257 963
257 1225
257 1303
257 1589
257 2653
257 3135
257 3558
257 3804
257 4830
257 6099
257 6456
257 6940
257 6959
257 9311
257 11491
258 658
258 700
258 1183
258 2505
258 2973
258 3529
258 3649
258 4465
258 4527
258 5023
258 5313
258 5499
258 6923
258 6946
258 7364
258 8037
258 8779
258 8793
258 8796
258 9030
258 9570
258 10661
259 270
259 896
259 1737
259 2871
259 3457
259 3913
259 4957
259 5404
259 7210
259 7550
259 7581
259 9177
259 9312
259 9363
259 10103
259 11520
260 1149
260 1541
260 2892
260 3581
260 4228
260 4871
260 5038
260 5244
260 6498
260 6500
260 6541
260 8201
260 10033
260 11506
260 11527
261 393
261 674
261 1531
261 3001
261 4270
261 6561
261 9167
261 9652
261 10276
261 10416
262 1453
262 2440
262 5811
262 6568
262 8271
262 8423
262 10211
262 10962
262 10979
262 11747
263 685
263 3194
263 4376
263 5582
263 8367
263 9146
263 9222
263 9517
263 9561
263 11501
264 3200
264 3211
264 4133
264 4905
264 5891
264 6538
264 6571
264 7199
264 7641
264 7671
264 11155
264 11440
265 1733
265 2090
265 2636
265 2763
265 3037
265 3069
265 3576
265 4090
265 4403
265 4428
265 5005
265 5213
265 6041
265 6308
265 8056
265 8337
265 9353
265 9581
265 10829
266 466
266 696
266 835
266 838
266 1274
266 1327
266 1800
266 2412
266 2653
266 2904
266 3012
266 3685
266 3750
266 3804
266 4244
266 4812
266 6456
266 6940
266 7790
266 7961
266 9188
266 9425
266 10259
266 12479
267 1574
267 2188
267 2818
267 3376
267 3455
267 5322
267 6780
267 6831
267 6850
267 7015
267 7655
267 9633
267 9725
267 9887
267 10183
268 923
268 2999
268 5680
268 6270
268 8294
268 8540
268 9077
268 9213
268 10406
268 10737
268 11419
268 12201
268 12262
269 270
269 627
269 896
269 1286
269 2871
269 3557
269 5404
269 6601
269 8005
269 9177
269 10833
269 11009
270 896
270 1286
270 2449
270 2871
270 3413
270 5404
270 6601
270 7210
270 9177
270 9363
270 11009
271 411
271 532
271 1534
271 1624
271 3245
271 5168
271 5586
271 5739
271 5833
271 6729
271 7563
271 7794
271 8172
271 11711
272 590
272 755
272 759
272 795
272 1770
272 3210
272 5287
272 5424
272 7175
272 7942
272 8349
272 9411
272 10715
272 11339
272 11396
272 11470
273 1228
273 1752
273 2496
273 3070
273 3230
273 3382
273 3732
273 4134
273 5281
273 5451
273 5838
273 6478
273 6715
273 7491
273 7773
273 7975
273 8226
273 10067
273 11269
273 12328
274 310
274 315
274 570
274 1221
274 1754
274 3782
274 4561
274 4867
274 5412
274 6300
274 7301
274 8328
274 9248
274 9988
274 10286
275 862
275 1080
275 1393
275 3469
275 4911
275 4984
275 5872
275 6037
275 6091
275 6534
275 6535
275 9689
275 9920
275 10925
275 10977
275 11170
275 12541
276 584
276 1575
276 2014
276 2456
276 2499
276 3554
276 3675
276 4498
276 6074
276 6651
276 7104
276 7111
276 7736
276 7844
276 10116
276 10168
276 11541
276 11564
276 11752
276 11852
276 12342
276 12440
277 311
277 536
277 1123
277 2144
277 2444
277 3066
277 3568
277 3798
277 3875
277 4082
277 4213
277 4623
277 4624
277 4980
277 6794
277 6903
277 7709
277 8202
277 8480
277 9332
277 9804
277 9997
278 1795
278 2327
278 3954
278 4089
278 4792
278 5458
278 6801
278 7826
278 8285
278 8452
278 9842
278 10863
278 10913
278 11341
279 1630
279 1632
279 1917
279 3463
279 4092
279 4917
279 5885
279 6019
279 6956
279 10884
279 11342
279 12203
279 12380
280 301
280 704
280 787
280 1157
280 2393
280 3521
280 6410
280 6467
280 9568
280 9996
281 368
281 881
281 965
281 1261
281 1708
281 4225
281 4339
281 4411
281 4591
281 5743
281 6044
281 6520
281 7027
281 8342
281 9640
281 9723
281 10012
282 1018
282 1092
282 2523
282 3678
282 4709
282 5360
282 6297
282 7359
282 7623
282 8518
282 11236
282 11810
282 12239
282 12240
282 12274
282 12429
283 284
283 418
283 729
283 1058
283 2625
283 6602
283 9579
283 9588
283 11141
283 11445
283 11735
283 12247
284 508
284 1058
284 1659
284 1811
284 2994
284 6602
284 8201
284 9588
284 10518
284 11141
284 11445
284 11664
284 11735
285 1948
285 3319
285 4304
285 6539
285 6717
285 7536
285 8175
285 8447
285 10192
285 10229
285 10253
285 10798
285 11793
285 11952
286 379
286 946
286 1965
286 3333
286 3545
286 5025
286 5751
286 7088
286 7300
286 8426
286 10854
286 10957
286 11181
286 11516
286 12458
287 913
287 1122
287 1804
287 3329
287 3656
287 3778
287 4286
287 5050
287 5077
287 7179
287 7344
287 9401
287 9874
287 10247
287 10762
287 11698
288 295
288 688
288 886
288 1104
288 2240
288 2930
288 3169
288 3378
288 4153
288 6027
288 6483
288 9731
288 10230
288 10338
288 10400
288 11898
289 1475
289 2916
289 2969
289 4365
289 4441
289 5576
289 10664
290 344
290 829
290 864
290 1179
290 4227
290 4820
290 4900
290 5197
290 6565
290 7227
290 9360
290 9554
290 11052
290 11525
290 12377
291 299
291 537
291 994
291 5046
291 5135
291 6061
291 6949
291 7291
291 7374
291 8298
291 8557
291 9229
291 9550
291 12080
292 376
292 952
292 2008
292 2685
292 2832
292 3224
292 3545
292 3793
292 5154
292 5220
292 5870
292 5892
292 5944
292 6015
292 6197
292 6564
292 8161
292 11550
293 555
293 1435
293 1496
293 4924
293 5047
293 9488
293 10879
293 10893
293 11084
293 12379
294 1044
294 1553
294 2239
294 2415
294 4423
294 4776
294 6805
294 9242
295 922
295 2240
295 2372
295 2930
295 3169
295 4153
295 4394
295 6388
295 6483
295 7307
295 9731
296 446
296 497
296 710
296 725
296 1032
296 1127
296 1518
296 1869
296 2928
296 3691
296 3751
296 6509
296 6724
296 7845
296 10656
297 1440
297 1448
297 1842
297 2059
297 2104
297 3321
297 3648
297 5704
297 6386
297 7132
297 7841
297 8689
297 9098
297 9624
297 9710
297 11433
297 11540
297 11945
298 2815
298 3966
298 4001
298 4385
298 4620
298 5321
298 5332
298 6958
298 7017
298 7813
298 8343
298 10126
298 10473
298 10989
298 11043
298 11264
298 12069
299 527
299 537
299 545
299 921
299 994
299 1353
299 1503
299 3668
299 4909
299 6061
299 7291
299 7438
299 7440
299 7589
299 8557
299 8558
299 8666
299 9208
300 575
300 2025
300 2661
300 4165
300 4733
300 4778
300 6128
300 6251
300 7988
300 8130
300 9375
300 9962
300 10131
300 10428
300 11297
300 11299
301 704
301 4696
301 5239
301 5378
301 6410
301 9250
301 9537
301 9568
301 9598
301 10984
301 11468
302 1614
302 1694
302 1715
302 3857
302 6637
302 7661
303 307
303 636
303 734
303 2438
303 2588
303 4777
303 4869
303 5071
304 1551
304 2205
304 3347
304 3451
304 4896
304 5559
304 6362
304 6815
304 7451
304 9913
304 11058
304 11441
304 12567
305 1184
305 1217
305 2589
305 4653
305 4673
305 4700
305 5034
305 9060
305 9718
305 10415
305 10792
305 10909
305 11337
305 12297
306 376
306 952
306 2008
306 2167
306 2704
306 2790
306 3061
306 3686
306 4161
306 5274
306 6286
306 6522
306 6564
306 9841
306 10129
306 10335
306 11634
307 611
307 636
307 734
307 1321
307 2438
307 2460
307 2588
307 4365
307 4777
307 5071
307 5122
307 5643
307 7729
308 1896
308 1939
308 2847
308 3628
308 4202
308 5306
308 5534
308 6302
308 6552
308 6562
308 7329
308 7934
308 9574
309 358
309 390
309 576
309 940
309 1377
309 2673
309 4368
309 5653
309 8943
309 8983
309 9105
309 9559
309 11488
309 12552
309 12672
310 315
310 1020
310 1754
310 2005
310 3103
310 3105
310 3500
310 3827
310 4867
310 5412
310 5658
310 6300
310 7301
311 1081
311 2444
311 3904
311 4082
311 4248
311 6903
311 8202
311 8655
311 9108
311 9774
311 10037
312 327
312 1492
312 1684
312 2367
312 3130
312 3298
312 3999
312 4005
312 4876
312 5430
312 6017
312 8546
312 8564
312 9102
312 9321
312 10040
312 12248
313 2445
313 3969
313 4079
313 4081
313 5109
313 5816
313 5864
313 7184
313 8005
313 8681
313 11406
314 334
314 1401
314 2371
314 3084
314 4926
314 5747
314 5840
314 6021
314 6469
314 6585
314 6599
314 6832
314 8205
314 9168
314 9380
314 9670
314 10205
315 522
315 1221
315 1754
315 2057
315 3103
315 4296
315 4867
315 6300
315 7301
315 10546
315 11023
316 440
316 844
316 925
316 1625
316 2225
316 5355
316 5358
316 5474
316 5737
316 5785
316 5961
316 8227
316 8582
316 8625
316 11627
316 11656
316 12405
317 489
317 703
317 789
317 1344
317 2169
317 3018
317 3826
317 3873
317 4714
317 6254
317 6774
317 7633
317 9095
317 9165
317 11494
318 371
318 750
318 1308
318 1436
318 2234
318 2272
318 2504
318 2512
318 2738
318 3057
318 3917
318 5399
318 5417
318 5849
318 6770
318 6973
319 2332
319 2572
319 4308
319 6234
319 6428
319 6430
319 8957
319 9572
319 11594
319 12526
320 1229
320 1737
320 2607
320 2937
320 5475
320 5724
320 6475
320 10022
320 10157
320 10215
320 10318
320 10505
320 10531
320 10869
320 10953
320 10961
320 11156
320 11295
321 868
321 1983
321 2849
321 3308
321 3372
321 3705
321 3737
321 6792
321 10784
321 11533
322 1152
322 1413
322 1540
322 1769
322 2237
322 2290
322 2360
322 4439
322 4462
322 4684
322 4874
322 6548
322 6733
322 7094
322 7263
322 9947
322 10207
322 10666
322 11022
322 11612
323 861
323 1442
323 1795
323 2448
323 3406
323 4045
323 4927
323 6436
323 6467
323 6680
323 6829
323 7134
323 8678
323 9341
323 11218
323 11234
323 12227
323 12449
324 1082
324 1451
324 2086
324 3038
324 3042
324 3851
324 5988
324 8805
324 9339
324 9372
324 9843
324 10851
324 10891
324 10906
325 1080
325 1505
325 5891
325 6339
325 6538
325 6736
325 7377
325 7671
325 8413
326 1542
326 2101
326 2553
326 2656
326 3078
326 3227
326 5868
326 6396
326 6558
326 7343
326 8370
326 9175
326 9982
326 12222
327 544
327 1492
327 1498
327 1684
327 3298
327 4821
327 4876
327 5430
327 6017
327 7426
327 8546
327 8564
327 9209
327 9321
327 10040
328 1340
328 1569
328 4448
328 4454
328 5605
328 6451
328 8068
328 8336
328 9529
328 9562
328 9830
328 9889
328 10077
328 10273
328 10932
328 11317
328 11901
329 402
329 696
329 1823
329 5232
329 5602
329 9140
329 10410
329 11224
329 12050
329 12252
329 12320
330 2470
330 2951
330 2991
330 3950
330 4118
330 4719
330 5633
330 6711
330 8790
330 9361
330 9881
330 11800
331 459
331 1070
331 2028
331 2190
331 2640
331 2840
331 3101
331 3262
331 3694
331 4961
331 5037
331 5380
331 5596
331 6006
331 6166
331 7866
331 8261
331 9552
331 9779
331 10452
331 10465
331 11172
332 1548
332 2253
332 3587
332 4636
332 8528
332 8649
332 9476
332 9485
332 10560
333 527
333 931
333 1378
333 1503
333 1894
333 3151
333 3178
333 3668
333 4031
333 4818
333 5543
333 6113
333 7011
333 7291
333 7589
333 8195
333 8801
333 10662
334 821
334 2280
334 3232
334 4124
334 4475
334 4607
334 5747
334 6021
334 6267
334 6832
334 7949
334 9171
334 10205
334 11864
335 376
335 2008
335 2172
335 2614
335 2685
335 3635
335 4583
335 5984
335 6197
335 6486
335 8198
335 8799
335 9733
335 10786
335 11608
336 2529
336 3319
336 4106
336 6578
336 6717
336 7221
336 9586
336 10107
336 11133
336 12308
336 12412
337 1422
337 3347
337 3448
337 3451
337 5598
337 7373
337 9571
337 10600
337 11030
337 11058
337 11531
338 1314
338 1870
338 2897
338 4547
338 4781
338 4921
338 5325
338 6476
338 7724
338 8353
338 8373
338 8502
339 970
339 1063
339 1069
339 1408
339 1517
339 2564
339 2956
339 5956
339 6405
339 7130
339 7206
339 7277
339 7408
339 8138
339 11262
339 11595
340 345
340 394
340 953
340 1254
340 2199
340 3383
340 3650
340 3975
340 4508
340 5162
340 5636
340 6268
340 8778
340 10508
340 11204
340 11695
341 357
341 404
341 1880
341 1946
341 1952
341 5331
341 7662
341 9636
342 359
342 550
342 4400
342 4551
342 5130
342 5356
342 6416
342 6460
342 6609
342 8499
342 9173
342 9174
342 10649
343 2841
343 2881
343 3393
343 3578
343 4258
343 6658
343 6994
343 7889
343 8487
343 9963
343 10237
344 411
344 864
344 1079
344 2257
344 4227
344 6565
344 6729
344 9267
344 9554
345 394
345 1254
345 3383
345 3650
345 3676
345 3975
345 4026
345 4120
345 4321
345 5162
345 5636
345 6268
345 7345
345 9328
346 792
346 797
346 1071
346 1227
346 1238
346 1295
346 1555
346 2050
346 3168
346 4015
346 4711
346 4804
346 4864
346 5890
346 9187
346 9281
346 10644
347 786
347 1305
347 1838
347 2173
347 2495
347 2588
347 2798
347 3031
347 3494
347 3988
347 4289
347 5643
347 7099
347 7189
347 8318
347 9429
347 9761
348 457
348 1256
348 1367
348 1608
348 1720
348 2735
348 3707
348 3883
348 5889
348 6504
348 6713
348 8110
348 9142
348 9149
348 9621
348 9981
348 10279
348 10500
348 10503
348 10557
348 12457
349 542
349 2070
349 2337
349 2458
349 2465
349 2480
349 3235
349 3847
349 5241
349 5342
349 5695
349 5871
349 7763
349 8108
349 8501
349 8804
349 9389
349 9708
349 10236
349 10907
349 11841
349 11866
349 11867
350 2629
350 2910
350 3840
350 5736
350 6156
350 6718
350 6962
350 8795
350 8865
350 9759
350 9833
350 9892
350 10416
350 10467
350 11212
351 576
351 640
351 853
351 855
351 1491
351 2134
351 2310
351 2376
351 2389
351 2915
351 4146
351 4360
351 5093
351 6951
351 7391
351 8436
351 8943
351 9105
351 9369
351 10655
351 11817
352 365
352 1853
352 2204
352 3053
352 3665
352 4326
352 4702
352 4731
352 5237
352 5661
352 8318
352 8507
352 9949
352 11941
352 12286
353 391
353 748
353 1141
353 1382
353 2091
353 3926
353 5130
353 5243
353 6404
353 6492
353 6559
353 6644
353 6777
353 7091
353 7284
353 8730
353 9006
353 9201
353 10972
354 603
354 816
354 2204
354 2946
354 4326
354 4702
354 5923
354 6118
354 9076
354 9096
354 9357
354 10398
355 587
355 1874
355 2045
355 2630
355 2640
355 3262
355 4766
355 4794
355 5380
355 8162
355 8190
355 8775
355 9779
355 10548
356 2654
356 3139
356 3521
356 3597
356 4046
356 4302
356 4567
356 4944
356 6413
356 6467
356 7134
356 8401
356 9996
356 10409
356 10995
357 404
357 1880
357 1946
357 1952
357 4868
357 4884
357 5331
357 7662
357 9636
357 10576
358 390
358 576
358 940
358 972
358 1299
358 1320
358 1387
358 4368
358 5653
358 7399
358 7705
358 8943
358 8983
358 9037
358 9105
358 9559
358 11488
359 550
359 1402
359 1564
359 3623
359 3926
359 4400
359 5130
359 6416
359 6460
359 10649
360 555
360 614
360 881
360 1783
360 2630
360 2771
360 3490
360 4194
360 4225
360 5047
360 9488
360 9609
360 9681
360 9973
360 12445
361 758
361 1118
361 1289
361 3049
361 3667
361 4029
361 4977
361 5109
361 5816
361 6165
361 6387
361 7335
361 7594
361 7747
361 8707
361 10153
361 10310
362 1198
362 1506
362 2510
362 3636
362 3868
362 3882
362 5088
362 5225
362 6761
362 6924
362 6934
362 9261
362 11521
363 726
363 2605
363 2707
363 2849
363 3372
363 6743
363 9283
363 10079
363 10784
363 10834
364 493
364 1582
364 2526
364 2889
364 2965
364 4779
364 4990
364 5559
364 5945
364 6090
364 6354
364 7383
364 7402
364 9286
364 9287
364 10162
365 623
365 716
365 1853
365 3031
365 3216
365 3244
365 3309
365 3494
365 3663
365 3665
365 4130
365 4326
365 4702
365 6821
365 7095
365 7189
365 7226
365 8318
365 8774
365 9247
365 9746
365 10011
365 10189
365 11518
365 11941
366 561
366 619
366 831
366 1675
366 3093
366 3532
366 7446
366 8605
366 10763
366 11850
367 492
367 635
367 1024
367 2180
367 2318
367 2470
367 2562
367 2991
367 3412
367 3530
367 4189
367 4671
367 4775
367 5076
367 6012
367 6168
367 7568
367 9618
367 10280
367 10937
367 11526
367 12517
368 881
368 965
368 1261
368 1708
368 4225
368 4846
368 6044
368 6520
368 7027
368 9394
368 9640
368 10012
369 1056
369 1213
369 1975
369 2597
369 3170
369 3869
369 4317
369 4712
369 4820
369 4900
369 5304
369 5506
369 6054
369 6750
369 8404
369 11074
369 11863
370 746
370 788
370 1964
370 2695
370 5373
370 6137
370 7894
370 7908
370 9129
370 9383
370 10563
370 11687
371 1536
371 2234
371 2504
371 3475
371 5417
371 5687
371 6703
371 6973
371 7062
371 7286
371 10408
371 10934
371 11393
372 1232
372 2869
372 2946
372 3236
372 3256
372 3346
372 3461
372 3491
372 3943
372 4292
372 4361
372 5810
372 6776
372 9178
372 9617
372 10139
372 10395
372 11866
373 610
373 915
373 951
373 2762
373 3584
373 3699
373 4629
373 4748
373 5057
373 5470
373 5519
373 6591
373 8396
373 9797
374 738
374 1147
374 1890
374 2221
374 2287
374 2297
374 4166
374 4854
374 5336
374 5808
374 9660
374 12261
375 525
375 1751
375 2669
375 3291
375 3514
375 3567
375 4637
375 5554
375 5762
375 8320
375 8411
375 9358
375 9793
375 9800
375 10270
375 11389
376 1021
376 2008
376 2685
376 2790
376 3224
376 4583
376 4822
376 5164
376 6197
376 6486
376 6522
376 6564
376 6819
376 8198
376 8799
376 10129
376 11634
377 516
377 1623
377 1692
377 2266
377 3044
377 3338
377 4752
377 5050
377 5052
377 5759
377 6545
377 7596
377 8402
377 8946
377 9126
377 9612
377 9874
377 11813
377 12589
378 405
378 1949
378 2150
378 3454
378 3579
378 4072
378 5238
378 5744
378 7115
378 9575
378 11650
378 12071
379 946
379 1716
379 1965
379 2580
379 5025
379 5255
379 7089
379 7300
379 8426
379 10710
379 10854
379 11181
380 1691
380 1803
380 2038
380 2061
380 3276
380 3996
380 4467
380 4754
380 5866
380 6518
380 8323
380 9119
380 9897
380 10267
381 1278
381 1520
381 2012
381 2062
381 2436
381 2746
381 3742
381 3816
381 4274
381 4409
381 5725
381 6828
381 7977
381 8251
381 11092
381 11571
381 11721
382 1566
382 1680
382 2539
382 3788
382 4073
382 5191
382 6151
382 6434
382 6517
382 7085
382 7875
382 7913
382 8168
382 8233
382 9245
382 9398
382 10487
382 10592
383 1275
383 2917
383 2975
383 4478
383 5072
383 7278
384 478
384 645
384 672
384 1255
384 3797
384 4534
384 4732
384 5479
384 5959
384 7126
384 7554
384 8258
384 8647
384 9064
384 10745
384 11250
384 11425
385 507
385 746
385 788
385 2695
385 2792
385 5419
385 7733
385 7908
385 8245
385 9129
385 9262
385 11653
385 11832
386 509
386 520
386 540
386 1557
386 1827
386 2587
386 2687
386 2789
386 3996
386 4098
386 4741
386 4754
386 5160
386 5682
386 6072
386 6161
386 6643
386 6877
386 7881
386 7989
386 8827
386 9790
386 10474
386 10483
386 11044
386 11053
386 11683
387 1123
387 1748
387 2216
387 3085
387 3871
387 7018
387 7741
387 9189
387 9997
387 11524
387 11772
388 1041
388 1433
388 1605
388 2642
388 3300
388 5589
388 5913
388 6489
388 7186
388 7403
388 7419
388 8465
388 8786
388 9055
388 9790
388 10744
388 11479
388 11621
388 12569
389 1185
389 1382
389 1559
389 2484
389 3196
389 3214
389 3696
389 4745
389 5142
389 5243
389 6404
389 7791
389 8152
389 9201
389 9205
389 9257
390 576
390 709
390 961
390 1377
390 1830
390 4360
390 5156
390 5397
390 6502
390 7725
390 7932
390 9105
390 9219
390 9559
390 10396
390 11488
391 1141
391 2715
391 2935
391 5130
391 6559
391 7284
391 8556
391 8756
391 9006
391 10031
391 10896
391 12081
392 1766
392 3155
392 3485
392 3562
392 4168
392 5011
392 6231
392 6323
392 6335
392 7475
392 7488
392 8540
392 8594
392 11057
392 11419
392 12201
392 12424
393 1531
393 2448
393 3406
393 3927
393 4270
393 6010
393 6561
393 9167
393 9238
393 9341
393 10276
393 10619
393 12227
394 1257
394 3975
394 4026
394 4472
394 4508
394 5162
394 5636
394 5693
394 9754
394 9998
394 11204
394 11695
394 11849
395 1027
395 2039
395 2854
395 3166
395 4337
395 6586
395 7113
395 7249
395 9137
396 404
396 526
396 1416
396 3023
396 3362
396 3901
396 4435
396 5770
396 5850
396 6808
396 6864
396 7526
396 9939
396 9956
396 10681
397 474
397 924
397 1317
397 1342
397 1812
397 2711
397 2769
397 2892
397 3234
397 3405
397 3845
397 4871
397 4894
397 5199
397 5244
397 5831
397 5970
397 6193
397 6498
397 6500
397 6721
397 7555
397 8758
397 9073
397 9946
397 10381
397 10988
397 11136
397 11196
397 11512
397 12203
397 12380
398 2073
398 2130
398 2285
398 2356
398 4720
398 5641
398 9674
398 11040
399 567
399 769
399 897
399 1511
399 1781
399 2462
399 2993
399 4023
399 5888
399 7743
399 9241
399 9720
399 9736
399 11650
399 11869
400 506
400 777
400 1133
400 1352
400 2979
400 4635
400 5491
400 8371
400 8461
400 8562
400 9834
400 10484
400 11498
401 1097
401 2968
401 3025
401 4827
401 4834
401 6378
401 6824
401 8901
401 11484
401 12217
402 466
402 696
402 1589
402 1823
402 2404
402 3148
402 3704
402 4812
402 5232
402 5602
402 6688
402 9124
402 9140
402 10410
402 10714
402 11224
402 12320
403 912
403 1159
403 1649
403 2281
403 2982
403 8388
403 9814
403 10620
403 11031
404 1416
404 1417
404 1952
404 3023
404 3905
404 4616
404 4868
404 5331
404 5587
404 5850
404 6032
404 6808
404 6864
404 9302
404 9636
404 9939
404 10576
404 10681
405 833
405 1174
405 1647
405 1949
405 2993
405 3579
405 4072
405 5238
405 5744
405 7115
405 7882
405 8383
405 8635
405 8920
405 11233
405 11650
405 12071
406 465
406 620
406 664
406 1066
406 1245
406 1656
406 1740
406 4862
406 4994
406 5709
406 6183
406 6667
406 9236
406 9335
406 9434
406 10123
407 573
407 652
407 1234
407 2681
407 3459
407 4803
407 5263
407 5394
407 5708
407 6394
407 6480
407 8288
407 11514
408 487
408 736
408 738
408 1245
408 1276
408 1727
408 2221
408 3719
408 4898
408 5742
408 6183
408 6663
408 6724
408 6769
408 7331
408 7940
408 9082
408 10062
408 10313
408 11790
409 1902
409 1939
409 1945
409 2246
409 2847
409 3398
409 3628
409 4730
409 5306
409 5343
409 5534
409 7329
409 9574
410 417
410 1986
410 3275
410 4618
410 5118
410 5177
410 5867
410 7219
410 9654
410 10874
410 10976
411 1079
411 2571
411 5833
411 5929
411 7136
411 8172
411 9267
411 9554
411 11158
411 11330
411 11711
412 547
412 2246
412 2765
412 3398
412 4730
412 5042
412 5215
412 5603
412 5919
412 6302
412 6844
412 7081
412 7084
412 7185
412 7306
412 7508
412 8371
412 8794
412 9574
412 10226
412 10251
412 10668
412 11613
412 11785
412 12224
413 543
413 599
413 1101
413 1106
413 1519
413 4729
413 4983
413 5463
413 5721
413 6328
413 6415
413 9360
413 10070
413 10673
413 10875
413 10959
413 11120
413 11465
414 473
414 541
414 689
414 2342
414 2970
414 4970
414 6424
414 6935
414 6988
414 7116
414 7261
414 7457
414 9277
414 9348
414 9922
414 10389
414 11230
415 454
415 1307
415 1526
415 1944
415 2161
415 2303
415 4003
415 5271
415 5593
415 5755
415 6347
415 6867
415 7497
415 7771
415 7985
415 8247
415 9883
416 556
416 1169
416 2819
416 3142
416 3447
416 3767
416 3781
416 4465
416 4527
416 4836
416 5031
416 5082
416 5169
416 6557
416 6941
417 2536
417 2660
417 4618
417 5118
417 5177
417 5867
417 6086
417 7219
417 9654
417 10127
417 10217
417 10321
417 10874
417 10976
418 729
418 1086
418 2625
418 3382
418 4981
418 6409
418 6481
418 6602
418 9345
418 9579
418 9588
418 9832
418 10797
418 10966
418 11445
419 749
419 1476
419 1999
419 2330
419 3152
419 6841
419 7780
419 9155
419 10239
419 10558
419 11001
420 2132
420 2236
420 3485
420 4640
420 5008
420 6323
420 7319
420 7488
420 9122
420 10117
420 10402
420 11057
421 822
421 1207
421 2367
421 2834
421 3951
421 3990
421 3999
421 4005
421 4590
421 4610
421 4769
421 5396
421 5398
421 6471
421 9393
421 9397
421 11568
421 12248
422 1734
422 1999
422 2321
422 2329
422 2538
422 2610
422 3482
422 4648
422 5012
422 5921
422 6444
422 7065
422 7271
422 7823
422 9599
422 10239
422 11670
423 1685
423 3285
423 4196
423 5609
423 6116
423 6648
423 6798
423 8013
423 8136
423 8949
423 8985
423 9371
423 12564
424 839
424 1109
424 1933
424 2252
424 3512
424 5121
424 5206
424 5373
424 6003
424 8810
424 9848
424 10547
424 10563
424 11687
425 523
425 1249
425 1281
425 1411
425 1600
425 2336
425 2998
425 3680
425 4335
425 7059
425 7490
425 7999
425 9244
425 9320
425 9506
425 10282
426 889
426 1157
426 1644
426 2378
426 2393
426 2703
426 3499
426 3655
426 4002
426 4916
426 5405
426 6055
426 6410
426 6487
426 8442
426 9448
427 488
427 828
427 890
427 900
427 1216
427 1351
427 1909
427 2383
427 2509
427 3743
427 4105
427 4751
427 11601
427 12222
428 754
428 777
428 2560
428 3072
428 5620
428 6604
428 6745
428 7006
428 7703
428 7713
428 7989
428 9176
428 12215
429 1110
429 1294
429 1878
429 4557
429 4959
429 6100
429 6631
429 7173
429 7180
429 8221
429 9764
429 9811
429 10560
429 10823
430 1061
430 1725
430 1852
430 1940
430 1987
430 2001
430 2403
430 3156
430 4488
430 5138
430 5253
430 5481
430 8290
430 8350
430 8424
430 9278
430 10222
431 453
431 799
431 2587
431 2848
431 3345
431 3773
431 4630
431 6072
431 6965
431 7796
431 8004
431 9625
431 9664
431 9771
431 10096
431 10260
432 1148
432 1556
432 3703
432 6890
432 7481
432 7541
432 7573
432 8026
432 9566
432 10058
432 10060
432 11073
432 11912
433 530
433 621
433 2252
433 3833
433 4336
433 4495
433 5206
433 7287
433 10132
434 1688
434 1699
434 2487
434 2515
434 3125
434 4206
434 4221
434 4759
434 7816
434 8149
434 8844
434 11775
435 1344
435 2064
435 2335
435 2354
435 3346
435 4025
435 7559
435 7562
435 9374
435 9617
435 9740
435 10307
435 11240
436 968
436 2719
436 3167
436 3821
436 4701
436 5611
436 6443
436 6450
436 6668
436 7434
437 438
437 600
437 1747
437 5450
437 7121
437 7518
437 7953
437 9304
437 9366
437 11007
438 1747
438 5515
438 7121
438 7389
438 7518
438 7953
438 10430
438 10842
438 12109
438 12605
439 1554
439 3692
439 3698
439 7365
439 7465
439 8024
439 8471
439 8852
439 9986
439 11585
439 11827
439 12075
439 12118
440 1191
440 2984
440 3322
440 3486
440 5338
440 5474
440 5737
440 5784
440 5785
440 6675
440 7757
440 8227
440 8582
440 8611
440 9749
440 10278
440 10697
440 11627
440 12405
441 499
441 892
441 1040
441 1725
441 3593
441 10222
441 12217
442 981
442 1300
442 1670
442 2397
442 3086
442 4744
442 9196
442 9324
443 823
443 1084
443 3048
443 3994
443 4512
443 4842
443 6184
443 7871
443 9157
443 9191
443 9285
443 10547
444 945
444 1663
444 1698
444 2019
444 2250
444 2505
444 4960
444 4969
444 6645
444 9134
444 9679
444 10686
444 12269
445 452
445 1164
445 2044
445 2223
445 2289
445 2375
445 3501
445 4605
445 4656
445 5201
445 5242
445 6123
445 6528
445 6954
445 7054
445 9555
446 497
446 710
446 1032
446 1127
446 1165
446 1518
446 2297
446 3691
446 4738
446 7235
446 9614
446 9660
446 10656
446 12294
447 480
447 487
447 736
447 1276
447 1587
447 3565
447 3765
447 3792
447 4898
447 5595
447 6023
447 6209
447 6702
447 6769
447 7026
447 7052
447 7053
447 7331
447 9399
447 9823
447 9886
447 9895
447 10313
448 705
448 1131
448 1868
448 2858
448 2895
448 2972
448 4219
448 4226
448 4506
448 4767
448 4851
448 7735
448 7743
448 9577
448 9663
448 9852
448 11910
448 11978
448 12265
448 12317
449 805
449 978
449 1554
449 2135
449 2903
449 2983
449 3867
449 5054
449 7380
449 7458
449 7477
449 8024
449 8038
449 8624
449 8852
449 8934
449 8989
449 9772
449 12182
449 12591
449 12683
450 546
450 557
450 764
450 836
450 984
450 2219
450 2329
450 2363
450 2606
450 2610
450 2778
450 3339
450 5074
450 5910
450 5921
450 6444
450 6537
450 9295
450 10720
450 11217
450 11670
451 1097
451 1202
451 1940
451 3156
451 4827
451 4834
451 5138
451 5696
451 8389
451 10156
451 10222
451 10580
451 11826
451 12217
452 2104
452 2289
452 2996
452 3501
452 4172
452 4357
452 5242
452 5617
452 6123
452 7054
452 10529
452 11540
453 1641
453 1951
453 3773
453 4630
453 5254
453 6765
453 8004
453 9642
453 9712
453 10260
453 12345
454 1297
454 1526
454 1944
454 2161
454 2691
454 2873
454 5652
454 6119
454 6181
454 7202
454 7330
454 7497
454 7771
454 8034
454 9883
455 2355
455 2362
455 2378
455 2938
455 3499
455 4993
455 5055
455 5612
455 6055
455 8442
455 9240
455 9448
455 10653
455 10828
455 11760
455 11911
456 730
456 876
456 2179
456 2878
456 3250
456 3304
456 3984
456 5056
456 6563
456 7994
456 12134
457 571
457 1306
457 1720
457 2074
457 2735
457 2878
457 3015
457 5184
457 5889
457 6713
457 8110
457 9142
457 10232
457 10279
457 10645
457 10704
458 631
458 920
458 1616
458 2019
458 3752
458 3806
458 3923
458 4045
458 5427
458 7941
458 9400
458 9490
458 9732
458 10266
458 12449
459 765
459 1070
459 2190
459 3067
459 3101
459 3262
459 3694
459 4961
459 5032
459 5037
459 5596
459 6006
459 9552
460 661
460 750
460 1487
460 3293
460 3735
460 3736
460 3837
460 4030
460 5687
460 6275
460 6827
460 9141
460 10408
460 11393
461 495
461 921
461 994
461 1370
461 1689
461 1851
461 1860
461 2060
461 2538
461 2555
461 3076
461 3171
461 4037
461 4051
461 4351
461 4427
461 4648
461 5219
461 5588
461 7008
461 7073
461 7271
461 7440
461 8449
461 8863
461 9599
461 9785
461 10719
462 1062
462 1134
462 1388
462 1664
462 2510
462 2686
462 2940
462 3238
462 3636
462 4693
462 6043
462 6924
462 7264
462 7739
462 9347
462 10021
462 10174
463 584
463 1775
463 2456
463 2773
463 5020
463 6188
463 6740
463 9015
463 10202
463 12440
464 567
464 695
464 769
464 899
464 1629
464 1645
464 2462
464 3089
464 3498
464 5209
464 5700
464 9258
464 10724
464 11246
465 664
465 820
465 1066
465 1245
465 1740
465 4862
465 6183
465 7077
465 9236
465 9335
465 9434
465 10110
466 696
466 1303
466 1327
466 1589
466 2748
466 2786
466 3148
466 3750
466 3804
466 4812
466 6832
466 6940
466 9124
467 515
467 1701
467 2527
467 2540
467 2548
467 4857
467 7781
467 7787
467 8181
467 8368
467 9628
468 560
468 637
468 770
468 806
468 1412
468 1840
468 2408
468 3801
468 6301
468 7293
468 7640
468 9396
468 9918
468 10241
468 10292
468 12279
469 606
469 1194
469 1814
469 3020
469 4024
469 4344
469 6875
469 8300
469 8539
469 9644
469 9645
469 9687
469 10721
469 10734
470 1354
470 2523
470 4929
470 5153
470 6087
470 6683
470 7075
470 7167
470 7623
470 7708
470 7784
470 8165
470 8408
470 9821
470 10472
470 12218
471 1659
471 1811
471 1812
471 4894
471 5831
471 10381
471 10988
471 11735
471 12304
472 934
472 2802
472 3028
472 3331
472 4890
472 5103
472 5176
472 7219
472 9111
472 9801
472 10391
473 541
473 668
473 689
473 2342
473 3598
473 5406
473 6007
473 6115
473 9277
473 9922
473 10692
473 11230
473 12210
473 12426
474 1059
474 1342
474 1389
474 1632
474 2468
474 2479
474 2711
474 2892
474 6019
474 6721
474 8489
474 9331
474 9631
474 9946
474 11512
475 993
475 1603
475 1610
475 2083
475 3876
475 3877
475 3881
475 7679
475 8006
475 8234
475 8296
475 8516
476 727
476 965
476 1261
476 2405
476 2718
476 3120
476 3144
476 5772
476 5863
476 5990
476 8146
476 8273
476 8356
476 9394
476 9488
476 9640
476 10191
476 10848
476 10893
476 11423
477 884
477 2506
477 2964
477 3939
477 5867
477 7218
477 10003
477 10859
477 10871
478 672
478 1346
478 1550
478 2168
478 2696
478 3305
478 3550
478 3637
478 3645
478 3797
478 3846
478 4534
478 4732
478 4923
478 5432
478 6103
478 6659
478 7554
478 9144
478 9466
478 10758
478 11250
479 630
479 2318
479 2693
479 4127
479 4359
479 4795
479 7576
479 7676
479 9131
479 9329
479 9618
479 10008
479 10341
479 10581
479 10829
480 487
480 620
480 1587
480 2501
480 3014
480 3792
480 4963
480 6023
480 7026
480 9239
481 1349
481 1544
481 2549
481 2883
481 2921
481 3026
481 5124
481 5269
481 7068
481 8158
481 8213
481 8403
481 9118
481 9143
481 10532
481 10838
481 11238
481 11555
481 11604
481 11797
481 11933
481 12651
482 1250
482 1837
482 4788
482 5066
482 5128
482 5531
482 6602
482 6753
482 6849
482 6963
482 8428
482 8663
482 9721
483 498
483 747
483 2295
483 2300
483 3823
483 3824
483 4533
483 5056
483 5413
483 6563
483 7682
483 8444
483 9078
483 10645
483 10677
484 507
484 622
484 649
484 654
484 819
484 969
484 1268
484 3158
484 3822
484 5419
484 7004
484 7564
484 7569
484 7894
484 7908
484 7987
484 9129
484 9749
484 10278
484 11249
484 11490
485 2678
485 5171
485 5839
485 5987
485 6390
485 9593
485 9643
485 10403
485 11836
485 12285
485 12287
486 1538
486 2646
486 3778
486 4056
486 4286
486 4400
486 5050
486 5077
486 5229
486 6235
486 6407
486 7074
486 7565
486 9458
486 9533
486 9612
486 9874
486 9900
486 10379
486 10649
486 10915
486 11560
487 620
487 736
487 2238
487 2501
487 2907
487 3792
487 4963
487 5595
487 5742
487 7026
487 7053
487 7331
487 7940
487 9239
487 11790
488 1351
488 2041
488 2509
488 2553
488 3743
488 4105
488 5408
488 5444
488 7919
488 8370
488 10785
488 11599
488 11601
488 12222
489 789
489 1331
489 1344
489 2335
489 2354
489 2520
489 3826
489 4494
489 4714
489 4982
489 6244
489 8314
489 9095
489 10329
489 11494
489 11758
490 1288
490 1599
490 2339
490 2776
490 4922
490 6527
490 7132
490 11945
491 744
491 1759
491 1798
491 3765
491 3771
491 3792
491 4833
491 4931
491 7667
491 9259
491 10165
491 11751
492 635
492 1024
492 1262
492 1336
492 2318
492 3384
492 3412
492 3530
492 5456
492 6012
492 6168
492 7568
492 7884
492 10181
492 10280
492 11184
492 12420
492 12517
493 1124
493 1408
493 1618
493 2877
493 3561
493 4990
493 5723
493 5945
493 6354
493 7383
493 9286
493 9287
493 11075
493 11595
493 12477
494 2467
494 3028
494 4890
494 6806
494 7219
494 7846
494 7907
494 9801
494 10602
494 10742
494 11640
495 1370
495 1672
495 2060
495 2555
495 3076
495 4027
495 4037
495 4164
495 4427
495 4661
495 7073
495 9785
495 10674
496 975
496 1992
496 2148
496 2152
496 2830
496 3766
496 4747
496 5182
496 5313
496 6016
496 6524
496 6896
496 6986
496 7032
496 7362
496 8037
496 10284
497 690
497 710
497 1032
497 1513
497 2287
497 2297
497 2498
497 3691
497 7235
497 7845
497 8906
497 9614
497 10144
497 10262
497 10656
498 747
498 1901
498 3590
498 3823
498 3824
498 5346
498 7535
498 7682
498 8444
499 892
499 1040
499 1725
499 2968
499 3025
499 3356
499 7759
499 7861
499 9711
499 10222
499 12217
500 1343
500 1615
500 3279
500 4633
500 4724
500 5401
500 6569
500 8326
500 8429
500 9735
501 801
501 2083
501 2099
501 4010
501 4290
501 4531
501 4787
501 4970
501 5701
501 6179
501 7436
501 8234
501 8281
501 8305
501 8516
501 9160
501 11737
501 11757
502 616
502 737
502 771
502 863
502 1016
502 1220
502 1484
502 2425
502 2493
502 3787
502 4250
502 6879
502 7444
502 7903
502 8683
502 9220
502 9230
502 9412
502 9951
502 9954
502 11231
502 12362
503 752
503 2414
503 5113
503 5149
503 5426
503 6876
503 9813
503 9976
503 10057
503 11039
504 507
504 813
504 2960
504 2984
504 4713
504 5419
504 6040
504 6046
504 6675
504 7733
504 7908
504 9377
504 9482
504 9749
504 11653
505 659
505 1723
505 3027
505 3040
505 3155
505 3286
505 3485
505 5008
505 6712
505 7932
505 9338
505 9809
505 10006
505 10402
506 1209
506 1352
506 2365
506 3497
506 3727
506 4440
506 6979
506 7213
506 8246
506 8371
506 8773
506 9834
506 9935
506 10728
507 2984
507 4713
507 5419
507 6046
507 7733
507 7908
507 9749
507 11249
507 11653
508 1058
508 1333
508 1383
508 1811
508 3462
508 4788
508 6602
508 6782
508 9721
508 11735
509 553
509 1036
509 1864
509 2084
509 2789
509 3981
509 5019
509 5194
509 5369
509 6900
509 7989
509 9746
509 9790
509 10474
509 10483
509 11053
509 11682
510 727
510 803
510 1015
510 1718
510 3460
510 3701
510 3762
510 4299
510 4846
510 6408
510 6520
510 6999
510 7061
510 7172
510 7392
510 8857
510 10565
510 10804
511 927
511 2490
511 2804
511 3022
511 3116
511 3283
511 3517
511 3634
511 4261
511 4563
511 4641
511 5274
511 5354
511 6101
511 7702
511 7833
511 7939
511 9546
511 11971
511 11993
512 1588
512 2407
512 3004
512 3474
512 3813
512 5433
512 5492
512 5583
512 6768
512 8215
512 9583
512 9672
512 10716
512 10761
512 11681
512 12221
513 514
513 711
513 1593
513 2272
513 2304
513 3057
513 3213
513 3607
513 3671
513 4133
513 5059
513 5320
513 5715
513 6571
513 6770
513 11934
514 2272
514 3057
514 3671
514 5059
514 5320
514 5399
514 11934
515 2006
515 2527
515 3330
515 4857
515 5121
515 5512
515 5875
515 6654
515 7781
515 8181
515 8276
515 8368
515 9628
516 1623
516 2936
516 4056
516 4324
516 4492
516 4996
516 5050
516 6407
516 6545
516 9612
516 9874
517 572
517 741
517 963
517 1303
517 1589
517 3907
517 4830
517 5045
517 5060
517 6660
517 9124
517 9390
517 11586
518 1136
518 1627
518 2621
518 3005
518 3049
518 3566
518 4159
518 4418
518 4932
518 5294
518 6471
518 7778
518 8864
518 9439
518 9778
518 10082
518 10802
518 11666
519 742
519 886
519 888
519 929
519 1695
519 1932
519 2929
519 3378
519 3989
519 7788
519 9303
519 10230
519 10338
519 11898
520 754
520 935
520 1557
520 2230
520 2308
520 2789
520 5160
520 5682
520 6161
520 7151
520 7638
520 7989
520 9475
520 11044
521 1286
521 1362
521 2944
521 3605
521 4200
521 5537
521 5541
521 7143
521 7943
521 8346
521 8525
521 9483
521 9782
521 10003
521 11009
522 807
522 1221
522 3380
522 4296
522 4867
522 5064
522 5468
522 6603
522 6615
522 6845
522 8490
522 9069
522 10482
522 10546
522 11364
522 11761
522 12136
523 647
523 724
523 841
523 1282
523 1284
523 2108
523 2971
523 3502
523 3680
523 4855
523 5018
523 5978
523 6594
523 7815
523 7999
523 9244
523 9320
523 9506
523 10328
523 10614
523 12214
524 554
524 4110
524 4284
524 4404
524 5096
524 5431
524 6917
524 8114
524 9121
524 9349
524 9495
525 1073
525 1751
525 2669
525 3894
525 7091
525 8866
525 9358
525 9493
525 9793
525 10972
525 11389
526 1150
526 1416
526 2196
526 3362
526 3901
526 5051
526 5645
526 6808
526 6937
526 6939
526 7526
526 8881
526 9956
526 10047
526 10914
526 10919
527 545
527 931
527 1353
527 1459
527 1503
527 3147
527 3668
527 4051
527 5675
527 7011
527 7291
527 7589
527 9088
527 9225
527 10662
528 2433
528 3692
528 4459
528 4756
528 5022
528 7247
528 7427
528 7450
528 8471
528 11585
528 11778
528 12223
529 675
529 1617
529 3137
529 3934
529 6077
529 6174
529 7317
529 8164
529 9283
529 10161
529 11081
529 11099
529 11102
529 12665
530 621
530 1251
530 1393
530 2352
530 2618
530 3833
530 4336
530 4495
530 5705
530 6177
530 7287
530 9689
531 1074
531 2577
531 2736
531 3932
531 4240
531 4503
531 5794
531 5981
531 6837
531 6838
531 7032
531 7332
531 7362
531 7727
531 7914
531 8765
531 9381
531 10150
531 10271
531 10383
531 11882
531 11884
531 11886
531 11970
531 12059
532 1497
532 1624
532 3245
532 5739
532 5833
532 5939
532 7563
532 7794
532 11280
532 11711
533 2340
533 2483
533 3241
533 3921
533 4371
533 6901
533 7110
533 7165
533 9526
534 1144
534 1257
534 1423
534 1637
534 1862
534 2251
534 2864
534 6853
534 7096
534 7122
534 9728
534 10675
534 11204
534 11743
534 11807
534 12267
535 1311
535 1472
535 2700
535 3157
535 3347
535 4943
535 5714
535 5949
535 6194
535 6898
535 7451
535 8224
535 8238
535 11002
535 11441
535 11531
536 987
536 2144
536 2444
536 2546
536 3568
536 3875
536 4163
536 4213
536 4437
536 4980
536 5218
536 5706
536 6794
536 6843
536 7709
536 9774
536 10457
537 545
537 994
537 1370
537 2060
537 5046
537 5135
537 5675
537 6061
537 6949
537 7291
537 7589
537 9550
538 816
538 962
538 1453
538 2440
538 2946
538 3461
538 3496
538 4845
538 5810
538 5811
538 6473
538 6568
538 9178
538 10139
538 10211
538 10398
538 11649
538 11747
539 777
539 909
539 1050
539 1707
539 3727
539 4151
539 4486
539 4502
539 5491
539 6610
539 6790
539 7006
539 7078
539 7694
539 9176
539 9534
539 11543
539 11754
540 551
540 583
540 1557
540 1827
540 2901
540 3270
540 3997
540 4741
540 4754
540 5160
540 5528
540 6518
540 6643
540 6911
540 7119
540 8131
540 10265
540 12351
541 602
541 668
541 689
541 1037
541 1334
541 6007
541 6424
541 9309
541 9348
541 9922
541 10332
541 10334
541 11230
542 3820
542 4237
542 5695
542 6847
542 7763
542 8501
542 11841
543 1330
543 1495
543 1519
543 4983
543 5211
543 5721
543 6415
543 9441
543 10070
543 10293
543 10862
543 11120
543 11669
543 12502
544 1151
544 1492
544 2145
544 4418
544 4821
544 4876
544 6017
544 7080
544 7426
544 7441
544 7588
544 8564
544 8657
544 8807
544 9209
545 994
545 1353
545 2060
545 5675
545 7291
545 7589
546 764
546 2363
546 2728
546 3339
546 3513
546 3703
546 5447
546 5910
546 6414
546 6441
546 8050
546 9200
546 10041
546 10058
546 10060
546 10142
546 10720
546 12431
547 694
547 1116
547 1474
547 2102
547 3775
547 3933
547 4034
547 5919
547 7672
547 8145
547 8794
547 9337
547 10226
547 10668
547 11785
547 12073
547 12224
548 2027
548 2942
548 4673
548 4835
548 5034
548 6279
548 6472
548 7342
548 9863
548 11327
548 11953
548 11954
548 11997
549 908
549 999
549 1830
549 4752
549 5052
549 5156
549 5397
549 6536
549 7565
549 9126
549 9603
549 9612
549 9678
550 1402
550 1564
550 2715
550 4470
550 4551
550 5130
550 5356
550 5996
550 6416
550 7327
550 8756
550 9174
551 2901
551 3268
551 3270
551 3276
551 3997
551 6518
551 8131
551 8545
551 8950
551 9897
551 10265
552 802
552 1315
552 1369
552 1741
552 2780
552 5683
552 6667
552 8174
552 10180
552 10425
552 10687
552 12362
553 1036
553 2642
553 2789
553 3300
553 3835
553 4310
553 5019
553 5194
553 5418
553 5573
553 5913
553 6793
553 7106
553 7989
553 9790
553 11621
553 11682
554 1201
554 4110
554 4284
554 4404
554 5028
554 5096
554 5431
554 5667
554 6917
554 9495
554 11558
555 1435
555 1708
555 2630
555 2771
555 4225
555 4924
555 5047
555 7027
555 8775
555 9681
555 11084
556 1121
556 1183
556 1432
556 1884
556 2819
556 3447
556 3767
556 5513
556 6931
556 6941
556 7240
556 10204
556 11020
556 11267
557 764
557 798
557 982
557 985
557 989
557 1357
557 1843
557 2022
557 2610
557 2778
557 3513
557 5074
557 5094
557 5910
557 6150
557 6441
557 9451
558 665
558 1926
558 3514
558 3938
558 5551
558 6030
558 7622
558 8300
558 8495
558 8599
558 9057
558 9284
558 9316
558 9424
558 9810
558 11759
558 12398
558 12640
559 597
559 1279
559 1758
559 4369
559 7412
559 7609
559 8049
559 9565
559 11742
559 11767
559 12559
560 637
560 650
560 950
560 1034
560 1412
560 1567
560 6301
560 6523
560 7640
560 9087
560 9396
561 619
561 831
561 1504
561 2014
561 2450
561 2499
561 4456
561 5532
561 6188
561 6800
561 8605
561 12199
561 12685
562 563
562 778
562 3476
562 3794
562 4034
562 7715
562 7849
562 8629
562 9991
562 9999
562 10668
562 12555
563 778
563 3292
563 3294
563 3647
563 4034
563 4548
563 5127
563 5367
563 7715
563 7849
563 8902
563 9318
563 9999
563 10668
563 12555
564 2025
564 2348
564 3158
564 4417
564 5393
564 5625
564 7212
564 8007
564 9074
564 9199
564 9716
564 11398
564 12208
565 768
565 1449
565 1475
565 1742
565 2024
565 2359
565 2460
565 2969
565 5576
565 9717
565 10001
565 11537
566 2021
566 2515
566 4330
566 4552
566 5081
566 6011
566 7326
566 8149
566 8628
566 8985
566 10055
566 12350
567 769
567 791
567 899
567 1629
567 1645
567 2462
567 3089
567 3498
567 4023
567 4466
567 5452
567 5700
567 5888
567 6572
567 9258
568 633
568 638
568 1113
568 1244
568 1390
568 1572
568 2167
568 2511
568 3758
568 3995
568 4011
568 4589
568 4706
568 4763
568 4928
568 6482
568 6678
568 6839
568 8893
568 9521
569 822
569 1607
569 1906
569 2294
569 2442
569 3130
569 3990
569 3999
569 4247
569 5579
569 7955
569 8053
569 8255
569 9513
569 9757
569 10056
569 10773
570 599
570 1020
570 1152
570 1754
570 2237
570 2290
570 3500
570 3782
570 3827
570 4561
570 4920
570 5412
570 5658
570 6300
570 7114
570 7301
570 7585
570 8459
570 9988
570 11148
571 1016
571 1111
571 1306
571 2074
571 3015
571 5184
571 8230
571 10232
572 741
572 963
572 1600
572 1970
572 2998
572 3693
572 3805
572 4830
572 4882
572 4901
572 5060
572 5092
572 5391
572 6477
572 6660
572 6758
572 7999
572 9390
572 9957
572 11277
572 11586
573 2394
573 3459
573 4803
573 5263
573 5394
573 6480
573 7283
573 8814
573 10111
573 11514
574 1742
574 2137
574 3496
574 4305
574 6771
574 6789
574 9540
574 9717
574 11507
575 622
575 649
575 654
575 2025
575 2661
575 3237
575 3986
575 5625
575 6380
575 7988
575 8007
575 8130
575 8929
575 9021
575 9112
575 10428
575 12129
576 972
576 1320
576 2310
576 2376
576 4146
576 4360
576 4368
576 5093
576 6502
576 7066
576 7399
576 7705
576 8943
576 9105
576 9219
576 11488
577 1328
577 3861
577 3874
577 4573
577 4658
577 4796
577 5302
577 6542
577 7790
577 7922
577 9425
577 9560
577 9604
577 10146
577 12236
577 12479
578 2007
578 2101
578 2553
578 3731
578 5006
578 6396
578 6638
578 6709
578 7343
578 7507
578 8370
578 9344
578 11599
579 1651
579 2488
579 3974
579 6314
579 6763
579 8016
579 8855
579 9266
579 9300
579 9673
579 10027
579 10296
579 11602
579 11930
579 12245
579 12656
580 597
580 639
580 877
580 1758
580 4359
580 4369
580 4428
580 7576
580 7609
580 8030
580 8056
580 8188
580 8435
580 9565
581 588
581 599
581 829
581 1635
581 1706
581 2391
581 4561
581 5064
581 6328
581 7585
581 7938
581 8156
581 9085
581 9248
581 9360
581 10316
581 11023
582 1368
582 3222
582 4184
582 4445
582 4773
582 5259
582 5881
582 6955
582 7720
582 7723
582 8379
582 9255
582 10282
582 10930
582 11373
582 11584
582 11750
583 2901
583 3270
583 5528
583 7119
583 8101
583 8131
583 8950
583 12351
584 619
584 831
584 1112
584 2450
584 2456
584 2499
584 2773
584 2839
584 3532
584 3627
584 3774
584 5020
584 6338
584 6740
584 7409
584 7844
584 9674
584 10763
584 11541
584 11564
584 12342
584 12440
585 710
585 1115
585 2221
585 2287
585 2775
585 3570
585 4212
585 4265
585 4940
585 5803
585 5815
585 6509
585 7005
585 7007
585 7253
585 7605
585 7845
585 8027
585 8381
585 8398
585 8751
585 9684
585 10144
585 11360
586 983
586 1237
586 1287
586 1466
586 2385
586 3714
586 5740
586 6695
586 6837
586 6986
586 8765
586 11592
586 11678
586 11884
587 2045
587 2301
587 4766
587 5743
587 6521
587 7886
587 8775
587 9723
588 829
588 1635
588 2350
588 2391
588 5064
588 5489
588 6328
588 7938
588 8156
588 8288
588 9248
588 9492
588 10316
589 3780
589 4044
589 4287
589 5386
589 6304
589 6490
589 6856
589 7321
589 7710
589 7738
589 8240
589 9553
589 10083
589 10780
589 11210
589 11213
590 755
590 759
590 795
590 1770
590 3210
590 6143
590 7175
590 9068
590 10516
590 10533
590 10639
590 10982
590 11275
590 11339
590 11957
590 12327
591 1573
591 2047
591 2726
591 3879
591 4798
591 6474
591 6909
591 7009
591 9115
591 9164
591 9767
591 11963
592 1152
592 1861
592 2027
592 2046
592 4412
592 6202
592 6432
592 6733
592 7229
592 9685
592 9947
592 10775
592 11804
592 12137
593 2961
593 3726
593 5636
593 6268
593 7322
593 8185
593 8357
593 8390
593 8463
593 12255
594 3267
594 3864
594 3878
594 4595
594 5749
594 8566
594 8627
594 8926
594 9206
594 9899
594 10119
594 10771
594 11776
594 11777
594 12198
594 12454
595 686
595 794
595 938
595 1091
595 1870
595 3959
595 4547
595 5999
595 6476
595 6880
595 7724
595 8373
595 8908
595 11245
595 11343
595 11712
596 943
596 1155
596 1594
596 1595
596 2395
596 2919
596 3141
596 3699
596 3791
596 3903
596 4004
596 4121
596 4856
596 5252
596 5359
596 5364
596 6421
596 6442
596 6507
596 6803
596 7311
596 11679
597 639
597 1758
597 7295
597 8030
597 9565
597 11720
597 11742
597 11767
597 12559
598 1753
598 2134
598 2135
598 2915
598 3867
598 8038
598 9369
598 12331
598 12346
599 829
599 1101
599 1152
599 1519
599 1706
599 1754
599 3500
599 5848
599 6202
599 6328
599 7114
599 7585
599 9360
599 10673
599 11023
599 11148
600 950
600 976
600 1253
600 1412
600 1567
600 1787
600 3221
600 3516
600 3857
600 7484
600 7518
600 7661
600 7953
600 8952
600 9304
600 9366
600 9884
600 11007
600 11206
600 11579
601 860
601 2224
601 4028
601 4599
601 5106
601 6551
601 6868
601 6920
601 6998
601 7295
601 8076
601 8097
601 8188
601 8435
601 9594
601 9961
601 9987
602 1037
602 2650
602 6007
602 6424
602 7556
602 9348
602 10227
602 10332
602 10334
602 10917
603 623
603 2419
603 3256
603 3663
603 3928
603 4343
603 4702
603 5720
603 5752
603 5923
603 7904
604 966
604 2855
604 2856
604 5140
604 5295
604 5834
604 6303
604 6757
604 6830
604 7574
604 10123
604 11231
605 1796
605 1898
605 3760
605 4223
605 5555
605 5741
605 6249
605 7473
605 7492
605 7764
605 8636
605 8772
606 1814
606 3020
606 3945
606 4390
606 5079
606 5282
606 5936
606 5937
606 5941
606 6220
606 6269
606 7474
606 7635
606 8539
606 9057
606 9687
606 10734
607 652
607 1163
607 2867
607 2881
607 2899
607 4088
607 4372
607 4803
607 5190
607 5708
607 5993
607 6576
607 6658
607 7387
608 742
608 812
608 1219
608 1324
608 1431
608 1541
608 1714
608 1871
608 2031
608 2098
608 2950
608 3173
608 3378
608 3544
608 3989
608 4167
608 4394
608 5424
608 6516
608 6693
608 6795
608 7801
608 8397
608 9455
608 10519
608 10982
608 11329
608 12316
609 784
609 1267
609 1341
609 1481
609 1693
609 2434
609 3112
609 5178
609 5487
609 6514
610 951
610 957
610 1868
610 1991
610 2267
610 2858
610 3584
610 3699
610 4594
610 4748
610 6515
610 7164
610 7506
610 8407
610 9083
610 9797
610 10275
611 617
611 636
611 786
611 1190
611 1243
611 3884
611 5071
611 5122
611 5643
611 6901
611 7165
611 7915
611 10795
611 10827
612 1361
612 1805
612 2471
612 2652
612 3614
612 3742
612 5260
612 5631
612 5980
612 7086
612 9052
612 9059
612 9214
612 9547
612 9925
612 10489
612 10730
612 10740
613 2711
613 2769
613 3795
613 5666
613 6216
613 6595
613 7555
613 9073
613 9215
613 9511
613 9595
613 10759
613 11561
613 12230
614 881
614 2405
614 3490
614 4194
614 4225
614 5047
614 5400
614 6044
614 7792
614 9394
614 9488
614 9973
615 1930
615 2573
615 3744
615 3858
615 4235
615 7578
615 8040
615 9127
615 9635
615 10345
615 10347
615 10352
615 11637
615 11875
615 11964
615 12019
615 12156
616 737
616 771
616 1007
616 1016
616 1315
616 1914
616 2113
616 2493
616 5039
616 5044
616 5683
616 9412
616 10615
616 11400
617 636
617 734
617 1190
617 2235
617 3241
617 3992
617 7110
617 7165
617 7181
617 9299
618 2312
618 3938
618 5278
618 6030
618 6461
618 7207
618 8495
618 8914
618 9435
618 11655
618 11805
619 831
619 1504
619 2499
619 3315
619 3532
619 3554
619 4456
619 4498
619 6651
619 6929
619 7446
619 8605
619 9812
619 10763
619 11541
620 664
620 966
620 1066
620 1656
620 2907
620 3014
620 3792
620 4327
620 4833
620 4994
620 5140
620 5595
620 5709
620 6529
620 9236
620 9239
620 9259
620 10123
621 1393
621 2252
621 2744
621 3833
621 4336
621 5206
621 5705
621 8359
621 9689
621 10132
622 649
622 654
622 819
622 969
622 1268
622 3822
622 6128
622 7987
623 3663
623 3665
623 4702
623 5752
623 5923
623 7904
623 9746
624 1841
624 4735
624 6493
624 6525
624 6710
624 7297
624 8209
624 8718
624 12359
624 12527
625 1726
625 1835
625 1953
625 2166
625 2612
625 2783
625 2959
625 4282
625 4355
625 4575
625 4953
625 5345
625 6060
625 6217
625 7064
625 7194
625 7305
625 7795
625 9128
625 9228
626 1171
626 1348
626 1532
626 1661
626 2737
626 2932
626 2980
626 3524
626 4825
626 5256
626 9237
626 9992
626 11274
627 884
627 2032
627 3243
627 3557
627 3796
627 6601
627 7218
627 8005
627 10833
627 11009
627 11076
627 11410
628 1570
628 2612
628 2959
628 3039
628 4575
628 5145
628 5236
628 6805
628 7786
628 8032
628 8069
628 8287
628 8551
628 9578
629 687
629 705
629 791
629 1494
629 1868
629 1899
629 1991
629 2659
629 2895
629 2972
629 3584
629 4528
629 4748
629 6178
629 7615
629 7998
629 8407
629 9797
629 11205
630 1262
630 2042
630 2318
630 2764
630 4795
630 7162
630 7676
630 9329
630 10581
630 11163
630 11463
630 12420
630 12620
631 920
631 1616
631 2019
631 2026
631 2428
631 3714
631 3752
631 3923
631 3946
631 4141
631 4866
631 5049
631 5086
631 5136
631 5427
631 6645
631 7674
631 9134
631 9184
631 9732
632 725
632 780
632 2481
632 2928
632 3145
632 3747
632 3748
632 3751
632 5089
632 5185
632 5387
632 7500
633 1244
633 1528
633 1985
633 2364
633 2374
633 2429
633 2657
633 2743
633 3746
633 3758
633 4320
633 6482
633 8893
633 9280
633 9521
634 728
634 1989
634 1996
634 3126
634 3749
634 4356
634 4587
634 5062
634 5248
634 6966
634 7252
634 9231
635 1262
635 2318
635 4127
635 4671
635 4795
635 5809
635 6168
635 9618
635 10181
635 11463
636 734
636 1190
636 1321
636 2235
636 2438
636 2483
636 3828
636 4777
636 4869
636 5071
636 5122
636 7110
636 7165
637 770
637 806
637 976
637 1412
637 1761
637 1763
637 2408
637 2788
637 7293
637 7640
637 9396
638 1113
638 1390
638 1604
638 1892
638 2027
638 2942
638 4011
638 4706
638 6455
638 6587
638 6636
638 6881
638 8324
638 9169
638 9675
638 10306
638 11508
639 877
639 1005
639 1019
639 6108
639 8030
639 8609
639 8900
639 8979
639 9204
639 9565
639 11720
639 12559
640 814
640 2310
640 2376
640 2389
640 2926
640 5449
640 6917
640 8114
640 8436
640 11817
641 653
641 747
641 1119
641 2324
641 2384
641 4533
641 4799
641 6008
641 6623
641 6945
641 10631
641 12191
641 12485
642 1371
642 1779
642 1794
642 2053
642 2821
642 3902
642 3967
642 4645
642 4889
642 5416
642 6294
642 7117
642 7404
642 7405
642 8304
642 8358
642 9271
642 10669
642 11893
643 660
643 1263
643 2342
643 2955
643 3598
643 6258
643 6666
643 7014
643 7046
643 7261
643 8421
643 8783
643 9277
643 9846
643 10594
643 10736
643 10998
643 11199
643 12426
644 735
644 1310
644 1523
644 2734
644 3730
644 4377
644 4933
644 5496
644 6369
644 7382
644 8590
644 12233
645 672
645 785
645 1313
645 1343
645 1615
645 2696
645 3392
645 3797
645 4633
645 5087
645 7126
645 8530
645 8647
645 9064
645 9144
645 9658
645 10745
646 897
646 1088
646 1292
646 1667
646 3646
646 3910
646 4801
646 5227
646 5297
646 5312
646 5381
646 5420
646 6002
646 7499
646 8331
646 9959
646 11036
646 11492
647 724
647 943
647 3141
647 3502
647 4170
647 4680
647 4855
647 5018
647 5200
647 5246
647 5845
647 5878
647 6507
647 9244
647 9320
647 11436
647 11955
647 12214
648 2676
648 2852
648 4091
648 4109
648 4413
648 4423
648 4685
648 4742
648 4893
648 4999
648 5040
648 5469
648 5472
648 7060
648 7128
648 9572
648 9912
648 10130
648 10517
648 11762
649 654
649 819
649 1268
649 2025
649 3158
649 3822
649 3986
649 5625
649 6128
649 7004
649 7564
649 7988
649 9112
649 9199
649 11249
650 950
650 1034
650 1253
650 1567
650 3083
650 3516
650 4740
650 6523
650 7640
650 7868
650 8673
651 669
651 933
651 974
651 1483
651 2890
651 4826
651 4902
651 5948
651 6290
651 6665
651 8687
651 9583
651 10136
651 11137
651 11473
652 1163
652 1234
652 1854
652 2350
652 2841
652 3459
652 3578
652 4372
652 4803
652 5708
652 6117
652 6510
652 6658
652 6994
652 8288
652 9600
652 11761
653 747
653 2324
653 2384
653 3728
653 4533
653 5570
653 6008
653 7706
653 11987
653 12114
653 12191
654 819
654 969
654 1268
654 3237
654 3986
654 7004
655 2034
655 2888
655 3143
655 3319
655 4106
655 4346
655 6686
655 7272
655 7692
655 10256
655 10476
655 11186
655 12049
656 684
656 801
656 1200
656 1407
656 2497
656 3670
656 3956
656 4010
656 4290
656 4342
656 4958
656 5701
656 6018
656 6485
656 7314
656 9970
656 10420
656 10421
656 11757
657 671
657 2476
657 5751
657 5960
657 6418
657 6449
657 9589
657 10108
657 10943
657 11070
657 11105
658 700
658 815
658 2148
658 3649
658 3766
658 3932
658 5313
658 6826
658 6946
658 7364
658 8037
658 9570
658 9665
658 9734
658 10271
659 1090
659 1213
659 1723
659 2597
659 3286
659 4280
659 4317
659 5196
659 9809
659 11622
659 11870
660 2342
660 2808
660 2955
660 4787
660 4970
660 7046
660 7261
660 7457
660 8207
660 8783
660 9978
661 1487
661 3493
661 3736
661 4030
661 6827
661 9139
661 9691
661 11421
661 11458
661 12229
661 12260
661 12397
662 663
662 1374
662 1883
662 3786
662 3844
662 4379
662 4895
662 5375
662 5585
662 6068
662 7047
662 8656
662 9050
662 9223
662 10136
662 11680
662 11842
662 12661
663 1017
663 1375
663 3844
663 5375
663 5585
663 7047
663 8169
663 8244
663 8656
663 9223
663 11842
663 12234
664 802
664 820
664 1203
664 1656
664 1740
664 2923
664 4327
664 6529
664 6667
664 8174
664 9236
664 10110
664 10123
665 673
665 796
665 2307
665 3893
665 5909
665 6554
665 6875
665 7092
665 7622
665 8300
665 9284
665 9316
665 9652
665 9687
665 10029
665 10270
665 11759
666 1897
666 2186
666 2927
666 2947
666 3028
666 3945
666 4419
666 5079
666 5103
666 5924
666 5941
666 6220
666 6412
666 6596
666 8764
666 8782
666 9111
666 9680
666 9722
666 9777
666 9921
666 10391
666 11200
666 11843
667 673
667 1052
667 1337
667 3893
667 4116
667 4906
667 5787
667 6505
667 6728
667 6754
667 7097
667 7103
667 7149
667 8141
667 9330
667 10597
667 12401
668 689
668 1334
668 3639
668 3740
668 3979
668 5406
668 6007
668 6115
668 12210
668 12314
669 1588
669 2400
669 2474
669 2890
669 3813
669 4826
669 4895
669 4902
669 6665
669 8687
669 8754
669 9583
669 10136
669 11137
670 913
670 2975
670 3329
670 3338
670 3611
670 4286
670 4478
670 4752
670 5050
670 5072
670 5759
670 7565
670 8946
670 9100
670 10898
671 2127
671 2476
671 3155
671 3562
671 6093
671 6231
671 6418
671 7475
671 9103
671 9589
671 9975
671 10108
671 11070
671 11105
671 11290
671 12608
672 785
672 1485
672 3197
672 3797
672 4534
672 5279
672 7554
672 8530
672 9658
672 10745
672 11250
673 796
673 3893
673 5787
673 6728
673 6749
673 6754
673 7097
673 7149
673 7262
673 8519
673 9284
673 9800
673 10029
673 10270
673 10597
673 12401
674 1379
674 1531
674 1971
674 3001
674 6554
674 6875
674 9167
674 9238
674 10416
674 10672
675 1617
675 3137
675 4297
675 6077
675 7901
675 8171
675 10161
675 10333
675 10999
675 11081
675 12665
676 762
676 3367
676 5221
676 5222
676 5917
676 6252
676 8706
676 9190
676 9387
676 10733
676 11580
677 1098
677 1550
677 1626
677 1634
677 1839
677 3550
677 3645
677 3846
677 4257
677 5191
677 6087
677 7363
677 9536
677 9601
677 10366
677 10568
677 10632
677 10801
677 11935
678 693
678 1082
678 1264
678 1385
678 1414
678 1655
678 2086
678 3013
678 3232
678 3851
678 4016
678 4331
678 4734
678 4990
678 5988
678 6354
678 6577
678 7383
678 7501
678 9171
678 9372
678 9427
678 11864
679 748
679 1141
679 1402
679 1564
679 2715
679 3623
679 4256
679 4470
679 5130
679 5283
679 5471
679 6559
679 7327
679 11799
680 700
680 1698
680 2604
680 2973
680 3529
680 3808
680 4960
680 5137
680 5182
680 6524
680 7240
680 8037
680 8330
680 11020
681 682
681 1417
681 1891
681 1923
681 1952
681 1968
681 3401
681 3905
681 4104
681 4149
681 4514
681 5347
681 6341
681 6391
681 6608
681 6720
681 6982
681 7368
681 10576
681 11511
681 12462
682 1132
682 1891
682 2093
682 4104
682 4581
682 12462
683 719
683 1916
683 3453
683 4095
683 4829
683 5002
683 5556
683 6226
683 6389
683 6834
683 7205
683 7662
683 7806
683 8348
683 9216
683 9551
683 11704
683 11862
683 12236
684 3434
684 4342
684 4694
684 5979
684 6485
684 7314
684 7968
684 8167
684 9268
684 9970
684 10421
685 743
685 1319
685 3194
685 3239
685 4376
685 6066
685 6284
685 6726
685 8367
685 9146
685 9561
686 938
686 1091
686 1870
686 2732
686 3394
686 5530
686 5599
686 6167
686 6245
686 7724
686 9859
686 10336
686 10432
686 11203
686 11343
686 11712
686 12140
687 705
687 837
687 1131
687 1406
687 1868
687 2291
687 2858
687 4226
687 4851
687 4881
687 5334
687 5976
687 6457
687 8407
687 9797
687 10397
688 859
688 882
688 886
688 1104
688 1602
688 1960
688 2198
688 2361
688 2423
688 2533
688 3011
688 4153
688 4458
688 6027
688 8831
688 9183
688 9731
688 10052
688 10769
688 12096
688 12442
689 1334
689 2342
689 2770
689 3639
689 5406
689 7116
689 9309
689 9348
689 9972
690 1980
690 2149
690 3691
690 4020
690 5114
690 8906
690 9614
690 10262
691 1879
691 2888
691 3143
691 3319
691 10192
691 10229
691 10256
691 11186
691 11793
691 11859
692 743
692 1319
692 1619
692 2419
692 3194
692 3256
692 3663
692 4376
692 5720
692 6066
692 6726
692 7579
693 821
693 1124
693 1264
693 1385
693 1414
693 4331
693 4728
693 4734
693 6575
693 6585
693 7408
694 1116
694 1209
694 1474
694 3265
694 3794
694 3933
694 4034
694 5189
694 5550
694 8794
695 769
695 899
695 1292
695 2462
695 4230
695 5209
695 5700
695 6002
695 9974
695 10314
695 10724
695 11492
695 12310
695 12543
696 741
696 1589
696 1823
696 2369
696 2404
696 3804
696 4244
696 4812
696 5602
696 9124
696 9188
696 10303
696 10410
696 12138
697 996
697 1014
697 1168
697 1739
697 2353
697 2796
697 2992
697 3182
697 5793
697 5887
697 5982
697 6029
697 9877
697 11940
698 1465
698 2015
698 4209
698 5039
698 5044
698 5328
698 5678
698 6519
698 6713
698 9142
698 9235
698 9557
698 11400
699 1261
699 2432
699 3110
699 3370
699 3664
699 3688
699 4136
699 4339
699 5104
699 5772
699 5814
699 7315
699 7905
699 9640
699 10010
700 2505
700 2736
700 2973
700 3529
700 3649
700 4969
700 5313
700 6549
700 6923
700 7364
700 8037
700 10271
701 714
701 873
701 1941
701 4579
701 4837
701 5069
701 5706
701 6462
701 6817
701 9033
701 9136
701 12464
702 966
702 2847
702 3446
702 4373
702 4963
702 5140
702 5767
702 6302
702 6830
702 7084
702 7699
702 7940
702 9239
702 9724
702 11282
702 11503
702 12283
703 789
703 1283
703 2169
703 3134
703 3293
703 3826
703 5208
703 6626
703 7076
703 9139
703 9165
703 11421
703 11494
703 11645
703 12229
703 12260
704 774
704 787
704 1157
704 3695
704 4696
704 6410
704 9448
704 9519
704 9537
704 9564
704 9568
704 9598
704 10444
704 10633
704 11038
704 11383
705 837
705 1131
705 1868
705 2895
705 2972
705 4226
705 4851
705 5334
705 5976
705 9577
705 9797
705 10397
705 11205
706 1417
706 1578
706 3811
706 3812
706 3814
706 3905
706 6059
706 9323
707 733
707 901
707 2104
707 2387
707 2416
707 2680
707 2887
707 2990
707 3321
707 4135
707 4172
707 4287
707 4656
707 4841
707 4922
707 5555
707 6123
707 6856
707 7198
707 8689
707 9207
707 11540
708 840
708 943
708 1282
708 2694
708 2953
708 3502
708 4855
708 4964
708 6944
708 7282
708 7311
708 9263
708 10328
708 11485
709 961
709 1340
709 1377
709 1830
709 2917
709 4360
709 5397
709 6465
709 6502
709 6634
709 9105
709 9559
709 10077
709 10396
709 11629
709 12341
710 738
710 1032
710 1115
710 1127
710 1518
710 2221
710 2287
710 4940
710 6509
710 6724
710 7845
710 10144
710 10656
711 863
711 1521
711 1593
711 2272
711 3607
711 3671
711 4133
711 4905
711 4956
711 6571
711 6770
711 6973
712 713
712 1981
712 2152
712 2866
712 2899
712 3360
712 5314
712 6417
712 10237
712 11573
713 1981
713 2740
713 2866
713 3360
713 3697
713 4183
713 4372
713 4701
713 6417
713 10237
713 11573
714 918
714 1941
714 3065
714 3381
714 3470
714 4396
714 4837
714 5069
714 6462
714 6817
714 6932
714 9033
714 9136
714 9147
714 11614
714 12464
715 1084
715 2541
715 2683
715 3292
715 3294
715 3420
715 3689
715 4009
715 4468
715 4678
715 5875
715 6419
715 7105
715 8119
715 8232
715 8789
715 9193
715 9406
715 10510
715 10547
715 12069
716 1853
716 2678
716 3244
716 3257
716 3480
716 3663
716 4130
716 4313
716 4926
716 7095
716 9247
716 10011
716 10403
717 1524
717 1867
717 1886
717 2178
717 3439
717 3802
717 4576
717 6730
717 7204
717 9657
717 9666
718 951
718 1155
718 1360
718 1406
718 1463
718 4856
718 4881
718 5014
718 6457
718 6732
718 6802
718 6803
718 6913
718 8451
718 10571
718 11660
719 1891
719 1968
719 2093
719 4075
719 4095
719 4204
719 4581
719 5556
719 6391
719 7205
719 7662
719 9216
720 742
720 759
720 1075
720 1219
720 1507
720 1714
720 2098
720 3564
720 3998
720 6064
720 6143
720 7783
720 9447
720 9802
720 11513
721 1175
721 1722
721 1801
721 3016
721 4024
721 4306
721 4647
721 5117
721 5453
721 5477
721 6436
721 6975
721 7664
721 9432
721 9706
722 847
722 1993
722 2702
722 6121
722 6139
722 9066
722 9352
722 10588
723 869
723 1095
723 1486
723 1780
723 2180
723 2202
723 2693
723 2747
723 3950
723 4359
723 4710
723 6797
723 6870
723 9163
723 9961
723 9987
723 10937
723 11526
723 12256
724 1212
724 1282
724 2108
724 2694
724 4680
724 4855
724 6507
724 6594
724 7341
724 7653
724 7815
724 9320
724 9845
724 9931
724 10090
724 10094
724 10121
724 10614
724 11432
724 11955
725 854
725 1513
725 2481
725 2928
725 2932
725 3145
725 3748
725 3751
725 5185
725 6509
725 10144
725 10656
726 1983
726 2191
726 2849
726 3372
726 3635
726 6743
726 6846
726 6964
726 7792
726 10079
726 11608
727 1015
727 1261
727 1473
727 2405
727 2849
727 3120
727 3144
727 3308
727 3374
727 3466
727 3705
727 3737
727 4299
727 4846
727 5772
727 6408
727 6520
727 7587
727 7792
727 8356
727 8857
727 9394
728 1996
728 2368
728 3749
728 4587
728 4602
728 4708
728 5062
728 6987
728 7366
728 9231
728 10172
728 10456
729 1058
729 2749
729 3382
729 4981
729 6481
729 6602
729 9579
729 10373
729 10797
729 11391
730 1111
730 2425
730 2878
730 3204
730 3250
730 3304
730 3824
730 5056
730 6563
730 7266
730 7994
730 8230
730 9078
730 10704
730 12134
730 12363
730 12593
731 797
731 1218
731 1227
731 1269
731 1405
731 2000
731 2115
731 2586
731 2873
731 2898
731 4804
731 4998
731 5652
731 6487
731 7166
731 9221
731 9250
731 10466
732 1829
732 2133
732 5236
732 5544
732 7013
732 7786
732 8159
732 9113
732 9702
732 9985
732 10387
732 10422
732 11724
732 12124
733 901
733 1164
733 1756
733 2223
733 2375
733 2387
733 2619
733 2887
733 2990
733 4656
733 4841
733 5249
733 5555
733 5600
733 6123
733 6249
733 7198
733 7789
733 9820
733 10920
733 12446
734 1167
734 1321
734 2235
734 2438
734 3828
734 3992
734 4777
734 4869
734 7110
735 875
735 1310
735 1523
735 1613
735 2824
735 3312
735 3730
735 4933
735 5110
735 5216
735 6369
735 7312
735 8590
735 9659
735 9970
735 11208
735 11596
736 1066
736 1245
736 1276
736 2238
736 2907
736 3719
736 4898
736 5070
736 5595
736 5709
736 5742
736 6183
736 6769
736 7331
736 7940
736 9239
736 9399
736 10062
736 10313
737 771
737 1007
737 1016
737 1901
737 2113
737 2425
737 2493
737 3590
737 3787
737 4250
737 5346
737 7444
737 7667
737 7682
737 8230
737 8444
737 9412
737 10840
738 1032
738 1115
738 1165
738 2221
738 2287
738 6724
738 7940
738 9082
738 9660
738 11790
738 12078
739 808
739 1070
739 1987
739 2028
739 3067
739 3156
739 3591
739 3593
739 4185
739 4375
739 8186
739 8791
739 9065
739 9276
739 10750
740 1222
740 1563
740 3058
740 4847
740 5147
740 8165
740 8168
740 8233
740 8563
740 8926
740 9198
740 9245
740 9288
740 9398
740 9899
741 1589
741 1600
741 5391
741 6477
741 6660
741 6866
741 9124
741 9140
741 9390
741 10303
741 10410
741 11619
742 929
742 1075
742 1219
742 1507
742 1714
742 1731
742 1932
742 2098
742 2950
742 3378
742 3989
742 4167
742 7425
742 9303
742 9447
742 9726
742 9802
742 10230
743 1319
743 2419
743 3194
743 4376
743 6066
743 6726
744 1142
744 1798
744 1896
744 2502
744 2847
744 3398
744 3771
744 4931
744 7028
744 7084
744 7699
744 9463
744 11493
744 11503
744 11751
744 12283
745 753
745 765
745 808
745 1061
745 1137
745 1987
745 2001
745 2835
745 6883
745 8290
745 8350
745 9185
745 9816
746 788
746 1964
746 2695
746 3318
746 6137
746 7894
746 7908
746 8245
746 9129
746 9383
746 11653
747 2295
747 2300
747 2324
747 3823
747 3824
747 4209
747 4533
747 5346
747 5413
747 5570
747 6945
747 7535
747 7706
747 10272
747 10354
747 10677
748 842
748 1141
748 2018
748 2277
748 3291
748 3567
748 3926
748 4358
748 5283
748 5471
748 6492
748 6559
748 8730
748 9467
748 10972
748 11799
749 1259
749 1476
749 2330
749 2489
749 3152
749 3668
749 8163
749 9155
749 10558
750 1308
750 1329
750 1436
750 2165
750 2234
750 2504
750 2738
750 3251
750 3493
750 3735
750 3736
750 3917
750 4030
750 5687
750 6306
750 8151
750 8430
750 9691
750 10408
751 1984
751 2258
751 3220
751 3757
751 3827
751 4114
751 4679
751 6081
751 9988
751 10048
751 11502
752 2104
752 2414
752 4223
752 4357
752 5149
752 5555
752 6181
752 6876
752 7669
752 10057
753 1061
753 1137
753 2001
753 2835
753 3356
753 6883
753 9278
753 9816
753 10502
753 10513
753 11171
753 11378
753 12146
754 777
754 1557
754 2230
754 2560
754 2789
754 4063
754 5620
754 5795
754 6161
754 6604
754 7006
754 7638
754 7989
754 9475
754 12215
755 759
755 795
755 1219
755 1431
755 2031
755 3210
755 5281
755 5287
755 7175
755 7942
755 9068
755 9411
755 10715
755 11513
756 922
756 1246
756 1270
756 1324
756 2176
756 2240
756 3544
756 4394
756 7307
756 10978
756 11276
757 1129
757 1182
757 1866
757 1984
757 2315
757 2742
757 3167
757 4407
757 4880
757 5611
757 6443
757 6451
757 6869
757 7434
757 7658
757 9870
757 10932
758 1289
758 2032
758 3779
758 3969
758 5109
758 5816
758 6692
758 8005
758 8904
758 10153
758 11406
758 11411
759 795
759 2098
759 3210
759 3998
759 6142
759 6143
759 6795
759 7783
759 9068
759 10533
759 11513
760 957
760 1117
760 2302
760 2670
760 3699
760 5272
760 5470
760 6442
760 6515
760 6818
760 7506
760 9254
760 11538
761 763
761 1414
761 2526
761 2965
761 6546
761 7130
761 7408
761 7552
761 9549
762 1251
762 3367
762 4254
762 5775
762 5854
762 5917
762 6177
762 6213
762 6252
762 6359
762 9190
762 9387
762 9920
762 11166
762 11580
762 12347
762 12399
763 2526
763 2965
763 6546
764 798
764 1479
764 2363
764 2377
764 2610
764 3513
764 4593
764 5910
764 6441
764 6537
764 9200
764 10058
765 808
765 1070
765 1987
765 2835
765 3067
765 3101
765 3694
765 4185
765 4961
765 5481
765 5596
765 6006
765 6883
765 8290
765 10570
766 1601
766 1893
766 2373
766 2374
766 2657
766 4988
766 5380
766 6420
766 6462
766 8261
766 9280
766 9582
766 12257
767 1210
767 2599
767 2698
767 3086
767 4111
767 4139
767 4604
767 4639
767 4808
767 7447
767 7911
767 9104
767 9243
767 10007
767 12306
768 1167
768 1291
768 1475
768 2024
768 2359
768 2460
768 2884
768 2980
768 3712
768 3713
768 3991
768 4726
768 5265
768 5576
768 9717
768 12321
769 897
769 1088
769 1292
769 2462
769 3089
769 4023
769 4466
769 5209
769 5700
769 6002
769 9241
769 9974
770 806
770 1761
770 1763
770 1840
770 3801
770 7640
770 10555
771 1007
771 1315
771 2493
771 4250
771 5039
771 5683
771 9412
771 10615
771 12362
772 1196
772 1982
772 2651
772 2956
772 3244
772 3838
772 4785
772 5133
772 6102
772 6744
772 8316
772 9507
773 880
773 1095
773 1248
773 1312
773 1863
773 2470
773 2747
773 3950
773 4710
773 4775
773 4865
773 9163
773 9246
773 10378
773 10937
773 11526
774 787
774 1157
774 1316
774 2428
774 3695
774 4141
774 5405
774 6467
774 9240
774 9564
774 11038
774 11218
774 11234
775 832
775 863
775 917
775 1220
775 2504
775 2856
775 4340
775 4655
775 4843
775 4888
775 5257
775 5610
775 5689
775 6973
775 7890
775 7903
775 8278
775 9230
775 9951
775 10934
775 11231
775 11865
776 951
776 1155
776 3699
776 4856
776 5057
776 5252
776 6457
776 6802
776 8407
776 9083
777 1355
777 1816
777 2775
777 3570
777 3819
777 4036
777 4063
777 4486
777 4502
777 5491
777 5634
777 6610
777 6790
777 7006
777 7638
777 8461
777 9176
777 9475
777 9834
777 10484
777 12215
778 2102
778 2410
778 2608
778 3265
778 3292
778 3294
778 3689
778 3933
778 4034
778 6854
778 7093
778 7787
778 8902
778 9318
778 9406
778 9991
778 12242
779 1112
779 1591
779 2482
779 2484
779 3627
779 4657
779 4725
779 4727
779 7621
779 7791
779 7920
779 10014
779 10054
779 10068
779 10657
779 10725
779 10796
780 1438
780 1799
780 2024
780 2481
780 3145
780 3691
780 3991
780 5089
780 5185
780 5618
780 7500
781 2839
781 3433
781 3675
781 5807
781 6074
781 6165
781 7620
781 7675
781 8247
781 8249
781 8272
781 8521
781 8707
781 9968
782 1363
782 4757
782 4945
782 5339
782 5886
782 5985
782 8592
782 8997
782 9226
782 10693
782 11193
782 12634
783 1103
783 4008
783 4329
783 6974
783 7285
783 7365
783 8292
783 8384
783 8818
783 9504
783 9592
783 10221
783 10242
783 11990
784 928
784 1267
784 1679
784 1693
784 3112
784 4555
784 5487
784 5514
784 6240
784 6397
784 6447
784 10288
785 1485
785 2591
785 3392
785 3563
785 5279
785 5676
785 7126
785 10135
785 10745
785 10746
786 1243
786 1838
786 2173
786 3685
786 3884
786 3988
786 4802
786 5024
786 5071
786 5643
786 6965
786 9188
786 10795
786 10827
786 11820
787 1157
787 2393
787 3695
787 4696
787 6410
787 6467
787 9564
787 9568
787 9854
787 9996
787 11383
787 12301
788 1933
788 2175
788 2187
788 2618
788 2695
788 2792
788 3953
788 4495
788 5419
788 9129
788 9262
788 9383
788 11687
789 1331
789 3134
789 3826
789 4982
789 5208
789 6244
789 11494
790 973
790 1584
790 1773
790 5016
790 5335
790 7187
790 10159
790 12021
790 12053
790 12235
791 1494
791 1629
791 1899
791 2857
791 3498
791 4528
791 5888
791 6178
791 7521
791 7998
791 9258
791 10599
791 11205
792 1295
792 1555
792 1560
792 1997
792 2000
792 4804
792 4998
792 9281
793 1354
793 1563
793 3987
793 4929
793 6474
793 7959
793 8165
793 9198
793 9206
793 9503
793 9899
793 10472
794 809
794 895
794 1258
794 2381
794 5703
794 5745
794 5999
794 6858
794 6880
794 8299
794 8373
794 8806
794 10683
794 11245
794 11247
794 11695
794 11712
794 11849
795 812
795 1431
795 1770
795 3210
795 3998
795 5424
795 6795
795 9411
795 11513
796 3893
796 5551
796 6205
796 7092
796 7149
796 9284
796 9424
796 10029
796 10739
796 11094
797 1227
797 1269
797 1295
797 2000
797 3124
797 4711
797 4804
797 4864
797 4998
797 5652
798 982
798 985
798 989
798 1357
798 2377
798 4593
798 5351
798 6441
798 6452
798 9200
799 1224
799 2346
799 2687
799 2962
799 3773
799 4268
799 5041
799 5083
799 5483
799 7260
799 7551
799 7796
799 8004
799 9664
799 9771
800 838
800 2404
800 2876
800 3704
800 5232
800 6511
800 6735
800 6832
800 9188
800 10714
801 2497
801 2808
801 4010
801 4787
801 4970
801 5245
801 5701
801 6179
801 7436
801 8305
801 8516
801 11757
802 1007
802 1315
802 1369
802 2923
802 4250
802 4327
802 6529
802 6667
802 8174
802 10180
802 10425
802 10687
802 11384
803 1015
803 2675
803 3460
803 3962
803 4299
803 4488
803 4948
803 11597
803 11756
803 12460
804 1266
804 1427
804 1525
804 1931
804 3379
804 3815
804 4796
804 5214
804 5774
804 6542
804 6765
804 7790
804 8351
804 9824
804 9849
804 10115
804 12479
805 978
805 1554
805 2390
805 2761
805 2903
805 2934
805 3531
805 4322
805 4979
805 5007
805 5054
805 6544
805 6951
805 7156
805 7176
805 7380
805 8418
805 8852
805 9097
805 9510
805 9626
805 9772
805 9902
805 9903
806 1761
806 1763
806 1840
806 2408
806 3801
806 10241
806 10555
807 1184
807 2005
807 2057
807 2589
807 3103
807 3105
807 4700
807 4867
807 6845
807 9718
807 10415
807 10482
807 10546
807 10792
807 11337
807 12136
808 1137
808 1987
808 2905
808 3067
808 3593
808 3694
808 4185
808 4375
808 4597
808 6006
808 6883
808 7524
808 9185
808 10570
808 11734
809 895
809 1257
809 1258
809 1935
809 2864
809 5158
809 5999
809 6858
809 6907
809 8299
809 11695
809 11807
809 11849
810 1493
810 3384
810 4972
810 5809
810 5916
810 8144
810 9980
810 10181
810 11184
810 11463
810 12395
810 12420
811 1212
811 1597
811 3091
811 3317
811 4514
811 5480
811 6938
811 8073
811 8089
811 9845
811 9931
811 9952
811 10171
811 11874
811 11981
811 12292
811 12437
811 12494
812 1431
812 1714
812 1871
812 2031
812 3581
812 3998
812 4167
812 5424
812 6516
812 6795
812 8397
812 9411
812 11513
813 852
813 1027
813 1231
813 2960
813 2984
813 4713
813 6046
813 6675
813 7748
813 9377
813 9482
813 9573
813 9597
813 9616
814 855
814 2310
814 2376
814 2389
814 2926
814 3191
814 3205
814 5449
814 5702
814 6917
814 7360
814 9878
814 11817
815 867
815 887
815 2201
815 2736
815 2908
815 3649
815 3790
815 4722
815 6218
815 6826
815 6946
815 7332
815 7364
815 7775
815 9569
815 9610
815 9665
815 9734
815 10271
815 10679
815 10899
816 2946
816 3496
816 4353
816 4845
816 6118
816 7193
816 9096
816 10020
816 10398
816 11011
816 11274
816 12225
817 1156
817 1961
817 2796
817 3738
817 4107
817 4695
817 4907
817 5887
817 6279
817 7324
817 8896
817 9965
817 11547
818 858
818 1139
818 2334
818 2762
818 3458
818 5290
818 5390
818 5591
818 5904
818 6014
818 6042
818 6494
818 7513
818 8396
818 9275
818 10992
819 1268
819 3822
819 6128
819 7988
820 1066
820 1203
820 4327
820 4862
820 6406
820 9236
820 9994
820 10110
821 1385
821 1414
821 4607
821 4728
821 4734
821 5747
821 7408
821 9171
821 10205
821 10414
822 1906
822 3990
822 3999
822 4590
822 4610
822 5396
822 5398
822 9224
822 9397
822 9513
822 9757
823 3048
823 3994
823 4512
823 7105
823 7871
823 8119
823 9157
823 9285
823 10547
823 11563
823 11565
824 1149
824 1389
824 1541
824 1793
824 2892
824 3173
824 3662
824 4167
824 4571
824 5038
824 5679
824 7302
824 9839
824 10667
825 927
825 2490
825 2804
825 3022
825 3634
825 4297
825 4307
825 4641
825 6385
825 9476
825 10333
825 11078
825 11314
825 11845
826 1307
826 1530
826 1652
826 1789
826 1796
826 3993
826 4003
826 4357
826 5149
826 5409
826 5594
826 6181
826 7473
826 8776
826 9227
826 10223
826 10684
827 2405
827 3490
827 5027
827 5400
827 5990
827 6170
827 6846
827 9488
827 9973
827 10141
828 890
828 1216
828 1909
828 2082
828 2382
828 2383
828 2509
828 2977
828 4105
828 4746
828 4751
828 6053
828 6063
828 7800
828 8962
828 10214
828 10846
828 12212
829 1635
829 1666
829 1706
829 4227
829 4900
829 6328
829 7227
829 7938
829 9085
829 9360
829 9492
829 11525
830 968
830 1072
830 1666
830 2391
830 2537
830 2867
830 3150
830 3526
830 3697
830 3925
830 4088
830 4372
830 5141
830 5708
830 7157
830 7716
830 8328
830 10286
830 10654
831 1504
831 2185
831 2270
831 2450
831 2499
831 3532
831 4720
831 5641
831 7445
831 9674
831 9742
831 10763
831 11850
832 863
832 917
832 2504
832 2738
832 3251
832 3917
832 4133
832 5610
832 5689
832 6770
832 6973
832 10934
832 11003
833 1174
833 1339
833 2993
833 4072
833 7647
833 8383
833 8635
833 9736
833 9983
833 9995
833 10694
833 11233
833 11650
833 11943
833 12071
834 937
834 1153
834 1280
834 1974
834 2830
834 2866
834 3697
834 4122
834 4183
834 6811
834 7659
834 8770
834 10176
835 1274
835 1628
835 1800
835 2412
835 3012
835 6599
835 7320
835 7469
835 10115
835 10897
835 11868
835 12479
836 984
836 2206
836 2329
836 2606
836 3708
836 4523
836 5012
836 9295
836 10720
836 11217
837 941
837 2291
837 3488
837 4511
837 4947
837 5057
837 5334
837 5976
837 6457
837 7615
837 8407
837 9797
837 10397
837 11205
838 1327
838 2404
838 2412
838 2876
838 2904
838 4812
838 5869
838 6469
838 6599
838 6832
838 9188
839 1067
839 1933
839 2590
839 3512
839 3770
839 4336
839 5021
839 5206
839 6003
839 10132
839 12629
840 1282
840 1928
840 2694
840 2953
840 3114
840 3724
840 4964
840 5175
840 6098
840 7663
840 8170
840 8354
840 10328
840 11008
840 11485
841 1205
841 1284
841 1792
841 2108
841 2530
841 2532
841 3090
841 3604
841 3886
841 4954
841 5978
841 6477
841 6758
841 7163
841 7303
841 7999
841 8450
841 9442
841 9506
841 10328
841 10695
842 2018
842 3623
842 3926
842 4358
842 5230
842 5471
842 7525
842 9533
842 9775
842 10649
842 11560
843 1235
843 1287
843 1698
843 2250
843 2385
843 3849
843 4513
843 4960
843 6695
843 8824
843 9134
843 10606
843 11675
843 11678
843 12269
844 925
844 1625
844 2009
844 2521
844 3318
844 5221
844 5358
844 5785
844 6213
844 6252
844 11627
844 11656
844 11693
844 12393
845 2999
845 3154
845 3271
845 4646
845 6425
845 6427
845 7523
845 8538
845 8680
845 8911
845 9909
845 10800
846 2516
846 3208
846 3534
846 4861
846 5192
846 5548
846 5754
846 6153
846 6285
846 7124
846 7982
846 8369
846 8400
846 8468
846 9626
846 9986
846 10821
846 11795
847 1993
847 2702
847 2747
847 2784
847 3950
847 4686
847 4865
847 6139
847 6797
847 9066
847 9070
847 9352
847 11054
847 11881
848 1969
848 2909
848 3839
848 4006
848 5317
848 5535
848 5818
848 6722
848 6997
848 7375
848 8060
848 8066
848 9408
848 9413
848 9417
848 9873
848 11395
848 11510
849 3571
849 4949
849 5088
849 5647
849 6145
849 6264
849 6401
849 6934
849 7996
849 8503
849 8589
849 8762
849 8994
849 11286
849 11417
849 11552
850 1288
850 1599
850 1646
850 2323
850 2416
850 4182
850 4656
850 4840
850 5233
850 7128
850 11762
850 12185
850 12456
851 887
851 2574
851 3424
851 3790
851 3839
851 4460
851 4722
851 5368
851 5535
851 5818
851 7442
851 8467
851 9417
851 9610
851 10369
851 11692
852 1027
852 4713
852 6046
852 8177
852 9137
852 9377
852 9482
852 9573
852 9597
852 9925
852 10617
853 4360
853 4649
853 6215
853 7161
853 7391
853 8436
853 8607
853 8851
853 8943
853 8983
853 9105
853 10250
853 10655
853 10975
853 12451
853 12552
854 1348
854 1513
854 1730
854 2498
854 2687
854 2932
854 3021
854 3756
854 4268
854 5041
854 7845
854 8139
854 8157
854 8751
854 8871
854 9237
854 9477
854 10144
855 2389
855 2761
855 2915
855 2926
855 4322
855 5702
855 6951
855 7156
855 8418
855 9878
855 10324
855 11817
856 1807
856 2648
856 3108
856 3385
856 3553
856 3973
856 5063
856 5187
856 7742
856 8323
856 8801
856 8834
856 8944
856 9827
856 10267
856 10766
856 11216
856 11536
856 12179
857 2069
857 3850
857 4207
857 4787
857 6488
857 8012
857 8207
857 8281
857 8771
857 9487
857 9752
857 9758
858 2268
858 2407
858 2439
858 2507
858 2528
858 2820
858 3004
858 4059
858 4826
858 5290
858 5390
858 5455
858 5844
858 5904
858 6042
858 6494
858 6591
858 6665
858 7022
858 8443
858 9420
859 882
859 1602
859 2153
859 2198
859 2288
859 2533
859 2617
859 3011
859 4246
859 4458
859 4713
859 5159
859 5268
859 5922
859 7001
859 7069
859 7212
859 7254
859 9183
859 10470
859 10617
859 10769
859 11049
859 11249
859 11726
859 12096
860 1758
860 2224
860 6868
860 6998
860 7295
860 7412
860 8188
860 8515
860 9676
860 9987
860 11576
860 12427
861 1442
861 2448
861 3406
861 3927
861 4927
861 5884
861 6010
861 6436
861 6561
861 9238
861 9341
862 1393
862 2352
862 2451
862 2735
862 3469
862 4300
862 4336
862 4790
862 4903
862 4984
862 5466
862 5872
862 6499
862 6535
862 9689
862 9920
862 10925
863 917
863 1484
863 1521
863 1846
863 2780
863 3970
863 4133
863 4340
863 4655
863 4956
863 5436
863 6009
863 6770
863 6973
863 7203
863 7903
863 8184
863 9230
863 9545
863 9951
863 12362
864 1534
864 2571
864 4536
864 5833
864 6565
864 6729
864 7136
864 7227
864 7268
864 7494
864 7938
864 8288
864 9492
864 9554
864 11525
865 1214
865 1244
865 1601
865 2374
865 2429
865 2569
865 2743
865 2918
865 3908
865 3929
865 4794
865 5380
865 7200
865 9280
865 10548
865 11674
866 3373
866 6157
866 7714
866 8262
866 8566
866 8686
866 8958
866 9086
866 9288
866 10017
866 10143
866 11559
866 12211
867 1616
867 1784
867 2026
867 2736
867 3259
867 3369
867 3649
867 3752
867 3790
867 3923
867 3946
867 5136
867 5674
867 5794
867 6549
867 7332
867 9650
867 10679
868 1983
868 3308
868 3372
868 3705
868 3737
868 6052
868 6792
868 7279
868 9468
868 10079
868 10918
868 11261
868 11344
868 11533
869 880
869 1095
869 1293
869 2071
869 3681
869 4710
869 5106
869 5498
869 5672
869 6445
869 6551
869 9163
869 9246
869 9961
869 9987
869 10678
869 10803
869 12098
870 1400
870 1734
870 3408
870 3448
870 3708
870 3718
870 3772
870 5921
870 6497
870 8394
870 9315
870 9571
870 9776
870 10294
870 10600
870 11670
871 1341
871 1481
871 2434
871 2531
871 2861
871 3092
871 5178
871 6904
871 7245
871 7389
871 7597
871 8561
871 9110
871 9454
871 11770
872 1062
872 3417
872 4683
872 4786
872 6120
872 6381
872 8280
872 9382
872 10102
872 10886
872 11151
872 11835
872 12318
872 12390
873 1527
873 1941
873 3425
873 3481
873 4579
873 4837
873 5706
873 6462
873 6580
873 6817
873 8186
873 9127
873 9136
873 10419
873 12464
874 1639
874 3870
874 4077
874 4761
874 5422
874 5423
874 5446
874 5536
874 7003
874 8554
874 9045
874 11237
875 1613
875 2824
875 3097
875 3312
875 3427
875 3683
875 3730
875 4019
875 4214
875 4560
875 5110
875 5216
875 5315
875 5697
875 6833
875 7312
875 7968
875 8061
875 8211
875 8856
875 9268
875 9748
875 9970
875 10000
875 11596
876 1979
876 1995
876 2163
876 2179
876 2457
876 2878
876 2913
876 2986
876 3250
876 3984
876 5056
876 6563
876 7994
876 9637
877 1005
877 1019
877 4359
877 7576
877 7609
877 7676
877 8030
877 8900
877 8979
877 9204
877 9329
877 9565
878 979
878 2594
878 2821
878 3967
878 4041
878 4797
878 6968
878 7118
878 7120
878 7404
878 8925
878 10612
878 11893
878 11907
878 11909
878 12085
879 1682
879 2517
879 2710
879 3422
879 3547
879 4485
879 4721
879 5623
879 10741
880 1095
880 1248
880 2747
880 4710
880 7758
880 9163
880 9246
880 9653
880 10678
881 1708
881 2630
881 4194
881 4225
881 6044
881 8190
881 9394
882 1960
882 2153
882 2361
882 2533
882 4458
882 5132
882 5134
882 7069
883 1174
883 1339
883 1647
883 1978
883 2772
883 3410
883 6129
883 6280
883 8362
883 8635
883 8920
883 9983
883 10133
883 11233
883 11784
883 11789
884 2032
884 2506
884 2751
884 3243
884 3399
884 3796
884 3939
884 4200
884 5867
884 7218
884 8434
884 8904
884 9692
884 10003
884 11009
884 11076
885 903
885 1124
885 3118
885 3561
885 4858
885 5484
885 5606
885 6575
885 6585
885 8805
885 9339
885 11093
886 888
886 1104
886 2929
886 2930
886 3378
886 6483
886 7788
886 9731
886 10052
886 10338
887 2201
887 2574
887 3424
887 4460
887 4722
887 5535
887 5626
887 7442
887 7775
887 9569
887 9610
887 11692
888 1695
888 1731
888 1932
888 2929
888 2930
888 3378
888 6785
888 7425
888 7788
888 8938
888 10052
889 3499
889 3655
889 4002
889 4065
889 4676
889 5405
889 6055
889 8442
889 10059
889 10653
889 11544
889 11760
890 900
890 1909
890 2509
890 3743
890 4751
890 10214
890 10785
891 1516
891 1642
891 1738
891 2655
891 2902
891 3683
891 4215
891 4560
891 4672
891 8658
891 9753
891 9836
891 10224
891 10471
891 10808
892 1040
892 1725
892 2833
892 2968
892 3356
892 3593
892 3744
892 8040
892 8180
892 9185
892 9711
892 12217
893 997
893 1045
893 3536
893 4668
893 5156
893 5638
893 6536
893 7756
893 8514
893 8703
893 9019
893 9092
893 9122
893 9678
893 10117
893 10248
893 10287
893 10812
893 11814
893 11816
894 2100
894 2452
894 3070
894 3471
894 4112
894 4883
894 5198
894 6219
894 8011
894 8243
894 8322
894 8439
894 8549
894 8574
894 9480
894 9595
894 9751
894 10209
894 10843
895 1258
895 4108
895 5158
895 5999
895 6787
895 6907
895 8299
895 8373
895 8908
895 11247
896 2051
896 2197
896 2871
896 3457
896 3504
896 3557
896 4957
896 5404
896 6670
896 9177
896 10103
896 10833
896 11520
896 11615
897 1088
897 1292
897 1750
897 1781
897 2020
897 2462
897 2757
897 2993
897 5297
897 5614
897 5685
897 6002
897 9241
897 9575
897 11650
898 901
898 1187
898 3321
898 5555
898 5876
898 6249
898 7581
898 8266
898 8319
898 8772
898 9207
898 9312
899 930
899 1629
899 2462
899 3615
899 4069
899 5209
899 6002
899 10320
899 10340
899 10622
899 10724
899 11319
899 11492
899 11980
899 12542
900 1351
900 1478
900 1909
900 2383
900 2509
900 3743
900 4751
900 7102
900 10214
900 10785
901 3321
901 4287
901 5555
901 5876
901 6249
901 6856
901 7198
901 7581
901 8319
901 9207
901 9312
901 11495
902 1061
902 1725
902 1987
902 2403
902 3593
902 5253
902 8180
902 9185
902 9278
902 10222
903 1124
903 3118
903 4858
903 5171
903 5484
903 5723
903 6585
903 8479
903 9489
904 2744
904 5399
904 5644
904 5705
904 7514
904 8603
904 8740
904 9002
904 9498
904 10114
904 11029
904 11198
904 12677
905 1140
905 1156
905 1961
905 3757
905 3764
905 4114
905 4208
905 4679
905 4873
905 5613
905 5615
905 7519
905 9459
905 11547
906 1323
906 2467
906 5906
906 8257
906 8434
906 9692
906 10742
906 10836
906 11600
906 12303
907 1967
907 2720
907 2755
907 2756
907 3455
907 5289
907 5307
907 7540
907 7810
907 7837
907 8099
907 9527
907 9887
907 10811
907 12089
907 12099
908 999
908 1569
908 1830
908 2917
908 3301
908 4478
908 4752
908 5397
908 10077
908 11629
909 1707
909 3072
909 3080
909 4486
909 6254
909 6610
909 6745
909 6790
909 7006
909 7468
909 7489
909 7694
909 7950
909 8456
909 8670
909 9176
909 9301
909 11754
910 1272
910 1808
910 2220
910 2641
910 3376
910 4562
910 5880
910 6719
910 8315
910 8924
910 10292
910 10832
911 2015
911 2296
911 5678
911 7215
911 8256
911 9142
911 10105
911 10166
911 11515
912 1159
912 1649
912 2281
912 3052
912 5121
912 5512
912 5622
912 5875
912 6654
912 8494
912 10547
912 11031
913 3329
913 3611
913 4286
913 4538
913 5050
913 5072
913 5344
913 7179
913 7344
913 10762
913 10898
914 2710
914 3422
914 4093
914 4859
914 5151
914 5465
914 8690
914 9233
914 9891
914 9950
914 10924
914 10948
914 10950
914 10969
914 11998
915 2395
915 2762
915 3699
915 5057
915 5252
915 6457
915 8396
915 9275
916 1693
916 2087
916 3024
916 3165
916 3620
916 3976
916 4433
916 4540
916 5995
916 6916
916 7349
916 7832
916 7958
916 8916
916 10195
916 11215
917 1094
917 1242
917 3251
917 4133
917 4349
917 4655
917 4793
917 5689
917 5715
917 6009
917 6770
917 9186
917 9838
917 10496
917 11003
918 2500
918 3065
918 3381
918 4142
918 4837
918 5991
918 6172
918 6420
918 6932
918 8853
918 8860
918 9136
918 9147
918 11614
919 1992
919 2575
919 2577
919 4220
919 4503
919 4747
919 6838
919 7032
919 8042
919 10776
919 11970
920 2019
920 2428
920 4141
920 4866
920 5049
920 6882
920 7941
920 9134
920 9400
920 9732
921 1353
921 2489
921 2538
921 2739
921 3152
921 3668
921 4351
921 4648
921 6444
921 7000
921 7065
921 7440
921 8081
921 8449
921 8485
921 9208
921 10142
921 12079
922 1270
922 2176
922 2240
922 2372
922 3544
922 4394
922 6388
922 7307
923 1766
923 2127
923 2999
923 3153
923 4280
923 5011
923 6270
923 7475
923 8386
923 8540
923 9077
923 9103
923 9213
923 9306
923 10406
923 10737
923 11050
923 11419
924 3842
924 3845
924 5199
924 5831
924 6193
924 10381
924 10988
925 1191
925 1625
925 2435
925 3318
925 5437
925 5474
925 8887
925 11653
925 11656
925 12393
926 2367
926 3667
926 3951
926 4769
926 4913
926 5396
926 5430
926 6165
926 9393
926 10723
926 11568
926 12248
927 3022
927 3116
927 3283
927 3517
927 3634
927 3710
927 3941
927 4307
927 4489
927 4641
927 4885
927 6418
927 8208
927 10006
928 1651
928 1679
928 2488
928 4555
928 5514
928 6397
928 6447
928 7520
928 8899
928 9192
928 10288
928 12104
929 967
929 1075
929 1104
929 1298
929 1359
929 1507
929 1585
929 1695
929 1932
929 2244
929 7824
929 9080
929 9303
929 9726
929 10026
929 10230
929 10338
929 10400
929 10575
929 10700
929 11898
930 2462
930 2757
930 3615
930 4767
930 5614
930 5685
930 6002
930 6593
930 7743
930 10320
930 11319
930 11492
930 12183
931 1378
931 1503
931 3151
931 4031
931 5135
931 6113
931 7291
931 7589
931 9159
931 9550
931 10662
932 2322
932 2703
932 3949
932 7850
932 9448
932 9519
932 10350
933 974
933 2890
933 3940
933 4491
933 4611
933 4826
933 5948
933 6120
933 6665
933 8687
933 10102
933 10134
934 2536
934 2802
934 4319
934 4654
934 5103
934 5176
934 5457
934 7219
934 7503
934 9801
934 10867
934 10976
934 11082
935 1557
935 1772
935 2230
935 2308
935 4374
935 5160
935 5682
935 6871
935 7151
935 7638
935 8183
935 8393
935 8440
935 11021
935 11044
935 11071
935 12697
936 1329
936 3493
936 4828
936 5205
936 5871
936 8151
936 8430
936 9840
936 12291
937 975
937 2274
937 2830
937 3426
937 4301
937 6035
937 6195
937 6921
937 6931
937 7659
937 10176
937 10582
937 12226
938 1314
938 1870
938 2033
938 2427
938 2732
938 4314
938 4383
938 4424
938 4547
938 8178
938 8373
938 9242
938 10061
938 10336
938 11245
938 11712
939 1831
939 2186
939 2525
939 2672
939 3030
939 3421
939 4155
939 5650
939 6325
939 7416
939 8511
939 8782
939 9921
939 9924
939 12394
940 1299
940 1377
940 2673
940 3862
940 4368
940 5653
940 6873
940 11488
941 1494
941 2659
941 3488
941 3584
941 4947
941 5057
941 5844
941 6005
941 6591
941 6761
941 7022
941 7370
941 7615
941 9797
941 10299
942 1733
942 3576
942 4736
942 5181
942 5510
942 5916
942 6041
942 7162
942 7252
942 8144
942 11463
942 12375
943 1595
943 2953
943 3141
943 3502
943 3791
943 3903
943 4121
943 4855
943 5246
943 5359
943 6421
943 6507
943 7282
943 7311
943 9263
943 11679
944 2811
944 2882
944 2883
944 3870
944 3931
944 4077
944 5423
944 6127
944 7241
944 8218
944 9007
944 9045
944 9202
944 9293
944 11797
944 12076
945 1698
945 2505
945 3358
945 3529
945 4960
945 5182
945 7283
945 7618
945 8330
945 10686
946 2633
946 5255
946 5751
946 8426
946 12458
947 1012
947 1043
947 2418
947 2488
947 3297
947 4555
947 4760
947 5738
947 6382
947 6653
947 8855
947 9192
947 9743
947 10691
947 12617
948 1176
948 1769
948 1790
948 3352
948 3359
948 4462
948 6286
948 6705
948 6961
948 7094
948 7566
948 7939
948 8237
948 8332
948 8787
948 9378
949 1608
949 1612
949 3720
949 3818
949 3854
949 4345
949 5616
949 6855
949 10095
949 10631
950 976
950 1034
950 1253
950 1412
950 1567
950 3083
950 3516
950 6523
950 7010
950 7640
950 9396
950 9884
951 1155
951 1406
951 2858
951 3584
951 3699
951 5057
951 6457
951 6802
951 8407
951 9083
951 9797
952 2704
952 3181
952 3333
952 3545
952 3686
952 4572
952 5025
952 5154
952 5892
952 6564
952 7947
952 9841
952 11550
953 1806
953 2199
953 2263
953 2582
953 4816
953 5280
953 5636
953 6880
953 8778
953 8785
953 8966
953 10382
953 10508
953 10553
953 11157
953 11204
953 11676
953 11695
954 2379
954 2698
954 3657
954 4106
954 4692
954 5914
954 6578
954 8550
954 10951
954 11133
955 1372
955 2854
955 3098
955 3467
955 3551
955 4715
955 7113
955 7309
955 7310
955 8182
955 9114
955 11239
955 11519
956 1711
956 3435
956 3588
956 3753
956 4566
956 4750
956 5203
956 6446
956 7530
956 8551
956 8596
956 9026
956 9228
956 10120
956 10258
956 11072
957 1117
957 2670
957 4067
957 4594
957 6431
957 6442
957 6515
957 6818
957 7506
957 10275
958 2003
958 2767
958 3624
958 4134
958 5174
958 5451
958 5947
958 6531
958 7153
958 7491
958 8609
958 9197
958 9404
958 9719
959 1459
959 3400
959 4033
959 4131
959 5219
959 5726
959 6263
959 6399
959 7130
959 7408
959 7552
959 7874
959 7892
959 8881
959 9549
959 9615
959 11028
959 11569
959 11591
959 11891
959 11938
960 1598
960 1998
960 2697
960 4060
960 6525
960 7686
960 10192
960 10951
960 11187
960 11241
960 11445
960 11636
960 12334
960 12517
960 12527
961 3344
961 4083
961 4085
961 5156
961 5228
961 5397
961 6611
961 6634
961 7725
961 7932
961 7964
961 8991
961 9603
961 10363
961 10396
961 11629
961 11902
961 12092
962 1453
962 2440
962 3256
962 3461
962 3890
962 4476
962 4908
962 4941
962 5237
962 5549
962 6568
962 8271
962 10035
962 10139
962 10735
963 1150
963 1225
963 1450
963 1589
963 1988
963 3558
963 4830
963 4901
963 5045
963 6477
963 6660
963 6866
963 10690
964 977
964 1189
964 1486
964 1782
964 2318
964 2991
964 3950
964 4500
964 4719
964 4950
964 5633
964 6402
964 7568
964 7572
964 7625
964 11526
965 1261
965 5772
965 9394
965 9640
966 2238
966 2855
966 2907
966 3014
966 4373
966 4994
966 5140
966 5709
966 6830
966 9239
966 9259
966 10123
966 11282
966 12283
967 1075
967 1577
967 2244
967 3122
967 3931
967 6127
967 6470
967 7824
967 8160
967 8748
967 9726
967 10026
967 10575
967 10700
967 11797
967 12076
968 1129
968 2537
968 2631
968 2719
968 3167
968 3697
968 3821
968 3925
968 4296
968 5611
968 7157
968 10654
968 11502
969 2661
969 2982
969 3237
969 3822
969 3986
969 4165
969 7004
969 7353
969 7569
969 7894
969 7906
969 7987
969 9814
969 11769
970 1063
970 1069
970 1517
970 2564
970 2894
970 2956
971 1909
971 2383
971 4138
971 4746
971 6053
971 6950
971 7337
971 7816
971 7990
971 8769
971 9729
971 10375
972 1320
972 1387
972 1491
972 3074
972 5093
972 6697
972 7066
972 8410
972 8575
972 8943
972 9037
972 9181
972 9251
973 1773
973 5016
973 5335
973 6443
973 6668
973 7187
973 9459
973 10050
973 10066
973 10159
974 2890
974 3940
974 4611
974 4826
974 5788
974 5948
974 6120
974 6290
974 6665
974 10134
974 10856
974 12322
975 2152
975 2274
975 2830
975 3426
975 4301
975 4747
975 5313
975 6035
975 6195
975 6417
975 6524
975 6896
975 10176
975 10582
976 1412
976 1567
976 1685
976 1763
976 1787
976 2292
976 3221
976 5609
976 6798
976 7640
976 10555
976 11206
977 1005
977 1189
977 1309
977 1782
977 2579
977 4500
977 4950
977 6402
977 6807
977 7625
977 11802
978 1554
978 2390
978 3009
978 3692
978 3799
978 6544
978 7176
978 7642
978 8852
978 9772
978 12223
979 2053
979 2821
979 4645
979 4797
979 6968
979 7749
979 8858
979 10348
979 10612
979 11893
979 12085
980 2206
980 2329
980 3193
980 3482
980 4523
980 5012
980 6852
980 6981
980 7000
980 8485
980 8580
980 9054
980 9768
980 10720
981 1670
981 3086
981 4477
981 4744
981 8454
981 9196
981 9906
981 10185
981 10253
981 10530
982 985
982 989
982 2022
982 2420
982 3513
982 5351
982 6414
982 6441
982 7665
983 1006
983 1237
983 1466
983 3706
983 6650
983 6837
983 6986
983 7362
983 10383
983 11358
983 11884
983 12514
984 998
984 2206
984 2606
984 3708
984 4897
984 5310
984 5910
984 5969
984 8500
984 8560
984 8581
984 8695
984 8734
984 9295
984 11217
984 12693
985 989
985 2022
985 2420
985 3513
985 5074
985 5094
985 5351
985 6441
986 1472
986 3223
986 3507
986 4269
986 5911
986 6004
986 6242
986 9672
986 9805
986 10810
987 1081
987 2444
987 2546
987 3436
987 3568
987 4163
987 4248
987 4459
987 4638
987 4756
987 4814
987 4980
987 6843
987 6903
987 7247
987 8708
987 9033
987 9774
987 10457
987 10778
987 11795
988 3380
988 3578
988 4258
988 4263
988 4585
988 6615
988 6994
988 7887
988 9600
988 10461
988 10542
988 11311
988 11761
988 11982
989 1357
989 2022
989 5351
989 6452
989 11500
990 1676
990 1804
990 3357
990 3540
990 4551
990 5356
990 5996
990 7170
990 7327
990 7462
990 8054
990 8100
990 12654
991 1429
991 1705
991 2120
991 3311
991 3848
991 6661
991 6748
991 6911
991 11542
992 1911
992 2033
992 2885
992 2931
992 3910
992 4424
992 4765
992 4781
992 6530
992 7499
992 12207
993 1394
993 1610
993 1643
993 2213
993 3277
993 3876
993 3877
993 3881
993 6063
993 6315
993 8006
993 8127
993 8296
993 8750
993 8923
993 8996
993 10214
993 10225
993 10846
994 1353
994 1370
994 1689
994 2060
994 2555
994 4037
994 4351
994 6061
994 6628
994 6949
994 7440
994 7684
994 8095
994 8191
994 9018
994 12696
995 1154
995 1216
995 1351
995 2383
995 2411
995 2413
995 3242
995 4206
995 4848
995 5098
995 5408
995 6617
995 7102
995 7288
995 8028
995 9175
996 1961
996 2092
996 2351
996 2353
996 2699
996 2796
996 2870
996 2992
996 3349
996 4208
996 4873
996 5330
996 5793
996 5887
996 6154
996 7770
996 9101
996 9877
996 9965
996 10140
996 10820
996 11940
996 11965
997 1045
997 1047
997 4668
997 5638
997 5730
997 6210
997 6288
997 7756
997 8568
997 8616
997 9019
997 10117
997 10248
997 12560
998 2920
998 3606
998 5310
998 5738
998 5949
998 5969
998 6653
998 8695
998 8922
998 9295
998 9613
998 10030
998 11266
998 11771
999 1830
999 2004
999 2917
999 2975
999 3301
999 4752
999 5052
999 7278
999 9100
999 9678
1000 2680
1000 3435
1000 3525
1000 3745
1000 3753
1000 4415
1000 5095
1000 6446
1000 11213
1001 1028
1001 4084
1001 5243
1001 6404
1001 6848
1001 6985
1001 7351
1001 7355
1001 8731
1001 9123
1001 9646
1001 10743
1001 12220
1001 12352
1001 12353
1002 1760
1002 2624
1002 3096
1002 3402
1002 3483
1002 4418
1002 4997
1002 5382
1002 5830
1002 7080
1002 7441
1002 8022
1002 8578
1002 9439
1002 9778
1002 10376
1002 11111
1003 2402
1003 2771
1003 3929
1003 7182
1003 9686
1003 9709
1003 9789
1003 10281
1003 10438
1003 11453
1003 12298
1003 12409
1003 12624
1004 2260
1004 2600
1004 2793
1004 3253
1004 4393
1004 5684
1004 9699
1004 9907
1004 10198
1004 10490
1004 10578
1004 10599
1004 10724
1004 11246
1004 12513
1004 12543
1005 1019
1005 1078
1005 1486
1005 1782
1005 1820
1005 1825
1005 2003
1005 2767
1005 3281
1005 4359
1005 4500
1005 4976
1005 5947
1005 6085
1005 6352
1005 6402
1005 8900
1005 9131
1005 9204
1005 9329
1005 11590
1005 11802
1005 11829
1006 1466
1006 1992
1006 2713
1006 2896
1006 3706
1006 5182
1006 5190
1006 5314
1006 6650
1006 6986
1006 7362
1006 7387
1006 7583
1006 10284
1006 10383
1007 1315
1007 1759
1007 1994
1007 2113
1007 3619
1007 4250
1007 4327
1007 7361
1007 7667
1007 10615
1007 10840
1007 11379
1007 11381
1007 11384
1007 11400
1008 1258
1008 1643
1008 2053
1008 3429
1008 4645
1008 4797
1008 4989
1008 6383
1008 6723
1008 7749
1008 8166
1008 8492
1008 8858
1008 9966
1008 10254
1008 11718
1009 1048
1009 1669
1009 2534
1009 2632
1009 3095
1009 3307
1009 5311
1009 6641
1009 6674
1009 9138
1010 2558
1010 3305
1010 3504
1010 4455
1010 4875
1010 4899
1010 5401
1010 6103
1010 6363
1010 6659
1010 10647
1010 10758
1011 2035
1011 2706
1011 3117
1011 3341
1011 6614
1011 8122
1011 8143
1011 9170
1011 9414
1011 9451
1011 9671
1012 1031
1012 1043
1012 2271
1012 2418
1012 6653
1012 9145
1012 9743
1012 10660
1012 10670
1012 10691
1013 1047
1013 1677
1013 1686
1013 1721
1013 2030
1013 2266
1013 3536
1013 4324
1013 4996
1013 6210
1013 6885
1013 8736
1013 10248
1014 1168
1014 1892
1014 2796
1014 2992
1014 3182
1014 5793
1014 5887
1014 6029
1014 7342
1014 8896
1014 9256
1015 1261
1015 2675
1015 3460
1015 3962
1015 4299
1015 4520
1015 4591
1015 5772
1015 6408
1015 6520
1015 7392
1015 7755
1015 7834
1015 11756
1016 1464
1016 1914
1016 2113
1016 2425
1016 3015
1016 3590
1016 5044
1016 5328
1016 6519
1016 8230
1016 8444
1016 9220
1016 9412
1016 9954
1016 10232
1017 1375
1017 1682
1017 3844
1017 4535
1017 4631
1017 4896
1017 5585
1017 5623
1017 6068
1017 7406
1017 8169
1017 9265
1017 11842
1018 1092
1018 1204
1018 1709
1018 2523
1018 5115
1018 5660
1018 6683
1018 6862
1018 7467
1018 7708
1018 8518
1018 8947
1018 9799
1018 12239
1018 12240
1018 12274
1018 12429
1019 1668
1019 1825
1019 2767
1019 4359
1019 4976
1019 6403
1019 8609
1019 8900
1019 8979
1019 9329
1019 11746
1019 11802
1019 12620
1020 1176
1020 1540
1020 2005
1020 2237
1020 3105
1020 3220
1020 3500
1020 3827
1020 4114
1020 4653
1020 5412
1020 5658
1020 6279
1020 8459
1020 11547
1021 2490
1021 2614
1021 3863
1021 3866
1021 4156
1021 4261
1021 4822
1021 5164
1021 7728
1021 7833
1021 8799
1021 10129
1021 10365
1021 11300
1022 1043
1022 1049
1022 4035
1022 4541
1022 5764
1022 7273
1022 7516
1022 8399
1022 8982
1022 9148
1022 9249
1023 1050
1023 1673
1023 3296
1023 3303
1023 3727
1023 6652
1023 7078
1023 7463
1023 8116
1023 9525
1023 10728
1023 10732
1023 11026
1023 11543
1024 1096
1024 1262
1024 1336
1024 1658
1024 2011
1024 2562
1024 2991
1024 5076
1024 7568
1024 8672
1024 12420
1024 12517
1025 1972
1025 4832
1025 5791
1025 6570
1025 7096
1025 7122
1025 9747
1025 9917
1025 10850
1025 10861
1025 11278
1025 11833
1025 12251
1025 12267
1025 12314
1026 1833
1026 1906
1026 2834
1026 3951
1026 4809
1026 5153
1026 5398
1026 6909
1026 8486
1026 9224
1026 9450
1026 9513
1026 12209
1027 1468
1027 2039
1027 2085
1027 3011
1027 3102
1027 3166
1027 4337
1027 4550
1027 4713
1027 6225
1027 7748
1027 9137
1027 9153
1027 9482
1027 9573
1027 9597
1027 9925
1027 10617
1027 10712
1027 11726
1028 1102
1028 2270
1028 3214
1028 3696
1028 5243
1028 5308
1028 6404
1028 6848
1028 7355
1028 7753
1028 8313
1028 9123
1028 9257
1028 12353
1029 1038
1029 2145
1029 6471
1029 8241
1029 8309
1029 8737
1029 12430
1029 12648
1029 12689
1030 1723
1030 2299
1030 2492
1030 3440
1030 6712
1030 7025
1030 8204
1030 8332
1030 10566
1030 10666
1030 11847
1030 12378
1031 1043
1031 2271
1031 2418
1031 3859
1031 5764
1031 6653
1031 9145
1031 10670
1032 1165
1032 1518
1032 2287
1032 2297
1032 6724
1032 7235
1032 9082
1032 9660
1033 2869
1033 3106
1033 3235
1033 3820
1033 3847
1033 3892
1033 5695
1033 6776
1033 7646
1033 7762
1033 9389
1033 10936
1033 11096
1033 11841
1034 1567
1034 3083
1034 5376
1034 6523
1034 7010
1034 9087
1034 9396
1034 9884
1035 1201
1035 1230
1035 1621
1035 2306
1035 2547
1035 2983
1035 3071
1035 3723
1035 4048
1035 4157
1035 5028
1035 5195
1035 5266
1035 5309
1035 5482
1035 5667
1035 8651
1035 8724
1035 8934
1035 9522
1035 10707
1035 10752
1035 11768
1036 1196
1036 2084
1036 2273
1036 2800
1036 3176
1036 3388
1036 3981
1036 5194
1036 5369
1036 6503
1036 6900
1036 8311
1036 9746
1036 9756
1036 9790
1036 11621
1037 1334
1037 1371
1037 2053
1037 2650
1037 3060
1037 3430
1037 9309
1037 9348
1037 9693
1037 9972
1037 10227
1037 10332
1037 10334
1037 11598
1038 1207
1038 2145
1038 5153
1038 6471
1038 6851
1038 7784
1038 8241
1038 8309
1038 8737
1038 10024
1038 11235
1038 11567
1038 11568
1038 11776
1038 12218
1038 12357
1039 1064
1039 1180
1039 2114
1039 2125
1039 3025
1039 3414
1039 4416
1039 4488
1039 4948
1039 5766
1039 6894
1039 7315
1039 8395
1039 8553
1039 8936
1039 9346
1039 10010
1039 10394
1039 12460
1039 12602
1040 1061
1040 1137
1040 1725
1040 2833
1040 3025
1040 3356
1040 4488
1040 7759
1040 8180
1040 8424
1040 9185
1040 9278
1040 9711
1041 1433
1041 2642
1041 2789
1041 3100
1041 3300
1041 4974
1041 5442
1041 5620
1041 5962
1041 6643
1041 8465
1041 8942
1041 9769
1041 9790
1041 10744
1041 11479
1041 11621
1041 12369
1042 2091
1042 3441
1042 3585
1042 3926
1042 5188
1042 6644
1042 7058
1042 7091
1042 7472
1042 7570
1042 7648
1042 9493
1042 9822
1042 11251
1042 11389
1043 1049
1043 2418
1043 3859
1043 4035
1043 4541
1043 4555
1043 5738
1043 5764
1043 6653
1043 7273
1043 8399
1043 8922
1043 8982
1043 9192
1043 9249
1043 9743
1043 10670
1043 11027
1043 11771
1043 12597
1043 12617
1044 1125
1044 1553
1044 2392
1044 2415
1044 2933
1044 4423
1044 4776
1044 4999
1044 6484
1044 7190
1044 7322
1045 1678
1045 4668
1045 5730
1045 6536
1045 8616
1045 8667
1045 9019
1045 9092
1045 9122
1045 10117
1045 10248
1045 10287
1045 10812
1045 11057
1045 12560
1046 2118
1046 2182
1046 2535
1046 2632
1046 5311
1046 7155
1047 1721
1047 3536
1047 4668
1047 6210
1047 6288
1047 6885
1047 7756
1047 8568
1047 8587
1047 8736
1047 10248
1048 1053
1048 1508
1048 1687
1048 2182
1048 2535
1048 2632
1048 3187
1048 3307
1048 3596
1048 5311
1048 6674
1048 7482
1049 4541
1049 7125
1049 7273
1049 7516
1049 8236
1049 8399
1049 9148
1049 11010
1049 12617
1050 2979
1050 3727
1050 3918
1050 6610
1050 6652
1050 6979
1050 7078
1050 8773
1050 10728
1050 11543
1050 11577
1051 2543
1051 2730
1051 3066
1051 3099
1051 4040
1051 4437
1051 4623
1051 6605
1051 6656
1051 6863
1051 7023
1051 7038
1051 7340
1051 7709
1051 8460
1051 8591
1051 8620
1051 9364
1051 9760
1051 10926
1051 12417
1052 1285
1052 1301
1052 1337
1052 1424
1052 1461
1052 2556
1052 2806
1052 4116
1052 4421
1052 5989
1052 6505
1052 6633
1052 9211
1052 9307
1052 9330
1053 1412
1053 1508
1053 1614
1053 1687
1053 1815
1053 2249
1053 2535
1053 2594
1053 2788
1053 6560
1053 6637
1053 6968
1053 7293
1053 7339
1053 7482
1053 9396
1053 9530
1053 9884
1053 10713
1053 11579
1054 1508
1054 1542
1054 2674
1054 3095
1054 3307
1054 5868
1054 6641
1054 8046
1054 8074
1054 8974
1054 11812
1054 12350
1054 12358
1055 1425
1055 3261
1055 3263
1055 3273
1055 3331
1055 7846
1055 7907
1055 8173
1055 10602
1055 10625
1055 11112
1055 11406
1055 11640
1056 2597
1056 3019
1056 3170
1056 3344
1056 3869
1056 4083
1056 4085
1056 4094
1056 4176
1056 4317
1056 6750
1056 7820
1056 9308
1056 10363
1056 11917
1056 11937
1057 1391
1057 3859
1057 4380
1057 4541
1057 5756
1057 5764
1057 6377
1057 6755
1057 7410
1057 7471
1057 7516
1057 9436
1057 11010
1058 1333
1058 1383
1058 1811
1058 2749
1058 6602
1058 9579
1058 11735
1058 12247
1059 2380
1059 2468
1059 2479
1059 6019
1059 8489
1059 9166
1059 9331
1059 9631
1059 10489
1059 11512
1060 1895
1060 3207
1060 5716
1060 5718
1060 5788
1060 7650
1060 7760
1060 9420
1060 9426
1060 10497
1060 10701
1060 10856
1060 12661
1061 1137
1061 1987
1061 2001
1061 2403
1061 3356
1061 6883
1061 8350
1061 8424
1061 9185
1061 9278
1061 9816
1061 10524
1061 11378
1061 12146
1062 1388
1062 1506
1062 1545
1062 1657
1062 2075
1062 2510
1062 3636
1062 4158
1062 4683
1062 4872
1062 5986
1062 6381
1062 6725
1062 7264
1062 8477
1062 9347
1062 9382
1062 10174
1062 10693
1062 10886
1062 10890
1062 11835
1062 12318
1063 1069
1063 1408
1063 2013
1063 2564
1063 2894
1063 7130
1063 7206
1063 7670
1063 9615
1063 9835
1063 10302
1063 11801
1063 11840
1064 1180
1064 2114
1064 3414
1064 5668
1064 5766
1064 8553
1064 8576
1064 9346
1065 1094
1065 3503
1065 4349
1065 4793
1065 4915
1065 5091
1065 5099
1065 5715
1065 9838
1065 9840
1065 10864
1065 11003
1065 11121
1066 1203
1066 1245
1066 2907
1066 3719
1066 4862
1066 4898
1066 4994
1066 5595
1066 5709
1066 9236
1066 9335
1066 9399
1066 9994
1067 1933
1067 2187
1067 3610
1067 3770
1067 3953
1067 4336
1067 6003
1067 6878
1067 9129
1067 9157
1067 9848
1067 10547
1067 12134
1067 12363
1067 12629
1068 1225
1068 1416
1068 1968
1068 1988
1068 2503
1068 3362
1068 3401
1068 3558
1068 3825
1068 3874
1068 3901
1068 6032
1068 6939
1068 6982
1068 9939
1068 10690
1068 10774
1068 11491
1069 1135
1069 1517
1069 2894
1069 2956
1069 7206
1069 8138
1069 9835
1069 11262
1069 11801
1070 1527
1070 2028
1070 2190
1070 3067
1070 3694
1070 4961
1070 6580
1070 7960
1070 8186
1070 8261
1070 8263
1070 10750
1071 1227
1071 1233
1071 2050
1071 4015
1071 4711
1071 4864
1071 5000
1071 9409
1071 9976
1071 10319
1071 10446
1071 10658
1072 1163
1072 2391
1072 3925
1072 4296
1072 5708
1072 6510
1072 7157
1072 7938
1072 8328
1072 9248
1072 10286
1073 1809
1073 3569
1073 3629
1073 3894
1073 6364
1073 7091
1073 8731
1073 8866
1073 9493
1073 9646
1073 10972
1073 11242
1074 4240
1074 4503
1074 6149
1074 6218
1074 6826
1074 6838
1074 7332
1074 7354
1074 8042
1074 9734
1074 10150
1074 10899
1074 11959
1075 1219
1075 1507
1075 1577
1075 2244
1075 3122
1075 5731
1075 7824
1075 9447
1075 9726
1075 9802
1076 2716
1076 3091
1076 4038
1076 6669
1076 10053
1076 10171
1076 10173
1076 10190
1076 11822
1077 1638
1077 2733
1077 2858
1077 4032
1077 4594
1077 6802
1077 7656
1077 9083
1077 10069
1077 10680
1077 11910
1077 12142
1078 1486
1078 1782
1078 2202
1078 3033
1078 4457
1078 4643
1078 4719
1078 5043
1078 6352
1078 6606
1078 6797
1078 7785
1078 8868
1078 11590
1078 11733
1078 11829
1079 1519
1079 4227
1079 4729
1079 5929
1079 6415
1079 7136
1079 9267
1079 9554
1079 11120
1079 11330
1080 2943
1080 3469
1080 6091
1080 6339
1080 6535
1080 6736
1080 7199
1080 7377
1080 7671
1080 8413
1080 10956
1080 10977
1080 11155
1080 11170
1080 11440
1080 12541
1081 3904
1081 4248
1081 4459
1081 4814
1081 6903
1081 7247
1081 9108
1082 2086
1082 5988
1082 6577
1082 8805
1082 9339
1082 9372
1082 9427
1082 11093
1083 1458
1083 2215
1083 3327
1083 3624
1083 5139
1083 6435
1083 7367
1083 7718
1083 7876
1083 8513
1083 8643
1083 8704
1083 8725
1083 9197
1083 12354
1083 12621
1084 1159
1084 3052
1084 4842
1084 5512
1084 5637
1084 5875
1084 6184
1084 8701
1084 9157
1084 9191
1084 9193
1084 10547
1085 2454
1085 2814
1085 3173
1085 3544
1085 3964
1085 4364
1085 4493
1085 4660
1085 6111
1085 6388
1085 7228
1085 7801
1085 9979
1085 10412
1085 11207
1085 11276
1085 11305
1085 11324
1085 11553
1085 11707
1085 12316
1086 2585
1086 3382
1086 4499
1086 5281
1086 6602
1086 7483
1086 7942
1086 9345
1086 9588
1086 9832
1086 10715
1086 11506
1087 1303
1087 1970
1087 2748
1087 3218
1087 3323
1087 3907
1087 4830
1087 5045
1087 5092
1087 6267
1087 7320
1087 7532
1087 7892
1087 8881
1087 10431
1087 10914
1087 10919
1087 11591
1087 11891
1088 1292
1088 2020
1088 2089
1088 4023
1088 4801
1088 5297
1088 9241
1088 9974
1089 1179
1089 1975
1089 2226
1089 2556
1089 2806
1089 3246
1089 3387
1089 3452
1089 4160
1089 7494
1089 7704
1089 8093
1089 9172
1089 9210
1089 9428
1089 10252
1089 10379
1089 10485
1089 10768
1089 12377
1089 12453
1090 1213
1090 1723
1090 2040
1090 2492
1090 3286
1090 3574
1090 3942
1090 4317
1090 5196
1090 6712
1090 8404
1090 11622
1091 1144
1091 1935
1091 2582
1091 3959
1091 4108
1091 5999
1091 6476
1091 6787
1091 6880
1091 7724
1091 8373
1091 8785
1091 8908
1091 8966
1091 9728
1091 11343
1092 2523
1092 3678
1092 6683
1092 6862
1092 7623
1092 7708
1092 8518
1092 9821
1092 12239
1092 12240
1092 12274
1092 12429
1093 1418
1093 1598
1093 2697
1093 4060
1093 5105
1093 7686
1093 8718
1093 9322
1093 9437
1094 4133
1094 4349
1094 5715
1094 6571
1094 6770
1094 9838
1094 10864
1094 10881
1094 11121
1094 11467
1095 1486
1095 2180
1095 2747
1095 3950
1095 4710
1095 9163
1095 9246
1095 10937
1095 11526
1095 12256
1096 1336
1096 1658
1096 2011
1096 4981
1096 5076
1096 7568
1097 1202
1097 2160
1097 3425
1097 3481
1097 4579
1097 4827
1097 4834
1097 5696
1097 6378
1097 6824
1097 8505
1097 8901
1097 9004
1097 10156
1097 10419
1097 11259
1097 11484
1098 1550
1098 1626
1098 1839
1098 2168
1098 3637
1098 3645
1098 4529
1098 4560
1098 5191
1098 5212
1098 5305
1098 5315
1098 5697
1098 6914
1098 7414
1098 8061
1098 8856
1098 9669
1098 10366
1098 11575
1099 3116
1099 3283
1099 3352
1099 3941
1099 4489
1099 4885
1099 7939
1099 8332
1099 9378
1099 9460
1099 11847
1099 11993
1099 12467
1100 1101
1100 1332
1100 2948
1100 3533
1100 4333
1100 4983
1100 6583
1100 7263
1100 8200
1100 9441
1100 10070
1100 10293
1100 12478
1101 1332
1101 1495
1101 1510
1101 1706
1101 2948
1101 3533
1101 3782
1101 4983
1101 7114
1101 9360
1101 10070
1101 10673
1101 11074
1101 12478
1102 1559
1102 2270
1102 5142
1102 5243
1102 6404
1102 7696
1102 9123
1102 9257
1102 9828
1102 10765
1102 12220
1103 2807
1103 3132
1103 3698
1103 4008
1103 4329
1103 5007
1103 5192
1103 7365
1103 8292
1103 8384
1103 8818
1103 8852
1103 10221
1103 10242
1103 10629
1103 11827
1104 1695
1104 1960
1104 2198
1104 2361
1104 2533
1104 3107
1104 6027
1104 7788
1104 9080
1104 10052
1104 10338
1104 10769
1104 10902
1104 11898
1105 1701
1105 2006
1105 2540
1105 4162
1105 4857
1105 8583
1105 9002
1105 9289
1105 9498
1105 9628
1105 10109
1106 2911
1106 5463
1106 5721
1106 10673
1106 10862
1106 10875
1106 11087
1106 11120
1107 1862
1107 2581
1107 3198
1107 4238
1107 4832
1107 5797
1107 6553
1107 6570
1107 9484
1107 9747
1107 11153
1107 11322
1107 11375
1107 11833
1108 1911
1108 3646
1108 4921
1108 5227
1108 5325
1108 5420
1108 6167
1108 7499
1108 8353
1108 10501
1108 10504
1108 10908
1109 2252
1109 3833
1109 4495
1109 5123
1109 5206
1109 7287
1109 7515
1109 8623
1109 9383
1109 9630
1109 10563
1109 11687
1110 1294
1110 2081
1110 2172
1110 4163
1110 4557
1110 4959
1110 6631
1110 6843
1110 7963
1110 9764
1110 10778
1110 10786
1110 10823
1110 12325
1111 1306
1111 2878
1111 5184
1111 6563
1111 7994
1111 10232
1111 10704
1112 1775
1112 2450
1112 2482
1112 2484
1112 3627
1112 3696
1112 3774
1112 5020
1112 5532
1112 6188
1112 6740
1112 7920
1112 8967
1112 9203
1112 9449
1112 9674
1112 10014
1112 10725
1112 11257
1113 1390
1113 1604
1113 2167
1113 2511
1113 3758
1113 4011
1113 4426
1113 5379
1113 6029
1113 6482
1113 6678
1113 6839
1113 9169
1113 9273
1113 9675
1114 2752
1114 2797
1114 3874
1114 4080
1114 4188
1114 4658
1114 5556
1114 6672
1114 6682
1114 6889
1114 6982
1114 9714
1114 9715
1114 11969
1114 12043
1114 12175
1114 12450
1115 2221
1115 2287
1115 4940
1115 5803
1115 5808
1115 7005
1115 7007
1115 7940
1116 1474
1116 2326
1116 3189
1116 3265
1116 3933
1116 5189
1116 7672
1117 1844
1117 2298
1117 2302
1117 2670
1117 2812
1117 5272
1117 6431
1117 6442
1117 6515
1117 6910
1117 11538
1117 11819
1117 12000
1118 2072
1118 2447
1118 3049
1118 3566
1118 3667
1118 4029
1118 4278
1118 4913
1118 5109
1118 5415
1118 5816
1118 6289
1118 8301
1118 9825
1118 10153
1118 10310
1118 10698
1119 1445
1119 2311
1119 2384
1119 3728
1119 4195
1119 6008
1119 6623
1119 6945
1119 7147
1119 7384
1119 11740
1120 1277
1120 1297
1120 2709
1120 5337
1120 5617
1120 6135
1120 6181
1120 8034
1120 9227
1120 9253
1120 10611
1120 10987
1120 12087
1121 1280
1121 1884
1121 1974
1121 2604
1121 3767
1121 3808
1121 4122
1121 5513
1121 6035
1121 6195
1121 6931
1121 6941
1121 10176
1121 10204
1121 11838
1121 12226
1122 2646
1122 2836
1122 2941
1122 3653
1122 3656
1122 3778
1122 4470
1122 5283
1122 7525
1122 8861
1122 9401
1122 10005
1122 10247
1122 10399
1122 11698
1123 3798
1123 3875
1123 4624
1123 7018
1123 7741
1123 8112
1123 8480
1123 9189
1123 9332
1123 9804
1123 9997
1123 11524
1123 11772
1124 1618
1124 3561
1124 4331
1124 4990
1124 5484
1124 5723
1124 6575
1124 6577
1124 6582
1124 6585
1124 7408
1124 8805
1124 11093
1125 1553
1125 2392
1125 2399
1125 2415
1125 2933
1125 4750
1125 4999
1125 7322
1125 12255
1126 1498
1126 1509
1126 3315
1126 3554
1126 4432
1126 6799
1126 7104
1126 7736
1126 7872
1126 8546
1126 9321
1126 12684
1127 1518
1127 1727
1127 1869
1127 3691
1127 4738
1127 5998
1127 6724
1127 6769
1127 7895
1127 9082
1127 9614
1127 10656
1127 11790
1128 1274
1128 1580
1128 1628
1128 1800
1128 2503
1128 3023
1128 3135
1128 3750
1128 3901
1128 6099
1128 6456
1128 7320
1128 7526
1128 7790
1128 9824
1128 9849
1128 9939
1128 10919
1128 11491
1128 11868
1129 1182
1129 1984
1129 2258
1129 2719
1129 3150
1129 3167
1129 3958
1129 4880
1129 5611
1129 6233
1129 6869
1129 7157
1129 10654
1129 11502
1130 1396
1130 2518
1130 5097
1130 6360
1130 7645
1130 7910
1130 8464
1130 8604
1130 8633
1130 8674
1130 9392
1130 9936
1130 11109
1131 2858
1131 3789
1131 4032
1131 4226
1131 4851
1131 4881
1131 6256
1131 6566
1131 6913
1131 10069
1131 10397
1131 11910
1132 1891
1132 1968
1132 2093
1132 4104
1132 4581
1132 6391
1132 6982
1133 3922
1133 4635
1133 5491
1133 6250
1133 6646
1133 7657
1133 8008
1133 8461
1133 8562
1133 9291
1133 10705
1134 1545
1134 1664
1134 2075
1134 2857
1134 3127
1134 3443
1134 4693
1134 5073
1134 7183
1134 7281
1134 9347
1134 9773
1134 10021
1134 10174
1134 10264
1135 1517
1135 2663
1135 3391
1135 3906
1135 5505
1135 5529
1135 7280
1135 7396
1135 7553
1135 8138
1135 9474
1135 10086
1135 10407
1135 10711
1135 11422
1135 11499
1135 11801
1135 11811
1136 1745
1136 2598
1136 2621
1136 3005
1136 3049
1136 4739
1136 5294
1136 7660
1136 7778
1136 8206
1136 10082
1136 10153
1137 3356
1137 4597
1137 6006
1137 6883
1137 7524
1137 9185
1137 9278
1137 10502
1137 11378
1138 1439
1138 3457
1138 3913
1138 5724
1138 6304
1138 7123
1138 7198
1138 7581
1138 11495
1138 11520
1139 1304
1139 2334
1139 3458
1139 3495
1139 3651
1139 5290
1139 5390
1139 5591
1139 6014
1139 6042
1139 8364
1139 9350
1139 10567
1139 10992
1140 2138
1140 3054
1140 3764
1140 4208
1140 4679
1140 4873
1140 5615
1140 6257
1140 6365
1140 7519
1141 2277
1141 2715
1141 6492
1141 6559
1141 8556
1141 9467
1141 10756
1141 10896
1141 11799
1142 1654
1142 2847
1142 3113
1142 3398
1142 3446
1142 3787
1142 5403
1142 6781
1142 7081
1142 7084
1142 8809
1142 9463
1142 11493
1143 1210
1143 4255
1143 4403
1143 4758
1143 5172
1143 5952
1143 7041
1143 8836
1143 9104
1143 9107
1143 9298
1143 9333
1143 10002
1143 12306
1144 1637
1144 1862
1144 1935
1144 2251
1144 2864
1144 4108
1144 5158
1144 6476
1144 6787
1144 8908
1144 9728
1144 11807
1145 1889
1145 1960
1145 3419
1145 5132
1145 7036
1145 7069
1145 9080
1145 10186
1145 10575
1145 11691
1145 11898
1146 1918
1146 1944
1146 2109
1146 2117
1146 2303
1146 2668
1146 2805
1146 3337
1146 3669
1146 4430
1146 5632
1146 6092
1146 6581
1146 7883
1146 7909
1146 8010
1146 8302
1146 8826
1147 4166
1147 4854
1147 4860
1147 5336
1147 5808
1147 9587
1147 9934
1147 10300
1147 11610
1147 11633
1147 12261
1148 1499
1148 3703
1148 4556
1148 5351
1148 7573
1148 7598
1148 8026
1148 9541
1148 10060
1148 11073
1148 11912
1149 1219
1149 1541
1149 2892
1149 2950
1149 3581
1149 4167
1149 4564
1149 5038
1149 5679
1149 8397
1149 11506
1149 11527
1150 1988
1150 2196
1150 3218
1150 3362
1150 3558
1150 3811
1150 4830
1150 4901
1150 5051
1150 5645
1150 6059
1150 6808
1150 6937
1150 6939
1150 9302
1150 9844
1151 3483
1151 4821
1151 6731
1151 7080
1151 7441
1151 8657
1151 8807
1151 9209
1152 1540
1152 1769
1152 1861
1152 2027
1152 2237
1152 2290
1152 3500
1152 3533
1152 4412
1152 4874
1152 5658
1152 5848
1152 6202
1152 6432
1152 7114
1152 9947
1152 10673
1152 11022
1152 12137
1153 1280
1153 1974
1153 2604
1153 2866
1153 3754
1153 4088
1153 5048
1153 5137
1153 5182
1153 5513
1153 6016
1153 6524
1153 11573
1153 11838
1154 1216
1154 1351
1154 2411
1154 3242
1154 4848
1154 5078
1154 5090
1154 5098
1154 7288
1154 9982
1155 1406
1155 2395
1155 2919
1155 4856
1155 5252
1155 6457
1155 6802
1155 6803
1155 8451
1156 1184
1156 1961
1156 2005
1156 2589
1156 3661
1156 4114
1156 4695
1156 4907
1156 5261
1156 5468
1156 5613
1156 5615
1156 6279
1156 6845
1156 7334
1156 11547
1157 2393
1157 3499
1157 3655
1157 3695
1157 5405
1157 6410
1157 6467
1157 8442
1158 1521
1158 2386
1158 2425
1158 2451
1158 2590
1158 3607
1158 3610
1158 3770
1158 4334
1158 4336
1158 4903
1158 4956
1158 5436
1158 6499
1158 6879
1158 8184
1158 8821
1158 9230
1158 9649
1158 9954
1158 10025
1158 10704
1158 12363
1158 12593
1158 12594
1158 12629
1159 1649
1159 3052
1159 3679
1159 3994
1159 4842
1159 9157
1159 9814
1159 10547
1159 10620
1159 11031
1160 1621
1160 1834
1160 2049
1160 2081
1160 4370
1160 4557
1160 4979
1160 5516
1160 6544
1160 7644
1160 9097
1160 9508
1160 9510
1160 10778
1161 2030
1161 4324
1161 4640
1161 4668
1161 6210
1161 6253
1161 7169
1161 7523
1161 8231
1161 9486
1161 10080
1161 10117
1161 10626
1161 12560
1162 1755
1162 2183
1162 3073
1162 5159
1162 5922
1162 7001
1162 7201
1162 7254
1162 8327
1162 8910
1162 9496
1162 10607
1163 2391
1163 2537
1163 2841
1163 3578
1163 3925
1163 4088
1163 4372
1163 5708
1163 6510
1163 7938
1163 8288
1164 1166
1164 2104
1164 2223
1164 2990
1164 3501
1164 3760
1164 6123
1164 7789
1165 1518
1165 2287
1165 2297
1165 7235
1165 9082
1165 9660
1165 11790
1166 2104
1166 2223
1166 2990
1166 2996
1166 3501
1166 3760
1166 3810
1166 4357
1166 5410
1166 6123
1166 7789
1167 1291
1167 1640
1167 2340
1167 2469
1167 2884
1167 3712
1167 3991
1167 3992
1167 4777
1167 4869
1167 5265
1167 5576
1167 7110
1167 9388
1168 1604
1168 1790
1168 2992
1168 4018
1168 4426
1168 5379
1168 5651
1168 6029
1168 9256
1168 11940
1169 2836
1169 3447
1169 3653
1169 3682
1169 4836
1169 5023
1169 5031
1169 5169
1169 5547
1169 5590
1169 6147
1169 6946
1169 7752
1169 8212
1169 8849
1169 9180
1169 10005
1169 10160
1169 10263
1169 10289
1169 10399
1169 10819
1169 11546
1169 11698
1169 12231
1170 1733
1170 2985
1170 4356
1170 4403
1170 4736
1170 5005
1170 5013
1170 5181
1170 5213
1170 5276
1170 6247
1170 6584
1170 6933
1170 6966
1170 7252
1170 9333
1170 12306
1171 1532
1171 1533
1171 2316
1171 2481
1171 2932
1171 3524
1171 4825
1171 10830
1171 11011
1171 11274
1172 1824
1172 3034
1172 3165
1172 4218
1172 4226
1172 4540
1172 6566
1172 6916
1172 6991
1172 7958
1172 7981
1172 9663
1172 11910
1172 11923
1172 11978
1172 12277
1172 12311
1173 1480
1173 1828
1173 3010
1173 3632
1173 4266
1173 4402
1173 4490
1173 4554
1173 5003
1173 6338
1173 7191
1173 8219
1173 8470
1173 9117
1173 9674
1173 10765
1173 11040
1173 11582
1173 11834
1174 1647
1174 1949
1174 3410
1174 5744
1174 7531
1174 8635
1174 8920
1174 9983
1174 10133
1174 11233
1174 12077
1175 1722
1175 1801
1175 1832
1175 3535
1175 3955
1175 4024
1175 4647
1175 4718
1175 5117
1175 5477
1175 6975
1175 7664
1176 1540
1176 2237
1176 3220
1176 3352
1176 3359
1176 3738
1176 3757
1176 4114
1176 4873
1176 6705
1176 7566
1176 11022
1176 11547
1177 1443
1177 1801
1177 1832
1177 3016
1177 3894
1177 4298
1177 4698
1177 5554
1177 5909
1177 6969
1177 6975
1177 7664
1177 8300
1177 9652
1177 11710
1178 1430
1178 1735
1178 2952
1178 4195
1178 5518
1178 5933
1178 6930
1178 7147
1178 7384
1178 8020
1178 11740
1178 12237
1179 1975
1179 5197
1179 5304
1179 7494
1179 9172
1179 9428
1179 11525
1179 12377
1180 2114
1180 2125
1180 3414
1180 5668
1180 9346
1181 2094
1181 2822
1181 3092
1181 3571
1181 4197
1181 5088
1181 6283
1181 7127
1181 8585
1181 8588
1181 8613
1181 8994
1182 1884
1182 2742
1182 3150
1182 3167
1182 4122
1182 4407
1182 5141
1182 6233
1182 6811
1182 6869
1182 7157
1182 8712
1182 8995
1182 10654
1182 11394
1183 1432
1183 2973
1183 3808
1183 4465
1183 4527
1183 5023
1183 5313
1183 5499
1183 6035
1183 6195
1183 6524
1183 6941
1183 8796
1183 9032
1183 10204
1183 11020
1183 11267
1184 2589
1184 4050
1184 4673
1184 4695
1184 4700
1184 4835
1184 4907
1184 6279
1184 6845
1184 7334
1185 1382
1185 2935
1185 3214
1185 3456
1185 4586
1185 6625
1185 6649
1185 7621
1185 7791
1185 8105
1185 8152
1185 9205
1185 9499
1185 9505
1185 10031
1185 10896
1186 1643
1186 5966
1186 6063
1186 7158
1186 7293
1186 7800
1186 8341
1186 8419
1186 8858
1186 10254
1186 10348
1186 10846
1187 1358
1187 1943
1187 3321
1187 3817
1187 4525
1187 5113
1187 5555
1187 5704
1187 6513
1187 7210
1187 7581
1187 7669
1187 8319
1187 8772
1187 9207
1187 9312
1187 10290
1187 10413
1187 11039
1188 1513
1188 1730
1188 2498
1188 4020
1188 5041
1188 7181
1188 9388
1188 10262
1189 1199
1189 1309
1189 1658
1189 2011
1189 2318
1189 2579
1189 2991
1189 4950
1189 4981
1189 6807
1189 7568
1189 7572
1189 7625
1189 8672
1189 9579
1190 2106
1190 2235
1190 3241
1190 3884
1190 5122
1190 5643
1190 6965
1190 7165
1190 7915
1190 9299
1190 10643
1190 10827
1191 1625
1191 2984
1191 3322
1191 4471
1191 5355
1191 5474
1191 5737
1191 6040
1191 6137
1191 7894
1191 7906
1191 7908
1191 8245
1191 9749
1191 10278
1191 10697
1191 11627
1191 11653
1192 1778
1192 1802
1192 4082
1192 4229
1192 6861
1192 7048
1192 7460
1192 8797
1192 12249
1192 12332
1193 1681
1193 2123
1193 2215
1193 3192
1193 3624
1193 3734
1193 6403
1193 8428
1193 9151
1193 10426
1193 10779
1194 1814
1194 3927
1194 4344
1194 4927
1194 5161
1194 5884
1194 9687
1194 10721
1195 1366
1195 2785
1195 4805
1195 5991
1195 6872
1195 7056
1195 7711
1195 11708
1195 12448
1196 1558
1196 1982
1196 2273
1196 2651
1196 2800
1196 3176
1196 3244
1196 3449
1196 3838
1196 5369
1196 6503
1196 9507
1196 9746
1196 9926
1197 1472
1197 2170
1197 2174
1197 2565
1197 2825
1197 3507
1197 3836
1197 3844
1197 5429
1197 6004
1197 6068
1197 6384
1197 6506
1197 6714
1197 9120
1197 9465
1197 9805
1198 3868
1198 3882
1198 4693
1198 6761
1198 6895
1198 6924
1198 7739
1198 11521
1199 1250
1199 1333
1199 1383
1199 2043
1199 2749
1199 4690
1199 4887
1199 4950
1199 4981
1199 5066
1199 5170
1199 5531
1199 5943
1199 6020
1199 6782
1199 6807
1199 7591
1199 8672
1199 9579
1199 9607
1199 10373
1200 1345
1200 1407
1200 1523
1200 3312
1200 3715
1200 3730
1200 3956
1200 4010
1200 4019
1200 4531
1200 4958
1200 5701
1200 7558
1200 8305
1200 9752
1200 9970
1200 11757
1201 2983
1201 3515
1201 4042
1201 4110
1201 4404
1201 5028
1201 5309
1201 5667
1201 8724
1201 8934
1201 11558
1202 3156
1202 3425
1202 3481
1202 3591
1202 4579
1202 4834
1202 5696
1202 8186
1202 8389
1202 8791
1202 9065
1202 9276
1202 10156
1203 1606
1203 1836
1203 4327
1203 4862
1203 5036
1203 5234
1203 6406
1203 7077
1203 9335
1203 9994
1203 10110
1203 10451
1204 1671
1204 1709
1204 3075
1204 5115
1204 8565
1204 9044
1204 9690
1204 9766
1204 9898
1204 12240
1204 12364
1204 12429
1205 1928
1205 2530
1205 2532
1205 4704
1205 8450
1205 9442
1205 9641
1205 10328
1205 10695
1205 11063
1205 11732
1206 1655
1206 2557
1206 2559
1206 2998
1206 3013
1206 3104
1206 3511
1206 4335
1206 5760
1206 7501
1206 7999
1206 9255
1206 9325
1206 10924
1206 12272
1207 1492
1207 2145
1207 3990
1207 4005
1207 4590
1207 4769
1207 6471
1207 7588
1207 8309
1207 8755
1207 9224
1207 10056
1207 10604
1207 11568
1207 11776
1207 12248
1207 12357
1208 1711
1208 3435
1208 3753
1208 4091
1208 4109
1208 4953
1208 5095
1208 5183
1208 5421
1208 6095
1208 7190
1208 7305
1208 9228
1209 1474
1209 2823
1209 3189
1209 3265
1209 3794
1209 5189
1209 5550
1209 5767
1209 6703
1209 8371
1209 8794
1209 8889
1209 9525
1209 9935
1209 10728
1209 10993
1210 2076
1210 3087
1210 3295
1210 3937
1210 4612
1210 4639
1210 5690
1210 5952
1210 6933
1210 7041
1210 7366
1210 7447
1210 7860
1210 7911
1210 9104
1210 9333
1210 10610
1210 12243
1210 12306
1210 12550
1211 1464
1211 1465
1211 1484
1211 2015
1211 3609
1211 5039
1211 5328
1211 8256
1211 9220
1211 10166
1211 10503
1211 10615
1211 11316
1211 11699
1212 5480
1212 7341
1212 7653
1212 8073
1212 9845
1212 9931
1212 10614
1212 11432
1212 11986
1212 12063
1212 12178
1212 12494
1213 2597
1213 2966
1213 4280
1213 4317
1213 5304
1213 6054
1213 8404
1213 9809
1213 11052
1213 11074
1213 11622
1213 11870
1214 1244
1214 1572
1214 1601
1214 2374
1214 2569
1214 3995
1214 4763
1214 4764
1214 4928
1214 5975
1214 10281
1214 12409
1215 1237
1215 1287
1215 5394
1215 8814
1215 8824
1215 10018
1215 10111
1215 11675
1216 1351
1216 1909
1216 2021
1216 2383
1216 2656
1216 2977
1216 4105
1216 5078
1216 5081
1216 7288
1216 9982
1216 12212
1216 12222
1217 4653
1217 4673
1217 5034
1217 9060
1217 10357
1217 10358
1217 10909
1217 11997
1217 12297
1218 1269
1218 1644
1218 2016
1218 2115
1218 2703
1218 2873
1218 3949
1218 4515
1218 5033
1218 5652
1218 5670
1218 6119
1218 6487
1218 7328
1218 7357
1218 7394
1218 7850
1218 8335
1218 9730
1218 10441
1219 1714
1219 2031
1219 2098
1219 2950
1219 3581
1219 4167
1219 4564
1219 5287
1219 6825
1219 9274
1219 9447
1220 2856
1220 3446
1220 3787
1220 4655
1220 5166
1220 5257
1220 7444
1220 7890
1220 7903
1220 8278
1220 8809
1220 9951
1220 11195
1220 11231
1220 11865
1221 1754
1221 2057
1221 4296
1221 4561
1221 5064
1221 7301
1221 9248
1221 10316
1221 10546
1221 11023
1221 11364
1221 11761
1221 12136
1222 4847
1222 5147
1222 6862
1222 7075
1222 7167
1222 7590
1222 7708
1222 8165
1222 8168
1223 2643
1223 3288
1223 3478
1223 3819
1223 4007
1223 5527
1223 5692
1223 6222
1223 7973
1223 8096
1223 8461
1223 8675
1223 8885
1223 9058
1223 9934
1223 10577
1223 10682
1223 10702
1223 11382
1223 12122
1223 12655
1224 1951
1224 2157
1224 3241
1224 3555
1224 3559
1224 3773
1224 4689
1224 5483
1224 7181
1224 7260
1224 8004
1224 9299
1224 9677
1224 9705
1224 10643
1225 1450
1225 1589
1225 1988
1225 2653
1225 3135
1225 3558
1225 3804
1225 3825
1225 3861
1225 3874
1225 6456
1225 6660
1225 6672
1225 6889
1225 6982
1225 9311
1225 9604
1225 10255
1225 10303
1225 10690
1225 11491
1226 2902
1226 2976
1226 3056
1226 3473
1226 3889
1226 4321
1226 4942
1226 5827
1226 5828
1226 9596
1226 9836
1226 10471
1227 1233
1227 1238
1227 1269
1227 2586
1227 3124
1227 3168
1227 4711
1227 4804
1227 4864
1227 4998
1227 7166
1227 9221
1227 9250
1227 9409
1227 9520
1227 10372
1227 10658
1228 3382
1228 3617
1228 5281
1228 5838
1228 6409
1228 6478
1228 6715
1228 7942
1228 8473
1228 9352
1228 9832
1228 10588
1228 11356
1229 1439
1229 2607
1229 3215
1229 4294
1229 5724
1229 6475
1229 6490
1229 8429
1229 9735
1229 10215
1229 10869
1230 1621
1230 1834
1230 2058
1230 2547
1230 2983
1230 3531
1230 4157
1230 5028
1230 5054
1230 5503
1230 6980
1230 7644
1230 7928
1230 9097
1230 9497
1230 9522
1230 9817
1230 10309
1231 2960
1231 3322
1231 4395
1231 5362
1231 5642
1231 6512
1231 6675
1231 7748
1231 9403
1231 9461
1231 9482
1231 9573
1231 9597
1231 9616
1231 11517
1232 2064
1232 2458
1232 2922
1232 3346
1232 3491
1232 4117
1232 4930
1232 5657
1232 5810
1232 5997
1232 7617
1232 9178
1232 9374
1232 9617
1232 10307
1232 11240
1233 1238
1233 3124
1233 4608
1233 4864
1233 9409
1233 9520
1233 10319
1233 10372
1233 10446
1233 10658
1233 11312
1233 11338
1233 11350
1233 11823
1233 11994
1233 12300
1234 1854
1234 2350
1234 3641
1234 4803
1234 6117
1234 6658
1234 6994
1234 9600
1234 10461
1234 11514
1234 12522
1235 1237
1235 2385
1235 4513
1235 4866
1235 5049
1235 6695
1235 6882
1235 9075
1235 9134
1235 10199
1235 10539
1235 10606
1235 11062
1235 11472
1235 11884
1235 12149
1236 2569
1236 2845
1236 4706
1236 4928
1236 9072
1236 9089
1236 9099
1236 9109
1236 11456
1236 11953
1236 12144
1236 12298
1236 12409
1236 12434
1236 12482
1236 12483
1236 12624
1237 1287
1237 1466
1237 6650
1237 6695
1237 8814
1237 10111
1237 10539
1237 10606
1237 11358
1237 11472
1237 11884
1238 1500
1238 1818
1238 2422
1238 2586
1238 3168
1238 4302
1238 4608
1238 4711
1238 6822
1238 7512
1238 8401
1238 9250
1238 9520
1238 10372
1238 10644
1238 10905
1238 11312
1239 2082
1239 2382
1239 2408
1239 6241
1239 7800
1239 8341
1239 8912
1239 8962
1239 9918
1239 10234
1239 10241
1239 10663
1239 12212
1239 12279
1240 3207
1240 4099
1240 5557
1240 5904
1240 7087
1240 8443
1240 10497
1240 10880
1240 10964
1240 11304
1240 11323
1241 1243
1241 2588
1241 2916
1241 3921
1241 4371
1241 4441
1241 4582
1241 5071
1241 6901
1241 10016
1241 10492
1241 10904
1241 11328
1241 11367
1241 12632
1242 2627
1242 4349
1242 4793
1242 4915
1242 5694
1242 6009
1242 10496
1242 10881
1242 10907
1242 11426
1242 11467
1243 1838
1243 2173
1243 4371
1243 5024
1243 5071
1243 6901
1243 10492
1243 10795
1243 11820
1243 12632
1244 1572
1244 2364
1244 2374
1244 2429
1244 2569
1244 3908
1244 4763
1244 4764
1244 5820
1244 6839
1244 8893
1244 9521
1244 10281
1244 11609
1245 3719
1245 4054
1245 4675
1245 4862
1245 4898
1245 5709
1245 6183
1245 7695
1245 9310
1245 9335
1245 9399
1245 9434
1245 10313
1245 10322
1245 12031
1246 1270
1246 1324
1246 1602
1246 3247
1246 7307
1246 10049
1246 10400
1246 10593
1246 10978
1246 11368
1246 12100
1246 12107
1246 12166
1246 12177
1246 12540
1247 1831
1247 2036
1247 2130
1247 2186
1247 2672
1247 2945
1247 3616
1247 4043
1247 4627
1247 4632
1247 5282
1247 5646
1247 6325
1247 6681
1247 7677
1247 8533
1247 9921
1247 10039
1248 1312
1248 1863
1248 3126
1248 3977
1248 4587
1248 4669
1248 4710
1248 5248
1248 7758
1248 9246
1248 10378
1248 10449
1248 10937
1248 12296
1248 12627
1249 1281
1249 1411
1249 2336
1249 4335
1249 5200
1249 5843
1249 7490
1249 9048
1249 9320
1249 10122
1249 10460
1249 10478
1249 11335
1249 12309
1249 12515
1249 12636
1250 1383
1250 4690
1250 4788
1250 5128
1250 5531
1250 5943
1250 6020
1250 6782
1250 6807
1250 8663
1250 10301
1250 10426
1251 2435
1251 2695
1251 4254
1251 4495
1251 5705
1251 5775
1251 5854
1251 6177
1251 6252
1251 7287
1251 8887
1251 9190
1251 9383
1251 9630
1251 9689
1251 9920
1251 11580
1251 12347
1252 1762
1252 1859
1252 2056
1252 2762
1252 4452
1252 5519
1252 5757
1252 7371
1252 7731
1252 8808
1252 8882
1252 9648
1252 9871
1252 10104
1252 11748
1253 1567
1253 3083
1253 3409
1253 3516
1253 4740
1253 5376
1253 6160
1253 6523
1253 7010
1253 9304
1254 1959
1254 2741
1254 3383
1254 3891
1254 5162
1254 5896
1254 6957
1254 8778
1254 9152
1254 9328
1254 10873
1254 11427
1254 11676
1255 4534
1255 4724
1255 4732
1255 4899
1255 5401
1255 5479
1255 5959
1255 7126
1255 8258
1255 8647
1255 9064
1255 9367
1255 9373
1255 11476
1256 2241
1256 3707
1256 4790
1256 5150
1256 5872
1256 5889
1256 6535
1256 8387
1256 9149
1256 9981
1256 10152
1256 10500
1256 10503
1256 10790
1256 11334
1256 11699
1256 12072
1256 12410
1256 12541
1257 1421
1257 1423
1257 1935
1257 2741
1257 2864
1257 4472
1257 5075
1257 5162
1257 5693
1257 6666
1257 6858
1257 6907
1257 6957
1257 9152
1257 10688
1257 11204
1257 11695
1257 11849
1258 1643
1258 4989
1258 5158
1258 5245
1258 5509
1258 5745
1258 6383
1258 6858
1258 6893
1258 7749
1258 8299
1258 8923
1258 10683
1258 11247
1258 11718
1258 11807
1259 1476
1259 3147
1259 3668
1259 5262
1259 5327
1259 8163
1259 9155
1259 9156
1259 9317
1260 1439
1260 3215
1260 3722
1260 3913
1260 4294
1260 4957
1260 5724
1260 6490
1260 8326
1260 10103
1260 11520
1261 3688
1261 3962
1261 4339
1261 4591
1261 4846
1261 5743
1261 5772
1261 6408
1261 6520
1261 9394
1261 9640
1261 11756
1262 2318
1262 2579
1262 2764
1262 4795
1262 7568
1262 8672
1262 10181
1262 11163
1262 11463
1262 12420
1262 12660
1263 2955
1263 3807
1263 5915
1263 7014
1263 7046
1263 7382
1263 9846
1263 10736
1263 10849
1263 11199
1264 2677
1264 4331
1264 4734
1264 6575
1264 6577
1264 6582
1264 9427
1265 2326
1265 2410
1265 2608
1265 2939
1265 6419
1265 7672
1265 9337
1266 1488
1266 1580
1266 1929
1266 1931
1266 3450
1266 3453
1266 4863
1266 5214
1266 5774
1266 6542
1266 8187
1266 9824
1266 9849
1266 10283
1266 11216
1267 1481
1267 1693
1267 2434
1267 4555
1267 5487
1267 5514
1267 6240
1267 6447
1267 7839
1267 8630
1267 9385
1268 3822
1268 6128
1268 7004
1268 7988
1269 1405
1269 2115
1269 3124
1269 4864
1269 5033
1269 5239
1269 5652
1269 6410
1269 6487
1269 7166
1269 7850
1269 9221
1269 9250
1269 9409
1269 9598
1269 10441
1269 10466
1269 12004
1269 12009
1269 12148
1269 12637
1270 1324
1270 2240
1270 3247
1270 3989
1270 4394
1270 7307
1270 10400
1270 12107
1271 2020
1271 2124
1271 2293
1271 2931
1271 3334
1271 3454
1271 3809
1271 3902
1271 4108
1271 4765
1271 4824
1271 6530
1271 6704
1271 7498
1271 7749
1271 8178
1271 8299
1271 8502
1271 9444
1271 9966
1271 11718
1272 1574
1272 1847
1272 2641
1272 2818
1272 4384
1272 5323
1272 5722
1272 5880
1272 6719
1272 6831
1272 9725
1272 10193
1272 10292
1273 2677
1273 3963
1273 4858
1273 5604
1273 5606
1273 6575
1273 6585
1273 7177
1273 7673
1273 9168
1273 9670
1274 1327
1274 1800
1274 2412
1274 3750
1274 6099
1274 6456
1274 6940
1274 7320
1274 7790
1274 11868
1274 12479
1275 2917
1275 3611
1275 4199
1275 4478
1275 5072
1275 6465
1275 7278
1275 7395
1275 7954
1275 9559
1276 3741
1276 4179
1276 4565
1276 4738
1276 6769
1276 6788
1276 7299
1276 7331
1276 10313
1276 10544
1276 11790
1276 12040
1277 1297
1277 2666
1277 2691
1277 2709
1277 5337
1277 6784
1277 7202
1277 7294
1277 7330
1277 7575
1277 7771
1277 8034
1277 8335
1277 12058
1277 12087
1278 2436
1278 3518
1278 3816
1278 4274
1278 4409
1278 5710
1278 5725
1278 5856
1278 5885
1278 8251
1278 8752
1278 9354
1278 10731
1278 11571
1278 12307
1279 1674
1279 1758
1279 4369
1279 7412
1279 7870
1279 7944
1279 8049
1279 8056
1279 8188
1279 9565
1279 12559
1280 1884
1280 1974
1280 2866
1280 3526
1280 3697
1280 3754
1280 3767
1280 4122
1280 5513
1280 6811
1280 10176
1280 11838
1281 1411
1281 1600
1281 2336
1281 7059
1281 9929
1281 10478
1281 10495
1281 10541
1281 11315
1282 1928
1282 2694
1282 2971
1282 3886
1282 4855
1282 6098
1282 6594
1282 8354
1282 9845
1282 10090
1282 10328
1283 2247
1283 2766
1283 3293
1283 4137
1283 5208
1283 5786
1283 6206
1283 6312
1283 6812
1283 7668
1283 8684
1283 9605
1283 9704
1283 11645
1283 12229
1283 12386
1284 1792
1284 2108
1284 2971
1284 4514
1284 5480
1284 6594
1284 7163
1284 7303
1284 9421
1284 10121
1284 10328
1284 12292
1285 1301
1285 1337
1285 1592
1285 2307
1285 2609
1285 3032
1285 3582
1285 3893
1285 4116
1285 4421
1285 4879
1285 9336
1285 11744
1286 2445
1286 2449
1286 3817
1286 4055
1286 4200
1286 4401
1286 4525
1286 5537
1286 6601
1286 7143
1286 8005
1286 9177
1286 9483
1286 9813
1286 10057
1286 11009
1286 11039
1287 1466
1287 1698
1287 2385
1287 6650
1287 6695
1287 7283
1287 8814
1287 10111
1287 11678
1288 1599
1288 1646
1288 2212
1288 2339
1288 2416
1288 2776
1288 4840
1288 4870
1288 7138
1288 11762
1289 3510
1289 3779
1289 5816
1289 6387
1289 7335
1289 9419
1289 10153
1290 1549
1290 3003
1290 3289
1290 4341
1290 4397
1290 6497
1290 8225
1290 8394
1290 9776
1290 10722
1291 1321
1291 1661
1291 2460
1291 2879
1291 2884
1291 2893
1291 2980
1291 3828
1291 3992
1291 4777
1291 5576
1291 9388
1292 2462
1292 4801
1292 5227
1292 5420
1292 6002
1292 9974
1292 11492
1292 12310
1293 2331
1293 3313
1293 3681
1293 4710
1293 5498
1293 6445
1293 7758
1293 8339
1293 10678
1293 10803
1293 12093
1293 12098
1294 2172
1294 3635
1294 4959
1294 6100
1294 6631
1294 6843
1294 7173
1294 7963
1294 9764
1294 10786
1294 10823
1294 11608
1295 1560
1295 1997
1295 2000
1295 2050
1295 4804
1295 4864
1295 5652
1295 9281
1296 1806
1296 1862
1296 1972
1296 2199
1296 2263
1296 2582
1296 2741
1296 5080
1296 6957
1296 7634
1296 8325
1296 9728
1296 12289
1296 12290
1297 2666
1297 2691
1297 2709
1297 5258
1297 5652
1297 6119
1297 6135
1297 6181
1297 8034
1297 8335
1297 10981
1297 10987
1297 12048
1297 12058
1298 1359
1298 1507
1298 1585
1298 2244
1298 3564
1298 4264
1298 7431
1298 7824
1298 9303
1298 10230
1298 10400
1298 12052
1298 12139
1299 1387
1299 2673
1299 3862
1299 4368
1299 5653
1299 6873
1299 9037
1300 2397
1300 2599
1300 3035
1300 3086
1300 4139
1300 4744
1300 4808
1300 6373
1300 9324
1300 9906
1301 1337
1301 1592
1301 2314
1301 2453
1301 2556
1301 2806
1301 3452
1301 3582
1301 4116
1301 4421
1301 4681
1301 4879
1301 9336
1301 10074
1301 10170
1301 11694
1302 2020
1302 2897
1302 2931
1302 3316
1302 3902
1302 4108
1302 4781
1302 4921
1302 5312
1302 5420
1302 6479
1302 7499
1303 1589
1303 2748
1303 3148
1303 3353
1303 3907
1303 4830
1303 5045
1303 6099
1303 6267
1303 6660
1303 6832
1303 6940
1303 6959
1303 9124
1304 2334
1304 3458
1304 3651
1304 4099
1304 5390
1304 5557
1304 6198
1304 6842
1304 9391
1304 10075
1304 10760
1305 2129
1305 2495
1305 2588
1305 2798
1305 3309
1305 4289
1305 7029
1305 7099
1305 8318
1305 8774
1305 9407
1305 9429
1305 11783
1305 11941
1306 2878
1306 5184
1306 10232
1306 10645
1306 10704
1307 1652
1307 3852
1307 3993
1307 4003
1307 4838
1307 5409
1307 5584
1307 5593
1307 6248
1307 6867
1307 7420
1307 7497
1307 7985
1307 8247
1307 8521
1307 8707
1307 8776
1307 10223
1308 1436
1308 2272
1308 2738
1308 3735
1308 3917
1308 5320
1308 5399
1308 5715
1308 5728
1308 5763
1308 6275
1308 6306
1308 6311
1308 6770
1308 8430
1308 11198
1308 11934
1309 2579
1309 5671
1309 5943
1309 6402
1309 6807
1309 8672
1309 9356
1309 10426
1309 11167
1309 11802
1310 1523
1310 1613
1310 2734
1310 3602
1310 4933
1310 5928
1310 9328
1310 9659
1310 11596
1310 12233
1311 1400
1311 1422
1311 3347
1311 3408
1311 3772
1311 4943
1311 5598
1311 5949
1311 6898
1311 7376
1311 7451
1311 8224
1311 8500
1311 11030
1311 11531
1311 12365
1312 1863
1312 3412
1312 3530
1312 4775
1312 6012
1312 10378
1312 10937
1312 12145
1312 12296
1313 1615
1313 2696
1313 4633
1313 4899
1313 5087
1313 7126
1313 8647
1313 9064
1313 9144
1313 9367
1313 9373
1314 1870
1314 1911
1314 2033
1314 4314
1314 4424
1314 4547
1314 7499
1314 8373
1314 8502
1314 10061
1314 10336
1315 1369
1315 2493
1315 4250
1315 5683
1315 10615
1315 11384
1315 12362
1316 2428
1316 4045
1316 4141
1316 5427
1316 6467
1316 9240
1316 9400
1316 9564
1316 9732
1316 11218
1316 11234
1316 12449
1317 1812
1317 1813
1317 3234
1317 3405
1317 3795
1317 4022
1317 4449
1317 4670
1317 9073
1317 10033
1317 10342
1317 10729
1318 1325
1318 1574
1318 2401
1318 3174
1318 5145
1318 5323
1318 6780
1318 6850
1318 6942
1318 7013
1318 7498
1318 7655
1318 8069
1318 9527
1318 10422
1318 10837
1318 11556
1319 1619
1319 1864
1319 2419
1319 3194
1319 3239
1319 3835
1319 4310
1319 5019
1319 5194
1319 6066
1319 6284
1319 8333
1319 8367
1319 9561
1319 11682
1320 1387
1320 1776
1320 3074
1320 4350
1320 4771
1320 4946
1320 5009
1320 6697
1320 7066
1320 7705
1320 8410
1320 8760
1320 9219
1320 9251
1320 9606
1321 1661
1321 2235
1321 2438
1321 2460
1321 3828
1321 3992
1321 4365
1321 4777
1321 5122
1321 7193
1321 7729
1321 12444
1322 2301
1322 2432
1322 3370
1322 4275
1322 4924
1322 5665
1322 5743
1322 6521
1322 7027
1322 7142
1322 9640
1322 9723
1322 9869
1322 10524
1322 10893
1322 10929
1322 11084
1322 11366
1322 11430
1322 11438
1322 11714
1322 12133
1322 12488
1322 12496
1322 12631
1323 1522
1323 2566
1323 3121
1323 3243
1323 7218
1323 8257
1323 8434
1323 8474
1323 8904
1323 9305
1323 9692
1323 10836
1323 11410
1323 11411
1323 11600
1323 11677
1324 3544
1324 4394
1324 10978
1324 11276
1324 11329
1324 11368
1325 1338
1325 1574
1325 1847
1325 2150
1325 3172
1325 6942
1325 7655
1325 10163
1325 10837
1326 1792
1326 1988
1326 2217
1326 2406
1326 2863
1326 3063
1326 3090
1326 4038
1326 4514
1326 4954
1326 6938
1326 7163
1326 9421
1326 10171
1327 1683
1327 2412
1327 2786
1327 3750
1327 4812
1327 6599
1327 6832
1327 6940
1328 2848
1328 3685
1328 4796
1328 5254
1328 5629
1328 6765
1328 7790
1328 7961
1328 9425
1328 9625
1328 10259
1328 10260
1328 11248
1328 12479
1329 3251
1329 3493
1329 3735
1329 4828
1329 5205
1329 5871
1329 8151
1329 8430
1329 9691
1330 1332
1330 1495
1330 2127
1330 5211
1330 6093
1330 9103
1330 9441
1330 10737
1330 11050
1330 11362
1330 11669
1331 2335
1331 2354
1331 2463
1331 2826
1331 2868
1331 3134
1331 3235
1331 3519
1331 3826
1331 6244
1331 6495
1331 7559
1331 7562
1331 7877
1331 9509
1331 9740
1331 10329
1332 1495
1332 4333
1332 4983
1332 5196
1332 6583
1332 9103
1332 9441
1332 9975
1332 10293
1332 11050
1332 12478
1333 1383
1333 2749
1333 4788
1333 5066
1333 5531
1333 6602
1333 6782
1333 9721
1333 10373
1334 3639
1334 3979
1334 5406
1334 6007
1334 9309
1334 9972
1334 10332
1334 10334
1335 2012
1335 2828
1335 4078
1335 5631
1335 7249
1335 9114
1335 9212
1335 10489
1335 11145
1336 1658
1336 2011
1336 2625
1336 4058
1336 4981
1336 5076
1336 8672
1336 9579
1336 10797
1336 10966
1336 11141
1336 11184
1336 11194
1336 12420
1336 12517
1337 2556
1337 2609
1337 3032
1337 3582
1337 3893
1337 4116
1337 5989
1337 6754
1337 7348
1337 9211
1337 9330
1337 10597
1337 12561
1338 1574
1338 1847
1338 2150
1338 3172
1338 3454
1338 3809
1338 5238
1338 6942
1338 9575
1338 10163
1338 10837
1339 4667
1339 6129
1339 7647
1339 8635
1339 9983
1339 9995
1339 11233
1339 12071
1340 4360
1340 5605
1340 6465
1340 7256
1340 7395
1340 7547
1340 8983
1340 9105
1340 9559
1340 9830
1340 10077
1340 10273
1340 11317
1340 12123
1340 12341
1340 12451
1341 1481
1341 1693
1341 2434
1341 2611
1341 3112
1341 3620
1341 5178
1341 5515
1341 7349
1341 7389
1341 7769
1341 7839
1341 8023
1341 9110
1342 1389
1342 2711
1342 2892
1342 3234
1342 3255
1342 4022
1342 4260
1342 5357
1342 6500
1342 7302
1342 7555
1342 9331
1342 9631
1342 9946
1342 11512
1342 11631
1343 1615
1343 3279
1343 4633
1343 4724
1343 5087
1343 5101
1343 5475
1343 6342
1343 6475
1343 6569
1343 8530
1343 9735
1343 12421
1344 2064
1344 2335
1344 2354
1344 3826
1344 4025
1344 4714
1344 5657
1344 6707
1344 6708
1344 7617
1344 9374
1344 10307
1344 10329
1344 11240
1344 11758
1345 3097
1345 3312
1345 3427
1345 3715
1345 3956
1345 3972
1345 4019
1345 6018
1345 6084
1345 7558
1345 9970
1346 2168
1346 3637
1346 3797
1346 4560
1346 6928
1346 7414
1346 8658
1346 9658
1346 10366
1346 10471
1346 10618
1346 12376
1347 1583
1347 2783
1347 3832
1347 4174
1347 4175
1347 5068
1347 5719
1347 6236
1347 6622
1347 7795
1347 10361
1347 11792
1348 2687
1348 2737
1348 3021
1348 3756
1348 4268
1348 5256
1348 9237
1348 9992
1348 11053
1349 2549
1349 2882
1349 2883
1349 3026
1349 5124
1349 5269
1349 9074
1349 9143
1349 9293
1349 9716
1349 10787
1349 11238
1349 11797
1350 1456
1350 1679
1350 2002
1350 5487
1350 6397
1350 6865
1350 7273
1350 8523
1350 10670
1351 2383
1351 2411
1351 2656
1351 3743
1351 4105
1351 5408
1351 7102
1351 8370
1351 9175
1351 9982
1351 11599
1351 11601
1351 12222
1352 2979
1352 3727
1352 5491
1352 7213
1352 8773
1352 9834
1353 1503
1353 2060
1353 3668
1353 4051
1353 4351
1353 5675
1353 7291
1353 7440
1353 7589
1353 9088
1353 10719
1354 1563
1354 1839
1354 4929
1354 6087
1354 7075
1354 8165
1354 8168
1354 8408
1354 9198
1354 9398
1354 9503
1354 10472
1354 10592
1354 10632
1354 12329
1355 2365
1355 4151
1355 4502
1355 4549
1355 4817
1355 5491
1355 5634
1355 7078
1355 8246
1355 9534
1355 9834
1356 2097
1356 2613
1356 3305
1356 4150
1356 4709
1356 5360
1356 7359
1356 7637
1356 8235
1356 8488
1356 10647
1356 10758
1356 11730
1356 11810
1357 1843
1357 2022
1357 2377
1357 3062
1357 4593
1357 5094
1357 6437
1357 6452
1357 7082
1357 7276
1357 7560
1357 7923
1357 9451
1357 9542
1357 11500
1358 1898
1358 1943
1358 3817
1358 4401
1358 4525
1358 4592
1358 6513
1358 7210
1358 8636
1358 8772
1358 9177
1358 9312
1358 10023
1359 1889
1359 2388
1359 3419
1359 4186
1359 7431
1359 7824
1359 10186
1359 10230
1359 10400
1359 11898
1359 12052
1359 12139
1359 12670
1360 2265
1360 4239
1360 4856
1360 5014
1360 5540
1360 6136
1360 6732
1360 6803
1360 6913
1360 8000
1360 8308
1360 8352
1360 8451
1360 9266
1360 10571
1360 10826
1361 3029
1361 3102
1361 3131
1361 3274
1361 3614
1361 4126
1361 4987
1361 5179
1361 5210
1361 5790
1361 5852
1361 5955
1361 7086
1361 9059
1361 9114
1361 9137
1361 10489
1361 10740
1361 12206
1362 3605
1362 7143
1362 8346
1362 8525
1362 9782
1362 9943
1362 10003
1362 11009
1362 11496
1363 1506
1363 2924
1363 3636
1363 4757
1363 4945
1363 5773
1363 6767
1363 6791
1363 7417
1363 8592
1363 9226
1363 10693
1363 11256
1363 12634
1364 1394
1364 3670
1364 3877
1364 4253
1364 4290
1364 4694
1364 5979
1364 6315
1364 6485
1364 7740
1364 8127
1364 10388
1364 10420
1364 12614
1365 1780
1365 2202
1365 3033
1365 4457
1365 5285
1365 5672
1365 6606
1365 6797
1365 6804
1365 8021
1365 8570
1365 9890
1365 10370
1365 10767
1365 10825
1366 2500
1366 2785
1366 4132
1366 4142
1366 4805
1366 5991
1366 6420
1366 7056
1366 7711
1366 12448
1367 6713
1367 8110
1367 9142
1367 9149
1367 9981
1367 10503
1367 10557
1367 11515
1368 4773
1368 6075
1368 6345
1368 8379
1368 10440
1368 10930
1368 10955
1368 11373
1368 11416
1368 11584
1368 11750
1369 1741
1369 4250
1369 6529
1369 9951
1369 10425
1369 10687
1369 11384
1369 12362
1370 1672
1370 2060
1370 2555
1370 3076
1370 4051
1370 4164
1370 4351
1370 4661
1370 5675
1370 6061
1370 6949
1370 7073
1370 8191
1370 9225
1370 10674
1371 1637
1371 1794
1371 2053
1371 3740
1371 3979
1371 4238
1371 4645
1371 4889
1371 6704
1371 6723
1371 6970
1371 7117
1371 7921
1371 8166
1371 9359
1371 9484
1371 9693
1371 9972
1371 10332
1371 10675
1371 11146
1371 11598
1371 11743
1372 2048
1372 2854
1372 3166
1372 6185
1372 6586
1372 7309
1372 8182
1372 10009
1372 10128
1372 11519
1372 12536
1373 2525
1373 2988
1373 7610
1373 8511
1373 8702
1373 9924
1374 1883
1374 2407
1374 3729
1374 3786
1374 4379
1374 4895
1374 5455
1374 5583
1374 5911
1374 6494
1374 8656
1374 8693
1374 9223
1374 9583
1374 9672
1375 3157
1375 3844
1375 4896
1375 5375
1375 6106
1375 6657
1375 8244
1375 9265
1375 11842
1375 12234
1376 2038
1376 2193
1376 2279
1376 4467
1376 4682
1376 4703
1376 5067
1376 5677
1376 7234
1376 8115
1376 8133
1376 8323
1376 9119
1376 9827
1376 10267
1376 10305
1376 10766
1376 11536
1377 1830
1377 2004
1377 2673
1377 3862
1377 5156
1377 9122
1377 9559
1377 9678
1377 10812
1377 11488
1377 11816
1378 1894
1378 4031
1378 5063
1378 7011
1378 7589
1378 8801
1378 9159
1378 10267
1378 10662
1378 11741
1379 3840
1379 4420
1379 5460
1379 5736
1379 5787
1379 6554
1379 6875
1379 8517
1379 10029
1379 10416
1379 10672
1379 10739
1379 10789
1380 2338
1380 2417
1380 2603
1380 2799
1380 3608
1380 3880
1380 4452
1380 5180
1380 7722
1380 10075
1380 10538
1380 11175
1380 11333
1380 11354
1380 11434
1380 12500
1381 1866
1381 2315
1381 2466
1381 4169
1381 4301
1381 5275
1381 5326
1381 6133
1381 6433
1381 7292
1381 9694
1381 10137
1381 10794
1382 2935
1382 3196
1382 3214
1382 5243
1382 6404
1382 6492
1382 6777
1382 7284
1382 8152
1382 9201
1382 10031
1383 2749
1383 5943
1383 6782
1383 6807
1383 9579
1383 11735
1383 12247
1384 2058
1384 2926
1384 4110
1384 4322
1384 5431
1384 5449
1384 5508
1384 6101
1384 6917
1384 7702
1384 7928
1384 9497
1385 1414
1385 3232
1385 4124
1385 4607
1385 4734
1385 7383
1385 7408
1385 9171
1385 11864
1386 1522
1386 1712
1386 2051
1386 2464
1386 2558
1386 2886
1386 3504
1386 3575
1386 3716
1386 3911
1386 4875
1386 6670
1386 8206
1386 10187
1386 10404
1386 10833
1386 11015
1387 2673
1387 3074
1387 3862
1387 4368
1387 5653
1387 6071
1387 6873
1387 7705
1387 8575
1387 8943
1387 9037
1388 1657
1388 2510
1388 3238
1388 3636
1388 5986
1388 6767
1388 7264
1388 7289
1388 9347
1388 9359
1388 10693
1388 10890
1388 11709
1388 12416
1389 1793
1389 2828
1389 2892
1389 4260
1389 4283
1389 4571
1389 6500
1389 7302
1389 8385
1389 9166
1389 9331
1389 9631
1389 9839
1389 11548
1390 1650
1390 2511
1390 2795
1390 2942
1390 3855
1390 3995
1390 4589
1390 4706
1390 6455
1390 6587
1390 8893
1390 9089
1390 9099
1390 9675
1390 10231
1390 11953
1391 4380
1391 5764
1391 6377
1391 6755
1391 7516
1391 9436
1391 11010
1392 1452
1392 2409
1392 2912
1392 3594
1392 3595
1392 4755
1392 4761
1392 5247
1392 5407
1392 6159
1392 7100
1392 8483
1392 8554
1392 8567
1392 8725
1392 9179
1392 9362
1392 10209
1392 10718
1393 2352
1393 3469
1393 4336
1393 6091
1393 6499
1393 6534
1393 6786
1393 8359
1393 9689
1393 10132
1393 11170
1394 2497
1394 3277
1394 3876
1394 3877
1394 3881
1394 5245
1394 6179
1394 6315
1394 6796
1394 6893
1394 7436
1394 7740
1394 8516
1394 8750
1394 8923
1394 10388
1395 1415
1395 2585
1395 3853
1395 4228
1395 5244
1395 5467
1395 8412
1395 8846
1395 9093
1395 11124
1395 11506
1395 12411
1396 2253
1396 3137
1396 3587
1396 3934
1396 6077
1396 6360
1396 7582
1396 7645
1396 7910
1396 8528
1396 8649
1396 8674
1396 9392
1396 9936
1396 10999
1396 11255
1397 1703
1397 3739
1397 4021
1397 4059
1397 5225
1397 5553
1397 6039
1397 7370
1397 8360
1397 8523
1397 8766
1397 9162
1397 9261
1397 10112
1397 12184
1398 2081
1398 2635
1398 2714
1398 3071
1398 3587
1398 4163
1398 5195
1398 7214
1398 7599
1398 8117
1398 9485
1398 10099
1398 10560
1398 11390
1399 1850
1399 2017
1399 3505
1399 3627
1399 3982
1399 4266
1399 4676
1399 5577
1399 5778
1399 5804
1399 6338
1399 6915
1399 7592
1399 8025
1399 9876
1399 9914
1399 9933
1399 10059
1399 10657
1399 10796
1400 1422
1400 3408
1400 3708
1400 3718
1400 3772
1400 4943
1400 5598
1400 5822
1400 6497
1400 7373
1400 7376
1400 9315
1400 10600
1400 11030
1400 11531
1400 11670
1401 2371
1401 3963
1401 4475
1401 6021
1401 8205
1401 9168
1401 9380
1401 9670
1401 10205
1402 1564
1402 2715
1402 3623
1402 4470
1402 5130
1402 5356
1402 5471
1402 6559
1402 7327
1402 8756
1403 1517
1403 1653
1403 1774
1403 1982
1403 2564
1403 2894
1403 3829
1403 4277
1403 4348
1403 4926
1403 5747
1403 5840
1403 6399
1403 6469
1403 6599
1403 7408
1403 7469
1403 8205
1403 9926
1404 4238
1404 4889
1404 5635
1404 5797
1404 6479
1404 6579
1404 9359
1404 9484
1404 10559
1404 10669
1404 11146
1405 2393
1405 2586
1405 2898
1405 3521
1405 4838
1405 4916
1405 4955
1405 4998
1405 6487
1405 8433
1405 8529
1405 9221
1405 9250
1405 10777
1406 1463
1406 2291
1406 2858
1406 3789
1406 4881
1406 6457
1406 6732
1406 6802
1406 6913
1406 8000
1406 8407
1406 8451
1406 10397
1406 10571
1406 11660
1407 1523
1407 3264
1407 3730
1407 3807
1407 4531
1407 4958
1407 5693
1407 7382
1407 8281
1407 8305
1407 9659
1407 9752
1407 9970
1407 10996
1407 11757
1407 12335
1408 1618
1408 2013
1408 2877
1408 4779
1408 5956
1408 6358
1408 6405
1408 6546
1408 7130
1408 7206
1408 7277
1408 7408
1408 9286
1408 9287
1408 10818
1408 11075
1408 11262
1408 11595
1408 12282
1409 1773
1409 3054
1409 3055
1409 3764
1409 4192
1409 4208
1409 5330
1409 5613
1409 5615
1409 6618
1409 6619
1409 6906
1409 7519
1409 7571
1409 10091
1409 10093
1410 1528
1410 1985
1410 2063
1410 2172
1410 2320
1410 2347
1410 2364
1410 2614
1410 2981
1410 3746
1410 4396
1410 4583
1410 5984
1410 6187
1410 6296
1410 7728
1410 8198
1410 9521
1410 10786
1410 11414
1410 11634
1410 12325
1411 2108
1411 3680
1411 7059
1411 7490
1411 7815
1411 9929
1411 10094
1411 10464
1411 10478
1411 10495
1411 10541
1411 12636
1412 1508
1412 1567
1412 1763
1412 2131
1412 2788
1412 3221
1412 5609
1412 6968
1412 7293
1412 7543
1412 7640
1412 8949
1412 9396
1412 9884
1412 11579
1413 2286
1413 2360
1413 3687
1413 4171
1413 4439
1413 4462
1413 6548
1413 8777
1413 10101
1413 10207
1413 11516
1413 11612
1414 2965
1414 3232
1414 4124
1414 4331
1414 4607
1414 4990
1414 6600
1414 7383
1414 7408
1414 9549
1415 1541
1415 1793
1415 2892
1415 3662
1415 4228
1415 5244
1415 5467
1415 8846
1415 9500
1415 9865
1415 11124
1415 11134
1415 11506
1415 12411
1416 3362
1416 3901
1416 6032
1416 6808
1416 6937
1416 6939
1416 9302
1416 9844
1416 9939
1416 10774
1417 1578
1417 1952
1417 2406
1417 3063
1417 3401
1417 3812
1417 3814
1417 3905
1417 4514
1417 4545
1417 4616
1417 5587
1417 6059
1417 6341
1417 6864
1417 7368
1417 8111
1417 8344
1417 9302
1417 9323
1417 10576
1417 11511
1418 1598
1418 2697
1418 2853
1418 4060
1418 5105
1418 6112
1418 6221
1418 7686
1418 9322
1418 9437
1419 1426
1419 2105
1419 3535
1419 3980
1419 4266
1419 5003
1419 5030
1419 6752
1419 7159
1419 8437
1419 9933
1419 11806
1420 2136
1420 2765
1420 3254
1420 3922
1420 5042
1420 5603
1420 7185
1420 7715
1420 7849
1420 8008
1420 9291
1420 10668
1420 11796
1421 1423
1421 5075
1421 5162
1421 5693
1421 6666
1421 7014
1421 10996
1421 10998
1422 1551
1422 3003
1422 3347
1422 3448
1422 3451
1422 3772
1422 4341
1422 4943
1422 7451
1422 8238
1422 9571
1422 10600
1422 11058
1422 11531
1423 2770
1423 2864
1423 5075
1423 6666
1423 6853
1423 6858
1423 7096
1423 7652
1423 9978
1423 10594
1423 10675
1423 10998
1423 11743
1423 11807
1423 12267
1424 1461
1424 1534
1424 3245
1424 5168
1424 5586
1424 5746
1424 6633
1424 7407
1424 9211
1424 9330
1424 12561
1425 2751
1425 3261
1425 3263
1425 4081
1425 8173
1425 8904
1425 9305
1425 9692
1425 11406
1425 11640
1426 2105
1426 3291
1426 3535
1426 3894
1426 3980
1426 5030
1426 5243
1426 6969
1426 7159
1426 8730
1426 10972
1426 11806
1427 2052
1427 2065
1427 3379
1427 3815
1427 5214
1427 5774
1427 8351
1427 9849
1427 10115
1427 11745
1428 2048
1428 2827
1428 2957
1428 4078
1428 4389
1428 4493
1428 7801
1428 8269
1428 9979
1428 10412
1429 1433
1429 1705
1429 2029
1429 2120
1429 3100
1429 3848
1429 4967
1429 5962
1429 6643
1429 6748
1429 6911
1429 8644
1429 9756
1429 11542
1429 12369
1429 12371
1430 1735
1430 3366
1430 4877
1430 5518
1430 6001
1430 6930
1430 8020
1430 10526
1430 12035
1430 12167
1430 12169
1430 12436
1431 1714
1431 2031
1431 2098
1431 3581
1431 4167
1431 6825
1431 9411
1431 11513
1432 2819
1432 3447
1432 5499
1432 5513
1432 5525
1432 6941
1432 7240
1432 9032
1432 9535
1432 10204
1432 10485
1432 10648
1432 10819
1432 10915
1432 11020
1432 11267
1432 11284
1432 11587
1432 12474
1433 1705
1433 2273
1433 3100
1433 5962
1433 6643
1433 8465
1433 8644
1433 9756
1433 9790
1433 11479
1433 11621
1433 12369
1434 1444
1434 1860
1434 2205
1434 2259
1434 3400
1434 5026
1434 7552
1434 7823
1434 8863
1434 9334
1434 9599
1435 1496
1435 2771
1435 3490
1435 4924
1435 5047
1435 5129
1435 5464
1435 5983
1435 9488
1435 9681
1435 10879
1435 11084
1435 12445
1436 2165
1436 2234
1436 3735
1436 5399
1436 5417
1436 5728
1436 5763
1436 5849
1436 6275
1436 6311
1436 6993
1436 10114
1436 11858
1437 1731
1437 2828
1437 4260
1437 4584
1437 5357
1437 7302
1437 8182
1437 9839
1437 9904
1437 10128
1437 10667
1437 11018
1437 11019
1437 12463
1438 1700
1438 1799
1438 2024
1438 5089
1438 5618
1438 6771
1438 7500
1438 10167
1438 11537
1439 3722
1439 3913
1439 4294
1439 5724
1439 6304
1439 6490
1439 7123
1439 8240
1439 10215
1439 11495
1439 11520
1440 1448
1440 2059
1440 2366
1440 3321
1440 4497
1440 5704
1440 6094
1440 6386
1440 7132
1440 7719
1440 7841
1440 9098
1440 9207
1440 9710
1440 10051
1440 10290
1440 11336
1440 11787
1440 11945
1440 12504
1441 2682
1441 2718
1441 3120
1441 6792
1441 7587
1441 8273
1441 8723
1441 11016
1441 11363
1441 11451
1441 11533
1442 1795
1442 2327
1442 3406
1442 3644
1442 3927
1442 3954
1442 4927
1442 5884
1442 7134
1442 10401
1443 1832
1443 3115
1443 3229
1443 4698
1443 6752
1443 6975
1443 7448
1443 7951
1443 9807
1443 11710
1444 1860
1444 2259
1444 3400
1444 4131
1444 5877
1444 7386
1444 7552
1444 9334
1444 9599
1445 2055
1445 2311
1445 2384
1445 3728
1445 4195
1445 6131
1445 6930
1445 7147
1445 7384
1445 7857
1445 8020
1445 8822
1445 11987
1445 12167
1445 12169
1445 12254
1446 3843
1446 5232
1446 6110
1446 6511
1446 6735
1446 9780
1446 9781
1446 9792
1446 9930
1446 10433
1446 11091
1446 11173
1446 11202
1447 2382
1447 2554
1447 3912
1447 6950
1447 7338
1447 7990
1447 8912
1447 10234
1447 10375
1447 11048
1448 2059
1448 5628
1448 6386
1448 7841
1448 9098
1448 10051
1448 11433
1449 1475
1449 1742
1449 2024
1449 9717
1449 9855
1449 11507
1449 11537
1449 12321
1450 2797
1450 3603
1450 6660
1450 6672
1450 6866
1450 6889
1450 7893
1450 9311
1450 10255
1450 10303
1450 10690
1451 1791
1451 3038
1451 3042
1451 5604
1451 8805
1451 9843
1451 9853
1451 10891
1451 11085
1451 11357
1451 11723
1452 3595
1452 3898
1452 3948
1452 5193
1452 8001
1452 8011
1452 8213
1452 8310
1452 8586
1452 9179
1452 9362
1452 9651
1452 10203
1452 10209
1452 11604
1453 2440
1453 3491
1453 3643
1453 3943
1453 4237
1453 5549
1453 5811
1453 5950
1453 6847
1453 7687
1453 8271
1453 9540
1453 10139
1453 10860
1453 10962
1453 11747
1454 4786
1454 7087
1454 8443
1454 9538
1454 10196
1454 10880
1454 10949
1454 10964
1454 11304
1454 11835
1454 12318
1455 1481
1455 1908
1455 2094
1455 3642
1455 4197
1455 5487
1455 6919
1455 7125
1455 7245
1455 9454
1456 1463
1456 6199
1456 6397
1456 6865
1456 8121
1456 8375
1456 8523
1456 9861
1456 10670
1456 11004
1456 11856
1456 12184
1457 1820
1457 1825
1457 2003
1457 3624
1457 3865
1457 4134
1457 6531
1457 6849
1457 6963
1457 8428
1457 9151
1457 10779
1457 11149
1457 12328
1458 1681
1458 2123
1458 2215
1458 3734
1458 5139
1458 5247
1458 6281
1458 7100
1458 8483
1458 8567
1458 8618
1458 8725
1458 10043
1458 11566
1458 12621
1459 3179
1459 3769
1459 4051
1459 4568
1459 5726
1459 7651
1459 7874
1459 8541
1459 9088
1459 9159
1459 9225
1459 9713
1459 9795
1459 9901
1459 10047
1459 10097
1459 11741
1459 11851
1459 11891
1460 1962
1460 2155
1460 2288
1460 2872
1460 2891
1460 3050
1460 3184
1460 5268
1460 5288
1460 5300
1460 6073
1460 7019
1460 7147
1460 7987
1460 9260
1460 11490
1461 2556
1461 2806
1461 3387
1461 3577
1461 5746
1461 6633
1461 9210
1461 9211
1461 9307
1461 9330
1461 11280
1462 1482
1462 2326
1462 2939
1462 3189
1462 3621
1462 3775
1462 4678
1462 5662
1462 6419
1462 8232
1463 1636
1463 2291
1463 3631
1463 5490
1463 6199
1463 6321
1463 6457
1463 7464
1463 7496
1463 8306
1463 8375
1463 8451
1463 8523
1463 9861
1463 10571
1463 11856
1463 12184
1464 1484
1464 2067
1464 2296
1464 3015
1464 3609
1464 5044
1464 5150
1464 5328
1464 7043
1464 8256
1464 8387
1464 9220
1464 9412
1464 9954
1464 12072
1465 2015
1465 2103
1465 2295
1465 2300
1465 4209
1465 4347
1465 5039
1465 6713
1465 6976
1465 9235
1465 9557
1465 9639
1465 10095
1465 10279
1465 10503
1465 10557
1465 10615
1465 11316
1465 11400
1465 11583
1465 12457
1466 1698
1466 6650
1466 6986
1466 11358
1466 11592
1466 11678
1467 1882
1467 1922
1467 2551
1467 3351
1467 6411
1467 6550
1467 8282
1467 8840
1467 9744
1467 10158
1468 2921
1468 3768
1468 4550
1468 4715
1468 6426
1468 7748
1468 9153
1468 9868
1469 3369
1469 4460
1469 4487
1469 5353
1469 5804
1469 7304
1469 8730
1469 8767
1469 8833
1469 9467
1469 9650
1469 10661
1469 11806
1469 12455
1470 1556
1470 2363
1470 2461
1470 2728
1470 2739
1470 3541
1470 3872
1470 4925
1470 5447
1470 6598
1470 7780
1470 8195
1470 9155
1470 9297
1470 9566
1470 10041
1470 10558
1470 10754
1470 11001
1471 1478
1471 1566
1471 2213
1471 2396
1471 2539
1471 4279
1471 4496
1471 5408
1471 5444
1471 6501
1471 6517
1471 7085
1471 7912
1471 8062
1471 8248
1471 8475
1471 9314
1471 9696
1471 10046
1471 10164
1471 10393
1471 10785
1472 2095
1472 2174
1472 2700
1472 2906
1472 3507
1472 3844
1472 4269
1472 4943
1472 5163
1472 5911
1472 5949
1472 6004
1472 6242
1472 6384
1472 8238
1472 8656
1472 8693
1472 9161
1472 9295
1472 9465
1472 9805
1473 2596
1473 3144
1473 3374
1473 4136
1473 4299
1473 4774
1473 5727
1473 5758
1473 5772
1473 5814
1473 6034
1473 6262
1473 7369
1473 7905
1473 8356
1473 8917
1473 9806
1473 11597
1474 1817
1474 2110
1474 2326
1474 3189
1474 5189
1474 5550
1474 5919
1474 6703
1474 7672
1474 8145
1474 8794
1475 1742
1475 2024
1475 2460
1475 2969
1475 4441
1475 4577
1475 5576
1475 9855
1475 10664
1475 11507
1475 11537
1475 12321
1476 2330
1476 3119
1476 4482
1476 4483
1476 5327
1476 6841
1476 8163
1476 9155
1476 9738
1477 3151
1477 4031
1477 6113
1477 6491
1477 7049
1477 7050
1477 7291
1477 7437
1477 7438
1477 8298
1477 8557
1477 8631
1477 8801
1478 2213
1478 3177
1478 3743
1478 4751
1478 5408
1478 7102
1478 8996
1478 9314
1478 9696
1478 9729
1478 10164
1478 10214
1478 10225
1478 10785
1478 11104
1479 2377
1479 2522
1479 2610
1479 4152
1479 4593
1479 4716
1479 7082
1479 7560
1479 7923
1479 8450
1479 8992
1479 9200
1479 9872
1479 10468
1479 11063
1479 11359
1480 1559
1480 2017
1480 2482
1480 3774
1480 4266
1480 4725
1480 4727
1480 6338
1480 7898
1480 9117
1480 9674
1481 1908
1481 2434
1481 3112
1481 5178
1481 5487
1481 6514
1481 6919
1481 7245
1481 7389
1481 9454
1481 11770
1482 2326
1482 2486
1482 3189
1482 3206
1482 3621
1482 3775
1482 4542
1482 4678
1482 5580
1482 5662
1482 7930
1482 8145
1482 8232
1482 10510
1482 11195
1483 2400
1483 2474
1483 2890
1483 4611
1483 4780
1483 4902
1483 5946
1483 6290
1483 6947
1483 8710
1483 8754
1483 11100
1483 11189
1483 11473
1483 11562
1483 12609
1484 2067
1484 2140
1484 2493
1484 3609
1484 5039
1484 5150
1484 5683
1484 6339
1484 7203
1484 9220
1484 9230
1484 9545
1484 9954
1484 12072
1484 12362
1485 2591
1485 3965
1485 5279
1485 5676
1485 9658
1485 10135
1485 10745
1485 10746
1486 1782
1486 2202
1486 2318
1486 2693
1486 2991
1486 3950
1486 4359
1486 4500
1486 4643
1486 4719
1486 6352
1486 6797
1486 8868
1486 9131
1486 9961
1486 11526
1486 11590
1486 11829
1486 12256
1487 3293
1487 3736
1487 4030
1487 6812
1487 6827
1487 9139
1487 9141
1487 9704
1487 10408
1487 12229
1488 3450
1488 3553
1488 4325
1488 4381
1488 4863
1488 7035
1488 8187
1488 10188
1488 10197
1488 10283
1488 10824
1488 11216
1489 1570
1489 2079
1489 2567
1489 3592
1489 4382
1489 4606
1489 4622
1489 7243
1489 7933
1489 8475
1489 8875
1489 9584
1489 9826
1489 9850
1489 9985
1489 10065
1489 10359
1489 10753
1489 10997
1489 11593
1489 11773
1489 12443
1489 12653
1490 2593
1490 2995
1490 4285
1490 5152
1490 5345
1490 5817
1490 6097
1490 6223
1490 7681
1490 8659
1490 8907
1490 8939
1490 9133
1490 9252
1490 9282
1490 9531
1490 10534
1490 10806
1491 2134
1491 3515
1491 5093
1491 5096
1491 5155
1491 8106
1491 8575
1491 8943
1491 9181
1491 9369
1491 12346
1492 2145
1492 4005
1492 6017
1492 7588
1492 8564
1492 8755
1492 9102
1492 12248
1493 4736
1493 4972
1493 5809
1493 8144
1493 9980
1493 11225
1493 11463
1493 12395
1494 2659
1494 2857
1494 3443
1494 3488
1494 4528
1494 5073
1494 6178
1494 6761
1494 7521
1494 7615
1494 7616
1494 10299
1494 11205
1495 1519
1495 2257
1495 4983
1495 5211
1495 5680
1495 9441
1495 10737
1495 11050
1495 11052
1495 11074
1495 11622
1495 11669
1495 11870
1495 12478
1496 5047
1496 5464
1496 9488
1496 9681
1496 10848
1496 10879
1496 10893
1496 12379
1497 1624
1497 5478
1497 5739
1497 5753
1497 5939
1497 6689
1497 7794
1497 11142
1497 11711
1498 1684
1498 3298
1498 3315
1498 3554
1498 7426
1498 7429
1498 8546
1498 9209
1498 9321
1498 9812
1499 3703
1499 4556
1499 7598
1499 8026
1499 8935
1499 11912
1499 12431
1499 12604
1500 1818
1500 4608
1500 6069
1500 6398
1500 7512
1500 7992
1500 8401
1500 10212
1500 10905
1500 11312
1500 11346
1501 5058
1501 5526
1501 6882
1501 10199
1501 10417
1501 10549
1501 10550
1501 10636
1501 10963
1501 11717
1501 11749
1502 1640
1502 1727
1502 2024
1502 2262
1502 3691
1502 3713
1502 4054
1502 4689
1502 4726
1502 5998
1502 6899
1502 7895
1502 9310
1502 10527
1502 12143
1502 12321
1502 12435
1503 3668
1503 4909
1503 5543
1503 6113
1503 7291
1503 7438
1503 7589
1503 8195
1503 8631
1503 9208
1504 2014
1504 2450
1504 2499
1504 5020
1504 5532
1504 6188
1504 7844
1505 1521
1505 4905
1505 5891
1505 6339
1505 6538
1505 6736
1505 7203
1505 7377
1505 7641
1505 7671
1506 1657
1506 1765
1506 2510
1506 2924
1506 3636
1506 3638
1506 3831
1506 3868
1506 3882
1506 4683
1506 4757
1506 5088
1506 6145
1506 6264
1506 6934
1506 7417
1506 8503
1506 10693
1507 1585
1507 2098
1507 2244
1507 3122
1507 3564
1507 5731
1507 6064
1507 8462
1507 8654
1507 9303
1507 10179
1507 10360
1508 2131
1508 2535
1508 2674
1508 2788
1508 3187
1508 3307
1508 4552
1508 5609
1508 7482
1508 8074
1508 11579
1508 12350
1509 3315
1509 3554
1509 4432
1509 4456
1509 6929
1509 7104
1509 7429
1509 7872
1509 8546
1509 8605
1509 12199
1509 12684
1510 2040
1510 2753
1510 2948
1510 3574
1510 3626
1510 5196
1510 8839
1510 11074
1510 11622
1510 12478
1511 1781
1511 4767
1511 6593
1511 7533
1511 7743
1511 9479
1511 9736
1511 11943
1512 4111
1512 6640
1512 7447
1512 8802
1512 11534
1513 1730
1513 2498
1513 2932
1513 3756
1513 5041
1513 7845
1513 10144
1513 10262
1513 10656
1514 1515
1514 2596
1514 4774
1514 5779
1514 5792
1514 5859
1514 5901
1514 7379
1514 7680
1514 8283
1514 9010
1515 2596
1515 3414
1515 5792
1515 5901
1515 7379
1515 8283
1515 8553
1515 10394
1516 2655
1516 3683
1516 4566
1516 4672
1516 6928
1516 9748
1516 9753
1516 10000
1516 10808
1517 1982
1517 2564
1517 2894
1517 2956
1517 3935
1517 5505
1517 6744
1517 7280
1517 7408
1517 8138
1517 9507
1517 9926
1517 10407
1517 11422
1518 4738
1518 6724
1518 6769
1518 9082
1518 9660
1518 11790
1518 12294
1519 2257
1519 4227
1519 4729
1519 4983
1519 5211
1519 6328
1519 6415
1519 9360
1519 11052
1520 2012
1520 2062
1520 2746
1520 3073
1520 3742
1520 4984
1520 6083
1520 6243
1520 6828
1520 7201
1520 7977
1520 8251
1520 8910
1520 9052
1520 9496
1520 9925
1520 10866
1520 11571
1520 11721
1521 2451
1521 3469
1521 3607
1521 4133
1521 4905
1521 4956
1521 5150
1521 5436
1521 6499
1521 6736
1521 7203
1521 9230
1522 2464
1522 2566
1522 2886
1522 3121
1522 3243
1522 4053
1522 6670
1522 7610
1522 8206
1522 8257
1522 8474
1522 8702
1522 9305
1522 10833
1522 10836
1522 11410
1522 12381
1523 3730
1523 3807
1523 4019
1523 7014
1523 7382
1523 8590
1523 9659
1523 9752
1523 9970
1523 10736
1523 11208
1523 12233
1524 1886
1524 1955
1524 2138
1524 2189
1524 2231
1524 3802
1524 4576
1524 6730
1524 8153
1524 8998
1524 9666
1525 1916
1525 1929
1525 1931
1525 3379
1525 3450
1525 6389
1525 6542
1525 6762
1525 6834
1525 7922
1525 8187
1525 8348
1525 8351
1525 10240
1525 10371
1526 1944
1526 2156
1526 2161
1526 2668
1526 2691
1526 3337
1526 4145
1526 4515
1526 5271
1526 6119
1526 6581
1526 7202
1526 7328
1526 7394
1526 7497
1526 8010
1526 8813
1526 9883
1527 1941
1527 2028
1527 2190
1527 3481
1527 4516
1527 5706
1527 6316
1527 6580
1527 6817
1527 8186
1527 8263
1527 8342
1527 8505
1527 8536
1527 9065
1527 9415
1527 10419
1527 10750
1528 1941
1528 1985
1528 2500
1528 2743
1528 2981
1528 3065
1528 3746
1528 4320
1528 4396
1528 6462
1528 6482
1528 8268
1528 9280
1528 10786
1528 11414
1528 12325
1529 2910
1529 3032
1529 4262
1529 4420
1529 6718
1529 6766
1529 7348
1529 7678
1529 9833
1529 12561
1530 1789
1530 1796
1530 2782
1530 4223
1530 5149
1530 5409
1530 5594
1530 6181
1530 10223
1531 3001
1531 3927
1531 4270
1531 5161
1531 6554
1531 6561
1531 6875
1531 9167
1531 9238
1531 9652
1531 9687
1532 2316
1532 2481
1532 2932
1532 3002
1532 3278
1532 3748
1532 4825
1532 7071
1532 7500
1532 9237
1532 11011
1532 11274
1533 2316
1533 3002
1533 3524
1533 4353
1533 7107
1533 8837
1533 9096
1533 9808
1533 9992
1533 10020
1533 10569
1533 10830
1533 11011
1533 11274
1533 12225
1534 1856
1534 3245
1534 4160
1534 5168
1534 5586
1534 5746
1534 5833
1534 5989
1534 6565
1534 6729
1534 7268
1534 7348
1534 7794
1534 9211
1534 9330
1534 12561
1535 2929
1535 2930
1535 2957
1535 3011
1535 3166
1535 4394
1535 6126
1535 6785
1535 8269
1535 8938
1535 8999
1535 9731
1535 10052
1535 10412
1535 10769
1535 10902
1536 1771
1536 2504
1536 4405
1536 5687
1536 6703
1536 6973
1536 9935
1536 10807
1536 10934
1536 11618
1537 1655
1537 1970
1537 3232
1537 3323
1537 3805
1537 4853
1537 6600
1537 6948
1537 7967
1537 10431
1537 11277
1537 11586
1538 2936
1538 3036
1538 4400
1538 4996
1538 5077
1538 5229
1538 5500
1538 6407
1538 6543
1538 7074
1538 7346
1538 7443
1538 7997
1538 9130
1538 9173
1538 9174
1538 9458
1538 9874
1538 10649
1538 12250
1539 2676
1539 3324
1539 3415
1539 4308
1539 4383
1539 4423
1539 4697
1539 5402
1539 6134
1539 6647
1539 7060
1539 7691
1539 9866
1539 9912
1539 10517
1539 10551
1539 11144
1539 11353
1539 11946
1539 11995
1539 12526
1539 12623
1540 1769
1540 2027
1540 2237
1540 3738
1540 4114
1540 4412
1540 4653
1540 5658
1540 6279
1540 6432
1540 6705
1540 9947
1540 11022
1540 11547
1541 1793
1541 1871
1541 2892
1541 3173
1541 3581
1541 3662
1541 4167
1541 4228
1541 5244
1541 5467
1541 6693
1541 8397
1541 9500
1541 11506
1542 1669
1542 2656
1542 2674
1542 5081
1542 5868
1542 6558
1542 6641
1542 6783
1542 8046
1542 9138
1542 10793
1542 12212
1542 12222
1543 2068
1543 2494
1543 2729
1543 2954
1543 2961
1543 2974
1543 4634
1543 4742
1543 4749
1543 5681
1543 6024
1543 6860
1543 7321
1543 7710
1543 8645
1543 8816
1543 9473
1543 10841
1543 11059
1543 11210
1543 11606
1543 12501
1544 2921
1544 3026
1544 8158
1544 8213
1544 8403
1544 9118
1544 9868
1544 10532
1544 12651
1545 1702
1545 2075
1545 2570
1545 2793
1545 3127
1545 5986
1545 6813
1545 7079
1545 7183
1545 7388
1545 9347
1545 11738
1545 11944
1545 12275
1546 1793
1546 3662
1546 4571
1546 8697
1546 9893
1546 9944
1546 10145
1546 10208
1546 11554
1547 2007
1547 2099
1547 4019
1547 4406
1547 4531
1547 4691
1547 4914
1547 5493
1547 5601
1547 6169
1547 6182
1547 6488
1547 7558
1547 8012
1547 9160
1547 9182
1547 9556
1547 9620
1547 9695
1547 9752
1547 11289
1547 12613
1548 1834
1548 2253
1548 2328
1548 3866
1548 3887
1548 4636
1548 6385
1548 8528
1548 8649
1548 9476
1548 9485
1548 10309
1548 10333
1548 10560
1549 1551
1549 3003
1549 3289
1549 4341
1549 4397
1549 7451
1549 8225
1549 8682
1549 10084
1549 10722
1549 11684
1550 1839
1550 2168
1550 3550
1550 3645
1550 3678
1550 3846
1550 4446
1550 5432
1550 6103
1550 7554
1550 7623
1550 9466
1550 9536
1550 9821
1550 10758
1550 11730
1550 12274
1551 2205
1551 2259
1551 3003
1551 3347
1551 3451
1551 3717
1551 3772
1551 4341
1551 4772
1551 4896
1551 5026
1551 7451
1551 7823
1551 8148
1551 8225
1551 8682
1551 9571
1551 10084
1551 11058
1552 2177
1552 2684
1552 3471
1552 4144
1552 4303
1552 4398
1552 5666
1552 5846
1552 7152
1552 7772
1552 8555
1552 9595
1552 11056
1552 11561
1552 12400
1553 2239
1553 2381
1553 2415
1553 4776
1553 6484
1553 6805
1553 7322
1553 8357
1553 8390
1553 8806
1553 9242
1553 11712
1554 3009
1554 3692
1554 3799
1554 5365
1554 7450
1554 7465
1554 7642
1554 8024
1554 8624
1554 8852
1554 9772
1554 12683
1555 1560
1555 1997
1555 2000
1555 2586
1555 2846
1555 2898
1555 3168
1555 4804
1555 4838
1555 4998
1555 7042
1555 8382
1555 9187
1555 9281
1555 10777
1556 2461
1556 5447
1556 6598
1556 6890
1556 7481
1556 7541
1556 9297
1556 9566
1556 10041
1556 10058
1556 11073
1556 11912
1557 1772
1557 2230
1557 2560
1557 2789
1557 5160
1557 5795
1557 6643
1557 7119
1557 7151
1557 7703
1557 7989
1557 8597
1557 11044
1557 12351
1557 12565
1557 12697
1558 1907
1558 2437
1558 2708
1558 2894
1558 3388
1558 3449
1558 4277
1558 4348
1558 5545
1558 6503
1558 9926
1558 10353
1558 10556
1558 11671
1559 2482
1559 2484
1559 3696
1559 4725
1559 4745
1559 5142
1559 7696
1559 7897
1559 7898
1559 8470
1559 9117
1559 9257
1559 9674
1559 9742
1559 10765
1560 1997
1560 2050
1560 2782
1560 2846
1560 3219
1560 3993
1560 4791
1560 5890
1560 6440
1560 7042
1560 8382
1560 9281
1561 1761
1561 1840
1561 2408
1561 3801
1561 4770
1561 8192
1561 10241
1561 10663
1562 2839
1562 3298
1562 3675
1562 4498
1562 6651
1562 7736
1562 8272
1562 9812
1562 9968
1563 3987
1563 4505
1563 7913
1563 7959
1563 8120
1563 8233
1563 9198
1563 9288
1563 9398
1563 9503
1563 9590
1563 9899
1563 10143
1563 10472
1563 12333
1564 3623
1564 4470
1564 5356
1564 5471
1564 6416
1564 7525
1564 9401
1565 1845
1565 2409
1565 4755
1565 5139
1565 5247
1565 5407
1565 7100
1565 7367
1565 7718
1565 7956
1565 11566
1566 2396
1566 2539
1566 2639
1566 4279
1566 4662
1566 6434
1566 6517
1566 7085
1566 7211
1566 7875
1566 7912
1566 7913
1566 8120
1566 9398
1566 9953
1566 10393
1566 10487
1566 10592
1567 1747
1567 1787
1567 2292
1567 3516
1567 4740
1567 5450
1567 6523
1567 7640
1567 7868
1567 8673
1567 9304
1567 11007
1567 11206
1568 2461
1568 3541
1568 5445
1568 6105
1568 7608
1568 8129
1568 8610
1568 9858
1568 10754
1568 12281
1569 2248
1569 2917
1569 3611
1569 4407
1569 4448
1569 4478
1569 5397
1569 5605
1569 6611
1569 6634
1569 8679
1569 8991
1569 9562
1569 10077
1569 11629
1570 1728
1570 1835
1570 1924
1570 1953
1570 2222
1570 2567
1570 2612
1570 2959
1570 4501
1570 4575
1570 5524
1570 7933
1570 8029
1570 8248
1570 8287
1570 8475
1570 8869
1570 9826
1570 9850
1571 1732
1571 1743
1571 2801
1571 3225
1571 3974
1571 4239
1571 5540
1571 5805
1571 7838
1571 8308
1571 9266
1571 9456
1571 9494
1571 9673
1572 2569
1572 2845
1572 3995
1572 4706
1572 4763
1572 4764
1572 4928
1572 5820
1572 6839
1572 8893
1572 10281
1572 12298
1573 1906
1573 2047
1573 2726
1573 3879
1573 4366
1573 5231
1573 7009
1573 9164
1573 10233
1573 11103
1574 1847
1574 2150
1574 2818
1574 3454
1574 5238
1574 5323
1574 5744
1574 6780
1574 6831
1574 6942
1574 7655
1574 9633
1575 1729
1575 2109
1575 2456
1575 2925
1575 3212
1575 5352
1575 7104
1575 7111
1575 8537
1575 10168
1575 10202
1575 11852
1575 12440
1576 3034
1576 4239
1576 4474
1576 5656
1576 6314
1576 6592
1576 6732
1576 7313
1576 8000
1576 8121
1576 8352
1576 9266
1576 10435
1576 10571
1576 11839
1576 12150
1577 3122
1577 6127
1577 7083
1577 8549
1577 9447
1577 9726
1577 9802
1577 10589
1577 10700
1577 11797
1577 12076
1578 3811
1578 3812
1578 4545
1578 4569
1578 4616
1578 5051
1578 5385
1578 5439
1578 6059
1578 6211
1578 8307
1578 8344
1578 9302
1578 9323
1578 9727
1579 2405
1579 3793
1579 5027
1579 5220
1579 5870
1579 5990
1579 6170
1579 6743
1579 6846
1579 6964
1579 9283
1579 9453
1579 11099
1579 11132
1580 1628
1580 4863
1580 5214
1580 5837
1580 8541
1580 9849
1580 10115
1580 10283
1580 11216
1580 11745
1580 11868
1581 1586
1581 2519
1581 2875
1581 3123
1581 3138
1581 3159
1581 3897
1581 4789
1581 5592
1581 6028
1581 6186
1581 6329
1581 8573
1581 8699
1581 9135
1581 9511
1581 9627
1581 9880
1581 10759
1582 2205
1582 2889
1582 2965
1582 4772
1582 4896
1582 5559
1582 6090
1582 7383
1582 7402
1582 8210
1582 9334
1583 2783
1583 4174
1583 4272
1583 4282
1583 5068
1583 6217
1583 6622
1583 7766
1583 7812
1583 8571
1583 10361
1583 12530
1584 1773
1584 7697
1584 8973
1584 10159
1584 11962
1584 12013
1584 12021
1584 12053
1584 12091
1584 12235
1585 2244
1585 3564
1585 6064
1585 7431
1585 8654
1585 9303
1586 2519
1586 3123
1586 4789
1586 5707
1586 5903
1586 6186
1586 6229
1586 6329
1586 8573
1586 11625
1587 1759
1587 3565
1587 3792
1587 4833
1587 5595
1587 6023
1587 7026
1587 7269
1587 9399
1587 9823
1587 9895
1587 9928
1588 2400
1588 3813
1588 4895
1588 4902
1588 5492
1588 5583
1588 6947
1588 8321
1588 8754
1588 9583
1588 12221
1589 3804
1589 4830
1589 5045
1589 6660
1589 6940
1589 6959
1589 9124
1589 10255
1589 10303
1590 1598
1590 1998
1590 4060
1590 5392
1590 6221
1590 6332
1590 9322
1590 10386
1590 10652
1590 11636
1590 12030
1591 2017
1591 2484
1591 4487
1591 4657
1591 4725
1591 4745
1591 5030
1591 5804
1591 7621
1591 7791
1591 7897
1591 7920
1591 8152
1591 9876
1591 9914
1591 9933
1591 10068
1591 10657
1591 10796
1592 2314
1592 2453
1592 2609
1592 2851
1592 3582
1592 4879
1592 10074
1592 10170
1593 2304
1593 2943
1593 3469
1593 3607
1593 3671
1593 3673
1593 4905
1593 5059
1593 6736
1593 6786
1593 11753
1594 1595
1594 2395
1594 2919
1594 3903
1594 5364
1594 6014
1594 7496
1594 9275
1595 1877
1595 2395
1595 2919
1595 3903
1595 4121
1595 5246
1595 5364
1595 6014
1595 7496
1595 9275
1596 2401
1596 2885
1596 3910
1596 4066
1596 4181
1596 6690
1596 7098
1596 7393
1596 7691
1596 11252
1596 11729
1596 11976
1596 12549
1597 2126
1597 2217
1597 3091
1597 3317
1597 5480
1597 6694
1597 6938
1597 9543
1597 9952
1597 10171
1597 11981
1598 1998
1598 2697
1598 4060
1598 6112
1598 6221
1598 6332
1598 7686
1598 11636
1599 2416
1599 2776
1599 4656
1599 4840
1599 4922
1600 2336
1600 2998
1600 3680
1600 3693
1600 3916
1600 4978
1600 5391
1600 6866
1600 7059
1600 7999
1600 9390
1600 9964
1600 10317
1600 10325
1600 10478
1600 10515
1600 11315
1600 11619
1601 2373
1601 2374
1601 2569
1601 2657
1601 2918
1601 4794
1601 4988
1601 5380
1601 5975
1601 7200
1601 8261
1601 9109
1601 9280
1601 9582
1601 10454
1601 11958
1602 1609
1602 2423
1602 3045
1602 3169
1602 4153
1602 4458
1602 5159
1602 7307
1602 9183
1602 10049
1602 10593
1602 10978
1602 11739
1602 12410
1603 1610
1603 7436
1603 7679
1603 8234
1603 8516
1604 1790
1604 1892
1604 2167
1604 5379
1604 5651
1604 6029
1604 6678
1604 6961
1604 9169
1604 9256
1604 9273
1604 9675
1605 2616
1605 3613
1605 3800
1605 5913
1605 6489
1605 7186
1605 7230
1605 7403
1605 8786
1605 9608
1605 10744
1606 1836
1606 4327
1606 4898
1606 5234
1606 6406
1606 7695
1606 9335
1606 9481
1606 9994
1606 10451
1607 1906
1607 2211
1607 2294
1607 2829
1607 6374
1607 7924
1607 7955
1607 8255
1607 8448
1607 8915
1607 9416
1607 9757
1607 10218
1607 10773
1607 11273
1607 11487
1607 12465
1608 1612
1608 3720
1608 3818
1608 3883
1608 6713
1608 6855
1608 9621
1608 10095
1608 10279
1608 11583
1608 12457
1609 3045
1609 3094
1609 4458
1609 5061
1609 5159
1609 5374
1609 5518
1609 9989
1609 10049
1609 10493
1609 10593
1609 11243
1609 11739
1609 11926
1609 12177
1610 1622
1610 3277
1610 3881
1610 6063
1610 7436
1610 7679
1610 8006
1610 8296
1610 8438
1610 8516
1611 2037
1611 2443
1611 3164
1611 3527
1611 4578
1611 6739
1611 6840
1611 8150
1611 8420
1611 8844
1611 8879
1611 8894
1611 9491
1611 10269
1611 10935
1611 11046
1611 12083
1611 12333
1611 12587
1612 3720
1612 3818
1612 3854
1612 5374
1612 5616
1612 6855
1612 10631
1612 11243
1613 3602
1613 4214
1613 4321
1613 6833
1613 7312
1613 9328
1613 9659
1613 11596
1614 1694
1614 1715
1614 2594
1614 3516
1614 3857
1614 6274
1614 6560
1614 6637
1614 7010
1614 7339
1614 7482
1614 7700
1614 9530
1614 12340
1615 2696
1615 4633
1615 4724
1615 4899
1615 5087
1615 5401
1615 6342
1615 6569
1615 7126
1615 8326
1615 9144
1615 9367
1615 9373
1615 10019
1616 1784
1616 2026
1616 2736
1616 3752
1616 3923
1616 3946
1616 5136
1616 5427
1616 5794
1616 6549
1616 6645
1617 5220
1617 7901
1617 8161
1617 8171
1617 9283
1617 10161
1617 11081
1617 11099
1617 11102
1617 12323
1617 12665
1618 2877
1618 5723
1618 6405
1618 6585
1618 7277
1618 7408
1618 7900
1618 8113
1618 11595
1618 12477
1619 1864
1619 2419
1619 3194
1619 3618
1619 3663
1619 5019
1619 5194
1619 5369
1619 5711
1619 6726
1619 7579
1619 8286
1619 8293
1619 9515
1619 9746
1620 1975
1620 2226
1620 3019
1620 3869
1620 6050
1620 6054
1620 6400
1620 6750
1620 7385
1620 7704
1620 8231
1620 9313
1620 9602
1620 10768
1620 11937
1621 2049
1621 3723
1621 4048
1621 4157
1621 4163
1621 4370
1621 5195
1621 5266
1621 9097
1621 9522
1621 9817
1621 11768
1622 2041
1622 2553
1622 3277
1622 3411
1622 5004
1622 6063
1622 7436
1622 7607
1622 7679
1622 8006
1622 8234
1622 8438
1622 9344
1622 9619
1622 9864
1623 1677
1623 1692
1623 2266
1623 2936
1623 3044
1623 6407
1623 6545
1623 8402
1623 9874
1624 1717
1624 1848
1624 5478
1624 5739
1624 5753
1624 5833
1624 6689
1624 6760
1624 8172
1624 9682
1624 11158
1624 11330
1624 11711
1625 5221
1625 5355
1625 5437
1625 5474
1625 5785
1625 11627
1625 11653
1625 12393
1626 1634
1626 2619
1626 3525
1626 3645
1626 3846
1626 4415
1626 4886
1626 4935
1626 5191
1626 5201
1626 6087
1626 7486
1626 7545
1626 8811
1626 9601
1626 10349
1626 10366
1626 10568
1626 10632
1626 11652
1626 12329
1627 2613
1627 4150
1627 4159
1627 4932
1627 6366
1627 6701
1627 7778
1627 8864
1627 9063
1627 9158
1627 9471
1627 10082
1627 11209
1627 11385
1627 11551
1628 1800
1628 2563
1628 3012
1628 3023
1628 5187
1628 5214
1628 5770
1628 5837
1628 7320
1628 7526
1628 8541
1628 9849
1628 10047
1628 10115
1628 10283
1628 10305
1628 10897
1628 11216
1628 11745
1628 11868
1629 1899
1629 2462
1629 4069
1629 9258
1629 10340
1629 10622
1629 10651
1629 10724
1629 11980
1630 1632
1630 1917
1630 4283
1630 4917
1630 9631
1630 9893
1630 10145
1630 10845
1630 10884
1631 2098
1631 3247
1631 3564
1631 3989
1631 4264
1631 6142
1631 9303
1631 9455
1631 10230
1631 10516
1631 10533
1631 12512
1632 1917
1632 2892
1632 4092
1632 4283
1632 4917
1632 6019
1632 9631
1632 9946
1632 12203
1632 12380
1633 2689
1633 3354
1633 3365
1633 3625
1633 6997
1633 7375
1633 7979
1633 8303
1633 8873
1633 9417
1633 10106
1633 10297
1633 11630
1633 11894
1633 12588
1634 2887
1634 3525
1634 3550
1634 3645
1634 3722
1634 3780
1634 3846
1634 4135
1634 4415
1634 4886
1634 6490
1634 10366
1634 10568
1634 11213
1634 11495
1634 11652
1634 11935
1634 12376
1635 4227
1635 4729
1635 5489
1635 6328
1635 8156
1635 8524
1635 9492
1635 9851
1635 10194
1635 10316
1635 10434
1635 10958
1635 10959
1635 11201
1635 11454
1635 12433
1636 1732
1636 2919
1636 3260
1636 4004
1636 5490
1636 5540
1636 5578
1636 6199
1636 7464
1636 8308
1636 8451
1636 9263
1636 9737
1636 9861
1637 1862
1637 2251
1637 2864
1637 4832
1637 5158
1637 6704
1637 8166
1637 9484
1637 10675
1637 11146
1637 11743
1637 11807
1638 4032
1638 4506
1638 6227
1638 7656
1638 10069
1638 10362
1638 10680
1638 11403
1638 11910
1638 12025
1638 12176
1639 2409
1639 3059
1639 3133
1639 3528
1639 3870
1639 4755
1639 4761
1639 5407
1639 5446
1639 5536
1639 7003
1639 7459
1639 8513
1639 8554
1639 8608
1639 8725
1639 8981
1639 9045
1639 12621
1640 1980
1640 2262
1640 3241
1640 3712
1640 3713
1640 3992
1640 4689
1640 4726
1640 5265
1640 5998
1640 6899
1640 7110
1640 9388
1640 10527
1640 12435
1640 12547
1641 2106
1641 3685
1641 3884
1641 4630
1641 5254
1641 9642
1641 9712
1641 10259
1641 10260
1641 10643
1641 10827
1642 1738
1642 2902
1642 3683
1642 4215
1642 4672
1642 5681
1642 6532
1642 9836
1642 10224
1642 11706
1643 2637
1643 3277
1643 3411
1643 3429
1643 4989
1643 5245
1643 5745
1643 6063
1643 7158
1643 7436
1643 8750
1643 8923
1643 9619
1643 10254
1643 10846
1643 11718
1644 2016
1644 2317
1644 2378
1644 2703
1644 3655
1644 4002
1644 4515
1644 4916
1644 4955
1644 6487
1644 6922
1644 7357
1644 7394
1644 8289
1645 1702
1645 3046
1645 3127
1645 3498
1645 4466
1645 4528
1645 5452
1645 5700
1645 5855
1645 5888
1645 6572
1645 7183
1645 7521
1645 9773
1645 12275
1646 2212
1646 2776
1646 4182
1646 4840
1646 4870
1646 5233
1646 11762
1646 11996
1646 12185
1646 12456
1647 2772
1647 3579
1647 5450
1647 5744
1647 7868
1647 7882
1647 8673
1647 8920
1647 11233
1647 11789
1647 12071
1648 3178
1648 3542
1648 5445
1648 5587
1648 5951
1648 6176
1648 6746
1648 7039
1648 7368
1648 7780
1648 7948
1648 8111
1648 8344
1648 8763
1648 8919
1648 8992
1648 9116
1648 10754
1648 11014
1649 2281
1649 3052
1649 3068
1649 5121
1649 5373
1649 5622
1649 5875
1649 6654
1649 8494
1649 10547
1649 10620
1650 2942
1650 3064
1650 3140
1650 3231
1650 3855
1650 6455
1650 6472
1650 6587
1650 6716
1650 7342
1650 11953
1651 2488
1651 4555
1651 5514
1651 5656
1651 6447
1651 6763
1651 7520
1651 7839
1651 8016
1651 9385
1651 10288
1651 12104
1651 12597
1651 12656
1652 1826
1652 1849
1652 2996
1652 3760
1652 3810
1652 4017
1652 5242
1652 5409
1652 5410
1652 5411
1652 5755
1652 5971
1652 6289
1652 6607
1652 6867
1652 7325
1652 7473
1652 7764
1652 8776
1652 10158
1652 10671
1653 2412
1653 2904
1653 3012
1653 3759
1653 3829
1653 4277
1653 4652
1653 4926
1653 5840
1653 5869
1653 6371
1653 6469
1653 6599
1653 7469
1654 1798
1654 3446
1654 4931
1654 5140
1654 5403
1654 6757
1654 6830
1654 7574
1654 9259
1654 9463
1654 12283
1655 1936
1655 1970
1655 2491
1655 2998
1655 3013
1655 3104
1655 3232
1655 3511
1655 3604
1655 4853
1655 5760
1655 6600
1655 6758
1655 7383
1655 7501
1655 7643
1655 7999
1655 9325
1655 11277
1655 11399
1656 1740
1656 4994
1656 5186
1656 5241
1656 5709
1656 6667
1656 7178
1656 9236
1656 9434
1656 9708
1656 10123
1657 3636
1657 4683
1657 5986
1657 6767
1657 8477
1657 8753
1657 9226
1657 10693
1657 10886
1657 10890
1657 12416
1658 2011
1658 4981
1658 7568
1658 7572
1658 8672
1658 9579
1658 10797
1659 1811
1659 2994
1659 3842
1659 5831
1659 6193
1659 8201
1659 10381
1659 11141
1659 11664
1659 11735
1659 12304
1660 1950
1660 2704
1660 2832
1660 3181
1660 4572
1660 6522
1660 8291
1660 11032
1660 11661
1660 11696
1661 2460
1661 2737
1661 2980
1661 3233
1661 3524
1661 3828
1661 4353
1661 4825
1661 5122
1661 7193
1661 7729
1661 8363
1661 8427
1661 10528
1661 10830
1661 11274
1661 12444
1662 2449
1662 3413
1662 3733
1662 4055
1662 6601
1662 7143
1662 9084
1662 9782
1662 9856
1662 10071
1662 10552
1662 11009
1662 11496
1662 11719
1662 12338
1663 2019
1663 2192
1663 2505
1663 3259
1663 3923
1663 4659
1663 4969
1663 5167
1663 5353
1663 6549
1663 6645
1663 8788
1663 9679
1663 10228
1663 10266
1663 10686
1663 12455
1664 2686
1664 2724
1664 3636
1664 4693
1664 6346
1664 6816
1664 6895
1664 6924
1664 7281
1664 7739
1664 8358
1664 10021
1665 1718
1665 1983
1665 2191
1665 2849
1665 3308
1665 3466
1665 3968
1665 4846
1665 5218
1665 6100
1665 7792
1665 8857
1666 2391
1666 3008
1666 3150
1666 3526
1666 3925
1666 4900
1666 5141
1666 5506
1666 5708
1666 7544
1666 7649
1666 7716
1666 7938
1666 8328
1666 8995
1666 9085
1666 10286
1666 11386
1666 11394
1666 11525
1666 11863
1667 3646
1667 4066
1667 5381
1667 6395
1667 8331
1667 11036
1667 11492
1667 12005
1667 12542
1667 12549
1667 12626
1668 4976
1668 6403
1668 9356
1668 11746
1669 2534
1669 3095
1669 3185
1669 4558
1669 5311
1669 5868
1669 6558
1669 6641
1669 6747
1669 7352
1669 9138
1669 10748
1669 11388
1669 11779
1669 12358
1670 1879
1670 2397
1670 3180
1670 4612
1670 4744
1670 6373
1670 7447
1670 7855
1670 8454
1670 8874
1670 9196
1670 9324
1670 9906
1670 12125
1670 12531
1670 12550
1671 3075
1671 3183
1671 4062
1671 4529
1671 6638
1671 7586
1671 8216
1671 8565
1671 8850
1671 9690
1671 9766
1671 9898
1671 10098
1671 12364
1672 2555
1672 4027
1672 4427
1672 4559
1672 4661
1672 4991
1672 6061
1672 6628
1672 6661
1672 7684
1672 8191
1672 8415
1672 9053
1672 10927
1672 12080
1672 12596
1673 3296
1673 5732
1673 5733
1673 7463
1673 8116
1673 8457
1673 8583
1673 8733
1673 10732
1673 11138
1673 11543
1673 11577
1674 4255
1674 4758
1674 6640
1674 7944
1674 8009
1674 8049
1674 8056
1674 8188
1674 8802
1674 9036
1674 9298
1674 9581
1674 11654
1674 12128
1674 12559
1675 2624
1675 3093
1675 3314
1675 3483
1675 3532
1675 4997
1675 6731
1675 7248
1675 7446
1675 8041
1675 8312
1675 8622
1675 8657
1675 9209
1675 9812
1675 10376
1676 1804
1676 2647
1676 3442
1676 3540
1676 4603
1676 6326
1676 7170
1676 8650
1676 10247
1676 11033
1676 11505
1676 12132
1676 12366
1676 12654
1677 1686
1677 1692
1677 1721
1677 2266
1677 2936
1677 4324
1677 4996
1677 6545
1677 6885
1677 8402
1677 10248
1678 2132
1678 3074
1678 3862
1678 4771
1678 5009
1678 5730
1678 6071
1678 6873
1678 7488
1678 8667
1678 9122
1678 10812
1678 11057
1679 4555
1679 5487
1679 6240
1679 6397
1679 7273
1680 2037
1680 3788
1680 6434
1680 7685
1680 7913
1680 8233
1680 8563
1680 9245
1681 2123
1681 2215
1681 3192
1681 3734
1681 6281
1681 6403
1681 8618
1681 9662
1681 10043
1681 10301
1681 10426
1682 2517
1682 2665
1682 2710
1682 3548
1682 4485
1682 4631
1682 4721
1682 5623
1682 7406
1682 8169
1682 9265
1682 10741
1682 11680
1682 11842
1683 1800
1683 2412
1683 2748
1683 2786
1683 3750
1683 6099
1683 6599
1683 6940
1683 6959
1683 7320
1683 10919
1684 3298
1684 3999
1684 8272
1684 9968
1685 1787
1685 3221
1685 5609
1685 6798
1685 7543
1685 8013
1685 8057
1685 8136
1685 11206
1685 12564
1686 1692
1686 1721
1686 2266
1686 2936
1686 3044
1686 3536
1686 4996
1686 6885
1686 7346
1686 7443
1686 9008
1687 2535
1687 3187
1687 3596
1687 5311
1687 5958
1687 6089
1687 6274
1687 6336
1687 6560
1687 6674
1687 7339
1687 7466
1687 7482
1687 7628
1687 8329
1687 8953
1687 10073
1687 10713
1688 1699
1688 2487
1688 3125
1688 4221
1688 4642
1688 8976
1688 11775
1688 11853
1688 12441
1689 2555
1689 3076
1689 4037
1689 4559
1689 4992
1689 5588
1689 5883
1689 6088
1689 6265
1689 6628
1689 7440
1689 7684
1689 8132
1689 8191
1689 8449
1689 8559
1689 8614
1689 8621
1689 8863
1689 8980
1689 9018
1689 9785
1689 10749
1689 11060
1689 12696
1690 2283
1690 2513
1690 5851
1690 6215
1690 7072
1690 7285
1690 8418
1690 8436
1690 8818
1690 9290
1690 9504
1690 10221
1690 10242
1690 10246
1690 10655
1690 10916
1690 10975
1690 11620
1690 11817
1691 1803
1691 3175
1691 3268
1691 3276
1691 3936
1691 5866
1691 8323
1691 8544
1691 8545
1691 9119
1691 9194
1691 9195
1691 9326
1691 9897
1691 10267
1691 10770
1691 11483
1692 2266
1692 2936
1692 3044
1692 8402
1693 2434
1693 2611
1693 3112
1693 3620
1693 4474
1693 4511
1693 5656
1693 5995
1693 6447
1693 6916
1693 7349
1693 7389
1693 7769
1693 7839
1693 8121
1693 9385
1693 10288
1693 11839
1694 1715
1694 6637
1694 7339
1694 7482
1694 7661
1694 7700
1694 8033
1694 8984
1694 12340
1695 1731
1695 1932
1695 6785
1695 7425
1695 7788
1695 9080
1695 9726
1695 10338
1696 2441
1696 2478
1696 3618
1696 3663
1696 4975
1696 5720
1696 7579
1696 7636
1696 7904
1696 8293
1696 10815
1696 10901
1696 10945
1696 11641
1696 12480
1697 2885
1697 3051
1697 3172
1697 3174
1697 3334
1697 3454
1697 3809
1697 3910
1697 4224
1697 6458
1697 6530
1697 7393
1697 9575
1697 10163
1697 12207
1698 2250
1698 3529
1698 4960
1698 5182
1698 6650
1698 6986
1698 7283
1698 7618
1698 7674
1698 8037
1698 8765
1698 10111
1698 10686
1698 11592
1698 11675
1698 11678
1699 2487
1699 3248
1699 4221
1699 4642
1699 5562
1699 7326
1699 8149
1699 8976
1699 9368
1699 10437
1699 11775
1699 11853
1699 12428
1699 12441
1700 1799
1700 3233
1700 5084
1700 5089
1700 5241
1700 5950
1700 6473
1700 6771
1700 7239
1700 7500
1700 8527
1700 10167
1700 11647
1700 11866
1701 2006
1701 2527
1701 2540
1701 3330
1701 4162
1701 4543
1701 4857
1701 6654
1701 7601
1701 8482
1701 8583
1701 9002
1701 9498
1701 9628
1701 11029
1702 2686
1702 3127
1702 4466
1702 5452
1702 6043
1702 6572
1702 6813
1702 7079
1702 7183
1702 9347
1702 9773
1702 10264
1702 10364
1702 11738
1702 11782
1702 12275
1703 4021
1703 4059
1703 4800
1703 5553
1703 8360
1703 8523
1703 8766
1703 9162
1703 10112
1703 11004
1703 11856
1703 12184
1704 2982
1704 3077
1704 3302
1704 4471
1704 5125
1704 5649
1704 6137
1704 7353
1704 7356
1704 7906
1704 10210
1704 10220
1704 10620
1704 10697
1705 1907
1705 2120
1705 2708
1705 3100
1705 3311
1705 3388
1705 3391
1705 3848
1705 3906
1705 4312
1705 4661
1705 4967
1705 4991
1705 6096
1705 6661
1705 6748
1705 8415
1705 8644
1705 9756
1705 10556
1705 10711
1705 12371
1706 2948
1706 3782
1706 4561
1706 7114
1706 7585
1706 9085
1706 9360
1707 6610
1707 7489
1707 7694
1707 8670
1707 8733
1707 8761
1707 11026
1707 11543
1708 2045
1708 2630
1708 2771
1708 4225
1708 7027
1708 7886
1708 8775
1708 11084
1709 3058
1709 3075
1709 5115
1709 5147
1709 6862
1709 7075
1709 8947
1709 9044
1709 9898
1709 12240
1709 12274
1709 12364
1709 12429
1710 4041
1710 5416
1710 6810
1710 7404
1710 7405
1710 7765
1710 8925
1710 11226
1711 2933
1711 3435
1711 3753
1711 4109
1711 4750
1711 4953
1711 5183
1711 5203
1711 5421
1711 6484
1711 7190
1711 8551
1711 9228
1712 3716
1712 3911
1712 7660
1712 8206
1712 9063
1712 10082
1712 10404
1712 11551
1713 3299
1713 4628
1713 5319
1713 7598
1713 8026
1713 9452
1713 9541
1713 10100
1713 11027
1713 11929
1714 2031
1714 2098
1714 3998
1714 6516
1714 6795
1714 11513
1715 3516
1715 3857
1715 7339
1715 7484
1715 7661
1715 7700
1715 8033
1715 8952
1715 8984
1715 11579
1715 12340
1715 12562
1716 1797
1716 1965
1716 2580
1716 4572
1716 5025
1716 7300
1716 10494
1716 10710
1716 11696
1716 11804
1717 1848
1717 2571
1717 5739
1717 5768
1717 5833
1717 6689
1717 6760
1717 8172
1717 8295
1717 9682
1717 11086
1717 11330
1718 3466
1718 3968
1718 4516
1718 4846
1718 5218
1718 5706
1718 6100
1718 6353
1718 6408
1718 6520
1718 6817
1718 6843
1718 7392
1718 7963
1718 8268
1718 8342
1718 8505
1718 8857
1718 10457
1718 10804
1718 11414
1718 12571
1719 1720
1719 1724
1719 1995
1719 2179
1719 2878
1719 2986
1719 3050
1719 3184
1719 3818
1719 5616
1719 6623
1719 7994
1719 8815
1719 9260
1720 1724
1720 2179
1720 2735
1720 2878
1720 2891
1720 3050
1720 3818
1720 3883
1720 5616
1720 5889
1720 6504
1720 7994
1720 8815
1720 9260
1720 10268
1720 10279
1720 10790
1721 2266
1721 3536
1721 6885
1721 7756
1721 8587
1721 10248
1722 2171
1722 3947
1722 3955
1722 4647
1722 4718
1722 4831
1722 5117
1722 6436
1722 6975
1722 8678
1722 9706
1722 9807
1722 9847
1723 2040
1723 2299
1723 2492
1723 3286
1723 3942
1723 6712
1723 7025
1723 7055
1723 7964
1723 8204
1723 11848
1723 11931
1724 1962
1724 2891
1724 3050
1724 3818
1724 5159
1724 5268
1724 5374
1724 5518
1724 5616
1724 6504
1724 8815
1724 9260
1724 9576
1724 9989
1724 10790
1725 2403
1725 3593
1725 4488
1725 5253
1725 7759
1725 8180
1725 8424
1725 9278
1725 10222
1726 1728
1726 1925
1726 1953
1726 2166
1726 2783
1726 4272
1726 4282
1726 4575
1726 5566
1726 6217
1727 1869
1727 2024
1727 2261
1727 3691
1727 4054
1727 5084
1727 5089
1727 5998
1727 6183
1727 6663
1727 6769
1727 7895
1727 9082
1727 9310
1727 10313
1727 12031
1727 12143
1728 1925
1728 1953
1728 2222
1728 4272
1728 4282
1728 4501
1728 4575
1728 5566
1728 7225
1729 2109
1729 2456
1729 2773
1729 3212
1729 6741
1729 7192
1729 7865
1729 7872
1729 8512
1729 8537
1729 8823
1729 8969
1729 9532
1729 10202
1729 12199
1729 12440
1729 12641
1730 2498
1730 2737
1730 2879
1730 2932
1730 3756
1730 5041
1730 7181
1730 9388
1731 1932
1731 2929
1731 2950
1731 3173
1731 3378
1731 4167
1731 4584
1731 5679
1731 6785
1731 7425
1731 7432
1731 7801
1731 8078
1731 8938
1731 9839
1731 10667
1731 12463
1732 1743
1732 2278
1732 2801
1732 3260
1732 5144
1732 5175
1732 5540
1732 5578
1732 5805
1732 6199
1732 7838
1732 8140
1732 8308
1732 9263
1732 9737
1732 9938
1732 10659
1732 10788
1732 10814
1732 11008
1732 11013
1733 3576
1733 4403
1733 4736
1733 5005
1733 5181
1733 5213
1733 5510
1733 6247
1733 6308
1734 2259
1734 2538
1734 3003
1734 3717
1734 5012
1734 5921
1734 7271
1734 7823
1734 8394
1734 9571
1734 9599
1734 9776
1734 10600
1734 11670
1735 5518
1735 5933
1735 8020
1735 10583
1735 11975
1735 12169
1735 12237
1736 3444
1736 4580
1736 6686
1736 7272
1736 7860
1736 10476
1736 10610
1736 11985
1736 12243
1737 2607
1737 2871
1737 3413
1737 3913
1737 5522
1737 5724
1737 5789
1737 6670
1737 8429
1737 9363
1737 10022
1737 10103
1737 10858
1737 10869
1737 10961
1737 11428
1737 11719
1738 2902
1738 2937
1738 3186
1738 3279
1738 5681
1738 6490
1738 7321
1738 8645
1738 8658
1738 10083
1738 10224
1738 10471
1738 12376
1739 1892
1739 2511
1739 2795
1739 3182
1739 4070
1739 4201
1739 4426
1739 4589
1739 4600
1739 5982
1739 6029
1739 6482
1739 6742
1739 7056
1739 9524
1739 10034
1739 11402
1739 11940
1739 12535
1740 4675
1740 4862
1740 5036
1740 6667
1740 7077
1740 8174
1740 8472
1740 9335
1740 9434
1740 10110
1740 10311
1740 10377
1740 11412
1741 2780
1741 2923
1741 6667
1741 7358
1741 9951
1741 10687
1741 12362
1742 2460
1742 2969
1742 4305
1742 6789
1742 8361
1742 9717
1742 11507
1743 2801
1743 3225
1743 3974
1743 5578
1743 5771
1743 5805
1743 7276
1743 8458
1743 9673
1743 10659
1743 12216
1744 2232
1744 2294
1744 3864
1744 3878
1744 3987
1744 5366
1744 6474
1744 6909
1744 7009
1744 9025
1744 9206
1744 9513
1744 10056
1744 10119
1745 2525
1745 2621
1745 2988
1745 3666
1745 4053
1745 4739
1745 5294
1745 5698
1745 7610
1745 8022
1745 8702
1745 9305
1745 11666
1746 2278
1746 4716
1746 5448
1746 6437
1746 7082
1746 8450
1746 8469
1746 10788
1746 10814
1746 11013
1746 11258
1747 4740
1747 5450
1747 5515
1747 6160
1747 7121
1747 7518
1747 7868
1747 9304
1747 10842
1747 11789
1748 3085
1748 3871
1748 4624
1748 6630
1748 8768
1748 9997
1748 11524
1749 2141
1749 2459
1749 3381
1749 3432
1749 4861
1749 5754
1749 6932
1749 9632
1749 11673
1750 1958
1750 2020
1750 2757
1750 3051
1750 5297
1750 5614
1750 6458
1750 6690
1750 8331
1750 9575
1750 11036
1750 11574
1751 2431
1751 2669
1751 5762
1751 7381
1751 7648
1751 8411
1751 9061
1751 9358
1751 9493
1751 9793
1751 9800
1751 11389
1752 3230
1752 3572
1752 3617
1752 4134
1752 4719
1752 5043
1752 5451
1752 6085
1752 6352
1752 6606
1752 6715
1752 9070
1752 10067
1752 11269
1752 11829
1752 12328
1753 2135
1753 3867
1753 7458
1753 8038
1753 8934
1753 9369
1753 12182
1753 12346
1754 3103
1754 3500
1754 3960
1754 4561
1754 6300
1754 7585
1754 9248
1754 11023
1754 11148
1755 2183
1755 2792
1755 2880
1755 3783
1755 5922
1755 7174
1755 8327
1755 9150
1755 9365
1755 10607
1755 10790
1756 2375
1756 2387
1756 2619
1756 2887
1756 4841
1756 5201
1756 5600
1756 6528
1756 11652
1756 12446
1757 1791
1757 2280
1757 3042
1757 3963
1757 4295
1757 4475
1757 7397
1757 7673
1757 9376
1757 9843
1757 10414
1757 11723
1757 11864
1758 4369
1758 7295
1758 7412
1758 8188
1758 8435
1758 9565
1758 11720
1758 11767
1759 1994
1759 3565
1759 3619
1759 3765
1759 3792
1759 4250
1759 4327
1759 4833
1759 6023
1759 7269
1759 7667
1759 9259
1759 10165
1759 11379
1759 11803
1760 1865
1760 2624
1760 2672
1760 3005
1760 3342
1760 3483
1760 3487
1760 4418
1760 4997
1760 5010
1760 5830
1760 7080
1760 8022
1760 9439
1761 1763
1761 1840
1761 2408
1761 3801
1761 8192
1761 10241
1761 10555
1762 2302
1762 2345
1762 3919
1762 5359
1762 5364
1762 5519
1762 6442
1762 6910
1762 8808
1762 8812
1762 9254
1762 9539
1762 10104
1762 10481
1762 10616
1762 11679
1762 12000
1762 12312
1763 3801
1763 7640
1763 10555
1764 1814
1764 1971
1764 2327
1764 2705
1764 3954
1764 7683
1764 7826
1764 9238
1765 2477
1765 3636
1765 3831
1765 4757
1765 4949
1765 5339
1765 6145
1765 6934
1765 7417
1765 11211
1766 2966
1766 3153
1766 3485
1766 5011
1766 8540
1766 9809
1766 10402
1766 10646
1766 11419
1767 2814
1767 4414
1767 4571
1767 7188
1767 7228
1767 8406
1767 8697
1767 11161
1767 11553
1767 11554
1767 11707
1768 1777
1768 2341
1768 2838
1768 4140
1768 4629
1768 5272
1768 5470
1768 5904
1768 6591
1768 6677
1768 10198
1768 10537
1768 10910
1768 11748
1769 4412
1769 4462
1769 6705
1769 6733
1769 8237
1769 9169
1769 9947
1769 10335
1769 11022
1769 11508
1770 1871
1770 3210
1770 4473
1770 5424
1770 6516
1770 6795
1770 8349
1770 10519
1770 11275
1770 11339
1770 11396
1771 1785
1771 1788
1771 3293
1771 4030
1771 4405
1771 5687
1771 9935
1771 10154
1771 10696
1771 10738
1771 10807
1771 11223
1771 11393
1771 11618
1772 2230
1772 2643
1772 3288
1772 5795
1772 7151
1772 7638
1772 8183
1772 8440
1772 12122
1772 12655
1773 3055
1773 3661
1773 4192
1773 5261
1773 5468
1773 6173
1773 6443
1773 6618
1773 6906
1773 7187
1773 7571
1773 7697
1773 8490
1773 9459
1773 10050
1773 10091
1773 10159
1773 10201
1773 11942
1773 12053
1773 12091
1774 1982
1774 3176
1774 3244
1774 3829
1774 4115
1774 4130
1774 4348
1774 4926
1774 6503
1774 6821
1774 9926
1774 11671
1775 6188
1775 6740
1775 8967
1775 9015
1775 9203
1775 9449
1775 9532
1775 9623
1775 10202
1775 10725
1775 11257
1775 12590
1775 12687
1776 3343
1776 4946
1776 6886
1776 7066
1776 7140
1776 7319
1776 8410
1776 8760
1776 9251
1776 9606
1776 11690
1777 2341
1777 2600
1777 2838
1777 4393
1777 6178
1777 10198
1777 10490
1777 10537
1777 10599
1778 1802
1778 3798
1778 4082
1778 7018
1778 7048
1778 7460
1778 9189
1778 12332
1779 2485
1779 3409
1779 3831
1779 3967
1779 5339
1779 5416
1779 7899
1779 8358
1779 8854
1780 2202
1780 2747
1780 2784
1780 2850
1780 3950
1780 5672
1780 6797
1780 6804
1780 8021
1780 8570
1780 8868
1780 9163
1780 9961
1781 2462
1781 2993
1781 4391
1781 4767
1781 5614
1781 6593
1781 7533
1781 7743
1781 8383
1781 9479
1781 9736
1781 11522
1781 11943
1782 2318
1782 4359
1782 4500
1782 4719
1782 6352
1782 6402
1782 7625
1782 9131
1782 9329
1782 11802
1782 11829
1783 2918
1783 3490
1783 4194
1783 4516
1783 4794
1783 5608
1783 7112
1783 8190
1783 8268
1783 9415
1783 9609
1783 10012
1783 10013
1783 10141
1783 12445
1784 2325
1784 2355
1784 2909
1784 3088
1784 3752
1784 3790
1784 4469
1784 5136
1784 5427
1784 5488
1784 5674
1784 6448
1784 7698
1784 8767
1784 9240
1784 9408
1784 9650
1784 10816
1785 1788
1785 3293
1785 4030
1785 6626
1785 7076
1785 8246
1785 10154
1785 10696
1785 10738
1785 11223
1786 2647
1786 2715
1786 3365
1786 4311
1786 4614
1786 5434
1786 5836
1786 6051
1786 7040
1786 7390
1786 8497
1786 8646
1786 8650
1786 10756
1786 11589
1787 2292
1787 5450
1787 6798
1787 7259
1787 7522
1787 8013
1787 9366
1787 11007
1787 11206
1787 12657
1788 10154
1788 10738
1788 11223
1789 2782
1789 3993
1789 4003
1789 5149
1789 6181
1789 9883
1789 10223
1790 1892
1790 2620
1790 2992
1790 3738
1790 4018
1790 4107
1790 4873
1790 5651
1790 6636
1790 6705
1790 6961
1790 7566
1790 8237
1790 8787
1790 8828
1790 8896
1790 9169
1790 9256
1791 3038
1791 4295
1791 6075
1791 7397
1791 7398
1791 9094
1791 9372
1791 9376
1791 9843
1791 11085
1791 11416
1791 11530
1791 11723
1792 2108
1792 2863
1792 3090
1792 4514
1792 4954
1792 7163
1792 7303
1792 9421
1792 9442
1793 2892
1793 3662
1793 4092
1793 4283
1793 4571
1793 5244
1793 8697
1793 9500
1793 9944
1793 10145
1793 10208
1793 11134
1794 2686
1794 4889
1794 6970
1794 7289
1794 8358
1794 9271
1794 9359
1794 11598
1795 2327
1795 3406
1795 3644
1795 6467
1795 6680
1795 7134
1795 8285
1795 9842
1795 10015
1795 11341
1795 12227
1796 1898
1796 3258
1796 3760
1796 4223
1796 5149
1796 5409
1796 5594
1796 5741
1796 7473
1796 7492
1796 7764
1796 10223
1796 10684
1797 3687
1797 4161
1797 4462
1797 4572
1797 5025
1797 6367
1797 6733
1797 7090
1797 7336
1797 9841
1797 10494
1797 10708
1797 10710
1797 11508
1798 1901
1798 3787
1798 4250
1798 4931
1798 5403
1798 6888
1798 7667
1798 8063
1798 9259
1798 9463
1798 11493
1798 11751
1799 2359
1799 2481
1799 3233
1799 5185
1799 5618
1799 7500
1799 10167
1800 2412
1800 3750
1800 6599
1800 7320
1800 7469
1800 11868
1801 1832
1801 3535
1801 3955
1801 4306
1801 4647
1801 4718
1801 5477
1801 6969
1801 7664
1801 9432
1801 11806
1801 12455
1802 2144
1802 2276
1802 3368
1802 3798
1802 4082
1802 4229
1802 4447
1802 6861
1802 7018
1802 9189
1802 9804
1802 12249
1802 12332
1803 2061
1803 3268
1803 3270
1803 3377
1803 3996
1803 4102
1803 4754
1803 5160
1803 5528
1803 5874
1803 6518
1803 7119
1803 8101
1803 8284
1803 9091
1803 9119
1803 9326
1803 9897
1803 11483
1804 3329
1804 3540
1804 3656
1804 5077
1804 5356
1804 5759
1804 6326
1804 6416
1804 7179
1804 7462
1804 8547
1804 8861
1804 8948
1804 9401
1804 9874
1804 10247
1804 11505
1804 12654
1805 2652
1805 3518
1805 3742
1805 4316
1805 5631
1805 5710
1805 5856
1805 6271
1805 8752
1805 9059
1805 9547
1805 10489
1805 10740
1805 11122
1805 11452
1805 12307
1806 1959
1806 2199
1806 2263
1806 2582
1806 5080
1806 7634
1806 8778
1806 9728
1806 10382
1807 2648
1807 3936
1807 4031
1807 5063
1807 7726
1807 7840
1807 8323
1807 8569
1807 8801
1807 8892
1807 9029
1807 9326
1807 10267
1807 10766
1807 12103
1807 12598
1807 12644
1808 2220
1808 2554
1808 2641
1808 2644
1808 2774
1808 3217
1808 3431
1808 4938
1808 5562
1808 5880
1808 8315
1808 9279
1808 10044
1808 10292
1808 10832
1808 11045
1808 11900
1809 2285
1809 2679
1809 2978
1809 3115
1809 3403
1809 3629
1809 4698
1809 5278
1809 6364
1809 7951
1809 8731
1809 8866
1809 8914
1809 10085
1809 10743
1809 11242
1809 11668
1810 2708
1810 4164
1810 4312
1810 4703
1810 6671
1810 7073
1810 7651
1810 8378
1810 9615
1810 11025
1810 11028
1810 11569
1810 11891
1811 1812
1811 1837
1811 3462
1811 4449
1811 4499
1811 4670
1811 4894
1811 5240
1811 6602
1811 8201
1811 9721
1811 10342
1811 10381
1811 11735
1812 3405
1812 3795
1812 4449
1812 4894
1812 6498
1812 8201
1812 9073
1812 10342
1812 10381
1812 10729
1813 3405
1813 3795
1813 4022
1813 4112
1813 4670
1813 4883
1813 5038
1813 7148
1813 10033
1813 10342
1813 10729
1814 2705
1814 3927
1814 3945
1814 3954
1814 4344
1814 4609
1814 4927
1814 5079
1814 6412
1814 8539
1814 9680
1814 9687
1814 10072
1814 10721
1814 10734
1815 2112
1815 2207
1815 2249
1815 2535
1815 2970
1815 4797
1815 5966
1815 6968
1815 7118
1815 7155
1815 7293
1815 8419
1815 8492
1815 9379
1815 9516
1815 10713
1816 3209
1816 3570
1816 3873
1816 4265
1816 4408
1816 5634
1816 5803
1816 6626
1816 7006
1816 8246
1816 9000
1816 10154
1816 10484
1816 11110
1816 11360
1817 2110
1817 2326
1817 2386
1817 2590
1817 3189
1817 5550
1817 5662
1817 6148
1817 7286
1817 7930
1817 8821
1817 9132
1817 9649
1817 11024
1817 11195
1818 4608
1818 4819
1818 5541
1818 6069
1818 6398
1818 6822
1818 7512
1818 7943
1818 7992
1818 8401
1818 8525
1818 8526
1818 10644
1818 11312
1819 2055
1819 2815
1819 3395
1819 4626
1819 5570
1819 7034
1819 7238
1819 7797
1819 7818
1819 7847
1819 7966
1819 8749
1819 10473
1819 10989
1819 11987
1819 12254
1820 1825
1820 3281
1820 3624
1820 4976
1820 6403
1820 6849
1820 9151
1820 11149
1820 12328
1821 1833
1821 2072
1821 2078
1821 2080
1821 4913
1821 7265
1821 9450
1821 9668
1821 9825
1821 10310
1821 10698
1821 10723
1821 12209
1821 12461
1822 1904
1822 1927
1822 2275
1822 2349
1822 4240
1822 5299
1822 5368
1822 5674
1822 6218
1822 6722
1822 7504
1822 8066
1822 9408
1822 11959
1822 12157
1822 12165
1822 12642
1823 2369
1823 5602
1823 10423
1823 10525
1823 10535
1823 12050
1823 12138
1824 1976
1824 3978
1824 4226
1824 4433
1824 6031
1824 6224
1824 6991
1824 7533
1824 7647
1824 7958
1824 8058
1824 8362
1824 9523
1824 9663
1824 9995
1824 11215
1824 12311
1825 2003
1825 2767
1825 3281
1825 3624
1825 4134
1825 4976
1825 6085
1825 6352
1825 6403
1825 9151
1825 11829
1825 12328
1826 1833
1826 2211
1826 5971
1826 6238
1826 6289
1826 6299
1826 6351
1826 6374
1826 6607
1826 6635
1826 7325
1826 7549
1826 8993
1826 9031
1826 11545
1826 11992
1826 12374
1827 2029
1827 2120
1827 2708
1827 2901
1827 3276
1827 3996
1827 3997
1827 4098
1827 4312
1827 4467
1827 4703
1827 4741
1827 4754
1827 5545
1827 6518
1827 6911
1827 7234
1827 9443
1827 9897
1827 10353
1827 10474
1827 11034
1828 3980
1828 4402
1828 5003
1828 8470
1828 9117
1828 9971
1828 10765
1828 11834
1829 2133
1829 3129
1829 5544
1829 6918
1829 9702
1829 10387
1829 11635
1829 11724
1829 12124
1830 2004
1830 2917
1830 5156
1830 5397
1830 9559
1830 9678
1830 10077
1831 2036
1831 2186
1831 5646
1831 6325
1831 7416
1831 8511
1831 8677
1831 8782
1831 9921
1831 12394
1832 2105
1832 3010
1832 3229
1832 3535
1832 3894
1832 4698
1832 4718
1832 5003
1832 6752
1832 6969
1832 6975
1832 7448
1832 7664
1833 1906
1833 2834
1833 3489
1833 3951
1833 4809
1833 5398
1833 6238
1833 6289
1833 6299
1833 6635
1833 8377
1833 9450
1833 9668
1833 10509
1833 10723
1833 11545
1833 11992
1833 12209
1833 12461
1834 2081
1834 3866
1834 3887
1834 4261
1834 4370
1834 4557
1834 5516
1834 7644
1834 7928
1834 9476
1834 9485
1834 9817
1834 10099
1834 10309
1834 10560
1835 1924
1835 1953
1835 2166
1835 2284
1835 2593
1835 2612
1835 2959
1835 4575
1835 7064
1835 7255
1835 7933
1835 8248
1835 8869
1835 9953
1835 10087
1836 3619
1836 7695
1836 9481
1836 9928
1836 10451
1836 10615
1836 11306
1836 11379
1836 11381
1837 2692
1837 3382
1837 3865
1837 4499
1837 5066
1837 5240
1837 5838
1837 6602
1837 6753
1837 6963
1837 8322
1837 9683
1837 9721
1837 10373
1837 11149
1837 12328
1838 2173
1838 2798
1838 2874
1838 3988
1838 4802
1838 5024
1838 5643
1838 9429
1838 9761
1838 10356
1839 2168
1839 3645
1839 5191
1839 5212
1839 5305
1839 7075
1839 7623
1839 7875
1839 8168
1839 8408
1839 8850
1839 9536
1839 9821
1839 10632
1839 12274
1840 2554
1840 3801
1840 4770
1840 5722
1840 7338
1840 7927
1840 8192
1840 8912
1840 9106
1840 9279
1840 10234
1840 10241
1840 10292
1840 10663
1840 11045
1840 12279
1841 1948
1841 4735
1841 6525
1841 6717
1841 7221
1841 7275
1841 8175
1841 10253
1841 12359
1841 12412
1842 2059
1842 5000
1842 5628
1842 7841
1842 9624
1842 10319
1842 10446
1842 11433
1843 3062
1843 4152
1843 4593
1843 6437
1843 7082
1843 7560
1843 9451
1843 10511
1843 10928
1843 11168
1844 2056
1844 2302
1844 2812
1844 5272
1844 5470
1844 5485
1844 9254
1844 10591
1844 10910
1844 11538
1844 11819
1845 2123
1845 3624
1845 5139
1845 5174
1845 7718
1845 10779
1845 10782
1845 11566
1846 2627
1846 2727
1846 2780
1846 2856
1846 2923
1846 4655
1846 6009
1846 6667
1846 7358
1846 8189
1846 8278
1846 9951
1846 10123
1846 10554
1846 12362
1847 2124
1847 2293
1847 3454
1847 3809
1847 4824
1847 5238
1847 5323
1847 5722
1847 6831
1847 6942
1847 9966
1848 2571
1848 4234
1848 5489
1848 6689
1848 6760
1848 7136
1848 8172
1848 8295
1848 8524
1848 9682
1848 10076
1848 10958
1848 11086
1848 11330
1848 11340
1849 2223
1849 3810
1849 4017
1849 4617
1849 4705
1849 5242
1849 6607
1849 6954
1849 7325
1849 7549
1849 7701
1849 8993
1849 10671
1850 2158
1850 2773
1850 2843
1850 3505
1850 3627
1850 3677
1850 3982
1850 4526
1850 4676
1850 6038
1850 6055
1850 6338
1850 8060
1850 9532
1850 9623
1850 9647
1850 10054
1850 11147
1850 11510
1850 11544
1850 11564
1851 1860
1851 3171
1851 3400
1851 5219
1851 7008
1851 8863
1851 10719
1851 11938
1852 2001
1852 2370
1852 2432
1852 4275
1852 4339
1852 7142
1852 8290
1852 8350
1852 8424
1852 10524
1852 11438
1853 2208
1853 2678
1853 3216
1853 3309
1853 3665
1853 4731
1853 5987
1853 7095
1853 8774
1853 9247
1853 10403
1853 11941
1853 12286
1853 12287
1854 2394
1854 2713
1854 2881
1854 3641
1854 3706
1854 4803
1854 5190
1854 5314
1854 6576
1854 6658
1854 6994
1854 7387
1854 7889
1854 9600
1854 10383
1854 11514
1854 12147
1854 12514
1854 12522
1855 2144
1855 2160
1855 2276
1855 4323
1855 4416
1855 4665
1855 6556
1855 6894
1855 7018
1855 7741
1855 7759
1855 8091
1855 8395
1855 9332
1855 9346
1855 9804
1855 11259
1855 11826
1855 11908
1855 12332
1855 12460
1856 2914
1856 3763
1856 5739
1856 5753
1856 5832
1856 5833
1856 7268
1856 7348
1856 7794
1856 8795
1856 9833
1856 12561
1857 3375
1857 3471
1857 3734
1857 4398
1857 5247
1857 5251
1857 8243
1857 8913
1857 9683
1857 9751
1857 10718
1858 2568
1858 2835
1858 2967
1858 5032
1858 5596
1858 6006
1858 6166
1858 6883
1858 9958
1858 10475
1858 11171
1858 12496
1859 2334
1859 2762
1859 5180
1859 5757
1859 6198
1859 7371
1859 7513
1859 7731
1859 10138
1859 11748
1860 3171
1860 3400
1860 5877
1860 7141
1860 7271
1860 8863
1860 9599
1860 11938
1861 2859
1861 3355
1861 5658
1861 5848
1861 6202
1861 6432
1861 8154
1861 10561
1861 10775
1861 12137
1862 1972
1862 2251
1862 2582
1862 3198
1862 4832
1862 5797
1862 6570
1862 7096
1862 7122
1862 8966
1862 9484
1862 9728
1862 11743
1862 12267
1862 12546
1863 3126
1863 3412
1863 4189
1863 5248
1863 6012
1863 9355
1863 10280
1863 10937
1863 12296
1864 2255
1864 2419
1864 2865
1864 3002
1864 3663
1864 4378
1864 5019
1864 5194
1864 5369
1864 5752
1864 6900
1864 6967
1864 7316
1864 7511
1864 7989
1864 9746
1864 9755
1864 10038
1864 11053
1864 11518
1865 2839
1865 3298
1865 3342
1865 3483
1865 3487
1865 4821
1865 4876
1865 5430
1865 6936
1865 7080
1865 9209
1865 9439
1866 2315
1866 2742
1866 3761
1866 4169
1866 5326
1866 6133
1866 6451
1866 7658
1866 7659
1866 7782
1866 8770
1866 9694
1867 1886
1867 1903
1867 1912
1867 1955
1867 2178
1867 3439
1867 4576
1867 6618
1867 6619
1867 7548
1867 10477
1867 11913
1867 11966
1867 12012
1867 12013
1867 12579
1868 1899
1868 1991
1868 2267
1868 2858
1868 2972
1868 4594
1868 4748
1868 4851
1868 6515
1868 7164
1868 7517
1868 7656
1868 7998
1868 8407
1868 9797
1868 10340
1868 12265
1869 3691
1869 5084
1869 5089
1869 6663
1869 6724
1869 9082
1870 2732
1870 4547
1870 6167
1870 7724
1870 10336
1871 4473
1871 5424
1871 5467
1871 6693
1871 8397
1871 9411
1871 10519
1871 11275
1871 11396
1872 1951
1872 3559
1872 4097
1872 4180
1872 4517
1872 5483
1872 6107
1872 7137
1872 9705
1872 10355
1872 11887
1872 11950
1872 11974
1873 2816
1873 3616
1873 4627
1873 5581
1873 5783
1873 7207
1873 7635
1873 8193
1873 8533
1873 11047
1873 11668
1874 2640
1874 2840
1874 5380
1874 6166
1874 6521
1874 8162
1874 8775
1874 9779
1874 9958
1874 10424
1874 10548
1874 10970
1874 10983
1874 11308
1874 11331
1874 11365
1875 2461
1875 3520
1875 5445
1875 5951
1875 6105
1875 6746
1875 6890
1875 6891
1875 7002
1875 7209
1875 7972
1875 8992
1875 9566
1875 9634
1875 10831
1875 12084
1875 12126
1876 2514
1876 3180
1876 3280
1876 3335
1876 4717
1876 5654
1876 6033
1876 6684
1876 7536
1876 8454
1876 9196
1876 9464
1876 10185
1876 10798
1876 12326
1876 12531
1877 2268
1877 4059
1877 5246
1877 5290
1877 6014
1877 7464
1877 7496
1877 9275
1877 10567
1877 12184
1878 4012
1878 4636
1878 6927
1878 7180
1878 7250
1878 8221
1878 9764
1878 9811
1878 10079
1878 10560
1878 10823
1879 2397
1879 2888
1879 3143
1879 3180
1879 4346
1879 4612
1879 6373
1879 6686
1879 7272
1879 7692
1879 7855
1879 8447
1879 8454
1879 9464
1879 9906
1879 10253
1879 10256
1879 10530
1879 11793
1879 11859
1879 12030
1880 1946
1880 1952
1880 1968
1880 4204
1880 6391
1880 7662
1880 7829
1880 9636
1880 10774
1881 2195
1881 2229
1881 2725
1881 2759
1881 5546
1881 5572
1881 7529
1881 9524
1881 9592
1881 9885
1881 10327
1882 3351
1882 3364
1882 5242
1882 6550
1882 6607
1882 7701
1882 8282
1882 9555
1882 9744
1882 10158
1882 10671
1883 2407
1883 2439
1883 4379
1883 4826
1883 4895
1883 5718
1883 6494
1883 7650
1883 8687
1883 9223
1883 9426
1883 9583
1883 10136
1883 10701
1883 12661
1884 2819
1884 3767
1884 4122
1884 4407
1884 5082
1884 5513
1884 6811
1884 6869
1884 8679
1884 8712
1884 8995
1884 9535
1884 10485
1884 11394
1885 1888
1885 2349
1885 2908
1885 3957
1885 4217
1885 4241
1885 5298
1885 6149
1885 6926
1885 8884
1885 9218
1885 9665
1885 9734
1885 10899
1886 1903
1886 1955
1886 2178
1886 3439
1886 4576
1886 6730
1886 7548
1886 8998
1886 11966
1887 1973
1887 2181
1887 3952
1887 4615
1887 5991
1887 6172
1887 7711
1887 7971
1887 8853
1887 8964
1887 9829
1887 9885
1887 10343
1887 12448
1888 1957
1888 2908
1888 3957
1888 4217
1888 4844
1888 4878
1888 5293
1888 5298
1888 5626
1888 6453
1888 6946
1888 7528
1888 7986
1888 8212
1888 8870
1888 9218
1888 9570
1888 9888
1889 3419
1889 4186
1889 7824
1889 8748
1889 10186
1889 10575
1889 11691
1889 11898
1890 1905
1890 2297
1890 4198
1890 4854
1890 5336
1890 7235
1890 9234
1890 9585
1890 9587
1890 9656
1890 9660
1890 9916
1890 10521
1890 10650
1890 12261
1890 12294
1891 1923
1891 1946
1891 1952
1891 1968
1891 2093
1891 4104
1891 4204
1891 4581
1891 6391
1891 6982
1891 10576
1891 12462
1892 3182
1892 5793
1892 6029
1892 6636
1892 6742
1892 7342
1892 8896
1892 9169
1892 9256
1892 9675
1892 10034
1893 2500
1893 2657
1893 4320
1893 4988
1893 6420
1893 9280
1893 9582
1893 12257
1894 3178
1894 3973
1894 4818
1894 5063
1894 5543
1894 7011
1894 7197
1894 8229
1894 8801
1894 8897
1894 9629
1894 11741
1895 2439
1895 3207
1895 3940
1895 4099
1895 5390
1895 5788
1895 6540
1895 7650
1895 7760
1895 9420
1895 9426
1895 10497
1895 10856
1896 1939
1896 2107
1896 2847
1896 3765
1896 4202
1896 4232
1896 5306
1896 6552
1896 7028
1896 7699
1896 10165
1896 11751
1896 12112
1897 4319
1897 4609
1897 5079
1897 5103
1897 6412
1897 7503
1897 9111
1897 9722
1897 11082
1897 11200
1897 11843
1898 2803
1898 4223
1898 4401
1898 4592
1898 5555
1898 5741
1898 6513
1898 7492
1898 7669
1898 8636
1898 8772
1898 10413
1899 2972
1899 7517
1899 7743
1899 7998
1899 9258
1899 10340
1899 10599
1899 10622
1899 10651
1900 2706
1900 2920
1900 4269
1900 5502
1900 5575
1900 8143
1900 9170
1900 9671
1900 9745
1900 10030
1900 10810
1901 2139
1901 3590
1901 3787
1901 5346
1901 6888
1901 7361
1901 7535
1901 7667
1901 7682
1901 8063
1901 10840
1901 11493
1902 1939
1902 1945
1902 2243
1902 4232
1902 4392
1902 4625
1902 5343
1902 5534
1902 7236
1902 7329
1902 7831
1902 8065
1902 11925
1902 12367
1903 1912
1903 1955
1903 4576
1903 7548
1903 10477
1903 11913
1903 12163
1903 12168
1903 12583
1904 1921
1904 2275
1904 2349
1904 5298
1904 5299
1904 5368
1904 7504
1904 8637
1904 11959
1904 12165
1904 12642
1905 2721
1905 4198
1905 8070
1905 8080
1905 8098
1905 9585
1905 9656
1905 10521
1905 10650
1905 11914
1905 12294
1905 12652
1906 2211
1906 2294
1906 2829
1906 2834
1906 3879
1906 4809
1906 5398
1906 6299
1906 6635
1906 6909
1906 7009
1906 9115
1906 9513
1906 9757
1906 10233
1906 11545
1907 2120
1907 2708
1907 3388
1907 3546
1907 5545
1907 10556
1908 3642
1908 4197
1908 5088
1908 5225
1908 5487
1908 6514
1908 7245
1908 8523
1908 8766
1908 9454
1908 10112
1908 11004
1909 2383
1909 2977
1909 4746
1909 4751
1909 6053
1909 9729
1910 1913
1910 1919
1910 1957
1910 5275
1910 5291
1910 5539
1910 7693
1910 7986
1910 8094
1910 10390
1910 10794
1910 10933
1910 11033
1910 11922
1910 12194
1910 12470
1910 12578
1911 2033
1911 3646
1911 3910
1911 4066
1911 4314
1911 4424
1911 7098
1911 7499
1911 10501
1912 1955
1912 2189
1912 3349
1912 4576
1912 5284
1912 6468
1912 6996
1912 10477
1912 10820
1912 11605
1912 11913
1912 11928
1912 12163
1912 12168
1912 12583
1913 1919
1913 5291
1913 5293
1913 5301
1913 5539
1913 10390
1913 10933
1913 11922
1914 2113
1914 3590
1914 3823
1914 4209
1914 5044
1914 5346
1914 6519
1914 8444
1914 9235
1914 9639
1914 10272
1914 10354
1914 11400
1915 5317
1915 5670
1915 7505
1915 8086
1915 8747
1915 8823
1915 8965
1915 10605
1915 11510
1915 11646
1915 11658
1915 12061
1915 12641
1916 4438
1916 4829
1916 6834
1916 7806
1916 7830
1916 7922
1916 8348
1916 9551
1916 10371
1916 10447
1916 11704
1916 11904
1916 12154
1916 12236
1917 3463
1917 6019
1917 6956
1917 9631
1917 10845
1917 10884
1918 1944
1918 2117
1918 2668
1918 2805
1918 5632
1918 6581
1918 7883
1918 8817
1918 8826
1918 8840
1918 9744
1918 11271
1918 12108
1919 1957
1919 5291
1919 5293
1919 5301
1919 7836
1919 7986
1919 10390
1919 10933
1919 11922
1919 12470
1920 3425
1920 4235
1920 6378
1920 6463
1920 6824
1920 7251
1920 7856
1920 7861
1920 7929
1920 8638
1920 9635
1920 11637
1920 12156
1920 12161
1920 12162
1920 12273
1921 2275
1921 2908
1921 5298
1921 5299
1921 5368
1921 5626
1921 6453
1921 7057
1921 7504
1921 8637
1922 2162
1922 2203
1922 2551
1922 3351
1922 6411
1922 6550
1922 7970
1922 8282
1922 8840
1922 9744
1922 10384
1922 11481
1923 2093
1923 4210
1923 4429
1923 5347
1923 6720
1923 7918
1923 10576
1923 11511
1923 12462
1924 2396
1924 2717
1924 7933
1924 8248
1924 8475
1924 8869
1924 9953
1924 10393
1924 10997
1925 1953
1925 2166
1925 2284
1925 2783
1925 3464
1925 4272
1925 4282
1925 4501
1925 6908
1925 7064
1925 7225
1925 7255
1925 7766
1925 8820
1925 10087
1925 12193
1925 12530
1926 3203
1926 4510
1926 4609
1926 5967
1926 7622
1926 8599
1926 9057
1926 9810
1926 10734
1926 11066
1926 11068
1926 11192
1926 11759
1927 2275
1927 4276
1927 5368
1927 5535
1927 6722
1927 7631
1927 8066
1927 8303
1927 10369
1927 12095
1927 12157
1927 12588
1928 2532
1928 3777
1928 3886
1928 4904
1928 6098
1928 6588
1928 8354
1928 8450
1928 10328
1928 10817
1929 1931
1929 3450
1929 3453
1929 6389
1929 6542
1929 6834
1929 8187
1929 9824
1930 6459
1930 6580
1930 7578
1930 8698
1930 8860
1930 9127
1930 9136
1930 9701
1930 10347
1930 11637
1930 11734
1931 3379
1931 4863
1931 5774
1931 6542
1931 8187
1931 10240
1932 2929
1932 3378
1932 3989
1932 4167
1932 7425
1932 9726
1932 10230
1933 2175
1933 2187
1933 3953
1933 4336
1933 4495
1933 5206
1933 5373
1933 6003
1933 9129
1933 9848
1933 10547
1933 11687
1933 12629
1934 2944
1934 3081
1934 4081
1934 4762
1934 4819
1934 6086
1934 7296
1934 7707
1934 7943
1934 8005
1934 9343
1934 10148
1935 2199
1935 2864
1935 5999
1935 6787
1935 6880
1935 6907
1935 8785
1935 8908
1935 9728
1935 11204
1935 11695
1936 2491
1936 3508
1936 3836
1936 4309
1936 6714
1936 8682
1936 10294
1937 2055
1937 3363
1937 3395
1937 4001
1937 6734
1937 7238
1937 7818
1937 7851
1937 8077
1937 8664
1937 10126
1937 10473
1937 10989
1937 11844
1937 11846
1938 1985
1938 2063
1938 2343
1938 2344
1938 3758
1938 4426
1938 6482
1938 11221
1939 1945
1939 3628
1939 4202
1939 4232
1939 5306
1939 5534
1939 7236
1939 7329
1939 11751
1939 11925
1939 12367
1940 2403
1940 3156
1940 5138
1940 5253
1940 8389
1940 9276
1940 10222
1940 10580
1941 2743
1941 2918
1941 2981
1941 3065
1941 4396
1941 6462
1941 6580
1941 6817
1941 6932
1941 8268
1941 9136
1941 9147
1941 9415
1941 11414
1941 11673
1942 2274
1942 2466
1942 3142
1942 4527
1942 4878
1942 5169
1942 5291
1942 5293
1942 5301
1942 6557
1942 6921
1942 8212
1942 9570
1942 10933
1942 11069
1942 11509
1943 2803
1943 3817
1943 4525
1943 4592
1943 6513
1943 8772
1943 10413
1944 2117
1944 2161
1944 2303
1944 2664
1944 2668
1944 2691
1944 5337
1944 5755
1944 6581
1944 7202
1944 7771
1944 7883
1944 8010
1944 9744
1944 9883
1944 10158
1945 2139
1945 2243
1945 2246
1945 3398
1945 3428
1945 4232
1945 4392
1945 5306
1945 5343
1945 7535
1945 7917
1945 8063
1945 11264
1945 11751
1946 1952
1946 2093
1946 4204
1946 4868
1946 4884
1946 5002
1946 5587
1946 6391
1946 7662
1946 7918
1946 8229
1946 9551
1946 10576
1946 11511
1947 2870
1947 3418
1947 3445
1947 4018
1947 4426
1947 4937
1947 5379
1947 5572
1947 5982
1947 6125
1947 6737
1947 6974
1947 8292
1947 9524
1947 9592
1947 10140
1947 10235
1947 10257
1947 10629
1947 10938
1947 11940
1947 12468
1947 12524
1948 4735
1948 6525
1948 6539
1948 7536
1948 8175
1948 10192
1948 10798
1948 11241
1948 11952
1949 2150
1949 2242
1949 5744
1949 7015
1949 7115
1949 8920
1949 9633
1949 10183
1949 12077
1950 2704
1950 4011
1950 4530
1950 4572
1950 5820
1950 6522
1950 6839
1950 7090
1950 7336
1950 11032
1950 11661
1951 3773
1951 4630
1951 5483
1951 7137
1951 8004
1951 9299
1951 9642
1951 9705
1951 9712
1951 10643
1952 1968
1952 3401
1952 3905
1952 6032
1952 6391
1952 9636
1952 10576
1953 2166
1953 2222
1953 2284
1953 2959
1953 4501
1953 4575
1953 7064
1953 7255
1953 7933
1953 10087
1954 2755
1954 4382
1954 5323
1954 6850
1954 7013
1954 8159
1954 9113
1954 9527
1954 9580
1954 9879
1954 10193
1954 12278
1955 2189
1955 2455
1955 4576
1955 6468
1955 7548
1955 8153
1955 8998
1955 9889
1955 10337
1955 10975
1955 11879
1955 12583
1955 12639
1956 2242
1956 3455
1956 4143
1956 5307
1956 5322
1956 7223
1956 9528
1957 4217
1957 4844
1957 5293
1957 7257
1957 7528
1957 7836
1957 7986
1957 8094
1957 11033
1957 12470
1957 12473
1957 12578
1958 2020
1958 3051
1958 3910
1958 5297
1958 5312
1958 6458
1958 6690
1958 7098
1958 7499
1958 11036
1958 12207
1959 2199
1959 2263
1959 2741
1959 5080
1959 6957
1959 7634
1959 8778
1959 10382
1959 10873
1959 11676
1960 2198
1960 2361
1960 2533
1960 3107
1960 5132
1960 7036
1960 7069
1960 9080
1960 10186
1960 11898
1961 2796
1961 3738
1961 4114
1961 4208
1961 4695
1961 4873
1961 4907
1961 5613
1961 9965
1961 11547
1962 2153
1962 2288
1962 3050
1962 4087
1962 4458
1962 4877
1962 5159
1962 5268
1962 5300
1962 5518
1962 5933
1962 6001
1962 6930
1962 7147
1962 8135
1962 9576
1962 10574
1963 2143
1963 2151
1963 3142
1963 3426
1963 3767
1963 4122
1963 6921
1963 6931
1963 7659
1964 5123
1964 5373
1964 5649
1964 5737
1964 6137
1964 7908
1964 8245
1964 9383
1964 10210
1964 10220
1964 10563
1964 11535
1965 3333
1965 5025
1965 11516
1966 2635
1966 2730
1966 3099
1966 4959
1966 6052
1966 6927
1966 7173
1966 7180
1966 7250
1966 7776
1966 8267
1966 9468
1966 11390
1966 11755
1966 12349
1967 2079
1967 2755
1967 2756
1967 4622
1967 7540
1967 8099
1967 8159
1967 9879
1967 10486
1967 12089
1967 12099
1967 12124
1967 12278
1967 12671
1968 1988
1968 3401
1968 3825
1968 3874
1968 3905
1968 4581
1968 5556
1968 6032
1968 6391
1968 6982
1968 7662
1968 7829
1968 9636
1968 10774
1969 2909
1969 4119
1969 4276
1969 5317
1969 6722
1969 6997
1969 8066
1969 8965
1969 9873
1969 11894
1969 12130
1969 12157
1969 12588
1970 2998
1970 3323
1970 3805
1970 4853
1970 5092
1970 6600
1970 6758
1970 7532
1970 7892
1970 7967
1970 7999
1970 9325
1970 9957
1970 10431
1970 11277
1970 11399
1970 11586
1971 2705
1971 6801
1971 7683
1971 7826
1971 9167
1971 9238
1971 9687
1971 9837
1971 10523
1971 10619
1971 10672
1971 10789
1971 10857
1971 11152
1971 11466
1971 12313
1972 2582
1972 2741
1972 3198
1972 4832
1972 6570
1972 6957
1972 7122
1972 8325
1972 9747
1972 10861
1972 10941
1972 12267
1972 12289
1972 12290
1972 12546
1973 2181
1973 2195
1973 3601
1973 3952
1973 4544
1973 4621
1973 4839
1973 5349
1973 7070
1973 7971
1973 7980
1973 9829
1973 9885
1973 10277
1973 10327
1973 10343
1973 12200
1974 2830
1974 2866
1974 6524
1974 10176
1974 11573
1974 11838
1975 2226
1975 3019
1975 3869
1975 4712
1975 5304
1975 6050
1975 6054
1975 6750
1975 7385
1975 7704
1975 8093
1975 9172
1975 10379
1975 10485
1975 10768
1976 4433
1976 4667
1976 6031
1976 6129
1976 6320
1976 6346
1976 6816
1976 7647
1976 8058
1976 8362
1976 9995
1976 10813
1976 11215
1976 12311
1977 2044
1977 2066
1977 2995
1977 4605
1977 5201
1977 6528
1977 7681
1977 10806
1978 3410
1978 3416
1978 4218
1978 4450
1978 4451
1978 5292
1978 6129
1978 6224
1978 7030
1978 7647
1978 8345
1978 8362
1978 9523
1978 9983
1978 10694
1978 10895
1978 11784
1978 11923
1978 12109
1978 12171
1979 2163
1979 2457
1979 2913
1979 3250
1979 3776
1979 3824
1979 3984
1979 5321
1979 5332
1979 6393
1979 6984
1979 7017
1979 7067
1979 8343
1980 2149
1980 3691
1980 3712
1980 3713
1980 3991
1980 4689
1980 5998
1980 9388
1980 9614
1981 2740
1981 3360
1981 5314
1981 6417
1981 10237
1982 2894
1982 2956
1982 3244
1982 3480
1982 3838
1982 4926
1982 5133
1982 5505
1982 6533
1982 7408
1982 8113
1982 8199
1982 8205
1982 9327
1982 9440
1982 9507
1982 9926
1983 2191
1983 2849
1983 3308
1983 3372
1983 3635
1983 6100
1983 7279
1983 7792
1983 10079
1983 11608
1984 2138
1984 2231
1984 2258
1984 3757
1984 4146
1984 4679
1984 4880
1984 5627
1984 6365
1984 6451
1984 6869
1984 8153
1984 9562
1984 9870
1984 10791
1984 10932
1984 12341
1985 2063
1985 2344
1985 2347
1985 2981
1985 3746
1985 3758
1985 6296
1985 6482
1985 10764
1985 11221
1986 3275
1986 3399
1986 3605
1986 3612
1986 3939
1986 4852
1986 5118
1986 5177
1986 9654
1986 10003
1986 10874
1986 10882
1986 10976
1986 12510
1987 2403
1987 3067
1987 3156
1987 3593
1987 4185
1987 4375
1987 5253
1987 5481
1987 8290
1987 8350
1987 9185
1987 9276
1987 10750
1988 2406
1988 3063
1988 3401
1988 3558
1988 3811
1988 3814
1988 4901
1988 6032
1988 6477
1988 6937
1988 6939
1988 6982
1988 9844
1988 10690
1989 1996
1989 2034
1989 2333
1989 4356
1989 4587
1989 4708
1989 5248
1989 6987
1989 10449
1989 10456
1989 10480
1989 10951
1989 12049
1990 4624
1990 5001
1990 6605
1990 6630
1990 6989
1990 6999
1990 8112
1990 8460
1990 8768
1990 9364
1990 9760
1990 10565
1990 11524
1990 11532
1991 2298
1991 2475
1991 2781
1991 4140
1991 4748
1991 6178
1991 6515
1991 7164
1991 7998
1992 2152
1992 2575
1992 2713
1992 3326
1992 4747
1992 5314
1992 7032
1992 7362
1992 7583
1992 10284
1992 10351
1992 10374
1992 11263
1993 2470
1993 2702
1993 2747
1993 3617
1993 3950
1993 4865
1993 6121
1993 6409
1993 6711
1993 6727
1993 9070
1993 9352
1993 10588
1994 6888
1994 7361
1994 7667
1994 11379
1994 11381
1994 11803
1995 2986
1995 3184
1995 3818
1995 4533
1995 6623
1995 6945
1995 7994
1995 8815
1995 9637
1995 10268
1995 10645
1996 2368
1996 3749
1996 4356
1996 4587
1996 4708
1996 6987
1996 10456
1997 2000
1997 2050
1997 2898
1997 3993
1997 4003
1997 4838
1997 5652
1997 6181
1997 7042
1997 9883
1998 5663
1998 6112
1998 6332
1998 6525
1998 7686
1998 10386
1998 11241
1998 11636
1998 12030
1998 12334
1999 2219
1999 2522
1999 2610
1999 3152
1999 4648
1999 4925
1999 5921
1999 6444
1999 6537
1999 7065
1999 10239
1999 10558
1999 11001
1999 11359
2000 2873
2000 2898
2000 4804
2000 4998
2000 5652
2001 2370
2001 2568
2001 2835
2001 4275
2001 7142
2001 8350
2001 8424
2001 9816
2001 10524
2001 11438
2001 12133
2001 12146
2001 12496
2002 2418
2002 3117
2002 3297
2002 3341
2002 5523
2002 5805
2002 5882
2002 6865
2002 8855
2002 9145
2002 9861
2002 10670
2003 2767
2003 3624
2003 4134
2003 5451
2003 5947
2003 6085
2003 6531
2003 7491
2003 8900
2003 12328
2004 2917
2004 5052
2004 5507
2004 7278
2004 9100
2004 9559
2004 9678
2004 11814
2004 11816
2005 2589
2005 3103
2005 3105
2005 3827
2005 4114
2005 4867
2005 5658
2005 6845
2005 7301
2005 9718
2005 10415
2005 11547
2006 2527
2006 3472
2006 4162
2006 4543
2006 5121
2006 6654
2006 8482
2006 9628
2006 11024
2007 2553
2007 3183
2007 3185
2007 3538
2007 3731
2007 4062
2007 4406
2007 5004
2007 5601
2007 6558
2007 6638
2007 6709
2007 6747
2007 7343
2007 7352
2007 8370
2007 8438
2007 9344
2007 9556
2007 9620
2007 9695
2007 9896
2007 11289
2007 12613
2008 2320
2008 2685
2008 2704
2008 3793
2008 4583
2008 6000
2008 6197
2008 6522
2008 6564
2008 7873
2008 9521
2008 9733
2008 10013
2008 10564
2008 10786
2008 11550
2009 2225
2009 2521
2009 5123
2009 5358
2009 5785
2009 5961
2009 8603
2009 8625
2009 11656
2010 4137
2010 4707
2010 4971
2010 5800
2010 6230
2010 6275
2010 6812
2010 7848
2010 8116
2010 9141
2010 9704
2010 10545
2010 11006
2010 11458
2010 12204
2011 2951
2011 2991
2011 4058
2011 4118
2011 4981
2011 5076
2011 7568
2011 7572
2011 9361
2012 2039
2012 2062
2012 2436
2012 2746
2012 3073
2012 3518
2012 3742
2012 3816
2012 4078
2012 4316
2012 5631
2012 7249
2012 8910
2012 9052
2012 9911
2012 9925
2012 11145
2012 11571
2012 11721
2013 2526
2013 4779
2013 4783
2013 5669
2013 5713
2013 5898
2013 5934
2013 6090
2013 6546
2013 7130
2013 7206
2013 7552
2013 7670
2013 8210
2013 8223
2013 8414
2013 8535
2013 8721
2013 8803
2013 9154
2013 10302
2013 11075
2013 11686
2013 12266
2013 12282
2014 2499
2014 3554
2014 4456
2014 6188
2014 6799
2014 6800
2014 7104
2014 7111
2014 7736
2014 7844
2014 7872
2014 9015
2014 12199
2015 5678
2015 8256
2015 9557
2015 10105
2015 10166
2015 10503
2015 11316
2015 11699
2016 2317
2016 2873
2016 2898
2016 3852
2016 4838
2016 6119
2016 6487
2016 7394
2016 7497
2017 3774
2017 3980
2017 4266
2017 4725
2017 5030
2017 6338
2017 7897
2017 7898
2017 7920
2017 9117
2017 9876
2017 9914
2017 10796
2018 3291
2018 3682
2018 4358
2018 5230
2018 5283
2018 5471
2018 5802
2018 7525
2018 8372
2018 8730
2018 8793
2018 8877
2018 9030
2018 9467
2018 9775
2018 10160
2018 11284
2019 2192
2019 3259
2019 3752
2019 3923
2019 6645
2019 7941
2019 9134
2019 9490
2019 9679
2019 10266
2020 2931
2020 3051
2020 3316
2020 3334
2020 3454
2020 3902
2020 3910
2020 4781
2020 4801
2020 5297
2020 5312
2020 6294
2020 7499
2020 9241
2020 9575
2020 11650
2020 12207
2021 2515
2021 2977
2021 3269
2021 5078
2021 5081
2021 7288
2021 8628
2021 10055
2021 12212
2022 2420
2022 3062
2022 3652
2022 4259
2022 4556
2022 5094
2022 5319
2022 5351
2022 5738
2022 6382
2022 6414
2022 6452
2022 7276
2022 7598
2022 7665
2022 9192
2022 9451
2022 9541
2022 11027
2022 11500
2022 11771
2023 2573
2023 2833
2023 3356
2023 3744
2023 6146
2023 7524
2023 9711
2023 10502
2023 10585
2023 11378
2024 2359
2024 3145
2024 3691
2024 3712
2024 3713
2024 3991
2024 4054
2024 4726
2024 5084
2024 5089
2024 5618
2024 5998
2024 9717
2024 11537
2024 12321
2025 3158
2025 3822
2025 4417
2025 5393
2025 5625
2025 6128
2025 7564
2025 7988
2025 9112
2025 9199
2025 10428
2025 11249
2026 2736
2026 3649
2026 3946
2026 6549
2026 6645
2026 7674
2026 7727
2026 8765
2026 9184
2027 2859
2027 2942
2027 4412
2027 4442
2027 4653
2027 6279
2027 6432
2027 6636
2027 6705
2027 6881
2027 8324
2027 8896
2027 9169
2027 9430
2027 10357
2027 10775
2027 11508
2028 2905
2028 3067
2028 3591
2028 3694
2028 4185
2028 6459
2028 6580
2028 7925
2028 8186
2028 8261
2028 9127
2028 9582
2028 10750
2029 2120
2029 3546
2029 4741
2029 5545
2029 6911
2029 9756
2030 2200
2030 3271
2030 4324
2030 4650
2030 4996
2030 6210
2030 6253
2030 7109
2030 8239
2030 8736
2030 8911
2030 10080
2030 10626
2030 12250
2031 2098
2031 3581
2031 4167
2031 5287
2031 6825
2031 9411
2031 11513
2032 2751
2032 3081
2032 3399
2032 3969
2032 4079
2032 4200
2032 5109
2032 7707
2032 8005
2032 8904
2032 9343
2032 11009
2032 11076
2032 11406
2032 11411
2033 2931
2033 4424
2033 4765
2033 4781
2033 7499
2033 8178
2033 8373
2033 8502
2033 9242
2034 2698
2034 3143
2034 4356
2034 4708
2034 7272
2034 9071
2034 10476
2034 11985
2034 12049
2034 12243
2035 2578
2035 3117
2035 3341
2035 4103
2035 5502
2035 6614
2035 9145
2035 9170
2035 9671
2035 9745
2035 10660
2035 10691
2036 4632
2036 5646
2036 6325
2036 8533
2036 8677
2036 9921
2036 10039
2036 12394
2037 2443
2037 3788
2037 4662
2037 6434
2037 7685
2037 7913
2037 8150
2038 2061
2038 2193
2038 4467
2038 5866
2038 8323
2038 9119
2038 10267
2039 2048
2039 2062
2039 3011
2039 3073
2039 3166
2039 4078
2039 4316
2039 4337
2039 5631
2039 6586
2039 7249
2039 8910
2039 9137
2039 9925
2039 9979
2039 10617
2040 2492
2040 3574
2040 3626
2040 5196
2040 6712
2040 8204
2040 11622
2040 12378
2041 2082
2041 2509
2041 2553
2041 4105
2041 5004
2041 6063
2041 6558
2041 6597
2041 6783
2041 7919
2041 9344
2041 9864
2041 10793
2041 12212
2041 12222
2042 3037
2042 3537
2042 4428
2042 7162
2042 7609
2042 7676
2042 10581
2042 11116
2042 12372
2042 12620
2043 3281
2043 4500
2043 4690
2043 4887
2043 4950
2043 6020
2043 6402
2043 6807
2043 7591
2043 9607
2043 10373
2043 11149
2043 11829
2043 12328
2044 2066
2044 2995
2044 4605
2044 5242
2044 6528
2044 6954
2044 6992
2044 7701
2044 9133
2044 9555
2044 10806
2044 12246
2045 2301
2045 2630
2045 4766
2045 7027
2045 7886
2045 8190
2045 8775
2046 4412
2046 6733
2046 7229
2046 9685
2046 9947
2046 11612
2047 2066
2047 2726
2047 4366
2047 4798
2047 5231
2047 8659
2047 9164
2047 10125
2047 10233
2047 11103
2047 11963
2048 2957
2048 3011
2048 3166
2048 4078
2048 4389
2048 6586
2048 8182
2048 8269
2048 10009
2048 11519
2049 2546
2049 3009
2049 4048
2049 4163
2049 4370
2049 4459
2049 4756
2049 5195
2049 5266
2049 6544
2049 7439
2049 7452
2049 7709
2049 9097
2049 9522
2049 9772
2049 9774
2049 10778
2049 11768
2049 12223
2050 4015
2050 4711
2050 4864
2050 5149
2050 5890
2050 9281
2050 9976
2050 10057
2050 10644
2051 2197
2051 2558
2051 2613
2051 2871
2051 3041
2051 3457
2051 3504
2051 3557
2051 3716
2051 3911
2051 3915
2051 4455
2051 5404
2051 5415
2051 5533
2051 6670
2051 8214
2051 9158
2051 9763
2051 10833
2051 11410
2051 11615
2052 2065
2052 3379
2052 4863
2052 5214
2052 5774
2053 2821
2053 3429
2053 3430
2053 4645
2053 4797
2053 6723
2053 7405
2053 8166
2053 8492
2053 8858
2053 8925
2053 9693
2053 11598
2054 3613
2054 3633
2054 5589
2054 6228
2054 7737
2054 8717
2054 8726
2054 9016
2054 9055
2054 9923
2054 11294
2054 12569
2055 2311
2055 3363
2055 4626
2055 6131
2055 6734
2055 7238
2055 7818
2055 7851
2055 7966
2055 8749
2055 11844
2055 12254
2056 5485
2056 5519
2056 9254
2056 9860
2056 9871
2056 10104
2056 10591
2056 10910
2056 11538
2057 3103
2057 3500
2057 3960
2057 10316
2057 10415
2057 10536
2057 10546
2057 10634
2057 11023
2057 11364
2057 12136
2057 12192
2058 2328
2058 4110
2058 5028
2058 5119
2058 5667
2058 6101
2058 6980
2058 7644
2058 7928
2058 9497
2058 10309
2059 2104
2059 2366
2059 2414
2059 5000
2059 5628
2059 5704
2059 6094
2059 6386
2059 9624
2059 11433
2060 4051
2060 4351
2060 5675
2060 7073
2060 7440
2060 9225
2061 2193
2061 3996
2061 4102
2061 4467
2061 4754
2061 8115
2061 9119
2062 2436
2062 2746
2062 4078
2062 4274
2062 4414
2062 4484
2062 8910
2062 9911
2062 9979
2062 10717
2062 11145
2062 11721
2063 2343
2063 2344
2063 2347
2063 3310
2063 3445
2063 3758
2063 4426
2063 5379
2063 6296
2063 6678
2063 7728
2063 8400
2063 10938
2063 11221
2063 11300
2063 11407
2063 11634
2063 12325
2064 2335
2064 2337
2064 2458
2064 2869
2064 3235
2064 3236
2064 3491
2064 3826
2064 4025
2064 5657
2064 9374
2064 9617
2064 9740
2065 3379
2065 3539
2065 4682
2065 4863
2065 5214
2065 5677
2065 7035
2065 8187
2065 8351
2065 10197
2065 10240
2065 11216
2065 11745
2066 4617
2066 5231
2066 6528
2066 6954
2066 7681
2066 7825
2066 8659
2066 9252
2066 10125
2066 10233
2066 10806
2066 11963
2066 12246
2067 2140
2067 3609
2067 5150
2067 6339
2067 7043
2067 8387
2067 9932
2067 10436
2067 11334
2067 11377
2067 12072
2067 12541
2068 2601
2068 2852
2068 2961
2068 2974
2068 4634
2068 4742
2068 4870
2068 6056
2068 6428
2068 6820
2068 6860
2068 8816
2068 9473
2068 10130
2068 10213
2068 10637
2068 10841
2068 11059
2068 11478
2068 11606
2068 12526
2069 3711
2069 3850
2069 4207
2069 4531
2069 4787
2069 4970
2069 6488
2069 7607
2069 8012
2069 8771
2069 9556
2069 11737
2069 11837
2070 2480
2070 2727
2070 4915
2070 5871
2070 8108
2070 9708
2070 10236
2070 10238
2070 11867
2071 3681
2071 5672
2071 6551
2071 6804
2071 7835
2071 8076
2071 9163
2071 9594
2071 10803
2071 12098
2071 12666
2072 2078
2072 2080
2072 2447
2072 4278
2072 4363
2072 6289
2072 7298
2072 8301
2072 9668
2072 9825
2072 10310
2072 10698
2072 10723
2072 12461
2073 2285
2073 2356
2073 4720
2073 5641
2073 8219
2073 9674
2073 9742
2073 9828
2073 10763
2073 11040
2074 2103
2074 3015
2074 5413
2074 6519
2074 6713
2074 9639
2074 10232
2074 10268
2074 10272
2074 10279
2074 10645
2074 10677
2075 2570
2075 2793
2075 3127
2075 3443
2075 4393
2075 4872
2075 5148
2075 5986
2075 6005
2075 6381
2075 6725
2075 9347
2075 9382
2075 10174
2075 11486
2075 11663
2076 3087
2076 3444
2076 7024
2076 7366
2076 7860
2076 10610
2076 12243
2077 2455
2077 4191
2077 5284
2077 5296
2077 6468
2077 6974
2077 6996
2077 7072
2077 7285
2077 7862
2077 11916
2077 12116
2077 12583
2078 2080
2078 2447
2078 4363
2078 7298
2078 10698
2079 2133
2079 3592
2079 4382
2079 4622
2079 5544
2079 7243
2079 8159
2079 8878
2079 9584
2079 9850
2079 9985
2079 10331
2079 11593
2079 11896
2079 11918
2079 12089
2079 12099
2079 12124
2079 12278
2079 12653
2079 12671
2080 4363
2080 7265
2080 7298
2080 9668
2080 10698
2080 11903
2080 12461
2081 2635
2081 2714
2081 2730
2081 3071
2081 4163
2081 4370
2081 4557
2081 4959
2081 5266
2081 6843
2081 9817
2081 10560
2081 10778
2082 2182
2082 2408
2082 2637
2082 2788
2082 4105
2082 5966
2082 6063
2082 6597
2082 6783
2082 7158
2082 7800
2082 8341
2082 9138
2082 9864
2082 10793
2082 12212
2083 2099
2083 3877
2083 4290
2083 4531
2083 6179
2083 8234
2083 8296
2083 8516
2083 9695
2084 3546
2084 3981
2084 4741
2084 5545
2084 6371
2084 6900
2084 9756
2084 9790
2084 10353
2084 10474
2084 10483
2084 11671
2085 2921
2085 3166
2085 4550
2085 6225
2085 7748
2085 10532
2085 10590
2085 10712
2085 10838
2085 11726
2085 12651
2086 3038
2086 3561
2086 3851
2086 4990
2086 6354
2086 6577
2086 7383
2086 8805
2086 9339
2086 9372
2086 10851
2086 10906
2086 11093
2087 3165
2087 4474
2087 6916
2087 7313
2087 7349
2087 7832
2087 8916
2087 10195
2087 11828
2087 12150
2088 2745
2088 3642
2088 4128
2088 4986
2088 5173
2088 6377
2088 8392
2088 8455
2088 8552
2088 9148
2088 9249
2088 9296
2088 10112
2088 10670
2088 10709
2088 11004
2088 11010
2089 3089
2089 3316
2089 3902
2089 4023
2089 4801
2089 5635
2089 6479
2089 6579
2089 6960
2089 7921
2089 9241
2089 9974
2089 10559
2089 11146
2089 11782
2090 2636
2090 3069
2090 3079
2090 6308
2090 9036
2090 9353
2090 9581
2091 2200
2091 3926
2091 5130
2091 5188
2091 5619
2091 6460
2091 6609
2091 6644
2091 7570
2091 9006
2091 9822
2091 11763
2092 2353
2092 2870
2092 3349
2092 4191
2092 5284
2092 5296
2092 6125
2092 7224
2092 7862
2092 7867
2092 10140
2092 10235
2092 10257
2092 10820
2092 11605
2092 11979
2092 12065
2092 12576
2093 4104
2093 4204
2093 4210
2093 4581
2093 6226
2093 7807
2093 7918
2093 9216
2093 9551
2093 10576
2093 11511
2093 12462
2094 2822
2094 3092
2094 3642
2094 4197
2094 6283
2094 6919
2094 7125
2094 7127
2094 7745
2094 8039
2094 8236
2094 8613
2094 9296
2094 9454
2094 11770
2095 2227
2095 2706
2095 2778
2095 2906
2095 3507
2095 3718
2095 4269
2095 5348
2095 5949
2095 6384
2095 7378
2095 8405
2095 9295
2095 10294
2096 2740
2096 2841
2096 7187
2096 7292
2096 7995
2096 9655
2096 9700
2096 9963
2096 10063
2096 10066
2096 10201
2096 12039
2096 12053
2096 12057
2097 2987
2097 4709
2097 4811
2097 5806
2097 5940
2097 7359
2097 7637
2097 7744
2097 8235
2097 8488
2097 9894
2097 10647
2097 11236
2098 3564
2098 3989
2098 3998
2098 6516
2098 6795
2098 7783
2098 9303
2098 9455
2098 10230
2098 10533
2099 3670
2099 3877
2099 4290
2099 4531
2099 5701
2099 6179
2099 8296
2099 9160
2099 9620
2099 9695
2100 2194
2100 3070
2100 3138
2100 4112
2100 4281
2100 4883
2100 5198
2100 8011
2100 8549
2100 9480
2100 10209
2100 10488
2100 10727
2101 3078
2101 3227
2101 5006
2101 5868
2101 6396
2101 7129
2101 7343
2101 7507
2101 7600
2101 8017
2101 8975
2101 11578
2101 11788
2101 12586
2102 2410
2102 3265
2102 3933
2102 4034
2102 7672
2102 8902
2102 9337
2102 9991
2102 11785
2103 2295
2103 2300
2103 6519
2103 6713
2103 9235
2103 9639
2103 10268
2103 10272
2103 10279
2103 10645
2103 10677
2104 2414
2104 2990
2104 3321
2104 3648
2104 4172
2104 4357
2104 5000
2104 5555
2104 5617
2104 5704
2104 6123
2104 7132
2104 7669
2104 8689
2104 9624
2104 11540
2105 3535
2105 3894
2105 4698
2105 5003
2105 6752
2105 6969
2105 7159
2105 8437
2106 3241
2106 3345
2106 4630
2106 6965
2106 7915
2106 9299
2106 9642
2106 10643
2106 10827
2107 3765
2107 4202
2107 6209
2107 6552
2107 6562
2107 7026
2107 7028
2107 7052
2107 7053
2107 7331
2107 7699
2107 9886
2107 10165
2107 11960
2107 12112
2108 2126
2108 2863
2108 3680
2108 3693
2108 5391
2108 6594
2108 6938
2108 7163
2108 7490
2108 7815
2108 9320
2108 9421
2108 9506
2108 9929
2108 10094
2108 10121
2109 2456
2109 2668
2109 2925
2109 3212
2109 4052
2109 4145
2109 5352
2109 5632
2109 6074
2109 7865
2109 7883
2109 7909
2109 8302
2109 8537
2109 8826
2109 10116
2109 11852
2109 12199
2110 3047
2110 3189
2110 4405
2110 4509
2110 5166
2110 5550
2110 6148
2110 7286
2110 7890
2110 8417
2110 11195
2110 11865
2111 2269
2111 2865
2111 3018
2111 3278
2111 3570
2111 4524
2111 6161
2111 6793
2111 7316
2111 7487
2111 7989
2111 8027
2111 8139
2111 8381
2111 9684
2111 10038
2111 11053
2112 2249
2112 2970
2112 3060
2112 3429
2112 3430
2112 6089
2112 7405
2112 7765
2112 8492
2112 8925
2112 9379
2112 10713
2112 11226
2113 3590
2113 5044
2113 5346
2113 6519
2113 8444
2113 10615
2113 10840
2113 11400
2114 2125
2114 3414
2114 4948
2114 7379
2114 9346
2114 10394
2115 5258
2115 5652
2115 6119
2115 8335
2115 9730
2115 10441
2115 10466
2116 2645
2116 2853
2116 5105
2116 5392
2116 6112
2116 6221
2116 9322
2116 10652
2116 12125
2116 12181
2117 2664
2117 2668
2117 5337
2117 6581
2117 8840
2117 9744
2117 10158
2117 11271
2117 12087
2117 12108
2118 2182
2118 2632
2118 5311
2118 7155
2118 9138
2118 10747
2118 10748
2119 2122
2119 2245
2119 2306
2119 5119
2119 5223
2119 5640
2119 6980
2119 9967
2119 10994
2120 2708
2120 3276
2120 3311
2120 3388
2120 3546
2120 3997
2120 4312
2120 4661
2120 5545
2120 6911
2120 8644
2120 9756
2121 7243
2121 7933
2121 8491
2121 8878
2121 9850
2121 10065
2121 11593
2121 11632
2121 11896
2122 2545
2122 5119
2122 5223
2122 5640
2122 6070
2122 6152
2122 6305
2122 6697
2122 8410
2122 8760
2122 9251
2122 9349
2122 9495
2122 9967
2122 10994
2122 11690
2123 2215
2123 3624
2123 3734
2123 5139
2123 7100
2123 8428
2123 10779
2123 10782
2123 11566
2124 2293
2124 2401
2124 2885
2124 3174
2124 3809
2124 4765
2124 4824
2124 6530
2124 6942
2124 7498
2124 9444
2124 10837
2125 3414
2125 4416
2125 4948
2125 5668
2125 7379
2125 9346
2125 11532
2126 2217
2126 2863
2126 3317
2126 5391
2126 6938
2126 9543
2126 9929
2126 9964
2126 10495
2127 3155
2127 5011
2127 6093
2127 7475
2127 8540
2127 9103
2127 9975
2127 10406
2127 10737
2127 11070
2128 2220
2128 2644
2128 3217
2128 3248
2128 3285
2128 3431
2128 8015
2128 8977
2128 11557
2128 11900
2128 12428
2129 2588
2129 4289
2129 6118
2129 6679
2129 7029
2129 8318
2129 9384
2129 9407
2129 11649
2130 2185
2130 2285
2130 4627
2130 4632
2130 4720
2130 5641
2130 6681
2130 7677
2130 8193
2130 9342
2130 10039
2130 11040
2131 2382
2131 2408
2131 2674
2131 2788
2131 4552
2131 4770
2131 5081
2131 5609
2131 7326
2131 8074
2131 8192
2131 8949
2131 10055
2131 12212
2132 2777
2132 4771
2132 4946
2132 5008
2132 5009
2132 6323
2132 7319
2132 7488
2132 7932
2132 8277
2132 8760
2132 9122
2132 10402
2132 11057
2133 3129
2133 5544
2133 6918
2133 8159
2133 9113
2133 9527
2133 9702
2133 9985
2133 11635
2133 11724
2133 12089
2133 12124
2134 2135
2134 3515
2134 5096
2134 5155
2134 8943
2134 9369
2134 12346
2135 3515
2135 3867
2135 5054
2135 5096
2135 5155
2135 7380
2135 8038
2135 8934
2135 11558
2135 12331
2135 12346
2136 2765
2136 3254
2136 6375
2136 7185
2136 7715
2136 7849
2136 8102
2136 11397
2136 12180
2137 3496
2137 3643
2137 4305
2137 4577
2137 5811
2137 9384
2137 9540
2137 9855
2137 10979
2137 11507
2137 11649
2138 2189
2138 2231
2138 3054
2138 3757
2138 3802
2138 4576
2138 4679
2138 4873
2138 4880
2138 5627
2138 6365
2138 8153
2138 8441
2138 8998
2138 9666
2138 10250
2138 10791
2139 2243
2139 3204
2139 3428
2139 3787
2139 3824
2139 3966
2139 4542
2139 5316
2139 7017
2139 7535
2139 7682
2139 7917
2139 8063
2139 11264
2139 11493
2140 3609
2140 5683
2140 6339
2140 7203
2140 9545
2140 9932
2140 10436
2140 11180
2140 11296
2141 2459
2141 2758
2141 3381
2141 3432
2141 3952
2141 4615
2141 4861
2141 8853
2141 9632
2142 2146
2142 4071
2142 5254
2142 5302
2142 7433
2142 7922
2142 7961
2142 10344
2142 11248
2142 12506
2143 2151
2143 2466
2143 3142
2143 3767
2143 3781
2143 4122
2143 4169
2143 5082
2143 6557
2143 6921
2143 7659
2143 8770
2144 2276
2144 3368
2144 3568
2144 3798
2144 4082
2144 4213
2144 4323
2144 4447
2144 6794
2144 7595
2144 8505
2144 9004
2144 9332
2144 9804
2144 11259
2145 4418
2145 4769
2145 6017
2145 6471
2145 7441
2145 7588
2145 8241
2145 8309
2145 12248
2145 12357
2145 12430
2145 12648
2146 4071
2146 4100
2146 5302
2146 7433
2146 7922
2146 10146
2146 11248
2146 12506
2147 2265
2147 6592
2147 6616
2147 6905
2147 6913
2147 6977
2147 7981
2147 8352
2147 10069
2147 11923
2147 11978
2147 12025
2147 12110
2147 12277
2148 3766
2148 3932
2148 4503
2148 5313
2148 6826
2148 6896
2148 7032
2148 7354
2148 10150
2148 10776
2149 2262
2149 4689
2149 5114
2149 5998
2149 9614
2149 9677
2149 11950
2150 3172
2150 3454
2150 5238
2150 5744
2150 6831
2150 7115
2150 7655
2150 9575
2150 9633
2150 10163
2150 10183
2151 3142
2151 3767
2151 4122
2151 5082
2151 6921
2151 6931
2151 7659
2152 2830
2152 2866
2152 2899
2152 4747
2152 5314
2152 6016
2152 6417
2152 10284
2152 10582
2152 11573
2153 2198
2153 2288
2153 4087
2153 4458
2153 4877
2153 5134
2153 7036
2153 7069
2153 8135
2153 11049
2154 2245
2154 2253
2154 6385
2154 6779
2154 8222
2154 8716
2154 9392
2154 9967
2154 11117
2154 11314
2154 11845
2155 2163
2155 2457
2155 2872
2155 2913
2155 2986
2155 3050
2155 3184
2155 3776
2155 5288
2155 7147
2155 9260
2156 3337
2156 4145
2156 4515
2156 5271
2156 5352
2156 6313
2156 6922
2156 7394
2156 8196
2157 2962
2157 3555
2157 3559
2157 3580
2157 4020
2157 4689
2157 5483
2157 7181
2157 7260
2157 7551
2157 7754
2157 9677
2158 2773
2158 2843
2158 2925
2158 3328
2158 3627
2158 3677
2158 4113
2158 4236
2158 7020
2158 7357
2158 7502
2158 8512
2158 9532
2158 11510
2158 11564
2158 11639
2158 11646
2158 12259
2158 12440
2159 2254
2159 4125
2159 5350
2159 6762
2159 7612
2159 7809
2159 7830
2159 7962
2159 8340
2159 8825
2159 8886
2159 8888
2159 8930
2159 12154
2160 2276
2160 3025
2160 3368
2160 4447
2160 6775
2160 6824
2160 7759
2160 7929
2160 8395
2160 8901
2160 9004
2160 10175
2160 11259
2160 11484
2161 2303
2161 3337
2161 5271
2161 6347
2161 6348
2161 6581
2161 7202
2161 7909
2161 7985
2161 8010
2161 8247
2162 2203
2162 2551
2162 4619
2162 6550
2162 7614
2162 7970
2162 10384
2162 11481
2162 11616
2162 11888
2163 2457
2163 2913
2163 2986
2163 3250
2163 5288
2163 7067
2164 2273
2164 2800
2164 5194
2164 5369
2164 5711
2164 6310
2164 6489
2164 8286
2164 8293
2164 8484
2164 8728
2164 11313
2164 11621
2165 2234
2165 3735
2165 3837
2165 4971
2165 6275
2165 6993
2165 7062
2165 7712
2165 9141
2165 10408
2165 11858
2166 2612
2166 2783
2166 4461
2166 5345
2166 7064
2166 8869
2166 9128
2166 9228
2167 3758
2167 4011
2167 6296
2167 6522
2167 6678
2167 6839
2167 9169
2167 9273
2167 9521
2167 10129
2167 10335
2167 11634
2168 3197
2168 3637
2168 3645
2168 3678
2168 3797
2168 4332
2168 4529
2168 4560
2168 5305
2168 5315
2168 7414
2168 7554
2168 7976
2168 8061
2168 8856
2168 11250
2168 12274
2169 3018
2169 3209
2169 3293
2169 3570
2169 3826
2169 3873
2169 5208
2169 5634
2169 6626
2169 9165
2169 11494
2169 11645
2170 2174
2170 2825
2170 3508
2170 3836
2170 5429
2170 7378
2170 9161
2170 9465
2170 11684
2171 3010
2171 3632
2171 3947
2171 3955
2171 4718
2171 4831
2171 6915
2171 7191
2171 9807
2172 3635
2172 4583
2172 5516
2172 5984
2172 6631
2172 9733
2172 9764
2172 10786
2172 11608
2172 12325
2173 2588
2173 4289
2173 5024
2173 5071
2173 5643
2173 9429
2173 12632
2174 2825
2174 3836
2174 5163
2174 5429
2174 6384
2174 7378
2174 9161
2174 9465
2175 2187
2175 2352
2175 2618
2175 3953
2175 4300
2175 4336
2175 4495
2175 8355
2175 9365
2176 2372
2176 2454
2176 3544
2176 6388
2176 7307
2176 9183
2176 10978
2176 11207
2176 11276
2176 12442
2177 3462
2177 3471
2177 4303
2177 4398
2177 4894
2177 5666
2177 6216
2177 8555
2177 8714
2177 9595
2177 11561
2177 12400
2178 3439
2178 4576
2178 6173
2178 6618
2178 6619
2178 7204
2178 7697
2178 9657
2178 10477
2178 12013
2178 12579
2179 2872
2179 2878
2179 2891
2179 3984
2179 6878
2179 7019
2179 7994
2179 9260
2179 12134
2180 3126
2180 4189
2180 4671
2180 5248
2180 9340
2180 10280
2180 10341
2180 10937
2180 11225
2180 11526
2180 12256
2181 4615
2181 4839
2181 6172
2181 7971
2181 8964
2181 9829
2181 10277
2182 2535
2182 2632
2182 2788
2182 5966
2182 7155
2182 7293
2182 8341
2182 9138
2182 10713
2182 10747
2183 2241
2183 2792
2183 3783
2183 5922
2183 7174
2183 8365
2183 9150
2183 9496
2183 10607
2183 10925
2184 2278
2184 3260
2184 4964
2184 5018
2184 5246
2184 6282
2184 6944
2184 8354
2184 8469
2184 9263
2184 9737
2184 9938
2184 11485
2184 12422
2185 2270
2185 2285
2185 2356
2185 2945
2185 4632
2185 4720
2185 5641
2185 5920
2185 7445
2185 9342
2185 9742
2185 9828
2185 10039
2185 11850
2185 12612
2186 2760
2186 3421
2186 3945
2186 4043
2186 4419
2186 4480
2186 4831
2186 5282
2186 5650
2186 6171
2186 6325
2186 6596
2186 6681
2186 7409
2186 7677
2186 8539
2186 8782
2186 9680
2186 9921
2187 2352
2187 3953
2187 4336
2187 8355
2187 12629
2188 2242
2188 3455
2188 4143
2188 5322
2188 6780
2188 7015
2188 7223
2188 7655
2188 9528
2188 9633
2188 9887
2188 10183
2189 2455
2189 3054
2189 3349
2189 4208
2189 4576
2189 5284
2189 5296
2189 6468
2189 8153
2189 8441
2189 8998
2189 9877
2189 10257
2189 10337
2189 10820
2189 10975
2190 3262
2190 4411
2190 4961
2190 6580
2190 7960
2190 8261
2190 8263
2190 8342
2190 8536
2191 2685
2191 3968
2191 6000
2191 6100
2191 6846
2191 6964
2191 7792
2191 7873
2191 9733
2191 10013
2191 11608
2192 3259
2192 3806
2192 4352
2192 4481
2192 4647
2192 5167
2192 5477
2192 8788
2192 9490
2192 10228
2192 10266
2192 12455
2193 4102
2193 4467
2193 7234
2193 8115
2193 8323
2193 9119
2193 10267
2194 3138
2194 4281
2194 5574
2194 6700
2194 8011
2194 8549
2194 9904
2194 10488
2194 10589
2194 10727
2195 2229
2195 2628
2195 2794
2195 4621
2195 7070
2195 7365
2195 7529
2195 9829
2195 9885
2195 10327
2195 11041
2195 12200
2196 3218
2196 3362
2196 3558
2196 4830
2196 5645
2196 6937
2196 6939
2196 7526
2196 10914
2196 10919
2197 2558
2197 2688
2197 3215
2197 3457
2197 3504
2197 3722
2197 4294
2197 4455
2197 4957
2197 10019
2197 10598
2197 11520
2197 11615
2198 2533
2198 3107
2198 7036
2198 7069
2198 7212
2198 9080
2198 10470
2198 10769
2198 11049
2199 2263
2199 2582
2199 2741
2199 5080
2199 5280
2199 6880
2199 8778
2199 8785
2199 9728
2199 11204
2200 4996
2200 5188
2200 5619
2200 6460
2200 6609
2200 6885
2200 7058
2200 7109
2200 7443
2200 7570
2200 8499
2200 8736
2200 9043
2200 9130
2200 9822
2200 11232
2200 12600
2200 12692
2201 2908
2201 5626
2201 6946
2201 7057
2201 7364
2201 7442
2201 7775
2201 9569
2201 9610
2201 9665
2201 11692
2202 3033
2202 4457
2202 6606
2202 6797
2202 6804
2202 8570
2202 8868
2202 9961
2203 2551
2203 4619
2203 6550
2203 7970
2203 8282
2203 8840
2203 9744
2204 3053
2204 4326
2204 5661
2204 6118
2204 8318
2204 8507
2204 9076
2204 9949
2204 10211
2204 10398
2204 11649
2205 3451
2205 4772
2205 4896
2205 5026
2205 5559
2205 6362
2205 7402
2205 7552
2205 8210
2205 8803
2205 8863
2205 9154
2205 9334
2205 9913
2205 11441
2205 11667
2206 2606
2206 3193
2206 3448
2206 3708
2206 4523
2206 4897
2206 5012
2206 5750
2206 5765
2206 5822
2206 7373
2206 7376
2206 8560
2206 8580
2206 8581
2206 9054
2206 10699
2206 10720
2206 11217
2207 5958
2207 5966
2207 7155
2207 8329
2207 9516
2207 10713
2207 10747
2208 2371
2208 2798
2208 3309
2208 5987
2208 7029
2208 8205
2208 8774
2208 9247
2208 9489
2208 10889
2208 10912
2208 10939
2208 11448
2208 11783
2208 11809
2208 11941
2208 12286
2208 12287
2208 12511
2209 2611
2209 2861
2209 5225
2209 6514
2209 7245
2209 8523
2209 8766
2209 10506
2210 4104
2210 4149
2210 4581
2210 6341
2210 6608
2210 6682
2210 6836
2210 6982
2210 7807
2210 8963
2210 11459
2210 11905
2210 12170
2210 12450
2210 12462
2211 2829
2211 5231
2211 6374
2211 6607
2211 8993
2211 9757
2211 10218
2211 10233
2211 11487
2211 11545
2212 2776
2212 4182
2212 4840
2212 4870
2212 5233
2212 7138
2212 10448
2212 11996
2212 12185
2212 12456
2213 3877
2213 5444
2213 5979
2213 7085
2213 7919
2213 8006
2213 8062
2213 8127
2213 8296
2213 8438
2213 8996
2213 9344
2213 9620
2213 10164
2213 10214
2213 10785
2214 3355
2214 3500
2214 4653
2214 5658
2214 5848
2214 6432
2214 8154
2214 9060
2214 9718
2214 10415
2214 10909
2214 12141
2215 3624
2215 5139
2215 6403
2215 7401
2215 8618
2215 9197
2215 12354
2215 12621
2216 3085
2216 3871
2216 3914
2216 7018
2216 7945
2216 8091
2216 9189
2216 11772
2217 2716
2217 2863
2217 3091
2217 4038
2217 6694
2217 6938
2217 9421
2217 9543
2217 9964
2217 10053
2217 10171
2218 2799
2218 3622
2218 3880
2218 5462
2218 5878
2218 6246
2218 6322
2218 6696
2218 9788
2218 10122
2218 12272
2219 2227
2219 2522
2219 2610
2219 2778
2219 3508
2219 5348
2219 5429
2219 5921
2219 6150
2219 7378
2219 7965
2219 8405
2219 8798
2219 9776
2219 9862
2219 10239
2219 10294
2219 10468
2219 10512
2219 11063
2219 11359
2219 11781
2219 12423
2220 2641
2220 2644
2220 2774
2220 3217
2220 3285
2220 3431
2220 4562
2220 4613
2220 6291
2220 7522
2220 8315
2220 8924
2220 10832
2220 11557
2220 11900
2220 12650
2221 2287
2221 4166
2221 4940
2221 5742
2221 5808
2221 6509
2221 6724
2221 7005
2221 7007
2221 7940
2221 9660
2221 10062
2221 10300
2221 11790
2221 12078
2222 3896
2222 4272
2222 4501
2222 4575
2222 5236
2222 5566
2222 6943
2222 9578
2222 10387
2223 2375
2223 3501
2223 3760
2223 3810
2223 4017
2223 4617
2223 4705
2223 5242
2223 5600
2223 6123
2223 6528
2223 6573
2223 6954
2223 7789
2223 9820
2223 10920
2224 2763
2224 4090
2224 5106
2224 5847
2224 6868
2224 6870
2224 7044
2224 7295
2224 7347
2224 7576
2224 8188
2224 8435
2224 8515
2224 9298
2224 9676
2224 9961
2224 9987
2224 11576
2224 11654
2225 2521
2225 5123
2225 5358
2225 5737
2225 5961
2225 7515
2225 8603
2225 8625
2225 11535
2225 11656
2225 12405
2226 3019
2226 3246
2226 7385
2226 7704
2226 10768
2226 11937
2227 2778
2227 3507
2227 3718
2227 5348
2227 6384
2227 7378
2227 7965
2227 10294
2227 11781
2228 2938
2228 4065
2228 5112
2228 5405
2228 5427
2228 5778
2228 7592
2228 8678
2228 9240
2228 10059
2228 10653
2228 11218
2229 2628
2229 2759
2229 2794
2229 3952
2229 4329
2229 4426
2229 4861
2229 5267
2229 5548
2229 5572
2229 6737
2229 7529
2229 8468
2229 9524
2229 9829
2229 9885
2229 11041
2229 11055
2230 2308
2230 2560
2230 5795
2230 7151
2230 7638
2231 3439
2231 3802
2231 4448
2231 5627
2231 6730
2231 8998
2231 9870
2231 9889
2231 10791
2231 10932
2232 2294
2232 3864
2232 3878
2232 5366
2232 7009
2232 7955
2232 10119
2232 12454
2233 4469
2233 4951
2233 5488
2233 6448
2233 6859
2233 7021
2233 7244
2233 9519
2233 9703
2233 10124
2233 11038
2233 11113
2233 11882
2233 11951
2233 12054
2234 2504
2234 3475
2234 5417
2234 5687
2234 5728
2234 6973
2234 6993
2234 7062
2234 7514
2234 7712
2234 9770
2234 10408
2234 11393
2234 11713
2234 11858
2235 2587
2235 2687
2235 2893
2235 3021
2235 3773
2235 3828
2235 3992
2235 5041
2235 5122
2235 5643
2235 6965
2235 7107
2235 7181
2235 8427
2235 8837
2235 9299
2235 10830
2236 3155
2236 3485
2236 3562
2236 4489
2236 5008
2236 6022
2236 6323
2236 7319
2236 10006
2237 2290
2237 3220
2237 3359
2237 4920
2237 5658
2237 6081
2237 8332
2237 8459
2237 10666
2237 11022
2238 2855
2238 3924
2238 4373
2238 4823
2238 4963
2238 4994
2238 5070
2238 5709
2238 5742
2238 8265
2238 9000
2238 9239
2238 9272
2238 10062
2239 3039
2239 4423
2239 4776
2239 6175
2239 6647
2239 6805
2239 7101
2239 9242
2239 10061
2240 3169
2240 3247
2240 3378
2240 3989
2240 4394
2240 6483
2240 7307
2240 10230
2240 10400
2241 3045
2241 3707
2241 3783
2241 5889
2241 6243
2241 7001
2241 7201
2241 8365
2241 9183
2241 9496
2241 10152
2241 10243
2241 10607
2241 10790
2241 10925
2241 11523
2241 11529
2241 12410
2242 3416
2242 4143
2242 5015
2242 5292
2242 5307
2242 5322
2242 5560
2242 6983
2242 7015
2242 7546
2242 7810
2242 10183
2242 10973
2242 11920
2242 12077
2243 3428
2243 4232
2243 4392
2243 4479
2243 4625
2243 5316
2243 5343
2243 6349
2243 7535
2243 8063
2243 8065
2243 11264
2244 3122
2244 5731
2244 6064
2244 6470
2244 7431
2244 7824
2244 8160
2244 8462
2244 8654
2244 9548
2244 10179
2244 10360
2244 12649
2244 12670
2245 2253
2245 2306
2245 2804
2245 3492
2245 5223
2245 5640
2245 6385
2245 6779
2245 6980
2245 8222
2245 8694
2245 8951
2245 9476
2245 9485
2245 9967
2245 10099
2245 10118
2245 10707
2245 11012
2245 11845
2246 3113
2246 3398
2246 3428
2246 3621
2246 4392
2246 4730
2246 5343
2246 5919
2246 6844
2246 7081
2246 7306
2246 7917
2246 9422
2246 10226
2246 11497
2246 11613
2246 12073
2247 2766
2247 4137
2247 4463
2247 5729
2247 6206
2247 7668
2247 8534
2247 8634
2247 8684
2247 8745
2247 9605
2247 11477
2247 12361
2247 12386
2248 2958
2248 3611
2248 4407
2248 5031
2248 5344
2248 5605
2248 6138
2248 6465
2248 6611
2248 7179
2248 7954
2248 9830
2248 10077
2248 10762
2248 11227
2249 2594
2249 4797
2249 6089
2249 6560
2249 7118
2249 7120
2249 7765
2249 8492
2249 9530
2249 10713
2249 11219
2249 11226
2250 4960
2250 7618
2250 9134
2250 9679
2250 10686
2250 11675
2250 12269
2251 2897
2251 4108
2251 5158
2251 5797
2251 6476
2251 6479
2251 6704
2251 8166
2251 9484
2251 9728
2251 11146
2251 11807
2252 2744
2252 3833
2252 4495
2252 5021
2252 5206
2252 5373
2252 8623
2252 8810
2252 10114
2252 10132
2252 10563
2252 11029
2253 3137
2253 3587
2253 6385
2253 6779
2253 8649
2253 9392
2253 9476
2253 9485
2253 10118
2253 10999
2254 4125
2254 5350
2254 5571
2254 7612
2254 7809
2254 7962
2254 8123
2254 8340
2254 8886
2254 8888
2254 8930
2254 10638
2255 2946
2255 3002
2255 3928
2255 4343
2255 4378
2255 5752
2255 6967
2255 7510
2255 7511
2255 8275
2255 9096
2255 12225
2256 2765
2256 3589
2256 4392
2256 4479
2256 4625
2256 5343
2256 7831
2256 8830
2256 11397
2256 11497
2256 11613
2257 5197
2257 5211
2257 5680
2257 5746
2257 6415
2257 6565
2257 6729
2257 8294
2257 8532
2257 9077
2257 9210
2257 9267
2257 9306
2257 11050
2257 11052
2258 3757
2258 3958
2258 4146
2258 4574
2258 4679
2258 4880
2258 5569
2258 6081
2258 6233
2258 6869
2258 7534
2258 7603
2258 8991
2258 9562
2258 9988
2258 10048
2258 10396
2258 11502
2258 11902
2258 11931
2258 12341
2259 3003
2259 3451
2259 3717
2259 4772
2259 5026
2259 5217
2259 5877
2259 5921
2259 7271
2259 7386
2259 7823
2259 9334
2259 9599
2259 9776
2260 2600
2260 2793
2260 3127
2260 3253
2260 4393
2260 4537
2260 4815
2260 5684
2260 6778
2260 9907
2260 10578
2260 11321
2260 12275
2261 2262
2261 6769
2261 7895
2261 10313
2261 10544
2261 11861
2261 12003
2261 12031
2261 12040
2261 12143
2262 4689
2262 4738
2262 5114
2262 5998
2262 7895
2262 9614
2262 10527
2262 10544
2262 11950
2262 11974
2262 12003
2262 12040
2262 12143
2262 12435
2262 12547
2263 2582
2263 7634
2263 10382
2263 12289
2264 2472
2264 3053
2264 4731
2264 6568
2264 8423
2264 8507
2264 9949
2264 10211
2264 10398
2264 12286
2265 4239
2265 5014
2265 5540
2265 6136
2265 6314
2265 6616
2265 7031
2265 7805
2265 7891
2265 8352
2265 9494
2265 10826
2265 11949
2265 12086
2265 12110
2266 3044
2266 3536
2266 6885
2266 7346
2266 7596
2266 8402
2266 8514
2266 9008
2266 10248
2266 11813
2266 12589
2267 2298
2267 2858
2267 4067
2267 4594
2267 6431
2267 6515
2267 7164
2267 7517
2267 7656
2267 10219
2267 10323
2267 12265
2267 12317
2268 2820
2268 3004
2268 3223
2268 3631
2268 4059
2268 4800
2268 5290
2268 5455
2268 5523
2268 7464
2268 9672
2268 10567
2268 10716
2268 10810
2268 11004
2268 11681
2268 11856
2268 12184
2269 2552
2269 3018
2269 3570
2269 4212
2269 4524
2269 6793
2269 6995
2269 7487
2269 7605
2269 8027
2269 9684
2270 3696
2270 5308
2270 7355
2270 7445
2270 9123
2270 9257
2270 9342
2270 9674
2270 9742
2270 9828
2270 10765
2270 11850
2271 2634
2271 3721
2271 3859
2271 5738
2271 6653
2271 9145
2271 9613
2271 9743
2271 10660
2271 10691
2271 11266
2272 2738
2272 3057
2272 3213
2272 3607
2272 4956
2272 5059
2272 5320
2272 5399
2272 6770
2272 6973
2273 2663
2273 2800
2273 3100
2273 3449
2273 3838
2273 4013
2273 4967
2273 5369
2273 5529
2273 6503
2273 7168
2273 8311
2273 8644
2273 9756
2273 9790
2273 11621
2274 3426
2274 4301
2274 4527
2274 4747
2274 5313
2274 6035
2274 6896
2274 6921
2274 9570
2274 10582
2274 11069
2274 12293
2275 5368
2275 6453
2275 7057
2275 7504
2275 7631
2275 7858
2275 8066
2275 8637
2275 8665
2275 8842
2275 12045
2275 12115
2275 12117
2275 12157
2275 12642
2276 3368
2276 4229
2276 4323
2276 4601
2276 6775
2276 6894
2276 7929
2276 8395
2276 9004
2276 9332
2276 9804
2276 10175
2276 11259
2276 12332
2277 2715
2277 4586
2277 5836
2277 6051
2277 6492
2277 7896
2277 9467
2277 10756
2277 11799
2278 3260
2278 5144
2278 5175
2278 8354
2278 8450
2278 8469
2278 9938
2278 10788
2278 10814
2278 11008
2279 4703
2279 5063
2279 5187
2279 8133
2279 8378
2279 8541
2279 9159
2279 9827
2279 10267
2279 10305
2279 10766
2280 3136
2280 4295
2280 4475
2280 4810
2280 6511
2280 7397
2280 7398
2280 7949
2280 9376
2280 9707
2280 9792
2280 10092
2280 11530
2280 11864
2281 2982
2281 3052
2281 3302
2281 5622
2281 7356
2281 8388
2281 8584
2281 8738
2281 8986
2281 10620
2281 11031
2282 3373
2282 4367
2282 4505
2282 4666
2282 6699
2282 7714
2282 7931
2282 11559
2282 12083
2282 12333
2282 12471
2283 4649
2283 6215
2283 7391
2283 8607
2283 10427
2283 10655
2283 11292
2283 11620
2283 11643
2283 12075
2283 12182
2283 12552
2284 2717
2284 3464
2284 4501
2284 5277
2284 5371
2284 7255
2284 7931
2284 7933
2284 8491
2284 9850
2284 9953
2284 11064
2284 11632
2284 11896
2284 12159
2284 12193
2285 2356
2285 2662
2285 2679
2285 2816
2285 2978
2285 3403
2285 3407
2285 4211
2285 4720
2285 6681
2285 7677
2285 8193
2285 8219
2285 9342
2285 10085
2285 10743
2285 11040
2285 11582
2285 11668
2286 2360
2286 2911
2286 4061
2286 4439
2286 4874
2286 5255
2286 7089
2286 9685
2286 10101
2286 10207
2286 11612
2286 11804
2287 2297
2287 2498
2287 5336
2287 5808
2287 7007
2287 7242
2287 7845
2287 8498
2287 9660
2288 2617
2288 3822
2288 4458
2288 5268
2288 5300
2288 5686
2288 5922
2288 6251
2288 7987
2288 7988
2288 8135
2288 10574
2288 10628
2288 11049
2288 11249
2288 11490
2289 2323
2289 3834
2289 4172
2289 4242
2289 4605
2289 4656
2289 6123
2289 6897
2289 7054
2289 9232
2289 9555
2289 11401
2289 12027
2290 3533
2290 4874
2290 4920
2290 6454
2290 7114
2290 8459
2290 10566
2290 10666
2290 10673
2291 3789
2291 4511
2291 4947
2291 5057
2291 5976
2291 6039
2291 6457
2291 7370
2291 8000
2291 8121
2291 8306
2291 8375
2291 8523
2291 10397
2291 10571
2291 11839
2291 12184
2292 5450
2292 6291
2292 6798
2292 7522
2292 7640
2292 8013
2292 8416
2292 8673
2292 8924
2292 9371
2292 11007
2292 11206
2292 12657
2293 3272
2293 3454
2293 3809
2293 4824
2293 5323
2293 5722
2293 7498
2293 9444
2293 9622
2293 9966
2293 11718
2294 2442
2294 2829
2294 3864
2294 5366
2294 7009
2294 7955
2294 8255
2294 9513
2294 10056
2294 11273
2295 2300
2295 4209
2295 5346
2295 5413
2295 6945
2295 9639
2295 10095
2295 10272
2295 10677
2296 5328
2296 5678
2296 7043
2296 7215
2296 8256
2296 8387
2296 10166
2296 11515
2296 12072
2297 2498
2297 4268
2297 5336
2297 7235
2297 7845
2297 8498
2297 9660
2297 9916
2297 12294
2298 2341
2298 2475
2298 2781
2298 4140
2298 5272
2298 6431
2298 6515
2298 7164
2298 10219
2298 11819
2298 12513
2299 2492
2299 3352
2299 5569
2299 5664
2299 6081
2299 7025
2299 7055
2299 7231
2299 7534
2299 8204
2299 8332
2299 8459
2299 10566
2299 11725
2299 11847
2299 11848
2299 11931
2300 3818
2300 4533
2300 6945
2300 10095
2300 10268
2300 10279
2300 10645
2300 10677
2301 5743
2301 6521
2301 7027
2301 7886
2301 8775
2301 9640
2301 9723
2301 11084
2301 11714
2302 2812
2302 3919
2302 5485
2302 6442
2302 6910
2302 9254
2302 9539
2302 11538
2302 12000
2302 12312
2303 3669
2303 4430
2303 5755
2303 6092
2303 6347
2303 6348
2303 6581
2303 7883
2303 7909
2303 7985
2303 8010
2303 10218
2304 2943
2304 3057
2304 3213
2304 3607
2304 3671
2304 5059
2304 6786
2304 11753
2305 2770
2305 3639
2305 3979
2305 6204
2305 6853
2305 7096
2305 9784
2305 10594
2306 2545
2306 2547
2306 5119
2306 5223
2306 5640
2306 5667
2306 6305
2306 6980
2306 8694
2306 8724
2306 8951
2306 9495
2306 10707
2306 10752
2307 2609
2307 3032
2307 3893
2307 4262
2307 5561
2307 5909
2307 6554
2307 8320
2307 9652
2307 10270
2307 11744
2308 4063
2308 5336
2308 5682
2308 5808
2308 6161
2308 7242
2308 7638
2308 8147
2308 8183
2308 8398
2308 8498
2308 8871
2308 9234
2308 9475
2308 9587
2308 10300
2308 11021
2308 11071
2309 2961
2309 4086
2309 5953
2309 6201
2309 6234
2309 6268
2309 6738
2309 7267
2309 10508
2309 11059
2309 11303
2309 11345
2309 11594
2309 11606
2309 12498
2309 12533
2310 2376
2310 3190
2310 3191
2310 3205
2310 3343
2310 4146
2310 5093
2310 5449
2310 6372
2310 6886
2310 7066
2310 7360
2310 8114
2310 8410
2310 8436
2310 9878
2310 10641
2310 11817
2310 12467
2311 3363
2311 3728
2311 4195
2311 4533
2311 6008
2311 6131
2311 6393
2311 6623
2311 7067
2311 7147
2311 8749
2311 11740
2311 12254
2312 5278
2312 6030
2312 7207
2312 8914
2312 11655
2312 11668
2312 11805
2313 3417
2313 3638
2313 4491
2313 5370
2313 5564
2313 7216
2313 10102
2313 11830
2314 2453
2314 2505
2314 2609
2314 2851
2314 3452
2314 4659
2314 4879
2314 5476
2314 8793
2314 8877
2314 9030
2314 10074
2314 10170
2314 12474
2315 4169
2315 5016
2315 5326
2315 6433
2315 6451
2315 7434
2315 7658
2315 7782
2315 8780
2315 9694
2315 9870
2315 10137
2315 10932
2315 11962
2315 11988
2316 3002
2316 3278
2316 3524
2316 4825
2316 8837
2316 9237
2316 9992
2316 10830
2316 11011
2316 11053
2317 3852
2317 4002
2317 4838
2317 4955
2317 5593
2317 6487
2317 7394
2317 7497
2317 8270
2317 8289
2317 8813
2317 10777
2318 2579
2318 2764
2318 2991
2318 4795
2318 7568
2318 7625
2318 8672
2318 9131
2318 9329
2318 9618
2318 11526
2319 2842
2319 4101
2319 4173
2319 5823
2319 7400
2319 8968
2319 11883
2319 12032
2319 12090
2319 12213
2320 2364
2320 2429
2320 3746
2320 4583
2320 4737
2320 4794
2320 5608
2320 7112
2320 9521
2320 10013
2320 10564
2320 10786
2320 11609
2321 2329
2321 2538
2321 3482
2321 5012
2321 6444
2321 11670
2322 2378
2322 2703
2322 3949
2322 4993
2322 5612
2322 5670
2322 7357
2322 8086
2322 9448
2322 9519
2322 10350
2322 11911
2323 3834
2323 4172
2323 4182
2323 4656
2323 5699
2323 7128
2323 7777
2323 9232
2323 9875
2323 10315
2323 10923
2323 11401
2323 11762
2323 12027
2324 4209
2324 5346
2324 5570
2324 6945
2324 7535
2324 7706
2324 10354
2324 11400
2324 12114
2324 12191
2324 12485
2325 2355
2325 2909
2325 3677
2325 4526
2325 5994
2325 6038
2325 6971
2325 8747
2325 9647
2325 10816
2325 11147
2325 11510
2325 11646
2325 11760
2325 11911
2326 2410
2326 2608
2326 2939
2326 3189
2326 3775
2326 3933
2326 5550
2326 5662
2326 6419
2326 7672
2326 7930
2326 8145
2326 9337
2326 11195
2327 3406
2327 3644
2327 3954
2327 6801
2327 7826
2327 8285
2327 9238
2327 9837
2327 10015
2327 11341
2327 12227
2328 2547
2328 3887
2328 4261
2328 6980
2328 7928
2328 9476
2328 9485
2328 10099
2328 10309
2328 10707
2329 2606
2329 2610
2329 3482
2329 5012
2329 5921
2329 6444
2329 7000
2329 10720
2329 11670
2330 3119
2330 3152
2330 4482
2330 4483
2330 5262
2330 5327
2330 7271
2330 7853
2330 8163
2330 9011
2330 9294
2330 9796
2330 9905
2330 10097
2330 10216
2330 10239
2330 11359
2331 3674
2331 4076
2331 4602
2331 5498
2331 7758
2331 8339
2331 9653
2331 10456
2331 10520
2331 10803
2331 12093
2331 12492
2331 12666
2332 2392
2332 2572
2332 2961
2332 5040
2332 6428
2332 6738
2332 9572
2332 10130
2332 11594
2332 12255
2332 12526
2333 3977
2333 4587
2333 5248
2333 6987
2333 10449
2333 10456
2333 10480
2333 10951
2333 12049
2333 12492
2334 3141
2334 3458
2334 3651
2334 3880
2334 5180
2334 5591
2334 6198
2334 6842
2334 6902
2334 7513
2334 7722
2334 7731
2334 10138
2334 10992
2334 11175
2335 2354
2335 3826
2335 4025
2335 5657
2335 9374
2335 9740
2336 3916
2336 4335
2336 4978
2336 5843
2336 10282
2336 10325
2336 10478
2336 12309
2337 2458
2337 2465
2337 2480
2337 2869
2337 3235
2337 3826
2337 4265
2337 4408
2337 4823
2337 5186
2337 5241
2337 5324
2337 5387
2337 5657
2337 7076
2337 7253
2337 8265
2337 9272
2337 9389
2337 9708
2337 9740
2337 10236
2337 11421
2338 2345
2338 2603
2338 3111
2338 3919
2338 4452
2338 5180
2338 7722
2338 8812
2338 9433
2338 10481
2338 10621
2338 11333
2338 11354
2338 11434
2338 12064
2338 12312
2338 12515
2339 2776
2339 2813
2339 3648
2339 4922
2339 6527
2339 6676
2339 7132
2339 7138
2339 10448
2339 10637
2339 10780
2339 11945
2339 12528
2340 2469
2340 2483
2340 3921
2340 4371
2340 4869
2340 5265
2340 5576
2340 6899
2340 7110
2340 10016
2341 2475
2341 2781
2341 2838
2341 4140
2341 4393
2341 5272
2341 6178
2341 10198
2341 10599
2341 10910
2341 11819
2341 12489
2341 12513
2342 2770
2342 2955
2342 3598
2342 3639
2342 5406
2342 7116
2342 7261
2342 7457
2342 9277
2342 9309
2342 9972
2342 9978
2342 10594
2342 10675
2342 10692
2342 10998
2342 12210
2343 2344
2343 3445
2343 7037
2343 8400
2343 10938
2343 11221
2344 2347
2344 3445
2344 7037
2344 8400
2344 11221
2344 12325
2345 3111
2345 3919
2345 5180
2345 5273
2345 7722
2345 8812
2345 10481
2345 11434
2345 11679
2346 2721
2346 2962
2346 4233
2346 4517
2346 5083
2346 5438
2346 5483
2346 5571
2346 7222
2346 7260
2346 7551
2346 7754
2346 8376
2346 9664
2346 9771
2346 9916
2346 10650
2347 2459
2347 2981
2347 3445
2347 3758
2347 4861
2347 6296
2347 7037
2347 7982
2347 8400
2347 10764
2347 11221
2347 11673
2347 12325
2348 2549
2348 2811
2348 3107
2348 4387
2348 9074
2348 10470
2348 10532
2348 10590
2348 11285
2348 11555
2348 12208
2349 2908
2349 4217
2349 5298
2349 5299
2349 6149
2349 7804
2349 8637
2349 10899
2349 11959
2349 12117
2349 12165
2350 3459
2350 5064
2350 6117
2350 8156
2350 8288
2350 9248
2350 10316
2350 10461
2350 11364
2350 12433
2351 2353
2351 2699
2351 5330
2351 5887
2351 6154
2351 9101
2351 9965
2351 11701
2352 2618
2352 4300
2352 4336
2352 4495
2352 4903
2352 4984
2352 5466
2352 6878
2352 8355
2352 9365
2352 9689
2352 9920
2352 10925
2352 12629
2353 2699
2353 2870
2353 3349
2353 4074
2353 5793
2353 5977
2353 5982
2353 6154
2353 7770
2353 10820
2353 11940
2353 11965
2353 11979
2353 12026
2353 12576
2354 3346
2354 3519
2354 3826
2354 5918
2354 7559
2354 10307
2354 10329
2354 11240
2354 11758
2355 2362
2355 2909
2355 5612
2355 6038
2355 6859
2355 6971
2355 7021
2355 7698
2355 10816
2355 10828
2355 11760
2355 11911
2356 2978
2356 4720
2356 8219
2356 9123
2356 9342
2356 9828
2356 10743
2356 10765
2356 11040
2356 11582
2356 12220
2357 2716
2357 4188
2357 4434
2357 6694
2357 7843
2357 9714
2357 9715
2357 9787
2357 11376
2357 11822
2357 12495
2358 2368
2358 2989
2358 3313
2358 3404
2358 3674
2358 4076
2358 4252
2358 7372
2358 8197
2358 8339
2358 9423
2358 10172
2358 11731
2359 3991
2359 5618
2359 9717
2359 10001
2359 10167
2359 11537
2360 3710
2360 4061
2360 4333
2360 4439
2360 4684
2360 5255
2360 6548
2360 6583
2360 7089
2360 7263
2360 8200
2360 8208
2360 8777
2360 9589
2360 10101
2360 10108
2360 10207
2361 2388
2361 2423
2361 2533
2361 4458
2361 5061
2361 5132
2361 6027
2361 10186
2361 11898
2362 2938
2362 3499
2362 5055
2362 5612
2362 10653
2362 10816
2362 10828
2362 11760
2363 2489
2363 2610
2363 2728
2363 2739
2363 4925
2363 6444
2363 6537
2363 8050
2363 10041
2363 10058
2363 10142
2363 10720
2363 11001
2364 2374
2364 2429
2364 2743
2364 3746
2364 9280
2364 9521
2365 3727
2365 4440
2365 6979
2365 7078
2365 8246
2365 9534
2365 9834
2365 10728
2366 2414
2366 5000
2366 5113
2366 5704
2366 6094
2366 6386
2366 9207
2366 10290
2366 11039
2367 3990
2367 3999
2367 4005
2367 4769
2367 5396
2367 5430
2367 6165
2367 7675
2367 9393
2367 9397
2367 12248
2368 2989
2368 3404
2368 3937
2368 4587
2368 5062
2368 6987
2368 7024
2368 7366
2368 7372
2368 9231
2368 10172
2369 2653
2369 3603
2369 3804
2369 4244
2369 5992
2369 10303
2369 10317
2369 10535
2369 11700
2369 12138
2369 12521
2370 3962
2370 4275
2370 4339
2370 5743
2370 7142
2370 8290
2370 8350
2370 8424
2371 2615
2371 2876
2371 3084
2371 3309
2371 3843
2371 3988
2371 6021
2371 6392
2371 6469
2371 6735
2371 8205
2371 9670
2371 11783
2371 11809
2372 3169
2372 4153
2372 6388
2372 7307
2372 9183
2372 9731
2372 12442
2373 4988
2373 5380
2373 5975
2373 7200
2373 9072
2373 9109
2373 9582
2373 9908
2373 10439
2373 10454
2373 10462
2373 10465
2373 11958
2373 12257
2374 2429
2374 2569
2374 2657
2374 3995
2374 4763
2374 5975
2374 8893
2374 9280
2375 2387
2375 2887
2375 4605
2375 4656
2375 4841
2375 5201
2375 5249
2375 5600
2375 6123
2375 6528
2375 7789
2376 2389
2376 2915
2376 2926
2376 4284
2376 5093
2376 5096
2376 5449
2376 5702
2376 6917
2376 7066
2376 8114
2376 8410
2376 9121
2377 2610
2377 4593
2377 6452
2377 7560
2377 7780
2377 7923
2377 8992
2377 9200
2377 9566
2377 10755
2377 10831
2377 11500
2378 2703
2378 4002
2378 4993
2378 5612
2378 6055
2378 7357
2378 8442
2378 9448
2378 11911
2379 2698
2379 2985
2379 3657
2379 4106
2379 4692
2379 5914
2379 5916
2379 6584
2379 7252
2379 8144
2379 10951
2380 2468
2380 2479
2380 2711
2380 3599
2380 3785
2380 5710
2380 5860
2380 6079
2380 6307
2380 6721
2380 7476
2380 8573
2380 8699
2380 9135
2380 9166
2380 9331
2380 10489
2380 11512
2380 12228
2381 3522
2381 4064
2381 4776
2381 5703
2381 6484
2381 6805
2381 8357
2381 8806
2381 9242
2381 9264
2381 11245
2381 11712
2382 2408
2382 2788
2382 2977
2382 4770
2382 6053
2382 6241
2382 7326
2382 7338
2382 7990
2382 8912
2382 8962
2382 10055
2382 10234
2382 10241
2382 10663
2382 12212
2383 2515
2383 2977
2383 4751
2383 6053
2383 6950
2383 7102
2383 7288
2383 7816
2383 9729
2384 3728
2384 4195
2384 4799
2384 6008
2384 6623
2384 6945
2384 7384
2384 8815
2384 10631
2384 11740
2384 11975
2384 11987
2384 12169
2384 12191
2384 12254
2384 12485
2385 5049
2385 5740
2385 6695
2385 6837
2385 9075
2385 9134
2385 11678
2385 11884
2386 2512
2386 2590
2386 3047
2386 3970
2386 4334
2386 4340
2386 5436
2386 6148
2386 8184
2386 8417
2386 8821
2386 9132
2386 9649
2386 10025
2387 2416
2387 2494
2387 2680
2387 2887
2387 3525
2387 3780
2387 4044
2387 4135
2387 4656
2387 4841
2387 5249
2387 6856
2387 7198
2387 7710
2387 7738
2387 8689
2387 11213
2387 11652
2388 2423
2388 3419
2388 4087
2388 5061
2388 5132
2388 5134
2388 6001
2388 10186
2388 10526
2388 10593
2388 12035
2388 12100
2388 12139
2388 12436
2389 2915
2389 5702
2389 11817
2390 3799
2390 4979
2390 6544
2390 6691
2390 7176
2390 7642
2390 8852
2390 9626
2390 10249
2391 3925
2391 4561
2391 7938
2391 8288
2391 8328
2391 9085
2391 9248
2391 11023
2392 2399
2392 2415
2392 2572
2392 2961
2392 4423
2392 4742
2392 4999
2392 5040
2392 7322
2392 10130
2392 12255
2393 3521
2393 3655
2393 4916
2393 5405
2393 6410
2393 6467
2393 6487
2393 8648
2393 9221
2393 9250
2393 9568
2393 9996
2394 2896
2394 3641
2394 3706
2394 4803
2394 6650
2394 7283
2394 7387
2394 10111
2394 11358
2394 11514
2395 2919
2395 3699
2395 3903
2395 5252
2395 5364
2395 6457
2395 6803
2395 7496
2395 8396
2395 9275
2396 2443
2396 2639
2396 2717
2396 4662
2396 6434
2396 6517
2396 7912
2396 8150
2396 8879
2396 9953
2396 10393
2396 10997
2397 2599
2397 4612
2397 4639
2397 4744
2397 6373
2397 7911
2397 9324
2398 2399
2398 4064
2398 4120
2398 4123
2398 4508
2398 4750
2398 5203
2398 6484
2398 7322
2398 8357
2398 8463
2398 10120
2398 12255
2399 4120
2399 4123
2399 4742
2399 4750
2399 4999
2399 5203
2399 5681
2399 6095
2399 6484
2399 6820
2399 7322
2399 8185
2399 8463
2399 10120
2399 11706
2399 12255
2400 4895
2400 4902
2400 5735
2400 6947
2400 7567
2400 8321
2400 8710
2400 11137
2400 11189
2400 12221
2401 2885
2401 3039
2401 3172
2401 3174
2401 4181
2401 4424
2401 5145
2401 6942
2401 7098
2401 7393
2401 7498
2401 7557
2401 7655
2401 8069
2401 9527
2401 10183
2401 11252
2401 11729
2402 2508
2402 2771
2402 3929
2402 4737
2402 5820
2402 7182
2402 8959
2402 9686
2402 9709
2402 9789
2402 10281
2402 11387
2403 3156
2403 3593
2403 5138
2403 5253
2403 8180
2403 9276
2403 9278
2404 2876
2404 3148
2404 3704
2404 4812
2404 5232
2404 5602
2404 5869
2404 6688
2404 6832
2404 9188
2404 10714
2405 2718
2405 2849
2405 3120
2405 5027
2405 5400
2405 5990
2405 7792
2405 8273
2405 9394
2405 9488
2405 9973
2405 10191
2405 10848
2405 11132
2405 11409
2406 2752
2406 3063
2406 3401
2406 3905
2406 4038
2406 4514
2406 6341
2406 6669
2406 6982
2406 9844
2406 10171
2406 10173
2406 10690
2407 3004
2407 3813
2407 4826
2407 5290
2407 5455
2407 5583
2407 6494
2407 6665
2407 9420
2407 9583
2407 9672
2408 2788
2408 6783
2408 7293
2408 8341
2408 9918
2408 10241
2408 10663
2408 12212
2408 12279
2409 4755
2409 5247
2409 5407
2409 7100
2409 8513
2409 8554
2409 8567
2409 8725
2409 11566
2410 2608
2410 3933
2410 7672
2410 9991
2411 2413
2411 3227
2411 4848
2411 5090
2411 5098
2411 9175
2411 9982
2412 2786
2412 2904
2412 3012
2412 3750
2412 5869
2412 6599
2413 3227
2413 5098
2413 5408
2413 6617
2413 8028
2413 8669
2413 9175
2413 11599
2414 5000
2414 5113
2414 5704
2414 6094
2414 6876
2414 7669
2414 9976
2414 10057
2415 2572
2415 3726
2415 4308
2415 4383
2415 4423
2415 4776
2415 5040
2415 7060
2415 7322
2415 8390
2415 8957
2415 9572
2415 11712
2415 12255
2416 2494
2416 2680
2416 2900
2416 4634
2416 4656
2416 4870
2416 4922
2416 6527
2416 6676
2416 7738
2416 8689
2416 11762
2417 2603
2417 3608
2417 5180
2417 9433
2417 9648
2417 10138
2417 11175
2418 6397
2418 8855
2418 8899
2418 9145
2418 10670
2419 3239
2419 3256
2419 3663
2419 4288
2419 4292
2419 4343
2419 5019
2419 5752
2419 6066
2419 6284
2419 6726
2419 6967
2419 8792
2419 9746
2420 3513
2420 3652
2420 4556
2420 5074
2420 5094
2420 5910
2420 7665
2420 11766
2420 11771
2420 12604
2421 2541
2421 2548
2421 2608
2421 3292
2421 3294
2421 3420
2421 3689
2421 4678
2421 5662
2421 5875
2421 6419
2421 6854
2421 7781
2421 9406
2421 9750
2421 9990
2421 12242
2422 2586
2422 2623
2422 2731
2422 2810
2422 3139
2422 3168
2422 4302
2422 4762
2422 4819
2422 4944
2422 5363
2422 6822
2422 7512
2422 8382
2422 10757
2422 10995
2423 3169
2423 4153
2423 4458
2423 5061
2423 5132
2423 6027
2423 10049
2423 10186
2423 10400
2423 12100
2423 12139
2424 6992
2424 7614
2424 7701
2424 7825
2424 9252
2424 9282
2424 10089
2424 10609
2424 10921
2424 11616
2425 3015
2425 3204
2425 3590
2425 5184
2425 6879
2425 7444
2425 7682
2425 8230
2425 8683
2425 9412
2425 9954
2425 10704
2425 12593
2425 12594
2426 2628
2426 4615
2426 4861
2426 5754
2426 7070
2426 7124
2426 7827
2426 9829
2426 10821
2427 3522
2427 5865
2427 8178
2427 8373
2427 9242
2427 9444
2427 10683
2427 11245
2427 11247
2428 4141
2428 4469
2428 5086
2428 5136
2428 5427
2428 9240
2428 9564
2428 9732
2428 11038
2428 11727
2429 2743
2429 2918
2429 3908
2429 4737
2429 4794
2429 9280
2429 9521
2429 10564
2429 11609
2429 11674
2430 5597
2430 5846
2430 5853
2430 5943
2430 5973
2430 6281
2430 8555
2430 8618
2430 8714
2430 10043
2430 10301
2430 10822
2430 11182
2430 12400
2430 12425
2430 12678
2431 2860
2431 3506
2431 3830
2431 4464
2431 5769
2431 6547
2431 6613
2431 7058
2431 7381
2431 7472
2431 7648
2431 8411
2431 8519
2431 9061
2431 9800
2431 11251
2431 11528
2431 11672
2432 3370
2432 3688
2432 4275
2432 4339
2432 7315
2432 8424
2432 9640
2432 9818
2432 10010
2432 10524
2432 11438
2433 2546
2433 3009
2433 4248
2433 4756
2433 5022
2433 5825
2433 7247
2433 7427
2433 7450
2433 8504
2433 8655
2433 9774
2433 11585
2433 11778
2433 12223
2434 5487
2434 5514
2434 6240
2434 7389
2434 7597
2434 7839
2434 8048
2434 8561
2434 8630
2434 9110
2434 11770
2435 2695
2435 5437
2435 5854
2435 8887
2435 9190
2435 11580
2435 11653
2435 11832
2435 12393
2436 3518
2436 3742
2436 3816
2436 4274
2436 5725
2436 9354
2436 9911
2437 2663
2437 3449
2437 3906
2437 5505
2437 7168
2437 7396
2437 9474
2437 9926
2437 10086
2437 10556
2438 2460
2438 2483
2438 2588
2438 2916
2438 4365
2438 4371
2438 4777
2438 4869
2438 5071
2438 7729
2439 4379
2439 5390
2439 6042
2439 6494
2439 6540
2439 7650
2439 7760
2439 9350
2439 9420
2439 9426
2440 5549
2440 5811
2440 6568
2440 8271
2440 10211
2440 11747
2441 2622
2441 5520
2441 5720
2441 7636
2441 10945
2441 11641
2441 12295
2442 3864
2442 3990
2442 4595
2442 5579
2442 7955
2442 8053
2442 10056
2442 10604
2442 10771
2442 11765
2443 3290
2443 3527
2443 3788
2443 5329
2443 6434
2443 6501
2443 6517
2443 6840
2443 7685
2443 8051
2443 8150
2443 8879
2443 9491
2443 10269
2443 10685
2443 11046
2444 3066
2444 3798
2444 4248
2444 4980
2444 6903
2444 7439
2444 7709
2444 8202
2444 8676
2444 9774
2444 10037
2444 10088
2445 2782
2445 2803
2445 3258
2445 3557
2445 3817
2445 4079
2445 4223
2445 4401
2445 4521
2445 4525
2445 4596
2445 5109
2445 5864
2445 6248
2445 6764
2445 7042
2445 7184
2445 7492
2445 8005
2445 9483
2445 9813
2445 10057
2445 11688
2446 2842
2446 3615
2446 4101
2446 4291
2446 4767
2446 5333
2446 5823
2446 6593
2446 10320
2446 11319
2446 11522
2446 11883
2446 12032
2446 12055
2446 12183
2446 12213
2446 12525
2447 3049
2447 3249
2447 4363
2447 5415
2447 6701
2447 7298
2447 8301
2447 9158
2447 9763
2447 10698
2448 3406
2448 3927
2448 6561
2448 6829
2448 9238
2448 9341
2448 12227
2449 3413
2449 3733
2449 3817
2449 4055
2449 4525
2449 6601
2449 7143
2449 7210
2449 9177
2449 9363
2449 11009
2449 11496
2450 2482
2450 2499
2450 3696
2450 5020
2450 5532
2450 6188
2450 9674
2450 10763
2451 2735
2451 3469
2451 4336
2451 4790
2451 4903
2451 5150
2451 6499
2451 6535
2451 6736
2451 7043
2451 8110
2451 8413
2451 9230
2451 9954
2451 10704
2452 3070
2452 3462
2452 3471
2452 4398
2452 4670
2452 4883
2452 5240
2452 8243
2452 8322
2452 8574
2452 9595
2452 9683
2452 9721
2452 9751
2452 10342
2453 3246
2453 4358
2453 4879
2453 5655
2453 8877
2453 9030
2453 9336
2453 9358
2453 10028
2453 10074
2453 11694
2454 3544
2454 3964
2454 4484
2454 6388
2454 9979
2454 10412
2454 11207
2454 12442
2455 5296
2455 6215
2455 6468
2455 7072
2455 7285
2455 10975
2455 11916
2455 11928
2455 12583
2456 2773
2456 3212
2456 5020
2456 7111
2456 7844
2456 7872
2456 9015
2456 10202
2456 12199
2456 12440
2457 2913
2457 3250
2457 3776
2457 3984
2457 5288
2457 7067
2458 2869
2458 3235
2458 3491
2458 4117
2458 4237
2458 5241
2458 5657
2458 5997
2458 7687
2458 8501
2458 9178
2458 9389
2458 11866
2459 2758
2459 2981
2459 3065
2459 3381
2459 4861
2459 6932
2459 7982
2459 10764
2459 11673
2460 2588
2460 2969
2460 2980
2460 3233
2460 4305
2460 4365
2460 4777
2460 5576
2460 6789
2460 7193
2460 7729
2460 8361
2460 8363
2460 9717
2460 10001
2460 11507
2461 3520
2461 3541
2461 5447
2461 6105
2461 6598
2461 6890
2461 7541
2461 7608
2461 8090
2461 9297
2461 9566
2461 10754
2461 12281
2462 2757
2462 3615
2462 4767
2462 5614
2462 5685
2462 6002
2462 6593
2462 7743
2463 2826
2463 2868
2463 3134
2463 3235
2463 6272
2463 6495
2463 7646
2463 7877
2463 9509
2463 9740
2463 10936
2463 11424
2463 12260
2463 12481
2464 2566
2464 2871
2464 2886
2464 3121
2464 5522
2464 5789
2464 6670
2464 8474
2464 10187
2464 10833
2464 11677
2464 12662
2465 2480
2465 3235
2465 3826
2465 3847
2465 4828
2465 5695
2465 5871
2465 7076
2465 9740
2465 10236
2465 10696
2465 11421
2466 3142
2466 3781
2466 4169
2466 4301
2466 5291
2466 5301
2466 5326
2466 5539
2466 6133
2466 6557
2466 6921
2466 7659
2466 10794
2466 10933
2466 11069
2466 11509
2467 3028
2467 5906
2467 6806
2467 7219
2467 7846
2467 8434
2467 9692
2467 9801
2467 10742
2467 11640
2467 12303
2468 2479
2468 3599
2468 5860
2468 6721
2468 9946
2468 11512
2469 2483
2469 3921
2469 4371
2469 4869
2469 5265
2469 5576
2469 10016
2470 2562
2470 2702
2470 2747
2470 2991
2470 3950
2470 4775
2470 4865
2470 6711
2470 6727
2470 9881
2470 10378
2470 11526
2471 3600
2471 3684
2471 3742
2471 5260
2471 5521
2471 5980
2471 8752
2471 9052
2471 9214
2471 9547
2471 12307
2472 4731
2472 5811
2472 6679
2472 7029
2472 8423
2472 8507
2472 9407
2472 9949
2472 10211
2472 10979
2472 11351
2472 11649
2472 11941
2472 12286
2473 2793
2473 4786
2473 5148
2473 5202
2473 5204
2473 5207
2473 6677
2473 7131
2473 8280
2473 8443
2473 10196
2473 11663
2474 2890
2474 3813
2474 4611
2474 4780
2474 4902
2474 8754
2474 11100
2474 11562
2475 2781
2475 4140
2475 6178
2475 6515
2475 7164
2475 7998
2475 10219
2476 5960
2476 6418
2476 9589
2476 10108
2476 11070
2476 11105
2477 3831
2477 4757
2477 4945
2477 4949
2477 5339
2477 5985
2477 6560
2477 6809
2477 7308
2477 8854
2477 10917
2477 11005
2477 11219
2477 11226
2477 11598
2478 2651
2478 3216
2478 3244
2478 3257
2478 3663
2478 4975
2478 5100
2478 5133
2478 5839
2478 5879
2478 5954
2478 5957
2478 6533
2478 7095
2478 7619
2478 7904
2478 8199
2478 8293
2478 10815
2478 10901
2478 12384
2478 12480
2479 3599
2479 5710
2479 8489
2479 9166
2479 9946
2479 10489
2479 11512
2480 5871
2480 7076
2480 10236
2480 10238
2480 10696
2480 11421
2481 2932
2481 2980
2481 3233
2481 3748
2481 5185
2481 7071
2481 7500
2481 11274
2482 2484
2482 3696
2482 3774
2482 4725
2482 4727
2482 7920
2482 9203
2482 9257
2482 9674
2482 10014
2483 2916
2483 3921
2483 4371
2483 4869
2483 5071
2483 6901
2483 7110
2483 7165
2483 10016
2484 3696
2484 4725
2484 4727
2484 4745
2484 7791
2484 7897
2484 7898
2484 7920
2484 9203
2484 10014
2485 2686
2485 3409
2485 3636
2485 3831
2485 3882
2485 3967
2485 5339
2485 6346
2485 7739
2485 7899
2485 8358
2485 9271
2486 3204
2486 3206
2486 4542
2486 4678
2486 5580
2486 7930
2486 8145
2486 8232
2486 8809
2486 10510
2486 11118
2486 11195
2487 3125
2487 4221
2487 4642
2487 5562
2487 6950
2487 7326
2487 7816
2487 8149
2487 8769
2488 4555
2488 4760
2488 6763
2488 7520
2488 8855
2488 8899
2488 9192
2488 9266
2488 9300
2488 11930
2488 12104
2488 12597
2488 12656
2489 2538
2489 2739
2489 3152
2489 3668
2489 4648
2489 4925
2489 6444
2489 6537
2489 7065
2489 8050
2489 8485
2489 9155
2489 9208
2489 10142
2489 10558
2489 12079
2490 2804
2490 3022
2490 3863
2490 3866
2490 3887
2490 4261
2490 4641
2490 4822
2490 5164
2490 5274
2490 7702
2490 7833
2490 9476
2490 9546
2490 10333
2490 10365
2490 11971
2491 2965
2491 3013
2491 4309
2491 4743
2491 4772
2491 6600
2491 7383
2491 7386
2491 7892
2491 9294
2491 9334
2491 9549
2491 11359
2491 11399
2491 12014
2492 3574
2492 3942
2492 4317
2492 5664
2492 7055
2492 7231
2492 8204
2492 8404
2492 9085
2492 10566
2492 11074
2492 11622
2493 4250
2493 5683
2493 9220
2493 9412
2493 12362
2494 2680
2494 2900
2494 4634
2494 4742
2494 6676
2494 7710
2494 7738
2494 11213
2495 2798
2495 3031
2495 3309
2495 3494
2495 3988
2495 4652
2495 7099
2495 9761
2495 11783
2496 2701
2496 3230
2496 3732
2496 6139
2496 6212
2496 6478
2496 6715
2496 8226
2496 9070
2496 9352
2496 11948
2497 4290
2497 5245
2497 5693
2497 5701
2497 6179
2497 6858
2497 7740
2497 10388
2497 10420
2497 11757
2497 11849
2498 2962
2498 4020
2498 4268
2498 5041
2498 7235
2498 7845
2498 8906
2498 9916
2498 10144
2498 10262
2499 3554
2499 4456
2499 5020
2499 6651
2499 6800
2499 6929
2499 7844
2499 11541
2500 2981
2500 3065
2500 3381
2500 4132
2500 4142
2500 4320
2500 5991
2500 6420
2500 6462
2500 6482
2500 7056
2500 9147
2500 9280
2500 10764
2501 2502
2501 3014
2501 4963
2501 6023
2501 7026
2501 7053
2501 7699
2501 9239
2501 11282
2502 3014
2502 3771
2502 4833
2502 4931
2502 6023
2502 7026
2502 7028
2502 7699
2502 11282
2502 12283
2503 3023
2503 3135
2503 3825
2503 3901
2503 9824
2503 9849
2503 9939
2503 10774
2503 11491
2504 2738
2504 3251
2504 3917
2504 4030
2504 5610
2504 5687
2504 5689
2504 6973
2504 10696
2504 10934
2504 11618
2505 2973
2505 3358
2505 3529
2505 3649
2505 4659
2505 4960
2505 4969
2505 5353
2505 5476
2505 6549
2505 6923
2505 9030
2505 10661
2505 10686
2506 2964
2506 3939
2506 4852
2506 5517
2506 5867
2506 7218
2506 7219
2506 8434
2506 10855
2506 10871
2506 11089
2506 11101
2507 2528
2507 2820
2507 3004
2507 4158
2507 4491
2507 5844
2507 6665
2507 7022
2507 7216
2507 7413
2507 8510
2507 9261
2507 10102
2508 2569
2508 3908
2508 3929
2508 4737
2508 5820
2508 7182
2508 10281
2508 11387
2508 11609
2509 3743
2509 4105
2509 6063
2509 10214
2510 3636
2510 3638
2510 3882
2510 4158
2510 4683
2510 5088
2510 5844
2510 6264
2510 6401
2510 6725
2510 6924
2510 8503
2510 8510
2510 9261
2510 9347
2510 10102
2510 10174
2511 2795
2511 3855
2511 4426
2511 4589
2511 6029
2511 6482
2511 6587
2511 6742
2511 8893
2511 9675
2511 10231
2511 11402
2512 2590
2512 3047
2512 3057
2512 3970
2512 4334
2512 4340
2512 4956
2512 5417
2512 5436
2512 5780
2512 5849
2512 6973
2512 7286
2512 9132
2513 3350
2513 4644
2513 4937
2513 5851
2513 7360
2513 8418
2513 8436
2513 9878
2513 10221
2513 10975
2513 11260
2513 11817
2514 2592
2514 4717
2514 6026
2514 6033
2514 6539
2514 6684
2514 7297
2514 7536
2514 8447
2514 10798
2514 11241
2514 12030
2515 2977
2515 3269
2515 4206
2515 4759
2515 6950
2515 7102
2515 7288
2515 7816
2515 8028
2515 8149
2515 8628
2515 8769
2515 8932
2515 10055
2515 12610
2516 3208
2516 5192
2516 5365
2516 6153
2516 6691
2516 8852
2516 8903
2516 9626
2516 10249
2516 11795
2517 2710
2517 2754
2517 3104
2517 3422
2517 3548
2517 4379
2517 4485
2517 4919
2517 5585
2517 5623
2517 5760
2517 7154
2517 8169
2517 8696
2517 9223
2517 9350
2517 9950
2517 10312
2517 10479
2517 10952
2517 11183
2517 11185
2517 11214
2517 11685
2517 11705
2517 11842
2518 2524
2518 3587
2518 5097
2518 7214
2518 7645
2518 7798
2518 7910
2518 8633
2518 9936
2519 4952
2519 5903
2519 6186
2519 6229
2519 6292
2519 7476
2519 8573
2519 8699
2519 8741
2519 11625
2519 12344
2520 2616
2520 3000
2520 3800
2520 4494
2520 4962
2520 4982
2520 5107
2520 5388
2520 5729
2520 6013
2520 6048
2520 6244
2520 6774
2520 7633
2520 8176
2520 8259
2520 8314
2520 8391
2520 9095
2520 9469
2520 9608
2520 11291
2520 11494
2520 11645
2520 12258
2521 3318
2521 5123
2521 5785
2521 5854
2521 5961
2521 6213
2521 6252
2521 7515
2521 8603
2521 8623
2521 8625
2521 8746
2521 8887
2521 9383
2521 9630
2521 11656
2521 11693
2521 12347
2522 2610
2522 4482
2522 6841
2522 7780
2522 8992
2522 9905
2522 10239
2522 10468
2522 11001
2522 11359
2522 12280
2523 3678
2523 4446
2523 4995
2523 5153
2523 5360
2523 6683
2523 7708
2523 9799
2523 9821
2523 11730
2523 11810
2523 12218
2523 12239
2523 12268
2524 3587
2524 3934
2524 5108
2524 6927
2524 7645
2524 7798
2524 7910
2524 9936
2525 2988
2525 3030
2525 3421
2525 4155
2525 5294
2525 5698
2525 6692
2525 7610
2525 8022
2525 8511
2525 9305
2525 9924
2525 11666
2526 2965
2526 4779
2526 6546
2526 7402
2526 7552
2526 8210
2526 8803
2526 9286
2526 9287
2527 3330
2527 4543
2527 4857
2527 5121
2527 6654
2527 8181
2527 9628
2528 2820
2528 4021
2528 4059
2528 7022
2528 7413
2528 8510
2528 9162
2528 9261
2529 3657
2529 6578
2529 6925
2529 7221
2529 8297
2529 8550
2529 8639
2529 9079
2529 10107
2529 11133
2529 12308
2530 2532
2530 3090
2530 3777
2530 4704
2530 9323
2530 9442
2530 9641
2531 2822
2531 3092
2531 3571
2531 6904
2531 7597
2531 8561
2531 8585
2531 8588
2531 9003
2531 11552
2531 12082
2531 12690
2532 3090
2532 3777
2532 3886
2532 4704
2532 7303
2532 8450
2532 10328
2533 3107
2533 5132
2533 5134
2533 7036
2533 7069
2533 7212
2533 9080
2534 3095
2534 3185
2534 4558
2534 5311
2534 6674
2534 6747
2534 7318
2534 8953
2534 10748
2534 11051
2534 11388
2534 11779
2534 12358
2534 12675
2535 2632
2535 2788
2535 5311
2535 5966
2535 7155
2535 7293
2535 8329
2535 10713
2536 2660
2536 2802
2536 3331
2536 4654
2536 4723
2536 5177
2536 5457
2536 5867
2536 6086
2536 7219
2536 10127
2536 10217
2536 10321
2536 10603
2536 10976
2536 11112
2537 2631
2537 2719
2537 2740
2537 2841
2537 3380
2537 3578
2537 3697
2537 3925
2537 4372
2537 4701
2537 6450
2537 6510
2537 7995
2537 11761
2538 3482
2538 4648
2538 5588
2538 6444
2538 7000
2538 7065
2538 7271
2538 7823
2538 8449
2538 8485
2538 8863
2538 9599
2538 12079
2539 3290
2539 3731
2539 3788
2539 4062
2539 4496
2539 5444
2539 6151
2539 6501
2539 6517
2539 7085
2539 7586
2539 7912
2539 8850
2539 9245
2540 2548
2540 3189
2540 4162
2540 4857
2540 5662
2540 6854
2540 7787
2540 8181
2540 9289
2540 9628
2540 9991
2541 3292
2541 3294
2541 3420
2541 3689
2541 4009
2541 4678
2541 5875
2541 6419
2541 8789
2541 9193
2541 9406
2541 9750
2541 10510
2542 3579
2542 3967
2542 4148
2542 4245
2542 4740
2542 5376
2542 6160
2542 6301
2542 6523
2542 7611
2542 7868
2542 8673
2542 10459
2542 10991
2542 11909
2542 12330
2543 2626
2543 3099
2543 4040
2543 4048
2543 6751
2543 6978
2543 7454
2543 9438
2543 10926
2544 5195
2544 6978
2544 7454
2544 7599
2544 8651
2544 9438
2544 11390
2544 12566
2545 5009
2545 5640
2545 6070
2545 6305
2545 6317
2545 6335
2545 6697
2545 7323
2545 7421
2545 8724
2545 9349
2545 9495
2545 9967
2546 3009
2546 4048
2546 4163
2546 4248
2546 4756
2546 5825
2546 7439
2546 7452
2546 7709
2546 8504
2546 9774
2546 12223
2547 4157
2547 5028
2547 5667
2547 6980
2547 7902
2547 8724
2547 10309
2547 10707
2547 10752
2548 3420
2548 5121
2548 5662
2548 5875
2548 6854
2548 7781
2548 7787
2548 8181
2548 9628
2548 12242
2549 2811
2549 2883
2549 3026
2549 4519
2549 7068
2549 8158
2549 9074
2549 9143
2549 9293
2549 9716
2549 10532
2549 10590
2549 10787
2549 11555
2549 11797
2550 3089
2550 4537
2550 6778
2550 6813
2550 6960
2550 7388
2550 8264
2550 9446
2550 9514
2550 10559
2550 10872
2550 10888
2550 11143
2550 11321
2550 11455
2550 11738
2550 12570
2551 4619
2551 6550
2551 7614
2551 7883
2551 7970
2551 8125
2551 8282
2551 8840
2551 8915
2551 9416
2551 9744
2551 11487
2551 12315
2551 12447
2552 2922
2552 4117
2552 4212
2552 4524
2552 5324
2552 5387
2552 5657
2552 5815
2552 5997
2552 6707
2552 6708
2552 6995
2552 7253
2552 7487
2552 7605
2552 7617
2553 3078
2553 5004
2553 6396
2553 6558
2553 6783
2553 7343
2553 7919
2553 8370
2553 8438
2553 9344
2553 12222
2554 3912
2554 4938
2554 5722
2554 5880
2554 7338
2554 8912
2554 9279
2554 10234
2554 10292
2554 10375
2554 11045
2554 11048
2555 3076
2555 4027
2555 4037
2555 6061
2555 6628
2555 8191
2556 2806
2556 3387
2556 3452
2556 3582
2556 4160
2556 4681
2556 5989
2556 9211
2557 2559
2557 2561
2557 4335
2557 10924
2557 10930
2557 10980
2557 11705
2558 2688
2558 3305
2558 3457
2558 3504
2558 3911
2558 3915
2558 4455
2558 4875
2558 6363
2558 11615
2559 2561
2559 4335
2559 5905
2559 6955
2559 7501
2559 8379
2559 9255
2559 10924
2559 10930
2559 10980
2559 11584
2560 2789
2560 5620
2560 5795
2560 7703
2560 7950
2560 8597
2560 9176
2560 12215
2560 12348
2561 4093
2561 5905
2561 7501
2561 8379
2561 9891
2561 10440
2561 10924
2561 10930
2561 10980
2561 11335
2561 11705
2561 11973
2561 11998
2561 12507
2562 2991
2562 4775
2562 5076
2562 6727
2562 7568
2562 9881
2562 11187
2562 11439
2562 12517
2563 3012
2563 3815
2563 4277
2563 6371
2563 6399
2563 7469
2563 8378
2563 8827
2563 9443
2563 9625
2563 10115
2563 10305
2563 10353
2563 10897
2563 11034
2563 11745
2563 12479
2564 2894
2564 2956
2564 6399
2564 6405
2564 7130
2564 7408
2564 9615
2564 11025
2564 11028
2565 2791
2565 3836
2565 5429
2565 6506
2565 6714
2565 9120
2566 2886
2566 5893
2566 5906
2566 6368
2566 8474
2566 8702
2566 10187
2566 10836
2566 11298
2566 11600
2566 11677
2566 12381
2566 12662
2567 3125
2567 3177
2567 4382
2567 4606
2567 4912
2567 5524
2567 6327
2567 6739
2567 7337
2567 7816
2567 7933
2567 8475
2567 9696
2567 9729
2567 9826
2567 10359
2567 11220
2567 11659
2567 12443
2568 2835
2568 2967
2568 3101
2568 5596
2568 7142
2568 8162
2568 8290
2568 8350
2568 9552
2568 9958
2568 12133
2568 12496
2569 3908
2569 3929
2569 4764
2569 4928
2569 5820
2569 5975
2569 7200
2569 10281
2569 12298
2569 12409
2570 2793
2570 5986
2570 6778
2570 7079
2570 7388
2570 9514
2570 11944
2571 4536
2571 5489
2571 5768
2571 5833
2571 6394
2571 6508
2571 7136
2571 7227
2571 8172
2571 8288
2571 8295
2571 8524
2571 9492
2571 9554
2571 11330
2572 2961
2572 3726
2572 4308
2572 5040
2572 6738
2572 8390
2572 8957
2572 9572
2572 11594
2572 12255
2573 2833
2573 3744
2573 4597
2573 6146
2573 7524
2573 7578
2573 9711
2573 10345
2573 10352
2573 10502
2573 10585
2573 12056
2573 12508
2574 4460
2574 5235
2574 5434
2574 5547
2574 6051
2574 7442
2574 7775
2574 7896
2574 8372
2574 8467
2574 8497
2574 9467
2574 10289
2574 10369
2574 11799
2574 11991
2575 2577
2575 4220
2575 4747
2575 7032
2575 7583
2575 10351
2575 11263
2575 11970
2575 12059
2576 2689
2576 4006
2576 4657
2576 8060
2576 9413
2576 9873
2576 10054
2576 10068
2576 10725
2576 11257
2577 4503
2577 7032
2577 7362
2577 7583
2577 10383
2577 11263
2577 11970
2577 12059
2578 2634
2578 3117
2578 3341
2578 3721
2578 5502
2578 5607
2578 5882
2578 8155
2578 8867
2578 9145
2578 9745
2579 2764
2579 5671
2579 7625
2579 8672
2579 9329
2579 11163
2579 11167
2579 11802
2579 12660
2580 5025
2580 7088
2580 7300
2580 10854
2580 10894
2580 10960
2580 10971
2580 11181
2580 11444
2580 11696
2581 3198
2581 3659
2581 4238
2581 5797
2581 6553
2581 9359
2581 9882
2581 10883
2581 10887
2581 10940
2581 11153
2581 11309
2581 11322
2581 11375
2581 11464
2581 12633
2582 3959
2582 5599
2582 7634
2582 8785
2582 8966
2582 9728
2582 10382
2582 10553
2582 11157
2582 11343
2582 12289
2582 12546
2583 3199
2583 4016
2583 4093
2583 5465
2583 5905
2583 6345
2583 6884
2583 7133
2583 11347
2584 2694
2584 2953
2584 3320
2584 3724
2584 4680
2584 6130
2584 6621
2584 7653
2584 9786
2584 10346
2584 10573
2584 11035
2584 11860
2584 11986
2584 12041
2584 12063
2584 12491
2585 3437
2585 3438
2585 3658
2585 3853
2585 5467
2585 7135
2585 7483
2585 8349
2585 8412
2585 8846
2585 9832
2585 10715
2585 11396
2585 11506
2585 12411
2586 2623
2586 2810
2586 3168
2586 4302
2586 4804
2586 4838
2586 4998
2586 8382
2586 9221
2586 9250
2586 10777
2587 2687
2587 3021
2587 3773
2587 6072
2587 6965
2587 7796
2587 8827
2587 8837
2587 9992
2587 10096
2587 10483
2587 11053
2588 2916
2588 2969
2588 4289
2588 4305
2588 4365
2588 4582
2588 5071
2588 5643
2588 6118
2588 6679
2588 7029
2588 7729
2588 9384
2588 9429
2588 11351
2588 11649
2588 12632
2589 4653
2589 4673
2589 4700
2589 4835
2589 5034
2589 5658
2589 6279
2589 6845
2589 9718
2589 11547
2590 3057
2590 3213
2590 3472
2590 3610
2590 3770
2590 4334
2590 4336
2590 4956
2590 5021
2590 5849
2590 6499
2590 6786
2590 8821
2590 9132
2590 9649
2590 9848
2590 10132
2590 11024
2591 2976
2591 3563
2591 3965
2591 4214
2591 5279
2591 5828
2591 8530
2591 9596
2591 10135
2591 11596
2592 4717
2592 6026
2592 6033
2592 6493
2592 6539
2592 6710
2592 7297
2592 7717
2592 8209
2592 10798
2592 11241
2593 2995
2593 4285
2593 5152
2593 5345
2593 6223
2593 7064
2593 7160
2593 7255
2593 9531
2593 9953
2593 10087
2593 10534
2594 3083
2594 4245
2594 5376
2594 6560
2594 6637
2594 6968
2594 7010
2594 7118
2594 7120
2594 9396
2594 9530
2594 9884
2594 10713
2594 11219
2594 11907
2594 11909
2595 3322
2595 4395
2595 5126
2595 5210
2595 5852
2595 7493
2595 7606
2595 7793
2595 9403
2595 9611
2595 9762
2595 11190
2595 11279
2596 4774
2596 5111
2596 5727
2596 5779
2596 5792
2596 6034
2596 7379
2596 7680
2596 8917
2596 9806
2596 10394
2597 2966
2597 3170
2597 3286
2597 3344
2597 4083
2597 4317
2597 6054
2597 6750
2597 7932
2597 8404
2597 9338
2597 9809
2598 3049
2598 3716
2598 4932
2598 5415
2598 6701
2598 7660
2598 9158
2598 9763
2598 10082
2598 10153
2599 2698
2599 3035
2599 3086
2599 3143
2599 4139
2599 4639
2599 4808
2599 6373
2599 7447
2599 7911
2599 9243
2599 9324
2599 11859
2600 3253
2600 4393
2600 4528
2600 5855
2600 9258
2600 9699
2600 9907
2600 10198
2600 10578
2600 10599
2600 10724
2600 11246
2601 6056
2601 10213
2601 10637
2601 10839
2601 10841
2601 11059
2601 11478
2601 12001
2601 12070
2601 12528
2602 5526
2602 6464
2602 6882
2602 6962
2602 7145
2602 7941
2602 9741
2602 10549
2602 11749
2603 3608
2603 4452
2603 5180
2603 7722
2603 8812
2603 9433
2603 9648
2603 10138
2604 2973
2604 3754
2604 3808
2604 5048
2604 5137
2604 5182
2604 5513
2604 6524
2604 7240
2604 10204
2604 11020
2604 11838
2605 2707
2605 6174
2605 6192
2605 6743
2605 9283
2605 10784
2605 10834
2605 11083
2605 11099
2605 11102
2605 11139
2605 11228
2605 11255
2606 2778
2606 3708
2606 5012
2606 9295
2606 11670
2607 3215
2607 4294
2607 5522
2607 5724
2607 6670
2607 8429
2607 9735
2607 10103
2607 10869
2607 10961
2608 3189
2608 3933
2608 5662
2608 6419
2608 6854
2608 9406
2609 2851
2609 3032
2609 3582
2609 4262
2609 4879
2609 5561
2609 10170
2609 11744
2610 2778
2610 5921
2610 6444
2610 6537
2610 7780
2610 8992
2610 9200
2610 9566
2610 10041
2610 10058
2610 10468
2610 11001
2610 11359
2611 2862
2611 3112
2611 4511
2611 5178
2611 5995
2611 6514
2611 6916
2611 7769
2611 8023
2611 8523
2611 8766
2611 10506
2611 10813
2611 11839
2612 2959
2612 4279
2612 4461
2612 4953
2612 6574
2612 7064
2612 8031
2612 8062
2612 8248
2612 8287
2612 8551
2612 8869
2612 9228
2612 9794
2612 10046
2613 3305
2613 3575
2613 3716
2613 3909
2613 3911
2613 3915
2613 4150
2613 4932
2613 6701
2613 7637
2613 7660
2613 9158
2613 9763
2613 10082
2613 10758
2613 11209
2613 11551
2613 11730
2614 3866
2614 4156
2614 5984
2614 6187
2614 6486
2614 7728
2614 8198
2614 8799
2614 10129
2614 11634
2614 12325
2615 3309
2615 3843
2615 3963
2615 4475
2615 6021
2615 6110
2615 6319
2615 6392
2615 6511
2615 9670
2615 9853
2615 10939
2615 11091
2615 11357
2615 11783
2615 11809
2616 3613
2616 3800
2616 5388
2616 5389
2616 5913
2616 6049
2616 7751
2616 8786
2616 9457
2616 9469
2616 9608
2616 12258
2617 2891
2617 3953
2617 5159
2617 5268
2617 5419
2617 5922
2617 6878
2617 8327
2617 9129
2617 11249
2617 11490
2618 2695
2618 2792
2618 3953
2618 4254
2618 4300
2618 4495
2618 4984
2618 8327
2618 8355
2618 9150
2618 9262
2618 9365
2618 9689
2618 9920
2618 10607
2619 3340
2619 4366
2619 4617
2619 4705
2619 4841
2619 4935
2619 5201
2619 5600
2619 6238
2619 6351
2619 6528
2619 7486
2619 7681
2619 7730
2619 9031
2619 9601
2619 10568
2619 10920
2619 11103
2619 11652
2619 11963
2619 12329
2619 12446
2620 3205
2620 3310
2620 3350
2620 4018
2620 5511
2620 5651
2620 6260
2620 6372
2620 6961
2620 8787
2620 8828
2620 10641
2620 11310
2620 11407
2620 11825
2620 11971
2621 3666
2621 4739
2621 5294
2621 5698
2621 5842
2621 7778
2621 9778
2621 10082
2621 11666
2622 3560
2622 5520
2622 5720
2622 7579
2622 10735
2622 11641
2623 2810
2623 4302
2623 5363
2623 8433
2623 9221
2623 10777
2624 3483
2624 4997
2624 6731
2624 10376
2625 4981
2625 9345
2625 9579
2625 10797
2625 10966
2625 11141
2625 11184
2625 11194
2625 11445
2625 12420
2626 4040
2626 6751
2626 6863
2626 6978
2626 8591
2626 10926
2627 2727
2627 2780
2627 2856
2627 4655
2627 4793
2627 5694
2627 6009
2627 6667
2627 7178
2627 8189
2627 9186
2627 10496
2627 10554
2628 3208
2628 4621
2628 4861
2628 5548
2628 7070
2628 7124
2628 9829
2628 9986
2628 11041
2629 2910
2629 2914
2629 3840
2629 5736
2629 6156
2629 8795
2629 9833
2629 9892
2630 2771
2630 4194
2630 4225
2630 7027
2630 8190
2630 8775
2630 9681
2630 10548
2631 2719
2631 3380
2631 3821
2631 3925
2631 4296
2631 4701
2631 6450
2631 6510
2631 7995
2632 3307
2632 5311
2632 6641
2632 9138
2633 4061
2633 5255
2633 5751
2633 7089
2633 8426
2633 9589
2633 10943
2633 11087
2633 12458
2634 3606
2634 3721
2634 4128
2634 4380
2634 5502
2634 5607
2634 6768
2634 7471
2634 8155
2634 8867
2634 9613
2634 9671
2634 9819
2634 10030
2634 10660
2634 11266
2635 2730
2635 3587
2635 4163
2635 4959
2635 5195
2635 6927
2635 7214
2635 7250
2635 7776
2635 8117
2635 10560
2635 11390
2636 3079
2636 3702
2636 4403
2636 4604
2636 5005
2636 5013
2636 5172
2636 5224
2636 6247
2636 6308
2636 9036
2636 9353
2636 9581
2637 3411
2637 3429
2637 4989
2637 5966
2637 7158
2637 8419
2637 9379
2637 9619
2637 9864
2637 10254
2638 4377
2638 5496
2638 5915
2638 5928
2638 8715
2638 10849
2639 3284
2639 4279
2639 4461
2639 7085
2639 7211
2639 7258
2639 8031
2639 8248
2639 8522
2639 8685
2639 8869
2639 9953
2639 10393
2639 10487
2640 2840
2640 3262
2640 4766
2640 5380
2640 6521
2640 8162
2640 8775
2640 9779
2640 10424
2640 10548
2641 2756
2641 2818
2641 3376
2641 4384
2641 4562
2641 4938
2641 5880
2641 6719
2641 8315
2641 10044
2641 10193
2641 12339
2642 2789
2642 3300
2642 5442
2642 5620
2642 6793
2642 7713
2642 9395
2642 9457
2642 9469
2642 10744
2643 3288
2643 4007
2643 5527
2643 6158
2643 8183
2643 10300
2643 10577
2643 12122
2643 12655
2644 2774
2644 3217
2644 3285
2644 3431
2644 5562
2644 6180
2644 6291
2644 8924
2644 9279
2644 10832
2645 2853
2645 3371
2645 4674
2645 5105
2645 5392
2645 5663
2645 6112
2645 6332
2645 7686
2645 9196
2645 12125
2646 2941
2646 3653
2646 3778
2646 7246
2646 7752
2646 9370
2646 9775
2646 9900
2646 10274
2646 11560
2646 11698
2646 12231
2647 2836
2647 3357
2647 3365
2647 3442
2647 4311
2647 4603
2647 4614
2647 5836
2647 7170
2647 7979
2647 8497
2647 8646
2647 8650
2647 8870
2647 8873
2647 9041
2647 10289
2647 11815
2647 11991
2647 12466
2648 3385
2648 3973
2648 8323
2648 8801
2648 8834
2648 8892
2648 12103
2648 12113
2648 12179
2648 12598
2648 12644
2648 12658
2649 3437
2649 3438
2649 3658
2649 3853
2649 9941
2649 11301
2649 11470
2650 2970
2650 3060
2650 6424
2650 7556
2650 9348
2650 9693
2650 10227
2650 10332
2650 10334
2651 2800
2651 3244
2651 3663
2651 3838
2651 4785
2651 5133
2651 5369
2651 5879
2651 5957
2651 6310
2651 8293
2651 9507
2651 9746
2652 3742
2652 4316
2652 5631
2652 7086
2652 9052
2652 9114
2652 9137
2652 9547
2652 9925
2653 3603
2653 3804
2653 4244
2653 5992
2653 6456
2653 6953
2653 7961
2653 9311
2653 9425
2653 10255
2653 11700
2654 2660
2654 3332
2654 4567
2654 4944
2654 6413
2654 7134
2654 7150
2654 9842
2654 10401
2654 10603
2654 10757
2654 11638
2655 4215
2655 4566
2655 4672
2655 6928
2655 8658
2655 9753
2655 10808
2656 5081
2656 8370
2656 9175
2656 9982
2656 11601
2656 12212
2656 12222
2657 3995
2657 4320
2657 4988
2657 5975
2657 8893
2657 9280
2657 12257
2658 3528
2658 3931
2658 4807
2658 5422
2658 5446
2658 5731
2658 6874
2658 7539
2658 7773
2658 7983
2658 8107
2658 8226
2658 9548
2658 10179
2658 11237
2658 12581
2658 12592
2659 2838
2659 3443
2659 3488
2659 3584
2659 6005
2659 6178
2659 6591
2659 6761
2659 7615
2659 7616
2659 9797
2659 11205
2660 2731
2660 3332
2660 4723
2660 4762
2660 4819
2660 4944
2660 6086
2660 7150
2660 7926
2660 9654
2660 10127
2660 10217
2660 10321
2660 10603
2660 10757
2660 11570
2660 11603
2660 11638
2660 11716
2661 3237
2661 4165
2661 7456
2661 8130
2661 8929
2661 9375
2661 11769
2662 2679
2662 3010
2662 3115
2662 3229
2662 3403
2662 3407
2662 4211
2662 4490
2662 4554
2662 4831
2662 6681
2662 7677
2662 7951
2662 8193
2662 9807
2662 11040
2662 11582
2663 3449
2663 4967
2663 5505
2663 5529
2663 7168
2663 7280
2663 7396
2663 8644
2663 9474
2663 10711
2663 11422
2663 11811
2664 2668
2664 5337
2664 7202
2664 7294
2664 7771
2664 11271
2664 12087
2664 12108
2665 4631
2665 6106
2665 6657
2665 7406
2665 10741
2665 11680
2666 2831
2666 5258
2666 6784
2666 7294
2666 7328
2666 8335
2666 9730
2666 12058
2667 3128
2667 4723
2667 5286
2667 7237
2667 8220
2667 8764
2667 9680
2667 10072
2667 10148
2668 3337
2668 4052
2668 4145
2668 4515
2668 5632
2668 6581
2668 7202
2668 7294
2668 7328
2668 7689
2668 7865
2668 8817
2668 8826
2668 12108
2669 3514
2669 3629
2669 3894
2669 5554
2669 5762
2669 5769
2669 7648
2669 8411
2669 8914
2669 9493
2669 9800
2669 11389
2670 4594
2670 5359
2670 6431
2670 6442
2670 6664
2670 6818
2670 9539
2670 12142
2671 3884
2671 4244
2671 4802
2671 5254
2671 5602
2671 7961
2671 9188
2671 10259
2671 10367
2671 10423
2671 10795
2671 11820
2671 11947
2671 12015
2671 12138
2672 2945
2672 3005
2672 3314
2672 3421
2672 4043
2672 4155
2672 4632
2672 4997
2672 5010
2672 6325
2672 7248
2672 7416
2672 7747
2672 8312
2672 8622
2672 8677
2672 10376
2673 3862
2673 5653
2673 6071
2673 8667
2673 8983
2673 9037
2673 9559
2673 10812
2673 11816
2673 12672
2674 2788
2674 4552
2674 5081
2674 5868
2674 8046
2674 8074
2674 8974
2674 12212
2674 12350
2675 3460
2675 3962
2675 4488
2675 4520
2675 4948
2675 7195
2675 7746
2675 12460
2676 3324
2676 4308
2676 4413
2676 4423
2676 4685
2676 4893
2676 5402
2676 5472
2676 7060
2676 9866
2676 9912
2676 10517
2677 4728
2677 4734
2677 6575
2677 6585
2677 7673
2677 9168
2677 9427
2677 10414
2678 3257
2678 3480
2678 3660
2678 4313
2678 5987
2678 6390
2678 8205
2678 9247
2678 9489
2678 9593
2678 9643
2678 10403
2678 11836
2679 3115
2679 3403
2679 4831
2679 5282
2679 7677
2679 8193
2679 8539
2679 9807
2679 10085
2679 10743
2679 11710
2680 2900
2680 3745
2680 3753
2680 4656
2680 4742
2680 5095
2680 5249
2680 5699
2680 7128
2680 11213
2680 11762
2681 2867
2681 3526
2681 4803
2681 5048
2681 5131
2681 5708
2681 6480
2681 7283
2682 2718
2682 3120
2682 4939
2682 6743
2682 8273
2682 10834
2682 11016
2682 12439
2683 3048
2683 4468
2683 4548
2683 7105
2683 8036
2683 8119
2683 8789
2683 9193
2683 9292
2683 9999
2683 11563
2683 11565
2683 12069
2684 3471
2684 3784
2684 3898
2684 4303
2684 4952
2684 5193
2684 5494
2684 5592
2684 5666
2684 5938
2684 6293
2684 7152
2684 8338
2684 9511
2684 9595
2684 9627
2684 11561
2685 4583
2685 6197
2685 6486
2685 6564
2685 7873
2685 9733
2685 10013
2685 10564
2685 11550
2686 2940
2686 3238
2686 3636
2686 6043
2686 6970
2686 7289
2686 7739
2686 8358
2686 9271
2686 10021
2686 10364
2686 11738
2686 11782
2687 3021
2687 3773
2687 4268
2687 5041
2687 6072
2687 6965
2687 7796
2687 7881
2687 8139
2687 8157
2687 8837
2687 9237
2687 9992
2687 11053
2688 3457
2688 3504
2688 3550
2688 3722
2688 4455
2688 6363
2688 7363
2688 10019
2688 10598
2688 10618
2689 3354
2689 3625
2689 4006
2689 4657
2689 7375
2689 9413
2689 9417
2689 9449
2689 10106
2689 10297
2689 10725
2689 11257
2689 11395
2689 11630
2690 4382
2690 4384
2690 8315
2690 10044
2690 10193
2690 10486
2690 10753
2690 11220
2690 11939
2690 12339
2691 4515
2691 6119
2691 7202
2691 7328
2691 7330
2691 7575
2691 7771
2691 8034
2691 8335
2692 3865
2692 5066
2692 6753
2692 6963
2692 9683
2692 10373
2692 11149
2692 12328
2693 4359
2693 7576
2693 9131
2693 9329
2693 9618
2693 10008
2693 10829
2693 11526
2693 12256
2694 2953
2694 3724
2694 4680
2694 4855
2694 6098
2694 7341
2694 7653
2694 7663
2694 10090
2694 11986
2695 4254
2695 4495
2695 4984
2695 7287
2695 7733
2695 8887
2695 9190
2695 9262
2695 9383
2695 9630
2695 9689
2695 9920
2695 11580
2695 11653
2695 11687
2695 11832
2696 3550
2696 3797
2696 3846
2696 4633
2696 4899
2696 6363
2696 6659
2696 9064
2696 9144
2696 10019
2696 10618
2697 4060
2697 6112
2697 7686
2697 8718
2697 12527
2698 2985
2698 3035
2698 3143
2698 3657
2698 4106
2698 4356
2698 4639
2698 4692
2698 4808
2698 4892
2698 5276
2698 5538
2698 6578
2698 6933
2698 9056
2698 9071
2698 9079
2698 9243
2698 9586
2698 10951
2698 11728
2698 11859
2698 12049
2698 12306
2699 4074
2699 5793
2699 5887
2699 5977
2699 6154
2699 9101
2699 11327
2699 11701
2699 11965
2699 12026
2700 3157
2700 3844
2700 4943
2700 5163
2700 5911
2700 5949
2700 6194
2700 7047
2700 8148
2700 8238
2700 8244
2700 8656
2700 8693
2700 9465
2700 11002
2700 12234
2701 2784
2701 3230
2701 6139
2701 6212
2701 6478
2701 8570
2701 9070
2701 9352
2701 11356
2702 4443
2702 4686
2702 4865
2702 6121
2702 6711
2702 6727
2702 9066
2702 9927
2702 11054
2702 11439
2702 12666
2703 3949
2703 4993
2703 5670
2703 6410
2703 6487
2703 7357
2703 8442
2703 9448
2704 3181
2704 4572
2704 5154
2704 6522
2704 6564
2704 9841
2704 10564
2704 11550
2704 11609
2705 3954
2705 4319
2705 4609
2705 5458
2705 6412
2705 7683
2705 7826
2705 9687
2705 9722
2705 10863
2705 12313
2706 3507
2706 4269
2706 5348
2706 6150
2706 8122
2706 8143
2706 8405
2706 9170
2706 9414
2706 9451
2706 10810
2706 11222
2707 3372
2707 6174
2707 6773
2707 7317
2707 9283
2707 9468
2707 10079
2707 10784
2707 11228
2707 11255
2707 11344
2708 2894
2708 3388
2708 3391
2708 3906
2708 4312
2708 4703
2708 5545
2708 6399
2708 6671
2708 8378
2708 8415
2708 10353
2708 10556
2708 11025
2708 11034
2709 5617
2709 6135
2709 7294
2709 9227
2709 9253
2709 10611
2709 10987
2709 12048
2709 12058
2709 12087
2710 3013
2710 3422
2710 3547
2710 3549
2710 4721
2710 4859
2710 5151
2710 5623
2710 5760
2710 6555
2710 7406
2710 8690
2710 9233
2710 9950
2710 10741
2711 2769
2711 3234
2711 3255
2711 6595
2711 6721
2711 7555
2711 8699
2711 9073
2711 9135
2711 9215
2711 9331
2711 9511
2711 10759
2711 11512
2712 4682
2712 5677
2712 6706
2712 6877
2712 7035
2712 7234
2712 7974
2712 8115
2712 9443
2712 11683
2712 11745
2713 3326
2713 5190
2713 5314
2713 7387
2713 7583
2713 7889
2713 10374
2713 10383
2713 11253
2713 11263
2714 3071
2714 4370
2714 5266
2714 7902
2714 9485
2714 9817
2714 10099
2714 10560
2715 4256
2715 4311
2715 4470
2715 4551
2715 5836
2715 5996
2715 6559
2715 6612
2715 7040
2715 7327
2715 7390
2715 8556
2715 8756
2715 10756
2715 10896
2715 11799
2716 3317
2716 4434
2716 6669
2716 6672
2716 6694
2716 6866
2716 7843
2716 9715
2716 9787
2716 9964
2716 10053
2716 10690
2716 11822
2716 12264
2717 4578
2717 5277
2717 6298
2717 7931
2717 7933
2717 8150
2717 8420
2717 8491
2717 8879
2717 8960
2717 9953
2717 10065
2717 10393
2717 10935
2717 10997
2717 11046
2717 11064
2718 3120
2718 5863
2718 5990
2718 6080
2718 7587
2718 8273
2718 8356
2718 8531
2718 8723
2718 11016
2718 11363
2718 11423
2718 11451
2719 3167
2719 3697
2719 3821
2719 4372
2719 4701
2719 5611
2719 6450
2719 7157
2719 10654
2720 3455
2720 4143
2720 5289
2720 5307
2720 7223
2720 7810
2720 7837
2720 9528
2720 9887
2720 10183
2720 10811
2721 5083
2721 5425
2721 5438
2721 5571
2721 7222
2721 8070
2721 8098
2721 8123
2721 8825
2721 8888
2721 9585
2721 10521
2721 10650
2721 11897
2722 2723
2722 3117
2722 3223
2722 3297
2722 3341
2722 4249
2722 5523
2722 5578
2722 6382
2722 6614
2722 8122
2722 9861
2722 10810
2722 11222
2722 12422
2723 3117
2723 3341
2723 4249
2723 5523
2723 9861
2724 2857
2724 3868
2724 3882
2724 4693
2724 5073
2724 6346
2724 6355
2724 6816
2724 6895
2724 7281
2724 7739
2724 8358
2724 9720
2724 10021
2724 10299
2724 11869
2725 3418
2725 5546
2725 5572
2725 6912
2725 9592
2725 9885
2725 10327
2725 10343
2725 12469
2726 4798
2726 5231
2726 5366
2726 7009
2726 7936
2726 8659
2726 10125
2726 10233
2727 2856
2727 3251
2727 4655
2727 4793
2727 4915
2727 5610
2727 5689
2727 5694
2727 5871
2727 6009
2727 6667
2727 7178
2727 8108
2727 9186
2727 9708
2727 10123
2727 10238
2727 10696
2727 11867
2728 2739
2728 3703
2728 3872
2728 5447
2728 7481
2728 8050
2728 8845
2728 9208
2728 10041
2728 10058
2728 12418
2728 12431
2729 3186
2729 4749
2729 6207
2729 6662
2729 7321
2729 8645
2729 8816
2729 10083
2729 10841
2729 11210
2729 11606
2729 12501
2730 3099
2730 4163
2730 4437
2730 4959
2730 5218
2730 6052
2730 6100
2730 6843
2730 7023
2730 7173
2730 7180
2730 7279
2730 7709
2730 8267
2730 8857
2730 9468
2730 9760
2730 10804
2730 11390
2731 3139
2731 4819
2731 4944
2731 6069
2731 7512
2731 7926
2731 8401
2731 10995
2731 11603
2732 4383
2732 4816
2732 5280
2732 5530
2732 6234
2732 6245
2732 8957
2732 9859
2732 9940
2732 10336
2732 10432
2732 10553
2732 10640
2732 11203
2732 11712
2732 11808
2732 12140
2733 4032
2733 4594
2733 4598
2733 4856
2733 4881
2733 5014
2733 5621
2733 6256
2733 6438
2733 6802
2733 7577
2733 9083
2733 10069
2733 10543
2733 10680
2733 12142
2734 4377
2734 4933
2734 5496
2734 5928
2734 7382
2734 8590
2734 10736
2734 12233
2735 2878
2735 4790
2735 4903
2735 5184
2735 5466
2735 5889
2735 8110
2735 9149
2735 10704
2735 10790
2735 10925
2736 3649
2736 3946
2736 5794
2736 6549
2736 7332
2736 7674
2736 7727
2736 8037
2736 8765
2736 9381
2736 10271
2737 2879
2737 2893
2737 2932
2737 2980
2737 3021
2737 3756
2737 5041
2737 5256
2737 9237
2738 3917
2738 6770
2738 6973
2738 11003
2739 3668
2739 3872
2739 4925
2739 8050
2739 8195
2739 9155
2739 9208
2739 10142
2739 10558
2739 12079
2740 2841
2740 3360
2740 3393
2740 4183
2740 4372
2740 4701
2740 5314
2740 6417
2740 7292
2740 7782
2740 7995
2740 9963
2740 10063
2740 10137
2740 10237
2740 10582
2741 5080
2741 6957
2741 9152
2741 11204
2742 3167
2742 3761
2742 4122
2742 4169
2742 4407
2742 5082
2742 6133
2742 6451
2742 7290
2742 7658
2742 7782
2742 8770
2743 2918
2743 3746
2743 4794
2743 6462
2743 8268
2743 9280
2743 9415
2743 11414
2744 3833
2744 4336
2744 5705
2744 8359
2744 10114
2744 10132
2744 11029
2744 11107
2744 11170
2744 11198
2744 11753
2745 3841
2745 4197
2745 4986
2745 5088
2745 5173
2745 6377
2745 6401
2745 7127
2745 7270
2745 7410
2745 7996
2745 8392
2745 8455
2745 8552
2745 8722
2745 9296
2745 11010
2745 11736
2746 3964
2746 4484
2746 6083
2746 6828
2746 7201
2746 7977
2746 8910
2746 9969
2746 9979
2746 11721
2747 2784
2747 2850
2747 3950
2747 4686
2747 4865
2747 6797
2747 9163
2747 9653
2747 11114
2748 2786
2748 4830
2748 6099
2748 6267
2748 6599
2748 6832
2748 6940
2748 6959
2748 7320
2748 10919
2749 5170
2749 6602
2749 9579
2749 10373
2749 11391
2750 3192
2750 3734
2750 4144
2750 5973
2750 6124
2750 8663
2750 8913
2750 9662
2750 10285
2750 10301
2750 10587
2750 10822
2751 3081
2751 3263
2751 3399
2751 3612
2751 3969
2751 4079
2751 4081
2751 4200
2751 4216
2751 5867
2751 7707
2751 8904
2751 9343
2751 11406
2752 4188
2752 6341
2752 6669
2752 6672
2752 6682
2752 6889
2752 6982
2752 9714
2752 9715
2752 10173
2752 10190
2752 10690
2752 11822
2753 2948
2753 3440
2753 3574
2753 3626
2753 3710
2753 4684
2753 8200
2753 8204
2753 8839
2753 10666
2753 12378
2754 2791
2754 3223
2754 3786
2754 4154
2754 4379
2754 4919
2754 5455
2754 5585
2754 5760
2754 6004
2754 6068
2754 6494
2754 6506
2754 9062
2754 9223
2754 9350
2754 9431
2754 10567
2755 2756
2755 5323
2755 6850
2755 7540
2755 8159
2755 9113
2755 9527
2755 9879
2755 9887
2755 10193
2755 10486
2755 12089
2755 12278
2756 2818
2756 3455
2756 5289
2756 5323
2756 6850
2756 7540
2756 8315
2756 9528
2756 9887
2756 10193
2756 12046
2757 4291
2757 5297
2757 5614
2757 5685
2757 6002
2757 6458
2757 6593
2757 6690
2757 8331
2757 11036
2757 11574
2757 12183
2757 12196
2757 12525
2758 2785
2758 3381
2758 3952
2758 4132
2758 4142
2758 4615
2758 4861
2758 8853
2758 9524
2758 10764
2759 2794
2759 4329
2759 5267
2759 5572
2759 7365
2759 7529
2759 10327
2759 11041
2760 3421
2760 3509
2760 3510
2760 3779
2760 4043
2760 4480
2760 5010
2760 6596
2760 6692
2760 7248
2761 3132
2761 5007
2761 5192
2761 6951
2761 7156
2761 8418
2761 8852
2761 9626
2761 9902
2761 9903
2761 10324
2761 10938
2761 11229
2761 12468
2762 4629
2762 5470
2762 5519
2762 5904
2762 6591
2762 7371
2762 7513
2762 8396
2762 9860
2762 10910
2762 11748
2763 4090
2763 4403
2763 5372
2763 5847
2763 6870
2763 8056
2763 8188
2763 9298
2763 9333
2763 9581
2763 9676
2763 10002
2763 12537
2764 4795
2764 4976
2764 7625
2764 7676
2764 9329
2764 11163
2764 11802
2764 12620
2765 3254
2765 3589
2765 4730
2765 5042
2765 5603
2765 5841
2765 6375
2765 6844
2765 7185
2765 8830
2765 9574
2765 10251
2765 11397
2765 11497
2766 4137
2766 4463
2766 8634
2766 8684
2766 9605
2766 10545
2767 3624
2767 5947
2767 6403
2767 7401
2767 8609
2767 8900
2767 9197
2767 9404
2767 12354
2768 3534
2768 3601
2768 3904
2768 4544
2768 4814
2768 5349
2768 6698
2768 7980
2768 8126
2768 9108
2768 10182
2768 11623
2768 12051
2768 12074
2769 4894
2769 5970
2769 6721
2769 9073
2769 9215
2769 11136
2769 11196
2769 11561
2769 12230
2770 3639
2770 6853
2770 7116
2770 9972
2770 9978
2770 10594
2770 10675
2770 10998
2771 4194
2771 4737
2771 5129
2771 5608
2771 5813
2771 6114
2771 7182
2771 8190
2771 8775
2771 9609
2771 9681
2771 9686
2771 9709
2771 10438
2771 10548
2771 10879
2771 11084
2771 12445
2772 3376
2772 3579
2772 3725
2772 5450
2772 6719
2772 8416
2772 8673
2772 8920
2772 8924
2772 10133
2772 11233
2772 11789
2773 2925
2773 3627
2773 6740
2773 8512
2773 8537
2773 9532
2773 10202
2773 11510
2773 11564
2773 12259
2773 12440
2774 3431
2774 6180
2774 6291
2774 9279
2774 10292
2774 10832
2775 3570
2775 4063
2775 5803
2775 6604
2775 7005
2775 7989
2775 8147
2775 8381
2775 8398
2775 9475
2775 9684
2775 10484
2776 2813
2776 4840
2776 4870
2776 7138
2776 10448
2776 11996
2776 12456
2777 3027
2777 3286
2777 4350
2777 4771
2777 4946
2777 5008
2777 7140
2777 7319
2777 7725
2777 7932
2777 8277
2777 9219
2777 9606
2778 2906
2778 3652
2778 3708
2778 3718
2778 5074
2778 5348
2778 5910
2778 5921
2778 6150
2778 8405
2778 8500
2778 9295
2778 9418
2778 10294
2778 11670
2778 11781
2779 3344
2779 6536
2779 6750
2779 9092
2779 9126
2779 9313
2779 9602
2779 9603
2779 10287
2779 11937
2780 4133
2780 5683
2780 6009
2780 7203
2780 7358
2780 9545
2780 10180
2780 10496
2780 10554
2780 11296
2780 12362
2781 6178
2781 7164
2781 7998
2781 10219
2781 10323
2781 10599
2781 12513
2782 3258
2782 3993
2782 4223
2782 4791
2782 5149
2782 5594
2782 5890
2782 6248
2782 7042
2782 10057
2782 10223
2782 11688
2783 4282
2783 5068
2783 5345
2783 5719
2783 6376
2783 6622
2783 6908
2783 7064
2783 7766
2783 7795
2783 8820
2783 9128
2783 10087
2784 2850
2784 3950
2784 4686
2784 6139
2784 6212
2784 6797
2784 8021
2784 8570
2784 9070
2784 9352
2784 11881
2785 3952
2785 4132
2785 4142
2785 5991
2785 6872
2785 6912
2785 7056
2785 9524
2785 9885
2785 10343
2785 11708
2785 11961
2785 12448
2786 3750
2786 6599
2786 6832
2786 6940
2787 4332
2787 4529
2787 5279
2787 5648
2787 6369
2787 7976
2787 8508
2787 8727
2787 10746
2787 11165
2787 11250
2787 11425
2787 12387
2787 12391
2788 6783
2788 7293
2788 8341
2788 11579
2788 12212
2789 3300
2789 4741
2789 5620
2789 6643
2789 6793
2789 7703
2789 7713
2789 7989
2789 9790
2790 3061
2790 3224
2790 3686
2790 4161
2790 4822
2790 5164
2790 5274
2790 6025
2790 6564
2790 6819
2790 7901
2790 9546
2790 10129
2791 3104
2791 4919
2791 5760
2791 6068
2791 6506
2791 6714
2791 7969
2791 8798
2791 9062
2791 9120
2791 9431
2792 3953
2792 4984
2792 5414
2792 5419
2792 5922
2792 7254
2792 8177
2792 8327
2792 9129
2792 9150
2792 9262
2792 9365
2792 10607
2793 3127
2793 3253
2793 4393
2793 5148
2793 5684
2793 5986
2793 6778
2793 10490
2793 11321
2793 11486
2793 11663
2793 11697
2793 11944
2794 4621
2794 7365
2794 7529
2794 10327
2794 11041
2794 11827
2794 12118
2794 12200
2795 3855
2795 6029
2795 6587
2795 6742
2795 9675
2795 10034
2796 2992
2796 3738
2796 4107
2796 4208
2796 4873
2796 5887
2796 8896
2796 9256
2796 9965
2797 6672
2797 6866
2797 6889
2797 7893
2797 9311
2797 9714
2797 11969
2797 12043
2797 12264
2798 2874
2798 3309
2798 5024
2798 6392
2798 7029
2798 9429
2798 9761
2798 10939
2798 10968
2798 11351
2798 11352
2798 11783
2798 12286
2798 12632
2799 3880
2799 5462
2799 6322
2799 6696
2799 6842
2799 7632
2799 9788
2799 11175
2799 11349
2799 11354
2800 3838
2800 4013
2800 4785
2800 4967
2800 5369
2800 5529
2800 6310
2800 7168
2800 8286
2800 8293
2800 8484
2800 11318
2800 11621
2801 3225
2801 3974
2801 5144
2801 5771
2801 7561
2801 7838
2801 7984
2801 8458
2801 9456
2801 10184
2801 10659
2801 10814
2801 11013
2801 11489
2802 3331
2802 4654
2802 4723
2802 4890
2802 5176
2802 7219
2802 7503
2802 8764
2802 9111
2802 10391
2802 11112
2803 3817
2803 4223
2803 4401
2803 4525
2803 4592
2803 6513
2803 7492
2803 9813
2803 10057
2803 10413
2804 3517
2804 3887
2804 4261
2804 4307
2804 4563
2804 4641
2804 5223
2804 6101
2804 6152
2804 6980
2804 9476
2804 10994
2804 11845
2805 7883
2805 8817
2805 8826
2805 8840
2805 11271
2805 12108
2806 3246
2806 3387
2806 4116
2806 4421
2806 8640
2806 8911
2806 9210
2806 9307
2806 9336
2807 3132
2807 4008
2807 4329
2807 5007
2807 5192
2807 5267
2807 6737
2807 8292
2807 8468
2807 10629
2807 11055
2807 12468
2808 2955
2808 3411
2808 4787
2808 4970
2808 4989
2808 5075
2808 5245
2808 5693
2808 6383
2808 7436
2808 7457
2808 7626
2808 8305
2808 9978
2808 10675
2808 10996
2808 11757
2808 11807
2808 12336
2809 3252
2809 3732
2809 6874
2809 7539
2809 8052
2809 8107
2809 8226
2809 8841
2809 9890
2809 10767
2809 11269
2809 11948
2809 12173
2809 12581
2809 12646
2810 3139
2810 4081
2810 4567
2810 4762
2810 5363
2810 7274
2810 7296
2810 8382
2810 8433
2810 8529
2810 8681
2810 8859
2810 10148
2810 10261
2810 10409
2810 10757
2810 10777
2811 4387
2811 5504
2811 6127
2811 7036
2811 7068
2811 7241
2811 8007
2811 9074
2811 9293
2811 10026
2811 11555
2811 11797
2811 12208
2812 5485
2812 9254
2812 10910
2812 11819
2812 12000
2812 12064
2812 12312
2812 12489
2813 3648
2813 4922
2813 7132
2813 7138
2813 10448
2813 10637
2813 11188
2813 11945
2813 12528
2814 3173
2814 3662
2814 4493
2814 4571
2814 7188
2814 7228
2814 7801
2814 8697
2814 11324
2814 11553
2814 11554
2814 12316
2814 12324
2815 3395
2815 3966
2815 5316
2815 5570
2815 6958
2815 7017
2815 7034
2815 8749
2815 10473
2815 10989
2815 11264
2816 4627
2816 7351
2816 7423
2816 8193
2816 8533
2816 8652
2816 8677
2816 9342
2816 10039
2816 10743
2816 11047
2816 11668
2816 12353
2816 12402
2817 4303
2817 5495
2817 5846
2817 5973
2817 6293
2817 7152
2817 7772
2817 8338
2817 8483
2817 8567
2817 8586
2817 8618
2817 10043
2817 12678
2818 3376
2818 3455
2818 4562
2818 4613
2818 5322
2818 5323
2818 6719
2818 6780
2818 6831
2818 6850
2818 7540
2818 8315
2818 9725
2818 9887
2818 10193
2819 3447
2819 3767
2819 4407
2819 5031
2819 5082
2819 5513
2819 6611
2819 8712
2819 9535
2819 10485
2819 10819
2819 12231
2820 3004
2820 3474
2820 4021
2820 4059
2820 4800
2820 7216
2820 7413
2820 9162
2820 10761
2820 11681
2821 3967
2821 4645
2821 4797
2821 5416
2821 7404
2821 7405
2821 8492
2821 8925
2821 11893
2822 3092
2822 6283
2822 7597
2822 7745
2822 8039
2822 8585
2822 8588
2822 8613
2822 9003
2823 3265
2823 3475
2823 4318
2823 5102
2823 5733
2823 6703
2823 9289
2823 9525
2823 9935
2823 9991
2823 10036
2823 10109
2823 10728
2823 10993
2823 11713
2824 3312
2824 3730
2824 4019
2824 4539
2824 4933
2824 5065
2824 5216
2824 6369
2824 8211
2824 8590
2824 10385
2824 11208
2824 11596
2825 3157
2825 3836
2825 3844
2825 4535
2825 4896
2825 6068
2825 6506
2825 6714
2825 7969
2825 8682
2825 9120
2825 9465
2825 11684
2826 3134
2826 4982
2826 5729
2826 6244
2826 6272
2826 8314
2826 9509
2826 11291
2826 11424
2826 11645
2827 2929
2827 2957
2827 4389
2827 4394
2827 4493
2827 7801
2827 8269
2827 8938
2827 10009
2827 10412
2828 3803
2828 4078
2828 4260
2828 4389
2828 4493
2828 4571
2828 7113
2828 7249
2828 7302
2828 8182
2828 8385
2828 9212
2828 9839
2828 10128
2828 10667
2828 10717
2828 11018
2828 11145
2828 11239
2828 11548
2829 5231
2829 5366
2829 7009
2829 7955
2829 8448
2829 10089
2829 10125
2829 10233
2829 11273
2829 11487
2830 2866
2830 4183
2830 6016
2830 6195
2830 6417
2830 6524
2830 7659
2830 10176
2830 10582
2830 11573
2831 6620
2831 6784
2831 7294
2831 7328
2831 7689
2831 9730
2831 12058
2831 12158
2831 12497
2832 3181
2832 3545
2832 4572
2832 5025
2832 5154
2832 5944
2832 6015
2832 7300
2832 7947
2832 8291
2832 10852
2832 10894
2832 11032
2832 11696
2832 12487
2833 2968
2833 3356
2833 3744
2833 7524
2833 9711
2834 3951
2834 5396
2834 5398
2834 6299
2834 9224
2834 9393
2834 9757
2834 10723
2835 5596
2835 6006
2835 6883
2835 8290
2835 8350
2835 9816
2835 11171
2835 12496
2836 3357
2836 3442
2836 3653
2836 3682
2836 4256
2836 4311
2836 4422
2836 4470
2836 4603
2836 8861
2836 8870
2836 9180
2836 10005
2836 10263
2836 10289
2836 10399
2836 11546
2837 3249
2837 4278
2837 4401
2837 4521
2837 4525
2837 5404
2837 5741
2837 6379
2837 6526
2837 8214
2837 8266
2837 8636
2837 9177
2837 10023
2837 10078
2837 10562
2838 3443
2838 3584
2838 4140
2838 4393
2838 4629
2838 4748
2838 5148
2838 5202
2838 5207
2838 5470
2838 6178
2838 6591
2838 6677
2839 3298
2839 3342
2839 3433
2839 3532
2839 3675
2839 4498
2839 4977
2839 5010
2839 5430
2839 5584
2839 6165
2839 6651
2839 6936
2839 7248
2839 8247
2839 8249
2839 8272
2839 8521
2839 8707
2839 9209
2839 9638
2839 9812
2839 10168
2839 11541
2839 11752
2839 12342
2840 5380
2840 6166
2840 6521
2840 8162
2840 9552
2840 9779
2840 9958
2840 10424
2840 10970
2841 3380
2841 3393
2841 3578
2841 4258
2841 4372
2841 4585
2841 4701
2841 6450
2841 6658
2841 7995
2841 9700
2841 9963
2841 10237
2841 11761
2842 4101
2842 4173
2842 5333
2842 5823
2842 11883
2842 12032
2842 12055
2842 12213
2843 3328
2843 3677
2843 4002
2843 4236
2843 4676
2843 6055
2843 6338
2843 6922
2843 7502
2843 8196
2843 8270
2843 8700
2843 11564
2843 11607
2843 12259
2843 12342
2844 3457
2844 4891
2844 5876
2844 7198
2844 7363
2844 7550
2844 8493
2844 9312
2844 10078
2844 11615
2844 12446
2845 4706
2845 4928
2845 9089
2845 9099
2845 10306
2845 12298
2845 12434
2846 3168
2846 3219
2846 4791
2846 6440
2846 6822
2846 7296
2846 8382
2846 9187
2846 9281
2846 11688
2847 3398
2847 4730
2847 5306
2847 6302
2847 7084
2847 7329
2847 7699
2847 9574
2847 11503
2847 11751
2848 3345
2848 3685
2848 4630
2848 6765
2848 6965
2848 8004
2848 9625
2848 9664
2848 10260
2849 3120
2849 3308
2849 3372
2849 3466
2849 3737
2849 5400
2849 5990
2849 6170
2849 6743
2849 6846
2849 7792
2850 4686
2850 5672
2850 8021
2850 9163
2850 11114
2850 11881
2851 3032
2851 3291
2851 3358
2851 4262
2851 4637
2851 4659
2851 4879
2851 5476
2851 5561
2851 7678
2851 8330
2851 9030
2851 10170
2851 11744
2852 4091
2852 4742
2852 4870
2852 4893
2852 6428
2852 7128
2852 7138
2852 9866
2852 10130
2852 10517
2852 10637
2852 11762
2852 12456
2852 12526
2852 12635
2853 5105
2853 5392
2853 6112
2853 6221
2853 9437
2853 10652
2853 12125
2854 2921
2854 3166
2854 3768
2854 6185
2854 6586
2854 7113
2854 7309
2854 7310
2854 11519
2854 12536
2854 12651
2855 2856
2855 3924
2855 4373
2855 4994
2855 5140
2855 6303
2855 6757
2855 6830
2855 8265
2855 9239
2855 10123
2855 10169
2856 2923
2856 4405
2856 4655
2856 4888
2856 4994
2856 5140
2856 5295
2856 5610
2856 5834
2856 6303
2856 6757
2856 7890
2856 8265
2856 8278
2856 8496
2856 10123
2856 10169
2856 10238
2856 11231
2857 2895
2857 3443
2857 5073
2857 5888
2857 6816
2857 7281
2857 7521
2857 9577
2857 9720
2857 9773
2857 10021
2857 10264
2857 10392
2857 11205
2857 11869
2858 4032
2858 4594
2858 4851
2858 4881
2858 6802
2858 7656
2858 8407
2858 9083
2858 10275
2858 11910
2858 12265
2859 4442
2859 4653
2859 6432
2859 8154
2859 9060
2859 10357
2859 10358
2859 10561
2859 10775
2859 12137
2860 3006
2860 3506
2860 3830
2860 5630
2860 5897
2860 6547
2860 6613
2860 7472
2860 11251
2860 11672
2861 3409
2861 3516
2861 3868
2861 4431
2861 5178
2861 5225
2861 6160
2861 6346
2861 6514
2861 6904
2861 7245
2861 8023
2861 9110
2861 10506
2862 3789
2862 3978
2862 4226
2862 4511
2862 4540
2862 5976
2862 5995
2862 6566
2862 6916
2862 7769
2862 8000
2862 10397
2862 10813
2862 11839
2862 12311
2863 4038
2863 4954
2863 5391
2863 6938
2863 7163
2863 9421
2863 9964
2863 10053
2863 10121
2864 5075
2864 5158
2864 6787
2864 6858
2864 6907
2864 9728
2864 10675
2864 11204
2864 11807
2865 2922
2865 4524
2865 4930
2865 6708
2865 6793
2865 7316
2865 7487
2865 7617
2865 7624
2865 7989
2865 10038
2865 11053
2865 11240
2866 3697
2866 3754
2866 4183
2866 4372
2866 6417
2866 10582
2866 11573
2867 2896
2867 3526
2867 4088
2867 4803
2867 5048
2867 5182
2867 5708
2867 6016
2867 6480
2867 7283
2868 3236
2868 3346
2868 3519
2868 6495
2868 7559
2868 7562
2868 7877
2868 9146
2868 9509
2868 9740
2868 10329
2868 10395
2869 3235
2869 3236
2869 3346
2869 3491
2869 5695
2869 6495
2869 6776
2869 7646
2869 9389
2869 9617
2869 9740
2870 3418
2870 5982
2870 6125
2870 10140
2870 11940
2870 11979
2870 12524
2870 12576
2871 2964
2871 3121
2871 3413
2871 5522
2871 6601
2871 6670
2871 7218
2871 9363
2871 10022
2871 10103
2871 10833
2871 10858
2872 2891
2872 2913
2872 3050
2872 3776
2872 3984
2872 5288
2872 5300
2872 6734
2872 6984
2872 7019
2872 7147
2872 9260
2873 2898
2873 4838
2873 5652
2873 6119
2873 6487
2873 7497
2873 9883
2874 3988
2874 4802
2874 5024
2874 6392
2874 6688
2874 9761
2874 10356
2874 11077
2874 11173
2874 11352
2875 3123
2875 3159
2875 3768
2875 4399
2875 5574
2875 5592
2875 6028
2875 6186
2875 6329
2875 6426
2875 8403
2875 9868
2875 9880
2875 10203
2876 3084
2876 3704
2876 3988
2876 5869
2876 6021
2876 6469
2876 6511
2876 6599
2876 6735
2876 6832
2876 9188
2876 10714
2877 3552
2877 5497
2877 5781
2877 5945
2877 6276
2877 10818
2877 11075
2877 11361
2877 11595
2877 12477
2878 5889
2878 6878
2878 7994
2878 9260
2878 10704
2878 12134
2878 12363
2878 12629
2879 2884
2879 2893
2879 2932
2879 2980
2879 3828
2879 5041
2879 7181
2879 9388
2880 3783
2880 4300
2880 5268
2880 5466
2880 5922
2880 6878
2880 7174
2880 8327
2880 8355
2880 9365
2880 10790
2881 2899
2881 3360
2881 3393
2881 5190
2881 5314
2881 5993
2881 6576
2881 6658
2881 6994
2881 7889
2881 8487
2881 10237
2882 2883
2882 5269
2882 8598
2882 8641
2882 8954
2882 9007
2882 9074
2882 9202
2882 9293
2882 9716
2882 10787
2882 11238
2883 2912
2883 3870
2883 4077
2883 4761
2883 5269
2883 8642
2883 9118
2883 9179
2883 9202
2883 9293
2883 11604
2883 11797
2883 12076
2884 2980
2884 3712
2884 3991
2884 3992
2884 5185
2884 9388
2885 2931
2885 3039
2885 3172
2885 3174
2885 3334
2885 3910
2885 4424
2885 4765
2885 6530
2885 7098
2885 7393
2885 7498
2885 11729
2885 12207
2886 4053
2886 5893
2886 8206
2886 8702
2886 10187
2886 10404
2886 11015
2886 12381
2887 3457
2887 3780
2887 4135
2887 4886
2887 7198
2887 11213
2887 11495
2887 11652
2887 12446
2888 3143
2888 3319
2888 4106
2888 6686
2888 7272
2888 7692
2888 10256
2888 11186
2889 3013
2889 4859
2889 4896
2889 5151
2889 5559
2889 5945
2889 6354
2889 6555
2889 6657
2889 7383
2889 7406
2889 9334
2889 10741
2889 11154
2889 11441
2890 3813
2890 4491
2890 4611
2890 4780
2890 4902
2890 6290
2890 6665
2891 3050
2891 3953
2891 5268
2891 6878
2891 7019
2891 9157
2891 9260
2891 11490
2891 12134
2892 4092
2892 4228
2892 4283
2892 4871
2892 5038
2892 5244
2892 6500
2892 7302
2892 9631
2892 9946
2892 12380
2893 3828
2893 3992
2893 5041
2893 7181
2893 9388
2894 4277
2894 4348
2894 6399
2894 6671
2894 9615
2894 9926
2894 10353
2894 11025
2895 2972
2895 4767
2895 6816
2895 7743
2895 9479
2895 9577
2895 9736
2895 11205
2895 11869
2896 2899
2896 3706
2896 4088
2896 4803
2896 5182
2896 5190
2896 6016
2896 6650
2896 7283
2896 7387
2896 10284
2897 3316
2897 3394
2897 3659
2897 4108
2897 4781
2897 4921
2897 5797
2897 6476
2897 6479
2897 7724
2897 8502
2897 10559
2898 3993
2898 4003
2898 4838
2898 4998
2898 5652
2898 6119
2898 6487
2898 7497
2898 9883
2899 3360
2899 4088
2899 4803
2899 5190
2899 5314
2899 5993
2899 6016
2899 6417
2899 7387
2899 10237
2899 10284
2900 4634
2900 4656
2900 4742
2900 4870
2900 5095
2900 6095
2900 11762
2901 3270
2901 3997
2901 4741
2901 6911
2901 8131
2901 10265
2902 2937
2902 2976
2902 3056
2902 3186
2902 3279
2902 3473
2902 3889
2902 5681
2902 8645
2902 9596
2902 9836
2902 10224
2902 10471
2903 2915
2903 3867
2903 5007
2903 5428
2903 6951
2903 7380
2903 7391
2903 7477
2903 8024
2903 8852
2903 9290
2903 9369
2903 10655
2903 10916
2903 12331
2904 3012
2904 3685
2904 3759
2904 4802
2904 5643
2904 5869
2904 6965
2904 9188
2904 9625
2904 10259
2905 3694
2905 4185
2905 4375
2905 7925
2905 10570
2906 3408
2906 3718
2906 4934
2906 4943
2906 5163
2906 5949
2906 6384
2906 7378
2906 8238
2906 8242
2906 8500
2906 9161
2906 9295
2906 9315
2907 3792
2907 5595
2907 5709
2907 9236
2907 9239
2908 3957
2908 5298
2908 5299
2908 5626
2908 6453
2908 7057
2908 7504
2908 9610
2908 9665
2908 9734
2908 10899
2909 3088
2909 3790
2909 5317
2909 5818
2909 6038
2909 6722
2909 6835
2909 6971
2909 7698
2909 8066
2909 8747
2909 8965
2909 9408
2909 9873
2909 10816
2909 11510
2909 11911
2910 3032
2910 3582
2910 4410
2910 5832
2910 6156
2910 6718
2910 7348
2910 7678
2910 7794
2910 8795
2910 8865
2910 9679
2910 9833
2910 10170
2910 12561
2911 4061
2911 4874
2911 5463
2911 6202
2911 7089
2911 10207
2911 10854
2911 10875
2911 10960
2911 11087
2911 11804
2912 3870
2912 4761
2912 5124
2912 5407
2912 8554
2912 8567
2912 8586
2912 8642
2912 8981
2912 9179
2912 9362
2912 11604
2913 3776
2913 3984
2913 6734
2913 6984
2913 7019
2914 3043
2914 3763
2914 3840
2914 4420
2914 5460
2914 5736
2914 5753
2914 5787
2914 7794
2914 8795
2914 9739
2914 9833
2914 9892
2914 10954
2914 11142
2914 11442
2914 11443
2915 5093
2915 5096
2915 5702
2915 6951
2915 7380
2915 9369
2915 10655
2915 12331
2916 2969
2916 4305
2916 4365
2916 4371
2916 4441
2916 4582
2916 4869
2916 5071
2916 10016
2916 10664
2916 10904
2917 2975
2917 3301
2917 3611
2917 4478
2917 6465
2917 7278
2917 9559
2917 10077
2918 4794
2918 5380
2918 6462
2918 7112
2918 8190
2918 8261
2918 8536
2918 9280
2918 9415
2919 4004
2919 4121
2919 5490
2919 6457
2919 6803
2919 7496
2919 8451
2919 9263
2919 9737
2920 3652
2920 4103
2920 5310
2920 6614
2920 8143
2920 9170
2920 9613
2920 9671
2920 10030
2920 10660
2921 3768
2921 4550
2921 6426
2921 8158
2921 9868
2921 10532
2921 10838
2921 12651
2922 2946
2922 4117
2922 4378
2922 4524
2922 4930
2922 5810
2922 5997
2922 7071
2922 7316
2922 7487
2922 7510
2922 7605
2922 7617
2922 8527
2922 10038
2922 11240
2922 11647
2922 12225
2923 4655
2923 5295
2923 6529
2923 6667
2923 7358
2923 8278
2923 8496
2923 9951
2923 10123
2923 10687
2924 3240
2924 3638
2924 4683
2924 5773
2924 6791
2924 7417
2924 8477
2924 8503
2924 8592
2924 10693
2925 4052
2925 4113
2925 4147
2925 5352
2925 6741
2925 7020
2925 7865
2925 8512
2925 8537
2925 11510
2925 11639
2925 11852
2925 12259
2925 12440
2926 4322
2926 5449
2926 5508
2926 5702
2926 6917
2926 9878
2927 3028
2927 3030
2927 4419
2927 5924
2927 6340
2927 6806
2927 7610
2927 8782
2927 9777
2927 9924
2927 10742
2927 11200
2928 3145
2928 3747
2928 3748
2928 3751
2928 6509
2928 10656
2929 2930
2929 2957
2929 3378
2929 4394
2929 6785
2929 7801
2929 8938
2929 10052
2929 10412
2930 3378
2930 4394
2930 6483
2930 6785
2930 9731
2930 10052
2931 3316
2931 3334
2931 3809
2931 3902
2931 4765
2931 4781
2931 6530
2931 6704
2931 8178
2931 8502
2931 9444
2931 12207
2932 2980
2932 3748
2932 3756
2932 5185
2932 9237
2932 9388
2932 10144
2932 11274
2933 4423
2933 4750
2933 4776
2933 4999
2933 5183
2933 6484
2933 7190
2933 7322
2934 3531
2934 4322
2934 5054
2934 5503
2934 5508
2934 5702
2934 7380
2934 11558
2935 3196
2935 3214
2935 7284
2935 8105
2935 8556
2935 8602
2935 9205
2935 9505
2935 10031
2935 10896
2935 12081
2936 3044
2936 4324
2936 4996
2936 5229
2936 5500
2936 6407
2936 6545
2936 7346
2936 7443
2936 9874
2937 3186
2937 3279
2937 3889
2937 5101
2937 5475
2937 6207
2937 6475
2937 6490
2937 9596
2937 10083
2937 10215
2937 10318
2937 11156
2937 11295
2937 11983
2938 3499
2938 3505
2938 3752
2938 5055
2938 5112
2938 5427
2938 5778
2938 5994
2938 6038
2938 8767
2938 9240
2938 9647
2938 10059
2938 10653
2938 10816
2938 11544
2938 11760
2939 3621
2939 3775
2939 6419
2939 8134
2939 8902
2939 9337
2940 3238
2940 3636
2940 6043
2940 7289
2940 7739
2941 3653
2941 3778
2941 4470
2941 7525
2941 9401
2941 11560
2942 4442
2942 4706
2942 6279
2942 6455
2942 6472
2942 6636
2942 6881
2942 8324
2942 9863
2942 10306
2942 11953
2943 3469
2943 3607
2943 3673
2943 4905
2943 6091
2943 6534
2943 6736
2943 6786
2943 7641
2943 7671
2943 11753
2944 4200
2944 4762
2944 4819
2944 5541
2944 6822
2944 7296
2944 7707
2944 7943
2944 8005
2944 9343
2944 9483
2944 11688
2945 3093
2945 3314
2945 3532
2945 4043
2945 4632
2945 5641
2945 5920
2945 6681
2945 7248
2945 8312
2945 8677
2945 10039
2945 10763
2945 11040
2945 11850
2945 12612
2946 3256
2946 3928
2946 4288
2946 4292
2946 4378
2946 4845
2946 5752
2946 5810
2946 5923
2946 7510
2946 8275
2946 8527
2946 9096
2946 9178
2946 10038
2946 10139
2946 10398
2946 12225
2947 3273
2947 4081
2947 4419
2947 4425
2947 6596
2947 8764
2947 9777
2947 10391
2947 10602
2947 10625
2947 11112
2947 11406
2948 3533
2948 3574
2948 3626
2948 3782
2948 4684
2948 4900
2948 6454
2948 6583
2948 7114
2948 7263
2948 8200
2948 8839
2948 9085
2948 9360
2948 10070
2948 10666
2948 11074
2948 12478
2949 3146
2949 3983
2949 4707
2949 4936
2949 4971
2949 5800
2949 5819
2949 7712
2949 7848
2949 8116
2949 8955
2950 3581
2950 4167
2950 4564
2950 5679
2950 7425
2950 8078
2950 9447
2951 2991
2951 4118
2951 4677
2951 4981
2951 5170
2951 5633
2951 6481
2951 7572
2951 7591
2951 9345
2951 9607
2951 11800
2952 4799
2952 5933
2952 7384
2952 8020
2952 9576
2952 11975
2952 12237
2953 3724
2953 3791
2953 4004
2953 4121
2953 4680
2953 4855
2953 4856
2953 4964
2953 5540
2953 5621
2953 6136
2953 6421
2953 6438
2953 6621
2953 7282
2953 7311
2953 7663
2953 9263
2953 9938
2953 10573
2953 11008
2953 11485
2954 3435
2954 4215
2954 4415
2954 5681
2954 6024
2954 7321
2954 8645
2954 9473
2954 10224
2954 10258
2954 10808
2954 11706
2955 3264
2955 3807
2955 4787
2955 7014
2955 7046
2955 8207
2955 8305
2955 8783
2955 9978
2955 10996
2955 10998
2956 3654
2956 5133
2956 5956
2956 6232
2956 6405
2956 6744
2956 7277
2956 7408
2956 8113
2956 8138
2956 8316
2956 9440
2956 9507
2956 11098
2956 11262
2956 11595
2957 3011
2957 3166
2957 4078
2957 6126
2957 8269
2957 8938
2957 9979
2957 10412
2958 6138
2958 7179
2958 8336
2958 8481
2958 9830
2958 10762
2958 11227
2958 12366
2958 12578
2958 12659
2959 3017
2959 3039
2959 3195
2959 4575
2959 4953
2959 5402
2959 6175
2959 6805
2959 7194
2959 8032
2959 8287
2959 8551
2960 2984
2960 3322
2960 6040
2960 6675
2960 9377
2960 9616
2961 3726
2961 4742
2961 5040
2961 5681
2961 6268
2961 6738
2961 6820
2961 7267
2961 9473
2961 10130
2961 11059
2961 11606
2961 12255
2962 4020
2962 4268
2962 5041
2962 5438
2962 7181
2962 7260
2962 7754
2962 9771
2962 9916
2962 9955
2963 3035
2963 3086
2963 3484
2963 3709
2963 4477
2963 4808
2963 6925
2963 8175
2963 8297
2963 9270
2963 9906
2963 10253
2963 10530
2963 11728
2963 12359
2964 3121
2964 5517
2964 6601
2964 7218
2964 8434
2964 8474
2964 10833
2964 10855
2964 10858
2964 10859
2964 10871
2964 11677
2965 7383
2965 7402
2965 7552
2965 8210
2965 9334
2965 9549
2966 3153
2966 4280
2966 5011
2966 6050
2966 6054
2966 6750
2966 9306
2966 9313
2966 9338
2966 9809
2966 10402
2966 10646
2967 3101
2967 5596
2967 6166
2967 9552
2967 9958
2968 3025
2968 3593
2968 3744
2968 3858
2968 4235
2968 4834
2968 6378
2968 7861
2968 8040
2968 9635
2968 9711
2968 12217
2969 4305
2969 4365
2969 4582
2969 5576
2969 7729
2969 10664
2969 11507
2970 3060
2970 3411
2970 3429
2970 3430
2970 3944
2970 5958
2970 6089
2970 6424
2970 6988
2970 7116
2970 7457
2970 9348
2970 9379
2970 9516
2970 9693
2970 10389
2970 10713
2970 12336
2971 3886
2971 4222
2971 6594
2971 7303
2971 10090
2971 10328
2971 10817
2971 12292
2972 4226
2972 4767
2972 4851
2972 7517
2972 7743
2972 9577
2972 9663
2972 9852
2972 10340
2972 11205
2972 12265
2973 3529
2973 3808
2973 5313
2973 6524
2973 8037
2973 8793
2973 8796
2973 9030
2973 9032
2973 10204
2973 11020
2973 11267
2974 4742
2974 6056
2974 6423
2974 6676
2974 6860
2974 8816
2974 10841
2974 11210
2974 12501
2975 3301
2975 4478
2975 4752
2975 5072
2975 7278
2975 9100
2976 3473
2976 3602
2976 3683
2976 3965
2976 4214
2976 4321
2976 5827
2976 5828
2976 6833
2976 9012
2976 9596
2976 9836
2976 10135
2976 10471
2976 11126
2977 4105
2977 4770
2977 6053
2977 6950
2977 7288
2977 7326
2977 7338
2977 7816
2977 7990
2977 8149
2977 8769
2977 10055
2977 12212
2978 3403
2978 3407
2978 4084
2978 4402
2978 5250
2978 7696
2978 8437
2978 8470
2978 10743
2978 10765
2978 11242
2978 11582
2978 12220
2979 3727
2979 3918
2979 5491
2979 6610
2979 7213
2979 8562
2979 8773
2979 11577
2980 3828
2980 3991
2980 5185
2980 9388
2980 11274
2981 3065
2981 3202
2981 3746
2981 4396
2981 6482
2981 7982
2981 10764
2981 11221
2981 11673
2981 12325
2982 3302
2982 7353
2982 7894
2982 7906
2982 8388
2982 9814
2982 10620
2982 11769
2983 5028
2983 5054
2983 5309
2983 8624
2983 8934
2983 9522
2983 9772
2983 11558
2983 11768
2984 3322
2984 3486
2984 5355
2984 6040
2984 6675
2984 7733
2984 7908
2984 9749
2984 11627
2984 11653
2985 3657
2985 4692
2985 4892
2985 5013
2985 5181
2985 5276
2985 5916
2985 6247
2985 6584
2985 6933
2985 9056
2985 9079
2985 9243
2985 10007
2985 12306
2986 3050
2986 3184
2986 3250
2986 4533
2986 5288
2986 6623
2986 7067
2986 9637
2987 4811
2987 5893
2987 5907
2987 5940
2987 7637
2987 7744
2987 8940
2987 9063
2987 9894
2987 10404
2988 3666
2988 4053
2988 4739
2988 5698
2988 5907
2988 7610
2988 8511
2988 8702
2989 3126
2989 3313
2989 3404
2989 4252
2989 4710
2989 5062
2989 5847
2989 6445
2989 6870
2989 7372
2989 8197
2989 9987
2990 3321
2990 3760
2990 4223
2990 4357
2990 5555
2990 6123
2990 6249
2990 7764
2990 7789
2990 9820
2991 3950
2991 4118
2991 4719
2991 5076
2991 5633
2991 7568
2991 7572
2991 9361
2991 9881
2991 11526
2992 3738
2992 4018
2992 4107
2992 4873
2992 9256
2992 9877
2992 11940
2993 5614
2993 6031
2993 6320
2993 6346
2993 6816
2993 8383
2993 9736
2993 9995
2993 11650
2993 11869
2993 11943
2993 12071
2994 3842
2994 4228
2994 4871
2994 6193
2994 7139
2994 7761
2994 8412
2994 9093
2994 9588
2994 10518
2994 11141
2994 11664
2994 12284
2994 12519
2995 4605
2995 4935
2995 5152
2995 5201
2995 5345
2995 6528
2995 7064
2995 7681
2995 9133
2995 9555
2995 10534
2995 10806
2996 3501
2996 3760
2996 3810
2996 4357
2996 5242
2996 5409
2996 5410
2996 5411
2996 5617
2996 9227
2997 3601
2997 3755
2997 4839
2997 7333
2997 10277
2997 11614
2997 11662
2997 11774
2997 12074
2998 3104
2998 3511
2998 3805
2998 4335
2998 4853
2998 5259
2998 5881
2998 7723
2998 7999
2998 9081
2998 9255
2998 9325
2998 9390
2998 10282
2998 11277
2999 3153
2999 3154
2999 4532
2999 4646
2999 6266
2999 6270
2999 7523
2999 7946
2999 8294
2999 8386
2999 8680
2999 8713
2999 8732
2999 9909
2999 11419
2999 12201
2999 12262
2999 12424
3000 3800
3000 4962
3000 5563
3000 5729
3000 5861
3000 5942
3000 8391
3000 8717
3000 8726
3000 9462
3000 9608
3000 9923
3000 12258
3001 4270
3001 6464
3001 6554
3001 6718
3001 6962
3001 8865
3001 9652
3001 10228
3001 10276
3001 10416
3002 3278
3002 4378
3002 5752
3002 6900
3002 7071
3002 8837
3002 9096
3002 9808
3002 10038
3002 10569
3002 11011
3002 11053
3002 11518
3002 12225
3003 3717
3003 4341
3003 7823
3003 8225
3003 8394
3003 9571
3003 9776
3003 10600
3004 3474
3004 3813
3004 4059
3004 5290
3004 5455
3004 6665
3004 7216
3004 9583
3004 9672
3004 10716
3004 10761
3004 11681
3005 3049
3005 3342
3005 3487
3005 3667
3005 4155
3005 4997
3005 5010
3005 5294
3005 6165
3005 7416
3005 7747
3005 8022
3005 9439
3005 10153
3006 4464
3006 5897
3006 5902
3006 5930
3006 6547
3006 7472
3006 11251
3006 12406
3006 12600
3007 3266
3007 5418
3007 5573
3007 7624
3007 8333
3007 8334
3007 8506
3007 8660
3007 8719
3007 9561
3007 10595
3008 3958
3008 4574
3008 4900
3008 5506
3008 6233
3008 7231
3008 7603
3008 7716
3008 8404
3008 9085
3008 10286
3008 11386
3008 11394
3008 11863
3009 3692
3009 5825
3009 7427
3009 7450
3009 7452
3009 8624
3009 9772
3009 12223
3009 12591
3009 12683
3010 3229
3010 3632
3010 4211
3010 4554
3010 4718
3010 5003
3010 6915
3010 7191
3010 9807
3010 11582
3011 3166
3011 4078
3011 6126
3011 6586
3011 8831
3011 8910
3011 9731
3011 9979
3011 10617
3011 10769
3011 11726
3011 12096
3011 12442
3012 3685
3012 3759
3012 3815
3012 4277
3012 6371
3012 6599
3012 6965
3012 7469
3012 9625
3012 10115
3012 10897
3012 11868
3012 12479
3013 3851
3013 3899
3013 4016
3013 4535
3013 4859
3013 4896
3013 5151
3013 5760
3013 6354
3013 7383
3013 7406
3013 7501
3013 7969
3013 9233
3013 9372
3013 9950
3013 10741
3013 10924
3013 11657
3014 3771
3014 3792
3014 4833
3014 4931
3014 4963
3014 6023
3014 9239
3014 9259
3014 11282
3014 12283
3015 5184
3015 5328
3015 6519
3015 6713
3015 7043
3015 8110
3015 8230
3015 9142
3015 9954
3015 10232
3015 10704
3016 3020
3016 4024
3016 4298
3016 5453
3016 6975
3016 7664
3016 8300
3016 9644
3016 9645
3016 9652
3016 9807
3016 11710
3017 4355
3017 4953
3017 5421
3017 6175
3017 7194
3017 7305
3017 9386
3018 3570
3018 3873
3018 4518
3018 4714
3018 6254
3018 6604
3018 6708
3018 6774
3018 6793
3018 6995
3018 7713
3018 7989
3018 9095
3018 9165
3018 9469
3018 9684
3018 11758
3019 3869
3019 6750
3019 7820
3019 10379
3019 10768
3019 11937
3020 4024
3020 4298
3020 4831
3020 5117
3020 6030
3020 6269
3020 6975
3020 7635
3020 8300
3020 8539
3020 9057
3020 9644
3020 9645
3020 9687
3020 9807
3020 10085
3020 10721
3020 10734
3020 11710
3021 3756
3021 4268
3021 5041
3021 5256
3021 8837
3021 9237
3021 9992
3022 3634
3022 4161
3022 4297
3022 4307
3022 4641
3022 4822
3022 5164
3022 6819
3022 7232
3022 9476
3022 9546
3022 10333
3022 10726
3022 11078
3023 3453
3023 3825
3023 5331
3023 5770
3023 5837
3023 5850
3023 7526
3023 9636
3023 9824
3023 9849
3023 9939
3023 10774
3024 3620
3024 3976
3024 4433
3024 5515
3024 7349
3024 7832
3024 8916
3024 10195
3024 10304
3024 11215
3025 3356
3025 4488
3025 4827
3025 5691
3025 6378
3025 7759
3025 7861
3025 7929
3025 8395
3025 8638
3025 8901
3025 8936
3025 9711
3025 10175
3025 11378
3025 11484
3025 12217
3025 12273
3026 4519
3026 6426
3026 6624
3026 7033
3026 7220
3026 7509
3026 7688
3026 8158
3026 8403
3026 9143
3026 9461
3026 9993
3026 10787
3026 11000
3026 12305
3027 3040
3027 3286
3027 5008
3027 6022
3027 7025
3027 7140
3027 7319
3027 7725
3027 7964
3027 9051
3027 11725
3027 11931
3028 4890
3028 5103
3028 5906
3028 6340
3028 6806
3028 7907
3028 9777
3028 9801
3028 10391
3028 10742
3028 11082
3028 11200
3029 3123
3029 3274
3029 4126
3029 4789
3029 5179
3029 5790
3029 5852
3029 6229
3029 9059
3029 12206
3030 3421
3030 4419
3030 4425
3030 5650
3030 6692
3030 6806
3030 7610
3030 8782
3030 9305
3030 9924
3030 10742
3031 3494
3031 3759
3031 3988
3031 4652
3031 4918
3031 5643
3031 7189
3031 7226
3031 8318
3031 8774
3032 3582
3032 3893
3032 4262
3032 5989
3032 6718
3032 6754
3032 6766
3032 7348
3032 7678
3032 10170
3032 10597
3032 12561
3033 4457
3033 4643
3033 6606
3033 6804
3033 8868
3033 9890
3033 10370
3033 11590
3034 3165
3034 4474
3034 6566
3034 6589
3034 6590
3034 6592
3034 6916
3034 7313
3034 11839
3035 3709
3035 4304
3035 4808
3035 5538
3035 6373
3035 9270
3035 9906
3035 10530
3035 11728
3035 11859
3036 3044
3036 5229
3036 6543
3036 7346
3036 7443
3036 7453
3036 8781
3036 11232
3037 3537
3037 3576
3037 4428
3037 6041
3037 7609
3037 8049
3037 8056
3037 8337
3037 9353
3037 11116
3037 12372
3038 3042
3038 3199
3038 3851
3038 3899
3038 4016
3038 7133
3038 7501
3038 9094
3038 9372
3038 9843
3038 10891
3038 10906
3038 11085
3039 3195
3039 3386
3039 3415
3039 4181
3039 4423
3039 4765
3039 5145
3039 5402
3039 6175
3039 6805
3039 7101
3039 7498
3039 8032
3039 8069
3039 8287
3039 9242
3039 10061
3039 10147
3039 10551
3039 11729
3039 11995
3040 3286
3040 4489
3040 4885
3040 5008
3040 6022
3040 7025
3040 7140
3040 7319
3040 9051
3040 10006
3040 11725
3040 11847
3041 3249
3041 3457
3041 3550
3041 3909
3041 3915
3041 3985
3041 4257
3041 4363
3041 4455
3041 4923
3041 4966
3041 5533
3041 6045
3041 7298
3041 7363
3041 9158
3041 10801
3041 11209
3041 11615
3042 3963
3042 5604
3042 5988
3042 7673
3042 8805
3042 9339
3042 9372
3042 9843
3042 9853
3042 11723
3043 3763
3043 4234
3043 4410
3043 5739
3043 5753
3043 5832
3043 6689
3043 6760
3043 8795
3043 9682
3043 9739
3043 11086
3043 11142
3043 11442
3044 5229
3044 5759
3044 7346
3044 7453
3044 8946
3044 9008
3044 9874
3044 11232
3044 12589
3045 3094
3045 3707
3045 5159
3045 5889
3045 6504
3045 7001
3045 7201
3045 8365
3045 9183
3045 9496
3045 9989
3045 10790
3045 11739
3045 12410
3046 3089
3046 3127
3046 3253
3046 3498
3046 4537
3046 4815
3046 5700
3046 5855
3046 6572
3046 7521
3046 8264
3046 10578
3046 12275
3047 3970
3047 4340
3047 4509
3047 5257
3047 6148
3047 6973
3047 7286
3047 8417
3047 9132
3048 6184
3048 7105
3048 7871
3048 8036
3048 9191
3048 11563
3049 3566
3049 3667
3049 4418
3049 4769
3049 4913
3049 4932
3049 5415
3049 6471
3049 6701
3049 7747
3049 9439
3049 9825
3049 10082
3049 10153
3049 10310
3049 10698
3050 3184
3050 5268
3050 5300
3050 5933
3050 7147
3050 8815
3050 9260
3050 9576
3051 6458
3051 9575
3051 12207
3052 4842
3052 5512
3052 5622
3052 6184
3052 8494
3052 8701
3052 9191
3052 10547
3052 11031
3053 4702
3053 5237
3053 5661
3053 6568
3053 9076
3053 9949
3053 10211
3053 10398
3054 3764
3054 4208
3054 4873
3054 5330
3054 5615
3054 6257
3054 6365
3054 6906
3054 7519
3054 8153
3054 8441
3054 9877
3054 10091
3055 4880
3055 6255
3055 6443
3055 6906
3055 7217
3055 7519
3055 9459
3055 9870
3055 10091
3055 10159
3055 10608
3055 11502
3055 11942
3056 3473
3056 3889
3056 4942
3056 8422
3056 9596
3056 11150
3056 11345
3056 12415
3057 3213
3057 4334
3057 4956
3057 5059
3057 5399
3057 5849
3057 6973
3057 10114
3057 10132
3057 11753
3058 3075
3058 3788
3058 4847
3058 5147
3058 7586
3058 8168
3058 8233
3058 8563
3058 9044
3058 9245
3058 11777
3058 12364
3059 3133
3059 3327
3059 4755
3059 6435
3059 7459
3059 8513
3059 8725
3060 3430
3060 6089
3060 6424
3060 7116
3060 7405
3060 7556
3060 7765
3060 8854
3060 9693
3060 10227
3060 10332
3060 11226
3060 11598
3061 3333
3061 3686
3061 3687
3061 4161
3061 5274
3061 6025
3061 6564
3061 9841
3062 3297
3062 4259
3062 4760
3062 5319
3062 5738
3062 6382
3062 6437
3062 6614
3062 7276
3062 9192
3062 9451
3062 9743
3062 10691
3062 11500
3063 3090
3063 3812
3063 3814
3063 3905
3063 4514
3063 4954
3063 6477
3063 9323
3063 9442
3063 9844
3064 3231
3064 6455
3064 6472
3064 6587
3064 6636
3064 6716
3064 6881
3064 7342
3064 10034
3065 3381
3065 6462
3065 6932
3065 9147
3065 10764
3065 11673
3066 3798
3066 4040
3066 4048
3066 4623
3066 4624
3066 6656
3066 6863
3066 7439
3066 7709
3066 8047
3066 8676
3066 9997
3066 10088
3066 12360
3067 3694
3067 4185
3067 4961
3067 5481
3067 7233
3067 8263
3067 10750
3068 4543
3068 5121
3068 5373
3068 5622
3068 6654
3068 7356
3068 8482
3068 8494
3068 8810
3068 10220
3068 10547
3068 10620
3068 10990
3068 11029
3068 12356
3069 3079
3069 8056
3069 8337
3069 9036
3069 9353
3069 9581
3070 3895
3070 4112
3070 4281
3070 4883
3070 5240
3070 5281
3070 5407
3070 5731
3070 5838
3070 7003
3070 7083
3070 7773
3070 7975
3070 8243
3070 8322
3070 8549
3070 8574
3070 9274
3070 9447
3070 9683
3070 10209
3070 10782
3071 3723
3071 4163
3071 5195
3071 5266
3071 5482
3071 7599
3071 7902
3071 8117
3071 8651
3071 10099
3072 5442
3072 6254
3072 6604
3072 6745
3072 7006
3072 7703
3072 7713
3072 7751
3072 8456
3072 9176
3072 9301
3072 9395
3072 9769
3073 3684
3073 5260
3073 5414
3073 7254
3073 8177
3073 8910
3073 9052
3073 9125
3073 9925
3073 10617
3074 3862
3074 5009
3074 6070
3074 6071
3074 6697
3074 6873
3074 7421
3074 8575
3074 9037
3074 9251
3075 5115
3075 5147
3075 6862
3075 7075
3075 7586
3075 8168
3075 8850
3075 9245
3075 9690
3075 9766
3075 9898
3075 12364
3076 4027
3076 4037
3076 4427
3076 4992
3076 5883
3076 7073
3076 9445
3076 9785
3076 11686
3077 3302
3077 3306
3077 5125
3077 5338
3077 7353
3077 7356
3077 7411
3077 7422
3077 8584
3077 8611
3077 10697
3077 12355
3078 5868
3078 6558
3078 7129
3078 7343
3078 7352
3078 8194
3078 11788
3079 4604
3079 5224
3079 6308
3079 8337
3079 9036
3079 9353
3079 9581
3079 11116
3080 4047
3080 6277
3080 6745
3080 7468
3080 7629
3080 7703
3080 8456
3080 8542
3080 8761
3080 9301
3080 9769
3080 10177
3080 10178
3080 12205
3080 12673
3081 4079
3081 4081
3081 7042
3081 7296
3081 7707
3081 8005
3081 9343
3082 3850
3082 4691
3082 5801
3082 5974
3082 6488
3082 7666
3082 8593
3082 8759
3082 9067
3082 9182
3082 9758
3082 10405
3082 11408
3082 11644
3082 12568
3083 3409
3083 3516
3083 4740
3083 5376
3083 6160
3083 6523
3083 6968
3083 7010
3083 9396
3083 9530
3083 11909
3084 3309
3084 3988
3084 4652
3084 4926
3084 5840
3084 5869
3084 6469
3084 7226
3084 8205
3084 9247
3084 10011
3085 3871
3085 3914
3085 4910
3085 6630
3085 8047
3085 9997
3085 11772
3086 3484
3086 4139
3086 4477
3086 4604
3086 4744
3086 4808
3086 5224
3086 7447
3086 8718
3086 8802
3086 9036
3086 9196
3086 9324
3086 9437
3086 10185
3086 10298
3086 11728
3086 12125
3086 12181
3086 12359
3086 12372
3087 3444
3087 3937
3087 4849
3087 5690
3087 7024
3087 7366
3087 7860
3087 10610
3088 4951
3088 5488
3088 5674
3088 5981
3088 6448
3088 6835
3088 6859
3088 6971
3088 7698
3088 8066
3088 9408
3088 11886
3089 4023
3089 4466
3089 4537
3089 5700
3089 6572
3089 6579
3089 6813
3089 6960
3089 8264
3089 9446
3089 9974
3089 10559
3089 10888
3089 11738
3089 11782
3089 12570
3090 3777
3090 4514
3090 4954
3090 7303
3090 9323
3090 9442
3090 9641
3090 12292
3091 4434
3091 6694
3091 9952
3091 10053
3091 10171
3091 10190
3091 11822
3092 3409
3092 3571
3092 3868
3092 4197
3092 5088
3092 6904
3092 6934
3092 7127
3092 7245
3092 7597
3092 8039
3092 8585
3092 8588
3092 8994
3092 9454
3092 11552
3092 11770
3093 3314
3093 3532
3093 5920
3093 7446
3093 8041
3093 8312
3093 11850
3093 12603
3093 12612
3094 3707
3094 6855
3094 9989
3094 10493
3094 11243
3094 11739
3094 11915
3094 11926
3095 3307
3095 4558
3095 5868
3095 6641
3095 6674
3095 8953
3095 11812
3095 12358
3096 3402
3096 5382
3096 5830
3096 6259
3096 6370
3096 8578
3096 8735
3096 9269
3096 12648
3096 12694
3097 3312
3097 3427
3097 3956
3097 4019
3097 6018
3097 6084
3097 7314
3097 8856
3097 9268
3097 9970
3098 3102
3098 3274
3098 3467
3098 4715
3098 4789
3098 5179
3098 5826
3098 7113
3098 9114
3098 9153
3099 6052
3099 7023
3099 7038
3099 7454
3099 8267
3099 8579
3099 8612
3099 8620
3099 9760
3099 10926
3099 12417
3100 4967
3100 5962
3100 8644
3100 11479
3100 11621
3101 4961
3101 5596
3101 7233
3101 8162
3101 8290
3101 9552
3102 4337
3102 4715
3102 4987
3102 5179
3102 5826
3102 7086
3102 7113
3102 9114
3102 9137
3102 9153
3102 9597
3103 3105
3103 3500
3103 3960
3103 4867
3103 6300
3103 10415
3103 10546
3103 11023
3104 3604
3104 3622
3104 4170
3104 4335
3104 4919
3104 5760
3104 5978
3104 6902
3104 7999
3104 9062
3104 9244
3104 9950
3104 10924
3104 11214
3104 12214
3104 12272
3105 3500
3105 5658
3105 9718
3105 10415
3106 3820
3106 3892
3106 3943
3106 6776
3106 7646
3106 9389
3106 10860
3106 10936
3106 11096
3106 12414
3107 4387
3107 7036
3107 7212
3107 9080
3107 10470
3107 10769
3107 10902
3107 11285
3107 11726
3107 12208
3108 3553
3108 3973
3108 4325
3108 5063
3108 7197
3108 7742
3108 7822
3108 8784
3108 8834
3108 8944
3108 9688
3108 10824
3108 11611
3108 12179
3108 12493
3109 3665
3109 4965
3109 5237
3109 5895
3109 6191
3109 7750
3109 8250
3109 8453
3109 12286
3109 12287
3110 3370
3110 3664
3110 5104
3110 5665
3110 5931
3110 7315
3110 8917
3110 9818
3110 10010
3110 10394
3110 10965
3110 11065
3110 11423
3111 5200
3111 5273
3111 5688
3111 10458
3111 10481
3111 10621
3111 11434
3111 11436
3111 11437
3111 11679
3111 11955
3111 12515
3111 12516
3112 4511
3112 5178
3112 5487
3112 6397
3112 6447
3112 6514
3112 8121
3112 8523
3112 10288
3112 11839
3113 3398
3113 3428
3113 3787
3113 4542
3113 5919
3113 6781
3113 7081
3113 8145
3113 8809
3113 11493
3113 12073
3114 5175
3114 5540
3114 7470
3114 7561
3114 7663
3114 8170
3114 9456
3114 9494
3114 9697
3114 11008
3114 11791
3115 3229
3115 3403
3115 4298
3115 4698
3115 5278
3115 6030
3115 7951
3115 8866
3115 8914
3115 9807
3115 10085
3115 11242
3115 11710
3116 3283
3116 3634
3116 3941
3116 4489
3116 4641
3116 4885
3116 7232
3116 7939
3116 9378
3116 10900
3117 3297
3117 3341
3117 4103
3117 5882
3117 6382
3117 6614
3117 8122
3117 9145
3117 9861
3117 10691
3118 4858
3118 5171
3118 5484
3118 5606
3118 7177
3118 8479
3118 8805
3118 9489
3118 11093
3118 11361
3118 11462
3118 12477
3119 4482
3119 4483
3119 6841
3119 9738
3119 9905
3120 3737
3120 5990
3120 6743
3120 6792
3120 7587
3120 8273
3120 8356
3120 10834
3120 11016
3120 11533
3120 12439
3121 3243
3121 5522
3121 6670
3121 7218
3121 8474
3121 10833
3121 10858
3122 3931
3122 5731
3122 6127
3122 7083
3122 7824
3122 8160
3122 8549
3122 9726
3122 9802
3122 10179
3122 11797
3122 12076
3123 4126
3123 4399
3123 4789
3123 5179
3123 5362
3123 5642
3123 5707
3123 5903
3123 6229
3123 6329
3123 6426
3123 7033
3123 7220
3123 9461
3123 9563
3123 9880
3123 11517
3123 11625
3124 4293
3124 4864
3124 5239
3124 7166
3124 9409
3124 10372
3124 10466
3124 10984
3124 11994
3124 12004
3124 12017
3125 4606
3125 4642
3125 4759
3125 5835
3125 6327
3125 6739
3125 7816
3125 8769
3125 8844
3125 8976
3125 10269
3125 10359
3125 11220
3125 11775
3125 11853
3125 12443
3126 4587
3126 4710
3126 5062
3126 5248
3126 6445
3126 6870
3126 6966
3126 7252
3126 7372
3126 7758
3126 8197
3126 10937
3126 12256
3126 12537
3127 3253
3127 3443
3127 4393
3127 6572
3127 6778
3127 6813
3127 7183
3127 7521
3127 11944
3127 12275
3128 4251
3128 4354
3128 6171
3128 6596
3128 7274
3128 8025
3128 8220
3128 8764
3128 8859
3128 9680
3128 10148
3128 11936
3129 3896
3129 5544
3129 6164
3129 6918
3129 8347
3129 10387
3129 10596
3129 11724
3129 11918
3129 12089
3129 12099
3129 12124
3130 3212
3130 3990
3130 3999
3130 4005
3130 4247
3130 5579
3130 8053
3130 8546
3130 9321
3130 10040
3130 12684
3131 3614
3131 4987
3131 5210
3131 5852
3131 6814
3131 7086
3131 9125
3131 9137
3131 9214
3131 9573
3131 9616
3131 10730
3131 11279
3132 4644
3132 5007
3132 8418
3132 8818
3132 10221
3132 10629
3132 10916
3132 11229
3132 12468
3133 3327
3133 4755
3133 5407
3133 5536
3133 6435
3133 7003
3133 7459
3133 7718
3133 7956
3133 8513
3133 8608
3134 3235
3134 3826
3134 4982
3134 5208
3134 6244
3134 6272
3134 10936
3134 11421
3134 12229
3134 12260
3135 3825
3135 3874
3135 6456
3135 7790
3135 7829
3135 9604
3135 9824
3135 11491
3136 3232
3136 3353
3136 4810
3136 5824
3136 6330
3136 6948
3136 7397
3136 7398
3136 7949
3136 10092
3136 10326
3136 11864
3137 3934
3137 6077
3137 6385
3137 8164
3137 8528
3137 8649
3137 9392
3137 9936
3137 10333
3137 10999
3138 3784
3138 3795
3138 3897
3138 4281
3138 5574
3138 6028
3138 6595
3138 6687
3138 6700
3138 9480
3138 9595
3138 9651
3138 9904
3138 10727
3138 10759
3139 3521
3139 4046
3139 4302
3139 4567
3139 4944
3139 5363
3139 7512
3139 10409
3139 10757
3139 10995
3140 3231
3140 3855
3140 4070
3140 6587
3140 7342
3140 7690
3140 11327
3140 11953
3140 12482
3141 3495
3141 3903
3141 4170
3141 5018
3141 5180
3141 5246
3141 5273
3141 5364
3141 5591
3141 5845
3141 6014
3141 6507
3141 6902
3141 7722
3141 8364
3141 10992
3141 11679
3142 3426
3142 3767
3142 3781
3142 4527
3142 4836
3142 5082
3142 5169
3142 6035
3142 6557
3142 6921
3142 6931
3143 3319
3143 4106
3143 4304
3143 4639
3143 5538
3143 6373
3143 6578
3143 6717
3143 7272
3143 9071
3143 10229
3143 11859
3143 12049
3144 4136
3144 5104
3144 5665
3144 5772
3144 5863
3144 5931
3144 7369
3144 7905
3144 8146
3144 8356
3144 8917
3144 9640
3144 10191
3144 11409
3144 11423
3145 3691
3145 3751
3145 3991
3145 5089
3145 5185
3145 5618
3145 6724
3145 10656
3146 4707
3146 4971
3146 5819
3146 7062
3146 7712
3146 7848
3146 8116
3146 9770
3146 9948
3146 10408
3146 11393
3147 3668
3147 3769
3147 5262
3147 7011
3147 8163
3147 9088
3147 9317
3147 9713
3147 9796
3147 9901
3147 10097
3147 10206
3148 3353
3148 3704
3148 4810
3148 4812
3148 6267
3148 6832
3148 7949
3148 9124
3148 11224
3149 3654
3149 4785
3149 5053
3149 5133
3149 5734
3149 5879
3149 7619
3149 8316
3149 10781
3149 11127
3149 11318
3150 3958
3150 5141
3150 6233
3150 7157
3150 7716
3150 8995
3150 10654
3150 11386
3150 11394
3150 11502
3151 3175
3151 4031
3151 5135
3151 5866
3151 6113
3151 6491
3151 7291
3151 8298
3151 9159
3151 9229
3151 9550
3152 3171
3152 3668
3152 4351
3152 4648
3152 4925
3152 7065
3152 7271
3152 8163
3152 10216
3152 10239
3152 10558
3153 4280
3153 5011
3153 6050
3153 6270
3153 8386
3153 9077
3153 9306
3153 10646
3153 11270
3153 11419
3154 3271
3154 4646
3154 5799
3154 7523
3154 8538
3154 8600
3154 8713
3154 8732
3154 8743
3154 9909
3154 12424
3154 12560
3155 3485
3155 3562
3155 4280
3155 5008
3155 5011
3155 6418
3155 6712
3155 7475
3155 9103
3155 9809
3155 9975
3155 10006
3156 3591
3156 5138
3156 5481
3156 5696
3156 8389
3156 8791
3156 9276
3156 10156
3156 10580
3156 10750
3156 11272
3157 3347
3157 3844
3157 4896
3157 6194
3157 6657
3157 7451
3157 8148
3157 8238
3157 8682
3157 9465
3157 11441
3157 12234
3158 3986
3158 4417
3158 4519
3158 7004
3158 7564
3158 7757
3158 9112
3158 9199
3158 9716
3158 9993
3158 10278
3159 3897
3159 4014
3159 5574
3159 5592
3159 6028
3159 6186
3159 8001
3159 8310
3159 8403
3159 9511
3159 9868
3159 10203
3159 10759
3160 3163
3160 5817
3160 7714
3160 8448
3160 8566
3160 8898
3160 8958
3160 9086
3160 12068
3160 12120
3160 12127
3160 12198
3161 3492
3161 5097
3161 6356
3161 6360
3161 7214
3161 7454
3161 7599
3161 7776
3161 7798
3161 8117
3161 8464
3161 8579
3161 8633
3161 8651
3161 8988
3161 10118
3161 11012
3161 11228
3161 11255
3161 11755
3161 12349
3161 12373
3162 4028
3162 4599
3162 4643
3162 6108
3162 6920
3162 8435
3162 8609
3162 8900
3162 9204
3162 10370
3162 11590
3162 11720
3162 12646
3163 5366
3163 5817
3163 7016
3163 7063
3163 8448
3163 8566
3163 8898
3163 8939
3163 9086
3163 10119
3163 11273
3163 12068
3163 12127
3163 12198
3163 12454
3164 4578
3164 6298
3164 6840
3164 7243
3164 7931
3164 8150
3164 8420
3164 8894
3164 8960
3164 8976
3164 11773
3164 11896
3164 12083
3164 12120
3164 12159
3164 12587
3165 4540
3165 5995
3165 6916
3165 7313
3165 7958
3165 8916
3165 12277
3165 12311
3166 6586
3166 8269
3166 8999
3166 10009
3166 10769
3166 11519
3166 11726
3166 12536
3166 12651
3167 3697
3167 4122
3167 4701
3167 5611
3167 6811
3167 7290
3167 7434
3167 7658
3167 8770
3167 10654
3168 4804
3168 4998
3168 6822
3168 8382
3168 9187
3168 9281
3168 10644
3169 4153
3169 6483
3169 7307
3169 9183
3169 10049
3169 10400
3169 12100
3169 12107
3170 3869
3170 4317
3170 4712
3170 5506
3170 7820
3170 8404
3170 9308
3170 10363
3170 11917
3170 11924
3170 12573
3171 3668
3171 4351
3171 5217
3171 5219
3171 5726
3171 7141
3171 7271
3171 7874
3171 8163
3171 9088
3171 9599
3171 10097
3171 10216
3171 10719
3171 11938
3172 3174
3172 4224
3172 6530
3172 7115
3172 7393
3172 7655
3172 9575
3172 10163
3172 10183
3172 10837
3173 3662
3173 4167
3173 4493
3173 4571
3173 7801
3173 9839
3173 10667
3173 11329
3173 12316
3174 6530
3174 6942
3174 7498
3174 7655
3174 10163
3174 10837
3175 3936
3175 4031
3175 5135
3175 5866
3175 6491
3175 7437
3175 8544
3175 8838
3175 8941
3175 9195
3175 9229
3175 10770
3176 3981
3176 6503
3176 6821
3176 6900
3176 9746
3176 9926
3176 11671
3177 4912
3177 5524
3177 7337
3177 8118
3177 9696
3177 9729
3177 10164
3177 11104
3177 11659
3178 3542
3178 4818
3178 5445
3178 5543
3178 6176
3178 6746
3178 6891
3178 8075
3178 8129
3178 8195
3178 8229
3178 8897
3178 9116
3178 9858
3178 11794
3179 3769
3179 4435
3179 4568
3179 4818
3179 6176
3179 8572
3179 9317
3179 9629
3179 9713
3179 9795
3179 9796
3179 9901
3179 10047
3179 10206
3179 10295
3179 11014
3179 11741
3179 11851
3180 7855
3180 8454
3180 9196
3180 9464
3180 10185
3180 12531
3181 4572
3181 5154
3181 5813
3181 6015
3181 6522
3181 7182
3181 8291
3181 11032
3181 11550
3181 11609
3181 11661
3182 4070
3182 4074
3182 4201
3182 5793
3182 5977
3182 5982
3182 6029
3182 6742
3182 7342
3182 10034
3182 11327
3182 11940
3183 3538
3183 3586
3183 4062
3183 5601
3183 5974
3183 6638
3183 8216
3183 8543
3183 9690
3183 9766
3183 10098
3184 5288
3184 5300
3184 5933
3184 6623
3184 7147
3184 8815
3184 9576
3184 11740
3185 3538
3185 3711
3185 5004
3185 6558
3185 6747
3185 7343
3185 7352
3185 9556
3185 9695
3185 9896
3185 11388
3185 11779
3185 12613
3186 3473
3186 3889
3186 5681
3186 5953
3186 6201
3186 6207
3186 6662
3186 7321
3186 8254
3186 8645
3186 9836
3186 10083
3186 11345
3187 3307
3187 6674
3187 7466
3187 7482
3187 7628
3187 8074
3187 8953
3187 11812
3188 4995
3188 5303
3188 5360
3188 5660
3188 7359
3188 8729
3188 8735
3188 8947
3188 9023
3188 9269
3188 9351
3188 9798
3188 10024
3188 10572
3188 11108
3188 12689
3188 12694
3189 3265
3189 3933
3189 5102
3189 5189
3189 5550
3189 5662
3189 6148
3189 6703
3189 6854
3189 7286
3189 7930
3189 9132
3189 9289
3189 10993
3190 3191
3190 3283
3190 3343
3190 4664
3190 5157
3190 5354
3190 8114
3190 8410
3190 9878
3190 11690
3190 11993
3190 12467
3191 3283
3191 4563
3191 4664
3191 5157
3191 5354
3191 5449
3191 7702
3191 8114
3191 8410
3191 9878
3191 11690
3192 3734
3192 6753
3192 8428
3192 8663
3192 8913
3192 9662
3192 9683
3192 10043
3192 10301
3192 10426
3193 4523
3193 5012
3193 5750
3193 6981
3193 8560
3193 8580
3193 8581
3193 9054
3193 10720
3193 11217
3193 11818
3193 12679
3194 3633
3194 3835
3194 4376
3194 5194
3194 5567
3194 5568
3194 5582
3194 5711
3194 6049
3194 6726
3194 8367
3194 8478
3194 8880
3194 9512
3194 9515
3194 11501
3195 3324
3195 3415
3195 4181
3195 4685
3195 5402
3195 7654
3195 8032
3195 10147
3195 10551
3195 11144
3195 11995
3196 3214
3196 6404
3196 7284
3196 7753
3196 8602
3196 9205
3196 10031
3196 12081
3197 3797
3197 4214
3197 5110
3197 5279
3197 7976
3197 8061
3197 8508
3197 9658
3197 11250
3197 11596
3198 5797
3198 6570
3198 10850
3198 10861
3198 11153
3198 11309
3198 11322
3198 11375
3198 12289
3198 12546
3199 3851
3199 3899
3199 4016
3199 4093
3199 5905
3199 6345
3199 6884
3199 7133
3199 7501
3199 9094
3199 11347
3200 3211
3200 4133
3200 6538
3200 6571
3200 7199
3200 7203
3200 10956
3200 11180
3200 11296
3200 11440
3201 4871
3201 5199
3201 5244
3201 7139
3201 7761
3201 9093
3201 11124
3201 11134
3201 11141
3201 12284
3201 12380
3201 12668
3202 3470
3202 4396
3202 4638
3202 5516
3202 6285
3202 7982
3202 8400
3202 8708
3202 10778
3202 11673
3202 11795
3202 12325
3203 4510
3203 6205
3203 6875
3203 7622
3203 8599
3203 9810
3203 11068
3203 11192
3203 11759
3203 12313
3204 3206
3204 3304
3204 3824
3204 3966
3204 4542
3204 5056
3204 5580
3204 6563
3204 7266
3204 7444
3204 7682
3204 8230
3204 9078
3204 11118
3204 12363
3204 12593
3205 3350
3205 4018
3205 4146
3205 4873
3205 6260
3205 6372
3205 7360
3205 8828
3205 9460
3205 9877
3205 9878
3205 10048
3205 11260
3205 11725
3205 12467
3206 3304
3206 3966
3206 4542
3206 4678
3206 5580
3206 7266
3206 8232
3206 8789
3206 9292
3206 10510
3207 3940
3207 4099
3207 5390
3207 5557
3207 5904
3207 6540
3207 7087
3207 8443
3207 9420
3207 10497
3207 10856
3207 10880
3207 10964
3207 12661
3208 4621
3208 5192
3208 5365
3208 5548
3208 6153
3208 7124
3208 7365
3208 8468
3208 8852
3208 9626
3208 9986
3208 11041
3208 11055
3208 12118
3209 3873
3209 5634
3209 6626
3209 9165
3209 11360
3210 6142
3210 6143
3210 6795
3210 9068
3210 10516
3210 10533
3210 10639
3210 10982
3210 11275
3210 11957
3211 5891
3211 6339
3211 6538
3211 7199
3211 7203
3211 7377
3211 10956
3211 11180
3212 4247
3212 4430
3212 6074
3212 7104
3212 7111
3212 7865
3212 7872
3212 8053
3212 8255
3212 8302
3212 8826
3212 9321
3212 10116
3212 11852
3212 12199
3212 12315
3212 12684
3213 3607
3213 4334
3213 4956
3213 5059
3213 5849
3213 6786
3213 10132
3213 11753
3214 3696
3214 5308
3214 6404
3214 7753
3214 8313
3214 8602
3214 9203
3214 9205
3214 9257
3214 10031
3215 3722
3215 4294
3215 4957
3215 5401
3215 6670
3215 8326
3215 8429
3215 9735
3215 10103
3215 10598
3216 3665
3216 4975
3216 5100
3216 5839
3216 7095
3216 7636
3216 7750
3216 10403
3216 10815
3216 12287
3217 3248
3217 3285
3217 3431
3217 5562
3217 6648
3217 7927
3217 9106
3217 11900
3217 12428
3218 3558
3218 4830
3218 4901
3218 5045
3218 5051
3218 5060
3218 5092
3218 5645
3218 7532
3218 8881
3218 10877
3218 10914
3219 4015
3219 4791
3219 5890
3219 9187
3219 9281
3219 9483
3219 11642
3219 11688
3220 3352
3220 3359
3220 3757
3220 3827
3220 4114
3220 5569
3220 6081
3220 8459
3220 9988
3220 10048
3221 5609
3221 6798
3221 7484
3221 7543
3221 8057
3221 9366
3221 9884
3221 11206
3221 11579
3221 12564
3222 4184
3222 5259
3222 5881
3222 6330
3222 7720
3222 7723
3222 7779
3222 9140
3222 9390
3222 10326
3222 11373
3222 11619
3222 11750
3223 3507
3223 3631
3223 3786
3223 4057
3223 4154
3223 4249
3223 4269
3223 5455
3223 5523
3223 6004
3223 7464
3223 9431
3223 9672
3223 9805
3223 10567
3223 10810
3223 11222
3224 3686
3224 3793
3224 5220
3224 5892
3224 6025
3224 6197
3224 6564
3224 7901
3224 8161
3224 8171
3225 3974
3225 4000
3225 5771
3225 8458
3225 9456
3225 9673
3225 10296
3225 10659
3225 11489
3225 11602
3225 12216
3225 12556
3226 4116
3226 4688
3226 4906
3226 5341
3226 5639
3226 6505
3226 6728
3226 7097
3226 7103
3226 7262
3226 8519
3227 3290
3227 5006
3227 5090
3227 5098
3227 5408
3227 6396
3227 6617
3227 7507
3227 7600
3227 8669
3227 9175
3227 9982
3227 11578
3227 11599
3228 4546
3228 4553
3228 8440
3228 9234
3228 9502
3228 9587
3228 10368
3228 11021
3228 11071
3228 11897
3229 3403
3229 3407
3229 4211
3229 4718
3229 5003
3229 6752
3229 6975
3229 7448
3229 7951
3229 8437
3229 9807
3229 11582
3230 3732
3230 5451
3230 6085
3230 6212
3230 6606
3230 6715
3230 8226
3230 8570
3230 9070
3230 10067
3230 10767
3230 11269
3230 11948
3231 4070
3231 6587
3231 6636
3231 6716
3231 6742
3231 7342
3231 7690
3231 10034
3232 3323
3232 3805
3232 4124
3232 4773
3232 4853
3232 5259
3232 5824
3232 6075
3232 6600
3232 6948
3232 7383
3232 7398
3232 7501
3232 7643
3232 7949
3232 7967
3232 9171
3232 9325
3232 9372
3232 10326
3232 11277
3232 11864
3233 5185
3233 7239
3233 7500
3233 8361
3233 8363
3233 10001
3233 10167
3233 11274
3234 3405
3234 3795
3234 4022
3234 6500
3234 6595
3234 7555
3234 9073
3234 11631
3235 3236
3235 3826
3235 3847
3235 4828
3235 5695
3235 6495
3235 6776
3235 7646
3235 9389
3235 9740
3235 10936
3235 11421
3235 12260
3236 3346
3236 6495
3236 6776
3236 7559
3236 7877
3236 9617
3236 9740
3237 3986
3237 8929
3237 11769
3237 11824
3238 3636
3238 6043
3238 6767
3238 6970
3238 7264
3238 7289
3238 7739
3239 3346
3239 4288
3239 4292
3239 4361
3239 4930
3239 5810
3239 6066
3239 6284
3239 7510
3239 8275
3239 8719
3239 8792
3239 9146
3239 9561
3240 3638
3240 5370
3240 5773
3240 6264
3240 6791
3240 7417
3240 8503
3241 3992
3241 4689
3241 7110
3241 7165
3241 7181
3241 7915
3241 9299
3241 9705
3241 10643
3241 12547
3242 3269
3242 4848
3242 5098
3242 7288
3242 8019
3242 8028
3242 9024
3243 3796
3243 7218
3243 8434
3243 8474
3243 8904
3243 9692
3243 10833
3243 11076
3243 11410
3243 11411
3244 3257
3244 3480
3244 3663
3244 4130
3244 4926
3244 4975
3244 5133
3244 6533
3244 6821
3244 7095
3244 8199
3244 9327
3244 9507
3244 9746
3245 5168
3245 5833
3245 5939
3245 7407
3245 7563
3245 7794
3245 9330
3245 11097
3245 11280
3245 12561
3246 4056
3246 4358
3246 4985
3246 5361
3246 5655
3246 6400
3246 7704
3246 8911
3246 9336
3246 10252
3246 10379
3246 10469
3246 10768
3246 11694
3247 3989
3247 4264
3247 10230
3247 10400
3247 12107
3247 12139
3247 12166
3247 12540
3248 5562
3248 6648
3248 7326
3248 9106
3248 9368
3248 10429
3248 10437
3248 11900
3248 12253
3248 12428
3248 12441
3249 4278
3249 4363
3249 4891
3249 5404
3249 5415
3249 5533
3249 6526
3249 7363
3249 8214
3249 8301
3249 8493
3249 9158
3249 9763
3249 10078
3249 11615
3249 12572
3250 3824
3250 4533
3250 5056
3250 5288
3250 6393
3250 7017
3250 7067
3250 9637
3251 3503
3251 3917
3251 4030
3251 5689
3251 5871
3251 8151
3251 9186
3251 9691
3251 9838
3251 10696
3251 11003
3252 3543
3252 6874
3252 7153
3252 8052
3252 8609
3252 9719
3252 9890
3252 10370
3252 10767
3252 11269
3252 12155
3252 12606
3252 12646
3253 3498
3253 4393
3253 4528
3253 4815
3253 5855
3253 7521
3253 9258
3253 9699
3253 10578
3253 10599
3253 12275
3254 5042
3254 5603
3254 6375
3254 7849
3254 8008
3254 8847
3254 8883
3254 9591
3254 11796
3254 12244
3255 3467
3255 3785
3255 4260
3255 6028
3255 6595
3255 7309
3255 7555
3255 8182
3255 9135
3255 9166
3255 9212
3255 9331
3255 9567
3255 10489
3255 11018
3255 11239
3255 11631
3256 3461
3256 3560
3256 3663
3256 3928
3256 4288
3256 4292
3256 4343
3256 4361
3256 5116
3256 5237
3256 5720
3256 6066
3256 6726
3256 7904
3256 10035
3256 10139
3256 10735
3257 3480
3257 4926
3257 5100
3257 7095
3257 8199
3257 9327
3257 9643
3257 10403
3258 4223
3258 5594
3258 5864
3258 6248
3258 7042
3258 7492
3258 7594
3258 10057
3258 10684
3259 3369
3259 3752
3259 3923
3259 5353
3259 8767
3259 8788
3259 8833
3259 9490
3259 9650
3260 5578
3260 8140
3260 8469
3260 9263
3260 9737
3260 9938
3260 10788
3260 12422
3261 3263
3261 3273
3261 3331
3261 4081
3261 5867
3261 8173
3261 9343
3261 11406
3262 4411
3262 4766
3262 4794
3262 4961
3262 5380
3262 7960
3262 8190
3262 8261
3262 8536
3262 9779
3263 4081
3263 5867
3263 8173
3263 8904
3263 9343
3263 11406
3263 11640
3264 3807
3264 4787
3264 7046
3264 7382
3264 8207
3264 8281
3264 8305
3264 12335
3265 3794
3265 3933
3265 4034
3265 5189
3265 5733
3265 6854
3265 9289
3265 9991
3265 10728
3265 10993
3266 4504
3266 4930
3266 5573
3266 7316
3266 7624
3266 8506
3266 8660
3267 4929
3267 7167
3267 7590
3267 8627
3267 8926
3267 9206
3267 9899
3267 11776
3267 11777
3268 3270
3268 3276
3268 7045
3268 7051
3268 8950
3268 9194
3268 9195
3268 9897
3268 10770
3268 11483
3268 11780
3269 4848
3269 5078
3269 7288
3269 8019
3269 8028
3269 8628
3269 9024
3269 12610
3270 4754
3270 5528
3270 6518
3270 7051
3270 8101
3270 8131
3270 8950
3270 9897
3270 11483
3270 11780
3271 5799
3271 6210
3271 7523
3271 8239
3271 8538
3271 8568
3271 8736
3271 9043
3271 10080
3271 10800
3271 12424
3271 12560
3272 3386
3272 4824
3272 4912
3272 5323
3272 5524
3272 6315
3272 7498
3272 8029
3272 8750
3272 8996
3272 9622
3272 11104
3272 11556
3272 11718
3273 3331
3273 4081
3273 5867
3273 6086
3273 8173
3273 9343
3273 10625
3273 11112
3273 11406
3274 3467
3274 3785
3274 4789
3274 5179
3274 5790
3274 6229
3274 8573
3274 9059
3274 9114
3274 10489
3275 3612
3275 3939
3275 4852
3275 5118
3275 5177
3275 5867
3275 7219
3275 10874
3275 10976
3276 3311
3276 3997
3276 4312
3276 4467
3276 4661
3276 5046
3276 5866
3276 6661
3276 6949
3276 8131
3276 8544
3276 8545
3276 8950
3276 9229
3276 9897
3276 10265
3276 10770
3276 12080
3277 3881
3277 5245
3277 6063
3277 7436
3277 8006
3277 8516
3277 8750
3277 8923
3277 9619
3278 3748
3278 3756
3278 7071
3278 7487
3278 7605
3278 8027
3278 8139
3278 8381
3278 8751
3278 9237
3278 10038
3278 11053
3279 3722
3279 4294
3279 4633
3279 5101
3279 5475
3279 6475
3279 6490
3279 6569
3279 8326
3279 8530
3279 8658
3279 9596
3279 9735
3279 10471
3279 10618
3279 12376
3280 3282
3280 3335
3280 3885
3280 4717
3280 6033
3280 7717
3280 9196
3280 10298
3280 12326
3280 12531
3281 4500
3281 4690
3281 4887
3281 4976
3281 6352
3281 6402
3281 6403
3281 6807
3281 6849
3281 9151
3281 9356
3281 10426
3281 11149
3281 11802
3281 11829
3281 12328
3282 3335
3282 3371
3282 3885
3282 4674
3282 6026
3282 6033
3282 7717
3282 9196
3282 10298
3282 12326
3282 12531
3283 3343
3283 3517
3283 4489
3283 4563
3283 4641
3283 4664
3283 5157
3283 5354
3283 7702
3283 7939
3283 11847
3283 11993
3283 12467
3284 3588
3284 4279
3284 4461
3284 6574
3284 7258
3284 8031
3284 8522
3284 8685
3284 8811
3284 9794
3284 10487
3284 10844
3285 3431
3285 4196
3285 6180
3285 6291
3285 6648
3285 7522
3285 8013
3285 8136
3285 8977
3285 9106
3285 9371
3285 11557
3285 12428
3285 12657
3286 3344
3286 3942
3286 4083
3286 4317
3286 5008
3286 6712
3286 7025
3286 7725
3286 7932
3286 7964
3286 9338
3286 9809
3286 10006
3286 10402
3287 3289
3287 3718
3287 4397
3287 4934
3287 6497
3287 9315
3287 9472
3287 10084
3287 10722
3288 3819
3288 4007
3288 4036
3288 4063
3288 7638
3288 8183
3288 10300
3288 10577
3288 12215
3288 12655
3289 4341
3289 4397
3289 6497
3289 10084
3289 10722
3290 3731
3290 3788
3290 4496
3290 5006
3290 5408
3290 6501
3290 6517
3290 6617
3290 6638
3290 6709
3290 7461
3290 7586
3290 8051
3290 8669
3290 8927
3290 10685
3290 11599
3291 3567
3291 3894
3291 4358
3291 4637
3291 4659
3291 4879
3291 5554
3291 5561
3291 6969
3291 8730
3291 9030
3291 10972
3291 11389
3291 11744
3291 12455
3292 3294
3292 4468
3292 4548
3292 9318
3292 9406
3293 4030
3293 4440
3293 4817
3293 5208
3293 5687
3293 6626
3293 6812
3293 7076
3293 7078
3293 8246
3293 9139
3293 9141
3293 9165
3293 9605
3293 10408
3293 10696
3293 10738
3293 11393
3293 11421
3293 11645
3293 12229
3294 3689
3294 4009
3294 4468
3294 4548
3294 7093
3294 9193
3294 9406
3294 12242
3295 3749
3295 3937
3295 4639
3295 4708
3295 5372
3295 5952
3295 6933
3295 6966
3295 7366
3295 9071
3295 9231
3295 9333
3295 12306
3296 3476
3296 5732
3296 5733
3296 6082
3296 6250
3296 6652
3296 8116
3296 8457
3296 8583
3296 8733
3296 8773
3296 9991
3296 10728
3296 11138
3296 11543
3296 11577
3297 4760
3297 5578
3297 5805
3297 6382
3297 6614
3297 7276
3297 8122
3297 8855
3297 9192
3297 9743
3297 9861
3297 10691
3298 4498
3298 4821
3298 5430
3298 6936
3298 8272
3298 9209
3298 9812
3299 4628
3299 5319
3299 7573
3299 7598
3299 7880
3299 8026
3299 8935
3299 9452
3299 9541
3299 10100
3299 10755
3299 12084
3300 3835
3300 5389
3300 5418
3300 5573
3300 5913
3300 6793
3300 8367
3300 8786
3300 9457
3300 9469
3300 9790
3300 10744
3301 4478
3301 4752
3301 5397
3301 6611
3302 5125
3302 7353
3302 7356
3302 7411
3302 7422
3302 8388
3302 8584
3302 8986
3302 10220
3302 10620
3303 7463
3303 8733
3303 10732
3303 11026
3303 11138
3303 11140
3303 11169
3304 5580
3304 7266
3304 7852
3304 10245
3304 10510
3304 12134
3304 12363
3305 3550
3305 3575
3305 3909
3305 3911
3305 3915
3305 4455
3305 4875
3305 4923
3305 5432
3305 6045
3305 6659
3305 7637
3305 10758
3306 5125
3306 7356
3306 7422
3306 8584
3306 8653
3306 10990
3306 12355
3306 12356
3307 6641
3307 6674
3307 8074
3307 11812
3308 3466
3308 3705
3308 3737
3308 6100
3308 7279
3308 8857
3309 3494
3309 3988
3309 4652
3309 7029
3309 7099
3309 7226
3309 8205
3309 8774
3309 9247
3309 10011
3309 10939
3309 11783
3309 11809
3309 11941
3310 3350
3310 4018
3310 5379
3310 5651
3310 5862
3310 6678
3310 6961
3310 8400
3310 10938
3310 11300
3310 11310
3310 11407
3310 11825
3310 11855
3311 3848
3311 3997
3311 4661
3311 6661
3311 6748
3311 6911
3311 8131
3311 8545
3311 10265
3311 11542
3312 3715
3312 3730
3312 4019
3312 7558
3312 8211
3312 9970
3313 3674
3313 3681
3313 4252
3313 6445
3313 8197
3313 8339
3313 9423
3313 9594
3313 10507
3313 12093
3313 12098
3314 5920
3314 8041
3314 8312
3314 8622
3314 8677
3314 10039
3314 11850
3314 12603
3314 12612
3315 3554
3315 4456
3315 6929
3315 7429
3315 7446
3315 8546
3315 8605
3315 9812
3316 3902
3316 4108
3316 4781
3316 4801
3316 4921
3316 5312
3316 5420
3316 6479
3316 6960
3316 9241
3316 9974
3316 10559
3316 11146
3317 6694
3317 6938
3317 9543
3317 9787
3317 9929
3317 9931
3317 9964
3317 10495
3317 11376
3317 11482
3317 11981
3318 5123
3318 5474
3318 8245
3318 8887
3318 9383
3318 11653
3318 11656
3318 11693
3318 12393
3319 4106
3319 6717
3319 10192
3319 10229
3319 10951
3319 11186
3319 12049
3319 12412
3320 6130
3320 7577
3320 9539
3320 9786
3320 10543
3320 10573
3320 11035
3320 12023
3320 12142
3320 12172
3320 12174
3320 12176
3320 12491
3321 5555
3321 5704
3321 7669
3321 8689
3321 9207
3322 3486
3322 4395
3322 6040
3322 6675
3322 7493
3322 7580
3322 7606
3322 7793
3322 8227
3322 9403
3322 9461
3322 9611
3322 9616
3322 11517
3322 11627
3323 4124
3323 6267
3323 6948
3323 7532
3323 7949
3323 7967
3323 10431
3323 11591
3324 3415
3324 3479
3324 4685
3324 5402
3324 7654
3324 9912
3324 10147
3324 10517
3324 11144
3324 11946
3324 11995
3324 11999
3324 12545
3325 3332
3325 5908
3325 6144
3325 7774
3325 7926
3325 8401
3325 10212
3325 10627
3325 11648
3325 11716
3325 12383
3326 4747
3326 5314
3326 7889
3326 10351
3326 10374
3326 10383
3326 11253
3326 11263
3326 12189
3327 4755
3327 6435
3327 7459
3327 8513
3327 8704
3327 8725
3328 3677
3328 4145
3328 4147
3328 4236
3328 5352
3328 6922
3328 7020
3328 7357
3328 7502
3328 8196
3328 11607
3328 11639
3328 11658
3328 12259
3329 5050
3329 5759
3329 7179
3329 8547
3329 8946
3329 9874
3329 10898
3329 11505
3330 4543
3330 4857
3330 5512
3330 6654
3330 7601
3330 8276
3330 8368
3330 8595
3330 8738
3331 4890
3331 5867
3331 7219
3331 7846
3331 7907
3331 8173
3331 11112
3332 4944
3332 6144
3332 6413
3332 7926
3332 10217
3332 10757
3332 11570
3332 11603
3332 11638
3332 11648
3332 11716
3332 12383
3333 3545
3333 3686
3333 3687
3333 4161
3333 4297
3333 5025
3333 5751
3333 5892
3333 5960
3333 6025
3333 6449
3333 7901
3333 8171
3333 11078
3333 11081
3333 11516
3333 12396
3333 12458
3334 3454
3334 3809
3334 6530
3334 9575
3334 12207
3335 3371
3335 3885
3335 4717
3335 6026
3335 6684
3335 7855
3335 10386
3335 12030
3335 12531
3336 3719
3336 3747
3336 3751
3336 4823
3336 4940
3336 5084
3336 5089
3336 5387
3336 5815
3336 6509
3336 6724
3336 7253
3336 9272
3336 10062
3337 3971
3337 4145
3337 5271
3337 5352
3337 5632
3337 6313
3337 6581
3337 7108
3337 7909
3337 8010
3338 4752
3338 4850
3338 5050
3338 5052
3338 5507
3338 8402
3338 8946
3338 9100
3338 9126
3338 10898
3338 11813
3338 11814
3339 3513
3339 3703
3339 4556
3339 5910
3339 6414
3339 7665
3339 8050
3339 10720
3339 11766
3339 12431
3339 12604
3340 4017
3340 4366
3340 4705
3340 5340
3340 6238
3340 6351
3340 6573
3340 7325
3340 7549
3340 9031
3340 10920
3340 11103
3341 5502
3341 5523
3341 5882
3341 6614
3341 8122
3341 9170
3341 9671
3341 9745
3341 9861
3341 10810
3342 3487
3342 4977
3342 5010
3342 5430
3342 6165
3342 6936
3342 7747
3343 4489
3343 5157
3343 6886
3343 7066
3343 7140
3343 8410
3343 9051
3343 11690
3343 12467
3344 4083
3344 4085
3344 4094
3344 5156
3344 5228
3344 6750
3344 7932
3344 7964
3344 9092
3344 9313
3344 9338
3344 9603
3344 10287
3344 11937
3345 3685
3345 3773
3345 4630
3345 6965
3345 9299
3345 10260
3345 10827
3346 3461
3346 4025
3346 4292
3346 4361
3346 4930
3346 5810
3346 5918
3346 6066
3346 6776
3346 7559
3346 7617
3346 7877
3346 8719
3346 9146
3346 9222
3346 9617
3346 9740
3346 10307
3346 10329
3346 10395
3346 11240
3347 3451
3347 6815
3347 6898
3347 7451
3347 8224
3347 11030
3347 11058
3347 11441
3347 11531
3347 12567
3348 3654
3348 4507
3348 5100
3348 5748
3348 7146
3348 7619
3348 8691
3348 9327
3348 9440
3348 9643
3348 9667
3348 10781
3348 12285
3349 5284
3349 5296
3349 6996
3349 9877
3349 10140
3349 10477
3349 10820
3349 11605
3349 12576
3350 4018
3350 4644
3350 4937
3350 5862
3350 6372
3350 7156
3350 7360
3350 10324
3350 10938
3350 11260
3350 11310
3350 11825
3351 5242
3351 6140
3351 6411
3351 6550
3351 6897
3351 7054
3351 9555
3351 10158
3351 10384
3352 3359
3352 3757
3352 6081
3352 7566
3352 8332
3352 8787
3352 8828
3352 9378
3352 9460
3352 10048
3352 11725
3352 11847
3352 11931
3353 3907
3353 4810
3353 6267
3353 6948
3353 7949
3353 9124
3353 10326
3353 10431
3353 11586
3354 3625
3354 4362
3354 7621
3354 7979
3354 8873
3354 8967
3354 8969
3354 9203
3354 9449
3354 10297
3354 10725
3354 11894
3354 12590
3354 12687
3355 3500
3355 3960
3355 5848
3355 6202
3355 6328
3355 8154
3355 10358
3355 10561
3355 11148
3355 11355
3355 11465
3355 12141
3356 4488
3356 7524
3356 8424
3356 9278
3356 9711
3356 10502
3356 11378
3357 3442
3357 3540
3357 4256
3357 4311
3357 4470
3357 5356
3357 5996
3357 7170
3357 7327
3357 8100
3357 8650
3357 8861
3357 11589
3358 3529
3358 4659
3358 5476
3358 8330
3358 9030
3358 9679
3358 10170
3358 10686
3359 6081
3359 8332
3359 8459
3359 10666
3359 11022
3360 3393
3360 5190
3360 5314
3360 7889
3360 8487
3360 9963
3360 10237
3361 3396
3361 4338
3361 9783
3361 10243
3361 10978
3361 11392
3361 12002
3361 12007
3361 12410
3361 12413
3361 12529
3362 3558
3362 3901
3362 6032
3362 6099
3362 6939
3362 7526
3362 10914
3362 10919
3362 11491
3363 3776
3363 4001
3363 6131
3363 6393
3363 6734
3363 7067
3363 7147
3363 7238
3363 7851
3363 8343
3363 8749
3363 10126
3363 10473
3364 6550
3364 6607
3364 6992
3364 7614
3364 7701
3364 8282
3364 9555
3364 9744
3364 9984
3364 10384
3364 10671
3364 11487
3364 11616
3365 4614
3365 5434
3365 7040
3365 7979
3365 8303
3365 8497
3365 8873
3365 10106
3365 10297
3365 10369
3365 12095
3366 4087
3366 4877
3366 5226
3366 6001
3366 6122
3366 8135
3366 10526
3366 10574
3366 12167
3367 3684
3367 4254
3367 4984
3367 5035
3367 5414
3367 5521
3367 5917
3367 6359
3367 7639
3367 9387
3367 9920
3367 10733
3367 11420
3367 12399
3368 4082
3368 4229
3368 4447
3368 4522
3368 4601
3368 4651
3368 5963
3368 5964
3368 6463
3368 6775
3368 6824
3368 6861
3368 7251
3368 7767
3368 8137
3368 8466
3368 8890
3368 9004
3368 10418
3368 12249
3368 12472
3368 12532
3369 3752
3369 3790
3369 3923
3369 4460
3369 5353
3369 6549
3369 7304
3369 8767
3369 8833
3369 9650
3369 10679
3370 4339
3370 5104
3370 5665
3370 5772
3370 5931
3370 9640
3370 9818
3370 10010
3370 10524
3370 10893
3370 12631
3371 3885
3371 4674
3371 5392
3371 5663
3371 6112
3371 6332
3371 7855
3371 9196
3371 10386
3371 12125
3371 12181
3371 12531
3372 3737
3372 6743
3372 9468
3372 10079
3372 10784
3372 11344
3372 11533
3372 12439
3373 3468
3373 4505
3373 4666
3373 6699
3373 7714
3373 8262
3373 8686
3373 9288
3373 9590
3373 10017
3373 11559
3373 12211
3373 12333
3374 3701
3374 4299
3374 5772
3374 6034
3374 6262
3374 7172
3374 7369
3374 7537
3374 7587
3374 7905
3374 8217
3374 8356
3374 8857
3375 3471
3375 3734
3375 4144
3375 4398
3375 5247
3375 7772
3375 8913
3375 10285
3375 10587
3375 10718
3375 11056
3376 3455
3376 3579
3376 4562
3376 5322
3376 5744
3376 6719
3376 7015
3376 7531
3376 7546
3376 8416
3376 8920
3376 8924
3376 9725
3376 12077
3377 4039
3377 5528
3377 5874
3377 6104
3377 6706
3377 6857
3377 7119
3377 8101
3377 8284
3377 8835
3377 8891
3377 11628
3377 12232
3377 12337
3378 3989
3378 4167
3378 4394
3378 6483
3378 7788
3378 7801
3378 10230
3378 10338
3378 10400
3379 4863
3379 5774
3379 7035
3379 8187
3379 8351
3379 10240
3380 3578
3380 3821
3380 4296
3380 4585
3380 5468
3380 6450
3380 6510
3380 6615
3380 7887
3380 7995
3380 8490
3380 9069
3380 9655
3380 10050
3380 11761
3381 3432
3381 4142
3381 6172
3381 6932
3381 8853
3381 9632
3381 10764
3381 11614
3382 3617
3382 4499
3382 5281
3382 5838
3382 6409
3382 6481
3382 6602
3382 6715
3382 7942
3382 8322
3382 9345
3382 9607
3382 9832
3382 10067
3382 10373
3382 11149
3382 11800
3382 12328
3383 3473
3383 3650
3383 3891
3383 4086
3383 4120
3383 4321
3383 5896
3383 6268
3383 8422
3383 8778
3383 9328
3383 9836
3383 11126
3383 11345
3384 5809
3384 6168
3384 9980
3384 10181
3384 11184
3384 12395
3385 5067
3385 7742
3385 8323
3385 8784
3385 8829
3385 8834
3385 8892
3385 8895
3385 9119
3385 11536
3385 12337
3385 12563
3386 3522
3386 5145
3386 5509
3386 5865
3386 6315
3386 6805
3386 7498
3386 8029
3386 8287
3386 8551
3386 8750
3386 9242
3386 9264
3386 11115
3386 11556
3386 12614
3387 4160
3387 5746
3387 9210
3387 9211
3387 9428
3388 3546
3388 3981
3388 5545
3388 6503
3388 8311
3388 8644
3388 9756
3388 10353
3388 10556
3389 5733
3389 5829
3389 5972
3389 6082
3389 9948
3389 10109
3389 10751
3389 11713
3390 3759
3390 3829
3390 4115
3390 4130
3390 4652
3390 4918
3390 10011
3390 10189
3391 3906
3391 4973
3391 4991
3391 6096
3391 7396
3391 8644
3391 9053
3391 9835
3391 10086
3391 10556
3391 11811
3392 3563
3392 5087
3392 5101
3392 5676
3392 6342
3392 7126
3392 8530
3393 4372
3393 8487
3393 9963
3393 10237
3394 3659
3394 4921
3394 5325
3394 5599
3394 5797
3394 6167
3394 7724
3394 9859
3394 10559
3394 11320
3394 11413
3394 12140
3394 12546
3394 12625
3395 4001
3395 6958
3395 7034
3395 7238
3395 7527
3395 7797
3395 7813
3395 7818
3395 7847
3395 7878
3395 8664
3395 10989
3395 11846
3396 4338
3396 4364
3396 4444
3396 4660
3396 6111
3396 9783
3396 10978
3396 11392
3396 12002
3396 12007
3397 5654
3397 7275
3397 8209
3397 8718
3397 9196
3397 10185
3397 10298
3397 12326
3397 12359
3398 3428
3398 4542
3398 4730
3398 5306
3398 5919
3398 6302
3398 7081
3398 7084
3398 11493
3398 11751
3398 12073
3399 3612
3399 3939
3399 4200
3399 4216
3399 5867
3399 10003
3400 4033
3400 4131
3400 5219
3400 5877
3400 7008
3400 7141
3400 7552
3400 8863
3400 9615
3400 9785
3400 10302
3400 11569
3400 11686
3400 11938
3401 3905
3401 6032
3401 6341
3401 6982
3401 9844
3401 10690
3402 4418
3402 5382
3402 6017
3402 6731
3402 7441
3402 8578
3402 8622
3402 10376
3402 11111
3402 11764
3402 12430
3402 12648
3402 12694
3403 3407
3403 4211
3403 5250
3403 7951
3403 8437
3403 11242
3403 11582
3404 3937
3404 4129
3404 4252
3404 4849
3404 5062
3404 5847
3404 6870
3404 7024
3404 9423
3404 10172
3405 4022
3405 4449
3405 5038
3405 6498
3405 6500
3405 6541
3405 8201
3405 9073
3405 10033
3405 10381
3406 3927
3406 9238
3406 9837
3406 10015
3406 12227
3407 4211
3407 11582
3408 3708
3408 3718
3408 4943
3408 5598
3408 7376
3408 8238
3408 8500
3408 9315
3408 10699
3408 10703
3408 12365
3409 3516
3409 3868
3409 3882
3409 3967
3409 5088
3409 5416
3409 6160
3409 6346
3409 6560
3409 6904
3409 6934
3409 7245
3409 7700
3409 7899
3409 9530
3409 11219
3409 11552
3409 11909
3410 5292
3410 6129
3410 7531
3410 8362
3410 9983
3410 10133
3410 10694
3410 11784
3410 12077
3411 3429
3411 4970
3411 4989
3411 5004
3411 5966
3411 6988
3411 7436
3411 7607
3411 9379
3411 9516
3411 9619
3411 9864
3411 10747
3411 10748
3411 12336
3412 3530
3412 5248
3412 6012
3412 7884
3412 9355
3412 10280
3412 12296
3413 3733
3413 4055
3413 6601
3413 7584
3413 9363
3413 9856
3413 10022
3413 10071
3413 10552
3413 10858
3413 11496
3413 11703
3413 11719
3414 3762
3414 4416
3414 5668
3414 6261
3414 6999
3414 7379
3414 8283
3414 8553
3414 8576
3414 10394
3414 10565
3414 11532
3415 4423
3415 5402
3415 6647
3415 7101
3415 7654
3415 10551
3415 11144
3415 11995
3416 4178
3416 4451
3416 5292
3416 5307
3416 6190
3416 6983
3416 7030
3416 7546
3416 7810
3416 8345
3416 10450
3416 10694
3416 10799
3416 10895
3416 11784
3416 11920
3416 12171
3416 12188
3417 3638
3417 4491
3417 4683
3417 5370
3417 5564
3417 6120
3417 10102
3417 10134
3417 12390
3418 5546
3418 5572
3418 6125
3418 6912
3418 9524
3418 9592
3418 11961
3418 11967
3418 11979
3418 12469
3418 12524
3419 4087
3419 4186
3419 5132
3419 5226
3419 7036
3419 7069
3419 7863
3419 8748
3419 10186
3419 10526
3419 11691
3419 12052
3419 12121
3419 12139
3419 12436
3419 12670
3420 3472
3420 4678
3420 5121
3420 5662
3420 5875
3420 8789
3420 9848
3420 10510
3420 10547
3420 11024
3421 3509
3421 3510
3421 4043
3421 4155
3421 4480
3421 5010
3421 5294
3421 5650
3421 6325
3421 6692
3421 7248
3421 7747
3422 3547
3422 3548
3422 3549
3422 4485
3422 4859
3422 7154
3422 8690
3422 9233
3422 9891
3422 9950
3422 10479
3422 10853
3422 10948
3422 10950
3422 11705
3423 4532
3423 6036
3423 6270
3423 7171
3423 8386
3423 8640
3423 9402
3423 11270
3424 3790
3424 3839
3424 4460
3424 4722
3424 7304
3424 7775
3424 9569
3424 10679
3425 3591
3425 3755
3425 4579
3425 4834
3425 4837
3425 6378
3425 6463
3425 6824
3425 8040
3425 8186
3425 8860
3425 9127
3425 9635
3425 11614
3425 11637
3426 4527
3426 6035
3426 6921
3426 6931
3426 7659
3426 10176
3427 3972
3427 4019
3427 4687
3427 4914
3427 5315
3427 5697
3427 6018
3427 6084
3427 7558
3427 8856
3427 9160
3427 9268
3427 9620
3427 9669
3427 11289
3427 11575
3428 4392
3428 4542
3428 5316
3428 7917
3428 8063
3428 11264
3428 11493
3428 11751
3428 12073
3429 3430
3429 4797
3429 4989
3429 6723
3429 7626
3429 8492
3429 9379
3429 10254
3429 12336
3430 6723
3430 7116
3430 7405
3430 7626
3430 8492
3430 9693
3430 11598
3430 12336
3431 5562
3431 6180
3431 6291
3431 7927
3431 9106
3431 9279
3432 3470
3432 4615
3432 5754
3432 6172
3432 6932
3432 9632
3432 11614
3432 11673
3432 12464
3433 3675
3433 3971
3433 5271
3433 6074
3433 6348
3433 6651
3433 7108
3433 7620
3433 7909
3433 8247
3433 8249
3433 11752
3434 4123
3434 4253
3434 4694
3434 5821
3434 5979
3434 7314
3434 8167
3434 8203
3434 8596
3434 9268
3434 10000
3435 3753
3435 4415
3435 4566
3435 4742
3435 4750
3435 5095
3435 5183
3435 6095
3435 6446
3435 6820
3435 9473
3435 10120
3435 10258
3435 10808
3435 11706
3436 3470
3436 3568
3436 4638
3436 4814
3436 5912
3436 6698
3436 6903
3436 7333
3436 9033
3436 9815
3436 11614
3436 12464
3437 3438
3437 3658
3437 3853
3437 7135
3437 7483
3437 7942
3437 8349
3437 9832
3437 9941
3437 10715
3437 11470
3438 3658
3438 7135
3438 8349
3438 8846
3438 10715
3438 11301
3438 11396
3438 11470
3439 6173
3439 6730
3439 7204
3439 7697
3439 8260
3439 9870
3439 10159
3439 10791
3439 10932
3439 11942
3439 11962
3439 11966
3439 12013
3439 12235
3439 12579
3440 3710
3440 3941
3440 4684
3440 4885
3440 6712
3440 7094
3440 8204
3440 8332
3440 9378
3440 10666
3440 12378
3441 3569
3441 3585
3441 3629
3441 6364
3441 6644
3441 6985
3441 7091
3441 7423
3441 7472
3441 9038
3441 9493
3441 9646
3441 10665
3441 11251
3441 11763
3441 12352
3441 12408
3441 12691
3442 3540
3442 4422
3442 4603
3442 6326
3442 7170
3442 8650
3442 8861
3442 10005
3442 12366
3443 4393
3443 4528
3443 5073
3443 5148
3443 6005
3443 6178
3443 6591
3443 6761
3443 7183
3443 7521
3443 9773
3443 10174
3444 4580
3444 7024
3444 7366
3444 10610
3444 12243
3445 4018
3445 4426
3445 4861
3445 5267
3445 5379
3445 6737
3445 7037
3445 8400
3445 8468
3445 10938
3445 11221
3445 12468
3446 3787
3446 5140
3446 5166
3446 5403
3446 6343
3446 6344
3446 6757
3446 6781
3446 6830
3446 7084
3446 7574
3446 8809
3446 9463
3446 9724
3446 11231
3446 11503
3446 12283
3447 4465
3447 4836
3447 5031
3447 5169
3447 5499
3447 6941
3447 8849
3447 9535
3447 10819
3447 12231
3448 5012
3448 5598
3448 5822
3448 7373
3448 8580
3448 9054
3448 9571
3448 10600
3448 11058
3448 11670
3449 3838
3449 4013
3449 5505
3449 6503
3449 7168
3449 7396
3449 8311
3449 8644
3449 9926
3449 10556
3450 3453
3450 3477
3450 3553
3450 4863
3450 6389
3450 6834
3450 8187
3450 8348
3450 10188
3450 10283
3450 11216
3451 4772
3451 5026
3451 6362
3451 6815
3451 7823
3451 9571
3451 9913
3451 9977
3451 11058
3451 11667
3452 4160
3452 4536
3452 4681
3452 5476
3452 7240
3452 7268
3452 7494
3452 8330
3452 10170
3452 11587
3452 12377
3452 12453
3453 3477
3453 3553
3453 4884
3453 5002
3453 5331
3453 5770
3453 6389
3453 7662
3453 7829
3453 9636
3453 9824
3453 9849
3453 10283
3454 3809
3454 3902
3454 5238
3454 6294
3454 7749
3454 9575
3454 9966
3454 10163
3454 11650
3455 4562
3455 4613
3455 5289
3455 5307
3455 5322
3455 7223
3455 7540
3455 7546
3455 8099
3455 9528
3455 9887
3456 4362
3456 4657
3456 6649
3456 7040
3456 7621
3456 7896
3456 8467
3456 9499
3456 9505
3456 10106
3456 10297
3456 10706
3457 3722
3457 3913
3457 4455
3457 4886
3457 4957
3457 5404
3457 7198
3457 7363
3457 7486
3457 7550
3457 7581
3457 9312
3457 11495
3457 11520
3457 11615
3457 12446
3458 5390
3458 5557
3458 5904
3458 6198
3458 7513
3458 10075
3458 10138
3458 10491
3458 10498
3458 10538
3458 11748
3459 5263
3459 5394
3459 5489
3459 5708
3459 6117
3459 6394
3459 6508
3459 8156
3459 8288
3459 10018
3459 10194
3459 11326
3459 11514
3459 12008
3460 3762
3460 4299
3460 4323
3460 4416
3460 4520
3460 4665
3460 4948
3460 6556
3460 6999
3460 7061
3460 7172
3460 7379
3460 7392
3460 7741
3460 7746
3460 7755
3460 7834
3460 8480
3460 10565
3460 10804
3460 11908
3461 3943
3461 4292
3461 4361
3461 4476
3461 5116
3461 9937
3461 10035
3461 10139
3461 10395
3462 4398
3462 4670
3462 4788
3462 4894
3462 5240
3462 5853
3462 6216
3462 6602
3462 6782
3462 8714
3462 9595
3462 9721
3462 10342
3462 11735
3462 12425
3463 5885
3463 6956
3463 9354
3463 9631
3463 10731
3463 10845
3463 10884
3464 3592
3464 4501
3464 5371
3464 7225
3464 8878
3464 10331
3464 11593
3464 11632
3464 11896
3464 12193
3465 3477
3465 4438
3465 4829
3465 5002
3465 7197
3465 7822
3465 8832
3465 8944
3465 9551
3465 10188
3465 11611
3465 11904
3465 12160
3466 3705
3466 3968
3466 4846
3466 7792
3466 8857
3467 3551
3467 3768
3467 3785
3467 4715
3467 4789
3467 6028
3467 7309
3467 9114
3467 9135
3467 9880
3467 11239
3468 4505
3468 4666
3468 5796
3468 7685
3468 7714
3468 8233
3468 8563
3468 8926
3468 9288
3468 10685
3468 12083
3468 12333
3469 3607
3469 3673
3469 4905
3469 5150
3469 6091
3469 6499
3469 6534
3469 6535
3469 6736
3469 6786
3469 7671
3469 8413
3470 4396
3470 4638
3470 5754
3470 5912
3470 6285
3470 6932
3470 8708
3470 9033
3470 9815
3470 11673
3470 11795
3470 12464
3471 3784
3471 4144
3471 4303
3471 4398
3471 5193
3471 7152
3471 7772
3471 8338
3471 9480
3471 9595
3471 9751
3471 10718
3472 3512
3472 3610
3472 4162
3472 5021
3472 5121
3472 7852
3472 8482
3472 8810
3472 8821
3472 9848
3472 10510
3472 11024
3473 3889
3473 4321
3473 4942
3473 5827
3473 8422
3473 9836
3473 11126
3473 11345
3473 12415
3474 3813
3474 3841
3474 4491
3474 4780
3474 5492
3474 7216
3474 8754
3474 9162
3474 10761
3474 11681
3475 4318
3475 5417
3475 6703
3475 7062
3475 7286
3475 9770
3475 10036
3475 11713
3476 3794
3476 4034
3476 6250
3476 7715
3476 7849
3476 8008
3476 8583
3476 8629
3476 8773
3476 9291
3476 9991
3476 10668
3476 10728
3476 11577
3477 3553
3477 4438
3477 4829
3477 5002
3477 6389
3477 8229
3477 8348
3477 10188
3477 10283
3477 11611
3478 4860
3478 5264
3478 5270
3478 6222
3478 7819
3478 7864
3478 7973
3478 8071
3478 8096
3478 8374
3478 9934
3478 12047
3478 12078
3478 12276
3479 4685
3479 7654
3479 9912
3479 10147
3479 10517
3479 11946
3479 11999
3479 12545
3480 3660
3480 4313
3480 4926
3480 5100
3480 8199
3480 8205
3480 9327
3480 9440
3480 9593
3480 9643
3481 4579
3481 5696
3481 5706
3481 6316
3481 8186
3481 8505
3481 9065
3481 10156
3481 10419
3482 5012
3482 5588
3482 6444
3482 7000
3482 7823
3482 8485
3482 9054
3482 10720
3483 3487
3483 3532
3483 4821
3483 4997
3483 6731
3483 6936
3483 7080
3483 7248
3483 7441
3483 8657
3483 9209
3483 10376
3484 4139
3484 4477
3484 4604
3484 4808
3484 5013
3484 5224
3484 5916
3484 8297
3484 8639
3484 8718
3484 9056
3484 10007
3484 11463
3484 11728
3484 12359
3484 12372
3484 12375
3484 12660
3485 3562
3485 4168
3485 5008
3485 5011
3485 6323
3485 7475
3485 9809
3485 10402
3485 10646
3485 11057
3486 5784
3486 5899
3486 6675
3486 7757
3486 8227
3486 8582
3486 8606
3486 9013
3486 9563
3486 9611
3486 11460
3486 11517
3486 12238
3486 12680
3487 3667
3487 4977
3487 4997
3487 5010
3487 5430
3487 6165
3487 6936
3487 7080
3487 7248
3487 7747
3487 9439
3487 12248
3488 4947
3488 5334
3488 7615
3488 7616
3488 10299
3488 11205
3489 4809
3489 8377
3489 9224
3489 9450
3489 9668
3489 11992
3489 12209
3490 4194
3490 5027
3490 5400
3490 5464
3490 5983
3490 6000
3490 7112
3490 7792
3490 9488
3490 9681
3490 9973
3490 10141
3490 12445
3491 3820
3491 3943
3491 4237
3491 6776
3491 7687
3491 9178
3491 9389
3491 9617
3491 10139
3491 11866
3492 5097
3492 6360
3492 6779
3492 8222
3492 8464
3492 8604
3492 8633
3492 10099
3492 10118
3492 11012
3492 12373
3493 3735
3493 3736
3493 4828
3493 5205
3493 6306
3493 6827
3493 8430
3493 9691
3493 9840
3493 11421
3493 12260
3493 12291
3493 12397
3494 4289
3494 4652
3494 7099
3494 7189
3494 7226
3494 8318
3494 8774
3495 3651
3495 4170
3495 4919
3495 5018
3495 5246
3495 5845
3495 6014
3495 6902
3495 8364
3495 10567
3496 4305
3496 4845
3496 5811
3496 5950
3496 6118
3496 6473
3496 6771
3496 6789
3496 7193
3496 8527
3496 9178
3496 9540
3496 10139
3496 10398
3496 11649
3496 11747
3496 11866
3497 4440
3497 8246
3497 9525
3497 9935
3497 10728
3497 10738
3498 4528
3498 5209
3498 5700
3498 5855
3498 8264
3498 9258
3498 9699
3498 11246
3499 3695
3499 5055
3499 5405
3499 5612
3499 8442
3499 9240
3499 9448
3499 9519
3499 10653
3500 3960
3500 5412
3500 5658
3500 5848
3500 6300
3500 9718
3500 10415
3500 11148
3500 12141
3501 3760
3501 3810
3501 4357
3501 5242
3501 5410
3501 6123
3502 4855
3502 5018
3502 5246
3502 6507
3502 6944
3502 7282
3502 9263
3502 10328
3502 11485
3503 4793
3503 4915
3503 5091
3503 5099
3503 5715
3503 5871
3503 8151
3503 9186
3503 9838
3503 11003
3504 4875
3504 4957
3504 6363
3504 6670
3504 10598
3505 3982
3505 4676
3505 5112
3505 5577
3505 5778
3505 6338
3505 9647
3505 10059
3505 11544
3506 3514
3506 5630
3506 5762
3506 5769
3506 6613
3506 7648
3506 8411
3506 8519
3506 9424
3506 9800
3506 11672
3507 4269
3507 5348
3507 5429
3507 6004
3507 6384
3507 7378
3507 9805
3507 11222
3508 3718
3508 3836
3508 4309
3508 4743
3508 5429
3508 7378
3508 8242
3508 8682
3508 9161
3508 10294
3508 10722
3508 11684
3509 3510
3509 3779
3509 4155
3509 5010
3509 7335
3509 7747
3509 9419
3510 3779
3510 4155
3510 5294
3510 6387
3510 6692
3510 7335
3510 7747
3510 9419
3510 10153
3511 5259
3511 6955
3511 7501
3511 7643
3511 7993
3511 9255
3511 9325
3512 3770
3512 5021
3512 5121
3512 5206
3512 5373
3512 6003
3512 8482
3512 8810
3512 9848
3513 4556
3513 5074
3513 5094
3513 5910
3513 6414
3513 6441
3513 7665
3513 12604
3514 5554
3514 5630
3514 5762
3514 5769
3514 6461
3514 7149
3514 8495
3514 8914
3514 9284
3514 9424
3514 10270
3514 11672
3514 12640
3515 4042
3515 4284
3515 4404
3515 5096
3515 5155
3515 5309
3515 8934
3515 9181
3515 11558
3516 3857
3516 3868
3516 4740
3516 6160
3516 6346
3516 6904
3516 7010
3516 7700
3516 8952
3516 9110
3516 9304
3516 9530
3516 9884
3516 12340
3517 4307
3517 4489
3517 4563
3517 4641
3517 5157
3517 5354
3517 6101
3518 3742
3518 3803
3518 3816
3518 5631
3518 5710
3518 5856
3518 9354
3518 9911
3518 10489
3518 10731
3518 11145
3519 3826
3519 7559
3519 7562
3519 7877
3519 9740
3520 5445
3520 6105
3520 6890
3520 6891
3520 7608
3520 8610
3520 12084
3520 12126
3521 3655
3521 4046
3521 4302
3521 4916
3521 4955
3521 5363
3521 5405
3521 6467
3521 7134
3521 7274
3521 8289
3521 8433
3521 8529
3521 8648
3521 9221
3521 9996
3521 10409
3522 4064
3522 5509
3522 5865
3522 6805
3522 7498
3522 8551
3522 9242
3522 9264
3522 11245
3523 3698
3523 5812
3523 8384
3523 10246
3523 11292
3523 11293
3523 11643
3523 11827
3523 12075
3524 4825
3524 10830
3524 11274
3525 3745
3525 4415
3525 4841
3525 4935
3525 7545
3525 8811
3525 11213
3525 11652
3526 3697
3526 3754
3526 4088
3526 5131
3526 5141
3526 5513
3526 5708
3526 6811
3526 7649
3526 9478
3526 10654
3527 4578
3527 5329
3527 6327
3527 6739
3527 8844
3527 9491
3527 10269
3527 10359
3527 10935
3527 11042
3527 11046
3528 3640
3528 4807
3528 5446
3528 6632
3528 6874
3528 8052
3528 8107
3528 8608
3528 9045
3528 11237
3529 4960
3529 4969
3529 5182
3529 5476
3529 7283
3529 8037
3529 8330
3529 8793
3529 9030
3529 11020
3529 11267
3530 4775
3530 6012
3530 7884
3530 10378
3530 10951
3530 11187
3530 11439
3530 12145
3530 12296
3530 12517
3531 4322
3531 5054
3531 5503
3531 7156
3531 7644
3531 7702
3531 7928
3531 9097
3531 9497
3531 9508
3531 9510
3531 9902
3531 9903
3531 11300
3531 12503
3532 4043
3532 4498
3532 6651
3532 6936
3532 7248
3532 7409
3532 7446
3532 8312
3532 9209
3532 9812
3532 10763
3532 11541
3532 11850
3532 12342
3533 3574
3533 3626
3533 3782
3533 4684
3533 4874
3533 6454
3533 7114
3533 7263
3533 8200
3533 10070
3533 10566
3533 10666
3533 10673
3534 4544
3534 4814
3534 5912
3534 6153
3534 6698
3534 7124
3534 7247
3534 7827
3534 8369
3534 8471
3534 9815
3534 9986
3534 10821
3534 11623
3534 11795
3535 3894
3535 3955
3535 4266
3535 4718
3535 5003
3535 6752
3535 6969
3535 11806
3535 12455
3536 5638
3536 6536
3536 6885
3536 7756
3536 8402
3536 8514
3536 8587
3536 8937
3536 8970
3536 9008
3536 9126
3536 10248
3537 4428
3537 6041
3537 7162
3537 7676
3537 10581
3537 11116
3537 12372
3538 3586
3538 5601
3538 5974
3538 6638
3538 9896
3538 12613
3539 4381
3539 4682
3539 5067
3539 5677
3539 7035
3539 7742
3539 10197
3539 11216
3539 11536
3540 5356
3540 6326
3540 7170
3540 8861
3540 10005
3540 10247
3541 3872
3541 6105
3541 6598
3541 8195
3541 9116
3541 9297
3541 9858
3541 10754
3541 12281
3542 4818
3542 5587
3542 6176
3542 6720
3542 6746
3542 6891
3542 7368
3542 7613
3542 8075
3542 8111
3542 8229
3542 8897
3542 8919
3542 9634
3542 11014
3542 12595
3543 4457
3543 5451
3543 5947
3543 6085
3543 7153
3543 7785
3543 8609
3543 9404
3543 9719
3543 9890
3543 10370
3543 11269
3543 12606
3543 12646
3544 4394
3544 4660
3544 6388
3544 7801
3544 10978
3544 11207
3544 11276
3544 11329
3544 12316
3545 5025
3545 5154
3545 5220
3545 5751
3545 5892
3545 5944
3545 6015
3545 7088
3545 7947
3545 8161
3545 8171
3545 10957
3545 11081
3545 12323
3546 3981
3546 4741
3546 5545
3546 9756
3546 9790
3547 3548
3547 3549
3547 4485
3547 4721
3547 4859
3547 7154
3547 8690
3547 9233
3547 10741
3548 3549
3548 4485
3548 4721
3548 7154
3548 8169
3548 10853
3548 11185
3548 11680
3548 11842
3549 4485
3549 4721
3549 7154
3549 8690
3549 10741
3549 10853
3549 11185
3549 11680
3550 3722
3550 3846
3550 4257
3550 4455
3550 4886
3550 4923
3550 4966
3550 5432
3550 6363
3550 6659
3550 7363
3550 9536
3550 10568
3550 10618
3550 10801
3550 11935
3550 12376
3551 3768
3551 4715
3551 6028
3551 7309
3551 7310
3552 3654
3552 4507
3552 5497
3552 5781
3552 5956
3552 6208
3552 6276
3552 6309
3552 7277
3552 8479
3552 9440
3552 9667
3552 11361
3552 11595
3553 4325
3553 5063
3553 7742
3553 9688
3553 10188
3553 10197
3553 10283
3553 10824
3553 11216
3553 11611
3554 4432
3554 4498
3554 6651
3554 6799
3554 6800
3554 6929
3554 7736
3554 9812
3555 3559
3555 3580
3555 4517
3555 5483
3555 7260
3555 7551
3555 9677
3556 4818
3556 4868
3556 4884
3556 5063
3556 5587
3556 5770
3556 5837
3556 5850
3556 8229
3556 8541
3556 9629
3556 10283
3556 11014
3556 11741
3556 11851
3557 4401
3557 4521
3557 5109
3557 5404
3557 6379
3557 6601
3557 6764
3557 8005
3557 8214
3557 9177
3557 10833
3557 11076
3557 11410
3557 11411
3558 4830
3558 6099
3558 6937
3558 6939
3558 10914
3558 10919
3558 11491
3559 3580
3559 4517
3559 5114
3559 5483
3559 7435
3559 7551
3559 9677
3559 9705
3559 11950
3559 11974
3560 4361
3560 5116
3560 5520
3560 5720
3560 6496
3560 6726
3560 7579
3560 10035
3560 10735
3560 11641
3560 11665
3561 4990
3561 5484
3561 5723
3561 5945
3561 6354
3561 6577
3561 6582
3561 10851
3561 11093
3561 12477
3562 4307
3562 6152
3562 6231
3562 6323
3562 6418
3562 7319
3562 7323
3562 7475
3562 8594
3562 8760
3562 11290
3563 3965
3563 5087
3563 5101
3563 5676
3563 5828
3563 6295
3563 6342
3563 8530
3563 9596
3563 10135
3563 10471
3563 12421
3564 4264
3564 6064
3564 6142
3564 7783
3564 8654
3564 9303
3564 9455
3564 10533
3564 12052
3565 3619
3565 3765
3565 6023
3565 6702
3565 7026
3565 7028
3565 7269
3565 9823
3565 10165
3565 11379
3565 11803
3566 3985
3566 4257
3566 4932
3566 6471
3566 6701
3566 7265
3566 7298
3566 8486
3566 9471
3566 9825
3566 10698
3566 10801
3566 10802
3566 11209
3567 3926
3567 4358
3567 4637
3567 4879
3567 9358
3567 9793
3567 10972
3567 11389
3568 4082
3568 4213
3568 4447
3568 4651
3568 4814
3568 4980
3568 5706
3568 6698
3568 6794
3568 6861
3568 6903
3568 7333
3568 8505
3568 9004
3568 9033
3568 9108
3568 10419
3568 10457
3568 12464
3569 3629
3569 4084
3569 6985
3569 7091
3569 8731
3569 9646
3569 10972
3569 11242
3570 3873
3570 4518
3570 5634
3570 5803
3570 6604
3570 7005
3570 7006
3570 7713
3570 7989
3570 8381
3570 9165
3570 9475
3570 9684
3570 10484
3570 11360
3571 5088
3571 6934
3571 8585
3571 8588
3571 8613
3571 8615
3571 8762
3571 8994
3571 9022
3571 11552
3571 12082
3571 12432
3572 4457
3572 5043
3572 6085
3572 6352
3572 6606
3572 7785
3572 11590
3572 11733
3573 5058
3573 6439
3573 6680
3573 9759
3573 10015
3573 10417
3573 10550
3573 10619
3573 10636
3573 10868
3573 10963
3573 11374
3573 12486
3573 12509
3574 3626
3574 4920
3574 5664
3574 6454
3574 7231
3574 8204
3574 9085
3574 10566
3574 10666
3574 11074
3574 11622
3575 3911
3575 3915
3575 4811
3575 4875
3575 5479
3575 6103
3575 7637
3575 9894
3575 10187
3575 10404
3575 10647
3575 10758
3575 11015
3575 11476
3576 4090
3576 4428
3576 4736
3576 5005
3576 5213
3576 5510
3576 6041
3576 6308
3576 9353
3576 10581
3576 10829
3577 5746
3577 6036
3577 6266
3577 6633
3577 8294
3577 8317
3577 8532
3577 8640
3577 8911
3577 9210
3577 9267
3577 9307
3577 9402
3577 11280
3577 11572
3577 12262
3578 4258
3578 4263
3578 4585
3578 6117
3578 6510
3578 6658
3578 6994
3578 9600
3578 10461
3578 10542
3578 11761
3579 4148
3579 5238
3579 5744
3579 6301
3579 6719
3579 6831
3579 7611
3579 7640
3579 7882
3579 8673
3579 8920
3579 9087
3579 9725
3579 10292
3579 10832
3579 12279
3579 12330
3580 4517
3580 5083
3580 7435
3580 7551
3580 7754
3580 9677
3581 4167
3581 4564
3581 6825
3581 8397
3581 9274
3581 9411
3581 11506
3581 11527
3582 4410
3582 4681
3582 5832
3582 5989
3582 7268
3582 7348
3582 10170
3583 4500
3583 4677
3583 4719
3583 4950
3583 5633
3583 7572
3583 7591
3583 9607
3584 4629
3584 4748
3584 5057
3584 5470
3584 6178
3584 6591
3584 7615
3584 9797
3585 5188
3585 6644
3585 7472
3585 7570
3585 9822
3585 11763
3585 12406
3585 12408
3585 12600
3585 12691
3585 12692
3586 5974
3586 6638
3586 7630
3586 8543
3586 8565
3586 9690
3586 9766
3586 9896
3586 12343
3586 12358
3587 4012
3587 4636
3587 5108
3587 6927
3587 7214
3587 7645
3587 7798
3587 8164
3587 8528
3587 8633
3587 8649
3587 9485
3587 10118
3587 10560
3588 4279
3588 4566
3588 5821
3588 6574
3588 6914
3588 7085
3588 7530
3588 7545
3588 8596
3588 9026
3588 9669
3588 9794
3588 10120
3588 10258
3588 10366
3588 10487
3588 10844
3588 11072
3589 4392
3589 4730
3589 5343
3589 5841
3589 6844
3589 7329
3589 7831
3589 8830
3589 9574
3589 11497
3590 5346
3590 7682
3590 8230
3590 8444
3590 9078
3591 3593
3591 4185
3591 4375
3591 4834
3591 7925
3591 8040
3591 8186
3591 8389
3591 8791
3591 9065
3591 9127
3591 9276
3592 5371
3592 5544
3592 9850
3592 10331
3592 11593
3592 12124
3593 3744
3593 4375
3593 4834
3593 5253
3593 8040
3593 8180
3593 8389
3593 9185
3593 9276
3593 10222
3593 12217
3594 3595
3594 5198
3594 5247
3594 5251
3594 6159
3594 6219
3594 8439
3594 9362
3594 9751
3594 10718
3594 10843
3595 3948
3595 5193
3595 5198
3595 6159
3595 6219
3595 8001
3595 8011
3595 8439
3595 9362
3595 9480
3595 9651
3595 9751
3595 10209
3595 10718
3595 10727
3596 5143
3596 5311
3596 6336
3596 6350
3596 6674
3596 7430
3596 7466
3596 8329
3596 8953
3596 10073
3596 11051
3596 12403
3596 12675
3597 4046
3597 6413
3597 6467
3597 8401
3597 9250
3597 9568
3597 9854
3597 9996
3597 10905
3597 10931
3597 11346
3597 11468
3598 4273
3598 5552
3598 6115
3598 6666
3598 7652
3598 8421
3598 8476
3598 9277
3598 9784
3598 9846
3598 10594
3598 10688
3598 10692
3598 12210
3598 12426
3599 5710
3599 5860
3599 6721
3599 8489
3599 9946
3599 12203
3599 12228
3600 3684
3600 5260
3600 5521
3600 5980
3600 6271
3600 9214
3600 9547
3600 11420
3600 12307
3601 4544
3601 4651
3601 4839
3601 5349
3601 6861
3601 7333
3601 7971
3601 7980
3601 10182
3601 10277
3601 11662
3601 11774
3601 12074
3602 4214
3602 4321
3602 4933
3602 5896
3602 5928
3602 6833
3602 9012
3602 9328
3602 10135
3602 11596
3602 12233
3603 3804
3603 5992
3603 6866
3603 7893
3603 9311
3603 10255
3603 10303
3603 10317
3603 11700
3604 5760
3604 5978
3604 6758
3604 7999
3604 10695
3604 11399
3604 12423
3605 3612
3605 3939
3605 4200
3605 4618
3605 5118
3605 7943
3605 8525
3605 8526
3605 9943
3605 10003
3605 10127
3605 10874
3605 10882
3605 12510
3606 3729
3606 5575
3606 5949
3606 5969
3606 6242
3606 7538
3606 8279
3606 8867
3606 9295
3606 9613
3606 9819
3606 10030
3606 10660
3606 11266
3607 3671
3607 4905
3607 4956
3607 6499
3607 6786
3608 4452
3608 9648
3608 10138
3608 10498
3608 10538
3608 11175
3608 11333
3608 11748
3608 12500
3609 5039
3609 5683
3609 7215
3609 8256
3609 9932
3609 11334
3609 11377
3609 11699
3609 12072
3610 3770
3610 7852
3610 8821
3610 9848
3610 10547
3610 11024
3610 12134
3610 12363
3610 12593
3610 12629
3611 4286
3611 4478
3611 5031
3611 5072
3611 5344
3611 5397
3611 6465
3611 6611
3611 7179
3611 7344
3611 7954
3611 10077
3611 10762
3612 3939
3612 4200
3612 4216
3612 4618
3612 5118
3612 5867
3612 7943
3612 9343
3612 10003
3613 3633
3613 3800
3613 3835
3613 5913
3613 6047
3613 6049
3613 6489
3613 7737
3613 8717
3613 8726
3613 9055
3613 9608
3613 9923
3614 5210
3614 5955
3614 5980
3614 7086
3614 10730
3614 10740
3614 11123
3614 12206
3615 4767
3615 6593
3615 7743
3615 10320
3615 10340
3615 11319
3615 12055
3615 12183
3616 4390
3616 4627
3616 5282
3616 5565
3616 5646
3616 5783
3616 6220
3616 6269
3616 7635
3616 8533
3616 9921
3617 3950
3617 4719
3617 5043
3617 6409
3617 6715
3617 9070
3617 9607
3617 10067
3617 11800
3617 11829
3618 3663
3618 5720
3618 7579
3618 8286
3618 8293
3618 9515
3618 10901
3618 11128
3618 11641
3618 12480
3619 3792
3619 4250
3619 4327
3619 7269
3619 9259
3619 9399
3619 9481
3619 9823
3619 9928
3619 11379
3620 3976
3620 4667
3620 5515
3620 5995
3620 6160
3620 6320
3620 6346
3620 7349
3620 7769
3620 8023
3620 9110
3620 9304
3620 10813
3620 10842
3620 11215
3621 3775
3621 3966
3621 4049
3621 4468
3621 4542
3621 6419
3621 7917
3621 8134
3621 8145
3621 8232
3621 9292
3621 9422
3621 12073
3622 4335
3622 5843
3622 5878
3622 6065
3622 6246
3622 9244
3622 10122
3622 11436
3622 12272
3623 3926
3623 4400
3623 4470
3623 5130
3623 5230
3623 5471
3623 6416
3623 6460
3623 7525
3623 9401
3623 9533
3623 10649
3623 11560
3624 5139
3624 5174
3624 6403
3624 6531
3624 7401
3624 9151
3624 9197
3624 10779
3625 4006
3625 7375
3625 8969
3625 9449
3625 9873
3625 11257
3625 11630
3625 11894
3626 5196
3626 8204
3626 8839
3626 10666
3626 11622
3626 12378
3626 12478
3627 3774
3627 3982
3627 6338
3627 6740
3627 7920
3627 8060
3627 9532
3627 9623
3627 10054
3627 10657
3627 10725
3627 10796
3627 11257
3627 11564
3628 4202
3628 5306
3628 5534
3628 6552
3628 7236
3628 7329
3628 12367
3629 3894
3629 5278
3629 5769
3629 6364
3629 6461
3629 7091
3629 8866
3629 8914
3629 9038
3629 9493
3629 9646
3629 11251
3629 11655
3629 11672
3630 4497
3630 5537
3630 6094
3630 7143
3630 7719
3630 7841
3630 8346
3630 9084
3630 9518
3630 10319
3630 11283
3630 11504
3630 11702
3630 11715
3630 11787
3630 11823
3631 4249
3631 5490
3631 5523
3631 7464
3631 9737
3631 9861
3631 10567
3631 10810
3631 11856
3631 12184
3632 4266
3632 4718
3632 5003
3632 6338
3632 6915
3632 7191
3632 11834
3633 3800
3633 3835
3633 5194
3633 5563
3633 5568
3633 5589
3633 5913
3633 6047
3633 6049
3633 6228
3633 6489
3633 7737
3633 8880
3633 9016
3633 9923
3633 11294
3633 11313
3633 11621
3634 3710
3634 3941
3634 4307
3634 4641
3634 5274
3634 6418
3634 7232
3634 7939
3634 8208
3634 9546
3634 10726
3634 10900
3634 11078
3635 5984
3635 6100
3635 6197
3635 6486
3635 6964
3635 9733
3635 9764
3635 9811
3635 10079
3635 11608
3635 12219
3636 3831
3636 3882
3636 4757
3636 4945
3636 5339
3636 6767
3636 6924
3636 6934
3636 7739
3636 7899
3636 10693
3637 3645
3637 3797
3637 3846
3637 7414
3637 8658
3637 10366
3637 10618
3637 12376
3638 4683
3638 5370
3638 5773
3638 6264
3638 8503
3638 10102
3638 11151
3638 11830
3639 3979
3639 5406
3639 6204
3639 6853
3639 9309
3639 9972
3639 10594
3639 10692
3639 12210
3640 3700
3640 4807
3640 5536
3640 6435
3640 6632
3640 6874
3640 8608
3640 8643
3640 10004
3641 3706
3641 8814
3641 11326
3641 11358
3641 11514
3641 12514
3641 12522
3642 4197
3642 4986
3642 5487
3642 7125
3642 8455
3642 9148
3642 9296
3642 10112
3642 11004
3643 3920
3643 5811
3643 5950
3643 9384
3643 9540
3643 9855
3643 10962
3643 10979
3643 11174
3643 12419
3643 12499
3644 3954
3644 4319
3644 4792
3644 7134
3644 8285
3644 9842
3644 10401
3645 3797
3645 3846
3645 10366
3645 10618
3645 12376
3646 3910
3646 4066
3646 5227
3646 5297
3646 5381
3646 5420
3646 6395
3646 7098
3646 7499
3646 9959
3646 10463
3646 10501
3646 10504
3646 10522
3646 11036
3646 12549
3647 4034
3647 5127
3647 5215
3647 5367
3647 7185
3647 7306
3647 7715
3647 7849
3647 8872
3647 9318
3647 9422
3647 9999
3647 10251
3647 10668
3647 11397
3647 11613
3647 11785
3647 12180
3647 12224
3648 4922
3648 5233
3648 7132
3648 7841
3648 9624
3648 10448
3648 11372
3648 11540
3648 11945
3648 11996
3648 12153
3648 12195
3649 5235
3649 5353
3649 6549
3649 6923
3649 7364
3649 7775
3649 10271
3649 10661
3649 10679
3650 3891
3650 4086
3650 5636
3650 6268
3650 8778
3650 10508
3650 11345
3650 11676
3650 12319
3651 4919
3651 5390
3651 5591
3651 6042
3651 6842
3651 6902
3651 8364
3651 9350
3651 9391
3651 10567
3651 10760
3651 10992
3651 11685
3652 4103
3652 5074
3652 5094
3652 5310
3652 5738
3652 5910
3652 6382
3652 8143
3652 8695
3652 9295
3652 9414
3652 9418
3652 11217
3652 11766
3652 11771
3653 3682
3653 5283
3653 7525
3653 7752
3653 8861
3653 9775
3653 10005
3653 10399
3653 11560
3653 11698
3654 4507
3654 5053
3654 5133
3654 5748
3654 5956
3654 6208
3654 6309
3654 7146
3654 7277
3654 8316
3654 9440
3654 9667
3654 10781
3654 11095
3654 11098
3654 11164
3654 11595
3655 4002
3655 4065
3655 4676
3655 4916
3655 4955
3655 5405
3655 7274
3655 8289
3655 8648
3656 4470
3656 5356
3656 6416
3656 8861
3656 9401
3656 10247
3657 4692
3657 5914
3657 5916
3657 6578
3657 6584
3657 8550
3657 8639
3657 9056
3657 9079
3658 3853
3658 7135
3658 8846
3658 11301
3659 4238
3659 5384
3659 5797
3659 8918
3659 9882
3659 10559
3659 11375
3659 11413
3659 11435
3659 12546
3659 12625
3660 4313
3660 5171
3660 6390
3660 7900
3660 8113
3660 8205
3660 9327
3660 9440
3660 9489
3660 9593
3660 9643
3660 11836
3661 4114
3661 4907
3661 5261
3661 5468
3661 5613
3661 5615
3661 6906
3661 7334
3661 9459
3661 10093
3662 4571
3662 8697
3662 9500
3662 9865
3662 9944
3662 11134
3662 11324
3662 11554
3662 12316
3662 12324
3663 3665
3663 4975
3663 5720
3663 5752
3663 6726
3663 7095
3663 7579
3663 7904
3663 8293
3663 9746
3664 3688
3664 4136
3664 5104
3664 5111
3664 5727
3664 5758
3664 5814
3664 7315
3664 8917
3664 11597
3665 4702
3665 4731
3665 4965
3665 4975
3665 5237
3665 5720
3665 7095
3665 7636
3665 7750
3665 7904
3665 9746
3665 10735
3665 12286
3665 12287
3666 4053
3666 4739
3666 5698
3666 5842
3666 5907
3666 7778
3666 9063
3666 10082
3666 11666
3667 4913
3667 5430
3667 6165
3667 7747
3667 9439
3667 9825
3667 10310
3667 10723
3667 12248
3668 3769
3668 4351
3668 4818
3668 5262
3668 5543
3668 7011
3668 8163
3668 8195
3668 9088
3668 9155
3668 9156
3668 9208
3668 9317
3668 9713
3668 10097
3668 10558
3668 10662
3669 4430
3669 5755
3669 5807
3669 6092
3669 6347
3669 6348
3669 7620
3669 7675
3669 7909
3669 7985
3669 8302
3669 8521
3669 10032
3669 11786
3670 3877
3670 4290
3670 4342
3670 5701
3670 5979
3670 9160
3670 9620
3671 3673
3671 4905
3671 5059
3671 6091
3671 6571
3671 7641
3671 11121
3671 11155
3671 11753
3671 11934
3672 4179
3672 6209
3672 6673
3672 6759
3672 7331
3672 9895
3672 11927
3672 11960
3672 12040
3672 12112
3672 12187
3672 12505
3673 4905
3673 6091
3673 6736
3673 7641
3673 11155
3673 11753
3674 4076
3674 4602
3674 7024
3674 7860
3674 8097
3674 8339
3674 9217
3674 9423
3674 9594
3674 10172
3674 12093
3674 12098
3675 4498
3675 5807
3675 6074
3675 6651
3675 7104
3675 7736
3675 8272
3675 9968
3675 10032
3675 10116
3676 3975
3676 4120
3676 4123
3676 4321
3676 4508
3676 6532
3676 7345
3676 7968
3676 8167
3676 9998
3677 4236
3677 4526
3677 4676
3677 4993
3677 6038
3677 6055
3677 7357
3677 11147
3677 11510
3677 11646
3678 4332
3678 4446
3678 6103
3678 7554
3678 7623
3678 9466
3678 9821
3678 10647
3678 11236
3678 11730
3678 11810
3678 12268
3678 12274
3679 3994
3679 4165
3679 4512
3679 7456
3679 7478
3679 9005
3679 9285
3679 9375
3679 9814
3679 9962
3679 10131
3679 11031
3679 11769
3680 3693
3680 7059
3680 7490
3680 7815
3680 7999
3680 9320
3680 9506
3680 10094
3681 5106
3681 6445
3681 6551
3681 6920
3681 8076
3681 9594
3681 9961
3681 9987
3681 10507
3681 12098
3682 5283
3682 7525
3682 7752
3682 9775
3682 10005
3682 10160
3682 10399
3682 11546
3682 11698
3683 4214
3683 4560
3683 4672
3683 6532
3683 6833
3683 7968
3683 9748
3683 9753
3683 9836
3683 10000
3683 10471
3684 4984
3684 5035
3684 5260
3684 5414
3684 5521
3684 7639
3684 9052
3684 9387
3684 10733
3684 11420
3685 4630
3685 4802
3685 5254
3685 5643
3685 6965
3685 7961
3685 9425
3685 9625
3685 10259
3685 10260
3685 10827
3685 12479
3686 5892
3686 6025
3686 6564
3686 7901
3686 8171
3686 9841
3687 4161
3687 4171
3687 4462
3687 6449
3687 7232
3687 9841
3687 10101
3687 10726
3687 11078
3687 11508
3687 11516
3688 3962
3688 4136
3688 4339
3688 4488
3688 5758
3688 5772
3688 5814
3688 7315
3688 8424
3688 11597
3688 11756
3689 4009
3689 7093
3689 9750
3689 9990
3689 12242
3690 5566
3690 6164
3690 6217
3690 6943
3690 7786
3690 8032
3690 8069
3690 8571
3690 9578
3690 10147
3690 10387
3690 10596
3690 11724
3690 11972
3690 12037
3690 12094
3691 3713
3691 3991
3691 5089
3691 5618
3691 5998
3691 6663
3691 6724
3691 9614
3691 10656
3692 3799
3692 5022
3692 5365
3692 7450
3692 7465
3692 7642
3692 8471
3692 9772
3692 11585
3692 12223
3693 5391
3693 7059
3693 7999
3693 9506
3693 9929
3693 9964
3693 10094
3694 4185
3694 6006
3694 10570
3695 5405
3695 6410
3695 8442
3695 9240
3695 9448
3695 9519
3695 11038
3696 5308
3696 5532
3696 7791
3696 8602
3696 9203
3696 9205
3696 9257
3696 9674
3696 12685
3697 3754
3697 4122
3697 4183
3697 4372
3697 4701
3697 6811
3697 7290
3697 8770
3697 10654
3698 4008
3698 5007
3698 5428
3698 5812
3698 7365
3698 7477
3698 8024
3698 8384
3698 8818
3698 8852
3698 9290
3698 10242
3698 10246
3698 11293
3698 11827
3698 12075
3698 12118
3699 5057
3699 5252
3699 5359
3699 5364
3699 5519
3699 6421
3699 6442
3699 6664
3699 7506
3699 8396
3699 9083
3699 10275
3700 6632
3700 6874
3700 7153
3700 8052
3700 8608
3700 8643
3700 10004
3700 12155
3701 6034
3701 6262
3701 6429
3701 6756
3701 6989
3701 7023
3701 7061
3701 7172
3701 7279
3701 8217
3701 8857
3701 10804
3701 11261
3701 11539
3702 4111
3702 4604
3702 4758
3702 5172
3702 6640
3702 8802
3702 9036
3702 9104
3702 9107
3702 9581
3702 11534
3703 4556
3703 5351
3703 5447
3703 6414
3703 7481
3703 10058
3703 10060
3703 11073
3703 11912
3703 12431
3704 4475
3704 4810
3704 5232
3704 6021
3704 6511
3704 6832
3704 7949
3704 10714
3704 11224
3705 3737
3705 6792
3705 7279
3705 7587
3705 8217
3705 8857
3705 11261
3706 6650
3706 7387
3706 10111
3706 10383
3706 11358
3706 12514
3707 3883
3707 5889
3707 6504
3707 6855
3707 9621
3707 9989
3707 10500
3707 11243
3707 11739
3707 11915
3707 11926
3707 12410
3708 3718
3708 4897
3708 5012
3708 5822
3708 7373
3708 7376
3708 8500
3708 8560
3708 9295
3708 10600
3708 10699
3708 10703
3708 11217
3708 11670
3709 4808
3709 5538
3709 6925
3709 8297
3709 9079
3709 9270
3709 9586
3709 10107
3709 11728
3710 3941
3710 4684
3710 4885
3710 6548
3710 6583
3710 8200
3710 8208
3710 8777
3710 8839
3710 9975
3710 10006
3710 10726
3710 10900
3710 12378
3711 3850
3711 6488
3711 7318
3711 8771
3711 9067
3711 9556
3711 9695
3711 11388
3711 11779
3711 11837
3711 12613
3712 3713
3712 3991
3712 4726
3712 5265
3712 9388
3713 3991
3713 4726
3713 5998
3714 4960
3714 4969
3714 5049
3714 5740
3714 6645
3714 7674
3714 9134
3714 9184
3714 11592
3714 11678
3715 3956
3715 3972
3715 4010
3715 5701
3715 6018
3715 7558
3715 9160
3716 3911
3716 5415
3716 7660
3716 8206
3716 9763
3717 4309
3717 4743
3717 4772
3717 7386
3717 8225
3717 9776
3718 4397
3718 4934
3718 6497
3718 7378
3718 8242
3718 8500
3718 9161
3718 9295
3718 9315
3718 10294
3718 10722
3718 11670
3719 5070
3719 5084
3719 5709
3719 6183
3719 6663
3719 6724
3719 9082
3719 10062
3720 3854
3720 3883
3720 4345
3720 6855
3720 9621
3720 10095
3720 11583
3721 3859
3721 4035
3721 4380
3721 5502
3721 5882
3721 8155
3721 9145
3721 9613
3721 10660
3721 10670
3721 11266
3722 4294
3722 4633
3722 4886
3722 4957
3722 6490
3722 7363
3722 8326
3722 10019
3722 10598
3722 10618
3722 11495
3722 11520
3722 12376
3723 4157
3723 5266
3723 5482
3723 7902
3723 9097
3723 9817
3724 4680
3724 6098
3724 6136
3724 6438
3724 6621
3724 7341
3724 7663
3724 8170
3724 10601
3724 11986
3724 12060
3724 12088
3724 12178
3725 5450
3725 5542
3725 7259
3725 7518
3725 7522
3725 8128
3725 8416
3725 11007
3725 11789
3726 4816
3726 5280
3726 5636
3726 6268
3726 6738
3726 7267
3726 8185
3726 8357
3726 8390
3726 8806
3726 8957
3726 12255
3727 3918
3727 5491
3727 6610
3727 6979
3727 7078
3727 7213
3727 9534
3727 9834
3727 10728
3727 11543
3728 6008
3728 11987
3728 12254
3729 4895
3729 5433
3729 5583
3729 5714
3729 5735
3729 5798
3729 5911
3729 5949
3729 6242
3729 6768
3729 7538
3729 7567
3729 8215
3729 8279
3729 8321
3729 8520
3729 8693
3729 9672
3729 9819
3729 11002
3729 11266
3729 12404
3729 12663
3730 4019
3730 7312
3730 8590
3730 9659
3730 9752
3730 9970
3730 11208
3731 4062
3731 4496
3731 5408
3731 5444
3731 6151
3731 6638
3731 6709
3731 7085
3731 7586
3731 7919
3731 8370
3731 8438
3731 9344
3731 9620
3731 11289
3731 11599
3732 5281
3732 5731
3732 6064
3732 6139
3732 6478
3732 7539
3732 7773
3732 8226
3732 8462
3732 8841
3732 10767
3732 11890
3732 11948
3733 4055
3733 5724
3733 7210
3733 7584
3733 8319
3733 9363
3733 10022
3733 10071
3734 5247
3734 7100
3734 8428
3734 8913
3734 9662
3734 9683
3734 10587
3734 10782
3734 11566
3735 3736
3735 3837
3735 5763
3735 6275
3735 6306
3735 6827
3735 6993
3735 8430
3735 10408
3736 3837
3736 4030
3736 6306
3736 6827
3736 9691
3737 6743
3737 6792
3737 7587
3737 10784
3737 11016
3737 11533
3737 12439
3738 3757
3738 4107
3738 4114
3738 4873
3738 6279
3738 6705
3738 7566
3738 9256
3738 11547
3739 4021
3739 4431
3739 4511
3739 4947
3739 5225
3739 6039
3739 6761
3739 7022
3739 7370
3739 8766
3739 9261
3739 10299
3739 11521
3740 3979
3740 6007
3740 6203
3740 6204
3740 6553
3740 6853
3740 6970
3740 8425
3740 9359
3740 10332
3740 11598
3740 11743
3740 11833
3740 12314
3741 4267
3741 4565
3741 5264
3741 6759
3741 6972
3741 7299
3741 7331
3741 7428
3741 8374
3741 9660
3741 11790
3741 11960
3741 12078
3742 3816
3742 4316
3742 5521
3742 5631
3742 5856
3742 8251
3742 8692
3742 8752
3742 9052
3742 9547
3742 9925
3742 11571
3743 5408
3743 5444
3743 7102
3743 7919
3743 10214
3743 10785
3744 4235
3744 4375
3744 7524
3744 7578
3744 8040
3744 9127
3744 9635
3744 9711
3744 10345
3744 11734
3745 3753
3745 4415
3745 4656
3745 4841
3745 4935
3745 5095
3745 5249
3745 6446
3745 7545
3745 8811
3745 11213
3746 3758
3746 6296
3746 6482
3746 9521
3746 10786
3747 3748
3747 3751
3747 5089
3747 5387
3747 5815
3747 6509
3747 7500
3747 7605
3748 3756
3748 5815
3748 6509
3748 7071
3748 7500
3748 7605
3748 8027
3748 8751
3748 9237
3748 10144
3749 4356
3749 4708
3749 6933
3749 6966
3749 9231
3750 6099
3750 6940
3750 6959
3750 7320
3751 5089
3751 5387
3751 6509
3751 6724
3751 10656
3752 3923
3752 5112
3752 5427
3752 8767
3752 9490
3752 9650
3752 10816
3753 4656
3753 4935
3753 5095
3753 5183
3753 6446
3753 7064
3753 7305
3753 8811
3753 9128
3753 9228
3753 10844
3753 11072
3754 5048
3754 5131
3754 5137
3754 5513
3754 6811
3754 7240
3754 9478
3755 4447
3755 4651
3755 4839
3755 6463
3755 6824
3755 7333
3755 11614
3755 11637
3755 11662
3756 4268
3756 5041
3756 8751
3756 9237
3756 10144
3757 4114
3757 4146
3757 4679
3757 4873
3757 6081
3757 7566
3757 8153
3757 10048
3758 4426
3758 5379
3758 6296
3758 6482
3758 6678
3758 9521
3758 11221
3759 3829
3759 3988
3759 4115
3759 4277
3759 4348
3759 4652
3759 4918
3759 5643
3759 5840
3759 5869
3759 6371
3759 6965
3759 7189
3759 9188
3759 9808
3760 3810
3760 4017
3760 4223
3760 4357
3760 5409
3760 5410
3760 5411
3760 5555
3760 7764
3760 7789
3760 9820
3761 3781
3761 4169
3761 4407
3761 5031
3761 5082
3761 5275
3761 6138
3761 6451
3761 9694
3761 10794
3761 11227
3762 6261
3762 6756
3762 6989
3762 6999
3762 7023
3762 7061
3762 7172
3762 7379
3762 7680
3762 8283
3762 10565
3762 11539
3763 4234
3763 4410
3763 5739
3763 5753
3763 5832
3763 5833
3763 6760
3763 7794
3763 8795
3763 9682
3764 4208
3764 5613
3764 5615
3765 3771
3765 4833
3765 6023
3765 6702
3765 7026
3765 7028
3765 7052
3765 7667
3765 9886
3765 10165
3765 11751
3766 3932
3766 5313
3766 7032
3766 7362
3766 8037
3766 9381
3766 10271
3767 4122
3767 4527
3767 5082
3767 6931
3767 6941
3767 10176
3767 12226
3768 4550
3768 4715
3768 5574
3768 6028
3768 6185
3768 6426
3768 7309
3768 7310
3768 8109
3768 9118
3768 9868
3768 9880
3768 12536
3768 12651
3769 4818
3769 7011
3769 9088
3769 9317
3769 9629
3769 9713
3769 11741
3769 11851
3770 4336
3770 5021
3770 6003
3770 9848
3770 12629
3771 4833
3771 4931
3771 6023
3771 7028
3771 11751
3772 4341
3772 4397
3772 4943
3772 6497
3772 7451
3772 8238
3772 8394
3772 9315
3772 10600
3773 4268
3773 4630
3773 5041
3773 6965
3773 7181
3773 7260
3773 7796
3773 8004
3773 9299
3774 4725
3774 4727
3774 6338
3774 7920
3774 9674
3774 9876
3774 9914
3774 10796
3775 4049
3775 5127
3775 7672
3775 8134
3775 8145
3775 8902
3775 9337
3775 11785
3775 12073
3776 5288
3776 5332
3776 6393
3776 6734
3776 6984
3776 7067
3776 8343
3777 3886
3777 4514
3777 4545
3777 4704
3777 4904
3777 5951
3777 6588
3777 6594
3777 7039
3777 7303
3777 7368
3777 8450
3777 8992
3777 9323
3777 9634
3777 9641
3777 9698
3777 12292
3778 4286
3778 6611
3778 7344
3778 7565
3778 9370
3778 9401
3778 9900
3778 10081
3778 10247
3778 11560
3778 11698
3779 3969
3779 5816
3779 6692
3779 7335
3779 8681
3779 9419
3779 10153
3779 11406
3780 4135
3780 6304
3780 6490
3780 6856
3780 7321
3780 7710
3780 11213
3780 11495
3780 11652
3780 12376
3781 4169
3781 4407
3781 5031
3781 5082
3781 5275
3781 6138
3781 6557
3781 9180
3781 10794
3781 11227
3782 4561
3782 4920
3782 6454
3782 7114
3782 7585
3782 8459
3782 9085
3782 9360
3782 9988
3782 10286
3783 4300
3783 5159
3783 5466
3783 5922
3783 7174
3783 8365
3783 9150
3783 9496
3783 10152
3783 10790
3783 10925
3784 3897
3784 3898
3784 4014
3784 5193
3784 5494
3784 5592
3784 6687
3784 8310
3784 9480
3784 9511
3784 9595
3784 9651
3784 9751
3784 10759
3785 4789
3785 6028
3785 6307
3785 8573
3785 8699
3785 9059
3785 9114
3785 9135
3785 9212
3785 9331
3785 9880
3785 10489
3785 11239
3785 12228
3786 3844
3786 4379
3786 5455
3786 5585
3786 5911
3786 6004
3786 6068
3786 6494
3786 8656
3786 9223
3786 9672
3786 9805
3787 4250
3787 4542
3787 5403
3787 7444
3787 7535
3787 7574
3787 7667
3787 7682
3787 8809
3787 11195
3787 11231
3787 11493
3788 5796
3788 6434
3788 6517
3788 7586
3788 7685
3788 8233
3788 8563
3788 9245
3788 10685
3789 4511
3789 4881
3789 6256
3789 6566
3789 6589
3789 6590
3789 6732
3789 6913
3789 8000
3789 10397
3789 11660
3790 3839
3790 4460
3790 4722
3790 5674
3790 5818
3790 6218
3790 7304
3790 7332
3790 9408
3790 9569
3790 9650
3790 10679
3791 4680
3791 4855
3791 5359
3791 5688
3791 7282
3791 7311
3791 10573
3791 11035
3791 11679
3792 4327
3792 4833
3792 5595
3792 6023
3792 7269
3792 9236
3792 9259
3792 9399
3793 5027
3793 5220
3793 5870
3793 5983
3793 6197
3793 6846
3793 6964
3793 7873
3793 9283
3793 10141
3793 10564
3793 11550
3794 4034
3794 4635
3794 6250
3794 8629
3794 9291
3794 9991
3794 10668
3794 10728
3795 4022
3795 4883
3795 4894
3795 5666
3795 6595
3795 6700
3795 7555
3795 9073
3795 9595
3795 10342
3795 10729
3795 10759
3796 7218
3796 8434
3796 8904
3796 9692
3796 11009
3796 11076
3797 3846
3797 4534
3797 4633
3797 4732
3797 7414
3797 8061
3797 8530
3797 9064
3797 9144
3797 9658
3797 10471
3797 10618
3797 11250
3798 4082
3798 4623
3798 7018
3798 7460
3798 8202
3798 8676
3798 9189
3798 9804
3798 9997
3798 10088
3799 4459
3799 4979
3799 5022
3799 5365
3799 6153
3799 6544
3799 7176
3799 7642
3799 8471
3799 8903
3799 10249
3799 12223
3800 5107
3800 5388
3800 5389
3800 5563
3800 5913
3800 6047
3800 6048
3800 6049
3800 8391
3800 8717
3800 8726
3800 9608
3800 9923
3801 6291
3801 7640
3801 7927
3801 8192
3801 9106
3801 9279
3801 10292
3801 10555
3801 10832
3802 6730
3802 7204
3802 9657
3802 9666
3802 10791
3803 4078
3803 4260
3803 5710
3803 8489
3803 9166
3803 9212
3803 9354
3803 9911
3803 10489
3803 10717
3803 10731
3803 11145
3803 11548
3804 4244
3804 4812
3804 5992
3804 6456
3804 6940
3804 9311
3804 10255
3804 10303
3805 4853
3805 5259
3805 6948
3805 9325
3805 9390
3805 10326
3805 10431
3805 11277
3805 11586
3806 4045
3806 4352
3806 6464
3806 6829
3806 7941
3806 9319
3806 9400
3806 9490
3806 10266
3806 10805
3806 10809
3806 12449
3807 7014
3807 7046
3807 7382
3807 8305
3807 9659
3807 10736
3807 10996
3807 10998
3807 12335
3808 6195
3808 6524
3808 10176
3808 10204
3808 11020
3808 11838
3809 4765
3809 6530
3809 6942
3809 9966
3809 10163
3809 10837
3810 4017
3810 5242
3810 5410
3810 5411
3810 6954
3810 7325
3811 3812
3811 3814
3811 4882
3811 4901
3811 5439
3811 6059
3811 6477
3811 9727
3811 9844
3812 3814
3812 4882
3812 4901
3812 4954
3812 5385
3812 5439
3812 6477
3812 9323
3812 9442
3812 9727
3813 4491
3813 4780
3813 4902
3813 5492
3813 6665
3813 7216
3813 8754
3813 9583
3814 3905
3814 6059
3814 6477
3814 9844
3815 5214
3815 7790
3815 8351
3815 9625
3815 10115
3815 11745
3815 11868
3815 12479
3816 4274
3816 5856
3816 9354
3816 11571
3817 4055
3817 4525
3817 4592
3817 5113
3817 7143
3817 7210
3817 9177
3817 9813
3817 10057
3817 10290
3817 10413
3817 11039
3818 3883
3818 5374
3818 5616
3818 6504
3818 6855
3818 6945
3818 8815
3818 10095
3818 10268
3818 10279
3819 4007
3819 4036
3819 4063
3819 7638
3819 8183
3819 8461
3819 10300
3819 10484
3819 10577
3819 12215
3820 3892
3820 3943
3820 4237
3820 5695
3820 6823
3820 6847
3820 7762
3820 7763
3820 9389
3820 10860
3820 10944
3820 11841
3821 4296
3821 5611
3821 6450
3821 11502
3822 5419
3822 6128
3822 7564
3822 7894
3822 7987
3822 7988
3822 11249
3822 11490
3823 5346
3823 5413
3823 8444
3823 9639
3823 10272
3824 3966
3824 4533
3824 5056
3824 5321
3824 5570
3824 7017
3824 7266
3824 7535
3824 7682
3825 3874
3825 7829
3825 9636
3825 9824
3825 10774
3825 11491
3826 5657
3826 6626
3826 7076
3826 7562
3826 9740
3826 11421
3827 4114
3827 4867
3827 5412
3827 6845
3827 7301
3827 8459
3827 9988
3827 11502
3827 11547
3828 3992
3828 5122
3828 8427
3829 4115
3829 4130
3829 4277
3829 4348
3829 4652
3829 4918
3829 4926
3830 4464
3830 5639
3830 5897
3830 5902
3830 5930
3830 6547
3830 6613
3830 7799
3830 8990
3830 11528
3831 4949
3831 5339
3831 6560
3831 6934
3831 7899
3831 11219
3832 3834
3832 4175
3832 5699
3832 5719
3832 6376
3832 6622
3832 7777
3832 9128
3832 9232
3832 9875
3832 10361
3832 11792
3832 11872
3832 12459
3833 4495
3833 5206
3833 5705
3833 7287
3833 8603
3833 8623
3833 9630
3833 10114
3833 11029
3834 4175
3834 4242
3834 5345
3834 5719
3834 6376
3834 7777
3834 9232
3834 9875
3834 10923
3834 11401
3834 11872
3834 12022
3834 12027
3834 12066
3834 12459
3835 4310
3835 5194
3835 5389
3835 5418
3835 5582
3835 5913
3835 6049
3835 8367
3835 11682
3836 5429
3836 6714
3836 9120
3836 11684
3837 5763
3837 6275
3837 6306
3837 6827
3837 10408
3838 4013
3838 4785
3838 5505
3838 9507
3838 9926
3839 4722
3839 5368
3839 5535
3839 5818
3839 9408
3839 9417
3840 4420
3840 5460
3840 5736
3840 5787
3840 8517
3840 9833
3840 10029
3840 10954
3841 4491
3841 4780
3841 5165
3841 5433
3841 5492
3841 6401
3841 6768
3841 7216
3841 7270
3841 7996
3841 8552
3841 8754
3841 9162
3841 9803
3841 9831
3841 10761
3841 11562
3841 11736
3842 3845
3842 5199
3842 5831
3842 6193
3842 7761
3842 11141
3843 6021
3843 6110
3843 6319
3843 6392
3843 6511
3843 6735
3843 9930
3843 10939
3843 11077
3843 11091
3843 11173
3843 11783
3844 4535
3844 4896
3844 5585
3844 6004
3844 6068
3844 7047
3844 8244
3844 8656
3844 9465
3844 9805
3844 12234
3845 5199
3845 5831
3845 10988
3845 11141
3845 12304
3846 5432
3846 6659
3846 10618
3846 12376
3847 3892
3847 4828
3847 5342
3847 5695
3847 5871
3847 7762
3847 8108
3847 8804
3847 9919
3847 10936
3847 11096
3847 11424
3847 12260
3847 12291
3847 12414
3848 4991
3848 6661
3848 6748
3848 12371
3849 4234
3849 4513
3849 6214
3849 8824
3849 9739
3849 10539
3849 10606
3849 11086
3849 11340
3849 11442
3849 11717
3849 12149
3849 12269
3849 12288
3850 4207
3850 5143
3850 5801
3850 6488
3850 7318
3850 8771
3850 9067
3850 9487
3850 9556
3850 9758
3850 10411
3851 3899
3851 4016
3851 6354
3851 7133
3851 7144
3851 7383
3851 9372
3851 10851
3851 10906
3851 11657
3852 4838
3852 5584
3852 5593
3852 7394
3852 7420
3852 7497
3852 8270
3852 8813
3853 7135
3853 7483
3853 8412
3853 8846
3853 9941
3853 11301
3853 12411
3853 12519
3853 12638
3854 4345
3854 6855
3854 9621
3854 10631
3854 11243
3854 11915
3855 4070
3855 4589
3855 6587
3855 6742
3855 7690
3855 7888
3855 8002
3855 9089
3855 10231
3855 11402
3855 11953
3855 12144
3855 12482
3855 12535
3856 5493
3856 5648
3856 6169
3856 7666
3856 9752
3856 9758
3856 10385
3856 10405
3856 11162
3856 11208
3856 11644
3857 6637
3857 7010
3857 7661
3857 8952
3857 9530
3857 9884
3858 4235
3858 7861
3858 9711
3858 10345
3858 11875
3858 12156
3858 12162
3859 4035
3859 4380
3859 5764
3859 6653
3859 6755
3859 7350
3859 9145
3859 9249
3859 9436
3859 10670
3859 11266
3860 4910
3860 5001
3860 5668
3860 6261
3860 6605
3860 7340
3860 7945
3860 8576
3860 8620
3860 9364
3860 9765
3860 11178
3860 12360
3860 12602
3861 3874
3861 4100
3861 4573
3861 4658
3861 6889
3861 9311
3861 9425
3861 9560
3861 9604
3862 4368
3862 6071
3862 6873
3862 8667
3862 9122
3862 10812
3862 11488
3863 4156
3863 4261
3863 5274
3863 6286
3863 6961
3863 7728
3863 7833
3863 7939
3863 9546
3863 10365
3863 11300
3863 11407
3863 11971
3864 3878
3864 4595
3864 7955
3864 10056
3864 10119
3864 10771
3864 12454
3865 4134
3865 5838
3865 6753
3865 6963
3865 8428
3865 9683
3865 10779
3865 10782
3865 11149
3865 12328
3866 3887
3866 4261
3866 4557
3866 4636
3866 4822
3866 5164
3866 5516
3866 5984
3866 6486
3866 6631
3866 7728
3866 7833
3866 8528
3866 8799
3866 9476
3866 9764
3866 9811
3866 10333
3866 10560
3866 11300
3866 12219
3867 5054
3867 7380
3867 7391
3867 7458
3867 7477
3867 8024
3867 8038
3867 9369
3867 10655
3867 12182
3867 12331
3868 3882
3868 4431
3868 5088
3868 5225
3868 6160
3868 6346
3868 6355
3868 6895
3868 6924
3868 6934
3868 7245
3868 7899
3868 10506
3868 11521
3869 4712
3869 6750
3869 7820
3869 8093
3869 10379
3869 11937
3870 4077
3870 4761
3870 8218
3870 8554
3870 8642
3870 8981
3870 9045
3870 9179
3870 9202
3871 3914
3871 4910
3871 5668
3871 6556
3871 6630
3871 7018
3871 7741
3871 7945
3871 8091
3871 8768
3871 11524
3872 5447
3872 6598
3872 7455
3872 8195
3872 8845
3872 9208
3872 12281
3872 12418
3873 4212
3873 4518
3873 4714
3873 5324
3873 5634
3873 6707
3873 7253
3873 9684
3873 11360
3874 4658
3874 5556
3874 6889
3874 6982
3874 7829
3874 9311
3874 9560
3874 9604
3875 4213
3875 4437
3875 4623
3875 4624
3875 5218
3875 7709
3875 8112
3875 8480
3875 9760
3876 3877
3876 3881
3876 4290
3876 6179
3876 6315
3876 8296
3876 8516
3876 10388
3877 4290
3877 5979
3877 6179
3877 6315
3877 8127
3877 8296
3877 8516
3877 9620
3877 10388
3877 12614
3878 4595
3878 9206
3878 10056
3878 10119
3878 10771
3879 4366
3879 6635
3879 6909
3879 7009
3879 9115
3879 9164
3879 10233
3879 11103
3879 11545
3879 12374
3880 5462
3880 5845
3880 5878
3880 6696
3880 6842
3880 6902
3880 7722
3880 9788
3880 10621
3880 11175
3880 11354
3880 11434
3881 6179
3881 7436
3881 8516
3881 8750
3882 3967
3882 4693
3882 6346
3882 6355
3882 6895
3882 6924
3882 6934
3882 7739
3882 7899
3882 8358
3883 5889
3883 6504
3883 6855
3883 9621
3883 9989
3883 10279
3883 10500
3884 4802
3884 5254
3884 7915
3884 10259
3884 10367
3884 10643
3884 10795
3884 10827
3884 11820
3884 12015
3885 4674
3885 4717
3885 6026
3885 6033
3885 7717
3885 10386
3885 12531
3886 4222
3886 4904
3886 6098
3886 6588
3886 6594
3886 7303
3886 8354
3886 10090
3886 10328
3886 10817
3886 12292
3887 4261
3887 4822
3887 5223
3887 6980
3887 7928
3887 9476
3887 10309
3888 7045
3888 7051
3888 7480
3888 7726
3888 7840
3888 8092
3888 8101
3888 8569
3888 8838
3888 9194
3888 9195
3888 9326
3888 11483
3889 4942
3889 5475
3889 6207
3889 9596
3889 11150
3889 11156
3889 11295
3889 11345
3889 12415
3889 12421
3890 4731
3890 4908
3890 4941
3890 5237
3890 5549
3890 6568
3890 8271
3890 8380
3890 8423
3890 10735
3890 11079
3890 12286
3890 12664
3891 4086
3891 5459
3891 5896
3891 8422
3891 8778
3891 10873
3891 11126
3891 11676
3891 12319
3892 5342
3892 6823
3892 7762
3892 10860
3892 10907
3892 10944
3892 11096
3892 12414
3893 4116
3893 4262
3893 4421
3893 6554
3893 6728
3893 6875
3893 7097
3893 7262
3893 7678
3893 8320
3893 9284
3893 9800
3893 10029
3893 10270
3893 10597
3893 11744
3894 4298
3894 4315
3894 4698
3894 5554
3894 6752
3894 6969
3894 7159
3894 8866
3894 8914
3894 9493
3894 10972
3894 11242
3894 11389
3895 5247
3895 5251
3895 5407
3895 6159
3895 6219
3895 7956
3895 7975
3895 8243
3895 8574
3895 9683
3895 10782
3895 10843
3895 11566
3896 4272
3896 4501
3896 5236
3896 5544
3896 5566
3896 6943
3896 9578
3896 9850
3896 10387
3896 10596
3897 4014
3897 5574
3897 6028
3897 6687
3897 8001
3897 9651
3897 9868
3897 10727
3897 10759
3898 3948
3898 5193
3898 5592
3898 8310
3898 8338
3898 8586
3898 10203
3899 3900
3899 4016
3899 6354
3899 6884
3899 7133
3899 7144
3899 7383
3899 10892
3899 10906
3899 10911
3899 11657
3900 4016
3900 5465
3900 6555
3900 6884
3900 7133
3900 10878
3900 10892
3900 10911
3900 11657
3901 6032
3901 6939
3901 7526
3901 9939
3901 10919
3901 11491
3902 4108
3902 4645
3902 4781
3902 5312
3902 6294
3902 6704
3902 7117
3902 7749
3902 7921
3902 8304
3902 8502
3902 9241
3902 11146
3902 11782
3903 5246
3903 5364
3903 5591
3903 6014
3903 6507
3903 9275
3903 10992
3904 4248
3904 4814
3904 6155
3904 6698
3904 6861
3904 7247
3904 8126
3904 8202
3904 9108
3904 9986
3904 10182
3904 11623
3904 11778
3904 12611
3905 6032
3905 6059
3905 9302
3905 9844
3906 4193
3906 4973
3906 4991
3906 6671
3906 7396
3906 8415
3906 9053
3906 9615
3906 9835
3906 10086
3906 10556
3906 10927
3906 11801
3906 11811
3906 11840
3907 5045
3907 5060
3907 5092
3907 6267
3907 9124
3907 10431
3907 11586
3908 3929
3908 4737
3908 5820
3908 11609
3908 11674
3909 3915
3909 4257
3909 4966
3909 5432
3909 6045
3909 10758
3909 11209
3909 11730
3910 4224
3910 4424
3910 5297
3910 6458
3910 7098
3910 7393
3910 7499
3910 12207
3911 3915
3911 4875
3911 7637
3911 7660
3911 9158
3911 9763
3911 10404
3911 11551
3912 4384
3912 4938
3912 5323
3912 5722
3912 5835
3912 5880
3912 10375
3912 11048
3912 11220
3912 11659
3912 11939
3912 12339
3912 12441
3913 5724
3913 7123
3913 7581
3913 7584
3913 8319
3913 9312
3913 9363
3913 10022
3913 10103
3913 11520
3914 4910
3914 5668
3914 6630
3914 7945
3914 8091
3914 11772
3915 4455
3915 4875
3915 4966
3915 5533
3915 6045
3915 9158
3915 10758
3915 11209
3915 11615
3916 4978
3916 6866
3916 9390
3916 10317
3916 10325
3916 10515
3916 11315
3916 11619
3917 5689
3917 6770
3917 8151
3917 8430
3917 9840
3917 11003
3918 6979
3918 7213
3918 8773
3918 10728
3918 11577
3919 4452
3919 8808
3919 8812
3919 8882
3919 9254
3919 10104
3919 10481
3919 11679
3919 12000
3919 12312
3920 4054
3920 4675
3920 9434
3920 9855
3920 10451
3920 10946
3920 11174
3920 11412
3920 11537
3920 12321
3920 12419
3920 12499
3921 4371
3921 4441
3921 6899
3921 6901
3921 9526
3921 10016
3921 10492
3921 10527
3921 10904
3921 11367
3922 4635
3922 5603
3922 6646
3922 8008
3922 8461
3922 9291
3922 10705
3922 11796
3923 5353
3923 6549
3923 6645
3924 4373
3924 5742
3924 5767
3924 5803
3924 6303
3924 6830
3924 8265
3924 9000
3924 11110
3925 4088
3925 4296
3925 4372
3925 5708
3925 6510
3925 7157
3925 7938
3925 8328
3926 4358
3926 4400
3926 4650
3926 5130
3926 5230
3926 5471
3926 6460
3926 6559
3926 6644
3926 7058
3926 7091
3926 7381
3926 9130
3926 9358
3926 9822
3926 10028
3926 10972
3926 11389
3927 4927
3927 5161
3927 5884
3927 6561
3927 9238
3928 4288
3928 4292
3928 4343
3928 4378
3928 5752
3928 5923
3928 7510
3928 8275
3929 4737
3929 4794
3929 5608
3929 7200
3929 9709
3929 10281
3929 10424
3929 10438
3929 10548
3929 11331
3929 11674
3929 12409
3930 3950
3930 4058
3930 6409
3930 6711
3930 8790
3930 9345
3930 11800
3931 5422
3931 5423
3931 5731
3931 6127
3931 6470
3931 7083
3931 7241
3931 8160
3931 9045
3931 9548
3931 10179
3931 11237
3931 11797
3931 12076
3931 12592
3932 4503
3932 6826
3932 7032
3932 9381
3932 10150
3932 10271
3933 4034
3933 5189
3933 6854
3933 7672
3933 9991
3934 5108
3934 6077
3934 6174
3934 6773
3934 7317
3934 7645
3934 7798
3934 7910
3934 8164
3934 9936
3934 11255
3935 4753
3935 6076
3935 6102
3935 6744
3935 8138
3935 10407
3935 11262
3935 11499
3936 4031
3936 5866
3936 6491
3936 7050
3936 7437
3936 7726
3936 7840
3936 8323
3936 8801
3936 8838
3936 9029
3936 9195
3936 9326
3936 10267
3936 12598
3937 4849
3937 5372
3937 5690
3937 5952
3937 7024
3937 7041
3937 7366
3937 8009
3937 8836
3937 9231
3937 10002
3937 11857
3938 6030
3938 7207
3938 8495
3938 8599
3938 9057
3938 9284
3938 9435
3938 10270
3938 11805
3938 12398
3939 4852
3939 5177
3939 5867
3939 7219
3939 10003
3939 10859
3939 10871
3939 10882
3940 4611
3940 4786
3940 4826
3940 5788
3940 5904
3940 5948
3940 6120
3940 6665
3940 7087
3940 8443
3940 9420
3940 10134
3940 10856
3940 10880
3941 4684
3941 4885
3941 7094
3941 7939
3941 9378
3941 10726
3941 10900
3942 4317
3942 7025
3942 7055
3942 7964
3942 8404
3942 11848
3942 11902
3943 4237
3943 4476
3943 5549
3943 6776
3943 6847
3943 7646
3943 7877
3943 9389
3943 10139
3943 10395
3943 10860
3943 10936
3943 10962
3943 11079
3943 11096
3943 11424
3943 12414
3943 12481
3944 4782
3944 5958
3944 6089
3944 6424
3944 7430
3944 10073
3944 10389
3944 10713
3944 11005
3945 4390
3945 5079
3945 5282
3945 5941
3945 6220
3945 6412
3945 6596
3945 8539
3945 9680
3945 9921
3945 11843
3946 4866
3946 5136
3946 5794
3946 7674
3946 7727
3946 9075
3946 9184
3947 3955
3947 4251
3947 4718
3947 4831
3947 5117
3947 6436
3947 6915
3947 7191
3947 7592
3947 8220
3947 9847
3947 11936
3948 5193
3948 5495
3948 8338
3948 8586
3948 9362
3948 10203
3948 10718
3949 5033
3949 5670
3949 6487
3949 7850
3949 8086
3949 9448
3949 10350
3950 4719
3950 4865
3950 6409
3950 6711
3950 6797
3950 8790
3950 9070
3950 11526
3950 11800
3951 4610
3951 4769
3951 4913
3951 5398
3951 6299
3951 9224
3951 9393
3951 10723
3951 11567
3951 11568
3951 12209
3952 4142
3952 4615
3952 4861
3952 5991
3952 8853
3952 9524
3952 9829
3952 9885
3952 10343
3952 12448
3953 5419
3953 5922
3953 6878
3953 8327
3953 8355
3953 9129
3953 9157
3953 9365
3953 11490
3953 12134
3953 12629
3954 4319
3954 4792
3954 4927
3954 5458
3954 6412
3954 7826
3954 8285
3954 10072
3954 10401
3955 4266
3955 4647
3955 4718
3955 5117
3955 5577
3955 5778
3955 6436
3955 6915
3955 7592
3955 8678
3955 9706
3955 9847
3955 11806
3956 3972
3956 4010
3956 5701
3956 6018
3956 6084
3956 9160
3956 9970
3957 4878
3957 5626
3957 6896
3957 6926
3957 6946
3957 7354
3957 9218
3957 9410
3957 9570
3957 9665
3957 9734
3957 10974
3957 11069
3958 4574
3958 5569
3958 5664
3958 6233
3958 7231
3958 7603
3958 7716
3958 8459
3958 9085
3958 9988
3958 10286
3958 11386
3958 11502
3959 5280
3959 6880
3959 8785
3959 10553
3959 11343
3959 11712
3960 5848
3960 6300
3960 10316
3960 10415
3960 10536
3960 10634
3960 10635
3960 11023
3960 11148
3960 11355
3960 12141
3961 5017
3961 5386
3961 7132
3961 8409
3961 8446
3961 9710
3961 10113
3961 10505
3961 10780
3961 11431
3961 11945
3961 12504
3962 4339
3962 4488
3962 4520
3962 4591
3962 5138
3962 5481
3962 5743
3962 5758
3962 5772
3962 7195
3962 7755
3962 8290
3962 8342
3962 8424
3962 8791
3962 10580
3962 10750
3962 11756
3963 4475
3963 5604
3963 6021
3963 6319
3963 7673
3963 9168
3963 9376
3963 9380
3963 9670
3963 9843
3963 9853
3963 10414
3963 11723
3964 4364
3964 4484
3964 6083
3964 6111
3964 6828
3964 8831
3964 9969
3964 9979
3964 11207
3964 11707
3964 11721
3964 12442
3965 4214
3965 5279
3965 8530
3965 9596
3965 9658
3965 10135
3965 10471
3965 11596
3966 4542
3966 5316
3966 5321
3966 7017
3966 7266
3966 7917
3966 8232
3966 9292
3966 11043
3966 11264
3966 12069
3967 4041
3967 4245
3967 5416
3967 6160
3967 6294
3967 6346
3967 7404
3967 8358
3967 10459
3967 10612
3967 10991
3967 11893
3967 11907
3967 11909
3968 4516
3968 4846
3968 6000
3968 6100
3968 7112
3968 7792
3968 7963
3968 8268
3968 10786
3968 11414
3968 11608
3969 4079
3969 4081
3969 5109
3969 5816
3969 8005
3969 8681
3969 11406
3970 4340
3970 4509
3970 5436
3970 6973
3970 7903
3970 8184
3970 8417
3970 9230
3970 10025
3970 11865
3971 5271
3971 5352
3971 5632
3971 6074
3971 6313
3971 7108
3971 7909
3971 11752
3971 11852
3972 6018
3972 6084
3972 7558
3972 9160
3973 5063
3973 7197
3973 7627
3973 8229
3973 8801
3973 8897
3973 8944
3973 9027
3973 12103
3973 12179
3973 12584
3974 4239
3974 5857
3974 7838
3974 7891
3974 9266
3974 9456
3974 9494
3974 9673
3974 9697
3974 10296
3974 10826
3974 11489
3974 11602
3974 12271
3974 12556
3974 12585
3975 4026
3975 4120
3975 4508
3975 5636
3975 7345
3975 8167
3975 9754
3975 9998
3976 4667
3976 5515
3976 5995
3976 7349
3976 11215
3977 4076
3977 4587
3977 4669
3977 6987
3977 7758
3977 10445
3977 10449
3977 10520
3977 12296
3977 12492
3978 4226
3978 4511
3978 4540
3978 5976
3978 5995
3978 8058
3978 8059
3978 10813
3978 12311
3979 5406
3979 6007
3979 6204
3979 6853
3979 9972
3979 10332
3979 11598
3979 11743
3979 12210
3979 12314
3980 4266
3980 4402
3980 5003
3980 5030
3980 5142
3980 5243
3980 7159
3980 7897
3980 7898
3980 8437
3980 9117
3980 9876
3980 9933
3980 9971
3980 11834
3981 5545
3981 6503
3981 6900
3981 8311
3981 9756
3981 9790
3981 10353
3981 11671
3982 4526
3982 5112
3982 5577
3982 5804
3982 8060
3982 9647
3982 9650
3982 10657
3982 10796
3983 4936
3983 4971
3983 5644
3983 5819
3983 6230
3983 7514
3983 7712
3983 8739
3983 8740
3983 8955
3983 9498
3983 9770
3983 11858
3984 5332
3984 6984
3984 7019
3984 9157
3984 10245
3984 12134
3985 4257
3985 4363
3985 6701
3985 7265
3985 7298
3985 9158
3985 9471
3985 10698
3985 10801
3985 11209
3986 5625
3986 7004
3986 7757
3986 8929
3986 9021
3986 9112
3986 9199
3986 9993
3986 11769
3986 11824
3987 4929
3987 6474
3987 7959
3987 9025
3987 9198
3987 9206
3987 9899
3988 4652
3988 4802
3988 4918
3988 5643
3988 5840
3988 5869
3988 6392
3988 6688
3988 6735
3988 9188
3988 9761
3988 10714
3988 11077
3988 11783
3989 4264
3989 4394
3989 6516
3989 9303
3989 9455
3989 10230
3990 3999
3990 4005
3990 4590
3990 4610
3990 5579
3990 6471
3990 9224
3990 9397
3990 9513
3990 9757
3990 10040
3990 10056
3990 10604
3990 11568
3991 5185
3991 5618
3991 9388
3992 4777
3992 7110
3992 7181
3992 9388
3993 4003
3993 4838
3993 5594
3993 6248
3993 7042
3993 7420
3993 7497
3993 10223
3994 4512
3994 4733
3994 4778
3994 4842
3994 7987
3994 9157
3994 9285
3994 9814
3994 9962
3994 10131
3994 10620
3994 11031
3995 4589
3995 4706
3995 4763
3995 4928
3995 4988
3995 5975
3995 8893
3995 9072
3995 9099
3995 10231
3995 12257
3996 4098
3996 4102
3996 4467
3996 4754
3996 6518
3996 7234
3996 9091
3997 4741
3997 4754
3997 6518
3997 6911
3997 9897
3997 10265
3998 6795
3998 7783
3998 11513
3999 4005
3999 4247
3999 5396
3999 5430
3999 7675
3999 9397
3999 9757
3999 10040
3999 10773
4000 4628
4000 5319
4000 7880
4000 8016
4000 9452
4000 10027
4000 10296
4000 11602
4000 11929
4000 12216
4000 12245
4000 12551
4000 12556
4000 12656
4001 4385
4001 4620
4001 6734
4001 7813
4001 7851
4001 8077
4001 8343
4001 8664
4001 10126
4001 10473
4001 10989
4001 11844
4001 11846
4001 12069
4002 4236
4002 4676
4002 4993
4002 6055
4002 6922
4002 7357
4002 7394
4002 8025
4002 8270
4002 8289
4002 8442
4002 8813
4003 4838
4003 5409
4003 5755
4003 6181
4003 6867
4003 7330
4003 7497
4003 7771
4003 9227
4003 9883
4004 4121
4004 4856
4004 5540
4004 6421
4004 6803
4004 7311
4004 8308
4004 8451
4004 9263
4004 11008
4005 5430
4005 5579
4005 8755
4005 9102
4005 10040
4005 10604
4005 12248
4005 12357
4006 7375
4006 9413
4006 9873
4006 11257
4006 11395
4007 5527
4007 8461
4007 9058
4007 9934
4007 10300
4007 10484
4007 10682
4007 10702
4007 11382
4008 4329
4008 5192
4008 7365
4008 8384
4008 8852
4008 11041
4008 11055
4009 4468
4009 4548
4009 5512
4009 5637
4009 7012
4009 7093
4009 8368
4009 8595
4009 9193
4009 9750
4009 9990
4010 4531
4010 5701
4010 7558
4010 8305
4010 9160
4010 9752
4010 11757
4011 4530
4011 4572
4011 4706
4011 5820
4011 6522
4011 6839
4011 7336
4011 8324
4011 9169
4011 9841
4011 10306
4011 10335
4011 11508
4012 4636
4012 5108
4012 6927
4012 7180
4012 7250
4012 7317
4012 7645
4012 8164
4012 8528
4012 9468
4012 9811
4012 10079
4012 12219
4013 4785
4013 5505
4013 5529
4013 6076
4013 6102
4013 7168
4013 7280
4013 9507
4013 9926
4014 5592
4014 6687
4014 8001
4014 8310
4014 9651
4014 9868
4014 10203
4014 10759
4015 4711
4015 5541
4015 5890
4015 9187
4015 9483
4015 9520
4015 9976
4015 10644
4015 10658
4015 11504
4015 11642
4016 4093
4016 5151
4016 5465
4016 6555
4016 6884
4016 7383
4016 7501
4016 9094
4016 9233
4016 9372
4016 10924
4016 11657
4017 4705
4017 5600
4017 6573
4017 7325
4017 7764
4017 7789
4017 9820
4017 10920
4018 4873
4018 4937
4018 5379
4018 5651
4018 7360
4018 8828
4018 9877
4018 10938
4018 11940
4019 4687
4019 4914
4019 5065
4019 5110
4019 5315
4019 5493
4019 7382
4019 7558
4019 8211
4019 8856
4019 9752
4019 10385
4019 11208
4019 11289
4020 5041
4020 5114
4020 7754
4020 8906
4020 9677
4020 9916
4020 10262
4021 4059
4021 5553
4021 6039
4021 7022
4021 7370
4021 7413
4021 8510
4021 9162
4021 9261
4022 4883
4022 5038
4022 5357
4022 6500
4022 6595
4022 6700
4022 7148
4022 9567
4022 11019
4022 11631
4023 4466
4023 4801
4023 5452
4023 5888
4023 8304
4023 9241
4023 9720
4023 9974
4023 11782
4023 11869
4024 4344
4024 5117
4024 5161
4024 5453
4024 5884
4024 6975
4024 9644
4024 10149
4024 10721
4025 6707
4025 7617
4025 9374
4025 9617
4025 10307
4026 4472
4026 4958
4026 5162
4026 7312
4026 7345
4026 7968
4026 9328
4026 9659
4026 9754
4026 9998
4026 10642
4027 4037
4027 4427
4027 4992
4027 6628
4027 9053
4028 4599
4028 6998
4028 7295
4028 8435
4028 11720
4028 12646
4029 4278
4029 4596
4029 5109
4029 5415
4029 5816
4029 5864
4029 6289
4029 6379
4029 7473
4029 7492
4029 7594
4029 8214
4029 8776
4029 10310
4029 10684
4030 5687
4030 9139
4030 9691
4030 10696
4030 11421
4030 11618
4031 5063
4031 5866
4031 6113
4031 6491
4031 7050
4031 7437
4031 8801
4031 9159
4031 10267
4032 4856
4032 4881
4032 5014
4032 6256
4032 6802
4032 10069
4032 11910
4033 4131
4033 5217
4033 5726
4033 5877
4033 7141
4033 7386
4033 7892
4033 8881
4033 9294
4033 11938
4033 12014
4034 5127
4034 5189
4034 8902
4034 9991
4034 10668
4034 11785
4035 4380
4035 5764
4035 6377
4035 7516
4035 8155
4035 9249
4035 9436
4035 10670
4035 10709
4035 11010
4036 5491
4036 7542
4036 7657
4036 8461
4036 8632
4036 10577
4036 12215
4036 12348
4037 4992
4037 6628
4037 9785
4038 6669
4038 9964
4038 10053
4038 10171
4038 10173
4038 10690
4039 5782
4039 6062
4039 6857
4039 7119
4039 8101
4039 8848
4039 8891
4039 11017
4039 11624
4039 11628
4039 12131
4039 12232
4039 12241
4039 12438
4039 12476
4039 12697
4040 4048
4040 6656
4040 6863
4040 6978
4040 7340
4040 7439
4040 7709
4040 8591
4040 10926
4041 4797
4041 5416
4041 6810
4041 7118
4041 7120
4041 7404
4041 7765
4041 8925
4041 11219
4041 11226
4041 11909
4042 4404
4042 5155
4042 5309
4042 5667
4042 7421
4042 8575
4042 8724
4042 9181
4042 9349
4042 9495
4042 12599
4043 5010
4043 6171
4043 6325
4043 6596
4043 6681
4043 7248
4043 7409
4043 9638
4043 9674
4043 10763
4043 11040
4044 4287
4044 5386
4044 6527
4044 6856
4044 7132
4044 7710
4044 7738
4044 8689
4044 9553
4044 10780
4045 5427
4045 6467
4045 6829
4045 7941
4045 9319
4045 9341
4045 9400
4045 11218
4045 11234
4045 12449
4046 4302
4046 8401
4046 9221
4046 9250
4046 9996
4046 10995
4047 4974
4047 6277
4047 6287
4047 6639
4047 6643
4047 6745
4047 7629
4047 7703
4047 8597
4047 10177
4047 10178
4048 4163
4048 5195
4048 5266
4048 6978
4048 7439
4048 7452
4048 7709
4048 8651
4048 11768
4048 12566
4049 4468
4049 5127
4049 5367
4049 7917
4049 8134
4049 8232
4049 8872
4049 9292
4049 9318
4049 9422
4049 9999
4049 12073
4049 12224
4050 4673
4050 4695
4050 4700
4050 4835
4050 6845
4050 7334
4050 10482
4050 10514
4050 10792
4050 11954
4051 4164
4051 4351
4051 5675
4051 6263
4051 7073
4051 7651
4051 7874
4051 9088
4051 9225
4051 10719
4051 11569
4052 4113
4052 4145
4052 4147
4052 4515
4052 5352
4052 5670
4052 6741
4052 7505
4052 7689
4052 7865
4052 8537
4052 10605
4052 11639
4052 11646
4052 11658
4053 4739
4053 5698
4053 5893
4053 7610
4053 8206
4053 8257
4053 8702
4053 9063
4053 9305
4053 10404
4054 4675
4054 5070
4054 5084
4054 6183
4054 6663
4054 9310
4054 9434
4054 10322
4054 11174
4054 11537
4054 12143
4054 12321
4054 12435
4055 7143
4055 7210
4055 7719
4055 8319
4055 10071
4055 10290
4055 11039
4055 11496
4056 4492
4056 4985
4056 6407
4056 7074
4056 7565
4056 7997
4056 9602
4056 9612
4056 10379
4056 10469
4056 10768
4057 4154
4057 5018
4057 5246
4057 8104
4057 10567
4058 4118
4058 4981
4058 5076
4058 6409
4058 6711
4058 8790
4058 9345
4058 9361
4058 10966
4058 11800
4059 4800
4059 5057
4059 7022
4059 7370
4059 9162
4059 11004
4059 11681
4059 11856
4059 12184
4060 5105
4060 6221
4060 8718
4060 9322
4060 10652
4060 11636
4060 12527
4061 4333
4061 5255
4061 5463
4061 7089
4061 8426
4061 9589
4061 10207
4061 10293
4061 10854
4061 10943
4061 11087
4062 4496
4062 5444
4062 5601
4062 6151
4062 6638
4062 7586
4062 8216
4062 8850
4062 9620
4062 10098
4062 11289
4062 11575
4063 7005
4063 7638
4063 8183
4063 8398
4063 9475
4063 10300
4063 10484
4063 11071
4063 12215
4064 4386
4064 4508
4064 4694
4064 5203
4064 5703
4064 5821
4064 6189
4064 6484
4064 6805
4064 7322
4064 8167
4064 8203
4064 8357
4064 8463
4064 8551
4064 8596
4064 9264
4064 9998
4064 10120
4065 4251
4065 4676
4065 4927
4065 5286
4065 5405
4065 6467
4065 7134
4065 7274
4065 7592
4065 8025
4065 8289
4065 10059
4065 11218
4066 4424
4066 6395
4066 6690
4066 7098
4066 7691
4066 10501
4066 10522
4066 11036
4066 11252
4066 11729
4066 11976
4066 12549
4067 4594
4067 6431
4067 6515
4067 7196
4067 7656
4067 10219
4067 10323
4067 10443
4067 12142
4067 12265
4067 12317
4067 12513
4067 12548
4068 5285
4068 6642
4068 8021
4068 8366
4068 9890
4068 10767
4068 11948
4068 12173
4068 12646
4069 7517
4069 9852
4069 10320
4069 10340
4069 10651
4069 11319
4069 11980
4069 12055
4070 4074
4070 4201
4070 6587
4070 6742
4070 7342
4070 7690
4070 11327
4070 11402
4071 4100
4071 7433
4071 7922
4071 10146
4071 10344
4071 10442
4071 11248
4071 11969
4071 12006
4071 12506
4072 5015
4072 5560
4072 6190
4072 7115
4072 8383
4072 8635
4072 9575
4072 10694
4072 10799
4072 11581
4072 11650
4073 5191
4073 5212
4073 6914
4073 7545
4073 9398
4073 9669
4073 10349
4073 10366
4073 10487
4073 10592
4073 10632
4074 4201
4074 5793
4074 5977
4074 7342
4074 7690
4074 11327
4074 11402
4075 4095
4075 4581
4075 5556
4075 6226
4075 7205
4075 9216
4075 11459
4075 11862
4075 12450
4076 4602
4076 6987
4076 7758
4076 8339
4076 10172
4076 10456
4076 10520
4076 11731
4076 12492
4077 4761
4077 5423
4077 9045
4077 9202
4077 12076
4078 4389
4078 4414
4078 4493
4078 6586
4078 7249
4078 8182
4078 8269
4078 9911
4078 9979
4078 10717
4078 11145
4079 4081
4079 6248
4079 7042
4079 7184
4079 7296
4079 8005
4079 10777
4079 11406
4080 4095
4080 4100
4080 4658
4080 5556
4080 10447
4080 11459
4080 11704
4080 11862
4080 11969
4080 12175
4080 12450
4080 12643
4081 4354
4081 4762
4081 6086
4081 6596
4081 7042
4081 7184
4081 7296
4081 7707
4081 8681
4081 9343
4081 10148
4081 10777
4081 11112
4081 11406
4082 4447
4082 6861
4082 6903
4082 7460
4082 8202
4082 9108
4083 4085
4083 4176
4083 4317
4083 5228
4083 7964
4083 8991
4083 9308
4083 11889
4083 11917
4083 12092
4084 4315
4084 5142
4084 5243
4084 5250
4084 6404
4084 6985
4084 7091
4084 7696
4084 8731
4084 9123
4084 9646
4084 10743
4084 10972
4084 11242
4084 12220
4085 4094
4085 4176
4085 5228
4085 8991
4085 10363
4085 11889
4086 5953
4086 6201
4086 6268
4086 8422
4086 9836
4086 10508
4086 11345
4086 12319
4087 4458
4087 4877
4087 5061
4087 5132
4087 5134
4087 5226
4087 6001
4087 7036
4087 7069
4087 7863
4087 8135
4087 10526
4088 4372
4088 4803
4088 5048
4088 5708
4088 6016
4088 11573
4089 4436
4089 4654
4089 4792
4089 5461
4089 8285
4089 8452
4089 9544
4089 9842
4089 10401
4089 10455
4089 10603
4089 10865
4089 11179
4089 11341
4089 11570
4089 11638
4090 4403
4090 4428
4090 4736
4090 5213
4090 6870
4090 7576
4090 8056
4090 8188
4090 10829
4090 11225
4090 12256
4090 12537
4091 4109
4091 4413
4091 4742
4091 4999
4091 5040
4091 5095
4091 5183
4091 5421
4091 5469
4091 5472
4091 5699
4091 6095
4091 7128
4091 7305
4091 7991
4091 11762
4092 4283
4092 4917
4092 5244
4092 9944
4092 10145
4092 10208
4092 11134
4092 11342
4092 12380
4093 5465
4093 5905
4093 6345
4093 7501
4093 9233
4093 9891
4093 9950
4093 10924
4093 10969
4093 11347
4093 11998
4093 12507
4094 4176
4094 5228
4094 7820
4094 9308
4094 10363
4094 11889
4094 11937
4095 5556
4095 6226
4095 7205
4095 7662
4095 9216
4095 11704
4095 11862
4096 4232
4096 6888
4096 7361
4096 7535
4096 8063
4096 10165
4096 10840
4096 11379
4096 11381
4096 11803
4096 11925
4096 12112
4096 12114
4096 12164
4096 12187
4096 12191
4097 4180
4097 4517
4097 5483
4097 6107
4097 10355
4097 11254
4097 11887
4097 12102
4098 4102
4098 5160
4098 5545
4098 6877
4098 7234
4098 7974
4098 8827
4098 9091
4098 9443
4098 10353
4098 10474
4098 11034
4098 11683
4099 5390
4099 5557
4099 6540
4099 7760
4099 9391
4099 10075
4099 10312
4099 10497
4099 12011
4100 4573
4100 4658
4100 6889
4100 6953
4100 7893
4100 7922
4100 10146
4100 10442
4100 10447
4100 11969
4100 12006
4101 4767
4101 5823
4101 7400
4101 7735
4101 8968
4101 11877
4101 11885
4101 11968
4101 12032
4101 12055
4101 12090
4102 4467
4102 7234
4102 8115
4102 8284
4102 9091
4102 9119
4103 5310
4103 5738
4103 6382
4103 6614
4103 8143
4103 9671
4103 9743
4103 10660
4103 10691
4104 4149
4104 4581
4104 6341
4104 6682
4104 6982
4104 7807
4104 12462
4105 6063
4105 12212
4105 12222
4106 6578
4106 6717
4106 10229
4106 10951
4106 11133
4106 12049
4106 12412
4107 6279
4107 6705
4107 7566
4107 8896
4107 9256
4108 4781
4108 5158
4108 6383
4108 6476
4108 6479
4108 6704
4108 7724
4108 7749
4108 8166
4108 8178
4108 8299
4108 8373
4108 8502
4108 8908
4108 11146
4108 11807
4109 4413
4109 4423
4109 4999
4109 5183
4109 5421
4109 5472
4109 6175
4109 7190
4110 4404
4110 5028
4110 5096
4110 5431
4110 5503
4110 5508
4110 5667
4110 6917
4110 9497
4110 11558
4111 4604
4111 5172
4111 6640
4111 7447
4111 7911
4111 8802
4111 9104
4111 11534
4111 12306
4112 4281
4112 4564
4112 4584
4112 4883
4112 5038
4112 7148
4112 8078
4112 8322
4112 8549
4112 9274
4112 9447
4112 10033
4112 11527
4113 6741
4113 7020
4113 7505
4113 8512
4113 11510
4113 11639
4113 11646
4114 4679
4114 4873
4114 5615
4114 6845
4114 11502
4114 11547
4115 4130
4115 4348
4115 4918
4115 6371
4115 6821
4115 7189
4115 9808
4115 10189
4115 11518
4115 11671
4116 4421
4116 4688
4116 5341
4116 6505
4116 6728
4116 7262
4116 8317
4116 9307
4116 9336
4116 10597
4117 5241
4117 5810
4117 5997
4117 6473
4117 8527
4117 9178
4117 11647
4117 11866
4118 4981
4118 8790
4118 9345
4118 9361
4118 11800
4119 5317
4119 7192
4119 8823
4119 8965
4119 8969
4119 9873
4119 11510
4119 11894
4119 12130
4119 12641
4120 4123
4120 4321
4120 4508
4120 5636
4120 5681
4120 6268
4120 6532
4120 7968
4120 8185
4120 8463
4120 9836
4120 9998
4120 11606
4120 11706
4120 12255
4121 5246
4121 6421
4121 7311
4121 7496
4121 9263
4122 4407
4122 5082
4122 6811
4122 6931
4122 7659
4122 8770
4122 10176
4123 4508
4123 4566
4123 4672
4123 5821
4123 6532
4123 7968
4123 8167
4123 8203
4123 9268
4123 9998
4123 10000
4123 10120
4123 11706
4124 4607
4124 6267
4124 6600
4124 7949
4124 7967
4124 9171
4124 9549
4124 11591
4125 4203
4125 4205
4125 5571
4125 7809
4125 8070
4125 8123
4125 8340
4125 8825
4125 8886
4125 8888
4126 4395
4126 4987
4126 5179
4126 5362
4126 5852
4126 6229
4126 6512
4126 7793
4126 9461
4126 9563
4126 11517
4127 4671
4127 4795
4127 5809
4127 6168
4127 7676
4127 9618
4127 10008
4127 10341
4127 10581
4127 10829
4127 11225
4127 11463
4128 4380
4128 5173
4128 6377
4128 6768
4128 7270
4128 7410
4128 7471
4128 8155
4128 8722
4128 9249
4128 10670
4128 10709
4128 10716
4128 11736
4129 4252
4129 4849
4129 5847
4129 7024
4129 7044
4129 8097
4129 9217
4129 9423
4129 9594
4129 9987
4129 10172
4129 10507
4130 4652
4130 4926
4130 6821
4130 7226
4130 10011
4130 10189
4131 5877
4131 6600
4131 7386
4131 7552
4131 7892
4131 9334
4131 9549
4131 11591
4131 11938
4132 4142
4132 7056
4132 9524
4132 10764
4133 4905
4133 5715
4133 6009
4133 6538
4133 6571
4133 6770
4133 7203
4133 10496
4133 11296
4134 5174
4134 5451
4134 5838
4134 6085
4134 6531
4134 7491
4134 7975
4134 8226
4134 10779
4134 10782
4134 12328
4135 6304
4135 6856
4135 7198
4135 11495
4136 5104
4136 5727
4136 5772
4136 5814
4136 7315
4136 7905
4136 8917
4137 5786
4137 6812
4137 8684
4137 9141
4137 9605
4137 9704
4137 10545
4137 11006
4138 4746
4138 7337
4138 9622
4138 9729
4138 10225
4138 10375
4138 10846
4138 11104
4139 4604
4139 4808
4139 5224
4139 7447
4139 9056
4139 9243
4139 10007
4139 11728
4140 4748
4140 5272
4140 5470
4140 6178
4140 6515
4141 4866
4141 5086
4141 6882
4141 7803
4141 8003
4141 9400
4141 9564
4141 9732
4141 11038
4141 11062
4141 11234
4141 11472
4142 4805
4142 5991
4142 6420
4142 7056
4142 8853
4142 10764
4143 5307
4143 5322
4143 6983
4143 7015
4143 7223
4143 7837
4143 9528
4143 10183
4143 10811
4143 10973
4143 11920
4144 4398
4144 5853
4144 6124
4144 7772
4144 8913
4144 9721
4144 10285
4144 10587
4144 10822
4144 11056
4145 4147
4145 4515
4145 5352
4145 5632
4145 6922
4145 7865
4145 8196
4146 4360
4146 5627
4146 5851
4146 6502
4146 6886
4146 7066
4146 7360
4146 8153
4146 8436
4146 9051
4146 10048
4146 10250
4146 10396
4146 10655
4146 11725
4146 11931
4146 12341
4146 12467
4147 4515
4147 5352
4147 6922
4147 11639
4147 11658
4148 5376
4148 6301
4148 6523
4148 8673
4148 9087
4148 10459
4148 12330
4149 6341
4149 6608
4149 12462
4150 5806
4150 6366
4150 7637
4150 7744
4150 8235
4150 8864
4150 9063
4150 10082
4150 11209
4150 11385
4150 11551
4150 11730
4151 4486
4151 4502
4151 4549
4151 4817
4151 7078
4151 7694
4151 9534
4151 11543
4151 11754
4152 4593
4152 7082
4152 7560
4152 9872
4152 10511
4152 10512
4152 10928
4152 11168
4153 6027
4153 7307
4153 8831
4153 9183
4153 9731
4153 10049
4153 10400
4153 12096
4153 12442
4154 4170
4154 4919
4154 5018
4154 5455
4154 6282
4154 8104
4154 9431
4154 10567
4154 12214
4155 4997
4155 5294
4155 5830
4155 6325
4155 6387
4155 7416
4155 7747
4155 8022
4155 8511
4155 9439
4155 10153
4156 5164
4156 5274
4156 6286
4156 6678
4156 7728
4156 9273
4156 10129
4156 10365
4156 11407
4156 11634
4157 5482
4157 7902
4157 9097
4157 9522
4157 9817
4157 10309
4157 10707
4158 4683
4158 5844
4158 6725
4158 6761
4158 6924
4158 7022
4158 8510
4158 9261
4158 10102
4158 10174
4159 5303
4159 5806
4159 6366
4159 6990
4159 7778
4159 8228
4159 8864
4159 9351
4159 10802
4159 11854
4160 4681
4160 5746
4160 6565
4160 7268
4160 9211
4160 9428
4160 12377
4161 4171
4161 4462
4161 5274
4161 6025
4161 6286
4161 6819
4161 7232
4161 9546
4161 9841
4161 10335
4161 10726
4161 11078
4161 11508
4162 4318
4162 5021
4162 5102
4162 5662
4162 5780
4162 7514
4162 8482
4162 8810
4162 9132
4162 9289
4162 9498
4162 9628
4162 10109
4162 10114
4162 11024
4162 11029
4163 4370
4163 4557
4163 4756
4163 5195
4163 5266
4163 6843
4163 7439
4163 7709
4163 9774
4163 10778
4164 4312
4164 4427
4164 6671
4164 7073
4164 7651
4164 8415
4164 9225
4164 9445
4164 9615
4164 10674
4164 10676
4164 10927
4164 11569
4165 7456
4165 7478
4165 8130
4165 8929
4165 9375
4165 9814
4165 9962
4165 10131
4165 11769
4166 4854
4166 5808
4166 7940
4166 9660
4166 9934
4166 10300
4166 10702
4166 12078
4166 12261
4167 5679
4167 7801
4167 8397
4167 10667
4168 6335
4168 7488
4168 7523
4168 11057
4168 11419
4168 12201
4168 12424
4168 12560
4169 4407
4169 5082
4169 5275
4169 6133
4169 6451
4169 7659
4169 8770
4169 9694
4169 10794
4170 4919
4170 5018
4170 5462
4170 5845
4170 6902
4170 8364
4170 9244
4170 10567
4170 12214
4170 12272
4171 4462
4171 6548
4171 7232
4171 8777
4171 10101
4171 10726
4171 10900
4171 11078
4171 11516
4172 4656
4172 4922
4172 5233
4172 6123
4172 7054
4172 10315
4172 10529
4172 11401
4172 11540
4172 12016
4172 12027
4172 12153
4172 12195
4173 5333
4173 6685
4173 7400
4173 7732
4173 8968
4173 11883
4173 12090
4173 12213
4174 5068
4174 5318
4174 6236
4174 7812
4174 10064
4174 10147
4174 10361
4174 11831
4174 12044
4174 12545
4175 6236
4175 7937
4175 9875
4175 10361
4175 11792
4175 11831
4175 11872
4175 12044
4175 12459
4176 9308
4176 11889
4176 11917
4176 11924
4176 12092
4177 4187
4177 4190
4177 4805
4177 4806
4177 6872
4177 7711
4177 8964
4177 11876
4177 11984
4177 12026
4177 12524
4178 5015
4178 5333
4178 6690
4178 7557
4178 10799
4178 10922
4178 10973
4178 11252
4178 11574
4178 12171
4178 12188
4178 12196
4179 4267
4179 6209
4179 6673
4179 6759
4179 6788
4179 7299
4179 7331
4179 7428
4179 9895
4179 10313
4179 11927
4179 12040
4179 12112
4179 12187
4179 12505
4180 6107
4180 6141
4180 7137
4180 9712
4180 10355
4180 11254
4180 11268
4180 11887
4180 12034
4181 8069
4181 9527
4181 10147
4181 11252
4181 11635
4181 11724
4181 11729
4181 11878
4181 11976
4181 11995
4181 12024
4181 12037
4181 12089
4182 4656
4182 4840
4182 5233
4182 7128
4182 10315
4182 10923
4182 11401
4182 11996
4182 12016
4182 12185
4182 12456
4183 4701
4183 5326
4183 6133
4183 6417
4183 7290
4183 7292
4183 7659
4183 7782
4183 8770
4183 10582
4184 4445
4184 5881
4184 6330
4184 7779
4184 9081
4184 10092
4184 10282
4184 10325
4184 11373
4184 11619
4184 12252
4184 12309
4184 12490
4185 4375
4185 7925
4185 10570
4186 6470
4186 7431
4186 7824
4186 7863
4186 8748
4186 10575
4186 11691
4186 12052
4186 12121
4186 12436
4186 12592
4186 12649
4186 12670
4187 4190
4187 4805
4187 7711
4187 8964
4187 11876
4187 11984
4187 12535
4188 4434
4188 6682
4188 6836
4188 7854
4188 9714
4188 9715
4188 9952
4188 10190
4188 11376
4188 11822
4188 11874
4188 11969
4188 12043
4188 12175
4188 12495
4189 4671
4189 5248
4189 9340
4189 9355
4189 10280
4189 10341
4189 10937
4189 11225
4190 4600
4190 6872
4190 7056
4190 8964
4190 9524
4190 10343
4190 11708
4190 11876
4190 11961
4190 11967
4190 11984
4190 12026
4190 12524
4191 5284
4191 5296
4191 6125
4191 6974
4191 7224
4191 7862
4191 7867
4191 11916
4191 12116
4192 5330
4192 6618
4192 6619
4192 7571
4192 10477
4192 11892
4192 11965
4192 12029
4192 12036
4192 12091
4193 4427
4193 4992
4193 6324
4193 6671
4193 7073
4193 8415
4193 9053
4193 9445
4193 9615
4193 10302
4193 10927
4193 11840
4194 4516
4194 6000
4194 6044
4194 7112
4194 7792
4194 8190
4194 9609
4194 9973
4194 10012
4194 12445
4195 5933
4195 6930
4195 7147
4195 7384
4195 7857
4195 8020
4195 11740
4195 12167
4196 5609
4196 6180
4196 6291
4196 6648
4196 6798
4196 8013
4196 8192
4196 9106
4196 9371
4197 4986
4197 5088
4197 7127
4197 8360
4197 8392
4197 8455
4197 9296
4197 9454
4197 10112
4198 4860
4198 5270
4198 6132
4198 6972
4198 8067
4198 8080
4198 9585
4198 9656
4198 9660
4198 11914
4198 12042
4198 12261
4198 12652
4199 4538
4199 4850
4199 5072
4199 7179
4199 7278
4199 7395
4199 7954
4199 9028
4199 9100
4199 10898
4199 12105
4199 12659
4200 4216
4200 7943
4200 8005
4200 9343
4200 9483
4200 10003
4200 11009
4201 4600
4201 5977
4201 5982
4201 11402
4201 11940
4201 12026
4201 12535
4202 4232
4202 6552
4202 7236
4202 10165
4202 11751
4202 11925
4202 11960
4202 12112
4202 12164
4203 4205
4203 5438
4203 7222
4203 8070
4203 8098
4203 8340
4203 8376
4203 8825
4203 12102
4204 4884
4204 5002
4204 6391
4204 7662
4204 7918
4204 9216
4204 9551
4205 5438
4205 7222
4205 7809
4205 7814
4205 8098
4205 8340
4205 8376
4205 8825
4205 9664
4205 12102
4206 4759
4206 6501
4206 6617
4206 7102
4206 7288
4206 7816
4206 8028
4206 8149
4206 8844
4206 8932
4206 9491
4206 10269
4206 11775
4207 4787
4207 4970
4207 5801
4207 6258
4207 6422
4207 7318
4207 8771
4207 9487
4207 10411
4208 4873
4208 5330
4208 5613
4208 7571
4208 8441
4208 9877
4208 9965
4208 10091
4208 10820
4209 4347
4209 5044
4209 5346
4209 6945
4209 6976
4209 9235
4209 9639
4209 10095
4209 10354
4209 11316
4209 11400
4209 12485
4210 4429
4210 6226
4210 7806
4210 7807
4210 7918
4210 9216
4210 9551
4210 11904
4210 12160
4210 12462
4210 12643
4211 7951
4211 11582
4212 4518
4212 4524
4212 5324
4212 5815
4212 6707
4212 6995
4212 7253
4212 7605
4212 8027
4212 9684
4213 4437
4213 5218
4213 5706
4213 6794
4213 7392
4213 7595
4213 7834
4213 8112
4213 8480
4213 8505
4213 9760
4213 10804
4213 12571
4214 4321
4214 4560
4214 5110
4214 5279
4214 6833
4214 8061
4214 8508
4214 9658
4214 10135
4214 10471
4214 11596
4215 4672
4215 5681
4215 6532
4215 8658
4215 10224
4215 10808
4215 11706
4216 4618
4216 5867
4216 7943
4216 9343
4217 4241
4217 5293
4217 5298
4217 6149
4217 6453
4217 7528
4217 7804
4217 7811
4217 7836
4217 7859
4217 8884
4217 9218
4217 11899
4217 11922
4217 12165
4217 12470
4218 4450
4218 6991
4218 7958
4218 7981
4218 8345
4218 8362
4218 9523
4218 10895
4218 11923
4218 11978
4218 12109
4219 4506
4219 6227
4219 7735
4219 9852
4219 10362
4219 11877
4219 11910
4219 11968
4219 11978
4220 4747
4220 6838
4220 7734
4220 8014
4220 10351
4220 10776
4220 11970
4220 12018
4220 12038
4220 12119
4220 12575
4221 6950
4221 7326
4221 7816
4221 8149
4221 8769
4221 9368
4221 11775
4222 6098
4222 6588
4222 6772
4222 7341
4222 7869
4222 7952
4222 8073
4222 8662
4222 9698
4222 9845
4222 10090
4222 10817
4222 12060
4222 12292
4223 4357
4223 5149
4223 5409
4223 5426
4223 5555
4223 5594
4223 6876
4223 7492
4223 7669
4223 9813
4223 10057
4223 10413
4223 10684
4224 6458
4224 6690
4224 7115
4224 7393
4224 7557
4224 9575
4224 10183
4224 10922
4224 11574
4224 11581
4224 12207
4225 4924
4225 5047
4225 7027
4225 9394
4225 9640
4226 4851
4226 5976
4226 6031
4226 6566
4226 8058
4226 9577
4226 9663
4226 10397
4226 11910
4226 11978
4226 12311
4227 4729
4227 6328
4227 7227
4227 9360
4227 9492
4227 9554
4228 4499
4228 4871
4228 5244
4228 6193
4228 6498
4228 6541
4228 8201
4228 8412
4228 9093
4228 11506
4228 11527
4229 4522
4229 4601
4229 5691
4229 6894
4229 7048
4229 8091
4229 8395
4229 8797
4229 8890
4229 12249
4229 12332
4230 4453
4230 6960
4230 9974
4230 10314
4230 11413
4230 11435
4230 12010
4230 12310
4230 12484
4230 12543
4230 12570
4230 12628
4231 5857
4231 7561
4231 7869
4231 9456
4231 9697
4231 10339
4231 10817
4231 11489
4231 11791
4232 7535
4232 7706
4232 8063
4232 8065
4232 10165
4232 11751
4232 11925
4232 12112
4232 12114
4232 12164
4232 12191
4233 4517
4233 5083
4233 5483
4233 7222
4233 7435
4233 8376
4233 9664
4233 10521
4233 12102
4234 4410
4234 5768
4234 5833
4234 6214
4234 6760
4234 8295
4234 8824
4234 9682
4234 9739
4234 10018
4234 11086
4234 11442
4234 11675
4235 7856
4235 7861
4235 9635
4235 9711
4235 10345
4235 11637
4235 11875
4235 12156
4235 12162
4236 6055
4236 6922
4236 7357
4236 8270
4237 5950
4237 6847
4237 7687
4237 8501
4237 9389
4237 10139
4237 10962
4237 11747
4237 11841
4238 4832
4238 5635
4238 5797
4238 6553
4238 6579
4238 8918
4238 9359
4238 9446
4238 9484
4238 9747
4238 9882
4238 11375
4238 11743
4238 11833
4239 5540
4239 5805
4239 7520
4239 8000
4239 8121
4239 8306
4239 8308
4239 8375
4239 9266
4239 9494
4239 10571
4239 10826
4240 5299
4240 5674
4240 5981
4240 6149
4240 6218
4240 6838
4240 7332
4240 8066
4240 9408
4240 10899
4240 11886
4240 11959
4240 11970
4240 12059
4240 12165
4240 12642
4240 12645
4241 6067
4241 6149
4241 6838
4241 6926
4241 8884
4241 9218
4241 10974
4241 11899
4241 12165
4241 12194
4241 12575
4241 12645
4242 4605
4242 5152
4242 5345
4242 5719
4242 6897
4242 6908
4242 8087
4242 9133
4242 9232
4242 9282
4242 9555
4242 10630
4242 11919
4242 12022
4242 12027
4242 12066
4243 5258
4243 5652
4243 6135
4243 9409
4243 10446
4243 10466
4243 10981
4243 10987
4243 12017
4244 5602
4244 5992
4244 6953
4244 7961
4244 9188
4244 9425
4244 10259
4244 10442
4244 11700
4244 11947
4244 12015
4244 12138
4244 12506
4245 5376
4245 10459
4245 10612
4245 11907
4245 11909
4245 12085
4246 4519
4246 4713
4246 5454
4246 6225
4246 7564
4246 9482
4246 10470
4246 10590
4246 10712
4246 11726
4247 4430
4247 8053
4247 8255
4247 9321
4247 9757
4247 10116
4247 10773
4248 4459
4248 4756
4248 6903
4248 7247
4248 8202
4248 8655
4248 9774
4248 10037
4248 11778
4249 5523
4249 5578
4249 7464
4249 9737
4249 9861
4249 11222
4249 12422
4250 4327
4250 5403
4250 6529
4250 7574
4250 7667
4250 8278
4250 9259
4250 9951
4250 11231
4250 12362
4251 4927
4251 5117
4251 5286
4251 7274
4251 7592
4251 8025
4251 8220
4251 9847
4251 10148
4251 11936
4252 5847
4252 6445
4252 8197
4252 9423
4252 9987
4252 10507
4253 4694
4253 5821
4253 5979
4253 6189
4253 6796
4253 6893
4253 7740
4253 8127
4253 8203
4253 8596
4253 12614
4254 4984
4254 5260
4254 5414
4254 5419
4254 6046
4254 7639
4254 7733
4254 8177
4254 9125
4254 9190
4254 9262
4254 9387
4254 9920
4255 4758
4255 5952
4255 6640
4255 8009
4255 9107
4255 9298
4255 9581
4255 10002
4256 4311
4256 4470
4256 5283
4256 5836
4256 7327
4256 10399
4256 11799
4257 4446
4257 4923
4257 4966
4257 5432
4257 6045
4257 6087
4257 8486
4257 9471
4257 9536
4257 10801
4257 11209
4257 11385
4257 11730
4257 12268
4258 4263
4258 4585
4258 6994
4258 7889
4258 8487
4258 9700
4258 9963
4258 11244
4259 4760
4259 5319
4259 7276
4259 9192
4259 9300
4259 10027
4259 11027
4259 11929
4260 7302
4260 8182
4260 9166
4260 9212
4260 9331
4260 10489
4260 11018
4260 11239
4260 11548
4260 11631
4261 5516
4261 6101
4261 6980
4261 7644
4261 7702
4261 7833
4261 7928
4261 10365
4261 11300
4261 11971
4262 4659
4262 5561
4262 5909
4262 6554
4262 6766
4262 7678
4262 9652
4262 10597
4262 11744
4263 4585
4263 6994
4263 7887
4263 7889
4263 11244
4263 11982
4264 6142
4264 9303
4264 10230
4264 10400
4264 10533
4264 12052
4264 12139
4264 12166
4264 12512
4264 12540
4265 4408
4265 4940
4265 5324
4265 5742
4265 5803
4265 7253
4265 9000
4265 9272
4265 9684
4265 11360
4266 4718
4266 5003
4266 5577
4266 5778
4266 6338
4266 6915
4266 7191
4266 9117
4266 9876
4266 9933
4266 11806
4266 11834
4267 5264
4267 6759
4267 6788
4267 6972
4267 7299
4267 7428
4267 8374
4267 11927
4267 11960
4267 12187
4267 12190
4268 5041
4268 5571
4268 7796
4268 7845
4268 8157
4268 8871
4268 9237
4268 9771
4268 9916
4268 9955
4269 5348
4269 5575
4269 5949
4269 6242
4269 8122
4269 8143
4269 8405
4269 9295
4269 9414
4269 9805
4269 10030
4269 10810
4269 11222
4270 4352
4270 4481
4270 5561
4270 6010
4270 6464
4270 6561
4270 6718
4270 6829
4270 9319
4270 9341
4270 9652
4270 10228
4270 10266
4270 10276
4270 10805
4270 10809
4271 7614
4271 7924
4271 8125
4271 8915
4271 10089
4271 10609
4271 11273
4271 11895
4271 12068
4271 12582
4272 4282
4272 4501
4272 5544
4272 5566
4272 6217
4272 6943
4272 7225
4272 7812
4272 8347
4272 8571
4272 10596
4272 12530
4273 5473
4273 5886
4273 6115
4273 6204
4273 8421
4273 8476
4273 9784
4273 10692
4273 11278
4273 11461
4273 12314
4273 12426
4274 4409
4274 5725
4274 6828
4274 9354
4274 9911
4274 11721
4275 4339
4275 5743
4275 7142
4275 9640
4275 10524
4275 11438
4275 12146
4275 12496
4276 6722
4276 6997
4276 8066
4276 12130
4276 12157
4276 12588
4277 4348
4277 6371
4277 6399
4277 6503
4277 7469
4277 10353
4277 11671
4278 4596
4278 5415
4278 5741
4278 5864
4278 6289
4278 7473
4278 7492
4278 8214
4278 8266
4278 8301
4278 10078
4278 10562
4278 12461
4278 12572
4279 4461
4279 7085
4279 8031
4279 8062
4279 8248
4279 8685
4279 9026
4279 9696
4279 9794
4279 10046
4279 10164
4279 10393
4279 10487
4280 5011
4280 5196
4280 6054
4280 9103
4280 9306
4280 9809
4280 9975
4280 11050
4280 11052
4280 11074
4280 11870
4281 4564
4281 4584
4281 6700
4281 7148
4281 8078
4281 8549
4281 9447
4281 9904
4281 10488
4282 4355
4282 4575
4282 5068
4282 6217
4282 6622
4282 7766
4282 7795
4282 12530
4283 4571
4283 4917
4283 5244
4283 8385
4283 9631
4283 10145
4283 10845
4283 12380
4284 4404
4284 5093
4284 5096
4284 6697
4284 8114
4284 8575
4284 9121
4284 9181
4284 9349
4285 5152
4285 6223
4285 7160
4285 7255
4285 9531
4285 10087
4285 10534
4286 4478
4286 5050
4286 5077
4286 5344
4286 6611
4286 7344
4286 7565
4286 9401
4286 10081
4286 11560
4287 6304
4287 6856
4287 7123
4287 7581
4287 8240
4287 8319
4287 8689
4287 9207
4287 9553
4287 11495
4288 4292
4288 4343
4288 6066
4288 7510
4288 8275
4288 8792
4289 5643
4289 6118
4289 7099
4289 7189
4289 7593
4289 7729
4289 8318
4289 9357
4289 9407
4290 5701
4290 6179
4290 10388
4290 10420
4291 4391
4291 5333
4291 5614
4291 6567
4291 6593
4291 11522
4291 11574
4291 12183
4291 12196
4291 12525
4292 4361
4292 4930
4292 5810
4292 6066
4292 7510
4292 8275
4292 8792
4293 5239
4293 7166
4293 9250
4293 10372
4293 10905
4293 10984
4294 5724
4294 6490
4294 8326
4294 9735
4294 10019
4294 10103
4294 10598
4295 6075
4295 7397
4295 7398
4295 9376
4295 11085
4295 11416
4295 11530
4295 11723
4296 4867
4296 5468
4296 6450
4296 6510
4296 7157
4296 7301
4296 8328
4296 9248
4296 10286
4296 11502
4296 11761
4297 4307
4297 5960
4297 6385
4297 6418
4297 7901
4297 8716
4297 9392
4297 10161
4297 10333
4297 11078
4297 11081
4297 11105
4297 11290
4297 11314
4297 11845
4297 12396
4297 12619
4297 12665
4298 4698
4298 5278
4298 5554
4298 5909
4298 6030
4298 8300
4298 8914
4298 10085
4298 10270
4298 11710
4299 4948
4299 5111
4299 5727
4299 5758
4299 5772
4299 5814
4299 6034
4299 7172
4299 7379
4299 8857
4299 11597
4299 11756
4300 4903
4300 4984
4300 5466
4300 7174
4300 8355
4300 9150
4300 9365
4300 10925
4301 4747
4301 5275
4301 5291
4301 5301
4301 5326
4301 5539
4301 6133
4301 6921
4301 7292
4301 7659
4301 7734
4301 8014
4301 10390
4301 10582
4301 10794
4301 11069
4301 12293
4302 5363
4302 7512
4302 8401
4302 8433
4302 9221
4302 9250
4302 10409
4302 10995
4303 5846
4303 5938
4303 6293
4303 7152
4303 7772
4303 8338
4303 8555
4303 11561
4303 12400
4303 12678
4304 5538
4304 6717
4304 8175
4304 9270
4304 10229
4304 10253
4304 10530
4304 11793
4304 11859
4305 4577
4305 4582
4305 4845
4305 6789
4305 7193
4305 7729
4305 9384
4305 9855
4305 10664
4305 11507
4305 11649
4306 4481
4306 5453
4306 5477
4306 5561
4306 6969
4306 7664
4306 9432
4306 9652
4306 12455
4307 4641
4307 6152
4307 6231
4307 6418
4307 11078
4307 11290
4307 11845
4308 4383
4308 4893
4308 5040
4308 6234
4308 6430
4308 6647
4308 7060
4308 8957
4308 9572
4308 9866
4308 12526
4308 12623
4309 4743
4309 4772
4309 7386
4309 8682
4309 9294
4309 9776
4309 10294
4309 10722
4309 11359
4309 11684
4310 5019
4310 5194
4310 5418
4310 6284
4310 7106
4310 8333
4310 8367
4310 9561
4310 11682
4311 4614
4311 5836
4311 7327
4311 7390
4311 8646
4311 8650
4311 10289
4311 10399
4311 10756
4311 11589
4311 11799
4312 4467
4312 4661
4312 4703
4312 5046
4312 6671
4312 6949
4312 7651
4312 8415
4312 10676
4312 11034
4313 4926
4313 7900
4313 8113
4313 8205
4313 9247
4313 9440
4313 9489
4314 4383
4314 4424
4314 4697
4314 6647
4314 8353
4314 10061
4314 10336
4314 11320
4315 5142
4315 5243
4315 5250
4315 6752
4315 7159
4315 7696
4315 8437
4315 10972
4315 11242
4316 5631
4316 7249
4316 9052
4316 9137
4316 9925
4317 7964
4317 8404
4317 11622
4317 11848
4317 11902
4317 11917
4317 12092
4318 5102
4318 5417
4318 5780
4318 7514
4318 10036
4318 10109
4318 10114
4318 10993
4318 11713
4319 4654
4319 4723
4319 4792
4319 5103
4319 5458
4319 5461
4319 6412
4319 7503
4319 9722
4319 10401
4319 11082
4320 4805
4320 4806
4320 6420
4320 6482
4320 7056
4320 8893
4320 9280
4320 12257
4321 5896
4321 6532
4321 6833
4321 7345
4321 8422
4321 9012
4321 9328
4321 9836
4321 11126
4322 5503
4322 5508
4322 5702
4322 6951
4322 7156
4322 7380
4322 9497
4322 9878
4322 9902
4322 12503
4323 4665
4323 6794
4323 7018
4323 7741
4323 7834
4323 8480
4323 9332
4323 11259
4323 11908
4323 12332
4324 4492
4324 4668
4324 4996
4324 5361
4324 5500
4324 6210
4324 6253
4324 6545
4324 8402
4324 9126
4324 9602
4324 9612
4324 10248
4324 10626
4324 12250
4325 4381
4325 5067
4325 7035
4325 7742
4325 7817
4325 7830
4325 8187
4325 8829
4325 8832
4325 9688
4325 10197
4325 10240
4325 10824
4325 12493
4325 12563
4326 4702
4326 5661
4326 5923
4326 6118
4326 7189
4326 8318
4326 8507
4326 9076
4326 9357
4326 11518
4327 5595
4327 6406
4327 6529
4327 8174
4327 9236
4327 9259
4327 9399
4327 9481
4327 9994
4327 10110
4327 10425
4327 11306
4327 11384
4328 4716
4328 4904
4328 7561
4328 7984
4328 8671
4328 8992
4328 10184
4328 10380
4328 10755
4328 10831
4329 5267
4329 5572
4329 6737
4329 7365
4329 8292
4329 8384
4329 9592
4329 11041
4329 11055
4330 6011
4330 7326
4330 8149
4330 8628
4330 8985
4330 9368
4330 10055
4331 4990
4331 6575
4331 6577
4331 6582
4331 6585
4331 7408
4332 4529
4332 5479
4332 5925
4332 6297
4332 7554
4332 11165
4332 11236
4332 11250
4332 11425
4332 12240
4332 12274
4332 12429
4333 5255
4333 5463
4333 6583
4333 7263
4333 8200
4333 9103
4333 9441
4333 9589
4333 10070
4333 10101
4333 10108
4333 10207
4333 10293
4333 10943
4333 11087
4334 4956
4334 5436
4334 5849
4334 6973
4335 5259
4335 5843
4335 6065
4335 7723
4335 7999
4335 8379
4335 9244
4335 9255
4335 10282
4335 10924
4335 10930
4335 10980
4335 11214
4335 11705
4335 12272
4335 12309
4336 4495
4336 4903
4336 5206
4336 6499
4336 6786
4336 8359
4336 10132
4336 12629
4337 6586
4337 7113
4337 7249
4337 9114
4337 9137
4337 9212
4338 4364
4338 4444
4338 6466
4338 9183
4338 10243
4338 10978
4338 11392
4338 12410
4339 5743
4339 7142
4339 8424
4339 9640
4340 4509
4340 5257
4340 6973
4340 7903
4340 11865
4341 4397
4341 6497
4341 7451
4341 8394
4341 10600
4342 5701
4342 5979
4342 6018
4342 6485
4342 7314
4342 9160
4343 5752
4343 5923
4343 6066
4343 6726
4343 6967
4343 7511
4343 8275
4343 8792
4344 5161
4344 6554
4344 6875
4344 9644
4344 9645
4344 9687
4344 10721
4345 4347
4345 9621
4345 10095
4345 10631
4345 11316
4345 11583
4345 11915
4345 12538
4346 6686
4346 7692
4346 8447
4346 10256
4346 10476
4346 11186
4346 11793
4346 11952
4346 11985
4346 12030
4347 6976
4347 10095
4347 10631
4347 11316
4347 11583
4347 12485
4347 12538
4348 6371
4348 6399
4348 6503
4348 6821
4348 9926
4348 11671
4349 4793
4349 4915
4349 6009
4349 9838
4349 10496
4349 10864
4349 10881
4349 11467
4350 4771
4350 4946
4350 7399
4350 7705
4350 7725
4350 7932
4350 8277
4350 9219
4350 9606
4350 11488
4351 4648
4351 7271
4351 7440
4351 8163
4351 9088
4351 10719
4352 4481
4352 4647
4352 5477
4352 5561
4352 9319
4352 9432
4352 9490
4352 9652
4352 9706
4352 10266
4352 10805
4352 10809
4352 12449
4353 7107
4353 7193
4353 7593
4353 9096
4353 9357
4353 10020
4353 10528
4353 10569
4353 10830
4353 11011
4353 11274
4353 12444
4354 4977
4354 5010
4354 6171
4354 6596
4354 7335
4354 8270
4354 8681
4354 8859
4354 9638
4354 10148
4354 10777
4355 5068
4355 5395
4355 6060
4355 6217
4355 7194
4355 7305
4355 7795
4355 8571
4355 9386
4355 10064
4355 10147
4356 4692
4356 4708
4356 4892
4356 5248
4356 5276
4356 6584
4356 6933
4356 6966
4356 7252
4356 9071
4356 10951
4356 12049
4357 5149
4357 5409
4357 5555
4357 5617
4357 6123
4357 6135
4357 6181
4357 9227
4357 9624
4358 4400
4358 4650
4358 4879
4358 4985
4358 5230
4358 5655
4358 7058
4358 8877
4358 9030
4358 9130
4358 9336
4358 9358
4358 9533
4358 10028
4358 10469
4359 4643
4359 7576
4359 7676
4359 9131
4359 9329
4359 9961
4359 10829
4359 11590
4359 12256
4360 6502
4360 8436
4360 9105
4360 10077
4360 10250
4360 10396
4360 10655
4360 11317
4360 12341
4361 5116
4361 6066
4361 6496
4361 6726
4361 10395
4362 6625
4362 6649
4362 7621
4362 7791
4362 7979
4362 8105
4362 8928
4362 8967
4362 9203
4362 9205
4362 9449
4362 9505
4362 10297
4362 10725
4362 12590
4363 7265
4363 7298
4363 7363
4363 8301
4363 8493
4363 9158
4363 9601
4363 10698
4363 10801
4363 11903
4363 12461
4363 12572
4364 4444
4364 4660
4364 6111
4364 6466
4364 9783
4364 9969
4364 10978
4364 11207
4364 11392
4365 4777
4365 4869
4365 5576
4365 7729
4365 10016
4366 4617
4366 4705
4366 5340
4366 6238
4366 10233
4366 11103
4366 11963
4366 12374
4367 5817
4367 6157
4367 6699
4367 7160
4367 7714
4367 7931
4367 8907
4367 8958
4367 10017
4367 11559
4367 12120
4367 12211
4367 12270
4367 12471
4368 6873
4368 7399
4368 7705
4368 11488
4369 7412
4369 7870
4369 8056
4369 8188
4369 9565
4370 4557
4370 5266
4370 7644
4370 9097
4370 9817
4370 10778
4371 5071
4371 6901
4371 7165
4371 10016
4372 4701
4372 6658
4372 10237
4373 4963
4373 5377
4373 5742
4373 5767
4373 5803
4373 6302
4373 6830
4373 7940
4373 9239
4373 9724
4373 11110
4374 5682
4374 5782
4374 6655
4374 6871
4374 8393
4374 10042
4374 10638
4374 11017
4374 11044
4374 11404
4374 11683
4374 12232
4374 12697
4375 6459
4375 7925
4375 8040
4375 9127
4375 9185
4375 10570
4375 11734
4376 6066
4376 6496
4376 6726
4376 9146
4376 9512
4376 9515
4376 9937
4376 11135
4376 11501
4377 4933
4377 5496
4377 5915
4377 5928
4377 7382
4377 8715
4377 10736
4377 10849
4377 12233
4378 7316
4378 7510
4378 7511
4378 9755
4378 10038
4378 11011
4378 12225
4379 4919
4379 6494
4379 6540
4379 7650
4379 7760
4379 8696
4379 9223
4379 9350
4379 10312
4379 10760
4379 10952
4379 11183
4379 11685
4379 11842
4379 12661
4380 6377
4380 6755
4380 6768
4380 7350
4380 7410
4380 7471
4380 8155
4380 9436
4380 10709
4380 11266
4381 5067
4381 7035
4381 7742
4381 8187
4381 10197
4381 10824
4382 4384
4382 4606
4382 4622
4382 9580
4382 9584
4382 9826
4382 9985
4382 10193
4382 10753
4382 11220
4382 11659
4382 11939
4382 12278
4382 12339
4382 12443
4383 4697
4383 5486
4383 6234
4383 6647
4383 7957
4383 8957
4383 9242
4383 10061
4383 10336
4383 11203
4383 11712
4383 12140
4383 12623
4384 5323
4384 5722
4384 5880
4384 9580
4384 9826
4384 10193
4384 11659
4384 12339
4385 4620
4385 4663
4385 6734
4385 6984
4385 8077
4385 8119
4385 8343
4385 10126
4385 10155
4385 10245
4385 11043
4385 12069
4386 4694
4386 5703
4386 6189
4386 6893
4386 8127
4386 8551
4386 8596
4386 9264
4386 9998
4386 12614
4387 6785
4387 7036
4387 7068
4387 8999
4387 9080
4387 10026
4387 10769
4387 10902
4387 11285
4387 11555
4387 11933
4387 12208
4387 12536
4388 6273
4388 6362
4388 6815
4388 6887
4388 8035
4388 8132
4388 9977
4388 11667
4389 4493
4389 7801
4389 8182
4389 8269
4389 8938
4389 9839
4389 10009
4389 10128
4390 4627
4390 5282
4390 6220
4390 6269
4390 7635
4390 8539
4390 9921
4391 5614
4391 6567
4391 8383
4391 11522
4391 11574
4392 4479
4392 4625
4392 5343
4392 6349
4392 7831
4392 7917
4392 8872
4392 9422
4392 11264
4392 11497
4392 11613
4393 4528
4393 5148
4393 6178
4393 6591
4393 7521
4393 10599
4394 6388
4394 6483
4394 7801
4394 9731
4394 10230
4394 10412
4395 4987
4395 5852
4395 6512
4395 7793
4395 9403
4395 9461
4395 9573
4395 11279
4395 11517
4396 6817
4396 6932
4396 8708
4396 9033
4396 11414
4396 11673
4396 12325
4396 12464
4397 6497
4397 7451
4397 8394
4397 9315
4397 10084
4398 5240
4398 5251
4398 7772
4398 8243
4398 8913
4398 9595
4398 9683
4398 9721
4398 9751
4399 6186
4399 6329
4399 6426
4399 7033
4399 7220
4399 8403
4399 8876
4399 8909
4399 11625
4399 12305
4400 4650
4400 4985
4400 5230
4400 5500
4400 6235
4400 6460
4400 7074
4400 7997
4400 9130
4400 9173
4400 9174
4400 9458
4400 9533
4400 10469
4400 10649
4400 12250
4401 4521
4401 4525
4401 4592
4401 4596
4401 5741
4401 5864
4401 6513
4401 6764
4401 7492
4401 8005
4401 8636
4401 9177
4401 10023
4401 10562
4402 5003
4402 7159
4402 7696
4402 8437
4402 8470
4402 9971
4402 11582
4402 11834
4403 4758
4403 5005
4403 5172
4403 5213
4403 5372
4403 6247
4403 6966
4403 9298
4403 9333
4403 9581
4403 12306
4404 5096
4404 5155
4404 5667
4404 8575
4404 8934
4404 9181
4404 9349
4404 9495
4404 11558
4405 4888
4405 5166
4405 5257
4405 5550
4405 5767
4405 5834
4405 6703
4405 6757
4405 7890
4405 8889
4405 9935
4405 10154
4405 10689
4405 10807
4405 10934
4405 11223
4406 4691
4406 5601
4406 6182
4406 8216
4406 10098
4406 11289
4406 11575
4407 5031
4407 5082
4407 5605
4407 6451
4407 6611
4407 6869
4407 8679
4407 8712
4407 9562
4407 11227
4408 6626
4408 7076
4408 8265
4408 9000
4408 9272
4408 10154
4408 11360
4409 5725
4409 5885
4409 6828
4409 8251
4409 8406
4409 9945
4409 10866
4409 10884
4409 10977
4409 11092
4409 11161
4409 11324
4409 11342
4409 11469
4409 12307
4410 4536
4410 5768
4410 5832
4410 5833
4410 6156
4410 6508
4410 7268
4410 7348
4410 7618
4410 8795
4410 8865
4410 9679
4410 9682
4410 9739
4410 10170
4410 11675
4411 4766
4411 5743
4411 6044
4411 7233
4411 7960
4411 8190
4411 8263
4411 8342
4411 8536
4411 9723
4411 10012
4412 6705
4412 6733
4412 9169
4412 9947
4412 10775
4412 11508
4413 4423
4413 4685
4413 5395
4413 5402
4413 5421
4413 5469
4413 5472
4413 6175
4413 7194
4413 8032
4413 9386
4413 10147
4414 4484
4414 4493
4414 5725
4414 6828
4414 7188
4414 7228
4414 8406
4414 9911
4414 9945
4414 9979
4414 10717
4414 11553
4414 11707
4414 11721
4415 6446
4415 7545
4415 8658
4415 10258
4415 10366
4415 10808
4415 12376
4416 4948
4416 5668
4416 6556
4416 6894
4416 7379
4416 7741
4416 8091
4416 8768
4416 9346
4416 10565
4416 11532
4416 11908
4416 12460
4417 4519
4417 5393
4417 7212
4417 7564
4417 9716
4417 10470
4417 11249
4417 12208
4418 4769
4418 4913
4418 5382
4418 6017
4418 6471
4418 6990
4418 7080
4418 7441
4418 8241
4418 9439
4418 9778
4418 10802
4418 12248
4418 12648
4419 4425
4419 4480
4419 5650
4419 6596
4419 6806
4419 8782
4419 9777
4419 10625
4420 5787
4420 6749
4420 6754
4420 6766
4420 7678
4420 7794
4420 9833
4420 10029
4420 10597
4420 12561
4421 4637
4421 4688
4421 4879
4421 5341
4421 7058
4421 7262
4421 7381
4421 8320
4421 9061
4421 9336
4421 9793
4421 10028
4421 11744
4422 4603
4422 5590
4422 6326
4422 8870
4422 9180
4422 10005
4422 10263
4422 10291
4422 11033
4422 12473
4423 4776
4423 4999
4423 5040
4423 5402
4423 6175
4423 6647
4423 7060
4423 7101
4423 7190
4424 4765
4424 7098
4424 7691
4424 9242
4424 10061
4424 11729
4425 4480
4425 5650
4425 6692
4425 6806
4425 10602
4425 10625
4425 11406
4426 4861
4426 5379
4426 5572
4426 6029
4426 6482
4426 6737
4426 9524
4426 10764
4426 11221
4426 11940
4427 4661
4427 4992
4427 7073
4427 9053
4427 9445
4427 9785
4427 10674
4427 10927
4428 6041
4428 7576
4428 7609
4428 7676
4428 8049
4428 8056
4428 8188
4428 9565
4428 10581
4428 10829
4428 12620
4429 5347
4429 7807
4429 7918
4429 11904
4429 11905
4429 12462
4429 12643
4430 6092
4430 7883
4430 8255
4430 8302
4430 9416
4430 10032
4430 10116
4430 10218
4430 10773
4430 12315
4431 4511
4431 4947
4431 5225
4431 5334
4431 6355
4431 6895
4431 8059
4431 10299
4431 10506
4431 11521
4432 4456
4432 6799
4432 6800
4432 6929
4432 7104
4432 7872
4432 12199
4433 4540
4433 4667
4433 5515
4433 6129
4433 6280
4433 7958
4433 8362
4433 8916
4433 10304
4433 11215
4433 12311
4434 6694
4434 9787
4434 9952
4434 10053
4434 11822
4434 11874
4434 11981
4434 12494
4434 12495
4435 4568
4435 5850
4435 6864
4435 7526
4435 8111
4435 8142
4435 8572
4435 9956
4435 10047
4435 10295
4435 10681
4435 11014
4435 11851
4436 4654
4436 5461
4436 8452
4436 9544
4436 10321
4436 10603
4436 10865
4436 10874
4436 10913
4436 10976
4436 11179
4436 11447
4436 11570
4436 12383
4437 5218
4437 6843
4437 7709
4437 9760
4437 10804
4438 4829
4438 7822
4438 7830
4438 8348
4438 8832
4438 9551
4438 10188
4438 11611
4438 11904
4438 12154
4438 12160
4439 4874
4439 9685
4439 9947
4439 10207
4439 11612
4439 11804
4440 7062
4440 7078
4440 8246
4440 9525
4440 9834
4440 9935
4440 10728
4440 10738
4440 11393
4441 4726
4441 5576
4441 6899
4441 10016
4441 10664
4441 10904
4441 12321
4442 8324
4442 9430
4442 9863
4442 9867
4442 10306
4442 10357
4442 10358
4442 10775
4442 12434
4443 4865
4443 6727
4443 9066
4443 10378
4443 11054
4443 11439
4443 12145
4444 4660
4444 9783
4444 10978
4444 11207
4444 11276
4444 11305
4444 11324
4444 11368
4444 12002
4444 12007
4445 9048
4445 10282
4445 10440
4445 10930
4445 11335
4445 11373
4445 12309
4445 12490
4446 5432
4446 6087
4446 8486
4446 9466
4446 9471
4446 9536
4446 9821
4446 11385
4446 11730
4446 12218
4446 12268
4447 4651
4447 6463
4447 6824
4447 6861
4447 7333
4447 9004
4447 11614
4447 12464
4448 4454
4448 5605
4448 5627
4448 6451
4448 8998
4448 9529
4448 9562
4448 9889
4448 10077
4448 10250
4448 10337
4448 10932
4448 11317
4448 11901
4448 12341
4449 4670
4449 6541
4449 8201
4449 10033
4449 10342
4449 10729
4449 11527
4450 4451
4450 5542
4450 6280
4450 7518
4450 8099
4450 8128
4450 8362
4450 8800
4450 10133
4450 10842
4450 10895
4450 11784
4450 11789
4450 11923
4450 12109
4450 12171
4451 5292
4451 5542
4451 7531
4451 7546
4451 8099
4451 8128
4451 8800
4451 10133
4451 11784
4451 11789
4451 12135
4451 12171
4452 8808
4452 8812
4452 8882
4452 9433
4452 9648
4452 9871
4452 10491
4452 10498
4452 11333
4452 11371
4452 11748
4452 12064
4452 12312
4452 12500
4453 8264
4453 9974
4453 10314
4453 11455
4453 12010
4453 12543
4453 12570
4454 8018
4454 8905
4454 9529
4454 9889
4454 10273
4454 10337
4454 11317
4454 11405
4454 11901
4454 12557
4455 4923
4455 4966
4455 6045
4455 6363
4455 6659
4455 7363
4455 11615
4456 6799
4456 6800
4456 6929
4456 8605
4456 12199
4457 5947
4457 6085
4457 6606
4457 7785
4457 8900
4457 9890
4457 10370
4457 11269
4457 11590
4457 11733
4458 5061
4458 5132
4458 5134
4458 5159
4458 5268
4458 5518
4458 6001
4458 10049
4459 4638
4459 4756
4459 4814
4459 4979
4459 5022
4459 6153
4459 6544
4459 7247
4459 8471
4459 10249
4459 10778
4459 11795
4459 12223
4460 4487
4460 5235
4460 5804
4460 5818
4460 7304
4460 7775
4460 8467
4460 8767
4460 9467
4460 9650
4460 10369
4461 7064
4461 7258
4461 8031
4461 8248
4461 8869
4461 9953
4461 10393
4462 6286
4462 6548
4462 6733
4462 7094
4462 7232
4462 7939
4462 8237
4462 10335
4462 10900
4462 11022
4462 11508
4462 11612
4463 5800
4463 7848
4463 8116
4463 8634
4463 8684
4463 9605
4463 10545
4463 11006
4463 11169
4463 11393
4463 12361
4464 5188
4464 5902
4464 6547
4464 7058
4464 7109
4464 7472
4464 7799
4464 11251
4464 11528
4464 12600
4465 4527
4465 5023
4465 5169
4465 5499
4465 6941
4465 8779
4465 8849
4466 5452
4466 6572
4466 6579
4466 6813
4466 9720
4466 10364
4466 10392
4466 11738
4466 11782
4467 4703
4467 5046
4467 5866
4467 6518
4467 7234
4467 8133
4467 8378
4467 9159
4467 9443
4467 9897
4467 10267
4467 10305
4467 11034
4468 4548
4468 6419
4468 8134
4468 8232
4468 8789
4468 9193
4468 9292
4468 9318
4468 9406
4468 9999
4469 5136
4469 5427
4469 5612
4469 6448
4469 6859
4469 7698
4469 9240
4469 10124
4469 10816
4469 11038
4469 11113
4469 11727
4470 5283
4470 5356
4470 5471
4470 6416
4470 7327
4470 7525
4470 8861
4470 9401
4470 10399
4470 11799
4471 5373
4471 5649
4471 6137
4471 7894
4471 7906
4471 9749
4471 10220
4471 10278
4471 10620
4471 10697
4472 4958
4472 5162
4472 5693
4472 9754
4472 10420
4472 11849
4473 5424
4473 5467
4473 6693
4473 8349
4473 8846
4473 9500
4473 10519
4473 11275
4473 11396
4474 5656
4474 6916
4474 7313
4474 7349
4474 7839
4474 9385
4474 10195
4474 10435
4474 11839
4474 12150
4475 4810
4475 6021
4475 6319
4475 6511
4475 7673
4475 7949
4475 9171
4475 9376
4475 9380
4475 10205
4475 10414
4475 11723
4475 11864
4476 4908
4476 4941
4476 5116
4476 5549
4476 9937
4476 10035
4476 10139
4476 10395
4476 11079
4476 11471
4476 12481
4477 4744
4477 4808
4477 7275
4477 8297
4477 8718
4477 9906
4477 10185
4477 10253
4477 10298
4477 10530
4477 12359
4478 4752
4478 5072
4478 5397
4478 6465
4478 6611
4478 7565
4478 10077
4479 4625
4479 6349
4479 8065
4479 8872
4479 9039
4479 11264
4479 11397
4479 11613
4479 12180
4480 5650
4480 6325
4480 6596
4480 6692
4481 4647
4481 5477
4481 5561
4481 9432
4481 9490
4481 9652
4481 10228
4481 10266
4481 12455
4482 6841
4482 9905
4482 12280
4483 5327
4483 6162
4483 6200
4483 6841
4483 8163
4483 9011
4483 9317
4483 9738
4483 9796
4483 9905
4483 10295
4484 6083
4484 8831
4484 8910
4484 9979
4484 11707
4484 11721
4484 12096
4484 12442
4485 4721
4486 4502
4486 4549
4486 4817
4486 5491
4486 5634
4486 7006
4486 10484
4486 11754
4487 4657
4487 4745
4487 5030
4487 5804
4487 5818
4487 8152
4487 8467
4487 8730
4487 9201
4487 9467
4487 9933
4487 10068
4487 10706
4487 11689
4487 11806
4488 4948
4488 5138
4488 5758
4488 7195
4488 7315
4488 7759
4488 8395
4488 8424
4488 9278
4488 10010
4488 10222
4488 10394
4488 10524
4488 10580
4488 10965
4488 11378
4488 11597
4488 11756
4488 12460
4489 4885
4489 5157
4489 6022
4489 6886
4489 7140
4489 7319
4489 9051
4489 10006
4489 11690
4489 11847
4489 12467
4490 4554
4490 4831
4490 6338
4490 6681
4490 7409
4490 9674
4490 9807
4490 11040
4490 11582
4491 4611
4491 4780
4491 5165
4491 5564
4491 6401
4491 6665
4491 7216
4491 8589
4491 9803
4491 10102
4491 10134
4491 11100
4491 11418
4491 11562
4491 11830
4492 4650
4492 4996
4492 5361
4492 5500
4492 6253
4492 6407
4492 7704
4492 7997
4492 9602
4492 9612
4492 10469
4492 10768
4493 4571
4493 7188
4493 7228
4493 7801
4493 9839
4493 9979
4493 10412
4493 10717
4493 11707
4494 4588
4494 5107
4494 5388
4494 5582
4494 6013
4494 6244
4494 8176
4494 8179
4494 9095
4494 9146
4494 9222
4494 9509
4494 9517
4494 10329
4495 5206
4495 7287
4495 9383
4495 9689
4495 11687
4496 5408
4496 5444
4496 6501
4496 6517
4496 6709
4496 7586
4496 8850
4496 9314
4496 11599
4497 6094
4497 7719
4497 7841
4497 9098
4497 9518
4497 10051
4497 10290
4497 10319
4497 11283
4497 11787
4498 6651
4498 7736
4498 9812
4498 9968
4499 4670
4499 5240
4499 5281
4499 5287
4499 6602
4499 6825
4499 7483
4499 7942
4499 8201
4499 8322
4499 8412
4499 9274
4499 10715
4499 11396
4499 11506
4499 11527
4500 4719
4500 4950
4500 5633
4500 6402
4500 7572
4500 7591
4500 9607
4500 11829
4501 5371
4501 5544
4501 7225
4501 7933
4501 9850
4502 4549
4502 4817
4502 5491
4502 9534
4503 6838
4503 7032
4503 8042
4503 10150
4503 10776
4503 11970
4503 12059
4504 4930
4504 5019
4504 5573
4504 6284
4504 7106
4504 7316
4504 7510
4504 8333
4504 8506
4504 8660
4504 9755
4505 6699
4505 7913
4505 7931
4505 8120
4505 8233
4505 8420
4505 8686
4505 9288
4505 9590
4505 10143
4505 11559
4505 12333
4506 6227
4506 7656
4506 7735
4506 9852
4506 10362
4506 11910
4506 12025
4506 12265
4506 12317
4507 5748
4507 6309
4507 7146
4507 8691
4507 9327
4507 9440
4507 9593
4507 9643
4507 9667
4507 10781
4507 12285
4508 5280
4508 5636
4508 5703
4508 8185
4508 8357
4508 8463
4508 8806
4508 9998
4508 10120
4508 11695
4509 5257
4509 7890
4509 8417
4509 11865
4510 4609
4510 6875
4510 9687
4510 9722
4510 11066
4510 11068
4510 11759
4510 12313
4511 4947
4511 5225
4511 5334
4511 5976
4511 6039
4511 6916
4511 7370
4511 8000
4511 8059
4511 8523
4511 8766
4511 10397
4511 10506
4511 10813
4511 11839
4511 12184
4512 4842
4512 7478
4512 7871
4512 8130
4512 8972
4512 9005
4512 9046
4512 9285
4512 9375
4512 11031
4512 11299
4512 11565
4513 6882
4513 9134
4513 10199
4513 10606
4513 11717
4513 11749
4513 12149
4513 12269
4513 12288
4514 4954
4514 5480
4514 6341
4514 6608
4514 7303
4514 7368
4514 9323
4514 9421
4514 10171
4514 12292
4514 12437
4515 5670
4515 6119
4515 6620
4515 6922
4515 7202
4515 7328
4515 7357
4515 7394
4515 7689
4515 11658
4516 4846
4516 5706
4516 6520
4516 6817
4516 7112
4516 7792
4516 8268
4516 8342
4516 9394
4516 9415
4516 10012
4517 5083
4517 5483
4517 7435
4517 7551
4517 11887
4517 11974
4517 12102
4517 12186
4518 4714
4518 6707
4518 6708
4518 6995
4518 9684
4519 5454
4519 6225
4519 6675
4519 7509
4519 7564
4519 7748
4519 7757
4519 8158
4519 9074
4519 9143
4519 9461
4519 9716
4519 9749
4519 9993
4519 10278
4519 10470
4519 10590
4519 10787
4519 10838
4519 11000
4520 4665
4520 7195
4520 7746
4520 7755
4520 7834
4520 10156
4520 10580
4520 11272
4520 11826
4520 12460
4521 4596
4521 6379
4521 6764
4521 9177
4521 10562
4522 4601
4522 5691
4522 5963
4522 5964
4522 7767
4522 8137
4522 8797
4522 8890
4522 11480
4522 12249
4522 12472
4522 12532
4523 5012
4523 6278
4523 6981
4523 8050
4523 8485
4523 8580
4523 8742
4523 9020
4523 9768
4523 10720
4523 11818
4523 12370
4523 12679
4524 5997
4524 6707
4524 6708
4524 6793
4524 6995
4524 7487
4524 7605
4524 7617
4524 7624
4524 8027
4525 4592
4525 7210
4525 9177
4525 10023
4526 8060
4526 9647
4526 11147
4526 11510
4527 5023
4527 5169
4527 5313
4527 6035
4527 6195
4527 6557
4527 6921
4527 6931
4527 6941
4527 8779
4527 9570
4527 10204
4528 5855
4528 6178
4528 7521
4528 9258
4528 10599
4529 4687
4529 5115
4529 5305
4529 5315
4529 5648
4529 7976
4529 8593
4529 8727
4529 9766
4529 9898
4529 10098
4529 10405
4529 11165
4529 11250
4529 11575
4529 12240
4529 12274
4529 12429
4530 4572
4530 4706
4530 5440
4530 5820
4530 6839
4530 7090
4530 7336
4530 8324
4530 10306
4530 11032
4530 11661
4531 4787
4531 8012
4531 8234
4531 8281
4531 8305
4531 9160
4531 9695
4531 9752
4531 11737
4531 11837
4532 6036
4532 6270
4532 7169
4532 7171
4532 7946
4532 8294
4532 8386
4532 8680
4532 9402
4533 5056
4533 5570
4533 6008
4533 6393
4533 6623
4533 6945
4533 7017
4533 7067
4533 7535
4533 9637
4533 10268
4533 10645
4534 4732
4534 5479
4534 6103
4534 7554
4534 8258
4534 11250
4535 4896
4535 5623
4535 5760
4535 6068
4535 7406
4535 7969
4536 4681
4536 5137
4536 5394
4536 5768
4536 5832
4536 5833
4536 6394
4536 6480
4536 6508
4536 6565
4536 7240
4536 7268
4536 7283
4536 7494
4536 7618
4536 8288
4536 11525
4536 11675
4536 12377
4537 4815
4537 6572
4537 6778
4537 6813
4537 7388
4537 8264
4537 9514
4537 9907
4537 10578
4537 11321
4537 11455
4537 11944
4537 12275
4538 4850
4538 5072
4538 7179
4538 7954
4538 8083
4538 8088
4538 9028
4538 10898
4538 11505
4538 12659
4539 5065
4539 5110
4539 5216
4539 5315
4539 6369
4539 7976
4539 8211
4539 11208
4540 5995
4540 6566
4540 6916
4540 7958
4540 8059
4540 11215
4540 12311
4541 5756
4541 6283
4541 7516
4541 7745
4541 8236
4541 8613
4541 8982
4541 9003
4541 11010
4541 12617
4542 5919
4542 7266
4542 7917
4542 8145
4542 8232
4542 8809
4542 11195
4542 11493
4542 12073
4543 5622
4543 6654
4543 7356
4543 7601
4543 8276
4543 8482
4543 8494
4543 8583
4543 8738
4543 8986
4543 11029
4543 12356
4544 4621
4544 4814
4544 5349
4544 6698
4544 7070
4544 7980
4544 9829
4544 9986
4544 10821
4544 11623
4544 12051
4545 4616
4545 4704
4545 5385
4545 6200
4545 7039
4545 7368
4545 8307
4545 8344
4545 8992
4545 9323
4545 9641
4545 9727
4545 11732
4546 4553
4546 6158
4546 6237
4546 8183
4546 8440
4546 9502
4546 10368
4546 11071
4546 11897
4547 7724
4547 8373
4547 8502
4547 10336
4548 7012
4548 8036
4548 8701
4548 9193
4548 9318
4548 9999
4548 12368
4548 12555
4549 4817
4549 5634
4549 9534
4550 6426
4550 7748
4550 8158
4550 9153
4550 10838
4551 5130
4551 5356
4551 5996
4551 7327
4551 7449
4551 7453
4551 7462
4551 8044
4551 8499
4551 8547
4551 8556
4551 8756
4551 8781
4551 8948
4551 9174
4552 4770
4552 5081
4552 5609
4552 6011
4552 6116
4552 7326
4552 8074
4552 8192
4552 8949
4552 8985
4552 10055
4552 12350
4553 6158
4553 6237
4553 8183
4553 9502
4553 9585
4553 9587
4553 10368
4553 11071
4554 4831
4554 6338
4554 7191
4554 7409
4554 9807
4554 11582
4554 11936
4555 5514
4555 6240
4555 7273
4555 8630
4555 9192
4555 12104
4555 12597
4555 12617
4556 5351
4556 6414
4556 7598
4556 7665
4556 9541
4556 11027
4556 11771
4556 12431
4556 12604
4557 4959
4557 5516
4557 6631
4557 8221
4557 10560
4557 10778
4557 12325
4558 5868
4558 6641
4558 6747
4558 7352
4558 7630
4558 8194
4558 11788
4558 12358
4559 4991
4559 6088
4559 6628
4559 6661
4559 7684
4559 8621
4559 9018
4559 12371
4559 12596
4560 5697
4560 6928
4560 7414
4560 8061
4560 8658
4560 8856
4560 9658
4560 9748
4560 9753
4560 10471
4561 5412
4561 6300
4561 7301
4561 7585
4561 8328
4561 9085
4561 9248
4561 10286
4561 11023
4562 4613
4562 6719
4562 7522
4562 7531
4562 7546
4562 8315
4562 8416
4562 8800
4562 8924
4562 12135
4563 4641
4563 5157
4563 5354
4563 5449
4563 6101
4563 7702
4563 10994
4563 11690
4564 4584
4564 5038
4564 5679
4564 6825
4564 8078
4564 9274
4564 9447
4564 11527
4565 4738
4565 6788
4565 6972
4565 7299
4565 7428
4565 10544
4565 11790
4566 4672
4566 5821
4566 6914
4566 6928
4566 9268
4566 9748
4566 10000
4566 10120
4566 10258
4566 10366
4566 10808
4566 11706
4567 4944
4567 5363
4567 6413
4567 7134
4567 7150
4567 7237
4567 10148
4567 10401
4567 10409
4567 10757
4568 4569
4568 5051
4568 5850
4568 8881
4568 9011
4568 9795
4568 9901
4568 9956
4568 10047
4568 10295
4568 11851
4568 11891
4569 4616
4569 5051
4569 6162
4569 8142
4569 8307
4569 8344
4569 8881
4569 9011
4569 9302
4569 9795
4569 9796
4569 9956
4569 10295
4569 10877
4570 4783
4570 5883
4570 5934
4570 6088
4570 7602
4570 8223
4570 8414
4570 9501
4570 9661
4570 9960
4570 10749
4570 11176
4570 11686
4570 12266
4570 12596
4571 7188
4571 7228
4571 8385
4571 8697
4571 9839
4571 10145
4571 10717
4571 10845
4571 11554
4572 5025
4572 5154
4572 6522
4572 7090
4572 7336
4572 9841
4572 10494
4572 11032
4572 11696
4573 4658
4573 6889
4573 6953
4573 9425
4573 9604
4573 10146
4574 5569
4574 5664
4574 6233
4574 7534
4574 7603
4574 8404
4574 9988
4575 5236
4575 5566
4575 6217
4575 7194
4575 8032
4575 9578
4576 5330
4576 6173
4576 6619
4576 8441
4576 9657
4576 9666
4576 10091
4576 10477
4576 10820
4577 4582
4577 9384
4577 9855
4577 10664
4577 10904
4577 11351
4577 11367
4577 11507
4577 12321
4578 5277
4578 6298
4578 6739
4578 7243
4578 8879
4578 8894
4578 10935
4578 11046
4578 11773
4578 12159
4578 12587
4579 4837
4579 6824
4579 8186
4579 8505
4579 9004
4579 10156
4579 10419
4579 11614
4579 12464
4580 4602
4580 4708
4580 7366
4580 7860
4580 10456
4580 11985
4580 12243
4581 5556
4581 6226
4581 6391
4581 6682
4581 6982
4581 7807
4581 9216
4581 11459
4581 12450
4582 5071
4582 9384
4582 10664
4582 10904
4582 11351
4582 11367
4582 12632
4583 5984
4583 6296
4583 6522
4583 8198
4583 9521
4583 9733
4583 10786
4583 11634
4584 5038
4584 5357
4584 5679
4584 6700
4584 7148
4584 8078
4584 9904
4584 10667
4584 11019
4584 12463
4585 7887
4585 7995
4585 9655
4585 9700
4585 11244
4585 11761
4586 6492
4586 6612
4586 6649
4586 6777
4586 7040
4586 7896
4586 8152
4586 9201
4586 9499
4586 10031
4586 10756
4586 11689
4587 5062
4587 5248
4587 6987
4587 7372
4587 7758
4587 10449
4587 11731
4587 12492
4588 5388
4588 5389
4588 5918
4588 5965
4588 6013
4588 8179
4588 8334
4588 9095
4588 9222
4588 10329
4588 10595
4588 11758
4589 4806
4589 4988
4589 6482
4589 7056
4589 7888
4589 8002
4589 8893
4589 10231
4589 11402
4589 12257
4589 12535
4590 4610
4590 9224
4590 9450
4590 9825
4590 11567
4590 11568
4590 12209
4591 5481
4591 5743
4591 6316
4591 6408
4591 6520
4591 7755
4591 8342
4591 8791
4591 10580
4591 11272
4591 11756
4592 6513
4592 8772
4592 10413
4593 7560
4593 9200
4594 5621
4594 6431
4594 6515
4594 6818
4594 7196
4594 7656
4594 9083
4594 10275
4594 12142
4594 12265
4595 5749
4595 7784
4595 8627
4595 9206
4595 10056
4595 10604
4595 10771
4595 11776
4596 5109
4596 5864
4596 6379
4596 6764
4596 7492
4596 8214
4596 10562
4597 6006
4597 6883
4597 7524
4597 7578
4597 10502
4597 10513
4597 11734
4597 12508
4598 5014
4598 6136
4598 6616
4598 7577
4598 8956
4598 10543
4598 10680
4598 12023
4598 12025
4598 12086
4598 12110
4598 12176
4599 6551
4599 6920
4599 6998
4599 8076
4599 8435
4599 10370
4599 11720
4599 12646
4600 5977
4600 5982
4600 9524
4600 11961
4600 12026
4600 12524
4600 12535
4601 5691
4601 6775
4601 6894
4601 8395
4601 8890
4601 10175
4601 10418
4601 12249
4602 4708
4602 7024
4602 7366
4602 7860
4602 10172
4602 10456
4602 10520
4602 11985
4602 12093
4602 12666
4603 5590
4603 6138
4603 6326
4603 8650
4603 8870
4603 10291
4603 11033
4603 12132
4603 12366
4603 12466
4603 12473
4604 5013
4604 5172
4604 5224
4604 6247
4604 6308
4604 7447
4604 8802
4604 9036
4604 9243
4604 10007
4604 12306
4605 4656
4605 4935
4605 5201
4605 5345
4605 6528
4605 6897
4605 9133
4605 9232
4605 9555
4606 6327
4606 6739
4606 8844
4606 8875
4606 8976
4606 10359
4606 10753
4606 11773
4606 11775
4606 11853
4606 12443
4606 12653
4607 5747
4607 6267
4607 7408
4607 9171
4607 9549
4607 10205
4607 11591
4608 7992
4608 9520
4608 10644
4608 10658
4608 10905
4608 11312
4608 11338
4608 11346
4608 11350
4608 12300
4609 5079
4609 5967
4609 6412
4609 9687
4609 9722
4609 10734
4609 11066
4609 11068
4609 11759
4610 4769
4610 5398
4610 9224
4610 9450
4610 11567
4610 11568
4610 12209
4611 4780
4611 5564
4611 5894
4611 5946
4611 5948
4611 6290
4611 10102
4611 10134
4611 10856
4611 11100
4611 12390
4612 4639
4612 6373
4612 6686
4612 7447
4612 7855
4612 7911
4612 9324
4612 12550
4613 7522
4613 7540
4613 7546
4613 8099
4613 8315
4613 8800
4613 11557
4613 12650
4614 6625
4614 7040
4614 7390
4614 7979
4614 8103
4614 8105
4614 8646
4614 8873
4614 10297
4614 11589
4615 4861
4615 5754
4615 6172
4615 7124
4615 7827
4615 8853
4615 9632
4615 9829
4615 10277
4615 11614
4616 5587
4616 6162
4616 6808
4616 6864
4616 7368
4616 8111
4616 8142
4616 8307
4616 8344
4616 9302
4616 9956
4616 10295
4617 4705
4617 5340
4617 5600
4617 6528
4617 6954
4617 8993
4617 10233
4617 11963
4618 5118
4618 5867
4618 6086
4618 7943
4618 9343
4618 10127
4619 7614
4619 7970
4619 8125
4619 8840
4619 8915
4619 10609
4619 11888
4619 11895
4619 12315
4620 6958
4620 7813
4620 8077
4620 8119
4620 9039
4620 11264
4620 11565
4620 12069
4620 12577
4621 7070
4621 7365
4621 7980
4621 9986
4621 11041
4621 12051
4621 12097
4621 12118
4621 12200
4622 8875
4622 9879
4622 10044
4622 10193
4622 10486
4622 10753
4622 12278
4622 12650
4622 12653
4622 12671
4623 4624
4623 6656
4623 7709
4623 9364
4623 9760
4623 9997
4624 5001
4624 6630
4624 6656
4624 8047
4624 8112
4624 9364
4624 9760
4624 9765
4624 9997
4624 11524
4624 12360
4625 6349
4625 7831
4625 8065
4625 8830
4625 9014
4625 9039
4625 11397
4625 12151
4625 12180
4625 12367
4625 12577
4626 6131
4626 7818
4626 7851
4626 7966
4626 8749
4626 9034
4626 12151
4626 12254
4626 12580
4627 4632
4627 5282
4627 7635
4627 7677
4627 8193
4627 8533
4627 9342
4627 10039
4627 11668
4628 5319
4628 7598
4628 7880
4628 8016
4628 8935
4628 9452
4628 10027
4628 11929
4628 12084
4628 12104
4628 12245
4628 12551
4628 12656
4629 4748
4629 5470
4629 5904
4629 6591
4629 6677
4629 10910
4629 11748
4630 9299
4630 9642
4630 10259
4630 10260
4630 10827
4631 6106
4631 6657
4631 7406
4631 9265
4631 11680
4631 11842
4632 5641
4632 6325
4632 6681
4632 8677
4632 10039
4632 11040
4633 4899
4633 5401
4633 6569
4633 8326
4633 8530
4633 10019
4633 10471
4633 10618
4634 4742
4634 4870
4634 6056
4634 6676
4634 6860
4634 7710
4634 11210
4635 5603
4635 6250
4635 8371
4635 8461
4635 9291
4635 10668
4635 10705
4635 11498
4636 6631
4636 6927
4636 8221
4636 8528
4636 9811
4636 10560
4636 12219
4637 4879
4637 5554
4637 9358
4637 9793
4637 10028
4637 11744
4638 4814
4638 5912
4638 6285
4638 7247
4638 8369
4638 8708
4638 9033
4638 9815
4638 11795
4639 4808
4639 6373
4639 6686
4639 6933
4639 7272
4639 7366
4639 7911
4639 9071
4639 10610
4639 12243
4639 12306
4639 12550
4640 4668
4640 7169
4640 7171
4640 7523
4640 8231
4640 8386
4640 9122
4640 9313
4640 9338
4640 9486
4640 10117
4640 10287
4640 10402
4640 10646
4640 11057
4640 12560
4642 5562
4642 5835
4642 6950
4642 7326
4642 7338
4642 7816
4642 8769
4642 11045
4642 11048
4642 11853
4642 12441
4643 6804
4643 6920
4643 8435
4643 8868
4643 8900
4643 9961
4643 10370
4643 11590
4644 4937
4644 7360
4644 8418
4644 10221
4644 10324
4644 10629
4644 11229
4644 11260
4644 11817
4645 6294
4645 6704
4645 6723
4645 7117
4645 7405
4645 7749
4645 8166
4645 8304
4645 8858
4645 11893
4646 6425
4646 6427
4646 7946
4646 8680
4646 9909
4647 5112
4647 5477
4647 5577
4647 5778
4647 8833
4647 9432
4647 9490
4647 9706
4647 10805
4647 11806
4648 4925
4648 7065
4648 7271
4648 10239
4649 6215
4649 7161
4649 7391
4649 8607
4649 8851
4649 10427
4649 10655
4649 11643
4650 4688
4650 4985
4650 5500
4650 6253
4650 7058
4650 7109
4650 7997
4650 8911
4650 9130
4650 10028
4650 10469
4650 12250
4651 5349
4651 6463
4651 6698
4651 6824
4651 6861
4651 7333
4651 9108
4651 11662
4651 11774
4651 12074
4651 12472
4651 12611
4652 4918
4652 4926
4652 5840
4652 7226
4652 10011
4652 10189
4653 5034
4653 5658
4653 6279
4653 6432
4653 9060
4653 9718
4653 10909
4653 11547
4654 4723
4654 4792
4654 5461
4654 7503
4654 10321
4654 10401
4654 10603
4654 10976
4654 11082
4654 11179
4655 5610
4655 5689
4655 6009
4655 8278
4655 9230
4655 9951
4655 12362
4656 4840
4656 4841
4656 4922
4656 4935
4656 5095
4656 5201
4656 5233
4656 5249
4656 5345
4656 5699
4656 6123
4656 7128
4656 9128
4656 9232
4656 10315
4656 11762
4657 4745
4657 5818
4657 7621
4657 8152
4657 8467
4657 9413
4657 9417
4657 9499
4657 10014
4657 10068
4657 10106
4657 10297
4657 10725
4657 11689
4658 5556
4658 6889
4658 7829
4658 8431
4658 9560
4658 10146
4658 10447
4658 11704
4658 11969
4658 12236
4658 12450
4659 5353
4659 5476
4659 5561
4659 6718
4659 6969
4659 7678
4659 8730
4659 9030
4659 9679
4659 10170
4659 10228
4659 10661
4659 10686
4659 12455
4660 6111
4660 9783
4660 11207
4660 11276
4660 11305
4660 11324
4660 11368
4660 12316
4661 4991
4661 6061
4661 6661
4661 6949
4661 8415
4661 8544
4661 9053
4661 10674
4661 10676
4661 10927
4661 12080
4662 6434
4662 7211
4662 7913
4662 8120
4662 8150
4662 8420
4662 9953
4663 5300
4663 6073
4663 6131
4663 6734
4663 7851
4663 7879
4663 7885
4663 8077
4663 8130
4663 9001
4663 10155
4663 11299
4663 11565
4663 12558
4663 12577
4663 12580
4664 7702
4664 7833
4664 9878
4664 10641
4664 11310
4664 11825
4664 11993
4664 12467
4664 12503
4665 7746
4665 7834
4665 10156
4665 10580
4665 11259
4665 11272
4665 11826
4665 11908
4665 12460
4666 6840
4666 7685
4666 7714
4666 8926
4666 10685
4666 12083
4666 12333
4666 12587
4667 5515
4667 6129
4667 6160
4667 6280
4667 6320
4667 7868
4667 8362
4667 9995
4667 10813
4667 10842
4667 11215
4667 11233
4668 6210
4668 6253
4668 6536
4668 8231
4668 9126
4668 9602
4668 10117
4668 10248
4668 10287
4668 12560
4669 7758
4669 10445
4669 10449
4669 10520
4669 12296
4669 12627
4670 4883
4670 5240
4670 8201
4670 8322
4670 10033
4670 10342
4670 10729
4670 11527
4671 6168
4671 9618
4671 10008
4671 10341
4671 11526
4671 12256
4672 6532
4672 10000
4672 10808
4672 11706
4673 4700
4673 4835
4673 5034
4673 6279
4673 9060
4673 10792
4673 10909
4673 11337
4673 11954
4673 11997
4673 12297
4674 5663
4674 6026
4674 6112
4674 6332
4674 7717
4674 9196
4674 10386
4675 5036
4675 5234
4675 6183
4675 7077
4675 8472
4675 9335
4675 9434
4675 10322
4675 10451
4675 11412
4675 12143
4675 12321
4676 6038
4676 6055
4676 6338
4676 7592
4676 8025
4676 8270
4676 8289
4676 9647
4676 10059
4676 11544
4677 4719
4677 5633
4677 7572
4677 7591
4677 9607
4677 11800
4678 5580
4678 5662
4678 6419
4678 7930
4678 8232
4678 8789
4678 10510
4678 11024
4679 4873
4679 4880
4679 5615
4679 6255
4679 6257
4679 6365
4679 7519
4679 9459
4679 10608
4679 11502
4680 4855
4680 5688
4680 6507
4680 7653
4680 9786
4680 9910
4680 10573
4680 11035
4680 11432
4680 11437
4681 5989
4681 7268
4681 9211
4681 10170
4682 5067
4682 5677
4682 6706
4682 7035
4682 8115
4682 9827
4682 11536
4682 11745
4683 5370
4683 5773
4683 5844
4683 6120
4683 6381
4683 6725
4683 8477
4683 10102
4683 10693
4683 10886
4683 11151
4683 12318
4683 12390
4684 6548
4684 7094
4684 7263
4684 8200
4684 8204
4684 8332
4684 8839
4684 10666
4684 10900
4684 11022
4684 12378
4685 5318
4685 5395
4685 5402
4685 5469
4685 5472
4685 7654
4685 9912
4685 10064
4685 10147
4685 12545
4686 4865
4686 5672
4686 8021
4686 9066
4686 9163
4686 11054
4686 11114
4686 11881
4686 12666
4687 4914
4687 5065
4687 5315
4687 6182
4687 8856
4687 10385
4687 10405
4687 11575
4688 5341
4688 6505
4688 7058
4688 7109
4688 7262
4688 7799
4688 8317
4688 8911
4688 9061
4688 9307
4688 9336
4688 10028
4688 10469
4688 11528
4689 5114
4689 5998
4689 9677
4689 9705
4689 10527
4689 10643
4689 11950
4689 12435
4689 12547
4690 4887
4690 5128
4690 5531
4690 6020
4690 6807
4690 6849
4690 10426
4691 5601
4691 5974
4691 6182
4691 7666
4691 8216
4691 8593
4691 8759
4691 9067
4691 9182
4691 9556
4691 10098
4691 10405
4691 12613
4692 4892
4692 5276
4692 6584
4692 10951
4692 12049
4693 6761
4693 6895
4693 6924
4693 7281
4693 7739
4693 10021
4693 10174
4694 5703
4694 5979
4694 6189
4694 6485
4694 6796
4694 6893
4694 7740
4694 8167
4694 8203
4694 9754
4694 9998
4694 10420
4694 10421
4694 10642
4694 11849
4695 4835
4695 4907
4695 6279
4695 7324
4695 9101
4695 9965
4695 11701
4695 11932
4696 5378
4696 9537
4696 9568
4696 10444
4696 11383
4696 11468
4697 5486
4697 6134
4697 6647
4697 7691
4697 10061
4697 10336
4697 11320
4697 11353
4697 12623
4698 6752
4698 6969
4698 7448
4698 7951
4698 8866
4698 8914
4698 11710
4699 6478
4699 7175
4699 7942
4699 8473
4699 9068
4699 11339
4699 11356
4699 11470
4699 11957
4700 6845
4700 9718
4700 10415
4700 10482
4700 10792
4700 11337
4701 6450
4701 6668
4701 7290
4701 7434
4701 7782
4701 7995
4701 8780
4701 10063
4701 10137
4702 5237
4702 5661
4702 5752
4702 5923
4702 9076
4702 9357
4702 9746
4702 11518
4703 5046
4703 5135
4703 6949
4703 7651
4703 8133
4703 8378
4703 8541
4703 9159
4703 10305
4703 11034
4703 11891
4704 4904
4704 5951
4704 6200
4704 7039
4704 8344
4704 8450
4704 8992
4704 9641
4704 10695
4704 11063
4704 11359
4704 11732
4704 12280
4705 5340
4705 5600
4705 6573
4705 6954
4705 7325
4705 7549
4705 8993
4705 10920
4705 11963
4706 4928
4706 6839
4706 9089
4706 9099
4706 10306
4706 11953
4706 12434
4706 12482
4707 4936
4707 4971
4707 5800
4707 6230
4707 7848
4707 8116
4707 10545
4707 11006
4707 12204
4708 6933
4708 7366
4708 9071
4708 9231
4708 10456
4708 10480
4708 11985
4708 12049
4708 12243
4709 4811
4709 5360
4709 5673
4709 5940
4709 7359
4709 8235
4709 8488
4709 8518
4709 8729
4709 10647
4709 11236
4709 11810
4710 6445
4710 6870
4710 7758
4710 9246
4710 9987
4710 10678
4710 10937
4710 12256
4711 4864
4711 9520
4711 10644
4711 10658
4711 11642
4712 4900
4712 5304
4712 5506
4712 7820
4712 8093
4712 8404
4712 8712
4712 9172
4712 11863
4712 12573
4713 5419
4713 5922
4713 6046
4713 7254
4713 7564
4713 8177
4713 9482
4713 9749
4713 10470
4713 10617
4713 11249
4713 11726
4714 5388
4714 6707
4714 6708
4714 6774
4714 6793
4714 9095
4714 9469
4714 11758
4715 4789
4715 5826
4715 6028
4715 6426
4715 7113
4715 7310
4715 9153
4715 9880
4716 5448
4716 7082
4716 7560
4716 7923
4716 8671
4716 8992
4716 9542
4716 10755
4716 10814
4716 10831
4717 6026
4717 6033
4717 6684
4717 7717
4717 10386
4717 11241
4717 12030
4718 5003
4718 6915
4718 6975
4718 9807
4719 5043
4719 5633
4719 6352
4719 6797
4719 9070
4719 9607
4719 11800
4719 11829
4720 5641
4720 8219
4720 9674
4720 9742
4720 9828
4720 10763
4721 10741
4721 11680
4722 5368
4722 5674
4722 6218
4722 7504
4722 9408
4722 9569
4722 9610
4723 6086
4723 6412
4723 7150
4723 7237
4723 7503
4723 8764
4723 9111
4723 10072
4723 10148
4723 10401
4723 10603
4723 10757
4723 11112
4724 5401
4724 5475
4724 5959
4724 6342
4724 8429
4724 8647
4724 9367
4724 9373
4724 9735
4724 10869
4724 11106
4724 11476
4724 12421
4724 12662
4725 4727
4725 4745
4725 7897
4725 7898
4725 7920
4726 5265
4726 5576
4726 5998
4726 6899
4726 10016
4726 10527
4726 12321
4727 7920
4727 10014
4728 4734
4728 5747
4728 6575
4728 6585
4728 7408
4728 9168
4728 9380
4728 10205
4728 10414
4729 6328
4729 6415
4729 7136
4729 8524
4729 9492
4729 9554
4729 10875
4729 10959
4729 11120
4729 11330
4729 11465
4730 5042
4730 5343
4730 5603
4730 6302
4730 6844
4730 7185
4730 7329
4730 7508
4730 9574
4730 11497
4731 5237
4731 6568
4731 8380
4731 8423
4731 8507
4731 9949
4731 11941
4731 12286
4732 4899
4732 5479
4732 6103
4732 6659
4732 8258
4732 9064
4732 9144
4733 4778
4733 5300
4733 6251
4733 7987
4733 7988
4733 9157
4733 9285
4733 9375
4733 9962
4733 10131
4733 11297
4733 11299
4734 5988
4734 6575
4734 7673
4734 9171
4734 9427
4734 10414
4735 6493
4735 6525
4735 6539
4735 6710
4735 7275
4735 7536
4735 8175
4735 8209
4735 10253
4735 10798
4735 12359
4736 5181
4736 5213
4736 5809
4736 6041
4736 7162
4736 7252
4736 8144
4736 10581
4736 10829
4736 11225
4736 11463
4737 4794
4737 5608
4737 7182
4737 9609
4737 9686
4737 9709
4737 10013
4737 11609
4737 11674
4737 12445
4738 5114
4738 6769
4738 6972
4738 7235
4738 7895
4738 9614
4738 9656
4738 9660
4738 10544
4738 11790
4738 11974
4738 12294
4738 12652
4739 5294
4739 8206
4739 9063
4739 9305
4739 10082
4739 10153
4740 5376
4740 6160
4740 6523
4740 7868
4740 9110
4740 9304
4740 11909
4741 5545
4741 6643
4741 6911
4741 9756
4741 9790
4741 10265
4741 10474
4742 4870
4742 4999
4742 5040
4742 5095
4742 6095
4742 6820
4742 6860
4742 9473
4742 10130
4742 11762
4742 12255
4743 4772
4743 7386
4743 8225
4743 8682
4743 9776
4743 10294
4743 10722
4743 11684
4744 4808
4744 6373
4744 9324
4744 9906
4744 10530
4745 5030
4745 5142
4745 5243
4745 7621
4745 7791
4745 7897
4745 7898
4745 8152
4745 9201
4746 4751
4746 6053
4746 7800
4746 8962
4746 9729
4746 10225
4746 10375
4746 10846
4747 5314
4747 6417
4747 6896
4747 7032
4747 7292
4747 8014
4747 10351
4747 10582
4747 10776
4747 11263
4747 12018
4747 12038
4747 12293
4748 5470
4748 6178
4748 6591
4748 9797
4749 6024
4749 6662
4749 7321
4749 7710
4749 8645
4749 8816
4749 11210
4749 12501
4750 4999
4750 5183
4750 5203
4750 6095
4750 6484
4750 6820
4750 7322
4750 10120
4751 7102
4751 9729
4751 10214
4751 10225
4751 10785
4751 10846
4752 5050
4752 5052
4752 5397
4752 6611
4752 7565
4752 9100
4752 9126
4752 9612
4753 4813
4753 5529
4753 6076
4753 6102
4753 6232
4753 6744
4753 8138
4753 8316
4753 10407
4753 11262
4753 11318
4753 11499
4754 5160
4754 5528
4754 6518
4754 7119
4754 9091
4755 5407
4755 6435
4755 7003
4755 7100
4755 7367
4755 7718
4755 7956
4755 8513
4755 8554
4756 5022
4756 7247
4756 9774
4756 10778
4756 12223
4757 4945
4757 4949
4757 5339
4757 5985
4757 6145
4757 7308
4757 7417
4757 8592
4757 10917
4757 11211
4757 11256
4758 5172
4758 6640
4758 8009
4758 8802
4758 9036
4758 9107
4758 9298
4758 9581
4759 6327
4759 6501
4759 6617
4759 7102
4759 7816
4759 8844
4759 9314
4759 9491
4759 10269
4760 7276
4760 8855
4760 9192
4760 9300
4760 11929
4760 11930
4760 12104
4761 5407
4761 5422
4761 5423
4761 5536
4761 7003
4761 8554
4761 9179
4761 12076
4762 4819
4762 4944
4762 6086
4762 6822
4762 7296
4762 7943
4762 8382
4762 10148
4762 10757
4763 4764
4763 8893
4764 5820
4764 10281
4765 5865
4765 6530
4765 7498
4765 8178
4765 9242
4765 9444
4765 11729
4766 5743
4766 6521
4766 7233
4766 7960
4766 8162
4766 8190
4766 8775
4766 9723
4766 9779
4767 5823
4767 6593
4767 7735
4767 7743
4767 9479
4767 9577
4767 9663
4767 9736
4767 9852
4767 10340
4767 11968
4767 12055
4768 5318
4768 5659
4768 5699
4768 6060
4768 6236
4768 7128
4768 7777
4768 7937
4768 7991
4768 9875
4768 10064
4768 10923
4768 11792
4769 4913
4769 5430
4769 6017
4769 6471
4769 9393
4769 9825
4769 11568
4769 12248
4770 6116
4770 7326
4770 7338
4770 8192
4770 9106
4770 10055
4770 10663
4771 4946
4771 5009
4771 8277
4771 8760
4771 9122
4772 5026
4772 7386
4772 8225
4772 9334
4773 5259
4773 5824
4773 6075
4773 6955
4773 7398
4773 7643
4773 7720
4773 7723
4773 10326
4773 11584
4773 11750
4774 5779
4774 5792
4774 5859
4774 5901
4774 6034
4774 6262
4774 6429
4774 7369
4774 7680
4774 9010
4774 9806
4774 11065
4774 11363
4774 11539
4775 6012
4775 6727
4775 10378
4775 10937
4775 11187
4775 11439
4775 11526
4775 12145
4775 12517
4776 6175
4776 6484
4776 6805
4776 7190
4776 7322
4777 4869
4777 5576
4778 6128
4778 7987
4778 7988
4778 9375
4778 10131
4779 5945
4779 6090
4779 6546
4779 7402
4779 8803
4779 9286
4779 9287
4779 10162
4779 11075
4780 5564
4780 6665
4780 7216
4780 8754
4780 11100
4780 11562
4781 4921
4781 5312
4781 5325
4781 5420
4781 6479
4781 7499
4781 8502
4781 12207
4782 5143
4782 5958
4782 6334
4782 6935
4782 8329
4782 10073
4782 10389
4783 4784
4783 5029
4783 7602
4783 7670
4783 8414
4783 9154
4783 10302
4783 12266
4784 4973
4784 5029
4784 7602
4784 7670
4784 9835
4784 9960
4784 10302
4784 11840
4784 12266
4785 5133
4785 5529
4785 5879
4785 6076
4785 6102
4785 6310
4785 8316
4785 9507
4785 11318
4786 5844
4786 6005
4786 6120
4786 6665
4786 6725
4786 7087
4786 7131
4786 8280
4786 8443
4786 9382
4786 9538
4786 10196
4786 10949
4786 11835
4786 12318
4787 4970
4787 6258
4787 6422
4787 7261
4787 8012
4787 8207
4787 8281
4787 8305
4787 8771
4787 8783
4787 9405
4787 9487
4787 10411
4787 11737
4787 11757
4788 5531
4788 5853
4788 5943
4788 6124
4788 6782
4788 8663
4788 9721
4788 10301
4789 5179
4789 5362
4789 5826
4789 6229
4789 6426
4789 8573
4789 9153
4789 9880
4790 4903
4790 5150
4790 5466
4790 5872
4790 5889
4790 6535
4790 7043
4790 8110
4790 8387
4790 9149
4790 10152
4790 10790
4790 10925
4791 5890
4791 6440
4791 7042
4791 8382
4791 9281
4791 9483
4791 10057
4791 11688
4792 5458
4792 5461
4792 8285
4792 8452
4792 10401
4792 10603
4793 4915
4793 5694
4793 6009
4793 9186
4793 9838
4793 10881
4794 5380
4794 5608
4794 7112
4794 7200
4794 8190
4794 8261
4794 9280
4794 10013
4794 10548
4794 11674
4795 5809
4795 7676
4795 9329
4795 9618
4795 10581
4795 11463
4796 5302
4796 5629
4796 6542
4796 6765
4796 7433
4796 7790
4796 7922
4796 7961
4796 8351
4796 9425
4796 10146
4796 10259
4796 11248
4797 6968
4797 7118
4797 7293
4797 7765
4797 8419
4797 8492
4797 8858
4797 8925
4797 10254
4797 10348
4798 5366
4798 7009
4798 7604
4798 7936
4798 7959
4798 8659
4798 9025
4798 9164
4798 9503
4798 9767
4798 11963
4799 5616
4799 5933
4799 6945
4799 7384
4799 7721
4799 8815
4799 9576
4799 10584
4799 10631
4799 11740
4799 11975
4799 12237
4800 8722
4800 9162
4800 10716
4800 10761
4800 11004
4800 11681
4800 11736
4801 5297
4801 5312
4801 5420
4801 9241
4801 9974
4802 5024
4802 5602
4802 5643
4802 6688
4802 9188
4802 10259
4802 10356
4802 10367
4802 10423
4802 10827
4802 11820
4803 5708
4803 6480
4803 6576
4803 6658
4803 7283
4803 7387
4803 11514
4804 4998
4804 5652
4805 4806
4805 5991
4805 6420
4805 6872
4805 7056
4805 7711
4805 8893
4805 12257
4805 12448
4806 6872
4806 7056
4806 8893
4806 12257
4806 12535
4807 5446
4807 5536
4807 6632
4807 6874
4807 7983
4807 8608
4807 10004
4808 5538
4808 7911
4808 9056
4808 9243
4808 9906
4808 11728
4808 11859
4809 6635
4809 6909
4809 8377
4809 8486
4809 9115
4809 9224
4809 9450
4809 9513
4809 12209
4810 5232
4810 5824
4810 6330
4810 6511
4810 7397
4810 7398
4810 7949
4810 9124
4810 9140
4810 10092
4810 10326
4810 10433
4810 11224
4810 12252
4811 5479
4811 5673
4811 5893
4811 5940
4811 6103
4811 8488
4811 9894
4811 10647
4811 11015
4811 11106
4811 11236
4811 11476
4811 12662
4812 6832
4812 9188
4813 4968
4813 5120
4813 5529
4813 5734
4813 6232
4813 8138
4813 8484
4813 10711
4813 11095
4813 11262
4813 11318
4813 11499
4813 12282
4813 12616
4814 5912
4814 6698
4814 6903
4814 7247
4814 9108
4814 9815
4814 9986
4814 11623
4814 11795
4815 5855
4815 6778
4815 10578
4815 12275
4816 5280
4816 5636
4816 6234
4816 6738
4816 7267
4816 8185
4816 8390
4816 8806
4816 8957
4816 9940
4816 10508
4816 10553
4816 11157
4816 11712
4816 11808
4817 5634
4817 6254
4817 7006
4817 7078
4817 8246
4817 9165
4817 11754
4818 6176
4818 7011
4818 8195
4818 8229
4818 9116
4818 9156
4818 9317
4818 9629
4818 11014
4818 11741
4818 11851
4819 4944
4819 5501
4819 5541
4819 6069
4819 6086
4819 6822
4819 7512
4819 7926
4819 7943
4819 8526
4819 10217
4820 4900
4820 5197
4820 5304
4820 9360
4820 11052
4820 11074
4820 11525
4821 4876
4821 5430
4821 7080
4821 9209
4822 5164
4822 6486
4822 6819
4822 8799
4822 9476
4822 10129
4822 10333
4823 4994
4823 5070
4823 5084
4823 5186
4823 5241
4823 5387
4823 7253
4823 8265
4823 9272
4823 10062
4824 5323
4824 6942
4824 7498
4824 8750
4824 9622
4824 11556
4824 11718
4825 9237
4825 9992
4825 10830
4825 11274
4826 5716
4826 5788
4826 5948
4826 6494
4826 6665
4826 8687
4826 9420
4826 9426
4826 9583
4826 10136
4826 10701
4826 12322
4827 4834
4827 7195
4827 7759
4827 10156
4827 10222
4827 10580
4827 11259
4827 11484
4827 11826
4827 12217
4828 5205
4828 5695
4828 5871
4828 8108
4828 8804
4828 9691
4828 10936
4828 11421
4828 12260
4828 12291
4829 5002
4829 6389
4829 8348
4829 9551
4829 11904
4829 12160
4830 4901
4830 5045
4830 5060
4830 6099
4830 6660
4830 10914
4830 10919
4831 5117
4831 6681
4831 7191
4831 7409
4831 7677
4831 8220
4831 8539
4831 9680
4831 9807
4831 10085
4831 10721
4831 11936
4832 6570
4832 7096
4832 7122
4832 9484
4832 9747
4832 11743
4833 4931
4833 6023
4833 9259
4834 6378
4834 8040
4834 8389
4834 9635
4834 11484
4834 12217
4835 5034
4835 5887
4835 6279
4835 6472
4835 7324
4835 7342
4835 8896
4835 11327
4835 11932
4835 11953
4835 11954
4835 11997
4836 5031
4836 5169
4836 6147
4836 6239
4836 6557
4836 8212
4836 8849
4836 9180
4836 10263
4837 5069
4837 8860
4837 9127
4837 9136
4837 11614
4837 12464
4838 4955
4838 4998
4838 5584
4838 6248
4838 6487
4838 7042
4838 7420
4838 7497
4838 8270
4838 8289
4838 10777
4839 6172
4839 6463
4839 7971
4839 8964
4839 10277
4839 11614
4839 11637
4839 11662
4839 11774
4839 12074
4840 4922
4840 5233
4841 4935
4841 5201
4841 5249
4841 11213
4841 11652
4842 6184
4842 7871
4842 9005
4842 9157
4842 9191
4842 10547
4842 11031
4843 4888
4843 5610
4843 5689
4843 10169
4843 10696
4843 10807
4843 10934
4843 11223
4843 11618
4844 5293
4844 7257
4844 7495
4844 7528
4844 7986
4844 8870
4844 9888
4844 10291
4844 11815
4844 12473
4845 6118
4845 6473
4845 6789
4845 7193
4845 7239
4845 8361
4845 8363
4845 8527
4845 9178
4845 11011
4845 11274
4845 11649
4845 12225
4846 6044
4846 6520
4846 7392
4846 7792
4846 8342
4846 8857
4846 9394
4846 10012
4847 5147
4847 7590
4847 8165
4847 8563
4847 8926
4847 9198
4847 9899
4847 11777
4848 5078
4848 5090
4848 5098
4848 7288
4848 8019
4848 9982
4848 11578
4849 5690
4849 5847
4849 5952
4849 6868
4849 7024
4849 7044
4849 7860
4849 8009
4849 8097
4849 9217
4849 10002
4849 11857
4850 7278
4850 7395
4850 8083
4850 8946
4850 9028
4850 9100
4850 9559
4850 10898
4850 11814
4850 11816
4850 12607
4850 12659
4851 11910
4852 5177
4852 5457
4852 7219
4852 10871
4852 10882
4852 10976
4852 11089
4852 11101
4853 6600
4853 7967
4853 7999
4853 9325
4853 11277
4854 4860
4854 5336
4854 5808
4854 7208
4854 9585
4854 9587
4854 9660
4854 11610
4854 12261
4855 5688
4855 6507
4855 7282
4855 7311
4855 10328
4855 11679
4856 4881
4856 5014
4856 5252
4856 5540
4856 5621
4856 6136
4856 6421
4856 6664
4856 6802
4856 6803
4856 9083
4857 7093
4857 7601
4857 7787
4857 8368
4857 8583
4857 8595
4857 8626
4857 8629
4857 9289
4857 9991
4858 5171
4858 5606
4858 5723
4858 6575
4858 6585
4858 7177
4858 9489
4858 9670
4859 5151
4859 6555
4859 8690
4859 9233
4859 10741
4860 5270
4860 6222
4860 7208
4860 7819
4860 8067
4860 8374
4860 9585
4860 9934
4860 11610
4860 11633
4860 12047
4860 12078
4860 12261
4860 12276
4861 5267
4861 5548
4861 5754
4861 6737
4861 7037
4861 7124
4861 7982
4861 8400
4861 8468
4861 9524
4861 9632
4861 9829
4861 9885
4861 10764
4861 11221
4861 11673
4861 11795
4862 7077
4862 9335
4862 10110
4863 5214
4863 5774
4863 7035
4863 8187
4863 10197
4863 11216
4864 5652
4864 6135
4864 9409
4865 6727
4865 9653
4865 10378
4865 10445
4865 11054
4865 11114
4866 5049
4866 6882
4866 9075
4866 9134
4866 9184
4866 9400
4866 11062
4867 6845
4867 7301
4867 10546
4868 4884
4868 5331
4868 5587
4868 5770
4868 5850
4868 7662
4868 10576
4868 10681
4869 5071
4869 5576
4869 7110
4869 7165
4869 10016
4870 6056
4870 6676
4870 6860
4870 7138
4870 10130
4870 10637
4870 11762
4870 12456
4871 5199
4871 5244
4871 6193
4871 6498
4871 6500
4871 6541
4871 7761
4871 8201
4871 8412
4871 9093
4871 10381
4872 5148
4872 5986
4872 6005
4872 6381
4872 7131
4872 8280
4872 9382
4872 10886
4872 11486
4872 11663
4872 11835
4873 6365
4873 7360
4873 7566
4873 8153
4873 8828
4873 9877
4873 10048
4874 5463
4874 6202
4874 7263
4874 9947
4874 10070
4874 10207
4874 10666
4874 10673
4874 11804
4875 4899
4875 5401
4875 6363
4875 6670
4875 10187
4875 10598
4875 11015
4876 5430
4876 6017
4876 7080
4876 9209
4876 12248
4877 5300
4877 5518
4877 6001
4877 6122
4877 6930
4877 7885
4877 8064
4877 8135
4877 8822
4877 10574
4877 12167
4878 5293
4878 5301
4878 8212
4878 9218
4878 9410
4878 9570
4878 11069
4878 11509
4879 9030
4879 9336
4879 9358
4879 10028
4879 11744
4880 5611
4880 6255
4880 6365
4880 6443
4880 9870
4880 10608
4880 10791
4880 11502
4881 5014
4881 6256
4881 6802
4881 10397
4881 11660
4882 4901
4882 5385
4882 5439
4882 6477
4882 6758
4882 9442
4882 9957
4883 5240
4883 7148
4883 8322
4883 9480
4883 9595
4883 10033
4883 10342
4883 11527
4884 5002
4884 5063
4884 5331
4884 5587
4884 5770
4884 5837
4884 7662
4884 8229
4884 9636
4884 10283
4885 6418
4885 6712
4885 7025
4885 8208
4885 9378
4885 10006
4885 11847
4885 12378
4886 7198
4886 7363
4886 7486
4886 10568
4886 11495
4886 11652
4886 11935
4886 12446
4887 5066
4887 6020
4887 6807
4887 6849
4887 9607
4887 10373
4887 11149
4888 5610
4888 6303
4888 6757
4888 7890
4888 10169
4888 10807
4888 10934
4888 11223
4889 5635
4889 6579
4889 6970
4889 7117
4889 7289
4889 7921
4889 8358
4889 9359
4889 9484
4889 10669
4889 11146
4889 11782
4890 7219
4890 7846
4890 7907
4890 8173
4890 9777
4890 9801
4890 10391
4890 10625
4890 11112
4891 5876
4891 6526
4891 7363
4891 7550
4891 8493
4891 10078
4891 11615
4892 5276
4892 6584
4892 6933
4892 10951
4893 5040
4893 6428
4893 6430
4893 7060
4893 7128
4893 9572
4893 9866
4893 9912
4893 10130
4893 10517
4894 6216
4894 8758
4894 9073
4894 9595
4894 10342
4894 10381
4894 10988
4894 11136
4894 11194
4894 11561
4894 11735
4894 12304
4895 5583
4895 5735
4895 8321
4895 8656
4895 8693
4895 9050
4895 9583
4895 10136
4895 11137
4895 12221
4895 12663
4896 5559
4896 6657
4896 7406
4896 7451
4896 8148
4896 8682
4896 9265
4896 9465
4896 11441
4896 12234
4897 5765
4897 5798
4897 5969
4897 7538
4897 8500
4897 8560
4897 8581
4897 8734
4897 8757
4897 9295
4897 10699
4897 10703
4897 12365
4897 12674
4898 5595
4898 6183
4898 6406
4898 7695
4898 9335
4898 9399
4898 9481
4898 9895
4898 9928
4898 9994
4898 10313
4898 12031
4898 12505
4899 5401
4899 5479
4899 6103
4899 6363
4899 6659
4899 8258
4899 8647
4899 9064
4899 9144
4899 9373
4899 10019
4899 11476
4900 5197
4900 5304
4900 5506
4900 8404
4900 9085
4900 9360
4900 11074
4900 11525
4900 11863
4901 5051
4901 5060
4901 5092
4901 5439
4901 5645
4901 6059
4901 6477
4901 6758
4901 9844
4901 9957
4901 10877
4902 6947
4902 8754
4902 11137
4902 11189
4902 11473
4903 5466
4903 6499
4903 6878
4903 10704
4903 12629
4904 5144
4904 5175
4904 5951
4904 6588
4904 6772
4904 7002
4904 7561
4904 8354
4904 8450
4904 8992
4904 10339
4904 10380
4904 10817
4904 10831
4904 11791
4905 6499
4905 6538
4905 6571
4905 6736
4905 7203
4905 7641
4906 5341
4906 5639
4906 6505
4906 7103
4906 8141
4906 8317
4906 9307
4906 9330
4906 10835
4906 11097
4907 5261
4907 5613
4907 5615
4907 7334
4907 9965
4907 10093
4907 10613
4907 11701
4907 11932
4908 4941
4908 5549
4908 10035
4908 11079
4909 5543
4909 6113
4909 7049
4909 7438
4909 7455
4909 8055
4909 8558
4909 8631
4909 8666
4909 9208
4909 11794
4910 5001
4910 5668
4910 6630
4910 7945
4910 8043
4910 8047
4910 9765
4910 11772
4910 12360
4911 4984
4911 5035
4911 5521
4911 6037
4911 6243
4911 7639
4911 9920
4911 10866
4911 10977
4911 12399
4912 5323
4912 5524
4912 5722
4912 7337
4912 8029
4912 8118
4912 9622
4912 9826
4912 10375
4912 11556
4912 11659
4913 5430
4913 9393
4913 9439
4913 9825
4913 10310
4913 10723
4913 11567
4913 11568
4913 12209
4913 12248
4914 5065
4914 5493
4914 6182
4914 7558
4914 10385
4914 10405
4914 11289
4914 11575
4915 5099
4915 5694
4915 7178
4915 8108
4915 9186
4915 10864
4915 10881
4915 10907
4915 10946
4915 11426
4915 11867
4915 12518
4916 4955
4916 6410
4916 6487
4916 8289
4916 8648
4917 9893
4917 10145
4917 10208
4917 10884
4917 11342
4917 12380
4918 7189
4918 7226
4918 9808
4918 10189
4919 5455
4919 5585
4919 5760
4919 6042
4919 6068
4919 6902
4919 9062
4919 9350
4919 9431
4919 10567
4919 11214
4919 11685
4919 12214
4919 12272
4920 5664
4920 6454
4920 7114
4920 7231
4920 8459
4920 9085
4920 10286
4921 5325
4921 5420
4921 6167
4921 6479
4921 6960
4921 7724
4921 10559
4921 10908
4921 11413
4922 5233
4922 6527
4922 7132
4922 8689
4922 11540
4923 4966
4923 5432
4923 6045
4923 6659
4923 9536
4924 5047
4924 7027
4924 9488
4924 9640
4924 10893
4924 11084
4924 12379
4925 6537
4925 7065
4925 8195
4925 10142
4925 10558
4925 11001
4926 5747
4926 5840
4926 6469
4926 8205
4926 9247
4926 10011
4927 5117
4927 5286
4927 5884
4927 6436
4927 6467
4927 7134
4927 7237
4927 7592
4927 8220
4927 8678
4927 9847
4927 10072
4927 10401
4927 10721
4927 11218
4928 5975
4928 9072
4928 9099
4928 9109
4928 10281
4928 12298
4928 12409
4929 6474
4929 7167
4929 7590
4929 7784
4929 8165
4929 9198
4929 9206
4929 9899
4929 10472
4929 11776
4930 5810
4930 5918
4930 5965
4930 6284
4930 7316
4930 7510
4930 7624
4930 8506
4930 8660
4930 8719
4930 11240
4931 9259
4931 9463
4931 11751
4931 12283
4932 6701
4932 7660
4932 8864
4932 9158
4932 9471
4932 10082
4932 10802
4932 11209
4932 11385
4933 5279
4933 5496
4933 5676
4933 5928
4933 6369
4933 8590
4933 8715
4933 9012
4933 10135
4933 11596
4933 12385
4934 5163
4934 8242
4934 9315
4934 9465
4934 9472
4934 10722
4934 11684
4935 5201
4935 5249
4935 5345
4935 6446
4935 7064
4935 7545
4935 7681
4935 8811
4935 9128
4935 9232
4935 11652
4935 12329
4936 4971
4936 5800
4936 5819
4936 6230
4936 8739
4936 8955
4936 12204
4936 12677
4937 5851
4937 7360
4937 8292
4937 9877
4937 10221
4937 10235
4937 10257
4937 10324
4937 10629
4937 10938
4937 11229
4937 11940
4937 12468
4938 5562
4938 5880
4938 8315
4938 10044
4938 11045
4938 11048
4938 11939
4938 12339
4938 12441
4939 6192
4939 8273
4939 10834
4939 11016
4939 11083
4939 12439
4940 5742
4940 5803
4940 5815
4940 6509
4940 6724
4940 7253
4940 7940
4940 9272
4940 10062
4941 5520
4941 5549
4941 6191
4941 8380
4941 9937
4941 10035
4941 10735
4941 11079
4941 11471
4941 11665
4941 12664
4942 5435
4942 5827
4942 5828
4942 6295
4942 9596
4942 11150
4942 12415
4943 5949
4943 7451
4943 8224
4943 8238
4943 8500
4943 9315
4944 6413
4944 7512
4944 10757
4944 10995
4944 11603
4944 11648
4945 5339
4945 5886
4945 5985
4945 6007
4945 6203
4945 6767
4945 6970
4945 7308
4945 9226
4945 10332
4945 10693
4945 11598
4946 7319
4946 8277
4946 8760
4946 9606
4947 5057
4947 5225
4947 5334
4947 6761
4947 7370
4947 9797
4947 10299
4947 11521
4948 5111
4948 7315
4948 7379
4948 7746
4948 10394
4948 11597
4948 11756
4948 11908
4948 12460
4949 6145
4949 6560
4949 6934
4949 7308
4949 8592
4949 8709
4949 8762
4949 9022
4949 10579
4949 10917
4949 11005
4949 11177
4949 11211
4949 11256
4949 11288
4949 11552
4949 12392
4950 4981
4950 5170
4950 5633
4950 6402
4950 6807
4950 7572
4950 7591
4950 7625
4951 5488
4951 5981
4951 6835
4951 6859
4951 6971
4951 7021
4951 9703
4951 11882
4951 11886
4952 5592
4952 5903
4952 5938
4952 6079
4952 6186
4952 6292
4952 6293
4952 7476
4952 8699
4952 8741
4952 9511
4952 9627
4952 11625
4952 12230
4953 5421
4953 6175
4953 7190
4953 7305
4953 8551
4953 9228
4954 6477
4954 7163
4954 9442
4955 6487
4955 8289
4955 8433
4955 8529
4955 10777
4956 5436
4956 5849
4956 6499
4956 6786
4956 6973
4956 9230
4957 6670
4957 10103
4957 10598
4957 11520
4958 5162
4958 5693
4958 7312
4958 7968
4958 8305
4958 9659
4958 9754
4958 9970
4958 10420
4958 10421
4958 10642
4958 10996
4958 11757
4959 6843
4959 6927
4959 7173
4959 7180
4959 7250
4959 7776
4959 8221
4959 10560
4959 10823
4959 11390
4960 4969
4960 7674
4960 8037
4960 9134
4960 11592
4960 11678
4961 5481
4961 7233
4961 7960
4961 8162
4961 8263
4961 8290
4961 9552
4961 9779
4962 5558
4962 5729
4962 5861
4962 5942
4962 6244
4962 8314
4962 8391
4962 9923
4962 11197
4962 11291
4963 5742
4963 6302
4963 6562
4963 7053
4963 7331
4963 7699
4963 7940
4963 9239
4963 11282
4963 11503
4963 12078
4963 12283
4964 6944
4964 8354
4964 9263
4964 9938
4964 10328
4964 11008
4964 11485
4965 5237
4965 5520
4965 5895
4965 6191
4965 7636
4965 7750
4965 8250
4965 8380
4965 10735
4965 12295
4966 6045
4967 5529
4967 5935
4967 5962
4967 8484
4967 8644
4967 10711
4967 11621
4967 12371
4967 12616
4967 12681
4968 5120
4968 5713
4968 6357
4968 7206
4968 7553
4968 7670
4968 8138
4968 8223
4968 10711
4968 11262
4968 11499
4968 11801
4968 12282
4968 12616
4969 6549
4969 6645
4969 7674
4969 8037
4969 9134
4969 11592
4970 5146
4970 6058
4970 6422
4970 6935
4970 6988
4970 7261
4970 7436
4970 7457
4970 7607
4970 8234
4970 8771
4970 8783
4970 9405
4970 9922
4970 10411
4970 11737
4970 12336
4971 6230
4971 6275
4971 6993
4971 7712
4971 7848
4971 9141
4971 10408
4971 11393
4971 11858
4972 5456
4972 5809
4972 6168
4972 7252
4972 7884
4972 8144
4972 9340
4972 9980
4972 10951
4972 11225
4972 12395
4973 6096
4973 7602
4973 9053
4973 9835
4973 9960
4973 10244
4973 10927
4973 11811
4973 11840
4974 5442
4974 5962
4974 6277
4974 6639
4974 6643
4974 8465
4974 8942
4974 9769
4974 12369
4975 5839
4975 7095
4975 7636
4975 7904
4975 10815
4976 6403
4976 6807
4976 9329
4976 9356
4976 10426
4976 11746
4976 11802
4976 12620
4977 5010
4977 5584
4977 6165
4977 7335
4977 7747
4977 8681
4977 8707
4977 9638
4977 10310
4978 10325
4978 10478
4978 10515
4978 11315
4978 12309
4978 12490
4979 5516
4979 6544
4979 6691
4979 7176
4979 7642
4979 9508
4979 9510
4979 9626
4979 10249
4979 10778
4979 11795
4980 6903
4980 9033
4980 10457
4981 5170
4981 6481
4981 7572
4981 7591
4981 9345
4981 9579
4981 10797
4981 10966
4981 11391
4982 5208
4982 6244
4982 6272
4982 7633
4982 8314
4982 11291
4982 11494
4982 11645
4983 5211
4983 5721
4983 9441
4983 10070
4983 10293
4984 5414
4984 5521
4984 5872
4984 6037
4984 6243
4984 7639
4984 7977
4984 9052
4984 9150
4984 9262
4984 9920
4984 10152
4984 10607
4984 10866
4984 10925
4984 10977
4985 5230
4985 5655
4985 6235
4985 7074
4985 7997
4985 9533
4985 10379
4985 10469
4985 10768
4986 7127
4986 8392
4986 8455
4986 8552
4986 10112
4987 5179
4987 5210
4987 5826
4987 5852
4987 6512
4987 6814
4987 7086
4987 7606
4987 9137
4987 9403
4987 9573
4987 9597
4987 9616
4987 11279
4988 5975
4988 7888
4988 8002
4988 8893
4988 9072
4988 10231
4988 10439
4988 11984
4988 12257
4989 5245
4989 5745
4989 6383
4989 6723
4989 7436
4989 7626
4989 9379
4989 9619
4989 10254
4989 11718
4989 12336
4990 6354
4990 6577
4990 7383
4991 6096
4991 6661
4991 8415
4991 9053
4991 10244
4991 12371
4991 12596
4992 5883
4992 6088
4992 6324
4992 6628
4992 7073
4992 7602
4992 8414
4992 9053
4992 9445
4992 9785
4992 10749
4992 10927
4992 11686
4993 5670
4993 6038
4993 6055
4993 7357
4993 8086
4993 8442
4993 8747
4993 10350
4993 10828
4993 11646
4993 11760
4993 11911
4994 5070
4994 5140
4994 5186
4994 5709
4994 8265
4994 9708
4994 10123
4994 10236
4994 10238
4995 5303
4995 5360
4995 5660
4995 6683
4995 9351
4995 9798
4995 9799
4995 10024
4995 11854
4995 12218
4995 12239
4995 12268
4996 5500
4996 6210
4996 6407
4996 6885
4996 7109
4996 7443
4996 8736
4996 9130
4996 11232
4996 12250
4997 5010
4997 6936
4997 7248
4997 7416
4997 8022
4997 8312
4997 8622
4997 10376
4997 11111
4998 5652
4998 9221
4999 5040
4999 5183
4999 6095
4999 7060
4999 7190
5000 5628
5000 6094
5000 6135
5000 9409
5000 9624
5000 9976
5000 10319
5000 10446
5001 5668
5001 6261
5001 6605
5001 6630
5001 8768
5001 9364
5001 9765
5001 11524
5001 11532
5002 5587
5002 6389
5002 7197
5002 7662
5002 8229
5002 9551
5002 10283
5002 11611
5002 12160
5003 6752
5003 7448
5003 8437
5003 11582
5003 11834
5004 6558
5004 7607
5004 7679
5004 8234
5004 8438
5004 9344
5004 9619
5004 9695
5004 9864
5004 10748
5004 10793
5004 11388
5004 11737
5004 11837
5005 5013
5005 5172
5005 5181
5005 5224
5005 5510
5005 6247
5005 6308
5005 12375
5006 6638
5006 6709
5006 7343
5006 7507
5006 7586
5006 7600
5006 7630
5006 8577
5006 8669
5006 8927
5006 8975
5006 11599
5006 11788
5006 12586
5007 5192
5007 5428
5007 6951
5007 8418
5007 8818
5007 8852
5007 10916
5007 12468
5008 6022
5008 7319
5008 7932
5008 9809
5008 10006
5008 10402
5009 6070
5009 6071
5009 6335
5009 6697
5009 7421
5009 7488
5009 8575
5009 8760
5009 9251
5009 9349
5010 5584
5010 6936
5010 7248
5010 7335
5010 7747
5010 9638
5010 12342
5011 7475
5011 8540
5011 9103
5011 9306
5011 9809
5011 9975
5012 5822
5012 7823
5012 9054
5012 9571
5012 10720
5012 11670
5013 5181
5013 5224
5013 5916
5013 6247
5013 9056
5013 10007
5014 5621
5014 6136
5014 6256
5014 6438
5014 6616
5014 6905
5014 6913
5014 7577
5014 8352
5014 8956
5014 10069
5014 10680
5014 11660
5014 11949
5014 12086
5015 5560
5015 6983
5015 7115
5015 7557
5015 10183
5015 10799
5015 10922
5015 10973
5015 11581
5015 12171
5016 5335
5016 6443
5016 6668
5016 7434
5016 9870
5016 10063
5016 10066
5016 10137
5016 10159
5016 11962
5016 11988
5016 12235
5017 8961
5017 9710
5017 10071
5017 10113
5017 10157
5017 10505
5017 10552
5017 11336
5017 11702
5017 11719
5017 11787
5017 12504
5017 12534
5018 5246
5018 5978
5018 6014
5018 6282
5018 6944
5018 8104
5018 9244
5018 10328
5018 10567
5018 12214
5019 5194
5019 5573
5019 6284
5019 6793
5019 6967
5019 7106
5019 7316
5019 7511
5019 7989
5019 8333
5019 9755
5019 11682
5020 5532
5020 6188
5020 6740
5020 7844
5020 9674
5020 10763
5021 5206
5021 5849
5021 6003
5021 8810
5021 9132
5021 9848
5021 10114
5021 10132
5021 11024
5022 8471
5022 12223
5023 5169
5023 5499
5023 5547
5023 5802
5023 6946
5023 8372
5023 8779
5023 8796
5023 8849
5023 9032
5023 10160
5023 10289
5023 10399
5023 10648
5024 9429
5024 10356
5024 11352
5024 11820
5024 12632
5025 5154
5025 7088
5025 7300
5025 7947
5025 9841
5025 10494
5025 11696
5026 5883
5026 7552
5026 7823
5026 8132
5026 8210
5026 8863
5026 9154
5026 9334
5026 9599
5026 9661
5026 9977
5026 11060
5026 11667
5026 11686
5027 5400
5027 5464
5027 5870
5027 5983
5027 5990
5027 6170
5027 6846
5027 7873
5027 7916
5027 9488
5027 10141
5027 11132
5028 5054
5028 5503
5028 5667
5028 6980
5028 9497
5028 11558
5029 6324
5029 7602
5029 8414
5029 10302
5029 11840
5030 5142
5030 5243
5030 7159
5030 7897
5030 8730
5030 9201
5030 9876
5030 9933
5030 11806
5031 5082
5031 5344
5031 5590
5031 6138
5031 6557
5031 6611
5031 9180
5031 10081
5031 11227
5031 11698
5031 12231
5032 5037
5032 5596
5032 6006
5032 6166
5032 9958
5032 10475
5032 10983
5032 11171
5032 11308
5033 5670
5033 7850
5033 8086
5033 10350
5033 10441
5033 12033
5033 12148
5033 12158
5033 12497
5033 12637
5034 6279
5034 11997
5035 5414
5035 5521
5035 6037
5035 7639
5035 9920
5035 10866
5035 11420
5035 12399
5036 5234
5036 7077
5036 8472
5036 9434
5036 10110
5036 10451
5036 11306
5037 5380
5037 5596
5037 6006
5037 6166
5037 7866
5037 9958
5037 10424
5037 10452
5037 10475
5037 10983
5037 11172
5038 5357
5038 5679
5038 6498
5038 6500
5038 6541
5038 7148
5038 7302
5038 9567
5038 10033
5038 10667
5038 11019
5038 11527
5039 5044
5039 5328
5039 5683
5039 9220
5039 9412
5039 10615
5039 11400
5039 11699
5040 6095
5040 6428
5040 7060
5040 9572
5040 10130
5041 7181
5041 7260
5042 5534
5042 5603
5042 5692
5042 5841
5042 6375
5042 6552
5042 6892
5042 7185
5042 7508
5042 7934
5042 8675
5042 8847
5042 9574
5042 9591
5042 12367
5043 6085
5043 6352
5043 6606
5043 6797
5043 7785
5043 9070
5043 11733
5043 11829
5044 5328
5044 6519
5044 9220
5044 9235
5044 9412
5044 10354
5044 10615
5044 11400
5045 5060
5045 5092
5045 6660
5045 9124
5045 10431
5046 5135
5046 5866
5046 6061
5046 6949
5046 7374
5046 7651
5046 8544
5046 9159
5046 9229
5046 9550
5046 12080
5047 7027
5047 9394
5047 9488
5047 9640
5047 9681
5047 9973
5048 5131
5048 5137
5048 5182
5048 6016
5048 6480
5048 7240
5048 7283
5048 7494
5048 9478
5049 5740
5049 9075
5049 9134
5049 9184
5049 11678
5050 5077
5050 5759
5050 6407
5050 7565
5050 8946
5050 9612
5050 9874
5051 5439
5051 5645
5051 6059
5051 6211
5051 6808
5051 7532
5051 8307
5051 8881
5051 9302
5051 9956
5051 10877
5052 5507
5052 6536
5052 9100
5052 9126
5052 9678
5052 11814
5052 11816
5053 5734
5053 5748
5053 5879
5053 6208
5053 7146
5053 7619
5053 8316
5053 10781
5053 11095
5053 11127
5053 11131
5053 11164
5053 11191
5054 5503
5054 6544
5054 7176
5054 7380
5054 8038
5054 8624
5054 8934
5054 9097
5054 9522
5054 9772
5054 11558
5055 5612
5055 5994
5055 9240
5055 9647
5055 10816
5055 11760
5056 6563
5056 7682
5056 9637
5056 10645
5056 10677
5057 5252
5057 6457
5057 6591
5057 7370
5057 8407
5057 9275
5057 9797
5057 12184
5058 5526
5058 6439
5058 6680
5058 6829
5058 7145
5058 10550
5058 10619
5058 10636
5058 10963
5058 11234
5059 5399
5059 11198
5059 11753
5059 11934
5060 5092
5060 10431
5060 11586
5061 5132
5061 5134
5061 5518
5061 6001
5061 10049
5061 10493
5061 10593
5061 12035
5061 12100
5061 12139
5061 12436
5062 6870
5062 6966
5062 7372
5062 9231
5062 12537
5063 5187
5063 7197
5063 8229
5063 8541
5063 8801
5063 8944
5063 9159
5063 10267
5063 10283
5063 10766
5063 11216
5063 11611
5063 11741
5064 6117
5064 8156
5064 9069
5064 9248
5064 10316
5064 11023
5064 11364
5064 11761
5065 5315
5065 7976
5065 8211
5065 10385
5065 11208
5066 5531
5066 6020
5066 6602
5066 6849
5066 6963
5066 9721
5066 10373
5066 11149
5067 6104
5067 6706
5067 7035
5067 7742
5067 8115
5067 8323
5067 8829
5067 8835
5067 8895
5067 9119
5067 11536
5067 12337
5067 12563
5068 6217
5068 6236
5068 7194
5068 7795
5068 7812
5068 8571
5068 10064
5068 10147
5068 11792
5069 9136
5069 12464
5070 5084
5070 5186
5070 5241
5070 5709
5070 6183
5070 6663
5070 9434
5070 10062
5070 11174
5070 11537
5071 5122
5071 5643
5071 6901
5071 7165
5071 7729
5071 12632
5072 7179
5072 7278
5072 7954
5072 9100
5072 10898
5073 6761
5073 6816
5073 6895
5073 7281
5073 9773
5073 10174
5073 10299
5073 11205
5074 5094
5074 5910
5074 6150
5074 8143
5074 9414
5074 9418
5074 9451
5075 5693
5075 6858
5075 9978
5075 10996
5075 10998
5076 6711
5076 7568
5076 9361
5076 9881
5076 10966
5076 11187
5076 12517
5077 6416
5077 9174
5077 9401
5077 9458
5077 9874
5077 10649
5077 11560
5078 5081
5078 7288
5078 8019
5078 8046
5078 8628
5078 9024
5078 9982
5078 11578
5079 5936
5079 5937
5079 5941
5079 5967
5079 6412
5079 9722
5079 10734
5079 11192
5079 11200
5080 6957
5080 7634
5080 8325
5080 10873
5080 12290
5081 8046
5081 8628
5081 9024
5081 9982
5081 10055
5081 11578
5081 12212
5081 12350
5082 7659
5082 8770
5083 5483
5083 7222
5083 7260
5083 7435
5083 7551
5083 7754
5083 9677
5083 9916
5083 10521
5083 10650
5084 5089
5084 5241
5084 5387
5084 5950
5084 6663
5084 6724
5084 6771
5084 10062
5084 11174
5084 11537
5085 5333
5085 5823
5085 6190
5085 6567
5085 6685
5085 7030
5085 7400
5085 7533
5085 7647
5085 7732
5085 7842
5085 8345
5085 9479
5085 9663
5085 10450
5085 11522
5085 11943
5085 12213
5086 5136
5086 7803
5086 8003
5086 10623
5086 11037
5086 11038
5086 11113
5086 11727
5087 5101
5087 6342
5087 7126
5087 8530
5087 9367
5088 5225
5088 5553
5088 6264
5088 6401
5088 6934
5088 7127
5088 7245
5088 7996
5088 8360
5088 8392
5088 8994
5088 9261
5088 9454
5088 10112
5089 5241
5089 5387
5089 5618
5089 6663
5089 6724
5089 6771
5089 11537
5090 5098
5090 8019
5090 9982
5090 11578
5091 5099
5091 5205
5091 5715
5091 8151
5091 9840
5091 9919
5091 11003
5091 12291
5092 7532
5092 9957
5092 10431
5092 10877
5092 11586
5093 5096
5093 6697
5093 7066
5093 8114
5093 8410
5093 8943
5093 9121
5093 9181
5094 6382
5094 6614
5094 8143
5094 9414
5094 9451
5095 5699
5095 6095
5095 6446
5095 7128
5095 7305
5095 9128
5095 11762
5096 5508
5096 5702
5096 6917
5096 7380
5096 8114
5096 9121
5096 9181
5096 11558
5097 6360
5097 7798
5097 7910
5097 8464
5097 8604
5097 8633
5098 7600
5098 8019
5098 8028
5098 8669
5098 11578
5099 5205
5099 8108
5099 8151
5099 9186
5099 9840
5099 9919
5099 10864
5099 12291
5100 5839
5100 5954
5100 6533
5100 7095
5100 7619
5100 8199
5100 9327
5100 9643
5100 10403
5100 12285
5100 12384
5100 12388
5101 5475
5101 6342
5101 8530
5101 9596
5101 10471
5101 12421
5102 5662
5102 5780
5102 7286
5102 9132
5102 9289
5102 10109
5102 10114
5102 10993
5102 11024
5103 5176
5103 7503
5103 9111
5103 9722
5103 9801
5103 10391
5103 11082
5103 11200
5104 5665
5104 5772
5104 5931
5104 7315
5104 7905
5104 8917
5105 6221
5105 9322
5105 9437
5105 10652
5105 12125
5105 12181
5106 5847
5106 6551
5106 6870
5106 6920
5106 8076
5106 9594
5106 9961
5106 9987
5106 10507
5107 5388
5107 5582
5107 6013
5107 6048
5107 6049
5107 8176
5107 8179
5107 8259
5107 9517
5108 6773
5108 6927
5108 7180
5108 7250
5108 7317
5108 7645
5108 7798
5108 8164
5108 9468
5108 10079
5108 12219
5109 5415
5109 5816
5109 5864
5109 6379
5109 6764
5109 7594
5109 8005
5109 8214
5109 10153
5109 11410
5109 11411
5110 5216
5110 5315
5110 7976
5110 8061
5110 8211
5110 8508
5110 11596
5111 5727
5111 5814
5111 6034
5111 7315
5111 7379
5111 8917
5111 10394
5111 11597
5112 5427
5112 5477
5112 5577
5112 5778
5112 5804
5112 8767
5112 8833
5112 9490
5112 9647
5112 9650
5112 10816
5112 11218
5112 11806
5113 5426
5113 5704
5113 6876
5113 7669
5113 9813
5113 10413
5113 11039
5114 7235
5114 7435
5114 8906
5114 9614
5114 9656
5114 9677
5114 9916
5114 11950
5114 11974
5114 12294
5114 12652
5115 5305
5115 6862
5115 9766
5115 9898
5115 12240
5115 12274
5116 6496
5116 9937
5116 10035
5116 10395
5116 11665
5116 12481
5117 5453
5117 6436
5117 6975
5117 7592
5117 8220
5117 8539
5117 9680
5117 9807
5117 9847
5117 10072
5117 10149
5117 10721
5118 5867
5118 6086
5118 9654
5118 10127
5118 12510
5119 5223
5119 5640
5119 5667
5119 6980
5119 9349
5119 9495
5119 10994
5120 5669
5120 5713
5120 6357
5120 11262
5120 12282
5120 12616
5121 5373
5121 5512
5121 5662
5121 5875
5121 6654
5121 7781
5121 8181
5121 8482
5121 9628
5121 9848
5121 10547
5121 11024
5122 5643
5122 6965
5122 7107
5122 7189
5122 7593
5122 7729
5122 8427
5122 10569
5122 12444
5123 5737
5123 7515
5123 8245
5123 9383
5123 9630
5123 10563
5123 11535
5123 11656
5124 5269
5124 6624
5124 8213
5124 8403
5124 8586
5124 8642
5124 8981
5124 9202
5124 10203
5124 11238
5124 11604
5124 12695
5125 5338
5125 5649
5125 5737
5125 7356
5125 8653
5125 10210
5125 10220
5125 10697
5125 10990
5125 11535
5125 12355
5126 5712
5126 5790
5126 5852
5126 5899
5126 5903
5126 6229
5126 7493
5126 7793
5126 9563
5126 11190
5126 12344
5127 5367
5127 7306
5127 8134
5127 8902
5127 9318
5127 9422
5127 10668
5127 11785
5127 12073
5127 12224
5128 5531
5128 6807
5128 6849
5128 8428
5128 8663
5128 10426
5129 5813
5129 6114
5129 7182
5129 8775
5129 10438
5129 10876
5129 10879
5129 11084
5129 11325
5130 5471
5130 5619
5130 6460
5130 6559
5130 6609
5130 8499
5130 8756
5130 9006
5130 9173
5130 9174
5131 5513
5131 5708
5131 6480
5131 7649
5131 9478
5132 5134
5132 7069
5132 10186
5133 5879
5133 5957
5133 6533
5133 6744
5133 7619
5133 8199
5133 8316
5133 9440
5133 10781
5134 7069
5135 5675
5135 5866
5135 6949
5135 7291
5135 7589
5135 7651
5135 9159
5135 9225
5135 9229
5135 9550
5136 5427
5136 5488
5136 5674
5136 5794
5136 6448
5136 7332
5136 7914
5136 8003
5136 8079
5136 9075
5136 9184
5136 10623
5136 10624
5136 11037
5136 11727
5137 5182
5137 6480
5137 7240
5137 7283
5137 7494
5137 8330
5137 9478
5137 11020
5138 5253
5138 5481
5138 7195
5138 8389
5138 8424
5138 8791
5138 9276
5138 10222
5138 10580
5138 10750
5139 5174
5139 7100
5139 7718
5139 9197
5139 11566
5140 5295
5140 6529
5140 6757
5140 6830
5140 7574
5140 8496
5140 9259
5140 10123
5140 11231
5140 12283
5141 5513
5141 6811
5141 7544
5141 7649
5141 7716
5141 8995
5141 10654
5141 11386
5141 11394
5142 5243
5142 7159
5142 7696
5142 7897
5142 7898
5142 9123
5142 9257
5142 9971
5142 12220
5143 5146
5143 5624
5143 5801
5143 5926
5143 6334
5143 6935
5143 7318
5143 7430
5143 8329
5143 8771
5143 10073
5143 10389
5143 10411
5143 11051
5143 11388
5143 12403
5143 12568
5143 12675
5143 12682
5144 5175
5144 7561
5144 7838
5144 8354
5144 10184
5144 10814
5144 11013
5145 5323
5145 7013
5145 7498
5145 7786
5145 8069
5145 8287
5145 9558
5145 10422
5145 11556
5146 5624
5146 6058
5146 6331
5146 6333
5146 6334
5146 6935
5146 8771
5146 10411
5146 11051
5146 11388
5147 6862
5147 7075
5147 7167
5147 7590
5147 7708
5147 8168
5147 8563
5147 9044
5147 11777
5147 12364
5148 5202
5148 5204
5148 5207
5148 6005
5148 6591
5148 7131
5148 11486
5148 11663
5149 5409
5149 5426
5149 5890
5149 6181
5149 6876
5149 10057
5150 5872
5150 6339
5150 6535
5150 6736
5150 7043
5150 7203
5150 8387
5150 8413
5150 9230
5150 9954
5150 12541
5151 6354
5151 6555
5151 9233
5151 9950
5151 10924
5151 11657
5152 5345
5152 5817
5152 6223
5152 6908
5152 7821
5152 9133
5152 9282
5152 10087
5152 11616
5152 11888
5152 11919
5152 12270
5153 6087
5153 6683
5153 6851
5153 7708
5153 7784
5153 8486
5153 9224
5153 9513
5153 9821
5153 11235
5153 11567
5153 11776
5153 12218
5154 5892
5154 6015
5154 7947
5154 11550
5154 11609
5155 5309
5155 8106
5155 8575
5155 8934
5155 9181
5155 12346
5156 5397
5156 6536
5156 7932
5156 9092
5156 9122
5156 9603
5156 9678
5156 11488
5157 5354
5157 11690
5158 6787
5158 6907
5158 8299
5158 8908
5158 11807
5159 5268
5159 5518
5159 5922
5159 6504
5159 7001
5159 7254
5159 8365
5159 9183
5159 9496
5159 9989
5159 10790
5159 12096
5160 5528
5160 5682
5160 5874
5160 6706
5160 7119
5160 8284
5160 8393
5160 9091
5160 10042
5160 11044
5160 11683
5160 12232
5160 12697
5161 5884
5161 6554
5161 6561
5161 6875
5161 9238
5161 9644
5161 9645
5161 9687
5161 10721
5162 5693
5162 6666
5162 7014
5162 9152
5162 9328
5162 9659
5162 10736
5162 10996
5162 12233
5163 8148
5163 8238
5163 8242
5163 9161
5163 9315
5163 9465
5163 9472
5164 5274
5164 6819
5164 9546
5164 10129
5164 10365
5165 6361
5165 6401
5165 7270
5165 7996
5165 8589
5165 9803
5165 11418
5165 11474
5165 11830
5166 5550
5166 5834
5166 6343
5166 6344
5166 6781
5166 7574
5166 7890
5166 8794
5166 8809
5166 10689
5166 11195
5166 11231
5167 5353
5167 5477
5167 8788
5167 8833
5167 9490
5167 11806
5167 12455
5168 5586
5168 6633
5168 7407
5168 7563
5169 6147
5169 6557
5169 6946
5169 8212
5169 8779
5169 8849
5169 9570
5170 6481
5170 7591
5170 9579
5170 9607
5170 10373
5170 11391
5171 5723
5171 6390
5171 6585
5171 7900
5171 8205
5171 8479
5171 9327
5171 9440
5171 9489
5171 9593
5171 9643
5171 9667
5171 11462
5171 11836
5171 12285
5172 6247
5172 9104
5172 9107
5172 9333
5172 9581
5172 12306
5173 6377
5173 8552
5173 8722
5173 9162
5173 10670
5173 11004
5173 11010
5173 11736
5174 5838
5174 6531
5174 7153
5174 7491
5174 7718
5174 7975
5174 9197
5174 9719
5174 10779
5174 10782
5175 6098
5175 7470
5175 7561
5175 7663
5175 7838
5175 8170
5175 8354
5175 9456
5175 9938
5175 10184
5175 10817
5175 11008
5175 11791
5176 7503
5176 9111
5176 10391
5177 5457
5177 7219
5177 10882
5177 10976
5177 11101
5178 6160
5178 6514
5178 7245
5178 8023
5178 9110
5179 5362
5179 5826
5179 6512
5179 7086
5179 9114
5180 5273
5180 5591
5180 5757
5180 7722
5180 7731
5180 8812
5180 9433
5180 10138
5180 11175
5181 5213
5181 5224
5181 5510
5181 5916
5181 6247
5181 6584
5181 7252
5181 8144
5181 12375
5182 6016
5182 6524
5182 6650
5182 6986
5182 7283
5182 8037
5182 10284
5183 5203
5183 6095
5183 6484
5183 7190
5184 8110
5184 8230
5184 10704
5185 5618
5185 9388
5186 5241
5186 5709
5186 8265
5186 9708
5186 10236
5187 5677
5187 8541
5187 9827
5187 10283
5187 10305
5187 10766
5187 11216
5187 11536
5188 5619
5188 7058
5188 7109
5188 7472
5188 7570
5188 9822
5188 12600
5190 5314
5190 5993
5190 6576
5190 7387
5190 7889
5190 10284
5190 10383
5191 5212
5191 6914
5191 7875
5191 8168
5191 9398
5191 9669
5191 10349
5191 10366
5191 10487
5191 10592
5191 10632
5192 8400
5192 8468
5192 8852
5192 9626
5192 9903
5192 10938
5192 11055
5192 12468
5193 8310
5193 8338
5193 9480
5193 9651
5193 9751
5193 10718
5194 5369
5194 5711
5194 5913
5194 6489
5194 8880
5194 11313
5194 11621
5194 11682
5195 5266
5195 5482
5195 6978
5195 7599
5195 8651
5195 11390
5195 12566
5196 8839
5196 9103
5196 9975
5196 11050
5196 11622
5196 11870
5196 12378
5196 12478
5197 5304
5197 6565
5197 8532
5197 9172
5197 9428
5197 11052
5197 11525
5197 11863
5197 12377
5198 6219
5198 8011
5198 8439
5198 9480
5198 9751
5198 10843
5199 5244
5199 6193
5199 7761
5199 8758
5199 10988
5199 11141
5199 12203
5199 12304
5199 12380
5200 5273
5200 7490
5200 9048
5200 9244
5200 9320
5200 10122
5200 10460
5200 10614
5200 10621
5200 11436
5200 11955
5200 12515
5200 12516
5200 12636
5201 5249
5201 6123
5201 6528
5201 7681
5201 11652
5201 11963
5201 12329
5202 5204
5202 5207
5202 6005
5202 6591
5202 6677
5202 7131
5202 8280
5202 8443
5203 6484
5203 8551
5203 8596
5203 10120
5204 5207
5204 6005
5204 7131
5205 5871
5205 8108
5205 8151
5205 9840
5205 12260
5205 12291
5206 8810
5206 10132
5206 11687
5207 6591
5207 7131
5208 6272
5208 6312
5208 11494
5208 11645
5208 12229
5209 5700
5209 8264
5209 9699
5209 9974
5209 10314
5209 10724
5209 11246
5210 5852
5210 5927
5210 5955
5210 6814
5210 7493
5210 8706
5210 9090
5210 9762
5210 10730
5210 11123
5210 11190
5210 11279
5210 11457
5210 12206
5211 5680
5211 5929
5211 6415
5211 9267
5211 10737
5211 10862
5211 11050
5211 11067
5211 11120
5211 11362
5211 11669
5211 12502
5212 5305
5212 6151
5212 6914
5212 7875
5212 8850
5212 9669
5212 10487
5212 11575
5213 6966
5214 5677
5214 5774
5214 8351
5214 9849
5214 10115
5214 10305
5214 11216
5214 11745
5215 6844
5215 7185
5215 7306
5215 8872
5215 9422
5215 10251
5215 11613
5216 6369
5216 7976
5216 8211
5216 8508
5216 11596
5217 5726
5217 5877
5217 7141
5217 7271
5217 7386
5217 7853
5217 9294
5217 9599
5217 9776
5217 10097
5217 10216
5218 5706
5218 6100
5218 6353
5218 6843
5218 7392
5218 7595
5218 7963
5218 8505
5218 8857
5218 10457
5218 10804
5218 12571
5219 6263
5219 7008
5219 7874
5219 9785
5219 10719
5219 11569
5219 11938
5220 5870
5220 5892
5220 5944
5220 6015
5220 8161
5220 9283
5220 9453
5220 10852
5220 11099
5220 11132
5220 11550
5220 12323
5221 5222
5221 5355
5221 5437
5221 5785
5221 5854
5221 6040
5221 6078
5221 6213
5221 6252
5221 6814
5221 7580
5221 8706
5221 10733
5221 11580
5221 11627
5221 11653
5221 12393
5222 5437
5222 5854
5222 5917
5222 6252
5222 8706
5222 10733
5222 11580
5223 5640
5223 6101
5223 6152
5223 6980
5223 9476
5223 9967
5223 10994
5223 11845
5224 5916
5224 6308
5224 8049
5224 8337
5224 8718
5224 9036
5224 9437
5224 10007
5224 11116
5224 12372
5224 12375
5225 7245
5225 8766
5225 9261
5225 10112
5225 10506
5225 11521
5226 6122
5226 7036
5226 7863
5226 7879
5226 8135
5226 10526
5226 10574
5226 12167
5226 12558
5227 5420
5227 9959
5227 10463
5227 10504
5227 10522
5227 10908
5227 11370
5227 12310
5228 5397
5228 7565
5228 7820
5228 9603
5228 10363
5228 11937
5229 5759
5229 6407
5229 6543
5229 7346
5229 7453
5229 9458
5229 9874
5230 5655
5230 6235
5230 8877
5230 9533
5230 9775
5230 11284
5231 7009
5231 10125
5231 10233
5232 5602
5232 6511
5232 6688
5232 6735
5232 9780
5232 9781
5232 10308
5232 10433
5232 10714
5232 11224
5232 12252
5232 12320
5233 10315
5233 11401
5233 11540
5233 11996
5233 12016
5233 12153
5234 7077
5234 7695
5234 9335
5234 10451
5235 6923
5235 7304
5235 7364
5235 7775
5235 8372
5235 8467
5235 8779
5235 9030
5235 9467
5235 10661
5235 10679
5235 11799
5236 7786
5236 8287
5236 9558
5236 9578
5236 9850
5236 9985
5236 10387
5237 5661
5237 6568
5237 7750
5237 8250
5237 8380
5237 9949
5237 10035
5237 10735
5237 12286
5237 12287
5238 5744
5238 6294
5238 6831
5238 7611
5238 7749
5238 7882
5238 9575
5238 9918
5238 9966
5238 10348
5238 10991
5238 11650
5238 11893
5238 12071
5238 12279
5238 12330
5239 5378
5239 7166
5239 9250
5239 9568
5239 9598
5239 10540
5239 10984
5239 11994
5239 12004
5240 5838
5240 8201
5240 8243
5240 8322
5240 8574
5240 9683
5240 9721
5241 5387
5241 5657
5241 5709
5241 5950
5241 5997
5241 6473
5241 8501
5241 9434
5241 9708
5241 10236
5241 11174
5241 11866
5241 11867
5242 5409
5242 5410
5242 5617
5242 6123
5242 6140
5242 6607
5242 6954
5242 7054
5242 7701
5242 9227
5242 9555
5242 9744
5242 9915
5242 10158
5242 10671
5243 6404
5243 6985
5243 7091
5243 7159
5243 7897
5243 8730
5243 9123
5243 9201
5243 9257
5243 9971
5243 10972
5243 12220
5244 9093
5244 11124
5244 11134
5244 11506
5244 12380
5245 5745
5245 6179
5245 6796
5245 6893
5245 7436
5245 7740
5245 8750
5245 8923
5246 6014
5246 7464
5246 7496
5246 8104
5246 9263
5246 9737
5246 10567
5246 12422
5247 5251
5247 5407
5247 6159
5247 7100
5247 8243
5247 8567
5247 8913
5247 9362
5247 9683
5247 10718
5247 11566
5248 7252
5248 7884
5248 9340
5248 9355
5248 10449
5248 10937
5248 10951
5248 11225
5248 12256
5248 12296
5248 12537
5249 11213
5250 6752
5250 7159
5250 7696
5250 7951
5250 8437
5250 11242
5250 11582
5251 6159
5251 8243
5251 9683
5251 9751
5251 10718
5251 10843
5251 11566
5252 6421
5252 6457
5252 6802
5252 6803
5252 9083
5253 8180
5253 8389
5253 9276
5253 9278
5253 10222
5254 5629
5254 6109
5254 6765
5254 7961
5254 9712
5254 10259
5254 10260
5254 10344
5254 10643
5254 11268
5254 12015
5254 12345
5254 12506
5255 6449
5255 7089
5255 8426
5255 9589
5255 10101
5255 10943
5255 11516
5255 12458
5256 9992
5257 6973
5257 7890
5257 10934
5257 11865
5258 5652
5258 6119
5258 6135
5258 8335
5258 9730
5258 10466
5258 10981
5258 10987
5258 12048
5258 12058
5259 5881
5259 6955
5259 7643
5259 7720
5259 7723
5259 7779
5259 7993
5259 9255
5259 9325
5259 9390
5259 10326
5260 5414
5260 6814
5260 7086
5260 9052
5260 9090
5260 9125
5260 9214
5260 9387
5260 9925
5260 10733
5260 11420
5261 5468
5261 5613
5261 5615
5261 6906
5261 7334
5261 7571
5261 8490
5261 9459
5261 10093
5261 10201
5261 10613
5261 12053
5261 12091
5262 5327
5262 8163
5262 9155
5262 9156
5262 9317
5262 9738
5262 9796
5262 10097
5262 10206
5263 5394
5263 6394
5263 11514
5264 6222
5264 6552
5264 6562
5264 6759
5264 7331
5264 7934
5264 8096
5264 8374
5264 8675
5264 8819
5264 11927
5264 11960
5264 12078
5264 12111
5264 12152
5265 5576
5265 6899
5265 7110
5265 9388
5265 10016
5266 7902
5266 9817
5267 5572
5267 6737
5267 7529
5267 8468
5267 11041
5267 11055
5267 12468
5268 5922
5268 6878
5268 8327
5268 9260
5268 10790
5268 11490
5269 8213
5269 8642
5269 9118
5269 9179
5269 9202
5269 11238
5269 11604
5270 6132
5270 6972
5270 7819
5270 7864
5270 8067
5270 8096
5270 8374
5270 9660
5270 11914
5270 12047
5270 12152
5270 12261
5271 6313
5271 6348
5271 6581
5271 7108
5271 7497
5271 7909
5271 8010
5271 8247
5271 8249
5272 5470
5272 6515
5272 10910
5272 11538
5272 11819
5273 5591
5273 5688
5273 5845
5273 5878
5273 6507
5273 7722
5273 8812
5273 11434
5273 11436
5273 11679
5274 6286
5274 6819
5274 7232
5274 7939
5274 9546
5274 10129
5274 10365
5274 11971
5275 5539
5275 6138
5275 6433
5275 7292
5275 7693
5275 8068
5275 9694
5275 10794
5275 11227
5275 12119
5275 12194
5275 12197
5275 12578
5276 6247
5276 6584
5276 6933
5276 6966
5276 12306
5277 6298
5277 7933
5277 8491
5277 10065
5277 10359
5277 10935
5277 10997
5277 11064
5277 12159
5278 6030
5278 6364
5278 7207
5278 8914
5278 10085
5278 11655
5278 11668
5278 11805
5279 5676
5279 6369
5279 8508
5279 9658
5279 10135
5279 10745
5279 10746
5279 11250
5279 11596
5279 12387
5279 12391
5280 5530
5280 5636
5280 6880
5280 8185
5280 8806
5280 10553
5280 11204
5280 11343
5280 11695
5280 11712
5281 5287
5281 5838
5281 6478
5281 7175
5281 7773
5281 7942
5281 8322
5281 9274
5281 9832
5282 6220
5282 7635
5282 7677
5282 8193
5282 8539
5282 9921
5282 10085
5283 5471
5283 7525
5283 8372
5283 9030
5283 9467
5283 10160
5283 10399
5283 11799
5284 5296
5284 6468
5284 6996
5284 7862
5284 7867
5284 11605
5284 11916
5285 5672
5285 6642
5285 8021
5285 8366
5285 8570
5285 9890
5285 10767
5285 10825
5285 12173
5285 12646
5286 7134
5286 7237
5286 7274
5286 8220
5286 10072
5286 10148
5287 6825
5287 7942
5287 8322
5287 9274
5287 9411
5287 10715
5287 11396
5287 11506
5287 11527
5288 6623
5288 6734
5288 7067
5288 7147
5289 5307
5289 9527
5289 9528
5289 9887
5289 10811
5290 5455
5290 6014
5290 6042
5290 6494
5290 10567
5291 5301
5291 5539
5291 10390
5291 10794
5291 10933
5292 6983
5292 7531
5292 7546
5292 9983
5292 10133
5292 10694
5292 11784
5292 12077
5292 12135
5293 5301
5293 7836
5293 7986
5293 8212
5293 9218
5293 10390
5293 10933
5293 11509
5294 5830
5294 6692
5294 7610
5294 8022
5294 9305
5294 9439
5294 9778
5294 10153
5294 11666
5295 6529
5295 7574
5295 8278
5295 8496
5295 9259
5295 10123
5295 11231
5296 6125
5296 6468
5296 6974
5296 7072
5296 7285
5296 8153
5296 9877
5296 10140
5296 10235
5296 10257
5296 10975
5297 5312
5297 5685
5297 6002
5297 7098
5297 7499
5297 8331
5297 11036
5298 5299
5298 6453
5298 7804
5298 7858
5298 7859
5298 8637
5298 9218
5298 12117
5299 6218
5299 7504
5299 10899
5299 11959
5300 6073
5300 6251
5300 6734
5300 6930
5300 7019
5300 7147
5300 7885
5300 7987
5300 10574
5300 11297
5300 11490
5300 12558
5301 5539
5301 9218
5301 9410
5301 10390
5301 10933
5301 10974
5301 11069
5301 12293
5302 5629
5302 7433
5302 7922
5302 10146
5302 11248
5302 12236
5303 5360
5303 5806
5303 7359
5303 8228
5303 9351
5303 9798
5303 11108
5303 11854
5303 12268
5304 6054
5304 8532
5304 9172
5304 9306
5304 11052
5304 11074
5304 11863
5305 7075
5305 7875
5305 8168
5305 8850
5305 9669
5305 9898
5305 10098
5305 11575
5305 12240
5305 12274
5306 5534
5306 6302
5306 7329
5306 7934
5306 9574
5306 11751
5307 5322
5307 7223
5307 7540
5307 7546
5307 7810
5307 7837
5307 8099
5307 9528
5307 11920
5308 6848
5308 7355
5308 7445
5308 7753
5308 8313
5308 8602
5308 10665
5308 11850
5308 12353
5308 12612
5308 12685
5308 12691
5309 7421
5309 8106
5309 8575
5309 8724
5309 8934
5309 12599
5310 5738
5310 5910
5310 8143
5310 8695
5310 9295
5310 9613
5310 10030
5310 10660
5310 11217
5310 11771
5311 6674
5311 7155
5311 8329
5311 9138
5311 9516
5311 10747
5311 10748
5311 11051
5311 11388
5312 5420
5312 7499
5312 9241
5312 12207
5313 6035
5313 6195
5313 6524
5313 6826
5313 6896
5313 7032
5313 7354
5313 8037
5313 9570
5313 9665
5313 9734
5314 6417
5314 7292
5314 7889
5314 8487
5314 9963
5314 10284
5314 10351
5314 10582
5314 11253
5314 12038
5314 12057
5314 12189
5315 7976
5315 8061
5315 8211
5315 8856
5315 11575
5316 5570
5316 6349
5316 6958
5316 7017
5316 7034
5316 7527
5316 7535
5316 7706
5316 8065
5316 11264
5316 11617
5316 11906
5316 12151
5317 6971
5317 8066
5317 8747
5317 8823
5317 8965
5317 9873
5317 11510
5317 12130
5318 5395
5318 6236
5318 7937
5318 7991
5318 9912
5318 10064
5318 10147
5318 10986
5318 11831
5318 12545
5319 6452
5319 7276
5319 7598
5319 9192
5319 9452
5319 9541
5319 9542
5319 10027
5319 10100
5319 10659
5319 10755
5319 11027
5319 11500
5319 11929
5319 12216
5320 5399
5320 5715
5320 6571
5320 6770
5320 11198
5320 11934
5321 5332
5321 7017
5321 7266
5321 10245
5321 11043
5322 7015
5322 7223
5322 7546
5322 9528
5322 12077
5323 5722
5323 5880
5323 6780
5323 6850
5323 6942
5323 7013
5323 7498
5323 9527
5323 9580
5323 9622
5323 9826
5323 9879
5323 9966
5323 10193
5323 10422
5323 11556
5323 11659
5324 5387
5324 5657
5324 6707
5324 7253
5325 5420
5325 6167
5325 7499
5325 7724
5325 8353
5326 6133
5326 6433
5326 7292
5326 7659
5326 7782
5326 10137
5326 10582
5326 11988
5326 12039
5326 12197
5327 8163
5327 9155
5327 9317
5327 9738
5327 9796
5327 10097
5328 5678
5328 6519
5328 7043
5328 8256
5328 9142
5328 9220
5328 9235
5328 11515
5329 6517
5329 7912
5329 8475
5329 8879
5329 9314
5329 10269
5329 10393
5329 11042
5329 11046
5330 6154
5330 6619
5330 7571
5330 7770
5330 8441
5330 9965
5330 10091
5330 10477
5330 10820
5330 11965
5330 12029
5331 5770
5331 5850
5331 9636
5331 9824
5331 10681
5332 6393
5332 6984
5332 7017
5332 8343
5332 10245
5332 11043
5333 6190
5333 6567
5333 6685
5333 7400
5333 7732
5333 10450
5333 10799
5333 10922
5333 11522
5333 11574
5333 11883
5333 11943
5333 12183
5333 12188
5333 12196
5333 12213
5333 12525
5334 5976
5334 6355
5334 6816
5334 8058
5334 8059
5334 9577
5334 10299
5334 10506
5334 11205
5335 6668
5335 7187
5335 10063
5335 10066
5335 10137
5335 12021
5335 12039
5335 12053
5335 12235
5336 5808
5336 7242
5336 7845
5336 8147
5336 8498
5336 8871
5336 9234
5336 9587
5336 9916
5336 11071
5337 6140
5337 6411
5337 7771
5337 7808
5337 8034
5337 8840
5337 9253
5337 9915
5337 10158
5337 11271
5337 12087
5338 5649
5338 5737
5338 7353
5338 8611
5338 8653
5338 10697
5338 10990
5338 12355
5338 12405
5339 5416
5339 5985
5339 6809
5339 7899
5339 8854
5339 11219
5339 11598
5340 6238
5340 6635
5340 7549
5340 8993
5340 10233
5340 11545
5340 12374
5341 5639
5341 6505
5341 6613
5341 7262
5341 7799
5341 8317
5341 8519
5341 9061
5341 11528
5342 5695
5342 7762
5342 7763
5342 8108
5342 8501
5342 8804
5342 9919
5342 10864
5342 10907
5342 10944
5342 11096
5342 11424
5342 12414
5343 5534
5343 7329
5343 7831
5343 11497
5344 5590
5344 6138
5344 6611
5344 7344
5344 10081
5344 10762
5344 11227
5345 5719
5345 6908
5345 7064
5345 9128
5345 9133
5345 9232
5345 10087
5346 7535
5346 7682
5346 8444
5346 9639
5346 10272
5346 10354
5346 10840
5346 11400
5347 6608
5347 6720
5347 7807
5347 7918
5347 11905
5347 12462
5348 6150
5348 7965
5348 8405
5348 9451
5348 11222
5348 11781
5349 6698
5349 6861
5349 7333
5349 9108
5349 9829
5349 10182
5349 10277
5349 10821
5350 6629
5350 6762
5350 7035
5350 7612
5350 7809
5350 7817
5350 7830
5350 7962
5350 8340
5350 8351
5350 8930
5350 9664
5350 10240
5351 6414
5351 6441
5351 6452
5351 9541
5351 10060
5351 11073
5352 5632
5352 6313
5352 8196
5352 11607
5352 11639
5352 11852
5352 12259
5352 12440
5353 6549
5353 7304
5353 8730
5353 8788
5353 8833
5353 10661
5353 10679
5353 12455
5354 7702
5355 5437
5355 5474
5355 6040
5355 7580
5355 11627
5355 11653
5356 5759
5356 5996
5356 6416
5356 7327
5356 7453
5356 7462
5356 8547
5356 8861
5356 8948
5356 9174
5356 9458
5357 6500
5357 7302
5357 10667
5357 11019
5357 11631
5358 5785
5358 5961
5358 11656
5359 5364
5359 5688
5359 6421
5359 6438
5359 6442
5359 6664
5359 6818
5359 7311
5359 9539
5359 10275
5359 10458
5359 10573
5359 10616
5359 11035
5359 11679
5359 12174
5360 5806
5360 7359
5360 8235
5360 8518
5360 9798
5360 11730
5360 11810
5360 12239
5360 12268
5361 5500
5361 6253
5361 6400
5361 7704
5361 8231
5361 8640
5361 8911
5361 9486
5361 9602
5361 10469
5361 10626
5361 12250
5362 5642
5362 5826
5362 6426
5362 6512
5362 7220
5362 9153
5362 9461
5362 9597
5363 8433
5363 8529
5363 8648
5363 9221
5363 10409
5364 5519
5364 5591
5364 6442
5364 6507
5364 7731
5364 8396
5364 8808
5364 8812
5364 9275
5364 10992
5364 11679
5365 6153
5365 6691
5365 7642
5365 8852
5365 8903
5365 11041
5366 6474
5366 7009
5366 7016
5366 7825
5366 7936
5366 7955
5366 8659
5366 9025
5366 9086
5366 10119
5366 10125
5366 11273
5366 12454
5367 8134
5367 8872
5367 8902
5367 9318
5367 9422
5367 9999
5368 5535
5368 6218
5368 6722
5368 7057
5368 7504
5368 7631
5368 8066
5368 9408
5368 9610
5368 11692
5369 5711
5369 8286
5369 8293
5369 9746
5369 11313
5369 11621
5370 5564
5370 5773
5370 6264
5370 6791
5370 11151
5370 11193
5370 11286
5370 11417
5370 11474
5370 11830
5370 12390
5371 5544
5371 7225
5371 9850
5371 10331
5371 11593
5371 11632
5372 5952
5372 6966
5372 9231
5372 9333
5372 10002
5372 12537
5373 6137
5373 7894
5373 8482
5373 8810
5373 9129
5373 10220
5373 10547
5373 10563
5373 10620
5373 10990
5373 11687
5374 5518
5374 5616
5374 6504
5374 6855
5374 7721
5374 9576
5374 9989
5374 10493
5374 10583
5374 11243
5374 12237
5375 5945
5375 6106
5375 6657
5375 7047
5375 8244
5375 8656
5375 9050
5375 9265
5375 11154
5375 11185
5375 11441
5375 11680
5375 11842
5375 12234
5375 12661
5376 6160
5376 6523
5376 6968
5376 9087
5376 9396
5376 10459
5376 11907
5376 11909
5376 12085
5377 5767
5377 5803
5377 6302
5377 7940
5377 10484
5377 11110
5377 11498
5378 9537
5378 9598
5378 10444
5378 10540
5378 10984
5378 11346
5378 11383
5378 11468
5378 12523
5379 5651
5379 6029
5379 6678
5379 6961
5379 10938
5379 11407
5379 11940
5380 6166
5380 7200
5380 8190
5380 8261
5380 9582
5380 9779
5380 10424
5380 10452
5380 10465
5380 10548
5380 11172
5381 6395
5381 9959
5381 11492
5381 12542
5382 5830
5382 6017
5382 6259
5382 6471
5382 6990
5382 7778
5382 8241
5382 8548
5382 8735
5382 9269
5382 9778
5382 12648
5383 6144
5383 6413
5383 8401
5383 10627
5383 10865
5383 10931
5383 11346
5383 12383
5384 8918
5384 9882
5384 10872
5384 10888
5384 10940
5384 11309
5384 11375
5384 11435
5384 12484
5384 12625
5385 5439
5385 6211
5385 8307
5385 9442
5385 9641
5385 9727
5385 10695
5385 11732
5386 6527
5386 7132
5386 8240
5386 9553
5386 10113
5386 10780
5386 11945
5386 12504
5387 5657
5387 5815
5387 7253
5387 9272
5387 10062
5388 5389
5388 6013
5388 6049
5388 6774
5388 6793
5388 9095
5388 9469
5388 9608
5388 10329
5388 11758
5389 5573
5389 5913
5389 6013
5389 6049
5389 6793
5389 8367
5389 8786
5389 9469
5389 10595
5389 10744
5390 5557
5390 5904
5390 6042
5390 6494
5390 6540
5390 9350
5390 9391
5390 9420
5390 10760
5391 6477
5391 6866
5391 6938
5391 7163
5391 7999
5391 9506
5391 9929
5391 9964
5391 10094
5392 6112
5392 6221
5392 6332
5392 7855
5392 9322
5392 10386
5392 10652
5392 12125
5392 12181
5392 12531
5393 5625
5393 5686
5393 7212
5393 7988
5393 8007
5393 10428
5393 11249
5393 11398
5393 12208
5394 6394
5394 6480
5394 6508
5394 7283
5394 8814
5394 10018
5394 10111
5394 11514
5394 11675
5395 5469
5395 5472
5395 6060
5395 7194
5395 7991
5395 9386
5395 9912
5395 10064
5395 10147
5396 5398
5396 6165
5396 6299
5396 6374
5396 7675
5396 9393
5396 9397
5396 9757
5396 10723
5396 10773
5397 6536
5397 6611
5397 7565
5397 9603
5397 9678
5397 10077
5397 11629
5398 6299
5398 9224
5398 9397
5398 9513
5398 9757
5399 5644
5399 5728
5399 5849
5399 6770
5399 10114
5399 11198
5399 11753
5399 11934
5400 5990
5400 6170
5400 6846
5400 7792
5400 7873
5400 9973
5400 10141
5401 6363
5401 8326
5401 8429
5401 8647
5401 9373
5401 10019
5401 10187
5401 10598
5401 11015
5401 11106
5401 11476
5401 12662
5402 5472
5402 6175
5402 8032
5402 10147
5403 7574
5403 9259
5403 9463
5403 11493
5404 5533
5404 6379
5404 6526
5404 7550
5404 8214
5404 9177
5404 9312
5404 10023
5404 10078
5404 11615
5405 6467
5405 7274
5405 8442
5405 8648
5405 9240
5405 10059
5405 10653
5405 11218
5406 6115
5406 9309
5406 12210
5407 6159
5407 7003
5407 7083
5407 7956
5407 7975
5407 8554
5407 8574
5407 9179
5407 10209
5407 11566
5407 12076
5408 5444
5408 6501
5408 6617
5408 7102
5408 8370
5408 9175
5408 9314
5408 10785
5408 11599
5409 5411
5409 5755
5409 6181
5409 6867
5409 7330
5409 7473
5409 7764
5409 7771
5409 8034
5409 9227
5409 9915
5409 10158
5410 5411
5412 5658
5412 6300
5412 7301
5413 6519
5413 8444
5413 9078
5413 10232
5413 10272
5413 10677
5414 6046
5414 7639
5414 8177
5414 9052
5414 9125
5414 9262
5414 9387
5414 10607
5415 5533
5415 6701
5415 8214
5415 8301
5415 9763
5415 10153
5416 6809
5416 6810
5416 7120
5416 7404
5416 7405
5416 7899
5416 8854
5416 9530
5416 11219
5416 11909
5417 5644
5417 5728
5417 5780
5417 5849
5417 6973
5417 7286
5417 7514
5417 9132
5417 10036
5417 10114
5417 10934
5417 11713
5418 5573
5418 7106
5418 8333
5418 8367
5418 8660
5418 9561
5418 10595
5419 5922
5419 6046
5419 7254
5419 7733
5419 7908
5419 8177
5419 9129
5419 9262
5419 11249
5419 11490
5420 6960
5420 7499
5420 9974
5420 10559
5420 10908
5420 11413
5420 12310
5421 5469
5421 6175
5421 7190
5421 7305
5421 9386
5422 5423
5422 5446
5422 5731
5422 7003
5422 7083
5422 7983
5422 11237
5422 12592
5423 5731
5423 7003
5423 7083
5423 7241
5423 9045
5423 11237
5423 12076
5423 12592
5424 6516
5424 6795
5424 8397
5424 9411
5424 10519
5424 11275
5424 11396
5425 5571
5425 6871
5425 7828
5425 8123
5425 8871
5425 9234
5425 9585
5425 9916
5425 10368
5425 10638
5425 10650
5425 11021
5425 11404
5425 11897
5426 6876
5426 9813
5426 10057
5427 8767
5427 9240
5427 9400
5427 9490
5427 9732
5427 10816
5427 11218
5427 11727
5427 12449
5428 7477
5428 8818
5428 8852
5428 9290
5428 10916
5429 6004
5429 6384
5429 6506
5429 7378
5429 9120
5430 6017
5430 6165
5430 6936
5430 7080
5430 9209
5430 9439
5430 12248
5431 5449
5431 6917
5431 8114
5432 6045
5432 9466
5432 9536
5432 10758
5432 11730
5433 5492
5433 5583
5433 6337
5433 6768
5433 6947
5433 7270
5433 8215
5433 8279
5433 8520
5433 8754
5433 9803
5433 9831
5433 10499
5433 11736
5433 12221
5434 6051
5434 7040
5434 7896
5434 8467
5434 8497
5434 10106
5434 10297
5434 10369
5434 10756
5434 12095
5435 5827
5435 5828
5435 6295
5435 9596
5435 11150
5435 12415
5436 6973
5436 8184
5436 9230
5437 5854
5437 8887
5437 11580
5437 11653
5437 11693
5437 12393
5438 5571
5438 6627
5438 7222
5438 8070
5438 8340
5438 8376
5438 9664
5438 9771
5438 9916
5438 9955
5438 10650
5439 6059
5439 6211
5439 6318
5439 6758
5439 9442
5439 9727
5439 9957
5439 10695
5439 10877
5439 11399
5440 5443
5440 5820
5440 7182
5440 8291
5440 8959
5440 9789
5440 10045
5440 10281
5440 11387
5440 11661
5440 12298
5440 12624
5441 6404
5441 6644
5441 6985
5441 7284
5441 7753
5441 8313
5441 9006
5441 10665
5441 11588
5441 11763
5441 12081
5441 12691
5442 5620
5442 6277
5442 6639
5442 6643
5442 6745
5442 7703
5442 7713
5442 7751
5442 9301
5442 9395
5442 9769
5442 10744
5443 5820
5443 7182
5443 8291
5443 8959
5443 9789
5443 10045
5443 10281
5443 11387
5444 6151
5444 7085
5444 7919
5444 8438
5444 9344
5444 9620
5444 10785
5444 11599
5445 5951
5445 6105
5445 6746
5445 6891
5445 7780
5445 7948
5445 8129
5445 8610
5445 8992
5445 9116
5445 9297
5445 9858
5445 10754
5446 5536
5446 7003
5446 7956
5446 7983
5446 8608
5446 9045
5446 10004
5446 11237
5447 6598
5447 7481
5447 7541
5447 8090
5447 8845
5447 10041
5447 10058
5447 11912
5447 12431
5448 6437
5448 7082
5448 7560
5448 8671
5448 9542
5448 10100
5448 10659
5448 10814
5448 11013
5449 6101
5449 6917
5449 7702
5449 8114
5449 9878
5450 7121
5450 7518
5450 7522
5450 7868
5450 8416
5450 8673
5450 9304
5450 11007
5450 11789
5451 5947
5451 6085
5451 7153
5451 7491
5451 8226
5451 9719
5451 11269
5452 5888
5452 6572
5452 9720
5452 9773
5452 10364
5452 10392
5453 6010
5453 6436
5453 7664
5453 9432
5453 9644
5453 9645
5453 9652
5453 9706
5453 10149
5453 10805
5454 6225
5454 6675
5454 7564
5454 7748
5454 8158
5454 9482
5454 9749
5454 10712
5454 10838
5455 6004
5455 6042
5455 6494
5455 9350
5455 9672
5455 10567
5456 6168
5456 7252
5456 7884
5456 9340
5456 10951
5456 11184
5456 12395
5456 12517
5457 7219
5457 9801
5457 10867
5457 10882
5457 10976
5457 11089
5457 11101
5458 5461
5458 7683
5458 7826
5458 8452
5458 9722
5458 10863
5458 11082
5458 11179
5459 8422
5459 10873
5459 11126
5459 12319
5460 5787
5460 6205
5460 8517
5460 10029
5460 10739
5460 10789
5460 10954
5460 11068
5460 11142
5460 11152
5460 11159
5460 11442
5460 11443
5460 12313
5460 12401
5461 8452
5461 11082
5461 11179
5462 5845
5462 5878
5462 6065
5462 6246
5462 6322
5462 6696
5462 6842
5462 6902
5462 9244
5462 9788
5462 11651
5462 12272
5463 5721
5463 6202
5463 10070
5463 10207
5463 10293
5463 10673
5463 10875
5463 11087
5464 5813
5464 5983
5464 7916
5464 9488
5464 10848
5464 10879
5464 11090
5464 11132
5464 12379
5464 12445
5465 6555
5465 6884
5465 7133
5465 9233
5465 10878
5465 10969
5465 11347
5466 6878
5466 7174
5466 8355
5466 9150
5466 10790
5466 10925
5467 6693
5467 6825
5467 8349
5467 8397
5467 8846
5467 9411
5467 9500
5467 10715
5467 11396
5467 11506
5468 5615
5468 6450
5468 6603
5468 6845
5468 7334
5468 8490
5468 9459
5468 10050
5468 10613
5469 5472
5469 6060
5469 7128
5469 7305
5469 7991
5469 9386
5469 9912
5470 5519
5470 10910
5470 11538
5471 6559
5471 7525
5472 9386
5472 9912
5473 5552
5473 5791
5473 7096
5473 7122
5473 7652
5473 8421
5473 8476
5473 8688
5473 9784
5473 9917
5473 11278
5473 11427
5473 12251
5473 12267
5474 5737
5474 8245
5474 11627
5474 11653
5474 11656
5475 6342
5475 6475
5475 9596
5475 9735
5475 10318
5475 10869
5475 11150
5475 11295
5475 12421
5476 8330
5476 8793
5476 9030
5476 10074
5476 10170
5476 11267
5476 11587
5476 12453
5476 12474
5477 8833
5477 9432
5477 9490
5477 11806
5477 12455
5478 5939
5478 6689
5478 11142
5478 11158
5478 11159
5478 11330
5478 11711
5479 5673
5479 5925
5479 5959
5479 6103
5479 7554
5479 8258
5479 11165
5479 11236
5479 11425
5479 11476
5480 6594
5480 6938
5480 8073
5480 9421
5480 9845
5480 9931
5480 10121
5480 10171
5480 12292
5481 5743
5481 7233
5481 8263
5481 8290
5481 8342
5481 8350
5481 8424
5481 8791
5481 10750
5482 7599
5482 7902
5482 8117
5482 8651
5482 10099
5482 10707
5482 10752
5483 6107
5483 6109
5483 7260
5483 7551
5483 8004
5483 9664
5483 9705
5483 9712
5483 11254
5483 12102
5484 5723
5484 8479
5484 11093
5484 11361
5484 12477
5485 9254
5485 9860
5485 9871
5485 10104
5485 10591
5485 10910
5485 12312
5486 7957
5486 10336
5486 11353
5486 12140
5486 12623
5487 6240
5487 6397
5487 6514
5487 6919
5487 7125
5487 7273
5487 8048
5487 8523
5487 8630
5487 9454
5487 11770
5488 5674
5488 5794
5488 5981
5488 6448
5488 6859
5488 7332
5488 7698
5488 9703
5488 10124
5488 11882
5489 5768
5489 6394
5489 6508
5489 7938
5489 8156
5489 8288
5489 8295
5489 8524
5489 9492
5489 9851
5489 10076
5489 10194
5489 10958
5489 12008
5490 6457
5490 7464
5490 7496
5490 8451
5490 9737
5490 9861
5490 12184
5491 6610
5491 6790
5491 7006
5491 8461
5491 8562
5491 8632
5491 9176
5491 9534
5491 9834
5491 11577
5491 12215
5491 12348
5492 5583
5492 6768
5492 6947
5492 8215
5492 8754
5492 9803
5492 10761
5492 11681
5492 12221
5493 6169
5493 6182
5493 7558
5493 7666
5493 9752
5493 9758
5493 10385
5493 10405
5493 11289
5493 11575
5494 5666
5494 9511
5494 9595
5494 10759
5495 5846
5495 7152
5495 7772
5495 8338
5495 8567
5495 8586
5495 9362
5495 10718
5496 5915
5496 5928
5496 7382
5496 8590
5496 8715
5496 12335
5497 5781
5497 6276
5497 6309
5497 8479
5497 9667
5497 11361
5497 11595
5498 7758
5498 9653
5498 10520
5498 10678
5498 10803
5498 12093
5499 6941
5499 8796
5499 8849
5499 9032
5499 10648
5499 10819
5499 11267
5500 6253
5500 6407
5500 7997
5500 9130
5500 10469
5500 12250
5501 5908
5501 6069
5501 6398
5501 7774
5501 7926
5501 7943
5501 8526
5501 10212
5501 10217
5502 5575
5502 5607
5502 8867
5502 9145
5502 9671
5502 9745
5502 10660
5503 5508
5503 9497
5503 11558
5504 6127
5504 7036
5504 7241
5504 8007
5504 8748
5504 9007
5504 9293
5504 10026
5504 10575
5504 11398
5504 11691
5504 12121
5504 12208
5504 12263
5505 7168
5505 7280
5505 9474
5505 9507
5505 9926
5505 10086
5506 7544
5506 7820
5506 8093
5506 8404
5506 8712
5506 11386
5506 11394
5506 11863
5506 11917
5506 11924
5506 12573
5507 6536
5507 9100
5507 9126
5507 9678
5507 11813
5507 11814
5507 11816
5508 5702
5508 6917
5508 9497
5508 11558
5509 5745
5509 5865
5509 7498
5509 8299
5509 8750
5509 9264
5509 9444
5509 10683
5509 11115
5509 11718
5510 6041
5510 6308
5510 7162
5510 11463
5510 12375
5511 6260
5511 6372
5511 6961
5511 7939
5511 8787
5511 9378
5511 9460
5511 10641
5511 11407
5511 11825
5511 11971
5511 11993
5511 12467
5512 5637
5512 5875
5512 6654
5512 7781
5512 8276
5512 8368
5512 8494
5512 8595
5512 8701
5512 9193
5512 9750
5512 10547
5513 6811
5513 7240
5513 7494
5513 7649
5513 8093
5513 8995
5513 9478
5513 9535
5513 10204
5513 10485
5513 11838
5514 6447
5514 6763
5514 7839
5514 8630
5514 9385
5514 12597
5514 12617
5515 6280
5515 7121
5515 7349
5515 7389
5515 7832
5515 7953
5515 8916
5515 9110
5515 9304
5515 10195
5515 10304
5515 10430
5515 10842
5515 11215
5515 12109
5516 5984
5516 6631
5516 6691
5516 7644
5516 7728
5516 8400
5516 9508
5516 9510
5516 9626
5516 9903
5516 10778
5516 11300
5516 11795
5516 12325
5517 7219
5517 8434
5517 10855
5517 10871
5517 11089
5517 11101
5517 11600
5517 11677
5517 12303
5518 5933
5518 6001
5518 6930
5518 8020
5518 9576
5518 9989
5518 10493
5518 10583
5518 12035
5518 12237
5519 6442
5519 7371
5519 7731
5519 8396
5519 8808
5519 8812
5519 8882
5519 9254
5519 9860
5519 9871
5519 10104
5519 10910
5519 11748
5520 5720
5520 6191
5520 7636
5520 10735
5520 11641
5520 11665
5520 12295
5520 12664
5521 6037
5521 7639
5521 8251
5521 8692
5521 8752
5521 9052
5521 10866
5521 11420
5521 12307
5522 5789
5522 6670
5522 8429
5522 8474
5522 10187
5522 10858
5523 5882
5523 6865
5523 9745
5523 9861
5523 10716
5523 10810
5523 11222
5523 11856
5524 7337
5524 8029
5524 8118
5524 8248
5524 8475
5524 8996
5524 9622
5524 9696
5524 9826
5524 10046
5524 10164
5524 11104
5524 11556
5525 6163
5525 7752
5525 9535
5525 10274
5525 10648
5525 10819
5525 10915
5525 11284
5526 6829
5526 6882
5526 7145
5526 7941
5526 9400
5526 9741
5526 10549
5526 10550
5526 10636
5526 11234
5526 11749
5527 6158
5527 6237
5527 7973
5527 8124
5527 8885
5527 9502
5527 9934
5527 10300
5527 11610
5527 11633
5527 11897
5527 12122
5528 5874
5528 7119
5528 8101
5529 6076
5529 6232
5529 7168
5529 7280
5529 8484
5529 10407
5529 10711
5529 11318
5529 11422
5529 11499
5529 12616
5530 6245
5530 10553
5530 11343
5530 11712
5531 6020
5531 6782
5531 6849
5531 8428
5531 9721
5531 10373
5532 6188
5532 8605
5532 8967
5532 9015
5532 9203
5532 12199
5532 12685
5532 12687
5533 8214
5533 9158
5533 9763
5533 11615
5534 6552
5534 7236
5534 7329
5534 7831
5534 9574
5534 12367
5535 6722
5535 7057
5535 7631
5535 8303
5535 9408
5535 9417
5535 9610
5535 10369
5535 11692
5535 12095
5536 6435
5536 7003
5536 7459
5536 7718
5536 7956
5536 7983
5536 8608
5536 10004
5537 5541
5537 7143
5537 7719
5537 8346
5537 9084
5537 9483
5537 9976
5537 10057
5537 10319
5537 11039
5537 11504
5537 11715
5537 12338
5538 6578
5538 6717
5538 9079
5538 9270
5538 9586
5538 11728
5538 11859
5539 7292
5539 7693
5539 7734
5539 10390
5539 10794
5539 12119
5539 12194
5540 6136
5540 6803
5540 7031
5540 7470
5540 7663
5540 7838
5540 8308
5540 8451
5540 9263
5540 9494
5540 10826
5540 11008
5541 6822
5541 7143
5541 7943
5541 7992
5541 8346
5541 8525
5541 8526
5541 9187
5541 9483
5541 9976
5541 10644
5541 11504
5541 11642
5542 7259
5542 7518
5542 7522
5542 7531
5542 7978
5542 8128
5542 8416
5542 10133
5542 11007
5542 11789
5542 12135
5543 6113
5543 7049
5543 7455
5543 8055
5543 8195
5543 8801
5543 8897
5543 9116
5543 9208
5543 11794
5544 6943
5544 7225
5544 8347
5544 9850
5544 9985
5544 10331
5544 10387
5544 10596
5544 11918
5544 12124
5545 9756
5545 9790
5545 10353
5545 10474
5545 11034
5546 5572
5546 6912
5546 9524
5546 9885
5546 11961
5547 5626
5547 6147
5547 6946
5547 7442
5547 7775
5547 8372
5547 8497
5547 8779
5547 8870
5547 9888
5547 10263
5547 10289
5547 10399
5547 11799
5548 5754
5548 7124
5548 8468
5548 11041
5549 8271
5549 8423
5549 10139
5549 10962
5549 11079
5549 12664
5550 5919
5550 6148
5550 6781
5550 7890
5550 8145
5550 8794
5550 8809
5550 8889
5550 9935
5550 10689
5550 11195
5551 6205
5551 7092
5551 7149
5551 7622
5551 8720
5551 8990
5551 9049
5551 9284
5551 9316
5551 9424
5551 9810
5551 11094
5551 12398
5551 12640
5552 6957
5552 7652
5552 8421
5552 8688
5552 9152
5552 9784
5552 9846
5552 10688
5552 10736
5552 11427
5552 12233
5553 6401
5553 7413
5553 8360
5553 8510
5553 9162
5553 9261
5553 10112
5554 5909
5554 6030
5554 6969
5554 8300
5554 8320
5554 8914
5554 9652
5554 9793
5554 10270
5554 11389
5554 11744
5555 6249
5555 6513
5555 6876
5555 7669
5555 7764
5555 8772
5555 10413
5556 6982
5556 7205
5556 7662
5556 7829
5556 8431
5556 9560
5556 11704
5556 11862
5556 12236
5556 12450
5557 5904
5557 8443
5557 10075
5557 10491
5557 10497
5557 10498
5557 10538
5557 10880
5557 11323
5557 11748
5558 5932
5558 6244
5558 8314
5558 8391
5558 9509
5558 9923
5558 11197
5558 11291
5559 5898
5559 5945
5559 6090
5559 6657
5559 7402
5559 8210
5559 8803
5559 9913
5559 10162
5559 11441
5560 6190
5560 6567
5560 6983
5560 8383
5560 10799
5560 10922
5560 11581
5561 5909
5561 6718
5561 6969
5561 7678
5561 9652
5561 10228
5561 11744
5561 12455
5562 7326
5562 7927
5562 9106
5562 9279
5562 10044
5562 11045
5562 11048
5562 11900
5562 11939
5562 12253
5562 12441
5563 6047
5563 6048
5563 6228
5563 8259
5563 8391
5563 9517
5563 9923
5563 11287
5563 11501
5564 5894
5564 10134
5564 11100
5564 11418
5564 11474
5564 11562
5564 11830
5564 12390
5564 12609
5565 5581
5565 5783
5565 5936
5565 5937
5565 6220
5565 6269
5565 7207
5565 7474
5565 7635
5565 8599
5565 9049
5565 9057
5566 6217
5566 6943
5566 8032
5566 9578
5566 10387
5566 10596
5567 5568
5567 5711
5567 5900
5567 8286
5567 8478
5567 8880
5567 9515
5567 11128
5567 11294
5567 11313
5568 6049
5568 6228
5568 8880
5568 9512
5568 9515
5568 11135
5568 11287
5568 11294
5568 11501
5569 5664
5569 6081
5569 7534
5569 8459
5569 9988
5569 11931
5570 6008
5570 6393
5570 7017
5570 7034
5570 7535
5570 7706
5570 7797
5570 8749
5570 10473
5570 11617
5570 11906
5570 11987
5570 12254
5571 6627
5571 7222
5571 7828
5571 8070
5571 8123
5571 8340
5571 8825
5571 8871
5571 9916
5571 9955
5571 10638
5571 10650
5571 11897
5572 6737
5572 7365
5572 7529
5572 8292
5572 9524
5572 9592
5572 9885
5572 10327
5573 6793
5573 7106
5573 7316
5573 7624
5573 8333
5573 8367
5573 8660
5573 10595
5573 11682
5574 6028
5574 6700
5574 7432
5574 8001
5574 8109
5574 9118
5574 9868
5574 9904
5574 10589
5574 10727
5574 11018
5574 12463
5574 12536
5574 12651
5575 5607
5575 6242
5575 6768
5575 8867
5575 9671
5575 9745
5575 9819
5575 10030
5575 10810
5576 6899
5576 10016
5576 12321
5577 5778
5577 5804
5577 8767
5577 9914
5577 9933
5577 10657
5577 11806
5578 5805
5578 6199
5578 6437
5578 6614
5578 7276
5578 8122
5578 8140
5578 9737
5578 9861
5578 10659
5578 10788
5578 11222
5578 12422
5579 5749
5579 8053
5579 8755
5579 9102
5579 10040
5579 10604
5579 10771
5579 11765
5579 11776
5579 12357
5579 12601
5579 12618
5579 12622
5579 12689
5580 7852
5580 7930
5580 8821
5580 10510
5580 11118
5580 12363
5581 5783
5581 5937
5581 6269
5581 7207
5581 7635
5581 8533
5581 8599
5581 9049
5581 9435
5581 11047
5581 11125
5581 11655
5581 11668
5582 6049
5582 8176
5582 8179
5582 8367
5582 9222
5582 9517
5582 9561
5582 10595
5582 11501
5583 5911
5583 6768
5583 8215
5583 8321
5583 8693
5583 9583
5583 9672
5583 12221
5584 5593
5584 7420
5584 8247
5584 8249
5584 8270
5584 8521
5584 8681
5584 8700
5584 8707
5584 9638
5584 10168
5584 12342
5585 5623
5585 5760
5585 6068
5585 7969
5585 8169
5585 9223
5586 5746
5586 6633
5586 6729
5586 7563
5587 5850
5587 6720
5587 6864
5587 7368
5587 7613
5587 7918
5587 8075
5587 8111
5587 8229
5587 8919
5587 9551
5587 10576
5587 10681
5587 11014
5587 11511
5587 12595
5588 6265
5588 6273
5588 6852
5588 7000
5588 7823
5588 8132
5588 8274
5588 8449
5588 8559
5588 8614
5588 8863
5588 9054
5588 9571
5588 9599
5588 9768
5588 9977
5588 12407
5589 7737
5589 8484
5589 8717
5589 8744
5589 9016
5589 9055
5589 11294
5589 11313
5589 11479
5589 11621
5589 12569
5589 12681
5590 6138
5590 6326
5590 7179
5590 7344
5590 9180
5590 10005
5590 10081
5590 10247
5590 10762
5590 11033
5590 11698
5590 12366
5591 6902
5591 7513
5591 7731
5591 8364
5591 8396
5591 8812
5591 10992
5591 11679
5592 6186
5592 6292
5592 6293
5592 8310
5592 8338
5592 8586
5592 8876
5592 9511
5592 10203
5592 10759
5592 11625
5593 7497
5593 8196
5593 8247
5593 8249
5593 8270
5593 8813
5594 6248
5594 7042
5594 7473
5594 7594
5594 8776
5594 10223
5594 10684
5595 9236
5595 9399
5596 6006
5596 6166
5596 6883
5596 8290
5596 9552
5596 9958
5597 5846
5597 5973
5597 7772
5597 9662
5597 10285
5597 10587
5597 10822
5597 11056
5598 5765
5598 6898
5598 7373
5598 7376
5598 8742
5598 8987
5598 10699
5598 11030
5598 11058
5598 12365
5599 6245
5599 8966
5599 9859
5599 10553
5599 10640
5599 11157
5599 11380
5599 11808
5599 12289
5599 12533
5599 12546
5599 12625
5600 6528
5600 6573
5600 9820
5600 10920
5601 5974
5601 8216
5601 9556
5601 10098
5601 11289
5601 12613
5602 6688
5602 9188
5602 10308
5602 10423
5602 11348
5602 12050
5602 12138
5602 12302
5602 12320
5603 7185
5603 7508
5603 8371
5603 9291
5603 9574
5603 9591
5603 10668
5603 10705
5603 11796
5604 5606
5604 6575
5604 7177
5604 7673
5604 8805
5604 9339
5604 9670
5604 9853
5604 10891
5604 11357
5605 6451
5605 6465
5605 8068
5605 8336
5605 9562
5605 9830
5605 10077
5605 11227
5606 6575
5606 7177
5606 8805
5606 9339
5606 9670
5606 10891
5606 11462
5607 6242
5607 6768
5607 8155
5607 8867
5607 9672
5607 9745
5607 10716
5607 10810
5608 7112
5608 8190
5608 9609
5608 9709
5608 10013
5608 10548
5608 11674
5608 12445
5609 6116
5609 6648
5609 6798
5609 7543
5609 8074
5609 8192
5609 8949
5609 10555
5609 11579
5609 12564
5610 5689
5610 10169
5610 10238
5610 10934
5610 11618
5611 6443
5611 6450
5611 7157
5611 7434
5611 9459
5611 11502
5612 6859
5612 7021
5612 7698
5612 9240
5612 9448
5612 9519
5612 10816
5612 11038
5612 11911
5613 5615
5613 6906
5613 7571
5613 9965
5613 10093
5614 6458
5614 6593
5614 8383
5614 9575
5614 11522
5614 11574
5614 11581
5614 11650
5614 12183
5615 6906
5615 7519
5615 9459
5615 10608
5615 11547
5616 6945
5616 7721
5616 8815
5616 9576
5616 10095
5616 10631
5617 6135
5617 6140
5617 6181
5617 7054
5617 9227
5617 9253
5617 9624
5617 9915
5617 10529
5617 10611
5617 11540
5618 10167
5618 11537
5619 6460
5619 6609
5619 6644
5619 7570
5619 8044
5619 8499
5619 8756
5619 9006
5619 11763
5619 12692
5620 6604
5620 6643
5620 6793
5620 7703
5620 7713
5620 7989
5620 9395
5621 6136
5621 6421
5621 6438
5621 6664
5621 6802
5621 9083
5621 10275
5621 12142
5622 7356
5622 8494
5622 8584
5622 8738
5622 8986
5622 10620
5622 11031
5623 5760
5623 6068
5623 7406
5623 7969
5623 8169
5623 9950
5623 11842
5624 5801
5624 5926
5624 6422
5624 6935
5624 9405
5624 9922
5624 10411
5624 11129
5625 8007
5625 8509
5625 9021
5625 9112
5625 9199
5625 10428
5625 12129
5626 6453
5626 6946
5626 7057
5626 7442
5626 8870
5626 9665
5626 9888
5626 11692
5627 8153
5627 8998
5627 9562
5627 10250
5627 10932
5627 12341
5628 6094
5628 6386
5628 11433
5629 6765
5629 7433
5629 7961
5629 10259
5629 11248
5629 12345
5630 5897
5630 6461
5630 6613
5630 8495
5630 8519
5630 8601
5630 8990
5630 9424
5630 9435
5630 11130
5630 11251
5630 11672
5630 12640
5631 7086
5631 7249
5631 9114
5631 9137
5631 10489
5631 11145
5632 6074
5632 7909
5632 8302
5632 8826
5632 11852
5633 7572
5633 11800
5634 5803
5634 6604
5634 6626
5634 7006
5634 8246
5634 9165
5634 10484
5635 5797
5635 6479
5635 6579
5635 8918
5635 9882
5635 10559
5635 10669
5635 11146
5636 6268
5636 7267
5636 8185
5636 8806
5636 10508
5636 11204
5636 11695
5637 7012
5637 8595
5637 8626
5637 8701
5637 9193
5637 12368
5637 12555
5638 6288
5638 7756
5638 8514
5638 8703
5638 8937
5638 8970
5638 9019
5638 10248
5638 10812
5638 11814
5638 11816
5639 5930
5639 6613
5639 7097
5639 7103
5639 7799
5639 8141
5639 8317
5639 8519
5639 8713
5639 8990
5639 9424
5639 10835
5639 11094
5639 12202
5639 12401
5640 5667
5640 6305
5640 8951
5640 9349
5640 9495
5640 9967
5641 9674
5641 10763
5641 11040
5641 11850
5642 5826
5642 6426
5642 6512
5642 6675
5642 7220
5642 7748
5642 8158
5642 9153
5642 9461
5642 9597
5643 6965
5643 7107
5643 7189
5643 7593
5643 7729
5643 9188
5643 9808
5643 10569
5643 10827
5644 5728
5644 7514
5644 8740
5644 9498
5644 10114
5644 11198
5644 11858
5645 6808
5645 7532
5645 8881
5645 9302
5645 10877
5645 10914
5646 5783
5646 8533
5646 9921
5646 12394
5647 6145
5647 8589
5647 8762
5647 8994
5647 11286
5647 11288
5647 11417
5647 12432
5648 6369
5648 8593
5648 8727
5648 9758
5648 10405
5648 11162
5648 11208
5648 12385
5648 12387
5649 5737
5649 6137
5649 10210
5649 10697
5649 11535
5650 6325
5650 6692
5650 8782
5651 6961
5651 11407
5652 6119
5652 6135
5652 6181
5652 9409
5652 9883
5652 10466
5653 8943
5653 9037
5653 12672
5654 7275
5654 7536
5654 8454
5654 9196
5654 10185
5654 10253
5654 10798
5654 12326
5655 8877
5655 9533
5655 10074
5655 10252
5655 10469
5655 11694
5656 6447
5656 6763
5656 7520
5656 8121
5656 9266
5656 9385
5656 10288
5656 10435
5656 11839
5657 5997
5657 6707
5657 7617
5657 9374
5658 5848
5658 6432
5658 9718
5658 10415
5658 11547
5659 5699
5659 6060
5659 7305
5659 7777
5659 7795
5659 7991
5659 9128
5659 11792
5660 6297
5660 6683
5660 7359
5660 7467
5660 8518
5660 8729
5660 8947
5660 9798
5660 9799
5660 10024
5660 10572
5661 9076
5661 9949
5662 6419
5662 6854
5662 7930
5662 9132
5662 9289
5662 9628
5662 11024
5663 6026
5663 6112
5663 6332
5663 6525
5663 6710
5663 10386
5663 11241
5663 12030
5663 12334
5664 6081
5664 6454
5664 7231
5664 7534
5664 7603
5664 8459
5664 9085
5664 10286
5664 10566
5665 5772
5665 5931
5665 9640
5665 9818
5665 10010
5665 10191
5665 10893
5665 10965
5665 12631
5666 6216
5666 9215
5666 9511
5666 9595
5666 9627
5666 10759
5666 11561
5666 12230
5667 6980
5667 8724
5667 9495
5668 5766
5668 6261
5668 6556
5668 6630
5668 6894
5668 7945
5668 8091
5668 8576
5668 8768
5668 8936
5668 9346
5668 11532
5668 12602
5669 5713
5669 5898
5669 5934
5669 6358
5669 8223
5669 8535
5669 8721
5669 11075
5669 11095
5669 11098
5669 11127
5669 11191
5669 12282
5669 12616
5670 6620
5670 7357
5670 7505
5670 7689
5670 8086
5670 10605
5670 11646
5670 11658
5671 5943
5671 6807
5671 8618
5671 9356
5671 11163
5671 11167
5671 11182
5671 11802
5671 12620
5671 12660
5671 12678
5672 6551
5672 6804
5672 7835
5672 8021
5672 8366
5672 8570
5672 9163
5672 9961
5672 10803
5672 10825
5672 11114
5672 11881
5672 12173
5672 12666
5673 5893
5673 5925
5673 5940
5673 6103
5673 8729
5673 11106
5673 11236
5673 11476
5673 12662
5674 5794
5674 5981
5674 6218
5674 7332
5674 9408
5674 11886
5675 6949
5675 7589
5675 9159
5675 9225
5676 5928
5676 5959
5676 6342
5676 6369
5676 7126
5676 9012
5676 10135
5676 10745
5676 10746
5676 11106
5676 11596
5676 12385
5676 12387
5676 12391
5676 12421
5677 7035
5677 7234
5677 8115
5677 9443
5677 9827
5677 10305
5677 11216
5677 11536
5677 11745
5678 8256
5678 9142
5678 9557
5678 10166
5678 11515
5679 7302
5679 8078
5679 10667
5680 8294
5680 9077
5680 9213
5680 9306
5680 10406
5680 10737
5680 11050
5681 6201
5681 6268
5681 6532
5681 6662
5681 6820
5681 8645
5681 9473
5681 9836
5681 10224
5681 11606
5681 11706
5681 12255
5682 6161
5682 6871
5682 6877
5682 7796
5682 7828
5682 7881
5682 8147
5682 8871
5682 10638
5682 11021
5682 11044
5682 11071
5682 11683
5683 9220
5683 9412
5683 9545
5683 9932
5683 10180
5683 10425
5683 10615
5683 11699
5683 12362
5684 5986
5684 6778
5684 9538
5684 9907
5684 10196
5684 10490
5684 11304
5684 11321
5684 11446
5684 11697
5684 12318
5685 6002
5685 8331
5685 11036
5685 11492
5685 12005
5685 12183
5685 12525
5685 12626
5686 6251
5686 7212
5686 7988
5686 10428
5686 10628
5686 11049
5686 11249
5687 6703
5687 7062
5687 9935
5687 10408
5687 10696
5687 10738
5687 10807
5687 11393
5687 11618
5688 6507
5688 9910
5688 10458
5688 10481
5688 10616
5688 11035
5688 11432
5688 11437
5688 11679
5688 11955
5689 6009
5689 9186
5689 9838
5689 10169
5689 10238
5689 10696
5689 11003
5689 11618
5690 7041
5690 7860
5690 8836
5690 8874
5690 11857
5690 12550
5691 6775
5691 6894
5691 7251
5691 7767
5691 7861
5691 8395
5691 8466
5691 8638
5691 8797
5691 8890
5691 8936
5691 10418
5691 11480
5691 12101
5691 12161
5691 12249
5691 12273
5692 6222
5692 6552
5692 6892
5692 7508
5692 7934
5692 8675
5692 8847
5692 8883
5692 9591
5692 10682
5692 11796
5692 12367
5693 6858
5693 8305
5693 9659
5693 10420
5693 10996
5693 11757
5693 11849
5694 7178
5694 8189
5694 10496
5694 10946
5694 11332
5694 11426
5695 7762
5695 7763
5695 8501
5695 8804
5695 9389
5695 11841
5696 6316
5696 7595
5696 8505
5696 8791
5696 9065
5696 10156
5696 11272
5697 6914
5697 6928
5697 7414
5697 8856
5697 9268
5697 9669
5697 9748
5697 11575
5698 5776
5698 5907
5698 7479
5698 8511
5698 8940
5698 11666
5699 7128
5699 7305
5699 7777
5699 7991
5699 9128
5699 9232
5699 10923
5699 11762
5699 11792
5700 6572
5700 8264
5700 9974
5700 10314
5701 6018
5701 6179
5701 7558
5701 9160
5701 11757
5702 6917
5702 6951
5702 7380
5702 11558
5703 5745
5703 6189
5703 6858
5703 6893
5703 8357
5703 8806
5703 8923
5703 9264
5703 9998
5703 10683
5703 11245
5703 11695
5703 11849
5704 7669
5704 9207
5704 11039
5705 5775
5705 6177
5705 7287
5705 8359
5705 8603
5705 8740
5705 8746
5705 9630
5705 9689
5705 11029
5705 11107
5705 11119
5705 11166
5705 11198
5705 12347
5706 6316
5706 6353
5706 6520
5706 6817
5706 8342
5706 8505
5706 9033
5706 9415
5706 10419
5706 10457
5706 12464
5707 5899
5707 5903
5707 7033
5707 7415
5707 8741
5707 8909
5707 9013
5707 9563
5707 11460
5707 11517
5707 11625
5707 12680
5708 6394
5708 6480
5708 7649
5708 7938
5708 8288
5708 9478
5709 6183
5709 9239
5709 9434
5710 5856
5710 5860
5710 5885
5710 6307
5710 8489
5710 9166
5710 10489
5710 10731
5710 11122
5710 12203
5710 12228
5710 12307
5711 8286
5711 8478
5711 8880
5711 9515
5711 11128
5711 11313
5712 5784
5712 5899
5712 5927
5712 7493
5712 7793
5712 8606
5712 9563
5712 9611
5712 11190
5713 6357
5713 7206
5713 7670
5713 8223
5713 8535
5713 12282
5713 12616
5714 5798
5714 5949
5714 8224
5714 8757
5714 9050
5714 11002
5714 11441
5714 12404
5714 12567
5714 12663
5715 6571
5715 6770
5715 8430
5715 9838
5715 9840
5715 11003
5715 11121
5715 11198
5715 11934
5716 5718
5716 5788
5716 8432
5716 8687
5716 10701
5716 12322
5717 5777
5717 6361
5717 7270
5717 8520
5717 9803
5717 9831
5717 10151
5717 11475
5717 12382
5717 12404
5718 5788
5718 7650
5718 8432
5718 8687
5718 9426
5718 10136
5718 10701
5718 12661
5719 6376
5719 6622
5719 6908
5719 7766
5719 7795
5719 9128
5719 9232
5719 10630
5719 11792
5719 12022
5720 6726
5720 7579
5720 7636
5720 7904
5720 10735
5720 11641
5720 12295
5721 10070
5721 10293
5721 10862
5721 11087
5721 11120
5722 5880
5722 6831
5722 8912
5722 9622
5722 9918
5722 9966
5722 10234
5722 10292
5722 10375
5722 11659
5722 12279
5722 12339
5723 6585
5723 7277
5723 7900
5723 8479
5723 11361
5723 11595
5723 12477
5724 7123
5724 7584
5724 8240
5724 9363
5724 10022
5724 10103
5724 10113
5724 10157
5724 10215
5724 10505
5724 10531
5725 5885
5725 6828
5725 8406
5725 9354
5725 9911
5725 9945
5725 10884
5726 5877
5726 7141
5726 7853
5726 7874
5726 7892
5726 8881
5726 9294
5726 9795
5726 9796
5726 9901
5726 10097
5726 11891
5726 11938
5726 12014
5727 5814
5727 6034
5727 7379
5727 8917
5727 9806
5727 11597
5728 6230
5728 6275
5728 6311
5728 6993
5728 7514
5728 8739
5728 8740
5728 10114
5728 11198
5728 11858
5729 5861
5729 5942
5729 6206
5729 6272
5729 6312
5729 7668
5729 8445
5729 8456
5729 8534
5729 8542
5729 8684
5729 8717
5729 8745
5729 9470
5729 11197
5729 11291
5729 11477
5729 11645
5729 11754
5729 12204
5729 12205
5729 12258
5729 12386
5729 12676
5730 6071
5730 6335
5730 7488
5730 8616
5730 8667
5730 9019
5730 9122
5730 10812
5730 11057
5730 12672
5731 6064
5731 7003
5731 7083
5731 7539
5731 7773
5731 7983
5731 8462
5731 8549
5731 9447
5731 9802
5731 10179
5732 6250
5732 7489
5732 7542
5732 7657
5732 8562
5732 8583
5732 8629
5732 8632
5732 8733
5732 11577
5733 5829
5733 5972
5733 6082
5733 8116
5733 8457
5733 8583
5733 9289
5733 9948
5733 9991
5733 10109
5733 10728
5733 11265
5733 11713
5734 5879
5734 6232
5734 6310
5734 8316
5734 8484
5734 11095
5734 11127
5734 11191
5734 11318
5734 12282
5734 12616
5735 6337
5735 7567
5735 8321
5735 8520
5735 8710
5735 11137
5735 11189
5735 11475
5735 12389
5735 12663
5736 8517
5736 8795
5736 9759
5736 9892
5736 10416
5736 10467
5736 10672
5736 10885
5736 10954
5737 6137
5737 7515
5737 8245
5737 8625
5737 10210
5737 10697
5737 10990
5737 11535
5737 11656
5737 12405
5738 6382
5738 6653
5738 9192
5738 9613
5738 9743
5738 10660
5738 11027
5738 11771
5739 5753
5739 5833
5739 6760
5739 7794
5739 9682
5740 6837
5740 7727
5740 7914
5740 8765
5740 9075
5740 9184
5740 11592
5740 11678
5741 6249
5741 7473
5741 7492
5741 7764
5741 8266
5741 8636
5741 10023
5741 10562
5741 10684
5741 12572
5742 5803
5742 7940
5742 9000
5742 9272
5742 10062
5742 11110
5743 6521
5743 7142
5743 7233
5743 8162
5743 8263
5743 8290
5743 8342
5743 9640
5743 9723
5744 6719
5744 6831
5744 7015
5744 7115
5744 8920
5744 9633
5744 9725
5745 5865
5745 6858
5745 8750
5745 8923
5745 9264
5745 10683
5745 11115
5745 11718
5745 11849
5746 6565
5746 6633
5746 6729
5746 7563
5746 8532
5746 9210
5746 9211
5746 9267
5746 9428
5747 5840
5747 6021
5747 6267
5747 6399
5747 6469
5747 6585
5747 6599
5747 6832
5747 7408
5747 7469
5747 8205
5747 9168
5747 9380
5747 10205
5747 11591
5748 6309
5748 7146
5748 7619
5748 8691
5748 11127
5748 11131
5748 11164
5749 8627
5749 10604
5749 10771
5749 11776
5749 12622
5749 12689
5750 5765
5750 5822
5750 7373
5750 8560
5750 8580
5750 8581
5750 8742
5750 8987
5751 5944
5751 5960
5751 6449
5751 8426
5751 10943
5751 10957
5751 11081
5751 11087
5751 11181
5751 12396
5751 12458
5752 5923
5752 6967
5752 7511
5752 9096
5752 9357
5752 9746
5752 11518
5752 12225
5753 6689
5753 6760
5753 7794
5753 11142
5754 6285
5754 6932
5754 7124
5754 7827
5754 7982
5754 8369
5754 9632
5754 9815
5754 10277
5754 11614
5754 11673
5754 11795
5754 12464
5755 5971
5755 6092
5755 6581
5755 6607
5755 6867
5755 7771
5755 7883
5755 7985
5755 9416
5755 9744
5755 10158
5755 10218
5755 11786
5756 5777
5756 6755
5756 7350
5756 7410
5756 7471
5756 7516
5756 8613
5756 8922
5756 8982
5756 11010
5756 11266
5757 7371
5757 7731
5757 8882
5757 9433
5757 9648
5757 10138
5757 11748
5758 5772
5758 5814
5758 7315
5758 11597
5758 11756
5759 6416
5759 7453
5759 8547
5759 8946
5759 9008
5759 9458
5759 9874
5760 6068
5760 6714
5760 7406
5760 7969
5760 9950
5760 10924
5760 11214
5761 6266
5761 8294
5761 8317
5761 8713
5761 9909
5761 11572
5761 12202
5761 12262
5762 5769
5762 7149
5762 7648
5762 8519
5762 9424
5762 9800
5762 10270
5763 6230
5763 6275
5763 6306
5763 6311
5763 6827
5763 12397
5764 6653
5764 6755
5764 7350
5764 7516
5764 8922
5764 8982
5764 9436
5765 5822
5765 7373
5765 7376
5765 8560
5765 8580
5765 8581
5765 8734
5765 8742
5765 8987
5765 10699
5765 11058
5765 12365
5766 8553
5766 8576
5766 8936
5766 9346
5766 10394
5766 12602
5767 5834
5767 6302
5767 6830
5767 8371
5767 8794
5767 8889
5767 9724
5767 9935
5767 10154
5767 10738
5767 11110
5767 11223
5767 11498
5768 5833
5768 6214
5768 6508
5768 8295
5768 9682
5768 10018
5768 10076
5768 11086
5768 11340
5768 11675
5769 6461
5769 7648
5769 8495
5769 8914
5769 9493
5769 11672
5770 5837
5770 5850
5770 7526
5770 9824
5770 9849
5770 10283
5771 7880
5771 8458
5771 9452
5771 10100
5771 10659
5771 10755
5771 11489
5771 12216
5771 12556
5772 5814
5772 6408
5772 6520
5772 7905
5772 8356
5772 9640
5772 11756
5773 6791
5773 8477
5773 8592
5773 10693
5773 11151
5773 11193
5773 11286
5773 11288
5773 11417
5773 12634
5774 9849
5775 5917
5775 6177
5775 6213
5775 6252
5775 6359
5775 8746
5775 11166
5775 12347
5775 12399
5776 5893
5776 5907
5776 5940
5776 6370
5776 7416
5776 7479
5776 8022
5776 8511
5776 8677
5776 8702
5776 8735
5776 8940
5776 9023
5776 11111
5776 11666
5776 12394
5776 12694
5777 6361
5777 7127
5777 7270
5777 7410
5777 7471
5777 7996
5777 8279
5777 8520
5777 8613
5777 8922
5777 8982
5777 12382
5777 12404
5777 12432
5778 6915
5778 7592
5778 8678
5778 9490
5778 9706
5778 10059
5778 11218
5778 11806
5779 5792
5779 5901
5779 9806
5779 11065
5780 5849
5780 7286
5780 9132
5780 10036
5780 10114
5780 10993
5780 11024
5781 5945
5781 5956
5781 6276
5781 6358
5781 10818
5781 11361
5781 11595
5782 6062
5782 6655
5782 8393
5782 8848
5782 11017
5782 11404
5782 12232
5782 12241
5782 12476
5782 12697
5783 5936
5783 5937
5783 5941
5783 6220
5783 7635
5783 8533
5783 9049
5783 9921
5783 11047
5783 11125
5783 11192
5783 11200
5783 12394
5783 12402
5784 5927
5784 8227
5784 8582
5784 8606
5784 9013
5784 9563
5784 9611
5784 12680
5785 5927
5785 5961
5785 6213
5785 8227
5785 8582
5785 8603
5785 8706
5785 8746
5785 9013
5785 9630
5785 11627
5785 12680
5786 8534
5786 8684
5786 9704
5786 11006
5786 11458
5786 12204
5786 12386
5787 5939
5787 6205
5787 6749
5787 6754
5787 6766
5787 7794
5787 8141
5787 8517
5787 9330
5787 10029
5787 10835
5787 11097
5787 11142
5787 11159
5787 12401
5787 12475
5788 5948
5788 8432
5788 9420
5788 10856
5788 12322
5788 12661
5789 8429
5789 8474
5789 10187
5789 10855
5789 10858
5789 10869
5789 10961
5789 11428
5789 11677
5789 12662
5790 5852
5790 6229
5790 6307
5790 7476
5790 8573
5790 9059
5790 11122
5790 12206
5790 12344
5791 7122
5791 8421
5791 8688
5791 9917
5791 10850
5791 10861
5791 11278
5791 11427
5791 12251
5791 12267
5792 5901
5792 8553
5792 9806
5792 10394
5792 11065
5793 5887
5793 5977
5793 5982
5793 7342
5793 11327
5793 11940
5794 5981
5794 6837
5794 7332
5794 7727
5794 7914
5794 8079
5794 9184
5794 9703
5794 10124
5794 11037
5794 11882
5795 6287
5795 7151
5795 7638
5795 7703
5795 7950
5795 8597
5795 10178
5795 12348
5795 12673
5796 7586
5796 7685
5796 8051
5796 8563
5796 8926
5796 8927
5796 9044
5796 10685
5796 11777
5796 12364
5796 12587
5796 12686
5797 6476
5797 6479
5797 8918
5797 8966
5797 9484
5797 9882
5797 10559
5797 11375
5797 12546
5798 5858
5798 5949
5798 6898
5798 7538
5798 8224
5798 8757
5798 12365
5798 12404
5798 12674
5799 5902
5799 5930
5799 7109
5799 7799
5799 8538
5799 8600
5799 8736
5799 8743
5799 9043
5799 10800
5799 12424
5799 12560
5800 8116
5800 8534
5800 8745
5800 8955
5800 10545
5800 11006
5800 11138
5800 11140
5800 11169
5800 12204
5800 12361
5800 12677
5801 5926
5801 6422
5801 6488
5801 7318
5801 8715
5801 8759
5801 9067
5801 9487
5801 9758
5801 10411
5801 11162
5801 12385
5801 12568
5802 8372
5802 8779
5802 8793
5802 8796
5802 9030
5802 9032
5802 9775
5802 10160
5802 10648
5802 11284
5803 7005
5803 7940
5803 8246
5803 9000
5803 10484
5803 11110
5803 11360
5804 5818
5804 8060
5804 8767
5804 9650
5804 9914
5804 9933
5804 10068
5804 10657
5804 11806
5805 6199
5805 6865
5805 7276
5805 7520
5805 8308
5805 8375
5805 8855
5805 8899
5805 9266
5805 9673
5805 9861
5806 6366
5806 7359
5806 7637
5806 7744
5806 8228
5806 8235
5806 8488
5806 8864
5806 11385
5806 11730
5806 11854
5806 12268
5807 6074
5807 6092
5807 6347
5807 6348
5807 7620
5807 7675
5807 8272
5807 8521
5807 9968
5807 10032
5807 10116
5807 10773
5808 7005
5808 7007
5808 7242
5808 8398
5808 9587
5808 10300
5809 6168
5809 8144
5809 9980
5809 10181
5809 10581
5809 11225
5809 11463
5810 5997
5810 7510
5810 8527
5810 9178
5810 10139
5810 11647
5810 12225
5811 9540
5811 10211
5811 10962
5811 10979
5811 11649
5811 11747
5812 7477
5812 8024
5812 9290
5812 11292
5812 11293
5812 11827
5812 12075
5813 5983
5813 6015
5813 7182
5813 7916
5813 8291
5813 9686
5813 9789
5813 10045
5813 10438
5813 10852
5813 10879
5813 11325
5813 11453
5813 11550
5813 11609
5813 12445
5813 12487
5814 7905
5814 11597
5815 6509
5815 7253
5815 7500
5815 7605
5816 5864
5816 7184
5816 7335
5816 7420
5816 7594
5816 8681
5816 8707
5816 9419
5817 6157
5817 6223
5817 7063
5817 7160
5817 7821
5817 8898
5817 8907
5817 8939
5817 8958
5817 9282
5817 10609
5817 10921
5817 11273
5817 11616
5817 11888
5817 11895
5817 12068
5817 12120
5817 12270
5817 12582
5818 8060
5818 8467
5818 9408
5818 9413
5818 9417
5818 9650
5818 10068
5818 10369
5819 6082
5819 7514
5819 7712
5819 8116
5819 8739
5819 8740
5819 8955
5819 9002
5819 9498
5819 9770
5819 9948
5819 10751
5820 6522
5820 6839
5820 9521
5820 10281
5820 11387
5820 11609
5820 11661
5821 6189
5821 8167
5821 8203
5821 8596
5821 9268
5821 10120
5822 7373
5822 8580
5822 10600
5822 11670
5823 6593
5823 7400
5823 7533
5823 7735
5823 9479
5823 9663
5823 11522
5823 12213
5824 6330
5824 7398
5824 7720
5824 10092
5824 10326
5824 11750
5825 7427
5825 7439
5825 7452
5825 8504
5825 8655
5825 9774
5825 12566
5825 12591
5825 12683
5826 6426
5826 6512
5826 9153
5826 9597
5827 5828
5827 6295
5827 9012
5827 10135
5827 11126
5827 12415
5828 6295
5828 9596
5828 10135
5829 5972
5829 7514
5829 8583
5829 9002
5829 9770
5829 9948
5829 10109
5829 10751
5829 11713
5830 6259
5830 6370
5830 7479
5830 8022
5830 8578
5830 9439
5830 9778
5830 11111
5830 11666
5831 6193
5831 10381
5831 10988
5831 11141
5831 12304
5832 5833
5832 7268
5832 7348
5832 7794
5832 8795
5832 9833
5832 12561
5833 6508
5833 7268
5833 7794
5833 8172
5833 9682
5834 6343
5834 6757
5834 6830
5834 7574
5834 7890
5834 8889
5834 9724
5834 10154
5834 10689
5834 11223
5834 11231
5835 8769
5835 11048
5835 11220
5835 11853
5835 11939
5835 12441
5835 12443
5836 6051
5836 8497
5836 10289
5836 10399
5836 10756
5836 11799
5837 5850
5837 7526
5837 8541
5837 9849
5837 10047
5837 10283
5837 10897
5837 11741
5837 11851
5837 11891
5838 7975
5838 8322
5838 9683
5838 10782
5838 12328
5839 5954
5839 7095
5839 7750
5839 9643
5839 10403
5839 10815
5839 12285
5839 12287
5840 5869
5840 6469
5840 8205
5841 6375
5841 6892
5841 7831
5841 8102
5841 8830
5841 9574
5841 11397
5841 12367
5842 5907
5842 6259
5842 6366
5842 7744
5842 7778
5842 8228
5842 8548
5842 8940
5842 9063
5842 10082
5842 11666
5843 6065
5843 7632
5843 10122
5843 10282
5843 10980
5843 11335
5843 12309
5844 6005
5844 6120
5844 6591
5844 6665
5844 6725
5844 6761
5844 7022
5844 8443
5844 10102
5844 10174
5845 5878
5845 6902
5845 7722
5845 8364
5845 9244
5845 12272
5846 5973
5846 7152
5846 7772
5846 8555
5846 10822
5846 11056
5846 12678
5847 6870
5847 7044
5847 9676
5847 9987
5847 10002
5847 10507
5848 6202
5848 6432
5848 8154
5848 11148
5849 6973
5849 9132
5849 10114
5849 10132
5850 7526
5850 10047
5850 10681
5850 11014
5850 11851
5851 7285
5851 7360
5851 8153
5851 8436
5851 9877
5851 10221
5851 10235
5851 10257
5851 10975
5852 6229
5852 7793
5852 9563
5852 11190
5852 11279
5852 12206
5852 12344
5853 5943
5853 6124
5853 6782
5853 8555
5853 8714
5853 9721
5853 10301
5853 10822
5853 12425
5854 6252
5854 8887
5854 9630
5854 11580
5854 11693
5854 12347
5854 12393
5855 7521
5855 8264
5855 9699
5855 10578
5856 5885
5856 8752
5856 9547
5856 10731
5856 11122
5856 11571
5856 12307
5857 7869
5857 7880
5857 7891
5857 9456
5857 9697
5857 10339
5857 11489
5857 11791
5857 12551
5857 12556
5857 12585
5858 6898
5858 8224
5858 8734
5858 8757
5858 8987
5858 12365
5858 12567
5859 5901
5859 6261
5859 6429
5859 7680
5859 7935
5859 8283
5859 9010
5859 11539
5860 5903
5860 5938
5860 6079
5860 6307
5860 6721
5860 7476
5860 9946
5860 11122
5860 11194
5860 11196
5860 11457
5860 12203
5860 12228
5860 12230
5860 12400
5861 5900
5861 5942
5861 6228
5861 8717
5861 8721
5861 8726
5861 8728
5861 9016
5861 9017
5861 9047
5861 9923
5861 11127
5861 11135
5861 11197
5861 11287
5861 11294
5861 11477
5861 12204
5861 12384
5861 12616
5861 12663
5861 12676
5861 12681
5862 7156
5862 9902
5862 9903
5862 10938
5862 11260
5862 11300
5862 11310
5862 11407
5862 11825
5862 11855
5862 12503
5863 5931
5863 6080
5863 7369
5863 8146
5863 8273
5863 8356
5863 8531
5863 8723
5863 8917
5863 11065
5863 11139
5863 11363
5863 11423
5863 11451
5864 6248
5864 6764
5864 7184
5864 7473
5864 7492
5864 7594
5864 10562
5864 10684
5865 7498
5865 9242
5865 9264
5865 9444
5865 10683
5865 11245
5865 11247
5866 6491
5866 8544
5866 8545
5866 9159
5866 9195
5866 9229
5866 10267
5867 6086
5867 7219
5867 8173
5867 8434
5867 8904
5867 9343
5867 11112
5867 11640
5868 6558
5868 6641
5868 7129
5868 7352
5868 8017
5868 8046
5868 8194
5868 8974
5868 11788
5868 12358
5869 6469
5869 6599
5869 9188
5870 5983
5870 9453
5870 11550
5871 8108
5871 8151
5871 8804
5871 9186
5871 9691
5871 10238
5871 10696
5871 11421
5872 6243
5872 6535
5872 10152
5872 10500
5872 10925
5872 10977
5872 11334
5872 11377
5872 11523
5872 12072
5872 12410
5872 12413
5872 12541
5873 6104
5873 8101
5873 8569
5873 8891
5873 8895
5873 9029
5873 12131
5873 12337
5873 12438
5873 12476
5873 12563
5874 6104
5874 6706
5874 6857
5874 7119
5874 8115
5874 8284
5874 8835
5874 10042
5874 11683
5874 12232
5875 7781
5875 9193
5875 9750
5875 10547
5876 6249
5876 7198
5876 7730
5876 8266
5876 8493
5876 9312
5876 10023
5876 10078
5876 12446
5876 12572
5877 7141
5877 7271
5877 7386
5877 9599
5877 11938
5878 7722
5878 9244
5878 9788
5878 10122
5878 10621
5878 11434
5878 11436
5878 12272
5879 5957
5879 6310
5879 7619
5879 8293
5879 8484
5879 8728
5879 11127
5879 11318
5880 10292
5880 12339
5881 7723
5881 7779
5881 9081
5881 9390
5881 10282
5881 10326
5882 6865
5882 8155
5882 9145
5882 9745
5882 10670
5882 10716
5882 11004
5882 11856
5883 6088
5883 8132
5883 8863
5883 9661
5883 9785
5883 10749
5883 11060
5883 11176
5883 11686
5884 6010
5884 6436
5884 6561
5884 9341
5884 9644
5884 9847
5884 10149
5884 10721
5885 6019
5885 6956
5885 8489
5885 9354
5885 10731
5885 10866
5885 10884
5885 11342
5885 12203
5885 12307
5886 5985
5886 6007
5886 6115
5886 6203
5886 6767
5886 8425
5886 8753
5886 8997
5886 9226
5886 10850
5886 11151
5886 11193
5886 11278
5886 11427
5886 11461
5886 12314
5886 12416
5886 12426
5887 7324
5887 7342
5887 8896
5887 9101
5887 9965
5887 11327
5887 11701
5888 7521
5888 9720
5888 9773
5888 10264
5888 10364
5888 10392
5889 6504
5889 8365
5889 9149
5889 10152
5889 10790
5890 9187
5890 9281
5890 9483
5890 9976
5890 10057
5890 10644
5891 6538
5891 7199
5891 7377
5891 7641
5891 7671
5892 6564
5892 8161
5892 8171
5893 5906
5893 5907
5893 5940
5893 8702
5893 8940
5893 9049
5893 9894
5893 10187
5893 10404
5893 11015
5893 11200
5893 11298
5893 11677
5893 12381
5893 12391
5893 12394
5893 12662
5894 5946
5894 11100
5894 11137
5894 11189
5894 11473
5894 11474
5894 11562
5894 12389
5894 12390
5894 12609
5895 6191
5895 7636
5895 7750
5895 8453
5895 10942
5895 12285
5895 12287
5895 12295
5896 5928
5896 9012
5896 9152
5896 9328
5896 10873
5896 11126
5896 11427
5896 12233
5897 5902
5897 5930
5897 6547
5897 6613
5897 7472
5897 8601
5897 8990
5897 11251
5897 11672
5897 12406
5897 12408
5898 5945
5898 6090
5898 8721
5898 8803
5898 9154
5898 9913
5898 10162
5898 11075
5898 11441
5899 5903
5899 5927
5899 8606
5899 8741
5899 9013
5899 9563
5899 11190
5899 11517
5899 12680
5900 8286
5900 8293
5900 8728
5900 9047
5900 9512
5900 9515
5900 10901
5900 11128
5900 11135
5900 11294
5900 11313
5900 12384
5900 12615
5901 8283
5901 8553
5901 9010
5901 11065
5902 5930
5902 6547
5902 7109
5902 7799
5902 9043
5902 12406
5902 12600
5903 5927
5903 5938
5903 6229
5903 7476
5903 8741
5903 9563
5903 11190
5903 11457
5903 11625
5903 12344
5904 6591
5904 6665
5904 6677
5904 7513
5904 8443
5904 9420
5904 10537
5904 10880
5904 11323
5904 11748
5904 12520
5905 6345
5905 6955
5905 7501
5905 8379
5905 10440
5905 10930
5905 10955
5905 11347
5905 11450
5905 11584
5905 11998
5905 12507
5906 6340
5906 6368
5906 9801
5906 10742
5906 10836
5906 10855
5906 11066
5906 11082
5906 11089
5906 11179
5906 11200
5906 11298
5906 11600
5906 11677
5906 12303
5906 12662
5907 5940
5907 7744
5907 8511
5907 8702
5907 8940
5907 11666
5908 6398
5908 7774
5908 7926
5908 8526
5908 10217
5908 10321
5908 10627
5908 11447
5908 11716
5908 12383
5909 6554
5909 6969
5909 8300
5909 8320
5909 9652
5909 10270
5909 11744
5910 6441
5910 9295
5910 9418
5910 10720
5910 11217
5910 11766
5910 12604
5911 5949
5911 6242
5911 6768
5911 8656
5911 8693
5911 9672
5911 9805
5912 6285
5912 8369
5912 9815
5912 11795
5913 6049
5913 6489
5913 8786
5913 9790
5913 10744
5913 11621
5914 5916
5914 6578
5914 8550
5914 10951
5914 11133
5914 12308
5915 6258
5915 7046
5915 7382
5915 8590
5915 8715
5915 9487
5915 10736
5915 10849
5915 11162
5915 11199
5915 12233
5915 12335
5916 6584
5916 8144
5916 8550
5916 8639
5916 9056
5916 9079
5916 10007
5916 10951
5916 11133
5916 11184
5916 11463
5916 12308
5916 12359
5916 12375
5916 12420
5917 5927
5917 6078
5917 6213
5917 6252
5917 6359
5917 8706
5917 8746
5917 9090
5917 10733
5917 11123
5917 11420
5917 12399
5918 5965
5918 7559
5918 7624
5918 8334
5918 8719
5918 9222
5918 10329
5918 11240
5918 11758
5919 6781
5919 7081
5919 7084
5919 8145
5919 8794
5919 8809
5919 10226
5919 12073
5920 8312
5920 11850
5920 12612
5921 6444
5921 7271
5921 9599
5921 9776
5921 10239
5921 10294
5921 11359
5921 11670
5922 6878
5922 7254
5922 8327
5922 9496
5922 10617
5922 10790
5922 11249
5923 9096
5923 9357
5923 11518
5924 6340
5924 8702
5924 8782
5924 9921
5924 9924
5924 11200
5924 11298
5924 12381
5924 12394
5925 5940
5925 6297
5925 8727
5925 8729
5925 11106
5925 11165
5925 11236
5925 11476
5925 12240
5925 12391
5925 12429
5925 12662
5926 6422
5926 6935
5926 8715
5926 9405
5926 10389
5926 11129
5926 11162
5926 11199
5926 11461
5926 12385
5926 12392
5926 12426
5926 12568
5926 12675
5926 12682
5927 5938
5927 5961
5927 6213
5927 7493
5927 8227
5927 8582
5927 8603
5927 8606
5927 8706
5927 8741
5927 8746
5927 9013
5927 9611
5927 9762
5927 11123
5927 11190
5927 11457
5927 12204
5927 12400
5927 12678
5927 12680
5928 5959
5928 8715
5928 9012
5928 9846
5928 10135
5928 10849
5928 11106
5928 11126
5928 11427
5928 12233
5928 12385
5928 12391
5928 12415
5928 12421
5928 12426
5928 12662
5929 6415
5929 7136
5929 9267
5929 10862
5929 11067
5929 11120
5929 11158
5929 11280
5929 11330
5929 11711
5930 7109
5930 7799
5930 8317
5930 8600
5930 8601
5930 8713
5930 8743
5930 8990
5930 9043
5930 9049
5930 12406
5930 12600
5931 8917
5931 9818
5931 10191
5931 10893
5931 10965
5931 11065
5931 11409
5931 11423
5932 6244
5932 8176
5932 8391
5932 9017
5932 9509
5932 9517
5932 9923
5932 11197
5932 11287
5932 11291
5933 6930
5933 7147
5933 7384
5933 8815
5933 9576
5933 11740
5933 12237
5934 5935
5934 5968
5934 6088
5934 6357
5934 8223
5934 8535
5934 8721
5934 9154
5934 9501
5934 11176
5934 12596
5934 12616
5935 5968
5935 6357
5935 8484
5935 8721
5935 10711
5935 11061
5935 12371
5935 12596
5935 12616
5935 12681
5936 5937
5936 5941
5936 5967
5936 6220
5936 6269
5936 7474
5936 11192
5936 11200
5937 7474
5937 8599
5937 9049
5937 9057
5937 10734
5937 11192
5938 5970
5938 6292
5938 6293
5938 7476
5938 8741
5938 9627
5938 11196
5938 11457
5938 11561
5938 12230
5938 12400
5938 12678
5939 7563
5939 7794
5939 9330
5939 11097
5939 11142
5939 11158
5939 11159
5939 11280
5939 11711
5939 12475
5940 7359
5940 7744
5940 8488
5940 8729
5940 8940
5940 9023
5940 9049
5940 11125
5940 12391
5940 12394
5940 12402
5940 12662
5941 5967
5941 6220
5941 9921
5941 11200
5941 12394
5942 7230
5942 8445
5942 8542
5942 8717
5942 9462
5942 9608
5942 12258
5942 12676
5943 6281
5943 6782
5943 6807
5943 8672
5943 8714
5943 9356
5943 9579
5943 10043
5943 10301
5943 10426
5943 11167
5943 11182
5943 12247
5943 12425
5944 6015
5944 7947
5944 10852
5944 10957
5944 11081
5944 12323
5945 6106
5945 6276
5945 6354
5945 6358
5945 6657
5945 8721
5945 9050
5945 9286
5945 9287
5945 10162
5945 10818
5945 10851
5945 11075
5945 11093
5945 11127
5945 11154
5945 11361
5945 11441
5945 11462
5945 12388
5945 12477
5946 6290
5946 10856
5946 11100
5946 11473
5946 12322
5946 12390
5946 12609
5947 6085
5947 7153
5947 8609
5947 8900
5947 9719
5947 10370
5947 11269
5947 11590
5948 6290
5948 8432
5948 8687
5948 10136
5948 10856
5948 11137
5948 11473
5948 12322
5949 5969
5949 6242
5949 6898
5949 7538
5949 8224
5949 8500
5949 8693
5949 9295
5949 9805
5949 10030
5949 11002
5949 11266
5949 12365
5950 6473
5950 6771
5950 6847
5950 7687
5950 8501
5950 9434
5950 9540
5950 10962
5950 11174
5950 11537
5950 11747
5950 11866
5950 11867
5950 12419
5951 6588
5951 6746
5951 6772
5951 7002
5951 7039
5951 7209
5951 7368
5951 7972
5951 8919
5951 8992
5951 9634
5951 10831
5952 6966
5952 7041
5952 7044
5952 7366
5952 8009
5952 8836
5952 9107
5952 9298
5952 9333
5952 9676
5952 10002
5952 11857
5953 6201
5953 6207
5953 8254
5953 10967
5953 11080
5953 11345
5953 11369
5953 12498
5954 7750
5954 9047
5954 10815
5954 10942
5954 12285
5954 12384
5954 12388
5954 12480
5954 12615
5954 12664
5955 9059
5955 10740
5955 11123
5955 11190
5955 11452
5955 11457
5955 12206
5956 6208
5956 6276
5956 6358
5956 10818
5956 11098
5956 11262
5956 11595
5956 12282
5957 6310
5957 6533
5957 7619
5957 8293
5957 8728
5957 10901
5957 11127
5957 12384
5957 12388
5958 6089
5958 6334
5958 6336
5958 6988
5958 8329
5958 9516
5958 10073
5958 10389
5958 10713
5959 6342
5959 7126
5959 8647
5959 9367
5959 10745
5959 10746
5959 11106
5959 11165
5959 11425
5959 11476
5959 12391
5959 12421
5960 6418
5960 6449
5960 8716
5960 10943
5960 11078
5960 11105
5960 12396
5960 12619
5961 8582
5961 8603
5961 8625
5961 12680
5962 6748
5962 8942
5962 11479
5962 11621
5962 12369
5962 12371
5962 12676
5962 12681
5963 5964
5963 6861
5963 8797
5963 12249
5963 12472
5964 8890
5964 10418
5964 12472
5964 12532
5965 7624
5965 8334
5965 8506
5965 8719
5965 9222
5965 10329
5965 11240
5965 11758
5966 7155
5966 7158
5966 7293
5966 8341
5966 8419
5966 9138
5966 9379
5966 9516
5966 9864
5966 10713
5966 10747
5966 10748
5966 10793
5967 9049
5967 9722
5967 10734
5967 11066
5967 11068
5967 11192
5967 11200
5968 6357
5968 8223
5968 8535
5968 9960
5968 11061
5968 12371
5968 12596
5969 7538
5969 8500
5969 8695
5969 8734
5969 9295
5969 11266
5969 12674
5969 12693
5970 8758
5970 9946
5970 11136
5970 11194
5970 11196
5970 11561
5970 12203
5970 12400
5971 6165
5971 6289
5971 6299
5971 6374
5971 6607
5971 6635
5971 6867
5971 7675
5971 8521
5971 8776
5971 10509
5971 11786
5972 6082
5972 8457
5972 8583
5972 9002
5972 10751
5972 11265
5973 8483
5973 8567
5973 9662
5973 10043
5973 10301
5973 10822
5973 12678
5974 8216
5974 8543
5974 8593
5974 8759
5974 9067
5974 9766
5974 9896
5974 10098
5974 11408
5974 12613
5975 7200
5975 9072
5975 9099
5975 9109
5975 12409
5976 8058
5976 8059
5976 9577
5976 10397
5977 5982
5977 11327
5977 11402
5977 11965
5977 12026
5978 6282
5978 7999
5978 8450
5978 8798
5978 9062
5978 9244
5978 10328
5978 10695
5978 11063
5978 12214
5978 12423
5979 7085
5979 7314
5979 8062
5979 8127
5979 8596
5979 9026
5979 9160
5979 9620
5980 6271
5980 9214
5980 9547
5980 10730
5980 10740
5980 11123
5980 11420
5981 7332
5981 9703
5981 11882
5981 11886
5982 9524
5982 11940
5982 11979
5982 12026
5982 12524
5982 12576
5983 6015
5983 7916
5983 9453
5983 9488
5983 9681
5983 10141
5983 10564
5983 11550
5983 11609
5983 12445
5984 6187
5984 6486
5984 6631
5984 7728
5984 8198
5984 8799
5984 9764
5984 10786
5984 11608
5984 12325
5985 6007
5985 6203
5985 7308
5985 8592
5985 10917
5985 11193
5985 11461
5986 6778
5986 7079
5986 7264
5986 7388
5986 9347
5986 9514
5986 10886
5986 10890
5986 11321
5986 11446
5986 11486
5986 11697
5986 11709
5986 11835
5987 6390
5987 8205
5987 9247
5987 9489
5987 10403
5987 10889
5987 10912
5987 11836
5987 11941
5987 12286
5987 12287
5988 7673
5988 9171
5988 9339
5988 9372
5988 9427
5988 9843
5988 10414
5988 11864
5989 7268
5989 7348
5989 9211
5989 9330
5989 12561
5990 6170
5990 6743
5990 6846
5990 8273
5990 10848
5990 11132
5990 11409
5991 6172
5991 6420
5991 7711
5991 8853
5991 8860
5991 8964
5991 10343
5991 11876
5991 12448
5992 6953
5992 10303
5992 10317
5992 11700
5993 6576
5993 6658
5993 10237
5994 6038
5994 9647
5994 10653
5994 10816
5994 11147
5994 11544
5994 11760
5995 6916
5995 7769
5995 8059
5995 10813
5995 11215
5996 6612
5996 7327
5996 7390
5996 7449
5996 7462
5996 8044
5996 8054
5996 8100
5996 8103
5996 8556
5996 10896
5996 11589
5997 7617
5997 9374
5997 11866
5998 7895
5998 9614
5999 6787
5999 6880
5999 6907
5999 8373
5999 8908
5999 11247
5999 11695
6000 7112
6000 7792
6000 7873
6000 8268
6000 9733
6000 10013
6000 10141
6000 10786
6000 11608
6001 10526
6001 12035
6001 12436
6002 8331
6002 10320
6002 11319
6002 11492
6002 12183
6002 12626
6003 9848
6004 6068
6004 6384
6004 6506
6004 9062
6004 9431
6004 9672
6004 9805
6005 6591
6005 6725
6005 6761
6005 7022
6005 7131
6005 8280
6005 8443
6005 9382
6005 10174
6006 6883
6006 7866
6006 9701
6006 10475
6006 10513
6006 10570
6006 11734
6006 12508
6007 6115
6007 6203
6007 6424
6007 7308
6007 7556
6007 10332
6007 10917
6007 11230
6007 11461
6007 11598
6007 12314
6008 6393
6008 6623
6008 7067
6008 11987
6008 12254
6009 9186
6009 9838
6009 10496
6009 10554
6009 11296
6010 6436
6010 6561
6010 8678
6010 9341
6010 9432
6010 9644
6010 9645
6010 9652
6010 9706
6010 10149
6010 10805
6010 10809
6010 12449
6011 6116
6011 6648
6011 7326
6011 8985
6011 9368
6011 12350
6012 9355
6012 10280
6012 10937
6012 11526
6013 6049
6013 8176
6013 8179
6013 8367
6013 10329
6013 10595
6014 8364
6014 8396
6014 9275
6014 10567
6014 10992
6015 7916
6015 8291
6015 9453
6015 10852
6015 11550
6015 11609
6015 12487
6016 6524
6016 8037
6016 10284
6016 11573
6017 6471
6017 7080
6017 7441
6017 7588
6017 8241
6017 12248
6017 12430
6017 12648
6018 6084
6018 7314
6018 9160
6018 9970
6019 6956
6019 8489
6019 9166
6019 9631
6019 9946
6019 10731
6019 12203
6020 6807
6020 6849
6020 10373
6021 6267
6021 6469
6021 6511
6021 6599
6021 6832
6021 7949
6021 9670
6021 10205
6022 7140
6022 7319
6022 10006
6023 7026
6023 7028
6024 7321
6024 8645
6024 9473
6024 10224
6025 6819
6025 7901
6025 8171
6025 11078
6026 6710
6026 7717
6026 10386
6026 11241
6026 12334
6027 10186
6027 10400
6027 11898
6028 6595
6028 6700
6028 7309
6028 8109
6028 9135
6028 9567
6028 9880
6028 10759
6028 11018
6028 11239
6029 6482
6029 9256
6029 9675
6029 10034
6029 11940
6030 6269
6030 7207
6030 8300
6030 8914
6030 9057
6030 9284
6030 10085
6030 10270
6030 11805
6031 6346
6031 6816
6031 7533
6031 7647
6031 8058
6031 9577
6031 9663
6031 9736
6031 9995
6031 11869
6032 6937
6032 6939
6032 9302
6032 9636
6032 9844
6032 9939
6032 10774
6033 7297
6033 7717
6033 10798
6033 12326
6034 6262
6034 6429
6034 6756
6034 7172
6034 7379
6034 7680
6034 11597
6035 6195
6035 6896
6035 6921
6035 6931
6035 6941
6035 9570
6035 10204
6035 12226
6036 6266
6036 6270
6036 7946
6036 8294
6036 8532
6036 8640
6036 9210
6036 9402
6036 11270
6037 7639
6037 9920
6037 10866
6038 6055
6038 6971
6038 8747
6038 9647
6038 10653
6038 10828
6038 11147
6038 11510
6038 11544
6038 11646
6038 11760
6038 11911
6039 7370
6039 8523
6039 8766
6039 12184
6040 6078
6040 6814
6040 7580
6040 7606
6040 7733
6040 9125
6040 9377
6040 9403
6040 9616
6040 11580
6040 11627
6040 11653
6040 11832
6041 6308
6041 7162
6041 8337
6041 9353
6041 10581
6041 11116
6041 12372
6041 12375
6042 6494
6042 9350
6042 10567
6043 6579
6043 7079
6043 7264
6043 7289
6043 9347
6043 9359
6043 9446
6043 10021
6043 10264
6043 10364
6043 11738
6043 11782
6044 7792
6044 8190
6044 9394
6044 9723
6044 10012
6046 7733
6046 8177
6046 9125
6046 9262
6046 9377
6047 6048
6047 6049
6047 6228
6047 8259
6047 9517
6047 11501
6048 6049
6048 6244
6048 8176
6048 8259
6048 8391
6049 6228
6049 8179
6049 8259
6049 8367
6049 9517
6049 11501
6050 6054
6050 6270
6050 6400
6050 6750
6050 7704
6050 8532
6050 9077
6050 9306
6050 9313
6050 10646
6050 11270
6051 7896
6051 8467
6051 8497
6051 10289
6051 10756
6051 11799
6052 6356
6052 6773
6052 7023
6052 7038
6052 7279
6052 8267
6052 8579
6052 8612
6052 9468
6052 10918
6052 11228
6052 11261
6052 11344
6052 11755
6052 12349
6053 6950
6053 7800
6053 7990
6053 8962
6053 10375
6054 6750
6054 8532
6054 9077
6054 9306
6054 11052
6055 6338
6055 7357
6055 8270
6055 8442
6055 11544
6055 11760
6056 6423
6056 6676
6056 6860
6056 10213
6056 10637
6056 10841
6056 12070
6057 7256
6057 8851
6057 8905
6057 10273
6057 10427
6057 11317
6057 11405
6057 11879
6057 12451
6057 12557
6057 12639
6058 6331
6058 6333
6058 6935
6058 6988
6058 7607
6058 8771
6059 9302
6059 9844
6060 7305
6060 7795
6060 7991
6060 9128
6060 9386
6060 10064
6060 11792
6061 6949
6061 7440
6061 8095
6061 8191
6061 8557
6061 12080
6062 6655
6062 7962
6062 10042
6062 11017
6062 11624
6062 11628
6062 12232
6062 12241
6062 12476
6063 7158
6063 7800
6063 7919
6063 8006
6063 8341
6063 8750
6063 9344
6063 9619
6063 9864
6063 10214
6063 10846
6064 6143
6064 7783
6064 8462
6064 8654
6064 10360
6064 11871
6064 11890
6065 6246
6065 6322
6065 7632
6065 10122
6065 10870
6065 10980
6065 11214
6065 11651
6065 11705
6065 12272
6066 6496
6066 6726
6066 8719
6066 9146
6066 10395
6067 6838
6067 6926
6067 7354
6067 8014
6067 8042
6067 10776
6067 10974
6067 12293
6067 12575
6068 6506
6068 6714
6068 7969
6069 6398
6069 7512
6069 7926
6069 7943
6069 8401
6069 8526
6069 10212
6070 6071
6070 6152
6070 6305
6070 6317
6070 6335
6070 7323
6070 7421
6070 7488
6070 8594
6070 8760
6070 9037
6070 9349
6070 9967
6071 6335
6071 7488
6071 8667
6071 9037
6071 10812
6071 12672
6072 6371
6072 6627
6072 6877
6072 7796
6072 7881
6072 8351
6072 8827
6072 9625
6072 9664
6072 9771
6072 9955
6072 10096
6072 11745
6073 6734
6073 6984
6073 7019
6073 7987
6073 8077
6073 8119
6073 9157
6073 10155
6074 6348
6074 6651
6074 7104
6074 7620
6074 7909
6074 10032
6074 10116
6074 11541
6074 11752
6074 11852
6075 6345
6075 6955
6075 7398
6075 7501
6075 7643
6075 9094
6075 9372
6075 11085
6075 11373
6075 11416
6075 11530
6075 11584
6075 11750
6075 11864
6076 6102
6076 7280
6076 8316
6076 10407
6076 11318
6076 11422
6077 6174
6077 7317
6077 7582
6077 7910
6077 8164
6077 10161
6077 10999
6077 11102
6077 11255
6077 12665
6078 6814
6078 7580
6078 8706
6078 9090
6078 9387
6078 9762
6078 10733
6078 11123
6078 11420
6078 11580
6079 6721
6079 7476
6079 8699
6079 9215
6079 9627
6079 12228
6079 12230
6080 7369
6080 7537
6080 7587
6080 8356
6080 8531
6080 11363
6081 8332
6081 8459
6081 9988
6081 10048
6081 11725
6081 11931
6082 8116
6082 8457
6082 8955
6082 9948
6082 10751
6082 11138
6082 11265
6083 6466
6083 7001
6083 7201
6083 7977
6083 8831
6083 8910
6083 9183
6083 9969
6083 10243
6083 12096
6084 7314
6084 9160
6084 9268
6084 9970
6085 6352
6085 6606
6085 7785
6085 8900
6085 11269
6085 11590
6085 12328
6086 7150
6086 7943
6086 9343
6086 10127
6086 10148
6086 10217
6086 10757
6086 11112
6087 6474
6087 7784
6087 8408
6087 8486
6087 9164
6087 9536
6087 9601
6087 9821
6087 10472
6087 10632
6087 10801
6087 12218
6087 12329
6088 6628
6088 7602
6088 8414
6088 8621
6088 9053
6088 10749
6088 11176
6088 11686
6088 12596
6089 6336
6089 6424
6089 6560
6089 7418
6089 7430
6089 7556
6089 10073
6089 10389
6089 10713
6089 11005
6089 11226
6090 7402
6090 8803
6090 10162
6090 11075
6091 6534
6091 6786
6091 7641
6091 7671
6091 8359
6091 11155
6091 11170
6091 11198
6091 11753
6092 6374
6092 7675
6092 10032
6092 10116
6092 10218
6092 10773
6092 11786
6093 6231
6093 7475
6093 9103
6093 9441
6093 10406
6093 10737
6093 10943
6093 11067
6093 11070
6093 11105
6093 11362
6093 11669
6093 12502
6093 12608
6094 6386
6094 7719
6094 9518
6094 10051
6094 10290
6094 10319
6095 6820
6095 11762
6096 7396
6096 8644
6096 9053
6096 10244
6096 10711
6096 11811
6096 12371
6097 7064
6097 7211
6097 7604
6097 7681
6097 8522
6097 8659
6097 8811
6097 9503
6097 9590
6097 10534
6097 10806
6097 11963
6097 12329
6098 7341
6098 7663
6098 8170
6098 8354
6098 10090
6098 10817
6098 12060
6099 6456
6099 6940
6099 6959
6099 7320
6099 10919
6099 11491
6100 6843
6100 7173
6100 7279
6100 7963
6100 8857
6100 9764
6100 10079
6100 10786
6100 11608
6101 6980
6101 7702
6101 7928
6101 10994
6102 6744
6102 7280
6102 8316
6102 9507
6102 10407
6102 11318
6102 11422
6103 6659
6103 7554
6103 8258
6103 9466
6103 10647
6103 10758
6103 11236
6104 6706
6104 8115
6104 8284
6104 8835
6104 8891
6104 8895
6104 9119
6104 9326
6104 12337
6104 12563
6105 7608
6105 7780
6105 8610
6105 8992
6105 9297
6105 9566
6105 9858
6105 10754
6106 6354
6106 6657
6106 8690
6106 9265
6106 10741
6106 10853
6106 11154
6106 11185
6106 11441
6106 11680
6107 11254
6108 8435
6108 8609
6108 8900
6108 9204
6108 11720
6109 7433
6109 7814
6109 8004
6109 9712
6109 10344
6109 11254
6109 12034
6109 12102
6109 12345
6110 9930
6110 10939
6110 10968
6110 11091
6110 11173
6110 11202
6110 11357
6110 11448
6111 6828
6111 8252
6111 9783
6111 9945
6111 9969
6111 11092
6111 11207
6111 11324
6111 11392
6111 11469
6111 11553
6111 11707
6112 6221
6112 6332
6112 7686
6113 7049
6113 7050
6113 7291
6113 7438
6113 8631
6113 8801
6114 8775
6114 9709
6114 9791
6114 10438
6114 10548
6114 10876
6114 11084
6114 11325
6114 11429
6115 6204
6115 8421
6115 10692
6115 11230
6115 11278
6115 11461
6115 12210
6115 12314
6115 12426
6116 6648
6116 7326
6116 8136
6116 8192
6116 8949
6116 8985
6116 9368
6116 12350
6117 9600
6117 10461
6117 11311
6117 11364
6117 11761
6118 6679
6118 7189
6118 7193
6118 7593
6118 7729
6118 8318
6118 8507
6118 9096
6118 9357
6118 9407
6118 10020
6118 10398
6118 11649
6119 7328
6119 7394
6119 7497
6119 8335
6119 9883
6120 6381
6120 6665
6120 6725
6120 7087
6120 8280
6120 9382
6120 10102
6120 10134
6120 10856
6120 10949
6120 12318
6120 12390
6121 6409
6121 6711
6121 9066
6121 9927
6121 10588
6122 7863
6122 7879
6122 7885
6122 8064
6122 8822
6122 10574
6122 12167
6122 12558
6123 7789
6123 11540
6124 8663
6124 8913
6124 10301
6124 10822
6125 6974
6125 7224
6125 9592
6125 10140
6125 10235
6125 11979
6125 12524
6126 6388
6126 8831
6126 9731
6126 9979
6126 10052
6126 10412
6126 10769
6126 12096
6126 12442
6127 6470
6127 7068
6127 7241
6127 8748
6127 10026
6127 10575
6127 10700
6127 11797
6127 12076
6128 7987
6128 7988
6128 11490
6129 6280
6129 7647
6129 8362
6129 9983
6129 9995
6129 10133
6129 11233
6129 11784
6129 11789
6130 7577
6130 10346
6130 10573
6130 12023
6130 12491
6131 6734
6131 6930
6131 7147
6131 7851
6131 7857
6131 7885
6131 7966
6131 8822
6131 11987
6131 12167
6131 12254
6131 12580
6132 6972
6132 8096
6132 8374
6132 11914
6132 12042
6132 12152
6132 12190
6133 7659
6133 7782
6133 8770
6133 10582
6134 6647
6134 7101
6134 7691
6134 10061
6134 10551
6134 11144
6134 11729
6134 11946
6135 6181
6135 9227
6135 9409
6135 9624
6135 10446
6135 10611
6135 10981
6135 10987
6135 12017
6136 6438
6136 6621
6136 7031
6136 7577
6136 7663
6136 8082
6136 8085
6136 8956
6136 10601
6136 11949
6136 12086
6136 12088
6137 7894
6137 7908
6137 8245
6137 10210
6137 10220
6137 10620
6137 10697
6138 6326
6138 7179
6138 7693
6138 8068
6138 8336
6138 8481
6138 9180
6138 9694
6138 10762
6138 10794
6138 11033
6138 11227
6138 12366
6138 12578
6139 6212
6139 6478
6139 8021
6139 9066
6139 9352
6139 10588
6139 11356
6139 11881
6139 11890
6139 11948
6139 11957
6139 11977
6139 12020
6139 12666
6140 6411
6140 6897
6140 7054
6140 9253
6140 9915
6140 10158
6140 10384
6140 10529
6140 11481
6140 12027
6141 7137
6141 9642
6141 9705
6141 9712
6141 10355
6141 10643
6141 11268
6141 11950
6141 12034
6141 12547
6142 6143
6142 7783
6142 8654
6142 10533
6142 10639
6142 11880
6142 11957
6142 11977
6142 12052
6142 12067
6143 6478
6143 7783
6143 8654
6143 9068
6143 11871
6143 11873
6143 11880
6143 11890
6143 11957
6143 11977
6144 6413
6144 7774
6144 8401
6144 10212
6144 10627
6144 11346
6144 11648
6144 12383
6145 6264
6145 6791
6145 6934
6145 7417
6145 8503
6145 8762
6145 9022
6145 11211
6145 11256
6145 11286
6145 11288
6146 9711
6146 10345
6146 10352
6146 10585
6147 6239
6147 6946
6147 8212
6147 8870
6147 8921
6147 9180
6147 10263
6148 7286
6148 8417
6148 9132
6148 9649
6148 11195
6149 6826
6149 6838
6149 6926
6149 7354
6149 8042
6149 9734
6149 10899
6149 11899
6149 11959
6149 12165
6150 8405
6150 9414
6150 9418
6150 9451
6150 9862
6150 11781
6151 7085
6151 7875
6151 8850
6151 9245
6151 9620
6151 9669
6151 10487
6151 11289
6151 11575
6152 6231
6152 7319
6152 7323
6152 8594
6152 8760
6152 9967
6152 10994
6152 11290
6152 11690
6152 11845
6153 8471
6153 8903
6153 9986
6153 10249
6153 11795
6154 7571
6154 9101
6154 9965
6154 10093
6154 10613
6154 11327
6154 11701
6154 11932
6154 11965
6155 6861
6155 7460
6155 8126
6155 8202
6155 9986
6155 10182
6155 11778
6155 12553
6155 12611
6156 6718
6156 6962
6156 8795
6156 8865
6156 9739
6156 9892
6156 11212
6156 11956
6157 7016
6157 7063
6157 8659
6157 8907
6157 8939
6157 8958
6157 9531
6157 10017
6157 10534
6157 12211
6158 6237
6158 7151
6158 8183
6158 8393
6158 8440
6158 9502
6158 9587
6158 10300
6158 11610
6158 11897
6158 12122
6159 6219
6159 8011
6159 8439
6159 8574
6159 10209
6159 10718
6159 10843
6160 6320
6160 6346
6160 7611
6160 7868
6160 8023
6160 9110
6160 9304
6160 10842
6160 10991
6160 11909
6160 12071
6161 7881
6161 7989
6161 8139
6161 8147
6161 8381
6161 8871
6161 9475
6161 11053
6162 6200
6162 6841
6162 7948
6162 8111
6162 8142
6162 8307
6162 8344
6162 9011
6162 9738
6162 10295
6162 11626
6163 7246
6163 7752
6163 9535
6163 9775
6163 10274
6163 10648
6163 10915
6163 11284
6164 6918
6164 8347
6164 10596
6164 11635
6164 11724
6164 11878
6164 11918
6164 12024
6164 12037
6164 12089
6164 12094
6164 12099
6164 12530
6165 6299
6165 6374
6165 7675
6165 7747
6165 8521
6165 8707
6165 8776
6165 9439
6165 10310
6165 10509
6165 10723
6166 9552
6166 9958
6166 10424
6166 10983
6166 11172
6166 11308
6166 11365
6167 7724
6167 8353
6167 10336
6167 10501
6167 10504
6167 10908
6167 11320
6167 11413
6167 12140
6167 12628
6168 9618
6168 9980
6168 10181
6168 10341
6168 11184
6168 11225
6168 12395
6169 6182
6169 6488
6169 7666
6169 8012
6169 9182
6169 9752
6169 9758
6169 11644
6170 6743
6170 6846
6170 8273
6170 11132
6171 6338
6171 6596
6171 7248
6171 7409
6171 8025
6171 8220
6171 8270
6171 8859
6171 9638
6171 9680
6171 11564
6171 11936
6171 12342
6172 8853
6172 8860
6172 8964
6172 9632
6172 10277
6172 11614
6172 11637
6173 6618
6173 6619
6173 7204
6173 7697
6173 8441
6173 9657
6173 9666
6173 10091
6173 10159
6173 11942
6174 7317
6174 7582
6174 8674
6174 9283
6174 11099
6174 11102
6174 11255
6175 6805
6175 7190
6175 7194
6175 8032
6175 8551
6175 9386
6176 8572
6176 8763
6176 9116
6176 9155
6176 9156
6176 9317
6176 9738
6176 11014
6176 11626
6177 9689
6177 9920
6177 11107
6177 11119
6177 11166
6177 12347
6178 7998
6178 10599
6179 7436
6179 8516
6179 10388
6180 6291
6180 7927
6180 9106
6180 9279
6180 9371
6181 8034
6181 9227
6181 9883
6182 7666
6182 9182
6182 10098
6182 10405
6182 11289
6182 11575
6183 6663
6183 9310
6183 9335
6183 9434
6183 10313
6183 12031
6184 8036
6184 8701
6184 9191
6184 9193
6185 7309
6185 8109
6185 8182
6185 10128
6185 12536
6186 6292
6186 6329
6186 8403
6186 8699
6186 8876
6186 9511
6186 9627
6186 10203
6186 11625
6187 6296
6187 7728
6187 8198
6187 10129
6187 11634
6187 12325
6188 6740
6188 6800
6188 8967
6188 9015
6188 12199
6188 12687
6189 6796
6189 6893
6189 7740
6189 8127
6189 8203
6189 8596
6189 10120
6189 12614
6190 6567
6190 7030
6190 8383
6190 10450
6190 10694
6190 10799
6190 11943
6191 8250
6191 8380
6191 8453
6191 10735
6191 12295
6191 12664
6192 8723
6192 10784
6192 10834
6192 11016
6192 11083
6192 11228
6192 11533
6192 12439
6193 7761
6193 8201
6193 8412
6193 10381
6193 11664
6194 8244
6194 8693
6194 11002
6194 11441
6194 12234
6195 6524
6195 10176
6195 10204
6195 11838
6195 12226
6196 6250
6196 6646
6196 7542
6196 7657
6196 8008
6196 8461
6196 8883
6196 10577
6196 11796
6196 12655
6197 6486
6197 6846
6197 6964
6197 7873
6197 9733
6197 10564
6197 11550
6197 11608
6198 6842
6198 7513
6198 10075
6198 10138
6198 10538
6198 11175
6199 6321
6199 8308
6199 8375
6199 8451
6199 8899
6199 9737
6199 9861
6200 6841
6200 7948
6200 8307
6200 8344
6200 8763
6200 8992
6200 9011
6200 9905
6200 11732
6200 12280
6201 6268
6201 6662
6201 8254
6201 9836
6201 11059
6201 11345
6201 11606
6201 12498
6202 6328
6202 9947
6202 10561
6202 10673
6202 10875
6202 10960
6202 10971
6202 11148
6202 11465
6202 11804
6202 12137
6203 6553
6203 6767
6203 6970
6203 8425
6203 9359
6203 10332
6203 11598
6203 12314
6203 12416
6204 6853
6204 7096
6204 8476
6204 9784
6204 9917
6204 10594
6204 10692
6204 11278
6204 11833
6204 12210
6204 12314
6205 7092
6205 7622
6205 8599
6205 8720
6205 9049
6205 9316
6205 9810
6205 10029
6205 10739
6205 11068
6205 11094
6205 11192
6205 12313
6205 12401
6206 6312
6206 7668
6206 9704
6206 11424
6206 11458
6206 11477
6206 12229
6206 12260
6206 12386
6207 6662
6207 8253
6207 8254
6207 10083
6207 10841
6207 11080
6207 11156
6207 11160
6207 11345
6207 11369
6207 11415
6207 11983
6208 6276
6208 6309
6208 6358
6208 11095
6208 11098
6208 11131
6208 11164
6208 11191
6209 6673
6209 6702
6209 7052
6209 7053
6209 7331
6209 9823
6209 9886
6209 9895
6209 10313
6209 11960
6209 12112
6210 8568
6210 8736
6210 10080
6210 10248
6210 12560
6211 6318
6211 8307
6211 9727
6211 10695
6211 10877
6211 11359
6211 11399
6211 11732
6212 6642
6212 8021
6212 8570
6212 10767
6212 11948
6213 6252
6213 6359
6213 8706
6213 8746
6213 11627
6213 11693
6213 12347
6214 8814
6214 8824
6214 10018
6214 10539
6214 11086
6214 11326
6214 11340
6214 11358
6214 11675
6214 12008
6214 12149
6215 7072
6215 7161
6215 8436
6215 8851
6215 8905
6215 10250
6215 10337
6215 10427
6215 10655
6215 10975
6215 11620
6215 11643
6215 12583
6215 12639
6216 8714
6216 8758
6216 9073
6216 9595
6216 11136
6216 11194
6216 11561
6216 11735
6216 12400
6217 6943
6217 7194
6217 7812
6217 8032
6217 8571
6217 9578
6217 10596
6218 6826
6218 7332
6218 7504
6218 9408
6218 9569
6218 9610
6218 10150
6218 10271
6218 10899
6219 8011
6219 8243
6219 8439
6219 8574
6219 10209
6219 10843
6220 6269
6220 9921
6220 11200
6220 12394
6221 6332
6221 9322
6221 10652
6222 7934
6222 8096
6222 8374
6222 8675
6222 9058
6222 9934
6222 10682
6222 10702
6222 11382
6222 12078
6222 12111
6223 7160
6223 7255
6223 8907
6223 9531
6223 10087
6223 12270
6224 6991
6224 7647
6224 8345
6224 9523
6224 9663
6224 10895
6225 9482
6225 10590
6225 10712
6225 10838
6225 11726
6226 7806
6226 7807
6226 9216
6226 9551
6226 11459
6226 11862
6227 7196
6227 7656
6227 9852
6227 10362
6227 10443
6227 11403
6227 11968
6227 12025
6227 12055
6227 12265
6227 12317
6227 12548
6228 8726
6228 8880
6228 9016
6228 9923
6228 11287
6228 11294
6228 11501
6229 8573
6229 9563
6229 12344
6230 6275
6230 6311
6230 6993
6230 8739
6230 11458
6230 11858
6230 12204
6230 12397
6231 6335
6231 6418
6231 7323
6231 7475
6231 8594
6231 9967
6231 11290
6231 11419
6231 12201
6231 12608
6232 6744
6232 8316
6232 8484
6232 11095
6232 11098
6232 11262
6232 11318
6232 12282
6232 12616
6233 6869
6233 7603
6233 7716
6233 8404
6233 8679
6233 8991
6233 11394
6233 11848
6233 11902
6233 11917
6233 12092
6233 12341
6234 7267
6234 8957
6234 9940
6234 11203
6234 11303
6234 11380
6234 11594
6234 12498
6234 12526
6234 12623
6235 7074
6235 7997
6235 9533
6235 10649
6235 11560
6236 7937
6236 9875
6236 10064
6236 10361
6236 11792
6236 11831
6236 12044
6236 12545
6237 8183
6237 9502
6237 9587
6237 10300
6237 11610
6237 11897
6238 6351
6238 6635
6238 7549
6238 8377
6238 9031
6238 9115
6238 9601
6238 11103
6238 11903
6238 11992
6238 12374
6239 6557
6239 8212
6239 8921
6239 9180
6239 10263
6239 10933
6239 11509
6240 7273
6240 8630
6240 12617
6241 7800
6241 7990
6241 8962
6241 9918
6241 10234
6242 6768
6242 9672
6242 9805
6242 9819
6242 10030
6242 10810
6243 7201
6243 7977
6243 9496
6243 10152
6243 10607
6243 10866
6243 10925
6243 10977
6243 11523
6243 11529
6243 12413
6244 8176
6244 8314
6244 8391
6244 9509
6244 10329
6245 8966
6245 9859
6245 10553
6245 10640
6245 11343
6245 11808
6246 6322
6246 7632
6246 9788
6246 10122
6246 11651
6246 12272
6247 6933
6247 9333
6247 10007
6247 12306
6248 7042
6248 7184
6248 7420
6248 7594
6248 8776
6248 10223
6248 10777
6249 7198
6249 7730
6249 7764
6249 8266
6249 8636
6249 8772
6249 9820
6249 10920
6249 12446
6249 12572
6250 7542
6250 7657
6250 8008
6250 8562
6250 8583
6250 8629
6250 9291
6250 11577
6251 7987
6251 7988
6251 8135
6251 10428
6251 10574
6251 10628
6251 11249
6251 11297
6251 11398
6252 8706
6252 11580
6252 11693
6252 12347
6252 12393
6253 8231
6253 8911
6253 9126
6253 9486
6253 9602
6253 10469
6253 10626
6253 12250
6254 6604
6254 6774
6254 7006
6254 7633
6254 7713
6254 7751
6254 8456
6254 9165
6254 9301
6254 9395
6254 9457
6254 9469
6254 9470
6254 11754
6254 12258
6255 6257
6255 6365
6255 7217
6255 7519
6255 9657
6255 9870
6255 10608
6255 10791
6255 11942
6256 6913
6256 10069
6256 10397
6256 11660
6257 6365
6257 7217
6257 7519
6257 8441
6257 10608
6257 11942
6258 6422
6258 7046
6258 7261
6258 8207
6258 8715
6258 8783
6258 9277
6258 9405
6258 9487
6258 9922
6258 11129
6258 11199
6259 6370
6259 7479
6259 7778
6259 8548
6259 8735
6259 8940
6259 9023
6259 9269
6259 9778
6259 11666
6260 6372
6260 6961
6260 8787
6260 8828
6260 9460
6260 10641
6261 6605
6261 6999
6261 7023
6261 7680
6261 7935
6261 8283
6261 8553
6261 8576
6261 9010
6261 10565
6261 11178
6261 11532
6261 11539
6261 12602
6262 6429
6262 6756
6262 7369
6262 7537
6262 8217
6262 8531
6262 11261
6262 11363
6263 7008
6263 7073
6263 7651
6263 7874
6263 9785
6263 10719
6263 11028
6263 11569
6264 6401
6264 6791
6264 6934
6264 7216
6264 8503
6264 10102
6264 11286
6264 11288
6264 11417
6264 11830
6265 6273
6265 8035
6265 8132
6265 8559
6265 8614
6265 8621
6265 9977
6265 10749
6265 11060
6265 12407
6266 6425
6266 6427
6266 7946
6266 8294
6266 8640
6266 9402
6266 9909
6266 11572
6266 12262
6267 6599
6267 6832
6267 6948
6267 7320
6267 7469
6267 7949
6267 10431
6267 11591
6268 7267
6268 8185
6268 9836
6268 10508
6268 11059
6268 11345
6268 11606
6268 12255
6269 7207
6269 7474
6269 7635
6269 8300
6269 9057
6269 10085
6269 10734
6270 7171
6270 7946
6270 8294
6270 8386
6270 8532
6270 9077
6270 9213
6270 10646
6270 11270
6271 9547
6271 10740
6271 11122
6271 11123
6271 11420
6271 11452
6271 11457
6271 12307
6272 6312
6272 10936
6272 11291
6272 11424
6272 11477
6272 11645
6272 12229
6272 12260
6273 6852
6273 6887
6273 8035
6273 8132
6273 9054
6273 9977
6273 11058
6273 12407
6274 6336
6274 6560
6274 7339
6274 7418
6274 7700
6274 9530
6274 10579
6274 11177
6275 6311
6275 6827
6275 6993
6275 9141
6275 10408
6275 11458
6275 12397
6276 6309
6276 6358
6276 9667
6276 10818
6276 11131
6276 11361
6276 12388
6277 6287
6277 6639
6277 6643
6277 6745
6277 7629
6277 8942
6277 9301
6277 9769
6277 12205
6277 12369
6277 12673
6278 6852
6278 6981
6278 8274
6278 8485
6278 8559
6278 8614
6278 8742
6278 8980
6278 9020
6278 9768
6278 12370
6278 12688
6279 6472
6279 6636
6279 6705
6279 7324
6279 8896
6279 11547
6280 7518
6280 8362
6280 10133
6280 10304
6280 10842
6280 11233
6280 11784
6280 11789
6280 12109
6281 6403
6281 8483
6281 8618
6281 9356
6281 10043
6281 10301
6281 10426
6281 11182
6282 6944
6282 7965
6282 8104
6282 8450
6282 8469
6282 8798
6282 9062
6282 9431
6282 10328
6282 11063
6282 11222
6282 12214
6282 12422
6282 12423
6283 7127
6283 7745
6283 8236
6283 8585
6283 8588
6283 8613
6283 9003
6284 6967
6284 7510
6284 8275
6284 8333
6284 8660
6284 8719
6284 8792
6284 9561
6284 9755
6285 7827
6285 7982
6285 8369
6285 9815
6285 11673
6285 11795
6286 6678
6286 6961
6286 7232
6286 7939
6286 8237
6286 8787
6286 9273
6286 10129
6286 10335
6286 11407
6287 6643
6287 7629
6287 7703
6287 8597
6287 10177
6287 10178
6287 12369
6287 12673
6288 7756
6288 8568
6288 8587
6288 8616
6288 8970
6288 9019
6288 12560
6288 12692
6289 6299
6289 6351
6289 7325
6289 7473
6289 7594
6289 8776
6289 10310
6289 10509
6289 10723
6289 11992
6289 12461
6290 10856
6290 11100
6290 11473
6290 12322
6290 12390
6291 6798
6291 7522
6291 7640
6291 8673
6291 8924
6291 9279
6291 9371
6291 10832
6291 12657
6292 6293
6292 8586
6292 8741
6292 8876
6292 9511
6292 11625
6292 12678
6293 7152
6293 8338
6293 8586
6293 9511
6293 9627
6293 12678
6294 6346
6294 6704
6294 7749
6294 8304
6294 8358
6294 9241
6294 9575
6294 10991
6294 11650
6294 11869
6294 11893
6294 12071
6294 12330
6295 9012
6295 9596
6295 10135
6295 11150
6295 12415
6295 12421
6296 6522
6296 6678
6296 6839
6296 7728
6296 9273
6296 9521
6296 11634
6296 12325
6297 7359
6297 8518
6297 8729
6297 8947
6297 9799
6297 11236
6297 12240
6297 12429
6298 8150
6298 8879
6298 8894
6298 8960
6298 11064
6298 12159
6299 6374
6299 6635
6299 7675
6299 9757
6299 10509
6299 10723
6299 11545
6300 7585
6300 11148
6301 6968
6301 7293
6301 7640
6301 9087
6301 9396
6301 9918
6301 10348
6301 10459
6301 10612
6301 12085
6301 12279
6301 12330
6302 6562
6302 7084
6302 7329
6302 7508
6302 7699
6302 7934
6302 7940
6302 8371
6302 8794
6302 9574
6302 9724
6302 11498
6302 11503
6303 6757
6303 6830
6303 8265
6303 10169
6303 11223
6304 6490
6304 6856
6304 7123
6304 7581
6304 8240
6304 10083
6304 11495
6305 6317
6305 7323
6305 8724
6305 8951
6305 9967
6306 6311
6306 6827
6306 8430
6306 11198
6306 12397
6307 7476
6307 8573
6307 9059
6307 10489
6307 11122
6307 12228
6307 12344
6308 9036
6308 9353
6308 11116
6308 12375
6309 8691
6309 9667
6309 11131
6309 11164
6309 11361
6309 12388
6310 8293
6310 8484
6310 8728
6310 11313
6310 11318
6311 6993
6311 8739
6311 8740
6311 11198
6311 11458
6311 12204
6311 12397
6312 7668
6312 11291
6312 11424
6312 11477
6312 11645
6312 12229
6312 12260
6313 7108
6313 8196
6313 8700
6313 11607
6313 11852
6313 12259
6314 6763
6314 7768
6314 7891
6314 8352
6314 9266
6314 10435
6314 10826
6314 11602
6314 12110
6314 12150
6314 12271
6314 12277
6315 6796
6315 6893
6315 7740
6315 8029
6315 8127
6315 8750
6315 8923
6315 8996
6315 9264
6315 11115
6315 12614
6316 6520
6316 7595
6316 7755
6316 8342
6316 8505
6316 8791
6316 9065
6316 10156
6316 11272
6316 12571
6317 6335
6317 7323
6317 7421
6317 8594
6317 8616
6317 8724
6317 8951
6317 8988
6317 11117
6317 12373
6317 12424
6317 12608
6317 12672
6317 12692
6318 7853
6318 8307
6318 9011
6318 9294
6318 9905
6318 10877
6318 11359
6318 11399
6318 11732
6318 12014
6319 6511
6319 9376
6319 9670
6319 9792
6319 9853
6319 11088
6319 11091
6319 11723
6320 6346
6320 7611
6320 7868
6320 7882
6320 9995
6320 10813
6320 10842
6320 11233
6320 12071
6321 8306
6321 8308
6321 8375
6321 8451
6322 6696
6322 6842
6322 7632
6322 8696
6322 9788
6322 10870
6322 11349
6322 11651
6322 12011
6323 7319
6323 7488
6323 8594
6323 8760
6323 11057
6324 7073
6324 7602
6324 8414
6324 9053
6324 9445
6324 9615
6324 9785
6324 10302
6324 10927
6324 11686
6324 11840
6325 7416
6325 8677
6325 9921
6326 7179
6326 8861
6326 10005
6326 10247
6326 11505
6326 12366
6327 6739
6327 7816
6327 8475
6327 8844
6327 10269
6327 10359
6327 11042
6327 11775
6328 7585
6328 9360
6328 10316
6328 10561
6328 10673
6328 10875
6328 10959
6328 11023
6328 11148
6328 11355
6328 11454
6328 11465
6329 8876
6329 11625
6330 7720
6330 9140
6330 10092
6330 10326
6330 11373
6330 11619
6330 11750
6330 12252
6331 6333
6331 6334
6331 6988
6331 7607
6331 8771
6331 9516
6331 11388
6332 10386
6332 11636
6333 6334
6333 6935
6333 6988
6333 7607
6334 6935
6334 6988
6334 7607
6334 8329
6334 9516
6334 10389
6334 11051
6334 11388
6335 7323
6335 7421
6335 7488
6335 8594
6335 8616
6335 8724
6335 9037
6335 11057
6335 12201
6335 12424
6335 12608
6335 12672
6336 6350
6336 6560
6336 7339
6336 7418
6336 7430
6336 7466
6336 8709
6336 8953
6336 10073
6336 11177
6336 12403
6337 6947
6337 7567
6337 8215
6337 8321
6337 8520
6337 8710
6337 9803
6337 9831
6337 10499
6337 11475
6337 11562
6337 12389
6338 6915
6338 7191
6338 7409
6338 7592
6338 8025
6338 8270
6338 9674
6338 10763
6338 10796
6338 11564
6338 11936
6338 12342
6339 6538
6339 6736
6339 7203
6339 7377
6339 8413
6339 9932
6339 10436
6339 11180
6339 11377
6339 12541
6340 6368
6340 6806
6340 7610
6340 9801
6340 9924
6340 10742
6340 11200
6340 11298
6340 12381
6341 6608
6341 6682
6341 6836
6341 6982
6341 8089
6341 8963
6341 10171
6341 10173
6341 10190
6341 12437
6342 7126
6342 9367
6342 9735
6342 11106
6342 12421
6343 6344
6343 6757
6343 6781
6343 6830
6343 7084
6343 7574
6343 8794
6343 9724
6343 10689
6343 11231
6343 11503
6344 6781
6344 7084
6344 7574
6344 8794
6344 11231
6345 6955
6345 7501
6345 9094
6345 10955
6345 11085
6345 11347
6345 11416
6345 11584
6346 6355
6346 6816
6346 7739
6346 8023
6346 8058
6346 8358
6346 9995
6346 10506
6346 10813
6346 10991
6346 11869
6346 12071
6347 6348
6347 7620
6347 7909
6347 7985
6347 8247
6347 8521
6347 10032
6348 7620
6348 7909
6348 8247
6348 10032
6349 6958
6349 7527
6349 8065
6349 8872
6349 9039
6349 11264
6349 12151
6349 12577
6350 7418
6350 7430
6350 8709
6350 8953
6350 10073
6350 12403
6351 6573
6351 7325
6351 7473
6351 7730
6351 9031
6351 9601
6351 9820
6351 10920
6351 11903
6351 11992
6351 12461
6351 12572
6352 6402
6352 6797
6352 11590
6352 11733
6352 11829
6352 12328
6353 6817
6353 7963
6353 8268
6353 8708
6353 9033
6353 10457
6353 11414
6354 6555
6354 6577
6354 6657
6354 7144
6354 7383
6354 10851
6354 11154
6354 11657
6355 6816
6355 6895
6355 8058
6355 8059
6355 10299
6355 10506
6355 10813
6356 6360
6356 6429
6356 7038
6356 7935
6356 8579
6356 8612
6356 8988
6356 9010
6356 10918
6356 11065
6356 11228
6356 11261
6356 11344
6356 11451
6356 11755
6356 12373
6357 7553
6357 7670
6357 8223
6357 8535
6357 9960
6357 10711
6357 11061
6357 11499
6357 11801
6357 12616
6358 8721
6358 10818
6358 11075
6358 11098
6358 11127
6358 11131
6358 11191
6358 11262
6358 12282
6358 12388
6359 8746
6359 11107
6359 11123
6359 11166
6359 11420
6359 12399
6360 7798
6360 7910
6360 8604
6360 8674
6360 8988
6360 10918
6360 11012
6360 11102
6360 11228
6360 11255
6360 11451
6360 12373
6361 7270
6361 7996
6361 8589
6361 9803
6361 11418
6361 11474
6361 11475
6361 12382
6361 12404
6361 12432
6362 6815
6362 6887
6362 8035
6362 8721
6362 8757
6362 9154
6362 9913
6362 11060
6362 11176
6362 11441
6362 11667
6362 12407
6362 12567
6363 6659
6363 10019
6363 10598
6363 10618
6364 7423
6364 8668
6364 8731
6364 8866
6364 9038
6364 9646
6364 10743
6364 11655
6364 11668
6365 7217
6365 8441
6365 9657
6365 9666
6365 10791
6365 11942
6366 7744
6366 7778
6366 8228
6366 8864
6366 9063
6366 10082
6367 6733
6367 7090
6367 7229
6367 7336
6367 9430
6367 9685
6367 10494
6367 10708
6367 10710
6367 10775
6367 10971
6367 11508
6367 11612
6367 11804
6368 8257
6368 10742
6368 10836
6368 11298
6368 11600
6369 7976
6369 8508
6369 8590
6369 11162
6369 11208
6369 11596
6369 12385
6369 12387
6370 7479
6370 8548
6370 8578
6370 8735
6370 8940
6370 9023
6370 11111
6370 11666
6371 6900
6371 6965
6371 8827
6371 8837
6371 9625
6371 9808
6371 10096
6371 10353
6371 10483
6371 11053
6371 11518
6371 11671
6371 11745
6372 9460
6372 9878
6372 10641
6372 11260
6372 11310
6372 11825
6372 12467
6373 6686
6373 7272
6373 7911
6373 9906
6373 11859
6374 6607
6374 6635
6374 7675
6374 9757
6374 10218
6374 10509
6374 10773
6374 11545
6374 11786
6375 6892
6375 7849
6375 8102
6375 8847
6375 9591
6375 11397
6375 12180
6375 12244
6376 6622
6376 7766
6376 10361
6376 12022
6376 12044
6376 12459
6377 7410
6377 8722
6377 9436
6377 10709
6377 11010
6378 6824
6378 7861
6378 7929
6378 8040
6378 8638
6378 8901
6378 9635
6378 12217
6379 6764
6379 8214
6379 9177
6379 10562
6380 7863
6380 7879
6380 8007
6380 8130
6380 10428
6380 11297
6380 11398
6380 12121
6380 12129
6381 6725
6381 9382
6381 10102
6381 11835
6382 6614
6382 8143
6382 9414
6382 9451
6382 9743
6382 9861
6382 10691
6383 6704
6383 6723
6383 6858
6383 7626
6383 7749
6383 8166
6383 8299
6383 11807
6384 7378
6384 9161
6385 8528
6385 8649
6385 9392
6385 9476
6385 10161
6385 10333
6385 10999
6385 11314
6385 11845
6386 10051
6387 7335
6387 7747
6387 9419
6387 10153
6388 7801
6388 9731
6388 9979
6388 10412
6388 12442
6389 6542
6389 6834
6389 7205
6389 7662
6389 7829
6389 8348
6389 8431
6389 9560
6389 9824
6389 12236
6390 9327
6390 9489
6390 9593
6390 10912
6390 11462
6390 11836
6390 12285
6390 12287
6391 7662
6391 10576
6392 6735
6392 9761
6392 9930
6392 10939
6392 10968
6392 11077
6392 11173
6392 11352
6392 11783
6393 7017
6393 7067
6393 8343
6393 8749
6393 10126
6393 10473
6393 12254
6394 6480
6394 6508
6394 8156
6394 8288
6395 9959
6395 10522
6395 11492
6395 12542
6395 12549
6396 7343
6396 7507
6396 8370
6396 9175
6396 11578
6397 8121
6397 8523
6397 8899
6397 10288
6398 7774
6398 7992
6398 8525
6398 8526
6398 10212
6398 11338
6398 11346
6398 11447
6399 6671
6399 7130
6399 7408
6399 7469
6399 8378
6399 10353
6399 10897
6399 11025
6399 11028
6399 11034
6399 11591
6399 11891
6400 6750
6400 7171
6400 7704
6400 8231
6400 8640
6400 8911
6400 9313
6400 9486
6400 9602
6400 11270
6401 7127
6401 7216
6401 7996
6401 8360
6401 8392
6401 8552
6401 8589
6401 8994
6401 9162
6401 9261
6401 10112
6401 11286
6401 11417
6401 11830
6402 6807
6402 11802
6402 11829
6403 7401
6403 8618
6403 9151
6403 9356
6403 10426
6404 6644
6404 6848
6404 6985
6404 7091
6404 7284
6404 7753
6404 8313
6404 9123
6404 9257
6404 11588
6405 6546
6405 7130
6405 7277
6405 7408
6406 9335
6406 9994
6407 7074
6407 7997
6407 9612
6407 9874
6408 6520
6408 7392
6408 7755
6408 12571
6409 6711
6409 6715
6409 8473
6409 9070
6409 9345
6409 9352
6409 9588
6409 9832
6409 9927
6409 9941
6409 10588
6409 10966
6409 11356
6409 11445
6409 11800
6410 6487
6410 7850
6410 8442
6410 9250
6410 9448
6410 9568
6410 9598
6411 7808
6411 7970
6411 8840
6411 9253
6411 9744
6411 9915
6411 10158
6411 10384
6411 11481
6412 7503
6412 8764
6412 9111
6412 9680
6412 9722
6412 10072
6412 10401
6412 11843
6413 6467
6413 7134
6413 8401
6413 9842
6413 9854
6413 9996
6413 10865
6413 10931
6413 10995
6413 11638
6413 11648
6413 12383
6414 6441
6414 7665
6414 10060
6415 9267
6415 11120
6416 9173
6416 9174
6416 9401
6416 9458
6416 9874
6416 10649
6417 10284
6417 10582
6417 11573
6418 6449
6418 8208
6418 8777
6418 9975
6418 10006
6418 10101
6418 10108
6418 10726
6418 11078
6418 11105
6418 11290
6418 11845
6419 6854
6419 8232
6419 9406
6420 6462
6420 7056
6420 8860
6420 9136
6420 9147
6420 9280
6420 9582
6420 10439
6420 11876
6420 11989
6420 12257
6421 6438
6421 6664
6421 6803
6421 7311
6421 9083
6422 8715
6422 8783
6422 9405
6422 9487
6422 10411
6422 11199
6423 6676
6423 6860
6423 8816
6423 10780
6423 10841
6423 11210
6423 12070
6424 6935
6424 7556
6424 9348
6424 9693
6424 9922
6424 10389
6424 10917
6424 11005
6424 11129
6424 11230
6424 11461
6424 12392
6425 6427
6425 7946
6425 8640
6425 8680
6425 8911
6425 9402
6426 7220
6426 7748
6426 8158
6426 8403
6426 9153
6426 9461
6426 9868
6426 9880
6426 12305
6427 7946
6427 8317
6427 8538
6427 8640
6427 8680
6427 8911
6427 9402
6427 9909
6427 11572
6428 6430
6428 9572
6428 9866
6428 10130
6428 10637
6428 12526
6429 6756
6429 7023
6429 7038
6429 7369
6429 7680
6429 7935
6429 8217
6429 9010
6429 11261
6429 11363
6429 11451
6429 11539
6430 9572
6430 9866
6430 12526
6431 6515
6431 6818
6431 6910
6431 9539
6431 10219
6431 10323
6431 11819
6431 12000
6431 12142
6431 12489
6431 12513
6431 12548
6432 8154
6432 9060
6432 10775
6433 6952
6433 7292
6433 7693
6433 8260
6433 8862
6433 9694
6433 10137
6433 11962
6433 11988
6433 12197
6434 6517
6434 7913
6434 8150
6435 7367
6435 7459
6435 7718
6435 7876
6435 8513
6435 8608
6435 8643
6435 8704
6435 10004
6436 7592
6436 8678
6436 9341
6436 9706
6436 9847
6436 10149
6437 6614
6437 7082
6437 7276
6437 8122
6437 8140
6437 9451
6437 9542
6437 10659
6437 10788
6437 10814
6437 11013
6437 11168
6437 11258
6437 11500
6438 6621
6438 6664
6438 7311
6438 7577
6438 10543
6438 10573
6439 6467
6439 6680
6439 9842
6439 9854
6439 10636
6439 10865
6439 10868
6439 11234
6439 11341
6439 11374
6439 11821
6440 7042
6440 7296
6440 8382
6440 11688
6441 6452
6441 9200
6441 10060
6441 11073
6442 6818
6442 7506
6442 9254
6442 9539
6442 10275
6442 10616
6442 11679
6442 12174
6443 6450
6443 6668
6443 7434
6443 9459
6443 9870
6443 10050
6443 10159
6443 11502
6444 6537
6444 7065
6444 8485
6444 10142
6444 10720
6444 11001
6445 7372
6445 7758
6445 8197
6445 8339
6445 9987
6445 10507
6445 11731
6446 7530
6446 7545
6446 8811
6446 10258
6446 10844
6446 11072
6447 7520
6447 9385
6447 10288
6448 6859
6448 7698
6448 10124
6449 8777
6449 9589
6449 10101
6449 10108
6449 10943
6449 11078
6449 11516
6449 12396
6449 12458
6450 6668
6450 7995
6450 8490
6450 9459
6450 10050
6450 11502
6451 6869
6451 7658
6451 8068
6451 9562
6451 9694
6451 10932
6451 11227
6452 7573
6452 7923
6452 9200
6452 9541
6452 9542
6452 9566
6452 10755
6452 10831
6452 11073
6452 11500
6453 7057
6453 7495
6453 7528
6453 7631
6453 7859
6453 8637
6453 8665
6453 8842
6453 9888
6453 12045
6454 7114
6454 8459
6454 9085
6454 10566
6454 10666
6454 11074
6455 6472
6455 6587
6455 6716
6455 6881
6455 11953
6456 6940
6456 6959
6456 7790
6456 9311
6456 9425
6456 9604
6456 11491
6456 11868
6457 7496
6457 8407
6457 8451
6457 9275
6457 12184
6458 6690
6458 7098
6458 7393
6458 9575
6458 10922
6458 11036
6458 11574
6458 12207
6459 6580
6459 7578
6459 7925
6459 8698
6459 8860
6459 9127
6459 9582
6459 9701
6459 11734
6460 6609
6460 8499
6460 9130
6460 9173
6460 9822
6461 8495
6461 8601
6461 8914
6461 9435
6461 11130
6461 11655
6461 11672
6462 6580
6462 8261
6462 8536
6462 8860
6462 9136
6462 9147
6462 9280
6462 9415
6462 9582
6463 6775
6463 6824
6463 7251
6463 7856
6463 7929
6463 7971
6463 11480
6463 11637
6463 11662
6463 12074
6463 12101
6463 12472
6464 6829
6464 6962
6464 7145
6464 7941
6464 9134
6464 9319
6464 9679
6464 9741
6464 10228
6464 10266
6464 10276
6464 12269
6465 7395
6465 7547
6465 7954
6465 9559
6465 9830
6465 10077
6465 12105
6465 12123
6466 9183
6466 9969
6466 10243
6466 10978
6466 11207
6466 11392
6467 6680
6467 6829
6467 7134
6467 7274
6467 8678
6467 9564
6467 9842
6467 9854
6467 9996
6467 11218
6467 11234
6467 11821
6467 12301
6468 6996
6468 11916
6468 11928
6468 12163
6468 12583
6469 6599
6470 7241
6470 7431
6470 7824
6470 8160
6470 8748
6470 9548
6470 10575
6470 12263
6470 12592
6470 12649
6470 12670
6471 6851
6471 6990
6471 8241
6471 9825
6471 10802
6471 11567
6471 11568
6471 12248
6472 6636
6472 6716
6472 6881
6472 7342
6472 8896
6472 9863
6472 11953
6473 6771
6473 6789
6473 7239
6473 8527
6473 9178
6473 10139
6473 11647
6473 11866
6474 6909
6474 7009
6474 7784
6474 7959
6474 8486
6474 9025
6474 9164
6474 9206
6474 9513
6474 9767
6474 10472
6475 6490
6475 9735
6475 10215
6475 10318
6475 10869
6475 10953
6475 11295
6476 6479
6476 7724
6476 8373
6476 8502
6476 8908
6476 9728
6477 6660
6477 6758
6477 7163
6477 7999
6477 9442
6477 9506
6478 6715
6478 7175
6478 7942
6478 8473
6478 9068
6478 9352
6478 11356
6478 11890
6478 11957
6479 9484
6479 10559
6479 11146
6480 7283
6480 7494
6480 7649
6480 8288
6480 9478
6480 11675
6481 6602
6481 7591
6481 9345
6481 9607
6481 10373
6481 10797
6481 11391
6482 7056
6482 8893
6482 9524
6482 10764
6482 11221
6483 7307
6484 6805
6484 7190
6484 7322
6484 8357
6484 8551
6485 7314
6485 7968
6485 8167
6485 9970
6485 10420
6485 10421
6485 10642
6486 6819
6486 6964
6486 8799
6486 9733
6486 9764
6486 9811
6486 10333
6486 12219
6487 7850
6487 9250
6487 9448
6488 8012
6488 9067
6488 9182
6488 9487
6488 9556
6488 9752
6488 9758
6488 11644
6489 7737
6489 8786
6489 9055
6489 10744
6489 11313
6489 11621
6490 7321
6490 8240
6490 8326
6490 8658
6490 9735
6490 10083
6490 10215
6490 10618
6490 11495
6490 12376
6491 7050
6491 7374
6491 7437
6491 8298
6491 8941
6491 9229
6491 9550
6491 10770
6492 6777
6492 7896
6492 8730
6492 9201
6492 9467
6492 10756
6493 6525
6493 6539
6493 6710
6493 7275
6493 7297
6493 8209
6493 10798
6493 12326
6494 9350
6494 9420
6494 9426
6495 6776
6495 7646
6495 7877
6495 9740
6496 6726
6496 9146
6496 9509
6496 9512
6496 9937
6496 10395
6496 11135
6496 11501
6496 11665
6496 12481
6497 8225
6497 8394
6497 9315
6497 9776
6497 10294
6497 10722
6498 6500
6498 6541
6498 8201
6498 10381
6499 6534
6499 6535
6499 6786
6499 8413
6500 6541
6500 7302
6501 6517
6501 6617
6501 7102
6501 7912
6501 8051
6501 9314
6501 9491
6501 10269
6502 6886
6502 7066
6502 7725
6502 9051
6502 9105
6502 9219
6502 9606
6502 10396
6502 11488
6502 12341
6503 8311
6503 9926
6503 10353
6503 10556
6503 11671
6504 6855
6504 9989
6504 10790
6505 6728
6505 7103
6505 8141
6505 8317
6505 9307
6505 9330
6506 6714
6506 9062
6506 9120
6506 9431
6507 11432
6507 11679
6507 11955
6508 8295
6508 10018
6508 10076
6508 10194
6508 11340
6508 11675
6508 12008
6509 6724
6509 7605
6509 7845
6509 8027
6509 8751
6509 10144
6509 10656
6510 11761
6511 6735
6511 9376
6511 9707
6511 9792
6511 10092
6511 10433
6511 10714
6511 11091
6511 11224
6512 9461
6512 9573
6512 9597
6512 11517
6513 8636
6513 8772
6513 10023
6513 10413
6514 7245
6514 8523
6514 8766
6514 10506
6515 7164
6515 7506
6515 10275
6516 6795
6516 9455
6516 10516
6516 10519
6516 10533
6516 10982
6516 11275
6517 7912
6517 8051
6517 8879
6517 9491
6517 10269
6518 9897
6519 6713
6519 8444
6519 9142
6519 9235
6519 9639
6519 10232
6519 10272
6520 7392
6520 7755
6520 8342
6520 8505
6520 10012
6520 12571
6521 7142
6521 8162
6521 8775
6521 9869
6521 9958
6521 10929
6521 10970
6521 11714
6521 12133
6522 6564
6522 6839
6522 9521
6522 9841
6522 10129
6522 10335
6522 10564
6522 11550
6522 11609
6522 11634
6522 11661
6523 7611
6523 7640
6523 7868
6523 8673
6523 9087
6524 8037
6524 10176
6524 11573
6524 11838
6525 6539
6525 6710
6525 8209
6525 10192
6525 10951
6525 11241
6525 12334
6525 12359
6525 12412
6525 12527
6526 7550
6526 8214
6526 10078
6526 11615
6527 6676
6527 7132
6527 7738
6527 8689
6527 10780
6527 11945
6528 6954
6528 7681
6528 9555
6528 11963
6529 7574
6529 8278
6529 8496
6529 9259
6529 9951
6529 10123
6529 10687
6529 11231
6529 12362
6530 10163
6530 10837
6530 12207
6531 7491
6531 9719
6531 10779
6531 10782
6532 6833
6532 7345
6532 7968
6532 9836
6532 10000
6532 11706
6533 7619
6533 8199
6533 9327
6533 9440
6533 10781
6534 6786
6534 8359
6534 11753
6535 8413
6535 10925
6535 12541
6536 8514
6536 9092
6536 9126
6536 9603
6536 9678
6536 10117
6536 10248
6536 10287
6536 11813
6536 11814
6537 7065
6537 10142
6537 11001
6538 7203
6538 7377
6538 7641
6538 7671
6539 6710
6539 7297
6539 7536
6539 8447
6539 10192
6539 10798
6539 11241
6539 11952
6539 12030
6540 7650
6540 7760
6540 9350
6540 9391
6540 10312
6540 10760
6541 8201
6541 10033
6541 11527
6542 6834
6542 7790
6542 7829
6542 7922
6542 8351
6542 9560
6542 9604
6542 9824
6542 12236
6543 6609
6543 7443
6543 7453
6543 8781
6543 9130
6543 9173
6543 9174
6543 9458
6544 7176
6544 7642
6544 9097
6544 9510
6544 9522
6544 9772
6544 10778
6544 12223
6545 8402
6545 9612
6546 7130
6546 7408
6546 7552
6546 8210
6546 9286
6546 9287
6547 7472
6547 11251
6547 11528
6548 7094
6548 8777
6548 10726
6548 10900
6548 11612
6549 6645
6549 7674
6549 8037
6549 10679
6550 7614
6550 8282
6550 9555
6550 10384
6550 11616
6551 6804
6551 6920
6551 7835
6551 8076
6551 8366
6551 8868
6551 9961
6551 10370
6551 12646
6552 6562
6552 7236
6552 7934
6552 8675
6552 8819
6552 9574
6552 11960
6552 12111
6552 12164
6552 12367
6553 6767
6553 8425
6553 9359
6553 9882
6553 10883
6553 10887
6553 10890
6553 11153
6553 11322
6553 11464
6553 11709
6553 11833
6553 12416
6554 6561
6554 6718
6554 6875
6554 7678
6554 8300
6554 9645
6554 9652
6554 10672
6555 8690
6555 9233
6555 10741
6555 10853
6555 10878
6555 10969
6555 11154
6555 11657
6556 6894
6556 7741
6556 7945
6556 8091
6556 8768
6556 10565
6556 11524
6556 11908
6557 6921
6557 8212
6557 9180
6557 10794
6557 10933
6557 11509
6558 6783
6558 7343
6558 7352
6558 9138
6558 10748
6558 10793
6558 11388
6558 12222
6559 8556
6559 8756
6560 6934
6560 7308
6560 7339
6560 7418
6560 7556
6560 7700
6560 7899
6560 9530
6560 10579
6560 10713
6560 11005
6560 11219
6560 11226
6560 11552
6561 9238
6561 9341
6561 9644
6561 9645
6561 9652
6561 10149
6561 10805
6561 10809
6562 7052
6562 7053
6562 7331
6562 7699
6562 7934
6562 7940
6562 11960
6562 12078
6563 7682
6563 7994
6563 9078
6563 9637
6563 10645
6563 10677
6564 10129
6564 10564
6564 11550
6565 6729
6565 7268
6565 8532
6565 9428
6565 11052
6565 11525
6565 12377
6566 6589
6566 6590
6566 6592
6566 6913
6566 6916
6566 8000
6566 10069
6566 10397
6566 11839
6566 11910
6566 11923
6566 11978
6566 12277
6566 12311
6567 8383
6567 10799
6567 10922
6567 11522
6567 11574
6567 11581
6567 11943
6567 12196
6568 8271
6568 8423
6568 9949
6568 10211
6568 10398
6569 8326
6569 8530
6569 10471
6569 10618
6570 9747
6570 10850
6570 10861
6570 11153
6570 11833
6571 7641
6571 11121
6571 11155
6571 11440
6571 11467
6571 11934
6572 6813
6572 8264
6572 11738
6572 12275
6573 7325
6573 7730
6573 9031
6573 9820
6573 10920
6574 7064
6574 7258
6574 8031
6574 8551
6574 9026
6574 9228
6574 9794
6574 10487
6574 10844
6574 11072
6575 6582
6575 6585
6575 7673
6575 8805
6575 9339
6575 9427
6576 6658
6576 7387
6576 7889
6577 6582
6577 7383
6577 8805
6577 9339
6577 9372
6577 9427
6577 11093
6578 6717
6578 8550
6578 9079
6578 9586
6578 10107
6578 11133
6578 12308
6578 12412
6579 6813
6579 6960
6579 7289
6579 8918
6579 9359
6579 9446
6579 9882
6579 10559
6579 10669
6579 11146
6579 11738
6579 11782
6580 8186
6580 8261
6580 8536
6580 8860
6580 9127
6580 9136
6580 9415
6580 9582
6581 7883
6581 8010
6582 8805
6582 9339
6582 9427
6582 11093
6583 7263
6583 8200
6583 8208
6583 8839
6583 9103
6583 9975
6583 10108
6583 12478
6584 7252
6584 8144
6584 10951
6585 7408
6585 7900
6585 8113
6585 8205
6585 9168
6585 9489
6585 9670
6586 7113
6586 7249
6586 8182
6586 11519
6587 6636
6587 6716
6587 6742
6587 6881
6587 7690
6587 9089
6587 9675
6587 10034
6587 11953
6588 6772
6588 8992
6588 9634
6588 9698
6588 10817
6588 12292
6589 6590
6589 6592
6589 6913
6589 8000
6589 8352
6590 6592
6590 6732
6590 6913
6590 8000
6590 8352
6590 11839
6591 6677
6591 7022
6591 8443
6592 6732
6592 6913
6592 8000
6592 8352
6592 10069
6592 11839
6592 11923
6592 11978
6592 12277
6593 9479
6593 9736
6593 11319
6593 11522
6593 12183
6594 7303
6594 9421
6594 9845
6594 10090
6594 10121
6594 12292
6595 6700
6595 7555
6595 9135
6595 9567
6595 10759
6595 11631
6596 8764
6596 9680
6596 10148
6596 10391
6596 11112
6596 11406
6597 6783
6597 9864
6597 10793
6598 7455
6598 8090
6598 8195
6598 8845
6598 9858
6598 12281
6599 6832
6599 7320
6599 7469
6600 7383
6600 7386
6600 7532
6600 7892
6600 7967
6600 9549
6600 11399
6600 11591
6601 7218
6601 8005
6601 10833
6601 10858
6601 11009
6601 11496
6602 7483
6602 8201
6602 9588
6602 9721
6602 10373
6602 11391
6603 6615
6603 6845
6603 8490
6603 9069
6603 10200
6603 10201
6603 10482
6603 10613
6603 11311
6603 12630
6604 7006
6604 7713
6604 7989
6604 9165
6604 9176
6604 9475
6605 6989
6605 6999
6605 7023
6605 7340
6605 7935
6605 8460
6605 8620
6605 9364
6605 9765
6605 11178
6605 11532
6605 12417
6606 6797
6606 7785
6606 8570
6606 9070
6606 9890
6606 10767
6606 11269
6606 11733
6607 6867
6607 7325
6607 8776
6607 8993
6607 9416
6607 9744
6607 10158
6607 10218
6607 10671
6607 11487
6607 11786
6608 6720
6608 6836
6608 7368
6608 7807
6608 8963
6608 11905
6608 12170
6608 12292
6608 12437
6608 12462
6609 7443
6609 8499
6609 8781
6609 9130
6609 9173
6609 11232
6610 6790
6610 7489
6610 8632
6610 9176
6610 11543
6610 11577
6611 7565
6611 8679
6611 8712
6611 8991
6611 9370
6611 9535
6611 10081
6611 10363
6611 11629
6611 12231
6611 12573
6612 6625
6612 6649
6612 7040
6612 7390
6612 7449
6612 8105
6612 10031
6612 10896
6613 7799
6613 8519
6613 8990
6613 9061
6613 11528
6614 7276
6614 8122
6614 8143
6614 9170
6614 9414
6614 9451
6614 9671
6615 7887
6615 8490
6615 9069
6615 9655
6615 10201
6615 11311
6615 11761
6615 12630
6616 6905
6616 6977
6616 8352
6616 8956
6616 11949
6616 12025
6616 12086
6616 12110
6617 7102
6617 7461
6617 8028
6617 8051
6617 8669
6617 8932
6617 9491
6617 11599
6618 6619
6618 7697
6618 10091
6618 10159
6618 11892
6618 12091
6618 12579
6619 10091
6619 10477
6619 11892
6619 12012
6619 12036
6619 12579
6620 7689
6620 8086
6620 10605
6620 12158
6621 7577
6621 8082
6621 8085
6621 10346
6621 10573
6621 11860
6621 11986
6621 12060
6621 12088
6621 12178
6622 7766
6622 10361
6622 12044
6622 12459
6623 6945
6623 7067
6623 7147
6623 8815
6623 11740
6624 7509
6624 7688
6624 8213
6624 8403
6624 8586
6624 8876
6624 9143
6624 10203
6624 11238
6624 11604
6624 12305
6624 12695
6625 6649
6625 7040
6625 7390
6625 7979
6625 8105
6625 9505
6625 10297
6625 10896
6626 7076
6626 8246
6626 9165
6626 10154
6626 10738
6626 11360
6627 6629
6627 6655
6627 6877
6627 7796
6627 7828
6627 8340
6627 9664
6627 9771
6627 9955
6627 10638
6627 11683
6628 7684
6628 8191
6628 8621
6628 9053
6628 12596
6629 6655
6629 6706
6629 6877
6629 7035
6629 7612
6629 7962
6629 8340
6629 8351
6629 10042
6629 10638
6629 11683
6630 8047
6630 8768
6630 9765
6630 9997
6630 11524
6631 9764
6631 9811
6631 10560
6631 12325
6632 6874
6632 8052
6632 8107
6632 8608
6632 8643
6633 7407
6633 7563
6633 9267
6633 9307
6633 9330
6633 11097
6633 11280
6634 8991
6634 9562
6634 10077
6634 10396
6634 11629
6634 11902
6634 12092
6634 12341
6635 6909
6635 7549
6635 8377
6635 9115
6635 11545
6635 12374
6636 6705
6636 6881
6636 7342
6636 8896
6636 9169
6636 9256
6636 9675
6636 10034
6637 7010
6637 7482
6637 7661
6637 8033
6637 9884
6637 11579
6638 6709
6638 6747
6638 7343
6638 7586
6638 7630
6638 8194
6638 9690
6638 9896
6638 12343
6639 6643
6639 6745
6639 7629
6639 7703
6640 7447
6640 8009
6640 8802
6640 8836
6640 8874
6640 9036
6640 9107
6640 11534
6640 11857
6640 12128
6641 9138
6642 8021
6642 8570
6642 10767
6642 11948
6642 12173
6643 6911
6643 7703
6643 8131
6643 8597
6643 8942
6643 9790
6643 10265
6643 11542
6643 12351
6643 12369
6643 12565
6644 6985
6644 7091
6644 7284
6644 7570
6644 9006
6644 9822
6644 10665
6644 11763
6644 12081
6645 7674
6645 9134
6646 7657
6646 8008
6646 8461
6646 11796
6647 7101
6647 7691
6647 10061
6647 10551
6648 7326
6648 8136
6648 8192
6648 8985
6648 9106
6648 9368
6648 12428
6649 7040
6649 9499
6649 9505
6649 10031
6649 10297
6649 10896
6650 6986
6650 7283
6650 7387
6650 10111
6650 10284
6650 10383
6650 11358
6651 10168
6651 11541
6651 11752
6651 12342
6652 8116
6652 8773
6652 10728
6652 11543
6652 11577
6653 7350
6653 8695
6653 8922
6653 9613
6653 9743
6653 11266
6653 11771
6654 8276
6654 8482
6654 8494
6655 7612
6655 7828
6655 7962
6655 8123
6655 8848
6655 10042
6655 10638
6655 11017
6655 11404
6655 11683
6655 12232
6656 6863
6656 7340
6656 7439
6656 8047
6656 9364
6656 9760
6656 12360
6656 12566
6657 7406
6657 9265
6657 10741
6657 11154
6657 11441
6657 12234
6658 6994
6658 10237
6659 9144
6659 10758
6660 6866
6660 10255
6660 10303
6660 10690
6661 6748
6661 7684
6661 8095
6661 8131
6661 8544
6661 8545
6661 8950
6661 9018
6661 12080
6661 12371
6662 7321
6662 8254
6662 8645
6662 10083
6662 10213
6662 10841
6662 11080
6662 11415
6662 11606
6663 6724
6663 9082
6664 6818
6664 9083
6664 10275
6665 7216
6665 8443
6665 9420
6665 9583
6665 10102
6666 6957
6666 7014
6666 7652
6666 9152
6666 9846
6666 10594
6666 10688
6666 10736
6666 10996
6666 10998
6666 12233
6667 7178
6667 7358
6667 8174
6667 8189
6667 9434
6667 10123
6667 10311
6667 10377
6667 10687
6667 11281
6667 11412
6667 11798
6668 7187
6668 7434
6668 7995
6668 9459
6668 10050
6668 10063
6668 10066
6669 6672
6669 9964
6669 10053
6669 10173
6669 10190
6669 10690
6669 11822
6670 8429
6670 10103
6670 10187
6670 10598
6670 10833
6671 8378
6671 8415
6671 9445
6671 9615
6671 10927
6671 11025
6672 6866
6672 6889
6672 6982
6672 7843
6672 9714
6672 9715
6672 10690
6672 11822
6672 12264
6673 6759
6673 7331
6673 11960
6674 8953
6674 11051
6674 11812
6675 7748
6675 7757
6675 8158
6675 9461
6675 9482
6675 9616
6675 9749
6675 10278
6675 10712
6675 11000
6675 11517
6675 12238
6676 6860
6676 7138
6676 7710
6676 7738
6676 10637
6676 10780
6676 11210
6676 12070
6677 8443
6677 9538
6677 10196
6677 10537
6677 11323
6678 6961
6678 7728
6678 9169
6678 9273
6678 10129
6678 11407
6678 11634
6679 7029
6679 8507
6679 9384
6679 9407
6679 10979
6679 11351
6679 11649
6679 11941
6680 10015
6680 10550
6680 10619
6680 10868
6680 11234
6680 11341
6680 12227
6681 7409
6681 7677
6681 8539
6681 11040
6682 6836
6682 6982
6682 8963
6682 10190
6682 11459
6682 11969
6682 12175
6682 12450
6683 7167
6683 7467
6683 7708
6683 7784
6683 8947
6683 9798
6683 9799
6683 10024
6683 10572
6683 11235
6683 12218
6684 7536
6684 7855
6684 8447
6684 9464
6684 10386
6684 12030
6684 12531
6685 6991
6685 7400
6685 7732
6685 7735
6685 7842
6685 8345
6685 8968
6685 9663
6686 7272
6686 7692
6686 7855
6686 7860
6686 8447
6686 10476
6686 10610
6686 11985
6686 12030
6686 12243
6686 12550
6687 8001
6687 8310
6687 9480
6687 9651
6687 10203
6687 10759
6688 9188
6688 10308
6688 10356
6688 10423
6688 10714
6688 11077
6688 11348
6688 12320
6689 6760
6689 11086
6689 11142
6689 11159
6689 11330
6689 11442
6690 7098
6690 7393
6690 7557
6690 11036
6690 11574
6690 12005
6690 12196
6690 12525
6690 12549
6691 7642
6691 8852
6691 8903
6691 9626
6691 10249
6691 11795
6692 6806
6692 9305
6692 9692
6692 10153
6692 10602
6692 11406
6692 11411
6692 11640
6693 8397
6693 9500
6693 10519
6694 9543
6694 9787
6694 9952
6694 9964
6694 10053
6694 11981
6695 10539
6695 10606
6695 11884
6696 6842
6696 9788
6696 11349
6696 11354
6696 11651
6697 7421
6697 8114
6697 8410
6697 8575
6697 9121
6697 9181
6697 9251
6697 9349
6698 6861
6698 7333
6698 7827
6698 9108
6698 9815
6698 9829
6698 10277
6698 10821
6699 7160
6699 7931
6699 8120
6699 8262
6699 8420
6699 8686
6699 9531
6699 9590
6699 10017
6699 11559
6699 12211
6700 7148
6700 9135
6700 9567
6700 9904
6700 10759
6700 11018
6700 11019
6701 7298
6701 7660
6701 9158
6701 9471
6701 9763
6701 10698
6701 11209
6702 9823
6702 9886
6702 9895
6702 9928
6702 10165
6702 11379
6702 11803
6702 12112
6703 7062
6703 7286
6703 9525
6703 9935
6703 10036
6703 10993
6703 11713
6704 7117
6704 7749
6704 7921
6704 8166
6704 8299
6704 8502
6704 11146
6705 7566
6705 8237
6705 8787
6705 8896
6705 9169
6706 6857
6706 7035
6706 7962
6706 8115
6706 8835
6706 10042
6706 11628
6706 11683
6706 12241
6706 12563
6707 6708
6707 6995
6707 7617
6707 9374
6708 6995
6708 7617
6708 7624
6708 10307
6708 11240
6708 11758
6709 7507
6709 7586
6709 11599
6710 7297
6710 7717
6710 8209
6710 11241
6710 12334
6711 6727
6711 8790
6711 9361
6711 9881
6711 9927
6711 10966
6711 11187
6711 11439
6712 7025
6712 8204
6712 9975
6712 10006
6712 12378
6713 9142
6713 9235
6713 9557
6713 10279
6713 10557
6713 11583
6713 12457
6714 7969
6714 8798
6714 9120
6715 9070
6715 9352
6715 10067
6715 10588
6715 12328
6716 7342
6717 6925
6717 7221
6717 8175
6717 9270
6717 9586
6717 10229
6717 11859
6717 12359
6718 7678
6718 8865
6718 9652
6718 9679
6718 9833
6718 10170
6718 10228
6718 10416
6719 8673
6719 8924
6719 9725
6719 10292
6719 10832
6720 7368
6720 7613
6720 7918
6720 8075
6720 8661
6720 9698
6720 11511
6720 11905
6720 12292
6721 8699
6721 9215
6721 9946
6721 11196
6721 11512
6721 12228
6721 12230
6722 6997
6722 8066
6722 8303
6722 9408
6722 9417
6722 10369
6722 12588
6723 7626
6723 7749
6723 8166
6723 9693
6723 9972
6723 10675
6723 11807
6724 9082
6724 10062
6724 10656
6725 6761
6725 8280
6725 9382
6725 10102
6725 10174
6726 7579
6726 9512
6726 9515
6726 9937
6726 11665
6727 9881
6727 9927
6727 10378
6727 11187
6727 11439
6728 7097
6728 7103
6728 7262
6728 10597
6729 7563
6729 8532
6729 9267
6729 9428
6729 11711
6730 7204
6730 7548
6730 8260
6730 8998
6730 9870
6730 10330
6730 10791
6730 10932
6730 11966
6731 7441
6731 8041
6731 8622
6731 8657
6731 8807
6731 10376
6731 11764
6732 6913
6732 8000
6732 8352
6732 9266
6732 10571
6732 10826
6733 7229
6733 9685
6733 9947
6733 10710
6733 10775
6733 11508
6733 11612
6734 6984
6734 7019
6734 7067
6734 7147
6734 7851
6734 7885
6734 8077
6734 8343
6734 10126
6734 10155
6735 9781
6735 10308
6735 10714
6735 11077
6735 11173
6736 7203
6736 7377
6736 7641
6736 7671
6736 8413
6737 7529
6737 8292
6737 10938
6737 12468
6738 7267
6738 8957
6738 10130
6738 11059
6738 11594
6739 8475
6739 8844
6739 10359
6739 10935
6739 11042
6739 11773
6739 11775
6739 12587
6740 9532
6740 9623
6740 10202
6740 11257
6741 7192
6741 7505
6741 7865
6741 8512
6741 8537
6741 8823
6741 11510
6742 7342
6742 7690
6742 10034
6742 11402
6743 6846
6743 6964
6743 8273
6743 9283
6743 10079
6743 10784
6743 10834
6743 11099
6743 11132
6743 12439
6744 7280
6744 8138
6744 8316
6744 9507
6744 10407
6744 11262
6744 11422
6745 7468
6745 7629
6745 7703
6745 9176
6745 9301
6745 9769
6745 10177
6745 10178
6746 6891
6746 7613
6746 8129
6746 8610
6746 8919
6746 9116
6746 9634
6746 9858
6746 10754
6747 7343
6747 7352
6747 7630
6747 8194
6747 9896
6747 11408
6747 11779
6747 12358
6747 12675
6748 8131
6748 11542
6748 12369
6748 12371
6749 6754
6749 6766
6749 10029
6749 10597
6750 9313
6750 9338
6750 10646
6750 11937
6751 6863
6751 6978
6751 8591
6751 10926
6752 7159
6752 7448
6752 7951
6752 8437
6752 8866
6752 11242
6753 6963
6753 8428
6753 8663
6753 8913
6753 9683
6753 9721
6753 10779
6753 10782
6754 6766
6754 7794
6754 8141
6754 9330
6754 10029
6754 10597
6754 12561
6755 7350
6755 7410
6755 7471
6755 7516
6755 9436
6755 11266
6756 7023
6756 7061
6756 7172
6756 7379
6756 7680
6756 11539
6757 6830
6757 7574
6757 9724
6757 10689
6757 11223
6757 12283
6758 7999
6758 9442
6758 9957
6758 10695
6758 10877
6758 11399
6759 7299
6759 7331
6759 11927
6759 11960
6760 9682
6760 11086
6761 6895
6761 6924
6761 7022
6761 7281
6761 7370
6761 9261
6761 10174
6761 10299
6761 11521
6762 6765
6762 7433
6762 7809
6762 7814
6762 7830
6762 7922
6762 8351
6762 9664
6762 10240
6762 10371
6762 10447
6762 12154
6762 12345
6763 7520
6763 7768
6763 7839
6763 8016
6763 9266
6763 9385
6763 10296
6763 10435
6763 11602
6763 12597
6764 8005
6765 7433
6765 7790
6765 7922
6765 8004
6765 8351
6765 9625
6765 9664
6765 10260
6765 12345
6765 12479
6766 7678
6766 10029
6766 10597
6766 12561
6767 6970
6767 7289
6767 8753
6767 9226
6767 9359
6767 10693
6767 12416
6768 7270
6768 7471
6768 8155
6768 8279
6768 8520
6768 8867
6768 9672
6768 9819
6768 10716
6768 10761
6768 10810
6768 11681
6768 11736
6769 7895
6769 9082
6769 10313
6769 10544
6769 11790
6770 6973
6770 8430
6770 9840
6770 11003
6771 6789
6771 7239
6771 9540
6771 9717
6771 10167
6771 11174
6771 11507
6771 11537
6771 11866
6772 7002
6772 7209
6772 7972
6772 8662
6772 9634
6772 9698
6772 10339
6772 10817
6772 10831
6773 6927
6773 7180
6773 7250
6773 7317
6773 7798
6773 7910
6773 9468
6773 11228
6773 11255
6773 11344
6773 11755
6774 7633
6774 9095
6774 9165
6774 9457
6774 9469
6774 11494
6774 12258
6775 6824
6775 7251
6775 7929
6775 8638
6775 10175
6775 10418
6776 7646
6776 7877
6776 9389
6776 10395
6777 8730
6777 9201
6777 9467
6777 10031
6778 9514
6778 11143
6778 11321
6778 11944
6778 12275
6779 8222
6779 9392
6779 9485
6779 9967
6779 10118
6779 11012
6779 11117
6780 6850
6780 7655
6780 9527
6780 9887
6781 7081
6781 7084
6781 8794
6781 8809
6782 6807
6782 11182
6782 11735
6782 12247
6782 12425
6783 9138
6783 10793
6783 12212
6783 12222
6784 7202
6784 7294
6784 7328
6784 7575
6784 7689
6784 8335
6785 7068
6785 7425
6785 7432
6785 7788
6785 8269
6785 8938
6785 8999
6785 9080
6785 9726
6785 10052
6785 10902
6785 12536
6786 8359
6786 10132
6786 11753
6787 6907
6787 8908
6787 9728
6788 7299
6788 7331
6788 7428
6788 10313
6788 10544
6788 12040
6788 12187
6789 7193
6789 7239
6789 8361
6789 8363
6789 8527
6789 9717
6789 10001
6789 10167
6790 7489
6790 7950
6790 8632
6790 9176
6790 11543
6790 11577
6790 12215
6790 12348
6791 7417
6791 8503
6791 8592
6791 11256
6791 11286
6791 11288
6792 7587
6792 8723
6792 10784
6792 10918
6792 11016
6792 11261
6792 11344
6792 11363
6792 11451
6792 11533
6793 6995
6793 7316
6793 7624
6793 7713
6793 7989
6793 9095
6793 9469
6793 11758
6794 7595
6794 7834
6794 8480
6794 8505
6794 9332
6794 9804
6794 11259
6795 9455
6795 10516
6795 10533
6795 10982
6795 11275
6796 6858
6796 6893
6796 7740
6796 8923
6796 11849
6796 12614
6797 7785
6797 8570
6797 9070
6798 8013
6798 9371
6798 11206
6799 6800
6799 6929
6799 7104
6799 7736
6799 7872
6799 12199
6800 6929
6800 9015
6800 12199
6801 7683
6801 7826
6801 9837
6801 10015
6801 10857
6801 10913
6801 11341
6802 8407
6802 9083
6803 8308
6803 8451
6804 6920
6804 7835
6804 8366
6804 8868
6804 9961
6804 10370
6804 10825
6805 7190
6805 8287
6805 8551
6805 9242
6806 7846
6806 7907
6806 9305
6806 9692
6806 9777
6806 10602
6806 10625
6806 10742
6806 11640
6807 6849
6807 8672
6807 9356
6807 9579
6807 10301
6807 10426
6807 11167
6807 11802
6808 6864
6808 6937
6808 7526
6808 9302
6808 9956
6809 6810
6809 8854
6809 11219
6809 11226
6810 7120
6810 7404
6810 7405
6810 8854
6810 11219
6810 11226
6811 8995
6811 10654
6812 9141
6812 9605
6812 9704
6812 12229
6813 7388
6813 9446
6813 11738
6813 12275
6814 7086
6814 7580
6814 7606
6814 7733
6814 9090
6814 9125
6814 9214
6814 9387
6814 9403
6814 9616
6814 9762
6814 10730
6814 11279
6814 11580
6815 6887
6815 9977
6815 11058
6815 11441
6815 11667
6815 12407
6815 12567
6816 8058
6816 8358
6816 9577
6816 10021
6816 10299
6816 11205
6816 11869
6817 8268
6817 9033
6817 9415
6817 11414
6818 10275
6818 12142
6819 7901
6819 9546
6819 10333
6820 9473
6820 10120
6820 10130
6820 11706
6820 12255
6821 6900
6821 9746
6821 10189
6821 11518
6821 11671
6822 7296
6822 7512
6822 8382
6822 9187
6822 9483
6822 10644
6822 11688
6823 6847
6823 7762
6823 7763
6823 10903
6823 10907
6823 10944
6823 12518
6824 7333
6824 7929
6824 8901
6824 9004
6824 11614
6824 11637
6824 12464
6825 8397
6825 9274
6825 9411
6825 11396
6825 11506
6825 11527
6826 7354
6826 9665
6826 9734
6826 10150
6826 10271
6826 10899
6827 8430
6827 9141
6827 9704
6827 10408
6827 11458
6827 12229
6827 12397
6828 7977
6828 8252
6828 8406
6828 9783
6828 9911
6828 9945
6828 9969
6828 10243
6828 11092
6828 11161
6828 11392
6828 11553
6828 11707
6828 11721
6828 12413
6829 7145
6829 7941
6829 9319
6829 9341
6829 9400
6829 10276
6829 10805
6829 10809
6829 11234
6829 12449
6830 8265
6830 8889
6830 9239
6830 9724
6830 10689
6830 11110
6830 11223
6830 12283
6831 9633
6831 9725
6831 9966
6831 10292
6831 12279
6832 7949
6833 7312
6833 7345
6833 7968
6833 9328
6833 9836
6833 10000
6833 10471
6834 7922
6834 8348
6834 10371
6834 12236
6835 6971
6835 7021
6835 8066
6835 8965
6835 10350
6835 11549
6835 11882
6835 11886
6835 12033
6835 12054
6835 12061
6836 7854
6836 8084
6836 8089
6836 8963
6836 10190
6836 12175
6837 6986
6837 7362
6837 7727
6837 7914
6837 8765
6837 9075
6837 9184
6837 11678
6837 11884
6838 6926
6838 8014
6838 8042
6838 10150
6838 10776
6838 11970
6838 12165
6838 12194
6838 12575
6838 12645
6839 9521
6839 10335
6839 11609
6839 11634
6839 11661
6840 7685
6840 8051
6840 8150
6840 8420
6840 9491
6840 10685
6840 12083
6840 12333
6840 12587
6841 7780
6841 7948
6841 8992
6841 9155
6841 9738
6841 9905
6841 11626
6841 12280
6842 6902
6842 8696
6842 9391
6842 10075
6842 11175
6842 11349
6842 11354
6842 11651
6842 12011
6843 7173
6843 7709
6843 7963
6843 8708
6843 10457
6843 10778
6844 7306
6844 10251
6844 11397
6844 11497
6844 11613
6845 7334
6845 10482
6845 10613
6845 11547
6846 6964
6846 7792
6846 7873
6846 11608
6847 10860
6847 10903
6847 10944
6847 10962
6847 11841
6847 12419
6848 6985
6848 8313
6848 10665
6848 12352
6848 12353
6848 12691
6849 6963
6849 8428
6849 9151
6849 10426
6849 11149
6850 7013
6850 9527
6850 9879
6850 9887
6851 6990
6851 8241
6851 9269
6851 9351
6851 10024
6851 11235
6851 11567
6851 12218
6852 6981
6852 7000
6852 8559
6852 8614
6852 8742
6852 9054
6852 9768
6852 11058
6852 12407
6853 7096
6853 9972
6853 10594
6853 10675
6853 11743
6853 11833
6853 12314
6854 7093
6854 7787
6854 9289
6854 9406
6854 9991
6854 12242
6855 9621
6855 9989
6855 11243
6855 11915
6856 7198
6856 7710
6856 7738
6856 8689
6856 11495
6857 8835
6857 8891
6857 10042
6857 11624
6857 11628
6857 12232
6858 6893
6858 7740
6858 8923
6858 10683
6858 11695
6858 11807
6858 11849
6859 6971
6859 7021
6859 7698
6859 9519
6859 11038
6860 11210
6861 7460
6861 8202
6861 8797
6861 9108
6861 10182
6861 11774
6861 12074
6861 12249
6861 12472
6861 12611
6862 7075
6862 7167
6862 7467
6862 7623
6862 7708
6862 8947
6862 9044
6862 9898
6862 12274
6863 6978
6863 7340
6863 7439
6863 8591
6863 12360
6863 12566
6864 8111
6864 8142
6864 8572
6864 9956
6864 10295
6864 10681
6865 9861
6865 10670
6865 11004
6865 11856
6866 7843
6866 7893
6866 9964
6866 10255
6866 10303
6866 10317
6866 10515
6866 10690
6866 11619
6866 12264
6867 7985
6867 8521
6867 8776
6867 11786
6868 6998
6868 7044
6868 7412
6868 8009
6868 8076
6868 8097
6868 8515
6868 8874
6868 9676
6868 9987
6868 11576
6868 11857
6868 12427
6868 12646
6869 8679
6869 8712
6869 8991
6869 9562
6869 11394
6869 12341
6870 7576
6870 9961
6870 9987
6870 10829
6870 12256
6870 12537
6871 8393
6871 8440
6871 10368
6871 10638
6871 11021
6871 11404
6871 11897
6872 7056
6872 7711
6872 8964
6872 10343
6872 11708
6872 11961
6872 12448
6872 12524
6873 7705
6873 8277
6873 9122
6873 10812
6873 11488
6874 7153
6874 7539
6874 7983
6874 8052
6874 8107
6874 8226
6874 10004
6874 11269
6875 7092
6875 7622
6875 7678
6875 8300
6875 9238
6875 9316
6875 9645
6875 9687
6875 10029
6875 10672
6875 10739
6875 10789
6875 11759
6875 12313
6876 7669
6876 9813
6876 10413
6877 7035
6877 7796
6877 7881
6877 7974
6877 8340
6877 8351
6877 8827
6877 9664
6877 11683
6877 11745
6878 8327
6878 8355
6878 9260
6878 10704
6878 11490
6878 12134
6878 12629
6879 7444
6879 8683
6879 9230
6879 9954
6879 10025
6879 12594
6880 8785
6880 10553
6880 11204
6880 11695
6880 11712
6881 9169
6881 9675
6882 7941
6882 9134
6882 9400
6882 9741
6882 10199
6882 10636
6882 10963
6882 11062
6882 11234
6882 11472
6882 11717
6882 11749
6882 12149
6882 12269
6883 9185
6883 10475
6883 10502
6883 10513
6883 11171
6884 7133
6884 10878
6885 7346
6885 7443
6885 7570
6885 8499
6885 8587
6885 8736
6885 8937
6885 8970
6885 9008
6885 11232
6885 12692
6886 7066
6886 7140
6886 7725
6886 9051
6886 9606
6886 11690
6886 11725
6886 12467
6887 8035
6887 9977
6887 11058
6887 12407
6888 7361
6888 7535
6888 7667
6888 8063
6888 10165
6888 10840
6888 11751
6888 11803
6888 12191
6889 6953
6889 6982
6889 7893
6889 9311
6889 9425
6889 11969
6890 7002
6890 7541
6890 7573
6890 7608
6890 8026
6890 9566
6890 10831
6890 11912
6890 12084
6890 12126
6891 7209
6891 7613
6891 7972
6891 8075
6891 8129
6891 8610
6891 8661
6891 9634
6891 12126
6892 8102
6892 8617
6892 8675
6892 8830
6892 8847
6892 9014
6892 9574
6892 12367
6893 8923
6893 9264
6893 11849
6893 12614
6894 7048
6894 7945
6894 8091
6894 8395
6894 8797
6894 8936
6894 9346
6894 12249
6894 12332
6894 12460
6895 7281
6895 7739
6895 10299
6895 11521
6896 6926
6896 7032
6896 7354
6896 9410
6896 9570
6896 9665
6896 9734
6896 10776
6896 11069
6896 12293
6897 7054
6897 8087
6897 9555
6897 10384
6897 11616
6897 12027
6897 12066
6898 8224
6898 8500
6898 8987
6898 11030
6898 11058
6898 11531
6898 12365
6898 12567
6899 9526
6899 10016
6899 10527
6899 10904
6899 12321
6899 12435
6900 9746
6900 9808
6900 10483
6900 11053
6900 11518
6900 11671
6901 7165
6901 7915
6901 9526
6901 10492
6901 10795
6902 7722
6902 8364
6902 9350
6902 9391
6902 10760
6902 11214
6902 11651
6902 11685
6902 12272
6903 9108
6903 9774
6904 7245
6904 7700
6904 8561
6904 8952
6904 9110
6904 9530
6904 11552
6904 12082
6904 12340
6904 12690
6905 6913
6905 6977
6905 8352
6905 10069
6905 10362
6905 11978
6905 12086
6906 7519
6906 7571
6906 9459
6906 10091
6906 10093
6906 10608
6907 8908
6907 11695
6908 7766
6908 7821
6908 8087
6908 8820
6908 9133
6908 10087
6908 10630
6908 11919
6909 7009
6909 7784
6909 8377
6909 8486
6909 9115
6909 9164
6909 9513
6910 9539
6910 10616
6910 12000
6910 12142
6910 12174
6910 12548
6911 10265
6911 11542
6912 9524
6912 9885
6912 10343
6912 11708
6912 11961
6912 11967
6912 12469
6913 8352
6913 10069
6913 10397
6913 11660
6914 6928
6914 7414
6914 7530
6914 9669
6914 9748
6914 10258
6914 10366
6914 10487
6915 7191
6915 7592
6915 11936
6916 7313
6916 7349
6916 11839
6917 8114
6918 10596
6918 11635
6918 11724
6918 12089
6918 12124
6919 7125
6919 7273
6919 7745
6919 8039
6919 8048
6919 8236
6919 8630
6919 9454
6919 11770
6919 12617
6920 8076
6920 8366
6920 8435
6920 8868
6920 9961
6920 10370
6920 12646
6921 7659
6921 11069
6922 7357
6922 7394
6922 7502
6922 8196
6922 8270
6922 8813
6922 11658
6923 7364
6923 7775
6923 8779
6923 8793
6923 8796
6923 9030
6923 10661
6923 10679
6924 7739
6924 9261
6924 10174
6925 7221
6925 8297
6925 8639
6925 9270
6925 9586
6925 10107
6925 12308
6925 12359
6926 7354
6926 8042
6926 9218
6926 9410
6926 9665
6926 9734
6926 10974
6927 7180
6927 7214
6927 7250
6927 7645
6927 7776
6927 7798
6927 8221
6927 8267
6927 10560
6927 11755
6928 7414
6928 8658
6928 9748
6928 9753
6928 10366
6928 10808
6929 7446
6929 8605
6930 7147
6930 7857
6930 7885
6930 8020
6930 8064
6930 8822
6930 10574
6930 12167
6931 6941
6931 7659
6931 10176
6931 10204
6931 12226
6932 9147
6932 11614
6932 11673
6932 12464
6933 6966
6933 9071
6933 9243
6933 9333
6933 12306
6934 7417
6934 7899
6934 8503
6934 10579
6934 11211
6934 11552
6935 6988
6935 9922
6935 10389
6935 10411
6935 11129
6935 11230
6936 7248
6936 9209
6936 9812
6937 6939
6937 9302
6937 9844
6938 9421
6938 9543
6938 9929
6938 9931
6938 9964
6938 10094
6938 10121
6938 10171
6938 10495
6940 6959
6941 10204
6942 7498
6942 10837
6942 11556
6943 8347
6943 10387
6943 10596
6944 8354
6944 8469
6944 9263
6944 9938
6944 10328
6944 11485
6945 8815
6945 10095
6945 10268
6945 10354
6945 10631
6945 12485
6946 7364
6946 7442
6946 7775
6946 8212
6946 8372
6946 8779
6946 8870
6946 9570
6946 9665
6946 9888
6946 10263
6947 7567
6947 8215
6947 8321
6947 8710
6947 8754
6947 9803
6947 9831
6947 11562
6947 12221
6948 7949
6948 10326
6948 10431
6948 11586
6949 7651
6949 8544
6949 9225
6949 10674
6949 10676
6949 12080
6950 7326
6950 7338
6950 7816
6950 7990
6950 8149
6950 8769
6950 10375
6950 11045
6950 11048
6951 7156
6951 7380
6951 8418
6951 10655
6951 10916
6951 11817
6951 12331
6952 7693
6952 8068
6952 8260
6952 8862
6952 9042
6952 9694
6952 10330
6952 12106
6952 12578
6953 7893
6953 7961
6953 9311
6953 9425
6953 10146
6953 10442
6953 11248
6953 11700
6954 7701
6954 8993
6954 12246
6955 7501
6955 7643
6955 7993
6955 8379
6955 9255
6955 11584
6956 9631
6956 10731
6956 12203
6957 7652
6957 8325
6957 8688
6957 9152
6957 10688
6957 10873
6957 11427
6957 12267
6958 7034
6958 7527
6958 7813
6958 8664
6958 9039
6958 10989
6958 11264
6958 11617
6958 12069
6960 8918
6960 9974
6960 10559
6960 10888
6960 10908
6960 11413
6960 11435
6960 12310
6960 12570
6961 7939
6961 8237
6961 8787
6961 9169
6961 9273
6961 11407
6961 11971
6962 7145
6962 7618
6962 8865
6962 9679
6962 9741
6962 9759
6962 10228
6962 10276
6962 10416
6962 10467
6962 11212
6962 12269
6963 8428
6963 10373
6963 11149
6964 7317
6964 7873
6964 8164
6964 9283
6964 9811
6964 10079
6964 11608
6964 12219
6965 7107
6965 8837
6965 9299
6965 9625
6965 9808
6965 10096
6965 10827
6966 7252
6966 9231
6966 9333
6966 12537
6967 7510
6967 7511
6967 8275
6967 8792
6967 9755
6968 7010
6968 7118
6968 7120
6968 7293
6968 8419
6968 9396
6968 9884
6968 10348
6968 10713
6968 11907
6968 12085
6969 7664
6969 8730
6969 9652
6969 10972
6969 11389
6969 11744
6969 11806
6969 12455
6970 7289
6970 9271
6970 9359
6970 11598
6971 7021
6971 7698
6971 8066
6971 8747
6971 8965
6971 11549
6971 11911
6972 7428
6972 8374
6972 9656
6972 9660
6972 10544
6972 11790
6972 12042
6972 12190
6972 12652
6973 7286
6973 10934
6974 7072
6974 7224
6974 7285
6974 8292
6974 8384
6974 9592
6974 10235
6974 11990
6974 12116
6975 7664
6975 9807
6975 11710
6976 10095
6976 11316
6976 11583
6976 12457
6976 12485
6976 12538
6977 10069
6977 10362
6977 10680
6977 11978
6977 12025
6977 12086
6978 7439
6978 8591
6978 8651
6978 9438
6978 10926
6978 12566
6979 7213
6979 8773
6979 9834
6979 10728
6980 7928
6980 9476
6980 10099
6980 10309
6980 10707
6980 10994
6981 8559
6981 8580
6981 8742
6981 9054
6981 9768
6981 12407
6982 10173
6982 10690
6982 12450
6983 9983
6983 10694
6983 10799
6983 10973
6983 11920
6983 12077
6983 12171
6984 7019
6984 8119
6984 8343
6984 9157
6984 10155
6984 10245
6984 12134
6985 7091
6985 8313
6985 9646
6985 10665
6985 12352
6985 12691
6986 7362
6986 8037
6986 8765
6986 9381
6986 10284
6986 10383
6986 11592
6987 7372
6987 7758
6987 10172
6987 10456
6987 11731
6987 12492
6988 7457
6988 7607
6988 9516
6988 10389
6988 12336
6989 6999
6989 7023
6989 7061
6989 8460
6989 9760
6989 10804
6990 7778
6990 8241
6990 9269
6990 9351
6990 9778
6990 10802
6990 11567
6990 11854
6990 12218
6991 7400
6991 7735
6991 7842
6991 7958
6991 8345
6991 8362
6991 9523
6991 9663
6991 10895
6991 11923
6991 11978
6992 7614
6992 7701
6992 8993
6992 9133
6992 9252
6992 9282
6992 9984
6992 10921
6992 11616
6992 12246
6993 11858
6994 7889
6994 8487
6994 9600
6994 11982
6994 12147
6995 7624
6995 9684
6995 11758
6996 7862
6996 11605
6996 11916
6996 11928
6996 12163
6996 12168
6997 7375
6997 8303
6997 9417
6997 9873
6997 11630
6997 11894
6997 12130
6997 12588
6998 7295
6998 7412
6998 8076
6998 8097
6998 8609
6998 11720
6998 11767
6998 12427
6998 12559
6998 12646
6999 7023
6999 7061
6999 7935
6999 8460
6999 9760
6999 10565
6999 10804
6999 11532
6999 11539
7000 8274
7000 8449
7000 8485
7000 8614
7000 9054
7000 9768
7000 10720
7000 12079
7001 7201
7001 7254
7001 8365
7001 8910
7001 9183
7001 9496
7001 12096
7002 7209
7002 7880
7002 7972
7002 8662
7002 10339
7002 10380
7002 10831
7002 12084
7002 12126
7003 7083
7003 7773
7003 7956
7003 7975
7003 7983
7003 12076
7004 7353
7004 7564
7004 7569
7004 7757
7004 7906
7004 10278
7004 11769
7004 11824
7005 7007
7005 7242
7005 7940
7005 8398
7005 10300
7005 10484
7006 9165
7006 9176
7006 9475
7006 11754
7007 7242
7007 7845
7007 8398
7007 8498
7007 10144
7008 8863
7008 9785
7008 10719
7008 11569
7009 9025
7009 9115
7009 9164
7009 9513
7009 9767
7009 10125
7009 10233
7010 9396
7010 9530
7010 9884
7011 8195
7011 9088
7011 9629
7011 10662
7011 11741
7012 8595
7012 8626
7012 8701
7012 9193
7012 12368
7012 12555
7013 8159
7013 9113
7013 9527
7013 9558
7013 9580
7013 9584
7013 9826
7013 9985
7013 10422
7013 11556
7014 9659
7014 9846
7014 10736
7014 10996
7014 10998
7014 12233
7015 7115
7015 8920
7015 9633
7015 9725
7015 10183
7015 12077
7016 7063
7016 7604
7016 7825
7016 7936
7016 8659
7016 8898
7016 8907
7016 8939
7016 8958
7016 9086
7016 10119
7016 10125
7016 11273
7017 7535
7017 8343
7017 10473
7017 10989
7017 11264
7018 7048
7018 7741
7018 8091
7018 9189
7018 9332
7018 9804
7018 11772
7018 12332
7019 7987
7019 9157
7019 10155
7019 11490
7019 12134
7020 11639
7020 11646
7021 7698
7021 9519
7021 10350
7021 11549
7021 11882
7021 11911
7021 12033
7021 12054
7022 7370
7022 9261
7023 7038
7023 7061
7023 7279
7023 7680
7023 7935
7023 8460
7023 8857
7023 9760
7023 10804
7023 11178
7023 11261
7023 11539
7023 12417
7024 7366
7024 7860
7024 9217
7024 10172
7025 7964
7025 9051
7025 10006
7025 11725
7025 11847
7025 11848
7025 11931
7026 7028
7026 7052
7026 7053
7026 7699
7027 7886
7027 8775
7027 9640
7027 9723
7027 11084
7028 7052
7028 7699
7028 11751
7029 9384
7029 9407
7029 9429
7029 11351
7029 11783
7029 11941
7029 12286
7030 7732
7030 7842
7030 8345
7030 10450
7030 10694
7030 10799
7030 10895
7030 11943
7031 7663
7031 7805
7031 7891
7031 8170
7031 9494
7031 10601
7031 11949
7031 12060
7031 12088
7032 7362
7032 7583
7032 9381
7032 10150
7032 10776
7033 7220
7033 7415
7033 8909
7033 9461
7033 10772
7033 10783
7033 11000
7033 11517
7033 11625
7033 12305
7034 7527
7034 7797
7034 7847
7034 11264
7034 11617
7035 7817
7035 7830
7035 7962
7035 8187
7035 8351
7035 8829
7035 8930
7035 10197
7035 10240
7035 11683
7035 11745
7035 12563
7036 7069
7036 7212
7036 7863
7036 8135
7036 9080
7036 10026
7036 10428
7036 10575
7036 11049
7036 11398
7036 11691
7036 12121
7036 12208
7037 7982
7037 8400
7037 11221
7038 7279
7038 7935
7038 8579
7038 8612
7038 8988
7038 9010
7038 11178
7038 11261
7038 11539
7038 12417
7039 7368
7039 8111
7039 8344
7039 8763
7039 8919
7039 8992
7039 9323
7040 7390
7040 7896
7040 7979
7040 9499
7040 10106
7040 10297
7040 10756
7041 8836
7041 8874
7041 9104
7041 9107
7041 9333
7041 11534
7041 12550
7042 7184
7042 7296
7042 7707
7042 8005
7042 8382
7042 10777
7042 11688
7043 8110
7043 8387
7043 9142
7043 9954
7043 11515
7043 12072
7044 8009
7044 8097
7044 9217
7044 9676
7044 9987
7044 10002
7044 11576
7044 11857
7045 7051
7045 7480
7045 8045
7045 8838
7045 9194
7045 9195
7045 10770
7045 11483
7045 11780
7046 7382
7046 8207
7046 8783
7046 9487
7046 10849
7046 11199
7046 12335
7047 8244
7047 8656
7047 8693
7047 9050
7048 7460
7048 7485
7048 7945
7048 8091
7048 8676
7048 8797
7048 8936
7048 9189
7048 11480
7048 11772
7048 12332
7048 12602
7048 12683
7049 7050
7049 8055
7049 8631
7049 8666
7049 8801
7049 9040
7049 12103
7050 7437
7050 8055
7050 8298
7050 8631
7050 8801
7050 9040
7050 12103
7050 12598
7051 7480
7051 8045
7051 8101
7051 11483
7051 11780
7052 7053
7052 7331
7052 7699
7052 9886
7053 7331
7053 7699
7053 9886
7054 9253
7054 9555
7054 10529
7054 12027
7055 7231
7055 7534
7055 8404
7055 11848
7056 8893
7056 9524
7056 10764
7056 11961
7057 7495
7057 7504
7057 7631
7057 8665
7057 9610
7057 9888
7057 11692
7057 11991
7057 12095
7058 7109
7058 7381
7058 7472
7058 7648
7058 9061
7058 9130
7058 9336
7058 9493
7058 9822
7058 10028
7058 10469
7058 11251
7058 11528
7058 12600
7059 9929
7059 9964
7059 10094
7059 11315
7060 9572
7061 7172
7061 10804
7062 7712
7062 8116
7062 9525
7062 9770
7062 9935
7062 9948
7062 10408
7062 10738
7062 11393
7062 11713
7063 8898
7063 8907
7063 8939
7063 8958
7063 11273
7064 7211
7064 7258
7064 7681
7064 8031
7064 8522
7064 8811
7064 8869
7064 9128
7064 9228
7064 9953
7064 10087
7064 10534
7064 10844
7065 10142
7065 10239
7065 10558
7065 11001
7066 8410
7066 9219
7066 9606
7067 7147
7068 7425
7068 7432
7068 8999
7068 9080
7068 9118
7068 9726
7068 10026
7068 10589
7068 10700
7068 11285
7068 11555
7068 11797
7068 11933
7068 12536
7069 7212
7069 11049
7070 7124
7070 9829
7070 9986
7070 10821
7070 12051
7071 7487
7071 7500
7071 7605
7071 8527
7071 10038
7071 11011
7071 11274
7071 12225
7072 7285
7072 8384
7072 9504
7072 10975
7072 11620
7072 11643
7072 11827
7072 11990
7072 12116
7072 12583
7073 7651
7073 9445
7073 9615
7073 9785
7073 10302
7073 10719
7073 11569
7074 7997
7074 9533
7074 10379
7074 10649
7074 11560
7075 7623
7075 7708
7075 8165
7075 8168
7075 8408
7075 9898
7075 12274
7076 8265
7076 9000
7076 9272
7076 10154
7076 10169
7076 10236
7076 10238
7076 10696
7076 11223
7076 11360
7076 11421
7077 9335
7077 10110
7078 7668
7078 7694
7078 8116
7078 8246
7078 8634
7078 9165
7078 9525
7078 9534
7078 9605
7078 10728
7078 10732
7078 10738
7078 11393
7078 11543
7078 11754
7079 7183
7079 7264
7079 7388
7079 9347
7079 9446
7079 9514
7079 9773
7079 11738
7080 7441
7080 9439
7080 12248
7081 7084
7081 8794
7082 7560
7082 8450
7082 9542
7082 9872
7082 10512
7082 11168
7082 11258
7083 8549
7083 10209
7083 10488
7083 10589
7083 12076
7084 8794
7084 9463
7084 9724
7084 11503
7085 7875
7085 8062
7085 8127
7085 9026
7085 9620
7085 9669
7085 10487
7086 9114
7086 9125
7086 9137
7086 9214
7086 9925
7086 10489
7086 10730
7087 8443
7087 9538
7087 10856
7087 10880
7087 10949
7087 10964
7088 7300
7088 7947
7088 10894
7088 10957
7088 11181
7089 8426
7089 10101
7089 10207
7089 10854
7090 7336
7090 8324
7090 9430
7090 9867
7090 10494
7090 10708
7090 11032
7090 11696
7091 9493
7091 9646
7091 10972
7091 11389
7092 7622
7092 9284
7092 9316
7092 10029
7092 10739
7092 12313
7093 7787
7093 8368
7093 8595
7093 8629
7093 9990
7093 9991
7093 12242
7094 7939
7094 8332
7094 9378
7094 10900
7094 11022
7095 8199
7095 10403
7096 7122
7096 7652
7096 8476
7096 9747
7096 9784
7096 9917
7096 10594
7096 11743
7096 11833
7096 12251
7096 12267
7096 12314
7097 7103
7097 7149
7097 7262
7097 8141
7097 8519
7097 9424
7098 7393
7098 7499
7098 10501
7098 11036
7098 11729
7099 8318
7099 8774
7099 11783
7100 7367
7100 8483
7100 8513
7100 8554
7100 8567
7100 8725
7100 11566
7100 12621
7101 10061
7101 10551
7101 11729
7102 7288
7102 7816
7102 8028
7102 9314
7102 9729
7102 10269
7103 8141
7103 8519
7104 7111
7104 7736
7104 7872
7104 9321
7104 10116
7104 11852
7104 12684
7105 8119
7105 9193
7105 10547
7105 11563
7105 11565
7106 8333
7106 11682
7107 7189
7107 7593
7107 8427
7107 8837
7107 9808
7107 10528
7107 10569
7107 10830
7107 12444
7108 8196
7108 8249
7108 8700
7108 11752
7108 11852
7109 7799
7109 8239
7109 8538
7109 8736
7109 8911
7109 9043
7109 9130
7109 10800
7109 11528
7109 12250
7109 12600
7110 7165
7111 7844
7111 7872
7111 9015
7111 11852
7111 12199
7112 7792
7112 8268
7112 9415
7112 10013
7112 10141
7112 12445
7113 7249
7113 7310
7113 8182
7113 9114
7113 9212
7113 11239
7113 11519
7114 7585
7114 10070
7114 10673
7115 7557
7115 9575
7115 9633
7115 10183
7115 10922
7115 11581
7115 11650
7116 7457
7116 7626
7116 9348
7116 9693
7116 9972
7116 9978
7116 10675
7116 12336
7117 7921
7117 8304
7117 10669
7118 7120
7118 7765
7118 8492
7118 10713
7119 8101
7119 12232
7119 12351
7119 12697
7120 7765
7120 9530
7120 11219
7120 11226
7120 11907
7120 11909
7121 7953
7121 9304
7121 10842
7122 9747
7122 9917
7122 10861
7122 12251
7122 12267
7123 7581
7123 7584
7123 8240
7123 8319
7123 8961
7123 9363
7123 11495
7124 7827
7124 8369
7124 9986
7124 10821
7125 7273
7125 8236
7125 8399
7125 9148
7125 9296
7125 11010
7126 8647
7126 9367
7126 10745
7126 10746
7127 7270
7127 7410
7127 7996
7127 8236
7127 8455
7127 8613
7127 8994
7127 9296
7127 11010
7127 12432
7128 7937
7128 7991
7128 9912
7128 10517
7128 10923
7128 10986
7128 11762
7128 12185
7128 12456
7128 12635
7129 8017
7129 8046
7129 8194
7129 8577
7129 8974
7129 8975
7129 11788
7129 12358
7129 12586
7130 7206
7130 7408
7130 7552
7130 9549
7130 9615
7130 10302
7130 11028
7131 8280
7131 8443
7131 10196
7131 11663
7132 8689
7132 9553
7132 9710
7132 11540
7132 11945
7133 9094
7133 10878
7133 10892
7133 10906
7133 10911
7133 11347
7134 7237
7134 7274
7134 8648
7134 9842
7134 10261
7134 10401
7134 10409
7135 8349
7135 8846
7135 11301
7136 8172
7136 8524
7136 9492
7136 9554
7136 11330
7137 9705
7137 10355
7137 11950
7138 10448
7138 10637
7138 11188
7138 12456
7138 12635
7139 7761
7139 9093
7139 10518
7139 11141
7139 12284
7140 7319
7140 7725
7140 8760
7140 9051
7140 9606
7140 11690
7141 7271
7141 9599
7141 10216
7141 11938
7142 7233
7142 8162
7142 8290
7142 8350
7142 11438
7142 12133
7142 12496
7143 7719
7143 8346
7143 9084
7143 9483
7143 9782
7143 9856
7143 10071
7143 10290
7143 11009
7143 11039
7143 11496
7143 12338
7144 10851
7144 10878
7144 10892
7144 10906
7144 10911
7144 11154
7144 11657
7145 7941
7145 9741
7145 9759
7145 10276
7145 10549
7145 10550
7145 11212
7146 7619
7146 10781
7146 11164
7147 7885
7147 8815
7147 11740
7148 8078
7148 9567
7148 10033
7148 11019
7149 7262
7149 8141
7149 8519
7149 9284
7149 9424
7149 9800
7149 10029
7149 10270
7149 11094
7149 12401
7150 7237
7150 10148
7150 10401
7150 10603
7150 10757
7150 11112
7151 8183
7151 8393
7151 8440
7151 8597
7151 12122
7151 12565
7151 12655
7151 12697
7152 7772
7152 8338
7152 8586
7153 7491
7153 7718
7153 8052
7153 8226
7153 8643
7153 9719
7153 10004
7153 11269
7153 12155
7154 8690
7154 10479
7154 10853
7154 10950
7154 10952
7154 11185
7155 8329
7155 9516
7155 10713
7155 10747
7156 9878
7156 9902
7156 10324
7156 10938
7156 11260
7156 11300
7156 11310
7156 12503
7157 7716
7157 10286
7157 10654
7157 11502
7158 8341
7158 8419
7158 9379
7158 9619
7158 9864
7158 10254
7159 7696
7159 8437
7159 8730
7159 9971
7159 10972
7160 7255
7160 7931
7160 8120
7160 8420
7160 8907
7160 9531
7160 9953
7160 10017
7160 11559
7160 12270
7161 8436
7161 8607
7161 8851
7161 10427
7161 10655
7161 12451
7162 7676
7162 10581
7162 11163
7162 11463
7162 12372
7162 12375
7162 12620
7163 9421
7163 9506
7163 10121
7164 7517
7164 7998
7164 10219
7164 12265
7165 7915
7165 9299
7166 9250
7166 10372
7167 7467
7167 7590
7167 7708
7167 7784
7167 8165
7167 9044
7167 11235
7167 11776
7167 11777
7168 7280
7168 7396
7168 8644
7168 9474
7168 11422
7169 7171
7169 7523
7169 8231
7169 8386
7169 8640
7169 8680
7169 9402
7169 9486
7170 8100
7170 8650
7170 11589
7170 12132
7170 12654
7171 8231
7171 8386
7171 8640
7171 9313
7171 9402
7171 9486
7171 10646
7171 11270
7172 7379
7172 8857
7173 7180
7173 7279
7173 9468
7173 9764
7173 10079
7173 10823
7173 11755
7174 9150
7174 9365
7175 7942
7175 8349
7175 9068
7175 11339
7175 11470
7176 7642
7176 8852
7176 9522
7176 9772
7177 9489
7177 9670
7177 10889
7177 10891
7177 10912
7177 11357
7177 11448
7177 11462
7178 8189
7178 9434
7178 9708
7178 10123
7178 10238
7178 10946
7178 11332
7178 11412
7178 11426
7178 11798
7178 11867
7178 12518
7179 7954
7179 8083
7179 8088
7179 9830
7179 10247
7179 10762
7179 10898
7179 11505
7179 12366
7179 12659
7180 7250
7180 9468
7180 9764
7180 10079
7180 10823
7180 11755
7181 7260
7181 9299
7181 9388
7182 8291
7182 8959
7182 9686
7182 9789
7182 10045
7182 10438
7182 11387
7182 11609
7182 11661
7183 7521
7183 9347
7183 9773
7184 7420
7184 7594
7184 8681
7184 10777
7185 7306
7185 7715
7185 8371
7185 10251
7185 10668
7185 11397
7185 11785
7185 12224
7186 7230
7186 7403
7186 7419
7186 7424
7186 8717
7186 9055
7186 10744
7186 12205
7186 12569
7186 12676
7187 7995
7187 8490
7187 9655
7187 10050
7187 10066
7187 10201
7187 12039
7187 12053
7188 7228
7188 8406
7188 8697
7188 10717
7188 11707
7189 7226
7189 7593
7189 7729
7189 8318
7189 9357
7189 9808
7189 10189
7189 10569
7189 11518
7190 8551
7191 9807
7191 11936
7192 8512
7192 8823
7192 8969
7192 9532
7192 9623
7192 9873
7192 10202
7192 11257
7192 11510
7192 11894
7192 12130
7192 12641
7193 7593
7193 7729
7193 8361
7193 8363
7193 10020
7193 11274
7193 11649
7193 12444
7194 8032
7194 8571
7194 9386
7194 10147
7195 7759
7195 10222
7195 10580
7195 11826
7195 12460
7196 7656
7196 10443
7196 11403
7196 12142
7196 12265
7197 7627
7197 8229
7197 8897
7197 8944
7197 11611
7197 12160
7197 12554
7197 12584
7197 12595
7198 7581
7198 9312
7198 11495
7198 12446
7199 7377
7199 7671
7199 10956
7199 11155
7199 11440
7200 9109
7200 10424
7200 10452
7200 10454
7200 10465
7200 10548
7200 11172
7200 11958
7200 12409
7201 7977
7201 8910
7201 9183
7201 9496
7201 10243
7201 11529
7202 7294
7202 7328
7202 7575
7202 7689
7202 7771
7202 12087
7203 7377
7203 9230
7203 9545
7203 9954
7203 10436
7203 11180
7203 11296
7204 9657
7204 9870
7204 10159
7204 10791
7204 11942
7205 7662
7205 7829
7205 8431
7205 9560
7205 12236
7206 7670
7206 8138
7206 8223
7206 10302
7206 11075
7206 11262
7206 11499
7206 11801
7206 12282
7207 7635
7207 8599
7207 9057
7207 9435
7207 10085
7207 11655
7207 11668
7207 11805
7208 7819
7208 7864
7208 7973
7208 8067
7208 8071
7208 8080
7208 8124
7208 8885
7208 9502
7208 9585
7208 9587
7208 11610
7208 11633
7208 11897
7208 12047
7208 12276
7209 7613
7209 7972
7209 8661
7209 8662
7209 9634
7209 9698
7210 7581
7210 8319
7210 9177
7210 9312
7210 9363
7210 10290
7211 7913
7211 8120
7211 8522
7211 8685
7211 8811
7211 9398
7211 9503
7211 9531
7211 9590
7211 9953
7211 10349
7211 10487
7211 10534
7211 10592
7211 12329
7212 10428
7212 10470
7212 11049
7212 11249
7212 11398
7212 12208
7213 8773
7214 7599
7214 7776
7214 7798
7214 8117
7214 8633
7214 9485
7214 10099
7214 10118
7215 8256
7215 8387
7215 10166
7215 11699
7215 12072
7216 7413
7216 8510
7216 9162
7216 10102
7216 11830
7217 7519
7217 8441
7217 9870
7217 10091
7217 10608
7217 11942
7218 8434
7218 8474
7218 10003
7218 10833
7218 10858
7218 11009
7218 11677
7219 7846
7219 8173
7219 8434
7219 9801
7219 11101
7219 11640
7219 12303
7220 8158
7220 9461
7220 11000
7220 11517
7220 12305
7221 8175
7221 9586
7221 10107
7221 11133
7221 12308
7221 12359
7221 12412
7222 8070
7222 8098
7222 8376
7222 10521
7222 12102
7223 7837
7223 9528
7223 11920
7224 7867
7224 9592
7224 11979
7224 12116
7224 12469
7225 8347
7225 8820
7225 9850
7225 10331
7225 11918
7225 12099
7225 12193
7225 12530
7226 8774
7226 9247
7226 10011
7226 10189
7226 11518
7227 7938
7227 8288
7227 9360
7227 9492
7227 9554
7227 11525
7228 9979
7228 11553
7228 11554
7228 11707
7229 9430
7229 9685
7229 10775
7229 10971
7229 11804
7229 12137
7230 7403
7230 7424
7230 8445
7230 8542
7230 8717
7230 9462
7230 9608
7230 12205
7230 12676
7231 7534
7231 7603
7231 8404
7231 9085
7231 11848
7232 7939
7232 9546
7232 10726
7232 10900
7232 11078
7233 7960
7233 8162
7233 8263
7233 8290
7234 7974
7234 8115
7234 9091
7234 9443
7234 10305
7234 11034
7235 8906
7235 9614
7235 9660
7235 9916
7235 12294
7236 8819
7236 11925
7236 12164
7236 12367
7237 7274
7237 10072
7237 10148
7237 10261
7237 10401
7237 10409
7238 7818
7238 8749
7238 10473
7238 10989
7238 11846
7239 7500
7239 8361
7239 8363
7239 8527
7239 10167
7240 7494
7240 8093
7240 8330
7240 9478
7240 10204
7240 10485
7240 11020
7240 11267
7240 11587
7240 12453
7241 8748
7241 9007
7241 9045
7241 9202
7241 9293
7241 12263
7241 12592
7242 8147
7242 8398
7242 8498
7243 8491
7243 8878
7243 10065
7243 10359
7243 10935
7243 11064
7243 11593
7243 11773
7243 11896
7243 12159
7243 12653
7243 12671
7244 7803
7244 9519
7244 9703
7244 9857
7244 10124
7244 11038
7244 11113
7244 11882
7244 11951
7244 12544
7245 8766
7245 9454
7246 7752
7246 9535
7246 9775
7246 9900
7246 10274
7246 10915
7246 11284
7246 12231
7247 8471
7247 9986
7247 11585
7247 11623
7247 11778
7247 11795
7248 7409
7248 8312
7248 9638
7248 10763
7248 11040
7248 12342
7249 8182
7249 9114
7249 9137
7249 9212
7249 11145
7250 7776
7250 8221
7250 9468
7250 10823
7251 7767
7251 7856
7251 7929
7251 8466
7251 8638
7251 10418
7251 11480
7251 12101
7251 12161
7251 12273
7251 12472
7252 8144
7252 9340
7252 10951
7252 11225
7252 12537
7253 9272
7253 9684
7253 11360
7254 8177
7254 8327
7254 8910
7254 10607
7254 10617
7254 12096
7255 7821
7255 7931
7255 9953
7255 10087
7255 11896
7255 12193
7255 12270
7256 7547
7256 8336
7256 8983
7256 9042
7256 9830
7256 10273
7256 10427
7256 11317
7256 11405
7256 11901
7256 12451
7256 12557
7257 7528
7257 8094
7257 9035
7257 10291
7257 11815
7257 12466
7257 12473
7258 8031
7258 8522
7258 8685
7258 8811
7258 9794
7258 9953
7258 10844
7259 7518
7259 7522
7259 7978
7259 8128
7259 9366
7259 11007
7259 11206
7259 12605
7259 12657
7260 7551
7260 7754
7260 9771
7261 7457
7261 8783
7261 9277
7261 9405
7261 9922
7261 9978
7261 10411
7262 8320
7262 8519
7262 9061
7262 9793
7262 9800
7263 8200
7263 10070
7263 10207
7263 10666
7264 7289
7264 9347
7264 9359
7264 9446
7264 9514
7264 11709
7265 8486
7265 9224
7265 9450
7265 9668
7265 9825
7265 10698
7265 10801
7265 11903
7265 11992
7265 12461
7266 8232
7266 8789
7266 9292
7266 10245
7266 10510
7266 11043
7266 12134
7267 8957
7267 9940
7267 10508
7267 11059
7267 11157
7267 11303
7267 11594
7267 11808
7267 12533
7268 7348
7268 9211
7268 12377
7268 12561
7269 9399
7269 9823
7269 9928
7270 7410
7270 7471
7270 7996
7270 8279
7270 8520
7270 9803
7270 9831
7270 10151
7270 11736
7270 12404
7271 7386
7271 9599
7271 9776
7271 10216
7271 10239
7272 9071
7272 10476
7272 11985
7272 12049
7272 12243
7273 8048
7273 8236
7273 8399
7273 8630
7273 12617
7274 8025
7274 8289
7274 8529
7274 8648
7274 8859
7274 10148
7274 10261
7275 7297
7275 7536
7275 8209
7275 10185
7275 10253
7275 10798
7275 12326
7275 12359
7276 8855
7276 9300
7276 9673
7276 10027
7276 10659
7276 11500
7276 12216
7277 7408
7277 7900
7277 8113
7277 8479
7277 9440
7277 9667
7277 11361
7277 11595
7278 7395
7278 9100
7278 9559
7278 11814
7278 11816
7279 8857
7279 9468
7279 9760
7279 10079
7279 10804
7279 11261
7280 9474
7280 9507
7280 10407
7280 11422
7281 10021
7281 10174
7282 7311
7283 10111
7283 11675
7284 7753
7284 9006
7284 10031
7284 11588
7284 12081
7285 8292
7285 8818
7285 9504
7285 10221
7285 10235
7285 10242
7285 10975
7285 11990
7286 9132
7286 10036
7286 10934
7286 10993
7287 9383
7287 9630
7288 8028
7288 8628
7289 8358
7289 9359
7289 11782
7290 7434
7290 7658
7290 7782
7290 8770
7290 8780
7291 7438
7291 7589
7291 8298
7291 8557
7291 9550
7292 7693
7292 7734
7292 7782
7292 8014
7292 9963
7292 10063
7292 10137
7292 10582
7292 12018
7292 12038
7292 12039
7292 12057
7292 12119
7292 12189
7292 12197
7293 8341
7293 8419
7293 8858
7293 9396
7293 9918
7293 10348
7293 10713
7294 7575
7294 7689
7294 12058
7294 12087
7294 12108
7295 7412
7295 8188
7295 8435
7295 11720
7295 11767
7296 7707
7296 8005
7296 8382
7296 9483
7296 10777
7296 11688
7297 7717
7297 8209
7297 10798
7297 12326
7298 9158
7298 9763
7298 10698
7299 7331
7299 7428
7300 7947
7300 10854
7300 10894
7300 11181
7300 11696
7301 8328
7301 9248
7301 9988
7301 10286
7301 11502
7302 9839
7302 10667
7302 11018
7302 11019
7302 11631
7303 10328
7303 12292
7304 7775
7304 8730
7304 9467
7304 10661
7304 10679
7305 7991
7305 9128
7305 9228
7305 9386
7306 9422
7306 10226
7306 10251
7306 11613
7306 12224
7307 9183
7307 10049
7307 10400
7307 10978
7307 11276
7307 12107
7308 7556
7308 8592
7308 8854
7308 10332
7308 10917
7308 11005
7308 11226
7308 11598
7309 7310
7309 8109
7309 8182
7309 11018
7309 11239
7311 10573
7312 7345
7312 7968
7312 9268
7312 9328
7312 9659
7312 9970
7313 8916
7313 10195
7313 10435
7313 11839
7313 12150
7313 12277
7314 9268
7314 9970
7315 8424
7315 8917
7315 10010
7315 10394
7315 11597
7316 7510
7316 7624
7316 7989
7316 9755
7316 10038
7317 8164
7317 9283
7317 9468
7317 10079
7317 11255
7317 12219
7318 8771
7318 9067
7318 10411
7318 11051
7318 11388
7318 11779
7318 12568
7318 12675
7319 8760
7319 9606
7319 11690
7320 7469
7320 7526
7320 8881
7320 10897
7320 10919
7320 11591
7320 11868
7320 11891
7321 7710
7321 8645
7321 10083
7321 10224
7321 11210
7321 12376
7322 8357
7322 8390
7322 8463
7322 12255
7323 8222
7323 8594
7323 8951
7323 9967
7323 11117
7323 11290
7323 12608
7324 8896
7324 9101
7324 9965
7324 11327
7324 11701
7324 11932
7325 7473
7325 7549
7325 7764
7325 8993
7325 9031
7325 9820
7326 7338
7326 8149
7326 8192
7326 9106
7326 9368
7326 10055
7326 11045
7327 7390
7327 11589
7328 7575
7328 7689
7328 8335
7329 7831
7329 7934
7329 9574
7330 7771
7330 8034
7330 9227
7330 9883
7330 9915
7331 7940
7331 9895
7331 10313
7331 11790
7331 11960
7331 12078
7332 10150
7332 10271
7333 9815
7333 10277
7333 11614
7333 11662
7333 12464
7334 10613
7334 11932
7335 7747
7335 8681
7335 8707
7335 9419
7335 9638
7336 8324
7336 9430
7336 9841
7336 11508
7337 7816
7337 8118
7337 9622
7337 9696
7337 9729
7337 10225
7337 10375
7337 11104
7337 11220
7337 11659
7338 7990
7338 8912
7338 9106
7338 10663
7338 11045
7338 11048
7339 7466
7339 7482
7339 7700
7339 8033
7339 8615
7339 8984
7339 11177
7339 12562
7340 8591
7340 8620
7340 9364
7340 12360
7340 12566
7341 7653
7341 7952
7341 8073
7341 9845
7341 10090
7341 10817
7341 11986
7341 12060
7341 12178
7342 7690
7342 8896
7342 10034
7342 11327
7342 11953
7343 7352
7343 7630
7343 8194
7343 11788
7344 10081
7344 10247
7344 10762
7344 11698
7345 7968
7345 8167
7345 9328
7345 9754
7345 9998
7346 7443
7346 9008
7346 11232
7347 7944
7347 8009
7347 8515
7347 9676
7347 11576
7347 11654
7347 12128
7347 12427
7348 12561
7349 7389
7349 7839
7349 9385
7349 10195
7350 7471
7350 7516
7350 8922
7350 8982
7350 11266
7351 7355
7351 7445
7351 8652
7351 9123
7351 9342
7351 10039
7351 10743
7351 12353
7351 12612
7352 8194
7353 7411
7353 7906
7353 8388
7353 8611
7353 8986
7353 10278
7353 10697
7353 11769
7353 11824
7353 12355
7354 8042
7354 9410
7354 9665
7354 9734
7354 10150
7354 10776
7354 10974
7354 12293
7355 7445
7355 9123
7355 9342
7355 12353
7355 12612
7355 12691
7356 8584
7356 8738
7356 10220
7356 10620
7356 10990
7356 12356
7357 11646
7357 11658
7358 8189
7358 9951
7358 10554
7358 10687
7358 12362
7359 7744
7359 8228
7359 8235
7359 8488
7359 8518
7359 8548
7359 8729
7359 8940
7359 9023
7359 9798
7359 9799
7359 11108
7359 11810
7359 12239
7360 8153
7360 8436
7360 9877
7360 9878
7360 10048
7360 11260
7360 11817
7361 7667
7361 10840
7361 11381
7361 11803
7362 7583
7362 8037
7362 8765
7362 9381
7362 10284
7362 10383
7362 11884
7363 7486
7363 8493
7363 9601
7363 10801
7363 11615
7363 11935
7363 12446
7364 7775
7364 8779
7364 9030
7364 9570
7364 10661
7365 8384
7365 9592
7365 10327
7365 11041
7365 11055
7365 11827
7365 12118
7366 9071
7366 9231
7366 9333
7366 10172
7366 10610
7366 12243
7367 7718
7367 8513
7367 8725
7368 7613
7368 8111
7368 8344
7368 8763
7368 8919
7368 9323
7368 9634
7368 9698
7368 10576
7368 11511
7368 11905
7368 12292
7369 7537
7369 8146
7369 8356
7369 8531
7369 8917
7369 9806
7369 11065
7369 11363
7370 10299
7370 12184
7371 7513
7371 7731
7371 8396
7371 8882
7371 11748
7372 7758
7372 8197
7372 10172
7372 11731
7373 7376
7373 8560
7373 8580
7373 8742
7373 10600
7373 11030
7373 11058
7373 11531
7374 8298
7374 8544
7374 8557
7374 8619
7374 9229
7374 9550
7374 12080
7375 9417
7375 9873
7375 11395
7375 11630
7376 8560
7376 10699
7376 10703
7376 12365
7377 7671
7377 10956
7377 11180
7377 12541
7378 7965
7378 9161
7378 10294
7379 7680
7379 8283
7379 10394
7379 10565
7380 11558
7380 12331
7381 7648
7381 8411
7381 9061
7381 9358
7381 9493
7381 9822
7381 10028
7381 11389
7382 8281
7382 8590
7382 9752
7382 9758
7382 10736
7382 11208
7382 12233
7382 12335
7383 7501
7383 9334
7383 9549
7384 8020
7384 11740
7384 11975
7384 12169
7385 7704
7385 9602
7385 10768
7385 11937
7386 7552
7386 7892
7386 9294
7386 9334
7386 9549
7386 9776
7386 12014
7387 10383
7387 11514
7388 9446
7388 9514
7388 11738
7388 11944
7388 12275
7389 7832
7389 7839
7389 7953
7389 8561
7389 8843
7389 9110
7389 10195
7389 10430
7389 12597
7389 12605
7390 7449
7390 8103
7390 8105
7390 8646
7390 10896
7390 11589
7391 7477
7391 8607
7391 8943
7391 9290
7391 9369
7391 10655
7391 11292
7391 11620
7391 12182
7391 12552
7392 7755
7392 7834
7392 8480
7392 8857
7392 10804
7392 12571
7393 7557
7393 7655
7393 10183
7393 11574
7394 7497
7394 8813
7395 7547
7395 7954
7395 8983
7395 9028
7395 9559
7395 12105
7395 12123
7396 8644
7396 9474
7396 10086
7396 10556
7396 10711
7396 11811
7397 7398
7397 9372
7397 9843
7397 10092
7397 11530
7397 11864
7398 9372
7398 9843
7398 10092
7398 11530
7398 11750
7398 11864
7399 7705
7399 9219
7399 11488
7400 7533
7400 7732
7400 7735
7400 8345
7400 8968
7400 9479
7400 9663
7400 11522
7400 12213
7401 9197
7401 12354
7402 8210
7402 8803
7402 9287
7402 10162
7403 7419
7403 7424
7403 7751
7403 8465
7403 8542
7403 8786
7403 9301
7403 9462
7403 9470
7403 9608
7403 9769
7403 10744
7403 12258
7404 7405
7404 8925
7404 11226
7405 7765
7405 8492
7405 8854
7405 8925
7405 11226
7405 11598
7406 7969
7406 9265
7406 9950
7406 10741
7407 7563
7407 9307
7407 9330
7407 11097
7407 11280
7408 8113
7408 8205
7408 9549
7408 11591
7409 8539
7409 9674
7409 9680
7409 10763
7409 11040
7409 11936
7409 12342
7410 7471
7410 8613
7410 8722
7410 11010
7410 11736
7410 12432
7411 7422
7411 8584
7411 8611
7411 8986
7411 12355
7412 7870
7412 8188
7412 8515
7412 11767
7412 12128
7412 12427
7412 12559
7413 8510
7413 9162
7414 8061
7414 9658
7414 10366
7415 8741
7415 8909
7415 10772
7415 10783
7415 11000
7415 11460
7415 11517
7415 11625
7415 12238
7416 8022
7416 8511
7416 8622
7416 8677
7416 10376
7416 11111
7416 12394
7417 8503
7417 11211
7417 11256
7418 7430
7418 8709
7418 10579
7418 11005
7418 11177
7419 7424
7419 8465
7419 9769
7419 11479
7419 12205
7419 12569
7419 12676
7419 12681
7420 7497
7420 7594
7420 8270
7420 8681
7420 8707
7420 8776
7420 10777
7421 8575
7421 8724
7421 9037
7421 9349
7421 9495
7421 12599
7421 12672
7422 8584
7422 8986
7422 12355
7423 8652
7423 8668
7423 8711
7423 9038
7423 9646
7423 10743
7423 11047
7423 11655
7423 11668
7423 12352
7423 12691
7424 7751
7424 8542
7424 9301
7424 9462
7424 9769
7424 12205
7424 12258
7424 12676
7425 7432
7425 8078
7425 8549
7425 8938
7425 9447
7425 9726
7425 9904
7425 10589
7426 7429
7426 7588
7426 8041
7426 8546
7426 8564
7426 8657
7426 8807
7426 9209
7426 12618
7427 7450
7427 7452
7427 8504
7427 8655
7427 11778
7427 12223
7427 12591
7427 12683
7428 10544
7428 12187
7428 12190
7428 12652
7429 7446
7429 8041
7429 8546
7429 8605
7429 8657
7429 9209
7429 9812
7429 12684
7430 8709
7430 10073
7430 10389
7430 11005
7430 11051
7430 12403
7430 12682
7431 7824
7431 8654
7431 10360
7431 11873
7431 11880
7431 12020
7431 12052
7431 12067
7431 12649
7431 12670
7432 8078
7432 8109
7432 8938
7432 9904
7432 10128
7432 10589
7432 12463
7432 12536
7433 7814
7433 7922
7433 10344
7433 11969
7433 12154
7433 12345
7433 12643
7434 7658
7434 8780
7434 9870
7434 10063
7434 10066
7434 10137
7435 7551
7435 9656
7435 9677
7435 9916
7435 10521
7435 11974
7435 12102
7435 12186
7435 12294
7435 12652
7436 7607
7436 7679
7436 8234
7436 8516
7436 9619
7437 7840
7437 8045
7437 8092
7437 8298
7437 8838
7437 8941
7437 9009
7437 9029
7437 9040
7437 10770
7437 11780
7437 12598
7438 8557
7438 8558
7438 8631
7439 7452
7439 7485
7439 7709
7439 8047
7439 8504
7439 8655
7439 8676
7439 9774
7439 10037
7439 10088
7439 12360
7439 12566
7440 8081
7440 8095
7440 8449
7440 8557
7440 8558
7440 8631
7440 8666
7440 9208
7440 12696
7441 7588
7441 8657
7441 8807
7441 10376
7441 11764
7441 12430
7442 7775
7442 8497
7442 8870
7442 9888
7442 10369
7442 11692
7442 11991
7443 8781
7443 9130
7443 11232
7444 7903
7444 8417
7444 8683
7444 9230
7444 9951
7444 10025
7444 11118
7444 11195
7444 11231
7444 12593
7444 12594
7445 9342
7445 9742
7445 10039
7445 11850
7445 12612
7446 8041
7446 8605
7446 8657
7446 9812
7446 11850
7446 12603
7447 7911
7447 8802
7447 8874
7447 9104
7447 9196
7447 9324
7447 11534
7447 12125
7447 12128
7447 12181
7447 12550
7447 12559
7448 7951
7449 7462
7449 8044
7449 8054
7449 8100
7449 8103
7449 8105
7449 8556
7449 8756
7449 8928
7449 10896
7449 11589
7450 7465
7450 11585
7450 11778
7450 12223
7450 12683
7451 8148
7451 8238
7451 9315
7451 9472
7451 10084
7451 11441
7451 11531
7452 8624
7452 8655
7452 9772
7452 11768
7452 12223
7452 12566
7452 12591
7453 8044
7453 8499
7453 8547
7453 8781
7453 8946
7453 8948
7453 9008
7453 9174
7453 9458
7453 11232
7454 7599
7454 8267
7454 8579
7454 8651
7454 9438
7454 10926
7454 11390
7454 12349
7455 8055
7455 8090
7455 8129
7455 8195
7455 8666
7455 8845
7455 8931
7455 8945
7455 9208
7455 11794
7455 12281
7455 12418
7456 7478
7456 8130
7456 8929
7456 8972
7456 9005
7456 9375
7456 11031
7456 11769
7457 9978
7457 12336
7458 8038
7458 8933
7458 8971
7458 8989
7458 12182
7458 12346
7458 12591
7458 12683
7459 8608
7459 8704
7459 8725
7459 8981
7459 9045
7459 12606
7459 12621
7460 7485
7460 8202
7460 8655
7460 8676
7460 8797
7460 9189
7460 10037
7460 10088
7460 11480
7460 11778
7460 12553
7460 12611
7460 12683
7461 7586
7461 8051
7461 8669
7461 8927
7461 8932
7461 9491
7461 11775
7461 12686
7462 8044
7462 8054
7462 8547
7462 8948
7462 8978
7462 11505
7462 12654
7463 8457
7463 8583
7463 8733
7463 10732
7463 11026
7463 11138
7463 11543
7464 7496
7464 8104
7464 9737
7464 9861
7464 10567
7464 12184
7464 12422
7465 8024
7465 8989
7465 11585
7465 12118
7465 12553
7465 12683
7466 7482
7466 7628
7466 8033
7466 8615
7466 8953
7466 8984
7466 11177
7466 12403
7467 7708
7467 8737
7467 8947
7467 9044
7467 10572
7467 11235
7467 11777
7467 12689
7468 7489
7468 7703
7468 7950
7468 8456
7468 8670
7468 8761
7468 9176
7468 10178
7468 12673
7469 10897
7469 11591
7469 11891
7470 7561
7470 7663
7470 7838
7470 9456
7470 9494
7470 9697
7470 11008
7471 8279
7471 8867
7471 8922
7471 8982
7471 9819
7471 11266
7471 12404
7472 7648
7472 9493
7472 9822
7472 11251
7472 12406
7472 12408
7472 12600
7473 7492
7473 7594
7473 7764
7473 8776
7473 9820
7473 10684
7473 12461
7473 12572
7474 8599
7474 9057
7474 10734
7474 11192
7475 8540
7475 9103
7475 9975
7475 10406
7475 11067
7475 11419
7475 12201
7475 12608
7476 8573
7476 8699
7476 11122
7476 11457
7476 12228
7476 12230
7476 12344
7477 8024
7477 8852
7477 8989
7477 9290
7477 9369
7477 11292
7477 11293
7477 12075
7477 12182
7478 8130
7478 8972
7478 9005
7478 9375
7479 8022
7479 8940
7479 9023
7479 9778
7479 11111
7479 11666
7480 8045
7480 8092
7480 8101
7480 8569
7480 8838
7480 9029
7480 11483
7480 11780
7480 12598
7480 12644
7481 7541
7481 8090
7481 8845
7481 8931
7481 8935
7481 11912
7481 12418
7481 12431
7482 7628
7482 8033
7482 8072
7482 8074
7482 11579
7483 8201
7483 8412
7483 9588
7483 9832
7483 9941
7483 10715
7483 11506
7483 11664
7483 12519
7484 7543
7484 7661
7484 8033
7484 8057
7484 8072
7484 8949
7484 8952
7484 8984
7484 8985
7484 9366
7484 11206
7484 11579
7484 12597
7484 12605
7484 12690
7485 7945
7485 8043
7485 8202
7485 8655
7485 8676
7485 8936
7485 10037
7485 10088
7485 11778
7485 12360
7485 12566
7485 12591
7485 12602
7485 12683
7486 7730
7486 8493
7486 9601
7486 10568
7486 11652
7486 11935
7486 12446
7487 7605
7487 8027
7487 10038
7488 8594
7488 8760
7488 11057
7489 7542
7489 7950
7489 8632
7489 8670
7489 8733
7489 8761
7489 10178
7489 11543
7489 11577
7489 12673
7490 7815
7490 9320
7490 9506
7490 10460
7490 10464
7490 10614
7490 12636
7491 7718
7491 7975
7491 8226
7491 9719
7491 10004
7492 8636
7492 10562
7492 10684
7493 7606
7493 7793
7493 8227
7493 9611
7493 9762
7493 11190
7493 11279
7494 7649
7494 8093
7494 8288
7494 8995
7494 9172
7494 9478
7494 11525
7494 11863
7494 12377
7494 12453
7495 7528
7495 8665
7495 9035
7495 9041
7495 9888
7495 10291
7495 11815
7495 11991
7495 12045
7496 9263
7496 9275
7496 9737
7496 12184
7497 8813
7497 9883
7498 8069
7498 8750
7498 9242
7498 9444
7498 11556
7498 11718
7499 10501
7499 12207
7500 7605
7500 8363
7500 8527
7500 11274
7501 7643
7501 7993
7501 9094
7501 9255
7501 9325
7501 9372
7501 10924
7502 8196
7502 8700
7502 11607
7502 12259
7503 9111
7503 11082
7503 11843
7504 9610
7504 10899
7505 7865
7505 8823
7505 10605
7505 11510
7505 11646
7505 11658
7505 12061
7505 12641
7506 9083
7506 10275
7507 8370
7507 9175
7507 11599
7508 7934
7508 8371
7508 9574
7508 9591
7508 10682
7508 10705
7508 11498
7509 7688
7509 7757
7509 9143
7509 9993
7509 10787
7509 11000
7509 11238
7509 12238
7509 12695
7510 7511
7510 8275
7510 8792
7510 9755
7510 10038
7511 8275
7511 9755
7512 8401
7512 10644
7512 10995
7513 7731
7513 8396
7513 10138
7513 10992
7513 11748
7514 8740
7514 9002
7514 9498
7514 9770
7514 10109
7514 10114
7514 11713
7514 11858
7515 8623
7515 8625
7515 9630
7515 10563
7515 10990
7515 11029
7515 11535
7516 8236
7516 8982
7516 9148
7516 9249
7516 9436
7516 11010
7517 7998
7517 9852
7517 10323
7517 10340
7517 10651
7517 11980
7517 12265
7517 12317
7518 7953
7518 8128
7518 8843
7518 9304
7518 9366
7518 10430
7518 10842
7518 11007
7518 11789
7518 12109
7518 12605
7519 8441
7519 9459
7519 10091
7519 10608
7520 8121
7520 8375
7520 8855
7520 8899
7520 9266
7520 9385
7520 10288
7521 9773
7522 7978
7522 8015
7522 8416
7522 8800
7522 8924
7522 11007
7522 11557
7522 12135
7522 12650
7522 12657
7523 8386
7523 8680
7523 9486
7523 10080
7523 10117
7523 10646
7523 10800
7523 11057
7523 12424
7523 12560
7524 7578
7524 10502
7524 11734
7525 9401
7525 9533
7525 9775
7525 10399
7525 10649
7525 11560
7526 9849
7526 9939
7526 9956
7526 10047
7526 10681
7526 10897
7526 10919
7527 7797
7527 7878
7527 8664
7527 9039
7527 11264
7527 11617
7527 12151
7527 12577
7528 7859
7528 8094
7528 8842
7528 9035
7528 9888
7528 11815
7528 12045
7528 12470
7529 9885
7529 10327
7530 7545
7530 10258
7530 10366
7530 10487
7530 10844
7530 11072
7531 7546
7531 8416
7531 8920
7531 10133
7531 12077
7531 12135
7532 7892
7532 7967
7532 8881
7532 9957
7532 10877
7532 10914
7532 10919
7532 11399
7532 11591
7532 12014
7533 7647
7533 9479
7533 9577
7533 9663
7533 9736
7533 11522
7533 11943
7534 7603
7534 11848
7534 11902
7534 11931
7535 7682
7535 7706
7535 8063
7535 8065
7535 10840
7535 11400
7535 12114
7535 12191
7535 12485
7536 8175
7536 8447
7536 8454
7536 9464
7536 10185
7536 10253
7536 10798
7536 11793
7536 12326
7537 7587
7537 8217
7537 8356
7537 8531
7538 8500
7538 8757
7538 10703
7538 11266
7538 12365
7538 12404
7538 12674
7539 7773
7539 8107
7539 8226
7539 8462
7539 8841
7539 9548
7539 10179
7539 10767
7539 12581
7540 7810
7540 8099
7540 8315
7540 9879
7540 10193
7540 10486
7540 12046
7540 12650
7540 12671
7541 7608
7541 8090
7541 8129
7541 8931
7541 8935
7541 11912
7541 12084
7541 12431
7542 7601
7542 7657
7542 7950
7542 8008
7542 8036
7542 8583
7542 8597
7542 8626
7542 8629
7542 8632
7542 8733
7542 8761
7542 8972
7542 8986
7542 9040
7542 10577
7542 12180
7542 12244
7542 12348
7542 12368
7542 12655
7542 12673
7542 12697
7543 8057
7543 8949
7543 11206
7543 11579
7543 12564
7544 8093
7544 8705
7544 8712
7544 8995
7544 11386
7544 11394
7544 11863
7545 8811
7545 10258
7545 10349
7545 10366
7545 10487
7545 10844
7546 7810
7546 8099
7546 8416
7546 8800
7546 11784
7546 12077
7546 12135
7546 12171
7547 7954
7547 8336
7547 8481
7547 8983
7547 9028
7547 9042
7547 9830
7547 12105
7547 12123
7547 12451
7547 12659
7548 8260
7548 8862
7548 8998
7548 9042
7548 9889
7548 10330
7548 11879
7548 11901
7548 11913
7548 11966
7548 12106
7548 12163
7548 12168
7548 12557
7548 12574
7548 12583
7549 8993
7549 9031
7549 11545
7549 12374
7550 9312
7550 10023
7550 10078
7550 11615
7551 7754
7551 9677
7552 8210
7552 8863
7552 9154
7552 9334
7552 9549
7552 9615
7552 10302
7552 11569
7552 11686
7553 8138
7553 10244
7553 10711
7553 11061
7553 11499
7553 11801
7553 11811
7554 8258
7554 10647
7554 11165
7554 11236
7554 11250
7554 11425
7555 9073
7555 9135
7555 10759
7555 11631
7556 8854
7556 10332
7556 10917
7556 11005
7556 11226
7556 11598
7557 10183
7557 10922
7557 10973
7557 11574
7557 11581
7558 9160
7558 9752
7558 11289
7559 7562
7559 7877
7559 9617
7559 9740
7559 10329
7559 11240
7560 7923
7560 8450
7560 9542
7560 11500
7561 7838
7561 7984
7561 9456
7561 10184
7561 10339
7561 10380
7561 10817
7561 11489
7561 11791
7562 9740
7563 9267
7563 11280
7563 11711
7564 7569
7564 9112
7564 9482
7564 9749
7564 10278
7564 10470
7564 10712
7564 11249
7565 7820
7565 9370
7565 9603
7565 9612
7565 9900
7565 10379
7565 10768
7565 10915
7565 11937
7566 8787
7566 8828
7566 10048
7567 8215
7567 8321
7567 8520
7567 8710
7567 12663
7568 8672
7568 12420
7569 7894
7569 7906
7569 10278
7570 8499
7570 8736
7570 9822
7570 11763
7570 12600
7570 12692
7571 9101
7571 9965
7571 10093
7571 10613
7571 11892
7571 11965
7571 12053
7571 12091
7572 7591
7573 7880
7573 8026
7573 9200
7573 9541
7573 9566
7573 10755
7573 10831
7573 11073
7573 12084
7574 8496
7574 9259
7574 10689
7574 11231
7575 7689
7575 8335
7576 7676
7576 8188
7576 8435
7576 9329
7576 9961
7576 10829
7576 12256
7576 12620
7577 8082
7577 8956
7577 10346
7577 10543
7577 10573
7577 12023
7578 8040
7578 9127
7578 9701
7578 10347
7578 10352
7578 11734
7578 11964
7578 12019
7578 12056
7578 12508
7579 7904
7579 8286
7579 8293
7579 9512
7579 9515
7579 9937
7579 11128
7579 11135
7579 11641
7579 11665
7580 7606
7580 8227
7580 8706
7580 9090
7580 9611
7580 9762
7580 11627
7581 8319
7581 9312
7581 9363
7581 11495
7582 8674
7582 9392
7582 10161
7582 10999
7582 11102
7582 11109
7582 11255
7583 10383
7583 11263
7584 8240
7584 8319
7584 8961
7584 9363
7584 10022
7584 10071
7584 10113
7584 10157
7584 10215
7584 10505
7584 10531
7584 10552
7585 11023
7586 7630
7586 8051
7586 8563
7586 8577
7586 8850
7586 8927
7586 9044
7586 9245
7586 9690
7586 10685
7586 12343
7586 12364
7587 8217
7587 8356
7587 8531
7587 8857
7587 11261
7587 11363
7588 8309
7588 8564
7588 8755
7588 8807
7588 9102
7588 11764
7588 12357
7588 12430
7588 12618
7588 12622
7589 9159
7589 9550
7589 10662
7590 8165
7590 9044
7590 9198
7590 9899
7590 11777
7591 9607
7592 8025
7592 8678
7592 9706
7592 9847
7592 10059
7592 11218
7592 11936
7593 7729
7593 9357
7593 10020
7593 10569
7593 12444
7594 8707
7594 8776
7594 10223
7594 10310
7594 10684
7595 7834
7595 8505
7595 9004
7595 10156
7595 11259
7595 11272
7595 12571
7596 8514
7596 8703
7596 8937
7596 8946
7596 11813
7596 11814
7596 12589
7597 8039
7597 8048
7597 8561
7597 8630
7597 9003
7597 11770
7597 12690
7598 8026
7598 8935
7598 9541
7598 11027
7598 11929
7598 12104
7598 12431
7598 12604
7598 12656
7599 7776
7599 8117
7599 8633
7599 8651
7599 10118
7599 10752
7599 11012
7599 11390
7599 12349
7600 8017
7600 8019
7600 8046
7600 8669
7600 9024
7600 11578
7600 12586
7601 8276
7601 8583
7601 8595
7601 8626
7601 8629
7601 8733
7601 8738
7601 8761
7601 8986
7601 12673
7602 8414
7602 9053
7602 9960
7602 11840
7602 12266
7602 12596
7603 8404
7603 11848
7603 11902
7604 7936
7604 7959
7604 8659
7604 9025
7604 9288
7604 9503
7604 9590
7604 9767
7604 10143
7604 11963
7605 8027
7606 9403
7606 9611
7606 9762
7606 11279
7607 8234
7607 8771
7607 9516
7607 9619
7607 10748
7607 11388
7607 11737
7608 8090
7608 8129
7608 8610
7608 12084
7608 12126
7608 12281
7609 8030
7609 8049
7609 8056
7609 8337
7609 9565
7609 11116
7609 11742
7609 12372
7609 12559
7609 12620
7610 8257
7610 8702
7610 9305
7610 9924
7610 10742
7610 10836
7610 11298
7610 12381
7611 7868
7611 7882
7611 8673
7611 10991
7611 12071
7611 12330
7612 7962
7612 8123
7612 8340
7612 8848
7612 8886
7612 8930
7612 10638
7612 11404
7613 8075
7613 8661
7613 8919
7613 9634
7613 9698
7613 11511
7614 7701
7614 8125
7614 8282
7614 8915
7614 9744
7614 9984
7614 10089
7614 10609
7614 11487
7614 11616
7614 11888
7614 11895
7615 7616
7615 9797
7615 11205
7616 11205
7617 9374
7617 9617
7617 10307
7617 11240
7618 8824
7618 8865
7618 9679
7618 10170
7618 10228
7618 10686
7618 11212
7618 11675
7618 12269
7619 8199
7619 8691
7619 9327
7619 9440
7619 10781
7619 11127
7619 12285
7619 12384
7619 12388
7620 7985
7620 8247
7620 8249
7620 8521
7620 10032
7621 7791
7621 8152
7621 9203
7621 9449
7621 9499
7621 9505
7621 10014
7621 10106
7621 10297
7621 10725
7622 9284
7622 9316
7622 9810
7622 10739
7622 11759
7622 12313
7623 7708
7623 8408
7623 9821
7623 12274
7624 8506
7624 11240
7624 11758
7625 9131
7625 9329
7625 11802
7626 9693
7626 9972
7626 10675
7626 11807
7626 12336
7627 8075
7627 8129
7627 8229
7627 8897
7627 8944
7627 9027
7627 12103
7627 12554
7627 12584
7627 12595
7628 8033
7628 8072
7628 8074
7628 8953
7628 8984
7628 11812
7629 10177
7629 10178
7629 12673
7630 8194
7630 8577
7630 8927
7630 8975
7630 9896
7630 11788
7630 12343
7630 12358
7631 8665
7631 11692
7631 11991
7631 12095
7631 12115
7631 12157
7631 12588
7632 9048
7632 9788
7632 10122
7632 10870
7632 10980
7632 11214
7632 11335
7632 11349
7632 11651
7632 12011
7633 9095
7633 9165
7633 9457
7633 9469
7633 9470
7633 11494
7633 11645
7633 11754
7633 12258
7634 10382
7634 10873
7634 10947
7634 11157
7634 11676
7634 12289
7634 12290
7635 8193
7635 8533
7635 8539
7635 10085
7635 11668
7636 7750
7636 7904
7636 10735
7636 10815
7636 10945
7636 12295
7637 7744
7637 8235
7637 9063
7637 9894
7637 10404
7637 10647
7637 10758
7637 11551
7638 8183
7638 9475
7638 11071
7638 12215
7639 9052
7639 9920
7639 10866
7640 8673
7640 9087
7640 10292
7640 10555
7640 10832
7640 12279
7641 7671
7641 11155
7642 8852
7642 8903
7642 10249
7643 7993
7643 9325
7643 9372
7643 10326
7644 7702
7644 7833
7644 7928
7644 9097
7644 9497
7644 9508
7644 9510
7644 9817
7644 9903
7644 10309
7644 11300
7645 8164
7645 8528
7645 8633
7645 8649
7645 9936
7646 7877
7646 10395
7646 10936
7646 12481
7647 8345
7647 8362
7647 9523
7647 9663
7647 9736
7647 9983
7647 9995
7647 10694
7647 10895
7647 11943
7648 8411
7648 9493
7648 9800
7648 11251
7648 11672
7649 7938
7649 8093
7649 8288
7649 8995
7649 9478
7649 11525
7649 11863
7650 7760
7650 9426
7650 12661
7651 7874
7651 9159
7651 9225
7651 10674
7651 10676
7651 11028
7651 11569
7651 11891
7652 8325
7652 8688
7652 9784
7652 10594
7652 10688
7652 12267
7653 9786
7653 11432
7653 11437
7653 11986
7653 12063
7654 10147
7654 11946
7654 11972
7654 11995
7654 11999
7654 12037
7655 9527
7655 9633
7655 9887
7655 10183
7655 10837
7656 10680
7656 11403
7656 11910
7656 12142
7656 12176
7656 12265
7657 8008
7657 8461
7657 8562
7657 8632
7657 10577
7658 7782
7658 8780
7658 10137
7659 8770
7659 10176
7659 10582
7660 8206
7660 9158
7660 9763
7660 10082
7660 11551
7661 8033
7661 8952
7661 9884
7661 11579
7662 7829
7662 9216
7662 9551
7662 9636
7663 8170
7663 9494
7663 10601
7663 11008
7664 9645
7664 9652
7666 9182
7666 10405
7666 11644
7667 8063
7667 9259
7667 10165
7667 10840
7667 11379
7667 11751
7667 11803
7668 8634
7668 8684
7668 8745
7668 9165
7668 9470
7668 9605
7668 11477
7668 11645
7668 11754
7669 9207
7669 10413
7670 8223
7670 9835
7670 9960
7670 10302
7670 11801
7670 12266
7671 10956
7671 11155
7671 11440
7672 8145
7672 9337
7673 9168
7673 9339
7673 9427
7673 9843
7673 10414
7674 7727
7674 8037
7674 8765
7674 9184
7674 9381
7674 11592
7675 8521
7675 9757
7675 10509
7675 10773
7675 11786
7676 9329
7676 10581
7676 10829
7676 12620
7677 8193
7677 8539
7677 11040
7678 9652
7678 10029
7678 10170
7678 10597
7679 8234
7679 8296
7679 8438
7679 8516
7680 8283
7680 11539
7681 8811
7681 10534
7681 10806
7681 11963
7681 12329
7682 8230
7682 8444
7682 9078
7683 7826
7683 9238
7683 9722
7683 9837
7683 10857
7683 10863
7683 10913
7683 11152
7683 12313
7684 8095
7684 8191
7684 9018
7684 12080
7685 8233
7685 8563
7685 10685
7685 12333
7686 8718
7686 9437
7686 12334
7686 12527
7687 8501
7687 10139
7687 11747
7687 11866
7688 7757
7688 8403
7688 8876
7688 8909
7688 9143
7688 10772
7688 10783
7688 11000
7688 11460
7688 12238
7688 12305
7688 12695
7689 7865
7689 8826
7689 10605
7689 12058
7689 12108
7689 12158
7690 11327
7690 11402
7690 12482
7691 10061
7691 10501
7691 10522
7691 11144
7691 11353
7691 11729
7691 11946
7691 11976
7691 11995
7691 12549
7692 10256
7692 10476
7692 11793
7693 8068
7693 8094
7693 8862
7693 9694
7693 11922
7693 11988
7693 12106
7693 12119
7693 12194
7693 12197
7693 12470
7693 12578
7693 12642
7693 12645
7694 8456
7694 8670
7694 8733
7694 8745
7694 8761
7694 10732
7694 11026
7694 11169
7694 11543
7694 11754
7695 9335
7695 9481
7695 9895
7695 9928
7695 10451
7695 10615
7695 11306
7695 11379
7695 11381
7695 12031
7695 12143
7695 12505
7696 7897
7696 7898
7696 8437
7696 8470
7696 9971
7696 10765
7696 11242
7696 12220
7697 8973
7697 9870
7697 10159
7697 11942
7697 11962
7697 12013
7697 12091
7697 12235
7697 12579
7698 9240
7698 10816
7699 11282
7699 11503
7699 12283
7700 8615
7700 9530
7700 10579
7700 11177
7700 11552
7700 12082
7700 12340
7700 12562
7701 8993
7701 9133
7701 9555
7701 9984
7701 10671
7701 11487
7701 12246
7702 7833
7702 7928
7702 11300
7702 11993
7702 12503
7703 7713
7703 7950
7703 8597
7703 9176
7703 10178
7703 12348
7704 9602
7704 10469
7704 10768
7705 8277
7705 9219
7705 11488
7706 8065
7706 11906
7706 11987
7706 12114
7707 8005
7707 9343
7707 11688
7708 7784
7708 8165
7708 8408
7708 8947
7708 9044
7708 9821
7708 11235
7709 9760
7709 9774
7710 7738
7710 10780
7710 11210
7710 11213
7711 8860
7711 8964
7711 10343
7711 11876
7711 12448
7712 9770
7712 10408
7712 11393
7712 11858
7713 7989
7713 9395
7713 9457
7713 9469
7714 8262
7714 8566
7714 8926
7714 8958
7714 9086
7714 9288
7714 11559
7714 12083
7714 12120
7714 12211
7714 12471
7715 7849
7715 8008
7715 8629
7715 9291
7715 10668
7715 11397
7716 10286
7716 11386
7716 11394
7716 11502
7717 8209
7717 12326
7717 12334
7718 7876
7718 7956
7718 7975
7718 8643
7718 9197
7718 9719
7718 10004
7718 10782
7718 11566
7719 9084
7719 10071
7719 10290
7719 11039
7719 11283
7719 11787
7720 7723
7720 10326
7720 11373
7720 11750
7721 8815
7721 9576
7721 10583
7721 10584
7721 10586
7721 10631
7721 12237
7722 10621
7722 11175
7722 11354
7722 11434
7723 8379
7723 9255
7723 10282
7723 10930
7723 10980
7724 8353
7724 8373
7724 8502
7725 7932
7725 7964
7725 9051
7725 9219
7725 9606
7725 10396
7725 11488
7725 11725
7725 11931
7726 7840
7726 8092
7726 8569
7726 9194
7726 9195
7726 9326
7727 8765
7727 9184
7727 9381
7727 10271
7727 11592
7728 8400
7728 10129
7728 11300
7728 11407
7728 11634
7728 12325
7729 11649
7729 12444
7730 8493
7730 9601
7730 9820
7730 10920
7730 11903
7730 12446
7730 12572
7731 8396
7731 8808
7731 8812
7731 8882
7731 9433
7731 10992
7732 7842
7732 8968
7732 10450
7732 11883
7732 12188
7733 9125
7733 9190
7733 9262
7733 9377
7733 9387
7733 11580
7733 11653
7733 11832
7734 8014
7734 10390
7734 10974
7734 12018
7734 12119
7734 12293
7734 12575
7735 7842
7735 8345
7735 8968
7735 9577
7735 9663
7735 9852
7735 11877
7735 11885
7735 11968
7735 11978
7736 7872
7736 9321
7736 9968
7736 10116
7737 9055
7738 8689
7738 10780
7739 8358
7740 10388
7740 10420
7740 11849
7740 12614
7741 8091
7741 8112
7741 8480
7741 8768
7741 9332
7741 10565
7741 11524
7741 11908
7741 12332
7742 7817
7742 8784
7742 8829
7742 8834
7742 9688
7742 10197
7742 11216
7742 11536
7742 12493
7743 9736
7743 9852
7743 10340
7744 8228
7744 8488
7744 8548
7744 8940
7744 9063
7744 11108
7745 8039
7745 8048
7745 8236
7745 9003
7745 12617
7746 7834
7746 11826
7746 11908
7746 12460
7747 10153
7747 10310
7748 8158
7748 9153
7748 9461
7748 9482
7748 9573
7748 9597
7748 10712
7748 10838
7749 8166
7749 8299
7749 8858
7749 9966
7749 10348
7749 11718
7749 11893
7750 8453
7750 10403
7750 10815
7750 10942
7750 12285
7750 12287
7750 12295
7751 8542
7751 8786
7751 9301
7751 9395
7751 9457
7751 9470
7751 9769
7751 10744
7751 12258
7752 8849
7752 9775
7752 9900
7752 10274
7752 10648
7752 10819
7752 11546
7752 11698
7752 12231
7753 8313
7753 8602
7753 10665
7753 11588
7753 11763
7753 12081
7753 12685
7753 12691
7754 8906
7754 9677
7754 9916
7755 7834
7755 8791
7755 10580
7755 11272
7755 12571
7756 8514
7756 8587
7756 8937
7756 8970
7756 9019
7756 10248
7757 8582
7757 8598
7757 8611
7757 8954
7757 8986
7757 9021
7757 9749
7757 9993
7757 10278
7757 10697
7757 10783
7757 10787
7757 11000
7757 11460
7757 11824
7757 12238
7757 12680
7757 12695
7758 8197
7758 8339
7758 10520
7758 10678
7758 11731
7758 12492
7759 8395
7759 8901
7759 10222
7759 11259
7759 11484
7759 11826
7759 12217
7759 12460
7760 9350
7760 10312
7760 10497
7760 10760
7760 10952
7760 11183
7760 12661
7761 9093
7761 11141
7761 12284
7761 12380
7762 7763
7762 10907
7763 8501
7763 10907
7763 11841
7764 8636
7764 9820
7764 12572
7765 8492
7765 8925
7765 11226
7766 7812
7766 8820
7766 10361
7766 10630
7766 12022
7766 12044
7766 12530
7767 8137
7767 8466
7767 8797
7767 8890
7767 8936
7767 11480
7767 12101
7767 12472
7768 7891
7768 8016
7768 10296
7768 10435
7768 11602
7768 12110
7768 12150
7768 12271
7768 12551
7768 12585
7769 8023
7769 10506
7769 10813
7770 10477
7770 10820
7770 11605
7770 11921
7770 11965
7770 12012
7770 12028
7770 12029
7770 12036
7770 12065
7770 12163
7770 12168
7770 12576
7771 8034
7771 9883
7771 9915
7771 10158
7771 12087
7772 8338
7772 10285
7772 10718
7772 11056
7773 7975
7773 7983
7773 8226
7774 7926
7774 10212
7774 10627
7774 11346
7774 11447
7775 8372
7775 8779
7775 9569
7775 10679
7776 7798
7776 8117
7776 8267
7776 11390
7776 11755
7776 12349
7777 9232
7777 9875
7777 10923
7777 11792
7778 8228
7778 8548
7778 9269
7778 9351
7778 9778
7778 10082
7778 10802
7778 11108
7778 11666
7779 9081
7779 9390
7779 10282
7779 10326
7779 11619
7780 7948
7780 8195
7780 8992
7780 9155
7780 9297
7780 9566
7780 10041
7780 10058
7780 10558
7780 10754
7780 11001
7780 12280
7781 7787
7781 8181
7781 8368
7781 9750
7781 12242
7782 8770
7782 8780
7782 10063
7782 10137
7783 8654
7783 10533
7784 8486
7784 9206
7784 9224
7784 9513
7784 10056
7784 10472
7784 11235
7784 11567
7784 11776
7785 9890
7785 11269
7785 11733
7786 8032
7786 8069
7786 8287
7786 9558
7786 9578
7786 9702
7786 9985
7786 10387
7786 10422
7786 11724
7787 8368
7787 9289
7787 9750
7787 9990
7787 9991
7787 12242
7788 9080
7788 10052
7788 10338
7789 9820
7790 9425
7790 9604
7790 9824
7790 9849
7790 10115
7790 11868
7790 12479
7791 8152
7791 9203
7791 9205
7791 9505
7791 10014
7792 7873
7792 9394
7792 10012
7792 10141
7793 9403
7793 9563
7793 9611
7793 11517
7794 8141
7794 9330
7794 9833
7794 10835
7794 11097
7794 11142
7794 12475
7794 12561
7795 9128
7795 10064
7795 11792
7796 7828
7796 7881
7796 8157
7796 8871
7796 9771
7796 9955
7796 11683
7797 7847
7797 7878
7797 7966
7797 11617
7797 11906
7797 11987
7797 12151
7798 7910
7798 8633
7798 11255
7798 11755
7799 8317
7799 8538
7799 8600
7799 8713
7799 8911
7799 9909
7799 11528
7800 7990
7800 8341
7800 8962
7800 9622
7800 9918
7800 9966
7800 10234
7800 10254
7800 10348
7800 10375
7800 10846
7800 11718
7800 12212
7801 8938
7801 9839
7801 10412
7801 11329
7801 12316
7802 7803
7802 8003
7802 8079
7802 9857
7802 11037
7802 12544
7803 8003
7803 8079
7803 9564
7803 9857
7803 10623
7803 10624
7803 10633
7803 11038
7803 11884
7803 12523
7803 12544
7804 7811
7804 7858
7804 7859
7804 8637
7804 11922
7804 12117
7804 12165
7804 12470
7804 12642
7805 7869
7805 7891
7805 8956
7805 11949
7805 12060
7805 12110
7806 7807
7806 9551
7806 10371
7806 10447
7806 11459
7806 11704
7806 11862
7806 11904
7806 12154
7806 12643
7807 11459
7807 11905
7807 12170
7807 12462
7807 12643
7808 8840
7808 9253
7808 10611
7808 11271
7808 11481
7808 12058
7808 12087
7808 12108
7809 7814
7809 8098
7809 8340
7809 8825
7809 9664
7809 12154
7809 12345
7810 7837
7810 8099
7810 10811
7810 11920
7810 12099
7810 12171
7811 7836
7811 11899
7811 11922
7811 12165
7811 12470
7812 8347
7812 8571
7812 10064
7812 10147
7812 10361
7812 10596
7812 12044
7812 12094
7812 12530
7812 12545
7813 8077
7813 8664
7813 9039
7813 10989
7813 12069
7813 12577
7814 8098
7814 8340
7814 8376
7814 8825
7814 9664
7814 10344
7814 12102
7814 12154
7814 12345
7815 9320
7815 9929
7815 9931
7815 10094
7815 10464
7815 10495
7815 10541
7815 10614
7816 8149
7816 8475
7816 8769
7816 9696
7816 9729
7816 10269
7816 10375
7816 11220
7816 11659
7817 7822
7817 7830
7817 8829
7817 8832
7817 8930
7817 9688
7817 12493
7818 7847
7818 7851
7818 7878
7818 7966
7818 9034
7818 11844
7818 11846
7819 7864
7819 8067
7819 9585
7819 12047
7819 12276
7820 8093
7820 8712
7820 9308
7820 9603
7820 10363
7820 10379
7820 10768
7820 11937
7820 12573
7821 8087
7821 8820
7821 10087
7821 11481
7821 11616
7821 11888
7821 11919
7821 12120
7821 12193
7821 12270
7822 8784
7822 8832
7822 8834
7822 8944
7822 9027
7822 9688
7822 10188
7822 11611
7822 12154
7822 12160
7822 12179
7822 12493
7822 12658
7823 8863
7823 9054
7823 9571
7823 9599
7823 9977
7824 8748
7824 9726
7824 10026
7824 10575
7824 11898
7825 8659
7825 8907
7825 8939
7825 9252
7825 10089
7825 10125
7825 10806
7825 10921
7825 11273
7826 8285
7826 9238
7826 9837
7826 10863
7826 10913
7827 8369
7827 9815
7827 9829
7827 10277
7827 10821
7828 7881
7828 8871
7828 9234
7828 9955
7828 10638
7828 11021
7828 11044
7828 11683
7829 8431
7829 9560
7829 9604
7829 9636
7829 9824
7829 10774
7830 8348
7830 8832
7830 8930
7830 10240
7830 10371
7830 12154
7831 8830
7831 9574
7831 12367
7832 8843
7832 8916
7832 10195
7832 10430
7832 11828
7832 12150
7833 11300
7833 11825
7833 11855
7833 11971
7833 11993
7833 12503
7834 8480
7834 10156
7834 11259
7834 11272
7834 11908
7834 12571
7835 8076
7835 8366
7835 11881
7835 12098
7835 12173
7835 12646
7835 12666
7836 8884
7836 9218
7836 10390
7836 11899
7836 11922
7836 12194
7836 12470
7837 10811
7837 10973
7837 11252
7837 11878
7837 11920
7837 12089
7837 12099
7837 12171
7838 9456
7838 9494
7838 10184
7838 11008
7839 8016
7839 8561
7839 8630
7839 8843
7839 9385
7839 10195
7839 10435
7839 12150
7839 12597
7839 12605
7840 8092
7840 8569
7840 8838
7840 9029
7840 9195
7841 9098
7841 9518
7841 9624
7841 9710
7841 10319
7841 10446
7841 11283
7841 11336
7841 11338
7841 11350
7841 11372
7841 11433
7841 11715
7841 11787
7841 11823
7841 11945
7842 8345
7842 8968
7842 10450
7842 11883
7842 11923
7842 11978
7842 12090
7842 12171
7842 12188
7843 7893
7843 9714
7843 9715
7843 9787
7843 9964
7843 11376
7843 12264
7845 8139
7845 8147
7845 8398
7845 8498
7845 8871
7845 9477
7845 9916
7845 10144
7845 10656
7846 7907
7846 8173
7846 9801
7846 10602
7846 11640
7847 7878
7847 7966
7847 9034
7847 11846
7847 11906
7847 11987
7847 12151
7847 12254
7848 8116
7848 9141
7848 9605
7848 10545
7848 11393
7849 8008
7849 8036
7849 8102
7849 8629
7849 8872
7849 9046
7849 9291
7849 9999
7849 11397
7849 12180
7849 12244
7849 12368
7849 12555
7850 9448
7850 9519
7850 9598
7850 10350
7850 10441
7850 12004
7850 12009
7850 12033
7850 12148
7850 12637
7851 7885
7851 8077
7851 8822
7851 9034
7851 11844
7851 12577
7851 12580
7852 7930
7852 8821
7852 9848
7852 10510
7852 10547
7852 11024
7852 12134
7852 12363
7853 8881
7853 9011
7853 9294
7853 9795
7853 9796
7853 10097
7853 10216
7853 12014
7854 8084
7854 8089
7854 9952
7854 10190
7854 11822
7854 11874
7854 12175
7855 7860
7855 8097
7855 8447
7855 9464
7855 10386
7855 12030
7855 12151
7855 12152
7855 12173
7855 12531
7855 12550
7855 12577
7855 12581
7855 12646
7855 12649
7856 7971
7856 11637
7856 12101
7856 12156
7856 12161
7856 12162
7857 7863
7857 8064
7857 8822
7857 12167
7857 12580
7858 7859
7858 8637
7858 8842
7858 12117
7858 12642
7859 8637
7859 8842
7859 11922
7859 12117
7859 12470
7859 12642
7860 8097
7860 8874
7860 9217
7860 10610
7860 11857
7860 11985
7860 12030
7860 12093
7860 12098
7860 12173
7860 12550
7860 12646
7861 8638
7861 9635
7861 9711
7861 10345
7861 11378
7861 12161
7861 12162
7861 12273
7862 7867
7862 11605
7862 11916
7862 11928
7862 12028
7862 12065
7863 7879
7863 8064
7863 8135
7863 10526
7863 11398
7863 12121
7863 12167
7863 12436
7863 12580
7863 12581
7863 12649
7863 12670
7864 8067
7864 8080
7864 8096
7864 11914
7864 12047
7865 7970
7865 8302
7865 8537
7865 8823
7865 8826
7865 8969
7865 10605
7865 11481
7865 12068
7865 12108
7865 12127
7865 12158
7865 12199
7865 12315
7865 12641
7866 7925
7866 8698
7866 9701
7866 9908
7866 10347
7866 10439
7866 10452
7866 10465
7866 10475
7866 10513
7866 10570
7866 11734
7866 12508
7866 12539
7867 11916
7867 11979
7867 12028
7867 12062
7867 12065
7867 12116
7868 7882
7868 8673
7868 10842
7868 11233
7868 11789
7868 12071
7869 7891
7869 7952
7869 8075
7869 8170
7869 8661
7869 8662
7869 10339
7869 10817
7869 11791
7869 11905
7869 12060
7869 12110
7869 12126
7869 12170
7869 12551
7869 12585
7869 12643
7870 7944
7870 8188
7870 8515
7870 12128
7870 12427
7870 12559
7871 8036
7871 8972
7871 9005
7871 9046
7871 9191
7871 11563
7871 11565
7872 12199
7872 12684
7873 9733
7873 10013
7873 10141
7873 10564
7873 11608
7874 9088
7874 9225
7874 10097
7874 10719
7874 11028
7874 11891
7874 11938
7875 8168
7875 8850
7875 9245
7875 9398
7875 9669
7875 10487
7876 8608
7876 8643
7876 8704
7876 9197
7876 9404
7876 9719
7876 12155
7876 12606
7877 9509
7877 9740
7877 10395
7877 12481
7878 8664
7878 9034
7878 11846
7878 12151
7878 12577
7879 7885
7879 8064
7879 8130
7879 8135
7879 9001
7879 10574
7879 10628
7879 11297
7879 11299
7879 11398
7879 12121
7879 12558
7879 12577
7879 12580
7880 8458
7880 9452
7880 10339
7880 10380
7880 10755
7880 10831
7880 11489
7880 12084
7880 12126
7880 12551
7880 12556
7881 8139
7881 8147
7881 8157
7881 8871
7881 11053
7882 8673
7882 11233
7882 12071
7882 12330
7883 8302
7883 8817
7883 8826
7883 8840
7883 9416
7883 9744
7883 10218
7883 12315
7884 9340
7884 9355
7884 10280
7884 10951
7884 12296
7884 12517
7885 8064
7885 8822
7885 10574
7885 12558
7885 12580
7886 8775
7886 9723
7886 11084
7887 7889
7887 9655
7887 9700
7887 10201
7887 10542
7887 11244
7887 11311
7887 11982
7887 12057
7887 12630
7887 12669
7888 8002
7888 10231
7888 11984
7888 12144
7888 12257
7888 12535
7889 8487
7889 9600
7889 9700
7889 9963
7889 10383
7889 11244
7889 11253
7889 11982
7889 12057
7889 12147
7889 12189
7889 12669
7890 8417
7890 10934
7890 11195
7890 11231
7890 11865
7891 8170
7891 9494
7891 9697
7891 10826
7891 11791
7891 12060
7891 12110
7891 12271
7891 12551
7891 12585
7892 8881
7892 9957
7892 11399
7892 11591
7892 11891
7892 12014
7893 9311
7893 9714
7893 10255
7893 10317
7893 10442
7893 11376
7893 11700
7893 11969
7893 12006
7893 12043
7893 12264
7894 7906
7894 7908
7894 7987
7894 9129
7894 9157
7894 9749
7894 9814
7894 10278
7894 10620
7894 11490
7895 9310
7895 9614
7895 10544
7895 12031
7895 12143
7896 8467
7896 9467
7896 9499
7896 10106
7896 10706
7896 10756
7896 11689
7896 11799
7897 7898
7897 9876
7897 9971
7898 8470
7898 9117
7898 9971
7899 9530
7899 11219
7900 8113
7900 8205
7900 8479
7900 9440
7900 9489
7900 9667
7901 8171
7901 10333
7901 11078
7901 11081
7902 9817
7902 10099
7902 10309
7902 10707
7903 8184
7903 8417
7903 8683
7903 9230
7903 9951
7903 10025
7903 11118
7903 11195
7903 11865
7905 8356
7905 8917
7906 9749
7906 10278
7906 10620
7906 10697
7906 11824
7907 8173
7907 9777
7907 10602
7907 10625
7907 11112
7908 8245
7908 9129
7908 9749
7908 10278
7908 11490
7908 11653
7909 8010
7909 8302
7909 10032
7909 10116
7909 11852
7910 8674
7910 9936
7910 11255
7911 9104
7911 9324
7911 12550
7912 8879
7912 9314
7912 10269
7912 10393
7913 8120
7913 8233
7913 8420
7913 9398
7913 9503
7913 12333
7914 8079
7914 9075
7914 9184
7914 10624
7914 11882
7914 11884
7915 9526
7915 10492
7915 10527
7915 10643
7915 10795
7915 10827
7915 11268
7915 12015
7915 12547
7916 9453
7916 9488
7916 10852
7916 10879
7916 11090
7916 11132
7916 11453
7917 8872
7917 9039
7917 9292
7917 9422
7917 9999
7917 11264
7917 12069
7917 12073
7918 8075
7918 8661
7918 9551
7918 11511
7918 11904
7918 11905
7918 12160
7918 12595
7918 12643
7919 8006
7919 8370
7919 9344
7919 10785
7919 11599
7920 9876
7920 9914
7920 10054
7920 10068
7920 10796
7921 8304
7921 9484
7921 10669
7921 11146
7921 11782
7922 8351
7922 10146
7922 10371
7922 10447
7922 11704
7922 11969
7922 12154
7922 12236
7922 12643
7923 8992
7923 9542
7923 10755
7923 10831
7923 11500
7924 8125
7924 8448
7924 8915
7924 11273
7924 11487
7924 12068
7924 12447
7924 12452
7924 12465
7925 8698
7925 9127
7925 9701
7925 10570
7925 11734
7926 8401
7926 10212
7926 10217
7926 11603
7926 11648
7926 11716
7926 12383
7927 9106
7927 9279
7927 11045
7928 9497
7928 10309
7929 8638
7929 8901
7929 10175
7930 8821
7930 9649
7930 10510
7930 11024
7930 11118
7930 11195
7931 8420
7931 8960
7931 9953
7931 11064
7931 11896
7931 12083
7931 12120
7931 12159
7931 12193
7931 12270
7931 12333
7931 12471
7932 7964
7932 8277
7932 9092
7932 9122
7932 9338
7932 10287
7932 10402
7932 11488
7933 8475
7933 8491
7933 9850
7933 9953
7933 10065
7933 10359
7933 10997
7933 11632
7934 7940
7934 8675
7934 9574
7934 9591
7934 10682
7934 11498
7934 12078
7935 8612
7935 8988
7935 9010
7935 11178
7935 11539
7936 8659
7936 9025
7936 9288
7936 10119
7937 7991
7937 9875
7937 9912
7937 10923
7937 10986
7937 11792
7937 11831
7937 12185
7938 8288
7938 9085
7938 9492
7938 11525
7939 8787
7939 9378
7939 9460
7939 10900
7939 11971
7939 11993
7940 10300
7940 10484
7940 10682
7940 10702
7940 11382
7940 11498
7940 11790
7940 12078
7941 9134
7941 9319
7941 9400
7941 9679
7941 9741
7941 10228
7941 10266
7941 11234
7941 12269
7942 8349
7942 8473
7942 9832
7942 9941
7942 10715
7942 11470
7943 8525
7943 8526
7943 9343
7943 9654
7943 10127
7943 10217
7943 12510
7944 8056
7944 8188
7944 8515
7944 11654
7944 12128
7944 12559
7945 8043
7945 8091
7945 8676
7945 8936
7945 11772
7945 12360
7945 12602
7946 8294
7946 8680
7946 9402
7946 9909
7947 10852
7947 10894
7947 10957
7947 11181
7947 12487
7948 8111
7948 8344
7948 8763
7948 8992
7948 9116
7948 9155
7948 9738
7948 10754
7948 11626
7949 10431
7949 11864
7950 8597
7950 8632
7950 9176
7950 10178
7950 12348
7950 12673
7951 8437
7951 8866
7951 11242
7952 8073
7952 8661
7952 8662
7952 9698
7952 11905
7952 12060
7952 12170
7952 12178
7952 12437
7953 9304
7953 9366
7953 10842
7953 12605
7954 9028
7954 9830
7954 12105
7954 12659
7955 8053
7955 8255
7955 8448
7955 10056
7955 10771
7955 11273
7955 11765
7955 12454
7956 7975
7956 7983
7956 10004
7956 11566
7957 9859
7957 10432
7957 10640
7957 11203
7957 11380
7957 12140
7957 12623
7958 7981
7958 8362
7958 8843
7958 8916
7958 10304
7958 11828
7958 12109
7958 12277
7958 12311
7959 9025
7959 9288
7959 9503
7959 9590
7959 9767
7959 10143
7959 10472
7960 8162
7960 8263
7960 9779
7961 9425
7961 10259
7961 10442
7961 11248
7961 12015
7961 12506
7962 8848
7962 8886
7962 8930
7962 10042
7962 11017
7962 11683
7962 12241
7962 12563
7963 8268
7963 8708
7963 10457
7963 10778
7963 10786
7963 11414
7963 12325
7964 10396
7964 11848
7964 11902
7964 11931
7964 12092
7965 8450
7965 8469
7965 8798
7965 9451
7965 10511
7965 10512
7965 11063
7965 11168
7965 11222
7965 11258
7965 11781
7965 12423
7966 8749
7966 9034
7966 11906
7966 11987
7966 12151
7966 12254
7966 12580
7967 11591
7968 8167
7968 9268
7968 9328
7968 9754
7968 9970
7968 10000
7968 10421
7968 10642
7970 8125
7970 8817
7970 8826
7970 8840
7970 10384
7970 11481
7970 11888
7970 11895
7970 12068
7970 12108
7970 12315
7970 12582
7970 12641
7971 7980
7971 8964
7971 10327
7971 10343
7971 11480
7971 11637
7971 11662
7971 12074
7971 12097
7971 12101
7971 12116
7971 12156
7971 12161
7971 12162
7971 12200
7971 12469
7971 12553
7971 12574
7972 8661
7972 8662
7972 10339
7972 12126
7973 8071
7973 8096
7973 8124
7973 8885
7973 9934
7973 11633
7973 12276
7974 8827
7974 9443
7974 10353
7974 11683
7974 11745
7975 7983
7975 8226
7975 8243
7975 9683
7975 10004
7975 10782
7975 11566
7976 8061
7976 8508
7976 11250
7977 8251
7977 9496
7977 9969
7977 10243
7977 10866
7977 10977
7977 11092
7977 11469
7977 11529
7977 12413
7978 8128
7978 8800
7978 11007
7978 12135
7978 12605
7978 12657
7979 8103
7979 8105
7979 8646
7979 8650
7979 8873
7979 8928
7979 8969
7979 9041
7979 10297
7979 11480
7979 11894
7979 12095
7979 12115
7979 12127
7979 12132
7979 12157
7979 12466
7979 12551
7979 12553
7979 12554
7979 12578
7979 12588
7979 12590
7979 12659
7980 8126
7980 11480
7980 12051
7980 12074
7980 12097
7980 12200
7980 12553
7981 8099
7981 8843
7981 8916
7981 11828
7981 11923
7981 12099
7981 12109
7981 12110
7981 12150
7981 12154
7981 12171
7981 12277
7981 12551
7982 8400
7982 11673
7982 11795
7982 12325
7983 8226
7983 10004
7983 11237
7984 8458
7984 8671
7984 10100
7984 10184
7984 10380
7984 10659
7984 10755
7984 10831
7984 11013
7984 11489
7985 8247
7985 8521
7985 11786
7986 8212
7986 8870
7986 8921
7986 9180
7986 10291
7986 10933
7986 11033
7986 11509
7986 12473
7987 7988
7987 9129
7987 9157
7987 9814
7987 11490
7988 10428
7988 11249
7988 11297
7988 11490
7989 8139
7989 8381
7989 9475
7989 9790
7989 10038
7989 10483
7989 11053
7990 8912
7990 8962
7990 10234
7990 10375
7991 9128
7991 9386
7991 9912
7991 10064
7991 10986
7992 8525
7992 9520
7992 10644
7992 10658
7992 11338
7992 11346
7992 11504
7992 11642
7992 11823
7993 9255
7994 9637
7995 9655
7995 9700
7995 9963
7995 10050
7995 10063
7995 10066
7996 8589
7996 8994
7996 11736
7996 12432
7997 10469
7997 12250
7998 10599
7998 10622
7998 10651
7999 9244
7999 9325
7999 9390
7999 9506
8000 8306
8000 8352
8000 9266
8000 10571
8000 11839
8001 8011
8001 8213
8001 8310
8001 9118
8001 9179
8001 9651
8001 9868
8001 10203
8001 10209
8001 10488
8001 10589
8001 10727
8001 11604
8002 9072
8002 9089
8002 9099
8002 10231
8002 10439
8002 11984
8002 12144
8002 12257
8003 8079
8003 9857
8003 10623
8003 10624
8003 11037
8003 11038
8003 11113
8004 9664
8004 9712
8004 10260
8004 12102
8004 12345
8005 9177
8005 9343
8005 9483
8005 11009
8005 11076
8005 11411
8005 11688
8006 8296
8006 8438
8006 9344
8006 10214
8006 10785
8007 8509
8007 8598
8007 8641
8007 8954
8007 9007
8007 9074
8007 9293
8007 10428
8007 11398
8007 12121
8007 12129
8007 12208
8008 8036
8008 8629
8008 8883
8008 9291
8008 11796
8008 12180
8008 12244
8008 12655
8009 8836
8009 9107
8009 9298
8009 9676
8009 11576
8009 11654
8009 11857
8009 12128
8009 12427
8011 8439
8011 9480
8011 9651
8011 10209
8011 10488
8011 10727
8012 8281
8012 9556
8012 9695
8012 9752
8012 11737
8012 11837
8013 8136
8013 9371
8013 11206
8013 12657
8014 10776
8014 10974
8014 11970
8014 12018
8014 12119
8014 12293
8014 12575
8015 8800
8015 8875
8015 8976
8015 8977
8015 10429
8015 11557
8015 11900
8015 12120
8015 12127
8015 12428
8015 12551
8015 12605
8015 12650
8015 12657
8015 12671
8016 8843
8016 10296
8016 10435
8016 11602
8016 12150
8016 12245
8016 12271
8016 12551
8016 12554
8016 12556
8016 12597
8016 12605
8016 12656
8017 8046
8017 8974
8017 8975
8017 9024
8017 11578
8017 12586
8018 8905
8018 9889
8018 10273
8018 10337
8018 11317
8018 11405
8018 12557
8019 8028
8019 8669
8019 9024
8019 11578
8020 11975
8020 12167
8020 12169
8020 12237
8021 8570
8021 11881
8021 11948
8021 12173
8022 8511
8022 9439
8022 11111
8022 11666
8023 9110
8023 10506
8023 10813
8024 8852
8024 8989
8024 9290
8024 12075
8024 12118
8024 12182
8024 12683
8025 8220
8025 8270
8025 8289
8025 8859
8025 10059
8025 11936
8026 8935
8026 9541
8026 11912
8026 12084
8027 8381
8027 8751
8027 9684
8028 8669
8028 8932
8028 9024
8028 12610
8029 8062
8029 8248
8029 8287
8029 8551
8029 8996
8029 9558
8029 9826
8029 10046
8029 10164
8029 11556
8029 12614
8030 8609
8030 8979
8030 9565
8030 11742
8030 12559
8031 8062
8031 8248
8031 8869
8031 9794
8032 8069
8032 8571
8032 9578
8032 10147
8033 8072
8033 8984
8033 11579
8034 9227
8034 9253
8034 9883
8034 9915
8034 12087
8035 8132
8035 11060
8035 11176
8035 11667
8035 12407
8036 8629
8036 8701
8036 8972
8036 9005
8036 9046
8036 9191
8036 9999
8036 11031
8036 11563
8036 12180
8036 12368
8036 12655
8037 8765
8037 9381
8037 10271
8037 10284
8038 8624
8038 8934
8038 12182
8038 12346
8038 12591
8039 8048
8039 8561
8039 8630
8039 9003
8039 11770
8039 12690
8040 9127
8040 9635
8040 11637
8040 11734
8041 8546
8041 8605
8041 8622
8041 8657
8041 8807
8041 11764
8041 12603
8041 12618
8041 12622
8041 12684
8042 10150
8042 10776
8043 8047
8043 8676
8043 11772
8043 12360
8044 8054
8044 8103
8044 8105
8044 8499
8044 8556
8044 8602
8044 8756
8044 8928
8044 8948
8044 11763
8044 12081
8044 12132
8044 12607
8044 12654
8044 12685
8045 8092
8045 8101
8045 8838
8045 9009
8045 9029
8045 11780
8045 12598
8046 8974
8046 9024
8046 11578
8046 12350
8047 8676
8047 9364
8047 9765
8047 9997
8047 11772
8047 12360
8048 8630
8048 9003
8048 11770
8048 12597
8048 12617
8049 8056
8049 8337
8049 8802
8049 9036
8049 9565
8049 11116
8049 12372
8049 12559
8050 8081
8050 8485
8050 8931
8050 9020
8050 9208
8050 10041
8050 10142
8050 10720
8050 11766
8050 12079
8050 12370
8050 12418
8050 12431
8050 12679
8051 8844
8051 8926
8051 8927
8051 8976
8051 9491
8051 10685
8051 11775
8051 12587
8051 12686
8052 8107
8052 8608
8052 8643
8052 9890
8052 12155
8052 12581
8052 12646
8053 8255
8053 8448
8053 8755
8053 9102
8053 10040
8053 11765
8053 12315
8053 12601
8053 12618
8053 12684
8054 8100
8054 8103
8054 8948
8054 12132
8054 12654
8055 8129
8055 8666
8055 8801
8055 8897
8055 8945
8055 9040
8055 11794
8055 12103
8055 12554
8055 12598
8056 8188
8056 8337
8056 9036
8056 9298
8056 9565
8056 9581
8056 10829
8057 8136
8057 8949
8057 8985
8057 11206
8057 12564
8057 12597
8057 12605
8058 8059
8058 9577
8058 10506
8058 10813
8058 11215
8058 12311
8059 10506
8059 10813
8059 11215
8059 12311
8060 9413
8060 9623
8060 9650
8060 9873
8060 10054
8060 10068
8060 10657
8060 11510
8061 8856
8061 9658
8062 8127
8062 8551
8062 8996
8062 9026
8062 9794
8062 10046
8062 10164
8062 10487
8062 12614
8063 10165
8063 11493
8063 11751
8063 11803
8064 8822
8064 12167
8064 12580
8065 11906
8065 11925
8065 12114
8065 12151
8065 12191
8065 12367
8066 8965
8066 9408
8066 11886
8066 12061
8066 12130
8066 12157
8066 12641
8066 12642
8067 8080
8067 9585
8067 11914
8067 12047
8068 8260
8068 8336
8068 9042
8068 9694
8068 10273
8068 10330
8068 10932
8068 11227
8068 11901
8068 12106
8068 12578
8069 8287
8069 9113
8069 9527
8069 9558
8069 9702
8069 10147
8069 10422
8069 11724
8069 11729
8069 12037
8070 8098
8070 8340
8070 8376
8070 8825
8070 10521
8071 8096
8071 8124
8071 8885
8071 12047
8071 12276
8072 8074
8072 8949
8072 8984
8072 8985
8072 11579
8072 11812
8073 9698
8073 9845
8073 11874
8073 12063
8073 12178
8073 12292
8073 12437
8073 12494
8073 12495
8074 8949
8074 8974
8074 8985
8074 11579
8074 11812
8074 12350
8075 8129
8075 8229
8075 8661
8075 8897
8075 11904
8075 12126
8075 12154
8075 12551
8075 12554
8075 12595
8075 12643
8076 8097
8076 8366
8076 9594
8076 12098
8076 12173
8076 12646
8077 8119
8077 8664
8077 10155
8077 11565
8077 11844
8077 11846
8077 12577
8078 9447
8078 9904
8078 10667
8078 12463
8079 9703
8079 9857
8079 10623
8079 10624
8079 11037
8079 11882
8079 11884
8079 11951
8079 12544
8080 8096
8080 8098
8080 8825
8080 8885
8080 8888
8080 9585
8080 10521
8080 11897
8080 11914
8080 12047
8080 12152
8080 12652
8081 8095
8081 8449
8081 8631
8081 8666
8081 8931
8081 9020
8081 9208
8081 12079
8081 12418
8081 12696
8082 8085
8082 8956
8082 10346
8082 11860
8082 12023
8083 8088
8083 8978
8083 9028
8083 10898
8083 11505
8083 12659
8084 8089
8084 8963
8084 11874
8084 12175
8084 12647
8085 8956
8085 11860
8085 12060
8085 12088
8086 8747
8086 10350
8086 10605
8086 11549
8086 11646
8086 11911
8086 12033
8086 12061
8086 12158
8087 8820
8087 9555
8087 10384
8087 10630
8087 11481
8087 11616
8087 11888
8087 11919
8087 12066
8088 8978
8088 11505
8088 12132
8088 12366
8088 12659
8089 8963
8089 9952
8089 10171
8089 10190
8089 11874
8089 12437
8089 12647
8090 8129
8090 8610
8090 8845
8090 8931
8090 8945
8090 12281
8091 8936
8091 9189
8091 9346
8091 11772
8091 12332
8092 8569
8092 8838
8092 9029
8092 12598
8093 8705
8093 8712
8093 8995
8093 9172
8093 10379
8093 10485
8093 11863
8093 12453
8094 9035
8094 12466
8094 12470
8094 12473
8094 12578
8095 8131
8095 8191
8095 8557
8095 8558
8095 8619
8095 8631
8095 8941
8095 8950
8095 9018
8095 9040
8095 12080
8095 12696
8096 8374
8096 8675
8096 8885
8096 8888
8096 11914
8096 12047
8096 12111
8096 12122
8096 12152
8096 12180
8096 12655
8097 8874
8097 9217
8097 9594
8097 9987
8097 10507
8097 11857
8097 12098
8097 12173
8097 12427
8097 12550
8097 12646
8098 8825
8098 9585
8098 10521
8098 12102
8098 12154
8098 12652
8099 8800
8099 11923
8099 12099
8099 12109
8099 12150
8099 12171
8099 12650
8099 12671
8100 8103
8100 8650
8100 11589
8100 12132
8100 12654
8101 8284
8101 8569
8101 8891
8101 8950
8101 9009
8101 9029
8101 9326
8101 11483
8101 11780
8101 12131
8101 12337
8101 12351
8101 12598
8101 12644
8101 12697
8102 8617
8102 8830
8102 8847
8102 9014
8102 11397
8102 12180
8102 12244
8103 8105
8103 8646
8103 8650
8103 8928
8103 11589
8103 12132
8103 12654
8104 8798
8104 9431
8104 10567
8104 12422
8105 8556
8105 8602
8105 8646
8105 8928
8105 9205
8105 9505
8105 10297
8105 10896
8106 8575
8106 8933
8106 8934
8106 8943
8106 9037
8106 12346
8106 12599
8107 8608
8107 9045
8107 11237
8107 12155
8107 12581
8107 12592
8108 8151
8108 8804
8108 9186
8108 9919
8108 10864
8108 10881
8108 10907
8108 11867
8108 12291
8108 12518
8109 8182
8109 10128
8109 11018
8109 11239
8109 12463
8109 12536
8110 8387
8110 9142
8110 9149
8110 9954
8110 10704
8111 8142
8111 8344
8111 8572
8111 8763
8111 10681
8111 11014
8111 11626
8112 8480
8112 8768
8112 9332
8112 9760
8112 9997
8112 10565
8112 10804
8112 11524
8113 8205
8113 9440
8114 8410
8114 9121
8115 8284
8115 9091
8115 9119
8115 11536
8115 11683
8116 8457
8116 8634
8116 8955
8116 9525
8116 9948
8116 10545
8116 10728
8116 10732
8116 11138
8116 11140
8116 11169
8116 11393
8116 12361
8117 10099
8117 10118
8117 10752
8117 11390
8117 12349
8118 8996
8118 10164
8118 11104
8119 8789
8119 9157
8119 9292
8119 9999
8119 10155
8119 10245
8119 10547
8119 11043
8119 11565
8119 12069
8120 8150
8120 8420
8120 9503
8120 9531
8120 9590
8120 9953
8121 8306
8121 8375
8121 8523
8121 8899
8121 9266
8121 10288
8121 10571
8121 11839
8122 8140
8122 9170
8122 9451
8122 10810
8122 11168
8122 11222
8123 8825
8123 8848
8123 8886
8123 8888
8123 10638
8123 11404
8123 11897
8124 8885
8124 9502
8124 11633
8124 12276
8125 8915
8125 11895
8125 12068
8125 12315
8125 12447
8125 12465
8125 12582
8126 9986
8126 10182
8126 11480
8126 11623
8126 11778
8126 12051
8126 12074
8126 12553
8126 12611
8127 8551
8127 8596
8127 8996
8127 9026
8127 12614
8128 8800
8128 8843
8128 10133
8128 11789
8128 12109
8128 12135
8128 12605
8129 8610
8129 8845
8129 8897
8129 8931
8129 8935
8129 8945
8129 9116
8129 9858
8129 11794
8129 12084
8129 12103
8129 12126
8129 12281
8129 12551
8129 12554
8129 12598
8129 12656
8130 8929
8130 8954
8130 8972
8130 9001
8130 9046
8130 9285
8130 9375
8130 10428
8130 11297
8130 11299
8130 11565
8130 12121
8130 12129
8130 12180
8130 12577
8130 12606
8130 12655
8131 8544
8131 8545
8131 8950
8131 9018
8131 10265
8131 11542
8131 12080
8131 12351
8131 12369
8131 12371
8131 12696
8132 8863
8132 9977
8132 11060
8132 11667
8133 9159
8133 9827
8133 10267
8133 10766
8134 8902
8134 9318
8135 10574
8135 10628
8135 11049
8135 11297
8135 11398
8135 12558
8136 8949
8136 8977
8136 8985
8136 11206
8136 12428
8136 12564
8136 12605
8136 12657
8137 8466
8137 8797
8137 8890
8137 11480
8137 12472
8137 12532
8138 10407
8138 11262
8138 11499
8138 11801
8139 8147
8139 8157
8139 8381
8139 8751
8139 8871
8139 9237
8139 9477
8139 11053
8140 10659
8140 10788
8140 10814
8140 11013
8140 11168
8140 11222
8140 11258
8140 12422
8141 9330
8141 9424
8141 10835
8141 11094
8141 12401
8142 8344
8142 8572
8142 9956
8142 10295
8142 11626
8143 8405
8143 9170
8143 9295
8143 9414
8143 9418
8143 10030
8144 10951
8144 11184
8144 11225
8144 11463
8144 12375
8144 12395
8145 8809
8145 9337
8145 11195
8145 12073
8146 8356
8146 8531
8146 10191
8146 11423
8147 8381
8147 8398
8147 8498
8147 8871
8147 9234
8147 9475
8147 9477
8147 10144
8147 11021
8148 8238
8148 8682
8148 9315
8148 9465
8148 9472
8148 10084
8148 11684
8149 8628
8149 8769
8149 8932
8149 9368
8149 10055
8149 11775
8149 12610
8150 8420
8150 8879
8150 8894
8150 8960
8150 9953
8151 8430
8151 9186
8151 9840
8151 11003
8151 12291
8152 9201
8152 9499
8152 10031
8153 8436
8153 8998
8153 9877
8153 10048
8153 10235
8153 10250
8153 10257
8153 10337
8153 10975
8154 9060
8154 10358
8154 10561
8154 10909
8154 12141
8155 8722
8155 9745
8155 10670
8155 10709
8155 10716
8155 11004
8156 8288
8156 10194
8156 10316
8156 11201
8156 12008
8156 12433
8157 8871
8157 9955
8157 11053
8158 8403
8158 9461
8158 9868
8158 10532
8158 10590
8158 10838
8158 11000
8159 9113
8159 9580
8159 9584
8159 9879
8159 9985
8159 12089
8159 12124
8159 12278
8160 9548
8160 10179
8160 12592
8160 12649
8160 12670
8161 8171
8161 12323
8162 8290
8162 8775
8162 9552
8162 9779
8162 9958
8162 12133
8163 10097
8163 10216
8164 8528
8164 9283
8164 9936
8164 10333
8164 12219
8165 8168
8165 8408
8165 9198
8165 9398
8165 9899
8165 10472
8166 8299
8166 10675
8166 11807
8167 8203
8167 9268
8167 9754
8167 9998
8167 10000
8167 10120
8167 10421
8167 10642
8168 8233
8168 8408
8168 8850
8168 9198
8168 9245
8168 9398
8168 9898
8168 10592
8168 10632
8169 9223
8169 11842
8170 9494
8170 9697
8170 10601
8170 10817
8170 11791
8170 12060
8171 11081
8171 12323
8172 11158
8172 11330
8172 11711
8173 11640
8174 8472
8174 10110
8174 10180
8174 10311
8174 10425
8174 11306
8175 9270
8175 10229
8175 10253
8175 12359
8176 8259
8176 8391
8176 9222
8176 9509
8176 9517
8176 10329
8177 9125
8177 9262
8177 9377
8177 9925
8177 10607
8177 10617
8178 8299
8178 8373
8178 8502
8178 9242
8178 9444
8178 11247
8179 8367
8179 9222
8179 10595
8180 9185
8180 9278
8181 8368
8181 9628
8182 10009
8182 10128
8182 11018
8182 11239
8182 11519
8183 8440
8183 9587
8183 10300
8183 11071
8183 12122
8184 8417
8184 9230
8184 10025
8185 8357
8185 8390
8185 8463
8185 8806
8185 12255
8186 8342
8186 9065
8186 9127
8186 10750
8187 8348
8187 10188
8187 10240
8187 10824
8188 8435
8188 8515
8188 9298
8188 9565
8188 9581
8188 10829
8188 11654
8189 10496
8189 10554
8189 11332
8189 11426
8189 11798
8190 8261
8190 8536
8190 9415
8190 9609
8190 10012
8190 10548
8191 9018
8191 12080
8192 9106
8192 10555
8193 8539
8193 9342
8193 10085
8193 10743
8193 11040
8193 11668
8194 11788
8194 12358
8195 9116
8195 9155
8195 9156
8195 9208
8195 9297
8195 9858
8195 10558
8195 10754
8195 11794
8195 12281
8196 8270
8196 8700
8196 8813
8196 11607
8196 12259
8197 8339
8197 11731
8198 8799
8198 10129
8198 11634
8199 9327
8200 8839
8200 10666
8200 12478
8201 8412
8201 9588
8201 10033
8201 10381
8201 11506
8201 11527
8201 11664
8202 8655
8202 9108
8202 10037
8202 10088
8202 11778
8202 12611
8203 9998
8203 10120
8204 10566
8204 10666
8204 12378
8205 9168
8205 9247
8205 9440
8205 9489
8205 9670
8205 10011
8205 11809
8206 9063
8206 10082
8206 10404
8206 11551
8207 8281
8207 8783
8207 9487
8207 12335
8208 8777
8208 8839
8208 9975
8208 10006
8208 10108
8208 10726
8209 8718
8209 10298
8209 12326
8209 12334
8209 12359
8209 12527
8210 8803
8210 8863
8210 9154
8210 9334
8210 11686
8212 8870
8212 8921
8212 9570
8212 10263
8212 11509
8213 8403
8213 9118
8213 9868
8213 10203
8213 11238
8213 11604
8214 9177
8214 10562
8215 8321
8215 8520
8215 10499
8215 12221
8216 10098
8216 11289
8217 8531
8217 8857
8217 11261
8217 11363
8218 8642
8218 8954
8218 8981
8218 9007
8218 9045
8218 9202
8219 9674
8219 9742
8219 9828
8219 10765
8219 11040
8219 11582
8220 9680
8220 10072
8220 10148
8220 11936
8221 9811
8221 10560
8221 10823
8222 8604
8222 8951
8222 9392
8222 9967
8222 11012
8222 11117
8222 12373
8223 8535
8223 9154
8223 9501
8223 9960
8223 12266
8223 12596
8224 8757
8224 11441
8224 12567
8225 8394
8225 8682
8225 9776
8225 10722
8225 11684
8226 10004
8226 10767
8226 11269
8227 8582
8227 8706
8227 9611
8227 9762
8227 11627
8228 8548
8228 9351
8228 11108
8228 11854
8229 8897
8229 9551
8229 9629
8229 10283
8229 11014
8229 11611
8229 11741
8229 12160
8229 12595
8230 8444
8230 9078
8230 10232
8230 10704
8231 9126
8231 9313
8231 9486
8231 9602
8231 10287
8232 8789
8232 9292
8232 10510
8233 8563
8233 9198
8233 9245
8233 9288
8233 9398
8233 12333
8234 8296
8234 8438
8234 8516
8234 9695
8234 11737
8234 11837
8235 8488
8235 11730
8235 11810
8236 8613
8236 9296
8236 11010
8236 12617
8237 8787
8237 9169
8237 9273
8237 10335
8238 9315
8238 9465
8238 9472
8239 8736
8239 8911
8239 9043
8239 10080
8239 10626
8239 10800
8240 8319
8240 8409
8240 8961
8240 9553
8240 10083
8240 10113
8240 10215
8240 10780
8241 8737
8241 9269
8241 10024
8241 12430
8241 12648
8242 9161
8242 9465
8242 10722
8242 11684
8243 8574
8243 9683
8243 9751
8243 10782
8243 10843
8243 11566
8244 8693
8244 9050
8244 11002
8244 11441
8244 12234
8245 9383
8245 11653
8245 11656
8246 9000
8246 9165
8246 9834
8246 9935
8246 10154
8246 10738
8246 11110
8247 8249
8247 8521
8247 8707
8248 8287
8248 8475
8248 8869
8248 9696
8248 10046
8248 10164
8248 10393
8249 8270
8249 8521
8249 8700
8249 10168
8249 11752
8249 12342
8250 8380
8250 8453
8250 12286
8250 12287
8251 8692
8251 8752
8251 9052
8251 10866
8251 11092
8251 11469
8251 11571
8251 12307
8252 9945
8252 11092
8252 11161
8252 11324
8252 11469
8252 11553
8252 11554
8253 8409
8253 8446
8253 10083
8253 10780
8253 10839
8253 10841
8253 11156
8253 11160
8253 11210
8253 11369
8253 11415
8253 11431
8253 11983
8253 12070
8254 10213
8254 10847
8254 10967
8254 11059
8254 11080
8254 11369
8254 11606
8254 12498
8255 8448
8255 9416
8255 9757
8255 10218
8255 10773
8255 11487
8255 11765
8255 12315
8255 12447
8255 12465
8256 10166
8256 11699
8256 12072
8257 8702
8257 9305
8257 9692
8257 10742
8257 10836
8257 11298
8257 12381
8259 8391
8259 9517
8260 8862
8260 8998
8260 9694
8260 9889
8260 10330
8260 10932
8260 11901
8260 11962
8260 11966
8260 11988
8261 8536
8261 9280
8261 9582
8262 8686
8262 9288
8262 9590
8262 10017
8262 12211
8263 8290
8263 8342
8263 8536
8263 10750
8264 9699
8264 9907
8264 9974
8264 10314
8264 10578
8264 11455
8264 12543
8264 12570
8265 9000
8265 9272
8265 10169
8265 10236
8265 10238
8265 11110
8265 11223
8266 8636
8266 8772
8266 9312
8266 10023
8266 10078
8266 12572
8267 8579
8267 11390
8267 11755
8267 12349
8268 9415
8268 10786
8268 11414
8269 8938
8269 8999
8269 10009
8269 10052
8269 10902
8269 12536
8270 8289
8270 8681
8270 8700
8270 8813
8270 8859
8270 9638
8270 10777
8270 11564
8270 12342
8271 8423
8271 10962
8271 10979
8271 11079
8272 9968
8273 8723
8273 10191
8273 10834
8273 10848
8273 11016
8273 11083
8273 11099
8273 11132
8273 11139
8273 11409
8273 11423
8274 8449
8274 8485
8274 8614
8274 8980
8274 9020
8274 9768
8274 12079
8274 12370
8275 8792
8276 8368
8276 8494
8276 8595
8276 8701
8276 8738
8276 11031
8276 12368
8277 9122
8277 11488
8278 8496
8278 9951
8278 11231
8279 8520
8279 9819
8279 11266
8279 12404
8279 12663
8280 8443
8280 9382
8280 10196
8280 11663
8280 11835
8280 12318
8281 8305
8281 9487
8281 9752
8281 12335
8282 9744
8283 8553
8283 9010
8284 9091
8284 9119
8284 9326
8284 11683
8284 12337
8285 9842
8285 10401
8286 8293
8286 9515
8286 11128
8286 11313
8287 8551
8287 9558
8287 9578
8287 10046
8287 11556
8288 9248
8288 9492
8288 11525
8289 8529
8289 8648
8289 8859
8289 10777
8290 8350
8290 8424
8290 12133
8291 8959
8291 9789
8291 10045
8291 11032
8291 11449
8291 11453
8291 11661
8291 12487
8292 8818
8292 9592
8292 10221
8292 10235
8292 10257
8292 10629
8292 12468
8293 8728
8293 9746
8293 10901
8293 11128
8293 11313
8294 8532
8294 9077
8294 9210
8294 9267
8294 11280
8294 11572
8294 12262
8295 9682
8295 10076
8295 11086
8295 11340
8296 8438
8296 8516
8296 9620
8296 9695
8297 8639
8297 9056
8297 9079
8297 10107
8297 11728
8297 12359
8298 8557
8298 8619
8298 8631
8298 8941
8298 9009
8298 9040
8298 9229
8298 9550
8299 8373
8299 9444
8299 10683
8299 11247
8299 11718
8299 11807
8300 9057
8300 9284
8300 9645
8300 9652
8300 9687
8300 10085
8300 10270
8300 11710
8300 11759
8301 8493
8301 10078
8301 12461
8301 12572
8302 8817
8302 8826
8302 10032
8302 10116
8302 12315
8303 8873
8303 9417
8303 10106
8303 10297
8303 10369
8303 12095
8303 12588
8304 8358
8304 9241
8304 9720
8304 10021
8304 10392
8304 10669
8304 11782
8304 11869
8305 9978
8305 10996
8305 11757
8306 8308
8306 8375
8306 8451
8306 10571
8306 11839
8307 8344
8307 9011
8307 9727
8307 9905
8307 10877
8307 11359
8307 11732
8307 12280
8308 8375
8308 8451
8308 9263
8308 10571
8309 8737
8309 11776
8309 12357
8309 12430
8309 12622
8309 12689
8310 9651
8310 10203
8311 8644
8311 9756
8311 10556
8312 8622
8312 8677
8312 10376
8313 10665
8313 11588
8313 12691
8314 9509
8314 11291
8315 10044
8315 10193
8315 10486
8315 11557
8315 11900
8315 12046
8315 12339
8315 12650
8316 10781
8316 11095
8316 11098
8316 11318
8317 8600
8317 8640
8317 8713
8317 8743
8317 8911
8317 9307
8317 9909
8317 10835
8317 11097
8317 11572
8317 12202
8317 12262
8318 8507
8318 8774
8318 9407
8318 11941
8319 8961
8319 9207
8319 9363
8319 9553
8319 10071
8319 10290
8319 12504
8320 9793
8320 9800
8320 10270
8320 11744
8321 11137
8321 12221
8321 12663
8322 9274
8322 11527
8323 8834
8323 8892
8323 9119
8323 9326
8323 10267
8323 10766
8323 11536
8323 12337
8324 9430
8324 9867
8324 10306
8324 11508
8325 8688
8325 10861
8325 10873
8325 10941
8325 12267
8325 12290
8326 8429
8326 9735
8326 10019
8326 10598
8327 8355
8327 9365
8327 10607
8328 9085
8328 9248
8328 10286
8328 11502
8329 9516
8329 10073
8329 10713
8329 11051
8330 10170
8330 11020
8330 11267
8330 11587
8330 12453
8331 11036
8331 11492
8331 12626
8332 8459
8332 9378
8332 10566
8332 10666
8332 11022
8332 11847
8333 8367
8333 8660
8333 8719
8333 9561
8333 10595
8334 8506
8334 8719
8334 9222
8334 9561
8334 10329
8334 10595
8335 9730
8336 8481
8336 9042
8336 9830
8336 10273
8336 11227
8336 11317
8336 11901
8336 12106
8336 12578
8337 9036
8337 9353
8337 11116
8337 12372
8338 8586
8338 10718
8339 11731
8339 12093
8340 8351
8340 9664
8340 10638
8341 8419
8341 9918
8341 10254
8341 10348
8341 10846
8342 8536
8342 8791
8342 9065
8342 9415
8342 10012
8342 10750
8343 10126
8343 10245
8343 10473
8343 11043
8344 8763
8344 8992
8344 11626
8345 9663
8345 10450
8345 10694
8345 10895
8345 11923
8345 11943
8345 12171
8346 8525
8346 9084
8346 9782
8346 9943
8346 11338
8346 11428
8346 11504
8346 11715
8346 12338
8346 12534
8347 10596
8347 11918
8347 12094
8347 12099
8347 12530
8348 8832
8348 10188
8348 10240
8348 10371
8348 10824
8349 8846
8349 10715
8349 11275
8349 11339
8349 11396
8349 11470
8349 12327
8350 8424
8350 12133
8351 9625
8351 9664
8351 10240
8351 10371
8351 11745
8351 12345
8351 12479
8352 9266
8352 10826
8352 12110
8352 12150
8352 12277
8353 10336
8353 10501
8353 11320
8354 8450
8354 8469
8354 9938
8354 10328
8354 10817
8354 11008
8355 9365
8355 12629
8356 8531
8357 8390
8357 8463
8357 8806
8357 9998
8357 11695
8358 9271
8358 9720
8358 10021
8358 10392
8358 10669
8358 10991
8358 11782
8358 11869
8358 11893
8359 9689
8359 10132
8359 11107
8359 11119
8359 11170
8359 11198
8359 11753
8360 8392
8360 8552
8360 9162
8360 10112
8360 11004
8361 8363
8361 9717
8361 10001
8361 10167
8362 9523
8362 10304
8362 11784
8362 12109
8363 8527
8363 11274
8364 10992
8365 9496
8365 10152
8365 10790
8365 10925
8366 10370
8366 10825
8366 12173
8366 12646
8367 9561
8367 10595
8368 8595
8368 9750
8368 9990
8369 9815
8369 10821
8369 11795
8370 9175
8370 9344
8370 11599
8370 11601
8370 12222
8371 8794
8371 10668
8371 10705
8371 11498
8372 8779
8372 9030
8372 9467
8372 10160
8372 10399
8372 10661
8372 11799
8373 8502
8373 8908
8373 11245
8373 11247
8374 9660
8374 11927
8374 12042
8374 12078
8374 12152
8374 12190
8374 12261
8375 8451
8375 8523
8375 8899
8375 10571
8375 11839
8376 9664
8376 12102
8377 8486
8377 9115
8377 9668
8377 11992
8378 8541
8378 9443
8378 10305
8378 10897
8378 11025
8378 11034
8378 11891
8379 9255
8379 10930
8379 10955
8379 10980
8379 11584
8380 8423
8380 8453
8380 10735
8380 11079
8380 12286
8380 12287
8380 12664
8381 8398
8381 8751
8381 9475
8381 9477
8381 9684
8382 10777
8382 11688
8383 9575
8383 10694
8383 11522
8383 11574
8383 11581
8383 11650
8383 11943
8384 9504
8384 9592
8384 10242
8384 10246
8384 10327
8384 11292
8384 11293
8384 11620
8384 11643
8384 11827
8384 11990
8384 12116
8384 12200
8385 9166
8385 9631
8385 10145
8385 10717
8385 10845
8385 11548
8386 8680
8386 10646
8387 9142
8387 9149
8387 9981
8387 10166
8387 11515
8387 11699
8387 12072
8387 12541
8388 8986
8388 9814
8388 11031
8388 11769
8389 9276
8389 10222
8389 10580
8389 12217
8390 8463
8390 8806
8390 8957
8390 11712
8390 12255
8391 9517
8391 9923
8391 11287
8392 8552
8392 10112
8393 8440
8393 11044
8393 11404
8393 11897
8393 12122
8393 12232
8393 12697
8394 9776
8394 10294
8394 10600
8395 8936
8395 10175
8395 11826
8395 12460
8396 9275
8396 10992
8397 9411
8397 9500
8397 11396
8397 11506
8398 8498
8398 8751
8398 9475
8398 9477
8398 10144
8398 10300
8398 10484
8399 9148
8399 9249
8399 10670
8400 8468
8400 9626
8400 9903
8400 10938
8400 11300
8400 11795
8400 12325
8400 12468
8401 9250
8401 10212
8401 10905
8401 10931
8401 10995
8401 11312
8401 11346
8401 11603
8401 11648
8402 8514
8402 9126
8402 9612
8402 10248
8402 11813
8403 8876
8403 9143
8403 9868
8403 10203
8403 11238
8403 12305
8404 9085
8404 11074
8404 11394
8404 11622
8404 11848
8404 11863
8404 11917
8404 11924
8404 12092
8405 9295
8405 9414
8405 9418
8405 11781
8406 8697
8406 9354
8406 9893
8406 9911
8406 9945
8406 10717
8406 10845
8406 10884
8406 11161
8406 11342
8406 11553
8406 11554
8407 9797
8408 9536
8408 9821
8408 10632
8409 8446
8409 10083
8409 10113
8409 10215
8409 10505
8409 10531
8409 10780
8409 11431
8409 11983
8410 9121
8410 9251
8410 11690
8411 9061
8411 9358
8411 9793
8411 9800
8411 10028
8412 9093
8412 10518
8412 11506
8412 11664
8412 12411
8412 12519
8413 12541
8414 9154
8414 9501
8414 10302
8414 11686
8414 12266
8415 9053
8415 9445
8415 10674
8415 10676
8415 10927
8416 8673
8416 8920
8416 8924
8416 10133
8416 11789
8416 12135
8417 9132
8417 9649
8417 10025
8417 11118
8417 11195
8417 11865
8418 8818
8418 10221
8418 10324
8418 10916
8418 11229
8418 11817
8419 8492
8419 8858
8419 9379
8419 10254
8420 8960
8420 9953
8420 11064
8420 12083
8420 12333
8421 9784
8421 9846
8421 11278
8421 11427
8421 12426
8422 11126
8422 11345
8422 12319
8422 12415
8423 10211
8423 10962
8423 10979
8423 11079
8423 12286
8423 12287
8424 9278
8424 10010
8424 10524
8424 10580
8424 11378
8425 10850
8425 11153
8425 11833
8425 12314
8425 12416
8426 10854
8426 10943
8426 11087
8426 11181
8427 10528
8427 10830
8427 12444
8428 8663
8428 9151
8428 9683
8428 10426
8428 10779
8428 10782
8428 11149
8429 9735
8429 10187
8429 10598
8429 10869
8429 12421
8429 12662
8430 9840
8430 9919
8430 11003
8430 11198
8430 11424
8430 12260
8430 12291
8430 12397
8431 9560
8431 12236
8432 8687
8432 10136
8432 12322
8432 12661
8433 8529
8433 9221
8433 10409
8433 10777
8434 8904
8434 9692
8434 11600
8434 11640
8434 11677
8434 12303
8435 8868
8435 9204
8435 9961
8435 11720
8436 10250
8436 10655
8436 10975
8436 11817
8437 9971
8437 11582
8438 9344
8438 9620
8438 9695
8439 8574
8439 10843
8440 10368
8440 11021
8440 11071
8440 11897
8441 9666
8441 10091
8441 10820
8441 11942
8442 9448
8442 10653
8442 11760
8443 9538
8443 10196
8443 10880
8443 11323
8444 9078
8444 9639
8444 10232
8444 10272
8445 8456
8445 8542
8445 8745
8445 9462
8445 9470
8445 12258
8446 10083
8446 10113
8446 10780
8446 10839
8446 11210
8446 11302
8446 11431
8446 11945
8446 12070
8447 8454
8447 9464
8447 10253
8447 10798
8447 11241
8447 11793
8447 11952
8447 12030
8448 11273
8448 11765
8448 12127
8448 12198
8448 12315
8448 12447
8448 12452
8448 12454
8448 12465
8448 12684
8449 8614
8449 8980
8449 9020
8449 12079
8449 12696
8450 8469
8450 8992
8450 9872
8450 10328
8450 10512
8450 10695
8450 11063
8450 11258
8451 10571
8452 9842
8452 10863
8452 10865
8452 10913
8452 11179
8452 11341
8453 10942
8453 12285
8453 12286
8453 12287
8453 12295
8453 12664
8454 9196
8454 9464
8454 9906
8454 10185
8454 10253
8454 10530
8455 9148
8455 9296
8456 8542
8456 8670
8456 8745
8456 8761
8456 9301
8456 9470
8456 11754
8456 12205
8457 8583
8457 8955
8457 10751
8457 11138
8457 11265
8457 12677
8458 9456
8458 10100
8458 10380
8458 10659
8458 10755
8458 10831
8458 11489
8458 12556
8459 9988
8459 10286
8459 10566
8459 10666
8460 9364
8460 9760
8460 11178
8460 12417
8461 8562
8461 8632
8461 10484
8461 10577
8461 10682
8461 10705
8461 11382
8461 11498
8461 11796
8462 8841
8462 9548
8462 10179
8462 10360
8462 11890
8462 12020
8462 12581
8462 12649
8463 9998
8463 10120
8463 12255
8464 8604
8464 8633
8464 10118
8465 8942
8465 9769
8465 10744
8465 11479
8466 8890
8466 10418
8466 12532
8467 9417
8467 9467
8467 9499
8467 10106
8467 10369
8467 10706
8467 11689
8468 11041
8468 11055
8468 12468
8469 10328
8469 10788
8469 10814
8469 11168
8469 11222
8469 11258
8469 12422
8470 9117
8470 9971
8470 10765
8470 11582
8471 9986
8471 10249
8471 11585
8471 11795
8472 9434
8472 10110
8472 10311
8472 10377
8472 10451
8472 11306
8472 11412
8473 9832
8473 9927
8473 9941
8473 11301
8473 11339
8473 11356
8473 11470
8474 10858
8474 11677
8475 8879
8475 9314
8475 9696
8475 9826
8475 10164
8475 10269
8475 10359
8475 10393
8475 10997
8475 11042
8475 11046
8476 9784
8476 9917
8476 10692
8476 11278
8477 8753
8477 10693
8477 10886
8477 11151
8477 12416
8478 8880
8478 9515
8478 11294
8478 11313
8479 9667
8479 11361
8479 11462
8479 12285
8479 12388
8479 12477
8480 9332
8480 9804
8480 10565
8480 10804
8481 8983
8481 9042
8481 9830
8481 11033
8481 12132
8481 12366
8481 12578
8481 12659
8482 8810
8482 11029
8483 8554
8483 8567
8483 8586
8483 8618
8483 8725
8483 8981
8483 10043
8483 12621
8483 12678
8483 12695
8484 8728
8484 8744
8484 11127
8484 11294
8484 11313
8484 11318
8484 11621
8484 12616
8484 12681
8485 9020
8485 9768
8485 10142
8485 10720
8485 12079
8485 12370
8486 9115
8486 9164
8486 9224
8486 9471
8486 9513
8486 9536
8486 9601
8486 9825
8486 10472
8486 10801
8486 11903
8486 11992
8486 12218
8486 12268
8486 12329
8487 9963
8489 9166
8489 9631
8489 9946
8489 10489
8489 10731
8489 12203
8490 9459
8490 9655
8490 10050
8490 10201
8490 10613
8491 10065
8491 10359
8491 10935
8491 11064
8491 11632
8491 11896
8492 8925
8492 9379
8492 10254
8493 9601
8493 10078
8493 11615
8493 11903
8493 12446
8493 12572
8494 8701
8494 8738
8494 11031
8495 9284
8495 9435
8495 10270
8495 11672
8495 12398
8495 12640
8496 9951
8496 10123
8496 10687
8496 11231
8497 8870
8497 8873
8497 9041
8497 9888
8497 10289
8497 10369
8497 11815
8497 11991
8497 12095
8498 8871
8498 9234
8499 8756
8499 8781
8499 8948
8499 9008
8499 9173
8499 9174
8499 11232
8499 11763
8499 12692
8500 9295
8500 10699
8500 10703
8500 12365
8501 9389
8501 10907
8501 11841
8501 11866
8501 11867
8501 12419
8501 12518
8504 8655
8504 9774
8505 9004
8505 10156
8505 10419
8505 11259
8505 12571
8506 8660
8506 8719
8507 9407
8507 9949
8507 10211
8507 11649
8507 11941
8508 9658
8508 11250
8508 11596
8509 8598
8509 8641
8509 8954
8509 9021
8509 9074
8509 9716
8509 9993
8509 12129
8510 9261
8510 10102
8511 8702
8511 8940
8511 9924
8511 11666
8511 12394
8512 8537
8512 8823
8512 9532
8512 11510
8512 12440
8513 8704
8513 8725
8513 9197
8513 12621
8514 8703
8514 8937
8514 8970
8514 9008
8514 9126
8514 10248
8514 11813
8514 11814
8514 12589
8515 11576
8515 11654
8515 12128
8515 12427
8517 10672
8517 10789
8517 10885
8517 10954
8517 11152
8518 8729
8518 8947
8518 9799
8518 11236
8518 12239
8518 12429
8519 8990
8519 9061
8519 9424
8519 9800
8520 9831
8520 10151
8520 10499
8520 11475
8520 12404
8520 12663
8521 8707
8521 8776
8521 11786
8522 8685
8522 8811
8522 9953
8522 10487
8522 10534
8523 8766
8523 10112
8523 11004
8523 11839
8523 11856
8523 12184
8524 9492
8524 9851
8524 10434
8524 10958
8524 10959
8524 11330
8525 8526
8525 9943
8525 11338
8525 11428
8525 11447
8525 11504
8525 12510
8525 12534
8526 9654
8526 10217
8526 11447
8526 12510
8527 9178
8527 11011
8527 11274
8527 11647
8527 12225
8528 8649
8528 9476
8528 9936
8528 10333
8528 12219
8529 8648
8529 8859
8529 9221
8529 10261
8529 10409
8529 10777
8530 9658
8530 10471
8530 10618
8531 11261
8531 11363
8532 9077
8532 9210
8532 9306
8532 9428
8532 11052
8532 11270
8533 8677
8533 10039
8533 11047
8533 12394
8533 12402
8534 8684
8534 8745
8534 11006
8534 11477
8534 12204
8534 12361
8534 12386
8535 8721
8535 12596
8535 12616
8536 9415
8536 10012
8537 11852
8537 12440
8538 8600
8538 8743
8538 8911
8538 9043
8538 9909
8538 10800
8538 12424
8538 12560
8539 9680
8539 10085
8539 10721
8540 9213
8540 10406
8540 11419
8540 12201
8541 9159
8541 10283
8541 10305
8541 10897
8541 11216
8541 11741
8541 11851
8541 11891
8542 8745
8542 9301
8542 9462
8542 9470
8542 12205
8542 12258
8542 12676
8543 8565
8543 8593
8543 8759
8543 9044
8543 9766
8543 9896
8543 11408
8543 12343
8543 12358
8543 12429
8543 12675
8544 8545
8544 8619
8544 8941
8544 8950
8544 9229
8544 10770
8544 12080
8545 8950
8545 10770
8545 12080
8546 8564
8546 9102
8546 9321
8546 10040
8546 12618
8546 12684
8547 8946
8547 8948
8547 8978
8547 9008
8547 9458
8547 10898
8547 11505
8547 12607
8548 8735
8548 8940
8548 9023
8548 9269
8548 11108
8548 11666
8549 9274
8549 9447
8549 9726
8549 9802
8549 9904
8549 10209
8549 10488
8549 10589
8550 8639
8550 9079
8550 11133
8550 12308
8551 8596
8551 9026
8551 9228
8551 9264
8551 9794
8551 10046
8551 11072
8551 11556
8551 12614
8552 9162
8552 10112
8552 11004
8552 11736
8553 8576
8553 9010
8553 10394
8553 11065
8553 12602
8554 8567
8554 8725
8554 8981
8554 9362
8554 12621
8555 8714
8555 10822
8555 11056
8555 12400
8555 12678
8556 8602
8556 8756
8556 8928
8556 9006
8556 10896
8556 11763
8556 12081
8557 8558
8557 8619
8557 8631
8557 9040
8557 9550
8557 12080
8558 8631
8558 8666
8559 8614
8559 8621
8559 8742
8559 8980
8559 12407
8559 12688
8560 8581
8560 10699
8560 11217
8561 8630
8561 8952
8561 9110
8561 11770
8561 12597
8561 12690
8562 8632
8562 11577
8563 8926
8563 9044
8563 9245
8563 9288
8563 9899
8563 11777
8563 12364
8564 8807
8564 9102
8564 10040
8564 11764
8564 12618
8564 12684
8565 8593
8565 9044
8565 9690
8565 9766
8565 12240
8565 12343
8565 12364
8565 12429
8566 8627
8566 8926
8566 9086
8566 9288
8566 9899
8566 10119
8566 12083
8566 12120
8566 12198
8566 12454
8567 8586
8567 8981
8567 9362
8567 10043
8567 12695
8568 8587
8568 8616
8568 8736
8568 12560
8568 12692
8569 8892
8569 8895
8569 9029
8569 9326
8569 12337
8570 9070
8570 9352
8570 10767
8570 11948
8571 10064
8571 10147
8571 10596
8571 12094
8572 9317
8572 9738
8572 9795
8572 9796
8572 10295
8572 11014
8572 11626
8572 11851
8573 8699
8573 9059
8573 9880
8573 12228
8573 12344
8574 10209
8574 10843
8575 8943
8575 9037
8575 9181
8575 9349
8575 12599
8576 9010
8576 9346
8576 11178
8576 12602
8577 8927
8577 8953
8577 8974
8577 8975
8577 9044
8577 11788
8577 12343
8577 12358
8577 12686
8578 8735
8578 9269
8578 11111
8578 12648
8578 12694
8579 8591
8579 8612
8579 8651
8579 8988
8579 9438
8579 10926
8579 11755
8579 12349
8580 8581
8580 8742
8580 9054
8580 11058
8580 12679
8580 12693
8581 8695
8581 8734
8581 8742
8581 8987
8581 11217
8581 11818
8581 12679
8581 12693
8582 8611
8582 8625
8582 9013
8582 12405
8582 12680
8583 8629
8583 8733
8583 8738
8583 8986
8583 9002
8583 9289
8583 9991
8583 10109
8583 10751
8583 11029
8583 11138
8583 11265
8583 12356
8583 12677
8584 8653
8584 8738
8584 8986
8584 12355
8584 12356
8585 8588
8585 8613
8585 8615
8585 9003
8585 12082
8585 12690
8586 8618
8586 8741
8586 8876
8586 8981
8586 9362
8586 10203
8586 11604
8586 12678
8586 12695
8587 8736
8587 8937
8587 8970
8587 9008
8587 12692
8588 8613
8588 8615
8589 8994
8589 11417
8589 11418
8589 11474
8589 11830
8589 12432
8590 8715
8590 9487
8590 9758
8590 11162
8590 11208
8590 12335
8590 12385
8591 8620
8591 8651
8591 8724
8591 8988
8591 9438
8591 10926
8591 12360
8591 12417
8591 12566
8591 12602
8591 12672
8592 10917
8592 11193
8592 11256
8592 11288
8592 11461
8592 12392
8592 12634
8593 8727
8593 8759
8593 9758
8593 9766
8593 10098
8593 10405
8593 11162
8593 12240
8593 12385
8593 12429
8594 8760
8594 9967
8595 8626
8595 8701
8595 8738
8595 9990
8595 12368
8595 12555
8596 9026
8596 10120
8597 12348
8597 12351
8597 12369
8597 12565
8597 12673
8597 12697
8598 8641
8598 8954
8598 9021
8598 9293
8598 9993
8598 10787
8598 11238
8598 12695
8599 8720
8599 9049
8599 9057
8599 9435
8599 9810
8599 11068
8599 11192
8599 12398
8600 8713
8600 8743
8600 9043
8600 9909
8600 12406
8600 12424
8601 8711
8601 8990
8601 9038
8601 9049
8601 11125
8601 11130
8601 11251
8601 11655
8601 11672
8601 12402
8601 12406
8601 12408
8602 8928
8602 9203
8602 9205
8602 10896
8602 11763
8602 12081
8602 12685
8603 8623
8603 8625
8603 8739
8603 8740
8603 8746
8603 9630
8603 11029
8603 11107
8603 12204
8603 12677
8603 12680
8604 8674
8604 9392
8604 11109
8604 12373
8605 11764
8605 11850
8605 12199
8605 12603
8605 12622
8605 12684
8605 12685
8606 9013
8606 9563
8606 9611
8607 8983
8607 9042
8607 10427
8607 11643
8607 12451
8607 12552
8607 12553
8607 12578
8608 8643
8608 8704
8608 9045
8608 12155
8608 12606
8609 8900
8609 8979
8609 9204
8609 9404
8609 9719
8609 10370
8609 11720
8609 11767
8609 12354
8609 12559
8609 12606
8609 12621
8609 12646
8610 12126
8610 12281
8611 8623
8611 8625
8611 8653
8611 8986
8611 10697
8611 11029
8611 11824
8611 12355
8611 12356
8611 12405
8611 12677
8611 12680
8611 12695
8612 8988
8612 9010
8612 10926
8612 12417
8613 8615
8613 8953
8613 8982
8613 8994
8613 9003
8613 11010
8613 12432
8613 12682
8613 12690
8613 12693
8614 8980
8614 9020
8614 9768
8615 8709
8615 8762
8615 8953
8615 8984
8615 9022
8615 10579
8615 11177
8615 11552
8615 12082
8615 12340
8615 12403
8615 12432
8615 12562
8615 12682
8615 12690
8616 8667
8616 8724
8616 9019
8616 11057
8616 12424
8616 12560
8616 12672
8616 12692
8617 8675
8617 8830
8617 8847
8617 9014
8617 12367
8618 9356
8618 10043
8618 11182
8618 12354
8618 12620
8618 12621
8618 12678
8618 12695
8619 8941
8619 9040
8619 9229
8619 12080
8620 8988
8620 9364
8620 10926
8620 11178
8620 12360
8620 12417
8620 12602
8621 8980
8621 9018
8621 10749
8621 11176
8621 12371
8621 12407
8621 12596
8621 12688
8621 12696
8622 8677
8622 10376
8622 11111
8622 11764
8622 12603
8622 12694
8623 8625
8623 8653
8623 9630
8623 10563
8623 10990
8623 11029
8623 11535
8623 12356
8623 12677
8623 12680
8624 8934
8624 9772
8624 11768
8624 12566
8624 12591
8624 12683
8625 8653
8625 10990
8625 11535
8625 12405
8625 12680
8626 8629
8626 8738
8626 8972
8626 8986
8626 12368
8626 12555
8626 12673
8627 8926
8627 10771
8627 11776
8627 11777
8627 12198
8627 12454
8627 12601
8627 12622
8627 12689
8628 8974
8628 8985
8628 9024
8628 9368
8628 12350
8628 12610
8628 12686
8629 9991
8629 12180
8629 12368
8629 12555
8630 9003
8630 11770
8630 12597
8630 12617
8630 12690
8631 8666
8631 9040
8631 12696
8632 8670
8632 8733
8632 8761
8632 11577
8632 12348
8633 10118
8634 8684
8634 8745
8634 9605
8634 10732
8634 11169
8634 11393
8634 11754
8634 12361
8635 9983
8635 10694
8635 11233
8636 8772
8636 10023
8636 10562
8637 8842
8637 12117
8637 12165
8637 12642
8638 10175
8638 12273
8639 9056
8639 9079
8639 12308
8639 12359
8640 8680
8640 8911
8640 9210
8640 9307
8640 9402
8640 9486
8640 11270
8640 11572
8641 8954
8641 9021
8641 9074
8641 9293
8641 9716
8641 9993
8641 10787
8641 12129
8642 8981
8642 9179
8642 9202
8642 11604
8643 8704
8643 9719
8643 10004
8643 12155
8643 12606
8644 9756
8644 10556
8644 10711
8645 9473
8645 10224
8645 11606
8645 11706
8646 8650
8646 8873
8646 9041
8646 11589
8646 12132
8646 12466
8647 9064
8647 9367
8647 9373
8648 10261
8648 10409
8649 9476
8649 9936
8650 9041
8650 11589
8650 12132
8650 12466
8651 8694
8651 8724
8651 8951
8651 8988
8651 9438
8651 10752
8651 11012
8651 11768
8651 12566
8652 8677
8652 8711
8652 10039
8652 10743
8652 11047
8652 12352
8652 12353
8652 12402
8652 12603
8652 12612
8652 12691
8653 8986
8653 10990
8653 11029
8653 12355
8653 12356
8653 12405
8654 10360
8654 11871
8654 11873
8654 11880
8654 12067
8655 9774
8655 10037
8655 10088
8655 11778
8655 12566
8655 12591
8655 12683
8656 8693
8656 9050
8656 9805
8656 12663
8657 8807
8657 9209
8657 9812
8658 9753
8658 10224
8658 10366
8658 10471
8658 10618
8658 10808
8658 12376
8659 8907
8659 8939
8659 9590
8659 10125
8659 10534
8659 10806
8659 11963
8660 8719
8661 8662
8661 9698
8661 11905
8661 12126
8661 12551
8661 12643
8662 9698
8662 10339
8662 10817
8662 12126
8662 12551
8663 8913
8663 9683
8663 10301
8663 10426
8664 9034
8664 9039
8664 11846
8664 12577
8665 9041
8665 11991
8665 12045
8665 12095
8665 12115
8665 12157
8665 12588
8666 8931
8666 8945
8666 9020
8666 9040
8666 9208
8666 11794
8666 12418
8666 12696
8667 8703
8667 8970
8667 9019
8667 10812
8667 11816
8667 12672
8668 8711
8668 9038
8668 11047
8668 11125
8668 11655
8668 12402
8669 8927
8669 8932
8669 9024
8669 11599
8669 12586
8669 12610
8670 8733
8670 8761
8670 11543
8670 12673
8671 9542
8671 10100
8671 10184
8671 10659
8671 10755
8671 10831
8671 11013
8672 9579
8672 10797
8672 11163
8672 11167
8672 11182
8672 12420
8672 12660
8673 8924
8673 9087
8673 10832
8674 9392
8674 10161
8674 11102
8674 11109
8674 11255
8674 12373
8674 12665
8675 8847
8675 8883
8675 9014
8675 10577
8675 10682
8675 12111
8675 12152
8675 12180
8675 12367
8675 12655
8675 12667
8676 9189
8676 9997
8676 10088
8676 11772
8676 12360
8677 9023
8677 10039
8677 10376
8677 11111
8677 12394
8677 12402
8677 12603
8677 12612
8677 12675
8677 12691
8677 12694
8678 9341
8678 9490
8678 9706
8678 10805
8678 11218
8678 12449
8679 8712
8679 8991
8679 9562
8679 11394
8679 12092
8679 12573
8680 8911
8680 9402
8680 9486
8680 10080
8680 10626
8680 10800
8681 8707
8681 9419
8681 9638
8681 10148
8681 10777
8682 9465
8682 10084
8682 11684
8683 9230
8683 10025
8684 10545
8684 11006
8684 11477
8684 12361
8684 12386
8685 8811
8685 9794
8685 10487
8686 9288
8686 9590
8686 10017
8686 10143
8687 10136
8687 10701
8687 12322
8688 10688
8688 10861
8688 10873
8688 10941
8688 11427
8688 12267
8689 9207
8689 9553
8689 11540
8690 9233
8690 10741
8690 10853
8690 10948
8690 10950
8690 10969
8690 11154
8690 11680
8691 9667
8691 11127
8691 11131
8691 11164
8691 12285
8691 12388
8692 8752
8692 10866
8692 12307
8693 9050
8693 11002
8693 12663
8694 8724
8694 8951
8694 10099
8694 10707
8694 10752
8694 11012
8695 8922
8695 8982
8695 11027
8695 11217
8695 11266
8695 11766
8695 11771
8695 11818
8695 12604
8695 12674
8695 12679
8695 12693
8696 9391
8696 10312
8696 10760
8696 11214
8696 11651
8696 11685
8696 12011
8697 9893
8697 10145
8697 10717
8697 10845
8697 11554
8698 8860
8698 9582
8698 9701
8698 9908
8698 10347
8698 10439
8698 10465
8699 9135
8699 9215
8699 9511
8699 9627
8699 9880
8699 10759
8699 12228
8699 12230
8700 10168
8700 11564
8700 11607
8700 11752
8700 11852
8700 12259
8700 12342
8700 12440
8701 8738
8701 9191
8701 9193
8701 11031
8701 12368
8702 8940
8702 9924
8702 12381
8702 12394
8703 8937
8703 8970
8703 9019
8703 9028
8703 11813
8703 11814
8703 11816
8703 12589
8703 12672
8704 8725
8704 9197
8704 12606
8704 12621
8705 8712
8705 8995
8705 11394
8705 11863
8706 8746
8706 9090
8706 9762
8706 10733
8706 11123
8706 11627
8707 8776
8707 10310
8708 9033
8708 10457
8708 10778
8708 11414
8708 11795
8708 12325
8709 8762
8709 9022
8709 10579
8709 11005
8709 11177
8709 12403
8709 12682
8710 9803
8710 11189
8710 11475
8710 11562
8710 12389
8710 12609
8711 9038
8711 11047
8711 11125
8711 12352
8711 12402
8711 12408
8711 12691
8712 8991
8712 8995
8712 9535
8712 10363
8712 10379
8712 10485
8712 11394
8712 12573
8713 8732
8713 8743
8713 8990
8713 9049
8713 9909
8713 12201
8713 12202
8713 12262
8713 12406
8713 12424
8714 10822
8714 11182
8714 11194
8714 11735
8714 12400
8714 12425
8714 12678
8715 9405
8715 9487
8715 10849
8715 11162
8715 11199
8715 12385
8715 12426
8716 9392
8716 10161
8716 11109
8716 11117
8716 11314
8716 12373
8716 12396
8716 12619
8716 12665
8717 8726
8717 8744
8717 9016
8717 9055
8717 9608
8717 12569
8717 12676
8717 12681
8718 9437
8718 10185
8718 10298
8718 11463
8718 12204
8718 12359
8718 12372
8718 12420
8718 12527
8718 12620
8718 12660
8718 12678
8718 12681
8719 9146
8719 9222
8719 9561
8720 9049
8720 9810
8720 11068
8720 11192
8720 12398
8720 12640
8721 8757
8721 9050
8721 9154
8721 9913
8721 11075
8721 11127
8721 11176
8721 11441
8721 11474
8721 12204
8721 12371
8721 12388
8721 12404
8721 12407
8721 12567
8721 12596
8721 12616
8721 12663
8721 12681
8721 12682
8721 12688
8722 9162
8722 10670
8722 10716
8722 11004
8722 11736
8723 10784
8723 10918
8723 11016
8723 11083
8723 11139
8723 11228
8723 11363
8723 11423
8723 11451
8723 11533
8724 8934
8724 8951
8724 8988
8724 9495
8724 10752
8724 11768
8724 12566
8724 12599
8724 12602
8724 12672
8724 12692
8725 12621
8726 9016
8726 9923
8727 8729
8727 8759
8727 11165
8727 12240
8727 12385
8727 12387
8727 12391
8727 12429
8727 12675
8728 10901
8728 11127
8728 11128
8728 11294
8728 11313
8728 12384
8728 12616
8728 12681
8729 8759
8729 8947
8729 9023
8729 11236
8729 12391
8729 12402
8729 12429
8729 12675
8729 12682
8729 12694
8730 8833
8730 9030
8730 9201
8730 9467
8730 10661
8730 10972
8730 11806
8730 12455
8731 9646
8731 10743
8731 10972
8731 11242
8732 8743
8732 12406
8732 12424
8733 8745
8733 8761
8733 8986
8733 11026
8733 11138
8733 11140
8733 11169
8733 11543
8733 11577
8733 12676
8733 12677
8733 12688
8733 12695
8733 12696
8734 8757
8734 8987
8734 10699
8734 12365
8734 12567
8734 12674
8734 12693
8735 9023
8735 9269
8735 10572
8735 11108
8735 11111
8735 12648
8735 12694
8736 9043
8736 12424
8736 12560
8736 12600
8736 12692
8737 10024
8737 10572
8737 11235
8737 11776
8737 12430
8737 12689
8738 8972
8738 8986
8738 11031
8738 12356
8738 12368
8739 8740
8739 8746
8739 8955
8739 9002
8739 11029
8739 11107
8739 11198
8739 11858
8739 12204
8739 12677
8739 12680
8740 8746
8740 9002
8740 9498
8740 11029
8740 11107
8740 11198
8740 11858
8740 12677
8741 8876
8741 8909
8741 9013
8741 11460
8741 11625
8741 12400
8741 12678
8741 12680
8741 12695
8742 8987
8742 9020
8742 9054
8742 11058
8742 12407
8742 12679
8742 12688
8742 12693
8743 9909
8743 12406
8743 12424
8744 9016
8744 11294
8744 11479
8744 11621
8744 12569
8744 12676
8744 12681
8745 8761
8745 9470
8745 11140
8745 11169
8745 11754
8745 12204
8745 12205
8745 12361
8745 12676
8745 12677
8746 9630
8746 11107
8746 11123
8746 11166
8746 11457
8746 12204
8746 12347
8746 12399
8747 8965
8747 10350
8747 11510
8747 11549
8747 11646
8747 11911
8747 12061
8748 9007
8748 10575
8748 11691
8748 12121
8748 12263
8748 12592
8749 10473
8749 12254
8750 8923
8750 8996
8750 9622
8750 10225
8750 10846
8750 11115
8750 11718
8751 9237
8751 9477
8751 9684
8751 10144
8752 9547
8752 10866
8752 11571
8752 12307
8753 8997
8753 9226
8753 10693
8753 11151
8753 12416
8754 9803
8754 11562
8755 9102
8755 10604
8755 12357
8755 12618
8755 12622
8756 9006
8756 11763
8757 8987
8757 11441
8757 12365
8757 12404
8757 12407
8757 12432
8757 12567
8757 12663
8757 12674
8757 12681
8757 12688
8757 12693
8758 9946
8758 10988
8758 11136
8758 11141
8758 11194
8758 11735
8758 12203
8758 12304
8759 9758
8759 11162
8759 11408
8759 12385
8759 12391
8759 12429
8759 12568
8759 12675
8760 9251
8760 9349
8760 9606
8760 11690
8761 8986
8761 12205
8761 12369
8761 12673
8761 12676
8761 12688
8761 12695
8761 12696
8762 8994
8762 9022
8762 11211
8762 11286
8762 11288
8762 11417
8762 11474
8762 11552
8762 12392
8762 12432
8762 12682
8763 8992
8763 9116
8763 9155
8763 9738
8763 11014
8763 11626
8764 9111
8764 9680
8764 10072
8764 10148
8764 10391
8764 11112
8764 11843
8765 9381
8765 10271
8765 11592
8766 10112
8766 10506
8767 8833
8767 9490
8767 9650
8767 10816
8767 11806
8768 10565
8768 11524
8768 11532
8769 10375
8769 11048
8769 11220
8771 10411
8771 11388
8771 11737
8771 11837
8772 9312
8772 10023
8773 10728
8773 11577
8774 9407
8774 11941
8775 9791
8775 10548
8775 10970
8775 11084
8775 11331
8775 11366
8775 11714
8776 10223
8776 10310
8776 10509
8776 11786
8777 9589
8777 10101
8777 10108
8777 10726
8777 10900
8777 11078
8778 10382
8778 10508
8778 11204
8778 11676
8779 8796
8779 9030
8779 9570
8779 10289
8779 10399
8780 10063
8780 10137
8781 9130
8781 9173
8781 9174
8781 9458
8781 11232
8782 9921
8782 9924
8782 12394
8783 9405
8783 9487
8784 8829
8784 8834
8784 8892
8784 8895
8784 12131
8784 12179
8784 12493
8784 12563
8784 12658
8785 8966
8785 9728
8785 10553
8785 11204
8785 11343
8786 9457
8786 9462
8786 9469
8786 9608
8786 10744
8786 12258
8787 8828
8787 9378
8787 9460
8788 8833
8788 9490
8789 9292
8789 10245
8789 10510
8789 10547
8789 11043
8789 12069
8790 9345
8790 9361
8790 11800
8791 9065
8791 10580
8791 10750
8791 11272
8793 8796
8793 8877
8793 9030
8793 9032
8793 11267
8793 11284
8793 12474
8794 8889
8794 9724
8794 10689
8795 9739
8795 9833
8795 9892
8796 9030
8796 9032
8796 11267
8797 8936
8797 11480
8797 12249
8797 12332
8797 12472
8797 12532
8797 12611
8798 9062
8798 9431
8798 11063
8798 11222
8798 12423
8799 10129
8800 8843
8800 11557
8800 12109
8800 12120
8800 12127
8800 12135
8800 12150
8800 12157
8800 12551
8800 12605
8800 12650
8800 12657
8800 12671
8801 8897
8801 11794
8801 12103
8801 12584
8801 12598
8802 8874
8802 9036
8802 9196
8802 12125
8802 12128
8802 12181
8802 12559
8803 9154
8803 9913
8804 9919
8804 10864
8804 12291
8805 9339
8805 10851
8805 10891
8805 11093
8805 11462
8806 11695
8806 11712
8807 11764
8807 12618
8808 8812
8808 8882
8808 10104
8808 11679
8808 12312
8809 11195
8810 10114
8810 10132
8810 10563
8810 10990
8810 11029
8810 11535
8811 9228
8811 10349
8811 10487
8811 10592
8811 10844
8811 12329
8812 8882
8812 9433
8812 11679
8812 12312
8814 8824
8814 10018
8814 10111
8814 10539
8814 10606
8814 11326
8814 11358
8814 11514
8815 9576
8815 10268
8815 11740
8816 10841
8816 11210
8816 12501
8817 8826
8817 8840
8817 11271
8817 12108
8817 12315
8818 9290
8818 10221
8818 10242
8818 10246
8818 10916
8819 11927
8819 11960
8819 12111
8819 12164
8819 12367
8819 12667
8820 10087
8820 10630
8820 11481
8820 11919
8820 12022
8820 12066
8820 12099
8820 12193
8820 12530
8821 9649
8821 10025
8821 11024
8821 11118
8821 12363
8821 12593
8821 12594
8822 12580
8823 8965
8823 11510
8823 12641
8824 10018
8824 10539
8824 10606
8824 11358
8824 11675
8824 12269
8825 8888
8825 9585
8825 11897
8825 11914
8825 12154
8825 12652
8826 8840
8826 12068
8826 12108
8826 12127
8826 12315
8827 9443
8827 10096
8827 10353
8827 10474
8827 10483
8827 11683
8827 11745
8828 9460
8828 10048
8829 8895
8829 8930
8829 12131
8829 12438
8829 12476
8829 12493
8829 12563
8829 12658
8830 9014
8830 11397
8830 12180
8830 12367
8831 9183
8831 9731
8831 9969
8831 9979
8831 12096
8831 12442
8832 8930
8832 9688
8832 10188
8832 10240
8832 10824
8832 12154
8832 12160
8832 12493
8833 9490
8833 11806
8833 12455
8834 8892
8834 12179
8834 12658
8835 8891
8835 11628
8835 12241
8835 12438
8835 12563
8836 8874
8836 9104
8836 9107
8836 11534
8836 11857
8837 9808
8837 9992
8837 10096
8837 10830
8837 11053
8838 9009
8838 9195
8838 10770
8838 11780
8839 9975
8839 10006
8839 12378
8839 12478
8840 9744
8840 10158
8840 11271
8840 11481
8840 12108
8840 12315
8841 11890
8841 11948
8841 12020
8841 12173
8841 12581
8841 12649
8842 9035
8842 12045
8842 12115
8842 12470
8842 12642
8843 10195
8843 10430
8843 11828
8843 12109
8843 12150
8843 12551
8843 12597
8843 12605
8844 9491
8844 10269
8844 10935
8844 11773
8844 11775
8844 12587
8845 8931
8845 8945
8845 12281
8845 12418
8846 9500
8846 10519
8846 11275
8846 11301
8846 11470
8846 12327
8846 12411
8846 12638
8847 8883
8847 9014
8847 9591
8847 12180
8847 12244
8847 12367
8847 12655
8848 8886
8848 8888
8848 11017
8848 11404
8848 11897
8848 12122
8848 12131
8848 12241
8848 12476
8848 12697
8849 10160
8849 10648
8849 10819
8849 11546
8849 12231
8850 9245
8850 9898
8850 10098
8850 11575
8851 8905
8851 10250
8851 10427
8851 12451
8851 12639
8852 9290
8852 9626
8852 11041
8852 11055
8853 9632
8854 10332
8854 11219
8854 11226
8854 11598
8855 8899
8855 9266
8855 9300
8855 9673
8856 9669
8856 9748
8856 11575
8857 10804
8857 11261
8858 9918
8858 9966
8858 10254
8858 10348
8858 11718
8858 11893
8859 9638
8859 10148
8859 10261
8859 10777
8859 12342
8860 8964
8860 9127
8860 9136
8860 9147
8860 9582
8860 9908
8860 10347
8860 10439
8860 11614
8860 11637
8860 11876
8860 11989
8861 10005
8861 10247
8861 11698
8862 10330
8862 11962
8862 11966
8862 11988
8862 12106
8862 12197
8863 9154
8863 9599
8863 9785
8863 9977
8863 11686
8864 9471
8864 10802
8864 11385
8864 11730
8864 11854
8864 12218
8864 12268
8865 9679
8865 9739
8865 10228
8865 10416
8865 11212
8865 11956
8866 8914
8866 9493
8866 10972
8866 11242
8867 9671
8867 9745
8867 9819
8867 10030
8868 9961
8868 11590
8869 9953
8869 10393
8870 8921
8870 9888
8870 10263
8870 10289
8870 10291
8870 11815
8870 12466
8871 9234
8871 9916
8871 9955
8871 10650
8871 11021
8872 9039
8872 9046
8872 9422
8872 9999
8872 11264
8872 11397
8872 11613
8872 12180
8873 9041
8873 10297
8873 11894
8873 11991
8873 12095
8873 12588
8874 9104
8874 11534
8874 11857
8874 12125
8874 12128
8874 12181
8874 12427
8874 12531
8874 12550
8874 12606
8874 12646
8875 8976
8875 10429
8875 10753
8875 11773
8875 11853
8875 12253
8875 12443
8875 12650
8875 12653
8875 12671
8876 8909
8876 10203
8876 10772
8876 11460
8876 11625
8876 12305
8876 12695
8877 9030
8877 9533
8877 10074
8877 10252
8877 11284
8877 12474
8878 10065
8878 10331
8878 11593
8878 11632
8878 11896
8878 12671
8879 8894
8879 9314
8879 10393
8879 10935
8879 10997
8879 11046
8880 9515
8880 11294
8880 11313
8881 9011
8881 9795
8881 9956
8881 10047
8881 10877
8881 10914
8881 10919
8881 11891
8881 12014
8882 9433
8882 9648
8882 9871
8882 10104
8882 11748
8882 12312
8883 9591
8883 10577
8883 10682
8883 11796
8883 12180
8883 12244
8883 12655
8884 9218
8884 10390
8884 10974
8884 11899
8884 11922
8884 12194
8884 12575
8885 8888
8885 9502
8885 11897
8885 12047
8885 12122
8885 12655
8886 8888
8886 8930
8886 12241
8886 12476
8887 9383
8887 9630
8887 11653
8887 11693
8887 12393
8888 8930
8888 11404
8888 11897
8888 11914
8888 12122
8888 12131
8888 12152
8888 12154
8888 12476
8888 12554
8888 12577
8888 12658
8888 12697
8889 9724
8889 9935
8889 10689
8890 10418
8890 12249
8890 12532
8891 11628
8891 12131
8891 12337
8891 12438
8891 12476
8891 12563
8892 8895
8892 9029
8892 9326
8892 12113
8892 12131
8892 12337
8892 12644
8892 12658
8893 9099
8893 10231
8893 12257
8894 8960
8895 9029
8895 9326
8895 12131
8895 12337
8895 12476
8895 12563
8896 9256
8897 11794
8897 12103
8897 12554
8897 12584
8897 12595
8898 8939
8898 8958
8898 9086
8899 10288
8900 8979
8900 9204
8900 10370
8900 11590
8900 11720
8900 12646
8901 11484
8902 9318
8902 11785
8903 10249
8904 9305
8904 9692
8904 11076
8904 11406
8904 11411
8904 11640
8905 9529
8905 10250
8905 10273
8905 10337
8905 10975
8905 11317
8905 11405
8905 11879
8905 12451
8905 12557
8905 12639
8906 9614
8906 9677
8906 9916
8906 10262
8907 8939
8907 9252
8907 9282
8907 9531
8907 10017
8907 10534
8907 10806
8907 12270
8909 10772
8909 11460
8909 11625
8909 12305
8910 9979
8910 10617
8910 12096
8911 9210
8911 9307
8911 9336
8911 9402
8911 9486
8911 9909
8911 10469
8911 10626
8911 10800
8911 12250
8912 10234
8912 10241
8912 10663
8913 9683
8913 10587
8913 11056
8914 9493
8914 10270
8914 11655
8914 11710
8915 9416
8915 9744
8915 10089
8915 11273
8915 11487
8915 12315
8915 12447
8915 12465
8916 10304
8916 10430
8916 11828
8916 12109
8916 12150
8916 12277
8917 9806
8917 10394
8917 11065
8918 9446
8918 9882
8918 10559
8918 10888
8918 11413
8918 11435
8919 9634
8919 11511
8920 10133
8920 12077
8921 9180
8921 10263
8921 10291
8921 10933
8921 11509
8921 12473
8922 8982
8922 11266
8922 11771
8922 12404
8922 12674
8922 12693
8923 9264
8923 11115
8923 11849
8923 12614
8924 10832
8926 9044
8926 9288
8926 9899
8926 10685
8926 11777
8926 12083
8926 12120
8926 12198
8926 12587
8926 12601
8926 12684
8926 12686
8926 12689
8927 8932
8927 8975
8927 9044
8927 12343
8927 12586
8927 12610
8927 12686
8928 8967
8928 9203
8928 9205
8928 9505
8928 12132
8928 12590
8928 12685
8929 8954
8929 8972
8929 8986
8929 9021
8929 11769
8929 11824
8929 12129
8929 12673
8930 12154
8930 12241
8930 12438
8930 12476
8930 12493
8930 12563
8930 12658
8931 8935
8931 8945
8931 9020
8931 9040
8931 12418
8931 12431
8931 12597
8931 12656
8931 12686
8932 9491
8932 11775
8932 12610
8932 12686
8933 8934
8933 8943
8933 8971
8933 9369
8933 12346
8933 12591
8933 12599
8933 12672
8934 11558
8934 11768
8934 12346
8934 12566
8934 12591
8934 12599
8935 11912
8935 12084
8935 12431
8935 12656
8936 9346
8936 11480
8936 12602
8937 8970
8937 9008
8937 12589
8938 8999
8938 9839
8938 10009
8938 10128
8938 10667
8938 12463
8938 12536
8939 9252
8939 9282
8939 10609
8939 10921
8939 11273
8940 9023
8940 11108
8940 11666
8940 12394
8941 8950
8941 9009
8941 9040
8941 9229
8941 10770
8941 12080
8942 9769
8942 11479
8942 12205
8942 12369
8942 12673
8942 12676
8943 8971
8943 8983
8943 9037
8943 9105
8943 9369
8943 12346
8943 12552
8943 12599
8943 12672
8944 9027
8944 11611
8944 12160
8944 12179
8944 12554
8944 12584
8944 12595
8945 9040
8945 11794
8945 12418
8945 12554
8945 12597
8945 12598
8945 12605
8945 12656
8945 12686
8946 8948
8946 9008
8946 9028
8946 9100
8946 10898
8946 11813
8946 11814
8946 12589
8946 12607
8947 9023
8947 9044
8947 9799
8947 10572
8947 12429
8947 12675
8947 12689
8947 12694
8948 8970
8948 8978
8948 9008
8948 11505
8948 11763
8948 12589
8948 12607
8948 12654
8948 12672
8948 12685
8948 12691
8948 12692
8949 8984
8949 8985
8949 11579
8949 12350
8949 12564
8950 9009
8950 9018
8950 9040
8950 10770
8950 11780
8950 12080
8950 12351
8950 12369
8950 12673
8950 12696
8950 12697
8951 8988
8951 9967
8951 11012
8951 11117
8951 12373
8952 8984
8952 9110
8952 9304
8952 9366
8952 12340
8952 12562
8952 12690
8953 8974
8953 8984
8953 8985
8953 9044
8953 11051
8953 11812
8953 12358
8953 12403
8953 12675
8953 12682
8953 12686
8953 12689
8953 12690
8953 12693
8953 12694
8954 8972
8954 8981
8954 8986
8954 9007
8954 9021
8954 9040
8954 9045
8954 9202
8954 9293
8954 11238
8954 11824
8954 12121
8954 12129
8954 12181
8954 12559
8954 12606
8954 12621
8954 12673
8954 12685
8954 12686
8954 12695
8955 9002
8955 9948
8955 10751
8955 11138
8955 12677
8956 11860
8956 11949
8956 12023
8956 12025
8956 12041
8956 12060
8956 12063
8956 12086
8956 12088
8956 12110
8956 12176
8957 11594
8957 11712
8958 9086
8958 11559
8958 12120
8958 12211
8959 9789
8959 10045
8959 11387
8960 11064
8960 12083
8960 12159
8961 9553
8961 10022
8961 10071
8961 10113
8961 10157
8961 10505
8961 10552
8961 12504
8962 12212
8963 11459
8963 12170
8963 12175
8963 12437
8963 12647
8964 10343
8964 10347
8964 11637
8964 11876
8964 11984
8964 12156
8964 12448
8964 12469
8964 12524
8965 11549
8965 11886
8965 12061
8965 12130
8965 12641
8966 9728
8966 10553
8966 11157
8966 11343
8966 12546
8967 9015
8967 9203
8967 9449
8967 12199
8967 12590
8967 12685
8967 12687
8968 11883
8968 11885
8968 11923
8968 11978
8968 12090
8969 9015
8969 9449
8969 9623
8969 9873
8969 10202
8969 11257
8969 11894
8969 12127
8969 12130
8969 12157
8969 12199
8969 12315
8969 12588
8969 12590
8969 12641
8970 9008
8970 9019
8970 12589
8970 12607
8970 12672
8970 12692
8971 9369
8971 12182
8971 12346
8971 12552
8971 12591
8971 12599
8971 12607
8971 12672
8971 12683
8971 12685
8972 8986
8972 9005
8972 9040
8972 9046
8972 11031
8972 11769
8972 12129
8972 12368
8972 12606
8972 12655
8972 12673
8972 12697
8973 11921
8973 11962
8973 11966
8973 12013
8973 12021
8973 12036
8973 12091
8973 12197
8973 12579
8974 8975
8974 8985
8974 9024
8974 11812
8974 12350
8974 12358
8974 12586
8974 12686
8975 11788
8975 12586
8975 12686
8976 8977
8976 8985
8976 9368
8976 10429
8976 10437
8976 11773
8976 11775
8976 11853
8976 11896
8976 12083
8976 12120
8976 12127
8976 12193
8976 12198
8976 12428
8976 12587
8976 12590
8976 12605
8976 12653
8976 12671
8976 12684
8976 12686
8977 8985
8977 11557
8977 12428
8977 12605
8977 12657
8977 12686
8978 9028
8978 10898
8978 11505
8978 12132
8978 12607
8978 12654
8978 12659
8979 11746
8979 12559
8980 9020
8980 12688
8980 12696
8981 9007
8981 9045
8981 9202
8981 11238
8981 11604
8981 12606
8981 12621
8981 12695
8982 9003
8982 11027
8982 11266
8982 11771
8982 12404
8982 12432
8982 12597
8982 12617
8982 12674
8982 12679
8982 12690
8982 12693
8983 9028
8983 9042
8983 9105
8983 9559
8983 10427
8983 12123
8983 12451
8983 12552
8983 12578
8983 12659
8983 12672
8984 8985
8984 9044
8984 11579
8984 11812
8984 12562
8984 12686
8984 12689
8984 12690
8985 9024
8985 9368
8985 11812
8985 12350
8985 12428
8985 12564
8985 12597
8985 12605
8985 12657
8985 12686
8985 12690
8986 11031
8986 11769
8986 11824
8986 12355
8986 12356
8986 12368
8986 12673
8986 12677
8986 12695
8987 11058
8987 12365
8987 12404
8987 12407
8987 12432
8987 12567
8987 12681
8987 12682
8987 12688
8987 12693
8988 9010
8988 10926
8988 11012
8988 11065
8988 11178
8988 12373
8988 12406
8988 12417
8988 12424
8988 12602
8988 12672
8988 12675
8988 12682
8988 12692
8989 11643
8989 12075
8989 12118
8989 12182
8989 12552
8989 12553
8989 12591
8989 12683
8990 9049
8990 9424
8990 11094
8990 11130
8990 12202
8990 12401
8990 12640
8991 9562
8991 10363
8991 11629
8991 11889
8991 11902
8991 12092
8991 12341
8991 12573
8992 9566
8992 10468
8992 10831
8992 11063
8992 11359
8992 12280
8993 9252
8993 10671
8993 11487
8993 11545
8993 12246
8994 11417
8994 12432
8995 10485
8995 11394
8995 11863
8996 9622
8996 10046
8996 10164
8996 10214
8996 10225
8996 11104
8996 12614
8997 9226
8997 10693
8997 11151
8997 11193
8997 12416
8997 12634
8998 9889
8998 10250
8998 10337
8998 10932
8998 11879
8999 10052
8999 10769
8999 10902
8999 11726
8999 11933
8999 12536
8999 12651
9000 9272
9000 10154
9000 11110
9000 11223
9001 11297
9001 11299
9001 12558
9002 9498
9002 9770
9002 9948
9002 10109
9002 10751
9002 11029
9002 11265
9002 12677
9003 12597
9003 12617
9003 12679
9003 12690
9004 10156
9004 10419
9004 11259
9004 12464
9005 9191
9005 11031
9006 11763
9006 12081
9007 9045
9007 9202
9007 9293
9007 12121
9007 12129
9007 12263
9007 12592
9008 11232
9008 12589
9008 12607
9008 12692
9009 9040
9009 10770
9009 11780
9009 12351
9009 12598
9009 12697
9010 11065
9010 11178
9010 11363
9010 11451
9010 11539
9010 12602
9011 9294
9011 9795
9011 9796
9011 9905
9011 10097
9011 10216
9011 10295
9011 10877
9011 12014
9012 10135
9012 11126
9012 11596
9012 12415
9012 12421
9013 11517
9013 12680
9014 12180
9014 12367
9015 10202
9015 12199
9015 12590
9015 12685
9015 12687
9016 9923
9016 11287
9016 11294
9016 12681
9017 9509
9017 9517
9017 11135
9017 11197
9017 11287
9017 11291
9017 11294
9017 11424
9017 11477
9017 11501
9017 12481
9018 12369
9018 12371
9018 12696
9019 10812
9019 11816
9019 12672
9019 12692
9020 9040
9020 12079
9020 12370
9020 12418
9020 12431
9020 12679
9020 12688
9020 12693
9020 12696
9021 9716
9021 9993
9021 11824
9021 12129
9022 11005
9022 11177
9022 11193
9022 11211
9022 11288
9022 11417
9022 11474
9022 11552
9022 12392
9022 12682
9023 11108
9023 12394
9023 12402
9023 12675
9023 12694
9024 11578
9024 12350
9024 12586
9024 12610
9024 12686
9025 9288
9025 9767
9025 10119
9026 9669
9026 9794
9026 10487
9026 11072
9027 11904
9027 12103
9027 12154
9027 12160
9027 12179
9027 12554
9027 12584
9027 12595
9027 12658
9028 9559
9028 10898
9028 11814
9028 11816
9028 12105
9028 12123
9028 12552
9028 12589
9028 12590
9028 12607
9028 12659
9028 12672
9028 12685
9028 12687
9029 12131
9029 12598
9029 12644
9030 9467
9030 10661
9031 11992
9032 10648
9032 11267
9032 11284
9032 12474
9033 10457
9033 11414
9033 12464
9034 11844
9034 11846
9034 12151
9034 12577
9034 12580
9035 9041
9035 11815
9035 12045
9035 12115
9035 12466
9035 12470
9035 12578
9036 9581
9036 12372
9036 12559
9037 12599
9037 12672
9038 9646
9038 11125
9038 11130
9038 11251
9038 11655
9038 11672
9038 12352
9038 12408
9038 12691
9039 9046
9039 9999
9039 11264
9039 11565
9039 12069
9039 12180
9039 12577
9040 12369
9040 12431
9040 12597
9040 12598
9040 12605
9040 12606
9040 12673
9040 12679
9040 12686
9040 12689
9040 12690
9040 12695
9040 12696
9040 12697
9041 11815
9041 11991
9041 12045
9041 12095
9041 12115
9041 12157
9041 12466
9041 12578
9041 12588
9042 10330
9042 10427
9042 11901
9042 12106
9042 12552
9042 12553
9042 12574
9042 12578
9042 12659
9043 10800
9043 12406
9043 12424
9043 12560
9043 12600
9043 12692
9044 11777
9044 12343
9044 12358
9044 12364
9044 12429
9044 12675
9044 12686
9044 12689
9044 12690
9044 12694
9045 9202
9045 11237
9045 12121
9045 12155
9045 12263
9045 12592
9045 12606
9046 9999
9046 11563
9046 11565
9046 12180
9046 12368
9046 12555
9046 12577
9046 12655
9047 9050
9047 10942
9047 11119
9047 11135
9047 11194
9047 11198
9047 11424
9047 11457
9047 11471
9047 11641
9047 11665
9047 12204
9047 12295
9047 12384
9047 12388
9047 12420
9047 12615
9047 12663
9047 12664
9048 10122
9048 10440
9048 10478
9048 10541
9048 10870
9048 10952
9048 11202
9048 11301
9048 11307
9048 11323
9048 11335
9048 11349
9048 11351
9048 11354
9048 11373
9048 11426
9048 11448
9048 11450
9048 12309
9048 12489
9048 12490
9048 12507
9048 12515
9048 12520
9048 12623
9048 12625
9048 12636
9049 9435
9049 11066
9049 11068
9049 11094
9049 11125
9049 11130
9049 11192
9049 11200
9049 12201
9049 12202
9049 12373
9049 12391
9049 12394
9049 12398
9049 12401
9049 12406
9049 12640
9049 12662
9049 12663
9050 10136
9050 11002
9050 11154
9050 11185
9050 11441
9050 12388
9050 12390
9050 12426
9050 12661
9050 12662
9050 12663
9050 12664
9051 9606
9051 10396
9051 11725
9051 11847
9051 11931
9051 12467
9052 9925
9052 10866
9053 9960
9053 10244
9053 10927
9053 11840
9053 12596
9054 9571
9054 9977
9054 11058
9055 12569
9056 9079
9056 9243
9056 10007
9056 11728
9057 9284
9057 9687
9057 9810
9057 10734
9057 11192
9057 11759
9058 10682
9058 10702
9058 11382
9059 9114
9059 9547
9059 10489
9059 10740
9059 11122
9059 11452
9059 12206
9059 12344
9060 10357
9060 10358
9060 10561
9060 10909
9061 9793
9061 9800
9061 10028
9061 11528
9062 9431
9062 12214
9063 10082
9063 10404
9063 11551
9064 9144
9065 10750
9066 9927
9066 10588
9066 11054
9066 11356
9066 11439
9066 11881
9066 12145
9066 12666
9067 9182
9067 9556
9067 11408
9067 11779
9067 12568
9067 12613
9068 10639
9068 11339
9068 11356
9068 11890
9068 11957
9069 10200
9069 10482
9069 11311
9069 11364
9069 11761
9069 12136
9069 12630
9070 9352
9070 10067
9070 10588
9071 12243
9072 9099
9072 9109
9072 10231
9072 10439
9072 10462
9072 11456
9072 11984
9072 12144
9072 12483
9073 9215
9073 9595
9073 10729
9073 11136
9073 11561
9074 9293
9074 9716
9074 10787
9074 11555
9074 12208
9075 9184
9075 10623
9075 10624
9075 11062
9075 11678
9075 11884
9076 10398
9077 9210
9077 9213
9077 9306
9077 11270
9078 10232
9078 10645
9078 10677
9079 9586
9079 10107
9079 11728
9080 9726
9080 10026
9080 10052
9080 10338
9080 10575
9080 10700
9080 10902
9080 11898
9081 9390
9081 10282
9082 10313
9082 11790
9083 10275
9084 9856
9084 10071
9084 11283
9084 11702
9084 11715
9084 11787
9084 12338
9084 12534
9085 9360
9085 10286
9085 11074
9085 11386
9086 9288
9086 10119
9086 12454
9087 9396
9087 10459
9087 12085
9088 9713
9088 9901
9088 10097
9088 10206
9088 10719
9089 9099
9089 10231
9089 11953
9089 12144
9089 12482
9089 12483
9090 9214
9090 9387
9090 9762
9090 10730
9090 10733
9090 11123
9090 11420
9092 9122
9092 9603
9092 10287
9093 11124
9093 11506
9093 12284
9093 12411
9093 12519
9093 12668
9094 9372
9094 10906
9094 11085
9094 11347
9094 11416
9095 9469
9095 10329
9095 11494
9095 11758
9096 9357
9096 10020
9096 10569
9096 11011
9096 11518
9096 12225
9097 9510
9097 9522
9097 9817
9098 9518
9098 10051
9098 11433
9099 10231
9099 11456
9099 12144
9099 12483
9100 10898
9100 11814
9101 9965
9101 10093
9101 11701
9102 10040
9102 12618
9103 9441
9103 9589
9103 9975
9103 10108
9103 10737
9103 11050
9103 11070
9104 9107
9104 11534
9104 12306
9104 12550
9105 9559
9105 10077
9105 10250
9105 10655
9105 11317
9105 12123
9105 12451
9105 12552
9106 11045
9107 11534
9107 11857
9108 10182
9109 10454
9109 10462
9109 11456
9109 11958
9109 12409
9110 9304
9111 10391
9111 11843
9112 9199
9113 9527
9113 9702
9113 9985
9113 10422
9113 11635
9113 12089
9114 9137
9114 9212
9114 10489
9114 11239
9115 9164
9115 9601
9115 11103
9115 11992
9115 12329
9115 12374
9116 9155
9116 9156
9116 9858
9116 10754
9116 11794
9117 9674
9117 9971
9117 10765
9117 11834
9118 9179
9118 9868
9118 10209
9118 10488
9118 10589
9118 10727
9118 11555
9118 11604
9118 11797
9118 11933
9118 12076
9118 12536
9118 12651
9119 9326
9119 12337
9121 9181
9121 9349
9122 9678
9122 10117
9122 10287
9122 10402
9122 10812
9122 11057
9122 11488
9123 9342
9123 9828
9123 10743
9123 10765
9123 12220
9124 9140
9124 9390
9124 10303
9124 10326
9124 10410
9124 11224
9124 11586
9124 11619
9125 9137
9125 9214
9125 9377
9125 9387
9125 9616
9125 9925
9126 9602
9126 9603
9126 9612
9126 10248
9126 10287
9126 11813
9127 9136
9127 11637
9127 11734
9128 9228
9128 9232
9128 11792
9129 9157
9129 10547
9129 10620
9129 11490
9129 11687
9130 9173
9130 9822
9130 12250
9131 9329
9131 9618
9131 10008
9131 11526
9132 9649
9132 10114
9132 11024
9133 9282
9133 9555
9133 9984
9133 10806
9133 12246
9134 9679
9134 9741
9134 10266
9134 11678
9134 11749
9134 12269
9135 9331
9135 9567
9135 9880
9135 10759
9135 11018
9135 11512
9136 9147
9136 9582
9137 9377
9137 9573
9137 9597
9137 9616
9137 9925
9138 10747
9138 10748
9138 10793
9139 11421
9139 12229
9139 12260
9140 9390
9140 10303
9140 10326
9140 10410
9140 11224
9140 11619
9140 12252
9141 9605
9141 9704
9141 10408
9141 10545
9141 11393
9141 11458
9142 9149
9142 9235
9142 9981
9142 10279
9142 10557
9142 11515
9143 10787
9143 11238
9145 10660
9145 10670
9145 10691
9146 9222
9146 9509
9146 9517
9146 9561
9146 10329
9146 10395
9146 11501
9148 9249
9148 9296
9148 10670
9148 10709
9148 11004
9148 11010
9149 9981
9150 9365
9150 10607
9150 10925
9151 10426
9151 10779
9152 9328
9152 10688
9152 10736
9152 10873
9152 11427
9152 12233
9153 9597
9153 9880
9154 9501
9154 9661
9154 9913
9154 10302
9154 11176
9154 11667
9154 11686
9154 12266
9155 9156
9155 9208
9155 9297
9155 9738
9155 10558
9155 10754
9156 9317
9156 9738
9157 9814
9157 10155
9157 10245
9157 10547
9157 10620
9157 11490
9157 12134
9158 9763
9158 11209
9159 9225
9159 10267
9159 11741
9159 11891
9160 9620
9160 9752
9160 11289
9161 9465
9161 10294
9161 10722
9161 11684
9162 10761
9162 11004
9162 11736
9163 9653
9163 9961
9163 10678
9163 10803
9163 11114
9164 9503
9164 9601
9164 9767
9164 10472
9164 11103
9164 11963
9164 12329
9165 9605
9165 11494
9165 11645
9165 11754
9166 9331
9166 9631
9166 10489
9166 10731
9166 11548
9167 9238
9167 9759
9167 10276
9167 10416
9167 10619
9167 10672
9168 9380
9168 9670
9168 10205
9168 10414
9169 9256
9169 9273
9169 10335
9169 11508
9170 9671
9170 9745
9170 10030
9170 10810
9171 10205
9171 10414
9171 11864
9172 11525
9172 11863
9172 12377
9172 12453
9173 9174
9173 9458
9173 10649
9174 9458
9174 10649
9175 9982
9175 11599
9175 11601
9176 12215
9176 12348
9177 9312
9177 10023
9177 11009
9178 10139
9178 11647
9178 11866
9179 9362
9179 10209
9179 10488
9179 11604
9179 12076
9180 10005
9180 10263
9180 10291
9180 10794
9180 10933
9180 11033
9180 12473
9182 9556
9182 11644
9182 12613
9183 10243
9183 10978
9183 11739
9183 12096
9183 12410
9183 12442
9184 10623
9184 10624
9184 11592
9185 9278
9186 9838
9187 9281
9187 9483
9187 10644
9187 11642
9187 11688
9188 10259
9188 10714
9189 9997
9189 11772
9190 9387
9190 11580
9190 11832
9191 11031
9192 9743
9192 11027
9192 11929
9192 11930
9192 12104
9192 12617
9193 9750
9194 9195
9194 9326
9194 10770
9194 11483
9195 9326
9195 10770
9196 9324
9196 9437
9196 10185
9196 10298
9196 12125
9196 12326
9196 12531
9197 9404
9197 9719
9197 12354
9197 12606
9197 12621
9198 9398
9198 9503
9198 9899
9198 10472
9200 9566
9200 10058
9200 10060
9200 11073
9201 10031
9202 9293
9202 11238
9203 9205
9203 9449
9203 9505
9203 10014
9203 12685
9205 9505
9205 10031
9206 9513
9206 9899
9206 10056
9206 10119
9206 11776
9207 10290
9207 11039
9207 12504
9208 12079
9208 12418
9209 9812
9210 9267
9210 9307
9210 9428
9210 11270
9211 9330
9211 12561
9212 10489
9212 11145
9212 11239
9213 9306
9213 10406
9213 10737
9213 11419
9214 9762
9214 10730
9214 10740
9214 11123
9214 11420
9215 9511
9215 11561
9215 12230
9216 9551
9217 9423
9217 9594
9217 10172
9217 10507
9218 9410
9218 10390
9218 10974
9219 9606
9219 11488
9220 9412
9220 9954
9221 9250
9221 9996
9221 10777
9222 9517
9222 9561
9222 10329
9222 10595
9223 11842
9223 12661
9224 9450
9224 9513
9224 9825
9224 10056
9224 11567
9224 11568
9224 11776
9224 12209
9224 12218
9225 10674
9225 11891
9226 10693
9226 12634
9227 9253
9227 9883
9227 9915
9228 10844
9228 11072
9229 9550
9230 9951
9230 9954
9230 10025
9230 12362
9231 10172
9232 12027
9233 9950
9233 10924
9233 10948
9233 10969
9234 9585
9234 9587
9234 9916
9234 10368
9234 10650
9234 11021
9234 11071
9235 9639
9236 9399
9236 9994
9236 10123
9237 9477
9237 9992
9237 11053
9238 9687
9238 9837
9238 10619
9238 10672
9238 12227
9238 12313
9239 11282
9239 12283
9240 9519
9240 10653
9240 10816
9240 11038
9240 11218
9240 11727
9241 11650
9241 11782
9241 11869
9242 9444
9242 10061
9242 11245
9242 11712
9242 11729
9243 10007
9243 11728
9243 12306
9244 9320
9244 11436
9244 12214
9244 12272
9245 9398
9245 12364
9246 10678
9246 10937
9247 9489
9247 10011
9248 11023
9249 9436
9249 10670
9249 10709
9249 11010
9250 9568
9250 9598
9250 9996
9250 10372
9250 10905
9250 10984
9251 9349
9251 11690
9252 9282
9252 9984
9252 10125
9252 10806
9252 10921
9252 12246
9253 9915
9253 10529
9253 10611
9253 11481
9253 12027
9253 12058
9253 12087
9254 10104
9254 10591
9254 11538
9254 12312
9257 9674
9257 9742
9257 10765
9258 9699
9258 10599
9258 10622
9258 10651
9258 10724
9258 11246
9259 12283
9261 10102
9261 10112
9261 11521
9263 9737
9263 9938
9263 11008
9263 11485
9264 10683
9264 11115
9264 11245
9264 12614
9265 11680
9265 11842
9266 9673
9266 10435
9266 10826
9266 11602
9267 9554
9267 11158
9267 11280
9267 11711
9267 12262
9268 9748
9268 9970
9268 10000
9269 9351
9269 10024
9269 10572
9269 11108
9269 12648
9269 12694
9270 9586
9270 10229
9270 10253
9270 10530
9270 12359
9272 10062
9273 10129
9273 10335
9273 11634
9274 9447
9274 11527
9275 10992
9275 12184
9276 10580
9277 9405
9277 9922
9277 11129
9277 11199
9277 11230
9277 12426
9279 10292
9279 10832
9279 11045
9280 9582
9282 9555
9282 9984
9282 10609
9282 10806
9282 10921
9282 11616
9282 11919
9282 12246
9283 10079
9283 11099
9283 12219
9284 9316
9284 9424
9284 10270
9284 11759
9285 9375
9285 9962
9285 10131
9285 11299
9285 11565
9286 9287
9286 11075
9287 10162
9288 9590
9288 9899
9288 10119
9288 10143
9288 12333
9289 9991
9289 10109
9289 10993
9290 10246
9290 10655
9290 10916
9290 11292
9290 11293
9290 11620
9291 10668
9292 9999
9292 11043
9292 12069
9293 11797
9294 9776
9294 9905
9294 10216
9294 11359
9294 11399
9294 12014
9295 9418
9295 10030
9296 10709
9296 11010
9297 9566
9297 10754
9298 9333
9298 9581
9298 9676
9298 10002
9298 11576
9298 11654
9299 9642
9299 10643
9300 9673
9300 10027
9300 10296
9300 11930
9300 12245
9301 9470
9301 9769
9301 12205
9302 9844
9302 9956
9303 9455
9303 10230
9303 12052
9304 9366
9304 10842
9304 11007
9305 9692
9305 10742
9305 11406
9305 11411
9305 11640
9306 10737
9306 11050
9306 11052
9307 9330
9307 9336
9307 10835
9307 11097
9307 11280
9307 11572
9307 12202
9308 10363
9308 11889
9308 11917
9308 11924
9308 12573
9309 9348
9309 9972
9310 10322
9310 12031
9310 12143
9311 9425
9311 9604
9311 10255
9311 11700
9312 9363
9312 10023
9312 10078
9313 9338
9313 9602
9313 10287
9313 10646
9313 11270
9313 11937
9314 9696
9314 9729
9314 10269
9314 10393
9314 11042
9315 9472
9315 10084
9316 9810
9316 10739
9316 12313
9317 9629
9317 9713
9317 9738
9317 9795
9317 9796
9317 9901
9317 10206
9317 10295
9318 9999
9319 9400
9319 10266
9319 10276
9319 10809
9319 11234
9320 9506
9320 10614
9320 11955
9321 9968
9321 10040
9321 10116
9321 12684
9322 9437
9322 10652
9322 11636
9322 12181
9323 9442
9323 9641
9323 9727
9324 12550
9325 9390
9325 10326
9325 11277
9326 11483
9326 12337
9327 9440
9327 9593
9327 9643
9327 9667
9328 9659
9328 12233
9329 11746
9329 11802
9329 12620
9330 10597
9330 10835
9330 11097
9330 12561
9331 9631
9331 10489
9331 11512
9332 9804
9332 12332
9333 10002
9333 12306
9334 9549
9335 9434
9335 9994
9335 10322
9335 10451
9335 12031
9336 10028
9336 10469
9336 11694
9338 9809
9338 10287
9338 10402
9338 10646
9339 9427
9339 11093
9340 9355
9340 10951
9340 11225
9341 10276
9341 10805
9341 12449
9342 9742
9342 9828
9342 10039
9342 10743
9342 12220
9345 9588
9345 9607
9345 9832
9345 10966
9345 11445
9345 11800
9346 12460
9347 9773
9347 10021
9347 10174
9347 10264
9347 10364
9348 9693
9349 9495
9350 10760
9350 11685
9351 10024
9351 11108
9351 11854
9351 12218
9352 10588
9352 11356
9353 11116
9354 9911
9354 10717
9354 10731
9354 10845
9354 10884
9355 10280
9356 10043
9356 10301
9356 10426
9356 11182
9356 11746
9356 11802
9356 12620
9357 10020
9357 10569
9357 11518
9358 9793
9358 9822
9358 10028
9358 11389
9359 9446
9359 9484
9359 9882
9359 11709
9359 11743
9359 11833
9359 12416
9360 11052
9360 11074
9361 9881
9362 10718
9362 11604
9363 10022
9363 10103
9364 9760
9364 9765
9364 11178
9364 12360
9366 11007
9366 11206
9366 12605
9367 9373
9368 11775
9368 12428
9368 12610
9368 12686
9369 10655
9369 12182
9369 12331
9369 12346
9369 12552
9370 9900
9370 10081
9370 11698
9370 12231
9371 12657
9372 9427
9372 9843
9372 11864
9374 9617
9375 9962
9375 10131
9375 11299
9376 9792
9376 11530
9376 11723
9377 9573
9377 9616
9377 9925
9378 9460
9379 9516
9379 10254
9380 10205
9380 10414
9381 10150
9381 10271
9382 11835
9383 9630
9383 10563
9383 11653
9383 11687
9383 11693
9384 9429
9384 9855
9384 10979
9384 11351
9384 11649
9384 12499
9385 10288
9385 10435
9386 10147
9387 10733
9387 11580
9389 11841
9390 10326
9390 11586
9390 11619
9391 10075
9391 10312
9391 10497
9391 10760
9391 11651
9391 12011
9392 10161
9392 10333
9392 10999
9392 11109
9392 11117
9392 11314
9392 12373
9393 10723
9394 9488
9394 9640
9394 10012
9395 9457
9395 10744
9396 9884
9396 12085
9397 9757
9398 9503
9398 10592
9398 10632
9399 9481
9399 9895
9399 9928
9399 9994
9400 9732
9400 11234
9401 10649
9401 11560
9402 9486
9403 9573
9403 9616
9403 11279
9404 9719
9404 12354
9404 12606
9405 9922
9405 10411
9405 11129
9405 11199
9406 12242
9407 11649
9407 11941
9408 11886
9409 10446
9409 10466
9409 11350
9409 11994
9409 12017
9410 10390
9410 10974
9410 11069
9410 12293
9411 11396
9412 9954
9413 9417
9413 9873
9413 10054
9413 10068
9413 11395
9414 9418
9414 9451
9415 10012
9416 9744
9416 10218
9416 11487
9416 12315
9417 10068
9417 10106
9417 10369
9417 11395
9417 11630
9418 9451
9420 9426
9421 9845
9421 10121
9421 10171
9422 10226
9422 11613
9422 12073
9422 12224
9423 9594
9423 10172
9423 10507
9424 11094
9424 12640
9425 9604
9425 10146
9425 10259
9425 11248
9425 12479
9426 10701
9427 11864
9428 12377
9429 11351
9429 12632
9430 9867
9430 10357
9430 10358
9430 10494
9430 10708
9430 10775
9430 10971
9430 11444
9430 11508
9430 12137
9431 12214
9432 9645
9432 9652
9432 9706
9432 10805
9432 10809
9432 12455
9433 9648
9433 10138
9434 9708
9434 10946
9434 11174
9434 11412
9434 11798
9434 11867
9434 12419
9435 11125
9435 11130
9435 11655
9435 11805
9435 12398
9435 12640
9436 11010
9437 10185
9437 10298
9437 12125
9437 12181
9437 12372
9437 12620
9437 12695
9438 10926
9438 12566
9439 9778
9439 12248
9440 9667
9440 10781
9441 9589
9441 10293
9441 11070
9441 11362
9441 11669
9441 12502
9442 9641
9442 9727
9442 10695
9443 10305
9443 10353
9443 11034
9443 11745
9444 10683
9444 11247
9444 11718
9445 9615
9445 10674
9445 10927
9446 9514
9446 9882
9446 10559
9446 10872
9446 10888
9446 11143
9446 11709
9446 11738
9447 9726
9447 9802
9447 9904
9447 10589
9448 9519
9448 9537
9448 9598
9448 10444
9448 10633
9448 12637
9449 10014
9449 10202
9449 10725
9449 11257
9449 11894
9449 12590
9449 12687
9450 9668
9450 9825
9450 11567
9450 12209
9451 9862
9451 10511
9451 10928
9451 11168
9451 11222
9451 11781
9452 10100
9452 10755
9452 12216
9452 12551
9452 12556
9453 10852
9453 11550
9454 11770
9455 10516
9455 10533
9455 10982
9456 9494
9456 9697
9456 10184
9456 11489
9456 11791
9457 9469
9457 10744
9457 12258
9458 9874
9458 10649
9459 10050
9459 10159
9459 10608
9459 11502
9460 10048
9460 10641
9460 11725
9460 11847
9460 11993
9460 12467
9461 11000
9461 11517
9462 9608
9462 12258
9463 11493
9463 11503
9463 12283
9464 12531
9465 9472
9465 11684
9466 10647
9466 10758
9466 11730
9467 10661
9467 10706
9467 11799
9468 10079
9468 11344
9468 11755
9469 9608
9469 10744
9469 12258
9470 11645
9470 11754
9470 12258
9471 9825
9471 10802
9471 11209
9471 11385
9471 11730
9471 12218
9471 12268
9472 10084
9472 10722
9472 11684
9473 11706
9474 10086
9475 10484
9476 9485
9476 10099
9476 10309
9476 10333
9476 11845
9477 10144
9479 9577
9479 9663
9479 9736
9479 11522
9480 9595
9480 9651
9480 9751
9480 10727
9481 9928
9481 9994
9482 9597
9482 9749
9482 10470
9482 10712
9482 11249
9482 11726
9483 9976
9483 10057
9483 11642
9483 11688
9484 10669
9484 11146
9484 11743
9485 9817
9485 10099
9485 10118
9485 10309
9485 10560
9486 10080
9486 10626
9487 9752
9487 9758
9487 11162
9487 12335
9488 9640
9488 9681
9488 9973
9488 10191
9488 10848
9488 10893
9488 11132
9489 9670
9489 10889
9489 10912
9489 11462
9489 11809
9489 11836
9490 9706
9490 10266
9490 11218
9490 12449
9491 10269
9491 11775
9491 12587
9492 9554
9493 9822
9493 11251
9493 11389
9493 11672
9494 9697
9494 10826
9494 12585
9496 10607
9496 11529
9498 10109
9498 10114
9498 11029
9499 10106
9499 10706
9499 11689
9500 11506
9501 9661
9501 11176
9501 11686
9501 12266
9502 9585
9502 9587
9502 10368
9502 11610
9502 11633
9502 11897
9503 9590
9503 9767
9503 10472
9503 10534
9503 10592
9503 11963
9503 12329
9504 10242
9504 10246
9504 11292
9504 11620
9504 11990
9505 10297
9507 9926
9508 9510
9508 9626
9508 9903
9508 11300
9509 9517
9509 10329
9509 10395
9509 11135
9509 11291
9509 11424
9509 11501
9509 12481
9510 9626
9510 9903
9511 9627
9511 10759
9511 12230
9512 9515
9512 9937
9512 11128
9512 11135
9512 11294
9512 11501
9512 11665
9513 10056
9514 11143
9514 11321
9514 11446
9514 11709
9514 11944
9515 11128
9515 11294
9515 11501
9516 10713
9516 10747
9516 10748
9516 11051
9516 11388
9517 11287
9517 11501
9518 10051
9518 10319
9518 11283
9518 11433
9519 9598
9519 10633
9519 11038
9519 11951
9519 12054
9519 12523
9519 12544
9519 12637
9520 10644
9520 10658
9520 11312
9520 11642
9521 10564
9521 11609
9521 11634
9522 9772
9522 11768
9523 10895
9523 12109
9524 9885
9524 10764
9524 11708
9524 11940
9524 11961
9524 12524
9525 9935
9525 9948
9525 10728
9525 10738
9525 10993
9525 11393
9525 11713
9526 10492
9526 10527
9526 11328
9526 11367
9527 9702
9527 9887
9527 10183
9527 10422
9527 10811
9527 11252
9527 11635
9527 11724
9527 11729
9527 12089
9528 9887
9528 10183
9529 10250
9529 10273
9529 10337
9529 11317
9529 11901
9530 11219
9530 11552
9530 11909
9531 9590
9531 9953
9531 10017
9531 10534
9532 9623
9532 10202
9532 11510
9533 9775
9533 9900
9533 10649
9533 11284
9533 11560
9534 9834
9534 11543
9535 9900
9535 10274
9535 10485
9535 10819
9535 10915
9535 12231
9536 9601
9536 9821
9536 10632
9536 10801
9537 9598
9537 10444
9537 10540
9537 10633
9537 12523
9538 10196
9538 10490
9538 10537
9538 10880
9538 10949
9538 10964
9538 11304
9538 11323
9538 11697
9538 12318
9539 10573
9539 10616
9539 12000
9539 12142
9539 12174
9540 9855
9540 11174
9540 11507
9540 11537
9540 11747
9541 10755
9541 11073
9541 11500
9542 10100
9542 10659
9542 10755
9542 11500
9543 9931
9543 9964
9543 10495
9544 10321
9544 10455
9544 10865
9544 11570
9544 11716
9544 12383
9545 9932
9545 10180
9545 10425
9545 10436
9545 10554
9545 11180
9545 11296
9545 11332
9545 12362
9546 10365
9547 10740
9547 12307
9548 10179
9548 10360
9548 12581
9548 12592
9548 12649
9549 11591
9551 11511
9551 11904
9551 12160
9551 12595
9552 9779
9552 9958
9553 10113
9553 10780
9553 12504
9555 9984
9555 10384
9555 11616
9555 11919
9556 9695
9556 11837
9556 12613
9557 10105
9557 10503
9557 10557
9557 11316
9557 12457
9558 9826
9558 9985
9558 10422
9558 11556
9559 10077
9559 11816
9559 12123
9559 12672
9560 9604
9560 9824
9560 12236
9561 10595
9562 10077
9562 10250
9562 10932
9562 11317
9562 12341
9563 9611
9563 11517
9564 10444
9564 10633
9564 10636
9564 11038
9564 11062
9564 11234
9564 11383
9564 11472
9564 11821
9564 12301
9564 12523
9565 11742
9566 10041
9566 10058
9566 10831
9566 11073
9567 11018
9567 11019
9567 11631
9568 9854
9568 9996
9568 10905
9568 10984
9568 11383
9568 11468
9568 12301
9569 9610
9569 10679
9570 9665
9570 11069
9571 9977
9571 10600
9571 11058
9571 11670
9572 10130
9573 9597
9573 9616
9574 12367
9575 10163
9575 10922
9575 11574
9575 11581
9575 11650
9576 11740
9576 12237
9577 9663
9577 9736
9577 11205
9577 11869
9578 10387
9579 10797
9579 11141
9579 11182
9579 11194
9579 11391
9579 12247
9579 12420
9579 12425
9580 9584
9580 9826
9580 10193
9580 12278
9582 9908
9582 10439
9582 10465
9582 12257
9583 10136
9584 9826
9584 9985
9584 12278
9585 9587
9585 10368
9585 10650
9585 11897
9585 12261
9586 10107
9587 10300
9587 10368
9587 11021
9587 11071
9587 11610
9588 9832
9588 9941
9588 10518
9588 11445
9588 11664
9589 10101
9589 10108
9589 10293
9589 10943
9589 11070
9589 12458
9589 12502
9590 10017
9590 10143
9590 10534
9591 10682
9591 10705
9591 11796
9591 12244
9592 10327
9592 11979
9592 12116
9592 12469
9592 12524
9593 9643
9593 9667
9593 10403
9593 12285
9594 9987
9594 10507
9594 12093
9594 12098
9595 10342
9595 10759
9596 10471
9596 11150
9596 12421
9598 10540
9598 10633
9598 12004
9598 12009
9598 12523
9598 12637
9599 9977
9600 10461
9600 11982
9600 12147
9600 12522
9601 10568
9601 10632
9601 10801
9601 11103
9601 11903
9601 11935
9601 11992
9601 12329
9602 9603
9602 9612
9602 10287
9602 10768
9602 11937
9603 9612
9603 11937
9604 9824
9605 10545
9605 11393
9605 11645
9607 10067
9607 10373
9607 11149
9607 11800
9607 11829
9607 12328
9608 12258
9609 9681
9609 9686
9609 12445
9610 10899
9610 11692
9611 9762
9611 11517
9612 10379
9612 10768
9612 11937
9613 9743
9613 10030
9613 10660
9613 11266
9614 10656
9615 9835
9615 10302
9615 11025
9615 11028
9615 11569
9615 11840
9617 9740
9617 10307
9618 10008
9618 10341
9618 11526
9619 9864
9620 9669
9620 9695
9620 11289
9621 10500
9621 11316
9621 11583
9621 11915
9621 12457
9621 12538
9622 9966
9622 10225
9622 10234
9622 10375
9622 10846
9622 11104
9622 11659
9622 11718
9623 9873
9623 10054
9623 10202
9623 11257
9623 11510
9624 10446
9624 10448
9624 10529
9624 10611
9624 10987
9624 11372
9624 11540
9624 12017
9624 12195
9624 12635
9625 9664
9625 10096
9625 11745
9625 12479
9626 9903
9626 11795
9627 11561
9627 12230
9628 11024
9629 9713
9629 11014
9629 11741
9629 11851
9630 11693
9630 12347
9631 9946
9631 10731
9631 10845
9631 11548
9633 9725
9633 10183
9634 9698
9635 9711
9635 11637
9635 12156
9636 9824
9636 9939
9636 10774
9637 10268
9637 10645
9638 12342
9639 10272
9640 9723
9640 10191
9640 10893
9641 9727
9641 10695
9641 11732
9642 9705
9642 9712
9642 10643
9642 11268
9643 9667
9643 10403
9643 12285
9644 9645
9644 10149
9645 9652
9645 10149
9645 10805
9646 10743
9646 12352
9647 9650
9647 10816
9647 11147
9647 11544
9648 10138
9648 11748
9649 10025
9649 11118
9649 11195
9649 12594
9650 10816
9651 9751
9651 10727
9652 10805
9652 10809
9653 10445
9653 10520
9653 10678
9653 10803
9653 11054
9653 11114
9653 12666
9654 10127
9654 10217
9654 10321
9654 10874
9654 12510
9655 9700
9655 10050
9655 10201
9655 11244
9655 12630
9656 9660
9656 10521
9656 10544
9656 12042
9656 12294
9656 12652
9657 9666
9657 10791
9657 11942
9658 10471
9659 9970
9659 10736
9659 10996
9659 12233
9660 11790
9660 12078
9660 12261
9660 12294
9661 10749
9661 11060
9661 11176
9661 11667
9661 11686
9662 10043
9662 10285
9662 10301
9662 10587
9662 10822
9663 11910
9663 11978
9663 12311
9664 9771
9664 9955
9664 12102
9664 12345
9665 9734
9666 10791
9666 11942
9667 11361
9667 12285
9667 12388
9668 10723
9668 11992
9668 12209
9668 12461
9669 10366
9669 10487
9669 11289
9669 11575
9670 9853
9670 10889
9670 10912
9670 11357
9670 11809
9671 9745
9671 10030
9671 10660
9672 9805
9672 10716
9672 10810
9672 11681
9673 10027
9673 10296
9673 12216
9674 9742
9674 10763
9674 10765
9674 11040
9675 10034
9676 10002
9676 11576
9676 11654
9677 9705
9677 9916
9677 11950
9677 11974
9678 10812
9678 11814
9678 11816
9679 10170
9679 10228
9679 10266
9679 10686
9679 12269
9680 10072
9680 10721
9680 11843
9680 11936
9681 9973
9681 11084
9681 12445
9682 11086
9683 9721
9683 10782
9683 11566
9684 11360
9685 9947
9685 10710
9685 11612
9685 11804
9686 11609
9686 12445
9687 9722
9687 10734
9687 11759
9687 12313
9688 10188
9688 10240
9688 10824
9688 11611
9688 12493
9689 9920
9689 11119
9689 11170
9690 9766
9690 12343
9690 12364
9691 10696
9691 11421
9691 12260
9692 10742
9692 11406
9692 11640
9693 9972
9694 10932
9694 11227
9694 11962
9694 11988
9695 11388
9695 11837
9696 9729
9696 10164
9696 10269
9696 10393
9697 11791
9697 12585
9698 11905
9698 12170
9698 12292
9698 12437
9699 9907
9699 10314
9699 10578
9699 10724
9699 11246
9699 12543
9700 9963
9700 10201
9700 11244
9700 12053
9700 12057
9700 12669
9701 9908
9701 10347
9701 10570
9701 11734
9701 11964
9701 12019
9701 12508
9701 12539
9702 10387
9702 10422
9702 11635
9702 11724
9703 9857
9703 10124
9703 11037
9703 11113
9703 11882
9703 11951
9704 10545
9704 11006
9704 11458
9704 12204
9704 12229
9704 12386
9705 10355
9705 10643
9705 11950
9705 12547
9706 10149
9706 10805
9706 12449
9707 9792
9707 10092
9707 10433
9707 11085
9707 11307
9707 11373
9707 11530
9707 11750
9707 12490
9708 10123
9708 10236
9708 10238
9708 11867
9709 9791
9709 10438
9709 10548
9709 10876
9709 11331
9709 11429
9709 12409
9710 10505
9710 11336
9710 11431
9710 11787
9710 11945
9710 12504
9711 10345
9711 10585
9711 11378
9712 10344
9712 10643
9712 11254
9712 11268
9712 12015
9712 12345
9713 9901
9713 10206
9714 9715
9714 11376
9714 12043
9714 12264
9715 11376
9715 11822
9715 12043
9716 9993
9716 10787
9717 10001
9717 10167
9717 11507
9717 11537
9718 10415
9718 10909
9718 12297
9719 12155
9719 12606
9720 10021
9720 10392
9720 11782
9720 11869
9722 10863
9722 11066
9722 11068
9722 11082
9722 11152
9722 11200
9722 12313
9723 10012
9724 10689
9724 11503
9725 10292
9726 9802
9726 10026
9726 10589
9726 10700
9728 11204
9729 10214
9729 10225
9729 10269
9729 11104
9730 10441
9730 10466
9730 12017
9730 12058
9730 12497
9731 10052
9731 10412
9731 10769
9731 12096
9731 12442
9733 10013
9733 10786
9733 11608
9734 10899
9735 10869
9736 9995
9736 11869
9736 11943
9737 9861
9737 12422
9738 9796
9738 10295
9738 11626
9739 9892
9739 11086
9739 11212
9739 11442
9739 11956
9739 12288
9741 9759
9741 10549
9741 11212
9741 11749
9741 12269
9742 9828
9742 10765
9743 10660
9743 10691
9744 10158
9744 10671
9744 11487
9744 12315
9745 10716
9745 10810
9746 11518
9747 11743
9747 11833
9748 9753
9748 10000
9749 10278
9749 11249
9750 9990
9750 12242
9751 10718
9751 10843
9752 9758
9752 10385
9752 11208
9752 11644
9752 12335
9753 10000
9753 10471
9754 9998
9754 10420
9754 10642
9754 11849
9755 10038
9756 9790
9757 10773
9757 11545
9758 10405
9758 11162
9758 11208
9758 11644
9758 12335
9758 12385
9759 10015
9759 10276
9759 10416
9759 10417
9759 10467
9759 10523
9759 10549
9759 10550
9759 10619
9759 10672
9759 10885
9759 11212
9759 12486
9759 12509
9760 10565
9760 10804
9761 11783
9762 10730
9762 11279
9764 9811
9764 10079
9764 10823
9765 9997
9765 12360
9766 9898
9766 10098
9766 12240
9766 12343
9766 12429
9767 10472
9768 12370
9769 10744
9769 11479
9769 12205
9770 9948
9770 11713
9770 11858
9771 9955
9772 11768
9772 12223
9772 12683
9773 10264
9773 10364
9774 10037
9774 10088
9775 9900
9775 10160
9775 10648
9775 10915
9775 11284
9775 11546
9775 11560
9776 10216
9776 10239
9776 10294
9776 10722
9776 11359
9777 10391
9777 10625
9777 11112
9778 10802
9778 11666
9780 9781
9780 10308
9780 10433
9780 11202
9780 11307
9780 12320
9780 12490
9781 9930
9781 10308
9781 10968
9781 11077
9781 11173
9781 11202
9781 11307
9781 11352
9782 9856
9782 9942
9782 9943
9782 11496
9782 12338
9783 9969
9783 10243
9783 11092
9783 11324
9783 11392
9783 11469
9783 12007
9783 12413
9783 12529
9784 9917
9784 10594
9784 10692
9784 12251
9784 12267
9785 10302
9785 10719
9785 11569
9785 11686
9786 9910
9786 10573
9786 11035
9786 11437
9786 12172
9786 12491
9787 9964
9787 10317
9787 11376
9787 11482
9787 11981
9787 12264
9787 12495
9788 10122
9788 10621
9788 11349
9788 11354
9789 10045
9789 10281
9789 10438
9789 11325
9789 11387
9789 11453
9789 12298
9789 12624
9790 10474
9790 11621
9791 10438
9791 10548
9791 10876
9791 11084
9791 11325
9791 11331
9791 11366
9791 11429
9792 10433
9792 11085
9792 11088
9792 11091
9792 11202
9792 11307
9792 11373
9792 11530
9792 11723
9792 12490
9793 9800
9793 10028
9793 10270
9793 11744
9794 10487
9795 9796
9795 9901
9795 10097
9795 10295
9795 11891
9795 12014
9796 9901
9796 10097
9796 10206
9796 10295
9797 11205
9798 9799
9798 12239
9799 12239
9800 10270
9801 10867
9801 11082
9801 11089
9801 11101
9801 11200
9801 12303
9803 9831
9803 10151
9803 10499
9803 11418
9803 11475
9803 11562
9803 12382
9803 12609
9804 12332
9806 10394
9806 11065
9807 10085
9807 11710
9808 10096
9808 10569
9808 10830
9808 11053
9808 11518
9809 9975
9809 10402
9810 12398
9811 10079
9811 10560
9811 12219
9813 10057
9813 10413
9813 11039
9814 10131
9814 10620
9814 11031
9814 11769
9815 10277
9815 10821
9815 11614
9815 12464
9816 11171
9816 11378
9816 12146
9816 12496
9817 10099
9817 10309
9817 10560
9817 10707
9818 10010
9818 10524
9818 10965
9818 12631
9819 11266
9820 10920
9820 12572
9821 12218
9821 12268
9822 11389
9823 9886
9823 9895
9823 9928
9823 11379
9824 9849
9824 10283
9825 10310
9825 10698
9825 10723
9825 10802
9825 11567
9825 11568
9825 12209
9825 12218
9826 9850
9826 9985
9826 11556
9826 11659
9827 10305
9827 10766
9827 11216
9827 11536
9828 10765
9829 9885
9829 10277
9829 10821
9830 10077
9830 10273
9830 11227
9830 11317
9830 12105
9830 12659
9831 10151
9831 10499
9832 9941
9832 10715
9833 12561
9835 9960
9835 10244
9835 10302
9835 11801
9835 11811
9835 11840
9835 12266
9836 10224
9836 10471
9836 11345
9837 10015
9837 10619
9837 10857
9837 11466
9837 12227
9838 11003
9839 10128
9839 10667
9839 10717
9840 9919
9840 10864
9840 11003
9840 11121
9840 11198
9840 12291
9841 10335
9841 11508
9842 9854
9842 10401
9842 10865
9842 10868
9842 11341
9842 11638
9843 10414
9843 11723
9843 11864
9844 10690
9845 9931
9845 10090
9845 10121
9845 12292
9846 10688
9846 10736
9846 10849
9846 11199
9846 11427
9846 12233
9846 12426
9847 10149
9847 10721
9848 10510
9848 10547
9848 12134
9848 12629
9849 10115
9849 10283
9849 11868
9850 9985
9850 10065
9850 10387
9850 11593
9850 11632
9851 10194
9851 10434
9851 10958
9851 11330
9851 11454
9851 11722
9852 10340
9852 11877
9852 11968
9852 11980
9852 12055
9852 12265
9852 12317
9852 12548
9853 10891
9853 11088
9853 11091
9853 11357
9853 11723
9853 11809
9854 9996
9854 10865
9854 10931
9854 11374
9854 11383
9854 11468
9854 11821
9854 12301
9855 11174
9855 11351
9855 11507
9855 11537
9855 12321
9855 12499
9856 9942
9856 10071
9856 11428
9856 11496
9856 11702
9856 11703
9856 11719
9856 11787
9856 12338
9856 12534
9857 11037
9857 11038
9857 11113
9857 11882
9857 11951
9857 12544
9858 10754
9858 11794
9858 12281
9859 10432
9859 10640
9859 11203
9859 11320
9859 11380
9859 11413
9859 12140
9859 12533
9859 12546
9859 12623
9859 12625
9860 9871
9860 10591
9860 10910
9860 11748
9860 12064
9860 12312
9861 11856
9861 12184
9862 9872
9862 10468
9862 10512
9862 10928
9862 11781
9863 10306
9863 10357
9863 10358
9863 11953
9863 11954
9863 11997
9863 12434
9863 12482
9864 10748
9864 10793
9865 9944
9865 11134
9865 11305
9865 11324
9865 12316
9865 12324
9865 12411
9865 12638
9865 12668
9866 10517
9866 12526
9866 12635
9867 10306
9867 10358
9867 10708
9867 10971
9867 11444
9867 11449
9867 12434
9868 10203
9868 12651
9869 10929
9869 10970
9869 11308
9869 11714
9869 12488
9869 12631
9870 10159
9870 10791
9870 10932
9870 11942
9870 11962
9870 12235
9871 10104
9871 11748
9871 12064
9871 12312
9872 10468
9872 10512
9872 10928
9872 11063
9873 10054
9873 11257
9873 11395
9873 11510
9873 11630
9873 11894
9875 10923
9875 11401
9875 11792
9875 11831
9875 11872
9876 9914
9876 9933
9876 10796
9877 10140
9877 10257
9877 10820
9877 11940
9878 10324
9878 10641
9878 11260
9878 11310
9878 11817
9878 12467
9878 12503
9879 10193
9879 10486
9879 12278
9881 11187
9881 11439
9882 10872
9882 10883
9882 10887
9882 10888
9882 10940
9882 11143
9882 11309
9882 11375
9882 11446
9882 11709
9882 12633
9884 11579
9885 10327
9885 10343
9885 11708
9886 10165
9886 12112
9887 10183
9887 10811
9888 10291
9888 11692
9888 11815
9888 11991
9889 10250
9889 10337
9889 10932
9889 11879
9889 11901
9889 12557
9890 10370
9890 10767
9890 10825
9890 11269
9890 11948
9890 12646
9891 9950
9891 10479
9891 10924
9891 10948
9891 10950
9891 11705
9891 11973
9891 11998
9891 12507
9892 10467
9892 10954
9892 11212
9892 11442
9892 11443
9892 11956
9892 12288
9893 9944
9893 10145
9893 10208
9893 10845
9893 10884
9893 11161
9893 11324
9893 11342
9893 11554
9894 10404
9894 10647
9894 11015
9895 9928
9895 10313
9895 11379
9895 12040
9895 12112
9895 12505
9896 11408
9896 11779
9896 12358
9896 12613
9896 12675
9898 10098
9898 12274
9899 10119
9899 11777
9900 10274
9900 10379
9900 10915
9900 11284
9900 11560
9900 12231
9901 10097
9901 10206
9902 9903
9902 10938
9902 11300
9902 12503
9903 10938
9903 11300
9904 10488
9904 10589
9904 11018
9904 11019
9904 12463
9905 10216
9905 10239
9905 11359
9905 12280
9906 10530
9906 11859
9907 10490
9907 10578
9907 11321
9907 11455
9907 12543
9908 10347
9908 10439
9908 10462
9908 10465
9909 11572
9909 12262
9910 10458
9910 11035
9910 11437
9910 12172
9911 10717
9911 10731
9911 11145
9911 11548
9911 11721
9912 10517
9912 10986
9912 11831
9912 12545
9913 11441
9914 9933
9914 10657
9914 10796
9915 10158
9916 9955
9916 10521
9916 10650
9916 12294
9917 11278
9917 11833
9917 12314
9918 9966
9918 10234
9918 10254
9918 10348
9918 10846
9918 11718
9918 12279
9918 12330
9919 10864
9919 11121
9919 11198
9919 11424
9919 12260
9919 12291
9919 12414
9920 10866
9920 10977
9920 11119
9920 11166
9920 11170
9920 12399
9921 11200
9921 12394
9922 10411
9922 11129
9922 11230
9923 11197
9923 11287
9924 11298
9924 12381
9924 12394
9925 10617
9926 10086
9927 9941
9927 10588
9927 10966
9927 11187
9927 11356
9927 11439
9927 11445
9928 11379
9928 12112
9929 9931
9929 9964
9929 10094
9929 10495
9929 11315
9929 11482
9930 10939
9930 10968
9930 11173
9930 11202
9930 11352
9931 10094
9931 10121
9931 10464
9931 10495
9931 10614
9931 11432
9931 11482
9931 11981
9931 12063
9931 12494
9932 10180
9932 10436
9932 10554
9932 11180
9932 11296
9932 11306
9932 11332
9932 11334
9932 11377
9932 11426
9932 11699
9933 11806
9934 10300
9934 10702
9934 11610
9934 11633
9934 12078
9934 12261
9934 12276
9935 10154
9935 10728
9935 10738
9935 10993
9937 10035
9937 10395
9937 11135
9937 11471
9937 11665
9937 12481
9937 12664
9938 10788
9938 11008
9938 11485
9939 10774
9940 10640
9940 11203
9940 11303
9940 11380
9940 11808
9940 12533
9941 10518
9941 10715
9941 11187
9941 11301
9941 11356
9941 11439
9941 11445
9941 11470
9941 11664
9941 12519
9942 9943
9942 11428
9942 11496
9942 11703
9942 12338
9943 11428
9943 11496
9943 12338
9943 12510
9944 10208
9944 11134
9944 11324
9944 11342
9944 11554
9944 12324
9944 12380
9945 11092
9945 11161
9945 11324
9945 11342
9945 11469
9945 11553
9946 11194
9946 11196
9946 12203
9946 12380
9947 11612
9947 11804
9948 10109
9948 10728
9948 10751
9948 11713
9949 10211
9950 10924
9950 11214
9950 11705
9951 10687
9951 11231
9951 12362
9952 10171
9952 10190
9952 11822
9952 11874
9952 11981
9952 12494
9952 12495
9953 10087
9953 10393
9953 10534
9954 10704
9956 10047
9956 10295
9957 10431
9957 10877
9957 11399
9957 11586
9958 10970
9958 10983
9958 11171
9958 11308
9958 12133
9958 12496
9959 10463
9959 10522
9959 11492
9959 12542
9960 10244
9960 11061
9960 11801
9960 12266
9960 12596
9961 9987
9961 10829
9961 12256
9962 10131
9963 12057
9964 10053
9964 10317
9964 10495
9964 10690
9964 11315
9964 11482
9964 12264
9965 10093
9965 11701
9966 10234
9966 10254
9966 10348
9966 10846
9966 11718
9966 12279
9967 11117
9967 11290
9967 11845
9968 10032
9968 10116
9969 10243
9969 11207
9969 11392
9970 10421
9972 10332
9972 10675
9972 11743
9974 10314
9974 12310
9974 12570
9975 10006
9975 10108
9975 12378
9975 12478
9976 10057
9976 10319
9976 10446
9976 10658
9976 11504
9976 11642
9977 11058
9977 11667
9978 10675
9978 10996
9978 10998
9978 12336
9979 10412
9979 11707
9979 11721
9979 12096
9979 12442
9980 10181
9980 12395
9981 10105
9981 10166
9981 10500
9981 10503
9981 10557
9981 11515
9981 11699
9982 11578
9983 10694
9983 12077
9984 10806
9984 11616
9984 11919
9984 12246
9985 10387
9985 10422
9985 12124
9986 10821
9986 11585
9986 11623
9986 11778
9986 12051
9986 12118
9986 12553
9987 10507
9988 10286
9988 11502
9989 11243
9989 11739
9990 12242
9991 10728
9992 10830
9992 11053
9993 10787
9993 11000
9995 10694
9995 11233
9995 11943
9995 12071
9997 11524
9997 11772
9998 10120
9998 11695
9998 11849
9999 11563
9999 11565
9999 12069
9999 12368
9999 12555
10001 10167
10001 11537
10003 11009
10003 11496
10005 10247
10005 10263
10005 11546
10005 11698
10006 12378
10007 12306
10008 10341
10008 10829
10008 11526
10008 12256
10009 10128
10009 11519
10009 12536
10010 10394
10010 10524
10010 10965
10011 10189
10013 10141
10013 10564
10013 10786
10013 11609
10013 12445
10014 10068
10014 10725
10015 10523
10015 10619
10015 10857
10015 10868
10015 11341
10015 12227
10015 12486
10016 10904
10017 10143
10017 11559
10017 12211
10018 11326
10018 11340
10018 11514
10018 11675
10018 12008
10019 10598
10019 10618
10020 10569
10021 10264
10021 10364
10021 10392
10021 11782
10021 11869
10022 10071
10022 10103
10022 10157
10022 10552
10022 10858
10022 10961
10022 11719
10023 10078
10023 10562
10024 10572
10024 11235
10024 12218
10024 12430
10024 12648
10025 11118
10025 12594
10026 10575
10026 10700
10026 11691
10026 11898
10027 10296
10027 11929
10027 11930
10027 12216
10027 12245
10028 10469
10029 10597
10029 10739
10029 11094
10029 12401
10030 10660
10031 10896
10032 10116
10032 10773
10033 11527
10035 10735
10035 11471
10035 11665
10035 12664
10036 10993
10036 11713
10037 10088
10038 11011
10038 11053
10038 12225
10039 12353
10039 12612
10040 12618
10040 12684
10041 10058
10041 11001
10042 11044
10042 11624
10042 11628
10042 11683
10042 12232
10042 12241
10043 10301
10043 11182
10043 12678
10044 10429
10044 10486
10044 10753
10044 11900
10044 11939
10044 12046
10044 12253
10044 12339
10044 12650
10045 10438
10045 11325
10045 11453
10046 10164
10047 10681
10047 10897
10047 10914
10047 10919
10047 11851
10047 11891
10048 10396
10048 11725
10048 11931
10049 10400
10049 10593
10049 10978
10049 12100
10049 12107
10050 10201
10052 10338
10052 10769
10052 10902
10053 10171
10053 11822
10054 10068
10054 10657
10054 10725
10054 10796
10054 11257
10054 11510
10055 12212
10055 12350
10056 10604
10056 11776
10057 11039
10057 11688
10058 10060
10058 11073
10058 11912
10059 10653
10059 11544
10060 11073
10061 11729
10063 10066
10063 10137
10063 12039
10063 12057
10064 10147
10064 11792
10065 10359
10065 10935
10065 10997
10065 11593
10066 12039
10067 11829
10067 12328
10068 10657
10068 10725
10068 10796
10069 10362
10069 10680
10069 11910
10069 11978
10069 12025
10069 12086
10070 10207
10070 10293
10070 10673
10071 10157
10071 10290
10071 10552
10071 11719
10071 11787
10071 12504
10072 10401
10072 10721
10073 10389
10073 11051
10074 10252
10074 11587
10074 11694
10074 12453
10074 12474
10075 10497
10075 10538
10075 11175
10075 11323
10075 11333
10075 11349
10075 11354
10075 12011
10076 10194
10076 10958
10076 11340
10077 11317
10077 11629
10077 12341
10078 12572
10079 10823
10079 12219
10080 10626
10080 10800
10080 12560
10081 11698
10081 12231
10082 11551
10083 10215
10083 10780
10083 10841
10083 11210
10083 11983
10084 10722
10084 11684
10085 10743
10085 11668
10085 11710
10087 12193
10087 12270
10089 10609
10089 10921
10089 11273
10089 11487
10090 10817
10090 12292
10091 10477
10091 10608
10091 10820
10091 11942
10092 10433
10092 11373
10092 11530
10092 11750
10092 12252
10092 12490
10093 10613
10093 11701
10094 10121
10094 10495
10095 10268
10095 10279
10095 10631
10095 11583
10095 12485
10096 10483
10096 11053
10096 11745
10097 10206
10097 10216
10097 10719
10098 10405
10098 11289
10098 11575
10099 10118
10099 10309
10099 10707
10099 10752
10099 11012
10100 10659
10100 10755
10100 11013
10100 12216
10101 10108
10101 10726
10101 11078
10101 11516
10102 10134
10102 11830
10103 10598
10103 11520
10104 10591
10104 12312
10105 10166
10105 10503
10105 10557
10105 11699
10105 12457
10106 10297
10106 10369
10106 10706
10106 10725
10106 10756
10109 10993
10109 11713
10110 10311
10110 10377
10110 11306
10111 11358
10111 11514
10112 11004
10113 10215
10113 10505
10113 10531
10113 10780
10113 12504
10114 10132
10114 11024
10114 11029
10114 11198
10114 11753
10115 11745
10115 11868
10115 12479
10116 10773
10116 11852
10117 10287
10117 11057
10117 12560
10118 10752
10118 11012
10119 12454
10120 10258
10120 11706
10122 10621
10122 11335
10122 11349
10122 11436
10122 12515
10123 10236
10123 10238
10124 11113
10125 11273
10126 10473
10127 10217
10127 12510
10128 10667
10128 11018
10128 12463
10128 12536
10129 10335
10129 11634
10130 11059
10130 11478
10130 11594
10130 12255
10130 12526
10132 11753
10133 11784
10133 11789
10133 12135
10134 10856
10134 12390
10135 11596
10135 12421
10136 11137
10136 12322
10136 12661
10136 12663
10137 11988
10137 12039
10137 12235
10138 10538
10138 11175
10138 11748
10139 11747
10139 11866
10140 10235
10140 10257
10140 11940
10141 10564
10141 12445
10142 10720
10142 12079
10144 10656
10145 10208
10145 10845
10146 10442
10146 10447
10146 11248
10146 12236
10147 11972
10147 11995
10147 11999
10147 12037
10147 12094
10147 12545
10148 10261
10148 10409
10148 10757
10148 10777
10148 11112
10149 10721
10150 10271
10150 10776
10151 10499
10151 11475
10152 10790
10152 10925
10152 11523
10154 10738
10154 11110
10154 11223
10156 10419
10156 10580
10156 11259
10156 11272
10156 11484
10156 11826
10156 12571
10157 10505
10157 10552
10157 10961
10157 11336
10157 11428
10157 11719
10157 12534
10158 11271
10159 11942
10159 12091
10159 12235
10160 10399
10160 10648
10160 11284
10160 11546
10161 10333
10161 10999
10161 11102
10161 11109
10161 12665
10162 11075
10163 10837
10164 11104
10165 11751
10165 11803
10165 12112
10166 10503
10166 11515
10166 11699
10166 12072
10167 11537
10168 11541
10168 11564
10168 11752
10168 11852
10168 12342
10168 12440
10169 10238
10169 10696
10169 11223
10169 11618
10170 10686
10171 10173
10171 10190
10171 12292
10171 12437
10172 10456
10172 11731
10173 10190
10173 11822
10176 11838
10176 12226
10177 10178
10178 12673
10179 10360
10179 12592
10180 10311
10180 10425
10180 10554
10180 11281
10180 11306
10180 11332
10181 11184
10181 11463
10181 12395
10181 12420
10182 11623
10182 11774
10182 12074
10182 12611
10183 10811
10183 10973
10183 11252
10184 11013
10184 11489
10185 10253
10185 10298
10185 12359
10186 10400
10186 11898
10186 12139
10187 10598
10187 11015
10187 12662
10188 10824
10188 11611
10189 11518
10190 11822
10191 10848
10191 10893
10191 11409
10191 11423
10192 10229
10192 10951
10192 11186
10192 11187
10192 11241
10192 11301
10192 11439
10192 11636
10192 11793
10192 11952
10192 12049
10193 10486
10193 10753
10193 12046
10193 12278
10193 12339
10194 10434
10194 10958
10194 11201
10194 11340
10194 11454
10194 11722
10194 12008
10194 12433
10195 10430
10195 10435
10195 11828
10195 12150
10196 10490
10196 10949
10196 11486
10196 11663
10196 11697
10196 11835
10196 12318
10197 11216
10197 11536
10198 10490
10198 10537
10198 10599
10198 10910
10198 11819
10198 12489
10198 12513
10198 12543
10199 10963
10199 11472
10199 11717
10199 11749
10199 12149
10200 10482
10200 10514
10200 10542
10200 11201
10200 11311
10200 11337
10200 11364
10200 12136
10200 12482
10200 12522
10200 12630
10200 12669
10201 10613
10201 12053
10201 12057
10201 12630
10201 12669
10202 11257
10202 12199
10202 12440
10202 12590
10203 11604
10204 11020
10204 12226
10205 10414
10208 11342
10209 10488
10209 12076
10210 10220
10210 10697
10210 11535
10211 10398
10211 10979
10211 11649
10212 10627
10212 11346
10213 10839
10213 10841
10213 10847
10213 10967
10213 10985
10213 11059
10213 11080
10213 11160
10213 11415
10213 11478
10213 11606
10213 12001
10213 12498
10214 10225
10214 10785
10214 10846
10214 11104
10215 10318
10215 10531
10215 11983
10216 10239
10216 11359
10217 10321
10217 10603
10217 10874
10217 11447
10217 11570
10217 11716
10217 12510
10218 10773
10218 11487
10218 11786
10219 10323
10219 11819
10219 12513
10220 10563
10220 10620
10220 10990
10220 11535
10221 10235
10221 10629
10221 11817
10222 10580
10222 11826
10222 12217
10222 12460
10224 10808
10224 11706
10225 10846
10225 11104
10226 11613
10226 11785
10226 12073
10226 12224
10227 10332
10227 10334
10228 10266
10228 12455
10229 10253
10229 11793
10229 11859
10230 10338
10230 10400
10230 11898
10232 10272
10232 10645
10232 10677
10233 11545
10233 11963
10233 12374
10234 10241
10234 10375
10234 10846
10234 12279
10235 10257
10235 10975
10236 10238
10236 10696
10238 10696
10239 11359
10240 10371
10240 10824
10241 10663
10241 12279
10242 10246
10242 11620
10242 11990
10243 11392
10243 11529
10243 12410
10243 12413
10244 10711
10244 11061
10244 11801
10244 11811
10244 12371
10244 12596
10245 10510
10245 10547
10245 11043
10245 12134
10246 10916
10246 11292
10246 11293
10246 11620
10247 10762
10247 11505
10247 11698
10249 10778
10249 11795
10250 10337
10250 10975
10250 11317
10250 12341
10250 12451
10251 11397
10251 11497
10251 11613
10252 10379
10252 10485
10252 10768
10252 10915
10252 11284
10252 11587
10252 11694
10252 12453
10252 12474
10253 10530
10253 11793
10253 11859
10253 12359
10254 10348
10254 10846
10254 11718
10255 10303
10256 10476
10256 11186
10256 11793
10257 11940
10258 10366
10258 10808
10259 10827
10261 10409
10263 10289
10263 10291
10264 10364
10264 10392
10265 11542
10266 10809
10266 12455
10267 10766
10268 10279
10268 10645
10269 11042
10272 10677
10273 11317
10273 11405
10273 11901
10273 12451
10273 12557
10274 10819
10274 12231
10276 10416
10276 10805
10276 10809
10277 11614
10278 10697
10278 11249
10278 11824
10279 10645
10279 11583
10279 12457
10280 10937
10281 11387
10281 12298
10281 12409
10281 12624
10282 10930
10282 10980
10282 11335
10282 12309
10283 11216
10283 11611
10283 11741
10285 10587
10285 10822
10285 11056
10286 11386
10286 11502
10287 10402
10289 10399
10289 11799
10290 11039
10290 11787
10290 12504
10291 11815
10291 12466
10291 12473
10292 10832
10292 12279
10293 10862
10293 10943
10293 11070
10293 11087
10293 12502
10294 10722
10294 11359
10294 11670
10295 11626
10296 11602
10296 12216
10296 12245
10296 12556
10297 10725
10297 12590
10298 12125
10298 12326
10298 12359
10299 11205
10299 11521
10300 10484
10300 10702
10300 11071
10300 11382
10300 11610
10300 11633
10300 12078
10301 10426
10301 10822
10301 12425
10302 11569
10302 11686
10302 11840
10303 10317
10303 10410
10303 10515
10303 11619
10304 10430
10304 11828
10304 12109
10305 10897
10305 11034
10305 11216
10305 11745
10306 11953
10306 12434
10306 12624
10307 11240
10307 11758
10308 10356
10308 10433
10308 10525
10308 10714
10308 11077
10308 11173
10308 11307
10308 11348
10308 11352
10308 12050
10308 12299
10308 12302
10308 12320
10308 12490
10309 10707
10310 10509
10310 10723
10311 10377
10311 11281
10311 11306
10312 10479
10312 10497
10312 10760
10312 10952
10312 11183
10312 11214
10312 12011
10313 10544
10313 11861
10313 12031
10313 12040
10313 12505
10314 10724
10314 11246
10314 12543
10315 10923
10315 11401
10315 12185
10316 10536
10316 11023
10316 11148
10316 11201
10316 11355
10316 11364
10316 11454
10316 12433
10317 10515
10317 11315
10317 11376
10317 11482
10317 11700
10317 12006
10317 12264
10318 10531
10318 10953
10318 11156
10318 11295
10318 11983
10319 10446
10319 10658
10319 11433
10319 11504
10319 11715
10319 11823
10320 10340
10320 11319
10320 11492
10320 11980
10320 12055
10321 10603
10321 10874
10321 10976
10321 11447
10321 11570
10321 11638
10321 11716
10321 12383
10322 10451
10322 12031
10322 12143
10322 12321
10323 10453
10323 10599
10323 11980
10323 12317
10323 12513
10323 12548
10324 10938
10324 11229
10324 11260
10324 11817
10324 12468
10325 12309
10326 11586
10326 11619
10326 12252
10327 10343
10327 11827
10327 12116
10327 12200
10327 12469
10328 11485
10329 10395
10329 11758
10330 11901
10330 11966
10330 12106
10331 11593
10331 11896
10331 11918
10331 12099
10331 12124
10331 12193
10332 10334
10332 11598
10333 10999
10333 11314
10333 11845
10333 12219
10335 11508
10336 11203
10336 11320
10336 12140
10337 10975
10337 11879
10337 12557
10337 12639
10338 10400
10338 11898
10339 10380
10339 10817
10339 11489
10339 11791
10339 12126
10339 12551
10340 10651
10340 12055
10341 10581
10341 10829
10341 11225
10341 12256
10342 10729
10343 11708
10343 11967
10343 12448
10343 12469
10343 12524
10344 11254
10344 11268
10344 11969
10344 12015
10344 12034
10344 12043
10344 12102
10344 12154
10344 12345
10344 12506
10344 12547
10344 12643
10345 10352
10345 10585
10345 11378
10345 11875
10345 12019
10345 12056
10345 12156
10345 12162
10346 10573
10346 11860
10346 12023
10346 12041
10346 12063
10346 12491
10347 10439
10347 11637
10347 11876
10347 11964
10347 11989
10347 12019
10347 12156
10347 12508
10347 12539
10348 10612
10348 11893
10348 12085
10348 12330
10349 10366
10349 10487
10349 10592
10349 10632
10349 12329
10350 11549
10350 11911
10350 12033
10350 12054
10350 12544
10350 12637
10351 10374
10351 11253
10351 11263
10351 11970
10351 12018
10351 12038
10351 12059
10351 12189
10352 10585
10352 11875
10352 11964
10352 12019
10352 12056
10353 10474
10353 10483
10353 11034
10353 11671
10353 11745
10354 11316
10354 11400
10354 12485
10354 12538
10355 11887
10355 11950
10355 11974
10355 12034
10355 12186
10355 12547
10356 10423
10356 10525
10356 11077
10356 11173
10356 11348
10356 11352
10356 11820
10356 12299
10356 12302
10356 12632
10357 10358
10357 10561
10357 10775
10357 12137
10358 10561
10358 10909
10358 10971
10358 11337
10358 11355
10358 11997
10358 12137
10358 12141
10358 12297
10358 12434
10359 10935
10359 10997
10359 11042
10359 11046
10359 11773
10360 11871
10360 11873
10360 11890
10360 12020
10360 12649
10360 12670
10361 12044
10361 12459
10362 10680
10362 11877
10362 11910
10362 11968
10362 11978
10362 12025
10362 12055
10363 11889
10363 12573
10364 10392
10364 11782
10366 10487
10366 10632
10366 10808
10366 12376
10367 10423
10367 10492
10367 10525
10367 10795
10367 11820
10367 11947
10367 12015
10367 12299
10367 12521
10368 11021
10368 11897
10369 11692
10369 11991
10369 12095
10370 10825
10370 11590
10370 12646
10371 10447
10371 11704
10371 12154
10372 10905
10372 10984
10372 11312
10372 11994
10372 12300
10373 11149
10373 11391
10374 11253
10374 11263
10374 12059
10374 12189
10375 10846
10375 11048
10375 11220
10375 11659
10376 11111
10376 11764
10377 11281
10377 11306
10377 11412
10378 11054
10378 11439
10378 12145
10378 12296
10378 12627
10379 10485
10379 10768
10379 10915
10380 10755
10380 10831
10380 11489
10381 10988
10382 11157
10382 11676
10382 12289
10383 11253
10383 11263
10383 11358
10383 11884
10383 12059
10383 12147
10383 12189
10383 12514
10384 11481
10384 11616
10384 11888
10384 12027
10384 12066
10385 10405
10385 11208
10386 11241
10386 12030
10386 12173
10386 12531
10387 10596
10387 11724
10388 10420
10389 11005
10389 11129
10389 11230
10389 12392
10389 12682
10390 10974
10390 11922
10390 12119
10390 12194
10390 12293
10390 12575
10391 11112
10392 11782
10393 10997
10393 11046
10394 11065
10394 11597
10394 12460
10394 12602
10395 12481
10396 11725
10396 11902
10396 11931
10396 12092
10396 12341
10398 11649
10399 11546
10399 11799
10400 11898
10400 12100
10400 12107
10400 12139
10400 12166
10401 10603
10401 11638
10402 10646
10402 11057
10403 12287
10404 11015
10404 11551
10405 11575
10405 11644
10406 10737
10406 11067
10406 12201
10407 11422
10407 11499
10408 11393
10409 10757
10410 10515
10410 11619
10410 12252
10412 12442
10414 11864
10415 10482
10415 10546
10415 10634
10415 10635
10415 10909
10415 11337
10415 12136
10415 12141
10415 12297
10416 10672
10417 10550
10417 10963
10417 11442
10417 11717
10417 12288
10417 12509
10418 12532
10419 12464
10420 10421
10420 10642
10420 11757
10420 11849
10421 10642
10422 11556
10423 10525
10423 11348
10423 11820
10423 11947
10423 12050
10423 12138
10423 12299
10423 12302
10424 10452
10424 10454
10424 10465
10424 10548
10424 10983
10424 11172
10424 11331
10424 11365
10424 12409
10425 11306
10425 11384
10427 11405
10427 11643
10427 11827
10427 11879
10427 11901
10427 12451
10427 12553
10427 12557
10427 12574
10427 12583
10427 12639
10428 10628
10428 11049
10428 11297
10428 11398
10429 10437
10429 10753
10429 11557
10429 11853
10429 11900
10429 12253
10429 12428
10429 12443
10429 12650
10430 10842
10430 11828
10430 12109
10430 12605
10431 11586
10432 10640
10432 11203
10432 11380
10432 12140
10433 11202
10433 11224
10433 11307
10433 12252
10433 12320
10433 12490
10434 10958
10434 10959
10434 11330
10434 11454
10434 11722
10435 12150
10436 11180
10436 11296
10436 11332
10436 11377
10437 11853
10437 11900
10437 12253
10437 12428
10437 12441
10437 12443
10438 10876
10438 11325
10438 11331
10438 11429
10438 11453
10438 12409
10438 12624
10439 10462
10439 10465
10439 11456
10439 11984
10439 11989
10439 12144
10439 12257
10439 12539
10440 10930
10440 10955
10440 10980
10440 11335
10440 11373
10440 11450
10440 12507
10441 10466
10441 12004
10441 12017
10441 12058
10441 12148
10441 12497
10442 11248
10442 11700
10442 11947
10442 11969
10442 12006
10442 12138
10442 12506
10442 12521
10443 11403
10443 12025
10443 12142
10443 12265
10443 12317
10443 12548
10444 10633
10444 11383
10444 12523
10445 10449
10445 10480
10445 10520
10445 11054
10445 11356
10445 12049
10445 12627
10446 10448
10446 10658
10446 10987
10446 11338
10446 11350
10446 11372
10446 11433
10446 11823
10446 12017
10446 12195
10446 12635
10447 11704
10447 11862
10447 11969
10447 12154
10447 12236
10447 12643
10448 11188
10448 11372
10448 11945
10448 11996
10448 12195
10448 12456
10448 12635
10449 10480
10449 10520
10449 10951
10449 12049
10449 12296
10449 12492
10449 12627
10450 10799
10450 11883
10450 11923
10450 12171
10450 12188
10451 11306
10451 11412
10451 12031
10451 12143
10451 12321
10451 12435
10451 12499
10452 10454
10452 10465
10452 10475
10452 10983
10452 11172
10452 11365
10453 10599
10453 10622
10453 10651
10453 10724
10453 11980
10453 12513
10453 12542
10454 10462
10454 10465
10454 11172
10454 11365
10454 11456
10454 11958
10454 12409
10454 12483
10455 10865
10455 11570
10455 11638
10455 11716
10455 12383
10456 10480
10456 10520
10456 11985
10456 12492
10456 12666
10458 10481
10458 10616
10458 11035
10458 11437
10458 11679
10458 11955
10458 12172
10458 12174
10459 10612
10459 10991
10459 11907
10459 12085
10459 12330
10460 10464
10460 10614
10460 11955
10460 12515
10460 12516
10460 12636
10461 10542
10461 11311
10461 11364
10461 11761
10461 11982
10461 12147
10461 12433
10461 12522
10462 10465
10462 11456
10462 11958
10462 12144
10463 10501
10463 10504
10463 10522
10463 11320
10463 11353
10463 11370
10463 12628
10464 10495
10464 10541
10464 10614
10464 11432
10464 11437
10464 11482
10464 12063
10464 12494
10464 12515
10464 12636
10465 10475
10465 10513
10465 11365
10465 11456
10465 12483
10465 12539
10466 10981
10466 12004
10466 12017
10466 12048
10466 12058
10467 10523
10467 10885
10467 10954
10467 11212
10467 11443
10467 11956
10467 12288
10467 12509
10468 10512
10468 11063
10468 11359
10469 10768
10469 12250
10470 10590
10470 10769
10470 11249
10470 11285
10470 11726
10470 12208
10471 10618
10472 12329
10473 10989
10473 12254
10474 10483
10475 10513
10475 10983
10475 11171
10475 11308
10475 11365
10475 12483
10476 10480
10476 10520
10476 11186
10476 11241
10476 11952
10476 11985
10476 12030
10476 12049
10476 12512
10476 12540
10476 12666
10477 10820
10477 11605
10477 11913
10477 11921
10477 12012
10477 12029
10477 12036
10477 12168
10478 10515
10478 10541
10478 11315
10478 12309
10478 12490
10478 12636
10479 10870
10479 10950
10479 10952
10479 11214
10479 11705
10479 11973
10479 12011
10479 12507
10480 10520
10480 10951
10480 11241
10480 11356
10480 11985
10480 12049
10480 12492
10480 12512
10480 12627
10480 12666
10481 10616
10481 11437
10481 11679
10481 11955
10481 12000
10481 12064
10481 12172
10481 12174
10481 12312
10481 12515
10481 12516
10482 10514
10482 10613
10482 10634
10482 10792
10482 11337
10482 12136
10482 12630
10483 11053
10483 11671
10484 10682
10484 11382
10484 11498
10485 10915
10485 11587
10485 12453
10485 12474
10486 10753
10486 12046
10486 12650
10486 12653
10486 12671
10487 10592
10487 10844
10488 10589
10488 10727
10488 12076
10489 11122
10489 11145
10490 10537
10490 11304
10490 11321
10490 11323
10490 11446
10490 11455
10490 12489
10490 12513
10490 12520
10490 12543
10490 12625
10491 10498
10491 11323
10491 11371
10491 11748
10491 12520
10492 10525
10492 10527
10492 10795
10492 11328
10492 11367
10492 11820
10492 11947
10492 12015
10492 12435
10492 12521
10492 12547
10492 12632
10493 10583
10493 10586
10493 10593
10493 10631
10493 11243
10493 11915
10493 11926
10493 11975
10493 12035
10493 12177
10494 10708
10494 10710
10494 10971
10494 11444
10494 11696
10494 11804
10495 10541
10495 11315
10495 11482
10495 11981
10495 12494
10496 10554
10496 10881
10496 11296
10496 11332
10496 11426
10496 11467
10497 10538
10497 10856
10497 10952
10497 10964
10497 11183
10497 11304
10497 11323
10497 11349
10497 11354
10497 12011
10497 12661
10498 10538
10498 11323
10498 11354
10498 11371
10498 11748
10498 12500
10499 11475
10500 10503
10500 10615
10500 11305
10500 11306
10500 11334
10500 11356
10500 11368
10500 11699
10500 11915
10500 11926
10500 12002
10500 12007
10500 12410
10500 12413
10500 12457
10500 12512
10500 12538
10500 12540
10500 12638
10501 10504
10501 10522
10501 11320
10501 11353
10502 10513
10502 10585
10502 11171
10502 11378
10502 12056
10502 12508
10502 12539
10503 10557
10503 10615
10503 11306
10503 11316
10503 11699
10503 12457
10503 12538
10504 10908
10504 11320
10504 11370
10504 12628
10505 10531
10505 10961
10505 11336
10505 11428
10505 11431
10505 11719
10505 12534
10506 10813
10507 12098
10508 11157
10508 11345
10508 11676
10508 12319
10508 12533
10509 10723
10510 10547
10510 11024
10510 12134
10511 10512
10511 10928
10511 11168
10511 11222
10511 11781
10512 10928
10512 11063
10512 11168
10512 11258
10512 11781
10513 11171
10513 11308
10513 11365
10513 11378
10513 11456
10513 12146
10513 12434
10513 12482
10513 12483
10513 12508
10513 12539
10514 10613
10514 10792
10514 11327
10514 11337
10514 11932
10514 11954
10514 11997
10514 12482
10514 12630
10514 12669
10515 10525
10515 10541
10515 11315
10515 11482
10515 11619
10515 11700
10515 12006
10515 12309
10515 12490
10515 12521
10516 10533
10516 10639
10516 10982
10516 11329
10516 11339
10516 12327
10516 12512
10516 12638
10517 10986
10517 11353
10517 11831
10517 11946
10517 12185
10517 12526
10517 12542
10517 12545
10517 12549
10517 12635
10518 11141
10518 11301
10518 11445
10518 11664
10518 12284
10518 12519
10519 10982
10519 11275
10519 11329
10519 12327
10519 12638
10520 11054
10520 11356
10520 11985
10520 12492
10520 12512
10520 12540
10520 12627
10520 12666
10521 10650
10521 11974
10521 12102
10521 12186
10521 12294
10521 12652
10522 11353
10522 11370
10522 12542
10522 12543
10522 12549
10522 12628
10523 10619
10523 10672
10523 10857
10523 10885
10523 11152
10523 11443
10523 11466
10523 12486
10523 12509
10524 10965
10524 11378
10524 11430
10524 11438
10524 12146
10524 12631
10525 10535
10525 11328
10525 11352
10525 11820
10525 11947
10525 12050
10525 12138
10525 12299
10525 12302
10525 12320
10525 12435
10525 12490
10525 12521
10525 12632
10526 12167
10526 12436
10527 10904
10527 11328
10527 11367
10527 12321
10527 12435
10527 12547
10528 10830
10528 11274
10528 12444
10529 10611
10529 11540
10529 12027
10529 12058
10529 12153
10529 12195
10530 11793
10530 11859
10531 11431
10531 11983
10532 10590
10532 10838
10532 11285
10532 11555
10532 11933
10532 12651
10533 10639
10533 11957
10533 12052
10533 12067
10533 12512
10535 12050
10535 12138
10535 12521
10536 10634
10536 11201
10536 11355
10536 11364
10536 11454
10536 12192
10537 10910
10537 11304
10537 11323
10537 11748
10537 12064
10537 12489
10537 12520
10538 11175
10538 11323
10538 11333
10538 11354
10538 11748
10538 12500
10539 10606
10539 11201
10539 11340
10539 11358
10539 11472
10539 12008
10539 12149
10540 10984
10540 11346
10540 11350
10540 11468
10540 12004
10540 12009
10540 12523
10540 12637
10541 11315
10541 11482
10541 12490
10541 12515
10541 12521
10541 12636
10542 11311
10542 11364
10542 11761
10542 11982
10542 12136
10542 12147
10542 12522
10542 12630
10542 12669
10543 10680
10543 12023
10543 12142
10543 12176
10544 11974
10544 12003
10544 12040
10544 12187
10544 12190
10544 12652
10545 11006
10545 12361
10546 12136
10547 10620
10547 12134
10548 11331
10549 10550
10549 11212
10549 11749
10550 10619
10550 10963
10551 11144
10551 11729
10551 11995
10552 11719
10553 11157
10553 11343
10553 11712
10553 11808
10554 11296
10554 11332
10557 12457
10558 11001
10559 10888
10559 11413
10559 11435
10561 10971
10561 11355
10561 11465
10561 12137
10561 12141
10563 10990
10563 11029
10563 11535
10563 11687
10564 11550
10564 11609
10564 12445
10565 10804
10565 11532
10566 10666
10567 12214
10567 12422
10568 11652
10568 11935
10569 10830
10569 11518
10569 12444
10570 11734
10571 11839
10572 11235
10572 12430
10572 12648
10572 12689
10572 12694
10573 11035
10573 12172
10573 12174
10573 12491
10574 11297
10574 12558
10575 10700
10575 11691
10575 11898
10576 11511
10576 12462
10577 10682
10577 11796
10577 12655
10579 11005
10579 11177
10579 11552
10580 11272
10580 11826
10581 10829
10581 11225
10581 11463
10583 10584
10583 10586
10583 10631
10583 11926
10583 11975
10583 12035
10583 12237
10584 10586
10584 10631
10584 11975
10584 12237
10585 11378
10585 12056
10586 10631
10586 11915
10586 11975
10586 12237
10587 10822
10587 11056
10588 11356
10589 10700
10589 10727
10589 11797
10589 12076
10589 12536
10590 10838
10590 11285
10590 11555
10590 11726
10590 11933
10590 12651
10591 10910
10591 11538
10592 10632
10592 12329
10593 10978
10593 11739
10593 12035
10593 12100
10593 12139
10593 12177
10594 10692
10594 10998
10596 11724
10596 12094
10596 12530
10599 10622
10599 10724
10599 11246
10599 12513
10600 11531
10600 11670
10601 12060
10601 12088
10602 10625
10602 11406
10602 11640
10603 10757
10603 11570
10603 11638
10604 10771
10604 11776
10604 12357
10605 11658
10605 12061
10605 12158
10605 12641
10606 12149
10607 10925
10608 11502
10609 10921
10609 11273
10609 11616
10609 11888
10609 11895
10609 12582
10610 12243
10610 12550
10611 10987
10611 11481
10611 12017
10611 12027
10611 12048
10611 12058
10611 12066
10611 12108
10611 12195
10612 10991
10612 11893
10612 11907
10612 12085
10612 12330
10613 11327
10613 11701
10613 11892
10613 11932
10613 11954
10613 11965
10613 12053
10613 12482
10613 12630
10613 12669
10614 11432
10614 11437
10614 11955
10614 12494
10614 12515
10614 12516
10615 10840
10615 11306
10615 11316
10615 11379
10615 11381
10615 11384
10615 11400
10615 11699
10615 12143
10615 12485
10615 12505
10615 12538
10616 11679
10616 12000
10616 12172
10616 12174
10617 10769
10617 11726
10617 12096
10618 12376
10619 10672
10619 10857
10619 11466
10619 12227
10619 12486
10621 11349
10621 11354
10621 11434
10621 11436
10621 12515
10622 10651
10622 10724
10622 11980
10622 12542
10623 10624
10624 11062
10624 11884
10625 11112
10625 11406
10626 10800
10626 12250
10627 10865
10627 10931
10627 11346
10627 11374
10627 11447
10627 11468
10627 12383
10628 11049
10628 11297
10628 11398
10629 10938
10629 11229
10629 12468
10630 11919
10630 12022
10630 12066
10631 11915
10631 11926
10631 11975
10631 12191
10631 12485
10631 12538
10632 12329
10633 11038
10633 11383
10633 12301
10633 12523
10633 12637
10634 10635
10634 11337
10634 11355
10634 12136
10634 12192
10635 11337
10635 11355
10635 12141
10635 12297
10636 10868
10636 10963
10636 11234
10636 11374
10636 11472
10636 11821
10636 12149
10636 12301
10636 12523
10637 10780
10637 11188
10637 11478
10637 12070
10637 12526
10637 12528
10637 12635
10638 11021
10638 11044
10638 11404
10638 11683
10639 10982
10639 11339
10639 11356
10639 11957
10639 12327
10639 12512
10640 11203
10640 11380
10640 11808
10641 11260
10641 11310
10641 11825
10641 11993
10641 12467
10643 10827
10643 11268
10643 12015
10643 12547
10644 11642
10645 10677
10646 11057
10646 11270
10647 10758
10647 11236
10647 11730
10647 11810
10648 10819
10648 11284
10648 11546
10649 11560
10650 11897
10650 12294
10651 11980
10652 11636
10652 12181
10653 11544
10653 11760
10655 10916
10655 11620
10655 11817
10655 12331
10657 10796
10658 11338
10658 11504
10658 11642
10658 11823
10659 11013
10659 11500
10659 12216
10660 10691
10661 10679
10664 10904
10664 11507
10664 12321
10665 11763
10665 12691
10666 11022
10667 12463
10668 11785
10669 11146
10669 11782
10670 10709
10670 11004
10670 11856
10671 11487
10672 10789
10672 10885
10672 10954
10672 11152
10672 12313
10673 10875
10673 11465
10674 10676
10674 10927
10675 11743
10675 11807
10675 12336
10678 10803
10680 11403
10680 12025
10680 12086
10680 12142
10680 12176
10681 11014
10681 11851
10682 10705
10682 11382
10682 11498
10682 11796
10682 12078
10683 11245
10683 11247
10683 11718
10685 12587
10686 12269
10687 12362
10688 10736
10688 12233
10692 12210
10693 11151
10693 12634
10694 10799
10694 10895
10694 11943
10695 11063
10695 11359
10695 11399
10695 11732
10695 12423
10696 11223
10696 11421
10696 11618
10697 11824
10699 10703
10699 12365
10700 11797
10702 11382
10702 12078
10703 12365
10704 12363
10704 12593
10704 12629
10705 11498
10705 11796
10706 11689
10707 10752
10708 10971
10708 11032
10708 11444
10708 11449
10708 11696
10708 12487
10709 11010
10710 11612
10710 11804
10711 11061
10711 11422
10711 11499
10711 11801
10711 11811
10711 12371
10711 12616
10712 10838
10714 11077
10715 11396
10715 11470
10715 11506
10716 10761
10716 10810
10716 11004
10716 11681
10716 11736
10716 11856
10717 10731
10717 10845
10717 11145
10717 11548
10718 10843
10720 11217
10720 11766
10720 11818
10720 12679
10722 11684
10723 12209
10723 12461
10724 11246
10724 11492
10724 12513
10724 12542
10724 12543
10725 11257
10726 10900
10726 11078
10728 10993
10728 11713
10730 10740
10730 11123
10731 10845
10731 11548
10732 11026
10732 11138
10732 11140
10732 11169
10732 11543
10732 11754
10733 11420
10733 11580
10734 11192
10734 11759
10735 11665
10736 10849
10736 12233
10737 11050
10737 11067
10737 11362
10737 11669
10738 11393
10739 10789
10739 11152
10739 12313
10740 11122
10740 11123
10740 11452
10741 11154
10741 11680
10742 10836
10742 11298
10742 11640
10743 11242
10743 11668
10743 12220
10743 12352
10743 12353
10745 10746
10745 11250
10745 11425
10746 11250
10746 11425
10746 12391
10747 10748
10747 10793
10748 10793
10748 11388
10749 11060
10749 11176
10749 12407
10749 12596
10751 11265
10751 12677
10752 11012
10753 11939
10753 12253
10753 12443
10753 12650
10753 12653
10755 10831
10755 11500
10758 11730
10760 11651
10760 11685
10761 11681
10761 11736
10762 12366
10763 11040
10763 11850
10764 11221
10764 11673
10765 11582
10765 12220
10766 11536
10767 11269
10767 11948
10768 11937
10769 10902
10769 11285
10769 11726
10769 11933
10770 11780
10771 11765
10771 12198
10771 12454
10771 12601
10771 12622
10772 10783
10772 11000
10772 11460
10772 12305
10772 12695
10773 11786
10775 10971
10775 11508
10775 12137
10776 12293
10778 11795
10778 12325
10779 10782
10779 12328
10780 10839
10780 11210
10780 11302
10780 11945
10780 12070
10780 12528
10782 11566
10783 11000
10783 11460
10783 12238
10783 12305
10783 12695
10784 10834
10784 10918
10784 11016
10784 11083
10784 11228
10784 11344
10784 11533
10784 12439
10786 11414
10786 11608
10786 12325
10787 11000
10787 11238
10787 12695
10788 10814
10788 11168
10788 11222
10788 11258
10788 12422
10789 11152
10789 12313
10790 10925
10791 11942
10792 11337
10792 11954
10792 11997
10794 10933
10794 11033
10794 12578
10795 11820
10795 12015
10795 12547
10797 11391
10798 12326
10799 10922
10799 12171
10799 12188
10801 11903
10802 11567
10802 11854
10802 12218
10803 11114
10803 11881
10803 12093
10803 12098
10803 12666
10805 10809
10805 12449
10806 11963
10806 12246
10807 10934
10807 11223
10807 11618
10808 11706
10809 12449
10810 11222
10811 10973
10811 11252
10811 12089
10812 11816
10813 11215
10814 11013
10815 10942
10815 10945
10815 12295
10815 12480
10815 12615
10816 11760
10817 11791
10817 12060
10818 11075
10818 11595
10819 11546
10819 12231
10820 11605
10820 12576
10822 11056
10822 12425
10824 11611
10825 12646
10826 11602
10826 12110
10826 12271
10828 11760
10828 11911
10829 11225
10829 12256
10830 11011
10830 11274
10831 12084
10833 10858
10833 11076
10833 11410
10834 11083
10834 11099
10834 11139
10834 12439
10835 11097
10835 12202
10835 12401
10835 12475
10836 11298
10836 11600
10836 12381
10839 10841
10839 11160
10839 11302
10839 11415
10839 11431
10839 12001
10839 12070
10840 11381
10840 11400
10840 12114
10840 12191
10840 12485
10841 11059
10841 11210
10841 11415
10841 11606
10841 12070
10841 12501
10842 11233
10842 11789
10842 12109
10844 11072
10845 10884
10845 11548
10846 11718
10847 10967
10847 10985
10847 11080
10847 11369
10847 11415
10848 10879
10848 10893
10848 10965
10848 11090
10848 11132
10848 11409
10848 12379
10849 11199
10849 12233
10849 12426
10850 10856
10850 10861
10850 10941
10850 11151
10850 11153
10850 11278
10850 11322
10850 11427
10850 11464
10850 11833
10850 12314
10850 12318
10850 12390
10850 12416
10850 12426
10850 12661
10851 10891
10851 10906
10851 10911
10851 11093
10851 11154
10851 11462
10852 10879
10852 10957
10852 11090
10852 11132
10852 11181
10852 11453
10852 12323
10852 12487
10853 10948
10853 10950
10853 10969
10853 11154
10853 11185
10853 11680
10854 10894
10854 10960
10854 11087
10854 11181
10855 10858
10855 10859
10855 10869
10855 10871
10855 10882
10855 10961
10855 11089
10855 11428
10855 11677
10855 12303
10855 12421
10855 12662
10856 10880
10856 10949
10856 10964
10856 11183
10856 11464
10856 11473
10856 12318
10856 12322
10856 12390
10856 12661
10857 10863
10857 10913
10857 11152
10857 11341
10857 11466
10857 12486
10858 10859
10858 10871
10858 10882
10858 10961
10858 11428
10858 11677
10858 11719
10859 10871
10859 10882
10860 10903
10860 10944
10860 10962
10860 11079
10860 12414
10861 10941
10861 10947
10861 11322
10861 11427
10861 12267
10861 12289
10861 12290
10861 12546
10862 11067
10862 11087
10862 11120
10862 11158
10862 11669
10862 12502
10863 10913
10863 11066
10863 11068
10863 11082
10863 11152
10863 11179
10863 11466
10864 10881
10864 10907
10864 10944
10864 11121
10864 11155
10864 11198
10864 11424
10864 11467
10864 12414
10865 10868
10865 10913
10865 10931
10865 11179
10865 11341
10865 11374
10865 11447
10865 11638
10865 12383
10865 12486
10866 10977
10866 11119
10866 11155
10866 11170
10866 11342
10866 11420
10866 11469
10866 12203
10866 12307
10866 12399
10866 12413
10867 10882
10867 10976
10867 11082
10867 11089
10867 11101
10867 11179
10868 10963
10868 11341
10868 11374
10868 12486
10869 10953
10869 10961
10869 11295
10869 12421
10869 12662
10870 10952
10870 10980
10870 11214
10870 11335
10870 11349
10870 11651
10870 11705
10870 11973
10870 12011
10870 12507
10871 10882
10871 11089
10872 10888
10872 10940
10872 11143
10872 11321
10872 11435
10872 11455
10872 12484
10872 12570
10873 10941
10873 10947
10873 11126
10873 11427
10873 11676
10873 12290
10873 12319
10874 10882
10874 10976
10874 11447
10874 12510
10875 10959
10875 10960
10875 11087
10875 11120
10875 11330
10875 11465
10876 11325
10876 11429
10877 11399
10877 12014
10878 10892
10878 10911
10878 10948
10878 10969
10878 11154
10878 11347
10878 11657
10879 10893
10879 11084
10879 11090
10879 11325
10879 11429
10879 11430
10879 11453
10879 12379
10879 12445
10879 12487
10879 12631
10880 10949
10880 10964
10880 11304
10880 11323
10881 10907
10881 11121
10881 11426
10881 11467
10882 10976
10882 11089
10882 11428
10882 12510
10883 10887
10883 11464
10883 12416
10883 12633
10884 11342
10884 12203
10884 12380
10885 10954
10885 11152
10885 11443
10885 11466
10885 12509
10886 10890
10886 11151
10886 11446
10886 11464
10886 11486
10886 11697
10886 11835
10886 12318
10886 12416
10886 12633
10887 10890
10887 11446
10887 11464
10887 11709
10887 12416
10887 12633
10888 10940
10888 11143
10888 11435
10888 12570
10889 10912
10889 11357
10889 11448
10889 11809
10889 12511
10890 11446
10890 11709
10890 12416
10890 12633
10891 10892
10891 10906
10891 10911
10891 11085
10891 11088
10891 11347
10891 11357
10891 11448
10891 11462
10891 11723
10892 10906
10892 10911
10892 11085
10892 11347
10893 10965
10893 11084
10893 11090
10893 11409
10893 11430
10893 12379
10893 12631
10894 10957
10894 10960
10894 11181
10894 11444
10894 11696
10894 12487
10895 11923
10895 12171
10897 10919
10897 11034
10897 11891
10898 11505
10898 12607
10899 11959
10901 11128
10901 12384
10901 12480
10901 12615
10903 10907
10903 10944
10903 10962
10903 12419
10903 12518
10904 11351
10904 11367
10904 12321
10905 10984
10905 11312
10905 11346
10905 11350
10905 11468
10905 12300
10906 10911
10906 11085
10906 11154
10906 11347
10907 10944
10907 11426
10907 11467
10907 11867
10907 12414
10907 12419
10907 12518
10908 11320
10908 11370
10908 11413
10908 12310
10908 12628
10909 11997
10909 12141
10909 12297
10910 11748
10910 11819
10910 12064
10910 12312
10910 12489
10910 12520
10911 11154
10911 11347
10911 11462
10911 11657
10912 11448
10912 11462
10912 11836
10912 12285
10912 12286
10912 12287
10913 11179
10913 11341
10913 11447
10913 11466
10913 12383
10913 12486
10914 10919
10915 11284
10915 11587
10915 12474
10916 11620
10916 11817
10917 11005
10917 11230
10917 11461
10917 12392
10918 11102
10918 11139
10918 11228
10918 11261
10918 11344
10918 11451
10918 11533
10918 12373
10919 11491
10919 11891
10920 12446
10921 11273
10922 11574
10922 11581
10922 12188
10923 10986
10923 11401
10923 11831
10923 11872
10923 12185
10924 11214
10924 11705
10924 11973
10924 11998
10924 12272
10925 10977
10926 12417
10927 11840
10928 11781
10929 10970
10929 11308
10929 11430
10929 11714
10929 12133
10929 12488
10929 12496
10929 12631
10930 10955
10930 10980
10930 11335
10930 11373
10931 11346
10931 11374
10931 11468
10932 11901
10932 11962
10933 11033
10933 11509
10933 12578
10934 11618
10935 10997
10935 11046
10935 11064
10935 11773
10935 12159
10935 12587
10936 11096
10936 11424
10936 12260
10936 12481
10937 11526
10937 12256
10938 11229
10938 11300
10938 12468
10939 10968
10939 11351
10939 11357
10939 11448
10939 11783
10939 11809
10939 12286
10939 12511
10940 11143
10940 11309
10940 11321
10940 11446
10940 11455
10940 11709
10940 12484
10940 12625
10940 12633
10941 10947
10941 11153
10941 11179
10941 11309
10941 11322
10941 11427
10941 11428
10941 11464
10941 11676
10941 12290
10941 12319
10941 12415
10941 12533
10941 12633
10942 10945
10942 11641
10942 12285
10942 12287
10942 12295
10942 12384
10942 12480
10942 12615
10942 12664
10943 11067
10943 11070
10943 11087
10943 11105
10943 12396
10943 12458
10943 12502
10944 10962
10944 11426
10944 11467
10944 12414
10944 12419
10944 12518
10945 11641
10945 12295
10945 12480
10945 12615
10946 11174
10946 11412
10946 11426
10946 11798
10946 11867
10946 12419
10946 12499
10946 12518
10947 11157
10947 11309
10947 11322
10947 11676
10947 12289
10947 12290
10947 12319
10947 12533
10947 12546
10948 10950
10948 10952
10948 10969
10948 11154
10948 11183
10948 11185
10948 11347
10948 11448
10948 11450
10948 11462
10948 11998
10948 12507
10949 10964
10949 11304
10949 11835
10949 12318
10950 10952
10950 11183
10950 11185
10950 11973
10950 11998
10950 12507
10951 11133
10951 11141
10951 11184
10951 11187
10951 11445
10951 12049
10951 12296
10951 12308
10951 12395
10951 12412
10951 12517
10951 12627
10952 10964
10952 11183
10952 11185
10952 11304
10952 11323
10952 11349
10952 11448
10952 11450
10952 11462
10952 12011
10952 12507
10952 12633
10953 10961
10953 11156
10953 11295
10953 11431
10954 11142
10954 11152
10954 11442
10954 11443
10954 11466
10955 11085
10955 11347
10955 11373
10955 11416
10955 11450
10955 11584
10955 12507
10956 11180
10956 11296
10956 11377
10956 11440
10956 11467
10956 12541
10957 11081
10957 11181
10957 12323
10957 12487
10958 11201
10958 11330
10958 11340
10958 11442
10958 11454
10958 11722
10959 11330
10959 11355
10959 11454
10959 11465
10960 10971
10960 11087
10960 11120
10960 11181
10960 11330
10960 11444
10960 11465
10960 11696
10960 11804
10960 12487
10961 11089
10961 11156
10961 11179
10961 11295
10961 11428
10961 11431
10961 11719
10961 12319
10961 12415
10961 12421
10962 10979
10962 11079
10962 11351
10962 11426
10962 11448
10962 11462
10962 11467
10962 12286
10962 12287
10962 12414
10962 12419
10962 12499
10963 11340
10963 11374
10963 11442
10963 11472
10963 11717
10963 12149
10963 12486
10963 12509
10964 11183
10964 11304
10964 12318
10964 12661
10965 11065
10965 11090
10965 11142
10965 11159
10965 11181
10965 11330
10965 11378
10965 11409
10965 11423
10965 11430
10965 11443
10965 12487
10965 12631
10966 11184
10966 11187
10966 11445
10966 12517
10967 10985
10967 11059
10967 11160
10967 11369
10967 12498
10968 11088
10968 11091
10968 11173
10968 11202
10968 11307
10968 11351
10968 11352
10968 11448
10969 11154
10969 11347
10969 11998
10969 12507
10970 11308
10970 11331
10970 11366
10970 11714
10970 12133
10970 12488
10971 11355
10971 11444
10971 11465
10971 11696
10971 11804
10971 12137
10971 12434
10971 12624
10972 11242
10972 11389
10973 11252
10973 11920
10973 12171
10974 12194
10974 12293
10974 12575
10975 11620
10975 12583
10975 12639
10976 11082
10976 11089
10976 11179
10976 11428
10976 11447
10976 12510
10977 11119
10977 11141
10977 11155
10977 11170
10977 11342
10977 11440
10977 11445
10977 11467
10977 11469
10977 12203
10977 12413
10977 12541
10978 11207
10978 11276
10978 11368
10978 11739
10978 11926
10978 12002
10978 12177
10978 12410
10978 12529
10978 12540
10979 11351
10979 11649
10979 12286
10979 12499
10980 11335
10980 11705
10980 11973
10980 11998
10980 12507
10981 10987
10981 12017
10981 12048
10982 11275
10982 11329
10982 12327
10982 12512
10982 12638
10983 11171
10983 11172
10983 11308
10983 11365
10984 11346
10984 11350
10984 11468
10984 11994
10984 12004
10984 12300
10985 11080
10985 11160
10985 11369
10985 11415
10986 11831
10986 12185
10987 12017
10987 12048
10987 12195
10988 12304
10989 11264
10990 11029
10990 11535
10990 12356
10990 12405
10991 11893
10991 12071
10991 12330
10994 11690
10995 11603
10995 11648
10996 10998
10996 11757
10997 11042
10997 11046
11000 11517
11000 12238
11000 12305
11002 11441
11002 12234
11002 12404
11002 12663
11004 11856
11004 12184
11005 12392
11005 12682
11006 12204
11006 12361
11007 12657
11009 11496
11011 11274
11011 12225
11012 11117
11012 12373
11014 11626
11014 11851
11015 11106
11015 11476
11015 12662
11016 11083
11016 11533
11016 12439
11017 12232
11017 12241
11018 11019
11018 11239
11018 11631
11018 12463
11019 11631
11020 11267
11021 11071
11023 11148
11025 11028
11025 11891
11026 11140
11026 11169
11026 11543
11027 11771
11027 11929
11027 12104
11027 12431
11027 12597
11027 12604
11027 12617
11027 12656
11027 12679
11028 11569
11028 11891
11029 11535
11029 12356
11029 12677
11029 12680
11030 11058
11030 11531
11030 12365
11031 11769
11031 12368
11032 11444
11032 11449
11032 11661
11032 11696
11032 12487
11033 12132
11033 12366
11033 12466
11033 12473
11033 12578
11035 12172
11035 12174
11036 11574
11036 12005
11036 12525
11036 12549
11036 12626
11037 11038
11037 11113
11037 11727
11038 11113
11038 11727
11038 11951
11038 12523
11038 12544
11040 11582
11041 11055
11042 11046
11043 12069
11044 11683
11044 12232
11045 11048
11047 11125
11047 11655
11047 11668
11047 12402
11048 11220
11048 12441
11049 11249
11049 11398
11050 11052
11050 11074
11050 11870
11050 12478
11051 11388
11051 11779
11051 12358
11051 12403
11051 12568
11051 12675
11052 11074
11054 11114
11054 11356
11054 12145
11054 12627
11054 12666
11057 12424
11057 12560
11058 12365
11058 12407
11058 12567
11059 11478
11059 11594
11059 11606
11059 12001
11059 12498
11059 12526
11060 11176
11060 11667
11060 12407
11061 11801
11061 12371
11061 12596
11062 11472
11062 11884
11063 11359
11063 11732
11063 12423
11064 11896
11064 12159
11065 11139
11065 11363
11065 11423
11065 11451
11065 12373
11065 12406
11065 12424
11065 12665
11065 12682
11066 11068
11066 11082
11066 11089
11066 11152
11066 11159
11066 11179
11066 11192
11066 11200
11066 11759
11066 12202
11066 12401
11066 12662
11067 11081
11067 11087
11067 11105
11067 11120
11067 11158
11067 11159
11067 11362
11067 11669
11067 12201
11067 12202
11067 12396
11067 12502
11067 12608
11067 12665
11068 11094
11068 11142
11068 11152
11068 11159
11068 11179
11068 11192
11068 11759
11068 12202
11068 12313
11068 12401
11069 12293
11070 11105
11070 12502
11070 12608
11074 11622
11074 11870
11074 12478
11075 12282
11076 11410
11076 11411
11077 11173
11079 11424
11079 11462
11079 11471
11079 12286
11079 12287
11079 12414
11079 12481
11079 12664
11080 11160
11080 11345
11080 11369
11080 11415
11081 11087
11081 11090
11081 11102
11081 11132
11081 11139
11081 11159
11081 11181
11081 11409
11081 11423
11081 12202
11081 12323
11081 12396
11081 12665
11082 11089
11082 11179
11082 11200
11083 11139
11083 11228
11083 12439
11084 11325
11084 11366
11084 11429
11084 11714
11084 12379
11084 12631
11085 11088
11085 11202
11085 11347
11085 11373
11085 11416
11085 11448
11085 11450
11085 11530
11085 11723
11085 11750
11086 11330
11086 11340
11086 11442
11086 11717
11086 12288
11087 11120
11087 11142
11087 11158
11087 11159
11087 11181
11087 11330
11087 11423
11087 11465
11087 12396
11087 12502
11088 11091
11088 11202
11088 11357
11088 11448
11088 11723
11089 11101
11089 11179
11089 11428
11089 11677
11089 12303
11089 12421
11089 12662
11090 11132
11090 11181
11090 11409
11090 11430
11090 12323
11090 12379
11090 12487
11091 11202
11091 11357
11091 11448
11092 11469
11092 12413
11093 11361
11093 11462
11093 12477
11094 12401
11094 12640
11095 11098
11095 11191
11095 12282
11095 12616
11096 11424
11096 12414
11097 11159
11097 11280
11097 12202
11097 12401
11097 12475
11098 11131
11098 11191
11098 11262
11098 12282
11099 11102
11099 11132
11099 11139
11099 12323
11100 11473
11100 11562
11100 12390
11100 12609
11101 12303
11102 11132
11102 11139
11102 11228
11102 11255
11102 12323
11102 12373
11102 12665
11103 11963
11103 12329
11103 12374
11105 11117
11105 11290
11105 12202
11105 12373
11105 12396
11105 12608
11105 12619
11105 12665
11106 11476
11106 12391
11106 12421
11106 12662
11107 11119
11107 11166
11107 11170
11107 11198
11107 11457
11107 12204
11107 12399
11109 11117
11109 12373
11109 12665
11110 11223
11111 12694
11113 11727
11114 11881
11114 12666
11115 12614
11116 12372
11116 12375
11117 11290
11117 11314
11117 11845
11117 12201
11117 12373
11117 12424
11117 12608
11117 12619
11117 12665
11118 11195
11118 12363
11118 12593
11118 12594
11119 11155
11119 11166
11119 11170
11119 11194
11119 11198
11119 11420
11119 11457
11119 12203
11119 12307
11119 12399
11119 12664
11120 11142
11120 11158
11120 11330
11120 11465
11121 11155
11121 11198
11121 11424
11121 11440
11121 11467
11121 11934
11122 11452
11122 11457
11122 12203
11122 12206
11122 12228
11122 12307
11122 12344
11123 11190
11123 11420
11123 11452
11123 11457
11123 12399
11124 11134
11124 12411
11124 12668
11125 11130
11125 11655
11125 12201
11125 12391
11125 12394
11125 12402
11125 12406
11125 12408
11126 11427
11126 12319
11126 12415
11127 11131
11127 11164
11127 11191
11127 12204
11127 12384
11127 12388
11127 12616
11127 12663
11128 11135
11128 11294
11128 11313
11129 11199
11129 11230
11129 11461
11129 12392
11129 12426
11130 11655
11130 12406
11130 12640
11131 11164
11131 11191
11131 12388
11132 11139
11132 11409
11132 11423
11132 12323
11133 11184
11133 12308
11133 12412
11133 12420
11134 11324
11134 11342
11134 12380
11134 12411
11134 12668
11135 11287
11135 11294
11135 11424
11135 11471
11135 11477
11135 11501
11135 11665
11135 12204
11135 12384
11135 12481
11136 11194
11136 11196
11136 11561
11136 12400
11137 11189
11137 11473
11137 12322
11137 12389
11137 12390
11137 12661
11137 12663
11138 11140
11138 12677
11139 11228
11139 11255
11139 11423
11139 11451
11139 12323
11139 12373
11139 12665
11140 11169
11140 12361
11140 12677
11141 11155
11141 11184
11141 11194
11141 11342
11141 11445
11141 11467
11141 11735
11141 12203
11141 12247
11141 12284
11141 12304
11141 12380
11141 12412
11141 12420
11142 11152
11142 11158
11142 11159
11142 11179
11142 11181
11142 11330
11142 11442
11142 11443
11142 11462
11142 11466
11142 12475
11143 11321
11143 11455
11143 11709
11144 11729
11144 11946
11144 11995
11146 11782
11148 11355
11148 12141
11149 11829
11149 12328
11150 11156
11150 11295
11150 11345
11150 12415
11150 12421
11151 11193
11151 11427
11151 11464
11151 12318
11151 12390
11151 12416
11151 12426
11151 12634
11152 11159
11152 11179
11152 11443
11152 11466
11152 12313
11153 11322
11153 11464
11153 11833
11153 12416
11154 11183
11154 11185
11154 11347
11154 11462
11154 11657
11154 12388
11154 12661
11154 12664
11155 11170
11155 11198
11155 11424
11155 11440
11155 11462
11155 11467
11155 11753
11155 11934
11155 12203
11155 12307
11155 12412
11155 12414
11155 12541
11155 12664
11156 11295
11156 11345
11156 11369
11156 11428
11156 11431
11156 11983
11156 12319
11156 12415
11156 12421
11157 11303
11157 11380
11157 11676
11157 11808
11157 12289
11157 12533
11157 12546
11158 11159
11158 11280
11158 11330
11158 11711
11158 12202
11158 12475
11159 11179
11159 11181
11159 11330
11159 11409
11159 11423
11159 12202
11159 12401
11159 12421
11159 12475
11159 12662
11159 12664
11160 11302
11160 11369
11160 11415
11160 11431
11160 11478
11160 12001
11160 12498
11161 11324
11161 11342
11161 11553
11161 11554
11162 11208
11162 12385
11162 12568
11163 11463
11163 11802
11163 12372
11163 12420
11163 12620
11163 12660
11164 11191
11165 11250
11165 11425
11165 11476
11165 12240
11165 12391
11165 12429
11166 12399
11167 11182
11167 12660
11168 11222
11168 11258
11168 12422
11169 11754
11169 12361
11170 11198
11170 11753
11171 11308
11171 11365
11171 11378
11171 12146
11171 12496
11172 11365
11172 12409
11173 11352
11174 11507
11174 11537
11174 12419
11175 11354
11176 11667
11176 12407
11176 12596
11177 11552
11177 12403
11178 12417
11178 12602
11179 11183
11179 11428
11179 11443
11179 11447
11179 11462
11179 11464
11179 11466
11179 12383
11179 12415
11179 12421
11179 12486
11179 12633
11179 12662
11179 12664
11180 11296
11180 11332
11180 11377
11180 11426
11180 11467
11180 12541
11181 11330
11181 11409
11181 11423
11181 12323
11181 12396
11181 12487
11182 11194
11182 11457
11182 12247
11182 12400
11182 12420
11182 12425
11182 12660
11182 12678
11183 11185
11183 11304
11183 11462
11183 11464
11183 11680
11183 11842
11183 12318
11183 12415
11183 12421
11183 12633
11183 12661
11183 12664
11184 11194
11184 11445
11184 11463
11184 12203
11184 12308
11184 12395
11184 12412
11184 12420
11184 12517
11184 12664
11185 11680
11185 11842
11185 12661
11186 11793
11186 11952
11186 12049
11187 11301
11187 11324
11187 11426
11187 11439
11187 11445
11187 11469
11187 12049
11187 12145
11187 12296
11187 12517
11187 12627
11188 11302
11188 11372
11188 11478
11188 11945
11188 12456
11188 12528
11188 12635
11189 11473
11189 12389
11189 12390
11189 12609
11190 11457
11190 12206
11190 12344
11191 12388
11191 12616
11192 11200
11193 11288
11193 11417
11193 11461
11193 11474
11193 12390
11193 12392
11193 12426
11193 12634
11194 11196
11194 11457
11194 11735
11194 12203
11194 12247
11194 12304
11194 12400
11194 12412
11194 12420
11194 12425
11194 12527
11194 12664
11195 11865
11196 11561
11196 12203
11196 12230
11196 12400
11197 11287
11197 11291
11197 11477
11198 11424
11198 11457
11198 11753
11198 11934
11198 12204
11198 12397
11198 12664
11199 11230
11199 12385
11199 12426
11200 11298
11200 12381
11200 12394
11200 12662
11201 11337
11201 11340
11201 11346
11201 11355
11201 11358
11201 11364
11201 11374
11201 11429
11201 11431
11201 11454
11201 11472
11201 11722
11201 12008
11201 12136
11201 12149
11201 12192
11201 12433
11201 12434
11201 12514
11201 12522
11201 12523
11201 12534
11201 12623
11201 12624
11201 12625
11202 11307
11202 11323
11202 11351
11202 11352
11202 11373
11202 11426
11202 11448
11202 11450
11202 12625
11203 11380
11203 11808
11203 12140
11203 12623
11204 11695
11206 12564
11206 12605
11206 12657
11207 11276
11208 12385
11208 12387
11209 11385
11209 11730
11210 12070
11210 12501
11211 11256
11211 11288
11212 11749
11212 11956
11212 12269
11212 12288
11212 12509
11213 11652
11214 11651
11214 11685
11214 11705
11214 12011
11214 12272
11215 12311
11216 11536
11217 11766
11217 11818
11218 12449
11219 11226
11220 11659
11220 11939
11220 12339
11220 12441
11220 12443
11222 12422
11223 11618
11224 12252
11224 12320
11225 12256
11225 12537
11228 11255
11228 11344
11228 11755
11229 12468
11230 11461
11230 12392
11230 12426
11233 11789
11233 12071
11234 11472
11234 11821
11234 12301
11235 11776
11235 11777
11235 12218
11235 12689
11236 11810
11236 12240
11236 12274
11236 12429
11237 12592
11238 12695
11240 11758
11241 11636
11241 11952
11241 12030
11241 12049
11241 12334
11241 12512
11243 11915
11244 12057
11245 11247
11245 11712
11248 12506
11249 11490
11250 11425
11251 11655
11251 11672
11251 12408
11252 11878
11252 11976
11252 12024
11252 12089
11252 12171
11252 12188
11252 12196
11252 12549
11253 11263
11253 12057
11253 12059
11253 12147
11253 12189
11254 11268
11254 11887
11254 12034
11254 12102
11255 11344
11255 11755
11256 11288
11257 11894
11258 12422
11259 11484
11259 11826
11260 11310
11260 11817
11260 12503
11261 11363
11261 11451
11261 11539
11262 12282
11263 11970
11263 12059
11264 11617
11264 12069
11266 12404
11266 12674
11266 12693
11267 11587
11267 12474
11268 12015
11268 12034
11268 12506
11268 12547
11271 12087
11271 12108
11272 12571
11273 11487
11273 11895
11273 12068
11273 12127
11273 12452
11273 12454
11273 12582
11275 11339
11275 12327
11276 11305
11276 11329
11276 11368
11276 12316
11278 11427
11278 12314
11278 12426
11280 11572
11280 11711
11280 12202
11280 12262
11280 12475
11281 11306
11281 11332
11281 11412
11281 11426
11281 11798
11282 11503
11282 12283
11283 11336
11283 11372
11283 11702
11283 11715
11283 11787
11284 12474
11285 11555
11285 11726
11285 11933
11286 11288
11286 11417
11286 11830
11287 11294
11287 11501
11288 11417
11288 12392
11289 11575
11290 11314
11290 11845
11290 12608
11290 12619
11291 11424
11291 11477
11291 11645
11292 11293
11292 11620
11292 11643
11292 11827
11292 12075
11292 12182
11294 11313
11294 12681
11295 12421
11296 11332
11296 11426
11296 11467
11297 11299
11297 11398
11297 12558
11298 12381
11299 11565
11300 11407
11300 11855
11300 11971
11300 12325
11300 12503
11301 11305
11301 11306
11301 11324
11301 11339
11301 11351
11301 11356
11301 11377
11301 11426
11301 11439
11301 11445
11301 11470
11301 11952
11301 12049
11301 12327
11301 12411
11301 12434
11301 12489
11301 12490
11301 12519
11301 12623
11301 12625
11301 12627
11301 12638
11301 12668
11302 11303
11302 11336
11302 11346
11302 11350
11302 11369
11302 11372
11302 11415
11302 11431
11302 11478
11302 11945
11302 12001
11302 12070
11302 12498
11302 12526
11302 12528
11302 12534
11302 12623
11302 12625
11302 12635
11303 11380
11303 11431
11303 11808
11303 12498
11303 12526
11303 12533
11303 12623
11303 12625
11304 11323
11304 11446
11304 11448
11304 11697
11304 12318
11304 12633
11305 11306
11305 11324
11305 11329
11305 11334
11305 11351
11305 11368
11305 11377
11305 11469
11305 12007
11305 12316
11305 12324
11305 12490
11305 12512
11305 12638
11305 12668
11306 11332
11306 11334
11306 11351
11306 11356
11306 11377
11306 11384
11306 11412
11306 11426
11306 11699
11306 12143
11306 12321
11306 12435
11306 12489
11306 12490
11306 12499
11306 12512
11306 12515
11306 12538
11306 12638
11307 11351
11307 11352
11307 11373
11307 12490
11308 11331
11308 11365
11308 11429
11308 11430
11308 12133
11308 12146
11308 12434
11308 12483
11308 12488
11308 12496
11308 12624
11309 11322
11309 11375
11309 11428
11309 11431
11309 11448
11309 11464
11309 12533
11309 12546
11309 12625
11309 12633
11310 11825
11310 12503
11311 11364
11311 11761
11311 12136
11311 12630
11312 11346
11312 12300
11313 11621
11314 11845
11314 12619
11315 11482
11316 11400
11316 11583
11316 12457
11316 12485
11316 12538
11317 12341
11317 12451
11319 11492
11319 11980
11319 12032
11319 12055
11319 12183
11319 12525
11319 12542
11319 12626
11320 11353
11320 11413
11320 12140
11320 12623
11320 12625
11320 12628
11321 11323
11321 11446
11321 11455
11321 11709
11321 12625
11322 11375
11322 11464
11322 12546
11323 11349
11323 11354
11323 11371
11323 11426
11323 11446
11323 11448
11323 11450
11323 11748
11323 12520
11323 12625
11324 11342
11324 11377
11324 11426
11324 11445
11324 11469
11324 11553
11324 11554
11324 12007
11324 12316
11324 12324
11324 12668
11325 11429
11325 11453
11325 12487
11326 11358
11326 11514
11326 12008
11326 12433
11326 12514
11326 12522
11327 11402
11327 11701
11327 11932
11327 11953
11327 11954
11327 11965
11327 12026
11327 12482
11328 11351
11328 11367
11328 12321
11328 12435
11328 12490
11328 12632
11329 11368
11329 12316
11329 12512
11329 12638
11330 11340
11330 11430
11330 11442
11330 11443
11330 11454
11330 11465
11330 12487
11331 11365
11331 11366
11331 11429
11331 11714
11331 12409
11331 12488
11331 12624
11332 11377
11332 11426
11332 11798
11333 11354
11333 12000
11333 12064
11333 12500
11333 12515
11334 11377
11334 11699
11334 12007
11334 12072
11334 12410
11334 12413
11334 12541
11335 11973
11335 11998
11335 12309
11335 12507
11336 11346
11336 11372
11336 11428
11336 11431
11336 11702
11336 11787
11336 11945
11336 12534
11336 12635
11337 11355
11337 11997
11337 12136
11337 12141
11337 12297
11337 12434
11337 12482
11337 12522
11338 11346
11338 11350
11338 11372
11338 11447
11338 11504
11338 11715
11338 11823
11338 12534
11339 11356
11339 11470
11339 11957
11339 12327
11339 12512
11339 12638
11340 11374
11340 11442
11340 11454
11340 11717
11340 11722
11340 12008
11340 12149
11340 12486
11341 11466
11341 12486
11342 11445
11342 11467
11342 11469
11342 12203
11342 12284
11342 12380
11342 12668
11343 11712
11344 11533
11345 11369
11345 12319
11345 12415
11345 12498
11345 12533
11346 11350
11346 11372
11346 11374
11346 11431
11346 11447
11346 11468
11346 12004
11346 12149
11346 12300
11346 12523
11346 12534
11346 12623
11346 12625
11347 11416
11347 11448
11347 11450
11347 11462
11347 11998
11347 12507
11348 12050
11348 12299
11348 12302
11349 11354
11349 12011
11349 12515
11350 11372
11350 11823
11350 11994
11350 12004
11350 12017
11350 12195
11350 12300
11350 12523
11350 12526
11350 12623
11350 12635
11351 11352
11351 11367
11351 11377
11351 11426
11351 11448
11351 12286
11351 12321
11351 12419
11351 12435
11351 12490
11351 12499
11351 12632
11352 11820
11352 12490
11352 12632
11353 11946
11353 12010
11353 12140
11353 12489
11353 12513
11353 12523
11353 12526
11353 12542
11353 12543
11353 12549
11353 12623
11353 12625
11353 12628
11353 12635
11354 11371
11354 11434
11354 12011
11354 12489
11354 12500
11354 12515
11354 12520
11355 11454
11355 11465
11355 12136
11355 12141
11355 12192
11355 12434
11355 12624
11356 11439
11356 11470
11356 11952
11356 11957
11356 12049
11356 12145
11356 12489
11356 12512
11356 12515
11356 12627
11356 12638
11356 12666
11357 11448
11357 11462
11357 11809
11357 12511
11358 11472
11358 11514
11358 11884
11358 12008
11358 12149
11358 12514
11359 11399
11359 11732
11359 12280
11359 12423
11361 11462
11361 11595
11361 12285
11361 12388
11361 12477
11362 11669
11362 12502
11363 11451
11364 11761
11364 12136
11364 12192
11364 12433
11364 12522
11365 11429
11365 12409
11365 12483
11365 12624
11366 11429
11366 11714
11366 12379
11366 12488
11366 12631
11367 12321
11367 12435
11367 12632
11368 12002
11368 12007
11368 12410
11368 12512
11368 12540
11368 12638
11369 11431
11369 12319
11369 12498
11369 12533
11370 12010
11370 12310
11370 12543
11370 12628
11371 11748
11371 12064
11371 12489
11371 12500
11371 12520
11372 11702
11372 11715
11372 11787
11372 11945
11372 12534
11372 12635
11373 11416
11373 11450
11373 11530
11373 11750
11373 12490
11374 11447
11374 11454
11374 11465
11374 11468
11374 11472
11374 11821
11374 12149
11374 12301
11374 12486
11374 12523
11374 12534
11375 12546
11375 12625
11376 11482
11376 11981
11376 12006
11376 12043
11376 12264
11376 12495
11377 11426
11377 11467
11377 11469
11377 12007
11377 12072
11377 12410
11377 12413
11377 12529
11377 12541
11378 12056
11378 12146
11378 12539
11379 11381
11379 11803
11379 12112
11379 12187
11379 12505
11380 11808
11380 12533
11380 12546
11380 12623
11380 12625
11381 11384
11381 11803
11381 12112
11381 12187
11381 12191
11381 12485
11381 12505
11382 12078
11383 11468
11383 12301
11383 12523
11385 11730
11386 11394
11387 11609
11387 11661
11388 11737
11388 11779
11388 11837
11390 12349
11394 11917
11394 11924
11394 12092
11394 12573
11396 11506
11397 11497
11397 11613
11397 12180
11398 12121
11398 12208
11399 11732
11399 12014
11399 12423
11400 12114
11400 12485
11400 12538
11401 11831
11401 11872
11401 12016
11401 12027
11401 12153
11401 12185
11402 12026
11402 12482
11402 12535
11403 12025
11403 12142
11403 12176
11403 12548
11404 11897
11404 12122
11404 12697
11405 11901
11405 12557
11406 11411
11406 11640
11407 11825
11407 11855
11407 11971
11408 11779
11408 12568
11408 12613
11408 12675
11409 11423
11410 11411
11412 11426
11412 11798
11412 12499
11413 11435
11413 12010
11413 12310
11413 12484
11413 12625
11413 12628
11414 12325
11415 11431
11416 11530
11416 11584
11417 11474
11417 11830
11417 12390
11417 12432
11418 11474
11418 11562
11418 11830
11418 12382
11418 12609
11419 12201
11420 11457
11420 12307
11420 12399
11421 12260
11422 11499
11423 12202
11423 12421
11423 12664
11423 12665
11424 11458
11424 11471
11424 11477
11424 12204
11424 12260
11424 12397
11424 12414
11424 12481
11424 12664
11425 11476
11425 12391
11426 11428
11426 11430
11426 11445
11426 11448
11426 11467
11426 11469
11426 11798
11426 12419
11426 12499
11426 12518
11426 12625
11427 11464
11427 12233
11427 12319
11427 12390
11427 12415
11427 12421
11427 12426
11427 12661
11428 11429
11428 11430
11428 11431
11428 11442
11428 11443
11428 11447
11428 11448
11428 11462
11428 11464
11428 11465
11428 11466
11428 11467
11428 11703
11428 11719
11428 12319
11428 12338
11428 12415
11428 12486
11428 12510
11428 12533
11428 12534
11428 12625
11428 12633
11429 11430
11429 11431
11429 11444
11429 11449
11429 11453
11429 11454
11429 11465
11429 12379
11429 12409
11429 12487
11429 12488
11429 12624
11429 12625
11429 12631
11430 11431
11430 11438
11430 11442
11430 11443
11430 11465
11430 12133
11430 12146
11430 12487
11430 12488
11430 12496
11430 12625
11430 12631
11431 11454
11431 11465
11431 11945
11431 11983
11431 12319
11431 12486
11431 12498
11431 12533
11431 12534
11431 12625
11432 11437
11432 11482
11432 11955
11432 12063
11432 12494
11433 11823
11434 11436
11435 12484
11435 12570
11435 12625
11436 12515
11437 11955
11437 12063
11437 12172
11437 12491
11437 12515
11438 12133
11438 12146
11438 12496
11438 12631
11439 12049
11439 12145
11439 12627
11440 11467
11440 12541
11441 12234
11441 12404
11441 12567
11441 12663
11442 11443
11442 11454
11442 11465
11442 11717
11442 11956
11442 12288
11442 12486
11442 12509
11443 11462
11443 11465
11443 11466
11443 11467
11443 11956
11443 12288
11443 12486
11443 12509
11443 12633
11444 11449
11444 11465
11444 11696
11444 12434
11444 12487
11444 12624
11445 11467
11445 11469
11445 12284
11445 12412
11445 12517
11445 12519
11445 12668
11446 11448
11446 11697
11446 11709
11446 12318
11446 12625
11446 12633
11447 11466
11447 11716
11447 12383
11447 12486
11447 12510
11447 12534
11448 11450
11448 11462
11448 11467
11448 12286
11448 12287
11448 12511
11448 12625
11448 12633
11449 11453
11449 12434
11449 12487
11449 12624
11450 12507
11451 12373
11452 11457
11452 12206
11453 12487
11453 12624
11454 11465
11454 11722
11454 12486
11454 12534
11454 12624
11455 12010
11455 12484
11455 12489
11455 12543
11455 12570
11455 12625
11456 11958
11456 12144
11456 12409
11456 12483
11456 12539
11457 12203
11457 12204
11457 12206
11457 12307
11457 12344
11457 12399
11457 12400
11457 12420
11457 12660
11457 12663
11458 11477
11458 12204
11458 12229
11458 12260
11458 12386
11458 12397
11459 11862
11459 12170
11459 12175
11459 12450
11459 12643
11459 12647
11460 11517
11460 12238
11460 12680
11460 12695
11461 11474
11461 12390
11461 12392
11461 12426
11461 12663
11462 11464
11462 11467
11462 12285
11462 12287
11462 12388
11462 12412
11462 12414
11462 12633
11462 12664
11463 12359
11463 12372
11463 12375
11463 12420
11463 12660
11464 12318
11464 12415
11464 12416
11464 12633
11464 12661
11465 12486
11465 12487
11465 12534
11465 12624
11466 12486
11467 11469
11467 12412
11467 12414
11467 12541
11467 12625
11467 12633
11467 12664
11468 11821
11468 12301
11468 12523
11469 12007
11469 12413
11469 12541
11469 12668
11470 12327
11470 12638
11471 11665
11471 12481
11471 12664
11472 11884
11472 12149
11472 12301
11472 12514
11472 12523
11473 12322
11473 12390
11473 12609
11473 12661
11474 11475
11474 11830
11474 12204
11474 12382
11474 12389
11474 12390
11474 12392
11474 12404
11474 12432
11474 12609
11474 12663
11474 12681
11474 12682
11475 12382
11475 12389
11475 12404
11475 12432
11475 12609
11475 12663
11476 12391
11477 12204
11477 12260
11477 12386
11478 11594
11478 12001
11478 12498
11478 12526
11478 12528
11478 12635
11479 11621
11479 12205
11479 12369
11479 12569
11479 12676
11479 12681
11480 11778
11480 12074
11480 12097
11480 12101
11480 12157
11480 12161
11480 12472
11480 12532
11480 12553
11480 12554
11480 12574
11480 12577
11480 12611
11480 12646
11480 12683
11481 11616
11481 11888
11481 11919
11481 12027
11481 12066
11481 12068
11481 12099
11481 12108
11481 12120
11481 12150
11481 12154
11481 12157
11481 12158
11481 12171
11481 12193
11481 12530
11481 12551
11481 12582
11481 12641
11481 12642
11481 12643
11481 12671
11482 11700
11482 11947
11482 11981
11482 12006
11482 12063
11482 12172
11482 12435
11482 12494
11482 12495
11482 12515
11482 12521
11482 12538
11482 12542
11482 12547
11482 12548
11482 12636
11484 11826
11484 12217
11486 11663
11486 11697
11486 11835
11487 12315
11487 12447
11487 12465
11489 12556
11490 12134
11492 12542
11492 12543
11492 12626
11493 11751
11494 11645
11495 11520
11496 11703
11497 11613
11499 11801
11499 11811
11501 12481
11503 12283
11504 11642
11504 11715
11504 11823
11505 12132
11505 12366
11505 12654
11506 11527
11507 11537
11510 11646
11516 12458
11517 12238
11517 12680
11518 11671
11522 11943
11522 12213
11523 11529
11525 11863
11525 12377
11526 12256
11529 12413
11530 11723
11530 11750
11537 12321
11538 11819
11540 12153
11540 12195
11541 11752
11541 12342
11542 12369
11543 11577
11544 11760
11545 12374
11549 11911
11549 12033
11549 12061
11550 11609
11552 12082
11553 11554
11553 11707
11554 12316
11554 12324
11555 11933
11555 12208
11557 11900
11557 12650
11557 12657
11559 12211
11561 12230
11561 12400
11562 11830
11562 12609
11563 11565
11563 12368
11564 11607
11564 12259
11564 12342
11564 12440
11565 12069
11565 12577
11567 11568
11567 11776
11567 12209
11567 12218
11568 11776
11569 11938
11570 11638
11570 11716
11572 12202
11572 12262
11574 11581
11574 12188
11574 12196
11574 12525
11576 11654
11576 12427
11580 11653
11580 11832
11583 12457
11585 11778
11585 12118
11585 12553
11585 12683
11587 12453
11587 12474
11588 12081
11590 11733
11591 11891
11592 11678
11593 11632
11594 12498
11594 12526
11595 12477
11597 11756
11598 11743
11599 11601
11600 11677
11600 12303
11601 12222
11602 12271
11602 12551
11602 12556
11603 11648
11605 11928
11605 12028
11605 12065
11605 12163
11605 12168
11605 12576
11606 12255
11607 12259
11609 11661
11609 11674
11609 12445
11610 11633
11610 12276
11614 11637
11614 12464
11616 11888
11616 11919
11617 11906
11617 11987
11617 12151
11620 11643
11620 11827
11621 12569
11621 12681
11622 11870
11622 12478
11623 12051
11624 11628
11624 12232
11628 12241
11628 12438
11630 11894
11632 11896
11633 12276
11635 11724
11635 11878
11635 12089
11636 11952
11636 12030
11637 12156
11638 11716
11638 12383
11639 12259
11640 12303
11641 11665
11641 12295
11641 12480
11641 12615
11641 12664
11643 11827
11643 12075
11643 12182
11643 12552
11643 12553
11643 12583
11643 12639
11645 11754
11645 12258
11646 11658
11646 11911
11650 11869
11650 12071
11651 11685
11651 12011
11651 12272
11652 12446
11653 11832
11653 12393
11654 12128
11655 11668
11655 11672
11656 12393
11659 12339
11662 11774
11662 12074
11663 11697
11663 11835
11664 12519
11665 12295
11665 12664
11669 12502
11675 12269
11676 12289
11676 12319
11676 12533
11677 12303
11677 12662
11680 11842
11680 12661
11691 12121
11692 11991
11692 12095
11693 12393
11695 11712
11695 11849
11696 11804
11696 12487
11697 11835
11697 12318
11698 12231
11699 12072
11700 12006
11700 12138
11700 12521
11701 11932
11702 11715
11702 11719
11702 11787
11702 12534
11703 11719
11703 12338
11704 11862
11704 12236
11705 11973
11707 11721
11708 11961
11708 11967
11708 12448
11708 12524
11709 12416
11709 12633
11714 12488
11715 11823
11715 12534
11716 12383
11717 11749
11717 12149
11717 12288
11719 11787
11719 12534
11720 11767
11720 12559
11720 12646
11722 12008
11722 12433
11724 11878
11724 12024
11724 12037
11725 11847
11725 11931
11725 12467
11726 11933
11726 12536
11726 12651
11729 11976
11729 11995
11730 11810
11730 11854
11730 12268
11732 12280
11734 12508
11735 12247
11735 12304
11735 12425
11737 11837
11738 11782
11739 11926
11739 12177
11739 12410
11741 11851
11742 12559
11743 11833
11745 12479
11746 11802
11746 12620
11747 11866
11748 12064
11748 12520
11749 12269
11752 11852
11753 11934
11754 12361
11755 12349
11760 11911
11762 12456
11763 12081
11763 12685
11763 12691
11763 12692
11764 12430
11764 12603
11764 12618
11764 12622
11764 12684
11764 12694
11765 12127
11765 12198
11765 12454
11765 12601
11765 12684
11766 11771
11766 11818
11766 12431
11766 12604
11766 12679
11767 12427
11767 12559
11767 12646
11768 12566
11769 11824
11771 12604
11771 12679
11773 11775
11773 11896
11773 12587
11773 12653
11773 12671
11774 12074
11775 12587
11775 12610
11775 12686
11776 11777
11776 12357
11776 12689
11777 12689
11778 12553
11778 12611
11778 12683
11779 12568
11779 12613
11779 12675
11785 12073
11785 12224
11787 12504
11788 12358
11790 12078
11793 11859
11793 11952
11794 12281
11796 12244
11797 12076
11801 11811
11802 12620
11803 12112
11804 12137
11806 12455
11808 12533
11809 12511
11810 12239
11812 12358
11813 11814
11814 11816
11814 12589
11815 11991
11815 12466
11816 12672
11818 12679
11818 12693
11819 12000
11819 12489
11819 12513
11820 12299
11820 12632
11821 12301
11824 12695
11825 11855
11825 11971
11825 11993
11825 12503
11826 11908
11826 12460
11827 12075
11827 12116
11827 12118
11827 12200
11827 12553
11827 12583
11828 12109
11828 12150
11829 12328
11830 12390
11831 11872
11831 12027
11831 12044
11831 12058
11831 12066
11831 12153
11831 12185
11831 12195
11831 12459
11831 12544
11831 12545
11831 12549
11833 12314
11835 12318
11842 12661
11844 11846
11844 12577
11845 12619
11846 12577
11847 11931
11847 12467
11848 11902
11848 11931
11848 12092
11850 12603
11850 12612
11850 12685
11851 11891
11852 12259
11852 12440
11853 12428
11853 12441
11853 12443
11854 12218
11854 12268
11855 11971
11855 12503
11856 12184
11857 12128
11857 12427
11860 11986
11860 12023
11860 12041
11860 12060
11860 12178
11861 12003
11861 12031
11861 12040
11861 12505
11862 12450
11862 12643
11867 12419
11867 12518
11868 12479
11869 12071
11870 12478
11871 11873
11871 11890
11871 11977
11871 12020
11872 12022
11872 12027
11872 12044
11872 12066
11872 12459
11873 11880
11873 11977
11873 12020
11873 12067
11873 12670
11874 12063
11874 12175
11874 12437
11874 12494
11874 12495
11874 12647
11875 11964
11875 12019
11875 12156
11876 11984
11876 11989
11876 12156
11876 12524
11877 11885
11877 11923
11877 11968
11877 11978
11877 12025
11878 11976
11878 12024
11878 12089
11878 12099
11878 12171
11878 12188
11879 12557
11879 12574
11879 12583
11879 12639
11880 11977
11880 12020
11880 12067
11881 11948
11881 12173
11881 12666
11882 11884
11882 11886
11882 11951
11882 12054
11882 12059
11882 12544
11883 12032
11883 12090
11883 12188
11883 12196
11883 12213
11883 12525
11884 12059
11884 12147
11884 12189
11884 12514
11884 12522
11884 12523
11884 12544
11884 12669
11885 11923
11885 11968
11885 11978
11885 12025
11885 12032
11885 12055
11885 12090
11886 11970
11886 12033
11886 12054
11886 12059
11886 12061
11886 12157
11886 12165
11886 12544
11886 12642
11886 12645
11887 11974
11887 12034
11887 12102
11887 12186
11888 11895
11888 11919
11888 12120
11888 12582
11889 11917
11889 11924
11889 12092
11889 12573
11890 11948
11890 11957
11890 11977
11890 12020
11890 12649
11892 11965
11892 12029
11892 12036
11892 12053
11892 12091
11892 12579
11893 11907
11893 12330
11894 12130
11894 12588
11895 12582
11896 12099
11896 12120
11896 12159
11896 12193
11896 12671
11897 12047
11897 12122
11899 11922
11899 12165
11899 12194
11900 12253
11900 12428
11900 12650
11901 12557
11901 12574
11902 11931
11902 12092
11902 12341
11903 11992
11903 12461
11903 12572
11904 12154
11904 12160
11904 12554
11904 12595
11904 12643
11905 12170
11905 12292
11905 12437
11905 12643
11906 11987
11906 12114
11906 12151
11906 12167
11906 12191
11906 12580
11907 11909
11907 12085
11908 12460
11910 11978
11910 12265
11912 12084
11912 12431
11913 11921
11913 11966
11913 12012
11913 12168
11913 12574
11914 12042
11914 12047
11914 12152
11914 12154
11914 12190
11914 12652
11915 11926
11915 12538
11916 11928
11916 12028
11916 12116
11916 12574
11916 12583
11917 11924
11917 12092
11918 12089
11918 12099
11918 12124
11920 12171
11921 11966
11921 12012
11921 12036
11921 12168
11921 12197
11921 12579
11922 12117
11922 12165
11922 12194
11922 12470
11922 12642
11923 11968
11923 11978
11923 12025
11923 12032
11923 12060
11923 12090
11923 12109
11923 12110
11923 12171
11923 12188
11923 12277
11924 12092
11924 12573
11925 12112
11925 12151
11925 12164
11925 12191
11925 12367
11926 11975
11926 12177
11926 12410
11926 12538
11926 12540
11927 11960
11927 12111
11927 12112
11927 12152
11927 12187
11927 12190
11927 12667
11928 12028
11928 12116
11928 12163
11928 12574
11928 12583
11929 11930
11929 12104
11929 12245
11929 12656
11930 12104
11930 12245
11930 12656
11932 11954
11932 11965
11933 12536
11933 12651
11939 12253
11939 12339
11939 12441
11939 12443
11941 12286
11944 12275
11945 12528
11945 12635
11946 11976
11946 11995
11946 11999
11946 12526
11946 12545
11946 12549
11947 12006
11947 12015
11947 12138
11947 12299
11947 12435
11947 12506
11947 12521
11947 12547
11948 12020
11948 12173
11948 12581
11948 12646
11948 12649
11948 12666
11949 12060
11949 12086
11949 12088
11949 12110
11950 11974
11950 12003
11950 12034
11950 12040
11950 12143
11950 12186
11950 12187
11950 12435
11950 12547
11951 12054
11951 12544
11952 12030
11952 12049
11953 11954
11953 11997
11953 12434
11953 12482
11954 11997
11954 12482
11955 12172
11955 12515
11955 12516
11956 12288
11957 11977
11957 12067
11957 12512
11957 12666
11958 12409
11959 12165
11960 12112
11960 12164
11960 12667
11961 11967
11961 12524
11962 11966
11962 11988
11962 12013
11962 12021
11962 12197
11962 12235
11963 12329
11964 12019
11964 12056
11964 12508
11965 12026
11965 12029
11965 12036
11965 12053
11965 12482
11965 12576
11965 12669
11966 11988
11966 12012
11966 12013
11966 12021
11966 12036
11966 12106
11966 12168
11966 12197
11966 12574
11966 12579
11967 12469
11967 12524
11968 12025
11968 12032
11968 12055
11969 12006
11969 12034
11969 12043
11969 12175
11969 12186
11969 12450
11969 12506
11969 12643
11969 12647
11970 12018
11970 12059
11970 12119
11970 12165
11970 12189
11970 12575
11970 12645
11971 11993
11972 11999
11972 12024
11972 12037
11972 12044
11972 12094
11972 12545
11973 11998
11973 12507
11974 12040
11974 12102
11974 12186
11974 12187
11974 12652
11975 12035
11975 12052
11975 12139
11975 12169
11975 12177
11975 12191
11975 12237
11975 12485
11975 12538
11975 12540
11976 11995
11976 11999
11976 12024
11976 12037
11976 12188
11976 12196
11976 12549
11977 12020
11977 12067
11977 12666
11978 12025
11978 12090
11979 12062
11979 12065
11979 12116
11979 12469
11979 12524
11979 12576
11980 12055
11980 12317
11980 12513
11980 12542
11980 12548
11981 12494
11981 12495
11982 12147
11982 12669
11984 11989
11984 12019
11984 12026
11984 12056
11984 12057
11984 12144
11984 12156
11984 12189
11984 12257
11984 12482
11984 12524
11984 12535
11984 12539
11984 12669
11985 12030
11985 12049
11985 12093
11985 12243
11985 12492
11985 12666
11986 12041
11986 12063
11986 12178
11987 12114
11987 12167
11987 12169
11987 12191
11987 12254
11987 12580
11988 12021
11988 12039
11988 12197
11988 12235
11989 12019
11989 12056
11989 12156
11989 12539
11991 12095
11992 12461
11993 12467
11994 12004
11994 12017
11994 12300
11995 11999
11995 12037
11996 12016
11996 12153
11996 12185
11996 12195
11996 12456
11996 12635
11997 12297
11997 12434
11997 12482
11998 12507
11999 12024
11999 12037
11999 12196
11999 12545
11999 12549
12000 12064
12000 12172
12000 12174
12000 12312
12000 12489
12000 12500
12000 12513
12000 12515
12000 12542
12000 12548
12001 12070
12001 12528
12002 12007
12002 12410
12002 12529
12003 12031
12003 12040
12003 12143
12003 12187
12003 12505
12003 12538
12003 12547
12004 12009
12004 12017
12004 12148
12004 12195
12004 12523
12004 12635
12004 12637
12005 12183
12005 12525
12005 12542
12005 12549
12005 12626
12006 12043
12006 12063
12006 12138
12006 12186
12006 12187
12006 12495
12006 12506
12006 12521
12006 12547
12006 12548
12007 12410
12007 12413
12007 12529
12008 12433
12008 12514
12009 12195
12009 12523
12009 12637
12010 12310
12010 12484
12010 12543
12010 12570
12010 12625
12010 12628
12012 12013
12012 12036
12012 12579
12013 12021
12013 12197
12013 12579
12015 12435
12015 12506
12015 12547
12016 12153
12016 12185
12017 12048
12017 12058
12017 12148
12017 12195
12017 12637
12018 12038
12018 12119
12018 12189
12018 12197
12018 12645
12019 12026
12019 12039
12019 12056
12019 12156
12019 12189
12019 12508
12019 12539
12019 12645
12020 12030
12020 12067
12020 12169
12020 12173
12020 12191
12020 12649
12020 12666
12020 12670
12021 12036
12021 12039
12021 12053
12021 12091
12021 12197
12021 12235
12022 12044
12022 12066
12022 12459
12022 12530
12023 12025
12023 12041
12023 12063
12023 12176
12023 12491
12023 12548
12024 12037
12024 12044
12024 12066
12024 12089
12024 12094
12024 12099
12024 12171
12024 12188
12024 12196
12024 12530
12024 12545
12025 12032
12025 12055
12025 12060
12025 12063
12025 12086
12025 12110
12025 12176
12025 12188
12025 12548
12026 12029
12026 12036
12026 12039
12026 12053
12026 12057
12026 12062
12026 12144
12026 12156
12026 12189
12026 12482
12026 12524
12026 12535
12026 12576
12026 12669
12027 12058
12027 12066
12027 12153
12027 12195
12027 12545
12028 12036
12028 12062
12028 12065
12028 12116
12028 12156
12028 12162
12028 12163
12028 12197
12028 12469
12028 12576
12029 12036
12029 12053
12029 12576
12030 12093
12030 12098
12030 12173
12030 12191
12030 12540
12030 12666
12031 12143
12031 12505
12032 12055
12032 12090
12032 12183
12032 12188
12032 12196
12032 12525
12032 12548
12033 12054
12033 12058
12033 12061
12033 12066
12033 12148
12033 12158
12033 12189
12033 12497
12033 12544
12033 12637
12033 12645
12034 12043
12034 12102
12034 12154
12034 12186
12034 12506
12034 12547
12034 12643
12035 12052
12035 12067
12035 12139
12035 12169
12035 12177
12035 12436
12035 12540
12035 12670
12036 12039
12036 12053
12036 12062
12036 12091
12036 12156
12036 12163
12036 12168
12036 12197
12036 12576
12036 12579
12037 12044
12037 12094
12037 12530
12038 12039
12038 12057
12038 12189
12038 12197
12038 12645
12039 12053
12039 12057
12039 12091
12039 12156
12039 12189
12039 12197
12039 12235
12039 12645
12040 12187
12040 12505
12041 12060
12041 12063
12041 12178
12042 12152
12042 12190
12042 12652
12043 12063
12043 12175
12043 12186
12043 12495
12043 12506
12043 12647
12044 12066
12044 12094
12044 12459
12044 12530
12044 12545
12045 12115
12046 12650
12046 12671
12047 12276
12048 12058
12048 12195
12049 12512
12049 12627
12050 12138
12050 12299
12050 12302
12050 12320
12051 12097
12051 12118
12051 12553
12052 12067
12052 12139
12052 12169
12052 12187
12052 12191
12052 12436
12052 12512
12052 12538
12052 12540
12052 12547
12052 12666
12052 12670
12053 12057
12053 12091
12053 12189
12053 12630
12053 12669
12054 12058
12054 12059
12054 12189
12054 12544
12054 12645
12055 12196
12055 12525
12055 12542
12055 12548
12055 12549
12055 12626
12056 12189
12056 12508
12056 12539
12057 12147
12057 12189
12057 12539
12057 12669
12058 12066
12058 12087
12058 12108
12058 12148
12058 12158
12058 12189
12058 12195
12058 12196
12058 12497
12058 12544
12058 12545
12058 12637
12059 12189
12059 12544
12059 12645
12060 12063
12060 12088
12060 12110
12060 12170
12060 12171
12060 12178
12060 12188
12060 12437
12060 12643
12060 12647
12061 12157
12061 12158
12061 12641
12061 12642
12061 12645
12062 12065
12062 12116
12062 12156
12062 12197
12062 12469
12062 12524
12062 12576
12063 12172
12063 12178
12063 12186
12063 12187
12063 12188
12063 12189
12063 12196
12063 12437
12063 12491
12063 12494
12063 12495
12063 12515
12063 12548
12063 12647
12064 12312
12064 12489
12064 12500
12064 12515
12064 12520
12065 12576
12066 12099
12066 12108
12066 12158
12066 12171
12066 12187
12066 12188
12066 12189
12066 12191
12066 12196
12066 12197
12066 12530
12066 12544
12066 12545
12066 12641
12066 12642
12066 12643
12066 12645
12066 12647
12067 12169
12067 12187
12067 12191
12067 12512
12067 12540
12067 12666
12067 12670
12068 12120
12068 12127
12068 12157
12068 12315
12068 12447
12068 12452
12068 12465
12068 12582
12068 12641
12068 12671
12070 12528
12072 12541
12073 12224
12074 12101
12074 12472
12074 12611
12075 12118
12075 12182
12075 12552
12075 12553
12078 12261
12079 12370
12079 12418
12082 12340
12082 12562
12082 12690
12083 12120
12083 12333
12083 12471
12083 12587
12084 12126
12084 12551
12084 12656
12086 12110
12087 12108
12089 12099
12089 12124
12089 12171
12090 12171
12090 12188
12091 12579
12092 12573
12093 12098
12093 12666
12094 12099
12094 12530
12094 12545
12095 12588
12096 12442
12097 12116
12097 12118
12097 12200
12097 12553
12098 12173
12098 12666
12099 12110
12099 12124
12099 12150
12099 12154
12099 12171
12099 12193
12099 12530
12099 12551
12099 12643
12099 12671
12100 12107
12100 12139
12100 12166
12100 12177
12100 12540
12101 12116
12101 12157
12101 12161
12101 12273
12101 12553
12101 12574
12102 12154
12102 12186
12102 12345
12102 12652
12103 12113
12103 12179
12103 12554
12103 12584
12103 12598
12104 12245
12104 12597
12104 12617
12104 12656
12105 12123
12105 12659
12106 12163
12106 12168
12106 12197
12106 12470
12106 12574
12106 12578
12106 12642
12107 12139
12107 12166
12107 12540
12108 12158
12108 12641
12109 12150
12109 12605
12110 12150
12110 12154
12110 12170
12110 12171
12110 12176
12110 12277
12110 12551
12110 12643
12111 12152
12111 12164
12111 12367
12111 12667
12112 12164
12112 12187
12112 12191
12112 12505
12112 12667
12113 12131
12113 12179
12113 12554
12113 12598
12113 12644
12113 12658
12114 12191
12114 12485
12115 12157
12115 12470
12115 12574
12115 12578
12115 12642
12116 12157
12116 12161
12116 12163
12116 12200
12116 12469
12116 12553
12116 12574
12116 12583
12117 12165
12117 12642
12118 12200
12118 12553
12119 12194
12119 12197
12119 12575
12119 12645
12120 12127
12120 12193
12120 12198
12120 12270
12120 12471
12120 12582
12120 12587
12120 12671
12121 12129
12121 12155
12121 12180
12121 12554
12121 12577
12121 12580
12121 12581
12121 12592
12121 12606
12121 12646
12121 12649
12121 12655
12122 12131
12122 12152
12122 12154
12122 12180
12122 12554
12122 12577
12122 12655
12122 12658
12122 12697
12125 12128
12125 12181
12125 12531
12126 12551
12126 12554
12126 12656
12127 12157
12127 12198
12127 12199
12127 12315
12127 12447
12127 12452
12127 12465
12127 12551
12127 12590
12127 12605
12127 12641
12127 12671
12127 12684
12128 12181
12128 12427
12128 12559
12128 12606
12129 12606
12130 12157
12130 12588
12130 12641
12131 12476
12131 12554
12131 12598
12131 12644
12131 12655
12131 12658
12131 12697
12132 12366
12132 12466
12132 12578
12132 12590
12132 12607
12132 12654
12132 12659
12132 12685
12133 12496
12133 12631
12134 12363
12134 12629
12136 12192
12136 12522
12138 12299
12138 12521
12139 12166
12139 12177
12139 12436
12139 12540
12140 12623
12141 12297
12142 12174
12142 12176
12142 12491
12142 12548
12143 12321
12143 12435
12143 12505
12143 12538
12143 12547
12144 12482
12144 12483
12144 12535
12144 12539
12145 12296
12145 12627
12146 12496
12147 12189
12147 12514
12147 12522
12147 12669
12148 12497
12148 12637
12149 12514
12149 12523
12150 12277
12150 12551
12150 12671
12151 12152
12151 12154
12151 12164
12151 12167
12151 12173
12151 12180
12151 12191
12151 12367
12151 12577
12151 12580
12151 12581
12151 12649
12151 12670
12152 12154
12152 12164
12152 12167
12152 12173
12152 12180
12152 12187
12152 12190
12152 12191
12152 12367
12152 12577
12152 12641
12152 12642
12152 12643
12152 12667
12152 12670
12153 12185
12153 12195
12153 12635
12154 12157
12154 12160
12154 12186
12154 12190
12154 12493
12154 12551
12154 12554
12154 12577
12154 12641
12154 12643
12154 12652
12154 12658
12155 12181
12155 12554
12155 12577
12155 12581
12155 12592
12155 12606
12155 12646
12155 12655
12156 12162
12156 12163
12156 12197
12156 12469
12156 12524
12156 12645
12157 12161
12157 12163
12157 12551
12157 12553
12157 12554
12157 12574
12157 12577
12157 12578
12157 12588
12157 12590
12157 12641
12157 12642
12157 12646
12157 12671
12158 12497
12158 12641
12158 12642
12158 12645
12160 12595
12161 12162
12161 12163
12161 12273
12161 12469
12161 12574
12161 12642
12162 12163
12162 12273
12162 12469
12162 12642
12163 12168
12163 12197
12163 12469
12163 12574
12163 12583
12163 12642
12164 12187
12164 12190
12164 12191
12164 12367
12164 12667
12165 12194
12165 12642
12165 12645
12166 12540
12167 12169
12167 12191
12167 12436
12167 12580
12167 12649
12167 12670
12168 12197
12168 12574
12169 12191
12169 12436
12169 12670
12170 12437
12170 12643
12170 12647
12171 12188
12171 12530
12171 12643
12171 12647
12172 12174
12172 12491
12172 12515
12172 12548
12173 12190
12173 12191
12173 12581
12173 12646
12173 12649
12173 12666
12173 12670
12174 12491
12174 12548
12175 12450
12175 12495
12175 12643
12175 12647
12176 12491
12176 12548
12177 12410
12177 12538
12177 12540
12178 12437
12178 12647
12179 12554
12179 12584
12179 12658
12180 12244
12180 12367
12180 12577
12180 12655
12181 12531
12181 12559
12181 12606
12181 12621
12181 12646
12181 12695
12182 12346
12182 12552
12182 12683
12183 12525
12183 12626
12185 12195
12185 12456
12185 12542
12185 12545
12185 12549
12185 12635
12186 12187
12186 12190
12186 12506
12186 12547
12186 12643
12186 12647
12186 12652
12187 12188
12187 12189
12187 12190
12187 12191
12187 12485
12187 12505
12187 12538
12187 12540
12187 12544
12187 12547
12187 12548
12187 12647
12187 12652
12187 12666
12187 12667
12188 12189
12188 12196
12188 12545
12188 12548
12188 12647
12189 12196
12189 12514
12189 12539
12189 12544
12189 12548
12189 12645
12189 12666
12189 12669
12190 12191
12190 12197
12190 12642
12190 12643
12190 12647
12190 12652
12190 12670
12191 12485
12191 12538
12191 12647
12191 12666
12191 12670
12193 12270
12193 12530
12193 12671
12194 12197
12194 12470
12194 12575
12194 12642
12194 12645
12195 12523
12195 12542
12195 12544
12195 12545
12195 12549
12195 12635
12195 12637
12195 12669
12196 12525
12196 12544
12196 12545
12196 12548
12196 12549
12197 12470
12197 12574
12197 12642
12197 12645
12197 12647
12198 12454
12198 12587
12198 12601
12198 12684
12198 12686
12199 12315
12199 12590
12199 12684
12199 12685
12199 12687
12200 12469
12200 12553
12201 12202
12201 12262
12201 12373
12201 12391
12201 12402
12201 12406
12201 12424
12201 12608
12201 12682
12202 12262
12202 12373
12202 12401
12202 12421
12202 12475
12202 12608
12202 12662
12202 12663
12202 12664
12202 12665
12203 12307
12203 12380
12203 12412
12203 12664
12204 12373
12204 12384
12204 12386
12204 12391
12204 12392
12204 12397
12204 12400
12204 12420
12204 12660
12204 12663
12204 12676
12204 12677
12204 12678
12204 12680
12204 12681
12204 12682
12205 12673
12205 12676
12206 12344
12210 12314
12212 12222
12215 12348
12216 12556
12218 12268
12229 12260
12232 12697
12238 12680
12238 12695
12240 12274
12240 12429
12241 12438
12241 12476
12241 12563
12243 12550
12244 12655
12245 12656
12247 12425
12251 12267
12252 12320
12252 12490
12253 12441
12253 12443
12256 12537
12257 12535
12259 12440
12260 12291
12260 12397
12263 12592
12265 12317
12266 12596
12270 12471
12271 12551
12271 12556
12271 12585
12279 12330
12282 12616
12284 12380
12284 12519
12284 12668
12285 12287
12285 12384
12285 12388
12285 12664
12286 12287
12287 12664
12288 12509
12289 12290
12289 12546
12292 12437
12295 12664
12296 12517
12296 12627
12298 12409
12298 12434
12298 12483
12298 12624
12299 12302
12301 12523
12302 12320
12308 12359
12308 12412
12308 12420
12308 12527
12309 12490
12309 12636
12310 12543
12310 12628
12315 12447
12315 12590
12315 12684
12316 12324
12317 12548
12318 12390
12318 12416
12318 12633
12318 12661
12319 12415
12319 12533
12320 12490
12321 12435
12321 12499
12322 12661
12327 12638
12334 12527
12337 12563
12338 12534
12340 12562
12340 12690
12342 12440
12343 12358
12343 12364
12343 12675
12346 12591
12348 12673
12351 12369
12351 12565
12351 12673
12351 12697
12352 12353
12352 12691
12353 12612
12353 12691
12354 12606
12354 12621
12355 12356
12355 12405
12356 12677
12357 12622
12357 12689
12358 12675
12359 12412
12359 12420
12359 12527
12359 12660
12360 12566
12360 12602
12361 12677
12363 12593
12363 12629
12364 12429
12365 12567
12366 12578
12366 12659
12367 12577
12367 12667
12368 12555
12369 12371
12369 12673
12369 12676
12369 12696
12371 12596
12371 12676
12371 12681
12371 12688
12371 12696
12372 12375
12372 12620
12372 12660
12372 12678
12373 12391
12373 12402
12373 12406
12373 12424
12373 12608
12373 12663
12373 12665
12373 12682
12379 12631
12380 12668
12381 12394
12382 12404
12382 12609
12384 12388
12384 12480
12384 12615
12384 12663
12384 12664
12385 12387
12385 12391
12385 12392
12385 12426
12385 12568
12385 12675
12385 12682
12387 12391
12388 12661
12388 12663
12388 12664
12389 12390
12389 12609
12389 12663
12390 12421
12390 12426
12390 12661
12390 12662
12390 12663
12390 12664
12391 12392
12391 12402
12391 12426
12391 12662
12391 12663
12391 12675
12391 12682
12392 12426
12392 12663
12392 12682
12394 12402
12396 12619
12396 12665
12398 12640
12400 12660
12400 12678
12400 12680
12401 12475
12402 12406
12402 12408
12402 12424
12402 12675
12402 12682
12402 12691
12402 12692
12402 12694
12403 12568
12403 12675
12403 12682
12404 12432
12404 12663
12404 12674
12404 12681
12404 12682
12404 12693
12406 12408
12406 12424
12406 12600
12406 12675
12406 12682
12406 12691
12406 12692
12407 12567
12407 12596
12407 12688
12408 12691
12409 12483
12409 12624
12410 12413
12410 12512
12410 12529
12410 12538
12410 12540
12411 12519
12411 12638
12411 12668
12412 12420
12412 12527
12412 12664
12413 12529
12413 12541
12414 12664
12415 12421
12415 12661
12416 12633
12418 12431
12419 12499
12419 12518
12420 12425
12420 12527
12420 12660
12420 12663
12420 12664
12421 12426
12421 12661
12421 12662
12421 12664
12424 12560
12424 12608
12424 12692
12426 12662
12426 12663
12427 12559
12427 12606
12427 12646
12429 12675
12430 12622
12430 12648
12430 12689
12430 12694
12431 12597
12431 12604
12431 12656
12431 12679
12432 12681
12432 12682
12432 12688
12432 12693
12433 12514
12433 12522
12434 12482
12434 12483
12434 12489
12434 12522
12434 12523
12434 12623
12434 12624
12434 12625
12435 12482
12435 12490
12435 12499
12435 12512
12435 12515
12435 12521
12435 12523
12435 12538
12435 12542
12435 12547
12436 12670
12437 12647
12438 12476
12438 12563
12441 12443
12447 12452
12447 12465
12452 12465
12456 12635
12457 12538
12461 12572
12463 12536
12466 12473
12466 12578
12469 12524
12470 12574
12470 12578
12470 12642
12472 12532
12472 12611
12473 12578
12476 12563
12476 12658
12476 12697
12480 12615
12482 12483
12482 12512
12482 12522
12482 12523
12482 12535
12482 12538
12482 12539
12482 12542
12482 12669
12483 12522
12483 12539
12483 12624
12484 12543
12484 12570
12484 12625
12484 12628
12485 12505
12485 12538
12486 12509
12486 12534
12488 12496
12488 12624
12488 12625
12488 12631
12489 12490
12489 12500
12489 12513
12489 12515
12489 12520
12489 12523
12489 12543
12489 12623
12489 12625
12489 12635
12490 12515
12490 12521
12490 12623
12490 12632
12490 12636
12491 12548
12492 12627
12493 12658
12494 12495
12495 12647
12498 12526
12498 12533
12498 12625
12500 12515
12505 12538
12506 12547
12508 12539
12510 12534
12512 12515
12512 12523
12512 12538
12512 12540
12512 12638
12512 12666
12513 12515
12513 12542
12513 12543
12513 12548
12513 12623
12513 12625
12513 12635
12514 12522
12514 12523
12514 12544
12515 12516
12515 12521
12515 12523
12515 12542
12515 12548
12515 12635
12515 12636
12519 12668
12520 12625
12521 12542
12521 12547
12522 12523
12522 12544
12522 12669
12523 12542
12523 12544
12523 12623
12523 12635
12523 12637
12523 12669
12524 12576
12525 12542
12525 12549
12525 12626
12526 12623
12526 12635
12527 12664
12531 12550
12531 12646
12533 12546
12533 12625
12534 12625
12536 12651
12538 12540
12538 12542
12538 12547
12538 12548
12538 12669
12539 12544
12539 12669
12540 12542
12540 12544
12540 12547
12540 12548
12540 12549
12540 12666
12540 12669
12542 12543
12542 12544
12542 12547
12542 12548
12542 12549
12542 12626
12542 12628
12542 12635
12542 12669
12543 12570
12543 12625
12543 12628
12544 12545
12544 12548
12544 12549
12544 12637
12544 12666
12544 12669
12545 12549
12546 12625
12547 12548
12547 12666
12548 12549
12548 12666
12549 12635
12549 12669
12550 12646
12551 12554
12551 12556
12551 12577
12551 12585
12551 12590
12551 12605
12551 12643
12551 12656
12551 12671
12552 12553
12552 12578
12552 12590
12552 12607
12552 12659
12552 12672
12552 12683
12552 12684
12552 12685
12552 12687
12553 12554
12553 12574
12553 12578
12553 12583
12553 12590
12553 12611
12553 12659
12553 12683
12554 12577
12554 12584
12554 12590
12554 12595
12554 12598
12554 12605
12554 12606
12554 12646
12554 12655
12554 12656
12554 12658
12556 12585
12557 12574
12557 12583
12559 12606
12559 12621
12559 12646
12560 12692
12562 12690
12565 12697
12566 12591
12566 12599
12566 12602
12566 12672
12568 12675
12568 12682
12569 12676
12569 12681
12574 12578
12574 12583
12574 12642
12575 12645
12577 12580
12577 12581
12577 12646
12577 12655
12578 12659
12580 12581
12580 12649
12581 12592
12581 12646
12581 12649
12583 12639
12586 12610
12586 12686
12587 12686
12589 12607
12589 12672
12590 12605
12590 12606
12590 12607
12590 12641
12590 12659
12590 12683
12590 12684
12590 12685
12590 12687
12591 12599
12591 12602
12591 12672
12591 12683
12592 12649
12593 12594
12596 12688
12597 12605
12597 12617
12597 12656
12597 12679
12597 12686
12597 12690
12598 12605
12598 12606
12598 12644
12598 12655
12598 12656
12598 12658
12598 12697
12599 12672
12600 12691
12600 12692
12601 12618
12601 12622
12601 12684
12601 12685
12601 12686
12601 12689
12602 12672
12602 12683
12602 12692
12603 12612
12603 12622
12603 12684
12603 12685
12603 12689
12603 12691
12603 12694
12604 12679
12605 12606
12605 12656
12605 12657
12605 12683
12605 12684
12605 12686
12605 12690
12605 12697
12606 12621
12606 12646
12606 12655
12606 12683
12606 12686
12606 12697
12607 12654
12607 12659
12607 12672
12607 12685
12607 12687
12607 12692
12608 12619
12608 12665
12610 12686
12612 12685
12612 12691
12616 12681
12618 12622
12618 12684
12619 12665
12620 12660
12620 12678
12620 12695
12621 12695
12622 12684
12622 12685
12622 12689
12622 12694
12623 12625
12623 12628
12623 12635
12624 12625
12625 12628
12625 12633
12630 12669
12638 12668
12641 12642
12641 12643
12642 12643
12642 12645
12642 12647
12643 12647
12643 12652
12645 12647
12648 12689
12648 12694
12649 12670
12650 12653
12650 12671
12653 12671
12655 12658
12655 12697
12660 12663
12660 12678
12661 12663
12661 12664
12662 12663
12662 12664
12663 12664
12666 12669
12672 12683
12672 12685
12672 12689
12672 12691
12672 12692
12672 12695
12673 12676
12673 12695
12673 12696
12673 12697
12674 12693
12675 12676
12675 12682
12675 12688
12675 12691
12675 12692
12675 12693
12675 12694
12676 12677
12676 12678
12676 12681
12676 12682
12676 12688
12676 12692
12676 12695
12676 12696
12677 12678
12677 12680
12677 12681
12677 12695
12678 12680
12678 12681
12678 12695
12679 12690
12679 12693
12679 12696
12680 12681
12680 12695
12681 12682
12681 12688
12682 12688
12682 12693
12683 12684
12683 12685
12683 12686
12684 12685
12684 12686
12684 12687
12685 12686
12685 12687
12685 12689
12685 12691
12685 12692
12685 12695
12686 12689
12686 12690
12686 12695
12686 12696
12686 12697
12688 12692
12688 12693
12688 12695
12688 12696
12689 12690
12689 12691
12689 12692
12689 12693
12689 12694
12689 12695
12689 12696
12690 12693
12690 12696
12691 12692
12691 12694
12692 12693
12692 12694
12692 12695
12693 12694
12693 12695
12693 12696
12695 12696
