-3310.282499 -2716.730809 254.669668
-2519.857969 -2078.286208 184.456912
-3129.188334 -2582.302579 221.788828
-2707.599145 -2067.900002 230.533374
-3275.838639 -2508.270796 120.028985
-3667.122418 -2852.256748 166.117378
-2717.929963 -2123.800053 120.924059
-3268.557287 -2553.348883 144.250683
-2785.200248 -2187.529395 224.409044
-3366.625737 -2607.947448 125.770083
-2584.296102 -2007.236003 213.906484
-2868.961408 -2197.661617 104.283839
-2260.721420 -1768.415811 88.240706
-2643.413066 -2049.006010 79.749422
-2595.182157 -2071.894620 200.716965
-2448.246373 -1875.540571 88.970527
-2347.364592 -1901.272663 68.079719
-3627.919283 -2847.192335 248.031562
-3303.700084 -2587.371121 81.351477
-2571.039640 -2097.427590 110.380462
-3010.771637 -2347.801349 125.819241
-2388.459194 -1850.430957 72.698228
-2388.776728 -1850.645825 72.721998
-3049.471896 -2434.468132 236.628998
-3314.948632 -2592.265929 129.873025
-3610.365288 -2882.702069 279.975471
-2631.905400 -2012.441399 194.535699
-2264.058883 -1813.227834 118.032539
-2407.178848 -1926.517688 124.834852
-3588.823025 -2817.158865 232.379377
-2445.202277 -1979.432198 70.721827
-3452.242540 -2752.200309 124.475532
-2337.880029 -1863.962280 84.538093
-2762.126595 -2202.980776 97.933738
-2636.253928 -2103.001701 95.428687
-3184.210055 -2445.117224 113.430960
-2814.167176 -2200.026793 212.017642
-2467.818736 -1928.628803 192.365890
-2918.459451 -2185.826130 114.363692
-2411.976047 -1885.301514 174.089911
-2567.327363 -2005.350265 192.474316
-3278.509223 -2692.766297 153.771390
-2334.840654 -1792.711722 83.987143
-3441.496673 -2687.639957 256.608702
-2967.464517 -2220.154339 156.428516
-3409.205317 -2746.341226 92.204693
-2468.972202 -1847.932311 97.115379
-2266.057037 -1699.285617 138.484162
-2468.964940 -1851.221994 150.388556
-3399.999455 -2547.647424 207.671981
-2453.955251 -1965.545140 108.957865
-2642.195091 -2117.374558 116.847311
-2462.728473 -1857.627117 156.684700
-2245.341180 -1823.771468 100.546688
-2791.041641 -2266.534113 124.974169
-3234.093010 -2417.893585 128.291216
-2038.504898 -1529.114121 124.504002
-3210.751890 -2401.837682 127.211194
-2755.577998 -2205.075384 124.927061
-3208.116414 -2584.228856 85.810550
-2633.948528 -2096.883507 101.732425
-2065.818855 -1644.485584 79.964034
-2352.219281 -1872.352801 91.522912
-2299.574085 -1888.961648 107.591499
-3045.681725 -2466.111781 233.884655
-3566.927416 -2708.926766 206.008041
-2944.037999 -2390.510468 131.650840
-2653.130763 -2019.442858 117.698871
-2682.352671 -2039.807392 119.722107
-2805.718105 -2211.384623 200.066761
-2689.585870 -2160.585723 111.875109
-2985.321221 -2297.710226 197.208218
-2915.098607 -2341.524995 121.697575
-2233.010950 -1806.881775 64.323439
-3338.727435 -2568.002553 220.222237
-2260.765263 -1738.520978 147.775458
-2456.859286 -1888.937558 161.185365
-2818.310831 -2268.596399 155.085255
-2765.949830 -2221.662518 113.787762
-2646.034378 -2131.767220 71.275270
-2357.696035 -1804.186857 138.708274
-2792.995202 -2149.272055 217.797386
-2790.171561 -2198.787186 198.147579
-2800.279041 -2142.611952 70.166219
-3005.023619 -2287.857164 133.329667
-3514.380145 -2705.929529 230.629976
-3700.488903 -2762.984388 201.105410
-3607.285869 -2739.260191 97.583366
-3524.749522 -2813.350471 222.799820
-3662.481745 -2824.827195 239.244016
-2906.567519 -2289.008908 117.877579
-2528.986260 -1911.059353 116.829347
-2897.431858 -2202.235271 206.905804
-2916.089133 -2189.129941 184.697353
-2532.028150 -1919.109652 113.165247
-2338.821676 -1855.226306 118.592306
-2162.839582 -1752.217619 98.261035
-2760.847670 -2193.523085 197.472516
-2847.325261 -2305.640521 85.163908
-2623.452069 -2089.084050 166.172632
-3512.363507 -2821.757547 131.447865
-3177.181669 -2572.300662 144.350166
-3296.389365 -2531.267091 223.779957
-2887.193764 -2296.222376 212.447072
-2350.615800 -1779.805184 172.683686
-2527.715326 -1883.444641 109.437354
-2730.430908 -2199.864236 130.955767
-3316.543920 -2468.601247 148.484754
-2833.455366 -2289.622175 84.206481
-3068.549517 -2461.743505 129.480147
-2775.863686 -2251.680106 96.314382
-2746.859993 -2179.979269 124.092840
-3516.546617 -2615.212182 150.266460
-3627.146183 -2893.783281 251.044329
-3281.589789 -2643.470174 157.723634
-3615.395827 -2698.756940 144.558636
-2996.873622 -2430.908945 103.872273
-2862.049600 -2278.784577 203.882518
-2391.139602 -1790.539913 123.686863
-2426.879986 -1843.300646 174.794001
-2998.547601 -2386.530897 214.231252
-2719.941653 -2189.896964 133.912350
-2229.782855 -1795.422162 107.768037
-3042.838414 -2351.781532 227.781771
-2642.828567 -1965.221099 112.125571
-3279.847607 -2617.146137 223.832482
-2349.733239 -1862.212129 62.566317
-3509.103300 -2827.319594 179.199384
-2945.302703 -2347.046061 92.640164
-2254.992864 -1721.285097 58.359775
-2451.341507 -1949.878445 180.974780
-2002.665690 -1607.742601 74.304028
-2455.755359 -1949.093932 123.552645
-2285.348987 -1738.051156 102.519828
-2227.656768 -1772.190114 164.812395
-2392.527371 -1789.139545 97.988696
-3401.780064 -2680.533758 288.126348
-1926.250272 -1494.887038 142.521113
-3103.565004 -2473.411044 97.948637
-2540.778756 -2013.833570 173.599713
-2775.695283 -2084.777774 137.541833
-2266.359950 -1695.571647 123.796860
-2921.616308 -2184.770003 116.499084
-2456.794718 -1950.024786 123.571298
-3418.892837 -2727.799169 121.643503
-3396.484136 -2692.632698 231.917575
-3006.242820 -2247.680571 119.518434
-2751.384006 -2197.752470 191.456429
-2476.248648 -1851.164713 100.910652
-3579.422951 -2877.620833 147.847232
-2432.289348 -1881.237473 144.940018
-3165.577589 -2585.926225 138.087123
-2941.699438 -2402.375503 127.979848
-3143.344555 -2500.502720 249.529920
-2601.970661 -1994.594250 83.849691
-2766.037538 -2139.305686 164.829087
-2364.183004 -1880.561972 178.738384
-3586.083181 -2843.143837 129.908468
-3177.773728 -2518.659390 117.152973
-2091.674334 -1708.851486 91.687937
-3149.229628 -2529.154198 154.785917
-3439.539261 -2698.172407 239.418786
-2139.721286 -1634.793172 54.890304
-3135.271121 -2368.269944 194.580427
-3439.712110 -2696.969590 239.531794
-2860.303790 -2271.766407 203.032176
-3451.619075 -2601.477976 124.387664
-3228.344828 -2437.440725 238.559434
-3230.668560 -2439.485854 239.027359
-2212.179619 -1807.395071 95.743077
-2959.214408 -2254.071234 120.161186
-3455.927308 -2607.839553 217.414860
-3469.608784 -2660.016955 110.213137
-2643.820699 -2032.738998 151.195296
-3198.343569 -2608.811494 214.888170
-2536.893363 -2068.825047 167.998847
-3437.114584 -2600.807714 257.586286
-2795.976870 -2133.355108 72.530044
-2212.168065 -1674.266155 165.713450
-2522.260747 -1922.466723 86.312070
-3513.088729 -2767.140556 156.272123
-2087.851837 -1584.594918 95.835451
-2819.872237 -2186.923443 137.590798
-2202.137374 -1777.022765 131.310438
-2531.938265 -2058.653863 182.161381
-2481.276276 -1886.665537 176.712937
-3182.661533 -2428.284422 82.544579
-2476.806851 -2014.648835 167.748561
-1854.222149 -1478.237280 146.531600
-2619.568660 -2100.740845 126.687569
-3438.902694 -2766.664870 168.710152
-3000.531893 -2350.887836 208.213690
-2789.015426 -2138.830842 119.670515
-2837.918423 -2178.221708 109.507200
-2964.950168 -2342.352876 113.504624
-2672.664326 -2019.731196 124.589307
-2369.062338 -1882.583224 75.138537
-2833.978633 -2251.226661 200.735554
-2889.405291 -2185.586393 211.571793
-2785.808993 -2093.470982 159.484154
-3647.251311 -2779.843350 126.711136
-2932.396427 -2229.495316 235.086060
-2178.790522 -1732.183681 77.403714
-2863.147333 -2188.593653 75.002717
-3029.155308 -2378.698908 257.818799
-2628.753589 -2082.921500 129.146397
-2663.714874 -2014.809432 195.951177
-2903.448759 -2198.676865 130.143790
-3148.022569 -2533.687020 155.988154
-3251.077150 -2447.701093 242.135284
-2820.638306 -2294.150094 202.789891
-2564.415469 -2007.401318 178.003288
-2420.882362 -1960.278601 144.552162
-2746.033322 -2108.318036 110.494698
-3152.601088 -2534.675139 131.158613
-2559.850686 -2059.735306 126.571401
-3101.900052 -2450.700174 117.183028
-3133.878787 -2369.216839 193.491634
-3643.395916 -2878.368219 139.622443
-2558.157360 -2058.222357 126.632853
-2793.966088 -2275.388478 119.178169
-2369.519714 -1882.939811 74.934759
-2524.120162 -2000.661793 111.814077
-2482.535897 -1968.884189 111.006566
-2726.886109 -2172.544615 114.461029
-2889.637508 -2191.085650 180.188918
-3230.452624 -2443.122509 199.906325
-2605.632254 -1970.845500 196.072418
-2394.917657 -1812.805137 143.789988
-2431.855619 -1850.955426 143.219838
-2553.582872 -2034.352690 107.982849
-2876.553501 -2302.939667 206.257927
-3537.115661 -2682.204455 219.639465
-2155.974230 -1648.668733 147.769506
-2111.542638 -1675.850655 90.466666
-2735.283214 -2065.620121 160.225870
-3512.662978 -2791.047634 161.669266
-2078.634194 -1584.996730 142.634071
-2620.938353 -1998.382713 179.754219
-2687.244096 -2029.499003 203.620553
-2844.626942 -2277.760091 210.895064
-2843.363621 -2277.894489 210.764750
-3497.713287 -2644.791125 209.729329
-2251.688019 -1818.641494 169.817659
-2535.532099 -1922.359432 126.797822
-3358.045202 -2712.429159 247.927394
-2358.944971 -1889.122658 176.964015
-3358.678997 -2660.453316 149.282546
-2627.685998 -2025.115386 163.162915
-2382.792302 -1883.255096 87.902410
-2391.821877 -1889.810446 89.821347
-2875.062504 -2270.870180 111.828691
-2874.438072 -2265.326907 126.414541
-3174.647308 -2455.228339 153.483834
-2954.688577 -2329.249425 136.171570
-3427.389612 -2703.515429 125.790485
-3425.631953 -2700.688552 125.283457
-2610.146799 -2057.681321 97.868938
-3499.292508 -2793.994844 101.562694
-2863.060208 -2256.802710 106.180988
-2005.658597 -1580.812439 73.567313
-2630.214971 -2072.785805 98.508953
-3603.995629 -2839.844277 132.019225
-3024.350503 -2334.724569 202.867301
-3535.150247 -2788.040982 149.409373
-2847.508170 -2199.333934 139.226648
-2165.223171 -1707.648767 91.205985
-2734.406978 -2217.048354 207.366678
-2324.379974 -1837.402808 87.295938
-2471.960769 -1954.255365 91.526154
-2961.283731 -2331.714230 134.076457
-2639.915008 -2078.716164 119.459672
-3320.293277 -2615.240157 145.035983
-2637.612393 -2042.472203 153.966228
-2951.484492 -2366.417081 92.908096
-2983.414366 -2392.880979 93.667086
-3270.199867 -2577.001759 142.893873
-2994.986638 -2320.091769 156.867391
-2902.117250 -2242.898538 180.591123
-2634.115073 -2035.629975 156.514547
-3150.691882 -2440.088137 157.737798
-3546.636387 -2806.894072 135.252414
-3307.860418 -2616.496640 123.005115
-2668.134212 -2110.177715 98.902278
-2642.001709 -2038.669229 155.469298
-2315.772473 -1827.171041 104.992214
-3352.886872 -2675.160817 96.506238
-3396.082349 -2593.348282 209.161667
-3295.949875 -2530.690514 225.409979
-2278.499118 -1806.244959 62.329741
-2762.304359 -2189.768249 77.266780
-3377.266262 -2578.643865 198.490023
-3027.051037 -2310.930561 178.421571
-3027.245787 -2310.986104 178.527341
-3640.819200 -2778.781300 214.090803
-2645.268211 -2096.320522 72.273556
-3252.830812 -2486.306431 152.184669
-2194.157998 -1738.608281 59.964204
-3525.814096 -2688.351483 203.962229
-3419.746860 -2707.300800 147.438513
-3173.461934 -2540.423657 228.792526
-3060.429273 -2338.127652 148.510809
-2402.730243 -1835.544403 116.632468
-2530.306112 -2003.679874 74.674523
-2822.973079 -2201.463124 244.411530
-2886.701788 -2325.790926 99.437309
-2457.976544 -1887.331037 161.952850
-2989.819796 -2373.128328 90.636956
-2347.814730 -1873.065358 68.574585
-2164.955678 -1754.598137 163.212885
-2520.704565 -1984.622579 104.221272
-2757.756867 -2234.741066 207.843774
-3363.078377 -2725.064536 253.116822
-2076.854466 -1593.187880 120.144130
-2908.086655 -2238.874379 197.637712
-2367.046614 -1870.169134 99.796018
-2982.786155 -2295.702664 191.950141
-2138.443038 -1643.207772 106.031400
-2066.825483 -1633.553591 95.364068
-2367.682659 -1871.637817 99.562729
-3388.040489 -2591.626609 199.690084
-3608.615800 -2923.637011 271.637282
-3179.097066 -2513.107349 132.861650
-3462.941658 -2770.703424 249.218972
-2302.941395 -1758.958848 135.283924
-3218.235316 -2554.466454 97.167866
-2255.434185 -1790.124519 58.749109
-2544.265054 -1934.613052 117.118751
-2564.347409 -1940.359903 125.422944
-2638.084943 -1980.025010 105.950500
-3281.414367 -2660.804185 153.447046
-2878.354856 -2365.876426 130.545929
-2428.967497 -1823.212436 97.751005
-2397.802470 -1936.771431 191.472637
-3278.504820 -2659.671496 152.505756
-3046.816490 -2342.610581 110.175896
-2164.768337 -1625.415966 87.001209
-2737.729272 -2201.258945 193.447486
-2631.088018 -2025.301543 97.718443
-3175.438446 -2439.061928 115.645682
-2876.232848 -2258.237223 217.090507
-3256.065005 -2570.387408 228.659871
-2515.975205 -2058.005558 129.195792
-3470.670620 -2729.710595 261.102998
-3084.780190 -2310.326136 199.881105
-3156.560439 -2416.501990 220.930203
-2503.002523 -1926.875902 93.531492
-2312.456544 -1874.362511 106.096697
-3062.153831 -2292.307467 124.150832
-3065.633558 -2295.033943 124.387982
-2934.074064 -2196.651005 116.934721
-2787.707746 -2246.147059 131.557352
-2982.408326 -2270.914416 136.517378
-2962.073096 -2255.893505 134.908530
-2386.138385 -1818.299082 109.438210
-3589.901170 -2693.807300 144.845197
-2806.089125 -2164.506974 152.003567
-2195.943792 -1676.192122 100.199922
-3026.352122 -2311.619262 136.752760
-2925.179759 -2234.690790 132.432011
-2922.244406 -2232.506797 132.356626
-3528.845187 -2836.342683 249.847251
-3307.966609 -2528.145448 145.964058
-3316.460728 -2686.315110 153.216528
-3511.796322 -2840.566414 266.570252
-2606.513823 -2111.628543 121.891897
-3566.932232 -2890.001294 164.461389
-2830.605128 -2123.944209 114.323252
-2342.971014 -1848.931221 171.104450
-3602.576554 -2926.949452 165.015970
-2138.672670 -1737.768926 98.222173
-2364.595639 -1880.184112 179.196148
-2814.571066 -2260.081312 222.559290
-2501.974503 -2053.337763 110.639003
-2079.920513 -1669.034372 163.673122
-2779.278296 -2228.400835 221.001382
-3459.327938 -2772.843167 276.093148
-3564.183947 -2924.842375 155.725817
-2615.787855 -2146.294130 115.129295
-3050.509876 -2441.607231 234.405624
-3280.271977 -2689.527033 150.250780
-2334.527478 -1789.961867 160.801076
-3539.665644 -2716.047820 160.314455
-3296.401541 -2528.171061 226.931032
-3420.990326 -2733.361621 260.645234
-2815.287578 -2249.136910 215.027260
-2595.041710 -2071.086628 195.937164
-3476.382100 -2667.663511 157.511910
-2420.706661 -1986.199626 107.832570
-3054.187965 -2304.903458 116.919533
-3202.631033 -2543.249241 246.025970
-2591.235003 -2057.533531 196.011863
-2431.351575 -1975.679193 112.741915
-2639.300496 -2144.948574 121.033264
-2425.784746 -1952.978851 189.072668
-3035.740946 -2468.773327 145.127655
-2435.943101 -1863.439375 104.042998
-2347.673938 -1797.030711 97.950126
-3214.564335 -2628.958656 165.685134
-3026.831601 -2465.182266 156.006065
-2836.346845 -2172.923369 125.545162
-3024.685946 -2463.472266 155.841468
-2882.559136 -2276.330787 203.073377
-2331.869575 -1786.357395 160.826159
-2894.775754 -2377.458442 137.035853
-2098.018649 -1581.173824 84.847730
-2368.740064 -1877.743033 181.171924
-2416.592790 -1984.215375 106.472743
-1976.752277 -1601.071782 158.098590
-2919.764006 -2364.961846 231.080584
-2177.237007 -1692.544687 171.822818
-2673.400520 -2202.874840 127.182688
-2913.720441 -2236.188918 229.323874
-3228.787572 -2437.721186 155.523421
-2441.104059 -1921.878781 110.632725
-3360.038557 -2544.056246 212.977742
-3466.252107 -2616.622716 165.999274
-3228.029469 -2436.184165 156.876571
-3107.735170 -2354.045833 196.968002
-2665.892393 -2011.139429 129.782843
-2346.892761 -1770.336546 113.847574
-3222.075029 -2436.803801 204.107897
-3215.685356 -2424.927281 156.719172
-3127.117056 -2523.233340 236.149939
-3154.169931 -2378.097137 149.677299
-2637.083467 -2114.631654 196.861699
-3593.333744 -2708.577117 174.634157
-2715.738964 -2203.754715 85.044761
-2211.493782 -1672.831576 139.633975
-2628.349580 -1970.714632 158.744064
-2684.007880 -2039.546027 121.385106
-2666.060678 -2012.936614 129.537710
-3261.016290 -2612.819569 240.703107
-2928.809681 -2223.471437 230.621195
-2362.517755 -1887.284189 111.267418
-2268.606981 -1813.723626 106.937568
-2260.924994 -1719.440741 179.925093
-2845.816426 -2275.317660 134.733528
-3214.649302 -2570.626836 145.348372
-2422.032661 -1845.995234 184.466054
-2651.517954 -2021.780132 202.837790
-2345.448262 -1788.693846 178.504011
-3165.283871 -2533.033491 142.534770
-3052.874916 -2463.994649 230.608679
-3550.426033 -2669.500801 209.739282
-2918.568493 -2193.565765 168.417982
-2140.851220 -1607.904585 123.808770
-3091.382740 -2320.524335 185.613992
-2949.841110 -2228.265083 140.562257
-3137.539460 -2352.807721 189.029488
-2437.651338 -1983.270266 118.237575
-3600.159045 -2717.001400 207.130988
-3044.222359 -2287.398485 146.597208
-2353.881137 -1761.905182 114.152759
-2165.129703 -1620.499550 104.998444
-2981.297900 -2230.744914 145.653595
-2639.496876 -2159.741693 135.457225
-2382.922787 -1782.841338 115.376066
-3594.918376 -2746.568849 254.569117
-2465.131579 -1858.640048 155.401910
-2351.709026 -1758.962140 111.223537
-2581.308779 -2005.323905 204.086953
-3679.261811 -2773.864026 231.473150
-2480.263403 -1926.886038 195.480219
-2591.348971 -1972.745092 119.251382
-2360.551925 -1766.561342 95.461150
-2419.329183 -1880.147644 191.366988
-2408.405709 -1871.723924 189.486632
-3660.659979 -2739.770538 147.464555
-3454.126216 -2684.909942 263.454912
-2671.895271 -2201.641122 127.046885
-3590.098589 -2706.425731 226.159341
-3312.214029 -2520.922844 148.963334
-2678.995216 -2005.356775 129.639376
-2348.052027 -1790.358187 168.050807
-2607.600196 -1988.323897 179.773059
-3466.912574 -2603.689415 162.487424
-2858.780028 -2320.477445 93.701666
-2527.860432 -1897.800098 121.899808
-2971.371754 -2414.399590 97.538423
-3382.398105 -2712.298708 252.253813
-2858.856244 -2323.193229 94.324125
-2598.395517 -2083.797222 194.889309
-3019.069215 -2265.454938 146.000368
-3652.607946 -2740.065807 176.702651
-2785.290791 -2265.462507 93.826089
-2909.219826 -2179.252739 144.029445
-2351.494464 -1761.445008 111.979021
-2458.125241 -1982.652098 185.560607
-2564.490904 -1956.297177 183.396685
-2247.877431 -1806.463553 96.751339
-2152.712910 -1642.414827 148.106555
-2851.344524 -2135.218857 138.413680
-2940.701874 -2363.635072 126.546687
-2316.037446 -1877.289565 108.629017
-2875.539743 -2263.109800 130.858730
-3016.016251 -2357.021308 185.920573
-3291.058545 -2479.193218 136.620395
-2344.625745 -1881.147594 89.992044
-3246.563322 -2446.759520 133.817859
-3185.181403 -2555.443958 117.545138
-2832.283072 -2134.883008 116.505072
-3385.033756 -2552.015506 139.534529
-2630.538255 -2092.727544 130.509994
-2561.126145 -1959.933920 80.625793
-2344.285068 -1793.603862 72.374303
-3045.408566 -2380.211831 226.982689
-1929.968679 -1456.511539 84.945692
-2247.466531 -1682.064098 119.048886
-2421.415657 -1892.178501 149.282966
-3254.922501 -2450.498183 151.064058
-3559.575351 -2835.451921 112.768390
-3200.979499 -2571.001596 125.311395
-2604.262715 -2070.432550 182.902162
-2811.542962 -2108.433912 127.707099
-2833.997699 -2125.354918 128.728729
-2856.004569 -2269.684783 200.716924
-2581.797547 -1943.768782 112.618663
-3109.241114 -2470.556474 222.707050
-2638.491990 -2004.365578 150.010528
-3184.696221 -2556.627553 116.846043
-2776.734996 -2206.344863 196.436705
-3390.913777 -2551.202107 148.078035
-2352.051343 -1876.115546 166.405126
-3423.194384 -2722.312974 170.105739
-2567.796656 -1921.800590 135.857757
-2810.641197 -2199.000430 180.835433
-2643.843820 -1998.962788 122.201041
-2369.406236 -1791.501203 109.972514
-3384.590700 -2700.157090 239.373740
-2954.462399 -2259.760476 91.102762
-3570.226869 -2902.657774 173.350947
-2937.071135 -2354.338892 109.936537
-2345.387687 -1830.152958 140.242269
-2993.315342 -2399.197601 112.191916
-2619.786509 -2044.012719 158.675669
-2838.211211 -2146.052995 129.989916
-3024.360232 -2423.757994 124.549919
-3294.157374 -2613.348075 162.247641
-2168.961720 -1721.561156 106.422507
-3362.405725 -2577.428156 101.419520
-2787.912947 -2235.661679 107.502337
-3247.379994 -2454.473180 138.605884
-3542.236336 -2824.823281 123.058489
-2398.850626 -1846.879728 138.725309
-3199.809142 -2566.780300 124.214987
-2229.745223 -1836.675468 116.490289
-2358.270537 -1873.023599 113.526751
-2692.854277 -2015.110996 142.973161
-2776.957575 -2099.141815 120.751430
-2378.506307 -1822.898434 71.591420
-2968.442866 -2243.934055 127.403103
-3419.820673 -2725.554033 246.635072
-2720.453403 -2056.642133 118.236013
-2494.972659 -1983.629374 183.848222
-2877.680959 -2340.700642 139.806413
-3591.397431 -2860.144579 250.909630
-2811.198176 -2110.260295 160.872748
-2554.504941 -2034.195981 183.379146
-2239.151202 -1689.371693 127.954985
-2870.525991 -2268.349011 91.418751
-2239.097016 -1689.621572 128.080716
-3358.632622 -2651.635096 116.850641
-3051.321878 -2488.616363 173.325238
-3198.346932 -2528.650054 102.332522
-2996.798277 -2377.031821 200.403198
-3130.657255 -2549.316845 173.976992
-2550.348836 -2012.473085 213.414957
-2671.851758 -2114.199230 88.215219
-3020.510390 -2390.392866 99.197594
-2571.018995 -1960.943712 77.155206
-3548.475716 -2826.778293 255.984276
-2577.973568 -2037.612319 165.323632
-3266.087670 -2461.326246 177.191120
-2604.451209 -2074.643777 194.503714
-2287.636507 -1867.471794 92.518918
-2479.469368 -1862.732668 135.187129
-2607.926193 -2129.072714 105.403244
-3624.307779 -2890.325584 262.796533
-3039.420658 -2471.135773 148.135064
-2878.872807 -2259.309669 130.317276
-3475.003218 -2770.663911 245.842965
-2777.849845 -2215.540908 195.641108
-3430.579619 -2717.541102 115.564459
-2677.405000 -2121.753031 88.187641
-2605.839290 -2080.416741 176.480001
-3249.212668 -2594.519596 219.147631
-2873.011908 -2283.508601 101.390437
-2462.709435 -1969.130731 124.560095
-2235.154458 -1797.698808 86.348908
-2970.960096 -2402.404280 163.315789
-2942.143943 -2348.055608 199.402303
-2216.663541 -1706.287103 124.764875
-2775.620573 -2231.432476 106.869253
-3052.889429 -2517.175341 157.263756
-2806.293514 -2234.687262 100.673741
-2459.278083 -1958.532455 77.676212
-3559.945941 -2835.474110 117.154274
-2941.215726 -2391.951503 142.860610
-3587.628976 -2852.744231 251.427406
-2705.754594 -2231.933654 139.084908
-3356.450418 -2670.938527 246.093992
-2995.782917 -2386.422789 208.775005
-3247.546186 -2586.903291 218.345707
-2501.483502 -1991.243328 180.314865
-2493.893294 -1984.982975 180.374394
-2494.844134 -1871.442606 133.056625
-3297.662167 -2615.875334 115.894255
-3604.189038 -2864.600269 241.561561
-2496.173587 -1872.367450 133.209918
-3010.145807 -2445.576845 169.651441
-2476.027784 -1952.492596 206.467552
-2833.729534 -2255.434763 196.812501
-2877.804899 -2203.389935 92.431141
-2674.057716 -2045.650058 82.677291
-2385.058447 -1894.487514 173.795737
-3414.621075 -2722.587362 131.877684
-3480.532371 -2670.858273 105.345080
-2397.211422 -1898.846127 118.722280
-2938.934001 -2351.570252 106.222218
-2664.094654 -2124.064445 102.252763
-3395.235042 -2668.194115 254.358577
-3018.938999 -2406.427832 115.667158
-3079.375657 -2456.309018 118.454258
-2103.210869 -1614.504689 71.430878
-2523.656987 -2014.204526 179.900187
-2639.251932 -2113.179686 96.400177
-2280.252448 -1753.032256 77.967706
-2495.836472 -1998.239446 96.503452
-2494.787077 -1997.210174 96.704596
-2490.296521 -1958.751516 113.409955
-2890.325434 -2273.467704 131.588944
-3029.860887 -2328.036980 107.321325
-3099.555170 -2387.843593 136.023906
-2353.626241 -1865.416697 116.866029
-2624.208068 -2011.480051 92.953872
-3306.073394 -2619.851460 164.452629
-2803.741730 -2179.932000 170.825221
-2237.807194 -1773.284840 111.377862
-2843.256382 -2185.304876 80.209955
-3155.269879 -2420.202897 96.928607
-2209.773321 -1712.702229 136.470654
-3020.539439 -2340.832890 176.288916
-2998.811007 -2386.357757 111.853835
-3607.474364 -2915.228284 226.338130
-3313.835458 -2567.103200 205.458150
-3644.157441 -2894.825278 138.977029
-2631.747801 -2038.418486 153.613608
-2874.118352 -2261.705533 130.376347
-2590.154178 -2108.221706 178.687826
-2434.302249 -1943.816093 183.387241
-3410.086570 -2717.198485 129.699145
-2985.400800 -2378.704306 115.488922
-3055.249207 -2433.915519 118.093369
-2406.315532 -1956.560499 162.341981
-3154.610832 -2419.386423 99.202882
-2339.398084 -1862.947068 90.074832
-2960.208740 -2370.537957 106.777381
-2414.509568 -1857.922241 109.685527
-3376.559523 -2588.843231 118.887097
-3240.833401 -2458.008543 145.142993
-2228.784551 -1811.006716 115.208382
-2370.533661 -1816.684438 83.069322
-3250.907277 -2484.272153 183.527293
-3034.495859 -2329.050276 243.440385
-3187.713547 -2543.330083 231.395220
-2044.751087 -1646.187937 60.917455
-3584.494466 -2870.886879 141.289837
-3456.901833 -2661.888682 114.646964
-3142.169023 -2551.699619 157.614773
-2344.114562 -1901.474465 113.087031
-3456.924904 -2761.017963 106.434895
-2077.524706 -1685.348744 102.909674
-2881.586481 -2299.425679 208.307562
-3120.634057 -2379.360572 253.441537
-3381.641675 -2698.450085 241.940294
-3111.917269 -2524.693633 160.647165
-2915.987445 -2280.965807 216.444127
-2875.881588 -2339.505874 138.408897
-2489.288535 -1929.878457 111.829967
-2879.088593 -2253.592478 213.509011
-3383.409008 -2699.649073 240.659732
-3384.052224 -2700.250222 240.604631
-2906.695095 -2275.197702 216.570962
-2671.044948 -2042.777014 82.538957
-2096.563079 -1679.089874 78.111155
-2490.803837 -1929.946175 111.935306
-2804.831842 -2195.340379 207.909892
-3282.243585 -2667.863620 159.915837
-3116.062057 -2393.684878 88.300150
-2827.636911 -2296.879964 142.601972
-1923.207762 -1582.950843 93.372565
-2462.042425 -1916.237758 150.200346
-3096.963185 -2429.511983 215.024083
-2795.916211 -2267.680775 135.886234
-3326.402899 -2576.612567 148.203153
-2288.152491 -1757.736773 63.911260
-3015.648813 -2391.818652 197.690313
-2161.108050 -1730.875403 92.432239
-2431.451404 -1845.456120 193.447125
-2383.001159 -1866.331899 204.866970
-2657.873828 -1991.377543 154.121747
-3160.561294 -2535.080764 139.693774
-3089.149664 -2333.963060 195.496160
-2937.194311 -2219.154394 185.737402
-2768.480377 -2270.851127 132.528300
-3396.937660 -2694.705239 222.271961
-2543.738243 -1952.849197 101.221204
-2287.120946 -1757.797681 93.785174
-3319.501510 -2563.680721 264.275044
-3069.329028 -2434.222343 206.111764
-3570.971864 -2830.080405 234.002226
-3513.463495 -2751.619653 302.076951
-2409.187236 -1930.879952 103.781042
-3369.304351 -2664.661017 234.482562
-3365.212282 -2611.011397 239.408819
-2174.428400 -1735.385690 173.201285
-3544.721015 -2804.768969 234.002649
-2740.245167 -2175.156923 179.898260
-3342.373479 -2614.494239 242.947957
-3400.701322 -2769.715065 221.204241
-2893.868492 -2355.735188 188.204467
-3544.084088 -2783.657315 274.929897
-2793.230577 -2269.037605 124.346967
-2458.947896 -1860.892292 110.146709
-2770.764386 -2148.530721 123.452812
-2790.983170 -2267.281978 125.619905
-3390.660293 -2602.998060 120.652110
-3357.531817 -2591.281036 271.107659
-3360.559104 -2626.078894 241.256315
-3143.369869 -2368.967978 126.919021
-2975.528299 -2229.059830 122.172056
-3599.711975 -2890.106449 287.943529
-3182.793052 -2557.649953 194.609739
-2438.028279 -2008.815108 127.577155
-2831.413190 -2198.575015 228.085156
-2814.651890 -2261.104195 224.406463
-3188.652281 -2534.276771 255.036547
-2905.361919 -2371.217502 132.674971
-2651.436846 -1991.010910 118.617940
-2901.123435 -2299.617230 217.202007
-2871.777846 -2357.548691 130.448115
-2881.979920 -2253.795027 217.685289
-2903.726925 -2363.626771 172.555872
-2606.588508 -2031.582345 195.553405
-3708.833131 -2778.565689 151.687611
-2580.293162 -2014.314994 194.051090
-3113.828848 -2349.305228 127.261248
-3200.925949 -2538.792900 250.759081
-2877.007240 -2263.239467 241.182066
-2631.223881 -1964.430469 116.593325
-2156.421549 -1739.562069 111.962054
-2794.351099 -2204.303746 232.932783
-2805.344760 -2253.927911 122.294249
-3188.563326 -2462.949764 250.600888
-3083.757780 -2510.031524 170.773039
-2614.764707 -2076.385065 172.072388
-3293.058278 -2553.634967 147.262401
-2345.071989 -1823.270556 168.345422
-2418.267647 -1972.298172 113.041135
-2140.619250 -1675.782637 157.118461
-2424.712382 -1872.644585 193.335650
-2252.559529 -1841.355658 117.399589
-2265.848402 -1776.330584 174.268684
-2379.899716 -1896.363048 160.552243
-2838.003555 -2263.352480 192.277068
-2446.224252 -1883.694090 107.185187
-3198.974783 -2453.525847 257.029022
-2767.436707 -2232.129980 144.746195
-2376.093189 -1902.225029 107.440426
-3558.541386 -2705.879501 105.475800
-2871.511966 -2265.684550 109.813905
-3476.977214 -2730.751048 225.455201
-3439.061513 -2630.344694 214.015936
-3464.809235 -2677.106017 169.378610
-3468.051187 -2679.637118 169.635229
-2777.779569 -2183.143207 181.431726
-2108.643119 -1680.455693 75.991604
-2308.041745 -1764.693940 144.188805
-2890.205094 -2314.457397 210.423626
-2916.109805 -2229.299933 181.915533
-3495.757230 -2790.426465 99.106058
-2992.409292 -2312.802779 145.863200
-3015.799227 -2305.420014 187.683180
-3316.104590 -2606.116521 151.272149
-2954.848653 -2239.662754 148.403050
-2174.954205 -1733.583115 77.892225
-3064.447839 -2418.776357 117.803369
-3060.436281 -2420.971133 106.377103
-3486.483291 -2752.644251 134.529566
-2453.734876 -1907.368368 155.377986
-2930.770711 -2346.987172 214.975464
-2641.229959 -2054.532238 158.891651
-2427.782228 -1840.278519 123.685447
-2641.992050 -2058.329448 161.565630
-3033.678161 -2337.132123 211.769178
-2459.656857 -1969.723476 182.215379
-3320.314507 -2683.234825 112.275766
-3024.686854 -2355.908267 189.556781
-2210.671442 -1722.318752 135.551239
-2801.412203 -2181.848058 175.441664
-3030.518142 -2313.628107 178.971237
-3186.233831 -2527.392669 156.298484
-2836.816194 -2179.859560 83.769115
-2463.631209 -1995.749240 158.648249
-2615.331012 -1971.361731 198.596520
-3363.852171 -2555.434132 158.047463
-2186.397439 -1719.098334 99.898891
-3278.768868 -2472.705643 250.626868
-3366.799534 -2539.647209 256.923382
-2930.284593 -2285.503121 174.488087
-3061.401934 -2370.048451 220.029351
-3026.439250 -2319.986092 180.386092
-3204.095437 -2460.225541 213.338988
-2348.545180 -1850.742280 98.373475
-3654.379860 -2827.642762 183.738938
-2787.755785 -2195.860036 180.331023
-3643.980840 -2829.127179 234.132071
-3464.384882 -2747.144232 134.579802
-3418.369265 -2624.189342 226.669938
-2461.301186 -1969.764707 180.873466
-2991.658818 -2296.999882 199.733258
-2679.142806 -2061.829823 186.015483
-2601.027318 -2047.245359 130.131559
-2870.808502 -2201.061765 82.670413
-3334.115874 -2559.919520 221.284440
-2267.349291 -1700.718881 134.237468
-2623.866976 -2083.021549 126.854152
-3299.905442 -2518.393547 166.388658
-2633.436086 -2040.750181 188.852973
-2488.263108 -1920.167395 153.903881
-2446.102211 -1900.483382 155.690055
-3543.359381 -2789.330534 234.449076
-3548.023684 -2788.116013 162.560145
-3022.536771 -2405.449842 117.516580
-3113.671768 -2461.955050 216.724086
-3251.227579 -2531.479100 104.149797
-3300.699460 -2576.517177 104.169160
-2796.853519 -2174.174996 83.147733
-2638.779491 -2055.581799 84.632123
-2514.614443 -1968.849636 64.711661
-2246.653656 -1717.731305 142.180572
-3341.010699 -2607.287033 113.894139
-2781.717833 -2201.137955 63.400860
-2241.094221 -1757.432852 57.629092
-3299.090730 -2632.863242 114.780449
-2385.709619 -1871.053273 60.597490
-2922.467210 -2406.419771 132.244904
-2626.209254 -2047.597186 91.027852
-3319.311447 -2587.995766 115.217108
-3322.996095 -2605.258860 100.869136
-2423.357461 -1889.478752 148.758401
-2459.099828 -1987.573778 160.229740
-2339.902094 -1825.114868 79.383086
-3393.199803 -2658.498199 90.210016
-3111.960886 -2417.679000 83.817336
-2787.042151 -2092.390894 166.829461
-3498.526872 -2643.069054 215.775633
-3321.048398 -2493.144330 198.233662
-3316.079564 -2591.180595 129.334692
-3485.906529 -2727.044328 137.289636
-3648.000748 -2759.060390 271.806857
-2330.729141 -1828.383867 101.861562
-3493.379376 -2727.894592 134.652586
-2871.852756 -2246.612180 112.987346
-2872.343382 -2246.734160 113.705129
-3333.930070 -2613.958250 114.902537
-3326.349124 -2578.364340 98.068169
-2839.774202 -2208.711126 68.365341
-2469.357382 -1934.344265 55.021166
-3195.544136 -2506.057242 108.290344
-2656.993957 -2081.613132 55.504990
-3193.297371 -2374.974120 137.709004
-2970.875652 -2311.056321 108.010355
-3303.025899 -2585.229404 82.136807
-2597.201746 -2036.176896 117.763707
-2173.756454 -1624.818412 117.599348
-2450.780500 -1887.279885 159.977386
-2887.098056 -2243.288057 76.266717
-3029.201512 -2375.752292 133.531605
-2697.196588 -2011.935161 112.370673
-2655.998852 -2045.619424 173.281182
-2435.409437 -1867.345918 78.580945
-2773.718211 -2154.993978 73.550697
-3206.461121 -2595.167175 188.250761
-3184.432868 -2373.584095 144.923022
-2840.223458 -2274.377019 125.294676
-3069.136895 -2283.390378 131.669156
-3456.019038 -2753.794163 266.497341
-3062.785651 -2381.646770 74.331139
-2719.424368 -2069.933091 147.512580
-3306.841858 -2640.179473 247.745258
-2332.010371 -1833.956826 89.892711
-2535.083254 -2021.247291 193.804270
-3404.604409 -2614.117511 229.580735
-2920.899578 -2331.517614 225.387988
-2139.810357 -1683.096377 158.342948
-2036.302152 -1583.706342 59.453060
-2644.917990 -2000.948627 114.449371
-2858.833951 -2187.596986 164.073654
-3677.993476 -2814.154928 211.284552
-2957.081905 -2269.697705 214.698116
-3461.734833 -2824.855659 156.762222
-2803.099901 -2154.264686 184.632601
-3113.736054 -2417.425998 83.490971
-2981.981359 -2425.216449 132.632290
-2912.099231 -2328.126743 109.303620
-2135.963781 -1660.552888 64.576428
-2529.460540 -2022.742268 190.167268
-2911.005329 -2327.027441 109.248555
-3546.760321 -2832.641826 138.110449
-2895.455316 -2312.034299 112.818589
-2745.822727 -2107.317951 106.616232
-3266.906649 -2539.963843 89.147751
-2284.907875 -1765.338809 152.872801
-2642.381841 -2029.305015 192.028033
-3286.444093 -2582.676552 132.030194
-2342.825725 -1799.475439 153.985313
-2827.558795 -2199.957325 186.334806
-2933.534897 -2336.832515 226.892000
-1875.115554 -1473.235301 69.310176
-3580.852193 -2694.580084 150.603804
-2231.161291 -1743.952654 82.370726
-2716.869916 -2123.702601 97.917757
-2614.518818 -1988.926460 171.857248
-2745.373134 -2146.380716 100.161060
-2184.285368 -1662.368992 144.024760
-2520.026785 -1970.768819 91.062470
-2601.917264 -1969.799593 194.290532
-2802.264978 -2102.330754 151.480353
-2572.673355 -1995.717811 99.634992
-2801.941605 -2102.069087 151.495526
-2186.883017 -1668.041912 65.816532
-3000.634371 -2411.223650 127.472527
-3168.260176 -2524.756248 148.911381
-2294.599798 -1750.073976 146.049146
-3131.493757 -2363.267773 235.721911
-3158.285663 -2383.156172 238.205768
-2403.206379 -1880.901228 96.766326
-3451.801705 -2677.569901 270.855795
-2418.444390 -1876.906043 191.400765
-2445.630273 -1967.505773 94.495955
-2621.236255 -2034.413355 207.374240
-2469.450557 -1910.859776 95.185645
-2553.185004 -2034.210728 119.985305
-2884.693471 -2232.154108 110.508455
-3255.215385 -2473.423903 206.831449
-3062.406273 -2497.349683 172.485346
-3037.282419 -2426.210194 137.958672
-3276.231441 -2567.794364 148.080791
-2485.872312 -1948.179608 112.660029
-3441.165498 -2742.176588 240.860930
-2745.360217 -2187.500172 191.714774
-2749.251414 -2072.176272 150.145036
-2336.538104 -1829.403366 101.395834
-2481.722979 -1934.726899 99.616353
-2519.572720 -1965.546475 92.819717
-2749.619057 -2146.239470 105.317751
-3523.218834 -2750.890897 135.257496
-3326.172930 -2733.734444 138.107483
-3467.989939 -2844.511197 195.744948
-3238.951498 -2431.582913 175.364789
-3465.937177 -2842.750016 195.844863
-3051.979930 -2503.206802 173.442130
-3466.905164 -2842.928442 195.652947
-2422.981747 -1846.351644 183.671587
-3070.079169 -2387.952664 110.930450
-3053.903979 -2390.794744 127.434177
-2932.646198 -2373.963542 117.112337
-2674.155354 -2018.287762 145.042714
-3576.901299 -2685.005952 193.261710
-2445.466176 -1967.150453 97.233538
-2795.985454 -2204.383553 232.251833
-3186.578804 -2507.426143 236.102274
-2349.474437 -1767.777107 150.187400
-3228.050987 -2429.477618 136.172687
-2795.239377 -2156.421470 113.602669
-2894.319909 -2231.371076 118.528636
-2155.302600 -1682.133862 64.625428
-2806.403692 -2189.942995 77.141264
-2552.498071 -1950.850001 111.869280
-3290.314483 -2564.450649 95.937892
-2431.789313 -1907.830009 96.918957
-3278.542877 -2572.181374 122.351236
-3574.338483 -2797.412695 231.014736
-2419.431423 -1876.042200 137.073437
-2319.400528 -1820.196386 92.365108
-2617.432755 -2036.231269 75.901140
-2616.557143 -2035.513851 75.070293
-3461.224786 -2741.633831 148.237933
-2418.327111 -1899.893593 89.326075
-3256.888275 -2533.316019 93.027089
-2476.377217 -1900.589920 166.784567
-2679.664114 -2084.083776 74.749105
-3088.779724 -2313.067021 200.123492
-2981.515806 -2326.949696 132.834062
-2316.335188 -1811.455308 69.076240
-2293.077003 -1793.196056 65.547503
-3142.447266 -2514.091496 203.927869
-2367.246265 -1767.704922 105.240544
-2611.317286 -2035.588292 117.023514
-2875.188907 -2251.182204 105.483157
-3568.492728 -2689.726203 225.318062
-2149.531692 -1712.447618 101.204929
-2917.616315 -2281.297849 88.127785
-2617.124433 -2000.745388 165.819080
-2619.748984 -2047.812269 74.712169
-2619.247879 -2047.386110 74.699184
-3152.113188 -2463.885777 91.144604
-2692.736003 -2093.775677 213.623976
-2630.823982 -2048.713604 119.403877
-3266.551853 -2452.314533 141.158406
-3621.157688 -2830.330795 103.032756
-3543.727348 -2774.966085 129.931926
-2871.978651 -2249.333272 105.340465
-2739.408175 -2063.199128 173.775435
-2802.844679 -2110.822140 177.342512
-2520.312861 -1969.429658 75.085775
-3485.677860 -2745.591307 104.357171
-3590.085108 -2760.315443 218.921637
-2348.776781 -1837.352003 81.335448
-3195.841001 -2508.341108 96.052214
-2404.447883 -1894.152735 70.954225
-2808.368322 -2158.984996 171.142017
-2428.436552 -1906.303796 87.495902
-2682.925091 -2106.084959 86.206603
-2883.002902 -2262.492832 87.805159
-3441.233787 -2713.838529 84.595478
-3570.805165 -2802.714890 126.961025
-2788.386328 -2197.620613 83.579420
-3587.455291 -2950.469418 156.966158
-3555.516986 -2790.544702 121.875521
-3306.406935 -2593.693503 114.945235
-2243.890499 -1760.605188 69.085054
-2360.070421 -1814.775855 143.515985
-2398.356160 -1876.150777 74.905167
-3587.505905 -2815.027175 109.647368
-3536.997977 -2775.537732 124.774251
-3168.841931 -2606.351578 139.791321
-3323.570012 -2609.751399 97.888294
-2623.716259 -2068.066934 62.356026
-3465.981413 -2722.467136 85.209151
-2885.748303 -2266.931014 89.537508
-3298.553948 -2591.525244 113.055381
-2399.733314 -1884.241413 57.967610
-2991.444617 -2344.070403 87.112302
-2621.701175 -2066.717709 65.598017
-3267.769171 -2560.066140 94.777938
-2423.321379 -1898.415678 66.915241
-2368.861037 -1855.675543 70.853345
-2420.764908 -1902.220313 84.548755
-2318.283997 -1798.541455 82.350477
-2791.937532 -2186.974204 80.792427
-2672.426144 -2073.386109 94.776241
-2126.392779 -1671.440415 73.635750
-3601.079542 -2828.681081 121.346263
-2339.073763 -1836.382501 81.691534
-2284.109665 -1789.975931 62.217944
-2611.023453 -2113.666557 165.521291
-2880.534030 -2261.484921 88.354638
-2834.271801 -2225.305515 96.891834
-2859.279957 -2243.084104 77.565008
-2651.983597 -2082.311867 81.898872
-3277.482651 -2573.583388 110.892402
-2219.966337 -1736.331693 76.325651
-2371.309649 -1854.407739 73.956309
-2316.756311 -1824.737727 55.383319
-2702.124284 -2026.775871 103.985104
-2835.770282 -2234.586165 64.186263
-2551.222336 -1914.563520 152.785526
-2258.647440 -1694.240604 109.830641
-3580.727088 -2807.388635 77.636171
-2696.380990 -2110.392034 94.454249
-3445.932481 -2663.320681 202.728166
-2142.698141 -1687.691913 49.964395
-3257.404645 -2549.233730 112.590007
-2475.728867 -1939.035105 76.457682
-2880.304159 -2256.170270 89.855498
-2396.059834 -1876.965911 79.385889
-3277.373223 -2564.557669 102.205294
-3258.329137 -2553.231604 100.792288
-2567.944432 -2010.580672 80.318091
-2183.179542 -1708.874338 76.376746
-3210.607512 -2525.473530 94.460524
-2155.982641 -1687.915393 73.689487
-3390.640968 -2667.033825 87.104753
-2361.975571 -1906.241804 176.963286
-3468.198485 -2780.660663 107.747352
-3267.610205 -2557.234073 155.897684
-3437.296546 -2756.529636 123.882080
-3182.158798 -2551.934700 113.034878
-2706.533812 -2170.526224 97.368588
-3578.371970 -2814.935935 106.340637
-2931.096449 -2303.659846 83.355219
-2650.066549 -2086.203370 79.374428
-2819.826976 -2162.480431 91.143562
-2391.595535 -1871.323575 75.326200
-3283.974456 -2569.546400 111.758362
-3278.543586 -2570.691025 116.049452
-3583.943963 -2816.653948 88.699534
-3661.122178 -2871.047840 122.857287
-2776.458810 -2183.280831 71.436798
-2503.265124 -1933.137074 80.116672
-2688.387452 -2103.282341 84.537021
-2625.820161 -2064.238118 66.394053
-1850.353945 -1451.263619 62.112012
-2673.321424 -2104.933397 76.402920
-2576.465623 -2028.263593 76.630500
-2568.681230 -2085.958752 128.587159
-3172.086632 -2439.703386 103.248399
-3313.937207 -2609.127284 98.845933
-2927.397950 -2304.950784 84.413810
-2512.094272 -1978.821600 60.860233
-2966.549335 -2325.123605 103.317816
-2205.874458 -1737.629402 50.035603
-3582.826248 -2808.754452 111.327633
-3170.725462 -2444.878910 108.524252
-2423.679672 -1900.103187 75.518921
-3143.646461 -2475.257454 89.335785
-2635.156106 -2046.627138 86.437556
-3342.631780 -2596.457808 109.574747
-3039.812126 -2442.977513 239.368957
-2258.643668 -1788.708327 50.076807
-2792.960221 -2179.759080 97.175465
-2795.435094 -2181.772672 97.383806
-3141.196640 -2525.313857 246.970252
-2941.396794 -2242.501232 146.208828
-2743.336011 -2143.978928 166.587770
-2694.392381 -2107.218750 67.666695
-3634.374699 -2738.353161 148.596724
-2633.499348 -2059.796575 66.015675
-2340.374303 -1840.073525 82.225471
-3019.137763 -2361.789650 88.310007
-3327.561457 -2623.782542 103.054155
-3217.949420 -2517.551737 96.114483
-3307.821186 -2515.523392 107.570421
-2107.736717 -1661.524771 65.449131
-2792.580545 -2176.518749 97.680488
-2961.583384 -2334.138963 99.331652
-2512.453042 -1958.023295 81.278387
-2519.914144 -1963.804016 88.317507
-2663.920272 -2140.558529 206.223753
-2704.945104 -2107.714131 83.336442
-3539.565788 -2699.743616 176.140925
-3630.744649 -2832.286205 125.698883
-3209.481797 -2504.312284 100.665507
-2421.500828 -1889.372212 83.484019
-3528.310034 -2822.962035 171.200910
-2949.766861 -2359.841553 149.050392
-3322.869666 -2638.616065 111.043112
-3194.358951 -2537.379130 76.036439
-3284.934732 -2563.584110 112.655037
-2490.483110 -1977.176825 59.430641
-2157.594406 -1728.307236 171.117392
-3045.077869 -2319.075594 179.176863
-3321.365743 -2652.577597 164.378005
-2927.658423 -2229.420597 172.389750
-2996.914867 -2374.107391 66.228933
-2672.125979 -2038.239997 132.976027
-2643.257069 -2093.354481 60.282981
-3022.737152 -2364.470557 88.442501
-2319.181435 -1812.298027 83.159765
-2787.534745 -2177.872909 98.889171
-2606.670735 -2040.427081 75.470868
-3497.341779 -2758.593485 97.743266
-3661.631784 -2874.019590 77.997718
-2617.890035 -2049.934027 74.389845
-1945.615466 -1537.247236 46.434843
-2651.248483 -2092.199286 75.237095
-2125.651454 -1677.949611 49.824504
-2966.394967 -2340.960895 81.654288
-2880.104674 -2250.526034 100.264589
-2372.748839 -1857.797264 71.458785
-2899.146225 -2274.445033 62.385858
-3204.078338 -2522.380186 106.999958
-2152.443280 -1685.355568 61.322474
-2616.525399 -2048.746226 74.720554
-3499.024745 -2739.866636 105.901061
-3501.817429 -2742.088902 106.399886
-2423.022631 -1907.757415 80.529487
-2965.424186 -2332.509963 102.203158
-2842.009480 -2221.374273 99.869534
-2890.794227 -2282.482936 78.127385
-3542.345381 -2768.567680 110.973114
-3199.335760 -2469.628214 155.473575
-3007.038263 -2368.456735 100.133674
-3501.379475 -2761.553973 99.173484
-3089.530289 -2419.267423 85.863540
-2878.613032 -2242.857046 88.682806
-3425.620075 -2695.550375 112.531840
-2220.047705 -1828.372651 108.513115
-2825.580264 -2173.452528 224.453966
-3068.123428 -2386.843022 113.508358
-2878.796719 -2246.676821 93.093213
-2226.043531 -1808.439348 149.453906
-3645.695460 -2846.364029 163.328691
-3242.175579 -2522.909355 88.752213
-2891.086654 -2253.794930 115.954379
-2441.049460 -1889.613012 69.627743
-2187.171314 -1703.495497 136.366368
-3366.013036 -2691.297239 167.289563
-3563.581889 -2775.248011 138.053036
-2957.944069 -2378.617793 180.373478
-2820.332770 -2250.486141 217.699314
-2364.183443 -1875.187641 114.289712
-2458.466469 -1996.856090 165.270483
-2433.329145 -1941.785782 188.476606
-3042.014142 -2394.441688 96.768237
-3306.403750 -2617.853893 86.364544
-3414.044164 -2670.369564 297.386998
-2165.850713 -1671.336317 164.996433
-3414.135876 -2752.230082 143.342784
-2653.481257 -2092.902142 58.377235
-3445.037909 -2769.511796 210.568951
-2259.342317 -1747.336689 60.459262
-2470.497904 -1985.885992 150.606049
-2541.966655 -1990.311416 89.613081
-3030.091910 -2390.097533 79.895896
-2161.018173 -1685.602665 89.712111
-2625.157258 -2035.857407 94.662193
-2423.333479 -1976.820686 108.892741
-3125.238495 -2450.281739 116.044136
-2504.287943 -1959.180146 86.312747
-3082.540568 -2371.818111 184.319862
-2611.418279 -2048.469733 223.922982
-2721.211610 -2133.049059 100.384037
-3489.058590 -2734.657310 128.485559
-3496.109199 -2730.673744 154.573488
-2138.970836 -1726.748515 67.492687
-2652.651309 -2082.317096 87.186667
-3087.011559 -2410.786659 100.569167
-2397.567303 -1879.124813 88.952643
-2132.278490 -1662.305617 88.741545
-3706.094814 -2819.238127 119.561286
-2230.625289 -1756.981586 66.089248
-2733.526592 -2130.867247 113.870170
-3278.640947 -2573.075178 108.550258
-3501.786834 -2734.504381 155.236478
-3409.077093 -2662.848554 246.964788
-2410.495494 -1895.148764 205.442842
-2467.881085 -1935.337936 91.958050
-3058.273978 -2392.002307 92.859722
-2300.018564 -1757.978469 169.717429
-2582.556577 -2057.368704 168.548206
-3062.469153 -2383.565463 84.337126
-3230.362327 -2515.148779 86.974282
-3031.735679 -2360.841057 82.863575
-2656.146006 -2102.587118 66.875219
-2956.399897 -2312.349806 90.653927
-2404.044341 -1881.093089 73.715006
-3497.826054 -2801.586456 103.991328
-1880.104011 -1464.603874 50.984956
-2834.441619 -2230.552324 183.870714
-2340.690512 -1835.981398 87.463582
-2142.632386 -1642.653961 61.051600
-2829.387923 -2226.959875 183.885110
-2534.733432 -1932.790620 115.255095
-2414.593808 -1845.538473 178.745206
-2137.465336 -1673.147554 64.829521
-2607.641358 -2068.221444 125.543896
-2357.219926 -1886.431185 107.514864
-2365.828802 -1833.515819 204.322397
-2213.448921 -1718.709639 187.531479
-2669.710876 -1991.011589 156.003859
-3443.946535 -2797.588557 237.673563
-3214.164876 -2582.977306 144.287344
-3353.781423 -2704.698808 199.190735
-3023.712765 -2252.579114 146.450327
-2478.489591 -1852.476890 132.212694
-2790.997920 -2171.443745 238.056268
-3152.560567 -2356.875769 210.252160
-3696.325291 -2762.612682 247.129967
-3232.483412 -2414.355820 216.296807
-2767.666237 -2273.414603 128.691290
-2389.282197 -1962.015381 110.676281
-3525.294559 -2825.258279 169.862419
-2729.126552 -2141.584363 219.038375
-2893.535670 -2250.218550 245.807347
-3635.999045 -2711.594417 212.522487
-2367.505898 -1840.840190 201.155580
-2554.515612 -2009.392995 110.320177
-2544.408823 -1956.873479 133.651111
-2942.501700 -2352.407133 158.079517
-1878.946850 -1429.024182 150.620926
-2497.937361 -1977.176752 124.727734
-3470.856167 -2696.726582 283.232306
-2692.568410 -2167.286896 133.560339
-2646.887531 -2099.383418 132.372944
-2724.623879 -2142.114013 116.967294
-2619.754978 -2021.301019 170.314464
-2828.991883 -2243.815819 191.726202
-3129.718891 -2395.170645 155.328355
-3186.904004 -2439.188720 158.370573
-2643.147347 -2143.390009 85.207865
-2652.053553 -2111.885531 82.403536
-2518.534392 -1928.695803 125.187365
-3167.035339 -2417.845828 81.017821
-2966.572103 -2379.039872 143.812151
-2643.700908 -2143.885605 85.226937
-2948.322840 -2309.371845 200.865904
-3079.889440 -2448.074223 232.147142
-2654.817706 -1988.377868 138.098037
-2439.176561 -1940.023739 182.995353
-2703.083390 -2147.666008 203.185285
-3137.719623 -2553.539084 138.153155
-2929.808088 -2383.585805 129.596994
-3596.953343 -2718.445885 122.028529
-2388.908814 -1927.079803 142.305622
-3343.808820 -2719.418386 225.250973
-2189.681129 -1627.632798 95.359371
-3139.847589 -2550.091410 217.315346
-2426.726782 -1819.780654 151.738845
-2406.194376 -1926.862155 73.832695
-2360.659420 -1855.052649 105.599793
-2581.643314 -2097.079361 83.648222
-2982.234436 -2299.772179 180.800892
-2648.410029 -2071.585464 177.929703
-2165.885686 -1754.971354 164.115793
-3664.499372 -2866.607383 236.862621
-3538.176458 -2656.864551 192.370784
-2894.515188 -2274.370420 127.407307
-2545.775138 -1957.349360 132.901687
-2873.831197 -2169.340885 193.666924
-2481.438509 -1924.143500 194.881357
-3039.896734 -2447.459478 240.644924
-3099.023580 -2436.664867 233.812105
-2559.525407 -1939.976937 123.270551
-2639.212789 -2124.326709 123.118041
-2904.384656 -2229.059296 180.777025
-3388.547308 -2692.908285 230.255122
-2336.234740 -1803.831138 100.416123
-3317.231418 -2531.825168 112.984832
-3115.670396 -2429.401342 260.502877
-2506.251424 -2026.991097 129.772016
-2872.115674 -2351.582447 138.690030
-2987.391243 -2335.007871 200.242858
-3316.687339 -2517.607990 156.047784
-2021.589179 -1534.734054 94.972193
-3053.096394 -2403.265440 118.739143
-3543.434618 -2799.744327 118.541711
-2272.161513 -1801.262989 73.639408
-2186.795404 -1715.680688 104.579891
-2655.984448 -2171.765932 137.717208
-2858.668649 -2275.898389 197.690367
-2587.767843 -2059.747696 178.294342
-2166.716370 -1700.988562 98.046920
-3610.285813 -2791.394516 212.977451
-2703.206247 -2122.246009 122.065098
-3467.434525 -2680.771897 182.101152
-3218.986117 -2606.738593 242.727988
-2470.970466 -1914.717385 131.389399
-2745.996836 -2223.644982 207.952162
-2092.344390 -1693.890757 70.174232
-3313.945807 -2568.637760 175.985323
-2745.584209 -2150.710503 239.244112
-2429.533754 -1823.534013 112.908266
-2588.382071 -2060.361121 178.543239
-2181.242814 -1674.352775 108.931789
-3531.904136 -2708.717423 242.720219
-3612.887076 -2840.740348 243.060044
-2791.642518 -2191.536598 207.400805
-3059.008916 -2469.210980 244.263989
-3372.472130 -2712.326940 269.621891
-3416.891566 -2631.968639 241.590355
-3358.312279 -2653.754032 113.533766
-2886.815889 -2288.799985 218.352828
-3158.646436 -2504.829688 238.947551
-2295.255222 -1828.161938 151.768837
-2955.704633 -2221.115006 129.086655
-2213.504743 -1779.299334 176.505604
-3317.214247 -2666.837779 200.330127
-2338.218667 -1879.393224 186.431535
-2718.591884 -2088.925843 136.371120
-2264.906576 -1739.541594 112.128567
-2400.663998 -1928.877629 190.886111
-2970.352904 -2416.251148 95.208300
-3069.665202 -2430.006800 88.101390
-2168.747540 -1630.633785 94.728416
-2555.377607 -1935.973652 121.230970
-2445.320327 -1858.431982 91.639370
-3108.555239 -2364.697916 248.797001
-2227.057806 -1712.408100 136.837150
-2460.608377 -1959.247315 182.383518
-2746.937944 -2069.912638 161.313106
-3331.033419 -2534.171433 225.672230
-3352.759471 -2715.354285 228.210070
-2219.924818 -1758.979724 111.037477
-2219.451724 -1758.639992 111.089461
-2920.057452 -2328.561764 123.331515
-2758.366214 -2120.543819 170.240520
-3085.843632 -2530.325621 168.014081
-2990.020532 -2451.847092 161.916640
-2562.162792 -2030.395787 130.255594
-3224.487226 -2478.357987 198.266995
-3222.361073 -2428.139206 188.053035
-2538.417129 -1953.081729 156.904412
-1948.809649 -1494.696690 111.894551
-2892.033096 -2219.138036 165.454276
-2354.414701 -1874.587865 174.248002
-2947.649341 -2256.042338 235.803732
-2798.495714 -2157.509984 169.997482
-2483.430791 -2005.198906 157.480739
-2172.148807 -1667.124019 124.928124
-3056.377144 -2404.405199 129.761549
-2731.699661 -2074.643274 186.384979
-3635.873103 -2819.184080 212.512327
-3656.259191 -2783.375016 200.003154
-3174.572955 -2564.335342 203.130598
-2341.403587 -1764.312854 136.865417
-2788.696027 -2254.200721 132.370973
-2936.674779 -2365.179853 136.386538
-2455.923980 -1962.847475 94.152081
-3245.220539 -2494.021507 202.271458
-3134.157568 -2530.950759 250.252493
-2550.697854 -2033.247664 120.479917
-3594.288710 -2910.239674 172.489207
-2332.183332 -1883.312964 186.949951
-2411.545513 -1951.191917 117.498464
-3097.201219 -2344.728145 147.214210
-3156.896193 -2384.038269 239.322919
-2588.798962 -2060.865455 178.562244
-2518.998344 -1924.188346 200.794835
-2788.833762 -2190.073971 209.979472
-3492.765623 -2636.817189 217.000301
-2974.388005 -2375.558471 199.940984
-2578.384325 -2004.683532 207.840927
-2787.768647 -2140.017121 172.272283
-3262.167082 -2545.994214 210.729452
-2754.638745 -2177.836262 178.771121
-3178.660632 -2407.255797 151.381124
-3675.245573 -2774.004272 279.078172
-2469.482958 -1864.047901 152.785621
-3323.320197 -2689.859376 111.625766
-3434.046896 -2638.554746 210.981625
-3020.271794 -2320.806734 187.949415
-3109.368462 -2470.090462 222.560334
-2714.027070 -2169.842816 103.707920
-2706.671140 -2157.653649 114.199968
-2195.620383 -1778.524372 149.676405
-2428.868369 -1849.843029 161.219696
-2639.271325 -2075.667706 112.387696
-2510.663746 -2000.380181 168.073704
-2578.659553 -1948.973256 122.009932
-2982.728671 -2364.343465 151.384098
-2969.279483 -2365.517140 197.335394
-2454.422639 -1946.584181 122.244859
-2533.623622 -1998.059409 163.401441
-3174.443083 -2508.648895 219.570745
-3596.357507 -2731.054538 189.814734
-2239.887501 -1810.862853 76.336729
-3458.938997 -2744.921817 233.025645
-3181.813550 -2572.740053 108.728830
-2462.745732 -1947.609154 162.929353
-2463.104731 -1942.068685 159.014887
-2658.505778 -2051.625301 183.455350
-2902.366976 -2262.736844 215.808032
-3141.731891 -2541.691896 163.377896
-3482.530227 -2722.868205 283.277505
-3166.064254 -2533.000197 133.470883
-3015.170632 -2358.741107 241.671869
-2420.166293 -1893.808099 192.498339
-3071.762288 -2485.702502 184.841241
-2978.423764 -2332.250113 232.652975
-2429.474332 -1902.693052 189.345094
-2611.241666 -2059.951928 216.895842
-3026.213534 -2387.434361 251.766998
-2996.872313 -2349.751306 235.651820
-2794.697307 -2204.926873 232.845027
-2845.529037 -2231.439093 219.596247
-3082.193924 -2417.275157 245.892730
-2877.388452 -2261.326506 228.147975
-2070.474953 -1626.911574 164.729215
-3470.257261 -2726.448754 275.421911
-2848.074436 -2149.428200 179.062915
-2556.385779 -2007.886933 202.828675
-3545.256870 -2784.052081 295.064597
-3086.257108 -2349.151417 204.746384
-2578.725376 -2035.429963 214.586212
-3414.424528 -2678.643711 263.837512
-3410.548629 -2675.124243 273.253516
-2418.080731 -1898.841299 202.064003
-2405.931558 -1880.496406 190.281705
-2398.099440 -1900.702470 178.741148
-2554.612363 -1998.692919 212.348793
-2358.905833 -1762.818723 145.633503
-3062.532575 -2394.092970 248.214344
-2625.501485 -2055.637209 218.123660
-3369.544032 -2629.793538 274.417719
-2416.755825 -1884.767799 197.596119
-2475.656259 -1929.387740 209.387051
-3187.881446 -2486.978618 261.750771
-3396.677065 -2563.889871 258.853135
-2553.717170 -2000.981590 209.397858
-3483.919126 -2722.570215 278.946090
-3476.037451 -2692.888497 297.361150
-3436.521787 -2663.363789 292.545314
-3050.560616 -2393.268095 250.550180
-2414.218032 -1893.568840 197.404292
-3160.782975 -2450.498429 268.701026
-2570.476220 -2015.775894 210.955747
-2216.761757 -1775.453035 100.060692
-2787.642615 -2161.329137 227.840560
-2785.874568 -2159.663668 236.845596
-2812.182079 -2224.081742 221.554330
-2366.258645 -1913.839134 122.633659
-2239.033750 -1764.155379 178.726228
-3223.043190 -2618.649624 204.135128
-2416.147940 -1965.645312 115.624739
-2426.173512 -1919.480242 191.517025
-2810.819278 -2223.985228 222.421647
-2235.020105 -1764.408536 177.578083
-2337.487188 -1879.368095 186.991907
-3462.959427 -2746.668151 263.157966
-2486.041629 -1962.504304 197.525139
-3592.565815 -2710.703407 275.042542
-3022.084740 -2357.609967 224.714778
-2618.574101 -2122.765955 86.818852
-2802.075134 -2213.555538 206.029313
-2801.519728 -2213.056049 205.988411
-3188.777742 -2406.187554 243.316951
-2857.213924 -2257.300006 210.342847
-3020.201994 -2356.345930 224.208590
-3266.329580 -2480.504150 171.936286
-3623.379482 -2874.533478 274.584529
-2829.647487 -2301.036356 107.181695
-2347.648953 -1765.612314 101.865528
-2669.241791 -2007.782250 115.131338
-3367.165688 -2525.740215 140.368729
-2321.265960 -1809.401396 82.815443
-2989.959913 -2398.268904 168.271075
-3576.566624 -2910.688335 135.192937
-3146.720996 -2450.215817 70.076727
-3446.344734 -2698.864423 145.910192
-2168.451819 -1689.306984 76.758976
-3030.887153 -2362.621801 67.732032
-2517.041960 -2059.023207 118.229069
-2712.868345 -2124.257142 60.915333
-3056.702857 -2292.972675 165.558570
-3516.769649 -2638.974174 190.441310
-2545.778589 -1994.946756 115.460229
-2141.869169 -1713.054912 80.464693
-2376.269725 -1854.456029 53.140542
-2352.275832 -1799.241604 135.583025
-2241.815025 -1751.128099 50.380887
-3333.630440 -2727.215420 156.667541
-3554.313601 -2907.884817 167.251250
-2639.159482 -2124.183095 110.260220
-3207.516001 -2512.144491 145.399000
-2886.418407 -2235.228891 227.793031
-2440.471374 -1918.890460 184.476450
-3207.205216 -2511.897275 145.481790
-3228.352589 -2528.249110 111.209568
-2998.868276 -2402.658237 92.287768
-3604.521251 -2819.164787 240.481875
-2670.576785 -2088.420893 61.251610
-3413.991412 -2731.211591 128.633928
-2915.868622 -2328.656784 114.829635
-3575.044715 -2909.457627 136.080838
-2987.495251 -2354.639722 247.500290
-2286.465616 -1860.855084 87.093275
-2593.543732 -2030.116085 113.744965
-3038.071605 -2377.994219 132.067810
-2616.722627 -2046.237325 59.398531
-2914.938843 -2281.247353 127.285666
-3484.730964 -2724.990439 80.159255
-3530.583572 -2656.038165 223.590442
-2605.432855 -1980.707519 81.013715
-2221.040701 -1811.753014 125.631522
-2609.020221 -2005.605562 67.494516
-2320.227821 -1763.795869 72.346904
-2714.543267 -2170.666166 101.991117
-2717.727485 -2127.652289 60.792443
-2323.789523 -1755.109647 156.974493
-2931.699148 -2233.188099 192.652851
-2933.566846 -2234.507935 192.777358
-2616.890237 -2037.106177 73.859990
-3274.117210 -2492.968666 215.110677
-2154.782111 -1640.230086 142.742478
-2552.250616 -1942.568992 169.121185
-3270.739015 -2569.608856 78.395907
-3168.681834 -2458.498601 84.714570
-3132.226910 -2460.847713 75.524694
-3200.368018 -2501.480129 120.760809
-3352.138146 -2589.970268 104.790270
-3132.562783 -2461.157423 75.551234
-1942.246225 -1526.237738 46.016134
-2573.636250 -2026.670038 65.867657
-3481.696872 -2652.308580 229.324040
-2068.161735 -1617.176205 63.458856
-2402.466988 -1846.862479 159.321170
-2397.511418 -1868.408334 72.051157
-3523.124770 -2747.407607 126.728781
-3077.812508 -2488.750684 149.037651
-3333.138511 -2598.371960 100.217239
-2045.218560 -1595.152668 61.968836
-2664.171072 -2082.245509 77.335418
-2658.828600 -2066.104734 80.154092
-3220.262719 -2505.172150 102.731888
-2700.227391 -2114.215428 106.656228
-3050.760483 -2333.145871 177.371229
-2073.859100 -1620.861802 63.318952
-2871.065892 -2229.145302 81.000310
-2042.513178 -1596.574836 62.924605
-2679.251544 -2094.423108 83.445060
-2431.184099 -1900.566283 74.835426
-3029.252951 -2381.967857 74.191993
-2858.419568 -2144.591655 119.100847
-2113.139121 -1647.156678 78.452201
-3094.576380 -2357.085794 169.322362
-3016.079660 -2349.073213 122.886176
-3058.734783 -2386.191321 93.283282
-2979.149367 -2320.303855 121.343542
-2295.558612 -1786.456895 112.580769
-2926.984833 -2302.534616 72.057650
-2642.103277 -2012.272298 144.240005
-2382.900540 -1789.093641 104.083302
-2313.132229 -1811.013357 79.436871
-3145.945395 -2362.089180 136.570040
-3093.774290 -2383.260936 242.003670
-2713.915621 -2145.407160 64.058358
-2875.772386 -2304.619178 87.324237
-2429.001176 -1946.243095 73.941548
-2604.138824 -1956.140778 114.313121
-2223.310393 -1781.224828 92.536163
-2702.831259 -2106.905380 97.149862
-3043.368070 -2370.251719 118.552966
-3643.715234 -2846.476990 165.367341
-2715.040442 -2146.225522 64.170899
-2948.197437 -2216.288283 200.676782
-3486.989147 -2725.248813 132.733744
-2395.148126 -1883.273017 199.619174
-3653.486284 -2872.318764 304.723694
-2632.114190 -2056.640332 100.631473
-3490.950332 -2728.072051 131.769382
-3428.100490 -2775.351657 208.844794
-3315.489743 -2589.762326 148.792683
-2608.259524 -2111.065770 158.524229
-2461.306317 -2008.518620 104.518166
-3306.404761 -2649.131559 89.716975
-2641.860469 -2028.024837 184.092940
-2925.210544 -2352.039419 157.028673
-2304.195685 -1890.965701 108.306794
-3414.302443 -2642.911533 220.970368
-2780.196050 -2207.356292 90.295640
-3161.076721 -2373.005816 200.503042
-2183.887136 -1673.954013 150.036379
-2511.381045 -1906.294808 151.336486
-2971.400845 -2415.440175 213.662058
-2767.638284 -2251.741036 184.311935
-2467.166649 -1897.915936 141.875124
-3386.883551 -2599.948934 236.194507
-2610.997808 -2082.629799 203.371714
-2715.047124 -2080.721187 186.563733
-2404.628895 -1794.309982 92.919844
-3711.836798 -2788.625798 211.556014
-2297.607489 -1823.884980 103.373987
-3112.813843 -2442.267067 264.570145
-2398.537551 -1845.822628 138.237512
-2930.479276 -2336.306207 229.101340
-2275.171321 -1723.268514 102.119335
-2947.325995 -2232.588559 193.867587
-2987.535485 -2377.806420 120.216408
-3084.525879 -2350.492726 173.629192
-3345.759919 -2689.676434 90.934729
-2626.863242 -2095.271543 161.919889
-3101.091757 -2391.912463 203.126101
-3484.436824 -2621.544627 203.579881
-3118.316236 -2367.157095 86.865544
-2492.535606 -1882.637727 180.181969
-3007.891826 -2398.974316 234.468528
-2669.626351 -2058.506098 175.079968
-3066.278761 -2364.206614 202.080105
-2910.371992 -2370.089788 147.611578
-2445.598777 -1853.557253 75.361390
-3060.690917 -2492.462409 163.260021
-2252.019166 -1740.677780 130.487021
-3127.912103 -2469.568578 228.949805
-2250.515162 -1739.333451 129.319588
-2485.213078 -1901.316213 106.572431
-2958.697357 -2267.594104 130.797830
-3071.304160 -2410.989322 139.776039
-3278.277107 -2573.304706 149.596089
-2724.071554 -2224.347660 110.539897
-2786.618333 -2221.524246 187.203065
-3421.206915 -2727.331066 229.195658
-2785.256285 -2219.854215 185.881576
-3158.563114 -2593.575103 169.012114
-2465.409514 -1938.578400 183.976427
-2595.647580 -2061.059582 175.068034
-3167.229865 -2520.924503 220.483597
-2339.592665 -1841.012576 175.265846
-3288.288215 -2622.869512 220.077698
-2923.119371 -2368.879943 141.612005
-2912.451917 -2370.200507 177.526907
-3628.411915 -2758.220089 121.546712
-2635.977914 -2002.111288 150.577824
-2442.962111 -1973.332727 125.618471
-2609.625891 -1949.906173 110.161371
-3327.572387 -2622.417498 241.480234
-3597.340723 -2725.783969 205.282171
-3268.796079 -2476.321572 186.684953
-3568.529149 -2729.823711 109.590485
-3392.823036 -2683.932601 277.920667
-3235.066649 -2490.900638 186.614976
-2946.382665 -2327.045821 250.206006
-2139.185010 -1620.811000 96.751514
-3277.514459 -2573.370904 150.030556
-2353.015943 -1766.001100 90.355040
-3314.339995 -2482.793895 134.309783
-3126.738600 -2576.092616 150.131241
-2442.835587 -1979.343348 195.633334
-2220.480468 -1830.323038 106.125229
-2767.609870 -2242.520613 222.220105
-2576.292856 -2008.590047 222.959017
-2682.470571 -2062.806366 187.530622
-3108.996367 -2485.406006 224.101919
-3217.272103 -2577.606660 132.682871
-2371.736402 -1900.460959 97.280107
-2787.774202 -2166.317355 221.552441
-3479.287596 -2668.215702 103.823872
-2247.008403 -1717.733729 86.628213
-2578.744204 -2045.856483 116.688147
-2323.116224 -1876.822901 172.921897
-3029.558220 -2428.638677 110.774178
-3545.451117 -2701.102683 175.375969
-3368.937834 -2561.571920 175.453392
-2522.829424 -1918.231049 130.864512
-2307.728264 -1850.597438 84.623738
-2210.687663 -1772.851794 81.267473
-2302.360935 -1846.774956 84.850177
-2659.974674 -2019.874976 194.459743
-2425.599061 -1962.356670 109.755412
-3208.537682 -2456.604454 231.723033
-2362.669131 -1903.726847 79.084111
-2259.927154 -1794.634192 91.041775
-3456.518253 -2747.254716 129.170101
-2631.603357 -2092.026101 100.627459
-3083.958318 -2452.349984 116.338661
-3458.090242 -2750.724646 128.986221
-2210.884383 -1710.811674 140.608063
-2294.979287 -1825.715069 87.329515
-2411.987236 -1854.844396 92.878202
-3146.002920 -2555.729260 144.474400
-2603.851724 -2014.058303 135.775026
-3093.770543 -2467.482165 87.719972
-3270.193276 -2622.534629 98.559999
-3294.860076 -2557.718862 202.062163
-2854.385090 -2323.322417 98.412443
-2742.237671 -2187.423987 77.634937
-2912.250406 -2185.069783 112.984034
-2589.268358 -2012.859126 170.599282
-2217.139456 -1723.355407 146.296815
-2374.728673 -1895.598069 170.723743
-2800.969289 -2157.068253 111.543206
-2866.532736 -2331.182538 207.799362
-2944.946444 -2365.324522 231.717643
-2691.026023 -2051.291161 164.629314
-2902.078039 -2312.906187 97.899908
-2340.444710 -1865.694152 78.933091
-3440.513055 -2634.288313 103.051222
-3285.215351 -2487.524909 165.536665
-2182.198118 -1670.438930 65.146642
-2391.791270 -1793.263106 123.648763
-3093.694158 -2466.265066 103.773324
-3201.935299 -2432.165267 209.707542
-2895.613421 -2306.483965 96.305589
-3310.688793 -2532.111309 96.623256
-2887.546083 -2191.187077 188.183129
-3020.860836 -2311.196558 226.588247
-3296.204667 -2493.612598 157.620550
-2786.529668 -2116.532864 110.641420
-2513.671072 -1920.717400 74.564463
-3089.300823 -2334.214589 180.351256
-2761.297686 -2229.645504 205.849409
-3296.769231 -2644.841421 121.070893
-3638.991670 -2773.404890 297.183350
-2495.960986 -1921.210414 128.928561
-2936.920075 -2226.493340 229.696284
-2787.375387 -2112.762174 217.819466
-3298.661488 -2574.034918 195.282340
-2881.047294 -2261.977854 237.728195
-3597.959764 -2905.447598 111.138811
-3598.876023 -2906.222001 111.234492
-2643.026802 -2135.386163 120.993017
-2641.530919 -2133.273827 120.909345
-3155.154197 -2593.184575 169.686464
-3021.430961 -2325.196409 156.126812
-2741.495691 -2172.552016 180.684189
-2640.404154 -2054.378913 166.402713
-2435.739193 -1994.889712 166.511872
-2617.822648 -1986.158005 171.588400
-2436.053140 -1995.315908 166.447194
-2887.533750 -2325.465427 109.984368
-2784.898856 -2207.503986 182.975414
-2920.988593 -2378.148808 100.270205
-2396.847787 -1845.301728 104.394140
-2386.617075 -1933.371472 127.707815
-2884.061287 -2188.616536 188.667838
-2407.810579 -1891.405861 198.560324
-3170.053758 -2405.594292 207.717047
-3033.666001 -2473.055087 137.621647
-2992.047616 -2304.996434 130.504147
-2325.101757 -1882.982397 186.709061
-2394.016696 -1949.747319 164.205934
-3335.909047 -2553.117810 181.946352
-2595.245137 -1991.730185 189.515434
-2493.369911 -1945.360269 147.723351
-3453.868878 -2844.729160 158.558326
-3286.292800 -2488.400841 165.612312
-3279.703233 -2570.679253 223.742346
-2795.035179 -2185.014608 94.722735
-2989.166064 -2315.489419 144.511266
-2713.102989 -2055.348693 73.675177
-2830.183416 -2206.318272 65.821522
-3207.343484 -2493.666326 111.021909
-2311.026168 -1812.173335 75.249195
-2226.393100 -1726.408858 65.251770
-2711.492633 -2113.908037 63.413515
-2366.842524 -1844.883526 55.496632
-2851.161174 -2266.364212 175.684384
-2265.580011 -1771.912005 105.764800
-2305.576990 -1796.591097 54.386442
-3410.990636 -2612.965456 216.913579
-2496.514314 -1945.185771 57.567838
-3368.567695 -2625.414123 134.999581
-3331.775435 -2643.342829 133.209536
-3095.909882 -2456.092786 122.348876
-2124.646478 -1681.481904 56.377750
-2350.861994 -1798.894125 183.780988
-3177.879664 -2404.269184 152.435690
-2639.249802 -2173.892834 127.516025
-2976.140838 -2333.948155 65.265295
-2755.225185 -2168.310915 83.361632
-3297.416665 -2609.925059 87.273830
-2838.062038 -2250.635020 113.097278
-3325.495547 -2574.820956 220.836211
-2873.658678 -2279.105477 124.259758
-3331.334900 -2578.031553 161.720812
-2801.323953 -2274.688446 128.293643
-2235.745982 -1738.311925 99.324668
-2874.391549 -2249.412334 115.679161
-3413.114197 -2746.765793 120.458555
-3410.855316 -2697.424845 88.816870
-2638.230795 -2131.832567 121.643958
-2083.773568 -1716.438134 94.856501
-2622.239092 -2048.026287 88.654420
-3496.567957 -2734.746752 139.466956
-3119.883612 -2459.647960 79.432405
-2250.421696 -1769.177787 87.319528
-2219.290285 -1733.730711 74.121932
-3452.370499 -2715.609903 256.806146
-2603.194412 -2052.373614 67.137479
-2930.796067 -2318.395649 78.240326
-2611.093953 -2044.009504 106.201620
-2875.137641 -2247.181472 98.156185
-2622.495854 -2058.983038 71.160281
-3262.663147 -2561.185236 90.090021
-2605.125287 -2044.679033 71.492871
-3372.312862 -2569.820173 206.363258
-2698.170158 -2128.536870 73.673620
-3080.172704 -2479.680479 102.875408
-3348.962173 -2634.797653 248.650876
-2785.723006 -2191.803201 207.519861
-2306.821173 -1824.476231 61.244699
-2078.371790 -1582.897697 165.716547
-3126.458087 -2483.028358 101.124248
-3021.174662 -2457.308725 219.506426
-2872.285994 -2254.880955 91.041447
-2601.715891 -2042.579748 82.888760
-2757.279313 -2116.560096 201.036792
-2833.099511 -2325.262987 159.402468
-2427.781273 -1892.869116 167.716003
-2851.682311 -2275.786069 212.548621
-2619.188467 -2060.659217 80.928453
-2619.487699 -2060.926067 80.899793
-2321.750453 -1827.112724 81.447666
-3660.782244 -2881.005892 114.061962
-3255.673895 -2498.661111 237.479348
-2121.722931 -1670.033682 75.690263
-2378.349883 -1823.435356 70.866856
-2477.022477 -1942.965470 107.018567
-3183.504530 -2553.715748 115.955994
-2764.675230 -2218.543600 217.181019
-2891.800075 -2280.783695 89.983566
-2218.396489 -1771.375942 108.951170
-2416.207590 -1930.952402 118.967239
-2467.533957 -1907.743578 142.993329
-2306.736442 -1809.401037 72.503834
-2996.899469 -2433.675207 137.903473
-2801.355424 -2174.445209 185.065426
-3036.141222 -2410.349641 121.542522
-2496.218219 -1968.613188 67.076810
-2591.678040 -2014.853702 115.762102
-2641.240350 -2156.297393 111.958580
-3612.656436 -2838.360822 142.704184
-2733.281130 -2124.913261 121.660737
-2487.634390 -1903.951609 136.649174
-3622.292350 -2808.352645 238.095214
-3218.650395 -2537.693702 86.028017
-2328.485163 -1819.226481 87.551491
-3340.665137 -2655.580827 134.655881
-3216.460368 -2501.369052 266.176729
-2787.181230 -2164.205925 236.646924
-2136.516598 -1672.430690 173.587414
-3584.456048 -2819.672096 307.948008
-2940.395668 -2365.602145 159.331953
-2559.448141 -1987.103500 217.132801
-3443.582673 -2819.772031 205.958297
-2939.199247 -2247.240127 119.421461
-3527.765721 -2777.952480 250.105951
-3328.158141 -2568.025336 216.873859
-3084.837706 -2482.324032 166.865166
-2334.601641 -1801.646835 151.498329
-2667.317203 -2127.470212 208.417329
-2519.229122 -2003.345699 188.825685
-3023.861130 -2332.971464 197.260697
-2260.261712 -1711.325951 177.094295
-3494.941230 -2797.623346 142.676383
-2490.743677 -1898.158130 182.580529
-3358.168222 -2643.013065 236.938668
-3549.648928 -2842.957485 137.813953
-2179.570550 -1677.773964 86.486639
-3336.871733 -2713.027997 242.575316
-3408.128698 -2721.619593 107.318044
-2856.204689 -2173.891759 190.865805
-2561.458104 -1940.113421 124.413949
-2392.347513 -1907.921738 177.928335
-2859.795905 -2319.731799 91.859713
-2195.353233 -1714.337820 185.311278
-2708.125900 -2053.065514 84.799680
-2913.628361 -2207.861269 90.638143
-3393.923298 -2682.875978 221.644681
-2513.307262 -2009.698831 96.731057
-2872.718454 -2271.038214 94.228784
-2948.046465 -2234.599968 195.168705
-2491.226861 -1873.033565 99.881103
-3001.394290 -2431.897456 165.703008
-3442.902884 -2743.038770 174.718662
-2709.305755 -2061.760858 217.493332
-2262.151829 -1741.239466 98.650790
-3613.563102 -2834.026343 234.758884
-3381.933084 -2631.295950 279.236897
-2831.322006 -2186.904008 236.766820
-2267.278575 -1780.432983 187.668290
-3518.514578 -2861.782124 122.639852
-2238.567874 -1806.122810 131.608205
-3167.283386 -2445.881316 265.111596
-3537.201333 -2712.918231 286.578185
-3558.006281 -2882.892751 184.491664
-2931.050305 -2188.730117 181.923667
-2600.770072 -2128.673243 135.465967
-2711.056848 -2119.604874 109.132387
-2911.204717 -2301.287873 145.121329
-2580.160351 -1952.245905 124.567949
-2880.705460 -2277.952800 144.654993
-2438.530791 -1920.520998 61.627459
-2342.482268 -1844.970444 59.244985
-3626.275745 -2853.958339 90.057948
-2720.830961 -2110.206539 106.615864
-2783.371135 -2156.147656 220.013826
-2376.593930 -1835.185471 63.611316
-3062.785914 -2411.389792 107.524312
-2879.872096 -2242.412424 239.435148
-2162.993189 -1683.980502 180.840080
-2604.156967 -1982.452403 183.315033
-3438.362359 -2567.390122 138.469380
-2398.916190 -1792.097960 97.479336
-2921.872975 -2182.367757 117.970151
-2975.014450 -2217.353733 169.605037
-2923.646944 -2183.568004 118.099284
-2457.292672 -1969.533282 109.492568
-3128.687202 -2483.735111 100.135513
-2234.510904 -1790.906471 99.949435
-2626.068312 -2053.014806 203.763497
-3364.742776 -2632.038927 261.193200
-2644.949499 -2007.419226 152.666091
-2231.968402 -1686.207435 143.252256
-3587.102033 -2755.217349 124.033236
-3588.713515 -2756.493043 124.119170
-2263.942927 -1822.025278 108.654008
-3608.995904 -2773.704608 124.234891
-2860.012664 -2281.184732 205.013380
-2894.879352 -2354.156299 167.951903
-3525.757991 -2646.143890 175.104383
-2704.473219 -2199.065917 156.393106
-2979.161053 -2236.167496 148.236091
-2440.947298 -1975.882271 170.350954
-2392.491782 -1908.640703 171.553457
-3017.788218 -2402.502111 105.755277
-2997.056159 -2388.923521 212.947223
-3482.294469 -2747.043013 146.710199
-3442.986206 -2743.761817 245.972313
-3127.335061 -2372.048893 85.321731
-3667.604282 -2796.300274 126.177289
-2494.989305 -1988.059772 178.388462
-2712.555779 -2185.153029 129.548680
-2364.880664 -1906.070565 112.940871
-2894.684147 -2331.578426 137.626876
-2351.625726 -1809.058073 152.963036
-2652.819526 -2017.016230 116.006597
-2167.316795 -1718.032615 103.277556
-3006.088901 -2406.087305 93.667559
-2829.641130 -2259.198018 195.688977
-2363.790289 -1766.440388 85.053248
-3098.252196 -2315.116805 111.445015
-2400.490933 -1793.544582 96.323454
-2763.770472 -2229.223095 217.823723
-2872.334110 -2289.055736 204.173184
-3330.330220 -2575.448790 158.034150
-3505.577938 -2685.738608 112.668493
-2870.490163 -2319.853837 219.852331
-2578.958700 -2119.353501 116.300275
-3478.198803 -2667.955660 255.914564
-3202.899518 -2582.000051 254.687472
-2384.486680 -1829.781680 107.078917
-3106.603469 -2541.458504 138.979278
-2336.876687 -1763.386831 110.896604
-2520.590032 -1933.321769 185.792919
-2989.599169 -2448.010994 139.776637
-2990.647288 -2449.282784 138.961573
-2622.240953 -2000.513213 89.463117
-3138.147887 -2545.352490 142.052130
-3075.331126 -2335.981185 130.045572
-2622.805308 -2000.233417 91.216383
-3364.288620 -2565.364978 115.677127
-2091.854868 -1699.829186 96.075265
-3139.890054 -2531.754265 249.328386
-3444.159376 -2649.310067 194.839618
-3256.712178 -2500.105751 147.115680
-3327.113098 -2544.368111 179.073129
-2814.798094 -2262.036158 206.622281
-2771.891669 -2115.616436 122.603466
-2673.011187 -1999.684597 125.140976
-3008.779787 -2303.696049 172.611005
-2707.900375 -2136.890437 193.847179
-2711.523443 -2182.792735 128.584417
-2649.882337 -2034.753981 103.736921
-3206.365499 -2571.748404 243.974161
-2182.290483 -1673.439606 66.923521
-2179.188857 -1663.541369 96.252550
-2094.170776 -1601.156544 94.859977
-2495.263286 -1905.750213 109.724332
-2835.180609 -2150.082120 92.854659
-3039.289039 -2318.375887 113.205243
-3348.429587 -2558.781526 150.066557
-2993.425572 -2436.703286 154.505734
-3245.075683 -2657.816300 150.459663
-3293.223156 -2651.512618 155.841609
-2291.414943 -1767.715666 124.605982
-3602.281186 -2910.600329 225.522757
-3357.332922 -2687.642554 263.673637
-3295.975660 -2482.414917 127.847189
-3515.970283 -2874.862962 156.985240
-3203.868779 -2439.324406 148.454272
-2599.542543 -2104.651259 203.452372
-3681.201620 -2819.351293 211.929525
-2644.709262 -1994.651768 124.519065
-2559.882241 -1949.112761 118.691089
-3506.801699 -2672.319969 161.906286
-3258.067949 -2610.745711 254.827332
-3263.821286 -2615.970852 256.294960
-2103.955883 -1686.868147 159.720847
-2661.886000 -1998.050016 130.690945
-2594.933646 -2080.581265 203.910055
-3378.302495 -2740.687425 152.909768
-2776.766856 -2076.659889 130.672305
-3053.867895 -2306.525450 133.606790
-3331.637384 -2658.929318 92.133017
-3014.582331 -2307.084187 141.467511
-3208.234427 -2597.187554 231.283104
-2816.868198 -2254.536359 201.770833
-2308.587838 -1868.698498 165.859698
-3416.967509 -2737.747621 120.481840
-3002.312636 -2377.079803 88.625098
-3469.225216 -2750.838239 154.290094
-2345.202169 -1860.389612 103.959947
-2323.924303 -1860.958129 83.184160
-3061.756050 -2376.107302 189.830040
-3575.050108 -2687.951954 158.019925
-3019.268638 -2396.054616 133.509139
-3285.645000 -2470.454555 145.003606
-3238.841544 -2581.643202 133.916050
-2312.662101 -1758.826648 136.134978
-1939.358447 -1535.324870 126.883451
-3494.973211 -2659.620118 163.165676
-2820.393356 -2294.607978 198.656315
-3088.517232 -2472.289894 119.040979
-2368.225869 -1882.541500 108.790521
-3421.848996 -2758.706844 101.441971
-3290.512264 -2567.017916 207.246636
-2044.190479 -1626.916798 88.772629
-2145.248314 -1729.739929 63.449900
-3426.359477 -2631.919783 233.190134
-2878.334466 -2181.559638 208.590839
-2633.565142 -2036.253765 163.349662
-3103.615708 -2398.400243 154.881556
-3048.921380 -2344.676799 93.673857
-3165.342638 -2525.953060 212.538180
-2634.345355 -2033.848314 177.277439
-3315.120809 -2647.032271 96.948873
-3337.284406 -2663.218415 92.589604
-2336.972817 -1801.316059 159.522061
-2495.903397 -1863.316699 114.291391
-2609.347830 -2076.377767 182.564339
-2561.454971 -1964.944498 148.974697
-2494.644064 -1987.310589 160.954844
-3181.666616 -2439.095794 184.284284
-3284.519804 -2600.179107 123.769461
-2684.158188 -2010.980156 123.816183
-3455.832682 -2789.230209 200.362157
-3246.503819 -2486.948242 188.957582
-2625.767290 -1968.197889 112.782462
-3240.601558 -2481.788815 188.731861
-3080.518039 -2358.674946 179.298078
-2421.230414 -1890.414031 146.558741
-3269.686235 -2467.985132 197.953666
-2538.306578 -2009.361543 91.096208
-3093.374131 -2334.053349 189.346418
-3215.783269 -2425.918546 195.312877
-3506.190581 -2645.222826 213.231090
-2848.278742 -2236.031268 125.806484
-2356.771359 -1875.965632 112.423836
-3543.082210 -2668.391026 209.564780
-3055.594406 -2310.549525 135.158238
-3101.870362 -2456.747933 111.800306
-2852.536188 -2315.428137 142.543425
-2852.361736 -2315.208332 142.607314
-2701.468780 -2120.748597 119.697138
-3491.820708 -2672.936835 278.799398
-3269.054419 -2565.967387 144.716483
-3265.566102 -2468.850827 144.075742
-2387.828438 -1888.896534 75.351792
-3070.480621 -2410.138024 136.795436
-2926.344398 -2330.948990 133.970466
-3249.674784 -2454.389019 141.750188
-1818.933949 -1373.849221 80.783922
-3089.630128 -2325.734643 182.606426
-2875.300605 -2280.585993 99.229118
-2713.659095 -2050.340306 119.541174
-2362.758539 -1901.600184 113.003099
-3596.421522 -2909.748716 149.709224
-2575.312360 -2051.446501 89.558391
-3055.369444 -2303.728770 184.716276
-3014.288771 -2353.251751 182.428677
-3438.010792 -2597.604205 150.344972
-3053.215119 -2324.712058 86.697148
-2614.503325 -2122.006131 118.034166
-2382.309568 -1798.188258 120.002381
-2137.956561 -1685.271599 96.520704
-2262.216518 -1707.798048 114.009106
-3465.250719 -2678.361154 281.038801
-2959.559762 -2362.042100 233.355431
-3386.939373 -2770.337248 150.734339
-2886.208977 -2258.312480 224.649268
-3086.762573 -2413.010622 235.801958
-2980.307040 -2250.626679 149.439439
-2881.030894 -2363.404031 152.173181
-3105.832556 -2402.819316 156.648032
-3585.805996 -2687.142140 206.864604
-3308.733912 -2491.113164 197.355816
-2430.497030 -1866.967740 95.884427
-2322.985356 -1828.188008 149.629955
-2327.061582 -1797.471776 125.327469
-2902.010626 -2202.302478 168.424133
-2243.852696 -1682.823615 113.066566
-2643.987095 -2006.771404 153.361459
-2445.411010 -1941.323359 124.267326
-2106.196678 -1614.925625 83.096315
-3197.073514 -2501.258294 249.748873
-2900.483604 -2205.523434 170.489689
-3194.749519 -2516.350659 152.467470
-3092.604074 -2435.846790 146.708697
-3050.225187 -2305.975232 196.086145
-2638.141761 -2077.263312 125.359194
-2908.773134 -2219.726541 100.441484
-2551.250627 -2010.082313 114.094115
-2232.066378 -1688.088755 143.322259
-2544.693618 -1992.694128 67.831498
-2281.713794 -1871.604147 90.929180
-3399.934196 -2724.330411 119.183806
-2866.975597 -2285.818173 188.415772
-2385.369839 -1854.859574 58.646642
-2643.353318 -2070.555472 69.378855
-2173.216549 -1672.801280 64.177265
-2266.660379 -1723.529899 126.419937
-2606.893326 -2052.115609 54.434578
-2910.052039 -2263.787888 76.437755
-3112.096509 -2385.739992 100.673527
-3556.838713 -2726.418589 115.308396
-3312.904500 -2526.552487 185.568355
-2512.215579 -2026.984995 89.269776
-3180.758606 -2557.762844 221.938385
-3505.027640 -2728.182950 154.432208
-2787.341077 -2203.006720 80.835820
-2415.303424 -1835.682979 77.769508
-3218.221818 -2517.727737 95.404757
-2490.004287 -1875.168022 105.268212
-2285.907288 -1797.916499 82.004804
-2943.060770 -2238.464303 137.119120
-3136.200199 -2478.195491 67.046581
-3514.648631 -2672.096209 149.614059
-3118.374206 -2392.466052 121.653367
-3001.498648 -2280.800958 128.896661
-2909.522922 -2271.035628 76.035234
-3206.646176 -2508.723185 95.554749
-2413.016954 -1878.156946 167.554132
-3182.531569 -2478.885911 109.006395
-3358.768900 -2525.722018 209.976531
-2546.904341 -1974.093047 107.836774
-2745.085293 -2191.168924 132.843400
-3336.369541 -2535.068527 251.686702
-3202.445517 -2429.719884 243.328189
-3031.886447 -2342.929671 95.081388
-2325.476003 -1797.481625 73.780510
-2437.300827 -1852.014877 144.041567
-2861.677069 -2190.040556 130.898860
-3506.730736 -2683.365064 160.312573
-2217.440732 -1826.440390 108.183297
-3507.358253 -2677.986174 154.200551
-3495.000516 -2711.633116 136.199816
-2664.028039 -2074.877273 91.362945
-3308.892154 -2560.737547 118.292844
-2562.054595 -1961.502814 147.039230
-2186.247760 -1702.605710 101.050041
-2170.699520 -1676.927326 83.450713
-3544.836091 -2787.068464 128.151850
-2702.256681 -2192.742830 123.364747
-3527.750717 -2749.859904 97.353236
-2620.416271 -2051.771079 73.727262
-2951.294344 -2391.225401 187.614829
-2391.664705 -1874.969859 68.466075
-3151.321840 -2421.574079 229.047805
-2937.154718 -2316.216535 68.593699
-2448.257611 -1890.454600 121.980788
-3257.666819 -2503.008091 237.141850
-3201.980349 -2418.519864 181.116981
-2620.182017 -2032.265455 147.763344
-3496.495789 -2723.268827 91.355257
-3291.328943 -2563.846932 86.001187
-2660.394590 -2082.833382 78.430907
-3004.663784 -2437.262516 236.578283
-3530.757313 -2799.696120 276.077323
-2609.923387 -2054.426675 55.570461
-2552.038690 -2024.013262 199.003075
-3198.733204 -2454.104483 125.418145
-3610.628976 -2829.857902 153.770253
-3398.993644 -2628.806072 130.301146
-2557.661690 -2057.002929 156.609356
-2457.785035 -1874.516019 112.104927
-2719.284633 -2130.396127 65.426012
-3206.968397 -2597.414331 234.158576
-2874.198119 -2227.380938 105.037873
-2806.339952 -2261.953606 82.972150
-3509.752045 -2711.896995 134.848556
-2390.289722 -1870.108205 184.676170
-2596.809719 -2111.982753 141.375359
-2238.497000 -1801.787156 112.424988
-2332.270973 -1869.924275 103.870519
-2969.169539 -2323.657875 230.748461
-3404.099405 -2625.923374 276.555241
-2219.819879 -1805.495621 149.321947
-2614.559737 -1974.924641 113.021475
-2540.924273 -2014.268349 161.976973
-3384.929094 -2555.368026 146.849402
-2862.691604 -2321.166682 92.922588
-2123.464881 -1689.757954 158.650109
-2560.719734 -1990.378004 208.328818
-2753.754974 -2184.731092 186.841309
-2676.059058 -2004.642937 139.853427
-2922.950468 -2236.441220 231.905158
-3562.156297 -2841.155920 97.969150
-3513.976760 -2721.066630 185.412132
-3108.565424 -2404.085951 164.629183
-2168.606263 -1647.607626 96.180256
-3258.966486 -2531.280761 170.778094
-2249.728376 -1728.627547 117.309630
-3031.396288 -2320.577258 176.820902
-2850.700090 -2135.686440 131.778352
-3658.287327 -2826.087851 224.913880
-3514.324659 -2715.938365 185.236503
-3144.128809 -2350.873082 147.309841
-2608.189830 -2001.315706 89.400210
-3512.612534 -2718.195266 183.658563
-3125.264942 -2490.132096 90.105131
-2366.751867 -1816.071899 81.556831
-3537.703255 -2675.754448 150.111213
-2150.469412 -1722.488759 67.147878
-2729.405602 -2228.247527 183.089626
-2777.175543 -2217.343413 115.270826
-3472.734809 -2755.393944 251.238195
-3021.210064 -2382.062415 161.175641
-3195.849431 -2444.036403 213.000296
-2885.717078 -2251.598515 234.476644
-2577.923189 -2012.555970 208.680657
-2307.606400 -1827.790504 182.914265
-2991.894914 -2336.764773 241.554062
-2844.251204 -2206.713187 232.970190
-2776.285408 -2143.969365 233.444169
-2950.759295 -2228.191336 184.407287
-2489.012518 -1951.308697 201.609508
-3549.078916 -2790.682095 279.210896
-2825.466045 -2208.104402 228.384218
-2989.315339 -2336.722917 241.171975
-3238.485367 -2456.559913 113.448548
-3360.076113 -2635.166943 272.744976
-2686.838362 -2177.990151 88.410161
-3433.875181 -2715.536905 261.212948
-3073.919371 -2404.424208 67.559164
-2858.907948 -2143.997455 119.063196
-2822.285083 -2206.570271 62.651068
-2565.910712 -1996.282897 82.722917
-3697.395336 -2779.870637 232.834240
-3063.822137 -2367.096821 80.934762
-1944.364860 -1556.916673 67.820655
-3429.440614 -2775.684391 225.486124
-2900.546750 -2233.539515 89.367521
-3655.027482 -2823.969199 97.268112
-3583.059202 -2690.968924 155.967464
-2562.170339 -1996.123487 105.066821
-3129.897266 -2467.843066 167.374867
-3033.847492 -2339.713758 209.480226
-2246.418738 -1771.556663 61.295086
-2249.751480 -1774.037953 61.516268
-2518.360862 -1929.436123 64.735880
-3003.612269 -2252.845330 148.727434
-2712.590949 -2056.135824 73.654735
-3275.933877 -2509.844813 83.399517
-2944.472589 -2395.908218 206.925582
-3254.649421 -2504.456969 149.053122
-2850.223042 -2204.916882 147.770447
-2767.198113 -2207.710648 185.852325
-2282.461653 -1820.793435 152.864458
-2086.256817 -1692.736611 67.799821
-3281.892554 -2524.931112 122.207339
-2503.374715 -1987.054691 93.229967
-3434.345495 -2767.137913 129.765491
-2433.861912 -1849.556588 117.452901
-2701.375613 -2055.502252 130.869274
-2394.408996 -1908.888217 176.440765
-3161.923578 -2404.689442 90.470876
-3031.208558 -2281.575029 155.379838
-3167.692146 -2500.253807 267.602045
-2937.395763 -2235.030221 142.227835
-3290.446526 -2618.707561 156.228772
-3476.789166 -2645.832947 169.891827
-3148.859626 -2394.376549 90.246012
-2299.855393 -1768.398456 70.016425
-3154.108371 -2365.726267 155.500362
-2664.623257 -2174.336402 129.181638
-3214.244331 -2564.714197 90.660469
-2355.179739 -1774.174584 89.712934
-3155.086285 -2579.494217 170.142099
-2574.616305 -2026.909484 172.032507
-3147.162368 -2455.399550 185.573236
-2781.595938 -2153.915197 196.637768
-3597.927161 -2870.251266 114.273217
-2521.976266 -1905.883327 146.587341
-3356.269332 -2598.035108 236.773994
-2896.436626 -2257.427344 213.656522
-3168.357066 -2385.684232 206.500052
-3085.706447 -2331.905033 179.465106
-2722.137156 -2050.784276 115.865204
-2418.115534 -1858.801559 175.741555
-2387.620844 -1872.764724 67.455017
-2354.232337 -1853.846255 61.793554
-2064.507391 -1625.775168 73.676251
-2156.381255 -1681.255716 149.405174
-3425.811240 -2620.215024 268.100017
-2300.022862 -1865.830021 182.169494
-2158.899047 -1621.096290 122.179892
-2786.617713 -2164.252178 193.854985
-2453.207477 -1980.398789 111.551885
-2504.001625 -1880.092504 141.707273
-2479.348251 -1915.264954 94.908293
-3443.096442 -2591.108861 207.292789
-2398.680107 -1845.295938 72.551934
-2539.737060 -2065.738513 169.495123
-3146.784938 -2532.337717 228.870492
-3364.469049 -2707.705860 244.514329
-2721.815355 -2079.993143 183.111798
-3017.267585 -2446.856063 144.689937
-2266.071351 -1846.537656 156.501572
-2960.906266 -2314.361367 199.869273
-2277.989316 -1779.999931 154.151076
-2810.526428 -2195.749472 238.095286
-2812.977476 -2137.852731 147.883040
-2458.657920 -1961.450302 68.593399
-2102.135083 -1701.833677 93.714000
-2959.537443 -2257.746040 137.092718
-3086.515248 -2491.515837 180.510894
-3395.495760 -2627.477053 239.963618
-2714.407206 -2073.259239 139.982148
-2877.040776 -2263.655029 226.336628
-2533.390347 -1945.740411 186.247836
-3076.470359 -2407.054615 125.146525
-2888.255023 -2239.522596 113.919918
-2965.646773 -2309.340154 137.228439
-2492.360435 -1851.602993 116.542002
-2961.358681 -2382.438859 157.341038
-2708.306966 -2178.200074 102.655659
-2426.240808 -1819.854135 142.359276
-2279.151723 -1771.808291 52.464504
-2620.319251 -2036.678610 60.504367
-2297.672786 -1733.754710 157.827583
-3159.398794 -2400.944686 124.168108
-3220.035924 -2415.683217 181.763066
-2852.606149 -2158.662470 169.060304
-2244.376406 -1817.661901 173.492575
-2247.801975 -1819.245052 173.364095
-3201.038940 -2631.744362 142.848356
-3511.807748 -2633.281594 205.763809
-3251.286233 -2430.671732 211.031398
-2999.175314 -2426.381861 87.802130
-2918.489333 -2229.718074 183.446798
-3389.817788 -2533.986267 219.214008
-2885.494703 -2289.811416 146.437230
-2600.554655 -1942.497310 138.496990
-2593.551473 -1992.371973 105.085387
-3620.814935 -2732.173928 130.192701
-3147.798832 -2346.774852 128.511337
-2729.736778 -2036.589052 101.436351
-2474.475166 -1968.792754 187.956568
-3290.587511 -2668.449845 114.430140
-2247.653855 -1712.174641 157.868183
-3088.598442 -2505.684114 107.339278
-3181.007064 -2434.772662 97.445961
-2525.403554 -1924.034370 177.244387
-2493.017574 -1898.634001 176.110784
-2337.514236 -1792.648034 162.620158
-2637.363554 -1991.195813 95.004263
-3236.780582 -2497.025722 185.382357
-2347.769827 -1761.181880 111.743535
-2635.288461 -1990.312156 95.163269
-2515.890205 -2031.970505 150.251016
-2622.987936 -2058.254797 122.948236
-2951.172318 -2397.454986 92.356950
-3089.034285 -2508.338720 95.816446
-2434.816047 -1962.538719 124.673307
-3291.027060 -2619.643693 116.253752
-3019.184858 -2369.192210 141.552653
-3456.828601 -2732.150335 248.630365
-3125.877597 -2569.059919 141.038403
-2606.606806 -1944.303384 107.290155
-3142.554792 -2410.075246 113.316859
-2874.757421 -2332.350404 202.500812
-3203.536275 -2387.963414 131.469269
-3372.190959 -2519.246705 216.675721
-3057.741273 -2369.765127 147.193717
-2403.900570 -1826.810818 146.615509
-2441.539328 -1982.153620 172.914686
-2778.851514 -2224.372412 83.269841
-2240.833399 -1824.566454 95.678779
-2088.499749 -1576.716767 67.533915
-3119.879524 -2332.159766 202.500129
-2841.349402 -2179.838129 219.411632
-2730.441862 -2040.756560 176.032571
-3356.691787 -2595.902652 253.668549
-3269.973980 -2442.202463 210.417909
-3482.578902 -2798.148885 267.629849
-3045.861641 -2339.154047 193.426968
-2568.404098 -2064.694191 196.001933
-2617.973646 -2071.818160 113.416838
-2169.888624 -1726.268490 91.941491
-2230.363906 -1774.089245 94.022908
-2389.409604 -1900.488514 101.645244
-3053.844358 -2414.407078 138.873176
-3131.833664 -2489.920393 143.484953
-2324.011231 -1861.698752 92.262246
-2544.431409 -2038.099152 100.762206
-3117.657060 -2401.023420 120.898594
-2788.048091 -2166.147270 212.555509
-3440.019289 -2752.348677 138.244700
-2650.043193 -2046.941009 199.011591
-3185.883871 -2523.172876 241.401860
-3231.412705 -2473.260028 251.898179
-2486.753767 -1973.661242 94.282480
-2234.809937 -1773.776706 170.171058
-2915.336231 -2225.430446 87.023925
-2205.548810 -1672.378109 149.484950
-2822.441148 -2245.870535 215.525194
-2475.032891 -1949.403879 105.750733
-2749.671122 -2199.152012 129.195373
-2251.360132 -1709.124588 148.357182
-3026.671603 -2384.042521 128.855134
-3182.858671 -2507.518764 136.428084
-3554.956576 -2705.225981 242.298988
-2633.688134 -2095.765301 120.952567
-2572.109484 -1944.010931 125.520139
-2375.768848 -1862.930268 110.853853
-2941.527858 -2353.890997 103.810741
-2203.420633 -1763.817352 77.501174
-3433.972930 -2753.037089 122.230280
-2635.776183 -2113.407939 93.582358
-3222.597222 -2457.492715 184.935729
-3473.048863 -2754.486033 256.093381
-3018.426428 -2330.954904 190.049526
-2167.074369 -1671.652611 135.022359
-2327.965934 -1862.781285 83.077696
-2600.735899 -1968.506521 182.527022
-3086.356269 -2394.771863 142.014795
-2950.285441 -2233.044649 130.661958
-2333.994629 -1861.624872 67.180119
-3496.890873 -2789.148458 100.946274
-2946.544437 -2350.065300 86.059267
-3195.575267 -2576.083721 105.807499
-3111.051240 -2393.623780 153.991449
-2865.283472 -2197.053771 181.043831
-2329.588208 -1860.698383 67.358628
-2660.423716 -2128.331472 94.954855
-2822.149560 -2275.362613 76.916004
-3590.385331 -2779.397726 194.522897
-2805.844048 -2137.288722 92.841895
-3456.469732 -2829.978536 173.121190
-2388.790330 -1820.207480 78.833703
-3675.364078 -2813.713347 111.588254
-2387.454741 -1832.336531 103.473521
-3165.589636 -2423.757921 102.541347
-2379.361626 -1822.701364 72.456964
-2361.053792 -1793.024128 106.950168
-3028.241000 -2394.169978 106.963345
-3131.159072 -2487.242393 109.317586
-2867.243155 -2277.661238 100.153259
-2333.891971 -1857.506100 76.428341
-3077.283327 -2363.979140 166.000782
-3015.958675 -2402.841185 104.208069
-2552.712464 -2060.480507 72.724742
-2532.803562 -2043.955422 72.338746
-2037.885257 -1644.395387 59.357357
-3215.001625 -2471.767086 145.302919
-2952.904692 -2333.805465 135.545443
-3359.351873 -2567.763443 198.280687
-3224.256200 -2430.792527 158.068720
-2311.708350 -1742.436801 114.436859
-2279.998258 -1718.192587 108.294890
-2285.622490 -1721.434331 109.626311
-2575.988235 -2090.717415 85.144259
-3369.960838 -2530.273881 159.282995
-3575.763978 -2905.851807 120.860926
-2840.138320 -2308.134882 95.854596
-3417.740791 -2778.138527 114.794991
-1979.114343 -1609.171319 65.590506
-3043.063702 -2474.663968 101.312418
-2637.104374 -2100.734653 186.844307
-2966.557828 -2412.840397 97.890414
-3136.236287 -2551.476802 103.168566
-3424.944881 -2787.200485 113.525797
-2920.237914 -2377.054640 97.763995
-2910.743295 -2179.680205 138.392245
-2392.803778 -1792.550865 139.541640
-2263.463568 -1706.365545 111.059596
-3274.192791 -2645.076541 182.528589
-2364.056109 -1799.038745 141.351600
-2387.643001 -1893.078335 65.503952
-2645.657717 -2010.270341 160.510726
-2646.245190 -1976.771180 112.528690
-2741.809611 -2174.245647 76.107647
-2855.631360 -2161.639649 170.963255
-3216.191678 -2431.100953 156.365433
-3348.014725 -2665.453139 226.731571
-3190.736841 -2522.323107 145.379600
-2568.959027 -1963.356842 151.596344
-2588.284843 -1959.153015 146.699142
-3267.377833 -2456.815466 202.228008
-3562.827241 -2853.007583 274.939695
-2338.569602 -1901.292621 144.715109
-3191.786568 -2585.124243 246.929007
-3190.128263 -2584.223022 247.253151
-2918.784783 -2229.042013 182.598735
-2393.567218 -1960.408734 118.432201
-2736.222924 -2096.905121 82.792941
-2684.885154 -2185.189991 135.378243
-2707.921780 -2083.613225 87.257038
-3585.716710 -2871.116273 153.448646
-2223.343226 -1697.615233 138.727711
-3585.766334 -2872.222163 154.737790
-2632.639033 -2109.278337 122.572696
-3546.175300 -2710.580200 209.729801
-2564.172087 -1932.548786 124.739702
-2930.859321 -2241.577635 144.571181
-3568.015821 -2698.070713 208.868214
-2296.407689 -1833.678393 106.701227
-3488.023202 -2683.983060 219.445583
-2293.372272 -1836.888501 106.262948
-3597.794999 -2900.958652 186.573029
-2947.510347 -2230.459518 175.233961
-3266.921914 -2449.278861 135.539782
-3302.324594 -2479.655525 148.190756
-3221.871054 -2449.887998 173.709784
-2621.862351 -2001.019641 77.567984
-3530.793070 -2702.074933 191.708284
-2955.199988 -2304.785111 69.391884
-3666.799992 -2850.322587 125.292379
-2955.086482 -2304.657622 69.365945
-2428.644824 -1971.705336 164.571024
-2775.476739 -2159.908403 62.792150
-2424.383347 -1978.593696 105.331681
-2012.573884 -1635.330069 62.384518
-3077.681227 -2412.775204 126.599016
-2254.603986 -1761.011234 95.163506
-2797.507503 -2177.371521 82.690966
-3358.326475 -2624.194544 132.549359
-2582.235128 -2078.916414 193.788163
-3058.120096 -2389.777969 120.738155
-2402.939119 -1880.067121 61.852601
-3205.816485 -2517.467407 81.421032
-3162.182014 -2471.208596 124.354248
-3492.782352 -2729.798662 138.570463
-2355.279395 -1876.996323 144.573719
-2161.580831 -1652.154020 126.311044
-2718.200922 -2104.528216 85.545684
-3395.549981 -2635.519227 194.801696
-3646.668547 -2847.953727 175.772502
-2744.550800 -2142.812640 132.310619
-2648.854418 -2074.892490 95.002944
-2709.829635 -2034.177961 146.161992
-3333.056042 -2601.717799 102.724329
-3339.196054 -2625.397710 74.575976
-2423.273253 -1873.256840 78.724331
-2550.534327 -1989.025251 176.489373
-2713.520634 -2097.857073 88.371539
-2364.010073 -1856.653347 59.902727
-2072.671084 -1646.274261 74.058606
-3666.280946 -2867.729051 96.323382
-2289.174077 -1790.282031 60.100429
-2312.160857 -1845.600723 111.521667
-3436.947376 -2737.979046 168.462442
-3386.936885 -2674.515085 229.672156
-2794.313449 -2156.011654 112.404187
-3063.262864 -2377.625265 175.644091
-3069.051599 -2400.225337 107.587147
-3022.215266 -2335.566611 98.459882
-2873.683212 -2246.708955 92.871793
-2324.511172 -1820.830594 94.104804
-3138.996469 -2458.990199 114.360132
-3577.670711 -2803.653029 147.039457
-2619.396425 -2047.055097 83.604953
-3095.485192 -2426.712721 126.858935
-2224.288630 -1736.740440 68.825629
-2148.564709 -1704.887131 51.851812
-2878.474436 -2258.327999 110.786766
-3482.873877 -2732.552892 134.343689
-3397.741583 -2696.901916 83.092870
-3490.326745 -2740.286762 134.959541
-3259.961011 -2655.390040 158.905915
-2205.657403 -1750.847049 53.499963
-2185.625040 -1735.422295 52.339064
-2777.535776 -2262.955513 135.000134
-3358.304484 -2641.913077 128.835676
-3095.088907 -2434.736672 118.804664
-2856.971814 -2185.910043 179.571834
-2848.562959 -2297.357528 184.060844
-3502.266735 -2743.279507 144.727889
-2878.470634 -2250.026268 92.470856
-2335.196408 -1828.787403 93.372685
-2486.726940 -1876.783795 171.747549
-2125.883101 -1681.139795 53.107977
-3109.913374 -2340.715237 195.269796
-2331.475473 -1805.000513 156.371690
-3119.125584 -2354.303440 214.516457
-3069.603446 -2399.520463 100.394550
-3126.853080 -2361.495411 236.144104
-3547.271255 -2827.960241 270.295628
-3009.137180 -2286.227278 189.456836
-3273.869444 -2645.800316 183.479821
-2525.664185 -1958.804710 72.997902
-2873.135788 -2230.062865 80.590218
-2374.887100 -1856.448361 83.692191
-3678.727983 -2856.177317 102.191532
-2818.934381 -2140.968219 154.264875
-2585.215517 -1963.585508 140.790195
-3520.843441 -2842.532748 199.390718
-1876.031734 -1468.129028 67.216532
-2219.753590 -1736.809185 79.065242
-3194.959203 -2506.104533 241.660666
-2366.124010 -1904.046243 90.437079
-2932.163400 -2212.873317 201.832489
-2782.519654 -2079.046312 168.911110
-3345.465863 -2597.846984 233.267276
-2610.314587 -2037.457817 125.180867
-2638.955517 -2048.984262 150.251145
-2881.028303 -2248.885452 138.732633
-2419.411423 -1879.274754 137.790158
-2424.108011 -1852.606263 194.525375
-2729.551600 -2111.396480 105.531866
-3162.188427 -2373.057049 129.123885
-2089.839922 -1558.844773 122.554590
-3487.553518 -2598.972057 224.652280
-3522.310428 -2623.866030 225.895246
-3386.513694 -2627.864706 279.793577
-2609.135681 -1940.784601 151.238985
-2698.445441 -2200.757457 112.212524
-2646.688706 -2146.622501 98.755443
-2636.526995 -1988.365350 83.021383
-3276.244612 -2446.456904 208.636041
-3525.072486 -2692.594181 205.539991
-2235.081983 -1686.429131 96.006532
-2295.218438 -1753.582073 134.118990
-3090.584605 -2490.862087 243.672098
-2980.367972 -2214.260494 130.484530
-2915.621748 -2350.097029 229.958706
-3594.185569 -2895.518854 185.099078
-2370.352674 -1765.442368 148.337051
-3243.934131 -2444.350160 153.620045
-2235.272416 -1684.131156 105.848198
-2394.456466 -1858.736647 178.287391
-2546.757323 -1927.305122 91.367170
-2392.402753 -1836.634415 186.278843
-2683.373546 -2059.776849 208.476377
-2312.821208 -1867.907452 111.718151
-2164.843765 -1662.994844 64.739402
-3056.538010 -2398.360736 229.941522
-3022.438272 -2448.317807 101.104047
-3210.848877 -2519.361332 241.453064
-2911.039985 -2365.638761 117.587986
-3452.971152 -2657.124216 186.800928
-3130.667773 -2456.799037 234.040198
-2801.871821 -2266.987432 95.807380
-2268.897225 -1726.758491 135.850874
-3384.814004 -2676.383611 227.115075
-2343.395534 -1864.081143 99.553790
-2619.525510 -2010.389696 165.919702
-2834.678390 -2240.873183 189.413295
-2621.493382 -2011.924583 166.009863
-3115.177398 -2399.158499 120.668984
-2312.793664 -1878.776832 93.515684
-2950.574475 -2233.391863 200.465316
-3322.380348 -2554.667936 163.402570
-3592.445822 -2907.562072 122.225696
-2847.519844 -2278.691248 115.596257
-3252.228151 -2483.011920 188.585682
-3267.183177 -2479.666286 200.562477
-2781.271187 -2108.440634 152.382541
-3363.728656 -2565.849016 192.557087
-2983.984512 -2232.904833 159.558549
-2141.702980 -1606.024862 121.167128
-3590.257082 -2905.762375 122.104053
-3138.513653 -2452.584144 202.733521
-2844.313683 -2172.680635 166.827644
-2824.666761 -2127.777396 134.289321
-2247.647926 -1685.619482 127.120817
-2663.287967 -2043.712588 140.194137
-3119.381178 -2437.423173 244.474834
-3019.652902 -2359.620473 237.403431
-2489.732899 -1914.209176 134.693551
-2265.159366 -1759.445447 194.521466
-3435.916795 -2694.159658 270.736933
-2801.408213 -2190.308254 220.521146
-2333.138928 -1809.954359 192.528035
-2624.957649 -2035.442760 221.676041
-2696.489674 -2089.520145 223.297241
-3139.966296 -2545.539346 117.470815
-2415.626284 -1871.441603 201.044366
-3282.522057 -2651.398974 158.733799
-3557.879352 -2784.308995 280.042699
-2412.912082 -1866.902866 200.275148
-3265.342049 -2450.415237 147.951641
-3176.404427 -2441.848454 172.061457
-2161.124501 -1764.064285 122.013862
-2424.424248 -1881.578958 98.921684
-3286.083566 -2682.871503 185.208727
-2874.685464 -2231.643890 103.711689
-2168.509708 -1643.288537 115.651186
-2368.790731 -1928.643409 128.652742
-2913.069095 -2333.990886 98.108278
-2736.922705 -2206.919501 73.755160
-2260.651857 -1803.348931 130.655096
-2317.352467 -1801.243541 74.125720
-2466.945583 -1936.696806 105.068768
-2972.478070 -2330.254910 114.169200
-2321.349380 -1804.131935 73.860491
-2290.974083 -1732.669173 155.319993
-3414.538747 -2631.157070 239.386995
-2668.784213 -2071.037851 96.034443
-3294.205886 -2687.295547 137.917849
-3252.408297 -2651.731658 137.580169
-2314.569856 -1827.364831 197.553256
-1957.123704 -1497.462772 148.497092
-2689.887498 -2008.994166 113.466842
-2601.273408 -1995.803586 78.118452
-2626.296460 -2015.397100 183.702693
-3042.612501 -2318.546853 123.718390
-2558.397936 -2047.200606 77.770093
-2572.437881 -1973.510918 179.361605
-3295.384708 -2528.742848 231.003520
-3002.392153 -2373.902083 203.907725
-2335.725090 -1792.209783 162.412477
-3066.916019 -2365.371576 202.580603
-3596.014231 -2730.583262 99.785020
-2633.615118 -2016.566607 112.802891
-3298.913574 -2527.057276 226.525246
-3218.570594 -2463.821241 221.431344
-2836.366537 -2149.702497 137.632999
-3484.458865 -2704.451319 190.012500
-2814.026614 -2149.231969 83.166772
-2146.339871 -1745.933152 90.991267
-2614.190594 -1944.997922 145.601246
-3338.547410 -2566.035592 211.974530
-2674.344601 -2188.923374 130.849385
-3090.347997 -2393.962494 203.240188
-2728.377316 -2232.765153 133.116851
-3199.746745 -2603.616603 135.533732
-3506.262278 -2697.513378 175.165376
-3086.597877 -2440.665386 134.914971
-2354.046394 -1783.975066 184.267409
-3140.182260 -2525.641017 104.418020
-3404.174995 -2763.635766 242.279395
-3420.207976 -2712.442632 135.168027
-3140.242335 -2554.637475 132.945595
-3306.873210 -2525.658492 98.394876
-3188.016901 -2527.859551 125.504847
-3141.316355 -2384.804477 206.724442
-3320.236395 -2510.035049 194.798305
-2400.384549 -1898.094627 104.565405
-2419.025194 -1923.680557 111.521467
-1933.112493 -1487.566081 110.363135
-3470.220159 -2641.740289 208.230426
-2869.478927 -2264.188576 241.633576
-2766.833069 -2266.652938 138.754246
-2516.896561 -2061.686656 126.873661
-2900.808118 -2221.105770 110.304538
-2515.486910 -2060.482536 126.752454
-2907.392435 -2233.386180 184.105513
-2544.635357 -1935.764143 154.603018
-2998.898606 -2307.268188 149.319447
-3309.439222 -2527.125164 99.096064
-2076.338240 -1589.458578 62.876373
-2919.230147 -2234.372673 227.393774
-3385.439093 -2597.312665 235.167655
-2368.155812 -1888.530440 67.214630
-2581.644324 -1986.818384 129.726811
-2312.089614 -1767.295411 156.555125
-2956.934874 -2418.879511 144.805118
-3087.947672 -2347.943518 189.355141
-2421.172875 -1873.273308 130.643058
-3424.095964 -2705.066481 291.277852
-2959.717568 -2258.692218 86.685418
-2298.223265 -1767.097628 144.657056
-3345.795519 -2539.082677 219.560804
-3420.663621 -2787.737358 154.032577
-2580.198103 -1969.080427 74.467800
-3316.507709 -2521.903833 186.202547
-2347.450007 -1823.125146 51.659733
-2677.226385 -2083.804219 61.790390
-2304.914120 -1793.216083 52.776861
-2245.322560 -1718.870029 169.258071
-2799.474509 -2155.660580 139.023065
-3137.254526 -2465.411156 69.064039
-3666.179282 -2850.062216 124.556989
-3164.345709 -2459.997158 107.407528
-3147.965150 -2473.605067 70.090725
-2590.556021 -2012.028059 94.422426
-3378.744251 -2670.554254 230.395259
-2825.811832 -2173.639533 225.364197
-2341.509115 -1778.829624 78.014687
-2869.742097 -2185.642418 175.528722
-2790.086859 -2185.374041 115.002882
-2998.937954 -2330.603625 134.133779
-2043.370218 -1588.259496 69.638804
-3056.238172 -2373.236672 260.905245
-2340.221923 -1817.452168 199.725786
-2909.465688 -2366.987706 115.600134
-2156.654648 -1654.730875 53.778882
-3603.216794 -2678.199645 162.438228
-2358.393699 -1752.677027 106.273107
-2756.921764 -2047.728846 123.200066
-3118.432706 -2316.447016 140.576084
-2488.732553 -1848.079492 111.733158
-2571.375998 -2092.367184 101.757279
-2488.346179 -1847.953876 112.081896
-2409.671217 -1897.625971 170.370030
-2443.964776 -1907.813681 162.714479
-2281.150719 -1779.154616 152.016358
-2441.658784 -1905.829314 162.567438
-3242.758972 -2647.785644 198.591954
-3307.920575 -2575.568315 75.292392
-2638.354231 -1955.866890 135.135142
-2389.244316 -1874.788951 96.908396
-3550.087911 -2649.708856 220.880834
-3368.484128 -2686.577254 195.121466
-2338.567517 -1816.051271 160.457472
-2218.934080 -1727.540038 159.360041
-2979.951280 -2325.884095 124.887636
-3365.382538 -2619.307706 241.556157
-3540.266612 -2673.395770 226.097616
-3200.271593 -2556.906765 220.402159
-3503.982224 -2817.816474 92.849549
-2426.762180 -1876.435122 114.804592
-2297.945603 -1790.461544 133.477597
-3339.456635 -2568.963524 166.697428
-3006.495672 -2326.208491 172.335384
-2164.760833 -1716.731004 110.736424
-2536.176198 -2045.866190 71.717398
-3292.076978 -2546.608067 178.783085
-3338.528337 -2565.942894 212.610928
-2615.634812 -1984.705850 163.725697
-2359.614584 -1912.983241 97.914622
-2955.703510 -2405.065348 126.280158
-3539.662077 -2706.559437 99.045789
-2905.060151 -2176.540904 183.003792
-3139.987758 -2362.290597 195.297469
-3359.562202 -2527.412755 209.725303
-3447.580225 -2825.257823 160.122494
-3031.999754 -2280.582144 188.206286
-2958.650364 -2225.202849 131.911006
-2076.056910 -1652.271320 145.978454
-2888.727977 -2166.068212 185.039248
-3360.648165 -2698.067382 257.551779
-2377.793667 -1893.189141 167.197761
-2308.360954 -1743.111189 102.944467
-3119.125308 -2395.682006 86.422742
-2485.614943 -1997.653938 172.215013
-2779.729630 -2085.713333 156.655446
-2601.190044 -1945.233975 129.755813
-2600.069261 -2022.606805 78.263477
-2590.577734 -2005.323005 196.630112
-2590.023477 -2004.721928 196.758261
-2402.892291 -1855.163865 61.564817
-3040.795604 -2311.419424 170.263960
-2350.204530 -1829.860751 104.650653
-3496.568073 -2736.313075 91.397083
-2171.781435 -1669.261991 59.611258
-3044.847566 -2429.294564 147.459665
-3461.168192 -2743.971016 116.701825
-3477.305408 -2727.863903 133.541601
-2909.655338 -2275.023347 71.565058
-3535.187229 -2683.227538 222.218102
-3193.193166 -2596.770127 208.684396
-3354.173499 -2622.526146 81.578272
-3130.977128 -2420.513413 121.565224
-3109.399108 -2400.983347 168.944761
-2844.812324 -2144.301650 89.456214
-3529.280375 -2630.513832 225.571705
-3052.642343 -2289.496853 169.453894
-3221.771815 -2503.224922 239.594338
-3101.197609 -2329.653038 222.720431
-3560.433346 -2673.968564 255.956798
-3460.522357 -2600.000678 248.468023
-3147.642417 -2557.518732 127.665777
-2568.556903 -1929.041842 184.148915
-3608.082400 -2699.705482 168.372063
-2663.897922 -1994.591847 142.239819
-3246.983667 -2478.520348 185.656504
-2725.566995 -2132.249993 213.921764
-2332.072506 -1809.204943 191.532204
-2567.796471 -1999.835941 183.040532
-2628.263065 -2032.105891 223.321226
-2799.280149 -2265.050435 188.983757
-2824.293224 -2153.845602 89.957517
-2847.977764 -2242.171203 103.003887
-3321.469309 -2603.674819 139.795620
-2987.094094 -2316.337882 124.123264
-3214.439345 -2511.375177 140.328290
-2372.638532 -1904.211992 109.397850
-2590.026805 -2017.334981 172.156163
-2915.790675 -2344.872249 168.360462
-2867.409971 -2177.495758 80.345100
-2954.472221 -2419.696589 165.659356
-3052.654939 -2289.901063 170.139375
-2714.118751 -2036.927968 151.072283
-2269.271550 -1717.744613 128.104885
-2407.566884 -1849.077198 108.594891
-2900.389616 -2212.078018 121.609870
-2636.451780 -2019.471385 111.910872
-2542.728611 -1934.138917 154.902996
-2868.422936 -2182.467551 174.829856
-3037.060682 -2309.608412 186.286465
-2105.865750 -1603.049539 128.968731
-2539.164475 -1933.463933 153.269975
-2410.057954 -1851.085495 108.992165
-2773.048746 -2111.637417 207.094896
-2700.158998 -2026.673544 151.425561
-3046.168767 -2370.417635 220.560064
-3063.943288 -2412.204645 109.652474
-2604.334552 -2038.847531 122.236656
-2584.317172 -2060.591485 127.026238
-3086.883189 -2351.486006 186.248757
-3674.230115 -2824.209243 291.952527
-3552.321908 -2730.566952 283.441403
-2426.087664 -1829.009870 75.472664
-2643.763338 -2150.846860 105.867871
-3670.466732 -2768.576792 112.184589
-3082.206846 -2506.995626 124.004350
-2817.821148 -2166.992334 85.231263
-2493.439913 -1917.649863 75.329815
-3487.234479 -2745.260146 276.882804
-3385.473834 -2689.317105 208.215286
-2844.412263 -2260.511370 173.835719
-2747.147904 -2183.216273 168.528053
-2395.971435 -1903.775993 146.233467
-2466.681374 -1982.440171 139.115935
-2974.069676 -2399.879009 189.250051
-3173.010820 -2495.429592 271.556028
-2627.639520 -2021.861264 208.117464
-2905.860927 -2369.020597 212.823495
-2291.021092 -1828.713789 184.053598
-2681.378500 -2182.956128 156.837713
-3003.453284 -2244.404838 114.591498
-2400.937557 -1813.272936 126.679849
-2406.749291 -1891.793990 116.537112
-2680.929619 -2087.273103 211.457078
-3632.899801 -2844.640143 239.012178
-2706.000838 -2202.438265 158.189562
-2416.002426 -1880.698267 190.450526
-3468.769338 -2581.889084 200.828344
-2724.481251 -2202.985827 80.603515
-2988.283899 -2416.673705 88.534983
-2575.687934 -2001.104373 162.214816
-2858.801920 -2158.715306 184.931164
-2358.235310 -1764.859564 89.122888
-3027.007315 -2264.944086 113.379051
-3128.325969 -2340.022585 117.556147
-3498.639419 -2720.247868 219.392212
-2410.682530 -1867.112790 113.221306
-3359.223778 -2559.132126 117.916510
-3476.460970 -2648.425620 122.594267
-2085.657557 -1622.002479 130.941968
-3040.429925 -2300.920816 111.523676
-3496.103539 -2614.738243 130.778813
-3481.596480 -2794.724449 171.733189
-2606.266600 -1946.410343 144.487621
-2337.478096 -1873.059676 134.969032
-2608.752264 -2108.252993 167.712390
-2605.942220 -2089.021430 157.590696
-2830.032953 -2244.304999 154.680010
-2676.402380 -2003.619902 157.456562
-3604.069910 -2698.563574 212.349726
-3346.997043 -2689.155265 220.006755
-3506.332870 -2790.770628 101.155607
-2619.815309 -1965.118463 158.835693
-3080.595361 -2487.420097 199.091060
-2708.309927 -2156.503089 108.311465
-3199.771083 -2570.932836 82.884100
-3339.845797 -2560.373918 134.020719
-3152.515090 -2380.254401 167.583231
-2411.059086 -1935.448444 121.312987
-2665.424011 -1984.559933 156.876509
-2412.136796 -1852.129930 106.232156
-3167.011794 -2534.519738 165.104668
-2553.077496 -1934.420437 74.280567
-2202.617919 -1668.894743 63.741384
-2703.528059 -2023.515376 99.541796
-2892.785169 -2221.503342 119.540896
-2579.285864 -2086.962530 78.283466
-3159.269786 -2536.186042 158.971156
-3039.670765 -2265.331685 147.630810
-3097.428543 -2351.550524 83.409838
-2881.906271 -2348.892679 188.935871
-3004.407885 -2280.064343 79.321039
-3051.608140 -2487.096873 199.463755
-2918.756023 -2378.298790 191.573764
-2992.592561 -2238.239201 116.239290
-2514.951790 -1880.918475 95.981359
-2593.350114 -1936.725043 102.259246
-3091.618306 -2346.973699 83.213264
-3104.919648 -2321.406601 118.939467
-2563.173630 -1914.904427 99.967797
-3378.170371 -2525.200609 129.504400
-2691.835056 -2013.670775 104.281233
-2630.286890 -2015.053867 185.209873
-2617.132358 -2071.875591 168.103729
-3029.591449 -2432.813534 150.149982
-3464.599423 -2807.718917 156.939060
-2812.791220 -2094.062052 166.599437
-3494.674786 -2697.032059 148.201927
-2988.862150 -2339.230620 206.541433
-2656.082692 -1996.248017 128.861995
-2780.785065 -2233.278040 104.326158
-2885.292123 -2168.198512 140.212434
-3196.679738 -2567.888625 83.985102
-3357.742052 -2573.899227 134.986684
-2996.179468 -2230.082419 177.124252
-2324.104697 -1873.368603 113.361737
-3001.481210 -2419.224279 146.955795
-3220.867228 -2573.536172 176.858654
-2940.622289 -2349.230121 226.644429
-3111.065282 -2505.541144 151.899033
-2695.936213 -2165.139786 133.668900
-2411.061341 -1936.404049 119.953083
-2202.684144 -1699.181005 92.979503
-2106.949402 -1600.209502 80.232300
-2751.420183 -2178.813150 178.635975
-3124.082336 -2473.470669 201.798553
-2294.739150 -1835.281367 169.150656
-2765.121851 -2125.269255 191.113965
-2319.681166 -1858.532981 166.161227
-2569.325783 -2046.599471 179.613116
-2965.717823 -2376.937623 211.890322
-2774.234271 -2224.039925 208.430596
-2334.960749 -1791.723793 164.473349
-2444.616240 -1919.908603 178.677103
-2419.540776 -1845.372036 176.895719
-2984.613374 -2431.821377 148.276397
-2876.742146 -2257.304926 130.399146
-2435.096946 -1872.456550 85.717755
-2635.249550 -2027.178171 93.127305
-3252.177239 -2502.506888 114.944706
-3231.111065 -2466.379500 244.473498
-2430.171631 -1846.130087 165.854145
-3036.980546 -2387.874238 145.497593
-2154.244785 -1655.754025 123.500085
-2628.778312 -2006.100314 174.133393
-3257.752428 -2504.697862 116.641555
-2521.557886 -1988.299213 115.725779
-3088.856628 -2430.434806 144.944778
-3541.725642 -2717.543559 112.272480
-3021.949905 -2252.877415 169.128638
-2958.705123 -2330.687804 110.985902
-3587.500138 -2728.357990 109.496105
-3202.503215 -2435.944582 147.040666
-3250.876464 -2472.746351 148.617947
-3310.019053 -2518.196462 152.169209
-3155.201608 -2603.169841 162.217856
-2763.469639 -2102.835645 80.624214
-2458.455854 -1872.440656 85.175276
-2622.866206 -1997.861465 91.796925
-3310.451966 -2506.196394 224.256305
-3136.735600 -2403.682389 242.693301
-2560.611066 -1964.397879 82.380211
-2671.961697 -2032.298827 120.723856
-2503.875166 -1919.202239 100.548045
-3006.637298 -2348.631450 196.581311
-3044.831176 -2378.386168 198.993370
-2398.347414 -1795.022773 97.627650
-2865.275275 -2186.469638 179.472471
-3268.875708 -2654.489746 116.019015
-2842.551098 -2163.433437 168.198277
-2454.478098 -1851.098646 145.372601
-3337.895785 -2516.572765 196.297583
-3553.992155 -2679.329035 209.432876
-2846.221114 -2144.762986 168.087487
-2951.170364 -2223.229172 174.406522
-2958.726160 -2221.891777 178.737985
-2903.351161 -2178.193307 176.563601
-2395.964695 -1871.675293 156.611490
-2937.103046 -2328.853067 143.841175
-3420.413398 -2633.097683 213.579658
-2596.489139 -1991.464588 174.255563
-3120.593040 -2391.697177 123.976986
-2335.974191 -1790.002043 92.052049
-3021.180476 -2318.050938 162.636909
-2574.836811 -1970.881211 75.049483
-3231.260986 -2512.837084 195.394147
-2329.462784 -1863.309187 79.419469
-2410.722668 -1860.145573 102.865149
-3571.958585 -2711.867090 137.374966
-2577.951091 -2062.903819 92.228373
-2966.882595 -2237.115950 113.716593
-3051.776137 -2437.342608 242.587228
-2922.914198 -2366.132149 131.760212
-3306.478678 -2656.183735 126.109693
-2960.934244 -2403.628782 138.324153
-2675.131420 -2178.833145 157.058481
-3394.487442 -2546.795864 219.536047
-2410.286145 -1859.613223 118.790615
-2383.871036 -1785.765537 155.106501
-2353.348491 -1864.107708 62.958819
-2692.657533 -2131.638470 78.792332
-2208.152627 -1747.673480 61.032673
-2253.550865 -1722.672387 108.445073
-1929.950194 -1570.798994 96.698747
-2406.723867 -1960.122584 120.275142
-2204.871010 -1685.366206 110.206089
-3480.642482 -2660.167255 173.290514
-3466.808226 -2743.436054 261.856199
-2239.856667 -1802.363766 131.610231
-2434.338097 -1966.570660 196.034673
-2525.816202 -2039.298378 203.331758
-3037.419635 -2443.278565 235.552141
-3442.463445 -2595.986599 155.492690
-2436.565591 -1838.515351 109.878802
-3239.556890 -2445.364397 146.327587
-2104.922343 -1728.337294 103.408820
-2366.050686 -1874.590852 64.415033
-2960.938880 -2403.717266 138.225830
-3370.963122 -2558.797443 150.156254
-2434.434281 -1968.847105 94.818269
-3072.116160 -2477.959094 92.336624
-3513.167431 -2811.321616 104.464478
-2417.708100 -1880.532623 190.295887
-3076.979005 -2480.874326 92.033028
-2323.717815 -1846.472294 151.130039
-2972.612095 -2362.187050 192.793176
-3596.229815 -2709.577039 230.013431
-3023.471395 -2436.926646 91.829110
-2525.481131 -2035.422662 76.317905
-3028.361090 -2479.768677 167.462240
-2749.072537 -2257.659341 113.101597
-3268.534316 -2445.380106 164.473195
-2381.472966 -1774.140072 143.515507
-2633.298903 -2014.617765 156.045640
-2585.413686 -2086.646252 208.866316
-3365.034730 -2675.787996 270.487343
-2638.863947 -2158.270224 157.918928
-2982.775845 -2232.143532 150.448679
-2661.008429 -2106.913879 214.515378
-2929.553461 -2341.512570 235.218057
-2788.122123 -2227.811272 223.828466
-3322.494894 -2717.115826 199.573083
-3443.372702 -2815.713990 205.974971
-3481.682217 -2758.148374 178.915293
-2743.733904 -2217.438491 169.382922
-2575.178607 -2085.286557 188.959580
-2656.796663 -2044.055208 134.688604
-3071.251953 -2321.206608 158.187360
-3415.996834 -2712.893833 176.926359
-2425.067299 -1919.853410 195.146081
-3053.701342 -2379.883043 191.149010
-2484.367588 -1931.939909 156.622424
-3520.534391 -2652.828097 269.306917
-3108.850402 -2386.647926 103.393999
-3296.081476 -2498.013088 167.545409
-3644.664845 -2896.433133 188.629280
-2138.380166 -1593.040219 128.735300
-2203.358599 -1759.437349 176.823652
-2225.783622 -1786.281526 90.888815
-3073.426030 -2363.596629 130.664492
-3310.421581 -2605.862755 275.848502
-2884.755010 -2270.169649 240.309365
-3237.233962 -2541.943251 266.038997
-3045.543334 -2334.852207 120.748851
-2162.305278 -1759.435130 119.783399
-2910.947129 -2236.022305 201.271218
-2336.801829 -1862.277060 84.879319
-2855.516447 -2190.112695 83.272937
-2574.628938 -2026.873121 169.331342
-2568.230114 -2005.010915 176.033827
-2580.118230 -1991.079181 208.148576
-3345.443320 -2612.667478 239.570224
-2368.951502 -1849.522685 169.524429
-3380.232576 -2606.923156 272.178228
-2862.398383 -2332.965797 205.033414
-2647.513987 -2157.366821 189.159532
-2688.702080 -2106.379726 87.701696
-3433.284682 -2760.711214 169.847871
-3074.413724 -2522.899775 181.481524
-3465.546863 -2579.425595 202.715036
-3025.646144 -2405.736479 108.453040
-2871.984888 -2301.154975 140.177793
-2630.170426 -2158.634320 155.452034
-3202.209600 -2526.236398 95.182741
-3596.551923 -2748.502976 266.713750
-3305.169884 -2561.485602 112.259918
-3584.361744 -2829.118920 85.892336
-3550.479506 -2780.216184 117.540923
-2513.479171 -1963.412659 90.169269
-3180.318951 -2473.466002 105.188202
-2712.767882 -2109.554088 98.506913
-2962.076568 -2313.003794 106.720515
-3263.251253 -2565.893352 130.707682
-2860.790122 -2252.502283 109.292947
-2648.972356 -2074.031371 126.776971
-2404.378843 -1888.143290 51.517947
-3446.442449 -2661.596130 110.927173
-3306.513958 -2562.334296 111.873634
-2745.874631 -2159.113076 109.506778
-3308.564900 -2608.206418 99.262689
-2667.280725 -2103.866853 80.017158
-1886.813582 -1489.391661 47.922369
-2662.001017 -2101.397475 67.351578
-3040.790626 -2445.454245 199.395407
-3312.694675 -2617.976796 86.638594
-3538.066099 -2796.298026 92.318347
-2765.117499 -2185.627676 70.399617
-3195.911884 -2386.048251 141.926608
-2380.054510 -1884.929453 64.260015
-3080.180782 -2450.170691 111.669987
-2709.863062 -2146.350443 72.856669
-1769.225113 -1439.425958 95.426241
-2350.890662 -1867.436647 67.850477
-3285.700757 -2687.860115 185.486863
-2918.181638 -2388.184000 164.096227
-2648.990894 -2149.089705 129.888697
-2228.647431 -1757.773733 154.935385
-2333.438485 -1805.965375 162.083664
-2916.449852 -2218.701509 96.142833
-2988.375193 -2421.935552 223.350770
-2285.062233 -1795.022924 70.005416
-3409.379057 -2658.414799 211.722936
-3352.178059 -2624.789643 221.800598
-2698.889632 -2060.587627 147.057128
-3428.939972 -2692.900418 108.085781
-3458.970028 -2686.249071 212.420360
-2711.618712 -2128.400941 118.887867
-2807.321706 -2111.278206 107.542912
-3207.230235 -2483.736424 214.034607
-3484.247422 -2801.019914 124.161768
-3522.353784 -2831.823962 125.082043
-2974.391767 -2304.382345 198.675730
-3594.152153 -2746.528055 266.511050
-3577.356504 -2903.704087 126.771897
-3580.073679 -2905.799574 126.685560
-3299.655204 -2633.129472 164.148478
-3298.085057 -2530.300719 221.311335
-2905.206833 -2257.731471 79.979088
-2653.813258 -2086.271012 81.451307
-2874.224080 -2267.981588 100.243937
-2657.000018 -2088.653545 81.617256
-2657.077838 -2088.803569 81.644880
-3503.893428 -2763.935844 117.793821
-3475.338925 -2697.705408 134.406826
-2996.725516 -2357.660204 195.592007
-2884.818190 -2371.547634 132.217040
-3135.566954 -2426.542847 82.764608
-2869.681205 -2316.754007 89.440358
-2780.595728 -2191.907680 84.331811
-2231.030482 -1834.056965 102.788929
-3128.558773 -2571.256863 143.710637
-2900.468101 -2287.020228 88.934708
-3083.803081 -2385.903640 99.880197
-2421.113673 -1862.064585 191.464466
-3212.391815 -2470.838891 254.664874
-2806.511828 -2246.469891 139.268046
-3479.249484 -2758.582525 169.062396
-3511.342320 -2784.352737 170.947067
-2374.842595 -1838.694618 120.754645
-2624.675663 -2107.528861 117.847295
-2993.638210 -2408.557972 155.343682
-2591.489765 -1927.233519 116.069286
-2690.061969 -2158.724144 131.722590
-2823.967887 -2289.351079 156.451071
-3006.112898 -2438.302889 166.138601
-3402.259686 -2727.254127 167.857669
-2122.552584 -1612.272558 83.260778
-3656.070326 -2875.126973 154.086498
-2468.710103 -1842.144825 129.443011
-3128.056971 -2334.147194 164.188417
-3534.911727 -2834.828919 174.115633
-2775.068568 -2069.407788 145.046189
-2753.877989 -2186.143922 149.272176
-2821.127379 -2217.175886 120.160362
-2436.480867 -1863.710806 64.628002
-2761.607322 -2228.575350 221.167143
-2397.573742 -1935.566883 192.643581
-2659.226263 -2015.012714 125.352064
-2620.711114 -2017.658226 161.503595
-2235.119238 -1805.294748 179.625538
-2638.956109 -2030.885313 162.387136
-3054.216778 -2343.813591 190.799154
-2945.039441 -2235.329300 157.362364
-2973.547703 -2366.931007 219.579236
-3104.612214 -2386.148057 133.888392
-2983.086049 -2410.273000 155.628513
-3492.469613 -2823.294768 182.382165
-2540.702245 -2010.300666 170.536822
-2366.270780 -1891.212278 98.268207
-2780.634369 -2150.587968 145.169125
-2563.519297 -2054.241534 193.506404
-3184.374361 -2509.897902 219.830900
-2521.109285 -1913.894658 111.558528
-2795.898528 -2237.065581 95.082079
-2751.028934 -2191.484145 79.046552
-2977.951556 -2343.003872 116.467377
-3540.868692 -2833.305998 120.575073
-2505.759761 -1983.639796 71.055711
-2479.366819 -1964.973265 126.241816
-3273.877477 -2655.952353 117.556646
-3084.573508 -2323.770552 139.718628
-2461.502185 -1920.000440 178.453225
-2319.191043 -1882.315737 83.200209
-2462.964864 -1921.198363 178.580855
-2675.110779 -2023.205346 139.133358
-3044.241356 -2365.844357 192.329562
-3056.908362 -2383.906866 220.931267
-2888.266605 -2260.634137 236.796696
-2497.899885 -1883.572882 130.934970
-2389.472042 -1779.225873 142.946173
-2523.094227 -1989.454621 199.849350
-2221.126268 -1816.172305 115.893234
-2868.874700 -2274.466511 229.403506
-3151.757456 -2595.171798 165.292171
-2032.445370 -1641.884732 106.374676
-2912.085523 -2227.651010 76.661088
-2580.967530 -2029.025421 109.012866
-2637.751411 -2056.201937 117.100094
-2527.917314 -1970.624823 111.398469
-3317.534574 -2598.487622 131.113051
-3488.419372 -2665.645820 278.182464
-3023.395703 -2319.662982 163.016571
-2383.210902 -1865.453072 157.893346
-3627.314326 -2815.773039 162.350127
-2416.228901 -1964.328868 75.034447
-3333.598821 -2547.745311 265.615275
-2708.668498 -2051.535713 97.686765
-2930.434275 -2219.179019 105.899924
-3586.503437 -2715.800006 129.013314
-2706.811789 -2066.016140 133.535047
-2572.753196 -2022.116281 105.431092
-3330.989109 -2546.075224 265.740548
-2979.351302 -2330.572125 129.301412
-2617.829844 -2048.411827 60.336179
-3501.521324 -2745.022218 160.522803
-2414.366274 -1895.982116 101.534870
-2478.496673 -1945.943685 107.152114
-2459.780199 -1908.731329 154.560297
-2872.575461 -2248.741408 142.059028
-2461.418115 -1909.993618 154.589693
-3022.419546 -2289.613881 108.493982
-2247.917483 -1777.037585 66.728746
-2366.503359 -1841.967576 121.239266
-2751.417830 -2106.666348 227.855287
-2712.182439 -2052.177184 99.506526
-2678.298828 -2058.157624 188.511403
-2222.605664 -1707.998044 156.705631
-2772.138105 -2274.448666 131.715995
-2596.349128 -1994.988279 182.893030
-2753.528179 -2191.606191 223.607734
-2689.876560 -2112.620099 131.474953
-2328.756030 -1829.475696 113.612878
-3139.266361 -2570.665481 220.618629
-2457.691629 -1881.274536 145.535618
-2471.184456 -1962.988560 138.001008
-2922.912554 -2355.780156 111.820361
-2743.897824 -2211.990474 104.570410
-3001.333803 -2409.915823 152.183843
-2554.845224 -2019.003800 185.648731
-3303.150560 -2562.735288 209.857256
-2213.278825 -1716.632483 140.182721
-2484.878228 -1971.282348 131.254257
-3501.254184 -2709.051178 224.228870
-2592.933300 -1936.520308 100.362532
-2972.014863 -2281.272586 131.159817
-3413.809122 -2549.627044 130.856154
-3405.691993 -2542.019511 129.811415
-2603.958390 -1996.626336 183.536849
-2142.010257 -1625.335250 122.507798
-2950.082638 -2382.426384 116.413848
-3101.250701 -2436.270211 152.367521
-3506.700923 -2660.317465 199.115094
-2645.082936 -2006.631005 150.716372
-2408.490554 -1863.773932 155.552128
-2973.734265 -2386.398903 150.249645
-2787.985747 -2237.546909 141.496515
-3287.917809 -2598.611829 278.016791
-2904.866683 -2356.501643 230.966802
-3065.209344 -2476.179070 198.629905
-3468.910313 -2819.897510 176.725804
-2384.660011 -1884.712696 111.583233
-2846.701699 -2157.221859 220.975270
-1970.867132 -1537.424229 171.125869
-2290.253841 -1863.432428 77.762225
-3153.339887 -2570.748396 104.670836
-2637.072454 -2159.338991 146.321135
-2792.099741 -2221.725051 225.178055
-2371.516993 -1830.064963 133.916495
-2362.788653 -1823.687181 133.331635
-2391.702326 -1934.763145 162.317159
-2186.184252 -1769.054739 148.935469
-2167.655498 -1713.628765 100.965855
-2608.342459 -2092.274701 174.411962
-2080.447577 -1690.242858 105.551341
-3054.071849 -2336.687592 89.163885
-2508.235164 -2037.051593 117.624246
-2404.982496 -1812.562435 123.864406
-3129.583589 -2575.881168 150.847196
-3399.998945 -2597.318878 206.511572
-3167.540396 -2404.683112 207.017365
-3465.910047 -2683.373567 219.271630
-2917.062305 -2255.872278 186.892324
-3358.080614 -2718.805686 229.314856
-2679.395380 -2021.131720 139.538648
-2883.581287 -2205.795880 84.241224
-3502.561914 -2679.434923 102.250417
-2663.014241 -2022.254605 194.603425
-2888.047935 -2327.324883 109.642296
-3068.153549 -2468.215306 121.099561
-2726.218651 -2071.183823 199.091298
-3162.185625 -2427.954080 254.827334
-2566.764763 -2036.030832 99.848560
-2515.981731 -2039.189649 91.447501
-3315.904834 -2577.930835 218.033625
-3000.638835 -2405.945166 121.100151
-2235.207232 -1778.036304 182.669680
-2304.985277 -1831.718161 189.046881
-2599.076179 -2067.315341 210.245983
-3497.866623 -2728.952112 175.871102
-3502.562871 -2732.568445 176.370362
-3643.856500 -2770.204223 121.485672
-3136.628635 -2538.774455 124.104028
-2635.422128 -2149.889163 86.968951
-2484.858155 -1954.442454 69.036024
-3399.297813 -2615.464387 270.657280
-2748.758857 -2235.001360 147.835015
-3092.134459 -2395.574148 205.048872
-3624.006936 -2806.659769 241.054553
-2885.670932 -2212.174101 84.967944
-3380.684292 -2717.068478 225.936383
-3186.915655 -2517.904152 150.611751
-3137.191202 -2539.120311 124.106739
-2025.173227 -1606.379484 81.337959
-3469.396088 -2727.690676 137.044537
-2140.268399 -1649.243280 122.397910
-2908.435002 -2353.552833 114.536442
-3452.767646 -2679.485161 128.028018
-3347.534778 -2597.900293 123.476988
-2751.863195 -2134.659893 101.415711
-2093.658379 -1697.577263 76.051481
-3315.341375 -2511.250709 256.212124
-2638.176775 -2111.768058 110.240835
-2343.592040 -1875.831448 97.793963
-2961.021563 -2368.120396 123.446948
-2353.705914 -1766.051273 92.400487
-2426.575725 -1874.808653 110.880325
-2361.203140 -1762.810426 121.111272
-2413.884741 -1909.489238 119.710494
-3030.732732 -2381.879762 261.477413
-2661.108324 -1997.973783 179.288939
-2561.474863 -1997.963622 217.618331
-2802.604855 -2165.516228 198.338946
-2651.090860 -2122.543929 109.860865
-2156.582133 -1726.540011 89.843671
-2288.760814 -1839.649774 72.774499
-2673.901057 -2173.758738 93.007712
-3580.789633 -2891.105544 296.348679
-3228.769045 -2432.825057 168.596850
-2443.066567 -1924.097373 163.550885
-2806.033008 -2149.305034 230.814725
-2831.165715 -2199.509495 189.067710
-3524.621700 -2749.880731 298.442295
-2998.228548 -2362.856179 237.850969
-3114.948338 -2437.706486 261.524223
-2138.867864 -1673.720930 179.324827
-2629.661690 -2151.590976 158.201674
-2737.119187 -2145.979182 225.652460
-2144.682933 -1751.269219 127.989806
-3324.629638 -2715.920106 188.574853
-2489.192299 -1937.485860 117.166479
-2738.864833 -2045.219403 170.530725
-2213.502735 -1710.833209 156.230823
-3448.753491 -2687.149977 126.136162
-2637.164853 -2153.736314 157.589681
-2280.625055 -1777.647143 82.917268
-3502.696226 -2683.550537 289.063497
-2928.244114 -2279.662847 255.156621
-2291.367385 -1883.302899 106.259564
-3285.522897 -2445.927233 190.762041
-3188.220708 -2526.388782 152.603617
-3385.737252 -2774.707127 178.669503
-3093.421483 -2472.718409 169.687300
-3270.706315 -2614.522207 178.797775
-3053.344347 -2330.016358 144.317952
-2126.924666 -1604.384996 96.281824
-2964.768524 -2236.352788 134.450907
-3504.541771 -2835.658605 229.892774
-3031.659359 -2440.671436 96.718632
-2813.815502 -2160.950438 168.459933
-3533.658566 -2798.282144 274.333789
-2596.680953 -2078.743812 184.493808
-3562.525892 -2837.751050 115.198875
-3557.082102 -2833.682112 115.543180
-2833.437847 -2292.251294 204.543352
-2963.929117 -2377.094765 224.217243
-3200.437706 -2547.901684 138.494992
-2973.923197 -2418.810720 209.473441
-3658.808487 -2802.838063 253.422343
-2558.264972 -1927.433342 98.753317
-2870.415157 -2199.313453 199.725790
-2518.874147 -1932.050497 180.689591
-3596.164026 -2884.159365 244.773108
-3290.308911 -2524.356058 235.842108
-3314.182203 -2523.377366 156.546205
-2411.737207 -1852.809828 174.222927
-2563.926079 -1967.747740 184.427599
-2384.459566 -1822.944555 63.534019
-3096.652854 -2376.871284 126.291582
-2782.407845 -2135.764177 114.041962
-2342.430022 -1798.182052 95.935882
-2912.591635 -2236.514799 119.153341
-3123.296807 -2531.775443 138.293221
-2613.745204 -2112.045410 162.277086
-2908.605624 -2349.817603 180.690419
-3208.370227 -2446.574936 151.851983
-3149.522708 -2361.310949 202.142187
-3088.533131 -2347.876498 182.867697
-2871.295826 -2165.355689 165.414794
-2901.775598 -2222.345848 202.540269
-3026.185173 -2263.498917 175.203854
-3126.398792 -2557.896470 182.279712
-2456.052437 -1969.697830 185.597861
-3245.669017 -2473.834863 151.634798
-2168.278739 -1674.290242 91.815833
-2310.680959 -1783.923994 97.861144
-3113.102143 -2379.437346 84.402277
-3445.271719 -2707.480078 221.571011
-3083.393367 -2355.159644 160.639605
-3361.223482 -2567.943107 175.161200
-2887.509841 -2268.280750 186.497727
-2369.902694 -1901.180326 94.641241
-2863.188916 -2157.128542 147.160103
-2230.766165 -1712.325182 133.123814
-2965.764860 -2427.194798 204.404152
-3012.392644 -2426.306906 94.016792
-2893.078657 -2249.713720 189.236786
-3344.601461 -2601.893133 218.705138
-3314.502866 -2579.644771 216.338847
-2345.220391 -1791.928748 64.818508
-2777.475993 -2201.570503 222.224013
-2856.296596 -2203.118331 230.772070
-3166.652779 -2422.169728 90.852391
-3420.656191 -2662.985756 150.368606
-2696.196258 -2028.997862 149.981592
-3623.531606 -2696.997574 212.247217
-3504.966589 -2728.948065 153.405966
-2404.745206 -1843.261602 70.515619
-3621.042814 -2710.887872 161.551608
-3284.290011 -2588.063891 118.151570
-2444.631432 -1973.924918 152.255911
-2635.598499 -1983.892226 147.302123
-2895.067007 -2237.714579 85.864658
-2880.445024 -2233.199945 102.336540
-2452.622493 -1899.435326 84.333853
-2570.739069 -2087.077618 127.146466
-1842.043591 -1495.328038 91.348129
-3118.119966 -2334.805541 135.232795
-2849.785624 -2201.845251 85.110029
-2263.143656 -1748.429565 68.161852
-2940.224114 -2354.241728 142.440868
-3108.888107 -2400.085199 155.754087
-2298.485560 -1840.011596 111.074432
-3532.729797 -2811.813764 95.302326
-3636.259085 -2894.478618 97.553951
-2753.903265 -2193.111667 73.621598
-2812.889713 -2217.048958 195.727412
-2296.623082 -1838.214936 111.107728
-2625.269486 -2145.510307 156.375150
-2449.395354 -1892.522844 72.789149
-3122.567718 -2338.715117 134.528538
-2605.518600 -2027.848969 84.493668
-3466.847655 -2820.663377 201.403888
-2803.347245 -2224.422988 151.317699
-3484.409564 -2766.804599 186.973955
-2486.349349 -1973.099633 133.569198
-2535.715259 -1998.379750 175.615358
-2161.514350 -1703.418984 149.813205
-3472.733985 -2596.352614 201.432853
-2742.934718 -2097.168211 124.842379
-2747.725448 -2101.770992 218.981660
-2966.016272 -2345.716429 86.510197
-3247.722958 -2489.906818 109.810220
-2711.143247 -2155.234509 74.924564
-3000.461483 -2421.371294 113.400321
-2678.967582 -2162.569575 100.595315
-3588.401429 -2897.211748 135.252090
-2371.140214 -1907.913343 74.576548
-2874.900512 -2291.646524 212.297876
-1897.574080 -1448.201314 89.281544
-2943.989905 -2241.033627 138.945330
-3096.115612 -2362.824237 146.028186
-2650.239110 -2017.424795 125.237748
-2317.881560 -1880.907480 117.452828
-3209.573379 -2452.015056 152.414158
-1926.758201 -1471.638265 91.048968
-2869.603398 -2192.257466 136.073924
-2710.302737 -2038.755817 176.853357
-2618.254578 -1996.560658 122.622883
-2735.585126 -2061.219631 104.840265
-3008.732839 -2449.598911 220.603619
-3531.908526 -2875.994133 258.754644
-3594.650144 -2831.501933 95.558902
-2367.195261 -1864.729011 62.959015
-2913.584798 -2227.272752 158.724865
-2427.219052 -1882.728818 89.601496
-3374.614395 -2537.599699 221.049781
-2422.682845 -1811.487815 139.768439
-3225.306645 -2472.667373 264.390446
-3168.323794 -2394.409068 164.390819
-3472.619894 -2752.331523 252.091649
-2932.206463 -2319.962665 151.314142
-2382.567728 -1872.880931 208.221762
-2252.563054 -1786.001478 164.145515
-3261.268632 -2438.967655 199.739701
-3458.508953 -2747.094352 191.367720
-3298.493065 -2492.956057 171.103858
-2451.358082 -1848.225648 85.422415
-2837.687675 -2140.510112 99.473702
-2424.886155 -1976.532078 102.338488
-2531.591213 -1903.287264 163.656914
-2630.667441 -1989.732738 95.500403
-2627.263938 -1987.182015 95.352509
-2272.269083 -1700.386734 107.657679
-2917.752631 -2370.383702 206.821706
-2636.021641 -2062.687638 181.018227
-3452.155802 -2700.847792 237.034939
-2366.841488 -1792.554364 181.231284
-2914.175860 -2249.492175 134.491654
-2855.228016 -2192.599473 90.858602
-2660.874009 -2014.587156 204.078040
-2898.704055 -2354.423484 205.026001
-2658.319620 -2012.590926 203.935113
-2217.098541 -1773.362788 157.174448
-3138.766603 -2537.817718 122.010535
-2149.897288 -1707.192935 63.486151
-2504.920279 -2038.782968 139.269853
-2462.616689 -2013.915789 165.828344
-3082.215547 -2366.316485 78.861720
-3079.081884 -2363.689999 79.387465
-2399.426846 -1851.852006 110.192009
-2416.483647 -1810.158548 113.522945
-2875.309135 -2341.518246 160.499479
-2416.977417 -1901.276450 113.272139
-2866.415435 -2328.169401 194.399373
-2816.244944 -2205.187215 136.211706
-2764.189034 -2172.969307 128.919231
-2245.709769 -1687.320734 101.384146
-3112.180199 -2377.348390 236.448231
-2235.711097 -1757.523138 104.387209
-2776.855902 -2079.504352 130.817373
-2684.972645 -2010.844376 126.741553
-3443.189214 -2768.566010 263.862951
-2888.416998 -2229.227235 132.909109
-2612.564828 -2010.156197 166.179814
-3650.882535 -2820.869185 171.873808
-3250.463259 -2561.135626 167.111409
-2616.076143 -2008.936610 166.858795
-2202.296824 -1770.091698 168.237118
-3295.379268 -2539.326023 207.176293
-3333.375436 -2715.014511 195.199571
-2672.770993 -2177.065008 156.883903
-2973.246970 -2246.857567 161.225582
-2506.574907 -1937.568993 115.888894
-3143.238418 -2404.991035 114.394692
-2464.861368 -1961.797361 79.235977
-2786.180740 -2175.600709 191.270390
-2391.516859 -1902.728037 191.642099
-2399.660909 -1852.052649 110.162819
-3076.846250 -2504.945256 102.472640
-3313.652965 -2562.418507 154.124064
-3209.213372 -2629.329577 173.039018
-2233.370045 -1767.981155 179.807244
-2161.326650 -1649.899160 134.882140
-2904.734512 -2217.389885 181.369064
-1842.939951 -1512.160973 87.959080
-2493.210727 -1971.724526 201.129318
-2529.996112 -1956.554758 116.644343
-3640.445782 -2843.268001 155.542870
-2608.028948 -2050.973118 57.070713
-2431.240223 -1962.675097 136.975237
-2862.883320 -2216.377439 75.889983
-3686.559446 -2753.049784 186.398248
-2634.367771 -2052.157998 118.236725
-2747.452715 -2200.295656 136.198532
-2804.549596 -2264.876204 157.186030
-3157.771747 -2586.931502 169.556620
-2519.204634 -2042.759062 188.276468
-3123.560198 -2391.859499 111.405038
-2748.250402 -2094.509359 219.499042
-3272.766912 -2644.188632 184.351836
-3345.059994 -2628.516247 72.318055
-2635.810417 -2053.732565 118.837467
-3343.386471 -2627.913421 73.314384
-2978.381478 -2343.843441 114.430922
-2969.322669 -2274.391015 106.756164
-2629.364169 -2043.730227 134.379214
-3352.645669 -2548.571400 129.796566
-3353.551555 -2548.920658 129.762365
-3121.963302 -2372.059290 122.162804
-2594.862340 -1959.584096 136.222696
-2820.445926 -2129.715757 85.299784
-3158.041447 -2531.068487 156.592590
-2412.086815 -1851.165764 61.743484
-3196.291275 -2499.153967 218.776171
-2584.535006 -2101.187307 80.546725
-3433.572612 -2592.980418 103.674934
-3492.284013 -2729.130239 240.239466
-3370.283835 -2638.735188 230.506040
-3043.397563 -2273.107430 157.437792
-3047.201734 -2301.293460 159.180687
-3184.212243 -2585.813124 216.943729
-2896.038033 -2354.933833 90.582357
-3435.589325 -2635.614101 215.029718
-2406.110359 -1845.897152 151.340303
-2312.901232 -1774.697498 145.242595
-2349.975921 -1803.670814 147.546827
-2700.703350 -2162.370541 90.282880
-2892.275073 -2291.872779 208.006402
-3204.739457 -2461.835950 139.683855
-2337.676648 -1805.316643 107.334955
-3547.806750 -2686.015680 278.787761
-3458.087577 -2735.026688 260.269383
-2424.629324 -1873.138183 111.334193
-2574.315175 -2044.705411 72.875085
-2774.204616 -2208.094243 222.323298
-2435.644049 -1853.944264 144.850039
-2593.696778 -2085.423869 198.592261
-2411.046527 -1860.231629 176.894475
-3326.670744 -2557.798282 163.644563
-2358.429387 -1879.316655 67.492449
-2664.461557 -1984.762629 138.132259
-2915.253331 -2334.364233 97.196991
-3267.434902 -2591.290787 238.039375
-3228.009639 -2558.853870 238.745374
-2815.055928 -2187.319868 243.188835
-2339.648395 -1844.125572 121.926426
-2833.981454 -2314.030162 166.510893
-3011.850754 -2420.165551 168.705814
-2905.440178 -2222.606614 75.272644
-3138.195940 -2532.812772 175.643108
-3652.810278 -2810.941743 159.138081
-3097.201708 -2500.250495 173.593886
-2526.151093 -1986.014589 221.559180
-3379.633610 -2702.738250 102.592992
-3618.860448 -2734.611177 129.184375
-3529.735455 -2668.156452 127.195733
-2645.325889 -2008.052836 149.380653
-3439.495642 -2802.384001 114.930084
-2413.959828 -1857.259130 193.710123
-2583.720280 -1960.926390 146.123242
-2329.048064 -1793.633537 186.117475
-3032.659805 -2470.087591 101.542855
-3014.085263 -2451.796009 127.594751
-2406.932816 -1828.711818 135.758274
-2790.617211 -2274.515136 93.832163
-3656.037285 -2762.425290 196.190301
-3202.256192 -2607.615295 108.006908
-3196.716555 -2449.746568 223.226512
-2444.279553 -1845.718299 131.106974
-3139.527546 -2543.635949 113.205839
-3367.884549 -2635.918225 295.242886
-3006.732895 -2347.956706 72.779377
-2876.211448 -2353.733839 154.490651
-3308.004427 -2709.085628 177.018370
-3310.564202 -2604.551169 89.604890
-3325.072044 -2559.211524 265.370934
-3508.884279 -2678.441537 282.350846
-2496.009238 -1971.998915 117.877794
-3525.493490 -2733.474976 99.744875
-3542.801358 -2647.369851 182.254194
-3664.376299 -2737.435734 187.520168
-2632.047607 -2154.893615 146.585202
-3441.258820 -2656.497577 156.863848
-2571.080057 -2016.961070 213.155630
-3172.901710 -2573.923491 113.340470
-2942.128090 -2386.416695 105.545949
-2653.153823 -2022.096416 192.465734
-2258.239732 -1771.658394 197.748348
-2477.296925 -1888.712531 179.470289
-2364.331166 -1756.515506 105.902793
-2419.606745 -1834.154129 187.260393
-2507.836891 -1900.479356 194.000893
-2089.042547 -1694.990345 74.459293
-2570.278764 -2001.772012 183.604169
-2797.476057 -2124.306488 192.963835
-2398.770618 -1900.851561 123.639726
-2788.835767 -2274.176133 109.402378
-3357.383195 -2573.835871 171.227538
-2645.272895 -1996.983660 117.812270
-2349.345213 -1759.674250 109.924824
-3213.200018 -2452.555162 153.952114
-2286.297310 -1864.499169 89.682393
-2346.546462 -1877.837075 167.407702
-3526.338800 -2695.592625 98.659659
-3325.273258 -2552.929976 195.891898
-3202.756617 -2444.292113 152.884413
-2228.732091 -1711.572377 131.950876
-2851.138405 -2200.581539 211.635555
-2105.588184 -1721.444593 124.648032
-3016.816043 -2305.832245 243.304767
-2536.966528 -1976.530676 180.572732
-3195.623254 -2493.683367 154.718064
-2690.928076 -2040.902208 206.979836
-2192.620456 -1663.017158 168.095606
-2475.323935 -1934.146803 106.872877
-2920.415030 -2215.739748 223.301159
-2141.799733 -1677.037537 102.055818
-2530.975056 -2058.659883 136.621184
-2151.961121 -1775.552588 113.536795
-2782.503094 -2080.208832 154.261092
-3552.736944 -2798.532460 244.767507
-2223.357419 -1809.447608 124.231782
-3022.928923 -2303.461713 180.933126
-2313.896901 -1824.567664 124.744221
-3504.807282 -2656.806529 269.266210
-2035.064527 -1600.000237 43.136575
-2170.300818 -1633.356116 139.932438
-2856.580308 -2308.751155 111.142754
-2465.191753 -2010.319722 169.262188
-2245.098749 -1814.572916 87.946497
-2787.362171 -2282.297233 155.940391
-3653.195583 -2749.021287 147.364117
-3219.209303 -2406.525923 185.331376
-2668.066163 -1994.584526 152.653776
-2646.882158 -2025.385878 97.590144
-2412.529307 -1899.662811 191.532227
-2718.999230 -2071.537214 198.337618
-2908.204922 -2215.446462 211.938861
-2329.014429 -1847.961781 130.305094
-3623.651716 -2871.198390 216.794116
-2469.694351 -1942.695868 192.286385
-2520.243644 -1956.100220 66.238402
-3412.747804 -2582.886967 112.778420
-2269.496887 -1747.162356 64.641500
-2405.040353 -1868.960348 67.997194
-2390.842243 -1809.167617 78.874039
-2405.974990 -1869.639479 68.102976
-2439.763332 -1896.946141 68.991617
-2868.049944 -2228.409569 80.982674
-2549.322946 -2074.331487 150.328868
-3078.234343 -2429.499038 251.400111
-2421.929581 -1822.120643 180.264320
-3270.354190 -2651.041498 190.741305
-2276.891850 -1702.696995 120.963181
-3318.265513 -2489.411443 124.597604
-2595.178995 -2071.111506 202.141876
-3309.850932 -2559.465707 248.431743
-2243.561197 -1829.495818 100.034106
-2901.041955 -2318.695948 153.973273
-2269.444292 -1846.474272 154.799614
-2954.790051 -2247.291846 79.955387
-3310.165715 -2659.723633 123.937213
-2971.713191 -2223.701653 107.813539
-2262.606644 -1810.017654 120.534659
-2538.954398 -1893.838758 108.488195
-2888.757832 -2164.116698 109.944334
-3499.694608 -2798.817668 184.115234
-2428.418072 -1833.823431 84.991699
-3239.169299 -2448.274448 203.200887
-3231.879413 -2445.487524 202.256900
-2983.892248 -2259.975453 187.253222
-2700.758640 -2013.915892 113.429134
-2450.735879 -1868.562705 72.881623
-3192.573599 -2383.933633 173.840353
-2633.154081 -2012.408146 66.939421
-2550.887938 -2074.701376 150.334535
-2570.697883 -2052.451353 121.688767
-3238.262277 -2509.014503 241.025800
-2272.307515 -1758.360484 136.574361
-2763.123671 -2249.725016 184.082606
-2390.434168 -1817.858359 64.592082
-3560.770827 -2902.014729 157.778911
-3470.200263 -2695.023720 194.068525
-2592.134454 -2118.632202 113.333378
-2324.565356 -1899.601208 101.862782
-2579.187366 -2051.987776 106.363203
-2573.671345 -2002.067203 160.489670
-2144.012590 -1678.980236 150.070423
-2565.494217 -2076.530893 73.579524
-2530.845700 -2067.937110 111.324098
-2349.814226 -1792.085687 70.178954
-2680.183859 -2041.098604 119.114265
-2883.821504 -2157.914380 150.067901
-2260.506399 -1705.526478 94.951271
-2431.259853 -1945.185312 184.441232
-2107.838859 -1615.309474 142.288398
-3624.794913 -2731.673951 204.739430
-2647.392563 -2018.996567 215.415375
-2530.004056 -2003.525870 111.151037
-2327.480070 -1842.528986 102.005422
-3621.950039 -2729.910774 203.893570
-2457.730095 -1966.855325 185.340152
-2371.301569 -1897.061773 178.579438
-3531.223721 -2822.026941 278.856467
-2362.340305 -1822.757990 137.621390
-3618.636856 -2879.034015 258.265536
-2856.306907 -2282.758490 226.074610
-2697.817940 -2147.443471 130.781939
-2982.405839 -2394.429241 92.723637
-3575.949612 -2761.020617 208.023064
-2007.024890 -1596.469198 68.153395
-3193.140317 -2497.452227 235.673088
-3049.062947 -2468.181555 225.848205
-3090.877039 -2458.325437 103.807910
-3063.735487 -2445.357946 217.389457
-2167.614478 -1732.131993 170.426150
-2461.336188 -1956.312450 86.257141
-2248.801096 -1790.351525 115.722265
-2390.787209 -1851.162708 143.857757
-2414.070164 -1810.840717 107.380171
-2633.681030 -2039.518257 155.245559
-2939.768703 -2349.255698 99.670825
-3373.102041 -2625.573199 205.933776
-2636.086135 -2093.844821 132.234266
-2418.352490 -1877.280136 194.192163
-3126.955041 -2339.265911 131.644568
-3492.235816 -2792.894502 123.644161
-2811.124230 -2262.342204 220.005302
-2429.669521 -1955.382109 191.664022
-2942.235390 -2352.325528 100.737698
-2200.858291 -1747.896412 108.480130
-3280.515013 -2622.007886 111.200034
-2400.284531 -1932.155512 188.787518
-3250.807462 -2616.515343 254.573367
-2330.760609 -1862.693113 78.810780
-2378.550266 -1900.756172 80.290984
-3439.852418 -2773.520798 239.026836
-3046.708475 -2472.119988 179.022085
-2723.501860 -2053.809243 118.385305
-3451.553536 -2748.353121 114.162041
-3228.190897 -2431.263726 141.332361
-2881.092193 -2311.757169 200.273263
-3349.585618 -2593.960809 207.631685
-2222.026504 -1768.488821 108.540220
-3425.853908 -2675.961132 216.299088
-2164.794183 -1721.346159 104.154618
-3598.493805 -2687.426069 159.247685
-3451.385163 -2754.780072 123.553633
-3438.116324 -2788.521591 206.112688
-2852.426716 -2317.547215 146.618113
-2901.286899 -2252.077419 231.690885
-3490.837401 -2699.556001 142.078747
-3125.929618 -2415.889717 130.780491
-2399.033418 -1828.519824 128.546416
-1900.632533 -1547.459335 60.278929
-2805.460260 -2249.177875 201.690510
-2771.208590 -2113.379671 198.090316
-2444.598418 -1920.877812 167.929481
-2643.779304 -2169.079951 122.746385
-3303.099673 -2519.082331 94.096041
-2852.888033 -2201.416347 153.658900
-2215.049834 -1825.235579 105.210628
-3201.909497 -2397.892008 193.806584
-3091.511690 -2315.332965 187.616641
-2439.730692 -1889.701078 127.399688
-3503.400775 -2777.777777 157.632546
-3131.001615 -2489.670934 127.969345
-2365.373534 -1883.942921 87.511931
-2820.826412 -2166.755162 86.148933
-2610.050359 -2014.301742 94.289373
-2512.100587 -1930.131549 139.947917
-3202.972666 -2596.814194 191.286544
-2167.456566 -1738.892173 156.779265
-2891.114698 -2318.733778 209.252025
-2347.512926 -1882.716254 171.310590
-2694.837487 -2167.409060 127.366940
-2878.798756 -2162.620133 111.893930
-2172.021532 -1631.183318 83.722827
-2430.016490 -1824.560757 94.404823
-2823.938468 -2181.735165 117.609697
-2961.182416 -2382.852823 139.378564
-3178.051943 -2533.952548 152.083631
-3185.324537 -2458.327624 240.670630
-2409.526349 -1837.185643 129.515460
-3367.689666 -2703.021980 243.450783
-3455.521145 -2771.149930 247.436161
-2617.906201 -2051.538652 167.717111
-3366.249350 -2701.876414 243.284180
-3026.899062 -2323.563992 170.046461
-2214.959907 -1700.014179 82.337474
-2629.787420 -2020.875063 96.197938
-2883.111921 -2215.830438 133.793631
-2809.766000 -2104.480147 170.157716
-3631.285102 -2877.398544 106.053597
-2493.116522 -1998.869584 158.751624
-3506.529438 -2677.071510 159.548102
-2872.047692 -2275.730293 84.834611
-2389.407575 -1915.678576 150.963115
-3261.430359 -2471.272351 143.571240
-2569.617796 -2052.352496 121.788203
-3206.401273 -2596.671275 236.646336
-2388.307685 -1914.569512 151.743564
-3356.896219 -2689.339853 241.353993
-3263.778767 -2656.302681 126.088283
-2393.059735 -1916.631851 171.855279
-3174.329961 -2511.095921 219.887629
-3226.668694 -2552.968256 224.474008
-2811.872158 -2235.611657 200.146257
-2656.783638 -2017.687965 208.829078
-2513.783248 -2009.991289 170.042012
-2988.714925 -2393.043871 198.397298
-2332.711911 -1868.360485 154.778051
-2959.894410 -2336.784482 248.018389
-2917.812501 -2216.873416 170.748864
-2858.548671 -2292.870206 181.371225
-3488.562833 -2813.117135 177.501850
-3367.262288 -2521.373646 165.951161
-2514.187704 -1914.859214 134.864615
-2645.834566 -2009.624759 155.165197
-3330.977795 -2569.722566 118.674695
-2273.159056 -1702.446698 112.644919
-3596.337671 -2734.916089 104.611163
-2981.589275 -2230.877383 148.205981
-2510.102273 -1903.001601 146.437275
-2940.924829 -2233.039763 132.602934
-3678.514865 -2788.806623 214.879456
-3137.265683 -2348.237617 162.341592
-2785.096651 -2232.222819 204.727871
-2587.459154 -2033.242203 119.420254
-2630.011677 -2064.272520 126.471469
-2819.251016 -2257.904961 204.203766
-3505.181736 -2713.264367 163.064891
-2200.384032 -1702.571234 93.641454
-2356.340327 -1844.563204 172.773317
-2966.688020 -2339.581117 247.713666
-2560.709509 -2019.481840 213.811299
-2851.588699 -2284.353949 206.583792
-3361.660776 -2699.187323 236.880259
-2945.969692 -2366.727052 210.079673
-3355.485483 -2641.604956 143.677629
-3620.469466 -2850.438798 153.215828
-2339.859678 -1850.026691 164.435884
-2891.725057 -2318.228670 209.057308
-2582.029849 -2070.063329 186.814280
-2273.085055 -1822.370615 166.346218
-2773.977009 -2222.802270 202.420946
-3058.896841 -2326.316097 115.828156
-3378.985214 -2568.388439 100.223954
-2931.646412 -2228.537314 86.584160
-3308.119155 -2611.795820 122.401393
-3334.880247 -2557.860760 137.477189
-2674.343753 -2086.096851 209.049753
-2602.107525 -2030.677212 201.419319
-2584.035227 -2008.978247 165.859801
-2317.789299 -1772.347713 67.199668
-2638.549698 -2026.554069 87.922706
-2960.007780 -2364.148781 231.542711
-2319.766139 -1781.752936 78.086201
-2802.453108 -2114.864875 112.679464
-3448.467517 -2622.337675 130.135886
-2783.566381 -2088.088029 105.140890
-2198.301484 -1670.472253 64.253167
-3528.836727 -2786.007366 130.859682
-2858.199730 -2256.030084 105.472251
-2626.018191 -2145.938822 162.271707
-2846.640343 -2246.001096 109.362465
-2391.165830 -1851.375957 171.702215
-3118.438561 -2466.352734 104.467752
-2414.864345 -1905.221195 93.319731
-2957.275451 -2331.862453 115.145100
-2535.192220 -2007.997889 55.198857
-2688.978877 -2070.755169 76.387045
-2555.645764 -1945.494128 112.417902
-3337.116814 -2505.518677 197.047383
-2497.482398 -1870.795549 90.525111
-2487.143533 -1867.452766 146.916814
-3500.940050 -2651.885135 257.936546
-3447.093240 -2608.134309 256.887664
-2525.637755 -1891.294678 91.306373
-3148.969441 -2522.949438 86.368989
-2846.171718 -2211.829570 79.419338
-2205.196084 -1769.658293 78.441706
-2966.095115 -2341.930501 84.539593
-3377.710837 -2696.510334 160.941956
-3171.342271 -2529.643848 198.101675
-2850.162503 -2168.283988 77.828812
-2648.846508 -2158.731927 85.885621
-2697.474072 -2093.698888 66.365796
-3568.253693 -2784.775583 247.823427
-2550.742099 -1941.045182 69.878462
-2649.188689 -2080.015953 55.779327
-2395.706049 -1864.674264 147.886036
-3036.487525 -2421.604192 187.601903
-2946.715054 -2273.045433 93.647930
-2138.563618 -1705.432996 132.727356
-3528.310277 -2830.420127 124.628185
-2752.797590 -2194.696603 170.587364
-2654.323753 -2081.844755 56.105717
-2717.070041 -2134.574317 99.366568
-2328.861945 -1881.136821 63.282944
-2552.706985 -2062.302063 69.391681
-2969.922156 -2390.165105 209.123623
-3512.744979 -2757.845591 129.175910
-2835.579702 -2225.681131 104.378554
-3189.574717 -2516.778389 91.931902
-2618.907431 -2067.174570 76.760565
-3496.578705 -2734.859815 98.082844
-2884.252048 -2256.669708 80.359687
-3028.380838 -2369.824288 84.225611
-2385.009989 -1879.990634 69.288716
-3531.246352 -2825.615361 279.984541
-2649.691958 -2088.753912 76.709235
-2779.463147 -2223.210556 220.836902
-2582.861543 -2037.235598 74.024687
-2666.621977 -2103.849948 80.335493
-2209.026621 -1742.845997 63.851607
-2898.758431 -2236.697905 118.337620
-2900.145482 -2375.704808 132.210445
-2270.566157 -1808.454372 131.943692
-3571.253020 -2894.605156 102.666541
-3003.079185 -2362.655880 69.165733
-3491.736564 -2700.059495 212.073949
-2605.744536 -2049.893648 59.420192
-2945.118610 -2269.614297 100.875894
-3572.400204 -2753.638012 108.982258
-2884.560113 -2313.871591 102.689864
-2269.322766 -1753.471757 76.874628
-3052.370155 -2416.717537 134.809608
-3282.657181 -2551.987508 191.968566
-3552.942795 -2785.141699 220.562648
-2421.489087 -1916.143768 107.317814
-2788.279078 -2190.633853 98.528364
-2286.680072 -1797.426104 81.387659
-3202.658970 -2524.743096 108.827651
-2314.780060 -1862.643887 163.072198
-2106.726716 -1691.889223 76.598581
-2889.808841 -2324.707715 202.880387
-3546.999158 -2742.055381 152.197870
-2621.640959 -2034.115557 113.863678
-2874.606424 -2338.059653 134.001572
-2313.809640 -1881.788405 108.291497
-3623.530413 -2913.159186 254.052752
-3597.188743 -2888.446685 130.205156
-2651.555630 -2012.233382 195.502110
-2923.507847 -2215.037821 216.010177
-2485.196611 -1882.871703 183.506094
-3586.999024 -2716.060632 265.042995
-3536.492927 -2839.178668 151.361841
-3284.792488 -2492.466565 242.087981
-2833.925815 -2209.130818 76.175935
-2640.091815 -2036.878136 131.887191
-3014.223240 -2403.267457 145.589872
-2428.121723 -1994.930005 99.448491
-2386.697574 -1853.123609 66.930446
-2163.864737 -1771.306302 79.617286
-3486.833860 -2724.493511 95.996949
-3191.733443 -2427.025568 214.403044
-2613.910816 -1994.002691 178.321581
-3454.262910 -2699.481356 94.299124
-2347.581774 -1848.552598 174.000366
-2413.121505 -1887.045659 68.124716
-2394.668781 -1872.570930 68.153513
-3395.341477 -2550.063684 145.990948
-3497.498722 -2733.441861 95.897388
-2259.924553 -1830.959876 167.400980
-3149.903252 -2369.839953 134.234366
-2398.086397 -1925.127011 165.727817
-2468.758089 -1981.938547 170.868181
-2449.780590 -1985.105980 181.530616
-3363.201981 -2725.592825 248.806190
-3032.455564 -2324.824377 142.465454
-2430.231289 -1862.802497 114.396212
-2457.837070 -1962.248133 93.663028
-2258.583389 -1829.713154 167.386263
-2405.314713 -1864.904622 169.673898
-3415.908651 -2653.194327 97.334923
-2889.302516 -2275.141696 90.555216
-2396.575350 -1850.076197 181.669307
-2260.609122 -1761.853724 93.264764
-3258.638624 -2499.491226 152.265143
-2886.842297 -2273.566473 90.388481
-2640.533960 -2009.382689 84.791638
-2489.918257 -1919.467697 125.082089
-2615.765442 -2013.565221 107.318782
-2705.453835 -2081.840489 113.763542
-3077.041333 -2456.911950 191.849019
-2561.603469 -1982.012214 79.214743
-2293.192691 -1887.654344 134.770724
-2655.426153 -2075.101059 166.171631
-3441.371894 -2796.317860 237.381987
-3615.172021 -2845.469414 281.260401
-2839.496206 -2146.473376 81.317012
-3538.688346 -2782.735911 154.042721
-2473.087885 -2009.208776 171.217088
-2629.778242 -2036.523896 155.427265
-2395.717948 -1925.306624 190.310284
-2111.354533 -1697.194643 167.150373
-3133.802312 -2534.700709 88.905745
-2469.737800 -1905.826162 151.284013
-2554.188213 -2034.711854 124.026824
-2825.834550 -2179.631025 173.783242
-3624.546743 -2794.467819 221.045661
-2798.554020 -2156.102287 172.617137
-3189.214232 -2539.428762 251.305936
-2879.728357 -2337.738433 181.062413
-3190.291005 -2458.587244 140.492637
-2656.010422 -2018.872486 100.029780
-3381.768091 -2693.578969 163.576297
-3077.419877 -2375.726460 187.319560
-2644.006334 -2041.431753 161.584888
-2427.781095 -1817.007942 110.727708
-3147.533680 -2549.685503 127.115312
-3542.049606 -2848.588177 214.282239
-2998.493671 -2340.767201 249.523983
-3563.794679 -2747.919165 156.515064
-3663.054379 -2858.887578 304.162423
-2637.565872 -2042.825809 156.586075
-3484.129970 -2722.912815 219.892661
-2398.383357 -1899.592350 121.253460
-3165.803635 -2412.768554 208.872333
-2612.546552 -2125.852343 83.183726
-2913.406097 -2224.978145 230.698136
-2369.103867 -1827.667799 127.022112
-3322.658869 -2614.016972 148.862877
-2037.785097 -1564.186010 99.893680
-3226.914800 -2429.915573 189.250725
-3538.564108 -2816.063845 119.645530
-2288.249617 -1864.522507 87.970803
-3057.161654 -2295.354334 122.259529
-2877.469916 -2307.657445 189.581521
-3019.694239 -2442.775675 143.869728
-3428.870337 -2773.366388 151.062219
-3320.660537 -2505.957444 138.361077
-3122.912207 -2346.644685 121.714433
-2580.458392 -2055.444052 177.449234
-3053.299402 -2468.763307 144.722434
-2962.060928 -2225.115982 117.749030
-3170.898749 -2383.273450 125.202849
-3463.741046 -2734.603113 271.474761
-2792.565804 -2192.250506 219.058856
-2441.815275 -1930.480330 189.015977
-2832.739153 -2331.127838 148.368828
-3010.509215 -2352.013659 188.672763
-3358.595991 -2607.629772 271.007316
-2975.617758 -2381.953731 196.675874
-2340.091073 -1850.328892 78.824835
-2232.837328 -1752.045492 174.931664
-2341.141980 -1851.195753 78.215647
-3479.229343 -2721.394867 280.477746
-3485.475593 -2746.087388 280.311364
-2436.536361 -1872.966262 152.476637
-3157.819952 -2398.435647 223.169348
-2518.548271 -2038.228266 152.664882
-3414.318388 -2673.309785 275.750673
-3116.136215 -2441.056528 248.621004
-2380.495008 -1867.095937 186.503745
-2419.288256 -1940.082538 109.476029
-2223.936951 -1716.476197 172.655324
-2222.184700 -1721.290572 159.116472
-2731.929775 -2132.731101 212.063385
-2850.353850 -2145.357047 173.300824
-2806.161394 -2195.970340 224.209897
-3419.752006 -2667.984299 282.729909
-3520.241717 -2748.698376 292.444857
-3454.148393 -2778.605234 196.940640
-2657.506685 -2053.095356 92.466488
-2426.317626 -1987.583233 154.116101
-3392.724922 -2648.337232 90.931565
-2093.296761 -1634.719339 57.002191
-2673.428085 -2106.722153 92.634360
-3316.785265 -2635.392995 87.475870
-2304.540742 -1800.547526 67.107501
-3152.651354 -2452.986689 153.839515
-2402.855281 -1845.025913 115.900228
-2802.695576 -2154.773017 73.616848
-2617.164601 -2083.762647 171.809939
-2672.165913 -2100.208076 70.467658
-2345.651263 -1821.408563 76.627296
-3232.877685 -2510.306368 105.497056
-3142.593511 -2415.917317 89.032867
-3348.786014 -2584.320849 110.622775
-2805.551375 -2157.047177 72.286926
-2459.106185 -1872.600778 77.837176
-2623.598338 -2026.290636 91.797165
-2905.374392 -2245.384508 175.497134
-3285.515995 -2624.543579 125.802094
-2534.062534 -1998.039761 210.019010
-3595.149037 -2930.019555 138.536548
-2904.486690 -2185.985703 112.333794
-3451.269544 -2717.301095 257.358338
-2336.310223 -1829.027828 102.830856
-2500.139723 -1924.887609 104.388149
-2723.921933 -2102.609996 110.689493
-2951.334589 -2289.806087 78.003842
-3432.741088 -2657.892053 281.435107
-3221.373897 -2496.554654 263.773494
-2575.860954 -2022.346726 209.235924
-2472.566419 -1950.234035 193.691152
-3173.457213 -2609.342769 193.826503
-2742.331267 -2173.838885 77.063085
-2592.392183 -2006.390387 189.505522
-2405.816205 -1862.375507 175.795241
-2962.688978 -2366.612917 157.296223
-3099.705633 -2432.817230 203.275093
-2733.261964 -2131.584108 211.069983
-2849.458441 -2125.505794 120.611377
-2150.296629 -1649.470286 64.130503
-3261.990906 -2667.311874 133.075301
-2743.934522 -2130.893698 219.770434
-2840.132298 -2154.084372 89.322914
-2595.758431 -1935.678651 110.379114
-2413.297646 -1874.252048 193.400480
-2515.514508 -1943.527375 105.509077
-2896.885308 -2250.030797 231.201578
-3099.466573 -2354.113561 242.046608
-3460.921629 -2686.670916 275.825662
-2916.670150 -2368.553272 212.949277
-2560.977945 -1985.529402 195.803279
-2218.365284 -1723.414338 146.504762
-3650.123455 -2822.492450 251.816001
-3274.857903 -2530.782399 137.414876
-2365.999531 -1795.869891 185.339513
-3208.044774 -2481.246883 221.965793
-2914.715831 -2345.699299 103.092422
-2522.259231 -1925.525382 205.342319
-3274.623219 -2525.346412 177.110825
-2734.262242 -2225.325923 139.981326
-2230.458983 -1775.330818 74.307492
-2805.177150 -2282.332109 143.684822
-2436.877035 -1894.811846 141.235648
-3245.401219 -2587.957082 216.497273
-3230.010860 -2425.942484 171.918696
-2938.852120 -2335.247592 132.640287
-2896.626388 -2250.185051 230.894564
-3050.677960 -2331.912152 131.475771
-3304.149418 -2519.940067 94.206121
-2641.324251 -2012.371181 109.180100
-2811.100297 -2148.085640 83.218196
-2409.665048 -1872.546286 191.738784
-2489.966505 -1881.761712 175.060847
-2368.421607 -1831.686084 163.653626
-3488.174686 -2633.872003 252.522812
-2642.990905 -2013.516758 109.280870
-2913.411472 -2227.740562 85.159288
-3433.549249 -2570.024569 176.805179
-2580.454406 -2030.516803 212.802026
-3060.715559 -2491.718069 155.740224
-3413.886853 -2748.032799 121.103270
-2880.371552 -2278.524244 234.011837
-2129.147615 -1670.593240 135.109060
-3041.165554 -2448.913841 107.100327
-2202.968629 -1723.070083 157.412976
-2487.558904 -1900.249411 127.173096
-3463.982015 -2697.059079 194.283410
-3014.385980 -2321.596306 83.436705
-3390.912672 -2713.857512 205.856250
-2866.754170 -2135.765207 123.195843
-3353.060825 -2592.673492 116.755707
-2976.241358 -2384.199861 193.578684
-3261.652536 -2466.151891 235.783768
-3580.103559 -2667.688299 153.803486
-2319.403793 -1862.262723 99.907074
-2651.845142 -2078.433540 58.797617
-2483.514512 -1932.995996 189.650867
-3294.170779 -2496.414158 241.828255
-3226.778257 -2424.891958 182.326825
-2727.708019 -2110.100713 188.738170
-3004.218950 -2353.133418 186.847489
-3557.398054 -2885.888728 189.627658
-3207.354315 -2532.120974 95.841350
-3446.292177 -2712.553371 255.975639
-2491.380990 -1966.487353 75.599401
-2718.119042 -2101.145942 114.756087
-2666.890183 -2063.493192 184.828157
-2818.350994 -2200.425694 123.917051
-3038.695456 -2452.151460 199.201176
-3267.932844 -2478.534344 240.764703
-3321.660003 -2680.884678 218.421355
-2859.409918 -2210.894460 120.959712
-2443.115188 -1966.151132 96.486108
-2680.983113 -2192.388203 117.985461
-2600.594904 -2047.243950 224.806095
-2824.140155 -2111.892624 186.560287
-2543.031227 -1941.170238 72.429089
-2314.692342 -1787.477756 120.555306
-2601.678305 -2047.547591 184.283035
-2268.667780 -1736.436542 93.000062
-2935.657754 -2207.389565 116.651656
-2812.637702 -2213.400626 199.060548
-2394.978525 -1893.455796 79.324429
-2859.340937 -2207.442139 148.446213
-3232.819123 -2593.090749 213.312249
-2395.620624 -1888.560295 191.086220
-2587.999774 -2034.976903 223.266731
-2902.950936 -2287.090503 193.245834
-2589.284770 -2033.181200 202.464055
-2889.148714 -2273.034539 237.612826
-3438.103041 -2703.883015 284.142011
-2951.031120 -2376.469371 105.615148
-2163.184851 -1733.417286 98.606179
-2981.566367 -2285.128533 123.845132
-2412.652931 -1893.881964 187.942817
-3032.400425 -2429.035753 138.161700
-2859.847731 -2254.860710 229.179495
-2713.884906 -2087.942610 70.645113
-2938.889917 -2249.659279 119.905995
-2625.363725 -2029.246376 93.110139
-2419.608200 -1879.537725 107.266638
-2900.249563 -2257.176314 135.328418
-2340.122304 -1843.328115 82.215828
-2604.991523 -2049.550547 64.390352
-2915.883176 -2353.870983 123.951898
-3010.742337 -2423.180608 108.789088
-2939.543681 -2240.694709 190.397180
-2252.792189 -1733.534395 52.056672
-3417.623813 -2687.233538 208.587263
-3425.240774 -2638.753907 81.693396
-2867.294171 -2182.120403 159.702980
-3314.161258 -2470.828063 147.806827
-3160.141668 -2506.419160 202.655095
-3542.725944 -2661.299204 197.073580
-2497.629389 -1867.030850 89.646141
-2398.461574 -1793.348552 86.933918
-2666.233629 -2160.729234 109.420472
-2397.665368 -1809.221859 112.747422
-2387.180603 -1867.273682 168.612850
-2589.420819 -1930.955650 125.420361
-3430.113891 -2715.113158 216.732036
-2574.968085 -2048.817091 89.730210
-3034.877817 -2484.961993 176.455386
-3431.364030 -2558.713820 165.331213
-2834.597723 -2294.878822 80.166246
-2812.864401 -2143.866347 83.513102
-2107.241919 -1590.206768 98.475532
-2672.394293 -2016.649184 124.469109
-2395.616234 -1807.661158 112.610443
-2642.325309 -1989.305228 151.044359
-2804.819859 -2259.855259 98.140652
-3199.936769 -2544.628369 153.154881
-2851.445813 -2290.340446 200.673215
-3278.305849 -2650.663101 143.669492
-2809.341423 -2139.116152 100.504484
-3035.183822 -2456.297793 133.289256
-2642.540405 -2139.763687 115.584079
-2822.531283 -2285.655378 123.005401
-3689.949745 -2829.177117 215.405841
-2926.776067 -2369.856189 120.130288
-2376.499429 -1789.022317 135.012029
-2512.559361 -2034.402344 102.946854
-2750.215482 -2223.547987 114.741984
-2252.026494 -1726.741902 131.618287
-2237.782740 -1800.117471 106.343078
-2416.685454 -1807.232509 102.376618
-3468.540930 -2726.057189 237.823742
-3173.743700 -2441.936239 156.285664
-3445.920174 -2745.163901 143.149120
-2219.514456 -1766.508546 91.914505
-2692.794177 -2035.375265 119.439623
-3208.250973 -2546.164800 141.263104
-3181.011044 -2523.446263 140.656925
-2797.095399 -2187.727661 206.353614
-2954.111304 -2229.719422 138.981447
-3487.197574 -2632.641819 164.471575
-3122.257125 -2411.690745 131.245356
-3444.860326 -2777.484562 239.259749
-3673.337952 -2825.217072 169.833613
-3190.688605 -2547.924152 251.518959
-3518.623651 -2717.991645 148.219707
-2593.939800 -1979.815788 114.258356
-2842.121859 -2281.836368 81.586647
-2459.238224 -1989.318774 108.118431
-2441.443823 -1890.978402 127.340005
-3092.087145 -2482.288868 89.059867
-2180.198540 -1687.596628 113.738463
-2162.515976 -1735.736126 62.637454
-3473.735110 -2647.733969 145.288196
-2581.403569 -2074.130170 186.941025
-3512.826959 -2673.830543 152.210555
-2784.524275 -2232.786673 78.592476
-2648.723612 -2124.805902 76.513231
-2591.367540 -2013.538871 181.895027
-2998.167628 -2358.556949 190.308747
-3041.358269 -2459.980313 186.598912
-2426.774468 -1886.054885 171.102841
-2730.925992 -2042.370243 117.536601
-2569.245852 -1996.653658 180.922222
-2211.737911 -1814.218218 147.728936
-2202.670241 -1733.500073 138.700694
-3445.549835 -2727.217390 246.489541
-2957.591513 -2327.818075 188.819969
-2781.327218 -2196.564972 58.512131
-3256.022166 -2437.104523 115.985628
-2693.985294 -2017.626846 97.142257
-2695.830958 -2023.646017 96.939086
-3004.490231 -2417.707277 74.009573
-2147.407613 -1720.690310 74.707721
-2547.249484 -2064.498148 72.166528
-2925.778538 -2273.820669 72.162300
-2856.081284 -2276.682022 187.641665
-2899.343212 -2176.420047 104.338117
-3203.558057 -2514.353129 67.071481
-2512.149711 -1953.826664 62.339962
-2837.127447 -2242.330933 200.738241
-3275.017661 -2529.857593 133.042132
-3540.230931 -2801.295429 73.705396
-3123.640206 -2429.589202 81.084006
-2673.342429 -2114.727176 55.234865
-3388.190447 -2636.593918 87.652448
-2604.863985 -2060.357875 53.950702
-2337.543871 -1819.189732 60.650276
-3105.198551 -2412.051464 80.395978
-2853.113610 -2170.146727 158.989352
-3221.353594 -2503.997611 83.711962
-3133.360724 -2435.736075 80.931309
-2685.762732 -2067.338514 132.230652
-2641.179078 -2026.424944 124.727027
-3543.157113 -2716.962954 165.352362
-3385.904477 -2746.227383 251.167477
-3111.463267 -2473.399391 148.247760
-2861.278089 -2299.302576 200.167958
-3115.490246 -2476.467782 148.485418
-3115.636570 -2476.567492 148.432351
-3199.596973 -2589.964970 251.402388
-3454.474369 -2743.856493 164.413683
-2557.276766 -2032.158981 121.835392
-3454.916802 -2744.655530 164.501237
-2308.533152 -1785.650659 118.606336
-3535.868494 -2820.212024 85.822731
-2702.113058 -2191.196570 77.606140
-3311.132504 -2639.424023 82.379519
-3507.630831 -2771.007204 126.343061
-2610.772796 -2112.028297 160.301606
-3037.503095 -2399.516372 108.180158
-3310.879765 -2639.521439 82.338446
-3696.347149 -2815.469810 187.531757
-3262.158310 -2501.612404 151.123793
-2587.431950 -2063.392633 63.977768
-3393.918455 -2705.875286 84.098009
-2400.963050 -1847.715515 58.834634
-3030.220653 -2418.472518 69.740688
-3086.912765 -2481.008772 176.519902
-3005.790653 -2443.892466 174.943425
-2824.775645 -2109.962313 121.130412
-2311.089303 -1887.280686 132.897515
-3013.254226 -2337.419340 224.502086
-2910.330112 -2257.656365 217.220806
-2742.662023 -2146.797985 193.749727
-2573.820581 -1943.505564 89.332806
-3540.717883 -2674.574775 221.494085
-3221.852602 -2564.017186 142.824116
-2652.045782 -2131.147141 76.355777
-3322.336443 -2666.407788 212.353516
-2102.024612 -1710.299288 127.114146
-2213.710256 -1772.137327 84.247277
-3219.060430 -2561.862368 142.695853
-3184.530999 -2381.374608 157.114517
-3088.594969 -2458.868811 127.753722
-3345.610306 -2635.614058 177.946155
-1924.377654 -1541.577082 73.532796
-2484.765751 -2021.671045 149.823174
-2924.194276 -2363.204038 120.783888
-2435.927718 -1981.653724 146.684249
-2407.881837 -1883.720694 185.080800
-2599.290978 -2032.293697 200.787376
-2571.606612 -2012.202077 198.129262
-3590.020614 -2942.185566 227.765892
-2298.119890 -1791.112531 129.365393
-3145.690320 -2474.163486 65.247454
-2512.975645 -1975.326928 52.457015
-3366.052105 -2610.804584 85.786756
-2661.656138 -2056.220995 92.341259
-2149.146018 -1721.771940 74.504329
-2334.083910 -1781.908343 77.462268
-2413.969258 -1817.516092 93.513466
-3222.534327 -2425.910678 124.787905
-2790.659887 -2136.560260 113.843161
-3217.845312 -2498.846499 142.825705
-3450.582553 -2688.388871 142.234278
-3243.205129 -2516.789241 84.654136
-3334.655450 -2525.092572 110.987593
-2325.480349 -1881.634153 163.004427
-2768.298057 -2104.168367 78.107500
-2529.287417 -1928.411359 74.444503
-3224.994421 -2608.426846 212.306083
-2884.551013 -2181.326995 207.058821
-2904.449848 -2340.562257 106.073882
-3240.751634 -2429.898852 148.806086
-2889.966538 -2360.804828 115.941639
-2628.749236 -2034.644654 136.972631
-3536.118532 -2681.564021 261.494938
-3275.358934 -2484.534215 242.529540
-2464.685560 -1974.630538 188.647586
-2730.359348 -2208.757055 190.595244
-3302.054328 -2487.152042 143.142798
-3444.196342 -2706.694926 235.770334
-3435.744986 -2793.504328 204.473199
-2960.616542 -2230.052765 128.650240
-2482.183396 -1882.299109 183.683414
-2431.795532 -1980.532678 147.379701
-3407.733700 -2746.151670 127.204774
-2748.282353 -2234.982253 163.451543
-2603.180263 -2031.408365 200.372333
-2687.673952 -2070.236016 66.822019
-2460.165991 -1979.193213 60.876728
-2629.348960 -1975.538040 148.354455
-2437.433861 -1888.593978 126.614502
-1845.444031 -1385.908360 103.675511
-2471.870780 -1920.199978 108.238734
-2884.704436 -2220.277716 72.588310
-2884.205585 -2244.362508 232.641642
-3250.978083 -2479.140270 180.494407
-2721.141512 -2090.511234 208.652040
-3331.357941 -2690.720908 134.220054
-3121.936984 -2482.876197 138.025740
-3076.377952 -2488.849748 135.976270
-2429.643208 -1867.290808 186.303059
-2378.928825 -1851.397811 191.468822
-2587.180790 -2065.189915 60.758054
-2965.682931 -2283.715735 74.958436
-3394.999551 -2654.410660 186.449801
-3394.829437 -2655.251330 187.260843
-3066.460650 -2524.069776 182.955532
-3699.081819 -2758.656960 150.564333
-2866.705170 -2199.007528 77.421954
-2420.532624 -1805.145846 98.580207
-2550.560091 -1908.312928 157.185381
-3157.749433 -2547.501744 220.727452
-3171.535545 -2522.635660 108.684428
-2801.274870 -2127.130048 126.759127
-2417.644701 -1864.710953 189.360170
-3143.853708 -2557.186303 215.512416
-3551.492603 -2813.758059 105.327026
-2289.717574 -1738.069721 68.242836
-2995.101450 -2445.725637 161.887614
-3114.416106 -2339.657131 133.426321
-3437.283995 -2651.472669 269.734381
-2205.550514 -1723.067934 155.326637
-3618.330355 -2790.341694 255.992400
-3420.578769 -2609.211775 229.664129
-2726.560438 -2079.666512 183.883018
-3399.321649 -2607.062064 92.901367
-2615.372905 -1995.619008 175.864614
-2077.526320 -1603.388137 74.061020
-2926.622123 -2232.929159 197.343820
-2685.542759 -2067.476842 135.100856
-3043.178748 -2462.342046 237.644074
-3438.714206 -2594.495754 219.667016
-3013.131444 -2337.761731 211.819440
-2765.041991 -2153.892219 165.854890
-2384.461190 -1929.704449 132.429407
-2528.419467 -1969.278086 153.412688
-2336.886533 -1848.010643 80.165600
-2399.380471 -1897.238383 81.901415
-2613.458606 -2047.214747 53.672156
-3439.792980 -2741.650139 212.830226
-2174.814903 -1736.581138 104.476594
-3161.565535 -2534.333826 177.752163
-2372.906562 -1898.039432 152.065239
-2802.367478 -2251.749568 101.601275
-2181.386590 -1705.124531 51.032251
-2267.905437 -1791.391609 107.732078
-2614.587805 -2043.746087 62.003191
-3517.671818 -2746.431836 100.810469
-2864.510063 -2282.154316 175.771846
-2586.612542 -1963.978727 140.829796
-3617.491434 -2825.966297 255.387416
-3046.112964 -2378.317568 87.450118
-2633.708852 -2116.258545 96.530484
-2578.765361 -1999.943082 82.731550
-2167.960482 -1760.954023 121.262240
-2387.811747 -1964.923716 140.678922
-2739.490231 -2204.956097 104.076445
-3394.094186 -2664.328673 233.880974
-2847.841835 -2192.281132 122.153935
-2479.526915 -1923.624833 205.233989
-2691.160316 -2030.612834 197.147659
-3559.462614 -2813.863368 191.047732
-3043.355904 -2310.240830 94.101149
-3335.633096 -2530.035885 180.565771
-2779.618611 -2065.947384 160.995065
-3485.638096 -2757.164711 177.763505
-2937.192008 -2230.798855 179.919840
-2924.557955 -2219.365584 94.937667
-3026.441859 -2319.895044 192.724304
-2808.441389 -2152.568577 178.866772
-2883.321084 -2188.782970 196.221305
-2418.702810 -1802.106016 144.630427
-2549.516204 -2015.078127 112.454294
-3560.802288 -2847.345156 164.594993
-2269.605233 -1691.466080 135.921946
-3251.682222 -2494.232148 207.423920
-3437.067487 -2753.461324 226.798493
-2314.621767 -1790.838404 198.620385
-3592.096283 -2934.060791 221.530609
-3288.648961 -2627.891922 152.842426
-3177.336883 -2435.975536 159.898695
-2494.342827 -1934.266841 209.553308
-2147.027692 -1751.907169 82.346621
-2640.395413 -2022.371136 197.751547
-3655.187698 -2865.825776 275.942443
-3345.363370 -2538.868824 227.211407
-3363.044707 -2552.434352 109.171169
-3021.634750 -2361.203607 81.638350
-2339.580362 -1835.055534 176.029524
-2645.590645 -2008.322009 143.249811
-3165.589333 -2462.303391 105.702636
-3064.551297 -2435.166433 86.186264
-3279.648054 -2487.579592 178.753375
-2526.030895 -2055.193849 78.552477
-2861.414862 -2262.347289 196.563429
-2711.791662 -2100.753163 222.478945
-2734.174770 -2081.400134 154.139226
-2421.375541 -1843.253068 135.900108
-2650.655271 -1977.532689 112.912738
-2897.385128 -2162.141461 123.727837
-3459.613744 -2582.003114 146.809607
-2582.870914 -1961.146584 155.330592
-2404.746234 -1825.598987 145.973165
-2934.553454 -2234.028752 166.200019
-3041.984904 -2311.350345 182.800280
-3191.755725 -2417.757906 189.907292
-3353.141535 -2655.201138 277.777596
-2850.043625 -2312.748355 184.158822
-3337.545949 -2559.301811 122.232540
-2304.752841 -1869.992656 148.147856
-2802.378870 -2219.156869 232.161080
-3222.734735 -2465.759247 130.113112
-3408.220303 -2588.846924 206.400676
-3431.021863 -2671.660098 173.355833
-2172.513412 -1631.493536 116.821732
-2497.368370 -1875.109253 133.935493
-2537.737740 -1906.227475 136.600698
-3454.274241 -2680.810109 147.753044
-3068.920233 -2304.018121 164.748788
-3233.424997 -2475.355410 242.607210
-2508.501588 -1987.928360 151.446989
-3213.713808 -2406.833063 197.734918
-2587.993016 -2101.035317 166.615971
-3256.481214 -2674.347999 204.378022
-3304.443224 -2550.733262 125.117150
-2102.350120 -1668.253253 125.619919
-2534.775674 -2019.427290 146.738327
-2313.793057 -1901.359429 145.285191
-3119.407416 -2363.584566 185.448609
-2312.655381 -1781.230857 51.434886
-2651.578186 -1988.457476 96.882721
-2506.347724 -2006.524385 150.917990
-2469.233421 -1985.171498 141.891588
-3543.469545 -2674.486931 226.994921
-2742.853949 -2217.494160 96.088600
-1816.518377 -1468.824586 63.574618
-3244.144742 -2597.766602 194.411103
-2850.688134 -2291.569815 198.327093
-2784.018573 -2090.849095 154.271756
-2339.538395 -1893.117722 181.900973
-2596.194371 -2043.532500 188.072201
-2953.666725 -2333.968890 102.678958
-2953.616193 -2333.989771 102.588477
-2342.536177 -1851.160559 80.956068
-3129.810801 -2385.344037 210.722143
-3460.021769 -2697.619364 200.060162
-2839.614691 -2291.222379 123.758690
-2741.626369 -2218.358213 213.592539
-3432.819775 -2812.288216 153.373312
-3441.148601 -2685.137751 252.762797
-3589.320272 -2835.523813 127.016314
-2304.971669 -1756.330598 155.734430
-2377.017598 -1778.398380 84.437647
-2551.597317 -2021.066830 54.607943
-2551.060535 -2020.368687 54.873939
-3067.410102 -2405.015447 61.798643
-2844.438231 -2260.238214 171.790817
-2893.674841 -2227.017480 68.892782
-3036.508148 -2439.597620 211.260691
-3066.082553 -2381.465145 102.093438
-3428.448451 -2639.004090 82.842234
-2970.801261 -2388.229134 207.239800
-3368.232412 -2592.545172 81.482770
-2645.601364 -2157.558553 102.995766
-2769.068029 -2200.330865 166.778409
-2423.775540 -1980.386105 94.668636
-3437.576066 -2701.769347 210.217561
-2760.022246 -2254.037635 107.912611
-2731.261600 -2072.112919 190.461878
-2638.648534 -2161.999356 117.759704
-2058.153195 -1587.773133 160.522818
-3287.205176 -2534.683037 255.137355
-2795.405493 -2239.230550 183.835818
-3155.922562 -2433.536756 244.494207
-3655.814809 -2843.616862 121.925098
-2044.568692 -1573.800264 88.209274
-2937.499850 -2351.707371 175.337522
-2933.850991 -2239.283665 156.416034
-3053.608399 -2341.225470 82.357651
-3190.086057 -2433.971006 169.813290
-2345.885968 -1774.194594 169.123395
-2591.835628 -2010.743000 108.915660
-3032.587802 -2357.078185 101.852597
-3291.635711 -2658.279442 141.773697
-3139.319309 -2556.012719 124.328528
-2171.344648 -1743.138590 107.553915
-3624.969102 -2908.416996 181.126056
-3495.256064 -2676.676881 207.437919
-2646.871621 -2078.592980 170.068613
-2893.491703 -2220.035643 85.089642
-2787.740017 -2243.661898 72.659150
-3548.180577 -2673.311374 260.097911
-3347.424706 -2531.706560 255.756056
-2571.029393 -2062.008083 157.390265
-2386.035482 -1947.453822 105.784083
-2530.664617 -2065.641976 112.337432
-3475.626879 -2785.158476 225.508884
-2907.775577 -2359.973728 160.983444
-2466.518773 -1980.456687 122.687165
-3289.229881 -2594.870117 233.074598
-2268.068421 -1804.569187 65.764201
-2702.860250 -2022.966075 99.171611
-3055.225888 -2284.314502 127.735412
-3523.414580 -2831.796325 90.417551
-3278.996481 -2674.850525 144.750226
-2687.578435 -2032.334074 205.447148
-2453.513166 -1854.623342 187.577520
-2299.808329 -1738.687916 174.836068
-3168.233508 -2577.640552 201.766287
-2634.074254 -2013.975143 121.230905
-2659.077963 -2027.062713 139.047660
-2853.713439 -2321.633620 142.962188
-2544.382001 -2080.283778 121.613026
-2407.028959 -1826.327238 140.924671
-2423.402100 -1903.573046 112.016604
-3144.208354 -2535.280956 109.257847
-2929.250517 -2362.715947 100.985002
-2805.133601 -2261.586102 96.790925
-3057.859819 -2287.268028 157.544332
-2967.680338 -2251.223664 174.286083
-2552.115768 -1952.111671 130.478446
-2170.705450 -1755.087493 126.869175
-3542.272055 -2818.610489 102.543945
-3363.659940 -2569.133266 170.328958
-3441.511056 -2754.807367 135.323883
-2474.898387 -1944.921120 116.153616
-2878.649704 -2330.205800 212.053549
-3654.681709 -2810.678860 250.277894
-2491.755983 -1905.760134 126.846887
-2247.251903 -1827.145659 113.161615
-2683.064250 -2193.684384 128.358175
-2469.072925 -1893.619885 167.141399
-2841.578184 -2179.017564 192.206713
-2835.182431 -2158.919803 79.493799
-3439.688390 -2813.544382 181.419176
-3203.161888 -2536.684046 152.178907
-2792.859248 -2118.071336 123.855198
-3039.477994 -2327.849546 118.488976
-3129.453938 -2558.423803 150.146748
-2311.936586 -1760.232781 64.802003
-2396.201406 -1926.582812 177.857716
-2300.276012 -1880.284283 121.227718
-2643.149565 -2159.998625 139.114222
-3217.750820 -2469.096306 119.547185
-3425.853991 -2641.139301 153.634899
-2109.648086 -1615.957672 82.736012
-2265.053681 -1719.841194 174.980849
-3410.865497 -2586.624621 199.155553
-2894.658011 -2199.708825 196.394034
-1916.316070 -1455.877661 148.346795
-2209.523931 -1807.459461 154.694477
-3130.220011 -2539.455007 169.460424
-2642.523409 -2011.358906 137.677391
-2625.479986 -2040.809952 208.818147
-2909.512586 -2210.490206 226.569317
-3020.148926 -2295.082485 234.402696
-2199.110028 -1796.451311 115.289923
-2670.265474 -1999.275201 134.013942
-2652.360314 -2075.767672 141.639659
-3026.134348 -2377.998550 140.271862
-2712.101733 -2206.401494 136.898907
-3213.841984 -2630.973480 222.103184
-2610.722167 -2066.211531 186.964270
-2318.185679 -1788.414457 183.002628
-2427.985214 -1855.354341 123.099026
-3126.271925 -2376.932744 240.872407
-2415.444225 -1990.870033 127.031380
-3549.797372 -2675.879436 177.931449
-3254.183499 -2555.342987 151.681200
-2584.850505 -1982.442221 106.966546
-2333.796582 -1826.126371 124.680706
-3494.525826 -2780.927328 127.158499
-2527.009260 -1997.998830 202.709510
-2205.987690 -1663.705269 141.146259
-2930.372666 -2258.073865 225.363165
-3102.361070 -2476.329174 169.399946
-1908.368454 -1445.911486 70.193814
-2943.401174 -2285.941841 74.583115
-2380.480511 -1837.417381 119.394791
-2980.251818 -2350.087677 90.436372
-2545.346221 -1930.685297 150.443670
-2917.143305 -2230.625504 133.502912
-2786.613499 -2197.715239 96.341822
-3534.290631 -2812.750018 90.135650
-2485.685679 -1873.786784 96.486631
-2865.298407 -2259.049885 100.388044
-3112.342905 -2345.968131 122.709085
-3410.034487 -2664.760154 299.158730
-3264.871905 -2531.531959 209.595521
-2855.911825 -2201.629710 144.653957
-2800.555074 -2171.628003 180.401326
-2279.348682 -1791.122524 73.479337
-3343.604463 -2600.881162 157.512850
-2749.333520 -2152.263394 63.801603
-2505.677822 -1931.554802 126.400965
-3629.500288 -2854.472009 163.233194
-2916.087735 -2292.742634 224.712982
-2587.715443 -1985.990015 76.037789
-2274.301876 -1699.303059 142.649439
-2477.867142 -1901.031556 168.390500
-2530.737527 -1947.867567 157.503579
-2470.692736 -1902.323643 152.654816
-2520.079177 -1921.341868 166.657055
-3323.565309 -2495.692969 130.559611
-2520.870831 -2050.629268 160.289229
-2969.242412 -2325.006791 252.370721
-3208.466815 -2629.193843 216.388677
-3061.540313 -2370.040266 263.505386
-2361.973520 -1856.673941 106.569710
-3369.601367 -2777.666390 178.296901
-2906.132701 -2238.663649 226.237041
-2408.849210 -1969.032009 168.929711
-2095.300412 -1648.031691 171.005301
-2478.941387 -1931.911537 127.007102
-3507.944406 -2685.191508 289.230309
-2826.493080 -2161.554126 233.239836
-3356.111035 -2504.172324 141.286693
-3639.611648 -2784.673749 299.560558
-3460.714724 -2648.028605 283.897081
-3130.010309 -2401.187784 114.638452
-2650.800114 -2033.058982 97.568880
-3363.848218 -2555.301865 244.623551
-3629.328623 -2757.315384 264.366035
-3550.484132 -2751.467919 191.973138
-2932.246414 -2376.356502 234.643423
-3195.314674 -2425.965283 208.389220
-2645.759421 -2148.878339 92.570844
-2784.935783 -2134.122356 165.525850
-3075.247663 -2471.233622 197.822761
-2732.482199 -2093.632578 162.648706
-2864.765219 -2334.256804 212.864430
-2500.939289 -1950.607783 126.278016
-2566.382782 -2000.125482 130.786966
-2257.914619 -1848.790318 160.056589
-3442.281156 -2661.725220 242.123330
-2681.381570 -2101.621895 167.601259
-2107.246324 -1604.941530 134.946966
-2727.422512 -2101.965835 139.359176
-2442.509078 -1965.750874 95.476602
-2921.827053 -2266.321519 186.817730
-2401.562297 -1957.865534 177.167078
-2709.389018 -2153.703512 69.936008
-2812.431095 -2296.006194 208.030728
-2676.728068 -2154.987454 105.520050
-2865.808641 -2188.880460 81.282580
-3233.786683 -2469.463473 196.158110
-2407.989706 -1902.650399 202.368911
-2567.359841 -1959.416936 155.892121
-2482.174146 -1962.034180 196.709409
-2596.679628 -2016.577379 173.467730
-2598.675089 -2018.175303 173.518455
-2381.469095 -1844.374005 152.830997
-3470.679340 -2677.903233 108.305708
-2811.156605 -2207.420814 243.016847
-2658.497799 -2051.506114 83.351871
-3294.349863 -2538.924014 80.410572
-2865.840218 -2252.410715 178.826925
-3610.616743 -2835.622299 224.032663
-2709.808744 -2129.796298 171.109371
-2673.430177 -2188.567439 140.817305
-3101.501708 -2436.212421 195.864745
-2521.969038 -2023.604082 162.825160
-3598.684135 -2877.689985 197.537084
-2393.956174 -1920.385464 153.267488
-3051.085898 -2474.455591 175.315927
-3203.285091 -2397.380842 177.933541
-3328.558912 -2670.307217 213.459143
-2758.346544 -2235.822411 121.037020
-2978.159700 -2221.273891 132.865101
-2584.901114 -2087.698600 172.612818
-2586.594151 -2077.516888 186.714649
-2592.886406 -1954.254281 149.906262
-2646.721159 -2006.566306 153.601222
-3702.150653 -2790.001600 212.874198
-2666.354447 -2181.635067 155.158653
-2483.202296 -1893.346303 128.892729
-2900.821530 -2200.179714 168.932982
-2126.257615 -1598.042845 78.835532
-2732.091669 -2071.999074 159.009601
-2651.573953 -2043.538943 206.038089
-2834.950714 -2161.154146 147.570599
-2854.221722 -2199.816931 229.794245
-2218.984664 -1694.953590 61.070093
-2627.684221 -2014.686131 210.149893
-2467.730157 -1840.734704 109.791518
-1881.269617 -1442.668211 150.536549
-2744.640384 -2096.494523 75.113164
-2869.846637 -2210.220153 67.215414
-3325.395427 -2675.191111 84.326752
-2259.612309 -1758.602257 96.528704
-2999.039128 -2311.181463 231.487917
-3210.951685 -2561.135125 75.110083
-2175.867456 -1735.919986 50.728829
-2146.201013 -1709.747922 52.033680
-3316.081810 -2645.147327 76.821389
-2802.842494 -2233.911273 69.052772
-2211.636935 -1764.643036 51.966852
-2710.333597 -2042.793677 106.026150
-2471.411550 -1967.083472 63.537166
-3285.150184 -2691.184745 216.569380
-2088.274972 -1571.342950 115.397077
-2708.490981 -2041.265239 105.843854
-2968.235947 -2368.195629 68.500135
-2515.881004 -2000.709155 72.022538
-2368.539222 -1871.856316 72.742195
-2280.377408 -1789.065296 142.316316
-3615.830124 -2795.806104 184.308292
-2674.943419 -2148.830759 79.181621
-3605.865293 -2909.049490 219.436667
-2891.854508 -2256.348838 242.716684
-3164.383802 -2574.004982 200.111677
-2898.927726 -2222.609202 99.628289
-3657.287827 -2849.565024 158.902534
-3265.626280 -2624.253456 95.787557
-2454.961576 -1973.018959 72.064515
-1950.061128 -1532.826991 96.557597
-2974.397265 -2404.892209 194.590309
-2106.587462 -1695.652440 64.840485
-3287.273744 -2498.986710 238.572904
-2694.536054 -2168.301445 83.755466
-2787.293103 -2134.718889 166.810066
-2225.658239 -1772.381857 98.331554
-3350.737983 -2691.505955 222.959329
-2463.959806 -1947.347054 194.619414
-2950.220491 -2300.742567 249.147406
-2641.468714 -2011.751119 85.564481
-3203.991039 -2592.913568 95.076400
-3014.210257 -2438.499042 242.586328
-2883.993276 -2213.733506 85.665335
-2637.554316 -2087.926307 135.806918
-2791.149035 -2208.743950 191.681306
-2341.831229 -1854.229562 120.483407
-3178.000160 -2513.381257 218.216808
-3161.511995 -2439.233621 142.586870
-2858.126892 -2260.885411 195.971243
-2405.523841 -1844.238396 141.660756
-2897.815264 -2315.237893 96.321489
-3002.422968 -2403.345831 118.423173
-2373.337571 -1830.084811 106.736866
-2417.666209 -1846.045301 184.723304
-2948.353866 -2346.814306 94.486501
-2719.975067 -2051.763949 174.075970
-2545.283325 -2013.044990 204.456474
-2445.780634 -1862.512359 79.489421
-3642.074711 -2773.675533 119.436017
-2644.005535 -2013.446772 86.432136
-3036.563333 -2464.238516 180.927064
-3033.676026 -2461.941461 180.665358
-2618.271947 -2023.657108 75.426330
-3177.611293 -2454.672847 91.594386
-2782.567634 -2079.761405 153.477528
-3500.832625 -2674.868569 284.194871
-3058.585090 -2367.547952 263.091590
-3532.579419 -2748.481361 170.939263
-2999.806571 -2334.092218 144.993990
-2105.517089 -1608.075147 87.438774
-2768.742460 -2157.492070 139.095864
-2500.514485 -1948.431504 125.995816
-2253.044885 -1772.515857 60.539534
-2788.154331 -2291.891476 176.008815
-2451.655115 -1936.729611 127.549847
-2628.995811 -2026.828253 100.107787
-3254.367949 -2671.959392 205.119566
-3014.995089 -2484.282072 164.471388
-2963.464568 -2382.728614 220.316490
-3331.361358 -2539.047589 241.608040
-3121.191770 -2365.416193 184.861301
-2729.179249 -2100.583245 61.941111
-2338.558047 -1761.289435 117.061283
-2308.766642 -1872.819356 132.525886
-2426.941477 -1827.149740 121.326042
-3144.648693 -2353.091344 174.056629
-2654.271362 -2175.744187 174.946167
-2303.076620 -1877.339566 90.140614
-3613.289282 -2741.765822 250.899261
-2559.223154 -1912.834848 141.424435
-2863.860646 -2175.733689 92.495785
-3081.885062 -2504.954170 117.265536
-3120.337392 -2536.477601 119.909040
-3489.318605 -2757.799539 194.114821
-2571.952074 -2090.513366 98.338461
-3154.108166 -2388.325499 94.643329
-2931.610620 -2191.659737 192.261939
-3062.609084 -2373.903849 141.006255
-3677.115983 -2850.440861 169.763483
-3670.359224 -2748.642048 143.440072
-2564.207137 -1961.022469 184.953523
-2283.139843 -1709.534538 88.176705
-3045.440872 -2380.562091 230.536998
-3527.912091 -2730.339639 159.139644
-2375.608344 -1882.352438 157.429889
-3674.074652 -2748.572589 240.240255
-2801.206492 -2218.993644 228.819572
-3043.303877 -2315.149854 178.015192
-2525.582477 -1921.257494 147.181299
-3488.262649 -2653.858542 203.688110
-3437.138467 -2640.112409 265.796641
-2928.784342 -2370.970597 135.603723
-3291.643844 -2648.242759 168.164667
-3650.443694 -2813.357179 220.683539
-2457.575466 -1863.424112 73.955177
-2719.719869 -2096.302770 164.719416
-3005.207193 -2364.031112 153.270899
-2678.773698 -1998.733965 127.247899
-3220.105185 -2455.920856 183.022825
-2235.178085 -1771.374276 59.072139
-2864.426925 -2272.109021 76.051227
-2390.395122 -1781.660530 113.408293
-3159.966229 -2536.548762 133.514571
-2444.392805 -1964.971653 101.749623
-2550.257381 -2012.569510 107.557644
-2850.351327 -2322.782595 193.708785
-2464.977103 -1982.561950 124.565741
-2644.187678 -2126.603234 133.703134
-2944.907340 -2364.728981 89.304054
-2885.911546 -2151.512236 136.617438
-2424.692304 -1844.439012 174.088170
-2435.975690 -1954.814783 180.230069
-2947.789189 -2366.382676 218.631021
-3299.904903 -2612.344826 162.605392
-3169.543057 -2537.039143 166.544814
-3280.843976 -2507.005763 82.941575
-2539.562339 -1998.626581 215.314958
-2277.055123 -1787.381400 193.117336
-2117.669493 -1627.174853 80.218856
-2208.726526 -1772.453663 163.760391
-3435.901542 -2675.735375 266.326219
-2423.559128 -1817.761807 153.927935
-2192.914896 -1642.849953 84.376524
-3010.048991 -2281.181060 115.001605
-3376.857882 -2629.572149 261.319973
-2594.903521 -1965.156228 120.331614
-3483.046465 -2739.839027 176.028159
-3160.878246 -2568.725842 194.070437
-2674.893142 -2083.297613 207.900251
-3494.033770 -2805.665806 105.423921
-2169.658974 -1707.401912 110.602720
-2449.204393 -1874.109025 176.974442
-2013.824435 -1531.235481 161.522733
-2378.220366 -1767.665718 113.274294
-3218.384913 -2601.978807 206.958207
-2468.532669 -1984.626933 125.865908
-2967.147518 -2355.981746 93.723052
-3655.651754 -2779.625206 288.671070
-2240.284304 -1800.588413 109.684607
-3152.521359 -2358.698971 202.157609
-2836.587184 -2126.282900 126.191415
-2881.561634 -2284.245479 101.351169
-3060.611903 -2420.982115 117.598961
-3433.448450 -2777.724385 256.287460
-2098.094972 -1577.921935 98.302688
-3209.101603 -2598.948266 230.503938
-2246.236037 -1714.709189 148.374029
-2480.736995 -1990.783014 155.062044
-3356.062538 -2691.820104 248.759507
-2332.508449 -1886.889012 131.590752
-2404.206831 -1898.787062 197.814587
-3309.937505 -2514.432911 219.938199
-2696.346427 -2152.125629 122.951333
-3108.547136 -2361.594083 207.149006
-3250.096602 -2492.922663 156.212238
-3103.572988 -2509.938388 183.215217
-2368.801849 -1825.120416 130.059310
-2503.661976 -1878.772548 100.156712
-3446.712415 -2839.861560 178.737460
-3014.523111 -2333.606081 135.597144
-2574.931367 -2082.894630 192.461105
-2240.015819 -1772.134195 86.570401
-2385.204911 -1901.110501 188.160205
-2116.066322 -1674.051945 81.470905
-3164.028193 -2525.287540 207.290477
-3428.438106 -2729.177725 168.378995
-2427.586825 -1855.727166 117.942694
-3133.138374 -2565.128727 158.671079
-3055.292992 -2316.710899 139.287526
-3556.270611 -2692.903270 163.492332
-3243.239726 -2567.484431 228.686429
-2447.842240 -1865.682666 109.810258
-2517.319008 -1992.010215 176.822146
-3017.775088 -2346.332333 229.827489
-2685.665337 -2177.713243 164.746728
-2619.535994 -2120.467704 81.573956
-3288.610290 -2611.462408 243.324463
-2917.359360 -2307.228744 111.644775
-3358.424241 -2668.310287 245.927979
-2644.173220 -2101.044690 194.395625
-2832.638358 -2303.206081 146.269926
-3613.677134 -2872.023410 265.571258
-2481.650416 -1904.784168 144.024933
-2671.875535 -2161.194594 150.355884
-2405.862126 -1886.820595 166.698053
-2518.876738 -1927.149828 121.112862
-2952.908131 -2338.525046 108.214072
-3468.942446 -2645.017893 197.577239
-2399.527281 -1932.246603 183.627834
-2238.290464 -1704.530679 66.941287
-2860.712679 -2262.610592 109.603708
-2246.867751 -1809.330712 171.292143
-3460.288818 -2608.908713 262.112520
-2782.935787 -2228.224314 207.952115
-2651.892623 -1999.228675 106.100783
-3550.500070 -2688.829267 163.200150
-3333.283506 -2622.279643 283.092110
-3100.795249 -2453.584220 117.388102
-3475.155343 -2682.424796 207.717882
-2526.852173 -1905.599751 168.514657
-3683.205203 -2751.252769 167.034963
-3346.795321 -2577.258742 238.222374
-3237.470705 -2477.822943 156.302460
-2666.327985 -2177.679606 112.768374
-2463.791567 -2005.070731 170.620393
-2573.292686 -2084.963918 77.225035
-2987.212252 -2385.778310 91.460556
-2570.974486 -2004.328251 162.351869
-2309.785225 -1774.269239 139.715507
-2815.890056 -2136.807494 84.093190
-2301.319852 -1739.586901 173.111729
-2482.358691 -1865.432139 145.610645
-3606.545128 -2877.646175 109.111476
-2714.122986 -2070.046036 199.120347
-2136.680903 -1601.336547 96.861829
-3047.706865 -2494.024337 154.406114
-3401.346993 -2700.929576 226.375536
-3434.845363 -2732.218454 169.520596
-2824.185141 -2134.190324 185.458654
-2419.749398 -1851.832060 174.501177
-3110.303020 -2399.992820 186.081012
-2876.115339 -2174.041867 189.364779
-2902.851292 -2240.484245 184.511902
-2562.919111 -1952.235540 176.838550
-3201.805341 -2595.681401 96.629397
-2251.861722 -1813.753432 174.121007
-2528.137554 -1991.723924 211.564174
-2901.117382 -2195.020220 219.568361
-3555.983944 -2881.407729 109.367447
-2174.300100 -1723.677903 145.048201
-2712.350699 -2049.879342 178.501590
-2349.325965 -1813.689240 149.324876
-3505.517499 -2706.422929 222.851080
-3137.073867 -2536.491881 233.623465
-2406.007254 -1921.987212 72.977811
-2663.366740 -2003.404930 158.002458
-2628.387004 -1999.570961 78.757915
-2139.283309 -1685.525273 97.649549
-3458.466210 -2780.791257 244.974558
-3419.056110 -2694.040905 156.692503
-2228.983538 -1704.197432 108.097954
-2071.336650 -1646.469228 89.120963
-2695.657059 -2202.245399 123.153718
-2173.303318 -1704.292975 150.401728
-2633.668663 -2106.612161 115.180704
-2628.297119 -2102.150421 118.094327
-2450.179321 -1964.309694 105.638843
-3224.016741 -2478.467389 194.701793
-3453.590090 -2655.147080 208.745914
-2518.378250 -1926.601569 121.113354
-2976.225479 -2230.645617 133.606679
-2812.025459 -2248.532596 104.155039
-3142.877354 -2382.986222 143.431382
-2832.669504 -2244.812596 100.250792
-2896.025968 -2170.784333 128.762137
-3245.381862 -2453.296140 216.220615
-3612.404982 -2914.191499 186.266218
-3153.935221 -2383.046653 239.001215
-2213.378216 -1782.428195 169.778718
-2981.843315 -2254.496760 196.000384
-2822.432128 -2132.894386 213.574790
-2696.426916 -2138.238100 180.137242
-2549.950212 -1927.045309 196.979519
-3170.386105 -2390.120235 131.796573
-2451.635434 -1861.515588 124.956599
-2931.711798 -2345.292277 128.713334
-2198.895579 -1698.314963 131.709638
-3366.024398 -2558.988955 124.357168
-3422.207410 -2652.428039 248.262725
-3037.867032 -2310.008197 90.651611
-2396.822659 -1862.116286 170.327142
-3447.809151 -2750.817222 136.293227
-3221.418868 -2493.618651 145.762494
-2417.208748 -1858.849018 87.847199
-2955.648913 -2271.797979 122.545666
-3009.660875 -2335.056192 215.154204
-3581.498679 -2808.524098 246.427039
-3610.216931 -2809.396363 232.853654
-2559.051040 -1969.508047 180.809921
-3184.799322 -2462.711789 254.258834
-2429.406134 -1883.757179 111.402763
-3283.909566 -2548.572972 233.928968
-3512.265493 -2679.649356 126.330789
-2429.228436 -1848.517325 130.238041
-2800.546508 -2187.645619 212.878896
-3220.319271 -2401.110286 196.214002
-3072.818721 -2491.750859 208.819560
-3179.867358 -2439.371008 90.952616
-2328.780551 -1776.742297 84.318092
-2061.416118 -1616.096841 177.577656
-2569.365429 -1941.009375 169.311815
-3143.580688 -2556.870008 217.336372
-3290.141343 -2501.945089 232.626813
-3217.099152 -2446.542558 226.486539
-2974.908247 -2310.339074 211.654946
-3322.628072 -2682.910989 105.967074
-2461.074024 -1956.239196 128.615858
-2423.032439 -1878.900269 173.501781
-3288.103623 -2665.227991 98.681019
-3130.901720 -2411.109464 127.991525
-2863.607050 -2183.499874 168.917287
-3299.535463 -2569.104621 212.182332
-2800.500476 -2189.254163 211.909434
-3201.012847 -2490.253969 205.435104
-2532.864871 -2008.819320 199.177860
-3107.028141 -2443.579002 263.971575
-3088.246625 -2356.581633 111.768973
-3312.935664 -2625.679025 86.632623
-3063.747589 -2332.089325 92.776302
-2524.812017 -1958.559156 180.236952
-2414.749382 -1898.778456 80.413086
-2216.409568 -1693.403132 140.566051
-2758.219811 -2218.408491 115.325188
-3349.890138 -2532.631016 248.236276
-2578.986150 -1918.554177 112.161562
-2819.270094 -2171.132620 84.602517
-2186.782818 -1715.639954 54.377208
-2763.650541 -2063.734703 149.488160
-2362.521103 -1850.175404 60.059524
-2769.842606 -2068.460042 150.275205
-3176.293405 -2446.118205 95.231879
-2755.180032 -2153.130351 166.634553
-3326.903571 -2592.627477 94.068796
-2241.986390 -1748.075667 62.700041
-3526.161997 -2752.604215 97.692402
-3148.025757 -2456.355636 88.408618
-2686.836402 -2041.434883 178.203626
-2701.429003 -2025.879315 104.317589
-2351.167000 -1763.075491 90.843954
-2360.485072 -1793.136068 156.486680
-2573.937197 -2048.038146 120.317958
-2433.830669 -1889.743305 73.917605
-3576.469376 -2875.085528 151.678387
-2436.329215 -1865.241502 154.155468
-3424.543891 -2608.851535 202.029834
-2402.541037 -1977.451518 103.933349
-2810.157126 -2160.681509 169.165983
-2433.101599 -1873.630877 146.287532
-2384.545681 -1867.117064 76.749215
-2492.794381 -1959.602790 83.166326
-2920.153602 -2228.557737 186.642565
-2574.343358 -2004.295160 88.949658
-2783.254891 -2190.971476 93.400130
-2554.948212 -1977.379483 103.082818
-3257.659019 -2548.669643 104.972838
-3309.465037 -2610.717829 167.458519
-2376.324367 -1870.254180 79.775654
-3230.042649 -2418.568976 208.372927
-3323.142146 -2554.044444 201.692788
-3603.385071 -2821.821196 133.596744
-2468.101672 -1932.437281 94.209099
-2359.618308 -1856.192958 78.599721
-3005.461102 -2363.983208 100.203265
-3202.124852 -2501.757330 195.565613
-2564.357336 -2007.411665 98.046980
-2954.357192 -2322.924580 98.916187
-2859.088069 -2274.566999 75.524312
-2431.673201 -1872.883740 145.948939
-2876.219279 -2252.562121 106.878045
-3069.760435 -2494.468855 164.578337
-2166.043954 -1728.485672 98.183016
-2095.298046 -1702.598107 112.009253
-2811.978436 -2142.760171 165.928906
-3320.555833 -2604.720011 121.246844
-3028.020041 -2343.410352 175.234550
-2415.074988 -1928.420448 109.811822
-2199.115798 -1750.268788 103.467662
-2462.091838 -1970.504291 109.819823
-3270.757598 -2580.735901 104.867511
-2819.692406 -2298.044233 158.894077
-2461.219295 -1872.028679 160.379004
-2652.815370 -2095.349356 73.036530
-2346.411504 -1850.725859 117.555420
-2447.232576 -1989.333791 126.572672
-3133.929665 -2482.285259 78.744515
-2731.454531 -2144.804470 67.409355
-2548.250126 -2000.950454 62.992728
-2825.768343 -2221.771510 66.822896
-2530.934650 -2004.533411 63.525462
-2251.659704 -1766.769699 81.583442
-2618.975756 -2017.145315 78.626638
-2443.967515 -1909.277038 95.877938
-3169.079076 -2565.809192 193.820195
-3543.489438 -2896.175534 233.290972
-2567.365849 -1999.889360 74.375233
-2622.103011 -2041.666770 75.616698
-2622.045696 -2018.475063 182.805250
-3064.928420 -2319.931620 156.575841
-2302.366610 -1794.817223 111.444130
-2812.704606 -2115.362274 191.300633
-3340.514651 -2619.486474 122.263917
-2120.170558 -1615.879530 125.260178
-3711.107518 -2807.895429 188.047665
-2617.350179 -2037.791258 74.922945
-3485.009142 -2749.865021 194.027110
-3404.540220 -2625.097857 277.313184
-2421.176165 -1801.328512 145.302415
-2417.226340 -1805.417915 160.866252
-2361.173995 -1835.365659 193.743622
-2497.136273 -1859.911281 121.928159
-2480.126721 -1927.229244 206.905394
-3243.649478 -2442.932756 246.527424
-2645.150996 -1995.986852 209.840099
-2681.858811 -2023.684940 212.597112
-2892.297218 -2161.734734 192.625017
-3615.626672 -2887.423531 203.366221
-2924.452325 -2198.230545 220.611599
-2529.875164 -1908.965874 200.166996
-2409.605178 -1800.616752 160.732999
-2050.690957 -1522.364846 100.099826
-2920.756491 -2200.751977 226.906382
-3321.951527 -2507.620774 263.662366
-2386.422541 -1846.583836 190.805858
-2721.385308 -2085.290842 166.665306
-2428.916470 -1819.244906 151.359983
-3476.004634 -2589.850917 218.469843
-2261.340438 -1725.023634 159.764855
-2590.604182 -2084.369731 106.981894
-2534.846171 -1881.764917 147.591107
-2352.298295 -1801.487743 143.951260
-2252.415048 -1750.669011 183.859220
-3445.054003 -2794.382083 126.080154
-2716.119692 -2074.607007 68.366688
-2584.128248 -2097.942128 95.750694
-2631.462893 -2131.809062 85.268353
-2871.563315 -2332.391779 107.138392
-2953.100243 -2366.294118 152.388918
-3200.316206 -2450.963357 158.095357
-2084.495982 -1577.936485 164.747668
-2842.480528 -2204.667262 136.530356
-2425.219132 -1954.064268 187.395369
-2198.058400 -1685.161117 107.334360
-3049.706448 -2335.016828 148.716690
-2774.996195 -2204.097349 205.327851
-3374.128486 -2569.649523 124.453255
-3162.647316 -2395.595203 164.565013
-2779.849549 -2256.119025 94.039537
-2789.275927 -2264.022524 94.280143
-3330.795547 -2511.188748 222.531312
-2399.937859 -1828.905038 89.164642
-3535.498146 -2822.006336 117.016755
-3513.653015 -2694.289194 174.137297
-3076.763821 -2479.467649 237.883017
-2905.799133 -2229.679047 177.717915
-2430.632724 -1870.514202 87.578033
-3143.095554 -2552.025172 122.300205
-3144.563735 -2553.328312 122.269725
-2861.386403 -2202.236675 224.225317
-2515.457355 -1896.313175 154.611874
-2705.843862 -2190.160202 89.546198
-3619.219434 -2736.268730 242.995676
-3573.512886 -2902.546934 139.850995
-3296.572899 -2531.381778 173.890082
-3024.601150 -2479.421452 164.694638
-3379.247641 -2775.664010 141.123622
-2332.979448 -1782.048785 78.151595
-3090.826281 -2502.972146 100.833244
-2640.109728 -1967.905397 131.997345
-3351.524020 -2581.372951 229.024541
-3424.702685 -2786.885431 152.684781
-3102.521424 -2527.258717 164.460448
-3326.992317 -2552.094500 165.017190
-2445.587141 -1830.065358 146.944338
-2818.425647 -2129.277739 189.096645
-3600.628606 -2847.919944 240.164330
-2263.253164 -1721.665983 181.718597
-3020.867789 -2447.329672 163.640287
-3420.237678 -2701.792224 167.741571
-2775.918854 -2204.594677 205.908060
-3235.918197 -2622.974449 206.551828
-2646.467044 -2147.824187 104.791267
-3121.285194 -2391.555207 152.526316
-2691.303331 -2031.947155 206.095487
-3246.963630 -2450.653785 247.836811
-2405.049107 -1875.789058 190.086747
-2658.738673 -2108.892092 211.491538
-2158.241858 -1748.163976 71.307003
-3172.738082 -2517.123783 252.744825
-2652.500401 -2068.504849 171.011884
-2798.544066 -2220.014855 222.918455
-2630.710930 -1985.855795 202.647644
-2780.571457 -2169.572031 219.123638
-3061.045333 -2386.721961 240.813131
-2583.324124 -2002.390640 208.512096
-2156.268888 -1746.367654 71.167123
-3353.621632 -2641.766240 260.156628
-3007.642854 -2421.678592 247.479474
-2268.398119 -1821.101389 99.989381
-2633.335156 -2048.238971 228.996585
-2631.060538 -2057.512117 209.573535
-3243.711606 -2453.266130 215.619296
-3091.724854 -2368.700091 226.486657
-3190.825666 -2554.807517 88.037808
-2644.565281 -2148.703030 100.220037
-3315.602566 -2694.005478 125.784227
-2845.045161 -2179.973220 208.236945
-2882.638544 -2250.463562 114.330717
-3127.240390 -2447.280263 138.042762
-3081.943075 -2363.830433 189.601358
-3257.847081 -2543.982815 153.839202
-2940.648687 -2230.522854 194.672148
-2501.726565 -1942.432836 129.017999
-3320.621549 -2653.824276 130.495362
-2914.545202 -2235.963672 210.633006
-2416.590373 -1894.646425 95.957470
-2416.246366 -1889.853297 105.405211
-2691.363379 -2108.294793 125.164302
-3547.137681 -2775.702008 156.062963
-2227.362457 -1708.145796 137.084857
-2723.640614 -2201.054146 134.307923
-3074.768403 -2489.617875 166.906529
-2321.386171 -1898.363225 109.162588
-2980.250988 -2284.497309 184.504482
-2810.059111 -2154.597375 173.830501
-3244.543323 -2453.532579 219.504162
-3162.344112 -2391.597892 214.060762
-3298.217488 -2682.579703 126.960685
-2883.262341 -2261.200080 152.378103
-2472.317338 -1922.138629 111.358200
-2932.982266 -2309.371790 209.300284
-2063.083227 -1633.440419 168.062099
-2399.017491 -1913.260493 132.357343
-2343.309611 -1843.018038 116.364147
-2564.908783 -2031.518021 210.111924
-2905.240290 -2334.353570 91.944340
-2218.202358 -1745.206336 109.534055
-2971.057411 -2250.880883 195.014741
-3142.430701 -2358.516719 201.823881
-2339.021233 -1792.844629 142.306860
-2807.858221 -2157.597524 217.301338
-2333.775999 -1796.330177 157.872361
-2969.862999 -2342.791647 250.867846
-3266.413636 -2661.998102 148.869832
-3207.711781 -2559.744832 238.389447
-2680.061348 -2061.395732 187.982803
-2485.928711 -1919.412095 159.092393
-2797.839789 -2160.418426 180.074171
-2166.608528 -1752.768591 163.323195
-2829.461302 -2300.316038 150.543939
-3314.375298 -2535.770168 98.237431
-3491.701952 -2698.022530 223.642866
-2657.353935 -1993.187353 135.613541
-3304.093598 -2527.119977 98.528510
-3548.583083 -2661.949792 180.969487
-2223.895750 -1718.722189 141.915760
-2815.741185 -2127.063299 184.830574
-2525.041744 -1951.471052 161.077773
-2633.126097 -2035.065793 168.783085
-3114.197252 -2474.489107 85.511365
-3221.108118 -2473.218579 258.702446
-3116.895108 -2382.345249 93.497948
-3494.443485 -2790.972468 107.148592
-2313.528513 -1878.498847 165.460419
-2806.272545 -2133.125819 184.542406
-3592.521583 -2717.504317 278.053118
-3079.087483 -2354.313669 90.978567
-2699.045219 -2062.742404 81.527117
-2880.458409 -2233.319141 130.157428
-3145.745710 -2378.009854 243.854430
-3061.681883 -2463.725916 106.770793
-2573.362509 -2002.934783 164.096321
-2909.152412 -2356.799462 156.724421
-3052.243796 -2499.786924 212.955624
-2992.095829 -2349.534198 197.959923
-3009.176268 -2309.350947 231.351066
-3374.395018 -2693.350552 249.088053
-2662.868733 -2032.602918 219.891641
-2499.912679 -1883.217905 168.641433
-3290.875779 -2688.020068 185.737739
-2916.181612 -2233.216503 185.323032
-2233.780437 -1710.500559 141.613741
-2833.323932 -2208.701888 62.222328
-2172.648321 -1676.691939 64.535907
-3549.353797 -2763.350608 141.122083
-3282.402432 -2566.441505 109.866874
-2375.704342 -1857.588241 79.394089
-3056.059739 -2459.059075 106.694987
-2746.738840 -2086.094322 142.374191
-2604.376611 -2040.948465 164.450234
-2658.284636 -2181.991790 151.230278
-2458.269071 -1997.749826 130.400455
-3146.010417 -2447.695525 161.475910
-3015.351006 -2366.273449 66.902002
-2807.519587 -2203.463985 63.664567
-2170.920725 -1764.976149 116.057219
-2577.199897 -2036.425462 71.267524
-3063.087531 -2499.860455 163.335988
-2969.146211 -2228.544761 124.563456
-3035.625997 -2305.461854 156.052093
-2397.088705 -1958.796254 170.576956
-3175.014553 -2524.785590 148.646194
-3224.002110 -2468.265004 204.257975
-3060.520052 -2462.714985 106.828332
-3037.544603 -2307.202498 156.450761
-3207.836888 -2640.477755 196.319319
-3484.317881 -2709.678373 287.523469
-3421.510085 -2699.418254 164.882393
-3413.384202 -2691.841829 289.102175
-3531.645078 -2787.396167 300.483282
-2100.870208 -1586.337127 65.806066
-3265.298366 -2643.349239 246.407643
-2848.930640 -2152.619864 221.195126
-2330.130917 -1916.596710 100.062060
-2944.444087 -2230.422033 151.733613
-2505.623776 -2035.506551 136.466487
-2953.895525 -2234.548194 227.830499
-2267.803144 -1714.915935 176.034983
-2730.967052 -2070.540858 180.783617
-2256.548689 -1826.970681 170.455685
-3156.442841 -2450.190737 148.465162
-2906.389269 -2209.925007 155.095964
-2691.080452 -2041.667284 215.990146
-3289.102109 -2556.722478 148.670861
-2440.689779 -1971.098226 96.617745
-2953.275082 -2237.232625 89.730782
-2775.259033 -2192.162019 120.009503
-2615.972234 -2041.847748 54.048562
-3291.014186 -2504.096591 231.296451
-2510.420922 -2002.194257 165.004533
-2672.444846 -2019.658136 133.733814
-2269.337042 -1725.936082 159.580781
-2307.693281 -1743.705434 115.483143
-3531.236601 -2787.265905 150.561677
-2979.667203 -2215.232930 143.631402
-2643.950109 -2126.707551 133.154909
-2659.400810 -2059.631063 202.887099
-2659.513794 -2059.533890 202.751384
-2720.052299 -2237.683339 131.396892
-2115.416386 -1735.120381 84.598548
-2931.148180 -2236.620419 166.044998
-2524.306592 -2060.631359 121.598644
-2358.701859 -1799.830625 133.247618
-2456.056277 -2019.937363 119.200772
-3259.825261 -2620.788720 233.899812
-3010.557384 -2440.811898 237.429031
-2447.918519 -1970.121350 176.072916
-2938.608948 -2214.992259 123.643856
-3314.062064 -2533.566367 90.144873
-3222.376350 -2611.948969 203.444718
-2571.399407 -2053.466645 76.890437
-3531.461058 -2818.772357 105.836788
-2996.403648 -2379.813519 90.449524
-3173.055684 -2578.254484 188.687911
-3010.883571 -2441.121117 237.515138
-2851.822935 -2292.568868 205.114894
-3408.367515 -2600.537296 239.829710
-2870.341429 -2310.490202 205.864239
-3009.335363 -2348.466266 189.874860
-2681.329382 -2013.117856 166.005923
-2356.621741 -1839.871785 144.858429
-2384.191249 -1964.687959 123.079557
-2976.054779 -2390.737563 218.390344
-3080.146616 -2403.519803 194.511668
-2713.350248 -2218.589143 125.205622
-2771.834305 -2228.941320 199.306807
-2831.216067 -2167.050808 75.843915
-2355.461416 -1894.438698 169.391874
-2251.310526 -1721.314592 147.254766
-2654.620279 -2135.068188 190.948954
-2291.234857 -1756.926175 130.426042
-2733.042847 -2231.673587 125.979888
-2268.399986 -1709.614969 137.537505
-2515.432556 -1923.319473 165.240029
-2887.997800 -2300.647873 210.715347
-3162.128048 -2518.464699 229.671916
-2972.210004 -2391.298368 211.439515
-2902.450587 -2257.701487 200.755813
-2475.578050 -1908.705493 166.782230
-3456.031777 -2655.395431 207.806270
-2166.135135 -1728.109361 98.047909
-2867.164407 -2306.593880 206.294018
-2767.302781 -2080.124394 128.789542
-2400.622618 -1862.620571 176.953175
-2734.159820 -2090.598772 74.511456
-2367.099323 -1874.540096 85.830183
-2485.891715 -2039.592041 111.875165
-2469.455461 -2006.344478 146.912823
-2194.786643 -1765.273220 157.263833
-3464.028149 -2678.456066 276.949650
-3571.070070 -2754.818313 294.535531
-2401.951857 -1946.221029 91.748457
-3430.128043 -2621.263856 226.308404
-3607.929612 -2838.459682 237.156711
-3650.972616 -2871.798737 242.357092
-3074.178612 -2418.000990 202.485293
-2677.844427 -2016.713387 137.005762
-2579.530113 -2028.229873 170.830972
-2572.796232 -2022.878077 170.456974
-3559.475353 -2819.281542 110.431597
-3248.799148 -2450.507289 222.340484
-3668.024148 -2803.073018 242.100283
-2948.114939 -2242.349158 110.178999
-3196.561455 -2516.310580 150.354790
-2749.558429 -2193.888203 82.192257
-3040.148450 -2347.482312 245.744265
-2887.393475 -2273.666336 134.544200
-2616.779588 -2035.191484 69.688808
-3534.911189 -2721.930503 105.474110
-2697.229126 -2166.604149 83.649406
-2127.022566 -1672.178420 77.086064
-3001.816278 -2339.451084 84.056412
-2819.870519 -2298.496851 158.927273
-3522.839351 -2727.096605 182.019194
-3424.636384 -2658.398534 247.689011
-3379.439607 -2635.156073 162.805887
-2415.991628 -1866.905089 195.712064
-2261.187446 -1707.907325 114.038564
-3254.155655 -2421.817017 196.612865
-2839.902058 -2233.934109 191.907132
-3032.671187 -2299.390125 122.048044
-3644.220317 -2825.579049 269.884235
-2456.352122 -1917.360889 151.808344
-2474.411414 -1918.304230 127.442749
-2990.037853 -2330.277941 195.794079
-2836.933806 -2186.121901 233.624605
-3459.754680 -2694.939526 227.070418
-3027.248128 -2330.829502 114.304280
-2912.371269 -2164.693622 170.507636
-3286.756981 -2561.712717 155.872498
-2699.850884 -2111.041307 58.861482
-2384.206394 -1865.486742 105.024760
-3167.732742 -2591.458062 147.908124
-2162.952562 -1674.746812 110.786278
-3500.280457 -2728.404648 168.666009
-2334.659783 -1799.027014 159.900425
-2878.450348 -2243.778863 203.127348
-3657.070390 -2772.648705 101.340211
-2660.923370 -2060.869382 203.516864
-3397.333042 -2732.120335 170.980039
-2702.925627 -2145.642601 152.782101
-2232.098106 -1692.161230 61.494204
-2518.289625 -2027.172375 181.033349
-2319.123958 -1823.874126 158.926738
-3347.031540 -2697.046282 225.850539
-2292.928478 -1846.950962 138.623176
-2426.800824 -1853.391940 187.979242
-2554.104821 -1950.824605 198.584904
-3649.584011 -2750.895711 153.672820
-2208.568064 -1698.181437 82.703664
-2740.346121 -2208.667328 185.296022
-3188.528466 -2464.191756 248.442297
-2558.023994 -2018.718149 109.684464
-3171.545040 -2569.421823 249.415836
-2549.257302 -2011.224539 109.211526
-2500.242805 -1971.752010 108.869271
-2236.750650 -1711.970796 134.842583
-3501.359241 -2679.324398 211.365466
-2414.255975 -1876.599178 167.724643
-2602.235121 -2033.196149 199.519902
-2197.191722 -1716.068918 168.114988
-2375.808565 -1783.925563 121.619629
-2631.565540 -2037.308695 135.995678
-3551.359315 -2775.066613 301.068364
-3381.403602 -2697.391223 250.339951
-3089.351482 -2397.109917 144.505771
-2666.925069 -2154.597200 106.315625
-2303.581567 -1772.748151 69.225997
-3331.265414 -2691.482537 132.331400
-3107.456821 -2409.866859 123.398336
-2069.132635 -1593.851696 171.294292
-3713.088056 -2754.103532 221.870710
-1996.010950 -1480.933105 97.184977
-3172.400222 -2507.123776 175.015584
-3411.157009 -2763.087100 99.945105
-3064.128370 -2277.791269 143.711888
-2395.239772 -1853.573071 173.324380
-2681.906709 -2048.536471 168.872776
-3404.282198 -2763.576409 232.416045
-3090.692001 -2396.492657 148.452951
-2642.145388 -2050.736093 128.194043
-3619.174080 -2732.265522 129.839054
-2277.527596 -1717.195290 170.643781
-2318.938234 -1851.366221 158.769676
-3488.645153 -2806.793367 178.855548
-2879.809028 -2278.099325 196.007509
-3142.251904 -2351.000807 196.293533
-2527.635069 -2005.227232 83.407669
-2232.127467 -1813.240910 159.557784
-3320.895112 -2711.867399 184.851457
-2246.263186 -1741.597343 179.206947
-2209.978083 -1766.263900 151.369232
-2456.452924 -1875.827802 167.900775
-2425.808514 -1891.616182 167.170910
-3397.402580 -2769.023226 197.409531
-2212.076152 -1748.893876 108.148193
-3008.540755 -2348.266337 190.158523
-2459.497598 -1969.412557 107.174804
-2856.727160 -2285.441610 92.793669
-2902.973827 -2203.089277 88.237863
-2199.230645 -1702.694851 126.678091
-2945.364881 -2353.032719 90.604572
-3320.589831 -2624.387211 151.745474
-2138.085722 -1689.050597 96.859727
-2207.460785 -1704.393149 139.967302
-2147.399485 -1744.301687 73.095875
-2334.614315 -1857.928611 76.237034
-2606.820099 -1990.867803 191.370280
-2612.155680 -1994.174680 191.671982
-3406.069892 -2686.759696 286.084590
-3087.441151 -2361.645349 84.823101
-2830.182828 -2164.503093 78.597956
-3131.850336 -2470.790501 263.360431
-2222.464134 -1769.041054 101.982506
-2341.052432 -1813.868808 170.573323
-2909.869730 -2358.749285 187.674398
-3472.872557 -2655.405142 169.615965
-3494.891639 -2726.005000 238.863891
-2621.552004 -2123.601700 93.130284
-3283.110786 -2510.873255 159.496255
-2795.961048 -2266.629460 171.081284
-3008.083744 -2346.390475 206.799935
-2800.087263 -2184.313195 192.241011
-2886.451872 -2255.067834 113.756383
-2525.114490 -2050.859447 77.795856
-2727.680448 -2100.179946 148.209075
-2625.790524 -2042.212820 91.094523
-2922.784662 -2272.795263 102.149047
-3204.363513 -2491.703636 111.888811
-3446.477589 -2692.581788 135.637623
-3540.448629 -2772.768602 165.049431
-2231.494779 -1729.118449 128.267109
-3510.218327 -2682.426775 257.329535
-3047.055640 -2366.767195 96.212841
-3466.896396 -2656.414690 217.674989
-2842.218914 -2200.332965 163.875214
-2376.871240 -1845.910554 74.624017
-2323.805920 -1780.033777 144.845858
-3552.873214 -2759.799588 111.493960
-2216.554819 -1724.804936 78.124860
-3411.795264 -2612.199914 214.557840
-3588.713514 -2951.918969 153.553232
-2369.230599 -1815.471521 148.520252
-2171.795392 -1685.568225 123.496747
-2773.656112 -2223.148254 120.615550
-2526.731472 -1929.752888 202.422251
-3421.407250 -2633.628804 238.549055
-2800.355377 -2155.573841 195.789373
-3436.706894 -2780.843326 193.164609
-3464.853681 -2804.068558 194.433446
-2894.547394 -2244.576609 247.963278
-2602.099504 -1937.675172 166.431301
-2469.065959 -1852.709160 187.501436
-1986.944914 -1490.847720 150.038520
-3576.347730 -2658.595362 214.130186
-3094.945600 -2304.598509 198.085478
-2701.653113 -2011.942663 172.501449
-2629.269739 -2037.937545 122.556783
-2696.655390 -2004.302800 161.973128
-3153.237203 -2538.354677 162.180968
-3519.128867 -2620.286220 223.058734
-2854.735776 -2322.600757 111.695116
-2912.739545 -2369.325324 114.253135
-3372.659843 -2523.273653 202.470018
-3217.675178 -2402.490377 184.194361
-3553.233596 -2731.808394 105.782180
-3182.084792 -2378.153326 189.392908
-3000.821911 -2363.553319 153.775551
-3533.748421 -2822.184880 117.294686
-3316.730852 -2692.947448 110.868391
-3628.696414 -2711.761918 215.401920
-2816.503285 -2226.294179 136.412314
-2336.999534 -1811.232866 188.377771
-2421.177338 -1963.842773 154.594790
-3271.762009 -2481.451077 217.060771
-2881.120464 -2341.757111 113.620080
-2797.058917 -2271.136338 93.390824
-3314.936876 -2694.801324 132.079564
-3086.449455 -2439.808435 149.523438
-3238.249611 -2588.467980 128.426504
-2289.895102 -1803.982801 119.167042
-3279.870685 -2489.619401 218.524879
-2629.762753 -2135.533600 87.830113
-2230.509789 -1783.761299 89.652775
-3514.866748 -2627.307737 207.331962
-2619.712865 -1975.875326 202.523272
-3647.898015 -2816.944648 162.182219
-2697.971601 -2167.304470 162.082469
-2411.804445 -1866.063205 190.194102
-2462.717789 -1875.033610 170.027100
-3187.962629 -2587.569209 218.330612
-3424.654332 -2668.187639 225.769984
-3425.422040 -2653.694571 278.145451
-3447.479273 -2769.118493 202.697259
-3165.974150 -2440.699721 263.294170
-2749.477726 -2043.495973 160.741512
-2886.748668 -2190.201161 191.230987
-3339.611641 -2612.857489 152.142391
-3338.089365 -2584.354106 265.351572
-2978.006744 -2323.972946 138.372256
-3267.117520 -2556.526861 147.631492
-2388.444907 -1853.722777 68.515277
-3224.051494 -2505.759287 103.970777
-2139.342948 -1673.750338 96.662774
-2808.599363 -2197.367478 125.924536
-3304.605040 -2696.026665 185.465627
-3374.587964 -2530.937749 232.744691
-2068.268026 -1551.647680 142.789248
-2946.190189 -2351.898077 162.503065
-2879.197952 -2295.964515 159.324735
-2879.807847 -2295.542270 158.782147
-2608.892273 -2079.009023 143.574530
-2915.787008 -2377.725835 170.116725
-3224.492592 -2571.404047 179.069679
-2775.612648 -2065.283608 154.997744
-3451.558921 -2634.129462 275.448976
-3042.543117 -2489.619601 162.005048
-3383.161980 -2569.418951 223.209182
-2613.543710 -2064.921295 171.216689
-2519.671375 -1951.282632 183.136356
-2651.473299 -2053.293283 192.760008
-2850.048196 -2274.299847 158.699900
-2982.066476 -2218.283777 166.978654
-3295.111861 -2503.744765 217.906786
-2644.000888 -2048.484747 104.604288
-2619.443439 -2006.949601 164.435131
-2183.439027 -1666.967727 174.624260
-3325.426923 -2522.491949 121.064562
-2707.494553 -2053.720077 98.129088
-2689.733351 -2040.403993 97.713561
-3159.275222 -2452.428905 270.197829
-2586.608617 -2104.934151 101.706992
-3283.522631 -2438.294527 145.933217
-3258.762407 -2471.411252 256.680528
-2387.538450 -1899.420174 78.057369
-3609.204534 -2927.558306 248.450421
-3020.192523 -2411.700707 169.160535
-3168.363811 -2528.543736 176.035662
-3401.840728 -2713.289386 191.013986
-2607.965250 -2100.268021 170.120961
-2162.541649 -1706.501028 102.461240
-3550.099570 -2676.280199 264.010884
-2655.109350 -2019.269186 180.922050
-2804.757187 -2145.933212 185.098591
-2710.453929 -2231.990220 139.318304
-3358.271971 -2659.758849 237.525339
-2306.298024 -1899.333198 118.514660
-2683.305133 -2052.543798 176.544441
-3050.941547 -2513.180463 156.573657
-3263.691815 -2457.080155 165.821667
-3658.807078 -2824.014893 301.484127
-3399.551969 -2754.216386 119.743727
-3203.150469 -2459.871741 241.845167
-2425.599556 -1863.086791 183.426966
-2157.284125 -1718.396708 106.175029
-2428.720531 -1904.435644 92.605295
-2929.332798 -2262.929388 86.239022
-3332.704934 -2520.364641 115.723560
-3410.785383 -2526.105558 189.108112
-2148.839144 -1598.905572 133.784041
-3328.633124 -2470.101213 195.269352
-2958.961367 -2368.364588 94.397584
-2286.751428 -1829.736463 72.142162
-2723.392838 -2094.312640 80.836496
-2956.439343 -2366.930638 94.254714
-3043.218390 -2349.079310 250.692598
-3496.496018 -2829.377159 235.946383
-3203.530585 -2469.354578 265.738589
-3087.700944 -2319.247426 214.310724
-2499.334477 -1936.076418 189.566667
-2614.206672 -2103.351604 161.364696
-2954.414198 -2224.377418 178.012058
-2687.186504 -2074.971928 70.177502
-2600.451074 -1925.311072 143.937606
-2691.910762 -2070.686630 80.349654
-2720.764811 -2014.616308 150.132687
-2941.528397 -2391.804225 117.986241
-2815.688720 -2184.659910 247.492787
-3262.157312 -2431.135364 220.148620
-2934.000535 -2187.915280 196.362927
-3163.823177 -2501.134630 176.458480
-2469.359337 -1834.455568 118.369504
-2929.360306 -2175.947462 139.752354
-3102.792176 -2463.911262 168.801716
-2571.761339 -1911.034063 125.009878
-2465.565106 -1993.424730 159.136540
-3484.418264 -2726.925613 228.311604
-2401.588524 -1934.334829 126.349628
-2394.953951 -1791.698480 97.955142
-2287.810981 -1816.473911 125.647536
-3430.296516 -2723.268170 187.660024
-2122.316166 -1688.466715 84.146576
-3459.021112 -2605.619409 258.939864
-2847.847983 -2258.253277 156.391043
-2843.318088 -2202.054302 161.747044
-2383.852114 -1922.176124 128.269652
-3450.313721 -2742.330309 147.935671
-2427.034907 -1831.156209 72.136658
-3055.605158 -2419.404048 148.022299
-2895.833944 -2195.681497 84.999797
-2632.555499 -1997.242468 78.733418
-3230.610454 -2478.200799 242.425264
-2561.780880 -2029.387872 123.390299
-2388.381282 -1906.894851 131.380206
-3339.603281 -2505.916275 214.575258
-3332.452804 -2492.471932 197.025587
-2143.785817 -1697.637263 104.454086
-2177.938841 -1723.265759 84.803974
-2090.772515 -1650.217562 102.672171
-2848.990617 -2289.547910 88.822239
-2974.408242 -2244.740537 193.917963
-3051.525463 -2427.486708 120.293811
-3323.674226 -2709.977597 217.839462
-3125.754843 -2338.769294 128.386461
-2041.344438 -1553.189597 62.055927
-2240.945089 -1705.382299 67.962646
-2817.057857 -2144.875065 82.531963
-2200.874160 -1659.942078 144.376252
-2412.034901 -1935.649889 117.740680
-3469.375606 -2662.976282 117.061230
-2798.535623 -2243.151153 223.606804
-2866.273484 -2163.135973 186.799523
-2561.077290 -2028.180761 123.372645
-2870.787130 -2277.284337 150.222454
-3181.377753 -2445.423495 160.545161
-2176.593749 -1642.964358 141.616500
-2749.447587 -2152.238232 181.463154
-3183.321713 -2381.582762 186.776181
-3179.254694 -2601.056025 186.054494
-2503.822992 -1873.087850 127.302181
-2506.771893 -1878.252262 140.118971
-3604.696859 -2853.796326 173.968235
-3377.582812 -2521.901035 191.766514
-2928.900255 -2384.217639 133.390518
-3628.899131 -2870.648815 263.820223
-2593.457510 -1943.271821 144.793934
-3030.102263 -2397.885681 146.693157
-2764.077255 -2067.162502 139.555912
-2842.157433 -2122.988381 161.783758
-2454.488227 -1962.040758 197.449652
-3007.959779 -2375.749909 217.052031
-2452.237366 -1949.977657 126.848184
-3033.153757 -2380.019661 256.570307
-2661.212991 -2105.432767 212.081444
-2634.324118 -2042.699851 189.140865
-3378.601847 -2709.275087 276.397355
-3197.388318 -2516.950303 153.964420
-3537.271303 -2742.621467 254.865893
-3002.375874 -2402.331390 242.553523
-2621.710881 -2050.949856 172.508151
-2403.000110 -1863.548760 173.548268
-2649.584856 -2052.887441 190.581683
-2285.381850 -1787.729614 150.630860
-2461.490298 -1968.908364 198.116934
-2075.672453 -1664.497554 168.817609
-2750.272579 -2104.785809 77.418774
-2438.911803 -1950.033603 196.330221
-2896.078653 -2267.239683 248.691535
-2637.559164 -2064.963182 226.763537
-2879.219306 -2266.180871 240.075249
-3199.843679 -2482.353818 230.751874
-3361.173036 -2693.995282 272.403658
-3100.363545 -2318.693766 135.720624
-3500.687164 -2700.241382 280.725697
-3382.158470 -2550.125198 222.531052
-3119.159447 -2492.740032 251.495655
-2824.540064 -2132.590303 143.389228
-2714.397599 -2018.682248 159.167939
-3169.687150 -2465.553627 134.091517
-2221.794102 -1724.882154 84.824032
-2595.323702 -2056.503729 66.101464
-2213.952307 -1817.540630 132.006552
-2670.243825 -2100.849978 58.556045
-2887.925137 -2288.526402 72.742178
-2582.661536 -1989.913729 203.026188
-2309.811607 -1824.065480 58.308835
-3567.351665 -2764.521979 123.764898
-3567.059322 -2906.251344 200.662930
-2875.236819 -2250.208863 94.794567
-3433.634979 -2677.089894 131.957517
-2910.913205 -2341.982149 123.219428
-2365.924540 -1906.812266 191.448779
-2615.026505 -2024.419624 96.272947
-3023.941385 -2395.130376 77.935721
-3160.009208 -2405.667688 205.892494
-3073.698847 -2325.456940 156.125345
-3501.917790 -2732.630435 167.608918
-2736.850059 -2125.389281 105.585242
-2880.309860 -2237.173174 110.657930
-2327.426340 -1758.960316 118.311072
-2672.345368 -2005.790259 200.567387
-3512.268952 -2719.050985 304.298370
-3157.025997 -2488.579832 176.840999
-3062.489941 -2277.924782 152.345087
-3692.034528 -2746.824936 183.302344
-3613.547923 -2682.951759 180.597310
-3136.062638 -2332.339463 156.102174
-3705.398631 -2755.340537 184.750229
-2793.899148 -2205.463861 156.644035
-2241.363758 -1757.619947 180.040399
-3465.061162 -2785.347014 287.529032
-2970.788176 -2387.254266 149.235412
-2705.326183 -2051.612146 79.581908
-2547.078234 -2041.227145 128.135804
-3188.147435 -2379.081563 178.039002
-3403.579523 -2544.664871 199.135913
-3092.947361 -2313.767972 180.829315
-3169.212924 -2384.914425 209.893449
-2536.342265 -1891.990495 142.222816
-3536.596595 -2645.235819 206.052160
-3265.175237 -2457.695200 216.624185
-3554.278451 -2695.699635 212.402723
-3008.149950 -2306.611369 188.330869
-2959.538929 -2209.403961 150.870857
-3263.323181 -2555.052769 280.992370
-2767.009751 -2137.989320 229.263955
-2036.941346 -1574.154263 168.179663
-2626.065027 -2029.637821 216.874544
-2134.038811 -1676.991963 180.520402
-2590.305666 -1951.087742 198.993555
-2243.318255 -1759.106113 179.975128
-3453.518382 -2670.037988 286.140395
-3374.731155 -2585.264731 247.063520
-2877.484034 -2228.133553 107.301300
-2774.731538 -2166.100377 59.547851
-3287.175095 -2580.893088 142.461033
-2876.339833 -2340.630833 129.129273
-2301.797289 -1784.528817 109.473441
-3148.627950 -2457.815396 148.408399
-2325.742912 -1813.837800 106.797856
-2875.565432 -2244.545700 111.695366
-3438.583051 -2683.302926 161.564728
-2353.056556 -1836.511879 110.597440
-2598.850635 -1997.003404 216.621033
-3596.981101 -2913.590336 290.627399
-2524.672709 -1959.382461 221.815196
-2828.317593 -2240.929807 148.895859
-2330.325476 -1846.573070 127.451645
-2370.537780 -1879.452280 130.396389
-3642.324658 -2782.749882 299.760455
-2514.263923 -2027.015794 133.289867
-2396.332006 -1841.300661 185.704276
-3233.436240 -2424.909669 213.844815
-3306.529020 -2665.906515 126.517084
-2923.598292 -2357.237527 111.967005
-2248.455269 -1812.143161 119.880407
-2617.906292 -2110.789838 140.003779
-2352.973532 -1899.483749 160.938966
-3288.428469 -2653.019754 176.046027
-3197.462611 -2514.118381 158.014433
-2362.817122 -1772.185507 156.599035
-3168.256173 -2393.652606 207.725480
-2296.568043 -1856.788338 187.145276
-2350.143745 -1861.230766 124.860629
-2974.648348 -2243.548947 152.436037
-3564.740451 -2689.817106 184.627015
-3540.589467 -2648.093883 180.682579
-3206.472730 -2424.490227 209.722682
-2367.027526 -1901.740741 74.323400
-3268.033053 -2468.920868 213.466658
-2498.396037 -1882.915698 166.234147
-2651.211180 -2000.326812 137.264812
-2057.854260 -1552.758911 106.412006
-2671.535791 -2012.137704 176.615965
-2765.781198 -2236.461565 225.395264
-2499.760162 -1883.529269 166.605494
-3376.208562 -2543.845590 223.233934
-2882.398261 -2292.590341 233.648478
-2651.262606 -2087.129838 128.942786
-2459.259878 -1957.437953 201.531236
-2811.129839 -2246.118498 228.579843
-2087.397488 -1663.294147 170.378611
-3131.734001 -2509.305122 254.031560
-3268.844731 -2608.300337 267.114751
-2458.792056 -1956.231840 200.824444
-2080.605041 -1662.119119 169.241443
-3364.063778 -2687.388248 273.896979
-2967.409616 -2269.340789 246.102204
-3392.399399 -2712.801671 274.538338
-2757.145586 -2245.093450 201.107957
-2854.322429 -2257.466897 140.878902
-2628.504524 -2079.307159 130.035663
-3054.603481 -2375.873771 156.334212
-2924.330823 -2405.975310 157.058291
-3572.761305 -2938.903974 191.308106
-2304.423135 -1751.870927 151.945357
-2762.859405 -2256.942988 193.006116
-3137.406663 -2507.946480 253.453156
-2800.816029 -2183.284458 244.591353
-1821.455614 -1467.136573 148.116212
-2875.960079 -2229.533395 254.577857
-3030.211289 -2351.428522 144.889430
-2521.463746 -1905.354544 134.549668
-2986.610616 -2459.496105 161.957110
-2645.908199 -2053.080064 124.593068
-2367.337928 -1837.074673 112.170309
-2195.726971 -1704.508840 104.667335
-3155.574512 -2449.778145 150.183745
-3105.371213 -2453.128764 152.860732
-2866.155385 -2267.636946 142.030822
-3228.207765 -2506.401000 287.392908
-2672.063222 -2073.764590 238.120048
-3310.067254 -2596.579321 292.280322
-3024.943735 -2331.022503 218.117923
-2128.724546 -1651.310508 189.489625
-2700.320301 -2095.606685 240.860277
-2752.976743 -2206.422625 225.982948
-2927.085504 -2279.762321 261.416793
-2752.098818 -2114.441220 229.313194
-2746.731345 -2139.742770 99.994824
-2498.755537 -1947.436880 90.800183
-3678.871718 -2824.743888 306.176646
-2550.439740 -1893.844221 121.969501
-2426.698678 -1802.013157 116.207046
-2550.934993 -1894.300704 122.048772
-2243.628759 -1805.847650 125.779849
-3215.195947 -2435.300222 112.554234
-2942.527217 -2369.369768 164.824231
-2556.866902 -2063.061187 174.642387
-3205.382164 -2627.993527 127.652339
-2988.864583 -2406.609465 95.423113
-2936.781534 -2372.074690 197.815986
-3049.580265 -2455.914054 97.174994
-2355.487640 -1853.093279 113.149269
-3253.839279 -2497.027945 134.139312
-2856.661667 -2175.206752 84.473376
-3060.151624 -2330.637324 89.999690
-2347.523612 -1788.012553 69.328200
-2263.837768 -1803.631807 103.816942
-2811.531256 -2261.616821 227.201861
-3330.646466 -2557.136531 199.298450
-3526.628925 -2836.824809 286.645820
-3065.030797 -2468.901059 250.921145
-1996.369493 -1617.586419 76.688884
-2885.984093 -2338.154792 110.684248
-3450.421548 -2746.185777 91.426743
-3336.494312 -2654.710951 90.288635
-3346.400488 -2582.509832 88.591405
-2240.510577 -1782.084304 60.654907
-2967.527646 -2289.909246 79.028717
-2350.947362 -1878.277488 63.558305
-3538.045050 -2644.443463 206.475138
-2583.115877 -2011.676843 168.661833
-3169.302334 -2452.049029 118.666553
-2957.164597 -2282.700177 78.338124
-2561.092832 -1997.656481 119.922154
-3558.095937 -2666.014424 235.586877
-3578.909112 -2680.896092 236.652779
-3696.168232 -2769.495670 244.765921
-2658.130011 -2092.128398 129.764510
-2560.837656 -1964.102963 86.066468
-2557.676258 -1961.951941 209.134997
-2289.064422 -1751.336199 138.247252
-3383.364340 -2563.460081 119.889077
-2365.556066 -1906.144906 192.970695
-3277.135997 -2537.317070 288.276455
-3302.540456 -2556.556535 289.756712
-3488.182678 -2804.265248 174.344840
-3097.261466 -2489.708906 155.263369
-2972.846764 -2390.431564 148.381918
-2631.015618 -2157.013191 159.974517
-3142.897454 -2388.590601 262.565340
-2900.897059 -2182.291251 225.402183
-2327.037369 -1744.873920 161.228504
-2266.010401 -1680.301070 136.337057
-3418.357320 -2579.506194 111.560131
-2237.435704 -1676.196366 149.762665
-3557.417041 -2665.146295 237.663004
-3056.552581 -2424.427880 168.325377
-2793.911436 -2184.251057 192.215093
-3155.045023 -2496.126834 153.802658
-3139.325422 -2341.882851 158.656366
-2617.411983 -2045.720747 172.322955
-2761.974460 -2065.180820 140.298354
-3150.775050 -2492.093627 153.893871
-2819.184116 -2132.171337 151.196697
-2464.978633 -1992.657978 200.455989
-3541.519827 -2876.995570 250.138126
-3582.065213 -2840.339036 263.230421
-3485.667978 -2817.397411 114.180169
-2569.003140 -2004.401169 175.626133
-2387.951999 -1953.724156 140.679441
-3424.083018 -2801.114277 201.874528
-2640.650858 -1970.406881 133.066008
-2662.191331 -2030.632979 134.959237
-2546.697145 -1922.598245 198.456727
-2414.004354 -1909.566138 193.677764
-2484.011714 -1894.801749 126.266011
-2715.226893 -2108.452847 102.117098
-2615.878830 -2046.169225 229.408037
-3100.976205 -2324.859373 234.936280
-2538.840325 -1902.450480 193.221249
-3065.035073 -2298.583748 234.122961
-2061.914320 -1535.405742 103.444171
-2612.908906 -1973.535642 204.387997
-2469.037724 -1907.428102 212.746220
-2233.367568 -1657.029149 112.147509
-2609.405266 -1956.609812 197.114929
-2864.041456 -2148.347239 217.693992
-3193.570190 -2375.923121 159.656421
-2359.788876 -1782.388665 188.750898
-3338.007329 -2541.574263 279.126183
-3435.131952 -2579.284554 261.502810
-2676.407601 -2162.190845 88.176601
-2496.306022 -1853.040567 126.512958
-3196.105016 -2380.189463 203.677461
-3082.205309 -2293.528903 156.377858
-3191.014585 -2376.569911 203.380778
-2546.506241 -2020.602881 186.604740
-3450.816758 -2734.981683 247.954245
-3145.635841 -2345.091610 158.915157
-2355.086556 -1814.321683 87.998433
-3346.574594 -2534.532631 270.226164
-3590.143779 -2780.442185 291.402649
-2574.966673 -2013.137007 109.643120
-3275.465699 -2482.037135 224.296223
-3329.867701 -2603.356367 143.331444
-3108.183818 -2355.146905 212.925019
-2248.989481 -1703.979852 154.208571
-2184.223586 -1712.106090 101.284037
-2629.988584 -1991.654421 213.053960
-2537.575808 -2009.927885 140.029842
-2420.416731 -1865.249624 193.062733
-2643.900283 -2113.787743 81.012768
-2578.975021 -2014.795429 170.287027
-2662.476536 -2065.065625 143.457785
-3216.375123 -2495.367591 174.292195
-2470.319697 -1937.603296 214.890404
-2786.026850 -2106.383546 149.888583
-2615.991316 -2045.443788 172.625707
-2914.492113 -2277.154985 192.059303
-2535.107140 -2017.376483 206.675324
-2922.524603 -2339.812502 236.605709
-2457.263013 -1967.286944 199.051875
-3263.633986 -2600.442513 265.085597
-2303.164253 -1731.028954 155.612037
-2219.330589 -1777.276994 180.806279
-2877.731764 -2356.243239 153.825553
-2258.088498 -1800.584778 126.092089
-2292.282538 -1806.200062 201.765627
-3392.293163 -2654.669453 179.180793
-2818.764508 -2174.562088 248.613380
-3533.763300 -2783.574309 202.468078
-2878.208953 -2191.963544 241.583548
-2672.012355 -2002.754305 202.139105
-3222.082576 -2447.019905 268.002576
-2906.134141 -2185.417908 226.993538
-3574.257820 -2688.125641 278.060672
-3100.491406 -2323.190317 235.639187
-2955.885481 -2203.624986 196.870438
-3525.975917 -2628.731549 179.316419
-2442.613325 -1956.206861 200.315682
-3527.254277 -2833.350934 296.253893
-3473.542371 -2793.544153 293.281515
-3465.152531 -2786.690597 292.636489
-3467.944098 -2783.372294 291.543410
-2125.494435 -1701.754980 173.452057
-2437.674918 -1952.256861 199.959074
-3198.897121 -2373.123924 183.379625
-3063.060493 -2428.698429 170.196805
-3393.094174 -2642.212703 124.312781
-3252.158076 -2427.265613 212.091911
-2759.946123 -2067.301380 152.934750
-3121.900085 -2387.673350 87.706048
-2705.475749 -2041.234796 211.560616
-2561.165916 -1977.053586 211.670565
-2922.076081 -2362.397646 114.308366
-2441.744159 -1973.799335 96.260793
-3388.468792 -2546.326042 172.387520
-3076.769367 -2292.953708 204.345849
-3461.268604 -2771.782697 284.833485
-3070.979055 -2408.378098 159.964838
-3069.556398 -2407.877714 160.230736
-3558.191974 -2823.084906 209.808014
-2519.522662 -1948.891900 184.819930
-2744.366819 -2141.547915 208.722457
-2765.283193 -2194.590286 74.328892
-3077.276053 -2401.633122 235.000068
-2582.482869 -2014.263037 197.166886
-2586.728018 -2004.857717 193.719109
-2965.234340 -2370.584293 165.234385
-2177.941861 -1753.001633 129.738398
-1915.196290 -1522.265909 139.345147
-2186.217206 -1682.239623 146.999779
-3218.350055 -2471.953482 120.621832
-2693.802027 -2161.784540 154.857153
-2927.830508 -2352.394761 209.741235
-3615.809076 -2859.889600 172.407354
-2427.956420 -1949.205672 177.409314
-3484.165799 -2642.687152 148.988523
-2038.428470 -1528.278626 77.737728
-3559.090707 -2669.381803 157.175479
-3384.362020 -2692.148749 220.901444
-2870.267179 -2196.745741 78.886202
-2797.987572 -2226.515440 137.201466
-2215.849137 -1770.064290 81.722144
-2855.415978 -2181.811531 132.724111
-2687.071663 -2178.222879 167.591487
-2400.432803 -1957.352066 116.725052
-2775.819274 -2263.266027 134.234678
-2741.750519 -2183.076040 134.278594
-2430.804974 -1873.119701 102.592239
-3197.852868 -2438.651556 160.259351
-2773.864728 -2267.290064 146.721913
-2341.692497 -1820.489172 179.407904
-2798.136792 -2279.392379 109.586321
-3381.750922 -2550.649693 135.098321
-3707.306045 -2801.475576 151.256507
-3395.614233 -2566.226782 139.508679
-2674.141650 -2017.579996 132.038015
-3196.216451 -2529.418276 223.825593
-3012.587073 -2279.486364 119.493760
-3193.423195 -2562.423817 136.348031
-2650.361127 -2009.972282 120.400379
-2746.135693 -2046.672297 158.201772
-2126.854132 -1682.764109 149.065477
-3635.980892 -2876.661574 254.533040
-3671.127154 -2791.844093 132.454989
-2688.460992 -2019.541324 103.313962
-2683.527707 -2187.943612 150.403890
-2711.614190 -2091.430191 116.458597
-2946.441342 -2231.113514 191.897738
-2341.470131 -1792.775908 110.519162
-2983.314275 -2419.163531 168.580179
-3047.035562 -2341.634168 112.109082
-3046.354727 -2471.273566 178.427416
-2906.443403 -2215.402098 207.240059
-3065.750603 -2427.719785 94.508244
-2350.342669 -1828.253267 151.221421
-2893.136394 -2278.495518 243.081640
-2563.175736 -2014.668343 196.015694
-3344.725136 -2601.877788 213.347148
-3203.439537 -2523.769338 270.260590
-3198.955539 -2487.723379 204.855900
-3205.456536 -2525.255517 270.042270
-2577.935668 -2039.147181 181.380665
-2792.866060 -2152.444303 119.886839
-2455.156202 -1863.283762 73.261078
-3698.804917 -2817.379193 285.261393
-3025.177373 -2446.471908 96.827239
-2896.667851 -2191.904735 215.373399
-3312.001233 -2614.603119 94.205577
-2972.984770 -2291.302298 178.065427
-2648.953965 -2091.585424 74.811180
-2395.639471 -1860.588790 70.663389
-3379.962443 -2515.195348 190.994117
-3209.494926 -2497.664476 111.005333
-2995.321359 -2405.350586 91.290136
-3148.432956 -2455.807375 88.276945
-3500.222984 -2730.566894 99.143692
-3303.447871 -2547.391762 196.472138
-2544.690373 -2025.679984 147.521522
-3063.129392 -2390.403309 123.024636
-2338.665585 -1795.119110 111.172589
-3586.999189 -2879.018423 153.581763
-2878.448582 -2254.461525 108.777673
-3209.161215 -2446.235935 143.150879
-2700.231297 -2028.625280 160.428007
-2444.585126 -1998.121195 137.529388
-2867.571363 -2283.708147 166.033136
-2674.462810 -2158.221130 71.726176
-2992.522061 -2394.146218 133.413556
-3539.011650 -2700.326057 240.804965
-2638.932302 -1989.918382 104.684615
-2624.177806 -2042.370000 149.919824
-3487.990660 -2690.438103 144.750186
-2156.429468 -1740.470423 58.322178
-2416.380849 -1947.669096 184.952583
-3226.133639 -2601.242713 246.283611
-3516.925501 -2895.029885 211.448227
-2625.393502 -2027.719785 199.303280
-2684.418260 -1997.963826 131.742781
-2621.116920 -2008.776370 107.227153
-3565.119987 -2664.688811 236.435159
-3520.419174 -2648.621780 264.056899
-2197.625097 -1653.340712 164.157412
-3416.541106 -2569.791854 254.658297
-2839.048132 -2175.477934 115.615582
-2423.361309 -1846.293284 172.585680
-2239.821195 -1727.859540 156.807862
-3303.744761 -2503.409197 93.614920
-2394.432657 -1845.717844 100.676885
-3128.171560 -2520.844710 168.314569
-2308.934013 -1881.054681 106.518586
-2413.323746 -1877.529567 139.071235
-3342.741527 -2711.777171 210.151674
-3314.915970 -2482.445975 202.194505
-2355.797401 -1803.288736 111.430750
-2999.031666 -2333.725166 173.551557
-2835.504809 -2133.239122 128.208498
-2229.774706 -1706.937515 105.726697
-3386.278036 -2768.435700 184.185689
-3556.785899 -2723.212291 169.513460
-2787.508639 -2085.891272 169.537432
-2299.907977 -1763.520319 166.111706
-2360.140027 -1807.162583 112.829021
-3400.052568 -2578.563913 177.014685
-2831.027165 -2138.524760 116.568333
-2594.009195 -2043.706534 200.401627
-2978.385683 -2445.638079 184.639669
-2637.932730 -2022.206871 108.471062
-2628.679414 -2014.096795 191.907356
-3301.859301 -2563.096346 97.173115
-2869.841697 -2227.887413 84.235742
-2312.700740 -1800.692439 49.678590
-2513.034741 -1962.013706 74.067121
-2311.200324 -1804.467864 67.428099
-2830.058465 -2288.270977 77.132408
-2424.668894 -1970.695371 168.737270
-2228.270855 -1706.748181 106.293347
-3235.104158 -2467.684620 206.995223
-2615.550614 -2017.252971 108.601407
-3441.843945 -2704.167587 180.356713
-2406.034655 -1912.580678 78.231634
-3523.102550 -2711.054039 150.467959
-2031.452238 -1553.581086 66.665115
-3131.468732 -2441.193566 240.440320
-2845.244361 -2252.835616 159.092170
-3357.622145 -2579.352745 258.884608
-3139.087648 -2485.154947 172.355159
-2439.504497 -1874.152073 187.746925
-3325.977770 -2506.873132 132.347544
-3333.396705 -2744.385724 201.405690
-2776.691059 -2264.848771 134.003149
-3180.216397 -2452.356721 165.355086
-3624.985378 -2744.155089 143.033252
-2899.645209 -2211.828099 189.443610
-2492.575496 -1905.235360 194.375620
-2486.191348 -1967.769202 202.942315
-2978.569160 -2369.941353 193.870057
-2426.019270 -1861.280079 185.721950
-2692.610405 -2042.038400 216.046555
-3346.898948 -2578.062826 268.947073
-2726.235791 -2227.530342 153.361342
-2466.532465 -1975.427292 160.020675
-2741.889348 -2090.993456 75.913365
-3433.153771 -2756.122120 148.093292
-2635.554944 -2052.129249 200.942471
-2636.169660 -2052.721662 200.978017
-2564.546536 -1943.261541 99.530719
-2622.518818 -2001.504991 73.008734
-3202.234240 -2549.452694 253.253429
-3458.179349 -2689.743145 199.761442
-2356.686141 -1798.232214 154.206952
-2988.995680 -2406.621965 181.865826
-2426.350899 -1997.304210 147.099256
-3352.494520 -2585.396385 105.653840
-3383.067570 -2517.012515 190.923543
-3490.244996 -2657.222134 243.782270
-3200.670194 -2384.618887 182.807221
-2447.831767 -1865.075503 72.809259
-3570.516096 -2851.006425 132.904597
-2846.846223 -2286.338272 208.119897
-3092.512129 -2469.845044 114.279988
-3119.957241 -2395.168060 173.675339
-2717.437132 -2221.600312 125.840181
-2653.118591 -2019.049635 98.855975
-2601.842236 -1940.849411 128.541980
-3127.275753 -2527.912197 183.822201
-2168.481574 -1753.254315 127.534680
-2967.324688 -2276.834648 120.589757
-2953.299646 -2221.964257 168.584414
-2860.836237 -2185.807337 185.696192
-3011.263236 -2262.175572 112.927408
-2695.353066 -2015.036572 118.944103
-3474.490447 -2671.493833 128.427492
-2088.862365 -1703.931115 115.686039
-2327.446087 -1793.419200 187.558324
-2659.711824 -2068.470635 186.826438
-2489.871750 -1896.415977 192.903747
-3651.995484 -2718.433404 207.066199
-2372.570802 -1905.912796 73.373144
-3135.555153 -2426.909704 118.948226
-3090.414335 -2468.930043 86.759223
-2970.354716 -2231.859407 111.601356
-2972.146955 -2391.772268 212.344824
-2503.641766 -1998.462373 57.086263
-2787.812462 -2195.821765 214.583339
-2476.509912 -1891.628988 161.442085
-2504.516156 -1913.709231 163.234028
-2632.772789 -2104.724298 103.242643
-3457.903922 -2716.312011 177.716761
-3031.839725 -2392.854243 235.536824
-2487.038510 -2002.935197 142.583504
-3568.547234 -2874.128716 89.386836
-2640.806673 -2126.250905 151.733815
-3445.179605 -2785.407494 93.047850
-2139.237410 -1726.624135 55.660070
-2592.655794 -1995.890126 216.181447
-3474.283397 -2758.430829 198.206612
-2931.503925 -2368.997833 192.991850
-2786.909281 -2141.929458 214.348639
-2612.345173 -2147.194675 175.698720
-3109.670247 -2357.181407 86.583610
-2817.737504 -2178.603911 197.189966
-2984.845778 -2346.353006 203.922979
-3363.841278 -2638.977501 243.523930
-2793.516761 -2191.919669 202.223745
-3174.536009 -2565.056355 187.262621
-2307.946928 -1786.094008 119.459024
-3515.519829 -2746.651711 269.705566
-2553.667420 -1962.099795 205.033938
-2656.319429 -2021.159663 194.032729
-2582.515519 -1997.771463 201.305011
-2963.176961 -2226.544305 208.348051
-3227.783757 -2535.095908 168.850117
-3488.269196 -2786.471246 113.189757
-2070.533043 -1621.734065 149.559711
-3092.973252 -2479.617600 171.577400
-3272.345520 -2440.501831 134.373763
-3051.953251 -2438.931225 169.546105
-2443.248033 -1915.240203 175.588353
-3010.236618 -2404.451273 98.014281
-1932.729189 -1519.145976 134.180570
-2817.946902 -2291.957588 193.941366
-2414.263226 -1957.433239 136.639942
-2336.156029 -1850.809340 69.409442
-2879.414996 -2231.765966 230.327403
-3361.349658 -2660.738275 233.362028
-2558.282603 -1929.913271 126.276917
-2452.067521 -1900.397832 164.804562
-2890.005364 -2191.170541 141.266857
-3459.097366 -2775.315543 201.207741
-3266.036013 -2441.826544 196.975113
-2541.047916 -1959.097386 109.431809
-3016.619278 -2324.730976 129.855233
-2290.990864 -1839.483181 140.093420
-3343.957136 -2648.997085 99.669232
-2973.991143 -2280.090431 224.381506
-2572.498290 -2057.706496 73.216024
-3020.374805 -2283.379547 123.075892
-3121.156612 -2393.467287 235.496674
-3438.350480 -2782.370707 192.443616
-3645.927582 -2714.164242 233.525799
-2359.910781 -1787.085796 66.053819
-2800.149543 -2080.339888 162.776836
-2394.760881 -1813.179271 67.684406
-2960.200687 -2241.055825 83.564014
-3206.484323 -2400.223699 197.138615
-2840.114885 -2113.001927 179.191907
-2906.224406 -2278.700837 217.472578
-2947.628371 -2395.070551 116.035716
-3247.472398 -2639.329274 127.448328
-2435.635193 -1981.701716 94.873486
-3082.435631 -2433.181000 199.926263
-2645.177665 -2049.470665 212.606721
-3203.331266 -2482.275188 257.689758
-2931.554390 -2380.511001 115.456831
-2478.604456 -1922.564616 206.531215
-2334.706759 -1811.805721 194.487596
-3087.399828 -2367.020398 153.941212
-2704.698806 -2143.770058 159.922076
-3155.673560 -2345.329542 184.090136
-2324.648137 -1842.789622 136.893354
-3016.295030 -2446.923955 202.574023
-2429.446693 -1905.034900 182.127044
-2353.528967 -1849.992762 124.358284
-2334.524284 -1795.000416 195.363370
-3290.958682 -2530.172728 275.942838
-2150.623354 -1742.995298 121.201537
-2693.003414 -2042.259697 216.038125
-2643.556140 -2117.839936 73.308383
-2711.584114 -2088.433665 116.962362
-3149.363018 -2339.924889 190.173820
-2540.573655 -2006.647478 165.137923
-2550.840401 -2016.742783 151.373419
-2630.181086 -2023.043455 221.224659
-2074.471863 -1593.764945 56.496347
-2417.413176 -1826.678107 135.702440
-3215.683784 -2465.500193 179.738682
-2923.086212 -2241.265320 163.048596
-2941.791734 -2348.714150 78.673646
-2486.421766 -1928.688430 61.284569
-2531.292868 -1943.490775 190.550345
-2829.317162 -2289.382195 75.864250
-3453.447244 -2775.052281 104.848954
-2839.443663 -2281.647691 86.551273
-3345.506530 -2566.714681 252.328537
-2073.117345 -1627.116218 110.502895
-2496.630947 -1853.406652 109.983145
-2629.760837 -2022.847459 222.543345
-2224.537002 -1763.072153 131.765893
-3137.893578 -2538.109125 85.783211
-2781.801101 -2247.299741 73.347104
-2210.060694 -1811.511105 99.303746
-2177.231721 -1674.393183 182.946532
-3064.028789 -2418.588445 236.350587
-3480.956759 -2719.462044 307.967786
-2505.782494 -1924.083461 206.956011
-3392.846331 -2657.710508 180.764739
-3399.314691 -2673.614252 261.868805
-3448.694682 -2767.798035 280.710921
-2977.500152 -2221.931843 196.852263
-2779.529433 -2074.310472 183.900265
-2114.957069 -1728.696994 100.785700
-3656.793653 -2751.784495 253.903369
-2381.912221 -1895.535304 66.277526
-2198.377423 -1667.090716 86.709806
-2483.847703 -2002.152805 84.726322
-2543.004451 -2023.108545 148.823004
-3240.992841 -2476.551683 149.622002
-3625.085636 -2794.722639 161.683056
-2494.613106 -1991.912354 163.752909
-2232.221187 -1830.426514 157.024760
-2812.624992 -2208.755489 140.506792
-2349.352013 -1827.545253 98.506662
-3531.948725 -2810.615242 204.325543
-2709.585489 -2041.897144 106.405373
-3195.694671 -2430.704060 116.164025
-2676.963618 -2036.000462 98.031106
-2378.861283 -1959.619659 126.428928
-3050.057628 -2331.226592 139.766663
-3460.013731 -2752.982365 200.872767
-2696.230921 -2050.950830 97.547340
-2446.503650 -1962.713520 197.227090
-3019.934328 -2326.685844 129.313588
-2841.494884 -2198.377900 85.159854
-2486.781591 -1921.254279 126.476064
-2886.776474 -2255.216620 253.282479
-2215.568958 -1825.333134 117.572628
-2886.957826 -2254.706077 253.966867
-3151.011098 -2350.174837 214.144566
-2955.249877 -2204.728548 200.400623
-2243.607720 -1667.613756 111.531127
-3375.322642 -2521.712195 222.104154
-3223.745207 -2491.837219 278.492072
-2315.366419 -1720.045992 113.515032
-2786.165276 -2154.733029 243.116313
-3261.240788 -2422.478942 162.103439
-2931.024545 -2405.422675 179.234534
-2975.327461 -2365.930754 173.026788
-2495.173027 -1918.688858 71.773615
-3422.522241 -2705.111573 287.514217
-2824.201035 -2231.328609 236.448881
-2804.958477 -2207.266703 230.093589
-2130.568554 -1676.545597 174.342644
-2258.486392 -1854.303751 140.296036
-2488.756414 -1899.547865 138.585530
-2555.018198 -1929.210265 75.362436
-2181.013351 -1676.673441 168.742306
-3027.720759 -2441.083227 102.491740
-3110.365223 -2402.685933 158.996822
-3440.301811 -2823.394853 208.106216
-3340.020574 -2721.868824 248.906740
-3008.724538 -2302.998062 242.493666
-2208.130276 -1764.472035 180.928901
-2866.017863 -2336.381608 215.110748
-2854.177149 -2206.443299 249.447879
-2374.067728 -1836.193595 205.558124
-3521.643576 -2900.660301 191.225236
-2790.543036 -2176.890548 247.962800
-2897.080056 -2277.116811 250.284965
-3378.657718 -2648.074381 295.266280
-3139.145486 -2447.267132 279.643487
-3377.843787 -2713.224738 276.087993
-2761.314133 -2146.342910 245.309536
-2872.430178 -2259.367410 147.903808
-3447.708244 -2785.922414 228.076011
-2545.368181 -1899.644642 167.034062
-2669.151550 -1987.804384 154.702178
-2563.449007 -2064.042403 184.164013
-3308.920346 -2712.982225 175.878501
-2826.609446 -2250.651683 77.897739
-2550.660553 -2091.632490 135.283955
-2838.580384 -2173.573692 132.925546
-3071.131864 -2350.778018 248.697071
-2379.186681 -1832.692103 55.061555
-2995.753639 -2380.996427 86.602463
-2476.331638 -1971.452206 64.931752
-2952.335488 -2351.036612 74.244018
-3078.455311 -2345.698448 157.593705
-2707.701922 -2061.070046 97.792388
-2768.075396 -2203.661788 72.476756
-3568.646730 -2864.538599 287.139208
-2302.532982 -1718.751253 151.503399
-3117.866100 -2450.869637 160.971950
-3461.481868 -2719.670075 178.718648
-2414.630056 -1853.580212 204.815181
-2988.094377 -2450.397438 211.949590
-2378.703097 -1840.372143 166.843017
-2700.393293 -2115.541542 143.818596
-2241.078272 -1824.789750 102.927900
-2473.031979 -2008.560786 147.587123
-2530.398626 -2022.487960 83.069750
-3120.971043 -2494.632554 102.284913
-3539.245192 -2826.884843 117.538568
-2148.759268 -1701.189452 147.551396
-3383.049605 -2610.741774 151.527455
-3512.841988 -2692.339516 265.934421
-3047.413885 -2274.157616 206.442698
-2272.795992 -1696.252377 154.699332
-2457.346895 -1962.321415 80.254954
-3083.529005 -2368.079476 157.713543
-3590.468730 -2720.426515 290.236601
-2457.271610 -1976.069527 201.997567
-2374.957170 -1909.187002 194.085439
-3192.057103 -2612.365340 213.685813
-3272.957556 -2443.865158 221.505964
-2973.036299 -2219.928025 201.159798
-2253.190029 -1679.543197 153.999327
-3369.526890 -2661.646853 175.577948
-2812.295757 -2207.757093 243.574622
-2971.411989 -2308.718506 264.348925
-3061.078719 -2378.718168 270.938319
-3510.676769 -2793.476988 202.811669
-3002.692262 -2429.306507 81.413959
-2784.200996 -2214.068909 166.355248
-3403.279795 -2705.355880 201.893264
-3158.015433 -2423.194292 264.483560
-2305.187555 -1778.235670 58.350732
-3025.729548 -2415.210685 156.411943
-2824.052071 -2160.658483 209.843320
-2570.972102 -1966.709394 190.236348
-2322.685278 -1891.348979 82.466911
-3190.004588 -2439.562829 127.960154
-2037.140470 -1634.619071 84.834498
-2476.594872 -1988.008512 102.659000
-2694.599280 -2004.714311 125.698929
-2242.279671 -1809.154256 72.565254
-2419.823847 -1941.371192 100.046070
-3598.016954 -2904.538908 116.533435
-2633.845745 -2038.272080 148.268561
-2522.167418 -1915.615830 72.981341
-3311.210139 -2494.537058 147.856851
-2634.898530 -2039.466376 125.060628
-2512.356313 -1927.554835 196.191727
-2626.394065 -1992.631097 93.710268
-2805.309471 -2269.041385 215.843095
-2835.784479 -2248.276138 197.050202
-3112.233175 -2380.459040 107.541775
-3366.755777 -2574.620256 116.528508
-2564.658708 -1960.334242 88.408144
-3327.930157 -2575.993470 156.416749
-2262.734886 -1723.045145 96.003239
-2866.960019 -2284.919068 180.383917
-2782.100941 -2236.998807 76.172645
-3020.890572 -2326.021553 136.448696
-3610.529764 -2871.314637 149.496269
-2249.572876 -1816.252121 171.987291
-2583.955084 -2057.365338 164.777896
-2420.014697 -1953.025844 186.046926
-3234.500639 -2425.400861 200.498103
-2972.475934 -2365.147708 188.959836
-2503.268341 -1875.190079 92.778174
-2912.144340 -2340.434136 119.180324
-2855.874837 -2185.281326 69.877349
-2483.806888 -1997.412163 171.345929
-2957.062423 -2357.049408 235.263691
-2110.050235 -1607.315676 121.442146
-2856.139913 -2138.750387 106.660829
-2593.544500 -2027.222074 194.158396
-3086.522404 -2491.138404 138.624683
-2904.244238 -2372.436293 127.583429
-2675.309304 -2185.699423 118.180488
-2203.165748 -1702.377323 164.636316
-2656.409520 -2009.180163 82.735488
-3371.408002 -2756.212377 140.696183
-2737.296711 -2224.449234 167.500875
-2355.542448 -1912.825126 112.903560
-2245.271798 -1818.634486 178.276821
-2352.485939 -1910.661171 113.995643
-2443.737165 -1917.082317 114.946440
-3526.013353 -2724.339286 231.335282
-2465.206211 -1904.995510 161.182337
-2595.265610 -1971.028970 122.814165
-2319.769445 -1879.850812 178.324286
-2983.770573 -2299.491635 199.265783
-2782.946700 -2260.456186 134.696643
-2805.698572 -2205.623948 208.113834
-2097.237899 -1699.853419 161.548863
-3067.354766 -2489.245158 148.777869
-3188.632097 -2585.504102 243.007672
-3210.657399 -2499.797603 237.343058
-3681.275967 -2768.038430 135.745283
-3109.230648 -2543.705909 130.398995
-2556.496917 -2073.096030 194.917573
-3343.104287 -2602.585259 247.179667
-2405.677388 -1973.190003 105.688714
-2458.255006 -1887.437710 162.052750
-2896.624932 -2376.598327 141.525030
-2332.320301 -1901.807114 114.759041
-2931.833721 -2217.150583 136.374587
-3508.591951 -2806.409890 121.899516
-3150.819267 -2390.365368 111.328973
-2733.542869 -2073.335180 97.259454
-3553.779877 -2834.631736 117.909805
-2617.477259 -2138.303759 173.560695
-3255.770875 -2626.733462 107.496930
-2415.215860 -1956.510020 113.322733
-2522.212633 -1895.323170 146.846518
-3145.089888 -2354.681287 160.149215
-2392.274940 -1795.121591 126.281216
-3246.112606 -2641.812822 212.411663
-3182.505561 -2388.835833 167.936951
-3277.211926 -2491.037503 136.192529
-3550.167633 -2699.074655 149.567905
-2911.730924 -2226.135754 128.278672
-3476.946989 -2657.520799 154.838764
-2955.904876 -2333.357897 100.464315
-3106.753937 -2457.851864 169.300761
-3285.713741 -2497.581193 137.480205
-3281.433762 -2534.638409 161.820299
-3360.168540 -2562.576957 145.628550
-2462.477047 -1877.675690 106.890698
-3465.213304 -2667.296590 115.077314
-3297.852164 -2627.597664 117.186020
-3172.418159 -2441.906621 105.168212
-3342.920809 -2595.241080 204.305347
-2810.449057 -2259.839567 193.238404
-3073.175222 -2309.485124 162.279974
-2506.128544 -1880.778589 145.696881
-2348.686505 -1760.412977 110.944884
-3026.062507 -2480.688396 167.827771
-3240.984967 -2467.329234 239.608604
-2348.294874 -1791.935662 161.901855
-2172.802818 -1727.114450 144.547543
-3027.034000 -2480.269986 167.302783
-3392.791057 -2780.724031 208.766333
-2654.637294 -2015.872434 125.934911
-3604.755287 -2855.260353 243.293924
-2891.271932 -2190.810699 208.668050
-2234.529492 -1678.792039 117.504217
-3116.630661 -2505.345491 213.015288
-3379.818469 -2565.199138 161.594308
-3548.973682 -2664.865940 205.737487
-2398.677219 -1963.588599 102.380229
-2575.384424 -1949.944416 185.227846
-2897.269634 -2320.017497 201.264588
-3115.614614 -2492.736892 210.234476
-2655.332169 -2122.539132 184.777144
-3247.444506 -2588.896963 210.009615
-2174.672847 -1671.340595 129.905033
-2664.147577 -2018.479998 191.923885
-2637.371396 -2149.093520 136.501265
-3061.144043 -2341.403404 172.984777
-2185.945353 -1772.086276 158.761219
-3349.487254 -2560.264764 189.206970
-2221.533547 -1770.949795 101.150253
-2774.476691 -2235.870104 208.979433
-2178.498108 -1763.647134 124.014188
-3245.401631 -2449.399037 219.809325
-3332.482678 -2659.428392 169.790848
-2191.018235 -1756.494380 173.501738
-3447.457728 -2766.352578 271.757848
-2815.445307 -2259.800129 222.001456
-2212.825839 -1770.277971 155.788741
-2887.464119 -2214.069867 109.598874
-2701.277652 -2144.493719 114.120765
-2157.904211 -1777.494549 100.915330
-2878.332234 -2184.185442 186.229336
-3150.444592 -2532.252241 152.198744
-3035.009497 -2418.009082 240.861947
-2691.407574 -2158.012979 102.561497
-3236.855883 -2609.596680 149.678088
-3062.270361 -2427.140908 127.302975
-3418.452340 -2711.914168 142.844460
-2292.536328 -1846.926891 106.232105
-2636.449430 -2123.657458 121.720540
-2245.137117 -1808.301617 103.787645
-2998.389789 -2376.281186 123.531252
-2259.151164 -1822.775395 100.844762
-3585.096128 -2887.063193 164.883127
-2539.314404 -2010.804107 97.686219
-3277.797658 -2642.692903 180.978025
-2238.362110 -1772.426552 84.993064
-2429.207045 -1845.858028 150.989780
-2879.916434 -2273.042055 148.029182
-3534.592282 -2688.116439 217.877984
-2416.857379 -1838.665956 149.583396
-3242.404084 -2499.012048 171.932109
-3426.324408 -2606.801024 212.377640
-2704.061998 -2167.975099 102.600642
-2705.727450 -2169.335099 102.517392
-2705.334507 -2169.201553 103.413005
-2599.818037 -1970.053710 194.720350
-2546.209263 -2060.131589 140.063098
-3639.978467 -2758.154704 271.949850
-2870.886113 -2186.798794 165.291130
-2332.706478 -1846.982456 104.323015
-3360.802513 -2562.886911 132.804098
-3422.141850 -2726.924949 246.826284
-3056.303752 -2422.423896 128.246168
-2601.947730 -1970.623275 194.899360
-2670.272245 -2009.867148 128.188797
-2583.860012 -1944.814579 123.506196
-2583.843772 -1944.557376 124.195553
-3060.084786 -2438.469674 229.626749
-2344.060457 -1763.037690 112.783297
-3282.601552 -2650.322477 156.140010
-2848.111341 -2246.957329 128.076707
-3578.564635 -2901.882012 177.799873
-3653.560440 -2827.413539 194.406282
-2503.130652 -2056.567547 110.831327
-2737.550220 -2218.631794 201.000479
-3398.942236 -2753.704107 246.762573
-2527.358386 -2046.883583 178.483697
-3146.471922 -2586.937205 158.765880
-3459.741171 -2842.887869 174.930899
-2835.194464 -2295.815503 205.804267
-2476.857627 -2005.643099 179.503982
-3219.062820 -2460.793357 196.457756
-2419.830509 -1870.200488 190.920787
-2464.391498 -1954.154304 95.112943
-2797.290299 -2229.246382 189.464437
-3137.342322 -2458.258205 156.555783
-2440.859521 -1834.790094 162.303793
-2943.957128 -2391.573166 131.905387
-3422.878326 -2770.536709 220.479766
-3001.878668 -2322.267210 169.426295
-2218.390107 -1768.602907 79.093572
-2800.044991 -2130.343549 109.641685
-1836.309610 -1506.617684 124.776234
-3422.541246 -2743.487448 141.600399
-3280.754220 -2492.193174 154.290020
-2526.479281 -1891.414556 105.179475
-3605.411488 -2917.637209 215.653901
-2699.683770 -2048.907988 95.553438
-3482.690100 -2749.643927 233.223113
-2964.231484 -2315.978254 212.600486
-2469.885256 -1957.697728 104.791630
-2468.748549 -1957.519850 103.497347
-3284.417246 -2555.849300 242.969926
-3574.146799 -2897.310638 131.578178
-3031.090064 -2478.520409 188.641341
-3272.391518 -2482.558373 211.723303
-2411.799646 -1912.610030 102.610812
-3645.720530 -2765.141167 236.706582
-2267.651439 -1798.913942 95.408816
-2658.295432 -2062.533878 188.709917
-2442.926644 -1936.347238 102.344562
-3198.769330 -2457.183902 126.908904
-2141.179943 -1680.753499 146.120168
-2971.354028 -2329.993539 89.748444
-3080.850632 -2418.671373 263.268320
-2180.005114 -1677.504115 115.617950
-2146.388892 -1598.112652 89.425654
-2968.327051 -2418.424534 199.400795
-3519.077273 -2810.706312 180.852553
-3274.283416 -2438.895419 135.313012
-3508.742333 -2751.843417 152.828876
-2684.356752 -2196.863600 109.950390
-3204.739924 -2385.993914 131.879013
-3655.223817 -2868.093555 151.608105
-3079.220491 -2417.369203 263.056331
-3315.425442 -2599.596354 81.408339
-3488.666224 -2651.458636 262.138505
-2313.239692 -1820.438447 64.817465
-2852.638707 -2247.511532 80.797637
-3290.016832 -2664.150083 209.953640
-2403.510253 -1840.459719 108.682713
-3007.232983 -2303.107884 136.425109
-2458.682009 -2001.708908 153.590557
-2673.484119 -2095.526728 64.571287
-3049.358652 -2433.417266 233.473905
-2917.622085 -2298.190073 96.626832
-3611.558187 -2827.096627 233.959365
-2898.651840 -2282.800376 98.181614
-2670.829766 -2094.700246 88.286889
-2234.556193 -1729.989721 109.539798
-2852.274283 -2198.090449 79.509874
-2514.687460 -1939.480239 70.097933
-2668.700935 -2053.533099 88.766471
-2269.616393 -1743.453000 59.538423
-3664.765656 -2819.621083 121.837115
-3553.187800 -2832.608826 108.815315
-3256.746461 -2516.926815 192.551043
-2534.279248 -2009.186307 108.875591
-3118.309498 -2379.796610 135.602569
-3073.239951 -2345.688989 133.030836
-2244.948142 -1763.584809 89.533475
-2650.747652 -2048.766881 176.300423
-3171.260645 -2443.272879 101.698587
-2173.336899 -1687.408608 98.537544
-2920.210582 -2292.433668 116.803324
-3334.268581 -2589.556501 151.931359
-3203.420871 -2610.140151 119.819409
-2431.236764 -1908.371107 97.532211
-2433.010037 -1909.704409 97.607291
-2210.959413 -1725.586201 77.454819
-2876.657819 -2245.415875 100.613394
-2950.091674 -2263.593811 235.205067
-3687.135646 -2773.694088 200.463133
-2696.579163 -2119.977557 77.527471
-3166.054831 -2597.877706 158.348396
-2748.962561 -2217.331549 113.335300
-2152.902606 -1688.714030 63.837472
-2868.895401 -2221.427424 77.456190
-3280.547573 -2558.647065 148.003287
-2762.485572 -2211.556526 186.973134
-2928.043938 -2213.069139 212.559031
-2624.876572 -2058.550974 77.164876
-2650.757086 -2075.177477 166.523707
-2729.530078 -2243.461260 114.148167
-2272.879449 -1790.417276 65.099735
-3240.761438 -2632.921701 250.825005
-2655.407336 -1996.344170 144.816447
-1818.183630 -1464.832705 73.050635
-2852.714633 -2246.681214 80.275739
-2852.997154 -2243.286129 74.576049
-2614.465836 -2077.288330 172.911640
-2827.762661 -2305.565913 92.100297
-3321.749533 -2616.467352 92.675161
-3274.923418 -2560.298136 244.942445
-2854.807696 -2244.691259 74.893386
-2693.707107 -2172.873276 111.008558
-3503.091172 -2754.764591 91.521367
-3238.246527 -2571.571853 76.653428
-2430.262839 -1973.892620 189.155403
-2411.902853 -1893.117892 101.131708
-2370.456873 -1859.693557 69.609136
-3055.657408 -2350.989338 100.592438
-2762.838974 -2187.246459 71.406179
-2317.663011 -1868.951008 97.037427
-3578.665298 -2956.172502 179.225249
-3360.475597 -2585.997575 111.121038
-3620.274409 -2807.780928 160.121626
-2808.683866 -2209.873061 205.853841
-2391.476966 -1966.479398 142.282395
-2756.164559 -2172.962365 59.344149
-3154.073258 -2539.186760 125.933907
-2838.954124 -2184.422690 116.736363
-2416.007600 -1958.745013 186.486264
-3578.023906 -2858.598912 264.729337
-2428.655275 -1846.584503 185.481059
-3329.197521 -2588.118625 158.405135
-3323.752825 -2571.892538 220.811629
-3172.718757 -2506.698811 256.597111
-2839.933609 -2203.633996 231.119104
-2639.729791 -2048.241278 214.746455
-3266.506770 -2565.005442 261.826697
-2489.407120 -1954.092863 199.378990
-2479.615020 -1925.463300 201.062441
-3110.270720 -2441.668957 249.517428
-2372.927517 -1844.698196 200.345265
-3098.455693 -2371.139054 229.124885
-3420.463114 -2613.246449 247.656951
-1807.621337 -1487.920133 89.839331
-3404.478232 -2712.533908 184.237695
-2468.109931 -1850.245690 153.830695
-2574.245739 -2052.216673 139.510381
-2511.216495 -1926.796076 196.019918
-2627.058436 -2007.392500 105.214173
-2625.458761 -2070.310156 107.963924
-2511.132019 -1926.988790 195.930305
-3147.833063 -2511.473398 169.335638
-2911.095211 -2204.389133 90.752979
-3483.072295 -2796.395762 179.006353
-2501.778860 -1995.751057 134.631199
-3538.448205 -2736.389106 231.618542
-2567.103742 -2076.370823 196.490226
-2860.649154 -2188.370252 134.585805
-2450.753679 -1953.565115 125.344376
-2897.527849 -2226.990895 111.922509
-3181.038740 -2450.168549 114.065735
-3031.524176 -2443.905775 178.837927
-2621.225151 -1985.460002 174.486766
-3005.921888 -2381.933071 96.725051
-3557.877187 -2820.803982 114.209221
-2445.978794 -1856.948628 164.354791
-2056.231979 -1640.064705 104.356473
-2947.570554 -2270.377068 105.386890
-3080.152967 -2339.644727 164.958085
-1949.154046 -1476.271158 60.494686
-3273.806784 -2485.525893 153.892935
-3125.024306 -2528.585262 239.013478
-3512.363280 -2703.604788 240.659197
-3061.625344 -2486.478352 193.840590
-2547.146040 -1957.349409 99.386716
-2866.084426 -2151.925869 149.679905
-2435.998508 -2005.335850 127.153826
-3080.837479 -2341.298266 164.359788
-2288.758476 -1851.780262 118.480811
-2734.831738 -2210.519550 149.269068
-3532.565245 -2858.549335 192.567100
-2452.349273 -1859.040912 117.709756
-2627.064811 -2160.673185 136.032338
-3019.599610 -2387.386306 251.268532
-2630.041712 -2163.246898 136.181792
-2857.483955 -2290.187601 90.614568
-2511.459009 -1887.238121 102.967930
-3587.245394 -2767.307602 190.758886
-2377.265660 -1789.768639 112.568875
-2725.788295 -2232.529873 142.018967
-2109.909053 -1691.186321 80.642181
-2383.222728 -1790.845589 96.206708
-2213.813850 -1705.652373 116.784434
-2547.359634 -1913.230757 133.113474
-3176.568020 -2386.026950 165.993771
-3062.421854 -2404.101220 243.822464
-2402.497151 -1874.631909 188.242600
-2796.439471 -2221.641424 136.904346
-2978.712747 -2449.144133 183.505467
-3036.292605 -2374.564523 251.620501
-2098.650377 -1604.861429 129.391738
-3314.046625 -2591.385674 275.408031
-3453.408229 -2842.712646 170.626881
-2917.628167 -2216.890558 108.000082
-2906.179533 -2205.170833 102.152787
-2482.091712 -1948.209105 196.284102
-3681.685059 -2792.325741 194.950212
-2398.262295 -1881.208227 191.056968
-2261.059848 -1831.739788 84.697904
-2719.609248 -2130.289776 226.104394
-2774.134875 -2173.265266 138.039714
-3458.525695 -2661.163693 182.927498
-3048.037617 -2389.317962 103.169721
-3196.116105 -2504.646884 107.151122
-2899.243000 -2249.097575 77.827659
-3306.835331 -2589.941574 111.953548
-2847.209275 -2209.427788 76.446137
-2769.544369 -2177.576859 72.556922
-2614.677813 -2047.585293 89.542265
-2410.041384 -1861.139974 66.436679
-3551.151504 -2782.257775 120.979206
-2777.922285 -2292.472648 136.065344
-2774.834850 -2292.104267 143.437539
-3438.499537 -2741.251816 173.132555
-2557.009841 -2039.087485 131.627851
-2473.502584 -1972.586469 124.638976
-2280.873443 -1881.242770 110.927989
-3033.227920 -2502.424361 147.578069
-2316.932963 -1912.042170 113.448933
-3317.414385 -2737.948409 161.356404
-2717.494894 -2241.226101 122.837044
-2885.509836 -2382.253724 140.574874
-2103.060875 -1702.509197 167.722348
-2998.214622 -2429.526783 163.999580
-2811.037308 -2242.872183 93.461734
-2322.792506 -1915.106805 105.159898
-2574.199727 -2085.630055 131.373621
-2823.555935 -2230.294000 227.154273
-3630.094374 -2865.325283 291.704420
-3527.134299 -2783.582509 283.210775
-2344.947323 -1772.874925 91.026593
-3320.550209 -2659.523995 139.334885
-2787.923063 -2169.600512 210.237217
-3259.491981 -2573.628065 259.546407
-3580.151184 -2799.419005 169.304412
-2877.101038 -2189.551591 181.685259
-2088.099628 -1724.801541 105.278869
-3067.574116 -2493.383930 108.700526
-2788.571863 -2267.878647 99.664357
-3266.292468 -2657.201838 117.466793
-2084.295660 -1696.241524 74.195238
-2623.815161 -2135.659281 92.042657
-2209.413922 -1690.053126 54.702616
-2652.148000 -2171.841918 161.794093
-2204.776682 -1708.074454 143.278350
-2857.321023 -2324.973103 100.254687
-3453.206078 -2759.617445 220.984928
-2880.733790 -2175.999406 207.117962
-2989.041413 -2316.418276 146.488646
-2707.828765 -2074.967929 117.913894
-2617.516766 -2023.444716 170.437002
-3288.497395 -2624.916635 174.420657
-2355.900374 -1805.108734 102.728317
-2187.434075 -1675.928701 94.922883
-2980.643807 -2392.305590 98.034683
-2721.203099 -2181.842559 73.712208
-2742.886914 -2244.454560 167.953835
-2975.371794 -2279.142235 129.369326
-2638.656572 -2105.686246 141.319017
-2344.480470 -1810.023534 153.575130
-3167.281442 -2423.568042 238.309999
-2867.801993 -2300.963233 78.009452
-3504.233152 -2662.788120 170.817748
-3048.964712 -2449.939790 100.143544
-3480.566143 -2663.189434 244.404097
-2644.305928 -2028.206353 188.492145
-3084.087649 -2479.940612 207.246450
-3040.099968 -2465.802933 230.731293
-3177.839733 -2507.900217 240.580891
-3027.159829 -2480.280349 126.674334
-1933.591605 -1536.361473 74.418468
-2980.669778 -2255.254941 112.699347
-2265.650638 -1704.998054 120.704775
-3453.803485 -2739.811385 141.658795
-2790.606735 -2285.255432 118.248311
-3174.065785 -2522.158603 123.304955
-2614.756685 -2075.715297 107.126698
-2876.104281 -2306.433790 79.455608
-2153.854707 -1671.587854 131.364661
-3030.798853 -2458.642676 230.261255
-2080.859428 -1607.280512 143.200767
-3060.927632 -2375.042323 188.317058
-2257.401848 -1743.867565 155.439283
-3096.489271 -2392.348708 213.631206
-2160.769985 -1668.862510 142.006165
-2549.192650 -1967.962739 94.156632
-3184.511434 -2525.311400 131.025186
-3030.465506 -2477.733233 186.213940
-2462.344862 -1904.796364 160.701490
-3333.085766 -2544.641667 141.219911
-2491.302493 -1896.966093 154.781313
-3048.679721 -2366.418639 186.384103
-2282.696887 -1775.457101 129.943989
-3652.337791 -2834.186331 224.585472
-3004.116269 -2374.923591 257.543423
-2768.964736 -2278.095898 139.472323
-2581.056368 -1993.158893 94.913499
-2554.116526 -2087.048218 104.353918
-3290.410769 -2613.431314 265.109328
-2964.057008 -2412.714199 103.059088
-3359.154040 -2615.863274 247.592470
-2760.004086 -2192.546066 222.616754
-2913.291215 -2244.052897 103.422298
-3265.102183 -2541.766319 167.533694
-2187.140235 -1737.446542 51.807413
-2921.457318 -2254.166626 136.486115
-3544.460802 -2900.537713 144.954402
-3396.909263 -2621.473924 158.826200
-3100.985992 -2438.380614 226.197728
-2210.150947 -1735.876582 88.073990
-2698.021373 -2178.041973 124.918489
-3134.258420 -2478.700725 81.844610
-2746.207812 -2171.700595 72.211888
-2239.580938 -1821.079771 173.768655
-2107.162834 -1662.429405 65.212093
-2958.597331 -2323.328576 84.765491
-2454.129804 -1903.261297 162.915056
-2605.685812 -2020.567382 173.225088
-3276.599713 -2578.928905 104.104947
-2624.761330 -2031.662339 173.541002
-2978.007414 -2343.878883 82.017849
-2936.824999 -2310.343912 108.316746
-2765.138306 -2226.407696 92.848611
-3270.671701 -2694.829672 148.428449
-2211.998935 -1807.011547 78.434182
-2325.898154 -1828.477335 169.777247
-2894.765689 -2387.131399 131.493639
-2980.121838 -2350.840761 91.674659
-2448.828044 -1900.636876 163.696587
-2415.167684 -1897.490162 95.618657
-3297.022749 -2535.484791 134.715366
-3293.444636 -2641.796421 169.957395
-3102.144820 -2394.755065 201.850615
-2324.882890 -1778.925564 81.257550
-2647.340443 -2025.377449 92.335957
-2523.098204 -1926.042315 64.300190
-2468.825614 -1987.024101 133.875636
-2806.311336 -2145.858052 196.997985
-3381.563359 -2607.393786 245.808668
-3314.596520 -2600.161659 157.322366
-2865.923296 -2284.294673 145.420904
-3003.611224 -2352.582227 222.180379
-1828.601449 -1493.759911 89.544312
-2795.901107 -2263.890779 144.991565
-2745.567717 -2214.121615 172.921441
-2414.064734 -1954.802542 125.047786
-2987.897337 -2445.846659 155.326371
-2260.506864 -1831.547129 84.091601
-2907.259189 -2364.712078 127.133676
-3043.119347 -2344.670782 95.123790
-2448.390456 -1859.794255 77.635129
-1937.293675 -1505.228279 100.528215
-3356.218658 -2725.676753 250.565005
-2191.922123 -1665.530911 69.154688
-2443.077532 -1890.667994 161.239231
-3086.868705 -2404.273565 163.689661
-2873.068949 -2247.280693 135.194975
-2606.984939 -2069.095087 83.772289
-2385.047450 -1954.560875 97.378426
-3529.179172 -2813.276451 105.532647
-2828.946389 -2116.997875 122.091802
-2073.211457 -1669.439665 139.093564
-2494.826468 -1910.628535 59.498329
-2420.104358 -1955.831940 99.378949
-3115.987267 -2471.166482 216.809452
-2720.301786 -2068.920873 71.083856
-2117.889026 -1711.620644 162.373766
-2656.358981 -1993.497551 164.529931
-2181.822096 -1757.464852 174.130478
-2343.984637 -1796.008982 74.183025
-3150.307122 -2389.018756 83.352371
-2960.419691 -2222.070267 184.718629
-3447.626557 -2786.467613 264.895574
-3447.006705 -2786.041951 264.736329
-2404.664599 -1823.236207 64.468675
-2822.293383 -2237.768849 195.773080
-2702.508764 -2049.952592 71.031109
-2354.297170 -1901.695300 180.329271
-2974.269643 -2410.254869 216.510057
-3236.574763 -2438.191025 120.986563
-3354.722454 -2685.310957 262.125171
-2463.608085 -1973.216804 192.182706
-2731.066270 -2162.228881 102.272424
-2348.338861 -1904.602563 117.525890
-2908.462436 -2213.376363 227.598096
-3444.868410 -2788.828902 247.778564
-2424.889882 -1845.041925 179.988340
-3356.424058 -2687.236685 262.094716
-2793.851125 -2146.434331 109.609604
-2473.857336 -2002.009334 171.638408
-3517.022903 -2719.894955 187.491234
-2570.704258 -2058.799437 173.502398
-3257.590475 -2672.638722 133.530104
-2765.271610 -2222.820195 190.158736
-2277.237173 -1832.588755 152.411184
-2654.784331 -2136.734920 177.119440
-3217.037251 -2411.496796 185.069485
-3032.672068 -2478.927221 136.659838
-2912.665520 -2356.179502 202.192721
-2563.073795 -2074.154419 178.255889
-3131.508854 -2375.209057 103.207922
-3114.927072 -2388.387996 97.440551
-3564.474408 -2840.647512 125.381200
-2266.844891 -1710.807660 135.994918
-3505.265825 -2645.429888 210.942165
-3182.704957 -2507.127844 217.581652
-3185.317585 -2388.186296 183.062395
-2985.588986 -2350.581218 203.985245
-2397.373967 -1959.890828 132.558297
-3048.796530 -2470.741008 233.073461
-3214.526210 -2603.916782 227.472441
-3149.847406 -2512.323625 100.605571
-2642.833506 -2108.158536 84.546659
-2430.004614 -1869.595267 89.780041
-2106.687742 -1658.013061 153.456190
-2886.839655 -2304.209710 105.960382
-3496.379884 -2688.276548 206.952867
-2790.258568 -2144.349255 164.659150
-3276.036618 -2691.057452 146.427735
-2247.545354 -1727.102554 132.437247
-2470.353641 -1951.269296 165.087800
-3487.343717 -2753.808966 233.066256
-3325.284557 -2554.201387 197.258170
-2913.889895 -2252.915307 164.255382
-3030.246909 -2379.526739 259.139389
-2861.680617 -2268.627258 197.622606
-2711.299028 -2064.462261 136.761731
-3361.446557 -2518.412675 176.305782
-2846.347889 -2130.857976 123.042845
-3307.301402 -2556.581333 181.386019
-2955.573240 -2224.431547 159.843132
-3628.425178 -2815.747627 159.885782
-2633.012321 -2035.016900 143.828442
-2569.692892 -2059.230872 174.882302
-2482.716490 -1875.785909 98.795907
-2983.012568 -2322.974917 78.813545
-3450.780606 -2752.751502 126.144503
-2691.716361 -2015.163172 146.103559
-2325.102524 -1900.581935 104.211757
-2211.549688 -1703.156616 108.385309
-3309.159695 -2558.139646 181.728566
-2358.151290 -1781.144172 172.022756
-2337.964459 -1913.263494 150.481141
-2411.630070 -1866.531446 85.964751
-2866.093317 -2210.785119 80.598959
-3398.910252 -2614.359637 92.853900
-3111.247924 -2392.805191 128.941257
-2648.523280 -2073.544088 166.473401
-3474.591791 -2591.779746 219.284255
-2595.479877 -2051.594098 197.943018
-3563.743078 -2814.340775 268.442776
-2357.745895 -1800.681902 134.744843
-2546.780407 -1914.982407 133.868524
-3098.612910 -2383.262200 149.196161
-2427.868782 -1963.189114 99.902357
-2967.328159 -2423.015621 199.242648
-3057.450074 -2462.951830 242.554296
-2619.966615 -2153.058790 161.738221
-2595.814535 -2049.095402 195.202206
-2379.506674 -1786.166483 124.283865
-1992.979938 -1542.460177 105.243179
-3462.176025 -2700.139455 130.864593
-2637.051432 -1984.501813 142.497728
-2553.808227 -2016.558315 192.680767
-2805.093057 -2187.939114 105.979930
-2556.525142 -2018.652583 192.874531
-2638.768655 -2058.528530 99.657731
-3540.789883 -2762.315738 133.217195
-2721.326993 -2093.371621 132.664456
-2987.748798 -2315.726863 125.869341
-3623.746227 -2827.349091 136.141414
-2566.703787 -2011.969469 110.092034
-3082.133806 -2346.051278 154.498982
-2985.278947 -2454.628542 192.129704
-2366.322106 -1801.483718 118.743801
-2671.077298 -2145.208025 86.013375
-3684.790204 -2772.507859 189.806396
-2435.430669 -1852.706663 119.219312
-2172.433224 -1685.137472 134.323381
-2426.407921 -1869.824179 118.304906
-3589.749174 -2759.430833 284.023413
-2390.250052 -1893.829149 89.586979
-2997.937358 -2282.979850 147.920146
-3377.279364 -2717.296504 226.699571
-2660.774462 -2171.593618 130.149996
-3215.952081 -2444.100100 157.322508
-2114.654957 -1640.377041 131.111410
-3167.976885 -2386.900702 119.813411
-3204.825393 -2438.416889 158.647892
-3643.580117 -2744.830493 137.621847
-2922.328779 -2368.701908 206.586591
-3214.728650 -2445.067783 158.492825
-2792.811128 -2172.624094 157.176970
-2867.115672 -2335.472244 217.612953
-3442.966227 -2662.224533 188.992410
-2375.971140 -1869.827723 84.936034
-2736.547751 -2101.548307 218.600138
-3090.485917 -2508.044808 229.899355
-2509.474498 -1974.319869 90.343033
-2971.328769 -2338.428723 106.664717
-3165.522309 -2479.452474 201.616916
-2675.519663 -2109.363914 87.408821
-2674.778904 -2110.586932 85.066892
-2786.746723 -2198.625482 87.743259
-3352.190412 -2550.563078 212.981736
-3351.196974 -2549.755070 212.823973
-3436.658813 -2807.658583 230.241616
-2589.489972 -2115.768268 174.103796
-2301.249263 -1803.340831 169.973376
-3557.231332 -2889.202647 265.336742
-2922.813687 -2369.619567 139.359710
-3249.211608 -2563.736840 243.320870
-2392.732768 -1795.223258 125.152789
-2416.198359 -1883.352906 129.411540
-2582.438220 -2120.152246 180.794330
-3143.962979 -2483.667503 168.853259
-3213.265299 -2471.541308 144.342124
-3214.268550 -2472.837999 144.180436
-3452.481215 -2572.267603 181.735553
-2269.373198 -1845.097611 154.750148
-3214.229051 -2429.333325 102.646109
-2212.488367 -1692.250801 93.485171
-3370.096345 -2749.253141 138.774246
-3212.407699 -2458.172740 110.966795
-2452.688431 -1877.158010 84.571678
-3182.309015 -2434.022511 134.300537
-3549.056754 -2645.778439 186.247213
-2865.008919 -2180.677677 165.344774
-2778.089337 -2131.042452 215.370525
-2467.747475 -1983.854459 127.077948
-2698.114907 -2053.319174 153.842983
-3121.352862 -2484.624533 236.705913
-2639.543265 -2008.558493 152.533657
-2669.857830 -2021.202022 99.774684
-2925.437645 -2226.331464 168.116649
-3096.218830 -2406.298726 240.760866
-2516.483206 -1930.151328 196.137124
-3445.587350 -2741.968532 157.635065
-2884.958989 -2324.635651 216.798098
-2774.083149 -2221.351128 111.260695
-2916.193547 -2206.076148 121.609300
-3112.522612 -2492.608429 124.660438
-2770.016044 -2114.517135 118.467889
-2613.341505 -2013.260202 84.972284
-2917.489374 -2337.020235 116.421388
-2866.919759 -2184.048360 166.159427
-2397.126846 -1825.780399 138.597581
-3474.720880 -2773.638214 265.801989
-3509.814509 -2767.743588 171.763627
-3546.956158 -2700.407421 205.808450
-2394.024914 -1908.965840 181.658519
-3458.851114 -2776.806730 201.420195
-2819.055001 -2248.580157 213.359569
-2263.204065 -1723.034306 131.061196
-3479.075966 -2648.622468 200.810357
-3449.953654 -2720.293081 169.192947
-2997.145259 -2412.883290 128.601170
-2628.380864 -2118.596822 71.472325
-2444.241738 -1842.523351 130.802669
-3507.395653 -2631.726904 201.947006
-2260.276759 -1699.037451 120.121017
-2737.769996 -2194.675413 87.890525
-2467.579742 -1965.645836 168.184999
-3021.058739 -2329.856468 175.345973
-2957.284233 -2396.664088 146.423976
-2428.233628 -1849.171353 180.259914
-2158.677417 -1728.071713 151.117751
-3088.220615 -2491.795243 135.854845
-3586.759921 -2691.948100 153.725377
-2920.315307 -2229.592198 180.603309
-3189.187005 -2529.375893 122.142564
-2392.881367 -1965.732055 106.442150
-3457.181927 -2776.954354 201.483568
-2913.267975 -2370.010546 178.763751
-3388.897991 -2549.314439 139.228044
-2449.038479 -1869.755760 95.311095
-2343.448154 -1790.600244 91.028833
-2590.399646 -1994.790212 84.902606
-2556.207428 -1967.629597 83.795775
-2644.265265 -2021.770291 111.664018
-2313.438239 -1880.121448 85.137961
-3414.711216 -2583.256212 109.980435
-3010.915948 -2448.578614 231.281606
-2689.533369 -2107.902488 177.509640
-2517.556435 -1872.791023 104.526600
-2610.969617 -2080.225062 159.702616
-2962.845148 -2294.437758 79.114184
-3255.773500 -2521.380738 88.435532
-2871.758675 -2224.085486 77.490855
-3140.083069 -2551.615433 241.018579
-2437.012523 -1980.919574 188.345433
-2394.509510 -1946.611258 184.819574
-3060.645578 -2488.465976 234.709623
-3242.744364 -2436.866225 172.734414
-3638.094797 -2734.604258 196.240804
-2530.400388 -1902.492636 136.638332
-2262.799243 -1760.431228 92.055151
-2872.057846 -2234.766181 116.948096
-2270.735375 -1770.033074 84.998365
-2531.472324 -1980.952133 157.965111
-2346.074876 -1823.444160 94.779126
-2573.054724 -1991.400420 172.929389
-3496.067117 -2719.462051 142.280480
-3605.241282 -2931.852119 278.843121
-2965.490403 -2344.017812 163.333929
-3322.424714 -2698.375772 211.954738
-2870.716365 -2330.447854 182.950666
-2243.721732 -1689.624299 100.403024
-3239.050263 -2414.506566 169.591873
-2952.830353 -2404.151299 122.985259
-3143.879684 -2441.598510 233.375369
-2433.458488 -1976.842274 154.482637
-2935.849517 -2320.786883 149.752231
-2634.379520 -2136.706537 88.795923
-3056.060609 -2423.898977 115.738223
-3260.671593 -2589.772167 249.099015
-2614.249155 -2120.423995 87.139849
-2364.454085 -1879.025604 180.242867
-3187.258792 -2584.724961 107.987653
-2029.650791 -1564.440308 78.961908
-3120.464291 -2517.024506 173.822970
-2861.747031 -2316.955423 193.279133
-2926.426613 -2340.082398 124.765271
-2830.121490 -2294.115021 105.487946
-2376.885904 -1863.854304 188.352264
-2122.787150 -1662.592920 175.418464
-3418.331660 -2694.347959 169.395841
-2231.978605 -1675.613861 158.957916
-2076.711804 -1621.426900 143.588576
-3357.853561 -2550.604538 182.024509
-3516.626211 -2818.866370 117.474547
-2833.661593 -2202.397380 113.040555
-2719.795362 -2193.219920 152.813792
-2322.007623 -1871.890130 130.157272
-3244.488726 -2607.307762 105.323060
-3037.076687 -2298.026420 113.767441
-3355.981970 -2561.731689 140.143473
-2791.695556 -2217.037094 78.634537
-2508.092534 -1928.464144 79.107824
-3308.251067 -2651.775725 107.288124
-2480.417253 -1969.597480 69.534524
-3506.967396 -2703.704341 256.209881
-2642.635265 -2017.311727 110.711655
-2609.026940 -2096.587302 85.060704
-2466.650834 -1915.063149 131.675288
-2368.328231 -1939.626300 145.803567
-3649.378694 -2890.718796 150.140151
-3054.509009 -2419.016969 126.374250
-3440.724614 -2679.353162 253.016620
-2918.717764 -2226.307383 85.092770
-2873.991149 -2189.103780 177.415449
-2886.288114 -2231.753830 194.408835
-2821.356945 -2294.089273 159.897523
-2513.968014 -2016.778948 83.095029
-2599.821748 -2141.408191 147.711183
-2599.162126 -1953.561033 139.722140
-2516.891725 -1867.772608 115.655634
-2992.630874 -2220.543102 136.511617
-3448.048466 -2800.778767 221.894833
-3461.223825 -2712.915762 163.301124
-2146.178984 -1698.609521 88.942441
-2621.052913 -2054.988097 124.229828
-2390.779324 -1927.480291 150.310294
-3487.136472 -2602.907348 205.441186
-3632.607324 -2712.218784 213.558629
-3124.916636 -2412.253505 223.157387
-3221.660507 -2405.795679 189.347286
-2531.018784 -2056.628165 162.295360
-3634.178266 -2712.706777 213.795627
-3036.910385 -2265.778508 189.672969
-3467.560191 -2721.285369 141.249691
-3072.929837 -2338.812278 80.926418
-2922.806554 -2387.016185 169.828235
-2062.113692 -1683.911959 119.764594
-2621.332620 -2028.115665 124.346760
-2552.021207 -2049.191629 167.019948
-3160.704336 -2388.969633 102.005821
-2326.193581 -1758.075295 74.925008
-2792.939266 -2080.004595 146.647808
-3119.712303 -2323.417212 164.042403
-3342.057668 -2703.754017 231.167016
-3299.590645 -2547.298191 245.601192
-2168.068000 -1712.588632 162.519324
-2370.301307 -1778.040087 101.918950
-2743.245640 -2181.948974 124.000461
-2705.550080 -2066.296849 143.653094
-2776.775656 -2236.182663 123.649654
-2457.848264 -1980.016698 109.163038
-2665.907352 -2026.853005 145.396181
-3335.976313 -2635.298893 222.344941
-2542.229580 -2016.045976 175.716538
-2869.747600 -2258.294115 208.011264
-2844.962450 -2148.484384 202.479064
-2734.398548 -2144.081731 114.882889
-2620.500229 -2062.747195 95.863017
-3356.301466 -2552.895229 183.642111
-2583.463573 -1992.611546 140.727127
-2688.129270 -2031.142310 106.198087
-2910.348432 -2235.738961 231.686112
-2487.359309 -1900.132853 177.227520
-3188.198263 -2377.491148 202.729487
-2788.840397 -2244.764731 120.585443
-3643.439212 -2834.981354 182.727661
-2414.386829 -1871.813420 100.072507
-2199.367440 -1808.424218 140.242588
-3533.445778 -2906.299504 225.575555
-1944.856208 -1473.185265 136.866555
-3271.397896 -2506.338517 138.249186
-2433.166782 -1988.348184 130.089548
-3213.981701 -2603.626190 225.552984
-3236.704119 -2435.301692 173.859024
-2633.111501 -2088.846629 98.193860
-2884.128765 -2231.532131 101.459534
-3290.701389 -2595.974149 245.675457
-2285.680707 -1765.659392 164.291336
-2204.278280 -1702.894372 158.429192
-3169.381746 -2530.638094 164.133447
-2774.650466 -2291.832651 136.932693
-2829.384494 -2260.130128 146.738593
-2143.194600 -1649.890621 61.857300
-2420.511593 -1978.094799 99.981609
-2636.473376 -2141.755213 94.940091
-2581.934733 -2051.998805 140.313141
-3011.837768 -2393.795487 164.134609
-3348.200340 -2549.203787 126.976171
-2710.196756 -2073.272871 66.408823
-2426.130244 -1938.329278 126.832327
-3399.261098 -2731.292965 177.252183
-3171.199783 -2573.689773 115.467619
-2382.855491 -1963.419748 118.376218
-2639.769641 -2002.808891 70.596419
-2220.248127 -1770.030540 177.143870
-2321.347917 -1859.851720 163.441397
-2133.568776 -1665.938571 182.636128
-2865.502729 -2330.340255 203.531733
-2207.681689 -1770.876179 149.294195
-2744.714702 -2195.477168 199.376923
-2511.579453 -2007.479873 184.918064
-2417.518549 -1946.320935 78.661269
-3148.007767 -2535.868393 103.971717
-2797.802569 -2211.563033 208.551366
-2886.417787 -2304.511305 210.770419
-2864.356523 -2330.626341 204.666006
-3126.045934 -2493.706450 102.049909
-3380.462258 -2700.466711 247.313849
-2775.215190 -2229.870426 190.215851
-3032.533998 -2441.373293 98.579585
-2945.089654 -2298.713877 253.618332
-2128.810098 -1662.383093 145.004318
-3407.458849 -2580.696335 230.134875
-2659.939260 -2050.343444 106.765867
-2404.120386 -1853.156182 95.082227
-3338.197190 -2574.178046 133.734770
-2611.650526 -1986.908069 101.640783
-3140.830422 -2486.967455 121.775425
-3510.077597 -2784.810488 135.165465
-2872.282351 -2326.012487 146.188167
-3092.792396 -2538.331948 131.519369
-2872.131791 -2355.511922 122.554939
-3232.766174 -2469.945689 116.854133
-2581.399352 -1981.411891 110.929462
-2209.356782 -1781.233236 101.486881
-2053.543845 -1544.943185 75.907796
-3457.420978 -2667.399943 169.210658
-2856.932597 -2194.492980 123.322027
-2931.549966 -2252.017590 126.095588
-2548.115637 -1910.045374 128.180799
-2624.776796 -2031.635834 132.155711
-3185.584397 -2587.083960 113.413741
-2179.320922 -1686.978962 110.225926
-3277.071366 -2600.917150 126.363692
-2383.314866 -1884.428009 129.886644
-2899.663574 -2269.241471 247.311318
-2923.014765 -2364.254204 111.732910
-3354.200683 -2713.481024 128.924284
-3450.013544 -2791.807876 130.151323
-2667.785144 -2158.834061 103.055986
-3154.376288 -2519.372438 230.959265
-2225.374998 -1801.198960 84.269957
-2309.692068 -1761.295587 144.482322
-2427.674037 -1818.735548 121.302325
-2729.777392 -2132.136440 234.031107
-3240.001270 -2622.374236 122.071636
-3280.767061 -2666.391587 171.074684
-3267.435889 -2595.057328 211.144926
-3262.604958 -2650.683627 116.491071
-2632.734907 -2002.444016 102.195472
-3151.319787 -2577.798018 197.244864
-3039.669758 -2413.045089 71.215245
-3615.362583 -2851.438152 120.716589
-3106.998549 -2524.124712 163.414766
-2299.821320 -1774.719393 79.043291
-3012.560483 -2332.407163 208.785041
-2106.421539 -1712.516728 94.818576
-2202.878035 -1747.978191 51.776959
-2811.156770 -2200.475443 182.668565
-3374.248437 -2618.154062 264.207316
-2612.779939 -2047.318394 174.174752
-2456.760353 -2001.133660 154.899262
-3644.570636 -2835.986641 206.302651
-3018.310984 -2363.166783 194.905108
-3263.014227 -2523.974773 99.214384
-3453.096190 -2839.269420 205.405937
-2387.101740 -1963.333562 140.465787
-2318.238624 -1876.425557 87.237695
-2175.350835 -1704.291710 181.701985
-2990.029666 -2255.054316 157.179733
-2546.763419 -1999.098303 214.065303
-3421.232567 -2667.398816 293.830243
-3516.287070 -2621.841076 183.617718
-2611.632162 -1987.682418 100.244288
-3015.259853 -2337.069473 190.230072
-2284.423216 -1728.298477 121.217145
-2443.525269 -1998.896340 136.755318
-3082.747793 -2380.393194 163.734187
-1984.357810 -1532.221759 105.263138
-3074.376594 -2327.566745 161.630048
-2851.497905 -2201.249194 152.317313
-2179.218992 -1681.842503 115.651209
-3476.853874 -2718.151315 226.831801
-3606.199488 -2902.907602 117.471205
-3389.930338 -2743.626440 220.485475
-3113.189891 -2441.376083 261.044923
-2209.608451 -1789.142479 82.805703
-2658.380078 -2052.332234 192.102178
-2957.079056 -2356.693682 238.068877
-2231.861857 -1761.506694 176.623159
-2542.209039 -2029.853036 137.680776
-2966.595872 -2282.490741 87.451251
-2869.509883 -2249.226650 111.891955
-3064.835235 -2366.150046 221.176992
-2519.039533 -1891.850674 171.806251
-2632.509997 -2164.184530 145.423828
-2131.594018 -1694.850242 117.394768
-2367.776748 -1888.811921 190.264057
-2160.648482 -1668.641336 141.264307
-2484.969723 -1922.011121 160.342767
-3258.893147 -2653.306449 200.151219
-2388.121971 -1964.195746 132.709098
-2571.883641 -1914.549230 113.841931
-2482.501433 -2022.010325 151.948590
-2734.210633 -2036.058151 120.562205
-2957.343512 -2225.444760 156.975077
-3192.667551 -2605.774237 243.366527
-2490.224986 -2022.406663 136.485465
-2265.665610 -1715.015672 161.780619
-3402.400245 -2728.431560 228.493910
-3436.985309 -2801.968062 121.524731
-3071.130043 -2508.586688 208.507856
-2391.925442 -1909.188207 175.221780
-3176.770677 -2588.640135 110.916984
-2396.502286 -1832.044657 86.676681
-2415.752432 -1968.889453 83.180076
-2230.599546 -1773.710435 185.585820
-3205.044979 -2616.336391 110.441272
-3153.673472 -2503.898514 122.811278
-3280.627657 -2605.175780 269.177366
-2642.624478 -2136.780210 219.815958
-2405.551504 -1909.923429 200.027788
-2341.704155 -1911.604670 80.627078
-3035.256792 -2473.144261 104.496550
-2674.473011 -2183.115448 91.130556
-3499.670879 -2857.546297 121.656220
-2521.879709 -1994.623723 214.179725
-3118.877932 -2370.332752 94.531532
-3079.233823 -2517.381886 109.134051
-2869.319538 -2342.161502 199.669837
-3335.102182 -2636.606967 282.973025
-2969.700068 -2426.761678 201.622246
-2084.056570 -1703.841922 74.736944
-2501.716006 -1977.619586 212.224724
-3079.785431 -2518.543735 109.252363
-3423.872318 -2713.953438 139.457149
-2471.517211 -1973.807532 124.929983
-2631.560847 -2047.819429 133.745473
-3364.078428 -2618.149182 171.080546
-2837.536163 -2243.951883 247.082055
-2997.429323 -2473.898113 166.740060
-2733.189605 -2159.683759 238.451724
-2207.835023 -1711.343696 144.052696
-3287.268206 -2599.918495 286.051189
-3550.787773 -2764.964171 302.630716
-2485.104974 -1927.053796 156.520693
-3132.604463 -2394.477675 255.723766
-2679.306668 -2119.026599 223.288353
-3572.980566 -2906.645939 267.023870
-2956.430626 -2434.404038 183.367171
-2815.779729 -2273.996483 233.563674
-2460.420544 -1868.915855 75.071019
-3090.556293 -2545.672106 214.122901
-2898.219931 -2253.248817 140.995218
-2701.582060 -2016.173965 169.177270
-3088.343068 -2304.018758 134.568800
-2366.149470 -1765.718702 102.854489
-3617.555597 -2904.733738 238.011357
-2730.414258 -2090.983775 65.581000
-2901.493943 -2291.279088 215.136230
-2873.688901 -2312.953810 91.478315
-2966.886782 -2382.422457 203.462085
-2659.685225 -2050.090644 107.001115
-3374.205535 -2576.208183 164.447703
-3148.034793 -2356.945942 137.281043
-3090.096953 -2462.299794 99.452895
-3568.547481 -2671.252658 155.777866
-2773.606621 -2226.276637 211.003512
-2798.857982 -2148.639891 200.030819
-2795.357143 -2209.507111 208.750416
-2798.231823 -2148.175341 200.376934
-2090.911451 -1693.051451 79.498219
-2443.724407 -1978.783782 92.917634
-2422.579613 -1904.882618 154.977788
-3107.998379 -2527.166398 163.120973
-2458.122519 -1892.355808 71.516209
-2651.308263 -2125.172126 180.878219
-3221.530272 -2467.230511 149.433537
-2627.582315 -2100.017878 70.296469
-3142.540130 -2492.051081 170.415089
-2270.403921 -1800.483066 122.536721
-2498.291556 -1941.720025 131.178930
-2117.824204 -1668.398938 145.182963
-3233.773184 -2498.282091 171.852511
-2210.302942 -1649.865956 139.156754
-3539.627293 -2699.147435 171.735276
-3534.721545 -2887.968933 238.894589
-3532.866661 -2739.685021 219.461491
-3250.369513 -2459.244073 232.618594
-2176.881534 -1660.862627 105.488036
-3005.974146 -2467.081792 209.977121
-3070.321047 -2482.668319 254.057944
-3323.313661 -2734.055322 183.194727
-3531.837262 -2803.871608 294.328800
-2768.738180 -2195.969871 230.959997
-3294.093427 -2612.495178 274.403607
-3371.101379 -2754.063698 260.684333
-2463.071632 -1945.622155 214.057290
-3019.267072 -2466.262317 231.994992
-2912.329152 -2376.596932 224.228977
-3289.292555 -2612.449384 274.891765
-3407.003595 -2808.682187 182.649170
-3072.844456 -2310.023098 159.949828
-2409.926234 -1949.642942 198.992337
-3029.821913 -2380.488492 266.844516
-2787.828761 -2288.724334 198.837220
-2206.568925 -1768.800401 148.878881
-2905.276958 -2359.232065 204.290603
-2619.232090 -2017.501332 103.442939
-2195.499263 -1692.818426 86.927829
-2356.605135 -1810.395337 74.754290
-2550.474974 -1968.211495 169.576187
-2903.436914 -2229.547380 125.293191
-3534.937451 -2796.639145 149.134003
-2549.241734 -1967.491581 169.914600
-2881.778232 -2311.065927 194.392708
-3595.306665 -2855.228482 105.548897
-3207.867785 -2571.164393 216.248547
-2300.099323 -1743.815509 174.902842
-3365.086032 -2568.866576 209.592012
-2589.380519 -1974.284163 161.002878
-2418.606814 -1908.734429 159.121630
-2082.007764 -1588.283146 129.662740
-2393.655757 -1927.578812 153.173692
-3643.082416 -2833.256584 149.689922
-2950.960449 -2264.848586 234.764693
-2482.610228 -1971.300744 71.122351
-2977.384375 -2219.537646 155.405899
-3079.177659 -2353.098822 234.084187
-3182.917502 -2585.894022 216.776401
-3238.326630 -2617.400592 174.811084
-2416.057526 -1980.586187 103.804853
-2835.901397 -2187.939863 206.953397
-3456.367899 -2733.294030 258.586305
-2401.479837 -1842.148170 150.524110
-2567.330885 -1996.738640 123.944753
-2508.731294 -2069.281940 140.555618
-2762.768167 -2185.594821 236.529003
-2230.483963 -1820.327548 156.531888
-3395.351685 -2610.075130 107.518832
-2463.160765 -1854.034039 100.699765
-3033.541806 -2471.175448 103.366779
-3416.734933 -2702.051949 291.490922
-3383.922745 -2760.908747 116.659916
-2907.295999 -2349.078423 112.442483
-3473.027929 -2758.749897 287.583335
-2548.415455 -2060.033557 136.296868
-2301.867699 -1769.097209 73.312926
-2466.904719 -1894.536392 63.079957
-3427.286313 -2802.084572 120.510172
-2978.993814 -2449.893033 188.257670
-3370.961872 -2666.500066 286.926578
-3022.943700 -2491.877846 171.292719
-2881.840389 -2234.478506 117.807206
-2374.054300 -1936.201426 80.159159
-2095.719493 -1727.560814 118.160995
-2217.162978 -1808.457220 131.346009
-2605.676666 -2126.514375 153.463892
-3005.889339 -2453.017775 178.465642
-2508.577809 -1883.839520 168.117114
-2471.577634 -2010.352134 184.635398
-2166.389717 -1761.535741 162.274259
-3031.554401 -2495.950196 210.202122
-3473.029520 -2693.354125 141.596281
-3323.374165 -2629.963322 284.096881
-2269.810028 -1869.660682 157.844602
-2735.562567 -2143.988685 129.721063
-2893.838038 -2252.581173 155.534411
-2483.987689 -1995.302108 162.799850
-2423.152608 -1951.156657 134.483727
-2065.258954 -1585.855558 122.457092
-2122.299391 -1707.437303 90.746981
-3474.828101 -2693.449536 142.912481
-2235.270238 -1801.380612 142.174163
-3163.039579 -2525.481639 181.040875
-2834.110550 -2202.392080 149.935010
-2879.480754 -2269.665628 250.089163
-2725.732334 -2241.628770 169.242148
-2538.022791 -2045.621034 161.869039
-2300.938968 -1871.967205 95.883945
-2310.776103 -1853.566991 122.867227
-1961.244880 -1610.192846 132.421482
-3472.070568 -2662.942893 289.347676
-2732.427631 -2244.421513 153.506395
-2844.619419 -2240.182162 75.686028
-3020.378047 -2485.896455 187.757959
-2533.366701 -2077.044044 89.743341
-2976.924332 -2221.593604 120.305277
-3104.698688 -2309.886045 177.062059
-2968.289314 -2225.259786 110.300534
-3184.135766 -2507.308293 233.796683
-2776.448095 -2066.969166 129.731655
-2262.708375 -1818.313742 92.251431
-2403.562644 -1859.248454 179.449783
-2632.007880 -2000.955022 133.045406
-2846.017823 -2186.851946 113.509577
-2276.286263 -1734.518322 59.662671
-3466.994909 -2651.046014 86.968998
-2784.626977 -2120.274265 117.432825
-3482.007273 -2651.445258 148.292994
-3522.598033 -2683.068295 201.761599
-2868.852843 -2187.829278 76.479002
-3047.025428 -2441.028862 86.735914
-2870.696493 -2188.676546 76.432142
-2249.593398 -1806.856446 122.288922
-2869.893675 -2186.423233 76.034310
-2162.078339 -1702.762420 159.090752
-2312.172979 -1732.204237 85.258171
-3489.944392 -2659.017622 92.462381
-3117.430646 -2321.260012 145.775534
-3145.298727 -2356.241424 116.217383
-3347.276173 -2542.716990 249.099495
-2174.548686 -1678.534166 114.672763
-2642.565337 -2029.730831 196.093472
-3577.396731 -2732.905543 203.407522
-2875.255666 -2191.440767 163.687574
-2205.385114 -1803.630073 87.919515
-2641.196901 -2134.127098 117.747213
-2577.605243 -2092.529493 155.168870
-2602.614550 -2103.587558 115.859857
-2739.777268 -2224.487750 165.903461
-2201.959970 -1800.371204 87.705582
-2330.874771 -1780.896014 98.937867
-3341.108516 -2658.931969 214.084750
-3262.447668 -2502.563859 149.045028
-2321.204392 -1883.930794 177.532945
-2766.775950 -2269.043705 116.644976
-2704.544623 -2179.590492 118.136036
-3285.401110 -2665.893498 198.741267
-2923.887671 -2383.114638 159.904187
-2882.485364 -2197.221556 164.832307
-3202.433654 -2548.632715 205.325867
-2795.193281 -2237.072420 185.975289
-2263.036019 -1722.665350 95.888920
-2466.028955 -1972.786308 166.429609
-3002.146735 -2283.417871 127.103514
-3384.931184 -2723.216726 149.038640
-2155.171719 -1646.896078 91.347879
-3291.009391 -2692.614279 139.655599
-3316.497885 -2524.632600 140.665256
-3465.621133 -2668.698931 155.530333
-3266.332147 -2668.810343 130.324273
-2939.886678 -2393.920877 162.868734
-3342.666889 -2714.171433 202.934497
-2770.186763 -2218.719389 81.306661
-2957.857595 -2249.746933 226.697232
-3363.196540 -2569.879399 107.093366
-3187.062966 -2538.210858 155.943188
-2697.077713 -2013.563375 125.275065
-2918.439890 -2215.272823 219.508037
-2248.290671 -1705.026540 169.629336
-2121.547019 -1680.586459 67.449500
-2534.365698 -1932.552334 94.802775
-1965.539639 -1521.430456 122.452327
-3678.723584 -2786.910269 216.158247
-2745.651141 -2228.270186 142.530067
-2878.229908 -2266.627010 213.126953
-3434.958101 -2666.369409 231.674004
-3204.718913 -2617.533612 208.440442
-3275.524682 -2699.172699 160.648757
-2478.716467 -1964.615764 111.393621
-2474.665114 -1890.526722 106.245337
-2740.763822 -2195.709212 103.488202
-2255.556008 -1807.636808 85.095487
-2884.346856 -2376.501696 136.494715
-2591.193576 -2124.201984 123.751911
-3072.487083 -2354.374148 139.395141
-2931.968414 -2403.164359 171.329002
-3511.891959 -2692.323060 160.578372
-3082.590181 -2419.483146 206.413271
-3224.822678 -2485.480573 112.632629
-3053.846186 -2460.502831 107.059272
-2866.716388 -2265.245786 136.285890
-2726.223690 -2115.990273 192.195250
-3671.530270 -2792.331194 139.185934
-2639.395078 -2022.705734 120.449856
-2879.370350 -2335.146437 151.331624
-2263.980923 -1761.085008 166.322370
-2259.706715 -1753.511624 158.954396
-3523.864310 -2677.390487 104.439283
-2110.807505 -1729.544096 99.928175
-2671.706417 -2084.091809 208.707961
-2541.479217 -1991.228463 192.295636
-2354.331752 -1788.945174 69.890252
-2890.809578 -2260.459422 173.841528
-3148.211052 -2344.252738 144.176046
-2804.825337 -2277.444653 82.488849
-3093.812302 -2511.921143 90.715650
-3432.790576 -2753.019751 119.308990
-3192.623789 -2573.301378 137.702683
-3189.116593 -2558.899848 110.928876
-3271.638819 -2694.386881 144.113431
-3304.734757 -2694.824954 107.120216
-2776.487187 -2204.734934 70.086610
-2596.072869 -2079.931901 180.609973
-3356.097587 -2557.363891 148.658304
-2295.986001 -1790.007534 61.503301
-3346.389226 -2690.309967 120.709639
-2145.454965 -1674.442892 118.486933
-2294.274757 -1765.334578 65.454776
-2263.142336 -1701.009279 123.938500
-2509.775175 -2053.791236 92.169190
-2614.752788 -2137.852841 97.665463
-3313.545220 -2711.253958 121.321143
-3368.274502 -2565.294462 179.203294
-2903.649477 -2287.691751 99.742248
-3303.094126 -2597.725394 106.295976
-3113.961847 -2510.875988 217.927661
-2047.039180 -1596.802203 112.606527
-2751.503010 -2070.045828 149.843904
-3202.831961 -2632.672263 131.564130
-3396.767738 -2650.876814 187.766184
-3014.411317 -2342.909998 139.252669
-2848.291623 -2245.416542 82.091585
-2311.838457 -1830.001714 57.487618
-2620.752548 -2139.934737 171.457596
-2143.684172 -1633.380073 170.554219
-2880.765972 -2261.409066 247.058654
-2598.306609 -2042.878767 84.391405
-3376.974932 -2780.168300 140.178558
-2710.610933 -2229.623260 112.252434
-2408.211779 -1893.655893 78.631787
-3077.225060 -2533.589142 127.429413
-3244.999442 -2631.872159 170.926970
-2800.231058 -2173.341761 226.142087
-2801.634003 -2174.203635 227.165147
-3462.971062 -2686.673095 281.148930
-2813.025353 -2182.835195 227.617987
-2764.676020 -2214.778314 79.092738
-3184.792263 -2617.829404 195.704717
-3163.019969 -2582.431378 156.220725
-2631.354715 -2036.045729 196.407277
-3502.481892 -2678.529357 200.317672
-2406.594049 -1949.145124 114.291869
-2445.389532 -1928.887385 185.040393
-3241.730400 -2458.092286 133.064210
-3092.279796 -2361.028296 245.173174
-3658.944036 -2855.979534 285.460650
-2661.691323 -2077.402131 207.754874
-3153.603137 -2430.482438 112.604154
-2181.590427 -1656.129332 76.437414
-3453.118335 -2702.515200 212.323169
-3528.386595 -2802.531751 93.315393
-2544.461838 -1956.397797 123.443726
-2718.843106 -2090.704331 131.867407
-2854.481988 -2324.853055 89.163384
-1793.921256 -1478.898706 80.212345
-2873.315298 -2346.242954 108.661414
-2670.714292 -2181.914351 100.624838
-2647.222678 -2161.549514 97.673492
-2792.336470 -2279.883513 104.515557
-3445.657167 -2812.471291 131.281385
-3449.439460 -2814.983875 129.639516
-2308.049079 -1881.198249 86.921389
-3118.136414 -2397.202215 82.355812
-2300.586797 -1880.078931 86.230399
-3177.112161 -2600.989133 192.659876
-3464.730824 -2835.052493 211.058972
-3171.792882 -2540.466345 173.737477
-3345.971892 -2737.923407 202.931925
-2573.213188 -1993.891274 118.472490
-3401.762326 -2732.607916 182.151392
-2418.641476 -1981.826274 101.823915
-2536.252772 -2041.100412 93.951669
-2618.667676 -2020.763373 97.030252
-3146.679474 -2532.380067 116.009507
-2156.060511 -1735.999881 79.656226
-3236.688296 -2605.942963 119.532661
-2670.299146 -2149.322671 99.778952
-2525.714284 -2025.665589 70.427166
-2488.115220 -1899.767828 104.688118
-3508.926314 -2822.973126 129.948605
-2351.170375 -1828.098958 134.548925
-2928.891672 -2225.400784 87.281470
-2274.841239 -1734.278462 65.903495
-3223.346925 -2559.972511 134.768208
-2738.443554 -2073.995427 161.351455
-3002.794125 -2457.238294 214.761261
-2967.955941 -2370.862534 183.071407
-2151.739437 -1739.833151 96.703269
-1896.301770 -1440.084431 56.948576
-2639.633497 -2052.226906 150.862070
-2330.764869 -1828.983559 112.705961
-2799.453861 -2246.587811 73.999800
-2322.012349 -1819.170745 102.343964
-2503.904953 -2033.839743 187.992302
-2931.429958 -2334.104819 70.653830
-3087.837486 -2488.521126 121.445768
-2321.790757 -1870.567316 91.445855
-2319.349722 -1869.754378 93.109953
-3302.999181 -2609.037424 97.464767
-3149.156639 -2536.353030 124.618822
-2623.669479 -2114.947583 105.492106
-2139.938855 -1704.436226 50.632634
-3581.431928 -2960.103104 170.288854
-2453.799733 -1919.543245 147.703081
-2408.716169 -1894.764912 75.885425
-2429.460648 -1918.819221 70.955171
-3135.259826 -2483.028390 75.286933
-2925.625155 -2409.273294 120.158129
-3201.879289 -2599.309877 240.123344
-3203.682820 -2600.977235 240.121116
-2591.538504 -2142.542551 134.393125
-3212.000067 -2650.520756 145.872198
-3720.934457 -2795.067158 197.738564
-2916.557190 -2286.370412 65.558603
-2429.076280 -1972.266205 181.738103
-3491.153040 -2735.579267 214.163931
-2992.334223 -2467.901428 132.013992
-2992.052006 -2467.586181 132.073481
-2995.526534 -2384.865883 71.026095
-2422.975265 -1911.031135 75.634882
-3205.130294 -2602.260625 240.268343
-3070.131990 -2435.565367 86.441345
-3128.289967 -2589.206530 153.350483
-3591.653722 -2732.079714 189.514672
-2976.159887 -2346.028619 224.360837
-2850.211888 -2249.133984 214.747281
-2614.617684 -2061.452426 196.931938
-3592.028506 -2732.513109 189.554796
-3403.235387 -2739.246789 124.028672
-2938.789793 -2210.842595 115.301906
-2890.102924 -2250.468576 249.839526
-2785.420416 -2192.896974 208.167776
-2287.244313 -1869.885620 82.982367
-3292.750111 -2692.362339 121.267690
-2287.506170 -1870.369521 83.041669
-3152.829044 -2593.958406 129.478038
-3196.182619 -2617.563753 130.598944
-2595.248471 -1955.499446 143.469317
-3553.924894 -2746.743953 145.946311
-3105.483246 -2359.865995 107.072159
-2371.858767 -1942.618178 96.100200
-3384.397063 -2771.239907 195.223016
-2263.772797 -1749.609987 93.126953
-3693.383575 -2807.496822 126.950025
-2216.760842 -1815.534047 127.620553
-2062.623863 -1684.297677 119.511310
-2733.839347 -2074.864393 202.608285
-2359.755578 -1761.960320 101.823389
-2914.543886 -2183.558169 101.401423
-2490.639745 -1864.645376 86.756121
-3434.375594 -2783.209488 197.365780
-2495.393357 -1906.088656 142.204215
-2599.555330 -1972.792957 194.147161
-2483.881531 -1885.485057 183.346192
-3365.181245 -2568.059746 147.833560
-3421.983280 -2583.242002 192.258120
-2610.525481 -2041.303050 192.138339
-2488.234449 -1991.682991 158.065353
-2682.682859 -2059.025757 199.933103
-2433.825829 -1978.679388 148.137741
-2437.008984 -1871.553853 181.780597
-2807.224091 -2253.034409 214.012490
-2815.741754 -2250.129699 74.094589
-3514.699256 -2693.800052 161.415163
-3265.933434 -2535.910355 220.675506
-3055.308229 -2503.951628 204.470701
-2163.307261 -1722.748565 96.113671
-3568.733016 -2918.358822 140.566524
-3346.733419 -2611.617546 236.592831
-3448.314782 -2795.311450 96.142494
-2526.147488 -1944.544110 69.577773
-3212.469634 -2605.024866 90.500968
-2524.625331 -2049.320084 72.771158
-2333.352787 -1751.464426 84.625596
-2853.282765 -2135.339359 99.579355
-2157.997336 -1755.058794 63.794563
-2925.059264 -2303.552000 60.257687
-2914.616979 -2335.739659 101.156722
-2944.002628 -2387.070899 82.598559
-3572.642392 -2748.972500 98.183031
-2883.980015 -2158.068181 101.278939
-3037.263180 -2461.561596 83.742037
-2639.379978 -2038.322445 108.747986
-3091.387427 -2512.669927 90.227587
-3275.933689 -2663.239643 94.502392
-3109.486529 -2528.548291 89.954708
-3027.127030 -2462.821240 87.603144
-3040.733241 -2473.932272 86.967192
-2343.354476 -1908.344657 70.498021
-3400.731426 -2769.613020 103.140796
-2970.540588 -2421.050136 90.103165
-2944.192933 -2400.027796 90.769078
-2640.528045 -2039.179579 108.674212
-3464.103386 -2809.848478 93.085544
-2525.194515 -2056.567975 77.175820
-2794.816017 -2271.900886 80.637544
-2694.221224 -2198.160992 84.953516
-2694.206118 -2198.094339 84.892729
-2815.571485 -2296.341448 87.314414
-2369.716516 -1933.035050 76.254737
-2817.627284 -2261.980808 79.618789
-2963.543163 -2419.959751 92.568939
-2501.433659 -2028.818448 68.616253
-3159.220732 -2608.022273 149.993635
-2243.580467 -1819.561952 60.490053
-3188.186905 -2587.319381 86.665245
-2612.589849 -2052.472835 159.841106
-2734.502886 -2235.574454 107.815473
-2983.735273 -2295.130688 125.261964
-3192.894365 -2560.429432 143.701118
-3555.375055 -2890.751503 193.920276
-2412.354707 -1950.733392 161.134541
-2727.230449 -2087.747574 65.177832
-2293.384224 -1762.291134 128.866522
-2154.681832 -1733.697742 93.560398
-2299.640339 -1757.224737 132.158537
-3117.853502 -2365.241111 128.154613
-2729.640614 -2207.754858 112.658266
-2614.117928 -2027.266480 145.821139
-2957.578890 -2278.785967 65.386482
-3031.058285 -2469.054831 94.201064
-2979.908547 -2447.818547 207.366079
-2806.183636 -2254.657257 97.262977
-2435.150120 -1890.904616 107.545816
-3326.038245 -2525.631663 115.781231
-2967.072500 -2271.923670 70.044876
-2687.142966 -2059.031890 192.106709
-3540.599416 -2892.476580 141.733574
-3362.762532 -2564.295948 177.723364
-3327.219317 -2561.517244 245.740748
-3093.384668 -2371.099579 221.226836
-3610.284296 -2918.043562 251.415845
-2681.137920 -2034.013523 200.016608
-2929.955331 -2245.927023 209.556739
-3239.704024 -2441.947754 122.503602
-2985.206685 -2239.096606 108.293704
-3348.746383 -2722.512836 208.892509
-3074.761659 -2536.659672 135.345270
-3452.935403 -2849.466119 152.607052
-3224.186395 -2659.778266 142.472801
-2941.225496 -2399.245978 90.443549
-2654.420806 -2080.644727 160.324552
-2772.770518 -2249.676184 155.893814
-2774.652009 -2251.228775 156.215084
-2925.797433 -2411.067664 118.868266
-2772.359657 -2263.575867 85.769842
-2329.176062 -1924.782986 101.564711
-2922.521314 -2406.748321 119.492486
-2177.796289 -1731.984478 48.129799
-2848.793097 -2326.310135 87.274079
-2136.220495 -1702.292170 46.769403
-2503.178529 -2068.905547 126.485051
-3184.818230 -2590.196484 241.799544
-2913.146492 -2406.701586 131.741252
-2588.128545 -2061.841821 56.915547
-3308.627950 -2597.955622 199.132243
-2635.775803 -2097.479474 58.572479
-2656.760081 -2086.551214 160.554819
-2618.453572 -2049.770261 151.611321
-2094.945493 -1729.459812 109.182009
-2199.977318 -1816.349771 114.772462
-3023.932422 -2436.626814 112.533804
-2306.818539 -1903.736848 120.256228
-2989.211086 -2431.036283 178.486258
-2649.626539 -2188.091581 155.041029
-2323.180104 -1917.699985 100.016120
-2470.400089 -2009.644890 187.252829
-3008.707040 -2485.920411 132.056192
-3265.592649 -2698.027635 147.687949
-3404.221512 -2774.025613 100.779897
-2100.419562 -1733.752917 90.255172
-3433.081396 -2791.116572 259.755427
-2371.544237 -1852.278453 130.675720
-2202.687604 -1724.309183 128.289973
-3259.538915 -2459.984988 239.876989
-2682.425256 -1997.819257 106.752599
-3216.049078 -2457.563046 221.581933
-3019.838264 -2345.071856 176.806200
-3391.519853 -2582.958761 192.284987
-3244.143711 -2419.269755 196.219217
-3415.730133 -2586.618374 109.985158
-2440.950963 -1977.899889 119.668330
-2520.155826 -2003.040413 87.183233
-2391.446543 -1904.585646 163.709066
-2245.434300 -1698.846547 71.754151
-3051.532015 -2424.192130 106.019244
-3460.266581 -2778.619569 200.326714
-2506.227770 -1932.235716 97.589154
-3410.969647 -2580.968828 109.522467
-2345.898841 -1827.511131 141.720628
-2348.273521 -1829.360343 142.133320
-2625.206594 -2045.019042 158.057880
-3335.610319 -2592.459239 179.607618
-2179.037507 -1750.420954 125.550994
-3396.298186 -2612.347466 90.839792
-3510.853344 -2853.059721 103.884499
-2363.466942 -1921.275973 70.119591
-2805.848830 -2280.819008 83.534796
-3122.048239 -2400.837913 83.450687
-2636.731729 -2061.271975 110.437876
-2290.427463 -1761.353333 64.134618
-3011.725932 -2421.214583 110.029207
-3494.079031 -2705.960333 139.097674
-2694.856942 -2174.946947 110.828887
-3552.433109 -2781.223820 217.797095
-2964.674382 -2397.675315 165.304550
-3299.613598 -2450.507419 185.539838
-3231.487784 -2438.235323 237.350222
-3485.620043 -2757.046690 178.764380
-2901.554462 -2286.609885 215.607669
-2956.967657 -2368.661105 189.882712
-2169.608031 -1667.748161 57.522518
-2911.908252 -2333.799218 99.545497
-3216.327284 -2496.889548 171.142964
-1937.762029 -1569.962695 96.130401
-2507.694108 -2026.469636 174.318966
-3356.289611 -2654.886891 184.849794
-2840.226338 -2203.450630 141.008477
-2449.889518 -1899.085004 165.366951
-2351.745251 -1900.139753 163.487640
-3373.006570 -2625.231869 248.076284
-3007.855326 -2449.202551 231.429419
-3467.566244 -2708.267683 188.973821
-3353.571056 -2723.464824 255.336406
-3541.582033 -2772.198578 219.092446
-2351.241472 -1937.414851 101.261113
-3259.810200 -2687.463380 141.258486
-3039.088134 -2469.286813 231.570011
-3062.177260 -2437.817966 71.882643
-3016.260442 -2487.843184 129.667290
-3483.190955 -2754.460496 191.846497
-2616.422628 -2049.443037 158.738043
-2701.483293 -2109.662974 147.258439
-2654.444072 -2079.895703 158.498599
-3097.211694 -2428.268821 154.431649
-2418.695350 -1879.568112 139.059857
-3216.095773 -2636.369162 116.058750
-3294.254036 -2700.438603 118.688383
-2902.904134 -2380.513033 104.215970
-2480.589819 -1983.825992 136.960720
-3344.147141 -2523.992612 238.622460
-2529.590416 -2055.556041 152.926864
-2430.485523 -1932.913629 109.737133
-3027.545430 -2377.122794 61.401339
-3591.089630 -2916.507995 101.741791
-2611.193501 -2075.791232 157.089343
-3053.104813 -2441.504668 193.800756
-2857.261909 -2312.693612 76.932806
-2610.553420 -2125.380048 80.272261
-2173.053490 -1643.638669 88.530842
-3081.295854 -2535.771987 129.582505
-2928.729124 -2210.901583 209.165867
-3174.642141 -2581.640506 190.730020
-2912.245426 -2247.095835 246.706892
-2353.219107 -1929.238521 86.487450
-3073.288865 -2517.904072 113.246520
-2866.855544 -2363.297003 167.543245
-3144.094658 -2343.120560 124.279401
-3459.214211 -2619.058714 139.422930
-2481.079825 -1878.714229 100.766949
-2350.455396 -1809.998456 173.344135
-2203.899016 -1815.428638 127.946337
-2868.667175 -2331.264706 218.614008
-2389.401564 -1903.309943 55.825223
-2346.724495 -1914.807277 71.231859
-3635.380593 -2839.988568 205.920410
-2400.691803 -1981.133479 98.101061
-3189.955549 -2630.508299 130.785932
-3491.257945 -2772.900193 209.375083
-2782.587927 -2230.083505 81.956511
-2605.573166 -1982.018977 131.618931
-3635.320484 -2764.709393 183.893250
-3632.112202 -2908.972033 202.139540
-2403.158383 -1924.014251 133.353393
-3445.999412 -2759.823952 191.237222
-3672.542590 -2800.747761 244.505994
-2600.294998 -2078.034497 202.485700
-2189.105309 -1658.140738 166.720107
-3569.661232 -2852.894521 278.033217
-3445.745923 -2754.039344 268.232157
-2390.060239 -1849.945531 149.730883
-2765.691550 -2104.044766 212.852886
-2542.880928 -1933.178504 196.217242
-3351.054709 -2747.072468 195.436398
-2669.168709 -1998.823107 133.713889
-2292.206756 -1851.922733 87.640890
-2878.074539 -2335.171281 150.531561
-2411.297480 -1888.011386 182.873303
-2802.260602 -2283.226707 202.069856
-2598.785445 -2066.577093 64.812582
-2156.357182 -1641.621182 138.963477
-3417.469902 -2719.047432 84.167156
-2886.205155 -2230.419776 82.354453
-3009.775783 -2419.855413 108.387823
-3221.566554 -2448.898764 206.981317
-3529.417341 -2807.884422 87.125212
-2312.409327 -1787.980033 84.639285
-3330.618283 -2628.819125 98.759804
-2938.298926 -2237.041283 148.796307
-2474.608277 -1966.408893 62.295751
-2115.403675 -1731.778140 146.652302
-2644.735939 -2101.038400 66.961953
-2324.527037 -1764.374695 90.571612
-3131.354902 -2386.352519 207.628781
-3584.207040 -2731.941342 238.430580
-2257.778477 -1722.702175 178.346626
-3081.880660 -2349.437987 161.829459
-2322.601083 -1826.304055 189.711478
-2851.098973 -2274.317455 154.027982
-2447.218023 -1952.613148 132.666270
-2873.709090 -2255.733030 194.996762
-3012.549144 -2412.931876 103.468234
-2534.008072 -2074.925266 90.776563
-2921.336070 -2305.385901 230.354667
-2390.093352 -1848.632062 73.146305
-3520.387262 -2779.370582 278.998639
-3464.076490 -2773.421775 190.421213
-2228.958957 -1783.990089 122.242970
-2997.542324 -2305.970928 232.272478
-3613.189310 -2763.384864 295.794837
-3026.325686 -2462.535244 224.847330
-2932.266083 -2385.013372 235.229921
-3135.986222 -2550.706940 251.678344
-2582.344454 -2085.929164 98.841137
-2698.096871 -2147.389341 223.022455
-3387.982295 -2683.534463 281.931127
-2394.633791 -1947.453702 192.137753
-2253.166951 -1715.451572 144.760911
-2978.680921 -2464.066136 153.803646
-3384.603136 -2756.547796 260.409677
-2645.370167 -2188.505556 134.753858
-3469.112648 -2825.755838 270.308371
-2184.726798 -1779.024954 170.450494
-2237.306105 -1759.398955 59.584539
-3379.212967 -2564.901689 107.767703
-3261.264383 -2595.458652 73.975959
-3019.710935 -2460.864102 233.792927
-3354.075390 -2733.760772 259.591202
-3420.953624 -2829.767904 174.255740
-2186.703277 -1780.458225 170.445072
-3233.847736 -2633.187751 251.506968
-2213.190854 -1763.510069 51.056531
-3336.899193 -2716.100567 262.496059
-1989.967749 -1533.328349 57.554792
-2642.220268 -2096.782589 227.230829
-3009.703118 -2388.217627 258.382561
-2092.208996 -1702.023143 167.857374
-3137.435572 -2488.513100 269.371366
-2358.840012 -1920.283895 189.609142
-3158.277108 -2571.100711 249.863463
-2434.577581 -1987.982742 81.298848
-3149.910557 -2564.375305 248.615763
-2608.093208 -2129.531964 87.496383
-2563.267317 -2092.254293 86.119970
-2780.726174 -2206.022710 241.354025
-3089.532624 -2557.618010 152.539925
-3201.290774 -2616.921003 109.174164
-3113.131204 -2543.242966 105.555982
-2208.204940 -1805.246508 75.620871
-2558.620165 -2016.211092 188.163127
-2590.505876 -2133.603244 161.567349
-2079.812132 -1713.535349 128.772758
-2177.479336 -1793.358269 135.087188
-2926.408480 -2411.837714 160.859027
-2480.826589 -1964.433477 207.189392
-2102.007431 -1651.845144 176.773011
-2212.161009 -1825.285069 120.523629
-2397.910582 -1976.704673 164.532591
-2400.088483 -1979.512808 164.693363
-2801.138709 -2221.306703 239.993580
-3599.757038 -2913.895122 299.366731
-2196.956110 -1813.330074 151.913938
-2035.343287 -1664.289614 67.875728
-3298.188049 -2695.962974 110.442031
-3352.964655 -2565.520426 272.895020
-3325.216766 -2698.325058 185.484875
-3667.357903 -2794.865649 101.241845
-2735.442065 -2074.253867 158.047275
-2835.094485 -2132.257130 105.032280
-2109.896017 -1655.181383 129.104206
-3604.734682 -2830.086996 219.568031
-3046.231653 -2392.367044 184.977193
-2976.101637 -2434.960315 206.068575
-3525.311486 -2767.678181 214.899675
-3363.516211 -2566.488712 176.378977
-3666.736794 -2797.577288 192.374975
-3512.874617 -2773.811549 277.268452
-3008.576729 -2441.464236 174.106364
-3285.584586 -2505.405562 259.604523
-3645.980251 -2779.935912 287.353845
-2920.468145 -2418.650378 136.844702
-3444.455946 -2844.389235 227.054579
-2890.869838 -2390.834851 129.343583
-3261.469559 -2701.487610 153.444923
-2972.071423 -2415.151904 237.161658
-3373.063946 -2692.496128 208.286822
-3406.505049 -2731.713706 182.471709
-2107.127233 -1673.242539 44.087673
-2509.676916 -2073.969489 113.017449
-3271.703053 -2674.921555 104.613608
-3060.124277 -2530.909673 133.358482
-2929.432821 -2333.998331 66.064866
-2776.453145 -2294.853587 120.942779
-2893.752212 -2397.037052 130.196942
-3106.137536 -2565.054413 147.146407
-3184.513197 -2634.705815 138.230809
-2943.410090 -2431.603518 189.914425
-3277.734005 -2708.370059 140.042924
-3351.330350 -2767.950200 143.027193
-2974.523199 -2463.758177 156.156718
-2362.397617 -1952.621192 162.447768
-2536.367264 -1990.116265 150.622230
-2357.619179 -1920.434172 189.398707
-2962.918795 -2423.979361 95.606370
-3305.200427 -2705.480994 111.092510
-3184.986359 -2607.261811 105.088395
-2644.134953 -2165.371811 85.822796
-3071.584433 -2515.598926 99.580548
-2410.087411 -1974.585332 84.455325
-2414.837616 -1894.856648 144.063821
-3499.727408 -2889.836760 145.946645
-2692.250581 -2222.640184 114.208493
-2975.486580 -2428.817421 232.764076
-2990.233887 -2465.391676 200.850829
-3382.380085 -2803.648879 177.645121
-2696.386187 -2235.174279 137.598900
-2643.029065 -2193.037771 138.531855
-3411.721379 -2653.738156 179.677981
-3102.868299 -2412.454432 164.023655
-3074.970250 -2391.078183 162.861742
-2391.730302 -1962.029736 171.619996
-2741.387209 -2258.298567 108.996596
-3163.174796 -2613.370151 140.898071
-2393.556993 -1980.260036 104.559152
-3050.706629 -2522.247038 134.738178
-3103.425741 -2563.883268 138.229128
-2497.072833 -1941.402759 132.461527
-3544.638067 -2926.783383 244.392755
-2155.878564 -1781.358401 127.542498
-3382.271284 -2748.413501 122.432281
-3103.077671 -2492.000260 79.081334
-2882.079373 -2224.360411 113.495296
-3016.109260 -2336.553630 203.417908
-3439.850517 -2663.928469 232.888281
-3640.622668 -2819.742541 246.534962
-2202.716866 -1652.251059 157.187621
-2242.681222 -1682.088261 159.605357
-3489.097505 -2709.999230 186.492665
-3122.197568 -2481.055699 68.830407
-3062.883433 -2518.396380 193.259362
-2926.951176 -2415.418237 130.950858
-3205.535666 -2620.522017 111.627175
-2646.473153 -2193.536563 140.309902
-2731.542431 -2106.955580 106.152399
-2429.170578 -1972.019422 156.816623
-3090.604968 -2448.374855 264.417426
-2959.705716 -2434.504883 207.407096
-3006.553444 -2467.024838 201.510408
-3591.470888 -2946.798050 242.333541
-3370.710781 -2780.137164 226.273456
-2300.413359 -1828.036390 49.010321
-3351.657888 -2731.888426 259.453778
-3183.420343 -2636.905578 144.186771
-3533.444670 -2800.420350 299.941691
-2895.923610 -2363.918030 225.001906
-2915.887962 -2421.637398 148.774175
-2296.947879 -1905.411610 121.849542
-3422.858350 -2720.566434 72.598116
-2087.335939 -1723.321703 129.582986
-3651.901641 -2731.507964 257.357011
-3674.271480 -2746.528037 258.085588
-3621.173138 -2831.902583 214.425091
-2301.242849 -1889.796447 158.328427
-2374.239669 -1903.099758 123.860587
-2442.229763 -1866.507629 177.123844
-2728.191464 -2030.178651 128.497605
-3518.971933 -2695.636803 85.939120
-2249.797704 -1808.252767 124.585908
-2872.291892 -2352.280239 119.541110
-2429.738367 -1812.157869 149.108938
-2493.312201 -1969.249951 135.952444
-3151.493690 -2478.056637 159.204528
-2629.130197 -2009.659123 190.989021
-2731.586784 -2193.634216 139.739575
-3285.537004 -2583.324275 166.047068
-3378.800643 -2709.475132 177.089176
-3129.297617 -2569.864629 156.948380
-2387.354723 -1960.607799 119.184639
-2654.036757 -2102.730634 96.908035
-2865.493797 -2206.370950 158.334489
-3242.679896 -2603.046061 109.822627
-2103.898246 -1728.046603 105.833079
-3250.810914 -2621.991427 146.801305
-2652.856566 -2003.268509 102.225295
-3340.179101 -2537.492247 170.312060
-2378.318317 -1849.867170 185.308943
-2926.246484 -2365.315082 226.020402
-2473.307905 -1951.603627 109.856010
-3058.141198 -2493.393140 161.469369
-2932.685939 -2388.744347 105.284937
-3054.363861 -2469.711030 181.696481
-3259.924536 -2570.351200 222.000151
-3132.843095 -2564.545318 131.406569
-3640.355639 -2768.965986 287.611113
-2638.887133 -2159.802024 113.737077
-3467.512576 -2745.812335 188.526869
-3617.877804 -2722.306917 171.290737
-3050.204403 -2498.126426 154.990259
-3614.322548 -2717.718043 171.561482
-3220.577898 -2473.154293 150.649554
-3227.767965 -2426.504824 153.627602
-3466.469669 -2744.823728 188.357897
-3185.670379 -2455.833558 212.851699
-2917.517903 -2388.349772 125.809828
-2955.145936 -2389.216751 175.599327
-2613.489120 -2047.150813 225.074647
-2601.746504 -1962.649327 174.130517
-2912.641900 -2341.466827 117.551576
-2314.488179 -1890.636241 97.834025
-2431.030542 -1870.832959 88.910692
-3354.956850 -2542.775526 219.054919
-2628.443219 -2022.114157 95.915660
-2303.116898 -1889.694368 157.081136
-2580.968807 -1994.365409 205.634567
-2496.428539 -1886.582558 165.194546
-2187.275570 -1735.746030 126.339951
-3347.776256 -2600.108845 237.020488
-2618.219185 -1985.338139 170.741989
-2972.125771 -2358.120190 171.638767
-2806.109800 -2147.981853 171.110000
-2627.190557 -2011.294089 160.108028
-3375.430378 -2571.694729 102.229264
-3350.163167 -2538.366077 267.478493
-2201.394187 -1667.755645 175.232343
-3570.152003 -2700.174533 236.356807
-2622.095589 -2138.144242 96.636488
-2534.473228 -2064.439858 171.254950
-3319.673967 -2594.984381 199.978920
-3146.653678 -2562.862888 212.423572
-2584.533033 -2042.568229 70.244808
-2551.841718 -1981.472588 79.209810
-2553.887797 -1976.880181 103.325445
-3211.654649 -2487.026504 130.400695
-1939.466912 -1560.077877 67.496931
-3036.353793 -2402.080738 81.909444
-2710.340953 -2087.317053 81.752890
-3654.299890 -2867.191076 90.117742
-3495.951090 -2850.318622 129.571765
-2741.157936 -2167.168236 226.096665
-2785.563143 -2199.732267 212.102772
-3196.763885 -2606.428073 115.393702
-2939.641673 -2236.227235 228.321317
-2985.669081 -2332.792531 177.978570
-3383.617868 -2767.632759 211.163380
-2991.250621 -2462.599463 128.772600
-2323.129614 -1872.588575 96.400568
-2759.712120 -2170.312434 91.607255
-3089.674950 -2490.347123 128.117121
-2881.265567 -2217.269625 100.852923
-2928.116303 -2361.345764 133.135572
-2990.723855 -2462.204939 128.676243
-2694.179180 -2126.766847 59.951673
-2909.230508 -2346.188630 131.641447
-2734.762291 -2057.897924 184.764707
-3367.141441 -2615.562777 158.589935
-3346.230024 -2518.445371 227.721347
-2453.603247 -1936.296567 118.859598
-3099.728195 -2373.769144 226.038624
-2896.226621 -2297.913357 94.355760
-2902.180427 -2221.620049 177.714058
-2270.649551 -1723.848766 152.410151
-2123.076032 -1742.859067 89.252189
-2410.260332 -1836.703632 91.348260
-3085.082654 -2337.215139 205.753444
-2882.821313 -2184.232563 192.143322
-2662.228484 -2008.828656 179.192515
-2904.847653 -2200.867287 193.648493
-2899.048653 -2174.231644 115.851427
-2755.274896 -2083.731591 217.096075
-2688.544228 -2201.605677 139.573426
-2577.090711 -2010.810627 102.169574
-2680.374613 -2177.844221 100.097670
-3389.874869 -2628.221766 92.611154
-2616.383065 -2016.812336 82.777882
-3505.939623 -2728.516702 193.082775
-2169.962776 -1684.721806 112.219383
-3480.585544 -2726.755241 134.392523
-3228.501936 -2475.100892 239.973595
-2415.546613 -1829.879268 161.391292
-3489.132330 -2749.588940 267.734676
-2776.837636 -2181.615455 210.385032
-2485.160148 -1912.117334 205.927014
-3342.207346 -2553.653697 131.703794
-3199.003438 -2485.046683 149.910679
-2496.614862 -1986.268850 132.106925
-3305.570347 -2665.503363 222.895579
-3015.560157 -2406.338029 159.274762
-2584.487715 -2113.324999 185.225662
-2617.028328 -2078.716619 81.812377
-3427.135144 -2802.508038 245.727346
-2475.612733 -2011.328055 182.856681
-2338.895197 -1767.080096 155.581355
-3489.145190 -2684.266014 266.486854
-3447.740389 -2663.095575 238.188708
-3042.169731 -2302.213892 156.461022
-2497.263725 -1879.889738 168.659658
-3052.198579 -2505.142308 208.079942
-2527.538432 -2060.598332 134.436518
-2412.638220 -1970.116512 84.591951
-2350.628280 -1896.426914 107.449616
-2308.206763 -1777.341072 80.554096
-2310.942867 -1778.807680 80.473650
-2737.952914 -2163.484187 75.994825
-2184.991951 -1728.310155 179.646554
-3124.185566 -2470.878342 84.188922
-2638.749992 -2031.389123 92.473708
-2643.916068 -2171.396712 150.522379
-2188.905033 -1710.028223 117.912517
-2376.883779 -1938.940124 86.308709
-2647.439870 -2175.132175 180.382029
-3433.570556 -2640.314472 268.149482
-2479.016663 -1849.039377 99.088527
-3199.490862 -2509.528545 153.662445
-3251.806310 -2506.511826 235.899539
-2187.500307 -1709.934646 186.354106
-2251.372170 -1718.355629 115.764044
-3422.681927 -2662.654762 248.844472
-2373.385735 -1858.433454 109.232157
-3593.409598 -2814.676251 165.396572
-3369.307186 -2639.013227 151.728854
-3523.887217 -2698.982843 85.510372
-2228.334117 -1802.632637 149.002568
-2535.727495 -1994.697374 173.148817
-3509.300745 -2798.883780 229.466465
-2684.693055 -2200.884583 108.285386
-3255.188441 -2513.937537 142.121727
-2908.410232 -2219.470706 108.028765
-3509.107046 -2709.048154 207.298415
-2357.028265 -1819.810529 140.299628
-2749.805266 -2194.669963 101.379989
-3446.817703 -2650.562351 163.109333
-3445.737876 -2649.715794 163.254978
-2741.140958 -2247.864163 110.747737
-3073.480509 -2372.020485 181.784571
-2526.999446 -1992.247288 112.948802
-2677.816359 -2155.847645 110.024253
-2274.780421 -1765.000932 127.860111
-2498.713704 -2012.199335 102.818565
-2204.828859 -1750.000670 55.065192
-3020.303276 -2387.884268 249.547565
-2412.303176 -1951.139818 161.171113
-2593.796643 -2050.211585 197.839340
-2661.130016 -1993.282647 143.529553
-3424.688534 -2705.484531 259.879645
-3285.237001 -2587.791463 251.212293
-2607.388139 -2087.159428 139.593225
-3561.227822 -2716.597502 135.383107
-2216.385640 -1767.753298 163.408185
-2633.702316 -2158.924145 161.384741
-3073.624933 -2452.456237 226.539927
-2870.289891 -2352.575999 175.860725
-2252.117468 -1849.406158 152.800634
-2420.938532 -1838.127583 82.459498
-2522.261786 -1915.476757 85.118929
-2513.952009 -1956.201642 177.036120
-3451.321907 -2833.494775 234.921640
-2794.669339 -2162.076466 153.655535
-2607.615828 -2041.490148 165.212612
-3635.022304 -2845.290491 230.468434
-2785.267725 -2198.270560 87.388403
-3212.307950 -2467.452044 257.256985
-2897.968653 -2287.363786 92.039900
-2635.808826 -2164.983321 179.747980
-3423.776260 -2811.921845 233.207891
-2102.607835 -1602.900822 80.089390
-2158.078822 -1603.409104 127.600642
-3177.280177 -2602.257052 232.260039
-2333.446204 -1729.147271 138.609540
-2821.262108 -2125.918193 91.645889
-3634.276238 -2868.083511 176.508417
-2403.178683 -1835.366403 174.373699
-2521.777575 -1884.777895 132.434496
-3002.997191 -2450.921603 176.072512
-2441.079581 -1959.227659 142.412653
-3291.231048 -2579.315828 285.040507
-3211.780864 -2572.549435 151.267741
-2591.010587 -2058.474520 196.380474
-3222.647055 -2635.991775 146.664490
-2484.044210 -1926.375202 133.212190
-2555.546827 -2017.928621 195.781794
-2975.402017 -2367.694844 155.671660
-1950.130280 -1552.120194 102.109763
-3493.856548 -2671.892891 139.767846
-2957.409765 -2224.854846 122.810750
-2165.788257 -1651.412965 88.381066
-2917.135048 -2372.244617 107.038979
-3158.002838 -2539.243755 175.600776
-3297.335860 -2557.007883 143.281981
-2692.690596 -2125.665456 59.925372
-2565.660760 -1992.040234 80.267363
-2731.417001 -2228.367698 144.670232
-2331.109325 -1824.071300 147.270228
-2707.803582 -2046.108271 104.924733
-3320.250350 -2564.387367 121.135418
-3458.805413 -2596.152168 262.027297
-3255.286979 -2418.976475 194.796754
-3437.269720 -2552.821883 149.023865
-2439.157283 -1830.672056 172.822356
-3349.495062 -2540.368083 264.996769
-2486.935412 -1989.105370 79.579211
-2573.448995 -2087.990471 86.708930
-2488.688355 -1859.018274 147.194103
-2487.085946 -1988.841842 79.680490
-2207.551272 -1728.219491 182.319962
-2688.444908 -2104.819243 221.455018
-3449.203342 -2660.217171 114.090377
-2312.555261 -1754.378799 153.977917
-2842.637954 -2147.670265 89.900004
-2492.529082 -1983.608124 131.332171
-3290.880026 -2552.451683 176.295138
-3133.731271 -2563.618810 167.200373
-2750.342380 -2140.761491 150.450623
-2768.157550 -2259.335713 198.327456
-3432.808213 -2803.600328 245.973332
-2799.324488 -2210.992143 214.532385
-2550.414783 -2000.414946 125.919092
-2958.064718 -2415.741796 212.206168
-2959.570971 -2414.865866 211.271986
-3449.114564 -2791.594780 230.916757
-3096.754797 -2479.769510 145.754381
-2955.641945 -2393.130706 198.591703
-2931.207741 -2373.178870 196.936371
-2981.642565 -2328.524737 125.044112
-3329.318764 -2600.623971 138.649146
-3010.513658 -2447.368670 168.941195
-3470.881808 -2711.312935 144.776397
-2362.389323 -1764.786899 168.616094
-2821.691137 -2126.019519 89.329079
-2562.696372 -1915.991390 181.911680
-3052.443264 -2268.171997 181.406079
-2497.138395 -1966.023849 135.270789
-2636.725098 -2076.737499 143.455584
-2461.045988 -1937.045956 133.430551
-2325.950608 -1794.752732 193.389947
-2510.475206 -1916.786926 210.009202
-3459.253898 -2682.081537 306.868210
-2264.861652 -1702.748644 155.562708
-3511.735021 -2640.200350 241.120460
-3512.377099 -2659.408814 230.340720
-3263.201555 -2580.318347 177.060169
-3104.461101 -2455.400301 168.625124
-2674.191821 -2015.199759 181.896790
-3596.205961 -2942.229726 222.876343
-3701.643073 -2789.789483 252.649371
-2738.243588 -2060.836178 182.710417
-3049.761614 -2513.885619 151.917237
-2819.352380 -2113.451873 190.997721
-2829.793059 -2281.615430 128.742570
-2948.340072 -2223.423782 201.412138
-2915.611589 -2348.269356 94.818542
-2884.695325 -2175.618562 196.604738
-2232.838729 -1683.193028 151.916989
-2359.836811 -1794.558338 152.854820
-2624.604471 -2124.078221 101.931054
-2465.671911 -1886.538559 181.256949
-3322.228613 -2514.498542 217.477594
-2829.634481 -2173.637436 231.169438
-2853.816447 -2135.639719 117.983839
-3405.948750 -2744.066724 110.457190
-3135.205806 -2494.245050 162.294378
-2624.013732 -2060.506567 131.996639
-3372.928002 -2526.280343 227.328590
-2369.826059 -1877.592677 128.705017
-3106.126159 -2461.125848 169.229964
-2880.001545 -2342.297059 130.590403
-2438.489429 -1983.483179 110.422671
-3362.761030 -2622.454601 128.836461
-2980.961249 -2325.332212 135.455083
-3097.688778 -2435.246090 220.979181
-2634.828963 -2054.273499 119.668195
-3184.548077 -2466.577806 131.462264
-2875.772976 -2165.662515 196.228074
-2431.582513 -1977.607851 110.364676
-3140.756330 -2520.831364 261.515807
-2258.550698 -1751.683468 108.037223
-2227.191976 -1707.825032 166.053200
-3144.376733 -2345.973691 124.468940
-2728.750604 -2201.499393 224.091064
-2734.838440 -2244.994885 113.847798
-2475.404582 -1894.858422 181.212722
-3117.329341 -2345.097567 207.164766
-3425.863242 -2577.259755 227.159133
-2171.612858 -1751.200028 177.988079
-2675.051550 -2024.865232 139.297252
-2763.941749 -2184.803169 230.817001
-3283.399241 -2483.761893 257.605133
-3606.406717 -2894.634203 299.889609
-2078.456289 -1595.846707 170.541556
-3125.287520 -2508.500352 260.554937
-2413.799037 -1923.348786 128.440975
-2423.096654 -1898.238802 94.804474
-2783.171619 -2204.639322 160.950001
-3075.688960 -2435.310368 177.156502
-3434.313944 -2823.803037 203.089980
-3036.645788 -2465.703627 251.658734
-2173.600888 -1693.182529 191.816408
-3584.776193 -2861.050030 294.084638
-3150.659186 -2358.649164 212.492500
-2616.807701 -2039.599864 231.231041
-2465.484768 -1967.587754 202.286767
-2930.315541 -2378.200728 233.496839
-1827.014386 -1374.578510 122.193526
-3020.363533 -2485.782725 189.381823
-2940.033744 -2407.491959 128.534564
-3049.216399 -2480.426936 226.806170
-2869.801600 -2330.663949 230.647419
-2620.332780 -2156.310130 164.193527
-2576.084681 -2100.796753 91.511899
-2394.090787 -1952.288229 84.704922
-2393.584185 -1940.903727 192.549622
-3676.352023 -2810.394039 307.113325
-3161.843499 -2387.130621 208.574300
-3174.935711 -2397.211169 209.893557
-2777.783882 -2245.627769 232.099661
-2599.623388 -2071.446112 216.890203
-2389.840054 -1908.428909 193.580815
-2394.158564 -1942.512210 195.185017
-3601.701643 -2876.390369 298.286470
-3140.862541 -2547.440541 255.646509
-2642.778330 -2177.798650 185.874873
-2665.932775 -2116.599238 225.020748
-2906.571422 -2293.076022 255.847507
-3106.889896 -2451.312974 271.343462
-2902.806958 -2304.278031 247.708274
-2814.849872 -2234.292984 240.025225
-1809.374111 -1465.628768 151.766431
-3141.214359 -2492.093996 268.019612
-2079.546402 -1717.343494 111.879837
-3495.583501 -2889.644433 189.123490
-2997.839227 -2434.640076 245.867919
-2195.578808 -1680.015502 183.227482
-2589.637488 -2100.075241 216.313395
-2668.616207 -2118.864417 225.438305
-3270.510262 -2603.399989 274.794230
-2590.295977 -2104.514666 211.346278
-2352.002958 -1909.271461 191.893893
-3132.148058 -2558.601975 107.738547
-3287.156896 -2672.720047 269.870832
-3611.982308 -2870.099147 304.016135
-1837.847640 -1519.229750 98.819100
-3384.778948 -2635.847693 297.399441
-2577.868164 -2007.558235 225.622144
-3051.817782 -2406.498663 274.079437
-2610.159621 -2056.592385 233.497366
-2777.454686 -2219.212205 231.708791
-2608.728073 -2055.536245 233.326135
-2598.084582 -2076.873724 215.620362
-3450.695397 -2766.162828 286.531808
-3603.848255 -2873.481028 296.592817
-2259.410560 -1722.482926 187.735023
-3176.540681 -2382.231827 216.830150
-3074.887733 -2343.353624 254.581948
-2976.301109 -2386.731440 246.675503
-3145.723195 -2353.912774 218.571951
-2878.605716 -2259.460527 144.383407
-2598.003373 -2077.427630 215.496450
-3154.284835 -2404.240401 265.460548
-2117.913268 -1696.393447 175.965441
-2781.891914 -2246.564251 232.215741
-3381.008607 -2535.490221 230.723494
-2182.307003 -1761.036961 181.892928
-3232.255811 -2421.920562 221.598775
-2903.959146 -2259.709584 257.352717
-2589.343559 -2104.859315 214.566224
-3082.944860 -2503.433331 254.170720
-3678.725887 -2754.019021 254.875036
-2307.449698 -1730.165394 153.611007
-3231.760400 -2650.582276 224.529939
-2928.769914 -2231.566062 241.302157
-3073.676990 -2380.983009 127.113202
-2133.649289 -1745.992573 132.751228
-2494.625116 -1993.695694 67.286349
-2491.649096 -1993.417330 157.322741
-2877.949235 -2271.344075 250.594990
-3202.890151 -2581.946562 263.494819
-2662.449849 -2029.068577 103.240701
-2393.716064 -1943.675722 191.746856
-3326.675864 -2552.784495 271.199109
-2640.539238 -2025.854707 215.220475
-2439.418625 -1906.947068 130.762651
-2707.874070 -2225.689431 153.048444
-3197.236092 -2617.928982 199.013029
-2968.999923 -2344.338848 257.957112
-2951.963119 -2343.301599 248.492591
-2267.823601 -1733.186709 190.289103
-3155.755986 -2410.243016 265.267404
-2742.894035 -2195.567384 227.463238
-2640.539755 -2169.546763 187.988761
-2991.364705 -2455.679337 212.804410
-3398.095859 -2676.482135 305.173367
-2535.482519 -1933.356821 214.142473
-2296.661217 -1760.333941 126.043726
-2643.099751 -2059.435968 100.715374
-3041.947140 -2274.539605 208.139366
-3177.571416 -2381.017559 213.927392
-2092.937162 -1691.332410 68.490957
-3341.646335 -2547.102948 132.831132
-3183.905265 -2399.852364 217.419999
-3018.633224 -2330.408522 213.437115
-3011.856181 -2395.767231 156.228105
-3065.410687 -2450.534663 131.386958
-2433.549599 -1944.415958 104.180282
-2384.642262 -1917.743882 133.464283
-3012.798780 -2326.672779 219.903329
-2793.759806 -2206.597144 161.447765
-2931.673689 -2232.208470 244.607715
-2522.066856 -1946.945377 184.152527
-3673.209553 -2800.118186 144.003352
-3251.664453 -2458.610845 257.656980
-3494.969251 -2749.484701 189.464147
-3535.505394 -2780.416533 191.322397
-2555.822030 -2055.022831 142.840627
-3083.303853 -2334.081463 163.796185
-2430.059409 -1876.351125 177.187417
-2421.801004 -1900.563517 210.309866
-2991.267412 -2376.873934 88.514815
-2110.146907 -1736.425169 133.019263
-3389.725444 -2712.130918 275.741774
-2396.076431 -1909.641297 200.421966
-3370.122389 -2783.128626 188.466786
-2991.510328 -2421.251876 252.934796
-2606.048567 -2063.112228 227.013518
-2713.343757 -2143.412399 238.871219
-2821.843515 -2149.533181 241.367177
-3244.225426 -2510.737024 288.696639
-2853.238153 -2247.199266 163.656447
-3555.954475 -2845.261018 296.364450
-2694.206567 -2041.585345 226.081400
-2815.813302 -2178.102686 250.550943
-2328.202391 -1799.777489 208.819299
-2269.092062 -1866.090529 154.083008
-3004.043430 -2408.849468 251.488607
-3469.479204 -2787.683622 284.366907
-2816.603219 -2190.611917 254.855224
-2609.341889 -2026.573983 234.347775
-2433.543668 -1889.249555 219.522776
-2386.731913 -1850.016553 214.560613
-3606.815701 -2891.684957 300.982418
-3188.496225 -2550.410728 266.710263
-3412.784410 -2681.745011 307.041133
-2471.553145 -1942.584997 221.814337
-2965.679406 -2333.004458 266.398462
-3052.148010 -2458.950866 253.799299
-2683.711517 -2163.009166 223.813704
-2009.818348 -1620.008529 167.648426
-2110.135260 -1701.028946 176.727264
-3005.602796 -2404.970973 250.595361
-3315.322005 -2657.490878 277.354892
-2870.822579 -2244.456038 259.310260
-3080.188643 -2284.893801 174.206620
-2813.591662 -2269.236254 238.405482
-3390.404415 -2730.765430 286.271159
-2611.718216 -2104.383163 220.743366
-3255.357522 -2619.905533 273.056639
-3023.792667 -2362.020157 272.354080
-2152.863313 -1747.313335 180.503601
-3346.469882 -2549.703137 131.612824
-2346.123985 -1784.899951 195.236507
-2820.670416 -2177.404683 234.108644
-3083.369157 -2429.658664 165.859150
-3373.858340 -2785.669479 180.217040
-3023.038917 -2484.238631 169.724749
-2983.075147 -2444.976558 217.116050
-3377.294987 -2683.585338 100.414420
-3190.409669 -2499.983499 154.425871
-3045.994051 -2493.267598 188.768246
-2511.702353 -1880.299231 171.991488
-2247.291318 -1770.939080 196.078304
-3623.479390 -2866.064883 207.700825
-2953.862470 -2229.259785 236.832996
-3028.447235 -2377.437908 271.701045
-3486.021016 -2629.335733 279.640747
-2975.923823 -2281.156880 249.998567
-2845.225795 -2284.360563 156.935472
-2726.392073 -2188.404220 148.366014
-2452.985938 -1865.226327 87.090423
-3476.921541 -2671.994948 261.337340
-2249.152536 -1718.575996 175.779922
-2807.841166 -2145.664452 89.305860
-3079.639903 -2501.357382 225.930039
-3163.136814 -2396.767424 184.784511
-2419.759834 -1848.765315 189.035683
-2338.570928 -1774.088153 87.114310
-3346.253185 -2534.299440 196.000132
-2975.497492 -2409.118193 147.835095
-2165.862354 -1701.848334 150.576728
-3151.849922 -2413.178749 106.637744
-3284.672344 -2458.093564 136.766790
-2696.868469 -2199.112049 133.697786
-2306.113696 -1888.700428 160.401240
-3298.034411 -2564.654183 212.663052
-3166.620384 -2594.974457 152.101289
-2334.330698 -1824.700223 140.302738
-2481.676447 -1943.491394 110.297604
-2827.803970 -2202.379184 156.309554
-3259.419493 -2684.657859 141.765793
-2055.520862 -1692.355881 87.752155
-2591.098579 -2133.680691 114.095814
-2590.351117 -2132.570576 113.048523
-2609.761897 -1964.163552 178.177378
-2494.543691 -1969.635689 120.082225
-2572.189497 -2059.879539 165.627215
-2723.877305 -2205.394135 134.664723
-2923.366965 -2323.826621 142.744895
-2964.186662 -2257.943049 111.490602
-3465.769125 -2663.561456 286.837089
-2308.623686 -1850.009330 123.737688
-2914.926790 -2360.805217 145.863436
-3443.373374 -2767.224552 189.759528
-3660.269683 -2838.184438 246.116410
-2295.889484 -1877.951052 165.746303
-2335.775238 -1933.376148 113.886819
-2585.151025 -2021.902686 152.223410
-2518.484725 -2058.874848 182.476420
-3289.986983 -2622.869197 179.772868
-2367.783628 -1780.180006 141.887794
-2947.088454 -2215.956318 176.356023
-3443.535580 -2589.955566 205.715161
-2556.423641 -1959.187359 185.332094
-2643.185793 -2025.675953 191.996413
-2616.261317 -2109.647995 66.201145
-3252.691895 -2487.419677 212.448050
-3128.786317 -2498.886079 115.060635
-3278.252497 -2642.620932 180.083319
-2919.698273 -2231.292944 228.513036
-2738.435811 -2187.653162 75.990674
-3450.399555 -2817.463839 221.202289
-3039.091714 -2351.866169 236.804902
-2564.025734 -1983.492855 200.388063
-3502.137587 -2814.238403 121.327189
-3027.947485 -2444.904712 77.894518
-2787.646774 -2180.488093 162.665787
-2742.353665 -2260.521102 114.970214
-3059.466679 -2522.965165 128.054583
-2855.915098 -2337.025542 209.256098
-2460.967988 -1890.909808 185.103473
-2371.507384 -1905.079427 131.756070
-2672.504975 -2021.170184 110.026361
-2973.874769 -2408.807320 146.884074
-2689.948628 -2033.942527 110.934477
-3081.751558 -2514.356561 201.175868
-3412.905129 -2633.558616 241.501573
-2893.919946 -2215.132530 98.548720
-2191.800946 -1720.688972 111.839785
-3084.018527 -2418.597213 204.163470
-3180.620427 -2464.164513 128.450507
-2258.924020 -1675.152840 132.731073
-3433.008810 -2628.290024 117.095461
-3660.784622 -2802.428579 125.336502
-2849.516018 -2259.536436 164.061647
-3533.759456 -2801.709988 202.921277
-2062.223815 -1552.770847 64.520057
-2337.514573 -1826.309058 97.099128
-3149.549027 -2430.715487 224.262387
-2978.476828 -2254.858509 119.026560
-2677.901310 -2068.358380 96.142594
-3263.043416 -2514.452476 276.958430
-2719.219048 -2087.860994 65.103041
-2447.694343 -1836.571956 170.895706
-1803.684803 -1390.867693 152.554824
-3446.187356 -2786.852881 90.712115
-2721.150659 -2201.348534 72.119933
-2950.549453 -2385.669131 77.557449
-3505.440806 -2656.868301 116.257708
-3033.731389 -2297.453083 122.384169
-3588.730437 -2836.246755 212.755499
-2071.285075 -1635.585873 159.495021
-2511.384525 -1985.139523 148.411299
-2512.106018 -1985.358690 148.621959
-2756.764379 -2274.667493 162.011564
-2277.222602 -1870.217475 80.766080
-3244.374887 -2689.554917 200.582674
-2485.163662 -2051.446541 177.570002
-3330.221415 -2698.005853 287.091553
-3026.796426 -2507.900307 188.069187
-2540.111903 -2006.253026 226.296310
-2265.131013 -1703.542159 155.473597
-2675.781908 -2028.660315 99.658360
-3205.827090 -2587.294133 215.933431
-2480.863347 -1886.235773 159.952714
-2760.792641 -2204.476240 181.104234
-2873.458867 -2182.945622 187.425591
-2980.277215 -2264.148170 194.368053
-2193.932170 -1668.580745 169.365987
-3124.817494 -2376.620427 241.440725
-2636.677334 -2053.693405 145.707670
-2892.183549 -2192.396675 106.282538
-3024.576032 -2358.005932 166.088281
-2874.802904 -2317.700464 117.411519
-3383.162708 -2632.898218 140.333053
-2865.175811 -2362.695452 170.644215
-2424.207663 -1944.425578 194.494356
-3345.746053 -2649.759815 191.672449
-2805.102113 -2293.454899 204.855704
-3265.762407 -2473.326161 188.999166
-2169.814859 -1643.318398 163.947431
-3049.313605 -2409.973465 255.091138
-2562.834970 -1962.566719 87.701089
-2426.500061 -1837.845975 140.873020
-3057.032598 -2458.691659 253.570653
-2375.417949 -1869.568125 194.659587
-3522.232869 -2834.754355 292.489785
-2337.167304 -1793.690616 197.850576
-3424.402712 -2683.018334 176.343859
-2399.933078 -1898.434438 212.322774
-2906.719016 -2344.383880 112.358403
-2505.454048 -1960.317805 221.806527
-2416.930113 -1891.745830 126.549952
-2732.865031 -2236.945985 96.976558
-2602.628562 -2129.732493 92.168997
-2694.035114 -2205.786230 94.660304
-3115.123469 -2572.814022 145.680841
-2931.228408 -2421.458987 137.525789
-2567.328492 -2121.510398 120.271040
-2400.984271 -1981.004546 110.806627
-3160.965801 -2608.903473 147.019565
-2982.365249 -2469.008959 158.905494
-2253.993368 -1865.657016 120.325677
-3277.397371 -2598.768099 284.616763
-2396.990124 -1899.769389 211.109579
-3077.236800 -2518.398729 105.200411
-2850.002494 -2257.839968 251.915248
-2460.932869 -1943.995852 217.132615
-2753.087472 -2276.850695 173.120823
-2306.579461 -1911.394835 124.376531
-3428.951597 -2803.763877 258.952246
-1876.089268 -1527.911833 154.844567
-2730.912474 -2221.152976 227.477097
-2506.090789 -1993.469586 213.786503
-2695.800853 -2190.976987 225.792711
-3333.018804 -2620.145350 301.042995
-3445.100656 -2715.098109 254.581466
-2322.278194 -1819.726358 208.874240
-3022.880865 -2367.508084 271.633343
-2863.739798 -2228.023713 255.029604
-2951.317045 -2432.074247 183.327775
-2678.152804 -2088.032845 237.715082
-3114.898722 -2374.566815 259.956782
-2624.904225 -1990.465084 96.074876
-2363.483437 -1920.631126 200.600114
-3093.706724 -2437.646061 278.834165
-2257.886501 -1838.352030 187.276852
-2972.181716 -2310.804221 265.364093
-2652.893052 -2099.035416 232.454466
-3414.380168 -2685.936657 309.081008
-3538.581472 -2766.516127 313.895007
-3205.429403 -2492.704733 286.777549
-2617.452980 -2125.726838 219.217399
-2931.805924 -2283.613134 263.722973
-3381.405287 -2775.107106 234.271494
-3049.517212 -2501.670299 211.744388
-3337.993096 -2554.162421 271.291157
-2924.492361 -2239.534026 238.556182
-3182.553013 -2424.854423 85.918595
-2208.100275 -1803.734341 70.495521
-2930.882322 -2235.880832 153.835773
-3081.399900 -2527.827944 227.625221
-3605.605454 -2831.526048 212.285669
-3158.891052 -2420.038620 257.219009
-2394.319653 -1982.869955 115.034030
-2276.670479 -1885.645761 111.331636
-3417.632037 -2791.989434 109.764816
-3112.615883 -2543.457077 99.516479
-3274.793627 -2714.856902 158.069979
-3041.558346 -2509.641699 182.574425
-3040.943407 -2508.365947 181.991676
-2650.796308 -2197.511905 126.463824
-2754.159819 -2245.382637 222.243120
-2959.172722 -2414.164292 235.223605
-3532.066872 -2804.511295 304.159551
-3130.300465 -2580.587173 218.455833
-3135.319893 -2568.811944 105.997852
-3175.512416 -2609.783157 190.582649
-3020.700446 -2467.744934 243.640454
-2897.305909 -2364.072946 232.176552
-3356.130011 -2735.055496 270.045394
-3351.465179 -2733.420851 267.435676
-2795.663919 -2322.675395 150.827215
-3462.175541 -2829.183253 259.668070
-2600.434598 -2131.410132 90.013717
-2605.949999 -2152.091990 178.791990
-2157.787708 -1758.742923 172.672470
-2678.818526 -2221.533732 128.950039
-2273.208211 -1801.544846 201.299278
-3392.930560 -2656.118554 302.942080
-2812.431209 -2202.119191 251.834259
-2525.826215 -2083.850186 171.779446
-3035.266783 -2503.648052 207.376679
-1977.032925 -1630.582853 135.150374
-2721.913553 -2244.703797 164.917618
-3292.648714 -2725.569449 164.439912
-2732.035804 -2221.269557 232.404452
-3076.997114 -2501.215282 262.607012
-2391.152588 -1973.115264 172.513665
-2579.705859 -2126.336514 187.018014
-3602.208817 -2919.855649 308.529494
-3127.649252 -2461.559296 283.885030
-3068.946542 -2518.911013 227.370715
-2855.027188 -2226.235248 256.806450
-2425.158255 -1974.712806 203.883152
-2857.259117 -2263.066521 250.175512
-2744.090730 -2173.743718 247.648427
-2840.342681 -2250.456922 253.158926
-3145.798388 -2452.247106 172.308846
-3611.072126 -2808.848813 172.448223
-2783.261985 -2205.519253 160.155704
-2789.988561 -2176.545819 151.843263
-2920.023772 -2288.921813 148.647662
-2808.461273 -2320.787555 157.894957
-3626.148272 -2859.685604 205.180381
-2496.899401 -1961.482408 225.057176
-2904.082996 -2241.144468 259.912095
-2449.424114 -1825.478526 167.445769
-3544.797315 -2932.671692 202.334927
-2146.764966 -1777.668041 122.515358
-3008.583322 -2343.075236 272.626170
-2976.881127 -2420.260553 251.197523
-3181.648347 -2569.707205 270.376368
-3363.519260 -2640.777258 307.076319
-2645.548564 -2176.277667 184.018174
-2613.182922 -2076.972128 154.675417
-2967.171690 -2426.545101 221.469557
-3078.607478 -2523.986080 224.603638
-2406.615132 -1884.521977 213.943461
-2514.003312 -2060.684336 183.569847
-3036.100427 -2501.767315 204.825806
-2823.628315 -2304.976007 228.030746
-2447.518393 -2025.304335 172.134998
-2247.485122 -1833.720222 175.818865
-3209.439269 -2505.611341 291.714761
-3537.175489 -2760.256977 320.104600
-2587.459317 -2147.296177 164.047231
-3389.530837 -2690.678217 306.214897
-2705.285829 -2147.058917 245.583283
-3435.336748 -2850.905204 183.127001
-2296.544239 -1699.635764 133.407220
-3661.316031 -2726.599373 269.887329
-2239.277469 -1660.278590 146.863795
-3668.987046 -2730.395279 271.182716
-2821.117596 -2256.855609 174.389698
-3139.452513 -2523.361158 177.811436
-2168.819544 -1680.903658 81.582245
-3197.586555 -2376.499903 172.545249
-2560.222746 -1983.750944 180.506189
-3003.612839 -2374.015323 245.016361
-2874.702557 -2305.421170 202.782581
-3517.401372 -2834.629476 174.690943
-2613.415752 -2107.031444 129.325409
-3490.935539 -2699.645034 285.878773
-2944.195229 -2372.282760 146.316679
-2941.327200 -2357.298160 140.435966
-2906.149802 -2247.031117 236.738563
-3347.741807 -2545.421241 131.477731
-2365.675838 -1857.416368 113.078535
-2575.711796 -1958.350698 180.951615
-2846.590897 -2257.468887 218.099800
-2937.596200 -2207.620252 133.795289
-2870.252842 -2249.822882 201.425937
-2439.763798 -1951.324411 125.021793
-2644.956981 -2115.914534 134.161349
-3361.874861 -2704.655055 92.962098
-2377.849630 -1901.708200 120.531724
-2572.050304 -2016.650080 180.775725
-3229.834216 -2461.020563 135.614913
-3624.362282 -2723.060898 165.901141
-3069.321824 -2298.214134 182.228454
-3126.506837 -2339.825641 133.823937
-2875.677202 -2305.842108 202.516377
-2753.094651 -2185.897375 195.004797
-3638.613372 -2888.871804 258.264695
-2854.546118 -2264.430514 201.600016
-3553.295714 -2674.575037 262.737243
-3191.443351 -2403.254657 237.453929
-2611.402948 -1945.500715 109.752877
-3108.406030 -2374.853622 81.502045
-2499.879480 -2011.126979 68.614312
-3036.972911 -2475.192232 201.111827
-2954.025179 -2250.422805 100.710696
-2326.742042 -1857.931879 80.793140
-3360.850662 -2672.791147 266.171323
-2908.985691 -2392.222957 131.257032
-3392.220243 -2708.938062 218.503790
-2577.108900 -2049.565401 160.602557
-2882.587544 -2312.537498 187.892103
-2626.944256 -2089.528339 162.438045
-2972.273245 -2364.580578 185.628163
-3482.020779 -2770.322436 215.783104
-3109.548460 -2474.642681 194.604245
-2176.682876 -1774.147921 144.681145
-2969.857625 -2363.589640 187.018740
-2589.133751 -2059.744744 162.858522
-3388.985942 -2706.985863 218.839772
-2351.828506 -1795.489674 175.788536
-2877.501594 -2268.413631 115.882510
-2719.586405 -2217.646239 154.775137
-2102.204846 -1567.490234 97.106839
-3225.807931 -2440.103554 177.000958
-2679.573397 -2130.578103 83.531933
-3066.795541 -2417.592509 123.920290
-3271.211615 -2578.662617 123.294783
-2977.877650 -2240.289894 108.163934
-2798.383932 -2148.533943 158.988996
-3478.921428 -2748.020630 152.601244
-3273.641440 -2463.619782 118.557675
-2901.481620 -2361.230703 94.746716
-2810.750660 -2218.699861 111.284860
-3520.404119 -2838.151349 255.674405
-3283.312131 -2486.587017 186.833852
-2683.172468 -2171.784556 126.026794
-2719.108538 -2215.589351 154.977836
-2900.580504 -2312.921416 116.446177
-3256.247921 -2509.277155 208.193333
-3592.233010 -2858.307231 249.636096
-2701.086590 -2155.529748 120.160039
-2701.940749 -2024.598790 154.390512
-2581.767515 -2009.294072 198.675581
-2825.737336 -2288.685848 202.281033
-3456.523684 -2773.436497 213.900961
-2580.353492 -1976.781969 182.868119
-2670.551671 -2063.024299 182.992674
-2522.295554 -1954.033606 135.449008
-3419.790740 -2706.888828 154.715105
-2808.783006 -2240.984360 124.818676
-3438.061736 -2744.137407 153.691086
-3371.443099 -2554.899692 185.735888
-2560.032098 -1954.237703 192.501963
-3319.533537 -2629.013764 111.932349
-2882.085800 -2208.371079 204.133785
-3295.720063 -2528.165973 227.575057
-3338.465919 -2631.597072 129.458741
-2875.261966 -2170.086087 154.470140
-2908.150194 -2231.224272 200.697186
-2916.670948 -2233.024633 166.166050
-2618.990907 -2066.292985 94.933121
-2748.251722 -2183.171819 188.493084
-2532.888998 -1997.437895 183.164459
-2948.083501 -2327.128782 115.686345
-2905.693435 -2360.850640 165.147287
-2181.930823 -1735.975783 109.606639
-2873.335851 -2296.303662 202.465985
-2853.610895 -2322.123103 141.421745
-2800.512222 -2256.316449 225.062710
-2928.853278 -2381.490859 129.362671
-2276.433254 -1810.891955 163.124458
-3136.073197 -2494.486412 160.648383
-3387.872608 -2693.174620 242.457097
-3075.571454 -2430.067699 120.641468
-2748.352972 -2186.007364 138.865538
-2343.025487 -1863.562706 118.400336
-3462.488535 -2679.778632 143.116795
-2765.290999 -2193.163580 195.094891
-2853.514095 -2320.851986 92.660379
-2190.678475 -1697.091962 110.216666
-3262.712162 -2584.731797 244.512061
-2329.806551 -1837.722403 93.842101
-2198.555832 -1698.730539 86.095480
-2652.709704 -2002.277053 105.886268
-2500.078235 -2047.439961 114.779139
-3095.184668 -2441.177407 117.630862
-3356.499639 -2653.263623 214.327803
-3288.023097 -2517.006559 188.544716
-2054.526558 -1690.906896 92.894219
-3288.916395 -2517.386048 187.906727
-3583.310073 -2775.749194 191.938766
-2719.098892 -2214.280187 154.834213
-3168.131098 -2520.364154 219.381889
-3253.774604 -2676.438623 147.635503
-2159.742994 -1775.688763 102.067423
-3104.556587 -2551.929492 147.419605
-2652.837249 -2002.162841 105.848645
-3468.216083 -2738.171388 140.668989
-2129.723289 -1750.313797 101.673423
-2963.418925 -2253.310822 120.281229
-3358.192492 -2569.747846 191.243016
-3228.665471 -2628.527033 183.837439
-2317.089224 -1885.036742 132.033361
-2159.976339 -1704.116127 87.456942
-3283.562127 -2589.894863 119.065987
-3460.576897 -2730.215383 140.913368
-2935.998055 -2315.136310 211.766840
-2855.188277 -2328.171018 114.185023
-2970.837076 -2344.085228 107.995715
-2776.303618 -2242.199877 160.980220
-3176.775917 -2511.548484 129.438133
-3150.003439 -2527.119427 149.137170
-2669.295610 -2039.621802 94.250692
-3711.289414 -2782.930184 162.338392
-2255.786457 -1708.107531 98.344686
-2775.938172 -2080.691531 134.896514
-2104.024112 -1693.997556 62.606080
-2678.578643 -2008.457571 129.308212
-2727.023997 -2212.870561 85.620076
-2203.343082 -1735.619434 87.899495
-2633.257679 -2009.771206 197.750793
-1913.524698 -1520.865209 89.233528
-2451.500867 -1937.991790 157.581385
-3578.861714 -2747.876436 100.456702
-2653.421739 -2009.745459 116.408693
-3329.463499 -2627.539754 132.208720
-2837.967169 -2174.074444 223.234295
-3305.488281 -2528.411964 103.009309
-2341.799700 -1774.036163 101.280549
-2878.173059 -2227.746725 126.937753
-3033.574944 -2328.480500 94.973293
-2413.652624 -1843.409068 181.933554
-3111.609127 -2380.152271 100.238829
-2620.075462 -2004.202073 84.829098
-3051.807674 -2403.773583 118.926780
-2924.343224 -2228.234224 236.461715
-3166.190944 -2422.189673 101.911184
-2513.873093 -1923.387420 79.796885
-2172.426686 -1638.683002 95.842836
-3078.357342 -2355.414885 98.236824
-3518.059720 -2731.952624 218.356265
-2715.043126 -2101.835740 120.069463
-2451.079318 -1938.828404 158.085753
-3305.345062 -2563.615355 201.010889
-2939.076818 -2375.916066 200.118894
-2333.386463 -1862.040546 162.440486
-3143.492288 -2348.025151 152.589980
-2807.498147 -2155.333020 87.419521
-2198.119633 -1734.611304 89.478483
-3467.483620 -2685.272037 186.713229
-2670.193475 -2107.034861 97.908669
-2551.879886 -2018.533579 101.708918
-1943.269864 -1481.127749 112.648469
-3182.757637 -2410.855991 158.702545
-2497.155150 -1996.228623 109.390637
-2625.381151 -1972.525079 159.087271
-3127.310336 -2370.951418 155.353154
-3661.101876 -2750.274310 220.998761
-2303.325187 -1869.322218 167.066071
-3354.670109 -2722.063123 243.957272
-2742.675946 -2054.633989 157.761293
-2859.670441 -2293.399216 107.866678
-2492.829102 -1999.586782 94.693380
-2524.166256 -1890.695635 144.594281
-3263.098947 -2575.616723 148.032003
-2778.920917 -2220.949362 122.200125
-2703.039876 -2023.105520 156.200075
-2420.144338 -1863.208032 107.269301
-2161.017508 -1705.112145 87.224740
-3419.499232 -2748.773698 132.524117
-2532.043376 -1910.106476 149.052863
-3110.407457 -2379.189122 100.216437
-1926.435856 -1568.334834 62.634890
-2491.209626 -1966.835292 109.669486
-2325.298053 -1863.424393 109.848404
-3512.517778 -2720.300424 156.781745
-3536.688534 -2673.061240 212.350989
-3270.990457 -2490.725324 224.606776
-3221.025678 -2494.360426 144.105255
-3049.105413 -2407.952123 119.204343
-3069.467496 -2416.477672 121.036189
-2612.095603 -1991.755531 181.019901
-2328.277290 -1812.779100 179.028499
-2198.960458 -1735.157254 89.522019
-2587.727473 -1956.137497 156.942817
-2948.328128 -2398.064099 139.254225
-2198.138419 -1698.165749 88.362687
-3371.576547 -2522.107421 218.989724
-2294.202969 -1772.971373 112.174891
-2394.506682 -1899.061735 183.280814
-2746.937906 -2177.514784 79.797383
-3067.026437 -2419.422605 122.549106
-3228.383074 -2482.223807 231.370407
-2826.017021 -2237.417214 186.015726
-2700.240336 -2143.384321 125.688090
-2692.978251 -2034.814549 121.368577
-2704.414393 -2059.294239 83.470980
-2336.699956 -1803.792792 186.859217
-3087.647139 -2309.754544 200.421279
-2317.153914 -1858.736215 164.190150
-2902.708868 -2325.433433 169.112058
-2363.896095 -1897.244327 113.554518
-2791.977832 -2239.036883 133.393148
-3145.913326 -2525.436486 150.630605
-2170.014154 -1668.175616 73.701945
-3111.465339 -2506.094789 91.239038
-3193.937737 -2390.246942 207.223633
-3460.963717 -2830.232961 174.331006
-2735.034332 -2236.968975 137.706750
-2792.827756 -2240.998621 133.049747
-3551.781675 -2846.231960 168.962930
-2784.723905 -2243.122092 81.857520
-2795.855972 -2167.137831 199.737104
-3597.417382 -2744.441611 269.377257
-3395.608053 -2782.642358 166.910551
-2691.731109 -2067.849924 147.631104
-2388.350254 -1904.661923 152.075425
-3425.503620 -2703.843691 129.776794
-2614.554760 -2034.745844 80.993421
-2277.504088 -1769.440052 54.438426
-2740.517651 -2132.958058 84.536943
-2794.299197 -2172.475726 87.461837
-3087.939236 -2442.855386 71.438067
-3090.047841 -2444.605697 71.475359
-3110.637195 -2461.039453 71.144419
-2839.155661 -2223.947141 60.286837
-2599.214749 -2040.243515 68.560526
-2237.861334 -1755.809941 58.961063
-2657.457570 -2082.007690 56.448007
-2360.006175 -1856.625673 66.331291
-3251.956781 -2542.687203 150.529249
-2656.725402 -2081.044204 56.651947
-2812.247650 -2187.431553 67.562476
-2394.670416 -1809.464472 177.014257
-3594.363557 -2858.247085 203.495653
-2840.745337 -2209.431342 68.240091
-3161.993953 -2430.358521 104.819988
-2460.046202 -1964.058600 84.309366
-2250.405382 -1749.168336 53.822062
-2380.505116 -1854.303347 70.336910
-2263.439091 -1725.282777 154.545186
-2355.523401 -1797.208781 149.647520
-2924.398773 -2224.580487 221.174716
-2845.246266 -2172.545269 181.429899
-3495.768331 -2765.046757 76.241959
-2804.352926 -2209.627161 62.516369
-2712.501435 -2106.094833 113.818463
-2818.728853 -2326.596418 143.418262
-2212.993584 -1704.934896 58.894155
-3279.734962 -2526.863097 87.318738
-3655.138388 -2844.214478 116.313680
-2642.642141 -2042.006076 179.437175
-2325.019325 -1810.889709 71.081772
-3250.554188 -2532.177067 101.686909
-2209.264769 -1761.079129 153.870915
-3214.489110 -2507.539204 103.526798
-2511.104269 -1958.884050 79.433780
-3217.507828 -2511.417001 108.944662
-3511.236158 -2831.700279 263.041067
-2889.456581 -2248.179698 95.849133
-3336.336383 -2591.128941 118.622798
-2215.336419 -1720.400922 78.910937
-2398.925511 -1846.883023 111.559441
-2369.373703 -1794.359373 102.116091
-2840.580799 -2149.404038 122.961133
-3275.599734 -2478.273097 141.969938
-2841.936698 -2150.102532 122.559068
-3406.250441 -2564.088910 124.310533
-3442.720186 -2670.307027 130.685633
-2042.327395 -1584.058164 77.655820
-2422.780793 -1846.706407 140.969823
-2291.217626 -1746.124864 134.026683
-3263.146147 -2526.704642 100.857303
-2041.003941 -1592.674108 64.601152
-3090.131588 -2410.575574 92.302104
-2695.777641 -2107.860604 67.918069
-2375.039480 -1862.332388 63.914410
-3213.846829 -2504.113592 95.564408
-3397.897832 -2664.733651 91.541858
-3039.988965 -2384.367332 81.878499
-2775.899025 -2156.852037 117.068422
-2493.068360 -1956.578420 66.833322
-2542.957535 -1996.218607 67.803315
-2310.482760 -1822.565208 59.224143
-2598.667173 -2050.321878 67.716368
-3190.869993 -2518.241364 83.028541
-3386.774054 -2700.790906 237.015591
-2378.206920 -1895.466384 166.159416
-2550.142204 -1988.830598 75.705532
-2600.957094 -2039.598547 69.229667
-2040.766498 -1582.334812 77.116057
-3069.800179 -2375.313020 100.033310
-2084.226017 -1662.583864 133.256174
-2959.698980 -2336.968389 78.117399
-2598.534620 -2052.457031 69.086750
-2396.741818 -1893.095286 63.870118
-3631.772565 -2818.976228 151.064329
-2625.626522 -2056.044023 202.024927
-3430.826126 -2658.403131 99.050973
-3452.697870 -2677.246987 129.599392
-2333.534252 -1792.378588 127.397012
-2471.914547 -1936.775083 191.249858
-2915.614442 -2257.543021 84.016293
-2505.961615 -1940.119885 210.960615
-3264.920285 -2567.325574 264.520204
-2481.048347 -1921.939205 210.255882
-3177.801701 -2556.111697 179.673370
-3593.672701 -2897.832180 177.947894
-2501.660946 -1870.683766 167.561916
-2647.541436 -2082.431099 213.801486
-2883.020345 -2257.878061 232.385506
-3149.737273 -2347.937444 196.942060
-2996.564352 -2376.640959 108.569028
-3321.567898 -2581.757337 223.557303
-2627.367664 -2098.459001 116.693308
-2941.578318 -2225.184437 163.232602
-2380.755616 -1774.835728 148.594337
-2164.478818 -1703.997266 95.439473
-3352.380206 -2563.223722 250.409292
-3065.491477 -2488.782761 212.278508
-3022.371671 -2253.415280 188.620179
-3195.924187 -2425.827280 92.031102
-2426.486025 -1978.018988 97.791266
-2357.527507 -1823.160921 123.754356
-2571.180335 -2088.887574 83.122575
-2554.369434 -2036.195879 120.782423
-3317.030859 -2694.348496 105.738679
-3608.566910 -2932.256940 227.329921
-2501.331455 -1871.009117 115.667763
-2314.961221 -1730.216169 144.307741
-2549.295998 -1909.756894 152.467767
-2559.826232 -2021.423642 114.780088
-2964.215590 -2370.464612 122.382147
-2566.382573 -1957.272463 80.202449
-3250.017493 -2585.795715 251.166306
-3276.160411 -2495.856201 101.931191
-2920.528014 -2224.884396 90.312312
-2580.388119 -2005.254137 143.283885
-2887.662408 -2278.424111 102.963013
-2546.799435 -2087.996226 138.993726
-2237.683416 -1716.843453 153.506058
-3369.649432 -2550.100689 185.944135
-2699.347300 -2065.110937 103.480686
-3173.490989 -2499.754375 239.522184
-3223.638796 -2631.147814 183.063128
-3200.294965 -2611.021443 182.487313
-3305.497609 -2686.572576 105.616587
-2880.333071 -2179.120368 164.418680
-3552.565248 -2884.914022 236.739973
-2351.182440 -1911.098421 76.068462
-2560.753051 -1973.687474 181.624361
-2881.263427 -2367.061715 125.163059
-2129.922325 -1750.023440 92.173409
-2862.450776 -2269.111515 202.119184
-3204.974645 -2476.011250 268.335394
-3620.809437 -2865.461086 169.937866
-2565.204210 -2016.724564 208.105678
-2858.701766 -2241.266247 223.299310
-2161.563468 -1684.329071 180.047845
-2884.588233 -2247.781633 233.928910
-2860.747024 -2243.077715 223.039943
-2416.119333 -1882.951477 196.749197
-2252.587965 -1755.588873 183.164202
-3115.897193 -2428.428197 259.432700
-3191.253427 -2487.477310 259.305350
-2867.356200 -2273.591933 218.577721
-3355.403897 -2630.690190 260.412239
-2919.072535 -2287.809963 226.465290
-3450.712276 -2707.083971 267.258594
-2576.503165 -2056.937728 156.446195
-3164.522351 -2545.267030 239.300524
-2672.368898 -2095.846509 207.957817
-2568.814977 -2008.233640 161.388943
-2859.543382 -2241.959076 223.131150
-2135.459827 -1663.893814 177.375089
-2246.377749 -1804.640904 99.647958
-2883.293249 -2233.842605 245.917546
-2222.313305 -1721.342551 186.785218
-2625.609345 -2033.124482 219.740117
-3040.706908 -2354.425159 255.429796
-3372.071081 -2625.860501 278.637357
-3433.130481 -2657.096066 290.317175
-2780.459356 -2166.242155 230.586304
-2743.946607 -2137.386285 226.121904
-2470.578747 -1936.430475 192.145880
-2934.892206 -2281.833225 91.409349
-2710.845272 -2084.011841 88.624036
-2157.290637 -1714.542046 133.533520
-2645.066943 -2002.960897 72.391174
-2158.804039 -1715.811422 134.382923
-2499.374417 -1985.640142 154.858729
-3172.961468 -2454.102836 82.071264
-3526.685603 -2719.636176 269.882299
-3066.488273 -2300.885480 166.320741
-3445.097495 -2732.768180 245.358382
-2368.934230 -1881.202926 79.739122
-2568.598283 -2006.226894 118.559647
-2630.940229 -2055.899491 124.175657
-2751.166163 -2093.893614 85.985924
-2495.845719 -1969.668978 115.023687
-2491.997403 -1944.733629 56.667813
-2643.076850 -2130.381422 112.596787
-3105.280940 -2425.149834 143.068903
-2569.241467 -2052.766639 115.248957
-2567.421967 -2051.267646 115.132184
-2567.064051 -2004.721919 119.646690
-2148.866076 -1714.223125 101.086165
-2420.267655 -1892.492549 147.388901
-2633.232301 -2049.133764 120.647257
-3569.806664 -2687.001960 175.073954
-3198.185229 -2478.609090 227.290670
-3424.630385 -2762.153175 144.608065
-3152.938009 -2463.129175 251.602565
-2389.332355 -1920.476920 126.718020
-2175.444065 -1736.426261 137.893587
-3031.915729 -2388.604787 258.251166
-2928.102573 -2229.510336 237.095507
-3189.679815 -2458.321970 146.567490
-3018.867959 -2411.453231 105.344418
-3040.848357 -2445.883255 165.736201
-3139.686335 -2488.348357 116.738869
-3159.008394 -2402.171145 125.771984
-3182.193809 -2594.527845 183.514704
-2287.026744 -1826.058275 144.980693
-2200.073342 -1749.153115 138.401164
-2992.451400 -2227.397477 127.137155
-2852.569798 -2193.937730 166.385542
-2662.439081 -2024.272579 106.286982
-2114.968688 -1638.376828 129.691796
-2076.371099 -1608.503172 127.004457
-2603.875249 -1984.405986 192.547168
-2616.698618 -2096.422290 102.489116
-3283.974551 -2527.008640 127.985134
-2351.602009 -1788.160654 79.111853
-3046.898578 -2343.736075 117.204152
-3056.916510 -2511.158079 165.055199
-2714.581429 -2091.993220 128.770559
-3111.602732 -2332.076710 153.502440
-2850.790345 -2243.221101 203.357198
-2528.384999 -1896.229541 118.173641
-3001.594322 -2258.982274 108.085595
-3444.668751 -2776.482395 249.942456
-3135.649377 -2344.489095 142.949347
-3158.661928 -2385.392291 185.252756
-2810.378317 -2255.383313 217.640760
-3563.735048 -2859.636373 276.901402
-2950.619150 -2330.820967 117.423004
-3054.345212 -2495.732678 210.341757
-3508.502216 -2711.796108 139.470480
-3502.730788 -2763.176039 235.156652
-3436.880486 -2742.998231 218.497858
-2906.293600 -2291.467806 194.175971
-2245.880095 -1723.799270 155.896378
-2383.054545 -1902.017451 75.324148
-2819.375729 -2224.470926 187.727709
-2662.487965 -2039.343008 138.452626
-2955.331185 -2393.002613 108.923982
-3444.865251 -2779.123081 254.809659
-3452.106601 -2794.371708 128.024031
-3250.937632 -2612.415382 128.928332
-2949.259267 -2387.537186 109.209185
-2507.237888 -1954.587719 62.456487
-3250.409346 -2632.009376 190.137257
-3327.331524 -2562.484672 154.272239
-2077.712751 -1599.778954 97.090768
-2910.236097 -2218.028663 219.680974
-2257.471400 -1739.813290 104.948179
-2633.329502 -2027.789292 121.955394
-3326.551081 -2562.127336 153.755181
-2706.590495 -2220.972948 154.429084
-3532.378509 -2861.893409 187.164746
-2870.333045 -2240.984071 126.810618
-3170.426803 -2593.689007 140.107083
-2805.666926 -2211.981787 239.924280
-2690.801171 -2201.494653 118.785105
-3241.941576 -2468.180397 237.805236
-3034.043778 -2309.805477 222.659289
-3343.276913 -2501.899684 221.299861
-2857.625911 -2302.228705 161.746747
-2999.248713 -2288.862913 76.324729
-3007.833201 -2395.673889 151.055660
-2344.009350 -1891.594951 137.938577
-2778.473113 -2086.219620 127.756568
-2441.568579 -1850.651774 77.511175
-2336.208037 -1859.685713 117.806073
-2524.675956 -1966.328761 186.820998
-2336.879561 -1846.850036 101.241314
-3247.831060 -2479.063416 131.961159
-3610.576732 -2932.394229 239.637548
-2530.236750 -1999.576462 110.325150
-2416.895825 -1848.858844 180.362914
-1837.711956 -1391.932037 100.574720
-2203.380290 -1805.209704 150.427670
-3508.866862 -2673.908799 194.408956
-3406.747089 -2656.060682 76.361815
-3658.475159 -2862.062059 309.785330
-3356.574082 -2541.990731 183.038940
-3121.385075 -2538.390708 227.752040
-2863.083608 -2156.388722 131.159313
-3056.848451 -2377.202370 140.209695
-2889.994448 -2260.014565 142.071164
-2559.117440 -1991.443569 118.320529
-2482.752718 -1932.718423 96.751407
-3009.899667 -2347.860213 128.570522
-3082.710047 -2348.648027 210.260723
-2778.768114 -2101.915334 94.465162
-3045.957699 -2286.848124 190.994873
-3404.106797 -2562.811501 123.241165
-3054.630880 -2513.032525 142.690617
-2619.362832 -2113.234951 93.838989
-2896.243226 -2336.247416 103.786748
-3050.799869 -2346.015346 196.682146
-3233.250832 -2427.058393 202.175742
-1964.832279 -1493.209928 50.695342
-3006.168679 -2280.407992 119.625884
-3337.476893 -2583.958600 139.981577
-2143.821219 -1725.966950 60.037048
-2202.128932 -1746.675210 103.905397
-3294.750990 -2558.862762 204.152189
-3527.410637 -2727.758767 272.383248
-3311.938376 -2612.697468 175.214852
-2269.140277 -1692.477701 103.940229
-3490.164272 -2650.682789 147.395134
-3274.497202 -2443.282552 150.289932
-2877.035217 -2271.895226 116.297636
-3200.201820 -2461.551567 205.406007
-2828.298698 -2245.107343 131.957755
-2323.573324 -1779.632018 152.626056
-2616.325132 -2017.764997 177.862516
-2991.756192 -2232.898447 136.733022
-2439.909704 -1977.284860 103.216480
-2415.559680 -1850.234793 156.628259
-2616.604025 -2013.035855 168.540950
-2607.759422 -1978.014232 108.019614
-2529.318434 -1895.267046 117.168220
-3517.014943 -2792.351704 164.906388
-2722.008170 -2085.033480 177.935658
-3247.679196 -2486.940223 213.308874
-2198.604763 -1698.909313 86.043720
-2525.131189 -1947.790941 159.324538
-2261.790289 -1745.255784 153.191326
-3503.551053 -2772.722991 108.488835
-2674.249792 -2113.667209 84.255220
-3646.016022 -2876.059166 264.995674
-2777.810628 -2081.778858 129.315255
-3146.141922 -2416.394481 223.240837
-3480.907088 -2750.992744 109.309278
-2469.744416 -1956.444884 84.623910
-2248.955841 -1752.776465 156.828139
-2947.509172 -2340.363795 228.355963
-3268.280247 -2467.412084 163.077713
-2699.734084 -2178.743053 84.782923
-3475.708412 -2737.194746 222.901424
-2345.585430 -1861.977233 120.355750
-2527.969052 -2006.664958 197.924689
-3478.760915 -2739.781503 223.097470
-2336.771488 -1844.888872 122.683103
-2395.615997 -1899.114048 151.129401
-2370.393513 -1817.621508 76.854244
-2398.095135 -1792.287733 116.495507
-2969.840895 -2325.977503 127.155518
-2866.943811 -2242.338147 117.719582
-3258.628118 -2537.027312 98.805355
-2899.553062 -2251.720075 95.915277
-2899.693567 -2239.217063 198.381473
-3364.939367 -2594.803746 92.236657
-3431.092524 -2606.096027 260.904436
-2686.886851 -2205.183046 106.981165
-2655.392544 -2055.085227 89.735977
-3172.492349 -2454.481178 106.189169
-2689.347960 -2207.131702 106.726506
-3368.198246 -2597.794072 92.151607
-2384.970001 -1891.068799 185.250332
-2940.580808 -2210.623279 179.346504
-2397.329914 -1851.636748 60.588527
-2608.866025 -2063.447718 56.453000
-3650.439093 -2858.510877 158.377443
-3371.826488 -2769.511189 136.208927
-3294.752509 -2602.030381 116.890431
-3172.367329 -2402.303991 133.591996
-3020.870166 -2335.082078 75.564601
-2768.560538 -2140.823966 69.707708
-2597.612415 -1931.064073 142.149738
-2666.950150 -2089.471343 188.500425
-2483.327528 -1970.365830 191.410151
-2380.084438 -1888.188041 183.780662
-3406.278740 -2691.062462 215.676355
-3544.696703 -2829.537683 146.344283
-3033.413971 -2449.798559 176.332726
-2846.623824 -2292.011158 207.793196
-2190.010595 -1724.970195 110.091565
-3392.707985 -2585.760544 104.725485
-2932.901889 -2375.088118 192.905953
-2521.467887 -2041.834517 165.585478
-3044.196751 -2371.761368 211.729700
-2535.261162 -1960.519215 63.009163
-2593.334118 -2014.404323 179.042170
-2347.341507 -1798.962876 61.322494
-3182.521663 -2594.949137 182.985907
-2541.538312 -2072.382494 146.220751
-3652.599033 -2750.970177 132.049303
-3300.286059 -2550.930749 255.817012
-3216.161167 -2605.487738 213.017540
-2697.094286 -2129.639061 117.381368
-2964.354098 -2254.820722 120.005917
-2716.463474 -2143.830805 118.543402
-3037.238045 -2309.630063 224.190163
-2546.221503 -2009.259822 110.534041
-2840.691213 -2241.842159 123.604234
-2525.328363 -1924.587071 124.121148
-3254.880407 -2460.871250 233.139875
-2963.567685 -2254.118712 120.132490
-2881.096772 -2226.609616 114.129645
-3265.589913 -2588.544499 267.761232
-3407.468233 -2637.162463 207.400407
-3297.818786 -2633.013185 160.441289
-2877.888033 -2226.322555 84.286398
-2324.101323 -1875.657167 85.568928
-3083.891088 -2371.595490 224.844918
-2740.833623 -2212.305204 100.924754
-2394.305368 -1903.051895 112.934749
-2751.679426 -2196.473360 135.243660
-2556.152085 -1986.232342 177.396024
-3452.548431 -2677.943481 128.140499
-2808.895594 -2252.017983 110.091229
-2557.890979 -1946.835400 187.222043
-2457.102457 -2000.453124 98.227581
-3034.056559 -2470.873709 121.446251
-3612.316597 -2929.334771 155.570847
-2790.625523 -2247.154032 202.568239
-3182.036642 -2429.596935 91.593904
-2157.129787 -1680.938634 149.210439
-2494.461611 -1974.221016 149.947731
-2477.722954 -1916.459390 201.572629
-3636.497935 -2716.540162 221.743614
-3224.412480 -2459.506414 112.987613
-3043.160571 -2309.255500 169.629841
-2849.377689 -2176.827701 69.327567
-3172.980458 -2370.027556 116.131381
-3052.265700 -2327.376210 107.877350
-2967.419015 -2242.867481 81.735691
-3475.130323 -2809.986643 100.036386
-2625.424186 -2105.474555 68.062094
-2431.931418 -1811.510261 113.760601
-3606.448801 -2872.730494 108.524574
-2204.068103 -1672.586538 92.882450
-3551.178355 -2849.070488 231.602481
-2488.657977 -1913.379648 111.119521
-2107.262228 -1685.534068 65.860728
-3325.550757 -2555.890363 147.908027
-2467.114257 -1868.207924 66.015661
-2836.552427 -2298.888550 197.342887
-2659.538617 -1977.108073 112.204267
-2545.258700 -1928.744584 108.753494
-2539.183263 -1923.984174 108.635820
-3476.248231 -2748.589778 249.539368
-2174.565087 -1665.646555 143.100873
-3481.159180 -2640.406746 146.561914
-3065.816541 -2467.793719 228.985614
-3155.294352 -2548.074195 220.707747
-3286.556650 -2547.504324 189.781041
-2343.047357 -1788.710800 82.656214
-1818.775538 -1388.737690 64.296172
-2648.399748 -2022.618425 93.769849
-3664.055820 -2798.441396 128.445187
-3341.695087 -2552.480539 117.668038
-3456.722597 -2665.002203 157.111874
-2402.777621 -1900.059072 172.669524
-2947.253310 -2348.557614 83.494011
-3464.149010 -2770.739889 108.476785
-2416.545608 -1910.537785 99.196771
-3210.326770 -2461.056838 211.239255
-2455.230285 -1998.827947 139.641427
-2455.270544 -1995.622414 104.289059
-3103.555948 -2349.553089 135.673529
-2368.283503 -1779.907034 145.172186
-2575.723617 -2089.746455 107.844815
-3479.083437 -2825.774364 147.503893
-2944.689373 -2366.507735 223.579246
-2529.385549 -2008.560428 89.004971
-3165.650574 -2550.608133 234.042218
-3106.906538 -2372.599466 229.470296
-2595.235956 -2089.586076 194.105383
-2095.018904 -1700.048498 87.347446
-2633.676915 -2041.017084 115.365817
-2508.691247 -2020.820769 186.497132
-2909.560001 -2350.699782 162.311281
-2956.520378 -2401.006335 124.517174
-3469.792228 -2592.390272 212.505880
-3198.055090 -2388.264826 193.911612
-3219.208743 -2404.096814 195.312272
-2959.920272 -2211.145652 181.331880
-3328.600274 -2552.339992 173.533502
-2428.745652 -1816.261655 156.930704
-3234.038720 -2419.349710 209.407226
-3158.935305 -2408.239654 218.972655
-2466.612184 -1997.213360 88.032197
-2691.726255 -2179.428293 96.050729
-3452.426925 -2739.361141 222.641178
-2984.912700 -2367.895524 193.996401
-3631.559033 -2712.743461 221.315400
-2856.118994 -2265.627817 184.598438
-3117.197619 -2431.324895 75.636527
-2468.354041 -1884.720805 60.641280
-2874.111085 -2243.256595 69.219336
-2954.907895 -2305.189166 70.111636
-2546.574654 -1990.315142 65.658340
-2378.903744 -1856.884886 58.596716
-3012.826207 -2350.724259 74.241606
-2708.104466 -2019.390838 145.663202
-2463.138407 -1956.267308 107.330998
-3605.963633 -2852.136077 219.579485
-3638.849782 -2727.276963 199.546847
-2327.122764 -1735.374657 125.020928
-2892.670454 -2233.674631 116.572993
-2872.362308 -2238.756424 90.228386
-2237.376522 -1758.636520 62.665233
-2364.796192 -1908.585405 134.522046
-2207.051151 -1701.869277 164.818986
-3270.286420 -2539.625980 116.601092
-3128.898425 -2415.706546 125.979543
-3086.178724 -2406.227220 98.910291
-1951.542755 -1514.379843 74.342021
-2866.108561 -2276.268059 102.269472
-3130.131202 -2416.484941 126.066995
-2577.898093 -1989.215757 103.561387
-2876.562050 -2243.829071 91.800056
-2156.903090 -1731.442073 99.739873
-3162.704433 -2574.998106 153.331686
-3353.055646 -2505.075402 203.215483
-2750.213865 -2193.357182 161.486706
-3109.730627 -2399.752120 266.586323
-2921.545775 -2242.116426 147.561072
-3125.190011 -2411.158800 267.695287
-2629.755816 -2081.417554 158.280796
-3469.721013 -2697.630405 295.838591
-3488.764219 -2818.919733 100.664935
-3294.568740 -2456.067704 123.480683
-2501.461766 -1883.886545 122.849328
-2856.837748 -2260.917219 172.813924
-2694.860864 -2009.224210 101.101853
-2510.286769 -2043.092294 103.241940
-2762.403016 -2221.472019 209.698498
-3385.871309 -2537.940593 192.802598
-2310.426694 -1726.772147 148.211300
-2605.417282 -1993.789922 85.146232
-3019.442478 -2403.928006 91.969224
-3076.025198 -2354.580134 99.744106
-2664.779835 -2039.878583 86.196911
-2240.888803 -1683.475424 159.361471
-2325.998906 -1760.895499 158.442880
-2478.004000 -2014.440639 78.958917
-2845.436591 -2210.955023 157.091442
-2642.375990 -2038.188598 194.406756
-2836.312103 -2290.854081 78.691788
-2838.436767 -2121.102051 182.094853
-3244.656536 -2593.782438 187.865852
-3155.353889 -2387.260086 216.055095
-2946.673813 -2283.962795 248.091375
-2430.639322 -1953.325915 113.178394
-2758.218619 -2067.953966 152.279139
-2646.869078 -1973.528990 143.230823
-2598.964494 -1939.181103 139.958161
-3052.537053 -2414.191837 182.916702
-2440.338273 -1893.453607 58.076274
-2993.339113 -2367.865298 179.878367
-2409.625969 -1862.500193 66.384569
-2902.002601 -2249.318842 228.302989
-2517.664261 -1965.926982 58.199492
-2566.338342 -2004.543826 204.670921
-2421.096459 -1879.519271 99.361667
-2854.060667 -2168.927182 79.499100
-3698.268553 -2748.812007 194.221065
-2756.658841 -2226.939715 152.487276
-2647.287600 -2053.337762 200.978959
-2419.447780 -1954.769102 134.052543
-2447.732693 -1935.194975 129.620549
-2427.794933 -1835.516509 72.503487
-2607.599907 -2000.200666 170.115163
-2812.990323 -2190.506213 193.522664
-2702.255979 -2041.894004 184.904315
-2651.045176 -2030.250993 137.247540
-2559.888785 -1957.525054 198.518226
-3153.533451 -2558.692556 224.435184
-2445.369268 -1850.107676 170.615344
-2121.010700 -1603.188497 123.917703
-3094.960138 -2313.861700 148.139112
-3564.528564 -2665.142265 171.149812
-3498.439146 -2728.977849 80.779771
-3118.926609 -2313.578035 141.421285
-3083.196543 -2492.091402 88.194454
-2414.106566 -1950.668535 69.515174
-2932.783318 -2215.958512 108.057848
-2440.986765 -1901.481056 167.290106
-2699.192898 -2180.339551 76.206601
-2162.630893 -1738.629140 161.807611
-3058.208068 -2512.715578 166.939390
-3525.323651 -2629.867745 219.509975
-2449.716860 -1975.290825 146.945010
-2954.966503 -2291.645547 64.790693
-2857.875351 -2278.608764 167.012671
-3176.462353 -2572.399469 210.725473
-2894.031385 -2352.562010 166.177134
-3394.181156 -2569.374344 89.824698
-3512.820964 -2639.543187 255.556742
-3317.982465 -2470.665663 129.818804
-2404.010561 -1815.345613 66.319112
-3552.083410 -2850.337467 230.126789
-2740.682220 -2032.702144 145.656219
-3669.694005 -2721.881720 194.637590
-3287.888766 -2472.161356 112.459048
-2786.167922 -2094.637786 95.231042
-2534.933660 -1904.727238 86.554809
-3319.350538 -2690.698862 115.835258
-2772.180555 -2098.964309 73.741028
-2730.740966 -2211.513688 190.806790
-3333.982812 -2563.075713 213.714058
-2436.782809 -1841.201152 167.633632
-2636.018961 -2081.323317 139.837622
-2422.766917 -1954.053720 171.612251
-2150.181337 -1626.316519 147.738701
-3404.187707 -2608.932442 222.205620
-3270.645760 -2637.007579 93.476196
-3435.220358 -2787.964416 142.899371
-2246.457008 -1811.258260 64.433008
-2456.932007 -1938.884482 131.276683
-2642.563195 -2000.586948 149.512282
-2680.554674 -2038.217100 201.228149
-2530.681315 -1944.463299 162.290783
-3235.297494 -2496.029802 201.995297
-3022.794320 -2332.381198 189.300994
-2130.224067 -1650.064919 91.776252
-2497.637965 -1981.229700 128.730189
-1934.509037 -1573.589530 110.757645
-2819.972200 -2185.392466 68.058684
-2499.484657 -1936.661604 61.146537
-2594.502725 -2004.136685 66.673071
-2387.934787 -1850.798841 57.517485
-3260.219905 -2536.647529 99.450517
-2414.391188 -1823.368039 166.428454
-3320.917153 -2565.928038 86.171520
-2488.881123 -1928.651995 59.803716
-2972.316533 -2404.387310 212.148067
-3314.450332 -2556.211617 246.706540
-2857.862603 -2149.059045 175.534023
-2499.400311 -1867.748521 150.830181
-3051.856929 -2471.128759 202.052696
-2116.306093 -1576.727257 75.352304
-2732.843354 -2037.188679 96.044723
-2498.304643 -1984.093534 154.554767
-2303.400505 -1712.703666 119.927858
-2409.923690 -1819.506058 103.960543
-2420.796564 -1797.754949 100.799520
-2790.881875 -2072.227143 114.368163
-2694.560009 -2004.342421 103.629672
-3429.576931 -2586.270728 95.486704
-2498.805796 -1984.542898 154.544717
-2360.469987 -1919.158147 96.760599
-2953.398340 -2421.430675 131.615061
-2740.031863 -2043.405349 162.722286
-2792.312719 -2159.225097 235.142322
-2716.972906 -2101.051493 228.122628
-2768.089671 -2140.369921 234.743277
-3082.531471 -2383.836535 259.023601
-2369.631282 -1785.395876 79.309140
-2044.001200 -1579.371505 46.279832
-3488.212417 -2793.795994 92.028287
-3350.703334 -2555.519830 135.383781
-2389.061932 -1884.897176 145.004901
-3070.778908 -2425.535948 193.359635
-2964.127224 -2397.072511 104.413251
-3140.280836 -2357.730153 109.336566
-2752.031097 -2041.732372 145.140949
-2608.899150 -1935.357146 138.285002
-3562.669492 -2716.678812 152.572139
-2045.291058 -1631.384296 90.481145
-3068.805071 -2376.374895 186.474219
-2217.543035 -1700.883353 115.017226
-3001.536642 -2288.748013 128.196933
-2951.189480 -2261.944585 152.047827
-2236.528524 -1714.392982 146.201057
-2996.919973 -2433.321868 127.488645
-3481.334457 -2826.910366 148.154060
-3189.941848 -2430.228062 238.712853
-2361.576105 -1757.622450 91.827850
-2940.363415 -2206.941214 93.245857
-3531.104315 -2628.228713 192.161774
-2491.484443 -1876.578119 83.770434
-2534.509831 -1886.887037 98.285948
-2492.709513 -1878.352675 83.998181
-2334.407580 -1804.120060 104.782532
-2634.703959 -2037.368940 119.503020
-3135.251513 -2556.510104 229.269107
-3467.638721 -2696.568357 207.326775
-2299.559424 -1829.478122 127.566069
-2961.720522 -2381.032068 155.525979
-2677.813018 -2057.166610 189.090038
-2420.813925 -1818.760132 157.884726
-2409.458683 -1942.280593 118.514693
-2760.638550 -2061.769598 155.300281
-3152.443438 -2533.901199 164.828300
-2891.667389 -2192.743497 83.576339
-2728.826249 -2042.480469 153.962863
-2893.994803 -2194.810483 83.620556
-3027.200126 -2266.823188 170.861600
-3106.683476 -2374.123563 230.835699
-2366.195551 -1771.483200 132.958693
-2179.065252 -1742.846354 126.561526
-2800.642754 -2120.821456 198.160332
-2263.168135 -1694.574033 133.852187
-3486.569506 -2610.023048 197.336686
-2403.885247 -1847.009707 79.015081
-3550.452143 -2678.335814 209.269800
-2774.041154 -2146.173768 122.691351
-3234.754193 -2517.181402 222.585917
-2730.882045 -2044.448512 157.165422
-2528.391116 -1892.298508 145.756542
-3047.783491 -2280.727392 175.997435
-3466.451461 -2604.929130 157.073579
-3141.407757 -2370.946247 186.543766
-2390.244449 -1804.514575 141.579231
-3008.245281 -2429.847266 170.458565
-2098.302070 -1650.525827 99.836918
-3365.438483 -2534.022240 216.978177
-3265.817352 -2459.107891 210.366310
-3175.851506 -2392.533149 204.647587
-2359.452026 -1878.479058 182.243204
-2801.072012 -2200.221493 204.971724
-2581.122954 -2087.411963 79.498476
-3177.672570 -2469.983240 195.249386
-2903.252499 -2192.893061 171.866394
-2186.507457 -1729.704901 162.389395
-2246.855072 -1777.593990 165.938033
-2414.151931 -1879.241977 165.949043
-3428.033153 -2712.740612 256.898868
-3014.882552 -2275.783284 179.268029
-2270.550351 -1699.882139 129.005104
-2571.465546 -2044.357828 176.901577
-3298.785553 -2529.549116 220.286416
-2925.920790 -2377.001012 100.807873
-3254.597610 -2492.998796 215.857273
-2466.736512 -1881.189830 187.095775
-3583.267559 -2875.752590 134.441999
-2761.344324 -2064.897501 154.829969
-2251.227425 -1806.668611 85.700345
-2853.258016 -2190.629581 89.781887
-2639.184450 -2147.800439 131.580023
-2717.815169 -2031.886422 151.962532
-3592.794825 -2710.758941 133.828543
-2939.484341 -2334.224981 126.413931
-2790.952455 -2210.684123 209.636519
-3182.435076 -2446.998282 111.712278
-2502.809400 -1914.750491 167.734281
-3365.045425 -2676.792516 223.154949
-3207.725203 -2578.795799 125.399048
-3560.289694 -2876.505841 262.084737
-2480.650124 -1855.233283 139.318541
-3060.338001 -2355.167063 196.182884
-2479.243196 -1887.435858 85.639090
-3238.824854 -2506.512919 143.794652
-2923.192199 -2237.109683 196.185072
-3510.957204 -2672.624354 123.317443
-2867.955930 -2192.572380 171.087498
-2983.117645 -2367.805567 194.268649
-2640.134562 -2033.279764 189.599185
-3194.488207 -2517.800277 154.074507
-2594.278241 -2009.879425 122.003662
-2639.006758 -2073.772660 125.631061
-2697.248544 -2175.946847 82.127374
-3565.599469 -2906.167825 185.935525
-2549.829663 -2008.691908 124.525642
-2317.673589 -1804.995490 75.948503
-3343.639835 -2544.605126 102.970724
-2630.999219 -2022.260451 152.061035
-2415.255501 -1889.936219 102.887500
-2586.046183 -1992.787049 197.574995
-2163.480985 -1653.332270 108.079245
-2753.130942 -2100.814932 174.265726
-3042.455925 -2389.525850 65.009247
-2958.336864 -2257.453646 186.643532
-2776.111742 -2164.622473 138.248065
-2957.644679 -2336.137662 95.282293
-2253.875660 -1725.420529 149.466088
-2607.672466 -1976.175748 186.074144
-2783.685407 -2145.472921 212.381116
-2599.106484 -2050.717277 66.645545
-2931.505087 -2375.674254 116.143086
-3211.387288 -2503.870290 159.646371
-3452.275074 -2682.864104 125.498153
-3371.016421 -2610.044983 112.472958
-2573.989498 -1999.436201 160.448362
-3190.332276 -2459.584312 242.180422
-2394.687747 -1853.236792 62.694163
-3184.259577 -2454.927262 239.498799
-2845.792017 -2212.414716 170.756608
-2873.889397 -2145.398047 149.157519
-2570.699159 -2053.896321 145.386882
-2254.946412 -1723.177178 168.568294
-2847.071437 -2284.486821 161.516772
-2603.921314 -1974.735428 76.315976
-2417.858431 -1836.529538 170.164302
-2619.663823 -2051.982876 175.395758
-2644.382589 -2030.990924 86.537696
-3144.712140 -2502.644454 244.986433
-3038.272345 -2481.948713 184.458467
-2625.852168 -2122.606487 98.577251
-2166.770240 -1773.310005 103.577238
-3030.846478 -2480.765995 144.988308
-3253.827432 -2463.156472 230.735229
-3088.867564 -2447.136443 157.513216
-3145.087182 -2503.181445 245.671773
-3447.675148 -2609.611425 244.773916
-3300.143403 -2534.568089 188.899587
-3588.694582 -2756.519609 205.273372
-3083.981424 -2479.345899 209.562099
-2890.120132 -2252.225892 236.910067
-2601.926770 -2028.219760 186.880682
-3192.161354 -2490.667932 207.431268
-2893.348307 -2236.494445 238.436434
-3150.300891 -2457.756138 204.525144
-2597.342194 -2046.791248 126.727210
-3631.507735 -2832.103554 235.514717
-3620.303705 -2797.906036 298.353224
-2883.565183 -2245.293095 236.540095
-3695.684609 -2758.147191 191.010084
-3200.311951 -2495.836459 208.393488
-2331.596195 -1837.215450 113.293403
-2734.496669 -2148.721005 114.822038
-3012.664619 -2302.730674 224.162769
-3039.663648 -2445.449956 198.234381
-2674.564539 -2101.641092 111.392292
-3633.564108 -2739.325451 167.261644
-2343.185639 -1849.085554 107.452924
-2962.713795 -2381.555388 199.839481
-3351.505159 -2556.099505 205.174128
-1969.166501 -1483.870508 126.926376
-3353.370196 -2526.507714 217.257396
-3253.703362 -2630.611758 99.433637
-3169.316548 -2562.896006 96.090261
-2775.480077 -2243.445945 228.171896
-2550.112054 -2049.923849 99.984211
-2234.110174 -1703.695901 136.794989
-2929.321256 -2237.171563 239.620635
-2659.599646 -2031.069897 217.642340
-2891.035094 -2190.539150 206.249826
-3092.831442 -2458.964961 252.532512
-3040.474942 -2417.305987 249.255467
-2242.779805 -1721.180457 155.503863
-2566.534929 -1934.095656 166.527912
-2602.290053 -1960.884113 169.985891
-3423.130951 -2769.079323 123.984321
-2253.152656 -1804.003712 138.825517
-3530.180769 -2837.124689 187.173546
-2803.158323 -2155.277117 161.882198
-2089.866374 -1698.044311 71.648807
-2360.237831 -1867.799738 124.411965
-2233.517424 -1810.241840 153.887661
-3217.289748 -2508.386790 159.971050
-2949.890610 -2390.324623 203.019062
-3445.362797 -2685.863516 170.953221
-3089.277745 -2501.581910 121.870815
-3209.139879 -2510.238065 159.747956
-3027.656311 -2406.357769 246.895225
-3056.987245 -2336.371829 125.317584
-2623.424532 -2080.316702 147.958949
-2335.527882 -1906.991294 140.270999
-2223.308043 -1702.389075 82.858544
-2561.678253 -2064.747388 145.585069
-2812.248813 -2112.652707 184.990341
-2538.720152 -1936.788982 154.337271
-3414.966707 -2787.842910 206.386225
-3033.120674 -2261.904856 155.710801
-2560.171094 -2055.772831 144.743667
-3444.534826 -2812.038634 206.373108
-2064.857572 -1685.460546 123.036916
-2725.817595 -2053.381607 125.485621
-2410.409948 -1886.290390 119.528694
-2843.199170 -2223.581095 144.933094
-3212.027890 -2425.871473 134.863004
-2624.101421 -2057.413204 185.411941
-3249.797407 -2419.682399 189.934032
-2595.616896 -2009.912251 181.922318
-2663.495244 -1984.372304 156.815764
-2459.234317 -1855.200771 96.402370
-3305.468267 -2520.445520 157.431124
-2341.304735 -1813.697138 163.878211
-2838.531137 -2294.003893 204.657811
-3132.882143 -2396.685498 117.155944
-2329.046678 -1832.217461 111.426830
-3110.141271 -2376.213918 84.009676
-2514.237382 -1874.100707 148.489155
-2722.613859 -2170.366575 173.571969
-2972.495514 -2215.813845 174.899582
-3142.319179 -2569.270371 216.039019
-2481.102951 -1963.971347 193.922381
-2524.825191 -2035.630309 78.012835
-3357.817571 -2600.680290 113.236869
-2643.382167 -2045.781072 87.725895
-2872.751399 -2298.242884 138.781144
-2594.130416 -2012.834830 180.038141
-2950.498534 -2391.193764 197.647118
-2645.697184 -1994.636888 120.515032
-2378.003926 -1921.634831 160.528426
-2956.532826 -2229.347299 135.980225
-2610.702540 -2110.102946 176.582193
-2993.766829 -2413.585770 93.968357
-3191.075342 -2572.602056 100.708746
-2094.337320 -1689.245344 65.655288
-2176.849024 -1782.579840 139.129041
-2977.162464 -2438.710121 190.597699
-3221.648446 -2436.035736 230.225772
-2925.976408 -2411.954806 157.997568
-2586.019276 -1943.314761 130.726230
-2676.150153 -2161.074246 100.019355
-2218.804465 -1697.694914 82.126683
-3146.983445 -2539.403918 96.406706
-3026.889787 -2377.795620 172.553177
-3535.171169 -2714.053686 286.150025
-3085.103705 -2324.752154 141.165871
-3361.585770 -2533.092287 154.616401
-2271.113060 -1698.009185 124.136695
-2191.911389 -1642.463398 97.482586
-3085.142020 -2301.361161 168.664616
-3342.047611 -2567.402004 147.494303
-2973.245344 -2398.258412 211.775841
-2365.441923 -1758.030582 126.593725
-2638.066462 -1992.389269 112.029037
-2503.014554 -1879.416154 166.121681
-3159.838039 -2576.691929 124.557995
-3599.860865 -2695.860179 157.445678
-2918.862594 -2226.427565 215.132242
-3003.033468 -2400.219090 175.211539
-3338.471442 -2576.316068 153.288307
-2239.376231 -1681.549300 148.954621
-2202.936467 -1800.291766 128.849281
-3107.318812 -2383.620336 245.875933
-2783.460130 -2076.433961 149.050107
-2780.923574 -2073.555606 148.937599
-3005.764307 -2429.382941 170.374975
-2563.974473 -2051.163824 85.246735
-3041.212874 -2359.593219 211.962644
-3164.654878 -2559.274426 225.330698
-3590.417662 -2702.040814 117.517103
-2639.461313 -1985.382146 86.984594
-2273.138131 -1710.219612 74.679413
-3342.408837 -2496.916178 212.311389
-3125.168081 -2325.783024 161.290950
-2139.460682 -1600.154991 117.375468
-2367.989840 -1769.913982 151.145066
-2352.564343 -1759.354006 133.301782
-2908.088291 -2173.454591 185.473167
-2973.770766 -2223.620207 168.494526
-2479.843020 -1853.932175 140.627176
-2564.917749 -2001.684814 204.199469
-3541.181818 -2857.925269 196.817674
-2646.611947 -2079.160168 145.487374
-3171.559981 -2589.893731 185.886369
-2604.236541 -1987.304246 188.140178
-3507.218380 -2724.165471 126.740253
-2501.795858 -1942.319607 127.863407
-3607.442480 -2726.154771 107.840568
-2550.480421 -1965.123397 203.665433
-3588.774895 -2757.859962 208.986258
-3474.160759 -2657.874085 269.682195
-2272.767356 -1725.737668 127.290692
-2531.249203 -2068.568030 173.750220
-2135.147178 -1680.878848 187.125906
-2510.924393 -2032.941181 90.754358
-2861.353337 -2232.732312 146.600233
-2864.440612 -2201.284579 166.099166
-3034.433696 -2257.624174 156.018500
-2640.701555 -2050.247889 199.930537
-2476.759847 -1922.073297 187.114417
-3306.586012 -2619.545289 171.988323
-3316.191141 -2553.412252 210.616478
-2755.884117 -2253.994692 189.301298
-2993.605810 -2442.029419 118.000840
-2122.910939 -1638.868288 180.750586
-2998.494562 -2329.504249 224.484702
-2364.200345 -1784.911070 64.344541
-2717.655518 -2049.929408 74.046977
-3034.982102 -2288.983299 83.839553
-3382.269574 -2627.315702 254.042583
-3076.708448 -2389.519817 230.962187
-2850.298703 -2133.982938 125.245514
-2768.367879 -2138.371750 235.344390
-2789.080994 -2140.325958 165.074951
-3543.891178 -2778.111256 196.799186
-2737.277266 -2074.884401 194.375247
-2528.495926 -1991.197201 220.714933
-2944.582376 -2208.661989 94.859226
-2202.830487 -1724.991654 119.936748
-3634.342506 -2852.183795 201.373549
-2823.524892 -2138.977606 68.691272
-2504.279815 -1896.122460 61.343477
-3524.505756 -2831.330871 87.314912
-2786.993391 -2082.051424 152.944463
-3520.349993 -2648.214900 260.015098
-2576.517590 -1984.964791 209.950813
-3714.098268 -2794.273990 275.339094
-3021.451836 -2270.086441 150.719393
-2925.374207 -2200.872597 215.188593
-2269.226462 -1708.868027 130.589662
-2564.230405 -2058.575228 146.801972
-3700.414877 -2803.280567 125.375932
-2951.086232 -2366.018768 77.209388
-2623.316544 -2137.435408 173.991450
-2789.082282 -2121.561339 110.128689
-3010.471934 -2292.546719 126.144818
-3019.417165 -2412.153674 103.996584
-2731.075166 -2132.103410 191.697927
-2527.326127 -1916.163477 109.647717
-2700.772656 -2038.459209 112.843938
-3541.873503 -2640.415498 192.095701
-2616.224389 -1972.004387 114.949609
-2806.403998 -2260.663704 80.790821
-3203.210561 -2587.903203 185.410817
-2948.211539 -2392.068194 120.091441
-2125.572415 -1608.263926 132.433113
-2309.728688 -1822.384455 90.933273
-2738.178503 -2083.424043 112.546962
-2057.078107 -1541.100315 101.050557
-3160.847273 -2575.934830 180.348090
-2659.164909 -2147.650676 90.866939
-2277.006557 -1733.955183 97.999620
-3463.181703 -2650.745607 195.820716
-2260.368975 -1698.780345 112.421673
-2236.159972 -1807.028551 129.756875
-2093.556133 -1687.623880 72.689095
-2884.559950 -2169.183301 143.092509
-2082.016917 -1668.330689 138.105149
-2214.613309 -1768.668637 157.382650
-2525.457952 -2005.486726 87.654533
-3167.320585 -2598.564522 145.665899
-3188.881351 -2469.959903 140.384081
-2911.866266 -2216.817888 99.594494
-3615.386719 -2915.263204 262.360446
-2515.091390 -2017.129561 155.020135
-2398.748997 -1919.600745 181.194441
-2809.323528 -2263.274451 80.433841
-1996.194746 -1513.479576 98.546388
-3415.848719 -2589.935648 217.237625
-2702.480221 -2059.809071 145.332590
-2192.919794 -1771.688900 172.765289
-3079.242929 -2346.719672 165.476859
-3048.642115 -2435.625202 110.082991
-3275.555677 -2481.100127 180.882495
-3188.866464 -2566.809085 91.928878
-3317.466325 -2671.191579 95.167775
-3093.661657 -2472.913437 106.725279
-3020.121925 -2439.786354 237.667322
-3517.378477 -2844.367973 165.835454
-2431.871542 -1883.051216 149.368639
-3271.186731 -2440.330953 152.876753
-3383.005558 -2550.068876 148.049835
-2555.904478 -1979.506832 157.272940
-2632.367413 -2038.016321 162.198533
-2415.479910 -1903.684903 95.999429
-2962.232872 -2234.109260 110.554584
-3226.969313 -2403.794739 180.509064
-3598.789059 -2824.821025 227.648842
-3312.351434 -2617.971672 231.775997
-2478.077516 -1954.163347 98.327947
-3274.009967 -2588.581391 228.809829
-3551.806268 -2794.195191 270.927187
-3271.018255 -2582.393086 122.325424
-3627.120622 -2910.147411 257.610129
-2389.881204 -1806.007609 107.747935
-3032.823553 -2389.512493 200.182611
-3542.896548 -2678.308912 158.795269
-3339.074644 -2583.932588 141.372185
-2564.366096 -2006.581105 107.559302
-2566.733935 -2008.431146 107.586599
-2545.476062 -1991.618742 106.674014
-2055.362963 -1564.878254 90.060979
-3425.553625 -2607.240220 149.864807
-2682.129693 -2033.629733 92.124315
-3000.005584 -2444.699254 162.229053
-3295.741161 -2685.318207 177.713948
-2374.254963 -1930.954459 111.539201
-3022.543780 -2273.821704 148.922654
-2260.510971 -1700.406978 110.966541
-2210.753247 -1766.418249 143.994730
-2632.389612 -2053.131331 150.054527
-2295.548957 -1788.944108 131.118770
-1968.194612 -1502.586360 126.230492
-2695.579206 -2102.674904 118.016097
-3494.910585 -2664.265279 237.094430
-3601.423624 -2919.843168 260.478676
-2639.666732 -1982.645874 132.291047
-2639.347677 -2076.662277 114.909234
-3444.835618 -2593.714055 244.312310
-2359.479428 -1913.970089 95.750054
-3341.161870 -2712.482138 232.238745
-2644.888562 -2144.718908 107.801827
-2777.631635 -2090.220647 196.486981
-2481.185608 -1989.073754 65.126773
-2174.772961 -1644.968797 124.925086
-2698.237243 -2165.726007 161.125936
-1875.120120 -1483.373325 87.728139
-3577.645860 -2707.996325 245.482188
-3185.705880 -2585.514965 221.587767
-3292.774695 -2664.144928 156.068534
-2343.604216 -1862.005124 77.737464
-3419.132074 -2763.429064 96.166005
-2242.234994 -1692.279499 157.820116
-3491.222632 -2826.032051 165.260565
-2805.176453 -2276.661200 195.741681
-2407.096065 -1865.302193 187.390413
-2541.067487 -2062.083797 176.701284
-2163.770546 -1755.313149 87.061051
-2363.361103 -1843.427794 196.660514
-2484.800241 -1900.807904 159.514089
-3160.925743 -2565.235059 220.389532
-2550.517060 -1966.982449 92.822412
-3034.690201 -2463.050481 202.045111
-2646.170104 -2146.839548 106.935844
-2961.834046 -2240.779348 115.357038
-2478.098602 -1935.373442 206.931607
-2490.581728 -1936.455227 182.709435
-3062.545570 -2459.984678 135.647724
-3410.809893 -2719.036434 92.326025
-2292.882468 -1790.972301 191.825564
-2501.765147 -2005.896331 65.979051
-2404.454154 -1953.967401 167.045120
-2418.005116 -1884.831701 103.518723
-3140.456884 -2504.642115 149.541687
-3430.073220 -2766.202438 146.973633
-2702.990901 -2091.222045 68.480681
-3104.785421 -2509.605788 85.594472
-3285.290077 -2518.464076 122.338813
-2769.739177 -2256.236752 194.610464
-3132.816538 -2332.896809 133.421164
-2213.072333 -1728.040085 154.379486
-2898.567690 -2221.127428 108.433611
-2650.163063 -1973.307071 112.721858
-2444.271097 -1872.108139 91.758265
-3336.366682 -2677.679181 101.985244
-2674.139124 -2136.811155 93.790096
-2929.786894 -2236.260703 238.813709
-2115.998287 -1674.006779 112.440297
-3552.100228 -2866.189474 256.593431
-2320.440125 -1779.953868 86.332805
-2628.708166 -2157.609970 141.898685
-2825.816539 -2134.488328 198.823624
-3541.463905 -2841.911933 108.168461
-2405.763868 -1872.623759 184.407362
-2409.113285 -1924.999280 85.109021
-2910.406201 -2175.696905 133.813308
-3314.193372 -2623.647384 177.095837
-2423.712179 -1850.061815 198.317836
-3093.945964 -2407.922848 237.418026
-2889.310109 -2227.795228 137.518664
-2570.879420 -2060.091935 159.594724
-2975.017309 -2386.539785 187.253109
-2786.622280 -2252.580596 84.077505
-3340.678471 -2692.311605 219.261444
-2695.102630 -2102.391537 118.033086
-2609.720429 -2017.588837 91.422220
-2315.245308 -1869.207708 78.655525
-2538.507382 -2013.879595 78.123414
-2818.797563 -2127.070362 95.664751
-2326.715984 -1870.845761 126.937294
-3153.098755 -2410.816024 128.757896
-3142.977930 -2568.724442 153.455561
-2414.105983 -1950.710540 67.700619
-2407.394383 -1967.847063 117.306129
-2527.478267 -2006.752547 66.431290
-2244.227217 -1798.871311 140.677614
-2086.798908 -1706.813517 91.729922
-2200.528488 -1691.649382 55.930207
-3084.673330 -2488.334753 130.505055
-3612.949509 -2865.546898 228.805308
-2891.429159 -2228.551660 69.268941
-2158.946255 -1701.948921 137.700147
-3479.534577 -2846.035042 240.801327
-2640.961472 -2072.158389 50.397662
-2743.587279 -2100.383255 152.792367
-3395.749836 -2639.020640 230.262900
-2495.998678 -1910.762716 138.755478
-2392.030423 -1931.673477 137.048395
-2182.022534 -1783.978502 150.680675
-2531.320229 -1885.922892 140.568182
-3451.758293 -2732.016503 216.898227
-3309.606439 -2663.411283 93.891770
-2796.172846 -2249.327342 79.474684
-2532.501289 -2005.147283 159.185329
-2336.666043 -1770.072512 130.279568
-2845.053614 -2156.236426 158.613365
-3341.142380 -2541.709199 185.103111
-3463.776189 -2624.140087 192.358433
-3609.511716 -2854.800807 229.201987
-2637.857163 -2086.212081 164.987044
-3450.647841 -2730.614416 215.746441
-3309.843505 -2663.562985 93.873383
-2956.109700 -2249.118905 101.579770
-3227.065662 -2470.575228 209.291586
-2943.126058 -2349.936023 77.696498
-2305.940738 -1754.558469 79.160183
-2395.586171 -1824.246626 104.249471
-2305.213536 -1753.962230 78.974476
-2338.806702 -1763.833389 87.914987
-2959.542566 -2360.729508 77.053804
-2395.523301 -1938.996325 103.545224
-3430.981224 -2777.794128 147.732907
-2751.169445 -2196.353386 72.168478
-2917.332539 -2219.619661 100.295703
-2641.070839 -2059.782651 154.343543
-2362.705997 -1780.838401 164.612820
-2605.529208 -1963.598125 181.919158
-2116.143942 -1697.043777 125.892494
-2700.189837 -2200.405556 155.157565
-3336.937409 -2515.185845 125.187223
-2707.861567 -2131.972430 169.884500
-2805.057102 -2141.319901 180.953951
-3481.626197 -2741.588492 218.287423
-3102.415863 -2400.779555 190.961708
-2961.725964 -2227.208904 179.582039
-2560.030302 -1976.951900 196.942603
-2229.365459 -1754.757667 142.560994
-2708.685495 -2133.486167 170.394576
-3325.581062 -2631.005741 68.019599
-2394.923438 -1898.148433 48.555312
-3137.752144 -2471.839744 60.938185
-2368.510671 -1865.587917 45.996973
-2499.309072 -1966.744628 49.075775
-2714.119944 -2110.791095 117.739480
-3395.142518 -2642.372480 86.534493
-3470.422926 -2748.950697 71.852204
-2162.197639 -1698.852980 42.285297
-2823.416142 -2218.728245 55.518791
-2338.983244 -1851.616097 48.193334
-2339.693893 -1852.191023 48.120995
-2548.678733 -2016.246221 52.318701
-3485.516329 -2740.473494 65.717352
-2405.740901 -1898.929617 48.610939
-2818.348415 -2210.880813 54.974764
-2801.522685 -2218.659506 57.463510
-3233.971407 -2434.833425 178.609467
-3244.661656 -2555.538177 64.446327
-2969.498304 -2338.734135 57.875119
-3367.125339 -2619.961002 146.312127
-2506.490295 -1961.138670 49.159294
-3007.301469 -2367.603593 60.497184
-2355.245773 -1847.053862 45.117030
-2709.970082 -2139.550293 53.841645
-3008.421370 -2368.566097 60.562940
-3239.147810 -2566.093602 203.692802
-3143.075619 -2461.153035 63.098116
-2605.066697 -2057.481632 51.551994
-2223.230620 -1687.845117 58.010254
-2602.690664 -2055.756158 51.344517
-2317.997768 -1811.067775 45.223037
-2610.321077 -2050.847518 51.426330
-2250.250534 -1820.613606 97.421931
-3046.250108 -2372.608673 151.715152
-2656.171545 -2095.243592 54.627180
-3130.624723 -2531.995216 135.229613
-3214.854659 -2536.764286 66.849047
-3074.670656 -2515.525776 116.487658
-2665.088863 -2007.775999 186.054616
-3212.377547 -2501.876902 159.907701
-3456.457709 -2663.837670 88.883678
-3353.520710 -2754.255717 134.883272
-2636.846375 -2162.885726 103.102090
-2720.983810 -2103.706788 66.088201
-2545.250222 -2002.678345 155.461786
-2962.801559 -2364.961219 70.894788
-2515.702316 -2006.955989 61.581682
-3353.444693 -2525.298770 237.380600
-2647.191449 -2041.997847 147.855053
-2797.385768 -2157.200521 156.478251
-2348.001132 -1773.084861 97.416630
-3309.368376 -2659.365341 95.691465
-2776.887021 -2243.937257 162.226842
-1959.364902 -1562.385428 51.355683
-2744.177457 -2249.569598 177.694514
-2493.597675 -1944.423060 200.627176
-2349.442107 -1872.388465 63.440157
-3190.886305 -2487.880786 257.653737
-3304.943805 -2600.373651 65.416978
-2997.409821 -2356.013267 61.099193
-2803.185883 -2161.786146 63.075916
-3394.349412 -2706.652295 89.640688
-3311.885316 -2644.923482 78.107296
-3319.718835 -2650.854966 79.414579
-2114.846792 -1686.929026 53.100554
-3113.322615 -2317.812995 172.450354
-2531.877465 -1885.250583 140.030662
-2260.260515 -1711.466751 75.629183
-2573.373718 -2041.738241 145.281206
-2519.072007 -1931.032545 67.916536
-2307.603735 -1785.915751 128.336730
-2306.607377 -1755.627104 78.478599
-1940.970483 -1558.089734 61.795044
-2206.366931 -1792.666807 160.866493
-2928.074176 -2209.915573 211.297743
-3427.610845 -2769.658343 149.613140
-3260.927598 -2669.716466 126.221880
-2833.116073 -2124.420977 130.306870
-2328.770062 -1762.499789 79.057659
-2224.497035 -1688.023609 57.417537
-3500.877263 -2757.089298 185.550248
-3436.403346 -2725.492082 194.675678
-2430.425903 -1823.761369 111.981962
-3578.953793 -2684.836931 165.467241
-2200.257396 -1733.458599 116.605483
-2848.472381 -2137.061098 132.057894
-3042.041892 -2282.891733 221.379385
-2188.152239 -1738.832585 53.194367
-2607.221296 -1963.020775 91.089031
-2823.121698 -2135.881237 77.009910
-2276.299923 -1716.445659 165.582301
-2923.433724 -2203.690946 213.076484
-2994.910346 -2350.118639 213.957089
-3536.236303 -2713.874141 97.963323
-2075.992289 -1546.066413 95.798301
-3101.371996 -2332.128648 223.555257
-2555.088074 -1921.312059 184.349876
-2476.129590 -1999.487853 195.673749
-2684.105986 -1999.185816 124.550411
-2399.644271 -1901.758254 145.966601
-3595.703014 -2754.859683 229.564804
-2682.849930 -2020.155303 192.036788
-3170.303298 -2517.565005 201.917855
-2467.679641 -1961.110184 82.570031
-3460.669846 -2697.485555 198.327987
-2808.733596 -2118.392763 199.129391
-2240.239805 -1780.369515 113.362919
-2771.301430 -2237.192004 193.436180
-3342.254304 -2511.795545 141.801815
-2310.894619 -1752.452414 127.679616
-3090.665026 -2501.598542 109.786266
-3567.665674 -2887.956324 125.438851
-2536.531490 -2025.618575 81.819282
-3485.692828 -2604.723219 124.224858
-3354.109711 -2506.649276 118.813436
-2601.796191 -2065.900220 166.579828
-3016.253363 -2338.592058 97.750860
-3016.303486 -2338.750932 97.859093
-3525.320043 -2734.304659 114.108224
-3262.860350 -2529.609730 107.362853
-3206.630037 -2485.466270 104.642732
-2141.786453 -1671.851111 87.347745
-2818.861894 -2204.331745 118.129718
-2289.469861 -1787.505250 54.236475
-2880.553582 -2230.380735 74.396560
-2841.695658 -2294.820074 204.981785
-2834.243869 -2202.882068 117.213444
-3366.775717 -2742.999353 161.814473
-2209.223112 -1794.498969 153.722418
-2923.138059 -2203.625769 213.147249
-3682.544097 -2758.528620 265.757045
-3684.800439 -2785.745795 103.459701
-2738.234167 -2041.266607 163.390638
-3682.259657 -2783.983150 103.800460
-2630.787369 -2079.592070 117.038512
-2521.065912 -1882.422893 89.080323
-3510.567812 -2661.287395 193.795443
-2442.346238 -1873.663155 157.251779
-1894.603257 -1452.134878 121.085258
-2138.891334 -1608.945372 153.628682
-3497.810746 -2612.117083 123.336297
-2375.954718 -1780.002056 170.431045
-3432.802020 -2750.306541 226.325451
-3279.557270 -2492.474432 91.769863
-3514.288496 -2665.172021 197.191585
-3070.992006 -2329.180632 171.624869
-2937.758832 -2323.587172 156.477300
-2260.795293 -1824.985227 163.166169
-3146.221166 -2581.595763 169.385632
-3020.234314 -2391.687178 249.762853
-2856.462099 -2280.383464 169.478803
-2860.668124 -2201.142974 230.655021
-2765.267302 -2247.394492 157.942614
-2646.283123 -2173.797110 167.157936
-3196.715980 -2465.743189 228.755329
-2937.632244 -2324.683680 157.325108
-3141.262318 -2579.691932 197.220642
-2390.384798 -1844.773710 54.020304
-2324.020074 -1811.011064 45.617037
-3298.415932 -2568.765030 65.013490
-3443.360044 -2707.738234 211.799362
-2360.247032 -1785.183692 64.138284
-2744.639523 -2114.188061 222.313708
-2895.969530 -2193.961167 75.108503
-2870.922005 -2176.343146 74.067847
-3660.480724 -2825.087655 201.862584
-2736.200525 -2111.374313 151.100635
-2702.495283 -2048.981622 70.222001
-3298.205243 -2612.772393 206.275032
-2337.487819 -1856.739025 148.558368
-2808.648543 -2128.434873 73.427581
-2852.965949 -2257.315128 176.992706
-3164.599522 -2381.181002 106.963240
-2687.230077 -2016.610141 95.043460
-2652.224572 -1991.078656 90.797661
-2884.310835 -2169.731259 100.447679
-2654.102046 -1992.472846 90.808449
-2303.710417 -1870.108410 94.667801
-2357.581330 -1914.373827 96.749985
-2926.942203 -2335.671977 76.754330
-2487.815953 -1971.936766 51.757785
-2188.018588 -1711.431809 42.040253
-2992.514666 -2343.488303 60.345863
-2404.651540 -1883.616780 46.274851
-3340.651916 -2634.490371 62.607335
-2550.636623 -2015.645122 159.957662
-3259.101350 -2436.149197 114.244956
-3184.848566 -2514.123745 61.932735
-3096.059208 -2498.764835 177.333016
-2649.715166 -2010.726752 106.572939
-3077.611203 -2398.930040 58.723744
-2433.958340 -1920.811332 46.076730
-3370.073562 -2625.061360 63.087640
-3047.948432 -2375.038313 56.839643
-2376.178854 -1836.584683 56.445424
-2378.735914 -1838.871701 56.529888
-3563.925766 -2701.738240 148.289286
-2875.135862 -2347.533478 111.977903
-2701.987473 -2096.192418 115.058933
-2379.560175 -1848.590185 97.686973
-3510.964408 -2653.646310 90.052082
-2366.762687 -1788.472361 59.040977
-3549.361634 -2675.519521 98.096730
-2238.488989 -1687.866962 159.841397
-2406.688725 -1813.513655 66.035902
-2650.869733 -1968.868741 137.578169
-3662.113360 -2761.098522 260.589853
-2637.410925 -1954.857183 136.047562
-2941.485353 -2207.207943 211.895852
-3259.556849 -2647.585672 134.416048
-2388.687932 -1801.796531 170.390337
-2154.313197 -1625.190210 150.543789
-2317.974036 -1883.887602 95.098674
-2817.785004 -2247.452525 75.353704
-2864.325206 -2225.519561 53.978017
-2877.978011 -2149.107740 99.707672
-3120.086704 -2353.673184 82.404981
-2781.306721 -2076.992994 95.515217
-3611.452882 -2705.926881 117.541616
-3032.329137 -2287.032552 81.307224
-2824.492242 -2163.056187 59.558025
-2731.877030 -2038.279154 93.938369
-2150.642502 -1637.045401 47.620297
-3299.397172 -2492.095160 85.464472
-2523.395949 -1916.470366 56.551769
-2347.019252 -1823.920427 42.442138
-2545.738468 -2004.895300 47.823806
-2010.399240 -1587.354895 124.303933
-2776.181770 -2104.855929 115.208838
-3576.198681 -2710.370732 148.130233
-3215.864246 -2440.976184 130.088040
-3313.658159 -2649.215383 77.825234
-3315.481664 -2653.296125 75.645112
-2956.615169 -2364.777071 67.500798
-2696.167987 -2155.379731 61.263976
-3189.560576 -2622.720930 193.342207
-2757.148606 -2215.887630 68.010167
-3312.412623 -2534.175035 76.532470
-3012.932803 -2329.793780 118.366247
-2957.234097 -2362.629154 73.071510
-2435.431415 -1868.318467 157.828375
-2943.486144 -2230.957076 165.943639
-2640.392780 -1987.398635 89.030754
-2955.813202 -2363.756639 71.566038
-2721.947206 -2175.363637 66.467669
-2644.931935 -2078.172000 49.159461
-3335.325039 -2632.240872 64.873956
-3533.369761 -2756.814277 68.117431
-3658.807304 -2739.001595 121.959338
-1929.022662 -1515.436634 36.074274
-2839.287676 -2221.027350 53.494265
-2605.702355 -1957.233201 87.308339
-2801.506687 -2261.229552 201.103020
-2791.035251 -2252.405080 199.950810
-3379.018329 -2585.252280 72.486823
-2969.427955 -2228.063420 98.449254
-2240.378198 -1794.105496 54.553254
-2545.698410 -2038.512662 166.931545
-2753.838732 -2096.907703 62.343702
-3422.191981 -2606.763753 77.797689
-3009.463003 -2282.203531 71.334861
-2720.279817 -2036.679854 89.983931
-3656.042624 -2847.894726 294.403341
-3402.113152 -2699.760088 200.126700
-3159.772839 -2401.597921 219.422078
-2867.062203 -2299.674158 176.098411
-2616.359076 -1969.228754 191.786115
-3374.187312 -2683.769006 102.371390
-2711.911795 -2065.379189 140.994734
-2810.400634 -2223.940065 201.792581
-2912.347002 -2256.488743 157.867402
-2415.924377 -1976.382562 169.860056
-3658.578468 -2788.624973 101.097651
-2645.754649 -2014.197709 137.392263
-2703.526353 -2058.577929 140.500802
-3258.782376 -2448.963818 163.147927
-3365.915269 -2713.143312 243.049550
-3271.398884 -2477.569377 226.089522
-2496.235146 -2030.264755 124.142116
-2234.151616 -1816.881162 111.021178
-3612.294897 -2718.154015 198.892012
-3452.584605 -2684.593823 162.424117
-2778.045416 -2076.733932 175.958590
-3212.023701 -2555.069281 101.259312
-3187.939264 -2383.323254 201.421500
-2379.309176 -1893.395574 71.554422
-2685.132286 -2007.833750 168.692588
-3415.613899 -2721.001317 94.346387
-2442.889259 -1973.417399 68.419553
-2774.433128 -2261.957042 150.608060
-3143.932911 -2440.844513 159.525038
-3600.766671 -2731.385161 103.224574
-3080.507777 -2355.206401 126.751481
-3253.121557 -2486.955314 133.990129
-2168.531390 -1718.728380 98.593796
-2464.948327 -1953.991405 111.861659
-2242.294010 -1699.148812 143.525551
-3538.807152 -2681.014576 226.591111
-2495.912927 -1892.885419 159.665762
-2657.101637 -2013.486441 169.965732
-3206.766476 -2583.937186 212.327135
-3203.723729 -2573.048263 182.386481
-3034.737672 -2315.733768 182.989569
-3365.409601 -2567.659375 204.228417
-2253.325976 -1678.612042 131.498361
-2988.909743 -2396.096482 178.361463
-2730.669663 -2189.040262 162.499301
-3244.827159 -2655.606345 125.894455
-2762.671686 -2150.244182 119.491459
-3006.042441 -2320.986541 72.052803
-3202.582419 -2518.183116 60.118104
-3506.299478 -2867.704914 136.672804
-2214.194970 -1792.589774 94.455018
-2895.450862 -2368.903709 111.440660
-3553.830748 -2789.485258 222.407117
-3090.326224 -2394.371463 157.631582
-2382.464885 -1839.290283 58.122019
-2890.026955 -2191.202466 203.706756
-2431.195398 -1852.509561 126.159285
-2383.599067 -1842.661590 132.652379
-2442.380854 -1912.779259 134.343657
-3026.206043 -2246.425487 142.327400
-3592.295076 -2704.106669 178.403311
-2929.777671 -2224.991856 204.972988
-3144.105382 -2367.080845 155.331288
-3556.723106 -2829.949419 113.883049
-2872.563778 -2332.037940 201.175396
-3476.491932 -2750.251655 249.938727
-2936.049361 -2207.279151 96.767896
-2283.864948 -1771.457232 159.175608
-3035.999934 -2490.492131 193.010804
-3298.029370 -2481.795492 181.321239
-3500.902192 -2721.083057 144.359973
-2654.770803 -2059.860917 185.692097
-3218.232976 -2559.832692 101.726284
-2207.431965 -1775.481056 164.940752
-2432.175163 -1975.919667 169.884973
-2208.540923 -1776.241792 165.160360
-2972.144298 -2386.104060 74.366160
-2361.325178 -1853.127563 129.635430
-2951.121481 -2250.422853 65.743981
-2155.867240 -1706.998771 135.107772
-2386.245981 -1865.166205 44.645180
-2908.784116 -2186.095965 96.131993
-3265.862437 -2665.480369 127.589435
-2431.509562 -1810.284197 158.219355
-3099.726336 -2499.848744 188.799559
-3231.940852 -2400.279757 176.976837
-3123.045031 -2503.399762 76.476336
-3330.703967 -2547.954483 69.110325
-2927.497910 -2197.933251 94.116821
-2559.290277 -2008.394898 144.926568
-2722.422482 -2137.380359 153.374663
-3497.325589 -2741.468891 192.641451
-2565.174563 -2069.838461 183.238491
-3256.588844 -2478.704359 71.901087
-2981.268927 -2389.953165 72.298548
-2644.517713 -2120.064252 62.538298
-2410.268874 -1895.701454 134.088490
-3616.886912 -2893.746546 222.432922
-3615.554738 -2892.743947 222.372433
-3318.068422 -2692.657752 124.986398
-3116.564702 -2320.453789 147.866297
-2744.904176 -2174.480173 181.993077
-2172.882872 -1751.776472 117.212521
-2483.916289 -1853.642599 116.665389
-2483.755130 -1955.516578 210.821729
-2887.822672 -2296.030286 228.015846
-2170.361696 -1616.898000 118.684053
-3088.735084 -2346.893911 222.607506
-2976.032130 -2342.281703 253.046129
-2722.379201 -2057.445801 79.415303
-2857.508056 -2276.031861 219.165886
-2338.104638 -1844.464001 168.687962
-3461.923888 -2676.731935 265.231515
-2614.926850 -1994.397253 182.125448
-2959.028501 -2420.636936 135.777961
-2890.374678 -2299.337314 225.136158
-3333.607031 -2560.527323 217.217712
-2456.487949 -1873.630182 171.169276
-3355.988330 -2595.654271 256.404878
-2332.248348 -1843.894761 94.386858
-2968.956249 -2338.410416 119.147652
-2733.985420 -2188.053991 100.678964
-2616.522833 -2064.377986 142.475817
-3137.096286 -2475.117941 225.890984
-2330.065497 -1842.050703 94.219855
-2641.914221 -2015.119133 145.759556
-2466.648913 -1959.981397 115.611140
-2229.379493 -1804.302241 119.385223
-2624.009565 -2072.966325 106.499917
-3713.088575 -2783.179749 162.894561
-2893.795921 -2286.104668 117.679032
-2335.737641 -1863.857485 162.622709
-3202.170704 -2545.141039 150.000886
-3465.456030 -2597.787549 151.882442
-2488.760402 -1899.113070 186.107268
-2700.245786 -2146.209820 126.396947
-2010.773365 -1534.488381 149.842926
-2513.230015 -1929.221240 72.246897
-3338.268325 -2530.670259 155.072366
-2457.455792 -1874.301847 171.239090
-3094.612342 -2452.078931 217.533135
-2808.429641 -2200.432389 205.164078
-2580.982725 -1935.435104 113.305099
-3466.466799 -2738.884136 141.395268
-2964.968895 -2364.982682 128.615668
-2810.993510 -2250.707893 104.124610
-3268.704453 -2468.260811 161.529855
-3613.881696 -2812.427756 243.427788
-3447.405165 -2766.767066 203.074073
-2684.595145 -2030.423182 103.444311
-3339.382458 -2563.548341 154.795659
-2636.953875 -2116.562264 154.808227
-2442.887138 -1964.408465 97.627962
-3622.331577 -2855.712050 243.626766
-2234.477375 -1796.555834 89.206037
-3398.846271 -2756.681952 132.842915
-2907.377718 -2242.729491 97.289127
-3001.985725 -2363.832573 66.573637
-2328.509697 -1837.549391 108.969141
-2745.021904 -2181.284600 129.075422
-3127.009435 -2496.229511 141.842067
-3340.123309 -2711.137496 261.076345
-2403.985605 -1875.370475 71.693328
-3073.342231 -2493.455279 239.433239
-2437.267115 -1901.626967 71.383568
-2692.090072 -2010.837037 121.182480
-3198.275621 -2595.042149 249.053674
-2791.832173 -2167.409883 116.992073
-2243.769877 -1757.630404 180.189851
-2825.019853 -2185.655768 127.402689
-3492.734528 -2703.386426 279.092751
-3592.937353 -2667.490843 208.432864
-3305.353591 -2606.417717 155.145402
-2902.519803 -2362.222660 129.367432
-2677.439938 -2086.245815 199.798133
-2580.222804 -2045.248356 183.224530
-2509.058657 -1988.971404 178.086013
-3034.323166 -2462.643651 203.039260
-2631.246723 -2041.730376 136.057744
-2871.379030 -2332.541897 180.821167
-2197.472441 -1641.043239 127.405011
-2453.772938 -1960.526236 100.503602
-2509.780159 -1988.998988 177.469365
-2836.162825 -2256.828647 221.686172
-2889.046164 -2299.305305 226.042555
-3610.596585 -2792.524015 300.088706
-3233.673727 -2561.712680 240.900747
-2098.685073 -1702.879050 82.285723
-3422.566743 -2779.655138 128.604569
-3304.282974 -2682.535915 124.609957
-3483.745208 -2704.371263 179.535804
-2807.318763 -2165.282726 215.259768
-2607.778425 -2113.737513 178.560833
-2576.662208 -1998.883683 84.820274
-3017.924008 -2340.155493 99.780303
-3288.995150 -2553.239070 169.092497
-2649.141357 -2051.461493 99.789539
-2864.383187 -2225.409977 88.300183
-2766.586349 -2211.559082 123.558629
-2843.003454 -2272.541870 126.934452
-2786.102990 -2149.148248 212.954882
-2336.346453 -1794.809600 196.683249
-3142.907628 -2476.505267 245.310265
-1980.102882 -1521.047678 166.322434
-2240.745356 -1802.308313 118.768979
-3132.242761 -2421.142010 255.704157
-2377.369776 -1875.741386 130.355829
-2215.856903 -1805.640541 155.065853
-2543.758098 -1948.454899 204.024813
-2333.310896 -1893.528689 132.272488
-2782.202692 -2107.398543 107.683249
-3163.749844 -2525.586292 128.010925
-2720.961729 -2058.159908 211.193064
-2930.932084 -2387.091082 132.202760
-3071.049252 -2344.018511 252.666874
-2186.111427 -1754.581954 171.171364
-2767.545600 -2220.905921 215.568482
-3128.969352 -2423.700985 81.025237
-2471.709596 -1991.151283 162.096376
-3382.593764 -2509.896669 195.052217
-3421.353048 -2583.572299 106.690859
-3319.110417 -2533.465478 83.546201
-3053.028318 -2438.628943 124.503612
-2476.949898 -2007.146808 169.308206
-3603.429638 -2878.347720 146.610311
-3027.807908 -2417.290874 122.774157
-3544.631754 -2831.189743 143.820008
-2432.550736 -1876.523830 73.906862
-2971.155706 -2212.624210 180.663006
-3190.041388 -2442.918036 84.823298
-2336.653977 -1816.483410 180.278228
-2088.175212 -1701.751188 120.322722
-2296.128172 -1853.053900 83.160265
-2187.420521 -1662.735137 157.669238
-2380.210246 -1822.141647 63.544597
-2477.967534 -1889.960821 173.433547
-3244.861598 -2514.550904 161.122236
-2778.090006 -2153.532548 138.042322
-2699.972294 -2042.053922 103.076984
-2377.175669 -1813.065622 166.027994
-3358.168173 -2561.488758 123.820011
-2525.930623 -1926.592525 93.232638
-2457.468891 -1960.750975 147.872713
-2598.225367 -2134.889615 110.671818
-3358.768715 -2562.493444 123.065112
-2910.969059 -2274.061460 59.426874
-3067.703587 -2396.405473 62.504597
-3149.161464 -2544.065986 111.878161
-2331.801713 -1866.272115 61.364178
-2614.235057 -1945.366701 158.848173
-2652.274341 -2030.043110 139.921464
-2431.492504 -1860.764935 128.796315
-2806.681401 -2148.322219 148.745530
-2514.835060 -2041.306448 156.497576
-3615.683059 -2853.573416 189.042732
-2528.457474 -1951.538437 62.896977
-2869.382921 -2277.629286 162.030582
-3291.516338 -2491.582596 125.522249
-2542.301433 -2009.241854 101.492127
-3433.119680 -2756.904598 216.091378
-2491.167161 -2004.450564 153.003380
-2742.839388 -2196.179015 68.832899
-2789.068225 -2154.158067 227.851987
-2188.437337 -1690.201418 178.746203
-2544.867366 -2085.463993 138.805774
-2606.313445 -2086.959728 65.361736
-2832.461255 -2133.049883 92.975834
-2391.088933 -1801.048456 78.887493
-2274.561701 -1690.221457 144.230495
-2148.973576 -1755.891975 108.104360
-2780.150281 -2074.946100 149.265432
-2632.286855 -1986.579872 94.256198
-2502.114696 -1875.316770 110.277565
-2630.210092 -1985.087878 94.280962
-3148.038897 -2552.264645 132.545281
-2356.938789 -1916.258394 100.901604
-2822.872297 -2276.645828 77.081028
-3471.014584 -2749.783371 244.639469
-2922.812249 -2314.790470 88.495272
-2830.169885 -2210.616663 180.697255
-3308.764684 -2646.041240 95.114022
-3473.770577 -2802.653000 95.676934
-3365.646024 -2714.129524 191.039539
-3341.156868 -2709.314330 218.486588
-2163.628327 -1753.708114 140.622419
-2848.511788 -2310.712369 120.775122
-3482.701473 -2769.679824 271.043469
-2430.454509 -1873.113151 182.336000
-3147.749748 -2532.950622 107.686138
-3315.227255 -2697.354109 142.891911
-2614.988884 -1980.025813 140.604270
-3071.992625 -2341.380263 166.058429
-2650.210018 -2056.047121 92.318435
-3510.254540 -2620.421533 202.500546
-3273.934613 -2430.081565 208.450599
-2395.869829 -1800.879053 76.649252
-2490.468048 -1848.456830 118.349073
-2783.512556 -2061.051374 124.905658
-2487.171365 -1841.797764 111.511907
-2188.527058 -1722.906410 111.746491
-3544.115423 -2624.997277 162.332603
-2351.370231 -1852.507122 123.072410
-2380.357718 -1765.483418 105.696623
-3610.802425 -2675.478888 165.936338
-2643.631745 -1960.846428 111.793720
-2716.050575 -2012.585678 125.184271
-3256.524372 -2415.865068 144.564199
-2925.263220 -2171.253817 123.633966
-3020.845640 -2239.621830 134.254887
-2644.359155 -1962.990831 112.087204
-2703.447027 -2019.024551 97.979167
-2868.256358 -2126.147081 126.081406
-3472.290409 -2573.067987 155.633283
-2870.595304 -2127.857182 126.360340
-2897.585404 -2296.037981 204.885036
-2626.944992 -2100.772740 107.004085
-3616.699192 -2877.273386 283.662275
-2173.657963 -1722.379947 154.235535
-2618.318194 -2047.136258 166.053805
-3068.045765 -2363.660975 222.602992
-2349.899313 -1828.673167 93.222476
-3642.665289 -2880.384297 218.078321
-2879.992331 -2139.611895 183.844733
-3130.460845 -2454.438728 125.062602
-2334.904787 -1793.641199 196.595750
-2970.998518 -2245.641108 87.015583
-1918.563802 -1440.863058 80.929988
-3487.596591 -2772.768215 273.864681
-3163.566238 -2376.283949 134.055561
-2895.293276 -2347.541995 189.574544
-3173.468328 -2575.231619 135.221321
-2912.393283 -2362.132335 123.921801
-2596.159763 -1922.260253 148.946035
-2278.487881 -1698.555390 147.931642
-3388.194212 -2519.654079 208.068397
-3231.223588 -2548.440354 189.259060
-2956.441985 -2195.036610 176.114287
-2979.568183 -2209.371423 135.538207
-2394.111951 -1827.719962 59.784796
-2593.589645 -2024.240096 171.942636
-2270.371918 -1766.339788 89.258121
-3394.000747 -2680.972806 169.328712
-2076.322653 -1540.858001 100.547359
-3314.855992 -2456.339331 177.223200
-3391.104460 -2599.797866 188.887958
-2877.654222 -2280.627727 97.732559
-3254.658283 -2448.953071 165.336554
-2912.307976 -2362.704609 125.443728
-3400.356961 -2553.289272 104.458653
-2482.905425 -1837.510844 107.045330
-2299.984740 -1706.486108 147.461936
-3281.886580 -2462.912001 101.157450
-3192.166793 -2369.284254 152.557303
-2254.177671 -1676.796048 139.792980
-2874.704592 -2264.402829 157.440483
-2898.326993 -2148.179266 121.630875
-2531.474898 -1900.874944 76.508106
-2234.407280 -1660.708574 138.783576
-2833.401482 -2095.907903 128.149292
-2989.275045 -2213.006098 131.130981
-2975.851677 -2203.082554 128.792791
-2622.354159 -1939.196737 117.531143
-3542.071857 -2622.808477 155.180277
-3333.987312 -2504.840657 104.368853
-2569.376065 -1930.917777 77.186744
-3492.580475 -2581.308359 160.069689
-2786.504767 -2069.801284 107.793614
-3068.503299 -2279.772950 117.090588
-2786.367116 -2074.816917 102.517702
-2786.637487 -2068.558554 120.763692
-2303.049180 -1709.249179 92.178867
-2490.321162 -1848.739521 93.511384
-2622.038364 -1944.369640 112.855740
-3472.876250 -2570.782927 157.813254
-2790.945455 -2069.860246 114.786163
-3589.989185 -2662.455768 150.747591
-3287.151778 -2437.716089 134.720327
-2413.151335 -1789.548816 100.055120
-2965.709192 -2194.829099 135.656593
-2958.789667 -2193.901173 127.686747
-2537.591309 -1878.594438 112.489636
-2812.764964 -2228.682170 199.832641
-2555.176096 -2012.957668 129.223844
-3654.835545 -2762.365461 253.421184
-3086.183807 -2436.758224 194.986877
-2241.584610 -1693.465654 60.654500
-3555.121530 -2675.988029 250.011053
-2436.132347 -1834.405667 171.231393
-2694.919129 -2007.957521 93.709886
-3418.569996 -2648.588923 84.151829
-2894.074918 -2287.009450 152.894527
-2556.744137 -1952.527812 197.392938
-2751.809011 -2099.556710 67.940793
-2490.969642 -1902.250516 192.273110
-3324.432603 -2697.786999 143.224146
-3343.483368 -2686.308362 212.254831
-2704.032585 -2155.087364 118.187573
-2255.158510 -1829.453185 96.316131
-2839.362445 -2243.954845 149.694072
-3081.490848 -2485.615391 177.136441
-3258.950607 -2411.073437 184.999674
-3391.982951 -2556.086748 103.966818
-3632.952143 -2691.775400 207.089135
-3446.024485 -2590.724395 104.026182
-2849.279073 -2249.864928 169.048692
-2347.601225 -1847.523660 123.200318
-2895.998955 -2239.413985 130.215533
-2933.341049 -2358.106887 154.699395
-3448.762439 -2671.955812 161.694230
-2240.899124 -1711.906183 166.547567
-3259.515704 -2433.281551 183.952709
-3233.788738 -2410.840565 176.780647
-2978.250326 -2219.332066 163.845237
-3318.555090 -2522.763175 238.887625
-3261.768703 -2479.810680 235.070915
-2728.241130 -2191.677600 143.813734
-2866.297396 -2189.434350 75.374746
-2871.420021 -2259.643995 244.627874
-3152.638188 -2416.055851 242.069778
-3346.877395 -2579.362327 123.656167
-2606.226274 -1982.377742 187.715456
-3167.723664 -2569.993709 194.370420
-2163.821018 -1725.780184 93.147681
-3476.647302 -2751.256378 257.975663
-3429.273388 -2714.070746 254.322284
-3046.420658 -2457.753692 91.884249
-3059.313154 -2472.368209 109.958096
-3273.045694 -2590.199366 242.602607
-2800.212513 -2110.513986 183.971953
-2477.829047 -1998.487993 200.421311
-2417.953438 -1950.485401 195.676630
-2416.088926 -1949.138290 195.669716
-2332.366783 -1783.161592 140.252257
-3131.077893 -2515.916211 164.543646
-2445.746963 -1840.362680 170.573221
-3301.592517 -2661.121828 266.883369
-3365.302406 -2615.349526 127.150644
-2437.521631 -1974.077324 94.903243
-2667.314534 -2160.758251 103.353363
-2932.165527 -2375.801936 115.325069
-2885.096543 -2338.508509 112.558479
-2390.532953 -1795.578539 120.257419
-3302.352208 -2662.887397 267.330903
-2745.343437 -2116.485854 207.087768
-2664.351275 -2159.897859 104.613150
-3321.906010 -2549.975806 139.089570
-3550.898290 -2747.797741 310.056241
-2305.854731 -1725.482847 154.523728
-2648.699306 -2139.271723 181.215357
-2424.610519 -1828.463423 72.062816
-3493.164873 -2607.973635 195.867754
-3231.441356 -2409.442185 176.549900
-2419.758981 -1875.259956 114.006898
-3119.094865 -2479.610233 212.146574
-2863.735877 -2135.328754 147.905425
-3022.537926 -2357.498795 240.298192
-2686.130444 -2118.932651 139.658582
-2513.571860 -2061.919927 154.966794
-2005.058873 -1588.066797 148.643491
-2259.052773 -1853.542086 139.274464
-2881.158423 -2281.616338 213.416541
-3353.198445 -2584.966528 122.023476
-3103.469410 -2447.362675 240.987920
-2336.802063 -1795.030294 196.680626
-2969.649611 -2228.149502 197.179729
-2399.960538 -1934.946094 136.592335
-2220.626266 -1811.523292 133.248785
-2646.415508 -2159.053642 159.546319
-2772.838018 -2263.976392 209.880903
-2917.428255 -2229.699244 175.940738
-3101.965857 -2369.199465 186.629374
-3111.317274 -2561.799595 205.414551
-2950.217355 -2391.348980 203.246820
-2970.228129 -2391.326520 194.188375
-2409.241850 -1854.936699 183.535723
-2934.643641 -2316.913592 165.456950
-3205.881653 -2485.802336 279.821763
-3445.022970 -2633.399563 127.304128
-2400.347739 -1934.728967 136.679608
-2420.738587 -1817.459621 159.252267
-3128.362895 -2509.215745 256.905337
-2436.410941 -1956.128906 200.663729
-2525.349210 -1945.993232 180.938370
-3090.244463 -2481.013682 253.782089
-2315.081382 -1750.897834 180.088369
-2270.776876 -1870.004129 150.672580
-2603.788253 -2110.506525 178.810286
-3296.680331 -2659.248728 268.964367
-3555.941146 -2722.382445 100.658060
-3123.254066 -2388.786507 115.968972
-3464.790700 -2811.632595 212.921481
-3527.042087 -2705.836163 116.844937
-3197.459643 -2453.090445 106.037860
-2324.222533 -1776.983460 86.582181
-2827.210238 -2239.092543 221.165926
-2548.373816 -1950.160701 72.417955
-3253.099265 -2502.489480 246.889038
-2507.337411 -1868.002798 154.696538
-2479.824011 -2002.692069 169.002896
-2610.123561 -1995.820731 96.619595
-3325.469777 -2592.932628 215.103088
-2418.868732 -1853.643405 206.699840
-3631.150837 -2782.429704 310.148829
-3336.798245 -2693.620169 121.153097
-2617.916929 -2052.919076 232.293012
-3401.904326 -2601.205760 205.167298
-2195.831773 -1669.336441 184.857749
-2526.255022 -1906.842581 72.710918
-2899.346438 -2188.294783 83.722903
-3162.272188 -2369.690837 140.110491
-2228.748639 -1655.771238 119.292858
-3337.663912 -2518.437611 96.958709
-3510.226183 -2663.423537 132.731620
-3431.678082 -2590.736938 121.960216
-2413.642423 -1904.592641 119.939189
-2870.918964 -2330.116740 187.167399
-3168.838360 -2590.104116 185.586579
-2627.870890 -2074.883716 131.303212
-3242.590558 -2559.633374 152.087710
-3428.076476 -2737.731390 147.235800
-3046.778411 -2432.549611 131.686243
-2633.318897 -2102.353676 113.829249
-2527.652775 -1901.159753 81.858446
-2474.153643 -1834.033311 121.523423
-3262.057259 -2445.158067 250.693007
-2955.643682 -2215.209922 226.172742
-2533.487684 -1871.729308 142.336567
-2614.814572 -1940.747089 167.625600
-2992.058548 -2220.939207 191.216098
-2275.463539 -1690.259330 145.346788
-3216.427231 -2426.804259 106.130946
-3045.314620 -2255.399915 140.882466
-2818.862660 -2126.137826 93.557397
-2424.343827 -1828.669766 80.465465
-3504.225764 -2763.039227 182.656905
-2796.173375 -2200.492007 161.714638
-3348.515032 -2634.630657 190.678360
-3409.560506 -2668.343229 300.077180
-2753.378646 -2154.409346 142.619304
-2640.277339 -2066.078234 136.744353
-2656.697632 -2097.929458 132.248385
-2436.869724 -1889.243828 69.662945
-2752.581813 -2120.400761 242.410248
-3489.017407 -2691.275521 304.856081
-3150.573389 -2429.617868 276.492036
-3174.407085 -2366.821868 218.281170
-2795.039694 -2158.583045 243.613780
-3712.378042 -2765.603074 249.177156
-3385.675355 -2668.115540 195.560416
-2253.596359 -1668.878820 112.749753
-3139.712735 -2386.008449 265.276174
-2691.940746 -2034.875256 222.004070
-2333.891953 -1729.882002 131.918633
-3327.247065 -2565.493115 125.034703
-2912.101564 -2245.735482 249.401731
-3458.493899 -2778.847814 294.027393
-2692.365952 -2163.961971 226.767008
-2911.337186 -2245.084008 249.389300
-3648.772587 -2873.536158 320.920743
-2180.018187 -1620.962639 139.891463
-2433.523892 -1804.023258 147.109197
-2324.769920 -1720.346549 110.003742
-2655.908218 -1992.895564 82.890831
-2623.799847 -1941.756792 122.752925
-2324.619621 -1721.908938 108.461912
-2690.374216 -2002.827042 176.283659
-3488.337047 -2592.554852 227.003375
-2366.892790 -1753.157748 133.084545
-2801.683592 -2074.892920 167.764308
-2179.329806 -1636.027821 160.885534
-3202.745822 -2377.879717 206.634210
-2214.751895 -1640.616840 140.943803
-2688.335885 -1986.015673 118.252649
-2432.784255 -1808.913067 158.546025
-2707.679125 -2039.396495 80.103169
-2488.261143 -1875.220536 73.122055
-2754.822059 -2039.066784 128.090633
-2585.399868 -2087.202822 175.784017
-3339.168588 -2514.228778 99.601672
-3124.086240 -2321.428146 201.330737
-3292.860162 -2531.648613 283.596673
-2400.892831 -1901.109524 141.803336
-2407.329890 -1892.401627 133.875686
-3447.097355 -2779.707661 197.684803
-2320.636920 -1714.765536 102.246636
-2296.345836 -1699.325777 140.548198
-2190.297978 -1619.281672 135.566416
-2587.923297 -1995.701775 225.899810
-2551.465428 -1896.296853 164.293869
-2352.055381 -1765.847264 63.958898
-3323.258217 -2660.483175 188.588443
-3019.766978 -2418.265533 170.618852
-3171.858303 -2575.173519 193.379554
-3212.196503 -2454.988398 178.357925
-2144.159510 -1746.394796 95.808834
-3544.975674 -2722.145173 163.771338
-3449.319206 -2797.366875 208.944876
-2737.562644 -2241.100013 125.072011
-2792.995909 -2263.068567 200.782667
-2443.862729 -1975.181633 192.342580
-2394.671847 -1935.351132 187.699222
-1984.273418 -1516.069600 61.774913
-3576.137293 -2731.574275 111.317565
-3618.251211 -2903.449737 213.695201
-3361.797554 -2635.060057 255.869990
-2447.194143 -1876.401001 186.781243
-2061.562471 -1614.988923 156.736093
-2407.290713 -1875.332113 183.967112
-2563.700251 -2034.954281 122.016232
-3297.311230 -2617.339842 157.305235
-3515.847066 -2710.735106 145.184943
-3316.685228 -2536.741679 111.360309
-3130.217972 -2473.180820 71.162100
-2279.489142 -1767.127236 76.062418
-2599.451406 -2015.246761 86.354486
-3185.953223 -2529.176329 151.997566
-2965.099117 -2371.473457 86.873638
-3454.809168 -2783.450861 91.199767
-2931.945967 -2212.310997 98.966716
-3046.054263 -2437.642786 88.717866
-2414.494649 -1959.064027 161.605251
-2422.180493 -1892.909932 153.126674
-2460.966059 -1996.526649 164.009697
-3210.431233 -2603.992272 128.811401
-2532.133601 -1951.515510 105.126077
-2819.192128 -2287.261334 176.133701
-2885.662520 -2340.713406 192.712362
-2813.449927 -2283.365635 112.799861
-2888.344537 -2185.301712 112.177256
-2347.267314 -1800.270832 179.075261
-2698.855877 -2182.448929 75.102650
-3555.987649 -2753.505027 91.287805
-2429.371838 -1873.109634 101.200486
-2783.278431 -2155.452646 70.396761
-2282.215433 -1757.158948 187.394592
-2471.849712 -1949.137599 193.409791
-3487.154118 -2749.714986 272.766321
-2334.975529 -1797.500106 157.494984
-2489.873997 -1903.138914 137.031651
-2926.198863 -2237.230969 161.359488
-2602.241250 -2041.233465 189.388556
-3467.550863 -2725.971641 241.496263
-2451.255548 -1855.270530 95.198253
-3402.163109 -2577.546965 132.895336
-3703.302940 -2805.323073 145.247591
-2586.327495 -1994.361510 78.270629
-2520.761595 -2071.084921 167.310315
-2585.326838 -1993.414531 78.335350
-2823.334486 -2176.466316 236.753728
-2405.323319 -1848.527629 60.439664
-2566.209772 -2060.970511 152.432382
-2633.924702 -2067.032421 51.564257
-2217.651278 -1680.357584 74.794727
-3444.302011 -2748.935557 206.304899
-2995.215738 -2234.735665 144.555257
-3371.135791 -2658.274318 213.468725
-2440.706105 -1949.695780 72.543162
-3491.731138 -2636.687426 195.274847
-2803.301224 -2260.744788 193.950885
-3453.531671 -2782.109820 200.310115
-2833.661108 -2234.559590 175.627722
-3149.148032 -2557.117530 136.089244
-3446.321953 -2750.794661 207.494294
-3145.287176 -2469.880466 61.118387
-2957.881194 -2382.116991 72.590267
-2917.479374 -2290.868969 57.356508
-2516.596918 -1982.837847 155.416897
-2723.166038 -2244.560321 166.396095
-3094.277813 -2326.330030 215.104485
-3446.999923 -2792.366346 200.113058
-3420.728369 -2755.884192 88.801322
-3460.025988 -2601.393369 241.453073
-2264.090596 -1866.079696 137.584954
-2961.254914 -2225.509010 206.322072
-2412.808159 -1928.389265 54.051551
-3210.042253 -2502.461725 65.912946
-2851.002764 -2299.025298 196.428500
-3181.341569 -2535.148206 138.988229
-2493.649941 -1992.169432 149.432992
-3584.828213 -2946.566126 238.514685
-3448.771757 -2835.090033 230.163289
-3165.148320 -2557.882966 136.758722
-3291.412149 -2443.737032 206.649487
-2929.087423 -2198.224088 213.701098
-2338.465013 -1772.711006 88.474003
-2220.012901 -1808.705242 123.634808
-3297.954981 -2477.976795 138.770597
-3297.490968 -2477.309873 138.973352
-3298.917075 -2478.366440 138.947165
-3137.369782 -2419.856632 222.981345
-2371.335450 -1798.076223 100.946813
-3456.620065 -2659.341941 192.222070
-3356.932457 -2722.879894 217.190101
-3261.964694 -2645.815232 211.815143
-3434.752166 -2821.970751 207.351503
-2204.513355 -1672.418147 93.753441
-3072.567258 -2296.606549 185.772862
-2855.844254 -2304.580128 162.519796
-2880.044536 -2156.961967 208.581207
-3021.124753 -2233.039222 167.912948
-2926.341802 -2214.336244 80.446231
-3012.372815 -2228.316936 167.638383
-2463.465392 -1863.824340 68.675742
-2539.844619 -1889.325473 158.839616
-2869.396616 -2128.212226 121.642042
-2345.542788 -1844.394316 124.384448
-2935.890902 -2412.310473 178.264905
-2726.190409 -2142.974987 145.086199
-3005.311401 -2362.339689 159.671660
-2812.441052 -2104.812812 201.955541
-2300.906699 -1780.625891 58.165864
-2420.305786 -1875.830119 193.053707
-2518.969657 -1998.992981 153.596051
-3378.647721 -2695.803759 201.420816
-3707.528765 -2750.195547 229.630268
-2916.999408 -2248.377582 244.000717
-3656.250503 -2838.118147 70.773896
-3418.786043 -2539.722736 114.313830
-3377.341028 -2497.788410 140.553269
-2530.633480 -1954.257115 52.192351
-2606.963887 -1936.359407 89.376282
-2594.572098 -1954.210353 63.921234
-2620.145878 -1939.717044 138.507141
-3337.271251 -2480.007107 111.802275
-2969.040556 -2351.459903 185.447477
-3704.288558 -2780.836590 271.492634
-2635.477766 -2087.102231 163.756790
-3075.457523 -2426.816006 195.344182
-2839.001312 -2146.170012 158.476305
-3437.085801 -2712.685151 217.984244
-3432.760752 -2708.036450 214.967780
-1850.093562 -1461.710399 35.915591
-3219.987886 -2545.156178 63.447951
-3297.406800 -2440.322301 132.699591
-2897.736181 -2152.120649 105.328466
-3418.057009 -2538.690859 124.535177
-2884.067161 -2145.947960 98.657733
-2025.842355 -1495.697848 94.237592
-3292.300610 -2436.774643 131.322264
-2749.773906 -2038.528676 101.867906
-2513.605389 -1862.688072 97.016423
-2612.179227 -1933.650646 102.573515
-2516.173944 -1862.565987 100.047002
-2819.242586 -2121.385660 75.909000
-2417.639938 -1789.469881 98.866455
-2898.730879 -2144.389778 123.230959
-2843.742690 -2140.718140 79.232247
-3563.009734 -2634.985236 196.976499
-2728.113998 -2022.140714 107.381173
-3085.065884 -2287.030111 130.746797
-2396.498309 -1804.288645 72.294704
-3372.494921 -2500.200551 142.281385
-2886.202247 -2164.313185 203.794681
-3118.434673 -2306.122991 169.526550
-3280.190755 -2433.322504 143.317705
-2612.326598 -1936.342099 103.397409
-3124.869508 -2317.603759 136.262849
-3035.511322 -2283.711066 83.099357
-2718.704563 -2045.293177 75.057922
-2658.666651 -2001.816675 73.466069
-2687.051841 -1998.234040 93.239151
-2840.560101 -2112.558120 99.993966
-2280.699379 -1696.284846 79.448944
-2976.150292 -2214.303848 106.935388
-3633.942909 -2704.678323 128.484990
-2984.169559 -2217.752973 106.355886
-3174.602743 -2362.084592 112.695109
-2857.088551 -2126.338282 102.036690
-2360.436517 -1771.389753 166.108288
-2366.941798 -1765.369377 82.964673
-3075.744014 -2275.845943 169.960308
-3634.775366 -2697.643213 138.969133
-2904.993856 -2159.408871 104.171009
-3149.872356 -2485.552225 197.405677
-2310.636531 -1893.795586 103.354628
-3431.723251 -2584.854617 89.869435
-3586.455613 -2653.999489 191.878669
-2710.310329 -2005.754205 146.401708
-3101.109871 -2296.303618 167.067764
-2705.617499 -2033.617400 72.676411
-2435.468078 -1814.023010 82.418221
-2101.741259 -1638.975447 37.220679
-2965.275513 -2265.997837 62.749320
-3165.423965 -2357.412848 108.655267
-2898.707174 -2158.688484 98.624104
-3550.412378 -2713.314195 74.395524
-2508.631837 -1877.032410 178.760529
-2440.707006 -1817.129487 83.716085
-2084.015367 -1551.500301 72.817082
-3189.890610 -2423.968706 69.635566
-2539.224150 -1919.205833 62.335671
-3564.154763 -2712.684244 77.353375
-2143.038608 -1614.036335 150.443227
-3584.922488 -2750.942713 271.092367
-2323.060942 -1768.398100 54.312795
-3395.339584 -2575.489835 84.834471
-3053.460898 -2439.875159 78.233692
-2880.660184 -2304.708852 72.141296
-3315.318214 -2651.282314 83.422997
-3180.801559 -2393.636656 89.979991
-2495.325712 -1980.870048 151.621132
-2651.804907 -2004.400098 63.651441
-2642.833408 -1991.206087 66.480633
-3016.069593 -2311.933998 239.567378
-2544.047522 -1952.636191 105.443452
-2697.386957 -2162.684371 157.463662
-2329.035708 -1823.254486 177.004286
-2986.074427 -2294.037309 87.077730
-2698.036318 -2064.086247 102.263604
-3442.307528 -2693.360617 129.219130
-3626.652501 -2739.707573 105.253678
-2771.235210 -2235.399309 185.087848
-3135.342795 -2543.079396 210.278746
-2773.201112 -2216.596664 81.465758
-2944.951956 -2376.552596 195.812316
-2370.768296 -1839.452665 121.097193
-2376.706112 -1854.094889 51.284793
-1849.858671 -1443.868995 40.018225
-2616.269225 -2017.138185 95.172699
-2167.165317 -1655.185389 119.735890
-2359.810643 -1787.638392 162.701663
-3447.700370 -2659.349557 128.874387
-3012.648054 -2458.304353 225.470684
-2391.969225 -1952.617691 180.449454
-3206.942680 -2614.866669 239.900614
-2698.594306 -2085.390014 235.654333
-3106.660367 -2505.812951 207.173871
-3034.492159 -2369.572929 270.816574
-3031.019101 -2366.849402 270.666913
-3043.585138 -2377.038773 271.310984
-2487.548129 -1927.101748 96.937302
-3180.988919 -2429.593323 84.195815
-3188.759121 -2549.838267 250.819615
-2190.766203 -1758.654686 146.391134
-3162.412341 -2424.284777 252.201881
-3130.874034 -2542.576877 180.029738
-3167.948512 -2438.342194 244.266773
-3436.784449 -2714.950132 107.361485
-2390.271078 -1884.183920 147.627620
-3505.367077 -2680.633213 131.689496
-3265.141774 -2606.132005 82.686207
-3591.921897 -2944.590309 230.796929
-2801.972703 -2170.482036 215.507758
-2170.517687 -1772.150194 163.337864
-3326.539724 -2715.953437 250.476010
-2434.062100 -1800.217861 124.824602
-2423.814313 -1798.137900 151.479154
-2697.778196 -2046.436238 102.388545
-3190.685688 -2589.352849 207.684587
-2424.403864 -1858.638967 184.642594
-2591.615329 -1961.744868 210.923901
-2568.547729 -1936.657600 204.402907
-2184.898073 -1679.633767 186.919887
-3286.236132 -2477.147157 259.095707
-2803.085608 -2116.741240 81.049588
-2343.904420 -1847.784919 122.515081
-3009.169653 -2312.102586 256.534229
-2689.063740 -2035.989332 218.532995
-2671.077442 -2099.724566 142.777131
-3188.305275 -2587.132967 206.918781
-3160.164962 -2355.358632 216.299348
-2559.731657 -1909.571402 177.601871
-3514.845271 -2615.387016 226.911255
-2464.155907 -1857.274207 194.373857
-2963.452452 -2231.870402 231.344645
-3125.853315 -2322.965237 160.051845
-3022.605769 -2231.052131 127.364349
-3551.294442 -2707.892890 77.818956
-3204.926044 -2366.067333 174.791879
-3204.688886 -2365.861236 174.849920
-2752.460990 -2065.596376 83.150269
-3281.145019 -2465.815121 96.328209
-3362.356896 -2526.425838 97.950660
-3165.695624 -2334.260250 130.282353
-2968.766055 -2232.001451 84.618461
-2692.452294 -2024.489164 76.972667
-2968.603369 -2232.781360 84.120396
-3624.340159 -2853.427787 204.651068
-2425.185003 -1801.143579 157.428680
-3176.945499 -2347.749677 172.496473
-3113.056973 -2298.325905 177.679274
-2718.915548 -2008.344575 112.772585
-2690.413651 -1987.147140 114.588936
-2929.306469 -2189.361242 217.965141
-2865.446736 -2115.728970 124.753249
-2827.284147 -2123.812272 80.133633
-3436.809795 -2541.838708 187.761951
-3088.470881 -2291.797227 121.773858
-3536.184324 -2625.608003 139.517667
-2899.194155 -2150.771020 113.119717
-2756.412084 -2095.771848 60.186819
-3126.180473 -2427.473892 60.953561
-3610.206388 -2762.472220 72.327909
-2787.286271 -2097.571900 71.477084
-3481.962660 -2757.993888 205.459614
-3406.934606 -2562.769476 88.879490
-3580.122153 -2935.530166 228.840972
-2451.471456 -1830.467006 181.820086
-2428.903653 -1792.188091 117.120805
-2268.121382 -1693.249132 167.194440
-3133.441436 -2359.279446 254.560634
-2523.099819 -1891.137108 75.593899
-3685.575443 -2829.107708 322.374630
-3339.071186 -2486.596623 223.852169
-3502.036385 -2581.588017 189.868003
-3125.402619 -2314.036206 187.665166
-2759.930219 -2066.410054 82.376707
-2399.184894 -1798.591879 73.018432
-2566.352376 -1892.289283 124.751295
-2235.719083 -1655.923808 106.628743
-2456.855209 -1811.686399 105.431416
-3425.874508 -2576.259692 105.036746
-3691.433592 -2776.536503 113.296007
-2294.327941 -1800.841945 204.124911
-3407.051547 -2613.929263 295.168661
-3565.705911 -2956.040214 207.025030
-2408.444323 -1952.449240 54.665614
-3455.493007 -2661.867402 63.291377
-2582.994001 -2056.122227 138.847398
-3063.427004 -2374.047526 116.337886
-3066.487907 -2448.589717 134.644116
-3331.111952 -2523.924462 124.256533
-2639.008743 -2107.611123 191.177289
-2557.365559 -2008.863423 188.238953
-2729.277351 -2225.507528 184.217228
-2397.159872 -1883.157688 177.908921
-2660.770600 -2185.784532 147.665352
-3200.634003 -2628.093446 177.344245
-3520.548527 -2623.446760 152.344167
-2808.940187 -2228.493943 197.662733
-2485.898597 -1895.327161 63.960987
-3131.224610 -2576.602445 147.757841
-2868.251790 -2165.283489 171.570059
-2641.819012 -2146.836903 125.584094
-2255.917889 -1800.780080 163.447865
-2987.673276 -2433.626248 176.933706
-2639.533783 -2125.204667 120.342562
-3386.398720 -2673.114600 233.876265
-2350.279306 -1797.164035 132.235330
-3218.371728 -2461.365988 180.729522
-3386.071861 -2767.624822 153.197154
-2968.468705 -2420.136143 201.024991
-2841.933278 -2323.591069 177.932966
-2342.190926 -1903.903910 111.398803
-3280.410309 -2645.507061 153.371514
-3195.010992 -2528.537605 127.022293
-2168.748962 -1668.058828 72.814097
-2968.767629 -2256.385431 122.096881
-2780.420373 -2113.107315 114.818636
-2188.934464 -1727.566819 112.437985
-2591.228781 -1957.374956 155.722986
-2731.513317 -2153.846430 111.454526
-2965.186616 -2253.815479 121.782066
-3000.966748 -2290.264773 128.924135
-3220.250979 -2505.331901 239.435753
-3268.974462 -2469.594998 197.006664
-2356.981202 -1780.822375 140.918364
-2582.427366 -2045.032773 115.994349
-3423.239890 -2603.059079 212.766078
-2963.020298 -2247.900719 98.558565
-2251.430943 -1760.504229 157.578131
-2411.756754 -1956.359743 185.935341
-2652.501638 -2010.136460 84.576518
-2157.435443 -1687.202812 150.817693
-2652.625070 -2010.367990 84.577114
-2851.687696 -2211.204610 144.203320
-2593.183779 -1994.620445 183.754742
-3235.133521 -2623.456483 250.478771
-2442.040850 -1961.857894 185.180693
-2669.806523 -2030.818698 104.766934
-3193.235157 -2557.048282 186.238943
-3439.855847 -2646.465577 203.296014
-2516.936136 -1902.292108 185.343760
-2217.325965 -1758.137416 103.000275
-2468.765726 -1988.167800 158.901185
-2035.767319 -1585.729685 49.924000
-3481.988056 -2664.776731 153.247538
-2567.139741 -1992.974148 59.891880
-2651.772497 -2106.079980 61.160606
-3579.729583 -2919.878074 224.447203
-2919.944255 -2318.423425 98.899138
-2504.356665 -2058.600458 130.580826
-3534.983748 -2773.820377 103.864131
-3396.192666 -2651.783661 88.513251
-3520.477737 -2748.518366 89.200613
-2804.550602 -2197.568354 65.608664
-3510.446174 -2714.435285 99.691332
-2745.083641 -2113.525126 73.133704
-2804.058761 -2197.324861 65.540596
-3127.302691 -2404.551283 104.369802
-2558.718122 -1982.255226 79.124591
-3657.490349 -2866.983229 87.222286
-2780.908514 -2251.923215 147.399910
-2596.088022 -2057.611321 60.967643
-3634.287959 -2813.665801 178.807061
-3502.716653 -2733.613200 158.048128
-3334.835489 -2573.510915 161.062663
-2384.555443 -1892.733615 54.427380
-2601.490263 -2125.162060 134.826976
-3315.616494 -2737.326067 167.262484
-3058.349023 -2480.693434 237.538854
-2425.209843 -1985.608948 142.855839
-2982.872032 -2354.564045 201.207931
-3142.073483 -2466.033896 73.966247
-2872.017616 -2346.135053 147.957612
-3260.701576 -2526.246136 95.796736
-2811.991527 -2215.354596 241.157831
-2393.500912 -1816.569276 69.617569
-3696.055815 -2762.768938 248.354927
-2110.387052 -1704.677446 98.829245
-2924.212144 -2235.645100 203.207475
-2987.206534 -2452.873483 163.539413
-3628.871748 -2770.838040 135.475564
-3158.294687 -2366.206058 134.492813
-3466.001021 -2812.135025 228.892928
-2636.909606 -2022.371087 138.982767
-2873.860419 -2200.587455 153.468815
-2921.444969 -2237.493587 156.404509
-2507.736920 -1921.201531 134.865290
-2482.645073 -2006.082326 157.266953
-3421.257912 -2712.093499 130.562164
-3637.075691 -2897.311516 195.188497
-2936.526160 -2338.867354 157.399220
-3250.725665 -2602.735760 222.295302
-3290.562839 -2558.245601 161.599721
-3437.772021 -2689.488800 209.419007
-3399.121003 -2591.989454 104.462057
-3426.692781 -2661.869246 119.016427
-2624.813007 -2037.778565 90.573189
-2525.121341 -2058.209462 177.511841
-1878.193762 -1541.676377 104.555466
-2197.711260 -1754.550222 140.203915
-3309.948064 -2651.140143 179.224595
-3356.099659 -2737.764297 206.604273
-3454.579164 -2824.086838 217.307360
-3118.746403 -2514.559270 229.384659
-3034.596965 -2461.755306 230.452121
-2346.060815 -1806.328968 110.370048
-2975.134748 -2249.006947 210.743836
-3597.337339 -2775.053138 173.750456
-2496.177977 -2025.396190 188.689572
-3485.429889 -2659.991884 285.503059
-2237.153778 -1815.726712 169.290559
-3480.134244 -2744.876264 233.922600
-2418.504317 -1845.582002 198.467051
-2953.080711 -2391.603112 109.556204
-2101.869424 -1721.949909 124.364269
-3195.177910 -2538.699118 73.924543
-2665.904376 -2196.235270 169.521202
-2334.375220 -1835.703849 171.466345
-2983.928108 -2416.615103 158.875273
-2645.887249 -2097.906165 61.115507
-3283.827278 -2610.243376 74.975221
-2850.172004 -2308.525778 151.198530
-2287.268772 -1812.818130 52.516121
-2601.593325 -2061.291163 59.415757
-3404.307839 -2705.569146 76.469103
-3080.902656 -2447.164227 69.636919
-2847.172056 -2262.943503 65.243378
-3296.160739 -2692.083959 118.077928
-3440.546538 -2738.304650 185.028194
-2863.658341 -2350.048195 159.462302
-2473.354984 -1950.280778 211.794089
-2532.603215 -2005.024658 100.673611
-2241.372821 -1806.724667 164.078934
-2515.318235 -2037.093911 152.392142
-3040.272561 -2437.087319 81.313664
-2402.007776 -1939.991453 132.123102
-3195.491699 -2610.188389 116.639030
-2973.807912 -2335.353030 120.803517
-3060.109272 -2382.232050 159.848053
-2874.372326 -2238.114515 72.732233
-2316.506706 -1878.980075 102.941888
-3586.341837 -2951.616698 167.741056
-2484.862881 -1991.007729 63.377100
-2408.661364 -1964.259176 122.357648
-2604.465757 -2123.751542 132.053514
-3382.040990 -2602.719186 114.966532
-3151.244710 -2426.005451 235.223263
-3053.891929 -2412.298769 125.837426
-3477.908595 -2626.563762 191.389908
-3388.825375 -2539.933243 194.770261
-2455.226662 -1889.224888 184.727410
-2787.094749 -2219.659348 126.189789
-2804.834261 -2158.749264 210.202230
-3230.037661 -2486.406720 242.147603
-2449.237103 -1986.420561 107.311801
-3601.668565 -2867.118257 163.248595
-2751.928941 -2143.150397 69.572044
-2986.602188 -2368.071208 187.164283
-3538.895610 -2808.300665 221.418630
-2839.632310 -2255.574553 177.828905
-3436.491512 -2813.209595 187.857749
-2749.216032 -2154.114908 119.616636
-2525.587470 -1922.970769 65.092987
-2378.374006 -1824.220776 54.621622
-3072.748396 -2332.530796 102.102837
-2806.211041 -2176.449259 107.907033
-3244.703687 -2645.770995 204.293334
-1905.343447 -1482.279616 154.873093
-2970.805973 -2369.794652 169.219915
-2906.709771 -2219.365775 109.216134
-3047.718260 -2328.753265 116.295091
-2593.144678 -2089.717814 189.330641
-2427.798776 -1916.168222 131.213120
-3528.088374 -2822.538012 95.154994
-2439.548230 -1827.606249 102.308037
-2390.711671 -1842.292541 115.987226
-2543.850755 -1948.552249 181.509550
-3576.331395 -2703.892356 255.092553
-3399.436723 -2692.864094 79.264049
-3399.724759 -2673.930789 200.575386
-3166.805487 -2372.866937 134.201617
-3378.337727 -2627.339958 290.184256
-2437.929996 -1875.407983 108.370087
-3144.301732 -2523.570279 80.521895
-2207.267609 -1784.507838 150.973566
-2623.335464 -1957.361363 157.850931
-3596.412675 -2725.094885 114.774059
-2776.473428 -2242.137979 195.930736
-2395.615797 -1937.033604 163.908072
-3128.643300 -2526.599874 220.947366
-3438.271952 -2777.133986 242.807167
-2517.443780 -2026.973016 113.973153
-2992.583868 -2303.276270 133.900460
-2996.322642 -2374.927043 116.978041
-3049.095185 -2457.094395 229.024322
-2353.884944 -1913.366102 99.832007
-2090.611688 -1684.533401 156.362258
-2644.183179 -2129.519278 119.250472
-2312.691926 -1870.595615 158.758246
-3480.961840 -2630.050223 190.994695
-2806.356122 -2261.492567 209.282691
-3491.813091 -2817.757692 153.718422
-3273.758940 -2645.310573 182.334379
-3609.566844 -2912.596940 254.573104
-2802.135150 -2150.054053 184.106144
-2641.556498 -2127.116284 119.346882
-3460.627365 -2663.590433 155.049087
-2873.610830 -2194.393691 111.140987
-2248.949372 -1717.292678 87.085308
-3663.905079 -2796.875895 141.490741
-3323.593374 -2579.794454 76.271978
-3071.479623 -2285.984636 126.803911
-3327.016791 -2584.304342 76.619479
-3666.265284 -2835.751061 246.178412
-2481.228032 -1981.497964 107.665413
-2814.656960 -2234.509054 181.382926
-2611.677972 -1941.507999 104.450913
-2505.590500 -1867.693594 92.624806
-2665.066311 -1982.028750 140.297473
-2571.000431 -1913.849378 97.130744
-3586.275235 -2667.831232 142.777811
-2382.056583 -1904.135595 75.522187
-2601.110490 -1936.019258 99.798497
-3397.892437 -2593.974957 139.121306
-2778.942420 -2208.481943 212.755026
-3126.405634 -2424.261344 70.499488
-3128.071471 -2425.506595 70.587462
-3091.032414 -2397.192072 72.985245
-2472.381656 -1994.284181 148.170457
-2438.428701 -1991.768995 125.123441
-3377.814006 -2621.750260 116.374598
-3000.279156 -2450.305221 205.785499
-2921.821011 -2386.516347 201.151032
-2929.601791 -2393.423929 200.459649
-2194.137133 -1648.212777 90.859282
-2421.218574 -1973.980074 170.797458
-2165.523137 -1766.956594 132.783252
-2913.227774 -2200.407249 206.903819
-3150.149858 -2436.860989 211.836767
-2120.739431 -1647.708521 182.072637
-3076.051014 -2391.614625 229.249992
-2648.671223 -2004.503091 148.092473
-3058.580305 -2415.378095 164.680356
-3226.155489 -2441.209752 180.758877
-3339.189944 -2574.534784 247.554300
-3573.103747 -2875.328985 159.499543
-2595.517645 -2014.751585 104.277192
-2674.126345 -2062.765619 228.039437
-2740.376580 -2039.639095 102.876391
-3413.539134 -2540.068117 131.359901
-3244.844646 -2414.497039 122.710397
-2405.005433 -1789.325342 125.974817
-2781.800304 -2069.885413 106.884806
-2531.259280 -2014.900861 153.748838
-2638.360026 -2050.829573 194.462259
-2331.701067 -1875.394473 104.913751
-3535.283856 -2735.811359 78.916824
-2306.637908 -1882.147468 118.051794
-3552.277122 -2673.022432 249.741606
-2989.828170 -2220.957596 157.329424
-3718.939287 -2791.527437 129.648128
-2677.914293 -1988.265190 140.856558
-3123.952284 -2318.939199 165.104457
-3657.382106 -2790.715019 154.736013
-2949.532736 -2363.948022 74.779528
-2886.184866 -2371.010541 161.496188
-2246.291839 -1702.247731 157.064283
-2465.781199 -1940.296982 145.953032
-2383.713007 -1955.183542 131.482346
-3130.226374 -2330.341237 127.524340
-3040.680573 -2485.279873 150.795642
-3173.832974 -2395.256269 168.385619
-3052.162483 -2424.012233 162.536955
-2319.766455 -1903.795702 127.836494
-3531.674347 -2711.085723 150.829140
-2133.297698 -1687.138686 158.971851
-2987.347324 -2450.133858 163.488907
-2889.174770 -2285.018636 122.732226
-2244.019756 -1807.456910 102.345062
-3036.979086 -2447.105606 138.714957
-2481.896403 -1906.042900 105.941917
-3122.582841 -2389.151036 238.565959
-3640.871564 -2796.340586 156.183490
-2900.656426 -2226.987046 124.345003
-2183.469709 -1757.831085 139.211237
-2072.242423 -1689.986702 108.837399
-2371.254075 -1878.989249 111.600646
-2408.762464 -1954.965172 185.708761
-3194.275038 -2592.664211 248.215338
-2486.101427 -1972.857355 56.875151
-2147.481317 -1703.280963 49.847254
-3643.067024 -2830.127405 144.393280
-3235.407627 -2536.187971 271.747624
-2327.186788 -1897.483854 95.100065
-3084.618144 -2514.514563 126.503597
-2651.507006 -2036.929315 112.750000
-3035.403194 -2404.005060 117.738570
-3194.294074 -2448.323237 171.760830
-2170.118894 -1742.646721 164.376951
-2136.319344 -1674.473284 179.708286
-2662.634372 -2069.029901 104.453971
-3227.706562 -2508.390258 127.839898
-2664.211078 -2069.962696 103.965105
-2691.634314 -2201.823351 169.601580
-2427.686648 -1980.625354 184.613422
-2873.363730 -2365.259590 138.163987
-2726.788261 -2225.073177 207.242421
-3200.840102 -2461.531257 259.543410
-3033.298867 -2471.719474 104.141291
-2746.882729 -2187.362403 226.895798
-3029.056225 -2479.782332 191.120257
-3380.855387 -2763.156801 230.791482
-2884.865102 -2385.164925 152.648583
-3113.231030 -2449.211322 182.027473
-2919.668697 -2216.656605 109.599339
-3094.948583 -2529.025015 151.821152
-2421.232020 -1974.270533 167.972968
-3317.467896 -2710.656456 253.922920
-2436.574759 -1934.966199 131.914117
-3342.979251 -2561.027257 256.641725
-3129.376148 -2394.656780 240.450472
-3227.408101 -2471.370831 247.929085
-2969.938130 -2364.664162 179.172670
-3380.112755 -2690.097931 204.540397
-2853.129666 -2199.763570 160.266499
-2971.493660 -2365.452320 179.119671
-2586.651552 -2059.667280 155.823871
-2355.509568 -1798.027487 93.805284
-3002.372041 -2346.795740 152.074513
-2848.710892 -2220.180690 148.646177
-2775.330428 -2180.025839 161.282358
-3420.812492 -2685.809250 198.581170
-3470.854217 -2712.885606 183.565193
-2364.698207 -1858.364906 135.038570
-2970.970982 -2356.647447 248.942885
-2839.743634 -2230.415458 163.085050
-3179.450137 -2616.249063 204.944107
-2141.110347 -1769.483093 112.378036
-2437.971000 -1984.199260 176.237280
-3109.528257 -2376.902863 236.909894
-3217.678370 -2601.039480 227.597143
-2865.633406 -2266.901915 122.228655
-3310.814911 -2694.916732 237.188426
-3259.759926 -2634.351235 231.967486
-2933.711964 -2250.801355 232.939016
-2250.032703 -1738.170302 63.469019
-2731.340608 -2095.928811 216.538302
-3279.844591 -2432.256551 153.406570
-2388.990222 -1771.920978 111.901698
-1833.410808 -1496.573532 96.135980
-2929.525952 -2286.741296 150.107480
-2651.424683 -2070.156991 137.596652
-2312.052982 -1879.744536 97.440512
-2808.760046 -2260.108617 164.058207
-3073.696289 -2510.990376 209.614779
-3524.457553 -2801.761758 290.566400
-2790.190750 -2300.012271 176.893940
-3036.236866 -2502.786220 173.452959
-3533.321296 -2900.331737 257.322053
-2975.258062 -2443.013377 217.990600
-2651.696911 -2071.874573 132.464404
-3417.558303 -2805.782012 240.056293
-2489.707441 -2054.239102 157.354752
-3173.154667 -2598.056166 244.710086
-3108.046609 -2427.958447 156.241116
-3266.778594 -2453.044810 223.436453
-2952.784217 -2329.205534 256.044650
-2397.342382 -1915.535379 138.736476
-2256.785621 -1796.887265 136.907740
-2256.801289 -1797.574647 137.042886
-2439.293941 -1943.003194 148.263395
-2911.309684 -2319.519049 176.851818
-2497.468913 -1989.418156 151.584187
-3465.381356 -2780.907390 184.046284
-3343.830425 -2687.210149 213.495603
-2328.170081 -1903.465983 180.115217
-2352.973565 -1924.295986 182.531441
-3361.759704 -2774.555977 216.736949
-2613.654534 -2102.603316 56.603330
-2903.793863 -2390.389822 168.167985
-2794.611374 -2286.322067 122.703379
-2868.815353 -2205.528075 66.085665
-2125.984815 -1704.407122 115.393509
-1843.106840 -1514.857570 73.762428
-2663.090355 -2181.038117 155.630691
-2719.523405 -2187.708078 75.316349
-2909.375877 -2292.753609 118.204411
-3456.533023 -2598.219166 123.829174
-2522.058203 -2029.288484 159.606309
-2982.351975 -2298.179943 175.194714
-3015.466375 -2314.477638 138.052927
-2997.427193 -2448.467689 164.940373
-2760.049082 -2219.484940 121.843675
-2672.114625 -2121.879101 92.480722
-2611.023858 -2132.559457 169.375147
-2635.655604 -2021.488326 99.147929
-2532.465117 -1939.390142 69.417420
-2896.091556 -2384.697322 127.984320
-3087.398952 -2413.033071 216.498353
-2617.185982 -2106.015243 165.640804
-2884.842602 -2210.472425 81.061679
-2749.337175 -2106.142663 76.898079
-3479.288980 -2664.671433 97.322872
-3215.093836 -2466.030019 147.744161
-2666.707226 -2185.381822 156.876662
-2776.595116 -2126.724147 77.636223
-2396.558199 -1842.321394 95.380545
-2629.815312 -1984.726420 147.808738
-2356.769228 -1785.407425 81.132435
-2932.484992 -2354.014602 103.857953
-2989.027615 -2323.656089 137.654649
-3338.451851 -2595.531590 154.320608
-3360.156647 -2528.352506 183.196158
-2793.161188 -2194.792261 195.173097
-3051.102022 -2383.941800 178.661976
-3017.238525 -2355.098633 174.912835
-2167.898119 -1665.744577 122.827284
-2651.262606 -2056.907462 146.780472
-2146.460172 -1613.727124 152.186093
-2870.128692 -2278.854377 98.893208
-2619.040828 -2057.677194 183.352510
-2866.234698 -2275.716103 98.791246
-2545.692129 -2078.652198 139.286931
-2465.054298 -1995.923413 160.125915
-3220.446234 -2495.270229 179.577457
-3568.281980 -2904.679238 168.285673
-3239.584171 -2645.993815 177.369260
-2314.449571 -1862.605995 149.389394
-2332.136618 -1824.325403 144.286895
-3445.856024 -2657.661685 162.002423
-2802.932066 -2148.076241 105.042388
-2846.346730 -2325.493479 185.259241
-2102.564865 -1718.977596 133.166576
-3241.789549 -2501.450900 152.768730
-2894.540525 -2385.340430 189.473890
-2754.587483 -2270.360875 179.657249
-2497.875053 -1917.861936 57.923435
-3363.706698 -2576.897053 150.690855
-2800.963628 -2259.792961 111.645631
-3270.300738 -2628.098919 178.515147
-2044.744540 -1677.758785 133.421110
-2933.821530 -2368.579407 118.490864
-2511.748765 -1994.673743 85.656337
-2433.971327 -1964.978519 98.002424
-3522.127106 -2716.797818 75.703560
-2331.944751 -1868.919263 127.442639
-2518.410564 -1981.766785 152.316157
-2630.900264 -2036.438270 111.318112
-2665.473096 -2053.758465 148.824240
-3317.615400 -2472.860480 145.647923
-2366.466875 -1774.488080 83.518518
-2770.765003 -2057.666971 150.458107
-2766.478238 -2208.821980 71.821734
-2419.591047 -1861.916669 180.163259
-2450.994090 -1864.098862 83.261494
-2628.138611 -2013.278592 71.811766
-2910.203646 -2239.678123 216.136849
-3126.478907 -2376.382004 107.058096
-3518.611449 -2674.458257 119.917064
-3390.436569 -2769.239939 186.763048
-2390.358603 -1884.181399 148.489471
-2756.795649 -2172.685200 171.885634
-2831.541100 -2231.693104 177.212637
-2758.146991 -2173.831959 171.644242
-2648.367340 -2087.267816 165.425193
-2444.236485 -1999.763045 96.445530
-2445.360434 -2000.523643 96.408232
-2443.957709 -1833.053420 84.838926
-2633.372886 -2075.121843 52.653277
-2806.198126 -2195.193206 56.725015
-2661.645621 -2096.556094 54.846860
-2431.878658 -1915.385639 50.205630
-2769.790453 -2166.246935 56.329625
-3456.579666 -2748.690508 196.412348
-2911.843068 -2183.380978 101.263855
-2117.188579 -1737.686401 83.323957
-3511.250501 -2735.137952 88.656732
-2634.798075 -2133.719787 67.894638
-3598.555436 -2955.043391 140.090155
-2550.295975 -2062.108257 65.366657
-2160.086266 -1646.389796 94.936840
-2551.349160 -2062.504996 65.196200
-3376.152408 -2742.319960 94.758392
-3122.945994 -2535.987580 85.103558
-3045.811959 -2472.346613 84.758213
-2736.949053 -2158.283010 56.694370
-2606.555140 -2053.956321 54.190302
-2257.870118 -1824.900014 57.914673
-2325.878581 -1791.023751 79.451246
-3584.322110 -2908.450134 99.297875
-3017.754920 -2355.980435 171.874159
-2415.518191 -1988.960666 140.888820
-3015.711020 -2353.266427 174.583833
-3031.928654 -2461.481236 82.618288
-3539.388206 -2708.279477 84.272386
-2572.983425 -2052.749072 146.115879
-2801.203710 -2235.313608 159.396612
-2261.476187 -1800.486523 101.068451
-2351.321373 -1899.090875 58.992246
-3476.123232 -2711.245828 195.452572
-2697.238637 -2178.416891 68.352618
-3408.434130 -2625.644352 73.937716
-3042.058263 -2456.480834 76.095726
-2691.229287 -2177.488846 69.825823
-2634.956246 -2133.618852 68.214454
-2614.993121 -2117.396811 67.985588
-2783.803998 -2246.678781 67.413421
-2374.105373 -1780.442045 79.466395
-2528.911591 -1896.413114 86.165225
-3648.912772 -2736.057769 121.731831
-3330.687421 -2673.980190 106.364843
-2979.778535 -2391.424873 95.252581
-3076.507679 -2477.685886 72.613582
-3469.586693 -2813.032635 89.091762
-3463.124051 -2808.146890 88.043728
-3057.532917 -2482.711568 79.604707
-2939.583032 -2332.620992 60.177665
-2098.532393 -1704.539301 54.877386
-3044.072108 -2458.360584 73.322444
-3588.167945 -2912.898996 92.559461
-3535.647898 -2807.939086 71.395528
-3290.100017 -2656.535278 79.563030
-2580.224967 -2105.389361 72.307801
-3413.952472 -2756.662448 82.808282
-2178.048783 -1798.537645 126.349153
-2900.101130 -2364.219712 81.149544
-2668.997555 -2182.396628 82.468365
-3188.555068 -2606.220238 94.425273
-2509.634347 -2046.595137 72.659287
-2649.211911 -2107.496913 63.697655
-3114.033208 -2538.932427 88.069302
-3605.616891 -2950.267417 111.504215
-2720.780762 -2218.895933 79.882271
-2782.071037 -2289.956506 110.441275
-2584.540122 -2096.416147 68.901548
-3379.162982 -2781.095987 134.726698
-3121.987234 -2536.438082 87.281820
-3516.556361 -2862.502052 97.759833
-2814.154406 -2293.210957 77.436239
-3187.007324 -2587.282339 85.224437
-2688.949899 -2196.675650 80.454421
-3433.181758 -2794.685208 94.965049
-2813.716907 -2299.049922 84.949178
-2219.078086 -1806.230764 60.846101
-2433.997280 -1983.806253 69.319131
-2526.581259 -2059.542256 73.133715
-2834.322203 -2295.834259 73.908535
-2613.868922 -2126.892264 71.799976
-2968.033501 -2423.492547 88.824139
-2363.883133 -1928.546186 68.253895
-2468.052620 -1940.055400 146.751661
-2838.281242 -2229.432447 171.113026
-3466.341942 -2725.971959 215.184843
-3218.198916 -2468.477214 75.924098
-2271.924074 -1870.269514 145.381818
-2615.804405 -2048.943419 154.135562
-3530.907501 -2765.477433 206.656659
-2403.620441 -1983.540248 153.963905
-2452.672784 -1846.677102 85.922673
-2556.640187 -2042.470647 81.980951
-3628.497292 -2876.795718 221.117874
-2092.648753 -1690.088838 148.552135
-3032.586200 -2296.667671 97.030293
-2302.176405 -1890.047914 147.321833
-2531.697977 -1884.891863 100.287809
-3338.023759 -2483.262326 131.870649
-2899.928204 -2196.816198 92.554075
-3455.577638 -2745.036328 118.335117
-3432.922569 -2815.229337 223.865738
-3426.086244 -2707.511321 208.038586
-2456.231322 -1978.067885 153.309744
-3345.804722 -2731.612694 182.960392
-3438.171595 -2691.994624 208.290638
-2650.330960 -2091.217487 46.871185
-2151.293981 -1631.715841 48.789401
-2129.786711 -1675.071731 37.796540
-2664.615100 -2094.872939 46.021331
-2657.420155 -2088.609549 46.227330
-3371.340717 -2602.991704 78.154753
-3120.788258 -2336.190664 107.230650
-2789.711195 -2092.775931 92.100354
-2506.665397 -1977.249749 45.881558
-2419.326531 -1988.444951 140.226570
-3298.903745 -2595.569180 57.286013
-3268.613534 -2581.204837 61.455205
-2519.560531 -1885.366278 84.673497
-2516.584823 -1996.096029 48.063259
-2298.487905 -1774.824010 53.826948
-2683.406275 -2072.274302 62.300869
-3351.051390 -2653.127638 63.929414
-2319.343178 -1815.794568 41.934306
-2362.162566 -1847.700917 42.647729
-2491.628525 -1972.567873 47.356618
-2311.020936 -1823.012258 42.780048
-2657.425424 -2086.170958 46.760835
-2657.689603 -2086.795856 46.473228
-3302.532294 -2593.584952 58.726726
-3351.052532 -2512.823625 109.963625
-2266.420451 -1860.405034 85.382533
-2802.654125 -2210.453098 59.126135
-2989.800269 -2454.229363 111.909776
-2797.055425 -2182.479344 161.275733
-3004.775139 -2365.334087 182.458493
-3469.114793 -2708.777646 198.960058
-2839.775940 -2173.408457 62.061497
-2548.847776 -2013.058592 154.285314
-2694.259912 -2103.658711 48.030230
-2769.944949 -2068.378646 94.093172
-2291.078433 -1754.819058 48.797438
-2235.730890 -1802.582958 55.862819
-2523.776868 -1963.424563 44.738344
-3508.415658 -2727.613698 60.242168
-2647.180494 -2067.702679 47.795609
-2356.742106 -1865.463947 42.317518
-2649.040221 -2022.168645 60.344133
-3190.112772 -2435.060206 72.959429
-2355.996764 -1860.310314 41.619360
-3645.432616 -2873.906646 64.087589
-3338.972468 -2633.823486 66.267465
-2376.816720 -1865.093935 41.167136
-3030.635130 -2368.786491 52.012338
-3040.162236 -2376.331314 54.354354
-3315.260572 -2657.595181 76.427400
-3206.706404 -2573.267323 73.724653
-2262.461300 -1796.001727 44.696063
-2882.768531 -2195.281056 70.192179
-2466.507845 -1985.192767 143.233187
-2712.371306 -2215.508477 79.122473
-3078.137988 -2507.165234 83.754863
-3034.557559 -2468.001438 79.957941
-3410.915423 -2758.874947 80.573634
-3164.861065 -2371.461704 104.472618
-2318.579260 -1778.709916 49.370757
-3010.315549 -2438.254796 74.275769
-3042.625102 -2462.389292 73.080182
-2953.708256 -2346.240770 54.901139
-2857.754240 -2315.452351 70.364248
-2621.663462 -2117.091596 59.436260
-3451.515717 -2838.321907 133.846344
-3371.731622 -2734.486478 84.596104
-2185.173049 -1798.770394 85.414565
-2782.115617 -2288.290679 108.080481
-3445.116031 -2779.415062 76.856125
-3367.085976 -2732.207083 82.688815
-3373.052390 -2771.364051 126.561533
-2779.846616 -2270.870827 81.225432
-2097.933937 -1713.393175 61.735147
-2282.500122 -1874.356570 83.818200
-2645.015239 -2167.555467 98.291427
-3185.504512 -2602.990632 93.877483
-2778.299098 -2269.361641 81.329696
-3412.005735 -2592.473357 82.483147
-2949.015108 -2239.610371 71.078433
-3110.802288 -2358.050187 217.902710
-2617.712818 -2113.647036 58.197523
-3259.397385 -2587.115181 59.030490
-2485.011806 -1972.601195 44.123639
-2006.760805 -1594.419908 34.720990
-3046.702661 -2450.877193 67.247782
-2142.159019 -1624.595770 52.392012
-2858.614730 -2190.150905 57.148568
-2657.122894 -2090.704816 44.883526
-3128.466015 -2464.145755 53.734704
-3118.876625 -2448.304111 52.346618
-2656.178732 -2086.338647 44.612052
-3624.125243 -2913.748878 79.831958
-2979.292257 -2356.874177 52.628047
-2973.273681 -2352.300598 51.554380
-2963.499311 -2347.281102 50.897371
-3439.776433 -2724.702272 58.655939
-2266.044223 -1864.614422 85.327895
-2566.997568 -2111.076440 96.826443
-2504.698520 -2058.060167 92.568426
-3506.819114 -2892.326885 227.441896
-3035.542387 -2434.099578 164.421907
-3471.981696 -2689.329630 268.406488
-2347.109051 -1859.548202 106.374469
-2164.648456 -1714.934441 97.961777
-2463.572047 -1952.002070 111.574638
-3496.458626 -2869.845405 191.515649
-3572.081912 -2925.564593 170.001745
-2142.499217 -1652.657867 62.358368
-2630.945811 -1978.231841 145.423408
-3435.827165 -2583.246495 188.425406
-3021.902987 -2356.365472 167.185768
-3443.538682 -2590.025213 189.095574
-2933.258820 -2333.174461 72.366765
-2411.435504 -1963.779413 113.517186
-3182.313506 -2480.550019 177.913339
-2880.087417 -2213.421290 65.783398
-2621.694035 -2166.612092 182.119599
-2403.540322 -1923.760404 131.050769
-3297.962273 -2555.186899 255.022742
-2721.847548 -2164.564820 224.496469
-2935.679918 -2262.903636 84.924299
-2437.605778 -1982.106845 190.908322
-3421.034260 -2672.667143 198.690199
-2519.611724 -1965.551296 132.263928
-3495.538260 -2748.719056 204.300019
-2524.613246 -2078.302412 174.054898
-2755.773754 -2270.166983 189.346061
-3265.033309 -2692.246017 211.920728
-3264.653141 -2691.978390 211.905011
-2087.823145 -1720.573010 142.795199
-3550.171868 -2936.820463 220.320346
-3145.736977 -2459.242289 62.455169
-3497.501321 -2769.954002 69.522226
-2547.000671 -2061.410567 64.247091
-3374.699263 -2601.038702 72.505889
-3306.054370 -2635.622772 70.605347
-2760.417809 -2282.202470 110.406564
-2860.117134 -2332.739068 225.258148
-2995.052721 -2474.433788 119.088008
-2606.113749 -2077.029663 53.462161
-2548.400341 -2110.340115 154.845567
-3121.730298 -2578.289760 210.427693
-3238.808509 -2581.868984 67.517774
-2358.379031 -1849.223883 132.984735
-2639.526740 -2168.140966 171.436531
-1808.884759 -1377.523466 93.121611
-2455.719523 -1924.803367 138.998162
-2676.571033 -2103.974746 156.650523
-3021.084554 -2494.679978 117.803197
-2398.853150 -1981.881052 98.088295
-3456.567580 -2856.242866 140.671120
-2965.226573 -2458.584336 146.847351
-2797.014558 -2313.140013 118.453469
-3279.547689 -2683.996717 105.077799
-2930.185149 -2424.717763 134.470368
-3193.072606 -2642.279462 151.123258
-2877.944431 -2381.830557 133.551055
-2358.519716 -1928.134520 74.700501
-2817.442148 -2303.044285 89.540375
-2431.057394 -2012.434086 112.232305
-3069.321975 -2511.002827 90.885625
-2921.754611 -2419.036800 126.246632
-2989.327263 -2475.324082 130.545827
-3485.528458 -2853.714886 107.504026
-2824.579920 -2312.576472 87.252852
-3112.483665 -2576.738909 139.334277
-2314.382470 -1918.143049 98.765941
-3058.364195 -2531.993448 136.330260
-3058.102980 -2531.553539 136.258459
-3379.471594 -2759.983573 265.324490
-3252.790582 -2697.706626 142.831096
-2409.920162 -1972.797160 77.444003
-2292.418287 -1868.251731 181.781681
-2582.271485 -2118.199450 81.710506
-3104.990868 -2528.403105 247.656383
-3269.104244 -2710.211940 146.426856
-2656.721512 -2198.272675 163.435793
-3106.200841 -2570.270831 191.128264
-2865.452428 -2365.128510 115.256184
-2723.039004 -2247.808650 166.723791
-3441.925236 -2833.358801 221.268490
-3191.471100 -2634.061080 127.008736
-3085.712799 -2546.438819 122.872069
-2889.818403 -2391.833556 127.593294
-2721.159114 -2244.979862 166.725847
-2392.767378 -1979.442799 106.248251
-2703.561319 -2246.196419 133.593605
-2352.183618 -1952.347025 109.499658
-2489.931314 -1947.552775 138.496734
-2245.839584 -1856.870500 136.293940
-2477.670219 -2029.476816 166.026118
-3084.131490 -2528.732307 203.256705
-3266.429180 -2692.472192 209.032905
-3118.823829 -2556.948051 179.315376
-2350.621615 -1806.990033 56.070526
-2776.192450 -2288.538113 176.536802
-3013.936706 -2496.504880 155.005986
-2010.644200 -1665.067878 103.871545
-3205.845887 -2648.209075 203.927599
-2643.005481 -2179.383448 169.416025
-3142.028672 -2585.416861 217.883878
-2865.996723 -2178.245682 70.607060
-3026.244052 -2380.123117 56.614253
-2162.559960 -1701.041893 39.259483
-3521.752181 -2781.202081 64.776516
-2831.614325 -2221.135076 50.929510
-2370.583960 -1865.274931 44.638175
-3318.500593 -2611.124908 59.079763
-2349.533457 -1794.669571 54.859857
-2809.168685 -2203.102223 152.904200
-3551.059691 -2712.858302 78.526383
-2537.473315 -1954.559833 53.550610
-2214.805373 -1702.016458 49.038024
-2404.292842 -1915.041943 47.989932
-3026.913315 -2476.747687 84.985573
-2948.309639 -2351.107794 58.620446
-2809.095651 -2240.984709 53.582488
-2278.813372 -1883.645831 88.353836
-2784.534432 -2271.546287 76.399509
-3028.056089 -2494.318637 116.251821
-3445.391040 -2792.637917 82.173244
-2843.132588 -2325.345226 81.389906
-2839.607109 -2259.578840 52.464933
-2112.428017 -1719.595811 55.453495
-3110.591545 -2535.611947 82.600600
-3405.505706 -2708.740924 71.128750
-2076.334670 -1598.442927 44.676700
-3043.400894 -2467.210011 73.155216
-3082.508786 -2371.117329 66.483204
-3371.502445 -2730.928697 79.602498
-3492.216497 -2777.285293 64.900945
-3589.844819 -2905.795718 85.043290
-3304.497258 -2681.851839 79.434453
-2665.346505 -2164.032566 66.406632
-3121.744557 -2482.636613 60.863402
-2923.978386 -2426.223184 137.951604
-3030.004056 -2491.117682 224.608622
-3234.474587 -2685.023267 155.978406
-3555.658273 -2949.030941 216.365355
-2755.834754 -2281.000064 110.595514
-2389.433191 -1977.873527 97.607965
-2883.132399 -2390.012927 118.172153
-3487.887162 -2808.951624 73.905368
-3703.514266 -2812.723836 87.334663
-3260.075923 -2587.753835 55.815814
-3160.771251 -2518.432403 55.242928
-3126.175649 -2521.287281 189.138977
-2777.719459 -2289.187170 102.651492
-2527.609114 -2082.953567 92.690016
-3191.220405 -2631.621585 117.672942
-3241.224951 -2413.990340 226.901538
-2726.246546 -2025.967035 194.214103
-2386.352234 -1776.400039 165.724148
-2198.931245 -1666.388885 187.036822
-3316.073441 -2671.698188 91.654554
-2346.223990 -1791.151026 86.613726
-2445.832158 -1885.309009 164.985339
-2673.597606 -2041.619767 98.465933
-2734.918981 -2229.433518 141.079478
-2739.898674 -2207.463743 189.420168
-2868.068407 -2263.082253 146.155391
-2356.257258 -1858.986385 120.550047
-3374.463799 -2658.038214 166.245587
-2536.849719 -2015.201322 202.612361
-3550.974426 -2800.720720 240.336931
-2577.223963 -1987.636017 86.607805
-2564.473957 -2004.727657 178.029210
-2639.885712 -2100.517480 150.093747
-2710.158093 -2072.434258 107.295548
-3297.546899 -2536.755459 132.374411
-2590.253859 -1974.505709 140.923317
-2877.589168 -2228.013203 117.744457
-2341.427358 -1841.760461 168.139902
-2913.678736 -2274.764190 75.050883
-2308.654042 -1776.462991 80.775083
-3530.115174 -2692.828786 135.756574
-2921.995800 -2260.546874 235.082373
-3196.201145 -2485.249405 260.644625
-3196.536799 -2485.632506 260.755677
-3289.980897 -2510.921976 258.253663
-2917.311933 -2225.324904 228.318340
-3572.368787 -2840.005633 274.811390
-2758.754493 -2261.756091 151.138121
-2497.795934 -1989.481215 133.008087
-2576.141209 -2051.916812 136.867733
-2508.581224 -2067.008637 162.565833
-2028.350452 -1641.979587 107.127963
-3283.830788 -2550.126613 114.386589
-2239.343552 -1676.146381 151.630380
-2351.170025 -1805.896161 152.268756
-2613.025764 -1997.384881 92.022857
-3330.161807 -2700.077427 218.979436
-3262.010219 -2645.410983 214.646700
-2012.230118 -1534.734391 165.490358
-3386.023301 -2582.466371 277.928962
-3536.905582 -2780.789051 132.290153
-2285.712588 -1885.244722 104.918809
-2800.173364 -2211.055325 213.816723
-3015.602936 -2429.310330 206.954336
-2392.242167 -1926.535500 163.409347
-2312.486279 -1806.524180 124.240238
-3480.422352 -2719.992620 187.402876
-2469.321016 -1988.831178 151.157501
-3639.096684 -2818.852193 139.275397
-3337.561446 -2747.869221 212.000551
-3435.543154 -2687.230165 167.300593
-2139.260751 -1673.375771 103.859492
-3308.933838 -2665.112376 92.091949
-2467.652211 -1987.585001 68.635127
-2443.301235 -2000.763643 133.877673
-2640.322033 -1979.179387 111.552373
-3138.086623 -2558.823340 160.324543
-3108.261465 -2372.794425 242.152628
-3288.401428 -2510.127838 256.370484
-3369.907735 -2738.348575 146.009881
-2635.775137 -2011.425859 97.332745
-3144.981875 -2357.459503 133.044426
-2260.923197 -1742.683532 152.579201
-2304.598346 -1879.223846 117.426798
-2331.717055 -1916.375986 99.202044
-3115.650226 -2374.294433 255.817901
-2888.382129 -2298.140684 164.836504
-2990.939701 -2448.706231 163.307835
-2671.645696 -2109.105001 85.043377
-3240.554989 -2429.960130 136.685814
-3261.510241 -2621.783850 194.013472
-2228.113272 -1753.350219 151.044457
-3505.585004 -2684.314374 185.922361
-2256.294614 -1728.485032 119.622781
-3528.571956 -2702.219093 187.871675
-2443.102919 -1870.727770 129.400502
-3567.809728 -2731.867365 190.084217
-3027.644459 -2481.256240 166.218051
-2731.088434 -2185.120039 74.285420
-2448.547792 -1931.424771 188.834999
-2399.966784 -1840.068668 144.938495
-3000.157243 -2304.136898 193.868125
-2969.926668 -2376.601125 76.191044
-2972.690614 -2378.795054 75.514279
-3296.360101 -2638.905445 83.569648
-3069.036838 -2510.922796 203.637751
-2643.239317 -2149.144515 115.022400
-3243.816897 -2479.785305 110.094686
-2466.128657 -1868.152545 93.256455
-2664.513407 -1981.088136 140.544174
-2993.992741 -2413.534430 82.772421
-2558.312341 -2065.354861 77.165394
-3228.147720 -2409.043939 198.967744
-2723.618901 -2050.842259 87.723555
-2860.534784 -2120.245816 133.115812
-3639.180422 -2740.150237 115.566560
-2780.341437 -2064.545075 157.876494
-2566.138313 -2003.086661 173.589292
-3220.956987 -2560.291072 246.679393
-2960.919982 -2334.823315 176.188449
-2502.325483 -1859.246579 131.903268
-3349.950835 -2697.452166 206.422612
-3172.372713 -2587.059968 192.385937
-3039.924140 -2479.845876 184.793293
-3115.403695 -2396.273342 125.758408
-3391.730818 -2679.602550 197.526000
-3303.405233 -2445.853671 168.491813
-3343.600091 -2693.228996 205.098059
-1996.106261 -1590.598723 117.806321
-3311.315236 -2524.512620 82.127274
-2565.351166 -1951.280434 175.597726
-3146.265750 -2518.911333 148.818917
-2623.957495 -2100.458455 124.104854
-2798.740561 -2177.846609 189.614270
-3369.349092 -2504.905345 126.292077
-3006.490651 -2261.610924 89.579630
-3329.320614 -2465.748253 138.203433
-3447.479232 -2746.051265 206.448021
-2068.475345 -1632.225420 159.480461
-3204.350155 -2477.783645 70.812775
-2927.817185 -2309.150581 176.004009
-2348.726815 -1901.810803 145.991745
-2811.311918 -2242.607638 123.107074
-3042.905000 -2254.374478 176.639115
-2905.573714 -2153.077905 168.292208
-3676.900353 -2812.240574 308.006062
-3201.640010 -2486.883673 280.314568
-3313.664715 -2594.200666 172.210103
-2624.405594 -2070.349133 133.664245
-2477.345145 -1918.656984 135.527314
-2624.903029 -2033.036323 143.481909
-2403.260334 -1895.695902 135.136012
-2222.315279 -1776.127455 134.627926
-2624.906694 -2016.148994 111.242149
-2765.098269 -2147.987429 241.030419
-2719.207526 -2113.893760 238.032890
-2334.848324 -1813.878890 203.643329
-2638.738416 -2046.634548 134.550901
-3321.818774 -2575.671877 168.965323
-2315.190483 -1874.136974 121.981063
-2448.909090 -1931.571661 189.245517
-2346.612512 -1760.813047 156.148321
-2794.973377 -2097.187123 185.957020
-2992.068541 -2438.913845 185.316576
-2202.149816 -1760.749823 180.756141
-3391.374871 -2667.526733 301.869512
-2848.175929 -2222.657173 146.837608
-2149.381487 -1654.570442 163.455033
-3309.071515 -2548.607444 250.829764
-3412.080604 -2809.305385 215.588707
-3116.297751 -2560.001457 231.992087
-2392.087721 -1904.709239 202.627907
-2718.929582 -2248.152768 144.190844
-2480.006954 -1938.163067 122.892037
-2310.338235 -1839.791804 194.867563
-3340.359074 -2610.847065 166.523565
-3045.830999 -2425.414777 256.804575
-3035.602997 -2331.774658 245.828375
-2757.565946 -2059.480109 192.478130
-3657.102940 -2732.803564 254.405640
-2478.643466 -1927.796327 217.763101
-2207.522403 -1765.687423 182.028198
-2765.363285 -2149.254366 243.605088
-2088.509705 -1708.170485 158.924203
-3289.339421 -2595.974166 292.404866
-3480.295344 -2745.410477 309.821053
-3560.745814 -2924.617967 266.310600
-2161.228246 -1653.744423 184.089531
-3277.391541 -2588.267185 103.598457
-2415.197556 -1858.900995 182.570836
-2344.853657 -1805.304081 177.484291
-2735.529436 -2098.509918 61.244202
-3486.541600 -2868.367759 229.374820
-2791.113732 -2298.995200 180.627170
-3195.966296 -2555.202948 87.361670
-3227.968178 -2641.286950 212.801606
-3142.426917 -2567.906762 237.777247
-3204.377007 -2624.562605 236.673570
-3028.983500 -2388.876210 269.177911
-3486.031432 -2666.849321 295.819877
-3271.779301 -2596.141825 275.661736
-3557.772943 -2656.862111 247.074681
-2276.527399 -1737.294549 198.754516
-3338.873503 -2485.125985 237.346769
-2854.220957 -2244.894694 163.333880
-3000.417898 -2227.622125 171.825261
-2503.747926 -1861.227219 132.496590
-3136.549325 -2346.222096 213.857832
-3168.500947 -2372.100543 243.090131
-2651.052186 -1992.021703 84.939010
-3173.370185 -2497.686061 185.280864
-3403.593442 -2674.348604 191.082735
-3640.076737 -2712.832588 239.304801
-2575.447359 -2067.074247 136.625301
-2433.895497 -1985.512923 171.921424
-2755.593351 -2108.450539 142.709493
-3429.283851 -2827.265171 195.749706
-2473.766445 -1957.732457 214.068163
-2539.733036 -1901.308271 194.902249
-3234.192917 -2423.480733 250.322320
-3265.968123 -2449.128795 251.368235
-3445.631110 -2577.381537 263.946186
-2522.746283 -1942.502628 224.855202
-3270.901547 -2443.677576 221.702684
-2684.359401 -1998.770250 181.353435
-3171.939201 -2444.249908 284.842993
-3196.888796 -2373.239600 183.393423
-2095.459651 -1684.704528 177.661994
-2609.206899 -2061.865901 229.271647
-2835.074054 -2208.645442 258.605442
-2570.870849 -2032.274990 225.466924
-2272.832443 -1870.242810 148.976551
-2271.933911 -1869.488083 148.217443
-3311.014292 -2452.975806 209.003928
-3395.873358 -2556.012706 100.314459
-3037.747499 -2239.049039 169.891977
-2889.179188 -2144.557074 194.852233
-2540.210846 -1878.529201 143.052833
-2790.251091 -2066.838296 166.283085
-3052.752273 -2352.658592 265.836838
-3143.871711 -2474.446465 280.726838
-2899.968955 -2168.613433 220.105168
-2551.452987 -1888.750876 161.298949
-3145.623622 -2420.336514 279.504653
-3330.902322 -2513.689945 268.539813
-2746.774971 -2070.928775 224.129659
-3380.825771 -2495.213779 165.520164
-2845.419392 -2212.692737 258.314397
-2823.289852 -2152.740431 55.347555
-3486.471714 -2726.799179 57.112826
-2873.182280 -2174.741556 61.856894
-2384.640599 -1910.589676 51.046398
-2434.372694 -1961.946048 132.264373
-2904.775294 -2219.689159 91.194022
-3673.897835 -2773.942326 138.540958
-2917.366949 -2228.692336 91.377444
-3276.150750 -2632.708535 132.053309
-2832.220123 -2294.486799 205.023173
-2832.316243 -2294.890477 205.187471
-2848.776714 -2220.605497 61.249718
-2811.536141 -2168.962297 83.108646
-2868.556172 -2242.948524 139.298602
-3549.122589 -2862.624667 142.171833
-2268.537909 -1829.380818 91.486226
-2193.571676 -1800.236454 125.653778
-3606.061802 -2910.863348 144.391018
-3269.300628 -2671.752124 210.476048
-3324.917632 -2711.007968 183.119703
-2995.291208 -2441.018800 165.128038
-3415.900897 -2536.837317 184.096678
-1808.607182 -1485.926677 104.153096
-2784.732792 -2243.314672 67.519892
-2785.595030 -2243.736143 67.369785
-3166.884398 -2438.377696 108.664352
-2404.164883 -1954.465856 68.402267
-2885.144621 -2302.414176 73.368769
-3222.573577 -2416.561097 109.208346
-3037.146661 -2469.440066 81.765964
-3033.696219 -2467.126747 83.644775
-3217.783925 -2605.938894 185.904518
-3285.804366 -2656.284607 80.707778
-2441.993815 -1835.597303 171.466910
-2481.469231 -2037.051757 85.543548
-2433.884601 -1807.265237 151.703959
-2547.331962 -1958.259741 102.045874
-2224.704053 -1765.176300 135.635775
-2946.871140 -2265.332499 150.456102
-3255.717995 -2685.482081 150.766604
-2175.339768 -1658.707147 117.879144
-2818.279465 -2102.304960 201.510148
-2514.949683 -1983.197129 150.542155
-2834.780510 -2179.807834 114.761559
-2507.738818 -1856.525766 128.553380
-2538.698951 -1886.905744 155.820415
-3231.222736 -2552.750535 189.641717
-2810.738619 -2159.929415 70.543784
-2580.795985 -1919.825716 86.326928
-3392.161967 -2582.776098 68.079110
-3256.255450 -2404.751936 170.710498
-2796.903895 -2066.476702 144.474340
-2542.844531 -1884.231540 133.454750
-2875.659176 -2225.322681 52.401421
-2677.178239 -1988.577030 165.422646
-2716.567812 -2051.942989 61.833445
-2303.050464 -1714.066886 74.489233
-3096.943345 -2304.865278 103.361485
-3272.104501 -2592.257301 60.217765
-3333.097359 -2639.015559 61.344722
-3515.873927 -2687.872989 80.706721
-3349.623636 -2530.555175 127.749505
-2393.036374 -1828.792248 55.081084
-2814.039160 -2227.392155 51.206817
-2650.379173 -2097.100024 48.922729
-3327.027512 -2631.614370 63.247207
-2996.898080 -2369.369787 56.922350
-2844.506655 -2239.721457 52.761356
-2796.131551 -2272.736583 79.182085
-3697.581311 -2739.484279 192.663143
-2590.526082 -1922.818213 96.485930
-2412.008702 -1816.585452 65.030098
-2744.405288 -2040.140573 101.267981
-2198.750844 -1656.650907 58.576906
-2841.585451 -2170.794099 65.669605
-3317.662803 -2534.062686 74.682276
-3325.817228 -2482.806446 108.804649
-3502.203102 -2730.426578 60.924383
-3250.815526 -2424.902700 106.028735
-3560.099209 -2693.664639 80.781995
-3322.375361 -2626.047665 59.422263
-2529.263261 -1962.340941 43.928643
-2342.593077 -1825.224586 39.980390
-3162.942469 -2389.692867 72.872627
-2612.007511 -1950.642883 85.494439
-3116.522294 -2351.375306 74.711868
-3059.420966 -2284.543325 99.687251
-3407.574953 -2732.548367 77.120594
-2695.938436 -2045.398179 66.691029
-2621.862962 -2112.994950 58.685715
-3320.924962 -2686.445382 78.930709
-2274.867832 -1748.905530 48.741624
-3448.226506 -2779.340292 75.825354
-2780.220752 -2283.299309 101.413205
-3124.905101 -2443.549019 178.916392
-2962.355902 -2334.098278 176.366251
-2640.509211 -2067.778228 44.106017
-3068.955333 -2271.725990 167.114389
-2765.855272 -2183.082159 46.349367
-2481.513282 -1896.251028 48.769161
-3297.830240 -2658.993910 71.977159
-2928.217787 -2276.276809 49.201917
-3118.857796 -2435.889136 51.264157
-2785.191669 -2287.833081 100.448634
-3549.748375 -2945.564905 240.884216
-3423.475117 -2683.601191 178.324342
-2769.968384 -2099.970670 103.216682
-3144.932122 -2405.873396 124.143484
-2705.597843 -2069.452799 106.577857
-2234.640436 -1695.088840 83.438202
-3071.060640 -2404.784548 159.210105
-2626.441914 -2056.872531 199.546803
-2422.765010 -1887.685347 134.535355
-2526.367068 -2082.786460 150.227126
-3470.089047 -2765.641194 196.816611
-3290.554660 -2530.246884 270.568173
-2678.456951 -2058.228603 220.950402
-3330.557856 -2584.179205 169.161735
-3189.928065 -2548.866137 263.556792
-2496.502302 -1933.641687 192.800798
-3099.546672 -2563.704260 197.664140
-2940.854628 -2434.175306 187.002495
-2295.470833 -1900.191890 124.427593
-2438.463184 -1980.956117 204.081748
-2606.245423 -1993.806806 218.901566
-3202.045339 -2638.663060 213.220836
-3151.070230 -2608.992036 171.369425
-2950.475590 -2259.673226 252.207496
-2620.166357 -2125.521856 222.239504
-2399.525498 -1911.687796 204.751263
-2305.633924 -1834.588333 197.723185
-2958.543296 -2365.619198 63.762955
-2968.305129 -2370.131888 63.487664
-2791.477455 -2074.087167 154.590629
-2786.832062 -2297.611132 169.605267
-2162.834847 -1799.942639 114.174129
-2938.130801 -2426.710972 197.253091
-2315.008398 -1923.815692 109.365441
-2877.270776 -2355.927430 190.970215
-2442.427441 -2025.085598 121.808228
-3156.187301 -2580.204167 250.726035
-3223.561775 -2635.854006 256.600219
-3171.703718 -2592.362588 252.535504
-3241.004891 -2662.326737 106.487234
-2677.888406 -2196.380073 91.766205
-2262.141347 -1869.824807 151.043607
-2428.061507 -2008.179303 162.094578
-3295.623993 -2706.968817 109.612235
-2854.701276 -2364.204492 174.954986
-2707.086015 -2236.037418 190.136911
-2298.659272 -1834.125995 49.682796
-2078.212772 -1705.784203 70.723483
-2913.863824 -2416.006846 133.539505
-3008.200523 -2301.796436 253.612583
-2411.350174 -1886.854531 216.680806
-2344.134483 -1926.786993 82.340727
-3432.985837 -2842.188857 171.815304
-3132.829083 -2574.806639 107.207790
-2670.267315 -2119.083056 236.982503
-2693.863937 -2216.569688 205.039875
-3609.021438 -2863.741608 319.192456
-2475.196751 -2034.328883 185.494170
-2274.512013 -1868.977305 76.720212
-2204.397713 -1806.409549 163.622888
-2411.148056 -2000.608546 134.298261
-3329.625814 -2705.178487 283.958256
-3154.509601 -2615.390680 216.288168
-3351.896825 -2735.529083 266.677284
-2213.227075 -1827.104880 159.730318
-2197.887342 -1818.033138 158.966935
-2291.382596 -1895.425383 165.348848
-2582.112120 -2005.027057 237.013572
-2715.474524 -2146.210153 244.874036
-3219.889747 -2390.329879 195.592231
-2052.522198 -1570.259559 81.293169
-2399.784105 -1804.390282 74.503515
-2771.733712 -2077.198227 193.198070
-3196.663691 -2453.366757 269.375049
-2292.672144 -1885.617725 157.466817
-3024.944577 -2369.794638 267.700625
-2725.270957 -2251.338781 172.171734
-3141.393663 -2343.493317 216.467466
-3376.584047 -2519.836455 237.551090
-2940.820907 -2233.217877 248.217099
-2786.204690 -2071.583733 191.587860
-2687.820867 -1997.195173 185.791727
-3066.454384 -2513.145695 237.177756
-3111.765895 -2460.108863 281.627146
-2974.140236 -2349.978848 262.379362
-2766.806543 -2210.862686 234.042401
-3027.183886 -2238.693840 161.313457
-2566.924565 -1921.606469 70.848242
-2564.669197 -1926.155769 65.300622
-2712.678136 -2099.311015 52.415997
-2558.745226 -2028.144736 47.450844
-2440.828725 -1929.154612 45.190070
-3009.811026 -2229.941251 146.719643
-2963.711054 -2265.750076 57.890112
-3659.723340 -2769.278393 83.415217
-3697.518682 -2828.204668 71.529069
-3414.120367 -2726.235433 70.394446
-3063.166337 -2520.682813 100.927461
-2203.724552 -1725.158552 125.251574
-3445.557946 -2793.456694 83.312258
-3554.026493 -2937.804107 231.692199
-2911.296116 -2417.222332 131.797796
-2602.098841 -2139.504157 86.387533
-3510.274199 -2599.257415 231.738565
-2159.287699 -1590.877734 127.155425
-2658.322342 -2015.977530 226.178965
-2617.696139 -1930.716604 131.095625
-2745.333278 -2069.936653 224.768402
-3393.199859 -2511.085700 165.942436
-3542.568964 -2616.397693 171.557671
-2433.731522 -1822.569368 74.809392
-3463.991621 -2783.449916 70.388305
-3393.820981 -2607.905240 63.454480
-3447.956137 -2706.158555 55.004916
-2175.561175 -1674.225542 39.956795
-3180.452970 -2527.426872 53.353413
-3106.069867 -2491.957587 67.254555
-3075.467531 -2529.375536 108.793853
-2336.272723 -1941.467780 103.966940
-2614.362774 -2136.917159 218.989012
-3337.239649 -2734.708891 268.452070
-2970.477333 -2470.353879 161.680445
-2916.588569 -2389.227994 239.327431
-3247.187710 -2693.871917 226.608552
-2872.523468 -2347.907489 239.430799
-2395.003301 -1964.079827 197.521582
-2640.812183 -2163.899743 221.973739
-2374.279380 -1977.824785 115.307053
-2371.947699 -1974.542231 121.972300
-2206.387666 -1834.521390 111.404524
-3255.130746 -2657.430027 276.355962
-2783.719404 -2273.051763 232.036121
-2339.714651 -1940.279406 167.885841
-2403.428035 -1986.280399 188.729487
-3134.465073 -2570.420283 254.165873
-3400.669959 -2835.509019 184.590485
-3296.705634 -2625.811153 291.486258
-2386.452313 -1977.079325 169.161634
-3201.825289 -2556.082406 282.651439
-2712.147201 -2139.809839 245.883715
-3365.728967 -2687.964492 296.833184
-3604.797346 -2874.236629 330.935229
-3364.503424 -2800.737983 217.875237
