-2797.486193 -688.277013 1284.885937
-3110.291178 -840.505924 1413.801010
-3798.657627 -946.213540 1857.648701
-3354.452376 -837.255613 1640.933294
-2482.828675 -690.278038 1193.596222
-2749.964447 -720.024722 1232.101261
-3442.228397 -857.295153 1683.182243
-2624.257262 -759.319099 1227.198903
-3908.675799 -975.373768 1949.735810
-3980.853570 -1159.950682 1857.590995
-3653.167574 -912.123993 1821.418534
-3430.588935 -856.324570 1711.560472
-2921.190793 -729.243836 1456.236862
-4039.315563 -1014.048546 1802.541259
-2520.890713 -624.998122 1137.040908
-3252.201434 -793.063282 1605.277239
-3569.566454 -1042.897488 1688.811951
-3066.566017 -872.812508 1499.264833
-3743.435028 -940.141836 1669.185816
-3044.869751 -797.301762 1362.767178
-2837.551472 -799.909682 1368.819735
-2674.948128 -639.699738 1300.416841
-2553.083878 -705.318128 1165.320379
-3718.293616 -1036.439035 1732.460928
-3029.997085 -841.271126 1415.856247
-2740.263722 -706.217732 1230.212983
-2976.703775 -747.610223 1327.110425
-3148.770074 -800.626762 1422.860651
-3031.817468 -770.802800 1370.030591
-3587.695788 -912.033048 1621.128647
-2708.007525 -736.245378 1348.777529
-2891.512940 -814.339907 1371.205676
-2928.173531 -795.856916 1469.646763
-2922.086631 -793.671043 1466.086991
-3222.865679 -817.989490 1474.096414
-2178.419365 -548.496239 999.514309
-3702.154010 -944.734959 1679.960191
-3177.606828 -782.340431 1431.895047
-3572.975880 -856.111759 1651.122572
-2491.277524 -694.406518 1191.596388
-2981.281485 -717.517762 1428.995525
-3128.726142 -804.105812 1464.601684
-3413.293531 -816.754463 1577.649854
-3656.198260 -1024.983334 1746.061657
-2492.492598 -694.192300 1192.450980
-3152.500467 -792.588686 1492.919100
-3906.426263 -1095.282194 1866.480370
-3366.275080 -889.873127 1666.523761
-3194.183737 -764.838757 1476.594125
-4046.697441 -974.394861 1939.618587
-3257.924913 -912.445473 1555.197840
-3299.034745 -806.470089 1539.716700
-2516.440515 -701.816041 1203.443683
-3657.324013 -1024.046422 1746.295074
-3211.659433 -804.340444 1583.996431
-2908.539267 -775.687490 1369.953478
-2995.688276 -744.344444 1473.338138
-3026.075213 -744.534999 1381.521447
-2726.138990 -654.447859 1319.526642
-2770.924303 -751.209858 1354.771752
-3135.322734 -752.178263 1519.373869
-3078.541398 -738.367854 1491.062413
-2425.184710 -581.255856 1174.436447
-2509.111901 -601.735904 1214.944606
-4073.076840 -1108.146549 1865.877619
-2754.920617 -686.832163 1265.674070
-3232.027265 -828.910241 1563.435043
-2970.114374 -839.177057 1476.521247
-2955.820077 -813.573699 1415.463935
-3699.194620 -921.521198 1698.436250
-3411.160490 -963.715996 1697.821620
-3343.826139 -943.983966 1664.886874
-2745.096803 -761.737093 1312.822715
-2391.399174 -651.852083 1173.310189
-3664.146825 -911.689531 1673.245462
-2209.532232 -602.232982 1083.893643
-3770.396594 -903.289875 1824.471618
-2959.422086 -733.267135 1353.873351
-3251.284280 -797.066177 1495.920561
-2970.407398 -710.624891 1362.626784
-3640.094417 -1004.303237 1660.751422
-3570.814661 -950.470350 1742.635113
-3317.956519 -841.433213 1598.229388
-2968.066550 -753.101350 1428.958478
-2548.958161 -644.069475 1238.651288
-2785.503579 -709.382967 1361.629457
-3094.904742 -874.482221 1412.768414
-2688.559349 -714.647537 1225.614003
-3865.352033 -1128.275449 1826.445761
-3980.698512 -1132.385170 1897.953628
-3448.431410 -1004.723826 1634.511043
-2993.500032 -872.147045 1420.344484
-3072.427695 -808.490974 1400.839278
-3391.916915 -826.712386 1553.452713
-3237.284469 -918.826253 1553.276588
-2928.148202 -746.824049 1407.922245
-3427.208250 -925.592271 1682.737452
-3703.825755 -1037.393127 1766.512107
-4057.745027 -1134.749712 1857.623022
-2886.313797 -731.807615 1389.416721
-4055.393432 -1149.038906 1844.386543
-3077.562747 -858.004363 1521.984470
-3237.956199 -918.970753 1553.571504
-2954.081455 -746.900560 1421.572041
-3898.994841 -988.242481 1878.293606
-3602.977140 -913.266923 1735.477010
-3036.605152 -766.995227 1460.745034
-3821.304804 -991.286888 1826.394327
-2174.756623 -600.914780 1080.896187
-3771.664626 -911.666765 1870.583990
-2605.110939 -649.382208 1279.778352
-3573.352855 -969.986112 1733.769308
-3353.440543 -806.596929 1604.773735
-3282.533685 -940.523590 1612.329825
-3536.255602 -889.389088 1746.482015
-3377.531666 -962.882928 1653.855374
-3010.895686 -764.509463 1481.508251
-3855.674638 -1098.141039 1886.110230
-3179.021086 -839.645225 1584.045108
-2323.668069 -648.840314 1121.734231
-2969.839880 -754.154360 1461.537295
-3051.577635 -799.854702 1517.879588
-3922.426231 -991.356827 1800.075237
-4036.275100 -976.836638 1944.022805
-3933.167144 -952.709475 1895.232975
-3133.187628 -759.323808 1509.469158
-3100.252306 -752.019469 1492.651925
-4116.640680 -985.248520 1946.951562
-3130.886025 -779.188078 1536.362384
-3360.738447 -818.939827 1658.613431
-3145.562965 -766.149060 1552.360236
-3088.297942 -778.465985 1537.419790
-3414.989736 -850.171415 1676.585362
-2862.549598 -761.468197 1426.338827
-2368.992064 -601.725168 1165.626047
-2932.440011 -715.651949 1456.248716
-3570.931570 -936.324588 1647.457924
-3554.757631 -935.319593 1636.562827
-3051.297881 -875.426208 1465.264679
-3631.600284 -881.563484 1807.536429
-2986.081061 -743.838474 1488.887253
-3873.331516 -984.897957 1842.786712
-3808.278590 -1046.487753 1859.862106
-3812.072023 -971.302058 1803.198116
-3874.909318 -987.498244 1835.434559
-3771.817924 -913.349998 1866.902063
-2897.815776 -703.320509 1441.733554
-3422.486576 -944.321505 1676.689275
-3075.073979 -765.582116 1523.391516
-2779.461193 -721.490518 1274.981340
-4069.020030 -1056.175963 1993.913293
-2854.095507 -754.674192 1411.049572
-3225.272050 -916.953878 1477.335791
-3130.809871 -743.838818 1500.495339
-2312.790852 -646.680962 1117.719206
-2515.165083 -678.607575 1237.868883
-3767.524693 -1053.553453 1819.837785
-2481.471848 -676.418292 1229.577501
-3142.682858 -739.881528 1509.335603
-2797.804210 -725.096157 1283.870249
-3400.557371 -800.519725 1633.486905
-3645.528262 -1048.560879 1747.832400
-2501.880967 -602.251124 1170.372971
-3928.060069 -1082.993643 1819.820918
-2862.693251 -790.194364 1327.245112
-3367.216021 -797.306192 1565.769910
-2661.236682 -630.274756 1236.946762
-3884.033222 -921.040264 1805.744800
-3885.945921 -921.543038 1806.593510
-2574.604667 -616.164655 1196.245187
-2422.379410 -580.099215 1125.187197
-3342.834040 -806.135242 1556.051802
-4038.865623 -1053.684175 1823.385423
-2987.523351 -814.730123 1494.424900
-3124.870903 -764.361981 1456.505571
-3085.932699 -804.849472 1393.272981
-3121.681637 -763.904265 1456.027419
-2755.650008 -674.551826 1284.478538
-3023.901234 -748.636532 1363.430065
-3132.484406 -775.665759 1412.776509
-3107.721996 -847.389436 1439.011176
-3293.303121 -851.382000 1490.556429
-4089.423425 -1101.347669 1887.584450
-2991.410835 -806.025426 1377.217225
-2736.748889 -737.462248 1261.018837
-3358.057483 -875.773020 1516.272864
-3824.869213 -1032.258777 1756.656758
-2193.668395 -575.336707 980.635739
-2855.413403 -747.703971 1275.998717
-3589.565035 -929.494153 1620.146515
-2731.280013 -762.263414 1294.208442
-3390.392136 -945.195354 1599.158540
-3388.818396 -944.681402 1598.358005
-2445.912808 -640.063899 1104.566460
-3823.212409 -1032.320334 1756.143201
-3088.019671 -798.668601 1398.199923
-2961.313381 -725.787102 1380.793707
-2933.025749 -748.951083 1362.540419
-3529.784075 -945.455591 1642.639220
-3220.341469 -863.343350 1499.930551
-3173.673753 -788.579673 1429.057357
-4028.177768 -1028.548702 1806.204666
-2932.689246 -732.557639 1370.651617
-2825.029731 -789.797231 1410.032350
-3799.192802 -984.498166 1715.579640
-3424.146593 -886.871999 1546.153185
-2471.543697 -697.305702 1236.984259
-2871.877834 -794.982699 1341.332027
-3829.868131 -1079.962924 1917.220522
-4075.214485 -1110.101548 1899.980618
-2787.689272 -677.294516 1255.198040
-3857.709102 -1031.589874 1806.926126
-4104.094460 -1051.695126 1907.492266
-3819.361025 -1006.923055 1754.480915
-3524.373889 -929.265102 1620.589850
-3962.588893 -1027.508449 1848.908271
-3430.279614 -889.841877 1602.645905
-2932.129197 -828.772316 1378.188185
-3017.297203 -852.557966 1418.426609
-2935.761744 -765.128969 1325.684661
-3395.701197 -883.951123 1532.599835
-2428.293545 -688.503456 1103.433697
-2939.576316 -830.049158 1382.418653
-2359.076924 -630.428651 1104.823868
-2358.662154 -630.340577 1104.724635
-4027.249883 -1049.926204 1818.354784
-3030.351069 -852.421766 1437.438640
-3268.222883 -855.559860 1477.688276
-3482.351746 -961.395456 1629.035290
-3100.687461 -807.608315 1415.444239
-3873.435321 -1009.137536 1769.520536
-2749.389220 -731.338153 1228.946672
-2742.843113 -714.933452 1252.000484
-3225.802438 -919.760310 1532.209454
-3393.510731 -799.483687 1586.655563
-3281.372334 -885.551494 1478.574431
-3427.361484 -922.468867 1583.607413
-3562.038283 -934.825581 1579.674282
-3395.771873 -799.645180 1588.197963
-2949.490229 -840.270746 1391.223301
-3429.236212 -977.710268 1628.548374
-3755.944057 -1071.051601 1783.517835
-3180.887169 -772.147460 1492.405311
-3144.141835 -837.876797 1454.188085
-2300.340187 -659.882768 1090.671835
-2736.090032 -711.732008 1249.819855
-4012.902153 -974.521309 1883.179916
-3876.654193 -1006.042768 1763.210843
-2702.742754 -713.320411 1242.685049
-2641.990255 -743.549945 1251.661439
-2431.310617 -684.983095 1151.857574
-2622.404302 -738.215148 1242.775242
-3576.295393 -846.067896 1673.356370
-3703.811846 -876.136005 1733.533762
-3513.562249 -958.242567 1585.333242
-2648.552879 -653.991904 1302.662448
-3391.921910 -940.097993 1550.439573
-3423.587342 -844.679080 1683.786897
-3353.988705 -827.010592 1649.089895
-2625.009737 -721.657858 1200.215780
-3988.039838 -1106.172845 1823.223992
-3349.366680 -826.912233 1646.589368
-2938.696539 -776.826462 1323.373582
-2647.633350 -653.770767 1301.531309
-2704.606948 -700.405258 1216.952932
-2577.064807 -681.021364 1159.414667
-2580.754197 -641.331404 1263.486780
-2749.257642 -762.598310 1257.092443
-2699.274237 -699.024458 1213.909899
-2477.073161 -610.363523 1218.208673
-2494.004439 -686.368291 1140.403925
-2516.185987 -665.217525 1131.649667
-3821.780953 -949.461446 1887.994861
-3059.345810 -759.564926 1496.529344
-3736.592995 -1034.412167 1713.996978
-3772.100573 -1044.124771 1724.321218
-3083.476137 -800.904936 1391.548741
-3356.382192 -870.907796 1516.360983
-2797.121277 -693.954900 1372.946955
-2521.092805 -698.572728 1152.309803
-3348.969162 -830.690871 1638.443287
-2940.146242 -813.547042 1336.851696
-2876.555906 -745.136665 1289.358032
-3228.390414 -839.241972 1452.070310
-3589.161056 -933.108414 1614.230261
-2793.337906 -771.410876 1270.478285
-3488.418444 -907.253295 1569.892577
-3603.287801 -893.020947 1763.063977
-3742.399018 -1031.768794 1712.003754
-3950.521191 -975.838121 1942.624685
-3914.103829 -1016.860048 1761.821138
-4122.136088 -1083.145882 1858.960046
-3143.771172 -765.468917 1551.680536
-3218.607292 -879.974930 1463.543125
-3300.163817 -868.172024 1488.699052
-3524.918610 -963.531877 1609.864097
-3334.794318 -909.270781 1524.615505
-2854.046458 -750.724953 1281.162095
-3145.667283 -856.960651 1441.509410
-3673.907444 -1000.548835 1677.921296
-2693.030838 -708.290640 1203.839485
-3208.731092 -841.914274 1440.397704
-3201.071488 -840.053406 1437.283813
-3280.277662 -860.860857 1480.080660
-3153.108747 -854.242374 1442.460856
-3178.522407 -835.751667 1421.295007
-3345.559282 -878.975568 1509.884982
-2866.102876 -752.972327 1295.362726
-2731.463269 -717.493174 1233.910075
-2706.536075 -710.890054 1219.910463
-3388.224490 -889.818575 1522.894048
-3043.765977 -832.326346 1384.215524
-3101.232218 -836.500933 1414.630619
-2527.852823 -682.452863 1151.224643
-3465.934509 -909.830908 1564.265539
-3406.476095 -895.786727 1525.842090
-3385.250769 -890.302268 1518.714468
-4068.243120 -1099.392720 1853.089186
-2967.127299 -778.956546 1327.734839
-3095.471298 -816.708066 1387.603600
-2625.353730 -721.223856 1199.742084
-3129.531921 -761.858960 1544.685305
-3067.273552 -745.936101 1498.791104
-2610.307283 -633.905306 1283.747952
-3800.502234 -998.548483 1713.261875
-3298.294632 -869.987348 1484.823837
-3035.227617 -814.014043 1388.500013
-3083.140543 -804.530858 1377.248270
-2545.273181 -664.578912 1143.357663
-3462.011828 -904.016677 1562.678186
-3890.818267 -1046.714430 1781.921843
-3782.325205 -987.798385 1706.983273
-3324.475487 -868.309824 1494.418990
-3313.183962 -866.146986 1495.318010
-2538.005451 -663.616562 1138.711300
-3635.746532 -950.815918 1633.939490
-2791.726973 -730.201724 1247.301560
-2854.624254 -784.677818 1310.221766
-3661.055944 -963.259387 1650.891381
-2722.680447 -716.570882 1220.683048
-3767.409425 -991.570255 1687.375570
-2851.592526 -780.980556 1295.521005
-4064.637572 -1070.005516 1824.804542
-3107.790749 -818.381085 1395.893298
-2522.264486 -664.469142 1135.392209
-3188.955340 -841.094862 1426.692514
-3852.665204 -1036.916085 1765.698638
-3903.712106 -1050.604971 1775.260490
-4064.958567 -1070.248272 1824.281742
-2858.664714 -706.968554 1282.974456
-2957.732340 -765.258116 1327.787225
-3818.404315 -1041.727740 1857.134379
-3441.458686 -938.553642 1690.323565
-3535.602542 -940.378042 1577.331954
-2592.129797 -706.727915 1267.013212
-3085.283122 -818.200941 1376.877514
-3348.371334 -885.806133 1491.875912
-3559.930947 -969.505808 1741.158736
-3914.874895 -1065.920522 1913.761072
-2573.157882 -679.540011 1146.616364
-2807.280458 -737.185928 1252.344544
-2813.014818 -737.215599 1248.781473
-3896.780296 -1020.937223 1741.107641
-3155.697502 -856.909776 1540.881525
-2770.271037 -752.004198 1352.636488
-3886.293001 -1027.545818 1726.193954
-3944.442315 -1049.412125 1759.275042
-2730.102948 -746.872318 1333.392914
-3623.917308 -998.765411 1782.752161
-2685.449425 -714.540229 1198.321705
-3501.381085 -964.653887 1711.676888
-3314.074321 -913.044603 1629.861816
-3411.229840 -939.726804 1677.025777
-3335.005345 -918.516063 1639.754740
-2997.011284 -825.409594 1465.190595
-4031.026637 -1108.862341 1970.013574
-3558.100415 -977.854323 1745.328316
-3942.184033 -1048.870902 1758.382898
-2739.090620 -751.932201 1342.128716
-2497.036084 -685.246563 1217.837270
-3571.800187 -978.211476 1744.200735
-2999.756303 -821.062347 1472.113299
-3413.102947 -933.970434 1662.098741
-2492.382089 -681.891558 1217.970385
-4032.337777 -1094.519342 1981.283187
-3564.721809 -987.008848 1752.035310
-3157.489515 -856.620802 1538.330443
-3621.026389 -945.824135 1615.686249
-2968.190504 -758.835950 1440.549802
-2888.020683 -738.335771 1401.310031
-2373.469493 -606.363294 1152.096675
-3167.116706 -808.737640 1536.072033
-3168.223831 -808.943596 1536.722158
-3172.475851 -809.804356 1540.088917
-3571.455230 -913.439626 1731.672372
-3839.894163 -979.390502 1863.773881
-2372.989450 -605.112178 1151.254519
-2890.566359 -736.251471 1405.130579
-2972.979223 -756.135020 1449.215240
-2524.386781 -641.905394 1227.223693
-2968.870696 -753.700478 1447.443351
-3838.688772 -978.933569 1862.367026
-3454.307983 -883.661979 1682.661846
-3328.960594 -852.126612 1611.990124
-3906.342499 -999.921847 1911.516872
-3451.235163 -933.666616 1678.936705
-2396.348714 -625.572458 1067.702381
-3706.776862 -1001.962360 1816.622080
-3466.590102 -904.871831 1547.973915
-3698.791929 -960.579721 1650.552404
-3676.344643 -992.710507 1791.343399
-2961.894565 -799.415430 1444.317569
-3768.955866 -1016.769039 1834.027005
-2427.167988 -647.716100 1181.773926
-2430.440429 -648.420351 1183.013473
-2484.457186 -661.108949 1210.907403
-2551.311875 -667.465286 1240.165631
-3191.491286 -833.975404 1423.683362
-2848.373863 -788.678410 1398.934205
-2633.491912 -730.770424 1295.639454
-3727.258929 -951.699155 1673.459192
-3388.934651 -864.911655 1522.492701
-2806.236540 -788.941921 1283.346532
-3995.599253 -1001.988741 1784.778678
-3226.051058 -907.169597 1473.694795
-4036.062472 -1011.954095 1800.453101
-3596.285883 -1010.890101 1641.086984
-2694.243455 -674.755626 1201.815366
-4039.942491 -1001.277648 1812.103857
-2446.026355 -607.948872 1196.886715
-2534.665220 -712.852794 1156.841939
-3335.425731 -938.353275 1522.780443
-3598.878213 -895.091959 1621.348567
-3358.342258 -861.572416 1507.436288
-3716.759667 -1044.319102 1695.028252
-2853.335920 -735.275586 1282.371658
-4066.629948 -1045.658992 1830.518478
-2832.723755 -727.907487 1271.745999
-2911.864685 -814.702638 1329.357983
-3358.750900 -939.765856 1537.852429
-2863.515189 -735.782435 1288.687169
-3312.987214 -850.946440 1490.597815
-2833.204911 -792.794602 1297.752767
-2802.125748 -784.777107 1283.119179
-3187.197523 -818.507707 1435.292673
-3060.661608 -857.804057 1396.885554
-2929.874279 -752.066589 1314.978122
-3975.669528 -1116.307224 1814.060714
-2735.949895 -768.329194 1248.097135
-2908.592650 -818.726300 1336.107850
-2881.749209 -768.068181 1285.128458
-3918.450326 -956.092729 1760.224391
-3373.770452 -822.773301 1517.648662
-3087.091227 -831.791762 1377.463685
-2693.120798 -771.079593 1317.712028
-2665.863457 -762.378057 1311.568683
-2733.416181 -781.487702 1344.793763
-2583.416134 -695.994245 1152.815974
-3430.552081 -923.808023 1530.345453
-3427.913463 -979.593256 1672.284417
-2899.151032 -776.997270 1297.134116
-3084.360056 -825.366064 1380.002517
-2981.197615 -797.586087 1331.372951
-2968.749180 -794.048183 1328.240880
-3456.023612 -921.143158 1542.592258
-3882.259771 -1096.142702 1909.331566
-2824.682234 -797.442814 1388.805049
-2328.023340 -648.388003 1139.871901
-3543.604169 -949.064525 1580.585216
-3370.231025 -908.252809 1503.618837
-2925.585978 -788.642772 1303.975377
-2693.283386 -728.059322 1198.436909
-2791.125644 -680.676838 1253.473619
-2888.849596 -816.834521 1318.813143
-2501.446207 -707.365657 1140.590065
-2713.120864 -769.773972 1235.498213
-2570.502919 -729.597813 1171.364049
-2807.833914 -798.006448 1279.784258
-3708.112099 -1054.226712 1688.275629
-3134.119125 -891.045420 1433.142975
-2910.646329 -828.303821 1330.918718
-2498.321635 -711.191667 1137.478771
-3223.589520 -919.403170 1472.797343
-4059.206645 -1159.079257 1855.082530
-2653.944708 -758.281036 1214.128010
-4047.684055 -1156.823678 1850.689267
-3840.290049 -1105.252613 1882.287681
-3830.572275 -952.254702 1874.811780
-3507.753600 -920.808404 1586.471765
-2787.710649 -734.062783 1382.993261
-2706.480150 -714.293454 1240.610838
-3056.332173 -802.013186 1518.012625
-3537.826427 -883.814724 1599.188933
-3500.157974 -918.380184 1737.144177
-3276.325563 -859.094301 1626.960500
-4047.493696 -1009.885082 1828.736483
-3988.784494 -1045.457815 1979.515629
-3032.856528 -753.231237 1382.029566
-3172.290349 -783.860559 1437.423321
-3175.521618 -784.644948 1439.479050
-2894.427123 -757.287328 1436.927025
-3172.596045 -780.675542 1435.915100
-3502.917204 -901.777641 1736.971238
-3067.873617 -754.841725 1388.311898
-4042.194226 -1067.508470 2005.516272
-2484.209853 -656.260957 1238.336975
-3287.864658 -891.581699 1641.195905
-2922.100670 -791.598851 1453.806536
-2517.325955 -677.457914 1251.152101
-2702.487226 -677.512293 1221.777857
-3322.713797 -893.608476 1651.127304
-3319.173237 -886.757058 1656.083937
-3952.670803 -1055.388894 1973.730283
-2448.570366 -613.466676 1106.622068
-2427.941755 -607.906232 1097.300708
-3617.747860 -965.693994 1799.329777
-2757.138281 -733.537874 1373.184149
-3422.478367 -855.842680 1546.089711
-2546.895670 -676.269927 1269.027621
-3986.914502 -1058.505254 1987.354627
-2939.808471 -776.573788 1458.811654
-3365.330789 -847.070679 1680.693777
-2365.400341 -587.171089 1175.043035
-3991.303486 -990.650088 1982.057677
-3406.293673 -845.256022 1690.873174
-3316.221577 -911.464633 1662.341813
-2736.378097 -678.877509 1357.927120
-3278.634685 -812.027588 1627.281009
-2938.908057 -727.110245 1453.567637
-3764.385643 -1034.644403 1889.268923
-3673.164918 -1009.592605 1833.490410
-3391.299596 -932.246664 1699.952291
-2870.783675 -702.669112 1419.139944
-2430.838426 -593.798374 1203.801271
-3002.379451 -732.802368 1491.176143
-2521.293780 -693.251120 1258.545209
-3472.786735 -847.595192 1718.641598
-2837.914041 -781.258261 1416.635753
-2934.609629 -716.048906 1456.980399
-3731.450336 -1027.357807 1872.649004
-3124.786922 -775.683780 1551.279384
-3176.264537 -781.114138 1441.775983
-3676.420337 -912.729535 1824.298422
-3295.046217 -905.384282 1653.498797
-3568.758685 -877.190536 1615.929262
-3624.674484 -912.135937 1804.674584
-2758.259498 -692.995654 1375.770808
-3675.806431 -923.470948 1829.608150
-3865.070280 -970.676439 1924.001742
-4048.190812 -1014.257334 2018.198498
-3435.176839 -939.530387 1720.678435
-2926.048182 -801.576002 1465.526697
-3489.616947 -956.666307 1748.095493
-3579.772369 -982.905921 1785.863868
-3640.612315 -906.822387 1814.731737
-2672.216554 -670.006881 1208.233491
-3290.708891 -827.616880 1491.129446
-3305.221710 -832.349305 1497.197427
-3454.344303 -914.679344 1574.233495
-2888.153278 -756.324478 1306.588544
-2908.988306 -770.757578 1326.906299
-4090.671860 -1084.064068 1865.392481
-3655.741996 -957.251128 1655.183889
-2589.010353 -686.492835 1183.945007
-4062.023195 -1063.102299 1844.069960
-2352.820942 -624.371914 1073.293859
-3099.625789 -822.618553 1412.981169
-3605.958293 -957.072313 1644.491677
-4017.869761 -1067.038948 1837.069452
-3915.238578 -1040.967051 1784.379054
-2356.305846 -626.875922 1067.062397
-4097.525522 -1082.568652 1856.474735
-3012.066174 -801.384426 1378.808833
-3681.554333 -972.595555 1671.525566
-3388.075468 -894.653295 1538.024456
-2505.429298 -657.199640 1133.823110
-2693.480418 -706.181388 1218.487458
-2935.511248 -771.265421 1333.025718
-3394.492880 -892.175683 1548.488125
-3562.612288 -936.997910 1628.322786
-3648.412140 -959.993253 1658.796065
-2511.127859 -658.141865 1135.989955
-3771.935955 -992.827364 1715.020295
-3462.825130 -911.634023 1575.103645
-3336.586973 -878.746289 1513.675580
-2927.295512 -771.621507 1336.067453
-2935.018953 -773.775472 1332.066305
-3441.011038 -907.411571 1561.900428
-3850.496837 -1015.566078 1757.954241
-2647.351577 -699.132817 1200.629067
-3516.614243 -920.182700 1600.415611
-2391.158425 -636.407559 1082.837492
-2884.075224 -754.528874 1304.909408
-3238.266061 -841.925158 1468.199220
-4091.542475 -1063.553991 1855.862148
-3372.357640 -874.980815 1539.619249
-4046.808075 -1049.824796 1847.329486
-3068.848557 -820.224622 1405.355465
-3166.498198 -861.753672 1587.799002
-3657.358514 -937.854982 1661.563903
-3572.905359 -915.784974 1625.455666
-2371.356562 -606.632069 1075.443014
-3175.694232 -810.632048 1440.960455
-3347.205221 -844.237483 1513.513216
-3346.375698 -843.132374 1510.763135
-3694.825009 -962.062579 1674.359855
-3501.685231 -912.336760 1586.568345
-3285.901706 -856.431682 1495.311605
-3515.926428 -919.694481 1598.656251
-3453.610143 -919.192240 1578.309797
-3048.366981 -797.175122 1392.409149
-3284.735173 -858.012609 1501.999478
-3036.525702 -808.252729 1389.100140
-4114.220269 -1074.392497 1865.737524
-3214.292591 -839.299005 1456.270053
-2874.041874 -750.381254 1307.288017
-2840.165537 -782.782450 1426.701780
-3049.001109 -813.384051 1389.632394
-3276.098133 -855.080073 1489.215419
-3394.416556 -885.194026 1537.148329
-2869.439310 -748.183158 1305.639843
-3530.975664 -921.625623 1611.564139
-3105.356491 -858.500569 1551.384515
-2804.368513 -744.378998 1385.561248
-2958.378547 -784.922811 1461.824448
-2949.363544 -781.964846 1453.324466
-2897.745040 -768.172960 1424.645691
-2950.223313 -781.486255 1453.564228
-3294.385315 -872.159948 1629.830628
-3017.877541 -798.250106 1483.685149
-2569.906098 -679.679929 1271.390077
-3090.605847 -848.570165 1398.070812
-3613.670638 -954.535463 1774.398952
-3442.439382 -906.493332 1705.738162
-3043.299603 -800.419257 1507.653011
-2452.638205 -644.471620 1215.466663
-3197.883104 -836.721263 1583.242714
-2955.680803 -772.521274 1451.773757
-3175.001524 -861.429802 1437.428011
-2698.884249 -729.701204 1216.214518
-3441.144320 -916.295591 1697.400143
-3486.416284 -887.542585 1711.558224
-3971.524834 -1063.056404 1957.144654
-3709.082586 -1035.666874 1669.643755
-2854.191985 -779.411006 1405.984721
-2880.226865 -803.564859 1306.086799
-2846.054356 -793.011309 1280.482988
-2579.069355 -703.777460 1275.042553
-3537.567058 -974.408979 1604.791588
-2332.776579 -636.401002 1147.634670
-3961.997178 -1080.723458 1960.004586
-3892.899948 -1061.778498 1925.900036
-2697.149648 -735.401697 1337.199225
-3020.307460 -831.528320 1366.446734
-2513.203379 -683.567634 1237.570711
-2792.186360 -758.494206 1375.905060
-3248.173521 -882.081135 1599.790274
-3083.694660 -847.214488 1395.838968
-2723.730660 -693.092671 1336.399801
-2505.707289 -677.428207 1128.593521
-3703.565231 -990.836334 1669.603673
-3056.207941 -816.568185 1367.654014
-3306.770832 -881.031953 1480.535979
-2542.018589 -677.191464 1137.435489
-4044.426453 -1077.271452 1823.350593
-4041.064239 -1074.968096 1821.029709
-3465.835759 -921.719862 1553.881668
-3921.195941 -1040.670663 1755.041886
-2406.139198 -638.142179 1080.780999
-4056.823532 -1075.160608 1832.175036
-2098.381308 -555.917272 943.470143
-2541.782813 -673.342540 1148.474811
-3664.884824 -932.471722 1797.715114
-3449.546052 -924.137016 1553.197441
-3797.065357 -1017.765119 1709.757297
-3138.355717 -848.413741 1414.232176
-3096.945442 -834.040125 1393.093820
-3641.534661 -923.004639 1785.809019
-3329.570775 -842.793469 1637.220232
-2796.438847 -706.232779 1368.281835
-2796.757822 -705.838709 1369.429161
-3934.911423 -992.883713 1926.025904
-3328.867586 -839.791817 1629.186897
-3709.504834 -935.258142 1832.526441
-3387.146102 -853.859583 1662.330962
-2585.095380 -650.772845 1278.418381
-3700.133670 -993.130132 1666.677882
-3548.741765 -951.334634 1597.892000
-3338.302220 -894.724544 1503.938380
-2644.728443 -723.046224 1308.567751
-3327.172436 -911.285749 1641.241945
-3316.783629 -909.581250 1634.379100
-2900.162095 -820.890300 1443.586211
-2824.848220 -799.197840 1404.914014
-2481.090054 -701.818123 1226.080489
-3345.678574 -945.753835 1662.492354
-2683.437694 -758.470182 1329.487808
-2455.075902 -687.303249 1230.577642
-3058.758142 -856.905923 1532.692706
-2814.835105 -791.435642 1412.232908
-3309.280668 -932.159182 1651.678244
-3697.664448 -1042.992939 1839.336260
-2586.178472 -729.031217 1286.935482
-3952.104302 -1118.981405 1965.716461
-3870.200551 -1070.667132 1927.811964
-3423.725766 -830.767855 1697.184575
-3222.271561 -891.460430 1605.134638
-3611.712835 -875.474319 1784.958332
-3565.109081 -992.443402 1783.816055
-2916.019413 -705.018016 1447.414506
-2904.408162 -809.613971 1454.280588
-3236.034433 -780.882928 1601.202724
-2856.198059 -797.197852 1434.495428
-3468.982770 -968.267317 1740.338461
-3547.333305 -1005.263184 1767.201424
-2460.524544 -696.938055 1225.337190
-2342.275272 -663.306891 1165.808550
-4028.286528 -1138.681913 2014.383362
-2611.515426 -740.287095 1309.717206
-2810.503550 -791.036757 1394.481767
-2615.529005 -721.233961 1300.046248
-2690.298815 -761.267724 1219.507799
-2315.501719 -649.894641 1048.081979
-3313.482354 -912.885808 1633.371441
-2314.045327 -649.458718 1047.373077
-2975.587291 -834.370249 1347.808812
-2573.541722 -718.599401 1159.569267
-3559.618159 -980.543248 1751.397463
-2909.737837 -800.539964 1431.787574
-2847.575742 -783.369076 1401.635364
-3342.794902 -917.644455 1645.100603
-3329.960234 -914.053833 1639.455244
-2740.221681 -751.785403 1352.882933
-3566.513900 -978.377553 1762.315193
-2477.220920 -679.351319 1220.593797
-3010.971762 -834.919393 1484.466128
-2495.112608 -694.788219 1230.966537
-2831.673565 -691.920177 1279.120598
-2503.042775 -630.853029 1254.193520
-3978.311702 -1003.537939 1993.551645
-2640.210288 -685.253980 1334.923938
-2845.887290 -740.294642 1442.101091
-3687.294055 -1037.228292 1834.896303
-3499.165934 -931.029062 1767.364594
-2848.181452 -761.809131 1438.695145
-3373.665972 -902.445063 1704.329223
-2820.751817 -685.396827 1402.679353
-3322.267974 -934.047520 1654.367944
-3193.585298 -854.491958 1613.772758
-2619.531627 -708.717460 1316.358941
-2438.887834 -661.946609 1226.070683
-3085.769845 -837.999563 1551.450957
-3446.721882 -845.881081 1560.827636
-2561.317187 -626.684047 1158.160951
-3874.920022 -947.013681 1752.071154
-3547.120904 -996.683932 1766.082572
-2186.049375 -554.885460 1062.713486
-2785.744878 -684.174249 1372.910423
-2527.306675 -614.970633 1178.926216
-4105.049995 -998.997172 1922.537297
-3353.482238 -816.105551 1573.902427
-3450.486402 -839.904516 1616.278051
-2975.396868 -726.207344 1393.991297
-2674.814123 -654.988474 1253.455719
-3380.556096 -828.053796 1583.642640
-2855.207567 -700.739325 1337.694995
-2209.196293 -543.441650 1034.160759
-3853.605259 -941.880363 1801.274557
-2238.876424 -551.192046 1048.560080
-2919.585753 -710.190538 1367.505102
-3146.092020 -764.782032 1468.017372
-2318.457388 -561.262341 1083.241314
-3024.387660 -732.341229 1416.795574
-2847.573597 -689.923892 1332.290627
-4014.759859 -972.916522 1877.139998
-4084.120346 -992.875881 1912.917238
-3403.934197 -825.109866 1597.086325
-3427.318155 -831.431280 1603.956999
-3427.663263 -832.188129 1604.800719
-3215.004488 -780.652077 1508.284780
-2515.397222 -610.921996 1173.417545
-3345.603174 -812.788181 1564.817630
-2963.958187 -731.028059 1384.785536
-3041.680507 -750.357522 1424.748948
-2233.865902 -554.699953 1044.355259
-2742.164930 -681.026247 1286.852373
-2409.450446 -598.576422 1131.175264
-3991.522960 -991.622539 1872.649372
-3421.784030 -851.135691 1605.348496
-2423.208303 -601.652204 1137.232848
-4024.187638 -1001.710616 1882.297605
-2735.417868 -682.414832 1281.107988
-2970.272709 -741.014091 1392.040522
-3706.656317 -926.691592 1737.491576
-2841.074961 -710.462434 1333.258942
-3452.330008 -863.680410 1614.766055
-2924.823496 -728.100814 1368.511662
-2722.295835 -675.552233 1273.389827
-2547.095706 -632.073612 1191.774984
-2321.634910 -575.808961 1088.843832
-2321.003967 -572.620828 1084.412269
-2468.317945 -609.222146 1152.550507
-3917.186013 -967.183957 1848.515364
-3239.462539 -800.077704 1512.783630
-2684.590181 -663.285544 1262.946058
-3047.815125 -753.875418 1423.454683
-3808.251909 -942.884859 1782.920889
-3047.404580 -755.219084 1425.940028
-3862.818139 -957.686274 1812.466539
-2810.769615 -697.112241 1314.104425
-2456.798122 -591.842359 1150.446340
-3969.597986 -953.297268 1858.250261
-3331.539979 -799.622426 1559.171419
-3331.879290 -799.673636 1558.615853
-3962.469050 -1137.100156 1862.069077
-3265.987597 -937.627107 1535.990088
-2791.861405 -803.003090 1310.328778
-2726.779005 -784.435591 1279.830004
-3698.287735 -1060.415053 1736.246026
-3123.169911 -898.585619 1456.026454
-3125.538292 -899.346512 1457.132413
-3123.634287 -898.811136 1456.214752
-2908.449526 -837.046375 1360.131019
-3511.559554 -1011.248641 1655.548724
-3064.352182 -882.723812 1443.494161
-3702.568056 -1065.310306 1738.392837
-2805.795279 -804.500028 1317.448116
-2713.246652 -777.534857 1274.265204
-3716.589999 -1051.705511 1744.549256
-2498.255077 -707.643110 1172.403769
-3452.805254 -978.724380 1622.678455
-2719.022407 -770.760331 1274.956082
-2956.396255 -838.256336 1386.480584
-3482.947829 -988.877056 1631.307654
-3022.602967 -858.651834 1420.019370
-3853.418592 -1099.887711 1813.468348
-3702.062028 -1056.699919 1727.319145
-3979.714988 -1137.879168 1856.008542
-3451.602700 -995.911752 1610.216831
-2621.465496 -656.148664 1229.004515
-3254.602584 -939.355085 1518.189014
-3762.150870 -1087.262139 1766.294297
-3561.943897 -1041.642556 1674.834824
-2676.025855 -630.064234 1246.120012
-2996.524390 -706.479536 1397.402112
-3400.700215 -808.115261 1588.610127
-3719.276453 -884.574179 1740.838246
-3562.217213 -1041.141709 1673.425914
-2471.825299 -587.893250 1157.120279
-3518.462481 -837.256533 1646.606666
-4026.004992 -958.809241 1894.487679
-3150.382958 -750.831572 1474.766863
-2872.545581 -684.616021 1344.842834
-3461.687505 -1011.048060 1632.714830
-3581.718247 -1046.018671 1686.988183
-3705.171304 -1072.229643 1740.534835
-2980.369926 -863.061448 1392.016883
-2520.384322 -730.090282 1187.850043
-2755.802576 -799.452324 1294.627210
-2761.997897 -801.515656 1294.812721
-2950.269819 -856.385989 1376.120996
-3805.450142 -1105.775475 1777.281071
-3142.966422 -915.110069 1481.351213
-3161.790287 -922.326307 1480.779189
-2496.198382 -728.525798 1171.677107
-2877.191151 -831.342467 1342.427482
-3130.851040 -885.646448 1468.846967
-3913.658816 -980.733448 1840.533931
-3171.374595 -895.815392 1496.285798
-2383.207835 -673.685574 1124.197937
-2715.534747 -767.903024 1280.834740
-3289.922381 -930.704603 1550.482963
-2310.400840 -655.764721 1092.939228
-3978.568777 -1132.162390 1878.679652
-3418.203771 -973.484373 1623.839163
-3954.163512 -1126.192593 1878.021840
-2980.916550 -849.511470 1416.416959
-3558.492602 -1014.378519 1689.140080
-3415.451454 -973.788147 1615.298072
-2781.808569 -793.293909 1315.066360
-3503.029156 -997.069480 1659.858385
-3933.381279 -1121.764914 1859.919020
-2947.561368 -832.067855 1392.356258
-3807.150315 -1070.114317 1799.643239
-3466.198383 -974.429313 1640.529617
-2512.672430 -706.940133 1184.485060
-2930.919271 -824.652613 1387.597974
-3039.617511 -858.179901 1434.597512
-2511.193080 -706.703936 1183.452141
-3902.782856 -1099.714861 1845.561057
-2382.737176 -671.458860 1126.922394
-2947.489468 -830.623399 1394.142600
-3675.760109 -1036.599663 1737.516728
-3686.397654 -1040.290337 1738.767330
-3465.217545 -977.909607 1636.029135
-3173.883455 -893.819494 1501.969842
-2267.651499 -647.197427 1069.582061
-3344.533348 -955.134897 1578.299030
-3354.901686 -959.798340 1593.917355
-3139.869262 -912.444379 1486.680703
-3448.793751 -1002.769796 1640.010070
-3233.345159 -940.156064 1529.275999
-2127.846817 -619.561737 1004.211397
-2980.573721 -868.252469 1407.019676
-3762.193154 -1093.029482 1788.791719
-3028.051927 -882.981444 1437.343730
-2909.686652 -853.966605 1383.481568
-2864.547750 -674.097702 1363.033981
-3991.959327 -939.718881 1899.822712
-3694.108015 -873.876307 1753.755535
-3865.478166 -1133.372395 1828.915518
-2917.849514 -835.604725 1387.193458
-3240.517034 -928.538152 1530.625821
-3897.966109 -1121.043471 1842.724183
-3277.623138 -944.414876 1546.297419
-3982.200170 -1147.841613 1894.899063
-4062.864879 -1171.114802 1932.434897
-3427.250175 -987.954748 1628.935899
-2709.274870 -783.235418 1281.725776
-3291.556890 -952.180577 1560.743311
-3290.087524 -951.759284 1559.994852
-4046.707964 -1172.060362 1911.509795
-3173.267967 -920.680533 1505.928824
-2735.186097 -793.712107 1297.875562
-2713.647357 -762.379361 1282.270886
-3043.167596 -854.759215 1433.376815
-2948.936280 -828.182909 1393.981498
-3064.540186 -773.570413 1441.527366
-3112.647232 -787.036965 1463.266668
-3206.781493 -811.183030 1510.067074
-2619.470076 -664.042983 1225.105412
-3405.944621 -867.701134 1601.935826
-3743.923600 -958.641485 1757.392262
-2713.391036 -708.154251 1273.493409
-2914.505481 -763.920612 1369.840082
-2732.833425 -716.518018 1284.207621
-3746.634330 -986.990037 1728.585786
-2707.296656 -682.670433 1279.659360
-2941.032639 -741.261223 1381.966599
-2613.175770 -655.216601 1224.801880
-2528.219935 -634.177400 1188.834296
-3173.835629 -796.244035 1492.668456
-3455.193892 -866.904882 1625.824075
-2973.026446 -746.043076 1404.104397
-3441.257849 -863.770201 1619.134328
-3695.269446 -927.648076 1736.127175
-3434.821135 -862.477193 1616.557917
-3439.340992 -863.792020 1618.369065
-3846.187296 -966.264219 1802.630646
-3863.845729 -970.881632 1816.937614
-3447.334674 -867.370358 1615.477934
-3717.941774 -978.990382 1716.096128
-2809.115811 -703.845139 1318.360431
-2613.044577 -704.687137 1228.665595
-3382.732071 -915.678891 1588.144528
-2670.147025 -745.688837 1258.135225
-3883.183718 -1084.739668 1828.562534
-2604.384717 -727.616425 1235.184829
-2676.695077 -747.955437 1262.363914
-2916.496887 -815.013675 1383.738860
-3789.465527 -1059.071936 1789.660610
-3397.043555 -948.078487 1601.469490
-3878.001332 -1083.893079 1838.860962
-2988.036351 -836.705724 1409.355434
-2916.781749 -817.737383 1385.349381
-2636.436789 -739.447646 1252.118833
-2696.942611 -756.953138 1277.205717
-2643.669435 -742.003686 1254.638402
-3544.599819 -990.865070 1674.403047
-3717.558407 -1035.020609 1752.866081
-2643.232482 -735.091604 1246.077575
-3444.414987 -957.246237 1620.949781
-2911.699289 -799.095041 1378.106551
-3791.745220 -1041.732451 1795.546532
-3096.539931 -785.761183 1502.889409
-2871.359253 -789.668975 1360.408417
-2656.132069 -730.560092 1258.368051
-2947.547600 -810.901355 1396.469647
-3654.864844 -1006.679817 1725.526572
-2610.109335 -719.403507 1232.244587
-4042.617415 -1120.900621 1905.705401
-2706.429999 -751.170160 1273.058729
-2708.233807 -752.270992 1274.201071
-2928.312585 -790.654159 1377.754153
-2718.151038 -767.902260 1278.971386
-2744.078865 -775.165323 1290.997403
-2174.175105 -612.519047 1018.334898
-4092.147524 -1127.842867 1880.921234
-2939.188446 -810.252611 1351.170749
-3422.545357 -944.995167 1573.199325
-3516.041116 -971.684134 1616.177217
-2976.387501 -822.908168 1370.961374
-4048.010966 -1113.886532 1872.076372
-4047.628994 -1122.161416 1868.765496
-3102.269815 -861.660847 1433.993723
-3007.460014 -835.692225 1390.274781
-3435.098171 -955.174232 1583.103032
-2713.508896 -755.331184 1250.803306
-2748.802368 -765.464595 1269.920506
-2774.273407 -769.673217 1281.836290
-3022.252422 -855.986122 1400.868186
-3640.730575 -1001.692575 1679.606008
-2708.014563 -743.618855 1250.231023
-3601.867324 -986.670375 1660.895743
-2960.492695 -811.234170 1364.215827
-3605.508167 -987.989439 1664.249565
-3537.537958 -969.798848 1638.611533
-3670.894265 -1006.548152 1693.843990
-3541.071813 -971.005720 1640.339281
-3020.981709 -828.523323 1400.461992
-3244.192635 -890.340453 1498.951722
-3592.353425 -984.640457 1664.400753
-3025.322175 -856.871883 1402.805496
-3013.040214 -862.862699 1403.234831
-2726.231504 -781.282176 1269.795988
-3488.621325 -842.700087 1610.958177
-3233.062298 -781.708746 1502.116922
-2696.452977 -652.546746 1244.803035
-4121.661200 -988.281311 1908.919700
-2717.317222 -658.212372 1252.913973
-3022.940701 -732.820959 1404.408016
-2516.555778 -610.099592 1168.213118
-2311.417488 -560.482613 1077.317694
-3898.291944 -945.424059 1798.700587
-2771.885024 -672.686352 1279.071402
-3772.469957 -914.177597 1752.850449
-3030.788565 -723.549666 1410.768255
-3283.552718 -781.037424 1515.734744
-2877.041650 -827.389369 1337.669487
-3775.006329 -1085.767379 1755.717771
-3170.589891 -917.701525 1476.704981
-2473.332842 -582.052304 1150.775794
-2833.954833 -667.762754 1310.898001
-3148.493422 -742.237381 1453.276936
-4099.166356 -966.572799 1889.913454
-3994.562604 -942.256547 1858.791111
-3287.726300 -777.454901 1527.840023
-3983.907284 -944.421598 1846.606854
-2574.942620 -610.830586 1194.187747
-2847.530388 -675.694835 1312.184630
-2963.971166 -811.029258 1367.891494
-2623.553706 -717.823385 1208.063329
-2906.154759 -772.704255 1343.379860
-3580.702553 -952.358226 1649.654736
-3020.312146 -806.319519 1394.942266
-2357.976181 -626.505548 1080.550655
-3851.597156 -1028.895513 1769.972178
-2665.159435 -713.252689 1229.000141
-3762.138458 -1007.786487 1742.152324
-2663.468483 -713.761653 1229.772267
-3496.794183 -937.892683 1605.504910
-2970.739032 -794.131150 1373.356727
-3022.621606 -802.836663 1386.716547
-2860.036722 -755.024934 1324.289518
-3640.916087 -961.298918 1670.110482
-2924.174129 -772.352888 1344.186547
-3095.083581 -818.660889 1426.307684
-3843.831621 -1016.894924 1760.480833
-3508.033234 -928.131017 1612.931920
-3071.692935 -812.703833 1407.019308
-3990.863818 -1056.082350 1840.554402
-2902.242613 -768.539810 1336.597555
-3851.281746 -1020.278053 1773.208662
-3360.563574 -890.564552 1548.773480
-3053.091254 -810.134637 1407.254176
-2935.529858 -779.318370 1347.034938
-3625.391240 -972.648008 1675.547372
-3988.539082 -970.301483 1846.882243
-2704.645732 -725.664375 1248.999357
-3388.400360 -911.326287 1557.034834
-4087.161688 -1113.568992 1882.433214
-3578.175755 -975.000827 1650.235254
-3871.929875 -1055.407732 1785.813112
-2861.014015 -780.803282 1317.373156
-2927.611332 -799.294577 1347.807733
-3435.291311 -938.872085 1584.616921
-2492.727967 -681.365725 1154.762630
-2480.974396 -678.295656 1149.749906
-3633.971879 -993.529224 1677.351529
-2422.081962 -662.352384 1117.224662
-3689.518077 -1002.713289 1698.567247
-3180.546742 -863.871528 1464.222351
-2906.347800 -782.691742 1339.437353
-3854.516305 -1038.100903 1766.896653
-2424.431378 -653.751736 1122.137945
-2577.366957 -696.317835 1186.106648
-3137.068822 -847.812045 1444.316232
-3149.658324 -851.975749 1445.543111
-3501.438653 -948.209644 1616.051831
-2986.192923 -809.066704 1384.804123
-3593.595630 -974.662513 1654.411473
-2709.684481 -735.477320 1246.614798
-2908.488984 -781.104622 1339.369346
-2921.366488 -710.787314 1352.348414
-2956.140850 -789.241535 1383.990793
-3091.470575 -829.041068 1435.018898
-3073.250321 -825.241076 1426.423312
-3389.636919 -910.611592 1573.523218
-3918.675531 -1054.793318 1832.891214
-2753.236235 -742.550427 1287.977963
-3016.560044 -814.183273 1411.012763
-3574.953181 -966.712802 1661.473268
-2886.149557 -777.625466 1349.425630
-3882.169649 -1036.049526 1816.528923
-3165.242130 -837.946475 1483.144642
-2792.494870 -740.503405 1304.202909
-3927.579884 -1042.740222 1836.196446
-2959.134867 -785.627649 1382.324358
-3743.568639 -994.122470 1748.823396
-2659.144765 -706.214461 1243.475527
-2898.354670 -770.679881 1347.819753
-3129.580300 -832.654075 1452.201062
-2896.604755 -770.881169 1343.722422
-3067.719707 -816.761057 1428.974721
-2946.396219 -784.492926 1366.263769
-2918.806099 -777.212357 1353.269116
-2659.314317 -708.481358 1232.894338
-2359.562485 -629.108801 1094.182364
-2958.219257 -801.034755 1382.037484
-2886.044080 -781.828584 1348.783473
-3451.212418 -936.246321 1619.692811
-2641.888778 -737.104929 1239.278861
-3228.109962 -900.927404 1504.673541
-3163.898941 -883.836364 1487.933830
-2682.750875 -749.745384 1261.868599
-2716.156528 -759.126567 1275.815840
-3318.404623 -927.585018 1559.824897
-2665.214919 -740.832949 1239.492897
-2640.625914 -739.250376 1233.571290
-3166.494692 -886.960589 1489.874879
-2585.532025 -727.600899 1210.324684
-3062.777815 -862.479974 1433.118422
-2637.751535 -743.100884 1235.310183
-2880.935101 -806.279241 1352.770882
-2843.773650 -788.163052 1334.233248
-2666.843286 -723.603112 1245.091312
-3713.663697 -1008.383630 1726.907545
-3716.072715 -1009.048904 1728.249601
-3403.556938 -924.725918 1591.575232
-3295.901681 -896.016865 1531.463710
-3972.644260 -1080.857502 1863.363954
-3207.357570 -875.674490 1491.195306
-2950.429038 -806.882799 1370.692554
-3986.912266 -1090.721831 1852.865984
-3405.367024 -931.711667 1582.448612
-3910.063696 -1079.838672 1829.854579
-2574.306249 -712.232112 1203.012384
-2889.673277 -783.243851 1349.928530
-2506.874329 -659.058225 1173.498499
-3881.536251 -957.320223 1795.614976
-2906.586559 -716.985559 1352.120588
-4098.104323 -1011.194999 1910.004751
-2721.877843 -672.317526 1267.019553
-3004.309338 -743.827176 1400.914591
-4100.469352 -1010.461300 1896.705801
-3783.263258 -937.417054 1748.551816
-2499.796457 -619.800378 1166.400552
-3266.313932 -811.280810 1524.108422
-3044.529981 -757.379835 1421.377459
-3888.939258 -969.005598 1801.570330
-3572.761184 -885.225359 1664.798001
-2902.724733 -715.271456 1351.416445
-4102.449078 -1010.737698 1895.614165
-2473.640954 -602.783875 1153.354217
-2527.269017 -616.271354 1174.442828
-3524.142983 -862.727722 1637.553735
-2708.580559 -663.646673 1261.574550
-2521.171333 -618.035086 1171.828021
-2963.119396 -727.515960 1374.710539
-2720.833173 -668.716678 1262.337285
-3570.897048 -878.449899 1657.384016
-4071.004974 -1001.535753 1889.127153
-3642.422982 -908.659678 1695.296942
-3116.245796 -777.453558 1451.822560
-2928.851285 -754.529656 1364.223263
-3402.403926 -876.781221 1585.100380
-2907.805988 -750.288622 1356.446758
-3643.255647 -948.902953 1697.217044
-3783.360107 -986.096991 1768.192165
-4090.687676 -1053.137663 1906.132994
-4098.929488 -1072.862876 1911.266561
-3545.031815 -927.927676 1645.844429
-3543.870920 -927.677260 1645.256867
-3330.782026 -872.420515 1555.609209
-3977.142441 -1042.079181 1859.366373
-3480.969152 -911.006259 1624.369965
-2901.032160 -743.832578 1348.487308
-3354.916053 -860.134698 1557.286254
-2932.193290 -748.707682 1361.533492
-4088.830866 -1020.193183 1906.353148
-3770.403893 -942.225770 1748.585721
-2745.472285 -686.344392 1272.376444
-2949.621043 -740.308503 1370.036638
-2712.314486 -682.484537 1256.947516
-3106.178916 -781.673295 1441.200563
-2902.504122 -732.284918 1346.395950
-2743.510130 -693.767543 1268.804657
-2882.636662 -729.074628 1346.210722
-2940.247512 -743.878778 1372.934783
-3007.654078 -762.273942 1399.327735
-3273.800766 -831.949972 1526.179158
-3002.396228 -763.597801 1399.211079
-3302.531952 -823.924933 1534.851982
-2850.034648 -783.570680 1350.703196
-2889.591291 -732.561451 1393.204703
-2531.417923 -608.789835 1163.986146
-2954.707950 -809.722300 1406.632965
-2989.227143 -718.141109 1370.403668
-3609.006470 -934.838351 1709.370702
-2466.839295 -636.608411 1181.091086
-2044.394773 -491.681434 939.486985
-3325.423680 -857.904424 1579.071839
-3971.943544 -1020.183019 1899.931317
-3967.983012 -947.469684 1815.230376
-3039.904724 -780.479166 1444.605292
-2900.302257 -692.335366 1326.328360
-2978.434527 -763.795892 1413.813763
-2897.784937 -692.302649 1325.972781
-2901.414474 -698.682727 1332.941911
-3453.063320 -951.628568 1650.340349
-2539.452710 -706.976059 1210.927416
-3469.580264 -1000.269349 1671.603439
-3860.802580 -1104.487412 1860.676829
-3522.638615 -1007.581536 1691.913370
-3125.948087 -782.048575 1434.925968
-2566.254721 -731.050731 1232.272119
-2957.566047 -739.680611 1350.328252
-3922.289250 -980.874591 1800.552142
-2631.315578 -743.541430 1259.426733
-3759.538286 -1058.610999 1799.602929
-3015.992514 -753.150912 1385.305535
-3292.723064 -921.531017 1568.587408
-2485.990469 -718.332481 1191.279254
-2663.236519 -634.005199 1224.246564
-3845.592835 -972.295680 1849.290823
-3847.253330 -973.113911 1849.764775
-3001.743399 -760.364545 1446.898706
-3934.068124 -998.507227 1883.020040
-3540.051938 -898.541225 1711.099721
-3541.338197 -900.059469 1705.587179
-2873.355509 -734.307200 1380.983249
-3602.381771 -921.099821 1731.537876
-2374.060506 -607.199944 1148.975748
-3459.856244 -884.960367 1656.394263
-3143.803309 -804.737282 1521.322477
-3414.681975 -874.535651 1653.029373
-4019.648013 -1030.772310 1943.752336
-3355.338168 -816.997372 1583.593782
-2916.828714 -748.641250 1404.190652
-2769.846051 -654.899380 1268.574405
-3845.314839 -911.473731 1767.303180
-3136.661105 -803.275137 1486.414240
-2946.567997 -700.610237 1346.996084
-2842.352277 -675.449076 1307.081355
-3431.709120 -815.400048 1568.072837
-3976.366400 -944.774771 1816.725374
-2501.334492 -640.327320 1190.529233
-3168.232315 -752.616487 1446.088799
-2987.296796 -709.583268 1373.193556
-3718.149525 -882.441193 1710.667329
-3414.548937 -810.344267 1568.492351
-2947.628649 -748.363518 1402.573340
-3523.286647 -893.867844 1682.015554
-3850.076061 -913.625287 1757.506092
-3571.127042 -851.150468 1643.161234
-3989.021052 -935.240198 1903.543361
-3620.040485 -849.110948 1732.547854
-3434.117544 -819.968666 1647.570547
-2549.174054 -612.930680 1219.222687
-2939.831922 -707.150988 1405.863411
-3658.007381 -880.099424 1752.144577
-3337.845213 -796.873320 1603.037919
-3682.351483 -884.729642 1757.977912
-3646.288783 -870.261799 1747.254386
-3407.356200 -820.551666 1631.385568
-3852.879319 -928.625164 1846.175874
-2317.327991 -558.565284 1115.912496
-4028.744794 -961.020747 1930.232307
-4036.696116 -974.076023 1944.733947
-3683.212993 -888.830064 1765.046054
-3888.003340 -928.429249 1863.091958
-3978.605556 -955.510064 1901.928827
-3223.765587 -772.548132 1552.533281
-2824.120385 -676.793022 1359.525460
-2574.728676 -615.603707 1233.475694
-2672.944859 -638.828753 1282.475813
-2948.052952 -706.629974 1417.732977
-3644.458561 -870.834788 1747.296894
-3130.061097 -750.380361 1509.375912
-3931.915607 -939.234498 1882.927712
-2885.362318 -689.131467 1386.556041
-3236.096285 -772.894765 1550.275166
-3006.409291 -718.033950 1435.278032
-2768.665555 -658.905504 1320.255465
-3369.763599 -813.409721 1615.274619
-2334.742943 -554.338642 1124.495337
-3806.693185 -927.145744 1834.986872
-2673.323960 -633.787355 1285.701276
-2864.746073 -697.787407 1381.492652
-3459.261206 -816.862080 1658.165210
-3319.127464 -782.740171 1589.341000
-3424.121543 -807.082419 1638.855791
-2903.861284 -684.343886 1389.485592
-3282.577524 -773.460251 1570.560954
-3737.121531 -877.480720 1783.474914
-2831.108402 -664.600944 1350.444654
-2883.041100 -676.727375 1375.998927
-3110.488135 -768.817311 1485.833693
-3940.550682 -974.092650 1884.465047
-3707.815548 -869.766926 1774.911769
-3095.118193 -753.396646 1493.010114
-2418.041815 -587.217283 1156.929471
-3948.246846 -956.156316 1897.644442
-3495.286598 -846.466650 1678.843491
-2368.594882 -573.612453 1133.525747
-3202.234038 -775.567311 1532.230207
-3106.952524 -753.005011 1497.402539
-3375.824416 -818.236872 1615.800451
-3134.779116 -759.832457 1510.520095
-3235.642029 -784.701407 1554.292932
-2867.963011 -695.808048 1379.410513
-3107.921470 -754.390542 1498.609174
-3401.895285 -825.797766 1628.432967
-3200.096233 -759.889743 1540.276853
-2496.018325 -632.925208 1188.955860
-3548.149263 -894.007329 1619.616063
-2508.730199 -600.347983 1214.904965
-3219.835780 -770.601395 1556.282434
-3508.058712 -840.197088 1695.432788
-3878.899961 -935.399983 1876.465971
-2970.937705 -710.581534 1432.908635
-3030.226710 -731.945449 1465.761365
-3504.965759 -847.734178 1691.614389
-2692.158430 -651.187450 1299.266942
-3501.672559 -847.661579 1692.664651
-2813.804125 -681.181590 1369.716080
-3337.870814 -808.575767 1611.399574
-3265.432790 -825.970921 1492.996085
-2494.351857 -604.357742 1204.262104
-3224.093110 -814.509956 1478.044474
-3222.351898 -770.555932 1557.001777
-3746.613291 -895.399262 1809.576117
-3498.427621 -832.480762 1665.586328
-2729.388064 -794.029298 1320.973921
-2810.048737 -668.561731 1329.391831
-3810.929869 -954.609264 1748.347634
-2702.522787 -679.338786 1242.168759
-2890.691771 -726.965479 1327.664788
-3220.830864 -770.083435 1555.799184
-2951.682453 -742.344678 1361.951199
-3922.153203 -989.573395 1802.843671
-3095.553154 -781.195881 1421.846799
-3219.817758 -812.608642 1479.323454
-3150.697704 -795.348190 1448.057667
-2446.366867 -583.984150 1181.084591
-3734.314588 -940.228440 1722.511617
-3066.998819 -889.924477 1488.528934
-3816.854706 -965.627055 1745.631562
-3335.955275 -809.191544 1611.603116
-2773.530311 -699.900078 1356.060624
-3410.704987 -882.380479 1574.703179
-3448.501371 -870.339055 1679.136050
-3345.607061 -845.192445 1632.981223
-3862.315416 -999.571150 1783.499111
-2782.789000 -721.881991 1275.308060
-3054.711265 -771.781290 1487.960053
-3702.752201 -938.311062 1802.411540
-3583.794223 -904.094735 1750.618957
-3094.950427 -807.142871 1429.903389
-3019.327274 -788.241817 1394.216222
-3223.223507 -817.422905 1569.172274
-2926.058391 -764.919326 1350.331398
-3922.199039 -1025.466104 1810.355701
-2469.897090 -626.600072 1199.809460
-3346.357569 -875.127703 1535.095579
-3696.627432 -967.328775 1696.959101
-3098.047137 -808.544312 1431.832067
-2971.472937 -720.375438 1443.218066
-3880.067364 -977.838682 1889.642419
-2383.465149 -614.415085 1090.692979
-3489.620955 -846.478732 1694.604161
-3404.600690 -826.351597 1646.494094
-3553.269652 -899.356026 1623.569563
-3255.222672 -825.771799 1487.895966
-3400.996771 -864.611728 1554.207634
-2758.326122 -701.604943 1267.872741
-3985.321623 -1004.000402 1940.663440
-2873.820190 -698.414891 1391.059208
-3113.945043 -758.438922 1504.859491
-3299.561563 -814.369478 1607.434884
-4069.262532 -1010.284192 1985.257644
-3911.724776 -971.409037 1907.587580
-3424.475674 -820.103207 1647.692309
-3958.472640 -947.662642 1886.063447
-3486.470013 -965.866669 1695.293422
-3108.663253 -742.202663 1479.534083
-2551.944252 -718.632387 1232.996192
-3851.359402 -1052.563478 1871.814171
-2359.457326 -569.697189 1124.238118
-3232.221201 -774.429749 1527.253409
-2490.762804 -600.093393 1187.660153
-3238.168225 -775.885853 1530.540454
-2918.782661 -699.723786 1379.717669
-2833.648319 -679.851347 1339.540503
-3154.146574 -875.075910 1534.148714
-3109.734063 -874.911595 1500.385945
-3810.362926 -1076.606667 1851.576003
-3485.884840 -983.890174 1679.928972
-2661.790587 -735.304321 1287.895970
-2675.490861 -638.246456 1260.950096
-3025.574125 -851.771673 1468.261552
-3789.965671 -1057.718211 1827.987935
-4025.829666 -1100.156349 1954.271605
-3921.564345 -934.655236 1865.922333
-2635.718076 -640.686636 1247.499986
-2979.526835 -859.149506 1444.119145
-2903.626654 -836.961144 1410.439652
-3688.573034 -1061.559804 1793.511924
-3921.491181 -934.237855 1848.798591
-2713.648040 -646.355709 1290.760543
-2488.465965 -596.156410 1175.982716
-3840.123371 -993.671475 1855.031409
-3239.982910 -922.515653 1570.102922
-3932.129387 -955.675321 1861.618108
-2556.466971 -658.552286 1234.878954
-2608.800979 -633.303278 1235.867740
-3306.458964 -864.632470 1601.834076
-3041.029583 -789.255710 1469.952364
-2591.702625 -667.667613 1251.419278
-3802.502853 -944.056523 1764.279525
-2723.859024 -719.632513 1216.802090
-3082.298437 -815.709551 1377.708753
-2923.870925 -851.706179 1362.764108
-2930.335902 -690.715473 1356.119946
-4037.797379 -975.268496 1942.618941
-3689.404419 -891.390837 1774.615832
-4037.057575 -975.675668 1943.572608
-3607.301442 -1012.922045 1688.955960
-3980.634179 -1062.290299 1950.725651
-3012.804552 -804.615805 1476.706985
-3428.977330 -982.074490 1676.620013
-3759.482932 -983.405107 1755.209211
-2545.850895 -671.813488 1135.799455
-3758.573804 -1086.657034 1756.281319
-3697.229277 -950.444081 1786.594353
-2331.919560 -673.213957 1087.213386
-2433.714511 -618.771033 1186.495543
-3634.723351 -1040.906143 1670.417613
-2835.602329 -816.554542 1321.574171
-3420.323135 -905.901848 1582.420402
-3664.198581 -931.420466 1754.960147
-2699.898788 -738.383918 1309.946808
-2552.796228 -699.278425 1239.045527
-3523.953931 -1014.745368 1727.489051
-3111.674563 -855.420178 1504.879211
-3265.368871 -930.392241 1530.867834
-4046.414177 -1012.113809 1982.226379
-3302.174265 -947.268557 1542.707276
-2741.745925 -677.274882 1268.365986
-3533.658231 -883.292210 1730.598474
-2977.123009 -855.872500 1460.942453
-3584.132569 -1025.574929 1669.730523
-3217.330923 -796.742775 1490.110460
-3038.024742 -778.856819 1478.250839
-3106.802651 -799.525654 1517.314779
-3873.119146 -914.703206 1793.684544
-3879.957396 -1023.369065 1730.925787
-3742.147947 -935.970632 1831.849482
-2720.536244 -673.313994 1259.829042
-3454.107053 -926.458321 1535.275301
-2923.968244 -708.250707 1423.075270
-3402.158767 -844.991842 1520.668089
-3397.883249 -813.425557 1561.356374
-3160.649942 -756.621393 1452.528999
-3104.088883 -771.154686 1386.508030
-3668.345239 -918.161854 1686.709152
-4101.923070 -1026.772713 1884.459262
-3733.994558 -935.972284 1673.689881
-3022.303759 -749.015831 1444.264779
-3687.986588 -912.751357 1763.399231
-2971.587691 -734.947078 1420.221665
-2778.058928 -686.948328 1328.064147
-3456.767598 -864.279004 1541.198183
-2579.567881 -616.476842 1184.211134
-3308.302038 -784.403797 1602.250221
-2996.242335 -820.331920 1469.476516
-3749.565057 -907.510461 1726.574326
-3442.382964 -944.005946 1569.072959
-2978.240186 -720.509149 1371.184384
-3588.634336 -949.258493 1663.763884
-4103.528754 -1121.676256 1872.695664
-2698.041463 -739.205218 1314.140054
-3760.924752 -921.088560 1689.520022
-2785.759688 -684.679290 1245.580644
-3469.068324 -853.109640 1552.787171
-2967.434257 -703.175875 1437.625902
-3008.979637 -823.178765 1475.602603
-2889.875661 -714.543704 1380.465312
-2887.882357 -781.004882 1348.955121
-4035.989058 -982.677587 1989.903206
-3533.269800 -955.614757 1577.117790
-3191.552023 -862.345914 1421.271110
-2714.058172 -647.347865 1240.888110
-2964.738495 -828.843272 1451.059554
-3454.427381 -939.469874 1615.862215
-3822.367203 -1068.803667 1871.260065
-2526.174001 -721.412586 1232.192496
-2488.684600 -607.785613 1224.403515
-3168.394485 -774.138144 1559.016025
-3763.968849 -911.551320 1733.513211
-3197.758685 -869.955613 1475.455804
-3865.963821 -1046.552166 1794.006555
-3021.051646 -833.438491 1476.148199
-2312.710051 -584.595772 1069.805498
-3433.194644 -931.146963 1594.576493
-3161.159235 -766.313867 1559.172252
-2800.958814 -719.850431 1257.192771
-2433.476107 -625.660919 1092.569574
-3514.102166 -971.214944 1619.558193
-2635.097517 -730.252863 1290.842883
-3050.849783 -733.305157 1483.031859
-2984.450811 -861.139615 1390.158078
-3696.150297 -986.834215 1686.879449
-2932.784539 -800.757907 1404.268006
-2926.868271 -798.940608 1401.309676
-3431.880950 -889.258908 1733.982273
-3318.475162 -859.863693 1677.133035
-3632.508124 -1029.830218 1814.372159
-3220.809171 -911.956743 1617.026502
-2546.827079 -718.795914 1273.510714
-2369.432600 -567.359911 1131.000114
-3468.151930 -881.189620 1649.958238
-3904.013460 -969.577318 1864.149260
-2455.586886 -681.644498 1232.080620
-3908.965647 -970.777874 1851.543247
-3861.885525 -957.434716 1831.340755
-3155.608240 -782.159638 1494.193061
-3030.254044 -746.542700 1500.259978
-3946.040367 -1006.389981 1870.795797
-3161.287634 -872.121517 1511.357309
-2704.387550 -746.601639 1289.245229
-3761.386853 -1047.851442 1794.355649
-3730.604984 -1009.025083 1681.009768
-3419.439088 -834.263319 1604.176148
-3641.566180 -888.694786 1710.156456
-2828.158408 -690.334028 1326.782014
-3293.910113 -804.351318 1544.968873
-3294.462967 -804.664174 1545.591865
-3428.252158 -991.840915 1648.386549
-3918.463313 -962.488755 1835.070153
-3917.366172 -962.828042 1833.868967
-3690.214751 -1044.640703 1773.289998
-3526.873565 -872.779881 1663.549691
-4064.826443 -1005.937554 1916.672105
-3506.981736 -985.291139 1747.222583
-3006.736025 -733.284104 1358.669574
-3872.082613 -945.471897 1750.773011
-2959.471289 -722.726657 1338.186428
-2663.906136 -650.607767 1203.837691
-2609.320058 -730.981063 1248.620131
-3639.554744 -897.163211 1801.591309
-2950.082018 -795.021894 1321.758846
-2507.007516 -633.163315 1241.354072
-3294.476116 -836.271263 1632.385914
-4074.204564 -1149.020742 1934.546948
-3886.505583 -1104.963823 1833.323414
-3373.224415 -960.639182 1602.970890
-2564.302771 -670.851395 1171.847993
-3136.485216 -791.857308 1441.402916
-2780.001663 -702.284781 1278.425637
-3367.365602 -963.125015 1599.582385
-3238.832964 -817.682514 1617.339453
-3583.705543 -951.623989 1778.536119
-4057.499189 -1035.162479 1859.624351
-3268.092695 -861.806860 1490.919068
-3245.341887 -940.907692 1533.270126
-2532.205168 -668.107570 1154.553110
-2706.656670 -735.016767 1357.585750
-2926.282793 -757.233941 1349.731928
-2978.309624 -869.065854 1409.513584
-3308.339113 -969.002052 1567.847064
-3001.279506 -860.459530 1420.345194
-3428.896512 -864.918153 1712.120358
-3198.072992 -806.612677 1597.355845
-3315.501840 -840.618628 1507.062277
-3069.307784 -842.623836 1451.836558
-3067.179255 -753.708274 1390.904798
-2815.794189 -691.960599 1276.617610
-2907.773401 -803.497563 1381.922510
-3654.144238 -899.993841 1646.813395
-2555.947323 -631.374603 1164.510743
-3499.545024 -967.055685 1663.114429
-2932.860342 -815.392729 1380.293290
-2969.968521 -825.982638 1398.038736
-2358.818761 -564.157865 1115.045569
-3428.989400 -819.951390 1620.945363
-2958.487063 -744.354773 1337.694480
-3881.396845 -976.724881 1755.120135
-3013.991357 -758.880336 1362.344286
-3403.310650 -811.703507 1610.020818
-3909.961771 -983.293803 1950.201699
-3435.019453 -869.289662 1561.017370
-2680.974842 -679.268869 1218.557365
-2924.249515 -801.111164 1467.225039
-3565.586770 -1021.274921 1665.030970
-3441.694724 -815.403755 1607.670194
-3491.296887 -832.964300 1643.507181
-3700.765992 -890.892042 1728.851564
-3692.057651 -975.538449 1668.865843
-3461.692521 -917.091487 1562.737704
-2558.880658 -606.024180 1192.998380
-3255.701483 -864.487231 1615.696437
-3919.137499 -945.264572 1831.392783
-2889.761140 -766.658635 1432.783430
-3930.644008 -940.390198 1875.917492
-3539.360611 -844.557417 1664.594547
-2989.138052 -718.470181 1396.551805
-3365.575999 -983.958210 1584.315387
-2937.061610 -695.538709 1372.044702
-3685.311792 -971.736694 1811.020717
-2521.783060 -603.357106 1203.899311
-3868.262102 -924.679739 1806.536855
-3982.461546 -944.794228 1856.382767
-2991.882048 -708.499230 1397.261349
-3493.214163 -834.371358 1631.573640
-3266.862613 -814.421863 1492.809127
-2527.686371 -630.273089 1154.827500
-2989.717955 -717.927571 1440.412032
-3899.580923 -952.151897 1846.924921
-3060.793859 -735.552356 1474.524577
-2881.784751 -714.772954 1327.050103
-3913.602876 -959.126969 1854.943027
-3215.444408 -908.092640 1510.693614
-2923.028709 -819.918909 1475.527536
-3147.539555 -899.091338 1478.463234
-2899.439992 -797.412618 1387.469519
-3999.106157 -1056.546650 1991.482826
-2058.128106 -571.360799 989.625602
-2733.915545 -711.319418 1249.484860
-3200.095741 -888.998550 1539.670613
-3038.254991 -796.591957 1408.715618
-3931.055296 -974.382119 1810.720185
-3841.514074 -1004.258184 1864.924560
-4094.038918 -1015.420412 1887.169629
-3154.827125 -854.061336 1441.967831
-2863.007402 -807.074037 1433.814907
-3749.428778 -1021.801751 1878.785142
-3975.860379 -978.876075 1795.078593
-2674.957032 -633.909533 1285.063399
-4118.433348 -1077.784329 1854.094081
-2745.199094 -714.322707 1255.705150
-3028.595222 -735.845875 1430.625111
-2378.375149 -621.993851 1065.950518
-3122.353313 -777.196421 1541.805980
-2613.002059 -624.940638 1208.590308
-4021.228795 -1141.280051 1976.383074
-4007.216289 -959.785391 1863.997617
-3366.009345 -809.040950 1656.801583
-2955.005582 -794.610813 1383.828488
-3683.787449 -1003.743167 1846.289836
-2318.006265 -547.677468 1088.418655
-3868.823570 -918.947958 1855.000114
-4017.817360 -1005.577935 1804.001780
-4082.537708 -988.561331 2012.701244
-3625.845243 -881.236010 1712.872510
-2956.524140 -794.728253 1385.407451
-2847.958931 -792.906592 1351.976597
-3205.275432 -846.981883 1594.062122
-2968.206808 -829.226797 1430.705464
-3232.774109 -773.213756 1539.488149
-3792.843797 -1034.988403 1857.044421
-1987.589021 -543.735899 971.265300
-2934.688369 -764.762645 1337.929551
-3571.587089 -854.855621 1699.686171
-3536.149010 -1002.762138 1671.565925
-2712.101313 -769.095004 1280.444544
-3410.602552 -850.578350 1538.898619
-2737.828207 -776.574067 1293.371436
-2581.277809 -654.443944 1168.661847
-3160.181735 -874.817522 1464.220292
-3378.821358 -950.741744 1632.924210
-3104.561161 -821.205073 1392.173404
-3446.800973 -862.494877 1685.795403
-3386.598881 -965.412581 1642.638707
-3586.144113 -948.108157 1609.203023
-3406.912031 -909.304502 1544.551394
-3674.527509 -1007.607182 1695.524769
-2748.394967 -764.621634 1265.746917
-3870.462404 -1007.574175 1749.468468
-2981.799658 -709.903359 1410.927945
-2906.531714 -798.679628 1426.956513
-2554.396494 -609.997114 1222.499944
-2783.694265 -720.216038 1262.270446
-2893.678191 -749.617180 1312.237110
-2983.338998 -747.500316 1366.312811
-2538.287397 -658.867244 1156.573419
-3445.211083 -864.312892 1557.184170
-3663.598988 -918.901223 1675.132439
-3294.915708 -826.486377 1488.474176
-3697.865817 -927.584194 1692.185774
-2462.607267 -691.934121 1190.809783
-3293.768197 -950.240330 1591.220581
-3580.319375 -976.200598 1667.240189
-2778.359882 -735.063208 1381.062031
-3396.427152 -903.936062 1571.541182
-3118.711328 -807.703112 1388.989826
-4140.767381 -1073.846206 1843.868713
-3258.095559 -846.046818 1450.450100
-3052.111040 -792.957979 1358.792956
-4089.481997 -1062.839402 1819.600928
-3050.111012 -793.009775 1357.830579
-2901.238054 -754.728089 1295.373480
-2605.445522 -678.079893 1162.812086
-2789.622084 -742.564341 1292.254763
-2771.171212 -737.471774 1281.688797
-2662.151498 -710.421158 1221.517195
-2944.189679 -777.069414 1334.316119
-3373.558761 -839.278377 1644.748083
-3170.506277 -747.248442 1497.406521
-3508.986382 -825.120534 1657.162017
-2713.024760 -793.392068 1291.917544
-3418.869337 -864.345337 1656.184979
-2138.119169 -540.495791 1035.467095
-3318.211949 -844.915940 1616.089439
-2672.950032 -707.323461 1233.483252
-2924.410824 -738.944862 1415.732483
-3681.471344 -975.062950 1698.796067
-3678.042870 -974.313319 1697.034156
-2503.339333 -680.811190 1251.895531
-3296.547342 -955.552921 1552.874659
-3242.212012 -837.504519 1491.147306
-3537.468578 -913.586967 1626.777447
-2738.776703 -699.572152 1326.182706
-3137.611167 -802.135997 1519.219075
-2477.214412 -649.784648 1116.499509
-2713.358579 -736.756479 1351.737081
-3821.252809 -999.833268 1706.172533
-3467.808923 -908.511157 1581.497639
-2869.265116 -751.664824 1301.067069
-3496.959918 -945.703812 1614.614773
-2667.543709 -698.604678 1216.255840
-3185.889937 -844.469532 1588.076360
-2819.929741 -678.843751 1360.355080
-2875.641839 -761.406114 1428.958405
-2821.147137 -679.102781 1360.838425
-3701.557673 -979.932117 1845.158399
-3094.185743 -744.313224 1493.446285
-3994.921175 -1057.443884 1990.736413
-3281.122493 -860.662912 1478.727752
-3805.137016 -909.324095 1820.202532
-4084.562377 -1072.081464 1856.038785
-2370.953120 -684.083461 1113.581227
-4109.920766 -1083.458204 1861.199378
-2873.397214 -698.238924 1390.922688
-2712.711654 -713.857066 1212.315851
-4066.937623 -1038.653278 1861.373541
-3464.363986 -913.036561 1569.360083
-2947.237618 -776.610557 1333.562027
-3545.833235 -1022.713811 1665.371261
-3457.767763 -993.924282 1640.423774
-3065.202149 -805.072196 1400.529545
-3038.537815 -798.042753 1389.330003
-3112.750457 -817.381769 1414.431937
-3683.456860 -1061.389266 1734.662282
-2988.827419 -806.262174 1467.591577
-3638.109467 -1006.055597 1758.029393
-4072.116496 -1064.097369 1832.100723
-3066.481034 -847.413096 1482.542417
-4059.100858 -1108.051485 1851.147941
-3140.209465 -856.273812 1429.143590
-3020.771322 -753.932637 1387.759469
-2913.933547 -796.287440 1336.960066
-4079.333168 -1088.640912 1897.797967
-3376.858996 -819.160843 1617.344423
-3140.348703 -872.813085 1475.876662
-2784.999951 -773.460260 1309.266392
-2371.567779 -663.446408 1180.988209
-3553.902925 -961.828425 1623.139002
-2615.893002 -746.289080 1256.357779
-3094.462765 -860.968454 1454.794083
-2724.960328 -675.471892 1253.787948
-2883.176846 -712.895072 1416.487915
-3357.172320 -874.918157 1567.470048
-2401.295968 -661.921467 1101.075665
-2343.634288 -569.609968 1070.549372
-2516.141387 -659.254964 1168.503033
-2947.370420 -725.692800 1358.762386
-3822.154822 -1004.205575 1783.082655
-4067.660516 -1007.610560 1874.360582
-3408.752305 -896.500976 1591.594427
-3035.249197 -800.391406 1406.123521
-2788.350891 -748.411647 1307.313149
-3898.017986 -1003.551323 1748.134423
-2568.571398 -625.792079 1255.137291
-2353.501044 -558.338734 1131.157567
-3318.305686 -807.788095 1622.463382
-2800.779691 -752.762107 1254.850782
-3138.326697 -745.073054 1506.421480
-3329.374080 -859.308630 1500.929206
-2745.077753 -708.750492 1237.787521
-2860.314737 -777.428882 1406.230066
-3131.591267 -845.382535 1551.923796
-2808.940626 -684.845398 1316.779685
-3875.212810 -945.216252 1815.534133
-2968.944361 -835.316438 1347.503252
-3675.102173 -924.456110 1640.678538
-3620.930843 -916.028938 1623.692769
-2485.347599 -670.953621 1153.908869
-3487.408792 -934.289633 1575.124806
-2361.243255 -633.200049 1165.312283
-2350.761052 -643.663181 1098.553314
-3586.962594 -867.792732 1769.877376
-3483.762587 -850.098844 1633.357494
-3037.573104 -740.738528 1423.869250
-2768.999838 -685.294303 1359.793613
-3734.777862 -1030.507572 1714.420529
-3148.272764 -868.701400 1438.245505
-4088.873132 -1086.290807 1832.909340
-2925.047351 -725.660689 1452.308565
-2680.197629 -652.505103 1265.222146
-3038.582562 -800.389960 1407.082615
-3331.055682 -877.675929 1527.472178
-3746.337085 -996.555477 1756.967116
-3270.960510 -869.479844 1477.961372
-2498.787879 -611.504466 1157.391679
-2917.872598 -763.995330 1372.841121
-3602.315905 -917.648022 1742.428500
-2553.738044 -650.492516 1234.655863
-3948.408389 -1005.184242 1909.303243
-3449.556739 -877.533616 1669.000666
-3693.845996 -908.122745 1755.377726
-3478.947986 -897.414165 1634.030736
-4077.934309 -1065.565595 1834.664528
-3285.233801 -873.751781 1484.864803
-3383.295279 -884.964656 1521.845561
-3059.229558 -753.714061 1388.783504
-3383.669866 -798.961167 1559.129021
-2798.427009 -742.972678 1254.115152
-3295.308235 -780.120948 1522.818315
-2337.179231 -672.098642 1141.735957
-2460.462005 -612.809614 1223.145303
-3072.162328 -755.786880 1391.549068
-3941.436794 -951.923548 1868.018717
-3928.525318 -941.170921 1819.806943
-3234.554084 -779.671892 1502.239866
-4026.997397 -1099.644727 1953.826913
-2547.169309 -665.718245 1146.361164
-3635.955921 -894.394207 1727.515536
-3674.010376 -942.089414 1747.066115
-3358.248681 -947.518127 1577.241835
-3057.484298 -764.589351 1435.535836
-4120.149469 -1070.712054 1860.901859
-3466.772354 -866.716315 1628.452055
-3405.018946 -861.315497 1588.279658
-3342.771466 -845.993590 1559.279615
-2520.685848 -638.209696 1175.526285
-3861.403357 -1053.991118 1847.012136
-2706.097602 -720.842860 1221.158723
-2983.666495 -715.221799 1394.769494
-3115.930690 -794.786124 1453.487252
-2737.171819 -748.126148 1309.141231
-3482.310239 -903.567904 1767.582310
-2803.520317 -794.601988 1397.265620
-3512.395151 -865.322757 1636.789405
-3555.762173 -1009.450148 1754.675997
-4021.183643 -1031.276184 1884.126079
-2678.150571 -658.922155 1271.777722
-3087.383441 -789.904010 1446.043598
-3445.400914 -811.784817 1582.108772
-3461.985228 -876.113623 1628.813875
-3773.380180 -954.583902 1773.907867
-2591.791153 -689.494783 1170.950929
-3106.562518 -785.638034 1461.749776
-3356.386696 -818.620999 1661.322992
-2790.460763 -705.226667 1312.935717
-2512.904608 -595.780515 1147.528952
-3056.387573 -769.591335 1442.381306
-3812.260835 -993.074845 1702.885478
-2976.274127 -845.872057 1469.271420
-3089.351772 -815.203373 1416.977201
-3451.399354 -859.153591 1618.833902
-3769.614059 -975.598166 1677.086266
-3599.623999 -1016.688913 1738.358182
-3882.171438 -999.008118 1742.008794
-3181.204177 -891.102209 1583.799068
-2135.188638 -544.331231 1041.263932
-3451.516601 -870.350024 1679.386284
-2145.106484 -569.199958 1059.053504
-3831.179337 -1073.319911 1907.856845
-2754.005617 -671.485665 1245.428794
-2219.092478 -614.269915 1009.535128
-3728.117508 -1031.643721 1717.599222
-2962.803719 -828.961311 1451.307662
-2930.905591 -801.155407 1402.714950
-3570.234480 -988.121027 1749.769854
-2773.962475 -701.849175 1255.366672
-3970.924815 -987.474873 1862.283977
-3501.567412 -968.350761 1613.998343
-3622.297879 -981.584294 1670.135296
-2515.099652 -700.530963 1193.549131
-3593.790717 -974.163659 1656.608608
-4055.317236 -1100.767542 1833.581835
-3308.446098 -916.723504 1622.689294
-3123.989967 -863.859278 1447.479881
-3572.732942 -966.121185 1648.674288
-3240.609845 -925.575949 1524.620987
-3860.070480 -965.810905 1888.458916
-3881.869166 -1017.824891 1772.932298
-3831.005058 -1015.571745 1766.995650
-3023.904213 -861.924584 1408.546761
-2764.689090 -686.660507 1282.230286
-3413.761248 -852.307898 1678.220440
-3672.194340 -1032.226429 1774.525680
-3293.008291 -931.647001 1580.463899
-2840.830978 -797.858136 1372.083403
-3275.462492 -824.660889 1632.161133
-2618.207667 -767.042697 1233.953599
-2781.946076 -735.216460 1289.771199
-3508.340763 -990.900545 1693.804132
-3244.745239 -927.142753 1525.614630
-2725.812603 -724.008244 1229.938271
-4031.791470 -1015.246793 1962.078755
-4021.512647 -1000.518348 1865.531022
-3675.155582 -947.786021 1699.429292
-3935.112226 -1119.707838 1965.316240
-2790.317977 -817.125360 1314.609105
-3967.825894 -944.607678 1829.182319
-3587.778579 -1044.261658 1700.588488
-3697.851211 -890.011526 1807.428539
-3659.791797 -896.973763 1666.598064
-2100.179500 -589.143486 985.034872
-2749.522748 -771.765686 1388.874495
-3374.011437 -873.709064 1551.333575
-3318.276396 -938.347991 1571.942567
-3184.037169 -782.224299 1463.952175
-2981.892411 -781.390884 1375.170969
-2635.692585 -637.048962 1304.398168
-3680.755424 -896.734941 1786.909359
-3043.781548 -797.744109 1403.551349
-2528.811417 -684.699889 1265.499885
-2795.028302 -755.582586 1399.131502
-2644.243531 -737.514987 1231.832018
-2914.016484 -704.390957 1446.552796
-2863.580768 -799.134414 1333.903940
-4040.501166 -1167.274334 1918.321638
-2934.959070 -761.102205 1348.348124
-3308.394109 -788.070547 1517.507342
-2773.281163 -713.884003 1272.734810
-3118.191629 -764.131825 1419.958573
-3768.888986 -1064.314940 1715.354439
-3865.098330 -954.226004 1902.964027
-3817.519645 -1013.889313 1778.085700
-3353.597142 -889.742648 1562.957175
-3181.204419 -786.732334 1566.543348
-4000.635086 -1070.113802 1983.775678
-3760.404698 -1060.332417 1804.100588
-2879.144173 -789.293475 1367.836293
-2832.625918 -772.526036 1388.968055
-3015.620250 -845.898558 1437.408956
-3221.895924 -791.704529 1451.600882
-3426.736802 -909.756075 1595.497367
-2837.908893 -677.679283 1319.242593
-3522.745969 -871.946416 1735.406253
-3815.247541 -996.778295 1784.139957
-2812.384598 -792.920595 1407.595340
-3646.010103 -963.411469 1682.296121
-2770.542037 -732.090885 1278.867231
-3557.639576 -895.224329 1735.441572
-3449.759727 -855.886758 1697.451955
-2955.554190 -809.372414 1406.263714
-3076.376633 -836.001023 1431.560608
-3308.254186 -787.869625 1516.380281
-3440.705367 -947.980127 1561.262530
-3742.643602 -997.702685 1824.333010
-2798.363141 -701.726365 1395.454321
-3725.878371 -895.503153 1712.090360
-3658.987106 -920.310645 1671.298452
-2548.911609 -632.502397 1192.694234
-2842.416374 -745.004138 1392.689478
-3913.258940 -970.363059 1845.822392
-2990.034683 -736.060917 1406.515712
-3571.184135 -880.990137 1741.701409
-3289.937275 -826.833281 1515.005108
-3944.959191 -931.194373 1815.969400
-2947.233718 -827.775356 1482.831187
-3273.662971 -858.395939 1462.878991
-3273.946515 -821.440334 1633.706609
-2752.825396 -683.956176 1300.368158
-3747.698110 -999.013360 1826.604510
-3255.802541 -872.271415 1454.422133
-3406.196425 -903.307171 1583.956359
-3565.215427 -954.568610 1594.151637
-2726.866775 -725.253979 1264.987233
-2964.994294 -732.069149 1392.265188
-2941.746411 -750.356923 1475.518736
-3319.534976 -805.513798 1563.197523
-2537.573607 -676.263160 1281.244855
-2390.965933 -645.622717 1120.051640
-3321.122053 -896.760247 1615.677775
-3220.051118 -869.109056 1565.530412
-2582.074420 -696.863732 1255.703770
-2499.783305 -674.628864 1214.797397
-3086.620655 -837.238010 1552.020693
-2847.298422 -765.889636 1334.707003
-3562.452660 -860.151753 1763.332972
-3477.651725 -979.626284 1599.393443
-3468.413543 -866.139258 1716.820850
-3165.302433 -750.362430 1453.259842
-3747.274020 -993.235318 1746.579810
-3821.875407 -1013.432884 1780.375897
-3311.836920 -826.219680 1638.214934
-3428.078842 -909.483859 1594.399284
-3428.386937 -911.009650 1590.130425
-2716.590509 -681.206611 1279.601393
-3639.367065 -898.618844 1670.714581
-4044.654678 -1076.701201 1822.330823
-2908.862244 -833.998210 1353.896335
-2772.919179 -699.011350 1354.316085
-3210.554020 -849.472009 1582.192667
-2493.997241 -660.604065 1234.183467
-3698.963791 -932.505341 1807.862841
-3665.061860 -1058.765843 1756.906759
-3758.311398 -1074.677225 1780.970368
-2372.375569 -679.017574 1128.593439
-2941.304218 -842.271892 1392.745989
-2895.110068 -769.571468 1360.550640
-3054.724345 -888.460887 1422.149324
-3886.101469 -1127.003964 1855.062804
-2747.614909 -738.145136 1364.024201
-2954.976865 -836.875453 1384.962537
-2344.029571 -550.362601 1117.716997
-3384.563018 -795.272717 1621.115644
-3294.524222 -774.205469 1577.629424
-2893.187445 -819.007463 1355.688928
-2939.549895 -697.869611 1413.316681
-3459.638807 -856.890860 1704.613611
-2309.619158 -656.974151 1106.432043
-3762.040905 -947.488011 1837.877216
-3756.901120 -1051.591890 1797.529123
-3537.540066 -891.117665 1740.737249
-3754.448949 -946.509100 1844.048512
-3305.326556 -834.202473 1624.054997
-3477.604631 -867.620767 1633.629504
-3773.659035 -926.201769 1853.250308
-3028.220807 -797.053202 1350.312574
-2474.708876 -710.354604 1155.501347
-3029.196895 -849.471349 1375.273652
-2749.267733 -691.902261 1340.910287
-2898.926327 -757.694899 1428.284645
-2361.485074 -617.465266 1163.960684
-3943.904033 -1121.231794 1883.354549
-3459.047115 -994.693470 1619.926488
-3893.531888 -980.401139 1897.604355
-3663.170691 -1046.678374 1735.288413
-3356.401332 -852.845434 1655.479151
-3395.947025 -902.789177 1594.035275
-2890.772145 -689.378256 1382.877556
-2333.153807 -558.877453 1121.128936
-3100.442214 -831.322944 1389.146334
-3649.924462 -975.727516 1641.377830
-2719.829083 -708.422392 1275.931440
-2644.911126 -748.002111 1253.724247
-2738.520922 -685.169290 1289.470785
-2756.645296 -676.707711 1266.895707
-2971.741145 -738.138100 1390.758565
-3109.317947 -900.178777 1530.476093
-2475.956167 -716.583232 1217.171492
-2992.511148 -743.261917 1399.317202
-3164.905398 -811.286367 1538.451355
-3660.398795 -944.244247 1738.486419
-2795.958776 -749.910271 1275.416994
-2534.130627 -621.312932 1159.380683
-3123.633340 -803.109964 1493.071987
-2888.884043 -706.974643 1319.856118
-3693.765758 -924.355647 1738.645133
-3079.611729 -888.778255 1453.647468
-2837.114483 -689.234751 1303.293514
-3475.250125 -970.223476 1619.609821
-3556.982671 -954.702244 1595.640604
-3335.542329 -967.416471 1557.348975
-3128.419475 -749.997723 1503.552491
-2957.214757 -810.886866 1459.378018
-2661.451107 -645.730296 1275.919781
-2629.900409 -728.394935 1296.429327
-2872.843688 -697.718545 1376.399570
-3684.886814 -1019.237133 1815.936472
-3402.960704 -941.261288 1678.537403
-3014.277437 -813.263184 1363.712433
-2717.800724 -733.201681 1225.295736
-2736.385756 -756.936637 1349.180064
-2893.575896 -801.056924 1426.091680
-3237.546671 -809.021297 1524.096213
-3560.617440 -955.762091 1597.359647
-3300.392719 -910.953309 1627.766496
-3548.338919 -892.639643 1621.676862
-2680.540373 -737.231491 1309.222119
-2929.609120 -768.200247 1341.420280
-4056.297153 -1064.447104 1856.355175
-4018.595390 -1056.673256 1844.159790
-3565.737031 -938.240248 1636.252415
-3728.579393 -953.268771 1674.961304
-3783.735236 -967.052026 1700.902897
-3387.276492 -865.545325 1520.539716
-3033.851918 -775.164977 1361.709529
-2577.438579 -748.686298 1224.459995
-3730.272304 -952.636563 1674.260354
-3680.433330 -939.871611 1651.312621
-3067.902746 -742.177893 1484.549237
-3039.373091 -747.247913 1429.213995
-3079.220776 -743.168952 1497.749486
-3182.985540 -766.808283 1546.218777
-2776.334355 -703.043772 1266.711802
-3253.744648 -824.449899 1484.445627
-2769.080190 -673.503104 1281.160336
-3752.431031 -952.446566 1713.091172
-3714.035401 -1045.908772 1810.600688
-3215.024249 -900.121996 1518.340651
-3173.927825 -821.966348 1536.660676
-4008.053008 -1039.514906 1933.176473
-2471.369176 -641.009915 1196.667183
-2472.409087 -641.684782 1192.266755
-3274.772652 -850.226846 1584.490934
-3799.326653 -986.473724 1838.924343
-3611.779457 -974.244362 1799.627546
-2642.923721 -712.999523 1316.311787
-2829.501607 -791.426754 1289.223197
-4091.141507 -1145.036305 1864.653353
-3772.530244 -1061.457858 1849.668261
-4022.145867 -1131.790423 1972.760031
-3991.734313 -981.880956 1880.975516
-3498.281493 -868.557345 1593.422773
-2370.994424 -588.703928 1080.173628
-3131.126023 -909.469813 1488.014014
-2494.646538 -679.647561 1152.328216
-3419.654727 -959.313842 1568.102421
-3279.139482 -848.742912 1586.257510
-4064.586873 -1033.877118 1852.579482
-3059.357918 -773.038686 1413.873674
-3032.774420 -808.023356 1401.472140
-3880.990704 -972.795506 1794.055960
-3886.368564 -973.945543 1797.597568
-3734.967454 -1070.930044 1827.230561
-2502.910576 -707.787312 1140.380045
-3717.188605 -919.163891 1731.375996
-3444.608564 -915.679258 1593.339307
-3591.196621 -1009.834200 1737.569423
-3973.416718 -1148.577329 1954.478873
-3314.092623 -864.863222 1506.495458
-2736.400637 -791.542777 1345.501878
-3482.902280 -1004.291167 1684.873643
-2406.536987 -693.689959 1163.378461
-3541.092042 -922.417143 1608.649788
-3476.703771 -971.128350 1637.514841
-3241.748930 -835.396313 1478.157679
-2605.753232 -668.544740 1176.876384
-3668.395575 -941.482984 1656.901150
-2896.729977 -743.652702 1308.932687
-2701.090264 -723.244865 1235.576121
-3794.378862 -975.443233 1720.680857
-3413.049030 -839.095607 1607.661327
-3441.674684 -920.794740 1575.092411
-3099.015513 -796.833529 1405.214658
-3640.355452 -893.754772 1691.396322
-2748.734717 -735.168082 1259.857457
-2841.447734 -697.855529 1319.935082
-3199.194172 -886.243966 1547.838275
-2515.293837 -669.603083 1139.410288
-2906.947164 -802.443537 1380.578030
-2775.239273 -741.460166 1275.944183
-2860.446467 -763.610225 1318.199701
-2813.333942 -750.992701 1292.024547
-2618.842093 -723.263845 1243.922022
-3488.376958 -963.627599 1656.857226
-2944.768333 -785.547503 1354.272702
-2705.812169 -721.350627 1247.342043
-2891.760962 -814.979379 1410.956268
-3096.484082 -866.021554 1550.007656
-3258.279578 -844.557278 1469.238878
-3186.755457 -818.006436 1458.225172
-3484.766805 -962.792621 1611.338824
-3317.902188 -916.799826 1535.308266
-3669.358714 -1002.735155 1833.329413
-3871.931610 -985.829590 1937.371483
-2020.115797 -566.852710 951.252834
-3357.042925 -851.540081 1532.958502
-3931.881221 -938.342523 1812.070659
-4085.185326 -992.038249 1982.208123
-2915.460461 -805.908519 1348.348219
-2427.653545 -623.035984 1111.660311
-3732.413508 -1039.813996 1822.683396
-2517.896630 -702.786559 1260.053074
-2751.246761 -705.902147 1258.338275
-2956.389869 -829.078137 1395.880199
-3054.794473 -780.415657 1435.241112
-3524.009458 -893.582082 1609.906333
-4110.173833 -1011.161182 1861.384749
-2988.887980 -836.150873 1495.136533
-2991.262891 -831.407494 1378.837244
-3139.440853 -873.646370 1448.713344
-2775.280485 -723.274909 1292.727670
-3438.559832 -944.064968 1623.585422
-3216.127142 -900.601495 1518.798321
-3015.505558 -759.118816 1390.004943
-2891.217088 -732.193528 1320.615160
-3470.875766 -971.777732 1637.769272
-3136.663123 -910.505487 1491.151846
-4046.038350 -1054.761529 1886.446285
-3141.408897 -792.963105 1439.355692
-3928.250839 -1055.287942 1756.986045
-2075.179275 -571.095092 1014.038144
-3578.470396 -880.552354 1620.065729
-3595.077291 -1007.009824 1697.845236
-3256.041741 -934.085764 1520.597845
-2795.870975 -677.495756 1364.568721
-3450.982519 -879.657581 1590.929675
-4101.033511 -1070.631254 1912.894937
-3785.775229 -1023.491778 1851.140146
-3834.875612 -1036.347109 1874.402907
-3970.445088 -989.097844 1863.599029
-3172.618960 -760.534939 1515.526850
-3388.684160 -815.832162 1647.139837
-2772.023674 -723.565459 1294.060564
-2317.652195 -593.873712 1048.058412
-3817.516490 -932.472176 1877.771672
-3708.750428 -923.908197 1740.969242
-3240.193364 -893.651869 1620.631131
-3581.006499 -843.958811 1648.585612
-2854.433719 -758.329180 1407.994987
-2497.680963 -710.137295 1147.638481
-2706.014881 -742.504841 1289.624666
-2854.151113 -758.264487 1407.796483
-4018.347231 -1161.217071 1975.524349
-2926.273901 -806.300714 1462.771905
-2939.413933 -842.281575 1392.074085
-3251.153808 -895.469411 1570.494493
-2602.715076 -682.599366 1224.806840
-3266.908156 -907.687882 1559.395313
-3908.537806 -1068.039400 1872.030359
-3206.398347 -884.863844 1523.269837
-2919.712724 -704.519033 1420.217638
-3215.847783 -796.308425 1516.101662
-2961.040701 -737.698729 1389.607946
-3405.554348 -845.907482 1610.701388
-3674.977508 -984.661586 1867.257419
-4023.887606 -1130.826531 1972.898193
-2410.395724 -617.249572 1172.026113
-3118.053738 -779.608331 1441.524018
-2971.152683 -850.020809 1470.216369
-2461.363118 -675.823047 1163.508541
-3527.063333 -877.242286 1667.882331
-4084.730449 -1094.921570 1866.770827
-3666.586510 -982.529589 1863.106358
-3847.353063 -910.853556 1765.243565
-3537.112166 -878.561919 1705.970980
-2612.941460 -683.411469 1325.798901
-4013.627805 -975.585951 1834.319652
-2995.331502 -863.989123 1395.003144
-3445.373378 -856.753062 1629.332437
-2781.239257 -726.199764 1410.449421
-3425.018835 -877.851304 1665.080055
-2626.112713 -686.137499 1332.777273
-3539.194771 -879.099150 1707.102862
-3966.481595 -962.222818 1974.676664
-3696.211381 -956.469096 1699.968456
-3019.213506 -756.002013 1356.223763
-3247.743820 -928.169488 1525.678725
-3381.660044 -841.896683 1670.896889
-3149.971926 -789.082794 1451.021477
-2935.156161 -760.567345 1490.492330
-3254.665900 -850.854760 1617.711821
-3058.170258 -790.593419 1404.774135
-2520.827891 -624.912935 1143.597447
-4074.029437 -1037.001989 1968.876261
-3634.791405 -866.286724 1697.042860
-3532.821713 -986.219031 1701.634526
-2626.877508 -670.524490 1302.580446
-3544.065195 -918.458604 1597.111349
-3804.277459 -1011.810095 1759.594622
-3756.823675 -979.036241 1752.605179
-3358.719496 -875.314580 1566.752463
-3309.569644 -821.014715 1629.833654
-2949.682375 -814.237317 1365.150346
-2838.221104 -707.483620 1409.515812
-3747.922066 -996.278411 1761.708749
-3004.325241 -810.637994 1496.649209
-3312.587370 -894.234155 1649.691897
-3748.218494 -959.414393 1688.371360
-3966.740843 -1004.879349 1921.384523
-3686.627772 -1038.113899 1769.133164
-3042.168863 -854.894592 1530.768322
-3896.498062 -995.063766 1819.088381
-3159.944409 -917.035760 1476.649554
-3526.657597 -991.132384 1773.866622
-2923.057085 -709.248072 1359.764159
-2807.804687 -760.184166 1413.238160
-3401.141603 -890.397293 1599.096551
-3006.194072 -839.033178 1503.285678
-3179.996648 -831.090841 1580.493948
-3728.814956 -1009.838323 1877.768127
-2753.402863 -684.090673 1248.256746
-3778.002905 -894.341683 1726.892240
-3047.610460 -859.874079 1536.506949
-2873.896246 -750.643726 1428.544648
-2953.469396 -833.172169 1488.663830
-2587.461676 -653.796486 1173.182146
-3484.045243 -981.337317 1752.641271
-2902.304544 -779.912318 1299.983442
-3195.723727 -860.089929 1434.103108
-3631.453576 -951.510820 1707.401623
-3537.982687 -893.575577 1602.465837
-2764.233524 -666.154779 1333.319594
-3452.358721 -903.296114 1699.936825
-3457.864080 -859.861809 1619.963964
-2203.708668 -606.031836 1026.535764
-3972.556815 -987.505205 1860.495341
-2796.080763 -738.241338 1316.362796
-2362.987708 -639.083934 1074.685338
-2660.987194 -691.206534 1231.276012
-3573.857719 -982.987711 1664.995829
-4045.512497 -958.260406 1959.722504
-3836.032086 -972.966723 1877.097633
-3776.192392 -980.411829 1746.186843
-2718.980115 -663.279525 1254.819771
-3957.590424 -991.118842 1952.939631
-4018.057915 -1025.587653 1972.238031
-3752.911764 -1060.677046 1775.778774
-3425.597829 -824.139489 1642.160280
-3729.345795 -948.775510 1685.354932
-2742.473446 -671.411598 1263.681557
-3228.361837 -875.713731 1452.592943
-2462.021836 -700.235621 1221.651996
-3704.382568 -1053.925742 1838.301160
-4005.916840 -1064.423359 1968.888634
-3092.345593 -786.718719 1472.487002
-2974.049809 -756.473011 1416.515110
-3286.138192 -929.204195 1555.374072
-3653.361831 -1032.040886 1728.673925
-2760.006746 -713.318281 1283.226983
-4043.571715 -1000.759843 1850.628244
-3043.947707 -732.906296 1396.155602
-3355.498146 -812.472387 1549.640560
-3116.873441 -778.722114 1454.868045
-3194.305130 -888.969212 1442.598290
-2754.241157 -677.971173 1276.558478
-2755.321673 -678.214213 1277.085517
-3665.169859 -1054.567287 1757.177536
-2708.902397 -779.561558 1298.921454
-3306.609302 -951.663403 1585.420778
-2549.856573 -677.282220 1187.038805
-2661.589919 -707.007168 1239.038202
-2932.865335 -715.948342 1454.469623
-3027.094208 -772.968139 1374.856864
-2624.480127 -640.892184 1302.102870
-3919.237054 -980.340797 1830.420597
-2626.797094 -641.406012 1303.229821
-2413.776336 -589.319112 1197.520173
-2776.094925 -780.714055 1253.745381
-3493.106961 -928.930841 1626.984505
-2749.851224 -734.314966 1390.033277
-3779.330182 -1031.013930 1843.356651
-2974.782196 -860.813805 1387.839029
-3133.927199 -844.845305 1536.975914
-3332.257677 -837.578331 1625.876998
-2819.512036 -752.308742 1303.433804
-2478.331185 -668.402002 1215.360230
-3523.642184 -888.410319 1616.247113
-3984.366413 -994.755507 1860.863584
-2682.461262 -772.455031 1260.789319
-2716.375000 -634.835978 1292.818786
-3374.325707 -951.360917 1539.961767
-3768.614122 -1063.857596 1719.903491
-4047.209962 -1050.001143 1896.094614
-3307.463894 -844.614958 1564.635062
-2609.732901 -764.529430 1243.085454
-3072.807221 -901.039123 1463.832333
-2985.492999 -803.848009 1336.094279
-3197.222383 -822.070185 1470.985734
-3926.754925 -1000.834615 1881.614141
-3620.360968 -947.317913 1623.621593
-3345.147635 -875.835553 1509.271168
-3682.798398 -1036.297981 1846.680927
-2795.666700 -770.022510 1282.263512
-3587.967902 -1011.211357 1790.178315
-2675.133014 -659.905155 1259.420113
-3046.852689 -837.715674 1398.050350
-3473.741039 -979.478300 1731.813901
-3794.315887 -1075.907278 1907.038740
-2854.706265 -809.654561 1434.473840
-2745.379123 -653.126693 1302.103349
-2392.301078 -673.638676 1193.806361
-2829.010943 -790.835982 1418.644360
-3714.541732 -1036.959675 1860.820823
-2743.092795 -697.414427 1253.795141
-3361.765119 -820.429587 1623.409463
-3009.267667 -831.899448 1472.055103
-3355.864740 -801.195108 1562.460009
-3168.413109 -865.892089 1586.220299
-3331.809113 -854.949807 1570.379539
-3082.234055 -788.941649 1528.711320
-3181.812495 -879.127448 1583.941343
-3414.656995 -810.556229 1577.640158
-3429.955252 -957.774533 1682.682091
-3767.928980 -967.814116 1733.475585
-3073.423342 -775.559338 1409.038263
-3209.746560 -817.306862 1547.382532
-3898.327310 -1001.315260 1792.289287
-3177.099515 -885.243918 1594.115093
-2444.158605 -681.607910 1225.466052
-2684.698673 -750.233857 1345.644011
-2526.081131 -697.472953 1257.391082
-3746.687522 -994.914936 1747.344620
-3247.769862 -773.161130 1540.309964
-2897.874538 -705.593139 1437.141771
-3153.382375 -767.773270 1565.187716
-3065.182710 -746.186787 1520.523228
-3001.592588 -730.452406 1490.218521
-2494.175221 -704.455525 1181.144768
-3173.666790 -769.675044 1489.628531
-3000.356991 -794.989777 1456.214083
-2460.800125 -607.970520 1101.744131
-3836.523092 -1032.984610 1751.296493
-2677.419793 -649.157987 1249.708368
-2703.351422 -661.810730 1245.990462
-3809.264192 -987.263799 1848.211335
-3451.213838 -856.195799 1682.384603
-2565.769083 -685.484063 1158.492630
-3440.873710 -919.334791 1553.324635
-3058.130830 -744.710645 1516.665662
-2503.262893 -608.203190 1168.818466
-2981.626575 -804.418491 1464.558570
-2897.177538 -706.273894 1437.152233
-3429.094240 -821.440940 1621.259973
-3491.052700 -836.308362 1651.234371
-3049.553530 -801.128448 1373.369262
-3677.481501 -938.404793 1762.072172
-4082.987659 -986.876384 1945.779476
-3433.517492 -852.775234 1705.355819
-3807.453241 -920.539397 1813.971016
-3606.942049 -984.239330 1647.163638
-3053.466457 -832.988649 1393.862922
-3261.262188 -788.968219 1554.374385
-2931.112944 -709.204191 1395.877112
-2553.898442 -599.751911 1186.000950
-2730.594650 -727.227164 1271.039036
-2707.214100 -721.134828 1257.784835
-2812.966494 -681.354651 1339.395542
-3401.432851 -906.554075 1720.595652
-2525.634453 -663.759586 1136.326182
-2926.942803 -780.993892 1476.619757
-2774.448451 -744.830195 1402.537807
-2430.899071 -652.757791 1229.310209
-2480.838999 -652.304465 1117.117002
-2710.498769 -712.951183 1220.192456
-2382.991158 -596.922365 1124.411621
-3396.073001 -867.199530 1625.573422
-2998.800198 -770.968570 1441.195062
-3387.590894 -869.795817 1628.843350
-2904.717867 -776.836364 1337.972633
-3179.050302 -780.098752 1474.037839
-3038.916456 -745.295481 1409.232513
-3441.235844 -920.872653 1584.908379
-3028.421341 -741.717425 1406.863982
-3220.355977 -765.553849 1556.282511
-2985.424323 -709.817808 1399.211560
-3106.703839 -773.786181 1389.253683
-2421.031023 -691.864647 1189.775415
-3177.410615 -811.460799 1442.432820
-2556.802003 -652.031485 1166.083108
-2703.983494 -790.111735 1288.327247
-3903.597949 -950.206136 1799.949305
-3563.933688 -906.974991 1623.881688
-3130.967804 -790.187997 1402.465218
-3309.645226 -944.899405 1626.427254
-3137.395341 -762.671666 1446.599723
-3453.384084 -923.177150 1593.347324
-2579.033792 -695.374663 1185.308204
-2926.393096 -729.892852 1365.655826
-3115.720665 -776.277357 1452.613978
-2604.819415 -645.511692 1171.346803
-3641.136225 -1026.496175 1769.556438
-2969.698557 -837.019220 1443.779368
-2889.011592 -765.789339 1323.734287
-2536.530853 -634.199288 1180.981271
-2675.331616 -771.710065 1295.567457
-3036.474141 -855.642525 1474.287080
-3575.591948 -885.845239 1608.077960
-3119.355242 -900.785105 1511.147254
-3845.035317 -1020.266645 1763.880509
-3516.831228 -933.351635 1612.019215
-3910.469685 -966.397477 1815.091280
-3368.159419 -802.521362 1578.448200
-3016.751756 -745.214434 1400.213316
-3049.279387 -894.811078 1452.135860
-3844.843254 -915.742197 1800.741866
-4111.366883 -1090.950260 1865.138004
-2775.158326 -740.782560 1280.401745
-3005.244223 -859.449974 1477.269551
-3689.119825 -929.930813 1732.458592
-2932.170046 -738.566878 1374.826849
-2954.983770 -812.636568 1363.219261
-3384.909956 -880.341094 1633.745464
-3927.900873 -1007.826679 1826.333680
-3044.723578 -791.380405 1468.348119
-2937.736903 -739.714008 1376.135376
-3497.892618 -880.746760 1642.672372
-2979.158982 -770.639217 1428.399158
-3093.993539 -794.834270 1439.695360
-2564.865914 -662.812532 1229.555883
-3134.828445 -809.800940 1502.660377
-3015.817450 -776.546692 1446.598106
-3425.311934 -881.095661 1645.320904
-2490.526852 -661.162099 1240.703277
-3660.852233 -901.188776 1669.868994
-4028.927598 -1035.459790 1935.901860
-2586.884034 -664.757224 1243.737456
-2786.810063 -715.993271 1340.059038
-3679.382453 -910.550841 1667.509779
-3068.793347 -759.912272 1388.369157
-3498.377154 -881.841733 1639.423187
-4045.649340 -957.102982 1883.681348
-2914.998144 -687.758949 1358.341779
-3698.384382 -871.744391 1729.192058
-4113.588666 -997.391182 1906.171336
-2513.518457 -595.572660 1191.930100
-2736.870324 -696.389556 1275.267632
-2852.065028 -720.205997 1288.854705
-3166.939160 -751.603550 1492.366539
-3130.169741 -843.296481 1520.205353
-3086.210290 -778.617022 1394.970020
-3661.944916 -923.749531 1655.202364
-2746.210147 -692.452396 1240.836561
-3244.455166 -810.248892 1466.605097
-3083.932210 -837.900017 1430.444806
-3040.532459 -826.588612 1409.900505
-2793.273500 -703.804279 1311.174676
-3084.183976 -841.417935 1418.221302
-2944.350721 -855.094151 1397.054126
-2659.464216 -726.441027 1223.676114
-4082.961969 -1115.500418 1878.854294
-3639.576270 -994.585737 1685.415710
-2577.025640 -659.476565 1193.922281
-3333.948862 -872.270558 1614.546786
-3078.061415 -839.049018 1518.124105
-3632.311285 -1024.813277 1708.625352
-3443.680877 -833.806044 1615.577511
-3929.862848 -1108.226615 1881.538391
-3704.339844 -1062.281070 1734.867156
-3065.971738 -827.287855 1387.534692
-2811.436265 -797.885218 1303.187795
-3709.918373 -1035.231902 1668.658155
-3686.010479 -889.817647 1758.829830
-2798.686923 -805.504812 1299.483965
-2695.794544 -752.009535 1212.501900
-2881.051263 -697.985035 1345.116139
-3786.434980 -1083.211827 1749.356791
-3788.872710 -1068.206576 1782.478779
-2937.069908 -828.726321 1382.668353
-3674.144092 -890.380156 1715.155247
-4076.793625 -1034.736085 1988.338511
-2847.138020 -782.354985 1403.831568
-3107.710435 -746.017367 1491.067055
-3456.815518 -974.467660 1617.078487
-3336.512693 -805.904870 1608.532501
-3868.567178 -934.778712 1846.798148
-2740.435076 -753.487433 1350.673769
-2611.255341 -628.128621 1245.290768
-2084.066102 -503.582280 994.453875
-2529.996914 -683.032881 1145.345335
-3056.420830 -873.418486 1416.148876
-2452.083429 -593.153574 1169.889040
-2380.585433 -678.624499 1120.634526
-3323.495577 -804.824669 1559.994196
-3917.334757 -948.969839 1838.684336
-3869.678792 -934.229138 1846.600961
-3043.466017 -856.415239 1464.785947
-3235.615933 -797.494233 1449.073862
-3014.219449 -815.267525 1359.912058
-3049.759467 -857.980492 1467.463470
-2869.914029 -804.774747 1420.829127
-2768.686010 -685.973667 1359.809146
-3403.545557 -940.807307 1674.956691
-3169.093592 -836.963061 1410.420605
-3517.353285 -823.258477 1678.305607
-3758.172904 -992.187644 1673.667036
-2646.759757 -750.671681 1227.121925
-3431.655912 -935.146556 1553.201025
-3772.437460 -997.080077 1853.215666
-3223.110511 -922.898308 1509.609221
-2739.910230 -784.450915 1283.538642
-3479.248280 -848.096138 1677.854804
-3060.722950 -752.141001 1507.944190
-3759.090521 -1053.995986 1859.892072
-3308.811147 -952.632913 1535.602284
-2982.379990 -851.508352 1437.876330
-2496.397177 -716.039704 1180.673913
-3635.334722 -1041.682661 1708.145092
-3624.894801 -981.579563 1630.681007
-2914.430971 -764.620136 1367.020688
-3659.247712 -962.117304 1799.897999
-3234.743860 -880.098233 1594.550876
-2913.533675 -764.390204 1366.487127
-3914.492116 -947.762827 1837.719318
-2682.368831 -747.095528 1211.126437
-3000.183281 -865.317673 1394.428891
-3757.832629 -990.995982 1672.881113
-3454.898443 -866.872341 1572.395973
-2864.116961 -711.187778 1287.765534
-3736.487482 -1053.465505 1756.522796
-3155.470382 -784.801970 1411.688343
-3730.890623 -928.891629 1676.121499
-2926.731735 -815.148669 1377.531689
-3140.055592 -806.641493 1480.172375
-3158.327542 -763.037636 1466.526078
-3087.374272 -860.686174 1420.271002
-2833.466211 -804.311466 1353.944188
-3298.199629 -808.118401 1633.792666
-3347.026880 -824.624986 1656.488146
-4053.158116 -1129.272400 1907.763897
-3392.690809 -847.275119 1534.137152
-3393.606816 -834.563089 1679.686748
-3858.333734 -992.266173 1778.598747
-3636.116841 -1019.912032 1790.991520
-3721.626820 -931.295367 1731.665305
-3033.130278 -841.776324 1419.027116
-2283.007119 -606.063052 1120.215675
-2949.587619 -737.668527 1372.540913
-3966.675842 -1026.191423 1845.545521
-2784.801793 -709.020106 1281.740389
-2691.265260 -697.183194 1258.143405
-3674.747987 -951.529747 1717.919402
-3853.311504 -983.703812 1825.390828
-3492.613467 -979.556556 1720.922710
-2614.770261 -640.057520 1187.629122
-3301.373643 -937.411840 1569.624046
-3776.438740 -943.714937 1756.451579
-4044.292119 -1010.604173 1880.422490
-3358.254830 -982.265701 1583.022092
-3387.398375 -841.214393 1650.385863
-3127.636273 -881.115784 1470.551314
-2369.236487 -606.334333 1096.150177
-2886.540538 -689.674009 1319.309364
-3168.314266 -760.895429 1518.576440
-2617.986687 -737.868867 1230.834557
-3259.247785 -786.278338 1512.662907
-4058.940756 -979.056337 1883.911450
-3307.712335 -916.031190 1607.685065
-3010.069285 -812.976938 1406.995753
-2957.936990 -799.277143 1383.148894
-3664.352810 -906.984538 1749.596765
-4095.955623 -1051.158732 1929.721527
-3119.290626 -773.320529 1489.544213
-3999.596057 -991.721232 1910.078985
-3020.316104 -749.343846 1442.485231
-2777.710007 -689.171748 1326.132210
-3927.902410 -937.961725 1794.714910
-3167.000339 -882.793467 1556.299198
-2611.763923 -653.361724 1289.717551
-2788.533191 -728.078411 1378.426045
-3004.349487 -827.968469 1377.757072
-3456.175817 -905.850851 1559.448668
-2885.728798 -811.417789 1421.566707
-4030.659801 -1133.933943 1984.531394
-3918.353202 -974.248889 1909.507925
-3507.107655 -894.727396 1751.622186
-3960.922340 -1100.818846 1949.170861
-3828.791491 -990.056522 1712.704488
-2677.968680 -730.389435 1320.704874
-2797.626324 -725.572574 1245.597335
-2523.159428 -695.371669 1157.382383
-4061.063717 -1026.217937 1874.191580
-2671.029778 -680.402138 1333.196865
-2070.783150 -504.608955 1012.661680
-2790.102572 -739.822918 1390.691492
-3145.741776 -791.820702 1438.759121
-3580.054601 -860.142604 1657.002639
-3655.087518 -917.832485 1680.185560
-3918.274693 -974.248544 1909.293071
-2712.074400 -777.274241 1278.733885
-3143.082197 -770.930676 1475.323167
-2491.590898 -708.030264 1184.206090
-2933.625117 -789.530619 1438.698882
-2987.971243 -708.157111 1418.645909
-2738.770690 -677.997505 1306.749700
-2657.930433 -715.950249 1238.223630
-3113.729828 -847.471513 1425.274814
-2657.953451 -716.202137 1304.588869
-3647.517177 -996.018438 1765.348354
-2579.065691 -631.392872 1194.785015
-3089.932723 -756.984033 1450.679126
-2792.162344 -711.312887 1373.174122
-3529.136093 -950.871766 1604.396418
-3918.900119 -974.458140 1909.526989
-3983.256678 -1029.366581 1800.027693
-2865.503612 -764.099765 1416.051951
-3555.761950 -918.939660 1606.576287
-2188.035630 -580.350648 981.360318
-3033.848545 -773.522333 1443.472448
-2545.557201 -674.833639 1141.802763
-2535.588579 -630.034393 1271.090199
-3172.394336 -780.004020 1432.957957
-2433.569865 -610.625899 1107.999500
-2596.393263 -706.636232 1187.452696
-3394.998837 -938.306082 1534.561762
-3779.110623 -1028.368907 1728.334033
-3213.450692 -857.804885 1447.400352
-2720.099374 -678.815399 1331.288698
-3369.820933 -894.444008 1654.246287
-3623.374044 -924.660791 1733.906672
-3813.963605 -1060.472715 1832.460720
-3492.407951 -843.315101 1621.493688
-2865.522307 -763.467013 1415.936180
-3120.352190 -883.755169 1474.309088
-3133.774285 -815.391880 1452.745356
-3968.487687 -1114.541681 2004.633259
-3387.965073 -970.738776 1633.205235
-2994.519030 -815.352886 1459.089510
-2948.804228 -843.029756 1385.144848
-2545.665387 -716.750329 1274.201008
-2927.347674 -705.290446 1431.740277
-3994.869943 -967.729001 1931.414600
-2806.000900 -722.275312 1276.387625
-3154.316652 -812.156927 1435.986200
-3813.686179 -990.759678 1845.516454
-3863.089578 -1133.575542 1830.695023
-3799.678231 -954.553983 1729.352713
-2862.667561 -805.781990 1385.470153
-3205.304054 -851.629537 1511.816585
-3951.946020 -1079.412711 1779.827558
-3972.804500 -1146.385324 1922.708731
-3312.631531 -893.445910 1651.996141
-3761.305077 -1007.005949 1852.798655
-2993.659885 -856.763223 1406.731225
-3284.071544 -877.502432 1628.003541
-2627.318249 -632.835954 1222.497281
-4013.345307 -1025.901256 1895.027356
-3462.145250 -853.832829 1696.230107
-3521.675681 -851.318751 1654.732844
-3771.364541 -985.417589 1862.790604
-2960.697856 -792.195009 1457.761312
-3124.106777 -897.599992 1462.937533
-3890.286174 -965.918892 1745.380356
-2690.043981 -744.962956 1292.243396
-2603.029294 -718.289893 1203.525087
-2867.337638 -693.621370 1346.161553
-2271.929720 -571.722721 1109.762013
-2738.990548 -696.873180 1275.579604
-3075.175135 -723.753820 1473.120909
-2969.373614 -703.859600 1441.467872
-2794.180397 -657.395179 1333.007504
-3389.075109 -796.795274 1616.855036
-2685.396905 -648.159297 1261.157829
-2816.663253 -681.814064 1362.698415
-4079.131349 -1089.950031 1878.389905
-3077.306389 -890.515804 1450.850436
-3164.146379 -765.573865 1486.910790
-2601.529534 -750.607017 1284.293226
-2949.172081 -743.452837 1350.534798
-3467.772881 -936.170811 1568.906513
-4112.679005 -1100.970268 1861.687954
-2280.708077 -644.317992 1131.822760
-3627.653264 -987.160588 1767.818882
-3667.161922 -924.172179 1679.396707
-2505.373348 -681.065904 1221.126490
-3030.557434 -805.609531 1414.968233
-2551.208436 -738.620831 1203.889563
-3251.459300 -871.849058 1454.435964
-3794.275120 -1006.707945 1777.329103
-3682.064520 -1002.510530 1795.586892
-3288.666354 -810.187323 1603.640775
-3997.140062 -1040.174916 1857.337381
-2791.911714 -665.728025 1274.493278
-4091.583031 -1021.719632 1892.215748
-3492.477564 -979.087760 1601.731081
-2763.716860 -767.617658 1281.693538
-3071.238053 -762.997468 1495.396313
-2771.853697 -730.049676 1378.058417
-3175.330282 -892.419178 1597.298330
-3287.916580 -888.695859 1641.645144
-3623.341024 -872.029583 1686.041444
-3356.943726 -838.431674 1553.425274
-2771.870920 -713.520856 1278.809620
-3066.330316 -809.562588 1442.997852
-3957.580477 -1108.004725 1906.322553
-3957.780974 -1108.212774 1907.091538
-3924.664416 -926.755535 1885.073601
-2584.108057 -702.113044 1296.964175
-3024.020856 -710.496294 1401.033830
-3716.182027 -929.690472 1682.606657
-2446.180550 -650.505862 1125.425526
-2971.396293 -737.910395 1411.475984
-4004.576276 -1030.712909 1996.744832
-3380.166230 -932.405968 1654.527503
-3027.660077 -734.739712 1421.367884
-3131.375777 -750.925350 1514.727988
-2538.958232 -646.472953 1230.882074
-3325.709898 -815.095559 1612.319581
-2939.773446 -757.196372 1333.392224
-2723.650772 -693.068203 1330.602434
-2785.644952 -698.811461 1250.167963
-2786.526776 -698.975802 1250.488562
-3849.498902 -945.147078 1849.732139
-3871.762263 -963.031116 1898.333730
-3640.886775 -1001.202626 1757.718330
-2514.965873 -603.125263 1242.489665
-3808.836077 -966.961204 1859.755787
-2223.875009 -536.810669 1036.965085
-2887.354535 -772.822260 1354.772661
-2820.500651 -750.427151 1314.264818
-3012.884833 -713.207609 1433.494906
-3034.417506 -812.073926 1423.559384
-2363.645241 -578.205455 1132.001806
-2968.330439 -754.370173 1459.828014
-2936.744258 -740.937613 1426.713446
-2994.309758 -802.171141 1467.937238
-3019.763472 -809.063642 1479.865185
-3923.779522 -924.574463 1859.613173
-3029.730233 -800.314618 1498.086111
-3204.872718 -859.360004 1572.255506
-3541.095467 -900.700133 1730.582364
-3882.031503 -970.537219 1758.103672
-3295.135916 -870.777683 1630.269711
-3017.258634 -808.213649 1478.178731
-4081.783436 -989.518260 2010.258252
-2460.104347 -598.682710 1197.785465
-2784.945747 -748.482997 1392.391231
-3468.224633 -964.050222 1738.816157
-2571.861415 -709.079553 1182.987382
-3607.817959 -993.261496 1659.211410
-2920.874301 -803.672475 1344.446654
-3863.636401 -1089.021056 1938.177615
-3262.041387 -789.544227 1607.365650
-2914.984138 -795.958652 1461.964992
-2803.663892 -690.030528 1379.509057
-2532.379399 -651.551871 1166.782742
-3037.162036 -739.694120 1478.926336
-2964.842421 -727.922742 1346.972019
-3102.564426 -744.202088 1433.914211
-3868.132791 -1002.523484 1773.777990
-3345.652797 -835.666018 1667.288652
-2699.527634 -735.002775 1258.685144
-2905.059875 -726.044211 1349.766161
-2496.635607 -711.352408 1175.866917
-3855.596663 -950.431936 1840.680675
-3411.871107 -843.252671 1629.093542
-2540.632080 -724.064354 1196.723132
-3273.664801 -809.002226 1560.900663
-2540.955760 -723.945065 1196.644927
-3500.579282 -864.615322 1671.068932
-2704.296129 -667.434456 1289.324907
-3166.646244 -791.418420 1444.941042
-3915.634152 -965.745086 1883.886892
-3405.124808 -846.952577 1518.843350
-2956.050730 -794.957734 1375.859493
-3108.710079 -766.770117 1486.544754
-3602.962082 -968.947685 1677.045710
-3902.949023 -1049.743681 1811.256437
-2736.219397 -675.006205 1309.341405
-3274.168729 -805.818668 1561.918130
-2949.955236 -704.259303 1381.025787
-3075.635682 -863.216019 1396.942055
-2726.223587 -680.944891 1266.399758
-2854.021961 -814.398323 1350.263942
-2862.466788 -807.536115 1384.784451
-2504.731274 -706.660036 1214.711704
-3073.684586 -866.759014 1486.869229
-3263.511490 -906.142474 1574.054275
-3732.704673 -960.785891 1693.590535
-3299.821756 -849.668905 1497.595144
-4042.489633 -1137.651356 1966.802173
-3357.083966 -834.499733 1536.478934
-4059.688715 -1145.026892 1954.066569
-2881.444054 -845.882481 1370.301876
-3926.131311 -935.839302 1837.791677
-3099.841336 -826.669114 1379.779593
-2529.198775 -608.835909 1152.369828
-3146.466221 -886.249943 1520.604555
-3692.257235 -913.876551 1744.203463
-2929.557153 -707.465623 1339.751538
-3811.222670 -979.913272 1810.544323
-2983.596292 -717.634937 1401.631330
-2913.806635 -696.157005 1363.274363
-3234.790091 -771.766247 1516.818283
-3370.922598 -975.386293 1594.739513
-2970.101501 -721.110295 1361.300324
-2629.469987 -729.261611 1237.060133
-2864.796523 -761.717810 1291.049298
-3043.887705 -809.280857 1371.762388
-3350.954071 -936.299302 1515.804978
-3009.964342 -834.888561 1463.147335
-2708.914434 -764.183064 1303.808941
-4039.787191 -1073.937717 1820.639803
-3356.477701 -833.543604 1535.748972
-3026.490903 -723.355105 1416.289914
-3857.432389 -958.015291 1764.065761
-2963.913522 -732.710297 1409.796222
-4015.303684 -989.685637 1920.734491
-4018.638035 -990.474934 1922.377728
-2961.628226 -731.107621 1347.649256
-3161.200287 -885.337558 1589.923333
-2908.709293 -756.119450 1292.529498
-3667.157420 -919.161832 1681.223580
-3013.363022 -733.920376 1443.924156
-3513.075406 -1022.962562 1643.925934
-3970.993020 -1156.325066 1858.544016
-2580.572644 -621.884444 1210.043231
-2352.121198 -573.220456 1127.777188
-2971.813098 -841.303329 1484.983537
-3639.231531 -1052.473972 1709.845462
-2710.560017 -705.867014 1203.776630
-2829.596316 -689.704718 1357.681049
-3095.864053 -754.624380 1490.527722
-3725.181943 -955.453015 1673.245214
-2831.889357 -725.659247 1271.433098
-3188.775745 -777.414902 1532.575968
-3959.361466 -1020.260881 1897.963793
-2919.108850 -751.213079 1359.015020
-2677.486332 -777.841659 1258.082200
-3823.883321 -1042.009060 1918.495886
-3704.522318 -1076.550918 1740.793699
-3382.428244 -984.285750 1583.211303
-2785.216226 -772.342272 1393.844612
-3276.833949 -858.630944 1534.465527
-2783.829001 -771.992474 1393.185549
-3739.305019 -1037.214418 1869.751705
-2916.443082 -764.629141 1365.149826
-3994.820975 -1111.011463 1993.368051
-2514.623286 -661.450705 1165.491575
-3791.707727 -998.141160 1757.803109
-3674.565325 -875.755594 1761.229552
-3758.511276 -1052.202066 1891.187615
-2975.034974 -724.204942 1429.141752
-2496.039015 -699.030204 1255.756872
-2841.523370 -677.858098 1348.173236
-3153.917674 -777.356286 1518.291806
-3944.928589 -941.178316 1872.284325
-4035.341507 -983.915279 1941.910593
-2826.203203 -724.577935 1420.836913
-2838.141804 -800.291644 1344.661967
-3536.506749 -973.440822 1600.658129
-3705.747366 -1081.934840 1749.174054
-2490.566876 -668.327905 1163.097599
-3774.046877 -1026.497168 1832.003579
-2944.369983 -802.744604 1429.108826
-3719.652394 -1014.382851 1804.811817
-2557.822192 -697.798663 1241.434600
-3658.848803 -897.921970 1764.871934
-3717.565124 -1035.507525 1745.357210
-3604.851687 -878.982136 1714.036236
-2507.302271 -625.614714 1117.244589
-2564.349939 -625.625912 1218.618022
-2401.520921 -668.797466 1127.610340
-3279.771868 -808.050492 1577.631816
-2854.613983 -814.615653 1350.518822
-3242.798095 -820.601181 1474.532458
-3925.132389 -961.313453 1885.786925
-3350.706318 -872.757892 1488.346133
-2908.939884 -757.922664 1292.869247
-3606.225882 -939.645891 1602.868679
-3401.673763 -829.795752 1626.418036
-3064.291483 -798.462267 1361.263310
-2897.610116 -760.977905 1331.861567
-2811.301782 -676.019632 1325.479315
-3662.591743 -913.366143 1670.713307
-3648.830309 -911.208544 1664.099086
-3103.324290 -757.341444 1492.964699
-2673.124674 -748.672547 1252.003563
-2715.271803 -760.026644 1272.398437
-2622.379851 -641.283345 1262.264495
-2985.141978 -708.361350 1420.541106
-2773.559737 -708.230455 1249.560393
-2490.857313 -685.029427 1129.710195
-2464.570805 -603.538188 1189.019936
-3407.300719 -866.701638 1576.944998
-3757.638307 -994.699799 1677.107456
-3197.167557 -767.986015 1538.516343
-3453.604535 -879.870004 1675.701487
-3344.365431 -801.744712 1615.499252
-3074.449180 -737.943785 1484.647884
-4105.163218 -1106.177620 1879.959421
-3653.531168 -894.643485 1766.341267
-2736.832633 -657.024062 1322.054705
-3688.957057 -885.623825 1783.343983
-3531.796900 -848.095224 1706.587267
-2235.908772 -632.792277 1036.469722
-3750.634693 -1088.373228 1832.949154
-3534.871828 -848.908127 1708.161757
-3194.353143 -767.143320 1545.047400
-3836.751115 -981.580740 1877.302629
-2314.992896 -543.942065 1069.063279
-2326.482617 -592.433838 1128.970248
-2641.542753 -640.955991 1221.683317
-3543.439056 -900.561300 1719.286223
-2700.926056 -655.044044 1250.203405
-2693.567270 -652.804129 1250.756647
-3474.273142 -841.063798 1613.237733
-2837.993495 -686.646084 1317.466004
-3348.394113 -848.317517 1624.358797
-2431.778379 -589.032881 1197.004760
-3115.404325 -840.353166 1423.568217
-3354.193101 -812.471127 1652.512858
-2571.685853 -616.083556 1242.107474
-2593.247956 -711.687387 1183.267849
-3761.497214 -1031.937788 1713.765506
-3070.625423 -840.445304 1404.077447
-2856.485846 -777.927613 1403.286774
-3292.956562 -896.623168 1616.643444
-2208.815949 -600.584683 1085.040797
-2617.915412 -713.363897 1188.478169
-3497.935213 -936.791912 1600.876612
-4108.104806 -1004.509430 1905.644545
-3333.333113 -903.383118 1623.263371
-3621.343796 -885.757795 1751.048259
-2495.668079 -609.991783 1157.011961
-2500.878628 -611.236690 1159.450751
-3169.123890 -774.354919 1469.964977
-3915.562338 -956.737205 1815.088121
-3372.995296 -823.713532 1564.866601
-2569.553415 -615.213478 1239.751195
-2367.303509 -632.436680 1152.607526
-2947.491251 -786.737125 1436.050983
-4023.413597 -1104.830514 1833.055296
-3571.040440 -984.317113 1684.144516
-2449.940201 -574.727667 1134.409104
-2748.965107 -741.560988 1363.958983
-3619.437114 -869.111501 1686.234814
-2781.278579 -743.538417 1391.365130
-3352.686700 -893.398399 1667.575155
-3350.669411 -892.455364 1667.516514
-2366.378390 -575.019526 1169.272871
-3066.821332 -816.497263 1524.803352
-3335.655471 -913.414081 1643.483636
-3442.542483 -906.609763 1714.563582
-3394.935729 -824.210588 1677.687445
-2801.905765 -737.140679 1394.639454
-2984.567021 -738.978524 1401.225556
-3928.641678 -973.494803 1844.682952
-3701.994509 -1038.550852 1826.505572
-3477.132528 -863.271034 1632.832215
-2419.970128 -599.870499 1136.378512
-3101.905161 -737.683383 1434.794692
-3451.586647 -847.708708 1671.839860
-3426.650106 -897.822559 1605.274567
-3435.108505 -925.736015 1719.441076
-4058.032407 -1006.559639 1983.419064
-2369.787422 -642.630540 1186.328674
-2942.895350 -738.356136 1446.344399
-2961.232191 -745.606225 1451.004789
-3261.609165 -880.848687 1621.633045
-2903.825759 -755.379851 1438.933092
-3376.059936 -911.285958 1679.695945
-3349.391846 -876.009349 1644.714109
-3023.293560 -708.969546 1399.869954
-2860.370915 -754.284999 1406.873361
-3565.396330 -982.645414 1681.417584
-3888.590557 -911.789484 1798.383359
-2596.022565 -608.707980 1199.631732
-3484.104944 -816.567930 1612.122085
-2486.932099 -669.537036 1228.862934
-2801.871363 -656.410135 1296.276571
-3584.982889 -984.470029 1744.855414
-2772.759481 -769.202654 1278.819864
-3225.976281 -918.995498 1473.559725
-3450.253530 -843.112814 1667.294404
-2356.265920 -650.848390 1158.534097
-3626.767729 -1005.439232 1671.398484
-3029.587591 -750.124329 1399.684989
-2792.714951 -774.097753 1289.198694
-3928.805456 -959.930546 1898.602157
-3740.266914 -1061.291789 1813.533413
-2752.100620 -680.875006 1271.280135
-2709.013046 -768.396330 1234.222322
-3223.579143 -871.932785 1480.186724
-2594.167670 -610.842228 1197.194486
-3504.623517 -993.908183 1727.616931
-2730.170460 -774.166933 1344.273733
-2838.287346 -693.156668 1373.885582
-2939.031311 -780.771312 1350.207462
-2739.256716 -761.293630 1344.611011
-2290.759265 -567.434552 1057.981459
-2606.746593 -723.069176 1203.082908
-2940.285368 -806.875104 1362.955808
-2613.595428 -717.811670 1272.267998
-2967.018518 -727.624073 1393.737495
-3978.404227 -1101.194650 1871.601747
-3046.925144 -836.891863 1482.873703
-3455.050325 -949.221038 1682.472648
-3415.627661 -938.738314 1667.337368
-3593.524232 -892.036810 1663.647258
-3739.435930 -1041.112015 1728.454258
-2879.296136 -811.530034 1308.769412
-3118.082584 -764.683503 1465.477705
-3980.123343 -987.779854 1842.947445
-3346.647125 -930.719981 1546.546479
-2775.186867 -770.633712 1279.462345
-3493.500249 -866.648701 1617.632507
-2462.711818 -679.664887 1210.386460
-2739.186060 -696.752384 1284.041746
-2968.416239 -816.077559 1376.458198
-3449.845678 -900.673670 1571.306324
-3980.597965 -987.714909 1842.768251
-2738.215177 -715.406887 1247.546710
-2921.484801 -756.728776 1347.331311
-3661.288649 -990.640542 1656.689800
-3106.289710 -758.628171 1491.951310
-2810.637294 -798.043513 1402.058422
-3581.580026 -881.003682 1601.511764
-2950.374954 -720.954515 1419.188829
-3277.758030 -803.956304 1565.625985
-4036.658493 -987.159092 1941.195566
-3001.968520 -761.976300 1467.748402
-3242.457428 -779.885001 1480.542750
-3392.514240 -832.066991 1635.172320
-3696.977178 -907.481115 1780.497321
-3055.551615 -833.620548 1464.060578
-3013.328350 -756.847274 1352.186182
-3959.280264 -970.644866 1920.911274
-3427.943333 -991.374112 1648.398308
-2674.352781 -655.827638 1296.338895
-3532.762837 -937.571100 1750.371337
-2918.337149 -702.439951 1344.778057
-2848.462482 -758.045275 1417.662759
-3122.249001 -846.609984 1565.915921
-3760.855370 -943.446740 1848.717130
-2870.989316 -758.754707 1280.773654
-2490.872165 -605.597630 1195.095217
-3578.644973 -918.921742 1729.028559
-2733.247557 -763.596637 1346.416671
-3915.581573 -966.277011 1888.388488
-3655.907249 -880.568224 1668.229540
-3892.268717 -1088.142762 1914.435370
-3147.376767 -764.655624 1494.335814
-2662.521662 -657.584614 1284.850618
-3910.287510 -965.804999 1886.540618
-3127.285467 -862.496430 1527.089123
-3051.468412 -851.876672 1492.006075
-2820.781469 -801.517618 1408.920757
-3769.760195 -970.557938 1879.171074
-2495.804151 -697.674832 1229.187926
-2518.040389 -638.402455 1177.965034
-2806.571013 -789.662991 1384.072347
-2874.316012 -816.688311 1425.689643
-2888.630752 -707.125228 1308.545680
-2888.795856 -707.201053 1308.457047
-2584.532917 -654.819366 1209.090298
-3206.644900 -787.447869 1544.075301
-3457.655653 -948.458980 1683.641941
-3131.877032 -772.058777 1445.027384
-2622.358219 -734.253231 1290.380856
-3573.131411 -921.503533 1702.488458
-2964.535948 -730.691684 1368.504816
-3095.375954 -866.372022 1523.689062
-3811.131804 -982.766415 1814.851779
-3970.219658 -1093.315700 1805.846339
-3578.066422 -922.630503 1704.786829
-2959.955211 -814.329834 1345.750008
-2758.532443 -676.036279 1249.380065
-3094.349108 -865.698428 1523.808768
-2008.013369 -561.667535 988.776156
-3912.769954 -965.581345 1887.268334
-3312.494851 -797.384569 1512.277652
-3001.818746 -785.536183 1457.516929
-3139.551083 -809.509360 1503.430658
-3633.649963 -882.020447 1656.982259
-3632.696622 -1035.136365 1693.684639
-2551.284486 -623.104678 1216.952640
-2889.508688 -708.613787 1324.125394
-3187.894333 -781.495575 1554.263880
-3748.128267 -903.177837 1843.612226
-2897.071281 -698.458609 1425.583095
-3523.790793 -1010.123803 1689.446291
-2326.174608 -550.835553 1119.077325
-2324.836514 -550.539118 1118.350574
-2904.663384 -687.656215 1395.792473
-2900.626566 -753.477561 1288.758235
-3316.320445 -862.636088 1510.156797
-3890.769288 -1083.179553 1827.239707
-3192.536567 -813.785823 1544.380622
-2948.116464 -697.393497 1345.427876
-2995.993805 -832.956492 1406.302764
-2855.696377 -738.740606 1272.185014
-3459.261403 -844.303693 1655.793352
-3459.964611 -844.374580 1656.155705
-2543.096982 -620.358500 1219.829585
-4018.155583 -980.064321 1927.985661
-2960.872747 -821.276557 1391.279167
-3139.236829 -765.334934 1504.388577
-3104.539328 -743.096446 1438.100205
-2556.713851 -638.100882 1167.762204
-3423.561852 -806.182827 1569.741121
-2514.425624 -684.115357 1237.503844
-4016.849943 -1042.001152 1786.547366
-3008.376350 -844.504599 1485.575885
-2898.883715 -776.578095 1368.243002
-2477.202229 -698.997492 1201.823721
-3274.774446 -932.162193 1616.210713
-3301.134264 -801.210800 1503.799571
-2626.559250 -620.215176 1244.629917
-3504.923162 -943.302867 1631.967320
-2742.314462 -703.407825 1233.178841
-3761.016555 -965.137212 1690.206936
-3297.485255 -780.228118 1585.654567
-2842.129009 -724.469822 1409.048933
-3433.148288 -876.138988 1662.058918
-3836.402355 -979.485884 1857.799828
-3647.244058 -886.552927 1688.961518
-2475.863353 -601.869504 1146.638288
-3698.999196 -938.072869 1723.842370
-3663.103651 -968.733898 1645.640580
-3092.074805 -817.488262 1389.361715
-4019.863176 -977.508908 1907.692364
-3914.748894 -953.732206 1859.226938
-3913.271984 -953.385993 1858.602590
-2980.635416 -730.531054 1419.226263
-2568.382444 -627.956556 1192.252675
-3530.203979 -982.673948 1760.664704
-3502.031438 -970.599004 1615.433673
-3554.732558 -867.358626 1650.603572
-3639.397503 -992.602794 1763.289484
-3018.533659 -840.876376 1505.736533
-2970.584411 -863.744574 1389.659116
-2928.069520 -746.108048 1417.550152
-2781.056975 -693.919851 1284.754648
-2848.123907 -788.463654 1279.779242
-4041.887960 -1008.034851 1980.814344
-2678.258463 -635.600596 1275.717643
-2930.980371 -746.823416 1367.147790
-4032.521235 -985.005386 1977.264063
-2641.315309 -713.196866 1315.815067
-2663.453205 -678.947616 1320.772902
-2485.567534 -606.955042 1218.949191
-3800.481560 -990.758413 1725.359336
-2639.073512 -750.488551 1229.143147
-3518.391472 -975.225359 1621.671711
-2813.339374 -785.528057 1375.746188
-2784.741812 -705.928692 1296.803772
-3420.690108 -867.196858 1593.722651
-3463.727939 -878.347663 1613.309968
-2548.599650 -642.033837 1239.029642
-3738.469617 -1055.219667 1839.955829
-2549.258389 -642.243567 1239.351355
-2661.619909 -692.343798 1230.734160
-2958.233593 -712.956972 1345.780767
-3774.825941 -981.729377 1745.255131
-3839.333501 -938.656072 1871.822162
-3507.502473 -885.400334 1622.761484
-2954.111414 -690.595073 1407.947530
-3756.187455 -947.877264 1738.522818
-2909.433993 -680.222615 1385.990937
-3941.431508 -936.559371 1881.528274
-2731.741078 -704.661252 1248.159766
-3067.406655 -752.116771 1396.487870
-3491.405009 -857.745209 1599.057894
-2456.439938 -686.890267 1182.846059
-3326.164411 -814.681792 1612.011845
-3395.708157 -949.372326 1635.021182
-3145.558583 -739.072641 1455.903937
-2711.197793 -674.875358 1341.486783
-3933.768358 -985.385377 1860.603852
-4053.231642 -988.156508 1968.446113
-3413.162030 -892.445673 1596.155769
-2704.290198 -689.936526 1355.632647
-2760.209819 -692.237276 1378.072288
-2985.714040 -781.103920 1396.067177
-2888.523569 -773.848889 1350.592666
-4054.761089 -954.196875 1875.854547
-2541.869908 -717.798619 1204.635897
-3400.534945 -834.817585 1646.400787
-2783.504450 -654.714529 1291.350619
-3681.515972 -986.381281 1721.345918
-2424.334317 -592.973087 1172.897453
-3400.055027 -831.237899 1645.056783
-3890.382009 -954.267266 1771.696608
-4013.531871 -988.136378 1912.854983
-2390.903689 -588.764696 1139.513682
-2389.134950 -588.813646 1139.155824
-3625.503363 -969.984738 1774.190562
-2935.059716 -785.121082 1439.875834
-3420.575335 -963.814103 1573.564868
-2423.576381 -589.736399 1120.253620
-3069.170332 -781.414699 1465.130681
-4065.897027 -988.227486 1879.113344
-3765.208172 -915.132269 1741.610963
-2773.957949 -683.815758 1346.741855
-2688.878047 -718.961544 1314.995169
-3508.195253 -884.878442 1623.813324
-2945.172570 -742.735372 1363.401270
-3712.911220 -927.410812 1714.806213
-4062.950778 -1145.242725 1848.180162
-3035.622794 -812.227767 1391.875120
-2596.502578 -701.757377 1199.097461
-2741.964339 -795.691360 1331.907305
-2917.620867 -818.306852 1325.438548
-3719.449412 -1043.193340 1702.780862
-3673.451847 -1023.899439 1793.474678
-3603.782733 -1002.222754 1667.450505
-2631.853558 -729.239809 1268.580534
-3495.402319 -881.048673 1617.985498
-3131.995557 -791.161740 1422.462266
-2649.933904 -639.051449 1307.060094
-3368.246860 -829.978511 1651.601776
-2917.604840 -686.284805 1395.699749
-2757.339537 -709.115219 1284.725187
-2552.817963 -656.652813 1188.864513
-2491.384591 -592.958260 1190.357042
-3231.976383 -785.625818 1548.924979
-2882.083038 -806.801602 1351.291778
-3326.395249 -931.078402 1559.721704
-3916.211886 -966.659648 1878.987330
-3533.566976 -872.789575 1694.343839
-2649.150058 -631.922359 1228.078683
-3294.212384 -899.252700 1645.508112
-3442.847195 -906.531919 1713.823528
-3176.798965 -823.953018 1533.526998
-3206.947813 -864.159845 1593.238743
-3613.224688 -1035.704371 1681.388771
-3867.613482 -949.795443 1738.430710
-2571.425037 -652.747383 1267.744786
-4012.195800 -1029.983449 1868.269089
-2917.015416 -818.131083 1325.088914
-3824.304145 -1006.384660 1777.526868
-3979.033725 -1054.973288 1969.770200
-2927.392420 -784.368098 1438.755566
-2393.833675 -645.248484 1189.655134
-3386.693666 -961.721258 1620.406048
-3068.901737 -804.728718 1517.816952
-3660.825357 -943.116329 1743.580711
-2916.693713 -774.751634 1439.592291
-2665.184523 -657.917448 1286.484689
-2801.138115 -756.466547 1292.550184
-2748.228389 -672.930653 1312.670459
-2568.119495 -667.274018 1273.507559
-3465.541037 -892.254526 1726.999328
-3767.606440 -1080.210985 1747.117936
-2523.625240 -596.002097 1196.389386
-3863.204200 -1079.601289 1876.191621
-3991.370320 -993.028582 1974.665406
-2411.224354 -599.433519 1192.181328
-2794.829173 -676.338120 1270.335948
-3176.466053 -772.312329 1426.861891
-2649.591945 -632.591596 1228.679938
-3442.534041 -920.535129 1682.709029
-3243.236410 -813.626282 1612.767606
-3742.139793 -961.743904 1675.173579
-3085.420670 -770.007046 1533.106607
-2410.795301 -605.481845 1174.656236
-2969.917082 -745.954612 1447.225667
-2970.039576 -746.035178 1447.284877
-2153.189738 -578.621773 977.276061
-2677.170639 -721.733498 1331.126983
-2936.962178 -693.093985 1409.480082
-2893.795772 -682.227703 1404.465002
-2196.025524 -627.832720 1087.708075
-3666.927387 -931.670459 1776.576930
-2755.695212 -708.644110 1372.854671
-3515.771788 -903.983635 1751.797784
-3993.643862 -1159.384343 1877.052984
-3578.412133 -913.331089 1626.624622
-3540.526822 -898.293094 1727.884441
-2912.840354 -700.033698 1345.716491
-2642.298779 -634.371791 1220.508951
-3384.244562 -822.111520 1522.321149
-3008.855421 -808.623980 1503.365968
-4083.209884 -990.386125 1916.721617
-3376.810937 -942.455977 1631.314535
-2618.842415 -730.604323 1265.255225
-2422.251662 -649.023919 1112.358757
-3258.774265 -952.734962 1528.419955
-2600.033398 -714.246219 1268.412239
-3992.830062 -1017.911467 1903.323095
-3228.905189 -916.376802 1591.160161
-3665.849539 -1038.141695 1813.193413
-3131.782674 -816.150435 1476.650421
-3741.579916 -1062.318735 1843.221953
-3123.132412 -789.543078 1419.799113
-2914.517510 -700.155433 1384.645437
-2834.525164 -822.650259 1332.780958
-2748.211467 -650.472464 1304.448341
-3221.500656 -781.682806 1475.683626
-2493.778451 -680.487370 1127.645900
-3197.767357 -921.599601 1556.438085
-2700.629843 -670.464387 1213.024010
-3531.472925 -939.326432 1647.617005
-3953.153242 -960.423590 1809.553911
-2361.547216 -566.627442 1121.493112
-3216.550299 -781.599963 1472.406352
-2737.273615 -733.002275 1255.996265
-2780.673429 -713.567601 1398.213453
-3880.395083 -1048.801350 1755.982065
-3253.922810 -850.190433 1513.386515
-3306.429898 -917.515110 1630.793003
-3660.187554 -1042.526163 1758.238121
-2874.026917 -739.165028 1323.154630
-3454.368115 -988.874343 1661.240149
-2954.723856 -729.905987 1365.125168
-3486.380400 -863.093513 1659.411804
-3130.359514 -833.970966 1545.620485
-3928.587880 -939.966613 1821.263360
-3191.388515 -860.140534 1592.646540
-2544.435231 -628.455029 1174.890186
-3187.405647 -858.955318 1590.763261
-4012.801052 -942.779238 1903.859000
-3625.122781 -868.153366 1680.542437
-3736.824373 -1051.074192 1747.822861
-2762.644702 -664.657978 1285.750905
-3740.925853 -926.108244 1702.050656
-3454.599986 -952.939156 1656.657907
-2766.011722 -687.418743 1266.774223
-3775.095331 -1027.329294 1833.603070
-3739.559240 -990.270026 1755.868606
-3419.319080 -975.285504 1619.273401
-4069.331248 -1069.232331 1870.297793
-3419.252714 -974.864111 1620.178272
-3901.444400 -965.013343 1800.948159
-2539.460510 -723.638724 1195.785659
-3649.256813 -897.058097 1755.105188
-3604.674185 -885.908315 1733.244471
-2971.663385 -730.259813 1428.467326
-2871.647020 -742.532118 1332.628856
-2541.223837 -724.102006 1203.497517
-1997.218393 -562.051006 958.835301
-2933.373248 -744.125274 1366.025885
-3067.511509 -853.918875 1465.609613
-3428.388998 -991.453384 1648.703384
-2952.166942 -757.715688 1426.034140
-2738.306533 -701.611316 1266.666726
-2477.535612 -635.303473 1226.275543
-2692.256311 -676.586450 1206.838637
-2485.501144 -641.415763 1184.288456
-2731.517208 -766.859678 1346.022689
-3113.036536 -756.932396 1425.129853
-3375.430754 -961.193694 1674.859345
-2633.891224 -733.128559 1257.928426
-3897.222935 -982.741329 1818.412364
-3024.241405 -762.248155 1410.949360
-4082.836131 -1007.620113 1886.092690
-4042.373744 -1034.390795 1901.684526
-4096.525759 -1112.174138 1872.897037
-3648.296748 -933.763742 1715.894097
-3677.528655 -907.739204 1696.849343
-3159.474221 -764.326044 1556.276334
-3145.643408 -761.027892 1550.094049
-2888.311868 -700.844477 1298.348585
-3205.826768 -865.965398 1552.116438
-2847.119171 -688.668125 1402.845802
-2743.661726 -700.075090 1307.553021
-3074.291836 -802.585394 1364.246621
-2971.622506 -724.253212 1453.831546
-2490.404805 -630.867059 1186.706148
-3845.773949 -1048.617895 1862.169918
-2473.104324 -597.527826 1217.588767
-3828.003677 -926.010483 1884.541679
-3040.481955 -721.159789 1384.986222
-3437.131764 -856.625429 1683.271684
-2495.446137 -663.133850 1111.705468
-2553.087899 -613.093939 1212.672893
-2634.755508 -743.392096 1279.124979
-3055.873676 -773.095881 1456.549666
-3597.831421 -939.192424 1758.661784
-3452.396776 -903.547905 1698.786891
-2950.593639 -778.490522 1468.452375
-2829.074467 -795.339863 1428.365574
-3341.050717 -798.588770 1549.474288
-3542.286304 -902.624868 1624.248410
-2647.789066 -632.566018 1227.982030
-3473.684909 -916.652631 1728.652066
-3004.719103 -845.071866 1443.898337
-2863.973093 -793.443282 1387.471013
-2535.217469 -691.012212 1148.271631
-3863.711652 -1129.488945 1822.943611
-3061.436728 -836.407105 1466.932363
-3209.716429 -876.897984 1537.786889
-2741.218331 -662.306472 1351.044982
-3269.028589 -804.098043 1602.408734
-3616.953267 -889.637934 1773.205779
-3353.218737 -855.457373 1664.560290
-2431.596932 -599.771553 1190.355273
-3509.415286 -828.718616 1664.822922
-3957.558444 -937.084603 1931.721102
-3396.005626 -826.584413 1650.498828
-2686.158926 -640.663475 1307.758548
-3339.281405 -863.626227 1695.347464
-3721.536860 -1060.648556 1769.382631
-2729.867177 -658.256251 1331.055132
-3994.448412 -1058.598326 1887.064110
-3376.577023 -844.996638 1664.834996
-3583.130084 -1017.994825 1751.201625
-3440.519548 -861.145342 1696.389734
-2379.482817 -672.671655 1158.640556
-2829.192693 -787.820722 1312.056081
-3344.034324 -932.344844 1551.913289
-2387.864758 -674.087567 1162.427159
-3670.584751 -1023.867268 1701.447368
-3139.231150 -875.729431 1455.425894
-2372.604115 -674.894285 1178.544327
-3092.749085 -806.912631 1395.024254
-3355.282680 -790.978077 1566.677134
-3411.079777 -833.561355 1607.250911
-3874.398447 -960.532132 1897.443200
-3856.021609 -1020.598055 1718.660201
-3565.915338 -1028.272038 1664.060807
-3992.943836 -1104.180650 1821.185488
-3009.739980 -745.965215 1379.448594
-3751.434340 -951.540888 1845.217617
-2959.368101 -737.394594 1352.863534
-2778.463326 -730.101686 1382.249363
-3440.300516 -887.428036 1608.193504
-3894.280920 -1006.705028 1765.078598
-3052.334583 -768.489622 1518.909933
-3054.660463 -769.117709 1520.009509
-2256.077608 -528.574506 1055.307679
-2993.622440 -812.969190 1485.690676
-2491.565798 -678.228027 1235.700979
-3593.128623 -955.388029 1697.426784
-3548.470166 -946.956367 1664.076946
-3272.551894 -889.919506 1621.057574
-3503.218463 -916.431585 1553.837970
-2955.615162 -736.293391 1351.420223
-3138.221081 -844.838715 1452.813812
-2316.226941 -645.776647 1117.774054
-2486.079209 -647.656689 1121.048040
-2958.222665 -826.451948 1418.117756
-2631.743114 -733.841709 1302.748933
-3826.391112 -1069.375012 1833.964848
-2633.024828 -734.179345 1303.298565
-3521.406102 -885.309558 1658.866704
-3288.476167 -911.287766 1533.857004
-2904.841411 -736.971520 1429.355407
-3480.821603 -969.722639 1722.294871
-2732.957396 -759.533637 1358.643080
-3436.745224 -864.944713 1618.891342
-2944.134627 -792.060305 1362.533832
-3384.712739 -888.092696 1682.125395
-2627.499153 -752.369968 1291.689293
-2803.108198 -760.803784 1370.533587
-3522.900226 -1022.671390 1741.420562
-2953.418000 -825.149578 1405.337427
-3663.377808 -906.146574 1736.271488
-3343.438507 -858.477526 1671.236376
-2765.135710 -684.222097 1311.382916
-3127.905063 -886.038258 1448.802657
-3527.765326 -898.579775 1636.101959
-3600.013941 -933.073264 1720.721279
-3338.942663 -892.010892 1564.678423
-3709.396332 -903.427680 1727.798231
-3591.576867 -910.149497 1754.737122
-2955.423438 -827.393497 1490.084991
-2738.644908 -714.678400 1288.120116
-3360.023404 -790.923536 1569.464140
-3091.287530 -876.431928 1509.089744
-3767.305050 -909.478414 1837.965549
-3697.482774 -881.746854 1696.301493
-3937.408185 -966.740435 1920.823095
-3405.953417 -810.681787 1609.143317
-2516.072258 -643.921617 1251.605883
-3287.779593 -783.724604 1507.826790
-3916.665487 -950.710606 1804.681822
-3486.251533 -988.428033 1699.760452
-2632.530496 -722.597837 1271.051803
-3826.916607 -1008.140475 1763.415025
-2740.713573 -710.877230 1252.374000
-2628.197582 -744.172637 1217.310071
-2857.618737 -786.436057 1302.277080
-3816.908359 -1005.930236 1758.732720
-2903.120097 -788.130499 1420.529780
-2632.880414 -620.988353 1252.273232
-3147.840466 -828.797448 1440.456622
-3296.393053 -803.592065 1535.133327
-3149.915871 -811.909736 1423.330143
-2867.462642 -747.234666 1387.981510
-3402.926059 -823.048224 1594.740382
-3400.224284 -851.328941 1595.820728
-4084.763321 -1107.234041 1885.821350
-3443.152218 -836.610588 1628.192306
-3397.053103 -824.861747 1607.292692
-2985.699330 -707.967900 1411.414578
-3404.839582 -802.108481 1619.993828
-2581.278889 -662.486479 1233.425310
-2713.162231 -785.699431 1263.159536
-3335.121401 -878.220523 1649.771304
-2504.145609 -652.801179 1212.477344
-2881.492447 -815.774978 1308.223706
-2708.701448 -767.008366 1230.399705
-3076.252810 -867.086922 1396.981194
-4055.662058 -1153.563824 1902.035794
-3206.743172 -805.948251 1468.001348
-3248.809946 -765.087346 1544.988342
-3200.353746 -791.657028 1441.007312
-3410.359074 -930.418667 1575.323324
-3940.919559 -1103.498019 1866.642541
-3080.618599 -835.895673 1530.401132
-3616.566801 -864.719219 1727.407594
-3342.100436 -799.889001 1600.725808
-2598.874967 -705.268837 1291.102783
-3495.172552 -948.553854 1735.020761
-4027.115893 -955.767279 1938.386917
-3610.661629 -984.414094 1672.569277
-3457.594499 -942.566325 1602.513799
-3984.559802 -968.652761 1932.446221
-2700.296469 -733.084139 1336.251911
-2861.689614 -777.135952 1413.849870
-2662.171603 -715.515901 1306.593314
-3172.637165 -861.841955 1569.297373
-2881.589344 -774.673832 1415.160191
-3220.267671 -769.858537 1555.522841
-3837.351276 -1034.277912 1872.482601
-2640.781463 -733.554606 1245.260574
-2959.070985 -803.187938 1462.430387
-3623.469604 -931.071473 1691.614572
-3359.575338 -950.169453 1577.542265
-3216.723998 -878.838600 1486.521775
-2907.118813 -757.073885 1406.550189
-2929.098371 -761.978298 1417.282304
-2535.480993 -696.089002 1172.638598
-3791.386767 -988.953565 1837.048310
-2832.026730 -680.841132 1313.993165
-2809.080396 -703.512177 1318.459098
-3713.322576 -905.578335 1727.641792
-3026.801217 -809.524936 1472.353562
-3077.938080 -730.838703 1455.697700
-4047.631775 -1001.419208 1823.617369
-3678.504082 -990.013961 1810.997289
-3967.365417 -1069.109077 1952.868806
-3870.039461 -1058.255561 1789.523948
-3973.773116 -982.282029 1788.618222
-2737.842917 -714.232203 1252.734482
-2866.423576 -746.947180 1386.511728
-3764.072542 -991.726638 1722.837851
-3056.467654 -803.843211 1409.785426
-3291.339232 -775.836533 1536.609339
-2644.399940 -755.817364 1255.739412
-2928.568857 -727.236173 1433.956130
-2614.980455 -710.150806 1208.349232
-3173.086308 -792.834734 1486.826048
-3607.703820 -1037.439893 1693.958428
-3620.254154 -876.383284 1756.944385
-2200.997660 -632.529706 1029.572048
-2726.915185 -783.212675 1279.144179
-3534.655487 -954.990720 1587.469139
-3250.485595 -881.534427 1619.375477
-3153.354813 -795.807386 1453.692135
-3880.196242 -1113.354982 1820.790444
-2627.219511 -715.327549 1319.506935
-2616.850843 -753.201111 1217.391166
-2868.500113 -805.750489 1394.146424
-2919.410206 -793.836733 1463.023405
-3873.104893 -951.945538 1903.806136
-3612.928156 -889.192233 1775.079371
-3610.420884 -888.620339 1773.803520
-3418.493646 -842.650674 1680.281594
-3977.763305 -1003.020783 1938.894363
-2795.908152 -758.735281 1398.766899
-3082.720426 -778.157129 1502.906803
-3815.360417 -952.080181 1728.655371
-3161.772476 -859.369299 1583.814720
-2730.334308 -684.443250 1238.403968
-3348.088346 -886.253249 1492.773476
-3248.876443 -881.465030 1618.736579
-2447.834666 -606.684384 1200.895178
-2944.105348 -743.266349 1357.004170
-3089.221195 -858.688340 1435.457214
-2943.398513 -744.108691 1344.694537
-3918.086349 -995.970372 1822.363107
-3075.998127 -871.300737 1418.266263
-2649.261664 -696.708721 1183.936744
-3598.683643 -915.148853 1765.652319
-2670.056767 -679.322965 1310.790925
-2879.259004 -805.377413 1305.463486
-2579.095171 -658.112734 1263.194909
-2842.768484 -803.580162 1361.139030
-2868.146540 -752.243554 1271.964399
-4080.955613 -1081.142383 1858.442653
-3460.795825 -867.443064 1627.010298
-3513.066204 -905.756024 1586.054638
-3273.855289 -926.873738 1596.892619
-3671.406453 -1041.086117 1767.543563
-3424.261487 -974.355345 1606.441306
-2576.462740 -700.452866 1261.412678
-2762.351498 -699.313201 1258.550604
-2701.553926 -666.194927 1213.574349
-2822.645436 -676.371324 1344.802809
-2708.144482 -712.588142 1247.945922
-3013.426980 -747.501996 1361.012607
-3976.828112 -1044.103809 1785.477920
-3286.117101 -855.881166 1477.057022
-2620.486650 -742.543192 1287.078367
-2873.023626 -772.491508 1301.202571
-3113.486062 -864.437944 1441.082488
-3130.007166 -805.743357 1464.685670
-2580.890088 -730.474044 1258.009488
-3882.803807 -1025.105592 1726.114851
-3305.674182 -858.476284 1489.020062
-4076.913343 -1081.675465 1855.748774
-2306.278591 -611.647936 1049.590103
-3469.540575 -914.196715 1542.569428
-2969.585012 -757.764566 1440.010111
-3994.087469 -1150.348461 1858.264052
-3236.010940 -835.093260 1463.806872
-3420.573968 -902.013692 1565.581860
-3652.113619 -892.411262 1676.479712
-2929.891383 -748.503681 1461.073853
-2895.700352 -775.610279 1462.542713
-3040.925080 -847.368294 1529.587015
-2910.493041 -780.324210 1339.349613
-2807.049387 -751.824388 1418.589741
-3475.762180 -963.453765 1737.480701
-3281.590138 -938.024134 1616.083628
-3020.988441 -844.041034 1507.211295
-2616.224361 -726.635749 1293.917269
-3589.871674 -949.884346 1648.266234
-2910.447237 -780.579933 1339.549362
-3551.198895 -976.136756 1658.038304
-2956.741888 -773.059543 1467.381477
-2899.760887 -716.132259 1356.035147
-2738.339448 -736.253709 1256.295522
-3075.443119 -826.622663 1410.765328
-3696.857814 -1007.252224 1856.322188
-3125.483626 -780.561068 1454.576521
-3222.986344 -848.629553 1486.673436
-2533.622571 -703.363711 1257.412422
-3539.942064 -967.968745 1646.904256
-3089.129010 -828.027599 1422.602307
-2814.550062 -791.549000 1283.127925
-3268.284014 -813.391428 1523.423714
-3309.571941 -917.293789 1646.486077
-2940.977345 -772.843819 1461.571726
-3695.318810 -1032.345325 1727.729935
-3304.803234 -908.333795 1648.418151
-2535.793644 -702.904296 1258.885125
-3222.572793 -899.828510 1507.583597
-2418.528060 -643.770286 1131.748052
-3710.753815 -916.216318 1734.890393
-3196.209423 -886.003119 1581.452284
-2920.251680 -726.982113 1455.939225
-2811.635113 -695.673336 1321.204654
-3823.146058 -930.794355 1900.149081
-2865.875485 -797.911884 1418.857334
-2910.417982 -771.193396 1336.895409
-3896.308745 -964.373486 1786.277269
-2898.402775 -784.096340 1360.895154
-3116.497163 -770.312935 1466.488764
-3023.624149 -748.379253 1390.364764
-3405.385732 -942.183697 1585.798934
-3157.279296 -788.525384 1581.404159
-2769.846636 -687.054317 1263.931521
-3136.743246 -838.868738 1457.344685
-2810.581673 -778.229773 1309.395575
-2046.094364 -548.813332 941.733227
-3325.205108 -890.087539 1554.941400
-3522.549416 -875.583529 1653.235738
-2615.012963 -733.710453 1242.619161
-3579.426714 -891.850947 1637.632370
-3033.634756 -840.205738 1515.387695
-3540.147593 -881.011746 1620.184886
-3783.484920 -1062.568886 1905.348776
-2674.385845 -676.176331 1260.330407
-3814.941079 -963.676771 1834.231454
-3896.445603 -973.983304 1791.076666
-2333.897565 -576.391843 1091.585604
-3022.844197 -805.313171 1415.214368
-3663.233871 -1019.990337 1815.455537
-2808.109906 -749.330572 1304.256915
-2536.246088 -707.083360 1256.796561
-2854.388201 -681.760375 1315.772513
-2711.885254 -760.803162 1282.325102
-3175.251557 -893.168741 1576.553640
-2954.460446 -798.704974 1387.440320
-2279.330842 -563.411343 1064.945287
-2616.798436 -729.608522 1297.092290
-3504.962411 -932.349246 1769.934586
-2538.982090 -649.716746 1271.384070
-2813.456671 -750.933384 1307.064912
-2812.450020 -750.751229 1306.731130
-3503.052032 -866.836963 1607.651447
-3090.770216 -787.412989 1453.446299
-3361.604919 -901.632122 1550.268104
-3164.985958 -870.968809 1578.000358
-4059.552950 -1066.191356 2016.859113
-2453.564553 -626.869721 1223.719335
-3426.653512 -917.412326 1583.566206
-2819.431930 -781.371520 1395.197597
-3777.236950 -965.040072 1883.537314
-3895.541108 -1008.608448 1772.322024
-2853.156324 -749.374697 1336.073275
-2917.494784 -806.055813 1445.091451
-2656.973278 -657.952400 1235.735194
-3395.231447 -939.224118 1683.599199
-3448.800989 -837.175774 1659.632309
-2593.948986 -717.332178 1288.097237
-3163.671568 -752.156509 1453.720748
-3048.692424 -724.075476 1394.947806
-3995.553691 -1069.535673 1846.323431
-3795.346652 -996.776852 1777.858546
-2663.181370 -721.011704 1237.227142
-2393.867197 -627.932907 1118.902634
-2869.670250 -791.233074 1426.275601
-2293.988571 -558.423472 1109.424751
-2416.914984 -601.424658 1126.903857
-2639.796117 -643.016477 1277.313761
-3436.196409 -947.581723 1715.590866
-3022.230943 -819.167612 1405.118677
-2465.233903 -689.212389 1228.056546
-3584.191696 -871.386962 1781.597088
-2884.992177 -782.227685 1342.127615
-3022.955161 -834.063635 1508.552708
-3047.040646 -841.268682 1512.934526
-3107.993633 -860.077268 1536.312514
-2676.772329 -740.785278 1326.510326
-3765.951162 -947.300335 1887.507910
-2187.921105 -605.494123 1083.098761
-2987.580752 -739.575759 1403.992843
-2924.863710 -783.484015 1350.026900
-2828.729918 -706.571326 1412.698444
-3671.016153 -999.575100 1821.411994
-2913.322224 -825.068541 1457.162583
-2888.456650 -737.894101 1382.667770
-3932.210693 -990.701293 1971.084865
-2767.615886 -778.136796 1260.769818
-2686.824012 -744.494422 1330.907496
-2465.397859 -683.206139 1222.306628
-3526.861167 -945.140027 1631.560378
-3676.144246 -1018.130734 1827.103905
-3561.037493 -939.000018 1630.495448
-2400.038094 -583.778522 1160.766649
-2939.208606 -715.176858 1455.105152
-2856.581924 -778.836675 1416.930707
-2751.289947 -774.710569 1300.218210
-3395.211725 -826.274868 1681.482747
-2853.260070 -749.419306 1336.160589
-3193.326783 -884.386290 1585.046105
-3120.761150 -835.635620 1438.744989
-2627.504746 -727.263386 1304.947173
-2368.260969 -648.313242 1172.401089
-3012.566135 -830.137892 1513.614545
-2986.685130 -714.750073 1367.353734
-3809.188822 -1012.997666 1782.160900
-3422.825481 -897.891827 1600.115112
-3285.776938 -771.771080 1531.383019
-3378.353036 -932.253434 1572.170533
-3755.246598 -1051.706420 1866.448840
-2955.383623 -797.102162 1386.644281
-2948.605623 -765.063646 1432.783850
-2658.050296 -732.741640 1237.579200
-2664.185087 -704.892193 1347.340828
-2213.267633 -597.078876 1038.597006
-3687.436629 -942.750403 1762.839868
-3580.492800 -948.486216 1810.251503
-2672.573220 -685.426382 1276.123821
-3963.506477 -1013.477202 1895.109452
-2976.706828 -761.945842 1422.095354
-2371.798371 -602.526478 1075.917580
-2736.695141 -700.894055 1307.394879
-3154.470207 -847.470430 1483.188883
-3358.660387 -858.571057 1680.307657
-3309.102338 -968.903451 1568.132115
-3351.223823 -812.607987 1653.360876
-3755.975845 -1029.576604 1868.570167
-3378.880097 -804.322759 1564.363181
-2484.695195 -713.885173 1220.694011
-2666.374658 -715.862431 1308.160248
-3688.558567 -991.033522 1811.046636
-3615.992429 -978.849321 1634.622656
-4057.317592 -1158.600933 1966.114166
-3417.240154 -842.125951 1678.982654
-2521.142159 -715.124290 1251.143174
-3537.442558 -872.439334 1735.868531
-2805.470582 -794.355993 1293.807466
-3460.410542 -853.595080 1698.448644
-3298.884800 -904.730602 1559.844244
-3728.511589 -1011.624610 1746.525936
-2718.556022 -737.126402 1263.716035
-4127.359998 -983.444265 1911.642791
-3599.800856 -924.996632 1615.741132
-2444.976029 -680.802432 1192.406774
-3900.352921 -952.244898 1763.028977
-3670.649695 -999.936901 1827.396991
-2885.177767 -778.838598 1354.020198
-3323.291219 -922.908647 1543.466066
-3072.049716 -884.034687 1479.440017
-2984.687924 -755.931372 1431.050029
-3187.224749 -882.761487 1514.776218
-3391.594571 -954.367058 1602.869749
-3527.395739 -967.519024 1620.009827
-3366.386531 -790.237520 1569.827679
-3357.706410 -793.385203 1599.359147
-2298.471684 -637.433933 1154.326036
-2915.459941 -799.636719 1339.531112
-3180.147957 -870.901814 1559.182855
-4061.216927 -1137.730939 1864.102355
-2630.423562 -750.033357 1210.438395
-3815.317882 -1091.872678 1752.900215
-3347.495449 -957.659100 1575.099379
-3204.468336 -887.839880 1523.539721
-4031.096085 -1117.658018 1915.921502
-2796.863594 -780.177569 1388.696131
-2930.480219 -818.134901 1370.980515
-2336.160219 -668.596331 1141.732677
-3181.730341 -876.249576 1578.628944
-3423.519265 -819.392383 1635.722016
-3182.170783 -871.201879 1560.018649
-4004.729751 -1033.195208 1812.866210
-3375.887300 -933.480219 1539.507259
-3782.652411 -995.716149 1868.221725
-2337.451019 -663.873698 1148.217904
-2219.266887 -560.239456 1037.615728
-4024.057779 -1144.312602 1977.318022
-3748.596223 -950.600874 1841.753325
-2323.932444 -577.263120 1094.863034
-2671.524745 -723.461603 1324.035712
-2788.420104 -710.813148 1295.653333
-3175.011501 -860.429053 1574.669554
-3896.095688 -1095.809054 1768.551961
-2732.828233 -659.032976 1261.357600
-2471.396492 -699.615559 1237.149018
-2639.402820 -687.571990 1214.981616
-2934.080875 -752.624425 1467.238316
-3244.164007 -828.881788 1568.395752
-2570.331558 -690.020435 1269.230262
-3306.372541 -867.589583 1543.071886
-3964.597843 -1044.929986 1816.691294
-3898.223293 -1048.205548 1784.241034
-3036.518217 -790.244064 1417.666030
-2400.975070 -635.494731 1194.441363
-2715.145017 -784.900090 1287.470606
-3379.106259 -883.066745 1654.981280
-4057.563124 -969.682188 1940.222731
-2520.065526 -602.103591 1204.817849
-3755.244875 -1018.998466 1864.346408
-2817.196682 -708.668436 1329.136618
-3290.901595 -790.073004 1530.031626
-3022.874270 -766.339620 1369.416607
-3185.336078 -774.487863 1582.272655
-3981.901469 -996.376322 1871.244402
-2851.958201 -823.776728 1350.931313
-3149.036401 -848.768619 1433.741490
-2033.467852 -508.785138 955.001648
-3692.063102 -952.098209 1775.961917
-3235.508980 -825.318693 1479.027996
-3692.009493 -952.179675 1775.971074
-2793.134144 -734.514679 1305.570937
-3457.281900 -817.475850 1648.704181
-2918.108676 -744.765845 1413.531320
-2722.926369 -643.619452 1298.636982
-3693.609817 -1001.596675 1833.713873
-3142.041912 -800.342821 1506.378832
-3321.379228 -870.938479 1509.685627
-4056.768762 -1149.264436 1946.544372
-2706.858171 -765.868844 1353.874271
-3528.411162 -963.360401 1757.367807
-2848.511168 -777.701544 1419.458845
-2973.450159 -756.832380 1424.625587
-3945.958460 -980.811257 1979.471616
-2606.913962 -653.468291 1294.825742
-3216.822134 -859.721643 1628.017086
-3744.197137 -1060.497136 1797.012490
-2851.594539 -789.166792 1425.735250
-2289.467633 -556.504228 1036.522456
-3916.836008 -982.543692 1945.006313
-2944.727393 -842.390956 1391.969595
-3436.436912 -959.982470 1637.095317
-3667.409184 -979.062333 1704.583222
-2930.270619 -798.295805 1459.748198
-3816.374587 -921.153813 1761.296556
-3598.847266 -958.114401 1665.522197
-2470.447169 -647.672144 1216.977322
-3141.809191 -800.241306 1505.916495
-2792.195045 -778.669639 1345.007997
-3390.463821 -911.448738 1663.946227
-2969.805659 -851.592092 1383.894067
-2472.628019 -684.681896 1236.675875
-3570.626573 -968.528423 1781.170716
-2943.717722 -766.774168 1315.142732
-3825.489659 -972.449892 1879.189144
-3172.210617 -768.224090 1443.158666
-3345.505049 -913.481825 1666.920413
-2668.767909 -712.278788 1241.063228
-2895.768467 -721.221154 1306.712054
-3741.045481 -956.444486 1712.853478
-2511.668322 -605.588332 1157.976117
-2732.825425 -672.148556 1239.018358
-3582.476391 -909.583416 1625.305627
-2983.652633 -771.037393 1514.424252
-3306.337374 -887.167709 1613.857962
-3417.303623 -906.125260 1577.002587
-2392.018113 -609.077276 1144.709141
-2854.765688 -698.513802 1282.769411
-2710.157760 -705.738182 1245.821058
-3766.677799 -907.939367 1736.164382
-3410.142859 -900.005802 1731.208696
-2853.349897 -779.056164 1420.492112
-3192.632872 -813.476921 1556.207684
-2630.894198 -697.392237 1339.273872
-3699.363766 -990.338900 1727.878338
-2845.391066 -744.613022 1449.105070
-3477.656351 -903.363374 1768.954491
-3204.535461 -795.386432 1536.821488
-2735.646948 -793.381738 1299.522687
-2928.601563 -710.834913 1458.508798
-3231.638198 -784.695892 1609.294233
-3927.753611 -1048.742402 1847.907979
-2516.063860 -729.909243 1195.222923
-3163.961155 -776.011922 1443.264800
-2741.927827 -795.864172 1303.012482
-3758.754971 -1046.147315 1819.461523
-2473.567199 -690.940145 1245.854119
-2664.167026 -744.339512 1342.103784
-2732.579666 -792.702212 1298.695429
-3021.347360 -816.774452 1512.917537
-2833.853230 -721.943533 1407.420745
-3786.334171 -988.953632 1742.362471
-3753.038047 -1074.204298 1807.329813
-3620.851302 -916.327037 1631.659831
-2984.127580 -866.027361 1417.925872
-3322.476658 -846.101949 1666.216168
-2795.763495 -725.672228 1259.516357
-3668.322762 -941.517227 1716.044975
-3975.547514 -983.588777 1872.730094
-3507.417840 -902.056428 1599.905343
-2729.989612 -737.905992 1242.086367
-3983.758184 -949.226739 1873.083953
-3062.608173 -850.533094 1524.915523
-2611.437477 -729.969372 1241.978620
-2695.432386 -706.036419 1320.555175
-2676.294374 -741.513986 1293.952028
-2770.213490 -693.041031 1310.713162
-2470.323155 -630.008593 1235.483395
-2630.302737 -728.242908 1309.820085
-3518.455368 -974.787313 1770.860014
-3123.108631 -773.234099 1470.426674
-2988.120262 -706.722292 1386.271471
-3644.599997 -903.507687 1650.919752
-2856.439487 -823.749550 1329.345494
-2911.500694 -735.053797 1429.961957
-2779.766887 -778.184014 1323.423755
-2359.319088 -612.281821 1079.787003
-3486.712632 -844.301450 1641.684743
-3435.177273 -851.637980 1566.446841
-3478.549137 -971.132942 1727.724160
-2810.045948 -726.973710 1289.604030
-2307.298772 -666.936737 1138.669022
-2879.709723 -744.623489 1321.683901
-3456.054270 -859.557601 1701.899610
-2875.784295 -711.227815 1320.527595
-3595.762882 -888.450546 1650.578884
-3087.598434 -873.934144 1468.208594
-3124.648580 -769.295576 1471.890568
-3298.900020 -798.325024 1551.474906
-3026.863777 -834.507360 1501.735385
-2977.180577 -720.470792 1402.993312
-3411.201262 -939.568089 1620.731110
-2624.933220 -724.865349 1302.119629
-2547.765321 -618.459642 1235.186108
-2669.119442 -728.995159 1226.295593
-3411.088916 -944.714933 1684.878460
-3108.558940 -870.606969 1477.177602
-3509.640468 -869.299666 1584.877371
-3758.628090 -1052.767269 1785.911413
-3100.561395 -890.861767 1481.144931
-2518.963789 -722.808772 1203.255776
-3644.638070 -1043.140197 1755.057912
-2926.774912 -829.414357 1391.641029
-3837.329104 -1091.894343 1826.952654
-4004.660591 -1165.425376 1907.427517
-3057.216425 -749.361556 1376.375984
-2891.240168 -768.043084 1357.238788
-3400.107075 -902.928296 1595.812681
-3502.981044 -956.767679 1587.025608
-2721.553616 -756.925184 1368.162755
-3222.460001 -911.866787 1488.404024
-2837.519778 -797.427966 1348.476063
-3514.216300 -968.518008 1766.693047
-2817.175690 -682.125530 1399.588811
-3938.482060 -1108.310993 1873.534399
-2515.746468 -657.534307 1178.744284
-3126.135398 -757.030957 1515.415261
-2911.995737 -704.386767 1446.484952
-3334.871322 -807.106271 1550.716410
-3901.132849 -1102.328850 1854.402616
-2635.949392 -737.518947 1253.339303
-3017.632711 -831.902741 1517.262767
-2611.632588 -648.158446 1231.438984
-2452.902452 -690.536517 1166.235401
-3225.012727 -912.406309 1489.174141
-3001.691328 -714.147691 1372.663474
-3676.796993 -941.934189 1685.098835
-3768.889854 -965.493834 1727.456879
-3428.056295 -969.128655 1630.654796
-3875.641434 -981.631909 1857.595557
-3224.088061 -916.248427 1534.172980
-2984.222022 -770.736889 1515.341578
-3775.947457 -899.465009 1728.098227
-4033.108128 -1040.921790 2048.261334
-2655.163245 -643.882807 1292.007226
-2640.952971 -726.377195 1309.692769
-3099.852947 -854.215169 1443.665539
-3785.130354 -994.312955 1921.102384
-2496.039224 -655.656960 1266.864234
-3304.749372 -916.961948 1590.421813
-3057.405332 -741.512170 1523.521291
-2967.799088 -737.593144 1398.805896
-2999.517621 -833.692648 1452.222274
-3634.070116 -1007.943099 1749.140311
-2638.767408 -640.572915 1195.893911
-3122.458572 -868.767096 1511.445905
-2844.584872 -755.605029 1332.613778
-2855.996115 -797.969209 1318.404964
-3515.450700 -832.981504 1628.532958
-3715.763547 -1028.929038 1795.858254
-3477.041041 -971.928785 1604.573228
-4048.001875 -1040.690453 1814.493913
-3612.217676 -984.815940 1816.019684
-2808.704581 -793.286747 1414.328085
-3610.056683 -935.374054 1705.370026
-3503.170666 -880.091132 1739.803227
-3800.174630 -950.726343 1887.456245
-2524.747986 -608.790051 1163.592980
-2513.513659 -662.926623 1184.284216
-3555.727969 -903.336524 1614.735168
-3551.398828 -902.177539 1612.784527
-3858.184376 -1007.329729 1778.018495
-3409.951744 -857.914279 1706.282612
-2682.092245 -707.337669 1261.915897
-3943.530128 -993.375374 1973.710481
-2360.993646 -615.054744 1084.679757
-3444.591175 -934.768668 1567.307993
-3492.303012 -974.166972 1763.873214
-3529.803661 -902.454286 1756.252959
-3367.750871 -955.939335 1560.718476
-2978.379975 -860.409805 1477.142028
-2624.877386 -671.397667 1305.637154
-3384.584466 -902.932711 1712.319926
-3317.901130 -921.882782 1585.965228
-2907.684149 -758.085118 1366.907739
-2423.089247 -598.149998 1141.174883
-3817.476628 -972.568862 1744.611641
-2619.518162 -736.003909 1310.617468
-3415.317423 -842.587235 1608.364462
-2762.127717 -750.638815 1366.451291
-2733.058545 -764.444522 1294.968698
-3271.764736 -928.003526 1485.426920
-3311.000481 -842.102025 1539.786352
-3440.154108 -920.961801 1587.679123
-3688.021092 -1002.578464 1824.057432
-2326.899819 -646.419270 1148.220531
-3474.934075 -831.051472 1589.917257
-2687.114081 -643.641916 1229.217983
-3439.774776 -947.739843 1712.635225
-2665.208627 -740.492324 1314.161867
-3360.030348 -923.022892 1680.937627
-2845.759723 -720.790015 1391.758101
-3438.422555 -931.517958 1551.403994
-3095.263511 -866.386586 1466.513046
-3699.680762 -1029.200697 1825.010118
-2849.278157 -705.142293 1310.242798
-2850.467403 -705.298481 1310.988497
-2797.027043 -691.536681 1286.302612
-2449.426239 -656.905822 1125.277743
-3347.941022 -835.251992 1503.668900
-3866.007373 -987.575364 1896.025143
-3079.039512 -855.515354 1518.262905
-2709.269633 -765.448914 1297.585430
-2865.653729 -710.849617 1281.920219
-2757.961167 -681.249513 1240.665099
-3398.001199 -873.640036 1592.979333
-2618.220013 -668.917853 1303.115063
-3082.965404 -803.150245 1505.405741
-3035.676197 -809.325762 1412.512687
-2678.286432 -635.730200 1300.222207
-4027.188169 -1084.682026 1979.180992
-2609.190168 -648.632296 1236.758056
-3166.379252 -821.468326 1536.721452
-3792.507044 -986.070544 1927.301410
-3025.110385 -741.109149 1498.348713
-3315.446207 -884.686755 1642.269646
-3138.672806 -837.704389 1554.666175
-2845.188183 -720.659486 1391.766458
-3257.949593 -907.597453 1480.111876
-3430.749111 -953.760153 1641.188232
-2780.650304 -708.469018 1292.479635
-3877.209124 -989.166518 1771.432918
-3046.222498 -883.721344 1490.241153
-3153.136968 -757.606071 1466.450477
-3140.893098 -892.319971 1532.784799
-2654.237811 -714.457454 1302.681204
-2452.839733 -659.740624 1203.603433
-3216.669674 -787.845453 1460.341364
-2325.939472 -585.223400 1064.436894
-3069.454420 -810.228427 1446.620403
-3138.933501 -828.772400 1479.434711
-3057.869975 -757.391000 1458.169905
-3900.237443 -966.708238 1860.113774
-3508.363032 -859.412342 1591.638977
-3734.224945 -913.283310 1694.306835
-3198.057450 -801.246075 1603.827710
-3094.943536 -724.652362 1449.000121
-2937.246926 -752.914763 1344.922061
-3541.264338 -986.556423 1788.117453
-3961.759147 -1017.369287 1852.950596
-3900.907163 -995.481347 1840.320050
-2168.081385 -600.842611 1043.451660
-2914.245081 -839.212260 1388.195295
-3836.105613 -970.936314 1877.131164
-2792.232923 -715.655314 1279.376037
-2374.804945 -656.727338 1194.631004
-3080.198207 -786.365970 1453.684740
-4046.414081 -1038.503071 1832.829005
-3187.127203 -812.456227 1593.581708
-3324.795408 -823.772581 1614.475279
-2838.447699 -753.480175 1332.117593
-3241.477084 -798.693304 1526.549509
-2677.735727 -740.965947 1346.902835
-3086.794669 -787.899506 1456.657424
-2468.358067 -684.064317 1240.834593
-2590.368368 -666.183160 1177.693924
-2834.041812 -820.928714 1336.391812
-3621.407190 -857.957826 1767.288772
-3045.424646 -883.447901 1489.943702
-3385.905079 -874.487901 1644.933094
-3848.016466 -1066.622554 1851.667697
-2905.512037 -760.284141 1365.573133
-3917.313926 -949.451379 1897.089282
-3437.505501 -941.678823 1632.170216
-2935.617056 -748.317218 1467.072467
-3969.695112 -1100.563713 1909.011872
-4039.853665 -1039.223839 1836.890889
-3749.232538 -1088.642962 1834.630172
-3903.057790 -1004.946865 1762.508892
-3766.496371 -993.208572 1863.204108
-3286.660989 -866.710561 1626.677547
-3469.811385 -994.853106 1663.175233
-2788.487042 -734.960290 1378.758433
-2707.345188 -668.811278 1297.067448
-3127.772097 -772.764392 1498.138285
-3126.695194 -773.897143 1497.388318
-2885.155976 -721.250783 1328.676306
-3892.134472 -972.832974 1792.114431
-2584.717459 -662.385684 1287.031919
-3410.198427 -873.481426 1697.883650
-3535.030218 -858.848113 1659.686798
-3216.087121 -826.950571 1452.830649
-3845.088703 -989.266577 1738.783685
-2684.498530 -748.122457 1295.977963
-2952.539796 -746.902522 1463.907573
-2798.045709 -783.763141 1324.438420
-3510.406750 -973.488720 1733.307594
-2546.237144 -622.591553 1219.663885
-3438.907662 -840.911088 1673.223600
-3226.925121 -793.399628 1542.313461
-3404.594653 -829.656865 1627.462878
-3684.975069 -896.946352 1761.177611
-2870.503846 -699.269968 1396.307348
-3853.041072 -947.377851 1842.187864
-3673.732807 -904.157726 1779.904804
-3429.097050 -852.973466 1528.910034
-3544.661137 -878.926997 1752.041496
-3660.642489 -920.363368 1835.350618
-3741.162435 -1058.640078 1854.321281
-3984.192454 -1031.972745 1845.671660
-3397.259963 -818.241808 1678.698460
-3075.687816 -768.827291 1416.645184
-3566.642138 -859.272558 1761.197963
-3332.059365 -840.824399 1497.879997
-3852.138747 -947.359470 1842.136303
-2237.222217 -595.684571 1113.685940
-2377.817516 -617.661028 1153.467431
-3501.107905 -851.642203 1629.452134
-3807.820070 -1060.695957 1838.808065
-3939.568988 -1061.693670 1802.523985
-4057.852946 -1095.345324 1847.522765
-3473.865077 -848.740379 1689.209200
-4108.336985 -1140.094287 1880.892414
-2947.575569 -818.481530 1388.747951
-2734.210405 -757.520886 1287.767673
-2899.236620 -804.526288 1397.842977
-2538.224527 -704.600554 1196.267909
-3863.213281 -995.079378 1811.912756
-4038.087019 -960.173504 1957.556047
-3744.637455 -890.072857 1816.535920
-3032.997052 -767.685467 1380.524557
-3401.443683 -950.637876 1710.528335
-3320.344039 -840.208469 1512.445995
-2860.502595 -799.430007 1439.075043
-3347.808711 -817.976343 1628.287155
-2973.199371 -754.852742 1463.997250
-3605.489456 -914.874802 1776.862379
-2961.371229 -751.317973 1458.754665
-2808.540037 -752.277325 1261.733976
-2449.397470 -699.448705 1158.680537
-3197.648200 -842.427964 1421.043159
-3997.335447 -1006.882071 1885.170087
-2887.549473 -827.814642 1373.788450
-3384.207403 -855.258953 1541.105351
-2973.723496 -765.321359 1393.885983
-3330.790877 -857.549675 1501.829953
-2720.775974 -667.547354 1318.834272
-3053.674037 -853.418804 1492.542531
-3442.278578 -885.513324 1612.561198
-3071.470464 -865.919960 1517.954501
-3922.146255 -966.409175 1901.334407
-3688.316812 -929.985849 1723.185887
-3115.506078 -759.828333 1430.461240
-3443.428876 -932.597874 1558.762510
-3443.091631 -932.579502 1558.621760
-3237.487554 -764.799442 1544.957749
-3547.825949 -880.601066 1754.212555
-4044.449053 -1005.193225 2001.882705
-3677.067413 -922.988277 1828.485759
-2640.338676 -654.881663 1289.017142
-2498.622434 -719.544431 1184.899165
-3428.216395 -885.404673 1563.254568
-2746.267403 -780.047032 1279.782716
-2723.432933 -772.712278 1268.025218
-2982.479146 -816.823240 1392.823257
-3444.436251 -840.701204 1650.646083
-2861.353948 -699.062949 1371.677072
-2469.017806 -710.796357 1190.646163
-2859.425732 -713.815527 1273.166641
-3050.947221 -726.856548 1415.807934
-2900.914861 -709.055852 1391.937477
-2581.659602 -624.721953 1174.227861
-3487.392558 -898.666696 1572.510498
-2725.399226 -666.595521 1323.535606
-3015.563811 -736.057161 1465.090683
-2970.638023 -725.984244 1441.854688
-3018.596703 -736.714327 1466.551421
-3017.482224 -736.346103 1466.075429
-2680.582462 -677.701114 1264.544908
-3336.998654 -862.412027 1697.094170
-3380.188307 -884.312954 1654.726872
-3553.139457 -984.919591 1754.285266
-2933.175816 -754.884664 1374.573618
-3757.628819 -947.346533 1738.294560
-4086.492987 -997.812657 1980.187391
-3428.295115 -981.532079 1631.893341
-4068.972721 -1012.306831 2004.266823
-3713.033778 -933.120608 1862.546862
-3783.371928 -1057.256713 1903.544333
-2466.557550 -704.646930 1167.193008
-3038.116314 -811.398965 1430.308661
-3702.131686 -1042.382395 1683.293132
-3349.464289 -861.044266 1561.530234
-3647.946044 -926.068799 1797.856970
-2594.500774 -645.465449 1278.119983
-2928.247491 -785.530657 1439.245859
-3057.495870 -755.219011 1496.479264
-3954.752805 -992.411197 1966.113780
-3678.065836 -1041.468668 1821.863139
-2855.617770 -784.919695 1378.221259
-3060.537047 -831.847173 1465.824327
-3317.462737 -911.228481 1601.404587
-2894.270375 -787.373238 1431.425398
-2688.104864 -777.421144 1259.812270
-2949.876227 -832.134466 1417.250298
-3821.648074 -970.906719 1767.526821
-3461.321580 -1002.220070 1665.413410
-3687.000299 -947.899243 1779.563663
-3279.146893 -842.954918 1582.610409
-3144.407020 -762.092995 1477.465858
-2713.165324 -689.331585 1254.771855
-3219.926652 -884.090972 1465.725122
-3108.565783 -862.704847 1533.487373
-3024.927349 -775.995853 1423.188202
-2569.012290 -633.222296 1244.533196
-4071.289913 -1032.926103 1953.080891
-2722.865926 -735.773830 1232.976159
-2963.355413 -805.435358 1439.712984
-3025.520344 -761.889554 1356.022812
-3500.335893 -866.170647 1669.098797
-3766.801865 -1041.721256 1841.467363
-2896.127542 -763.667981 1374.328185
-3380.253499 -937.456691 1628.182376
-2831.407758 -696.689821 1386.750799
-2958.004044 -743.641430 1470.038631
-3223.675448 -911.662915 1534.496941
-3828.227656 -1067.356579 1831.724197
-3071.545156 -835.264554 1467.413266
-2350.598970 -598.755485 1067.367741
-3595.499954 -956.625787 1654.772608
-2930.316145 -719.389087 1464.026440
-3542.505082 -880.754177 1598.785512
-3417.098559 -979.326198 1575.875333
-3292.987389 -944.419539 1516.273924
-3426.062227 -981.788554 1576.533518
-2773.132062 -794.478193 1276.643645
-3225.607411 -899.566394 1500.642162
-2941.035344 -729.425778 1466.166429
-2755.240659 -708.581065 1273.344088
-3768.625522 -1051.039942 1753.513527
-2924.366900 -757.090534 1369.238463
-3449.283681 -924.134988 1631.174267
-3750.630361 -1051.587103 1741.669779
-3721.911349 -1018.727401 1743.127400
-2234.409437 -593.811647 1132.195107
-3064.296364 -773.343106 1535.988473
-3222.952166 -846.343949 1497.935030
-3517.170656 -933.606057 1782.474936
-3064.328619 -871.552322 1535.061938
-4046.686977 -1030.688553 1944.059019
-3058.497648 -750.870943 1526.033931
-2672.751054 -727.343455 1255.182909
-3486.325709 -951.486299 1638.255510
-3715.993491 -1014.515502 1745.598512
-2237.613049 -610.917235 1055.814521
-3482.737825 -843.032469 1726.165815
-2934.520798 -780.624119 1463.546770
-2677.863962 -637.492831 1295.390436
-3035.580077 -771.166768 1459.953852
-3385.954269 -901.545005 1544.008767
-3618.491628 -962.932111 1649.766921
-3666.170705 -975.489832 1672.495060
-2937.978945 -781.297801 1340.786950
-3424.090275 -992.544876 1667.389955
-3399.473019 -904.534664 1608.882399
-4047.604918 -1131.956436 1953.603473
-3439.537660 -957.319964 1624.226110
-2627.031877 -732.071187 1240.087484
-2626.201334 -731.868676 1239.656729
-3992.023086 -1003.562319 1972.000217
-2655.766938 -666.941001 1311.618590
-3537.909474 -888.065054 1747.493539
-3614.299816 -900.585863 1758.786502
-3535.101487 -940.249900 1752.334563
-3293.603163 -920.954365 1530.621190
-2840.366212 -797.818543 1332.555547
-2848.963922 -800.424349 1336.260575
-3746.189597 -956.219784 1831.236034
-3295.572542 -940.157805 1572.625457
-3371.711767 -961.292146 1607.986171
-2344.893434 -663.418590 1119.657818
-3539.602711 -1030.220283 1684.089462
-2608.297309 -704.254810 1279.786334
-2681.585966 -724.236674 1315.933049
-3177.086356 -916.244945 1495.381138
-3281.135211 -771.338219 1532.858026
-3877.655674 -1088.123173 1816.874738
-3991.574922 -1090.855707 1897.701553
-3926.655629 -1133.334630 1848.401379
-2865.242166 -778.307527 1366.123894
-2866.639675 -778.613639 1366.794846
-2699.871947 -731.475618 1288.024029
-3228.090520 -872.777011 1445.378098
-4057.027631 -1096.265259 1817.894359
-3664.409391 -1019.652334 1795.277034
-2429.118162 -580.280390 1150.031954
-2981.489374 -712.636007 1411.589250
-3446.101862 -961.535418 1581.964635
-3162.892158 -886.924690 1482.309024
-2716.255124 -773.512316 1295.237449
-3466.351366 -956.990498 1621.145375
-3852.971638 -1063.539837 1800.697463
-3395.183504 -969.394105 1564.749650
-3010.046774 -859.489327 1483.683921
-3485.319014 -949.225585 1636.597236
-2956.101512 -804.892731 1387.137254
-3900.558735 -932.789632 1788.194918
-2765.852228 -752.302140 1288.396368
-3858.666794 -920.986544 1768.475003
-3218.862494 -877.296679 1511.271451
-2756.150933 -786.927157 1358.089978
-2664.333309 -653.669647 1224.867155
-3166.837439 -768.585169 1545.904277
-3826.523051 -1091.924855 1871.250034
-2890.544213 -808.042698 1419.438352
-3880.901896 -1079.934647 1909.236266
-3604.883679 -1003.084432 1765.578609
-3160.994249 -780.934376 1536.497305
-3482.107655 -889.704536 1638.918047
-3900.240211 -964.028299 1897.077729
-3524.906508 -980.567267 1619.100492
-3660.604791 -907.139085 1772.398567
-2372.037357 -672.587319 1180.412176
-2619.214272 -742.645074 1302.765651
-3325.038515 -942.568753 1654.102899
-3228.565182 -790.698179 1602.729087
-3018.110952 -815.779394 1424.959998
-2492.614953 -700.301610 1240.728347
-2604.869727 -729.595684 1284.157780
-3173.174885 -882.810903 1560.501530
-2901.123213 -717.532554 1410.847575
-3866.638782 -948.948703 1917.761241
-3227.058111 -790.267048 1601.850745
-2623.886034 -642.299061 1296.472278
-3628.417932 -881.092727 1794.530886
-2969.764218 -832.758239 1356.646162
-3566.472702 -1003.195637 1753.788165
-3148.587721 -764.985723 1557.452182
-3610.201465 -875.807242 1788.401041
-2670.824062 -762.903909 1306.373541
-4055.723816 -1132.940466 1853.657894
-3376.407525 -832.012622 1682.689488
-2957.808433 -719.001172 1462.411844
-3949.888413 -961.670790 1953.506226
-3397.446002 -827.794060 1680.883383
-3616.723070 -1006.474880 1661.228597
-3075.296166 -852.822459 1510.737477
-2549.692926 -654.166244 1249.008981
-3681.229161 -981.475304 1791.686350
-2908.484807 -785.712182 1325.244286
-2872.828795 -740.378542 1394.679978
-3183.305232 -815.544476 1555.704574
-3345.126947 -840.304303 1637.442727
-3836.091993 -979.158505 1874.843805
-3042.386617 -774.433275 1477.584176
-3794.208601 -953.119529 1855.142833
-2917.737987 -730.695690 1432.418397
-2519.553219 -640.223795 1223.681829
-3354.089045 -837.902185 1647.581257
-3085.201948 -770.354762 1524.840667
-3654.824574 -889.453154 1799.782195
-3844.708026 -959.484912 1900.691938
-3027.423124 -765.516933 1473.942254
-3000.607352 -769.973006 1470.095814
-2798.001235 -756.761369 1372.145250
-2882.236194 -771.065461 1361.759950
-2842.373300 -785.113535 1393.179995
-2846.383316 -786.121219 1394.881336
-4021.394051 -1114.687863 1837.594967
-2359.719016 -650.574037 1150.864894
-2524.594776 -699.412841 1153.662663
-2605.420847 -669.899345 1224.886351
-3307.677014 -917.024072 1628.841927
-2731.291635 -702.460300 1283.793025
-2667.536511 -724.535766 1316.250843
-3298.634047 -831.540145 1610.698768
-3717.783808 -1012.688371 1808.226998
-3207.359828 -869.499023 1583.556175
-3985.228817 -1059.046459 1972.421400
-2939.675873 -770.928377 1450.865258
-3724.686403 -1034.094545 1678.452796
-3767.597792 -1045.196207 1804.814683
-2614.126351 -722.257404 1251.144324
-3142.127386 -868.466288 1417.549404
-3456.403368 -950.097061 1646.049641
-3384.605452 -929.881018 1610.690299
-3813.386302 -1059.304637 1719.044706
-3913.963167 -1063.356749 1860.348718
-3178.532738 -868.284587 1432.919834
-3021.413485 -816.932543 1354.812204
-3187.257627 -858.822236 1433.987975
-4091.007736 -1094.302328 1850.963506
-3809.432673 -987.624158 1814.777003
-2930.548797 -757.885177 1402.925335
-4110.449200 -1097.833456 1860.832160
-4043.184134 -1096.416065 1923.047022
-2986.300174 -770.687604 1428.201295
-3437.294491 -969.334683 1556.480884
-2827.364564 -800.116394 1281.446188
-2828.006595 -671.794003 1295.861584
-3355.027955 -812.960147 1532.168300
-2974.857912 -720.916162 1358.897800
-2759.480629 -680.496862 1266.538281
-2757.419418 -689.143112 1265.151614
-3760.357762 -1069.653014 1780.363848
-2780.915571 -689.689662 1330.268235
-3605.455863 -893.037024 1728.294977
-3161.534025 -782.901574 1515.446441
-3971.810226 -964.815185 1911.699760
-2669.155034 -645.600084 1279.127042
-2837.998746 -819.251142 1362.914323
-2788.868052 -789.967361 1264.140089
-3817.479894 -946.853074 1825.882643
-2983.792847 -770.018179 1426.107947
-3040.574042 -811.759135 1375.398915
-2512.072631 -647.931167 1200.883143
-2786.639766 -655.110769 1324.905720
-2624.141092 -666.219457 1180.052865
-3306.330848 -966.021505 1566.961431
-2347.579461 -686.539419 1114.738058
-2733.691660 -794.053925 1295.563273
-2266.659556 -662.887599 1076.830406
-2801.713217 -819.694516 1324.445290
-3414.405938 -1001.156239 1622.186322
-2927.831465 -857.112931 1390.220120
-2930.009936 -857.800488 1391.312812
-3336.266181 -978.069021 1576.670988
-3503.551541 -918.141437 1605.125963
-2769.271883 -685.114132 1242.570671
-3714.388471 -955.002865 1766.090016
-2423.122830 -618.102420 1152.075317
-4097.911374 -1044.767409 1944.113929
-3122.244795 -824.860445 1397.084260
-3665.773233 -968.342645 1640.965007
-3865.275459 -956.766158 1835.235933
-3665.590915 -906.504210 1739.982657
-3278.865752 -793.145393 1555.968652
-3969.217312 -959.123719 1882.356827
-2544.977484 -667.604959 1142.411905
-3823.138072 -997.516600 1720.385405
-3657.458904 -938.556724 1688.017344
-2988.263426 -709.697203 1372.485067
-3856.932279 -913.090165 1773.261167
-2836.884735 -800.793570 1337.577975
-2855.505171 -758.154553 1447.423574
-3517.799410 -892.692297 1755.514603
-2888.950948 -768.128666 1441.919183
-3119.487727 -857.511805 1479.240475
-3361.106059 -852.808882 1678.224318
-3721.629052 -997.354662 1853.024228
-3225.414010 -869.614471 1606.025584
-3319.829155 -888.441868 1514.300846
-3319.247794 -888.241600 1514.040047
-3853.343425 -1026.170677 1754.592507
-3374.819135 -909.683598 1680.095800
-2989.304210 -818.493348 1408.717731
-2990.869507 -818.868132 1409.331885
-3484.400861 -952.776020 1637.709050
-3653.916324 -913.101480 1822.981936
-2883.279819 -780.772115 1355.749193
-3292.318966 -823.325870 1643.118220
-3062.946187 -766.173521 1527.192181
-4017.913614 -1005.668632 2004.115904
-3032.792185 -821.592502 1425.524282
-2918.895253 -791.302785 1373.784314
-2678.556596 -728.485959 1259.944272
-3403.484880 -925.884059 1607.572965
-2346.605504 -638.414872 1104.046833
-3154.497879 -858.337234 1481.396002
-3722.742599 -1013.209204 1764.612603
-3481.892468 -950.139522 1637.206696
-2754.803048 -693.218305 1376.009025
-3259.507865 -867.995406 1484.969394
-2680.633541 -725.365655 1265.596288
-3382.693280 -894.899595 1533.293602
-3147.710634 -815.349790 1517.398607
-3699.031993 -957.512921 1788.234607
-2387.688792 -589.080096 1082.629331
-3567.009413 -879.571593 1617.289408
-3267.035925 -836.746647 1566.870610
-2711.847508 -690.961287 1302.274048
-3243.597049 -808.298290 1469.503488
-3672.654089 -929.295670 1756.963880
-2975.654520 -819.044223 1492.474879
-3740.734957 -1049.585327 1865.803298
-3638.763671 -1021.503374 1815.171788
-3346.432593 -952.286956 1676.693432
-3884.365931 -970.488864 1944.688570
-3835.386818 -1051.651999 1916.049896
-3131.398008 -780.748508 1418.500580
-3500.872855 -886.339083 1589.191903
-2289.818049 -648.334717 1110.320609
-3707.352477 -957.565135 1684.444985
-3499.311595 -902.949460 1588.729929
-3321.975494 -930.187873 1604.723241
-3389.967457 -870.238319 1538.381903
-3178.425468 -815.710031 1442.768132
-2731.249389 -760.094013 1290.535438
-3134.755454 -804.456857 1421.386307
-3296.881827 -918.147593 1558.590143
-3989.682883 -1017.733605 1817.699902
-2296.118296 -639.730301 1084.735373
-3147.989159 -802.201652 1433.453098
-3124.881269 -796.131002 1423.480724
-2832.630031 -748.126689 1293.127482
-2639.997255 -761.502557 1233.891414
-2781.567563 -697.460379 1302.129779
-3414.902759 -817.984887 1572.808607
-2632.063036 -740.066510 1235.725686
-3912.813311 -942.474419 1810.571660
-2968.857043 -715.321963 1372.434116
-2934.887524 -708.088280 1357.673614
-2516.285910 -706.405880 1178.948848
-2851.570234 -681.995932 1313.931277
-3404.955310 -955.803173 1595.011912
-2992.192447 -837.163294 1393.133710
-3223.762188 -897.294529 1499.988475
-3087.439972 -858.026890 1436.247679
-3308.658158 -954.530085 1546.395348
-3076.122552 -766.896187 1428.401283
-3886.952080 -969.410842 1802.766860
-2533.646742 -655.803035 1130.986263
-2522.788026 -603.122156 1162.389615
-2771.210329 -660.103223 1288.034034
-3917.371200 -975.935730 1842.388503
-3256.055223 -936.429954 1518.421934
-3209.104726 -800.937382 1509.238472
-2555.764147 -677.550230 1134.533557
-3388.662339 -988.189388 1592.448405
-2771.364601 -652.214041 1278.023541
-3707.890830 -876.087926 1723.693044
-2938.841128 -859.547662 1380.579107
-4103.085643 -1078.900403 1820.065573
-2846.268961 -714.403717 1331.930476
-3473.840865 -871.767307 1627.835923
-3009.590000 -711.590307 1397.892055
-2494.028235 -720.802414 1160.637130
-3492.441194 -1009.080180 1625.838576
-2995.676756 -865.354885 1393.618868
-2859.683485 -812.293701 1341.595667
-3051.705746 -866.216379 1430.841857
-4019.910991 -1050.025805 1787.145581
-3595.968952 -990.472296 1678.518861
-2914.898404 -729.760597 1352.840254
-3359.714172 -837.350826 1557.647611
-2750.484223 -700.307428 1271.602756
-3868.142121 -985.591104 1789.062806
-2958.414738 -811.119061 1363.727092
-2928.951805 -794.657839 1356.615192
-2676.146264 -686.198265 1242.053305
-2320.942078 -562.725397 1085.568417
-3450.428591 -930.925705 1609.424337
-3409.944794 -913.990816 1595.642962
-3217.494090 -856.773273 1481.758246
-2054.164083 -506.894882 968.801892
-3130.811089 -808.065729 1460.099789
-2965.395654 -785.427749 1381.312464
-2794.277336 -738.568371 1304.685310
-2852.360030 -753.641673 1331.684059
-3278.533930 -835.234506 1517.487484
-2911.505072 -790.455098 1302.834415
-3485.253601 -952.303482 1636.861564
-2556.934935 -713.258387 1178.935907
-3415.036084 -927.882359 1602.489723
-2970.347579 -825.981660 1365.060350
-2224.671064 -553.088725 1046.404589
-2344.205465 -641.404474 1100.971058
-3438.560796 -945.951634 1604.982932
-2984.522061 -810.554848 1389.988466
-3141.822496 -872.492572 1443.421150
-3306.917088 -897.377698 1540.056094
-4060.996692 -1105.689912 1888.966323
-2795.752045 -658.000258 1288.665594
-3338.361274 -892.283603 1663.742705
-3800.312893 -935.639198 1882.277983
-3584.499530 -878.311374 1778.842189
-3601.341454 -881.143565 1787.126416
-2940.407342 -737.013659 1369.360837
-3016.442796 -845.871281 1503.636122
-3718.212582 -1050.898111 1808.476157
-4040.247878 -1027.444597 1833.112474
-3456.031306 -922.686663 1721.740078
-3324.584617 -887.588353 1655.507170
-3460.642355 -923.364320 1723.297801
-2493.135553 -662.947165 1239.654368
-3058.325723 -781.840376 1413.845055
-2348.206358 -623.885061 1168.864982
-3033.822305 -768.440315 1377.598013
-3778.042689 -947.775448 1762.307475
-2775.571183 -703.159235 1260.978219
-3561.977001 -886.088735 1607.500270
-3371.254794 -861.327768 1558.709641
-3176.534915 -891.950541 1487.736715
-3061.171796 -767.597158 1427.792706
-2999.818962 -859.197698 1379.442445
-3124.016108 -874.773258 1538.893665
-2977.538991 -724.549126 1467.739087
-2929.906856 -821.259422 1457.745620
-2744.047656 -695.572646 1265.034137
-2640.199598 -670.937775 1207.934141
-3791.051193 -969.791711 1751.282821
-3298.587317 -848.306591 1611.342103
-3327.778277 -904.394631 1624.884204
-2656.546457 -744.240267 1233.147619
-2608.214094 -730.198356 1210.148522
-3994.303170 -1095.389404 1822.670472
-3980.491120 -1111.037002 1834.206871
-2926.475545 -735.303864 1309.299758
-3881.705200 -1143.053152 1845.645564
-2904.382871 -853.666782 1374.072198
-3988.611763 -1172.253766 1885.513622
-2981.714581 -810.187713 1331.811569
-3929.990379 -1127.583009 1872.657138
-2819.218850 -696.401651 1329.347226
-3916.985600 -967.751041 1846.928532
-2754.808130 -680.948487 1298.897488
-3290.453786 -943.102579 1512.367825
-3253.813343 -794.890502 1602.324917
-3322.909822 -951.982158 1533.508756
-3191.130235 -930.164375 1488.748279
-2703.325896 -729.534800 1288.772325
-3022.135678 -883.171350 1422.823930
-3295.158343 -880.729702 1484.973796
-2910.255850 -756.155944 1386.522861
-2621.255753 -756.964136 1225.046167
-2948.232145 -802.329349 1408.347778
-3195.102689 -894.291613 1574.053005
-3113.620685 -804.101776 1482.994005
-3660.531465 -942.230275 1752.172356
-3336.181143 -903.120319 1522.085944
-3621.671609 -905.347377 1788.631800
-2744.073517 -763.961909 1313.854292
-2616.052847 -714.719698 1236.258422
-2883.319601 -773.643445 1364.939143
-3063.487748 -880.888650 1498.184112
-3880.028553 -1003.856515 1815.885035
-3114.936909 -790.269492 1528.945975
-2680.870861 -655.677849 1270.055286
-4032.295517 -1026.058609 1917.535798
-3028.364994 -771.304256 1440.511256
-3645.365886 -877.775487 1682.652742
-3872.271181 -967.331501 1911.221005
-3935.216901 -1134.993025 1888.449194
-3472.545796 -998.686873 1666.118178
-2848.808712 -686.065861 1315.068657
-2501.501135 -639.082614 1190.289403
-2682.606067 -718.456645 1267.038843
-2403.625226 -575.533632 1125.530934
-3739.298471 -1069.381989 1745.141454
-3039.030049 -719.210503 1398.225929
-2158.524160 -553.489607 1027.176238
-4041.640998 -1077.945071 1825.048087
-3314.519106 -932.116615 1564.512164
-3488.380682 -981.711900 1665.064893
-2535.388680 -629.152802 1271.554294
-3197.595946 -885.504878 1530.928023
-2554.273300 -664.193018 1137.539647
-3655.101643 -1012.575849 1749.435261
-3491.110430 -982.522011 1666.310947
-2865.912176 -765.452815 1358.350886
-2763.776391 -694.865434 1263.905278
-2771.502101 -739.648922 1252.585504
-4009.764121 -1024.452392 1832.382105
-3522.951336 -845.036804 1668.724283
-2988.190093 -772.860541 1430.494472
-3333.335721 -855.081769 1585.384420
-2515.738035 -594.524193 1191.266344
-4036.167094 -1016.645074 1812.194195
-2170.659015 -528.989666 981.997184
-2691.754821 -677.714414 1208.686050
-2863.796858 -720.868966 1286.082985
-3108.725611 -766.764285 1427.927535
-2964.260188 -730.144022 1361.417286
-2829.378572 -712.070873 1270.598176
-4102.410894 -1065.991155 1826.859958
-2602.325682 -638.989499 1174.841149
-3974.020300 -1038.226042 1789.255533
-2574.630250 -699.282047 1162.133446
-3468.145667 -885.969468 1649.463142
-3757.535556 -986.232609 1747.548952
-3014.239374 -812.440271 1427.792529
-3607.386413 -979.926266 1654.004602
-3989.298466 -1042.266471 1956.040597
-4061.864000 -1061.614631 1992.336291
-3904.438785 -1060.348039 1790.214789
-3509.717223 -864.873145 1590.921280
-3113.839045 -845.621059 1427.580048
-3027.546765 -814.656928 1506.049677
-2073.735482 -548.584475 1030.230168
-3696.492379 -1004.510655 1819.570613
-3214.280870 -939.387511 1574.334479
-3763.930264 -973.401649 1760.571783
-3420.870143 -887.573173 1584.701810
-2858.740938 -788.183348 1392.544365
-3163.556524 -872.668288 1540.752270
-3611.786361 -901.458127 1785.041942
-2426.700892 -573.445964 1119.188768
-3451.274200 -900.789138 1693.595053
-2665.053246 -691.649925 1233.722653
-3157.947815 -864.032446 1576.825422
-3790.294285 -989.896895 1860.234972
-3907.129231 -1032.239839 1942.262328
-2940.219606 -776.133144 1460.559413
-3996.959144 -1083.252116 1824.455140
-2114.658112 -581.728367 1025.991393
-4004.637701 -1102.866628 1942.867349
-3210.391113 -936.816026 1498.267145
-3623.420803 -871.452060 1716.218306
-3617.032831 -882.337206 1782.058352
-2700.379582 -792.259165 1272.467664
-2869.112394 -841.333676 1352.200959
-3113.970821 -804.365033 1482.809338
-2527.931172 -686.527098 1142.764286
-2435.217737 -592.863115 1199.811866
-2797.286301 -796.888858 1398.477391
-2123.386279 -605.469009 1061.785162
-3322.858274 -945.819913 1531.512207
-2878.641549 -711.415134 1366.808622
-2988.914152 -874.501769 1398.656515
-3324.329273 -912.175839 1549.819105
-3358.147619 -912.826739 1602.692083
-2279.624296 -639.502848 1068.816945
-4008.162464 -940.005872 1916.847523
-3014.709914 -787.805954 1410.260888
-4070.878689 -1099.103261 1832.014052
-3419.876352 -828.996218 1669.836372
-2562.517909 -740.166097 1236.012198
-3451.956348 -972.171309 1726.917219
-3663.345537 -907.177670 1675.250690
-3318.984682 -896.377319 1562.916079
-4035.571971 -1097.087821 1879.477670
-4039.328779 -1129.325950 1966.940899
-3157.409148 -853.371616 1487.225368
-3155.491896 -852.595617 1486.365703
-3317.039286 -894.168389 1562.672719
-3766.871218 -1081.680524 1757.820517
-3520.272656 -958.832714 1614.347804
-3999.585281 -1089.644008 1833.624387
-2540.899802 -628.322493 1219.444183
-2944.338114 -843.753118 1457.232431
-2959.542745 -856.215325 1454.635053
-2815.503232 -793.066511 1407.712517
-3672.572510 -974.890305 1705.411440
-3458.143786 -941.388090 1609.000715
-3958.548736 -1084.995720 1924.654334
-3610.627967 -977.619333 1713.358551
-3304.951851 -880.866455 1608.744976
-3338.477877 -892.946235 1640.667562
-3384.010715 -915.679100 1595.220945
-2494.574611 -672.506779 1125.464141
-3718.117557 -1006.093304 1741.870400
-2971.081461 -803.246157 1333.570535
-2732.277876 -647.407485 1253.200253
-3613.382399 -978.286125 1714.711069
-2792.780791 -662.651197 1281.296355
-3406.080486 -850.732307 1603.453980
-4117.131593 -1115.413416 1843.217393
-3505.378405 -984.491977 1708.484353
-3562.695808 -1037.130014 1721.963069
-3379.555993 -961.116335 1630.742943
-3964.067585 -1016.926609 1790.756896
-3468.443863 -860.630640 1662.917823
-2984.993222 -808.558325 1382.161511
-3427.401990 -927.645159 1586.763016
-2729.905523 -687.715635 1333.217052
-2493.101141 -710.085142 1216.814717
-3926.262299 -965.912573 1844.540250
-3908.163387 -969.632356 1873.673650
-3061.807873 -766.928397 1427.674949
-3695.431687 -930.041409 1803.211521
-2708.375742 -722.569102 1247.418924
-3456.852173 -863.008219 1709.502648
-3607.985717 -1041.001771 1734.057940
-2590.805147 -652.009882 1166.609161
-2696.650116 -770.598538 1287.364529
-3315.931423 -895.482964 1561.505333
-2652.498397 -715.195839 1249.543625
-2445.529008 -601.791240 1121.590432
-3905.531687 -1087.201143 1793.483674
-2230.047399 -634.983977 1116.667781
-3500.757654 -932.682282 1576.255313
-3086.552550 -905.914669 1455.525259
-2945.704212 -784.335922 1326.928574
-3844.463674 -1103.158742 1906.284186
-3136.443951 -791.043088 1567.830743
-4094.057596 -1064.336012 1945.969766
-3061.099733 -772.232661 1530.983811
-3436.525517 -953.043296 1638.138499
-3329.748009 -956.020146 1648.605859
-3304.290675 -833.201897 1651.328328
-3021.375807 -842.380587 1387.552045
-3604.028136 -981.730307 1719.717647
-3310.404450 -799.372973 1525.892490
-2577.349612 -657.637935 1187.806863
-2916.533861 -743.519815 1345.108043
-3547.135969 -873.427609 1627.883381
-2605.349648 -687.463461 1222.841594
-2616.243263 -747.365206 1229.273185
-3646.557956 -986.285989 1730.159354
-2344.021858 -659.735542 1123.997920
-3087.725764 -885.475110 1532.157300
-3684.719925 -1007.566199 1784.442139
-2903.693619 -765.425603 1362.999966
-3052.840865 -758.539351 1473.245133
-2871.479775 -789.320030 1337.882534
-2110.799952 -605.503514 1046.477954
-3802.067118 -1083.330260 1903.617344
-2631.837700 -654.110258 1269.867363
-2686.590197 -693.540214 1248.483043
-3433.442066 -984.499408 1583.370793
-2590.204706 -632.348265 1279.665154
-2828.103359 -789.767523 1390.355062
-2637.679196 -721.011215 1267.504113
-3440.176111 -957.041227 1574.593796
-3054.743270 -745.683387 1508.545334
-2342.707208 -650.552399 1092.112273
-2865.261814 -796.114240 1334.661935
-2748.579450 -682.845941 1279.869915
-2938.291763 -716.953590 1452.185809
-3495.200624 -842.608038 1710.870922
-3310.734903 -898.564903 1556.852275
-2629.997792 -694.809375 1333.232814
-2883.371073 -821.327643 1311.567097
-3209.217664 -805.864225 1584.272134
-3151.665839 -791.347458 1554.949645
-3016.223173 -844.433663 1505.221149
-3480.789743 -839.260062 1702.918466
-2824.293278 -791.342629 1408.735201
-2875.998306 -825.644190 1402.479082
-2520.994628 -698.816956 1174.053506
-2972.336608 -854.569948 1450.029338
-3874.649731 -1108.512444 1766.683434
-3904.298544 -974.926891 1821.138801
-2516.326128 -677.953607 1174.001671
-3715.156006 -910.422307 1689.893324
-2985.355033 -711.569361 1361.361562
-2459.681541 -663.161475 1146.733252
-2683.239904 -767.570003 1223.456839
-2916.725345 -795.299514 1374.910010
-2733.665944 -750.961253 1326.295503
-3294.396066 -894.617630 1553.360404
-2287.364628 -604.733127 1105.379698
-2869.067736 -804.133945 1336.195195
-3313.788744 -898.027091 1563.563663
-2977.177678 -853.649617 1460.561841
-2675.825783 -731.581504 1258.535715
-2396.280293 -577.746932 1098.914688
-2484.006219 -607.130549 1225.526341
-2849.616364 -800.626050 1401.295579
-3416.369655 -929.900565 1534.993716
-2801.067071 -816.384058 1303.804159
-2962.099582 -865.656721 1383.496683
-2986.096503 -801.824011 1332.553823
-3640.971764 -918.237917 1674.541252
-2626.150044 -679.871004 1257.668818
-3105.893461 -865.060775 1531.028987
-3432.046260 -920.642930 1530.868508
-3770.046501 -1006.939979 1701.871967
-2729.205479 -731.829129 1217.754674
-3653.672919 -979.410407 1629.733036
-3950.118152 -949.079124 1879.745804
-3587.333350 -876.728976 1771.032782
-2939.793876 -788.869709 1311.894852
-4009.175703 -1017.737344 1802.231927
-4117.940819 -990.565492 1905.659196
-2769.392708 -779.776030 1250.440007
-2774.264969 -780.457253 1251.574438
-3104.947520 -865.515563 1529.953916
-3020.487641 -835.275280 1485.426850
-2794.101776 -694.951036 1251.218304
-2907.548715 -802.683783 1425.967056
-3332.733304 -961.473905 1558.238295
-2746.080889 -765.557989 1353.549601
-2882.495795 -728.910300 1352.131508
-3495.201640 -878.962550 1635.750745
-2877.479663 -733.762135 1355.265787
-3894.378115 -979.049535 1823.599648
-3053.224057 -778.510767 1438.518392
-2890.379333 -736.561159 1361.606909
-2538.744732 -640.733364 1189.931599
-3113.569917 -783.889866 1456.075769
-2756.976967 -679.167821 1270.283977
-3759.504332 -933.150271 1783.381870
-3133.116190 -777.786617 1485.909601
-3844.052336 -972.516489 1721.270080
-3386.819508 -903.565504 1680.819931
-3137.266118 -792.481489 1395.355009
-3634.919937 -1017.922751 1790.126134
-2923.874972 -795.595879 1314.611501
-3452.038885 -938.436773 1551.273341
-2148.546893 -583.857654 963.262261
-2912.051563 -794.084877 1303.749487
-3296.105888 -879.558551 1636.619381
-2807.490973 -801.446585 1403.960260
-2672.142573 -763.660646 1335.849379
-3394.471042 -920.930174 1521.241665
-2677.693781 -639.417218 1222.526259
-2672.535771 -663.058488 1267.483723
-2883.503112 -723.094852 1311.330118
-3244.722071 -812.702808 1476.365395
-3716.683325 -1046.032553 1745.656668
-3186.425832 -805.161548 1417.031468
-3113.920755 -763.017108 1415.761562
-2604.731585 -762.300448 1221.777723
-3405.691005 -867.284768 1603.419310
-3011.337797 -798.903125 1476.964837
-4039.370196 -985.536186 1988.391315
-3133.495601 -777.021366 1482.200823
-2781.241245 -692.066286 1249.389819
-2773.401756 -689.969092 1245.898432
-2785.709799 -692.664203 1251.506967
-2680.883376 -656.273994 1219.320510
-3304.399685 -807.988078 1500.134352
-3460.089022 -868.348571 1611.804267
-3601.561156 -1051.199364 1678.245828
-2901.232773 -787.854010 1298.980285
-3087.793764 -900.344470 1489.059715
-2923.594801 -852.411454 1362.342781
-2358.080768 -566.622164 1118.521196
-2641.128732 -681.814757 1180.656715
-3381.943593 -973.164465 1622.307602
-3861.847067 -1124.777814 1836.776569
-3867.845275 -927.674223 1831.557039
-2908.948944 -817.554481 1353.356438
-2690.933567 -742.747472 1310.069248
-2491.621297 -597.834226 1179.949700
-3780.576155 -911.469376 1823.615501
-2653.575740 -767.283707 1223.756340
-3453.268848 -859.418725 1546.931124
-2909.931588 -817.817535 1353.729882
-3698.833422 -1059.544471 1744.185564
-2848.911648 -783.025766 1371.567070
-3188.756963 -875.768297 1547.383396
-3378.788561 -954.397433 1694.283311
-3952.542757 -1085.520105 1902.149398
-2664.009673 -762.462724 1256.605433
-3030.521191 -766.453599 1358.539665
-3805.671397 -1047.083239 1847.188323
-2621.999936 -721.896183 1274.165633
-2583.630173 -685.547806 1269.433530
-2206.532992 -585.095166 1083.179991
-3213.316016 -821.119306 1467.508204
-2759.283941 -797.701912 1271.633329
-3779.151348 -929.968416 1728.072527
-3011.016152 -804.028565 1495.614775
-3438.813567 -1008.030838 1609.469940
-4087.512118 -999.161665 1854.642482
-3042.248843 -894.925726 1434.218207
-2682.782995 -681.354657 1335.128229
-2921.309947 -759.878106 1354.340855
-3986.106011 -1037.059505 1849.435872
-3844.258377 -1099.821014 1872.070402
-3092.459815 -788.566895 1454.666438
-3974.204344 -1154.279738 1937.042301
-4070.722941 -1048.186911 2000.107665
-2914.180876 -834.023411 1418.750796
-3039.798117 -879.296282 1465.547274
-3395.242515 -908.763739 1551.586844
-2574.975715 -736.812970 1175.922189
-3069.895346 -732.861580 1488.001231
-2814.409588 -805.563903 1282.328295
-2813.904683 -805.438862 1282.128816
-3036.841472 -894.246921 1438.273079
-2897.781828 -774.236938 1306.976174
-3037.925455 -894.561479 1438.723345
-3093.755566 -909.140206 1465.242034
-3560.105595 -1046.227138 1678.338715
-2719.389299 -671.544310 1332.055507
-2873.619587 -816.974166 1387.226317
-2476.253764 -725.883049 1192.926132
-3966.082366 -936.354208 1906.462490
-3221.252234 -799.230183 1529.648853
-3451.473680 -923.973328 1632.926685
-3319.008875 -931.240925 1540.543431
-2952.572406 -847.621492 1359.916979
-3124.324674 -876.345124 1450.372398
-2303.987951 -654.554534 1155.447554
-2711.322607 -667.774197 1318.782209
-3384.209555 -833.694044 1647.409465
-2915.207414 -835.609898 1416.444402
-3534.746153 -1004.883004 1771.109477
-3244.695446 -934.875079 1541.276375
-2483.633091 -598.482563 1216.215638
-2965.808840 -842.319970 1486.770264
-2451.156099 -668.632145 1176.956407
-3474.572219 -856.272932 1691.761720
-2718.571064 -641.027612 1307.750873
-3393.035519 -835.710222 1650.188137
-3355.592792 -853.169338 1665.507751
-2964.804410 -732.768428 1438.956740
-3671.535849 -1004.648870 1807.339041
-3582.306054 -898.397189 1790.497628
-3358.481561 -820.664915 1655.417891
-2904.286378 -790.255420 1434.584524
-2365.639099 -582.684177 1143.291995
-2976.766543 -728.053604 1420.231571
-3473.606678 -871.723567 1554.450378
-2757.737951 -691.060219 1377.677732
-2612.931173 -725.418594 1199.378484
-3450.617825 -860.938805 1601.551664
-2916.137809 -752.211860 1324.574299
-3904.634558 -961.880382 1886.624333
-2473.646204 -707.739090 1155.674512
-2936.778226 -701.437232 1375.246293
-3767.494106 -1036.613288 1843.090319
-2541.687169 -621.004630 1253.076618
-3126.495423 -894.925016 1460.853051
-3081.675026 -786.991678 1446.219662
-3143.079565 -872.209754 1441.689829
-2805.984241 -668.592539 1297.159780
-3890.397299 -983.626715 1893.212710
-4052.107873 -1025.335599 1947.519508
-3882.937210 -950.051393 1871.414702
-3376.749004 -919.650415 1599.762164
-2504.107213 -602.050543 1204.076307
-3401.706425 -843.198702 1685.877274
-3482.069803 -837.351621 1674.446000
-3690.404988 -888.227632 1775.522677
-3687.682289 -887.703522 1774.147345
-3178.985019 -882.486535 1590.520829
-2701.582079 -654.045569 1234.392161
-3154.776306 -857.816297 1483.340295
-2933.290897 -745.049975 1370.899196
-2993.109693 -774.885424 1442.483752
-2919.179796 -763.924830 1366.049185
-3603.219885 -934.827271 1717.034261
-2707.542424 -671.729582 1295.898463
-3800.993256 -1018.163879 1778.144961
-3338.833364 -853.265901 1567.034642
-3385.511410 -865.061749 1561.712056
-3029.027117 -829.406297 1423.403263
-3366.880094 -935.338406 1545.234706
-3450.431626 -843.988601 1663.902225
-2903.220751 -719.163102 1377.966182
-3825.532922 -921.745748 1793.867545
-3302.876194 -940.050855 1582.788817
-3379.449760 -896.985043 1567.340242
-4026.709439 -948.119595 1859.410317
-3520.297838 -985.350136 1639.748509
-2498.135319 -709.972829 1253.585620
-3608.009256 -917.013965 1751.488750
-3295.941729 -882.767398 1542.170741
-4043.734182 -1097.824206 1923.475316
-3328.456524 -849.852248 1628.773964
-3735.231115 -1046.671128 1880.363631
-2694.234776 -764.867778 1350.081420
-2741.165722 -734.968841 1366.139502
-3142.520963 -774.082762 1517.631579
-3589.402914 -953.800476 1777.484303
-3756.361563 -1044.568298 1723.802453
-3638.744714 -991.492485 1731.050853
-2801.167732 -701.598490 1300.444850
-3345.139366 -958.778798 1632.928088
-3347.429093 -863.153434 1579.778996
-2845.923138 -770.747197 1271.145600
-2852.180690 -755.950504 1323.281365
-2489.721372 -697.923622 1191.877527
-2560.895370 -685.258594 1276.839145
-3053.460396 -736.282646 1394.321721
-3826.923003 -935.644909 1884.746332
-3527.838686 -857.632478 1731.567929
-2988.310129 -729.824357 1425.456390
-2510.580162 -605.584688 1234.688894
-2784.787894 -730.647558 1293.675044
-2976.488926 -703.231491 1431.868462
-2996.917414 -859.014398 1437.310685
-3123.875613 -808.051414 1476.747567
-2900.369052 -752.432989 1343.719436
-2788.996891 -731.571844 1295.546501
-2698.774377 -689.415374 1246.108343
-3411.494445 -845.502282 1619.920063
-3862.343615 -1094.306631 1870.814919
-3787.406044 -1013.891493 1788.010318
-2870.121981 -797.721950 1347.252703
-3767.777945 -947.344796 1832.367963
-2920.461200 -836.795073 1400.312291
-2967.530637 -744.330888 1444.177213
-3489.540393 -890.903247 1636.494410
-3063.855349 -739.970729 1507.695365
-3471.869373 -821.238729 1667.865853
-3955.363643 -966.335472 1927.627671
-2759.799675 -711.454882 1293.524235
-3910.884490 -966.652907 1897.667589
-4105.644474 -1064.480384 1880.874616
-2913.465788 -833.850682 1391.029067
-2455.126667 -693.581257 1164.309865
-3516.193531 -1006.231123 1678.811396
-2875.420154 -779.140549 1364.899969
-3340.194633 -865.715751 1612.270194
-2884.601755 -765.219871 1427.742477
-3076.937244 -723.124730 1423.821697
-2939.709622 -842.442881 1429.632374
-2561.613438 -718.797651 1173.137565
-3724.648635 -1044.687921 1705.309432
-3379.383435 -877.842963 1676.730641
-2988.623165 -758.732035 1484.083966
-3264.681194 -937.393464 1619.705529
-2598.036415 -737.975439 1192.070930
-2729.419642 -747.441322 1327.732346
-2797.627152 -770.437701 1277.307772
-2987.482073 -873.235843 1462.480013
-3164.944061 -746.873909 1497.556395
-3585.629868 -847.009972 1696.287015
-3736.418362 -917.100591 1698.651910
-2970.852901 -806.677336 1396.862237
-2349.780591 -638.125561 1103.803969
-3104.889965 -843.733911 1459.068310
-2659.939202 -636.860266 1233.864590
-3926.566572 -940.443048 1820.573916
-3346.946840 -958.105229 1640.764260
-3049.646434 -868.748688 1443.398611
-2623.605979 -688.102576 1290.255475
-2693.379137 -657.589861 1298.974950
-3723.832875 -1066.401393 1825.165583
-2664.948370 -709.440848 1186.557375
-3434.676846 -947.680790 1646.484505
-2336.758329 -669.728529 1145.772962
-4004.937819 -941.920714 1851.021733
-3483.826393 -837.639231 1674.644422
-2981.333260 -717.078308 1414.805304
-3754.064824 -1092.230275 1806.837399
-2873.842122 -713.260283 1291.598780
-3300.475117 -962.607665 1533.134194
-3201.938916 -932.584730 1488.526953
-3025.782667 -880.917395 1405.542868
-3784.157355 -1029.600846 1694.040408
-3867.260519 -1064.064847 1886.578227
-2937.999465 -856.976368 1414.387784
-2941.062624 -737.818158 1368.934027
-2927.275797 -826.225897 1467.630906
-2178.152857 -561.807187 1031.563989
-2718.586915 -752.548024 1222.967907
-3301.126953 -863.107610 1526.738922
-3365.728742 -879.642805 1556.811035
-2718.340318 -704.692892 1257.173413
-3193.939408 -884.654701 1437.073134
-3392.261191 -979.851965 1631.449321
-3324.873420 -844.543216 1653.375569
-2634.766398 -748.339257 1266.070935
-3976.620303 -1166.296136 1914.868447
-2883.023286 -844.911966 1387.775994
-2756.499342 -793.204987 1365.511803
-3253.415865 -935.791399 1611.871640
-3390.324519 -824.642013 1554.707965
-3371.435171 -920.189950 1598.963483
-2654.730694 -724.412082 1258.754846
-3950.435037 -952.115967 1925.960886
-3697.920032 -905.309816 1849.830094
-3919.092010 -957.845590 1849.103332
-2521.385903 -624.406550 1256.613730
-2866.433892 -694.794692 1400.476980
-2407.799980 -592.743142 1100.093475
-3402.427676 -921.072893 1622.387632
-2852.313905 -730.235060 1418.236049
-3064.909366 -803.693549 1406.130976
-2578.113880 -723.825907 1287.985394
-3059.888151 -858.991237 1528.400418
-3841.173995 -944.543263 1925.064290
-2873.910518 -711.426379 1377.212272
-2988.892017 -803.281241 1425.126484
-3487.442036 -885.822667 1711.413639
-2507.278778 -642.930844 1256.976456
-3494.622899 -853.963356 1645.304987
-3116.250755 -844.025047 1450.483328
-3191.010892 -847.865243 1609.837012
-4138.488209 -982.409994 1895.485738
-2865.926858 -794.068422 1307.887323
-3960.005415 -1089.937566 1927.508135
-2885.948350 -685.777141 1321.154685
-3828.952299 -1017.121132 1768.418918
-3882.602347 -913.100932 1812.269027
-3324.213600 -920.408040 1549.730296
-3179.762167 -876.118187 1582.368327
-2966.976289 -807.379451 1406.386760
-3944.137317 -986.244617 1950.052342
-2871.441780 -786.420029 1361.927708
-3163.899444 -857.970556 1488.950201
-2980.101094 -801.806251 1422.110429
-3294.019564 -905.672310 1536.188601
-3282.234739 -873.533337 1656.445379
-3916.291004 -994.187371 1816.497582
-2695.446879 -720.557627 1198.565233
-3841.230314 -1017.700077 1763.767438
-3836.921582 -1056.215028 1867.183080
-3534.011198 -961.085996 1679.064945
-2371.581922 -665.262248 1179.011007
-3753.642625 -1003.512592 1669.543347
-2577.256537 -723.564206 1288.474761
-3555.483284 -997.583093 1769.092919
-3218.890758 -789.003549 1450.540732
-3714.869275 -1010.569987 1751.183131
-3632.517138 -855.115158 1694.986991
-2114.462384 -545.401056 1039.904544
-2468.354882 -607.076213 1233.982570
-2271.016985 -623.254148 1129.791325
-3664.609812 -868.696855 1686.526909
-3980.320210 -994.505551 1831.174336
-4028.281989 -1105.858518 2003.819003
-3609.239574 -982.396879 1714.885394
-3412.002283 -818.092346 1633.648281
-3536.095089 -921.737492 1707.624927
-2695.033041 -741.794744 1338.018459
-2948.139066 -766.418813 1464.982082
-3467.094993 -927.560239 1542.578091
-3951.058430 -1092.752482 1781.610386
-2857.931669 -801.035134 1427.968956
-3591.706551 -947.396841 1643.494993
-2974.927052 -818.327995 1480.674532
-2882.807492 -788.112471 1438.087636
-3649.342687 -867.240772 1671.121555
-2875.894280 -780.474903 1355.013115
-2793.244986 -661.332999 1285.918717
-2988.280490 -840.352823 1402.173518
-2793.732518 -697.137387 1266.351544
-2748.449277 -687.682986 1372.548420
-2746.532087 -669.131413 1263.099252
-2638.125034 -726.237318 1309.273183
-3542.962254 -947.126143 1575.966306
-3725.548007 -1025.942448 1848.890227
-3732.400757 -1052.190491 1762.400730
-3271.176856 -921.858754 1544.928692
-2972.867299 -775.151000 1436.035795
-2752.674242 -774.931190 1299.193471
-3491.744386 -961.687311 1735.013950
-3468.986202 -848.980703 1581.963232
-3477.778399 -956.872333 1692.094472
-3549.589648 -942.704234 1791.190340
-2948.722090 -783.224958 1487.653822
-3358.140261 -839.220831 1660.545391
-3621.034671 -1015.328084 1801.037682
-3714.658477 -889.201160 1775.220944
-3081.265155 -896.827838 1510.808719
-3498.849457 -935.676320 1745.382330
-2937.772119 -756.657626 1328.789505
-4004.859689 -1043.574715 1987.951758
-2886.383306 -843.403508 1367.657743
-2715.011962 -652.973412 1325.745147
-3613.995812 -959.493600 1780.859099
-3410.918367 -921.885105 1600.105918
-2972.085496 -797.624202 1419.170921
-3807.811853 -966.798460 1869.737513
-2851.466177 -779.116285 1354.374533
-3637.938522 -1032.496983 1785.559178
-3028.668360 -864.817311 1491.416190
-3120.023077 -778.722193 1539.639912
-3083.592200 -824.139947 1370.736879
-2619.655857 -747.324239 1290.139189
-2951.656914 -824.887059 1437.909190
-2902.690406 -720.462050 1416.245899
-2445.161705 -670.156899 1218.751716
-2623.614495 -738.089464 1238.746392
-3299.763786 -933.902610 1598.750926
-2850.335920 -779.367707 1353.513773
-2657.293058 -635.777789 1225.038299
-2294.380916 -654.304311 1130.048115
-3570.727006 -884.140713 1597.238089
-3054.230739 -885.390000 1467.453022
-2918.835172 -747.456001 1448.943593
-3467.220959 -927.745572 1542.024057
-2968.057595 -703.988794 1424.509637
-2934.318501 -731.909697 1349.168356
-3503.549748 -863.567165 1601.322333
-2855.327448 -782.627244 1422.657624
-2395.786696 -621.568966 1140.607742
-3812.066153 -989.217871 1813.622694
-2999.164774 -828.808225 1354.181472
-3835.008930 -995.178145 1825.143909
-3373.922020 -919.587330 1600.948043
-2834.277433 -701.870870 1376.577230
-3654.505720 -895.815609 1666.415188
-3177.129990 -832.423680 1617.409158
-3834.710504 -996.717163 1950.760024
-3017.388318 -837.706080 1520.448439
-2861.054826 -794.056175 1440.569280
-2394.474203 -627.352324 1219.366220
-3780.764439 -1048.915345 1904.898115
-3483.935711 -851.059951 1640.581639
-3052.518871 -735.240605 1487.622383
-3530.117839 -827.756503 1646.739943
-3125.401402 -765.736841 1424.637194
-2744.220920 -746.257594 1303.603086
-3368.321721 -966.703654 1609.497938
-3388.717375 -920.916672 1606.950487
-3581.110620 -936.011266 1677.202833
-2666.449158 -700.570726 1357.644404
-3444.589742 -943.517449 1635.124054
-2848.523024 -794.661918 1354.256709
-3597.041855 -945.061359 1826.356504
-3314.029224 -783.736467 1538.390940
-2932.461769 -845.965489 1364.136471
-3180.038543 -817.665246 1500.847932
-2900.411885 -786.230491 1367.014637
-2688.728935 -694.414971 1304.828776
-3706.320990 -1014.377299 1758.603649
-3474.547665 -946.942880 1658.216804
-3137.367611 -912.342292 1546.113234
-3635.569113 -945.491125 1849.327480
-3407.691004 -842.639458 1605.670410
-3534.755348 -1016.136876 1751.838777
-4008.017782 -1042.893169 1989.789017
-2610.083223 -648.551351 1260.604755
-3087.165851 -848.885444 1465.408319
-3038.593926 -711.219505 1418.645390
-2838.354016 -792.422388 1309.210041
-3928.158502 -1066.303554 1863.920094
-2687.821645 -706.103818 1268.926216
-3773.981225 -1085.662023 1836.784795
-3024.703339 -708.066813 1411.033000
-3066.573153 -793.732789 1447.031906
-2463.642268 -639.385007 1155.167408
-2915.175891 -701.143696 1426.881829
-3095.575294 -840.994701 1407.826685
-2834.014234 -704.338231 1319.774041
-2420.421981 -582.173983 1184.379035
-3378.310813 -916.199579 1592.712696
-3527.785697 -932.465887 1705.323416
-2829.067620 -783.198740 1282.921727
-4043.643338 -1158.243416 1843.103884
-4014.433384 -975.374615 1848.315743
-3576.183739 -1013.099611 1775.919104
-3559.006633 -984.838117 1737.382049
-3989.986322 -1013.909016 1850.470203
-3869.283536 -990.150276 1863.082088
-2528.436662 -702.006565 1270.683748
-2378.417767 -598.342047 1110.273622
-3918.725996 -992.388276 1806.654080
-2814.128632 -763.377063 1368.870503
-2747.574547 -695.682357 1266.893222
-2564.731988 -663.592201 1226.972953
-3920.050299 -1129.323660 1941.588033
-3408.913368 -875.114850 1569.954158
-3052.583216 -777.821901 1439.309934
-3357.192872 -829.706900 1670.408613
-3679.142241 -909.375108 1830.293046
-2811.412709 -693.501352 1398.284767
-4065.607653 -1002.750549 2022.575485
-3405.110093 -867.983265 1605.590362
-2450.383590 -604.819404 1218.716314
-2695.882620 -700.973763 1268.727665
-3238.987398 -936.541386 1595.849068
-2468.389257 -636.930619 1199.273310
-2399.470049 -622.410513 1139.987951
-2612.907458 -691.435969 1236.581787
-3335.516980 -862.005492 1638.039802
-2750.673609 -685.461477 1247.327905
-3991.097227 -971.415403 1832.099402
-2792.115903 -698.039189 1284.990003
-2849.903588 -707.741918 1391.728124
-3794.276343 -940.339705 1835.694680
-3393.438697 -840.757572 1642.454489
-3257.195871 -792.030373 1608.166408
-3688.828447 -926.872318 1658.175770
-3015.623398 -764.781523 1449.341696
-2316.979923 -582.755410 1041.497965
-2923.609630 -734.764817 1308.761069
-3353.210588 -937.635347 1639.468404
-2680.290187 -690.761799 1264.850650
-2696.196489 -773.404448 1292.865577
-2875.059107 -710.898813 1442.936207
-3641.519483 -867.324718 1690.149534
-2912.781761 -748.527735 1301.737338
-3966.416856 -1159.175480 1942.006949
-2834.332865 -802.235927 1372.966818
-3188.950622 -759.913131 1480.294090
-3104.285589 -780.978833 1394.443620
-3686.988272 -986.232638 1757.350629
-2762.957346 -781.453076 1278.221936
-3356.088730 -936.610453 1634.088219
-3253.199462 -841.817640 1655.744102
-3714.572155 -994.328423 1761.531888
-3892.917045 -1119.711880 1933.248099
-2797.611160 -719.916166 1319.765967
-3695.737816 -865.876756 1725.237045
-3040.770643 -710.683519 1416.954311
-2751.689725 -692.565438 1376.533005
-2698.359819 -785.876453 1253.092234
-3994.400150 -1006.231073 1866.259823
-3868.561677 -974.365893 1806.352810
-3358.575085 -827.196016 1668.830697
-2927.250817 -796.512102 1309.572884
-3663.384478 -922.080628 1709.953264
-3574.292601 -926.516834 1653.757130
-2555.681826 -747.953100 1236.023821
-2654.896999 -635.963741 1303.433025
-3495.255593 -850.035322 1579.378793
-3497.532645 -849.928039 1581.026523
-2484.852875 -595.192767 1219.826207
-2352.215522 -644.699743 1126.290589
-3665.649899 -1062.449474 1755.490340
-2294.836673 -579.564738 1087.469655
-3734.278335 -959.056903 1864.499673
-3574.322706 -903.977851 1693.995595
-3290.488091 -801.293714 1486.817734
-4046.876711 -1059.226004 1866.554420
-3049.539459 -771.525493 1444.604726
-3167.363096 -751.803577 1495.707881
-3201.160993 -837.760916 1476.572516
-2419.751786 -577.905773 1179.496626
-3140.347950 -771.117437 1483.931310
-3658.887211 -1025.716959 1746.453604
-2891.150985 -838.525447 1384.116138
-2494.263454 -699.208259 1190.517733
-3087.025189 -769.601893 1528.542002
-2650.855859 -654.927872 1294.184175
-3823.446874 -902.038503 1825.488249
-3003.237986 -848.285490 1371.747142
-3804.543777 -956.008644 1838.573173
-2449.798123 -661.296082 1200.291164
-2718.374491 -774.103790 1259.367324
-3365.012102 -890.908142 1668.681257
-4040.453014 -1001.135369 1849.113559
-3242.993655 -819.318956 1563.635237
-2381.793684 -598.868682 1121.437391
-3221.883512 -782.189096 1451.317954
-2858.182727 -720.227704 1376.653052
-3708.984206 -1056.957939 1717.875203
-3993.128750 -1039.263282 1824.675945
-2976.732693 -785.132775 1371.782854
-3364.794787 -894.358438 1503.203679
-3065.356233 -829.473674 1511.810983
-3702.629994 -956.320639 1677.555202
-3668.215179 -991.674892 1803.288122
-3487.981911 -875.974888 1681.725944
-2625.935263 -638.322223 1192.524250
-2930.145617 -791.864705 1441.023407
-3823.763005 -954.077545 1706.744803
-3786.752884 -997.487874 1767.514187
-4086.650763 -1084.415077 1879.504670
-3829.554094 -996.275257 1766.536405
-3885.596384 -1029.433350 1925.689454
-3300.503989 -891.799868 1622.709378
-4000.257845 -1003.995671 1927.525624
-3453.363106 -879.664739 1599.928688
-3557.384365 -929.767799 1729.630486
-3499.033942 -903.539260 1585.121985
-2989.168037 -709.380806 1430.711538
-3806.350412 -997.132347 1757.225374
-3234.622683 -838.445941 1467.337885
-3868.216922 -923.272157 1830.904493
-3587.908445 -936.864206 1743.656751
-2978.669145 -865.874971 1388.515698
-3409.579467 -831.486377 1614.026886
-3014.116652 -735.267264 1426.356857
-3622.947989 -900.492825 1730.027987
-3972.254888 -927.065035 1897.492522
-2717.920072 -711.045494 1206.512489
-2989.746968 -780.550979 1453.705012
-2917.902558 -703.490844 1446.886394
-3110.800875 -779.073396 1420.602091
-2630.841645 -663.310286 1255.230297
-3478.388654 -823.825582 1658.456393
-3374.135381 -965.189457 1581.959837
-3919.926651 -938.984392 1803.192505
-4060.789742 -953.410453 1959.461328
-2732.533272 -716.463466 1235.399818
-3736.736326 -872.063058 1785.697119
-3055.442288 -771.630962 1448.347608
-4061.659649 -1037.258123 1889.137174
-3035.806421 -754.114099 1490.828906
-3803.019278 -1108.350972 1804.187696
-2302.411267 -578.097053 1054.305220
-2635.918498 -657.294183 1276.392545
-2488.509913 -725.150735 1179.876623
-3333.811790 -889.109414 1494.052054
-3762.711419 -946.737710 1715.716254
-3360.687301 -920.107392 1601.395170
-3441.458691 -912.526046 1581.921014
-2977.257051 -807.140769 1458.579889
-3217.307706 -812.327534 1525.756687
-3289.512295 -869.457624 1641.469310
-3047.660516 -741.014410 1387.672299
-3447.187280 -867.093511 1571.635667
-2949.721548 -780.189274 1462.955531
-2880.406496 -724.011259 1312.576146
-2733.311756 -691.969256 1270.947974
-3333.320498 -888.931335 1493.832561
-2843.145012 -807.096339 1298.025474
-3364.027549 -891.202993 1668.241395
-2983.882106 -700.014468 1429.438478
-3538.683327 -897.899057 1709.728911
-2714.497564 -770.173174 1237.943817
-2734.537865 -688.865799 1246.402770
-2826.231651 -710.580751 1329.130032
-3771.198294 -982.905426 1745.128217
-3227.199901 -774.991366 1496.029020
-2280.142620 -640.755546 1143.432951
-2534.856255 -637.851837 1155.632522
-2968.918914 -704.019477 1438.691459
-3085.985647 -777.576572 1407.574911
-2973.407407 -833.215559 1487.819953
-3766.001605 -1015.534938 1841.217840
-3125.630836 -756.345408 1524.306249
-2942.770807 -713.626591 1461.303480
-2937.573205 -819.456766 1475.154749
-3089.900913 -804.886581 1429.302327
-2780.148540 -696.032917 1277.125814
-2976.671896 -699.788651 1435.715971
-3601.831082 -946.846919 1675.384282
-3763.850772 -1092.617645 1754.803151
-3396.181899 -863.410936 1610.929795
-3880.349265 -925.817796 1862.087285
-3422.178847 -816.296852 1647.818750
-3931.164225 -1015.635949 1817.460903
-3741.173128 -910.878015 1702.637916
-2618.253978 -651.985169 1253.710499
-3764.539249 -914.158221 1868.220298
-3030.512035 -769.023763 1437.915561
-3505.100999 -942.269103 1634.471631
-2367.181540 -632.548274 1152.511146
-3054.041792 -759.128517 1461.107375
-3147.229641 -765.499337 1452.428558
-3834.103649 -985.379827 1844.738596
-4020.251972 -1060.860009 1836.650874
-4002.757502 -1083.253681 1807.628296
-2873.859243 -833.566425 1347.231052
-3232.338534 -823.488659 1557.551357
-3374.028738 -871.314970 1561.006415
-2910.241160 -784.642733 1296.417452
-3404.646015 -813.570122 1641.113375
-3670.220604 -866.532723 1745.061664
-2597.429034 -664.728727 1184.264998
-3771.187463 -901.462991 1817.684245
-2973.900863 -758.581022 1435.095837
-3746.226522 -912.036287 1704.924363
-2906.709423 -730.074888 1391.054459
-3182.662953 -811.111292 1481.606661
-2623.833425 -670.474561 1245.578378
-3691.226698 -964.333936 1829.135975
-3670.712500 -928.389225 1674.471430
-4034.864481 -1008.055187 1986.321657
-3775.003124 -951.177872 1846.595149
-2676.684505 -646.509803 1282.437204
-3353.917543 -895.128265 1555.525363
-3696.555625 -994.245146 1725.077881
-3015.520202 -777.093352 1449.030928
-3794.427123 -1001.293783 1732.903324
-3425.375601 -852.207805 1641.613830
-3027.031925 -791.630850 1501.676379
-3678.241576 -929.622341 1677.898739
-2696.096096 -705.363125 1337.530312
-3179.596663 -771.734469 1580.146140
-4063.290662 -1096.650001 1811.258523
-3816.366762 -1011.612764 1768.033226
-2424.860239 -578.198816 1168.564944
-3630.389234 -930.326196 1694.993401
-3550.434648 -898.199137 1620.428774
-2949.720304 -771.680836 1462.359466
-2939.593761 -768.011768 1457.968292
-3537.529679 -954.776503 1575.728529
-3283.770266 -830.592639 1484.263858
-3060.526791 -789.706983 1471.656063
-3536.329636 -954.811534 1575.550110
-3349.615435 -934.522608 1683.708909
-3699.788207 -898.236837 1836.220718
-3331.261668 -912.610167 1549.910016
-4044.481302 -1076.646579 1864.818603
-4089.908625 -1071.711099 1820.881536
-3168.165746 -867.760934 1473.965412
-2854.553042 -806.222220 1434.512240
-3455.991449 -848.096269 1636.687835
-3140.213273 -770.870824 1488.116312
-3322.098550 -816.428784 1573.270111
-2782.506040 -737.998118 1382.793539
-3922.136462 -981.817345 1942.537415
-3307.536539 -902.863581 1654.673370
-2712.946901 -781.277597 1283.459937
-3434.158809 -974.040932 1673.442363
-3561.666282 -837.367188 1708.313862
-4095.390866 -1154.592635 1866.427754
-3232.140423 -789.014670 1533.867177
-3459.207918 -975.636441 1576.398774
-3262.218652 -854.440032 1453.189295
-3475.303057 -901.197123 1571.867111
-2895.465033 -750.665833 1309.686582
-3403.702691 -803.802064 1630.624754
-4073.342961 -1026.661962 1947.870190
-2497.203294 -709.015646 1216.318180
-4087.184965 -1070.882876 1819.623503
-2770.217878 -659.832239 1288.959400
-2607.297338 -739.555793 1269.605549
-3814.947301 -1075.366191 1738.270675
-2705.476801 -650.954464 1254.024195
-3969.771549 -1083.521426 1985.916568
-2871.934974 -805.519614 1385.092373
-2704.180444 -710.662658 1225.996421
-2724.942087 -763.569936 1313.848240
-2609.480113 -627.498292 1210.558117
-2719.254501 -653.408187 1260.312569
-3819.841497 -993.730198 1718.876991
-3266.535889 -849.724188 1472.035669
-3670.278116 -954.749546 1653.245881
-2859.163218 -708.754423 1293.492847
-3813.423862 -991.813600 1718.409146
-3279.795191 -959.908005 1554.711360
-3423.380665 -825.229277 1695.938193
-3344.260643 -806.700149 1656.344687
-3189.934841 -790.315549 1443.277425
-3643.831501 -1028.011170 1829.621839
-3711.703029 -1048.157808 1775.044871
-3315.988507 -863.236733 1492.430300
-2795.505151 -753.266170 1314.029568
-4070.243316 -997.843850 1875.493975
-3444.985523 -971.186646 1647.074742
-3009.904669 -858.826665 1407.651803
-3695.273859 -959.609499 1871.264836
-2520.376646 -709.730716 1206.059664
-3525.917260 -892.150522 1609.848649
-3426.819972 -900.569824 1552.180080
-2974.104815 -772.194591 1504.791005
-3227.539860 -798.769890 1534.883996
-3520.353620 -999.927766 1635.476464
-2746.339849 -784.437222 1285.986119
-3873.097887 -1105.828997 1767.636416
-2691.997698 -760.422555 1352.625561
-3233.752013 -780.101332 1517.981828
-2866.406110 -809.698895 1440.879730
-2425.267171 -684.507481 1152.201504
-2983.510438 -713.044041 1418.822718
-3937.599138 -939.981895 1899.149282
-3479.669058 -1002.857722 1683.832330
-3591.069910 -1022.801973 1768.717638
-2759.006450 -681.990695 1346.631787
-3421.800214 -891.754414 1564.403847
-3847.100761 -966.643369 1841.041761
-3425.162238 -903.549075 1581.865578
-3479.048324 -963.407512 1733.145436
-3413.198003 -805.586836 1634.716488
-3605.085582 -972.856856 1667.550576
-3873.594551 -973.591851 1852.874360
-3239.924932 -763.853773 1506.680136
-3968.511585 -1129.861279 1942.916684
-2670.421793 -636.813919 1288.079402
-3675.327618 -958.854739 1663.977021
-2600.021117 -606.863932 1242.411715
-3733.436532 -879.520791 1785.070082
-3438.836197 -962.364496 1627.395371
-2726.772507 -715.865052 1225.834928
-2661.506429 -627.662722 1237.354474
-3678.754151 -923.493199 1760.328794
-2634.680183 -730.283877 1242.008191
-3943.194043 -930.307304 1883.708996
-2930.839743 -701.681244 1396.698571
-3453.878548 -901.043245 1564.030941
-2778.675017 -749.533981 1285.767601
-2459.113587 -680.295421 1225.508114
-2736.123128 -667.634930 1229.077897
-2648.505700 -729.345610 1222.443267
-3088.804644 -746.950364 1449.656221
-2635.936945 -725.886830 1216.248711
-2110.601232 -510.130830 984.418065
-3500.560019 -856.832368 1582.048036
-2830.254565 -683.824918 1321.206457
-2844.005544 -813.199866 1396.160445
-2884.457245 -756.557215 1302.344373
-3255.825998 -819.714258 1557.390233
-3500.977995 -967.219195 1617.138447
-3873.522858 -1006.447512 1758.505751
-2563.115598 -721.579322 1173.182941
-3233.111468 -814.351387 1547.657001
-2636.378729 -627.766649 1226.600910
-3103.990648 -854.774595 1432.996833
-2755.516007 -758.782369 1271.546353
-2807.892064 -789.924067 1285.472912
-2934.680839 -839.753143 1406.172434
-3755.907991 -1052.856380 1864.479717
-3012.174557 -854.441290 1420.748293
-3974.347407 -947.505687 1928.120830
-3175.884530 -906.638773 1470.859022
-3030.904306 -733.177189 1415.349371
-4011.018833 -1128.526613 1835.285821
-3386.954814 -888.883602 1534.338564
-3563.973856 -944.101029 1768.877270
-2703.863162 -679.813084 1220.275162
-3146.092849 -815.018475 1467.865140
-3839.558982 -969.774942 1854.301986
-2639.255637 -682.948488 1184.089314
-2573.958294 -734.183148 1174.963434
-3438.914320 -870.974058 1659.073443
-3575.816481 -903.070024 1724.787391
-2608.812215 -712.854337 1193.807839
-3413.664059 -857.587338 1629.177984
-3070.840588 -837.966884 1404.621330
-3430.788225 -861.096660 1636.582348
-2874.124599 -761.173606 1426.536194
-2096.595506 -522.160161 1024.598456
-3289.992841 -932.769432 1501.238539
-3726.359327 -928.994693 1666.668538
-3681.986565 -1056.340440 1731.122520
-3802.455163 -1039.987343 1859.958418
-3752.077241 -936.277129 1677.618442
-3423.745262 -854.933285 1530.741968
-3804.600003 -1040.201796 1862.815021
-3666.655257 -915.748668 1639.709713
-2846.512101 -713.103388 1332.442872
-3386.052254 -856.801723 1635.852537
-3843.032184 -970.801933 1855.952218
-3303.167876 -827.597947 1564.238222
-2859.499966 -713.766258 1277.523153
-2614.585791 -657.250809 1239.597774
-3668.308856 -910.846016 1810.364753
-2370.574265 -672.556322 1082.052052
-3762.377986 -1014.743954 1767.052946
-3172.463228 -808.723393 1540.928309
-3563.405720 -888.058195 1706.716314
-3565.330692 -979.585693 1746.321362
-2725.811273 -679.298343 1305.662271
-3245.781559 -822.155603 1567.353593
-3268.362692 -822.928685 1549.325511
-2969.848580 -750.850852 1434.001230
-3095.515027 -778.949269 1478.154720
-3215.625520 -809.061244 1535.137912
-2914.980404 -826.557757 1328.752350
-2918.869480 -744.923951 1417.952540
-3066.616104 -767.038991 1451.982989
-2958.025405 -748.860386 1400.376821
-4004.904364 -977.455967 1807.352808
-2988.188534 -728.409061 1348.008405
-3872.397695 -946.599311 1830.015773
-3851.953611 -1087.999524 1924.933268
-4039.991451 -1020.988034 2018.289409
-4002.162018 -1115.234274 1965.449009
-3556.854031 -1012.718988 1731.905838
-2673.634144 -689.723585 1234.928046
-3436.760265 -868.938825 1700.480397
-2910.277536 -751.005475 1345.247287
-3860.280083 -936.994566 1882.198275
-2716.584742 -641.282814 1282.141218
-2987.225116 -728.312322 1348.590134
-3134.083432 -769.065740 1445.230763
-2722.443165 -678.867561 1302.914435
-3365.223590 -816.825052 1640.699971
-3919.051213 -943.009612 1851.272125
-2808.054573 -795.750457 1401.702527
-3543.969364 -1001.755327 1779.488687
-3536.128500 -848.489692 1671.287185
-3607.123400 -865.496578 1703.714151
-2703.367011 -679.114208 1232.140108
-2918.377831 -699.658177 1378.825793
-3059.434490 -770.043872 1449.705660
-2801.155355 -758.784360 1373.628745
-2890.560151 -708.563425 1352.209995
-3130.740798 -748.740584 1479.245357
-3871.230899 -939.335816 1886.804360
-3418.920286 -904.926388 1582.601072
-2759.885429 -675.701810 1357.840108
-2815.577055 -705.211930 1334.987933
-3751.853274 -1013.631596 1671.516653
-3015.159586 -735.776154 1425.775100
-2877.983033 -694.324723 1342.981891
-2658.573312 -641.386294 1240.999088
-3796.910631 -1037.729174 1810.055258
-2372.282779 -611.832244 1125.920414
-3483.956874 -858.989020 1650.509448
-2580.299175 -749.060042 1235.284814
-2987.060827 -706.614386 1399.312395
-2934.380422 -745.583530 1390.012993
-3503.116859 -1020.268342 1678.297199
-3387.559035 -942.213493 1663.070411
-2985.984339 -706.464887 1398.581368
-2705.373000 -785.623425 1294.778880
-2924.913011 -728.146594 1322.517115
-2604.303894 -760.815357 1239.715940
-2858.975747 -725.460384 1281.037392
-2979.711511 -755.944769 1412.741748
-2309.594841 -566.997455 1080.987706
-3153.328505 -787.313774 1493.396622
-3143.580480 -752.382300 1498.925012
-3669.830226 -930.572288 1644.833643
-3540.275892 -883.229983 1707.449537
-3265.087325 -814.932090 1546.743544
-3870.560298 -955.562894 1832.029468
-4061.216095 -1015.183697 1924.480696
-2508.144074 -627.212267 1189.049976
-2720.473771 -667.670237 1254.947302
-2528.927668 -606.759032 1208.590135
-3489.101642 -939.391584 1620.762684
-3297.234537 -849.909814 1564.696772
-3931.914333 -926.289507 1848.642497
-3159.140376 -830.612952 1550.191166
-2486.726600 -589.331180 1184.843540
-3692.132989 -951.282054 1848.864786
-2359.538415 -586.573653 1159.880705
-3119.415166 -804.122456 1395.088239
-3941.721310 -1022.531448 1791.593998
-4040.790035 -941.508992 1879.219040
-3078.021811 -809.070837 1509.944462
-4014.475546 -1043.598935 1852.623792
-2957.061621 -794.747358 1384.563019
-3331.663470 -773.628126 1585.530689
-2680.005543 -692.665812 1258.878386
-3505.923057 -998.272121 1625.520476
-3745.181470 -1015.278370 1706.448183
-2844.886997 -733.472945 1275.575661
-2831.531295 -690.796492 1342.229478
-3960.132397 -984.215605 1945.319982
-2948.065574 -728.922643 1440.018866
-2192.955942 -547.342333 1051.501937
-3471.314572 -971.201194 1720.172471
-4075.050674 -1022.363170 1848.910850
-3949.591174 -990.875139 1786.937069
-2709.060287 -698.829938 1214.352257
-3928.853497 -971.706092 1918.376556
-4028.248375 -1011.963922 1920.704389
-3251.384473 -815.613789 1475.779079
-3418.375366 -914.049948 1613.961068
-3096.700542 -737.075978 1490.870231
-2851.620722 -715.425386 1294.012257
-3091.224511 -787.679266 1478.411823
-3051.576831 -777.218997 1499.331665
-3466.984064 -969.206525 1645.646028
-2854.964324 -693.439915 1291.555849
-3993.384611 -1103.594888 1813.528850
-3064.762744 -780.981014 1465.719522
-2939.693130 -764.534547 1488.424299
-2668.449073 -732.495565 1277.793035
-2391.476661 -668.473971 1135.306331
-2942.784332 -823.827659 1458.954937
-3502.245143 -941.256029 1633.573226
-2922.404384 -761.110100 1341.211189
-2656.899705 -743.346073 1316.664897
-3156.999594 -777.636525 1450.541562
-3657.765083 -917.768076 1654.523342
-2586.071046 -654.157988 1168.105579
-2252.450101 -583.185818 1023.305843
-3458.089143 -877.334978 1641.145019
-3024.089238 -834.958384 1489.256125
-3336.255655 -966.469457 1558.972715
-3465.440799 -839.600356 1565.299719
-2978.591577 -719.133607 1397.233305
-3719.317342 -910.615191 1722.179119
-4074.971785 -1097.471594 1856.962118
-2972.841823 -862.943890 1390.054301
-2914.641357 -754.031196 1313.489299
-3656.868845 -949.967359 1851.601140
-3121.014418 -764.374456 1483.037895
-2760.083698 -692.129093 1267.460496
-2966.093042 -859.915298 1386.563706
-3372.340410 -939.466611 1635.859901
-3631.392969 -958.499630 1635.912642
-3944.976914 -1098.513174 1914.130937
-3643.045039 -979.010138 1779.181343
-2671.696223 -636.891689 1285.991671
-3384.488556 -805.179640 1633.834249
-3094.607590 -781.723193 1481.630238
-3644.069812 -986.632698 1659.914307
-3120.098395 -763.973455 1482.485626
-3681.313440 -915.615887 1810.595076
-2755.990978 -701.595339 1265.961368
-2489.785270 -592.702158 1179.132426
-3268.054913 -778.276792 1573.977991
-2869.062540 -759.115755 1429.203914
-3701.427930 -933.021328 1656.210356
-3409.699483 -835.634566 1615.662246
-3016.248435 -715.583593 1433.436075
-3470.432982 -903.590889 1545.050747
-3075.543996 -720.223517 1468.289202
-3545.083521 -833.462022 1674.358529
-2883.847312 -697.306162 1348.395929
-2648.920449 -698.969638 1193.767022
-3073.833342 -847.682196 1513.809099
-3512.483364 -969.604905 1730.978466
-3350.163899 -844.658694 1587.310972
-2506.827924 -678.964500 1154.905561
-2118.520723 -506.353714 1010.536359
-2156.178891 -507.489549 1016.823570
-3702.179135 -884.889233 1765.641493
-3582.058864 -870.074311 1619.440430
-3592.575481 -872.994075 1623.700241
-3102.766274 -742.143165 1477.996378
-3768.388089 -978.980132 1740.463424
-3526.409438 -879.604494 1671.066087
-2453.489007 -618.236553 1223.207093
-3612.718104 -843.503242 1681.487841
-3086.029632 -774.803095 1395.483656
-3331.667385 -839.222800 1577.726630
-2592.260892 -653.026931 1292.008849
-2495.362531 -703.166766 1192.044428
-3401.439577 -858.113088 1611.567584
-2833.104873 -732.954812 1259.659904
-2450.880192 -617.642807 1221.912681
-3309.015107 -810.663418 1565.294360
-3662.263844 -916.320901 1730.420312
-2782.736895 -681.447249 1315.756206
-3384.736768 -885.337752 1637.595761
-2855.900190 -733.842910 1311.284179
-2599.356567 -653.917631 1287.851286
-3441.388393 -940.364055 1727.378469
-3285.572821 -781.742419 1572.735054
-2808.267020 -788.891407 1374.633886
-2792.040544 -721.666017 1308.625421
-3005.634706 -819.479689 1447.350774
-3418.955579 -840.378270 1539.137338
-3510.310786 -927.774968 1644.565370
-2875.699030 -680.188583 1396.373213
-3031.280491 -800.976120 1420.232144
-2793.529488 -721.174276 1309.294608
-3274.510020 -827.692889 1517.361328
-2664.365001 -747.970908 1345.952702
-3107.964927 -881.456184 1528.762664
-3418.484471 -840.257907 1538.878507
-2872.697816 -751.487133 1390.106023
-3766.740999 -1017.840433 1860.677891
-3301.768806 -873.203949 1546.734523
-3024.234154 -770.720043 1383.676360
-3525.339737 -898.340533 1613.684857
-2774.052133 -697.931546 1356.231648
-2696.116070 -735.783029 1225.947681
-3914.624501 -1067.891049 1912.517130
-2943.966683 -811.424502 1415.321565
-2804.369037 -707.510766 1330.803381
-3310.925858 -914.873168 1607.059955
-2824.530032 -717.294455 1411.038419
-2806.078111 -668.389877 1343.413293
-3231.556403 -824.972093 1558.555516
-3986.439530 -1008.156131 1852.535296
-2507.150719 -696.505960 1191.592250
-3901.136284 -986.861806 1810.052662
-2732.916779 -703.779768 1305.821239
-3069.153333 -819.502679 1556.241485
-3548.242578 -928.178333 1750.604506
-2899.492272 -744.413410 1330.853405
-3400.775652 -905.959782 1588.452397
-3933.532483 -995.136902 1758.722051
-3768.422269 -1029.721381 1842.130547
-3346.577555 -793.718150 1571.533195
-3532.297519 -879.704249 1628.126443
-3749.234319 -959.747752 1750.810992
-3106.759890 -765.511785 1390.413087
-2757.678074 -679.113528 1233.854751
-2973.658500 -792.137144 1372.503739
-2773.805261 -782.286080 1263.556183
-2727.066225 -753.441853 1369.389280
-3430.738061 -968.226678 1631.928099
-3638.984313 -917.262526 1759.451095
-3362.167864 -827.728250 1540.916524
-2838.519709 -790.325702 1329.047377
-2784.532735 -725.733957 1277.580095
-3592.037197 -929.359466 1742.516247
-3451.387311 -851.015472 1684.129267
-2890.281076 -716.426440 1387.506230
-3396.970579 -886.595240 1559.318938
-2897.129585 -730.276832 1399.906570
-3639.515763 -894.033154 1724.618871
-3506.636614 -859.662867 1602.469026
-2884.484049 -760.332154 1285.554841
-2806.448867 -801.552744 1315.885197
-3794.080702 -969.580020 1702.990374
-2508.199204 -592.527312 1220.074548
-3727.309960 -952.356128 1715.730456
-3330.406526 -873.338915 1691.055789
-3687.998413 -919.335814 1779.030695
-3118.816643 -894.528266 1450.151207
-2170.746145 -600.342530 1045.282352
-3055.523669 -875.955961 1420.528361
-2378.834417 -668.007608 1166.291128
-3381.226249 -908.740610 1677.626013
-2586.518976 -695.504782 1283.291323
-3179.670412 -838.328539 1417.209824
-4009.081435 -1165.334990 1919.458464
-3768.762859 -944.537359 1679.118488
-3962.215887 -1095.343254 1908.017154
-3478.404252 -890.174414 1649.085451
-2863.273389 -781.777828 1398.814108
-3682.446412 -942.555384 1746.479568
-2413.989976 -597.635395 1187.129233
-2590.502912 -734.706420 1274.122370
-2629.623157 -678.975382 1184.396849
-2707.902248 -730.052489 1258.068769
-3443.016317 -930.686164 1701.089565
-3669.747429 -939.248362 1650.675202
-2834.207645 -665.113108 1334.168156
-3437.970417 -926.941796 1597.150931
-3794.012220 -973.984532 1911.121502
-3836.366992 -905.587566 1811.741105
-2463.993539 -715.380977 1151.713409
-2518.470799 -693.064161 1210.452011
-2831.389102 -715.322942 1315.857218
-3012.668052 -808.904721 1409.028113
-3558.725726 -873.356269 1626.637196
-2955.505635 -777.595972 1449.169257
-3043.653090 -754.982381 1398.922813
-3865.953934 -909.582318 1822.867275
-3231.843277 -752.620647 1544.493859
-2876.823326 -703.615101 1357.741716
-3605.416484 -866.769725 1730.024383
-2902.399624 -761.644213 1345.565920
-2839.650371 -828.365895 1378.024545
-3233.008255 -757.984000 1513.748441
-3233.889276 -776.688843 1587.441155
-2423.676452 -581.868363 1188.888044
-2971.667263 -716.679586 1458.609808
-2916.055883 -795.116907 1460.406128
-2523.292462 -612.362460 1136.612031
-2782.229321 -653.271504 1303.008350
-3467.492446 -872.480050 1654.264122
-4071.171473 -955.636752 1905.925003
-2589.895458 -620.667305 1189.972673
-3678.901231 -1004.633741 1795.017972
-3025.183305 -750.940394 1385.680851
-3528.486653 -880.686736 1682.146914
-3353.572253 -786.571035 1569.645518
-2635.548962 -656.667562 1257.660250
-3821.886082 -1116.838453 1851.746899
-2950.287265 -743.841408 1458.518338
-2484.182689 -710.359272 1148.770788
-3322.910833 -849.832837 1512.618428
-3126.743094 -760.429829 1422.925368
-3254.072758 -829.326777 1474.514748
-3738.549546 -1042.609685 1815.920208
-3308.533144 -922.946338 1607.981703
-3849.376618 -1091.425961 1787.086604
-3234.777783 -809.674541 1538.330815
-3174.195806 -813.856401 1527.584656
-2362.987707 -586.597943 1148.167920
-3286.970036 -822.496544 1467.730360
-3376.639071 -930.424198 1619.101526
-3394.520828 -843.125786 1648.426529
-3958.259987 -967.263435 1961.054676
-2841.493843 -687.232113 1317.370570
-2301.374532 -653.248247 1119.188943
-2928.149430 -787.080562 1336.322584
-3462.477412 -861.974750 1616.061041
-2606.087116 -717.954605 1204.087532
-3564.480036 -959.284042 1625.319358
-2738.966043 -698.301954 1241.478927
-3396.872122 -970.213924 1569.503072
-2965.268878 -734.674187 1443.762662
-2890.792534 -756.727096 1288.816248
-3534.041199 -929.886533 1738.850034
-3446.583960 -883.500805 1560.771398
-3426.615119 -902.413452 1595.334470
-3385.014929 -861.404412 1567.619472
-2576.637936 -656.506134 1242.081418
-3321.730303 -885.226824 1679.431459
-3744.754403 -959.486349 1695.431417
-2817.250765 -792.458765 1410.714424
-3321.228653 -925.379080 1551.910683
-3054.685784 -859.509403 1531.023940
-3457.957627 -974.090355 1577.039787
-3775.354293 -1078.487904 1854.062680
-3019.486008 -777.267119 1450.556228
-3605.883414 -914.281237 1740.820984
-3765.282903 -1085.828357 1762.078117
-2795.576963 -712.293701 1300.919837
-3720.178470 -1049.144733 1695.827587
-3137.460033 -806.177116 1556.174667
-3800.031180 -968.879244 1864.070159
-3210.337479 -801.544026 1533.803643
-3036.097537 -817.507672 1425.988212
-2836.713522 -791.418897 1305.027046
-3159.816075 -771.786489 1452.982567
-3575.187104 -879.313878 1630.359473
-3486.699479 -874.753973 1603.539604
-3887.435769 -984.939993 1741.807462
-3266.249854 -766.449987 1518.656216
-3344.005314 -847.233776 1497.319488
-3865.253907 -1058.176498 1842.573003
-2590.855134 -717.900327 1203.463497
-3054.645719 -790.351852 1379.945567
-4051.850289 -1018.175280 1960.771058
-2681.664956 -719.494913 1306.531552
-3668.947990 -917.799975 1638.553624
-2581.872666 -692.014340 1257.213718
-3768.386463 -1071.924679 1747.333803
-2676.248320 -656.503463 1270.963484
-3189.340310 -812.121317 1592.418477
-2418.622294 -585.370504 1186.613383
-3357.866000 -813.342795 1517.687733
-4044.308371 -1052.736748 1856.305297
-3175.852973 -831.362926 1551.042167
-3018.286931 -789.578562 1474.581172
-3701.342032 -931.648635 1793.464078
-2467.874196 -645.395709 1205.333662
-2981.280412 -780.030201 1456.493082
-2791.857734 -698.080302 1247.263920
-2761.305599 -709.518544 1387.454930
-2326.995768 -560.484096 1137.661427
-2583.337277 -651.739384 1197.894209
-2942.963320 -698.473951 1420.690400
-2857.049440 -710.910961 1427.373248
-2091.395367 -562.442067 953.425060
-3688.056068 -941.645932 1777.887101
-3703.602350 -1020.709738 1766.500016
-3991.769349 -1155.671911 1884.650659
-3843.821484 -969.472923 1858.424140
-3222.233913 -765.661235 1556.718991
-2319.815275 -674.235496 1125.012578
-2922.833234 -811.953362 1401.302188
-3489.382860 -965.345565 1694.349013
-2717.794227 -750.818030 1243.713496
-2969.104291 -771.602232 1396.504979
-3140.609586 -794.828488 1404.215223
-3632.555158 -906.600269 1726.844661
-3372.328115 -932.317416 1543.836034
-2995.084238 -828.825341 1455.266588
-3553.842720 -1033.987259 1724.124715
-3445.590108 -818.202839 1664.372593
-3059.536677 -755.665287 1394.703318
-3792.709581 -1020.086558 1781.489655
-3769.086344 -1033.376858 1797.748811
-3478.276219 -979.414058 1604.734188
-3200.972242 -872.587105 1455.621737
-3432.274109 -847.169209 1572.808923
-3944.224230 -973.380548 1807.414841
-2498.273223 -629.045066 1241.102386
-3073.706460 -798.433107 1444.432395
-2750.251219 -678.602441 1260.693495
-2912.875046 -734.175206 1409.608438
-3634.850100 -991.238108 1652.305680
-3351.236536 -909.178865 1681.657165
-3566.394679 -832.365110 1706.108174
-3695.557158 -1070.831565 1769.125867
-2810.328245 -684.762052 1369.505387
-3886.412336 -947.169946 1892.872840
-3571.768900 -936.895912 1651.459690
-3068.763304 -794.619870 1390.088113
-3919.883749 -962.392876 1882.155179
-3692.603277 -906.895711 1772.015797
-3487.247247 -983.582353 1749.490549
-2350.695528 -592.621845 1122.128759
-3488.794508 -816.734895 1615.406957
-3903.971923 -923.069559 1858.763098
-3807.711882 -1050.695068 1723.390045
-2462.264291 -656.276647 1248.019773
-3248.402699 -793.253562 1553.689736
-3093.107000 -839.140941 1415.771813
-3437.634018 -818.787898 1648.136925
-2942.657557 -730.221565 1346.472205
-2679.587596 -654.282032 1273.330135
-2314.501952 -559.933050 1074.349603
-2511.420734 -593.788682 1212.438054
-2404.943200 -572.791587 1153.339025
-4053.426816 -1114.038913 1881.385942
-3882.531403 -1093.132780 1906.214269
-3509.174751 -872.675473 1586.088967
-3369.866531 -939.253707 1608.578346
-2747.484453 -736.112158 1287.750897
-3756.348510 -1047.043513 1794.630987
-3059.520666 -790.065252 1416.271478
-2513.493409 -664.616985 1163.140955
-2358.372523 -657.961828 1175.863441
-3727.930699 -929.230046 1664.970879
-2888.149146 -688.115644 1385.170026
-2672.125737 -643.708109 1246.909048
-2890.348812 -782.430107 1449.226223
-2780.564593 -784.900668 1395.487041
-3305.728271 -810.361185 1522.521485
-3028.991419 -865.283168 1408.121067
-4004.367513 -977.806336 1840.382929
-2869.687548 -806.574279 1372.133158
-4043.143766 -1114.010781 1830.087605
-3275.296104 -811.739374 1556.492950
-2724.459374 -670.704156 1306.177373
-2306.606299 -657.491400 1078.449191
-2727.528127 -675.784142 1297.768630
-2824.944666 -738.855459 1373.824161
-3419.081781 -961.763559 1634.811789
-3124.468770 -804.915904 1559.551855
-3135.949605 -745.992818 1501.806836
-2850.586235 -793.890871 1332.853168
-2904.452819 -748.358242 1449.574409
-3626.493872 -876.373178 1690.387786
-2866.558738 -759.462579 1410.545233
-3206.710259 -779.553707 1446.483854
-2881.540221 -745.962071 1374.420736
-2589.630722 -729.385092 1272.399411
-3855.567373 -965.137234 1880.145201
-3298.612587 -798.003524 1530.805703
-2854.767196 -756.795894 1404.168657
-3270.609171 -919.704024 1481.121897
-3759.598751 -948.843913 1795.354312
-3346.706942 -809.961144 1640.229964
-2636.565306 -735.831000 1236.081710
-3475.324283 -869.126529 1658.389720
-3733.716414 -918.889646 1819.693243
-3282.410392 -923.262866 1544.443204
-3893.541059 -1092.021530 1774.273950
-2712.743405 -670.544354 1340.043286
-3100.830694 -775.608068 1481.226396
-2871.013453 -707.101899 1383.508875
-3180.401295 -786.640277 1570.434797
-3757.409934 -1054.122173 1797.185530
-3353.465061 -862.512742 1674.082202
-3869.718204 -947.269736 1902.762404
-3098.369700 -763.569845 1492.765426
-3772.465978 -922.952671 1855.767575
-3127.762752 -879.395218 1471.881605
-3118.244912 -843.265657 1409.761398
-3876.051370 -948.589312 1906.167060
-3552.851974 -1003.774568 1774.869342
-3572.818656 -970.943813 1732.640857
-2959.341477 -729.322249 1365.891080
-3311.608355 -813.924687 1613.504354
-2918.837446 -685.711154 1383.496583
-2989.825774 -698.573166 1384.439423
-3911.457169 -909.370017 1813.009760
-2167.374610 -503.005658 1005.156851
-3463.630129 -809.446667 1604.361983
-3093.920406 -719.515424 1433.612411
-2991.342514 -696.455365 1387.976517
-2946.580534 -684.641454 1365.524999
-3663.953032 -851.254425 1704.045438
-3361.178145 -782.770860 1560.582067
-3635.101001 -843.717622 1688.892561
-4133.854776 -965.177601 1911.019878
-2591.760997 -605.870475 1190.800404
-3345.793409 -782.185477 1549.937775
-3956.864033 -955.835863 1783.883377
-3445.554923 -820.821952 1689.113352
-3629.083555 -869.487759 1788.079489
-2421.546178 -576.502619 1187.211178
-3648.543696 -884.527936 1640.314151
-3462.423330 -943.073665 1727.897688
-4013.490990 -934.900343 1868.273699
-2764.935959 -709.999079 1388.406068
-2724.898105 -648.989604 1336.162442
-3798.967983 -906.571503 1861.724323
-2105.273482 -511.355678 944.762128
-2585.892271 -603.736719 1217.420848
-2886.200380 -678.372318 1360.577303
-2423.075701 -653.751276 1169.512789
-3059.759030 -790.306264 1417.485390
-2907.786841 -745.440464 1307.487992
-3285.391788 -770.875268 1508.023734
-3605.000852 -980.742807 1798.442184
-3069.995138 -794.160476 1405.037789
-2902.597210 -841.833643 1360.950524
-4019.395068 -942.246041 1849.188408
-3390.604982 -798.835091 1550.052376
-3328.653349 -840.016744 1583.820718
-3256.318844 -770.898677 1484.598975
-2890.104916 -678.670707 1330.571714
-2985.964694 -771.352064 1326.678046
-2832.284509 -663.934668 1303.413685
-2540.954122 -599.773257 1158.758163
-3303.924798 -921.718324 1603.421093
-2600.899716 -608.341772 1194.348904
-3772.632547 -923.687949 1855.400479
-3211.951054 -889.885547 1442.501013
-3106.407559 -799.094757 1381.435802
-2950.002017 -795.187930 1424.052313
-2787.355517 -653.600757 1280.564928
-3574.872477 -839.276330 1642.432056
-3525.352497 -907.333681 1568.135501
-3445.542653 -807.584436 1583.242273
-2573.426180 -714.127653 1156.639957
-4055.692547 -1165.971320 1941.134359
-3288.565941 -841.327830 1628.307685
-3662.408768 -858.554873 1682.178336
-3697.761322 -985.583022 1877.059267
-3766.076556 -1038.343675 1706.517330
-2538.005679 -685.588457 1171.799290
-3844.870598 -1110.950147 1812.591832
-2584.307210 -690.951450 1268.761733
-2708.570913 -782.131543 1276.717084
-2537.115896 -633.592607 1229.182688
-3374.635686 -932.890829 1625.599720
-3812.864627 -971.135428 1746.048265
-2685.570709 -659.954982 1208.337845
-3044.863474 -719.566280 1436.398079
-3874.568602 -976.584963 1793.957794
-2599.932802 -660.676755 1282.808193
-3063.452472 -780.419859 1402.561573
-3138.330477 -814.569452 1446.471583
-3967.525857 -1103.759464 1855.429234
-3373.261093 -980.950491 1614.309645
-3542.448982 -837.298307 1671.533209
-2337.045429 -675.040896 1102.957161
-3554.851443 -905.067205 1631.171173
-3173.429549 -769.888177 1438.724478
-2316.908212 -542.628226 1090.598915
-4049.123475 -941.275530 1885.372534
-3965.160486 -923.771009 1833.038966
-3797.613427 -894.709248 1737.252734
-3384.583327 -925.556649 1529.095928
-2682.735696 -629.624492 1267.936869
-3015.233632 -809.598495 1409.022606
-2840.221292 -666.820249 1341.590450
-2634.295256 -707.237060 1230.985339
-2984.715213 -717.385464 1349.930869
-2987.109938 -804.115163 1388.485733
-3393.866491 -944.369773 1691.724746
-2967.832351 -687.116774 1395.969110
-3817.858646 -1108.012584 1863.999583
-3504.154722 -869.722869 1604.309500
-4096.202692 -1075.924213 1899.191535
-4054.964034 -1111.156949 1907.769330
-3177.476459 -796.303653 1539.964613
-3236.895983 -789.921613 1546.790705
-2969.074988 -739.667456 1439.335444
-2510.975973 -713.667757 1238.276135
-3014.012637 -736.083630 1473.179503
-2944.910211 -751.485025 1465.407460
-2317.156411 -659.007546 1142.214099
-3568.144810 -1014.278684 1758.752357
-3628.269731 -1030.677461 1788.536360
-2940.076418 -697.662569 1417.589981
-3237.684461 -782.731792 1501.615856
-2618.733927 -761.199673 1232.311680
-3256.087515 -935.346394 1565.618927
-3280.481593 -932.680989 1595.802332
-2616.317840 -728.723316 1249.278292
-2876.279078 -750.964443 1275.854490
-3953.216609 -946.247835 1875.610052
-3940.013814 -918.267373 1822.980209
-3582.496815 -855.347979 1755.131219
-2482.782129 -591.912722 1221.128024
-3628.445061 -867.575314 1787.586617
-2992.398364 -698.068996 1386.797057
-4010.861102 -959.123402 1975.788021
-3429.369204 -863.250971 1661.971402
-2721.668697 -638.781053 1250.362567
-2851.993086 -791.745073 1280.368591
-2690.811615 -746.686784 1207.897094
-2594.719223 -645.194722 1295.552192
-2595.636841 -645.438281 1295.924671
-3980.521195 -1102.588715 1917.446941
-3888.814229 -971.897363 1884.550132
-3248.155813 -900.174385 1565.143242
-3043.113535 -842.370024 1478.250169
-3245.901726 -899.418902 1564.227975
-2908.975987 -838.296497 1398.489786
-3170.889716 -781.688617 1418.353500
-3452.437919 -862.940628 1674.157141
-2702.576627 -665.626325 1318.696716
-3392.542186 -924.679798 1542.895150
-2960.544301 -810.987113 1418.814091
-3193.059176 -745.718017 1530.711070
-2849.902044 -680.201212 1394.228034
-2451.468851 -592.381073 1109.208147
-3147.827226 -838.075889 1484.780366
-2685.582834 -640.036831 1308.356217
-3967.749718 -1063.878384 1867.159192
-2358.894394 -644.359374 1136.247349
-3346.678419 -802.381885 1657.403565
-2718.927021 -682.236336 1308.540123
-2857.594112 -776.726818 1374.224648
-2610.439413 -700.697937 1228.671468
-2610.324867 -700.966740 1228.768936
-2795.408959 -671.132804 1384.594942
-2751.996287 -748.273384 1323.293116
-3308.794354 -788.236515 1518.651563
-4039.049352 -1043.053300 1831.388295
-3894.094536 -912.150608 1826.957538
-3947.701708 -950.429367 1959.596146
-3666.581507 -882.935165 1820.716803
-2756.820724 -694.737253 1326.123927
-2578.870765 -627.505251 1172.566804
-3309.775060 -788.400484 1519.061621
-2738.180140 -744.484879 1361.606328
-2455.585785 -658.050944 1156.590439
-2857.177429 -674.376744 1345.502235
-3191.716956 -906.216909 1478.482306
-2764.837574 -666.033137 1372.837561
-2783.247682 -653.624262 1304.469642
-3817.570093 -926.122243 1905.960873
-3226.210473 -917.578102 1491.538560
-3890.374476 -977.895771 1832.051661
-3416.090625 -897.633274 1572.137664
-3448.005276 -884.406509 1607.985359
-2710.223136 -727.224967 1276.245366
-2960.820205 -709.958234 1467.576013
-2473.540885 -672.482640 1226.831264
-2715.397309 -644.842147 1281.535659
-2721.588655 -726.656284 1283.718514
-2855.587703 -689.058911 1419.478270
-3815.309486 -916.647426 1893.163838
-2757.000793 -686.117192 1267.076852
-2584.642900 -726.695373 1256.201428
-2815.726831 -681.437306 1402.390145
-2790.045574 -702.569048 1313.403002
-3145.745806 -837.649216 1483.914683
-3302.248930 -895.671537 1635.509254
-3520.150645 -954.889526 1745.124030
-3074.983567 -833.733275 1523.118068
-2555.019470 -658.762055 1228.174336
-3993.123776 -1042.425769 1847.932138
-3298.523402 -841.489399 1616.727269
-2712.488677 -678.482465 1269.910272
-3936.880868 -1142.899378 1935.266515
-3679.187856 -948.027543 1721.932408
-3292.317088 -800.110074 1636.266176
-2743.657619 -643.495112 1314.674913
-2484.472848 -582.867576 1191.147645
-3785.079750 -1055.195619 1902.827217
-2484.168937 -643.255909 1183.802359
-2911.760724 -754.023474 1386.883964
-2924.857586 -705.572372 1447.441571
-2926.022024 -705.607816 1448.058655
-2767.323733 -712.644473 1295.263439
-3889.935619 -990.908670 1906.187609
-3076.465519 -784.521896 1507.517633
-3917.719041 -1022.260295 1812.693283
-3318.447512 -855.894632 1595.689327
-3485.393811 -982.052261 1595.785401
-3678.252103 -989.535622 1809.647049
-3573.985105 -957.184254 1740.840578
-2992.486671 -816.045169 1488.578163
-2898.792657 -843.133056 1380.551707
-2913.523516 -789.608082 1442.245926
-3752.840257 -1024.087574 1865.946567
-3747.701961 -1054.255677 1793.200896
-2730.942194 -691.969877 1320.671516
-2436.815367 -662.510448 1209.955450
-3060.949791 -832.615963 1520.242871
-3074.378672 -836.272637 1528.093630
-2747.097443 -696.027070 1318.459927
-3403.099168 -817.700422 1578.725954
-2709.876776 -739.484074 1346.427722
-2875.163995 -785.957035 1427.855777
-2900.828430 -843.852826 1381.480553
-3840.815160 -1026.595788 1870.150241
-3018.006321 -860.928581 1412.343392
-3442.037317 -896.022769 1679.838315
-2710.791063 -712.314086 1248.708024
-3539.380242 -930.047663 1628.437067
-3284.761040 -778.852974 1513.405278
-3232.847424 -779.668782 1553.520689
-3700.190447 -875.946773 1743.883005
-3551.262785 -839.713865 1673.754141
-3766.096505 -1029.751073 1870.056168
-2664.483280 -712.213963 1234.856206
-3442.049258 -982.928356 1688.649358
-2915.606982 -815.557037 1385.030205
-2715.302345 -708.749772 1256.961118
-2726.028238 -673.526744 1250.834463
-3319.453288 -949.386704 1581.626496
-3648.753533 -1044.044515 1738.056355
-3312.793261 -896.276062 1660.558897
-3678.162106 -1003.894069 1829.055857
-3251.107278 -869.248654 1603.636241
-2869.808251 -810.809670 1444.223519
-3134.299471 -837.922051 1526.442179
-3670.851174 -999.685529 1826.781921
-2969.275896 -736.099451 1344.663960
-4053.131018 -1007.740612 1831.003187
-2800.311598 -753.930416 1250.883268
-2959.256925 -727.956884 1453.934255
-4036.276791 -1043.763612 1810.379687
-3381.174959 -830.992307 1600.629183
-2726.991901 -689.775070 1329.726087
-3081.243146 -779.086997 1502.596106
-3829.188657 -1092.034599 1772.709214
-2392.362988 -604.535180 1166.278571
-3353.678550 -814.772307 1585.508064
-3124.011945 -761.923107 1475.865138
-3454.434998 -856.379948 1705.396341
-3540.344424 -894.909993 1725.545321
-2960.979151 -727.828053 1401.449980
-4072.130056 -1124.433007 1894.819647
-2899.067018 -687.431313 1410.151676
-3320.163913 -916.535643 1544.973470
-3505.218095 -967.552310 1671.596499
-3228.338496 -836.280048 1473.224433
-2741.948948 -710.431381 1252.027599
-4052.369377 -1008.459281 1830.909464
-3431.847720 -972.337116 1569.646236
-3751.388039 -1017.899069 1689.880321
-2518.378712 -615.294108 1189.078184
-3025.569405 -738.459449 1429.392844
-2613.512746 -671.940909 1239.496445
-3592.545236 -876.406369 1698.114643
-3123.186831 -756.204788 1522.228317
-3710.627842 -1068.456285 1757.179905
-2835.094547 -776.712154 1410.031120
-3792.570737 -909.777220 1851.686589
-3084.673663 -849.841556 1404.996775
-3152.264621 -791.750171 1560.488145
-2380.091178 -663.810234 1180.815016
-2850.293099 -721.535967 1366.633471
-2815.886192 -683.261132 1404.342676
-2886.998789 -703.186768 1312.303460
-2496.396209 -707.550364 1155.268969
-3407.675902 -799.291041 1601.938525
-3890.099505 -908.773082 1879.061235
-2844.234531 -667.811119 1336.813600
-2748.788578 -780.628491 1272.170564
-2889.770467 -682.806894 1357.476839
-2424.667634 -565.540247 1169.392745
-2813.960170 -761.829847 1397.280489
-2530.953470 -683.408212 1220.861964
-2956.026496 -805.400898 1473.521654
-3717.704171 -995.145858 1809.863627
-3757.402496 -1065.805793 1733.711584
-3005.394710 -812.346673 1450.284761
-2992.945133 -835.662558 1401.427037
-3714.232522 -1004.975539 1837.803830
-3892.566005 -1005.241419 1745.290625
-2497.923430 -675.565506 1239.535768
-2156.508806 -545.735713 1024.208634
-4092.096842 -993.161342 1852.899905
-3610.810805 -915.302939 1713.821898
-2588.371837 -705.494495 1291.049348
-3414.896703 -824.576260 1601.381608
-2401.182753 -642.928587 1130.481673
-2742.279236 -696.200402 1273.326647
-2237.105479 -578.389255 1003.208273
-2682.596625 -653.442126 1267.867798
-2510.395557 -671.807900 1200.011738
-3509.108587 -975.177702 1773.290430
-3431.813529 -954.498636 1734.970068
-3435.614794 -853.395981 1578.736120
-3584.402106 -867.286297 1781.904034
-3169.743419 -881.534654 1603.995954
-3591.041591 -909.329994 1616.684496
-2866.576643 -692.985262 1428.405175
-2670.807708 -750.688153 1307.282295
-3980.364376 -1000.615853 1997.860706
-3556.681043 -832.713343 1668.897373
-2908.885829 -723.149150 1396.092364
-2601.068305 -662.002834 1282.802428
-3132.516697 -778.203066 1503.889245
-3767.176933 -1048.817739 1905.213731
-2669.971653 -750.495470 1306.979567
-4053.675436 -969.791279 2005.397897
-3581.902947 -937.419455 1679.849612
-3646.134602 -904.409299 1798.814325
-3747.245974 -888.812201 1761.147616
-3149.981017 -875.096643 1496.486105
-2497.815245 -693.738780 1186.478978
-3412.263732 -811.452261 1660.276532
-2664.218219 -633.385316 1294.994650
-3490.581630 -959.595143 1672.436997
-2684.208776 -682.724590 1322.894356
-2692.346870 -684.379583 1326.314181
-3368.610451 -835.785411 1661.943958
-2915.434229 -788.138113 1460.700380
-2638.837265 -624.819440 1283.072925
-3078.185537 -829.049935 1501.809903
-3815.771067 -1086.907949 1752.670745
-3014.017296 -858.730958 1385.317924
-3928.417918 -979.995961 1934.569313
-2931.837875 -688.493369 1376.759552
-2954.746887 -705.893128 1463.550014
-2799.357925 -658.486802 1315.103135
-3401.848570 -812.567431 1684.986913
-3399.263228 -812.468689 1684.078052
-2172.251042 -506.296847 1017.818518
-3738.611515 -1060.773169 1729.243285
-2631.676109 -641.026970 1318.914351
-3699.605602 -895.017847 1849.148160
-2682.254189 -760.835231 1240.843012
-3713.028612 -993.658629 1773.283162
-2801.322593 -659.106121 1316.019537
-3581.377136 -855.698875 1751.526751
-2919.594732 -695.456602 1447.206917
-2969.878162 -795.258254 1418.236738
-3989.996082 -961.306423 1988.923416
-3089.312511 -826.577418 1475.923714
-3440.078667 -929.555876 1700.503286
-2425.975243 -615.791780 1127.482968
-2739.183576 -764.346239 1362.225449
-3708.532125 -1036.163682 1761.747679
-3742.590923 -883.995628 1836.807363
-3944.328093 -1070.335111 1773.978219
-3073.324739 -872.697109 1424.287727
-3848.821465 -935.530218 1749.419847
-3727.530088 -972.726821 1706.221779
-3527.382807 -916.737329 1618.291174
-4011.891900 -1020.062149 1866.728214
-3478.631373 -936.505634 1555.518898
-2674.425648 -663.079911 1299.351819
-3049.755908 -859.155068 1396.663270
-2416.840663 -572.761795 1174.469121
-3460.534016 -869.045833 1660.383022
-3697.828191 -1003.568299 1662.509190
-3804.449508 -1015.229639 1933.305903
-2692.279738 -718.776603 1367.510320
-3590.975719 -869.576636 1756.654840
-2782.393260 -749.694214 1244.739906
-3974.306868 -963.762357 1798.822433
-3399.525049 -847.712815 1630.610625
-2500.748634 -606.598371 1131.816135
-2954.676918 -762.714894 1452.392351
-3509.600212 -946.520624 1570.248584
-2997.296313 -745.727597 1437.616362
-3639.968275 -905.511686 1747.071349
-2216.145656 -517.658057 1039.012302
-3961.070613 -938.017686 1931.732031
-3014.215870 -833.704077 1515.438809
-3225.382909 -765.199411 1557.535517
-2657.106324 -766.418834 1319.469949
-3182.353389 -838.553031 1511.029729
-3402.768203 -813.462116 1665.456008
-3957.983987 -937.329623 1930.428631
-2738.426010 -682.149546 1314.623309
-3260.698510 -813.111600 1565.337322
-3029.386107 -875.816969 1443.100827
-3670.051631 -859.698823 1746.125311
-2307.081542 -543.308354 1087.141832
-2478.771827 -660.673740 1169.619404
-3860.746996 -907.752123 1854.672366
-3372.241190 -836.208892 1694.786576
-3490.586878 -875.899183 1679.442837
-2892.717018 -748.296815 1339.067447
-3247.760885 -822.785687 1559.680074
-3355.973820 -818.679715 1632.773822
-3660.875884 -920.535569 1835.812133
-2950.399388 -852.342029 1381.848284
-3255.244664 -851.666096 1583.541291
-2799.993380 -661.650299 1337.848694
-3028.453092 -874.242696 1418.136129
-2338.752814 -575.588820 1140.806593
-2310.530968 -667.142360 1083.039170
-3971.505587 -940.608252 1918.652908
-2836.958482 -727.959214 1271.165489
-3316.550991 -815.604579 1617.031678
-3370.910768 -872.557170 1539.139164
-3684.483112 -855.079477 1751.612889
-2228.759904 -516.881290 1032.776172
-3506.286488 -826.407335 1651.342045
-3758.705427 -893.800874 1848.581935
-2630.744141 -634.533794 1189.111627
-3071.551041 -739.237923 1386.493223
-3080.677904 -717.988383 1486.496550
-2979.418166 -696.348139 1378.188210
-3418.430827 -833.815249 1668.158855
-3127.730283 -745.813476 1532.673269
-3372.114008 -785.886383 1628.777638
-3490.805970 -807.899452 1656.709323
-3117.842561 -742.045303 1533.814331
-3424.697996 -794.034206 1593.171906
-3107.188689 -731.493917 1424.390300
-3475.980486 -968.598649 1730.960464
-3874.895973 -913.817490 1768.245132
-3803.407609 -1059.320320 1893.397331
-2794.355698 -721.510029 1320.064150
-3688.543108 -879.141218 1803.822037
-3880.050277 -924.994873 1897.340789
-2938.865290 -791.545307 1434.348302
-2372.379732 -673.627695 1096.373984
-3175.923066 -827.548434 1495.959328
-3443.339009 -1000.526973 1640.892497
-2662.008524 -710.847821 1302.736957
-3091.793392 -732.810576 1493.862032
-4048.248359 -1177.559634 1966.353482
-2459.554823 -685.799279 1199.106536
-3245.780268 -816.435737 1543.779188
-3519.320714 -888.420311 1660.254800
-2780.732326 -720.834324 1281.170450
-3925.510932 -924.769459 1849.432822
-2756.203057 -664.717253 1248.216910
-2648.654645 -624.074204 1247.571173
-2833.488559 -657.755875 1358.223869
-3047.041670 -702.539604 1446.836445
-3697.620203 -893.503492 1846.247602
-2742.831786 -661.887433 1241.701248
-3853.336937 -1015.041546 1820.019535
-2899.150835 -700.097117 1448.180235
-2606.451297 -601.159739 1237.751975
-3708.103842 -911.789430 1813.700474
-2561.009155 -746.446929 1221.697238
-4144.810806 -998.629172 1875.736188
-2732.311140 -644.536319 1247.585181
-3902.467944 -910.997862 1817.881764
-3482.145223 -812.135600 1622.302923
-3799.582965 -1016.270387 1788.754267
-3780.612088 -901.345710 1850.632277
-3101.293852 -734.966872 1494.316475
-3466.082187 -852.890749 1691.485172
-3595.055187 -981.458738 1627.627871
-3596.664555 -892.455304 1711.270500
-3110.453209 -780.633501 1508.499294
-3966.914002 -946.384015 1943.421876
-3335.222952 -771.572567 1582.926782
-4057.711102 -963.662301 1925.729203
-3662.997058 -920.649067 1775.939257
-3848.714617 -966.311216 1865.576169
-3184.124855 -800.884371 1544.113863
-3349.787575 -898.787430 1602.685078
-2923.339486 -803.195707 1401.316394
-3962.376197 -1018.015503 1851.788975
-3335.498420 -829.613039 1584.371130
-2997.274699 -717.573849 1470.523985
-2905.639644 -722.576482 1379.696892
-3438.992632 -1002.765978 1661.808655
-3700.549927 -903.792653 1848.813359
-2909.376859 -791.420566 1385.800697
-2766.537401 -654.251980 1272.173703
-3733.021186 -1055.882601 1782.905123
-3365.431382 -887.605489 1575.256890
-3902.805208 -974.549378 1889.319861
-2989.085173 -744.631169 1496.062252
-3692.919169 -926.546861 1784.071359
-3023.015347 -842.249328 1385.855704
-2728.070194 -684.960223 1317.614051
-3014.255965 -757.695132 1454.547583
-2664.142266 -669.967185 1284.306921
-3301.208005 -821.690881 1493.959908
-3062.300824 -836.900438 1456.798636
-2465.304289 -670.990286 1163.601091
-3228.440566 -920.210791 1489.946310
-3685.494839 -1003.313324 1663.454722
-3054.156062 -759.716602 1479.291752
-2958.691149 -841.401105 1365.842307
-2893.421312 -774.156669 1367.552389
-2516.647906 -685.720411 1257.785227
-3814.681147 -948.047705 1846.903119
-3776.316748 -1029.056169 1886.374337
-3364.023122 -918.954151 1600.001733
-3905.219851 -979.226215 1887.032386
-3107.257941 -771.656568 1487.605383
-3184.269142 -790.771529 1525.104484
-3303.453928 -963.036062 1546.215779
-2489.244248 -618.067638 1244.647229
-2773.604587 -674.576109 1352.343243
-3582.290319 -891.651096 1651.888227
-3541.992227 -882.869115 1712.398438
-2946.741659 -807.839528 1416.443276
-2761.604614 -688.362703 1381.684926
-3234.880280 -880.766517 1585.092095
-2885.948865 -723.098155 1394.894074
-3051.951597 -764.142983 1460.670015
-3086.917435 -843.998421 1453.670648
-3713.600872 -1014.690096 1749.753946
-2872.687102 -761.912800 1330.937166
-2675.650018 -678.778764 1265.577185
-3527.644086 -887.931070 1688.718548
-3893.140908 -980.058920 1863.490536
-3170.536592 -787.877025 1518.090357
-3181.303869 -801.134752 1524.109862
-3697.881332 -1033.638006 1803.824947
-2741.301421 -682.521495 1288.444509
-3273.931056 -821.664651 1555.024311
-3758.341809 -1072.249805 1736.207852
-3183.314857 -780.037363 1584.184217
-2722.576815 -681.823445 1303.713664
-2030.028504 -566.491969 944.077335
-3097.174393 -776.721672 1495.428240
-3672.905111 -971.269103 1823.255812
-2978.957810 -710.486433 1409.950642
-3198.375110 -804.709048 1566.035523
-3609.594614 -919.804264 1680.313668
-3871.680190 -1101.755086 1896.843768
-3033.536096 -774.353208 1441.144335
-3254.444851 -815.838189 1559.510607
-3137.308994 -800.610860 1490.216715
-2970.617957 -846.987507 1371.892255
-2942.099567 -846.625827 1413.622013
-3495.942554 -876.726252 1667.780010
-2481.737217 -700.800053 1201.601956
-2860.392442 -807.513992 1384.585906
-2348.732499 -636.768237 1108.945550
-3747.608982 -1057.795405 1813.417053
-3861.061848 -1082.588295 1863.720422
-2616.724005 -654.388419 1252.119498
-2947.245757 -831.917340 1426.214723
-2658.449629 -660.927818 1286.013205
-2906.287482 -722.598467 1406.976948
-2871.822011 -804.546780 1386.926204
-2050.706823 -571.992251 953.190223
-4136.263306 -978.471272 1905.438184
-2395.670297 -598.938072 1145.353156
-3839.516150 -959.607297 1837.165536
-3371.969129 -909.562251 1592.833544
-2723.973104 -733.737224 1286.721704
-2684.622071 -722.973551 1268.357421
-2673.775983 -719.140324 1263.275544
-2684.689088 -722.042926 1268.338785
-2409.452431 -600.170967 1164.616309
-3016.436776 -711.479620 1401.829680
-3137.611958 -762.633429 1530.234320
-3582.189765 -896.156402 1713.129448
-2908.542645 -722.966767 1407.484568
-3640.078024 -861.234410 1678.460737
-3846.884978 -1041.227237 1819.868889
-3714.752255 -1004.925864 1755.111054
-3877.221161 -1048.737680 1833.220580
-3489.734715 -995.191286 1611.909283
-3084.695771 -900.001065 1461.836006
-2461.981555 -679.951268 1208.421116
-3152.916982 -791.921730 1559.086267
-2778.140152 -747.128638 1314.451609
-2896.579255 -759.472769 1419.489585
-2646.424709 -664.812343 1309.307540
-3961.902021 -936.029933 1908.681819
-2877.780935 -780.150088 1359.553590
-3965.643489 -936.897373 1910.595378
-2968.170900 -832.646590 1432.966077
-2737.685228 -694.294319 1296.050020
-2968.555831 -743.033211 1434.251421
-2256.125024 -632.421529 1089.798178
-3049.052865 -772.372593 1443.520167
-2972.097440 -753.335367 1407.946474
-3952.156297 -959.596957 1926.977075
-3582.609324 -900.081646 1732.834286
-3050.521602 -762.755556 1476.013068
-2500.562388 -676.935222 1203.125824
-3609.618661 -882.028564 1711.017516
-3787.866337 -1024.590598 1822.732111
-3171.763503 -794.212322 1535.120196
-2436.461730 -595.733444 1215.768636
-2934.190187 -717.576190 1463.662918
-3180.035863 -827.970943 1416.131457
-3982.496209 -1145.658920 1891.252025
-3552.468445 -964.552406 1629.097234
-2429.221551 -617.343308 1114.965884
-3869.321698 -1085.778473 1855.988515
-3082.438822 -851.976121 1399.586274
-2354.495315 -586.660084 1117.993830
-2805.404135 -707.062345 1333.445890
-2850.098733 -770.639761 1372.412661
-3421.910612 -856.149877 1530.147233
-3546.195100 -886.629788 1699.967502
-2619.891475 -732.540538 1278.342482
-2782.162652 -679.275686 1318.869696
-2734.546300 -793.069534 1312.897082
-3229.336563 -815.386197 1443.635722
-3074.120812 -720.084236 1467.718658
-3281.009025 -852.198749 1515.776548
-3612.120926 -937.780141 1668.964300
-3166.768483 -821.895770 1462.270359
-2950.829805 -828.018206 1425.736980
-3902.920875 -938.905144 1800.779925
-3426.531762 -998.416726 1655.477534
-3564.450502 -1038.858925 1721.871619
-2570.176511 -629.337246 1215.605902
-3376.967455 -825.359868 1687.429732
-3639.185240 -1014.279752 1670.034984
-3129.676446 -734.011525 1495.260882
-2825.867725 -676.465083 1377.298514
-3358.184006 -911.138086 1601.353099
-3041.300844 -869.541039 1450.845858
-3570.974143 -1036.883475 1736.241325
-3160.362250 -748.182982 1457.313844
-3268.432867 -827.074877 1517.380027
-3278.307491 -828.892939 1522.603341
-3177.321596 -911.964565 1572.542498
-2871.857445 -775.835396 1358.946479
-3497.962239 -973.749679 1605.815627
-3237.567963 -930.684697 1572.859832
-2797.594662 -726.097947 1316.228612
-3015.205374 -812.387518 1362.810033
-2893.909414 -828.805575 1431.660780
-2553.472882 -636.276396 1232.648459
-2342.359404 -607.452968 1081.645058
-3882.450607 -1132.396922 1882.709964
-3641.993099 -918.534615 1623.299799
-2403.559786 -602.733053 1188.622267
-2839.756501 -717.385549 1265.432575
-2773.224112 -690.172937 1348.382408
-2484.190551 -598.158327 1219.838201
-3413.095810 -820.759162 1675.789855
-2968.051284 -738.226904 1437.792454
-2810.956097 -789.370069 1310.730911
-3515.549048 -1004.261006 1623.882942
-3638.441925 -1025.054804 1643.073937
-3987.322134 -1088.891337 1889.279722
-3677.025537 -921.826036 1821.710483
-3792.993941 -941.425396 1836.581926
-2711.562710 -672.946028 1313.190466
-3396.960724 -970.304763 1568.999016
-2605.257922 -746.955473 1205.024900
-3799.106877 -1050.770448 1724.591440
-3418.951067 -921.578767 1617.444894
-2363.561306 -588.126538 1125.989470
-3657.808467 -998.041803 1732.316724
-3932.574058 -1008.945460 1949.078448
-3756.915099 -1026.423180 1768.383663
-2994.823993 -732.535972 1383.132925
-2812.814012 -789.893379 1311.490569
-3672.366592 -1071.393740 1709.564872
-3067.405284 -882.796602 1415.923428
-3241.554210 -933.460258 1495.572705
-2875.783531 -829.484055 1326.631454
-3271.703520 -941.350981 1509.629222
-3862.366322 -975.127150 1719.425099
-3249.646672 -934.907113 1500.635570
-3443.996253 -869.747871 1533.496503
-3903.787900 -954.452975 1773.017268
-2349.217108 -634.388919 1118.717370
-2784.208031 -680.213128 1264.108702
-3174.353708 -767.726928 1552.429909
-2936.444651 -703.076091 1437.722958
-2578.759187 -725.417737 1200.013810
-2784.396826 -697.360404 1243.907361
-3713.219150 -909.786996 1813.071315
-2822.568896 -706.224025 1379.292760
-3744.954869 -1006.776223 1773.052084
-2877.692323 -772.965721 1362.420008
-3137.018636 -882.280875 1459.780089
-4023.146056 -1017.460792 1794.215995
-3694.223415 -864.197637 1775.321986
-3691.844917 -863.514988 1774.059579
-2849.046638 -825.314865 1311.635414
-2802.019192 -688.481732 1281.657611
-3985.595043 -931.493406 1884.646040
-3538.250741 -884.084007 1621.417493
-2615.954834 -637.743325 1275.439482
-3393.367220 -823.931231 1663.688863
-3359.011858 -817.535822 1637.668290
-3005.987549 -805.181398 1408.074419
-3398.687145 -864.666008 1623.354166
-3238.776458 -775.813509 1510.142284
-3069.085970 -782.706227 1518.787040
-3163.126205 -792.133270 1509.090782
-3173.633009 -818.729393 1585.107358
-3356.775896 -814.703421 1647.147880
-4051.635807 -1006.066047 1833.356274
-3701.523327 -927.065338 1803.525369
-3178.048657 -777.104709 1471.592112
-3157.976125 -771.197446 1507.279997
-3447.218057 -848.225193 1683.856532
-3310.061228 -857.543276 1579.038844
-2861.853312 -774.266562 1426.379625
-2816.400401 -786.779713 1373.419924
-3236.826529 -870.131284 1444.419886
-3791.292991 -1016.583953 1799.724392
-2398.155896 -616.985600 1198.073739
-2392.764855 -599.335058 1141.574084
-2815.037176 -786.472553 1372.811425
-3697.065310 -951.061536 1849.865931
-3584.199053 -896.801004 1712.347320
-3882.367021 -1006.028500 1852.108696
-3285.969423 -778.087863 1539.675955
-3316.720463 -815.978489 1616.172064
-3590.438136 -879.656054 1747.767092
-3075.508338 -791.061531 1540.933724
-2510.619861 -645.908864 1258.014613
-2355.212438 -561.552703 1155.577531
-2862.092747 -736.505468 1278.967474
-3418.415558 -920.538074 1648.373569
-3716.125037 -992.213751 1758.811714
-2979.297579 -795.949616 1410.078911
-3878.716449 -906.570578 1797.923934
-3365.754617 -867.724267 1497.953023
-3665.717792 -945.764570 1632.190372
-3598.846734 -927.671843 1602.728413
-3209.022810 -826.473816 1428.490331
-4025.159352 -1035.104184 1791.363725
-3810.661848 -950.846881 1869.002634
-3695.401678 -952.855018 1645.055683
-3034.918244 -757.281306 1487.940468
-2826.102690 -743.067108 1313.818600
-3466.642521 -999.232223 1666.509791
-3626.514414 -1011.568213 1770.158598
-3617.556934 -1009.810732 1764.516303
-4073.255113 -1035.820918 1864.022233
-2937.170107 -708.184671 1324.663201
-4030.851075 -1106.231935 1876.897510
-3136.631645 -801.341249 1551.321348
-2788.178322 -740.967723 1323.247793
-3641.610677 -921.110516 1622.571628
-3610.151124 -959.885653 1714.311573
-4054.422058 -1135.275991 1890.425182
-2583.598740 -723.604012 1204.914710
-3973.979972 -1161.519623 1918.294812
-3789.396121 -1056.512098 1831.477077
-2883.766183 -789.175839 1356.133555
-3178.960547 -890.776777 1482.315264
-3844.053328 -933.228509 1884.499142
-3201.659437 -782.161111 1529.609608
-3431.930445 -1003.810074 1656.950656
-3419.775606 -999.309585 1650.002975
-2980.000333 -709.301587 1463.483772
-3453.496829 -845.628623 1687.181164
-3406.306677 -807.316731 1550.937511
-3987.167148 -1029.630862 1848.399073
-3471.445549 -850.562434 1697.178494
-2430.733436 -590.217541 1191.474758
-3102.853375 -745.628492 1405.263057
-3026.625199 -780.974517 1485.964664
-2432.247655 -585.602078 1102.231175
-2980.362331 -696.184169 1436.182921
-3430.882146 -855.944031 1692.254210
-3937.502970 -987.307888 1895.066777
-4028.186386 -987.795243 2011.425862
-3900.809144 -956.289019 1948.820025
-3629.659617 -884.935077 1810.946127
-2969.151016 -843.274885 1369.648189
-3452.515486 -919.832591 1629.443574
-3679.592044 -948.955237 1722.640443
-2494.145710 -676.267274 1198.613393
-3400.736577 -920.619683 1621.538265
-2635.808720 -697.279261 1250.188426
-2621.147239 -746.310499 1285.359422
-3725.929696 -1030.506616 1679.363057
-3193.139349 -797.410364 1542.620911
-3110.684367 -886.424748 1531.687581
-3801.014440 -1060.641593 1893.121066
-3400.466473 -848.912795 1641.288078
-2571.953685 -628.486730 1190.437902
-2953.897534 -739.004617 1427.100750
-4031.294755 -1022.599606 1865.757756
-2775.920893 -704.058471 1285.122554
-3539.005402 -882.467872 1710.100008
-2620.687510 -669.497737 1244.371677
-3094.821455 -856.658714 1438.704751
-3129.089339 -765.725992 1446.664931
-3110.572218 -886.474780 1531.659176
-3155.779522 -771.017000 1459.435958
-2574.739669 -659.437523 1240.400334
-3761.262218 -1019.511993 1857.590817
-2493.535482 -598.844879 1216.899997
-2416.205642 -579.736524 1178.950298
-4053.299010 -980.660337 1835.245615
-2979.569188 -695.967192 1436.898921
-2687.555663 -710.843508 1273.951745
-2555.950698 -648.210552 1213.994989
-2238.159648 -567.479309 1063.398512
-2595.032146 -620.932825 1197.177466
-2834.768658 -661.975809 1322.744451
-2424.742518 -590.435405 1210.540466
-2558.593584 -627.624487 1283.403234
-3436.125607 -931.746855 1651.787527
-3586.264053 -946.829228 1701.908362
-2389.478448 -582.662084 1196.836220
-3563.097911 -841.007563 1734.650991
-3006.633583 -811.637477 1444.349824
-3416.609853 -853.728067 1641.816694
-3801.062922 -1001.270445 1791.287162
-2832.074438 -745.659238 1335.594345
-3619.087794 -973.394864 1722.633573
-3618.782970 -973.917146 1723.722428
-3578.011811 -924.634898 1667.813593
-2723.730525 -698.653892 1249.783577
-3797.157767 -1000.657300 1790.233175
-2821.895556 -674.661174 1380.193300
-3442.906516 -918.119014 1630.991798
-3904.448206 -955.144793 1955.115645
-3681.711076 -920.603916 1766.472126
-2637.027027 -755.622256 1303.653613
-3243.755067 -928.860010 1603.373339
-3277.502354 -762.762194 1567.188391
-2592.741223 -622.983050 1268.426226
-2202.556343 -567.866160 1082.428722
-3689.117260 -1051.932023 1706.687828
-3390.204569 -946.478665 1626.909196
-4049.684512 -1014.627361 2004.920173
-3922.183402 -983.550043 1941.582523
-3688.329701 -1051.576068 1706.603533
-2611.886548 -747.208550 1231.034364
-3428.555480 -1002.241099 1656.172478
-3879.942540 -1056.677943 1828.808793
-3609.294582 -904.264232 1786.654414
-2997.039365 -751.237355 1482.454556
-2722.457623 -658.757223 1330.833416
-2659.376747 -622.088978 1283.912385
-3273.154192 -765.965248 1580.245283
-3429.750963 -1002.932405 1657.292179
-3590.998361 -1050.049967 1735.360461
-3075.763142 -753.647142 1543.443523
-3075.049974 -753.316354 1542.931320
-2971.430617 -725.836739 1490.322593
-3810.182696 -1021.925169 1806.108320
-2626.686751 -616.177780 1250.259524
-3731.932000 -1074.809786 1849.784415
-3436.629162 -990.391999 1703.900233
-3320.819845 -815.776590 1614.496798
-2973.924883 -844.893064 1372.231580
-2761.785946 -714.812631 1278.830558
-3451.488699 -847.902239 1677.825753
-2929.124330 -809.419243 1319.994437
-2660.855556 -699.466315 1352.737324
-3945.312671 -955.934540 1789.447931
-2894.916349 -701.145889 1312.524057
-3174.372025 -767.726997 1439.263467
-2620.715065 -730.840479 1304.652329
-2992.857822 -869.329452 1436.460951
-2652.494133 -740.001266 1320.748100
-2420.068560 -579.240195 1180.515083
-2561.422437 -624.859659 1281.367704
-2649.194867 -645.600936 1324.278498
-2951.855000 -823.208311 1440.068740
-3721.431540 -1081.328015 1808.621295
-3035.230598 -810.989523 1448.224731
-3757.938222 -929.046835 1887.762493
-2891.708712 -697.220740 1441.760440
-3946.716927 -953.349729 1786.847144
-4060.495214 -935.679988 1927.835874
-3406.632360 -787.299927 1630.492981
-4025.908983 -930.948781 1894.894978
-2621.029252 -731.263624 1257.320092
-3230.937996 -905.923654 1505.619774
-2955.631096 -691.670252 1427.259369
-3722.299222 -988.703026 1768.455912
-3959.404211 -1074.366535 1906.275556
-3990.882128 -1164.649616 1903.606151
-2447.313419 -657.009681 1248.176242
-2250.973408 -658.777614 1122.782144
-3834.490049 -1130.501505 1843.563862
-2473.049263 -631.878887 1245.847695
-3068.363684 -845.665438 1468.007022
-4014.546648 -1116.052330 1834.367382
-3530.816320 -908.611517 1622.795914
-3236.774106 -833.794844 1487.965102
-2671.254787 -661.275421 1260.043598
-3142.828468 -794.638646 1566.746788
-2936.732647 -842.083453 1400.680551
-3647.379590 -980.388927 1643.233905
-2801.916885 -753.977976 1261.126611
-3529.170625 -908.968384 1622.596208
-3320.133715 -893.369569 1494.195506
-2502.679587 -692.823539 1190.641150
-3671.471653 -1058.682431 1751.082240
-2895.339312 -834.307554 1381.165110
-4010.140496 -979.672340 1807.280787
-2307.411121 -584.358374 1090.639396
-2703.414926 -779.669520 1337.591563
-4065.994838 -1046.843927 1898.002607
-3218.133914 -918.331183 1534.467944
-3220.964724 -919.234344 1535.707320
-2809.507778 -714.469293 1328.056954
-3765.343092 -980.620347 1737.925388
-2800.566311 -671.496951 1318.278034
-4101.441409 -1002.445088 1848.458440
-2878.817412 -707.845487 1358.327609
-3002.749076 -768.398359 1420.184617
-2592.931459 -615.857741 1220.502876
-3539.618880 -890.722248 1746.983686
-3391.203349 -883.397791 1692.172076
-2868.586464 -787.329081 1301.113402
-2591.940686 -652.282405 1279.478379
-2709.215256 -778.301501 1279.641320
-2509.693482 -624.575575 1146.087290
-2595.601396 -653.518071 1280.854463
-2660.662243 -699.015245 1334.128081
-3705.306428 -1058.384394 1826.617685
-3212.663150 -805.325046 1517.756971
-3912.594779 -967.743340 1846.737528
-3960.420248 -1020.247342 1848.930254
-3344.890591 -794.897545 1553.830831
-3260.735282 -860.422076 1581.602990
-3964.339664 -944.869285 1906.128597
-3443.298780 -823.053960 1673.390461
-2664.930642 -719.048574 1319.472317
-2425.112417 -639.436153 1132.483797
-2491.003296 -657.878241 1261.845840
-2608.536736 -695.192772 1228.619295
-3352.168444 -807.933465 1560.582675
-3643.427766 -1000.201754 1654.173045
-2789.464346 -700.063552 1318.661068
-2963.268519 -729.992064 1397.153720
-3073.517503 -844.773910 1394.706224
-2943.422017 -761.083288 1454.572577
-2799.820145 -769.332369 1270.942255
-3551.076504 -934.833778 1618.256446
-3439.655881 -1006.062229 1645.247051
-2956.036535 -764.605858 1460.500164
-2501.822330 -690.161681 1170.069226
-4033.396752 -1056.896602 1950.319477
-2850.463407 -785.193999 1365.241740
-2755.692460 -711.032075 1364.495194
-2489.041477 -613.454590 1173.966996
-2464.199508 -669.412631 1204.368321
-3385.593528 -877.592818 1648.671820
-3696.089771 -955.048478 1829.031506
-4098.767124 -1045.299034 1936.439269
-4021.891964 -1032.066842 1948.175760
-2950.449007 -727.934967 1394.112386
-2829.281662 -697.166615 1333.996932
-3925.784933 -1147.022036 1877.068080
-3924.914965 -1146.765672 1876.559385
-3432.250896 -845.592402 1619.070988
-3797.812072 -1047.289160 1777.229948
-3351.166371 -866.039850 1658.340001
-3172.525466 -814.114530 1537.307553
-2712.578271 -791.223988 1282.255747
-3509.195944 -840.326334 1651.922140
-2616.004958 -650.424242 1234.260376
-3547.275023 -933.668934 1616.557110
-3421.326475 -880.832586 1597.313157
-3664.034797 -982.438968 1705.139007
-3147.908421 -918.636234 1488.986475
-2826.725075 -797.447869 1405.417279
-2731.385526 -749.430110 1239.896582
-3767.169756 -926.892840 1776.510971
-2826.095862 -696.097629 1332.389547
-2981.083432 -714.235352 1367.271774
-3188.159158 -768.630684 1505.375393
-3474.876795 -883.910290 1642.609539
-2876.769535 -788.165813 1348.268506
-2116.305336 -561.730129 952.164639
-2507.472860 -709.466889 1182.488154
-3103.495594 -823.490885 1396.340146
-2964.445765 -847.148394 1358.729182
-3089.431249 -824.562972 1382.346872
-2724.225681 -778.673389 1248.926815
-2288.924581 -648.697788 1151.485094
-3459.651832 -878.530688 1653.953289
-3349.624321 -807.471032 1579.656210
-3536.067995 -923.543667 1795.330409
-3430.138788 -914.328259 1728.813492
-3040.621267 -846.074832 1521.344666
-2448.773891 -576.259283 1137.027553
-3329.475144 -950.155134 1526.720854
-3469.344394 -870.774360 1640.457526
-2827.564338 -824.522004 1377.803981
-3419.285030 -903.340843 1553.942281
-3573.707416 -979.314445 1666.046622
-4024.221483 -994.169614 1827.326754
-3382.307723 -918.758945 1555.355799
-3026.603490 -767.801849 1440.409567
-2433.845644 -627.966571 1184.813101
-2662.143857 -697.515501 1346.737360
-3608.692125 -961.755756 1812.137256
-2637.708350 -699.995067 1317.343340
-3403.903760 -826.055711 1675.129646
-3298.481571 -875.285424 1662.118054
-3562.006690 -950.462364 1787.962244
-4056.554961 -1047.866570 1829.817323
-3969.806462 -1109.146961 1823.877320
-2675.292785 -772.332318 1297.267637
-2477.889490 -656.416207 1116.882851
-2531.177090 -670.090255 1266.440813
-3150.191552 -766.789898 1567.007635
-2762.386976 -679.815106 1289.690737
-2977.820662 -775.182921 1498.278969
-3185.429378 -890.641712 1458.680755
-2942.789348 -779.481829 1325.860709
-2359.197350 -630.182260 1184.233044
-3290.773964 -940.761221 1508.152416
-2435.087177 -594.046692 1211.116270
-3325.186283 -822.290283 1619.153323
-2759.601730 -672.463642 1373.686049
-2638.270704 -689.867224 1325.842706
-2711.918791 -653.805065 1279.369509
-2846.404769 -765.025567 1435.216286
-2773.136075 -741.234122 1391.835469
-3414.789190 -909.395596 1710.151379
-3005.534993 -837.398514 1505.281717
-2955.044809 -792.190236 1485.212187
-3876.151433 -1066.848360 1832.918295
-3065.775274 -783.828915 1406.324023
-3424.825849 -906.759642 1555.280681
-3972.663698 -1050.993008 1987.303741
-2744.829355 -735.857789 1381.438280
-3575.299192 -946.504929 1788.300233
-4108.652163 -980.168202 1888.729577
-3567.568625 -981.797864 1683.645665
-3429.319294 -956.644586 1608.880897
-2481.743854 -709.582105 1216.053819
-3766.147959 -963.079158 1728.359768
-2869.093094 -749.160206 1452.598451
-2895.633129 -775.141380 1455.131232
-3090.783869 -861.485745 1451.696205
-2627.954882 -687.327182 1331.007293
-3518.318359 -933.826197 1773.277107
-3697.871159 -967.096912 1873.480943
-3875.382461 -954.822568 1808.241692
-3132.268340 -911.563971 1496.802351
-3066.302644 -784.053924 1406.508029
-3689.194759 -964.794770 1868.516691
-3238.456169 -933.122370 1587.854874
-2648.045891 -701.941948 1201.353829
-2349.620709 -567.478226 1109.264000
-2773.491596 -692.871280 1363.205715
-2855.896624 -747.128121 1435.917609
-2950.386242 -850.747292 1447.013910
-2842.521730 -672.189890 1302.442042
-2816.886038 -680.409670 1329.665754
-3146.520453 -763.428267 1437.407208
-2967.244165 -761.514960 1438.895659
-3960.099322 -991.360963 1790.572388
-2954.566354 -738.263582 1452.734535
-2900.777012 -713.843619 1353.595525
-3283.018622 -915.924413 1542.773545
-3393.163360 -838.552306 1601.923303
-2784.602780 -737.292320 1392.809953
-3786.119532 -989.782875 1916.891317
-3620.757726 -945.855190 1838.771584
-3238.207614 -933.033425 1587.664409
-2709.974337 -719.983428 1219.278301
-3234.414947 -799.774787 1515.369532
-3640.302238 -966.792101 1677.689092
-3465.433591 -878.568890 1656.190944
-3308.139956 -951.479034 1541.021399
-2675.895776 -699.861629 1287.719035
-3655.951872 -886.254564 1668.476430
-4038.112894 -1054.859710 2051.676834
-2431.931112 -687.803291 1212.271902
-3555.107833 -1004.687865 1772.274657
-3591.690817 -891.548246 1780.820513
-2451.633416 -627.501329 1188.692342
-2967.290269 -776.294017 1497.063682
-3523.604683 -921.351629 1767.812137
-3087.923805 -823.991366 1382.635365
-3684.418389 -1012.847906 1713.028593
-2792.923940 -744.058832 1398.610988
-3229.325089 -866.224915 1622.903451
-2955.153890 -800.821109 1381.326013
-2442.219685 -652.759025 1224.724332
-3678.709463 -1074.822107 1759.991096
-3553.194818 -953.201183 1786.887672
-3779.798984 -989.071707 1905.160704
-3645.002724 -1039.298249 1666.411274
-2780.629224 -713.284360 1348.697157
-3417.293189 -917.045583 1717.486493
-4039.472168 -1141.457795 2013.623660
-2636.967008 -723.183164 1235.994638
-3653.129185 -891.644244 1671.803444
-3716.463776 -1069.370451 1755.994064
-2695.613987 -738.276003 1318.412158
-2860.339970 -745.030238 1386.795303
-3015.678038 -828.025498 1370.616869
-2495.413982 -592.800383 1162.396325
-2956.656008 -814.665024 1459.050244
-3755.488725 -891.096659 1716.913628
-2308.826977 -661.588267 1083.026684
-2791.798562 -725.161500 1399.059002
-3981.321440 -1039.446433 1989.485903
-2498.371149 -715.714276 1172.371410
-2896.230784 -736.423329 1351.496137
-2657.330958 -697.106196 1335.576485
-3053.580143 -776.745837 1424.736407
-2493.763584 -592.327963 1161.624250
-2851.493155 -782.852357 1302.630291
-3479.978325 -971.592400 1634.774401
-3965.511277 -1040.828631 1990.020795
-2689.067060 -693.131215 1327.383960
-2326.801099 -586.443732 1079.857637
-3646.960985 -959.779793 1686.153976
-3538.642509 -971.558904 1608.413244
-2796.788830 -733.760515 1406.442321
-3106.961498 -782.703134 1444.811688
-4055.170152 -963.952076 1935.031502
-2449.084686 -629.642287 1179.179565
-2554.642912 -633.851740 1228.166395
-2885.548993 -815.598759 1352.130798
-2758.843494 -688.719694 1243.339518
-2319.984414 -645.837311 1105.637987
-2780.298386 -726.240541 1390.347366
-2873.082632 -739.624061 1383.663561
-2936.833689 -759.309155 1472.764008
-3405.204900 -859.240114 1545.600412
-2931.175689 -744.205360 1347.089349
-3354.858085 -867.341927 1683.007691
-3140.732409 -871.372280 1446.120760
-4037.952850 -1138.640430 2006.902421
-3364.460386 -952.017653 1676.962655
-3365.988418 -952.563881 1676.933239
-2964.448382 -822.196859 1365.704502
-2708.974289 -718.630431 1355.146394
-3671.901448 -962.298466 1842.371418
-3365.968368 -953.083592 1677.664821
-3592.266352 -918.725618 1747.889512
-3241.067058 -817.010795 1472.768959
-3490.364276 -844.125434 1673.345609
-2526.670371 -708.099300 1211.669399
-2599.949736 -728.343009 1247.049865
-2777.049092 -727.894635 1400.196358
-3354.381216 -869.107086 1690.605329
-2097.144569 -549.657921 1058.038370
-3764.650462 -1010.924839 1703.249381
-3068.520741 -733.096632 1445.584859
-2654.567581 -704.158056 1325.819068
-2447.546267 -584.901825 1153.219179
-2918.739726 -819.104938 1449.413089
-3405.491545 -946.845182 1587.937699
-3628.755121 -938.600062 1717.989946
-2986.064764 -839.046244 1481.400675
-3401.049527 -912.883717 1539.115689
-2703.397715 -715.527102 1358.758837
-2687.988401 -684.642462 1257.210270
-3138.860867 -756.989573 1500.347522
-3887.118552 -1002.483581 1913.937855
-3437.756944 -904.885175 1588.410314
-2977.675140 -768.267869 1466.715913
-2743.571564 -729.401413 1344.553908
-3985.335628 -1036.542849 1996.310729
-3020.145562 -805.246829 1473.911819
-2777.878165 -744.180858 1392.980962
-3451.537311 -899.449821 1725.526398
-3355.657900 -871.865519 1670.824720
-2896.487011 -787.579327 1304.730472
-2620.666101 -679.286118 1314.907594
-3636.353397 -963.856219 1817.308841
-3588.644993 -915.873635 1618.487168
-3743.694091 -893.375909 1799.790766
-2962.832770 -782.121158 1494.774863
-3176.972650 -824.009341 1587.766952
-4080.021015 -1020.737348 1882.824112
-3006.707840 -846.352603 1515.351282
-2944.357259 -777.096713 1453.023043
-3393.183541 -884.081398 1692.612285
-2899.028859 -718.409813 1455.154319
-3664.733272 -914.936365 1677.291306
-3330.717163 -876.064290 1616.676005
-3255.512475 -831.768668 1475.136290
-3972.495295 -1045.413103 1927.970731
-4048.745868 -1030.252274 1818.033041
-3048.515622 -803.776758 1538.938140
-3151.085339 -834.989145 1573.037830
-2634.275901 -700.221473 1321.811864
-3462.675588 -922.952641 1568.809545
-2709.889658 -723.144944 1211.876731
-2897.590502 -754.385582 1451.343713
-3990.903330 -1034.882234 1983.985717
-2963.510747 -823.957836 1381.097287
-3077.890658 -797.715564 1537.537553
-3958.789963 -1020.147334 1847.794858
-3351.359742 -888.672353 1674.268208
-3407.048192 -841.830481 1609.057419
-2385.050301 -632.440812 1191.824078
-3236.667223 -799.575764 1530.118712
-3115.933027 -805.566157 1534.407440
-2994.460626 -811.472640 1461.025672
-3353.263255 -880.674115 1693.499133
-3181.324994 -835.419590 1595.967703
-2505.964435 -657.992885 1259.527749
-2358.968218 -619.270029 1184.638814
-3019.840577 -787.447103 1510.204731
-2354.735996 -578.384796 1095.646477
-3459.157921 -916.174452 1735.429869
-2992.195697 -825.769660 1400.565952
-3329.632576 -874.777547 1675.492673
-3832.208439 -947.098256 1810.122984
-3549.565613 -941.168784 1780.666095
-3438.655905 -903.602485 1730.336501
-3758.580425 -1057.518100 1731.407206
-2616.000290 -690.678884 1316.260887
-3693.484122 -935.890816 1722.855414
-3468.902942 -926.274674 1551.638910
-3266.276048 -884.447393 1479.419929
-3247.454878 -826.664405 1481.464062
-3422.894868 -851.558793 1718.441185
-3043.812303 -883.889868 1432.996138
-3545.219217 -939.854099 1774.951569
-3480.632832 -914.539651 1750.538030
-3520.458235 -893.387195 1684.365011
-2272.661673 -610.751580 1133.211578
-2452.881448 -639.111530 1211.604676
-2693.112765 -678.233819 1215.068776
-2810.842189 -677.004975 1325.373130
-3357.023169 -966.957797 1584.633034
-2555.490022 -672.848384 1278.962936
-3369.274044 -964.179410 1599.991326
-2976.171283 -848.892354 1474.417975
-3928.062938 -1033.999804 1965.457898
-2930.813120 -708.465154 1347.766330
-2879.920993 -811.512010 1303.806327
-3171.799453 -836.870262 1590.148706
-4018.934387 -1116.028103 1836.134734
-2759.185089 -766.422547 1257.624132
-3749.513035 -1036.634974 1723.689229
-2956.204597 -796.083164 1384.471624
-3672.148256 -1044.788961 1762.179325
-3749.133568 -907.147298 1800.569529
-3462.897660 -911.992286 1733.472400
-3742.030134 -1025.733530 1873.235591
-3698.505536 -973.883175 1851.363550
-3024.387521 -775.921671 1363.985966
-3078.807891 -880.063707 1518.960173
-3502.127744 -969.520540 1612.107685
-3361.406612 -921.599233 1682.815524
-2707.943975 -702.922748 1261.647745
-4023.646934 -1165.998495 1993.921130
-3428.256597 -951.714938 1563.248633
-3061.932475 -850.144797 1396.589622
-3294.301952 -944.850994 1562.721836
-3643.666133 -1011.810719 1661.499233
-4004.468574 -1006.240285 1837.096489
-2773.642570 -702.152785 1361.199392
-3622.937752 -968.475165 1624.948621
-3151.384264 -797.661812 1555.838155
-2962.970101 -725.677756 1378.854607
-2676.564847 -705.766345 1338.305694
-3602.464126 -997.282103 1658.005718
-3146.272077 -912.063078 1490.813443
-2993.871197 -868.180009 1420.318279
-2901.314086 -743.720319 1301.963614
-2432.193024 -585.654499 1146.290987
-3417.177614 -942.197563 1606.014441
-3759.284845 -922.181024 1682.534703
-2985.040698 -864.059861 1477.766028
-3668.563424 -909.365697 1764.099999
-4008.369262 -979.368931 1805.676574
-3701.841055 -975.518763 1850.151812
-2882.640438 -798.657648 1327.253849
-3136.151368 -868.898315 1444.196776
-3715.799113 -1070.557273 1753.814554
-3334.422659 -807.287415 1599.639116
-3073.055932 -853.022173 1401.524337
-3037.465640 -811.912528 1360.177821
-2618.506311 -744.116093 1296.393859
-3120.192871 -773.242744 1439.513752
-3137.611742 -757.728767 1478.915250
-4069.070261 -1022.299523 1845.189808
-3371.784618 -960.800147 1599.335099
-3636.332114 -953.643553 1823.173962
-3400.155215 -919.530080 1715.060917
-3540.699360 -894.216666 1742.124291
-3314.754766 -886.702035 1508.007414
-3449.946934 -994.823550 1646.137796
-2798.799310 -751.719104 1297.981987
-2651.170936 -700.153915 1207.629972
-3456.452858 -852.391017 1557.142201
-2109.133064 -506.739397 971.580132
-3032.518172 -760.141070 1382.216636
-3034.419559 -802.144121 1382.057588
-3747.729161 -975.746143 1901.980409
-2354.560311 -644.689321 1142.002285
-3394.253459 -840.230762 1686.102491
-3468.577345 -995.469363 1591.991504
-2751.270682 -681.246531 1366.608824
-3568.467054 -877.908078 1614.138794
-2375.817816 -660.566714 1082.958658
-3426.439022 -921.108322 1722.028576
-2656.824327 -712.292309 1203.556472
-2484.437156 -652.906970 1258.134860
-2855.200913 -819.041420 1311.307428
-3547.387772 -1025.495998 1719.806623
-3102.544797 -856.674009 1456.441484
-3563.719049 -1044.425002 1737.317280
-2347.939839 -582.902770 1178.660016
-3337.625084 -940.587673 1567.233104
-3696.211082 -890.098134 1798.265303
-2716.121674 -729.840350 1377.160358
-2808.765048 -792.022490 1332.876356
-2614.331907 -746.605822 1198.621303
-3689.946369 -922.859797 1810.867792
-4036.491556 -999.345827 1947.932475
-3307.203907 -794.326933 1522.891606
-3906.368498 -967.770137 1883.594471
-3751.685318 -985.489862 1889.934728
-2461.078077 -665.765771 1242.133427
-3446.777088 -894.681439 1719.525090
-2718.155792 -673.682127 1310.918563
-3210.354959 -882.405308 1518.998171
-2898.437962 -728.620142 1425.727673
-2917.793743 -817.991124 1446.539900
-3053.104476 -775.008894 1513.600881
-3352.093761 -843.117486 1647.417755
-3507.427254 -928.260171 1581.299717
-3279.665524 -948.959179 1560.474254
-3465.346467 -893.938132 1672.178893
-4071.388763 -1064.839374 1821.873200
-2347.516825 -679.240439 1116.623235
-2973.608947 -788.689665 1374.622583
-2663.892941 -708.416352 1223.120917
-2901.354296 -727.443483 1347.119435
-3631.283017 -912.548370 1784.781033
-2866.916616 -707.268643 1291.699080
-3758.070282 -1005.550020 1888.955180
-2617.805219 -672.452086 1272.810696
-2919.518443 -702.084396 1343.978986
-3368.711476 -908.919048 1696.018389
-3807.913034 -944.341936 1835.450435
-3673.625542 -921.458239 1810.878732
-3715.897220 -983.402946 1861.189010
-3358.741738 -894.248865 1539.561418
-3751.899934 -964.329150 1824.227813
-3317.577091 -797.529765 1527.322929
-2910.561484 -785.764242 1298.766360
-3021.753323 -750.715288 1359.181611
-2791.754931 -745.677106 1272.038480
-3376.069765 -923.619781 1595.877409
-2341.624834 -664.963354 1103.407207
-3448.123726 -911.529619 1726.035207
-3453.693438 -911.307903 1574.009029
-3851.657731 -1113.180243 1831.540741
-2872.221858 -714.688503 1291.571774
-3539.360242 -876.451180 1706.869025
-3891.365143 -967.023683 1750.545342
-3434.845918 -949.799562 1633.009479
-3534.483990 -897.482705 1751.930468
-3422.115583 -851.673968 1538.419696
-3219.953505 -804.892772 1472.316913
-2434.061257 -587.373378 1185.479638
-3583.957093 -887.964749 1729.596703
-2548.471774 -723.710937 1200.377669
-4129.344919 -1065.193486 1856.628200
-3092.191047 -851.486633 1432.399067
-4063.900767 -1105.236373 1841.629967
-3437.936862 -923.352363 1675.790159
-3022.709454 -830.716250 1400.266607
-3673.179945 -991.316885 1819.159113
-2847.139018 -818.175836 1353.937906
-3844.956092 -1112.257323 1836.531127
-3262.572981 -841.048456 1459.231061
-2408.376438 -636.473801 1134.739268
-3523.646012 -923.982240 1711.542040
-2659.669143 -731.011033 1231.713911
-2896.665809 -797.131897 1386.172060
-3647.702373 -879.262596 1717.724713
-2480.113457 -588.414106 1188.701230
-2492.233321 -710.043215 1232.903151
-2489.848019 -708.998113 1232.040328
-2929.172599 -806.278206 1401.167495
-2897.959431 -813.209714 1421.537146
-2762.183018 -709.348641 1393.521834
-3020.732613 -710.879137 1426.604306
-2403.786274 -565.681468 1136.024941
-4095.778632 -1057.408409 1846.965802
-2890.685726 -824.361810 1323.750333
-2846.911429 -694.573428 1303.324596
-3418.068371 -927.782222 1634.283819
-3202.667343 -780.659792 1462.264121
-3049.991033 -864.525785 1443.428685
-3411.981977 -803.057907 1613.644997
-3020.747046 -710.836366 1426.629522
-3174.273550 -841.356262 1429.720962
-2949.618995 -761.248725 1330.596649
-3498.028330 -884.965976 1630.593163
-3349.442390 -932.357270 1530.885697
-2866.520377 -753.192764 1391.220304
-3956.263170 -1019.210528 1857.686566
-2844.344015 -733.976028 1438.347368
-2732.424838 -721.303012 1369.095961
-3402.189939 -799.450601 1608.456709
-4086.656041 -1015.896686 1887.169163
-2932.728860 -753.612299 1479.238710
-2865.476449 -752.257698 1392.209686
-3285.921976 -943.999937 1593.014737
-3566.183244 -897.075631 1656.054371
-2648.635150 -765.698118 1265.472158
-3534.150493 -928.738172 1767.829968
-2452.673350 -642.265245 1235.897498
-2775.918499 -698.681600 1289.615311
-2774.069122 -698.221889 1288.688194
-3590.324337 -923.574562 1748.396389
-3013.715141 -798.420295 1521.825283
-3454.779326 -951.960356 1652.525250
-2625.895443 -737.988227 1289.779543
-3112.587427 -781.995691 1442.927586
-3727.051392 -1056.280984 1763.713592
-3249.979455 -825.662653 1497.310699
-3726.301156 -1057.718063 1840.129142
-2222.551188 -631.500243 1107.435256
-3185.654556 -902.089909 1525.839800
-3078.043252 -794.724378 1556.397595
-2491.041425 -710.299867 1232.431109
-3343.627379 -878.066169 1672.331706
-3825.276673 -1069.994251 1892.253289
-3583.331484 -869.473208 1635.388713
-3459.469199 -950.110301 1623.632804
-3055.849207 -871.486769 1482.193267
-2506.046662 -679.039903 1130.025176
-3989.437412 -1006.379222 1854.570155
-3118.879720 -786.956287 1448.871411
-2646.174024 -646.809449 1315.917065
-2785.529226 -736.010461 1396.643966
-3535.562320 -892.261213 1644.254527
-2922.581298 -839.227762 1408.099790
-3088.047673 -838.975346 1475.756275
-2886.964015 -823.273795 1322.201392
-3412.856704 -972.968771 1560.924541
-2595.758077 -649.902017 1182.590062
-3422.679591 -851.829112 1718.078036
-2632.509222 -651.296740 1212.494767
-3263.170518 -840.546695 1533.641586
-3427.288419 -862.759458 1530.943943
-3445.336225 -946.834754 1616.100497
-3744.601061 -971.153406 1704.596588
-3315.214340 -784.404271 1531.730718
-3435.503051 -873.932176 1561.977987
-3188.000720 -867.443546 1594.628683
-2840.699606 -756.119793 1425.098726
-2965.972945 -731.087319 1357.879746
-4041.507666 -1021.249920 2015.905958
-2724.735180 -675.166700 1312.425592
-3455.162552 -891.954338 1625.455881
-2513.736520 -642.276303 1176.214426
-3664.401034 -988.731972 1699.940391
-3507.432822 -872.708038 1622.614313
-3711.777175 -930.987804 1720.963436
-2475.139991 -628.537709 1223.122816
-3658.367067 -1033.341315 1742.676466
-3595.445235 -960.670577 1808.909230
-3226.077790 -905.371980 1490.952842
-3356.492211 -961.492367 1673.713360
-2625.652618 -743.658679 1324.115942
-2500.855299 -706.045439 1190.903622
-3497.409450 -849.640446 1648.420960
-2660.279076 -646.311339 1253.536223
-2624.817569 -647.597499 1293.874836
-2930.122899 -708.395973 1424.331717
-4095.046326 -992.274581 1929.733420
-3552.272669 -993.841793 1613.249314
-3754.208667 -962.309590 1824.105449
-3928.746029 -1005.620363 1909.474961
-3969.644960 -1033.489251 1980.299287
-3668.437650 -958.435804 1836.942785
-3968.944161 -1057.591382 1867.540486
-2870.941434 -786.991995 1365.825816
-2412.310857 -585.900641 1138.578709
-2462.875182 -646.642829 1200.341548
-3665.046999 -985.070545 1812.668934
-3368.763805 -892.087504 1714.253152
-2928.873255 -708.676330 1424.198415
-3118.966863 -906.540471 1511.305539
-3381.346404 -817.906554 1644.097584
-2940.595570 -854.639166 1424.537048
-3552.105326 -1038.821389 1697.495441
-2507.791582 -653.279142 1177.184692
-2497.625522 -613.508453 1147.545182
-3716.623017 -1048.734146 1710.024762
-2886.141337 -781.166072 1351.284871
-3414.286250 -890.238488 1717.638990
-4031.550629 -1057.943340 1963.678503
-3396.134175 -868.456675 1621.157230
-3000.404161 -807.255374 1485.694026
-3456.965333 -930.611803 1709.740095
-3193.305467 -833.608478 1607.221711
-3037.040194 -773.066544 1467.071504
-2678.708377 -768.172391 1225.366807
-3758.203570 -1056.896999 1737.452099
-2933.466895 -759.400355 1464.774305
-2798.759506 -708.815762 1339.999956
-2677.648405 -699.442773 1263.984047
-3302.001795 -811.941004 1535.627710
-3171.806936 -828.301793 1496.807200
-3312.490968 -891.345885 1660.217442
-3485.812217 -845.409897 1645.327443
-3221.557724 -895.714556 1492.184567
-3195.882070 -833.639831 1608.977511
-4030.335681 -1057.463211 1963.413123
-2524.504352 -662.201571 1229.576361
-3140.182618 -873.017997 1453.826043
-2320.618039 -595.378045 1045.757667
-2853.921892 -763.292022 1431.171831
-2916.314256 -750.622262 1412.472162
-3586.739139 -1025.533841 1643.739559
-2956.612592 -762.350470 1458.033374
-2935.238877 -784.282227 1470.970613
-2978.456815 -851.839953 1363.199679
-2682.160711 -651.559554 1302.483031
-2890.279130 -777.200760 1355.344448
-2912.679977 -746.784045 1431.562799
-3843.991931 -983.509543 1869.253701
-2716.633671 -695.847546 1223.613949
-3546.733086 -893.984719 1620.659143
-3299.810740 -897.478678 1542.615648
-3694.954942 -885.029592 1792.180338
-3325.686293 -890.420561 1666.889950
-2303.194778 -571.788119 1107.211803
-2380.753769 -609.324555 1171.130293
-3320.542398 -888.713885 1670.799732
-2519.384169 -644.307915 1224.093831
-2944.323869 -737.162855 1480.389428
-2534.603304 -634.684085 1274.532355
-2535.785575 -635.004246 1275.087711
-3935.256635 -1124.858681 1801.757730
-3800.399415 -1070.980912 1916.628437
-3809.531345 -924.307199 1798.641372
-2956.002791 -797.355235 1385.611514
-3985.948820 -1054.921050 1865.376293
-2852.654251 -700.068420 1310.714932
-3014.945506 -800.194609 1518.166749
-2489.767696 -710.457943 1233.728199
-3685.064905 -1014.077220 1714.325890
-3166.442016 -895.104755 1595.224531
-3167.546427 -874.844294 1471.412634
-2908.536873 -803.197867 1350.526969
-3210.437933 -812.434601 1575.802715
-3484.986020 -844.698206 1641.730798
-3519.531681 -888.226807 1663.488867
-3391.253052 -964.171515 1615.392550
-3767.666855 -1014.523543 1766.027365
-3784.033700 -993.823560 1911.159428
-3696.030205 -910.960636 1824.234714
-2944.712962 -852.108107 1454.227844
-2713.600894 -714.747784 1370.308739
-2976.205958 -720.607481 1403.266773
-2877.940870 -787.936683 1340.788284
-2529.819690 -621.886323 1163.071766
-3185.084471 -841.836490 1606.474158
-3130.902149 -759.572289 1476.806402
-2594.850153 -718.117883 1203.212188
-2799.893970 -673.243984 1317.470468
-3030.908713 -735.441365 1430.399617
-3451.723968 -935.550580 1613.927153
-3014.008576 -797.624963 1408.989583
-3402.343228 -821.548199 1655.418224
-3124.721197 -859.850708 1454.692403
-3350.601366 -943.599297 1694.637158
-2629.549391 -705.441223 1336.231438
-3051.112673 -891.111533 1463.166335
-2908.613259 -746.020045 1433.458191
-2951.199611 -838.004187 1485.454550
-2746.759837 -725.123096 1250.587402
-2476.479559 -726.628067 1183.953737
-3409.162443 -914.595251 1732.336669
-3563.261956 -1015.540541 1749.643389
-3223.177400 -917.264048 1623.147510
-4113.020700 -998.851816 1880.012767
-2936.875549 -834.420230 1383.667899
-2464.358765 -669.376608 1243.524366
-2824.084903 -828.721844 1377.015789
-2616.607782 -750.778883 1200.843795
-3251.060878 -882.647150 1641.775452
-2606.763545 -659.989070 1248.658760
-3817.262459 -1095.683072 1752.782574
-2981.521235 -808.110796 1503.680798
-3569.404792 -1020.473191 1663.005481
-2508.234348 -680.434499 1266.197526
-3932.094251 -1066.426491 1981.221582
-2775.432605 -741.717774 1395.848439
-3407.439690 -823.789972 1611.348885
-3486.694690 -842.113729 1648.824473
-3310.553276 -900.586087 1669.591508
-3066.290920 -834.451086 1433.596472
-2376.833242 -680.292302 1183.945163
-3030.708563 -866.745171 1510.213209
-3380.727189 -956.148714 1705.500796
-3350.074584 -808.062964 1584.264618
-3839.060207 -992.135060 1825.971223
-3716.917963 -1067.117737 1790.826289
-3955.130112 -1116.945551 1996.004363
-3318.548794 -901.251695 1585.521524
-3411.481004 -902.999999 1721.408929
-2764.141775 -692.189608 1265.170445
-2707.560197 -733.918167 1363.001902
-3130.055904 -768.795742 1536.391249
-3670.171299 -947.272687 1652.651519
-3081.774351 -788.269311 1444.340347
-2364.849133 -594.410458 1159.733298
-3769.844079 -925.782801 1850.600625
-3683.825473 -973.856056 1860.779852
-2964.240872 -744.981963 1454.316668
-4058.428412 -1020.107071 1992.288983
-3809.341001 -956.711837 1869.189816
-3545.857738 -907.744236 1611.030592
-3696.909043 -1044.924840 1864.072920
-2750.998036 -775.194826 1273.122812
-3136.451975 -812.322252 1559.087050
-3133.301588 -811.450675 1557.619145
-3511.546055 -831.723035 1604.807867
-2915.811334 -729.645071 1333.970777
-2868.784189 -790.825195 1302.355062
-3444.140035 -999.746147 1644.915523
-2715.399179 -711.813197 1212.836032
-3590.134742 -1008.929997 1752.577552
-3911.318667 -1096.652957 1788.759649
-3668.255432 -1065.033442 1752.070726
-2907.124027 -816.835013 1461.477519
-2536.456432 -662.724517 1198.363893
-4080.204671 -1120.266592 1898.365473
-3726.425490 -1000.014486 1749.139013
-3368.076213 -854.426189 1687.552275
-4119.988183 -1119.564158 1863.859963
-2750.670411 -746.964149 1389.665620
-3134.511313 -851.222766 1582.649714
-2843.828078 -769.085752 1436.920537
-2788.356366 -750.949269 1414.511436
-3729.161294 -1054.934361 1763.943079
-3387.405585 -875.177275 1574.739673
-2506.059930 -640.874461 1230.034443
-3747.282967 -955.849797 1844.126567
-3513.884732 -970.152571 1670.651233
-2909.174834 -770.099994 1420.467092
-3179.754931 -856.835981 1604.530673
-3088.657039 -781.718574 1538.556796
-3088.337589 -781.140388 1538.410368
-3277.354198 -882.986809 1653.879547
-3175.003865 -855.486201 1602.080771
-3137.097162 -801.248276 1483.095216
-2640.643474 -696.907066 1337.837890
-3307.488494 -854.757211 1493.491465
-3137.749661 -801.334410 1483.432869
-3043.425383 -847.891787 1479.496794
-2533.451162 -695.461711 1204.140664
-2599.565169 -666.213743 1275.226907
-3403.183274 -853.856521 1702.712849
-2737.970864 -718.732071 1284.720517
-2501.143117 -662.643927 1221.231241
-2672.308470 -691.624800 1302.644044
-3702.471199 -967.299138 1846.048861
-3571.891496 -980.145668 1677.389641
-2767.538231 -720.012697 1306.092112
-4114.338212 -997.019989 1906.257291
-2785.185498 -737.946641 1391.435998
-2888.097067 -767.992269 1298.191342
-3181.471195 -864.516563 1475.007290
-3578.725790 -974.245949 1659.065188
-3448.192312 -913.047755 1724.207159
-2705.274302 -772.903482 1324.146086
-3574.496308 -864.479009 1654.683487
-2735.763511 -775.722562 1375.596293
-2437.088244 -664.300121 1120.610561
-2661.718082 -724.577392 1234.111123
-3036.136570 -790.756386 1460.988627
-2542.755910 -651.987987 1177.560842
-3759.755509 -901.995079 1721.653591
-2685.449374 -644.957736 1229.805564
-3187.881211 -813.668427 1551.355280
-3081.068228 -771.185140 1421.314193
-3098.898372 -790.106274 1507.782560
-4023.861697 -1063.020621 1952.965406
-3847.696412 -1016.539456 1869.249798
-3133.561246 -830.063448 1528.478822
-3763.238599 -910.147456 1730.474071
-3247.395485 -866.567869 1585.726056
-2201.725530 -607.218749 1031.846387
-2678.836308 -733.807356 1309.358674
-2504.979987 -690.577113 1176.332667
-3349.985333 -806.822863 1559.108213
-2931.598072 -777.780991 1468.456013
-2751.247363 -764.820109 1252.407652
-3162.773501 -775.476614 1561.850101
-4016.640278 -1145.388466 1906.252383
-2235.549664 -616.988757 1048.012734
-2311.192872 -545.847179 1066.825028
-3176.579479 -852.281109 1436.754807
-3760.305758 -974.047846 1883.933345
-2491.527911 -591.812049 1159.846004
-2182.163183 -592.466784 1019.269371
-4006.998680 -1045.224218 1993.857298
-2544.717933 -664.056770 1266.073199
-2956.926542 -772.284970 1475.544862
-2767.967152 -679.126357 1367.058149
-4119.669864 -1097.332430 1868.427355
-3439.676044 -962.204430 1640.690194
-3369.378726 -878.717118 1589.690086
-2540.966959 -714.233947 1257.931314
-3174.800799 -916.200655 1474.902336
-3335.237966 -843.719625 1647.657812
-2654.123178 -690.945967 1347.783009
-2945.961118 -760.163892 1451.850256
-3954.142988 -982.050805 1965.281203
-3765.169795 -997.610433 1860.627725
-3371.976801 -897.498449 1660.591400
-3215.173853 -824.750476 1531.424343
-2715.058788 -693.169694 1229.731796
-3805.218631 -976.131165 1812.623776
-3541.579678 -836.395687 1635.809658
-3376.409507 -899.093918 1662.576362
-3496.488290 -946.470942 1629.710283
-3991.587252 -1052.559356 1969.592719
-2023.748091 -503.394114 1005.917632
-2025.330442 -503.757553 1006.584803
-3567.240321 -914.151380 1628.396951
-3310.920608 -888.913281 1674.682571
-3349.121071 -831.622975 1506.788093
-2863.630447 -744.553321 1454.426501
-3005.491522 -818.679702 1404.946096
-2933.615389 -757.097207 1380.681026
-3611.735012 -964.030951 1650.313328
-2378.423393 -608.771681 1165.352675
-3460.706431 -927.380384 1569.276231
-3442.048290 -864.420808 1697.034264
-3300.084802 -811.198833 1632.239711
-2586.722834 -742.644844 1187.207485
-2954.233147 -731.468830 1467.722972
-2832.214284 -734.221913 1355.445757
-3359.036763 -853.022631 1682.895042
-2937.157821 -758.724738 1481.848779
-2282.627042 -572.715116 1141.770195
-3498.700254 -906.535256 1592.812107
-3393.308769 -910.629446 1693.156341
-2603.677741 -643.822706 1199.078652
-2956.161388 -812.658187 1435.802326
-2674.434566 -720.414457 1344.049783
-2752.267895 -738.657272 1373.467393
-2751.265013 -738.187388 1372.910843
-3188.222116 -875.881383 1548.684637
-3067.271607 -822.795499 1530.260616
-4022.673424 -1073.076478 1824.877842
-3697.081525 -985.172583 1676.147437
-2656.016765 -692.414791 1253.742922
-3764.781205 -938.938346 1740.886648
-3356.893542 -870.367956 1587.338166
-4077.512987 -1054.627084 1985.220602
-3585.389759 -928.358556 1745.367707
-3980.409121 -1165.703375 1902.987374
-3018.084185 -822.193056 1367.326002
-2451.086728 -610.342623 1228.225796
-4014.074415 -1039.214864 2004.786882
-3155.049466 -898.497159 1484.723061
-3028.286033 -803.093655 1417.656042
-3336.272582 -893.102974 1512.396146
-3189.981598 -848.872551 1606.139659
-3586.028555 -1050.254394 1742.718174
-3801.980388 -987.496179 1801.228867
-3398.767146 -883.026009 1610.050696
-3943.327490 -1064.768694 1994.388919
-3063.934234 -796.494605 1452.725124
-2870.225124 -781.154522 1299.827025
-3100.035806 -843.905336 1402.978259
-2950.458938 -770.899978 1467.368223
-3369.017582 -871.287218 1637.584011
-3451.884541 -893.138078 1678.690233
-3171.437672 -826.757394 1498.053709
-3965.964449 -1141.868077 1952.697978
-3743.207435 -972.787659 1771.770822
-4054.758004 -1027.740305 1871.683058
-3440.706613 -904.105711 1617.185841
-2532.754778 -658.479103 1274.063226
-3196.218402 -768.981853 1579.879175
-3410.481713 -882.940683 1684.716594
-2899.269493 -689.226624 1347.739515
-2452.061389 -605.932552 1113.887788
-3219.705162 -845.520322 1515.960803
-2727.894111 -732.508346 1270.692238
-3811.700278 -1023.495030 1775.447333
-3641.386715 -954.094530 1766.238139
-3302.133027 -922.539637 1602.074345
-2926.627421 -814.636954 1394.198948
-3462.909686 -934.952844 1746.770453
-3483.395118 -959.563776 1629.008841
-3488.580056 -960.987667 1631.652323
-3490.700595 -840.983068 1627.026021
-3662.755263 -1051.966145 1741.786742
-2920.251972 -784.721578 1359.597487
-3491.413871 -842.293126 1627.538052
-3973.363300 -1030.441698 1849.379310
-3532.132573 -870.911019 1739.620576
-2843.493434 -806.081161 1390.493496
-4050.259712 -1032.897683 1827.921873
-3681.845441 -1036.720349 1856.860412
-3119.954224 -774.618180 1500.848556
-4024.138152 -1104.300865 1880.264015
-3399.732449 -842.697018 1597.451834
-3981.150992 -991.638600 2000.177092
-2701.154174 -702.415688 1346.108778
-3374.941356 -839.731460 1695.762869
-2926.204242 -744.503444 1313.526508
-3848.340146 -1117.201999 1858.177412
-3745.971104 -1087.004455 1819.175777
-3833.701308 -945.585718 1765.018719
-2550.446206 -615.893927 1236.536333
-3857.336760 -994.212011 1918.717134
-3491.761327 -940.523484 1619.037497
-3738.517447 -1046.160494 1794.364539
-3703.989215 -913.698794 1660.889632
-3135.626677 -778.345644 1509.757340
-2491.052334 -693.585296 1186.475642
-2840.337785 -706.442736 1267.612186
-3624.760361 -903.118109 1617.660673
-3125.159165 -840.146638 1563.633117
-3254.985327 -884.840087 1597.907976
-3552.700014 -975.605224 1675.204135
-3954.116746 -972.393643 1919.686924
-3811.925158 -1072.973936 1912.605213
-3061.318911 -870.416345 1397.437304
-3030.772799 -770.092543 1358.212464
-2572.099701 -731.615027 1173.875598
-2704.571543 -754.933201 1311.625467
-2429.373133 -630.692845 1211.000103
-4089.646622 -1041.080881 1911.261073
-3043.686635 -795.220678 1461.118782
-2824.136462 -698.260293 1334.025640
-2537.907338 -666.236678 1226.949983
-3526.870885 -930.312924 1760.924478
-3454.086821 -926.057938 1553.988625
-3541.092456 -950.474331 1784.648874
-2875.549703 -782.386256 1395.969228
-2718.947962 -710.374166 1215.801110
-2945.733288 -781.914662 1479.656956
-3192.728011 -821.021303 1438.374884
-3547.492249 -935.415019 1771.343538
-3684.092936 -945.019922 1864.294341
-2961.563629 -805.579944 1437.514449
-2889.646369 -735.482795 1350.118963
-3461.585340 -912.421714 1736.694231
-3793.077825 -1000.451906 1895.615857
-3773.521179 -947.621674 1730.922115
-2365.528403 -618.380637 1058.179064
-3919.565433 -953.913850 1874.534210
-3620.520303 -946.166902 1619.074093
-3908.151794 -990.571543 1896.152692
-3101.206048 -829.107496 1391.653878
-2523.836870 -614.398846 1207.144330
-2139.065338 -530.633824 1029.465982
-2706.131997 -665.091584 1289.832445
-3420.273945 -834.817516 1674.400193
-2533.880389 -621.679377 1209.462538
-2906.799529 -767.142204 1450.783005
-3376.279815 -856.413882 1667.202679
-2571.948425 -652.467377 1182.894803
-3901.449299 -1087.305224 1831.036823
-3239.191918 -826.293240 1462.316909
-2756.253624 -790.180915 1279.678856
-3243.079037 -817.467501 1473.504539
-3739.768289 -956.978072 1756.561227
-3156.030330 -795.433897 1433.700538
-2900.685877 -744.846056 1342.148917
-2875.018860 -751.527915 1380.016477
-3337.420765 -880.878998 1666.796263
-3970.779374 -1000.579126 1803.304261
-3481.927606 -882.941820 1600.883614
-3186.487091 -876.096903 1549.563172
-2747.783938 -755.350553 1336.362493
-2501.357146 -711.576609 1147.208020
-2313.460959 -670.197468 1116.851707
-2907.431325 -742.987597 1424.066126
-2126.877002 -543.574031 1041.615847
-3044.090282 -737.826521 1440.120437
-3037.919954 -870.367614 1447.784984
-4016.139557 -1014.898115 1975.854487
-3050.355365 -859.158324 1531.722099
-2523.211374 -618.753646 1204.331948
-2718.720946 -679.992950 1333.061801
-3833.566514 -961.765754 1885.020280
-3422.090721 -930.854488 1660.106805
-2883.136760 -734.044997 1354.042535
-3166.714778 -879.621264 1552.654183
-2961.731595 -842.568612 1380.792175
-2673.944812 -689.788572 1329.484627
-3253.457397 -878.813255 1642.229257
-2756.174154 -774.233254 1252.679375
-2906.628608 -750.082864 1445.987738
-2883.717698 -742.589205 1432.756992
-4032.530610 -985.045080 1975.726023
-3119.052769 -847.437176 1421.744044
-2756.173208 -713.123660 1296.576888
-2707.048606 -705.786697 1325.134959
-3615.462201 -906.940633 1811.745253
-3374.884635 -800.926367 1607.796301
-3143.832404 -823.923178 1527.144931
-3170.394747 -771.913681 1517.240487
-3249.279001 -918.223210 1599.820404
-3821.772976 -1095.133614 1774.009819
-3703.143387 -991.221053 1809.174654
-3666.571600 -894.615974 1795.144681
-3797.313317 -978.380950 1918.258533
-3214.377853 -827.829842 1623.189849
-3731.794225 -1073.465224 1836.202352
-3355.436989 -868.261930 1580.766394
-3174.182082 -766.143505 1444.786708
-2956.387822 -713.185952 1345.327550
-2639.227228 -670.051824 1302.902225
-3092.237969 -756.245319 1416.558577
-2888.462921 -775.261637 1467.736046
-2436.754440 -696.479944 1212.347606
-3488.411917 -821.000614 1617.189847
-3642.264453 -891.359131 1764.590786
-4048.328524 -1011.409044 1853.198115
-3670.181251 -952.330112 1688.420196
-3877.157939 -1077.853904 1844.990838
-3348.247823 -808.390274 1623.059297
-3138.568067 -767.651862 1519.414686
-3014.740393 -848.979167 1522.831302
-2407.760279 -626.653301 1199.923858
-2395.012821 -674.299886 1208.241193
-2789.292845 -679.718629 1256.647162
-3044.753944 -866.742267 1435.233625
-3084.206495 -754.181184 1492.514613
-2922.267997 -831.590931 1377.323466
-3968.515575 -966.411439 1788.133390
-2908.228883 -850.686042 1373.161969
-3557.349760 -898.634472 1614.751635
-3479.439783 -979.598740 1602.264847
-3171.902668 -831.952505 1603.298022
-3970.742122 -1070.200560 1964.036399
-3974.366773 -1071.141210 1965.655511
-3176.793960 -833.863793 1604.214357
-3349.803285 -933.416843 1549.699226
-3322.608450 -971.860911 1569.098678
-3379.999315 -836.068694 1534.196772
-3622.804923 -871.802075 1703.389670
-2958.532114 -731.235954 1343.144412
-3366.224046 -827.750697 1628.628204
-2585.825210 -652.818628 1173.808751
-2730.294683 -668.386996 1322.597875
-3350.564652 -929.084001 1634.656492
-2438.733824 -588.460625 1180.923733
-3804.478044 -989.426663 1802.597084
-3698.199827 -1082.540275 1774.402599
-3013.336613 -876.885180 1494.599806
-3118.516141 -895.009299 1555.949749
-3257.647607 -936.111111 1625.650501
-2850.925650 -696.848496 1400.027126
-3647.433322 -891.742258 1791.161653
-3924.179819 -1115.774573 1800.653036
-3191.247479 -896.984803 1448.974107
-3956.295245 -1008.196796 1816.596397
-3306.906832 -920.573497 1609.929778
-4006.529647 -977.054403 1804.731550
-2853.353569 -701.542207 1399.736770
-3062.208869 -753.247148 1502.143172
-2346.519610 -596.001701 1174.727564
-3585.315713 -865.739927 1633.903723
-2597.981219 -675.001597 1228.884903
-3195.698272 -928.180047 1537.441487
-2627.332402 -745.359487 1285.157221
-2729.772481 -708.599508 1292.560274
-2757.846926 -741.477496 1378.117924
-3525.909416 -976.544736 1711.262492
-2846.952590 -676.276198 1324.185885
-3989.773468 -1096.599019 1924.792915
-3919.268761 -1005.360138 1815.435597
-3740.884044 -926.043896 1700.343462
-3774.087040 -1027.016224 1832.836826
-3221.998923 -821.554699 1454.369922
-3295.665158 -804.190939 1612.641499
-3417.260776 -911.812007 1667.475611
-2753.901649 -680.343799 1268.265290
-3587.199620 -932.006776 1677.841553
-2851.108721 -743.696931 1344.836701
-4046.272587 -1058.265391 1883.927679
-2856.860721 -785.594185 1308.293114
-2892.328738 -737.389231 1355.601985
-2732.563560 -707.131218 1268.808964
-3445.981997 -878.946677 1615.152512
-3823.793143 -940.683326 1836.885499
-3934.236988 -971.176285 1811.531197
-3839.543702 -945.365310 1845.402999
-4105.818556 -1047.697746 1923.074874
-2836.071612 -697.836668 1361.615953
-2915.439592 -794.808773 1410.569499
-2948.072681 -803.569863 1426.423819
-2221.589198 -593.851738 1085.149811
-2881.327172 -770.025295 1406.499757
-3477.546999 -859.181217 1601.199454
-2689.762858 -745.861287 1210.172676
-3090.630383 -797.543839 1538.959828
-3291.257771 -964.559852 1575.061264
-3292.704839 -964.766564 1575.424835
-2709.755501 -685.994455 1358.748205
-2538.800681 -630.662275 1220.464151
-3455.813786 -939.641024 1587.638102
-3871.742523 -1136.061785 1852.682274
-2968.972405 -858.458380 1456.436370
-3904.014632 -1062.089783 1794.126706
-3299.406939 -836.193540 1654.396015
-2352.227563 -671.100245 1170.859895
-3014.371204 -751.949383 1517.711278
-2063.907555 -514.736384 1039.289830
-3470.485127 -855.361341 1587.109550
-3139.374271 -830.674861 1483.284290
-2890.491789 -719.990069 1454.832157
-3462.625389 -972.338827 1745.586440
-3001.550175 -828.693441 1453.280584
-2479.382615 -718.264208 1198.443188
-2912.730101 -843.746177 1407.559221
-2430.347368 -618.280009 1222.527915
-4043.024021 -1050.318300 1887.346402
-2723.258674 -791.376858 1318.565268
-3149.542772 -873.638970 1528.406848
-3237.898918 -933.909002 1602.302145
-3012.076541 -778.822149 1486.938510
-2576.508197 -751.737009 1231.312693
-3719.582558 -1045.310179 1719.949695
-2813.518903 -789.978651 1301.037606
-3005.979738 -860.248795 1482.617604
-3585.417075 -837.883683 1677.429708
-3243.951700 -931.183626 1538.362373
-3585.048363 -837.878806 1677.316238
-2997.049656 -793.229581 1521.396434
-2940.286073 -828.872861 1379.711470
-2470.707710 -628.352484 1242.194194
-2847.427739 -733.311030 1441.890527
-2744.260588 -773.044041 1286.775657
-3688.168000 -964.259040 1772.349686
-2468.336630 -627.211275 1240.727902
-2551.564804 -666.946715 1227.677364
-2792.546405 -733.946850 1398.679300
-2805.124040 -751.248673 1260.999710
-3049.568199 -798.279771 1402.223489
-3860.498958 -1075.960408 1840.732855
-2864.897842 -686.136850 1311.520390
-3070.924055 -746.820281 1489.532302
-2912.980325 -712.194303 1354.800464
-2777.528169 -770.028617 1260.156736
-4056.637322 -1057.599844 1873.522673
-3846.769497 -995.912309 1875.996744
-3130.599792 -745.918566 1519.604677
-4097.458455 -975.871815 1989.343015
-3467.183925 -964.908818 1725.726117
-3209.494730 -920.265046 1506.111202
-3469.197046 -963.725489 1725.714418
-3597.871786 -990.899320 1778.972770
-3027.790270 -781.435835 1388.850496
-2434.009918 -581.086347 1170.762038
-2788.270577 -704.249949 1274.612805
-3250.620650 -838.142054 1600.119699
-3409.721039 -913.326496 1717.667582
-3204.665072 -858.486303 1614.058256
-2928.415182 -784.593383 1475.496618
-3969.742503 -1053.608405 1869.483523
-2978.765485 -742.227239 1405.400064
-3968.163800 -1052.159171 1868.441798
-3582.095130 -910.348867 1623.746160
-2720.149188 -721.060386 1279.142449
-2980.318083 -742.667781 1406.265183
-3784.314494 -943.779864 1785.100691
-3206.943462 -801.370265 1501.297444
-4020.857491 -1034.843396 1886.393142
-3018.029239 -776.684983 1416.188518
-3163.932515 -850.649530 1432.822927
-2566.969838 -682.125396 1289.059428
-2944.260480 -782.137142 1478.472301
-3172.441602 -922.582421 1495.526906
-2841.571987 -736.289015 1403.063065
-3356.959531 -846.972615 1534.040031
-2210.429339 -537.413597 1072.197386
-3143.153491 -754.517663 1497.461072
-3297.170641 -802.841433 1639.972846
-3695.238397 -900.086032 1838.049401
-3684.345182 -964.986855 1865.674243
-3017.110799 -790.561452 1528.151409
-2659.912756 -697.403548 1337.954813
-3670.702063 -954.052547 1833.965062
-3361.986863 -827.850803 1659.106092
-2466.375467 -647.565611 1241.659454
-3493.658280 -956.458583 1734.348999
-3455.839267 -862.262619 1629.928936
-2703.596050 -736.592608 1341.984744
-3488.641337 -957.307275 1666.594948
-3553.627950 -955.170354 1760.146654
-3557.439610 -956.142545 1762.006250
-3845.275643 -911.753288 1759.826817
-2558.942214 -669.965215 1176.217438
-3163.308897 -860.145711 1584.344577
-3553.675598 -998.572255 1763.496951
-3600.037949 -916.096283 1620.524127
-2549.971770 -725.326942 1196.165700
-4018.345183 -1058.590514 1958.594843
-2616.914589 -742.534482 1292.618526
-3096.711637 -756.695131 1415.365568
-2827.949003 -802.317082 1347.790869
-3416.668380 -838.307777 1607.934311
-2464.246195 -669.435938 1233.617547
-2824.794883 -692.803413 1329.416700
-3454.103275 -986.893488 1668.379824
-3088.133978 -818.015901 1504.114076
-2728.552605 -714.644799 1281.110957
-3866.463414 -945.785064 1740.971909
-3486.438205 -860.658987 1570.198662
-3473.630192 -964.693655 1729.227814
-3485.923481 -985.949532 1605.140501
-2806.380435 -794.449079 1412.609324
-2917.234760 -764.164392 1370.078507
-2739.988312 -718.202398 1259.279696
-3595.226520 -1010.086193 1786.742874
-4099.363240 -1075.642543 1885.359087
-3118.012613 -898.193634 1511.393378
-3415.480346 -823.427616 1656.764409
-3624.656594 -934.108676 1837.002826
-3486.045995 -970.512571 1699.199285
-3910.937290 -1107.587486 1802.924866
-3486.530294 -859.954562 1570.415660
-2804.755820 -794.767993 1292.213947
-2967.863291 -716.862893 1364.102416
-3655.665935 -918.895942 1676.035585
-3839.010418 -1001.990949 1849.963639
-2933.657511 -831.012720 1351.260008
-4046.869804 -1166.866326 1967.087877
-3451.825035 -930.950054 1547.653004
-2774.443778 -713.790360 1349.449862
-3942.052526 -1127.856476 1807.505557
-3433.588931 -911.115547 1734.638952
-4008.525707 -1144.056625 1843.020624
-3408.560271 -980.268252 1674.916328
-3214.112514 -909.077496 1481.112142
-3958.106567 -1016.365756 1958.887695
-2976.240704 -714.281975 1447.656473
-3792.576192 -974.168546 1877.661780
-2612.463561 -740.819354 1289.946579
-2484.306997 -714.100177 1197.674003
-2358.120699 -606.314966 1164.208785
-2916.065605 -801.305129 1349.909635
-3600.073111 -1034.359106 1735.615903
-2950.901793 -855.469702 1455.707296
-2698.168714 -693.529526 1332.373057
-3119.824690 -841.093759 1400.272732
-2843.248788 -819.975335 1358.472089
-3246.728391 -800.498802 1486.254888
-3337.972937 -859.952547 1566.562507
-3745.503785 -964.792802 1888.557408
-3513.142229 -903.489975 1770.076692
-2786.350444 -681.262188 1253.135871
-2500.166506 -680.242627 1251.933175
-3712.224938 -1035.634356 1769.724345
-2741.920105 -642.400730 1278.388438
-4038.598850 -1062.112084 2021.516705
-2924.193547 -795.672951 1464.461434
-3289.496853 -873.915403 1662.316927
-2833.372931 -756.708388 1448.459232
-2891.218743 -755.504973 1474.101672
-3489.642328 -922.820969 1647.152174
-3407.647982 -888.334397 1736.843608
-3380.803741 -928.440891 1707.969568
-3412.774412 -860.111052 1715.947270
-2774.293905 -726.670593 1413.803773
-3087.323267 -848.092903 1559.929225
-2690.964006 -671.842191 1356.848535
-2615.189717 -684.388341 1332.307032
-3019.400561 -836.990244 1522.409932
-3664.721593 -1007.047406 1847.352078
-3345.173132 -926.265634 1685.073303
-3345.006704 -926.023044 1688.056450
-3303.833280 -914.482067 1663.516969
-3348.689457 -922.930410 1686.684192
-2938.024272 -810.081778 1478.999377
-2918.762856 -803.507286 1471.262938
-4076.997157 -953.465218 1908.534411
-2966.624769 -824.201642 1496.695753
-3615.672927 -930.553572 1838.318648
-3623.462338 -932.318548 1839.802374
-2319.706174 -645.280876 1170.983561
-2815.746506 -786.536397 1418.883019
-3040.879493 -850.333925 1532.205498
-2838.771799 -824.526229 1375.386373
-3683.307755 -1069.813731 1783.602555
-3538.842670 -908.724157 1797.901874
-3416.703469 -911.692866 1608.547471
-3420.856426 -828.032554 1663.634668
-3406.450950 -872.696760 1729.603623
-3871.127745 -1120.813113 1910.124244
-3870.662020 -1120.331924 1909.972428
-3420.175037 -843.693141 1686.129824
-2745.312021 -737.026453 1357.124717
-2749.546528 -706.619266 1398.183608
-3408.614972 -937.939483 1716.068377
-3304.419499 -908.367753 1663.754342
-3965.208723 -1020.059979 1956.304225
-3078.927273 -792.347113 1562.666356
-3448.508335 -886.878464 1700.343223
-2780.040664 -765.331090 1398.818877
-3158.972475 -906.163526 1572.342038
-2626.268199 -685.491741 1335.430521
-3770.519012 -953.717523 1847.797101
-3889.976478 -983.546292 1908.032547
-3108.609482 -785.675482 1523.601053
-2951.277277 -745.407880 1446.034022
-3478.934137 -884.045651 1739.569538
-2745.850517 -754.744761 1380.642935
-3132.485140 -780.086546 1476.612009
-3829.906230 -1017.242371 1938.205927
-2632.697921 -699.108301 1332.232930
-3130.754135 -778.938103 1541.683461
-3595.635187 -1001.584135 1752.638180
-3608.545457 -890.385984 1779.715446
-3065.816509 -755.974483 1512.875406
-3469.328179 -855.053262 1710.540777
-3164.357032 -779.348943 1560.760628
-3914.441806 -949.269574 1849.339364
-3210.472526 -772.937621 1510.411782
-2818.658829 -733.694861 1409.254169
-3204.659141 -807.247023 1612.722365
-3959.034252 -963.793742 1782.677294
-3916.361342 -1031.743996 1907.270491
-3427.829481 -903.035129 1669.692332
-2915.344892 -699.384891 1414.720698
-2371.953230 -614.986337 1157.434978
-3754.737739 -951.394071 1839.278953
-3545.203845 -933.776409 1727.286126
-2985.699795 -814.275576 1503.312417
-3036.982964 -861.054892 1529.150909
-2686.750171 -732.949914 1352.259845
-2665.919968 -752.418959 1349.483127
-2247.549739 -636.380542 1136.106584
-2608.969617 -739.329625 1317.656282
-3152.692517 -857.681175 1593.801441
-3375.030810 -918.101615 1706.132631
-3938.567049 -1101.868198 1818.961015
-2709.479750 -762.252819 1251.671514
-3754.251659 -1096.387736 1799.513341
-3437.824654 -955.491408 1547.042650
-2766.597620 -769.034516 1244.826181
-3524.820923 -962.337864 1780.534368
-3436.568162 -948.926131 1641.154554
-3204.605898 -851.038049 1620.748344
-2426.461075 -689.621684 1222.347611
-3978.936102 -1085.037047 2010.010243
-3061.339815 -844.074989 1543.042862
-3082.236111 -852.028155 1553.896949
-2355.278382 -650.441353 1186.571606
-3930.446183 -1072.824367 1982.130047
-3532.330599 -966.976665 1782.331025
-3082.484710 -850.248407 1553.671895
-3693.980897 -1019.641925 1861.962363
-3055.734249 -734.581867 1482.038448
-3287.596267 -822.625363 1647.272743
-4026.413874 -967.182162 1952.580753
-3682.456418 -1004.665642 1855.143539
-2891.311552 -715.897140 1425.345268
-2968.899508 -736.040756 1464.358843
-2912.550120 -781.223092 1479.285932
-2659.661073 -701.451764 1350.041216
-2701.465352 -779.732755 1338.319400
-3413.736384 -888.600540 1734.109790
-3637.816929 -923.448524 1680.854916
-2947.905183 -748.249753 1481.058549
-2905.859805 -799.938340 1381.973288
-2893.431444 -809.753256 1403.322498
-3086.892122 -849.717224 1467.849271
-2937.637200 -763.490316 1349.625906
-4061.301974 -949.562702 1936.927634
-2980.121003 -776.778116 1402.243497
-2973.497571 -773.199010 1511.018218
-2514.257959 -665.163653 1225.057280
-4020.886219 -1102.616263 2010.874523
-3040.374339 -834.515100 1383.174130
-2625.097999 -655.607571 1237.908865
-3954.533121 -975.931990 1804.918791
-3298.335261 -941.864644 1564.726715
-3312.105940 -871.108034 1632.876071
-2496.681780 -656.739549 1231.611028
-3345.754430 -871.115087 1700.145313
-4055.547763 -1016.883243 1997.185165
-3386.796512 -929.177688 1694.176728
-2629.210724 -668.329739 1320.822814
-2447.278574 -621.452067 1229.278711
-2835.066805 -786.094292 1287.098271
-3909.340256 -1016.775408 1881.308886
-3540.293682 -1023.902581 1754.091741
-2403.952445 -603.247803 1184.130981
-3658.987270 -950.864288 1680.564662
-3281.262734 -852.978682 1507.207496
-3433.046357 -892.680504 1576.522109
-3923.485159 -984.589402 1931.828517
-3229.611835 -871.210184 1445.693048
-3438.988643 -960.743149 1640.574395
-3827.726595 -991.909886 1831.170543
-2972.164523 -728.455043 1348.379565
-4015.666664 -1030.337557 1982.553626
-3529.522375 -928.715740 1741.533411
-3037.830664 -769.409311 1526.148136
-2893.631492 -760.542797 1476.722932
-2738.381279 -720.353085 1397.409039
-3660.264346 -1005.934233 1847.606418
-2857.446972 -745.059398 1457.508518
-2865.987152 -747.851031 1462.465395
-3720.520988 -892.416892 1708.798904
-3006.926583 -861.526845 1495.176175
-3444.948829 -905.756373 1635.529287
-3112.279080 -893.919460 1549.652789
-3427.288532 -862.703651 1728.509082
-3377.826761 -817.953418 1547.800517
-3078.403075 -839.753976 1552.616980
-3380.086181 -922.057198 1705.906191
-2818.490821 -705.484297 1413.163512
-3404.578921 -948.309724 1716.260149
-3400.941360 -946.444088 1714.376850
-3768.294144 -1048.994771 1900.535680
-2865.962092 -734.174876 1452.808250
-3083.619089 -789.720032 1562.168068
-2726.816727 -683.400640 1375.467795
-2765.688301 -687.820997 1390.061191
-3671.029110 -893.127207 1786.498633
-2405.109554 -598.147656 1209.462190
-3056.655461 -847.212132 1482.525313
-2969.634595 -728.811278 1442.734221
-2458.906515 -681.716154 1192.734084
-2534.408080 -637.950860 1135.640942
-3659.618738 -990.472092 1657.423694
-2862.080343 -754.414230 1435.995475
-3149.299099 -800.936065 1456.466886
-3220.768751 -777.306084 1563.462535
-3215.859772 -776.416421 1559.724260
-3005.012854 -855.879150 1407.091878
-4056.693777 -1122.284457 1936.489138
-3023.865563 -761.702484 1354.639329
-2968.697514 -747.799448 1330.179391
-3549.260279 -880.113671 1758.022301
-2973.250415 -718.233491 1353.036174
-3128.426017 -783.084619 1577.602607
-3744.474012 -987.891746 1775.957695
-3400.198043 -936.355938 1718.039071
-3663.694937 -1009.013469 1849.377505
-2410.592266 -642.254916 1230.833869
-2499.282034 -610.296834 1211.502298
-2681.994947 -773.055725 1342.253944
-3288.924042 -833.112936 1651.098070
-2363.932854 -644.285339 1194.584846
-2985.445033 -813.593856 1509.144588
-4071.437133 -1080.753659 1951.880049
-2453.970209 -703.945650 1223.551966
-3459.357774 -994.338615 1724.320324
-3537.821060 -906.095202 1794.818768
-3241.200972 -860.788304 1548.407274
-2832.910605 -745.821888 1339.088793
-2832.739407 -745.860826 1339.480901
-2700.884290 -716.901020 1290.561273
-2834.037164 -746.236800 1339.986777
-3698.637177 -983.256159 1771.931343
-3242.499657 -948.421802 1591.989313
-3524.234786 -976.160288 1710.624447
-3780.808679 -1020.798743 1809.304444
-3571.023900 -998.540335 1732.125184
-3354.519740 -841.245457 1650.313913
-2941.746629 -759.128398 1464.335147
-3976.072761 -1093.631073 2006.783729
-3444.615138 -908.130098 1633.035906
-3016.240242 -829.999382 1522.368000
-3814.683243 -1030.631086 1825.639223
-3667.677752 -934.841368 1653.015762
-3134.407567 -842.509272 1570.603232
-3127.448880 -792.850449 1569.367981
-3711.949559 -1011.473045 1874.398250
-2821.317649 -750.859309 1437.486747
-2838.799013 -819.296655 1304.346056
-3815.219796 -1126.942955 1835.510677
-3202.067994 -934.120097 1537.693850
-3240.011395 -945.397574 1556.433894
-3350.738013 -867.374024 1584.887595
-3052.907182 -824.634978 1455.188862
-2923.037917 -777.819414 1345.606300
-2948.302837 -752.762566 1451.559069
-2898.045234 -779.195333 1461.358701
-2872.457518 -753.676424 1382.600944
-3631.835610 -953.315661 1747.838445
-3427.372682 -925.898888 1634.113109
-2868.926273 -777.487517 1363.587802
-4034.905474 -1086.279135 1902.707794
-3008.656386 -769.772920 1477.126684
-2506.299968 -678.231274 1196.216679
-3066.996059 -826.151302 1447.281337
-3744.922474 -962.864393 1814.977853
-2851.028514 -770.181762 1354.696515
-2704.387742 -730.259954 1292.775735
-3393.133811 -981.459715 1650.561516
-3151.607746 -784.543398 1577.787989
-3082.292770 -869.148624 1428.842972
-3259.882730 -859.948805 1580.290703
-2532.799137 -684.783202 1203.538711
-2675.325923 -722.058517 1262.741081
-2611.497346 -704.277702 1232.090276
-2867.159072 -776.178581 1363.445109
-2989.131355 -768.551026 1403.589465
-3401.738250 -920.697920 1622.959836
-2839.287750 -817.957162 1363.494480
-3342.484368 -905.119068 1589.035975
-2496.968679 -672.196092 1177.698615
-2947.164699 -722.238202 1353.329108
-3775.621520 -923.759681 1702.439595
-3226.107371 -920.365192 1538.658967
-3539.906099 -970.713739 1606.872252
-3926.483000 -1025.264642 1979.439333
-3493.279383 -839.189663 1663.018334
-2794.253080 -744.743162 1404.787742
-3252.572052 -797.283590 1492.990580
-2989.600058 -777.033117 1507.303421
-2766.200001 -718.877129 1384.483661
-3340.022019 -837.241229 1632.708841
-3550.328982 -904.049352 1615.069671
-3209.428445 -877.568251 1518.630216
-3258.793961 -845.199387 1650.734892
-2562.957949 -666.483932 1292.120248
-2418.161910 -593.842062 1198.581507
-3441.866687 -928.697525 1547.724626
-3063.788275 -748.090686 1434.162513
-2919.507055 -794.673521 1339.641943
-2900.520007 -704.866641 1434.244282
-2660.876926 -695.107529 1341.554544
-2706.335218 -686.517785 1241.733647
-3354.201988 -869.104218 1690.141516
-2756.577767 -700.024230 1266.190196
-3240.242942 -941.606066 1565.814505
-3462.742034 -878.374734 1629.643592
-3505.588711 -945.564479 1672.711880
-2808.759956 -789.003061 1284.935432
-2938.814521 -751.821296 1349.617624
-3175.401421 -832.943558 1591.456067
-3848.340439 -993.393643 1875.120675
-2552.528911 -655.631969 1237.182739
-3388.986526 -876.677935 1634.363802
-3256.618644 -844.633825 1551.068627
-4010.960001 -1127.104787 1834.675758
-2062.696445 -603.644932 969.498796
-3266.765783 -845.870367 1645.302381
-2776.690731 -710.076866 1276.636891
-3686.788011 -945.956830 1766.093746
-2929.825286 -795.782321 1356.746319
-3988.697547 -1013.170676 1832.481508
-2570.834210 -653.299964 1175.661871
-3175.425298 -831.817705 1531.817421
-3588.289590 -974.160826 1660.286412
-2443.770522 -597.720699 1218.135393
-2359.127298 -622.598363 1155.246818
-3090.017624 -812.918890 1501.653600
-3586.066063 -973.533699 1659.221805
-2478.750700 -636.184866 1215.462721
-2660.060265 -694.672346 1346.384081
-3472.647518 -932.255390 1747.239630
-3656.025372 -885.521193 1669.107525
-3061.862012 -766.323936 1504.407479
-2934.074845 -836.845502 1470.104796
-3176.139213 -841.262706 1593.996519
-2426.549016 -652.204609 1229.846730
-2405.448430 -594.507645 1078.749699
-3154.724547 -793.187516 1430.335138
-3349.309034 -928.560216 1547.817559
-3049.021238 -780.197039 1497.559630
-3828.474121 -1113.068955 1850.524774
-2935.913560 -778.001276 1474.984032
-2875.189881 -765.113170 1446.805969
-2856.546717 -805.483541 1346.285008
-2935.774606 -825.543359 1423.612924
-2901.960345 -773.303486 1459.467683
-3013.574301 -809.670211 1516.012379
-3525.604004 -977.835724 1620.214956
-2900.266246 -773.333562 1458.188692
-3079.402913 -725.873818 1423.932918
-3349.970876 -896.483129 1688.533588
-2840.711743 -711.245042 1408.548406
-3050.049126 -776.952881 1441.898443
-3144.408230 -836.672012 1581.389068
-3577.096645 -909.379108 1690.608008
-2391.024539 -608.212861 1185.621458
-2628.496203 -738.149327 1273.324505
-2874.038202 -764.811887 1444.619313
-2888.698299 -734.482648 1364.638170
-3530.469438 -979.284492 1621.901200
-4013.869602 -1025.434420 1977.656341
-2837.333493 -815.546488 1303.340010
-2913.342515 -841.512066 1361.899835
-3123.360894 -815.320690 1485.754421
-3676.422812 -940.074829 1684.833209
-2885.043332 -755.885796 1387.014411
-2701.443471 -778.063405 1327.447065
-2657.995692 -679.838082 1228.368706
-3131.319518 -905.387726 1523.741366
-2764.594247 -793.770479 1269.511118
-3676.247627 -1028.566435 1805.196156
-3127.053041 -824.160310 1519.591438
-2762.867285 -796.003400 1357.868079
-2952.024558 -750.239917 1462.955875
-4062.987016 -1125.725107 1833.510926
-2801.655893 -712.163139 1319.340320
-2864.972365 -843.363901 1360.620302
-3562.232593 -1036.905963 1712.954211
-3832.518236 -1031.839399 1931.465825
-2553.782886 -649.502349 1157.640135
-4055.962026 -1031.656617 1838.211071
-3106.069032 -769.143765 1500.646263
-2377.986811 -612.195920 1152.664463
-3883.345446 -999.283142 1882.000927
-3442.175212 -963.001594 1592.753069
-3059.706539 -875.517603 1408.133561
-2543.555800 -732.309897 1255.317950
-3177.245425 -829.397593 1510.908034
-3521.526457 -1007.857907 1620.294529
-3818.659854 -1096.233069 1755.386083
-2906.821620 -780.099238 1459.535765
-3404.627302 -882.549463 1597.129153
-2614.475180 -751.935508 1200.786226
-4094.192668 -1109.777497 1825.392502
-3427.172081 -983.397185 1574.814876
-3007.195615 -842.527956 1394.175223
-3995.779298 -1031.576344 1932.873617
-3755.523267 -1103.778363 1806.234752
-3430.887928 -926.178578 1639.384723
-3429.820774 -989.079324 1646.124552
-4059.792584 -1111.385229 1941.036405
-3026.272393 -753.843343 1357.309638
-3875.473905 -1001.827952 1843.446485
-2853.988033 -730.898012 1410.052453
-2685.469655 -657.060555 1211.219824
-3300.071206 -847.398999 1570.289578
-4038.301896 -1005.829357 1809.991883
-2806.888330 -685.478349 1396.660974
-3334.679624 -856.102939 1586.475578
-3979.565468 -1024.474158 1869.684960
-3075.388699 -771.020844 1504.529966
-3605.634110 -976.541482 1666.774058
-2472.491377 -670.061941 1180.916350
-3256.282514 -844.490779 1550.796458
-3026.670644 -843.516361 1383.868436
-3014.402557 -838.297138 1506.681928
-3938.472570 -1104.332151 1889.083223
-2705.555344 -775.896903 1310.295867
-3598.196451 -895.649361 1705.217084
-2962.923537 -829.111540 1451.954462
-3219.196452 -920.378653 1596.919226
-2966.218026 -779.646644 1437.825738
-4059.466034 -1110.965668 1940.719006
-3863.522459 -1056.628776 1846.102935
-3034.662436 -804.082429 1411.060136
-2890.199247 -777.305718 1467.827445
-3875.937661 -1003.200512 1844.534370
-2840.818852 -728.341677 1388.134118
-2764.642820 -702.205584 1301.543794
-2898.556245 -852.811380 1393.055450
-3071.674374 -897.790998 1477.809735
-2905.860588 -850.273845 1415.505093
-2868.635367 -777.403678 1362.199790
-3429.268359 -983.437590 1567.482360
-2931.766075 -845.232338 1408.365376
-2899.960506 -793.418558 1360.616622
-3698.996304 -941.123658 1746.194629
-3092.354220 -854.326713 1436.396425
-3047.144785 -772.030005 1458.510109
-3896.021137 -1087.189611 1801.782492
-2729.871951 -686.919361 1230.588082
-2782.073183 -708.775384 1321.808377
-3053.831236 -879.804370 1505.316903
-3197.822291 -830.445586 1616.434340
-3539.239789 -906.741939 1739.473076
-3332.611904 -930.885852 1540.964449
-3039.856711 -778.633789 1494.497520
-2803.474275 -820.384436 1324.499522
-3375.111938 -942.871025 1561.553337
-2703.334893 -715.237815 1358.220865
-3429.764191 -983.721051 1567.732308
-3012.394693 -842.027954 1393.700054
-3052.217429 -888.139630 1475.186657
-2937.041712 -759.237011 1467.137504
-2974.032747 -765.590909 1461.797151
-2519.569493 -665.249002 1231.342804
-2466.508519 -713.597597 1211.944805
-2820.179370 -737.777633 1424.972652
-3329.619172 -929.553757 1540.162183
-3897.966570 -1011.210833 1877.517647
-4058.491972 -1104.615715 1863.053986
-2605.446667 -706.673191 1206.415536
-3416.868533 -926.817483 1632.106934
-3235.917133 -877.291765 1544.944477
-2540.834794 -672.101998 1188.747396
-3780.827222 -934.486333 1826.576277
-3893.907380 -1088.632276 1799.492830
-3938.445255 -1101.096993 1819.711151
-3687.092332 -992.752491 1868.600386
-3088.753714 -764.077016 1491.436595
-3512.545602 -1015.296723 1725.777991
-2995.095839 -790.787689 1463.024143
-3152.596277 -804.556381 1448.884671
-3202.709713 -918.703131 1466.795822
-3391.276547 -862.893736 1611.808317
-2473.679131 -632.870494 1221.890287
-3579.954069 -921.942646 1703.354803
-3065.028489 -797.187492 1550.243450
-3034.573022 -869.957405 1506.191972
-2830.099391 -728.696189 1346.661165
-2403.856016 -622.724977 1157.126813
-3351.506112 -841.061118 1640.612805
-2907.087915 -819.386023 1346.499364
-2752.415896 -775.726034 1273.834855
-4082.166124 -1108.533524 1819.168147
-3459.341188 -1008.412890 1661.152661
-2185.868953 -631.173269 1073.692840
-3991.266276 -1045.240098 1900.628662
-3555.532285 -1049.459816 1683.659013
-2891.548504 -744.709866 1414.629550
-2837.934434 -720.923031 1334.821257
-3329.772036 -879.684125 1609.797289
-2734.868776 -696.619259 1291.603992
-3447.859881 -874.200480 1534.708643
-3308.750471 -881.401486 1640.610549
-3640.206299 -894.913784 1812.511727
-2958.370292 -787.896034 1467.412977
-3189.042563 -882.312157 1555.795457
-3190.205193 -882.292535 1556.673691
-2876.728558 -759.367928 1390.633393
-3461.181946 -891.600580 1693.215181
-2812.033817 -691.382177 1400.196259
-2268.371723 -588.914199 1088.574734
-2805.176721 -788.955819 1389.173817
-2695.812194 -690.413622 1249.785406
-3921.178208 -940.306214 1865.965509
-3910.473000 -937.850176 1851.171544
-3908.834466 -1001.094264 1812.337162
-3339.830830 -933.008298 1532.830453
-3299.332857 -777.314982 1523.529229
-2314.705682 -546.189249 1069.808409
-3889.591020 -988.496778 1747.246419
-2628.114630 -685.205173 1307.971820
-3770.365043 -943.613135 1854.259091
-3332.730670 -879.064521 1611.929310
-3828.862557 -1032.782617 1821.363505
-2542.978981 -639.597399 1189.652392
-3345.615853 -984.004594 1575.383523
-2700.158424 -734.624994 1207.261770
-3696.614153 -1055.507331 1851.355512
-2486.181971 -731.089720 1170.549855
-3287.300801 -946.686017 1514.451797
-3699.936711 -1086.782553 1739.955944
-2805.701241 -799.008747 1399.916784
-2924.387026 -858.804736 1370.236485
-2939.912045 -864.546535 1384.808626
-2844.964213 -743.133931 1362.195864
-3481.449577 -1025.061023 1638.417879
-2471.658361 -672.381668 1103.417713
-2870.046001 -816.920634 1431.336956
-3103.919926 -914.104428 1460.627194
-3376.007261 -918.874540 1505.904756
-3424.180502 -1003.663152 1600.083541
-3298.644456 -966.962912 1542.192022
-3217.404924 -915.975635 1603.299631
-3810.751842 -1083.980795 1899.855943
-3446.337081 -1015.378124 1622.692742
-3735.679365 -901.257288 1824.206665
-2812.312266 -787.007570 1302.799119
-3585.379490 -942.125784 1722.741701
-3936.594853 -1101.795798 1820.700928
-2511.671570 -703.016262 1164.125011
-3115.306720 -846.900334 1515.793950
-2674.354865 -707.946335 1306.741573
-2953.992878 -867.051497 1446.172407
-3589.499959 -1052.193211 1756.728126
-3087.030480 -780.253210 1372.251778
-3105.420782 -832.420384 1408.832820
-2546.117451 -686.951949 1211.496923
-2799.868841 -675.761823 1367.599761
-2405.146939 -641.236351 1193.936521
-3882.645817 -1145.033231 1833.476148
-2689.327476 -792.163286 1271.322258
-2751.002135 -811.195839 1310.708569
-3296.714674 -972.291106 1556.759113
-2833.761283 -835.075397 1334.593558
-3395.885321 -1001.199085 1597.031846
-3358.629516 -874.962823 1671.795899
-3461.256797 -932.572258 1653.661479
-3277.840043 -803.828731 1600.715637
-3522.889917 -845.075734 1668.023553
-3123.088443 -852.428785 1510.879438
-2868.561647 -756.843421 1382.379071
-2698.197875 -733.391615 1312.549375
-2312.629449 -602.725386 1100.709807
-3284.501103 -962.623739 1536.371006
-3232.607029 -841.590994 1538.566536
-2763.708229 -810.083366 1292.856307
-3427.388174 -990.551492 1573.603177
-3503.110609 -1031.028630 1652.176430
-3517.537921 -1036.136963 1659.513518
-3515.372395 -1034.673559 1658.485012
-2694.470007 -793.482610 1269.822449
-3065.081940 -773.989315 1536.596102
-3928.939116 -1037.851215 1904.541692
-3178.307597 -916.674287 1568.594731
-4001.220534 -1041.048447 1912.222956
-3954.736031 -973.360975 1970.880677
-3810.925703 -1092.338186 1893.040093
-3219.211961 -923.699512 1472.873509
-2623.499314 -675.204275 1283.053842
-3824.054968 -994.805841 1828.075911
-2992.420265 -881.786719 1412.411650
-2736.400525 -781.672997 1374.838651
-3620.838267 -957.003322 1769.811691
-3811.001592 -1095.076099 1744.564028
-2373.431128 -600.452643 1054.229488
-2664.692615 -760.427230 1338.237426
-3169.443508 -903.193700 1591.518044
-3539.404954 -956.009592 1794.332523
-3775.801384 -1084.469780 1729.227745
-3565.394122 -902.250092 1583.389599
-3085.944342 -911.513816 1467.944641
-3063.935819 -905.741948 1456.705951
-3291.045949 -889.485996 1673.156732
-3328.859260 -899.531506 1692.114010
-3451.054325 -1017.143683 1686.313587
-3046.190283 -902.396593 1450.385922
-2788.994630 -798.007710 1397.378627
-3705.480634 -1061.377858 1857.500514
-3957.846062 -1133.204407 1983.335744
-3026.076060 -766.147581 1516.679983
-3488.994618 -1009.437461 1713.408658
-2638.345424 -752.916019 1232.102961
-3056.353445 -877.900889 1478.561063
-3378.348496 -855.796808 1558.941703
-3296.220862 -946.693361 1594.859040
-3971.475767 -1139.106320 1921.795951
-4081.323623 -1007.762874 1983.603810
-2740.573811 -762.075817 1372.075291
-2287.470125 -564.509074 1111.655719
-3505.116716 -1001.101336 1637.247651
-2332.810636 -654.298651 1175.040128
-2876.325963 -733.060145 1309.063956
-3897.475084 -1117.555776 1902.270867
-2638.920247 -749.011335 1321.699616
-3824.228934 -944.950210 1836.576951
-3751.935100 -1053.002546 1739.623978
-2840.691382 -695.023332 1362.747386
-3007.269803 -856.004181 1508.609693
-4032.354719 -995.644650 1808.384325
-3538.620729 -1003.179210 1771.356561
-3006.529021 -843.625549 1393.697055
-3878.821931 -1005.298883 1731.061997
-3729.327458 -928.369012 1663.884573
-2933.475577 -825.155459 1442.015881
-3013.389739 -738.179478 1444.619818
-3772.134350 -969.256091 1745.247218
-2872.656741 -774.160577 1365.253058
-2865.306236 -729.966002 1303.961065
-3360.067726 -916.567079 1599.505130
-3413.706239 -885.465203 1730.680225
-2971.490644 -849.020209 1472.780589
-3889.279935 -964.741830 1880.910104
-2948.783575 -803.306569 1403.612222
-3910.840524 -1055.231317 1858.459085
-2941.934348 -763.361071 1491.527738
-2799.342342 -763.143923 1331.848618
-2894.923910 -771.503144 1424.455711
-2919.393782 -818.500078 1353.660205
-3494.410470 -891.151109 1640.336755
-2989.920107 -874.529617 1472.264644
-3090.002653 -788.280343 1449.885907
-3087.330530 -880.231982 1534.238663
-3165.465190 -784.579775 1529.893144
-3797.491609 -893.262324 1797.606312
-2067.526215 -535.985496 994.382526
-3574.461842 -1046.644159 1751.949067
-3184.810069 -820.168246 1551.733655
-3267.849506 -934.451432 1619.276615
-2164.880462 -633.689906 1060.708663
-3520.848712 -834.930684 1646.264998
-4000.184459 -938.424048 1842.539037
-2773.204093 -650.194583 1277.751022
-3443.954008 -1009.334515 1687.688016
-3998.825823 -938.037599 1841.991463
-3433.338333 -1006.781560 1682.163481
-2949.807832 -864.320157 1448.101324
-3820.212377 -965.988541 1916.743645
-3324.869265 -817.178518 1607.772712
-3869.910822 -1125.849679 1921.620436
-4046.377054 -1051.149071 1946.078060
-3481.095288 -1001.227299 1680.019248
-3016.953361 -742.688783 1458.082448
-3781.025902 -930.228312 1827.311931
-2851.340440 -800.367711 1323.775268
-3455.933435 -931.047604 1643.586829
-2472.205719 -643.367332 1180.345271
-2852.694597 -768.768842 1357.205273
-3932.585068 -1059.151768 1869.325734
-2803.110855 -798.576835 1406.302344
-2855.476111 -768.955024 1357.511005
-2787.871136 -757.889152 1269.417188
-3286.204962 -856.361546 1637.349747
-3251.317793 -847.624016 1551.809167
-3277.374966 -867.364113 1602.880226
-3577.445827 -1045.182908 1723.072975
-2978.254536 -870.184502 1433.693388
-3740.283724 -1096.889544 1831.244791
-3247.742618 -936.435946 1495.770716
-3087.111471 -912.638236 1506.238864
-3632.701999 -1063.134253 1695.403067
-2807.847343 -800.798366 1408.827009
-2795.410685 -827.579574 1331.518200
-3653.371576 -1037.047731 1854.507178
-2855.257280 -841.791410 1373.311392
-3441.785326 -816.493691 1680.643619
-2864.030271 -810.037335 1453.083530
-2306.561098 -580.421632 1165.385156
-3696.143637 -1045.111105 1876.441471
-2356.619115 -652.201013 1123.656572
-3563.222624 -1032.658281 1724.750352
-2929.802378 -817.084592 1394.352280
-3690.182645 -937.613961 1743.454545
-2915.742944 -701.769409 1420.394841
-3231.278322 -930.267746 1598.700830
-2946.477184 -726.854377 1345.316045
-2946.937349 -774.901620 1490.581620
-2635.475403 -739.511105 1287.142413
-2335.031556 -621.084904 1177.541464
-3711.091364 -1042.091703 1812.764986
-2868.476633 -805.764718 1426.295377
-2549.672433 -656.976688 1240.465046
-3976.310984 -1005.875245 1989.640648
-3016.774345 -740.286241 1503.537345
-3955.359962 -970.849222 1980.312775
-3012.773807 -845.341187 1395.384264
-3472.875355 -932.986781 1748.191165
-2823.473839 -714.487050 1413.301704
-3355.869577 -887.593767 1561.291681
-2641.989048 -688.020362 1216.928793
-3391.569284 -825.159766 1654.940882
-3279.201753 -902.035151 1629.031703
-3036.028088 -815.329167 1528.535442
-3649.723424 -1048.031863 1701.041735
-2636.035221 -756.879760 1228.578503
-3321.335641 -929.064244 1539.776484
-3457.157058 -903.291901 1643.235620
-3410.801198 -953.056017 1579.044667
-2760.548504 -774.114038 1277.461599
-3746.804197 -1047.432816 1737.156287
-2321.313120 -598.022983 1128.801160
-3674.642225 -1027.890345 1701.447735
-3948.391475 -952.186389 1927.945222
-3425.874123 -978.736488 1577.041343
-3379.316001 -947.496351 1648.998259
-3407.149980 -935.235675 1628.507058
-3307.015875 -934.707474 1585.131682
-3362.925536 -970.947263 1607.214367
-3619.809016 -1056.428724 1691.534819
-3620.409744 -1056.531730 1691.838049
-4069.320247 -1150.552853 1950.003355
-3134.232876 -812.588799 1490.959333
-4001.746516 -1023.201073 1833.258225
-3785.476184 -1108.020076 1818.427387
-2515.340519 -741.102991 1203.016630
-4034.971955 -1189.749940 1927.468529
-3755.215029 -1108.255512 1795.810867
-2609.120297 -769.618632 1247.071290
-3390.714675 -804.258482 1656.853970
-3316.552607 -889.974268 1689.866528
-2889.990273 -817.717175 1466.997908
-4029.208175 -1065.398363 2051.494147
-3298.632410 -899.004699 1670.554048
-2824.159234 -756.536469 1440.659893
-2924.566914 -828.399496 1480.934345
-3631.446119 -909.015074 1828.999520
-3163.683910 -897.908910 1602.981624
-2609.272455 -739.406817 1322.142937
-3984.558927 -1126.657009 2020.698874
-3002.835506 -817.104150 1521.036767
-3619.251083 -1034.832345 1827.154070
-3385.877318 -957.409945 1717.202333
-3675.111729 -1052.763260 1852.907756
-2252.142679 -637.133829 1141.531149
-2946.874172 -762.669204 1453.516674
-2621.662148 -642.508342 1196.402043
-3365.528309 -870.770322 1660.692394
-2919.775344 -803.866057 1469.834084
-3694.641932 -905.399892 1686.074430
-2972.339857 -725.124203 1401.683127
-3742.760565 -1003.056655 1784.864087
-3252.933567 -841.484665 1656.926535
-3883.883276 -998.875543 1909.839531
-2970.314277 -774.264204 1369.904364
-2435.612791 -594.880830 1213.740543
-3164.041728 -830.208691 1496.698988
-3805.351982 -1003.621082 1854.576984
-3576.114874 -1011.755502 1801.530084
-2929.333731 -715.685379 1459.901961
-2949.721314 -840.720055 1490.664427
-3618.499148 -1026.229287 1830.905723
-2645.134427 -750.037940 1338.140553
-2610.644888 -689.171537 1271.337284
-3513.523231 -993.707535 1775.432815
-3157.895280 -792.627385 1590.691809
-3170.958542 -907.357410 1599.476169
-3331.867942 -949.911592 1679.138285
-3157.764109 -791.007134 1590.101956
-3589.417952 -1056.503841 1712.387573
-3389.675352 -918.474127 1716.683541
-3525.466316 -917.515280 1793.971823
-3541.485633 -1002.737081 1784.859803
-3716.886082 -1014.072478 1880.175651
-3012.924321 -819.443171 1524.834270
-2538.698678 -689.803019 1285.178122
-3422.335078 -984.387399 1568.593479
-2091.719267 -544.143956 987.628114
-2845.687031 -741.051002 1448.259136
-3177.336168 -861.277907 1610.780577
-3914.405690 -1060.052404 1985.397977
-2956.359329 -807.489103 1412.356025
-2622.971191 -689.359218 1243.559065
-3223.155853 -917.926035 1624.447198
-4044.408129 -1051.085661 1898.261352
-3456.211073 -905.134785 1644.548581
-3432.402360 -992.242529 1702.096527
-3740.818571 -957.743120 1717.156995
-4020.956047 -988.248837 2002.772116
-2618.333011 -680.249899 1302.457863
-3677.525474 -1002.589118 1640.991751
-2803.362237 -806.677369 1286.018546
-3866.149859 -1052.957462 1728.646702
-2443.864968 -672.859119 1188.153778
-3373.827812 -919.440178 1508.316302
-2286.542514 -673.151482 1079.692046
-3085.992902 -840.576439 1378.151894
-3676.461830 -1002.919867 1641.069671
-3548.150601 -1043.380640 1675.837916
-3547.984816 -1043.420913 1675.940250
-3014.632556 -773.820073 1489.255717
-3115.039097 -858.629225 1515.950108
-2061.717617 -517.584715 1041.347873
-3517.691872 -1000.251990 1783.000010
-3336.384713 -842.571730 1673.070893
-3272.759807 -827.051430 1645.129359
-3768.217944 -1110.763807 1836.262047
-2308.214562 -681.510609 1124.874958
-2572.695319 -703.502774 1305.582208
-3222.078142 -955.660240 1541.550664
-2956.362469 -848.287679 1490.506780
-2776.573410 -750.989000 1412.793822
-3036.485975 -897.259533 1451.952014
-3535.968030 -1040.969994 1749.780754
-2586.621769 -700.715255 1316.088467
-2477.702800 -730.219931 1189.701939
-3123.555817 -893.468887 1580.103719
-2584.538989 -700.087747 1315.043108
-3499.896820 -948.227983 1785.160084
-3050.032140 -875.743772 1540.663311
-2507.218196 -636.223283 1261.665975
-3425.817556 -863.213644 1728.787892
-2684.275158 -771.932824 1336.143203
-3014.182197 -864.604042 1499.322435
-2663.101739 -763.873093 1323.843716
-3790.232023 -1091.659536 1735.507325
-3408.492232 -922.196806 1728.034439
-3413.392745 -925.432681 1733.869420
-2866.325438 -818.300506 1442.988548
-3209.034955 -916.685789 1615.688379
-3087.269829 -913.506199 1505.799817
-3438.441833 -1012.505885 1650.421423
-3671.010355 -1055.192365 1681.495434
-2452.619314 -702.211188 1228.149181
-3106.382318 -781.606467 1566.996167
-2875.058624 -827.640202 1318.481100
-3721.731573 -1005.862306 1895.387304
-3795.251220 -1091.343132 1738.368867
-3300.844661 -859.975657 1559.368297
-2929.990039 -861.681765 1448.723415
-3442.937443 -1012.128587 1702.330577
-3543.835482 -1041.429425 1751.389071
-2936.735579 -864.553445 1411.039830
-2810.364734 -826.166204 1388.430214
-2372.734698 -631.674585 1138.864461
-3495.574276 -1020.183084 1722.465370
-3057.674985 -855.218068 1494.674391
-2634.368120 -644.466775 1210.091481
-3877.604372 -917.578293 1867.565072
-2488.281303 -616.173847 1203.491669
-2265.059087 -543.614463 1078.314927
-3709.108617 -954.061416 1671.079223
-3899.597035 -1127.758930 1898.619411
-2476.560305 -615.029064 1246.478188
-2367.784430 -598.402046 1189.278693
-2623.456393 -744.427230 1326.532072
-2740.263122 -797.930949 1363.811592
-2822.233697 -798.400331 1306.319235
-3907.471647 -1092.965655 1909.201576
-2500.482087 -707.208548 1158.318090
-3131.923089 -821.883606 1482.963151
-2619.256568 -717.832426 1316.990202
-2451.584205 -715.234859 1218.530137
-3277.808060 -872.273259 1573.906224
-3716.151735 -989.455866 1786.113009
-3174.757898 -928.574187 1558.336776
-2729.925242 -675.933503 1268.314742
-2097.762581 -525.820323 1032.171654
-3471.385141 -994.197759 1754.860079
-3053.297561 -905.117179 1460.840813
-2292.206118 -656.971549 1158.810643
-2345.626783 -692.398303 1144.468020
-3830.000592 -1084.761308 1946.671350
-2937.791889 -768.777119 1396.293342
-3516.237440 -997.409859 1776.183583
-3247.371213 -927.771906 1631.973979
-3551.413066 -848.835416 1770.946629
-3044.710612 -734.020063 1522.510584
-3970.568707 -1111.868264 2015.979020
-2939.945893 -789.934841 1416.166218
-3076.555610 -807.819391 1509.668349
-3423.527506 -901.721156 1600.266327
-3427.857189 -809.432017 1574.745659
-2763.222008 -653.451772 1269.708706
-2697.232490 -711.091032 1262.173980
-2509.123811 -604.224742 1243.659823
-3684.488110 -1060.826532 1757.167152
-3993.726486 -1042.316787 1945.962497
-3689.403395 -984.377318 1822.032802
-3554.589066 -930.992040 1718.383186
-3428.655019 -981.584498 1634.619160
-3668.080744 -874.253585 1763.982790
-3686.978805 -961.526305 1798.519294
-3709.808174 -869.067142 1773.624283
-3684.658043 -960.752286 1797.390312
-3431.496553 -919.309580 1739.907268
-2986.870222 -707.809301 1424.106439
-3358.811204 -872.217047 1544.556809
-2626.101401 -693.014788 1335.926743
-3251.485915 -874.192721 1584.853841
-2978.179597 -768.483122 1338.322724
-3218.479610 -774.398971 1594.896915
-3042.344690 -785.762863 1366.520070
-2671.024930 -718.248815 1301.925017
-3850.929484 -1034.839350 1873.295268
-3796.751021 -1000.658238 1777.520728
-3082.676786 -769.214588 1412.142360
-3572.066210 -871.173152 1634.804609
-2885.600648 -726.774907 1287.240696
-3022.458954 -803.164054 1476.587017
-3753.254535 -1063.344979 1781.233244
-3184.983610 -825.415085 1611.580690
-2526.290172 -716.409179 1199.997705
-2903.681447 -751.692865 1438.698389
-2706.775365 -747.679819 1269.742556
-2935.395268 -850.278285 1423.108364
-3170.480028 -810.007587 1540.569597
-3699.868132 -975.447991 1859.246418
-3044.816418 -788.070787 1508.760725
-3390.546771 -897.209111 1650.348004
-2541.331274 -668.403058 1243.641965
-2716.133278 -750.156250 1273.591702
-3450.360167 -907.801034 1688.554886
-2606.912103 -741.391224 1271.603515
-2823.947887 -794.608477 1387.754767
-4016.690118 -984.916503 1815.737724
-3318.420804 -916.930366 1557.436449
-3836.772540 -955.392783 1812.239552
-2144.048771 -546.938596 1042.726579
-3073.432291 -890.051342 1488.867747
-3240.321719 -827.403717 1467.415401
-3466.133638 -912.174234 1730.224677
-2831.678861 -802.413842 1355.848995
-3800.096749 -1078.751269 1733.524907
-3323.481402 -881.126428 1672.086188
-2917.984388 -826.899505 1397.219416
-2800.245020 -820.291678 1328.250855
-3129.485422 -836.961145 1548.911575
-3333.078399 -890.878578 1682.982874
-3465.053570 -883.419800 1656.587039
-2458.650046 -657.588402 1246.573038
-2657.812808 -777.290961 1260.653411
-3596.894146 -975.119095 1652.642980
-2476.214762 -649.314582 1237.786467
-3412.946697 -905.351183 1580.474202
-3335.990914 -961.295149 1576.724385
-3489.236107 -884.288414 1659.875575
-2519.070662 -726.036327 1190.952442
-3377.443222 -988.041011 1601.561672
-3044.893847 -789.058090 1432.138009
-3088.181524 -855.295337 1426.695919
-3574.599475 -939.913455 1784.067456
-3392.291211 -885.655662 1510.526767
-2972.246228 -848.777236 1475.595429
-3150.039220 -761.987519 1436.849424
-3160.545475 -813.040218 1533.992859
-2747.617582 -681.724429 1320.511470
-3120.713622 -813.679742 1563.390378
-3975.524627 -1127.597788 1886.994221
-3325.293750 -866.590991 1622.451511
-2651.703278 -655.218055 1292.223959
-3177.089720 -846.099030 1588.573749
-2654.734535 -739.453452 1243.039395
-3367.687513 -868.018265 1695.401142
-3450.160427 -898.772628 1703.172599
-3246.994025 -808.934476 1517.851491
-2904.692306 -751.619528 1438.815699
-2571.802986 -720.683627 1260.658024
-2367.069223 -642.109603 1088.174461
-2969.295602 -738.198975 1412.273256
-3728.628467 -998.235265 1890.727438
-2745.187203 -734.986300 1385.953593
-2710.516649 -705.459822 1248.514991
-2773.196767 -733.455547 1395.775819
-3600.668041 -971.344498 1669.439630
-3390.461075 -936.610209 1534.707498
-2323.509714 -662.883307 1132.186440
-3180.973790 -912.559387 1566.903091
-2961.921248 -829.943153 1451.299639
-2913.950551 -830.370118 1419.855315
-4023.938977 -1124.655738 1921.735379
-3361.517234 -827.597326 1539.270075
-3381.584956 -818.024335 1647.936442
-2531.394339 -608.131122 1166.804460
-3454.095868 -835.910529 1684.206756
-3383.820761 -861.271044 1531.882646
-4058.782533 -1113.534941 1961.449594
-4018.718786 -1071.445122 1837.812301
-2832.539404 -685.058555 1337.900457
-2962.649466 -732.011634 1401.440119
-2778.343850 -726.892955 1388.316800
-2345.994835 -608.452662 1161.382612
-2901.489629 -748.632533 1340.208988
-3342.461497 -850.216715 1630.767578
-2882.883015 -686.871952 1386.794189
-3776.724043 -991.716590 1853.611674
-3775.933108 -968.234418 1903.549754
-3901.979967 -912.448948 1811.074993
-3480.578123 -824.674448 1659.058881
-3409.920107 -803.376134 1603.641067
-2834.185547 -663.871955 1331.984787
-2694.891365 -632.254043 1295.474381
-3676.066118 -1056.512631 1747.856003
-2677.425829 -634.936571 1283.287274
-3241.433951 -768.500059 1525.785167
-3759.318831 -1020.240301 1695.731731
-2845.451414 -818.337400 1356.530439
-4030.997333 -1004.010856 1909.759706
-3411.767250 -980.470050 1648.712356
-2796.422512 -688.921382 1285.891735
-3452.294811 -976.664325 1694.817714
-3429.834026 -855.319841 1721.371915
-3702.217873 -933.222595 1657.324465
-2828.786175 -670.042008 1354.362068
-2920.094113 -791.490331 1315.976174
-3539.662510 -1016.225021 1705.105859
-3652.819154 -876.389673 1778.492618
-2974.341796 -701.667458 1438.190138
-3662.977035 -947.528313 1678.962968
-3549.370080 -916.596534 1596.525488
-2916.401346 -754.106714 1445.954510
-2659.491977 -669.883811 1190.147624
-3188.814076 -894.625867 1563.445083
-2544.352105 -666.094153 1271.812048
-2520.147218 -627.979289 1193.732569
-2662.128015 -676.826265 1315.453236
-3455.597744 -878.831510 1707.751321
-2937.234684 -740.569912 1464.003433
-3250.492304 -826.981979 1607.358475
-3359.638705 -783.616849 1561.283247
-3041.729966 -872.611953 1468.593607
-3473.490353 -1016.259444 1663.319640
-2516.569534 -664.432477 1180.121586
-3565.333408 -1045.528945 1710.083255
-3397.951659 -878.892712 1594.523154
-3630.273451 -915.526514 1714.504021
-2357.777013 -614.927384 1081.052108
-2818.734872 -720.505775 1275.474770
-2740.560448 -683.561400 1318.884056
-3763.389075 -942.408699 1737.642098
-2899.424185 -721.988839 1396.319724
-3811.059989 -950.318966 1757.923054
-2558.868829 -669.785211 1246.305925
-4082.433043 -1018.552416 1883.199389
-2483.507313 -636.541221 1221.684773
-3864.109077 -990.438528 1900.361881
-2865.262645 -791.286625 1331.834648
-2940.483182 -749.825878 1404.175697
-2953.547074 -736.563254 1421.120633
-3578.174045 -941.131829 1741.718020
-2534.268759 -600.927418 1168.470504
-3155.149076 -829.946968 1546.313298
-2774.057757 -745.647528 1403.807063
-3376.518656 -823.736677 1660.174019
-2754.032712 -677.206638 1266.068645
-4022.576174 -1056.993228 1959.364409
-2521.059401 -662.354804 1227.584673
-3070.484949 -804.341497 1448.290146
-2033.006433 -581.307875 946.532356
-3948.683229 -964.461514 1941.126807
-2342.666420 -682.159013 1160.672198
-3611.508851 -902.177524 1814.528205
-2992.053033 -876.505372 1434.001415
-3763.281298 -952.388524 1802.987588
-2784.200050 -723.453740 1280.673377
-2995.146429 -860.887293 1447.120365
-3002.649945 -823.086301 1398.075534
-3831.664732 -1087.923783 1885.544683
-3996.590646 -1023.545974 1797.598877
-3743.015247 -1062.449519 1841.462612
-2715.321317 -676.928717 1305.020819
-3320.613950 -919.163802 1556.145889
-2782.805936 -766.572876 1306.140683
-3378.575773 -888.380895 1633.557397
-2978.730281 -769.113247 1429.977852
-3801.831510 -1005.129489 1847.736198
-3762.489104 -1042.768282 1839.771095
-2626.519149 -654.224057 1226.170318
-2795.729622 -773.756655 1291.030545
-3409.765117 -944.070864 1598.049542
-3967.240135 -1018.701921 1952.549795
-3535.759012 -904.647963 1614.611466
-2493.414140 -653.831908 1207.132508
-3658.272565 -1012.504747 1714.677570
-4060.724584 -1011.495390 1896.308457
-3443.277774 -948.435453 1616.241548
-3012.888157 -803.749355 1506.216280
-3661.635682 -925.668404 1770.698202
-3658.801818 -936.565351 1671.286446
-2348.674349 -647.345999 1102.209551
-2972.698166 -786.102423 1446.547715
-4070.499321 -1033.302801 1822.740117
-2780.138845 -727.543143 1388.378724
-3447.023069 -919.505023 1577.884084
-2357.562747 -609.328753 1118.632303
-2576.128470 -633.893663 1164.454041
-3822.352802 -991.220597 1831.088066
-2890.087007 -778.407637 1356.827022
-2654.678956 -623.168339 1283.098500
-2440.045556 -620.810469 1230.742911
-3264.958431 -765.864848 1577.953926
-2675.036477 -680.870713 1316.800419
-3293.230656 -772.290884 1593.380729
-2747.369869 -739.312574 1251.173549
-3780.035311 -1024.055766 1823.372543
-3005.218406 -813.457071 1448.408559
-2266.100170 -585.368196 1142.720113
-2420.530690 -689.233518 1157.335826
-2700.149550 -686.509604 1303.355580
-3588.498445 -935.559659 1717.346248
-2668.245279 -622.987637 1277.721567
-3266.902276 -758.894112 1536.846043
-2559.477484 -668.548653 1247.451704
-2614.681117 -641.335571 1270.803391
-2992.700428 -823.588145 1399.772438
-2873.394118 -750.418449 1401.322126
-3028.923766 -796.130540 1425.806962
-2974.662642 -848.885190 1390.371078
-3450.133869 -901.078240 1683.389653
-3736.977218 -947.580422 1720.128538
-2916.664572 -739.707816 1342.560622
-3777.922419 -976.570952 1875.757857
-4046.626729 -1036.032735 1814.136018
-3043.497658 -788.124547 1431.871017
-2971.870178 -836.535980 1345.412828
-3414.124090 -884.268143 1687.942180
-3081.896718 -803.744207 1510.107380
-3844.329478 -1101.065087 1786.151380
-2702.657884 -707.638184 1355.991715
-2413.130462 -596.002847 1191.659557
-3025.600726 -865.694276 1405.335582
-2865.354363 -756.398808 1430.570672
-3102.493254 -884.686305 1539.486728
-2942.056223 -705.309929 1370.784983
-3462.930752 -901.725848 1664.579686
-3136.506707 -779.163813 1510.737986
-2235.935790 -619.319201 1094.098002
-2944.159743 -705.396074 1371.949586
-3916.234416 -953.971884 1792.267816
-2872.806073 -759.123991 1434.402842
-3079.158104 -771.125130 1502.950989
-3947.815374 -1129.558882 1832.843363
-3331.490456 -868.727692 1633.295084
-3312.309590 -855.120421 1645.379532
-3797.509908 -948.999373 1863.075770
-3891.900534 -1008.625758 1926.948368
-3529.886788 -829.554824 1672.391546
-2958.390126 -739.350043 1450.436745
-2936.752762 -843.160711 1449.014482
-2907.643931 -753.082075 1439.593558
-2622.335360 -752.784365 1292.930800
-3187.839865 -894.181544 1561.610008
-3165.908938 -853.989316 1466.890421
-3489.425713 -949.154766 1692.463474
-3865.547565 -1011.605426 1885.170988
-3535.420333 -832.949275 1619.097096
-2752.960485 -709.702534 1221.953334
-2885.402179 -698.633519 1299.786481
-2971.488112 -766.093402 1320.016835
-2852.258503 -671.034491 1306.605976
-2750.359533 -709.421199 1221.065237
-3156.868576 -786.717665 1585.581391
-3736.770323 -965.257453 1858.252319
-2538.661263 -597.471555 1163.063231
-2924.752004 -749.937141 1315.740154
-3115.053919 -805.337037 1382.494326
-2621.505254 -614.131640 1236.448453
-2455.168613 -636.356930 1216.124998
-2465.679109 -639.223767 1221.570805
-3915.258626 -1052.236412 1990.360000
-3773.099117 -952.010834 1780.533858
-3863.412972 -1034.616696 1814.206205
-2880.085521 -741.829465 1326.777336
-2878.427533 -741.623484 1324.688591
-3399.114538 -886.143313 1600.734761
-2526.092757 -660.832334 1230.721907
-4096.555965 -1064.614706 1886.156021
-2538.432858 -631.012339 1222.651117
-4034.491722 -1055.406922 1965.083710
-3752.668907 -935.878373 1885.831220
-2715.852000 -675.388638 1307.637908
-2951.328245 -764.982848 1460.936332
-3836.306414 -937.789557 1885.368163
-3528.537426 -858.819583 1614.334282
-3064.735083 -838.829595 1470.070612
-2789.465447 -657.394570 1276.738052
-2731.296301 -660.887612 1229.566221
-3602.294575 -1002.248924 1754.256077
-2788.162481 -814.612086 1370.525061
-3352.908980 -886.614300 1675.325374
-3704.489902 -1042.088274 1675.002202
-2737.055893 -785.096867 1349.410817
-2448.343248 -601.056863 1199.988315
-2611.554048 -650.078726 1256.052591
-2909.021514 -723.461074 1397.346611
-2953.627923 -734.166021 1419.213846
-3614.621737 -849.073359 1761.746708
-3949.763859 -931.480513 1934.916853
-3790.700830 -894.104113 1857.946255
-3068.587297 -861.508243 1557.023594
-3098.125150 -765.836914 1567.745061
-3675.446036 -964.282244 1881.520480
-2361.997601 -612.652954 1207.723029
-3731.316560 -921.334062 1886.174066
-3199.170050 -768.548902 1591.261448
-3190.608133 -766.848844 1585.885350
-3246.783824 -860.056482 1662.508081
-2409.307415 -643.894035 1155.916991
-2768.104769 -738.782664 1412.620455
-3113.971034 -806.065226 1589.783320
-4040.747549 -1035.838577 2063.470636
-3079.618572 -789.295256 1572.018182
-3561.394048 -910.694414 1817.049677
-4031.133798 -1030.510839 2056.573524
-2703.769880 -702.351961 1383.143386
-3169.722988 -891.151264 1604.045068
-3977.936769 -1052.894393 1875.575769
-3881.298762 -943.903753 1937.134589
-2840.871825 -691.427810 1416.949852
-2909.331456 -707.502436 1450.504411
-3636.789511 -1066.876336 1768.930213
-3951.015296 -954.889833 1925.187080
-3289.657925 -785.049553 1598.031855
-4057.643411 -1133.406375 1964.335019
-2358.136321 -588.438913 1113.542752
-2742.430827 -715.233133 1256.081248
-2675.279658 -644.502938 1330.723463
-3536.680646 -850.321168 1752.316197
-3145.259053 -839.066354 1551.623532
-3947.628952 -1053.668179 1948.399076
-2600.437057 -609.581881 1247.234621
-3960.274482 -940.426859 1922.846819
-3848.851158 -961.626864 1818.256037
-3816.210339 -929.292939 1806.164288
-3131.405694 -786.884870 1447.539385
-3720.028148 -1083.689683 1810.183112
-2988.227390 -706.808788 1407.224618
-3156.867970 -830.554018 1546.465359
-2333.037143 -635.591697 1159.754922
-2694.175695 -708.896842 1319.560473
-2980.666600 -707.678213 1451.162188
-3340.045281 -794.171904 1626.415607
-2314.953998 -660.377130 1064.149202
-3184.134914 -823.560777 1599.130772
-2462.702229 -686.404753 1224.911289
-2558.663833 -687.854627 1205.442404
-2981.763767 -801.173148 1404.569004
-3464.090527 -976.424041 1650.099708
-4028.213221 -940.353891 1884.893112
-3409.277438 -798.938463 1602.459180
-2798.443221 -662.664239 1339.765765
-3428.071804 -811.299963 1640.904694
-2703.314830 -648.550006 1257.890725
-2664.746672 -639.080871 1240.007990
-2917.726949 -824.941099 1432.179321
-2742.049624 -741.657055 1323.067225
-2894.817535 -684.727979 1386.229908
-4040.549215 -947.041499 1936.801281
-2985.229358 -699.239514 1431.069333
-3436.729897 -881.163896 1695.862730
-2925.807715 -768.883689 1416.606172
-3331.571498 -956.846055 1578.633757
-2857.301627 -714.545126 1441.945272
-3028.057635 -719.281925 1479.982283
-3290.158187 -965.904704 1578.107608
-2842.102872 -799.165724 1438.181500
-2843.062596 -730.344366 1451.404486
-3035.458475 -760.039073 1532.551787
-4032.445010 -1038.852684 2057.072596
-2882.868350 -768.858250 1471.684746
-3409.666381 -886.206652 1736.962633
-3380.423180 -878.558484 1724.743868
-2840.007103 -760.131858 1453.029241
-3334.730485 -866.038509 1697.792592
-3404.995641 -881.646616 1739.667815
-2264.701189 -584.585967 1155.978152
-2911.773321 -750.987370 1485.560276
-3817.618515 -984.077520 1946.052667
-2918.924075 -751.716858 1489.097864
-2525.588710 -693.063678 1274.836042
-2435.650957 -670.623226 1231.759754
-3947.926597 -1097.160284 1998.809939
-3736.046418 -964.743539 1905.351988
-3123.558747 -736.288821 1522.244564
-3770.808597 -1045.735867 1905.009053
-2733.129349 -756.550056 1382.461593
-2744.750980 -760.695265 1387.540616
-2531.036294 -701.566796 1279.435013
-2521.919079 -699.329603 1276.171105
-3529.381255 -983.262418 1787.023352
-2877.289334 -798.144006 1455.930063
-3022.713280 -838.443098 1529.143472
-2592.251834 -612.984383 1267.883580
-2787.838099 -727.607487 1278.294337
-2348.015589 -558.839165 1145.368985
-3168.845900 -888.613347 1604.469037
-3834.647664 -1014.264933 1955.343394
-3082.278652 -843.170821 1551.766661
-3525.058589 -925.481251 1799.274712
-2660.459942 -627.336900 1296.059520
-3480.824916 -969.497661 1763.507512
-3676.487838 -960.956587 1877.167009
-3180.008170 -828.421240 1622.105143
-3629.453512 -855.118825 1767.669845
-2969.544572 -758.912771 1511.141522
-2972.593260 -760.031009 1512.260395
-3630.561697 -855.252422 1768.118885
-3864.059743 -1075.228772 1957.745428
-3616.896641 -1005.556130 1830.704696
-3342.903606 -795.659574 1634.468652
-3403.691065 -933.495606 1625.141413
-3444.671831 -920.784767 1700.781124
-3058.980763 -839.640726 1540.026772
-2833.044509 -771.686181 1426.164945
-3870.445159 -999.921471 1774.047068
-2431.774743 -575.620210 1184.058736
-2339.532351 -629.053947 1160.019368
-3940.551863 -955.268936 1862.685150
-3878.163821 -1138.324415 1859.731460
-2560.852721 -751.257028 1228.131513
-2831.931385 -827.940965 1356.288385
-4010.414722 -1172.769981 1921.300938
-2865.808098 -694.382524 1435.742060
-3053.716912 -741.931848 1530.983662
-2653.333610 -632.967414 1314.123542
-3563.738289 -853.667991 1769.925934
-3329.369281 -810.005805 1667.579588
-3045.365090 -737.834675 1525.550528
-2583.705172 -624.524929 1293.247184
-2397.921462 -668.655356 1214.978443
-4063.533471 -982.393341 2033.662454
-3983.509134 -1116.333939 2017.507110
-3817.797870 -922.744190 1911.740890
-4050.156657 -975.706302 2022.209502
-3191.845262 -743.292446 1536.062365
-2930.490478 -701.893810 1456.794631
-2779.439895 -707.596159 1369.422360
-3399.293883 -861.443688 1720.407041
-3511.860835 -974.661369 1778.620546
-3256.058401 -777.384068 1616.921624
-2923.454804 -702.534187 1455.352040
-3819.176723 -911.273439 1892.129057
-2587.038587 -618.675394 1286.154463
-2665.652758 -627.651273 1300.679464
-3886.950033 -915.303492 1895.713713
-3828.134996 -902.401827 1869.797780
-3954.036290 -977.874691 1993.043335
-2907.550216 -685.407384 1419.281385
-2428.113125 -572.563906 1186.009540
-2980.797500 -758.146785 1468.406675
-3644.712374 -927.396284 1795.387982
-4010.164542 -991.991441 2021.433121
-3021.275968 -704.014348 1417.413350
-3468.666346 -806.742026 1627.431026
-3794.166279 -1012.688472 1819.678398
-2377.905359 -553.540662 1115.682074
-3193.479737 -902.294545 1567.244490
-3650.084715 -904.255706 1801.308518
-3296.931499 -873.001128 1681.222190
-3074.139376 -773.652006 1548.576710
-2979.449287 -697.675029 1431.953909
-3076.623738 -781.564566 1552.078953
-2819.404266 -713.608493 1362.760128
-3385.697240 -880.687535 1554.047602
-3795.578955 -995.700685 1838.137774
-2998.982950 -772.215261 1457.274654
-2387.888046 -653.955032 1139.424179
-3923.524829 -1069.491329 1833.815927
-3993.002331 -1005.166269 1984.621690
-3517.826426 -907.335621 1773.322099
-3505.797077 -881.619324 1621.862952
-3013.822142 -762.488133 1434.141929
-3033.784131 -752.157053 1530.306556
-3563.457244 -916.670143 1818.504505
-2819.957230 -736.729538 1439.459794
-2817.637130 -678.569220 1402.239286
-3144.807980 -756.707708 1565.518954
-3178.920174 -835.940625 1510.464727
-3989.020327 -959.833662 1985.070523
-2630.190944 -699.130009 1336.993766
-3257.248571 -831.573658 1656.975139
-3350.469473 -780.597597 1575.815279
-2831.994641 -665.646795 1378.228138
-2706.304736 -643.695115 1343.607149
-3098.228844 -749.090132 1552.657176
-3359.234484 -825.356442 1698.018444
-4042.165393 -960.461955 2005.036407
-3253.581695 -772.765305 1612.605997
-3544.709936 -902.796612 1801.839939
-3328.526379 -820.388201 1681.547160
-2985.951052 -831.581717 1516.327698
-3287.841327 -813.030731 1665.930044
-3119.189157 -771.121828 1578.692887
-2811.968056 -677.788520 1407.346596
-3103.405451 -767.865916 1570.874243
-2375.272171 -551.343160 1117.473665
-3507.126682 -814.265925 1650.041018
-3449.231039 -845.828676 1676.014279
-2569.692802 -670.993735 1251.207600
-2925.092910 -767.913910 1415.790573
-2926.192440 -768.150673 1416.308007
-3725.793134 -1065.951766 1801.402158
-2925.923142 -768.295445 1416.033787
-2896.412971 -756.278814 1409.825967
-3492.329260 -814.340897 1665.130369
-2673.219658 -686.276551 1219.070353
-3070.765133 -729.601731 1496.514523
-2903.945093 -748.290318 1430.584735
-2867.386905 -833.676989 1375.755170
-3811.380694 -959.270323 1832.146118
-2923.832250 -767.811704 1415.121173
-2930.284118 -770.000595 1418.788688
-2616.419174 -685.308379 1336.299599
-2846.952845 -676.605738 1391.958133
-2844.609218 -746.996537 1455.657806
-3463.775945 -818.158226 1693.208231
-2446.148107 -678.570064 1235.308862
-2467.319967 -636.071120 1256.223725
-2682.593017 -638.269223 1308.189856
-3558.829312 -893.043963 1710.598871
-3540.099313 -958.145355 1790.647402
-2426.190511 -581.109687 1208.095647
-2922.654980 -696.888145 1446.477060
-3994.508855 -951.595728 1985.021650
-2653.953415 -632.170196 1314.352338
-3621.348085 -841.660167 1743.478691
-2518.642393 -597.656661 1250.068251
-2514.550868 -595.713062 1246.254446
-3428.969291 -828.446840 1717.734927
-2366.071326 -552.163558 1128.349523
-3384.254128 -923.070446 1582.331704
-2846.503156 -719.332640 1442.141176
-2470.452612 -590.770390 1231.335252
-3348.115216 -790.744819 1637.919005
-3774.848143 -877.734072 1774.051997
-3076.752681 -807.790153 1509.734013
-2875.256382 -827.404630 1322.164152
-3450.656452 -904.453579 1639.543581
-3166.515403 -835.467435 1484.051612
-2714.906748 -730.013239 1280.522870
-3538.314301 -885.393708 1728.377522
-3575.940403 -841.918684 1661.679352
-3686.742159 -986.469943 1860.693185
-2608.643097 -722.252745 1205.891174
-3017.974750 -711.100082 1403.071031
-3058.278886 -837.716272 1470.314676
-2918.798873 -798.925933 1403.704698
-3602.104278 -940.530431 1602.105093
-2981.275053 -844.302050 1415.495102
-2766.667431 -728.717500 1351.170506
-3097.885475 -808.018512 1519.666122
-3691.244318 -956.295755 1732.690595
-2448.492421 -680.548679 1182.117979
-3286.059036 -960.267982 1558.626420
-2399.775100 -631.485430 1206.494038
-3006.620650 -708.596448 1396.760559
-3503.642602 -878.399006 1598.357181
-2676.623142 -752.084686 1224.913687
-2720.791557 -748.273118 1273.497589
-3850.275881 -1108.940696 1902.612380
-3365.257118 -878.164121 1497.633530
-2524.460093 -691.924906 1211.630925
-2845.880790 -793.406697 1363.870048
-3899.265027 -1103.369290 1867.169316
-2523.155766 -691.576570 1211.804329
-3042.413856 -868.642677 1509.681183
-3063.141856 -842.428320 1434.051644
-3877.802833 -984.638948 1780.697747
-3205.288003 -942.004608 1557.149575
-2620.060506 -647.667087 1239.218166
-4014.158697 -1021.329113 1817.823658
-3287.836395 -836.415941 1489.529596
-3172.976165 -781.884485 1433.932876
-3698.178570 -904.060111 1840.025150
-2894.380669 -771.737004 1373.127832
-2905.085590 -728.796013 1405.957601
-2604.174833 -610.357392 1244.656714
-4050.288411 -1016.022779 1960.750182
-2812.647961 -687.860605 1399.005863
-2615.218535 -655.723650 1243.536831
-2853.801279 -749.861326 1392.919783
-3455.560464 -875.639873 1643.056807
-3946.826090 -965.215935 1962.960360
-2762.738836 -647.304230 1273.726579
-3233.009508 -850.193374 1578.689498
-3346.790319 -860.647074 1684.104211
-3862.477958 -1135.343092 1881.480670
-3682.794181 -941.789759 1682.533506
-2316.195502 -679.291967 1128.116008
-2928.429504 -772.849590 1373.586099
-3407.508597 -882.093467 1598.207510
-2927.776036 -855.359095 1397.431644
-2740.362097 -700.174441 1260.593433
-2654.956475 -688.115940 1247.450450
-3173.976124 -827.234997 1565.188585
-3625.493766 -913.268040 1737.558807
-2747.069281 -738.709805 1391.202895
-3651.530329 -933.524921 1803.152724
-2680.764124 -721.405987 1270.163388
-2566.236859 -664.675716 1274.645396
-2970.917584 -870.093250 1466.076181
-2875.318811 -845.274873 1401.405361
-3315.591932 -956.697562 1524.652065
-2930.326377 -859.929291 1432.536867
-2971.904238 -877.295957 1406.081134
-3052.598865 -900.396590 1444.794362
-2605.009705 -764.353752 1273.766778
-2270.575611 -593.022625 1085.968790
-3982.644203 -1054.321313 1872.212601
-2763.415416 -711.060208 1390.025208
-3541.922048 -934.016377 1732.960933
-3891.145750 -1029.984768 1829.223485
-2926.329048 -782.132551 1476.656606
-3966.496880 -932.626699 1842.917645
-3255.479671 -890.895490 1563.807625
-3868.228808 -1114.794790 1911.411253
-3633.003189 -903.275921 1728.654460
-3296.690307 -830.992037 1471.289612
-2648.894080 -761.704015 1222.798148
-3408.259723 -1003.144748 1662.494616
-2535.432439 -611.657435 1238.398223
-2539.027584 -612.576818 1240.154190
-3224.385878 -951.175422 1524.241385
-3016.891040 -811.735350 1427.004482
-2836.473124 -818.459930 1305.808708
-2970.598695 -875.451788 1405.804226
-2932.783566 -773.037964 1413.737002
-3521.443225 -1027.684658 1740.837190
-3440.719649 -1010.548717 1647.571826
-3345.886137 -987.079118 1626.172601
-3396.027761 -880.272805 1611.640744
-3213.478662 -945.191956 1576.179092
-2860.793374 -770.431727 1367.099223
-2774.998220 -749.772045 1409.210444
-2293.018021 -669.280556 1135.206784
-2944.947894 -811.530255 1425.666435
-2986.312371 -698.855259 1383.346909
-3956.586347 -970.856150 1923.876953
-2963.788614 -772.863970 1462.109085
-3847.219008 -1057.730864 1798.695513
-3100.463094 -720.292387 1456.205414
-3582.754727 -832.461883 1683.808655
-3739.168408 -935.202285 1826.091091
-3539.677252 -885.260292 1728.625323
-2160.738511 -632.524099 1068.473271
-3576.396664 -1045.792935 1768.082617
-3699.119572 -983.424856 1755.212968
-2348.088882 -619.269481 1148.545363
-3286.973304 -856.757906 1637.774814
-3132.515385 -825.194861 1508.273957
-3295.806977 -831.919243 1472.011263
-2677.056281 -627.482415 1293.528601
-2712.908489 -627.671982 1274.656704
-2949.569096 -780.610868 1404.670197
-3960.010210 -1118.614265 2018.784640
-3640.948272 -1055.895880 1820.599616
-2815.242223 -758.382168 1444.690134
-2912.579622 -688.172001 1426.894740
-3163.806261 -745.647578 1551.690289
-3231.795241 -922.132811 1639.924794
-2547.308266 -684.342469 1304.243926
-3728.848710 -967.239246 1904.936429
-3753.625744 -956.113651 1913.901653
-3171.847156 -849.129964 1624.131890
-2976.577518 -793.452974 1523.967249
-3172.486664 -878.063357 1608.376224
-3330.728600 -859.232579 1704.686714
-2720.700159 -675.939827 1377.673242
-3613.450681 -994.566488 1830.945467
-3578.049437 -1046.401576 1771.191116
-3550.693510 -881.780190 1793.715066
-2705.668278 -760.322677 1372.865766
-2619.389673 -734.878137 1328.505053
-3900.483138 -1015.447709 1999.215625
-3062.813878 -759.349577 1550.436134
-2352.454307 -649.813509 1191.480121
-2408.214506 -643.538602 1155.257587
-2937.574236 -811.651809 1488.063582
-2848.039106 -676.823686 1395.497450
-3724.546536 -1092.860992 1812.503707
-4097.690583 -1066.880110 1889.351290
-2854.957826 -723.433466 1438.961272
-3723.530414 -1084.767264 1811.852758
-2774.985069 -807.955513 1370.179751
-2881.667929 -839.956530 1423.031336
-2734.728646 -637.950397 1316.646096
-3270.277626 -762.518482 1574.207060
-2728.057752 -632.069031 1299.358951
-3962.654903 -1102.195093 1914.797791
-2526.813494 -649.190680 1231.497159
-3453.621258 -887.495086 1683.012823
-2712.549018 -778.654442 1340.249508
-3512.073332 -964.325340 1777.492239
-2910.338342 -796.290232 1472.314974
-2874.221962 -789.119373 1455.124231
-2885.531664 -792.105599 1458.837726
-3479.957265 -865.310071 1753.146516
-3082.517711 -896.473076 1535.773266
-3534.458445 -875.719109 1783.684818
-3833.041798 -1081.421273 1943.448682
-3335.584686 -871.443577 1704.372708
-3538.327367 -924.757012 1808.962237
-3809.480145 -930.263546 1907.706982
-2901.318623 -759.913591 1483.333797
-3718.591693 -991.430210 1904.692378
-2838.819244 -757.820534 1452.028698
-2488.813372 -681.250533 1252.936868
-2837.306254 -795.566332 1437.279804
-4062.867465 -958.604604 1976.031151
-2747.139569 -741.799027 1319.083201
-2427.208734 -655.380703 1165.213422
-2662.727597 -630.324408 1303.485266
-2995.823298 -766.219042 1476.236948
-2661.728733 -688.010021 1241.231689
-2591.875805 -763.773687 1242.648967
-2430.675611 -632.764532 1153.581429
-2913.809520 -709.527693 1463.424155
-3040.617474 -741.976602 1527.653056
-3392.944315 -947.603044 1717.486820
-3226.984950 -900.532231 1634.717696
-2797.189185 -777.340380 1418.379030
-3627.893529 -887.401863 1823.420890
-3905.772362 -966.270071 1969.898905
-2915.752595 -678.604907 1387.418629
-3754.174506 -921.754411 1890.373626
-2951.696483 -726.851873 1486.758215
-3010.469821 -811.783399 1439.885504
-2840.514235 -720.381427 1433.890164
-3665.640333 -1029.615012 1707.963911
-3972.898997 -1115.077386 1851.282486
-3233.547911 -908.089514 1506.477109
-4062.062735 -1077.825352 1926.387631
-3194.333064 -743.022359 1535.951199
-3836.607851 -895.072139 1846.888717
-3703.565561 -938.131439 1869.255435
-2470.853622 -701.400889 1255.050179
-2723.005455 -797.897988 1354.345260
-2842.530068 -813.080932 1439.828642
-2654.928088 -672.014277 1335.777100
-2731.708748 -678.576433 1376.924092
-3710.847113 -1062.527857 1878.609179
-3710.823704 -995.780499 1899.340019
-3180.333915 -874.421930 1611.866115
-3799.072459 -1071.549419 1930.229167
-3681.170920 -993.684461 1877.511409
-3967.280378 -1128.307125 2014.979014
-3529.042818 -939.209488 1808.618340
-2938.125985 -868.793759 1409.652392
-2621.468394 -706.007176 1337.215320
-3698.254922 -1053.474045 1872.038867
-2331.887851 -605.269595 1189.727904
-2894.956139 -776.032045 1478.704049
-2432.633839 -597.935078 1223.518511
-2968.066905 -855.072005 1359.519989
-2399.369627 -590.278749 1209.239617
-2714.830989 -794.133923 1348.198240
-3398.228538 -994.721573 1687.340900
-3669.523889 -911.184124 1862.396012
-2818.868701 -691.507914 1421.529526
-3147.823330 -776.849931 1594.378156
-3658.243450 -1025.267003 1863.576613
-2822.325637 -823.075087 1398.264686
-3698.318021 -991.339901 1895.732007
-3130.072718 -768.233790 1582.739456
-3233.280479 -904.736971 1648.653440
-2844.193263 -705.446460 1442.575896
-3204.648808 -777.647158 1612.399459
-3959.793768 -1093.938396 1903.064083
-3122.713233 -742.285774 1530.691145
-2785.058356 -810.459862 1376.192949
-3075.198647 -711.924637 1465.144457
-3120.749181 -863.266004 1405.512552
-2824.979125 -746.110794 1445.986107
-2217.571404 -645.398697 1105.043595
-2840.701217 -778.478758 1429.505340
-3201.992638 -924.379856 1600.728674
-2789.755017 -730.293417 1324.462527
-4048.502707 -1029.262735 2054.769672
-2585.314128 -626.585334 1296.486055
-4028.688129 -937.889799 1883.770287
-3149.698915 -728.649702 1500.237116
-2906.442050 -675.391930 1396.890169
-2795.510839 -826.969945 1339.284055
-2367.169156 -596.196590 1198.441119
-3082.378696 -776.002816 1560.961365
-3948.502615 -915.398984 1894.560358
-2716.200400 -649.007205 1213.290482
-3328.552057 -778.981507 1503.326375
-3617.410414 -871.682793 1609.720115
-3649.508883 -901.723263 1783.169376
-3386.838673 -836.489852 1655.524166
-2697.952269 -689.978374 1233.777385
-3266.717601 -792.928976 1605.745431
-2635.123219 -735.118920 1261.739813
-2720.712041 -660.119185 1337.333898
-2871.132106 -710.039171 1402.905197
-2878.317215 -713.869727 1297.545466
-2476.965696 -633.149430 1188.896521
-3664.201865 -904.330578 1790.032340
-3049.711996 -841.954776 1481.444053
-3241.575936 -943.200050 1562.887962
-2893.425878 -730.938655 1353.356590
-3090.718928 -791.691259 1543.229311
-3467.589024 -888.335449 1613.680103
-3325.793410 -967.922189 1552.127172
-3145.124591 -862.967385 1447.428667
-3064.730625 -785.690307 1426.894918
-3948.970352 -956.094548 1900.795246
-3283.330009 -856.665822 1616.422472
-4082.680682 -1067.171988 1809.890215
-3426.096769 -996.520334 1599.057789
-3715.094300 -922.737406 1672.868341
-3007.055690 -873.757163 1411.409974
-2985.882866 -767.272557 1465.434769
-2550.246623 -649.593051 1246.602546
-2797.039810 -726.361072 1376.084753
-3713.393315 -922.140653 1672.403101
-2948.623627 -809.749717 1357.278157
-3317.719693 -932.589190 1573.381768
-3596.757651 -933.007585 1718.066961
-2729.307783 -794.666617 1289.185739
-3132.268779 -801.713305 1458.238698
-2742.196040 -775.816187 1289.495378
-2927.264976 -749.111921 1361.634356
-2958.849035 -766.312901 1456.383010
-2781.831342 -712.112507 1389.187345
-3193.213677 -924.584169 1483.186749
-2687.939334 -665.094405 1226.580021
-3191.805312 -924.128052 1483.475978
-3326.478459 -861.974745 1491.339020
-2557.267785 -690.485416 1284.189981
-3412.733298 -965.346327 1628.363496
-3751.719257 -1012.794131 1883.990632
-3715.012397 -1068.740005 1751.772886
-2876.520433 -813.916051 1372.255551
-3875.345731 -997.821236 1786.464652
-3167.543100 -778.943644 1438.816544
-2207.198029 -623.919167 1038.235433
-2845.826749 -679.409153 1352.344569
-3309.777599 -862.093591 1606.013630
-3659.083176 -901.450028 1729.646517
-4083.135890 -1067.215361 1810.236451
-3418.630813 -900.983215 1574.579856
-3193.455494 -924.803809 1484.252242
-2962.009542 -730.053770 1398.890737
-3436.314747 -867.863738 1542.209517
-2841.399452 -675.117820 1317.531692
-3768.353276 -952.266143 1692.215684
-3511.831812 -886.907433 1576.978462
-3371.180812 -887.373881 1550.946066
-2590.155743 -736.764428 1282.753022
-3502.322506 -878.896783 1591.939575
-3912.584352 -994.673254 1805.768071
-3733.692572 -1030.378466 1869.363023
-2791.338739 -742.600743 1362.855773
-2993.068324 -866.983247 1390.621628
-3713.915865 -1043.519956 1761.550110
-2447.703918 -671.001644 1194.473276
-3764.864793 -1033.838509 1887.366315
-2626.633729 -646.114490 1214.415388
-3435.109758 -956.110462 1552.816334
-2507.510960 -677.021653 1177.915635
-3562.146613 -885.732275 1655.682021
-3127.818078 -808.690632 1440.411373
-3127.136469 -808.434031 1440.179900
-2754.627397 -677.536198 1273.592811
-3020.949203 -836.575999 1365.357616
-3597.450963 -901.917815 1682.635624
-3489.252758 -921.829884 1606.249710
-2797.025911 -772.970725 1319.430159
-3471.330622 -860.613585 1603.445092
-3385.485853 -908.636529 1681.121430
-3389.787784 -948.940485 1594.937970
-3590.465514 -986.202370 1799.264717
-2994.340705 -805.225699 1329.924908
-3800.345938 -931.284783 1779.181085
-3069.443867 -866.803940 1513.585432
-2658.567227 -726.722345 1211.884352
-2972.166258 -790.497782 1449.432077
-4042.413382 -1088.914918 1968.771768
-2752.807702 -752.338256 1253.607766
-3668.390960 -928.508543 1683.011503
-4070.214387 -1004.182246 1890.589567
-3789.219729 -984.083004 1759.833702
-3057.180411 -846.742133 1428.842051
-2712.720328 -668.376843 1259.285838
-3767.266139 -954.273849 1761.695286
-3071.575705 -818.088123 1501.292675
-2765.031273 -748.887609 1291.302893
-3390.629004 -910.403931 1557.080444
-3449.211406 -923.756854 1703.467198
-3098.329896 -736.083109 1451.112534
-3183.120228 -880.914935 1589.177500
-2760.465868 -661.241903 1297.129899
-3717.036013 -1084.686499 1750.954443
-2321.083561 -659.553846 1149.891648
-3406.024027 -901.986434 1589.652076
-3314.527878 -895.114504 1558.569549
-4082.863478 -1011.894255 1887.671398
-2425.538614 -681.677583 1114.583248
-3182.139496 -895.257290 1461.485189
-2574.028051 -685.598499 1250.340586
-3427.890209 -893.740690 1605.916035
-2832.857837 -702.239934 1334.261912
-3703.471093 -1079.907960 1743.563404
-2439.292282 -599.400214 1100.135800
-4087.050385 -1143.935711 1850.857354
-2848.062646 -780.572448 1397.685901
-2914.280206 -800.264909 1336.646937
-4042.909382 -967.985281 1899.141715
-4105.456657 -1021.221740 1908.317647
-2871.350870 -834.799884 1347.615560
-3509.992981 -975.878759 1588.532877
-2912.166211 -799.581789 1312.614045
-2739.450425 -752.020531 1341.241643
-3850.426367 -913.629214 1785.943264
-2468.755310 -593.124014 1151.155983
-3612.262408 -987.243221 1645.296021
-3703.626510 -924.561183 1725.539108
-2920.588868 -782.079638 1440.866075
-2665.065385 -716.774932 1314.697420
-3115.645742 -777.896891 1451.075722
-3147.742242 -888.947167 1525.761992
-4040.462351 -1019.562822 2024.330994
-2740.623347 -683.649794 1275.810649
-3285.086791 -936.357157 1587.492654
-3785.192906 -1051.822642 1794.435606
-3503.027693 -999.047324 1692.357898
-2847.660502 -780.324511 1397.365348
-4055.311650 -1126.992538 1922.241644
-3419.151235 -944.731275 1674.827295
-2852.010083 -739.281637 1279.134517
-2750.383788 -713.406653 1233.066464
-2324.937252 -643.012012 1088.011634
-2356.476726 -655.766640 1064.917063
-2988.459685 -826.443765 1417.757884
-3014.266253 -853.481407 1417.441487
-2861.665301 -741.772485 1281.923696
-3471.662086 -960.612218 1645.841825
-2183.166184 -634.819027 1024.691862
-3401.133071 -940.548363 1591.863962
-2870.119680 -793.425949 1360.656881
-3419.258791 -810.670380 1581.284898
-2773.936895 -690.388311 1289.278833
-3458.005206 -896.208692 1700.836537
-3464.132538 -862.110865 1609.509403
-3727.586787 -1062.829253 1800.651411
-3596.878465 -921.998616 1735.235086
-2676.211379 -768.849891 1254.304201
-4021.107305 -1029.988205 1887.189818
-2495.390677 -706.615935 1175.078224
-3790.629939 -954.201276 1865.943017
-2946.901353 -815.610217 1398.076112
-3637.690580 -1017.073352 1738.640207
-3141.694874 -816.601628 1421.006492
-3440.545068 -919.053709 1547.698828
-2737.451703 -757.997164 1284.632860
-3893.432283 -1010.756718 1760.647425
-3497.420024 -908.347481 1581.287060
-4075.986039 -1018.357528 1898.254225
-3526.476972 -974.154920 1766.155513
-3227.651559 -910.230020 1564.433815
-2868.423187 -745.176869 1297.630559
-3474.505917 -902.739305 1571.572729
-3983.759815 -954.039906 1872.226156
-3423.479301 -902.851336 1575.940113
-2867.304957 -798.249415 1344.329480
-3033.752420 -790.631551 1419.325115
-3528.966686 -931.182615 1623.772431
-3339.771846 -896.519598 1657.939532
-2527.583653 -596.692587 1175.938813
-2603.185953 -713.657742 1274.518952
-3904.222011 -919.024617 1858.445629
-3919.416973 -1029.676147 1761.098704
-3600.697729 -888.106349 1783.834495
-3653.674527 -1007.068913 1730.294229
-2243.045123 -634.449694 1124.576648
-3053.324616 -772.484315 1516.906099
-2746.242783 -776.058172 1284.612666
-2958.802326 -801.380572 1452.781707
-2773.681744 -689.200545 1260.882439
-4008.652414 -1054.617353 1801.502479
-3986.946817 -968.022298 1902.872927
-4121.450974 -1081.545911 1887.399712
-3104.191798 -770.504269 1417.756477
-3909.630461 -958.390735 1925.959395
-2614.551261 -720.625752 1238.781734
-2666.137377 -649.023613 1238.008328
-3124.830654 -886.462349 1463.547384
-3460.684703 -882.316329 1550.907431
-3803.920835 -914.576825 1808.738242
-3065.557905 -859.984412 1394.528678
-3102.976014 -786.353955 1506.389975
-2614.528400 -715.729425 1203.560278
-2937.637770 -735.655621 1372.347099
-3156.553706 -767.212246 1466.513444
-2708.359083 -749.938766 1254.483540
-3897.785583 -1080.556900 1761.247215
-3714.538909 -952.782164 1688.526919
-2745.919263 -753.406639 1258.876322
-3171.615728 -800.775783 1477.947954
-2914.547124 -708.628324 1353.819556
-2672.350184 -648.972613 1276.210722
-3717.640885 -953.166997 1690.832424
-2827.910180 -725.477348 1338.050960
-3048.025546 -758.954202 1385.543085
-2872.176504 -812.302541 1341.976391
-4038.177064 -1152.951006 1944.252860
-2604.455431 -712.145424 1288.931558
-2715.001063 -646.203932 1280.739572
-2514.360387 -647.623095 1248.062994
-3920.840380 -989.427306 1916.309558
-2778.737392 -762.513451 1273.265340
-3866.660184 -979.245899 1806.603465
-4104.058618 -1138.795743 1855.761474
-3174.394395 -746.746609 1511.179871
-2800.035194 -748.095165 1248.650936
-2836.165377 -686.475762 1356.053416
-2244.080224 -539.804361 1046.877219
-3723.979420 -1028.226411 1765.883101
-3719.466629 -1043.756042 1707.364065
-2349.354719 -568.321810 1129.302474
-2815.152813 -662.273973 1340.314249
-2221.293435 -606.751798 1080.679138
-2767.652019 -656.605226 1291.623170
-3322.426546 -799.092070 1543.359638
-2457.237847 -632.606509 1219.724047
-2563.210049 -606.202046 1229.554161
-2529.017241 -715.290563 1190.456258
-3774.808341 -946.030091 1766.102781
-3794.311836 -962.180163 1771.318181
-3019.917973 -729.185319 1491.295761
-3921.599015 -950.641967 1871.190786
-3864.242421 -908.160083 1839.343873
-3879.396302 -1080.780220 1909.027042
-3188.193908 -754.264672 1483.962332
-3251.335329 -797.337691 1602.550734
-2460.620718 -581.908684 1179.772271
-2513.346131 -624.737418 1143.576662
-2642.543603 -721.381674 1204.491781
-3922.283915 -950.585177 1871.378778
-3246.425585 -781.117609 1507.238441
-3752.308977 -1013.281732 1882.585062
-2861.965347 -792.324626 1325.383502
-3111.144647 -890.667492 1531.783561
-3739.650073 -939.223842 1671.218947
-3623.109974 -874.589151 1788.989140
-3541.681608 -844.687355 1709.895074
-2517.318051 -686.409110 1152.914443
-4093.447046 -1099.376180 1818.676650
-2949.880353 -813.272351 1396.742395
-2940.409261 -754.986949 1344.198982
-3379.133520 -931.838981 1592.963873
-3103.298935 -856.066937 1433.063092
-3183.214921 -836.479304 1430.361292
-3491.345349 -990.668834 1753.627213
-3300.138295 -918.745169 1622.403789
-2694.760368 -713.055368 1257.097451
-3214.050919 -825.214838 1469.223875
-2793.876985 -717.296204 1276.749019
-3490.865838 -844.813778 1614.594741
-2763.928444 -671.596022 1321.639184
-3555.363514 -974.026473 1756.778931
-3353.181440 -836.255241 1637.246579
-3436.179450 -865.320393 1565.448926
-2919.718984 -822.991133 1356.561707
-3151.439103 -846.800031 1569.864596
-2679.324873 -729.912006 1318.858721
-2483.343123 -629.564139 1184.139620
-2694.619760 -710.441180 1250.778743
-2895.592126 -703.100852 1380.934945
-3807.211366 -924.517063 1816.148610
-3012.420756 -731.617948 1436.245032
-3464.152214 -922.317769 1546.551482
-2853.406993 -822.311863 1336.937553
-2851.416298 -714.599445 1292.422782
-3131.295726 -838.504640 1458.545499
-3398.780938 -910.146367 1581.125587
-3653.192992 -1007.019137 1731.560260
-2921.908147 -826.396436 1365.916151
-2435.587258 -582.799448 1172.441302
-2418.317408 -667.773678 1145.193070
-2569.752045 -719.338557 1210.762181
-2867.733393 -812.058835 1439.143077
-2558.205827 -657.387844 1168.345223
-3929.784350 -955.519040 1878.029311
-3872.356916 -934.987773 1773.040323
-3163.867742 -763.789145 1450.106735
-2825.819562 -770.896333 1391.794682
-2580.842131 -687.742547 1145.048723
-3101.100973 -769.794701 1415.843378
-3792.308592 -958.019006 1728.504832
-3750.907611 -1013.494262 1716.566639
-3215.800681 -879.092533 1465.026694
-4077.142164 -1127.096323 1868.567431
-2718.896585 -660.639785 1262.556875
-2799.479430 -691.195034 1385.937553
-3500.461820 -990.581786 1756.459879
-2450.404331 -645.485782 1100.956177
-3643.665843 -904.427581 1659.140134
-3143.400770 -760.378566 1552.176048
-3290.956519 -908.822091 1559.097203
-2746.217198 -751.825391 1255.147793
-2280.247746 -555.778972 1066.782281
-3804.813223 -1041.587237 1855.654461
-3106.231990 -850.298974 1451.951479
-3145.756155 -869.716455 1443.192316
-2414.495099 -693.628330 1182.969386
-3900.375706 -1068.282546 1795.160789
-3789.711466 -1046.662819 1795.959645
-2900.476874 -777.652501 1343.132721
-2888.842333 -729.461576 1315.944491
-3110.665424 -860.654251 1438.813328
-3449.762691 -954.359759 1692.698658
-2776.696660 -800.037836 1302.535951
-3500.006597 -946.315118 1633.988725
-2435.649277 -577.041935 1126.639075
-2736.056894 -747.755800 1330.975337
-3051.120328 -879.836426 1429.524292
-2895.949025 -712.178925 1429.962376
-2687.920116 -694.001945 1250.802144
-3078.417553 -867.856237 1429.478684
-3672.685404 -1058.893434 1723.042253
-2727.724291 -671.584276 1260.076686
-3306.716119 -917.161199 1648.937151
-2638.664499 -739.300399 1232.566484
-2576.846120 -654.070761 1161.766515
-3442.818223 -898.677322 1543.616001
-2270.455249 -626.888883 1135.350248
-3137.103672 -806.226805 1486.931119
-3893.492048 -980.323089 1814.012849
-3329.566243 -947.316256 1611.212258
-2188.148719 -607.709177 1091.967277
-3229.685478 -914.961954 1552.434794
-3322.772937 -886.724789 1513.126853
-2720.004318 -755.810755 1325.698058
-2538.077427 -700.939715 1207.709985
-3881.469556 -1033.310979 1742.152728
-2862.754690 -792.617137 1392.880905
-2674.881514 -679.991847 1255.060640
-3528.003776 -983.596960 1701.321564
-3305.144034 -898.029309 1546.688496
-3711.382145 -1025.165607 1766.654864
-3320.849564 -906.786532 1615.296288
-3794.051708 -963.001694 1778.696017
-2993.023601 -819.359361 1372.499426
-3083.238533 -837.499350 1443.235909
-2870.851331 -818.469025 1390.241592
-2880.541813 -799.673994 1301.641112
-3373.249211 -950.787484 1566.750065
-3329.660849 -836.656453 1571.727992
-2476.929392 -668.373119 1220.973970
-3953.748436 -951.822509 1946.551383
-3848.389501 -1044.157127 1861.096021
-3661.023485 -958.355093 1723.256743
-2786.871515 -724.038660 1270.221470
-3897.972483 -994.198042 1744.026875
-3758.800396 -1040.992903 1778.543167
-3083.924639 -811.734817 1377.685068
-3504.045091 -870.323856 1590.995694
-2567.857062 -654.795760 1241.287804
-2373.803941 -605.179811 1147.729095
-2469.609900 -663.523019 1227.188033
-3647.875843 -977.725235 1644.425496
-3433.427927 -867.290674 1663.079856
-2490.285846 -693.714712 1219.014524
-3282.040000 -790.895967 1524.671514
-3325.419849 -940.553245 1640.695397
-3433.796690 -950.919664 1612.954094
-2336.246047 -654.479986 1092.340395
-2784.845828 -779.660495 1303.176877
-3765.243455 -983.026747 1862.757439
-3025.500819 -729.099680 1405.238177
-3329.819494 -854.621675 1655.663611
-3499.162381 -910.744014 1570.014061
-3428.636046 -950.887276 1609.264338
-3159.562804 -780.346206 1565.530872
-3825.939287 -952.127184 1865.058581
-3073.446275 -810.868131 1426.972820
-2333.397803 -608.208020 1148.699542
-3828.174175 -989.742098 1713.279777
-3721.647412 -948.438980 1666.602331
-2884.137159 -796.634495 1329.913485
-2862.734713 -769.521230 1309.605110
-3536.494248 -923.761475 1749.783211
-2472.107799 -624.091293 1197.976149
-2941.716325 -755.543908 1462.656984
-2846.847156 -788.795905 1337.619515
-2800.103455 -741.403266 1394.639665
-2878.860968 -795.140389 1327.430765
-3392.738652 -882.431803 1534.031276
-2734.800350 -720.496269 1284.462841
-3608.362832 -913.597473 1721.450006
-2544.651123 -702.870193 1167.927587
-2777.534551 -752.648780 1364.656478
-2339.067285 -557.427072 1129.450012
-2719.974064 -769.965027 1266.876928
-3543.831913 -889.687725 1609.549414
-4062.321478 -990.812109 1877.851925
-2648.864414 -645.338714 1223.709906
-2794.493221 -771.709113 1281.497137
-3075.746960 -845.711697 1511.525916
-3082.172374 -785.846365 1379.942910
-2935.174687 -752.366412 1459.670366
-2411.486913 -634.741731 1090.167508
-3070.035570 -848.919376 1398.860423
-3429.839059 -933.218553 1659.508352
-3464.463417 -856.052308 1646.227170
-3212.799123 -841.756536 1467.445592
-3767.938668 -1020.578932 1853.208802
-3727.245105 -993.703305 1675.906739
-3492.083686 -965.419962 1746.505649
-2232.685323 -619.992646 1079.399769
-2925.041412 -835.403911 1391.262942
-2669.042738 -724.934487 1206.924211
-2946.999038 -834.353530 1454.646913
-3344.346896 -970.377005 1611.583293
-2855.596977 -676.006036 1320.813086
-2988.590694 -874.616345 1421.383660
-2954.575361 -726.695571 1362.163992
-3708.046928 -1024.263787 1854.456684
-2495.701845 -700.300473 1165.753759
-2781.604450 -794.163712 1322.951056
-2335.275321 -661.881158 1122.717522
-2878.451606 -836.092335 1387.170980
-2458.914750 -689.510475 1148.964612
-3176.008684 -788.278374 1430.459058
-3396.889170 -841.632462 1528.873878
-3727.127476 -974.163828 1715.305792
-3082.712192 -786.954231 1381.026190
-2818.654506 -698.178707 1269.334851
-2743.114037 -747.817142 1324.246784
-3975.910919 -985.147090 1790.771958
-3651.006617 -1060.188971 1741.703898
-3661.372813 -1063.174358 1746.165028
-2926.653571 -764.915466 1416.785338
-3888.139681 -919.643980 1884.892510
-3604.868898 -954.009682 1775.494927
-2861.311468 -761.614877 1285.812824
-3394.294763 -940.937947 1690.459371
-4028.816723 -1072.957331 1892.456031
-2964.653498 -745.711376 1349.675832
-2927.865375 -764.922732 1416.188702
-3968.461604 -1141.726843 1859.804468
-2871.033827 -755.072049 1314.962225
-3899.514413 -979.099095 1839.303263
-3691.935023 -1044.705365 1831.810220
-4022.230072 -1133.327553 1971.789203
-2860.916352 -760.388503 1390.939995
-2526.219504 -707.230108 1208.381584
-2519.926102 -644.785411 1138.327805
-2714.429319 -775.633119 1340.287306
-4071.480683 -1040.422223 1839.343191
-3563.449325 -886.020911 1619.681750
-2476.975949 -674.215713 1115.259084
-3244.698727 -785.645299 1547.969515
-2736.332955 -788.542349 1322.198767
-2766.660686 -787.942216 1335.637206
-3891.252864 -965.048826 1745.020636
-2997.049517 -743.400351 1369.540234
-3145.629305 -806.298890 1474.703582
-3081.512739 -878.000520 1488.839257
-3916.887796 -1059.683245 1970.129923
-2664.203828 -740.656105 1297.854127
-3446.090528 -834.229061 1645.105410
-2387.574545 -613.278277 1091.760770
-3968.881524 -995.160070 1993.801050
-3432.014022 -971.780166 1606.438128
-3783.246360 -1068.973268 1761.000670
-3541.931987 -1020.870407 1711.881265
-2427.871422 -617.304536 1209.971258
-3890.215626 -1019.180251 1831.225166
-3428.858898 -965.379435 1680.475946
-2496.193144 -638.461842 1191.176968
-2564.189508 -681.318423 1246.809884
-2914.506698 -762.421853 1480.154294
-3680.636403 -944.956490 1662.507164
-3435.724039 -949.683422 1622.410223
-2886.709419 -768.307603 1356.108208
-3021.719317 -816.970876 1511.016851
-3746.098947 -996.286865 1759.175292
-2921.050655 -808.051761 1386.417696
-3974.804348 -945.391517 1815.610257
-2971.293290 -834.828188 1363.871406
-2977.753680 -843.717710 1393.719047
-3903.547475 -976.080625 1819.460642
-3357.475868 -975.925233 1563.225854
-3216.222369 -881.027557 1464.456954
-3124.995067 -803.663326 1532.858736
-3901.091811 -1085.496605 1848.670252
-3711.015149 -971.109833 1884.065013
-2737.718023 -700.356363 1305.997420
-3543.430273 -927.614862 1799.403507
-3393.615844 -867.395271 1520.563594
-2926.504186 -772.102758 1374.264301
-2863.621802 -730.986592 1335.801468
-3753.769917 -958.231024 1750.932956
-3754.042556 -958.321485 1751.127587
-3681.811774 -943.360644 1671.839875
-2909.910802 -830.314257 1385.425266
-3948.288244 -1086.584898 1858.826676
-3694.982713 -923.706915 1660.177794
-3318.566674 -945.452417 1596.717194
-2926.136990 -771.692609 1373.999324
-2187.897363 -547.614427 1095.016746
-2515.968333 -611.044105 1169.410934
-2980.040635 -716.905159 1384.680716
-2907.999018 -829.693450 1384.604855
-2636.826617 -728.716856 1246.893316
-2648.395657 -713.415332 1201.547422
-2707.344533 -729.302321 1228.027656
-2871.604384 -793.584612 1358.137747
-3304.947017 -880.442956 1485.454915
-2579.209358 -626.360053 1198.570089
-3154.498412 -852.486092 1575.907311
-3621.166751 -920.594337 1725.369720
-3958.822413 -1005.988843 1886.536248
-3991.916320 -1019.602506 1846.795977
-3440.377490 -868.815521 1544.083592
-3511.687337 -1005.080392 1626.638148
-2484.588202 -690.220772 1216.451189
-2799.321471 -715.103211 1295.595033
-2510.724150 -641.725025 1162.339436
-2679.626417 -639.596068 1273.002151
-2968.969177 -701.448861 1388.243259
-2886.734859 -805.983039 1425.057748
-3924.358306 -958.517194 1946.224333
-3254.045224 -804.633231 1488.901620
-3817.385924 -971.736847 1699.389210
-2930.127384 -795.260414 1403.977355
-4108.352538 -1143.050807 1864.608348
-3302.319034 -935.983709 1658.101407
-3834.255938 -955.929175 1868.245803
-4054.364145 -1121.449273 1970.254690
-3756.457458 -938.773226 1706.734167
-2679.877541 -751.799580 1325.543199
-2846.057014 -788.380806 1332.264750
-2894.895837 -838.129031 1394.682733
-4048.272157 -1166.203375 1977.793988
-3442.119917 -996.345115 1658.223873
-3133.099543 -843.853317 1521.373497
-3329.579159 -938.749522 1555.766503
-2369.891048 -576.514546 1127.023769
-3186.014429 -787.369727 1440.746076
-2836.586337 -773.023353 1398.014808
-3657.721560 -888.901896 1739.661978
-3408.493992 -904.914598 1511.852611
-3596.339719 -853.769530 1639.404607
-2884.267574 -774.030581 1280.853821
-3051.633620 -732.011758 1395.016787
-3341.170032 -914.431181 1499.525191
-3944.595118 -1011.631865 1860.227233
-2780.388050 -805.110880 1288.763895
-2319.772228 -556.969592 1060.320059
-2892.272387 -695.168822 1321.874731
-3797.896315 -1086.015226 1760.239085
-3065.415498 -806.370110 1516.564665
-3567.306105 -976.698494 1600.668032
-2836.608092 -694.927542 1348.785637
-3707.237113 -979.495220 1644.984460
-3286.393253 -929.925739 1527.704790
-3147.117084 -747.840662 1482.841095
-3068.321290 -729.031641 1446.835492
-3532.081220 -890.443958 1646.549230
-2960.472924 -734.821099 1345.464085
-3746.337071 -1058.599748 1857.856933
-2871.770828 -759.237709 1273.688549
-3450.315677 -884.114078 1626.177484
-2558.757110 -686.698541 1169.898893
-2711.549774 -704.646547 1214.805171
-2535.052749 -644.683285 1143.033209
-3090.628948 -787.110207 1541.405203
-2928.782721 -740.292342 1371.789351
-3492.184971 -991.817296 1710.640689
-2576.802650 -611.802314 1191.714546
-3011.342819 -759.774185 1488.324088
-2790.580985 -813.262584 1350.317193
-3251.954590 -825.336798 1608.687573
-4128.964557 -979.049763 1908.084329
-3886.162072 -1010.094333 1739.135468
-3244.360465 -801.494790 1468.053375
-3947.407251 -1091.728182 1918.403305
-2910.355710 -838.574945 1395.747020
-3302.509102 -812.199504 1632.775962
-3686.866619 -907.217884 1822.765466
-2952.574012 -749.250713 1461.292059
-3600.861689 -858.038539 1638.058538
-2962.443345 -848.676865 1371.933910
-3067.055069 -811.837885 1513.522940
-4011.068718 -1040.415082 1961.552658
-2730.884090 -733.551207 1248.827944
-2733.091376 -769.895332 1346.896681
-2834.021526 -782.795215 1384.688777
-3269.570545 -778.645549 1551.632541
-3002.178499 -838.482638 1400.464724
-3028.848590 -718.804947 1380.185661
-3362.886369 -930.601115 1520.402518
-3331.173904 -882.997831 1645.442193
-2873.150099 -818.315336 1390.122073
-3008.321085 -817.272996 1359.664095
-3334.539063 -867.567513 1543.316959
-2612.205216 -744.208616 1264.315330
-3135.445882 -830.032995 1389.157357
-2742.134634 -777.631498 1318.689514
-2877.860007 -715.415285 1324.843620
-4126.729456 -1012.485808 1852.981773
-2513.549438 -685.455580 1132.711113
-2928.724278 -726.416249 1312.578372
-3417.002922 -869.186297 1704.369665
-2890.610816 -837.791454 1418.185978
-3858.390704 -907.299978 1842.202276
-2613.097779 -721.949659 1196.649341
-3346.273163 -807.883581 1572.596960
-2718.992541 -724.742268 1355.858753
-2958.358252 -789.133158 1475.283219
-3333.976188 -918.408884 1591.330040
-3918.723782 -946.186895 1841.019477
-2765.388024 -720.128266 1281.071416
-3977.656010 -1018.778900 1865.623284
-3505.662185 -881.048399 1596.099315
-2824.235874 -771.430173 1271.493175
-3253.865913 -944.040690 1608.419947
-3086.280440 -821.425742 1497.315498
-4020.510878 -1013.357471 1992.117409
-3365.397446 -894.864436 1632.752107
-3331.534745 -832.165487 1671.385201
-2817.559724 -703.014915 1413.611914
-2343.971588 -585.653619 1175.533161
-2889.384923 -837.489464 1418.207669
-2886.212196 -751.125689 1412.053458
-3456.572339 -878.716833 1648.274254
-2945.420189 -731.752700 1444.602692
-3388.509697 -983.885193 1573.953629
-2750.464636 -688.688705 1336.955308
-2950.902265 -739.560242 1435.289035
-3260.487369 -890.061592 1564.570847
-3810.709351 -977.239562 1898.101335
-2534.112003 -635.005469 1232.424407
-3320.833249 -934.938997 1638.343572
-3332.391405 -864.092110 1545.125499
-2633.823603 -650.715751 1214.277452
-2582.464255 -696.232884 1292.365076
-3657.406022 -935.392000 1635.767587
-2741.701117 -779.262632 1281.079663
-2139.380103 -532.239062 1044.249693
-3010.411812 -809.175192 1461.570537
-2657.218697 -672.744314 1289.376508
-2209.304156 -601.422924 1069.678357
-3732.902305 -936.192099 1814.254066
-3492.881088 -864.019953 1611.339400
-3999.959935 -978.656764 1907.505847
-4022.143878 -971.707405 1835.403924
-2740.591412 -670.692853 1304.951308
-2442.535441 -580.026686 1144.824319
-2442.899736 -644.741906 1202.594538
-3242.924314 -774.098536 1510.586265
-3841.311388 -933.134967 1766.716192
-3269.331021 -837.392177 1568.221199
-3386.166253 -914.724884 1549.004672
-4006.422871 -965.599239 1975.377326
-3456.069433 -857.101195 1540.809120
-3028.043855 -779.728242 1384.120355
-2552.030940 -662.846337 1186.143729
-4075.864186 -1014.270250 1989.371717
-3384.895520 -906.618989 1550.228922
-3604.873112 -924.220503 1729.138277
-2718.493987 -666.820735 1331.264440
-3430.247737 -925.416467 1716.354633
-3600.181691 -976.497752 1797.512698
-3888.530299 -1019.622934 1721.313410
-3619.974137 -981.324925 1644.663713
-2799.576031 -670.890046 1274.200922
-3559.808786 -985.185161 1782.711019
-3091.310340 -722.949264 1465.479350
-2884.068826 -753.371754 1339.128527
-3662.968559 -909.024245 1796.664249
-3034.713130 -819.855480 1387.508651
-3687.210048 -1043.857446 1841.720072
-3275.861632 -804.561517 1566.909248
-2406.373631 -678.162416 1187.079713
-3706.665812 -1039.322677 1829.004613
-3084.695866 -759.649823 1492.799576
-3278.545993 -805.451421 1568.033863
-2769.315643 -707.566633 1389.314244
-3695.803367 -1023.916529 1852.018369
-3929.830626 -978.791282 1917.248069
-3883.673257 -953.868612 1856.488298
-2875.747828 -698.683414 1373.054739
-2796.337697 -719.946232 1277.308328
-2978.564526 -862.999593 1394.927905
-3558.577421 -932.841458 1575.764297
-3863.742757 -902.575395 1836.017186
-3169.257873 -787.755052 1444.945575
-3746.750961 -919.191320 1808.056827
-3944.717899 -980.939311 1966.384423
-2927.764004 -746.455335 1315.059207
-2865.232684 -704.524724 1280.830041
-2802.389515 -806.145226 1318.618652
-3303.657590 -773.576298 1565.245478
-3380.280753 -789.824834 1601.438551
-2633.851424 -655.357314 1285.994479
-2786.926570 -727.637752 1295.182878
-3526.916388 -897.876295 1682.685603
-2866.277454 -796.070745 1393.129133
-2987.788545 -796.585257 1325.471433
-2436.083991 -693.217535 1139.055658
-3427.369705 -882.348070 1565.641857
-4038.043738 -1048.315945 1810.985935
-2957.414596 -748.769561 1463.879741
-3030.758905 -771.312279 1424.300244
-3588.896908 -908.457683 1777.027103
-3373.237477 -981.162478 1649.084809
-3255.272550 -916.199208 1605.242950
-3329.530053 -880.466971 1501.959290
-3698.200099 -922.448493 1697.080320
-3197.949229 -929.681921 1562.504102
-3831.937668 -946.123247 1845.466801
-3100.052557 -752.760913 1488.142187
-3047.079726 -772.510848 1509.056689
-3449.470656 -889.217631 1719.619662
-3992.450446 -984.476464 1784.289895
-2687.781566 -660.263394 1201.431580
-3009.421251 -853.952183 1406.086587
-2953.864927 -738.734194 1344.594793
-3356.820862 -861.176372 1670.331324
-2810.959727 -675.639995 1385.902460
-2608.351440 -636.944831 1166.633083
-3225.413760 -841.335349 1586.300694
-2730.833958 -792.258736 1315.075320
-2684.430029 -646.986009 1322.811195
-2816.748944 -678.270199 1388.261311
-2848.663389 -685.433483 1293.049593
-3559.390686 -1001.644073 1754.849442
-3141.130567 -733.892924 1483.536667
-3395.280353 -795.194387 1608.258259
-3729.831135 -897.165698 1694.455765
-4029.626289 -939.785325 1903.878744
-2557.284913 -636.989999 1167.269562
-2612.114727 -708.496640 1264.703275
-3488.983954 -946.705575 1689.174071
-2866.265178 -814.900257 1334.151849
-2606.908362 -636.394306 1166.720525
-3764.034881 -919.096037 1846.826433
-2828.865774 -661.402626 1336.515903
-3101.191734 -723.164451 1465.048626
-3134.520137 -754.179002 1423.777122
-2795.099612 -681.057478 1252.662470
-2987.338913 -825.595268 1370.927551
-2659.114359 -706.214515 1184.967212
-3109.133094 -757.600992 1392.815349
-3267.235811 -798.926157 1602.611368
-2848.021812 -684.108188 1294.087830
-2873.495922 -690.514840 1306.320575
-3113.313827 -838.357754 1413.307663
-2985.631269 -730.333432 1423.605912
-2781.698752 -709.754477 1344.732363
-3437.907141 -926.616979 1662.506950
-2522.827888 -683.223228 1259.812365
-3780.960787 -1019.017774 1829.429123
-3780.633023 -1018.872822 1829.257298
-3909.028649 -983.052594 1899.543994
-2969.520900 -746.292426 1443.429284
-2837.687684 -661.802260 1340.382906
-2789.889959 -727.903287 1371.100579
-3959.719071 -966.803400 1772.215067
-3069.822857 -797.712803 1512.735048
-2975.020662 -727.059735 1416.895234
-3152.929184 -756.183599 1433.898383
-3175.880821 -825.240750 1553.314930
-2992.997897 -772.655084 1491.466503
-3424.848146 -994.310046 1649.405694
-4025.844802 -1090.697914 1946.738591
-3246.115465 -792.708432 1545.775901
-2673.702080 -724.305626 1293.477179
-2972.359158 -726.096506 1415.754201
-3247.279413 -814.189155 1459.442994
-3013.013360 -755.610829 1354.535264
-4034.226135 -1011.719358 1815.700243
-3640.052048 -946.608332 1782.462556
-3579.956515 -919.737885 1636.846339
-2867.649214 -790.075849 1350.501014
-2791.729088 -786.437029 1368.994892
-3534.224820 -872.830822 1694.371414
-3608.640690 -888.339128 1614.078522
-2223.462257 -547.520535 1058.715610
-3594.491057 -923.732171 1665.676535
-2722.219130 -670.520513 1317.033913
-3275.997488 -949.566218 1518.924803
-2336.574063 -643.613832 1101.043974
-3723.763199 -1056.228931 1742.840933
-2756.084443 -685.394911 1269.443286
-3135.127230 -753.531134 1426.538159
-2790.705025 -726.756776 1366.836370
-2902.469579 -761.699335 1435.754732
-3828.219253 -936.061935 1879.262671
-3351.136955 -940.127560 1611.026129
-3082.938492 -742.934472 1398.515203
-3670.947145 -1023.330714 1795.171137
-3316.488992 -798.578330 1504.349839
-3076.443583 -768.327392 1529.326696
-2787.578830 -707.222053 1349.984016
-3457.682665 -951.097041 1553.825968
-2715.925475 -719.929163 1201.947367
-3529.155600 -907.533341 1757.940165
-3678.604097 -955.597706 1627.870665
-3678.846418 -955.650389 1628.040091
-2678.181997 -743.597795 1311.082778
-3408.567521 -908.965772 1511.732169
-2900.692400 -743.667832 1443.859067
-2729.933648 -735.537978 1324.659873
-3141.892743 -835.642012 1521.013742
-3299.922370 -904.029156 1481.700864
-3957.313248 -1121.877416 1848.989069
-2981.432524 -794.398156 1321.825966
-2530.497470 -695.181097 1138.285321
-3868.297989 -1030.036849 1715.250445
-3136.684752 -750.396738 1461.277312
-3208.968076 -858.079155 1581.436105
-2843.146127 -665.614133 1348.322801
-2899.086086 -774.928450 1286.899570
-3033.595555 -854.458925 1417.350635
-3179.078166 -845.448799 1407.319144
-2995.783287 -866.460929 1387.518979
-3785.574970 -1019.885242 1835.717836
-4045.482849 -1060.685354 1789.744795
-3530.006282 -927.403442 1563.747368
-3581.240978 -836.583119 1697.142016
-3223.160086 -883.428979 1449.990988
-4015.806675 -1082.802903 1823.598075
-3254.416947 -892.399672 1456.403677
-2789.496567 -725.612493 1369.493769
-3151.774704 -848.778288 1572.069012
-2870.811619 -785.981270 1289.688784
-3327.181604 -941.177997 1553.791605
-3533.683913 -967.260908 1587.845329
-2625.094261 -760.686308 1229.581215
-3069.897169 -796.784856 1375.000193
-4001.383306 -950.361389 1850.263920
-3024.876865 -876.348775 1402.030172
-3483.571969 -939.496389 1547.227383
-2671.336940 -751.971766 1314.517541
-3123.311287 -840.648504 1517.200746
-2627.437376 -745.210977 1226.398993
-3724.551364 -893.552380 1696.848147
-2945.329409 -789.061764 1307.100823
-3272.088628 -871.646747 1450.412632
-2376.396421 -672.054362 1109.620027
-3533.397774 -967.794075 1588.142401
-3230.567647 -929.992663 1519.681625
-3525.901237 -942.805605 1563.341017
-2868.515635 -753.160289 1268.492538
-2890.269102 -772.664389 1281.488513
-4065.960844 -1146.972972 1954.576555
-2957.105605 -749.385110 1463.725045
-3450.154725 -902.018620 1697.162622
-3201.987582 -842.459292 1416.457584
-3495.765315 -849.791531 1661.573290
-2615.282893 -698.913784 1158.916484
-3271.374774 -874.694839 1450.071533
-3193.310596 -901.024041 1534.879467
-3137.837123 -837.221643 1391.335925
-2582.142927 -689.080102 1144.893894
-3130.553661 -747.958567 1425.208739
-3277.317338 -788.309470 1615.992566
-2566.346748 -666.516089 1134.194502
-2814.052575 -676.317647 1387.550408
-3179.101175 -850.495986 1539.320906
-2816.268784 -677.045860 1388.551148
-3586.567838 -965.729371 1737.687891
-2631.899952 -761.957642 1218.712756
-3367.888182 -878.753258 1487.904482
-3352.782579 -874.791681 1482.948138
-2865.881910 -706.650602 1276.734570
-3937.463521 -1107.090250 1839.876565
-3824.833536 -997.828192 1691.066971
-3362.264424 -811.646918 1527.442173
-3391.582593 -868.377264 1510.718838
-2972.685044 -716.852648 1350.592169
-2855.029219 -778.459118 1380.605504
-3197.993756 -861.001990 1548.325651
-4037.849397 -1055.444438 1786.748652
-3707.815442 -903.755614 1662.616631
-3126.810874 -842.193633 1514.144188
-3714.553955 -1048.219516 1732.182829
-3659.588034 -954.064768 1618.251996
-3467.373583 -889.526007 1544.949139
-3294.668633 -887.674032 1495.678173
-3524.013743 -869.285158 1567.859766
-2904.449105 -760.305057 1285.055722
-2898.751026 -758.663192 1282.623600
-2930.326562 -714.290223 1313.023157
-3809.153183 -933.457787 1811.484593
-3291.624296 -904.529840 1479.004370
-3952.602480 -1011.362915 1759.662050
-3404.111627 -901.057481 1507.065445
-3168.293247 -754.828855 1439.725964
-2540.298977 -604.957183 1154.147710
-3284.466047 -948.092006 1521.193163
-3251.155522 -801.038538 1606.919275
-2873.256735 -818.392517 1381.883532
-3773.622444 -1023.611940 1810.954846
-2965.806557 -786.502006 1401.513653
-3588.962661 -1000.361522 1730.832364
-3797.593853 -980.521868 1926.987187
-2360.584051 -604.434065 1182.639885
-3412.278011 -979.604767 1634.709004
-3977.079313 -1071.945023 1960.202897
-3956.530886 -956.672688 1955.911617
-3659.779685 -1022.437367 1846.118123
-2701.152879 -739.207124 1337.749610
-3974.423700 -985.314327 1790.906521
-3538.708439 -972.633665 1598.830394
-3691.440203 -952.172780 1726.647355
-3760.393943 -891.149137 1796.542321
-3077.077139 -731.571027 1428.197601
-3123.156588 -763.112197 1422.854774
-3104.724256 -768.668482 1415.888939
-3078.604956 -865.959676 1495.396263
-3293.149958 -855.073233 1615.855847
-4068.005386 -1115.944229 1843.988468
-4114.643628 -1005.463362 1875.001057
-3524.120218 -965.963325 1597.706530
-3073.264660 -853.650916 1452.572777
-3993.739685 -1005.482864 1887.837531
-3755.880211 -1072.165249 1794.340705
-3031.703188 -816.358341 1494.412962
-2659.486369 -728.526662 1205.060042
-3329.395753 -940.271679 1647.204639
-2998.930340 -727.749190 1428.443180
-2773.006333 -663.181308 1334.201899
-2619.842677 -750.546908 1288.853949
-2312.239366 -667.366329 1138.693757
-3033.968434 -869.065450 1492.822308
-2169.723763 -559.513613 1101.695022
-3005.519424 -842.125812 1362.166528
-3715.190458 -993.186231 1671.515814
-3839.327140 -1048.769071 1870.110945
-2631.300874 -619.805723 1252.817316
-2609.908510 -695.351232 1327.292209
-3027.336789 -808.980866 1375.480329
-2634.631152 -739.966395 1267.999801
-3973.152171 -947.660887 1918.754598
-2920.461671 -767.223502 1361.657932
-2508.310760 -643.811519 1152.983349
-3405.219864 -894.035347 1586.982090
-3145.289275 -795.479678 1563.133363
-2774.815519 -728.017847 1292.366776
-2877.801576 -835.037094 1413.044495
-3597.635319 -887.412500 1616.605850
-3802.542300 -1078.065211 1726.937437
-3406.534386 -921.498228 1599.928886
-3415.117853 -862.235930 1641.849359
-3691.721055 -1045.052842 1830.522183
-3689.158845 -936.599141 1784.519499
-3555.063575 -916.854420 1629.059085
-3324.576086 -955.483310 1558.952898
-3089.714474 -799.616935 1511.572468
-4052.116613 -1110.479088 1986.105561
-2779.312594 -715.217641 1288.990897
-2781.136752 -715.589822 1289.851828
-3775.293363 -965.473530 1882.882738
-3093.042704 -791.061615 1542.451234
-2870.078323 -785.520548 1300.526970
-2914.712824 -695.400801 1407.687717
-2866.055162 -784.423577 1298.924864
-4067.255216 -1134.786207 1887.975114
-2447.691339 -583.485046 1149.703117
-3319.267311 -893.352354 1635.720235
-2922.995178 -697.790259 1372.412852
-2497.430661 -686.893025 1128.723627
-3040.514105 -805.211736 1512.991894
-2781.528647 -736.729729 1384.196632
-3042.892741 -754.311958 1492.428260
-3444.770258 -838.644123 1667.666728
-3061.744575 -740.461451 1512.799800
-3662.937190 -884.227253 1809.230895
-2837.592171 -690.655794 1374.232654
-3480.349364 -951.423257 1626.953739
-2912.035063 -807.281678 1382.719826
-2933.162868 -831.170000 1448.219280
-3713.491724 -1014.954230 1736.487801
-3483.418367 -945.529856 1632.343003
-3485.342296 -946.221448 1633.323362
-2510.946648 -627.069786 1126.366668
-2935.238676 -839.767132 1381.268483
-2678.747282 -758.677370 1313.219583
-2601.299906 -679.927391 1222.782840
-3845.755359 -1045.098563 1844.861529
-3064.475042 -800.630006 1441.359669
-3125.462255 -754.176982 1501.348800
-2931.920073 -707.429758 1408.305971
-3197.823674 -869.412912 1598.596381
-2487.731565 -709.833596 1196.903992
-3729.407552 -1057.203605 1775.446905
-2587.665790 -643.723070 1175.403912
-2179.098015 -525.751293 1046.724204
-2927.209057 -747.547123 1415.047381
-3664.298141 -1024.362279 1714.448900
-3435.316031 -934.427183 1648.703770
-3455.317742 -948.147440 1556.654360
-3172.448739 -922.640545 1498.604948
-3064.981537 -804.388319 1429.353036
-3724.866737 -1053.087991 1864.195838
-2830.942914 -776.322120 1274.946810
-3015.869402 -833.919714 1508.071137
-2559.964256 -681.825829 1275.674671
-3991.219461 -1060.830802 1877.354429
-3525.392209 -884.215125 1662.493800
-3147.652983 -763.878783 1481.139321
-2709.773117 -754.393087 1228.801151
-3022.532733 -839.137423 1505.646325
-2544.083941 -653.911995 1160.193251
-2667.459652 -683.933779 1202.953921
-3935.239288 -1027.270114 1904.660301
-3258.999990 -835.686192 1469.320557
-2965.844100 -708.307208 1393.569926
-3346.430868 -927.195042 1516.481335
-3296.857791 -796.625502 1550.614231
-3058.046269 -766.571319 1442.109809
-3381.646889 -933.554584 1597.760092
-3747.485909 -1057.431841 1830.052944
-3974.304059 -1121.866417 1835.669818
-3424.384662 -968.071597 1581.352429
-3603.669252 -1018.215919 1665.058562
-3862.644287 -913.418800 1787.917893
-3019.177643 -827.094529 1373.536110
-3644.722803 -863.079941 1687.035007
-3626.963191 -928.733089 1634.350679
-2836.412058 -684.098756 1334.310952
-3862.336565 -904.665776 1835.951520
-4105.770017 -1104.403015 1862.382586
-2836.787671 -684.778809 1334.108836
-3681.119729 -1070.264914 1807.806439
-2757.964133 -681.440620 1262.100539
-3677.720131 -1058.614996 1728.931438
-2739.907939 -788.022467 1288.107718
-2950.465796 -765.079955 1448.801287
-2393.490060 -622.191932 1175.784928
-3050.468937 -881.359563 1502.140464
-2558.999767 -712.329762 1261.597625
-3982.359406 -954.842326 1818.970581
-2778.086852 -719.733838 1364.297088
-3141.921255 -903.373243 1476.678479
-4044.007173 -982.634305 1924.778534
-3681.374262 -940.356895 1679.687383
-3037.098098 -805.061107 1511.267160
-3190.369508 -886.189051 1508.298794
-2592.729826 -750.055877 1203.335657
-2222.130901 -594.228624 990.372175
-2667.249698 -690.325541 1304.658781
-2991.204911 -868.285221 1468.439756
-2870.259454 -814.756824 1380.935637
-3882.539268 -1127.567655 1906.048571
-2643.115815 -708.349421 1318.977511
-3546.389627 -896.924755 1733.933284
-2829.070514 -776.046159 1273.631386
-3105.759047 -786.266071 1518.175084
-2875.898453 -694.916219 1351.949938
-2776.210632 -713.573424 1297.366010
-2875.189412 -764.582155 1393.853269
-3438.794159 -913.827590 1667.402801
-3139.955554 -840.699315 1566.915574
-3089.669442 -875.166439 1531.931070
-2523.021936 -704.316053 1270.096211
-3042.030493 -754.603409 1491.278249
-2739.313835 -737.287871 1369.207508
-3354.482523 -935.414114 1687.805379
-2903.040985 -809.677775 1460.561153
-2914.636454 -747.285176 1301.023575
-3703.545136 -951.093349 1717.098008
-3513.478870 -905.316493 1612.821584
-3826.774729 -983.456723 1775.299364
-2849.992689 -731.074081 1272.567702
-3042.604984 -844.603357 1477.671339
-3228.531298 -829.151365 1499.291622
-3457.578504 -981.404632 1613.101304
-3599.192946 -924.804817 1735.526962
-3387.201591 -796.855876 1608.735140
-2807.001555 -799.635247 1313.154697
-4051.286469 -988.578096 1962.112522
-3942.097431 -928.051625 1871.756459
-3368.893529 -854.176096 1669.314949
-3331.858473 -802.036172 1642.243389
-3585.794868 -965.628544 1733.042588
-3485.339459 -993.818987 1675.650004
-2850.352859 -767.640212 1377.548869
-3241.695879 -924.779847 1558.472155
-2715.319633 -636.328110 1285.616815
-2782.398174 -679.804745 1245.618126
-2849.009619 -710.538009 1275.791471
-2997.756213 -854.830824 1442.331444
-3822.428177 -947.123531 1867.251927
-3018.254103 -856.708836 1404.466140
-4016.267381 -1113.259410 1939.576396
-3449.870474 -988.071281 1642.892649
-3151.288113 -809.455360 1436.658356
-3877.269261 -940.676099 1822.659810
-3620.590399 -1009.614112 1641.164797
-3645.346856 -912.562595 1620.370992
-3303.178048 -818.444170 1572.669870
-2834.484190 -818.978284 1315.574602
-3692.626523 -1066.976157 1713.500633
-2462.245649 -652.332610 1193.548319
-3808.120500 -924.147250 1810.777167
-3661.068139 -906.905826 1744.023787
-2367.903203 -574.146059 1127.115201
-2464.481046 -632.450339 1188.401909
-2669.823238 -691.074053 1305.731047
-3032.612038 -771.945622 1352.267660
-3086.251332 -804.670879 1365.888963
-2577.083563 -688.206914 1249.056540
-2951.453961 -757.829048 1424.284958
-2681.907660 -755.905473 1288.282319
-2637.714540 -629.842032 1197.451869
-3523.786819 -1016.801456 1634.536087
-3328.634335 -851.603936 1482.576509
-2888.106222 -771.832448 1282.524266
-2582.327683 -647.032367 1146.303177
-3396.888167 -809.118675 1542.389266
-3984.385376 -1055.003395 1929.678222
-3198.755516 -815.622950 1425.717698
-2922.436567 -777.527712 1415.318333
-2363.014795 -580.993968 1156.907844
-3384.593504 -943.790431 1619.746714
-2973.042829 -819.557944 1443.840129
-3287.115911 -826.247909 1470.491379
-3887.711078 -1123.835827 1897.396737
-3454.413016 -958.918767 1560.406248
-3657.470499 -1055.884635 1785.208539
-2781.802100 -810.466918 1371.892042
-3425.690302 -819.052688 1581.881632
-3278.020731 -823.052754 1474.638345
-3685.646359 -941.623978 1664.047164
-3833.240548 -978.778717 1841.023867
-3231.957725 -873.822626 1447.265510
-2315.934394 -636.232107 1131.196513
-2480.026916 -619.930283 1205.889399
-3729.325465 -1035.892063 1688.314026
-3596.071494 -998.109622 1628.999054
-3325.352203 -789.722139 1557.507316
-3956.385738 -974.089621 1962.313836
-2570.860898 -631.339481 1275.237277
-3116.063898 -853.341223 1520.500127
-3516.364320 -974.208167 1590.479889
-3513.470137 -976.428759 1592.581491
-3202.541076 -895.622639 1580.098293
-4091.340500 -1143.936308 1900.740605
-3123.333245 -864.633482 1445.396130
-2859.205709 -788.588503 1392.897442
-2619.026896 -725.455160 1211.482486
-2949.800769 -710.414794 1404.690888
-3424.287169 -967.699584 1650.926535
-3688.108529 -888.695112 1756.413909
-2192.912937 -528.106225 1044.401332
-2399.951584 -573.186373 1132.179643
-3238.167481 -773.149826 1527.727984
-3073.710251 -869.963887 1481.472765
-3419.176792 -897.009836 1566.356953
-2809.986921 -672.421461 1281.552209
-2331.160420 -609.384997 1045.429353
-3015.343993 -760.698887 1387.740414
-2336.969244 -661.675911 1137.303693
-2411.728287 -629.935433 1165.633800
-3369.788354 -925.717429 1519.439911
-3452.334926 -948.447900 1556.640766
-3621.706483 -944.780605 1621.609383
-2464.693084 -642.885151 1103.814034
-3589.647438 -936.554126 1734.795466
-3088.813763 -805.180255 1383.741034
-3343.961479 -866.888721 1596.983766
-3051.942604 -761.794492 1484.284801
-3751.813573 -977.441362 1680.651923
-2466.993052 -676.378401 1169.433992
-3993.331880 -1019.299754 1846.265271
-3521.528010 -897.983609 1627.691978
-3578.270746 -856.702374 1632.809230
-3575.896282 -856.198419 1631.555962
-4021.523920 -1073.697134 1842.743167
-2570.708519 -685.368240 1180.830376
-2959.266735 -811.153301 1433.695470
-3214.311641 -861.174371 1461.224785
-2449.182550 -613.902987 1200.119509
-3432.325290 -867.185140 1703.841625
-2862.835081 -780.068501 1286.761488
-2396.684345 -643.926087 1193.130802
-2352.947360 -627.034183 1081.390985
-2704.137815 -732.968627 1311.729388
-2852.572997 -694.013932 1313.419028
-3904.618211 -950.024499 1796.317524
-3145.607790 -766.021000 1447.675773
-2943.043907 -721.288546 1451.344329
-3131.545752 -767.136732 1543.670836
-2488.551884 -609.194895 1226.284346
-2719.468285 -656.958430 1257.832461
-3740.778155 -1024.561935 1720.411396
-3095.043828 -837.388569 1472.525896
-3562.197742 -949.172703 1637.298396
-3099.950502 -798.007752 1436.262523
-3728.816340 -1023.885463 1682.613841
-3431.662015 -855.265879 1671.284566
-2704.752659 -771.298632 1319.859791
-2629.363521 -675.348850 1242.836032
-3074.457966 -830.960102 1445.676560
-2690.260526 -641.548422 1245.723252
-3816.680857 -980.599519 1895.744011
-3670.138884 -939.495083 1788.338825
-3995.783895 -1085.668566 1889.331300
-3844.382176 -979.602743 1845.663640
-3704.333792 -1024.999254 1857.969266
-3572.027102 -928.237360 1592.660003
-3485.902705 -937.278720 1575.534275
-3904.420371 -963.195156 1810.108665
-4046.310360 -1037.001127 1940.223307
-3127.350773 -746.449224 1475.787601
-3062.698556 -755.495034 1438.438291
-2174.017941 -615.257709 1054.319100
-2285.669023 -545.830439 1078.603149
-3277.703919 -964.153537 1551.223346
-2862.662368 -708.886149 1278.658849
-2601.744584 -739.255642 1293.985485
-2980.314323 -715.407413 1359.698513
-2494.089491 -617.955092 1113.989876
-2659.870787 -704.458426 1349.377724
-2482.708108 -729.450590 1171.712334
-3666.188509 -930.608575 1653.572414
-4037.538261 -980.192595 1990.084981
-2930.026923 -827.969534 1412.675031
-2596.466014 -744.523141 1232.992244
-3303.914811 -923.529247 1533.281874
-3531.209125 -971.731850 1588.718249
-3639.693919 -1017.496860 1688.853011
-3197.327863 -776.501817 1562.929277
-2712.564721 -693.805337 1223.778181
-2991.174806 -771.590255 1336.262147
-3794.657808 -1035.707256 1792.483595
-2870.447417 -785.300780 1354.671742
-3899.258355 -950.184361 1765.362487
-3336.900727 -896.016671 1658.474542
-3587.050647 -937.268206 1733.858194
-3811.855982 -1023.690700 1727.807146
-3491.080455 -948.412805 1576.499393
-3170.110230 -895.712146 1587.954922
-3292.355889 -894.319506 1557.369288
-3152.857229 -804.585249 1456.176461
-3255.116221 -835.780165 1617.451484
-2892.318927 -803.985076 1356.935469
-3126.324748 -883.496500 1507.694115
-4071.862619 -1013.195715 1984.459884
-2856.107431 -781.796108 1381.251585
-3996.329406 -1082.178917 1893.133580
-2845.535383 -786.622153 1395.601560
-2601.947790 -642.000758 1236.136225
-3627.138889 -873.217747 1718.255359
-3088.466661 -836.790532 1383.938005
-3219.817324 -879.132058 1448.214114
-2835.585351 -665.637729 1355.087629
-3286.651333 -791.286585 1505.113968
-3256.607524 -770.307402 1579.833646
-2879.792633 -766.553214 1401.135096
-3958.311915 -1128.121025 1932.731392
-3052.024331 -736.167787 1398.545773
-3149.489525 -759.356465 1442.777937
-2744.426603 -701.653755 1239.704455
-3399.014729 -802.624716 1647.673903
-3731.955462 -934.296833 1741.258174
-2930.747336 -718.110779 1455.576005
-2502.716795 -732.320242 1222.916121
-2950.318682 -748.898727 1470.455904
-2548.548694 -644.877204 1265.082186
-2862.062287 -741.164287 1278.935611
-3315.646241 -943.508632 1568.002816
-2675.434030 -692.591161 1195.198771
-3725.189236 -945.884865 1856.477454
-3022.915076 -740.637733 1501.929621
-3055.734953 -749.220911 1518.656764
-2418.188641 -594.015675 1200.432470
-3933.287559 -984.373352 1833.791260
-2438.964778 -637.080836 1179.062642
-3168.320667 -871.394722 1426.947644
-2404.377442 -628.089327 1162.855181
-4083.518951 -958.842530 1950.502007
-3653.815264 -1062.628070 1764.206139
-3112.760266 -764.029236 1545.357948
-3737.162479 -1054.139116 1851.239327
-2637.976726 -723.420125 1251.103126
-2902.581937 -736.450555 1441.505470
-3465.247852 -968.524546 1658.760761
-3695.145135 -910.862919 1756.650864
-3170.784727 -785.174790 1438.447730
-2826.296770 -687.999383 1280.793157
-2694.911496 -718.057140 1212.377422
-2350.965075 -684.575014 1159.127453
-2659.502580 -749.987926 1197.929850
-4055.340110 -1127.309365 1831.667888
-2807.735529 -769.552918 1254.023125
-2366.836591 -664.951357 1067.341585
-2789.571569 -697.991280 1267.661283
-3403.139491 -867.076856 1513.938836
-4009.927402 -963.926858 1835.377645
-3486.142534 -890.185337 1613.868262
-2599.467511 -654.349835 1289.302183
-4034.279389 -991.574613 1856.710240
-3628.016475 -908.568581 1649.069947
-2838.255951 -710.281368 1290.226095
-2945.994985 -711.455696 1442.160344
-3145.040099 -877.926228 1442.298001
-3197.022014 -804.772276 1585.889091
-3073.481945 -780.942016 1369.979548
-4035.168197 -1143.334820 1826.706590
-2310.826163 -656.161448 1046.151681
-3663.805133 -945.292828 1793.379444
-3690.986284 -937.144332 1641.709315
-2490.237356 -688.757857 1215.607317
-3903.202431 -963.528771 1810.969545
-2309.441410 -655.296635 1045.117690
-2510.748622 -712.244007 1137.443176
-3435.074151 -1006.248733 1665.838186
-3720.906152 -1055.476354 1682.937629
-3812.081705 -1100.983138 1759.811426
-3931.746986 -1040.200344 1898.170632
-3424.542885 -976.251820 1556.751041
-3141.364815 -883.360868 1416.826419
-3887.595493 -980.656454 1820.394417
-3657.819421 -1030.794734 1650.474575
-2799.321558 -714.514259 1294.656491
-3836.928729 -926.309726 1821.825285
-3347.989547 -808.142384 1590.156599
-2420.477002 -599.368377 1173.191451
-2885.107516 -719.724639 1309.604986
-2844.868223 -716.294598 1331.286165
-3171.520759 -842.434930 1531.983937
-2865.476582 -759.523603 1386.939619
-3127.887800 -827.805487 1512.146234
-3848.204098 -1018.419840 1861.726744
-3696.458577 -929.130984 1726.905176
-2779.963887 -701.128600 1278.591975
-3437.854971 -1007.675945 1666.186316
-3479.971314 -974.286597 1718.952958
-3435.104842 -938.411413 1538.005109
-2970.080861 -813.492338 1325.895738
-3560.275148 -956.029980 1754.579066
-2917.843893 -794.740730 1310.752396
-2534.294436 -608.336393 1159.358897
-3416.927573 -1002.252382 1646.649744
-3903.042542 -1005.497589 1914.538227
-3296.327552 -937.623190 1494.658414
-2576.415194 -732.252194 1166.440144
-4107.472174 -1040.757106 1826.671462
-3653.208464 -1039.227649 1654.497500
-2898.563281 -848.912833 1399.612142
-2685.123843 -771.284522 1224.850916
-3482.026835 -991.268036 1577.681614
-3971.785518 -1132.557808 1800.162142
-3974.053142 -1133.303299 1801.104907
-3710.631725 -980.973437 1789.148796
-3815.471443 -1010.732365 1838.759914
-3725.114987 -1091.364278 1797.970236
-2783.103459 -799.115528 1269.817904
-2877.503304 -827.329014 1313.205537
-3458.602781 -880.632208 1627.638031
-2965.516289 -764.466129 1454.182497
-2495.637189 -715.733093 1135.797045
-4050.005743 -1161.257564 1842.984214
-3792.433375 -1081.529074 1836.249742
-4098.288939 -1161.513116 1850.661168
-3653.313400 -1069.709856 1702.893323
-3260.743790 -934.884229 1487.901734
-2827.996214 -801.694141 1277.881642
-3384.299001 -954.723091 1525.346357
-3339.191671 -942.585539 1506.587210
-2957.303382 -854.756899 1365.186481
-3509.285941 -976.914417 1727.973683
-3272.109572 -939.776028 1514.870245
-3589.255715 -1013.591118 1797.901074
-3202.927786 -926.782116 1477.547686
-2955.943582 -811.005869 1433.185925
-3384.934501 -909.445717 1550.241553
-3879.375049 -983.548969 1730.769326
-3329.783184 -962.980042 1537.477678
-3017.915956 -839.654250 1486.237915
-3934.788295 -935.565099 1792.527092
-3338.114480 -929.735042 1644.059672
-2585.806430 -615.146531 1177.797982
-3883.969033 -1088.740471 1908.686360
-2968.819657 -817.282685 1441.950775
-3135.739476 -797.405690 1394.570967
-3439.577670 -943.131126 1534.101490
-3308.195486 -930.790425 1654.062721
-3853.861558 -1020.449443 1861.128355
-3306.274535 -930.311773 1653.074643
-2710.633676 -739.783830 1214.507674
-3945.038260 -951.495500 1876.240642
-2949.935865 -828.289651 1457.551168
-4008.679180 -1131.008635 1987.253907
-2859.464490 -758.920555 1380.534571
-3889.621853 -986.902455 1733.362091
-3024.361577 -767.381470 1347.413883
-3478.148131 -922.651826 1681.973433
-3790.168249 -954.744518 1682.422816
-3855.998422 -969.818536 1711.596783
-2520.142994 -633.682318 1117.737376
-2864.207696 -821.940518 1360.718333
-2912.399410 -802.833226 1309.650079
-2869.943023 -779.463311 1366.729489
-2608.489044 -719.822073 1307.331620
-2480.225959 -598.518257 1214.608810
-2844.717144 -822.429530 1337.996004
-2976.735988 -807.842957 1417.356570
-3705.986340 -878.704387 1735.635226
-2865.504496 -775.534204 1389.123142
-3702.229823 -1070.899700 1741.446728
-3455.778244 -926.328312 1571.126738
-3746.279115 -924.559745 1784.464769
-3881.756886 -1040.444906 1764.298185
-2486.094107 -683.796223 1121.374435
-3962.225190 -983.286671 1767.103763
-2528.833184 -606.724392 1152.712777
-3972.596719 -1023.016264 1844.600775
-2541.019321 -649.852097 1274.066883
-3344.724388 -855.817287 1677.374419
-3079.217203 -801.441263 1511.728819
-3444.283987 -882.193623 1680.209214
-3739.710173 -1019.386213 1792.912142
-2959.197791 -795.570167 1458.256007
-2061.250600 -591.422118 1002.784000
-3037.774615 -837.748249 1366.867698
-3516.696294 -970.303745 1581.641430
-3672.053545 -905.769073 1777.034760
-2981.586903 -715.550339 1359.931711
-2931.166893 -716.768451 1311.025633
-3468.870595 -862.270208 1599.077958
-3455.904011 -848.606986 1543.494445
-3758.545546 -968.116099 1677.443584
-3773.448969 -973.631353 1683.906045
-3388.914186 -832.657158 1636.581908
-3124.198562 -803.261682 1395.980638
-2701.663758 -663.982854 1205.545895
-3747.045399 -1004.325572 1781.326445
-3233.064019 -798.711996 1603.025612
-3497.978527 -836.798531 1583.222339
-3517.220684 -970.807574 1581.895305
-3517.500130 -970.595269 1582.911881
-3519.814544 -971.756801 1582.872819
-3275.330765 -904.229097 1474.179768
-2678.848188 -783.711589 1310.059779
-2986.905349 -873.693084 1460.813737
-3027.580882 -741.652715 1504.671073
-2842.459472 -701.073434 1353.227630
-2746.391016 -732.840368 1350.095438
-2807.794259 -815.301758 1303.194732
-3137.570957 -774.501928 1493.804519
-2498.347669 -717.426930 1158.821440
-3267.032227 -938.342794 1514.693882
-3056.690177 -819.165248 1453.832853
-2630.995906 -629.936650 1190.468180
-2867.426011 -765.331416 1381.874535
-3470.222958 -935.455426 1533.073421
-3418.470745 -962.554478 1538.625329
-3975.404573 -1133.268751 1800.853432
-2200.391240 -550.487838 1000.882527
-3779.466379 -1056.166226 1695.337448
-3089.723182 -898.906602 1435.582157
-2364.613954 -570.761840 1123.564168
-3936.403728 -967.808173 1812.527589
-3386.273958 -984.144905 1571.502398
-3347.188281 -852.683533 1485.054220
-3888.377476 -955.086268 1768.523471
-3623.173410 -1043.894876 1677.600711
-2992.828887 -797.813921 1326.477697
-3166.082027 -777.980538 1440.325207
-2475.142216 -713.073098 1146.490607
-2347.007990 -621.241713 1037.553604
-3631.640549 -1055.143430 1684.234307
-3202.152519 -860.575698 1577.738578
-2915.772837 -774.853440 1407.469765
-3691.526959 -980.952514 1781.994957
-3887.676104 -991.263173 1725.984344
-3387.746408 -895.091312 1498.580752
-3037.111954 -876.728296 1404.288433
-3162.940212 -854.211088 1534.583539
-3370.847083 -972.684285 1558.134612
-3672.701554 -993.194801 1631.075501
-2794.959310 -739.014982 1235.620421
-3207.011486 -846.485539 1417.694629
-2702.268572 -759.319318 1212.941654
-4039.035508 -1149.338246 1827.498808
-3438.136800 -961.741207 1538.808880
-3129.866204 -877.973472 1403.959995
-2927.884141 -744.557136 1298.423597
-3785.117497 -1060.186892 1697.350073
-3599.710862 -1009.975554 1615.775893
-3085.130758 -865.337994 1383.903249
-3438.438512 -1003.925411 1597.020526
-2575.292910 -731.090281 1162.225058
-3464.799824 -858.991391 1608.613185
-3489.733510 -991.144702 1578.205497
-3472.743099 -976.630918 1557.939352
-3063.669919 -876.176118 1389.373879
-2937.610930 -856.281036 1415.008044
-3855.340724 -1026.653729 1858.775640
-3839.558419 -1116.637343 1778.339532
-2494.522435 -725.474169 1157.056500
-3864.903668 -1124.154038 1792.285335
-2938.166828 -856.517643 1415.343968
-2920.368605 -789.966275 1293.140555
-3026.286250 -871.949916 1400.217663
-3158.244365 -750.320366 1435.453144
-3053.463457 -884.516490 1411.002963
-2902.474756 -774.934318 1283.668423
-3422.038965 -921.996883 1514.761442
-4056.507292 -1060.394151 1790.343916
-2988.196857 -802.198651 1321.630831
-2813.680763 -808.674205 1303.103589
-3348.837430 -809.681465 1648.424301
-3151.712406 -849.835679 1396.164341
-2413.340320 -648.663546 1168.569638
-3971.714993 -946.806944 1800.287121
-3286.331589 -952.830451 1518.235151
-3378.844971 -877.858416 1491.613989
-3889.496535 -1012.055197 1716.879825
-2900.980384 -772.121472 1279.932342
-3480.028162 -875.972031 1542.920522
-3323.766789 -964.724521 1536.887945
-2885.303352 -690.066081 1306.295467
-2933.481661 -740.217031 1299.448984
-3758.733406 -1015.562464 1662.504040
-3302.190806 -964.384045 1532.563273
-3457.376107 -927.500025 1528.420806
-3070.095058 -772.366089 1360.833673
-4060.154567 -1021.644463 1798.383335
-2919.327511 -789.934096 1290.803746
-2755.479896 -694.563557 1223.344995
-3873.899444 -1024.939851 1875.475355
-3456.116941 -965.527946 1549.132467
-3889.811052 -991.209181 1723.984136
-2969.431368 -749.818940 1317.916097
-3044.687865 -778.737736 1357.344616
-2288.382213 -607.830751 1107.231767
-3375.904211 -911.277227 1493.952473
-3561.399601 -948.795661 1571.363455
-2579.801534 -628.676733 1183.184409
-2677.603624 -661.603775 1313.303672
-2784.623636 -810.828048 1371.647857
-3915.709198 -995.645005 1808.389483
-3459.796447 -880.348303 1693.702451
-4043.118493 -1124.891539 1833.130992
-3368.837523 -841.207375 1640.230178
-3436.207965 -989.557078 1681.302130
-3488.175634 -835.889781 1592.491219
-2941.915286 -742.298553 1461.021086
-3417.951820 -809.073915 1639.674341
-2945.468491 -798.566312 1430.442440
-3280.155526 -916.035017 1522.971641
-2990.706436 -869.771501 1442.875235
-3219.434605 -780.427684 1528.484749
-3646.902039 -981.118697 1648.954188
-3346.188935 -878.311961 1702.230738
-3117.869991 -854.474402 1522.649398
-2908.435466 -752.525291 1422.828470
-3699.717091 -899.247274 1824.390221
-2873.815296 -814.602000 1426.498897
-2925.503913 -849.543066 1411.410202
-2245.419571 -579.482592 1100.894512
-3897.689300 -975.252458 1897.330036
-3420.588546 -982.054793 1665.741406
-3737.982629 -1003.904912 1829.944893
-2539.324267 -725.170065 1221.445345
-2966.527924 -748.858848 1473.107933
-3786.136600 -990.930646 1926.082381
-3839.851521 -944.109457 1925.856438
-2866.786845 -749.580920 1458.974295
-3179.868813 -919.833068 1515.897759
-3512.924724 -975.777971 1769.109559
-2813.290489 -818.697679 1387.501569
-3291.554593 -779.606826 1527.269945
-2816.301287 -819.508911 1388.871705
-4104.609314 -1123.502686 1886.592801
-3668.889810 -861.323476 1747.627864
-3149.581725 -842.773119 1572.193966
-3163.508449 -850.843639 1434.411549
-3288.270981 -894.215707 1643.134108
-3478.161344 -938.871418 1650.049427
-3445.822526 -931.712874 1632.925648
-2477.104682 -644.346203 1177.596856
-3488.061345 -981.190522 1569.676161
-3429.589189 -941.629729 1530.797240
-2750.533760 -685.350477 1248.582829
-3114.835757 -757.294608 1483.403530
-2858.399818 -784.545626 1385.539137
-3516.346216 -1013.350145 1630.389520
-2947.282132 -762.824140 1447.863062
-2476.686895 -630.146264 1099.734904
-3694.113916 -940.529106 1640.952828
-2806.966979 -804.546022 1278.481737
-2829.953747 -811.309217 1288.757386
-3040.497557 -875.576751 1409.568630
-3189.269432 -930.396822 1544.723069
-3952.556268 -972.537539 1984.430526
-3600.615180 -916.066226 1600.219026
-4044.882334 -1028.157057 1795.667012
-3140.640786 -833.304974 1521.556674
-3797.374116 -1054.804489 1910.408908
-3796.098052 -1014.315966 1842.497301
-3116.639590 -780.025460 1413.325735
-2565.656723 -659.127987 1145.722207
-3438.914011 -925.737600 1663.973970
-4090.934921 -1052.163292 1932.189935
-3683.049157 -947.663894 1739.106519
-2966.046418 -758.540689 1319.796987
-3701.506933 -962.422981 1637.909420
-3129.662775 -833.172256 1511.888371
-3602.713284 -959.098975 1739.224054
-3462.558157 -948.718764 1552.248009
-2391.280654 -664.556238 1095.392403
-2465.399844 -715.257786 1142.545883
-2601.155841 -700.884481 1153.574594
-3048.031995 -777.012808 1354.311939
-3150.090152 -762.922351 1496.792338
-2796.849295 -714.302219 1241.417092
-3358.226205 -974.342429 1555.379771
-3683.668624 -1045.871285 1664.274427
-3655.264624 -1037.747389 1651.534677
-2661.228305 -756.444741 1202.790989
-2361.558716 -662.077628 1058.304696
-2863.398996 -762.710603 1379.997364
-3809.340770 -1019.095567 1848.410476
-3330.944100 -854.457084 1485.635106
-3757.627064 -1003.460992 1817.284292
-3130.231315 -834.384796 1511.129195
-3134.759019 -827.247450 1383.873660
-3044.581401 -779.665193 1357.624237
-3661.882744 -939.269263 1633.724556
-3602.883920 -959.459916 1738.437229
-3515.888183 -899.300419 1563.331015
-2902.647015 -809.525929 1299.647881
-3341.320329 -853.054447 1485.102766
-3381.806137 -901.223631 1631.989941
-2857.895203 -761.563327 1379.153939
-3408.805386 -905.703408 1502.380924
-3832.653229 -1052.063785 1705.350478
-3388.431586 -810.618268 1526.834419
-2697.775743 -689.061399 1253.249309
-2893.752187 -739.052400 1344.615953
-3006.275769 -781.702735 1478.965782
-3251.870321 -877.708785 1491.318775
-3381.121153 -808.025797 1606.578787
-3322.686150 -849.642307 1668.974758
-3001.788039 -745.486962 1377.789800
-2950.886501 -805.313223 1425.749851
-2402.942261 -631.810135 1120.207388
-2956.668769 -723.115116 1346.262151
-3410.378359 -974.128455 1682.556998
-4058.002674 -1054.466123 1844.473272
-2740.731758 -712.768174 1249.846609
-3904.321723 -969.637495 1791.151871
-4009.943486 -968.377123 1845.059467
-2972.674222 -722.104380 1378.673387
-3526.482991 -929.302843 1735.473886
-2853.266399 -698.016160 1280.032784
-2717.149680 -660.333737 1260.760539
-3118.842093 -844.215816 1515.831685
-3047.758189 -713.891911 1458.551603
-2718.727968 -736.138965 1322.242073
-2554.064617 -652.885034 1232.721656
-3112.239578 -756.086863 1503.379365
-2797.352770 -776.087499 1310.998872
-2838.799429 -787.998241 1330.132180
-3532.464129 -940.671720 1765.647052
-3504.658047 -857.627132 1570.341191
-3173.560536 -783.951979 1436.705840
-2849.465010 -769.634859 1428.861025
-2453.355424 -593.184109 1174.382851
-3593.775359 -917.952769 1735.012292
-2299.165843 -554.867315 1100.210610
-3361.955575 -926.878120 1551.401954
-3590.415754 -917.585580 1733.183774
-2916.496143 -823.840655 1364.599533
-3045.480794 -713.317146 1457.493273
-3511.300542 -856.929549 1599.891200
-2559.747078 -626.191702 1148.055463
-2848.940989 -714.873164 1357.652394
-3404.453512 -854.766267 1626.561734
-3407.447669 -855.755922 1628.369262
-2360.799664 -679.903666 1159.059031
-2619.900615 -661.931076 1250.915958
-4075.016877 -1059.598690 1988.722540
-3329.343301 -841.926093 1590.316201
-3465.128963 -882.979011 1653.011750
-2840.970343 -796.921452 1383.137655
-3847.592861 -986.894857 1822.581087
-2875.724739 -828.280831 1411.915666
-3076.572316 -796.704255 1457.743854
-2740.799389 -782.356704 1325.013565
-3478.673914 -992.597756 1715.469158
-3102.539255 -771.189437 1480.323248
-2634.952162 -759.116950 1268.482614
-2731.513661 -649.254119 1274.265166
-2493.072232 -719.491080 1201.372151
-2318.949634 -651.117030 1163.326422
-2873.778140 -682.673680 1340.206625
-3351.018668 -969.193465 1608.903583
-3056.291714 -760.413212 1457.992613
-3484.580617 -978.876816 1748.279096
-3761.337552 -948.328458 1714.702351
-2951.317983 -744.782225 1345.702879
-3654.840009 -922.671454 1666.807339
-3563.674452 -888.317946 1621.088850
-3862.296363 -1101.555710 1850.425393
-2696.447945 -719.104439 1197.901422
-2874.207292 -721.363475 1374.713101
-2737.740048 -758.298071 1364.310692
-2732.547037 -649.586027 1274.842034
-3604.625904 -1027.930928 1765.612976
-2917.997985 -822.944904 1429.949810
-3691.995353 -868.360369 1779.060624
-2502.767852 -709.817792 1142.828965
-2711.270843 -668.316740 1260.427905
-3049.801541 -721.845613 1475.160342
-2721.512738 -671.061405 1265.693573
-3156.013207 -775.070258 1456.686805
-2730.420663 -754.663883 1340.207131
-3605.560314 -1020.761416 1645.983708
-3635.933765 -1028.083833 1778.284103
-3403.623055 -801.470538 1641.538505
-2462.554198 -694.650799 1207.028346
-3159.985445 -788.138619 1494.733945
-3193.234228 -800.239736 1515.225436
-3360.678483 -859.697276 1560.557492
-3382.709312 -936.458946 1646.992398
-3625.030900 -900.433154 1729.875929
-2679.121506 -724.733951 1318.371831
-4100.960405 -1043.507193 1943.690434
-3982.000514 -1002.620316 1970.895100
-3133.394889 -769.466731 1445.508936
-3292.270919 -852.412152 1561.218023
-3630.672119 -865.286135 1751.518858
-3095.747184 -730.588720 1493.532829
-3210.114613 -929.058781 1535.344896
-2705.402578 -684.609603 1221.166945
-2859.863703 -724.670311 1291.649122
-4050.565541 -980.516137 1992.135803
-2553.121539 -635.308183 1220.074277
-2733.640410 -710.803182 1246.430104
-3954.899576 -948.770263 1944.567232
-3625.661323 -866.872418 1782.452592
-3624.442637 -866.515757 1781.758660
-3413.262920 -817.845835 1678.104093
-2782.338301 -692.369484 1328.252033
-2823.066445 -676.416289 1387.888264
-3957.449666 -950.520454 1948.654173
-3080.521900 -714.510943 1462.451626
-2490.955512 -605.659713 1154.002851
-3341.520162 -794.825516 1559.283349
-3451.074784 -995.816932 1662.143792
-2805.059739 -657.581361 1303.425126
-3886.742295 -970.603289 1893.977056
-3083.307283 -851.354227 1422.416097
-3700.855603 -947.024673 1786.523009
-2402.510291 -620.468379 1198.650290
-3743.952623 -1033.707211 1727.673806
-2978.613926 -847.094628 1383.365686
-2502.258308 -678.656219 1207.941933
-2499.272762 -677.738236 1206.479663
-3268.600643 -885.809727 1577.773692
-3037.811017 -752.713798 1394.671268
-2850.851338 -711.293872 1296.831087
-3012.831099 -714.928825 1431.486133
-3096.820155 -772.895813 1410.539929
-3100.600111 -773.134163 1411.192489
-2498.640497 -711.839333 1159.315348
-4033.988762 -992.320212 1860.093192
-2484.365333 -619.094409 1187.341588
-3680.940345 -988.900280 1799.279870
-3125.684501 -890.317861 1454.274568
-2989.702128 -815.803653 1442.366194
-2543.386649 -694.021764 1228.465529
-3003.527048 -818.640248 1446.498062
-3247.776883 -815.500670 1462.090203
-3744.831765 -1067.882086 1847.927291
-2857.819388 -758.236055 1389.584221
-3905.610229 -1038.020710 1733.538064
-4035.012912 -957.888253 1894.642191
-3019.384101 -779.695592 1452.672701
-2774.374186 -696.438171 1249.594498
-2518.470834 -691.622010 1209.815051
-3095.550803 -735.069347 1452.862497
-2615.740327 -695.686611 1161.420317
-3707.582886 -947.664229 1676.187069
-3408.651773 -853.169936 1526.725062
-3150.250667 -789.603327 1403.328449
-3343.621508 -836.376274 1497.166172
-3749.374734 -909.415790 1704.669463
-2999.258921 -845.722330 1394.402910
-3286.767163 -775.200397 1586.642995
-3291.899067 -775.018781 1589.709101
-3418.845112 -814.808983 1663.148408
-2981.511187 -778.372717 1370.851174
-3124.830602 -778.355498 1536.833843
-3968.285384 -935.650452 1917.214162
-4012.339227 -968.204038 1970.088455
-2912.988667 -699.986671 1427.670764
-3062.861623 -763.916493 1459.698302
-3293.585975 -917.687349 1491.106609
-2881.661286 -802.132050 1304.509253
-3284.565306 -774.878753 1538.628946
-3368.220303 -813.715042 1560.998661
-3249.406115 -864.037063 1441.162218
-3664.574517 -895.171414 1644.028412
-3456.690038 -943.413123 1604.371279
-2910.200644 -837.277050 1400.714578
-3367.087548 -789.507251 1597.492661
-2718.925595 -782.019863 1308.190299
-3305.859709 -914.250746 1608.972956
-2943.262494 -708.199753 1443.602767
-3396.281106 -854.619628 1619.080814
-2855.010173 -777.831268 1376.862368
-3409.112070 -825.391020 1675.076683
-3171.947371 -737.957367 1492.959453
-3455.335052 -846.708474 1642.862899
-2942.771192 -821.515305 1373.398090
-3108.253576 -782.182761 1481.593216
-3418.471397 -951.058528 1641.904458
-2460.612948 -670.824491 1185.832201
-2459.277327 -670.492302 1185.175721
-2709.586356 -675.580029 1290.650210
-3854.381936 -961.037499 1836.617264
-3225.330647 -816.682024 1441.492013
-3880.072110 -971.938435 1727.941394
-2752.750279 -668.368142 1252.122205
-3963.993610 -961.896009 1803.111482
-3316.859634 -902.217168 1597.707342
-2705.049860 -775.118517 1304.935849
-3317.020701 -901.873508 1596.854192
-2502.448292 -631.996424 1200.596612
-3886.358533 -908.543056 1794.997571
-3077.641255 -824.797183 1483.585078
-3074.779356 -825.473915 1481.697315
-3232.943665 -756.270126 1493.095469
-3906.187009 -912.563733 1806.676956
-4019.666345 -1044.604404 1782.686506
-3087.163515 -805.204630 1500.328348
-2970.889184 -699.225747 1429.769131
-3473.537915 -902.487069 1540.152595
-3376.822182 -863.398497 1508.076977
-2431.923937 -571.824606 1170.547873
-2664.457436 -635.504695 1241.947583
-2659.568382 -720.254044 1311.129177
-3157.039916 -841.438114 1534.310542
-3471.232281 -901.283465 1539.200729
-2810.846112 -795.201429 1402.370757
-2579.230073 -612.349660 1209.199851
-2366.131230 -616.505916 1162.196179
-3044.848294 -861.285305 1519.286809
-2977.555845 -714.620825 1446.399196
-2831.676886 -770.811089 1371.696522
-3179.167516 -832.556265 1554.714420
-3102.644584 -777.989057 1389.958839
-2994.152573 -767.910333 1420.260110
-3390.495183 -823.847664 1660.118663
-3237.186246 -810.026005 1571.300969
-3019.394490 -711.019108 1377.789550
-3496.732005 -821.849815 1595.887411
-3158.551514 -738.272345 1446.780101
-3897.044540 -912.501082 1785.988014
-3040.739911 -716.344369 1383.243797
-3500.220982 -874.649457 1593.358450
-3673.451891 -865.191820 1674.237621
-3091.291805 -718.924112 1423.803415
-2859.766214 -671.691646 1304.939508
-3351.685350 -788.873764 1527.145249
-2867.547008 -671.473205 1313.292776
-3059.363321 -720.300257 1397.288644
-3545.947360 -830.520259 1624.527377
-2826.898882 -663.720825 1287.701658
-3285.001977 -769.623977 1500.897172
-3359.952056 -788.801936 1533.178001
-2668.025573 -685.412803 1184.439324
-3359.414199 -788.594358 1532.863378
-3076.872833 -768.540994 1400.079380
-3513.458672 -901.746537 1562.008231
-2801.659241 -719.228459 1242.819483
-3526.425383 -858.913810 1578.417123
-2430.566270 -572.302420 1110.641622
-3762.925482 -966.402835 1672.365312
-3372.771833 -785.548382 1550.651063
-3614.288417 -851.953155 1643.841758
-2957.907628 -689.219876 1360.294432
-3660.264849 -858.680201 1772.899940
-3597.996983 -924.946322 1597.468842
-2781.551910 -678.131728 1243.628694
-2790.705585 -697.858227 1239.072976
-3483.318693 -812.528012 1601.295007
-2483.831142 -580.530126 1144.218169
-2996.342520 -699.243660 1377.899668
-3657.651338 -938.556624 1624.298666
-3674.574450 -864.692970 1672.734511
-2848.324855 -689.660049 1401.382678
-3352.565551 -791.011426 1524.160645
-3583.881698 -834.614214 1688.164896
-3554.566468 -827.810110 1674.781871
-3024.646390 -862.900348 1405.788169
-3384.281354 -964.488279 1621.955109
-3744.597652 -930.408356 1663.680043
-2938.787436 -712.508145 1316.781410
-2852.568106 -708.750205 1267.272769
-2938.493429 -714.302845 1317.233069
-3449.561444 -860.363781 1534.731879
-2788.115075 -716.724187 1240.000049
-2591.047805 -605.865878 1191.824929
-2445.326121 -593.489863 1093.052970
-3770.067316 -1074.375663 1751.890449
-3672.061175 -941.409804 1651.432436
-2853.406382 -694.813190 1278.604998
-2379.858076 -678.301899 1106.620633
-3447.842547 -859.178680 1695.169625
-2975.630640 -779.339236 1455.768473
-2460.543368 -589.338793 1215.595662
-2724.378766 -756.618838 1325.273245
-2615.434699 -737.607990 1282.740920
-2650.177823 -690.495135 1175.333952
-2833.112789 -662.054601 1299.753155
-2342.702469 -584.262485 1041.454238
-2938.832628 -714.631315 1316.108320
-3432.044038 -854.534436 1524.810295
-2886.673976 -676.990414 1360.611185
-2501.994076 -671.991811 1206.795110
-2664.086385 -644.165312 1190.329958
-2767.096714 -684.821581 1230.814563
-3344.905891 -776.499757 1577.167810
-3351.431342 -828.562844 1490.312871
-3034.620475 -784.411454 1381.062699
-3205.795346 -897.030559 1540.980424
-2425.435273 -675.201655 1164.126415
-3188.555876 -796.409757 1519.056841
-2836.745896 -779.457139 1268.605576
-2878.546226 -764.652752 1276.450693
-2963.194201 -739.326926 1437.010548
-2828.763978 -660.025949 1340.192421
-2541.417284 -638.014531 1234.091359
-3334.223708 -807.781570 1633.929549
-3403.781087 -798.019401 1614.088853
-3379.797990 -846.055240 1639.885374
-4049.544031 -950.993507 1842.737037
-2932.455243 -689.951131 1334.567001
-4021.763325 -941.691591 1834.569554
-2610.479403 -631.370831 1164.931112
-3628.393778 -849.621083 1656.903415
-3474.721775 -901.524775 1536.731667
-3141.765608 -813.831342 1388.200960
-3481.675286 -902.553731 1539.379919
-3063.170717 -794.859628 1354.471612
-3400.297534 -821.068390 1521.163146
-3588.784377 -843.270491 1634.311476
-2625.350592 -633.109096 1174.468329
-3690.107726 -866.870094 1680.101613
-2122.695050 -499.074496 964.785965
-2869.520229 -709.916775 1273.699455
-3452.114890 -869.184357 1675.499253
-4106.845871 -1006.327069 1831.319098
-3369.090553 -849.190775 1635.179924
-2797.783965 -716.006912 1241.948615
-2937.051786 -720.733399 1309.377683
-2700.704071 -660.639553 1203.650351
-3213.064827 -750.020057 1523.457598
-2699.093479 -661.859723 1203.747746
-2753.240984 -683.769582 1222.923011
-3092.826720 -720.479562 1456.193781
-3515.459924 -856.559749 1567.334181
-3154.214378 -732.637811 1493.638910
-2846.351846 -694.028835 1270.825826
-3110.967158 -768.069472 1382.358740
-2717.499518 -671.966721 1205.952547
-3342.130500 -783.773349 1583.631644
-3274.249593 -804.643968 1458.259586
-2361.099114 -590.135735 1145.311051
-2918.197215 -744.807333 1301.110950
-2663.942210 -664.883101 1268.963927
-2543.788980 -648.051282 1135.169557
-3994.952813 -998.457474 1937.617818
-3704.721807 -927.044447 1797.000510
-3305.205760 -884.326697 1598.021843
-2900.001429 -751.851136 1284.098248
-3119.511184 -739.325662 1531.852862
-3288.390968 -778.699395 1612.548616
-2767.809632 -699.540572 1375.777032
-3542.452345 -990.072827 1790.170816
-3059.123717 -772.899641 1416.796441
-2450.536462 -685.528233 1237.980508
-2957.188733 -784.011418 1398.077477
-2700.484435 -716.486418 1277.296541
-3377.990086 -871.533330 1581.429076
-3898.754028 -968.051518 1790.145658
-4044.782422 -950.893556 1897.375673
-3483.098889 -899.405168 1578.825670
-2375.400568 -664.455040 1199.196549
-2937.364694 -758.305349 1330.632342
-3704.068992 -956.117921 1677.736518
-3297.547326 -802.243211 1550.375728
-2991.299863 -798.508879 1412.806167
-3042.989269 -833.301847 1371.167459
-3342.916773 -957.580069 1574.093488
-3126.558323 -761.609197 1470.110865
-3280.202094 -769.814445 1573.675508
-2926.060665 -761.877545 1424.759575
-3190.363848 -902.770585 1561.219319
-3600.861631 -1035.692168 1734.675792
-3090.806707 -716.433135 1476.772314
-4077.867731 -946.736458 1937.357437
-3279.484353 -782.150927 1585.475390
-3365.135627 -833.909940 1544.531745
-3132.056516 -776.102331 1437.480696
-2343.650369 -653.028919 1126.747136
-3499.738272 -874.387288 1705.071533
-4096.651175 -1058.114655 1835.723880
-3141.972739 -764.098875 1480.129363
-3632.621338 -1021.820301 1778.098629
-3443.397885 -913.945084 1629.414241
-2962.806196 -710.479083 1465.745550
-3126.076807 -760.544575 1472.485660
-3395.130796 -813.151689 1679.456284
-3466.424131 -839.832530 1729.555763
-3635.347946 -924.601829 1780.765431
-3622.735230 -961.402890 1714.720556
-3338.940264 -794.576167 1622.681166
-3431.995648 -835.814108 1614.484263
-2920.267323 -711.568957 1373.274756
-3553.943081 -1015.233589 1703.202123
-2458.917239 -595.755179 1226.217691
-3886.042712 -913.343273 1824.273725
-2505.252762 -674.606640 1134.276862
-2784.992258 -693.625979 1369.970931
-3723.056408 -1087.946776 1808.930514
-3123.057263 -740.604472 1533.211268
-2578.566836 -638.352214 1263.461074
-2610.546939 -646.084549 1279.047340
-2936.319588 -839.837799 1406.027186
-2657.999736 -669.674005 1185.099482
-3574.420031 -889.854956 1622.639890
-3218.904987 -918.658262 1538.848274
-2797.217342 -661.048280 1363.891142
-3003.988073 -866.913846 1491.841569
-3562.127647 -997.097970 1602.165217
-3670.040474 -880.007803 1815.846766
-2894.340468 -717.077379 1404.638768
-3656.696935 -1056.057053 1816.903043
-3028.527510 -702.110382 1418.230772
-3083.025574 -712.716457 1430.714364
-3348.375802 -783.303714 1548.047826
-2860.423979 -697.942854 1344.854646
-2753.131920 -705.504078 1229.136531
-2881.847508 -697.814981 1294.605899
-2545.779396 -588.514259 1182.966009
-2890.026050 -690.318735 1428.549381
-3641.482359 -879.631731 1634.342745
-2987.520000 -721.707412 1342.198043
-2565.780031 -594.759140 1190.537236
-3084.535272 -714.944203 1426.440157
-3123.320926 -746.318099 1540.230383
-2261.064534 -526.133945 1046.208913
-2832.999343 -659.101543 1311.453115
-2988.990479 -693.883937 1383.831813
-2323.550237 -557.154333 1046.944570
-3542.476789 -817.198700 1645.853909
-2837.242848 -656.194183 1319.223179
-3227.186564 -746.931267 1496.343186
-3299.061286 -761.680354 1529.273285
-3525.835965 -826.521763 1612.197173
-2950.521754 -684.551296 1360.208739
-2492.902630 -578.313118 1149.600979
-2211.225203 -511.631911 1025.440257
-2757.138091 -661.655871 1241.903919
-3727.401464 -908.135686 1694.693021
-3446.887756 -835.364552 1548.033197
-3002.985883 -705.066451 1373.078207
-2425.062931 -571.183366 1174.316743
-2715.772275 -724.070264 1307.096274
-2718.080644 -673.133585 1366.209237
-2717.105291 -672.804386 1365.573121
-3132.682210 -775.580855 1574.861394
-3859.422652 -1037.238409 1848.322784
-2518.630317 -603.654111 1244.697951
-2522.707695 -732.790908 1202.770485
-4125.116016 -990.175787 1855.594663
-3653.076179 -842.793427 1692.259174
-3438.757494 -802.336406 1672.793998
-3056.692364 -739.998134 1373.915362
-3856.862486 -890.824062 1833.391326
-3745.763568 -874.474485 1711.642111
-2843.063462 -658.820628 1324.561041
-3969.737836 -950.620393 1790.414802
-4113.684296 -942.578317 1951.436305
-3345.383286 -775.797557 1563.699043
-2781.508092 -644.531613 1279.043436
-3583.087072 -831.853120 1648.350870
-3783.320255 -978.616809 1721.195864
-3078.989279 -842.869645 1387.037440
-3702.899238 -1013.345845 1668.044313
-2665.749256 -620.387273 1221.087090
-2785.873570 -648.370236 1274.054149
-2391.844293 -557.869377 1091.337239
-2596.318884 -604.899705 1188.982190
-3455.000571 -804.030641 1577.430653
-3735.141633 -861.958953 1769.249936
-3219.658065 -775.573803 1441.509251
-2103.905868 -486.065165 997.848980
-3907.147253 -940.935133 1748.241291
-2748.965516 -635.021894 1303.471941
-2771.600562 -644.839554 1279.138826
-2758.347358 -647.958979 1250.286589
-3134.174252 -745.687158 1543.489402
-3852.789817 -901.148132 1755.985133
-3354.687547 -774.264509 1597.705606
-3463.221448 -801.887632 1641.929893
-3351.012297 -784.203143 1523.435152
-2724.627942 -699.223382 1204.170322
-3105.483549 -753.581299 1386.018471
-3562.480672 -833.818516 1624.007636
-3704.240491 -867.703926 1684.287044
-4134.317748 -965.114696 1882.123888
-3115.944430 -779.742687 1380.205257
-2818.086862 -773.536017 1264.346415
-3527.877945 -883.735150 1563.966853
-3656.027600 -915.310752 1618.164709
-3740.795072 -936.376241 1659.205833
-2840.901618 -714.878047 1378.914367
-3125.945355 -763.593119 1394.630855
-3732.793661 -951.469694 1664.786862
-3761.801489 -1042.057626 1796.737982
-2649.253621 -627.688018 1305.505815
-3352.099040 -771.942450 1597.379753
-3690.095542 -886.750220 1654.553705
-2451.687425 -565.761099 1132.582590
-3048.101429 -733.438417 1369.133055
-2653.854905 -619.734769 1211.986776
-2850.617568 -656.267097 1325.718203
-2765.307842 -666.145993 1241.772940
-3630.950388 -836.444322 1685.941674
-2752.279358 -688.121157 1219.154094
-2694.821247 -670.729533 1192.425520
-3566.460666 -934.234368 1566.090454
-2441.824859 -602.992247 1079.027253
-3672.430910 -916.464401 1784.999266
-3749.816874 -931.592376 1697.463161
-3111.065299 -804.302829 1485.873960
-3263.113365 -782.634194 1600.143137
-3269.909243 -820.384961 1455.943540
-3795.523094 -1042.081633 1824.866367
-2709.104564 -749.079852 1277.406309
-2836.900772 -821.993772 1382.399729
-2486.933098 -617.628181 1126.010844
-3120.359759 -848.818722 1408.880532
-2846.871514 -803.150921 1394.986920
-2882.552509 -732.406957 1353.576499
-2723.932943 -690.783544 1278.275809
-2898.401619 -833.098699 1413.258506
-3770.769558 -934.080982 1683.834278
-3237.195457 -834.871772 1466.132558
-2790.904985 -708.681942 1309.580672
-3353.430942 -803.659418 1644.135677
-3287.938712 -855.395688 1621.122304
-3695.593368 -1004.018669 1783.729865
-2337.752009 -551.561801 1131.805028
-2357.527597 -644.269748 1139.545545
-4068.864410 -1160.314896 1951.857473
-3008.118042 -842.547417 1464.943639
-2867.037318 -817.839141 1375.365332
-2950.646072 -807.345958 1424.678756
-3369.372632 -961.448494 1615.396778
-4119.271878 -1115.599060 1844.731221
-3551.998337 -1026.640031 1711.951501
-2496.132756 -694.433727 1130.946118
-2915.125437 -832.554438 1419.229759
-3431.092108 -875.706715 1563.279525
-2557.560604 -658.678535 1184.552685
-3236.613340 -884.282030 1562.644423
-2291.350502 -585.741305 1067.713424
-2522.871128 -693.469705 1212.956380
-3064.636840 -773.689812 1470.531535
-3609.880405 -910.633148 1731.877554
-3654.090443 -1024.806136 1646.312775
-3840.855605 -922.823687 1882.391351
-3387.642719 -843.445519 1646.737974
-2596.540991 -654.002482 1155.922177
-3655.346668 -1026.573266 1646.764248
-3430.863807 -962.476827 1544.970047
-3075.477322 -768.722961 1396.631112
-3544.847777 -1003.123257 1602.845458
-2533.332732 -627.846691 1227.973489
-2935.606231 -838.013204 1333.213083
-3835.310414 -956.927991 1861.063265
-2959.610494 -802.073693 1439.120580
-2636.347700 -658.887784 1280.386721
-3699.706493 -1049.620986 1839.257797
-2883.375253 -827.054872 1334.300205
-3831.694432 -1070.540636 1840.083520
-2847.199616 -798.140055 1282.494901
-4007.366791 -1149.295893 1853.691543
-2965.441078 -850.219396 1371.373730
-3466.899763 -990.412244 1575.780370
-2599.713803 -726.140971 1248.455874
-3318.808693 -842.164405 1475.572046
-3261.577650 -937.851149 1508.395252
-3391.352206 -946.550114 1628.855931
-3578.481665 -1015.716434 1779.150377
-3780.465206 -1080.950527 1715.612833
-3821.060841 -1095.673616 1765.131657
-3139.309137 -898.519559 1426.895211
-2812.148597 -808.873226 1299.865527
-2916.696065 -820.699585 1313.344316
-2929.143322 -685.134176 1409.226345
-3730.714308 -893.502048 1828.098259
-2986.200881 -813.173865 1440.384421
-3027.336980 -869.612485 1400.975002
-2778.929657 -716.900910 1288.265583
-3680.061065 -1057.838411 1702.831771
-3714.571749 -1045.160223 1674.944793
-2759.141243 -798.833267 1272.559852
-2768.084624 -796.623431 1279.804796
-3490.278326 -1010.322954 1610.535864
-2753.271524 -706.601022 1264.237621
-3889.892069 -988.882383 1729.661639
-2554.989106 -722.183825 1154.640826
-2775.166140 -808.027919 1357.976728
-3533.863979 -974.924141 1591.813342
-3922.751784 -982.827746 1875.203506
-3618.990312 -877.731052 1771.876130
-2409.404301 -643.999587 1161.463408
-3124.461241 -802.719501 1391.980008
-3578.802090 -956.533562 1725.986410
-2689.642062 -650.321202 1204.937063
-2363.503882 -607.200804 1052.894052
-3089.270801 -825.664816 1489.428445
-3364.870065 -864.701581 1498.414568
-2851.672474 -693.964747 1274.832702
-3294.846052 -889.524914 1587.230456
-3462.400105 -934.503884 1667.881004
-3249.923842 -789.334739 1453.088125
-3386.811790 -876.069155 1660.106284
-2999.498839 -820.588459 1447.684591
-3512.002507 -967.998072 1583.006408
-2773.933399 -743.922537 1320.603860
-3429.611165 -919.392883 1509.805573
-2860.092796 -700.278784 1267.801231
-3679.894341 -951.972421 1618.047278
-3108.671714 -782.044453 1376.800960
-3570.041020 -990.634582 1595.024220
-3418.057172 -808.994619 1548.285822
-2772.203408 -683.079444 1226.533162
-3715.501166 -931.157530 1634.727899
-3526.478780 -919.901812 1548.235088
-2815.484419 -668.206091 1274.327556
-3726.106757 -969.126383 1637.865826
-2843.282106 -708.999520 1256.368080
-3620.180570 -902.780666 1599.043063
-4063.667742 -1137.151951 1824.967714
-2562.420494 -622.091351 1255.614976
-2833.464431 -779.052124 1266.100027
-3968.359356 -1050.618142 1753.877437
-3921.797234 -1032.897710 1734.816545
-3147.595635 -848.551888 1395.204457
-3553.255498 -950.283847 1572.985258
-3038.873798 -875.178019 1403.967110
-3419.713009 -999.504756 1649.809102
-3339.289433 -957.351617 1516.837873
-3345.406077 -937.394643 1501.965940
-3485.227384 -984.372021 1566.504670
-2924.775429 -776.009443 1409.627837
-3631.249936 -1020.919153 1631.066909
-3479.734426 -982.642685 1566.803468
-4136.786511 -1029.534648 1829.193847
-3015.758411 -802.587765 1432.557125
-4109.634699 -1004.348473 1828.907080
-3945.530500 -961.571401 1751.608699
-2161.325549 -556.541069 955.462855
-4136.256759 -1025.126043 1827.337357
-2847.808913 -694.887734 1264.043517
-2896.796371 -682.723996 1313.104651
-3459.001901 -815.292693 1569.186759
-3886.784312 -950.751162 1729.425459
-3352.611286 -790.245336 1518.299911
-2510.798793 -614.279399 1115.899042
-3531.432057 -874.863080 1561.618658
-2863.571231 -708.487541 1266.671446
-3584.943753 -854.462387 1761.128114
-3476.398385 -854.540262 1541.604639
-3483.357502 -862.719592 1542.416390
-2498.654734 -586.976224 1134.887110
-2720.094850 -638.451439 1237.279922
-3144.082011 -815.853890 1387.657277
-3120.457366 -807.835302 1375.013142
-3483.311806 -859.408766 1543.278458
-3077.990625 -798.059534 1358.785655
-2174.081384 -514.350107 986.847769
-3932.852907 -929.967326 1785.397468
-3121.714709 -808.007782 1375.759511
-3113.366567 -777.331931 1382.137240
-3700.666899 -874.902201 1679.586238
-3079.153433 -732.641066 1394.475056
-3255.537495 -771.361085 1480.072379
-2456.076338 -637.082516 1083.314281
-3691.799836 -957.995700 1624.789674
-3510.424407 -854.682343 1569.323934
-3755.547001 -889.750746 1705.539714
-3207.871879 -830.793181 1413.924580
-3936.551970 -1056.743985 1902.554954
-3566.382120 -957.013234 1725.070096
-2904.235333 -778.675835 1405.262204
-3067.084823 -795.102214 1351.847346
-3982.934931 -1035.119745 1754.828309
-2678.642947 -743.423102 1199.747058
-2834.655137 -780.029311 1266.689143
-3101.355875 -734.600762 1407.889172
-3136.284988 -767.562649 1394.832333
-3061.569177 -811.034181 1352.179159
-2792.315283 -698.652742 1235.249582
-2481.885811 -592.610788 1122.475967
-3728.010740 -926.948492 1655.359752
-2574.384096 -611.068862 1169.574332
-2603.137492 -645.564314 1152.139600
-2936.690757 -733.007153 1302.484314
-3453.851407 -848.961263 1535.033427
-2863.543262 -742.022071 1263.333759
-3973.046919 -943.471040 1804.761506
-3078.340923 -819.750502 1354.261594
-2806.717274 -750.576807 1237.651177
-4117.474720 -1080.972821 1812.435634
-4048.142101 -1097.153747 1787.151561
-2885.549117 -685.839702 1306.632112
-3933.390354 -1038.683186 1730.555035
-3528.711007 -886.735988 1560.857388
-3153.357078 -747.045207 1431.133209
-4098.923398 -1111.944686 1811.379510
-4052.407399 -1018.504270 1792.956789
-3914.111426 -1048.953978 1728.486039
-2048.803700 -554.980860 905.228854
-2692.135827 -751.044887 1201.694491
-4106.965779 -1009.408991 1827.324510
-2253.171996 -625.783533 1006.153188
-4085.061572 -1094.785833 1799.368683
-3998.730575 -1072.645626 1766.835442
-4033.671700 -990.576771 1794.425842
-3699.102391 -988.106689 1629.127165
-3373.041049 -888.283359 1486.222913
-2670.188659 -720.668727 1183.271355
-2283.167381 -611.570573 1103.788824
-3103.706826 -750.090660 1384.685459
-3953.866563 -955.318320 1763.238119
-3274.771324 -813.469986 1450.129831
-4017.536923 -1079.115744 1772.960183
-4073.926889 -965.087624 2001.297639
-2635.353622 -697.229657 1249.999005
-4076.315361 -952.403667 1905.436283
-3568.643502 -1041.947011 1747.925412
-3325.063691 -858.854236 1628.057532
-3279.648438 -763.156677 1570.508100
-2731.093998 -682.463762 1329.783867
-2533.478789 -655.583753 1240.387500
-3568.124267 -879.518279 1794.853800
-2830.580648 -789.961999 1430.639236
-2818.200731 -694.807745 1417.397152
-3703.736845 -915.743909 1861.988639
-3690.267661 -924.071863 1775.384646
-3821.159097 -1067.306983 1932.391742
-2956.619888 -739.336298 1420.933402
-2566.224691 -641.922065 1232.228686
-3195.677053 -929.293400 1564.682622
-3486.210217 -1013.445375 1706.771622
-3032.490658 -844.005102 1374.103619
-2803.255297 -718.423421 1286.666509
-3647.445431 -902.092242 1788.472416
-2724.924308 -763.193465 1225.651375
-2974.657599 -749.344430 1325.064375
-4068.836130 -1143.093925 1832.188019
-2944.265273 -797.830253 1430.301495
-2897.889978 -767.978903 1373.017275
-3442.805056 -912.033443 1636.024910
-2966.154871 -729.181743 1489.578330
-3658.944052 -897.867950 1838.622260
-3937.411823 -967.765395 1978.295442
-2925.084725 -718.032383 1469.792063
-2792.403875 -743.442890 1328.389478
-3082.708336 -769.408986 1413.421583
-2404.612736 -560.109009 1162.769993
-2559.627806 -599.772651 1240.785447
-2941.163663 -680.046220 1368.786768
-3750.898825 -890.165236 1845.418627
-3685.778699 -852.122512 1715.448462
-2730.843386 -635.258216 1319.258529
-2473.113450 -575.333654 1167.955527
-3873.364720 -900.537655 1828.266265
-2473.950152 -575.636820 1167.489641
-2507.602094 -674.057336 1211.875590
-3725.864727 -1001.301753 1800.740374
-2476.476694 -575.932523 1170.457115
-2762.826191 -735.372588 1309.226765
-2413.619014 -642.105455 1143.131839
-3969.304943 -920.872130 1918.062008
-3170.293989 -742.242763 1541.557303
-3623.136958 -841.755028 1752.241910
-2231.233858 -614.730988 993.895865
-2539.277790 -700.091360 1129.228831
-4119.442705 -997.610055 1831.319522
-4142.383769 -1001.764856 1840.340748
-3418.187021 -831.258762 1515.249372
-3635.581202 -886.490297 1609.570172
-2591.803711 -609.105235 1171.074233
-3883.099892 -973.766420 1848.997822
-3553.764086 -859.280005 1582.875697
-3156.543134 -748.457576 1553.959199
-2624.511545 -629.421844 1172.311332
-3701.782629 -1019.400725 1651.582036
-2780.292654 -668.843974 1239.327857
-2969.432066 -692.983174 1349.792475
-2898.030728 -673.599828 1322.841393
-3372.952443 -870.084149 1487.666266
-3759.947702 -890.350735 1850.862934
-3585.290794 -829.162152 1643.541573
-2695.471559 -626.555687 1232.088831
-2363.444298 -592.837191 1125.225613
-2778.432355 -704.862914 1233.685629
-3413.434554 -914.119798 1506.399360
-3529.267234 -886.734807 1563.516200
-2416.283218 -595.158553 1181.880318
-2367.397229 -544.060784 1101.439418
-3382.993336 -867.492057 1493.214418
-2763.014832 -658.681205 1238.624870
-3554.095080 -859.252886 1583.147259
-2680.061828 -619.887219 1228.005075
-2854.049885 -660.756433 1303.878076
-3384.247745 -786.020744 1545.703032
-3177.566696 -741.537229 1440.514125
-3695.248159 -951.488711 1631.170604
-2505.852276 -574.781420 1190.990740
-3118.952473 -737.619196 1532.816040
-4129.347990 -1029.091720 1830.072850
-3270.985144 -813.884230 1449.090571
-2964.780567 -884.046585 1396.212134
-2973.798624 -883.000301 1391.294705
-2838.429911 -847.100318 1344.548665
-2912.412109 -864.693362 1411.025477
-3977.341321 -1180.222912 1927.848329
-3317.438538 -846.898206 1671.125005
-3974.594128 -1098.843582 1892.784754
-3604.963082 -931.171260 1740.998384
-2692.617137 -731.011840 1222.022151
-3949.269737 -1061.218025 1993.535795
-2536.088795 -681.798613 1279.742074
-4012.353555 -1052.959584 2032.259011
-3311.955100 -887.095882 1642.948824
-2498.471553 -656.010791 1265.219249
-2958.573615 -776.408167 1498.475837
-2466.181562 -660.425157 1223.953077
-2708.122088 -689.640484 1364.643162
-2767.344543 -777.732856 1272.787533
-3340.751738 -863.390742 1613.794433
-3353.641282 -877.142887 1669.741911
-2789.400368 -747.891575 1413.510108
-3136.211207 -794.315129 1559.383718
-3443.657632 -1000.532953 1643.383027
-3316.006131 -965.560229 1567.015175
-3813.935341 -1040.609815 1856.747226
-2882.899179 -760.705139 1465.920491
-2532.967316 -641.763241 1143.058685
-3567.077610 -920.560690 1762.164208
-3944.762818 -1011.142759 1865.666610
-3020.164007 -875.002933 1497.640270
-3343.040305 -938.768210 1538.308177
-3286.170894 -862.417746 1636.207131
-2820.014260 -799.092593 1350.905557
-3709.070721 -1035.232397 1686.767795
-2860.010062 -788.996394 1395.792655
-3495.303604 -977.807335 1607.321748
-3523.473891 -985.432018 1623.827134
-3575.254171 -876.304369 1600.823737
-2675.917865 -701.968267 1333.537637
-2716.959717 -774.157277 1294.156915
-3876.253236 -1009.649956 1814.468454
-3099.336837 -796.630441 1435.090344
-2945.633587 -827.489660 1356.810247
-3639.758483 -1020.924355 1677.938160
-2762.300832 -713.302228 1272.397665
-2773.237747 -776.362502 1276.917358
-3580.314564 -920.106806 1725.074353
-3137.544867 -878.134338 1442.417348
-3333.550396 -955.363504 1582.608958
-3839.613134 -1047.302285 1868.136771
-3980.910101 -1109.900458 1950.711563
-3335.725535 -796.674503 1605.487163
-2724.349792 -784.493888 1286.199663
-3177.150776 -892.442597 1464.312030
-2865.987060 -752.975960 1428.339039
-2614.625910 -666.044640 1313.629390
-3416.922689 -825.822074 1557.598403
-3064.822227 -776.463190 1407.171288
-3278.162186 -812.314574 1576.415124
-3100.832700 -809.360024 1490.973399
-2390.553023 -619.692743 1169.372497
-2410.469463 -632.657685 1219.741911
-3316.686332 -889.626388 1647.404017
-4022.856106 -1054.302839 2035.944170
-3493.786113 -884.796983 1601.971976
-3688.398827 -1065.048780 1801.189017
-2617.200483 -726.498120 1240.413057
-3129.038256 -764.626137 1434.146560
-3869.477667 -1073.554366 1834.255698
-3310.665649 -888.145060 1644.324436
-3268.201310 -807.704258 1572.650932
-2908.336654 -807.288583 1379.792346
-3945.798491 -1025.247885 1978.862651
-3193.582335 -777.143788 1571.141323
-3309.176436 -863.384196 1638.764248
-3474.364357 -880.926333 1595.808221
-3522.920744 -912.904688 1774.240516
-3583.222324 -928.558766 1802.660951
-2791.642572 -741.386795 1395.781748
-3180.683467 -845.250005 1590.021367
-3844.779257 -1022.283419 1923.363220
-3039.529756 -790.466278 1457.704284
-2933.229945 -780.096793 1467.287721
-3750.356426 -1053.973343 1819.283958
-2969.168835 -797.593379 1373.440925
-2900.372459 -753.320749 1455.161132
-3592.406598 -965.279374 1660.106299
-3558.116109 -987.596020 1688.188117
-3545.630109 -917.583472 1704.244892
-3466.028776 -960.478274 1644.770901
-2336.921691 -613.254699 1187.932929
-3545.717499 -928.855694 1801.978987
-3401.342237 -913.731208 1535.847135
-3599.900694 -999.170954 1758.336618
-2979.939749 -860.157132 1455.037543
-2481.928561 -728.227642 1171.717360
-3633.938810 -1059.273798 1742.939184
-2991.432215 -871.948675 1434.795955
-2994.030924 -871.688520 1436.155574
-2483.514942 -688.400788 1178.359220
-3073.838364 -823.111210 1395.597571
-3329.357174 -872.345626 1691.814661
-3376.603646 -904.975565 1676.654489
-3439.270282 -921.049413 1562.076596
-2760.626806 -713.766767 1273.224456
-2538.300288 -708.688612 1156.302435
-3214.190128 -861.255314 1460.264765
-2530.008110 -677.770107 1256.801124
-3002.867363 -798.757233 1475.317465
-2523.639766 -688.179394 1149.755983
-3739.381040 -964.609762 1674.237713
-2101.426171 -557.537563 936.133023
-3392.568248 -838.490805 1673.532417
-3200.159593 -856.612262 1620.114991
-2783.778630 -788.177456 1326.639099
-2596.540015 -642.072202 1280.134808
-2369.898146 -608.600964 1195.736482
-3838.901072 -947.310981 1723.738550
-3619.214344 -928.653712 1697.146535
-3305.042748 -885.791142 1614.033524
-3257.344021 -809.600456 1506.080738
-3617.114431 -894.874032 1784.687420
-3075.550682 -764.462156 1421.996884
-2971.396799 -726.119785 1337.361665
-3648.972071 -917.877882 1630.825413
-2956.986540 -771.361302 1463.164785
-3365.308471 -966.954816 1561.651236
-3540.559266 -931.111291 1770.387093
-2763.987718 -794.472941 1282.819917
-3552.365224 -921.114833 1707.592578
-2447.215597 -652.309166 1123.409036
-2446.964692 -651.848518 1123.700217
-4045.641569 -1033.638216 1893.793258
-3968.189106 -1019.373428 1949.621202
-3587.311963 -929.383639 1746.320502
-3445.208742 -963.973468 1588.127394
-4027.684642 -1054.458831 2047.505667
-3194.761740 -894.937224 1474.859208
-3470.827516 -944.337239 1563.702515
-2978.040223 -851.231716 1479.062769
-2997.739018 -860.585039 1475.748998
-3313.136219 -863.039289 1588.099074
-3172.121226 -907.223443 1575.834666
-3098.133539 -822.540130 1459.853100
-3482.034588 -853.821676 1709.198683
-3008.120743 -844.070904 1388.313661
-3893.662375 -1122.308058 1843.259895
-3151.612955 -838.605405 1417.669406
-3279.139546 -838.586084 1564.927400
-3350.928327 -958.406023 1665.229504
-2736.260234 -792.943315 1353.766722
-3165.152565 -775.963556 1554.158140
-2867.038477 -842.377406 1370.820656
-3109.943065 -911.417571 1528.330547
-2674.672136 -724.530445 1349.086015
-3683.503055 -997.247923 1861.217609
-2792.869456 -737.467812 1313.138096
-2498.046769 -639.110413 1119.636594
-3682.157173 -972.248157 1730.863838
-3653.887918 -952.192296 1750.788054
-3854.480223 -941.968580 1775.099197
-4099.287417 -1053.630293 1939.479510
-3412.683927 -938.507326 1645.648330
-3946.393182 -1014.083159 1866.596082
-3783.266588 -958.129471 1882.714110
-3469.038771 -1003.239849 1612.345290
-3135.142070 -794.017713 1560.845339
-3779.465368 -1049.096939 1849.230720
-2929.303911 -763.427504 1468.963104
-3558.428877 -927.125299 1784.017733
-3116.667718 -794.720429 1459.266495
-2770.271365 -772.708199 1259.517843
-3918.800998 -940.162721 1791.166146
-3242.754172 -775.883481 1510.034632
-2619.863948 -730.674898 1284.093711
-3327.046095 -919.025333 1623.227965
-2626.988807 -725.023065 1281.382855
-2924.887576 -780.548915 1474.427672
-3574.466532 -929.700396 1599.586395
-3054.712573 -882.634275 1418.789805
-3758.849605 -1037.519328 1833.629835
-3423.122778 -840.311855 1694.505090
-2480.793618 -697.664403 1226.486346
-2995.372074 -707.558603 1402.013796
-2684.139489 -680.948715 1205.081180
-2843.876539 -762.361539 1424.803941
-3648.364911 -987.845220 1624.101304
-2733.131197 -771.045394 1346.283036
-3347.650769 -943.518589 1649.044186
-3469.536021 -938.878489 1542.822327
-3367.998958 -977.257298 1668.996234
-3407.833231 -845.826092 1693.608561
-2444.272629 -636.202939 1226.441263
-3063.218030 -845.134086 1476.979553
-3231.713589 -879.396490 1561.760791
-3009.261327 -847.436865 1482.382785
-3326.401491 -905.405193 1607.505917
-2754.365328 -692.174753 1252.759877
-3765.484852 -946.628903 1713.239889
-2853.929419 -754.990364 1408.951646
-3633.651278 -1007.406247 1744.392076
-2501.514465 -703.247402 1154.155273
-2594.810442 -762.679569 1241.177668
-2650.282410 -705.287586 1191.338615
-3756.072944 -1079.868181 1742.417260
-2906.506833 -782.717253 1453.588241
-3939.955641 -940.036448 1820.659337
-3008.289416 -809.326009 1504.546217
-3461.396942 -864.760394 1573.462054
-4129.703043 -1025.412317 1839.258980
-3230.636877 -787.256182 1588.341679
-3970.221503 -967.212481 1952.256507
-2879.881367 -733.234299 1292.923687
-3169.170606 -772.390685 1557.397793
-2638.327300 -652.225486 1216.646698
-2954.828623 -852.208705 1453.992348
-3720.594378 -1059.672501 1772.567141
-3480.105538 -852.103217 1707.642389
-4012.536898 -1038.460666 1859.455907
-3964.994987 -1041.522813 1974.289644
-3371.116871 -838.885398 1677.479059
-3056.142033 -838.062831 1442.092334
-3798.536719 -945.240192 1889.925828
-3684.417553 -938.033858 1653.287852
-2872.186243 -706.275624 1367.910851
-2942.221252 -754.556769 1344.682802
-2660.752008 -694.085217 1333.742486
-3623.855673 -895.401957 1788.764772
-2251.144960 -649.288549 1107.601338
-3341.296774 -841.151799 1555.740771
-3881.412713 -1040.455948 1762.135823
-3986.033706 -1002.870534 1856.067416
-3454.298900 -895.812647 1721.954884
-2585.066512 -742.131846 1291.215330
-2585.702597 -742.351742 1291.489946
-2964.531137 -851.226590 1375.445463
-3003.365054 -833.610618 1466.626561
-3319.092068 -816.079005 1580.469729
-4061.189714 -1053.303252 1804.074338
-2914.330665 -801.798123 1307.801488
-3421.688780 -853.045092 1703.559934
-3315.759405 -880.197618 1477.366652
-3718.183187 -986.650924 1655.598444
-2338.231334 -590.792996 1133.770064
-3746.172722 -929.525446 1667.577909
-4035.992624 -1019.112008 1957.120414
-3112.804929 -748.912305 1415.907036
-3549.278333 -923.129810 1704.385735
-2446.662442 -676.192791 1179.402680
-3870.614812 -1069.447861 1865.954592
-2594.844938 -684.584442 1242.205393
-2904.063372 -762.018731 1378.154613
-2859.446465 -728.997835 1293.357633
-3072.929992 -739.642542 1397.049041
-3430.940472 -851.962316 1526.897070
-3176.396483 -786.231222 1414.341130
-3880.595492 -996.500254 1797.641605
-3498.703085 -836.332869 1586.994220
-3426.391657 -1002.844580 1659.010024
-3968.834561 -1108.389318 1819.351697
-2847.706447 -801.990424 1330.242041
-3707.443808 -903.116093 1823.710284
-3130.987030 -803.539826 1450.932950
-3094.388307 -830.701548 1549.988590
-2700.424371 -665.115905 1204.034711
-2865.291050 -705.717168 1278.388503
-3093.891775 -738.723843 1403.216485
-2837.503330 -781.380558 1270.652066
-3443.999857 -949.918011 1543.485638
-3444.223964 -950.116473 1543.696096
-2682.989765 -701.226044 1186.737641
-3959.818123 -1089.186519 1776.569239
-3519.445472 -970.203447 1576.312354
-2781.855708 -681.325722 1243.867190
-3810.304833 -994.491939 1827.679090
-3948.440946 -945.837915 1791.460280
-2887.505477 -754.904455 1276.386467
-3763.359239 -1024.153499 1819.262168
-2840.865748 -748.277268 1358.806340
-2860.214659 -793.259452 1372.846229
-3734.095261 -1035.159598 1792.143840
-2900.004102 -788.793584 1354.056332
-3816.612987 -1120.398523 1825.451685
-3351.985521 -885.351582 1603.752473
-3687.008349 -945.044672 1758.489004
-3351.902505 -885.402270 1603.798992
-3028.990522 -852.406967 1481.001511
-2597.170723 -752.560542 1288.400639
-3290.214223 -837.357601 1650.812086
-3765.385365 -997.333901 1677.531098
-2657.148117 -676.000936 1333.584227
-3428.046180 -972.569611 1632.826805
-2713.369895 -762.696133 1317.847350
-3950.873828 -1060.356964 1994.701620
-2423.416609 -616.823606 1219.550160
-3790.617656 -967.354199 1908.046382
-3532.514690 -911.671801 1746.777641
-2868.579543 -827.786622 1412.346223
-2879.479694 -741.468137 1461.287967
-2638.639773 -663.909911 1247.319802
-3477.504498 -896.153040 1765.328865
-2784.851438 -713.769025 1284.062047
-3378.898725 -874.890673 1683.489026
-3313.726170 -784.002243 1588.345447
-3426.286661 -882.976307 1737.493440
-3177.141055 -785.030065 1428.469925
-2797.447660 -661.900726 1340.794714
-3454.549650 -894.864639 1721.786302
-2702.922935 -688.211825 1356.995483
-2465.113508 -700.167635 1168.776885
-3563.597798 -879.560682 1600.911053
-2893.882502 -745.131218 1431.186097
-3337.898821 -849.795198 1675.349679
-3231.851274 -822.584234 1622.040529
-4092.905540 -1064.072664 1907.965745
-3608.732322 -926.687320 1723.175279
-3426.672659 -810.513760 1637.820638
-4059.921489 -1063.976892 1888.127640
-3474.931459 -969.041543 1671.892670
-2250.706623 -589.799753 1046.671867
-3321.104235 -854.236733 1600.830610
-3009.326581 -873.325179 1495.417554
-2847.984671 -717.058906 1430.750484
-3425.808147 -880.986889 1744.033854
-2542.150153 -654.283842 1293.378697
-2859.508246 -719.228153 1436.550681
-2669.361641 -670.108193 1341.656564
-2600.908623 -681.146082 1228.804636
-2976.059064 -715.859489 1444.087294
-2561.168151 -683.606383 1303.669394
-3459.028330 -856.248731 1705.681326
-3881.655373 -986.199730 1732.275829
-3346.933325 -850.457660 1496.406876
-3113.929048 -831.723516 1569.465705
-3346.246458 -850.532390 1495.261301
-2543.419086 -646.108153 1136.231206
-2972.829784 -754.908871 1327.948693
-2529.169379 -628.244773 1257.739078
-4077.073121 -1045.117089 1879.628151
-2573.346364 -659.971967 1186.561745
-3091.745425 -896.947488 1537.089668
-3331.237701 -853.190750 1572.869735
-2704.465050 -706.132371 1280.960394
-3126.995152 -816.326233 1481.537796
-2861.057641 -797.286437 1441.794057
-3161.932048 -786.625248 1408.316988
-2943.020406 -763.187549 1466.307904
-4090.822469 -996.780848 1982.803938
-2547.447942 -660.105156 1269.191493
-3703.892974 -1052.222004 1727.789066
-3354.287820 -878.644177 1560.956007
-3714.115211 -952.755389 1675.338963
-3927.326643 -956.933366 1903.273381
-3174.000174 -790.477487 1428.160496
-3421.446861 -804.519718 1624.383498
-3715.554331 -1028.310412 1774.167384
-2675.676362 -675.577794 1352.574928
-3566.740648 -994.282755 1746.039998
-2595.990961 -714.177721 1223.481818
-4035.417169 -1174.022165 1936.641955
-2510.104775 -668.382716 1201.753458
-2922.628766 -725.902831 1300.952282
-2928.599075 -776.264931 1402.566165
-2470.405299 -666.323595 1183.624630
-2971.057398 -865.740840 1458.198738
-3847.721803 -1018.619465 1865.375608
-3872.875521 -937.421711 1773.234631
-3117.100415 -754.631932 1426.971106
-3520.734338 -1045.039848 1673.076695
-3629.394207 -947.946507 1728.835419
-2725.791602 -804.292927 1336.063394
-3431.089976 -981.941752 1579.845606
-2671.061445 -768.444081 1319.678603
-2975.775025 -774.537548 1426.344219
-2962.429302 -729.025533 1346.620978
-3183.515796 -783.568239 1446.948106
-3490.638847 -898.407738 1649.766587
-3429.162089 -980.665278 1579.476880
-2518.704398 -616.813947 1158.188959
-2610.475866 -755.686610 1294.523499
-2749.886626 -771.788191 1265.490814
-3899.789949 -1115.891351 1889.338587
-3076.559205 -880.482816 1489.699668
-2751.359583 -771.867341 1265.413056
-3045.004961 -772.559176 1373.230056
-3483.936217 -978.149339 1603.540309
-3500.813377 -1014.110043 1709.845680
-3024.676036 -874.837146 1477.930525
-3307.848546 -866.594068 1594.259637
-3333.320604 -955.375442 1582.432625
-2751.415243 -683.692774 1310.603118
-2563.764551 -637.230555 1221.910425
-4044.554783 -1169.662612 1929.139332
-2704.580700 -682.239518 1334.855876
-3632.265741 -952.866565 1746.067356
-3367.203918 -914.039848 1526.823119
-2466.278059 -625.092458 1225.271640
-3086.621101 -887.478076 1524.759849
-2605.714105 -659.294553 1302.370921
-2720.117521 -723.512066 1344.856788
-3751.462320 -1092.956674 1834.358209
-3695.695486 -993.066955 1671.456453
-4063.957617 -1034.003410 2012.811683
-2946.783481 -763.511238 1443.737332
-2997.177840 -776.898177 1467.965681
-3553.355450 -1006.473423 1692.494154
-3077.755848 -761.663829 1524.190709
-2951.518101 -809.218317 1390.827938
-2940.426274 -837.477962 1410.407609
-3449.183169 -917.773665 1705.741364
-3347.590439 -866.663794 1610.483279
-2787.276282 -742.149003 1377.962288
-2661.092398 -675.201089 1326.188562
-2915.195103 -839.022541 1408.863907
-3886.503897 -1113.155122 1882.981115
-3125.462735 -873.107650 1440.854249
-2935.416384 -719.642312 1441.631878
-2921.474373 -841.588958 1410.969562
-3868.386849 -963.367113 1774.145659
-2541.664968 -730.766805 1271.979666
-3548.688651 -1014.119043 1769.035620
-2826.022058 -812.515529 1413.175529
-2813.887016 -825.707053 1385.724543
-3991.421271 -1038.445971 1895.976615
-3247.112852 -894.803990 1567.959284
-3971.379880 -1166.156154 1951.480129
-3759.339220 -1095.423069 1805.878068
-2526.624030 -666.960849 1215.721523
-3734.448369 -919.299109 1698.969310
-2577.977932 -756.781927 1248.540082
-2399.061237 -631.521256 1150.527329
-3436.288884 -1005.336414 1597.276337
-3683.417544 -1079.370670 1712.356679
-2484.575318 -680.206650 1110.600552
-4032.682479 -1037.479116 1907.024391
-3757.775769 -922.406101 1686.639617
-3056.952881 -774.754917 1521.316613
-3377.161557 -873.603817 1664.576407
-2551.998812 -658.706469 1248.391503
-3426.368339 -884.389988 1675.746747
-3657.892680 -997.438532 1641.356725
-2838.358151 -716.550101 1402.009359
-3606.620317 -963.838172 1819.301114
-2881.404483 -752.589282 1456.410765
-2650.848567 -691.344712 1340.523306
-2826.967311 -734.455789 1356.037484
-2649.340190 -690.983229 1339.698574
-3664.598648 -997.966497 1634.179532
-2755.323990 -738.400498 1379.579239
-3180.080072 -868.504197 1423.269515
-2832.036480 -836.301637 1338.361693
-2560.552182 -756.555005 1215.258301
-3238.946186 -878.784237 1439.579418
-2615.744008 -768.503872 1218.182437
-4079.947900 -1111.655517 1816.705925
-2576.645757 -705.024245 1151.537312
-3464.476512 -939.674002 1539.731662
-3309.585370 -976.792662 1577.317909
-3148.715245 -920.782115 1463.278067
-2790.740866 -799.241393 1394.629877
-3510.464268 -1033.979963 1643.370169
-2140.830496 -563.885540 1027.500626
-3604.015123 -1060.814349 1692.603040
-3993.442285 -1041.680994 1900.915942
-2793.115741 -822.916365 1311.894318
-3945.626802 -1043.182535 1901.213021
-3097.085115 -807.815980 1474.094448
-3685.846253 -1080.318527 1713.575759
-2571.731242 -738.943611 1171.203108
-3754.229546 -1104.791990 1755.569294
-3496.902550 -1031.236156 1646.342740
-2657.920341 -782.832672 1243.570342
-3693.493101 -1090.498213 1738.506346
-2488.190678 -731.402442 1162.611927
-2982.895952 -858.024477 1358.423083
-2965.567035 -784.622085 1428.410972
-3628.602340 -1070.464419 1708.120899
-2716.857246 -802.546196 1279.771228
-2928.875837 -774.397847 1411.009421
-3243.096000 -895.391835 1565.909296
-3111.217974 -913.453609 1501.746129
-3489.625739 -1024.854665 1684.926837
-3482.611652 -1022.396888 1680.604897
-3939.227502 -1153.651630 1827.972631
-3242.705299 -952.186540 1509.473824
-2678.096098 -785.581503 1248.080995
-3506.647060 -1030.119248 1692.640070
-3524.262125 -963.735812 1575.211876
-3767.719275 -1118.627927 1789.131456
-2954.979498 -776.801000 1418.432471
-3128.941252 -901.927388 1429.465775
-2706.241769 -794.729512 1311.033291
-2668.055613 -749.950186 1318.933581
-3974.478925 -1151.234290 1965.103688
-3266.348042 -946.515812 1615.056062
-3864.408722 -1088.225844 1914.135346
-2479.256699 -644.049490 1190.000913
-3525.651643 -961.378213 1581.650213
-2806.012318 -805.616632 1405.352028
-3704.910394 -1096.034420 1741.048090
-3157.802567 -934.677200 1493.453305
-2978.244625 -877.588975 1461.268109
-2673.593868 -702.212585 1283.425310
-2692.799158 -731.099247 1198.405522
-4086.764122 -1109.004550 1817.922211
-3095.192305 -908.850097 1496.416384
-2570.951834 -755.622286 1242.894814
-2472.091296 -731.638955 1205.046334
-3672.444629 -1089.932875 1742.805767
-4041.895943 -1192.402612 1977.258990
-3306.149857 -979.378736 1561.411417
-3288.019580 -974.556464 1555.960168
-3720.252794 -1101.606018 1759.377455
-3789.517778 -959.829098 1689.408153
-2575.646435 -648.875262 1145.028378
-3909.747584 -1140.322418 1926.428449
-3655.027569 -1057.446254 1783.488158
-2913.207414 -803.984035 1307.233654
-3368.526783 -923.001505 1539.931490
-2380.636455 -634.258931 1169.876078
-2409.002902 -642.436454 1184.261864
-2574.922085 -711.084274 1157.147947
-3680.124703 -959.720493 1646.605622
-3382.992995 -927.010477 1546.837658
-2970.531751 -778.615535 1426.642077
-2983.195496 -863.180555 1456.015737
-2633.890909 -685.822943 1247.468437
-3384.603945 -843.366990 1506.945085
-3780.335242 -1011.487823 1824.797978
-2424.898865 -600.789150 1201.357419
-3119.727965 -782.608183 1385.453918
-2304.245014 -578.269463 1023.219631
-2590.852864 -691.012538 1275.217831
-4102.023684 -1130.616044 1841.044915
-3312.434806 -841.085628 1646.507962
-3310.961886 -840.814074 1645.778607
-3344.913693 -885.165425 1605.885660
-3444.389412 -1007.757268 1685.807121
-3850.502087 -1008.482863 1824.020396
-2262.295285 -572.449139 1002.454320
-2868.985929 -753.938550 1373.989580
-2946.564018 -865.890621 1371.678960
-2495.446802 -729.177600 1158.555292
-2805.241164 -807.492348 1274.952279
-3526.026874 -1027.588253 1729.909206
-3484.643994 -928.075200 1685.754912
-4048.191756 -1183.614382 1973.811395
-3808.705280 -1111.522465 1869.168150
-2998.031651 -805.736145 1329.852035
-3952.197442 -1051.371124 1748.175639
-3094.143004 -740.777590 1404.832727
-2910.702679 -836.534264 1321.742995
-4086.617698 -1035.219032 1812.360008
-3058.857748 -881.834840 1391.311328
-3453.004655 -990.835504 1563.898859
-3052.841709 -877.857622 1389.307407
-3122.127310 -897.012285 1420.959612
-3885.684898 -1116.594968 1765.605625
-3270.406700 -939.499458 1488.774641
-2844.840266 -819.257323 1294.480693
-2804.163677 -807.249869 1274.386943
-3716.476067 -1092.800662 1791.619759
-2921.764150 -792.052365 1297.514319
-2688.003699 -704.076331 1283.579971
-3151.606471 -892.104192 1418.138823
-3209.222143 -910.710870 1445.443141
-3237.421506 -924.103344 1462.506506
-3425.487698 -988.863562 1560.342065
-2241.921233 -645.534459 1021.456143
-2555.182120 -717.718230 1227.401758
-3548.662574 -950.462018 1568.029692
-3506.232201 -842.320525 1589.889810
-2988.520486 -799.747653 1321.761514
-2993.800136 -797.405245 1324.646346
-2896.077247 -771.598074 1281.169669
-3718.858061 -1051.950147 1670.334899
-4062.373191 -1150.936281 1823.280166
-2646.379965 -719.928433 1171.447288
-2054.551736 -520.030442 910.877478
-3471.638484 -976.292867 1556.532095
-3296.888126 -929.165353 1476.131229
-2905.116530 -824.477877 1303.563283
-2338.770422 -590.960645 1035.970167
-3319.368405 -959.534480 1511.890435
-3271.294492 -927.833457 1467.353112
-3068.332709 -867.828521 1376.022746
-2911.503893 -836.340521 1320.462191
-3686.885322 -1078.918230 1707.491776
-2554.727913 -728.902450 1152.988107
-3476.767175 -990.346790 1568.869237
-2819.814885 -803.038280 1270.728753
-3840.914933 -1099.591084 1736.345583
-4100.104910 -1113.763988 1813.029250
-2909.989673 -836.028161 1320.683431
-3454.262704 -909.823883 1524.132059
-3518.021400 -1009.784613 1591.897676
-3439.203139 -983.809586 1553.992857
-2184.379264 -594.217685 966.291139
-2842.382755 -826.920708 1311.709976
-3516.993179 -953.771351 1559.395196
-3690.501238 -970.933665 1766.465642
-3527.701883 -1013.765143 1599.046911
-2953.384707 -873.557636 1380.992591
-3679.687121 -974.860290 1768.310381
-2884.304790 -765.084758 1385.857216
-2766.875640 -815.640605 1291.321674
-2797.606578 -829.269930 1315.905095
-3751.203306 -1081.284507 1712.255283
-3300.839715 -978.397479 1555.105636
-3453.160370 -940.181864 1536.907320
-3190.056135 -941.968354 1490.870890
-2930.602649 -778.555850 1409.244227
-3636.023076 -1072.257738 1698.502493
-2190.655548 -642.666964 1014.653433
-3442.463861 -1010.719609 1658.497833
-3034.645740 -896.425239 1421.177168
-3312.056330 -959.352151 1510.363700
-3709.852552 -1070.239512 1686.300550
-3437.821923 -995.513814 1590.371593
-2768.559600 -817.039944 1287.961964
-3287.057850 -897.077980 1457.887089
-3014.882737 -881.463078 1397.286715
-2572.793602 -744.959798 1172.372988
-3562.190032 -1047.782697 1648.273422
-3415.971761 -988.698791 1555.933539
-3284.469477 -972.202258 1538.244871
-2866.657042 -831.074734 1306.267250
-3433.872662 -1017.533786 1616.128613
-3830.787096 -1124.619899 1771.914094
-3401.523724 -840.916942 1514.929764
-3601.214151 -1041.967470 1637.909994
-3523.481995 -1021.449548 1604.463868
-2798.066876 -828.757175 1351.924867
-3808.121587 -1101.754945 1732.992855
-3214.235640 -917.643894 1447.226689
-3350.294242 -965.321295 1518.820817
-2435.996666 -723.820064 1164.727877
-2851.075002 -748.247446 1351.002797
-3865.478756 -973.654093 1719.062443
-4008.816554 -1167.599708 1964.933016
-2304.273456 -666.781485 1144.123190
-3447.728730 -867.748013 1533.558429
-3480.850990 -1007.512860 1727.991760
-3359.341460 -908.815823 1601.375830
-3875.270043 -1088.372407 1793.832550
-2504.615500 -688.516459 1244.465833
-3869.358682 -915.399149 1854.874494
-3409.781765 -931.165981 1661.561100
-3095.677286 -833.614315 1468.507883
-3096.201282 -833.962454 1469.426156
-2823.695202 -755.263201 1440.415285
-3351.539537 -797.960549 1637.447951
-4064.907853 -967.524110 1985.618840
-3167.314049 -847.232980 1615.680222
-2876.474718 -684.189369 1404.703785
-3163.779332 -830.356488 1495.839319
-2891.412214 -784.577900 1462.078219
-2788.337296 -730.246015 1322.579036
-3217.518760 -946.951935 1542.280986
-3576.657289 -1029.771294 1779.581442
-3952.600408 -981.323152 1966.303178
-4081.881044 -1113.242387 1819.117720
-3748.826790 -1043.970846 1682.441905
-3823.733816 -1133.508540 1881.659506
-2752.041895 -795.802323 1262.389455
-3417.184204 -1017.409774 1633.099389
-3331.488926 -990.440336 1594.074609
-3812.498900 -1133.469419 1826.062873
-3305.149125 -983.308101 1581.893064
-3092.121889 -919.466619 1480.156603
-3684.143222 -1079.958491 1720.454823
-2821.302528 -809.722994 1422.522036
-2894.322025 -782.465338 1479.165593
-3623.742223 -1037.447701 1824.362836
-2746.695057 -810.937217 1310.511963
-3011.742117 -867.730163 1376.945032
-2729.352099 -740.808672 1387.349953
-2516.836026 -741.225454 1232.476682
-3713.132993 -1063.907979 1869.144361
-3050.952247 -902.870602 1455.857325
-2473.017775 -714.664195 1131.168364
-3515.633035 -1041.672030 1715.454503
-3885.119309 -1149.792690 1888.125873
-3491.071185 -1004.846972 1618.584368
-2502.114651 -717.927100 1255.597612
-3525.899428 -1011.656066 1770.349671
-2605.422540 -748.080642 1308.077668
-2713.155203 -806.278475 1290.767704
-2507.889501 -743.013523 1222.250303
-2960.333593 -766.609238 1452.812841
-3220.271192 -856.071464 1549.182474
-4040.903232 -1006.912889 1810.668326
-3817.889727 -958.336107 1696.808976
-3817.361457 -958.258059 1696.593468
-3780.968070 -1088.764170 1825.074992
-3354.247157 -900.360502 1706.791708
-3776.098937 -980.534354 1862.867281
-2889.510490 -765.838033 1384.730220
-2892.513312 -757.883731 1371.961721
-2893.702109 -833.722801 1448.675833
-3034.289235 -891.450721 1463.189755
-3580.712087 -944.715835 1718.050281
-3368.178403 -853.880789 1493.533697
-3452.084945 -970.201429 1544.291781
-2675.756643 -771.691292 1345.387745
-3253.447817 -938.635785 1638.105990
-2934.230381 -848.200193 1475.425480
-3988.466891 -1187.154725 1940.759730
-3004.613649 -876.382236 1497.182987
-3172.642461 -946.222026 1507.981238
-3742.210264 -1110.230366 1820.010299
-3040.048293 -905.779795 1456.069723
-2965.279669 -873.577516 1383.913209
-3831.784339 -1139.452484 1814.886381
-3010.990818 -890.312461 1414.091728
-3616.237128 -1074.975323 1756.250702
-2689.584870 -796.272187 1258.222692
-2793.791101 -828.701361 1318.110069
-3540.847976 -1024.239706 1617.106856
-2599.240089 -771.745061 1225.064686
-2766.570940 -800.613622 1264.654644
-3388.949076 -1006.240269 1600.015138
-2342.411433 -641.920379 1042.395379
-3436.358996 -987.258691 1726.891293
-3979.912348 -1145.049481 1996.865425
-3108.384856 -892.506010 1562.089535
-2676.282377 -771.278452 1343.243848
-2890.870782 -850.621555 1415.926912
-2972.851056 -876.801275 1402.714481
-2255.136071 -644.848659 1134.173656
-3439.785556 -1025.922611 1633.007876
-3094.652043 -790.266247 1366.189346
-2862.914648 -852.177404 1384.621934
-2791.038668 -763.734479 1235.979203
-4032.659372 -1162.054295 2022.949841
-3415.442681 -984.563277 1712.257146
-2868.815975 -845.095673 1332.856751
-3392.648957 -1003.186625 1581.432078
-2720.128500 -804.142883 1333.209051
-3727.290808 -1109.669221 1764.331456
-2541.392903 -738.352591 1161.645665
-2845.955133 -780.814490 1261.938553
-3177.192949 -726.607515 1515.734920
-2192.993935 -552.664944 1116.393522
-3134.269904 -842.068168 1508.341714
-3205.664410 -913.643415 1531.845377
-3710.088954 -1057.280488 1772.711355
-3436.030323 -926.645073 1724.485741
-3001.021515 -712.201455 1432.203686
-2888.847158 -740.131916 1441.525682
-2871.240555 -808.484220 1331.503193
-3317.877483 -939.935232 1597.285307
-3756.303525 -1063.518785 1807.728652
-3215.375141 -779.620792 1448.940992
-3361.341637 -787.232597 1561.331045
-3084.197566 -870.512789 1443.662367
-3716.764714 -1049.106505 1740.693756
-3361.925717 -787.608388 1561.586460
-2941.142708 -852.339299 1425.358787
-2645.816222 -619.032047 1264.888888
-2901.319363 -785.421807 1335.537403
-3512.686440 -961.925611 1584.769748
-3442.518399 -895.832234 1611.257770
-2746.261992 -642.173172 1312.836930
-3134.575332 -828.125025 1554.423085
-2460.537044 -649.832461 1219.868690
-3936.529316 -1015.839673 1981.540142
-2682.968101 -722.780784 1344.935558
-3944.012267 -1118.583230 1858.886252
-3353.962949 -837.064016 1635.613663
-2850.920832 -801.994969 1322.713565
-2788.029206 -782.822376 1330.602875
-2853.748517 -688.003144 1312.633628
-3749.486426 -967.868553 1886.102243
-3862.551359 -931.775980 1776.236539
-3737.494872 -1007.515832 1872.561146
-2698.367683 -708.136350 1346.434430
-3914.630712 -965.868660 1850.581924
-3288.860320 -930.830322 1550.577160
-2381.646010 -674.620365 1122.936588
-3018.030438 -726.973089 1388.448793
-3083.295037 -873.856123 1454.582215
-2935.746440 -775.908059 1477.238195
-3705.597455 -1004.883393 1773.502317
-2706.361584 -733.819456 1294.730613
-4022.955315 -1069.977194 1971.179828
-2950.201840 -779.504000 1461.926776
-2941.186473 -775.647430 1457.212713
-2941.707581 -775.830541 1457.489821
-3336.442458 -931.030916 1520.699021
-2939.635969 -819.746129 1339.235834
-3404.776712 -796.161290 1600.895390
-2707.112538 -733.977482 1295.137288
-3574.143293 -1020.783632 1658.253587
-3459.918614 -931.121647 1693.482831
-3352.832669 -869.738359 1581.100626
-3464.709727 -862.342104 1640.548361
-3551.507580 -897.502083 1773.234107
-2784.382271 -711.591124 1298.961706
-3741.017880 -957.771628 1842.436403
-4011.198305 -1066.262522 1963.425958
-2697.199238 -717.706468 1197.714457
-2766.339451 -723.433236 1303.706074
-2934.753128 -818.153794 1388.228629
-3312.204156 -862.128378 1590.100787
-3160.783274 -818.255382 1567.178279
-2203.426838 -531.250542 1014.075903
-2937.817686 -747.271493 1486.171349
-2460.392223 -625.576087 1243.722641
-2424.652681 -682.765082 1167.798102
-2871.897309 -808.377489 1383.706889
-2444.041683 -688.415129 1177.827098
-3944.784732 -974.706527 1799.061180
-3687.408777 -1038.976951 1777.131272
-2762.142710 -732.888304 1353.193449
-2791.784752 -654.529975 1346.279500
-3412.485533 -972.392557 1716.591810
-3899.780777 -1132.507779 1931.314675
-3741.809285 -873.806408 1790.458170
-2506.588664 -679.513861 1199.881639
-3024.166212 -863.479244 1404.813813
-3606.147130 -936.138871 1600.221027
-3942.746780 -1010.062061 1990.394606
-3184.363393 -814.326737 1608.554829
-3230.821484 -759.428695 1567.461356
-3545.933650 -913.679026 1571.731177
-3972.511323 -925.032792 1822.932501
-3699.891178 -864.300048 1746.133127
-2854.254986 -774.460197 1377.971711
-4005.695921 -940.547125 1834.576057
-2678.032788 -692.719011 1187.083314
-2783.450028 -672.175442 1262.949591
-3771.270031 -977.962745 1674.489321
-3341.842840 -852.541307 1691.938071
-3724.372049 -1043.499424 1803.917165
-3405.163033 -797.743936 1605.721451
-2759.805902 -707.009416 1394.522457
-3176.846876 -811.133330 1607.344796
-3430.426835 -875.724549 1736.316630
-3713.873876 -1060.175702 1724.487090
-2772.259720 -709.160832 1400.444603
-3177.505239 -904.796240 1477.877639
-3278.847178 -935.950931 1522.538229
-3484.152456 -816.088217 1617.616557
-4045.402548 -970.745336 1829.243517
-2971.745618 -786.379663 1422.131287
-3081.139324 -811.843470 1471.897984
-2818.970910 -717.173340 1424.486253
-3678.536003 -936.516112 1858.057342
-3952.392480 -1073.015641 1904.207455
-2768.741829 -692.576029 1319.044733
-3721.979768 -980.021484 1777.176362
-2990.836034 -875.393236 1459.275008
-3105.831814 -908.853439 1515.006877
-3953.739016 -953.322794 1781.308626
-3374.552626 -870.239651 1492.980815
-3112.125697 -802.725422 1379.636318
-3860.072577 -896.001404 1829.785755
-3145.095927 -811.420995 1391.478893
-3580.841918 -886.561207 1588.407179
-3901.113273 -935.706473 1770.411691
-3224.787716 -832.819402 1428.900355
-3030.229254 -833.935325 1356.166781
-2851.474687 -784.652099 1276.118137
-4114.618364 -986.800201 1866.473521
-3871.996564 -928.528231 1758.074944
-2895.176079 -694.475102 1313.177668
-3882.205048 -931.569843 1760.599330
-3047.906882 -780.028778 1351.677139
-3809.129624 -984.459586 1689.768095
-2681.878405 -751.751740 1298.054809
-2959.759126 -732.495197 1313.526489
-2850.211148 -683.886273 1292.746398
-3863.769760 -1063.668128 1729.010512
-3873.922260 -903.147047 1833.916681
-3526.902270 -846.308656 1597.856661
-3922.923628 -970.114372 1739.758345
-3303.787913 -875.066771 1578.952332
-2800.169358 -822.468345 1337.403440
-3535.606376 -872.670024 1785.310631
-2866.530177 -759.255376 1465.574705
-4038.621936 -1037.482384 2063.789804
-3413.466013 -826.917341 1707.762075
-3810.337173 -923.318485 1904.960079
-3568.708399 -994.339059 1625.695200
-3461.947332 -970.506426 1750.048969
-3411.157575 -869.493614 1722.834277
-3610.536994 -918.752513 1816.265674
-2424.612169 -577.742456 1177.847467
-3519.306949 -849.695027 1617.884388
-3445.272776 -821.138326 1674.135057
-3610.656116 -937.931313 1783.092677
-3222.023248 -761.706743 1573.823502
-2864.317226 -791.448735 1446.729170
-2887.878917 -721.008725 1389.350499
-2863.964071 -733.931682 1456.807698
-3476.537117 -894.125314 1770.273376
-2699.221707 -756.411665 1365.355247
-2778.310815 -738.090259 1417.035287
-3019.785801 -710.952158 1470.092091
-2994.551997 -868.993936 1451.070619
-2826.542690 -754.040194 1438.561137
-3259.593780 -816.373223 1566.193045
-2993.826504 -752.410128 1505.529216
-3565.495186 -1041.573110 1707.262381
-4014.621075 -1027.649296 1977.885877
-2723.633547 -654.948343 1321.840657
-3981.637793 -1168.918928 1902.427841
-4037.145228 -1024.949192 2045.209201
-3173.973093 -849.655843 1520.436471
-3657.748987 -903.157431 1847.365696
-2772.787130 -740.416407 1329.058257
-3724.583635 -997.130979 1784.032265
-2666.156616 -645.478791 1334.445773
-3945.992134 -1001.792218 1998.763478
-2726.134204 -722.412917 1388.971676
-2994.243413 -752.906515 1506.160861
-3685.871289 -978.344416 1877.947738
-2796.925136 -747.078321 1422.324939
-3006.614848 -810.231875 1440.739972
-2493.592041 -701.113662 1200.561954
-3028.083737 -758.143985 1441.790779
-3435.127035 -873.720817 1738.571735
-2399.712279 -671.993057 1163.139432
-2865.588118 -841.556336 1368.274272
-2712.781539 -624.550934 1270.826154
-3098.393038 -781.195891 1578.224674
-3683.485260 -935.424815 1870.471863
-2569.427263 -683.922562 1314.240880
-2478.592219 -572.362685 1182.797975
-3808.515255 -889.668795 1845.657066
-3028.889162 -786.928620 1495.268520
-3533.550968 -890.016314 1697.334527
-2960.786256 -686.390949 1412.897685
-2933.800622 -682.249922 1346.654138
-3293.711605 -768.707936 1597.984215
-3624.555957 -845.752217 1755.896125
-3735.529032 -954.857653 1893.467713
-3114.483436 -805.354023 1379.948455
-2922.387583 -746.517374 1481.696876
-2781.754238 -739.617524 1420.285112
-2631.632057 -689.982839 1343.591358
-2836.191793 -659.831689 1348.150005
-3993.844894 -1061.878451 2037.669678
-3391.657659 -854.663163 1703.183899
-2938.914749 -744.245766 1490.349377
-3909.403296 -899.847774 1853.031201
-3854.090377 -885.082050 1843.048924
-3045.717451 -726.348906 1515.999334
-3262.662144 -749.506412 1554.058881
-3245.719249 -745.981440 1555.348184
-2957.653429 -747.162878 1503.303357
-2899.289888 -666.821487 1385.103656
-3769.466330 -959.689298 1915.399949
-3721.781426 -869.210748 1806.429249
-3234.569718 -747.465804 1508.710417
-3139.849211 -756.134477 1572.962196
-3278.593627 -788.140583 1637.879577
-3221.774342 -742.492857 1539.855534
-3754.532691 -885.646417 1859.461856
-3121.153987 -731.221061 1504.231130
-4094.763650 -1053.733060 1953.950975
-2457.126200 -570.973022 1128.047855
-2464.136689 -571.795957 1132.641070
-3154.188692 -750.175884 1557.693874
-3953.859265 -941.603696 1952.888185
-2720.320631 -636.716670 1237.746616
-3132.853013 -754.141139 1410.392725
-3408.958052 -859.418928 1732.888922
-3364.301957 -797.579399 1660.973235
-2807.706303 -660.353488 1386.582282
-2971.287096 -700.021042 1467.873119
-3912.830673 -922.337177 1914.361319
-3173.312098 -727.546336 1511.791985
-2839.936413 -652.788681 1327.115698
-4020.669403 -933.856369 1950.455062
-2829.872379 -717.530295 1245.829534
-2401.236221 -668.979875 1067.769688
-2481.016406 -710.223352 1238.207598
-3513.451816 -905.786264 1619.863533
-2404.165844 -620.504734 1108.679292
-2750.784555 -710.308565 1268.249266
-2901.394208 -724.848658 1416.272178
-3869.994104 -1006.251310 1855.919955
-2862.870073 -803.561603 1388.304431
-2791.163355 -659.285423 1350.740440
-3113.513577 -804.587251 1567.914989
-2887.479463 -775.154330 1436.648799
-4010.313026 -1026.081484 1974.701266
-2482.649338 -685.097956 1204.046163
-3824.363279 -1054.283003 1855.627382
-3015.405616 -861.375754 1504.970030
-3700.322267 -938.634675 1840.867732
-3689.847637 -985.982712 1752.162518
-4064.340172 -1012.397744 1975.160618
-3236.955984 -918.583439 1551.410049
-2762.829028 -731.707378 1352.314027
-3619.577147 -1065.268556 1695.075189
-2728.651998 -789.024088 1253.276660
-3559.157926 -1054.282474 1689.202767
-3831.866372 -970.029119 1709.053148
-3362.913592 -985.603991 1569.980263
-3840.843990 -995.536000 1822.526971
-2616.344134 -766.291843 1220.071121
-2699.483750 -745.931424 1211.757328
-3837.638082 -1058.223238 1859.131924
-2877.315634 -845.069757 1396.980909
-3021.647931 -832.857607 1463.404156
-3310.920246 -800.619907 1501.829032
-2950.879242 -833.869301 1419.578167
-2774.073960 -734.012598 1329.606077
-2778.222200 -809.631339 1281.640835
-2561.533385 -694.835797 1128.641925
-2996.540651 -805.363524 1318.529748
-4037.575573 -1022.118406 1787.198714
-3724.452473 -929.756152 1647.958716
-4028.569892 -1004.942442 1781.413154
-3726.593527 -886.997815 1682.395813
-2882.901662 -797.194352 1285.001404
-2865.548688 -721.730287 1260.944884
-3882.160252 -981.465856 1709.301651
-2174.671458 -603.291265 967.368670
-2893.344208 -702.232035 1289.981352
-2592.887093 -683.392276 1246.292171
-2336.695213 -686.882419 1134.324133
-3800.280097 -998.847593 1813.696267
-3878.250591 -998.102392 1714.780775
-3688.221910 -1025.739640 1653.394175
-3275.076393 -813.092408 1451.963309
-2538.353014 -699.155489 1133.359136
-3688.568417 -1025.728237 1653.742386
-3472.649788 -828.152660 1570.634968
-2436.303492 -580.986688 1104.167801
-2810.181576 -775.637676 1255.127512
-3473.457165 -828.123806 1570.757683
-3595.220280 -856.041997 1626.757523
-3138.148995 -747.185448 1420.833013
-2730.399779 -753.149886 1218.434634
-3094.218141 -814.500636 1474.512170
-3175.630188 -864.539355 1402.128800
-2256.170763 -646.511834 1020.649908
-3430.006894 -960.630591 1528.713814
-4041.785004 -1068.372608 1777.478893
-2262.030919 -632.503656 1007.688600
-2645.122217 -716.979582 1166.887117
-3250.743639 -863.504328 1429.754609
-2493.750010 -727.866649 1153.446328
-3850.139930 -1121.924487 1778.043899
-2742.016170 -763.053836 1221.911285
-3935.386998 -1146.555546 1816.822055
-2808.318991 -759.632129 1239.135218
-2830.103852 -713.488332 1248.311502
-2833.142451 -713.515921 1250.917131
-2756.715765 -695.144942 1219.794760
-2365.747272 -623.676330 1136.728079
-2319.770334 -629.941249 1023.251753
-2399.899826 -651.934082 1059.483286
-2717.438746 -724.976547 1194.755563
-2799.177645 -707.473722 1238.374172
-3477.001700 -878.940860 1537.502485
-2615.631913 -710.163610 1154.958513
-3402.651889 -1006.705822 1662.248191
-2518.624267 -744.790324 1229.964526
-3385.403640 -883.514657 1617.043398
-3617.343691 -1070.877129 1696.173647
-3937.124683 -1156.862352 1828.809160
-2456.362444 -721.439722 1140.640084
-3432.695737 -1007.209798 1594.071059
-3277.114587 -968.264332 1581.046840
-2645.409811 -719.925526 1174.530094
-3245.874007 -883.424948 1441.880212
-3062.275716 -903.075920 1485.273929
-4098.567288 -1115.653397 1819.212413
-3304.034968 -814.347593 1467.069397
-3530.301953 -874.499385 1565.105895
-2590.091796 -682.286604 1234.785232
-3928.144330 -1089.979983 1758.608312
-3403.854722 -996.584406 1570.526080
-4038.932635 -1024.081280 1785.441323
-3663.557342 -1037.054632 1640.173445
-3787.320325 -1056.968880 1684.655479
-3334.776060 -945.149278 1493.678313
-2639.783548 -750.678333 1184.385844
-2931.136641 -801.547310 1296.945738
-3549.055469 -940.775079 1558.788812
-2559.754938 -729.513932 1151.289216
-2974.112617 -861.024255 1484.882850
-2365.116094 -647.940964 1201.252312
-4007.352585 -1165.672248 2004.551895
-2367.186451 -687.716545 1182.887063
-3252.920117 -927.712018 1652.033747
-3105.958978 -861.274427 1576.417552
-2868.091107 -849.722678 1381.021690
-3718.894171 -1052.631257 1896.925820
-2829.225621 -764.251206 1447.037972
-3531.553173 -966.767564 1784.550651
-2723.555224 -641.191878 1331.284137
-2929.410427 -782.253622 1502.582055
-2510.523496 -669.489673 1283.979049
-2767.186616 -689.279954 1399.154394
-3282.362089 -955.148925 1623.695563
-2943.082858 -813.436390 1413.085250
-4031.137008 -1013.964252 1793.766273
-2836.998611 -713.703087 1262.684296
-3401.077308 -913.086983 1693.159111
-2923.993599 -762.912147 1388.576984
-3725.457377 -1094.697095 1812.804956
-2454.100633 -709.938819 1221.885468
-2978.274300 -867.049636 1473.920418
-3405.133031 -1005.784451 1632.703895
-2808.990615 -665.612220 1375.356327
-2490.467375 -622.972085 1197.534193
-3774.920625 -965.770423 1859.975461
-2591.119974 -763.079677 1241.638226
-4079.188118 -977.329978 2026.001296
-2868.875416 -835.476851 1320.106544
-2653.661482 -771.803443 1221.009693
-3902.669278 -971.070318 1894.917920
-2940.669619 -731.992404 1427.259086
-3900.485192 -970.971820 1893.944758
-2889.283383 -755.717071 1381.567754
-3855.040448 -1012.141613 1839.173351
-3806.535651 -996.536860 1819.298207
-3309.865421 -959.817995 1522.751898
-2553.917335 -640.168791 1215.606367
-3528.711809 -1038.624589 1717.752258
-2477.128584 -709.825626 1256.873825
-3563.995953 -1021.355109 1807.254244
-3564.217811 -1027.848617 1799.091828
-2464.684019 -723.754877 1217.675955
-3183.640374 -942.129951 1565.364062
-2559.001546 -690.345071 1310.513963
-3790.772766 -1122.434883 1821.544732
-3385.980039 -999.882468 1675.552106
-3818.497126 -1123.210131 1899.773223
-3787.315046 -1125.759393 1817.362166
-2723.576073 -799.776799 1356.783366
-2981.723686 -805.683001 1527.101202
-2783.882863 -757.606871 1417.388816
-3787.915834 -1125.653607 1817.807630
-2265.646546 -673.796569 1086.710899
-2890.886508 -784.897376 1471.099745
-3654.735957 -993.692182 1860.747168
-3228.931791 -752.777062 1571.797267
-2909.018790 -703.863567 1464.337356
-2480.645091 -605.329047 1249.718216
-3041.944641 -718.565913 1509.732259
-2968.612652 -790.811335 1416.874708
-2815.744130 -656.477402 1380.077618
-3049.322129 -748.060184 1540.435600
-3104.188828 -716.464244 1456.674586
-3626.285026 -1016.337100 1845.309383
-2832.326982 -789.923530 1442.732602
-3776.065310 -868.084479 1774.707776
-2700.775067 -786.169865 1335.266765
-3436.378052 -956.210762 1657.328562
-3442.122194 -897.821165 1633.601046
-4083.620741 -952.235513 1907.224509
-2804.664918 -814.572275 1399.386014
-3818.494810 -957.577989 1932.435916
-3529.811114 -1029.755518 1752.207689
-3818.311257 -888.083307 1859.564744
-3615.466430 -839.863715 1760.678520
-2485.564730 -582.373442 1208.971448
-2885.889637 -671.061042 1405.888201
-2982.900757 -691.187060 1441.759480
-3768.613932 -1015.181576 1657.902171
-2707.724730 -682.187326 1189.189821
-3377.468810 -869.060248 1484.339801
-3098.771896 -805.163258 1359.101293
-3398.914265 -802.149647 1532.288245
-2520.484522 -604.398458 1127.775926
-2500.805803 -609.982075 1106.241327
-4148.759805 -979.084861 1866.212145
-3803.417877 -1052.484659 1692.143000
-3236.710379 -940.363392 1486.340425
-3850.643684 -965.204075 1832.963327
-3004.806876 -793.029270 1442.368503
-3636.029061 -954.643485 1735.628336
-2977.253088 -716.143069 1330.048795
-2720.058714 -646.332495 1340.386087
-2866.933265 -712.529901 1271.384037
-2783.798060 -681.895027 1239.392587
-2945.313061 -859.257543 1361.561368
-3724.650151 -1038.445503 1660.604550
-3796.368363 -1057.846930 1690.532666
-3355.157999 -988.303946 1672.483940
-3530.285306 -1029.247832 1620.143956
-2291.367870 -668.530060 1143.651724
-3259.830678 -949.835094 1497.505291
-2699.222232 -798.293981 1339.618125
-3547.823636 -964.059420 1815.113409
-3404.973550 -1010.228827 1677.782405
-3905.098599 -982.203249 1978.148673
-3131.872365 -929.010521 1493.179502
-2891.570103 -856.538355 1414.166527
-2864.907124 -845.146517 1350.611690
-3760.251354 -1113.019947 1825.294479
-2948.671399 -877.077782 1398.388474
-4045.350863 -937.607342 1845.997881
-2603.459059 -604.196154 1190.626713
-2150.449329 -507.057930 1060.178337
-2863.927457 -687.087630 1286.173843
-3552.288438 -825.576090 1614.427275
-3077.512551 -710.403492 1477.727834
-3293.129561 -760.397901 1597.416991
-3945.580715 -916.890907 1911.029522
-3442.765310 -911.060126 1642.072840
-3581.038131 -881.122025 1589.772701
-3504.846961 -862.594206 1555.921337
-3427.527037 -974.155205 1534.625729
-3177.271453 -923.458224 1445.536433
-3570.443816 -907.487863 1577.373934
-2580.355271 -738.097522 1160.591445
