-2310.430397 -619.039210 1373.786071
-2271.438847 -600.274878 1352.213191
-2025.545508 -512.368560 1091.251117
-2389.565504 -612.403429 1389.024288
-3808.770899 -977.518971 2213.567076
-2250.891876 -588.559598 1263.049404
-3304.387186 -924.708553 1855.138033
-3558.280880 -941.519943 1864.933118
-2924.262564 -818.530711 1640.774605
-3939.604283 -974.125988 2114.900216
-2304.458835 -553.409500 1256.821011
-2677.885755 -698.615203 1394.797129
-3694.844367 -926.681747 2061.340183
-3247.252398 -892.543499 1756.998836
-3303.777854 -932.886576 1858.535897
-3402.086674 -959.283618 1965.653137
-2910.856553 -797.917918 1564.705813
-2406.867224 -591.106206 1376.054659
-3980.118262 -1093.751276 2123.980880
-3177.585139 -844.588115 1803.994874
-2665.435216 -723.676838 1514.435921
-2631.532073 -723.705618 1502.751038
-2732.217032 -670.717347 1581.409878
-3370.113076 -834.585283 1879.497265
-2896.871451 -765.306676 1511.379775
-3108.821803 -807.303199 1662.390180
-2607.938481 -695.251524 1407.916177
-3119.964323 -862.263734 1799.550438
-3860.190337 -1094.451468 2054.360190
-3115.024512 -780.246998 1739.361853
-3409.735797 -854.081167 1904.332822
-3626.123306 -908.285352 2025.266489
-3494.940905 -966.188777 2016.018801
-3575.533916 -950.255800 2028.199272
-3122.399151 -782.693946 1742.367274
-3233.194800 -793.138468 1848.781233
-2920.890224 -732.864039 1628.949868
-3108.483288 -807.125934 1662.047781
-3122.473734 -783.673751 1739.989048
-3031.135732 -822.528732 1722.830658
-2769.397560 -718.602332 1480.656243
-2913.714345 -790.119295 1655.634110
-2471.737268 -699.865913 1316.127756
-2955.890163 -802.043208 1706.709192
-2742.677232 -684.466121 1543.096491
-3787.792173 -902.436592 2054.727269
-2919.774555 -756.525008 1623.279112
-3747.654741 -964.843209 2040.995629
-3329.553394 -885.740194 1743.013453
-3260.118396 -906.827492 1877.273665
-2746.869426 -707.186524 1495.677976
-2645.036142 -717.832813 1527.007879
-3207.270032 -849.612217 1674.173476
-2963.919425 -767.881760 1647.531554
-2580.087318 -703.609487 1413.024262
-3083.640456 -769.855659 1628.053755
-3030.279601 -756.826597 1705.733021
-2970.317124 -805.335538 1714.120925
-2910.789819 -726.553834 1638.034677
-3410.035536 -808.544756 1826.275349
-2749.277572 -707.804103 1497.327712
-3783.164418 -897.873936 2024.766925
-2984.870401 -809.293218 1694.157437
-2224.440376 -629.659228 1285.921127
-3670.253106 -953.943365 1916.047611
-3262.522565 -933.967893 1858.225689
-2774.388750 -771.270633 1581.182583
-3944.196694 -1062.040580 2103.996358
-2328.569891 -612.903527 1232.149742
-2781.081962 -741.801904 1501.563900
-2973.660140 -795.663803 1625.266663
-3643.639507 -982.248726 1942.350216
-2486.860860 -685.575189 1440.573850
-2937.151095 -830.391569 1690.754638
-3709.437404 -999.573969 1978.785265
-3746.569657 -997.747717 2128.216975
-3792.461427 -918.108386 2066.479164
-2577.761837 -717.612867 1361.146697
-3788.616004 -985.131194 1977.122254
-2561.634182 -724.342478 1481.333127
-3218.285675 -911.353486 1766.805897
-3388.406456 -865.596620 1800.479444
-3084.445960 -752.240223 1633.394430
-3788.678156 -931.399071 2107.849185
-3780.729228 -1072.481875 2162.235855
-2742.174230 -675.300300 1586.598166
-2902.565444 -754.182326 1515.682012
-3212.321892 -777.916984 1749.626998
-2376.451250 -654.905604 1376.907007
-2916.725552 -758.672475 1522.374591
-3710.033502 -1022.365958 2148.564765
-3388.984070 -896.255147 1800.355904
-3530.367941 -974.846229 1873.773247
-2990.050921 -833.271512 1577.959747
-3224.354391 -836.799233 1682.901476
-2532.683343 -647.679573 1345.483846
-3152.427003 -860.980603 1697.968773
-2547.715254 -639.168842 1392.116195
-3938.662919 -1124.677450 2212.503698
-3792.046838 -932.598290 2109.677992
-3204.380092 -803.266720 1697.545224
-2251.713934 -621.588556 1245.685845
-3045.876774 -805.311549 1618.645525
-3018.380496 -710.083472 1646.482007
-2882.542041 -781.484521 1636.248788
-2547.117563 -727.982371 1436.528110
-2729.502770 -671.378449 1517.653001
-3407.704939 -939.747398 1883.254182
-2625.612101 -710.208029 1437.403818
-3645.938960 -882.551486 1985.581905
-3602.848260 -924.606175 1960.306537
-3579.190991 -875.912801 1882.935703
-3332.518460 -808.272737 1913.659072
-2584.192287 -715.980243 1504.641768
-2700.029127 -722.303336 1413.986096
-3113.293621 -875.792973 1788.316084
-2506.180962 -663.703828 1306.543865
-3233.169916 -824.334452 1807.833933
-2488.319508 -634.730619 1390.850702
-2804.623194 -750.947224 1467.917141
-3623.131240 -904.259179 2040.194545
-3044.036232 -815.974853 1594.224071
-3757.343484 -1011.714010 1961.205330
-3172.549920 -838.514860 1653.286005
-3592.439049 -920.025780 2006.798074
-2025.416062 -518.817498 1130.935077
-2439.588145 -624.932785 1362.417793
-2802.806024 -749.037857 1466.765759
-3180.396775 -806.200459 1775.823191
-3085.008015 -824.354574 1612.225358
-3021.372248 -775.817098 1646.949554
-3875.034499 -995.116591 2111.736023
-3211.914441 -904.701629 1854.992849
-2583.011677 -664.233283 1406.180122
-3402.026359 -943.344287 1980.488139
-2584.085122 -664.804523 1406.491271
-2493.398272 -620.845335 1305.855003
-3850.284160 -949.285218 2024.183137
-3556.537517 -943.328838 1857.871166
-3649.540154 -885.820547 2100.544105
-2798.470184 -744.868550 1464.772447
-2795.980917 -744.640110 1460.246648
-3747.814981 -964.210633 2040.531073
-3782.089628 -917.845781 2172.539352
-2795.653316 -746.737449 1460.504961
-3291.993635 -846.935584 1792.235172
-3213.984013 -823.987028 1793.353075
-3360.528828 -858.307449 1785.960146
-3484.978295 -984.412871 1851.146990
-2976.222256 -823.846110 1717.068950
-3164.294559 -894.212767 1680.708269
-2801.705479 -703.952173 1563.398948
-2793.982256 -789.748642 1482.986254
-3153.553278 -849.077637 1839.038753
-3187.382534 -827.582333 1695.076013
-2572.443028 -627.921732 1362.553493
-3367.592533 -931.235324 1928.317530
-2787.143355 -675.234402 1517.351574
-2609.594056 -715.243448 1488.661590
-3562.126699 -862.958376 1939.103205
-3530.295411 -861.664301 1869.942430
-3357.176774 -927.728741 1935.272230
-3165.518482 -898.751974 1685.392106
-3220.524485 -779.946641 1752.729118
-3635.898115 -960.953183 1965.765887
-3701.346223 -897.514908 2014.915875
-2000.089973 -533.873066 1133.754859
-2987.834599 -786.747728 1589.640151
-2873.413391 -716.008088 1517.620828
-3558.180180 -938.558116 1852.182270
-3316.800651 -879.818593 1878.298352
-3242.451416 -863.324290 1715.838941
-2677.286992 -704.787379 1393.923430
-3681.601965 -969.655226 1959.138879
-3781.937066 -918.996541 2045.422689
-3239.526653 -862.474737 1714.204406
-3599.688369 -886.600318 1892.050849
-3478.120333 -974.746594 1921.716367
-2392.704992 -601.935327 1357.267934
-2516.370926 -701.225837 1447.877887
-3392.406414 -896.776314 1834.412511
-2683.396912 -756.168654 1564.464193
-3030.603778 -854.380060 1767.494132
-3031.076518 -855.421659 1768.258065
-3872.338716 -916.316758 2108.706393
-2589.895676 -714.737392 1432.762620
-3506.900585 -847.197257 1916.585620
-2491.460097 -673.025990 1410.576559
-3318.624259 -801.578012 1866.692575
-2634.130366 -682.775102 1386.746615
-2970.461764 -769.447134 1565.033291
-3201.234267 -829.026524 1684.997844
-3280.325580 -779.120673 1825.960008
-2622.021323 -679.018564 1381.097928
-2983.820835 -794.427834 1723.089695
-3831.449859 -1091.343481 2041.618701
-2710.131059 -699.334445 1514.379982
-3622.601436 -938.061526 1908.137402
-2872.584330 -778.296573 1631.086280
-2795.528968 -675.085167 1526.562383
-3674.244259 -887.763638 2007.683541
-2769.805027 -758.401729 1485.426510
-3853.929019 -999.442626 2029.344233
-2603.323494 -715.565050 1487.147899
-2814.711619 -713.920993 1593.589302
-3666.920399 -858.721015 2045.332394
-2435.547466 -657.709955 1311.856910
-2783.767828 -652.783902 1552.554922
-2762.333085 -746.896401 1484.220397
-3093.002934 -836.705915 1661.210967
-2939.170491 -757.870094 1642.770835
-3042.762322 -789.658877 1607.085174
-2665.343578 -722.202040 1512.586223
-2218.433688 -633.661261 1185.795234
-3660.509551 -970.401696 2120.018897
-3660.698116 -970.592861 2120.189785
-3635.460477 -984.122206 1952.028256
-3724.816956 -943.842150 2109.919809
-3329.989994 -867.641374 1755.718035
-2831.082912 -778.945202 1617.354893
-2871.561969 -696.797444 1600.013919
-2165.911580 -512.652021 1154.868067
-2930.704520 -752.813437 1538.958607
-3410.686571 -809.202832 1824.332336
-2798.251888 -719.469240 1471.984703
-2829.480825 -801.980897 1507.471546
-3431.894597 -972.074596 1829.173201
-2741.889565 -652.288696 1469.425655
-2596.302158 -704.538492 1403.933258
-3825.201641 -918.991476 2130.265087
-2644.237042 -683.333371 1478.166891
-2668.613639 -630.872257 1424.512351
-3721.858694 -943.337650 2108.338282
-2295.248336 -631.557369 1311.241613
-3616.746154 -936.355421 1909.143257
-3200.799191 -828.562891 1684.299466
-3013.110199 -836.862338 1607.002599
-3161.799678 -766.206396 1761.035557
-3351.638800 -792.241455 1789.247216
-3127.887698 -840.090609 1816.807551
-3540.491370 -873.176384 1904.646388
-3389.392581 -870.341625 1780.096131
-2689.103384 -684.438335 1416.066374
-2765.111875 -726.370421 1596.847642
-2602.747194 -715.035639 1486.540847
-2558.445785 -733.596760 1369.055945
-3124.715750 -886.564743 1713.090865
-3017.851844 -875.621493 1687.058820
-3723.257789 -978.269714 2140.663890
-3506.356258 -862.425489 2002.434917
-3431.849995 -975.179995 1885.349605
-3351.706276 -920.832575 1914.184702
-3608.505832 -974.298310 2042.458596
-3492.412799 -966.985654 1985.573662
-2666.893814 -758.240631 1464.077546
-2229.864210 -638.716540 1191.769357
-3721.842344 -951.668570 2062.353385
-2865.560185 -771.599511 1549.791009
-3570.637072 -974.423043 1963.675736
-3352.901654 -829.743240 1825.553286
-2456.275845 -607.576962 1337.204823
-3546.003389 -876.319925 1927.304163
-2788.468439 -658.827222 1493.449817
-2748.296359 -671.509852 1546.616861
-2648.647678 -621.461742 1424.408993
-2233.676681 -586.532068 1289.150998
-2849.314339 -757.223102 1537.248832
-3144.199440 -894.769540 1737.767588
-3669.315988 -873.030919 2059.400912
-3377.151652 -832.451482 1840.003566
-3374.236577 -833.004867 1834.181492
-3633.296182 -869.187630 1984.341999
-2455.397426 -640.428392 1298.330090
-2396.692284 -658.550713 1322.351328
-3713.415804 -970.066310 1982.878187
-2599.040376 -611.235017 1410.014126
-3389.338150 -946.606883 1936.709113
-3851.280344 -1054.216910 2212.803490
-3509.833645 -828.705261 1883.674000
-2497.630550 -587.185507 1344.134807
-3491.326748 -912.177653 1852.062257
-3951.773180 -975.234488 2136.812630
-3277.788563 -817.356441 1897.298183
-2421.195904 -574.294619 1321.471823
-2422.874408 -574.778856 1322.348488
-2138.979831 -528.037377 1156.514547
-3798.228408 -892.573655 2060.261913
-3570.158595 -993.964975 2053.862685
-2507.582132 -675.669503 1348.655531
-2796.607992 -717.550904 1472.293241
-3659.065409 -907.445716 1993.952990
-2807.813646 -772.091795 1635.270861
-3841.833486 -923.945918 2093.468821
-3934.338162 -934.606385 2114.618858
-3232.214383 -857.337917 1732.807026
-2504.572667 -663.894762 1343.429098
-2737.462853 -742.901354 1483.917448
-3371.893958 -876.909598 1765.421840
-2585.415375 -739.466915 1433.974209
-2823.686355 -777.675194 1645.755550
-2514.969395 -706.865889 1448.785126
-3493.024238 -908.773383 1828.256570
-3082.829018 -824.827838 1794.674725
-2802.289785 -728.328409 1487.322957
-2880.109370 -706.099771 1663.580090
-3761.504281 -979.287520 1968.570532
-3818.049658 -953.679914 2078.294694
-2801.662643 -727.753895 1489.504436
-2659.302102 -760.892684 1463.861167
-3645.667049 -993.879773 2122.878387
-3724.256701 -967.194179 1980.000125
-3829.102057 -1074.599672 2203.008266
-3334.392718 -917.776621 1933.969019
-3402.091185 -864.489628 1879.989425
-2857.194156 -712.755521 1555.414383
-3718.038083 -969.532325 1965.344623
-2527.552023 -622.501058 1464.743534
-2710.234000 -682.586933 1534.324888
-2649.307202 -645.095994 1488.295878
-3274.975259 -851.035760 1713.757104
-3349.903814 -792.001507 1793.489329
-3872.794214 -935.993663 2179.208133
-3756.777722 -932.909728 2035.468657
-3516.938961 -874.585950 1905.030999
-2904.121827 -688.689806 1561.082579
-2637.126784 -625.382974 1415.864324
-3157.019200 -846.355134 1837.548173
-3338.278003 -918.746761 1944.822055
-3632.543919 -1041.672507 2043.380908
-2893.132598 -751.992309 1514.694691
-2363.025368 -587.845443 1279.954373
-3947.931571 -1026.242808 2091.730912
-3786.666354 -953.750289 2164.197621
-2824.729694 -792.710869 1626.372723
-2882.472736 -717.879690 1562.461330
-3831.614781 -974.279928 2116.965989
-2177.108850 -520.361427 1188.247598
-2893.672519 -722.212696 1675.556480
-3195.087735 -821.133137 1696.922898
-2838.434775 -691.863847 1597.322802
-3239.757311 -788.293279 1750.974232
-2859.011660 -806.155638 1577.397523
-3537.286482 -960.784307 2047.699160
-3662.428375 -997.738402 1936.873351
-3656.177496 -887.798213 1988.117840
-3248.871027 -788.750635 1765.852302
-3428.914669 -891.753234 1817.448690
-2831.977721 -714.628746 1501.368973
-2601.235167 -676.530032 1378.498323
-2727.348947 -661.006736 1475.404608
-3574.972500 -865.364415 1928.034902
-3701.406769 -1031.988139 2121.975937
-2804.690709 -678.054074 1511.647750
-3499.042717 -949.633444 2022.690439
-2790.323954 -684.336407 1516.567273
-3936.523185 -993.371768 2092.775861
-3479.247502 -878.201253 1849.063002
-2858.223744 -806.250571 1578.417678
-3656.587659 -996.036431 2128.231358
-3537.064275 -960.819722 2046.721156
-3914.516401 -952.688299 2116.468366
-3376.154907 -866.358067 1899.561778
-3061.831378 -785.923518 1712.702944
-3854.281369 -922.849792 2168.492990
-2885.305828 -689.434401 1620.579858
-2819.826524 -687.720993 1531.755549
-3397.710831 -923.706933 1978.447621
-2321.519796 -568.899152 1262.196811
-3945.272266 -967.392794 2143.970417
-3646.137382 -937.949343 2040.194555
-2551.358173 -646.237041 1446.599725
-2647.327665 -666.216351 1497.408101
-2756.525707 -671.954145 1500.506242
-3043.884178 -791.784636 1627.570610
-2723.367321 -767.827800 1501.331142
-3530.781372 -888.399357 1998.481206
-3820.899406 -963.378962 2111.082751
-3574.488593 -969.100314 2077.283075
-3119.698024 -863.420141 1718.080568
-3787.606149 -900.801315 2046.939665
-2784.601053 -778.958198 1605.177844
-2533.378813 -599.531414 1366.279044
-3226.253427 -881.872008 1846.054362
-3604.273965 -1003.951334 2081.654768
-3285.991885 -783.172602 1843.831840
-2542.030999 -644.222276 1437.658630
-2762.996946 -746.757291 1565.452202
-3874.253498 -1046.014874 2255.128490
-2739.415412 -684.315108 1586.390173
-3467.973134 -947.699793 2002.096445
-3645.516378 -995.926660 2094.282267
-3493.065748 -960.237858 2031.589476
-3689.791483 -889.586770 2112.781619
-3533.339956 -869.560265 1918.724721
-3226.029067 -795.177764 1760.361179
-2504.313942 -631.231965 1383.643938
-2863.846432 -788.134163 1580.161635
-2455.096718 -581.739148 1347.702413
-3433.422554 -900.651084 1979.724850
-3119.603171 -833.698830 1680.636947
-2657.799056 -726.558075 1526.062764
-3949.732015 -1098.829188 2171.829759
-2880.191204 -751.306884 1522.536865
-2535.531508 -687.391674 1474.087974
-2867.117605 -797.004747 1581.831159
-3112.618889 -864.756005 1718.637762
-2712.455573 -705.190203 1439.283201
-3651.617913 -949.932117 1938.614137
-2717.902784 -732.193782 1460.835931
-2639.142841 -754.082832 1467.615835
-3446.487541 -820.505988 1857.260016
-3650.664334 -876.363057 1976.809812
-2623.415172 -744.557311 1485.441200
-3720.115311 -890.555780 2004.035165
-3162.320951 -770.338710 1777.934326
-3385.192143 -938.663627 1871.209760
-3599.186114 -997.982597 1990.385071
-3446.568769 -820.549829 1857.357818
-2403.508710 -577.083216 1301.780472
-2874.059877 -778.837063 1637.308448
-3668.151976 -929.501741 2104.764824
-3325.886955 -906.255208 1908.122028
-2881.337400 -758.380475 1660.135661
-3102.060642 -881.943338 1808.778049
-2577.567207 -653.733232 1457.672819
-2948.788370 -767.561486 1550.947388
-3467.978934 -935.482889 1867.547229
-3164.807483 -854.821872 1816.199967
-2702.432375 -729.712592 1559.522191
-3824.747321 -971.372639 2158.371208
-3985.964091 -1048.346390 2156.339436
-2803.213743 -766.807826 1516.684975
-2888.383822 -819.787010 1669.636799
-2582.873330 -628.814545 1452.924521
-3151.020344 -898.015757 1817.822603
-2734.024335 -673.548355 1518.306881
-3668.370297 -1008.470178 1977.630495
-3060.777511 -873.466226 1760.309873
-3059.303302 -873.078773 1759.490823
-3770.586524 -1076.292943 2168.843543
-2514.868090 -623.547697 1464.125785
-3977.578367 -1088.408855 2151.788909
-2113.811337 -599.865174 1221.824424
-2554.581899 -724.385258 1477.437039
-3576.813650 -931.392738 1926.828108
-3328.047293 -924.373787 1798.326451
-2740.446369 -761.141966 1477.346811
-2688.873573 -746.171464 1445.717992
-3059.546254 -848.807970 1649.085144
-3738.270175 -1055.878944 2171.127662
-2891.992368 -767.272518 1677.073018
-3955.369624 -1070.899939 2170.793268
-3337.979258 -925.147153 1793.762704
-2807.736913 -777.499290 1508.754484
-3400.199270 -940.407685 1840.807728
-3481.350138 -960.972993 1879.436790
-2589.505599 -700.876759 1420.966172
-2608.080166 -689.434299 1403.125896
-3546.482509 -936.323287 1905.960499
-3953.470299 -1030.225327 2101.313644
-2673.101820 -649.535325 1504.566426
-2842.676361 -747.669708 1637.877842
-3107.067828 -777.337430 1705.664505
-3415.339997 -965.656973 1961.370540
-3122.621767 -812.227161 1652.011173
-2713.500077 -705.953098 1435.363550
-2868.600901 -755.708770 1541.360401
-2588.306800 -687.550472 1500.833735
-3120.106264 -856.951589 1778.971469
-3496.851797 -859.372503 1941.413777
-3269.358167 -870.164844 1884.678883
-2433.448317 -577.171708 1343.263242
-3448.414061 -817.056462 1895.915096
-3170.582093 -752.399343 1779.877428
-2479.845327 -587.509233 1367.499936
-3185.350218 -820.310983 1805.149484
-3918.403941 -925.849734 2163.043644
-3414.042119 -802.621024 1855.817763
-3286.778848 -804.961360 1853.950460
-2294.764892 -582.747740 1297.586037
-2686.516614 -737.760649 1451.548536
-2453.347580 -657.423037 1405.994536
-2388.242770 -606.488111 1350.591680
-2612.276250 -716.519431 1408.274165
-2514.553173 -671.574541 1440.317448
-2832.283049 -666.407680 1547.434081
-3575.935640 -955.767116 2049.993077
-2688.266457 -738.116058 1452.678530
-3174.983286 -848.981333 1819.291696
-2719.705045 -667.030448 1534.482131
-3332.788792 -867.840242 1753.229459
-2671.113780 -732.755209 1440.136572
-2324.912723 -546.627109 1265.218525
-2875.535981 -682.607624 1593.817351
-3424.968429 -814.369503 1896.879026
-2818.857963 -743.332964 1637.024649
-3614.027643 -989.319885 1941.969092
-2751.467984 -756.157028 1486.491820
-2619.688752 -717.648942 1408.592558
-3977.532453 -1089.973681 2152.997611
-3321.946280 -791.734575 1823.238330
-3192.623997 -810.408030 1804.973360
-2646.204066 -686.357171 1415.834929
-3386.959471 -879.006705 1812.764742
-2524.354206 -644.715924 1423.458742
-3682.551268 -934.975051 2081.381660
-2658.162047 -713.957567 1524.460571
-2526.480647 -645.909091 1423.597017
-2402.006404 -581.188389 1327.340695
-2772.158087 -708.945154 1562.892062
-3906.556301 -999.379546 2202.877346
-3753.202792 -960.724003 2115.330407
-2991.523304 -731.985722 1687.307542
-2643.764446 -631.533612 1458.750013
-2642.252557 -628.395222 1463.766554
-2578.976828 -685.083236 1501.181590
-3581.581137 -951.528911 2068.129520
-2891.233029 -765.883472 1551.233308
-3339.922582 -847.530919 1915.821097
-2481.338789 -672.900612 1345.365428
-2721.589040 -765.890228 1563.398899
-3417.768945 -836.958289 1822.625327
-3719.272459 -986.298962 1948.685345
-2955.289561 -782.780229 1584.953002
-3712.834135 -990.783778 2147.976277
-3525.554404 -895.725102 2008.999344
-2870.573572 -779.923210 1584.384228
-2835.974568 -771.680940 1627.032800
-3791.253328 -1067.158943 2184.650000
-3822.979302 -909.581119 2145.531922
-2580.739293 -624.461221 1449.903755
-3566.328593 -999.312220 1895.987453
-3632.325973 -867.196856 1984.260374
-2805.105016 -745.873267 1470.940567
-3191.363896 -788.522980 1740.267235
-2918.569938 -709.333429 1681.044281
-3846.298643 -1043.696493 2199.677870
-2822.194822 -768.241224 1625.398120
-2779.115057 -674.293532 1494.619474
-2666.199883 -712.842039 1552.047397
-2751.578118 -758.753410 1603.627149
-3152.180016 -762.242867 1771.124793
-2740.638532 -654.253289 1473.937564
-3711.248926 -881.091528 2025.067238
-3345.769452 -893.785334 1948.043091
-2824.189190 -769.095309 1625.717807
-2882.390499 -795.182394 1678.182756
-2620.126620 -723.073484 1490.507202
-3789.982393 -999.382643 1982.259350
-3613.072402 -983.623959 2081.553568
-3527.595892 -973.268476 2046.976299
-2763.548381 -762.576293 1610.999431
-2680.625409 -691.028118 1417.464486
-2751.245332 -693.304418 1556.937805
-3720.021295 -992.962078 2151.954589
-3926.701084 -951.150704 2110.615935
-3604.653524 -980.001108 1984.839387
-2909.221823 -792.004064 1674.200489
-3521.457188 -837.551293 1982.337378
-2256.428737 -634.936682 1319.537363
-3112.187735 -842.250495 1771.488166
-3394.173919 -950.973479 1978.602366
-2591.184909 -726.249644 1506.767543
-2591.190487 -726.342945 1504.668657
-2492.057352 -685.426179 1414.274741
-2779.694331 -714.854215 1476.324726
-3129.392036 -878.181685 1823.504503
-3119.043624 -813.252022 1657.860650
-3835.072192 -1014.082596 2058.727143
-3313.575587 -934.238833 1901.769514
-3720.806421 -956.311150 1991.451300
-2610.106850 -690.062390 1404.322742
-2909.463780 -769.181091 1569.062679
-3648.014173 -945.959572 1929.416301
-2776.365311 -694.409001 1481.412364
-2494.750967 -701.476720 1450.717514
-3673.312378 -995.223084 2118.345430
-2850.937201 -794.841754 1538.919129
-3170.113827 -842.286869 1843.361561
-2950.665263 -848.165816 1692.092936
-2273.909178 -616.055056 1311.423801
-3690.840971 -938.038685 1974.935756
-2932.378718 -728.588467 1549.648184
-2747.068297 -772.828101 1606.702842
-3413.214810 -936.952908 1946.490491
-2726.618552 -739.091855 1502.507929
-3600.597991 -961.518699 1887.855642
-3950.263396 -978.394878 2106.463588
-3684.547981 -932.737918 1968.579479
-3322.561626 -841.207336 1781.457650
-2460.907365 -659.547142 1289.466206
-3289.828887 -905.228644 1865.766959
-3776.842437 -935.714165 2012.107851
-3250.675473 -825.610383 1739.230101
-3264.555801 -911.680321 1903.565368
-3208.581985 -815.222767 1716.522393
-3004.446140 -794.587250 1620.950852
-2264.057681 -633.324264 1321.050863
-3707.372888 -1037.912048 2152.549512
-3730.481589 -926.768985 1984.651476
-3072.335241 -860.559724 1786.463280
-2275.586965 -653.978916 1272.527069
-3144.436236 -766.415207 1770.012405
-2788.207427 -677.977142 1524.954367
-2676.236495 -702.021811 1457.627359
-3362.202560 -881.055417 1831.628759
-3473.682159 -834.584618 1949.516783
-3647.007476 -976.238922 1937.504896
-2481.104600 -654.189378 1316.738963
-3014.678844 -826.827759 1724.622813
-3045.085179 -813.622976 1621.135040
-2818.248048 -747.606482 1492.606453
-2520.886319 -604.782383 1401.127037
-2442.627317 -593.790130 1374.058497
-3910.793107 -956.299801 2129.534645
-3954.338264 -1120.588379 2109.653723
-2643.210680 -696.253082 1403.283178
-2800.797477 -744.052313 1484.453325
-3496.518491 -858.256506 1995.995140
-3385.497949 -936.681729 1955.565233
-2691.938930 -722.527031 1447.131670
-2590.479020 -625.021016 1452.140743
-2513.851869 -689.498032 1443.429457
-2794.147872 -677.420781 1526.030229
-2066.774772 -499.442967 1128.053506
-3248.987261 -903.401983 1768.694299
-2770.986545 -734.655185 1510.211117
-3389.927974 -823.149799 1852.849125
-3222.762042 -896.139967 1754.573169
-3073.324636 -816.853418 1645.171951
-2295.556423 -562.885282 1311.520582
-3549.137521 -943.340695 1896.935309
-2749.375346 -726.089355 1490.161768
-3858.733227 -1018.447976 2090.954352
-2249.416807 -593.564195 1218.078912
-2302.472936 -554.185691 1289.609302
-2800.833907 -738.686736 1485.670956
-3118.452810 -857.650875 1786.909038
-3821.202220 -1006.499148 2026.516752
-2290.318074 -634.672507 1322.612300
-3717.699780 -1010.384362 2114.560507
-2599.544096 -739.859370 1393.877021
-3132.218403 -797.508685 1730.408560
-3188.874341 -759.842318 1787.300153
-3224.491730 -767.848240 1808.692661
-3291.172279 -783.121763 1838.860734
-3156.767365 -845.285740 1667.060277
-2979.572774 -783.164005 1591.675754
-3267.203541 -873.746242 1725.862744
-2504.680143 -686.783104 1437.690841
-3091.989981 -847.714192 1768.429249
-3018.170200 -717.279058 1680.668300
-3675.485925 -966.240278 1940.855622
-2599.646990 -740.484507 1394.602277
-2513.338794 -688.980974 1443.696041
-2191.229892 -586.822418 1157.814175
-3217.805926 -809.885898 1793.424259
-3739.491084 -888.271209 2076.717569
-3566.852675 -996.099224 1940.220927
-3688.929162 -928.529468 2056.241012
-3185.420494 -774.256859 1794.448941
-2684.585435 -643.019607 1504.914226
-2962.971999 -706.340196 1652.142088
-2948.480631 -705.363331 1639.710813
-2702.714074 -707.031726 1425.485548
-3531.243572 -843.911473 1972.055393
-3455.929364 -825.817924 1932.920809
-3577.059134 -854.738793 1998.526548
-3161.456276 -755.415621 1765.194181
-3010.698203 -719.319982 1683.214899
-3585.022780 -992.936322 2069.050002
-3731.015188 -890.801461 2083.693016
-3283.780930 -783.611596 1842.305469
-3562.206080 -849.821949 1989.648604
-3542.278936 -855.968348 1930.656877
-3807.720548 -908.229331 2134.419304
-2545.713570 -606.946019 1427.812568
-3294.003089 -850.958373 1840.621810
-2885.727195 -699.416230 1575.861340
-3529.178957 -968.424878 2029.070283
-3596.632327 -955.194732 1956.770082
-2874.603811 -827.405324 1571.505915
-2868.845719 -826.079757 1567.702300
-2847.536114 -820.418077 1555.756028
-3227.245835 -818.170159 1791.539440
-2761.613235 -671.470956 1546.968816
-3214.739745 -809.117487 1700.452031
-3041.940314 -824.085036 1649.736306
-2511.135594 -679.802787 1369.822835
-3160.768531 -768.148104 1770.398979
-2758.773964 -760.589758 1479.511029
-2169.553291 -574.006428 1158.259313
-2766.972801 -672.239942 1548.315748
-2880.406986 -696.413186 1574.582042
-2629.163580 -712.438754 1497.783093
-3144.491383 -830.274429 1659.395084
-2878.271834 -756.201977 1521.606704
-3771.753620 -1038.257033 2023.251616
-2628.324628 -690.489945 1387.835906
-3986.514778 -964.655553 2178.200800
-3572.152863 -971.862098 1945.137274
-3890.065822 -1064.172795 2130.813698
-2675.678703 -731.758527 1465.892383
-2695.787149 -658.626463 1518.022320
-3497.693343 -924.456736 1841.898928
-3058.532787 -835.374816 1659.938896
-2889.821864 -794.303415 1582.231151
-3341.197749 -871.788538 1791.573113
-2971.073382 -810.773729 1612.362589
-3642.415735 -1001.671601 2086.070583
-2734.392925 -743.495834 1484.861664
-2644.865273 -639.217662 1444.030638
-3636.245171 -993.888417 1945.605613
-3638.965017 -994.698476 1946.969382
-3879.648383 -1069.934342 2124.404805
-2585.348650 -710.720550 1481.024485
-2824.181756 -683.439480 1542.770503
-3687.642511 -1057.171922 2019.200858
-3013.213037 -832.436444 1650.339566
-2856.227448 -819.626216 1562.746330
-2456.836558 -674.369197 1318.533432
-3503.333970 -889.405801 1945.026910
-2379.698688 -628.274639 1250.846101
-2310.057175 -623.132716 1262.504098
-2959.206756 -818.089683 1577.146680
-2749.666865 -735.458753 1491.184000
-3863.381708 -949.480348 2160.017023
-3912.054436 -961.265540 2176.075566
-2246.375964 -602.998368 1211.824447
-2398.197249 -580.258916 1308.298738
-2599.672728 -695.190953 1420.970860
-3442.195302 -914.371609 1830.500620
-3195.473438 -911.291498 1749.262124
-3327.466513 -888.617372 1812.022025
-2799.058009 -738.284489 1484.789723
-3228.797274 -781.947728 1809.243747
-2714.786214 -730.656880 1458.736859
-2639.619606 -701.325143 1412.240146
-2726.871209 -758.019917 1484.451143
-3944.593875 -1053.890441 2139.423414
-3235.306263 -885.899998 1879.041422
-2894.357570 -767.941219 1546.185163
-2470.160725 -666.319804 1345.159291
-2764.979962 -671.634527 1547.309418
-2660.500675 -737.123270 1451.378054
-3997.806057 -1049.600849 2117.096142
-2545.547032 -643.976451 1440.483299
-2613.342819 -722.847856 1402.579817
-3522.859082 -956.203721 2009.905612
-2867.975601 -778.486744 1636.050637
-2667.046451 -647.676609 1493.949177
-3711.504703 -1000.101045 2023.773830
-3385.924543 -893.557597 1802.572537
-4005.419076 -1059.317738 2112.061318
-2708.167514 -743.398128 1552.164479
-2443.596074 -648.307321 1308.790281
-2518.231084 -664.554002 1320.097793
-3657.614451 -1014.615116 2000.286997
-3391.358139 -857.649521 1885.567865
-2461.182846 -659.516738 1299.938253
-3047.853049 -805.520191 1606.024764
-2867.740728 -701.119866 1606.308878
-2554.443347 -603.453181 1432.246138
-2868.052708 -700.602844 1606.455908
-2897.498948 -793.563432 1661.506983
-3957.120899 -1039.385825 2112.482165
-3889.030954 -1047.045193 2068.939003
-2172.694626 -594.780488 1245.767032
-2777.759759 -729.635792 1475.358322
-3139.472115 -823.040109 1666.886130
-3118.929118 -858.779152 1784.283646
-2653.318814 -693.703646 1406.412396
-2812.928449 -687.712772 1575.893796
-2326.518254 -609.744997 1236.657708
-3515.367834 -920.468221 1864.732308
-2666.288299 -675.148711 1452.519609
-3025.560140 -810.355739 1637.847213
-2684.527801 -735.821302 1538.677474
-2598.078788 -711.636959 1494.480998
-3460.908360 -962.037071 1966.061949
-2756.850940 -719.876187 1481.965935
-3368.032416 -922.957849 1905.372144
-3115.247633 -735.658842 1746.721994
-3742.717333 -1087.970345 2097.589856
-2981.094349 -828.126610 1720.632366
-3278.628183 -769.208501 1830.318079
-2829.283710 -740.652228 1500.912420
-3497.010875 -914.905862 1854.172414
-2557.782314 -647.990030 1431.998540
-2717.278577 -663.168824 1529.582061
-3680.644356 -1050.899872 1971.686347
-3095.756753 -809.874833 1651.916280
-3424.031860 -899.270446 1828.762728
-3263.786978 -894.017943 1871.719077
-3205.364720 -822.541661 1740.817510
-2461.411563 -649.007408 1303.443878
-3551.251527 -831.852324 1975.793286
-3428.138395 -900.866803 1818.535109
-2908.583373 -800.840710 1666.199442
-2782.044463 -777.196459 1511.717062
-2869.352631 -729.921677 1531.849288
-3195.480047 -807.878989 1791.764698
-2680.146297 -700.556989 1421.610873
-3945.833052 -1003.026203 2214.346175
-2826.209821 -790.152317 1549.580066
-3748.644513 -1031.387282 2150.695114
-3119.652468 -858.915751 1786.438147
-3733.414562 -983.884858 1957.127195
-3967.228366 -1071.484925 2115.083928
-3200.232902 -806.634846 1739.155615
-2289.306578 -537.089591 1278.108024
-2924.116706 -833.813189 1566.779375
-2467.495306 -645.953253 1312.265146
-2514.853420 -638.831829 1413.153824
-3722.409012 -1011.717416 2115.705722
-3545.062329 -991.532058 1938.485338
-2782.435245 -701.890962 1511.550484
-3757.484625 -1014.659232 2000.897678
-3013.553231 -759.359095 1631.225710
-2512.654555 -688.447647 1438.394118
-2709.006712 -713.553703 1431.553150
-2877.687671 -705.165279 1570.898226
-3322.505723 -910.638623 1901.653870
-2558.607175 -729.001901 1474.792387
-2483.866966 -624.365736 1339.917442
-3759.214464 -936.974765 2113.158982
-3381.182493 -904.872104 1841.474644
-3892.972082 -942.611947 2130.607169
-3161.937783 -852.906250 1809.891312
-3677.583196 -923.945083 1981.886044
-3661.023920 -975.796335 1981.047836
-3401.202469 -926.002060 1976.057006
-2663.465669 -653.560725 1464.780931
-3096.920601 -872.740911 1710.282184
-3624.134350 -991.911744 1963.895471
-2839.044162 -757.548006 1552.326220
-2889.409419 -761.613810 1678.313278
-3044.333684 -812.233198 1666.956064
-2857.472039 -746.375159 1536.663738
-2587.761180 -655.178931 1448.871025
-2961.436404 -822.031057 1613.577666
-2925.023519 -781.639843 1594.318732
-3544.943518 -949.248771 2019.673476
-3601.728752 -930.320139 1907.986517
-2539.083903 -617.177734 1461.984686
-3600.318839 -875.041297 2073.356616
-3804.324859 -1065.297781 2137.001174
-2372.785910 -637.179941 1252.807373
-3481.765341 -992.582573 1936.353334
-3048.376962 -740.805299 1754.720264
-3313.873459 -890.083301 1740.138435
-3516.993323 -994.577051 1942.055657
-2517.379484 -641.018706 1406.770640
-3666.359080 -1053.147475 2102.370517
-2757.624866 -745.274670 1513.989736
-3724.318312 -1024.072697 2124.341127
-2802.423611 -805.514995 1594.264979
-3187.992757 -783.324929 1823.882306
-3010.567843 -746.580140 1651.315797
-2516.424607 -680.043370 1380.962486
-2255.075185 -646.053024 1287.878400
-3512.756126 -870.449125 1909.168206
-2597.051718 -642.464073 1411.034013
-2648.778765 -655.023662 1438.830529
-3651.650777 -902.936248 1985.047581
-3886.120496 -1000.906281 2068.250222
-3254.111206 -932.439694 1858.009850
-3535.168642 -961.905975 1921.696225
-3865.448409 -942.953542 2188.757820
-2307.567545 -635.086155 1249.408069
-2893.593967 -746.492511 1659.781116
-3024.142348 -825.256685 1758.393470
-3073.783164 -723.269173 1674.509092
-3894.496165 -1062.027102 2132.138216
-2411.483166 -681.500919 1392.943277
-3240.159232 -799.171523 1811.892157
-2586.940870 -704.774947 1416.047801
-2286.995858 -623.300531 1329.515208
-3120.644184 -814.190374 1760.748339
-2950.657235 -694.100046 1608.841395
-2313.625447 -624.487198 1242.073324
-3927.527843 -964.614936 2123.270491
-2518.652963 -698.609581 1372.788286
-3087.506109 -882.304431 1716.617310
-3400.037195 -822.134243 1859.407240
-2876.929246 -676.433101 1566.173446
-2493.080035 -668.670812 1354.473961
-3531.116750 -998.830891 1949.611891
-2488.006910 -666.219434 1355.452571
-3473.672624 -929.634007 1892.819203
-3168.842724 -854.965892 1810.418006
-3273.510431 -811.227812 1796.442164
-3975.026016 -1091.817419 2149.108820
-3616.598099 -955.717020 2102.155293
-2421.087792 -631.948609 1366.066490
-3195.364513 -811.401062 1729.031742
-3351.427622 -822.713127 1841.077396
-3131.007330 -843.308983 1681.374559
-3344.281721 -853.962873 1815.424264
-3115.629152 -837.453398 1635.782777
-3170.908132 -856.035131 1812.236358
-3343.271683 -853.877786 1814.993704
-3978.556875 -1070.199181 2143.996777
-2873.293144 -675.651351 1566.870371
-2616.826660 -634.108204 1510.952741
-3725.091875 -1024.894308 2002.633026
-3403.086718 -801.281013 1885.922659
-3155.361096 -926.981585 1734.832679
-3618.989758 -987.789698 2080.318580
-2675.911744 -706.378684 1576.023740
-3131.967198 -891.630688 1766.738390
-2624.263312 -676.149850 1383.434695
-2552.596493 -693.327106 1486.483479
-3582.447026 -994.477292 2066.583212
-2947.398445 -700.801050 1584.011075
-3021.569139 -790.968614 1637.080249
-3039.881341 -858.051889 1708.202495
-2673.565921 -650.547647 1453.542772
-3872.670079 -1079.143063 2104.686519
-3592.908352 -1015.883294 1916.245739
-3552.313170 -933.460785 1891.041896
-2852.504920 -774.885660 1659.804021
-2515.836482 -660.656667 1340.539172
-3667.449739 -885.119652 2070.515327
-2451.760563 -572.760617 1335.907135
-2531.436389 -622.876190 1447.874683
-3338.186643 -894.077583 1902.460894
-3742.181018 -944.860210 2097.012777
-2976.409971 -827.300900 1716.522526
-2472.752946 -689.082700 1344.955470
-3116.699485 -849.792609 1646.252969
-2820.913984 -783.196908 1626.640853
-3468.936275 -964.640604 1844.030344
-3025.233329 -718.195396 1669.950688
-3460.023210 -812.213343 1884.083539
-2722.172264 -774.144454 1554.488457
-2688.317934 -637.866606 1484.147933
-3609.506072 -1005.906730 1962.568834
-3208.258956 -825.781869 1706.354613
-3395.734729 -833.582676 1942.180789
-3645.836290 -990.006379 2122.330346
-3051.182045 -795.036834 1670.345664
-2245.060601 -554.154858 1282.746296
-2989.072991 -801.376403 1618.880428
-2440.143558 -693.707776 1393.701781
-3581.998279 -933.993441 1952.425736
-3782.512626 -887.656550 2058.162716
-2954.718685 -802.219293 1707.042057
-3750.474295 -967.412502 2045.764850
-2592.193983 -707.073109 1369.725325
-3093.391094 -842.345054 1779.058841
-3034.970898 -816.115615 1637.581683
-3827.670477 -935.063933 2078.878525
-3236.133875 -782.469526 1725.159080
-2205.879397 -520.172894 1195.744065
-2488.460999 -623.838894 1386.035640
-3252.787165 -852.773355 1783.105217
-3045.398934 -816.658771 1608.381255
-2351.414467 -655.065401 1351.068458
-2848.878944 -740.410334 1606.899970
-1987.007276 -486.513363 1048.818506
-3632.583889 -973.395192 2070.329349
-2778.870859 -653.229705 1513.011918
-2884.637664 -776.724596 1554.432362
-2342.666297 -588.805049 1302.524216
-3950.432542 -963.447392 2146.514164
-2689.656978 -721.012699 1456.395359
-2454.174094 -691.154925 1355.217880
-3668.145852 -995.022482 1976.373567
-2517.927662 -684.356415 1454.582302
-2836.110189 -697.707997 1598.580093
-3162.264709 -871.600283 1798.743269
-3677.874834 -991.836148 2140.493147
-3679.823556 -1036.062995 1966.520226
-3025.823165 -717.313478 1669.873850
-3609.256803 -1005.403013 1960.806587
-3103.755606 -861.546404 1790.961846
-2342.969240 -590.813834 1312.357868
-3767.792195 -1047.666937 2173.745837
-3130.357168 -820.434354 1758.280289
-2867.251592 -750.771634 1677.803670
-2101.412897 -577.312172 1216.264005
-2904.588209 -797.437623 1681.384411
-3614.031293 -978.650761 1894.981307
-2909.683471 -758.419505 1702.596380
-2906.094128 -796.403578 1680.968187
-2953.230947 -744.009937 1673.045284
-3838.941515 -1051.830761 2190.294158
-3680.760164 -996.764738 1931.365289
-2911.863100 -802.306599 1666.197810
-3527.734492 -1002.904336 2048.768179
-2771.134338 -722.835637 1621.945609
-3181.303409 -853.833832 1701.575259
-3191.574586 -837.344611 1795.053123
-2820.068093 -749.487943 1645.139622
-3160.326159 -867.669970 1828.861932
-3755.663910 -1055.397808 2011.010690
-3611.224152 -937.196215 2115.435996
-2930.117508 -762.482184 1713.880347
-3606.848999 -989.132917 2087.456966
-3292.069144 -860.009215 1794.851917
-3464.818377 -909.415102 2020.823288
-3346.100958 -868.116436 1956.192310
-3901.046685 -974.495008 2039.889644
-3111.873142 -777.310224 1626.909891
-2324.990718 -611.387881 1319.287385
-3621.848044 -981.958384 1913.510388
-2667.485548 -723.106464 1408.472798
-3148.202096 -825.359713 1768.365457
-3126.625028 -819.443129 1829.329839
-3311.789500 -807.784600 1856.368477
-2947.874160 -778.085486 1682.136122
-2955.715657 -782.172022 1718.952384
-3584.536207 -940.931957 2091.844775
-3780.177802 -1027.030962 2024.316218
-3927.564398 -1006.009538 2187.843983
-2625.680860 -688.379749 1405.990563
-2944.582855 -710.732657 1626.395571
-3254.769387 -839.408978 1907.548644
-2308.294430 -608.784257 1350.344889
-3730.584198 -976.777902 1997.637523
-3801.926681 -974.200578 2116.000441
-2973.692060 -789.540358 1741.881458
-2650.579259 -693.504790 1549.605236
-2359.498097 -556.454135 1284.998172
-3188.124642 -746.350831 1733.617900
-3311.627149 -896.530783 1887.799324
-2507.951535 -642.673068 1396.798212
-3454.886521 -917.665002 2017.173664
-3301.684081 -880.781631 1939.448743
-3709.995059 -948.473735 2052.028324
-2956.047526 -781.825607 1719.926493
-2729.315684 -759.472909 1482.746098
-2740.308997 -641.831914 1490.045336
-3103.636032 -840.116692 1768.887531
-3755.561192 -982.351052 2188.044210
-2776.775288 -708.137936 1575.379405
-3145.246637 -770.297482 1766.582203
-3292.350765 -875.266968 1930.641027
-3927.996997 -1017.595725 2288.516941
-3991.561615 -1084.385624 2136.778772
-2732.942774 -708.230807 1591.418339
-3507.644649 -909.165078 2042.306759
-2963.196975 -794.009539 1738.873972
-3248.211702 -854.535001 1741.067671
-3616.891790 -938.877667 2112.963241
-3129.137020 -814.653394 1813.731566
-3588.613045 -933.441562 2105.563786
-3114.701097 -817.402655 1819.062127
-2975.158351 -790.010230 1742.808367
-2648.596824 -701.497185 1543.138386
-3835.403410 -992.185530 2237.169794
-3593.042579 -879.546438 2001.096130
-3111.278438 -818.934313 1808.460248
-3122.091994 -836.953146 1832.144490
-3424.440474 -826.792614 1891.837719
-3643.329961 -954.020363 2047.642377
-2970.143957 -766.582181 1740.813641
-2402.720129 -580.255564 1326.330985
-2482.134117 -590.390609 1369.055481
-3019.410231 -708.039506 1641.352088
-3999.425242 -1057.696728 2133.475384
-3096.668817 -737.299603 1690.477165
-2835.439635 -698.449350 1602.379541
-3920.858810 -1012.995819 2296.333825
-2683.257963 -628.008080 1458.347019
-2708.649084 -716.385239 1436.553080
-2578.213493 -663.120737 1434.384771
-2864.787937 -792.447707 1562.648401
-2831.178216 -697.325314 1600.294827
-3938.557954 -1036.549810 2111.853171
-3428.075898 -893.503086 1804.522271
-3681.583948 -971.189278 1968.509607
-3488.136155 -894.537449 2007.834033
-3565.221175 -1018.206661 1922.410283
-2450.664992 -672.773733 1347.907689
-2903.671806 -815.408090 1553.087810
-3038.949054 -853.380534 1625.354696
-2334.624118 -641.256095 1289.547850
-3681.888461 -868.898869 1992.106538
-2623.975658 -618.213460 1409.310572
-3828.391511 -1071.742930 2194.264636
-2897.773496 -687.669485 1568.425076
-2371.882493 -659.305318 1376.515824
-2561.017211 -711.888209 1485.953544
-2521.668143 -632.378838 1335.630389
-2436.288934 -610.059129 1300.460326
-2877.834916 -745.791934 1572.244958
-3151.472832 -831.607857 1681.892233
-3610.908704 -913.078575 2010.435990
-3690.722738 -933.242302 2052.675346
-3207.096653 -806.300561 1720.401928
-3260.728075 -841.354379 1894.740406
-1960.564704 -498.446977 1135.882630
-2670.920633 -624.443278 1451.633279
-2311.835507 -621.065350 1253.660738
-2362.184859 -565.671560 1289.734296
-3922.941951 -1076.772045 2167.514189
-3255.749449 -825.255389 1835.323509
-3729.367911 -966.205561 2068.299989
-3722.272820 -905.924503 2030.917417
-3705.680278 -902.395757 2019.745901
-3457.010798 -924.164096 1998.333474
-3750.829292 -1073.618784 2119.133367
-2490.420637 -681.628487 1362.821933
-2593.780195 -671.644411 1505.563540
-3728.857021 -889.646112 2004.992467
-3181.131449 -759.239375 1709.671070
-3192.053090 -832.062895 1679.408969
-2565.972577 -634.858873 1459.586314
-3833.058457 -990.146595 2153.210262
-2607.564722 -692.913526 1406.315365
-3430.389432 -962.205014 1967.035279
-3819.609499 -1015.118091 2056.046041
-2876.873965 -818.682463 1542.938915
-2721.543418 -746.125467 1503.322400
-2621.193755 -708.713708 1492.356631
-3050.395118 -804.769322 1598.206208
-3357.752438 -867.208137 1886.976800
-2584.157240 -738.536623 1394.560961
-3383.780309 -951.643978 1810.626261
-3608.828046 -980.778752 1978.289892
-3558.277773 -981.083453 2028.609521
-3865.945342 -1050.585608 2238.996347
-2875.941660 -684.416214 1579.323228
-3252.433542 -852.371463 1739.904640
-3360.462775 -945.650367 1946.393733
-2738.752137 -752.029256 1463.000551
-2847.613969 -773.777690 1558.073170
-3661.974847 -995.168343 2003.901524
-3792.566378 -915.284928 2179.050238
-3043.732575 -847.195201 1652.225944
-2867.330398 -824.923030 1566.865800
-2639.288444 -744.364107 1530.791069
-3094.950798 -784.112878 1685.117634
-2808.212169 -701.263252 1601.593158
-3351.306394 -837.222502 1911.079692
-3992.709148 -1074.146872 2112.072005
-3338.944120 -829.449908 1812.146793
-3003.417352 -750.518144 1626.048060
-3718.458872 -1027.474470 2007.505152
-3504.575459 -963.747558 2021.719437
-2651.046224 -722.413223 1450.531355
-2215.051272 -608.230803 1258.619917
-3193.900916 -797.304518 1728.974439
-2486.134806 -712.609297 1367.824159
-3371.666021 -964.821350 1874.142266
-2710.064135 -776.019518 1507.189013
-2892.733411 -813.939178 1674.931933
-2471.408009 -629.895748 1332.958933
-2879.908565 -777.506789 1573.564577
-3350.197094 -891.872261 1950.988387
-3751.757404 -938.946949 2002.325187
-3619.993600 -977.968133 1965.050485
-3156.171197 -865.253914 1828.139529
-3015.590374 -813.017007 1641.138134
-3744.460573 -1005.780953 1981.501980
-3489.582069 -921.761290 1862.236780
-2619.411440 -667.532336 1437.975383
-2540.858500 -694.666289 1470.984609
-3783.319623 -1012.933474 2158.370440
-3597.649515 -915.129455 2085.399611
-2548.145846 -647.013260 1387.584398
-3677.630429 -971.116303 1962.362516
-3339.483702 -906.312826 1813.600047
-2728.661736 -760.871050 1481.598924
-3342.856704 -907.278497 1815.542365
-2789.155323 -737.522084 1479.724054
-3779.989521 -1027.987687 2040.478048
-3569.360122 -999.785293 2004.501843
-2227.266671 -570.540839 1254.285653
-2770.700129 -722.897225 1511.139661
-3032.119990 -866.703326 1685.535772
-3459.972467 -913.531785 1963.472263
-3104.869788 -887.323464 1725.492007
-3492.539505 -893.965668 1946.811663
-3744.993066 -973.430319 2026.905336
-3501.809402 -882.142518 1961.718246
-2564.803727 -736.177611 1380.997883
-3637.334391 -915.198150 2009.878086
-3921.465177 -1015.648534 2287.834120
-3013.344451 -777.811572 1769.595476
-3657.146728 -993.415485 2004.366386
-3590.496999 -978.584137 1976.050718
-3755.955195 -993.507028 1968.732767
-3469.790404 -973.853708 2010.759489
-3143.840824 -829.196195 1784.178640
-3363.608941 -864.211155 1815.257919
-2763.948746 -753.146468 1493.562251
-2345.994000 -581.077579 1306.354481
-2810.876178 -753.395472 1493.897453
-2526.047163 -631.191373 1448.870337
-3871.009747 -1086.137482 2242.057087
-2366.245212 -628.340577 1364.244628
-3496.754784 -852.266930 1927.407559
-3844.670053 -1096.469630 2072.905050
-2799.979978 -699.577970 1572.078132
-2939.182651 -738.585345 1646.846036
-3067.967559 -787.734034 1707.692257
-2381.066732 -589.278797 1325.427868
-3213.270485 -800.345231 1806.541930
-3717.628114 -991.705133 2177.790198
-3932.924861 -1063.911734 2157.698583
-2714.570558 -718.085612 1423.980486
-3225.587169 -832.104472 1895.518212
-2914.386982 -793.657730 1603.661433
-2938.905757 -728.070071 1579.074969
-3312.673345 -904.235335 1928.732549
-3262.811785 -869.690905 1762.081926
-2631.968755 -709.936907 1500.799902
-2186.684331 -615.672898 1229.897643
-2640.588661 -679.630020 1388.288115
-2962.583835 -832.198232 1566.555575
-3674.606829 -917.244199 2049.594177
-3873.178921 -1008.625887 2046.543799
-3623.689691 -937.724975 1906.834998
-3152.216012 -862.391690 1822.103353
-3784.451588 -984.197537 1974.407063
-3433.688207 -949.293217 1840.589075
-2456.447450 -648.521889 1328.116870
-2650.095993 -684.045550 1454.177566
-3713.075703 -965.474440 1962.329287
-3242.443720 -875.292169 1890.920801
-2685.643468 -774.201147 1507.083939
-2788.176321 -770.960078 1494.325919
-2878.376672 -787.264412 1543.741829
-3286.131097 -777.428809 1790.155454
-3441.866789 -890.520458 1811.302261
-2400.125569 -634.721123 1298.924377
-3333.258131 -788.671352 1815.647398
-3751.571103 -992.453130 2162.727718
-2500.189949 -625.705570 1419.733335
-2746.783132 -686.827561 1504.754584
-3438.391243 -892.517371 1792.449748
-3669.744545 -962.245276 1917.900990
-3589.426981 -931.128342 1871.170435
-3872.521581 -1004.494496 2019.275838
-3622.609243 -939.459190 1886.540879
-3445.930531 -883.024403 1811.245366
-3143.083453 -858.598846 1788.286239
-3043.277491 -718.281038 1624.860537
-2816.073184 -731.121189 1466.891487
-2693.472183 -635.611287 1437.773547
-2827.022490 -729.936093 1487.678545
-3864.965991 -1002.733825 2055.963042
-2731.196507 -724.900126 1434.230588
-2521.784807 -671.091108 1314.844483
-3428.626452 -862.855560 1972.528061
-2317.816314 -599.464580 1219.417561
-2955.126830 -769.242337 1544.945819
-2373.181720 -594.198989 1347.529073
-2563.640817 -611.067217 1444.462859
-3039.045954 -783.293148 1599.089994
-3087.164174 -841.543283 1762.618823
-3230.020682 -767.484704 1761.017191
-3299.109441 -783.222036 1851.099211
-2601.647378 -659.458982 1378.958051
-3212.343207 -780.530700 1754.984381
-3186.162549 -822.091137 1747.665263
-2861.971681 -782.089023 1631.004047
-3330.296283 -814.691005 1819.197088
-3950.012081 -969.404289 2158.531680
-2313.140270 -550.280293 1298.168377
-3201.482281 -760.496057 1797.916477
-2884.606691 -694.549360 1572.489348
-2608.484686 -712.353284 1484.098061
-2828.413677 -794.285236 1561.488393
-2987.769525 -840.669549 1739.467715
-2511.180358 -687.982162 1438.903572
-3452.296960 -915.877832 1820.444497
-2515.566508 -668.260305 1319.531953
-3166.137398 -843.798745 1729.215268
-3141.811915 -886.339391 1753.755011
-2876.055905 -690.603002 1558.266590
-2850.335603 -762.030593 1548.465169
-3608.267353 -1011.226353 2081.576976
-2719.869282 -768.274900 1458.527896
-3400.210665 -960.594542 1823.564310
-2526.153134 -590.413236 1371.631145
-2248.792151 -635.693767 1312.303471
-3627.023639 -977.311094 1981.308687
-2941.269243 -781.633686 1543.088419
-2949.049970 -817.890184 1596.588348
-2690.774308 -650.704741 1534.294409
-2924.406101 -807.482475 1580.519152
-3571.633101 -901.633341 1989.894178
-3398.774987 -853.010583 1823.015129
-3619.120339 -951.278192 1904.115986
-3322.745621 -873.850899 1747.510563
-3386.058954 -865.452975 1902.240405
-2901.587772 -736.485935 1654.246258
-2784.143132 -735.654778 1490.652657
-3144.713808 -831.326528 1660.537600
-2300.352052 -637.228515 1234.235961
-3837.986472 -985.822365 2153.769441
-3426.613976 -900.199610 1821.349873
-3219.709155 -769.785956 1731.205880
-3403.324554 -955.052711 1820.218367
-2476.653661 -695.236361 1324.109963
-3643.881736 -988.318761 2126.764233
-2147.288337 -585.065413 1227.421733
-3590.079319 -906.461546 2001.687608
-3172.509522 -825.110376 1695.522523
-2877.605974 -756.295941 1551.506419
-3023.035582 -743.385284 1604.158279
-2824.318583 -695.611266 1498.105888
-2607.408226 -691.140583 1404.861462
-3380.921830 -918.559914 1864.295599
-2652.527583 -631.038369 1487.914734
-2333.445524 -580.695109 1344.870370
-3229.406651 -766.703010 1804.965106
-2905.695177 -726.908842 1673.542368
-2331.005898 -578.849376 1237.958043
-3301.260293 -783.582229 1843.875288
-3206.391869 -825.999066 1704.011750
-2659.280285 -692.506525 1405.654614
-3533.960289 -916.129269 1880.922482
-2444.577483 -603.537978 1351.071387
-3168.481340 -882.556903 1734.319785
-2763.859001 -675.263910 1547.219499
-3679.469670 -974.926492 2123.998366
-2796.797438 -728.409041 1494.294203
-3989.044000 -965.913018 2111.060612
-3389.236823 -802.289546 1879.232326
-2520.137574 -660.138166 1317.678768
-3154.019146 -871.560360 1730.849660
-2908.873070 -802.403510 1571.604970
-2856.910211 -750.325090 1541.146356
-2819.849925 -776.129937 1525.210154
-2688.177022 -638.470627 1484.560930
-3702.110579 -881.317868 2051.543688
-2728.395712 -657.311532 1523.353047
-3705.656341 -900.331145 2046.014335
-2396.266569 -583.626741 1327.932565
-3160.292970 -761.017605 1764.728807
-2504.472606 -611.465092 1381.364218
-2368.839075 -553.374897 1286.252497
-3587.566392 -883.310782 1984.265203
-3153.996983 -870.892795 1730.878245
-3086.439110 -873.519073 1714.864935
-3635.972035 -1034.632022 2076.971819
-3026.905658 -832.561463 1727.104463
-2468.824990 -602.776207 1360.961122
-3309.012008 -785.478729 1821.918429
-2726.813780 -680.087102 1522.661281
-3224.619599 -804.575207 1812.524728
-3279.123472 -818.371489 1828.382064
-3267.309734 -930.703267 1749.413393
-2768.679739 -738.174377 1513.114669
-2455.753971 -666.240268 1414.302775
-2978.376643 -807.508611 1714.012473
-3162.880815 -857.292406 1821.459797
-2656.700852 -719.518992 1528.692086
-2836.411057 -767.895082 1632.800788
-3265.416129 -882.299143 1870.232106
-2671.880991 -702.883917 1531.870350
-3305.018895 -824.994920 1894.683628
-2914.802635 -801.625423 1663.738496
-3367.037785 -860.006598 1828.122745
-2481.338926 -706.567181 1328.081167
-2989.182974 -845.675038 1660.940848
-2498.358250 -599.730745 1406.979604
-3415.095222 -826.334207 1819.227836
-3090.199130 -741.902548 1738.904098
-3205.580456 -824.746385 1786.787457
-2335.242196 -670.029124 1286.138536
-3845.646235 -1095.126914 2074.212315
-2607.100686 -674.176597 1381.036777
-2934.402459 -723.112827 1549.147545
-2678.513810 -692.968892 1419.154629
-2818.716106 -744.534074 1637.408884
-3160.609266 -783.616805 1734.592688
-2490.188528 -636.394245 1378.650619
-3372.192156 -813.664851 1935.983270
-2976.666721 -725.984755 1661.424132
-2946.461027 -703.213366 1638.148241
-2793.697812 -778.720089 1596.635617
-3637.030746 -996.353420 2102.534564
-2828.773215 -789.846952 1618.425175
-3555.567962 -841.134790 1936.534593
-3026.875813 -756.972407 1583.726040
-3630.813100 -1045.278491 1976.444100
-3474.421612 -952.888922 2010.493132
-2393.274167 -570.869459 1332.003128
-3731.141160 -990.658611 2138.024700
-2881.460190 -705.861364 1575.428810
-3342.178725 -820.082934 1876.608227
-3656.085190 -980.064704 2144.282569
-3115.541737 -763.215301 1703.076529
-2482.117418 -608.193627 1357.237749
-3831.649581 -1013.207973 2028.061337
-2973.286207 -768.184984 1737.232198
-2401.151099 -651.660149 1400.509840
-2603.516675 -628.479091 1435.952898
-3194.216483 -825.954963 1788.204847
-2469.993308 -599.340961 1307.980959
-3800.154564 -918.639519 2164.256920
-3024.341964 -781.679973 1693.276914
-3796.883574 -971.454927 2188.177243
-3473.977703 -936.156519 1931.176429
-2897.334108 -737.579708 1678.403423
-2874.170720 -705.132932 1552.004611
-3529.879379 -967.657103 2039.547640
-2826.343865 -718.528800 1563.520459
-3161.101600 -783.697721 1701.505068
-3447.928759 -908.603249 1847.652481
-3017.917735 -832.428895 1655.768190
-3207.434927 -788.011244 1800.756256
-2851.083388 -686.459012 1599.511985
-3721.320048 -1045.949465 1990.427025
-3840.316364 -996.376133 2111.090439
-2945.165104 -783.079569 1545.076114
-3103.078387 -851.471568 1793.814622
-3762.301019 -923.092787 2056.423536
-2879.756933 -707.660939 1591.572926
-2477.641023 -601.222450 1312.651422
-2871.838366 -790.874149 1575.308020
-2884.419904 -805.448587 1587.725712
-1958.180397 -516.260956 1115.698456
-3495.151069 -919.729433 1969.897335
-2631.390479 -756.755889 1510.227684
-3205.364391 -778.401357 1768.959533
-2897.684348 -728.464016 1667.999518
-3190.303731 -777.667067 1758.757543
-3618.287336 -882.706765 1996.550729
-3409.876717 -832.241703 1879.202027
-3498.849206 -920.245002 1973.173772
-2820.455204 -787.388848 1552.962642
-2501.095773 -639.834721 1358.652649
-2764.007159 -714.007299 1616.138490
-2545.242449 -729.742792 1371.574447
-2460.210824 -648.870249 1317.925790
-3592.555500 -974.217127 1997.223320
-2759.868621 -702.201238 1604.301352
-2870.073948 -735.093231 1635.720010
-3917.562724 -938.052674 2098.572962
-2646.727822 -640.180296 1494.677105
-2469.236400 -627.586433 1359.774803
-2758.034348 -713.377074 1478.485233
-3330.570679 -819.774299 1811.755936
-3377.005842 -861.308805 1779.769498
-3887.323726 -918.092036 2175.198990
-3508.321731 -864.438325 1907.659976
-3487.965115 -889.813962 1971.940053
-2870.442426 -735.740327 1635.263900
-2563.506165 -748.985184 1398.042664
-2883.868859 -714.091365 1517.030165
-3148.618838 -875.622868 1789.620397
-3387.400792 -869.324823 1778.563299
-2785.241673 -710.425739 1468.253139
-2883.506500 -789.248791 1538.751672
-2895.842685 -686.917577 1547.517480
-2427.999745 -638.187336 1402.160449
-2773.603036 -656.434441 1485.925212
-3067.877173 -724.615793 1639.532275
-3011.690579 -791.747293 1740.366474
-2987.577409 -805.790741 1693.238147
-2369.561436 -629.292234 1342.228822
-2372.438807 -632.516095 1380.944902
-2844.851844 -767.511695 1612.045068
-2557.576438 -707.677108 1413.417844
-3610.028791 -880.300547 2011.674705
-2605.036948 -702.906397 1475.827129
-2997.629105 -811.265409 1665.767515
-2627.973214 -673.576210 1402.323829
-2621.692727 -701.911029 1379.271906
-3614.738296 -967.574756 1900.868616
-3333.044500 -961.209114 1834.810107
-2484.860286 -637.703876 1400.606167
-3523.447429 -953.280108 1957.997096
-2869.131126 -802.146167 1654.791988
-3206.086814 -870.912566 1819.781815
-2935.812138 -735.906213 1666.355793
-3932.012018 -950.016839 2213.122543
-2629.070383 -708.436866 1489.285223
-2785.359662 -710.533808 1468.250403
-2874.322411 -779.500681 1630.643995
-2811.497937 -797.387032 1639.702153
-3186.766030 -870.962547 1802.147487
-2913.404642 -796.197757 1647.182214
-3461.791748 -933.406754 1962.310150
-3015.437866 -822.135105 1735.970121
-2605.315351 -702.116021 1474.491405
-3019.824828 -713.144626 1690.365749
-2646.717563 -667.364941 1407.084386
-3274.343800 -773.478970 1833.525374
-2321.837750 -610.193408 1286.497352
-2683.202959 -653.518895 1510.713228
-2816.725887 -800.556536 1573.025481
-3187.285976 -915.471497 1790.421262
-3269.109773 -933.481699 1827.238205
-3693.868696 -1008.263846 2153.274085
-3316.827202 -903.830149 1934.184773
-2278.722232 -538.273617 1276.132638
-3071.395597 -797.334857 1666.574852
-3695.138621 -891.958197 2030.854159
-3928.082231 -929.073809 2115.941861
-3628.065739 -852.275219 1967.689219
-3353.601625 -924.193473 1947.414386
-2886.993305 -816.923158 1689.134344
-3456.841810 -858.039870 1819.695022
-3572.032134 -884.637994 1879.250182
-2769.889051 -741.773619 1452.718335
-2825.487251 -790.265868 1643.038218
-3398.683699 -950.617889 1974.654003
-2636.966268 -628.069719 1420.935523
-3081.987765 -753.448344 1734.389236
-2455.404205 -682.043438 1324.136794
-3115.302899 -842.073796 1819.613866
-3357.299332 -948.297288 1962.405465
-3709.067764 -926.610062 2036.679666
-3102.416246 -856.214170 1678.672760
-2178.684982 -618.397618 1270.798392
-2758.464160 -752.916604 1492.455043
-3913.855594 -961.240157 2269.880536
-3926.373678 -970.778510 2277.111821
-3267.788842 -817.949733 1797.055401
-2826.849197 -694.467426 1593.906534
-2734.718253 -761.183301 1475.946332
-3693.105215 -892.392813 2005.397092
-2539.816580 -621.796849 1378.558035
-2646.241967 -647.986154 1437.441613
-3367.653605 -801.716876 1884.230863
-3219.916314 -777.251812 1805.088971
-3688.546399 -1055.108793 2024.182731
-2828.458004 -804.876319 1554.028112
-3405.084033 -954.322077 1865.628172
-3912.691056 -1040.298417 2134.820959
-3857.036833 -1025.157603 2103.068058
-3579.610351 -867.992769 1958.022975
-3383.677137 -897.306746 1837.193606
-3532.979817 -863.272644 1928.386483
-2769.209977 -721.719811 1511.985186
-2781.168063 -724.202211 1517.967744
-3619.807573 -886.773341 1986.192231
-2503.083262 -651.018491 1362.361979
-2656.052039 -672.104729 1493.202781
-2901.917607 -739.976442 1571.880315
-3561.590698 -951.282384 2067.173532
-3251.572160 -873.313987 1708.466239
-3747.441157 -968.123241 2018.401473
-2472.960806 -627.624839 1323.492965
-3136.879475 -837.711810 1825.068305
-3295.331032 -831.250798 1762.447560
-2451.818049 -646.260246 1404.207749
-3116.864682 -768.814917 1673.423236
-2500.741041 -605.308328 1334.500437
-3198.884633 -809.713676 1834.393796
-3787.015980 -955.949495 2157.575314
-2902.210253 -732.564258 1654.586853
-3286.524960 -829.099763 1874.189186
-2896.057869 -728.799534 1653.770024
-2415.787196 -595.981786 1381.714460
-3234.173689 -846.807369 1732.716688
-3758.189928 -1061.954480 2168.478903
-3424.546500 -895.472264 1833.673433
-2875.379730 -810.472138 1659.760200
-2720.614134 -765.673168 1567.601514
-2801.964164 -713.794917 1588.375739
-3457.039171 -930.185804 1986.335152
-3419.054562 -892.897747 1831.155080
-3127.361341 -864.915632 1792.514788
-3367.328915 -930.928914 1929.644629
-3252.568947 -898.945184 1863.197239
-3534.374406 -966.726523 2038.118265
-2385.836405 -652.497400 1376.362922
-3228.130162 -886.016491 1836.131535
-3089.971315 -854.775722 1771.387844
-2861.833769 -816.951390 1645.201642
-3640.891252 -1008.863837 2052.074205
-3221.320904 -911.996278 1782.285670
-2957.704352 -833.155634 1660.046346
-3864.307570 -1004.727253 2049.397959
-3299.149559 -913.726919 1860.562803
-3150.148144 -872.454377 1739.751285
-3406.573718 -968.429594 1917.097494
-2995.363693 -851.826598 1685.570821
-2449.885321 -672.443210 1351.450089
-2889.432470 -792.529273 1593.161046
-3874.114261 -918.597650 2124.638095
-2833.329781 -776.734235 1562.252035
-2461.015713 -616.973955 1400.548043
-2880.949677 -692.612434 1623.621520
-3259.012015 -932.564190 1746.909557
-3681.599283 -1053.187239 1973.053923
-2465.420637 -694.578036 1319.679950
-2469.899096 -605.412975 1415.218783
-2689.049006 -739.541635 1436.627868
-2999.430209 -724.091390 1689.071386
-2876.247517 -769.363274 1539.353382
-1963.750723 -549.965281 1053.964014
-3476.658382 -951.307177 1968.087357
-3573.841367 -907.344236 1988.699275
-2634.474265 -628.677115 1445.688568
-3004.507411 -791.391504 1622.469796
-3004.361727 -791.365041 1622.458631
-3178.430434 -891.612674 1689.287092
-2919.352778 -818.167118 1552.196909
-1957.354196 -496.909439 1089.827522
-3325.311211 -874.209709 1751.989398
-2930.161080 -770.791745 1544.669315
-3897.672018 -1028.016015 2054.888203
-2546.693878 -681.783716 1349.490737
-3182.792693 -819.309423 1803.782192
-3801.674024 -1009.607469 2054.053414
-2728.678045 -676.040097 1573.700017
-2709.431916 -726.150428 1423.727479
-3313.088788 -936.653626 1883.168306
-2595.346225 -700.407993 1369.844186
-2564.832273 -699.856269 1353.357355
-3179.004050 -821.807740 1801.444361
-3199.336185 -918.090581 1844.762422
-2588.037366 -706.615510 1365.791454
-3246.606670 -776.137257 1799.433436
-3082.464281 -822.623963 1794.705032
-3309.899447 -785.376687 1837.034159
-3545.313477 -956.736452 1913.814117
-3825.739805 -908.313612 2122.681178
-2858.248612 -683.931588 1584.311302
-2771.363968 -674.751327 1560.376927
-3622.967459 -935.297868 2053.251267
-3769.394070 -1002.856071 2184.965646
-3174.478256 -820.880744 1803.238856
-3578.736243 -952.288673 2073.035133
-3638.492982 -862.884195 1958.332126
-2529.037088 -622.078167 1446.769886
-3291.715776 -854.653394 1834.435087
-3327.936216 -841.069563 1896.609054
-2833.497380 -768.467670 1568.434431
-3113.281868 -835.341318 1633.589632
-2495.455144 -592.120265 1343.223343
-2489.417058 -668.252670 1306.581948
-2493.041934 -591.198283 1342.098643
-3479.590762 -1012.344941 1959.571342
-3304.289214 -839.896331 1819.612655
-3696.894748 -905.508675 1950.546832
-2984.419836 -807.438690 1652.877433
-3171.208490 -784.028713 1733.213494
-3041.038522 -856.336373 1625.605176
-2384.952200 -677.147276 1392.032231
-2790.567491 -746.668718 1463.717956
-2815.887414 -773.868856 1503.301480
-3274.861459 -810.707557 1789.206987
-3163.608251 -824.731934 1783.586050
-3444.710978 -935.277075 1860.657652
-3113.496729 -800.175575 1661.783801
-3316.184943 -888.255034 1739.478709
-3098.165264 -873.037863 1743.832497
-2872.498147 -809.391758 1617.004910
-2553.071869 -688.045210 1478.914984
-3814.415872 -1021.458814 2002.185238
-2965.118549 -846.036757 1704.921150
-3347.961030 -913.959046 1834.618919
-2835.306494 -731.581643 1544.885093
-2659.838307 -723.474876 1446.797652
-2920.217002 -734.639550 1579.985616
-2708.808317 -696.337935 1446.101085
-3113.410141 -733.205048 1706.437056
-2358.483856 -563.532616 1293.977680
-2432.792807 -578.902561 1334.812268
-3844.486735 -937.991090 2056.338870
-2783.318929 -726.351631 1499.932142
-3377.150679 -823.356966 1806.576716
-3552.979114 -932.214076 1933.780287
-3099.542036 -788.263701 1706.652669
-3880.959940 -972.695132 2168.129515
-3658.467904 -953.890251 1995.845956
-3161.220999 -856.066276 1657.149267
-2315.627825 -602.914587 1354.921045
-3144.308442 -815.572951 1838.343259
-2113.667067 -611.820075 1210.512909
-3205.590846 -838.603392 1877.577410
-2803.590485 -733.461150 1642.542738
-2643.373080 -689.315202 1556.185161
-2224.467173 -631.172773 1298.528686
-3376.361938 -894.767168 1973.355399
-3538.951802 -1014.598309 2039.160811
-3578.470196 -943.974253 2085.270665
-3643.940933 -961.439506 2131.944232
-2978.993514 -820.720950 1717.607967
-3221.803546 -887.255358 1856.951218
-2365.128867 -624.539555 1378.540534
-2950.208119 -695.433307 1615.866566
-2857.766504 -756.992586 1552.078618
-3357.267015 -924.960109 1934.292055
-3096.222742 -880.715167 1799.300506
-3571.845330 -947.585698 2087.614800
-3103.330239 -805.353051 1821.389162
-3148.968720 -904.343117 1814.235306
-2825.967939 -732.933198 1658.404863
-3717.799950 -1069.073234 2104.115446
-2781.892670 -781.790119 1609.620640
-3574.393933 -950.728339 2088.915850
-3009.169255 -845.328144 1715.689956
-3078.091625 -821.827633 1801.538090
-2476.695866 -669.262145 1353.788252
-2799.311498 -663.881806 1552.325064
-3163.062825 -862.550256 1711.109210
-3601.543706 -941.652309 1927.085772
-3142.993615 -903.554587 1812.930833
-2759.136932 -702.017965 1485.422487
-2589.747674 -671.668321 1504.750625
-3117.798808 -792.385692 1679.040189
-3014.374195 -779.802932 1693.526047
-2531.100556 -656.200075 1470.535375
-2783.688750 -718.982860 1614.624078
-3702.920646 -940.137894 1995.035360
-2661.681560 -695.069134 1567.137195
-3935.252227 -964.618785 2112.954233
-3226.202716 -848.325077 1900.329592
-3118.267064 -802.675512 1766.160124
-3253.066510 -863.293176 1759.964288
-3342.144251 -823.680486 1888.004731
-2910.420386 -836.802245 1678.518347
-2461.040912 -659.050803 1314.220423
-3072.833379 -823.479575 1804.354419
-3807.121266 -917.336986 2044.624538
-3640.187101 -876.980910 1955.601470
-3892.677310 -999.401039 2167.053611
-2576.402412 -702.188541 1392.586488
-2576.163139 -700.872441 1391.609829
-3584.395818 -942.670639 2096.551722
-3487.964754 -895.315927 1941.848517
-3692.396439 -947.613002 2056.086798
-2569.138959 -698.147217 1387.774072
-3982.266446 -1080.921189 2149.667255
-3238.885784 -925.266666 1773.656383
-2738.896447 -734.887666 1455.538361
-3236.152864 -925.078624 1774.789667
-3412.905156 -993.361102 1920.309476
-2763.867556 -752.549944 1494.184786
-2474.921390 -645.532882 1350.098884
-2962.536405 -815.617444 1650.671867
-2226.482147 -571.747401 1276.687362
-2884.804580 -743.030064 1653.948866
-2560.240666 -734.243702 1370.445658
-2212.265576 -633.875926 1184.020702
-3356.313883 -794.196757 1828.254676
-3289.038441 -808.806765 1788.752543
-3809.223006 -1050.478545 2023.216548
-2715.031222 -702.285912 1429.356584
-2679.271023 -686.094570 1422.398860
-2780.896276 -711.705205 1476.001562
-2950.161305 -829.898162 1660.007404
-3278.910794 -917.999830 1891.603970
-3359.942159 -829.939316 1922.087428
-2937.502103 -807.603150 1645.063694
-3062.906686 -869.214567 1752.877795
-3874.583815 -1033.906995 2254.268724
-3841.666205 -1072.880972 2112.643195
-3150.820065 -859.816271 1681.364300
-3532.675753 -887.921038 2013.235114
-2373.687550 -636.392522 1301.049314
-3699.617021 -1046.551818 2163.447841
-3717.216777 -952.923466 1973.270182
-2562.401414 -659.434803 1401.961348
-3314.578815 -888.583137 1816.973579
-2900.681810 -705.781328 1547.842510
-2259.412492 -632.875756 1306.781210
-2683.638228 -738.959759 1433.317920
-3365.299022 -878.702891 1940.858729
-3123.561243 -863.478681 1791.207335
-3029.759155 -795.478412 1583.972848
-3117.600948 -860.565432 1788.896969
-3504.429701 -832.236368 1909.607958
-3089.031294 -760.055844 1755.185285
-3663.127621 -901.106288 2081.360366
-2516.440262 -612.920106 1343.389578
-3070.746055 -769.672207 1622.255656
-3775.062822 -959.407046 2030.792209
-2468.884987 -638.548920 1300.246394
-2670.865283 -687.940918 1497.465280
-2706.396069 -774.224498 1555.106413
-3700.680927 -1037.734128 1977.481866
-2811.833941 -713.109996 1556.277426
-3422.232871 -978.208766 1964.727607
-3688.882939 -973.035962 2113.326216
-3081.530049 -771.579892 1626.419311
-3868.736582 -1081.240209 2244.634286
-3106.520697 -788.074843 1747.857116
-2338.617235 -644.582342 1264.239790
-3104.439119 -856.118614 1679.177371
-2330.658812 -600.730304 1306.366684
-3899.851823 -983.128444 2113.980007
-3513.061568 -969.724089 1899.897160
-2673.583783 -689.097796 1498.002320
-3507.890410 -1000.069063 2013.115864
-3088.947712 -882.073893 1774.282956
-2673.251730 -689.116284 1497.986746
-3387.556570 -898.923914 1837.000863
-3767.368467 -999.770094 2041.684813
-2904.616805 -703.779877 1548.033204
-2921.282153 -805.692642 1581.364987
-2490.848846 -608.443937 1332.884918
-3126.016739 -783.724377 1731.505493
-3518.210883 -858.349321 1881.402255
-3370.925041 -885.400778 1834.583001
-3807.005589 -941.442611 2045.457012
-2656.319039 -732.147311 1437.642441
-2764.107662 -714.462157 1481.761974
-2840.393462 -757.664591 1552.884225
-3508.418620 -902.058298 1954.828014
-3874.039382 -1083.643109 2236.782169
-2769.721095 -774.941130 1598.806056
-3559.458940 -996.083566 2055.429503
-2521.788751 -592.702104 1389.388941
-3221.843685 -775.422189 1731.022941
-2791.927486 -801.062905 1608.298678
-3130.354512 -893.475629 1775.424695
-3481.763728 -886.292294 2003.382597
-2821.300036 -744.404838 1610.247875
-2428.688547 -592.142457 1340.018629
-2442.760654 -595.540086 1347.479469
-2441.713103 -611.889340 1352.237984
-3492.543680 -849.640554 1927.172521
-3132.646236 -809.839273 1791.819782
-2697.838362 -703.692151 1513.074554
-2618.975815 -683.428634 1470.312015
-3448.691645 -860.947397 1820.308788
-2580.257725 -752.718043 1422.643658
-2360.487422 -625.901259 1338.427234
-3322.971565 -881.051445 1884.466184
-3537.625707 -1025.618137 1932.707435
-2883.823724 -763.380456 1505.735064
-3070.848314 -869.201559 1684.264170
-2357.853561 -630.823998 1335.316518
-3330.344810 -907.792990 1859.831431
-2775.623795 -758.196614 1597.209509
-3463.911436 -919.328873 1966.432588
-3196.022265 -922.685461 1740.919108
-3623.124571 -988.682138 2083.806439
-3410.521379 -838.279034 1974.919534
-3497.467910 -896.724858 1962.057865
-3325.660889 -897.817815 1880.954007
-3775.318194 -978.682266 2159.155953
-3235.798240 -908.006963 1788.542165
-2706.224294 -729.919455 1415.729409
-2399.775202 -618.527893 1341.415654
-2837.668894 -716.873389 1500.659256
-3253.964644 -843.892827 1862.351857
-3135.486994 -868.307701 1784.517703
-2128.833031 -506.126748 1164.556967
-3394.222258 -880.157659 1776.770156
-2927.128541 -790.751390 1656.129237
-3051.115122 -791.742146 1596.772363
-2377.157524 -648.261880 1367.894837
-2678.314958 -674.991978 1434.724003
-3151.543608 -870.370405 1742.238811
-3663.097700 -888.676742 1929.268723
-3325.138365 -920.124430 1839.205504
-3462.119819 -958.742774 1914.553530
-2854.349976 -739.812260 1633.163677
-4002.235316 -1009.295131 2143.397658
-2827.173211 -682.369669 1532.768353
-3660.530839 -976.260258 1915.311583
-3928.459806 -1071.704846 2222.896779
-3617.445630 -876.023231 1952.246219
-2405.685683 -622.081874 1374.169262
-3983.578052 -1032.148018 2085.455982
-3030.686634 -764.253709 1601.344803
-2856.157359 -739.977707 1633.282973
-3761.529357 -948.595043 1987.860654
-3190.518032 -773.577011 1722.452977
-2311.795511 -583.567511 1239.283084
-2773.837842 -697.933026 1548.425666
-3365.999935 -885.823965 1936.726708
-3633.253444 -1024.962932 1986.923014
-3696.096666 -1076.157240 2015.134452
-3069.900114 -827.511930 1638.979481
-2738.317733 -738.284211 1464.510357
-3206.633631 -817.892649 1702.191656
-2470.579909 -630.439536 1311.212787
-2789.404399 -789.449417 1481.932117
-3461.479294 -851.874250 2002.464008
-3953.361127 -1004.814001 2074.529352
-2882.342700 -832.516592 1636.846121
-2062.461038 -571.278305 1150.872175
-2996.440606 -781.033932 1646.085943
-3817.011368 -960.937075 2166.557208
-2143.436455 -604.695553 1170.739080
-2860.738039 -809.378175 1570.331991
-3791.292318 -1098.078101 2092.796095
-3329.539905 -951.228770 1834.821739
-3003.112799 -712.729023 1651.782294
-3624.875627 -983.751061 1997.840489
-3563.630482 -1028.230163 1948.117889
-3689.023894 -1064.074352 2025.723228
-3840.100957 -1106.995184 2107.970556
-3564.447771 -1027.601787 1959.888166
-2482.386125 -715.487338 1359.189199
-2733.115273 -787.677209 1499.718946
-2866.699185 -823.640190 1568.934145
-3794.315302 -1023.410119 2025.342912
-3874.358372 -1045.529555 2068.903696
-2830.124457 -813.236875 1614.163561
-3024.192865 -712.980115 1637.774972
-2668.063505 -754.871360 1451.442876
-3467.146450 -824.122726 1907.753246
-3366.507555 -872.443757 1829.259234
-3081.611702 -822.543077 1638.150008
-2947.827251 -765.253901 1687.145094
-2646.482079 -737.982840 1426.380443
-2636.350448 -771.211681 1451.419229
-3700.640812 -1081.880652 2031.322731
-3541.691468 -1036.306905 1944.123543
-2728.081191 -798.643345 1495.542233
-3311.256408 -912.784212 1880.258382
-2782.735473 -727.316330 1591.546049
-3017.579896 -790.555253 1727.230664
-3164.465641 -868.395574 1807.782612
-3581.251460 -1047.963897 1972.543300
-3188.422788 -851.866192 1694.272086
-3702.768884 -1082.342539 2032.512879
-3581.239627 -1046.408577 1970.095973
-2634.514087 -703.039273 1401.280533
-3447.679306 -996.867509 1881.729704
-2824.544230 -819.794003 1551.094559
-2497.533888 -592.004186 1349.916815
-3371.764050 -980.744647 1854.349272
-3580.311140 -1046.416641 1970.668494
-3931.326963 -1144.430157 2161.220043
-3542.764101 -1032.395323 1947.815799
-3328.219797 -969.908549 1829.659701
-2867.817910 -836.592567 1577.460592
-3215.105496 -904.121404 1804.406517
-3239.551981 -943.244996 1781.608269
-3506.786740 -823.881095 1957.193761
-3500.229455 -1031.236710 1944.904913
-2932.584946 -810.808417 1614.820397
-2828.623970 -796.741875 1560.543202
-3921.516420 -1083.373253 2106.572691
-2826.447969 -796.059992 1559.404481
-2472.310665 -667.383212 1346.433040
-2571.532553 -654.108323 1443.550007
-3426.368828 -855.313026 1851.988009
-3205.027746 -799.873894 1732.443482
-2913.069669 -741.528960 1629.103133
-2575.581178 -745.473483 1427.405319
-3823.281232 -1036.585291 2088.177747
-2644.618698 -768.510464 1457.906901
-3969.264398 -1057.882476 2163.932669
-3884.838814 -1033.064582 2121.577327
-3581.816562 -1021.393668 1972.851852
-3368.279586 -863.645912 1823.569580
-3372.909731 -962.672085 1858.895157
-2630.689739 -751.234477 1450.402508
-2858.899092 -816.535966 1575.743215
-3767.648509 -1067.680643 2074.964334
-2135.278385 -524.207321 1155.786469
-3125.931718 -885.128386 1720.107944
-3843.463863 -951.371105 2046.774210
-2798.736062 -781.625028 1488.921697
-2864.019567 -809.092311 1575.688425
-3236.158921 -914.028056 1782.369280
-3176.065729 -911.517458 1757.924370
-3696.556351 -1074.350942 2037.055022
-3137.534858 -912.103541 1729.163866
-3562.510240 -1042.749762 1977.247133
-3155.046804 -860.066297 1689.640029
-3234.094316 -766.282990 1739.162407
-2509.205937 -696.772929 1373.427200
-3747.484400 -1021.123746 2006.550424
-2544.272004 -711.843882 1394.649894
-3606.388961 -1009.216405 1977.987275
-2544.209973 -639.824130 1457.300764
-3791.406595 -911.651381 2060.821141
-3829.613496 -963.532951 2200.152268
-3162.900226 -930.808051 1753.934912
-2870.409487 -805.209912 1565.235876
-3474.171239 -1023.365953 1926.162107
-2897.884384 -751.578463 1576.504265
-3535.076105 -839.309651 1911.005315
-3207.165980 -759.629230 1723.973068
-3828.229469 -1118.302878 2124.695119
-3620.395735 -986.369445 1964.213521
-3628.361257 -932.141590 2033.275462
-3072.505667 -857.127019 1698.031430
-3296.938882 -918.077708 1824.128761
-3084.845211 -897.966759 1701.107166
-2585.096407 -719.377936 1424.634137
-2766.497650 -756.618104 1472.525792
-3637.212250 -994.542094 1945.743029
-2817.728796 -694.418188 1576.099932
-3863.175365 -951.665955 2161.353437
-3676.300067 -1022.720646 2026.753003
-3823.847284 -1036.690684 2088.440503
-3439.244473 -815.190344 1848.841821
-3961.960993 -1043.687786 2130.840525
-2885.906205 -790.075500 1564.768167
-2261.369860 -595.862353 1194.430996
-3875.774994 -1010.721585 2247.445539
-3066.629670 -808.389683 1620.593645
-3621.479672 -1005.803650 1920.190578
-2377.758863 -627.286142 1254.816741
-2663.078698 -739.497326 1412.826367
-2590.638753 -710.245437 1403.650462
-2251.287538 -598.087285 1207.133528
-3416.614311 -908.122002 1834.033290
-2009.128457 -533.368351 1057.632059
-2877.233717 -771.923706 1647.468593
-3419.740404 -910.227876 1833.225891
-4007.974660 -1023.728861 2126.381802
-2968.607774 -796.230318 1701.657347
-2355.596780 -642.848584 1334.228936
-3605.682199 -992.736184 2095.117932
-3737.879989 -983.875103 1972.849107
-2584.412054 -674.419364 1499.189744
-3178.902955 -829.657027 1842.520179
-3851.218311 -971.400026 2111.600350
-2541.206591 -617.430173 1465.240460
-2663.849239 -649.045796 1534.725233
-2361.576004 -573.105630 1288.231747
-2523.815914 -612.410846 1376.836661
-2840.707864 -692.809548 1630.492385
-3380.430861 -959.258614 1953.311768
-2629.222844 -682.338824 1382.099983
-3424.683737 -934.085001 1856.984316
-3466.431250 -937.088864 1960.439465
-3545.477390 -959.030805 2005.566764
-3548.388655 -936.858544 1908.208307
-3152.810366 -850.509098 1695.020416
-3143.449961 -868.917714 1820.969732
-2915.816028 -804.643877 1688.678673
-3989.952902 -1108.408204 2114.983706
-2763.996391 -725.385440 1462.001505
-2499.580096 -688.396391 1433.864085
-3560.354937 -960.292906 1914.658389
-3781.110864 -965.108914 2004.801790
-3933.621652 -1051.383610 2114.469520
-2776.245624 -730.332541 1598.156732
-3578.769703 -912.768139 2073.719220
-2458.172215 -648.426246 1321.271067
-3406.081644 -835.427519 1864.842707
-3184.748423 -839.030040 1712.323008
-2206.394672 -589.775680 1186.350909
-2953.438299 -779.063794 1694.936668
-3412.010661 -839.018011 1976.509843
-3214.756528 -896.324030 1845.985163
-2788.177553 -778.283252 1601.158968
-2505.081808 -631.169020 1383.107863
-3702.388876 -932.960891 2044.813208
-3155.883615 -833.497859 1810.975343
-2264.629706 -576.618941 1321.015907
-2367.072521 -601.634704 1323.304328
-3301.720059 -928.097420 1825.521260
-3944.952244 -973.457862 2107.645249
-3776.984291 -933.494539 2017.506281
-3294.046535 -913.797070 1858.328162
-2495.369730 -636.548566 1374.817248
-3780.796197 -1019.072346 2192.220025
-3418.324306 -885.441264 1817.498139
-3345.279791 -836.515653 1862.243596
-2817.205896 -791.801364 1557.792437
-3144.230100 -800.490789 1757.184968
-2739.754506 -665.663072 1580.817589
-2574.342318 -751.489592 1419.614322
-3044.914013 -788.672209 1599.367860
-3726.469519 -965.264232 1957.836081
-3749.573154 -988.504781 2150.850646
-3385.469010 -877.187923 1778.215279
-2837.308018 -759.494532 1632.737161
-2786.243171 -777.987424 1600.036234
-2523.067511 -620.304430 1363.976521
-3808.051579 -1027.374606 2092.095521
-2734.202978 -678.782237 1507.832963
-2816.553249 -792.018972 1558.004172
-3296.484020 -923.297518 1835.487283
-2640.204109 -650.660480 1392.143446
-3285.957550 -837.388893 1735.994495
-3177.057261 -797.203013 1819.632456
-2714.560167 -666.430879 1467.824621
-2309.717194 -667.488907 1258.653738
-3331.575618 -868.460210 1874.820209
-3435.524088 -901.682951 1977.061647
-2612.259983 -700.820053 1397.153224
-3085.407970 -754.162068 1664.963811
-2214.586467 -640.535938 1202.818296
-3726.604043 -1098.006596 2064.736212
-3330.650425 -868.131472 1874.492632
-3188.847263 -940.177661 1766.392153
-3330.104586 -868.112116 1874.159031
-3802.847109 -983.503841 2175.364828
-3147.387986 -835.714385 1808.454862
-3194.022989 -815.699623 1809.112378
-2784.262082 -731.285434 1569.822966
-2487.236760 -647.816396 1399.597623
-2901.341740 -685.227730 1569.948659
-3018.325685 -872.626696 1705.066671
-3000.024865 -770.655908 1726.723160
-3155.757331 -805.265791 1698.937475
-2224.802594 -586.281421 1297.674871
-3514.111253 -925.138771 2049.408170
-3749.226831 -1083.075425 2044.903482
-2861.272830 -826.883150 1568.466944
-3002.495554 -790.075784 1752.104381
-2928.720305 -755.113115 1664.360035
-3671.964860 -1021.719928 1946.314815
-3307.370453 -808.060796 1905.518574
-2472.656498 -668.664138 1317.305026
-3194.968666 -815.799261 1809.535118
-2432.260131 -633.755874 1368.594253
-3159.150968 -845.523926 1849.045258
-2611.687917 -715.208250 1492.090080
-2614.927142 -706.889373 1393.298205
-3363.292138 -895.726076 1791.129035
-3501.106690 -911.936206 1970.668770
-2808.769838 -758.730649 1497.071756
-2670.338597 -755.255450 1451.349472
-2934.502408 -792.309741 1563.565019
-3384.333334 -986.305208 1892.981633
-2642.192613 -686.146248 1476.247465
-2740.182998 -711.190672 1530.471555
-3134.678610 -799.999698 1777.644602
-2636.553318 -701.958100 1403.494890
-3923.437368 -1014.632209 2286.473656
-3424.334218 -948.263354 1815.447681
-1948.018312 -552.834562 1124.629309
-3375.073536 -976.455392 1851.687712
-3129.430516 -815.708198 1814.192064
-3732.467138 -957.719475 2150.663340
-2777.875637 -730.148227 1598.883652
-3201.803738 -931.852036 1798.939675
-3723.273323 -953.946977 2147.450904
-2374.478552 -634.921091 1370.346646
-3173.843129 -859.480352 1734.010649
-3920.055587 -1017.378224 2281.200703
-2924.100333 -812.165854 1548.291746
-3709.211582 -879.496677 2082.443178
-3127.783659 -912.267484 1793.730704
-2812.865298 -689.488874 1495.743550
-3435.774483 -869.966352 1978.846336
-3122.532577 -860.480241 1814.977443
-3670.977181 -943.085474 2107.020996
-3193.742504 -922.162758 1741.400426
-3705.973703 -1021.342809 2154.609621
-3709.578906 -1023.322895 2156.515993
-2621.277028 -761.897606 1502.120913
-2786.872328 -690.516736 1477.850257
-3690.158073 -1044.258937 2022.468193
-2623.960998 -735.784827 1441.126463
-2654.551064 -656.908742 1407.212903
-3839.911502 -1077.766993 2109.817409
-2836.468410 -803.843037 1504.888765
-3607.404507 -1012.592689 1982.231179
-3885.005805 -1061.938438 2211.011447
-3316.065400 -894.583535 1933.147398
-2844.348935 -805.958322 1509.133028
-3009.296227 -875.837762 1642.517039
-3580.904165 -1001.560817 1930.570740
-2768.795820 -765.264050 1468.891267
-3143.869648 -879.151220 1727.293352
-3606.914216 -1009.932029 1980.814320
-3623.078076 -990.103127 1943.138935
-2517.650095 -704.411307 1384.774237
-3757.707516 -906.338687 2150.916616
-2576.286193 -715.983079 1411.386625
-3412.598973 -956.592921 1878.381719
-2774.238821 -776.041551 1494.515398
-3440.818073 -964.453605 1903.119755
-2784.775930 -818.648663 1542.734095
-3930.673089 -1092.986753 2199.929794
-3385.419942 -944.157849 1873.016519
-3315.805641 -974.527927 1836.984522
-2578.893466 -715.511181 1412.311419
-2769.704641 -670.504543 1579.207590
-2654.893892 -647.917332 1511.025126
-3244.328579 -908.108027 1782.784227
-3819.455257 -989.522890 2072.197533
-3259.026846 -809.700201 1843.996600
-2698.922106 -688.146582 1529.285000
-2927.378108 -740.109653 1648.750619
-3474.855357 -895.849379 1945.658360
-3821.539415 -985.910747 2138.791870
-2827.242006 -724.362475 1491.671735
-2928.506527 -740.428479 1649.555679
-2571.663980 -654.501780 1423.927660
-2520.947001 -653.491432 1340.714910
-2415.373768 -589.529610 1374.522494
-3695.272806 -1061.647044 2009.690631
-2578.615783 -695.512351 1415.482286
-2303.690231 -582.069154 1262.553288
-3842.535582 -1114.069879 2119.715144
-3127.565224 -818.420206 1813.977972
-2565.352237 -653.126598 1395.609285
-2968.092592 -800.197249 1629.842784
-3428.395010 -897.873132 1988.658929
-3445.153737 -855.493641 1950.320130
-2572.313840 -655.601463 1425.206153
-3140.863987 -902.603446 1728.594646
-3718.202587 -1067.343585 2048.566051
-3928.233614 -1023.609713 2110.436570
-3869.818147 -961.023928 2134.033244
-3530.593028 -918.404828 1934.283774
-2791.669461 -778.458615 1597.075415
-2445.787681 -637.681181 1370.982854
-3792.572782 -1106.030383 2120.473941
-2874.468807 -773.873896 1578.413647
-3327.803763 -817.322236 1840.497892
-2506.393038 -682.896010 1380.177130
-3220.028377 -783.347996 1736.746733
-3528.619302 -917.803478 2069.396019
-3536.017574 -1004.336317 1950.945673
-2335.175116 -642.982650 1282.679015
-3318.358069 -974.593059 1837.504301
-2798.612394 -683.923738 1509.148902
-2872.895704 -700.141294 1642.740606
-2884.811258 -749.676453 1691.156584
-3134.742095 -806.803647 1805.825607
-2843.442087 -681.507962 1521.420240
-3034.037980 -804.868565 1716.151831
-2873.696507 -830.612883 1563.528915
-3319.569795 -924.505966 1872.870997
-3325.720533 -881.434459 1732.497453
-3192.223327 -846.212326 1806.337606
-3767.538620 -958.641897 1976.377576
-2350.121628 -634.650936 1372.012409
-3874.514792 -1046.133483 2262.097127
-2915.820844 -815.764315 1551.434318
-2990.522586 -747.950294 1577.552164
-2912.643416 -773.061328 1644.329423
-3121.928342 -902.602434 1774.399979
-2715.920759 -750.428214 1498.099440
-3222.434704 -913.554668 1763.260954
-3330.675678 -902.216693 1818.798902
-2252.041769 -634.065978 1283.357991
-2541.288962 -623.950504 1469.417784
-3613.353135 -936.614630 2047.443791
-2930.722140 -758.042394 1659.621255
-3490.980630 -923.135924 1900.585352
-3796.857719 -1088.033608 2100.369496
-2719.353788 -765.253460 1562.960582
-3675.538007 -1044.616207 2028.647991
-3279.430758 -924.166003 1889.727895
-3516.555132 -984.915831 1871.140111
-2646.782306 -656.311838 1498.740680
-2790.302632 -746.008903 1500.864854
-3693.906651 -934.460295 2100.931284
-3731.440469 -957.757772 2018.368820
-2700.441211 -717.953802 1474.346087
-3227.613621 -863.717568 1727.405561
-2501.542364 -669.708538 1338.519595
-2571.080106 -648.260863 1375.873522
-3127.184724 -899.521048 1712.638602
-2624.186164 -763.251009 1446.887822
-2455.170934 -693.457149 1335.403773
-3748.661825 -932.686692 2162.588331
-2624.782191 -742.009996 1471.550001
-2677.337044 -657.549031 1547.061745
-3609.008649 -1018.935741 2051.244596
-3116.726960 -803.590233 1779.704369
-3591.365650 -920.155753 1917.250259
-3179.923249 -792.880315 1718.328883
-2581.019633 -634.899723 1465.412680
-3790.296857 -931.759621 2152.134729
-2766.930229 -810.380924 1540.332071
-2777.384262 -692.058263 1527.807138
-2620.960866 -764.060104 1474.955878
-3673.018624 -877.578278 2015.521389
-3687.718525 -995.135068 2027.012705
-2881.789189 -738.732089 1644.012822
-3122.162715 -771.452683 1645.905527
-2735.203836 -760.583698 1443.493694
-2768.336843 -770.013255 1461.213705
-3226.318067 -774.363616 1726.231789
-2803.098180 -673.094528 1499.687379
-2978.077211 -866.501423 1645.821173
-3574.418627 -950.810838 2089.032572
-3070.871894 -829.950452 1613.520741
-2994.239192 -777.958634 1672.370076
-2730.136019 -709.172184 1525.201937
-3437.852263 -917.028918 2010.633241
-2948.742617 -777.756382 1719.661157
-2644.040177 -634.746124 1464.974377
-2782.275605 -699.796492 1590.274755
-3596.782661 -1015.027026 1954.873444
-3537.313729 -1040.277725 1947.444171
-3919.888207 -1087.618600 2222.200317
-3509.427086 -985.860969 2000.348521
-2936.646738 -813.347015 1637.345872
-2809.927070 -779.584342 1593.319287
-2899.526652 -714.666291 1547.100704
-2532.773744 -681.671978 1485.816672
-3230.850677 -941.407613 1852.180407
-3687.430389 -1074.683161 2113.805199
-3213.386900 -936.476902 1807.955557
-3458.932164 -890.325734 1983.375075
-3769.744618 -913.599961 2035.477936
-2730.084156 -762.654315 1499.578133
-2532.059501 -697.591404 1409.941671
-3321.203877 -929.217373 1790.686089
-3725.891982 -948.780631 2018.441675
-3026.028708 -815.675780 1672.077857
-3092.158240 -881.840229 1774.301915
-3171.091366 -855.774914 1750.966433
-3290.965496 -927.603761 1895.219864
-2613.425132 -713.155160 1392.959881
-2625.758729 -671.859576 1386.166634
-2730.713331 -763.430697 1499.884279
-3072.440902 -807.335197 1606.972171
-3702.263885 -958.116553 2048.183107
-2609.511766 -711.995090 1391.340152
-3949.977251 -972.935120 2109.241910
-3043.441054 -800.107306 1592.778388
-3370.276981 -954.006361 1870.874672
-2631.927151 -631.073258 1451.387349
-3174.767106 -761.306931 1751.163011
-3736.816252 -956.431513 2172.202274
-3549.744670 -878.219710 1979.027815
-2722.084608 -762.314372 1531.544255
-3274.828620 -794.941681 1723.538400
-3716.034829 -1005.247925 2109.142377
-2578.625619 -736.271540 1407.007528
-3494.863900 -861.632793 1996.861280
-3050.210207 -719.236039 1706.040101
-3575.946171 -920.769874 1980.040721
-3643.364822 -1041.048872 1986.848173
-2775.028011 -728.209909 1516.584643
-3425.742403 -919.836526 1872.373708
-2319.487584 -574.175608 1293.184433
-3099.182858 -886.397271 1656.277715
-3867.359757 -993.570031 2103.570033
-2880.879809 -759.890687 1666.109145
-3468.869832 -965.120437 1849.168681
-3300.663246 -910.433530 1751.435654
-2613.359644 -739.139956 1390.291536
-3475.068618 -964.295460 1907.694595
-2610.280143 -707.025238 1481.747821
-3519.767598 -847.241878 1896.612059
-3763.641549 -969.738652 2151.226423
-2881.788367 -760.812069 1667.291585
-2871.820794 -769.535618 1628.103883
-2291.151553 -639.914287 1211.864455
-3274.664802 -841.789325 1723.256730
-2276.890122 -601.093520 1185.582403
-3020.666493 -756.210497 1600.937334
-2728.761841 -673.121037 1518.558932
-2937.711962 -761.029157 1534.805222
-2719.951449 -686.061647 1493.867422
-3015.756804 -780.179383 1574.204278
-3334.236825 -864.840657 1743.052458
-2802.702976 -735.859913 1469.962207
-3085.623652 -798.057300 1611.448541
-3177.505472 -770.431973 1774.050979
-3811.235837 -1040.048256 2104.911185
-3816.925916 -1041.219265 2107.338197
-3014.169120 -782.764031 1575.452134
-2770.920359 -793.094163 1511.273177
-3819.921198 -1041.716289 2108.674238
-2483.126000 -676.935539 1401.761591
-3550.136059 -1033.586552 1940.086454
-3691.190153 -947.784823 1941.512601
-3761.418125 -1051.552708 1991.004241
-2584.036015 -651.733801 1419.505824
-3763.827798 -1077.288383 2010.822533
-2732.860089 -673.071968 1520.492443
-3486.467949 -971.176912 1880.444657
-3451.720071 -900.995467 1986.642855
-2900.535373 -812.520532 1537.326797
-2275.851626 -632.536978 1226.724072
-2769.402011 -717.764718 1478.404808
-3748.068175 -917.764609 2051.736777
-2513.826480 -693.573903 1361.888746
-3483.255116 -961.329889 1887.571816
-2870.788534 -783.285705 1661.889815
-3860.796626 -1008.133135 2093.207453
-2663.592737 -705.008220 1529.320023
-3380.403954 -869.100247 1797.024401
-3330.132027 -906.431345 1908.552336
-2264.647673 -625.081208 1227.054562
-2880.707768 -774.927287 1515.881375
-3993.214475 -998.070238 2138.584146
-2860.400798 -714.985430 1537.189071
-2518.724236 -660.314550 1342.496542
-3900.613565 -1049.113262 2052.525209
-3877.001796 -1015.401583 2064.867315
-3316.077803 -889.199522 1814.368197
-3709.389955 -1011.357980 2129.754471
-2914.516162 -802.925916 1653.293317
-3468.122199 -955.723936 1864.033445
-2224.717826 -531.175627 1214.071060
-2478.917985 -588.821243 1381.062645
-3218.777221 -842.589226 1744.289259
-3141.508816 -864.203246 1798.215580
-3163.987759 -869.782222 1809.921137
-2582.011486 -736.619964 1384.061627
-3595.570869 -945.692360 1885.766731
-2629.585957 -668.237598 1459.428809
-3312.741410 -866.153441 1797.443927
-2524.430552 -720.076298 1353.484260
-3715.344189 -1020.414997 2125.307869
-3778.358504 -1039.232248 2160.576598
-3690.749094 -957.016380 1976.149277
-3257.365252 -852.944791 1735.287313
-3480.767807 -910.378766 1855.543519
-3642.039597 -960.827518 1913.586208
-3016.794241 -794.267806 1633.092394
-3213.197133 -897.582188 1824.488779
-2140.557423 -598.304897 1215.626428
-3253.374825 -838.722730 1749.477591
-3256.351823 -839.787358 1750.612850
-3004.165407 -712.955792 1692.755412
-3179.514296 -886.856342 1717.232468
-3889.981386 -978.742153 2046.757019
-3978.615572 -1058.838874 2154.042290
-2867.037349 -741.450189 1531.394955
-3900.877138 -936.217586 2141.799460
-2893.917251 -807.257484 1563.343053
-3004.374692 -734.878798 1664.386162
-3133.610620 -855.813448 1791.116670
-2386.423431 -649.061314 1386.193427
-2609.853211 -712.921819 1491.131153
-3159.755827 -859.419899 1835.776226
-2846.274716 -749.405316 1541.135658
-3160.404462 -859.653299 1836.221093
-3385.920196 -885.766831 1800.141977
-3249.614655 -849.501976 1727.066016
-3314.436055 -865.975569 1761.775590
-3027.328409 -760.712522 1592.319423
-2963.896753 -802.364898 1710.173272
-2768.704516 -682.653351 1538.895748
-2908.274619 -790.649261 1688.973902
-2589.005378 -698.721050 1485.678055
-3449.500340 -877.424940 1846.380640
-2519.146558 -695.357330 1353.956526
-3297.218004 -946.639046 1846.181435
-2622.797725 -685.202108 1421.912148
-3813.580582 -1087.952309 2133.480459
-3197.436860 -834.948306 1734.729227
-3535.067820 -925.427043 1878.363401
-3868.683781 -1000.469971 2092.194808
-2387.579297 -590.723315 1389.922135
-3538.869216 -875.995360 2022.895637
-4000.686807 -971.464983 2157.614735
-3789.944683 -1065.913082 2212.488322
-2993.054697 -842.684651 1747.413086
-2540.423785 -620.687476 1442.671196
-2519.514214 -603.416674 1369.665577
-2805.836082 -707.565133 1596.069045
-2801.135028 -727.929891 1484.875438
-3011.841852 -720.125080 1636.194063
-2787.223197 -662.820767 1495.114312
-2790.715432 -656.029246 1538.827622
-3289.306360 -923.454905 1919.002788
-3208.112237 -892.876304 1838.603717
-3821.310772 -1057.425867 2220.005220
-3382.058384 -865.125516 1849.821454
-3105.974067 -877.588084 1652.310526
-3338.059656 -860.176446 1873.938014
-3521.991854 -873.091659 1908.613835
-3372.246741 -835.180111 1823.662855
-3403.697522 -948.976409 1975.834983
-2610.517236 -650.209883 1414.058324
-2413.977687 -621.843153 1355.365810
-3569.869157 -919.448845 2004.597521
-2522.770497 -646.422663 1342.233862
-3713.301358 -1087.548187 2061.595168
-3393.323239 -966.082511 1949.369473
-2578.064328 -717.289711 1415.210457
-2746.797389 -672.041034 1486.826070
-3840.781296 -1069.128029 2107.785212
-2785.205123 -713.573647 1482.138129
-2870.024567 -818.601055 1651.887360
-3119.099508 -841.479682 1658.244773
-2734.441710 -644.852262 1514.489340
-3362.369139 -793.294503 1862.289041
-2712.763792 -661.550593 1485.621410
-3601.829199 -1029.362172 1978.910468
-3411.614469 -805.682116 1891.199334
-2477.742472 -585.289134 1373.101992
-2802.784870 -735.255901 1470.075370
-2352.638490 -594.898679 1251.250797
-2527.529381 -596.021761 1399.201882
-2805.535330 -676.820238 1495.110263
-3079.897226 -746.977833 1645.907562
-3017.258427 -722.548365 1692.480437
-3076.679044 -808.508573 1613.224394
-3738.167394 -889.391428 2077.947806
-3105.922707 -768.275613 1765.049714
-2801.692814 -666.329641 1555.742701
-2482.592671 -585.277209 1374.367065
-2712.395637 -661.533581 1484.927185
-2756.695901 -726.166328 1492.820980
-3446.829819 -951.237893 1974.754022
-2805.760462 -735.217222 1472.368670
-3453.451616 -953.295324 1978.898447
-3103.071329 -788.191482 1737.760742
-2619.908522 -701.873689 1454.457008
-3150.907045 -897.404296 1811.172609
-2963.850243 -843.602783 1703.314686
-2855.326494 -777.432201 1659.728309
-3769.380389 -965.952065 2120.446832
-2902.164747 -736.859016 1623.324609
-3691.171008 -950.586749 2042.218507
-2647.954836 -686.050321 1414.245427
-3308.363072 -858.272359 1767.048842
-2830.533681 -707.638891 1510.350830
-2397.395758 -661.590654 1288.873450
-3198.871781 -811.218022 1787.239765
-2755.527220 -759.763253 1492.896978
-3388.536136 -942.356178 1953.128342
-3865.176682 -1065.128453 2093.252304
-2681.140478 -738.409287 1452.069256
-2676.702421 -737.120897 1449.810169
-2860.461708 -789.189737 1561.819141
-2663.247359 -666.016954 1480.116896
-3567.206586 -936.981142 1949.287283
-3415.052769 -800.802427 1859.124309
-3037.860040 -753.664666 1691.577968
-3889.235190 -980.902035 2048.446068
-3164.749341 -852.429875 1811.132693
-3068.870314 -761.817693 1710.264711
-3816.828531 -1036.064869 2027.779407
-2626.243206 -660.369598 1470.900359
-3726.785539 -1042.269982 2094.935662
-2076.308568 -561.671528 1110.568780
-3149.253281 -882.437450 1824.592891
-3787.949497 -1059.419781 2150.308030
-2971.423712 -713.356414 1613.051598
-3806.445674 -930.211036 2178.071394
-2468.124110 -597.413439 1416.340968
-2721.463641 -665.218651 1557.578543
-2550.017378 -617.176572 1458.089184
-2885.903024 -783.765326 1635.428192
-3280.059407 -845.154330 1900.336241
-3809.704593 -931.431713 2179.031712
-3372.934201 -824.315660 1931.026192
-2868.652132 -700.003816 1608.201190
-2579.966488 -681.068181 1502.556017
-3034.771700 -766.771360 1688.750015
-2178.700152 -517.634477 1210.167600
-2915.745608 -801.943984 1598.741102
-3029.238551 -808.026023 1779.732586
-2916.502965 -802.019568 1599.309991
-2510.027785 -690.026937 1376.265707
-3137.105752 -806.722621 1837.894099
-3122.352987 -816.428775 1812.253483
-3453.186803 -823.848222 1867.878835
-3667.878341 -996.568266 1964.528632
-2869.124537 -756.557033 1658.797745
-3203.015304 -868.473196 1834.620957
-2596.799124 -684.609030 1501.477497
-2586.502926 -701.821794 1481.172242
-3105.704915 -841.559097 1750.929525
-3815.727826 -983.099095 2236.386837
-3789.159675 -975.855429 2221.652757
-3703.816195 -953.254140 2173.681087
-3799.058901 -1055.893281 2205.905230
-3753.698995 -967.837881 2175.211535
-2589.354529 -690.523800 1495.422948
-2462.567827 -668.558997 1409.960801
-3139.029997 -771.204989 1668.370249
-3317.080450 -972.222167 1842.808511
-2736.822988 -707.719685 1506.213534
-3163.321989 -833.609848 1829.010424
-3145.207792 -881.461983 1783.525991
-2818.778305 -742.616177 1640.676408
-3601.946745 -900.083225 2001.885109
-2944.899837 -722.668075 1564.077333
-3320.772382 -820.131067 1851.606926
-2944.400214 -722.836660 1563.754717
-2701.534546 -735.293418 1565.092009
-2944.997732 -722.377269 1564.095935
-2363.122813 -579.964842 1255.377469
-2808.856055 -753.589070 1559.162324
-2844.075188 -700.937944 1596.828811
-2934.630919 -744.135138 1640.824963
-3371.224562 -792.217211 1883.956479
-3183.092936 -904.298005 1794.204726
-3976.521086 -1016.814214 2096.081737
-3887.437917 -994.537273 2050.083281
-3121.368684 -764.705969 1670.456123
-3655.623137 -894.858461 1957.025016
-3264.841101 -837.589622 1717.279888
-3978.344599 -1116.737983 2105.961449
-3516.908718 -999.024726 1979.879014
-3598.788460 -1015.651936 1909.270825
-3465.418282 -983.896474 1950.805569
-3597.337002 -1015.445124 1908.455794
-2962.129482 -771.921750 1701.673317
-2330.486319 -561.727553 1332.846903
-3822.528699 -901.417247 2040.601033
-3162.867440 -745.895498 1687.168013
-3219.256139 -782.127375 1716.015558
-2936.470132 -693.881849 1566.285173
-2990.017407 -837.043145 1580.657497
-2461.603307 -613.002172 1297.531055
-3437.788094 -890.538282 1839.702180
-2774.804922 -747.597996 1536.060275
-2809.468243 -712.403182 1489.332435
-3754.706016 -988.880611 1971.446470
-2606.298643 -656.573455 1455.610179
-3277.392898 -775.927378 1815.362245
-2062.410326 -534.831563 1113.260388
-3258.190680 -930.694993 1823.498889
-3110.894024 -811.620310 1774.818620
-2503.657726 -607.928904 1428.486532
-3940.315848 -950.148697 2252.083886
-3657.176091 -933.309118 2057.603198
-3346.016742 -844.443294 1887.492675
-2148.062417 -585.513299 1227.641084
-3109.898214 -783.221124 1631.944326
-3317.284284 -835.236080 1739.793859
-3558.489579 -886.114874 1897.218882
-3028.475537 -762.240691 1588.928484
-3607.245754 -970.737535 1967.245894
-3849.636120 -910.670418 2164.548108
-2890.619693 -759.347062 1677.067985
-3353.011541 -792.925214 1828.566645
-2602.163345 -709.499430 1487.185494
-3573.722662 -903.696611 1980.238136
-2895.972178 -789.954596 1655.223213
-3034.767903 -829.190154 1710.608001
-3239.061793 -882.839654 1786.368131
-3329.375923 -835.371066 1884.485663
-3820.874355 -984.494277 2115.511768
-2871.442464 -696.435842 1522.892955
-2728.214275 -677.118687 1565.741949
-2550.559125 -682.842970 1407.213068
-2560.498966 -647.399461 1419.703539
-3313.310556 -886.077802 1827.556430
-3762.453598 -1006.494518 2075.995383
-3351.365610 -830.725632 1921.990999
-2788.917399 -656.405741 1537.542424
-3447.917025 -891.369453 1849.851952
-3368.446468 -881.494784 1957.067832
-2399.160977 -560.435799 1290.418670
-3820.086533 -990.654297 2244.327480
-2684.520074 -658.817098 1443.679755
-3805.649300 -1090.299666 2130.850201
-3583.863805 -858.707934 1934.515518
-3930.307187 -963.952940 2113.787135
-3670.362428 -998.703374 1967.157196
-3129.058406 -819.216589 1817.199246
-3781.697302 -881.477646 2054.581219
-2958.886566 -765.211540 1707.443933
-3800.740177 -970.441141 2189.014872
-2219.725009 -581.775235 1289.254298
-3149.788996 -821.521797 1789.993127
-3214.482119 -755.719214 1814.633099
-3240.770826 -886.613205 1809.227919
-3949.490002 -1008.246257 2081.500944
-3137.736847 -892.767314 1766.713034
-2731.696174 -703.636670 1561.451012
-2689.250477 -778.193762 1537.047870
-3121.960646 -896.993951 1778.061199
-1994.475505 -544.015918 1125.353494
-3585.101822 -979.086951 2027.095878
-3517.890348 -1019.636460 2009.795296
-2795.487846 -809.797092 1597.604380
-2459.738896 -613.921838 1285.174415
-3143.962919 -769.231903 1769.056752
-2801.062805 -685.261924 1576.392286
-2519.537999 -612.471684 1394.632546
-2871.746670 -782.711083 1529.132998
-3468.265061 -855.626059 1863.180158
-3269.066811 -818.014533 1797.909266
-3158.347046 -851.467249 1829.201197
-3869.805969 -1037.382950 2062.025683
-2399.751816 -689.753171 1349.949435
-3061.094427 -794.123933 1659.138090
-3455.446068 -845.616772 1853.787900
-2496.941969 -702.868307 1458.655038
-3466.549405 -888.940141 1973.571006
-2801.797821 -700.860412 1596.503987
-3387.051404 -972.270557 1847.126270
-2944.581752 -691.874525 1623.308396
-3419.053788 -965.272424 1818.755153
-3462.479786 -866.518756 1904.469845
-3388.330424 -972.573429 1848.594405
-3525.328489 -889.257821 2005.492412
-3043.427432 -817.181658 1600.267988
-2843.103227 -763.176604 1494.959309
-3395.636397 -862.732470 1958.915776
-3639.581817 -986.989588 2125.803278
-3127.796525 -846.070399 1827.577068
-3945.375341 -1017.665019 2213.123790
-3257.235329 -873.781235 1712.682618
-2880.389400 -695.104066 1564.787716
-2834.139788 -679.296339 1539.079615
-3474.881358 -876.647176 1978.538351
-3302.021336 -868.321985 1773.006316
-3640.683336 -957.445976 1954.128231
-3882.516936 -916.186260 2174.205580
-2569.604365 -732.106192 1476.944564
-2432.068484 -599.612228 1390.138797
-3847.659719 -969.767882 2116.773078
-3108.401718 -784.633842 1709.825202
-2772.246735 -748.756946 1534.725152
-3323.383946 -817.051415 1841.451725
-3469.737990 -997.606006 1952.524895
-3158.230566 -908.103884 1777.172778
-3401.770847 -950.961222 1838.382415
-2392.030787 -618.424696 1341.789298
-2298.524351 -589.857015 1294.580134
-2959.769547 -827.073079 1599.687135
-2551.171429 -632.867049 1433.871313
-3303.642108 -804.306764 1840.246746
-1987.253214 -483.923670 1106.880306
-2204.920493 -563.319777 1203.325169
-3775.526588 -1050.978248 1990.098956
-2930.543937 -713.959344 1665.918928
-2384.890127 -657.569637 1276.421930
-2380.283404 -623.074061 1246.030766
-3466.800972 -955.683353 1856.446585
-3826.899782 -951.864714 2068.195085
-3503.763512 -830.977819 1910.498440
-2943.829533 -769.423464 1677.345706
-3850.445607 -923.605251 2169.586018
-2808.326828 -734.441047 1600.174348
-3387.660489 -955.161090 1802.169708
-2944.006192 -697.414926 1604.954549
-2464.340210 -599.676519 1372.257646
-2788.787612 -774.736240 1571.166925
-3620.733026 -1005.520607 1908.933856
-3778.541743 -978.855768 2178.804893
-3515.481450 -982.986928 2030.777818
-2905.114059 -809.135837 1546.701649
-3213.019189 -914.338756 1811.473106
-3890.974264 -916.120269 2175.120947
-3661.950268 -1002.592021 1973.014881
-3149.096934 -919.041199 1727.964473
-2750.194792 -798.978233 1513.104964
-2964.559563 -784.626073 1674.134113
-2966.796319 -785.175785 1675.408431
-3088.017954 -805.162544 1696.466974
-3795.410390 -1107.540408 2082.229918
-3295.642696 -915.171557 1862.248243
-2695.651617 -660.675235 1458.733317
-2862.651490 -801.599756 1669.452613
-3306.709301 -820.500032 1759.033345
-3835.497588 -970.189460 2203.679626
-3458.470275 -857.268021 1840.511360
-3231.607114 -813.681238 1699.355465
-3024.854354 -851.509064 1622.515569
-3223.615319 -762.770665 1809.158849
-2592.607665 -665.095019 1400.690242
-3564.836891 -975.560154 1919.366855
-2770.625384 -739.031959 1507.801997
-2658.321672 -652.017335 1473.332255
-2856.325679 -786.191907 1659.948781
-3648.186891 -1005.670668 1944.032995
-3217.384359 -773.498366 1748.003328
-3639.518959 -1017.520381 1987.275199
-3880.962678 -1022.756725 2102.824213
-2596.380550 -624.714144 1453.093068
-3007.381874 -761.070346 1730.321318
-2531.785933 -625.558997 1362.838678
-2344.845128 -633.128842 1251.667807
-2862.406214 -752.750410 1552.120653
-2389.588260 -579.923216 1321.729160
-2385.740100 -603.236573 1371.864466
-3407.969343 -835.244521 1866.128289
-2883.841193 -812.167390 1546.698374
-3721.344749 -931.412440 2049.375560
-2963.496841 -741.122417 1632.001969
-3163.160654 -914.835055 1750.379858
-3158.962885 -914.224750 1748.413050
-3134.474177 -863.565165 1670.533066
-3837.048094 -1076.867029 2099.766724
-3788.410334 -1095.462088 2097.373472
-3403.217549 -846.758482 1915.197430
-3753.422162 -1042.590054 2118.834925
-3038.047674 -768.634090 1617.391392
-2248.591400 -609.438392 1266.526514
-2307.061810 -562.533357 1320.046306
-2626.338869 -759.508633 1486.865486
-2676.887167 -655.904307 1539.886056
-2341.021417 -647.257517 1360.897558
-3827.288373 -1107.362897 2167.444922
-2453.384145 -581.045238 1378.047027
-3181.879460 -771.146585 1764.286033
-3909.765434 -957.401068 2077.297747
-3095.733651 -881.276135 1745.447555
-3426.074157 -974.484306 1930.202847
-3123.359680 -891.281289 1776.038198
-2721.933233 -739.372781 1531.144145
-3326.911286 -873.773998 1742.659314
-3672.643432 -963.034918 2099.452315
-2918.449771 -765.172258 1669.188385
-3625.339334 -950.778669 2072.675910
-2674.873577 -662.755477 1417.862349
-3084.014583 -809.007031 1614.778987
-3391.179905 -891.895426 1837.051991
-3259.281340 -926.199587 1770.537102
-2360.714326 -645.046098 1253.906407
-3831.869910 -1090.310054 2081.883585
-2860.875160 -752.675857 1550.023617
-3252.411285 -775.143544 1859.914508
-3123.633050 -846.364981 1810.156855
-2734.295568 -717.583320 1562.666628
-3801.020253 -944.808321 2102.183317
-2943.015694 -745.352106 1633.652584
-2551.116001 -646.274531 1416.016689
-3102.302603 -751.750544 1643.704921
-3789.854006 -1105.680756 2118.690439
-3814.486274 -1032.672131 2023.309947
-3757.825926 -1021.564424 2012.347945
-2881.081908 -802.728115 1535.659056
-2841.021818 -701.944834 1492.029864
-3002.495208 -740.852253 1576.743933
-2789.805309 -680.588470 1585.524215
-2947.748863 -833.093777 1652.121912
-3449.909382 -828.656497 1889.969193
-3371.811839 -866.390030 1824.704642
-3748.017278 -952.331052 2125.990323
-3369.551048 -987.126601 1857.360829
-3595.144267 -905.221070 2008.135704
-3770.980073 -1066.309455 2113.330390
-3176.704365 -797.924802 1777.944583
-2390.602793 -704.349034 1322.786604
-3441.412528 -883.665689 1860.830235
-2462.072522 -688.415261 1394.107919
-3055.248903 -790.938339 1590.559852
-3337.620444 -864.114747 1737.594487
-2516.298181 -622.788120 1335.338221
-2589.873050 -749.424202 1431.819072
-3445.429031 -866.803038 2016.471140
-2408.961961 -605.733921 1410.011347
-3142.672175 -893.951523 1744.984918
-3608.035036 -986.670171 2006.931074
-3002.363809 -749.346091 1686.766537
-3129.282028 -814.283459 1755.519447
-3001.791043 -788.052298 1770.909482
-2626.039476 -672.878100 1506.077846
-3232.295117 -786.446859 1829.827854
-2931.973717 -728.776654 1637.418154
-2711.107805 -648.901943 1538.332042
-2495.583037 -642.321805 1360.679895
-2491.429769 -622.944828 1362.265529
-3306.370241 -933.170461 1874.476253
-3622.576722 -992.033961 1959.030706
-3425.042999 -971.790125 1821.507834
-3844.663504 -911.613031 2060.268418
-3980.977049 -1095.058128 2123.570128
-3329.508394 -901.533697 1893.965786
-3997.049136 -1038.754960 2103.240541
-3545.441320 -1002.540131 2010.546858
-3360.779929 -859.650364 1847.896562
-3070.022557 -777.883640 1632.038627
-3385.035713 -912.930954 1920.354586
-3958.354946 -1013.280819 2080.449564
-3664.938521 -999.357203 1942.924149
-3103.083524 -882.109593 1652.133560
-3432.840951 -947.920749 1899.956749
-3341.424011 -847.362043 1838.508308
-3854.092287 -1000.813410 2028.796402
-3423.451601 -880.062720 1834.417407
-2650.790517 -743.182909 1463.636487
-2811.009036 -770.027988 1520.247787
-3875.329047 -942.657744 2162.562856
-2347.351868 -645.227771 1248.642515
-3566.891822 -914.156169 1971.682244
-3302.996530 -872.979983 1727.717028
-1960.659317 -528.948014 1112.324326
-2488.215154 -635.019768 1385.337049
-2681.738153 -702.911712 1466.154977
-2678.077708 -689.475307 1457.553589
-3095.629296 -809.412200 1686.011272
-3039.923288 -829.353413 1637.787129
-3780.684311 -962.189476 1993.475069
-3530.363803 -861.511524 2046.531367
-3038.853284 -810.894797 1721.916237
-3043.375224 -840.252814 1684.214076
-2913.303023 -799.083349 1565.822940
-3192.668272 -791.835041 1740.676521
-2748.019950 -701.739751 1529.782487
-3627.485808 -990.969963 1958.719956
-3639.367502 -959.851791 1953.433566
-2733.828272 -662.448754 1519.309625
-2739.923846 -662.033757 1500.419965
-3758.600262 -1079.220481 2047.537900
-3369.122869 -814.087253 1845.182354
-2570.989129 -713.636164 1418.776513
-3417.501804 -930.420944 1844.041329
-2850.134769 -713.491453 1502.207745
-2459.712647 -623.108331 1403.558365
-2864.684593 -723.992616 1534.124340
-2851.781483 -668.022734 1591.224879
-2587.084728 -688.748919 1416.094068
-2778.400836 -743.461778 1495.465946
-2568.751208 -660.160301 1403.708395
-3650.933931 -987.591818 1932.826121
-2444.410875 -686.579436 1420.450626
-2436.512831 -673.721939 1414.354010
-2779.713293 -737.825557 1487.227636
-3177.685254 -865.819976 1715.064097
-3366.820048 -801.455108 1884.592005
-3321.310479 -851.433631 1814.978662
-2179.298207 -579.772850 1157.791434
-2908.001136 -691.866928 1618.585688
-3019.233196 -718.145822 1681.338124
-2567.731150 -695.299217 1410.689178
-2479.671611 -603.823317 1340.103081
-2779.718842 -744.164537 1496.237471
-2819.253375 -718.696385 1588.887869
-3086.528431 -842.040815 1666.890902
-3629.536864 -978.527544 1931.796089
-3182.975997 -805.230439 1705.100864
-3416.761536 -914.704060 1840.060787
-3636.419962 -980.089747 1933.829163
-3304.218434 -865.171492 1766.675879
-2759.711135 -757.962069 1609.549493
-3287.762412 -798.359226 1786.088380
-3727.168103 -1048.084346 2148.284721
-2843.523357 -746.166465 1531.375134
-3945.127823 -1060.411198 2107.858384
-2918.953633 -741.046884 1661.765284
-2700.562721 -725.430386 1443.436809
-3554.257549 -1020.004709 1946.377245
-3481.019066 -999.006068 1907.107958
-3586.519798 -869.981743 1947.588387
-3762.281626 -889.917986 2019.999716
-2412.250617 -663.209378 1407.191493
-2571.814788 -714.024258 1418.687990
-3597.576473 -851.573326 1930.322084
-3712.666986 -1029.718316 2139.074778
-2799.664351 -718.224559 1473.940960
-3610.988615 -1000.531359 2081.430442
-3898.837726 -1014.449170 2108.222170
-2993.932130 -808.815169 1640.885712
-2940.752450 -771.434209 1696.827226
-2484.979937 -645.057301 1399.957578
-2750.321482 -705.495176 1521.008013
-2679.647907 -690.661815 1434.427273
-3087.577812 -738.380800 1738.070186
-3425.521975 -980.291499 1900.565479
-3729.727321 -1002.639266 2134.196365
-3417.274184 -809.908466 1928.906302
-2745.166545 -730.381223 1491.971204
-2492.148766 -663.864475 1353.258211
-2493.283793 -664.312274 1353.890042
-3177.838273 -842.046030 1715.003570
-2760.018498 -736.461125 1498.260323
-3250.281261 -857.788513 1745.026770
-3736.839573 -1008.358884 2149.077674
-3468.999592 -968.687223 2023.873967
-3571.058586 -949.224387 2074.111656
-3322.890175 -789.192387 1782.364948
-3488.801075 -942.229087 1897.214360
-2608.338517 -714.815089 1483.549181
-3108.077519 -777.744687 1706.618777
-3559.583012 -975.638363 2029.778391
-3811.675518 -1001.922677 1997.318179
-2616.667383 -624.860120 1433.093167
-3427.445687 -861.314445 1845.139563
-3419.333155 -885.652787 1974.081605
-2774.309228 -692.573706 1520.980891
-3429.235309 -842.510715 1905.158415
-3712.458431 -926.170224 2032.098290
-2646.805109 -652.526208 1533.970190
-2461.870422 -644.700091 1343.205059
-2370.041731 -590.246938 1293.927882
-2571.211496 -733.759884 1377.814315
-2980.999437 -817.608327 1609.934550
-3280.987467 -831.210807 1779.317061
-3189.720289 -775.460978 1792.871378
-2829.877678 -687.595067 1591.115742
-2502.543421 -649.568462 1362.451189
-3588.781083 -1044.931775 2047.335192
-3229.847875 -896.163111 1754.342757
-2510.776007 -631.956135 1427.484904
-3270.866820 -830.071302 1738.161616
-2767.353869 -767.310940 1503.267128
-2132.819909 -536.840195 1212.959478
-3404.409710 -795.505880 1850.244516
-2883.028867 -710.483698 1609.457080
-3658.059902 -919.012979 2074.130079
-3974.296770 -1019.209666 2094.065017
-3965.071778 -1101.419066 2153.335129
-2795.130521 -717.965528 1475.336059
-3141.856062 -791.767216 1786.323458
-2937.765462 -815.487443 1595.816967
-3067.999694 -839.642364 1655.628536
-3581.417726 -969.170529 1966.958102
-3309.568070 -837.589605 1754.718279
-3604.684438 -998.779362 2077.895781
-3276.724705 -777.681054 1794.206163
-3146.206692 -870.810205 1811.401226
-3466.312982 -900.278064 1986.506563
-2652.285157 -719.228863 1540.842332
-2779.480238 -734.514466 1491.682658
-3842.770327 -1040.404794 2111.210678
-2527.790038 -682.333749 1470.416866
-3747.271760 -1011.442684 2180.358808
-2515.986451 -639.163095 1432.749317
-2205.388240 -544.005376 1233.948441
-2583.710975 -712.221551 1406.334803
-3326.815939 -804.819618 1911.042848
-3364.068382 -814.229869 1933.762804
-2274.451511 -631.229560 1235.078086
-3345.867811 -892.468999 1809.251589
-2357.985944 -584.136190 1282.963878
-3768.313033 -1032.758928 2032.715489
-3109.481193 -849.369436 1690.927084
-2451.794172 -580.116078 1322.184802
-3293.226098 -922.515695 1819.589286
-3350.247674 -915.602893 1822.256091
-3857.680997 -1123.036632 2143.264737
-2928.548763 -754.476198 1567.938254
-3624.827003 -877.687594 2083.295573
-2720.441751 -658.555851 1563.921875
-3547.389040 -877.770155 1929.136707
-2778.959194 -724.273086 1522.629293
-2894.959741 -733.276931 1652.415857
-3001.572130 -747.779508 1685.088898
-3365.681041 -868.937512 1929.786173
-3534.807129 -868.466799 2054.308798
-2745.563689 -683.751197 1540.766279
-3672.852204 -957.268653 2012.220842
-3771.677909 -1054.413615 2202.049942
-3472.255108 -901.770916 1955.780354
-2517.925479 -647.294347 1375.668984
-2831.347543 -753.870981 1550.145104
-2928.275565 -708.586657 1603.172889
-2679.360429 -734.872862 1448.163131
-2616.202856 -684.626267 1403.070841
-3501.889053 -876.855792 1957.236107
-3247.548563 -890.469431 1754.629017
-2721.577997 -706.867075 1533.637221
-3626.899507 -942.288036 2043.674436
-3493.394320 -864.560039 1949.504463
-2770.354063 -739.282617 1511.908185
-3761.847742 -937.782004 2110.653492
-2860.003132 -793.739318 1577.774718
-3043.687861 -858.626609 1713.168585
-3947.273146 -1116.463630 2205.706877
-2468.914092 -646.514848 1425.051005
-3692.533913 -958.041533 2082.495963
-3431.212454 -804.348398 1906.665478
-2489.668429 -604.246762 1408.252047
-3407.009155 -826.527652 1925.875894
-2820.250897 -711.633734 1519.818726
-3578.049879 -877.868275 1968.016243
-2332.358938 -655.946111 1295.037670
-3020.309208 -867.891944 1688.006990
-2152.326870 -550.597192 1198.316023
-3556.117379 -953.608025 2076.743051
-2251.171306 -583.644177 1318.373316
-2913.598657 -694.564226 1558.592687
-3216.733565 -880.507626 1725.887777
-3699.742984 -955.738508 2081.801100
-3316.032627 -838.748415 1855.094705
-2895.431377 -688.318424 1548.680330
-3625.307826 -864.314543 1938.917207
-3565.843079 -957.049503 2081.931200
-2565.651065 -677.549091 1360.819072
-3119.387383 -789.212011 1655.144115
-2637.840320 -675.166826 1467.827311
-2561.112613 -727.830760 1478.176204
-3351.447000 -857.541732 1899.114250
-2569.687857 -708.290338 1399.706431
-3151.950676 -863.500182 1693.278989
-2552.925257 -699.457872 1487.924015
-2796.657277 -680.437874 1510.730546
-3717.683750 -1038.727116 2006.727115
-3695.126725 -1031.771059 1995.044164
-3292.014477 -772.955206 1781.659465
-2626.713147 -643.283211 1462.503669
-3228.019404 -885.943263 1882.033906
-2378.466141 -674.547334 1389.427857
-3139.914797 -789.663049 1777.571046
-3804.531307 -936.076654 2088.829075
-2937.356703 -808.155148 1693.961287
-2900.886061 -801.429042 1580.061270
-3808.937592 -1015.658681 2008.645767
-3863.110986 -1066.007234 2102.781127
-3837.558328 -1028.217196 2232.831738
-3955.210199 -1039.558245 2117.118580
-2566.234670 -665.269351 1488.190363
-2224.294402 -590.207124 1303.251363
-2415.141091 -649.218393 1343.166288
-3778.648581 -980.035802 2189.936427
-2710.921287 -703.581011 1572.768804
-2538.952313 -632.601921 1391.763470
-3656.526381 -975.514867 2144.955197
-3224.347458 -844.631579 1885.120206
-2825.488764 -733.601260 1639.111369
-2525.217718 -659.661226 1482.485913
-3155.504691 -837.678112 1849.818156
-2223.315136 -589.228610 1302.772638
-2692.750364 -706.920072 1587.139646
-3413.636198 -857.391359 1860.108072
-3193.893655 -788.626841 1850.426973
-3093.960068 -829.767575 1768.485036
-2844.428983 -719.193684 1539.852216
-3871.866445 -1037.442377 2260.252685
-2118.369436 -560.968218 1241.488558
-2224.379768 -635.661707 1224.053192
-3521.265286 -1004.085324 1895.537234
-3141.735754 -799.409735 1671.479497
-2916.051205 -805.978615 1589.013920
-2907.581150 -818.751385 1552.277052
-3023.830173 -788.754860 1755.815847
-3385.547917 -901.150114 1985.557331
-2570.974333 -695.486362 1348.705953
-3120.851477 -824.661220 1832.509791
-3322.163479 -854.465693 1955.474338
-3226.540592 -803.926090 1812.272209
-2493.083515 -619.396344 1401.271763
-3833.191416 -971.571617 2234.661470
-2759.647272 -699.524671 1608.897042
-3962.939394 -1020.066290 2101.354715
-2495.012410 -619.975477 1401.994507
-3730.244261 -970.988258 1970.384790
-2955.348465 -751.099134 1602.232783
-3735.447352 -971.555473 1972.777005
-2744.016639 -640.075440 1492.092131
-2491.232986 -680.688643 1386.435920
-2813.482021 -815.402426 1582.665598
-2804.895629 -654.460210 1526.174013
-4008.011697 -936.052138 2179.849311
-3001.482610 -790.996041 1563.874950
-3011.962266 -824.291114 1718.054503
-2636.029279 -720.975352 1465.273370
-2952.433237 -840.999381 1637.683233
-3483.114522 -879.196331 1977.028099
-3743.728308 -955.253393 2085.210379
-2956.726942 -784.390450 1693.538389
-2876.358960 -672.376091 1564.344890
-2875.534974 -779.544310 1627.640780
-3885.682402 -923.862832 2173.987337
-3370.704638 -796.621037 1855.087610
-2446.772518 -679.300113 1348.576176
-2472.744286 -611.508877 1414.341119
-3456.516615 -910.287656 1809.673465
-3163.443512 -906.444406 1808.732441
-2281.595298 -608.899765 1233.398132
-3109.284815 -782.899858 1661.674097
-3442.504318 -879.212847 1907.106152
-3209.107179 -936.743153 1752.005678
-3326.695750 -933.143117 1921.488883
-2513.516934 -609.575780 1414.988055
-3744.727411 -1059.542078 2113.885011
-2383.947011 -668.912873 1376.620023
-2715.417942 -658.294323 1527.206253
-2854.943255 -787.223802 1553.215768
-2899.665160 -730.742532 1548.932428
-3803.578925 -921.331979 2157.696233
-2446.696055 -623.352411 1376.456950
-3463.728579 -871.882702 1850.218239
-3814.750586 -1027.859040 2001.956802
-2995.050138 -773.224503 1604.661115
-3598.214395 -1006.294847 1982.638459
-2191.548086 -575.213153 1181.297351
-3946.777456 -924.155693 2184.942047
-2752.470955 -729.138684 1483.945102
-2646.179344 -659.200466 1525.666134
-2852.633441 -773.478050 1615.845671
-2882.544788 -743.546085 1543.119892
-2816.762600 -666.322017 1586.907737
-3665.967056 -975.793004 2004.039822
-2808.897017 -784.234371 1627.236727
-2870.548372 -772.013381 1643.817991
-3655.850852 -898.680674 2077.347991
-3596.961746 -868.739149 2075.371724
-3696.796467 -922.557840 2077.730898
-3953.106377 -1053.595074 2160.479182
-2921.064136 -708.541000 1655.487611
-2497.502293 -675.978941 1436.321412
-2449.439942 -623.017736 1399.422364
-3264.507122 -950.096514 1869.554897
-3798.116015 -931.432561 2208.107811
-2303.606462 -650.058113 1307.307732
-3265.831442 -950.184446 1870.308190
-3202.261854 -932.488375 1833.648934
-3026.014530 -872.568889 1698.915066
-2493.613994 -639.891593 1380.133377
-3645.342930 -1009.062611 1984.180336
-3436.142780 -889.675802 1838.349397
-2513.714345 -675.483520 1345.134476
-3647.850142 -950.268878 2043.054641
-2859.408207 -751.902449 1627.858974
-3159.210154 -874.364014 1720.002266
-2489.019635 -634.382946 1341.336577
-3168.991201 -876.678603 1723.870303
-2798.132055 -780.802362 1621.541990
-2796.985843 -707.491665 1564.842472
-3188.584582 -876.316795 1797.937822
-2856.003851 -816.438088 1622.889767
-2851.174162 -783.625458 1607.582564
-2072.924396 -598.014852 1164.736822
-3846.675504 -934.011075 2063.095398
-3790.839897 -1048.110962 2012.020037
-3189.497661 -819.526074 1864.491797
-2573.065835 -712.268660 1399.769323
-3167.412749 -813.827216 1850.679293
-3301.201443 -800.702231 1770.757398
-3105.245871 -819.336207 1823.309841
-3286.998692 -840.203762 1932.284292
-2618.175324 -690.202646 1491.431971
-3722.198034 -979.273014 2117.707865
-3723.327687 -980.199082 2120.361064
-2379.575581 -610.103014 1364.982337
-2875.544345 -751.182561 1694.680840
-2761.361391 -668.517627 1559.137966
-3237.107905 -891.054010 1719.229162
-3460.182179 -955.668644 2021.277167
-3253.986363 -787.202291 1837.555785
-3188.068290 -754.349041 1703.453294
-2932.503084 -694.805307 1566.933767
-2662.962579 -629.796907 1422.817640
-2472.648791 -583.688218 1321.943605
-3827.120017 -1040.078281 2133.022457
-3514.518031 -822.838387 1953.897698
-2617.499598 -707.035857 1433.377523
-3735.300994 -1015.821740 2079.419602
-2600.312308 -707.103332 1447.688914
-3041.342508 -717.454327 1626.112112
-3792.484346 -1070.331914 2138.307392
-2695.411916 -696.667116 1517.833307
-2461.741598 -659.118690 1295.584395
-2648.106613 -626.046125 1415.286390
-3348.762864 -969.327011 1921.269473
-2626.933768 -643.982324 1457.588473
-3457.611226 -955.551405 2017.085294
-3338.948588 -802.954318 1833.540447
-2813.001459 -667.447515 1541.024465
-3130.051122 -906.216291 1794.692524
-2884.236904 -766.103346 1575.694545
-3418.676482 -880.110435 1831.099553
-3715.788700 -984.041548 2021.044487
-3079.228812 -869.160715 1799.507972
-2921.305914 -736.174474 1541.028158
-2968.326444 -757.640445 1650.697504
-3827.787915 -922.729340 2100.628142
-2939.608358 -842.784702 1666.787660
-3573.109489 -861.207719 2013.451571
-3163.672399 -854.674254 1839.804933
-2719.083915 -784.737981 1528.268739
-3478.938737 -895.877539 1966.800297
-2380.838816 -660.373594 1292.286994
-3813.689160 -1026.104625 2005.518706
-2902.824137 -728.644020 1563.382552
-2768.047365 -713.045870 1484.624814
-2461.140329 -603.596697 1365.997342
-2730.639940 -658.009025 1498.322709
-2740.116650 -659.613155 1505.296163
-2495.916414 -701.198508 1458.235826
-3109.063306 -776.707520 1707.635773
-2761.219123 -677.529463 1534.206357
-3084.104891 -735.869723 1739.278242
-2798.877488 -755.814766 1472.597815
-3152.178001 -869.977271 1838.964183
-3389.827752 -816.727914 1861.809711
-2811.169983 -689.205172 1561.345845
-3620.308010 -871.726747 1989.254388
-3580.819330 -925.547301 2029.987443
-2506.958339 -676.887803 1318.818829
-3131.515970 -906.577399 1795.608246
-3342.147254 -853.064038 1858.880285
-2596.673350 -715.437097 1414.067355
-2681.558486 -650.060321 1473.883970
-2352.292672 -680.872709 1324.564354
-3110.327583 -783.447841 1640.989636
-2632.628020 -762.021408 1508.945975
-2475.099381 -607.394342 1375.331239
-2780.851670 -670.150344 1526.420292
-2823.410434 -679.725336 1548.677964
-3379.042660 -881.003985 1846.989471
-3531.243931 -938.363204 1927.047497
-2966.527913 -805.074443 1641.882229
-3423.321721 -830.943610 1880.076819
-3934.228990 -1011.749011 2100.564112
-3420.145151 -830.101616 1878.250435
-3196.174281 -781.601466 1799.732760
-2617.620887 -705.230400 1503.522304
-2747.769011 -689.198244 1535.884268
-3254.218758 -896.479406 1900.682981
-2770.967521 -778.525349 1619.444989
-3150.704228 -870.076867 1838.802565
-2754.397346 -772.905073 1609.662332
-3584.959812 -900.798439 2087.718593
-3193.611468 -865.785071 1767.274786
-3426.885973 -831.782368 1881.965967
-2488.858651 -605.346459 1405.795300
-3439.621272 -815.909623 1852.268568
-2780.381279 -768.124352 1623.737108
-3178.235823 -823.033950 1792.434878
-2746.221740 -723.661584 1516.737725
-3311.825881 -797.166059 1819.141262
-2049.567288 -555.515935 1134.213550
-2358.378679 -611.134810 1332.748646
-2033.104737 -552.973025 1125.418928
-3733.457261 -966.005908 2102.124721
-3244.555466 -884.255713 1806.436908
-3108.786913 -896.605804 1795.408669
-3678.810852 -948.850970 2072.564825
-2905.776884 -736.367353 1655.836511
-2678.612224 -767.189594 1541.266916
-2904.217306 -735.738060 1654.774760
-3181.590638 -872.352994 1855.898502
-3531.965218 -910.249119 1991.253253
-2590.174623 -713.530956 1491.256019
-2685.590320 -662.300152 1516.764137
-2589.608584 -713.018073 1492.031338
-2232.368419 -605.690092 1213.802360
-2642.158569 -696.211466 1549.447996
-2943.034575 -810.757886 1694.580872
-3357.973130 -924.241725 1933.780248
-2907.482542 -836.561186 1676.809381
-2739.955208 -694.017627 1560.597336
-3607.609304 -994.261006 2077.447126
-2529.096367 -666.984249 1483.616538
-2648.840841 -681.067741 1560.770400
-2596.302502 -697.677399 1442.005508
-3311.432588 -822.247761 1860.023908
-2531.557449 -651.334517 1491.213791
-3119.249407 -822.113565 1829.947432
-3879.150568 -962.922850 2180.525012
-2840.633911 -700.113358 1514.936760
-3774.473611 -1014.771086 2095.963094
-2766.528659 -729.346430 1623.258543
-3226.410071 -798.529567 1813.100335
-2284.354415 -646.615938 1234.340379
-3385.577544 -892.844045 1987.435712
-3355.590661 -927.676496 1960.178331
-3164.072895 -818.014619 1694.875618
-2923.050334 -816.947959 1542.012122
-2539.249492 -626.743933 1453.150598
-2177.542369 -531.932428 1146.173865
-3013.807802 -842.434421 1590.217786
-3360.019946 -869.284395 1799.449697
-2506.733078 -619.601931 1434.130725
-2884.320778 -737.721510 1575.131888
-3245.339070 -904.913482 1710.908986
-3477.965948 -849.156310 1830.431398
-3625.402424 -1012.430439 1912.474107
-2376.181460 -672.314897 1389.021876
-3431.979503 -960.604446 1891.645424
-3566.840993 -995.544513 2068.055361
-2574.482389 -685.155720 1519.169140
-3430.968082 -825.364988 1881.090297
-3466.175791 -851.869837 1850.193730
-3796.076509 -912.918144 2081.526547
-3165.326342 -858.079376 1709.470043
-2043.293762 -586.151361 1111.684187
-2725.018744 -724.984128 1489.390548
-3396.965894 -960.235338 1884.646546
-3585.838338 -981.511710 2095.168653
-2888.902273 -790.708137 1687.894002
-3319.414773 -904.227565 1847.279415
-2962.836282 -779.974668 1684.697243
-3384.421758 -890.841163 1924.369481
-3705.569214 -973.585084 2101.183289
-3636.658886 -957.695588 2068.409008
-2805.184565 -760.559378 1514.407234
-2748.150866 -669.009381 1515.423404
-2895.085519 -714.084893 1673.480799
-2830.217187 -665.999378 1572.569729
-3730.575150 -1075.819210 2033.040283
-3757.680140 -1020.657715 2100.826731
-3334.873866 -961.665104 1817.631566
-3732.900342 -979.693879 2042.559791
-2891.328590 -742.619751 1549.560820
-3443.413359 -1000.225474 1974.882401
-3763.188241 -943.607707 1967.003800
-3998.561404 -1096.495646 2120.938410
-3523.809407 -999.758499 2032.714801
-3577.750672 -931.429084 1955.050094
-3735.437201 -970.865365 2040.895646
-3649.701430 -999.823141 1935.359121
-2553.770741 -640.688677 1335.093995
-2872.996545 -779.564750 1570.202730
-2574.751713 -737.103443 1420.106272
-3325.063882 -951.827621 1837.678780
-3481.663826 -1014.727357 1985.473639
-2526.190380 -733.944103 1391.410374
-2554.292182 -601.706628 1419.763816
-3891.809022 -1122.738703 2215.075693
-3532.048700 -952.426792 1935.857604
-3987.537430 -941.878661 2159.468164
-2004.289424 -583.164318 1114.018696
-3864.276663 -936.231808 2176.487632
-3243.586539 -930.422789 1855.219893
-3919.534403 -949.779593 2208.963514
-2398.206756 -612.387501 1382.875476
-3122.243336 -898.261852 1751.184548
-2767.048263 -793.339116 1583.591224
-2493.546579 -668.325027 1343.614539
-2818.558867 -793.953708 1553.151288
-3689.750345 -999.566142 1953.845974
-3853.992000 -1075.799545 2107.766816
-2405.351014 -623.953479 1309.709892
-3257.958393 -778.712891 1764.301366
-2297.421047 -543.754068 1271.188900
-2791.976755 -805.514259 1588.758798
-3202.671363 -863.916189 1754.946345
-3618.540806 -902.696260 2006.949021
-2784.398691 -721.439409 1589.831970
-2620.101930 -665.660360 1528.159624
-2820.726378 -710.823972 1538.607788
-2803.189834 -715.645316 1616.561940
-3296.262298 -775.067963 1830.262671
-3651.191425 -1000.084935 1936.533706
-3200.473022 -802.772972 1675.018065
-2581.375899 -753.563484 1430.830794
-2546.810898 -638.765533 1333.329629
-2049.260692 -528.048608 1165.469462
-2640.465896 -736.673548 1462.259212
-3422.862420 -832.691449 1847.158619
-2857.554932 -736.049494 1628.666998
-2884.482995 -804.227884 1564.555696
-3342.781851 -873.625639 1962.324190
-3471.743018 -894.449394 1978.254317
-2260.621871 -635.495356 1238.250946
-2450.653967 -603.913512 1345.229730
-3522.267807 -856.978392 1900.979490
-3467.522632 -892.790472 1975.439178
-2902.285836 -739.194903 1681.790433
-3080.863160 -793.965203 1754.628090
-3088.813938 -895.675175 1715.555620
-3157.358402 -812.925007 1798.844954
-2322.734077 -563.498057 1244.493810
-3374.873256 -818.072624 1807.976522
-3916.583936 -993.435922 2282.657178
-3237.060946 -886.399710 1716.103981
-3117.256178 -908.850522 1701.441197
-3051.772751 -717.284134 1702.265152
-3798.436056 -1107.632913 2073.687466
-2492.893770 -726.537065 1360.431097
-2582.636741 -693.244903 1478.284914
-3397.630487 -844.844773 1922.762730
-2962.626859 -700.197384 1592.751423
-3622.960921 -890.215034 2058.490580
-3528.803593 -992.220062 1944.056691
-3912.731957 -1093.252407 2137.928768
-3606.150982 -1007.846785 1971.036993
-3230.985219 -815.965765 1818.560848
-2628.453305 -740.304560 1448.322234
-3146.749052 -800.620058 1769.407859
-3146.129836 -794.318164 1771.048360
-3119.966784 -893.209773 1784.525928
-3842.135434 -1076.037633 2115.775483
-3390.151255 -945.552925 1899.224531
-3233.640861 -824.122114 1791.079724
-3271.402255 -852.345452 1772.489602
-3851.644732 -1074.558475 2157.793783
-2458.852030 -614.822390 1286.905551
-2461.465606 -616.074502 1288.654079
-3684.539993 -1058.943593 2005.199918
-3722.172962 -950.125293 2061.317481
-3497.409160 -898.824302 2042.127212
-3544.976468 -1014.508726 2027.676295
-3082.463528 -786.556907 1660.452715
-2218.732583 -633.667145 1195.352687
-3803.668958 -1051.608534 2097.820181
-2653.676881 -716.311016 1453.174782
-3590.688170 -988.315393 1997.163001
-2887.069713 -735.920735 1675.500757
-2797.601448 -707.529423 1592.400787
-2829.331711 -801.789220 1570.632499
-2878.094006 -707.340093 1662.610917
-3602.637609 -922.547515 1983.200405
-2834.850094 -802.865951 1573.774469
-3154.198906 -851.115408 1728.104191
-3136.302666 -912.679159 1734.376640
-3485.849047 -983.090125 1986.022389
-3337.496016 -834.461269 1834.526077
-3030.409858 -751.571648 1609.494331
-3660.096108 -935.852167 1933.292083
-3923.381118 -1016.350338 2222.293982
-2772.290001 -658.574524 1519.521193
-2411.450247 -584.122342 1358.716921
-2500.076442 -591.191943 1352.820839
-3210.038988 -943.055932 1786.038302
-2826.584654 -829.391283 1573.403692
-3886.497827 -968.837710 2174.343576
-2483.685872 -619.120913 1389.346589
-3230.323968 -931.212504 1866.163898
-2619.779324 -630.822556 1422.470308
-3845.300500 -1058.976825 2139.727366
-2419.621721 -613.456853 1377.652339
-2595.702816 -672.785708 1469.148879
-3290.242218 -773.889090 1781.803109
-3005.756267 -741.493190 1696.468841
-2638.015295 -667.690182 1501.530679
-2614.964259 -727.356421 1526.956027
-2827.979672 -820.011072 1571.634598
-2700.603449 -790.348069 1504.507769
-3245.767821 -906.277424 1710.882099
-2833.533389 -680.926599 1553.417241
-3906.626345 -1052.413956 2159.265798
-2869.280660 -753.443014 1668.287518
-3367.015841 -883.281071 1955.757093
-2169.061287 -536.445114 1263.545548
-3674.927138 -912.919786 2105.439985
-2493.610513 -616.400716 1452.241984
-3367.313502 -884.552164 1935.346988
-3059.482213 -800.829405 1666.244825
-3318.022958 -887.327223 1881.307284
-3894.742998 -946.705688 2114.725775
-2751.183137 -668.355120 1493.550444
-3769.734281 -921.809863 2185.773988
-2689.117514 -638.704389 1495.210395
-2826.067632 -706.085302 1513.306463
-2985.622335 -763.561087 1608.075517
-2777.982704 -689.318942 1485.103532
-2656.217794 -693.386617 1514.080643
-3120.664333 -801.205896 1645.079252
-3491.099076 -936.041385 1873.562184
-3742.154623 -962.524225 1978.471812
-3341.072726 -912.332644 1815.843584
-2971.775994 -801.969912 1614.207419
-2682.635816 -644.383305 1466.097306
-3328.394170 -812.799099 1849.556117
-3476.715239 -942.402162 1920.938398
-3530.594892 -870.083254 2012.848575
-2946.447961 -750.523858 1660.906861
-2914.256785 -742.040363 1642.566025
-3388.010081 -862.574398 1909.314623
-3386.317084 -861.950668 1908.265144
-2926.979045 -731.387590 1566.415763
-2585.208199 -656.678041 1457.819473
-2902.032437 -789.114282 1685.937334
-3526.155174 -868.249856 2009.945018
-3708.180491 -1007.185132 2156.397642
-3074.645102 -830.822364 1775.214341
-3735.642719 -949.435214 2107.419469
-2514.159243 -603.877895 1373.952051
-2732.135669 -666.745877 1517.553324
-2874.603752 -836.693597 1641.068841
-3472.074677 -895.105869 1860.972953
-3213.508306 -847.901273 1744.706723
-3734.782668 -1087.662483 2132.008162
-2774.980027 -727.721199 1513.978597
-3295.372352 -864.479846 1799.334145
-3642.963083 -961.910176 1976.863191
-3195.106448 -902.939829 1822.892641
-2385.211920 -694.790324 1361.179143
-3582.570705 -940.361992 1954.852595
-2335.669221 -566.907718 1238.550178
-3754.548150 -1010.754146 2148.639015
-3399.010764 -910.432131 1950.771035
-3717.151645 -936.270169 2025.596515
-3829.149535 -1081.957880 2154.552946
-3502.203524 -910.866887 1966.788866
-3583.003771 -947.179069 2099.451880
-2262.953757 -577.632426 1315.547663
-3184.878428 -817.354889 1863.415480
-2805.360638 -796.049019 1573.674936
-3546.590587 -1006.630021 2036.441048
-2864.986472 -812.728167 1645.852353
-2858.649547 -816.890044 1613.587435
-2350.567588 -671.112796 1326.595740
-2521.033534 -648.109296 1333.245032
-3827.889370 -896.444369 2083.079861
-2780.224805 -727.739658 1592.348857
-2951.350733 -691.842729 1607.077857
-2958.683789 -692.054574 1610.817934
-2951.356819 -690.055604 1606.944458
-3305.529710 -833.604188 1846.357556
-2485.141153 -626.702698 1387.920564
-2844.015451 -667.919845 1584.785160
-2818.920013 -805.578775 1578.467457
-3366.946095 -939.791770 1949.110283
-2776.243262 -785.124635 1492.795764
-2843.457586 -797.525632 1595.498869
-3373.706532 -846.397417 1854.628506
-2877.252564 -776.687008 1563.552221
-2776.464052 -785.398600 1492.472719
-2785.765415 -656.312844 1535.730235
-2880.906366 -678.949241 1587.819100
-3696.590482 -918.550571 2118.915064
-3292.333789 -775.849774 1814.896225
-2465.071671 -680.885872 1316.058073
-2684.265311 -741.574767 1433.459152
-3324.188941 -863.470234 1889.125943
-3534.805135 -905.632265 2003.957974
-3866.791046 -1075.165304 2179.422049
-3484.287256 -900.656472 2014.315125
-2718.433740 -714.581500 1531.385015
-3036.000445 -775.215307 1784.591134
-2352.434497 -641.803126 1310.607897
-3555.003400 -860.979053 1872.655988
-3704.804524 -936.704932 2037.509266
-3320.362574 -802.276137 1871.685065
-2240.434260 -569.511452 1291.782504
-3617.387035 -884.536130 2036.317250
-3679.604176 -987.118155 1936.740549
-3111.468159 -867.842869 1745.791052
-2774.502636 -784.069540 1493.339166
-2460.439870 -635.158321 1323.464668
-3591.969194 -899.559411 1975.113170
-2363.554455 -595.913741 1300.238443
-3054.860290 -795.674344 1643.588113
-3508.588145 -905.980027 2068.161881
-3188.532591 -823.498585 1880.045311
-3796.568808 -943.426557 2172.638990
-3248.338308 -855.046993 1794.938436
-2628.064562 -760.515906 1477.113772
-2622.850413 -710.762082 1415.941797
-3940.592278 -1062.131053 2142.381729
-3204.891549 -938.776195 1782.224071
-3967.497535 -1075.570063 2141.200840
-2419.372316 -632.070483 1378.352125
-2420.128991 -632.301094 1378.725963
-3118.072659 -795.919384 1833.478329
-3485.403476 -888.409451 1839.497542
-3192.043606 -745.027562 1769.972712
-2480.626672 -579.065575 1376.350659
-2531.637416 -591.255402 1403.814281
-3844.545011 -1117.274260 2160.139797
-3249.420264 -767.099157 1798.304325
-2881.539016 -780.959459 1526.186711
-2920.398727 -767.018232 1599.739004
-3425.206264 -824.957393 1823.525462
-2945.893237 -752.154879 1700.602501
-2636.159554 -638.329227 1446.062884
-3032.890229 -760.498369 1588.677116
-2642.088883 -662.136286 1384.182270
-2595.273045 -676.033187 1452.294082
-3602.696577 -1008.527297 2055.317426
-3424.016017 -833.006148 1847.349814
-2735.804368 -671.634728 1574.517369
-2518.082832 -597.218630 1415.525852
-3112.191390 -853.158141 1645.130478
-3451.034226 -832.694603 1975.255286
-2379.359861 -620.890745 1288.431030
-2782.471047 -654.691541 1553.847380
-2692.553782 -737.192587 1428.807225
-3042.642350 -846.828908 1715.208655
-2603.782159 -724.586635 1467.568195
-2974.313316 -759.008194 1569.389821
-3541.126218 -956.734975 2035.090577
-2364.352900 -639.120764 1358.270671
-3467.640230 -1007.588766 1948.762257
-3707.636681 -929.423330 2040.175486
-3450.972967 -960.314130 1947.058134
-2646.599605 -764.910573 1463.144746
-3493.301740 -877.514978 2009.595481
-3403.227811 -842.988300 1786.449922
-2985.495332 -782.228775 1672.605588
-3472.233023 -906.743890 1953.845333
-2747.231495 -667.609415 1575.457668
-3753.722903 -939.186087 2094.005849
-3842.974224 -963.273969 2144.043680
-3091.942095 -772.860685 1724.649634
-3282.509147 -820.457897 1830.367249
-3067.270382 -725.580334 1714.918334
-3172.077672 -761.551350 1761.079793
-2380.308912 -681.431571 1358.948446
-3665.584990 -954.769142 1907.805428
-3002.266607 -783.120172 1734.357692
-2788.065781 -682.154966 1464.087865
-3496.091644 -843.292302 1885.379667
-3287.742067 -823.424489 1832.625963
-3172.577915 -849.414123 1657.822105
-2610.138007 -747.156579 1486.444268
-3357.615879 -884.938014 1749.692867
-3550.963047 -969.362865 1946.979022
-3263.411300 -779.193554 1745.407666
-2999.113899 -747.922579 1615.839495
-2917.263365 -782.970164 1694.430103
-3565.061381 -979.515808 2020.578375
-2833.168601 -669.938326 1583.426366
-3463.356452 -923.045755 1868.223594
-3553.234897 -984.455657 2036.766851
-2196.995393 -528.033162 1219.486601
-2461.784274 -614.344903 1288.841933
-3178.186446 -778.184178 1680.653209
-2836.994077 -680.426872 1551.892549
-3721.687938 -1032.987199 1982.656417
-2497.498919 -611.630544 1320.725819
-2797.583097 -672.849855 1551.776442
-3972.171001 -955.746667 2202.353318
-2801.100724 -672.265015 1531.984268
-3343.416987 -823.007680 1928.752511
-3347.651040 -893.517731 1897.946556
-2852.709147 -783.133644 1632.716399
-3357.280284 -941.342944 1888.362288
-3213.473134 -823.393973 1794.852218
-2638.730947 -623.766747 1447.637938
-2689.313688 -772.277900 1439.365918
-2635.919519 -623.608941 1442.078933
-2278.061676 -654.000607 1218.677724
-3373.771965 -938.720533 1927.681173
-3250.026520 -801.382431 1767.631533
-3454.621307 -958.794170 1902.723100
-3280.106977 -824.891175 1885.769360
-2518.430473 -714.033349 1468.453761
-2934.932002 -782.826665 1555.486438
-2296.018887 -654.746628 1259.992158
-3566.489253 -979.746497 2015.505925
-3264.067707 -803.210121 1795.660725
-2540.559792 -614.129353 1404.765322
-2825.183858 -767.936720 1516.885582
-3807.885084 -935.758675 2089.143274
-3782.374732 -929.148260 2074.739571
-3986.257779 -979.711397 2185.770880
-2582.698957 -709.246475 1497.999964
-3220.406518 -921.479255 1741.525090
-2749.877485 -737.510956 1467.202293
-3772.658727 -1067.454103 2175.503668
-2932.063840 -784.487278 1555.596394
-3946.919937 -1053.428882 2106.594710
-3495.572685 -931.603087 1866.067449
-3449.567206 -947.456580 2000.694516
-3644.910196 -992.753825 1974.838859
-3744.061706 -1077.495683 2128.314530
-3034.291788 -802.368604 1622.776353
-2375.081627 -683.147279 1357.511682
-3899.014530 -976.544164 2227.758809
-2201.378668 -605.004429 1272.664916
-2887.249341 -804.323377 1679.173360
-2873.317376 -730.903483 1533.398133
-3879.293422 -960.970344 2186.617681
-3641.326627 -963.428275 1912.597542
-2579.571857 -683.383218 1354.138891
-2895.327238 -746.538651 1682.455203
-2155.966870 -535.899163 1214.767354
-3739.468549 -923.230617 2061.841336
-3174.424090 -795.337024 1840.132509
-2774.190620 -737.925457 1469.881934
-2772.722332 -738.256686 1468.742369
-3579.370634 -954.014795 1897.439582
-3217.844729 -805.702298 1811.288907
-3346.624505 -838.393576 1883.665186
-2889.320230 -736.584370 1644.022778
-2915.008800 -743.873169 1658.905398
-2722.499468 -728.431225 1461.032196
-2594.937745 -703.588904 1364.465839
-2962.084334 -772.620315 1714.804313
-3322.496065 -818.544301 1828.665125
-3767.124257 -982.940645 2181.758730
-2971.899462 -850.760169 1606.231967
-3084.298995 -886.461189 1750.895767
-3250.260436 -825.265749 1734.436796
-2658.788264 -708.568897 1537.806121
-2586.172262 -741.214475 1398.120621
-2957.592677 -720.062639 1700.801175
-3227.427382 -782.803935 1808.996914
-3190.124893 -839.664765 1839.072541
-2410.414925 -691.253777 1303.011656
-3369.768813 -830.315288 1811.311444
-2384.547185 -627.484876 1375.533676
-2668.201357 -641.440715 1500.180334
-2674.969851 -643.074087 1504.218413
-3875.543692 -935.768087 2178.025994
-3756.575500 -1010.879112 2016.331104
-3033.601285 -784.722195 1691.723774
-3151.121447 -745.704570 1739.573931
-2710.798809 -774.995061 1464.317249
-2530.690015 -607.149441 1382.991101
-3175.525894 -851.345553 1816.093671
-3960.580614 -1107.620534 2122.151066
-3292.024261 -870.856617 1797.539936
-3856.007662 -1021.227293 2100.875107
-2743.921289 -727.267752 1492.920785
-2750.219456 -728.996800 1497.675903
-2241.607716 -595.571710 1215.878219
-2856.085203 -759.017779 1551.621744
-2742.786453 -728.909217 1489.981331
-3526.424181 -937.704370 1915.203083
-3269.200000 -869.308304 1774.723285
-3632.510999 -965.979918 1970.117863
-3869.228309 -1117.714966 2151.612449
-2760.705497 -742.152810 1510.782265
-3715.498364 -1001.613477 2026.376086
-3821.494305 -1032.538055 2085.323125
-2821.420081 -724.774692 1529.623597
-3345.774922 -904.587084 1820.813903
-3616.311220 -1025.514996 2003.764217
-3900.877797 -985.245483 2240.538461
-3620.180686 -874.416569 1949.864971
-3721.871129 -1038.035991 2005.313164
-2674.907397 -745.488296 1440.468005
-3581.213514 -996.655188 1927.723266
-3605.884390 -998.712934 1985.307219
-2478.019176 -631.597493 1387.803124
-2843.975438 -786.825213 1613.082054
-2590.825865 -659.724348 1450.015536
-2675.888111 -737.281533 1445.140712
-2901.945103 -731.949001 1664.426869
-2795.528622 -770.185246 1509.363064
-3457.864065 -951.328974 1959.921099
-2613.573302 -718.944591 1481.099818
-2576.219482 -727.535199 1419.630912
-2908.605166 -821.536015 1605.592558
-3586.367795 -985.163071 2038.267492
-3392.327692 -860.311610 1900.804207
-3323.404688 -846.716594 1798.016248
-3614.668853 -1024.997575 2002.801336
-3708.043923 -945.608264 2005.757947
-2570.228039 -655.711776 1390.494707
-2432.811389 -616.674585 1389.327824
-2478.686822 -607.691179 1385.377302
-2972.500589 -728.761516 1659.340172
-2643.045720 -715.842897 1437.889636
-3217.412471 -885.810199 1858.393035
-3029.067366 -843.681968 1662.069212
-3518.782018 -980.193505 1930.682610
-2986.253475 -812.327452 1601.866903
-2691.719306 -731.372872 1439.923995
-3868.573328 -933.286948 2114.995478
-2621.599214 -723.529256 1514.118877
-2443.683454 -599.295694 1365.158588
-3396.425660 -819.439684 1858.950470
-3284.393966 -799.012916 1841.177104
-3856.337181 -1064.713331 2227.345181
-3784.679032 -1053.832519 2166.849440
-2730.125266 -667.450281 1563.830940
-3119.836291 -869.071894 1786.289758
-3687.778526 -1049.858601 2019.982349
-2503.568643 -604.035545 1368.913957
-2874.542584 -772.140485 1532.420298
-2903.807731 -741.047483 1566.711182
-3537.223708 -903.219242 1908.307295
-3199.846313 -777.240945 1792.997639
-3605.667587 -977.340242 1966.635054
-3168.559845 -859.402748 1729.332621
-3337.847453 -914.035381 1829.569009
-2890.401165 -793.610191 1582.176920
-2894.364194 -795.242087 1584.126814
-3004.475015 -729.954899 1685.015124
-2890.461602 -794.699613 1581.400095
-2821.429952 -778.112078 1542.903137
-2528.226991 -597.158378 1371.684753
-3375.379802 -861.792534 1820.675281
-2589.703201 -708.028656 1377.103945
-2674.002359 -756.372793 1536.431634
-2745.509366 -648.307052 1477.702376
-3672.487948 -1002.199776 1971.117605
-2517.219547 -685.349403 1429.861386
-2619.448238 -714.452016 1405.632811
-2605.705601 -723.037893 1421.057883
-2859.974027 -793.984979 1559.911705
-2720.253578 -667.525985 1519.217192
-3720.973533 -984.290868 1994.928480
-2785.495835 -735.876579 1493.275659
-2817.292492 -717.373412 1552.538364
-3550.524726 -862.710480 2041.566456
-3091.728156 -767.481779 1757.089267
-3285.713141 -927.273749 1753.771824
-2578.945653 -629.751602 1461.124123
-3288.190318 -929.803745 1755.525295
-2748.371994 -681.553105 1561.911711
-2930.544618 -741.433435 1641.747599
-2669.224126 -641.611733 1501.996936
-2804.409541 -693.831153 1579.932498
-3515.953020 -994.470670 1939.415927
-3576.183482 -844.591753 1938.546169
-3003.365412 -744.923281 1706.153966
-2451.475079 -572.420567 1335.628641
-2873.711646 -703.298212 1517.383546
-2941.543458 -719.713109 1642.909173
-2451.704574 -572.084511 1336.272318
-3289.759255 -823.563003 1833.354133
-2721.138749 -634.792629 1482.333913
-2771.398584 -722.494275 1622.131508
-3602.599569 -887.477433 1889.570097
-3179.323632 -782.750682 1834.033954
-2917.530393 -683.801919 1572.450518
-3417.916445 -925.838000 1872.718273
-2463.043271 -610.505337 1291.257486
-2593.338301 -705.159094 1359.041907
-3826.950690 -1039.947206 2005.454141
-3216.240829 -783.020835 1842.482052
-3083.214402 -827.402071 1791.134845
-3961.774116 -1147.139208 2135.550256
-2961.748433 -776.056819 1724.581533
-3854.824094 -1014.482763 2272.154914
-2858.515355 -799.933184 1543.233233
-3641.340971 -978.237716 2124.289118
-3784.272318 -982.631590 2104.252515
-3277.444490 -923.027773 1897.487578
-2391.663567 -620.232389 1342.418942
-3806.034565 -972.003310 2130.396135
-3718.138035 -1049.043859 2155.484672
-3070.144702 -795.960103 1723.314204
-3631.277842 -941.170860 2040.522073
-2413.405375 -679.896334 1397.577534
-3879.382373 -1041.468552 2262.759978
-2860.555594 -804.855223 1655.769301
-2717.594446 -705.702030 1522.720404
-2858.529761 -799.841941 1543.921294
-3862.693511 -1026.282612 2215.018674
-3194.487775 -828.895059 1792.583669
-3198.118832 -829.889483 1794.739960
-3276.377809 -918.993510 1897.176871
-3306.844875 -907.446577 1861.944331
-3004.590461 -759.221472 1578.409364
-3192.695264 -828.395749 1791.639304
-3086.397226 -788.483389 1727.650609
-2585.846478 -692.000950 1368.644108
-2828.527442 -756.317637 1496.264546
-2041.974209 -565.133471 1114.617976
-2934.859187 -812.450625 1602.074498
-3772.689286 -966.098716 2141.836544
-2777.256372 -793.619938 1615.211231
-3301.047146 -772.415603 1779.467152
-2797.929418 -654.710297 1509.344849
-3261.372337 -763.216680 1758.842526
-2742.627526 -641.889414 1478.834102
-3558.284545 -869.691178 1982.877002
-3505.015280 -898.591833 1990.968271
-2409.910825 -636.506470 1370.287209
-3215.839113 -923.555913 1757.108154
-2442.779419 -624.400658 1386.028421
-2428.084293 -618.463364 1399.330933
-2924.182893 -685.397505 1576.243481
-2927.923535 -686.328878 1578.233464
-2865.637644 -785.381453 1569.848782
-3147.906583 -813.715318 1717.979951
-3003.521486 -784.436043 1620.841887
-3826.097500 -1102.119738 2197.673086
-2883.788059 -798.936257 1574.805272
-2808.341637 -722.306048 1615.501245
-2887.917772 -754.375789 1558.757217
-3888.449933 -990.117450 2069.096099
-3312.640136 -829.592440 1861.197104
-3179.743794 -860.896078 1695.270663
-3336.896709 -826.518670 1878.851140
-3156.801015 -893.910032 1783.727766
-3345.540482 -827.797375 1816.546887
-3876.586033 -1042.741793 2266.235516
-3315.258001 -829.141212 1860.733056
-2926.002747 -764.014859 1529.994416
-2663.445783 -651.878142 1474.243657
-2650.122742 -711.364191 1534.708241
-3029.888709 -792.644987 1583.246958
-2770.183834 -690.439920 1449.861479
-2803.821668 -733.535219 1464.799702
-2637.112166 -750.391821 1525.280816
-3546.658383 -944.876450 1917.359790
-2682.732903 -717.529892 1481.307169
-3675.841016 -973.737754 1967.940567
-3528.213984 -933.976999 2037.208509
-3508.193071 -857.358106 1917.862544
-2777.150483 -690.292091 1524.171252
-3906.888219 -986.645679 2049.328400
-2381.401725 -596.202276 1276.682124
-2427.093586 -693.616326 1357.776185
-3579.310706 -997.716288 1924.609753
-2614.520885 -710.946245 1493.171087
-3817.696066 -928.863133 2167.829836
-2815.616994 -684.680761 1599.186314
-2791.452469 -794.672673 1614.474274
-2226.964448 -632.501833 1234.249432
-3506.926820 -851.709125 1991.056283
-3424.716013 -807.505139 1850.396963
-3042.409311 -710.992657 1649.659883
-3747.437726 -949.309141 2070.065600
-3678.909113 -951.891084 2049.217174
-2760.720292 -645.100006 1496.967988
-3126.366157 -782.688424 1799.109836
-3459.492900 -831.506222 1937.973624
-3549.773088 -960.926124 1895.224335
-3474.823911 -894.660280 1934.682744
-2417.032282 -622.320089 1403.524160
-3465.609950 -965.291340 1842.236753
-2351.961131 -615.733925 1273.060078
-3327.778399 -895.203031 1894.547813
-3833.829957 -1097.306777 2101.815153
-2563.498177 -659.625466 1427.822793
-3495.874242 -838.303360 1896.226233
-3485.561629 -896.936621 1941.155419
-3219.028615 -807.347591 1809.313121
-3568.118549 -1020.927364 1955.562361
-3679.313074 -970.292300 2014.585227
-3216.712513 -806.976384 1718.947608
-3735.696404 -944.474835 1962.515524
-3362.441118 -832.681287 1762.342357
-3972.008656 -1008.487559 2181.238435
-2878.360342 -700.261978 1548.719093
-2531.453860 -635.181794 1352.270316
-3274.732808 -781.963184 1812.296956
-2595.981170 -732.379077 1447.238129
-3110.618626 -819.250395 1750.230885
-3885.915140 -985.158353 2146.862287
-3401.047803 -863.137481 1881.209380
-2636.549839 -669.258614 1457.870518
-3397.585931 -958.968680 1895.127866
-3220.275469 -806.889796 1810.897683
-2817.532276 -824.173611 1607.399563
-2949.311348 -851.098762 1661.987167
-3246.291008 -800.294335 1766.291955
-3044.167309 -856.954680 1713.621922
-2301.872432 -611.009789 1201.585777
-3047.932730 -841.536949 1688.136624
-3163.091321 -760.495776 1754.781164
-3478.312987 -925.974580 1972.537400
-2786.903115 -718.061302 1575.106112
-3475.312031 -959.058775 1925.943243
-2640.618013 -645.766847 1524.227361
-2580.557064 -711.985753 1429.711725
-3326.180418 -858.923891 1879.748330
-2493.455210 -686.273833 1447.169499
-3263.726567 -903.741198 1874.887530
-2843.206837 -716.176600 1511.220988
-2482.920325 -663.495783 1317.733971
-3314.740369 -913.272720 1914.385887
-2772.619758 -735.674008 1474.504050
-2791.024201 -740.530800 1483.105544
-3396.524100 -900.328127 1848.489057
-2540.823986 -703.266346 1459.297788
-3867.024238 -1033.770410 2050.623656
-2774.808701 -767.342663 1592.714734
-2767.236811 -760.791762 1607.010846
-2461.420620 -658.241125 1306.109378
-3334.454872 -921.364637 1914.699176
-2927.685171 -846.886365 1681.495216
-2574.132106 -743.342937 1431.050909
-3445.355079 -936.340972 1880.156037
-3388.291962 -920.215936 1849.242861
-2993.659383 -812.239608 1634.058884
-3314.655825 -912.306340 1925.489072
-3465.768066 -993.247061 1945.920175
-2688.633778 -770.696999 1509.361238
-3769.069607 -1081.913722 2116.638887
-2580.345553 -710.513574 1498.331455
-3211.265450 -804.874396 1807.385180
-3823.321860 -971.340804 2046.930033
-3818.840633 -945.794460 2160.778812
-2804.715300 -694.311549 1587.893550
-2442.261040 -623.465989 1389.513824
-3423.167240 -875.297784 1810.314010
-2931.560063 -693.071091 1580.222009
-3333.705248 -901.315640 1833.545116
-3767.787444 -1019.146185 2072.306581
-3224.861378 -797.529454 1825.171542
-2761.776732 -769.443797 1493.355833
-3032.330297 -769.981065 1688.613037
-2458.984361 -612.419674 1362.104952
-3131.556954 -822.667609 1682.079776
-3498.355326 -870.887796 1938.194807
-2735.688366 -680.739394 1514.671730
-3231.637962 -796.212556 1776.740932
-2822.810093 -734.353047 1640.591928
-2283.969541 -655.517115 1300.744658
-3364.880629 -876.620778 1869.051986
-2683.670084 -655.915314 1496.285076
-2805.682966 -789.114673 1623.175568
-3032.737296 -850.075902 1637.706543
-2870.029465 -743.089475 1609.838226
-2614.364482 -722.960436 1500.683661
-2972.924934 -773.650801 1728.396194
-2671.903104 -751.277968 1545.941165
-2823.837990 -734.342180 1641.119442
-2901.966841 -807.010986 1558.549002
-2756.873642 -797.356740 1578.474143
-3823.572590 -992.823707 2243.717288
-3117.778840 -804.280243 1766.101823
-3715.803662 -990.362327 2177.197906
-3431.496554 -884.339164 1943.428227
-3333.764625 -849.909097 1773.367416
-3531.051691 -906.099697 1904.206563
-3468.270120 -883.562865 1844.351076
-2704.429160 -720.956336 1584.988542
-3784.167500 -1008.732164 2217.405554
-2601.336331 -731.276659 1476.492484
-3758.774217 -999.378372 1960.766276
-2839.523679 -757.825026 1623.869186
-3429.213870 -981.760359 1880.707860
-3352.422340 -814.057304 1901.031645
-2745.792427 -722.907364 1436.601700
-3373.210772 -831.302802 1811.028626
-3579.894026 -944.870796 2051.437846
-2967.407627 -766.997186 1641.736370
-2381.763103 -587.134560 1279.320796
-3011.648999 -779.277426 1677.798581
-1949.250820 -492.472111 1087.315493
-3763.091689 -886.837804 2029.209605
-3198.005676 -833.619257 1845.649033
-2710.734721 -750.427646 1537.809959
-3227.386643 -837.541058 1770.033265
-3469.489034 -895.989551 1891.234218
-3194.145999 -872.904892 1674.516500
-3056.861582 -836.334176 1603.556303
-2342.232949 -686.646839 1279.924045
-3100.069347 -849.256881 1626.222117
-3813.352175 -1040.525695 2008.114596
-2848.624147 -807.391371 1509.321328
-3126.999063 -880.796418 1703.302102
-3254.352814 -861.245053 1832.152010
-3794.454951 -1056.741063 2007.817827
-2855.471640 -822.261819 1558.146642
-2288.825148 -637.246384 1211.146989
-2416.552491 -682.098269 1390.972119
-2505.117580 -629.605582 1368.315022
-3412.629639 -861.273723 1866.098690
-2853.316417 -827.161719 1541.002721
-3415.780874 -861.151124 1868.492415
-3847.424972 -1087.573810 2216.303410
-3642.652223 -963.148995 2053.124112
-3469.238422 -906.274517 2005.468576
-3640.230982 -962.552884 2051.849558
-3265.431820 -779.363042 1745.955236
-2525.839463 -727.752419 1378.418457
-3639.635144 -975.764164 1945.817904
-3499.696355 -835.388658 1870.347469
-2257.082561 -595.963400 1271.014451
-3267.266396 -875.426725 1746.512053
-2494.284539 -596.147639 1332.726569
-2945.049545 -703.924968 1576.449863
-3637.529514 -960.876577 2048.034847
-2853.824291 -821.827525 1557.185713
-2657.528720 -762.268214 1419.481102
-2791.507107 -792.557694 1482.736763
-2778.087416 -766.549369 1578.160660
-3029.612764 -717.372945 1613.474670
-2857.382981 -812.088504 1517.221602
-3094.354368 -884.421459 1648.166090
-2778.215951 -773.053804 1589.354096
-2941.523498 -785.162781 1696.493905
-2869.946623 -826.770912 1566.819910
-3159.888471 -850.525557 1812.175181
-2198.699199 -527.595336 1177.581321
-3758.771032 -1010.776546 2016.296687
-3182.006315 -811.696855 1718.304945
-3257.550416 -872.286369 1745.284906
-3727.525290 -995.414412 2149.201858
-2181.849099 -612.972315 1265.561418
-2447.063824 -631.010132 1352.416812
-3433.718066 -980.295105 1892.467550
-3727.798344 -997.840833 1997.388649
-2805.136509 -714.928552 1545.727964
-3581.742270 -876.104907 2008.661033
-2750.212947 -691.136695 1501.736923
-2371.690812 -586.207014 1286.697899
-3454.303224 -1016.711789 1915.558170
-3255.512573 -804.977745 1766.297657
-2990.412839 -807.992553 1630.250667
-3630.218138 -1003.468862 1983.999323
-3247.601277 -826.086195 1784.625133
-2881.172754 -724.860923 1573.311979
-2762.767130 -814.266570 1533.436751
-2496.122630 -611.559174 1417.992766
-2295.637251 -560.471342 1288.934789
-2981.458505 -762.842080 1720.708932
-2258.917086 -649.074880 1240.624614
-2821.906957 -709.730713 1541.185866
-2870.404809 -737.646881 1607.973772
-3840.748328 -1083.661168 2082.592138
-2654.369531 -638.464977 1441.407945
-2370.649071 -649.403138 1337.442795
-3324.204121 -846.598190 1799.226547
-3968.415122 -953.383025 2197.657889
-2677.518554 -652.392047 1537.637934
-3170.015069 -872.049753 1790.617869
-2167.470219 -566.441406 1253.661855
-3064.975219 -803.205055 1615.174265
-3547.939164 -929.631785 1869.439683
-3841.301291 -1083.929203 2082.874286
-3138.531441 -905.880005 1713.861658
-2397.691877 -602.899758 1374.920245
-3420.564630 -967.682506 1883.529927
-3692.806832 -1011.386622 2082.207444
-3422.349084 -968.885266 1883.805142
-3107.215999 -840.045787 1755.998878
-2874.769296 -829.820180 1568.908612
-3319.190403 -830.208615 1897.880326
-2673.663076 -700.852534 1536.105389
-2925.800121 -791.069708 1653.344166
-2512.899671 -676.871597 1348.624244
-2966.344309 -766.302309 1640.264409
-3376.998411 -845.201246 1930.917571
-3800.934001 -982.121448 2101.012585
-3764.631058 -982.521291 2179.927993
-3061.615091 -761.871667 1694.728787
-3314.956427 -848.959945 1913.565349
-3616.243965 -900.067869 2001.343346
-3781.430292 -934.533817 2078.799588
-2598.880401 -664.963017 1499.969705
-3799.282280 -1004.047426 2179.433329
-2818.352091 -744.781092 1616.987294
-2515.720417 -712.851902 1465.067963
-2703.268186 -770.896942 1505.634725
-2480.472305 -637.599716 1337.763653
-3649.972095 -885.823137 2105.724407
-3619.700682 -1024.076401 1995.521319
-2977.787831 -765.138231 1606.050480
-3770.858291 -931.421381 2072.842240
-3340.598778 -910.556374 1754.124029
-3101.341952 -891.114803 1658.143632
-3260.636950 -930.609199 1734.829244
-3279.872892 -930.447417 1739.362014
-3643.811356 -962.289057 2049.492703
-3854.673837 -1101.301054 2050.474388
-3146.037227 -901.320714 1679.925105
-2703.243571 -777.252535 1445.401598
-2793.372581 -791.624871 1480.842885
-3204.721051 -915.160961 1703.551555
-3311.927736 -901.920655 1739.850897
-3630.672560 -1020.553087 1971.078702
-2932.090864 -742.078223 1531.838136
-3945.677274 -1058.369504 2110.033438
-2474.161908 -725.767938 1353.332434
-3856.564744 -1101.339449 2050.184582
-2894.024907 -828.059316 1539.775843
-2304.584629 -571.332455 1250.530259
-3826.154815 -1098.862063 2043.631379
-3746.659093 -1102.164455 2056.100840
-3717.031364 -1068.008654 1985.398168
-2822.445168 -727.608568 1624.899413
-3910.485503 -970.245066 2122.197295
-2563.057792 -741.078020 1390.896327
-3107.421663 -882.901502 1794.893982
-3017.217808 -777.392442 1737.214329
-2719.898728 -796.275728 1487.898322
-3589.646448 -1014.597538 2087.790244
-3419.308169 -834.655431 1845.142097
-3804.417510 -1058.926152 2015.759854
-2653.623532 -777.400879 1451.838262
-2765.998261 -812.413684 1517.710604
-2857.321044 -818.898583 1570.953018
-2770.029718 -811.376013 1516.649859
-3166.762533 -890.677596 1836.323489
-3179.988731 -775.215133 1820.390872
-3726.661172 -1040.351142 2007.294907
-2628.698299 -718.643071 1383.117912
-2858.016219 -839.901479 1568.174537
-3467.289269 -891.422729 1974.412320
-2726.274594 -709.711266 1521.392203
-3875.790434 -1027.402651 2208.201482
-3265.272668 -783.787365 1806.332999
-3274.912272 -819.925063 1785.184883
-3423.944061 -836.038113 1847.641388
-3562.563356 -1044.466876 1948.725808
-3059.459070 -896.623214 1673.085207
-3065.730362 -877.597455 1634.333826
-3606.607177 -1031.913468 1921.883776
-3146.562231 -894.919303 1819.155788
-2921.941907 -849.243611 1603.547448
-3378.445458 -884.390072 1826.898766
-3154.307011 -880.871695 1696.146614
-3928.288328 -960.673499 2121.683760
-3048.066012 -845.548826 1670.189307
-3677.444970 -899.311929 1986.365169
-2455.706497 -601.672658 1326.900986
-3886.341492 -1106.647970 2246.072918
-3166.336338 -800.268953 1652.887340
-2929.382979 -849.952473 1636.361927
-2648.518540 -767.493556 1429.811204
-2772.814922 -801.529339 1498.849239
-3630.948047 -880.680622 1923.777395
-3958.695702 -1143.813887 2137.880457
-3444.948227 -946.296444 1892.407377
-2752.286024 -669.145746 1483.312408
-3163.831145 -769.230009 1705.074034
-2979.997085 -845.659761 1663.274285
-3552.375670 -1028.741424 1917.742229
-3579.513968 -1034.828739 1934.915202
-3292.093491 -946.984214 1780.819273
-3415.782217 -931.752374 1796.237789
-2856.208936 -779.850352 1501.432455
-3110.268626 -822.400275 1754.384484
-2496.870792 -660.949560 1407.090402
-3331.660940 -935.496828 1914.299805
-3820.167719 -1072.238801 2196.216598
-2968.447110 -785.765933 1673.127657
-2665.151272 -713.890688 1426.262171
-3465.367508 -883.750846 1906.548984
-2272.532183 -642.185820 1237.708812
-3221.996743 -833.593287 1781.080778
-2546.204073 -623.698944 1420.340109
-2218.961836 -625.696009 1277.311455
-3521.887802 -991.207547 2025.016213
-3298.809826 -853.991982 1868.817780
-3668.923286 -1001.099424 1934.508801
-2935.834710 -827.410466 1689.597896
-2479.734330 -612.052121 1362.995012
-3769.138082 -972.777511 2133.202134
-3559.730500 -880.114434 1963.517597
-3674.462968 -1001.756113 1932.086698
-2496.242195 -682.400753 1310.762730
-2703.969696 -705.353968 1501.694363
-3472.910556 -919.916948 1954.129533
-2705.833043 -784.527169 1459.104766
-2761.550192 -759.950761 1518.054109
-2946.361725 -757.580021 1678.526622
-3540.570282 -885.888884 1931.423112
-3299.574537 -969.630321 1858.172431
-3230.819088 -936.957971 1764.099934
-3178.754333 -739.036503 1758.479757
-2528.604836 -596.500846 1362.616411
-4001.478804 -986.092448 2137.847329
-3492.822848 -1031.688936 1939.760552
-2809.643213 -729.586653 1559.458072
-3350.322089 -869.416823 1861.680501
-3223.218177 -880.529078 1798.719724
-3675.363542 -911.624999 2049.864775
-2446.278485 -634.635064 1359.872880
-3242.725405 -928.762538 1771.129269
-2488.665031 -599.619249 1340.889663
-3708.807179 -994.453678 2150.120740
-3257.970285 -934.247631 1823.316330
-3583.878924 -983.473509 2050.552782
-3335.001065 -845.595016 1792.365125
-2767.395550 -680.182023 1532.635024
-2811.063175 -705.548293 1506.261572
-3203.693758 -821.707707 1790.060722
-3120.923211 -873.713957 1670.751367
-2766.895701 -680.018034 1532.491910
-3460.567339 -903.562953 1811.095049
-3331.237212 -800.968813 1823.181550
-2906.686452 -708.732529 1544.190631
-3695.908923 -985.095810 1973.904048
-3773.117399 -895.741276 2126.201358
-3501.025517 -872.518891 1973.287805
-3927.904719 -978.217770 2213.335739
-2577.948739 -655.015489 1407.270429
-3611.497831 -1024.115865 1956.228868
-3464.483215 -883.392490 1845.715843
-2416.967788 -594.845893 1393.123160
-2154.021861 -554.860903 1182.272553
-2786.532295 -702.436182 1479.702501
-3514.719395 -898.730787 1948.893946
-3743.610323 -932.167310 2107.227820
-3262.723920 -851.363503 1707.776249
-2901.742148 -738.745129 1636.169790
-2751.282386 -687.259135 1550.258383
-3516.513383 -995.518159 2019.411270
-2809.591148 -743.709139 1611.344766
-2836.264449 -681.711774 1552.012143
-3218.024348 -839.343365 1684.423413
-3486.849779 -911.155045 1991.168276
-2519.478444 -612.806055 1394.066445
-3672.286685 -948.386717 2048.118935
-2621.692503 -663.732504 1498.991856
-3481.477009 -823.744957 1900.510451
-3867.308210 -1047.005174 2066.939280
-3263.143185 -785.570293 1786.453239
-3741.644211 -1006.346811 2136.633661
-3896.116581 -1048.168524 2224.163860
-3587.962351 -932.838238 2072.970396
-2805.997625 -806.559148 1571.531899
-2797.185374 -683.731658 1514.959422
-2697.906839 -715.579417 1419.184768
-2916.558249 -826.710803 1640.865943
-3771.308619 -1082.266687 2110.663283
-3127.370229 -885.966690 1820.199635
-2881.005889 -692.923462 1576.779113
-3276.775305 -794.516003 1877.433214
-3731.868796 -897.622084 2041.899735
-2627.216033 -656.041943 1455.359450
-2955.981631 -744.759975 1557.287165
-2593.029127 -646.298117 1437.045594
-2501.397542 -623.444665 1385.759994
-2545.069226 -641.044448 1339.927520
-3993.273530 -975.198992 2162.186384
-2641.978823 -669.513516 1464.510571
-2899.461028 -733.818016 1657.311792
-3221.364222 -817.883948 1797.751268
-2769.769171 -681.471743 1534.152344
-3499.195289 -860.669517 1937.142500
-2611.191026 -709.692920 1366.390894
-2181.373517 -593.136713 1141.462315
-2612.468718 -709.986587 1367.010099
-2809.384128 -728.915018 1559.203686
-2687.607193 -630.637552 1447.757276
-3665.045482 -976.142084 2109.988163
-2840.749599 -756.428014 1635.124175
-3528.978182 -900.272187 1934.242264
-2789.070709 -716.881372 1507.231302
-3424.015693 -882.802095 1901.864919
-3257.803512 -907.864362 1749.212081
-2240.550744 -577.644763 1217.537927
-3372.009524 -916.503719 1804.789295
-3551.571438 -937.419268 2018.365688
-2296.933969 -606.233448 1304.702782
-3675.840018 -1013.010227 2081.210507
-2764.736607 -663.767145 1528.605038
-3454.904599 -987.647488 2010.077322
-3329.199344 -864.182513 1869.135860
-2544.206060 -640.743495 1339.463432
-2796.315223 -721.587031 1476.308096
-3307.658676 -907.955574 1855.168090
-3242.552912 -942.604886 1849.655547
-3656.037324 -982.402297 2115.386060
-2257.937862 -632.069794 1306.327574
-3797.712846 -1004.238517 2177.701305
-2810.404764 -734.399267 1470.045015
-3647.479931 -992.716705 1950.514562
-2681.600915 -718.755320 1479.776325
-2748.319038 -793.038651 1555.454188
-3956.578892 -1077.105222 2116.250337
-2762.645659 -663.615151 1547.161521
-3216.871677 -757.495949 1813.580247
-2765.006839 -694.479626 1532.858778
-2990.237974 -712.342150 1618.643320
-2972.702305 -765.822667 1726.378936
-2806.658746 -802.485566 1570.755785
-3173.789561 -908.421672 1777.121296
-3229.033225 -833.871238 1687.623045
-3163.306150 -905.158735 1770.224419
-2565.698101 -733.915920 1435.652570
-3225.936691 -837.503602 1771.048251
-2481.711625 -678.080231 1385.428487
-2860.832236 -713.652982 1666.866253
-2493.918593 -636.071863 1361.138540
-3455.472445 -843.942581 1963.619946
-3120.348373 -874.200109 1671.567489
-2621.553481 -758.193851 1468.040953
-3091.730848 -778.542948 1642.304844
-2501.434964 -657.593193 1343.327492
-2499.359304 -614.768841 1422.441204
-3850.208319 -1038.788272 2131.756495
-2903.243044 -734.303649 1659.456050
-2405.605580 -616.097232 1368.688665
-2465.777805 -627.315868 1420.982585
-3554.871653 -948.065366 2046.405901
-3372.141295 -860.464876 1842.900531
-3472.566979 -915.922340 1973.668596
-2233.469400 -589.081661 1269.620027
-3715.780459 -995.079660 2156.388040
-2658.974632 -692.112999 1477.404922
-3202.220901 -814.685267 1844.642821
-3624.341459 -1017.345086 2026.056177
-2700.518728 -702.841882 1500.339869
-2531.566470 -593.897009 1354.440659
-3608.803341 -883.373118 1939.442191
-3944.505294 -1001.696532 2119.580818
-3776.168277 -959.192739 2029.521859
-3251.894199 -885.853062 1735.805321
-2516.732696 -616.040371 1352.062914
-3278.844327 -850.379411 1798.879671
-3915.450581 -1020.414344 2262.453862
-2495.244518 -678.179159 1413.018277
-3344.483858 -873.125473 1934.275316
-3414.537874 -833.449102 1916.935262
-3579.922970 -859.551279 1960.832016
-3569.157883 -889.817305 2012.414180
-3554.894518 -1027.482087 2012.844737
-3240.578975 -872.034387 1723.486996
-3200.022341 -861.965163 1701.291565
-3413.488405 -833.039417 1916.302772
-3807.154622 -1056.520130 2088.793269
-2822.226174 -735.145158 1632.153687
-2264.196684 -590.472957 1309.894917
-2859.140888 -841.252951 1569.379847
-3343.012597 -966.445550 1893.792564
-3064.752508 -800.206144 1702.229657
-3362.909685 -950.843725 1955.583561
-3049.891609 -881.140900 1712.624619
-2910.348539 -823.026598 1543.024717
-2861.652450 -794.038825 1597.792461
-3480.844939 -822.851032 1853.265291
-3863.981296 -1014.351381 2207.779629
-2823.887472 -825.085363 1568.913102
-3763.476554 -921.859545 2031.693584
-2657.363253 -692.573105 1517.628756
-2800.869218 -723.571160 1464.180109
-3819.052265 -966.655030 1993.300079
-2360.205265 -596.565518 1230.516018
-2541.136462 -643.122198 1326.058507
-2933.871281 -741.896369 1530.728034
-3288.533733 -847.763543 1881.402925
-3884.126507 -1103.390742 2174.857806
-3659.543369 -1039.755535 2049.146838
-2437.191498 -602.895350 1341.612878
-3074.246088 -905.418633 1731.862159
-3076.958888 -906.186663 1733.425411
-3041.129379 -770.120367 1586.285378
-3143.675612 -797.051325 1640.465227
-3660.407998 -1061.858776 2059.677437
-3317.639397 -824.236423 1852.248420
-3367.766769 -946.358917 1970.290210
-2343.779409 -647.522781 1302.124294
-2524.129509 -700.009391 1371.674050
-3798.413596 -1056.529295 2180.412522
-3510.889404 -969.246753 1952.148638
-3238.173343 -894.304931 1800.099499
-3763.511135 -944.274472 2057.513432
-2672.928922 -656.847938 1542.012074
-3544.882739 -870.786709 2045.513686
-3588.609101 -988.617544 1986.985330
-3127.487465 -801.410785 1679.509989
-2790.212091 -774.284922 1600.121443
-2588.418734 -718.143891 1484.212202
-3522.280362 -968.013507 1874.881193
-3537.655366 -982.650951 2027.624038
-2532.760022 -656.998479 1462.274566
-3221.845982 -792.364408 1769.737143
-2473.148152 -627.740185 1303.553005
-3004.323744 -861.709475 1705.195333
-2882.655343 -709.447941 1549.281767
-2777.043837 -651.480360 1513.809246
-2115.735973 -548.546814 1221.131394
-3604.313099 -998.587193 2074.239163
-2611.067420 -765.231886 1470.107215
-3407.934201 -838.153164 1918.399522
-3529.055495 -902.473183 1936.211034
-2882.750835 -781.414273 1629.533477
-2873.730810 -779.024078 1624.703247
-2526.387863 -635.812527 1360.710852
-2952.986303 -693.397455 1609.629897
-2677.988861 -702.842158 1535.116260
-3494.740581 -958.644926 1972.107388
-3986.206798 -1019.718203 2188.062221
-3709.067867 -959.066716 2093.207289
-3450.422321 -892.203007 1947.335439
-3029.285143 -735.748103 1699.847721
-3578.764353 -937.617345 2054.048957
-2500.669931 -633.463199 1356.924837
-2737.548423 -670.209848 1543.230318
-2573.190503 -630.698194 1450.194109
-3195.934452 -867.629290 1835.099802
-3385.724483 -858.193782 1784.252318
-3369.760440 -935.382783 1934.645281
-2437.188430 -617.845733 1319.392152
-2350.459564 -606.037413 1308.801833
-3218.766369 -919.072977 1780.884839
-2677.089389 -702.872967 1534.954700
-3588.007505 -1012.010611 1915.113205
-2750.837773 -687.373277 1536.969490
-3232.410010 -926.145849 1852.898692
-3059.366147 -863.107354 1633.079776
-2834.172652 -663.631083 1573.871434
-3242.035641 -813.116887 1750.689102
-2641.534004 -676.449330 1464.903756
-3514.133116 -822.933749 1951.709570
-3034.286550 -819.923128 1685.067273
-2531.018760 -723.816792 1470.868388
-3599.642510 -887.249084 1887.677162
-2906.968634 -814.477847 1580.465226
-3422.858865 -961.348491 1859.614572
-3899.335817 -991.574683 2143.807208
-2777.451350 -791.553126 1493.749101
-2720.855765 -706.374448 1525.556610
-2488.871658 -658.425600 1418.127075
-3943.448976 -1023.158423 2210.878745
-3369.447299 -856.100713 1852.608250
-3891.330800 -1128.438422 2232.470779
-2868.095601 -755.984790 1691.376064
-2739.788838 -706.306862 1524.931736
-3371.405331 -857.100224 1829.266661
-3471.717920 -962.594969 1913.296573
-3588.857939 -995.872144 1977.354252
-3097.229771 -799.625771 1651.359201
-3229.251052 -809.727840 1861.273732
-3842.375503 -954.946748 2039.137155
-3193.269644 -806.266093 1813.737459
-3622.134366 -889.779190 2059.051363
-2603.099607 -722.430299 1408.936647
-3286.766662 -797.697090 1864.750391
-2936.643594 -717.074406 1621.983006
-3617.505149 -917.229769 1958.510511
-3128.620817 -776.575808 1659.958351
-3574.578131 -1022.049204 2076.654563
-3236.008910 -790.851614 1833.622715
-3038.963107 -857.731813 1697.925991
-2980.712226 -782.361994 1760.144512
-2620.009593 -718.930730 1457.648871
-2558.195986 -671.796588 1510.732398
-3821.767565 -1105.585279 2155.603193
-2894.314385 -796.530110 1602.827631
-2718.231184 -785.473624 1530.397502
-3203.944037 -821.215677 1702.393463
-2576.407312 -724.885846 1497.703318
-2676.497014 -702.562577 1534.068332
-2485.508408 -642.311683 1400.389955
-3521.074488 -976.786535 2052.926965
-3120.811393 -865.541629 1820.651328
-2717.684619 -784.337908 1527.527367
-3451.788181 -892.496055 1946.711972
-2977.521733 -826.245510 1737.127189
-2897.144968 -804.030013 1690.399279
-3816.190814 -986.942057 2151.724132
-3147.910450 -822.598907 1858.386475
-2805.698638 -733.857170 1657.021197
-3257.730673 -806.248740 1821.154553
-3698.609284 -957.656181 1982.896248
-3119.958207 -906.367344 1754.796754
-3732.057026 -963.992162 2120.377684
-2452.956557 -635.465074 1341.904973
-2716.278693 -773.906018 1460.979279
-3257.247405 -828.197873 1792.364822
-3467.972616 -867.164219 1867.153422
-2863.578351 -777.186546 1595.793139
-2875.213895 -779.931150 1600.070404
-2828.404436 -704.358101 1644.122864
-2502.179817 -616.259526 1343.008328
-3827.297046 -942.769157 2055.097501
-2854.972509 -795.430315 1534.497344
-3680.657040 -968.998933 2027.122598
-3229.566006 -910.022220 1758.181401
-3699.306584 -1065.416841 2017.966062
-2802.342638 -710.245836 1466.872183
-3200.652131 -929.534275 1827.197892
-3904.060728 -1079.057565 2161.145937
-2229.479666 -636.343092 1187.795164
-2864.625723 -825.307644 1562.748947
-2804.461260 -710.733002 1468.005448
-3841.076128 -981.259792 2111.543991
-2466.272156 -629.858784 1356.369238
-3676.789153 -1004.509214 1937.738306
-3485.400325 -967.744992 1997.648675
-2279.829172 -612.606508 1222.822617
-2739.439974 -677.586329 1545.637356
-3841.860200 -1049.607992 2025.148030
-3314.413025 -892.332899 1898.822732
-3932.752211 -1008.933345 2168.651543
-3368.707458 -863.887937 1826.064810
-2915.380667 -798.548618 1656.659159
-3050.082544 -833.588970 1607.145084
-3274.166985 -911.550283 1913.617360
-3370.188539 -860.700619 1854.348165
-3982.336293 -1087.725682 2098.502076
-3019.182544 -865.212602 1610.865716
-2287.225464 -657.027064 1297.115027
-3815.610665 -1088.312638 2027.291122
-3919.190289 -1125.666739 2220.693865
-2245.424668 -640.709238 1194.068921
-3553.778881 -1028.683774 2013.769693
-2184.945140 -585.502927 1279.427690
-3305.032988 -929.356449 1795.088202
-3170.814941 -924.488284 1808.376375
-2878.181971 -724.848441 1572.094703
-3452.175559 -874.963405 1802.666472
-3494.210182 -819.382148 1936.579719
-3314.715824 -892.262247 1898.935740
-3034.894529 -711.409042 1681.607355
-2151.458275 -631.055405 1209.816421
-3120.231633 -915.176229 1755.009860
-3498.632342 -1009.522310 2021.706974
-3833.377808 -1089.974965 2121.195742
-2873.843057 -792.598093 1598.796729
-3313.064515 -912.377893 1841.599155
-3440.456020 -831.758415 1848.069317
-3312.495547 -973.978923 1844.772772
-2569.192137 -748.879091 1446.627918
-3800.176093 -1107.961597 2139.876653
-3155.623190 -926.716034 1777.414516
-3850.859715 -1029.876410 2231.046896
-3852.328884 -1030.307187 2231.945101
-2615.695040 -768.382221 1472.270738
-2575.346935 -758.248680 1416.746405
-3442.743226 -863.173120 1982.620932
-2917.698688 -842.849113 1684.024216
-3059.220151 -774.149548 1626.705040
-2807.748452 -766.060419 1507.530526
-2944.881711 -693.940726 1626.396071
-3427.600981 -871.656613 1976.948334
-3309.862007 -799.343044 1831.042818
-3308.666764 -848.943807 1759.431902
-2644.484442 -735.087634 1516.422261
-3810.514056 -957.358725 2160.155705
-3543.597354 -901.032406 1999.151795
-3833.862621 -1064.325951 2152.013970
-2183.567082 -606.045142 1225.078164
-3623.671588 -921.398559 2090.311178
-3752.457680 -955.334517 2115.429585
-3152.726637 -896.490463 1804.267085
-2314.416659 -642.826727 1298.229789
-3748.161543 -1045.334099 2105.917050
-3141.684207 -809.780314 1744.330794
-3608.123159 -874.454873 2067.637768
-3511.985571 -908.186740 1935.008192
-2870.453047 -764.573130 1650.546878
-3679.584961 -1068.190406 2111.483612
-3572.213852 -927.987542 2048.293604
-3861.009789 -1119.992150 2162.967475
-2828.569843 -716.870676 1536.848063
-3768.786483 -968.715139 1988.390100
-3471.401072 -816.304741 1876.752212
-2669.595161 -675.567214 1449.270570
-3303.544338 -900.589769 1775.150601
-3471.942498 -974.735216 1972.312395
-2855.461362 -811.496378 1544.598526
-3560.088778 -919.793109 1961.116356
-2535.053023 -641.708375 1326.094323
-2808.681106 -742.224676 1623.100133
-3228.158820 -901.383093 1838.939810
-2541.801038 -746.563184 1428.977629
-3755.919670 -995.131384 2118.854024
-3928.398853 -1040.942783 2215.372961
-3228.857770 -931.825087 1862.905903
-3072.066117 -864.813364 1718.379962
-3600.491976 -924.423189 2090.232865
-2319.448010 -604.961742 1208.662779
-2434.225070 -610.364935 1346.257642
-2301.502790 -576.980974 1272.425093
-3267.605924 -818.574595 1792.281764
-3774.070494 -985.801392 1965.264987
-2014.686188 -552.476054 1119.578108
-2734.771709 -716.201562 1423.635442
-3468.306628 -928.517055 1898.205884
-2366.775762 -594.473502 1298.501121
-2599.372890 -697.281013 1471.596615
-3711.665923 -1019.084063 2009.418539
-2982.604608 -820.289434 1586.044383
-3603.107475 -904.211144 1975.938217
-2796.981830 -782.517302 1575.939803
-3084.536348 -729.782075 1695.209607
-3729.850938 -934.836401 2044.413660
-3257.933284 -898.459891 1725.611154
-2348.336874 -648.087504 1244.134109
-3226.530152 -799.561788 1840.088905
-3570.700614 -886.142715 2037.322683
-2772.522784 -764.598346 1468.288315
-2368.935772 -595.179068 1344.708841
-3199.374014 -805.000520 1851.166195
-2218.367624 -556.562280 1215.568944
-3078.654044 -784.826784 1700.093034
-3224.085269 -823.208875 1781.485148
-3759.199858 -1018.602124 1984.433474
-3503.139572 -913.579686 1826.893450
-3219.096609 -846.290444 1676.736265
-3493.455353 -890.251313 1974.054470
-2446.323135 -639.157706 1274.779554
-3759.140335 -994.855368 1960.335158
-3656.457154 -1012.341797 1971.215465
-2796.643864 -679.534948 1522.843503
-2809.963333 -757.354880 1596.275084
-2902.995204 -796.439444 1613.262928
-3315.713961 -909.901440 1842.564585
-3849.266084 -1001.799386 2028.538724
-2651.391756 -650.155547 1536.362558
-2234.577609 -603.632430 1205.005405
-3295.795402 -807.435895 1909.308685
-2304.131279 -623.370891 1245.670967
-3432.668086 -890.747487 1812.401265
-3638.234856 -938.608021 2031.901154
-2520.486618 -648.857901 1408.646473
-2723.422393 -686.218295 1529.390726
-2486.335015 -626.221101 1396.465258
-2920.217177 -814.197104 1648.705530
-2063.080015 -570.622458 1111.561425
-3482.187393 -897.510963 1945.091745
-2357.033733 -617.031774 1287.695800
-3432.890441 -901.056863 1982.381043
-2951.094793 -693.891861 1610.707943
-3530.441119 -1001.552473 1938.889917
-3460.645811 -841.747724 1885.313456
-3311.212373 -776.187210 1844.984743
-3451.659308 -951.876573 1975.091754
-2786.752900 -739.105688 1464.375272
-3451.625487 -951.909939 1975.032562
-2877.962275 -699.826194 1568.295232
-3689.254202 -882.616480 1979.472352
-2631.016007 -752.123468 1476.939587
-2809.327662 -672.045427 1506.993752
-3296.358371 -793.866115 1852.022200
-2528.760234 -713.251845 1445.381896
-2880.630601 -700.017734 1568.768133
-2089.558254 -522.759760 1145.439917
-2249.533141 -558.779389 1283.481217
-3893.458917 -977.572410 2076.881503
-2738.359210 -773.459406 1466.670003
-3354.569216 -830.042996 1916.249019
-3088.504256 -844.495318 1755.092311
-2765.617508 -733.833539 1593.234621
-3283.031332 -852.799297 1758.254254
-2900.341515 -737.586708 1637.683820
-2133.706016 -583.811509 1212.667645
-3473.730560 -949.583758 1983.497300
-3166.078931 -866.168556 1799.086349
-3611.430540 -1020.940579 1934.963104
-3059.240672 -796.252929 1635.767272
-3301.612894 -824.469643 1764.858484
-3258.589228 -849.474177 1760.439338
-3170.703694 -860.630955 1806.633365
-3608.200456 -987.485220 2078.996669
-2813.919523 -680.534026 1599.319766
-2769.817630 -767.020188 1597.858437
-2384.112834 -660.950774 1378.121464
-3799.492830 -1057.665296 2194.958612
-3089.700911 -756.330067 1754.212038
-2210.793123 -617.150882 1275.998799
-3176.908328 -888.780221 1827.512631
-2938.982888 -824.166289 1692.559257
-2414.636587 -677.337233 1390.433208
-3439.346852 -862.454312 1848.258600
-3864.780104 -1004.429171 2053.275920
-3864.915553 -1004.142305 2052.362496
-3184.595404 -851.278021 1723.693228
-3947.113470 -991.502685 2106.338856
-3103.694163 -857.828226 1654.473645
-3278.862665 -908.159247 1744.910767
-3329.794379 -891.224481 1913.376421
-3127.510009 -873.307111 1801.183246
-3667.515311 -965.870276 2112.449128
-2889.816299 -730.706341 1635.589796
-2917.759281 -725.681898 1552.028464
-3916.203242 -944.822721 2254.069084
-2336.335334 -581.144773 1242.791988
-3235.285873 -856.562855 1738.449964
-2798.349286 -730.508210 1481.759978
-2526.585329 -710.009298 1446.980526
-2868.650251 -682.124715 1613.414354
-3018.033211 -725.520242 1694.702419
-3177.186957 -827.894556 1698.665997
-3129.930383 -786.235474 1810.571309
-2823.773358 -708.696638 1633.213518
-2821.854654 -708.163613 1632.133652
-2803.923907 -684.260150 1584.586917
-3066.302492 -729.383512 1645.309049
-3183.544743 -781.660653 1804.465176
-2392.173490 -587.672943 1355.739427
-2479.656973 -609.661483 1405.935901
-2601.433153 -658.936040 1396.512288
-3414.710790 -879.908808 1834.925687
-3497.591736 -837.550822 1881.830735
-2692.306125 -644.809312 1448.568330
-3896.649733 -990.516605 2083.046960
-2297.768715 -560.267907 1298.396074
-2831.604899 -801.973955 1515.789542
-3130.407924 -817.323992 1767.199255
-3281.925048 -912.184906 1863.125972
-2581.137050 -731.943245 1377.167481
-2998.244861 -757.480215 1696.704067
-3152.066864 -831.551234 1682.289676
-2837.169610 -747.667755 1504.225612
-3648.186455 -961.144521 1934.453765
-3428.656475 -902.920013 1828.221482
-3852.092353 -1092.980746 2058.967293
-3851.916852 -1093.455922 2056.632957
-2387.131300 -682.591089 1360.027269
-2156.447006 -564.562467 1237.113476
-3312.554062 -893.317359 1881.906948
-2893.395213 -733.047709 1532.183384
-3305.203279 -793.027996 1899.283663
-2866.952080 -746.615608 1533.728638
-2816.951877 -676.547816 1617.499966
-3830.899822 -1079.958453 2168.110502
-3120.150334 -781.376888 1650.290148
-3249.304089 -806.909328 1716.525136
-2679.325127 -699.954483 1533.505690
-2854.198968 -794.244669 1615.686303
-3445.445486 -857.821194 1842.178368
-3671.752429 -922.651172 2012.783030
-3351.914003 -893.635721 1942.706930
-3796.159414 -955.553830 2113.887135
-2710.974272 -708.560152 1481.089763
-3174.135449 -857.936819 1748.367788
-2772.905541 -731.647611 1513.482629
-3015.908952 -715.612693 1655.065565
-3950.811776 -1081.957132 2179.628148
-2707.565518 -642.428481 1486.145318
-2831.023636 -824.028496 1569.573558
-2881.273693 -769.492424 1560.784740
-3467.076992 -879.075717 1946.753426
-3179.603798 -761.102853 1719.316577
-2677.887457 -735.139754 1444.287645
-3947.876623 -1089.736538 2159.627940
-3781.178405 -1008.200275 1983.321187
-3575.301004 -1011.161883 1990.172168
-3885.790418 -1074.819827 2126.774717
-3419.624017 -910.314716 1862.977510
-3856.645148 -1123.778209 2140.790644
-3327.378955 -886.428597 1745.491861
-3303.432498 -878.721782 1800.906553
-2542.434901 -715.617000 1479.376990
-2674.163762 -679.032495 1475.995589
-3562.233478 -1038.149644 1978.225321
-2774.784897 -704.688804 1498.780761
-3911.777733 -989.563267 2158.835088
-3235.970593 -885.763240 1884.123884
-3153.105931 -862.302460 1836.000218
-2237.795707 -651.051313 1242.335575
-3585.396497 -1014.966261 2090.653480
-3058.116269 -840.779566 1651.374404
-3435.671936 -801.924010 1856.585344
-2903.298493 -740.627601 1572.634351
-2713.387419 -777.377967 1505.362382
-2983.543149 -808.455904 1602.490350
-3014.022078 -828.262268 1625.626957
-2582.075920 -688.155871 1518.118320
-2873.520018 -680.848029 1560.941748
-2938.991521 -695.675697 1596.996948
-2706.230116 -786.746687 1501.855738
-3811.113598 -1072.200789 2111.090497
-2713.056735 -712.406974 1431.004619
-2818.995933 -794.564051 1560.878630
-3427.966792 -899.120069 1810.165161
-2347.360334 -615.578858 1234.377142
-3564.541775 -934.361082 1874.402882
-3723.961027 -975.313085 1966.689253
-2855.421340 -806.628717 1581.585669
-2800.501985 -733.223341 1478.789102
-3309.040997 -866.146883 1740.919674
-2459.124734 -595.570572 1329.995706
-3083.828305 -747.426904 1662.008625
-3736.523524 -1017.800164 2032.600685
-3753.584757 -920.492703 2023.210959
-3320.563537 -804.107384 1862.436947
-3347.994938 -893.050460 1939.958097
-2537.194837 -728.099649 1392.731598
-3575.583397 -1025.574765 1962.714710
-3563.225250 -909.251709 1997.099918
-3683.719375 -1027.264285 2007.933701
-3025.780035 -843.970135 1648.913461
-2902.192057 -772.264946 1580.334681
-2437.951853 -620.109373 1355.605284
-2843.316285 -803.770024 1582.986388
-3724.052477 -947.399210 2071.281959
-3310.722556 -850.303193 1828.698451
-2370.813689 -605.777878 1330.279601
-2673.452017 -680.759297 1476.487113
-3136.390382 -788.179694 1721.097656
-3434.833201 -819.637541 1894.995189
-3341.968660 -851.025988 1845.308264
-2219.599615 -559.139027 1217.021975
-3277.063240 -868.966597 1715.473502
-2437.473181 -581.026356 1360.581392
-2985.828511 -712.073069 1666.886226
-2920.781067 -706.769036 1639.684505
-2903.532016 -742.440963 1698.000721
-2711.124070 -733.878366 1429.996728
-3306.968384 -797.391145 1853.029798
-3671.785438 -922.969498 2012.547823
-2900.225848 -771.768729 1579.072092
-3010.542157 -716.347025 1687.566995
-2589.107200 -651.658266 1418.167717
-2917.494163 -824.402224 1624.090931
-2641.287051 -636.008357 1438.864270
-3586.633876 -853.406252 2010.149248
-3748.905876 -1014.286518 1977.595346
-2779.073743 -650.881330 1514.886039
-2823.413065 -795.906447 1652.395587
-3864.040300 -1027.303183 2269.688900
-2568.009574 -601.329145 1400.068808
-3179.436981 -889.636708 1777.661798
-3339.020004 -893.061709 1902.152408
-3222.274234 -798.072881 1837.021873
-2702.667834 -643.569931 1451.745954
-3461.012217 -917.166343 1860.292716
-2494.660185 -594.005892 1338.895960
-2820.316216 -719.556656 1529.298763
-2965.950660 -742.674254 1623.199932
-3710.099647 -946.874953 2011.367834
-3183.055805 -822.053318 1684.188716
-3335.665142 -870.259273 1757.262361
-3308.338176 -831.632041 1854.717875
-3937.976170 -937.405770 2114.893159
-2871.033751 -780.188306 1652.667001
-2828.926353 -709.974137 1551.841970
-3485.795305 -872.175217 1906.786962
-3870.373215 -1010.906406 2039.636938
-3261.608709 -885.093814 1898.047101
-2751.671468 -684.970997 1533.861793
-2666.402307 -729.136878 1444.808765
-3332.659443 -846.451757 1894.800314
-3233.073439 -759.908649 1811.924793
-2916.542538 -739.484096 1658.183756
-3288.421886 -883.365215 1805.949759
-2647.052638 -649.158492 1536.531656
-3749.728524 -1049.380248 2096.459796
-3145.405331 -892.779986 1785.470999
-3874.708954 -911.037604 2170.735054
-2723.547821 -729.030380 1491.923757
-2780.140362 -649.966491 1517.508887
-3290.485348 -769.214975 1794.357581
-2908.285708 -728.054879 1670.750170
-3463.532716 -862.213204 1852.331493
-3120.154020 -747.374256 1740.868484
-3672.890855 -966.908080 2108.975545
-3048.242726 -796.720589 1672.759689
-3938.201774 -998.498992 2238.861075
-3076.521652 -746.704878 1776.827243
-2354.803467 -592.496227 1310.181859
-3523.327079 -1003.942653 1887.957602
-2445.014270 -589.427187 1405.928811
-3247.892539 -888.098515 1759.762894
-2912.223289 -796.500719 1577.252918
-3450.658140 -909.700307 1860.247431
-2629.129114 -650.494679 1453.889637
-3339.754224 -816.376764 1835.804601
-3222.522559 -798.285792 1783.486629
-3814.006481 -971.671755 2174.511922
-3578.975017 -940.066793 1925.250952
-3956.667904 -1020.313097 2104.115333
-2721.040938 -654.564085 1562.348901
-2678.730095 -734.808152 1463.734539
-2965.397745 -813.793446 1620.378028
-2801.791922 -655.383284 1528.084137
-3310.776906 -832.200089 1856.113107
-2783.933083 -682.045160 1616.260234
-2818.971203 -679.465279 1620.797108
-3575.026990 -941.874294 1924.757138
-3166.645126 -788.685329 1803.926148
-2652.701248 -647.800079 1526.117113
-2286.439339 -544.917556 1260.444266
-2815.326501 -707.704597 1629.832160
-2727.754798 -709.182913 1595.555592
-2804.243260 -668.159024 1545.835988
-2316.173670 -602.373978 1354.291397
-3385.335489 -885.248048 1913.022929
-2927.923107 -765.004272 1525.692515
-3779.949650 -1034.645847 2158.425643
-3842.728527 -1051.556610 2193.529618
-2376.551455 -569.710106 1297.711785
-2710.528279 -655.995115 1535.886220
-3708.647676 -889.596374 2023.908895
-2565.273341 -615.361510 1401.053574
-3574.310196 -944.027440 2039.340684
-3005.638890 -770.736310 1729.643756
-2508.615636 -611.429117 1417.427091
-3874.692408 -1041.583231 2050.333722
-3172.774966 -810.980381 1777.020886
-2879.932974 -684.864958 1588.150718
-2789.024500 -720.545316 1634.270811
-2824.371828 -726.670041 1637.826732
-3458.981979 -967.431011 1876.066058
-2703.801583 -699.466545 1460.022154
-3280.903482 -846.033537 1913.347625
-3571.343857 -930.162163 2071.952969
-3373.597733 -877.690576 1958.398780
-3430.457304 -905.255274 1831.114929
-3256.937390 -858.587139 1741.174990
-3393.377297 -885.368878 1787.134762
-3873.082921 -1013.386836 2254.411000
-2831.252390 -822.099767 1572.121901
-3476.612118 -909.718012 1965.373066
-3167.006833 -814.873689 1820.467818
-2223.983649 -573.197079 1278.540208
-3166.908464 -851.222640 1856.584495
-3742.721986 -1061.629165 2123.818990
-3684.773225 -936.236218 2094.272216
-3683.736670 -959.632651 2139.150843
-3391.832506 -890.730763 1925.798375
-3664.748840 -900.364665 2078.112990
-2880.071673 -750.205422 1672.503084
-2203.302970 -568.204642 1264.988030
-3016.359063 -861.517790 1632.666410
-3137.805088 -895.458742 1697.957932
-3661.348140 -1041.880142 1976.770038
-3373.980830 -827.995226 1781.295503
-2966.450287 -781.628749 1616.466983
-2757.813987 -693.321774 1551.526436
-3409.397770 -955.893954 1965.386639
-2600.198888 -655.242067 1462.540647
-3790.938294 -1062.163188 2185.163670
-3563.556088 -981.083909 1993.025879
-2846.152702 -715.663687 1489.169416
-3812.670976 -912.456031 2049.987852
-2861.350996 -719.741993 1654.559918
-3885.390702 -936.350677 2123.631604
-3745.880671 -992.063133 2159.746867
-2823.934777 -711.100331 1632.814802
-3481.939010 -935.578075 1970.582094
-3601.277569 -1011.913981 2026.091654
-3980.442875 -1034.500460 2074.750631
-3459.752746 -969.881712 1828.719482
-3784.667262 -984.952781 1974.641684
-2559.912332 -602.322463 1407.348258
-2721.929561 -708.157713 1419.608203
-3965.315779 -1030.869268 2067.188671
-2461.738852 -615.782892 1348.541131
-2642.431758 -681.352432 1390.521929
-3262.815155 -855.339144 1729.621100
-2767.810265 -760.032918 1503.133347
-2641.461280 -762.870369 1491.784372
-2358.223474 -633.508696 1301.758612
-2636.151656 -691.637358 1397.024229
-2883.945788 -761.279338 1557.541079
-2807.364325 -765.084793 1624.078342
-3930.967234 -939.007392 2115.851000
-3632.747905 -958.841425 1962.398498
-3577.246023 -937.778114 1888.224348
-3576.331073 -975.128927 2068.562220
-2880.300519 -775.174888 1589.538812
-3602.654528 -983.776899 2094.050143
-2821.916695 -662.501500 1585.393135
-3744.616473 -1018.719095 2160.968863
-3491.246771 -956.955309 1895.414894
-2599.982353 -712.923225 1411.650575
-3030.443113 -795.938213 1644.108746
-3552.860877 -882.314385 1881.894902
-2631.152066 -626.780780 1457.991489
-2884.889665 -761.494151 1558.051704
-2526.367461 -716.664101 1353.675369
-2264.906893 -620.375751 1230.590400
-2823.009109 -804.939665 1599.898625
-3699.063432 -954.117996 1948.838371
-3233.406681 -792.480062 1834.637007
-2381.026292 -601.144865 1338.360591
-2790.783967 -795.828498 1582.687451
-3258.870073 -921.604950 1746.661821
-3883.266730 -1069.810664 2126.866489
-2722.360588 -710.122689 1461.721628
-2814.839416 -727.988316 1488.440661
-3595.789092 -1005.140177 2083.603107
-3075.951694 -795.898298 1685.117611
-2910.170794 -787.036066 1681.392039
-3203.279368 -782.829629 1767.140226
-2368.407037 -573.818541 1260.095053
-3558.380964 -965.552272 2041.739099
-3145.862524 -861.036725 1833.360323
-3477.933660 -825.470042 1944.040816
-3221.153911 -770.235534 1734.417846
-3140.361004 -859.585208 1829.955697
-3614.439720 -1010.898843 1993.560949
-2769.636645 -790.177031 1499.661853
-2738.662083 -715.004189 1473.563992
-3099.485639 -882.518968 1673.809255
-3537.854161 -963.179306 1869.821960
-3297.336172 -775.893233 1830.018380
-3032.416120 -771.262054 1733.624122
-2740.132374 -715.486628 1474.338304
-3155.911382 -861.376776 1837.840344
-2687.022766 -629.888549 1473.430534
-2887.901799 -760.086936 1575.933398
-3695.205084 -1004.029160 2136.664490
-2911.050148 -791.661423 1683.475371
-3276.785707 -865.431991 1767.911886
-3714.672990 -1010.258211 2148.018656
-3793.725276 -919.104552 2192.283634
-3156.648536 -861.629585 1838.315298
-2689.021412 -629.659771 1471.451109
-2825.072224 -670.670133 1556.022102
-3300.735891 -778.040749 1815.718454
-2619.806357 -666.209257 1497.647260
-3454.296218 -814.042676 1899.179934
-3974.135615 -935.721557 2185.769336
-1942.436417 -531.101429 1132.404604
-2277.909654 -652.933128 1268.483178
-2739.077198 -667.715688 1552.924306
-3818.838782 -936.051441 2164.883459
-3376.225462 -853.356999 1868.161402
-3239.448819 -789.232555 1830.660814
-3948.392444 -962.506705 2233.073226
-3500.142234 -941.924120 1931.871261
-3379.332824 -873.478103 1807.158613
-2759.557296 -781.449478 1479.847853
-3232.860113 -831.457396 1883.659743
-2767.679083 -658.379043 1525.574112
-3489.268635 -878.236366 1929.655187
-3442.208591 -827.871984 1848.786114
-3729.797494 -961.684036 2152.573628
-2819.351869 -677.060795 1621.399799
-2577.731173 -681.471196 1482.514924
-2796.924787 -727.475226 1499.367556
-2541.864750 -632.083400 1461.052259
-2435.298432 -658.993626 1420.752755
-2535.744831 -649.079785 1481.719127
-2494.812040 -599.631760 1433.998950
-2607.722527 -732.205836 1485.935307
-2371.457295 -595.465994 1346.435531
-3919.423178 -951.670756 2067.561195
-3517.631567 -951.204397 2052.250590
-3635.744522 -956.142886 1974.051646
-2513.892156 -699.922704 1373.194572
-2820.550622 -676.809455 1574.477191
-2516.772793 -700.673366 1374.769303
-2814.709216 -768.781961 1622.110482
-3543.014535 -965.148133 1886.992765
-3610.536699 -949.076433 1960.197773
-3974.612577 -1048.884321 2171.147182
-2376.233739 -649.463722 1369.571679
-2676.888653 -703.768914 1453.041156
-3651.548935 -963.762716 1993.635396
-3472.860579 -929.829288 1995.789015
-3154.414617 -773.108351 1828.480524
-2934.465149 -821.875478 1639.363056
-3205.233578 -893.107104 1749.399754
-3157.340509 -785.899344 1815.762954
-3240.260495 -875.948571 1892.000378
-3075.131419 -753.960135 1649.559354
-3384.978189 -891.231642 1825.805759
-2622.307008 -642.386522 1406.425767
-2937.797308 -697.067435 1595.752263
-3268.248539 -950.462676 1812.379101
-3282.484959 -873.716269 1902.407968
-3840.492234 -929.675028 2075.269031
-3700.759037 -1008.482617 2158.659817
-3633.329287 -962.236093 2088.857132
-3725.292453 -966.984696 2113.353132
-3191.939657 -806.575910 1730.972884
-2557.331050 -681.501950 1377.210392
-2752.243016 -777.130302 1571.971156
-3504.733883 -858.053574 1925.354960
-3223.334797 -777.275085 1771.895945
-2918.697235 -732.905602 1658.238020
-3791.183658 -964.167726 2108.890133
-3014.274422 -724.830433 1732.024858
-2648.929119 -708.448536 1465.563643
-3531.281683 -922.922227 1938.654638
-3621.702567 -877.478464 1992.090353
-3576.970497 -1003.665801 1987.156117
-2384.848961 -583.544529 1310.606840
-2848.279697 -671.059201 1561.254955
-2203.022134 -602.602425 1269.130664
-2999.775563 -763.888753 1720.504143
-2374.542704 -646.689590 1352.872797
-2938.194312 -823.796147 1632.073308
-3453.980124 -820.575397 1894.433960
-3437.640790 -803.323774 1857.573349
-3028.530287 -825.416948 1726.015180
-2491.787288 -611.409761 1407.785393
-3023.619447 -762.241215 1594.178988
-2225.138598 -563.948366 1265.086324
-3607.814518 -951.283943 1945.753784
-3259.216275 -859.265740 1757.579417
-2608.642124 -688.256228 1406.707141
-2757.125181 -727.458986 1487.001695
-2718.214838 -693.456425 1473.141101
-2813.294531 -783.141061 1587.737061
-3519.916880 -912.246718 2063.885195
-2626.852366 -709.432343 1496.210227
-3641.522585 -980.614699 1926.514640
-3250.052213 -854.922729 1840.199037
-3772.362516 -1050.122108 2129.196956
-2426.909551 -618.458068 1392.099510
-2763.719084 -679.086768 1568.952540
-3787.531713 -985.442594 2212.583367
-3697.273310 -916.554773 2050.025280
-3642.868049 -915.365971 2015.750863
-2421.935309 -632.102965 1373.730346
-2459.173812 -573.531227 1333.805942
-2983.455123 -779.910096 1556.707576
-3302.421055 -888.345454 1808.330200
-3073.602642 -753.009074 1647.549891
-3246.459108 -852.316814 1762.079842
-3074.244301 -753.230485 1648.016897
-2691.431701 -633.285006 1481.510377
-2584.342293 -649.652645 1455.436908
-3074.437472 -753.363031 1648.064546
-2703.897128 -657.315162 1533.394169
-3126.701476 -807.929330 1647.338189
-2510.520977 -598.810538 1423.081039
-3694.066437 -865.289372 2024.084563
-3241.172059 -846.564819 1838.628027
-2237.217749 -584.765629 1268.478784
-2819.917584 -786.765337 1555.798579
-2613.777556 -745.774646 1481.991372
-3237.300102 -787.733212 1830.503473
-2871.179984 -753.350679 1624.034579
-3865.729683 -1015.478618 2186.346234
-2848.209161 -745.639061 1622.364664
-3849.299901 -908.867602 2107.856598
-2537.807190 -611.818425 1439.785834
-2538.634247 -612.065430 1440.036781
-3742.109412 -955.067565 2144.946722
-2191.269190 -556.518361 1284.980315
-3043.328365 -792.773927 1710.991364
-2525.018579 -736.107850 1391.571220
-3178.296881 -833.661302 1655.278196
-3631.159870 -964.164282 2064.415642
-3559.005277 -959.116405 2070.591138
-3551.624491 -943.715427 2018.910672
-3300.920351 -924.000366 1858.354454
-2883.212936 -727.253410 1523.404283
-3332.656845 -896.856726 1745.109515
-2725.755247 -715.860671 1420.932670
-3541.239911 -973.750886 1966.659845
-3217.907867 -911.614170 1763.998906
-2799.215138 -665.651964 1521.007655
-3126.362475 -846.600408 1735.503522
-3468.078561 -910.377947 1807.401304
-2411.601792 -620.959954 1348.625769
-2727.226183 -692.205415 1474.287197
-3339.069370 -930.218729 1825.139113
-3477.081253 -930.462772 1999.047507
-2474.952657 -594.538047 1325.557693
-3180.169819 -814.236309 1782.399362
-2981.610388 -793.693192 1626.261912
-2396.287195 -630.805658 1379.324613
-2298.923940 -575.332271 1239.522239
-3302.338563 -879.853749 1800.158396
-3478.070783 -903.476018 1985.385309
-2407.046955 -625.677195 1374.132342
-3021.461482 -807.753531 1637.079286
-3977.094217 -1063.287573 2154.598580
-2820.306402 -778.036970 1503.041058
-3775.937762 -894.490417 2052.357029
-2771.030533 -737.962524 1509.927083
-2652.151312 -677.411714 1472.696489
-3418.019441 -947.378826 1812.266183
-2927.186541 -735.272318 1560.112127
-2535.304540 -614.290918 1406.972734
-3726.342679 -1034.293924 1976.128862
-2863.280219 -782.583121 1625.737490
-3650.824203 -944.075910 1932.310395
-2682.915241 -782.985610 1468.901640
-2787.915651 -740.218839 1466.044659
-3775.852045 -987.105745 2187.085719
-3782.277972 -1070.403531 2104.848535
-2556.656950 -689.033825 1401.829837
-2437.173489 -667.141974 1417.156441
-2709.412739 -793.445617 1488.037182
-3395.471438 -948.731249 1879.866595
-3063.110833 -803.073575 1612.219167
-2996.861070 -785.750860 1584.723145
-3788.421609 -966.882254 2103.611356
-3608.771546 -1057.684359 1981.290345
-2219.881525 -568.523658 1224.873103
-3207.239587 -926.988688 1811.523623
-3492.194344 -866.849428 1994.788264
-3263.459329 -774.763814 1836.587313
-3227.410256 -811.529112 1720.508449
-2423.331980 -647.712190 1312.652646
-3453.500796 -846.389424 1961.011265
-3537.597287 -966.405510 2007.465402
-3727.225900 -1085.023010 2043.257885
-2341.395341 -681.641069 1282.896439
-3469.345634 -875.749825 1899.488676
-2441.011164 -636.498863 1319.420217
-2577.293492 -718.631708 1408.385195
-3151.903448 -918.591167 1731.076569
-2999.462330 -756.584939 1643.130247
-3588.272731 -1046.137672 1970.691795
-3103.624164 -899.622139 1721.892270
-3571.100608 -1032.427858 1971.388603
-3368.913604 -835.635743 1924.517348
-2674.271214 -697.228159 1445.095002
-3726.403267 -1076.452703 2055.547345
-3152.468321 -854.594722 1674.783066
-3547.719233 -1033.119376 1945.953861
-3542.839472 -1025.763728 1935.014319
-2547.517498 -717.240024 1410.060612
-3583.044437 -1040.606984 1962.473513
-2835.685626 -803.017120 1514.653387
-3292.682595 -837.636875 1918.753429
-3641.602752 -917.072574 2025.968949
-3240.716821 -836.227632 1865.947432
-2647.921926 -750.756008 1462.124523
-3132.506838 -919.141439 1730.788024
-3434.473101 -917.968177 2016.315748
-3715.360956 -993.913409 2180.531421
-2918.686250 -768.260666 1701.643369
-3129.542265 -807.999384 1824.697764
-3157.529787 -832.865378 1685.977015
-3585.730420 -1001.183879 1944.864919
-3631.909238 -1005.856295 1925.108045
-3239.028840 -804.281799 1835.882120
-2605.042677 -759.814586 1435.119039
-3464.116889 -1009.992552 1907.670071
-3269.523430 -916.047923 1725.840768
-2923.867176 -825.680388 1674.457863
-2648.039966 -626.784820 1464.384450
-2590.141724 -725.555800 1433.837197
-3136.649809 -908.058138 1730.134047
-3166.105418 -886.854502 1752.243779
-2724.095686 -702.204390 1503.611556
-3186.096217 -823.757734 1685.617691
-3634.463750 -1038.679642 1971.369679
-2864.739277 -782.663895 1625.737196
-2629.368581 -679.498636 1390.948324
-3194.555243 -900.783554 1822.501978
-3729.404510 -1058.505139 1995.853955
-2856.522939 -799.508837 1580.944585
-2585.453714 -723.151498 1429.905213
-3115.723144 -884.432447 1667.204444
-3052.334543 -821.387671 1675.100900
-3670.850266 -1041.548686 1964.310799
-2726.449599 -764.251155 1508.618286
-3366.881497 -962.048009 1825.044507
-2524.585613 -642.524085 1479.828874
-3099.205717 -768.222082 1756.678524
-3312.796598 -908.922484 1853.024802
-3564.875304 -860.997869 2024.045279
-2724.996474 -634.783693 1473.559877
-2627.382104 -757.373628 1469.027413
-3590.399740 -1009.291385 2044.642406
-3275.477616 -926.929054 1778.381336
-2630.672061 -717.969376 1396.637392
-2869.093425 -837.430508 1576.493859
-2930.831894 -759.598532 1661.005714
-3838.565559 -1107.137921 2158.813689
-2786.728826 -811.087373 1543.460445
-2898.893853 -803.266290 1676.812006
-3417.885637 -966.561184 1891.896024
-3544.891379 -940.733989 1943.153252
-3727.987156 -967.509671 2114.924929
-2525.374845 -621.133001 1445.710681
-3539.941856 -981.360048 2046.997652
-2465.645290 -613.683344 1356.119605
-2539.672686 -618.016729 1465.549768
-3011.243102 -820.212029 1604.624631
-3288.561009 -835.266219 1915.255935
-3606.604790 -922.081085 2059.860757
-2492.685793 -617.972453 1412.234208
-3454.265441 -884.877843 1851.264985
-3008.646138 -782.792804 1616.210541
-3782.812419 -1065.546656 2157.498463
-3281.571833 -924.802682 1872.132612
-2600.927450 -732.998399 1483.768232
-3521.421382 -1019.122059 1939.967366
-2767.808900 -679.041606 1571.543297
-3064.238777 -717.932882 1721.070691
-3207.647701 -939.354252 1784.394195
-2237.360122 -614.725189 1250.722135
-2565.429292 -654.368834 1466.999007
-2574.501423 -709.498380 1364.545335
-2951.146326 -687.456705 1642.920838
-3105.576499 -831.359097 1758.924102
-2682.178300 -730.044243 1502.816433
-3501.970531 -915.552645 1821.887776
-3794.214588 -1017.553566 2073.041903
-3935.388786 -1016.626166 2077.196039
-3166.393081 -851.491282 1654.815511
-3332.465570 -854.376091 1943.801228
-3487.465159 -850.264326 1830.141016
-3171.864367 -771.435152 1666.802157
-2896.709860 -790.082872 1598.190079
-3342.188684 -836.460635 1772.579413
-2731.754603 -710.369846 1491.582460
-2731.699855 -679.716834 1553.239958
-2734.393169 -680.581670 1554.700807
-3021.846524 -724.343476 1622.194382
-2928.421566 -787.527009 1559.389903
-1953.848331 -562.984646 1089.246820
-2497.575137 -694.915320 1417.993272
-3648.355949 -938.984080 1932.660752
-3260.203231 -898.747220 1735.770843
-3328.139445 -909.245839 1901.289836
-3625.630590 -981.671442 2074.395372
-3324.747898 -908.261663 1899.343922
-2641.967990 -627.876309 1473.588593
-3892.947133 -943.822974 2131.297938
-3319.372461 -788.529943 1851.250871
-3243.061777 -885.401754 1723.440642
-2655.490966 -723.761444 1444.921451
-3350.128685 -845.561506 1846.399655
-3490.002063 -923.236402 1884.730330
-3168.792971 -752.383654 1766.795681
-2409.917319 -658.129617 1375.736765
-3181.668329 -860.635413 1833.197719
-3356.192385 -915.574910 1827.517496
-3348.318018 -913.249446 1822.902731
-3348.827610 -913.516438 1823.179625
-3720.959899 -963.761944 1986.721856
-2614.166887 -708.727753 1403.333119
-2546.388673 -620.491834 1408.206154
-3351.630956 -854.053316 1880.052185
-3109.382118 -791.325671 1755.153142
-2633.387977 -659.585726 1490.911601
-2749.673877 -686.648706 1549.866621
-2534.534077 -646.075919 1421.027204
-3175.008992 -823.269929 1681.667487
-3256.976888 -883.817780 1748.980198
-2415.144301 -689.014562 1363.585542
-2416.636351 -689.362384 1364.910375
-2466.869285 -639.902002 1306.107675
-2742.370254 -789.826320 1528.411987
-3385.750207 -879.013091 1814.220862
-3523.532512 -932.967431 1904.322809
-3738.764901 -1064.257636 2127.367136
-2933.685532 -746.829264 1644.785592
-3341.621698 -903.055354 1923.812083
-3723.955848 -986.337250 2139.518498
-3299.550237 -825.610655 1868.699737
-2994.792987 -729.733112 1701.263047
-3509.038221 -1000.788218 1983.124004
-3289.855900 -766.740000 1796.387907
-2630.727682 -660.198534 1452.677640
-2539.161428 -618.783563 1442.327425
-2770.437193 -793.184623 1515.507765
-2898.272502 -773.662399 1596.274360
-3865.953860 -961.088625 2047.438862
-3470.055280 -926.916345 2040.096293
-2715.205044 -709.899605 1578.931390
-3867.311568 -961.423954 2048.068830
-3191.466204 -846.002699 1823.771274
-2869.119996 -817.912251 1633.429601
-2392.985125 -683.546998 1362.858241
-2864.316142 -808.458713 1667.569017
-2925.531201 -814.216239 1652.486327
-3725.692320 -988.128804 2129.996035
-3085.388731 -880.186979 1756.347368
-2365.614684 -657.844082 1336.737895
-3116.388675 -802.257962 1676.110771
-3507.477696 -881.710329 1939.365708
-2497.048739 -653.776371 1413.059033
-2979.219483 -748.682621 1647.057145
-2309.352493 -535.047737 1253.053572
-3438.150361 -797.951495 1860.055391
-3494.212226 -810.957836 1890.904664
-3268.035645 -760.667972 1760.880729
-3570.234982 -827.188571 1936.315776
-3492.389370 -809.303266 1888.658927
-2990.470377 -748.760337 1586.014173
-3736.768043 -898.089536 2012.825721
-3916.298121 -919.880995 2092.973090
-2938.510512 -686.587034 1577.242259
-2580.201401 -659.124708 1405.061477
-2464.691366 -616.907901 1307.185238
-3708.131090 -1012.890219 1970.482582
-3265.103739 -891.848554 1736.923155
-3051.651288 -787.441164 1622.319234
-3535.695253 -956.239323 2023.808966
-3258.736298 -889.982622 1731.741850
-3188.959045 -744.514755 1749.484312
-2529.073390 -628.998143 1451.248379
-3330.344762 -774.582499 1804.627577
-3582.546065 -925.402770 1976.601775
-3513.916175 -908.061892 1939.145835
-3633.399199 -843.831586 1970.508859
-3289.258291 -784.678639 1875.832791
-2926.377328 -829.332182 1570.326646
-3964.749319 -1029.003398 2134.782625
-3763.164582 -966.930080 2191.064949
-2784.637879 -789.008758 1494.158678
-2869.226799 -673.148345 1574.451849
-3050.372734 -787.009218 1592.006891
-3229.303356 -833.313052 1684.914519
-2998.885495 -817.324095 1736.542865
-3524.530433 -1001.290776 1889.419981
-3664.563746 -910.257556 1940.473337
-2991.648885 -803.081554 1651.719692
-2662.531510 -725.335634 1542.916410
-2995.816244 -731.367937 1699.855403
-3206.080405 -798.133465 1838.246216
-2438.359553 -601.689774 1386.607165
-2412.182556 -619.122342 1404.642437
-3216.905897 -757.088330 1815.809433
-2847.098167 -663.584248 1584.456202
-2312.186043 -636.676906 1230.974166
-3586.553858 -980.704410 1990.632817
-3575.941425 -934.073649 2055.087632
-3459.912593 -839.894529 1825.760656
-2956.753039 -772.085974 1699.353533
-3741.737919 -1003.480440 2149.928161
-2469.784941 -712.882283 1389.912820
-2808.842323 -699.683955 1591.201264
-3647.845761 -958.730408 2022.133834
-3596.767822 -981.194616 2099.618415
-3731.502062 -1000.697963 2143.817091
-3193.725122 -841.078611 1752.398109
-2227.879426 -550.286109 1295.281019
-3746.775268 -984.510323 2076.528052
-2561.050536 -698.182311 1494.836057
-3621.049096 -970.238044 1984.333984
-2979.118639 -841.663179 1743.471794
-3045.581970 -868.238793 1731.632744
-3788.588648 -1016.109902 2150.766921
-3410.235247 -797.401557 1869.933978
-2551.643188 -722.965634 1372.413530
-3038.814185 -785.405549 1605.877087
-2794.476669 -653.809520 1531.290550
-2545.277938 -594.845352 1394.637466
-3364.310408 -786.586274 1843.816971
-2971.579019 -776.780859 1684.573215
-3188.283553 -876.824230 1783.753454
-3590.599130 -976.104352 2011.988420
-3555.252325 -888.085140 1882.952250
-2699.847488 -788.292661 1526.133634
-2752.206582 -778.134171 1603.211197
-2801.643183 -681.617745 1597.638594
-3222.892983 -805.740285 1709.939709
-2379.285308 -597.683387 1341.959504
-3402.155406 -962.275269 1980.841663
-3343.517369 -842.558567 1859.532143
-2643.764031 -764.481090 1466.074875
-3508.644667 -1015.130678 1945.729859
-2390.014385 -672.645191 1369.878396
-3408.128113 -851.886426 1806.579267
-2154.467858 -547.822276 1197.667221
-3591.714579 -1048.076540 1972.178544
-2966.245403 -840.303679 1638.144243
-3424.878015 -856.223686 1816.391052
-3086.879990 -893.397024 1747.436130
-2826.196336 -797.980713 1645.290996
-3212.756711 -932.449458 1757.895464
-2782.090430 -731.816145 1589.555263
-3802.330597 -1103.452409 2081.051530
-3544.624873 -1003.616543 1986.331887
-3802.530913 -1076.698088 2130.251795
-2777.052316 -645.420802 1501.842098
-2638.164727 -706.733045 1479.284944
-3531.532962 -824.786685 1982.432191
-3209.316156 -749.646806 1759.841550
-3028.479496 -760.996912 1707.913826
-3528.410852 -888.122086 1989.993715
-3355.303277 -879.053650 1813.202416
-2855.923571 -815.126860 1549.097260
-3038.176110 -735.597168 1610.989534
-2727.036134 -649.165527 1551.525185
-2877.670233 -685.773911 1637.186172
-3128.976264 -891.153160 1696.522837
-3546.720121 -893.775251 1956.877878
-3139.693686 -894.284655 1789.995118
-2737.391353 -657.935639 1557.756917
-3040.143084 -709.940663 1705.620193
-3480.559398 -828.007191 1980.652717
-3224.207878 -918.194741 1754.269867
-2763.548176 -658.047534 1573.242117
-2752.146966 -654.467027 1567.300236
-3700.504011 -974.461701 2029.691822
-2603.276407 -748.720678 1411.211747
-2751.399802 -795.376507 1519.780419
-3783.733990 -1093.776780 2089.479231
-2746.932301 -691.339646 1548.411458
-2453.638695 -638.698962 1377.414507
-2952.192159 -755.793150 1693.793606
-2791.141764 -725.561996 1473.475204
-3490.251233 -937.389509 1942.736932
-2958.128618 -806.000663 1657.242010
-3293.268722 -922.946518 1930.119759
-2600.499183 -697.451849 1448.238940
-3474.733728 -837.374648 2002.866225
-2745.151122 -670.793544 1549.864995
-2984.934395 -729.532834 1685.025409
-3401.054666 -913.955475 1892.468454
-2956.448174 -719.189646 1628.542880
-3622.742263 -879.721054 1994.768178
-2860.435257 -817.923526 1594.933909
-2856.822818 -731.670116 1668.340920
-2743.727522 -671.461682 1589.624088
-3577.478892 -1012.826426 2031.390200
-3010.449047 -773.881211 1613.686505
-2442.122801 -615.744707 1408.585100
-3415.715537 -928.071523 1877.951885
-3381.224409 -885.598779 1847.734894
-2702.397163 -727.344261 1439.637671
-3973.296782 -1026.254846 2096.440877
-2389.180460 -600.865209 1389.981484
-2897.242341 -727.599919 1684.972673
-3224.263583 -790.600088 1697.781579
-3320.448410 -890.868600 1821.594761
-3194.477734 -816.410829 1852.664678
-2867.472958 -740.148004 1505.697452
-2642.588340 -754.413987 1506.574469
-2883.392257 -684.486519 1553.556041
-3629.910645 -1038.529571 2041.305965
-2881.758979 -682.661891 1554.102384
-2968.385845 -761.822465 1695.905326
-3896.365483 -980.873801 2079.295424
-3106.895291 -871.606518 1803.119304
-2677.073115 -674.099792 1471.180320
-3670.831310 -1006.939054 1981.919962
-3498.301414 -969.137521 1872.832899
-3726.642881 -1031.999457 1995.420512
-3127.012910 -865.807054 1673.848132
-3722.974517 -1030.701985 1993.276339
-2584.421479 -715.214946 1374.546740
-3364.470680 -930.583809 1788.719386
-2760.306905 -717.037114 1477.800256
-3506.405551 -934.361703 2065.740687
-2728.688120 -714.995210 1565.005587
-3013.870953 -834.420996 1613.939565
-2541.482955 -678.546336 1494.990822
-2948.683733 -715.308837 1623.945958
-3161.763405 -764.435190 1818.362794
-2490.591134 -692.858381 1439.776785
-3535.088608 -1011.422576 1961.744568
-3673.944261 -1037.083114 2036.313377
-3387.259605 -873.287312 1778.961958
-2830.374125 -801.609733 1514.295149
-3512.252047 -845.927964 2022.050425
-2514.124093 -610.144218 1384.066347
-3387.672474 -968.111546 1889.043457
-2361.403919 -594.912137 1297.965730
-2688.426254 -700.486657 1521.689107
-3157.323956 -785.483547 1696.681129
-3246.308988 -807.763261 1745.334154
-2566.617455 -715.913420 1500.925127
-3592.582301 -955.381223 2116.239060
-3570.110825 -841.875158 2017.424671
-3729.112730 -954.199999 2164.974756
-3430.418757 -899.363479 1980.561520
-2487.481792 -631.554136 1415.499887
-2818.320286 -732.480874 1509.500492
-2622.842715 -633.235720 1511.430295
-2877.417000 -772.496840 1580.766054
-3425.244439 -826.375774 1978.593273
-3044.752711 -734.850803 1757.123992
-3225.976557 -779.266227 1858.457922
-2531.485827 -645.765373 1473.385150
-3406.989573 -832.423543 1924.283973
-3771.848182 -1012.066580 2071.441100
-3417.144031 -926.081015 1818.910278
-3645.094213 -990.974678 2126.000764
-2065.463785 -542.321016 1163.027202
-3570.856530 -935.975140 2011.372013
-2990.475260 -847.141700 1696.719255
-2727.500870 -689.932713 1502.581600
-3747.133275 -963.948887 1984.330638
-3276.798264 -908.228902 1754.464780
-3271.379032 -842.680004 1925.262524
-2797.310722 -680.696556 1511.145377
-2601.814503 -688.095739 1484.028229
-2020.257286 -538.870993 1066.097425
-3705.917189 -959.488178 2028.402588
-3987.355851 -935.857739 2160.206173
-2438.437157 -595.661751 1378.331281
-3730.115979 -972.003489 2165.079951
-3896.215642 -1025.106234 2291.231962
-2832.364710 -675.014588 1629.602230
-3438.443994 -980.666920 1860.649702
-2340.393396 -557.972256 1347.527233
-2330.041352 -664.102900 1261.088935
-3296.668983 -786.635864 1896.871667
-3525.288698 -1005.007753 1907.945613
-2825.044067 -765.456873 1622.385701
-3278.654378 -766.757900 1832.840385
-2799.578431 -780.693274 1577.111200
-2627.168811 -679.245310 1385.159919
-2469.456642 -630.342083 1343.594966
-3670.086847 -871.549487 2053.261826
-3282.699206 -814.493389 1763.458744
-2745.334737 -765.543509 1546.471508
-2659.278066 -687.076013 1402.206468
-3102.971314 -749.288084 1641.930421
-3140.292550 -859.680592 1662.638449
-2511.610659 -700.992963 1415.340675
-2657.894639 -670.970368 1494.498785
-2998.128932 -812.401155 1581.154637
-2677.999078 -672.058922 1471.644176
-2198.197458 -640.881821 1244.452717
-3925.496113 -1144.602514 2223.238788
-2648.879057 -772.560137 1499.902384
-3206.577478 -784.994454 1769.340429
-2700.693536 -652.996898 1430.355840
-2735.156304 -653.133536 1483.207042
-3928.127263 -1050.872924 2170.283592
-3241.602850 -818.397422 1823.632580
-3347.315030 -817.332201 1935.887849
-3284.564577 -907.419031 1755.819080
-3126.325665 -808.017819 1648.290559
-3212.035079 -810.368948 1806.319887
-3726.276198 -1010.925711 2138.461144
-3215.968625 -824.701820 1754.656745
-3375.945315 -871.701435 1798.921537
-2565.005452 -604.609589 1450.947324
-3887.126381 -1036.766896 2158.101422
-2475.971972 -604.189788 1436.632385
-3656.055884 -951.521544 1957.872730
-2716.149506 -706.594952 1454.898296
-2492.964941 -580.877258 1390.025248
-2767.807014 -673.161627 1565.246485
-2497.838284 -600.195831 1443.027076
-2825.225263 -679.844018 1631.606431
-2925.673353 -703.435930 1686.320825
-2664.476118 -624.367429 1459.386162
-3018.764248 -706.338215 1652.202318
-2997.830043 -715.557356 1722.392280
-3011.446790 -705.040097 1647.639332
-3272.334115 -930.560033 1768.766031
-2790.163081 -659.159809 1537.403368
-3727.346947 -889.553154 2006.789140
-3148.136829 -877.512931 1764.450879
-2864.698346 -677.076319 1578.551204
-3350.804444 -814.214326 1797.842347
-2527.518580 -595.977524 1359.177837
-2867.026232 -753.087396 1614.135281
-3945.002112 -960.318038 2231.687953
-2640.590677 -631.574394 1500.366512
-2704.130695 -656.569560 1567.534061
-3629.904374 -949.740171 2144.841299
-2425.655359 -681.534638 1345.167316
-2639.014192 -737.114786 1549.211099
-2619.782014 -671.044849 1530.539810
-2818.730303 -663.054516 1594.725355
-2997.892034 -705.395194 1696.414622
-3577.064896 -847.483170 1927.749617
-2533.777002 -635.884648 1470.817859
-2928.327325 -797.159767 1708.748949
-3630.308148 -861.821465 1955.364662
-3575.358633 -961.938355 1892.948192
-3360.495511 -876.550391 1839.753527
-2698.972858 -720.662651 1482.435776
-3958.772988 -985.470292 2128.933469
-3121.398833 -876.940415 1730.708056
-3196.082957 -836.329300 1757.844700
-3626.169928 -888.244039 1999.013133
-2857.067106 -713.977629 1559.137500
-2829.024768 -661.746392 1578.668108
-3268.183687 -917.151614 1917.129465
-2877.506238 -747.468309 1697.975735
-3786.823130 -881.427364 2068.607929
-2779.712643 -691.686495 1528.118418
-3630.344834 -860.117046 1955.441192
-3835.867217 -1078.744745 2127.637590
-3356.956950 -944.461249 1862.137360
-2964.726776 -766.556786 1745.925216
-3029.893438 -765.095982 1598.301851
-3954.178689 -976.761002 2209.752830
-3561.568195 -975.227457 2077.337553
-2943.865547 -730.932781 1612.982874
-3617.280619 -862.150080 2051.509913
-3531.596379 -871.368303 2009.836120
-2663.200404 -633.797479 1509.683983
-2960.302492 -778.041542 1742.046524
-2886.977180 -743.431719 1701.740481
-3910.895299 -1023.091449 2311.755953
-2662.866449 -714.663978 1488.751902
-3645.163175 -898.937630 1926.926988
-3522.819971 -871.843397 2016.080021
-2852.794530 -798.469311 1583.562949
-2925.984515 -836.574637 1659.151157
-3953.754383 -959.443450 2176.010482
-3093.052456 -724.946653 1738.072867
-2821.648992 -789.812745 1555.601956
-2556.929586 -599.730226 1437.743685
-3351.105724 -822.150484 1956.332221
-2979.300908 -732.812330 1740.603806
-3490.160355 -932.917256 1929.820707
-3926.580373 -943.438838 2265.657332
-2622.232909 -664.765820 1495.287811
-2849.474747 -666.318511 1591.915123
-2750.915929 -804.182385 1557.451515
-3453.591077 -822.034454 1985.046585
-2497.650145 -606.561590 1450.270573
-2540.566347 -610.535302 1464.279117
-2681.232395 -636.931202 1541.778572
-3580.994679 -833.038500 1960.852849
-3027.146307 -703.523977 1654.037611
-3365.271520 -782.002404 1841.650702
-2487.986428 -593.672881 1411.344477
-3189.780400 -741.024645 1743.337150
-3928.139832 -944.091805 2266.008700
-3786.241312 -1047.717312 2010.976959
-3556.976010 -984.187852 1889.485929
-2696.094057 -749.595248 1582.327417
-3211.376186 -898.143792 1884.642721
-3176.986079 -779.136672 1696.022822
-2917.209922 -718.304310 1702.782562
-3579.183809 -870.406002 2077.375528
-2649.559735 -652.652098 1547.948476
-3176.985129 -773.627433 1843.674585
-3568.802359 -966.813677 1995.100486
-2685.058377 -728.260913 1502.125006
-3487.781273 -946.470446 1950.198632
-2966.079984 -823.105352 1675.112056
-3309.757188 -833.445752 1907.521457
-3366.233487 -935.598887 1903.614828
-2723.640821 -761.254768 1508.623976
-2284.813046 -543.079986 1279.244037
-2755.345111 -687.482325 1503.572211
-2786.371526 -677.106818 1481.534674
-3734.388012 -1086.343069 2134.548941
-3883.021240 -943.013391 2063.880189
-3961.355288 -959.427106 2199.240572
-2739.508321 -714.358601 1503.994924
-3391.819824 -872.771623 1884.342669
-3268.143229 -956.895710 1845.685614
-3502.238558 -981.538870 1940.847120
-2636.265316 -654.920210 1527.869209
-3866.278312 -967.686472 2053.041599
-3239.639545 -829.779503 1786.854601
-2890.400766 -737.605916 1678.394737
-3099.791557 -878.952510 1657.872513
-2912.958940 -728.354968 1546.667049
-3791.468015 -1059.239419 2218.498443
-2492.978211 -618.816922 1408.317933
-3282.845981 -765.470468 1795.650144
-3287.106105 -766.432212 1797.924538
-2617.255192 -663.618225 1527.676518
-3345.583385 -849.267411 1952.883752
-2448.800955 -572.507989 1338.350569
-3610.648103 -879.846245 1948.277341
-3629.940121 -884.124107 1958.839471
-2661.184142 -702.183178 1473.363791
-3152.391049 -899.123196 1798.081242
-3511.584059 -990.602953 2003.599028
-2846.363027 -792.746477 1593.820302
-2408.168283 -636.217659 1333.318715
-2823.131290 -659.855835 1544.181373
-2839.733789 -722.501302 1540.723262
-2628.446328 -768.498439 1486.698999
-3326.377519 -825.346564 1928.240539
-2960.752780 -739.752199 1552.208053
-3058.710053 -749.872170 1685.994420
-2989.034771 -765.884266 1603.560033
-2400.591831 -599.782688 1398.082991
-2257.886343 -631.729213 1252.037834
-3759.771524 -949.885340 1984.772334
-2622.553689 -652.800996 1468.594083
-2855.237197 -795.442273 1593.516754
-3724.078313 -1039.873105 2078.251053
-2500.568782 -603.555837 1420.078988
-2394.675021 -587.307480 1359.700405
-2542.752492 -613.674761 1443.900217
-3119.317793 -788.996878 1647.034168
-2525.613736 -590.187499 1382.356621
-2929.043958 -852.179645 1637.450078
-2908.461203 -714.596492 1697.651574
-3894.328569 -957.406994 2272.591216
-2472.473688 -572.124394 1380.010466
-2730.448755 -647.388810 1572.505657
-3767.289538 -1012.849754 2107.455797
-3920.956958 -906.179576 2185.750761
-3375.848954 -870.098732 1857.238089
-3196.583538 -838.307637 1743.429876
-2798.016366 -781.067279 1618.966340
-3427.049363 -824.161493 1874.240037
-3147.644069 -839.635333 1850.726312
-2846.221711 -740.779562 1534.438295
-3868.874821 -929.902434 2112.388952
-2706.281003 -651.073045 1478.918709
-2599.875410 -632.134081 1379.723701
-2774.534737 -808.030565 1587.909366
-2771.229798 -787.664584 1583.796909
-2578.786769 -691.378641 1480.971017
-3339.447119 -859.842242 1837.663035
-2868.178262 -744.862106 1629.115481
-2991.957215 -755.386474 1575.788722
-2804.810872 -661.834989 1583.331339
-3140.025285 -888.280660 1767.778108
-2930.128990 -741.194683 1544.027299
-2970.619580 -777.245578 1702.772085
-2837.135468 -713.161954 1649.904205
-3504.983456 -869.549075 1918.605618
-2509.529205 -583.920116 1355.282975
-3127.826721 -723.057351 1736.672113
-3771.442737 -1031.958941 1997.354792
-3108.662305 -808.641320 1675.595329
-2590.860976 -668.962611 1382.830823
-3417.220496 -883.561971 1821.407818
-2643.508674 -623.919818 1420.551586
-3831.155077 -921.698039 2092.238562
-3359.817039 -784.256538 1898.728032
-3028.639738 -702.418882 1697.263991
-2806.812578 -652.332960 1529.665261
-3252.613215 -757.379768 1783.429782
-3529.638374 -860.325447 2047.498751
-2866.444480 -681.882528 1639.843323
-2489.471397 -600.772998 1442.534716
-2778.608892 -648.953341 1569.806285
-3918.404359 -946.612051 2269.576937
-3551.699223 -865.696260 2059.616438
-2475.690411 -597.596398 1430.390511
-3043.389415 -746.001216 1625.584171
-2941.930203 -709.814696 1557.945640
-3405.486009 -786.879425 1897.833223
-3335.272308 -811.653560 1932.934710
-3464.218130 -838.296094 1824.587420
-3541.521751 -879.874052 1980.441735
-2902.532920 -783.514083 1686.377334
-2956.421026 -737.003870 1674.444109
-3833.153890 -1069.245035 2150.499468
-2744.385901 -682.546859 1569.675707
-2204.988275 -516.794600 1215.307471
-3210.829468 -755.962080 1813.239538
-2204.605416 -519.419942 1244.885619
-2540.517915 -599.006305 1434.020005
-2739.101352 -679.981043 1532.678568
-2634.887759 -718.572063 1467.469257
-3385.952174 -893.604474 1985.589246
-2889.417547 -755.066008 1655.139371
-2551.874551 -671.436736 1401.514089
-2782.172490 -689.634000 1523.727774
-3421.349642 -804.841483 1939.464080
-3272.356913 -777.525232 1886.546005
-3157.853284 -750.458667 1820.527033
-2505.289048 -595.573793 1442.416201
-3225.785398 -745.360136 1799.519672
-3669.620872 -852.057763 1995.215894
-3556.042364 -859.952403 2064.303340
-3986.579477 -926.177096 2170.881306
-2737.163378 -644.956063 1553.049684
-2570.596300 -728.252729 1383.194054
-2834.064601 -688.502426 1645.891435
-2800.305043 -680.847959 1630.618773
-3460.781382 -814.982912 1963.135718
-3482.195913 -819.662995 1976.449346
-2433.687176 -583.697320 1403.748225
-3627.370998 -839.972545 1983.221215
-3299.070063 -793.280503 1913.728598
-3458.905995 -814.559728 1962.114959
-2711.330338 -660.467306 1571.041663
-2364.138369 -562.439457 1358.149030
-3831.341981 -890.276341 2083.780545
-2873.901811 -662.623253 1601.333022
-3025.058491 -700.968726 1688.425099
-2349.554917 -652.911247 1329.284636
-3025.706856 -706.378610 1668.491998
-2934.346150 -737.762334 1691.402386
-2756.381820 -677.319879 1474.006280
-2890.537464 -826.677960 1612.297549
-2227.731927 -620.182293 1248.981758
-3290.961622 -792.173478 1738.285516
-2804.081586 -646.307626 1551.783860
-2515.500760 -589.785054 1415.160702
-2837.590238 -664.014653 1597.516838
-2800.526368 -655.728836 1575.183614
-3129.707197 -787.456455 1803.982725
-3293.415386 -769.564149 1851.329517
-3769.198328 -874.927892 2111.830556
-2544.136472 -613.226596 1471.058387
-2754.688810 -697.148195 1617.758759
-3886.201378 -1131.070182 2221.165591
-3886.851772 -1131.246997 2221.445097
-2740.538851 -680.837144 1534.074242
-3141.314162 -817.128394 1798.927315
-3492.479188 -809.639719 1955.558970
-2807.251902 -687.432915 1636.417775
-2917.941764 -737.400290 1712.561503
-2451.383610 -569.222945 1371.903516
-3346.147271 -910.421057 1876.972829
-2616.811865 -663.336484 1530.866274
-2379.907425 -603.061522 1392.068357
-3189.343430 -810.333995 1865.226807
-3882.542156 -1030.325904 2041.192375
-3049.727114 -830.276947 1675.872660
-3797.306376 -1070.049437 2010.242725
-2945.769657 -774.619936 1600.763090
-3215.183963 -828.084850 1795.814980
-2526.737153 -591.865791 1407.475770
-3533.852398 -1010.058104 1884.901674
-3789.528030 -1083.691369 2021.387877
-3882.320642 -933.718338 2098.632197
-3820.127637 -983.836373 2133.534720
-3118.816669 -736.069556 1749.812278
-3122.817314 -751.101331 1673.492700
-2841.925001 -679.281617 1524.452809
-2890.995308 -696.246884 1562.819506
-3593.729694 -883.972676 1978.527031
-3880.988619 -925.378927 2146.366922
-3852.432397 -1104.765330 2081.759197
-2879.505308 -779.047745 1519.668297
-3650.049260 -984.131842 1931.721357
-3478.016436 -959.274513 1902.428287
-3038.338725 -854.775030 1703.030695
-3513.837301 -996.055533 2044.045746
-2746.889831 -689.666867 1503.688467
-2764.555573 -747.712283 1460.651739
-3200.304524 -811.523570 1729.287269
-3878.362845 -974.979387 2122.454621
-2539.272585 -726.078876 1372.329168
-3137.532908 -846.354733 1659.017576
-2589.963970 -660.063162 1450.787708
-2951.035930 -747.040615 1654.626511
-3073.845461 -753.039486 1655.397764
-3961.170878 -1068.748264 2094.181966
-3142.114260 -746.971347 1768.753065
-2587.694576 -740.630058 1397.893700
-2683.186504 -657.141057 1444.989179
-3518.730160 -883.018816 1925.006785
-3120.257189 -883.371390 1818.390457
-2321.625847 -568.027940 1249.301385
-2737.336808 -675.431699 1550.280016
-3000.456975 -774.349356 1630.488207
-3864.553085 -923.381092 2081.325000
-3621.724685 -982.233088 1942.578717
-3338.819874 -890.478218 1935.503083
-3220.543874 -808.812190 1809.037465
-2492.462160 -585.586885 1361.147250
-2375.627031 -597.645278 1334.327656
-2865.527263 -716.848555 1538.865632
-3692.561531 -939.015831 2100.726164
-2679.159639 -737.044033 1446.026450
-3292.029436 -823.420577 1767.870081
-3800.226135 -927.877407 2100.708209
-2045.486136 -545.306650 1093.703078
-2513.479790 -691.346335 1356.453575
-2471.928141 -621.130680 1388.799444
-3790.939187 -1029.227709 2034.676722
-3503.690649 -864.283399 1981.374385
-3081.131839 -852.902062 1684.450911
-2875.254523 -795.904164 1571.645728
-2052.828599 -553.491600 1130.081390
-3924.829945 -966.324096 2223.247214
-3603.237871 -997.316664 1969.866309
-3621.169378 -887.781721 2051.985502
-2565.630362 -607.038660 1402.463410
-3473.203580 -960.894875 1898.817082
-3031.600927 -784.329643 1690.802447
-2521.858198 -621.961833 1428.101347
-2243.893757 -570.326292 1311.647660
-3000.415584 -745.194133 1632.612165
-3117.668590 -775.365156 1696.962088
-3919.441643 -974.164233 2133.215194
-3310.126863 -831.180229 1857.904189
-2524.965918 -643.009484 1413.990324
-2736.999591 -663.094557 1556.218803
-2736.578370 -663.064662 1556.054726
-2739.154038 -667.348878 1554.331267
-3635.462243 -911.301597 2042.021081
-3511.369384 -997.964857 1985.477613
-3841.809374 -952.580743 2223.377490
-3161.155694 -870.601099 1798.498326
-3636.870586 -912.521474 2040.663354
-3450.195777 -945.646491 1893.118614
-3312.992731 -838.411287 1745.021866
-3666.993993 -1067.758053 2077.383760
-3156.077412 -788.508530 1811.863992
-2885.548923 -791.271747 1582.250877
-3262.816802 -906.838868 1751.421585
-2807.711982 -753.342312 1645.559198
-2759.194982 -802.097873 1563.161004
-3167.887811 -833.961753 1798.798102
-2455.501802 -682.274186 1318.129704
-2983.966104 -738.445986 1578.286388
-2763.167324 -670.117232 1534.441692
-3582.968766 -1030.451561 1935.937554
-2949.219621 -727.252893 1633.749066
-3456.030444 -856.799312 1828.621652
-3687.331129 -934.694657 2154.973331
-3642.137047 -960.858618 2147.720268
-2779.404122 -761.314989 1545.340546
-2555.800344 -725.307134 1434.446844
-3380.322052 -949.133015 1902.697693
-2919.438526 -710.402331 1551.190117
-2811.076045 -684.115130 1595.196800
-3816.522445 -907.719471 2149.358607
-2534.754258 -603.211860 1428.542007
-2463.458224 -586.347564 1388.399029
-3909.296186 -930.617305 2203.555642
-3711.932194 -979.715003 2032.324206
-2622.984151 -666.805487 1533.359932
-2538.714577 -645.479146 1361.023923
-3222.391449 -808.273263 1810.508787
-2352.831381 -644.288433 1315.869526
-3442.366055 -844.747969 1853.600780
-3282.693472 -869.479211 1872.905218
-2820.711997 -714.033485 1653.941051
-3124.833291 -781.992317 1797.406923
-2867.927964 -686.489587 1628.479907
-2613.937180 -617.823820 1433.765158
-3352.962469 -941.228704 1887.989719
-3720.501537 -870.685212 2073.909252
-3385.992185 -865.686920 1790.952668
-3276.403962 -859.396648 1759.758534
-2800.845853 -710.531405 1621.630703
-3282.293377 -913.417237 1832.815307
-2952.005543 -836.003876 1601.319704
-2858.566099 -768.707724 1553.627081
-3861.539732 -970.891205 2166.036567
-3737.534258 -960.755432 2131.789950
-2811.323888 -684.057831 1594.999818
-3289.499668 -800.485416 1866.489619
-2777.431719 -792.274865 1587.715498
-2870.794643 -818.185789 1640.683845
-2945.690904 -686.989427 1631.055572
-2791.787236 -792.430726 1482.835499
-2292.232503 -645.713478 1313.013395
-2810.114377 -803.105618 1498.289245
-2879.471394 -701.816158 1513.874929
-2539.831518 -618.795321 1335.123662
-1969.736204 -535.034137 1104.113066
-2812.620521 -797.147352 1639.633065
-3922.873085 -956.548082 2062.133243
-3170.487082 -742.757309 1766.823322
-3116.787365 -882.308377 1815.905016
-3679.598903 -965.463497 1939.761350
-2794.377496 -700.422640 1506.915032
-3410.995753 -939.242395 1838.532495
-3066.133867 -719.452892 1673.333633
-2390.327761 -618.938269 1252.428195
-2533.056127 -746.087945 1399.329078
-3334.323680 -918.610066 1797.190068
-2388.052955 -601.013093 1369.951925
-3756.822582 -1087.620130 2053.389476
-2508.412213 -654.108371 1362.120724
-2456.462669 -690.781991 1377.635821
-2516.743584 -693.387934 1433.048943
-3077.580998 -876.720384 1713.141989
-3004.747254 -850.771245 1591.402562
-2560.966794 -752.948056 1404.192722
-2711.355588 -796.879560 1485.546320
-3630.072712 -1021.690108 1972.776913
-3227.576568 -878.270403 1702.973360
-3404.105262 -926.734723 1795.433049
-2987.638739 -860.455830 1613.618662
-2535.732671 -653.837421 1459.559617
-3586.151086 -1034.137583 2036.071482
-2389.522752 -671.250850 1261.817000
-3344.132358 -962.806563 1810.592153
-2798.365334 -783.984688 1476.152507
-2461.747119 -689.639525 1298.710270
-2453.151016 -689.797288 1295.874485
-3480.947476 -849.726412 1830.433261
-3072.828495 -740.931114 1749.224458
-3983.222331 -1122.057619 2104.041579
-3569.720311 -1013.878950 1991.359895
-2625.682216 -683.977098 1466.401920
-3566.109975 -1026.908127 1927.577350
-2925.670717 -774.785841 1668.318298
-3221.749612 -854.009651 1836.871272
-3715.533884 -930.901854 2136.677873
-3789.890567 -1064.461291 2158.713909
-3749.089869 -1060.248283 1985.184131
-3822.613034 -1111.997483 2198.844833
-3580.317889 -875.159772 1925.497422
-3266.177829 -940.041272 1852.402010
-2701.545818 -785.348984 1530.150381
-2414.097927 -638.802683 1373.377176
-3088.998020 -839.164909 1732.517020
-2744.436123 -745.211037 1540.722692
-2878.790979 -790.404811 1611.931779
-3590.192845 -975.328616 2014.378063
-3210.291240 -931.757573 1731.077374
-3353.829742 -897.608387 1897.771104
-3963.669715 -1019.282414 2076.716277
-3201.051553 -823.290835 1676.654349
-2298.818922 -548.119349 1270.082718
-3204.492095 -796.845001 1839.372319
-3880.248257 -925.210917 2145.750851
-3436.753475 -887.300473 1918.093100
-3853.699136 -1104.359414 2106.041471
-3701.147950 -1049.895385 2005.463452
-3834.646913 -910.040657 2158.940398
-3246.897396 -881.329841 1740.680185
-2857.809822 -795.712167 1614.862871
-2565.101739 -609.418653 1444.473006
-3075.996176 -794.625554 1637.086459
-3195.374735 -812.746448 1790.696533
-3116.849252 -888.342831 1784.737398
-3385.717334 -920.983307 1810.562711
-3205.827351 -799.954309 1843.536213
-2735.542607 -725.776190 1438.469656
-2555.623984 -722.988038 1486.721368
-2481.927528 -634.991025 1378.088993
-2455.738484 -612.710318 1412.590436
-3823.923146 -989.400784 2110.483326
-3402.321194 -962.973007 1980.061266
-3222.950755 -833.974839 1778.619376
-3111.122588 -883.754162 1687.100656
-2800.856885 -652.356839 1528.270195
-3868.643621 -911.181002 2181.756908
-2449.955279 -582.459122 1329.196333
-2930.487075 -705.353790 1666.138048
-3606.734740 -992.291006 1966.455551
-2636.602749 -752.454833 1534.376299
-3846.725742 -953.132785 2130.099482
-3024.859435 -750.776456 1600.577870
-2980.378410 -817.365017 1670.659436
-2882.684445 -790.699721 1615.884115
-3283.205959 -799.701895 1744.082865
-3752.402431 -914.289564 1994.613443
-3146.904717 -744.663054 1738.746173
-3175.799523 -751.761560 1754.219956
-3534.216185 -820.905411 1969.202548
-2697.781935 -641.654160 1537.657067
-3312.945199 -799.280324 1757.272042
-2833.261318 -660.784464 1591.697098
-2685.654754 -761.479146 1440.518853
-3595.671602 -924.031912 2091.837355
-2896.332874 -776.000762 1599.402616
-2373.256269 -674.133280 1272.334260
-2545.353321 -604.668138 1449.851485
-3638.458770 -906.540039 1901.918960
-3696.788129 -1066.995987 2081.276969
-2431.903682 -577.785952 1369.300364
-3230.691302 -915.643350 1751.698154
-3544.067330 -1006.796376 1920.675744
-2415.070961 -636.970138 1372.466872
-3454.201248 -820.027007 1965.836287
-1953.036244 -522.593101 1105.557488
-2685.472832 -772.898256 1503.790269
-3256.420726 -937.210692 1824.178639
-3076.699139 -893.200623 1687.763368
-2496.894347 -654.917050 1408.375545
-2853.049087 -826.930106 1560.222825
-3063.568447 -863.958400 1620.562578
-2748.455080 -654.149698 1568.149853
-2481.021357 -598.223932 1411.253013
-2655.365798 -630.807709 1515.177021
-3707.382509 -881.882158 2116.319527
-2819.626388 -672.294291 1602.732359
-3668.439921 -976.829477 2030.335142
-3261.120554 -823.602904 1701.164540
-3572.856544 -947.674986 2039.115293
-3273.923461 -925.701438 1732.939194
-2710.200484 -786.309652 1525.287181
-3314.967022 -899.429158 1857.311817
-3572.656405 -1019.864310 1989.782123
-2980.870607 -824.122827 1736.766936
-3152.966389 -861.484793 1787.864655
-2949.941689 -748.527902 1684.283557
-2571.627325 -626.655769 1365.274218
-2726.055307 -654.581933 1547.070010
-3222.492833 -798.723245 1703.138478
-2986.066121 -740.273780 1577.650842
-2204.945272 -572.239955 1263.673471
-3396.764673 -889.679299 1859.007152
-3346.256979 -876.237220 1831.632008
-2629.205820 -732.858962 1537.346922
-2513.472662 -702.073482 1416.708387
-2543.119586 -612.014417 1444.343829
-3597.423873 -920.772806 2068.052574
-2712.210264 -694.980784 1560.237947
-3696.076120 -1037.911144 2009.370810
-3027.413820 -848.597145 1647.543535
-3699.413735 -1039.335225 2010.513918
-3183.104265 -765.824355 1807.402933
-3333.720509 -842.035877 1949.453171
-3747.864953 -991.816683 2069.724314
-3897.964043 -983.743889 2278.712743
-3906.593919 -939.249352 2218.857034
-2843.898095 -751.723042 1621.270201
-3062.363457 -737.019890 1738.071000
-2853.471678 -723.001514 1668.322059
-3616.762759 -868.344142 2053.670564
-2875.915555 -735.798070 1566.973377
-3270.497778 -801.217250 1747.407638
-3482.045645 -832.618404 1976.659762
-3629.797868 -887.820509 2058.503311
-2527.923981 -586.026215 1407.474386
-2708.446490 -646.997471 1538.159721
-2857.856014 -722.435059 1670.984018
-3085.625476 -780.178065 1803.275054
-2659.882419 -635.510850 1511.376948
-2845.086823 -659.828511 1585.166763
-2714.658793 -710.944396 1603.531044
-2854.608647 -748.390756 1686.219787
-3767.058390 -1000.338183 1998.655319
-3060.372416 -883.916124 1722.432194
-2365.247257 -610.920886 1396.676817
-2955.418462 -782.332146 1633.258910
-2996.616000 -781.917348 1770.287736
-2755.446448 -683.366354 1540.880629
-3834.348304 -1071.635412 2141.680698
-3792.457951 -983.042602 2076.306635
-2697.511835 -722.670434 1593.167163
-3592.139708 -935.165251 2122.250794
-3348.016127 -897.431906 1872.032917
-3027.322067 -705.332449 1676.350867
-3110.345883 -886.561466 1778.994509
-2434.355281 -592.349473 1413.753027
-2433.244800 -592.118687 1413.124078
-3129.748162 -829.568993 1728.855577
-3290.953508 -765.067173 1797.580429
-3832.124155 -993.511012 2098.979872
-3269.227444 -807.247020 1909.705282
-3204.138188 -930.797557 1829.219488
-3334.442859 -902.983205 1884.282138
-3721.303193 -960.233601 1982.284097
-3122.685002 -845.214755 1764.287747
-2664.045167 -744.320571 1480.102296
-2680.189674 -702.538646 1467.283030
-3332.402174 -836.662320 1797.603405
-3715.120311 -935.580415 2177.015441
-2669.518476 -622.564728 1490.923343
-2492.061235 -581.455262 1392.272367
-2223.621000 -572.223300 1298.481139
-2840.377701 -658.926640 1582.080681
-2792.717760 -666.729160 1588.004468
-2654.236400 -625.716371 1512.352702
-2701.963585 -645.105775 1537.046920
-3409.121900 -953.174524 1894.190917
-2971.771222 -867.775668 1675.546386
-3202.230925 -845.821031 1774.861219
-3924.323395 -1040.809985 2167.756022
-3715.294027 -930.636258 2181.325291
-2887.650542 -770.088296 1607.999395
-2891.950464 -697.192936 1530.234422
-3087.055616 -848.547337 1723.386949
-2987.658906 -821.090494 1668.269892
-2999.296801 -736.046100 1578.802932
-3686.087105 -917.771072 2117.283573
-2824.412529 -719.147254 1630.551022
-3398.543607 -853.836764 1960.400148
-3553.430757 -1011.217837 2033.885559
-3178.080748 -906.929112 1819.085286
-3729.159155 -915.493783 1964.592190
-2461.861466 -614.393316 1414.675888
-2916.487704 -733.749736 1537.660989
-3155.369283 -788.796166 1813.301152
-1973.366417 -554.394757 1073.909778
-3154.186405 -788.206417 1812.212978
-3152.910964 -787.914616 1812.371440
-3671.514779 -924.400810 2153.512923
-3103.331929 -780.985563 1820.533090
-2996.052335 -712.540250 1702.664204
-3447.811850 -929.916343 1935.426942
-2640.758281 -638.583769 1403.295352
-3419.054510 -798.113640 1921.156640
-2887.021358 -821.236943 1563.158570
-3301.781210 -771.177497 1834.050544
-2651.651394 -711.293288 1464.569511
-2651.203825 -711.170435 1464.290259
-2934.893101 -708.258754 1556.221819
-3084.444541 -829.264636 1719.748030
-3378.648794 -941.700101 1887.298350
-3380.209086 -943.205170 1889.018390
-2597.596750 -764.264577 1447.917419
-3103.685104 -780.721762 1820.725257
-3325.599326 -889.187493 1853.482506
-2352.849543 -627.496497 1310.450000
-3865.566259 -1031.243521 2152.442456
-2905.477596 -673.570273 1592.780564
-3074.804669 -813.261735 1705.775007
-3844.846877 -936.715253 2235.926632
-2810.787350 -682.353219 1633.198790
-2846.653943 -663.722790 1600.980912
-2555.115081 -596.075958 1437.017468
-3800.254086 -909.272242 2192.270381
-3007.316804 -719.864254 1735.202880
-2855.498338 -693.950248 1659.015790
-3314.611791 -808.396060 1843.704927
-3485.910114 -876.263501 2009.691740
-3696.411415 -1039.787473 2012.811910
-3317.626866 -834.798161 1912.646753
-3799.375955 -933.710791 2032.454228
-3394.799266 -791.124334 1902.880115
-3232.160784 -770.109470 1836.748491
-3334.320960 -840.738379 1952.131477
-2797.278136 -738.996620 1545.314959
-3741.338192 -999.193623 2086.216504
-2144.338209 -591.464788 1210.171526
-3336.574091 -920.854795 1883.311128
-2624.684343 -766.199088 1502.453823
-3268.905791 -940.140832 1756.864081
-2979.016495 -764.723998 1731.121965
-3949.919171 -1110.222653 2167.193502
-3366.052140 -854.162556 1854.775404
-2481.303255 -725.232204 1420.352381
-3074.225801 -736.848881 1674.723828
-2942.642262 -793.157883 1695.126619
-3174.941383 -806.832307 1749.903609
-2931.148627 -748.922590 1654.729878
-3790.964873 -931.805108 2145.381827
-3386.815903 -870.953820 1778.913314
-3378.573465 -863.328826 1907.180537
-2512.032070 -652.534355 1347.809296
-2833.808024 -805.766602 1554.813008
-2845.556126 -670.728739 1546.257565
-2862.908844 -814.061425 1570.360095
-2849.209719 -709.634062 1505.146351
-2580.896754 -733.952696 1416.925239
-3656.959414 -932.313432 1940.214507
-3169.388240 -851.558245 1653.053007
-3161.035203 -847.326622 1841.028396
-2980.690066 -819.305898 1712.746702
-3458.683714 -851.690230 1818.353656
-2825.986259 -730.786729 1579.864609
-3610.902113 -923.768182 2056.224278
-3026.287512 -756.958227 1720.860771
-2343.782864 -601.376500 1315.818770
-2348.041696 -629.422079 1367.578737
-3473.483859 -931.479156 2024.797241
-2847.234572 -698.024209 1595.424688
-2710.127373 -724.255767 1424.791537
-3575.826949 -952.276530 2063.908913
-3926.568901 -1006.443404 2180.572001
-2391.395609 -609.528799 1268.441570
-3486.814945 -929.158050 1844.523262
-3342.804980 -971.516014 1820.293133
-3471.340317 -827.672103 1907.532520
-3486.587950 -869.501619 1843.202286
-2900.813925 -800.165312 1680.729333
-3683.742953 -868.994869 2002.164078
-3546.315191 -971.411710 2045.572895
-3631.972648 -995.086077 1944.741734
-3743.743942 -908.602454 2087.742905
-2602.409017 -704.679329 1479.471023
-3876.401190 -1062.518782 2076.302107
-3011.510200 -824.675015 1612.207966
-3177.569040 -771.111004 1817.110592
-3313.391504 -837.746133 1752.116071
-3143.351190 -762.210568 1799.054583
-3608.645613 -874.777966 2064.932128
-2478.343260 -634.314218 1411.021330
-3608.074935 -874.056107 2064.990695
-3278.484614 -855.067606 1712.959168
-3896.946236 -942.977216 2230.598686
-3277.800414 -854.874130 1712.551629
-3050.002035 -819.444835 1591.042745
-3762.506204 -956.831813 1989.164776
-3632.866507 -1055.448294 1979.001483
-3217.725030 -892.330349 1839.920469
-2378.805608 -668.682680 1374.513874
-3498.241407 -885.099911 1922.237244
-2938.364698 -807.702439 1654.910648
-3010.527593 -837.476267 1607.709515
-3533.285192 -861.886652 1866.630873
-3415.079753 -878.546248 1842.480782
-2901.773052 -796.668534 1667.420701
-3038.257579 -809.222933 1598.004575
-3677.869269 -1021.347602 1979.529788
-2874.773276 -769.828152 1661.995552
-2292.722164 -636.640493 1234.130968
-3271.899290 -861.214967 1791.928278
-2986.018688 -842.347535 1712.959650
-3518.565131 -977.519795 1879.036216
-3772.718771 -900.413030 2072.649020
-3676.904947 -1007.596958 1967.340184
-3632.876241 -1039.596701 2021.217009
-2909.604322 -807.487971 1664.790294
-3539.845386 -1032.397829 1955.770839
-3713.608789 -940.152332 2024.721660
-3813.110250 -1014.995880 2004.941251
-2857.742960 -773.584114 1548.426340
-3017.549838 -808.861981 1645.264333
-3151.632292 -868.051500 1691.442182
-3932.490173 -1077.785119 2103.605199
-3534.569375 -939.323379 2058.393207
-3505.494520 -861.724942 2009.609953
-3890.608183 -1043.664835 2104.499105
-3900.211470 -1142.454880 2159.966493
-3551.938099 -899.167194 1910.473545
-3621.135524 -1021.276116 2077.520430
-2537.696012 -646.609226 1346.657704
-3507.644064 -889.199461 1876.005759
-3714.194075 -1087.610554 2057.032654
-2846.713247 -727.957419 1543.719468
-2445.863643 -716.094071 1354.600223
-3321.052162 -884.279448 1915.686523
-3805.955168 -1013.757626 2001.250136
-2758.460411 -691.407869 1493.703825
-3279.933136 -905.380065 1872.070163
-3332.688961 -785.322800 1811.586841
-3183.338260 -805.044657 1707.199318
-2909.921217 -780.562054 1573.693962
-2402.694455 -661.185588 1290.146159
-3178.771281 -803.678015 1705.945673
-3643.078254 -946.292772 1949.643300
-2387.810404 -587.328959 1303.948825
-3833.381080 -1042.331922 2077.647136
-2502.858072 -666.211128 1343.061644
-3244.934093 -852.875941 1754.203830
-3222.462196 -813.697399 1788.678104
-3822.683588 -965.312099 2121.258375
-3450.155416 -919.369640 1848.543982
-3190.701483 -790.132022 1837.065992
-2743.180831 -679.344692 1579.335145
-3323.440454 -815.586755 1812.802512
-2800.143259 -786.185797 1628.853268
-3494.488081 -963.225545 2007.237046
-2077.537720 -528.347880 1135.576012
-3002.230987 -739.311625 1641.456657
-2739.250885 -656.310818 1506.889950
-2763.049450 -659.105231 1534.733426
-2900.746536 -739.905010 1656.289262
-2455.384473 -604.146609 1341.911585
-2608.672459 -641.814886 1426.309353
-2462.432281 -605.834354 1346.719130
-3189.783483 -879.089896 1831.926720
-3675.237086 -1001.947910 2086.161971
-2792.983159 -714.555105 1576.010536
-2575.229014 -688.222993 1373.484036
-3585.292477 -860.437414 2010.829248
-2942.767381 -744.600726 1639.497302
-2987.403503 -789.107982 1591.377495
-3643.762725 -910.137672 1927.412564
-2731.512951 -734.602103 1496.392592
-3680.316537 -972.702466 1961.608650
-2883.261556 -720.666129 1523.833331
-2496.377806 -617.750436 1417.208808
-3365.313884 -869.233556 1827.264014
-3021.687625 -817.881986 1723.264906
-3059.044670 -810.745456 1614.354913
-2476.091080 -656.768838 1307.021245
-3205.385073 -888.422994 1835.584316
-2769.115357 -764.140724 1604.465035
-2625.722519 -694.170025 1396.019712
-3922.992711 -999.172111 2165.672436
-3970.444570 -987.934561 2096.219652
-3830.365059 -964.233497 2066.486077
-3099.241321 -842.175437 1763.766520
-3608.493426 -981.362359 1954.571013
-2066.390300 -487.594079 1106.614384
-3343.321743 -850.426291 1845.191360
-3334.247119 -859.477555 1764.050467
-3301.966941 -916.517821 1826.883835
-2677.083788 -701.407640 1429.574981
-3173.614643 -863.322202 1719.354522
-2371.634265 -644.937513 1349.886196
-3262.102549 -804.170491 1785.685328
-2824.626096 -674.099347 1568.940139
-2608.146165 -627.489422 1435.750451
-2607.592277 -642.504032 1406.330031
-3615.379429 -956.841032 2091.132701
-2872.996560 -775.841163 1659.420034
-2641.560858 -627.606001 1421.298532
-2091.493134 -555.486943 1104.880726
-3017.520040 -716.855235 1623.600179
-2451.055616 -606.072946 1341.949995
-2836.085511 -795.373599 1549.257074
-3553.066228 -955.827409 2070.516391
-3774.578769 -1036.546210 2170.767529
-3585.293865 -949.574025 2074.280233
-2866.899818 -700.438534 1606.197429
-3542.446689 -868.052493 2045.571010
-3759.251834 -929.693017 2055.794425
-3560.327893 -953.254000 1920.724851
-3327.673982 -958.345686 1835.242502
-2307.624234 -664.477113 1271.857750
-2663.067235 -766.420775 1467.844035
-3157.431379 -740.071277 1704.282757
-3534.912752 -855.436778 1946.064726
-2939.803747 -687.927154 1595.293882
-3892.953802 -1030.582872 2251.684385
-3581.618056 -1019.421908 1984.938823
-3158.127441 -828.391109 1829.026801
-3506.134716 -962.595811 2024.047553
-3102.400295 -782.431069 1782.122561
-3523.177028 -870.493943 1927.947338
-2670.535549 -758.210735 1469.479046
-2602.461300 -704.036317 1410.174602
-3819.620864 -945.161249 2088.749136
-3643.902058 -900.898578 1996.648548
-3026.503736 -860.899579 1677.754700
-3118.895297 -876.944270 1672.410547
-2792.337545 -664.098883 1501.367162
-3311.343210 -796.006687 1822.883671
-3183.788281 -757.294496 1712.528750
-2656.305687 -621.843301 1442.428893
-3127.343785 -790.517888 1672.797158
-3330.526048 -892.996491 1835.162606
-3249.361086 -871.407251 1790.002517
-2882.175499 -691.485304 1569.230092
-3649.457520 -980.242759 1928.483916
-2888.561958 -693.467910 1573.077798
-2192.458221 -525.222150 1193.529502
-3152.402834 -785.737453 1693.778506
-3913.725290 -1052.254245 2118.230456
-3371.806542 -961.576558 1867.376746
-2887.128576 -692.618386 1571.442943
-3726.575844 -915.293114 2050.598361
-2221.612665 -545.276311 1222.593553
-2871.286930 -689.097470 1562.669277
-2496.760350 -633.989189 1376.413843
-3816.958428 -1026.469222 2012.342637
-2909.504168 -830.450625 1611.384265
-3016.487855 -861.677436 1671.114624
-3016.206623 -861.633086 1671.046578
-3058.938054 -769.770037 1640.531868
-3016.612793 -862.461438 1671.483015
-3106.937079 -863.078465 1661.139258
-2936.472217 -817.318253 1590.199139
-2460.271344 -608.645117 1368.278893
-3430.534989 -848.758565 1907.842254
-3151.207720 -831.810015 1810.206934
-2861.352915 -807.182675 1655.471569
-2849.372392 -737.302651 1551.616658
-2884.773658 -733.423719 1591.521681
-3387.763428 -826.560535 1842.117282
-2404.307691 -589.895640 1323.449210
-3714.943702 -1005.913735 1940.581721
-2703.039847 -718.599805 1547.553843
-3871.109231 -999.628385 2251.737399
-2352.631170 -647.264321 1299.943841
-3339.143780 -940.023657 1856.083113
-2876.951554 -832.024260 1567.778874
-3534.718553 -939.500826 2061.620091
-2664.570661 -715.311847 1551.864196
-3609.073810 -990.439385 2039.943637
-3481.511184 -990.917849 2020.754340
-3554.667687 -862.318244 2031.846489
-2945.861531 -782.791454 1685.282817
-3712.746773 -1006.329823 1939.927392
-3009.043957 -874.729895 1639.863903
-3167.882357 -881.172628 1846.329393
-3704.476836 -1065.653238 1989.624150
-3706.534931 -1066.196346 1990.753078
-3428.828514 -985.786886 1841.766084
-2982.536331 -856.849922 1602.110960
-3267.562025 -938.231862 1755.409307
-2579.117904 -723.680008 1396.974414
-2446.534282 -642.315091 1436.206006
-3471.033797 -991.551576 2015.914509
-2693.371351 -695.037443 1514.900336
-2767.780338 -784.322669 1531.012588
-2810.335412 -731.612778 1650.798582
-2772.795779 -802.781486 1544.075290
-3872.852772 -1028.822276 2257.806026
-3818.058539 -985.186258 2146.669291
-2376.010368 -684.337434 1357.194394
-3620.167767 -875.013180 1995.786508
-3650.906436 -1004.087746 2057.680009
-3320.047593 -911.803097 1870.334193
-3806.835811 -1014.332350 2010.819172
-3087.013691 -829.088710 1798.360234
-3177.945054 -841.105387 1861.313195
-2707.511733 -715.918951 1581.784593
-2190.041179 -624.675629 1270.669389
-3129.942035 -826.796256 1828.980617
-2363.439608 -677.320534 1270.724065
-2734.706384 -722.407418 1598.720895
-3494.015439 -922.287866 2040.875366
-3563.867463 -949.013903 1917.034614
-2636.891117 -750.799474 1529.625570
-3233.458586 -868.402021 1709.522039
-3117.856965 -888.707991 1808.299841
-3473.219795 -990.376448 2014.942736
-3625.173105 -965.630976 1908.421807
-3387.474605 -939.419880 1932.997183
-2645.525376 -698.876193 1546.435729
-2948.978855 -779.117708 1723.123974
-2568.246454 -677.705211 1499.520939
-2753.304165 -797.911087 1555.636804
-3834.800654 -1019.237427 2245.317052
-2930.025336 -690.619772 1632.691007
-3655.645081 -983.255768 1930.956223
-3307.482966 -805.438807 1851.764616
-2890.313074 -770.292656 1548.169980
-2781.506854 -723.097619 1635.903860
-3303.708843 -807.447934 1756.072991
-2733.145710 -730.623937 1459.384693
-3013.120215 -826.250618 1611.331748
-3020.716578 -725.639199 1666.957209
-3203.748889 -769.725828 1769.014074
-2699.841060 -685.907522 1431.870070
-3675.724041 -1022.886405 1966.283511
-2902.706369 -808.674524 1553.092664
-3351.908095 -805.830810 1849.697626
-2819.018544 -733.567070 1606.848462
-2883.427820 -804.400177 1541.471898
-2691.372219 -773.649347 1448.224415
-3119.376933 -818.466988 1831.202544
-2508.290725 -640.733505 1429.858602
-3314.470709 -843.323159 1758.685559
-3070.265768 -750.759960 1630.492395
-3803.943273 -1001.275266 2079.543443
-2811.538163 -687.260338 1493.562924
-3532.733502 -863.677982 1877.209678
-3440.042382 -878.389396 1961.263405
-2878.455669 -826.622943 1549.538443
-3268.094299 -855.936911 1918.735345
-2075.719473 -596.105707 1116.094091
-3097.275171 -889.924346 1664.978744
-2176.661768 -625.512317 1171.640124
-2437.623062 -622.911178 1389.083354
-2866.946086 -737.805091 1506.529935
-3634.016237 -853.012383 1948.652238
-3158.872687 -889.260921 1675.955757
-3784.160376 -1051.397456 2155.240702
-3397.297395 -832.222743 1902.250488
-2473.265326 -627.729503 1311.370879
-2912.787650 -820.693954 1545.945360
-3612.978619 -938.427953 1884.444963
-3001.734214 -739.666469 1578.714956
-3691.877600 -977.633620 2144.170191
-3838.467224 -1096.111150 2158.765940
-3247.756569 -927.952309 1845.098323
-2456.688065 -621.261354 1369.460149
-3333.058848 -848.170545 1886.968390
-2682.196892 -748.853690 1434.721602
-2645.855851 -674.000214 1498.779078
-3153.887574 -811.817094 1729.069653
-3763.787107 -978.223569 2030.661085
-2770.453623 -790.997564 1573.313946
-2729.857053 -690.302119 1521.058763
-2729.955600 -690.273375 1521.156018
-3175.500630 -845.948559 1845.942110
-2060.612875 -516.386955 1106.032081
-2371.841461 -590.450145 1265.572138
-3705.640155 -936.583058 2065.308081
-2616.112337 -692.104538 1383.175804
-2933.712335 -741.772011 1634.846779
-2398.452403 -634.726778 1298.693736
-3812.479647 -1016.335081 2005.099826
-2164.075597 -531.541948 1182.833092
-3563.528974 -875.523434 1945.589127
-3124.805154 -891.743782 1757.151015
-2870.930316 -842.047788 1590.500957
-2464.419204 -584.205423 1379.678107
-3499.493175 -1025.798794 1939.244609
-3157.734976 -798.380440 1759.597609
-2731.505352 -737.464967 1479.226483
-3069.471677 -746.238152 1677.889080
-2767.822695 -666.129905 1545.652302
-2359.195518 -592.142681 1246.569308
-3573.715901 -857.994552 2004.032161
-3644.945303 -887.266853 1992.469222
-3685.359638 -1056.738557 2020.586359
-3352.236177 -889.418999 1970.038340
-3005.125261 -854.675545 1666.218026
-3782.937997 -943.087462 2029.489173
-2568.365570 -730.828326 1424.060982
-2870.203862 -720.524613 1517.065145
-2632.306668 -629.996139 1419.523913
-3781.890946 -1068.999146 2102.045903
-3270.710929 -828.517647 1718.756040
-3181.566662 -909.768033 1818.566617
-3423.498623 -966.507902 1962.842357
-3425.907333 -992.074123 1907.386130
-3813.669567 -1036.099630 2015.696778
-3872.106359 -922.525634 2152.493897
-2817.320718 -682.778058 1596.276064
-2706.227889 -713.541128 1580.914730
-2867.174369 -817.830631 1627.221837
-3162.096941 -817.277849 1857.969893
-2762.386692 -714.739298 1624.124383
-3578.827821 -860.870860 1974.503528
-3637.453976 -927.977543 2059.133187
-3816.219786 -988.059667 2243.991235
-3490.704858 -896.984148 1975.705911
-2389.159845 -613.986511 1352.241775
-3579.686622 -860.812392 1974.834855
-2966.190262 -767.313556 1743.353522
-3900.606689 -972.647700 2234.634592
-2673.229116 -705.605580 1468.956962
-2909.022166 -766.390573 1590.613438
-2697.721845 -777.097899 1450.238404
-3632.338178 -866.898788 1950.575580
-3068.467551 -778.380315 1690.308234
-2811.761844 -818.193370 1531.434332
-2968.430358 -861.053010 1695.886911
-3374.027962 -855.966411 1857.911925
-2814.533863 -785.280984 1523.748706
-3577.971712 -861.863268 1971.994932
-3123.213972 -752.488586 1719.937592
-2972.142464 -749.650895 1697.981206
-2727.388385 -759.711005 1456.004807
-2656.510643 -639.535708 1463.835266
-2765.904930 -696.813674 1480.150973
-2907.594966 -836.766658 1615.083341
-3836.607616 -935.852493 2189.563729
-2711.867257 -680.056538 1547.044024
-3919.348227 -1124.357716 2212.886250
-2742.553502 -655.708643 1505.831713
-3488.636804 -961.403706 2003.218374
-3122.116386 -769.647414 1657.738555
-3760.720342 -917.829291 2171.693416
-3159.001531 -897.399288 1738.098926
-2642.803424 -715.073885 1464.954545
-2390.398738 -574.607579 1351.524818
-3146.214732 -840.426397 1812.666696
-3404.052991 -969.998659 1828.896985
-2482.866978 -659.110746 1365.300103
-2611.814545 -630.908647 1436.029010
-3198.428186 -802.433111 1732.462451
-2713.489913 -775.537036 1455.126605
-2771.852423 -704.561672 1488.234644
-2673.212750 -724.426326 1563.636222
-3084.950065 -734.884696 1741.027500
-3871.668577 -930.451379 2189.318098
-2736.585698 -701.155800 1545.653112
-3889.050475 -1050.060644 2212.480674
-2474.893150 -656.488625 1306.393876
-3202.332670 -825.656209 1775.215803
-2345.756822 -636.494070 1280.767381
-3100.040154 -881.040561 1795.014993
-3375.913018 -959.387186 1954.634872
-3376.581491 -959.197564 1954.688300
-3525.991740 -832.283555 1889.898259
-3030.591146 -825.491940 1631.049756
-2996.988101 -813.809507 1636.482857
-2324.509921 -662.245611 1277.162137
-3225.499359 -856.533258 1741.841221
-3418.052965 -819.700310 1905.609015
-2359.262052 -591.357326 1345.970488
-2873.416881 -787.752363 1583.486408
-3110.346071 -790.585494 1763.371443
-3111.265040 -791.791366 1763.601759
-3633.848421 -982.065708 1987.450511
-2681.354149 -651.605968 1532.497692
-3127.943109 -787.112712 1674.177824
-2523.287086 -615.943518 1422.022041
-2869.923779 -711.390966 1669.549493
-3086.976098 -818.677898 1698.692432
-3881.660679 -1029.489390 2136.754727
-3043.286195 -817.485865 1603.737884
-3796.375500 -942.127086 2107.679279
-3274.232791 -841.593398 1762.822782
-2800.925604 -710.430812 1551.440359
-3433.555693 -868.578254 1835.853889
-2745.916733 -645.418311 1473.699371
-3894.320523 -1107.956203 2167.930714
-2458.704915 -634.804391 1321.774096
-3567.504000 -1007.012658 1932.653589
-2670.537293 -634.298996 1511.894325
-2532.178699 -618.245182 1353.381435
-3536.160383 -897.691265 1906.790488
-2673.975233 -708.330146 1471.307250
-3139.408193 -879.919998 1745.011788
-2871.939868 -742.143041 1543.242861
-3261.416425 -788.913139 1793.297351
-2831.387458 -806.636806 1554.482444
-3483.704735 -1004.252519 1872.415103
-2889.065777 -833.502326 1552.913007
-3582.299995 -970.081542 1875.077353
-3581.381668 -1029.770463 1922.117845
-3830.226796 -975.385745 2063.040001
-3199.961947 -915.696268 1851.778479
-2878.934438 -790.679893 1622.252923
-3004.131397 -737.096978 1592.184870
-3844.930530 -1011.418440 2171.468499
-2621.796341 -751.334361 1481.296586
-3737.306691 -997.067455 1969.247896
-3868.941342 -949.932484 2135.948040
-2749.007481 -648.076060 1474.391192
-3466.385857 -916.224031 2029.269533
-2367.690744 -609.903590 1335.979263
-3159.241705 -897.904290 1738.480378
-3297.060269 -870.596571 1929.137619
-2859.724099 -743.918473 1681.758527
-3173.881536 -762.531033 1749.591704
-2594.864178 -696.171295 1496.082184
-2584.233769 -695.218007 1366.205968
-3331.622350 -847.596820 1793.116604
-2761.464846 -795.231463 1578.513486
-3200.346437 -814.740502 1755.396203
-3510.527255 -981.458065 1874.740796
-3310.367742 -842.033376 1755.398243
-3846.712091 -1108.176099 2206.842633
-3247.651548 -856.895024 1901.303514
-3823.051723 -995.618598 2246.405841
-2867.582881 -793.383672 1598.164781
-2980.881342 -801.098427 1693.441125
-2895.178531 -786.723870 1535.449333
-3373.062037 -924.163027 1869.061099
-2249.048433 -660.526335 1274.643634
-3655.692504 -1001.436425 2026.703512
-2261.362921 -619.344314 1252.145349
-2733.587555 -787.841806 1541.121242
-3841.748797 -1102.250726 2058.648664
-3648.295155 -972.432956 2121.630223
-2386.956795 -687.910212 1345.617223
-3534.141556 -851.715407 1947.616752
-3383.109193 -881.238416 1813.944226
-2780.600459 -768.978916 1559.694429
-2576.918701 -670.952482 1418.067426
-2629.726789 -677.627214 1438.723760
-3213.791916 -805.564774 1725.063593
-3809.983555 -1011.960095 2009.108726
-3575.953400 -901.883962 1875.687799
-3996.028610 -1061.250384 2107.979128
-2930.787441 -688.350328 1571.916719
-3557.492839 -942.067339 2096.926716
-3702.892214 -973.977270 2099.992705
-2863.060575 -714.409938 1670.646985
-2655.405433 -742.085726 1419.385775
-2875.408519 -802.302032 1536.381206
-2887.542824 -827.910312 1662.573120
-2872.982946 -841.701446 1627.390836
-2628.874285 -771.553730 1488.696496
-3202.089875 -826.614660 1773.638006
-3909.517252 -1052.347637 2298.460101
-3072.341428 -795.191120 1701.241894
-3590.061658 -1008.615627 1945.632672
-3312.549250 -959.645379 1798.456237
-2903.579579 -720.966361 1688.627070
-2794.390727 -738.710416 1459.305599
-2787.368737 -711.574850 1555.836343
-2813.559952 -744.278609 1469.586724
-2991.739659 -754.413921 1604.260565
-3836.545778 -1065.567827 2195.449757
-3039.794254 -820.358587 1776.008657
-3012.546529 -871.775980 1637.787239
-3720.567686 -1035.635848 1984.912433
-3200.276445 -804.389648 1736.775315
-3271.359909 -950.068648 1783.400089
-3303.254211 -904.911359 1880.152031
-3045.673286 -817.982073 1587.195683
-2764.395512 -733.278439 1605.380645
-3807.888587 -1107.965915 2075.577448
-3019.108200 -852.518947 1653.852058
-3257.154598 -832.293628 1819.246592
-3473.764587 -899.157087 1941.929153
-3018.488617 -862.874678 1700.073383
-3726.525665 -993.417150 2134.107916
-3199.777906 -926.771978 1738.717083
-2996.741772 -809.540705 1754.932107
-2294.111406 -655.564604 1292.440872
-3601.176795 -1016.457329 1973.022815
-3431.403516 -949.195262 1879.912826
-3556.024958 -973.080872 1965.440982
-3073.179505 -776.908745 1706.644719
-2159.920864 -519.149408 1206.557131
-3578.776846 -1026.898509 1936.580787
-3816.759688 -956.777171 2182.508539
-3262.088279 -821.542583 1813.256929
-3368.023596 -944.653158 1961.247180
-2556.935237 -735.336575 1393.699419
-3605.768717 -998.468844 1974.972995
-3857.779751 -1068.021004 2113.218345
-2217.402343 -575.521914 1224.661564
-3077.349184 -771.239281 1759.664487
-3151.984502 -762.367877 1804.752457
-3385.647255 -898.481544 1928.925980
-2876.727797 -780.537599 1571.928158
-2924.522352 -815.586896 1555.725160
-2875.116081 -780.003995 1570.902209
-2864.423699 -766.714858 1545.914770
-3593.961015 -983.396870 1986.717699
-3167.687489 -877.508062 1735.367080
-3219.739833 -925.764493 1755.197067
-2965.971880 -803.285072 1621.184580
-2606.852103 -727.703024 1386.795504
-3552.862521 -998.361701 1977.085140
-3006.277473 -717.703393 1697.721007
-2892.176797 -736.336502 1553.631759
-2809.464956 -752.841806 1624.496519
-3152.512779 -882.661312 1801.206729
-3727.898067 -1034.296499 2133.894553
-3635.499800 -1071.011628 2020.359150
-2861.432372 -794.602968 1522.319145
-3307.507621 -920.527851 1831.379206
-2928.828051 -723.909949 1559.860117
-2498.425572 -585.529320 1356.298484
-3216.239699 -760.943735 1750.113590
-2586.813524 -755.309627 1444.667426
-2864.426399 -767.889461 1547.445893
-3162.103710 -798.858547 1673.184586
-3784.594787 -993.968341 2075.137164
-3566.341519 -879.973821 1909.098022
-2389.066389 -615.230397 1343.038950
-3845.751341 -951.257574 2136.428434
-2804.138999 -752.621945 1515.491470
-2245.516409 -589.885323 1231.161147
-2767.952551 -686.146219 1536.907053
-3121.015864 -827.745143 1772.697451
-3523.106144 -907.300731 1980.808548
-3124.343195 -778.730516 1734.019342
-3479.633058 -998.221791 1882.933547
-2721.337198 -788.462283 1476.311504
-2646.542874 -660.087087 1468.894706
-3741.341627 -1096.731034 2076.237248
-3491.455708 -893.276024 1948.612548
-2617.940730 -709.094244 1366.373207
-3012.542562 -871.747390 1636.750007
-3800.717026 -990.325513 2239.128571
-2653.683058 -710.303428 1532.823817
-3751.169950 -962.690399 2153.578541
-2860.648187 -745.848210 1685.313792
-2879.424961 -809.066770 1559.462942
-3122.861615 -902.567098 1703.892461
-2568.939710 -719.133316 1431.515091
-3475.256636 -915.556696 2028.310794
-3607.860781 -979.622220 1905.641794
-2273.871962 -619.213662 1196.362312
-3154.038513 -790.531107 1804.104677
-3883.069999 -993.501406 2240.445872
-3305.851770 -858.724847 1924.655053
-3060.975844 -895.435390 1673.809852
-3298.604069 -940.195865 1839.236431
-2651.997987 -642.342070 1511.110344
-3667.877154 -990.341311 1925.747977
-2729.144817 -707.723203 1524.510674
-3727.482379 -1090.700710 2038.711425
-3475.557574 -1014.247965 1944.912463
-2271.252511 -662.669866 1301.527161
-3890.647473 -997.739087 2245.402386
-2865.232225 -753.058100 1673.348098
-2548.005786 -649.752744 1371.707735
-2900.056713 -838.797411 1638.905287
-2404.292707 -667.584417 1368.469082
-2506.975631 -671.466268 1443.971619
-2722.220394 -746.741783 1506.131144
-2695.487761 -719.764299 1546.720177
-2723.306474 -747.548260 1506.907948
-2843.693483 -738.581824 1634.149009
-3295.327431 -914.327892 1876.115560
-3087.868937 -827.282849 1779.014544
-2838.334279 -787.194646 1616.195701
-2573.606360 -722.475682 1498.122832
-3185.364213 -905.066070 1756.773781
-3201.869454 -770.236506 1786.382804
-3128.261976 -887.188662 1724.879834
-3273.525953 -934.818435 1859.671122
-2591.607408 -735.831762 1427.698267
-3875.456681 -1074.134709 2247.461200
-2564.412005 -716.669624 1428.880167
-3431.228604 -975.114555 1892.234656
-3490.042842 -992.037772 1867.667559
-3037.078268 -768.242994 1685.541795
-3879.284095 -978.977787 2242.589876
-2234.615208 -642.984576 1217.350554
-3697.434161 -958.005100 2066.476561
-2680.858983 -742.315020 1449.176826
-3939.698504 -957.050652 2111.421270
-2677.385764 -741.292378 1447.299615
-2824.894282 -693.617900 1496.087237
-3099.833830 -898.630143 1682.443508
-2970.753475 -860.858991 1618.237973
-3595.069675 -1003.319638 1913.688007
-2475.047226 -626.419298 1431.599043
-2589.864244 -754.455374 1430.966473
-2805.967134 -798.883263 1564.093343
-2488.596178 -708.918355 1388.889331
-3814.888328 -1041.536425 2108.164655
-3851.901530 -956.956997 2243.262533
-2886.204659 -820.486075 1605.162081
-3488.549455 -997.581363 2013.768055
-2195.700175 -634.474652 1249.932209
-3408.544384 -882.223571 1849.222879
-2623.435882 -672.422206 1401.229431
-2243.544917 -649.883003 1255.399892
-2775.428078 -790.668803 1620.282046
-3197.402200 -763.884759 1804.744587
-2948.886320 -704.244178 1664.900295
-3871.496875 -1101.773726 2261.195627
-2811.432468 -799.928515 1642.525865
-2810.258913 -799.588749 1641.791368
-2768.859466 -786.953864 1616.783861
-2684.163151 -753.526360 1448.953174
-2685.707814 -754.013801 1449.801870
-3334.311834 -935.444965 1791.695072
-3687.684527 -955.527227 2040.802420
-3835.718817 -1080.240414 2074.128099
-3527.488495 -1018.830887 1953.609975
-3549.053860 -891.485226 2028.936768
-2937.187975 -782.377527 1547.826259
-3255.508053 -867.876964 1714.800304
-3900.661124 -980.448931 2230.816996
-2651.497884 -665.732391 1516.835288
-3271.912602 -947.075306 1850.326260
-3250.776464 -903.184969 1802.020602
-2873.535908 -768.227572 1654.892592
-3687.377859 -984.093568 2116.245428
-2578.509249 -729.375969 1412.083499
-2463.661628 -679.201070 1381.614446
-2513.806482 -701.986205 1380.481054
-3810.198115 -1098.920458 2135.397326
-2760.060130 -712.771794 1513.466488
-3722.404686 -1095.816176 2084.557564
-2829.054504 -733.948687 1624.494594
-3575.004480 -952.294832 2048.003824
-3248.546625 -860.354700 1881.352625
-2695.547778 -690.332140 1496.877922
-2718.969641 -713.364451 1425.078449
-2666.527480 -695.610884 1535.260887
-3114.783531 -772.382048 1684.514352
-3353.694040 -886.226710 1940.438062
-2641.623258 -720.344287 1465.647831
-2929.027788 -798.028870 1651.587161
-2429.742507 -662.043800 1369.646325
-2644.819695 -721.180296 1465.854484
-3216.793343 -860.605927 1828.965251
-2516.417619 -610.460730 1404.470691
-3063.322268 -721.785523 1640.636286
-3822.677153 -896.661177 2051.524064
-3774.626877 -897.574245 2038.476870
-3829.944951 -939.384937 2032.639934
-3490.961016 -907.520207 2019.546484
-3539.936823 -833.491089 1972.092546
-2585.718609 -703.455488 1503.114601
-3745.877150 -959.410268 2053.133942
-2816.071696 -671.164714 1542.929171
-3183.249118 -758.531556 1743.095771
-3572.182327 -855.602416 2004.351485
-3184.329642 -865.897057 1690.653985
-2824.356898 -701.579914 1510.113387
-2385.190182 -648.884666 1386.917347
-3227.645005 -874.593034 1708.755962
-3168.644577 -872.898969 1820.859276
-3577.413188 -856.152333 2007.712400
-3358.387057 -957.045423 1932.535093
-2566.295675 -729.924697 1476.516527
-2750.319395 -687.542294 1549.815010
-2791.690482 -722.498526 1512.568325
-3406.075493 -950.907934 1895.837102
-3566.889895 -894.220551 2066.795163
-2798.808140 -742.461784 1479.634385
-3390.569512 -964.043235 1949.478603
-3887.731070 -983.273171 2118.496223
-2494.796833 -623.579606 1385.891655
-3716.588659 -941.967716 2003.273254
-3130.494976 -878.209004 1711.434847
-3162.210035 -780.868795 1774.538499
-3146.166030 -801.699341 1720.441095
-3114.582821 -810.278511 1773.859140
-2742.702474 -781.678021 1592.111676
-3112.956225 -809.893027 1772.945772
-3060.041925 -869.615399 1758.903643
-3190.418607 -753.864665 1739.648670
-3341.495568 -831.416775 1808.332334
-3812.487908 -1086.695404 2133.396698
-2988.950355 -794.649570 1742.615407
-3296.017307 -776.359498 1837.749993
-3006.884417 -756.636592 1748.022542
-3298.504139 -887.511345 1738.643167
-3148.406794 -845.032237 1855.499712
-2846.901307 -701.350931 1597.880099
-3078.987017 -746.910718 1647.986229
-3350.640017 -863.421494 1767.653890
-2929.833004 -687.219162 1571.315864
-3490.008293 -870.680797 1882.548474
-2463.164973 -612.752266 1290.904798
-3659.305688 -880.916851 1969.016043
-2791.184823 -787.557937 1480.076951
-3326.213470 -860.494391 1733.122368
-2458.399700 -576.202004 1319.129059
-3696.535061 -963.283378 2100.301760
-2866.969481 -746.164975 1628.904754
-3990.547079 -993.570541 2128.906982
-3402.872170 -847.304121 1815.612860
-2921.163911 -680.956215 1576.291294
-3557.328062 -886.002506 1897.217539
-2828.205310 -667.007372 1578.144613
-2565.038265 -731.769799 1397.925952
-2447.418547 -630.603920 1354.824320
-3561.635197 -844.287908 1996.334115
-3461.030415 -859.170277 1872.335005
-2707.846024 -777.171864 1556.907936
-2417.986578 -607.956211 1401.167544
-2364.441236 -663.029133 1339.104821
-2967.930062 -695.715997 1595.045518
-3132.082504 -809.636926 1809.517725
-3757.278610 -1019.296709 2116.294567
-3671.199064 -990.384631 1992.597451
-3149.099869 -824.545558 1787.776175
-3488.144967 -914.568765 1989.691946
-3250.330298 -934.594571 1831.623734
-3666.997063 -1055.744542 2101.960855
-2262.979722 -559.503062 1314.820126
-2917.732400 -794.641102 1569.804785
-3073.673657 -825.339513 1617.472318
-2805.628090 -745.690988 1480.757661
-3459.934364 -905.320910 1813.376655
-3254.630376 -881.941097 1902.384392
-2801.516782 -700.712399 1595.829923
-3616.381428 -906.681710 2065.778960
-3528.791548 -1010.603623 2037.290134
-3617.777287 -906.882985 2064.725143
-3903.743533 -978.222439 2227.414741
-3836.520178 -962.327371 2188.914199
-2567.883186 -654.930040 1400.863911
-2448.254703 -640.664178 1283.137386
-3771.696359 -1039.894134 2169.960255
-2874.142708 -673.832583 1545.786796
-2715.423464 -666.011075 1439.825406
-3577.012980 -1024.223695 2065.561607
-3830.486651 -960.450522 2186.037357
-2778.539274 -755.705712 1493.697174
-3878.314689 -951.109119 2055.619246
-3105.299360 -788.094959 1674.195569
-3400.257903 -883.796627 1875.464963
-2622.882776 -746.366441 1490.708248
-2728.275995 -677.613171 1590.648023
-3682.647504 -1034.437091 1957.653534
-2512.902316 -614.450512 1349.028316
-2813.334231 -713.877592 1516.565579
-3252.905195 -866.038907 1747.759580
-3465.289777 -895.815191 1944.485851
-3441.608122 -1007.595333 1923.222795
-2785.798941 -709.250547 1498.347201
-3236.615214 -904.613080 1750.449298
-3968.202436 -1039.688553 2196.025393
-3053.373978 -850.489327 1608.958262
-2826.370047 -830.442937 1602.700507
-3331.784530 -850.681255 1817.203111
-2649.299668 -621.744356 1418.813065
-3910.527880 -1022.892701 2048.296965
-2548.163704 -648.257844 1370.401337
-3390.581927 -969.169167 1845.537722
-2651.720060 -648.315712 1418.217976
-3688.640767 -1055.108098 2009.602723
-2850.971221 -813.806467 1552.481097
-2832.668427 -692.716516 1616.161788
-3492.736540 -853.983131 1993.073328
-2708.123319 -793.533393 1515.207776
-2887.271105 -844.518425 1614.209001
-3368.064538 -837.384534 1821.461849
-3250.174617 -893.062376 1825.872767
-2497.397710 -687.570312 1402.341945
-2653.378308 -711.894987 1533.293194
-3789.491856 -940.439806 2187.815817
-2630.056007 -671.534677 1382.881722
-3031.808039 -746.146873 1698.550076
-3700.513981 -1043.677086 2006.020958
-3398.768310 -809.191934 1857.889189
-3429.907010 -817.302574 1876.228308
-2478.550057 -627.916302 1423.995397
-2172.574384 -517.005680 1188.628537
-2764.916185 -807.323685 1510.740069
-3139.173891 -912.603813 1727.529148
-3754.262654 -1097.509918 2052.200734
-3222.915545 -946.241848 1776.793339
-2823.033259 -708.848433 1533.921049
-3668.562447 -906.216649 1980.349121
-2520.501485 -623.638105 1340.179498
-3784.431778 -934.424390 2011.192365
-2711.399896 -672.565163 1579.424538
-3688.904870 -958.615012 2035.328397
-3769.766426 -935.395413 2078.505748
-3955.396638 -1008.871752 2114.546705
-2783.746671 -772.934458 1584.105308
-2749.593949 -773.170300 1490.172569
-2646.217889 -776.133166 1457.651711
-3471.015511 -870.460486 1884.012359
-2578.442355 -750.517426 1422.902294
-2768.333302 -705.329663 1488.892648
-3609.762779 -948.402203 1977.405174
-2446.169691 -714.241113 1389.925727
-2725.336405 -759.097687 1509.976470
-3188.230373 -932.011083 1807.807656
-3527.938904 -981.346830 1857.618101
-3030.932372 -805.533859 1728.701294
-3590.153185 -974.237769 2019.146569
-3808.153114 -1076.324192 2182.458225
-3402.512601 -892.204412 1943.656366
-2503.650958 -621.178333 1383.617025
-3817.981204 -958.207587 2181.613176
-3927.541123 -1151.351041 2194.697394
-2267.604295 -562.311691 1248.731210
-2722.039430 -707.607811 1502.072803
-2540.389690 -647.666114 1390.139002
-3238.512831 -951.461679 1814.742804
-3652.756011 -1066.368465 2071.764448
-3551.394709 -1042.414292 1985.468593
-3246.913064 -889.031108 1808.106814
-3075.032736 -885.671149 1769.955874
-2775.690594 -774.656241 1503.284457
-3178.162814 -770.345973 1793.530999
-3567.592510 -864.666275 2012.751806
-3733.952756 -918.925965 2038.273081
-3115.625423 -765.843476 1699.930864
-3316.816167 -877.056654 1878.560093
-2597.694325 -709.064712 1443.727023
-3257.061539 -803.685197 1715.222999
-3609.256777 -899.005196 1972.600382
-2690.064050 -738.122921 1432.887499
-2985.711957 -729.005363 1729.991653
-2871.870231 -762.281150 1644.352777
-2198.284362 -599.375550 1183.699730
-2984.492435 -812.470531 1739.595880
-3467.812402 -893.825086 1886.798176
-2073.788074 -530.299025 1153.935271
-2940.617936 -822.604241 1679.309019
-2846.480284 -679.964840 1579.653146
-3604.100559 -998.026064 2092.273508
-3864.632739 -955.495840 2193.322646
-2809.135809 -694.600256 1594.195116
-3082.479350 -791.224536 1691.294530
-2982.668070 -812.051199 1607.502580
-3611.510181 -946.339050 1943.626770
-3480.669084 -947.708400 2029.219917
-3736.030792 -1084.155543 2091.629831
-2630.164537 -675.252858 1486.133937
-2573.263945 -629.448561 1450.535901
-3152.670030 -872.143617 1828.434663
-3119.384671 -776.421890 1707.252944
-3647.678090 -1015.468623 1977.858189
-2817.875709 -780.312556 1635.729382
-3624.453642 -1034.379485 1947.729684
-3133.988431 -831.036470 1781.149500
-3400.767284 -970.515938 1827.821588
-2269.673214 -650.548321 1303.829142
-3423.534350 -864.995082 1847.822962
-2068.886182 -530.925735 1128.803965
-3328.142765 -859.300669 1878.951621
-2711.424682 -775.834820 1457.082929
-3821.379398 -901.701861 2044.420535
-3712.936474 -973.057793 1983.254002
-2474.563779 -616.066297 1354.404366
-2921.802307 -807.984060 1587.892766
-3530.557149 -960.536761 1956.451994
-3259.321487 -888.245106 1755.511098
-2615.849791 -741.683639 1481.295633
-2517.492043 -665.665721 1340.316113
-3117.815914 -762.337688 1780.475928
-2483.801923 -627.402657 1386.556488
-2487.429270 -628.419552 1388.754243
-2987.041926 -813.330411 1609.864219
-3233.807648 -790.518837 1798.063441
-3013.039067 -873.778392 1698.456090
-3223.016248 -817.757869 1797.320564
-3991.528608 -963.470473 2199.564075
-2751.597564 -696.993882 1534.317787
-3830.081878 -927.550705 2165.340032
-3171.147476 -780.779682 1841.296450
-3691.200823 -941.367557 2103.210144
-2844.392497 -756.617302 1564.812000
-3300.569672 -820.226309 1772.685126
-3251.302311 -842.096266 1747.148796
-3713.924257 -922.682005 2167.001795
-3767.585364 -1022.306104 1984.914309
-3332.436631 -907.176119 1845.470998
-3128.552629 -878.730479 1804.438645
-3519.002007 -988.963918 2031.288955
-3406.403594 -964.939884 1838.030098
-2639.904622 -757.488838 1468.962829
-3376.433743 -947.177861 1827.628142
-2689.030678 -761.998247 1451.338008
-3544.943898 -1004.472921 1912.759964
-3862.538500 -1109.176681 2149.412424
-3745.369045 -1009.741404 1972.023269
-3387.637247 -873.832132 1907.096800
-3814.614455 -952.383365 2041.845504
-3175.906441 -875.678171 1789.658526
-3144.386632 -879.088319 1794.756555
-3089.643374 -802.675388 1820.691173
-3832.435236 -996.437337 2257.201140
-2950.768456 -841.580635 1586.691281
-3802.957469 -1024.882522 2000.727380
-3158.921510 -838.609445 1849.853080
-3583.718951 -1005.001899 2043.815792
-3242.753072 -798.881080 1778.940963
-3564.051059 -953.172972 2081.747584
-2235.165205 -641.423944 1284.618989
-3594.801543 -884.939856 1972.604171
-3009.494955 -860.032784 1720.472624
-2961.004324 -769.837606 1744.607957
-3430.967544 -895.905566 2015.285907
-3153.467501 -822.746216 1851.343040
-2520.228635 -667.069330 1476.225307
-3583.116456 -1017.244388 1932.669403
-3430.712309 -898.114493 2015.104582
-2535.557301 -666.426020 1489.839650
-3452.069178 -967.097315 1874.690548
-2679.020225 -681.091958 1424.487512
-3293.130680 -817.171906 1921.475590
-3733.347557 -1021.415916 2079.770551
-2660.051376 -736.199559 1407.656071
-3605.008207 -989.247651 1909.291229
-3316.370935 -845.620631 1847.067505
-3554.301201 -975.470991 1966.357108
-3771.633908 -1092.530793 2118.879917
-2228.320910 -613.955874 1211.676372
-2376.296247 -657.953195 1378.459856
-2884.128609 -820.192754 1600.068270
-3913.663635 -925.598140 2217.469366
-3035.526940 -785.104031 1682.022874
-3027.883066 -769.680064 1608.094870
-2277.838809 -621.095248 1226.407129
-2894.269068 -734.725133 1682.117580
-2801.050141 -772.372747 1637.552450
-3470.931653 -998.593758 1948.065062
-2899.572934 -736.454275 1685.818671
-2643.376096 -625.983642 1413.620118
-2930.170061 -750.911750 1654.137203
-3929.163011 -991.204747 2242.977955
-3733.213733 -1028.610294 2148.462192
-3548.664081 -892.827267 2024.871567
-3206.487838 -771.624803 1808.722437
-2892.950144 -708.848089 1606.383659
-2571.329262 -736.851905 1380.933444
-3614.376109 -933.702679 2050.365672
-2881.036029 -742.214824 1622.532221
-3642.616417 -973.206857 1919.560677
-3121.050626 -768.984553 1672.769365
-3013.239525 -865.955578 1744.674528
-3496.516112 -1005.414619 2022.805217
-3684.939668 -1060.920678 2134.935189
-3904.970129 -1005.453959 2198.797061
-3156.664046 -883.827901 1695.298723
-3424.408478 -940.986811 1863.248387
-3614.383070 -1037.900590 2090.628541
-2803.502053 -705.941421 1599.422250
-2903.038106 -716.909968 1547.683076
-2903.450066 -717.703237 1548.087309
-3663.499282 -983.759378 2110.523247
-3097.266906 -887.663473 1663.732510
-2344.910470 -637.859709 1369.859468
-2878.900753 -693.193815 1623.099523
-2716.995559 -680.556324 1579.031765
-3121.137830 -800.800162 1763.074553
-3121.929077 -800.194364 1763.270047
-2936.307369 -708.977328 1617.035808
-3620.268087 -873.419193 1993.242379
-2853.969394 -699.490913 1584.738399
-3439.006793 -887.005452 1940.988479
-2974.808316 -746.998926 1736.618280
-2522.058870 -657.229119 1487.882353
-2254.475447 -650.928820 1307.566809
-3033.467648 -757.265168 1698.818619
-3265.626961 -818.731677 1828.958095
-2470.802137 -621.952009 1438.487114
-3359.592986 -840.258917 1962.179743
-3082.995342 -749.425472 1740.404585
-3094.212805 -773.844276 1807.790841
-2727.742490 -681.717800 1594.347541
-3398.805009 -895.356436 1876.407561
-3700.844616 -964.466903 2183.172247
-2522.685811 -657.382222 1488.074966
-3472.727733 -867.493022 2029.619702
-2710.330296 -677.914664 1583.208850
-2468.670634 -656.026752 1358.915946
-3341.847415 -913.713621 1956.429642
-3770.132933 -1071.161533 2205.145284
-2713.502317 -777.477579 1457.178727
-3353.472272 -924.288391 1960.562261
-3115.354788 -775.028194 1818.902104
-2462.016419 -708.787995 1322.328361
-2474.336406 -648.142736 1366.430597
-2820.684077 -812.229146 1514.667277
-3659.419853 -1022.389219 1980.459466
-2763.026683 -791.327004 1484.800415
-3177.785130 -818.250987 1793.701231
-2784.705855 -796.378575 1629.195208
-2821.151098 -783.727640 1645.163790
-3808.725678 -1038.937184 2234.458263
-2825.189432 -766.540619 1657.274879
-3345.676794 -887.221451 1958.589813
-3528.184711 -1006.629738 1968.803556
-3555.998973 -946.924833 2081.635370
-2631.879722 -682.679367 1438.636776
-3426.710553 -901.847338 2007.980676
-3368.644365 -917.985954 1975.715323
-2173.190154 -619.697595 1269.764865
-3488.902582 -894.170764 1972.179834
-3506.940448 -999.526538 2050.796495
-3769.802618 -1075.562018 2201.923816
-2903.928650 -723.769691 1660.690151
-3773.300796 -1029.695442 2213.813834
-3546.873399 -968.775301 2079.701395
-3805.560985 -956.974041 2223.681442
-2837.706583 -807.120376 1660.400298
-2516.532591 -718.167922 1473.254032
-3165.352352 -783.744415 1777.860137
-3711.773080 -1059.928619 2173.425317
-2375.066040 -678.239590 1390.376393
-3829.831968 -1092.097433 2241.435381
-3167.606398 -904.798475 1854.720347
-3523.391632 -1004.319877 2060.990168
-2643.919975 -687.506371 1558.366699
-2987.421275 -787.128034 1654.180507
-3766.272540 -1080.368498 2179.517038
-3090.171008 -802.839403 1821.507148
-3260.491727 -859.719594 1925.198510
-2683.959367 -707.523627 1584.956531
-2836.835360 -742.724760 1563.062350
-2952.489591 -839.667748 1638.836735
-2967.480993 -740.252613 1732.697382
-3519.110940 -876.095513 2054.474678
-3359.782173 -888.745142 1848.741352
-3483.678617 -825.226795 1976.159468
-3701.604170 -877.605765 2094.838537
-2473.500040 -586.205392 1400.028547
-3727.991513 -1072.802756 2148.269327
-2519.254522 -719.114884 1472.977051
-3341.082130 -838.691617 1952.135968
-2772.865095 -791.675305 1620.029688
-2862.044455 -818.040862 1673.524081
-3102.937795 -822.170769 1816.281075
-2441.827305 -599.682199 1303.447507
-3074.996220 -868.881143 1809.131760
-3815.355551 -1079.162003 2244.919893
-3312.846469 -855.631666 1834.717478
-2745.940359 -709.384925 1521.002778
-3671.890559 -924.535760 2147.268781
-2674.706891 -715.305373 1579.748426
-2962.336339 -783.464159 1548.371460
-2367.425573 -657.235222 1337.957650
-3371.952946 -876.833995 1843.883539
-2506.809093 -605.946464 1435.024809
-3629.346692 -942.078622 1982.917944
-3536.724562 -1033.757045 1974.398263
-2994.589705 -796.631909 1648.056686
-3411.322175 -929.997358 1861.676909
-3182.628661 -858.087261 1743.628711
-3186.068907 -848.674666 1694.362081
-2751.734581 -713.165914 1497.730840
-2925.723087 -721.575174 1568.629662
-3428.514249 -950.778435 1898.948804
-3465.568943 -825.327543 1899.482261
-3538.408222 -1023.027043 1935.083752
-3440.990847 -995.103863 1882.139602
-3043.584524 -810.750376 1618.394942
-3169.844132 -848.415139 1842.066401
-2655.592214 -751.648674 1503.932628
-2464.304735 -658.743746 1432.067581
-2763.117388 -689.496764 1533.226300
-2767.599147 -690.682705 1535.725116
-3455.073212 -863.057687 1835.513633
-3030.978715 -756.490277 1609.871041
-2615.840209 -647.402525 1511.293005
-2546.045287 -630.075445 1470.893873
-2970.601524 -777.177874 1743.755490
-3082.656110 -838.708817 1622.159428
-3066.192689 -880.998341 1761.817569
-3709.733485 -1028.715390 2005.248585
-2978.465690 -834.373720 1699.234343
-3100.011132 -791.297193 1658.640815
-3096.910092 -903.969363 1764.575012
-3620.788339 -895.232960 2089.971425
-3983.309368 -1092.381361 2108.021602
-3559.737390 -974.512066 2027.746439
-2863.355318 -781.520708 1583.773457
-2590.438697 -764.043173 1440.440505
-3543.510062 -1046.251776 1970.485062
-3790.016761 -1094.369045 2096.925707
-3263.012612 -851.731481 1798.164845
-3103.977265 -897.949500 1724.673165
-2880.166292 -753.105785 1587.947420
-3098.727892 -873.083228 1674.389522
-3690.936480 -964.786935 2035.374913
-2623.464821 -739.589528 1417.178960
-2094.158049 -555.290375 1149.187908
-3908.878090 -933.222772 2205.088535
-2922.641266 -729.095210 1706.883115
-2397.861320 -695.521460 1327.480247
-3147.386246 -927.633746 1761.904430
-2862.484347 -819.670445 1673.035994
-2639.330965 -746.479973 1550.824919
-3081.174101 -873.591980 1810.555448
-3642.779038 -961.108953 2011.499256
-3268.602005 -855.191866 1801.450139
-3116.732225 -918.815015 1736.917702
-3617.260418 -1043.872421 2088.328603
-3659.882264 -1079.913471 2039.899628
-3321.094369 -907.047597 1850.683103
-3343.718612 -847.228757 1840.013326
-2774.401889 -785.365632 1495.275188
-2871.409412 -718.191638 1618.688994
-2814.557511 -694.336668 1615.112135
-3282.421629 -796.059551 1869.940783
-2463.375545 -601.593841 1370.008317
-3121.113373 -763.241394 1782.349458
-3149.584261 -891.097891 1698.516803
-3216.009906 -804.564816 1812.916038
-2734.465058 -668.231756 1518.953657
-2920.543565 -802.480685 1653.053999
-2931.967015 -830.575897 1640.068827
-2731.196541 -667.398195 1517.040148
-3625.618766 -871.729833 1992.040520
-2505.960143 -671.351020 1425.612210
-3598.644206 -966.886247 2052.580037
-3754.521717 -992.508805 2040.329536
-2996.520719 -710.658296 1696.751765
-2350.944266 -564.882548 1291.946208
-2513.061333 -669.346393 1440.783139
-3509.915734 -909.926618 2068.658261
-3729.704789 -1049.349572 1982.570801
-2361.174053 -592.657578 1301.965243
-2898.322803 -822.834681 1665.299346
-2665.036430 -703.930294 1448.224369
-3404.185929 -965.966815 1835.381441
-2277.223852 -606.431116 1305.475017
-3008.641748 -846.389768 1600.392254
-3958.090275 -1113.805769 2105.227265
-2779.567101 -655.709897 1552.451942
-2512.579619 -615.157612 1434.725085
-3344.125220 -848.877520 1816.431807
-3802.050237 -901.309277 2154.703379
-3614.227807 -1000.859477 1908.481335
-3356.012259 -817.337499 1794.114990
-3706.213812 -945.527419 1986.490720
-3186.706897 -870.003178 1865.514435
-3904.420102 -936.373987 2200.920552
-3312.112293 -903.549732 1939.274186
-2823.965547 -777.916973 1624.583501
-3246.884429 -885.392497 1896.914162
-2369.131698 -594.884179 1305.893655
-3478.149325 -902.275564 1916.630920
-2799.406168 -714.418767 1501.236420
-3377.682677 -882.355173 1866.379530
-3911.742506 -1040.076684 2186.146622
-3584.277181 -973.247183 2102.911138
-3008.216710 -816.939923 1765.016200
-2899.330505 -825.874059 1697.802004
-3788.409689 -955.759792 2202.760532
-3149.953731 -861.627553 1847.472565
-2575.995374 -686.180757 1524.422913
-2818.954520 -710.472154 1639.700655
-3682.447944 -965.861208 2030.955563
-3274.944088 -915.006737 1860.961974
-2742.775994 -717.928468 1510.834968
-2511.465876 -614.188732 1433.537377
-3159.383130 -803.047252 1810.880802
-2865.210711 -834.293329 1651.488878
-2252.589487 -600.492522 1333.022967
-3382.363624 -802.827330 1918.256777
-3102.069498 -852.115375 1741.740263
-2768.284928 -808.253249 1542.325283
-2882.416882 -833.823697 1608.336075
-3308.605889 -957.055034 1845.831428
-3059.469633 -799.741846 1661.477233
-3061.422025 -800.870307 1664.825495
-2736.499011 -683.450348 1517.076398
-3591.190694 -915.802347 1921.047280
-2827.822540 -666.921598 1571.463906
-3380.228383 -938.800938 1893.659731
-3463.814718 -969.473120 1976.335637
-3531.542720 -830.602292 1968.927666
-3260.978659 -841.913346 1885.735432
-2743.901285 -689.737928 1534.362093
-2341.532288 -588.559393 1309.601111
-3160.149315 -793.721862 1767.820299
-2826.342767 -832.964983 1608.152471
-3097.051833 -825.282841 1831.361752
-2697.084317 -719.507088 1594.991039
-3157.621098 -842.624388 1867.121361
-3515.042240 -1036.982172 1959.337661
-2992.421396 -731.733547 1571.684171
-2706.884006 -676.839259 1550.096981
-3226.126954 -769.567049 1727.563397
-3462.632810 -848.019799 1978.396792
-2802.389066 -662.918868 1539.321670
-3318.381967 -812.051571 1896.503614
-2708.561872 -752.228523 1547.878763
-2561.106164 -605.686355 1405.873510
-3112.307068 -864.570442 1778.783874
-2640.355395 -621.844825 1433.531451
-3783.744608 -1051.414246 2162.456818
-2922.644663 -724.984773 1563.551970
-3771.281205 -1002.694140 2157.554260
-3805.828499 -931.735837 2174.581873
-2741.326612 -648.108941 1505.423704
-3079.778833 -877.919959 1690.876493
-3526.949227 -881.862207 2018.928083
-3637.561715 -950.422317 1980.022961
-3011.245099 -709.444222 1634.891594
-2821.325561 -750.129837 1613.861365
-3199.126654 -756.327700 1756.358084
-2972.548643 -828.465808 1571.329102
-3240.680179 -903.209605 1712.722397
-3157.967854 -889.944823 1724.861985
-3050.607665 -850.052123 1611.868103
-2638.423436 -747.936359 1535.802195
-3644.929098 -1021.846690 1985.692333
-3617.726624 -1016.247752 1970.632227
-3346.316087 -838.491762 1884.558477
-3085.416422 -829.661689 1797.792759
-2855.031538 -813.446803 1565.327783
-2962.898705 -843.976343 1624.834027
-3503.656438 -886.552152 1955.484790
-2902.192077 -798.694654 1683.119745
-3204.696095 -793.999315 1845.432371
-2659.939597 -731.313029 1425.981757
-2683.642156 -662.977270 1547.223990
-3365.634008 -873.766661 1805.499721
-2823.342455 -698.405260 1626.033842
-2639.815936 -618.582509 1421.670378
-2616.920394 -712.001206 1487.666218
-2886.595052 -695.437009 1561.265858
-3573.813613 -959.574001 1908.459380
-3356.056380 -922.389674 1900.848866
-2284.865185 -576.639036 1311.465793
-3443.261112 -868.813425 1975.133803
-3563.161153 -875.822451 1951.922529
-3180.241795 -819.725526 1804.197778
-3899.873300 -968.466354 2244.785917
-3287.644841 -915.109335 1828.150180
-2622.470034 -711.819829 1418.491343
-3515.612549 -825.132265 1899.735422
-2804.893783 -742.319424 1651.950703
-3210.098504 -905.026870 1857.137666
-1999.641047 -493.835797 1111.010830
-2752.592599 -671.004990 1483.061877
-2455.467356 -636.613419 1436.773775
-3418.553396 -985.430781 1839.347711
-3817.997540 -1038.918277 2004.170512
-3213.971975 -874.630565 1681.205707
-2183.467802 -594.369549 1145.964801
-3609.819163 -1064.351303 1982.455178
-2665.572486 -690.961684 1567.759851
-2711.693176 -739.047584 1418.719332
-3467.411426 -921.916093 1986.800874
-3689.644554 -1061.685309 1987.565920
-3509.510835 -975.806360 1879.039889
-2670.846777 -739.450589 1458.352583
-3069.240248 -795.067772 1796.449563
-3319.740995 -941.384039 1839.950427
-3756.239175 -990.345792 2122.460596
-2704.320698 -726.499967 1576.467535
-3613.138202 -931.541398 2050.454882
-3660.886411 -978.868880 2115.702038
-2610.483632 -752.032936 1406.431433
-3414.467165 -856.829223 1857.859239
-3250.709935 -858.922921 1901.729656
-3842.173873 -1027.471844 2220.395486
-3314.633439 -847.070203 1774.412085
-3855.732420 -1111.178136 2077.333179
-2642.339229 -651.743767 1523.933286
-2716.492124 -706.272107 1559.100949
-3239.562034 -936.510474 1864.611940
-2617.870451 -757.938239 1506.331369
-3671.309710 -970.797045 2005.635286
-2046.327013 -541.641228 1118.563825
-2384.761929 -659.828349 1363.045953
-3384.347584 -850.349726 1788.077075
-2919.813406 -733.443937 1542.767915
-2580.965362 -719.437607 1372.516656
-3005.559746 -760.634518 1578.562333
-2931.843869 -736.742040 1549.096262
-3197.258464 -814.009782 1697.432365
-3675.692456 -972.123354 2084.536748
-2780.045575 -796.342240 1613.958738
-3572.836454 -970.164773 1905.661039
-3814.767851 -992.390526 2114.354207
-2799.828109 -715.406368 1498.142556
-3319.417957 -867.767657 1839.690784
-3026.716276 -769.773116 1607.440714
-3100.394980 -894.708870 1665.132547
-2538.344092 -627.562844 1428.165875
-3599.391012 -1039.294947 1932.457929
-3077.182134 -885.666595 1647.848640
-3363.007701 -944.689787 1934.265780
-2738.403184 -669.373310 1580.853677
-3332.404075 -850.422784 1771.785750
-3092.625150 -785.849254 1722.712737
-3202.561294 -825.000284 1776.498257
-3889.890632 -1038.697508 2239.783675
-2801.241674 -803.159435 1581.915192
-3092.991289 -842.085749 1661.688565
-3318.720120 -813.081788 1919.062275
-2991.168171 -791.378377 1763.621785
-3931.483905 -1036.551263 2216.581813
-3377.688552 -868.331020 1916.117402
-2488.002063 -639.919387 1412.127427
-3153.240364 -821.957954 1738.997303
-2812.895341 -655.574585 1531.834497
-2718.324245 -689.060029 1569.061045
-3578.123631 -981.924968 2016.653046
-3462.460252 -936.347734 2038.421641
-2770.660395 -776.726275 1497.180291
-3926.065787 -1019.518562 2186.174733
-3587.992794 -947.876419 2114.641875
-2482.225610 -655.441706 1463.073288
-2295.486739 -623.836694 1217.128582
-3950.153427 -1087.281480 2214.077018
-3012.001820 -710.252752 1624.381985
-2458.627918 -575.933977 1323.108506
-2740.426130 -646.146223 1478.070410
-2740.520365 -646.908082 1477.722853
-3351.096329 -886.837652 1833.567535
-3118.961243 -801.707005 1769.577061
-3267.314518 -944.775580 1759.694085
-3901.353127 -1151.275248 2222.781313
-2955.346987 -872.605332 1682.855055
-3038.311737 -833.790336 1712.095265
-3728.869694 -1086.394359 2009.196282
-3375.225743 -948.217390 1830.171922
-2404.424411 -607.716133 1389.026978
-2408.126850 -666.304011 1336.088348
-3467.054460 -847.352030 1822.278004
-3541.676628 -976.636242 1965.077250
-3808.076223 -962.916955 2200.843127
-3288.784528 -913.265593 1750.645563
-3326.964093 -841.237785 1923.117705
-2928.134713 -743.688264 1542.006317
-2880.313124 -800.823686 1646.399445
-2582.118866 -692.995858 1498.318400
-3638.793115 -1025.854077 1973.950072
-2460.469910 -683.063161 1309.895971
-3278.385846 -879.941373 1902.571663
-2346.750021 -646.565667 1302.538298
-3205.008564 -903.202729 1750.423146
-2592.878768 -695.100388 1500.545863
-2487.625952 -672.893108 1356.200266
-3333.027598 -901.381238 1816.465107
-2839.124100 -790.528595 1547.382717
-3462.226753 -961.203690 1982.153086
-3890.414764 -961.099004 2136.739991
-2495.637559 -609.149829 1432.644697
-3610.190042 -861.357175 1974.302072
-3263.990067 -913.051699 1756.363408
-2770.075562 -766.685858 1537.067629
-2585.449486 -759.705740 1427.424469
-3811.453900 -933.167439 2185.651057
-3564.625661 -870.942244 2045.192612
-3157.181753 -859.882997 1788.005287
-2491.151216 -640.147848 1342.919976
-3544.981507 -964.546644 1853.415464
-3543.095318 -960.678113 1848.847965
-3558.864665 -1048.922725 1947.376671
-2977.182254 -878.370827 1629.096864
-2844.519701 -838.117635 1556.530078
-2859.503782 -840.778661 1564.665961
-3367.026948 -987.285628 1831.991230
-2789.671738 -819.372955 1526.339119
-3128.307914 -924.878730 1731.210802
-3561.561681 -1049.513144 1947.692371
-3251.756116 -935.270778 1735.541944
-2572.600509 -752.239021 1443.451058
-2789.799559 -819.372162 1525.768611
-2946.762487 -803.422675 1550.798979
-3162.006245 -886.571750 1807.771962
-2799.548448 -818.184029 1570.243053
-2573.973715 -760.830557 1425.034069
-2708.504536 -800.402813 1499.213641
-3628.205147 -956.265078 2044.140087
-3259.807329 -964.644242 1808.646993
-2804.933052 -824.764653 1577.313190
-2875.515470 -737.363466 1659.693015
-2466.695812 -694.110635 1345.088661
-3289.210856 -939.097185 1851.508957
-3514.452154 -829.381408 1896.708016
-3828.541802 -1085.822443 2138.259681
-2752.027759 -780.787254 1536.730261
-2855.095120 -803.039778 1556.374017
-2804.585694 -823.276975 1555.238848
-2627.771897 -765.068944 1473.648840
-3019.346521 -881.901146 1722.195890
-3766.379572 -993.956607 2113.586853
-3916.173653 -1031.832823 2200.212964
-2319.563550 -679.832344 1264.562029
-3568.316944 -1048.804730 1949.088428
-3143.525776 -925.023052 1716.093836
-2950.491281 -835.578571 1647.137963
-2996.642120 -858.940612 1741.429499
-2782.456535 -797.626637 1616.848434
-3395.896719 -860.821633 1769.718528
-3097.091769 -895.974227 1665.542410
-2901.595829 -807.616527 1534.087033
-3390.360493 -953.500090 1949.516092
-2735.960060 -751.289251 1514.648394
-3422.155106 -818.959723 1889.385504
-2584.073254 -759.261450 1426.668810
-2659.775102 -652.248055 1526.185401
-2617.736755 -760.088120 1506.809188
-3469.674885 -965.474062 1833.362916
-2556.383086 -758.588031 1419.825903
-2597.444658 -687.105183 1455.936042
-2876.478465 -759.795216 1612.230674
-2895.770083 -833.469422 1549.150735
-2067.080898 -614.110275 1144.019235
-3921.846173 -1161.975159 2161.435212
-2544.280430 -753.448110 1397.971588
-3549.971959 -1050.530287 1949.203317
-3550.965420 -1050.804177 1949.814978
-2209.654267 -651.914921 1208.447661
-3956.322665 -1160.893196 2159.601649
-3732.839601 -1094.305672 2037.189073
-2517.939283 -748.181668 1392.442343
-2707.335805 -801.477703 1499.345468
-3406.548373 -1011.044893 1882.345051
-3950.090880 -1075.803996 2064.082613
-3749.317418 -1099.937088 2046.938298
-3090.353474 -851.099997 1746.176714
-2926.001709 -868.005926 1625.775220
-2239.824452 -643.042900 1303.028307
-2546.027692 -731.548366 1479.923171
-3365.721249 -964.703093 1951.253799
-3867.989600 -956.384793 2130.445304
-2845.586827 -753.494925 1619.922171
-3230.927691 -855.476627 1839.672437
-2357.461254 -674.468231 1365.684677
-2742.893836 -658.123520 1514.200966
-2578.371279 -763.359692 1430.731629
-2522.374742 -743.322336 1422.109899
-2915.740112 -845.769173 1663.960924
-2749.931230 -758.168067 1542.774903
-3102.031715 -855.434909 1740.659076
-3360.296375 -976.141621 1871.333828
-2315.089947 -545.713273 1249.128669
-2538.112867 -744.623146 1407.412930
-3946.944627 -972.037608 2109.336238
-3681.935846 -1005.073700 1928.827396
-3848.920720 -1051.618621 2015.780706
-3666.777787 -1003.436805 1918.504129
-2650.529851 -687.049741 1467.849520
-2958.550499 -874.252983 1643.393100
-2878.454444 -748.257722 1597.516718
-2883.894382 -800.524077 1524.002453
-2534.519927 -658.323717 1454.558153
-2739.537851 -760.035427 1447.841845
-3503.478977 -982.728700 1991.005742
-3470.446219 -932.856362 1977.501620
-3469.246685 -932.132099 1977.277579
-3084.419990 -789.231297 1753.758980
-2846.144539 -682.083385 1573.341479
-3800.110092 -927.637936 2104.168394
-3770.344239 -980.171219 2180.002468
-2645.816547 -681.404721 1453.213794
-2799.460074 -669.571498 1547.142820
-3959.400437 -947.082026 2189.161961
-2531.699697 -657.990427 1463.635604
-3430.446185 -821.061950 1896.000626
-2533.738260 -647.847918 1440.228639
-3380.280478 -959.458216 1891.025400
-3814.017382 -924.946776 2179.508235
-2165.873315 -599.819821 1237.585226
-3201.952920 -886.542647 1829.731815
-3231.375352 -894.408514 1845.191720
-3579.679222 -971.591043 1872.256611
-2809.284762 -763.390442 1469.721574
-3886.253278 -907.471665 2095.097573
-2596.993064 -740.221132 1452.938441
-2860.382809 -845.266461 1585.848616
-3180.196504 -844.380586 1817.518876
-3458.850513 -953.483128 1960.829406
-3147.549406 -801.932000 1719.829153
-2825.417713 -814.619276 1521.370084
-2915.500395 -803.727492 1652.551214
-3304.591358 -967.091146 1873.765692
-3939.005698 -1074.321447 2104.547588
-3464.467151 -848.916668 1834.253371
-3123.072675 -887.955441 1788.169015
-3759.781225 -979.811002 2145.105332
-3932.328695 -1117.563578 2199.857477
-2611.596984 -688.329555 1468.533388
-3226.679288 -944.605462 1829.376184
-3661.167448 -959.503263 2088.998556
-3212.859360 -915.166250 1797.449940
-2661.267960 -756.479649 1488.346653
-3877.484165 -966.524777 2260.133069
-3277.313692 -918.932081 1864.244306
-3283.891114 -911.067481 1733.611893
-3670.548608 -933.591988 1972.224900
-3747.754593 -965.330315 2079.499869
-2693.413790 -748.083097 1497.451641
-3550.049829 -903.189059 1907.698180
-2439.744819 -627.893352 1288.094675
-3433.845595 -839.606503 1844.813802
-2238.130375 -640.366527 1302.788405
-3886.657507 -1050.591428 2289.270331
-3612.316991 -877.144934 2064.030692
-3832.827502 -897.705785 2061.337526
-2875.879807 -795.208804 1619.433456
-2889.347293 -734.451585 1552.777473
-2676.145743 -723.199425 1576.867310
-3482.977886 -894.432191 1975.358332
-2918.618000 -857.228533 1591.061560
-3058.165940 -870.376852 1760.966182
-3606.999436 -1025.523346 2077.247990
-3285.766488 -937.536667 1902.246633
-2394.030851 -663.615026 1367.049203
-3232.894460 -817.498963 1684.136472
-3038.885066 -887.250521 1704.452472
-3266.095204 -905.031727 1864.523870
-3950.499946 -1008.226395 2112.461262
-2849.912300 -789.966448 1507.314955
-2768.868772 -806.495794 1552.704381
-3847.352646 -1014.024953 2157.938355
-3675.934553 -969.612931 2063.949968
-2934.914558 -773.498976 1646.071962
-2578.753193 -758.586025 1416.372886
-2885.919333 -736.494984 1577.472847
-3242.629286 -802.544964 1784.661044
-2941.090244 -727.674990 1619.155225
-3310.804461 -983.955421 1835.859956
-3833.272107 -1139.799847 2125.380962
-2894.787560 -850.441758 1622.274594
-2700.990931 -793.497442 1514.153507
-2782.669172 -766.817997 1573.063796
-2394.151178 -659.726817 1353.542253
-3246.314537 -793.162744 1845.803525
-2562.323764 -618.719439 1362.470746
-3086.268618 -911.128093 1753.268752
-3468.202647 -1028.634094 1991.511916
-3806.595737 -1127.222571 2160.281833
-3023.641579 -897.607934 1684.140950
-3819.731745 -1043.254455 2114.635951
-2402.396021 -681.539732 1355.023450
-2925.660333 -829.788596 1650.154084
-3374.657337 -933.379647 1875.316559
-3567.951906 -1031.603342 1981.769962
-2532.369447 -699.918014 1439.283039
-2515.387794 -695.034812 1428.828847
-2739.865864 -723.883042 1551.429063
-3152.697644 -871.498773 1791.375033
-3272.760783 -897.650180 1742.913288
-3441.821654 -862.453779 1805.014178
-2924.846259 -724.720319 1564.639011
-2595.678797 -704.789001 1404.510580
-3673.318827 -1018.155284 1953.318319
-3013.333351 -737.555212 1742.811762
-3576.245912 -938.677635 2051.702409
-3079.901481 -820.635181 1634.111442
-2928.022819 -759.510237 1570.769761
-2999.664628 -849.419467 1676.660578
-2434.933980 -639.415131 1396.774312
-3851.539494 -1048.954396 2015.541010
-3544.036862 -963.511974 1860.041853
-2797.141272 -784.873719 1512.557448
-3399.802653 -852.696465 1850.595150
-3182.307127 -840.345504 1802.662109
-2473.946754 -712.818628 1424.914959
-2631.903984 -753.999892 1529.624085
-2218.980153 -635.424826 1273.150408
-3372.052634 -957.510240 1869.792965
-2426.614754 -641.610973 1375.625072
-3193.126645 -796.616872 1822.186484
-3096.807198 -886.437365 1798.857130
-3599.339406 -1038.129466 1932.547948
-3125.819570 -919.981652 1797.929230
-2942.043137 -865.867336 1691.970542
-3145.227156 -854.255098 1851.339211
-3661.821536 -1063.571632 2060.807150
-3152.059037 -865.362063 1842.511727
-2561.616639 -737.802214 1373.610625
-2357.277086 -678.266503 1262.875954
-3353.706614 -841.343244 1956.770616
-3039.268229 -834.233570 1714.083476
-3738.695269 -1073.477932 2160.430921
-3459.768895 -900.095199 1906.821953
-2897.314675 -830.415808 1675.087622
-2744.310791 -722.379986 1515.463680
-3159.484135 -877.333698 1842.642884
-3199.653837 -871.728787 1771.257981
-2281.477902 -626.469528 1333.356800
-3239.135962 -882.546693 1793.252324
-3229.540423 -905.897419 1745.835549
-3087.950034 -833.672374 1821.547241
-3376.640566 -947.657544 1825.675135
-2855.445874 -714.790304 1665.337967
-2552.136540 -730.945562 1493.018675
-3582.394895 -974.307832 1937.193898
-3713.546980 -1055.314884 2173.390081
-3000.062040 -811.334003 1765.182967
-3949.586105 -1105.996089 2134.950042
-3353.365564 -907.037179 1973.458100
-3584.259413 -1020.714132 1926.723601
-3843.886805 -1044.334814 2262.387395
-3515.003181 -997.785971 2067.034822
-2772.855275 -791.974975 1624.369981
-3142.801990 -853.546411 1850.114157
-3844.637274 -1044.604769 2261.121369
-2997.050913 -814.505284 1761.825690
-2234.013268 -605.598819 1318.647306
-2863.849505 -784.224855 1680.498071
-3174.540204 -911.038197 1857.543966
-2367.528587 -700.159991 1349.682255
-3302.926515 -945.239638 1932.948526
-3519.531412 -1008.386226 2059.323279
-2826.768776 -810.790318 1654.975218
-2235.561599 -608.415630 1307.721410
-3080.178072 -874.322336 1811.039768
-3055.925355 -841.450781 1694.854964
-3053.864672 -841.129281 1693.982593
-3476.707772 -970.856681 1930.708158
-3253.220701 -799.154191 1831.990879
-3220.781593 -869.349316 1788.112014
-2645.738846 -742.879296 1430.830583
-2540.846659 -750.900084 1399.112074
-2616.206233 -771.924414 1438.001713
-3491.627611 -1031.561755 1921.794579
-2709.352752 -800.692023 1498.758419
-3624.545660 -1062.126458 2037.897532
-3205.322057 -897.837848 1741.575998
-2762.344739 -811.775236 1518.173591
-2700.347998 -797.792460 1509.768562
-3092.119970 -839.400950 1824.753533
-2930.225001 -850.166304 1574.386259
-3106.054742 -842.180308 1826.645572
-2846.281943 -844.488137 1614.604458
-2274.407047 -673.622450 1266.345757
-2557.165292 -746.445108 1438.788593
-2464.607250 -640.729749 1350.950860
-3550.437075 -967.049104 1855.350036
-2715.828523 -804.842275 1496.127895
-2837.576474 -770.472451 1674.290710
-2986.600047 -861.957387 1600.545950
-3568.001934 -1022.956687 2078.860996
-2895.485546 -835.063799 1549.906639
-2985.488001 -861.852405 1600.115344
-3449.250881 -994.168201 1849.445314
-3281.628197 -970.003656 1798.315605
-3566.179229 -1022.781630 2077.948079
-2898.061604 -836.131441 1551.889490
-2856.698074 -821.197725 1665.425221
-3888.995526 -1053.218962 2289.530371
-2780.283740 -798.543072 1618.900059
-3633.249223 -943.694054 2012.089713
-3553.939093 -1050.489758 1980.583455
-2803.645771 -756.148590 1658.824744
-2695.469795 -799.539821 1503.724145
-2259.406067 -669.852721 1259.789670
-2762.618084 -814.959822 1520.631857
-3121.723994 -925.811016 1740.409772
-3514.008284 -1010.840265 2042.782628
-2756.490999 -787.636902 1607.751505
-2621.149680 -772.711881 1496.633206
-3509.570174 -1011.818488 2042.710653
-2965.536795 -769.906052 1643.764862
-3463.475220 -991.323679 2020.543168
-3686.325300 -1002.141995 2177.469914
-2381.058104 -703.096196 1350.654596
-2711.913096 -638.546357 1465.168383
-2479.155697 -635.016663 1375.920391
-2611.702977 -677.314545 1400.639064
-2871.730793 -797.557764 1610.174056
-3877.237981 -1031.133994 2230.396562
-2845.880698 -682.404066 1573.404562
-3710.690676 -987.706143 2134.782376
-2785.184322 -780.496426 1582.319731
-2647.074701 -667.604664 1538.313209
-3788.800599 -955.619828 2201.755831
-3187.337080 -874.370552 1788.945489
-2573.481253 -729.404991 1453.106986
-3233.471200 -905.540801 1839.069619
-2986.224910 -836.268902 1698.354431
-2952.939482 -781.012224 1674.262023
-2750.269144 -812.100904 1543.105828
-2700.276627 -796.713902 1515.362270
-3304.722515 -974.971078 1854.209603
-3813.398394 -1121.507137 2176.617765
-3217.484959 -844.459579 1781.164660
-3082.443632 -910.239483 1749.374774
-2846.964921 -834.462228 1645.026515
-2507.199335 -734.326772 1447.987737
-2750.135071 -742.875401 1621.418441
-2856.776438 -721.046224 1659.267257
-2802.946172 -782.010715 1597.427057
-2603.633842 -727.130516 1484.944783
-2517.585470 -714.111791 1399.751772
-3095.402666 -889.435084 1804.431078
-3898.761780 -1148.467783 2223.610887
-2819.086086 -689.771013 1603.008394
-2750.821258 -743.256999 1530.270570
-2953.243013 -804.469427 1653.246014
-3581.923937 -849.140869 2003.780902
-2869.888058 -790.939562 1601.203163
-2930.680928 -773.784423 1684.734490
-2269.800811 -537.973223 1269.587121
-2625.188345 -716.695788 1470.131184
-3928.788701 -914.999963 2183.515694
-2732.170237 -753.216741 1526.225356
-2910.409066 -726.707029 1655.415856
-3145.458296 -891.611310 1821.378779
-3218.976511 -912.339506 1839.987457
-2687.573867 -635.101482 1476.574545
-3479.475036 -960.774971 1991.122299
-3714.225205 -1045.044538 2066.080785
-3768.424580 -954.169132 1975.834022
-2971.159585 -769.488245 1706.485867
-3691.359335 -944.163299 1941.603941
-2758.575842 -756.233492 1530.841601
-2480.221726 -645.506365 1414.730313
-3181.403515 -917.119605 1755.135349
-2438.497903 -702.301857 1345.333140
-3825.645003 -916.485950 2103.453402
-3964.919736 -1004.208933 2098.855371
-2865.490676 -778.489417 1632.475243
-3816.981077 -936.584902 2159.230488
-3257.519869 -875.135153 1881.421125
-3164.078111 -802.171861 1746.345870
-3235.944742 -820.425872 1786.199671
-3234.288602 -868.440936 1867.826871
-2961.970544 -709.653182 1628.707871
-2956.610524 -848.540592 1621.822175
-3824.442788 -916.383057 2102.953184
-3647.046811 -873.756979 1962.316092
-3424.666884 -824.024026 1884.009404
-2701.767458 -696.181661 1419.596958
-2134.288554 -524.060071 1163.465510
-2736.519938 -661.232666 1549.979284
-2533.853271 -640.325980 1397.820355
-3187.624156 -836.997419 1723.077312
-2740.739549 -671.946127 1550.022977
-3982.908335 -1077.499512 2144.336726
-2584.939581 -684.950444 1499.213951
-2488.389741 -630.774117 1372.633539
-2701.429402 -772.108339 1540.793437
-2632.240695 -667.527130 1452.108460
-3247.028021 -821.394828 1742.103720
-3922.294618 -1051.743423 2138.668081
-2819.460708 -799.876727 1559.986866
-2254.973508 -629.804347 1298.744590
-2696.930107 -658.763519 1423.493046
-3919.060829 -991.761530 2105.733506
-2805.962834 -743.493681 1649.883488
-3121.110447 -873.302994 1797.841031
-3446.147877 -868.573190 1978.978312
-3153.800579 -836.408532 1854.350797
-2856.393241 -799.449926 1643.747246
-3419.219074 -950.160919 1891.209449
-2282.533847 -632.884399 1228.947879
-3828.684085 -981.917320 2113.300601
-2824.639621 -674.979842 1559.100027
-3731.870530 -919.672971 2039.373732
-2439.261445 -600.982658 1332.359828
-3832.455568 -1086.749306 2217.977131
-3236.194719 -826.651634 1786.170353
-3710.660328 -943.994272 2048.523387
-2846.998050 -702.504817 1554.981937
-3350.334815 -819.242765 1895.395305
-3192.008345 -781.472430 1804.662473
-3740.182168 -919.599964 2063.523277
-2059.220102 -503.478397 1133.471311
-2872.392972 -701.689564 1625.523183
-3234.927971 -789.152919 1830.491774
-3572.309579 -1010.423392 1986.171599
-2446.864393 -645.978414 1405.905258
-3361.384927 -854.291606 1854.450441
-2993.283018 -720.159788 1696.325455
-3197.401772 -817.985142 1852.540867
-3902.521351 -940.483943 2212.524638
-2417.879692 -681.534775 1416.333608
-3441.268568 -905.378742 1974.743858
-3461.782443 -878.568779 1908.859961
-3815.475810 -966.752643 2167.490301
-3759.523657 -916.324709 2175.170677
-2826.425485 -688.421657 1635.846246
-2916.844579 -710.283190 1688.254037
-2896.938890 -734.369724 1645.181047
-2393.130704 -673.555644 1330.691311
-2512.170307 -613.782289 1445.028758
-3313.140369 -833.744953 1919.062757
-2839.465711 -815.713639 1603.077740
-2614.662429 -692.735260 1414.866446
-3609.984716 -921.639908 2061.976902
-2595.751780 -717.071407 1461.033732
-3232.506154 -886.886433 1862.751823
-3177.901531 -810.916886 1815.344034
-3306.407711 -827.617704 1896.593075
-2987.194290 -788.304433 1756.934046
-3797.271968 -981.260034 2065.405518
-2909.197584 -728.570208 1668.516946
-3579.748694 -899.250886 2071.995490
-3337.721024 -831.484647 1785.939097
-3301.556211 -877.134451 1937.928241
-2917.889846 -739.804573 1657.479425
-2409.389350 -631.921089 1368.461735
-2938.362818 -699.912710 1663.546948
-2540.560644 -635.524021 1456.706579
-2669.721009 -700.020392 1515.988731
-3393.085272 -930.704756 1891.755964
-3221.141709 -884.889804 1796.134407
-3394.816728 -931.458736 1893.190120
-2804.953579 -652.715529 1521.273729
-2544.241966 -592.564810 1380.423961
-2529.906657 -610.798675 1336.650995
-3327.965705 -803.631672 1756.632887
-3295.589226 -796.681875 1739.200717
-3315.022434 -939.616531 1895.042674
-2631.712854 -672.925051 1384.816424
-3392.898378 -805.008845 1898.666809
-3287.899990 -796.718630 1866.558956
-2737.200471 -663.102188 1554.273803
-3641.681441 -1065.807183 2017.814086
-3923.535694 -1023.239490 2105.236018
-3249.244429 -927.962694 1856.578239
-3945.276045 -1017.121968 2128.044832
-3136.605035 -793.557253 1644.858627
-2694.910685 -697.794385 1480.509188
-3347.648268 -865.909017 1837.610518
-3812.485029 -961.256607 2205.464354
-3882.820874 -1003.947194 2131.541705
-2494.542563 -644.458911 1365.933082
-3424.558097 -919.987893 1887.082569
-2787.120815 -655.212005 1493.861868
-3366.369508 -930.177068 1926.101997
-3887.163070 -905.588941 2165.857890
-2851.179917 -763.777913 1678.639298
-2766.489371 -685.061277 1534.628215
-2554.141311 -683.152509 1503.975360
-3665.397199 -967.574585 2111.300671
-2672.035113 -693.001108 1440.658679
-2965.012543 -719.900179 1717.213202
-3074.547022 -738.400118 1654.018724
-3193.743272 -782.837667 1804.486258
-3327.836950 -958.055189 1836.350327
-3912.483404 -965.666968 2273.320883
-2773.537632 -784.572355 1586.420053
-3498.127103 -839.001958 1882.111829
-2776.446250 -670.421122 1572.453692
-3217.851100 -894.900153 1756.138029
-3663.748093 -937.967805 1960.274293
-3451.030296 -907.128643 1864.454536
-3977.144063 -1018.144585 2129.440994
-3867.004209 -941.876098 2041.162649
-3757.433059 -1074.120715 2091.467820
-2782.109221 -669.586669 1573.161013
-3627.607685 -872.048978 2050.186560
-3659.633260 -893.383079 1930.634100
-3190.289917 -825.275149 1810.751959
-2166.105232 -522.025636 1228.262142
-2797.374452 -787.694551 1638.315593
-3183.154459 -822.081722 1742.144038
-3504.570210 -867.884228 1964.548940
-3342.546674 -866.080394 1863.950331
-3356.526134 -976.430047 1891.715198
-3484.616776 -1013.679308 1963.431707
-3133.549478 -809.238267 1715.218640
-3198.707043 -791.156330 1795.509513
-2991.036625 -827.340071 1667.411346
-2887.435159 -781.179421 1606.425123
-2984.503281 -824.810407 1663.673089
-3301.761147 -886.670797 1941.917455
-2433.820291 -621.279492 1390.887303
-2788.042468 -712.257739 1592.977503
-3383.773694 -892.262747 1981.956614
-3464.613098 -928.566670 2035.037787
-2723.507688 -653.023260 1547.935876
-3140.541769 -912.907400 1773.815185
-2816.528171 -675.435749 1594.477080
-3602.217219 -857.068330 2041.222684
-2814.899131 -701.088846 1507.137225
-3362.752220 -837.520714 1800.542827
-3543.668357 -878.299825 1986.979411
-2996.583177 -712.057762 1694.415660
-2428.587090 -630.639448 1329.085558
-2795.503229 -791.752808 1598.417844
-3825.952285 -962.209432 2002.457699
-3214.677028 -748.705423 1742.843968
-3323.472578 -795.920387 1825.233601
-2558.844043 -662.205750 1405.045092
-3690.772030 -961.638422 1978.823545
-3131.718852 -790.996270 1811.709595
-3588.032675 -929.116483 1970.301399
-3149.265569 -856.696478 1663.920708
-3735.640883 -964.151991 2046.440022
-2751.954406 -683.763437 1542.572777
-2745.067386 -680.841256 1538.013116
-3415.302051 -954.437281 1824.203863
-3614.980283 -1059.403468 2045.962731
-2231.742838 -596.852967 1314.664064
-2419.417402 -611.251906 1400.557605
-2288.262558 -638.827102 1222.072527
-2773.768771 -800.015611 1535.747135
-3140.400261 -834.037610 1786.639085
-3933.050774 -1020.817178 2147.808616
-2576.843714 -731.105431 1425.627861
-2880.756318 -793.463437 1609.636840
-3089.395017 -897.262386 1680.353182
-3423.440821 -831.253573 1803.489605
-3222.096056 -939.513424 1753.765522
-2824.262115 -814.990155 1558.317774
-2466.010787 -625.645938 1293.508073
-3992.457932 -1021.640639 2131.317393
-2813.930958 -792.345989 1542.565174
-3004.658117 -866.677873 1658.979648
-3200.501744 -825.288272 1678.708695
-2939.436393 -817.642806 1627.141647
-2572.915003 -657.590996 1420.659342
-3915.693275 -930.156374 2194.238137
-3242.228584 -827.397847 1743.082840
-3119.495640 -797.585156 1722.262463
-2597.128370 -624.036408 1451.357697
-3014.614212 -769.564857 1720.259447
-2771.162545 -706.390842 1488.532836
-3067.691502 -888.506876 1702.916862
-2770.765583 -706.933251 1489.028721
-2989.123212 -762.461898 1606.259899
-2569.465076 -654.995861 1379.617329
-2324.861254 -681.613865 1276.484391
-2745.713390 -680.253589 1551.921871
-2580.582807 -694.696137 1502.637800
-3831.942521 -1072.837289 2143.443021
-3167.932995 -849.188539 1828.440894
-2648.915912 -732.329259 1510.318209
-3544.838358 -977.423232 1992.967872
-3195.929271 -822.889678 1720.223173
-2704.107107 -785.671206 1474.341103
-2988.923227 -822.997936 1670.213998
-2770.802224 -805.030282 1511.351306
-3312.541413 -890.788153 1878.023818
-2809.793258 -755.403497 1591.542579
-2938.215909 -722.444814 1555.890201
-2803.350816 -652.312080 1517.571219
-2724.159840 -739.177857 1531.030160
-3422.940763 -881.845480 1843.574455
-3116.551821 -876.678981 1687.792581
-3742.147466 -1100.669460 2113.852179
-2493.955304 -600.337608 1356.063040
-3630.703465 -894.190176 2079.889643
-2620.525278 -667.176405 1387.305769
-2521.030023 -681.417891 1477.295254
-3957.319400 -1066.398646 2166.416915
-3241.916401 -829.952726 1733.172760
-2736.207142 -656.634984 1555.961221
-3011.988629 -769.063367 1722.534286
-2724.558538 -787.632942 1549.913334
-2897.945344 -740.505743 1657.111745
-3946.712766 -1087.470725 2220.100238
-3023.978416 -774.383267 1616.948502
-2467.590490 -631.568342 1319.381113
-2725.469781 -746.831831 1522.077929
-2982.790356 -789.406558 1728.430072
-3810.006431 -1039.877439 2113.421603
-3468.063154 -866.991609 1835.546353
-3587.532608 -948.425383 2077.026564
-2453.132663 -639.168803 1411.535847
-3669.323401 -948.944236 2036.619655
-2925.264857 -765.827507 1668.028959
-2517.079329 -610.950475 1345.231544
-3041.337019 -821.482435 1645.416920
-3268.277474 -864.341106 1877.620435
-3341.957791 -812.023011 1765.086177
-3699.222656 -979.199220 2125.731205
-3537.005933 -884.254163 2012.612541
-2451.254628 -595.553031 1309.795341
-2621.679691 -640.367497 1407.272979
-2827.076591 -711.531764 1637.790058
-2811.242442 -731.766233 1617.940339
-3093.793349 -888.783326 1746.935625
-2632.744434 -680.368134 1461.904575
-3740.846502 -1048.598786 2117.025625
-3140.625074 -822.580299 1783.644417
-3224.265735 -915.245208 1842.173797
-3195.663310 -739.185083 1772.636233
-3270.088452 -761.956212 1761.716301
-2798.136132 -654.943759 1501.277454
-3991.595098 -1019.132334 2175.962852
-3166.866872 -735.371370 1718.751990
-3784.326751 -879.932315 2052.475271
-2787.918572 -725.652276 1505.423107
-2374.426708 -622.290297 1354.302789
-3350.867865 -780.245250 1838.210268
-2672.613012 -622.334008 1488.423963
-2850.931984 -813.027831 1551.786192
-3019.947434 -703.470529 1656.362859
-3449.619352 -895.132640 1857.669255
-3408.644813 -800.107027 1870.754442
-2297.031652 -644.442892 1299.431041
-3712.160402 -1040.961285 2098.811005
-3476.673130 -908.912334 1975.561724
-3187.271597 -835.603458 1817.483805
-2420.207212 -632.500585 1374.712133
-2721.345464 -782.465437 1538.294477
-3707.824527 -1044.146530 2008.158333
-3471.256185 -939.827872 1868.924239
-3059.395215 -742.114454 1633.924797
-2620.814315 -709.634701 1411.043583
-2705.144192 -668.637381 1572.449898
-3341.902819 -812.574989 1764.088770
-2118.830571 -584.587765 1127.016910
-3290.350903 -966.061188 1884.840361
-2840.108967 -766.517517 1672.667904
-2928.270447 -801.247922 1623.537774
-2992.939394 -818.656319 1658.908772
-3510.216911 -824.825828 1878.103565
-2806.576337 -651.166252 1522.696419
-2094.514375 -587.332969 1181.594795
-3000.888927 -774.348544 1732.698868
-2687.063807 -682.435671 1573.725369
-2621.963492 -666.622176 1535.144532
-2926.261817 -836.072111 1656.534040
-3710.970368 -963.072407 2024.669467
-3872.802254 -997.613465 2241.398568
-2666.641907 -751.800760 1527.958039
-2418.907996 -707.077061 1321.280773
-3245.601160 -827.292126 1744.284384
-3784.720601 -920.461335 2186.049915
-2725.936378 -694.580360 1595.167586
-3908.782350 -1140.635612 2223.572194
-3497.516561 -979.822098 1979.377917
-3783.242944 -1072.435446 2118.146764
-2955.098750 -787.799758 1636.783919
-3466.943971 -920.939129 1977.124951
-3793.386536 -1070.301119 2173.538300
-2721.820118 -702.841284 1417.801875
-2437.373640 -629.389666 1269.511742
-3384.663654 -790.483841 1862.246913
-3196.815691 -896.309292 1805.664927
-3182.368467 -744.196077 1753.562052
-3112.231586 -727.563084 1712.839421
-2762.619709 -658.804398 1573.141724
-2853.924991 -667.193324 1570.900780
-3884.033254 -1034.544691 2220.339666
-3576.062827 -1050.199247 2047.580347
-2575.532086 -663.934375 1490.501802
-2385.626165 -635.999128 1413.920798
-2787.684244 -667.136817 1604.844426
-2858.492688 -764.963799 1680.800220
-3297.728850 -874.221320 1874.967528
-3655.145430 -1000.897931 1934.614097
-3298.793790 -806.946569 1910.144746
-2488.918793 -585.468792 1366.615561
-3701.939963 -1013.456316 1959.207785
-3203.115992 -928.828624 1804.148329
-3136.434256 -804.450834 1773.597200
-3327.818116 -860.732728 1845.808337
-2552.766519 -683.392610 1501.548774
-3510.319880 -857.779005 2004.682654
-2675.657770 -694.542581 1438.200008
-3517.290975 -1014.456076 1987.581504
-2728.261671 -758.526830 1510.506790
-3524.824930 -944.842071 2072.960755
-2909.026042 -744.263556 1686.919538
-2737.362356 -657.351979 1469.812180
-3185.905155 -827.045692 1712.791448
-3073.809536 -741.432529 1740.100582
-3793.551399 -1061.746735 2219.411677
-3900.497745 -1044.254746 2170.778864
-2744.988372 -683.757115 1538.461859
-2805.245264 -683.286637 1505.408708
-3254.240551 -783.473525 1837.894359
-2465.522265 -691.409001 1443.637898
-3033.867710 -757.813982 1700.018539
-3367.914991 -817.331101 1948.778443
-3428.430297 -990.105295 1910.379906
-2373.857500 -664.867034 1390.123277
-3581.974270 -958.663683 2105.676971
-2246.359575 -644.673934 1290.393664
-3186.955336 -817.425339 1802.709313
-3569.638334 -837.126432 1933.880981
-3271.641993 -811.598690 1909.440545
-3562.101727 -854.868690 2017.580928
-2983.718205 -716.531813 1716.830833
-3376.115659 -920.832971 1892.311846
-3251.555817 -891.774341 1812.410215
-3011.482902 -809.241690 1708.444172
-3694.913494 -893.484584 1949.712859
-3432.266613 -828.730225 1811.624235
-3457.370697 -836.095477 1824.075164
-2762.662659 -701.382728 1499.793227
-3798.078529 -937.773472 2154.739267
-3450.450724 -897.258451 1860.544100
-3286.331462 -783.616642 1822.270826
-3909.182955 -924.027693 2210.917655
-3628.696262 -902.339099 2035.608466
-3435.219960 -832.797302 1989.695830
-2673.331651 -647.060721 1548.903133
-2827.210958 -684.308493 1637.980027
-3919.803100 -1018.252852 2112.874409
-3423.268388 -988.574953 1907.516748
-3586.421714 -876.577322 2075.609150
-3464.392045 -862.239026 1943.021986
-3677.124403 -870.240218 2081.869576
-2818.319880 -777.544651 1589.959456
-2705.662205 -677.407544 1583.570419
-3192.761594 -815.215521 1883.902006
-2782.635078 -769.129262 1627.626739
-2781.718795 -769.006064 1626.913374
-3332.017334 -922.561311 1949.811064
-3555.195421 -984.792545 2080.469408
-3317.169794 -827.711070 1939.348610
-2436.969178 -657.508496 1357.013332
-2190.619276 -517.709068 1218.011974
-3230.481448 -863.983557 1773.363566
-3006.375093 -766.204061 1721.992643
-3927.062814 -971.917637 2292.267433
-2401.465952 -661.921114 1405.447224
-2399.701378 -583.121790 1387.610314
-3497.401470 -972.510791 2049.499073
-2816.548469 -779.479111 1650.793369
-2817.379581 -779.713078 1651.229874
-2846.941603 -736.524327 1684.527316
-2887.489651 -746.673847 1699.891746
-3024.408103 -840.731864 1773.036937
-2640.586057 -732.986581 1544.865292
-3216.048915 -894.337892 1884.229766
-3325.097509 -920.777055 1948.466948
-3202.740798 -824.656937 1890.253017
-3257.209166 -941.177439 1889.193528
-2391.188442 -634.873551 1412.860873
-3583.208194 -923.777524 2115.333199
-2780.939168 -803.384852 1612.944420
-2365.415081 -671.820817 1273.183680
-3231.707057 -917.953995 1739.320493
-2863.740578 -793.377735 1606.385039
-2475.870735 -593.618725 1403.168276
-2414.108794 -635.437974 1367.560485
-3686.900579 -992.672585 2170.625193
-3907.494899 -1016.078203 2306.359662
-3154.181861 -844.308060 1867.880063
-3321.426111 -853.759887 1961.980836
-3825.074525 -950.244670 2235.153388
-2875.008490 -746.941228 1697.759267
-2886.452650 -751.090343 1706.960411
-2512.440986 -622.933103 1467.355661
-2597.446514 -678.885437 1535.791568
-2528.684183 -660.758422 1494.865562
-3015.438359 -786.047420 1782.916015
-2415.275620 -620.805700 1426.365779
-3578.800745 -932.221047 2116.217007
-3015.791707 -784.564347 1782.351090
-3020.313814 -725.817883 1737.911136
-3221.085126 -763.890492 1829.196898
-3820.847110 -984.139400 2258.130312
-3089.292640 -731.977800 1753.252031
-3205.093544 -781.082945 1868.736458
-3690.170829 -927.568478 2152.789860
-2568.843862 -713.101382 1508.187136
-3237.749345 -852.680593 1785.416278
-2698.056296 -751.341951 1586.460017
-2456.474480 -688.677582 1443.994862
-3505.628275 -822.226017 1983.638032
-3579.987653 -864.731366 2076.230949
-3504.045653 -846.553291 2034.061037
-3447.819229 -965.187481 2027.698860
-2549.124923 -612.480061 1473.536616
-3787.189170 -907.724658 2181.922966
-3368.940230 -937.317163 1980.490756
-2495.096476 -603.046673 1447.576575
-3659.569062 -1065.898759 2108.298125
-2371.908972 -690.617298 1366.671083
-2312.165671 -658.240229 1355.726799
-2863.751581 -835.258585 1649.367335
-2512.587934 -642.696975 1485.715012
-3843.845225 -952.878887 2250.312629
-2997.485340 -771.434990 1773.123823
-2845.230492 -740.629987 1683.756504
-3060.468102 -784.910510 1808.776093
-3615.689728 -927.238785 2139.006445
-2628.162697 -772.387931 1488.257836
-2362.339890 -614.337380 1401.577469
-2793.206903 -774.036430 1641.204632
-3837.745263 -982.424300 2265.487751
-2820.586164 -721.856241 1666.652824
-3366.060733 -869.366987 1994.244488
-2549.367614 -617.847937 1477.794537
-3733.608681 -1049.585658 2196.346529
-2547.651047 -617.395628 1476.775048
-2571.731973 -722.265701 1511.801768
-3264.600271 -916.538916 1915.916602
-3130.928411 -878.752888 1838.824173
-2591.136438 -727.437482 1521.085375
-2983.650292 -836.994372 1753.790362
-2816.378231 -789.094426 1654.020526
-2640.865955 -740.189202 1550.804325
-3788.792256 -935.412541 2187.863913
-2675.133087 -660.693367 1545.417145
-3096.222758 -878.694072 1711.898077
-3359.150995 -872.272687 1835.461406
-3543.218479 -1039.919185 1946.548039
-3933.938856 -1148.007527 2194.974708
-2177.488229 -514.949127 1229.937866
-3609.752964 -889.633361 2048.067186
-2462.176720 -688.938891 1441.625135
-2418.534430 -676.922817 1415.595802
-2370.001454 -680.910894 1361.202296
-2787.745869 -710.295862 1595.950062
-3288.082310 -818.532632 1766.809577
-3505.114738 -1016.240142 2025.120560
-3300.547461 -783.482456 1847.136107
-3465.347198 -893.742555 1872.486452
-3795.824173 -936.076162 2153.920395
-3510.819559 -1017.382681 2027.650408
-3776.021438 -964.590437 2226.675200
-3446.300909 -879.942383 2033.204402
-2522.057539 -643.568061 1486.902020
-2459.226430 -689.926467 1311.269639
-3802.060231 -1073.258699 2231.856198
-2951.958695 -705.899850 1664.941396
-3353.054080 -906.033050 1965.267995
-3282.679419 -815.316820 1805.802056
-3280.929225 -922.215509 1854.118539
-2749.160523 -684.780256 1539.871108
-2882.626567 -852.194075 1609.189331
-2899.138969 -853.690099 1619.907495
-2382.094878 -607.735065 1363.009956
-2575.273109 -758.070565 1439.471107
-3516.767311 -1037.660693 1961.293258
-2822.394858 -796.667675 1658.477917
-3612.192749 -963.392164 2143.830200
-3477.449674 -862.385581 2032.897792
-3165.235209 -874.333165 1855.793100
-2671.721108 -702.497784 1583.303830
-2923.158273 -821.483523 1652.795538
-2340.568249 -553.774911 1328.670328
-3100.524221 -871.033629 1751.783450
-3797.286011 -895.006810 2161.847638
-2648.454180 -779.543521 1499.565462
-3838.593238 -1060.159199 2253.198059
-3379.867142 -858.711945 2000.326442
-3504.157092 -904.534421 1915.907262
-3649.270279 -1000.012941 2036.328137
-3607.428463 -889.255684 2068.410297
-3411.230168 -881.099982 1892.022293
-2911.309419 -728.975955 1641.892474
-2631.587282 -679.227473 1439.275874
-2674.087088 -648.418872 1547.596719
-3243.992031 -884.427940 1808.261169
-3251.603434 -923.315296 1856.961074
-3015.173708 -708.844661 1655.228569
-3212.809479 -745.673155 1745.225153
-3343.383611 -864.741528 1782.306180
-2950.517304 -684.124838 1601.835880
-2829.715908 -654.003315 1575.835252
-2541.546873 -589.343770 1385.847403
-2948.932746 -705.139399 1670.203357
-3743.671735 -936.934772 2192.501769
-2905.323460 -771.480623 1717.365675
-2994.603205 -728.084339 1599.882290
-2505.272008 -609.141103 1338.356680
-3923.762664 -1084.955599 2074.023472
-2462.175826 -590.504659 1388.413585
-3414.741436 -946.608649 1912.725716
-2557.628718 -724.564646 1498.762713
-3372.799719 -796.000718 1915.535179
-3588.965193 -967.302645 2113.682834
-2370.408292 -675.248683 1389.596041
-3641.801825 -961.317487 2010.555449
-2535.779004 -602.549185 1437.500975
-3386.237876 -904.855272 1891.925609
-3845.980323 -1027.073707 2152.820667
-3096.336799 -762.941104 1815.043585
-3006.590918 -704.227937 1698.535329
-3474.746439 -857.006751 2037.012028
-3626.486500 -970.266804 2026.588164
-3599.395961 -854.043180 2070.603473
-2399.132835 -569.398688 1379.903384
-3212.486673 -752.654732 1816.208331
-3764.711098 -887.652090 2137.975815
-2731.874301 -658.536743 1583.355389
-1994.095090 -486.150291 1163.355228
-2746.727443 -681.167499 1537.963771
-3517.403923 -823.646323 1989.400457
-2853.245739 -681.274783 1649.558924
-2996.243660 -760.402729 1716.717401
-3870.771161 -907.442741 2190.283852
-3721.028625 -960.354491 2202.193925
-2373.425356 -662.614692 1395.814331
-2734.912728 -655.578167 1580.313003
-3230.340847 -771.935834 1868.172468
-2790.920269 -652.419813 1578.414471
-3272.396485 -798.292216 1912.990376
-3517.087181 -943.994477 1973.973680
-3480.818828 -898.502094 2011.186599
-3594.097867 -859.484129 2076.153320
-2648.319962 -685.422585 1571.566641
-2890.698828 -737.175220 1711.682425
-3317.520734 -845.117560 1958.038502
-3565.692743 -906.783620 2103.631388
-3276.900182 -874.191148 1934.762833
-2545.309160 -678.094955 1507.290556
-2632.167631 -628.679020 1520.565166
-2630.247190 -628.667274 1519.186233
-2455.361785 -603.824777 1440.837211
-2868.958324 -741.588968 1702.010119
-3591.582204 -859.985069 2076.052634
-2734.990042 -667.169301 1599.624471
-2665.080321 -659.058005 1564.745498
-2551.427929 -600.197730 1454.528755
-3463.210546 -997.159868 1882.146917
-2459.319942 -718.238982 1371.578488
-2579.342269 -751.159268 1420.566292
-3189.947329 -849.299802 1768.898147
-2741.632425 -737.307543 1516.347418
-2540.744133 -588.973028 1385.497371
-3114.368713 -728.854785 1715.407905
-3010.830156 -721.400610 1697.823860
-3305.646808 -912.887971 1936.012016
-3506.514363 -968.060826 2054.321071
-2912.820766 -714.569790 1704.875503
-2448.419687 -565.760341 1355.671991
-3203.433140 -780.567288 1868.986977
-3689.878853 -952.399460 2132.939462
-2670.786498 -698.868619 1586.249821
-3059.235232 -735.263483 1778.164359
-2873.010373 -801.092880 1615.303749
-3453.289337 -848.772315 1902.091419
-3576.256900 -972.174427 1909.358666
-3030.500409 -800.897341 1711.856669
-3505.868504 -945.175779 1932.081421
-3888.799617 -1026.659694 2252.993534
-3157.615780 -888.055453 1804.856881
-3631.882637 -1011.488522 1981.355861
-3170.607617 -791.667641 1823.996122
-3357.409152 -867.397758 1824.565341
-2648.450152 -712.045220 1531.374250
-2823.220538 -699.394416 1511.042223
-3949.760329 -976.012879 2089.613235
-3370.514717 -911.436925 1869.588150
-3755.867350 -915.115569 2065.724570
-3242.503616 -772.736332 1740.376717
-3556.019051 -981.452597 1983.449391
-3653.022384 -1022.140065 1976.913499
-3543.047127 -955.652763 2076.181903
-3411.864477 -820.768705 1934.977250
-3183.433406 -771.761984 1802.170967
-2791.535218 -817.765937 1578.814367
-3213.232227 -804.381660 1723.725480
-2727.166725 -681.989782 1569.131254
-3749.134876 -989.942739 2056.992453
-3530.735204 -932.178406 1936.674378
-2594.269445 -716.629114 1460.339315
-2380.862807 -595.745414 1277.505541
-3939.975195 -1040.149449 2158.178070
-2766.637490 -685.003837 1534.888306
-3570.488645 -961.649033 1988.316799
-2647.672608 -713.408026 1475.088164
-3594.955085 -858.435224 1930.069640
-3571.525969 -966.650028 1989.665198
-3874.808464 -1106.268984 2258.402197
-2940.201035 -761.760852 1639.661253
-3817.316380 -968.743251 2115.792128
-3088.500435 -913.815688 1754.547452
-2819.302988 -814.278328 1617.018389
-2179.893920 -618.576921 1276.543787
-2868.050582 -688.198753 1629.126808
-2722.571290 -634.877118 1475.256666
-2892.254768 -674.642340 1566.771907
-3239.383421 -828.487113 1733.335349
-3343.767039 -901.474415 1966.374676
-3031.155903 -781.486436 1589.265485
-2631.203992 -709.478843 1459.294624
-2577.399308 -648.101379 1479.162727
-3267.627968 -882.087069 1812.490090
-3029.875923 -780.735579 1588.714639
-3416.228413 -930.239930 1876.038241
-3628.836863 -935.776318 1902.615888
-2577.183670 -721.535863 1386.582373
-3307.854126 -827.643059 1758.218529
-3371.077879 -994.484104 1859.476432
-3738.519563 -1069.577420 2116.752369
-2677.328408 -789.414522 1464.164704
-3255.557552 -959.414538 1778.496160
-2600.020001 -684.620296 1455.227779
-2542.875393 -749.773658 1402.621518
-3445.088281 -1016.470064 1902.322427
-3628.521869 -916.553996 1900.349613
-2761.498874 -816.516050 1525.772111
-3374.224705 -997.958429 1863.255949
-2779.439004 -753.823973 1561.372042
-3746.132225 -991.613542 2059.083471
-2788.770320 -817.251107 1576.737681
-2627.137666 -769.772163 1485.734308
-2521.797792 -650.383170 1361.458873
-2804.691122 -823.264294 1563.669587
-3528.190493 -935.099915 1938.882649
-2796.413495 -808.497115 1593.052162
-2772.722536 -801.878177 1579.346828
-2198.297043 -635.642959 1251.571171
-2789.276935 -739.169742 1533.098589
-2779.756774 -793.078257 1621.346163
-3723.626755 -922.299378 2051.630603
-3347.599016 -984.792390 1834.741662
-2404.069957 -707.622770 1317.458681
-3539.701863 -1051.373764 1959.017308
-3025.941041 -896.360505 1720.197552
-3166.841568 -904.746150 1833.045327
-2854.401094 -815.000973 1664.348401
-2472.769966 -624.501993 1292.495327
-2628.911082 -775.103097 1497.521257
-2751.491549 -811.877564 1550.635032
-3582.499309 -987.600996 1999.445212
-3220.953075 -851.460219 1865.124402
-3670.702755 -1066.356424 2081.297002
-3758.751361 -1055.550987 2149.163125
-3848.914597 -1101.938248 2103.516608
-3115.105397 -781.042701 1755.210416
-2953.552002 -829.553281 1687.773437
-3240.664249 -813.104153 1827.167791
-3887.215367 -974.206211 2191.468451
-3145.046811 -826.719579 1766.921859
-3430.436241 -887.465797 1905.446178
-3896.893364 -1085.068062 2090.384840
-3550.845441 -997.050783 2031.987420
-3641.517716 -1075.563248 2019.716783
-2856.710135 -732.230651 1641.598240
-3314.451797 -850.475970 1905.045652
-3579.600632 -877.029810 1925.136916
-3489.228267 -892.176897 2004.513557
-2957.870000 -756.156687 1699.271330
-2312.835240 -642.089563 1285.252784
-3235.639734 -898.161454 1798.600526
-3544.022453 -1023.251594 1985.266967
-2750.754984 -763.702099 1529.945307
-2601.025693 -755.359869 1473.767024
-3479.263737 -1022.208141 1983.545441
-2193.727453 -644.760321 1251.052206
-3152.629963 -929.297004 1788.723085
-2447.199949 -621.617791 1432.869066
-3573.674522 -940.000329 2006.525623
-3200.740510 -937.223036 1795.016079
-3205.074931 -900.676624 1823.171632
-2760.353870 -659.051858 1572.491788
-2870.428589 -763.247851 1589.267876
-3033.261829 -780.628198 1591.081602
-2640.122190 -775.202503 1508.380718
-3575.887435 -1047.109941 1943.691935
-2698.945812 -798.880583 1515.423618
-2755.410091 -815.543732 1545.980048
-2540.919022 -621.150803 1445.508157
-2753.127222 -818.645624 1540.860064
-2654.938641 -710.555813 1478.542339
-3896.155746 -1131.230241 2229.507141
-2770.548224 -804.501580 1584.637254
-2785.953002 -809.067200 1594.176133
-3857.177534 -1036.910873 2058.984198
-3203.367467 -930.323866 1831.697776
-2783.171736 -808.326610 1592.484771
-3768.293219 -1012.842539 2010.957892
-2831.326408 -822.470073 1617.927026
-3264.064273 -948.507174 1866.199892
-2978.330323 -830.221864 1698.969446
-2308.746324 -644.386843 1317.219879
-3941.203185 -1099.340511 2191.980699
-2606.085374 -726.949279 1486.967215
-3786.033848 -1056.552660 2160.179926
-3405.676791 -830.754328 1872.984517
-3670.149896 -1064.782904 2066.429405
-2754.583902 -772.012102 1490.340997
-3269.117512 -941.750108 1847.046294
-3198.737605 -809.738175 1727.989456
-2462.513259 -622.567743 1435.980614
-2532.810167 -642.736254 1374.767953
-3588.977945 -893.880425 2049.673906
-3143.364733 -870.362546 1785.830956
-2396.329567 -612.256941 1373.562959
-3500.382687 -872.155683 1998.354717
-3309.049750 -962.558964 1868.473782
-3029.777481 -880.895538 1708.800144
-3953.271642 -937.462216 2245.566468
-3170.551471 -780.570911 1676.734440
-2884.280658 -823.791908 1606.002208
-3105.724775 -887.507488 1729.812058
-3571.188575 -1020.656766 1989.190794
-2955.025090 -769.687161 1749.088344
-3199.406511 -833.853426 1769.258281
-3117.232065 -898.082073 1759.667667
-3122.725895 -803.417364 1763.584936
-3227.905256 -924.044083 1891.447709
-3167.014144 -872.225681 1859.917572
-3444.824579 -985.521182 2019.068380
-2485.151028 -705.014723 1464.808105
-2781.161888 -820.292168 1559.234590
-2837.945734 -809.824520 1669.514872
-3148.894631 -892.610034 1854.623930
-3674.511677 -1041.795876 2166.241017
-3715.116656 -1011.644243 2185.502433
-2884.856606 -824.863681 1690.822727
-3907.502767 -1046.762245 2308.683847
-3574.625949 -959.412296 2111.541386
-2485.958375 -645.411340 1361.543523
-3278.836794 -945.457833 1850.728815
-3323.227934 -814.496316 1942.027519
-2786.664147 -776.694549 1639.721875
-2722.673922 -704.890172 1608.645799
-3667.311015 -1019.948459 2156.928450
-2813.494353 -829.914771 1592.603702
-2832.511112 -809.911704 1665.132227
-3571.112709 -979.310026 2097.895825
-3251.863626 -844.898261 1927.420486
-3537.765646 -997.616836 2088.967756
-3092.462712 -872.298529 1822.522919
-2774.728123 -782.691333 1639.046115
-3731.675777 -928.409365 2184.817014
-3053.663536 -838.090328 1792.576537
-3107.482287 -808.620131 1844.870934
-2451.016188 -693.268330 1448.718452
-2635.044874 -655.159817 1543.960643
-2992.455288 -871.403732 1611.516383
-3262.040878 -826.209788 1709.471071
-3262.352767 -948.300657 1863.577915
-3878.798776 -953.900817 2042.278683
-3204.976999 -930.887878 1830.770657
-3360.039946 -823.367303 1788.916270
-3153.503738 -861.092139 1788.467538
-2889.680604 -840.469421 1555.956090
-3862.223077 -1121.585099 2078.533169
-3460.021966 -1018.218944 1888.025469
-3219.805002 -791.784374 1703.298728
-3414.000639 -984.654488 1999.501704
-3096.171463 -894.314918 1657.894766
-3439.392084 -1020.049852 1947.689530
-3575.100102 -954.997562 2119.908982
-3665.984527 -1049.135789 2160.698487
-2516.251746 -721.757015 1478.019164
-3689.384310 -1071.759338 1982.555702
-3140.467173 -851.240307 1855.410104
-3149.990092 -853.285566 1861.734047
-3146.647159 -924.698789 1815.831081
-3122.806498 -917.769679 1801.160590
-3554.997475 -1015.413834 2084.723125
-2291.334207 -620.402835 1354.897862
-2844.239025 -740.709847 1684.719905
-2411.228174 -678.825821 1420.674873
-2959.146010 -771.743855 1755.269454
-3639.426677 -1055.389950 2109.033007
-3073.913694 -830.638623 1825.995152
-3111.462167 -884.156896 1838.788542
-2509.318927 -663.119924 1492.992897
-2884.691210 -736.063611 1710.382098
-3843.571290 -955.079274 2260.521627
-3726.219948 -1080.722357 2165.880319
-3561.351075 -831.538063 2016.903694
-3648.333212 -998.873148 2045.803665
-2899.591501 -807.127480 1628.738710
-3321.240996 -926.862969 1847.303159
-3027.055716 -740.327820 1759.005060
-3641.067382 -961.601651 2009.179033
-3196.300882 -855.114328 1780.278219
-3116.882248 -720.778660 1734.681977
-3676.315111 -1059.201378 2041.264379
-2487.609374 -658.497456 1378.649373
-2690.279522 -711.989825 1490.061383
-2531.992503 -740.808510 1427.400701
-2614.228048 -658.930030 1529.501376
-3000.048699 -796.610301 1780.380666
-3892.135955 -1083.731633 2174.631329
-2522.073897 -718.671388 1478.790668
-3491.370325 -942.565967 2051.088984
-2450.837693 -720.599986 1398.828490
-3562.343429 -958.812159 2105.887339
-2775.086672 -789.471866 1634.127614
-3891.557952 -954.693543 2275.301246
-2878.567138 -770.984176 1610.120698
-3264.999946 -755.730168 1788.827225
-2491.856725 -605.700127 1453.339685
-2626.440379 -774.648939 1489.607659
-3398.230268 -985.165516 1974.496463
-2735.405989 -654.728314 1580.157981
-2741.683548 -641.199447 1551.751105
-2805.235659 -741.320118 1664.349228
-3597.987824 -952.943421 2134.338251
-2843.704068 -764.550866 1688.530047
-2467.973003 -693.660030 1452.460077
-3063.259713 -735.804050 1779.544228
-3316.713244 -823.276911 1950.959533
-3142.327651 -867.529955 1847.196453
-3277.195493 -913.718398 1867.782334
-3236.161879 -855.256508 1786.452696
-2806.137800 -832.569456 1594.944771
-3576.164841 -1030.511914 2097.089647
-2781.570858 -806.368872 1613.332777
-3552.335471 -959.846236 1981.448005
-3322.307513 -898.662763 1853.329536
-3575.085524 -966.887412 1993.106885
-3861.867861 -1043.674624 2152.581984
-2574.176140 -765.517987 1428.660227
-3537.859275 -1051.835623 1975.293532
-2208.712847 -604.696202 1299.515346
-3647.481936 -982.729927 2162.415544
-3479.602454 -864.113082 2034.431528
-2573.428020 -759.432843 1461.230850
-2790.195431 -787.397382 1651.368030
-3528.141109 -1048.754771 1979.854561
-3643.527811 -1082.746307 2044.936361
-3557.604101 -884.209859 2088.920212
-3218.752173 -853.956564 1916.275008
-2404.317498 -704.695658 1384.814595
-2557.977464 -750.537114 1471.787796
-2776.625069 -632.675513 1534.665646
-2968.035565 -730.632096 1539.143997
-3508.619181 -819.952958 2004.821986
-2971.331167 -683.408601 1673.853387
-3701.650383 -968.791042 2088.910079
-2538.878243 -617.188400 1391.557869
-2813.747234 -722.108421 1634.743886
-2875.244793 -737.546294 1670.807350
-2738.679227 -672.539999 1584.927319
-2176.960176 -541.159839 1240.799415
-3496.896756 -830.018027 1974.498065
-2686.818182 -771.025810 1506.855879
-2496.784270 -595.772095 1405.223049
-3775.720184 -963.807932 1980.720096
-3546.591594 -880.722387 2022.053232
-2949.446228 -755.440956 1634.547692
-3326.937801 -826.509484 1897.409541
-3297.625707 -788.845043 1847.794958
-3924.580974 -1049.151252 2148.549119
-2388.308982 -621.161179 1243.375634
-3186.891435 -795.444460 1849.456849
-2458.519960 -662.563928 1282.912713
-3718.089758 -988.720759 1943.054856
-2379.557737 -643.287446 1277.122222
-2206.545339 -593.739185 1194.066641
-3885.933248 -1034.936832 2031.165391
-2444.643132 -592.479150 1365.828264
-2467.367236 -680.180114 1410.771007
-3572.371168 -949.880616 1868.386022
-2794.614709 -681.269874 1511.453078
-3663.172896 -887.323185 2050.644172
-2606.578011 -702.253530 1408.815265
-2182.045487 -527.021983 1220.552840
-2482.016745 -684.151378 1372.172563
-2929.993229 -745.230098 1541.409086
-2728.994552 -738.916491 1464.591547
-3034.537526 -822.503495 1624.971339
-3403.681740 -836.523501 1786.418503
-3684.809868 -945.422740 2004.211350
-3264.853597 -947.576786 1870.154588
-3109.269970 -840.191629 1762.836384
-2849.840671 -770.937190 1615.732147
-3853.254921 -1032.314879 2017.011086
-2532.465754 -603.151127 1425.488223
-2774.846852 -771.452569 1582.593112
-3629.622931 -954.973683 2086.893195
-2463.174549 -589.639350 1313.618432
-2919.476965 -698.602102 1556.362780
-2718.316793 -677.820309 1541.827456
-2782.467745 -701.579692 1513.033242
-3767.315568 -1005.958287 2166.702792
-3389.508201 -865.755994 1777.842983
-3853.695016 -1032.495384 2017.262937
-3591.430168 -997.246933 2089.142457
-3758.367282 -1034.910792 1989.301763
-3322.374449 -919.971914 1933.758426
-3709.968457 -900.698516 2066.536291
-2190.434138 -622.404738 1256.341062
-3657.515056 -1039.378272 2098.352072
-3123.442298 -887.650348 1790.970019
-2200.914496 -625.574890 1262.023498
-3842.019640 -1092.517611 2204.785484
-3887.393224 -1034.607828 2031.068124
-3031.056060 -840.334382 1763.982945
-3461.129731 -827.154301 1904.270643
-2500.235453 -687.386842 1435.660311
-3191.698685 -911.747146 1745.731557
-2495.957449 -613.251893 1391.124944
-3305.529289 -899.723854 1865.485052
-2860.143701 -810.665224 1638.587117
-3462.976870 -924.485829 1965.527796
-2447.841522 -653.434541 1389.567797
-2784.262640 -789.042787 1594.914614
-2933.687239 -742.995111 1639.233564
-3707.243353 -990.215150 2145.662253
-3636.914792 -958.754220 2109.260628
-3458.524892 -911.850950 2006.777243
-2893.172592 -752.287303 1543.274464
-2525.095255 -621.485550 1409.104752
-3595.371042 -946.947772 2079.856765
-3920.383012 -1083.603365 2114.981843
-3276.712022 -908.749816 1761.716713
-2556.506589 -655.059277 1436.753076
-3547.173732 -934.842337 2058.062125
-2310.199694 -590.901519 1298.643685
-2621.982347 -670.270043 1473.867084
-3294.126276 -937.884501 1819.703720
-3576.804608 -930.590400 1894.712834
-2474.003663 -607.008859 1377.775439
-3882.992452 -1067.928610 2107.266081
-2514.874378 -616.967710 1400.903025
-3136.419371 -825.694759 1820.384157
-2691.183771 -652.722834 1510.940809
-2906.205241 -755.237004 1528.084188
-2661.350012 -652.393911 1523.347363
-2613.715342 -679.650271 1390.092525
-2463.010724 -657.275818 1429.807537
-3299.292406 -798.732891 1847.587628
-2958.173635 -780.193537 1716.737065
-2755.386577 -665.734052 1542.051982
-3881.169052 -1068.301964 2106.416952
-2986.449948 -785.305537 1729.035113
-2606.573101 -669.160400 1383.204617
-2567.883380 -652.279337 1399.761651
-2363.664601 -624.484986 1353.123078
-3226.885932 -766.049136 1762.454022
-2487.232453 -631.264862 1404.584045
-2841.294548 -695.530883 1636.925250
-2860.193250 -788.237147 1634.359784
-2858.698073 -787.633801 1633.318435
-2550.382369 -701.447448 1453.751431
-3331.896099 -844.668663 1882.687424
-2816.025587 -774.365019 1605.219990
-3209.378962 -812.976509 1812.495383
-2922.447461 -739.890160 1652.289349
-3011.194944 -761.404910 1703.210120
-2332.849837 -640.374802 1251.239920
-3290.452784 -902.440437 1865.587938
-2696.440656 -688.392446 1531.496915
-2493.302521 -597.191060 1365.351343
-3543.733720 -860.092846 1921.503764
-2875.404254 -698.536789 1556.075719
-3800.448907 -990.557758 2054.393716
-2946.731448 -769.976889 1685.335351
-2883.835635 -712.091489 1565.044420
-3637.576035 -935.540937 2010.279955
-3544.997834 -957.821905 2056.164883
-3545.187856 -958.613887 2056.642295
-3163.851324 -855.514402 1834.946497
-2684.527992 -726.403224 1561.999316
-3372.741249 -840.911750 1832.688196
-2757.527907 -687.737483 1497.707268
-2421.966292 -655.392410 1407.293258
-3565.487194 -1021.907661 2007.390214
-3701.632954 -1001.695072 2152.333059
-3192.883483 -795.511242 1847.264857
-2542.444673 -662.174051 1351.639527
-3567.729543 -965.221200 1893.817374
-3977.484558 -1075.634066 2132.896504
-2689.716715 -651.645283 1459.446422
-3423.657470 -879.181164 1831.651768
-2851.153868 -744.254849 1521.554373
-3867.691602 -1072.907483 2247.739774
-2544.438941 -622.251057 1429.645482
-2549.396418 -724.595815 1485.963199
-2932.714690 -814.420744 1699.952050
-2570.139544 -714.494042 1490.201146
-2779.366472 -788.944604 1614.715985
-2779.987536 -789.098854 1615.114428
-2039.921454 -577.388027 1183.364739
-2352.632940 -665.492134 1365.229523
-3253.903702 -891.995860 1872.161488
-2495.426319 -684.941989 1437.001543
-2897.516434 -795.313060 1662.364362
-3482.506612 -955.947366 1999.126810
-2428.522818 -683.193871 1416.451886
-3441.976605 -967.995539 2007.352084
-2299.001426 -640.963822 1317.312357
-3455.962257 -971.333161 2014.453515
-3266.177392 -905.730793 1898.335239
-3362.345239 -863.367518 1798.295520
-2851.118129 -790.397613 1658.490364
-3360.155567 -909.575249 1949.377696
-3617.884430 -887.281532 2034.222766
-3610.833613 -890.628825 1998.762033
-2497.103403 -614.070376 1385.631583
-3669.396038 -873.796453 2059.725943
-2525.642032 -601.440396 1417.617494
-2454.151221 -585.467784 1379.383312
-2854.221867 -825.130795 1563.170150
-2260.327879 -653.011649 1238.384345
-3565.962817 -1030.191187 1952.671008
-3669.644545 -986.074035 2108.050836
-2644.066521 -678.295192 1404.069083
-3448.374158 -901.304657 1844.149668
-2744.173229 -672.635451 1543.075200
-2962.760477 -709.161802 1629.747004
-3313.280947 -893.043699 1897.699031
-2825.925093 -762.167342 1619.998434
-3112.861441 -735.814109 1727.101303
-3378.107264 -926.326961 1811.722345
-3253.810434 -877.682855 1772.243786
-2800.666108 -776.010890 1627.484246
-2637.792023 -667.732930 1439.563245
-2241.552385 -603.463378 1213.927724
-3291.684380 -914.157970 1768.386711
-2940.997549 -696.528960 1587.913160
-2730.321221 -781.927602 1526.720093
-2627.868030 -692.850357 1390.688136
-2706.770621 -714.080793 1433.388407
-2764.251732 -737.940465 1514.566769
-3527.793315 -849.232139 1912.831268
-2690.209191 -722.762938 1457.624394
-3503.582272 -937.565162 1882.453039
-3134.009372 -829.985930 1685.285481
-3214.781204 -851.574952 1729.582499
-2168.290962 -566.977439 1252.293100
-2968.066588 -772.852979 1583.309231
-3226.393966 -870.212163 1864.551341
-2312.023595 -623.375727 1244.503051
-2830.587117 -684.254024 1535.407299
-3693.047664 -960.972833 1970.064677
-2981.061383 -783.871930 1726.505656
-3465.030373 -901.203747 1821.654816
-3689.517164 -969.016491 2135.830442
-3296.414376 -937.988834 1841.902232
-3368.493606 -961.540217 1804.011443
-3044.236522 -792.873020 1596.652709
-2932.632056 -730.759628 1561.369611
-3777.291356 -1019.238021 2033.205448
-3454.840875 -932.187381 1996.768529
-3109.786610 -809.626019 1634.596420
-2670.197479 -719.960622 1439.542855
-2571.460771 -696.678558 1410.623605
-3044.527949 -769.619857 1704.719839
-2548.751365 -640.190899 1420.026095
-2977.717958 -807.147987 1633.466474
-3206.608102 -840.387124 1760.369774
-2945.092010 -699.314627 1630.664079
-2977.880885 -853.948204 1669.606948
-3660.019621 -860.990965 2001.969188
-3242.785036 -813.727121 1804.145568
-3306.617338 -854.381579 1945.260968
-2149.967507 -540.009530 1193.555866
-3121.371114 -782.574293 1736.780766
-2707.924460 -709.877236 1485.608886
-3807.708100 -992.160961 2075.741261
-2441.273326 -636.154038 1330.304112
-3016.867513 -790.523392 1636.604726
-3957.046346 -1057.304621 2161.326758
-3176.954900 -756.874123 1787.102027
-3991.306715 -1077.327110 2138.378393
-3123.730814 -888.083045 1782.173106
-3879.445029 -1029.808015 2087.138028
-3420.615275 -889.177636 1825.983313
-3288.206034 -943.774733 1822.772455
-3839.548409 -918.227247 2149.613560
-3528.558572 -843.348137 1976.647580
-2527.738348 -716.937088 1454.800159
-2870.838001 -686.141824 1607.322483
-2871.012093 -686.041302 1608.941264
-3248.943892 -921.537186 1867.933316
-2605.054912 -680.655127 1504.129997
-3734.202643 -1069.944919 2130.959443
-2629.537955 -749.244602 1517.051251
-2591.412472 -725.317992 1455.763618
-2452.483505 -696.051228 1411.100206
-2878.547510 -755.117402 1616.628945
-2915.919703 -754.547738 1687.911052
-2996.902563 -775.216854 1734.763747
-2876.617169 -804.398063 1647.402237
-2233.613429 -624.985326 1279.214844
-2800.349869 -759.276163 1498.161387
-2939.386457 -830.617284 1691.123990
-2707.745612 -702.882687 1578.495993
-2882.500443 -789.671304 1583.465989
-2479.264440 -679.845592 1323.258778
-3059.750727 -865.113685 1759.831323
-3395.434972 -822.829726 1898.733505
-3663.591995 -887.899275 2050.481945
-3606.220632 -874.107668 2016.257279
-3644.858854 -956.365655 2045.928728
-3160.596962 -766.327454 1766.896451
-2743.408815 -732.835934 1429.553747
-2870.862311 -786.546286 1530.798388
-3346.875389 -849.500884 1823.496358
-3634.859149 -926.038974 2064.275527
-3193.821765 -881.880116 1818.672944
-2907.960113 -732.563776 1663.808774
-3533.810683 -833.168926 1970.170920
-2861.021921 -784.004737 1622.185526
-2593.902916 -727.900929 1487.549347
-3538.249126 -901.252911 1907.977647
-2967.978518 -776.943332 1559.613196
-3353.884413 -944.803466 1926.657572
-1913.330408 -540.711675 1110.103660
-2893.269392 -799.698248 1592.065697
-2118.817408 -603.938609 1224.559030
-2922.166598 -737.672372 1571.697460
-2779.920256 -795.168868 1600.543466
-2830.824050 -676.230436 1558.343008
-3242.079727 -774.796961 1784.748491
-2299.660444 -579.221646 1315.497754
-3598.314980 -866.364138 1986.628096
-2479.453245 -597.739666 1369.878612
-3886.926173 -1056.557864 2221.196330
-2217.264800 -607.134650 1256.557169
-2883.348154 -727.639930 1629.266995
-2726.281488 -719.533455 1428.141053
-3573.326048 -902.330358 2019.028307
-2613.357497 -716.900356 1482.292229
-3648.915471 -929.667650 2072.657887
-2894.285732 -687.452554 1566.939135
-2300.030585 -568.480016 1244.594064
-3522.829855 -878.835913 1914.260376
-3434.667755 -896.572756 2002.138354
-3425.371111 -844.433421 1852.087986
-3183.886377 -839.145432 1818.496722
-2387.709897 -588.463981 1290.904904
-3918.696747 -1022.000742 2284.434158
-3108.431273 -772.964731 1688.039011
-3151.989794 -771.892060 1770.828317
-3709.278158 -967.159694 2163.420503
-2993.773113 -736.217439 1616.709119
-3301.443651 -854.944905 1928.495174
-2381.522489 -646.177739 1274.177770
-2227.473544 -576.486141 1300.939778
-2517.171004 -597.661411 1363.179306
-2306.882031 -567.376435 1245.898002
-2322.925700 -597.204710 1364.266502
-2792.126475 -706.764471 1510.488670
-3537.537815 -902.673908 2007.365101
-3140.302993 -765.492381 1713.853655
-3681.537867 -915.178735 1998.901793
-2366.157188 -585.057731 1280.346437
-2408.114316 -632.907599 1409.198298
-3359.388830 -830.668695 1819.765671
-3853.713431 -1011.161966 2254.968423
-2566.701585 -654.240549 1408.180156
-3071.575206 -873.528772 1787.125036
-3304.944754 -779.034268 1842.233566
-3126.085166 -889.479618 1818.947128
-3691.467946 -1048.998036 2147.497556
-3586.931116 -985.001911 2036.784324
-3104.777374 -884.340423 1793.853497
-2902.408926 -699.948922 1560.242441
-3308.110711 -780.555226 1843.499802
-2734.779436 -681.397245 1511.132543
-2518.732036 -718.369387 1454.352901
-2900.734250 -707.207861 1544.679577
-2520.253198 -635.513550 1411.115765
-3740.075369 -963.936533 2062.034561
-3142.089562 -814.467354 1788.488069
-2875.042480 -703.986714 1554.458120
-3577.087109 -978.808062 1916.318839
-3075.758785 -740.158258 1666.766683
-2551.961290 -637.648113 1448.482448
-2809.772318 -691.479944 1474.818536
-2986.921863 -847.860917 1712.438420
-3253.628328 -889.793358 1743.023152
-2543.628720 -615.877628 1423.959687
-2777.676215 -742.346969 1488.452113
-2740.631738 -660.259942 1484.794075
-2916.101090 -756.469390 1552.911058
-3000.732000 -733.967828 1599.130642
-3780.208100 -906.840829 2159.422879
-3332.403946 -897.075875 1895.982231
-3919.967869 -960.994195 2141.249955
-2719.926662 -705.199007 1564.021696
-3114.422590 -838.377204 1771.316725
-3324.437392 -909.514002 1904.817538
-3240.619170 -886.521205 1855.859794
-2704.292759 -728.700851 1435.555621
-3538.941468 -917.580105 1884.987158
-3557.339391 -973.262055 2036.577715
-3613.274783 -886.921031 2055.137096
-2504.220821 -614.601590 1424.844137
-2347.233304 -665.606284 1361.801691
-3177.064979 -767.467709 1811.722780
-2598.373629 -710.283598 1487.773736
-2812.243339 -687.813664 1498.736721
-3515.755408 -1006.803604 1912.484023
-3428.914683 -904.557560 1794.006286
-3586.351384 -1026.656586 1950.576810
-2460.082522 -637.071825 1310.619491
-2643.884461 -685.107777 1407.619144
-3468.654466 -988.726626 1948.762694
-2928.180010 -773.906969 1676.702883
-3896.986732 -1015.764540 2122.529520
-3335.237001 -950.255419 1873.658054
-3487.150108 -997.856779 1950.041341
-2927.486321 -773.695652 1676.328024
-3387.808243 -866.541419 1903.029566
-3018.136493 -718.363857 1643.083067
-2927.078796 -811.519411 1571.585826
-2609.314575 -742.024659 1478.997000
-2267.155531 -649.103848 1233.531091
-3560.556068 -838.430804 2002.580280
-2856.225157 -792.465976 1533.579680
-3016.228138 -717.947465 1642.115304
-2890.591631 -694.483445 1567.571829
-3628.728538 -903.834348 2006.369740
-2836.030104 -708.588703 1490.193831
-3814.159933 -952.622585 2004.030249
-2951.954351 -756.270945 1634.934198
-3515.021349 -899.259991 1946.560924
-3028.973453 -766.381041 1593.325782
-2727.140015 -690.615436 1434.490665
-3503.610824 -845.644179 2010.426274
-2973.940457 -769.124732 1735.236269
-1974.385296 -505.895175 1159.852786
-3795.372371 -972.734565 2228.637196
-3358.782743 -870.015120 1931.998213
-2836.014288 -677.923089 1570.681609
-3709.667345 -887.338322 2044.921121
-2909.699526 -793.611040 1590.507143
-2799.703406 -766.328584 1576.356091
-3185.078042 -843.121577 1727.716044
-2825.191391 -731.970047 1625.617958
-3143.325111 -768.031328 1674.062190
-2448.373907 -655.132088 1348.264672
-3483.517187 -949.103677 1848.834177
-3443.370922 -998.287689 1973.070503
-3321.059963 -885.431912 1885.656921
-2930.189817 -780.958677 1663.686555
-2917.156491 -844.076773 1666.861078
-3871.505715 -917.791282 2107.607005
-3016.780386 -793.335627 1743.445263
-2486.992808 -666.255026 1307.776266
-2947.613973 -838.525031 1646.801650
-2721.143196 -688.289007 1560.274061
-3553.580893 -960.903896 2067.220055
-3701.602384 -1019.582547 1978.492260
-3736.228533 -983.015943 2069.913747
-2482.816553 -628.077666 1424.191266
-2709.785514 -669.772735 1570.692253
-2659.941541 -727.580542 1448.298860
-2073.490308 -594.443229 1152.480104
-2918.440325 -728.491100 1653.253724
-3291.913815 -825.400556 1874.833197
-3518.655897 -963.525463 1992.032739
-3841.680056 -941.872682 2188.808278
-2721.976281 -687.334519 1559.223247
-2696.436951 -677.972249 1564.091404
-3318.433319 -853.778917 1895.661726
-2912.146607 -731.020069 1657.814714
-3276.051850 -841.062155 1763.924647
-2805.832247 -703.716260 1598.216695
-2716.092692 -744.045414 1537.439362
-3776.512225 -955.213419 2146.627697
-2742.697761 -740.888219 1517.348468
-3634.672631 -953.534896 1975.567301
-3101.367224 -872.665124 1668.411051
-2428.720414 -629.875106 1372.434605
-2706.620914 -729.546427 1427.975454
-2509.405416 -649.382793 1410.823953
-3407.813243 -863.373735 1824.754770
-3167.907517 -782.639169 1715.066232
-3785.334550 -954.157413 2166.970128
-3606.893992 -910.237972 2066.017710
-3190.304620 -776.419704 1821.874620
-3919.635557 -929.164399 2122.832983
-2854.783389 -676.540020 1545.845702
-3522.944977 -919.877784 1923.513860
-3167.095316 -902.414556 1841.768574
-3671.107378 -899.779037 1970.896074
-3522.106433 -887.859178 2016.572914
-2954.824949 -848.497425 1640.656196
-3719.368654 -967.774937 2164.834391
-2555.192859 -649.475580 1378.143844
-3747.780601 -994.150178 2150.680013
-2612.178582 -646.840281 1513.894961
-3486.379452 -978.948651 1986.886581
-2475.765928 -621.958274 1312.596268
-2834.521778 -701.876634 1643.219179
-2710.224381 -790.221527 1522.670428
-3261.257001 -897.928844 1853.803048
-3730.808024 -1087.761848 2096.234871
-3457.982547 -984.709388 2011.261204
-2933.312665 -786.264466 1560.632914
-2810.476077 -691.874227 1579.424922
-3779.017445 -1018.074214 2149.763921
-2737.798730 -644.786189 1539.794320
-3778.759493 -1018.304461 2150.035403
-2442.510250 -599.548480 1390.262331
-2766.846821 -652.018335 1555.788788
-3304.698985 -903.244689 1891.832619
-3129.543092 -762.345339 1670.087198
-2767.642952 -652.800726 1556.680569
-3141.683822 -799.388809 1806.121704
-2743.155792 -656.822895 1551.576467
-3391.466709 -864.582911 1779.726603
-3504.799724 -964.624251 1852.866419
-3437.620066 -875.791278 1804.814603
-3843.656361 -995.281925 2088.472383
-3752.439613 -1009.972265 2180.620109
-3075.488851 -893.753145 1691.001796
-3815.779011 -1080.859027 2081.935945
-2654.990263 -691.581289 1517.678199
-2802.065340 -745.269047 1459.155496
-3178.039313 -900.659019 1727.381144
-3147.085509 -914.410189 1729.693526
-3656.081461 -1046.870515 2061.441244
-3086.384072 -811.965888 1775.430466
-3254.399122 -930.799883 1834.421246
-3435.178587 -981.901106 1936.457231
-3569.333226 -954.217264 2028.059204
-2670.344802 -702.246480 1535.864610
-3598.897753 -978.219381 2011.741136
-3289.471820 -852.084946 1870.061196
-3501.733448 -922.635219 1820.398597
-3071.364900 -730.215808 1632.660403
-3040.370110 -816.198108 1590.526042
-2776.889779 -686.500207 1471.282009
-2906.207233 -820.123593 1671.710968
-2923.378479 -811.852442 1654.336105
-2922.904033 -815.263301 1546.522511
-3480.796496 -828.535507 1850.813320
-2668.326818 -660.367472 1413.901087
-3787.994245 -966.136336 2105.144055
-2524.729646 -595.605284 1397.037083
-2427.909876 -709.331787 1340.039535
-2877.882343 -724.433339 1598.454188
-2808.907507 -773.742652 1633.692732
-2839.894178 -828.323339 1567.532680
-3964.485145 -1016.581002 2093.759246
-3340.399929 -843.765714 1778.850680
-3661.049260 -888.191752 1983.506554
-3305.576064 -938.753834 1808.352048
-3183.968620 -804.840366 1834.418535
-2625.492938 -683.356262 1379.412711
-3206.031798 -896.377891 1753.582076
-3633.055563 -1004.768868 2102.255311
-2852.244563 -808.297026 1550.387684
-2748.405999 -674.455936 1545.203778
-3658.300132 -1017.689080 2046.229509
-2490.317689 -606.542255 1434.946266
-3527.496819 -917.141565 1851.454087
-2264.111008 -623.319621 1317.625493
-2879.635018 -804.163744 1649.175740
-2460.599821 -619.460415 1366.742492
-3491.594602 -903.939803 1831.784185
-3534.057982 -993.184517 1942.091392
-3572.809196 -1004.800792 1963.200445
-2877.070225 -735.351541 1663.933355
-3270.370529 -851.665822 1717.217187
-2504.487498 -625.562360 1414.902243
-2638.761089 -759.311036 1479.507919
-3142.449399 -861.337431 1703.010847
-2573.824074 -724.259146 1382.037661
-3081.985488 -844.355306 1671.286870
-3222.847450 -913.239505 1757.931135
-2387.993548 -563.192576 1321.442996
-3177.688217 -910.253457 1758.659454
-2224.263950 -612.251261 1293.653733
-3891.409483 -1052.324611 2070.650633
-3006.126741 -730.147327 1666.480464
-3181.170170 -911.173352 1760.602364
-2725.794189 -797.367969 1504.330212
-2167.904414 -527.767381 1201.703970
-2718.491143 -779.036536 1523.338331
-2434.455489 -585.680342 1302.296453
-3739.009140 -886.378424 2069.376523
-3252.264142 -918.365061 1850.327754
-2644.713362 -763.642186 1501.660078
-3775.830520 -1104.098886 2081.960511
-2831.869186 -666.853725 1547.920175
-2271.408828 -664.834013 1253.274858
-2427.965970 -605.794839 1372.061817
-3294.429827 -775.677107 1801.676093
-2502.191004 -624.745487 1413.251461
-3490.143649 -925.083949 1817.136645
-2872.318502 -742.720495 1644.754097
-3678.542624 -983.302250 1915.426985
-3305.236333 -863.149421 1848.632709
-3611.501691 -933.499175 2057.311157
-3622.355972 -955.448705 2071.176768
-2853.205429 -792.377532 1542.751763
-2678.123458 -658.168671 1539.199908
-3682.708457 -970.724325 2106.796794
-2376.755866 -602.784517 1302.055703
-2725.087037 -669.420156 1565.693437
-3899.865577 -959.136114 2080.153071
-3532.924246 -1006.073604 1945.154528
-2502.574348 -611.439469 1440.931874
-3590.847952 -954.041033 2061.538537
-2939.255151 -766.554714 1712.681176
-2749.746128 -763.322108 1474.545386
-2831.118069 -731.559266 1612.147624
-2508.674874 -626.494179 1417.769890
-2737.332561 -679.520892 1510.574166
-2308.308597 -576.006779 1285.331860
-3161.788558 -820.283201 1798.552861
-3198.164921 -828.979047 1818.059915
-2605.503079 -698.657576 1357.078615
-3170.944041 -864.531833 1781.402317
-3439.773702 -984.269347 1939.551312
-3377.044662 -904.920530 1758.399286
-2815.847895 -771.803482 1528.007684
-3774.947901 -1046.693565 2138.320781
-2444.789880 -590.945294 1395.713193
-2585.813597 -677.520330 1499.650808
-2846.404264 -789.169470 1612.085655
-2553.783427 -616.708101 1457.813827
-2492.419807 -596.098811 1356.366478
-3840.351627 -1077.659670 2114.230041
-3141.881036 -881.873582 1729.009523
-2883.485246 -832.675005 1609.067523
-3951.938219 -1120.126695 2149.063319
-2860.147938 -803.275666 1573.293188
-2595.279108 -711.639953 1408.112867
-3425.009514 -886.864499 1905.118186
-2622.212391 -709.384381 1394.779334
-3955.225433 -958.689375 2143.256240
-2906.099220 -794.851699 1600.295043
-2799.860283 -781.836552 1488.544294
-2831.016127 -666.946163 1548.352192
-3509.238784 -873.602943 1936.796108
-3513.861920 -874.783249 1939.248459
-3482.434623 -899.708459 2015.565274
-3477.090574 -958.667650 1910.696515
-3030.798315 -765.854432 1593.825719
-2623.247288 -684.512983 1464.582725
-3509.598641 -960.242845 1931.787385
-2435.441306 -630.124275 1384.712392
-3529.332939 -877.821823 1949.326547
-2325.595374 -640.114308 1228.733124
-3449.500466 -827.225659 1844.618994
-3692.128697 -1016.183514 1951.375507
-2725.936565 -792.006596 1479.036195
-3690.540361 -1048.061002 2015.042088
-3277.280433 -790.533303 1823.231796
-3225.383602 -777.621276 1794.052942
-2722.039862 -773.621492 1486.572052
-2837.689792 -707.060298 1646.941012
-2386.654377 -606.611296 1388.419013
-3070.700641 -871.033249 1677.234844
-2786.811907 -790.253539 1521.557047
-3564.056720 -1010.199934 1946.922640
-3691.632632 -1046.175343 2018.822579
-2843.773398 -665.909963 1571.779359
-3321.074556 -882.583366 1879.370411
-3238.217001 -841.025162 1831.788278
-2871.558769 -692.610798 1541.255373
-2950.769319 -772.720275 1696.331458
-2971.886261 -740.426872 1676.771474
-2948.030519 -832.423276 1676.349453
-3431.123812 -919.522713 1964.864136
-3809.881187 -1023.733770 2025.294840
-2240.483578 -632.779824 1273.991518
-2772.122874 -778.563482 1492.228946
-3615.709044 -973.818196 2098.839010
-3575.023383 -918.615515 1925.524389
-3460.566290 -859.335973 1920.688280
-3914.942778 -943.745262 2102.940827
-3633.033503 -875.508817 1950.705426
-2397.141017 -622.239908 1355.367462
-2723.471181 -712.119984 1524.538246
-3780.774446 -930.008119 2017.100762
-3899.035387 -958.735300 2079.863246
-3505.057860 -839.151709 1941.192791
-2810.572992 -812.810284 1572.566161
-2586.278215 -603.768152 1430.471233
-3203.779990 -838.174022 1878.878099
-2690.154335 -645.089328 1490.009180
-3409.715997 -815.761122 1888.067642
-3148.871326 -774.640213 1769.426510
-3634.484489 -1053.118008 2009.781962
-3179.912850 -808.753148 1828.736277
-3189.261943 -876.963809 1798.968850
-2951.726986 -848.155031 1640.979382
-2915.536632 -848.581934 1594.763737
-3123.492987 -801.589296 1638.088869
-3676.107017 -1017.576709 1939.618463
-3929.304046 -1087.971995 2073.422433
-3196.718772 -911.750502 1745.656117
-3530.963294 -988.712480 1869.124844
-2677.651890 -644.535159 1532.911743
-2793.133290 -782.776099 1478.969513
-3509.779469 -905.463526 1927.459608
-2908.941901 -712.033372 1524.914853
-2715.948807 -672.556014 1464.214731
-3922.338227 -967.038600 2053.535361
-3368.838847 -835.039370 1762.696333
-3993.349864 -1122.874127 2117.521817
-2806.609485 -788.770337 1489.810434
-2852.737801 -774.578378 1614.741291
-2893.486860 -812.576947 1535.810644
-2893.782751 -812.713846 1536.044672
-2473.673651 -672.398371 1434.819231
-2774.067457 -712.914453 1476.576876
-3757.904447 -977.683412 1970.464468
-2352.888894 -662.384563 1349.690385
-3105.629118 -813.376623 1685.113900
-2395.000769 -600.054923 1354.967499
-3497.629355 -813.575507 1928.466834
-3954.443311 -978.449434 2130.029290
-2656.153796 -711.647614 1473.822285
-3134.952442 -885.461461 1746.030130
-2462.358199 -673.787139 1357.529013
-2893.524653 -792.365008 1594.976095
-3202.121934 -791.785346 1725.952529
-3181.130236 -872.980657 1800.541034
-3423.023513 -961.643896 1817.974657
-2508.533325 -656.345277 1360.781847
-3538.934951 -921.966426 1883.561372
-3847.102057 -970.769993 2118.535992
-3564.206491 -1013.581887 1939.838653
-3328.526539 -789.524408 1818.342573
-3098.554802 -855.477715 1679.553429
-2977.470071 -798.181090 1651.604558
-2867.326891 -786.720461 1622.638837
-3598.507277 -862.465704 1914.392009
-2730.365253 -667.016002 1513.040287
-3560.481520 -885.636635 1897.457550
-3440.953321 -906.139258 1989.792624
-2939.559187 -794.192294 1706.509142
-3338.594233 -959.674324 1843.671144
-2967.835950 -768.813118 1690.325573
-2791.457191 -699.848986 1553.077361
-3178.479364 -756.150750 1721.480310
-3251.365575 -813.879006 1808.330550
-2516.410538 -651.850439 1433.290065
-2582.799569 -697.965069 1499.589858
-2417.132242 -625.671703 1376.378353
-3198.803013 -793.965771 1822.702799
-3268.881196 -816.575392 1799.269589
-3223.810896 -804.825363 1775.363759
-2764.192429 -693.619408 1536.268615
-2768.867164 -719.011658 1593.569215
-3328.470683 -920.513996 1895.233690
-3208.296899 -776.606309 1840.598123
-3559.844499 -858.647821 1900.230321
-3868.706581 -1004.437380 2226.907723
-2844.026817 -708.325784 1507.154296
-2510.003305 -607.587289 1434.782957
-3336.949575 -846.110598 1881.406785
-3825.809097 -970.421251 2157.272180
-3859.679117 -1014.034852 2259.621219
-3205.981214 -823.732768 1882.076184
-3282.173175 -906.677580 1868.475718
-2864.138519 -752.516047 1676.165119
-2719.480737 -697.656077 1593.673520
-2634.455202 -657.973655 1523.146161
-2777.234990 -779.750046 1517.999624
-3759.499870 -1041.295111 2186.851061
-3105.724052 -789.997958 1676.622852
-3813.031179 -1055.571814 2217.251667
-3568.013014 -967.599790 2013.249830
-2894.988279 -749.015539 1649.653649
-3435.824185 -832.811118 1902.825326
-3337.263323 -855.211731 1941.218020
-3951.627684 -1009.812359 2082.770472
-2887.812196 -717.892958 1507.325168
-2885.335860 -717.449780 1506.003441
-3410.015364 -822.541427 1812.129835
-2548.630117 -623.628977 1334.709417
-3188.631828 -747.063916 1753.194761
-2841.884692 -737.235798 1634.302096
-2992.058288 -829.740063 1578.019480
-2906.063451 -806.140085 1529.673574
-2998.538335 -746.716191 1571.733061
-3881.462305 -956.488721 2038.916679
-2761.588759 -716.534710 1588.310144
-3926.438971 -959.874357 2056.366445
-2906.786200 -708.143992 1524.558281
-3539.671260 -889.318519 1999.684250
-3242.113224 -876.876510 1792.781218
-2860.546034 -773.126668 1608.935655
-2861.796021 -772.838445 1610.931678
-3050.922131 -804.244464 1650.056240
-3275.266018 -838.407003 1919.570381
-3271.245933 -836.762947 1917.249461
-3534.845432 -873.335135 2008.668900
-3433.844820 -797.966023 1887.926879
-2448.926808 -670.572850 1349.416155
-3003.544533 -720.521564 1718.151316
-3884.784498 -1060.158997 2219.101545
-2951.848003 -741.291805 1669.746527
-3941.684687 -942.056352 2251.945590
-3473.386013 -887.551534 1954.288473
-2793.411113 -731.182489 1531.641782
-3672.696282 -922.147194 2074.240134
-3520.390095 -829.490464 1982.766249
-3820.190461 -960.394144 2157.456143
-3363.718566 -916.213635 1951.266388
-3384.711690 -874.853836 1815.804252
-2525.967550 -687.785458 1464.488334
-3842.351653 -1079.731608 2150.783543
-4016.410463 -1032.955695 2096.599701
-3776.054503 -980.718433 2172.341438
-4016.970289 -937.934429 2158.440362
-2956.211855 -754.299357 1698.820290
-3333.082204 -891.492143 1834.392252
-3276.048731 -849.289365 1886.361648
-3516.056628 -917.324688 2046.688992
-2687.386950 -744.155219 1432.856900
-2841.211262 -790.968734 1556.517935
-3322.652533 -871.578234 1889.088392
-3180.357209 -895.907708 1773.250194
-2806.678681 -783.803429 1588.589823
-3442.213098 -905.965761 1989.765578
-3826.966372 -1098.503500 2126.007393
-3610.195845 -1045.224546 2062.349327
-2996.539903 -720.489276 1716.074445
-2436.961364 -613.532973 1293.597243
-3585.328594 -866.866944 1948.923962
-2664.482834 -706.530052 1528.542179
-2818.505828 -704.255300 1626.740348
-3282.075767 -793.417455 1783.560650
-3533.334701 -843.345309 1904.420721
-2680.197066 -647.691321 1456.641036
-2491.002393 -627.560139 1353.634061
-2683.936407 -625.232926 1478.653466
-3813.202051 -948.737314 2053.236639
-3503.048609 -846.766388 1870.196504
-2902.416897 -702.210468 1550.411414
-2884.254484 -792.781508 1571.438257
-2938.886389 -829.816463 1581.503926
-3207.270078 -751.894970 1790.995546
-3493.152929 -880.242718 1923.259366
-2592.096387 -670.788016 1453.336476
-2835.949408 -781.257460 1560.071389
-3208.661481 -922.738506 1782.658723
-3696.213285 -894.438658 1944.966490
-3085.004104 -854.392915 1623.024779
-2891.113844 -692.571181 1531.944018
-3511.142775 -874.526086 1833.379818
-2793.097834 -696.028596 1458.348426
-3400.437414 -816.709906 1802.941753
-3532.719557 -978.234186 1858.844293
-2860.582260 -814.738345 1641.876242
-3231.023618 -809.129588 1680.414438
-3049.616479 -781.752508 1592.995477
-2975.036846 -797.446732 1679.447034
-2923.571855 -783.612523 1650.735052
-3819.239867 -998.464607 1983.111527
-3156.341350 -827.117603 1805.152427
-2502.019316 -614.715232 1308.706037
-3281.844374 -860.863544 1705.038949
-3830.729091 -956.180856 1999.618188
-2452.479544 -642.600354 1402.667835
-3983.883017 -979.704417 2082.803010
-3674.927242 -1038.851912 2005.102078
-3045.501074 -780.932392 1593.529446
-2916.146191 -786.562539 1645.813040
-3462.644927 -995.881523 1941.277517
-3569.595606 -968.854559 2069.502664
-3288.093577 -918.420341 1744.333438
-3472.543888 -939.696352 1959.521656
-3743.144843 -1047.079534 2048.680438
-3743.869816 -1010.271336 2112.269572
-3168.016423 -913.906511 1756.531461
-2470.845446 -618.105185 1395.458324
-2364.083575 -585.036644 1258.225122
-3157.115805 -756.898020 1677.820469
-3396.950256 -932.850618 1842.794213
-3089.835866 -834.630718 1789.860499
-3806.349410 -1099.218313 2089.528743
-2681.939648 -755.208289 1439.677170
-3152.994150 -910.897016 1732.127704
-3538.891049 -1027.124660 1974.442801
-3667.957646 -1063.221231 2046.269667
-2350.577111 -682.176453 1311.455445
-2960.656256 -705.989132 1577.177316
-3589.000038 -854.567827 1911.917374
-2506.873574 -597.155583 1335.091144
-3318.363100 -802.920904 1896.684655
-2706.245635 -746.173926 1424.960538
-3170.320377 -814.606108 1863.052389
-2768.948184 -765.811732 1610.954803
-3227.491607 -842.200048 1880.437780
-3251.166404 -899.423334 1890.553656
-3589.820475 -972.695868 2024.414323
-2857.559514 -773.306133 1610.589317
-3767.012331 -1019.318866 2123.148861
-3769.628383 -1020.682695 2125.122275
-2452.211252 -639.583518 1370.615006
-2885.136254 -781.067699 1627.154114
-2135.570221 -578.238868 1204.306142
-3131.732721 -769.032237 1636.936262
-3919.628056 -1078.919955 2060.123836
-3606.888994 -864.572398 2063.303869
-2994.580028 -823.171831 1576.744534
-2514.037732 -608.724548 1361.792990
-3271.879754 -900.889033 1719.650058
-2870.683887 -687.601103 1642.174508
-3474.852049 -945.105245 1955.383525
-3362.373269 -954.750179 1827.898392
-2751.629613 -779.599164 1498.353387
-3181.408393 -742.275355 1749.499848
-3134.763276 -848.499303 1764.448434
-2690.795734 -624.317602 1479.006904
-2576.862117 -601.327231 1416.521394
-3431.958868 -822.627614 1962.496372
-3156.806754 -758.880726 1801.634373
-2735.569435 -653.422100 1564.189170
-3384.499615 -810.012595 1936.311264
-2523.366836 -617.335861 1398.630624
-2810.441449 -707.459713 1586.495242
-2393.425723 -614.072982 1250.017540
-2703.103827 -742.883428 1424.362974
-2935.004833 -806.345097 1546.317632
-2879.018433 -701.757380 1506.798972
-2946.304659 -812.355726 1547.738372
-2656.082424 -647.858051 1390.734443
-3482.472497 -937.449699 1958.941307
-2699.907588 -776.618429 1507.196364
-2655.880865 -693.378577 1510.856900
-3806.441661 -926.317400 2172.197776
-2769.417166 -650.451150 1532.168497
-2964.769240 -818.071269 1629.474185
-2863.585873 -790.504586 1574.187407
-3248.760353 -806.571485 1694.330632
-2443.232216 -609.453916 1275.316506
-3406.594853 -815.512735 1807.832417
-3417.923566 -819.081632 1813.108073
-2498.938638 -598.226094 1326.062076
-2529.809540 -606.781057 1342.130310
-2480.807670 -577.216249 1362.589113
-3763.775101 -930.207559 2024.326135
-2629.417038 -664.494456 1526.146863
-2804.064840 -676.774414 1507.244805
-2952.587236 -712.596801 1587.108554
-2670.233355 -685.578567 1433.825780
-2909.475659 -826.133967 1547.459561
-3238.569196 -905.707107 1815.590431
-2624.395877 -673.483638 1409.048902
-2768.839756 -775.766575 1529.231390
-2869.611941 -781.861382 1592.736749
-2896.497631 -757.457499 1578.439528
-3978.228052 -1016.160171 2083.710613
-3171.406526 -845.927134 1654.078932
-2812.189007 -702.095894 1632.468680
-2306.822435 -634.865540 1276.543328
-2525.127411 -714.678679 1454.314989
-3654.227225 -1006.191739 1938.572181
-2915.074932 -802.505943 1545.920442
-3754.618363 -1032.480034 1991.803845
-3151.936042 -857.121516 1751.561429
-3723.777781 -925.603466 2157.143021
-3363.850133 -937.703156 1921.652435
-2537.446827 -639.548506 1351.301350
-3228.178210 -795.117186 1801.542507
-3472.449352 -924.875557 1977.567162
-3162.850568 -766.380147 1759.374814
-3908.746975 -948.638497 2121.170656
-3151.067980 -807.386852 1666.982069
-3706.573975 -913.780114 2068.861498
-3411.720087 -876.046618 1805.546121
-2862.943880 -724.379189 1660.433675
-3179.945184 -781.790738 1773.429841
-2519.147310 -636.821013 1362.427986
-2295.446917 -542.698779 1270.520480
-2609.373446 -669.171744 1380.554130
-3155.736172 -856.392024 1832.872411
-3095.886006 -883.914901 1709.166916
-3291.361272 -942.296376 1822.096181
-3188.401000 -910.785004 1759.024655
-3801.983750 -1096.291070 2165.367579
-2272.842285 -650.319947 1258.389040
-3701.965855 -983.307654 2016.847078
-2572.634322 -695.567207 1361.914004
-2583.726574 -700.373380 1500.358033
-2606.720133 -705.776238 1512.786317
-2771.889204 -734.877237 1513.224011
-2473.364782 -670.859467 1435.629096
-2708.339680 -725.515074 1427.510960
-3081.112173 -862.491410 1701.332233
-3484.086331 -893.416444 1844.729732
-3860.485940 -1046.089090 2242.328780
-3228.812723 -812.556223 1759.944041
-2577.640919 -738.659215 1476.472568
-3252.502944 -812.589832 1795.062563
-2770.313453 -713.347625 1479.410788
-2235.145114 -617.320026 1250.786733
-3415.959606 -824.251721 1836.189944
-2385.457906 -675.563142 1358.389767
-3555.426962 -1006.949274 2025.178285
-3707.758031 -936.984752 2074.249165
-2191.491487 -568.742541 1263.001791
-2298.871854 -581.380216 1284.537301
-2489.072404 -638.169637 1368.707406
-4013.940179 -940.911598 2172.595251
-2824.734592 -709.411305 1540.341979
-3915.661242 -983.752247 2135.336314
-3867.608784 -971.213485 2107.854163
-3462.015042 -970.080662 1973.044257
-3534.801467 -850.784612 1892.499703
-2802.187497 -729.659415 1467.714336
-3251.038384 -931.663217 1847.138994
-3640.459717 -911.643550 1914.938386
-3313.869473 -807.211052 1839.063343
-2789.070835 -705.825162 1508.989399
-3098.843260 -795.014520 1695.852672
-3372.395441 -813.267920 1805.610483
-3355.918686 -861.269707 1837.122352
-3284.327575 -861.346019 1935.153517
-2630.130451 -674.412886 1445.671124
-2469.607578 -687.348136 1376.464269
-2934.993606 -831.561550 1688.566469
-3553.725735 -898.043357 2018.079152
-3561.200384 -832.920997 1971.265693
-2940.996090 -765.360760 1695.880303
-3473.553665 -969.446915 2013.293680
-3364.861099 -947.400621 1907.967180
-2443.316202 -613.875391 1344.001213
-3812.534800 -1030.478100 2020.915507
-2778.458841 -653.159209 1521.397277
-2631.926596 -671.088756 1499.552184
-3817.852091 -1066.577552 2229.469611
-2751.623372 -705.859561 1523.169915
-3419.635671 -877.178186 2006.800390
-3326.330343 -926.116907 1927.029164
-2875.562287 -800.606167 1665.746950
-2762.813988 -791.356524 1570.098728
-2372.102503 -606.497686 1393.842707
-3142.551664 -913.300446 1776.946706
-3877.928623 -948.185669 2042.310353
-3217.952406 -873.236967 1787.833671
-2862.520079 -777.113962 1590.673024
-3721.952873 -992.697523 2043.665200
-2535.033291 -692.331532 1342.082603
-3690.305654 -1016.305090 1958.449352
-3388.223676 -867.913554 1779.228439
-2491.603918 -665.915666 1366.309667
-2907.200582 -813.657026 1551.814485
-3460.710306 -976.493601 1949.597046
-3138.449386 -871.154678 1817.215231
-3290.038740 -914.959178 1905.917219
-3396.647706 -875.362128 1817.694162
-2881.337153 -801.064045 1668.783881
-3483.144567 -924.614021 1901.912687
-2887.141294 -802.471278 1672.923320
-3211.672708 -863.363857 1703.767864
-2711.761790 -719.989174 1479.688248
-3668.605926 -1027.041553 1959.033782
-3261.526983 -913.763279 1741.750711
-3197.263693 -924.873724 1799.563605
-3671.166486 -1028.673085 1959.629134
-2381.009723 -631.867608 1299.449199
-3464.678572 -977.492058 1951.851404
-3030.900475 -856.517098 1640.478629
-3728.132156 -902.930978 2025.132234
-3372.792299 -831.582223 1797.733347
-3471.718139 -860.421244 1907.978820
-3126.077600 -783.166131 1814.228387
-3580.963421 -928.253164 2005.405766
-3027.386261 -739.965855 1595.501600
-3660.572370 -893.734892 1929.413227
-3636.332984 -1017.898700 2070.787774
-3344.192306 -859.275259 1841.801372
-3847.642987 -947.282047 2162.558753
-3591.980071 -908.037181 2084.344209
-3588.743712 -998.438798 2034.767738
-3335.098803 -838.089005 1899.596366
-3320.731210 -809.677994 1769.664342
-2906.638694 -731.522283 1655.000408
-3475.682320 -874.304447 1979.362414
-2807.023985 -706.439073 1598.472352
-3255.255685 -949.164095 1810.472122
-3818.851474 -1066.182513 2231.869029
-3297.239292 -950.382767 1852.672695
-2949.596422 -832.751456 1595.779979
-3706.280124 -1046.515509 2005.192930
-2910.527108 -722.312258 1528.295012
-3730.002582 -1038.702536 1979.436397
-2941.315535 -804.077490 1552.289479
-2607.242729 -712.840414 1375.780798
-2789.661528 -742.725374 1536.542231
-2863.521074 -763.134034 1618.831478
-3206.676761 -816.628378 1854.422725
-3769.763712 -959.607825 2180.616927
-2924.884779 -827.631432 1664.481222
-3766.192856 -908.997950 2064.950490
-3051.751457 -736.899192 1693.118163
-3344.247662 -807.942309 1832.895929
-3042.993152 -788.580103 1597.768756
-2623.492895 -680.690642 1376.713807
-3485.990093 -986.311076 1983.403824
-2172.297684 -524.514868 1204.966166
-3739.380567 -903.358433 2072.595618
-2614.171157 -666.660592 1512.857279
-2711.908014 -704.546116 1424.104355
-3629.406666 -945.554662 1906.971980
-3016.702940 -778.473206 1721.917234
-3348.285324 -827.384050 1774.309370
-2607.604111 -640.869490 1486.922738
-2832.040068 -773.918745 1558.179797
-3360.590860 -950.160146 1913.471893
-3620.059667 -923.562716 2094.621226
-3783.420481 -937.284373 2184.942827
-3269.733367 -927.905183 1885.551316
-3244.344055 -832.892540 1782.651954
-2929.234641 -812.208745 1569.858069
-2988.435356 -748.721376 1563.527492
-2702.143111 -693.457043 1450.004839
-3527.532993 -982.155952 1872.317637
-3295.721661 -929.384212 1857.793640
-2576.833353 -737.877949 1425.356501
-3441.998541 -830.853434 1847.820260
-2485.927420 -637.512435 1368.270708
-3807.538008 -976.488601 2096.201589
-3282.057433 -838.882796 1732.412112
-2525.933330 -712.178427 1452.022008
-2602.227476 -640.130974 1463.459851
-3086.033903 -897.011546 1725.775891
-3049.383243 -713.791389 1686.330427
-3274.641014 -765.639338 1810.506316
-3000.335856 -701.225689 1658.917010
-3650.275007 -1035.972976 1972.170969
-3030.424360 -760.779190 1594.491392
-2759.816464 -671.200430 1498.334819
-3757.405450 -1071.004854 2053.265784
-3891.177404 -946.645165 2113.655251
-2868.826768 -778.687058 1664.178953
-3252.531334 -921.338282 1856.129702
-2740.564223 -743.121406 1514.921701
-2498.699073 -601.894771 1337.307092
-2850.404615 -802.688125 1519.681836
-3237.685013 -911.974956 1725.535446
-3452.678075 -869.393351 1882.482096
-3505.078351 -879.088245 1928.326088
-3572.310382 -1007.009950 1919.145164
-2994.654864 -717.161321 1715.989317
-2584.955956 -641.612373 1381.322428
-3370.622982 -855.651679 1899.971560
-2670.343025 -694.555968 1499.331910
-2558.764262 -726.412165 1434.666449
-3927.597294 -1054.105343 2178.799808
-3364.714453 -811.195793 1787.375359
-3360.393011 -955.231517 1830.836316
-3688.407675 -1042.039858 1982.376235
-3565.277942 -978.194252 2005.139588
-3800.624120 -897.297784 2141.233190
-2868.080645 -677.139822 1616.253927
-3160.121198 -867.893970 1722.841985
-3191.629000 -873.911442 1794.423282
-2667.864926 -753.218403 1432.972424
-2627.680432 -673.434529 1380.002209
-2767.699572 -712.269879 1480.024331
-3412.756224 -946.171727 1915.318770
-2680.904991 -677.328230 1475.041433
-3588.477728 -906.798021 1974.339533
-2901.396900 -818.121113 1559.653457
-2260.976338 -637.511679 1215.719718
-2898.166230 -817.273730 1558.026835
-3072.216795 -775.430360 1690.987556
-3941.413132 -1119.640908 2209.225219
-3612.523279 -990.975971 1968.197726
-2697.404977 -721.317113 1591.751797
-2695.981936 -721.080311 1591.105779
-2429.544133 -697.770723 1342.935098
-2690.569049 -689.248811 1407.508244
-2302.228592 -540.668244 1280.948450
-3826.016270 -1115.426154 2184.182964
-3149.904525 -894.520612 1717.252173
-2932.327806 -826.517167 1642.536844
-2064.310952 -560.046331 1196.936188
-2490.987901 -707.155287 1357.274865
-3344.387630 -785.207389 1860.823651
-2819.859998 -817.618991 1572.526943
-2820.866948 -710.429061 1538.162409
-2897.497601 -819.032561 1556.375835
-3926.978978 -910.291415 2157.464683
-2173.718378 -543.611807 1131.128113
-3162.568575 -909.260722 1766.409988
-3683.510717 -913.180093 1922.899152
-3014.805677 -878.445515 1722.785033
-3082.022305 -742.199673 1639.779208
-2809.125401 -797.836774 1574.010059
-3096.608471 -773.157855 1612.124591
-3588.620737 -896.322216 1868.985738
-3723.097029 -991.605887 1927.367185
-3696.942744 -1031.197649 1942.771718
-3412.577075 -988.602168 1945.836516
-2439.272004 -627.514073 1407.854519
-3601.320298 -976.657495 1974.603161
-2874.463021 -708.950282 1557.077274
-2854.279269 -774.682865 1614.082458
-3755.025777 -915.535554 2031.921819
-2497.599602 -597.223720 1333.462450
-2424.816680 -646.094641 1374.703180
-2536.731970 -648.883592 1477.394530
-2801.160099 -673.666802 1496.776354
-3464.287188 -850.856767 1821.115727
-3308.282215 -812.633124 1737.257813
-3177.752397 -848.047680 1803.098673
-3339.977679 -800.505898 1783.542751
-2871.054413 -764.961727 1627.802847
-3452.335223 -829.373682 1843.500580
-3335.918123 -949.115496 1873.914259
-3080.773706 -818.510434 1609.534395
-2537.916927 -649.304234 1477.912773
-3739.002495 -1058.734692 2102.631361
-3973.233714 -1075.365763 2163.081339
-3385.315156 -898.279766 1843.386537
-3283.404435 -819.134430 1782.248252
-3172.660221 -864.028130 1786.006204
-2619.097085 -738.994023 1481.196566
-3142.535635 -768.129801 1766.313249
-3559.770354 -908.175374 1925.459039
-2159.840769 -551.233447 1167.459020
-2489.334105 -674.766402 1330.924330
-3847.790629 -1044.233610 2022.120139
-2611.161359 -698.728850 1401.059337
-3303.284449 -917.798630 1857.608335
-3150.894755 -864.178968 1785.100482
-3746.373165 -1068.660378 2067.913212
-2708.521464 -674.423888 1469.275623
-3646.609598 -990.675213 1941.699419
-2703.375033 -673.341843 1467.058546
-2877.311755 -770.660077 1646.258890
-2818.929530 -803.504922 1555.499751
-3137.212717 -863.698057 1787.215046
-3734.212446 -1077.437681 2117.747612
-2548.582394 -640.781816 1345.392759
-2805.853189 -701.886558 1627.591374
-2581.045896 -717.989500 1436.651124
-3733.948357 -1077.564999 2118.197500
-3562.036680 -999.692524 2044.325209
-3589.613007 -942.197088 2090.514313
-3786.921666 -1053.408300 2162.160932
-3676.155983 -1045.190793 2063.480225
-2620.704744 -751.296336 1483.246165
-3583.948928 -940.165431 2013.698046
-2113.793831 -555.233701 1185.333321
-3148.151683 -825.537689 1769.493512
-2879.708959 -782.311890 1533.156604
-2177.982247 -580.683485 1150.174526
-3746.975570 -1067.868562 2067.506802
-3263.718309 -847.754395 1795.345988
-2827.941783 -767.944085 1512.683111
-2810.619574 -773.023018 1513.598709
-3463.997702 -884.194717 1873.804620
-2757.789920 -757.891369 1484.798896
-3562.963811 -1013.406069 1999.398999
-3106.324078 -793.704641 1680.550334
-2756.911750 -742.954186 1614.689458
-3555.125063 -909.293694 1922.318371
-2799.651674 -786.069192 1605.266258
-2604.501096 -707.245238 1393.535464
-3178.984173 -890.754588 1826.250686
-3535.042748 -873.081464 1991.303950
-3568.432717 -979.528722 1920.896489
-2617.872969 -709.930885 1398.693682
-3653.144400 -1066.106789 2070.053157
-3588.700003 -978.819427 2019.595758
-3041.929335 -818.566217 1614.991632
-3546.515915 -881.006844 1915.298311
-3855.354161 -1111.932153 2139.102297
-2512.189542 -664.425152 1439.464763
-2606.440959 -701.719288 1383.124210
-2316.252138 -567.059915 1251.807752
-3884.131618 -983.066597 2042.056956
-2934.108767 -742.198868 1542.656050
-2835.684853 -799.820113 1581.471395
-3624.322987 -983.155573 1933.121521
-2394.508098 -606.608800 1383.331183
-3683.270326 -967.393199 2001.905805
-3629.612266 -944.962270 2081.805220
-2986.329908 -837.520089 1700.692182
-3543.450659 -999.672921 2001.613531
-3374.077558 -849.439186 1793.787500
-3550.161597 -1032.474651 1987.663243
-3131.866382 -882.989666 1768.644631
-3727.092800 -892.004703 2038.533777
-2907.021751 -751.183290 1651.145296
-2869.799402 -784.566342 1603.689388
-2946.206119 -853.538702 1687.376033
-3476.605682 -1007.186475 1990.802545
-2030.814501 -528.381589 1172.051455
-3067.795657 -797.636849 1687.001519
-2698.136666 -767.548342 1513.994899
-2372.761390 -601.363809 1368.965424
-2824.854816 -715.083968 1630.130445
-2891.243751 -779.059622 1532.994460
-3049.539936 -882.033912 1714.014886
-2801.284945 -767.206376 1577.270745
-3837.142480 -974.643996 1998.661490
-2737.556168 -681.947981 1521.455613
-2874.108058 -730.769492 1498.200403
-3767.854789 -975.838835 2157.201163
-3351.905415 -891.930509 1892.893900
-2709.887540 -689.090328 1414.778702
-2997.401633 -711.719900 1598.256973
-2724.678583 -759.435112 1441.598926
-3142.180729 -799.113259 1639.893281
-3311.281029 -907.916526 1741.915954
-3717.141773 -945.699456 1939.317716
-2903.552856 -796.781165 1528.359141
-3339.131463 -791.848188 1779.841198
-3413.059707 -865.826206 1786.544214
-3117.215346 -853.132958 1639.243281
-3475.643171 -824.726514 1852.771954
-2743.167919 -732.467740 1427.391331
-3088.846599 -823.422597 1607.995889
-3752.054837 -1040.923359 2110.826980
-2931.827698 -757.734380 1534.490471
-2908.278981 -739.000557 1550.772866
-3786.167935 -1113.125896 2102.445287
-2947.216359 -801.822261 1606.805241
-2736.747870 -671.706984 1539.628115
-3641.479467 -1072.275238 2020.529935
-3208.267915 -943.729841 1781.063225
-3141.524282 -767.444499 1765.307174
-3793.531003 -931.117450 2133.977457
-3143.605400 -768.026700 1766.968599
-3802.450088 -975.222404 2062.680137
-3218.191908 -831.110633 1684.672566
-3672.128868 -1061.638965 2060.136355
-2488.598019 -675.079200 1356.371156
-2914.477780 -842.576609 1634.978709
-3100.259455 -847.637714 1632.364063
-2292.705895 -575.278473 1272.854673
-2437.300384 -606.413588 1353.495929
-3822.584669 -1115.503007 2077.393003
-2819.446996 -805.518878 1497.729113
-3984.524557 -1135.477671 2114.994079
-2997.262322 -853.489463 1590.084035
-3915.317038 -1112.198215 2076.203290
-3137.925501 -832.883892 1766.543680
-3257.321934 -864.143041 1832.736619
-3477.606745 -989.337904 1844.671386
-3616.971672 -1025.049612 1912.494106
-3964.786168 -1127.537578 2100.173190
-2796.042743 -741.362516 1572.829152
-2630.447918 -720.122704 1383.889069
-2790.357265 -791.952476 1478.375098
-2866.319879 -730.326979 1491.518363
-3795.319796 -965.407481 1977.061329
-3795.211706 -965.243082 1976.678220
-3189.289373 -914.837091 1806.229776
-2445.415056 -702.324189 1303.828459
-3274.053341 -937.282234 1741.811260
-3063.509048 -877.488648 1630.320128
-3636.969496 -964.455838 2042.446839
-3108.724347 -795.716648 1681.378613
-3788.840515 -976.899879 2106.771243
-3265.497563 -841.921329 1816.427918
-2843.352693 -751.336088 1477.334216
-2725.268545 -787.109634 1529.452024
-3500.743663 -1010.526755 1964.502841
-2324.820903 -671.081142 1305.000082
-2819.850488 -819.273800 1548.391817
-3452.112159 -890.672632 1807.010406
-2388.215073 -590.509177 1324.703537
-3620.103421 -1021.308277 1909.393246
-3164.670967 -874.491938 1790.747591
-3359.659383 -873.333144 1968.517037
-2714.917553 -689.292567 1415.119545
-2352.723904 -597.931617 1231.182554
-3607.740733 -955.326080 2032.561278
-2916.481953 -830.115462 1640.457452
-2444.887532 -583.895461 1337.673104
-3228.064591 -774.575827 1725.591765
-3619.300048 -992.568301 1896.134441
-3311.328449 -969.479839 1807.043954
-3223.743915 -791.848944 1836.868629
-2026.790746 -588.154250 1094.406356
-3214.205074 -919.963908 1755.176207
-3202.125206 -821.706488 1788.686780
-3143.661622 -762.957909 1800.406255
-3582.639546 -1043.677523 1959.931787
-3439.530462 -833.349499 1902.788555
-3104.832487 -807.269333 1684.342600
-3210.437933 -894.939232 1814.865120
-3944.720985 -971.755448 2272.009340
-2760.092464 -659.529354 1524.999217
-3676.671553 -991.067648 2072.381815
-3031.588038 -843.254463 1663.015183
-2791.777977 -681.035128 1509.041254
-3542.380903 -988.492964 2003.202977
-2506.593660 -681.710608 1331.706686
-3485.992681 -850.534363 1885.194571
-3667.947348 -929.581863 2097.791460
-2825.613262 -669.222419 1543.295632
-3329.332666 -807.223249 1895.118964
-3213.634857 -790.803663 1850.315941
-3680.011692 -868.067952 2074.202804
-2812.090074 -691.445188 1600.239271
-2658.326750 -653.668485 1512.668410
-3464.356503 -882.850745 1872.476817
-2902.910515 -757.807787 1522.495278
-3170.412861 -770.045921 1816.529915
-2503.549776 -644.284038 1355.434157
-3369.878395 -867.218124 1823.950855
-2883.157774 -703.496897 1560.431743
-3747.706082 -966.723375 1960.884541
-3560.437828 -867.708990 1928.261836
-3580.618021 -871.373891 1877.233005
-3910.953915 -1136.512633 2222.831933
-3901.909137 -1051.382707 2160.877281
-3214.157509 -807.842199 1782.499855
-3221.529768 -809.908471 1786.046970
-3200.906780 -900.220625 1748.537086
-2867.934505 -738.249177 1498.247505
-3941.674227 -1016.053131 2059.631740
-2688.195247 -692.285473 1405.162438
-2363.265950 -603.385000 1359.841694
-3666.222767 -1076.645665 2086.270111
-2499.339247 -700.151967 1417.791038
-3144.257152 -921.384528 1792.717464
-3024.080746 -885.686575 1724.525118
-2889.334263 -749.778463 1564.454577
-3231.481273 -813.788679 1683.679010
-2891.872085 -720.156262 1510.675554
-3698.568964 -894.894665 1945.791581
-2973.233494 -863.986802 1694.905921
-2657.932631 -642.980562 1396.732221
-3147.187485 -912.629531 1794.335005
-3921.342270 -961.865812 2048.847436
-3897.025588 -1090.064678 2044.210535
-2949.316910 -722.306968 1541.000584
-3448.535419 -966.552814 1813.460454
-2864.727373 -802.609166 1506.592944
-3055.449325 -855.467220 1604.625655
-3510.191933 -924.157685 1821.568435
-2323.216270 -610.526160 1205.436512
-3419.738767 -898.100642 1776.113022
-2847.776159 -826.714532 1540.660335
-3332.917692 -874.894520 1730.455872
-2303.627974 -603.803405 1196.601732
-3104.241258 -900.297041 1679.353440
-2727.249529 -716.198826 1415.469571
-3951.633238 -1037.036917 2051.722589
-3103.947681 -829.232065 1614.423117
-3911.669794 -1033.048857 2029.307614
-3480.327626 -831.878575 1851.141035
-2261.647403 -622.269928 1187.521520
-3854.277540 -1022.989833 2171.509542
-3014.204984 -815.782441 1571.056333
-3115.957009 -830.970455 1754.123117
-2967.410378 -789.195046 1542.081690
-3684.475520 -979.898179 1913.351367
-3903.676212 -1037.306123 2025.757672
-3190.278927 -842.939362 1655.381124
-2962.512616 -795.051874 1540.328584
-3939.002554 -1051.402866 2046.305519
-3425.161886 -940.375350 1803.485759
-3583.914517 -850.180242 1908.344428
-2913.738427 -784.431305 1644.411944
-3576.138564 -927.273815 2039.352911
-2498.242188 -673.636799 1408.432386
-3280.023988 -794.437432 1813.893580
-3267.334948 -888.458933 1869.865063
-2582.368950 -741.447703 1424.861112
-2775.516554 -742.424147 1564.387227
-3979.288235 -1055.479980 2062.636400
-2202.643615 -595.409127 1146.152116
-3714.168178 -1081.777728 2008.923308
-2943.069175 -780.688007 1525.306622
-2968.871573 -709.557464 1579.708993
-2261.970133 -603.556268 1173.751287
-3017.259779 -803.738039 1565.047921
-3738.562375 -995.193203 1939.191436
-2776.370404 -741.302170 1561.037465
-2682.044853 -739.605572 1517.462121
-3604.404925 -959.074524 2022.389594
-3152.482019 -925.527199 1770.889198
-3243.673857 -865.830129 1823.575799
-2433.885740 -650.835092 1372.457358
-2498.766784 -604.809083 1384.185701
-3100.277732 -763.093903 1614.574816
-3049.469969 -750.002068 1588.714069
-2823.056928 -740.892901 1462.225260
-2566.768759 -708.007216 1347.309626
-3822.069023 -922.547650 2031.112217
-2937.356150 -809.562629 1541.753503
-2681.652673 -639.088012 1420.915804
-3030.842718 -716.852492 1612.237804
-3046.673849 -749.166479 1587.275779
-2994.057284 -716.324654 1713.418173
-2617.786528 -682.697816 1354.343578
-3192.875024 -844.521349 1658.246435
-3992.795644 -1100.412504 2094.930364
-2620.514921 -682.752761 1357.510136
-3190.599597 -841.603288 1657.277036
-3360.696834 -808.063795 1783.975053
-3041.409424 -818.704786 1713.617903
-2273.962173 -652.449783 1253.246371
-3256.781367 -783.218372 1729.002357
-3344.474373 -900.934894 1881.298351
-2594.798865 -694.466627 1462.896927
-2932.900618 -785.581652 1652.960108
-2926.911618 -784.100934 1648.701848
-3982.929865 -1067.782481 2063.608565
-3760.936746 -1005.539779 1949.750986
-2918.120582 -781.111971 1513.324418
-2486.480333 -663.510507 1288.977138
-3293.517450 -887.258741 1709.024718
-2448.263264 -579.202218 1301.264460
-2484.588743 -633.910072 1296.747039
-2314.263668 -623.069998 1201.356123
-2756.812606 -800.945815 1491.000606
-3178.507164 -849.022182 1648.670912
-3566.752775 -843.730451 1895.607612
-4028.818013 -957.239004 2134.052194
-2888.135198 -758.410400 1493.655641
-2529.012444 -734.633157 1367.916186
-2795.674109 -745.505026 1449.259834
-2786.662737 -723.473232 1506.477268
-3357.771665 -938.481127 1761.918917
-2128.290204 -568.636728 1198.251694
-3346.110123 -800.023368 1780.632436
-2482.085391 -662.729501 1397.792932
-2482.158702 -669.209085 1291.312902
-3264.005242 -927.303314 1828.208751
-2888.631571 -769.158072 1496.741033
-3723.441304 -945.844071 1935.339632
-3072.573780 -754.208447 1602.050851
-3038.928973 -746.847198 1586.133610
-3622.269188 -919.903522 1882.358133
-3484.792573 -927.081303 1803.504476
-2944.812210 -783.879494 1525.442875
-3704.274019 -994.280530 1919.931410
-3020.971751 -859.048216 1606.968297
-2730.527073 -775.540153 1451.369405
-2671.248781 -654.243311 1540.976886
-3725.390264 -972.326036 1958.854804
-2563.730813 -691.024304 1469.784284
-3928.344286 -987.610158 2072.576192
-3561.785919 -877.989893 1888.470904
-3561.350608 -877.810732 1888.096129
-3228.842332 -880.987727 1708.067280
-3374.867422 -814.603723 1804.336881
-3228.966375 -803.873876 1713.209537
-2680.096893 -661.291300 1419.484150
-3118.931453 -864.777002 1790.027764
-2797.087644 -712.645950 1593.214359
-2620.215969 -683.646472 1377.372462
-2871.293071 -779.637973 1648.937778
-3165.639660 -788.840053 1680.690471
-3802.849202 -969.165944 2164.821310
-3778.683528 -932.652537 1978.942271
-3363.366929 -861.211749 1847.830720
-2562.628678 -639.951916 1463.799683
-3864.432665 -968.811668 2105.234516
-3897.770782 -1012.333301 2248.990757
-3709.640853 -949.163391 2036.771089
-2983.590196 -764.056035 1639.225890
-3301.154764 -852.628797 1836.756311
-2792.639685 -720.217758 1514.375575
-3957.418812 -1068.972142 2097.757724
-2992.260722 -831.232747 1666.299006
-3279.309704 -861.629746 1937.655357
-3010.230394 -838.089364 1598.637934
-2535.048065 -724.151175 1401.810719
-2476.199117 -707.458929 1369.038024
-2864.331083 -818.068685 1583.879388
-2669.190342 -767.802577 1541.658145
-3121.093951 -784.181236 1647.345077
-3085.888264 -777.505429 1798.558030
-3965.044367 -1043.087365 2186.012478
-2266.356040 -567.540099 1306.697181
-3616.630664 -1021.609920 1956.584302
-2574.951348 -727.088049 1359.428322
-2583.137528 -726.581846 1362.201670
-3984.735482 -1120.943302 2101.270021
-2580.034437 -725.660488 1360.600517
-2392.824202 -608.287958 1382.921304
-2392.719634 -620.581140 1253.288935
-2447.667242 -651.776999 1379.213443
-2485.919622 -660.619922 1401.454810
-3048.852044 -791.043440 1597.109237
-3261.503898 -869.393765 1838.575228
-2544.285949 -698.283571 1335.469981
-3185.509282 -769.145926 1762.663493
-2742.843485 -679.733117 1547.830086
-3220.715436 -929.852520 1745.803636
-3572.074392 -863.352549 1978.542606
-3331.680056 -804.254889 1844.243981
-3099.435810 -804.115248 1625.310514
-2892.547752 -735.447939 1672.750594
-2971.672266 -858.726167 1612.494548
-3424.154158 -827.080120 1895.185207
-3471.990097 -838.329782 1865.241031
-3291.700640 -917.478023 1923.291748
-3434.712698 -998.946042 1860.983192
-3620.201006 -921.688184 1883.489098
-2550.413344 -641.717594 1391.838928
-3701.217753 -1027.533872 2001.959581
-3292.249657 -963.060565 1849.321210
-2209.748627 -638.479787 1198.910626
-3381.390860 -956.296921 1785.658754
-3118.869607 -828.039376 1753.613686
-3739.755952 -1027.014678 1955.864165
-2970.578364 -800.120345 1547.432520
-2668.169944 -719.547003 1388.927090
-3017.072675 -815.099769 1571.582786
-2524.079522 -647.263105 1389.999459
-3300.624032 -814.592657 1830.567924
-3543.489916 -855.179662 1903.172382
-2542.309788 -679.665362 1472.291116
-2999.456970 -764.509298 1564.754195
-3106.075862 -829.566455 1620.592142
-3564.151850 -953.378834 1860.438227
-3564.360232 -953.496389 1860.454207
-3427.008934 -828.389207 1896.465651
-3594.646437 -913.344584 2070.663812
-3485.916581 -847.575725 1828.078675
-2511.589497 -706.728099 1405.765281
-3753.675604 -1057.199117 2101.789389
-3273.449398 -953.907708 1774.651153
-2591.699194 -726.301611 1361.867472
-3262.908774 -866.466861 1839.525502
-3511.536048 -925.054736 1820.427908
-3747.299590 -954.467783 1947.883915
-3749.475754 -954.937060 1948.930443
-3543.877704 -886.286248 1842.727926
-3323.856139 -848.234127 1732.502512
-2748.455085 -784.831901 1540.468581
-2462.168831 -664.877160 1281.421456
-3238.113131 -807.548953 1688.009815
-3741.830550 -997.225380 2087.230254
-3222.864534 -807.132395 1780.868919
-2802.398806 -772.970250 1480.552373
-3435.428650 -870.922277 1816.537200
-2604.989435 -706.768746 1394.930523
-3645.291501 -906.755269 2079.485724
-3294.769359 -819.365932 1879.276102
-3579.554844 -976.250577 2003.089267
-3558.385314 -962.866504 2040.964710
-2747.973657 -794.762599 1512.293267
-3101.065320 -835.633697 1625.465873
-1924.666147 -542.303816 1100.442606
-3483.338407 -935.506444 1893.170268
-3655.232355 -981.863669 1986.824571
-3702.176628 -1043.127185 2116.368756
-2747.223655 -740.902139 1485.426608
-3473.513990 -948.545688 1950.083419
-3433.574029 -877.002875 1801.751813
-2938.134881 -819.430560 1659.422608
-2943.754116 -772.706795 1705.242498
-3546.311920 -962.606725 1968.302334
-2830.849650 -780.495257 1619.272330
-3134.246479 -864.294109 1792.325939
-2798.175844 -715.271993 1469.694204
-3468.460806 -922.082096 2039.680685
-3727.037637 -943.007136 2035.840952
-2473.995779 -626.921591 1350.875784
-2626.072784 -737.549147 1504.733163
-3140.089052 -797.198406 1718.583965
-2977.665989 -787.497856 1714.741657
-3327.383237 -938.927593 1842.169435
-3548.482780 -844.654257 1929.257030
-3741.835773 -914.135078 1995.631736
-2814.354010 -746.270463 1620.914217
-3175.820502 -784.617740 1756.935781
-2813.347882 -745.779470 1620.377172
-2613.158998 -707.972770 1402.214242
-2312.624903 -626.568408 1241.241005
-3545.265076 -968.254464 1946.879355
-3030.006631 -863.067236 1619.289368
-2860.157133 -795.268984 1596.308504
-2662.942502 -756.897847 1508.052899
-3194.503756 -834.485234 1746.417141
-3372.852967 -881.386174 1843.911707
-3202.181199 -908.194223 1861.406534
-3577.655970 -923.588839 1928.238154
-2678.589093 -691.079449 1432.663034
-3206.614714 -756.430616 1759.928392
-2653.429815 -709.597799 1469.038839
-2890.035928 -798.325278 1557.268359
-2943.613063 -792.246953 1701.321725
-3174.808841 -750.272506 1761.507170
-3111.322974 -735.344182 1726.276814
-3101.330874 -884.862741 1696.179372
-2914.461105 -780.352408 1605.704202
-2688.681520 -663.433758 1488.770165
-2528.997409 -645.585312 1473.560851
-3327.789937 -865.285039 1880.078703
-2901.879689 -739.704221 1690.477173
-2461.492660 -684.267517 1373.304837
-3016.814088 -708.148963 1649.664261
-2688.920940 -770.542505 1507.531874
-2903.043270 -740.060480 1691.001772
-2602.673181 -684.972097 1416.638653
-2655.098804 -752.527637 1508.979428
-3497.836900 -977.867693 1983.758826
-3757.452506 -965.068364 2177.883700
-3828.942040 -932.651914 2028.463600
-2979.126258 -766.215695 1725.418619
-3799.137593 -928.401276 2036.113938
-2799.809627 -691.646935 1621.999888
-2499.016871 -652.614970 1411.200705
-3125.087205 -806.913091 1797.308110
-2868.247346 -727.781777 1518.958748
-2443.969395 -620.124996 1293.852992
-2983.094297 -759.661140 1694.452481
-2510.485702 -612.133029 1355.093286
-2409.977232 -621.899697 1384.611434
-2844.786373 -753.036544 1625.049215
-2879.247767 -771.679337 1683.384514
-3490.900100 -872.379892 1931.116114
-2906.805564 -739.352535 1651.301859
-3339.410549 -896.052240 1889.475117
-3124.488833 -813.128171 1628.314606
-3457.992214 -979.887387 1966.666334
-3763.057294 -928.822232 2082.551761
-2436.663280 -633.456733 1381.486623
-2647.923869 -701.336338 1525.475965
-2443.416164 -602.822328 1351.369289
-2520.915407 -600.222659 1416.929361
-2501.235231 -595.302902 1360.501502
-2654.423373 -677.935313 1555.340567
-2540.167565 -605.064366 1427.237088
-3488.392607 -825.590456 1948.189846
-2793.025027 -655.854841 1527.871216
-3209.360341 -759.510479 1792.263971
-3686.239452 -873.094139 2057.629389
-2664.530051 -694.220721 1509.695445
-3548.573617 -832.165234 1941.121896
-2519.622305 -590.466222 1411.340828
-2945.184590 -690.961370 1610.834383
-3406.646688 -805.535666 1901.105752
-3464.302663 -888.941624 2009.550272
-2725.490720 -686.865525 1569.110279
-3280.059120 -771.866809 1843.822635
-3279.117976 -770.885769 1842.849671
-3140.572585 -813.406327 1807.462078
-3148.041514 -815.109863 1810.972125
-2830.751172 -716.014522 1659.765635
-3948.618472 -1035.369111 2139.568950
-2615.936831 -661.199119 1532.862241
-3757.975790 -960.912592 2195.575524
-3154.792934 -920.355336 1781.423841
-2868.562674 -811.839129 1641.819453
-2911.185175 -820.632100 1662.942955
-3508.493174 -989.919043 2004.337651
-3459.936225 -858.795611 1865.094702
-3299.622800 -824.420262 1869.138826
-2444.144494 -610.459842 1383.998604
-2995.622229 -733.072536 1606.705581
-3000.338112 -749.863345 1699.893468
-3586.855505 -1010.911677 2047.937314
-3414.018733 -917.815893 1962.614181
-3837.973829 -1068.024340 2096.979059
-3452.059937 -913.995278 1986.446895
-2799.764933 -789.199937 1598.339509
-2362.835118 -681.897137 1301.221076
-3612.258792 -938.495271 2047.113432
-2496.457489 -666.981989 1380.781748
-2775.218543 -780.589124 1626.744653
-3269.726205 -920.010236 1916.936292
-2462.369343 -628.395944 1438.942513
-3338.899530 -930.270777 1899.226123
-2863.635121 -796.354971 1565.186126
-3788.518437 -951.727298 2006.582853
-3587.372729 -1019.180616 1926.809098
-3426.439756 -892.762609 1864.040760
-3800.175346 -1015.232793 2165.819775
-2379.570743 -635.191339 1356.145471
-3333.639615 -837.426086 1764.722747
-2827.403170 -669.143453 1577.097691
-2381.461668 -635.768220 1357.119816
-2469.339899 -629.819517 1442.418885
-3864.105093 -919.428781 2179.387662
-3179.943995 -849.375562 1813.291737
-3858.044988 -993.837483 2129.129088
-2466.175154 -663.982111 1433.903266
-2952.421548 -803.109281 1650.691234
-3548.584963 -835.686085 1937.182392
-2581.163888 -663.937844 1387.153229
-3686.929841 -1044.043895 2014.118912
-3761.408924 -995.731397 1956.593190
-3149.276335 -829.796898 1811.973099
-3599.980915 -1041.019098 1981.151572
-2833.865619 -751.670420 1474.033831
-3472.063936 -948.328867 1950.916769
-2384.667767 -561.616823 1302.016960
-2086.657558 -544.481048 1133.867575
-3125.294079 -895.224440 1695.690733
-3588.767992 -888.458578 2075.515497
-3301.265989 -858.258333 1866.028142
-3315.196674 -855.875305 1909.092671
-2323.544756 -647.253344 1231.977280
-3881.674843 -1002.522023 2207.595684
-3527.446800 -892.932332 1928.958055
-3289.083018 -922.952782 1832.399762
-2666.316223 -677.693066 1481.433090
-3273.970451 -829.103882 1791.390575
-3528.047169 -893.085908 1929.321809
-2969.019430 -766.819412 1688.133122
-3152.113517 -921.279424 1727.452917
-3625.036686 -970.499257 2120.680901
-3048.261421 -840.039440 1704.974520
-2937.745461 -809.601091 1643.633871
-2801.902248 -649.862584 1548.429953
-3492.682787 -957.161678 1895.948478
-2930.083354 -847.492878 1615.143807
-2850.167154 -666.004676 1598.790476
-3585.705844 -984.067319 2005.030417
-3729.744621 -1070.411073 2022.333486
-3825.046336 -1088.989217 2143.923309
-2388.571072 -594.537877 1385.476178
-3819.218540 -967.316660 2172.136077
-2811.704007 -812.589288 1572.580207
-2333.040033 -674.797526 1285.618210
-2975.479725 -860.891750 1662.710291
-2814.694664 -756.633333 1498.416326
-3481.345080 -961.764938 1888.265026
-2274.313686 -592.053708 1294.353279
-2784.100955 -724.209852 1511.328225
-2903.720198 -826.481977 1643.586015
-3121.975281 -888.684001 1767.576510
-3375.801430 -819.490771 1849.402617
-3873.550242 -910.459736 2167.786470
-3589.162106 -843.804465 2009.362886
-3391.229238 -797.039087 1898.403120
-3166.624484 -872.554065 1727.720127
-2485.931897 -649.622675 1405.092170
-3323.479871 -821.477402 1738.214028
-2657.621764 -733.844748 1403.583515
-3309.700191 -822.956872 1753.561370
-3062.225565 -871.739713 1743.403686
-2416.995453 -630.016778 1375.470831
-3252.773550 -869.789712 1789.686598
-2498.195199 -596.487663 1351.087750
-3164.511001 -858.190647 1786.883522
-3305.101597 -799.106205 1739.436462
-3926.263776 -908.032841 2130.247666
-3205.217397 -746.119684 1801.590667
-3169.941353 -732.382716 1718.416489
-2899.826923 -668.214683 1574.859965
-3873.727073 -897.140823 2089.660140
-2952.086209 -682.402830 1601.019376
-3787.570926 -883.376567 2026.598249
-3407.539147 -787.550119 1845.744367
-3047.463422 -702.343926 1654.348979
-3537.138470 -828.190522 1891.588609
-3403.840521 -790.085759 1840.059551
-3418.962803 -794.892998 1847.106380
-2756.500271 -638.163141 1485.116255
-3204.320642 -743.294726 1726.925171
-3726.130070 -860.950051 2015.675722
-3510.807159 -813.791672 1890.447845
-2692.493803 -622.670909 1456.308729
-3500.499958 -844.265554 1841.822933
-2565.206294 -594.045469 1388.583029
-3438.860211 -795.085049 1861.625773
-3538.413436 -853.075655 1863.108915
-3345.620331 -773.431079 1809.797167
-2985.706914 -716.707655 1574.281945
-3420.014035 -793.850585 1848.294019
-3163.482657 -769.931407 1661.126010
-3233.512306 -751.256856 1741.356065
-3448.613269 -810.716963 1839.296792
-3736.779056 -878.660646 1990.835456
-3924.176065 -958.286838 2056.496688
-2884.961774 -769.735598 1596.586840
-2931.103839 -681.273279 1576.973127
-3921.303210 -921.577216 2089.425910
-3059.091405 -718.896822 1629.857889
-2691.711861 -629.898773 1441.678087
-3433.361531 -798.683208 1846.186850
-3155.945691 -740.035894 1682.948118
-2507.071648 -586.919868 1342.168852
-3576.655842 -840.462960 1907.771540
-3118.040944 -725.657682 1675.590573
-3155.793164 -740.150930 1682.894509
-3163.466492 -769.973550 1661.475888
-2867.568593 -675.908776 1526.846385
-3125.218176 -727.578927 1682.960771
-2895.674028 -681.642029 1542.546063
-2926.821174 -682.083719 1572.725614
-3946.780426 -919.482060 2119.481236
-3828.785496 -899.182458 2042.188925
-3081.399147 -896.963189 1686.749186
-3478.867950 -981.666137 2026.128424
-2834.733312 -760.586019 1571.806907
-3572.544790 -1007.916762 2081.543679
-3557.141817 -1017.833320 1930.809941
-3752.370440 -946.000919 2067.566651
-2794.818499 -653.139909 1565.583326
-2490.075089 -665.564386 1372.813088
-2753.326560 -643.534239 1472.159701
-2802.321862 -721.622591 1461.944959
-3459.364919 -887.708628 1804.040338
-2920.792098 -681.646217 1571.332525
-2734.104568 -639.362697 1461.600629
-3187.451452 -820.401403 1663.139425
-3768.484123 -967.305102 1965.507763
-3056.778464 -783.769408 1594.443692
-2927.007884 -681.703583 1573.311657
-2863.724051 -670.237953 1531.966825
-3517.076824 -821.403611 1881.671789
-2870.568679 -767.642625 1580.137002
-3595.087548 -964.995826 2021.068685
-3736.382712 -1063.331567 2127.452483
-3125.921021 -745.813385 1783.472045
-3865.289852 -912.237436 2204.405486
-2868.670820 -766.922988 1580.428763
-3322.117104 -888.606495 1829.862989
-3289.032571 -945.774074 1848.571815
-3140.090006 -886.457466 1691.249065
-3297.356909 -910.645845 1742.024669
-2944.965254 -719.770071 1579.524464
-2582.520840 -641.537114 1390.655942
-3821.140804 -974.606193 2242.781751
-2817.492129 -727.746890 1624.347590
-2925.159514 -785.777387 1652.444045
-3985.134011 -982.220077 2085.753683
-2948.050913 -725.654735 1543.951884
-3500.803213 -861.678774 1831.056393
-3645.543559 -1049.620333 2020.589916
-3575.581592 -1029.336517 1981.671755
-2655.090841 -675.558861 1474.859589
-3196.572323 -926.833210 1819.868142
-2732.951876 -637.201159 1510.073874
-2310.986563 -588.228011 1249.382427
-3768.328159 -1032.723566 2105.510633
-2867.902713 -689.114254 1514.702526
-3166.036523 -767.174827 1659.012183
-3221.827085 -745.890204 1724.685677
-2801.714383 -645.892026 1546.654533
-3740.899723 -869.510460 2067.789554
-2750.034593 -638.206373 1475.396499
-2800.607949 -650.253449 1547.937231
-2734.069838 -657.868281 1433.689409
-3222.110303 -748.216822 1721.503435
-2959.422156 -687.531506 1583.091020
-3070.628359 -716.903320 1638.497927
-2960.405791 -688.059952 1583.517031
-2245.677784 -521.944958 1200.163959
-2989.194126 -695.635769 1595.442229
-3349.874106 -779.660122 1792.299170
-3578.318437 -833.736831 1915.239231
-2944.512889 -714.098230 1542.492475
-2659.429456 -621.898968 1413.969594
-3825.661339 -885.796990 2070.332807
-3681.072486 -893.960490 1926.735256
-3727.379490 -895.634195 1955.671636
-3788.936874 -887.772532 2015.885743
-3360.905297 -778.908498 1800.291794
-2771.733502 -646.551721 1478.824282
-3573.936159 -870.117534 1869.841348
-3066.710728 -717.938900 1628.402647
-4023.599691 -933.149956 2157.708074
-2397.401217 -562.288631 1276.947881
-3301.599837 -798.106358 1730.574056
-2879.503270 -701.703812 1506.122638
-2949.281357 -686.381976 1581.380013
-3977.895281 -981.175135 2075.833820
-3799.132098 -915.846291 1992.178754
-3495.224056 -909.450099 1999.712683
-3142.382890 -902.263660 1704.070828
-3585.107079 -1029.923203 1944.835118
-3698.398414 -1065.762188 2080.438995
-3451.236384 -801.369539 1849.445438
-2601.438048 -604.032803 1393.725050
-2549.106989 -653.500749 1324.973285
-2804.730065 -678.118948 1472.362620
-2959.559106 -737.469814 1552.332054
-3410.812455 -943.671681 1792.449634
-2484.718762 -643.594495 1292.465140
-3964.015830 -1025.947992 2061.002870
-3461.655079 -896.579830 1800.485587
-3307.822154 -800.206475 1735.352912
-3283.736548 -908.352199 1725.542684
-3408.929095 -943.132692 1791.504977
-2448.079708 -572.692911 1345.063200
-2586.097357 -745.940819 1432.650396
-2540.013530 -647.206914 1490.490926
-3118.548813 -834.136208 1739.511138
-3010.718084 -774.050438 1615.907704
-2625.993817 -674.409888 1502.566443
-3733.200029 -958.620346 2137.420721
-3465.136277 -872.168903 1844.945375
-3199.359592 -776.804222 1779.524673
-3207.724991 -906.905691 1808.150623
-3197.841686 -775.705054 1778.691483
-3802.893598 -908.031060 2151.783051
-2474.887183 -632.280393 1440.905981
-2875.835344 -780.833907 1652.424210
-2931.145565 -702.259137 1681.866313
-2667.537618 -648.938514 1465.739685
-3001.252886 -782.528948 1698.885921
-3110.243975 -753.844336 1800.210281
-2672.616076 -647.556063 1546.770214
-3080.383591 -884.243176 1768.453796
-2964.239776 -820.809699 1629.150576
-3401.169446 -827.958472 1836.981991
-2984.037190 -768.740832 1738.786227
-2770.005091 -716.294946 1513.971408
-3755.745180 -927.469101 2190.640526
-2934.928026 -818.291747 1652.890544
-2859.676996 -796.722735 1610.011322
-3329.610223 -783.959696 1871.239156
-3878.346730 -913.838316 2176.961157
-2752.896582 -802.841283 1558.044114
-2468.911788 -623.585498 1365.894079
-2465.388678 -622.822061 1363.809677
-3594.784690 -960.993888 1971.246096
-2729.343036 -781.273593 1531.164075
-3744.123144 -959.235735 2038.203547
-3717.045664 -952.297038 1968.132961
-2601.533697 -676.434562 1472.235430
-2832.055162 -736.879153 1604.018845
-2651.552008 -683.910567 1563.848752
-2911.927450 -819.166873 1708.548058
-2833.303088 -737.200003 1604.673407
-2571.182063 -635.958885 1500.149591
-2898.149352 -722.367215 1679.682764
-2529.182235 -706.666854 1484.895642
-3845.441310 -938.206042 2050.923178
-3557.041928 -1035.635120 2012.245405
-2806.005926 -749.731103 1587.257206
-2996.442951 -820.102501 1581.272498
-3155.797317 -863.886108 1665.747533
-3539.462445 -970.065790 1865.956134
-3515.153508 -962.287851 1853.701772
-3385.407375 -865.628776 1804.446720
-3438.866779 -894.124419 1965.552255
-3779.433161 -1081.355332 2119.382560
-3192.739741 -901.947621 1820.555389
-2585.067304 -725.314042 1442.207876
-2752.425987 -777.706903 1568.813220
-3141.143928 -888.039981 1789.538995
-3197.374383 -903.019442 1822.356519
-3465.598531 -852.814148 2019.132017
-3152.949048 -891.339002 1797.087754
-2510.115468 -704.774615 1399.973206
-3682.408996 -896.548201 2043.885799
-3133.397131 -800.041735 1835.489489
-3666.732257 -911.955612 2021.179208
-2771.614220 -739.612336 1537.336373
-2355.897300 -611.958546 1225.112903
-3777.674653 -1080.526681 2118.263162
-2397.416481 -604.999265 1381.913211
-3646.339723 -914.261795 2124.094234
-2877.521117 -720.490291 1674.993494
-3285.182960 -821.096482 1729.598571
-2851.234139 -714.880386 1660.483727
-2804.215318 -689.695626 1633.617602
-3572.253044 -926.445410 1857.389788
-2916.342841 -779.117462 1626.640741
-3208.065518 -933.507808 1815.177884
-3932.872495 -932.114293 2267.035646
-3509.159829 -808.013188 1944.270694
-3695.374216 -850.766574 2047.358979
-3509.795946 -808.208630 1944.430267
-3586.811718 -1022.942048 1959.338202
-3730.318834 -876.279365 2073.616864
-2720.987645 -769.389166 1532.952129
-3252.236965 -868.548085 1788.831435
-2893.064691 -808.337303 1673.400782
-3674.539294 -919.420041 2025.897785
-2860.818641 -675.635826 1613.831811
-3391.236135 -823.268069 1859.721071
-2867.752095 -719.521498 1509.672627
-3767.954734 -916.534768 2092.559464
-2773.601093 -639.272712 1502.025535
-3304.919878 -798.389889 1741.717619
-3814.456264 -876.756416 2116.467894
-3489.716704 -804.001782 1893.384013
-3868.840558 -905.021656 2179.457374
-3946.396135 -944.846220 2087.315271
-2919.696505 -698.517377 1541.683803
-3640.270366 -876.353387 1916.575653
-3751.650202 -865.164028 2028.170015
-2894.162550 -693.918103 1526.105631
-3434.484036 -790.531436 1860.251510
-3887.169397 -898.608105 2097.238079
-2890.792396 -698.106657 1523.599234
-2544.375776 -608.289887 1345.642431
-2891.548478 -670.070378 1571.747117
-3570.901523 -827.887988 2003.231528
-2831.094773 -662.312702 1596.009197
-2742.671233 -634.244877 1490.563487
-3611.377176 -832.778396 2009.259967
-2832.643608 -662.726897 1596.827853
-3852.267016 -899.951809 2156.489002
-3026.127510 -707.834111 1692.640245
-3432.973090 -794.238374 1866.114098
-3837.182388 -889.216408 2158.871351
-3306.778349 -905.058040 1857.905420
-3184.526964 -871.629948 1789.051756
-3757.571818 -870.551891 2113.984355
-3317.752962 -768.074283 1864.543378
-2566.535176 -593.820635 1441.889128
-3301.246055 -832.917172 1934.177261
-3788.589066 -893.993962 2162.431900
-2681.759060 -715.781458 1489.641654
-3352.439432 -845.935901 1964.709631
-3439.151169 -834.289928 1887.223969
-3531.015554 -976.007139 1864.742027
-2338.405675 -646.259639 1235.513500
-3201.316708 -840.908707 1763.010337
-2244.764401 -578.624718 1323.283732
-3757.371097 -887.909582 2159.051690
-2620.081357 -695.071339 1453.096079
-2572.198728 -592.095780 1435.462876
-3725.987201 -861.307524 2010.890597
-2662.966726 -614.333944 1449.904259
-2496.878103 -581.090183 1396.669932
-2525.727274 -586.440178 1419.716644
-2478.902821 -595.359621 1313.553714
-3485.441597 -839.066434 2024.538548
-3268.318419 -755.127369 1778.061089
-2813.176076 -652.060977 1583.299496
-2778.445816 -650.953161 1567.709002
-3159.871908 -750.582953 1815.125775
-3501.557355 -841.274317 2027.378947
-2828.203564 -654.308886 1582.948462
-3885.689227 -896.912577 2119.972379
-2198.411430 -507.828759 1195.261812
-2489.776472 -596.221269 1317.969893
-2761.577916 -638.921028 1548.893337
-2449.166036 -569.122077 1369.129376
-3008.850841 -696.536322 1687.074215
-2642.691726 -669.251459 1554.145055
-3859.896014 -892.660867 2167.308929
-2650.955951 -671.037015 1558.719275
-2454.246833 -564.823412 1330.870064
-3626.862613 -834.732669 1952.300142
-3138.395894 -762.580794 1670.834345
-3227.770577 -884.267567 1702.623710
-2506.032290 -607.492482 1374.567542
-3160.286642 -797.339493 1708.508409
-3473.464886 -962.144623 1908.340123
-3736.209716 -936.091378 1966.576369
-2378.618591 -619.749681 1330.026915
-3300.287524 -766.728053 1781.767063
-3108.869895 -717.579183 1724.029591
-3543.834179 -819.190397 1910.430506
-3165.349678 -732.753243 1703.808985
-2925.527392 -672.432199 1584.555524
-2646.826000 -607.983559 1432.035148
-3337.562142 -777.591415 1781.437282
-3246.142262 -779.610661 1709.170418
-3659.708874 -841.350590 1988.337917
-3633.998801 -833.650277 1974.015670
-3312.373149 -800.438407 1733.696677
-2526.455103 -608.214515 1340.027986
-3214.783083 -764.257986 1840.624133
-2312.332387 -549.688353 1325.363323
-2828.005431 -660.963369 1581.302637
-3265.815629 -774.362974 1872.917410
-2562.361113 -595.752026 1438.166876
-2341.762453 -555.881481 1342.715704
-2936.931423 -788.661230 1652.369495
-2656.271836 -671.563975 1558.437009
-2595.244271 -600.010099 1427.797832
-4001.941479 -1038.124459 2080.036509
-3951.617991 -1027.047373 2054.188545
-2871.388001 -716.340628 1505.966748
-2768.755935 -690.505539 1452.160983
-3024.207630 -755.335995 1593.194320
-2843.309083 -698.926521 1657.054039
-3080.225558 -775.914529 1809.244117
-3860.532234 -972.601137 2267.146830
-3498.155498 -804.300088 1885.175660
-2659.924797 -638.250623 1399.039020
-3812.217946 -880.074790 2057.364622
-2364.716250 -558.405616 1358.220734
-2991.999857 -686.572193 1617.981503
-2307.634050 -531.171043 1257.046277
-2967.745841 -682.139408 1614.178652
-2178.314520 -565.419666 1130.933381
-2370.059816 -572.487780 1240.545817
-3330.907003 -861.595792 1729.803894
-3008.820038 -699.501286 1694.715852
-2500.820074 -594.645318 1433.391634
-2823.474048 -658.264182 1591.422995
-3490.612039 -813.286160 1967.541147
-3111.775522 -720.148130 1740.537062
-2448.258723 -562.064078 1359.929559
-2628.119560 -702.393663 1460.602474
-2455.681957 -570.965316 1375.738012
-2729.944570 -646.663222 1566.092655
-2651.722030 -610.313148 1478.711963
-3192.625697 -744.222896 1800.941004
-3445.624047 -802.986097 1945.168583
-3711.118322 -929.270708 1919.171275
-2890.042784 -704.303110 1504.582702
-3233.928453 -814.709922 1689.034505
-3219.450865 -785.076163 1739.314454
-3063.501268 -805.299833 1664.942772
-3075.395904 -876.300368 1791.249560
-2533.524007 -643.899944 1341.559942
-3223.139534 -774.631803 1836.302250
-3321.005126 -845.266569 1888.999229
-3314.392637 -833.159149 1762.434116
-3079.065739 -739.972652 1754.664868
-3569.547333 -878.949834 1901.918420
-3304.771932 -860.403923 1793.750628
-2980.135326 -733.890095 1588.030245
-3048.455700 -858.967580 1709.384811
-2813.826435 -792.278762 1577.453225
-2893.394185 -769.711684 1701.694441
-3503.958650 -913.250748 1903.511499
-3108.223374 -790.590443 1767.637088
-3161.116714 -897.958388 1786.301990
-3815.868066 -1044.204267 2095.143473
-2954.707142 -775.639163 1658.559912
-2678.590600 -690.277441 1489.163452
-2891.798036 -733.992500 1530.358412
-2283.074100 -563.094729 1265.040912
-3112.164421 -791.499818 1768.924401
-3610.886983 -1024.885356 2027.446403
-3845.358437 -919.446088 2195.143194
-3751.810743 -1046.316792 2110.977970
-3155.756813 -748.557140 1796.117686
-2664.973226 -700.541859 1447.817880
-3552.083772 -945.455327 2090.398431
-3085.438150 -865.521816 1723.288898
-3539.595092 -899.750771 1874.466089
-3270.224098 -870.004682 1923.978640
-3279.313001 -801.591329 1891.407551
-2400.031011 -696.095768 1362.886097
-2446.303423 -657.060467 1434.051841
-2488.426120 -619.849979 1384.812311
-2738.048910 -681.928401 1522.687607
-2093.937747 -558.280410 1090.006384
-3479.566497 -900.853355 1996.244917
-2574.822918 -705.459683 1355.657643
-3676.985795 -1007.901270 1934.864004
-3203.367029 -833.582784 1737.404952
-3122.040336 -806.752665 1635.049078
-3193.865071 -832.021253 1733.250402
-2848.829172 -794.364626 1509.306136
-2513.850532 -679.885998 1419.856049
-3258.147658 -782.333296 1855.128391
-3517.943616 -870.233056 2035.029024
-3179.904515 -910.272124 1689.083213
-3625.431210 -1016.877903 1908.593815
-2793.273919 -797.017568 1483.030063
-3828.364728 -918.019290 2181.351587
-3080.289140 -739.259504 1754.509818
-3449.271424 -987.598533 1951.274287
-2938.521737 -795.712798 1648.952564
-3923.534986 -1062.985314 2199.979433
-3752.616145 -1016.764097 2106.394417
-3886.871530 -936.913471 2213.137253
-2824.255463 -675.514877 1607.575839
-3610.615034 -1016.616920 1906.062120
-2594.932934 -748.347108 1448.888664
-2616.209838 -662.689403 1532.330687
-2941.165995 -745.236079 1724.121495
-3588.341102 -953.349707 1983.459679
-2804.416296 -783.812877 1475.359750
-2358.499658 -672.508899 1321.947733
-3627.742985 -902.248483 2047.386346
-3368.457507 -985.916562 1838.500759
-3930.617879 -1043.476915 2172.238762
-3293.325457 -958.439780 1867.743413
-2775.697304 -721.794629 1505.126880
-2474.267502 -637.534022 1295.690205
-2524.247499 -649.896283 1321.634966
-2904.523915 -740.042187 1569.749280
-3178.411235 -737.366006 1751.031495
-2506.531829 -607.925827 1425.702813
-3635.741181 -843.758564 2002.742318
-2714.477257 -682.741239 1414.885973
-2674.199576 -736.097055 1458.354777
-3395.870487 -840.635442 1777.708852
-3572.247420 -962.567749 2006.608301
-2481.143944 -669.240024 1394.400736
-3051.037029 -725.380941 1743.486241
-2744.742157 -651.858159 1564.068031
-3081.602489 -732.607840 1756.499007
-3204.347108 -818.232808 1839.488140
-3737.657213 -884.133125 2132.609525
-2716.890968 -645.399272 1547.672823
-3730.041366 -1080.680893 2126.354625
-3731.153328 -1081.034307 2126.888280
-2762.078035 -653.990721 1575.253414
-3333.570050 -771.836879 1800.426116
-2675.431907 -639.458126 1416.298403
-2519.854604 -731.352073 1435.860576
-3391.767147 -790.200119 1906.357780
-2519.868559 -731.259217 1436.228020
-3770.518013 -1010.712455 2117.494524
-2463.020540 -609.470466 1277.891579
-3333.999272 -827.531796 1730.724809
-3254.836661 -806.558499 1688.667260
-3067.234779 -718.411516 1627.751520
-2517.622672 -625.101666 1306.601412
-2704.762642 -697.427358 1398.207800
-2891.426913 -710.628006 1501.842786
-3989.330097 -991.131585 2068.870259
-3185.495602 -745.810172 1687.935975
-3758.484731 -1005.235977 2107.963682
-3709.347125 -993.491218 1925.340405
-3452.954640 -880.520654 1804.263008
-2766.606297 -666.625452 1578.251173
-3756.864288 -905.483752 2143.002456
-2934.611673 -784.581501 1523.176335
-2619.093961 -708.819852 1361.729403
-3653.359808 -1045.550886 2067.033423
-2801.878965 -677.738614 1594.684507
-3126.856360 -863.339659 1638.565126
-3211.434738 -823.026055 1666.997641
-3134.879297 -761.172565 1640.068666
-3185.399272 -744.137703 1692.327131
-3060.131544 -737.291052 1598.819131
-2527.297638 -608.574246 1323.579100
-3927.238682 -945.850488 2055.690845
-3674.236097 -945.270355 1906.780600
-3781.626728 -1042.552823 1982.419272
-2819.074335 -729.298772 1460.510439
-2517.865056 -645.936165 1306.230872
-3678.203837 -857.375680 1954.814415
-3956.457896 -983.911324 2059.609318
-2708.613732 -660.091668 1414.434322
-3034.565633 -749.833321 1578.305495
-2644.713815 -653.689906 1375.357101
-2964.882502 -733.063552 1542.384440
-3388.699205 -832.712866 1763.239307
-3766.201398 -976.892028 1949.208931
-3433.496404 -849.945627 1786.265209
-2463.202159 -638.087708 1275.473431
-3658.966916 -892.854978 1912.240919
-3527.889901 -839.724889 1870.520766
-2510.030137 -589.175166 1335.321539
-3219.652372 -805.798706 1712.939720
-3848.844446 -928.667938 2189.992789
-3285.610816 -774.419984 1744.085893
-3468.642893 -866.437552 1796.370188
-2941.745119 -694.124441 1561.311116
-2869.063223 -737.650427 1499.987546
-3006.007127 -734.403009 1567.759319
-3455.186997 -895.635045 1784.569535
-2821.055451 -690.750656 1466.375787
-2873.788396 -714.633016 1491.864451
-3228.880197 -839.998205 1666.181862
-3027.733457 -744.466891 1574.025041
-3745.110585 -934.995182 1940.567285
-2430.049891 -635.981146 1256.524576
-2883.782278 -682.967743 1530.261053
-3659.301812 -955.418745 1890.627860
-2900.568370 -777.035891 1629.932611
-2703.307765 -703.364674 1510.277261
-2857.426956 -664.421577 1577.090568
-3712.841383 -863.959361 2049.268654
-3893.016797 -919.264576 2219.379006
-3720.908731 -959.689296 1929.912887
-3959.215604 -1019.391653 2052.062051
-3968.244369 -961.816435 2071.303244
-2817.455409 -728.395960 1460.494107
-2526.438099 -650.012703 1309.676153
-3307.077078 -794.345758 1731.291711
-3184.184747 -819.795484 1653.579259
-3051.700603 -750.945609 1586.516176
-3394.669332 -835.505999 1765.803186
-2932.699710 -718.318261 1528.811723
-3533.641011 -871.998988 1837.114463
-3190.634030 -758.964359 1688.965991
-2906.569677 -810.877057 1524.060323
-2646.656574 -646.718425 1377.957892
-4006.606988 -1111.594942 2101.515775
-2678.229614 -740.290203 1406.996443
-3246.481261 -809.191392 1684.506724
-2676.100585 -739.714716 1405.364075
-2687.168234 -770.131561 1507.325074
-3513.106234 -914.088114 1826.668094
-2679.010890 -704.898298 1396.083609
-3319.687428 -845.325330 1890.715870
-3672.019547 -959.908125 2008.361117
-3868.605729 -964.210347 2052.778345
-3159.683574 -803.199704 1828.183101
-3526.136379 -898.219826 2008.814559
-3806.182560 -966.191672 2202.211009
-2387.914565 -581.081236 1312.356771
-2547.377373 -639.910015 1342.814165
-2655.280136 -663.235564 1516.994603
-3650.592337 -967.551315 2020.270929
-3471.491089 -994.253750 1948.307570
-2459.907061 -629.991050 1302.420973
-2619.804788 -760.045610 1488.453817
-2489.454610 -716.920081 1411.024246
-2908.697299 -765.228390 1603.365974
-2638.712578 -723.607276 1386.629735
-3322.488953 -914.335863 1739.713956
-3818.573088 -1048.157721 2006.770070
-3051.021232 -854.713986 1607.119657
-2744.376708 -804.548157 1547.344634
-3658.982673 -1067.402146 2064.551675
-3407.951437 -840.885667 1889.756234
-3780.806413 -996.574930 2095.975705
-3176.364605 -795.578034 1865.687683
-3926.487119 -902.386308 2154.735086
-3377.148343 -834.476779 1870.862555
-3380.571770 -835.108356 1872.569346
-2724.099438 -685.556125 1420.658597
-3194.819041 -803.918333 1666.121692
-3861.393213 -1023.663311 2140.862337
-3316.901120 -806.623608 1740.482433
-2921.860631 -704.482543 1550.210870
-3045.017334 -721.977618 1741.493141
-3015.856740 -716.380157 1724.355429
-3663.896005 -869.804199 2094.547963
-2535.879516 -587.591017 1413.006783
-2697.479631 -656.293013 1498.636482
-2810.454925 -692.529527 1598.657342
-3921.796031 -899.833911 2169.885718
-2731.332913 -626.540381 1514.269275
-3265.598919 -773.138680 1868.129318
-2716.537553 -652.116558 1418.722012
-3217.623072 -739.422598 1766.113499
-3401.480852 -795.879389 1796.824083
-3935.503911 -948.664301 2051.382353
-4020.728486 -960.400567 2102.081741
-3351.119554 -802.995075 1751.323778
-2983.733384 -821.263456 1563.695917
-3395.766049 -865.699279 1772.874079
-3003.066921 -768.637311 1571.005957
-3171.779957 -778.468448 1668.566169
-2990.098350 -765.278351 1565.218936
-2985.355824 -821.757424 1564.314468
-4023.416594 -965.608313 2120.248610
-2367.327438 -590.056764 1232.493970
-2659.854422 -619.350743 1417.434420
-2905.946573 -688.533714 1664.470996
-3617.411843 -844.420944 1919.034836
-3582.496107 -832.621105 1904.540224
-3842.678102 -920.463361 2015.729002
-2426.915352 -567.012495 1286.196526
-3132.077004 -731.906497 1662.575367
-3462.906429 -829.698618 1817.693007
-2875.686208 -672.912237 1522.830614
-3862.512903 -934.308053 2019.419711
-2946.831535 -713.955645 1539.551077
-3880.745336 -914.811305 2217.523857
-2518.380650 -585.227955 1412.928050
-3877.209924 -938.578692 2027.196881
-3719.507006 -905.552142 1939.202767
-3154.520866 -773.534193 1641.873847
-3890.533372 -1030.751095 2011.799290
-2517.657833 -581.824822 1416.589164
-2676.754842 -631.389918 1529.043026
-2860.245238 -836.592248 1553.856102
-2468.543987 -621.503432 1449.561136
-3133.335730 -735.437212 1792.431598
-2876.156655 -660.204309 1548.157295
-2275.047286 -537.578085 1301.625595
-3162.463416 -732.908458 1688.847904
-3738.750659 -890.686772 1961.666445
-3550.151928 -821.844892 1897.364927
-2679.917790 -622.833146 1422.278385
-3510.884359 -875.548744 1826.044192
-2550.646677 -608.834294 1339.590617
-2461.961359 -629.215738 1276.511887
-2769.564290 -635.393802 1532.968098
-3577.052500 -914.710909 1852.802920
-3017.260145 -699.065458 1686.791208
-3019.696389 -708.623055 1728.206275
-2996.672544 -704.605502 1715.249639
-3309.209912 -771.734873 1867.006298
-2696.928804 -635.007598 1542.905582
-3325.272898 -829.817098 1727.430951
-2727.458709 -687.272299 1604.540111
-3892.669858 -1160.790482 2219.200384
-3302.132572 -984.375159 1811.813005
-2919.918947 -802.354646 1518.441754
-2770.239623 -786.462434 1614.293185
-3947.144172 -1085.831079 2182.265683
-2967.378226 -811.388557 1618.725485
-3092.036531 -744.019251 1650.233680
-3318.535230 -951.578995 1870.976974
-3656.983322 -984.059235 2106.205312
-2926.649936 -838.263409 1649.095083
-2541.024577 -691.406794 1418.083966
-2862.170531 -782.737189 1559.637151
-3149.147147 -849.834858 1650.356694
-2648.955149 -725.204191 1444.245532
-2710.957897 -674.881477 1538.720131
-3328.880089 -839.460119 1810.253880
-3407.162866 -819.521624 1818.531639
-2621.839431 -752.546085 1477.518431
-2665.724250 -737.707981 1505.265501
-2813.404315 -692.174445 1613.561547
-2913.864711 -803.988643 1665.038694
-2749.856115 -656.376004 1553.528128
-3690.086562 -992.686666 1995.843682
-2671.298235 -734.809143 1459.074546
-3423.893190 -856.813758 1798.069547
-3562.611777 -1012.267019 2075.686452
-2456.283759 -611.240844 1317.052770
-2783.936110 -707.411590 1471.344714
-3803.134106 -957.643599 2044.304720
-3577.534957 -1023.946142 1981.925691
-3449.889851 -987.931995 1911.797023
-2864.545164 -820.779346 1588.651839
-2477.146045 -592.433679 1370.420849
-2458.202386 -657.014980 1309.608234
-3654.870328 -953.299620 1918.749459
-2622.641243 -671.823978 1385.945397
-3786.190822 -910.387615 2060.990330
-2484.082424 -619.326973 1435.539657
-2799.467617 -712.817883 1545.416571
-2492.706018 -634.760919 1376.043260
-3337.389744 -824.078025 1828.065600
-3063.841773 -794.278731 1704.303097
-3108.851040 -873.190732 1667.712211
-2572.232035 -628.050273 1363.326652
-3876.576672 -1034.444637 2251.583726
-3647.858962 -926.581280 1995.689510
-2318.008287 -588.990853 1267.544954
-2443.150683 -621.155442 1336.481018
-3550.436072 -874.267793 2038.168451
-2571.488040 -627.828111 1362.914480
-2908.283688 -710.066359 1541.203552
-2899.045247 -721.955068 1675.996764
-3891.473445 -1010.372311 2251.880101
-3871.194271 -929.335583 2186.443500
-2188.743369 -623.835690 1263.080661
-2544.746257 -633.421245 1470.976718
-2799.801794 -794.761135 1584.416568
-2767.258345 -709.511950 1462.764401
-3048.808871 -795.117872 1600.426683
-3888.209983 -965.221735 2248.175152
-3355.590306 -906.860454 1758.237874
-3388.750043 -940.299069 1933.575577
-2759.929188 -724.663190 1620.776281
-2656.374405 -697.494711 1559.691210
-3475.071911 -931.639855 1895.985101
-3319.730349 -914.102914 1871.150064
-3567.221203 -980.958438 2010.970507
-3740.853713 -1000.860983 1990.861722
-2497.361685 -599.765334 1359.817839
-3479.901192 -1001.249128 1872.669942
-3857.039746 -929.542774 2088.839537
-3331.310158 -829.204256 1891.649693
-3059.319662 -781.343828 1784.956057
-2523.614899 -616.631514 1338.005267
-2517.033822 -614.832538 1334.731260
-2473.901432 -673.397881 1398.664268
-3198.647427 -876.358322 1760.921937
-3127.502795 -916.285903 1791.101707
-3729.415583 -1004.236611 2151.710585
-3244.323204 -938.011742 1850.726267
-3563.945465 -967.384477 2033.894348
-2440.222326 -580.078156 1377.939066
-3017.149606 -717.075977 1703.373355
-2557.250339 -743.814405 1475.102703
-3420.153982 -940.822797 1923.968602
-2555.325175 -747.926770 1461.798342
-2388.815802 -637.048714 1371.815245
-3317.666584 -885.053274 1906.244350
-3317.980146 -885.432205 1906.711017
-2836.166628 -737.156422 1616.300731
-3478.728761 -832.423280 1852.713640
-2532.095507 -597.739093 1375.169239
-3613.664878 -865.130547 2042.078269
-3630.176943 -986.214900 1952.571043
-3142.769670 -882.376923 1685.847116
-3221.744017 -814.327686 1847.846061
-2234.698436 -641.341148 1280.139390
-2644.700941 -718.346839 1546.386519
-3149.904049 -856.188730 1842.179814
-3093.487922 -838.962067 1809.205642
-2542.531394 -619.109399 1433.317058
-3130.767353 -884.549320 1696.331564
-3465.142611 -900.588439 1974.603830
-2611.394018 -707.726244 1367.098179
-2932.703055 -719.598691 1554.416623
-3774.727171 -1087.245393 2188.962906
-2898.574394 -749.912396 1561.806566
-3594.799389 -938.804879 1989.295680
-3466.785854 -932.466043 2036.580433
-3512.734591 -1008.738011 2035.785201
-2319.252414 -642.072970 1301.829258
-2878.179076 -732.144874 1577.883739
-3577.648464 -959.260501 1903.968338
-3201.325051 -936.799143 1791.459850
-3275.295716 -825.280249 1715.739240
-2850.370730 -674.846576 1588.191735
-3250.256517 -769.144818 1811.191918
-3953.188440 -976.919281 2214.031281
-3127.095158 -773.464529 1750.737378
-3178.909198 -855.652906 1835.381137
-3400.324454 -794.685693 1882.784882
-3164.946455 -850.880636 1826.722025
-2950.312831 -863.793829 1677.002591
-3462.814027 -855.222996 1843.345933
-2426.748729 -653.073187 1410.878207
-3733.334640 -1087.795148 2028.742698
-3280.908974 -810.018329 1746.950864
-3425.003005 -953.026318 1902.159964
-3853.688596 -971.170253 2140.493990
-3874.654712 -962.806594 2077.316176
-2707.960645 -786.217733 1519.679508
-2815.394473 -816.948353 1580.589877
-3772.583084 -929.693398 2032.197855
-2620.382289 -751.314096 1477.559236
-3865.205165 -1107.459952 2140.497043
-3341.900551 -843.551628 1855.621324
-3293.147263 -965.264431 1818.214135
-2592.279017 -759.292976 1430.973218
-2666.610674 -672.445462 1480.980875
-2910.844894 -758.518640 1528.598636
-3712.912279 -1074.845207 2107.453042
-2756.782336 -684.304104 1593.545394
-3682.440978 -919.214202 2044.448953
-3824.085500 -1106.661733 2170.445483
-2759.867783 -795.662072 1574.950950
-2460.985687 -609.414131 1421.836270
-2871.714256 -793.218881 1614.442292
-2519.609355 -618.172439 1447.339629
-2761.574469 -796.328160 1576.131170
-3644.222509 -1004.009589 2055.503472
-3471.722248 -1010.466549 1948.084064
-2466.444483 -612.398388 1361.574548
-3202.524656 -933.612632 1797.531025
-2705.013891 -788.478381 1518.296907
-3826.791620 -989.290645 2102.185461
-3192.407100 -927.384860 1733.156475
-1981.212267 -504.227688 1037.380449
-3912.252295 -1135.286001 2122.430868
-3474.960733 -841.391871 1859.944231
-3429.629636 -975.286713 1892.321620
-3411.821042 -816.399989 1887.878415
-2789.567779 -653.797420 1541.449249
-3427.441518 -871.282028 1810.815840
-3691.414992 -1079.050630 2110.199812
-3200.870790 -790.453510 1842.024390
-2697.668982 -667.984317 1545.728051
-3450.091904 -982.802659 1882.486390
-2755.371087 -693.652825 1498.749371
-3466.047179 -855.494143 1844.316567
-2792.996483 -689.476593 1486.184416
-3123.103963 -856.187865 1703.861599
-2990.371516 -737.667717 1590.853834
-3311.913376 -853.380872 1819.875985
-2533.719758 -627.637573 1438.921856
-2233.020067 -637.898910 1285.754721
-3495.205274 -864.634626 2010.203449
-2536.680978 -627.158874 1459.509993
-2924.738818 -683.122603 1579.088609
-3437.038351 -977.790261 1873.532829
-3175.825956 -892.317893 1779.465061
-3022.204611 -847.838155 1651.147286
-3850.566598 -950.903907 2048.292868
-3863.029636 -1124.042323 2154.239911
-3083.645548 -744.927585 1647.861362
-2440.261601 -589.524839 1303.937839
-2779.315800 -649.842142 1534.200296
-3342.723707 -830.693125 1931.833891
-2862.639465 -712.401538 1656.293249
-3468.242149 -861.853406 2004.302074
-3708.085484 -868.302451 2046.883355
-2890.915156 -751.180033 1663.042945
-2793.659426 -722.328406 1564.940635
-3517.571799 -867.417325 2023.963099
-3845.022203 -1056.703369 2117.920605
-3890.285253 -989.878979 2072.257854
-3615.988366 -919.545553 1926.065680
-3244.310359 -760.352518 1739.199712
-3390.250769 -786.557938 1864.225187
-3587.448744 -949.891014 1895.592242
-3004.086088 -795.555161 1587.231018
-2956.131927 -686.095336 1625.759863
-2995.966527 -754.054587 1693.178573
-2753.274019 -692.241753 1554.881729
-2773.943309 -776.905885 1566.039039
-2911.583017 -731.757667 1644.772431
-2993.009551 -735.310248 1610.081009
-2835.558002 -712.804311 1643.381356
-2564.307622 -645.971004 1449.311197
-3413.140985 -873.500843 1839.670189
-3493.531139 -973.662719 1984.164093
-3709.270867 -963.529661 2112.441823
-2477.872671 -712.874371 1376.360887
-3526.387641 -1014.342644 1958.738975
-2540.787917 -620.234723 1448.601327
-3582.396011 -925.788938 2009.037376
-3216.129204 -807.466179 1739.768867
-3823.779134 -919.249570 2032.687806
-3095.901083 -744.267501 1646.226257
-3578.335688 -998.645095 2032.284198
-2641.279736 -663.085988 1373.556650
-2879.950250 -794.263186 1515.003110
-3762.189114 -1038.370576 1979.859209
-3399.281291 -834.027421 1779.700807
-3403.091495 -813.365452 1805.444902
-2846.327755 -824.965492 1543.519367
-2965.365777 -711.662092 1580.549117
-3272.903817 -823.390928 1779.704128
-2521.411483 -623.631932 1340.993755
-3816.306928 -1107.059479 2067.890231
-3139.446844 -754.023497 1673.934776
-3490.175943 -880.171172 1971.739532
-3641.422510 -859.622763 1987.311371
-3226.326139 -819.994809 1718.764640
-2629.715684 -667.032746 1511.934064
-3974.103546 -974.539706 2079.576847
-3419.376138 -845.444850 1781.891022
-3479.829505 -832.284872 1848.953649
-3589.663162 -880.318666 1878.302781
-3171.674482 -849.837187 1756.860926
-3385.593012 -810.534932 1798.892705
-2289.105605 -647.357203 1312.174290
-2527.750380 -621.349825 1360.333121
-3684.889498 -913.779491 1920.362680
-2896.772494 -692.697530 1536.567797
-3203.789124 -919.492687 1740.401582
-3708.112736 -975.618354 2067.155031
-2495.841540 -657.952947 1392.033441
-3527.663593 -967.300441 1873.122092
-2162.641278 -547.902356 1237.552701
-3208.014196 -880.753821 1709.072523
-3303.379563 -835.875505 1891.464361
-2286.040280 -628.046168 1218.858063
-2901.242369 -790.426537 1611.171951
-2351.003420 -640.445558 1306.776928
-3958.743267 -1086.421783 2108.881253
-2423.046049 -571.505698 1347.381589
-2996.053377 -757.601594 1714.925961
-3176.723710 -803.319589 1818.290026
-3124.902891 -785.958569 1681.484333
-2559.785119 -683.917295 1346.740185
-2573.980159 -729.031009 1388.315174
-2836.482243 -791.011035 1607.911487
-2262.598601 -633.506611 1322.175631
-3167.504683 -772.226435 1738.604926
-3545.968666 -886.932144 1986.842310
-2803.486363 -764.598658 1558.982810
-2306.529357 -604.403730 1360.264354
-2778.648793 -670.528110 1488.391276
-3042.602765 -763.449410 1598.952286
-3572.449429 -887.149296 1884.094071
-2916.957713 -724.249911 1538.690638
-2658.720256 -745.444472 1443.424679
-3398.396556 -949.016770 1904.663210
-2625.989254 -626.564717 1457.035622
-2685.288271 -678.699659 1557.048817
-3823.783517 -943.746281 2197.615627
-3948.573190 -988.532448 2209.406523
-3198.455191 -801.711307 1791.026076
-2732.717028 -684.000072 1528.782323
-3508.997298 -827.900860 1951.660448
-3480.227269 -960.815457 1891.363502
-3687.763931 -986.028557 1944.382355
-3301.700375 -882.665323 1740.009778
-3487.049376 -927.102603 2063.512083
-3337.818008 -892.174108 1975.102475
-3277.874276 -947.273604 1905.009105
-2888.592892 -777.026759 1703.603124
-2261.074526 -652.958463 1312.571962
-3773.113337 -1023.225014 2211.862693
-2514.406393 -684.316123 1473.213360
-3007.390197 -817.142522 1762.014500
-2916.564062 -793.791172 1710.114662
-3858.128302 -1050.879535 2263.757653
-3177.355149 -928.525614 1809.744941
-3847.259317 -1122.559867 2162.741821
-3157.938373 -910.105093 1834.663634
-3275.164904 -891.553254 1921.865956
-3246.987292 -892.833220 1901.886634
-3791.548148 -1097.534472 2204.803610
-3172.987292 -798.456383 1849.809108
-2773.007689 -786.459441 1627.907714
-2927.829726 -780.202512 1651.597906
-3138.435431 -802.980193 1699.698503
-2841.742322 -702.195519 1512.576715
-3086.173718 -898.239158 1716.387360
-2616.012530 -729.081873 1489.066338
-3349.200198 -925.545605 1882.832118
-3382.185856 -839.913683 1783.338802
-3153.505124 -841.688167 1859.267495
-3081.703650 -883.301630 1746.825951
-2723.031538 -766.358382 1470.581358
-2933.684771 -849.340377 1630.416855
-3278.512821 -917.781767 1747.129232
-2153.552659 -578.495678 1143.020072
-2831.004321 -809.995901 1653.320432
-3814.076887 -1055.954979 2144.436861
-2643.280944 -762.827817 1512.642156
-2445.715278 -681.475776 1386.822092
-2716.468159 -673.623749 1419.144885
-3521.455569 -982.216606 1998.112961
-2379.677133 -601.198711 1285.463302
-2816.468385 -695.255527 1616.651937
-2330.656112 -582.990653 1343.625045
-2662.198891 -748.844090 1418.375556
-3783.515296 -909.782527 2010.002065
-3494.676799 -855.937982 1994.076889
-3504.984737 -930.989010 1956.947039
-3176.017983 -803.700054 1748.593964
-3245.955784 -804.842864 1695.217826
-2869.547597 -690.304844 1526.934206
-3282.897715 -820.973050 1893.411612
-2806.793402 -701.948526 1618.497619
-3106.035141 -826.492088 1836.340897
-3584.917250 -973.985630 2102.135800
-3598.046653 -977.095590 2108.973681
-3538.004019 -1036.414155 1979.948026
-3608.117064 -979.313036 2115.392213
-3719.871210 -1036.414684 2110.799797
-2888.508153 -771.792853 1705.234053
-3070.374758 -799.618456 1595.027139
-2843.939945 -742.478338 1477.424005
-3533.677248 -884.515961 1842.245121
-2898.093034 -815.102892 1544.717946
-3423.088363 -857.352247 1784.280687
-2495.098735 -666.202826 1475.967648
-3762.383952 -1000.119955 2105.765474
-3955.022339 -1052.687081 2212.757447
-3741.400812 -1101.536475 2127.932750
-3024.476896 -890.797957 1718.901511
-2354.245304 -624.535229 1309.680480
-3043.215847 -719.247323 1725.608268
-3284.967250 -927.119126 1724.994415
-2539.398264 -626.828309 1430.410920
-3173.643474 -749.430131 1723.078164
-3470.767720 -916.903949 1959.778516
-3088.254766 -737.314822 1654.186517
-2846.448606 -672.108172 1545.106243
-3177.170612 -803.631677 1823.637054
-3612.977296 -978.668258 1968.025659
-2998.131820 -850.614180 1685.615117
-2822.405245 -714.028929 1629.918418
-2742.106266 -655.217036 1478.728804
-2961.091669 -705.479286 1630.539637
-3466.663735 -826.244436 1908.245221
-2573.455845 -761.594741 1426.573081
-3751.136197 -910.037338 2142.243861
-2574.365349 -761.580230 1428.056395
-3719.009829 -965.957510 2068.715030
-3682.391529 -962.169523 2042.458170
-3209.211736 -815.293628 1759.039926
-3395.784646 -914.371986 1986.679709
-2848.329590 -789.825817 1600.262340
-3404.216246 -965.687410 1913.698519
-3151.365429 -912.431905 1798.436910
-3309.727938 -850.157409 1909.423253
-3767.353252 -998.731662 2106.376346
-2991.646602 -789.153852 1688.370402
-2200.786040 -645.309649 1253.493171
-2649.051283 -642.829509 1512.738565
-2155.257941 -560.833164 1185.350215
-2984.358242 -859.685293 1593.413219
-2727.317517 -760.495062 1434.994598
-2853.883304 -831.792511 1550.497700
-3639.783980 -937.139742 2009.074384
-2893.908662 -711.396574 1559.147038
-2645.182893 -680.102088 1459.640960
-2752.264168 -676.264205 1482.603067
-2718.172380 -668.110957 1464.729597
-2835.670095 -772.764055 1557.113187
-3103.727640 -823.924788 1690.737675
-3681.894497 -918.278790 2044.815394
-2443.978333 -700.646182 1300.772613
-3284.767001 -941.728082 1744.087439
-2447.641704 -701.744364 1302.846528
-2904.274124 -838.976173 1548.271399
-3954.531135 -1135.217615 2102.051391
-3874.616619 -1108.638765 2056.670249
-3081.076850 -885.242659 1637.496527
-3205.937736 -922.988594 1706.858199
-3669.730927 -1073.991925 2060.054847
-2456.805364 -698.939740 1299.124306
-2345.999349 -665.659084 1239.388205
-3530.284504 -1000.430988 1866.066152
-3104.727310 -894.740966 1653.789642
-3586.219411 -972.831439 1870.090389
-3086.524894 -888.860522 1643.261854
-3529.003403 -1016.031160 1879.849114
-2789.472798 -795.031771 1478.938978
-3291.761550 -975.098177 1825.225351
-3639.759386 -964.574029 2042.827591
-2433.615789 -700.563677 1297.663285
-2839.137359 -751.753076 1593.225775
-3715.584947 -1072.246147 1982.190805
-3127.160061 -823.139020 1749.338427
-3463.897936 -1013.544451 1945.107937
-3294.230057 -969.797557 1850.803338
-3208.436189 -944.412805 1803.264724
-2720.601732 -800.915774 1529.481931
-2487.874598 -699.909266 1357.742854
-3570.589367 -1050.882428 1941.713084
-3133.783486 -914.743444 1788.945660
-3649.109611 -1075.290939 2051.409192
-3674.519212 -973.777370 2056.452229
-3325.701425 -881.886637 1861.165175
-2832.414639 -841.732950 1569.092778
-2879.496279 -851.486436 1572.023165
-2597.439825 -769.137633 1419.948563
-3111.487357 -821.767333 1754.839441
-3929.900881 -1038.329843 2217.698138
-3108.872931 -821.122040 1753.650087
-3048.719053 -856.529914 1642.297999
-3480.993532 -977.677830 1876.391907
-2883.993658 -821.623334 1682.143837
-3702.648128 -1090.300911 2016.983182
-2712.461843 -804.180211 1489.686867
-2595.327745 -705.211615 1353.728501
-3725.286209 -1104.263529 2040.499253
-3651.956798 -957.243050 2041.840433
-3204.933290 -949.511301 1759.601256
-3278.798852 -968.551706 1799.521803
-3134.454366 -923.556215 1706.526892
-3705.960465 -1090.913219 2012.765440
-3564.038522 -1054.309889 1950.090362
-3055.238503 -900.362498 1664.487901
-3650.111198 -956.668178 2040.687357
-2646.248152 -780.666803 1444.836472
-2566.069071 -697.599437 1337.597858
-2686.169548 -792.173682 1463.429380
-3720.625402 -1103.265565 2035.286822
-2926.807696 -840.484569 1698.072444
-2929.087447 -841.250006 1699.431789
-3698.695418 -972.378318 2058.167076
-3761.160202 -1023.040417 1963.253625
-2482.713785 -662.477839 1392.376981
-2649.754508 -619.870330 1463.372151
-3309.139413 -850.686173 1837.300294
-3458.391245 -893.318177 1921.010956
-3624.024122 -943.520673 2056.610085
-2855.629479 -743.886815 1621.528440
-3152.346753 -909.800301 1786.681154
-3763.977377 -1059.312482 2054.741981
-2818.518509 -681.065318 1507.654175
-3700.331776 -1046.684110 2005.952623
-3103.357594 -877.786961 1682.439672
-3122.124958 -769.752112 1659.445325
-3356.245168 -845.245257 1747.817980
-3232.146717 -902.704433 1694.156940
-2862.009930 -776.596788 1485.942643
-2375.036669 -692.752850 1280.827365
-2987.997184 -872.879322 1619.555494
-2780.639307 -788.007926 1466.933672
-3522.607293 -991.332169 1849.780540
-2165.127770 -565.160885 1123.374174
-3827.657273 -1014.379968 1985.853781
-3762.582019 -1013.116703 1956.946544
-2986.966488 -798.801633 1552.180341
-3593.681735 -858.287451 1905.988007
-2459.831347 -666.269186 1280.905644
-3903.735713 -1036.505983 2026.583677
-3554.571293 -1029.672588 1926.418558
-2684.952935 -778.118650 1453.629049
-3814.250761 -1105.271102 2066.207756
-3659.520028 -1060.568423 1981.385069
-3288.579245 -910.311813 1839.504230
-3957.685929 -1127.159138 2092.361499
-3742.188473 -1070.565239 1983.445385
-3674.737718 -1078.252871 1994.290350
-3806.344478 -1112.347410 2064.352410
-3083.306589 -884.773400 1636.175972
-2876.554973 -821.493709 1522.023835
-3598.745402 -1032.524096 1907.891161
-3773.193093 -989.740106 2105.635823
-3230.512863 -926.214729 1713.261521
-2962.452155 -706.991353 1576.060609
-2773.689486 -794.522017 1470.201826
-2571.549908 -733.961831 1360.420519
-3212.216122 -911.646251 1693.829421
-2454.737807 -697.663599 1294.782063
-3060.161205 -892.452338 1656.123875
-3761.873658 -1100.588609 2040.332489
-3101.444420 -840.799018 1615.034364
-2919.575021 -822.754951 1537.574365
-3684.473058 -998.878511 1918.938796
-3337.621272 -795.095116 1770.967593
-3874.223401 -1099.583353 2039.847615
-2230.322988 -629.641769 1174.736938
-2976.223248 -858.235498 1583.038572
-2597.872396 -757.384188 1405.569743
-3646.801072 -1065.042719 1974.380896
-3883.820011 -1101.892833 2046.446288
-3735.384294 -1089.478290 2095.678152
-3516.898269 -1026.168514 1972.852796
-3323.958520 -885.840150 1864.394386
-3743.412366 -982.120007 2087.754802
-3455.607522 -899.215971 1789.162307
-3228.152463 -897.217059 1699.279910
-3332.094876 -882.911556 1731.126345
-3780.933499 -984.741791 1959.535548
-2959.103273 -702.314130 1570.053133
-3238.235184 -917.220024 1703.983534
-3053.651551 -804.731384 1578.354554
-3323.573748 -827.368915 1731.801111
-2551.700363 -642.398447 1325.995368
-2727.777453 -761.691161 1427.170579
-3479.987950 -926.778598 1800.344473
-3144.389827 -877.825819 1645.206156
-2881.534169 -808.562298 1509.414407
-2551.912257 -640.574743 1326.316277
-3680.717895 -925.775632 1912.697389
-3481.840384 -927.631494 1801.227894
-3167.991163 -795.800707 1644.824313
-2998.951333 -714.165320 1591.380472
-3705.945308 -1086.062445 2008.978077
-3677.159064 -1075.897698 1991.724935
-2878.571780 -754.850225 1603.408849
-2842.048919 -774.694710 1479.953160
-3329.466249 -913.088582 1738.784501
-3426.280637 -940.450903 1789.503331
-3614.215510 -1042.722306 1922.103821
-3952.228846 -1131.896328 2090.824304
-2444.878080 -706.534635 1300.000113
-3668.795729 -1062.536326 1958.864947
-3284.703016 -947.356612 1749.492258
-3006.720658 -860.777733 1590.735414
-3216.065302 -925.991911 1709.039437
-3054.645019 -874.576987 1616.783021
-3817.265451 -1088.151150 2014.627294
-3322.900359 -950.341796 1757.042652
-3741.031106 -1102.359671 2028.583150
-3721.403493 -1077.016493 1985.926591
-2088.187104 -594.977912 1102.082663
-2734.876330 -745.561473 1425.270420
-3103.206727 -890.854300 1643.675774
-3473.672384 -996.516720 1838.523908
-2790.321485 -800.227244 1477.055975
-2547.036984 -737.023490 1358.007474
-3719.600478 -1077.321619 1985.779859
-3219.458641 -926.220039 1710.430657
-3621.207629 -1042.023377 1920.741841
-3664.276531 -1058.316965 1948.612647
-2721.776803 -773.441267 1434.966851
-2983.130709 -858.739304 1583.707367
-2715.851057 -801.973955 1476.431566
-2883.132436 -820.161836 1520.272317
-3278.941929 -943.617746 1741.004296
-3534.247141 -1047.194762 1964.216744
-3147.017660 -925.074437 1767.378318
-2703.507082 -800.778784 1502.986467
-3409.431150 -946.728609 1791.744281
-2227.267664 -583.851935 1154.340170
-2888.062074 -756.388166 1496.880090
-3807.979761 -1110.129843 2160.117271
-2480.281652 -704.085880 1303.174761
-3688.806391 -1048.416345 1942.667249
-3517.833064 -993.814184 1844.276935
-3096.925908 -878.299946 1629.489407
-3975.095935 -1113.817880 2078.051010
-3664.933006 -1033.628096 1920.448839
-3407.487609 -970.387738 1795.815960
-3602.774472 -1025.744671 1897.499958
-2967.634984 -870.822092 1606.623008
-3458.631050 -1017.004054 1872.263064
-3748.430943 -1102.023430 2028.519628
-2984.430744 -855.356897 1576.000600
-3047.321970 -772.735506 1584.603520
-3746.493614 -1096.882217 2026.780514
-3301.538314 -959.254212 1759.915663
-2470.797058 -704.235946 1300.559054
-3294.757784 -975.313582 1868.045665
-2577.008045 -730.800703 1453.627792
-3321.077300 -832.581581 1743.344127
-3095.741598 -855.499653 1722.102261
-2636.971601 -660.937137 1383.719285
-2619.150465 -728.360216 1472.694245
-3846.634513 -1125.725331 2164.197586
-3732.011174 -1090.420816 2141.751611
-2431.377521 -673.206752 1381.258054
-3105.259061 -896.568473 1723.984445
-2693.469151 -764.543247 1493.904605
-2848.052505 -769.586355 1672.806306
-2797.801301 -760.900997 1642.893367
-3477.857663 -947.743007 2044.113005
-3038.035925 -799.851084 1794.527306
-3225.054695 -942.886619 1853.747839
-2888.818147 -844.800707 1661.708262
-3116.525943 -829.138171 1756.882091
-3013.274156 -870.267636 1634.031291
-3376.098429 -977.047061 1829.963032
-2973.294191 -860.566127 1611.308344
-3188.874490 -929.896642 1731.531818
-3097.278724 -894.348686 1653.092838
-3699.064823 -1067.836861 1975.710966
-3653.630276 -969.529053 2047.188809
-2297.218742 -663.212867 1226.111852
-3230.410293 -932.671788 1724.669144
-3501.807367 -1025.796273 1966.547026
-2525.021260 -652.119364 1369.055811
-3795.122366 -1127.062088 2151.626779
-2299.421262 -667.935470 1233.191589
-3207.826396 -953.963692 1759.765948
-2518.749044 -691.343808 1317.717467
-3920.292488 -1170.541618 2187.907128
-2781.921857 -805.986379 1493.379870
-2810.910588 -830.169677 1614.406658
-2924.222434 -843.941224 1708.416125
-3613.863302 -1039.543389 2089.371924
-3639.209439 -1080.866673 2023.180938
-2517.319753 -687.587578 1316.145203
-3373.689504 -997.689102 1839.337006
-3036.601836 -899.479727 1716.746220
-2991.934363 -886.094013 1640.466907
-2679.153279 -792.301874 1468.449353
-2677.408297 -773.126592 1431.985596
-2788.345257 -822.344341 1601.984278
-2614.076825 -755.458950 1397.809067
-3532.731274 -1055.894040 1961.641995
-3750.320512 -1113.952395 2064.379274
-3551.628516 -1051.084037 1945.558962
-3774.436025 -1114.251386 2158.039983
-3601.872070 -1044.410979 1929.692882
-3240.756492 -956.580419 1850.701234
-2468.202372 -731.301074 1407.851715
-2690.004209 -794.159704 1540.586758
-3615.686231 -1040.098082 2090.577425
-3196.917374 -942.986048 1760.636277
-1962.433757 -566.040565 1141.925351
-2882.634678 -849.777615 1649.467396
-3292.262449 -973.090340 1878.753267
-2231.095223 -644.618626 1298.926233
-2473.366252 -713.081685 1441.519719
-3462.546946 -1029.087214 1927.050806
-2780.958524 -820.285464 1598.196548
-3525.483359 -1024.160739 2053.606561
-3986.842299 -1000.527045 2092.933605
-2585.224912 -695.044697 1433.714424
-3086.803365 -911.403494 1751.782553
-3727.550931 -968.585227 1931.792996
-3781.205961 -929.638132 1989.637527
-2873.395206 -771.981552 1495.894935
-2502.301658 -700.711212 1312.265570
-3230.350068 -816.934686 1682.570422
-3760.894906 -951.144518 1958.389317
-3043.036666 -846.766264 1599.563589
-2748.994330 -743.959839 1423.798355
-3862.489563 -1040.684339 2001.435101
-2360.780754 -595.502318 1228.316254
-4023.156610 -1015.653559 2092.716314
-3681.816864 -995.546245 1908.158014
-3459.100400 -968.048700 1812.275104
-3592.900277 -902.041258 1864.085719
-3004.352984 -892.577795 1695.712991
-2593.804652 -773.865336 1425.447716
-2683.243208 -800.007254 1469.310941
-3337.825748 -919.444372 1740.144314
-2801.973408 -838.362959 1550.404053
-2356.552060 -698.337345 1354.248280
-3934.602059 -1144.516283 2107.106793
-3491.659685 -1046.893338 1941.332073
-3437.850682 -1000.863287 1839.633951
-3205.704140 -934.149689 1820.071093
-2829.693246 -837.789152 1574.012339
-3934.039553 -1174.200735 2176.112706
-3942.012824 -1169.286254 2161.271886
-3712.797695 -1101.263324 2025.965958
-2660.418915 -788.568841 1450.301546
-3557.661351 -1052.671178 1935.990841
-2512.229052 -688.580501 1309.742266
-2546.269313 -753.874608 1386.824951
-3708.462890 -1096.793035 2019.826764
-2556.355460 -743.350261 1365.615732
-2884.040408 -852.286785 1566.514207
-3134.669118 -925.469229 1701.818758
-3018.254054 -825.440118 1572.387072
-2340.280510 -691.130001 1268.481371
-3022.525681 -825.605518 1575.361889
-2888.330191 -839.647592 1544.646438
-3035.423731 -865.512613 1603.313203
-2560.282001 -698.582274 1336.041335
-2967.073212 -860.348521 1585.924771
-2798.485668 -827.627668 1597.211251
-2619.264123 -774.003324 1496.002311
-1944.697588 -561.635310 1133.179261
-3711.153017 -1070.521314 2162.523392
-3132.262343 -870.699185 1646.770069
-3006.843183 -797.339406 1675.153146
-3307.282971 -906.493918 1721.116830
-2783.850374 -799.872075 1473.197804
-2717.322082 -781.621763 1435.631213
-3133.244111 -906.304699 1664.391728
-3628.785114 -1033.444832 1907.928068
-2715.135685 -802.211060 1470.354254
-2616.401814 -759.647456 1393.059553
-3725.243689 -946.819380 1933.360445
-3225.766015 -956.762488 1794.534262
-3582.963605 -1053.804594 1937.332360
-3361.257908 -922.144408 1747.570031
-3140.741537 -898.946369 1658.254878
-3644.640886 -1072.576353 1967.991621
-3262.149918 -944.984262 1899.968537
-3365.217462 -973.483064 1961.043369
-3795.553852 -1125.173839 2138.374759
-3652.556458 -860.010298 2099.074999
-3612.999174 -830.829998 2026.294684
-2483.207690 -569.636429 1356.018787
-2676.853752 -632.286220 1544.797676
-2705.711510 -681.064194 1594.088556
-2498.514966 -593.489117 1411.797724
-3168.121748 -856.551125 1705.561037
-2488.039771 -684.233862 1400.901066
-3322.908063 -886.850833 1888.450285
-3172.289067 -750.510863 1763.574663
-3246.836578 -935.372724 1851.047293
-3148.228441 -847.017382 1811.950075
-3102.544626 -881.429681 1656.350448
-2961.280857 -765.488241 1610.322659
-2678.054950 -746.561088 1548.225599
-2936.536250 -833.347935 1673.218529
-3962.770934 -1091.246622 2163.981128
-3288.632723 -861.918354 1902.900464
-3819.117345 -945.736535 2159.673745
-3463.560779 -908.223643 2004.587599
-2996.514771 -721.267525 1692.912860
-3159.774994 -848.992602 1824.389134
-3785.593000 -1055.890638 2188.131764
-2617.021329 -737.068782 1482.068268
-2771.608634 -703.684548 1516.572816
-3608.336069 -993.345923 1970.028436
-3530.159033 -859.778515 1897.292539
-2478.882379 -582.914106 1390.654260
-2693.424833 -647.958788 1520.865197
-2452.298290 -582.226815 1386.272937
-3594.921067 -989.837753 2024.699158
-2754.221787 -792.302980 1576.582588
-3220.488440 -759.321816 1793.489833
-2935.542245 -699.881229 1662.431799
-3664.802880 -1052.807962 1974.629981
-2846.987614 -813.640466 1547.480931
-2570.467565 -730.893955 1374.302939
-2475.405839 -631.338438 1445.359379
-3275.871930 -836.240418 1913.222275
-3234.767067 -825.913392 1888.905611
-2766.237399 -806.426474 1562.535047
-2591.028492 -696.388636 1495.964042
-2212.004339 -623.393497 1192.773792
-2628.096948 -770.715682 1507.347288
-2928.326203 -842.525315 1698.584743
-3299.150392 -930.920984 1835.295166
-2393.757414 -566.296519 1332.053361
-3335.942874 -896.411123 1924.473020
-3885.486567 -1110.376558 2246.149566
-3573.392568 -929.213422 2054.511177
-3192.701169 -752.529608 1742.563342
-2904.119396 -737.248332 1522.637745
-3147.738196 -912.592596 1791.232418
-2585.173516 -751.719271 1406.109659
-3259.045129 -834.946984 1743.040992
-2291.043025 -586.233550 1272.719430
-3872.700384 -1048.371402 2057.949626
-2708.744329 -671.751555 1565.694760
-3425.131335 -954.095075 1902.822698
-2699.748960 -635.456992 1502.660102
-2710.995744 -779.106373 1502.680208
-3626.563985 -859.834166 2049.506804
-2447.176382 -716.886637 1390.388151
-2901.679160 -799.486457 1529.966877
-3073.170982 -846.218574 1620.383598
-2824.858770 -699.250985 1632.735392
-3194.013658 -753.098871 1742.939541
-3291.236050 -850.098280 1896.394017
-3590.685312 -918.510639 1916.763546
-3242.585065 -953.737905 1833.812260
-2948.503687 -867.585343 1666.800715
-2976.721144 -746.438688 1585.355772
-3934.748314 -1154.963745 2195.940645
-3248.687234 -835.801561 1879.761778
-3116.411904 -781.491761 1659.017472
-2703.171088 -792.595513 1509.765883
-3017.423669 -884.353403 1683.463178
-3175.484477 -914.410376 1758.091579
-3131.302943 -852.060025 1764.498479
-2888.082355 -785.868819 1627.107083
-2859.877356 -817.273981 1647.229132
-2829.021180 -675.761494 1621.845124
-2671.246912 -734.187163 1457.630106
-2461.557966 -576.352487 1312.244701
-2829.777606 -653.249368 1549.974062
-2821.775398 -658.323038 1512.864096
-2822.947050 -655.668130 1518.425670
-3593.321413 -858.426387 1901.909677
-3220.031261 -755.873468 1719.968501
-3220.043984 -754.924120 1720.660513
-2692.089611 -628.212322 1481.380854
-2918.734159 -833.337023 1586.012178
-3589.755342 -1025.938612 1948.730084
-2742.944065 -785.379804 1490.049811
-2799.567796 -651.503244 1535.944449
-2319.862456 -597.481298 1209.047359
-3768.355760 -968.662443 1963.627504
-3873.636575 -995.170913 2020.190286
-2869.574951 -737.177639 1494.996082
-3455.832482 -887.617840 1801.887681
-3529.813019 -906.403660 1839.079889
-2871.592172 -737.037322 1496.504178
-3415.230596 -794.524366 1879.287654
-2446.594072 -568.848399 1346.977040
-2463.564847 -634.430429 1424.125395
-2199.185999 -587.104041 1250.816355
-2534.246343 -583.876656 1387.957642
-2184.893241 -506.587194 1211.938082
-2937.757681 -754.773145 1529.618275
-3179.633748 -819.197678 1654.419266
-3041.332302 -858.606747 1692.366775
-3045.420087 -783.739143 1586.127029
-3535.977468 -823.866488 1941.386543
-3161.463465 -736.063815 1740.605282
-3316.007149 -974.962095 1885.081713
-2513.246874 -620.715370 1313.453319
-3074.160228 -847.053700 1620.143205
-3088.174369 -714.848109 1656.041104
-3272.095619 -758.216161 1753.604880
-2896.325936 -743.357245 1506.820310
-2789.994578 -715.938585 1451.652611
-3024.106595 -703.273932 1660.277793
-3831.384490 -884.008039 2106.479495
-2512.689979 -619.550759 1313.332218
-3824.921504 -1009.165486 2133.239447
-2057.512059 -542.881044 1146.833465
-2476.208224 -635.210518 1286.627078
-2379.633473 -626.380024 1326.175432
-3278.284654 -882.969764 1832.218404
-3121.225717 -841.517390 1744.023290
-3712.498410 -1034.108109 2147.158127
-3878.868343 -1080.876268 2243.613349
-3231.097493 -926.464836 1853.822462
-2040.191519 -506.332648 1095.507390
-3204.674518 -771.193466 1809.409124
-3163.098587 -790.664056 1772.460447
-2778.994346 -797.098556 1595.519355
-3408.417595 -823.226751 1802.454655
-3158.269416 -903.144160 1777.068842
-3055.432835 -819.778379 1803.287084
-3664.691079 -1009.389670 2063.126988
-3417.794346 -939.974042 1922.875913
-3190.929439 -834.386595 1889.547769
-2488.645143 -591.535903 1412.911689
-2807.152661 -792.528284 1514.286676
-3691.732157 -1043.610321 2165.748896
-2554.081930 -606.984973 1449.330336
-2677.005794 -742.278807 1568.091003
-3807.940148 -952.282668 2215.560909
-3122.360406 -866.572045 1830.817818
-2720.173844 -773.254656 1594.136957
-3451.531555 -885.893953 2036.876150
-3446.031246 -885.928523 2033.897791
-2340.184846 -643.406699 1372.364183
-2521.356280 -648.737204 1487.203612
-2537.279957 -652.719954 1496.756646
-3303.688458 -908.056244 1935.936008
-3144.475881 -822.655879 1862.887852
-2130.586046 -496.041307 1191.472182
-3838.708215 -1032.658946 2265.015419
-2662.779262 -659.498591 1559.217488
-2668.694678 -682.674365 1423.329168
-2598.240825 -690.352506 1439.092629
-3217.277802 -848.585329 1903.042642
-2902.105478 -725.136788 1689.613874
-3569.460671 -1040.667284 2053.079885
-2636.060934 -779.564438 1471.750446
-2561.713800 -724.727963 1504.591024
-2732.377931 -716.731234 1621.709135
-2852.267938 -763.858888 1681.906068
-2777.139972 -702.198303 1642.558780
-2252.841905 -569.489512 1331.071856
-3780.326305 -890.304976 2175.138473
-3311.716500 -906.968818 1858.621619
-2226.074415 -548.549770 1295.782011
-3299.095578 -826.081108 1820.249320
-3636.410003 -910.613626 2005.867795
-3719.614861 -931.573569 2052.142626
-3942.556696 -921.241034 2113.443542
-2484.682665 -580.964326 1331.957857
-3382.196751 -791.835609 1909.981831
-3004.138102 -712.635548 1724.798920
-3485.915535 -835.182744 1841.063399
-2804.463069 -644.440865 1565.717152
-3225.636216 -762.108270 1856.742253
-2684.641952 -635.819697 1541.682953
-3230.885773 -765.673131 1858.084608
-2827.243812 -648.356776 1574.095730
-3003.816801 -699.012028 1702.273224
-3041.129031 -698.488028 1696.559248
-3248.246292 -765.857813 1869.589699
-3123.864259 -737.971450 1799.741935
-2538.544340 -621.004935 1448.466023
-3418.983365 -821.206123 1977.685628
-2304.138476 -532.796097 1256.625231
-3775.030695 -872.088347 2113.235338
-2671.202775 -627.468318 1516.432330
-3515.193073 -826.248525 1996.598787
-2560.863797 -592.328148 1434.697200
-2406.248351 -572.941626 1389.315112
-3577.108902 -827.679467 2003.478507
-3473.626425 -850.659109 2037.039665
-3108.741942 -769.557699 1828.236318
-2958.821052 -715.865403 1724.479851
-2522.405569 -640.375541 1481.686205
-3520.880692 -864.498731 2066.411883
-2851.024853 -720.014163 1682.236677
-3499.932900 -862.289898 2054.977394
-3910.097302 -998.883246 2031.384812
-2563.980670 -655.333937 1331.697085
-2471.688550 -595.679927 1304.438187
-2181.528620 -503.154017 1175.238651
-2565.010313 -618.561008 1348.396088
-2748.658569 -632.399127 1487.583994
-3287.687696 -756.245620 1778.714530
-3127.813908 -724.282147 1704.934436
-3844.954013 -964.429460 2252.936858
-2844.370235 -803.670697 1667.489493
-2752.456045 -655.186162 1452.496288
-2318.218821 -535.248999 1308.256886
-3310.974067 -758.610551 1806.296420
-2963.320887 -784.589881 1648.178467
-2916.896552 -771.550108 1624.004651
-3627.459024 -876.131448 2111.780875
-2390.253912 -563.280079 1360.269174
-3192.537743 -734.585320 1789.057846
-2237.644332 -652.682100 1290.006289
-3125.750464 -914.015016 1803.773338
-3236.182343 -819.676096 1905.962066
-3303.916654 -872.409516 1954.521407
-2872.648229 -802.950456 1696.138566
-3005.784011 -732.595271 1759.482730
-3695.627416 -931.841096 1916.785287
-3861.017929 -975.717333 1991.474993
-2791.960775 -746.783237 1441.995077
-2530.910162 -737.841029 1362.472153
-2903.933393 -849.158229 1562.572675
-2774.508094 -814.007055 1577.046488
-3874.709957 -912.893942 2173.434709
-3416.506314 -969.690423 1920.382302
-3148.287036 -900.962645 1796.139269
-2520.047539 -650.628607 1359.830836
-3153.293881 -912.031603 1796.919847
-2790.653365 -720.877421 1505.308821
-3893.073481 -947.740225 2092.734504
-3319.065575 -860.605503 1833.311528
-3309.758601 -971.350259 1878.684323
-3842.705308 -1106.991263 2073.510925
-3525.945215 -908.923875 1908.547299
-2870.429832 -826.069427 1548.626571
-3658.222457 -1058.557968 2086.361141
-3303.309440 -968.273512 1875.184590
-3601.821640 -932.514206 1990.031772
-3271.508353 -940.358204 1898.593853
-3533.692124 -915.359479 1952.046466
-3319.654034 -880.396239 1726.043980
-2616.229821 -692.766512 1360.276326
-3780.878522 -891.573754 2064.413452
-3282.610974 -940.029747 1743.447083
-3957.377589 -1050.998112 2219.536507
-3331.988289 -878.262784 1863.721526
-2872.090862 -831.998199 1571.804722
-2475.319075 -640.502097 1367.382566
-3867.747927 -1070.830551 2147.585076
-3304.954000 -968.462697 1875.777359
-3542.878466 -1045.951858 1998.315615
-3731.995597 -988.792342 2087.447585
-3770.042373 -1055.885636 2109.955930
-3791.772813 -1118.812516 2071.531212
-3554.938980 -1058.237867 1964.505172
-3234.288727 -948.445813 1848.780552
-3883.585447 -1139.002307 2219.149329
-3552.802953 -1038.653944 1990.049487
-3578.217139 -945.525422 2002.830821
-3627.048697 -835.187202 1986.556842
-2774.426604 -814.748167 1577.069232
-2863.668110 -668.759532 1580.817256
-3705.201259 -913.352584 2041.710325
-2822.040131 -776.281865 1539.116272
-2797.890061 -650.046280 1552.840114
-2760.381551 -641.997698 1532.923314
-3839.453854 -1024.978753 1982.207065
-3885.136390 -1025.254924 2005.563961
-3175.699534 -777.183355 1649.901975
-2621.432356 -738.303287 1379.231568
-3564.682335 -841.186022 1882.074604
-3851.530428 -907.423745 2037.446597
-3989.360763 -971.436112 2073.318236
-3078.660256 -797.080865 1587.101934
-2910.276974 -731.073467 1505.915747
-3005.578564 -848.778686 1582.635259
-2293.868729 -613.209434 1191.315993
-2792.936136 -818.149623 1576.151999
-2919.036617 -824.707848 1535.821405
-2916.421904 -824.860966 1533.692883
-4009.340937 -1011.271498 2090.332488
-3447.415411 -971.034812 1814.809280
-3295.164814 -800.149070 1718.742094
-2793.662204 -682.149617 1458.950078
-3038.070768 -750.239575 1580.049278
-3308.092285 -828.122220 1759.426859
-3720.173424 -862.852918 2046.849000
-3761.924101 -1007.355485 2116.388616
-3369.173334 -843.712425 1791.873790
-2721.708636 -757.586132 1423.850589
-2848.489752 -794.584802 1490.695113
-2959.715747 -700.824735 1568.321010
-3972.626344 -1107.322426 2078.242997
-3577.500341 -847.509026 1892.983031
-3447.111436 -817.490956 1823.462250
-2869.137858 -680.186525 1522.374535
-2498.855523 -672.809595 1291.494560
-3092.006555 -809.229369 1595.440324
-3662.937709 -959.593345 1891.226020
-2997.060597 -786.068031 1545.021618
-2994.829546 -788.089110 1547.038460
-2357.592219 -557.303653 1245.861950
-2739.756791 -649.558488 1451.163181
-2456.527434 -582.191672 1301.590821
-3060.701343 -748.269394 1592.157314
-2889.644559 -772.101852 1493.441718
-3680.617626 -969.215381 1898.054291
-3515.599197 -925.735152 1812.584417
-3802.754538 -1111.744555 2055.610677
-3140.982351 -881.888858 1646.449627
-3286.929998 -854.410179 1698.019470
-2020.097510 -469.468396 1114.759630
-3330.329592 -837.486996 1733.462608
-2556.897473 -642.440743 1330.990844
-3234.811778 -951.461695 1753.239973
-2045.212064 -605.117039 1148.521750
-3891.401099 -1142.327318 2223.911512
-3258.928479 -781.067430 1706.184328
-3405.565755 -825.322897 1776.086164
-3841.115532 -1064.139366 2017.402465
-2484.205777 -654.186469 1381.838099
-2260.667612 -595.041779 1258.005460
-2617.520226 -711.553104 1354.619214
-3975.188005 -1109.895313 2074.891801
-2510.965660 -685.953106 1300.933735
-2624.689495 -623.305378 1386.708068
-3156.139349 -860.366615 1635.031578
-3147.839894 -796.372786 1633.006460
-3522.152741 -990.174457 1841.289879
-3252.627915 -919.549589 1708.626861
-3200.392591 -758.924484 1691.267825
-2800.298171 -780.303038 1461.698681
-3056.721627 -860.153641 1599.363289
-3168.634745 -887.436811 1655.212156
-2173.296867 -643.824635 1222.418007
-2925.296565 -871.541444 1660.770207
-3662.175956 -1054.677286 2153.928501
-3777.364357 -1122.121893 2169.749812
-2810.234542 -835.773403 1612.067239
-2576.864361 -723.836424 1508.791822
-2930.541573 -850.621265 1667.142305
-3662.408743 -1071.455166 2060.034422
-2529.714696 -740.273635 1421.887137
-2256.883431 -646.798773 1324.292750
-3614.067400 -902.361551 2113.460191
-3596.445216 -876.988817 1976.366297
-3058.165669 -819.236896 1809.503261
-2779.746979 -806.333093 1580.230749
-3091.334787 -878.819716 1810.656021
-2716.937610 -772.236048 1591.876982
-3785.889216 -1004.897574 2243.941489
-2907.178660 -711.978720 1696.870205
-3173.812264 -776.913200 1854.250268
-2734.367288 -668.758686 1596.825071
-3160.899799 -792.733748 1649.394289
-3915.460150 -1031.110696 2188.191408
-3335.582259 -873.736307 1852.056943
-3638.073954 -965.903538 2039.517808
-3650.179854 -1087.859067 2040.485465
-3594.267976 -1044.863115 1930.999288
-3753.363032 -1093.681592 2017.195760
-2566.811377 -768.382436 1435.529921
-3566.211536 -1061.371881 2023.951748
-3691.738342 -1072.283822 1985.396571
-2551.926158 -761.919575 1410.131205
-2420.538687 -721.737427 1337.227195
-3294.434334 -974.202467 1854.076282
-3685.242420 -1088.783304 2071.549935
-2815.488554 -829.459828 1610.272624
-2941.259575 -869.856173 1656.391413
-3151.019036 -859.328386 1857.100627
-3184.038428 -917.520665 1857.122306
-3490.803443 -1035.183311 1949.635331
-3571.311786 -971.685836 2105.170368
-3432.417333 -1014.237926 1983.354899
-3729.036674 -1059.250286 2201.012813
-2422.743066 -719.283622 1353.233460
-2621.065569 -680.984732 1436.457348
-2621.180615 -680.940968 1436.513548
-2836.109357 -839.668842 1605.047332
-2807.523190 -702.294491 1649.697957
-2969.187298 -839.633159 1752.110836
-2783.214394 -816.187419 1616.796063
-3683.067404 -996.155978 2185.697337
-3536.318018 -885.658168 2079.158933
-3299.456292 -938.868613 1947.707185
-3904.674168 -1025.403085 2320.323799
-3381.105057 -899.313815 2011.268655
-2890.339808 -795.143143 1700.554532
-3066.519745 -898.755585 1786.368232
-2348.211255 -688.470198 1367.669806
-3548.912493 -1009.938833 2094.663162
-3732.110789 -873.281603 2129.900636
-3018.650492 -705.845069 1703.741702
-3146.086786 -890.073607 1854.549223
-3832.820836 -1120.336793 2202.255102
-3400.807672 -892.828400 2010.568702
-3182.182558 -804.788701 1849.873492
-3208.370769 -843.330293 1774.557959
-2797.766369 -649.382124 1553.308012
-2805.815667 -673.150888 1625.950494
-2973.051937 -827.142258 1749.534192
-3312.131876 -923.824098 1950.169072
-3755.502798 -881.752906 2134.963721
-2270.333610 -580.990664 1346.636978
-2368.870770 -662.265550 1400.711933
-3299.630452 -924.495011 1952.374545
-3245.250529 -831.016605 1673.271993
-3876.343930 -971.157012 2002.102028
-3183.497015 -772.785293 1652.567665
-3142.828938 -866.385339 1639.989700
-2323.442471 -604.480077 1205.388191
-3190.788205 -814.242416 1655.843223
-2579.684412 -662.931736 1432.439181
-3712.925368 -1006.191028 1930.322858
-4007.005852 -957.502404 2100.726003
-2835.278703 -722.813657 1470.675249
-3157.250518 -733.569693 1680.509612
-3107.454662 -725.102431 1739.773322
-3313.062106 -879.651453 1711.379004
-2959.660230 -785.575834 1532.212578
-3469.825127 -968.467177 1813.958860
-2493.822798 -624.894709 1292.834007
-3678.942441 -1077.398160 2074.365568
-3516.773894 -825.617742 2004.329928
-3441.868135 -1028.576435 1893.058568
-3549.449539 -1058.297338 1942.781630
-2854.887350 -848.565581 1557.210955
-2782.741948 -813.819382 1613.607952
-3594.152127 -1050.312044 1927.213725
-2320.764886 -693.195492 1312.288362
-2891.503502 -846.424489 1551.188453
-3305.508358 -868.748406 1954.689032
-2433.969899 -722.711692 1331.326187
-3135.546570 -927.829577 1771.020341
-2484.362707 -655.363437 1388.516782
-2723.684754 -802.646941 1473.555884
-3155.244222 -932.739186 1781.135736
-3524.430268 -1017.645838 2056.814560
-2680.584458 -789.798056 1545.008781
-2924.176148 -846.413323 1708.015773
-3083.232681 -904.239428 1787.399036
-2790.536212 -827.931568 1593.026925
-3572.415483 -1034.812831 2088.117992
-2318.764437 -543.211678 1326.906963
-3004.476516 -688.617303 1637.354743
-3337.455294 -766.877606 1867.327743
-2975.646741 -684.845624 1679.738926
-2779.281327 -631.966013 1528.963399
-3804.337234 -875.407787 2129.663301
-2335.466615 -662.275434 1224.556567
-2678.248542 -796.191006 1463.969955
-2474.248703 -587.135829 1305.635091
-3689.153047 -1012.475209 1913.636441
-2454.555952 -721.185167 1323.234110
-3155.804613 -934.933012 1777.102157
-3624.116816 -978.193533 2167.120027
-2692.360510 -721.896316 1599.063121
-2917.347763 -733.435525 1714.636513
-3171.008880 -786.522769 1870.470435
-2720.386223 -672.647395 1604.881550
-2636.735722 -650.937720 1553.089597
-2404.150404 -589.757757 1413.461086
-2883.825290 -774.698466 1713.620897
-2487.202529 -609.896394 1460.415524
-2733.778811 -666.385925 1605.884694
-3109.590794 -753.384146 1822.641986
-3740.355209 -1078.575330 2201.225623
-3319.682915 -955.467120 1953.158689
-3407.432260 -957.218563 2026.101698
-3140.557806 -892.653285 1860.349492
-3411.715300 -990.483586 1992.304883
-2840.727434 -732.626069 1690.680881
-3267.266956 -877.843150 1951.072042
-3027.981610 -815.903315 1801.658061
-3456.788997 -895.881463 2057.761807
-3568.950627 -926.270988 2128.564098
-2885.674172 -749.835875 1719.531901
-3315.468049 -863.699755 1975.874404
-2438.404729 -642.475305 1457.876590
-2811.957361 -744.776036 1676.017634
-2714.195035 -787.388163 1586.470509
