TARGETID,p_void,p_sheet,p_filament,p_knot,H
39627794417716240,0.0,1.0,0.0,0.0,-0.0
39627812520332263,0.0,0.91,0.09,0.0,0.21823490853205144
39627794417714379,0.0,0.83,0.17,0.0,0.32885238937210975
39627788382112425,0.0,1.0,0.0,0.0,-0.0
39627812520331482,0.0,1.0,0.0,0.0,-0.0
39627800457513397,0.0,0.96,0.04,0.0,0.12114609454120741
39627788377918519,0.0,0.52,0.48,0.0,0.4994227679976009
39627794388360060,0.0,0.68,0.32,0.0,0.45219072886224687
39627794388360220,0.0,0.45,0.55,0.0,0.49638722699390414
39627782325536238,0.0,0.16,0.84,0.0,0.3171547773202831
39627746082557094,0.0,0.39,0.61,0.0,0.4823997742525436
39627788340172609,0.0,0.85,0.15,0.0,0.3049201523582002
39627752118157672,0.0,0.71,0.29,0.0,0.43436062316970225
39627776285737082,0.0,0.63,0.37,0.0,0.47533604634353294
39627752113969090,0.0,0.92,0.08,0.0,0.2010895951011364
39627782312956657,0.0,0.96,0.04,0.0,0.12114609454120741
39627752122354517,0.0,0.56,0.44,0.0,0.4947937606110278
39627752122354027,0.0,0.39,0.61,0.0,0.4823997742525436
39627764189369788,0.0,0.58,0.42,0.0,0.49072694751682683
39627758141180418,0.0,0.12,0.88,0.0,0.2646804326436822
39627752118163060,0.0,0.15,0.85,0.0,0.3049201523582002
39627782312956036,0.0,0.04,0.95,0.01,0.16124668093016215
39627764185170311,0.0,0.8,0.2,0.0,0.36096404744368116
39627746078366147,0.0,0.99,0.01,0.0,0.04039656794795559
39627770258525667,0.0,0.62,0.38,0.0,0.47902101111314976
39627746074167811,0.0,0.08,0.92,0.0,0.2010895951011364
39627758136985600,0.0,0.02,0.96,0.02,0.14114609454120738
39627800432349944,0.0,0.89,0.11,0.0,0.249957979082264
39627764214531564,0.0,0.05,0.95,0.0,0.14319847855797813
39627782308760075,0.0,0.57,0.43,0.0,0.4929075185894599
39627764214535015,0.0,0.02,0.98,0.0,0.07072027127091034
39627758136984115,0.0,0.22,0.78,0.0,0.38008375148098283
39627764185170113,0.0,0.18,0.82,0.0,0.34003852286413994
39627800444929208,0.0,0.01,0.99,0.0,0.04039656794795559
39627746082557820,0.0,0.77,0.23,0.0,0.38900565177326885
39627746082557402,0.0,0.39,0.61,0.0,0.4823997742525436
39627746082557517,0.0,0.07,0.93,0.0,0.18296182545011158
39627740038563960,0.0,0.1,0.9,0.0,0.2344977967946406
39627746090943955,0.0,0.99,0.01,0.0,0.04039656794795559
39627800449124193,0.0,0.93,0.07,0.0,0.18296182545011158
39627758153762420,0.0,0.22,0.78,0.0,0.38008375148098283
39627764214534973,0.0,0.12,0.88,0.0,0.2646804326436822
39627770245943931,0.0,0.73,0.27,0.0,0.42073231810408784
39627776264766353,0.0,0.01,0.93,0.06,0.20367037270049304
39627770245943607,0.0,0.66,0.34,0.0,0.46240935248651505
39627764214534277,0.0,0.61,0.39,0.0,0.4823997742525436
39627746082556530,0.0,0.13,0.87,0.0,0.2787190925139945
39627776268965173,0.0,0.83,0.17,0.0,0.32885238937210975
39627746082557929,0.0,0.05,0.95,0.0,0.14319847855797813
39627752134936782,0.0,0.22,0.78,0.0,0.38008375148098283
39627782312953310,0.01,0.99,0.0,0.0,0.04039656794795559
39627776268960012,0.0,0.4,0.6,0.0,0.4854752972273343
39627764218728009,0.0,0.93,0.07,0.0,0.18296182545011158
39627752134937644,0.0,0.95,0.05,0.0,0.14319847855797813
39627752134937583,0.0,0.51,0.49,0.0,0.49985572087640495
39627776264771798,0.01,0.98,0.01,0.0,0.08072027127091033
39627764218727492,0.0,0.06,0.94,0.0,0.16372245957723813
39627752134937458,0.0,0.55,0.45,0.0,0.49638722699390414
39627752134937439,0.0,0.05,0.94,0.01,0.1832231322266888
39627764218727399,0.0,0.68,0.32,0.0,0.45219072886224687
39627752134937298,0.0,0.12,0.88,0.0,0.2646804326436822
39627776273155542,0.0,0.5,0.5,0.0,0.5
39627752134937162,0.0,0.26,0.74,0.0,0.4133731862463089
39627746078363054,0.0,0.37,0.63,0.0,0.47533604634353294
39627800423962185,0.0,0.24,0.76,0.0,0.39752013969226113
39627764218729494,0.0,0.94,0.06,0.0,0.16372245957723813
39627764218729430,0.0,0.81,0.19,0.0,0.3507357299419487
39627752126551438,0.0,0.9,0.1,0.0,0.2344977967946406
39627764218729225,0.0,0.37,0.63,0.0,0.47533604634353294
39627764218729204,0.0,0.49,0.51,0.0,0.49985572087640495
39627764218729034,0.0,0.0,0.99,0.01,0.04039656794795559
39627752134937876,0.0,0.95,0.05,0.0,0.14319847855797813
39627776268960234,0.0,0.67,0.33,0.0,0.4574631863898637
39627782325535479,0.0,0.95,0.05,0.0,0.14319847855797813
39627764189367982,0.0,0.94,0.06,0.0,0.16372245957723813
39627800423962238,0.0,0.38,0.62,0.0,0.47902101111314976
39627746095138223,0.0,0.89,0.11,0.0,0.249957979082264
39627788365333852,0.0,0.01,0.94,0.05,0.1832231322266888
39627770254330238,0.0,0.55,0.45,0.0,0.49638722699390414
39627752134936446,0.0,0.27,0.73,0.0,0.42073231810408784
39627752134936416,0.0,0.95,0.05,0.0,0.14319847855797813
39627782312952223,0.0,0.22,0.78,0.0,0.38008375148098283
39627758178929926,0.0,0.53,0.47,0.0,0.4987007942838698
39627746095138828,0.0,0.72,0.28,0.0,0.4277254052800653
39627788365335339,0.0,0.65,0.35,0.0,0.4670340276877455
39627782312957185,0.0,0.24,0.76,0.0,0.39752013969226113
39627746090943766,0.0,0.38,0.62,0.0,0.47902101111314976
39627782312957031,0.0,0.02,0.98,0.0,0.07072027127091034
39627782312956966,0.0,0.15,0.85,0.0,0.3049201523582002
39627800419767492,0.0,1.0,0.0,0.0,-0.0
39627800419767384,0.0,0.53,0.47,0.0,0.4987007942838698
39627752101382649,0.0,0.08,0.92,0.0,0.2010895951011364
39627746090947188,0.0,0.48,0.52,0.0,0.4994227679976009
39627800419767376,0.0,0.07,0.87,0.06,0.3434413768995147
39627746090943704,0.0,0.76,0.24,0.0,0.39752013969226113
39627752126547113,0.0,0.69,0.31,0.0,0.4465867291889284
39627764218727371,0.0,0.05,0.95,0.0,0.14319847855797813
39627746095138290,0.0,0.14,0.86,0.0,0.292119405821428
39627746082554294,0.0,0.31,0.69,0.0,0.4465867291889284
39627776273155440,0.0,0.1,0.9,0.0,0.2344977967946406
39627752126547504,0.0,0.04,0.96,0.0,0.12114609454120741
39627782312952035,0.0,0.01,0.98,0.01,0.08072027127091033
39627782317146199,0.0,0.22,0.78,0.0,0.38008375148098283
39627746082554455,0.0,0.96,0.04,0.0,0.12114609454120741
39627764218729766,0.0,0.3,0.7,0.0,0.44064544961534635
39627752126547233,0.0,0.06,0.93,0.01,0.20367037270049304
39627746090943511,0.0,0.87,0.13,0.0,0.2787190925139945
39627764214530131,0.0,0.36,0.64,0.0,0.4713415946277461
39627788356946884,0.0,0.44,0.56,0.0,0.4947937606110278
39627800419763729,0.0,0.65,0.35,0.0,0.4670340276877455
39627794388353476,0.0,0.8,0.2,0.0,0.36096404744368116
39627764197758600,0.0,0.01,0.99,0.0,0.04039656794795559
39627776298320136,0.0,0.04,0.95,0.01,0.16124668093016215
39627758170538986,0.0,0.45,0.55,0.0,0.49638722699390414
39627776298319939,0.0,0.28,0.72,0.0,0.4277254052800653
39627758162152240,0.0,0.92,0.08,0.0,0.2010895951011364
39627758170538861,0.0,0.15,0.85,0.0,0.3049201523582002
39627794405132514,0.0,0.35,0.65,0.0,0.4670340276877455
39627752118158833,0.0,0.52,0.48,0.0,0.4994227679976009
39627764214530473,0.0,0.04,0.96,0.0,0.12114609454120741
39627758162153997,0.0,0.13,0.87,0.0,0.2787190925139945
39627752118162013,0.0,0.12,0.88,0.0,0.2646804326436822
39627752122353636,0.0,0.2,0.8,0.0,0.36096404744368116
39627764214530313,0.0,0.03,0.97,0.0,0.0971959289157881
39627740042757976,0.0,0.29,0.71,0.0,0.43436062316970225
39627776260572391,0.0,0.62,0.38,0.0,0.47902101111314976
39627752118161949,0.0,0.16,0.84,0.0,0.3171547773202831
39627758170538678,0.0,0.2,0.8,0.0,0.36096404744368116
39627764172590207,0.0,0.03,0.95,0.02,0.1674722434193448
39627752118161853,0.0,0.02,0.92,0.06,0.23354072007950172
39627764185171024,0.0,0.16,0.84,0.0,0.3171547773202831
39627764201947501,0.0,0.59,0.41,0.0,0.488250234378912
39627794400940915,0.0,0.58,0.42,0.0,0.49072694751682683
39627794388355557,0.0,0.61,0.39,0.0,0.4823997742525436
39627788377916906,0.0,0.31,0.69,0.0,0.4465867291889284
39627764180982564,0.0,0.79,0.21,0.0,0.37074136996563684
39627752118162850,0.0,0.45,0.55,0.0,0.49638722699390414
39627752105579856,0.0,0.74,0.26,0.0,0.4133731862463089
39627770258526423,0.0,0.3,0.7,0.0,0.44064544961534635
39627752105579846,0.0,0.46,0.54,0.0,0.49768921941011285
39627752105579785,0.0,0.64,0.36,0.0,0.4713415946277461
39627758162150929,0.0,0.11,0.89,0.0,0.249957979082264
39627764180977257,0.0,0.56,0.44,0.0,0.4947937606110278
39627758162150665,0.0,0.41,0.59,0.0,0.488250234378912
39627752118162773,0.0,1.0,0.0,0.0,-0.0
39627794409329729,0.0,0.58,0.42,0.0,0.49072694751682683
39627740042757384,0.0,0.89,0.11,0.0,0.249957979082264
39627770229167258,0.0,0.58,0.42,0.0,0.49072694751682683
39627764180981526,0.0,0.17,0.83,0.0,0.32885238937210975
39627752118161179,0.0,0.27,0.73,0.0,0.42073231810408784
39627764201949058,0.0,0.81,0.19,0.0,0.3507357299419487
39627800436543473,0.0,0.05,0.95,0.0,0.14319847855797813
39627782300370375,0.0,0.89,0.11,0.0,0.249957979082264
39627764185170045,0.0,0.59,0.41,0.0,0.488250234378912
39627746090945726,0.0,0.19,0.81,0.0,0.3507357299419487
39627782300369764,0.0,0.0,0.9,0.1,0.2344977967946406
39627752105576993,0.0,0.13,0.87,0.0,0.2787190925139945
39627752109769557,0.0,0.0,0.97,0.03,0.0971959289157881
39627794409329699,0.0,0.76,0.24,0.0,0.39752013969226113
39627788356947136,0.0,0.66,0.34,0.0,0.46240935248651505
39627752118162024,0.0,0.1,0.9,0.0,0.2344977967946406
39627746090947269,0.0,0.24,0.76,0.0,0.39752013969226113
39627764210336780,0.0,0.0,1.0,0.0,-0.0
39627788361140056,0.0,0.61,0.39,0.0,0.4823997742525436
39627782300374393,0.0,0.97,0.03,0.0,0.0971959289157881
39627758136983814,0.0,0.72,0.28,0.0,0.4277254052800653
39627764197753412,0.0,0.85,0.15,0.0,0.3049201523582002
39627752118157872,0.0,0.43,0.57,0.0,0.4929075185894599
39627788356945625,0.0,0.39,0.61,0.0,0.4823997742525436
39627752118157884,0.0,0.57,0.43,0.0,0.4929075185894599
39627758136983752,0.0,0.01,0.96,0.03,0.13737165703039006
39627764180981072,0.0,0.75,0.25,0.0,0.4056390622295664
39627776260577077,0.0,0.85,0.15,0.0,0.3049201523582002
39627740042758873,0.0,0.74,0.26,0.0,0.4133731862463089
39627740038566627,0.0,0.55,0.45,0.0,0.49638722699390414
39627782333923673,0.0,0.97,0.03,0.0,0.0971959289157881
39627740042759223,0.0,0.98,0.02,0.0,0.07072027127091034
39627740042758361,0.0,0.97,0.03,0.0,0.0971959289157881
39627758136983931,0.0,0.08,0.92,0.0,0.2010895951011364
39627740038566944,0.0,0.0,1.0,0.0,-0.0
39627764180979635,0.0,0.75,0.25,0.0,0.4056390622295664
39627740042758598,0.0,0.63,0.37,0.0,0.47533604634353294
39627740042758523,0.0,0.3,0.7,0.0,0.44064544961534635
39627740038566921,0.0,0.0,1.0,0.0,-0.0
39627752105575929,0.0,0.67,0.33,0.0,0.4574631863898637
39627740042758414,0.0,0.4,0.6,0.0,0.4854752972273343
39627776256378633,0.0,0.0,1.0,0.0,-0.0
39627770224971358,0.0,0.55,0.45,0.0,0.49638722699390414
39627776256382958,0.0,0.12,0.88,0.0,0.2646804326436822
39627752118157935,0.0,0.11,0.88,0.01,0.28950944366190023
39627740042758783,0.0,0.31,0.69,0.0,0.4465867291889284
39627752122354431,0.0,0.09,0.91,0.0,0.21823490853205144
39627770258524324,0.0,0.48,0.52,0.0,0.4994227679976009
39627752118158699,0.0,0.48,0.52,0.0,0.4994227679976009
39627794400940975,0.0,0.15,0.85,0.0,0.3049201523582002
39627764206143133,0.0,0.74,0.26,0.0,0.4133731862463089
39627764214532642,0.0,0.68,0.32,0.0,0.45219072886224687
39627740042758115,0.0,0.0,0.99,0.01,0.04039656794795559
39627758162154018,0.0,0.92,0.08,0.0,0.2010895951011364
39627746074166876,0.0,0.18,0.82,0.0,0.34003852286413994
39627752118158092,0.0,0.75,0.25,0.0,0.4056390622295664
39627752118158132,0.0,0.0,1.0,0.0,-0.0
39627764180980518,0.0,0.02,0.98,0.0,0.07072027127091034
39627764214530613,0.0,0.07,0.93,0.0,0.18296182545011158
39627788348557151,0.0,0.06,0.94,0.0,0.16372245957723813
39627782300374689,0.0,0.03,0.97,0.0,0.0971959289157881
39627752118162541,0.0,0.88,0.12,0.0,0.2646804326436822
39627770229167707,0.0,0.01,0.83,0.16,0.3562867308783886
39627758174732841,0.0,0.59,0.41,0.0,0.488250234378912
39627758170538407,0.0,0.05,0.95,0.0,0.14319847855797813
39627770220774823,0.0,0.82,0.18,0.0,0.34003852286413994
39627764180978352,0.0,0.14,0.86,0.0,0.292119405821428
39627764172590649,0.0,0.8,0.2,0.0,0.36096404744368116
39627758162154456,0.0,0.49,0.51,0.0,0.49985572087640495
39627764180978153,0.0,0.94,0.06,0.0,0.16372245957723813
39627770220775508,0.0,0.16,0.84,0.0,0.3171547773202831
39627764180979912,0.0,0.95,0.05,0.0,0.14319847855797813
39627758166344425,0.0,0.04,0.9,0.06,0.283045326517374
39627740042756716,0.0,0.53,0.47,0.0,0.4987007942838698
39627758166344032,0.0,0.72,0.28,0.0,0.4277254052800653
39627758162154697,0.0,0.49,0.51,0.0,0.49985572087640495
39627764180977857,0.0,0.05,0.94,0.01,0.1832231322266888
39627740042756721,0.0,0.13,0.87,0.0,0.2787190925139945
39627740042756557,0.0,0.67,0.33,0.0,0.4574631863898637
39627794400937832,0.0,0.98,0.02,0.0,0.07072027127091034
39627770220775234,0.0,0.73,0.27,0.0,0.42073231810408784
39627758166343827,0.0,0.0,0.99,0.01,0.04039656794795559
39627770220775332,0.0,0.99,0.01,0.0,0.04039656794795559
39627770245941109,0.0,0.65,0.35,0.0,0.4670340276877455
39627740042756946,0.0,0.48,0.52,0.0,0.4994227679976009
39627758166344048,0.0,0.45,0.55,0.0,0.49638722699390414
39627764172589840,0.0,0.53,0.47,0.0,0.4987007942838698
39627758166344092,0.0,0.85,0.15,0.0,0.3049201523582002
39627794405130534,0.0,0.04,0.96,0.0,0.12114609454120741
39627758166344104,0.0,0.47,0.53,0.0,0.4987007942838698
39627740042756487,0.0,0.01,0.93,0.06,0.20367037270049304
39627740042756463,0.0,0.4,0.6,0.0,0.4854752972273343
39627788340170716,0.0,0.32,0.68,0.0,0.45219072886224687
39627758166346995,0.0,0.9,0.1,0.0,0.2344977967946406
39627758166346975,0.0,0.96,0.04,0.0,0.12114609454120741
39627764189369613,0.0,0.08,0.92,0.0,0.2010895951011364
39627770245943686,0.0,0.33,0.67,0.0,0.4574631863898637
39627758166346873,0.0,0.16,0.84,0.0,0.3171547773202831
39627758166346806,0.0,0.63,0.37,0.0,0.47533604634353294
39627764176786475,0.0,0.96,0.04,0.0,0.12114609454120741
39627770220774517,0.0,0.0,1.0,0.0,-0.0
39627764189369639,0.0,0.01,0.99,0.0,0.04039656794795559
39627770245943560,0.0,0.95,0.05,0.0,0.14319847855797813
39627758170538198,0.0,0.07,0.93,0.0,0.18296182545011158
39627758166346536,0.0,0.3,0.7,0.0,0.44064544961534635
39627776273154466,0.0,0.34,0.66,0.0,0.46240935248651505
39627764189369506,0.0,0.47,0.53,0.0,0.4987007942838698
39627758166346510,0.0,0.99,0.01,0.0,0.04039656794795559
39627794405130399,0.0,0.08,0.92,0.0,0.2010895951011364
39627776273154352,0.0,0.26,0.74,0.0,0.4133731862463089
39627758166348861,0.0,0.24,0.76,0.0,0.39752013969226113
39627776289932545,0.0,0.05,0.95,0.0,0.14319847855797813
39627764176785296,0.0,0.43,0.57,0.0,0.4929075185894599
39627758166348019,0.0,0.62,0.38,0.0,0.47902101111314976
39627794400941635,0.0,1.0,0.0,0.0,-0.0
39627746082557637,0.0,0.06,0.94,0.0,0.16372245957723813
39627758166347948,0.0,0.99,0.01,0.0,0.04039656794795559
39627794400941503,0.0,0.02,0.97,0.01,0.11097036642660543
39627758166348806,0.0,0.01,0.97,0.02,0.11097036642660543
39627758166348024,0.0,0.78,0.22,0.0,0.38008375148098283
39627770245943927,0.0,0.73,0.27,0.0,0.42073231810408784
39627758166347856,0.0,0.02,0.98,0.0,0.07072027127091034
39627770220774628,0.0,0.26,0.74,0.0,0.4133731862463089
39627746082557718,0.0,0.55,0.45,0.0,0.49638722699390414
39627788352751242,0.0,0.0,1.0,0.0,-0.0
39627776289935175,0.0,0.72,0.28,0.0,0.4277254052800653
39627764180977469,0.01,0.98,0.01,0.0,0.08072027127091033
39627758170538596,0.0,0.41,0.59,0.0,0.488250234378912
39627788344364704,0.0,0.27,0.73,0.0,0.42073231810408784
39627758166345348,0.0,0.94,0.06,0.0,0.16372245957723813
39627764172591833,0.0,0.0,0.98,0.02,0.07072027127091034
39627794405130448,0.0,0.11,0.89,0.0,0.249957979082264
39627764172591693,0.0,0.0,0.98,0.02,0.07072027127091034
39627770245942125,0.0,1.0,0.0,0.0,-0.0
39627776294129681,0.0,0.0,0.55,0.45,0.49638722699390414
39627758166345061,0.0,0.03,0.97,0.0,0.0971959289157881
39627758166344935,0.0,0.21,0.79,0.0,0.37074136996563684
39627776294129811,0.0,0.09,0.91,0.0,0.21823490853205144
39627758166345368,0.0,0.98,0.02,0.0,0.07072027127091034
39627770245941984,0.0,0.18,0.82,0.0,0.34003852286413994
39627764180976903,0.0,0.52,0.48,0.0,0.4994227679976009
39627770245941954,0.0,0.96,0.04,0.0,0.12114609454120741
39627764172591470,0.0,0.29,0.71,0.0,0.43436062316970225
39627758170540229,0.0,0.17,0.83,0.0,0.32885238937210975
39627788340170734,0.0,0.1,0.9,0.0,0.2344977967946406
39627764180976385,0.0,0.29,0.71,0.0,0.43436062316970225
39627758166345407,0.0,0.8,0.2,0.0,0.36096404744368116
39627764176781501,0.0,0.42,0.58,0.0,0.49072694751682683
39627806472146236,0.0,0.46,0.54,0.0,0.49768921941011285
39627806472146512,0.0,0.21,0.79,0.0,0.37074136996563684
39627770245942738,0.0,0.94,0.06,0.0,0.16372245957723813
39627758170538715,0.0,0.16,0.84,0.0,0.3171547773202831
39627776294128529,0.0,0.27,0.73,0.0,0.42073231810408784
39627776294128603,0.02,0.94,0.04,0.0,0.1912713345988728
39627770245942171,0.0,0.28,0.72,0.0,0.4277254052800653
39627800436544105,0.0,0.63,0.37,0.0,0.47533604634353294
39627776294128770,0.0,0.08,0.92,0.0,0.2010895951011364
39627758166345669,0.0,0.13,0.87,0.0,0.2787190925139945
39627770233362112,0.0,0.41,0.59,0.0,0.488250234378912
39627806472147937,0.0,0.06,0.94,0.0,0.16372245957723813
39627788340170849,0.0,0.48,0.52,0.0,0.4994227679976009
39627806472148383,0.0,0.53,0.47,0.0,0.4987007942838698
39627788373724838,0.0,0.66,0.34,0.0,0.46240935248651505
39627806472147529,0.0,0.0,0.95,0.05,0.14319847855797813
39627740042756144,0.0,0.75,0.25,0.0,0.4056390622295664
39627740038568053,0.0,0.49,0.51,0.0,0.49985572087640495
39627788348557661,0.0,0.19,0.81,0.0,0.3507357299419487
39627788348557577,0.0,0.84,0.16,0.0,0.3171547773202831
39627788348557523,0.0,0.88,0.12,0.0,0.2646804326436822
39627800444931213,0.0,0.44,0.56,0.0,0.4947937606110278
39627800419763904,0.0,0.03,0.97,0.0,0.0971959289157881
39627800444931490,0.0,0.0,1.0,0.0,-0.0
39627758157955189,0.0,0.25,0.75,0.0,0.4056390622295664
39627788348557258,0.0,0.09,0.91,0.0,0.21823490853205144
39627746090943797,0.0,0.85,0.15,0.0,0.3049201523582002
39627740038562529,0.0,0.65,0.35,0.0,0.4670340276877455
39627800444932832,0.0,0.31,0.69,0.0,0.4465867291889284
39627758174737308,0.0,0.25,0.75,0.0,0.4056390622295664
39627788348555590,0.0,0.22,0.78,0.0,0.38008375148098283
39627788344367661,0.0,0.04,0.96,0.0,0.12114609454120741
39627794405132127,0.0,0.05,0.95,0.0,0.14319847855797813
39627800423957477,0.0,0.0,0.97,0.03,0.0971959289157881
39627782325540469,0.0,0.2,0.8,0.0,0.36096404744368116
39627758157957101,0.0,0.36,0.64,0.0,0.4713415946277461
39627764185170683,0.0,0.05,0.95,0.0,0.14319847855797813
39627800444930048,0.0,0.5,0.5,0.0,0.5
39627758157957024,0.0,0.1,0.9,0.0,0.2344977967946406
39627764185170937,0.0,0.06,0.94,0.0,0.16372245957723813
39627764185170955,0.0,0.14,0.85,0.01,0.33142210248480686
39627800423956812,0.0,0.84,0.16,0.0,0.3171547773202831
39627758157956514,0.0,0.07,0.93,0.0,0.18296182545011158
39627800436541935,0.0,0.32,0.68,0.0,0.45219072886224687
39627800423956766,0.0,0.57,0.43,0.0,0.4929075185894599
39627800423956682,0.0,0.21,0.79,0.0,0.37074136996563684
39627758157956452,0.0,0.49,0.51,0.0,0.49985572087640495
39627800444930726,0.0,0.08,0.92,0.0,0.2010895951011364
39627764185170604,0.0,0.0,0.99,0.01,0.04039656794795559
39627764185172940,0.0,0.62,0.38,0.0,0.47902101111314976
39627764189364603,0.0,0.48,0.52,0.0,0.4994227679976009
39627770220779791,0.0,0.04,0.96,0.0,0.12114609454120741
39627758153765791,0.0,0.05,0.95,0.0,0.14319847855797813
39627740038564006,0.0,0.76,0.24,0.0,0.39752013969226113
39627794396743171,0.0,0.69,0.31,0.0,0.4465867291889284
39627794396743166,0.0,0.43,0.57,0.0,0.4929075185894599
39627758174737764,0.0,0.76,0.24,0.0,0.39752013969226113
39627782329733369,0.0,0.05,0.95,0.0,0.14319847855797813
39627764185176002,0.0,0.2,0.8,0.0,0.36096404744368116
39627788348557147,0.0,0.23,0.77,0.0,0.38900565177326885
39627770220780081,0.0,0.32,0.68,0.0,0.45219072886224687
39627800449124354,0.0,0.53,0.47,0.0,0.4987007942838698
39627740038565584,0.0,0.25,0.75,0.0,0.4056390622295664
39627800419765163,0.0,0.25,0.75,0.0,0.4056390622295664
39627800419765193,0.0,0.96,0.04,0.0,0.12114609454120741
39627800449123750,0.0,0.47,0.53,0.0,0.4987007942838698
39627800449123755,0.0,0.98,0.02,0.0,0.07072027127091034
39627758153765591,0.0,0.0,1.0,0.0,-0.0
39627758153765505,0.0,0.04,0.96,0.0,0.12114609454120741
39627800449123900,0.0,0.79,0.21,0.0,0.37074136996563684
39627794405132654,0.0,0.04,0.96,0.0,0.12114609454120741
39627764185174744,0.0,0.51,0.49,0.0,0.49985572087640495
39627740038562859,0.0,0.22,0.78,0.0,0.38008375148098283
39627752101382612,0.0,0.61,0.39,0.0,0.4823997742525436
39627764189365505,0.0,0.02,0.98,0.0,0.07072027127091034
39627764185173718,0.0,0.58,0.42,0.0,0.49072694751682683
39627788348555905,0.0,0.4,0.6,0.0,0.4854752972273343
39627740038563009,0.0,0.78,0.22,0.0,0.38008375148098283
39627740038563024,0.0,0.2,0.8,0.0,0.36096404744368116
39627758174737415,0.0,0.2,0.8,0.0,0.36096404744368116
39627800436542752,0.0,0.53,0.47,0.0,0.4987007942838698
39627788348556205,0.0,0.35,0.65,0.0,0.4670340276877455
39627800449126302,0.0,0.32,0.68,0.0,0.45219072886224687
39627800449126019,0.0,0.0,0.98,0.02,0.07072027127091034
39627800449125850,0.0,0.98,0.02,0.0,0.07072027127091034
39627800444933627,0.0,0.95,0.05,0.0,0.14319847855797813
39627740038563519,0.0,0.52,0.48,0.0,0.4994227679976009
39627794396743547,0.0,0.74,0.26,0.0,0.4133731862463089
39627788348556739,0.0,0.56,0.44,0.0,0.4947937606110278
39627764185170565,0.0,0.08,0.92,0.0,0.2010895951011364
39627800444929622,0.0,0.06,0.93,0.01,0.20367037270049304
39627746086749133,0.0,0.44,0.56,0.0,0.4947937606110278
39627740038566029,0.0,0.72,0.28,0.0,0.4277254052800653
39627788348559999,0.0,0.02,0.97,0.01,0.11097036642660543
39627788348559982,0.0,0.92,0.08,0.0,0.2010895951011364
39627746086749270,0.0,0.2,0.8,0.0,0.36096404744368116
39627794405130704,0.0,0.03,0.97,0.0,0.0971959289157881
39627800440738233,0.0,0.7,0.3,0.0,0.44064544961534635
39627740034370299,0.0,0.67,0.33,0.0,0.4574631863898637
39627764180981299,0.0,0.11,0.89,0.0,0.249957979082264
39627788348559923,0.0,0.88,0.12,0.0,0.2646804326436822
39627800440738451,0.0,0.04,0.96,0.0,0.12114609454120741
39627788340169529,0.0,0.1,0.9,0.0,0.2344977967946406
39627764180981405,0.0,0.6,0.4,0.0,0.4854752972273343
39627758162151767,0.0,1.0,0.0,0.0,-0.0
39627740034370646,0.0,0.57,0.43,0.0,0.4929075185894599
39627800428152535,0.0,0.12,0.88,0.0,0.2646804326436822
39627740038566287,0.0,0.38,0.62,0.0,0.47902101111314976
39627740038567931,0.0,0.49,0.51,0.0,0.49985572087640495
39627740038567920,0.0,0.98,0.02,0.0,0.07072027127091034
39627770220776358,0.0,0.58,0.42,0.0,0.49072694751682683
39627770220776886,0.0,0.92,0.08,0.0,0.2010895951011364
39627794400936359,0.0,0.3,0.7,0.0,0.44064544961534635
39627740038567223,0.0,0.04,0.96,0.0,0.12114609454120741
39627794400936354,0.0,0.56,0.44,0.0,0.4947937606110278
39627740038567183,0.0,0.28,0.72,0.0,0.4277254052800653
39627800440737361,0.0,0.01,0.99,0.0,0.04039656794795559
39627800440737429,0.0,0.23,0.77,0.0,0.38900565177326885
39627800440737448,0.0,0.88,0.12,0.0,0.2646804326436822
39627740038566881,0.0,0.1,0.9,0.0,0.2344977967946406
39627782321342516,0.0,0.99,0.01,0.0,0.04039656794795559
39627740038566346,0.0,0.78,0.22,0.0,0.38008375148098283
39627800423962076,0.0,0.07,0.93,0.0,0.18296182545011158
39627800419765449,0.0,0.13,0.87,0.0,0.2787190925139945
39627794405131060,0.0,0.04,0.96,0.0,0.12114609454120741
39627770220774393,0.0,0.74,0.26,0.0,0.4133731862463089
39627746086753584,0.0,0.42,0.58,0.0,0.49072694751682683
39627782325537126,0.0,0.88,0.12,0.0,0.2646804326436822
39627794405131409,0.0,0.15,0.85,0.0,0.3049201523582002
39627800444929195,0.0,0.34,0.66,0.0,0.46240935248651505
39627788344367612,0.0,1.0,0.0,0.0,-0.0
39627758157959486,0.0,0.24,0.76,0.0,0.39752013969226113
39627758157959314,0.0,0.0,0.99,0.01,0.04039656794795559
39627800444929326,0.0,0.0,0.94,0.06,0.16372245957723813
39627770220778300,0.0,0.03,0.97,0.0,0.0971959289157881
39627764189367365,0.0,0.48,0.52,0.0,0.4994227679976009
39627794405131636,0.0,0.77,0.23,0.0,0.38900565177326885
39627794396746048,0.0,0.95,0.05,0.0,0.14319847855797813
39627800444929499,0.0,0.05,0.95,0.0,0.14319847855797813
39627758157957951,0.0,0.45,0.55,0.0,0.49638722699390414
39627764180982611,0.0,0.17,0.82,0.01,0.3678974314876692
39627764180982607,0.0,0.03,0.96,0.01,0.13737165703039006
39627740034371376,0.0,1.0,0.0,0.0,-0.0
39627758162149979,0.0,0.31,0.69,0.0,0.4465867291889284
39627752101383916,0.0,0.37,0.63,0.0,0.47533604634353294
39627740034370848,0.04,0.91,0.05,0.0,0.2628333312247715
39627788344367015,0.0,0.87,0.13,0.0,0.2787190925139945
39627758162150952,0.0,0.23,0.77,0.0,0.38900565177326885
39627794405131311,0.0,0.0,0.97,0.03,0.0971959289157881
39627740034371023,0.0,0.85,0.15,0.0,0.3049201523582002
39627752101383836,0.0,1.0,0.0,0.0,-0.0
39627800423958985,0.0,0.19,0.81,0.0,0.3507357299419487
39627764180982300,0.0,0.44,0.56,0.0,0.4947937606110278
39627746086752824,0.0,0.03,0.97,0.0,0.0971959289157881
39627746086752968,0.0,0.96,0.04,0.0,0.12114609454120741
39627758162150670,0.0,0.96,0.04,0.0,0.12114609454120741
39627740034371187,0.0,0.62,0.38,0.0,0.47902101111314976
39627758162150662,0.0,0.32,0.68,0.0,0.45219072886224687
39627740034371266,0.0,0.44,0.56,0.0,0.4947937606110278
39627758162150651,0.0,0.22,0.78,0.0,0.38008375148098283
39627758162150564,0.0,0.17,0.83,0.0,0.32885238937210975
39627746086753172,0.0,0.19,0.81,0.0,0.3507357299419487
39627758162150459,0.0,0.14,0.86,0.0,0.292119405821428
39627764180982449,0.0,0.22,0.78,0.0,0.38008375148098283
39627764180982469,0.0,0.08,0.92,0.0,0.2010895951011364
39627782308764381,0.0,0.2,0.8,0.0,0.36096404744368116
39627764176785266,0.0,0.02,0.98,0.0,0.07072027127091034
39627752105579422,0.0,0.47,0.53,0.0,0.4987007942838698
39627752118160629,0.0,0.01,0.95,0.04,0.16124668093016215
39627746074168121,0.0,0.01,0.99,0.0,0.04039656794795559
39627752105579249,0.0,0.42,0.58,0.0,0.49072694751682683
39627752122356051,0.0,0.44,0.56,0.0,0.4947937606110278
39627788356945316,0.0,0.52,0.48,0.0,0.4994227679976009
39627752122355957,0.0,0.16,0.84,0.0,0.3171547773202831
39627752122355815,0.0,0.33,0.67,0.0,0.4574631863898637
39627764214532329,0.0,0.94,0.06,0.0,0.16372245957723813
39627776264765548,0.0,0.48,0.52,0.0,0.4994227679976009
39627746074168101,0.0,0.02,0.98,0.0,0.07072027127091034
39627752118160812,0.0,0.0,0.99,0.01,0.04039656794795559
39627746074168334,0.0,0.21,0.79,0.0,0.37074136996563684
39627752105579517,0.0,0.11,0.89,0.0,0.249957979082264
39627746074168959,0.0,0.85,0.15,0.0,0.3049201523582002
39627758149570880,0.0,0.06,0.94,0.0,0.16372245957723813
39627764214532816,0.0,0.72,0.28,0.0,0.4277254052800653
39627776264765944,0.0,0.25,0.75,0.0,0.4056390622295664
39627764214532745,0.0,0.09,0.91,0.0,0.21823490853205144
39627764201950484,0.0,0.1,0.9,0.0,0.2344977967946406
39627782304568165,0.0,0.22,0.78,0.0,0.38008375148098283
39627752122356332,0.0,0.3,0.7,0.0,0.44064544961534635
39627764214532513,0.0,0.49,0.51,0.0,0.49985572087640495
39627746074168389,0.0,0.9,0.1,0.0,0.2344977967946406
39627764214532322,0.0,0.35,0.65,0.0,0.4670340276877455
39627770258523529,0.0,0.03,0.96,0.01,0.13737165703039006
39627746074168068,0.0,0.3,0.7,0.0,0.44064544961534635
39627764214531456,0.0,1.0,0.0,0.0,-0.0
39627758136988114,0.0,0.14,0.86,0.0,0.292119405821428
39627746074167180,0.0,0.01,0.99,0.0,0.04039656794795559
39627764214531104,0.0,0.76,0.24,0.0,0.39752013969226113
39627770258524214,0.0,0.49,0.51,0.0,0.49985572087640495
39627752122354402,0.0,0.36,0.64,0.0,0.4713415946277461
39627758136987930,0.0,0.34,0.66,0.0,0.46240935248651505
39627758136987883,0.0,0.43,0.57,0.0,0.4929075185894599
39627770224972814,0.0,0.25,0.75,0.0,0.4056390622295664
39627782300374944,0.0,0.6,0.4,0.0,0.4854752972273343
39627746074167362,0.0,0.0,0.86,0.14,0.292119405821428
39627782304568835,0.0,0.07,0.93,0.0,0.18296182545011158
39627764197757645,0.0,0.94,0.06,0.0,0.16372245957723813
39627776260577517,0.0,0.18,0.82,0.0,0.34003852286413994
39627776260577481,0.0,0.06,0.93,0.01,0.20367037270049304
39627770220774220,0.0,0.44,0.56,0.0,0.4947937606110278
39627782304566190,0.0,0.53,0.47,0.0,0.4987007942838698
39627794384164574,0.0,0.28,0.72,0.0,0.4277254052800653
39627746074167752,0.0,0.03,0.97,0.0,0.0971959289157881
39627788356945994,0.0,0.0,1.0,0.0,-0.0
39627776256381742,0.0,0.38,0.62,0.0,0.47902101111314976
39627746074167593,0.0,0.11,0.89,0.0,0.249957979082264
39627764214531614,0.0,0.16,0.84,0.0,0.3171547773202831
39627752122354564,0.0,0.89,0.11,0.0,0.249957979082264
39627776256381245,0.0,0.22,0.78,0.0,0.38008375148098283
39627776264766097,0.0,0.64,0.36,0.0,0.4713415946277461
39627770254331782,0.0,0.11,0.89,0.0,0.249957979082264
39627764218724948,0.01,0.99,0.0,0.0,0.04039656794795559
39627770220774128,0.0,0.79,0.21,0.0,0.37074136996563684
39627764201949260,0.0,0.55,0.45,0.0,0.49638722699390414
39627764214535794,0.0,0.4,0.6,0.0,0.4854752972273343
39627764214535475,0.0,0.43,0.57,0.0,0.4929075185894599
39627782308758673,0.0,0.64,0.36,0.0,0.4713415946277461
39627764214535302,0.0,0.27,0.73,0.0,0.42073231810408784
39627788373722023,0.0,0.19,0.81,0.0,0.3507357299419487
39627752122357616,0.0,0.71,0.29,0.0,0.43436062316970225
39627794392548417,0.0,0.36,0.64,0.0,0.4713415946277461
39627770229162899,0.0,0.0,1.0,0.0,-0.0
39627752118159942,0.0,0.85,0.15,0.0,0.3049201523582002
39627782308759082,0.0,0.02,0.98,0.0,0.07072027127091034
39627746078359915,0.0,0.38,0.62,0.0,0.47902101111314976
39627788361141488,0.0,0.13,0.87,0.0,0.2787190925139945
39627794388355689,0.0,0.37,0.63,0.0,0.47533604634353294
39627746078359802,0.0,0.82,0.18,0.0,0.34003852286413994
39627794392548336,0.0,0.43,0.57,0.0,0.4929075185894599
39627770254331315,0.0,0.07,0.93,0.0,0.18296182545011158
39627758145373154,0.0,0.37,0.63,0.0,0.47533604634353294
39627746074171254,0.0,0.47,0.53,0.0,0.4987007942838698
39627776256380381,0.0,0.06,0.94,0.0,0.16372245957723813
39627752109771284,0.0,0.33,0.67,0.0,0.4574631863898637
39627764193562326,0.0,0.98,0.02,0.0,0.07072027127091034
39627800432347937,0.0,0.03,0.97,0.0,0.0971959289157881
39627782308759137,0.0,0.78,0.22,0.0,0.38008375148098283
39627764197753635,0.0,0.58,0.42,0.0,0.49072694751682683
39627752109770501,0.0,0.31,0.69,0.0,0.4465867291889284
39627764214533333,0.0,0.05,0.93,0.02,0.21317104534994366
39627746074169612,0.01,0.87,0.12,0.0,0.30414992414989617
39627770254333627,0.0,0.57,0.43,0.0,0.4929075185894599
39627776264766518,0.0,0.89,0.11,0.0,0.249957979082264
39627758141178361,0.0,0.25,0.75,0.0,0.4056390622295664
39627770229162184,0.0,0.29,0.71,0.0,0.43436062316970225
39627758141178185,0.0,0.45,0.55,0.0,0.49638722699390414
39627746074169369,0.0,0.79,0.21,0.0,0.37074136996563684
39627764214533002,0.0,0.15,0.85,0.0,0.3049201523582002
39627776264766205,0.0,0.0,0.99,0.01,0.04039656794795559
39627746074169251,0.0,0.59,0.41,0.0,0.488250234378912
39627776264766114,0.0,0.31,0.69,0.0,0.4465867291889284
39627746074170241,0.0,0.97,0.03,0.0,0.0971959289157881
39627794413519428,0.0,0.6,0.4,0.0,0.4854752972273343
39627764197758131,0.0,0.98,0.02,0.0,0.07072027127091034
39627752109770454,0.0,0.65,0.35,0.0,0.4670340276877455
39627800432347685,0.0,0.01,0.99,0.0,0.04039656794795559
39627764214534450,0.0,0.44,0.56,0.0,0.4947937606110278
39627776264767590,0.0,0.84,0.16,0.0,0.3171547773202831
39627770254333130,0.0,0.01,0.94,0.05,0.1832231322266888
39627746074170193,0.0,0.95,0.05,0.0,0.14319847855797813
39627746074170113,0.0,0.02,0.94,0.04,0.1912713345988728
39627770220774160,0.0,0.63,0.37,0.0,0.47533604634353294
39627752109769789,0.0,0.7,0.3,0.0,0.44064544961534635
39627776264767373,0.0,0.79,0.21,0.0,0.37074136996563684
39627770229162767,0.0,0.54,0.46,0.0,0.49768921941011285
39627752109769668,0.0,0.52,0.48,0.0,0.4994227679976009
39627764197753107,0.0,0.41,0.59,0.0,0.488250234378912
39627782300374873,0.0,0.04,0.96,0.0,0.12114609454120741
39627794409329985,0.0,0.02,0.98,0.0,0.07072027127091034
39627794409330272,0.0,1.0,0.0,0.0,-0.0
39627764197755597,0.0,0.66,0.34,0.0,0.46240935248651505
39627782296180989,0.0,0.17,0.83,0.0,0.32885238937210975
39627782296180776,0.0,0.0,0.22,0.78,0.38008375148098283
39627794409330464,0.0,0.52,0.48,0.0,0.4994227679976009
39627782300369223,0.0,0.08,0.92,0.0,0.2010895951011364
39627776256383136,0.0,0.04,0.96,0.0,0.12114609454120741
39627782296180762,0.0,0.0,0.89,0.11,0.249957979082264
39627782296180529,0.0,0.01,0.99,0.0,0.04039656794795559
39627788340167834,0.0,0.97,0.03,0.0,0.0971959289157881
39627782300369551,0.0,0.01,0.94,0.05,0.1832231322266888
39627764210340303,0.0,0.73,0.27,0.0,0.42073231810408784
39627764210340286,0.0,0.64,0.36,0.0,0.4713415946277461
39627782300369788,0.0,0.09,0.91,0.0,0.21823490853205144
39627752118163451,0.0,0.45,0.55,0.0,0.49638722699390414
39627782300369738,0.0,0.02,0.98,0.0,0.07072027127091034
39627764210340124,0.0,0.25,0.75,0.0,0.4056390622295664
39627782300369653,0.0,0.44,0.56,0.0,0.4947937606110278
39627758136984074,0.0,0.58,0.42,0.0,0.49072694751682683
39627758136983971,0.0,0.21,0.79,0.0,0.37074136996563684
39627782300369612,0.0,0.84,0.16,0.0,0.3171547773202831
39627800432347255,0.0,0.84,0.16,0.0,0.3171547773202831
39627746069971584,0.0,0.54,0.46,0.0,0.49768921941011285
39627782296177920,0.0,0.48,0.52,0.0,0.4994227679976009
39627782291985662,0.01,0.99,0.0,0.0,0.04039656794795559
39627782296177234,0.0,0.01,0.96,0.03,0.13737165703039006
39627782296177213,0.0,0.06,0.94,0.0,0.16372245957723813
39627776260572155,0.0,0.75,0.25,0.0,0.4056390622295664
39627776260571788,0.0,0.04,0.96,0.0,0.12114609454120741
39627746065779366,0.0,1.0,0.0,0.0,-0.0
39627794384161525,0.0,0.09,0.89,0.02,0.2875800930424113
39627764210340559,0.0,0.19,0.81,0.0,0.3507357299419487
39627764197755972,0.0,0.98,0.02,0.0,0.07072027127091034
39627758132794189,0.0,0.68,0.32,0.0,0.45219072886224687
39627782296180148,0.0,0.04,0.96,0.0,0.12114609454120741
39627794409330594,0.0,0.93,0.07,0.0,0.18296182545011158
39627782296180070,0.0,0.25,0.75,0.0,0.4056390622295664
39627764197755993,0.0,0.81,0.19,0.0,0.3507357299419487
39627782296180000,0.0,0.64,0.36,0.0,0.4713415946277461
39627758132793759,0.0,0.27,0.73,0.0,0.42073231810408784
39627794413518911,0.0,0.06,0.94,0.0,0.16372245957723813
39627794413519041,0.0,0.98,0.02,0.0,0.07072027127091034
39627764206143756,0.0,0.92,0.08,0.0,0.2010895951011364
39627794413519076,0.0,0.92,0.08,0.0,0.2010895951011364
39627782291985431,0.0,0.52,0.48,0.0,0.4994227679976009
39627758145377057,0.0,0.67,0.33,0.0,0.4574631863898637
39627776260572675,0.0,0.08,0.92,0.0,0.2010895951011364
39627782300370598,0.0,0.02,0.98,0.0,0.07072027127091034
39627752122351696,0.0,0.94,0.06,0.0,0.16372245957723813
39627764210341579,0.0,0.93,0.07,0.0,0.18296182545011158
39627788335977936,0.0,0.04,0.95,0.01,0.16124668093016215
39627758136984927,0.0,0.2,0.8,0.0,0.36096404744368116
39627782300372779,0.0,0.86,0.14,0.0,0.292119405821428
39627764210341438,0.0,0.6,0.4,0.0,0.4854752972273343
39627746061584756,0.0,0.29,0.71,0.0,0.43436062316970225
39627782300372643,0.0,0.55,0.45,0.0,0.49638722699390414
39627746061584763,0.0,0.99,0.01,0.0,0.04039656794795559
39627782300372320,0.0,0.05,0.95,0.0,0.14319847855797813
39627752122352784,0.0,0.01,0.98,0.01,0.08072027127091033
39627758136984752,0.0,0.85,0.15,0.0,0.3049201523582002
39627764201951003,0.0,0.54,0.46,0.0,0.49768921941011285
39627782300373244,0.0,0.96,0.04,0.0,0.12114609454120741
39627770258524364,0.0,0.79,0.21,0.0,0.37074136996563684
39627758149567799,0.0,0.15,0.85,0.0,0.3049201523582002
39627752118161519,0.0,0.01,0.99,0.0,0.04039656794795559
39627752122354069,0.0,0.25,0.75,0.0,0.4056390622295664
39627770258524509,0.0,0.05,0.95,0.0,0.14319847855797813
39627770258524654,0.0,0.55,0.45,0.0,0.49638722699390414
39627752118161536,0.0,0.03,0.97,0.0,0.0971959289157881
39627752118161539,0.0,0.87,0.13,0.0,0.2787190925139945
39627764201950845,0.0,0.92,0.08,0.0,0.2010895951011364
39627752118161714,0.0,0.64,0.36,0.0,0.4713415946277461
39627746074165560,0.0,0.92,0.08,0.0,0.2010895951011364
39627752122354080,0.0,0.1,0.9,0.0,0.2344977967946406
39627764201951477,0.0,0.37,0.63,0.0,0.47533604634353294
39627758145377175,0.0,0.32,0.68,0.0,0.45219072886224687
39627752118162118,0.0,0.38,0.62,0.0,0.47902101111314976
39627752122352049,0.0,0.21,0.79,0.0,0.37074136996563684
39627782300371514,0.0,1.0,0.0,0.0,-0.0
39627782300371248,0.18,0.82,0.0,0.0,0.34003852286413994
39627758136984441,0.0,0.6,0.4,0.0,0.4854752972273343
39627782300371195,0.0,0.22,0.78,0.0,0.38008375148098283
39627758136984437,0.0,0.11,0.89,0.0,0.249957979082264
39627788335978644,0.0,0.92,0.08,0.0,0.2010895951011364
39627752122351863,0.0,0.03,0.96,0.01,0.13737165703039006
39627758136984422,0.0,0.18,0.82,0.0,0.34003852286413994
39627764210340621,0.0,0.66,0.34,0.0,0.46240935248651505
39627788335978691,0.0,0.91,0.09,0.0,0.21823490853205144
39627782300370676,0.0,0.11,0.89,0.0,0.249957979082264
39627782300371631,0.0,0.83,0.17,0.0,0.32885238937210975
39627782300372238,0.0,0.31,0.69,0.0,0.4465867291889284
39627752118162115,0.0,0.52,0.48,0.0,0.4994227679976009
39627788335978156,0.0,0.45,0.55,0.0,0.49638722699390414
39627758145375961,0.0,0.26,0.74,0.0,0.4133731862463089
39627782300372102,0.0,0.01,0.98,0.01,0.08072027127091033
39627782300372010,0.0,0.1,0.9,0.0,0.2344977967946406
39627746069975204,0.0,0.23,0.77,0.0,0.38900565177326885
39627782300371935,0.0,0.6,0.4,0.0,0.4854752972273343
39627746069974922,0.0,0.36,0.64,0.0,0.4713415946277461
39627788335978326,0.0,0.14,0.86,0.0,0.292119405821428
39627752118162096,0.0,0.25,0.75,0.0,0.4056390622295664
39627758136984554,0.0,0.99,0.01,0.0,0.04039656794795559
39627758145377230,0.0,0.27,0.73,0.0,0.42073231810408784
39627782300371664,0.0,0.81,0.19,0.0,0.3507357299419487
39627794379970803,0.0,0.22,0.78,0.0,0.38008375148098283
39627800432349308,0.0,0.93,0.07,0.0,0.18296182545011158
39627800432349280,0.0,0.1,0.9,0.0,0.2344977967946406
39627776256378706,0.0,0.27,0.73,0.0,0.42073231810408784
39627782308763585,0.0,0.31,0.69,0.0,0.4465867291889284
39627782308763775,0.0,0.07,0.93,0.0,0.18296182545011158
39627752126551365,0.0,0.6,0.4,0.0,0.4854752972273343
39627800432349242,0.0,0.19,0.81,0.0,0.3507357299419487
39627752118158139,0.0,0.63,0.37,0.0,0.47533604634353294
39627752126551240,0.0,0.01,0.99,0.0,0.04039656794795559
39627752118158172,0.0,0.0,0.96,0.04,0.12114609454120741
39627782308763451,0.0,0.64,0.36,0.0,0.4713415946277461
39627758141180632,0.0,0.82,0.18,0.0,0.34003852286413994
39627752130740534,0.0,0.17,0.83,0.0,0.32885238937210975
39627776268962782,0.0,0.36,0.64,0.0,0.4713415946277461
39627776268962622,0.11,0.89,0.0,0.0,0.249957979082264
39627788365333184,0.0,0.63,0.37,0.0,0.47533604634353294
39627752118157424,0.0,0.81,0.19,0.0,0.3507357299419487
39627794409327633,0.0,0.67,0.33,0.0,0.4574631863898637
39627788365332948,0.0,0.43,0.57,0.0,0.4929075185894599
39627752118157901,0.0,0.36,0.64,0.0,0.4713415946277461
39627770216581567,0.0,0.2,0.8,0.0,0.36096404744368116
39627752118157618,0.0,0.0,0.98,0.02,0.07072027127091034
39627770216581371,0.0,0.9,0.1,0.0,0.2344977967946406
39627794409327702,0.0,0.85,0.15,0.0,0.3049201523582002
39627794388360061,0.0,0.46,0.54,0.0,0.49768921941011285
39627788365332793,0.0,0.06,0.94,0.0,0.16372245957723813
39627788365332936,0.0,0.51,0.49,0.0,0.49985572087640495
39627788365333649,0.0,0.39,0.61,0.0,0.4823997742525436
39627752118158745,0.0,0.04,0.96,0.0,0.12114609454120741
39627788361143418,0.0,0.99,0.01,0.0,0.04039656794795559
39627746078363597,0.0,0.24,0.76,0.0,0.39752013969226113
39627770216580757,0.0,0.0,0.98,0.02,0.07072027127091034
39627788361143224,0.0,0.03,0.95,0.02,0.1674722434193448
39627776256378741,0.0,0.67,0.33,0.0,0.4574631863898637
39627800432348990,0.0,0.34,0.66,0.0,0.46240935248651505
39627776268960177,0.0,0.34,0.66,0.0,0.46240935248651505
39627782308762765,0.0,0.2,0.8,0.0,0.36096404744368116
39627788361142716,0.0,0.83,0.17,0.0,0.32885238937210975
39627752118158890,0.0,0.0,0.96,0.04,0.12114609454120741
39627752113963159,0.0,0.92,0.08,0.0,0.2010895951011364
39627794388360348,0.0,0.77,0.23,0.0,0.38900565177326885
39627770254329094,0.0,0.06,0.93,0.01,0.20367037270049304
39627752126551051,0.0,0.06,0.94,0.0,0.16372245957723813
39627752118158176,0.0,0.0,0.99,0.01,0.04039656794795559
39627788361143698,0.0,0.03,0.97,0.0,0.0971959289157881
39627752118158429,0.0,0.37,0.63,0.0,0.47533604634353294
39627782308763341,0.0,1.0,0.0,0.0,-0.0
39627794388360390,0.0,0.15,0.85,0.0,0.3049201523582002
39627782308763333,0.0,0.47,0.53,0.0,0.4987007942838698
39627746078360118,0.0,0.2,0.8,0.0,0.36096404744368116
39627782308763283,0.0,0.87,0.13,0.0,0.2787190925139945
39627752118158628,0.0,0.14,0.86,0.0,0.292119405821428
39627746078363647,0.0,0.32,0.68,0.0,0.45219072886224687
39627788361143620,0.0,0.12,0.88,0.0,0.2646804326436822
39627752126550467,0.02,0.94,0.04,0.0,0.1912713345988728
39627752118158552,0.0,0.56,0.44,0.0,0.4947937606110278
39627770224971833,0.0,0.0,0.98,0.02,0.07072027127091034
39627782312953438,0.0,0.1,0.89,0.01,0.27413031336294724
39627776268964803,0.0,0.02,0.98,0.0,0.07072027127091034
39627788365337183,0.0,0.12,0.88,0.0,0.2646804326436822
39627746082555678,0.0,0.39,0.61,0.0,0.4823997742525436
39627800428154054,0.0,0.05,0.94,0.01,0.1832231322266888
39627746082555589,0.0,0.29,0.71,0.0,0.43436062316970225
39627782312952877,0.0,0.76,0.24,0.0,0.39752013969226113
39627752113966723,0.0,0.51,0.49,0.0,0.49985572087640495
39627794409325904,0.0,0.08,0.91,0.01,0.24088153359695552
39627776268964243,0.0,0.76,0.24,0.0,0.39752013969226113
39627752113967588,0.0,0.46,0.54,0.0,0.49768921941011285
39627752113967606,0.0,0.65,0.35,0.0,0.4670340276877455
39627800428154274,0.0,0.74,0.26,0.0,0.4133731862463089
39627770250136995,0.0,0.27,0.73,0.0,0.42073231810408784
39627782312952672,0.0,0.8,0.2,0.0,0.36096404744368116
39627788365335941,0.0,0.6,0.4,0.0,0.4854752972273343
39627752113967475,0.0,0.04,0.96,0.0,0.12114609454120741
39627752113967319,0.0,0.12,0.88,0.0,0.2646804326436822
39627770245944180,0.0,0.97,0.03,0.0,0.0971959289157881
39627776268966405,0.0,0.71,0.29,0.0,0.43436062316970225
39627752113967119,0.0,0.53,0.47,0.0,0.4987007942838698
39627776268966228,0.0,0.88,0.12,0.0,0.2646804326436822
39627752113967337,0.0,0.12,0.88,0.0,0.2646804326436822
39627752113966974,0.0,0.63,0.37,0.0,0.47533604634353294
39627770250133679,0.0,0.68,0.32,0.0,0.45219072886224687
39627770224971309,0.0,0.61,0.39,0.0,0.4823997742525436
39627752113966910,0.0,0.62,0.38,0.0,0.47902101111314976
39627782312954644,0.0,0.79,0.21,0.0,0.37074136996563684
39627776256378362,0.0,0.99,0.01,0.0,0.04039656794795559
39627782312954171,0.0,0.64,0.36,0.0,0.4713415946277461
39627752113967258,0.0,0.36,0.64,0.0,0.4713415946277461
39627770250138515,0.0,0.03,0.97,0.0,0.0971959289157881
39627794409326069,0.0,0.04,0.96,0.0,0.12114609454120741
39627770250138037,0.0,0.34,0.66,0.0,0.46240935248651505
39627770250138063,0.0,0.75,0.25,0.0,0.4056390622295664
39627752113968661,0.0,0.11,0.89,0.0,0.249957979082264
39627770250138120,0.0,0.14,0.86,0.0,0.292119405821428
39627752113968773,0.0,0.42,0.58,0.0,0.49072694751682683
39627788365333847,0.0,0.75,0.25,0.0,0.4056390622295664
39627752113966264,0.0,0.97,0.03,0.0,0.0971959289157881
39627752113966234,0.0,0.22,0.78,0.0,0.38008375148098283
39627788365333680,0.0,0.01,0.99,0.0,0.04039656794795559
39627770250138214,0.0,0.31,0.69,0.0,0.4465867291889284
39627746082554695,0.0,0.02,0.98,0.0,0.07072027127091034
39627746082555076,0.0,0.08,0.92,0.0,0.2010895951011364
39627800432349903,0.0,0.11,0.89,0.0,0.249957979082264
39627770224968576,0.0,0.91,0.09,0.0,0.21823490853205144
39627782312952389,0.0,0.2,0.8,0.0,0.36096404744368116
39627788365335105,0.0,0.13,0.87,0.0,0.2787190925139945
39627752113968147,0.0,0.45,0.55,0.0,0.49638722699390414
39627788365334594,0.0,0.11,0.89,0.0,0.249957979082264
39627746082554800,0.0,0.34,0.66,0.0,0.46240935248651505
39627752130743023,0.0,0.67,0.33,0.0,0.4574631863898637
39627752113968307,0.0,0.35,0.65,0.0,0.4670340276877455
39627752113968359,0.0,0.94,0.06,0.0,0.16372245957723813
39627752113968458,0.0,0.99,0.01,0.0,0.04039656794795559
39627782312952141,0.0,0.67,0.33,0.0,0.4574631863898637
39627752113968268,0.0,0.15,0.85,0.0,0.3049201523582002
39627752126549577,0.0,0.96,0.04,0.0,0.12114609454120741
39627782308763325,0.0,0.35,0.65,0.0,0.4670340276877455
39627746078361125,0.0,0.63,0.37,0.0,0.47533604634353294
39627782308761958,0.0,0.02,0.98,0.0,0.07072027127091034
39627752126548813,0.0,0.27,0.73,0.0,0.42073231810408784
39627746078362262,0.0,0.66,0.34,0.0,0.46240935248651505
39627770216584815,0.0,0.08,0.92,0.0,0.2010895951011364
39627752126548874,0.0,0.5,0.5,0.0,0.5
39627788361142114,0.0,0.04,0.96,0.0,0.12114609454120741
39627746078362291,0.0,0.77,0.23,0.0,0.38900565177326885
39627746078362333,0.0,0.02,0.98,0.0,0.07072027127091034
39627776264772011,0.0,1.0,0.0,0.0,-0.0
39627746078361025,0.0,0.16,0.84,0.0,0.3171547773202831
39627752118158980,0.0,0.47,0.53,0.0,0.4987007942838698
39627770212390015,0.0,0.73,0.27,0.0,0.42073231810408784
39627746078360984,0.0,0.01,0.99,0.0,0.04039656794795559
39627746078360919,0.0,0.88,0.12,0.0,0.2646804326436822
39627776264771016,0.0,0.76,0.24,0.0,0.39752013969226113
39627776264770956,0.0,0.05,0.95,0.0,0.14319847855797813
39627746078362597,0.0,0.15,0.85,0.0,0.3049201523582002
39627776264770928,0.0,0.68,0.32,0.0,0.45219072886224687
39627770216584803,0.0,0.02,0.98,0.0,0.07072027127091034
39627764197758536,0.0,0.37,0.63,0.0,0.47533604634353294
39627776264771606,0.0,0.2,0.8,0.0,0.36096404744368116
39627746078361164,0.0,0.69,0.31,0.0,0.4465867291889284
39627746078361484,0.0,0.57,0.43,0.0,0.4929075185894599
39627746078361524,0.0,0.73,0.27,0.0,0.42073231810408784
39627770212389675,0.0,0.9,0.1,0.0,0.2344977967946406
39627776264771544,0.0,0.18,0.82,0.0,0.34003852286413994
39627752126548547,0.0,0.8,0.2,0.0,0.36096404744368116
39627770212389615,0.0,0.91,0.09,0.0,0.21823490853205144
39627776264771539,0.0,0.51,0.49,0.0,0.49985572087640495
39627752109772543,0.0,0.0,1.0,0.0,-0.0
39627746078362090,0.0,0.91,0.09,0.0,0.21823490853205144
39627746078361617,0.0,0.36,0.64,0.0,0.4713415946277461
39627776264770898,0.0,0.14,0.86,0.0,0.292119405821428
39627788361141854,0.0,0.98,0.02,0.0,0.07072027127091034
39627788361141993,0.0,0.2,0.8,0.0,0.36096404744368116
39627770216585862,0.0,0.32,0.68,0.0,0.45219072886224687
39627746078362965,0.0,0.05,0.93,0.02,0.21317104534994366
39627782308761015,0.0,0.29,0.71,0.0,0.43436062316970225
39627746078360240,0.0,0.0,0.98,0.02,0.07072027127091034
39627752118158940,0.0,0.0,0.51,0.49,0.49985572087640495
39627764218726598,0.0,0.86,0.14,0.0,0.292119405821428
39627764218726448,0.0,0.15,0.85,0.0,0.3049201523582002
39627752118158920,0.0,0.17,0.82,0.01,0.3678974314876692
39627782308760288,0.0,0.02,0.97,0.01,0.11097036642660543
39627746078360486,0.0,0.07,0.93,0.0,0.18296182545011158
39627746078360269,0.0,0.03,0.97,0.0,0.0971959289157881
39627752126547176,0.0,1.0,0.0,0.0,-0.0
39627758153765354,0.0,0.57,0.43,0.0,0.4929075185894599
39627746078360404,0.0,0.08,0.92,0.0,0.2010895951011364
39627746078362953,0.0,0.03,0.96,0.01,0.13737165703039006
39627746078363109,0.0,0.23,0.77,0.0,0.38900565177326885
39627746078360565,0.0,0.9,0.1,0.0,0.2344977967946406
39627752118158977,0.0,0.02,0.98,0.0,0.07072027127091034
39627782296177435,0.0,0.35,0.65,0.0,0.4670340276877455
39627740038563369,0.0,0.99,0.01,0.0,0.04039656794795559
39627764193564149,0.0,0.03,0.93,0.04,0.2174448102113104
39627782296177917,0.0,0.28,0.72,0.0,0.4277254052800653
39627764193564106,0.0,0.54,0.46,0.0,0.49768921941011285
39627764193564101,0.0,0.32,0.68,0.0,0.45219072886224687
39627794400940716,0.0,0.0,0.94,0.06,0.16372245957723813
39627764214533524,0.0,0.29,0.71,0.0,0.43436062316970225
39627752118159146,0.0,0.38,0.62,0.0,0.47902101111314976
39627806476338190,0.0,0.06,0.94,0.0,0.16372245957723813
39627740038563877,0.0,0.94,0.06,0.0,0.16372245957723813
39627794379970596,0.0,0.09,0.91,0.0,0.21823490853205144
39627758157958109,0.0,0.19,0.81,0.0,0.3507357299419487
39627806467951435,0.0,0.73,0.27,0.0,0.42073231810408784
39627794405135927,0.0,0.02,0.98,0.0,0.07072027127091034
39627764176785108,0.0,0.25,0.74,0.01,0.4439483258828103
39627740038563831,0.36,0.64,0.0,0.0,0.4713415946277461
39627794400941825,0.0,0.24,0.76,0.0,0.39752013969226113
39627740038563604,0.0,0.68,0.32,0.0,0.45219072886224687
39627770220775362,0.0,0.88,0.12,0.0,0.2646804326436822
39627782291985738,0.0,0.47,0.53,0.0,0.4987007942838698
39627764193563886,0.0,0.4,0.6,0.0,0.4854752972273343
39627764193563755,0.0,0.0,1.0,0.0,-0.0
39627758145377145,0.0,0.54,0.46,0.0,0.49768921941011285
39627758157960977,0.0,0.34,0.66,0.0,0.46240935248651505
39627758157957623,0.0,0.49,0.51,0.0,0.49985572087640495
39627794400936861,0.0,0.15,0.85,0.0,0.3049201523582002
39627770220775542,0.0,0.17,0.83,0.0,0.32885238937210975
39627764180976156,0.0,0.79,0.21,0.0,0.37074136996563684
39627782325540246,0.0,0.86,0.14,0.0,0.292119405821428
39627770216585611,0.0,0.06,0.94,0.0,0.16372245957723813
39627770245942526,0.0,0.67,0.33,0.0,0.4574631863898637
39627758166345160,0.0,0.16,0.84,0.0,0.3171547773202831
39627764197757015,0.0,0.76,0.24,0.0,0.39752013969226113
39627758162150609,0.0,0.66,0.34,0.0,0.46240935248651505
39627770245942233,0.0,0.18,0.82,0.0,0.34003852286413994
39627794405131082,0.0,0.8,0.2,0.0,0.36096404744368116
39627800419767842,0.0,0.57,0.43,0.0,0.4929075185894599
39627770220775430,0.0,0.16,0.84,0.0,0.3171547773202831
39627770220777815,0.0,0.74,0.26,0.0,0.4133731862463089
39627764185169995,0.0,0.04,0.96,0.0,0.12114609454120741
39627764180975974,0.0,0.01,0.99,0.0,0.04039656794795559
39627794400937272,0.0,0.46,0.54,0.0,0.49768921941011285
39627794405133740,0.0,0.2,0.8,0.0,0.36096404744368116
39627794384163420,0.0,0.05,0.95,0.0,0.14319847855797813
39627752118159742,0.0,0.36,0.64,0.0,0.4713415946277461
39627800440738936,0.0,0.85,0.15,0.0,0.3049201523582002
39627764210340193,0.0,0.3,0.7,0.0,0.44064544961534635
39627770250133786,0.0,0.69,0.31,0.0,0.4465867291889284
39627788340168710,0.0,0.15,0.85,0.0,0.3049201523582002
39627758136983942,0.0,0.03,0.96,0.01,0.13737165703039006
39627770220773452,0.0,0.04,0.96,0.0,0.12114609454120741
39627758157960978,0.0,0.57,0.43,0.0,0.4929075185894599
39627776260576439,0.0,0.0,1.0,0.0,-0.0
39627752122354600,0.0,0.79,0.21,0.0,0.37074136996563684
39627770220778847,0.0,0.35,0.65,0.0,0.4670340276877455
39627782304567128,0.0,0.17,0.82,0.01,0.3678974314876692
39627764176787314,0.0,0.96,0.04,0.0,0.12114609454120741
39627800449123379,0.0,0.71,0.29,0.0,0.43436062316970225
39627782304567675,0.0,0.06,0.93,0.01,0.20367037270049304
39627800449123606,0.0,0.17,0.83,0.0,0.32885238937210975
39627746074167528,0.0,0.11,0.89,0.0,0.249957979082264
39627794400938801,0.0,0.01,0.98,0.01,0.08072027127091033
39627782333927188,0.0,0.15,0.85,0.0,0.3049201523582002
39627758166343945,0.0,0.09,0.91,0.0,0.21823490853205144
39627800449123731,0.0,0.96,0.04,0.0,0.12114609454120741
39627776260576255,0.0,0.5,0.5,0.0,0.5
39627752118159029,0.0,0.09,0.91,0.0,0.21823490853205144
39627752118161125,0.0,0.87,0.13,0.0,0.2787190925139945
39627764197757440,0.0,0.8,0.2,0.0,0.36096404744368116
39627782333926854,0.0,0.03,0.89,0.08,0.296452280596498
39627758166344213,0.0,0.97,0.03,0.0,0.0971959289157881
39627770220778905,0.0,0.0,1.0,0.0,-0.0
39627794400939591,0.0,1.0,0.0,0.0,-0.0
39627800449122605,0.0,0.13,0.87,0.0,0.2787190925139945
39627752113963100,0.0,0.82,0.18,0.0,0.34003852286413994
39627758153765772,0.0,0.99,0.01,0.0,0.04039656794795559
39627794392549821,0.0,0.96,0.04,0.0,0.12114609454120741
39627794405135037,0.0,0.0,1.0,0.0,-0.0
39627752109773925,0.0,0.22,0.78,0.0,0.38008375148098283
39627752118160836,0.0,0.11,0.89,0.0,0.249957979082264
39627788361142499,0.0,0.66,0.34,0.0,0.46240935248651505
39627752113963878,0.0,0.61,0.39,0.0,0.4823997742525436
39627782333923866,0.0,0.97,0.03,0.0,0.0971959289157881
39627752113963882,0.0,0.2,0.8,0.0,0.36096404744368116
39627758166344251,0.0,0.49,0.51,0.0,0.49985572087640495
39627764214531657,0.0,0.05,0.95,0.0,0.14319847855797813
39627782304564178,0.0,0.15,0.84,0.01,0.3441379826496441
39627800444933530,0.0,0.08,0.92,0.0,0.2010895951011364
39627794405134757,0.0,0.9,0.1,0.0,0.2344977967946406
39627800444930455,0.0,0.98,0.02,0.0,0.07072027127091034
39627794384158782,0.0,0.48,0.52,0.0,0.4994227679976009
39627764197753238,0.0,0.2,0.8,0.0,0.36096404744368116
39627746069975580,0.0,0.66,0.34,0.0,0.46240935248651505
39627746074169123,0.0,0.67,0.33,0.0,0.4574631863898637
39627794379972111,0.0,0.33,0.67,0.0,0.4574631863898637
39627758136984626,0.0,0.03,0.96,0.01,0.13737165703039006
39627794379971057,0.0,0.39,0.61,0.0,0.4823997742525436
39627758166349346,0.0,0.74,0.26,0.0,0.4133731862463089
39627758157956034,0.0,0.1,0.89,0.01,0.27413031336294724
39627758157956361,0.0,0.69,0.31,0.0,0.4465867291889284
39627746069975731,0.0,0.17,0.83,0.0,0.32885238937210975
39627764197753291,0.0,0.59,0.41,0.0,0.488250234378912
39627758166344908,0.0,0.07,0.93,0.0,0.18296182545011158
39627794379971864,0.0,0.87,0.13,0.0,0.2787190925139945
39627794405135879,0.0,0.95,0.05,0.0,0.14319847855797813
39627776264766302,0.0,0.0,1.0,0.0,-0.0
39627746086753632,0.0,0.74,0.26,0.0,0.4133731862463089
39627746074169382,0.0,0.13,0.87,0.0,0.2787190925139945
39627764214533225,0.0,0.02,0.98,0.0,0.07072027127091034
39627794405133017,0.0,0.86,0.14,0.0,0.292119405821428
39627794379971106,0.0,0.9,0.1,0.0,0.2344977967946406
39627758166349116,0.0,0.56,0.44,0.0,0.4947937606110278
39627758157955987,0.0,0.12,0.88,0.0,0.2646804326436822
39627764189364556,0.0,0.0,0.95,0.05,0.14319847855797813
39627770229164691,0.0,0.0,1.0,0.0,-0.0
39627758166344023,0.0,0.01,0.91,0.08,0.24088153359695552
39627770254330326,0.0,0.04,0.96,0.0,0.12114609454120741
39627776260576044,0.0,0.85,0.15,0.0,0.3049201523582002
39627758157955953,0.0,0.09,0.91,0.0,0.21823490853205144
39627746074165964,0.0,0.77,0.23,0.0,0.38900565177326885
39627758166344013,0.0,0.2,0.8,0.0,0.36096404744368116
39627800449125118,0.0,0.07,0.93,0.0,0.18296182545011158
39627794392553227,0.0,0.66,0.34,0.0,0.46240935248651505
39627770220774390,0.0,0.03,0.97,0.0,0.0971959289157881
39627794388360224,0.0,0.22,0.78,0.0,0.38008375148098283
39627794405135867,0.0,0.11,0.89,0.0,0.249957979082264
39627794396742264,0.0,0.45,0.55,0.0,0.49638722699390414
39627794405134664,0.0,0.71,0.29,0.0,0.43436062316970225
39627746074165397,0.0,0.99,0.01,0.0,0.04039656794795559
39627758136989287,0.0,0.01,0.99,0.0,0.04039656794795559
39627788348560217,0.0,0.4,0.6,0.0,0.4854752972273343
39627758136989192,0.0,0.86,0.14,0.0,0.292119405821428
39627770262716500,0.0,0.11,0.89,0.0,0.249957979082264
39627740042760351,0.0,0.4,0.6,0.0,0.4854752972273343
39627788373725461,0.0,0.52,0.48,0.0,0.4994227679976009
39627788348560156,0.0,0.64,0.36,0.0,0.4713415946277461
39627788373725468,0.0,0.76,0.24,0.0,0.39752013969226113
39627752118162492,0.0,0.14,0.86,0.0,0.292119405821428
39627752105579721,0.0,0.79,0.21,0.0,0.37074136996563684
39627752118162552,0.0,0.42,0.58,0.0,0.49072694751682683
39627764172590454,0.0,0.45,0.55,0.0,0.49638722699390414
39627788348560520,0.0,0.37,0.63,0.0,0.47533604634353294
39627740042759067,0.0,0.1,0.89,0.01,0.27413031336294724
39627758136989476,0.0,0.62,0.38,0.0,0.47902101111314976
39627758136989314,0.0,0.2,0.8,0.0,0.36096404744368116
39627764172590313,0.0,0.35,0.65,0.0,0.4670340276877455
39627764201951293,0.0,0.62,0.38,0.0,0.47902101111314976
39627764201951408,0.0,0.53,0.47,0.0,0.4987007942838698
39627776256381950,0.0,0.7,0.3,0.0,0.44064544961534635
39627740042759312,0.0,0.9,0.1,0.0,0.2344977967946406
39627776256381645,0.0,0.41,0.59,0.0,0.488250234378912
39627788373724870,0.0,0.08,0.92,0.0,0.2010895951011364
39627788373725277,0.0,0.73,0.27,0.0,0.42073231810408784
39627752118162201,0.0,0.0,0.86,0.14,0.292119405821428
39627752118162164,0.0,0.34,0.66,0.0,0.46240935248651505
39627764172590616,0.0,0.14,0.86,0.0,0.292119405821428
39627800436543527,0.0,0.02,0.98,0.0,0.07072027127091034
39627752118162140,0.0,0.14,0.86,0.0,0.292119405821428
39627800436543514,0.0,0.91,0.09,0.0,0.21823490853205144
39627782312956426,0.0,0.09,0.91,0.0,0.21823490853205144
39627746078365832,0.0,0.07,0.93,0.0,0.18296182545011158
39627764218729554,0.0,0.31,0.69,0.0,0.4465867291889284
39627758157960184,0.0,0.95,0.05,0.0,0.14319847855797813
39627746078363274,0.0,0.37,0.63,0.0,0.47533604634353294
39627758162150968,0.0,0.95,0.05,0.0,0.14319847855797813
39627800453318590,0.0,0.93,0.07,0.0,0.18296182545011158
39627764214532735,0.0,0.82,0.18,0.0,0.34003852286413994
39627800449123416,0.0,0.12,0.88,0.0,0.2646804326436822
39627800444932545,0.0,0.0,0.98,0.02,0.07072027127091034
39627794409328499,0.0,0.25,0.75,0.0,0.4056390622295664
39627764222919042,0.0,0.05,0.95,0.0,0.14319847855797813
39627764218730127,0.0,0.69,0.31,0.0,0.4465867291889284
39627782304566562,0.0,0.09,0.91,0.0,0.21823490853205144
39627764218729930,0.0,0.43,0.57,0.0,0.4929075185894599
39627782333923501,0.0,0.86,0.14,0.0,0.292119405821428
39627800449122895,0.0,0.86,0.14,0.0,0.292119405821428
39627800449123175,0.0,0.83,0.17,0.0,0.32885238937210975
39627788365335068,0.0,0.9,0.1,0.0,0.2344977967946406
39627800449126965,0.0,0.04,0.96,0.0,0.12114609454120741
39627770258527331,0.0,0.84,0.16,0.0,0.3171547773202831
39627776260571996,0.0,0.06,0.94,0.0,0.16372245957723813
39627782308761387,0.0,0.07,0.92,0.01,0.22283217282912027
39627800428151815,0.0,0.16,0.84,0.0,0.3171547773202831
39627782312956239,0.0,0.97,0.03,0.0,0.0971959289157881
39627746078362677,0.0,0.0,1.0,0.0,-0.0
39627776268965530,0.0,0.98,0.02,0.0,0.07072027127091034
39627770241749038,0.0,0.07,0.93,0.0,0.18296182545011158
39627740038565569,0.0,0.39,0.61,0.0,0.4823997742525436
39627782304567850,0.0,0.33,0.67,0.0,0.4574631863898637
39627770241749131,0.0,0.98,0.02,0.0,0.07072027127091034
39627776256381481,0.0,0.09,0.91,0.0,0.21823490853205144
39627740038564984,0.0,0.35,0.65,0.0,0.4670340276877455
39627758170540490,0.0,0.98,0.02,0.0,0.07072027127091034
39627782304568229,0.0,0.02,0.98,0.0,0.07072027127091034
39627740038564481,0.0,0.83,0.17,0.0,0.32885238937210975
39627794409327880,0.0,0.09,0.91,0.0,0.21823490853205144
39627746074169052,0.0,0.63,0.37,0.0,0.47533604634353294
39627746078363792,0.0,0.01,0.99,0.0,0.04039656794795559
39627758170540142,0.0,0.88,0.12,0.0,0.2646804326436822
39627746086752998,0.0,0.53,0.47,0.0,0.4987007942838698
39627788344361436,0.0,0.05,0.94,0.01,0.1832231322266888
39627788348561741,0.0,0.16,0.84,0.0,0.3171547773202831
39627770216582542,0.0,0.87,0.13,0.0,0.2787190925139945
39627788356946404,0.0,0.98,0.02,0.0,0.07072027127091034
39627746078363005,0.0,0.08,0.92,0.0,0.2010895951011364
39627764214531414,0.0,0.33,0.67,0.0,0.4574631863898637
39627788356946350,0.0,0.15,0.85,0.0,0.3049201523582002
39627782308763472,0.0,0.51,0.49,0.0,0.49985572087640495
39627794409328501,0.0,0.0,1.0,0.0,-0.0
39627746078364423,0.0,0.0,0.84,0.16,0.3171547773202831
39627758149569032,0.0,0.0,1.0,0.0,-0.0
39627770241749132,0.0,0.05,0.95,0.0,0.14319847855797813
39627806472146773,0.0,0.41,0.59,0.0,0.488250234378912
39627782304566396,0.0,0.25,0.75,0.0,0.4056390622295664
39627764214531931,0.0,0.74,0.26,0.0,0.4133731862463089
39627800432348326,0.0,0.89,0.11,0.0,0.249957979082264
39627752118160811,0.0,0.1,0.9,0.0,0.2344977967946406
39627746078363773,0.0,0.26,0.74,0.0,0.4133731862463089
39627806472146837,0.0,0.82,0.18,0.0,0.34003852286413994
39627770241750230,0.0,0.35,0.65,0.0,0.4670340276877455
39627788373722836,0.0,0.06,0.94,0.0,0.16372245957723813
39627794384165697,0.0,0.15,0.85,0.0,0.3049201523582002
39627764218725970,0.0,0.63,0.37,0.0,0.47533604634353294
39627788348555745,0.0,0.2,0.8,0.0,0.36096404744368116
39627776285741292,0.0,0.31,0.69,0.0,0.4465867291889284
39627800423957322,0.0,0.56,0.44,0.0,0.4947937606110278
39627746086749719,0.0,0.39,0.61,0.0,0.4823997742525436
39627776294129308,0.0,0.86,0.14,0.0,0.292119405821428
39627758166345870,0.0,0.37,0.63,0.0,0.47533604634353294
39627770241748679,0.0,0.96,0.04,0.0,0.12114609454120741
39627770241748305,0.0,0.61,0.39,0.0,0.4823997742525436
39627776294129046,0.0,0.87,0.13,0.0,0.2787190925139945
39627782325538597,0.0,0.72,0.28,0.0,0.4277254052800653
39627794400940634,0.0,0.06,0.94,0.0,0.16372245957723813
39627782325538514,0.0,0.3,0.7,0.0,0.44064544961534635
39627782325538010,0.0,0.31,0.69,0.0,0.4465867291889284
39627764176781348,0.0,0.21,0.79,0.0,0.37074136996563684
39627782325538384,0.0,0.81,0.19,0.0,0.3507357299419487
39627740034371573,0.0,0.77,0.23,0.0,0.38900565177326885
39627770241748525,0.0,0.64,0.36,0.0,0.4713415946277461
39627776285741123,0.0,0.57,0.43,0.0,0.4929075185894599
39627776264769896,0.0,0.81,0.19,0.0,0.3507357299419487
39627746078363689,0.0,0.97,0.03,0.0,0.0971959289157881
39627770241748820,0.0,0.02,0.98,0.0,0.07072027127091034
39627788348556214,0.0,0.06,0.94,0.0,0.16372245957723813
39627752109769753,0.0,0.0,0.99,0.01,0.04039656794795559
39627746074170033,0.0,0.9,0.1,0.0,0.2344977967946406
39627770241748692,0.0,0.97,0.03,0.0,0.0971959289157881
39627788348555945,0.0,0.55,0.45,0.0,0.49638722699390414
39627806472147437,0.0,0.33,0.67,0.0,0.4574631863898637
39627788344361318,0.0,0.0,0.97,0.03,0.0971959289157881
39627800432347899,0.0,0.11,0.89,0.0,0.249957979082264
39627746074170266,0.0,0.47,0.53,0.0,0.4987007942838698
39627794388353570,0.0,0.97,0.03,0.0,0.0971959289157881
39627758141179481,0.0,0.36,0.64,0.0,0.4713415946277461
39627776264769867,0.0,0.89,0.11,0.0,0.249957979082264
39627746078363460,0.0,0.82,0.18,0.0,0.34003852286413994
39627752105574448,0.0,0.73,0.27,0.0,0.42073231810408784
39627776264769891,0.0,0.82,0.18,0.0,0.34003852286413994
39627758157956848,0.0,0.04,0.96,0.0,0.12114609454120741
39627776256383289,0.0,0.23,0.77,0.0,0.38900565177326885
39627776256383166,0.0,0.18,0.82,0.0,0.34003852286413994
39627770250138285,0.0,0.0,1.0,0.0,-0.0
39627758132794515,0.0,0.0,0.96,0.04,0.12114609454120741
39627764206142608,0.0,0.77,0.23,0.0,0.38900565177326885
39627764206142591,0.0,0.95,0.05,0.0,0.14319847855797813
39627764210340111,0.0,0.28,0.72,0.0,0.4277254052800653
39627764206142582,0.0,0.86,0.14,0.0,0.292119405821428
39627752118163269,0.0,0.0,0.97,0.03,0.0971959289157881
39627764206142394,0.0,0.88,0.12,0.0,0.2646804326436822
39627764206142328,0.0,0.68,0.32,0.0,0.45219072886224687
39627746069972809,0.0,0.37,0.63,0.0,0.47533604634353294
39627758157960006,0.0,0.03,0.97,0.0,0.0971959289157881
39627764180982683,0.0,0.25,0.75,0.0,0.4056390622295664
39627794396746182,0.0,0.06,0.94,0.0,0.16372245957723813
39627788352754381,0.0,0.65,0.35,0.0,0.4670340276877455
39627746090946554,0.0,0.25,0.75,0.0,0.4056390622295664
39627746061585900,0.0,0.23,0.77,0.0,0.38900565177326885
39627746061585886,0.0,0.37,0.63,0.0,0.47533604634353294
39627788352754531,0.0,0.77,0.23,0.0,0.38900565177326885
39627746078365816,0.0,0.97,0.03,0.0,0.0971959289157881
39627770250138103,0.0,0.99,0.01,0.0,0.04039656794795559
39627782300371402,0.0,0.94,0.06,0.0,0.16372245957723813
39627770245941917,0.0,0.01,0.99,0.0,0.04039656794795559
39627770245943744,0.0,0.5,0.5,0.0,0.5
39627776260571812,0.0,0.01,0.93,0.06,0.20367037270049304
39627740038565899,0.0,0.31,0.69,0.0,0.4465867291889284
39627752118162770,0.0,0.12,0.88,0.0,0.2646804326436822
39627800432346832,0.0,0.25,0.75,0.0,0.4056390622295664
39627770250134560,0.0,0.41,0.59,0.0,0.488250234378912
39627782312953754,0.0,0.51,0.49,0.0,0.49985572087640495
39627782312952824,0.0,0.07,0.93,0.0,0.18296182545011158
39627758162153097,0.0,0.72,0.28,0.0,0.4277254052800653
39627752130743665,0.0,0.16,0.84,0.0,0.3171547773202831
39627782296178326,0.0,0.0,0.89,0.11,0.249957979082264
39627764206145138,0.0,0.44,0.56,0.0,0.4947937606110278
39627788369530029,0.0,0.03,0.96,0.01,0.13737165703039006
39627782296178529,0.0,0.0,0.9,0.1,0.2344977967946406
39627764180981731,0.0,0.11,0.89,0.0,0.249957979082264
39627800432347120,0.0,0.0,1.0,0.0,-0.0
39627770216582102,0.0,0.01,0.93,0.06,0.20367037270049304
39627746065777175,0.0,0.74,0.26,0.0,0.4133731862463089
39627758162150755,0.0,0.83,0.17,0.0,0.32885238937210975
39627788344361730,0.0,0.63,0.37,0.0,0.47533604634353294
39627746078363029,0.0,0.47,0.53,0.0,0.4987007942838698
39627758170543114,0.0,0.44,0.56,0.0,0.4947937606110278
39627770245940919,0.0,0.59,0.41,0.0,0.488250234378912
39627764210341446,0.0,0.55,0.45,0.0,0.49638722699390414
39627770245940831,0.0,0.21,0.78,0.01,0.4094279001393156
39627770245940653,0.0,1.0,0.0,0.0,-0.0
39627752122352758,0.0,0.61,0.39,0.0,0.4823997742525436
39627794388353621,0.0,0.04,0.96,0.0,0.12114609454120741
39627800444930173,0.0,0.3,0.7,0.0,0.44064544961534635
39627794400938051,0.0,0.05,0.95,0.0,0.14319847855797813
39627800444929793,0.0,0.02,0.97,0.01,0.11097036642660543
39627788348561765,0.0,0.81,0.19,0.0,0.3507357299419487
39627800444929684,0.0,0.03,0.97,0.0,0.0971959289157881
39627788348558513,0.0,0.21,0.79,0.0,0.37074136996563684
39627746061585628,0.0,0.38,0.62,0.0,0.47902101111314976
39627770245940553,0.01,0.95,0.04,0.0,0.16124668093016215
39627764172590367,0.0,0.01,0.99,0.0,0.04039656794795559
39627788344361609,0.0,0.21,0.79,0.0,0.37074136996563684
39627752126552043,0.0,0.96,0.04,0.0,0.12114609454120741
39627776268962159,0.0,0.82,0.18,0.0,0.34003852286413994
39627758174736840,0.0,0.08,0.92,0.0,0.2010895951011364
39627800444929672,0.0,0.09,0.91,0.0,0.21823490853205144
39627764201951739,0.0,0.78,0.22,0.0,0.38008375148098283
39627782300372901,0.0,0.8,0.2,0.0,0.36096404744368116
39627788352754639,0.0,0.71,0.29,0.0,0.43436062316970225
39627764185171896,0.0,0.07,0.93,0.0,0.18296182545011158
39627770250137851,0.0,0.02,0.98,0.0,0.07072027127091034
39627764180978957,0.0,0.03,0.97,0.0,0.0971959289157881
39627788356946717,0.0,0.82,0.18,0.0,0.34003852286413994
39627770212389000,0.0,0.42,0.58,0.0,0.49072694751682683
39627782325537799,0.0,0.29,0.71,0.0,0.43436062316970225
39627764176782737,0.0,0.74,0.26,0.0,0.4133731862463089
39627782296178191,0.0,0.04,0.96,0.0,0.12114609454120741
39627752105577131,0.0,0.37,0.63,0.0,0.47533604634353294
39627770212389287,0.0,0.52,0.48,0.0,0.4994227679976009
39627770212389202,0.0,0.79,0.21,0.0,0.37074136996563684
39627782296178259,0.0,0.15,0.85,0.0,0.3049201523582002
39627770212389052,0.0,0.38,0.62,0.0,0.47902101111314976
39627800444930683,0.0,0.0,0.73,0.27,0.42073231810408784
39627794405133549,0.0,1.0,0.0,0.0,-0.0
39627770241749436,0.0,0.39,0.61,0.0,0.4823997742525436
39627794405133580,0.0,0.27,0.73,0.0,0.42073231810408784
39627794405133556,0.0,0.15,0.85,0.0,0.3049201523582002
39627764180979290,0.0,0.92,0.08,0.0,0.2010895951011364
39627758132794595,0.09,0.91,0.0,0.0,0.21823490853205144
39627770241749717,0.0,0.01,0.98,0.01,0.08072027127091033
39627758166349205,0.0,0.21,0.79,0.0,0.37074136996563684
39627794405132786,0.02,0.96,0.02,0.0,0.14114609454120738
39627800444930070,0.0,0.29,0.71,0.0,0.43436062316970225
39627788348555846,0.0,0.14,0.86,0.0,0.292119405821428
39627758153764956,0.0,0.29,0.71,0.0,0.43436062316970225
39627758145377627,0.0,0.22,0.78,0.0,0.38008375148098283
39627800444930373,0.0,0.12,0.88,0.0,0.2646804326436822
39627794405133070,0.0,0.91,0.09,0.0,0.21823490853205144
39627758162154454,0.0,0.03,0.97,0.0,0.0971959289157881
39627770250137941,0.0,0.05,0.95,0.0,0.14319847855797813
39627764201950677,0.0,0.61,0.39,0.0,0.4823997742525436
39627764172591161,0.0,0.08,0.92,0.0,0.2010895951011364
39627794405133005,0.0,0.04,0.96,0.0,0.12114609454120741
39627752109769250,0.0,0.94,0.06,0.0,0.16372245957723813
39627776289934147,0.0,0.42,0.58,0.0,0.49072694751682683
39627758145376517,0.0,0.0,0.99,0.01,0.04039656794795559
39627794405130584,0.0,0.2,0.8,0.0,0.36096404744368116
39627740042758323,0.0,0.6,0.4,0.0,0.4854752972273343
39627806476342188,0.0,0.93,0.07,0.0,0.18296182545011158
39627782317146191,0.0,0.02,0.98,0.0,0.07072027127091034
39627764201948140,0.0,0.87,0.13,0.0,0.2787190925139945
39627752134936192,0.0,0.59,0.41,0.0,0.488250234378912
39627806472144064,0.0,0.24,0.76,0.0,0.39752013969226113
39627788365335053,0.0,0.12,0.88,0.0,0.2646804326436822
39627776273154816,0.0,0.21,0.79,0.0,0.37074136996563684
39627800436541313,0.0,0.97,0.03,0.0,0.0971959289157881
39627752105579796,0.0,0.06,0.94,0.0,0.16372245957723813
39627740038565345,0.0,0.73,0.27,0.0,0.42073231810408784
39627800436542409,0.0,0.35,0.65,0.0,0.4670340276877455
39627770258524701,0.0,0.41,0.59,0.0,0.488250234378912
39627782338121031,0.0,0.74,0.26,0.0,0.4133731862463089
39627752122353851,0.0,0.05,0.94,0.01,0.1832231322266888
39627770258524358,0.0,0.55,0.45,0.0,0.49638722699390414
39627800436542936,0.0,0.87,0.13,0.0,0.2787190925139945
39627752122354114,0.0,0.35,0.65,0.0,0.4670340276877455
39627788348559534,0.0,0.03,0.96,0.01,0.13737165703039006
39627764185172404,0.0,0.67,0.33,0.0,0.4574631863898637
39627800436542725,0.0,0.26,0.74,0.0,0.4133731862463089
39627740038562435,0.0,0.82,0.18,0.0,0.34003852286413994
39627800449127228,0.0,0.12,0.88,0.0,0.2646804326436822
39627800449127386,0.0,0.0,0.98,0.02,0.07072027127091034
39627800436540973,0.0,0.22,0.78,0.0,0.38008375148098283
39627800436541432,0.0,0.12,0.88,0.0,0.2646804326436822
39627800436541570,0.0,0.36,0.64,0.0,0.4713415946277461
39627752118159627,0.0,0.44,0.56,0.0,0.4947937606110278
39627764180981137,0.0,0.18,0.82,0.0,0.34003852286413994
39627800436541377,0.0,0.06,0.94,0.0,0.16372245957723813
39627764180981099,0.0,0.44,0.56,0.0,0.4947937606110278
39627800436540901,0.0,0.35,0.65,0.0,0.4670340276877455
39627764180981138,0.0,0.03,0.96,0.01,0.13737165703039006
39627800419763432,0.0,0.96,0.04,0.0,0.12114609454120741
39627770229167276,0.0,0.19,0.81,0.0,0.3507357299419487
39627794409326088,0.0,0.1,0.9,0.0,0.2344977967946406
39627800432349469,0.0,1.0,0.0,0.0,-0.0
39627800419763354,0.0,0.38,0.62,0.0,0.47902101111314976
39627764210339024,0.0,0.65,0.35,0.0,0.4670340276877455
39627758166348569,0.0,0.38,0.62,0.0,0.47902101111314976
39627794413519166,0.0,0.16,0.84,0.0,0.3171547773202831
39627794384161504,0.0,0.17,0.83,0.0,0.32885238937210975
39627800436543217,0.0,0.38,0.62,0.0,0.47902101111314976
39627764189369576,0.0,0.82,0.18,0.0,0.34003852286413994
39627800436541109,0.0,0.89,0.11,0.0,0.249957979082264
39627764210337918,0.0,0.18,0.82,0.0,0.34003852286413994
39627764201948138,0.0,0.25,0.75,0.0,0.4056390622295664
39627800436540485,0.0,0.92,0.08,0.0,0.2010895951011364
39627764210337935,0.0,0.15,0.85,0.0,0.3049201523582002
39627776268964226,0.0,0.73,0.27,0.0,0.42073231810408784
39627764210339581,0.0,0.01,0.92,0.07,0.22283217282912027
39627764210338026,0.0,0.06,0.94,0.0,0.16372245957723813
39627770229167028,0.0,0.17,0.83,0.0,0.32885238937210975
39627764210338063,0.0,0.2,0.8,0.0,0.36096404744368116
39627800436543577,0.0,0.01,0.99,0.0,0.04039656794795559
39627764210338139,0.0,0.01,0.97,0.02,0.11097036642660543
39627770220777267,0.0,0.15,0.85,0.0,0.3049201523582002
39627764210339966,0.0,0.06,0.94,0.0,0.16372245957723813
39627776260575624,0.0,0.16,0.84,0.0,0.3171547773202831
39627770224969628,0.0,0.18,0.82,0.0,0.34003852286413994
39627800436542416,0.0,0.06,0.94,0.0,0.16372245957723813
39627770224969743,0.0,0.04,0.96,0.0,0.12114609454120741
39627788344361417,0.0,0.06,0.94,0.0,0.16372245957723813
39627776264766636,0.0,0.46,0.54,0.0,0.49768921941011285
39627800436542276,0.0,0.1,0.9,0.0,0.2344977967946406
39627776256380994,0.0,0.81,0.19,0.0,0.3507357299419487
39627776268960548,0.0,0.36,0.64,0.0,0.4713415946277461
39627746090946724,0.0,0.57,0.43,0.0,0.4929075185894599
39627800436541788,0.0,0.02,0.98,0.0,0.07072027127091034
39627788344362250,0.0,0.97,0.03,0.0,0.0971959289157881
39627776256380064,0.0,0.09,0.91,0.0,0.21823490853205144
39627800436541241,0.0,0.8,0.2,0.0,0.36096404744368116
39627800436540197,0.0,0.08,0.92,0.0,0.2010895951011364
39627794388353510,0.0,0.21,0.79,0.0,0.37074136996563684
39627800436540026,0.0,0.3,0.7,0.0,0.44064544961534635
39627764176786620,0.0,0.79,0.21,0.0,0.37074136996563684
39627788340172785,0.0,0.08,0.92,0.0,0.2010895951011364
39627800419763715,0.0,0.58,0.42,0.0,0.49072694751682683
39627800419763717,0.0,0.2,0.8,0.0,0.36096404744368116
39627800432345274,0.0,0.0,0.96,0.04,0.12114609454120741
39627776260575576,0.0,0.07,0.93,0.0,0.18296182545011158
39627776260575577,0.0,0.96,0.04,0.0,0.12114609454120741
39627800432349450,0.0,0.01,0.94,0.05,0.1832231322266888
39627764176786324,0.01,0.73,0.26,0.0,0.4515849675378141
39627764214530493,0.0,0.14,0.86,0.0,0.292119405821428
39627764185172261,0.01,0.96,0.03,0.0,0.13737165703039006
39627770233356746,0.0,0.04,0.95,0.01,0.16124668093016215
39627764176786577,0.0,0.11,0.89,0.0,0.249957979082264
39627764197757712,0.0,0.26,0.74,0.0,0.4133731862463089
39627764176786598,0.0,0.14,0.86,0.0,0.292119405821428
39627788340173246,0.0,0.44,0.56,0.0,0.4947937606110278
39627788340172777,0.0,0.11,0.89,0.0,0.249957979082264
39627788344361521,0.0,0.9,0.1,0.0,0.2344977967946406
39627800436542298,0.0,0.02,0.98,0.0,0.07072027127091034
39627782308761822,0.0,0.19,0.81,0.0,0.3507357299419487
39627806476338743,0.0,0.46,0.54,0.0,0.49768921941011285
39627752118159293,0.0,0.34,0.66,0.0,0.46240935248651505
39627806476338802,0.0,0.43,0.57,0.0,0.4929075185894599
39627776294130440,0.0,0.0,0.99,0.01,0.04039656794795559
39627806476338828,0.0,0.22,0.78,0.0,0.38008375148098283
39627800440734045,0.01,0.91,0.08,0.0,0.24088153359695552
39627788365333065,0.0,0.36,0.64,0.0,0.4713415946277461
39627800440734100,0.0,0.8,0.2,0.0,0.36096404744368116
39627746074169249,0.0,0.38,0.62,0.0,0.47902101111314976
39627806476339090,0.0,0.44,0.56,0.0,0.4947937606110278
39627752101383415,0.0,0.07,0.93,0.0,0.18296182545011158
39627800440733962,0.0,0.21,0.79,0.0,0.37074136996563684
39627800440734262,0.0,0.56,0.44,0.0,0.4947937606110278
39627788352752410,0.0,0.65,0.35,0.0,0.4670340276877455
39627806476339432,0.0,0.08,0.92,0.0,0.2010895951011364
39627758141182194,0.0,0.96,0.04,0.0,0.12114609454120741
39627758157958845,0.0,0.04,0.96,0.0,0.12114609454120741
39627806476341502,0.0,0.4,0.6,0.0,0.4854752972273343
39627782296179539,0.0,0.86,0.14,0.0,0.292119405821428
39627746069971538,0.0,0.69,0.31,0.0,0.4465867291889284
39627758157957693,0.0,0.15,0.85,0.0,0.3049201523582002
39627770212390360,0.0,0.81,0.19,0.0,0.3507357299419487
39627782329733103,0.0,0.11,0.89,0.0,0.249957979082264
39627746074169683,0.0,0.0,1.0,0.0,-0.0
39627752105575552,0.0,0.69,0.31,0.0,0.4465867291889284
39627758157957391,0.0,0.09,0.91,0.0,0.21823490853205144
39627746074169634,0.0,0.11,0.89,0.0,0.249957979082264
39627800436544623,0.0,0.99,0.01,0.0,0.04039656794795559
39627782308758191,0.0,0.26,0.74,0.0,0.4133731862463089
39627746074169507,0.0,0.0,0.97,0.03,0.0971959289157881
39627800436544837,0.0,0.91,0.09,0.0,0.21823490853205144
39627800436544854,0.0,0.03,0.97,0.0,0.0971959289157881
39627800436544868,0.0,0.96,0.04,0.0,0.12114609454120741
39627752122356846,0.0,0.16,0.84,0.0,0.3171547773202831
39627746074169374,0.0,0.99,0.01,0.0,0.04039656794795559
39627776294130011,0.0,0.14,0.86,0.0,0.292119405821428
39627776294130038,0.0,0.89,0.11,0.0,0.249957979082264
39627806476338564,0.0,0.44,0.56,0.0,0.4947937606110278
39627746074167027,0.0,0.66,0.34,0.0,0.46240935248651505
39627758157957517,0.0,0.02,0.98,0.0,0.07072027127091034
39627788356943935,0.0,0.39,0.61,0.0,0.4823997742525436
39627782296177457,0.0,0.99,0.01,0.0,0.04039656794795559
39627788361142838,0.0,1.0,0.0,0.0,-0.0
39627800440737170,0.0,0.65,0.35,0.0,0.4670340276877455
39627788356947644,0.0,0.24,0.76,0.0,0.39752013969226113
39627746082557231,0.0,0.76,0.24,0.0,0.39752013969226113
39627758141179066,0.0,0.01,0.99,0.0,0.04039656794795559
39627752118160460,0.0,0.55,0.45,0.0,0.49638722699390414
39627740038562799,0.0,0.66,0.34,0.0,0.46240935248651505
39627740038567264,0.0,0.09,0.91,0.0,0.21823490853205144
39627800440738201,0.0,0.05,0.94,0.01,0.1832231322266888
39627740038562882,0.0,0.88,0.12,0.0,0.2646804326436822
39627740038562896,0.0,0.96,0.04,0.0,0.12114609454120741
39627782291986269,0.0,0.11,0.89,0.0,0.249957979082264
39627794392552494,0.0,0.99,0.01,0.0,0.04039656794795559
39627758141178860,0.0,0.52,0.48,0.0,0.4994227679976009
39627794392552681,0.0,0.09,0.91,0.0,0.21823490853205144
39627752118160493,0.0,0.5,0.5,0.0,0.5
39627794392553161,0.0,0.25,0.75,0.0,0.4056390622295664
39627788361142952,0.0,0.54,0.46,0.0,0.49768921941011285
39627770216585378,0.0,0.16,0.84,0.0,0.3171547773202831
39627794392553154,0.0,0.21,0.79,0.0,0.37074136996563684
39627746074168442,0.01,0.97,0.02,0.0,0.11097036642660543
39627758162149490,0.0,0.09,0.91,0.0,0.21823490853205144
39627752109771682,0.0,0.09,0.91,0.0,0.21823490853205144
39627794392553132,0.0,0.4,0.6,0.0,0.4854752972273343
39627752130745512,0.02,0.92,0.06,0.0,0.23354072007950172
39627782296176856,0.0,0.39,0.61,0.0,0.4823997742525436
39627752126550072,0.0,0.11,0.89,0.0,0.249957979082264
39627746078364205,0.0,0.39,0.61,0.0,0.4823997742525436
39627794392552976,0.0,0.33,0.67,0.0,0.4574631863898637
39627806480532370,0.0,0.09,0.91,0.0,0.21823490853205144
39627782308763271,0.0,0.34,0.66,0.0,0.46240935248651505
39627752105579299,0.0,0.84,0.16,0.0,0.3171547773202831
39627788356947636,0.0,0.84,0.16,0.0,0.3171547773202831
39627758149569362,0.0,0.89,0.11,0.0,0.249957979082264
39627800440736693,0.0,0.88,0.12,0.0,0.2646804326436822
39627740038562170,0.0,0.16,0.84,0.0,0.3171547773202831
39627800440736717,0.0,0.75,0.25,0.0,0.4056390622295664
39627752105579708,0.0,0.37,0.63,0.0,0.47533604634353294
39627752118164019,0.0,0.06,0.94,0.0,0.16372245957723813
39627800449126143,0.0,0.0,0.96,0.04,0.12114609454120741
39627758166346476,0.0,0.14,0.86,0.0,0.292119405821428
39627746074166898,0.0,0.91,0.09,0.0,0.21823490853205144
39627806472144623,0.0,0.0,0.98,0.02,0.07072027127091034
39627746069973192,0.0,0.89,0.11,0.0,0.249957979082264
39627788335978434,0.0,0.01,0.99,0.0,0.04039656794795559
39627758166346533,0.0,0.32,0.68,0.0,0.45219072886224687
39627794396744469,0.0,0.2,0.8,0.0,0.36096404744368116
39627788365337710,0.0,0.11,0.89,0.0,0.249957979082264
39627764176781912,0.0,0.0,1.0,0.0,-0.0
39627746069973311,0.0,0.17,0.83,0.0,0.32885238937210975
39627788356948297,0.0,0.71,0.29,0.0,0.43436062316970225
39627782308758806,0.0,0.57,0.43,0.0,0.4929075185894599
39627782308759202,0.0,0.39,0.61,0.0,0.4823997742525436
39627782308758729,0.0,0.7,0.3,0.0,0.44064544961534635
39627794392547573,0.0,0.86,0.14,0.0,0.292119405821428
39627758157955330,0.0,0.11,0.89,0.0,0.249957979082264
39627794396744877,0.0,0.62,0.38,0.0,0.47902101111314976
39627758166347309,0.0,0.27,0.73,0.0,0.42073231810408784
39627746074166743,0.0,0.02,0.98,0.0,0.07072027127091034
39627752122358298,0.0,0.85,0.15,0.0,0.3049201523582002
39627782308758703,0.0,0.3,0.7,0.0,0.44064544961534635
39627752122353632,0.0,0.3,0.7,0.0,0.44064544961534635
39627758166346682,0.0,0.0,0.96,0.04,0.12114609454120741
39627800436543855,0.0,0.44,0.56,0.0,0.4947937606110278
39627752113965753,0.0,0.99,0.01,0.0,0.04039656794795559
39627770250135541,0.0,0.06,0.94,0.0,0.16372245957723813
39627752113965479,0.0,0.79,0.21,0.0,0.37074136996563684
39627782308757589,0.0,0.06,0.94,0.0,0.16372245957723813
39627800436544301,0.0,0.46,0.54,0.0,0.49768921941011285
39627782333925868,0.0,0.38,0.62,0.0,0.47902101111314976
39627800444933872,0.0,0.01,0.99,0.0,0.04039656794795559
39627746086748699,0.0,0.29,0.71,0.0,0.43436062316970225
39627746078360006,0.0,0.01,0.99,0.0,0.04039656794795559
39627752126546667,0.0,0.0,0.94,0.06,0.16372245957723813
39627758157955719,0.0,0.18,0.82,0.0,0.34003852286413994
39627770233362028,0.0,0.76,0.24,0.0,0.39752013969226113
39627752113967343,0.0,0.01,0.98,0.01,0.08072027127091033
39627782308759985,0.0,0.32,0.68,0.0,0.45219072886224687
39627782308758601,0.0,0.53,0.47,0.0,0.4987007942838698
39627752113968110,0.0,0.23,0.77,0.0,0.38900565177326885
39627770250135214,0.0,0.13,0.87,0.0,0.2787190925139945
39627782308758071,0.0,0.72,0.28,0.0,0.4277254052800653
39627782308757818,0.0,0.55,0.45,0.0,0.49638722699390414
39627770250136062,0.0,0.63,0.37,0.0,0.47533604634353294
39627746074170261,0.0,0.35,0.65,0.0,0.4670340276877455
39627782333925007,0.0,0.01,0.96,0.03,0.13737165703039006
39627782308759520,0.0,0.56,0.44,0.0,0.4947937606110278
39627782308758684,0.0,0.29,0.71,0.0,0.43436062316970225
39627788348556427,0.0,0.3,0.7,0.0,0.44064544961534635
39627794405130941,0.0,0.43,0.57,0.0,0.4929075185894599
39627806472143202,0.0,0.08,0.92,0.0,0.2010895951011364
39627794392552104,0.0,0.33,0.67,0.0,0.4574631863898637
39627794396741866,0.0,0.16,0.84,0.0,0.3171547773202831
39627806480531982,0.0,0.34,0.66,0.0,0.46240935248651505
39627794400941746,0.0,0.16,0.84,0.0,0.3171547773202831
39627812511943117,0.0,0.64,0.36,0.0,0.4713415946277461
39627752113967907,0.0,0.22,0.78,0.0,0.38008375148098283
39627764189369810,0.0,0.01,0.98,0.01,0.08072027127091033
39627782329729697,0.0,0.23,0.77,0.0,0.38900565177326885
39627776289932922,0.0,0.17,0.83,0.0,0.32885238937210975
39627746065777958,0.0,0.27,0.73,0.0,0.42073231810408784
39627800436542892,0.0,0.22,0.78,0.0,0.38008375148098283
39627764189369693,0.0,0.0,1.0,0.0,-0.0
39627806480532257,0.0,0.39,0.61,0.0,0.4823997742525436
39627788361142785,0.0,0.12,0.87,0.01,0.30414992414989617
39627806472148660,0.0,0.0,1.0,0.0,-0.0
39627806472148584,0.0,0.44,0.56,0.0,0.4947937606110278
39627800423960982,0.0,0.25,0.75,0.0,0.4056390622295664
39627782296180505,0.0,0.62,0.38,0.0,0.47902101111314976
39627770212390766,0.0,0.4,0.6,0.0,0.4854752972273343
39627794405130490,0.0,0.96,0.04,0.0,0.12114609454120741
39627800423960888,0.0,0.08,0.92,0.0,0.2010895951011364
39627758157958975,0.0,0.28,0.72,0.0,0.4277254052800653
39627788340170366,0.0,0.86,0.14,0.0,0.292119405821428
39627770212390796,0.0,0.2,0.8,0.0,0.36096404744368116
39627806472148273,0.0,0.95,0.05,0.0,0.14319847855797813
39627806472143711,0.01,0.99,0.0,0.0,0.04039656794795559
39627788361138430,0.0,0.51,0.49,0.0,0.49985572087640495
39627758157958525,0.0,0.55,0.45,0.0,0.49638722699390414
39627758157958446,0.0,0.47,0.53,0.0,0.4987007942838698
39627782291985612,0.0,0.42,0.58,0.0,0.49072694751682683
39627794400937885,0.0,0.41,0.59,0.0,0.488250234378912
39627806472148567,0.0,0.12,0.88,0.0,0.2646804326436822
39627782296179982,0.0,0.0,1.0,0.0,-0.0
39627752118159802,0.0,0.72,0.28,0.0,0.4277254052800653
39627752118160036,0.0,0.67,0.33,0.0,0.4574631863898637
39627764201948859,0.0,0.1,0.9,0.0,0.2344977967946406
39627752118159752,0.0,0.7,0.3,0.0,0.44064544961534635
39627800444932208,0.0,0.89,0.11,0.0,0.249957979082264
39627788365336291,0.0,0.8,0.2,0.0,0.36096404744368116
39627758162151360,0.0,0.98,0.02,0.0,0.07072027127091034
39627752118160206,0.0,0.99,0.01,0.0,0.04039656794795559
39627788373724779,0.0,0.99,0.01,0.0,0.04039656794795559
39627758162151446,0.0,0.92,0.08,0.0,0.2010895951011364
39627770245940536,0.0,0.98,0.02,0.0,0.07072027127091034
39627782291986380,0.0,0.31,0.69,0.0,0.4465867291889284
39627776294129884,0.0,0.11,0.89,0.0,0.249957979082264
39627758132794455,0.0,0.63,0.37,0.0,0.47533604634353294
39627776281545136,0.0,0.76,0.24,0.0,0.39752013969226113
39627758166348282,0.0,0.8,0.2,0.0,0.36096404744368116
39627758132794478,0.0,0.54,0.46,0.0,0.49768921941011285
39627800436542778,0.0,0.68,0.32,0.0,0.45219072886224687
39627782304570423,0.0,0.52,0.48,0.0,0.4994227679976009
39627782304570393,0.0,0.03,0.97,0.0,0.0971959289157881
39627782291986656,0.0,0.15,0.85,0.0,0.3049201523582002
39627800428153469,0.0,0.84,0.16,0.0,0.3171547773202831
39627776264769744,0.0,0.95,0.05,0.0,0.14319847855797813
39627806472146601,0.0,0.41,0.59,0.0,0.488250234378912
39627770241748219,0.0,0.02,0.98,0.0,0.07072027127091034
39627770224969971,0.0,0.06,0.94,0.0,0.16372245957723813
39627764176784218,0.0,0.92,0.08,0.0,0.2010895951011364
39627806476340776,0.0,0.88,0.12,0.0,0.2646804326436822
39627806476340909,0.0,0.64,0.36,0.0,0.4713415946277461
39627800436541457,0.0,0.3,0.7,0.0,0.44064544961534635
39627758157959843,0.0,0.98,0.02,0.0,0.07072027127091034
39627788344362004,0.0,0.97,0.03,0.0,0.0971959289157881
39627776285737837,0.0,0.14,0.86,0.0,0.292119405821428
39627764214533164,0.0,0.02,0.98,0.0,0.07072027127091034
39627764176786623,0.0,0.31,0.69,0.0,0.4465867291889284
39627776264769859,0.0,0.15,0.85,0.0,0.3049201523582002
39627764189369215,0.0,0.0,1.0,0.0,-0.0
39627758141179699,0.0,0.07,0.93,0.0,0.18296182545011158
39627782300373455,0.0,0.06,0.94,0.0,0.16372245957723813
39627758149568919,0.0,0.3,0.69,0.01,0.4784535679576163
39627800444932711,0.0,0.88,0.12,0.0,0.2646804326436822
39627758141179710,0.0,0.55,0.45,0.0,0.49638722699390414
39627776256380462,0.0,0.05,0.95,0.0,0.14319847855797813
39627758149569294,0.0,0.95,0.05,0.0,0.14319847855797813
39627770241749018,0.0,0.47,0.53,0.0,0.4987007942838698
39627758136983755,0.0,0.16,0.84,0.0,0.3171547773202831
39627758132794565,0.0,0.1,0.9,0.0,0.2344977967946406
39627764180979317,0.0,0.61,0.39,0.0,0.4823997742525436
39627788373723165,0.0,0.22,0.78,0.0,0.38008375148098283
39627788373723105,0.0,0.13,0.87,0.0,0.2787190925139945
39627776256381223,0.0,0.1,0.9,0.0,0.2344977967946406
39627746082556829,0.01,0.58,0.41,0.0,0.5248154453536593
39627788361141425,0.0,0.7,0.3,0.0,0.44064544961534635
39627788340172500,0.0,0.49,0.51,0.0,0.49985572087640495
39627746078365707,0.0,0.72,0.28,0.0,0.4277254052800653
39627788340172255,0.0,0.39,0.61,0.0,0.4823997742525436
39627788340172299,0.0,0.27,0.73,0.0,0.42073231810408784
39627758141180096,0.0,0.2,0.8,0.0,0.36096404744368116
39627788340172249,0.0,0.47,0.53,0.0,0.4987007942838698
39627794409327779,0.0,0.85,0.15,0.0,0.3049201523582002
39627800453316684,0.0,0.79,0.21,0.0,0.37074136996563684
39627758136983758,0.0,0.69,0.31,0.0,0.4465867291889284
39627770224971235,0.0,0.25,0.75,0.0,0.4056390622295664
39627758145375675,0.0,0.84,0.16,0.0,0.3171547773202831
39627746078365584,0.0,0.75,0.25,0.0,0.4056390622295664
39627764180976172,0.0,0.98,0.02,0.0,0.07072027127091034
39627794388354883,0.0,0.52,0.48,0.0,0.4994227679976009
39627758136986941,0.0,0.72,0.28,0.0,0.4277254052800653
39627782296180155,0.0,0.5,0.5,0.0,0.5
39627758136987013,0.0,0.15,0.85,0.0,0.3049201523582002
39627746065779237,0.0,0.42,0.58,0.0,0.49072694751682683
39627752134937262,0.0,0.48,0.52,0.0,0.4994227679976009
39627782317147112,0.0,0.99,0.01,0.0,0.04039656794795559
39627770216582169,0.0,0.45,0.55,0.0,0.49638722699390414
39627758166348690,0.0,0.61,0.39,0.0,0.4823997742525436
39627746082554449,0.0,0.69,0.31,0.0,0.4465867291889284
39627746082556208,0.0,0.97,0.03,0.0,0.0971959289157881
39627770258526057,0.0,0.21,0.79,0.0,0.37074136996563684
39627782312956933,0.0,0.38,0.62,0.0,0.47902101111314976
39627758141180220,0.0,0.64,0.36,0.0,0.4713415946277461
39627746082556499,0.0,0.08,0.92,0.0,0.2010895951011364
39627746095138000,0.0,0.71,0.29,0.0,0.43436062316970225
39627782312956940,0.0,0.5,0.5,0.0,0.5
39627752134937754,0.0,0.31,0.69,0.0,0.4465867291889284
39627764189364365,0.0,0.98,0.02,0.0,0.07072027127091034
39627794396745734,0.0,0.02,0.98,0.0,0.07072027127091034
39627758141179994,0.0,0.1,0.9,0.0,0.2344977967946406
39627764210340971,0.0,0.92,0.08,0.0,0.2010895951011364
39627746095137836,0.0,0.31,0.69,0.0,0.4465867291889284
39627764185175947,0.0,0.01,0.99,0.0,0.04039656794795559
39627788377916808,0.0,0.73,0.27,0.0,0.42073231810408784
39627794388355221,0.0,0.96,0.04,0.0,0.12114609454120741
39627764218730265,0.0,0.09,0.91,0.0,0.21823490853205144
39627794388355118,0.0,0.27,0.73,0.0,0.42073231810408784
39627746082556536,0.0,0.87,0.13,0.0,0.2787190925139945
39627764185175435,0.0,0.78,0.22,0.0,0.38008375148098283
39627782296180141,0.0,0.03,0.97,0.0,0.0971959289157881
39627800453317093,0.0,0.72,0.28,0.0,0.4277254052800653
39627800419765268,0.0,0.88,0.12,0.0,0.2646804326436822
39627752105575485,0.0,0.71,0.29,0.0,0.43436062316970225
39627764185174069,0.0,0.37,0.63,0.0,0.47533604634353294
39627764185174051,0.0,0.25,0.75,0.0,0.4056390622295664
39627794409329976,0.0,0.33,0.67,0.0,0.4574631863898637
39627764189366184,0.0,0.01,0.99,0.0,0.04039656794795559
39627764189365832,0.0,0.95,0.05,0.0,0.14319847855797813
39627752122353281,0.0,0.08,0.92,0.0,0.2010895951011364
39627770229164709,0.0,0.0,0.9,0.1,0.2344977967946406
39627764210341060,0.0,0.05,0.95,0.0,0.14319847855797813
39627770245941504,0.0,0.68,0.32,0.0,0.45219072886224687
39627764185175306,0.0,0.99,0.01,0.0,0.04039656794795559
39627788344366542,0.0,0.98,0.02,0.0,0.07072027127091034
39627746065778311,0.0,0.07,0.93,0.0,0.18296182545011158
39627746069975434,0.0,0.89,0.11,0.0,0.249957979082264
39627794384162004,0.0,0.05,0.95,0.0,0.14319847855797813
39627746065778254,0.0,0.92,0.08,0.0,0.2010895951011364
39627770237554070,0.0,0.75,0.25,0.0,0.4056390622295664
39627794409329184,0.0,0.17,0.83,0.0,0.32885238937210975
39627788344366005,0.0,0.75,0.25,0.0,0.4056390622295664
39627746086754090,0.0,0.38,0.62,0.0,0.47902101111314976
39627764185174235,0.0,0.1,0.9,0.0,0.2344977967946406
39627782296179952,0.0,0.02,0.98,0.0,0.07072027127091034
39627794405134404,0.0,0.13,0.87,0.0,0.2787190925139945
39627794409329381,0.0,0.02,0.96,0.02,0.14114609454120738
39627770245944569,0.0,0.2,0.8,0.0,0.36096404744368116
39627800423957039,0.0,0.76,0.24,0.0,0.39752013969226113
39627800423961328,0.0,0.45,0.55,0.0,0.49638722699390414
39627794409330302,0.0,0.27,0.73,0.0,0.42073231810408784
39627794405134368,0.0,0.51,0.49,0.0,0.49985572087640495
39627746065778375,0.0,0.02,0.97,0.01,0.11097036642660543
39627764185173518,0.0,0.0,0.99,0.01,0.04039656794795559
39627764180979443,0.0,0.3,0.69,0.01,0.4784535679576163
39627770216585058,0.0,0.73,0.27,0.0,0.42073231810408784
39627770216584973,0.0,0.21,0.79,0.0,0.37074136996563684
39627758149570712,0.0,0.02,0.98,0.0,0.07072027127091034
39627782304568354,0.0,0.11,0.89,0.0,0.249957979082264
39627758141182588,0.0,0.72,0.28,0.0,0.4277254052800653
39627758141182408,0.0,0.08,0.92,0.0,0.2010895951011364
39627758149570879,0.0,0.21,0.79,0.0,0.37074136996563684
39627746078363265,0.0,0.01,0.98,0.01,0.08072027127091033
39627794388353180,0.0,0.97,0.03,0.0,0.0971959289157881
39627746078363788,0.0,0.45,0.55,0.0,0.49638722699390414
39627794384165636,0.0,1.0,0.0,0.0,-0.0
39627752118160209,0.0,0.02,0.98,0.0,0.07072027127091034
39627758162153866,0.0,0.38,0.62,0.0,0.47902101111314976
39627764193560598,0.0,0.16,0.84,0.0,0.3171547773202831
39627764180979702,0.0,0.2,0.8,0.0,0.36096404744368116
39627758162154028,0.0,0.24,0.76,0.0,0.39752013969226113
39627740038567733,0.0,0.55,0.45,0.0,0.49638722699390414
39627764193561035,0.0,0.27,0.73,0.0,0.42073231810408784
39627740038568007,0.0,0.9,0.1,0.0,0.2344977967946406
39627752101385416,0.0,0.07,0.93,0.0,0.18296182545011158
39627776268961691,0.0,0.13,0.87,0.0,0.2787190925139945
39627764218725297,0.0,0.7,0.3,0.0,0.44064544961534635
39627764218725232,0.0,0.19,0.81,0.0,0.3507357299419487
39627776289932784,0.0,0.89,0.11,0.0,0.249957979082264
39627752122357169,0.0,0.37,0.63,0.0,0.47533604634353294
39627770254331998,0.0,0.0,0.99,0.01,0.04039656794795559
39627794388357176,0.0,1.0,0.0,0.0,-0.0
39627752122357229,0.0,0.03,0.96,0.01,0.13737165703039006
39627752122357256,0.0,0.65,0.35,0.0,0.4670340276877455
39627788352750652,0.0,0.49,0.51,0.0,0.49985572087640495
39627764214534513,0.0,0.29,0.71,0.0,0.43436062316970225
39627800432348785,0.0,0.27,0.73,0.0,0.42073231810408784
39627788369529321,0.0,0.05,0.95,0.0,0.14319847855797813
39627794379971108,0.0,0.09,0.91,0.0,0.21823490853205144
39627752109773130,0.0,0.28,0.72,0.0,0.4277254052800653
39627794379970745,0.0,0.95,0.05,0.0,0.14319847855797813
39627788352751982,0.0,0.16,0.84,0.0,0.3171547773202831
39627800432348511,0.0,0.39,0.61,0.0,0.4823997742525436
39627788361141923,0.0,0.47,0.53,0.0,0.4987007942838698
39627788348559669,0.0,0.76,0.24,0.0,0.39752013969226113
39627746078364865,0.0,0.0,0.97,0.03,0.0971959289157881
39627740038567875,0.0,0.29,0.71,0.0,0.43436062316970225
39627752118160215,0.0,0.0,0.78,0.22,0.38008375148098283
39627764201951140,0.0,0.42,0.58,0.0,0.49072694751682683
39627758157956199,0.0,0.41,0.59,0.0,0.488250234378912
39627800444930028,0.0,0.8,0.2,0.0,0.36096404744368116
39627800444929980,0.0,0.26,0.74,0.0,0.4133731862463089
39627752130742311,0.0,0.95,0.05,0.0,0.14319847855797813
39627758136987977,0.0,0.92,0.08,0.0,0.2010895951011364
39627758136988005,0.08,0.92,0.0,0.0,0.2010895951011364
39627764214530977,0.0,0.37,0.63,0.0,0.47533604634353294
39627770224968686,0.0,0.03,0.97,0.0,0.0971959289157881
39627800444929640,0.01,0.93,0.06,0.0,0.20367037270049304
39627764201950762,0.0,0.94,0.06,0.0,0.16372245957723813
39627776268962516,0.0,0.67,0.33,0.0,0.4574631863898637
39627746078365489,0.0,0.01,0.96,0.03,0.13737165703039006
39627794413521306,0.0,0.71,0.29,0.0,0.43436062316970225
39627758157955843,0.0,0.05,0.95,0.0,0.14319847855797813
39627788365334268,0.0,0.37,0.63,0.0,0.47533604634353294
39627758132794560,0.0,0.18,0.82,0.0,0.34003852286413994
39627794413520289,0.0,0.92,0.08,0.0,0.2010895951011364
39627746074165972,0.0,0.79,0.21,0.0,0.37074136996563684
39627794409329043,0.0,0.96,0.04,0.0,0.12114609454120741
39627776256381552,0.0,0.81,0.19,0.0,0.3507357299419487
39627764214530633,0.0,0.14,0.86,0.0,0.292119405821428
39627746082554961,0.0,0.16,0.84,0.0,0.3171547773202831
39627794409329020,0.0,0.87,0.13,0.0,0.2787190925139945
39627782333929407,0.0,0.02,0.95,0.03,0.1674722434193448
39627794409328954,0.0,0.8,0.2,0.0,0.36096404744368116
39627794405132544,0.0,0.87,0.13,0.0,0.2787190925139945
39627758153765366,0.0,0.65,0.35,0.0,0.4670340276877455
39627776256381538,0.0,0.45,0.54,0.01,0.5324415226290491
39627758162150391,0.0,0.09,0.91,0.0,0.21823490853205144
39627782300375458,0.0,0.94,0.06,0.0,0.16372245957723813
39627776268962099,0.0,0.0,0.95,0.05,0.14319847855797813
39627758157959620,0.0,0.14,0.86,0.0,0.292119405821428
39627788348558824,0.0,0.39,0.61,0.0,0.4823997742525436
39627758162150406,0.0,0.01,0.93,0.06,0.20367037270049304
39627776268962031,0.0,0.41,0.59,0.0,0.488250234378912
39627746078364897,0.0,0.05,0.95,0.0,0.14319847855797813
39627776268962185,0.0,0.34,0.66,0.0,0.46240935248651505
39627752130740396,0.0,0.02,0.91,0.07,0.2526241113249394
39627746074169616,0.0,0.3,0.7,0.0,0.44064544961534635
39627764185173610,0.0,0.98,0.02,0.0,0.07072027127091034
39627794379970851,0.0,0.01,0.99,0.0,0.04039656794795559
39627758145375710,0.0,0.94,0.06,0.0,0.16372245957723813
39627794409328114,0.0,0.98,0.02,0.0,0.07072027127091034
39627788361141684,0.0,0.09,0.89,0.02,0.2875800930424113
39627776294128517,0.0,0.27,0.73,0.0,0.42073231810408784
39627764197754990,0.0,0.99,0.01,0.0,0.04039656794795559
39627752109770973,0.0,0.83,0.17,0.0,0.32885238937210975
39627776294126471,0.0,0.88,0.12,0.0,0.2646804326436822
39627788335974209,0.0,0.72,0.28,0.0,0.4277254052800653
39627746074166056,0.0,0.62,0.38,0.0,0.47902101111314976
39627758153762502,0.0,0.11,0.89,0.0,0.249957979082264
39627788335974222,0.0,0.64,0.36,0.0,0.4713415946277461
39627770233359145,0.0,0.2,0.79,0.01,0.39974188986867043
39627770258525465,0.0,0.22,0.78,0.0,0.38008375148098283
39627770220777250,0.0,0.58,0.42,0.0,0.49072694751682683
39627764210340643,0.0,0.61,0.39,0.0,0.4823997742525436
39627788340168716,0.0,0.01,0.98,0.01,0.08072027127091033
39627764193561564,0.0,0.62,0.38,0.0,0.47902101111314976
39627794409328126,0.0,0.15,0.85,0.0,0.3049201523582002
39627746090945985,0.0,0.02,0.98,0.0,0.07072027127091034
39627800419766748,0.0,0.28,0.72,0.0,0.4277254052800653
39627764210340763,0.0,0.82,0.18,0.0,0.34003852286413994
39627788356946998,0.0,0.75,0.25,0.0,0.4056390622295664
39627752109771340,0.0,0.27,0.73,0.0,0.42073231810408784
39627758157959496,0.0,0.71,0.29,0.0,0.43436062316970225
39627746065778744,0.0,0.17,0.83,0.0,0.32885238937210975
39627746090946015,0.0,0.56,0.44,0.0,0.4947937606110278
39627794413521560,0.0,0.94,0.06,0.0,0.16372245957723813
39627794388358942,0.0,0.05,0.95,0.0,0.14319847855797813
39627800453317446,0.0,0.01,0.98,0.01,0.08072027127091033
39627770258527542,0.0,0.19,0.81,0.0,0.3507357299419487
39627752126551830,0.0,0.18,0.82,0.0,0.34003852286413994
39627800423958116,0.0,0.46,0.54,0.0,0.49768921941011285
39627794413521681,0.0,0.22,0.78,0.0,0.38008375148098283
39627764218729867,0.0,0.88,0.12,0.0,0.2646804326436822
39627770258526324,0.0,0.67,0.33,0.0,0.4574631863898637
39627764210336320,0.0,0.51,0.49,0.0,0.49985572087640495
39627794379970309,0.0,0.06,0.94,0.0,0.16372245957723813
39627764214531463,0.0,0.71,0.29,0.0,0.43436062316970225
39627782308764164,0.0,0.12,0.88,0.0,0.2646804326436822
39627758149570784,0.0,0.04,0.96,0.0,0.12114609454120741
39627752126551670,0.0,0.1,0.9,0.0,0.2344977967946406
39627770254328122,0.0,0.9,0.1,0.0,0.2344977967946406
39627746078364233,0.0,0.57,0.43,0.0,0.4929075185894599
39627770258524211,0.0,0.07,0.93,0.0,0.18296182545011158
39627764214531540,0.0,0.79,0.21,0.0,0.37074136996563684
39627794379970473,0.0,0.2,0.8,0.0,0.36096404744368116
39627794379970109,0.0,0.19,0.81,0.0,0.3507357299419487
39627788369529126,0.0,0.46,0.54,0.0,0.49768921941011285
39627782333927397,0.0,0.8,0.2,0.0,0.36096404744368116
39627788352751083,0.0,0.0,1.0,0.0,-0.0
39627770229164830,0.0,0.74,0.26,0.0,0.4133731862463089
39627758162153247,0.0,0.47,0.53,0.0,0.4987007942838698
39627788348558220,0.0,0.04,0.94,0.02,0.19127133459887283
39627752101382484,0.0,0.6,0.4,0.0,0.4854752972273343
39627776298322643,0.0,0.0,1.0,0.0,-0.0
39627776298322140,0.0,0.28,0.72,0.0,0.4277254052800653
39627758162153851,0.0,0.78,0.22,0.0,0.38008375148098283
39627776285742091,0.0,0.83,0.17,0.0,0.32885238937210975
39627770241747620,0.0,0.39,0.61,0.0,0.4823997742525436
39627788348557907,0.0,0.63,0.37,0.0,0.47533604634353294
39627758162154091,0.0,0.24,0.76,0.0,0.39752013969226113
39627788352750508,0.0,0.06,0.94,0.0,0.16372245957723813
39627794396746188,0.0,0.5,0.5,0.0,0.5
39627782333927505,0.0,0.88,0.12,0.0,0.2646804326436822
39627752118160494,0.0,0.71,0.29,0.0,0.43436062316970225
39627770241745642,0.0,0.97,0.03,0.0,0.0971959289157881
39627752118160649,0.0,0.9,0.1,0.0,0.2344977967946406
39627794396746033,0.0,0.84,0.16,0.0,0.3171547773202831
39627752118160415,0.0,0.36,0.64,0.0,0.4713415946277461
39627758166348046,0.0,0.14,0.86,0.0,0.292119405821428
39627746061585647,0.0,0.44,0.56,0.0,0.4947937606110278
39627776298320932,0.0,0.12,0.88,0.0,0.2646804326436822
39627794388354749,0.0,0.16,0.84,0.0,0.3171547773202831
39627800428152327,0.0,0.11,0.89,0.0,0.249957979082264
39627752122353210,0.0,0.26,0.74,0.0,0.4133731862463089
39627758153765116,0.0,0.86,0.14,0.0,0.292119405821428
39627794405131808,0.0,0.42,0.58,0.0,0.49072694751682683
39627794405131923,0.0,1.0,0.0,0.0,-0.0
39627764197755678,0.0,0.12,0.88,0.0,0.2646804326436822
39627794396743912,0.0,0.45,0.55,0.0,0.49638722699390414
39627800436542591,0.0,0.71,0.29,0.0,0.43436062316970225
39627794396743226,0.0,0.73,0.27,0.0,0.42073231810408784
39627794396743289,0.0,0.55,0.45,0.0,0.49638722699390414
39627794396743487,0.0,0.29,0.71,0.0,0.43436062316970225
39627800436542390,0.0,0.68,0.32,0.0,0.45219072886224687
39627806480531551,0.0,0.6,0.4,0.0,0.4854752972273343
39627764214530497,0.0,0.34,0.66,0.0,0.46240935248651505
39627752122353544,0.0,0.15,0.85,0.0,0.3049201523582002
39627752134935987,0.0,0.34,0.66,0.0,0.46240935248651505
39627800436542985,0.0,0.01,0.97,0.02,0.11097036642660543
39627752134935492,0.0,0.17,0.83,0.0,0.32885238937210975
39627752134935755,0.03,0.94,0.03,0.0,0.19372245957723813
39627770258526389,0.0,0.91,0.09,0.0,0.21823490853205144
39627806476337818,0.0,0.74,0.26,0.0,0.4133731862463089
39627776294129867,0.0,0.0,0.99,0.01,0.04039656794795559
39627800449127537,0.0,1.0,0.0,0.0,-0.0
39627752122353628,0.0,0.01,0.99,0.0,0.04039656794795559
39627800440736282,0.0,0.65,0.35,0.0,0.4670340276877455
39627758145376104,0.0,0.03,0.96,0.01,0.13737165703039006
39627794400936006,0.0,0.89,0.11,0.0,0.249957979082264
39627758157955345,0.0,0.09,0.91,0.0,0.21823490853205144
39627800440738238,0.0,1.0,0.0,0.0,-0.0
39627758153761873,0.0,0.11,0.89,0.0,0.249957979082264
39627776289934576,0.0,0.83,0.17,0.0,0.32885238937210975
39627764210337679,0.0,0.02,0.97,0.01,0.11097036642660543
39627764214533313,0.0,0.85,0.15,0.0,0.3049201523582002
39627752122357018,0.0,0.54,0.46,0.0,0.49768921941011285
39627776289934586,0.0,0.1,0.9,0.0,0.2344977967946406
39627800436544161,0.0,0.64,0.36,0.0,0.4713415946277461
39627794409330557,0.0,0.31,0.69,0.0,0.4465867291889284
39627770212390761,0.0,0.92,0.08,0.0,0.2010895951011364
39627764218725719,0.0,0.12,0.88,0.0,0.2646804326436822
39627776289934599,0.0,0.13,0.87,0.0,0.2787190925139945
39627752118163357,0.0,0.16,0.84,0.0,0.3171547773202831
39627770212390958,0.0,0.05,0.95,0.0,0.14319847855797813
39627764218725265,0.0,0.7,0.3,0.0,0.44064544961534635
39627752118163008,0.0,0.01,0.99,0.0,0.04039656794795559
39627806476338205,0.0,0.8,0.2,0.0,0.36096404744368116
39627788340171274,0.0,0.01,0.97,0.02,0.11097036642660543
39627770220780069,0.0,0.05,0.95,0.0,0.14319847855797813
39627770245944646,0.0,0.21,0.79,0.0,0.37074136996563684
39627752118163208,0.0,0.75,0.25,0.0,0.4056390622295664
39627794396746191,0.0,0.0,0.98,0.02,0.07072027127091034
39627746065778781,0.0,0.51,0.49,0.0,0.49985572087640495
39627800436544990,0.0,0.79,0.21,0.0,0.37074136996563684
39627782308758429,0.0,0.43,0.57,0.0,0.4929075185894599
39627794392551700,0.0,0.95,0.05,0.0,0.14319847855797813
39627776260575508,0.0,0.03,0.97,0.0,0.0971959289157881
39627758136988433,0.0,0.76,0.24,0.0,0.39752013969226113
39627794405131917,0.0,0.99,0.01,0.0,0.04039656794795559
39627758153762260,0.0,0.7,0.3,0.0,0.44064544961534635
39627806472147912,0.0,0.85,0.15,0.0,0.3049201523582002
39627794400941240,0.0,0.01,0.99,0.0,0.04039656794795559
39627776294128470,0.0,0.42,0.58,0.0,0.49072694751682683
39627806472148071,0.0,0.13,0.87,0.0,0.2787190925139945
39627758157955190,0.0,0.06,0.94,0.0,0.16372245957723813
39627800419767282,0.0,0.81,0.19,0.0,0.3507357299419487
39627806476341712,0.0,0.76,0.24,0.0,0.39752013969226113
39627794413521779,0.0,0.56,0.44,0.0,0.4947937606110278
39627794392551386,0.0,0.99,0.01,0.0,0.04039656794795559
39627806480533439,0.0,0.93,0.07,0.0,0.18296182545011158
39627788348556803,0.0,0.36,0.64,0.0,0.4713415946277461
39627770241747188,0.0,0.05,0.95,0.0,0.14319847855797813
39627806472147738,0.0,0.15,0.85,0.0,0.3049201523582002
39627806472146692,0.0,0.72,0.28,0.0,0.4277254052800653
39627806472146123,0.0,0.15,0.85,0.0,0.3049201523582002
39627770245940083,0.07,0.93,0.0,0.0,0.18296182545011158
39627806472146039,0.0,0.43,0.57,0.0,0.4929075185894599
39627806472146332,0.0,0.72,0.28,0.0,0.4277254052800653
39627788365334793,0.0,0.05,0.91,0.04,0.2628333312247715
39627758166348680,0.0,0.33,0.67,0.0,0.4574631863898637
39627758166348940,0.0,0.15,0.85,0.0,0.3049201523582002
39627782325535493,0.25,0.75,0.0,0.0,0.4056390622295664
39627764185174901,0.0,0.28,0.72,0.0,0.4277254052800653
39627758145376317,0.0,0.55,0.45,0.0,0.49638722699390414
39627782325535510,0.0,0.31,0.69,0.0,0.4465867291889284
39627770216582200,0.0,0.68,0.32,0.0,0.45219072886224687
39627770250136713,0.0,0.62,0.38,0.0,0.47902101111314976
39627794400938528,0.0,0.12,0.88,0.0,0.2646804326436822
39627788340169457,0.0,0.14,0.86,0.0,0.292119405821428
39627800428155672,0.0,0.81,0.19,0.0,0.3507357299419487
39627776260576723,0.0,0.3,0.7,0.0,0.44064544961534635
39627740038567680,0.0,0.17,0.83,0.0,0.32885238937210975
39627788340169469,0.0,0.5,0.5,0.0,0.5
39627764193561900,0.0,0.93,0.07,0.0,0.18296182545011158
39627746082557263,0.0,0.77,0.23,0.0,0.38900565177326885
39627800449127962,0.0,1.0,0.0,0.0,-0.0
39627752109769387,0.0,0.95,0.05,0.0,0.14319847855797813
39627800432348591,0.0,0.65,0.35,0.0,0.4670340276877455
39627800453316972,0.0,0.01,0.97,0.02,0.11097036642660543
39627800453317278,0.0,0.01,0.97,0.02,0.11097036642660543
39627800453317512,0.0,0.6,0.4,0.0,0.4854752972273343
39627746090943698,0.0,0.36,0.64,0.0,0.4713415946277461
39627800436539593,0.0,0.06,0.94,0.0,0.16372245957723813
39627782325535790,0.0,0.18,0.82,0.0,0.34003852286413994
39627770216582540,0.0,0.54,0.46,0.0,0.49768921941011285
39627806472146392,0.0,0.26,0.74,0.0,0.4133731862463089
39627776264770897,0.0,0.03,0.97,0.0,0.0971959289157881
39627764193562026,0.0,0.62,0.38,0.0,0.47902101111314976
39627770216582749,0.0,0.43,0.57,0.0,0.4929075185894599
39627782325536151,0.0,0.89,0.11,0.0,0.249957979082264
39627800449127779,0.0,0.07,0.93,0.0,0.18296182545011158
39627740038566915,0.0,0.2,0.8,0.0,0.36096404744368116
39627782312957326,0.0,0.98,0.02,0.0,0.07072027127091034
39627746090945664,0.0,0.01,0.98,0.01,0.08072027127091033
39627770254329274,0.0,0.27,0.73,0.0,0.42073231810408784
39627770254329312,0.0,0.61,0.39,0.0,0.4823997742525436
39627800432350685,0.0,0.78,0.22,0.0,0.38008375148098283
39627794400937876,0.0,0.85,0.15,0.0,0.3049201523582002
39627758174737577,0.0,0.35,0.65,0.0,0.4670340276877455
39627782312957286,0.0,0.66,0.34,0.0,0.46240935248651505
39627764214530601,0.0,0.08,0.92,0.0,0.2010895951011364
39627764218728309,0.0,0.25,0.75,0.0,0.4056390622295664
39627782321345010,0.0,0.22,0.78,0.0,0.38008375148098283
39627782300369062,0.0,0.04,0.96,0.0,0.12114609454120741
39627782300369439,0.0,0.95,0.05,0.0,0.14319847855797813
39627764201950239,0.0,0.56,0.44,0.0,0.4947937606110278
39627764214534618,0.0,0.46,0.54,0.0,0.49768921941011285
39627752118163348,0.0,0.09,0.91,0.0,0.21823490853205144
39627746074169905,0.0,0.31,0.69,0.0,0.4465867291889284
39627758136984737,0.0,0.79,0.21,0.0,0.37074136996563684
39627764197755522,0.0,0.19,0.81,0.0,0.3507357299419487
39627764214531041,0.0,0.27,0.73,0.0,0.42073231810408784
39627746074169788,0.0,0.08,0.92,0.0,0.2010895951011364
39627746074169956,0.0,0.95,0.05,0.0,0.14319847855797813
39627764197755693,0.0,0.6,0.4,0.0,0.4854752972273343
39627764197755707,0.0,0.05,0.95,0.0,0.14319847855797813
39627794388359924,0.0,0.13,0.86,0.01,0.31810566868628926
39627752113966557,0.0,0.22,0.78,0.0,0.38008375148098283
39627746074169826,0.0,0.01,0.98,0.01,0.08072027127091033
39627746069973866,0.0,0.54,0.46,0.0,0.49768921941011285
39627782300369013,0.0,0.0,0.64,0.36,0.4713415946277461
39627782300375063,0.0,0.34,0.66,0.0,0.46240935248651505
39627746074169699,0.0,0.99,0.01,0.0,0.04039656794795559
39627752109772764,0.0,0.32,0.68,0.0,0.45219072886224687
39627764206146221,0.0,0.01,0.98,0.01,0.08072027127091033
39627752109772693,0.0,0.55,0.45,0.0,0.49638722699390414
39627764210341948,0.0,0.22,0.78,0.0,0.38008375148098283
39627800432348110,0.0,0.76,0.24,0.0,0.39752013969226113
39627764197758509,0.01,0.95,0.04,0.0,0.16124668093016215
39627746065778058,0.0,0.83,0.17,0.0,0.32885238937210975
39627746065778016,0.0,0.65,0.35,0.0,0.4670340276877455
39627764214530502,0.0,0.21,0.79,0.0,0.37074136996563684
39627758136984457,0.0,0.0,0.89,0.11,0.249957979082264
39627752122354898,0.0,0.01,0.99,0.0,0.04039656794795559
39627788356946217,0.0,0.13,0.87,0.0,0.2787190925139945
39627764197758415,0.0,0.22,0.78,0.0,0.38008375148098283
39627752109772781,0.0,0.3,0.7,0.0,0.44064544961534635
39627782300371057,0.0,0.12,0.88,0.0,0.2646804326436822
39627752109772952,0.0,0.09,0.91,0.0,0.21823490853205144
39627752109772962,0.0,0.29,0.71,0.0,0.43436062316970225
39627746069974036,0.0,0.29,0.71,0.0,0.43436062316970225
39627746069974040,0.0,0.73,0.27,0.0,0.42073231810408784
39627746074169689,0.0,1.0,0.0,0.0,-0.0
39627764201951727,0.0,0.4,0.6,0.0,0.4854752972273343
39627752109773576,0.0,0.57,0.43,0.0,0.4929075185894599
39627758153762033,0.0,0.25,0.75,0.0,0.4056390622295664
39627752109773403,0.0,0.91,0.09,0.0,0.21823490853205144
39627746074169677,0.0,0.18,0.82,0.0,0.34003852286413994
39627764201947318,0.0,0.02,0.98,0.0,0.07072027127091034
39627758153761992,0.0,0.13,0.87,0.0,0.2787190925139945
39627776260575390,0.0,0.96,0.04,0.0,0.12114609454120741
39627752109773255,0.0,0.25,0.75,0.0,0.4056390622295664
39627764201951495,0.0,0.67,0.33,0.0,0.4574631863898637
39627752109773080,0.0,0.93,0.07,0.0,0.18296182545011158
39627764201951526,0.0,0.03,0.97,0.0,0.0971959289157881
39627764185173336,0.01,0.97,0.02,0.0,0.11097036642660543
39627794396744272,0.0,0.22,0.78,0.0,0.38008375148098283
39627752130744105,0.0,0.43,0.57,0.0,0.4929075185894599
39627788348557435,0.02,0.97,0.01,0.0,0.11097036642660543
39627788348557478,0.0,0.82,0.18,0.0,0.34003852286413994
39627764185171268,0.0,0.4,0.6,0.0,0.4854752972273343
39627800444930780,0.0,0.03,0.97,0.0,0.0971959289157881
39627788365335313,0.0,0.41,0.59,0.0,0.488250234378912
39627788365335240,0.0,0.0,0.95,0.05,0.14319847855797813
39627800444930198,0.0,0.03,0.97,0.0,0.0971959289157881
39627788365334939,0.0,0.49,0.51,0.0,0.49985572087640495
39627788365334686,0.0,0.5,0.5,0.0,0.5
39627764193561134,0.0,0.82,0.18,0.0,0.34003852286413994
39627764193561048,0.0,0.05,0.95,0.0,0.14319847855797813
39627794405132025,0.0,0.65,0.35,0.0,0.4670340276877455
39627770254328918,0.0,0.96,0.04,0.0,0.12114609454120741
39627770250136252,0.0,0.49,0.51,0.0,0.49985572087640495
39627788365332641,0.0,0.37,0.63,0.0,0.47533604634353294
39627746078364851,0.0,0.56,0.44,0.0,0.4947937606110278
39627794405132053,0.0,0.51,0.49,0.0,0.49985572087640495
39627788348557930,0.0,0.52,0.48,0.0,0.4994227679976009
39627788365336855,0.0,0.18,0.82,0.0,0.34003852286413994
39627764185173624,0.0,0.77,0.23,0.0,0.38900565177326885
39627788365336959,0.0,0.43,0.57,0.0,0.4929075185894599
39627782329729320,0.0,0.71,0.29,0.0,0.43436062316970225
39627800423957347,0.0,0.14,0.86,0.0,0.292119405821428
39627746086750572,0.0,0.91,0.09,0.0,0.21823490853205144
39627800423961175,0.0,0.88,0.12,0.0,0.2646804326436822
39627800423961340,0.0,0.98,0.02,0.0,0.07072027127091034
39627782321344397,0.0,0.5,0.5,0.0,0.5
39627782321343973,0.0,0.96,0.04,0.0,0.12114609454120741
39627764189369324,0.0,0.81,0.19,0.0,0.3507357299419487
39627770245941291,0.0,0.95,0.05,0.0,0.14319847855797813
39627758153765420,0.0,0.74,0.26,0.0,0.4133731862463089
39627800423961291,0.0,0.69,0.31,0.0,0.4465867291889284
39627758157958392,0.0,0.92,0.08,0.0,0.2010895951011364
39627764189365911,0.0,0.48,0.52,0.0,0.4994227679976009
39627788365336974,0.0,0.02,0.98,0.0,0.07072027127091034
39627752130744464,0.0,0.83,0.17,0.0,0.32885238937210975
39627782312953726,0.0,0.38,0.62,0.0,0.47902101111314976
39627764185173843,0.0,0.06,0.94,0.0,0.16372245957723813
39627764185174518,0.0,0.46,0.54,0.0,0.49768921941011285
39627800449122549,0.0,0.27,0.73,0.0,0.42073231810408784
39627794379970017,0.0,0.02,0.97,0.01,0.11097036642660543
39627764189364737,0.0,0.1,0.9,0.0,0.2344977967946406
39627764189364887,0.0,0.48,0.52,0.0,0.4994227679976009
39627746090943958,0.0,0.27,0.73,0.0,0.42073231810408784
39627788348556122,0.0,0.92,0.08,0.0,0.2010895951011364
39627746090943864,0.0,0.55,0.45,0.0,0.49638722699390414
39627782329730539,0.0,0.39,0.61,0.0,0.4823997742525436
39627752126547248,0.0,0.11,0.89,0.0,0.249957979082264
39627746078360638,0.0,0.0,0.98,0.02,0.07072027127091034
39627746078360758,0.0,0.01,0.84,0.15,0.3441379826496441
39627746078360773,0.0,0.0,0.87,0.13,0.2787190925139945
39627770254331161,0.0,0.04,0.96,0.0,0.12114609454120741
39627746078361076,0.0,0.63,0.37,0.0,0.47533604634353294
39627746078361141,0.0,0.54,0.46,0.0,0.49768921941011285
39627746078361177,0.0,0.91,0.09,0.0,0.21823490853205144
39627764218725896,0.0,0.11,0.89,0.0,0.249957979082264
39627764180977424,0.0,0.43,0.57,0.0,0.4929075185894599
39627758166347819,0.0,1.0,0.0,0.0,-0.0
39627764214535412,0.01,0.98,0.01,0.0,0.08072027127091033
39627770254332101,0.0,0.37,0.63,0.0,0.47533604634353294
39627764193562696,0.0,0.06,0.94,0.0,0.16372245957723813
39627806472145445,0.0,0.05,0.95,0.0,0.14319847855797813
39627806472147632,0.0,0.94,0.06,0.0,0.16372245957723813
39627806472148318,0.0,0.63,0.37,0.0,0.47533604634353294
39627746078361336,0.0,0.61,0.39,0.0,0.4823997742525436
39627746078361569,0.0,0.92,0.08,0.0,0.2010895951011364
39627770254329608,0.0,0.99,0.01,0.0,0.04039656794795559
39627740038565721,0.0,0.77,0.23,0.0,0.38900565177326885
39627758162151667,0.0,0.1,0.9,0.0,0.2344977967946406
39627746078361785,0.0,0.15,0.85,0.0,0.3049201523582002
39627764180981710,0.0,0.45,0.55,0.0,0.49638722699390414
39627788348559315,0.0,0.07,0.93,0.0,0.18296182545011158
39627758162151112,0.0,0.05,0.95,0.0,0.14319847855797813
39627794405131091,0.0,0.92,0.08,0.0,0.2010895951011364
39627794405131353,0.0,0.03,0.95,0.02,0.1674722434193448
39627758162150851,0.0,0.21,0.79,0.0,0.37074136996563684
39627788352754142,0.0,0.83,0.17,0.0,0.32885238937210975
39627794405131429,0.0,0.03,0.96,0.01,0.13737165703039006
39627788373725319,0.0,0.0,1.0,0.0,-0.0
39627770220776035,0.0,0.97,0.03,0.0,0.0971959289157881
39627770233356391,0.0,0.2,0.8,0.0,0.36096404744368116
39627770254329570,0.0,0.02,0.98,0.0,0.07072027127091034
39627794400937728,0.0,0.65,0.35,0.0,0.4670340276877455
39627764197757812,0.0,0.4,0.6,0.0,0.4854752972273343
39627758141179126,0.0,0.38,0.62,0.0,0.47902101111314976
39627788344365045,0.0,0.44,0.56,0.0,0.4947937606110278
39627764197757716,0.0,0.81,0.19,0.0,0.3507357299419487
39627770224969315,0.0,0.28,0.72,0.0,0.4277254052800653
39627788352752796,0.0,0.99,0.01,0.0,0.04039656794795559
39627770220775875,0.0,0.04,0.96,0.0,0.12114609454120741
39627758153766264,0.0,0.1,0.9,0.0,0.2344977967946406
39627776294126080,0.0,0.28,0.72,0.0,0.4277254052800653
39627758153766025,0.0,0.09,0.91,0.0,0.21823490853205144
39627794396742397,0.0,0.07,0.93,0.0,0.18296182545011158
39627794396742503,0.0,0.65,0.35,0.0,0.4670340276877455
39627758149566917,0.0,0.65,0.35,0.0,0.4670340276877455
39627788344364646,0.0,0.02,0.96,0.02,0.14114609454120738
39627758153762443,0.0,0.03,0.97,0.0,0.0971959289157881
39627782308762210,0.0,0.77,0.23,0.0,0.38900565177326885
39627770254328987,0.0,0.97,0.03,0.0,0.0971959289157881
39627770254329096,0.0,0.34,0.66,0.0,0.46240935248651505
39627758153762651,0.0,0.39,0.61,0.0,0.4823997742525436
39627788365334557,0.0,0.01,0.99,0.0,0.04039656794795559
39627752118163538,0.0,0.29,0.71,0.0,0.43436062316970225
39627752105575462,0.0,0.12,0.88,0.0,0.2646804326436822
39627800453317590,0.0,0.9,0.1,0.0,0.2344977967946406
39627782312956601,0.0,0.02,0.96,0.02,0.14114609454120738
39627782312956593,0.0,0.06,0.94,0.0,0.16372245957723813
39627800453317660,0.0,0.4,0.6,0.0,0.4854752972273343
39627782312956599,0.0,0.0,0.99,0.01,0.04039656794795559
39627782312956640,0.0,0.04,0.96,0.0,0.12114609454120741
39627788365333905,0.0,0.17,0.82,0.01,0.3678974314876692
39627758149569619,0.0,0.01,0.99,0.0,0.04039656794795559
39627764172592259,0.0,0.78,0.22,0.0,0.38008375148098283
39627782312956894,0.0,0.0,0.94,0.06,0.16372245957723813
39627776273155195,0.0,0.89,0.11,0.0,0.249957979082264
39627764193558904,0.0,0.94,0.06,0.0,0.16372245957723813
39627788377919525,0.0,0.86,0.14,0.0,0.292119405821428
39627788365338209,0.0,0.75,0.25,0.0,0.4056390622295664
39627788369529057,0.0,0.81,0.19,0.0,0.3507357299419487
39627794388353152,0.0,0.49,0.51,0.0,0.49985572087640495
39627764206143197,0.0,0.25,0.75,0.0,0.4056390622295664
39627764172592074,0.0,0.97,0.03,0.0,0.0971959289157881
39627800423957247,0.0,0.67,0.33,0.0,0.4574631863898637
39627764206143099,0.01,0.99,0.0,0.0,0.04039656794795559
39627770245943172,0.0,0.18,0.81,0.01,0.37899559358928114
39627800419767617,0.0,0.03,0.97,0.0,0.0971959289157881
39627806472147190,0.0,0.43,0.57,0.0,0.4929075185894599
39627764176786936,0.0,0.47,0.53,0.0,0.4987007942838698
39627788369529415,0.0,0.78,0.22,0.0,0.38008375148098283
39627800419764938,0.0,1.0,0.0,0.0,-0.0
39627764206142840,0.0,0.42,0.58,0.0,0.49072694751682683
39627746086750774,0.0,0.51,0.49,0.0,0.49985572087640495
39627770241749258,0.0,0.24,0.76,0.0,0.39752013969226113
39627746086752297,0.0,0.16,0.84,0.0,0.3171547773202831
39627776268959987,0.0,0.97,0.03,0.0,0.0971959289157881
39627770245943126,0.0,0.73,0.27,0.0,0.42073231810408784
39627782321344562,0.0,0.29,0.71,0.0,0.43436062316970225
39627740042757578,0.01,0.88,0.11,0.0,0.28950944366190023
39627746086750657,0.0,0.53,0.47,0.0,0.4987007942838698
39627782321344928,0.0,0.46,0.54,0.0,0.49768921941011285
39627740042758350,0.0,0.08,0.92,0.0,0.2010895951011364
39627740042758097,0.0,0.16,0.84,0.0,0.3171547773202831
39627788348559337,0.0,0.76,0.24,0.0,0.39752013969226113
39627740042757688,0.0,0.3,0.7,0.0,0.44064544961534635
39627770233361212,0.0,0.01,0.99,0.0,0.04039656794795559
39627740042757773,0.0,0.99,0.01,0.0,0.04039656794795559
39627794384160705,0.0,0.56,0.44,0.0,0.4947937606110278
39627788348559442,0.0,0.0,0.97,0.03,0.0971959289157881
39627752109770397,0.0,0.05,0.95,0.0,0.14319847855797813
39627770229167957,0.0,0.07,0.93,0.0,0.18296182545011158
39627782333924105,0.0,0.67,0.33,0.0,0.4574631863898637
39627752134935192,0.0,0.67,0.33,0.0,0.4574631863898637
39627770212389841,0.0,0.52,0.48,0.0,0.4994227679976009
39627788352753300,0.0,0.35,0.65,0.0,0.4670340276877455
39627806472148648,0.0,0.74,0.26,0.0,0.4133731862463089
39627752101381688,0.0,0.61,0.39,0.0,0.4823997742525436
39627806476340487,0.0,0.8,0.2,0.0,0.36096404744368116
39627800440736516,0.0,0.11,0.89,0.0,0.249957979082264
39627788373723445,0.0,0.38,0.62,0.0,0.47902101111314976
39627776264766127,0.0,0.07,0.93,0.0,0.18296182545011158
39627764180981993,0.0,0.52,0.48,0.0,0.4994227679976009
39627752126549927,0.0,0.24,0.76,0.0,0.39752013969226113
39627758157955715,0.0,0.59,0.41,0.0,0.488250234378912
39627794396745047,0.0,0.46,0.54,0.0,0.49768921941011285
39627758157958419,0.0,0.05,0.95,0.0,0.14319847855797813
39627794396745078,0.0,0.74,0.26,0.0,0.4133731862463089
39627794392551051,0.0,0.39,0.61,0.0,0.4823997742525436
39627788344364795,0.0,0.97,0.03,0.0,0.0971959289157881
39627806472144445,0.01,0.98,0.01,0.0,0.08072027127091033
39627764210338519,0.0,0.55,0.45,0.0,0.49638722699390414
39627782308758557,0.0,0.17,0.83,0.0,0.32885238937210975
39627770229163466,0.0,0.02,0.98,0.0,0.07072027127091034
39627758166347763,0.0,0.42,0.58,0.0,0.49072694751682683
39627758166347699,0.0,0.02,0.91,0.07,0.2526241113249394
39627764197756177,0.0,0.55,0.45,0.0,0.49638722699390414
39627782329729208,0.0,0.0,1.0,0.0,-0.0
39627782296178327,0.0,0.67,0.33,0.0,0.4574631863898637
39627788344365381,0.0,0.75,0.25,0.0,0.4056390622295664
39627794405135663,0.0,0.28,0.72,0.0,0.4277254052800653
39627758166347564,0.0,0.01,0.99,0.0,0.04039656794795559
39627794388359513,0.0,0.22,0.78,0.0,0.38008375148098283
39627764210339075,0.0,0.0,0.57,0.43,0.4929075185894599
39627758166347556,0.0,0.32,0.68,0.0,0.45219072886224687
39627788356947937,0.0,0.0,0.96,0.04,0.12114609454120741
39627788356948013,0.0,0.32,0.68,0.0,0.45219072886224687
39627782333924555,0.0,0.01,0.99,0.0,0.04039656794795559
39627782333924346,0.0,0.47,0.53,0.0,0.4987007942838698
39627770220779600,0.0,0.05,0.95,0.0,0.14319847855797813
39627800428153454,0.0,0.79,0.21,0.0,0.37074136996563684
39627764210336602,0.0,0.44,0.56,0.0,0.4947937606110278
39627782291986331,0.0,0.43,0.57,0.0,0.4929075185894599
39627800436539982,0.0,0.14,0.86,0.0,0.292119405821428
39627770233361321,0.0,0.08,0.92,0.0,0.2010895951011364
39627800423960836,0.0,0.15,0.85,0.0,0.3049201523582002
39627806476342645,0.0,0.95,0.05,0.0,0.14319847855797813
39627752101382055,0.0,0.97,0.03,0.0,0.0971959289157881
39627758141182953,0.0,0.19,0.81,0.0,0.3507357299419487
39627740042757659,0.0,0.85,0.15,0.0,0.3049201523582002
39627758141179620,0.0,0.48,0.52,0.0,0.4994227679976009
39627770229164206,0.0,0.12,0.88,0.0,0.2646804326436822
39627794392548916,0.0,0.92,0.08,0.0,0.2010895951011364
39627800432346236,0.0,0.88,0.12,0.0,0.2646804326436822
39627764189369007,0.0,0.46,0.54,0.0,0.49768921941011285
39627794392548815,0.0,0.59,0.41,0.0,0.488250234378912
39627788373723386,0.0,0.14,0.86,0.0,0.292119405821428
39627770237556233,0.0,0.96,0.04,0.0,0.12114609454120741
39627770237556308,0.0,0.75,0.25,0.0,0.4056390622295664
39627788377918320,0.0,0.36,0.64,0.0,0.4713415946277461
39627782321344563,0.0,0.05,0.95,0.0,0.14319847855797813
39627788373723609,0.0,0.78,0.22,0.0,0.38008375148098283
39627764180978941,0.0,0.33,0.67,0.0,0.4574631863898637
39627788377915562,0.0,0.0,0.94,0.06,0.16372245957723813
39627788377915617,0.0,0.13,0.87,0.0,0.2787190925139945
39627776289934162,0.0,0.66,0.34,0.0,0.46240935248651505
39627746061587488,0.0,0.0,0.99,0.01,0.04039656794795559
39627788361140507,0.0,0.44,0.56,0.0,0.4947937606110278
39627764172592012,0.0,0.03,0.97,0.0,0.0971959289157881
39627740042757494,0.0,0.05,0.95,0.0,0.14319847855797813
39627770216582395,0.0,0.09,0.91,0.0,0.21823490853205144
39627800436539611,0.0,0.13,0.87,0.0,0.2787190925139945
39627764172591783,0.0,0.72,0.28,0.0,0.4277254052800653
39627800436539549,0.0,0.37,0.63,0.0,0.47533604634353294
39627764218730074,0.0,0.29,0.71,0.0,0.43436062316970225
39627764218730060,0.0,0.75,0.25,0.0,0.4056390622295664
39627800449128018,0.0,0.09,0.91,0.0,0.21823490853205144
39627788373726624,0.0,0.85,0.15,0.0,0.3049201523582002
39627752097189334,0.0,0.49,0.51,0.0,0.49985572087640495
39627758170541799,0.0,0.25,0.75,0.0,0.4056390622295664
39627758145373601,0.0,0.1,0.9,0.0,0.2344977967946406
39627758149568246,0.0,0.37,0.63,0.0,0.47533604634353294
39627770245944238,0.01,0.78,0.21,0.0,0.4094279001393156
39627746090945992,0.0,0.41,0.59,0.0,0.488250234378912
39627788365334115,0.0,0.28,0.72,0.0,0.4277254052800653
39627800428152138,0.0,0.35,0.65,0.0,0.4670340276877455
39627782329729476,0.0,0.0,1.0,0.0,-0.0
39627752126547894,0.0,0.03,0.97,0.0,0.0971959289157881
39627788344364639,0.0,0.94,0.06,0.0,0.16372245957723813
39627758149568331,0.0,0.31,0.69,0.0,0.4465867291889284
39627776260575548,0.0,0.2,0.8,0.0,0.36096404744368116
39627740038565511,0.0,0.65,0.35,0.0,0.4670340276877455
39627782300369037,0.0,0.77,0.23,0.0,0.38900565177326885
39627794384159062,0.0,0.0,0.99,0.01,0.04039656794795559
39627758149568021,0.0,0.68,0.32,0.0,0.45219072886224687
39627788344364843,0.0,0.35,0.65,0.0,0.4670340276877455
39627758153762204,0.0,0.37,0.63,0.0,0.47533604634353294
39627746086750350,0.01,0.98,0.01,0.0,0.08072027127091033
39627746090946181,0.0,0.65,0.35,0.0,0.4670340276877455
39627794413520516,0.0,0.51,0.49,0.0,0.49985572087640495
39627746061587702,0.0,0.88,0.12,0.0,0.2646804326436822
39627746061587755,0.0,0.38,0.62,0.0,0.47902101111314976
39627764193561716,0.0,0.75,0.25,0.0,0.4056390622295664
39627782325539186,0.0,0.62,0.38,0.0,0.47902101111314976
39627788373725572,0.0,0.06,0.94,0.0,0.16372245957723813
39627746069972977,0.0,0.25,0.75,0.0,0.4056390622295664
39627794388354446,0.0,0.08,0.92,0.0,0.2010895951011364
39627758153762205,0.0,0.17,0.83,0.0,0.32885238937210975
39627752130743642,0.0,0.35,0.65,0.0,0.4670340276877455
39627788373725392,0.0,0.05,0.95,0.0,0.14319847855797813
39627800444933050,0.0,0.99,0.01,0.0,0.04039656794795559
39627800444933093,0.0,0.11,0.89,0.0,0.249957979082264
39627776294129895,0.0,0.2,0.8,0.0,0.36096404744368116
39627806480532218,0.0,0.88,0.12,0.0,0.2646804326436822
39627770254333474,0.0,0.89,0.11,0.0,0.249957979082264
39627758157955733,0.0,0.09,0.88,0.03,0.3133571201112301
39627788356947626,0.0,0.91,0.09,0.0,0.21823490853205144
39627788356947620,0.0,1.0,0.0,0.0,-0.0
39627806480532405,0.0,0.74,0.26,0.0,0.4133731862463089
39627788356947578,0.0,0.26,0.74,0.0,0.4133731862463089
39627800436539914,0.0,0.11,0.89,0.0,0.249957979082264
39627758157958212,0.02,0.96,0.02,0.0,0.14114609454120738
39627806467952640,0.0,0.88,0.12,0.0,0.2646804326436822
39627764214535813,0.0,0.39,0.61,0.0,0.4823997742525436
39627746086750038,0.0,0.22,0.78,0.0,0.38008375148098283
39627770258522155,0.0,0.43,0.57,0.0,0.4929075185894599
39627788356947324,0.0,0.0,0.82,0.18,0.34003852286413994
39627770220779995,0.0,0.93,0.07,0.0,0.18296182545011158
39627764206141462,0.0,0.18,0.82,0.0,0.34003852286413994
39627752122356659,0.0,0.68,0.32,0.0,0.45219072886224687
39627764218728793,0.0,0.95,0.05,0.0,0.14319847855797813
39627764172589945,0.0,0.19,0.81,0.0,0.3507357299419487
39627758153761801,0.0,0.0,1.0,0.0,-0.0
39627776285737386,0.0,0.71,0.29,0.0,0.43436062316970225
39627800449122827,0.0,0.71,0.29,0.0,0.43436062316970225
39627764176784736,0.0,0.02,0.98,0.0,0.07072027127091034
39627794405130603,0.0,0.87,0.13,0.0,0.2787190925139945
39627776289932421,0.0,0.62,0.38,0.0,0.47902101111314976
39627794388356583,0.0,0.12,0.88,0.0,0.2646804326436822
39627794405130621,0.0,0.92,0.08,0.0,0.2010895951011364
39627800449127144,0.0,0.92,0.08,0.0,0.2010895951011364
39627794405130757,0.0,0.98,0.02,0.0,0.07072027127091034
39627770224972124,0.0,0.3,0.7,0.0,0.44064544961534635
39627782312955768,0.0,0.25,0.75,0.0,0.4056390622295664
39627788344365704,0.0,0.42,0.58,0.0,0.49072694751682683
39627740042757612,0.0,0.0,0.96,0.04,0.12114609454120741
39627782312952675,0.0,0.73,0.27,0.0,0.42073231810408784
39627770216583115,0.0,0.19,0.81,0.0,0.3507357299419487
39627788344365475,0.0,0.39,0.61,0.0,0.4823997742525436
39627782296180299,0.0,0.04,0.96,0.0,0.12114609454120741
39627740042757811,0.0,0.4,0.6,0.0,0.4854752972273343
39627794379968359,0.0,0.72,0.28,0.0,0.4277254052800653
39627800419765594,0.01,0.91,0.08,0.0,0.24088153359695552
39627782329733946,0.0,0.19,0.81,0.0,0.3507357299419487
39627758178929900,0.0,0.57,0.43,0.0,0.4929075185894599
39627758157957151,0.0,0.28,0.72,0.0,0.4277254052800653
39627740042757747,0.0,0.95,0.05,0.0,0.14319847855797813
39627758157957403,0.0,0.16,0.83,0.01,0.3562867308783886
39627782296179760,0.0,0.38,0.62,0.0,0.47902101111314976
39627782312952705,0.0,0.04,0.96,0.0,0.12114609454120741
39627782296180225,0.0,0.59,0.41,0.0,0.488250234378912
39627764218729859,0.0,0.96,0.04,0.0,0.12114609454120741
39627788344363260,0.0,0.15,0.85,0.0,0.3049201523582002
39627794388357069,0.0,0.25,0.75,0.0,0.4056390622295664
39627764180976389,0.0,0.73,0.27,0.0,0.42073231810408784
39627746090946137,0.0,0.99,0.01,0.0,0.04039656794795559
39627764172590474,0.0,0.39,0.61,0.0,0.4823997742525436
39627764172590124,0.0,0.94,0.06,0.0,0.16372245957723813
39627764172590110,0.0,0.27,0.73,0.0,0.42073231810408784
39627764172590086,0.0,0.39,0.61,0.0,0.4823997742525436
39627746090947362,0.0,0.9,0.1,0.0,0.2344977967946406
39627764172589817,0.0,0.09,0.91,0.0,0.21823490853205144
39627764172589762,0.0,0.24,0.76,0.0,0.39752013969226113
39627764172589625,0.0,0.4,0.6,0.0,0.4854752972273343
39627764180981442,0.0,0.79,0.21,0.0,0.37074136996563684
39627746090945131,0.0,0.49,0.51,0.0,0.49985572087640495
39627746090944920,0.0,0.57,0.43,0.0,0.4929075185894599
39627764197753227,0.0,0.62,0.38,0.0,0.47902101111314976
39627770229163679,0.0,0.96,0.04,0.0,0.12114609454120741
39627770229163712,0.0,0.0,1.0,0.0,-0.0
39627794388356854,0.0,0.03,0.97,0.0,0.0971959289157881
39627752122355259,0.0,0.28,0.72,0.0,0.4277254052800653
39627776268965711,0.0,0.05,0.95,0.0,0.14319847855797813
39627752118157458,0.0,0.02,0.98,0.0,0.07072027127091034
39627794388356754,0.0,0.47,0.53,0.0,0.4987007942838698
39627770258525510,0.01,0.99,0.0,0.0,0.04039656794795559
39627776256378309,0.0,0.38,0.62,0.0,0.47902101111314976
39627758145372901,0.0,0.69,0.31,0.0,0.4465867291889284
39627740038565385,0.0,0.75,0.25,0.0,0.4056390622295664
39627782300372371,0.0,0.98,0.02,0.0,0.07072027127091034
39627752105575613,0.0,0.66,0.34,0.0,0.46240935248651505
39627782329732976,0.0,0.76,0.24,0.0,0.39752013969226113
39627776260576759,0.0,0.0,1.0,0.0,-0.0
39627752126546467,0.0,0.42,0.58,0.0,0.49072694751682683
39627782329733995,0.0,0.75,0.25,0.0,0.4056390622295664
39627800444933734,0.0,0.95,0.05,0.0,0.14319847855797813
39627764206141905,0.0,0.42,0.58,0.0,0.49072694751682683
39627764206141669,0.0,0.65,0.35,0.0,0.4670340276877455
39627800432347403,0.0,0.11,0.89,0.0,0.249957979082264
39627800432347362,0.0,0.18,0.82,0.0,0.34003852286413994
39627800449123532,0.0,1.0,0.0,0.0,-0.0
39627764206143718,0.0,0.89,0.11,0.0,0.249957979082264
39627746074165804,0.0,0.0,0.94,0.06,0.16372245957723813
39627800449125064,0.0,0.84,0.16,0.0,0.3171547773202831
39627746074165704,0.0,0.84,0.16,0.0,0.3171547773202831
39627788344367551,0.0,0.72,0.28,0.0,0.4277254052800653
39627788344364945,0.0,0.54,0.46,0.0,0.49768921941011285
39627776256383223,0.0,0.26,0.74,0.0,0.4133731862463089
39627782300373422,0.0,0.98,0.02,0.0,0.07072027127091034
39627800449123714,0.0,0.09,0.9,0.01,0.2579475764741046
39627800449124045,0.0,0.12,0.88,0.0,0.2646804326436822
39627782333925837,0.0,0.19,0.81,0.0,0.3507357299419487
39627800436541747,0.0,0.78,0.22,0.0,0.38008375148098283
39627758157959711,0.0,0.02,0.98,0.0,0.07072027127091034
39627758157959919,0.0,0.03,0.97,0.0,0.0971959289157881
39627776252187569,0.0,0.09,0.91,0.0,0.21823490853205144
39627758157959637,0.0,0.27,0.73,0.0,0.42073231810408784
39627800432347567,0.0,0.09,0.91,0.0,0.21823490853205144
39627752105575731,0.0,0.95,0.05,0.0,0.14319847855797813
39627764201948369,0.0,0.27,0.73,0.0,0.42073231810408784
39627758162152891,0.0,0.07,0.93,0.0,0.18296182545011158
39627746069971988,0.0,0.58,0.42,0.0,0.49072694751682683
39627758132794222,0.0,0.05,0.95,0.0,0.14319847855797813
39627758157960272,0.0,0.08,0.92,0.0,0.2010895951011364
39627764201951989,0.0,0.61,0.39,0.0,0.4823997742525436
39627770254331769,0.0,0.18,0.82,0.0,0.34003852286413994
39627752126546363,0.0,0.19,0.81,0.0,0.3507357299419487
39627776289935366,0.0,0.9,0.1,0.0,0.2344977967946406
39627770220773509,0.0,0.42,0.58,0.0,0.49072694751682683
39627764210339954,0.0,0.68,0.32,0.0,0.45219072886224687
39627794396745888,0.0,0.46,0.54,0.0,0.49768921941011285
39627764197757375,0.0,0.99,0.01,0.0,0.04039656794795559
39627758157958474,0.0,0.42,0.58,0.0,0.49072694751682683
39627758157958497,0.0,0.51,0.49,0.0,0.49985572087640495
39627758157958606,0.0,0.53,0.47,0.0,0.4987007942838698
39627758157955751,0.0,0.11,0.89,0.0,0.249957979082264
39627740038563255,0.0,0.85,0.15,0.0,0.3049201523582002
39627770241745307,0.0,0.04,0.96,0.0,0.12114609454120741
39627740038562593,0.0,0.36,0.64,0.0,0.4713415946277461
39627770258523464,0.0,0.92,0.08,0.0,0.2010895951011364
39627770229164152,0.0,0.24,0.76,0.0,0.39752013969226113
39627770229164122,0.0,0.29,0.71,0.0,0.43436062316970225
39627782308761290,0.0,0.23,0.77,0.0,0.38900565177326885
39627764193562304,0.0,0.33,0.67,0.0,0.4574631863898637
39627770216582502,0.0,0.15,0.85,0.0,0.3049201523582002
39627746074168345,0.0,0.02,0.98,0.0,0.07072027127091034
39627770250137373,0.0,0.99,0.01,0.0,0.04039656794795559
39627752130743497,0.0,0.57,0.43,0.0,0.4929075185894599
39627752130743208,0.0,0.32,0.68,0.0,0.45219072886224687
39627788361142503,0.0,0.0,0.94,0.06,0.16372245957723813
39627788361142970,0.0,0.01,0.98,0.01,0.08072027127091033
39627788356945028,0.0,0.74,0.26,0.0,0.4133731862463089
39627752126550083,0.0,0.23,0.77,0.0,0.38900565177326885
39627752126550192,0.0,0.75,0.25,0.0,0.4056390622295664
39627782308761361,0.0,0.61,0.39,0.0,0.4823997742525436
39627752130743161,0.0,0.71,0.29,0.0,0.43436062316970225
39627800432347581,0.0,0.33,0.67,0.0,0.4574631863898637
39627752118158848,0.0,0.66,0.34,0.0,0.46240935248651505
39627752126546499,0.0,0.64,0.36,0.0,0.4713415946277461
39627776256383471,0.0,0.02,0.98,0.0,0.07072027127091034
39627776260577279,0.0,0.74,0.26,0.0,0.4133731862463089
39627776260571182,0.0,0.0,0.73,0.27,0.42073231810408784
39627764197756963,0.0,0.15,0.85,0.0,0.3049201523582002
39627788335977473,0.0,0.89,0.11,0.0,0.249957979082264
39627752126546540,0.0,0.14,0.86,0.0,0.292119405821428
39627788344363912,0.0,0.5,0.5,0.0,0.5
39627740034370470,0.0,0.56,0.44,0.0,0.4947937606110278
39627776268963603,0.0,0.73,0.27,0.0,0.42073231810408784
39627746086748857,0.0,0.98,0.02,0.0,0.07072027127091034
39627776268964390,0.0,0.85,0.15,0.0,0.3049201523582002
39627764210336152,0.0,0.6,0.4,0.0,0.4854752972273343
39627752126546614,0.0,0.21,0.79,0.0,0.37074136996563684
39627740034369877,0.0,0.66,0.34,0.0,0.46240935248651505
39627740034370422,0.0,0.41,0.59,0.0,0.488250234378912
39627776260571379,0.0,0.18,0.82,0.0,0.34003852286413994
39627764189365384,0.0,0.0,1.0,0.0,-0.0
39627782296180383,0.0,0.27,0.72,0.01,0.45884528157606164
39627788373723045,0.0,0.1,0.9,0.0,0.2344977967946406
39627770229168112,0.0,0.76,0.24,0.0,0.39752013969226113
39627794388356757,0.0,0.0,0.98,0.02,0.07072027127091034
39627776256377591,0.0,0.1,0.9,0.0,0.2344977967946406
39627788373722848,0.0,0.0,0.99,0.01,0.04039656794795559
39627806463755733,0.0,0.99,0.01,0.0,0.04039656794795559
39627770220775394,0.0,0.0,0.68,0.32,0.45219072886224687
39627770220775401,0.0,0.01,0.98,0.01,0.08072027127091033
39627746074171220,0.0,0.14,0.86,0.0,0.292119405821428
39627746074171235,0.0,0.64,0.36,0.0,0.4713415946277461
39627770220775448,0.0,0.02,0.98,0.0,0.07072027127091034
39627794384159411,0.02,0.98,0.0,0.0,0.07072027127091034
39627770220775450,0.0,0.0,0.95,0.05,0.14319847855797813
39627794384159599,0.0,0.79,0.21,0.0,0.37074136996563684
39627770220775614,0.0,0.72,0.28,0.0,0.4277254052800653
39627758174735671,0.02,0.98,0.0,0.0,0.07072027127091034
39627758145376559,0.0,0.54,0.46,0.0,0.49768921941011285
39627770220776272,0.0,0.13,0.87,0.0,0.2787190925139945
39627752109769734,0.0,0.19,0.81,0.0,0.3507357299419487
39627746078359788,0.0,0.79,0.21,0.0,0.37074136996563684
39627740038566134,0.0,0.58,0.42,0.0,0.49072694751682683
39627794400937784,0.0,0.0,1.0,0.0,-0.0
39627794384159180,0.0,0.03,0.97,0.0,0.0971959289157881
39627776294128555,0.0,0.53,0.47,0.0,0.4987007942838698
39627752113967439,0.0,0.19,0.81,0.0,0.3507357299419487
39627776294128727,0.0,0.58,0.42,0.0,0.49072694751682683
39627776294128752,0.0,0.2,0.8,0.0,0.36096404744368116
39627770254331711,0.0,0.03,0.97,0.0,0.0971959289157881
39627788373724561,0.0,0.85,0.15,0.0,0.3049201523582002
39627752109772107,0.0,0.31,0.69,0.0,0.4465867291889284
39627806472148149,0.0,0.47,0.53,0.0,0.4987007942838698
39627800436539703,0.0,0.12,0.88,0.0,0.2646804326436822
39627776294128897,0.0,0.0,0.97,0.03,0.0971959289157881
39627752109772153,0.0,0.22,0.78,0.0,0.38008375148098283
39627752109772159,0.0,0.74,0.26,0.0,0.4133731862463089
39627758141182565,0.0,0.41,0.59,0.0,0.488250234378912
39627764201948666,0.0,0.61,0.39,0.0,0.4823997742525436
39627770224971831,0.0,0.61,0.39,0.0,0.4823997742525436
39627758145372856,0.0,0.4,0.6,0.0,0.4854752972273343
39627764180976393,0.0,0.4,0.6,0.0,0.4854752972273343
39627770224971950,0.0,0.39,0.61,0.0,0.4823997742525436
39627770220774115,0.0,0.04,0.96,0.0,0.12114609454120741
39627776256378521,0.0,0.32,0.68,0.0,0.45219072886224687
39627764180977924,0.0,0.1,0.9,0.0,0.2344977967946406
39627800440738045,0.0,0.0,0.95,0.05,0.14319847855797813
39627752113967255,0.0,0.52,0.48,0.0,0.4994227679976009
39627758174736076,0.01,0.92,0.07,0.0,0.22283217282912027
39627746069971117,0.0,0.32,0.68,0.0,0.45219072886224687
39627776252188687,0.0,0.77,0.23,0.0,0.38900565177326885
39627764180981849,0.0,0.0,0.76,0.24,0.39752013969226113
39627794405130841,0.0,0.02,0.97,0.01,0.11097036642660543
39627758132793879,0.0,0.11,0.89,0.0,0.249957979082264
39627764180981709,0.0,0.87,0.13,0.0,0.2787190925139945
39627746069971748,0.0,0.38,0.62,0.0,0.47902101111314976
39627764180982106,0.0,0.64,0.36,0.0,0.4713415946277461
39627740038565912,0.0,1.0,0.0,0.0,-0.0
39627746069970976,0.0,0.37,0.63,0.0,0.47533604634353294
39627788373722222,0.0,0.01,0.99,0.0,0.04039656794795559
39627770220777986,0.0,0.64,0.36,0.0,0.4713415946277461
39627764180981590,0.0,0.16,0.84,0.0,0.3171547773202831
39627758132793988,0.0,0.11,0.89,0.0,0.249957979082264
39627782296179931,0.0,0.06,0.94,0.0,0.16372245957723813
39627788356947150,0.0,0.08,0.92,0.0,0.2010895951011364
39627740038566036,0.0,0.4,0.6,0.0,0.4854752972273343
39627770220778295,0.0,0.65,0.35,0.0,0.4670340276877455
39627752113963294,0.0,0.98,0.02,0.0,0.07072027127091034
39627794400939012,0.0,0.51,0.49,0.0,0.49985572087640495
39627764197757992,0.0,0.59,0.41,0.0,0.488250234378912
39627764197758146,0.0,0.45,0.55,0.0,0.49638722699390414
39627764176785155,0.0,0.06,0.92,0.02,0.2335407200795017
39627788356947033,0.0,0.09,0.91,0.0,0.21823490853205144
39627752105576136,0.0,0.04,0.96,0.0,0.12114609454120741
39627758157960592,0.0,0.47,0.53,0.0,0.4987007942838698
39627764176785120,0.0,0.01,0.99,0.0,0.04039656794795559
39627758153765322,0.0,0.24,0.76,0.0,0.39752013969226113
39627764197753789,0.0,0.94,0.06,0.0,0.16372245957723813
39627770250137385,0.0,0.79,0.21,0.0,0.37074136996563684
39627758157960593,0.0,0.15,0.85,0.0,0.3049201523582002
39627740038563443,0.0,0.43,0.57,0.0,0.4929075185894599
39627788340168300,0.0,0.94,0.06,0.0,0.16372245957723813
39627752118159241,0.0,0.01,0.99,0.0,0.04039656794795559
39627794400939608,0.0,0.44,0.56,0.0,0.4947937606110278
39627770224973281,0.0,0.85,0.15,0.0,0.3049201523582002
39627800444933437,0.0,0.72,0.28,0.0,0.4277254052800653
39627776268960931,0.0,0.15,0.85,0.0,0.3049201523582002
39627782296180414,0.0,0.0,1.0,0.0,-0.0
39627770233358604,0.0,0.26,0.74,0.0,0.4133731862463089
39627800449122754,0.0,0.7,0.3,0.0,0.44064544961534635
39627782296180319,0.0,0.84,0.16,0.0,0.3171547773202831
39627764176784658,0.0,0.38,0.62,0.0,0.47902101111314976
39627776268963410,0.0,0.41,0.59,0.0,0.488250234378912
39627782296177566,0.0,0.01,0.99,0.0,0.04039656794795559
39627800423961201,0.0,0.62,0.38,0.0,0.47902101111314976
39627794388360015,0.0,0.82,0.18,0.0,0.34003852286413994
39627788344361760,0.0,0.0,1.0,0.0,-0.0
39627770216581260,0.0,0.0,0.99,0.01,0.04039656794795559
39627776252187590,0.0,0.5,0.5,0.0,0.5
39627770237553748,0.0,0.37,0.63,0.0,0.47533604634353294
39627770216581250,0.0,0.0,0.99,0.01,0.04039656794795559
39627764197757138,0.0,0.98,0.02,0.0,0.07072027127091034
39627764197758286,0.0,0.45,0.55,0.0,0.49638722699390414
39627752118159206,0.0,0.83,0.17,0.0,0.32885238937210975
39627794405131419,0.0,0.06,0.94,0.0,0.16372245957723813
39627752118158717,0.0,0.05,0.93,0.02,0.21317104534994366
39627764176784645,0.0,0.92,0.08,0.0,0.2010895951011364
39627758178931319,0.0,0.27,0.73,0.0,0.42073231810408784
39627794384162875,0.0,0.43,0.57,0.0,0.4929075185894599
39627794396743989,0.0,0.78,0.22,0.0,0.38008375148098283
39627782333924439,0.0,0.03,0.97,0.0,0.0971959289157881
39627782333925720,0.0,0.48,0.52,0.0,0.4994227679976009
39627752122357606,0.0,0.28,0.72,0.0,0.4277254052800653
39627776273155950,0.0,0.62,0.38,0.0,0.47902101111314976
39627800436541787,0.0,0.0,1.0,0.0,-0.0
39627776285741425,0.0,0.36,0.64,0.0,0.4713415946277461
39627776285741504,0.0,0.28,0.72,0.0,0.4277254052800653
39627800432350936,0.0,0.59,0.41,0.0,0.488250234378912
39627764197756164,0.0,0.24,0.76,0.0,0.39752013969226113
39627752101385388,0.0,0.45,0.55,0.0,0.49638722699390414
39627776294128626,0.0,0.52,0.48,0.0,0.4994227679976009
39627746069971534,0.0,0.45,0.55,0.0,0.49638722699390414
39627800432346560,0.0,0.51,0.49,0.0,0.49985572087640495
39627758132794191,0.0,0.99,0.01,0.0,0.04039656794795559
39627776260574665,0.0,0.66,0.34,0.0,0.46240935248651505
39627770233358986,0.0,0.44,0.56,0.0,0.4947937606110278
39627776289935211,0.0,0.16,0.84,0.0,0.3171547773202831
39627746065781358,0.0,0.96,0.04,0.0,0.12114609454120741
39627764201948096,0.0,0.46,0.54,0.0,0.49768921941011285
39627776256379798,0.0,0.28,0.72,0.0,0.4277254052800653
39627782329731627,0.0,0.04,0.96,0.0,0.12114609454120741
39627770254331615,0.0,0.63,0.37,0.0,0.47533604634353294
39627758157957304,0.0,0.0,0.73,0.27,0.42073231810408784
39627758157957488,0.0,0.63,0.37,0.0,0.47533604634353294
39627782329731787,0.0,0.85,0.15,0.0,0.3049201523582002
39627740038565100,0.0,0.94,0.06,0.0,0.16372245957723813
39627776256379669,0.0,0.45,0.55,0.0,0.49638722699390414
39627752122356718,0.0,0.72,0.28,0.0,0.4277254052800653
39627758174735736,0.0,0.24,0.76,0.0,0.39752013969226113
39627788352754411,0.0,0.22,0.78,0.0,0.38008375148098283
39627776256380355,0.0,0.27,0.73,0.0,0.42073231810408784
39627788352754269,0.0,0.69,0.31,0.0,0.4465867291889284
39627782296179741,0.0,0.36,0.64,0.0,0.4713415946277461
39627800428156018,0.0,0.7,0.3,0.0,0.44064544961534635
39627788352754657,0.0,0.43,0.57,0.0,0.4929075185894599
39627800449123021,0.0,0.43,0.57,0.0,0.4929075185894599
39627800449127255,0.0,0.24,0.76,0.0,0.39752013969226113
39627782338120808,0.0,0.19,0.81,0.0,0.3507357299419487
39627770233361572,0.0,0.42,0.58,0.0,0.49072694751682683
39627764176784505,0.0,0.94,0.06,0.0,0.16372245957723813
39627800436541727,0.0,0.39,0.61,0.0,0.4823997742525436
39627764201948014,0.0,0.29,0.71,0.0,0.43436062316970225
39627764172589485,0.0,0.47,0.53,0.0,0.4987007942838698
39627764201948585,0.0,0.09,0.91,0.0,0.21823490853205144
39627794396744749,0.0,0.83,0.17,0.0,0.32885238937210975
39627788361141139,0.0,0.86,0.14,0.0,0.292119405821428
39627788361140975,0.0,0.02,0.98,0.0,0.07072027127091034
39627776256378286,0.0,0.83,0.17,0.0,0.32885238937210975
39627758174734758,0.0,0.51,0.49,0.0,0.49985572087640495
39627764172589962,0.0,0.23,0.77,0.0,0.38900565177326885
39627770212388608,0.0,0.93,0.07,0.0,0.18296182545011158
39627800436544441,0.0,0.38,0.62,0.0,0.47902101111314976
39627800436544193,0.0,0.22,0.78,0.0,0.38008375148098283
39627758174734870,0.0,0.76,0.24,0.0,0.39752013969226113
39627770216585664,0.0,0.09,0.91,0.0,0.21823490853205144
39627806472144753,0.0,0.89,0.11,0.0,0.249957979082264
39627776294125784,0.0,0.61,0.39,0.0,0.4823997742525436
39627806472143732,0.0,0.3,0.7,0.0,0.44064544961534635
39627806472143293,0.0,0.63,0.37,0.0,0.47533604634353294
39627806467954315,0.0,0.95,0.05,0.0,0.14319847855797813
39627806467954041,0.0,0.23,0.77,0.0,0.38900565177326885
39627806463755200,0.0,0.96,0.04,0.0,0.12114609454120741
39627764172588660,0.0,0.68,0.32,0.0,0.45219072886224687
39627740038567257,0.0,0.65,0.35,0.0,0.4670340276877455
39627752130744783,0.0,0.01,0.99,0.0,0.04039656794795559
39627740034369169,0.0,0.46,0.54,0.0,0.49768921941011285
39627752101383034,0.0,0.01,0.94,0.05,0.1832231322266888
39627770216579281,0.0,0.75,0.25,0.0,0.4056390622295664
39627740038561944,0.0,0.67,0.33,0.0,0.4574631863898637
39627794392552618,0.0,0.54,0.46,0.0,0.49768921941011285
39627770237556341,0.0,0.99,0.01,0.0,0.04039656794795559
39627782333925228,0.0,0.02,0.98,0.0,0.07072027127091034
39627794396744827,0.0,0.14,0.86,0.0,0.292119405821428
39627788369532896,0.0,0.03,0.97,0.0,0.0971959289157881
39627758162153021,0.0,0.11,0.89,0.0,0.249957979082264
39627788340169885,0.0,0.79,0.21,0.0,0.37074136996563684
39627752118159090,0.0,0.77,0.23,0.0,0.38900565177326885
39627776252184357,0.0,0.72,0.28,0.0,0.4277254052800653
39627746069974721,0.0,0.48,0.52,0.0,0.4994227679976009
39627776256378919,0.0,0.29,0.71,0.0,0.43436062316970225
39627746069971078,0.0,0.51,0.49,0.0,0.49985572087640495
39627800436540244,0.0,0.53,0.47,0.0,0.4987007942838698
39627794388360232,0.0,0.29,0.71,0.0,0.43436062316970225
39627788344361818,0.0,0.04,0.96,0.0,0.12114609454120741
39627746069971249,0.0,0.06,0.94,0.0,0.16372245957723813
39627746069971685,0.0,0.02,0.98,0.0,0.07072027127091034
39627776252184448,0.0,0.93,0.07,0.0,0.18296182545011158
39627746074166349,0.0,0.82,0.18,0.0,0.34003852286413994
39627776260575128,0.0,0.35,0.65,0.0,0.4670340276877455
39627776260575238,0.0,0.0,0.9,0.1,0.2344977967946406
39627746065780574,0.0,0.77,0.23,0.0,0.38900565177326885
39627752122356437,0.0,0.99,0.01,0.0,0.04039656794795559
39627764176785078,0.0,0.02,0.98,0.0,0.07072027127091034
39627806472143463,0.0,0.8,0.2,0.0,0.36096404744368116
39627806472143351,0.0,0.6,0.4,0.0,0.4854752972273343
39627788335974753,0.0,0.72,0.28,0.0,0.4277254052800653
39627776268961078,0.0,0.41,0.59,0.0,0.488250234378912
39627788369532773,0.0,0.64,0.36,0.0,0.4713415946277461
39627794409325964,0.0,0.78,0.22,0.0,0.38008375148098283
39627776285738728,0.01,0.96,0.03,0.0,0.13737165703039006
39627776268962118,0.0,0.05,0.95,0.0,0.14319847855797813
39627800428153706,0.0,0.42,0.58,0.0,0.49072694751682683
39627758145373775,0.0,0.19,0.81,0.0,0.3507357299419487
39627776268962069,0.0,0.1,0.9,0.0,0.2344977967946406
39627776268961783,0.0,0.08,0.92,0.0,0.2010895951011364
39627788352752607,0.0,0.85,0.15,0.0,0.3049201523582002
39627758145374028,0.0,0.59,0.41,0.0,0.488250234378912
39627788352752773,0.0,0.86,0.14,0.0,0.292119405821428
39627788352752636,0.0,0.8,0.2,0.0,0.36096404744368116
39627758136986407,0.0,0.85,0.15,0.0,0.3049201523582002
39627788361139768,0.0,0.85,0.15,0.0,0.3049201523582002
39627758141180290,0.0,0.82,0.18,0.0,0.34003852286413994
39627782333929172,0.0,0.0,1.0,0.0,-0.0
39627776256380527,0.0,0.95,0.05,0.0,0.14319847855797813
39627746090946477,0.0,0.47,0.53,0.0,0.4987007942838698
39627770229163907,0.0,0.28,0.72,0.0,0.4277254052800653
39627794379968464,0.0,0.82,0.18,0.0,0.34003852286413994
39627764180976149,0.0,0.71,0.29,0.0,0.43436062316970225
39627740025983484,0.0,0.08,0.91,0.01,0.24088153359695552
39627764185175411,0.0,0.1,0.9,0.0,0.2344977967946406
39627788356948314,0.0,0.66,0.34,0.0,0.46240935248651505
39627752109768782,0.0,0.03,0.97,0.0,0.0971959289157881
39627764185175712,0.0,0.84,0.16,0.0,0.3171547773202831
39627764185175348,0.0,0.41,0.59,0.0,0.488250234378912
39627770229167712,0.0,0.53,0.47,0.0,0.4987007942838698
39627782312952372,0.0,0.25,0.75,0.0,0.4056390622295664
39627746061584678,0.0,0.04,0.95,0.01,0.16124668093016215
39627758141180132,0.0,0.24,0.76,0.0,0.39752013969226113
39627794413519740,0.0,0.09,0.91,0.0,0.21823490853205144
39627740038565774,0.0,0.05,0.95,0.0,0.14319847855797813
39627788348559025,0.0,0.8,0.2,0.0,0.36096404744368116
39627770254333208,0.0,0.04,0.73,0.23,0.5024325059495997
39627776264770380,0.0,0.82,0.18,0.0,0.34003852286413994
39627800432348217,0.0,0.9,0.1,0.0,0.2344977967946406
39627770233356957,0.0,0.84,0.16,0.0,0.3171547773202831
39627770258522951,0.0,0.74,0.26,0.0,0.4133731862463089
39627770233356664,0.0,0.57,0.43,0.0,0.4929075185894599
39627746061586862,0.0,0.28,0.72,0.0,0.4277254052800653
39627770250134199,0.0,0.92,0.08,0.0,0.2010895951011364
39627776281547575,0.0,0.29,0.71,0.0,0.43436062316970225
39627794384165714,0.0,0.4,0.6,0.0,0.4854752972273343
39627788356948146,0.0,0.22,0.78,0.0,0.38008375148098283
39627794384165653,0.0,0.36,0.64,0.0,0.4713415946277461
39627758162153152,0.0,0.42,0.58,0.0,0.49072694751682683
39627764185174427,0.0,0.44,0.56,0.0,0.4947937606110278
39627764197754013,0.0,0.0,1.0,0.0,-0.0
39627770258526224,0.0,0.97,0.03,0.0,0.0971959289157881
39627776252187195,0.0,0.01,0.99,0.0,0.04039656794795559
39627758153765729,0.0,0.06,0.94,0.0,0.16372245957723813
39627788344366325,0.0,0.32,0.68,0.0,0.45219072886224687
39627788352750009,0.0,0.61,0.39,0.0,0.4823997742525436
39627800419766163,0.0,0.87,0.13,0.0,0.2787190925139945
39627800423959826,0.0,0.01,0.99,0.0,0.04039656794795559
39627782308759060,0.0,0.52,0.48,0.0,0.4994227679976009
39627758157955690,0.0,0.05,0.95,0.0,0.14319847855797813
39627758162152484,0.0,0.17,0.83,0.0,0.32885238937210975
39627758162152468,0.0,0.07,0.93,0.0,0.18296182545011158
39627788356948332,0.0,0.94,0.06,0.0,0.16372245957723813
39627776260572720,0.0,0.8,0.2,0.0,0.36096404744368116
39627764189365403,0.0,0.3,0.7,0.0,0.44064544961534635
39627746078363497,0.0,0.14,0.86,0.0,0.292119405821428
39627764189365381,0.0,0.05,0.95,0.0,0.14319847855797813
39627782308758884,0.0,0.52,0.48,0.0,0.4994227679976009
39627788361142776,0.0,0.73,0.27,0.0,0.42073231810408784
39627776260573177,0.0,0.5,0.5,0.0,0.5
39627746074166250,0.0,0.1,0.9,0.0,0.2344977967946406
39627764197754239,0.0,0.01,0.99,0.0,0.04039656794795559
39627758174736689,0.0,0.77,0.23,0.0,0.38900565177326885
39627770258522907,0.0,0.15,0.85,0.0,0.3049201523582002
39627764172589927,0.0,0.01,0.93,0.06,0.20367037270049304
39627776294125688,0.0,0.91,0.09,0.0,0.21823490853205144
39627794413521837,0.0,0.06,0.93,0.01,0.20367037270049304
39627800423961351,0.0,0.34,0.66,0.0,0.46240935248651505
39627764197755722,0.0,0.18,0.82,0.0,0.34003852286413994
39627776281544727,0.0,0.43,0.57,0.0,0.4929075185894599
39627788352754200,0.0,0.99,0.01,0.0,0.04039656794795559
39627776289936377,0.0,0.99,0.01,0.0,0.04039656794795559
39627770241746708,0.0,1.0,0.0,0.0,-0.0
39627776285737647,0.0,0.79,0.21,0.0,0.37074136996563684
39627776294129918,0.0,0.0,0.79,0.21,0.37074136996563684
39627788352754828,0.0,0.43,0.57,0.0,0.4929075185894599
39627788361140047,0.01,0.99,0.0,0.0,0.04039656794795559
39627776260575605,0.0,0.11,0.89,0.0,0.249957979082264
39627776260574802,0.0,0.45,0.55,0.0,0.49638722699390414
39627782333925396,0.0,0.52,0.48,0.0,0.4994227679976009
39627788331782970,0.2,0.8,0.0,0.0,0.36096404744368116
39627788331783004,0.0,0.21,0.79,0.0,0.37074136996563684
39627782333925419,0.0,0.41,0.59,0.0,0.488250234378912
39627806480531781,0.01,0.92,0.07,0.0,0.22283217282912027
39627788344361976,0.0,0.9,0.1,0.0,0.2344977967946406
39627758174735225,0.0,0.48,0.52,0.0,0.4994227679976009
39627764172589621,0.0,0.49,0.51,0.0,0.49985572087640495
39627764172589614,0.01,0.98,0.01,0.0,0.08072027127091033
39627764172589655,0.0,0.99,0.01,0.0,0.04039656794795559
39627770258525922,0.0,0.78,0.22,0.0,0.38008375148098283
39627788356944363,0.0,0.47,0.53,0.0,0.4987007942838698
39627794396746598,0.0,0.35,0.65,0.0,0.4670340276877455
39627776298323532,0.0,0.38,0.62,0.0,0.47902101111314976
39627788369532715,0.0,0.27,0.73,0.0,0.42073231810408784
39627746082558681,0.0,0.98,0.02,0.0,0.07072027127091034
39627770258522434,0.0,0.57,0.43,0.0,0.4929075185894599
39627752101385262,0.0,0.38,0.62,0.0,0.47902101111314976
39627788356944080,0.0,0.98,0.02,0.0,0.07072027127091034
39627788361139377,0.0,0.37,0.63,0.0,0.47533604634353294
39627788361139643,0.0,0.38,0.62,0.0,0.47902101111314976
39627788361139719,0.0,0.04,0.96,0.0,0.12114609454120741
39627788361139425,0.0,0.91,0.09,0.0,0.21823490853205144
39627788361139510,0.0,0.24,0.76,0.0,0.39752013969226113
39627776289932196,0.0,0.77,0.23,0.0,0.38900565177326885
39627800449127921,0.0,0.0,0.98,0.02,0.07072027127091034
39627770224974003,0.0,0.0,1.0,0.0,-0.0
39627776289932072,0.0,0.46,0.54,0.0,0.49768921941011285
39627770258527094,0.0,0.12,0.88,0.0,0.2646804326436822
39627800449127588,0.0,0.0,1.0,0.0,-0.0
39627764197753363,0.0,0.86,0.14,0.0,0.292119405821428
39627800449127716,0.0,0.06,0.94,0.0,0.16372245957723813
39627746069972331,0.0,0.3,0.7,0.0,0.44064544961534635
39627788356948339,0.0,0.0,0.93,0.07,0.18296182545011158
39627776264771629,0.0,0.08,0.92,0.0,0.2010895951011364
39627770229163614,0.0,0.0,1.0,0.0,-0.0
39627752126550599,0.0,0.16,0.84,0.0,0.3171547773202831
39627746082556174,0.0,0.32,0.68,0.0,0.45219072886224687
39627782329734254,0.0,0.17,0.83,0.0,0.32885238937210975
39627752126550879,0.0,0.09,0.91,0.0,0.21823490853205144
39627764189369742,0.0,0.0,0.98,0.02,0.07072027127091034
39627764197757236,0.02,0.97,0.01,0.0,0.11097036642660543
39627788356948301,0.0,0.87,0.13,0.0,0.2787190925139945
39627788344361834,0.0,0.01,0.99,0.0,0.04039656794795559
39627752122356343,0.0,0.29,0.71,0.0,0.43436062316970225
39627740038565997,0.0,0.29,0.7,0.01,0.4722717946631261
39627764210336583,0.01,0.99,0.0,0.0,0.04039656794795559
39627764176784073,0.0,0.12,0.88,0.0,0.2646804326436822
39627746069971711,0.0,0.61,0.39,0.0,0.4823997742525436
39627800432345721,0.0,0.58,0.42,0.0,0.49072694751682683
39627788365335050,0.0,0.01,0.99,0.0,0.04039656794795559
39627788365334905,0.0,0.19,0.81,0.0,0.3507357299419487
39627794379969898,0.0,0.03,0.96,0.01,0.13737165703039006
39627788365334869,0.0,0.74,0.26,0.0,0.4133731862463089
39627758145376211,0.0,0.03,0.93,0.04,0.2174448102113104
39627752126550978,0.03,0.97,0.0,0.0,0.0971959289157881
39627782329730126,0.0,1.0,0.0,0.0,-0.0
39627800449125708,0.0,0.9,0.1,0.0,0.2344977967946406
39627764180978374,0.0,0.52,0.48,0.0,0.4994227679976009
39627770250135532,0.0,0.96,0.04,0.0,0.12114609454120741
39627746069973472,0.0,0.59,0.41,0.0,0.488250234378912
39627788335974310,0.0,0.3,0.7,0.0,0.44064544961534635
39627752126546782,0.0,0.8,0.2,0.0,0.36096404744368116
39627770224973604,0.0,0.78,0.22,0.0,0.38008375148098283
39627752126546574,0.0,0.0,0.99,0.01,0.04039656794795559
39627764180978327,0.0,0.18,0.82,0.0,0.34003852286413994
39627782333925933,0.0,0.01,0.99,0.0,0.04039656794795559
39627800423956927,0.0,0.61,0.39,0.0,0.4823997742525436
39627788356946387,0.0,0.96,0.04,0.0,0.12114609454120741
39627788344364279,0.0,0.3,0.7,0.0,0.44064544961534635
39627770220775731,0.0,0.07,0.93,0.0,0.18296182545011158
39627782296180717,0.0,0.68,0.32,0.0,0.45219072886224687
39627788335974603,0.0,0.03,0.97,0.0,0.0971959289157881
39627770258522796,0.0,0.75,0.25,0.0,0.4056390622295664
39627740038563282,0.0,0.52,0.48,0.0,0.4994227679976009
39627782308762283,0.0,0.03,0.97,0.0,0.0971959289157881
39627770258523031,0.0,0.98,0.02,0.0,0.07072027127091034
39627782329729401,0.0,0.0,0.94,0.06,0.16372245957723813
39627788348556466,0.0,0.03,0.97,0.0,0.0971959289157881
39627788348556359,0.0,0.01,0.99,0.0,0.04039656794795559
39627788335974459,0.0,0.09,0.91,0.0,0.21823490853205144
39627758174732773,0.0,0.01,0.97,0.02,0.11097036642660543
39627776294127647,0.0,0.23,0.77,0.0,0.38900565177326885
39627752101381854,0.0,0.88,0.12,0.0,0.2646804326436822
39627800432345227,0.0,0.71,0.29,0.0,0.43436062316970225
39627800428156096,0.0,0.47,0.53,0.0,0.4987007942838698
39627782333926082,0.0,0.31,0.69,0.0,0.4465867291889284
39627764176783912,0.0,0.05,0.94,0.01,0.1832231322266888
39627776256377712,0.0,0.02,0.9,0.08,0.2705942015390087
39627794392550856,0.0,0.08,0.92,0.0,0.2010895951011364
39627758174734683,0.0,0.99,0.01,0.0,0.04039656794795559
39627776256378027,0.0,0.78,0.22,0.0,0.38008375148098283
39627764210336653,0.13,0.87,0.0,0.0,0.2787190925139945
39627770233358818,0.0,0.82,0.18,0.0,0.34003852286413994
39627752122356397,0.0,0.24,0.76,0.0,0.39752013969226113
39627758145373858,0.0,0.85,0.15,0.0,0.3049201523582002
39627794379970130,0.0,1.0,0.0,0.0,-0.0
39627764210336659,0.0,0.49,0.51,0.0,0.49985572087640495
39627752126550577,0.0,0.59,0.41,0.0,0.488250234378912
39627782308762920,0.0,0.33,0.67,0.0,0.4574631863898637
39627806467953370,0.0,0.06,0.94,0.0,0.16372245957723813
39627788331782112,0.0,0.01,0.99,0.0,0.04039656794795559
39627752101381718,0.0,0.24,0.76,0.0,0.39752013969226113
39627794392550935,0.0,0.23,0.77,0.0,0.38900565177326885
39627788331782291,0.0,0.5,0.5,0.0,0.5
39627794400939596,0.0,0.0,1.0,0.0,-0.0
39627806467954128,0.0,0.24,0.76,0.0,0.39752013969226113
39627776273155038,0.0,0.62,0.38,0.0,0.47902101111314976
39627758153761521,0.0,0.07,0.93,0.0,0.18296182545011158
39627788352751643,0.0,0.79,0.21,0.0,0.37074136996563684
39627782312952470,0.0,0.12,0.88,0.0,0.2646804326436822
39627746090946637,0.0,0.18,0.82,0.0,0.34003852286413994
39627764189364987,0.0,0.61,0.39,0.0,0.4823997742525436
39627782296180773,0.0,0.39,0.61,0.0,0.4823997742525436
39627740038565426,0.0,0.6,0.4,0.0,0.4854752972273343
39627782304563785,0.0,0.03,0.97,0.0,0.0971959289157881
39627746090946411,0.0,0.89,0.11,0.0,0.249957979082264
39627764218724933,0.0,0.76,0.24,0.0,0.39752013969226113
39627794384159625,0.0,0.59,0.41,0.0,0.488250234378912
39627794384159661,0.0,0.32,0.68,0.0,0.45219072886224687
39627800432348816,0.0,0.42,0.58,0.0,0.49072694751682683
39627740034370069,0.0,0.88,0.12,0.0,0.2646804326436822
39627752113965339,0.0,0.24,0.76,0.0,0.39752013969226113
39627746061584949,0.0,0.58,0.42,0.0,0.49072694751682683
39627764218727499,0.0,0.03,0.97,0.0,0.0971959289157881
39627770245940486,0.0,0.59,0.41,0.0,0.488250234378912
39627794392552012,0.0,0.08,0.92,0.0,0.2010895951011364
39627788331782734,0.0,0.71,0.29,0.0,0.43436062316970225
39627788331782488,0.0,0.89,0.11,0.0,0.249957979082264
39627800436539732,0.0,0.81,0.19,0.0,0.3507357299419487
39627740034369941,0.0,0.61,0.39,0.0,0.4823997742525436
39627776298323720,0.0,0.59,0.41,0.0,0.488250234378912
39627770258527090,0.0,0.96,0.04,0.0,0.12114609454120741
39627746082557536,0.0,0.36,0.64,0.0,0.4713415946277461
39627740038568079,0.0,0.0,0.94,0.06,0.16372245957723813
39627788348558385,0.0,0.15,0.85,0.0,0.3049201523582002
39627800419767535,0.0,0.8,0.2,0.0,0.36096404744368116
39627800449127568,0.0,0.53,0.47,0.0,0.4987007942838698
39627758136984955,0.0,0.51,0.49,0.0,0.49985572087640495
39627764218725967,0.0,0.85,0.15,0.0,0.3049201523582002
39627764172592388,0.0,0.0,1.0,0.0,-0.0
39627794405135314,0.0,0.08,0.92,0.0,0.2010895951011364
39627794405135185,0.0,0.98,0.02,0.0,0.07072027127091034
39627782312955025,0.0,0.54,0.46,0.0,0.49768921941011285
39627758136984543,0.0,0.13,0.87,0.0,0.2787190925139945
39627776294128872,0.0,0.37,0.63,0.0,0.47533604634353294
39627794409327425,0.0,0.26,0.74,0.0,0.4133731862463089
39627746065781478,0.0,0.72,0.28,0.0,0.4277254052800653
39627752109768954,0.0,0.7,0.3,0.0,0.44064544961534635
39627740038567433,0.0,0.21,0.79,0.0,0.37074136996563684
39627788373723465,0.0,0.72,0.28,0.0,0.4277254052800653
39627758170542952,0.0,0.1,0.9,0.0,0.2344977967946406
39627752134938011,0.0,0.4,0.6,0.0,0.4854752972273343
39627776285740021,0.0,0.8,0.2,0.0,0.36096404744368116
39627782312954450,0.0,0.15,0.85,0.0,0.3049201523582002
39627764185171955,0.0,0.16,0.84,0.0,0.3171547773202831
39627746095136904,0.0,0.1,0.9,0.0,0.2344977967946406
39627800419767454,0.0,0.82,0.18,0.0,0.34003852286413994
39627770258522695,0.0,0.22,0.78,0.0,0.38008375148098283
39627770250135859,0.0,0.8,0.2,0.0,0.36096404744368116
39627800423959017,0.0,0.6,0.4,0.0,0.4854752972273343
39627788348557231,0.0,0.96,0.04,0.0,0.12114609454120741
39627800419767976,0.0,1.0,0.0,0.0,-0.0
39627794405135103,0.0,0.2,0.8,0.0,0.36096404744368116
39627800419767912,0.0,0.3,0.7,0.0,0.44064544961534635
39627770258524759,0.0,0.64,0.36,0.0,0.4713415946277461
39627776264771622,0.0,0.08,0.92,0.0,0.2010895951011364
39627752134936581,0.0,0.1,0.9,0.0,0.2344977967946406
39627758136984458,0.0,0.56,0.44,0.0,0.4947937606110278
39627800419768183,0.03,0.91,0.06,0.0,0.2595582210645035
39627746086749240,0.0,0.33,0.67,0.0,0.4574631863898637
39627800432347042,0.0,0.96,0.04,0.0,0.12114609454120741
39627752118161576,0.0,0.98,0.02,0.0,0.07072027127091034
39627770245941094,0.0,0.57,0.43,0.0,0.4929075185894599
39627746069974272,0.0,1.0,0.0,0.0,-0.0
39627752118159432,0.0,0.0,1.0,0.0,-0.0
39627752113969421,0.0,0.12,0.88,0.0,0.2646804326436822
39627770224969443,0.0,0.18,0.82,0.0,0.34003852286413994
39627746082554905,0.0,0.52,0.48,0.0,0.4994227679976009
39627782338117879,0.0,1.0,0.0,0.0,-0.0
39627746082555324,0.0,0.0,0.89,0.11,0.249957979082264
39627776273154629,0.0,0.21,0.79,0.0,0.37074136996563684
39627746082555335,0.0,0.0,1.0,0.0,-0.0
39627746082555334,0.0,0.0,0.56,0.44,0.4947937606110278
39627758162154722,0.0,0.4,0.6,0.0,0.4854752972273343
39627746095138967,0.0,0.82,0.18,0.0,0.34003852286413994
39627770224970758,0.0,0.25,0.75,0.0,0.4056390622295664
39627752118157381,0.0,0.78,0.22,0.0,0.38008375148098283
39627746078363983,0.0,0.6,0.4,0.0,0.4854752972273343
39627752118159100,0.0,0.63,0.37,0.0,0.47533604634353294
39627782300370632,0.0,0.8,0.2,0.0,0.36096404744368116
39627758157956965,0.0,0.8,0.2,0.0,0.36096404744368116
39627776289935652,0.0,0.38,0.62,0.0,0.47902101111314976
39627752118159395,0.0,0.77,0.23,0.0,0.38900565177326885
39627764176784338,0.0,1.0,0.0,0.0,-0.0
39627758157956667,0.0,0.0,1.0,0.0,-0.0
39627782300370662,0.0,0.28,0.72,0.0,0.4277254052800653
39627788335978321,0.03,0.94,0.03,0.0,0.19372245957723813
39627758157956645,0.0,0.57,0.43,0.0,0.4929075185894599
39627800444931362,0.0,0.01,0.99,0.0,0.04039656794795559
39627794392548004,0.0,0.7,0.3,0.0,0.44064544961534635
39627800444929698,0.0,0.09,0.91,0.0,0.21823490853205144
39627782300370454,0.0,0.03,0.97,0.0,0.0971959289157881
39627794392548281,0.0,0.79,0.21,0.0,0.37074136996563684
39627794392548561,0.0,0.59,0.41,0.0,0.488250234378912
39627758132792970,0.0,0.69,0.31,0.0,0.4465867291889284
39627740042756286,0.0,0.14,0.86,0.0,0.292119405821428
39627752113968465,0.0,0.03,0.92,0.05,0.239266955218135
39627788335979131,0.0,0.08,0.92,0.0,0.2010895951011364
39627764180976695,0.0,0.34,0.66,0.0,0.46240935248651505
39627758136984173,0.0,0.01,0.99,0.0,0.04039656794795559
39627764180976590,0.0,0.92,0.08,0.0,0.2010895951011364
39627764180976475,0.0,0.02,0.98,0.0,0.07072027127091034
39627764180976368,0.0,0.62,0.38,0.0,0.47902101111314976
39627788335978433,0.0,0.01,0.95,0.04,0.16124668093016215
39627758145376642,0.0,0.86,0.14,0.0,0.292119405821428
39627788340168054,0.0,0.0,0.84,0.16,0.3171547773202831
39627758162154306,0.0,0.09,0.9,0.01,0.2579475764741046
39627752109770017,0.0,0.18,0.82,0.0,0.34003852286413994
39627740042756371,0.0,0.67,0.33,0.0,0.4574631863898637
39627794400937991,0.0,0.0,0.99,0.01,0.04039656794795559
39627770224972025,0.0,0.87,0.13,0.0,0.2787190925139945
39627740042756816,0.0,0.01,0.99,0.0,0.04039656794795559
39627740042756909,0.0,0.63,0.37,0.0,0.47533604634353294
39627794392548088,0.0,0.96,0.04,0.0,0.12114609454120741
39627776285739316,0.0,0.31,0.69,0.0,0.4465867291889284
39627776285739889,0.0,0.85,0.15,0.0,0.3049201523582002
39627752113968616,0.0,0.07,0.93,0.0,0.18296182545011158
39627740042756515,0.0,0.72,0.28,0.0,0.4277254052800653
39627758166344333,0.0,0.96,0.04,0.0,0.12114609454120741
39627764180976830,0.0,0.0,0.98,0.02,0.07072027127091034
39627758162154509,0.0,0.08,0.92,0.0,0.2010895951011364
39627758136984521,0.0,0.03,0.97,0.0,0.0971959289157881
39627794400936058,0.0,0.79,0.21,0.0,0.37074136996563684
39627764185170603,0.0,0.32,0.68,0.0,0.45219072886224687
39627764185170644,0.0,0.31,0.69,0.0,0.4465867291889284
39627764185170732,0.0,0.14,0.86,0.0,0.292119405821428
39627770216582109,0.0,0.0,1.0,0.0,-0.0
39627764185170790,0.0,0.76,0.24,0.0,0.39752013969226113
39627764185171060,0.0,0.07,0.93,0.0,0.18296182545011158
39627752118159837,0.0,0.92,0.08,0.0,0.2010895951011364
39627758157960701,0.0,0.3,0.7,0.0,0.44064544961534635
39627776294127287,0.01,0.53,0.46,0.0,0.5336099245350017
39627788377916311,0.0,0.42,0.58,0.0,0.49072694751682683
39627764185170550,0.0,0.06,0.94,0.0,0.16372245957723813
39627770233362093,0.0,0.37,0.63,0.0,0.47533604634353294
39627764185170160,0.0,0.03,0.92,0.05,0.239266955218135
39627782296177307,0.0,0.89,0.11,0.0,0.249957979082264
39627740038566073,0.0,0.82,0.18,0.0,0.34003852286413994
39627794396747200,0.0,0.43,0.57,0.0,0.4929075185894599
39627800432348879,0.0,0.74,0.26,0.0,0.4133731862463089
39627752113968388,0.0,0.12,0.88,0.0,0.2646804326436822
39627758170538383,0.0,0.1,0.9,0.0,0.2344977967946406
39627770229166082,0.0,0.25,0.75,0.0,0.4056390622295664
39627794396747142,0.0,0.18,0.82,0.0,0.34003852286413994
39627752113969033,0.0,0.17,0.83,0.0,0.32885238937210975
39627788356947274,0.0,0.55,0.45,0.0,0.49638722699390414
39627758136984678,0.0,0.05,0.95,0.0,0.14319847855797813
39627764176784457,0.0,0.05,0.95,0.0,0.14319847855797813
39627800423959254,0.0,0.94,0.06,0.0,0.16372245957723813
39627770224968520,0.0,0.71,0.29,0.0,0.43436062316970225
39627764197755743,0.0,0.42,0.58,0.0,0.49072694751682683
39627752118161209,0.0,0.02,0.98,0.0,0.07072027127091034
39627758136985233,0.0,0.08,0.92,0.0,0.2010895951011364
39627770224968378,0.0,0.51,0.49,0.0,0.49985572087640495
39627746069975034,0.0,0.21,0.79,0.0,0.37074136996563684
39627770258523975,0.0,0.02,0.98,0.0,0.07072027127091034
39627752118161673,0.0,0.63,0.37,0.0,0.47533604634353294
39627782321343340,0.0,0.24,0.76,0.0,0.39752013969226113
39627782329732746,0.0,0.83,0.17,0.0,0.32885238937210975
39627770229163350,0.0,0.0,0.99,0.01,0.04039656794795559
39627770258525435,0.0,0.58,0.42,0.0,0.49072694751682683
39627752126546901,0.0,0.92,0.08,0.0,0.2010895951011364
39627758136985309,0.0,0.0,0.82,0.18,0.34003852286413994
39627752134936016,0.0,0.94,0.06,0.0,0.16372245957723813
39627752134936291,0.0,0.69,0.31,0.0,0.4465867291889284
39627752118158914,0.0,0.0,0.95,0.05,0.14319847855797813
39627770258523908,0.0,0.83,0.17,0.0,0.32885238937210975
39627752109773998,0.0,0.37,0.63,0.0,0.47533604634353294
39627770250138687,0.05,0.93,0.02,0.0,0.21317104534994366
39627770229163445,0.0,0.0,0.99,0.01,0.04039656794795559
39627788344367151,0.0,0.19,0.81,0.0,0.3507357299419487
39627788344367149,0.0,0.82,0.18,0.0,0.34003852286413994
39627770224968591,0.0,0.0,1.0,0.0,-0.0
39627770245941665,0.03,0.97,0.0,0.0,0.0971959289157881
39627752126546744,0.0,0.19,0.81,0.0,0.3507357299419487
39627782308760574,0.0,0.33,0.67,0.0,0.4574631863898637
39627788361138682,0.0,0.51,0.49,0.0,0.49985572087640495
39627746069975210,0.0,0.62,0.38,0.0,0.47902101111314976
39627758136987414,0.0,0.11,0.89,0.0,0.249957979082264
39627746086751938,0.0,0.84,0.16,0.0,0.3171547773202831
39627782304568357,0.0,0.08,0.92,0.0,0.2010895951011364
39627746086751951,0.0,0.69,0.31,0.0,0.4465867291889284
39627764214534845,0.0,0.31,0.69,0.0,0.4465867291889284
39627800428153531,0.0,0.22,0.78,0.0,0.38008375148098283
39627782304563709,0.0,0.99,0.01,0.0,0.04039656794795559
39627782300374260,0.0,0.06,0.94,0.0,0.16372245957723813
39627746074167440,0.0,0.17,0.83,0.0,0.32885238937210975
39627764214534829,0.0,0.06,0.94,0.0,0.16372245957723813
39627764193563431,0.0,0.49,0.51,0.0,0.49985572087640495
39627764193562985,0.0,0.01,0.98,0.01,0.08072027127091033
39627800449126863,0.0,0.47,0.53,0.0,0.4987007942838698
39627776268966546,0.0,0.38,0.62,0.0,0.47902101111314976
39627746074167401,0.0,0.88,0.12,0.0,0.2646804326436822
39627776260572397,0.0,0.1,0.9,0.0,0.2344977967946406
39627758149567111,0.0,0.96,0.04,0.0,0.12114609454120741
39627800428153749,0.0,0.02,0.98,0.0,0.07072027127091034
39627800428153733,0.0,0.66,0.34,0.0,0.46240935248651505
39627758149566890,0.0,0.88,0.12,0.0,0.2646804326436822
39627764214535220,0.0,0.73,0.27,0.0,0.42073231810408784
39627764197756087,0.0,0.99,0.01,0.0,0.04039656794795559
39627770224972647,0.0,0.92,0.08,0.0,0.2010895951011364
39627764206142574,0.0,0.18,0.82,0.0,0.34003852286413994
39627752126549973,0.0,0.53,0.47,0.0,0.4987007942838698
39627746074167566,0.0,0.1,0.9,0.0,0.2344977967946406
39627752105575569,0.0,0.32,0.68,0.0,0.45219072886224687
39627752130742707,0.0,0.21,0.79,0.0,0.37074136996563684
39627746074167267,0.0,0.22,0.78,0.0,0.38008375148098283
39627776252185920,0.0,0.24,0.76,0.0,0.39752013969226113
39627788344367847,0.0,0.36,0.64,0.0,0.4713415946277461
39627770250135699,0.0,0.08,0.92,0.0,0.2010895951011364
39627770258523814,0.0,0.27,0.73,0.0,0.42073231810408784
39627788344367784,0.0,0.3,0.7,0.0,0.44064544961534635
39627770250133937,0.0,0.1,0.9,0.0,0.2344977967946406
39627788365338419,0.0,0.54,0.46,0.0,0.49768921941011285
39627752118159082,0.0,0.53,0.47,0.0,0.4987007942838698
39627776268960019,0.0,0.69,0.31,0.0,0.4465867291889284
39627788365338253,0.0,0.93,0.07,0.0,0.18296182545011158
39627788344367841,0.0,0.47,0.53,0.0,0.4987007942838698
39627764214531689,0.0,0.12,0.88,0.0,0.2646804326436822
39627770250134132,0.0,0.01,0.98,0.01,0.08072027127091033
39627770254333676,0.0,0.32,0.68,0.0,0.45219072886224687
39627770254331307,0.0,0.81,0.19,0.0,0.3507357299419487
39627770250134138,0.0,0.36,0.64,0.0,0.4713415946277461
39627764201951930,0.0,0.15,0.85,0.0,0.3049201523582002
39627782312954765,0.0,0.03,0.97,0.0,0.0971959289157881
39627788361138416,0.0,0.88,0.12,0.0,0.2646804326436822
39627752105574675,0.0,0.8,0.2,0.0,0.36096404744368116
39627782312954460,0.0,0.98,0.02,0.0,0.07072027127091034
39627770254331949,0.0,0.03,0.97,0.0,0.0971959289157881
39627770254331931,0.0,0.02,0.98,0.0,0.07072027127091034
39627770250136219,0.0,0.89,0.11,0.0,0.249957979082264
39627752113964256,0.0,0.55,0.45,0.0,0.49638722699390414
39627770250136313,0.0,0.77,0.23,0.0,0.38900565177326885
39627752122351800,0.0,0.01,0.99,0.0,0.04039656794795559
39627758136985355,0.0,0.38,0.62,0.0,0.47902101111314976
39627764206141675,0.0,1.0,0.0,0.0,-0.0
39627752134935924,0.0,0.25,0.75,0.0,0.4056390622295664
39627764193561939,0.0,0.95,0.05,0.0,0.14319847855797813
39627800444932160,0.0,0.13,0.87,0.0,0.2787190925139945
39627776260576883,0.0,0.8,0.2,0.0,0.36096404744368116
39627770245943116,0.0,0.52,0.48,0.0,0.4994227679976009
39627776260576866,0.0,0.89,0.11,0.0,0.249957979082264
39627776260576842,0.0,0.27,0.73,0.0,0.42073231810408784
39627788365335262,0.0,0.87,0.13,0.0,0.2787190925139945
39627776260576797,0.0,0.05,0.95,0.0,0.14319847855797813
39627746082557136,0.0,0.27,0.73,0.0,0.42073231810408784
39627770216580451,0.0,0.83,0.17,0.0,0.32885238937210975
39627770224968641,0.0,0.04,0.96,0.0,0.12114609454120741
39627770224968735,0.0,0.11,0.89,0.0,0.249957979082264
39627770216580142,0.0,0.23,0.77,0.0,0.38900565177326885
39627752122357385,0.0,0.73,0.27,0.0,0.42073231810408784
39627764193561879,0.0,0.0,1.0,0.0,-0.0
39627770254328582,0.0,0.4,0.6,0.0,0.4854752972273343
39627764180976127,0.0,0.49,0.51,0.0,0.49985572087640495
39627752122355116,0.0,0.36,0.64,0.0,0.4713415946277461
39627776260572150,0.0,0.03,0.97,0.0,0.0971959289157881
39627770245942576,0.0,0.97,0.03,0.0,0.0971959289157881
39627770220775745,0.0,0.16,0.84,0.0,0.3171547773202831
39627770245942695,0.0,0.71,0.29,0.0,0.43436062316970225
39627782304567914,0.0,0.14,0.86,0.0,0.292119405821428
39627788356945310,0.0,0.0,0.96,0.04,0.12114609454120741
39627770220774129,0.0,0.16,0.84,0.0,0.3171547773202831
39627770224971854,0.0,1.0,0.0,0.0,-0.0
39627800428154347,0.0,0.22,0.78,0.0,0.38008375148098283
39627776260572165,0.0,0.59,0.41,0.0,0.488250234378912
39627764180976240,0.0,0.23,0.77,0.0,0.38900565177326885
39627752113965444,0.0,0.77,0.23,0.0,0.38900565177326885
39627800428153927,0.0,0.8,0.2,0.0,0.36096404744368116
39627752122355253,0.0,0.96,0.04,0.0,0.12114609454120741
39627764180976109,0.0,0.0,0.76,0.24,0.39752013969226113
39627788356945344,0.0,0.73,0.27,0.0,0.42073231810408784
39627788340168113,0.0,0.01,0.99,0.0,0.04039656794795559
39627770220777822,0.0,0.4,0.6,0.0,0.4854752972273343
39627758136985039,0.0,0.97,0.03,0.0,0.0971959289157881
39627794405134328,0.0,0.81,0.19,0.0,0.3507357299419487
39627794388354999,0.0,0.5,0.5,0.0,0.5
39627770216583584,0.0,0.77,0.23,0.0,0.38900565177326885
39627776260572333,0.0,0.02,0.98,0.0,0.07072027127091034
39627794405133947,0.0,0.02,0.97,0.01,0.11097036642660543
39627770216585742,0.0,0.01,0.98,0.01,0.08072027127091033
39627788340167751,0.0,0.89,0.11,0.0,0.249957979082264
39627794405133921,0.0,0.97,0.03,0.0,0.0971959289157881
39627788340167400,0.0,0.02,0.98,0.0,0.07072027127091034
39627788340167371,0.0,0.14,0.86,0.0,0.292119405821428
39627794405135377,0.0,0.98,0.02,0.0,0.07072027127091034
39627794405134385,0.0,0.05,0.95,0.0,0.14319847855797813
39627800449125918,0.0,0.92,0.08,0.0,0.2010895951011364
39627782329732513,0.0,0.04,0.94,0.02,0.19127133459887283
39627794405133970,0.0,0.01,0.96,0.03,0.13737165703039006
39627764180975670,0.0,0.83,0.17,0.0,0.32885238937210975
39627776252187000,0.0,0.25,0.75,0.0,0.4056390622295664
39627800444931013,0.0,0.11,0.89,0.0,0.249957979082264
39627794405134243,0.0,0.07,0.93,0.0,0.18296182545011158
39627794405134446,0.0,0.52,0.48,0.0,0.4994227679976009
39627776252186267,0.0,0.77,0.23,0.0,0.38900565177326885
39627800444932390,0.0,0.55,0.45,0.0,0.49638722699390414
39627770220774175,0.0,0.1,0.9,0.0,0.2344977967946406
39627794392551558,0.0,0.92,0.08,0.0,0.2010895951011364
39627794405133517,0.0,0.0,1.0,0.0,-0.0
39627800444930800,0.0,0.58,0.42,0.0,0.49072694751682683
39627758132792977,0.0,0.46,0.54,0.0,0.49768921941011285
39627800444930106,0.0,0.63,0.37,0.0,0.47533604634353294
39627776260572237,0.0,0.81,0.19,0.0,0.3507357299419487
39627752126546497,0.0,0.25,0.75,0.0,0.4056390622295664
39627800444933409,0.0,0.72,0.28,0.0,0.4277254052800653
39627788377919757,0.0,0.5,0.5,0.0,0.5
39627770229165436,0.0,0.15,0.85,0.0,0.3049201523582002
39627746082553972,0.0,0.72,0.28,0.0,0.4277254052800653
39627788377916246,0.0,0.19,0.81,0.0,0.3507357299419487
39627800436543454,0.0,0.9,0.1,0.0,0.2344977967946406
39627764218728712,0.0,0.08,0.91,0.01,0.24088153359695552
39627740042759805,0.0,0.25,0.75,0.0,0.4056390622295664
39627770241748282,0.0,0.83,0.17,0.0,0.32885238937210975
39627764172592003,0.0,0.05,0.95,0.0,0.14319847855797813
39627764218728127,0.0,0.57,0.43,0.0,0.4929075185894599
39627740042759722,0.0,0.05,0.95,0.0,0.14319847855797813
39627788377916219,0.0,0.22,0.78,0.0,0.38008375148098283
39627764201949441,0.0,0.06,0.94,0.0,0.16372245957723813
39627758149569102,0.0,0.96,0.04,0.0,0.12114609454120741
39627800428153254,0.0,0.57,0.43,0.0,0.4929075185894599
39627770241748368,0.0,0.64,0.36,0.0,0.4713415946277461
39627758157959220,0.0,0.95,0.05,0.0,0.14319847855797813
39627788356948024,0.0,0.77,0.23,0.0,0.38900565177326885
39627782312954305,0.0,0.22,0.78,0.0,0.38008375148098283
39627782312954647,0.0,0.19,0.81,0.0,0.3507357299419487
39627746082557297,0.0,0.61,0.39,0.0,0.4823997742525436
39627782325539459,0.0,0.84,0.16,0.0,0.3171547773202831
39627752126548088,0.0,0.44,0.56,0.0,0.4947937606110278
39627746065777103,0.0,0.08,0.91,0.01,0.24088153359695552
39627752130744152,0.0,0.7,0.3,0.0,0.44064544961534635
39627788356948058,0.0,0.81,0.19,0.0,0.3507357299419487
39627800432347062,0.0,0.96,0.04,0.0,0.12114609454120741
39627800432347092,0.0,0.02,0.98,0.0,0.07072027127091034
39627764172592244,0.0,0.14,0.86,0.0,0.292119405821428
39627794413519556,0.0,0.98,0.02,0.0,0.07072027127091034
39627782312953374,0.0,0.99,0.01,0.0,0.04039656794795559
39627764197756429,0.0,0.77,0.23,0.0,0.38900565177326885
39627788361138542,0.0,0.97,0.03,0.0,0.0971959289157881
39627782312954040,0.0,0.98,0.02,0.0,0.07072027127091034
39627800423960520,0.0,0.09,0.91,0.0,0.21823490853205144
39627782312954444,0.15,0.85,0.0,0.0,0.3049201523582002
39627752118163898,0.0,0.53,0.47,0.0,0.4987007942838698
39627746086749396,0.0,0.36,0.64,0.0,0.4713415946277461
39627764172592406,0.0,0.63,0.37,0.0,0.47533604634353294
39627758157960209,0.0,0.78,0.22,0.0,0.38008375148098283
39627752134935967,0.0,0.05,0.94,0.01,0.1832231322266888
39627758157960410,0.0,0.76,0.24,0.0,0.39752013969226113
39627752122352114,0.0,0.44,0.56,0.0,0.4947937606110278
39627764201949299,0.0,0.01,0.99,0.0,0.04039656794795559
39627782312954502,0.0,0.65,0.35,0.0,0.4670340276877455
39627782304564329,0.0,0.54,0.46,0.0,0.49768921941011285
39627782312954637,0.0,0.35,0.65,0.0,0.4670340276877455
39627752118163980,0.0,0.07,0.92,0.01,0.22283217282912027
39627782312954402,0.0,0.96,0.04,0.0,0.12114609454120741
39627770241748595,0.0,0.99,0.01,0.0,0.04039656794795559
39627782312954498,0.0,0.01,0.99,0.0,0.04039656794795559
39627758170539920,0.0,0.13,0.87,0.0,0.2787190925139945
39627782312952725,0.0,0.29,0.71,0.0,0.43436062316970225
39627800419767724,0.0,0.17,0.83,0.0,0.32885238937210975
39627782304567621,0.0,0.89,0.11,0.0,0.249957979082264
39627782312953226,0.0,0.47,0.53,0.0,0.4987007942838698
39627800428152430,0.0,0.07,0.93,0.0,0.18296182545011158
39627770241748569,0.0,0.13,0.87,0.0,0.2787190925139945
39627752101382905,0.0,0.92,0.08,0.0,0.2010895951011364
39627776260572207,0.0,0.94,0.06,0.0,0.16372245957723813
39627800428153751,0.0,0.06,0.94,0.0,0.16372245957723813
39627770262716680,0.02,0.93,0.05,0.0,0.2131710453499437
39627806476337828,0.0,0.19,0.81,0.0,0.3507357299419487
39627776273154622,0.0,0.9,0.1,0.0,0.2344977967946406
39627776273154489,0.0,0.07,0.93,0.0,0.18296182545011158
39627740038562685,0.0,0.77,0.23,0.0,0.38900565177326885
39627806476341952,0.0,1.0,0.0,0.0,-0.0
39627764189368832,0.0,0.13,0.87,0.0,0.2787190925139945
39627776260576018,0.0,0.13,0.87,0.0,0.2787190925139945
39627770250136341,0.0,0.78,0.22,0.0,0.38008375148098283
39627806472147891,0.0,0.86,0.14,0.0,0.292119405821428
39627758153765220,0.0,0.03,0.9,0.07,0.2785623417561752
39627806472148153,0.0,0.26,0.74,0.0,0.4133731862463089
39627776260576234,0.0,0.68,0.32,0.0,0.45219072886224687
39627764218725184,0.0,0.03,0.91,0.06,0.2595582210645035
39627806476339832,0.0,0.46,0.54,0.0,0.49768921941011285
39627800436544462,0.0,0.43,0.57,0.0,0.4929075185894599
39627782308757737,0.0,0.03,0.95,0.02,0.1674722434193448
39627806476340882,0.0,0.97,0.03,0.0,0.0971959289157881
39627782291985016,0.0,0.63,0.37,0.0,0.47533604634353294
39627764210339810,0.0,0.57,0.43,0.0,0.4929075185894599
39627782308757836,0.0,0.67,0.33,0.0,0.4574631863898637
39627764176783794,0.0,0.43,0.57,0.0,0.4929075185894599
39627764176783601,0.0,0.07,0.93,0.0,0.18296182545011158
39627770250135781,0.0,0.42,0.58,0.0,0.49072694751682683
39627800436544643,0.0,0.28,0.72,0.0,0.4277254052800653
39627806472145411,0.0,0.49,0.51,0.0,0.49985572087640495
39627788356948478,0.0,0.03,0.96,0.01,0.13737165703039006
39627782308761844,0.0,0.25,0.75,0.0,0.4056390622295664
39627788356948495,0.0,0.02,0.97,0.01,0.11097036642660543
39627788356948514,0.0,0.3,0.7,0.0,0.44064544961534635
39627782308762124,0.0,0.03,0.97,0.0,0.0971959289157881
39627800436544594,0.0,0.07,0.93,0.0,0.18296182545011158
39627782308757588,0.0,0.01,0.99,0.0,0.04039656794795559
39627806476338709,0.0,0.01,0.98,0.01,0.08072027127091033
39627782308762141,0.0,0.26,0.74,0.0,0.4133731862463089
39627788373724112,0.0,0.0,0.99,0.01,0.04039656794795559
39627764214530520,0.0,0.26,0.74,0.0,0.4133731862463089
39627806472148357,0.0,0.25,0.75,0.0,0.4056390622295664
39627800440737453,0.0,0.63,0.37,0.0,0.47533604634353294
39627764180981289,0.0,0.02,0.96,0.02,0.14114609454120738
39627800440737509,0.0,0.96,0.04,0.0,0.12114609454120741
39627800444928615,0.0,0.0,0.94,0.06,0.16372245957723813
39627800444928574,0.0,0.03,0.95,0.02,0.1674722434193448
39627746082556687,0.0,0.08,0.92,0.0,0.2010895951011364
39627746082556911,0.0,0.43,0.57,0.0,0.4929075185894599
39627800440736843,0.0,0.2,0.8,0.0,0.36096404744368116
39627794384161985,0.0,0.15,0.85,0.0,0.3049201523582002
39627764189369554,0.0,0.02,0.98,0.0,0.07072027127091034
39627800440739493,0.0,0.26,0.74,0.0,0.4133731862463089
39627800440736714,0.0,0.93,0.07,0.0,0.18296182545011158
39627800440736800,0.0,0.53,0.47,0.0,0.4987007942838698
39627800428153027,0.0,0.58,0.42,0.0,0.49072694751682683
39627800444928891,0.0,0.63,0.37,0.0,0.47533604634353294
39627758157960064,0.0,0.99,0.01,0.0,0.04039656794795559
39627794396744787,0.0,0.11,0.89,0.0,0.249957979082264
39627800436541982,0.0,1.0,0.0,0.0,-0.0
39627782338117811,0.0,0.46,0.54,0.0,0.49768921941011285
39627782308757742,0.0,0.38,0.62,0.0,0.47902101111314976
39627746069974449,0.0,0.31,0.69,0.0,0.4465867291889284
39627758157956785,0.0,0.71,0.29,0.0,0.43436062316970225
39627752134936465,0.0,0.46,0.54,0.0,0.49768921941011285
39627782300370091,0.0,0.47,0.53,0.0,0.4987007942838698
39627782300369992,0.0,0.18,0.82,0.0,0.34003852286413994
39627782329732709,0.0,0.41,0.59,0.0,0.488250234378912
39627764172590088,0.0,0.2,0.8,0.0,0.36096404744368116
39627764180981215,0.0,0.0,0.99,0.01,0.04039656794795559
39627800440737151,0.0,0.95,0.05,0.0,0.14319847855797813
39627788331783163,0.0,0.83,0.17,0.0,0.32885238937210975
39627764189369748,0.0,0.0,1.0,0.0,-0.0
39627788348557825,0.0,0.0,0.96,0.04,0.12114609454120741
39627812511942639,0.0,0.99,0.01,0.0,0.04039656794795559
39627764197757041,0.0,0.9,0.1,0.0,0.2344977967946406
39627782329732685,0.0,0.34,0.66,0.0,0.46240935248651505
39627758149571639,0.0,0.03,0.95,0.02,0.1674722434193448
39627806467953638,0.0,0.46,0.54,0.0,0.49768921941011285
39627758174736272,0.0,0.75,0.25,0.0,0.4056390622295664
39627812511943615,0.0,0.74,0.26,0.0,0.4133731862463089
39627794384161935,0.0,0.0,0.97,0.03,0.0971959289157881
39627764172591496,0.0,0.03,0.97,0.0,0.0971959289157881
39627806476342226,0.0,0.39,0.61,0.0,0.4823997742525436
39627770250133702,0.0,0.11,0.89,0.0,0.249957979082264
39627806476342304,0.0,0.87,0.13,0.0,0.2787190925139945
39627794384161945,0.0,0.27,0.73,0.0,0.42073231810408784
39627770258523905,0.0,0.41,0.59,0.0,0.488250234378912
39627788361138819,0.0,0.92,0.08,0.0,0.2010895951011364
39627782304564305,0.0,0.14,0.86,0.0,0.292119405821428
39627746082556348,0.02,0.89,0.09,0.0,0.2875800930424113
39627794413523128,0.0,0.94,0.06,0.0,0.16372245957723813
39627788356944928,0.0,0.83,0.17,0.0,0.32885238937210975
39627806472148234,0.0,0.99,0.01,0.0,0.04039656794795559
39627794392552916,0.0,0.56,0.44,0.0,0.4947937606110278
39627788356948300,0.0,0.14,0.86,0.0,0.292119405821428
39627746082556331,0.0,0.44,0.56,0.0,0.4947937606110278
39627788361138263,0.0,0.24,0.76,0.0,0.39752013969226113
39627782312953565,0.0,0.92,0.08,0.0,0.2010895951011364
39627746061587093,0.0,0.0,0.98,0.02,0.07072027127091034
39627782312953802,0.0,0.0,0.96,0.04,0.12114609454120741
39627758157960057,0.0,0.75,0.25,0.0,0.4056390622295664
39627782333926713,0.0,0.11,0.89,0.0,0.249957979082264
39627806476341052,0.0,0.16,0.84,0.0,0.3171547773202831
39627806472148088,0.0,0.42,0.58,0.0,0.49072694751682683
39627806472147974,0.0,0.57,0.43,0.0,0.4929075185894599
39627746082555788,0.0,0.71,0.29,0.0,0.43436062316970225
39627800444930790,0.01,0.98,0.01,0.0,0.08072027127091033
39627746082555816,0.0,0.63,0.37,0.0,0.47533604634353294
39627800444930366,0.0,0.1,0.9,0.0,0.2344977967946406
39627806463757949,0.01,0.96,0.03,0.0,0.13737165703039006
39627788369532732,0.0,0.01,0.98,0.01,0.08072027127091033
39627752134938910,0.0,0.58,0.42,0.0,0.49072694751682683
39627752134938681,0.0,0.42,0.58,0.0,0.49072694751682683
39627776298320703,0.0,0.91,0.09,0.0,0.21823490853205144
39627770233360908,0.0,0.68,0.32,0.0,0.45219072886224687
39627764185175532,0.0,0.0,0.99,0.01,0.04039656794795559
39627764185175598,0.0,0.4,0.6,0.0,0.4854752972273343
39627752134938534,0.0,0.52,0.48,0.0,0.4994227679976009
39627752134938518,0.0,0.4,0.6,0.0,0.4854752972273343
39627752134938387,0.0,0.01,0.98,0.01,0.08072027127091033
39627752134938256,0.0,0.82,0.18,0.0,0.34003852286413994
39627752134938132,0.0,0.85,0.15,0.0,0.3049201523582002
39627752134936949,0.0,0.99,0.01,0.0,0.04039656794795559
39627788369532762,0.0,0.16,0.84,0.0,0.3171547773202831
39627770220774020,0.0,0.34,0.66,0.0,0.46240935248651505
39627752109772397,0.0,0.39,0.61,0.0,0.4823997742525436
39627788369532784,0.0,0.0,0.92,0.08,0.2010895951011364
39627746065781250,0.0,0.71,0.29,0.0,0.43436062316970225
39627788373725765,0.0,0.27,0.73,0.0,0.42073231810408784
39627764185172416,0.0,0.15,0.85,0.0,0.3049201523582002
39627764185172382,0.0,0.88,0.12,0.0,0.2646804326436822
39627764189366693,0.0,0.97,0.03,0.0,0.0971959289157881
39627764189366116,0.0,0.05,0.95,0.0,0.14319847855797813
39627758166348095,0.0,0.4,0.6,0.0,0.4854752972273343
39627764201948292,0.0,0.07,0.93,0.0,0.18296182545011158
39627752109773741,0.0,0.39,0.61,0.0,0.4823997742525436
39627764189366229,0.0,0.01,0.99,0.0,0.04039656794795559
39627752122357517,0.0,0.59,0.41,0.0,0.488250234378912
39627794379971349,0.0,0.62,0.38,0.0,0.47902101111314976
39627794388359675,0.0,0.61,0.39,0.0,0.4823997742525436
39627764185175230,0.0,0.26,0.74,0.0,0.4133731862463089
39627758166348351,0.0,0.06,0.94,0.0,0.16372245957723813
39627758166348327,0.0,0.49,0.51,0.0,0.49985572087640495
39627758170538126,0.0,0.49,0.51,0.0,0.49985572087640495
39627794379970578,0.0,0.01,0.99,0.0,0.04039656794795559
39627746078364216,0.0,0.94,0.06,0.0,0.16372245957723813
39627794396747031,0.0,0.39,0.61,0.0,0.4823997742525436
39627788340170451,0.0,0.05,0.95,0.0,0.14319847855797813
39627746078364567,0.0,0.95,0.05,0.0,0.14319847855797813
39627794384165217,0.0,0.82,0.18,0.0,0.34003852286413994
39627746090944806,0.0,0.68,0.32,0.0,0.45219072886224687
39627794388358866,0.0,0.29,0.71,0.0,0.43436062316970225
39627746086752061,0.0,0.68,0.32,0.0,0.45219072886224687
39627770245941909,0.0,0.65,0.35,0.0,0.4670340276877455
39627788369528073,0.0,0.28,0.72,0.0,0.4277254052800653
39627776268961352,0.0,0.33,0.67,0.0,0.4574631863898637
39627794379970685,0.0,0.64,0.36,0.0,0.4713415946277461
39627788344366459,0.0,0.12,0.88,0.0,0.2646804326436822
39627746069973880,0.0,0.49,0.51,0.0,0.49985572087640495
39627758166348524,0.0,0.98,0.02,0.0,0.07072027127091034
39627764193561758,0.0,1.0,0.0,0.0,-0.0
39627770216584419,0.0,0.13,0.87,0.0,0.2787190925139945
39627764185175234,0.0,0.01,0.99,0.0,0.04039656794795559
39627758136983846,0.0,0.48,0.52,0.0,0.4994227679976009
39627794379970532,0.0,0.55,0.45,0.0,0.49638722699390414
39627788335978327,0.0,0.28,0.72,0.0,0.4277254052800653
39627764185173023,0.0,0.0,1.0,0.0,-0.0
39627764185172870,0.0,0.88,0.12,0.0,0.2646804326436822
39627800444931337,0.0,0.77,0.23,0.0,0.38900565177326885
39627758153762172,0.0,0.88,0.12,0.0,0.2646804326436822
39627758153762201,0.0,0.03,0.96,0.01,0.13737165703039006
39627788335978313,0.0,0.54,0.46,0.0,0.49768921941011285
39627788335977059,0.0,0.15,0.85,0.0,0.3049201523582002
39627800444930491,0.0,0.01,0.89,0.1,0.27413031336294724
39627788335978330,0.0,0.01,0.99,0.0,0.04039656794795559
39627800444931037,0.0,0.0,0.56,0.44,0.4947937606110278
39627758153766622,0.0,0.13,0.87,0.0,0.2787190925139945
39627758153766753,0.0,0.03,0.97,0.0,0.0971959289157881
39627788335978063,0.0,0.08,0.92,0.0,0.2010895951011364
39627800444930459,0.0,0.03,0.97,0.0,0.0971959289157881
39627764172591118,0.0,0.09,0.91,0.0,0.21823490853205144
39627800419765912,0.0,0.99,0.01,0.0,0.04039656794795559
39627794388354455,0.0,0.79,0.21,0.0,0.37074136996563684
39627770220775963,0.0,0.0,0.93,0.07,0.18296182545011158
39627770224970581,0.0,0.03,0.97,0.0,0.0971959289157881
39627764193561322,0.0,0.0,1.0,0.0,-0.0
39627794405131420,0.0,1.0,0.0,0.0,-0.0
39627764218729757,0.01,0.99,0.0,0.0,0.04039656794795559
39627746082556709,0.0,0.13,0.87,0.0,0.2787190925139945
39627782312951856,0.0,0.01,0.99,0.0,0.04039656794795559
39627788352750326,0.0,0.99,0.01,0.0,0.04039656794795559
39627764197755776,0.0,0.96,0.04,0.0,0.12114609454120741
39627788369527581,0.0,0.37,0.63,0.0,0.47533604634353294
39627764189366840,0.0,0.85,0.15,0.0,0.3049201523582002
39627782312952103,0.0,0.36,0.64,0.0,0.4713415946277461
39627746061587431,0.0,0.71,0.29,0.0,0.43436062316970225
39627794413522959,0.0,0.06,0.94,0.0,0.16372245957723813
39627770254330959,0.0,0.32,0.68,0.0,0.45219072886224687
39627782312953033,0.0,0.57,0.43,0.0,0.4929075185894599
39627776277349598,0.0,0.57,0.43,0.0,0.4929075185894599
39627752130743906,0.0,0.59,0.41,0.0,0.488250234378912
39627758141181294,0.0,0.0,0.75,0.25,0.4056390622295664
39627800428152557,0.0,0.36,0.64,0.0,0.4713415946277461
39627770262717298,0.0,0.89,0.11,0.0,0.249957979082264
39627764185172182,0.0,0.47,0.53,0.0,0.4987007942838698
39627752130742099,0.0,0.25,0.75,0.0,0.4056390622295664
39627794413522267,0.0,1.0,0.0,0.0,-0.0
39627782338118535,0.0,0.62,0.38,0.0,0.47902101111314976
39627806472146913,0.0,0.6,0.4,0.0,0.4854752972273343
39627764189368605,0.0,0.5,0.5,0.0,0.5
39627764185172267,0.0,0.9,0.1,0.0,0.2344977967946406
39627752134937047,0.0,0.29,0.71,0.0,0.43436062316970225
39627758149569937,0.0,0.06,0.94,0.0,0.16372245957723813
39627764172589729,0.0,0.44,0.56,0.0,0.4947937606110278
39627746061584095,0.0,0.72,0.28,0.0,0.4277254052800653
39627776268963912,0.0,0.81,0.19,0.0,0.3507357299419487
39627806476338052,0.0,0.3,0.7,0.0,0.44064544961534635
39627806476338347,0.0,0.26,0.74,0.0,0.4133731862463089
39627812511945004,0.0,0.58,0.42,0.0,0.49072694751682683
39627758166347571,0.0,0.41,0.59,0.0,0.488250234378912
39627776285740148,0.0,0.03,0.96,0.01,0.13737165703039006
39627776285740081,0.0,0.15,0.85,0.0,0.3049201523582002
39627788356948611,0.0,0.79,0.21,0.0,0.37074136996563684
39627752130741376,0.0,0.31,0.69,0.0,0.4465867291889284
39627806472144945,0.0,0.63,0.37,0.0,0.47533604634353294
39627806480532867,0.0,0.7,0.3,0.0,0.44064544961534635
39627800440739122,0.0,0.16,0.83,0.01,0.3562867308783886
39627800440739311,0.01,0.94,0.05,0.0,0.1832231322266888
39627800444928111,0.0,1.0,0.0,0.0,-0.0
39627794409324727,0.0,0.27,0.73,0.0,0.42073231810408784
39627782312953405,0.0,0.92,0.08,0.0,0.2010895951011364
39627806472146842,0.0,0.33,0.67,0.0,0.4574631863898637
39627776294131018,0.0,0.38,0.62,0.0,0.47902101111314976
39627782312952471,0.0,0.21,0.79,0.0,0.37074136996563684
39627770233358738,0.0,0.3,0.7,0.0,0.44064544961534635
39627776289931584,0.0,0.08,0.92,0.0,0.2010895951011364
39627752101383179,0.0,1.0,0.0,0.0,-0.0
39627776268963460,0.0,0.19,0.81,0.0,0.3507357299419487
39627800444929598,0.0,0.05,0.95,0.0,0.14319847855797813
39627782312956561,0.0,0.93,0.07,0.0,0.18296182545011158
39627794379965014,0.0,0.73,0.27,0.0,0.42073231810408784
39627794375776708,0.0,1.0,0.0,0.0,-0.0
39627776273157687,0.0,0.15,0.85,0.0,0.3049201523582002
39627776273157644,0.0,0.26,0.74,0.0,0.4133731862463089
39627764189368027,0.0,0.24,0.76,0.0,0.39752013969226113
39627764218728403,0.0,0.05,0.95,0.0,0.14319847855797813
39627758178928816,0.0,0.97,0.03,0.0,0.0971959289157881
39627776268964975,0.0,0.18,0.79,0.03,0.4328670117167812
39627776260576956,0.0,0.08,0.92,0.0,0.2010895951011364
39627776260576881,0.0,0.04,0.96,0.0,0.12114609454120741
39627764193562506,0.0,0.27,0.73,0.0,0.42073231810408784
39627746069974584,0.0,0.53,0.47,0.0,0.4987007942838698
39627764206141503,0.0,0.08,0.92,0.0,0.2010895951011364
39627752130744074,0.0,0.1,0.9,0.0,0.2344977967946406
39627746090944962,0.0,0.42,0.58,0.0,0.49072694751682683
39627770258522484,0.0,0.04,0.96,0.0,0.12114609454120741
39627752113963052,0.0,0.21,0.79,0.0,0.37074136996563684
39627770216582366,0.0,0.0,0.97,0.03,0.0971959289157881
39627758141178083,0.0,0.05,0.95,0.0,0.14319847855797813
39627752122351969,0.0,0.22,0.78,0.0,0.38008375148098283
39627782308758439,0.0,0.83,0.17,0.0,0.32885238937210975
39627794400936015,0.0,0.77,0.23,0.0,0.38900565177326885
39627764197755787,0.0,0.0,1.0,0.0,-0.0
39627752105579581,0.0,0.26,0.74,0.0,0.4133731862463089
39627752105579482,0.0,0.08,0.92,0.0,0.2010895951011364
39627764189366297,0.0,0.75,0.25,0.0,0.4056390622295664
39627788365337785,0.0,0.55,0.45,0.0,0.49638722699390414
39627752101385221,0.0,0.39,0.61,0.0,0.4823997742525436
39627752130744250,0.0,0.85,0.15,0.0,0.3049201523582002
39627764193562328,0.0,0.53,0.47,0.0,0.4987007942838698
39627758141177908,0.0,0.79,0.21,0.0,0.37074136996563684
39627764206142172,0.0,0.94,0.06,0.0,0.16372245957723813
39627788369526872,0.0,0.24,0.76,0.0,0.39752013969226113
39627770258522582,0.0,0.59,0.41,0.0,0.488250234378912
39627746086748945,0.0,0.4,0.6,0.0,0.4854752972273343
39627746090943722,0.0,0.48,0.52,0.0,0.4994227679976009
39627746065777560,0.0,0.99,0.01,0.0,0.04039656794795559
39627782329729105,0.0,0.51,0.49,0.0,0.49985572087640495
39627782329729113,0.0,0.0,0.99,0.01,0.04039656794795559
39627782317150329,0.01,0.96,0.03,0.0,0.13737165703039006
39627746065780366,0.0,0.75,0.25,0.0,0.4056390622295664
39627746086748996,0.0,0.85,0.15,0.0,0.3049201523582002
39627746065780413,0.0,0.97,0.03,0.0,0.0971959289157881
39627782317149660,0.0,0.23,0.77,0.0,0.38900565177326885
39627794388354363,0.0,0.0,1.0,0.0,-0.0
39627782317149448,0.0,0.43,0.57,0.0,0.4929075185894599
39627800428153365,0.0,0.0,0.99,0.01,0.04039656794795559
39627782329732771,0.0,0.93,0.07,0.0,0.18296182545011158
39627794405135990,0.0,0.08,0.92,0.0,0.2010895951011364
39627788356947646,0.0,0.74,0.26,0.0,0.4133731862463089
39627770250136216,0.0,0.17,0.83,0.0,0.32885238937210975
39627788352753144,0.0,0.44,0.56,0.0,0.4947937606110278
39627770220774322,0.0,0.01,0.96,0.03,0.13737165703039006
39627770229167078,0.0,0.96,0.04,0.0,0.12114609454120741
39627764197753031,0.0,0.12,0.88,0.0,0.2646804326436822
39627746090943671,0.0,0.47,0.53,0.0,0.4987007942838698
39627770220774437,0.0,0.12,0.88,0.0,0.2646804326436822
39627764218728638,0.0,0.56,0.44,0.0,0.4947937606110278
39627770254329528,0.0,0.88,0.12,0.0,0.2646804326436822
39627776298322966,0.0,0.01,0.99,0.0,0.04039656794795559
39627746086750815,0.0,0.24,0.76,0.0,0.39752013969226113
39627800428152841,0.0,0.89,0.11,0.0,0.249957979082264
39627788356947670,0.0,0.03,0.97,0.0,0.0971959289157881
39627788365338384,0.0,0.8,0.2,0.0,0.36096404744368116
39627800428153065,0.0,0.75,0.25,0.0,0.4056390622295664
39627746065777718,0.0,0.36,0.64,0.0,0.4713415946277461
39627746082559900,0.0,0.14,0.86,0.0,0.292119405821428
39627746082559787,0.0,0.94,0.06,0.0,0.16372245957723813
39627746065777662,0.0,0.72,0.28,0.0,0.4277254052800653
39627746086751031,0.0,0.55,0.45,0.0,0.49638722699390414
39627770220775491,0.0,0.33,0.67,0.0,0.4574631863898637
39627782300370277,0.0,0.0,0.99,0.01,0.04039656794795559
39627782308762644,0.0,0.0,0.93,0.07,0.18296182545011158
39627770216580031,0.0,0.09,0.91,0.0,0.21823490853205144
39627782304563918,0.0,0.6,0.4,0.0,0.4854752972273343
39627752113966832,0.0,0.34,0.66,0.0,0.46240935248651505
39627782308762791,0.0,0.01,0.99,0.0,0.04039656794795559
39627770216580158,0.0,0.97,0.03,0.0,0.0971959289157881
39627800423960949,0.0,0.69,0.31,0.0,0.4465867291889284
39627746065780318,0.0,0.87,0.13,0.0,0.2787190925139945
39627794392551810,0.0,0.32,0.68,0.0,0.45219072886224687
39627764193561756,0.0,0.07,0.93,0.0,0.18296182545011158
39627794392551906,0.0,0.92,0.08,0.0,0.2010895951011364
39627788352753293,0.0,0.88,0.12,0.0,0.2646804326436822
39627746065780987,0.0,0.99,0.01,0.0,0.04039656794795559
39627746065780929,0.0,0.89,0.11,0.0,0.249957979082264
39627794388358957,0.0,0.74,0.26,0.0,0.4133731862463089
39627764176783087,0.0,0.37,0.63,0.0,0.47533604634353294
39627788377916572,0.0,1.0,0.0,0.0,-0.0
39627800428153208,0.0,0.97,0.03,0.0,0.0971959289157881
39627764218729831,0.0,0.12,0.88,0.0,0.2646804326436822
39627746090943515,0.0,0.3,0.7,0.0,0.44064544961534635
39627794379964882,0.0,0.98,0.02,0.0,0.07072027127091034
39627770245941807,0.0,0.79,0.21,0.0,0.37074136996563684
39627764206142129,0.0,0.27,0.73,0.0,0.42073231810408784
39627758170541823,0.0,0.16,0.84,0.0,0.3171547773202831
39627758170541984,0.0,0.42,0.58,0.0,0.49072694751682683
39627794379972069,0.0,0.01,0.99,0.0,0.04039656794795559
39627776285741626,0.0,0.99,0.01,0.0,0.04039656794795559
39627746061585271,0.0,0.0,0.93,0.07,0.18296182545011158
39627788377915595,0.0,0.0,0.96,0.04,0.12114609454120741
39627794413522287,0.0,0.03,0.97,0.0,0.0971959289157881
39627794413522258,0.0,0.9,0.1,0.0,0.2344977967946406
39627782329732511,0.0,0.0,0.97,0.03,0.0971959289157881
39627782329732608,0.0,0.48,0.52,0.0,0.4994227679976009
39627752126548187,0.0,0.0,1.0,0.0,-0.0
39627776294131029,0.0,0.23,0.77,0.0,0.38900565177326885
39627794413522701,0.0,0.06,0.94,0.0,0.16372245957723813
39627752101384582,0.0,0.0,0.9,0.1,0.2344977967946406
39627794413522557,0.0,0.85,0.15,0.0,0.3049201523582002
39627776281545662,0.0,0.4,0.6,0.0,0.4854752972273343
39627758170541253,0.0,0.02,0.95,0.03,0.1674722434193448
39627806480532586,0.0,0.44,0.56,0.0,0.4947937606110278
39627764189368376,0.0,0.5,0.5,0.0,0.5
39627788335977924,0.0,0.63,0.37,0.0,0.47533604634353294
39627788335977730,0.0,0.67,0.33,0.0,0.4574631863898637
39627788373725824,0.0,0.89,0.11,0.0,0.249957979082264
39627776294130945,0.0,0.0,0.95,0.05,0.14319847855797813
39627764172590059,0.0,0.79,0.21,0.0,0.37074136996563684
39627776281545715,0.0,1.0,0.0,0.0,-0.0
39627794384163503,0.0,0.87,0.13,0.0,0.2787190925139945
39627794409327064,0.0,0.76,0.24,0.0,0.39752013969226113
39627794384160835,0.0,0.77,0.23,0.0,0.38900565177326885
39627770216581496,0.0,0.67,0.33,0.0,0.4574631863898637
39627794409326651,0.21,0.79,0.0,0.0,0.37074136996563684
39627800432349420,0.0,0.65,0.35,0.0,0.4670340276877455
39627764193562305,0.0,0.95,0.05,0.0,0.14319847855797813
39627758157957347,0.0,0.0,0.78,0.22,0.38008375148098283
39627764189368977,0.0,0.07,0.93,0.0,0.18296182545011158
39627782329732635,0.0,0.72,0.28,0.0,0.4277254052800653
39627776268966001,0.0,0.12,0.88,0.0,0.2646804326436822
39627800419765636,0.0,0.62,0.38,0.0,0.47902101111314976
39627764189368987,0.0,0.14,0.86,0.0,0.292119405821428
39627782329732759,0.0,0.71,0.29,0.0,0.43436062316970225
39627788352755168,0.0,0.68,0.32,0.0,0.45219072886224687
39627764193562515,0.0,0.21,0.79,0.0,0.37074136996563684
39627776268965871,0.0,0.92,0.08,0.0,0.2010895951011364
39627770254332959,0.0,0.04,0.96,0.0,0.12114609454120741
39627758157959719,0.0,0.12,0.88,0.0,0.2646804326436822
39627758145377078,0.0,0.21,0.79,0.0,0.37074136996563684
39627800449123636,0.0,0.42,0.58,0.0,0.49072694751682683
39627770216580931,0.0,0.04,0.96,0.0,0.12114609454120741
39627764214533464,0.0,0.59,0.41,0.0,0.488250234378912
39627782329733245,0.0,0.65,0.35,0.0,0.4670340276877455
39627758174736207,0.0,0.63,0.37,0.0,0.47533604634353294
39627800432350565,0.0,0.39,0.61,0.0,0.4823997742525436
39627752126549099,0.0,0.95,0.05,0.0,0.14319847855797813
39627752126549207,0.0,0.21,0.79,0.0,0.37074136996563684
39627782308759515,0.0,0.93,0.07,0.0,0.18296182545011158
39627752126548922,0.0,0.01,0.99,0.0,0.04039656794795559
39627794413521007,0.01,0.94,0.05,0.0,0.1832231322266888
39627794413520992,0.0,0.67,0.33,0.0,0.4574631863898637
39627776289935428,0.0,0.44,0.56,0.0,0.4947937606110278
39627800432349691,0.0,0.01,0.98,0.01,0.08072027127091033
39627770216581100,0.0,0.88,0.12,0.0,0.2646804326436822
39627770216581076,0.0,0.02,0.98,0.0,0.07072027127091034
39627758153763730,0.0,0.01,0.98,0.01,0.08072027127091033
39627758145375923,0.0,0.06,0.94,0.0,0.16372245957723813
39627758145375815,0.0,0.37,0.63,0.0,0.47533604634353294
39627746086752161,0.0,0.12,0.88,0.0,0.2646804326436822
39627788356944913,0.0,0.57,0.43,0.0,0.4929075185894599
39627788356945009,0.0,0.35,0.65,0.0,0.4670340276877455
39627758141181120,0.0,0.55,0.45,0.0,0.49638722699390414
39627770216581152,0.0,0.08,0.92,0.0,0.2010895951011364
39627788356945095,0.0,0.28,0.72,0.0,0.4277254052800653
39627788344363834,0.0,0.64,0.36,0.0,0.4713415946277461
39627746086749074,0.0,0.04,0.96,0.0,0.12114609454120741
39627770216581159,0.0,0.27,0.73,0.0,0.42073231810408784
39627752130744592,0.0,0.2,0.8,0.0,0.36096404744368116
39627770216580544,0.0,0.34,0.66,0.0,0.46240935248651505
39627794400937213,0.02,0.95,0.03,0.0,0.1674722434193448
39627764210337352,0.0,0.18,0.82,0.0,0.34003852286413994
39627776268960883,0.0,0.66,0.34,0.0,0.46240935248651505
39627800449124211,0.0,0.55,0.45,0.0,0.49638722699390414
39627764189367806,0.0,0.73,0.27,0.0,0.42073231810408784
39627770258523748,0.0,0.25,0.75,0.0,0.4056390622295664
39627770258523014,0.0,0.32,0.68,0.0,0.45219072886224687
39627800423957868,0.0,0.89,0.11,0.0,0.249957979082264
39627758145376770,0.0,0.29,0.71,0.0,0.43436062316970225
39627788356944810,0.0,0.33,0.67,0.0,0.4574631863898637
39627800449123760,0.0,0.35,0.65,0.0,0.4670340276877455
39627800449124074,0.0,0.42,0.58,0.0,0.49072694751682683
39627800432349346,0.0,0.83,0.17,0.0,0.32885238937210975
39627770216580692,0.0,0.56,0.44,0.0,0.4947937606110278
39627764180976819,0.0,0.01,0.99,0.0,0.04039656794795559
39627770216580642,0.0,1.0,0.0,0.0,-0.0
39627758145376950,0.0,0.66,0.34,0.0,0.46240935248651505
39627782291984409,0.0,0.79,0.21,0.0,0.37074136996563684
39627770216580628,0.0,0.92,0.08,0.0,0.2010895951011364
39627788373723112,0.0,0.49,0.51,0.0,0.49985572087640495
39627800449123875,0.0,0.28,0.72,0.0,0.4277254052800653
39627770216580882,0.0,0.07,0.93,0.0,0.18296182545011158
39627770212390864,0.0,0.8,0.2,0.0,0.36096404744368116
39627770250138271,0.0,0.12,0.88,0.0,0.2646804326436822
39627770254328180,0.0,0.55,0.45,0.0,0.49638722699390414
39627764189369752,0.0,0.93,0.07,0.0,0.18296182545011158
39627770224973304,0.0,0.71,0.29,0.0,0.43436062316970225
39627746069974936,0.0,0.05,0.95,0.0,0.14319847855797813
39627770224973504,0.0,0.11,0.89,0.0,0.249957979082264
39627764206142322,0.0,0.49,0.51,0.0,0.49985572087640495
39627782329731904,0.0,0.8,0.2,0.0,0.36096404744368116
39627770245940500,0.0,0.99,0.01,0.0,0.04039656794795559
39627776268964375,0.0,0.44,0.56,0.0,0.4947937606110278
39627770254331245,0.0,0.0,0.9,0.1,0.2344977967946406
39627782291984473,0.0,0.72,0.28,0.0,0.4277254052800653
39627746061587251,0.0,0.29,0.71,0.0,0.43436062316970225
39627776285737308,0.0,0.68,0.32,0.0,0.45219072886224687
39627770212387857,0.0,0.32,0.68,0.0,0.45219072886224687
39627776252187885,0.0,0.09,0.91,0.0,0.21823490853205144
39627776264771251,0.0,0.21,0.79,0.0,0.37074136996563684
39627770212387746,0.0,0.03,0.97,0.0,0.0971959289157881
39627746065777411,0.0,0.71,0.29,0.0,0.43436062316970225
39627776264771214,0.0,0.2,0.8,0.0,0.36096404744368116
39627740038563230,0.0,0.54,0.46,0.0,0.49768921941011285
39627806476338008,0.0,0.86,0.14,0.0,0.292119405821428
39627782308757723,0.0,0.6,0.4,0.0,0.4854752972273343
39627782308757644,0.0,0.39,0.61,0.0,0.4823997742525436
39627800440736947,0.0,0.89,0.11,0.0,0.249957979082264
39627758153764347,0.0,0.51,0.49,0.0,0.49985572087640495
39627782304570624,0.0,0.36,0.64,0.0,0.4713415946277461
39627794384163235,0.0,0.02,0.98,0.0,0.07072027127091034
39627788340172675,0.0,0.25,0.75,0.0,0.4056390622295664
39627782308757982,0.0,0.14,0.86,0.0,0.292119405821428
39627740038561947,0.0,0.51,0.49,0.0,0.49985572087640495
39627758153764575,0.0,0.73,0.27,0.0,0.42073231810408784
39627800436544500,0.0,0.11,0.89,0.0,0.249957979082264
39627776260575734,0.0,0.47,0.53,0.0,0.4987007942838698
39627758153764832,0.0,0.22,0.78,0.0,0.38008375148098283
39627764189368224,0.02,0.98,0.0,0.0,0.07072027127091034
39627776252188453,0.0,0.57,0.43,0.0,0.4929075185894599
39627764197757426,0.0,0.92,0.08,0.0,0.2010895951011364
39627782333924359,0.0,0.73,0.27,0.0,0.42073231810408784
39627776264771721,0.0,0.42,0.58,0.0,0.49072694751682683
39627776294130153,0.0,0.92,0.08,0.0,0.2010895951011364
39627746082558928,0.0,0.57,0.43,0.0,0.4929075185894599
39627746082558978,0.0,0.86,0.14,0.0,0.292119405821428
39627794384160939,0.0,0.48,0.52,0.0,0.4994227679976009
39627800419765655,0.0,0.31,0.69,0.0,0.4465867291889284
39627758132794603,0.02,0.98,0.0,0.0,0.07072027127091034
39627758132794734,0.0,0.39,0.61,0.0,0.4823997742525436
39627752101381902,0.0,0.66,0.34,0.0,0.46240935248651505
39627788377915770,0.0,0.22,0.78,0.0,0.38008375148098283
39627746078364150,0.0,0.0,0.98,0.02,0.07072027127091034
39627752101381742,0.01,0.87,0.12,0.0,0.30414992414989617
39627788335972467,0.0,0.1,0.85,0.05,0.373792339912287
39627758166346179,0.0,0.48,0.52,0.0,0.4994227679976009
39627770229166768,0.0,0.12,0.88,0.0,0.2646804326436822
39627788348559417,0.0,0.43,0.57,0.0,0.4929075185894599
39627752134935405,0.0,0.96,0.04,0.0,0.12114609454120741
39627788335977404,0.0,0.87,0.13,0.0,0.2787190925139945
39627770258524158,0.0,0.29,0.71,0.0,0.43436062316970225
39627758141180279,0.0,0.0,0.99,0.01,0.04039656794795559
39627740038562075,0.0,0.43,0.57,0.0,0.4929075185894599
39627788335978201,0.0,0.65,0.35,0.0,0.4670340276877455
39627770258522818,0.0,0.03,0.97,0.0,0.0971959289157881
39627776289934865,0.01,0.98,0.01,0.0,0.08072027127091033
39627776260574644,0.0,0.05,0.94,0.01,0.1832231322266888
39627776281546473,0.0,0.62,0.38,0.0,0.47902101111314976
39627800428152530,0.0,0.91,0.09,0.0,0.21823490853205144
39627776281546080,0.0,0.99,0.01,0.0,0.04039656794795559
39627776264770900,0.0,0.53,0.47,0.0,0.4987007942838698
39627794384160743,0.0,0.55,0.45,0.0,0.49638722699390414
39627758149569892,0.0,0.06,0.94,0.0,0.16372245957723813
39627800432346980,0.01,0.85,0.14,0.0,0.33142210248480686
39627776252184317,0.0,0.64,0.36,0.0,0.4713415946277461
39627788335972489,0.05,0.94,0.01,0.0,0.1832231322266888
39627806463757458,0.0,0.42,0.58,0.0,0.49072694751682683
39627788335972749,0.0,0.47,0.53,0.0,0.4987007942838698
39627794409325771,0.0,0.17,0.83,0.0,0.32885238937210975
39627764189368604,0.0,0.18,0.82,0.0,0.34003852286413994
39627776268965677,0.0,0.48,0.52,0.0,0.4994227679976009
39627782329730039,0.0,0.77,0.23,0.0,0.38900565177326885
39627782329732649,0.0,0.9,0.1,0.0,0.2344977967946406
39627770250135656,0.0,0.3,0.7,0.0,0.44064544961534635
39627764176785764,0.0,0.23,0.77,0.0,0.38900565177326885
39627800419766095,0.0,0.47,0.53,0.0,0.4987007942838698
39627764176785735,0.0,0.0,1.0,0.0,-0.0
39627788356948990,0.0,0.99,0.01,0.0,0.04039656794795559
39627746065779587,0.0,0.07,0.93,0.0,0.18296182545011158
39627746078364948,0.0,0.01,0.98,0.01,0.08072027127091033
39627782308760632,0.0,0.12,0.87,0.01,0.30414992414989617
39627764180976914,0.0,0.56,0.44,0.0,0.4947937606110278
39627776268965718,0.0,0.84,0.16,0.0,0.3171547773202831
39627782308760853,0.0,0.84,0.16,0.0,0.3171547773202831
39627782308759426,0.0,0.06,0.94,0.0,0.16372245957723813
39627770258522971,0.0,0.78,0.22,0.0,0.38008375148098283
39627794396747179,0.0,0.13,0.87,0.0,0.2787190925139945
39627770229167287,0.0,0.91,0.09,0.0,0.21823490853205144
39627770229167079,0.0,0.32,0.68,0.0,0.45219072886224687
39627770258522999,0.0,0.14,0.86,0.0,0.292119405821428
39627764206142111,0.0,0.29,0.71,0.0,0.43436062316970225
39627764206142074,0.0,0.98,0.02,0.0,0.07072027127091034
39627770224973854,0.0,0.22,0.78,0.0,0.38008375148098283
39627782312954842,0.0,0.34,0.66,0.0,0.46240935248651505
39627782312955111,0.0,0.69,0.31,0.0,0.4465867291889284
39627782333925754,0.0,0.69,0.31,0.0,0.4465867291889284
39627740034369855,0.0,0.95,0.05,0.0,0.14319847855797813
39627800436540359,0.0,0.36,0.64,0.0,0.4713415946277461
39627800440737340,0.0,0.5,0.5,0.0,0.5
39627764176783284,0.0,0.05,0.95,0.0,0.14319847855797813
39627788356948760,0.0,0.94,0.06,0.0,0.16372245957723813
39627794392551113,0.0,0.39,0.61,0.0,0.4823997742525436
39627758170542009,0.0,0.5,0.5,0.0,0.5
39627758170542118,0.0,0.42,0.58,0.0,0.49072694751682683
39627746090943867,0.0,0.44,0.56,0.0,0.4947937606110278
39627746090944489,0.0,0.95,0.05,0.0,0.14319847855797813
39627746082559126,0.0,0.34,0.66,0.0,0.46240935248651505
39627770237552210,0.0,0.96,0.04,0.0,0.12114609454120741
39627770237552314,0.0,0.17,0.83,0.0,0.32885238937210975
39627788377918103,0.0,0.82,0.18,0.0,0.34003852286413994
39627782317147712,0.0,0.71,0.29,0.0,0.43436062316970225
39627746095140251,0.0,0.77,0.23,0.0,0.38900565177326885
39627782317147408,0.0,0.48,0.52,0.0,0.4994227679976009
39627788340173259,0.0,0.1,0.9,0.0,0.2344977967946406
39627782312955882,0.0,0.01,0.99,0.0,0.04039656794795559
39627794405136063,0.0,0.46,0.54,0.0,0.49768921941011285
39627794405135370,0.0,0.13,0.87,0.0,0.2787190925139945
39627752118163338,0.0,0.29,0.71,0.0,0.43436062316970225
39627758178926696,0.0,0.68,0.32,0.0,0.45219072886224687
39627794409324569,0.0,0.85,0.15,0.0,0.3049201523582002
39627782304568907,0.01,0.85,0.14,0.0,0.33142210248480686
39627794405136290,0.0,0.94,0.06,0.0,0.16372245957723813
39627788340173257,0.0,0.04,0.95,0.01,0.16124668093016215
39627794405136209,0.0,1.0,0.0,0.0,-0.0
39627794405136339,0.0,0.75,0.25,0.0,0.4056390622295664
39627764176781635,0.0,0.14,0.86,0.0,0.292119405821428
39627782312951975,0.0,0.17,0.83,0.0,0.32885238937210975
39627764210340952,0.0,0.18,0.82,0.0,0.34003852286413994
39627764172592052,0.0,0.02,0.98,0.0,0.07072027127091034
39627800449123942,0.0,0.94,0.06,0.0,0.16372245957723813
39627794405132664,0.0,0.02,0.98,0.0,0.07072027127091034
39627800449123909,0.0,0.02,0.98,0.0,0.07072027127091034
39627800449124292,0.0,0.12,0.88,0.0,0.2646804326436822
39627800449123732,0.0,0.92,0.08,0.0,0.2010895951011364
39627764185171355,0.0,0.01,0.99,0.0,0.04039656794795559
39627746090947319,0.0,0.97,0.03,0.0,0.0971959289157881
39627764210341106,0.0,0.69,0.31,0.0,0.4465867291889284
39627800449123492,0.0,0.0,0.98,0.02,0.07072027127091034
39627752118161287,0.0,0.73,0.27,0.0,0.42073231810408784
39627752122357900,0.0,0.36,0.64,0.0,0.4713415946277461
39627770220773994,0.0,0.01,0.98,0.01,0.08072027127091033
39627752118161213,0.0,0.0,1.0,0.0,-0.0
39627776256381624,0.0,0.26,0.74,0.0,0.4133731862463089
39627770220773990,0.0,0.45,0.55,0.0,0.49638722699390414
39627758174737727,0.0,1.0,0.0,0.0,-0.0
39627800449123510,0.0,0.01,0.97,0.02,0.11097036642660543
39627776289935341,0.0,0.42,0.58,0.0,0.49072694751682683
39627752134937696,0.0,0.4,0.6,0.0,0.4854752972273343
39627752118161891,0.0,0.41,0.59,0.0,0.488250234378912
39627764214531560,0.0,0.21,0.79,0.0,0.37074136996563684
39627764176782155,0.0,0.77,0.23,0.0,0.38900565177326885
39627782300374307,0.0,0.78,0.22,0.0,0.38008375148098283
39627776256377386,0.0,0.27,0.73,0.0,0.42073231810408784
39627764214532424,0.0,0.49,0.51,0.0,0.49985572087640495
39627764218727586,0.0,0.18,0.82,0.0,0.34003852286413994
39627770262716839,0.0,0.91,0.09,0.0,0.21823490853205144
39627746090947567,0.0,0.9,0.1,0.0,0.2344977967946406
39627758141179088,0.0,0.49,0.51,0.0,0.49985572087640495
39627770220773825,0.0,0.07,0.93,0.0,0.18296182545011158
39627758178926883,0.0,0.47,0.53,0.0,0.4987007942838698
39627776256383014,0.0,0.13,0.87,0.0,0.2787190925139945
39627776289934987,0.0,0.87,0.13,0.0,0.2787190925139945
39627782312955259,0.0,0.0,1.0,0.0,-0.0
39627776289935403,0.0,0.79,0.21,0.0,0.37074136996563684
39627758141180149,0.0,0.76,0.24,0.0,0.39752013969226113
39627764176781949,0.0,0.02,0.98,0.0,0.07072027127091034
39627758162151214,0.0,1.0,0.0,0.0,-0.0
39627794396743331,0.0,0.79,0.21,0.0,0.37074136996563684
39627758141178881,0.0,0.27,0.73,0.0,0.42073231810408784
39627776273155790,0.0,0.02,0.98,0.0,0.07072027127091034
39627782312955697,0.0,0.24,0.76,0.0,0.39752013969226113
39627764180979959,0.0,0.38,0.62,0.0,0.47902101111314976
39627782312955423,0.0,0.0,0.92,0.08,0.2010895951011364
39627764176781972,0.0,0.68,0.32,0.0,0.45219072886224687
39627776252189202,0.0,0.03,0.97,0.0,0.0971959289157881
39627758145376402,0.0,0.49,0.51,0.0,0.49985572087640495
39627794384165251,0.0,0.46,0.54,0.0,0.49768921941011285
39627800432349522,0.0,0.31,0.69,0.0,0.4465867291889284
39627776256380687,0.0,0.16,0.84,0.0,0.3171547773202831
39627746086754136,0.0,0.34,0.66,0.0,0.46240935248651505
39627794388354751,0.0,0.66,0.34,0.0,0.46240935248651505
39627746078360828,0.0,0.0,1.0,0.0,-0.0
39627788335978962,0.0,0.65,0.35,0.0,0.4670340276877455
39627776256380492,0.0,0.44,0.56,0.0,0.4947937606110278
39627782296174975,0.0,0.01,0.97,0.02,0.11097036642660543
39627782296175543,0.0,0.48,0.52,0.0,0.4994227679976009
39627758145376745,0.0,0.48,0.52,0.0,0.4994227679976009
39627740034369093,0.0,0.0,0.76,0.24,0.39752013969226113
39627770224974369,0.0,0.05,0.95,0.0,0.14319847855797813
39627776252189134,0.0,0.68,0.32,0.0,0.45219072886224687
39627788344362787,0.0,0.34,0.66,0.0,0.46240935248651505
39627782296179060,0.0,0.13,0.87,0.0,0.2787190925139945
39627770216580575,0.0,0.05,0.94,0.01,0.1832231322266888
39627800432346513,0.0,0.5,0.5,0.0,0.5
39627764197756542,0.0,0.0,1.0,0.0,-0.0
39627752118161438,0.0,0.12,0.88,0.0,0.2646804326436822
39627776260572034,0.0,0.2,0.8,0.0,0.36096404744368116
39627752126549692,0.0,0.64,0.36,0.0,0.4713415946277461
39627776260572020,0.0,0.28,0.72,0.0,0.4277254052800653
39627776260571941,0.0,0.07,0.93,0.0,0.18296182545011158
39627800432346905,0.0,0.45,0.55,0.0,0.49638722699390414
39627776260571580,0.0,0.73,0.27,0.0,0.42073231810408784
39627776260571470,0.0,0.01,0.98,0.01,0.08072027127091033
39627794384162975,0.0,0.9,0.1,0.0,0.2344977967946406
39627770216580475,0.0,0.98,0.02,0.0,0.07072027127091034
39627782312953307,0.0,0.62,0.38,0.0,0.47902101111314976
39627788344362303,0.0,0.76,0.24,0.0,0.39752013969226113
39627764197756125,0.0,0.29,0.71,0.0,0.43436062316970225
39627794379970928,0.0,1.0,0.0,0.0,-0.0
39627764218724601,0.0,0.52,0.48,0.0,0.4994227679976009
39627770229162830,0.0,0.02,0.94,0.04,0.1912713345988728
39627788361144204,0.0,0.78,0.22,0.0,0.38008375148098283
39627788361144282,0.0,0.86,0.14,0.0,0.292119405821428
39627788365332597,0.0,0.69,0.31,0.0,0.4465867291889284
39627776264767886,0.0,0.49,0.51,0.0,0.49985572087640495
39627746074170322,0.0,0.01,0.9,0.09,0.2579475764741046
39627782308764132,0.0,0.08,0.92,0.0,0.2010895951011364
39627782308764286,0.0,0.0,0.99,0.01,0.04039656794795559
39627770229163061,0.0,0.07,0.93,0.0,0.18296182545011158
39627776264766648,0.0,0.78,0.22,0.0,0.38008375148098283
39627764214533753,0.02,0.98,0.0,0.0,0.07072027127091034
39627770229162478,0.0,0.28,0.72,0.0,0.4277254052800653
39627752118158189,0.0,0.0,0.93,0.07,0.18296182545011158
39627782312951978,0.0,0.85,0.15,0.0,0.3049201523582002
39627794379970892,0.0,0.07,0.93,0.0,0.18296182545011158
39627758149571619,0.0,0.98,0.02,0.0,0.07072027127091034
39627770216580775,0.0,0.42,0.58,0.0,0.49072694751682683
39627788356947429,0.0,0.93,0.07,0.0,0.18296182545011158
39627770258524333,0.0,0.69,0.31,0.0,0.4465867291889284
39627800432347137,0.0,0.32,0.68,0.0,0.45219072886224687
39627770229162386,0.0,0.02,0.98,0.0,0.07072027127091034
39627752118161686,0.0,0.92,0.08,0.0,0.2010895951011364
39627782300370225,0.0,0.47,0.52,0.01,0.5344853880264336
39627776256382133,0.0,0.02,0.98,0.0,0.07072027127091034
39627788344362880,0.0,0.69,0.31,0.0,0.4465867291889284
39627794388360297,0.0,0.62,0.38,0.0,0.47902101111314976
39627788344363012,0.0,0.3,0.7,0.0,0.44064544961534635
39627770216580966,0.0,0.56,0.44,0.0,0.4947937606110278
39627746078360183,0.0,0.16,0.84,0.0,0.3171547773202831
39627782300368961,0.0,0.13,0.87,0.0,0.2787190925139945
39627770229162210,0.0,0.05,0.95,0.0,0.14319847855797813
39627776268963822,0.0,0.6,0.4,0.0,0.4854752972273343
39627746082559747,0.0,0.23,0.77,0.0,0.38900565177326885
39627770254330328,0.0,0.72,0.28,0.0,0.4277254052800653
39627770229162174,0.0,0.38,0.62,0.0,0.47902101111314976
39627800432347590,0.0,1.0,0.0,0.0,-0.0
39627746078361133,0.0,0.79,0.21,0.0,0.37074136996563684
39627746069971038,0.0,0.08,0.92,0.0,0.2010895951011364
39627782296179412,0.0,0.18,0.82,0.0,0.34003852286413994
39627800432347873,0.0,0.23,0.77,0.0,0.38900565177326885
39627782300370322,0.0,0.59,0.41,0.0,0.488250234378912
39627764201951105,0.0,0.52,0.48,0.0,0.4994227679976009
39627764201951115,0.0,0.83,0.17,0.0,0.32885238937210975
39627800432347150,0.0,0.25,0.75,0.0,0.4056390622295664
39627758136985006,0.0,0.0,0.95,0.05,0.14319847855797813
39627800432347254,0.0,0.41,0.59,0.0,0.488250234378912
39627764206143602,0.0,0.73,0.27,0.0,0.42073231810408784
39627776256383390,0.0,0.89,0.11,0.0,0.249957979082264
39627758136984877,0.0,0.5,0.5,0.0,0.5
39627800432347337,0.0,0.9,0.1,0.0,0.2344977967946406
39627776256383130,0.0,0.14,0.86,0.0,0.292119405821428
39627764197756983,0.0,0.09,0.91,0.0,0.21823490853205144
39627758149566853,0.0,0.68,0.32,0.0,0.45219072886224687
39627752126549594,0.0,0.01,0.99,0.0,0.04039656794795559
39627782308762384,0.0,0.32,0.68,0.0,0.45219072886224687
39627770229162398,0.0,0.48,0.52,0.0,0.4994227679976009
39627782312955460,0.0,0.01,0.99,0.0,0.04039656794795559
39627752118161718,0.0,0.97,0.03,0.0,0.0971959289157881
39627788356947001,0.0,0.24,0.76,0.0,0.39752013969226113
39627746082557653,0.0,0.52,0.48,0.0,0.4994227679976009
39627770229162806,0.0,0.01,0.99,0.0,0.04039656794795559
39627800432347348,0.0,0.18,0.82,0.0,0.34003852286413994
39627776256383048,0.0,0.69,0.31,0.0,0.4465867291889284
39627740034368640,0.0,0.0,0.84,0.16,0.3171547773202831
39627800444928894,0.0,0.53,0.47,0.0,0.4987007942838698
39627758162154789,0.0,0.7,0.3,0.0,0.44064544961534635
39627770233359911,0.0,0.45,0.55,0.0,0.49638722699390414
39627758162154837,0.0,0.77,0.23,0.0,0.38900565177326885
39627794405130306,0.0,0.56,0.44,0.0,0.4947937606110278
39627740038563395,0.02,0.98,0.0,0.0,0.07072027127091034
39627758166343821,0.0,0.03,0.97,0.0,0.0971959289157881
39627770220774658,0.0,0.21,0.79,0.0,0.37074136996563684
39627770233359629,0.0,0.0,0.95,0.05,0.14319847855797813
39627788348557379,0.0,0.36,0.64,0.0,0.4713415946277461
39627764176786501,0.0,0.16,0.84,0.0,0.3171547773202831
39627770233360073,0.0,0.95,0.05,0.0,0.14319847855797813
39627764176781740,0.0,0.02,0.98,0.0,0.07072027127091034
39627764176781591,0.0,0.35,0.65,0.0,0.4670340276877455
39627764172592591,0.0,0.25,0.75,0.0,0.4056390622295664
39627776294128193,0.0,0.35,0.65,0.0,0.4670340276877455
39627758162149955,0.0,0.26,0.74,0.0,0.4133731862463089
39627776294128406,0.0,0.87,0.13,0.0,0.2787190925139945
39627788348557472,0.0,0.25,0.75,0.0,0.4056390622295664
39627758157960976,0.0,0.39,0.61,0.0,0.4823997742525436
39627758166343932,0.0,0.04,0.96,0.0,0.12114609454120741
39627758166346516,0.0,0.09,0.91,0.0,0.21823490853205144
39627782333929381,0.0,0.23,0.77,0.0,0.38900565177326885
39627794405134464,0.0,0.01,0.99,0.0,0.04039656794795559
39627758166344688,0.0,0.48,0.52,0.0,0.4994227679976009
39627758166344443,0.0,0.46,0.54,0.0,0.49768921941011285
39627788348561056,0.0,0.82,0.18,0.0,0.34003852286413994
39627758166344437,0.0,0.02,0.94,0.04,0.1912713345988728
39627800444931598,0.0,0.9,0.1,0.0,0.2344977967946406
39627740042757119,0.0,0.76,0.24,0.0,0.39752013969226113
39627794405134280,0.0,0.46,0.54,0.0,0.49768921941011285
39627770216583347,0.0,0.18,0.82,0.0,0.34003852286413994
39627794405134361,0.0,0.89,0.11,0.0,0.249957979082264
39627800440735293,0.0,0.91,0.09,0.0,0.21823490853205144
39627800440734617,0.0,0.09,0.91,0.0,0.21823490853205144
39627764180976794,0.0,0.0,0.94,0.06,0.16372245957723813
39627764180976584,0.0,0.7,0.3,0.0,0.44064544961534635
39627764189364355,0.0,0.55,0.45,0.0,0.49638722699390414
39627758166344944,0.0,0.0,0.96,0.04,0.12114609454120741
39627794405130491,0.0,0.09,0.91,0.0,0.21823490853205144
39627770216583651,0.0,0.9,0.1,0.0,0.2344977967946406
39627782333924272,0.0,0.92,0.08,0.0,0.2010895951011364
39627764180976568,0.0,0.11,0.89,0.0,0.249957979082264
39627794392548483,0.0,0.73,0.27,0.0,0.42073231810408784
39627758166344765,0.0,0.03,0.97,0.0,0.0971959289157881
39627782333924767,0.0,0.69,0.31,0.0,0.4465867291889284
39627740038565545,0.0,0.11,0.89,0.0,0.249957979082264
39627800444932342,0.0,0.8,0.2,0.0,0.36096404744368116
39627776289935582,0.0,0.98,0.02,0.0,0.07072027127091034
39627764176785982,0.0,0.81,0.19,0.0,0.3507357299419487
39627788369530330,0.0,0.82,0.18,0.0,0.34003852286413994
39627764176782691,0.0,0.49,0.51,0.0,0.49985572087640495
39627740038566304,0.0,0.83,0.17,0.0,0.32885238937210975
39627800440736890,0.0,0.28,0.72,0.0,0.4277254052800653
39627776289935535,0.0,0.31,0.69,0.0,0.4465867291889284
39627740038567752,0.0,0.55,0.45,0.0,0.49638722699390414
39627764189369899,0.0,0.76,0.24,0.0,0.39752013969226113
39627800440736765,0.0,0.98,0.02,0.0,0.07072027127091034
39627764176784638,0.0,0.21,0.78,0.01,0.4094279001393156
39627782308759445,0.0,0.43,0.57,0.0,0.4929075185894599
39627794405136113,0.0,0.98,0.02,0.0,0.07072027127091034
39627752122354355,0.0,0.41,0.59,0.0,0.488250234378912
39627746069971500,0.0,0.26,0.74,0.0,0.4133731862463089
39627788373724811,0.0,0.07,0.93,0.0,0.18296182545011158
39627770233360312,0.0,0.0,0.49,0.51,0.49985572087640495
39627752122354231,0.0,0.55,0.45,0.0,0.49638722699390414
39627752122352749,0.0,0.51,0.49,0.0,0.49985572087640495
39627776252187964,0.0,0.03,0.97,0.0,0.0971959289157881
39627800419767473,0.0,0.61,0.39,0.0,0.4823997742525436
39627758149567285,0.0,0.83,0.17,0.0,0.32885238937210975
39627788340172847,0.0,0.69,0.31,0.0,0.4465867291889284
39627800440735332,0.0,0.78,0.22,0.0,0.38008375148098283
39627758136986671,0.0,0.0,0.69,0.31,0.4465867291889284
39627794405136048,0.0,0.03,0.97,0.0,0.0971959289157881
39627770254328925,0.0,0.07,0.93,0.0,0.18296182545011158
39627770254328634,0.0,0.51,0.49,0.0,0.49985572087640495
39627758136986790,0.01,0.99,0.0,0.0,0.04039656794795559
39627800428154426,0.0,0.35,0.65,0.0,0.4670340276877455
39627752130742729,0.0,0.47,0.53,0.0,0.4987007942838698
39627800444930607,0.0,0.18,0.81,0.01,0.37899559358928114
39627782312954463,0.0,0.19,0.81,0.0,0.3507357299419487
39627788356946668,0.0,0.18,0.82,0.0,0.34003852286413994
39627770233360352,0.0,0.0,0.46,0.54,0.49768921941011285
39627794405135059,0.0,0.29,0.71,0.0,0.43436062316970225
39627806467951268,0.0,0.17,0.83,0.0,0.32885238937210975
39627764185170666,0.0,0.04,0.96,0.0,0.12114609454120741
39627752109771205,0.0,0.63,0.37,0.0,0.47533604634353294
39627794405134103,0.0,0.0,0.99,0.01,0.04039656794795559
39627752122353660,0.0,0.12,0.88,0.0,0.2646804326436822
39627782312954468,0.0,0.04,0.96,0.0,0.12114609454120741
39627776252187383,0.0,0.62,0.38,0.0,0.47902101111314976
39627752109771562,0.0,0.43,0.57,0.0,0.4929075185894599
39627764189370257,0.0,0.45,0.55,0.0,0.49638722699390414
39627752122354029,0.0,0.12,0.87,0.01,0.30414992414989617
39627794405133974,0.0,0.24,0.76,0.0,0.39752013969226113
39627782317146615,0.0,0.91,0.09,0.0,0.21823490853205144
39627782333928780,0.0,0.27,0.73,0.0,0.42073231810408784
39627788365334787,0.0,0.04,0.96,0.0,0.12114609454120741
39627764185176133,0.0,0.45,0.55,0.0,0.49638722699390414
39627788373725549,0.0,0.79,0.21,0.0,0.37074136996563684
39627746095137396,0.0,0.62,0.38,0.0,0.47902101111314976
39627776273158751,0.0,0.64,0.36,0.0,0.4713415946277461
39627764218725901,0.0,0.85,0.15,0.0,0.3049201523582002
39627746095138586,0.0,0.95,0.05,0.0,0.14319847855797813
39627752134938167,0.0,0.48,0.52,0.0,0.4994227679976009
39627776256381852,0.0,0.41,0.59,0.0,0.488250234378912
39627752139129728,0.0,0.99,0.01,0.0,0.04039656794795559
39627752130742045,0.0,0.77,0.23,0.0,0.38900565177326885
39627788356946536,0.0,0.0,0.95,0.05,0.14319847855797813
39627752122356944,0.0,0.28,0.72,0.0,0.4277254052800653
39627788348560957,0.0,0.27,0.73,0.0,0.42073231810408784
39627746069972516,0.0,0.0,1.0,0.0,-0.0
39627788348561425,0.0,0.05,0.95,0.0,0.14319847855797813
39627782338117774,0.0,0.35,0.65,0.0,0.4670340276877455
39627764210339697,0.0,0.0,1.0,0.0,-0.0
39627752130740954,0.0,0.09,0.91,0.0,0.21823490853205144
39627782308762786,0.0,0.11,0.89,0.0,0.249957979082264
39627788369528570,0.0,0.15,0.85,0.0,0.3049201523582002
39627764176785884,0.0,0.32,0.68,0.0,0.45219072886224687
39627764201949274,0.0,0.32,0.68,0.0,0.45219072886224687
39627746074170281,0.0,0.55,0.45,0.0,0.49638722699390414
39627770254329518,0.0,0.04,0.96,0.0,0.12114609454120741
39627758149570499,0.0,1.0,0.0,0.0,-0.0
39627758136985302,0.0,0.66,0.34,0.0,0.46240935248651505
39627788369528803,0.0,0.83,0.17,0.0,0.32885238937210975
39627764201949052,0.0,0.86,0.14,0.0,0.292119405821428
39627776256383062,0.0,0.0,0.78,0.22,0.38008375148098283
39627776256382998,0.0,0.31,0.69,0.0,0.4465867291889284
39627770224968429,0.0,0.63,0.37,0.0,0.47533604634353294
39627764176784597,0.0,0.32,0.68,0.0,0.45219072886224687
39627794396746580,0.0,0.4,0.6,0.0,0.4854752972273343
39627758136985453,0.0,0.52,0.48,0.0,0.4994227679976009
39627758141180654,0.0,0.88,0.12,0.0,0.2646804326436822
39627746086748213,0.0,0.45,0.55,0.0,0.49638722699390414
39627770229162873,0.0,0.16,0.84,0.0,0.3171547773202831
39627764206142770,0.0,0.84,0.16,0.0,0.3171547773202831
39627764185172623,0.0,0.0,1.0,0.0,-0.0
39627758136985170,0.0,0.61,0.39,0.0,0.4823997742525436
39627764172591194,0.0,0.75,0.25,0.0,0.4056390622295664
39627764218724685,0.0,0.11,0.89,0.0,0.249957979082264
39627788361143264,0.0,0.06,0.94,0.0,0.16372245957723813
39627782308762802,0.0,0.06,0.93,0.01,0.20367037270049304
39627770241749500,0.0,0.07,0.93,0.0,0.18296182545011158
39627788373726921,0.0,0.51,0.49,0.0,0.49985572087640495
39627788373727044,0.0,0.34,0.66,0.0,0.46240935248651505
39627764180979127,0.0,0.05,0.95,0.0,0.14319847855797813
39627764210337521,0.0,0.04,0.96,0.0,0.12114609454120741
39627764210337094,0.0,0.33,0.67,0.0,0.4574631863898637
39627782308760231,0.0,0.22,0.78,0.0,0.38008375148098283
39627764210337456,0.0,0.02,0.98,0.0,0.07072027127091034
39627782308760407,0.0,0.63,0.37,0.0,0.47533604634353294
39627758153762442,0.0,0.08,0.92,0.0,0.2010895951011364
39627782317146181,0.0,0.13,0.87,0.0,0.2787190925139945
39627758174735998,0.0,0.51,0.49,0.0,0.49985572087640495
39627788365333216,0.0,0.89,0.11,0.0,0.249957979082264
39627800440736005,0.0,0.74,0.26,0.0,0.4133731862463089
39627764180976377,0.0,0.05,0.95,0.0,0.14319847855797813
39627782312953079,0.0,0.76,0.24,0.0,0.39752013969226113
39627788348558842,0.0,0.89,0.11,0.0,0.249957979082264
39627782308761724,0.01,0.97,0.02,0.0,0.11097036642660543
39627770254329933,0.0,0.51,0.49,0.0,0.49985572087640495
39627800444928731,0.0,0.63,0.37,0.0,0.47533604634353294
39627782308761795,0.0,0.12,0.88,0.0,0.2646804326436822
39627806480532715,0.0,0.32,0.68,0.0,0.45219072886224687
39627782308761858,0.0,0.27,0.73,0.0,0.42073231810408784
39627758174733119,0.0,0.55,0.45,0.0,0.49638722699390414
39627794388360278,0.0,0.36,0.64,0.0,0.4713415946277461
39627758166343973,0.0,0.16,0.84,0.0,0.3171547773202831
39627800444928934,0.0,0.57,0.43,0.0,0.4929075185894599
39627782312952746,0.0,0.02,0.98,0.0,0.07072027127091034
39627752109772715,0.0,0.66,0.34,0.0,0.46240935248651505
39627782312952132,0.0,0.82,0.18,0.0,0.34003852286413994
39627782312952127,0.0,0.3,0.7,0.0,0.44064544961534635
39627782304570449,0.0,0.09,0.91,0.0,0.21823490853205144
39627800440735368,0.0,0.5,0.5,0.0,0.5
39627800436542208,0.0,0.48,0.52,0.0,0.4994227679976009
39627782308759691,0.0,0.41,0.59,0.0,0.488250234378912
39627788340172848,0.0,0.39,0.61,0.0,0.4823997742525436
39627788344362210,0.0,0.4,0.6,0.0,0.4854752972273343
39627764206146260,0.0,1.0,0.0,0.0,-0.0
39627764214534626,0.0,0.07,0.93,0.0,0.18296182545011158
39627764214534464,0.0,0.11,0.89,0.0,0.249957979082264
39627764214534175,0.0,0.63,0.37,0.0,0.47533604634353294
39627806480532235,0.0,0.17,0.83,0.0,0.32885238937210975
39627764197756712,0.0,0.85,0.15,0.0,0.3049201523582002
39627806480532308,0.0,0.13,0.87,0.0,0.2787190925139945
39627752126546824,0.0,0.85,0.15,0.0,0.3049201523582002
39627800440735164,0.0,0.84,0.16,0.0,0.3171547773202831
39627746069972071,0.0,0.64,0.35,0.01,0.5043035669219932
39627806472145528,0.0,0.95,0.05,0.0,0.14319847855797813
39627782296175988,0.0,0.25,0.75,0.0,0.4056390622295664
39627782296176243,0.0,0.88,0.12,0.0,0.2646804326436822
39627800436544916,0.0,0.23,0.77,0.0,0.38900565177326885
39627758141180097,0.0,0.02,0.98,0.0,0.07072027127091034
39627758141180102,0.0,0.87,0.13,0.0,0.2787190925139945
39627752118163871,0.0,0.49,0.51,0.0,0.49985572087640495
39627800423959439,0.03,0.97,0.0,0.0,0.0971959289157881
39627788344362722,0.0,0.55,0.45,0.0,0.49638722699390414
39627800449126438,0.0,0.61,0.39,0.0,0.4823997742525436
39627746069972020,0.0,0.87,0.13,0.0,0.2787190925139945
39627794405134933,0.0,0.01,0.97,0.02,0.11097036642660543
39627770233359460,0.0,0.71,0.29,0.0,0.43436062316970225
39627800449123651,0.0,0.55,0.45,0.0,0.49638722699390414
39627800449123195,0.0,0.91,0.09,0.0,0.21823490853205144
39627782296174900,0.0,0.77,0.23,0.0,0.38900565177326885
39627800423959128,0.0,0.86,0.14,0.0,0.292119405821428
39627752109772560,0.0,0.22,0.78,0.0,0.38008375148098283
39627800436540005,0.0,0.22,0.78,0.0,0.38008375148098283
39627800440735290,0.0,0.39,0.61,0.0,0.4823997742525436
39627752122358229,0.0,0.0,1.0,0.0,-0.0
39627752109772545,0.0,0.86,0.14,0.0,0.292119405821428
39627788373723345,0.0,0.01,0.98,0.01,0.08072027127091033
39627782296179771,0.0,0.61,0.39,0.0,0.4823997742525436
39627746082558236,0.0,0.77,0.23,0.0,0.38900565177326885
39627800432346871,0.0,0.98,0.02,0.0,0.07072027127091034
39627788373722832,0.0,0.93,0.07,0.0,0.18296182545011158
39627788373723223,0.0,0.75,0.25,0.0,0.4056390622295664
39627794392547784,0.0,0.57,0.43,0.0,0.4929075185894599
39627782312955362,0.0,0.03,0.91,0.06,0.2595582210645035
39627806476341759,0.0,0.31,0.69,0.0,0.4465867291889284
39627758174736041,0.0,0.85,0.15,0.0,0.3049201523582002
39627788365335331,0.0,0.36,0.64,0.0,0.4713415946277461
39627770245939542,0.0,0.14,0.85,0.01,0.33142210248480686
39627806476342785,0.0,0.98,0.02,0.0,0.07072027127091034
39627806480533362,0.0,0.64,0.36,0.0,0.4713415946277461
39627770254328192,0.0,0.11,0.89,0.0,0.249957979082264
39627782308763530,0.0,0.02,0.97,0.01,0.11097036642660543
39627770245939574,0.0,0.96,0.04,0.0,0.12114609454120741
39627806472146753,0.0,0.78,0.22,0.0,0.38008375148098283
39627746086753106,0.0,0.7,0.3,0.0,0.44064544961534635
39627746086753049,0.0,0.05,0.95,0.0,0.14319847855797813
39627776252188472,0.0,0.31,0.69,0.0,0.4465867291889284
39627770241747085,0.0,0.54,0.46,0.0,0.49768921941011285
39627770241747971,0.0,0.03,0.9,0.07,0.2785623417561752
39627758141181670,0.0,0.13,0.87,0.0,0.2787190925139945
39627764206142511,0.0,0.91,0.09,0.0,0.21823490853205144
39627794384164675,0.0,0.43,0.57,0.0,0.4929075185894599
39627746086753255,0.0,0.35,0.65,0.0,0.4670340276877455
39627788365337567,0.01,0.99,0.0,0.0,0.04039656794795559
39627740042761657,0.0,0.92,0.08,0.0,0.2010895951011364
39627746082559081,0.0,0.37,0.63,0.0,0.47533604634353294
39627782317147684,0.0,0.91,0.09,0.0,0.21823490853205144
39627782325539884,0.0,0.17,0.83,0.0,0.32885238937210975
39627746069972620,0.0,0.24,0.76,0.0,0.39752013969226113
39627746082558898,0.0,0.8,0.2,0.0,0.36096404744368116
39627788365334271,0.0,0.0,0.91,0.09,0.21823490853205144
39627800453317073,0.0,0.28,0.72,0.0,0.4277254052800653
39627758136987073,0.0,0.0,0.99,0.01,0.04039656794795559
39627782300374637,0.0,0.02,0.98,0.0,0.07072027127091034
39627788373724525,0.0,0.5,0.5,0.0,0.5
39627782300374628,0.0,0.14,0.86,0.0,0.292119405821428
39627782300370744,0.0,0.24,0.76,0.0,0.39752013969226113
39627782300374933,0.0,0.09,0.91,0.0,0.21823490853205144
39627800440735544,0.0,0.25,0.75,0.0,0.4056390622295664
39627800440735589,0.0,0.25,0.75,0.0,0.4056390622295664
39627800432347557,0.0,0.0,1.0,0.0,-0.0
39627788340171182,0.0,0.11,0.89,0.0,0.249957979082264
39627746082554716,0.0,0.41,0.59,0.0,0.488250234378912
39627788365334236,0.0,0.24,0.76,0.0,0.39752013969226113
39627800432347702,0.0,0.04,0.96,0.0,0.12114609454120741
39627776256380947,0.0,0.02,0.95,0.03,0.1674722434193448
39627800444932272,0.0,0.82,0.18,0.0,0.34003852286413994
39627764185172836,0.0,0.88,0.12,0.0,0.2646804326436822
39627746082554776,0.0,0.62,0.38,0.0,0.47902101111314976
39627782300375164,0.0,0.22,0.78,0.0,0.38008375148098283
39627758162154317,0.0,0.14,0.86,0.0,0.292119405821428
39627794379970009,0.0,0.11,0.89,0.0,0.249957979082264
39627758162154381,0.0,1.0,0.0,0.0,-0.0
39627794405134393,0.0,0.0,0.98,0.02,0.07072027127091034
39627764172590672,0.0,0.03,0.97,0.0,0.0971959289157881
39627752109772731,0.0,0.56,0.44,0.0,0.4947937606110278
39627776268963750,0.0,0.48,0.52,0.0,0.4994227679976009
39627746078365229,0.0,0.04,0.96,0.0,0.12114609454120741
39627770254330589,0.0,0.04,0.96,0.0,0.12114609454120741
39627782317148693,0.0,0.82,0.18,0.0,0.34003852286413994
39627788348560874,0.0,0.72,0.28,0.0,0.4277254052800653
39627782300374971,0.0,0.03,0.97,0.0,0.0971959289157881
39627752130740773,0.0,0.79,0.21,0.0,0.37074136996563684
39627788352751644,0.0,0.05,0.95,0.0,0.14319847855797813
39627794396746070,0.0,0.86,0.14,0.0,0.292119405821428
39627788352751562,0.0,0.79,0.21,0.0,0.37074136996563684
39627764193559077,0.0,0.48,0.52,0.0,0.4994227679976009
39627800444930471,0.0,0.34,0.66,0.0,0.46240935248651505
39627764193559104,0.0,0.58,0.42,0.0,0.49072694751682683
39627770254328560,0.0,0.08,0.92,0.0,0.2010895951011364
39627794384164522,0.0,0.1,0.9,0.0,0.2344977967946406
39627752130742546,0.0,0.02,0.98,0.0,0.07072027127091034
39627788344363353,0.0,0.32,0.68,0.0,0.45219072886224687
39627800453318443,0.0,0.76,0.24,0.0,0.39752013969226113
39627764210336169,0.0,0.16,0.84,0.0,0.3171547773202831
39627758178927690,0.0,0.98,0.02,0.0,0.07072027127091034
39627794396743992,0.0,0.13,0.87,0.0,0.2787190925139945
39627782317147664,0.0,0.88,0.12,0.0,0.2646804326436822
39627794379969360,0.0,0.0,0.99,0.01,0.04039656794795559
39627764172591429,0.0,0.31,0.69,0.0,0.4465867291889284
39627764210340320,0.0,0.58,0.42,0.0,0.49072694751682683
39627770241747500,0.0,0.52,0.48,0.0,0.4994227679976009
39627782333928055,0.0,0.49,0.51,0.0,0.49985572087640495
39627740046950611,0.0,0.98,0.02,0.0,0.07072027127091034
39627788365334211,0.0,0.22,0.78,0.0,0.38008375148098283
39627800432346951,0.0,0.27,0.73,0.0,0.42073231810408784
39627776256381055,0.0,0.98,0.02,0.0,0.07072027127091034
39627788369529049,0.0,0.96,0.04,0.0,0.12114609454120741
39627782333927955,0.0,0.81,0.19,0.0,0.3507357299419487
39627740042762248,0.0,0.96,0.04,0.0,0.12114609454120741
39627746086753453,0.0,0.44,0.56,0.0,0.4947937606110278
39627752105578895,0.0,0.72,0.28,0.0,0.4277254052800653
39627764185172531,0.0,0.12,0.88,0.0,0.2646804326436822
39627782321344617,0.0,0.91,0.09,0.0,0.21823490853205144
39627806480533925,0.0,0.07,0.93,0.0,0.18296182545011158
39627752122353687,0.0,0.11,0.89,0.0,0.249957979082264
39627764206145989,0.0,0.08,0.92,0.0,0.2010895951011364
39627770233360197,0.0,0.17,0.83,0.0,0.32885238937210975
39627764206145604,0.0,0.14,0.86,0.0,0.292119405821428
39627788344361882,0.0,0.6,0.4,0.0,0.4854752972273343
39627758141180240,0.0,0.68,0.32,0.0,0.45219072886224687
39627764193561515,0.0,0.0,0.99,0.01,0.04039656794795559
39627788356946363,0.0,0.28,0.72,0.0,0.4277254052800653
39627752118163420,0.0,0.01,0.98,0.01,0.08072027127091033
39627800436544455,0.0,0.99,0.01,0.0,0.04039656794795559
39627788356948749,0.01,0.95,0.04,0.0,0.16124668093016215
39627764210341473,0.0,0.08,0.92,0.0,0.2010895951011364
39627776289933128,0.0,0.18,0.82,0.0,0.34003852286413994
39627764206146296,0.01,0.97,0.02,0.0,0.11097036642660543
39627800440735378,0.0,0.99,0.01,0.0,0.04039656794795559
39627776264766980,0.0,0.06,0.94,0.0,0.16372245957723813
39627758145376889,0.0,0.54,0.46,0.0,0.49768921941011285
39627788335973407,0.0,0.86,0.14,0.0,0.292119405821428
39627788373725051,0.0,0.88,0.12,0.0,0.2646804326436822
39627776264766945,0.0,0.04,0.95,0.01,0.16124668093016215
39627788373725153,0.0,0.01,0.97,0.02,0.11097036642660543
39627782317148216,0.0,0.34,0.66,0.0,0.46240935248651505
39627800449127459,0.0,0.05,0.91,0.04,0.2628333312247715
39627764210339948,0.0,0.91,0.09,0.0,0.21823490853205144
39627782291986484,0.0,0.15,0.85,0.0,0.3049201523582002
39627752109769143,0.0,0.92,0.08,0.0,0.2010895951011364
39627752122354985,0.0,0.01,0.99,0.0,0.04039656794795559
39627764172592233,0.0,0.07,0.93,0.0,0.18296182545011158
39627740038563085,0.0,0.11,0.89,0.0,0.249957979082264
39627752097186555,0.0,0.01,0.93,0.06,0.20367037270049304
39627758178928075,0.0,0.51,0.49,0.0,0.49985572087640495
39627776252188681,0.0,0.4,0.6,0.0,0.4854752972273343
39627740038566546,0.0,0.3,0.7,0.0,0.44064544961534635
39627752109769292,0.0,0.37,0.63,0.0,0.47533604634353294
39627740038566610,0.0,0.09,0.91,0.0,0.21823490853205144
39627794392549729,0.0,0.97,0.03,0.0,0.0971959289157881
39627758162151480,0.0,0.32,0.68,0.0,0.45219072886224687
39627740038564194,0.0,0.71,0.29,0.0,0.43436062316970225
39627740042758086,0.0,0.95,0.05,0.0,0.14319847855797813
39627788344363641,0.0,0.48,0.52,0.0,0.4994227679976009
39627776268966021,0.0,0.99,0.01,0.0,0.04039656794795559
39627800453317424,0.0,1.0,0.0,0.0,-0.0
39627752109769155,0.0,0.57,0.43,0.0,0.4929075185894599
39627758162151325,0.0,0.77,0.23,0.0,0.38900565177326885
39627758162151720,0.0,0.67,0.33,0.0,0.4574631863898637
39627758174737664,0.0,1.0,0.0,0.0,-0.0
39627740042758406,0.0,0.9,0.1,0.0,0.2344977967946406
39627794392549694,0.0,0.27,0.73,0.0,0.42073231810408784
39627746074167211,0.0,0.77,0.23,0.0,0.38900565177326885
39627752105574807,0.0,0.1,0.9,0.0,0.2344977967946406
39627782300370464,0.0,0.1,0.9,0.0,0.2344977967946406
39627794388354472,0.0,0.01,0.96,0.03,0.13737165703039006
39627770229168171,0.0,0.56,0.44,0.0,0.4947937606110278
39627758174732455,0.0,0.49,0.51,0.0,0.49985572087640495
39627794384165369,0.0,0.95,0.05,0.0,0.14319847855797813
39627746074167564,0.0,0.36,0.64,0.0,0.4713415946277461
39627752126546440,0.0,0.14,0.86,0.0,0.292119405821428
39627788365335726,0.0,0.11,0.89,0.0,0.249957979082264
39627800449127364,0.0,0.02,0.98,0.0,0.07072027127091034
39627752126546172,0.0,0.58,0.42,0.0,0.49072694751682683
39627764180982334,0.0,0.06,0.94,0.0,0.16372245957723813
39627758136987529,0.0,0.7,0.3,0.0,0.44064544961534635
39627782325539931,0.0,0.31,0.69,0.0,0.4465867291889284
39627764180981894,0.0,0.53,0.47,0.0,0.4987007942838698
39627770216580160,0.0,0.19,0.81,0.0,0.3507357299419487
39627776264767242,0.0,0.95,0.05,0.0,0.14319847855797813
39627770250135740,0.0,0.0,0.99,0.01,0.04039656794795559
39627746086751114,0.0,0.76,0.24,0.0,0.39752013969226113
39627764214535870,0.0,0.85,0.15,0.0,0.3049201523582002
39627776264768684,0.0,0.07,0.93,0.0,0.18296182545011158
39627800423956949,0.0,0.95,0.05,0.0,0.14319847855797813
39627758136986932,0.0,0.82,0.18,0.0,0.34003852286413994
39627788369531893,0.0,0.18,0.82,0.0,0.34003852286413994
39627758141180513,0.0,0.75,0.25,0.0,0.4056390622295664
39627800428153814,0.0,1.0,0.0,0.0,-0.0
39627752126546038,0.0,0.19,0.81,0.0,0.3507357299419487
39627740034369447,0.0,0.04,0.96,0.0,0.12114609454120741
39627800428154038,0.0,0.88,0.12,0.0,0.2646804326436822
39627752126546011,0.0,0.44,0.56,0.0,0.4947937606110278
39627788344364579,0.0,0.5,0.5,0.0,0.5
39627788377915701,0.0,0.34,0.66,0.0,0.46240935248651505
39627776252187902,0.0,0.27,0.73,0.0,0.42073231810408784
39627800428153992,0.0,0.08,0.92,0.0,0.2010895951011364
39627794392550397,0.0,0.01,0.99,0.0,0.04039656794795559
39627740030175651,0.0,0.93,0.07,0.0,0.18296182545011158
39627788348559600,0.0,0.72,0.28,0.0,0.4277254052800653
39627758145372352,0.0,0.1,0.9,0.0,0.2344977967946406
39627740046952656,0.0,0.9,0.1,0.0,0.2344977967946406
39627746095139218,0.0,0.42,0.58,0.0,0.49072694751682683
39627746095139286,0.0,0.76,0.24,0.0,0.39752013969226113
39627776289932494,0.0,0.75,0.25,0.0,0.4056390622295664
39627746095139535,0.0,0.69,0.31,0.0,0.4465867291889284
39627740046951590,0.0,0.93,0.07,0.0,0.18296182545011158
39627788365338170,0.0,0.39,0.61,0.0,0.4823997742525436
39627788365333581,0.0,0.43,0.57,0.0,0.4929075185894599
39627776264765874,0.0,0.21,0.79,0.0,0.37074136996563684
39627776289932677,0.0,0.93,0.07,0.0,0.18296182545011158
39627764176787155,0.0,0.86,0.14,0.0,0.292119405821428
39627758136984574,0.0,1.0,0.0,0.0,-0.0
39627740030174983,0.0,0.32,0.68,0.0,0.45219072886224687
39627740046951876,0.0,0.99,0.01,0.0,0.04039656794795559
39627776252187056,0.0,0.48,0.52,0.0,0.4994227679976009
39627782325539514,0.0,0.11,0.89,0.0,0.249957979082264
39627740046951697,0.0,0.96,0.04,0.0,0.12114609454120741
39627770216582767,0.0,0.55,0.45,0.0,0.49638722699390414
39627752105576440,0.0,0.62,0.38,0.0,0.47902101111314976
39627746086748728,0.0,0.77,0.23,0.0,0.38900565177326885
39627758141179081,0.0,0.23,0.77,0.0,0.38900565177326885
39627758141180415,0.0,0.42,0.58,0.0,0.49072694751682683
39627764185170348,0.0,0.54,0.46,0.0,0.49768921941011285
39627746069972759,0.0,0.33,0.67,0.0,0.4574631863898637
39627746065777928,0.0,0.84,0.16,0.0,0.3171547773202831
39627746086753782,0.0,0.63,0.37,0.0,0.47533604634353294
39627746086753748,0.0,0.75,0.25,0.0,0.4056390622295664
39627752097187353,0.0,0.33,0.67,0.0,0.4574631863898637
39627746069972685,0.0,0.69,0.31,0.0,0.4465867291889284
39627794409326801,0.0,0.51,0.49,0.0,0.49985572087640495
39627770216582431,0.0,0.01,0.97,0.02,0.11097036642660543
39627752105576846,0.0,0.91,0.09,0.0,0.21823490853205144
39627752122352801,0.0,0.76,0.24,0.0,0.39752013969226113
39627776260571214,0.0,0.0,0.99,0.01,0.04039656794795559
39627752122353413,0.0,0.99,0.01,0.0,0.04039656794795559
39627782333929463,0.0,0.88,0.12,0.0,0.2646804326436822
39627782333929540,0.0,0.33,0.67,0.0,0.4574631863898637
39627752105576635,0.0,0.02,0.98,0.0,0.07072027127091034
39627776252187420,0.0,0.0,0.69,0.31,0.4465867291889284
39627782321344748,0.0,0.45,0.55,0.0,0.49638722699390414
39627788373727256,0.0,0.66,0.34,0.0,0.46240935248651505
39627752122352873,0.0,0.14,0.86,0.0,0.292119405821428
39627740038566275,0.0,0.72,0.28,0.0,0.4277254052800653
39627776298320716,0.0,0.73,0.27,0.0,0.42073231810408784
39627740038566403,0.0,0.55,0.45,0.0,0.49638722699390414
39627752105575146,0.0,0.38,0.62,0.0,0.47902101111314976
39627746074168747,0.0,0.7,0.3,0.0,0.44064544961534635
39627764210341384,0.0,0.91,0.09,0.0,0.21823490853205144
39627806476342607,0.0,0.28,0.72,0.0,0.4277254052800653
39627764210341428,0.0,0.04,0.96,0.0,0.12114609454120741
39627776256380471,0.0,0.56,0.44,0.0,0.4947937606110278
39627794396743091,0.0,0.08,0.92,0.0,0.2010895951011364
39627764210341609,0.0,0.15,0.85,0.0,0.3049201523582002
39627764210341462,0.0,0.12,0.88,0.0,0.2646804326436822
39627764210341221,0.0,0.71,0.29,0.0,0.43436062316970225
39627758153764996,0.0,0.48,0.52,0.0,0.4994227679976009
39627764210341230,0.0,0.1,0.9,0.0,0.2344977967946406
39627752109772681,0.0,0.12,0.88,0.0,0.2646804326436822
39627794388360208,0.0,0.75,0.25,0.0,0.4056390622295664
39627770212390024,0.0,0.99,0.01,0.0,0.04039656794795559
39627806480531667,0.0,0.35,0.65,0.0,0.4670340276877455
39627794392550585,0.0,0.03,0.97,0.0,0.0971959289157881
39627806472145935,0.0,0.6,0.4,0.0,0.4854752972273343
39627800428154278,0.0,0.49,0.51,0.0,0.49985572087640495
39627758153765037,0.0,0.37,0.63,0.0,0.47533604634353294
39627782317149752,0.0,0.68,0.32,0.0,0.45219072886224687
39627746095137012,0.0,0.53,0.47,0.0,0.4987007942838698
39627746095137029,0.0,0.51,0.49,0.0,0.49985572087640495
39627782317149719,0.0,0.33,0.67,0.0,0.4574631863898637
39627776289933005,0.0,0.78,0.22,0.0,0.38008375148098283
39627764189368974,0.0,0.58,0.42,0.0,0.49072694751682683
39627806472145985,0.0,0.34,0.66,0.0,0.46240935248651505
39627806480531639,0.0,0.0,0.98,0.02,0.07072027127091034
39627782321344641,0.0,0.0,0.92,0.08,0.2010895951011364
39627740030175340,0.0,0.25,0.75,0.0,0.4056390622295664
39627776256380641,0.0,0.03,0.96,0.01,0.13737165703039006
39627758174737468,0.0,0.56,0.44,0.0,0.4947937606110278
39627740051145434,0.0,0.2,0.8,0.0,0.36096404744368116
39627794388354098,0.0,0.56,0.44,0.0,0.4947937606110278
39627758170540840,0.0,0.44,0.56,0.0,0.4947937606110278
39627752097187842,0.0,0.27,0.72,0.01,0.45884528157606164
39627794388354110,0.0,0.77,0.23,0.0,0.38900565177326885
39627782338118222,0.0,0.98,0.02,0.0,0.07072027127091034
39627764176787399,0.0,0.0,0.83,0.17,0.32885238937210975
39627776285737128,0.0,0.77,0.23,0.0,0.38900565177326885
39627776285737093,0.0,0.99,0.01,0.0,0.04039656794795559
39627740030175944,0.0,0.95,0.05,0.0,0.14319847855797813
39627746069972316,0.0,0.8,0.2,0.0,0.36096404744368116
39627788356947409,0.0,0.04,0.96,0.0,0.12114609454120741
39627800444932921,0.0,0.51,0.49,0.0,0.49985572087640495
39627800432349130,0.0,0.83,0.17,0.0,0.32885238937210975
39627752109773355,0.0,0.89,0.11,0.0,0.249957979082264
39627776289934089,0.0,0.69,0.31,0.0,0.4465867291889284
39627746061586555,0.03,0.97,0.0,0.0,0.0971959289157881
39627764185176021,0.0,0.36,0.64,0.0,0.4713415946277461
39627782325538966,0.02,0.97,0.01,0.0,0.11097036642660543
39627788373726433,0.0,0.21,0.79,0.0,0.37074136996563684
39627740030174897,0.0,0.94,0.06,0.0,0.16372245957723813
39627794417714529,0.0,0.99,0.01,0.0,0.04039656794795559
39627776264767204,0.0,0.97,0.03,0.0,0.0971959289157881
39627800428151930,0.0,0.74,0.26,0.0,0.4133731862463089
39627740030174669,0.0,0.21,0.79,0.0,0.37074136996563684
39627746069972148,0.0,0.04,0.93,0.03,0.2174448102113104
39627764210341497,0.0,0.74,0.26,0.0,0.4133731862463089
39627776264767550,0.0,0.29,0.71,0.0,0.43436062316970225
39627806472146217,0.0,0.5,0.5,0.0,0.5
39627800428150915,0.01,0.78,0.21,0.0,0.4094279001393156
39627776298324448,0.0,0.41,0.59,0.0,0.488250234378912
39627794405130284,0.0,0.0,0.86,0.14,0.292119405821428
39627794405130277,0.0,0.07,0.93,0.0,0.18296182545011158
39627794396746291,0.0,0.31,0.69,0.0,0.4465867291889284
39627794396742631,0.0,0.07,0.93,0.0,0.18296182545011158
39627746065779631,0.0,0.92,0.08,0.0,0.2010895951011364
39627782329733723,0.0,0.24,0.76,0.0,0.39752013969226113
39627752126550815,0.0,0.01,0.94,0.05,0.1832231322266888
39627776260573574,0.0,0.2,0.8,0.0,0.36096404744368116
39627740042758488,0.0,0.98,0.02,0.0,0.07072027127091034
39627770233357102,0.0,1.0,0.0,0.0,-0.0
39627740038563277,0.0,0.08,0.92,0.0,0.2010895951011364
39627764193562442,0.0,0.01,0.98,0.01,0.08072027127091033
39627782329733792,0.0,0.19,0.81,0.0,0.3507357299419487
39627770220777893,0.0,0.23,0.77,0.0,0.38900565177326885
39627758145373035,0.0,0.59,0.41,0.0,0.488250234378912
39627746090943443,0.0,0.82,0.18,0.0,0.34003852286413994
39627782296176195,0.0,0.13,0.87,0.0,0.2787190925139945
39627758166347014,0.0,0.81,0.19,0.0,0.3507357299419487
39627758149567347,0.0,0.11,0.89,0.0,0.249957979082264
39627746090943656,0.0,0.54,0.46,0.0,0.49768921941011285
39627788377917282,0.0,1.0,0.0,0.0,-0.0
39627776260575504,0.0,0.43,0.57,0.0,0.4929075185894599
39627746065781239,0.0,0.98,0.02,0.0,0.07072027127091034
39627752122357536,0.0,0.84,0.16,0.0,0.3171547773202831
39627782296176054,0.0,0.51,0.49,0.0,0.49985572087640495
39627800449124304,0.0,0.64,0.36,0.0,0.4713415946277461
39627788369531792,0.0,0.66,0.34,0.0,0.46240935248651505
39627746069973087,0.0,0.91,0.09,0.0,0.21823490853205144
39627746090943738,0.0,0.91,0.09,0.0,0.21823490853205144
39627788344363476,0.0,0.6,0.4,0.0,0.4854752972273343
39627788344363547,0.0,0.46,0.54,0.0,0.49768921941011285
39627788348555566,0.0,0.02,0.98,0.0,0.07072027127091034
39627752126549929,0.0,0.24,0.76,0.0,0.39752013969226113
39627758153765931,0.0,0.54,0.46,0.0,0.49768921941011285
39627746090943813,0.0,0.37,0.63,0.0,0.47533604634353294
39627764176784494,0.0,0.4,0.6,0.0,0.4854752972273343
39627752126549827,0.0,0.13,0.87,0.0,0.2787190925139945
39627782291986275,0.0,0.84,0.16,0.0,0.3171547773202831
39627782308764494,0.0,0.0,0.99,0.01,0.04039656794795559
39627770220777781,0.0,0.01,0.99,0.0,0.04039656794795559
39627788344363558,0.0,0.63,0.37,0.0,0.47533604634353294
39627806476338595,0.0,0.58,0.42,0.0,0.49072694751682683
39627794400941286,0.0,0.81,0.19,0.0,0.3507357299419487
39627782291986305,0.0,0.96,0.04,0.0,0.12114609454120741
39627776294126632,0.0,0.21,0.79,0.0,0.37074136996563684
39627746095139873,0.0,0.75,0.25,0.0,0.4056390622295664
39627794396741812,0.0,0.97,0.03,0.0,0.0971959289157881
39627746065781449,0.0,0.36,0.64,0.0,0.4713415946277461
39627776294126792,0.0,0.73,0.27,0.0,0.42073231810408784
39627758170542025,0.0,0.81,0.19,0.0,0.3507357299419487
39627752130741067,0.0,0.03,0.97,0.0,0.0971959289157881
39627758149567289,0.0,0.58,0.42,0.0,0.49072694751682683
39627800428153899,0.0,0.29,0.71,0.0,0.43436062316970225
39627776285739804,0.0,0.01,0.98,0.01,0.08072027127091033
39627764193562139,0.0,0.35,0.65,0.0,0.4670340276877455
39627764193562091,0.0,0.05,0.95,0.0,0.14319847855797813
39627782333929128,0.0,0.99,0.01,0.0,0.04039656794795559
39627752130740974,0.0,0.08,0.92,0.0,0.2010895951011364
39627782325538747,0.0,0.74,0.26,0.0,0.4133731862463089
39627776256380524,0.0,0.73,0.27,0.0,0.42073231810408784
39627776256380750,0.0,0.7,0.3,0.0,0.44064544961534635
39627776289936312,0.0,0.08,0.92,0.0,0.2010895951011364
39627770241747283,0.0,0.28,0.72,0.0,0.4277254052800653
39627758149571557,0.0,0.3,0.7,0.0,0.44064544961534635
39627800428155243,0.0,0.94,0.06,0.0,0.16372245957723813
39627782325536099,0.0,0.65,0.35,0.0,0.4670340276877455
39627782317146896,0.14,0.86,0.0,0.0,0.292119405821428
39627782338120877,0.0,0.12,0.88,0.0,0.2646804326436822
39627782333929495,0.0,0.01,0.93,0.06,0.20367037270049304
39627776260575315,0.0,0.85,0.15,0.0,0.3049201523582002
39627794396742699,0.0,0.07,0.93,0.0,0.18296182545011158
39627776260575509,0.0,0.81,0.19,0.0,0.3507357299419487
39627806467953687,0.0,0.36,0.64,0.0,0.4713415946277461
39627800428153797,0.0,0.37,0.63,0.0,0.47533604634353294
39627806467953815,0.0,0.95,0.05,0.0,0.14319847855797813
39627782308757949,0.0,0.12,0.88,0.0,0.2646804326436822
39627776260575457,0.0,0.51,0.49,0.0,0.49985572087640495
39627776260575532,0.0,0.94,0.06,0.0,0.16372245957723813
39627794375774613,0.0,0.92,0.08,0.0,0.2010895951011364
39627782304569710,0.0,0.74,0.26,0.0,0.4133731862463089
39627752122353417,0.0,0.9,0.1,0.0,0.2344977967946406
39627782291985619,0.0,0.36,0.64,0.0,0.4713415946277461
39627758174733284,0.0,0.75,0.25,0.0,0.4056390622295664
39627788361140025,0.0,0.76,0.24,0.0,0.39752013969226113
39627776260575249,0.0,0.0,0.98,0.02,0.07072027127091034
39627788331781696,0.0,0.97,0.03,0.0,0.0971959289157881
39627782304570080,0.0,0.21,0.79,0.0,0.37074136996563684
39627806472144142,0.0,0.14,0.86,0.0,0.292119405821428
39627776260575455,0.0,0.52,0.48,0.0,0.4994227679976009
39627776285737945,0.0,0.88,0.12,0.0,0.2646804326436822
39627788340172465,0.0,0.01,0.97,0.02,0.11097036642660543
39627752130741086,0.0,0.7,0.3,0.0,0.44064544961534635
39627788340172822,0.0,0.79,0.21,0.0,0.37074136996563684
39627770241746032,0.0,0.16,0.84,0.0,0.3171547773202831
39627764180979684,0.0,0.76,0.24,0.0,0.39752013969226113
39627806472144422,0.0,0.81,0.19,0.0,0.3507357299419487
39627806472144353,0.0,0.61,0.39,0.0,0.4823997742525436
39627752101381623,0.0,0.6,0.4,0.0,0.4854752972273343
39627776256380785,0.0,0.31,0.69,0.0,0.4465867291889284
39627764185175916,0.0,0.53,0.47,0.0,0.4987007942838698
39627752101381606,0.0,0.63,0.37,0.0,0.47533604634353294
39627782333924973,0.0,0.48,0.52,0.0,0.4994227679976009
39627776268964248,0.0,0.48,0.52,0.0,0.4994227679976009
39627746074166364,0.0,0.43,0.57,0.0,0.4929075185894599
39627788356946513,0.0,0.09,0.91,0.0,0.21823490853205144
39627752126546063,0.0,0.91,0.09,0.0,0.21823490853205144
39627782308758582,0.0,0.02,0.94,0.04,0.1912713345988728
39627782300371467,0.0,0.0,1.0,0.0,-0.0
39627788356948118,0.0,0.42,0.58,0.0,0.49072694751682683
39627764180975769,0.0,0.15,0.85,0.0,0.3049201523582002
39627794396746107,0.0,0.81,0.19,0.0,0.3507357299419487
39627788352752031,0.0,0.29,0.71,0.0,0.43436062316970225
39627782325536283,0.0,0.52,0.48,0.0,0.4994227679976009
39627788373725532,0.0,0.02,0.96,0.02,0.14114609454120738
39627782321344686,0.02,0.97,0.01,0.0,0.11097036642660543
39627794396743475,0.0,0.09,0.91,0.0,0.21823490853205144
39627800440735782,0.0,0.12,0.88,0.0,0.2646804326436822
39627782308758604,0.0,0.55,0.45,0.0,0.49638722699390414
39627782308758400,0.0,0.95,0.05,0.0,0.14319847855797813
39627794396743437,0.0,0.61,0.39,0.0,0.4823997742525436
39627806472146776,0.01,0.98,0.01,0.0,0.08072027127091033
39627776264766307,0.0,0.22,0.78,0.0,0.38008375148098283
39627740038564208,0.0,0.54,0.46,0.0,0.49768921941011285
39627740042758456,0.0,0.06,0.94,0.0,0.16372245957723813
39627800449127524,0.0,0.19,0.81,0.0,0.3507357299419487
39627740038564489,0.0,0.44,0.56,0.0,0.4947937606110278
39627740038564069,0.0,0.12,0.88,0.0,0.2646804326436822
39627782308763772,0.0,0.14,0.86,0.0,0.292119405821428
39627740042758420,0.0,0.49,0.51,0.0,0.49985572087640495
39627740042758578,0.0,0.13,0.87,0.0,0.2787190925139945
39627788369531668,0.0,1.0,0.0,0.0,-0.0
39627794379968745,0.0,0.73,0.27,0.0,0.42073231810408784
39627752130744655,0.0,0.19,0.81,0.0,0.3507357299419487
39627746069973374,0.0,0.99,0.01,0.0,0.04039656794795559
39627782308763414,0.0,0.56,0.44,0.0,0.4947937606110278
39627788344362788,0.0,0.26,0.74,0.0,0.4133731862463089
39627764206143723,0.0,0.76,0.24,0.0,0.39752013969226113
39627788344362187,0.0,0.37,0.63,0.0,0.47533604634353294
39627758178927225,0.0,0.38,0.62,0.0,0.47902101111314976
39627758178927525,0.0,0.26,0.74,0.0,0.4133731862463089
39627758178928010,0.0,0.66,0.34,0.0,0.46240935248651505
39627758178928043,0.0,0.39,0.61,0.0,0.4823997742525436
39627788369527805,0.0,0.02,0.98,0.0,0.07072027127091034
39627740034368556,0.0,0.83,0.17,0.0,0.32885238937210975
39627788361142768,0.0,0.01,0.94,0.05,0.1832231322266888
39627800428150878,0.0,0.17,0.83,0.0,0.32885238937210975
39627776289931906,0.0,1.0,0.0,0.0,-0.0
39627776289932168,0.0,0.5,0.5,0.0,0.5
39627782321345744,0.0,0.71,0.29,0.0,0.43436062316970225
39627782321346007,0.0,0.62,0.38,0.0,0.47902101111314976
39627752122353283,0.0,0.78,0.22,0.0,0.38008375148098283
39627800428153622,0.0,0.24,0.76,0.0,0.39752013969226113
39627794375774451,0.0,0.98,0.02,0.0,0.07072027127091034
39627752130745023,0.0,0.43,0.57,0.0,0.4929075185894599
39627752130745194,0.0,0.59,0.41,0.0,0.488250234378912
39627794375773780,0.0,0.32,0.68,0.0,0.45219072886224687
39627776264768193,0.0,0.04,0.96,0.0,0.12114609454120741
39627764210340141,0.0,0.19,0.81,0.0,0.3507357299419487
39627782291986624,0.0,0.6,0.4,0.0,0.4854752972273343
39627782296174643,0.0,0.69,0.31,0.0,0.4465867291889284
39627770237553176,0.0,0.11,0.89,0.0,0.249957979082264
39627788377917900,0.0,0.88,0.12,0.0,0.2646804326436822
39627770258526754,0.0,0.73,0.27,0.0,0.42073231810408784
39627752118161802,0.0,0.15,0.85,0.0,0.3049201523582002
39627746061585917,0.0,0.47,0.53,0.0,0.4987007942838698
39627740051145598,0.01,0.99,0.0,0.0,0.04039656794795559
39627740051145494,0.0,0.97,0.03,0.0,0.0971959289157881
39627770258526439,0.0,0.58,0.42,0.0,0.49072694751682683
39627800428153580,0.0,0.02,0.97,0.01,0.11097036642660543
39627782329732658,0.0,0.0,0.99,0.01,0.04039656794795559
39627770258526753,0.0,0.21,0.79,0.0,0.37074136996563684
39627770216579981,0.0,0.18,0.82,0.0,0.34003852286413994
39627770258526515,0.0,0.38,0.62,0.0,0.47902101111314976
39627776294126900,0.02,0.98,0.0,0.0,0.07072027127091034
39627758145375524,0.0,0.92,0.08,0.0,0.2010895951011364
39627752109772303,0.0,0.61,0.39,0.0,0.4823997742525436
39627752118161745,0.0,0.04,0.96,0.0,0.12114609454120741
39627758136985224,0.0,0.05,0.95,0.0,0.14319847855797813
39627770216585704,0.0,0.1,0.9,0.0,0.2344977967946406
39627800423956892,0.0,0.64,0.36,0.0,0.4713415946277461
39627794409330504,0.0,0.37,0.63,0.0,0.47533604634353294
39627782317149178,0.0,0.44,0.56,0.0,0.4947937606110278
39627776260571614,0.0,1.0,0.0,0.0,-0.0
39627746086748388,0.0,0.0,0.99,0.01,0.04039656794795559
39627746086748258,0.08,0.92,0.0,0.0,0.2010895951011364
39627752130743459,0.0,0.99,0.01,0.0,0.04039656794795559
39627800440736255,0.0,0.43,0.57,0.0,0.4929075185894599
39627746082554385,0.0,0.68,0.32,0.0,0.45219072886224687
39627746082554142,0.0,0.68,0.32,0.0,0.45219072886224687
39627746078364490,0.0,0.46,0.54,0.0,0.49768921941011285
39627776252185436,0.0,0.08,0.92,0.0,0.2010895951011364
39627788344367981,0.0,0.59,0.41,0.0,0.488250234378912
39627776294128324,0.0,0.08,0.92,0.0,0.2010895951011364
39627782325540314,0.0,0.11,0.89,0.0,0.249957979082264
39627782325540104,0.0,0.95,0.05,0.0,0.14319847855797813
39627800444931415,0.0,0.86,0.14,0.0,0.292119405821428
39627764214535645,0.0,0.99,0.01,0.0,0.04039656794795559
39627764193562769,0.0,0.39,0.61,0.0,0.4823997742525436
39627800419768116,0.0,0.37,0.63,0.0,0.47533604634353294
39627776268962938,0.0,0.02,0.98,0.0,0.07072027127091034
39627800423956964,0.0,0.7,0.3,0.0,0.44064544961534635
39627788377916457,0.0,0.56,0.44,0.0,0.4947937606110278
39627776264768245,0.0,0.9,0.1,0.0,0.2344977967946406
39627800419768209,0.0,0.82,0.18,0.0,0.34003852286413994
39627800419768275,0.0,0.06,0.94,0.0,0.16372245957723813
39627788373725629,0.0,0.55,0.45,0.0,0.49638722699390414
39627764180976510,0.0,0.74,0.26,0.0,0.4133731862463089
39627764214535568,0.0,0.26,0.74,0.0,0.4133731862463089
39627764176781355,0.0,0.19,0.81,0.0,0.3507357299419487
39627752122351743,0.0,0.06,0.94,0.0,0.16372245957723813
39627776285741173,0.0,0.2,0.8,0.0,0.36096404744368116
39627782296176732,0.0,0.18,0.82,0.0,0.34003852286413994
39627782296176077,0.0,0.47,0.53,0.0,0.4987007942838698
39627782296175846,0.0,0.04,0.96,0.0,0.12114609454120741
39627782296175541,0.0,0.59,0.41,0.0,0.488250234378912
39627752122351758,0.0,0.03,0.96,0.01,0.13737165703039006
39627782296175536,0.0,0.11,0.89,0.0,0.249957979082264
39627782296175380,0.0,0.54,0.46,0.0,0.49768921941011285
39627788340167279,0.0,1.0,0.0,0.0,-0.0
39627776285741883,0.0,0.95,0.05,0.0,0.14319847855797813
39627764189367191,0.0,0.01,0.99,0.0,0.04039656794795559
39627770224971297,0.0,0.3,0.7,0.0,0.44064544961534635
39627758145377586,0.0,0.92,0.08,0.0,0.2010895951011364
39627764201951283,0.0,0.62,0.38,0.0,0.47902101111314976
39627788344367468,0.0,0.78,0.22,0.0,0.38008375148098283
39627776252187377,0.0,0.96,0.04,0.0,0.12114609454120741
39627800444932643,0.0,0.96,0.04,0.0,0.12114609454120741
39627752105574976,0.0,0.53,0.47,0.0,0.4987007942838698
39627788356946887,0.0,0.0,1.0,0.0,-0.0
39627770254333678,0.0,0.03,0.97,0.0,0.0971959289157881
39627800444932712,0.0,0.59,0.41,0.0,0.488250234378912
39627770254333671,0.0,0.78,0.22,0.0,0.38008375148098283
39627764172592430,0.0,0.2,0.8,0.0,0.36096404744368116
39627770229166033,0.0,0.26,0.74,0.0,0.4133731862463089
39627794400938589,0.0,0.41,0.59,0.0,0.488250234378912
39627764197756392,0.0,0.95,0.05,0.0,0.14319847855797813
39627800419768599,0.0,0.48,0.52,0.0,0.4994227679976009
39627770229166068,0.0,0.87,0.13,0.0,0.2787190925139945
39627800423956779,0.0,0.29,0.71,0.0,0.43436062316970225
39627764189369781,0.0,0.72,0.28,0.0,0.4277254052800653
39627764197756407,0.0,0.35,0.65,0.0,0.4670340276877455
39627776273157397,0.0,0.95,0.05,0.0,0.14319847855797813
39627764185175744,0.0,0.74,0.26,0.0,0.4133731862463089
39627746061586512,0.0,0.98,0.02,0.0,0.07072027127091034
39627746095138530,0.08,0.91,0.01,0.0,0.24088153359695552
39627752134938966,0.0,0.26,0.74,0.0,0.4133731862463089
39627770229165915,0.0,0.21,0.79,0.0,0.37074136996563684
39627788352749673,0.0,0.68,0.32,0.0,0.45219072886224687
39627788348561361,0.0,0.46,0.54,0.0,0.49768921941011285
39627788348561807,0.0,0.36,0.64,0.0,0.4713415946277461
39627794379968453,0.0,0.46,0.54,0.0,0.49768921941011285
39627758166346627,0.0,0.5,0.5,0.0,0.5
39627788348561731,0.0,0.35,0.65,0.0,0.4670340276877455
39627794392547901,0.0,0.63,0.37,0.0,0.47533604634353294
39627764185175883,0.0,0.75,0.25,0.0,0.4056390622295664
39627776256382329,0.0,0.01,0.98,0.01,0.08072027127091033
39627782300374024,0.0,0.01,0.98,0.01,0.08072027127091033
39627752130741678,0.0,0.48,0.52,0.0,0.4994227679976009
39627794379968642,0.0,0.0,1.0,0.0,-0.0
39627782296180957,0.0,0.11,0.89,0.0,0.249957979082264
39627794413523559,0.0,0.18,0.82,0.0,0.34003852286413994
39627800419768409,0.01,0.87,0.12,0.0,0.30414992414989617
39627770229165711,0.0,0.31,0.69,0.0,0.4465867291889284
39627746086753440,0.0,0.53,0.47,0.0,0.4987007942838698
39627746086753432,0.0,0.25,0.75,0.0,0.4056390622295664
39627800444933860,0.0,0.0,0.99,0.01,0.04039656794795559
39627746090944295,0.0,0.29,0.71,0.0,0.43436062316970225
39627746090944374,0.0,0.32,0.68,0.0,0.45219072886224687
39627782308760134,0.0,0.15,0.85,0.0,0.3049201523582002
39627752134937257,0.0,0.06,0.94,0.0,0.16372245957723813
39627752109771238,0.0,0.81,0.19,0.0,0.3507357299419487
39627806472145975,0.0,0.29,0.71,0.0,0.43436062316970225
39627764176783947,0.0,0.84,0.16,0.0,0.3171547773202831
39627758166346804,0.0,0.0,1.0,0.0,-0.0
39627758141180900,0.0,0.34,0.66,0.0,0.46240935248651505
39627758166347534,0.0,0.32,0.68,0.0,0.45219072886224687
39627788340173718,0.0,0.18,0.82,0.0,0.34003852286413994
39627764176782777,0.0,0.16,0.84,0.0,0.3171547773202831
39627782308761884,0.0,0.59,0.41,0.0,0.488250234378912
39627788340173389,0.0,0.0,1.0,0.0,-0.0
39627788344363013,0.0,0.15,0.85,0.0,0.3049201523582002
39627764210341768,0.0,0.19,0.81,0.0,0.3507357299419487
39627764206142906,0.0,0.13,0.87,0.0,0.2787190925139945
39627764197756812,0.01,0.71,0.28,0.0,0.46573817837513565
39627770258523129,0.0,0.35,0.65,0.0,0.4670340276877455
39627770258522781,0.0,0.18,0.82,0.0,0.34003852286413994
39627758149571465,0.0,0.57,0.43,0.0,0.4929075185894599
39627770216580149,0.0,0.19,0.81,0.0,0.3507357299419487
39627776294128230,0.0,0.51,0.49,0.0,0.49985572087640495
39627764197756914,0.0,0.0,1.0,0.0,-0.0
39627776273157904,0.0,0.66,0.34,0.0,0.46240935248651505
39627758166346439,0.0,0.88,0.12,0.0,0.2646804326436822
39627782333927388,0.0,0.02,0.97,0.01,0.11097036642660543
39627770241749273,0.0,0.96,0.04,0.0,0.12114609454120741
39627806472146142,0.0,1.0,0.0,0.0,-0.0
39627776281544257,0.0,0.67,0.33,0.0,0.4574631863898637
39627758178926675,0.0,0.75,0.25,0.0,0.4056390622295664
39627746065781419,0.0,0.16,0.84,0.0,0.3171547773202831
39627776264769742,0.0,0.2,0.8,0.0,0.36096404744368116
39627758178927287,0.0,0.42,0.58,0.0,0.49072694751682683
39627764214532344,0.0,0.2,0.8,0.0,0.36096404744368116
39627758178927697,0.0,0.53,0.47,0.0,0.4987007942838698
39627776298321850,0.0,0.16,0.84,0.0,0.3171547773202831
39627758178927271,0.0,0.98,0.02,0.0,0.07072027127091034
39627806463758346,0.0,0.52,0.48,0.0,0.4994227679976009
39627800419768075,0.0,0.55,0.45,0.0,0.49638722699390414
39627800419768077,0.0,0.57,0.43,0.0,0.4929075185894599
39627770237554433,0.0,0.38,0.62,0.0,0.47902101111314976
39627782304570123,0.0,0.43,0.57,0.0,0.4929075185894599
39627758149571793,0.0,0.18,0.82,0.0,0.34003852286413994
39627758170538464,0.0,0.88,0.12,0.0,0.2646804326436822
39627782300374189,0.0,0.28,0.72,0.0,0.4277254052800653
39627770237554200,0.0,0.41,0.59,0.0,0.488250234378912
39627794379967379,0.0,0.06,0.94,0.0,0.16372245957723813
39627800428152616,0.0,0.77,0.23,0.0,0.38900565177326885
39627788377915977,0.0,0.47,0.53,0.0,0.4987007942838698
39627800428152575,0.0,0.86,0.14,0.0,0.292119405821428
39627770224970713,0.0,0.44,0.56,0.0,0.4947937606110278
39627764176781503,0.0,0.02,0.98,0.0,0.07072027127091034
39627752109773624,0.0,0.11,0.89,0.0,0.249957979082264
39627746069973459,0.01,0.83,0.16,0.0,0.3562867308783886
39627770224970926,0.0,0.86,0.14,0.0,0.292119405821428
39627782304569474,0.0,0.69,0.31,0.0,0.4465867291889284
39627764214532625,0.0,0.42,0.58,0.0,0.49072694751682683
39627758178927667,0.0,0.36,0.64,0.0,0.4713415946277461
39627782317148297,0.0,0.62,0.38,0.0,0.47902101111314976
39627764172592411,0.0,0.54,0.46,0.0,0.49768921941011285
39627776252186945,0.0,0.29,0.71,0.0,0.43436062316970225
39627794413523325,0.0,0.88,0.12,0.0,0.2646804326436822
39627794413523612,0.0,0.73,0.27,0.0,0.42073231810408784
39627794413523863,0.0,1.0,0.0,0.0,-0.0
39627770262717341,0.0,0.29,0.71,0.0,0.43436062316970225
39627752105578959,0.0,0.0,0.98,0.02,0.07072027127091034
39627746065779174,0.0,0.31,0.69,0.0,0.4465867291889284
39627764193561251,0.0,0.51,0.49,0.0,0.49985572087640495
39627752130741506,0.0,0.3,0.7,0.0,0.44064544961534635
39627782333927314,0.0,1.0,0.0,0.0,-0.0
39627800440736585,0.0,0.86,0.14,0.0,0.292119405821428
39627800440736727,0.0,0.89,0.11,0.0,0.249957979082264
39627770216580090,0.0,0.02,0.98,0.0,0.07072027127091034
39627758178928284,0.0,0.88,0.12,0.0,0.2646804326436822
39627740038566759,0.0,0.5,0.5,0.0,0.5
39627770216579887,0.0,0.56,0.44,0.0,0.4947937606110278
39627746065777984,0.0,0.99,0.01,0.0,0.04039656794795559
39627746065779548,0.0,1.0,0.0,0.0,-0.0
39627776252187963,0.0,0.53,0.47,0.0,0.4987007942838698
39627782300373544,0.0,0.01,0.99,0.0,0.04039656794795559
39627776256383440,0.0,0.49,0.51,0.0,0.49985572087640495
39627770237554451,0.0,0.99,0.01,0.0,0.04039656794795559
39627764214530467,0.0,0.96,0.04,0.0,0.12114609454120741
39627740034369644,0.0,0.03,0.97,0.0,0.0971959289157881
39627782317149334,0.0,0.62,0.38,0.0,0.47902101111314976
39627764214530717,0.0,0.0,0.88,0.12,0.2646804326436822
39627782317149838,0.0,0.75,0.25,0.0,0.4056390622295664
39627764214530625,0.0,0.2,0.8,0.0,0.36096404744368116
39627782325539771,0.0,0.74,0.26,0.0,0.4133731862463089
39627794400935974,0.0,0.91,0.09,0.0,0.21823490853205144
39627794400936172,0.0,0.63,0.37,0.0,0.47533604634353294
39627758166344187,0.0,0.14,0.86,0.0,0.292119405821428
39627770216585304,0.0,0.01,0.98,0.01,0.08072027127091033
39627788344364810,0.0,0.57,0.43,0.0,0.4929075185894599
39627782325537205,0.02,0.98,0.0,0.0,0.07072027127091034
39627776252185486,0.0,0.87,0.13,0.0,0.2787190925139945
39627782317148590,0.0,0.84,0.16,0.0,0.3171547773202831
39627776273157824,0.0,0.6,0.4,0.0,0.4854752972273343
39627740046951781,0.0,0.89,0.11,0.0,0.249957979082264
39627776260577036,0.0,0.36,0.64,0.0,0.4713415946277461
39627740046951825,0.0,0.0,0.91,0.09,0.21823490853205144
39627740046951868,0.0,0.29,0.71,0.0,0.43436062316970225
39627776273157974,0.0,0.41,0.59,0.0,0.488250234378912
39627776256382642,0.0,0.05,0.95,0.0,0.14319847855797813
39627746086749291,0.0,0.78,0.22,0.0,0.38008375148098283
39627776256382713,0.0,0.47,0.53,0.0,0.4987007942838698
39627758170542709,0.0,0.81,0.19,0.0,0.3507357299419487
39627758170542398,0.0,0.91,0.09,0.0,0.21823490853205144
39627740046951207,0.0,0.0,0.89,0.11,0.249957979082264
39627776256382428,0.0,0.08,0.92,0.0,0.2010895951011364
39627764210341790,0.0,0.28,0.72,0.0,0.4277254052800653
39627788356947026,0.0,0.19,0.81,0.0,0.3507357299419487
39627746065779455,0.0,0.29,0.71,0.0,0.43436062316970225
39627764210341822,0.0,0.01,0.93,0.06,0.20367037270049304
39627782317149481,0.0,0.8,0.2,0.0,0.36096404744368116
39627782317148918,0.05,0.95,0.0,0.0,0.14319847855797813
39627788377916847,0.0,0.01,0.99,0.0,0.04039656794795559
39627806463759365,0.0,0.83,0.17,0.0,0.32885238937210975
39627782338118510,0.0,0.95,0.05,0.0,0.14319847855797813
39627746090943661,0.0,0.91,0.09,0.0,0.21823490853205144
39627746086749655,0.0,0.76,0.24,0.0,0.39752013969226113
39627776285741837,0.0,0.11,0.89,0.0,0.249957979082264
39627758141181723,0.0,0.33,0.65,0.02,0.5223335259589698
39627776252185694,0.0,0.71,0.29,0.0,0.43436062316970225
39627788373726340,0.0,0.02,0.98,0.0,0.07072027127091034
39627782338118807,0.0,0.42,0.58,0.0,0.49072694751682683
39627740046950865,0.0,0.03,0.97,0.0,0.0971959289157881
39627794417715027,0.0,0.27,0.73,0.0,0.42073231810408784
39627794417714750,0.0,0.89,0.11,0.0,0.249957979082264
39627746065779091,0.0,0.99,0.01,0.0,0.04039656794795559
39627782329732740,0.0,0.17,0.83,0.0,0.32885238937210975
39627758166347388,0.0,0.03,0.97,0.0,0.0971959289157881
39627746078364643,0.0,0.74,0.26,0.0,0.4133731862463089
39627752113963240,0.0,0.49,0.51,0.0,0.49985572087640495
39627758153764799,0.0,0.03,0.97,0.0,0.0971959289157881
39627764176785956,0.0,0.52,0.48,0.0,0.4994227679976009
39627758149567287,0.0,0.55,0.45,0.0,0.49638722699390414
39627782300371765,0.0,0.0,0.99,0.01,0.04039656794795559
39627758166347209,0.0,0.0,0.95,0.05,0.14319847855797813
39627776252185248,0.0,0.1,0.9,0.0,0.2344977967946406
39627776252185333,0.0,0.07,0.93,0.0,0.18296182545011158
39627770254333488,0.0,0.09,0.91,0.0,0.21823490853205144
39627776285741396,0.01,0.85,0.14,0.0,0.33142210248480686
39627776294126604,0.0,0.21,0.79,0.0,0.37074136996563684
39627776260575839,0.0,0.06,0.94,0.0,0.16372245957723813
39627776260575901,0.0,0.21,0.79,0.0,0.37074136996563684
39627776260575905,0.0,0.02,0.98,0.0,0.07072027127091034
39627758166347268,0.0,0.67,0.33,0.0,0.4574631863898637
39627770233359388,0.0,0.0,1.0,0.0,-0.0
39627806472146222,0.0,0.93,0.07,0.0,0.18296182545011158
39627770241746100,0.0,0.66,0.34,0.0,0.46240935248651505
39627794384160694,0.0,0.74,0.26,0.0,0.4133731862463089
39627770233360549,0.0,0.06,0.94,0.0,0.16372245957723813
39627770233360064,0.0,0.45,0.55,0.0,0.49638722699390414
39627806463757097,0.0,0.74,0.26,0.0,0.4133731862463089
39627794384163262,0.0,0.28,0.72,0.0,0.4277254052800653
39627776285741696,0.0,0.29,0.71,0.0,0.43436062316970225
39627788335978204,0.0,0.35,0.65,0.0,0.4670340276877455
39627794384163404,0.0,0.01,0.99,0.0,0.04039656794795559
39627788377917857,0.0,1.0,0.0,0.0,-0.0
39627758178928903,0.0,0.46,0.54,0.0,0.49768921941011285
39627764206144324,0.0,0.63,0.37,0.0,0.47533604634353294
39627782291984922,0.0,0.05,0.94,0.01,0.1832231322266888
39627758170542554,0.02,0.97,0.01,0.0,0.11097036642660543
39627794396747306,0.0,0.04,0.96,0.0,0.12114609454120741
39627782291984877,0.0,0.2,0.78,0.02,0.42842842004234927
39627794379970900,0.0,0.41,0.59,0.0,0.488250234378912
39627776260577362,0.0,0.14,0.86,0.0,0.292119405821428
39627752101380584,0.0,0.89,0.11,0.0,0.249957979082264
39627794375774064,0.0,0.96,0.04,0.0,0.12114609454120741
39627794375774180,0.0,0.05,0.95,0.0,0.14319847855797813
39627794375773914,0.0,0.64,0.36,0.0,0.4713415946277461
39627746090943695,0.0,0.11,0.89,0.0,0.249957979082264
39627758174737250,0.0,0.85,0.15,0.0,0.3049201523582002
39627752101380554,0.0,0.35,0.65,0.0,0.4670340276877455
39627758174734719,0.0,0.59,0.41,0.0,0.488250234378912
39627788340169307,0.0,0.13,0.87,0.0,0.2787190925139945
39627770241749485,0.0,0.32,0.68,0.0,0.45219072886224687
39627758174732901,0.0,0.4,0.6,0.0,0.4854752972273343
39627758174732694,0.0,0.37,0.63,0.0,0.47533604634353294
39627782312956286,0.0,0.66,0.34,0.0,0.46240935248651505
39627800428150848,0.0,0.41,0.59,0.0,0.488250234378912
39627758157958334,0.0,0.14,0.86,0.0,0.292119405821428
39627788373725495,0.0,0.98,0.02,0.0,0.07072027127091034
39627758136985501,0.0,0.31,0.69,0.0,0.4465867291889284
39627758145374180,0.0,0.03,0.97,0.0,0.0971959289157881
39627788373725385,0.0,0.16,0.83,0.01,0.3562867308783886
39627800419764509,0.0,0.26,0.74,0.0,0.4133731862463089
39627800419764511,0.0,0.52,0.48,0.0,0.4994227679976009
39627776256378920,0.0,0.8,0.2,0.0,0.36096404744368116
39627764180980782,0.0,0.64,0.36,0.0,0.4713415946277461
39627794409328958,0.0,0.04,0.96,0.0,0.12114609454120741
39627794409328854,0.0,0.96,0.04,0.0,0.12114609454120741
39627770245943809,0.0,0.03,0.97,0.0,0.0971959289157881
39627740025981545,0.0,0.45,0.55,0.0,0.49638722699390414
39627776256378821,0.0,0.15,0.85,0.0,0.3049201523582002
39627758136987250,0.0,0.02,0.97,0.01,0.11097036642660543
39627740038565889,0.0,0.08,0.91,0.01,0.24088153359695552
39627746061584527,0.0,0.09,0.91,0.0,0.21823490853205144
39627746082555536,0.0,0.99,0.01,0.0,0.04039656794795559
39627776294129344,0.0,0.36,0.64,0.0,0.4713415946277461
39627752130745821,0.0,0.05,0.95,0.0,0.14319847855797813
39627800419763880,0.0,1.0,0.0,0.0,-0.0
39627788340170881,0.0,0.04,0.96,0.0,0.12114609454120741
39627764176784678,0.0,0.21,0.79,0.0,0.37074136996563684
39627770245943946,0.0,0.98,0.02,0.0,0.07072027127091034
39627770224973450,0.0,0.01,0.98,0.01,0.08072027127091033
39627800419764679,0.0,0.67,0.33,0.0,0.4574631863898637
39627746095136813,0.0,0.3,0.7,0.0,0.44064544961534635
39627746095136906,0.0,0.5,0.5,0.0,0.5
39627800419764913,0.0,1.0,0.0,0.0,-0.0
39627758141178190,0.0,0.83,0.17,0.0,0.32885238937210975
39627758162152259,0.0,0.98,0.02,0.0,0.07072027127091034
39627758145377219,0.0,0.78,0.22,0.0,0.38008375148098283
39627782300373971,0.0,0.43,0.57,0.0,0.4929075185894599
39627746082555544,0.0,0.92,0.08,0.0,0.2010895951011364
39627764197753817,0.0,0.22,0.78,0.0,0.38008375148098283
39627746095136957,0.0,0.0,0.98,0.02,0.07072027127091034
39627740038565808,0.0,0.96,0.04,0.0,0.12114609454120741
39627752134936404,0.0,0.88,0.12,0.0,0.2646804326436822
39627764206146256,0.0,0.04,0.9,0.06,0.283045326517374
39627746095137092,0.0,0.58,0.42,0.0,0.49072694751682683
39627764197758255,0.0,0.55,0.45,0.0,0.49638722699390414
39627788344364938,0.0,0.65,0.35,0.0,0.4670340276877455
39627764218726856,0.0,0.55,0.45,0.0,0.49638722699390414
39627770262716940,0.0,0.0,0.96,0.04,0.12114609454120741
39627782308758107,0.0,0.47,0.53,0.0,0.4987007942838698
39627794384159172,0.0,0.98,0.02,0.0,0.07072027127091034
39627764214534465,0.0,0.72,0.28,0.0,0.4277254052800653
39627764218726470,0.0,0.71,0.29,0.0,0.43436062316970225
39627782308758289,0.0,0.56,0.44,0.0,0.4947937606110278
39627788373725868,0.0,0.94,0.06,0.0,0.16372245957723813
39627788373725728,0.0,0.09,0.91,0.0,0.21823490853205144
39627782338117730,0.0,0.25,0.75,0.0,0.4056390622295664
39627770229165473,0.0,0.62,0.38,0.0,0.47902101111314976
39627782312957521,0.0,0.16,0.84,0.0,0.3171547773202831
39627782312957625,0.0,0.64,0.36,0.0,0.4713415946277461
39627782312956633,0.0,0.8,0.2,0.0,0.36096404744368116
39627764218729021,0.0,0.0,1.0,0.0,-0.0
39627788335976127,0.0,0.85,0.15,0.0,0.3049201523582002
39627800419767124,0.0,0.58,0.42,0.0,0.49072694751682683
39627776294129536,0.0,0.14,0.86,0.0,0.292119405821428
39627764206146225,0.0,0.01,0.85,0.14,0.33142210248480686
39627764206146769,0.0,0.44,0.56,0.0,0.4947937606110278
39627782308760395,0.0,0.46,0.54,0.0,0.49768921941011285
39627788340171257,0.0,0.38,0.62,0.0,0.47902101111314976
39627782304569245,0.0,0.69,0.31,0.0,0.4465867291889284
39627764197758539,0.0,0.91,0.09,0.0,0.21823490853205144
39627776268966614,0.0,0.12,0.88,0.0,0.2646804326436822
39627764218727159,0.0,0.04,0.96,0.0,0.12114609454120741
39627800423959616,0.0,0.46,0.54,0.0,0.49768921941011285
39627764206146306,0.0,0.02,0.97,0.01,0.11097036642660543
39627782296178603,0.0,0.13,0.84,0.03,0.3728517581302947
39627776260576736,0.0,0.49,0.51,0.0,0.49985572087640495
39627764197756949,0.0,0.25,0.75,0.0,0.4056390622295664
39627752130744338,0.0,0.27,0.73,0.0,0.42073231810408784
39627764197756957,0.0,0.57,0.43,0.0,0.4929075185894599
39627764180980126,0.0,0.29,0.71,0.0,0.43436062316970225
39627806463754424,0.0,0.9,0.1,0.0,0.2344977967946406
39627794409329694,0.0,0.72,0.28,0.0,0.4277254052800653
39627782312955580,0.0,0.82,0.18,0.0,0.34003852286413994
39627764180980379,0.0,0.27,0.73,0.0,0.42073231810408784
39627794409329993,0.0,0.3,0.7,0.0,0.44064544961534635
39627806463754631,0.0,0.51,0.49,0.0,0.49985572087640495
39627770224972826,0.0,0.73,0.27,0.0,0.42073231810408784
39627752130744545,0.0,1.0,0.0,0.0,-0.0
39627764180980421,0.0,0.32,0.67,0.01,0.4897882160840085
39627782296179595,0.0,0.16,0.84,0.0,0.3171547773202831
39627794409329469,0.0,1.0,0.0,0.0,-0.0
39627764197756668,0.0,0.31,0.69,0.0,0.4465867291889284
39627782296179321,0.0,0.07,0.93,0.0,0.18296182545011158
39627752130744585,0.0,0.79,0.21,0.0,0.37074136996563684
39627764197756735,0.0,0.02,0.98,0.0,0.07072027127091034
39627764180980114,0.0,0.0,0.98,0.02,0.07072027127091034
39627770224973083,0.0,0.36,0.64,0.0,0.4713415946277461
39627770224973123,0.0,0.6,0.4,0.0,0.4854752972273343
39627782296179435,0.0,0.0,1.0,0.0,-0.0
39627758166346447,0.0,0.53,0.47,0.0,0.4987007942838698
39627770258525366,0.0,1.0,0.0,0.0,-0.0
39627794409326371,0.0,0.86,0.14,0.0,0.292119405821428
39627752122356382,0.0,0.12,0.88,0.0,0.2646804326436822
39627776268962963,0.02,0.98,0.0,0.0,0.07072027127091034
39627788361141473,0.0,0.93,0.07,0.0,0.18296182545011158
39627764193562679,0.0,0.07,0.93,0.0,0.18296182545011158
39627752122356588,0.0,0.81,0.19,0.0,0.3507357299419487
39627752122355753,0.0,0.09,0.91,0.0,0.21823490853205144
39627770250137173,0.0,0.92,0.08,0.0,0.2010895951011364
39627764193563503,0.01,0.99,0.0,0.0,0.04039656794795559
39627782304570272,0.0,0.21,0.79,0.0,0.37074136996563684
39627782308757757,0.0,0.82,0.18,0.0,0.34003852286413994
39627782308757766,0.0,0.51,0.49,0.0,0.49985572087640495
39627746074170663,0.0,0.27,0.73,0.0,0.42073231810408784
39627746074170540,0.0,0.35,0.65,0.0,0.4670340276877455
39627782308758336,0.0,0.08,0.92,0.0,0.2010895951011364
39627782308758978,0.0,0.04,0.96,0.0,0.12114609454120741
39627794405134699,0.0,0.08,0.92,0.0,0.2010895951011364
39627746074170461,0.0,0.01,0.99,0.0,0.04039656794795559
39627764189364923,0.0,0.28,0.72,0.0,0.4277254052800653
39627794409325818,0.0,0.77,0.23,0.0,0.38900565177326885
39627770258523286,0.01,0.93,0.06,0.0,0.20367037270049304
39627758149566999,0.0,0.26,0.74,0.0,0.4133731862463089
39627776264766556,0.0,0.04,0.92,0.04,0.24108959510113642
39627770250137066,0.0,0.28,0.72,0.0,0.4277254052800653
39627752122355307,0.0,0.44,0.56,0.0,0.4947937606110278
39627782300375147,0.0,0.48,0.52,0.0,0.4994227679976009
39627764180980531,0.0,0.34,0.66,0.0,0.46240935248651505
39627770224973634,0.0,0.73,0.27,0.0,0.42073231810408784
39627770224973591,0.0,0.01,0.99,0.0,0.04039656794795559
39627770258524686,0.0,0.02,0.97,0.01,0.11097036642660543
39627746082555445,0.0,0.68,0.32,0.0,0.45219072886224687
39627788365335603,0.0,0.67,0.33,0.0,0.4574631863898637
39627782300373798,0.0,0.14,0.86,0.0,0.292119405821428
39627782300373784,0.0,0.96,0.04,0.0,0.12114609454120741
39627794409328112,0.0,0.28,0.72,0.0,0.4277254052800653
39627746074167714,0.0,0.12,0.88,0.0,0.2646804326436822
39627806472145807,0.0,0.84,0.16,0.0,0.3171547773202831
39627770224974006,0.0,0.09,0.91,0.0,0.21823490853205144
39627752122355715,0.0,0.43,0.57,0.0,0.4929075185894599
39627746074168003,0.0,0.15,0.85,0.0,0.3049201523582002
39627782308761574,0.0,0.76,0.24,0.0,0.39752013969226113
39627782308761609,0.0,0.18,0.82,0.0,0.34003852286413994
39627782308761788,0.0,0.01,0.97,0.02,0.11097036642660543
39627746082555339,0.0,0.16,0.84,0.0,0.3171547773202831
39627806472145433,0.01,0.95,0.04,0.0,0.16124668093016215
39627752122355408,0.0,0.24,0.76,0.0,0.39752013969226113
39627758166345296,0.0,0.25,0.75,0.0,0.4056390622295664
39627758166346443,0.0,0.48,0.52,0.0,0.4994227679976009
39627782308763669,0.0,0.64,0.36,0.0,0.4713415946277461
39627758166346159,0.0,0.15,0.85,0.0,0.3049201523582002
39627800449122783,0.0,0.92,0.08,0.0,0.2010895951011364
39627764180980047,0.0,0.39,0.61,0.0,0.4823997742525436
39627776264766547,0.0,0.22,0.78,0.0,0.38008375148098283
39627782329733889,0.0,0.93,0.07,0.0,0.18296182545011158
39627800419768269,0.0,0.82,0.18,0.0,0.34003852286413994
39627770212387897,0.0,0.62,0.38,0.0,0.47902101111314976
39627752113965042,0.0,0.91,0.09,0.0,0.21823490853205144
39627782333924730,0.0,0.27,0.73,0.0,0.42073231810408784
39627752118158305,0.0,0.0,0.84,0.16,0.3171547773202831
39627752118158075,0.0,0.55,0.45,0.0,0.49638722699390414
39627758153766276,0.0,0.15,0.83,0.02,0.3732699362077497
39627776256377035,0.0,0.99,0.01,0.0,0.04039656794795559
39627776256376946,0.0,0.14,0.86,0.0,0.292119405821428
39627776252189035,0.0,0.37,0.63,0.0,0.47533604634353294
39627776252189021,0.0,0.97,0.03,0.0,0.0971959289157881
39627740038564177,0.0,0.61,0.39,0.0,0.4823997742525436
39627752101384252,0.0,0.29,0.71,0.0,0.43436062316970225
39627752101384244,0.0,0.25,0.75,0.0,0.4056390622295664
39627758162151265,0.0,0.06,0.94,0.0,0.16372245957723813
39627758162151229,0.0,1.0,0.0,0.0,-0.0
39627776256377061,0.0,0.11,0.89,0.0,0.249957979082264
39627782333925098,0.0,0.07,0.93,0.0,0.18296182545011158
39627752113966203,0.0,0.32,0.68,0.0,0.45219072886224687
39627770212390302,0.0,0.39,0.61,0.0,0.4823997742525436
39627770212390378,0.0,0.21,0.79,0.0,0.37074136996563684
39627770212390206,0.0,0.26,0.74,0.0,0.4133731862463089
39627800428154938,0.0,0.67,0.33,0.0,0.4574631863898637
39627770216580538,0.0,0.48,0.52,0.0,0.4994227679976009
39627770216580618,0.0,0.6,0.4,0.0,0.4854752972273343
39627782338119985,0.0,0.28,0.72,0.0,0.4277254052800653
39627752113967075,0.0,0.47,0.53,0.0,0.4987007942838698
39627800432346231,0.0,0.65,0.35,0.0,0.4670340276877455
39627770212390067,0.0,0.04,0.96,0.0,0.12114609454120741
39627764214534774,0.0,0.84,0.16,0.0,0.3171547773202831
39627764214535581,0.0,0.97,0.03,0.0,0.0971959289157881
39627794388359009,0.0,0.98,0.02,0.0,0.07072027127091034
39627764214535819,0.0,0.01,0.99,0.0,0.04039656794795559
39627752113966461,0.0,0.92,0.08,0.0,0.2010895951011364
39627794400936119,0.0,0.56,0.44,0.0,0.4947937606110278
39627752113968521,0.0,0.4,0.6,0.0,0.4854752972273343
39627764218724675,0.0,0.26,0.74,0.0,0.4133731862463089
39627764214535836,0.0,0.25,0.75,0.0,0.4056390622295664
39627764176781960,0.0,0.09,0.91,0.0,0.21823490853205144
39627770220778811,0.0,0.88,0.12,0.0,0.2646804326436822
39627794405130462,0.0,0.0,0.72,0.28,0.4277254052800653
39627752130745246,0.0,0.42,0.58,0.0,0.49072694751682683
39627794405130411,0.0,0.07,0.93,0.0,0.18296182545011158
39627770254330850,0.0,0.11,0.89,0.0,0.249957979082264
39627764176786657,0.01,0.86,0.13,0.0,0.31810566868628926
39627788335976036,0.0,0.29,0.71,0.0,0.43436062316970225
39627764176786550,0.0,0.35,0.65,0.0,0.4670340276877455
39627776256377210,0.0,0.09,0.91,0.0,0.21823490853205144
39627752118162060,0.0,0.56,0.44,0.0,0.4947937606110278
39627788373723275,0.0,0.32,0.68,0.0,0.45219072886224687
39627752105575961,0.0,0.48,0.52,0.0,0.4994227679976009
39627800432349696,0.0,0.72,0.28,0.0,0.4277254052800653
39627770245944158,0.0,0.36,0.64,0.0,0.4713415946277461
39627782296177997,0.0,0.26,0.74,0.0,0.4133731862463089
39627782296177976,0.0,0.68,0.32,0.0,0.45219072886224687
39627782296177569,0.0,0.21,0.79,0.0,0.37074136996563684
39627764197758118,0.0,0.51,0.49,0.0,0.49985572087640495
39627764197758246,0.0,0.01,0.99,0.0,0.04039656794795559
39627764180979729,0.0,0.01,0.99,0.0,0.04039656794795559
39627788373723555,0.0,0.06,0.94,0.0,0.16372245957723813
39627764197758417,0.0,0.22,0.78,0.0,0.38008375148098283
39627776285737089,0.0,0.21,0.79,0.0,0.37074136996563684
39627776285737126,0.0,0.17,0.83,0.0,0.32885238937210975
39627764197758308,0.0,0.79,0.21,0.0,0.37074136996563684
39627794405130410,0.0,0.02,0.98,0.0,0.07072027127091034
39627758136986025,0.0,0.99,0.01,0.0,0.04039656794795559
39627788335976845,0.0,0.23,0.77,0.0,0.38900565177326885
39627752118160259,0.0,0.12,0.88,0.0,0.2646804326436822
39627758136987670,0.0,0.86,0.14,0.0,0.292119405821428
39627794392549574,0.0,0.62,0.38,0.0,0.47902101111314976
39627752105578292,0.0,0.04,0.95,0.01,0.16124668093016215
39627776289935224,0.0,0.99,0.01,0.0,0.04039656794795559
39627788373723149,0.0,0.82,0.18,0.0,0.34003852286413994
39627740034371507,0.0,0.13,0.87,0.0,0.2787190925139945
39627758162154056,0.0,0.0,1.0,0.0,-0.0
39627764176784956,0.0,0.31,0.69,0.0,0.4465867291889284
39627758136987848,0.0,0.01,0.99,0.0,0.04039656794795559
39627740038566343,0.0,1.0,0.0,0.0,-0.0
39627794392549266,0.0,0.97,0.03,0.0,0.0971959289157881
39627764176782407,0.0,0.19,0.81,0.0,0.3507357299419487
39627758166346032,0.0,0.96,0.04,0.0,0.12114609454120741
39627806476338078,0.0,0.49,0.51,0.0,0.49985572087640495
39627758153761113,0.0,0.01,0.99,0.0,0.04039656794795559
39627800440737755,0.0,0.06,0.94,0.0,0.16372245957723813
39627764189364644,0.0,0.3,0.7,0.0,0.44064544961534635
39627794400938106,0.0,0.55,0.45,0.0,0.49638722699390414
39627794400938282,0.0,0.99,0.01,0.0,0.04039656794795559
39627752130744292,0.0,0.89,0.11,0.0,0.249957979082264
39627758153766305,0.0,0.66,0.34,0.0,0.46240935248651505
39627794400940220,0.0,0.08,0.92,0.0,0.2010895951011364
39627788361141456,0.0,0.89,0.11,0.0,0.249957979082264
39627794400940257,0.0,0.02,0.97,0.01,0.11097036642660543
39627800440737885,0.0,0.69,0.31,0.0,0.4465867291889284
39627788335973374,0.0,0.99,0.01,0.0,0.04039656794795559
39627782312955385,0.0,0.84,0.16,0.0,0.3171547773202831
39627788335974355,0.0,0.39,0.61,0.0,0.4823997742525436
39627794400940705,0.0,0.99,0.01,0.0,0.04039656794795559
39627770250137701,0.0,0.99,0.01,0.0,0.04039656794795559
39627800440737724,0.0,0.03,0.97,0.0,0.0971959289157881
39627794400940254,0.0,0.22,0.78,0.0,0.38008375148098283
39627746061587816,0.0,0.87,0.13,0.0,0.2787190925139945
39627770224972670,0.0,0.46,0.54,0.0,0.49768921941011285
39627746069971747,0.0,0.84,0.16,0.0,0.3171547773202831
39627746069971832,0.0,0.91,0.09,0.0,0.21823490853205144
39627746074165651,0.0,0.77,0.23,0.0,0.38900565177326885
39627782304563642,0.0,0.06,0.94,0.0,0.16372245957723813
39627770220775050,0.0,0.86,0.14,0.0,0.292119405821428
39627776264766162,0.0,0.42,0.58,0.0,0.49072694751682683
39627776264766217,0.0,0.23,0.77,0.0,0.38900565177326885
39627746074168757,0.01,0.99,0.0,0.0,0.04039656794795559
39627794405136172,0.0,0.05,0.95,0.0,0.14319847855797813
39627782304568736,0.0,0.18,0.82,0.0,0.34003852286413994
39627752113967012,0.0,0.15,0.85,0.0,0.3049201523582002
39627752113966012,0.0,0.02,0.98,0.0,0.07072027127091034
39627752113965971,0.0,0.51,0.49,0.0,0.49985572087640495
39627752113965961,0.0,0.7,0.3,0.0,0.44064544961534635
39627752113965836,0.0,0.48,0.52,0.0,0.4994227679976009
39627752113965660,0.0,0.48,0.52,0.0,0.4994227679976009
39627752113965507,0.0,0.6,0.4,0.0,0.4854752972273343
39627758141182738,0.0,0.63,0.37,0.0,0.47533604634353294
39627788348556984,0.0,0.05,0.95,0.0,0.14319847855797813
39627788373722033,0.0,0.45,0.55,0.0,0.49638722699390414
39627758141178949,0.0,0.44,0.56,0.0,0.4947937606110278
39627758136985734,0.01,0.87,0.12,0.0,0.30414992414989617
39627794409325300,0.0,0.1,0.9,0.0,0.2344977967946406
39627794409325226,0.0,0.47,0.53,0.0,0.4987007942838698
39627794405136340,0.0,0.17,0.83,0.0,0.32885238937210975
39627764189370142,0.0,0.41,0.59,0.0,0.488250234378912
39627752122357342,0.0,0.79,0.21,0.0,0.37074136996563684
39627764189370023,0.0,0.1,0.9,0.0,0.2344977967946406
39627794405136310,0.0,0.26,0.74,0.0,0.4133731862463089
39627752134937651,0.0,0.44,0.56,0.0,0.4947937606110278
39627770241749215,0.0,0.92,0.08,0.0,0.2010895951011364
39627788361143350,0.0,0.04,0.96,0.0,0.12114609454120741
39627776294129492,0.0,0.35,0.65,0.0,0.4670340276877455
39627770258525356,0.0,0.17,0.83,0.0,0.32885238937210975
39627752118162457,0.0,0.27,0.73,0.0,0.42073231810408784
39627782304569342,0.0,0.06,0.94,0.0,0.16372245957723813
39627752118162421,0.0,0.59,0.41,0.0,0.488250234378912
39627752118162393,0.0,0.37,0.63,0.0,0.47533604634353294
39627782304569299,0.0,0.0,0.47,0.53,0.4987007942838698
39627758170539147,0.01,0.98,0.01,0.0,0.08072027127091033
39627752118162392,0.0,0.21,0.79,0.0,0.37074136996563684
39627740042760306,0.0,0.84,0.16,0.0,0.3171547773202831
39627746095138384,0.0,0.92,0.08,0.0,0.2010895951011364
39627776294129074,0.0,0.55,0.45,0.0,0.49638722699390414
39627740042760648,0.0,0.72,0.28,0.0,0.4277254052800653
39627776294129116,0.0,0.37,0.63,0.0,0.47533604634353294
39627782304567192,0.0,0.46,0.54,0.0,0.49768921941011285
39627782304566968,0.0,0.29,0.71,0.0,0.43436062316970225
39627740042759653,0.0,0.05,0.92,0.03,0.239266955218135
39627770241749303,0.0,0.5,0.5,0.0,0.5
39627776273155308,0.0,0.62,0.38,0.0,0.47902101111314976
39627758170538858,0.0,0.67,0.33,0.0,0.4574631863898637
39627782308761089,0.0,0.07,0.93,0.0,0.18296182545011158
39627782308761048,0.0,0.11,0.89,0.0,0.249957979082264
39627752134937868,0.0,0.89,0.11,0.0,0.249957979082264
39627764201948117,0.0,0.57,0.43,0.0,0.4929075185894599
39627794388355533,0.0,0.75,0.25,0.0,0.4056390622295664
39627770254331568,0.0,0.21,0.79,0.0,0.37074136996563684
39627776285737404,0.0,0.16,0.84,0.0,0.3171547773202831
39627794384162161,0.0,0.75,0.25,0.0,0.4056390622295664
39627764176786318,0.0,0.85,0.15,0.0,0.3049201523582002
39627788373724267,0.0,1.0,0.0,0.0,-0.0
39627752101385481,0.0,0.71,0.29,0.0,0.43436062316970225
39627782308759132,0.0,0.23,0.77,0.0,0.38900565177326885
39627788335974380,0.0,0.04,0.96,0.0,0.12114609454120741
39627764206142355,0.0,0.72,0.28,0.0,0.4277254052800653
39627764206142329,0.0,0.06,0.93,0.01,0.20367037270049304
39627770241750063,0.0,0.98,0.02,0.0,0.07072027127091034
39627764206145174,0.0,0.94,0.06,0.0,0.16372245957723813
39627764206145637,0.0,0.25,0.75,0.0,0.4056390622295664
39627740038562716,0.0,0.47,0.53,0.0,0.4987007942838698
39627740038562703,0.0,0.8,0.2,0.0,0.36096404744368116
39627776256377155,0.0,0.26,0.74,0.0,0.4133731862463089
39627758136985781,0.0,0.04,0.96,0.0,0.12114609454120741
39627770212389224,0.0,0.45,0.55,0.0,0.49638722699390414
39627794384162696,0.0,0.0,0.97,0.03,0.0971959289157881
39627758136986132,0.0,0.02,0.98,0.0,0.07072027127091034
39627752134936201,0.0,0.0,0.98,0.02,0.07072027127091034
39627758136986111,0.0,0.01,0.93,0.06,0.20367037270049304
39627794384162425,0.0,0.58,0.42,0.0,0.49072694751682683
39627758136985951,0.0,0.02,0.96,0.02,0.14114609454120738
39627782304566718,0.0,0.51,0.49,0.0,0.49985572087640495
39627758170539453,0.0,0.13,0.87,0.0,0.2787190925139945
39627764218724938,0.0,0.7,0.3,0.0,0.44064544961534635
39627776264766075,0.0,0.32,0.68,0.0,0.45219072886224687
39627788365336092,0.0,0.78,0.22,0.0,0.38008375148098283
39627770241745315,0.0,0.24,0.76,0.0,0.39752013969226113
39627770241745465,0.0,0.92,0.08,0.0,0.2010895951011364
39627770224973620,0.0,0.07,0.93,0.0,0.18296182545011158
39627770258525233,0.0,0.82,0.18,0.0,0.34003852286413994
39627770258525238,0.0,0.33,0.67,0.0,0.4574631863898637
39627776264768308,0.0,0.37,0.63,0.0,0.47533604634353294
39627782308759663,0.0,0.03,0.97,0.0,0.0971959289157881
39627752130742411,0.0,0.28,0.72,0.0,0.4277254052800653
39627770212389378,0.0,0.34,0.66,0.0,0.46240935248651505
39627788335974031,0.0,0.41,0.59,0.0,0.488250234378912
39627776256382440,0.0,0.43,0.57,0.0,0.4929075185894599
39627800449125968,0.0,0.91,0.09,0.0,0.21823490853205144
39627770212387432,0.0,0.18,0.82,0.0,0.34003852286413994
39627776281543764,0.0,0.16,0.84,0.0,0.3171547773202831
39627800449125729,0.0,0.27,0.73,0.0,0.42073231810408784
39627752101384677,0.0,0.21,0.79,0.0,0.37074136996563684
39627788356946175,0.0,0.74,0.26,0.0,0.4133731862463089
39627788356946174,0.0,0.89,0.11,0.0,0.249957979082264
39627770241749592,0.0,0.44,0.56,0.0,0.4947937606110278
39627770212389340,0.0,0.06,0.94,0.0,0.16372245957723813
39627770224974342,0.01,0.98,0.01,0.0,0.08072027127091033
39627764189367892,0.0,0.76,0.24,0.0,0.39752013969226113
39627770212388982,0.0,0.94,0.06,0.0,0.16372245957723813
39627800419763214,0.0,0.59,0.41,0.0,0.488250234378912
39627770241745856,0.0,0.26,0.74,0.0,0.4133731862463089
39627758157958691,0.0,0.17,0.83,0.0,0.32885238937210975
39627764189367914,0.0,0.02,0.98,0.0,0.07072027127091034
39627800415573899,0.0,0.77,0.23,0.0,0.38900565177326885
39627794388356329,0.0,0.51,0.49,0.0,0.49985572087640495
39627782312957209,0.0,0.87,0.13,0.0,0.2787190925139945
39627800419762900,0.0,1.0,0.0,0.0,-0.0
39627782304569732,0.0,0.86,0.14,0.0,0.292119405821428
39627770220777528,0.0,0.13,0.87,0.0,0.2787190925139945
39627800419762507,0.0,0.03,0.97,0.0,0.0971959289157881
39627770250135510,0.0,0.14,0.86,0.0,0.292119405821428
39627770224973785,0.0,0.08,0.92,0.0,0.2010895951011364
39627800419766841,0.0,0.02,0.98,0.0,0.07072027127091034
39627764189368165,0.0,0.02,0.98,0.0,0.07072027127091034
39627794388357374,0.0,0.57,0.43,0.0,0.4929075185894599
39627800415573425,0.0,0.01,0.99,0.0,0.04039656794795559
39627746065779211,0.0,0.9,0.1,0.0,0.2344977967946406
39627794388357443,0.01,0.9,0.09,0.0,0.2579475764741046
39627770212389547,0.0,0.37,0.63,0.0,0.47533604634353294
39627764214533376,0.0,0.87,0.13,0.0,0.2787190925139945
39627752113966568,0.0,0.96,0.04,0.0,0.12114609454120741
39627782333924438,0.0,0.83,0.17,0.0,0.32885238937210975
39627800444928853,0.0,0.98,0.02,0.0,0.07072027127091034
39627794396744395,0.0,0.49,0.51,0.0,0.49985572087640495
39627794396744436,0.0,0.95,0.05,0.0,0.14319847855797813
39627782304569924,0.0,0.1,0.9,0.0,0.2344977967946406
39627758153766721,0.0,0.15,0.85,0.0,0.3049201523582002
39627764218724779,0.0,0.64,0.36,0.0,0.4713415946277461
39627770212390213,0.0,0.72,0.28,0.0,0.4277254052800653
39627758157959102,0.0,0.78,0.22,0.0,0.38008375148098283
39627752113966736,0.0,0.7,0.3,0.0,0.44064544961534635
39627770212390739,0.0,0.79,0.21,0.0,0.37074136996563684
39627800419765543,0.0,0.63,0.37,0.0,0.47533604634353294
39627764197753918,0.0,0.63,0.37,0.0,0.47533604634353294
39627764197754084,0.0,0.8,0.2,0.0,0.36096404744368116
39627800436540675,0.0,0.79,0.21,0.0,0.37074136996563684
39627800419765672,0.0,0.0,0.97,0.03,0.0971959289157881
39627806476340048,0.0,0.57,0.43,0.0,0.4929075185894599
39627806476340343,0.0,0.82,0.18,0.0,0.34003852286413994
39627764197753914,0.0,0.36,0.64,0.0,0.4713415946277461
39627782300373934,0.0,0.3,0.7,0.0,0.44064544961534635
39627806467953342,0.0,0.01,0.99,0.0,0.04039656794795559
39627764193559646,0.0,0.3,0.7,0.0,0.44064544961534635
39627788361141375,0.0,0.13,0.87,0.0,0.2787190925139945
39627806472144614,0.0,0.65,0.35,0.0,0.4670340276877455
39627806472144783,0.0,0.58,0.42,0.0,0.49072694751682683
39627806472145039,0.0,0.74,0.26,0.0,0.4133731862463089
39627800415572677,0.0,0.95,0.05,0.0,0.14319847855797813
39627782308761472,0.0,0.23,0.77,0.0,0.38900565177326885
39627806472145273,0.0,0.04,0.96,0.0,0.12114609454120741
39627770224973691,0.0,0.34,0.66,0.0,0.46240935248651505
39627746074166636,0.0,0.46,0.54,0.0,0.49768921941011285
39627800415573234,0.0,0.95,0.05,0.0,0.14319847855797813
39627770258523501,0.0,0.96,0.04,0.0,0.12114609454120741
39627800436540078,0.0,0.36,0.64,0.0,0.4713415946277461
39627752130745110,0.0,0.31,0.69,0.0,0.4465867291889284
39627752105579218,0.0,0.06,0.94,0.0,0.16372245957723813
39627782329731635,0.0,0.71,0.29,0.0,0.43436062316970225
39627758141179356,0.0,0.02,0.98,0.0,0.07072027127091034
39627740038566124,0.0,0.12,0.88,0.0,0.2646804326436822
39627800436539997,0.0,0.6,0.4,0.0,0.4854752972273343
39627758136986860,0.0,0.08,0.92,0.0,0.2010895951011364
39627800419763865,0.0,0.98,0.02,0.0,0.07072027127091034
39627752130745303,0.0,0.58,0.42,0.0,0.49072694751682683
39627800432350672,0.0,0.84,0.16,0.0,0.3171547773202831
39627800432350460,0.0,0.67,0.33,0.0,0.4574631863898637
39627806480532502,0.0,1.0,0.0,0.0,-0.0
39627788340167136,0.0,0.01,0.99,0.0,0.04039656794795559
39627806476342872,0.0,0.86,0.14,0.0,0.292119405821428
39627782321341413,0.0,0.87,0.13,0.0,0.2787190925139945
39627776289933713,0.0,0.93,0.07,0.0,0.18296182545011158
39627794400941090,0.0,0.96,0.04,0.0,0.12114609454120741
39627794400940334,0.0,0.69,0.31,0.0,0.4465867291889284
39627794400940803,0.0,0.42,0.58,0.0,0.49072694751682683
39627794400940620,0.0,0.95,0.05,0.0,0.14319847855797813
39627794400941190,0.0,0.06,0.94,0.0,0.16372245957723813
39627758166346028,0.0,0.3,0.7,0.0,0.44064544961534635
39627758166345835,0.0,0.05,0.95,0.0,0.14319847855797813
39627800415573222,0.0,0.18,0.82,0.0,0.34003852286413994
39627800419763457,0.0,0.99,0.01,0.0,0.04039656794795559
39627800419764012,0.0,0.05,0.95,0.0,0.14319847855797813
39627794400939432,0.0,0.0,1.0,0.0,-0.0
39627800436540303,0.0,0.33,0.67,0.0,0.4574631863898637
39627806476337886,0.0,0.33,0.67,0.0,0.4574631863898637
39627776264765796,0.0,0.96,0.04,0.0,0.12114609454120741
39627806476340653,0.0,0.49,0.51,0.0,0.49985572087640495
39627758145376872,0.0,0.28,0.72,0.0,0.4277254052800653
39627752113965039,0.0,0.01,0.99,0.0,0.04039656794795559
39627770254328525,0.01,0.97,0.02,0.0,0.11097036642660543
39627758157955639,0.0,0.5,0.5,0.0,0.5
39627770212388025,0.0,0.01,0.96,0.03,0.13737165703039006
39627782304570441,0.0,0.29,0.71,0.0,0.43436062316970225
39627782304570350,0.0,0.28,0.72,0.0,0.4277254052800653
39627782304570115,0.0,0.06,0.94,0.0,0.16372245957723813
39627782304569644,0.0,0.07,0.93,0.0,0.18296182545011158
39627752130741334,0.0,0.71,0.29,0.0,0.43436062316970225
39627758174735477,0.0,0.69,0.31,0.0,0.4465867291889284
39627770237556232,0.0,0.93,0.07,0.0,0.18296182545011158
39627788356944764,0.0,0.34,0.66,0.0,0.46240935248651505
39627800419765970,0.0,0.03,0.97,0.0,0.0971959289157881
39627764218725222,0.0,0.12,0.88,0.0,0.2646804326436822
39627782308757865,0.0,0.04,0.96,0.0,0.12114609454120741
39627770212389077,0.0,0.17,0.83,0.0,0.32885238937210975
39627782300373376,0.0,0.46,0.54,0.0,0.49768921941011285
39627764197754875,0.0,0.68,0.32,0.0,0.45219072886224687
39627776264766475,0.0,0.05,0.95,0.0,0.14319847855797813
39627758174733487,0.0,0.48,0.52,0.0,0.4994227679976009
39627800449125709,0.0,0.71,0.29,0.0,0.43436062316970225
39627806476339856,0.0,0.88,0.12,0.0,0.2646804326436822
39627764189369430,0.0,0.5,0.5,0.0,0.5
39627788340170665,0.0,0.19,0.81,0.0,0.3507357299419487
39627800419764448,0.0,0.61,0.39,0.0,0.4823997742525436
39627782300374070,0.0,0.09,0.91,0.0,0.21823490853205144
39627800419764346,0.0,0.92,0.08,0.0,0.2010895951011364
39627782329731954,0.0,0.69,0.31,0.0,0.4465867291889284
39627770229165989,0.0,0.19,0.81,0.0,0.3507357299419487
39627752134936568,0.0,0.71,0.29,0.0,0.43436062316970225
39627782329729961,0.0,0.97,0.03,0.0,0.0971959289157881
39627770220779343,0.0,0.76,0.24,0.0,0.39752013969226113
39627800419765622,0.0,0.47,0.53,0.0,0.4987007942838698
39627770258526787,0.0,0.05,0.95,0.0,0.14319847855797813
39627770220778790,0.0,0.7,0.3,0.0,0.44064544961534635
39627770229165991,0.0,0.82,0.18,0.0,0.34003852286413994
39627758136986638,0.0,0.54,0.46,0.0,0.49768921941011285
39627758136986711,0.0,0.13,0.87,0.0,0.2787190925139945
39627770245944422,0.0,0.02,0.98,0.0,0.07072027127091034
39627770216582415,0.0,0.59,0.41,0.0,0.488250234378912
39627740038564806,0.0,0.81,0.19,0.0,0.3507357299419487
39627770216580644,0.0,0.07,0.93,0.0,0.18296182545011158
39627776294127255,0.0,0.0,1.0,0.0,-0.0
39627746086750303,0.0,0.38,0.62,0.0,0.47902101111314976
39627764180979645,0.0,0.12,0.88,0.0,0.2646804326436822
39627764193560892,0.0,0.28,0.72,0.0,0.4277254052800653
39627770258523111,0.0,0.16,0.84,0.0,0.3171547773202831
39627746065779886,0.0,0.63,0.37,0.0,0.47533604634353294
39627788356945847,0.0,0.37,0.63,0.0,0.47533604634353294
39627788356947148,0.0,0.88,0.12,0.0,0.2646804326436822
39627788356947126,0.0,0.99,0.01,0.0,0.04039656794795559
39627776260573154,0.0,0.29,0.71,0.0,0.43436062316970225
39627770258523615,0.01,0.95,0.04,0.0,0.16124668093016215
39627806459566869,0.0,0.84,0.16,0.0,0.3171547773202831
39627788369529880,0.0,0.57,0.43,0.0,0.4929075185894599
39627770258526314,0.0,0.47,0.53,0.0,0.4987007942838698
39627770258526047,0.0,0.2,0.8,0.0,0.36096404744368116
39627770258524920,0.07,0.93,0.0,0.0,0.18296182545011158
39627788340169035,0.0,0.98,0.02,0.0,0.07072027127091034
39627788340168880,0.0,0.12,0.87,0.01,0.30414992414989617
39627758136985836,0.0,0.52,0.48,0.0,0.4994227679976009
39627770250137449,0.0,0.03,0.96,0.01,0.13737165703039006
39627758153763634,0.0,0.79,0.21,0.0,0.37074136996563684
39627758153763247,0.0,0.41,0.59,0.0,0.488250234378912
39627770229165380,0.0,0.46,0.54,0.0,0.49768921941011285
39627788335979036,0.0,0.08,0.92,0.0,0.2010895951011364
39627770212390464,0.0,0.35,0.65,0.0,0.4670340276877455
39627758153762642,0.0,0.82,0.18,0.0,0.34003852286413994
39627746065776851,0.0,0.48,0.52,0.0,0.4994227679976009
39627770229164668,0.0,0.0,0.96,0.04,0.12114609454120741
39627770254329472,0.0,0.19,0.81,0.0,0.3507357299419487
39627764214533823,0.0,0.2,0.8,0.0,0.36096404744368116
39627764201947967,0.01,0.97,0.02,0.0,0.11097036642660543
39627746086750468,0.0,0.37,0.63,0.0,0.47533604634353294
39627788340168979,0.0,0.79,0.21,0.0,0.37074136996563684
39627794375774832,0.0,0.97,0.03,0.0,0.0971959289157881
39627770216580850,0.0,0.12,0.88,0.0,0.2646804326436822
39627758153766009,0.0,0.42,0.58,0.0,0.49072694751682683
39627752101383723,0.0,0.97,0.03,0.0,0.0971959289157881
39627794396743930,0.0,0.85,0.15,0.0,0.3049201523582002
39627770216584978,0.0,0.04,0.96,0.0,0.12114609454120741
39627770216584697,0.0,0.42,0.58,0.0,0.49072694751682683
39627782333923761,0.0,0.71,0.29,0.0,0.43436062316970225
39627794384162086,0.0,0.2,0.8,0.0,0.36096404744368116
39627794384162078,0.0,0.17,0.83,0.0,0.32885238937210975
39627770216582380,0.0,0.83,0.17,0.0,0.32885238937210975
39627770216584704,0.0,0.0,1.0,0.0,-0.0
39627800419766972,0.0,0.22,0.78,0.0,0.38008375148098283
39627794409325136,0.0,0.01,0.99,0.0,0.04039656794795559
39627770220776779,0.0,0.69,0.31,0.0,0.4465867291889284
39627794409325012,0.02,0.82,0.16,0.0,0.38533177299394805
39627770220777070,0.0,0.18,0.82,0.0,0.34003852286413994
39627782304569021,0.0,0.13,0.87,0.0,0.2787190925139945
39627770220777435,0.0,0.62,0.38,0.0,0.47902101111314976
39627746061585245,0.0,0.68,0.32,0.0,0.45219072886224687
39627770254328169,0.0,0.53,0.47,0.0,0.4987007942838698
39627758170541572,0.0,0.03,0.97,0.0,0.0971959289157881
39627800419767066,0.0,0.8,0.2,0.0,0.36096404744368116
39627740038564988,0.0,0.88,0.12,0.0,0.2646804326436822
39627800419766490,0.0,0.16,0.84,0.0,0.3171547773202831
39627740038564967,0.0,0.77,0.23,0.0,0.38900565177326885
39627764193561025,0.0,0.39,0.61,0.0,0.4823997742525436
39627758149568690,0.0,0.0,1.0,0.0,-0.0
39627788340169101,0.0,0.26,0.74,0.0,0.4133731862463089
39627806463756824,0.0,0.38,0.62,0.0,0.47902101111314976
39627770241748073,0.0,0.42,0.58,0.0,0.49072694751682683
39627776281545114,0.0,0.59,0.41,0.0,0.488250234378912
39627776294130910,0.0,0.05,0.94,0.01,0.1832231322266888
39627788340174133,0.0,0.97,0.03,0.0,0.0971959289157881
39627770233358007,0.0,0.47,0.53,0.0,0.4987007942838698
39627758141180986,0.0,0.14,0.86,0.0,0.292119405821428
39627788340174039,0.0,0.01,0.99,0.0,0.04039656794795559
39627770241747037,0.01,0.98,0.01,0.0,0.08072027127091033
39627794388359130,0.0,0.52,0.48,0.0,0.4994227679976009
39627788356946022,0.0,0.99,0.01,0.0,0.04039656794795559
39627770245939613,0.0,0.64,0.36,0.0,0.4713415946277461
39627776268963378,0.0,0.01,0.99,0.0,0.04039656794795559
39627782304568891,0.0,0.53,0.47,0.0,0.4987007942838698
39627776268966105,0.0,0.0,1.0,0.0,-0.0
39627782333928078,0.0,0.87,0.13,0.0,0.2787190925139945
39627788369529511,0.0,0.16,0.83,0.01,0.3562867308783886
39627800449125191,0.0,0.82,0.18,0.0,0.34003852286413994
39627800423959329,0.0,0.85,0.15,0.0,0.3049201523582002
39627776281543301,0.0,0.99,0.01,0.0,0.04039656794795559
39627800419764316,0.0,0.82,0.18,0.0,0.34003852286413994
39627782304564507,0.0,0.46,0.54,0.0,0.49768921941011285
39627782304564223,0.0,0.76,0.24,0.0,0.39752013969226113
39627758149572149,0.0,0.17,0.82,0.01,0.3678974314876692
39627758149572270,0.0,0.16,0.84,0.0,0.3171547773202831
39627752134936485,0.0,0.97,0.03,0.0,0.0971959289157881
39627794392551331,0.0,0.63,0.37,0.0,0.47533604634353294
39627794392551035,0.0,0.04,0.96,0.0,0.12114609454120741
39627758153761182,0.0,0.69,0.31,0.0,0.4465867291889284
39627800440735868,0.03,0.97,0.0,0.0,0.0971959289157881
39627746061584946,0.0,0.75,0.25,0.0,0.4056390622295664
39627752105578222,0.0,0.6,0.4,0.0,0.4854752972273343
39627800440736013,0.0,0.14,0.86,0.0,0.292119405821428
39627788361139769,0.0,0.84,0.16,0.0,0.3171547773202831
39627800440734294,0.0,0.16,0.83,0.01,0.3562867308783886
39627794392551218,0.0,0.11,0.88,0.01,0.28950944366190023
39627806472145340,0.0,0.31,0.69,0.0,0.4465867291889284
39627794392551078,0.0,0.0,0.85,0.15,0.3049201523582002
39627806472145404,0.0,0.01,0.97,0.02,0.11097036642660543
39627764185173863,0.0,0.09,0.91,0.0,0.21823490853205144
39627800415572740,0.0,0.72,0.28,0.0,0.4277254052800653
39627770220774810,0.0,1.0,0.0,0.0,-0.0
39627812511940933,0.0,0.53,0.47,0.0,0.4987007942838698
39627776264765764,0.0,0.02,0.97,0.01,0.11097036642660543
39627752113967244,0.0,0.43,0.57,0.0,0.4929075185894599
39627770241745360,0.0,0.9,0.1,0.0,0.2344977967946406
39627752105578495,0.0,1.0,0.0,0.0,-0.0
39627794384162751,0.0,0.04,0.96,0.0,0.12114609454120741
39627770241746477,0.0,0.68,0.32,0.0,0.45219072886224687
39627770241746478,0.0,0.54,0.46,0.0,0.49768921941011285
39627758153764707,0.0,0.44,0.56,0.0,0.4947937606110278
39627746086750760,0.0,0.9,0.1,0.0,0.2344977967946406
39627776289932687,0.0,0.89,0.11,0.0,0.249957979082264
39627806467952318,0.0,0.07,0.93,0.0,0.18296182545011158
39627764218728693,0.0,0.92,0.08,0.0,0.2010895951011364
39627764218728692,0.0,0.61,0.39,0.0,0.4823997742525436
39627758178928503,0.01,0.87,0.12,0.0,0.30414992414989617
39627758178928501,0.0,0.82,0.18,0.0,0.34003852286413994
39627800428151009,0.0,0.75,0.25,0.0,0.4056390622295664
39627758178928424,0.0,0.8,0.2,0.0,0.36096404744368116
39627758178928763,0.0,0.69,0.31,0.0,0.4465867291889284
39627770233361462,0.0,0.25,0.75,0.0,0.4056390622295664
39627800428151016,0.0,0.87,0.13,0.0,0.2787190925139945
39627800428151067,0.0,0.62,0.38,0.0,0.47902101111314976
39627776256379411,0.0,0.39,0.61,0.0,0.4823997742525436
39627794392548794,0.0,0.32,0.68,0.0,0.45219072886224687
39627740034372774,0.0,0.01,0.98,0.01,0.08072027127091033
39627746065780021,0.0,0.01,0.99,0.0,0.04039656794795559
39627794392548802,0.0,0.36,0.64,0.0,0.4713415946277461
39627794392548830,0.0,0.6,0.4,0.0,0.4854752972273343
39627764180977931,0.0,0.03,0.89,0.08,0.296452280596498
39627782312956895,0.0,0.87,0.13,0.0,0.2787190925139945
39627782312957235,0.0,0.32,0.68,0.0,0.45219072886224687
39627800428151383,0.0,0.45,0.55,0.0,0.49638722699390414
39627782312956983,0.0,0.02,0.98,0.0,0.07072027127091034
39627782296178246,0.0,0.8,0.2,0.0,0.36096404744368116
39627794409326331,0.0,0.47,0.53,0.0,0.4987007942838698
39627788356947437,0.0,0.37,0.63,0.0,0.47533604634353294
39627776289935327,0.01,0.83,0.16,0.0,0.3562867308783886
39627752122356240,0.01,0.64,0.35,0.0,0.5043035669219932
39627776256383022,0.0,0.0,0.94,0.06,0.16372245957723813
39627788344364432,0.0,0.4,0.6,0.0,0.4854752972273343
39627758136988935,0.0,0.86,0.14,0.0,0.292119405821428
39627764193562348,0.0,0.98,0.02,0.0,0.07072027127091034
39627764180976987,0.0,0.06,0.94,0.0,0.16372245957723813
39627788344366093,0.0,0.07,0.93,0.0,0.18296182545011158
39627806467951856,0.0,0.24,0.76,0.0,0.39752013969226113
39627794400936655,0.01,0.84,0.15,0.0,0.3441379826496441
39627800440736823,0.0,0.01,0.98,0.01,0.08072027127091033
39627758166345783,0.0,0.02,0.98,0.0,0.07072027127091034
39627764180977416,0.0,0.84,0.16,0.0,0.3171547773202831
39627794384161819,0.0,0.06,0.94,0.0,0.16372245957723813
39627782296174990,0.0,0.48,0.52,0.0,0.4994227679976009
39627794392548119,0.0,0.27,0.73,0.0,0.42073231810408784
39627794409325834,0.0,0.03,0.96,0.01,0.13737165703039006
39627770220779226,0.0,0.82,0.18,0.0,0.34003852286413994
39627794384161470,0.0,0.52,0.48,0.0,0.4994227679976009
39627764189364860,0.0,0.05,0.95,0.0,0.14319847855797813
39627782329730540,0.0,0.44,0.56,0.0,0.4947937606110278
39627752122356658,0.0,0.0,0.94,0.06,0.16372245957723813
39627752105574921,0.0,0.64,0.36,0.0,0.4713415946277461
39627794384161745,0.0,0.21,0.79,0.0,0.37074136996563684
39627746074168217,0.0,0.92,0.08,0.0,0.2010895951011364
39627770250135129,0.0,1.0,0.0,0.0,-0.0
39627752101380183,0.0,0.17,0.83,0.0,0.32885238937210975
39627782300369161,0.0,0.25,0.75,0.0,0.4056390622295664
39627746069972305,0.0,0.77,0.23,0.0,0.38900565177326885
39627770250136891,0.0,0.48,0.52,0.0,0.4994227679976009
39627782300369611,0.0,0.01,0.95,0.04,0.16124668093016215
39627746069971558,0.0,0.49,0.51,0.0,0.49985572087640495
39627752122352140,0.0,0.95,0.05,0.0,0.14319847855797813
39627770250136455,0.0,0.99,0.01,0.0,0.04039656794795559
39627752122355323,0.0,0.99,0.01,0.0,0.04039656794795559
39627746069971574,0.0,0.15,0.85,0.0,0.3049201523582002
39627770245944292,0.0,0.25,0.75,0.0,0.4056390622295664
39627770250136496,0.0,0.22,0.78,0.0,0.38008375148098283
39627770224969562,0.0,0.16,0.84,0.0,0.3171547773202831
39627788365334514,0.0,0.98,0.02,0.0,0.07072027127091034
39627788356947366,0.0,0.59,0.41,0.0,0.488250234378912
39627752122352168,0.0,0.59,0.41,0.0,0.488250234378912
39627764197756089,0.0,0.46,0.54,0.0,0.49768921941011285
39627794392548630,0.0,0.16,0.84,0.0,0.3171547773202831
39627800449126514,0.0,0.5,0.5,0.0,0.5
39627770250137014,0.0,0.87,0.13,0.0,0.2787190925139945
39627776252188971,0.0,0.75,0.25,0.0,0.4056390622295664
39627764172592558,0.0,0.48,0.52,0.0,0.4994227679976009
39627800449126440,0.0,0.12,0.88,0.0,0.2646804326436822
39627752122355726,0.0,0.04,0.96,0.0,0.12114609454120741
39627758145377195,0.0,0.71,0.29,0.0,0.43436062316970225
39627806467951313,0.0,0.47,0.53,0.0,0.4987007942838698
39627788369532196,0.0,0.13,0.87,0.0,0.2787190925139945
39627788352752439,0.0,0.69,0.31,0.0,0.4465867291889284
39627770237554608,0.0,0.96,0.04,0.0,0.12114609454120741
39627764176782574,0.0,0.06,0.94,0.0,0.16372245957723813
39627764176782444,0.0,0.0,0.84,0.16,0.3171547773202831
39627758145372260,0.0,0.02,0.98,0.0,0.07072027127091034
39627764197758006,0.0,0.55,0.45,0.0,0.49638722699390414
39627764176782112,0.0,0.27,0.73,0.0,0.42073231810408784
39627758149568951,0.0,0.89,0.11,0.0,0.249957979082264
39627800440738891,0.0,0.99,0.01,0.0,0.04039656794795559
39627770233360854,0.0,0.47,0.53,0.0,0.4987007942838698
39627806467952039,0.0,0.97,0.03,0.0,0.0971959289157881
39627788365334561,0.0,0.05,0.95,0.0,0.14319847855797813
39627788365334780,0.0,0.52,0.48,0.0,0.4994227679976009
39627752113964874,0.0,0.93,0.07,0.0,0.18296182545011158
39627794400938835,0.0,0.0,0.98,0.02,0.07072027127091034
39627740042760315,0.0,0.88,0.12,0.0,0.2646804326436822
39627764206142466,0.0,0.97,0.03,0.0,0.0971959289157881
39627776273156203,0.0,0.94,0.06,0.0,0.16372245957723813
39627782317147643,0.0,0.19,0.81,0.0,0.3507357299419487
39627740042760266,0.0,0.03,0.97,0.0,0.0971959289157881
39627752134937919,0.0,0.0,1.0,0.0,-0.0
39627746086751075,0.0,0.11,0.89,0.0,0.249957979082264
39627782308763387,0.0,0.07,0.93,0.0,0.18296182545011158
39627788344363207,0.0,0.54,0.46,0.0,0.49768921941011285
39627758136988751,0.0,0.0,1.0,0.0,-0.0
39627758136988795,0.0,0.96,0.04,0.0,0.12114609454120741
39627746074169945,0.0,0.87,0.13,0.0,0.2787190925139945
39627806467952955,0.0,0.09,0.91,0.0,0.21823490853205144
39627746090942770,0.0,0.95,0.05,0.0,0.14319847855797813
39627776256382518,0.0,0.58,0.42,0.0,0.49072694751682683
39627782325539090,0.0,0.3,0.7,0.0,0.44064544961534635
39627764176781581,0.0,0.7,0.3,0.0,0.44064544961534635
39627794392548658,0.0,0.52,0.48,0.0,0.4994227679976009
39627794405131342,0.0,0.9,0.1,0.0,0.2344977967946406
39627770212387064,0.0,0.99,0.01,0.0,0.04039656794795559
39627770212387132,0.0,1.0,0.0,0.0,-0.0
39627764197753855,0.0,0.24,0.76,0.0,0.39752013969226113
39627800440736200,0.0,0.0,1.0,0.0,-0.0
39627806467952176,0.0,0.04,0.96,0.0,0.12114609454120741
39627782312957161,0.0,0.1,0.9,0.0,0.2344977967946406
39627806467952452,0.0,0.59,0.41,0.0,0.488250234378912
39627782291984610,0.0,0.0,1.0,0.0,-0.0
39627806480532853,0.0,1.0,0.0,0.0,-0.0
39627740034372795,0.0,0.57,0.43,0.0,0.4929075185894599
39627794392548610,0.0,0.02,0.98,0.0,0.07072027127091034
39627800436540113,0.0,0.24,0.76,0.0,0.39752013969226113
39627806480532633,0.0,0.95,0.05,0.0,0.14319847855797813
39627764197753923,0.0,0.83,0.17,0.0,0.32885238937210975
39627794396744280,0.0,0.05,0.95,0.0,0.14319847855797813
39627794396744219,0.0,0.78,0.22,0.0,0.38008375148098283
39627800440736130,0.0,0.07,0.92,0.01,0.22283217282912027
39627764193559819,0.0,0.07,0.93,0.0,0.18296182545011158
39627776256376968,0.0,0.51,0.49,0.0,0.49985572087640495
39627806467952563,0.0,0.92,0.08,0.0,0.2010895951011364
39627800440736406,0.0,0.68,0.32,0.0,0.45219072886224687
39627758141182854,0.0,0.82,0.18,0.0,0.34003852286413994
39627740025983536,0.0,0.49,0.51,0.0,0.49985572087640495
39627752101381953,0.0,0.09,0.91,0.0,0.21823490853205144
39627764218728037,0.0,0.46,0.54,0.0,0.49768921941011285
39627764218728236,0.0,0.08,0.92,0.0,0.2010895951011364
39627782304563907,0.0,0.99,0.01,0.0,0.04039656794795559
39627782304563995,0.0,0.35,0.65,0.0,0.4670340276877455
39627752101384638,0.0,0.0,0.99,0.01,0.04039656794795559
39627800423960126,0.0,0.65,0.35,0.0,0.4670340276877455
39627800423959276,0.0,0.77,0.23,0.0,0.38900565177326885
39627788369530990,0.0,0.19,0.81,0.0,0.3507357299419487
39627752101384526,0.01,0.96,0.03,0.0,0.13737165703039006
39627752101384934,0.0,0.19,0.81,0.0,0.3507357299419487
39627782304568955,0.0,0.48,0.52,0.0,0.4994227679976009
39627746061585148,0.0,0.05,0.95,0.0,0.14319847855797813
39627770224971343,0.0,0.49,0.51,0.0,0.49985572087640495
39627794388359857,0.0,0.0,1.0,0.0,-0.0
39627806467952361,0.0,0.78,0.22,0.0,0.38008375148098283
39627752122356766,0.0,0.82,0.18,0.0,0.34003852286413994
39627800428155604,0.0,0.36,0.64,0.0,0.4713415946277461
39627776256377481,0.0,0.44,0.56,0.0,0.4947937606110278
39627806459565175,0.0,0.53,0.47,0.0,0.4987007942838698
39627806459565086,0.0,0.26,0.74,0.0,0.4133731862463089
39627788340167331,0.0,1.0,0.0,0.0,-0.0
39627776281546064,0.0,0.45,0.55,0.0,0.49638722699390414
39627776273155532,0.0,1.0,0.0,0.0,-0.0
39627776273155730,0.01,0.94,0.05,0.0,0.1832231322266888
39627806459565709,0.0,0.08,0.91,0.01,0.24088153359695552
39627758174733393,0.0,0.83,0.17,0.0,0.32885238937210975
39627800428155500,0.0,0.05,0.95,0.0,0.14319847855797813
39627794384162154,0.0,0.0,0.99,0.01,0.04039656794795559
39627746095136979,0.0,0.6,0.4,0.0,0.4854752972273343
39627746082558012,0.0,0.59,0.41,0.0,0.488250234378912
39627788373723689,0.0,0.83,0.17,0.0,0.32885238937210975
39627776252188990,0.0,0.26,0.74,0.0,0.4133731862463089
39627800432346032,0.0,0.11,0.89,0.0,0.249957979082264
39627782312956978,0.0,0.11,0.89,0.0,0.249957979082264
39627800432345819,0.0,0.02,0.98,0.0,0.07072027127091034
39627788373723405,0.0,0.77,0.23,0.0,0.38900565177326885
39627764214534677,0.0,0.05,0.95,0.0,0.14319847855797813
39627764218727762,0.0,0.27,0.73,0.0,0.42073231810408784
39627764214534702,0.0,0.28,0.72,0.0,0.4277254052800653
39627746095136993,0.0,0.68,0.32,0.0,0.45219072886224687
39627800432346043,0.0,0.81,0.19,0.0,0.3507357299419487
39627764206144787,0.0,0.7,0.3,0.0,0.44064544961534635
39627800419763448,0.0,0.24,0.76,0.0,0.39752013969226113
39627800432345824,0.0,0.35,0.65,0.0,0.4670340276877455
39627752113965451,0.0,0.07,0.93,0.0,0.18296182545011158
39627758145376765,0.0,0.47,0.53,0.0,0.4987007942838698
39627800436539800,0.0,0.29,0.71,0.0,0.43436062316970225
39627752113964755,0.0,0.72,0.28,0.0,0.4277254052800653
39627752113963889,0.0,0.79,0.21,0.0,0.37074136996563684
39627800432345965,0.0,0.0,0.84,0.16,0.3171547773202831
39627752113965994,0.0,0.75,0.25,0.0,0.4056390622295664
39627758145373241,0.0,0.2,0.8,0.0,0.36096404744368116
39627794384162052,0.0,0.43,0.57,0.0,0.4929075185894599
39627758145373267,0.0,0.13,0.87,0.0,0.2787190925139945
39627794384162082,0.0,0.0,1.0,0.0,-0.0
39627764197753953,0.0,0.19,0.81,0.0,0.3507357299419487
39627752113965128,0.0,0.98,0.02,0.0,0.07072027127091034
39627800432346165,0.0,0.42,0.58,0.0,0.49072694751682683
39627794384162180,0.0,0.27,0.73,0.0,0.42073231810408784
39627764214533041,0.0,0.01,0.99,0.0,0.04039656794795559
39627800432346026,0.0,0.94,0.06,0.0,0.16372245957723813
39627758166346442,0.0,0.12,0.88,0.0,0.2646804326436822
39627758153767095,0.0,0.03,0.94,0.03,0.19372245957723813
39627752126546356,0.0,0.53,0.47,0.0,0.4987007942838698
39627764193564092,0.0,0.55,0.45,0.0,0.49638722699390414
39627752113966404,0.0,0.0,1.0,0.0,-0.0
39627752113966419,0.0,0.26,0.74,0.0,0.4133731862463089
39627740038564969,0.0,0.08,0.91,0.01,0.24088153359695552
39627740038565273,0.0,0.62,0.38,0.0,0.47902101111314976
39627788373724277,0.0,0.03,0.97,0.0,0.0971959289157881
39627752113966630,0.0,0.13,0.87,0.0,0.2787190925139945
39627752122356645,0.0,0.11,0.89,0.0,0.249957979082264
39627782329733447,0.0,0.98,0.02,0.0,0.07072027127091034
39627788335974881,0.0,0.41,0.59,0.0,0.488250234378912
39627752113966495,0.0,0.26,0.74,0.0,0.4133731862463089
39627770233357937,0.02,0.98,0.0,0.0,0.07072027127091034
39627752126546145,0.0,0.96,0.04,0.0,0.12114609454120741
39627758157955157,0.01,0.92,0.07,0.0,0.22283217282912027
39627764214534711,0.0,0.82,0.18,0.0,0.34003852286413994
39627800444928216,0.0,0.01,0.96,0.03,0.13737165703039006
39627770241745580,0.0,0.34,0.66,0.0,0.46240935248651505
39627788361141209,0.0,0.03,0.97,0.0,0.0971959289157881
39627770241745289,0.0,0.0,1.0,0.0,-0.0
39627758166346580,0.0,0.93,0.07,0.0,0.18296182545011158
39627770224972313,0.0,0.59,0.41,0.0,0.488250234378912
39627794400940326,0.0,0.32,0.68,0.0,0.45219072886224687
39627788335973129,0.0,0.41,0.59,0.0,0.488250234378912
39627794400940304,0.0,0.01,0.95,0.04,0.16124668093016215
39627758141182658,0.0,0.08,0.92,0.0,0.2010895951011364
39627758141182775,0.0,0.14,0.86,0.0,0.292119405821428
39627788335974898,0.0,0.67,0.33,0.0,0.4574631863898637
39627770220775193,0.0,0.87,0.13,0.0,0.2787190925139945
39627752113964848,0.0,0.05,0.95,0.0,0.14319847855797813
39627794400939926,0.0,0.3,0.7,0.0,0.44064544961534635
39627758136986039,0.0,0.39,0.61,0.0,0.4823997742525436
39627752101384215,0.0,0.43,0.57,0.0,0.4929075185894599
39627752109772330,0.0,0.21,0.79,0.0,0.37074136996563684
39627758174733332,0.0,0.29,0.71,0.0,0.43436062316970225
39627776294127569,0.0,0.03,0.93,0.04,0.2174448102113104
39627776256377396,0.0,0.65,0.35,0.0,0.4670340276877455
39627782304567771,0.0,0.88,0.12,0.0,0.2646804326436822
39627776268962989,0.0,0.5,0.5,0.0,0.5
39627776264768414,0.0,0.11,0.89,0.0,0.249957979082264
39627776294129001,0.0,0.0,0.93,0.07,0.18296182545011158
39627788373722334,0.0,0.0,0.99,0.01,0.04039656794795559
39627794384163545,0.0,0.19,0.81,0.0,0.3507357299419487
39627758141179675,0.0,0.64,0.36,0.0,0.4713415946277461
39627782304568811,0.0,0.53,0.47,0.0,0.4987007942838698
39627776294130414,0.0,0.12,0.88,0.0,0.2646804326436822
39627776294130052,0.0,0.62,0.38,0.0,0.47902101111314976
39627788335974481,0.0,0.92,0.08,0.0,0.2010895951011364
39627758145376473,0.0,0.96,0.04,0.0,0.12114609454120741
39627758145376470,0.0,0.09,0.91,0.0,0.21823490853205144
39627776264766611,0.0,0.01,0.97,0.02,0.11097036642660543
39627776281543651,0.0,0.11,0.89,0.0,0.249957979082264
39627758141182399,0.0,0.82,0.18,0.0,0.34003852286413994
39627776281543790,0.0,0.6,0.4,0.0,0.4854752972273343
39627788340167840,0.0,0.11,0.89,0.0,0.249957979082264
39627794388356094,0.0,0.97,0.03,0.0,0.0971959289157881
39627758141182085,0.0,0.67,0.33,0.0,0.4574631863898637
39627770212386698,0.0,1.0,0.0,0.0,-0.0
39627770212386341,0.0,0.91,0.09,0.0,0.21823490853205144
39627770224973749,0.0,0.0,0.97,0.03,0.0971959289157881
39627764189368163,0.0,0.14,0.86,0.0,0.292119405821428
39627764218726810,0.0,0.21,0.79,0.0,0.37074136996563684
39627782317146297,0.0,0.96,0.04,0.0,0.12114609454120741
39627794384159867,0.0,0.3,0.7,0.0,0.44064544961534635
39627758174734476,0.0,0.44,0.56,0.0,0.4947937606110278
39627782321341237,0.0,0.97,0.03,0.0,0.0971959289157881
39627758174734654,0.0,0.39,0.61,0.0,0.4823997742525436
39627770229162555,0.0,0.03,0.97,0.0,0.0971959289157881
39627788331781647,0.0,0.57,0.43,0.0,0.4929075185894599
39627752122358379,0.0,0.66,0.34,0.0,0.46240935248651505
39627782304569609,0.0,0.48,0.52,0.0,0.4994227679976009
39627782291984763,0.0,0.06,0.94,0.0,0.16372245957723813
39627764189368105,0.0,0.0,0.99,0.01,0.04039656794795559
39627788335972977,0.0,0.57,0.43,0.0,0.4929075185894599
39627806472144134,0.0,0.0,0.94,0.06,0.16372245957723813
39627788331781874,0.0,0.64,0.36,0.0,0.4713415946277461
39627764197753999,0.0,1.0,0.0,0.0,-0.0
39627794400939457,0.0,0.85,0.15,0.0,0.3049201523582002
39627782296175539,0.0,0.48,0.52,0.0,0.4994227679976009
39627788361140916,0.0,1.0,0.0,0.0,-0.0
39627764201948339,0.0,0.89,0.11,0.0,0.249957979082264
39627788344361883,0.0,0.15,0.85,0.0,0.3049201523582002
39627800428156016,0.0,0.5,0.5,0.0,0.5
39627770216580306,0.0,0.54,0.46,0.0,0.49768921941011285
39627770212388222,0.0,0.86,0.14,0.0,0.292119405821428
39627770212387891,0.0,1.0,0.0,0.0,-0.0
39627800415571070,0.0,0.09,0.91,0.0,0.21823490853205144
39627806467952854,0.0,0.54,0.46,0.0,0.49768921941011285
39627758153764133,0.0,0.16,0.84,0.0,0.3171547773202831
39627800436540193,0.0,0.37,0.63,0.0,0.47533604634353294
39627806467952623,0.0,0.06,0.93,0.01,0.20367037270049304
39627788361138697,0.0,0.11,0.89,0.0,0.249957979082264
39627800428156265,0.0,0.0,0.88,0.12,0.2646804326436822
39627776256379042,0.0,0.18,0.82,0.0,0.34003852286413994
39627806467950160,0.0,0.5,0.5,0.0,0.5
39627806467949754,0.0,0.09,0.91,0.0,0.21823490853205144
39627764189366507,0.0,0.81,0.19,0.0,0.3507357299419487
39627776281546068,0.0,1.0,0.0,0.0,-0.0
39627764189367070,0.0,0.04,0.96,0.0,0.12114609454120741
39627770258524805,0.0,0.53,0.47,0.0,0.4987007942838698
39627758166346670,0.0,0.13,0.87,0.0,0.2787190925139945
39627770258524543,0.0,0.53,0.47,0.0,0.4987007942838698
39627788356947800,0.0,0.01,0.99,0.0,0.04039656794795559
39627770258523160,0.0,0.01,0.99,0.0,0.04039656794795559
39627794388357112,0.0,0.79,0.21,0.0,0.37074136996563684
39627770233358103,0.0,0.58,0.42,0.0,0.49072694751682683
39627764214533783,0.01,0.92,0.07,0.0,0.22283217282912027
39627794392547485,0.0,0.5,0.5,0.0,0.5
39627764189366877,0.0,0.27,0.73,0.0,0.42073231810408784
39627764189366625,0.01,0.93,0.06,0.0,0.20367037270049304
39627806459564582,0.0,0.77,0.23,0.0,0.38900565177326885
39627788377916887,0.0,0.03,0.97,0.0,0.0971959289157881
39627782333928173,0.0,0.0,0.99,0.01,0.04039656794795559
39627776264768240,0.0,0.93,0.07,0.0,0.18296182545011158
39627776268963654,0.0,0.25,0.75,0.0,0.4056390622295664
39627776298320149,0.0,0.74,0.26,0.0,0.4133731862463089
39627764197754668,0.0,0.19,0.81,0.0,0.3507357299419487
39627788369529785,0.0,0.4,0.6,0.0,0.4854752972273343
39627782329731513,0.0,0.27,0.73,0.0,0.42073231810408784
39627782329731341,0.0,0.18,0.82,0.0,0.34003852286413994
39627782329731852,0.0,0.26,0.74,0.0,0.4133731862463089
39627806467951364,0.0,0.27,0.73,0.0,0.42073231810408784
39627806467951363,0.0,0.69,0.31,0.0,0.4465867291889284
39627788361139474,0.0,0.11,0.89,0.0,0.249957979082264
39627806472143946,0.0,0.59,0.41,0.0,0.488250234378912
39627794392551699,0.0,0.02,0.98,0.0,0.07072027127091034
39627788352755266,0.0,0.59,0.41,0.0,0.488250234378912
39627794392551637,0.0,0.52,0.48,0.0,0.4994227679976009
39627770237553146,0.0,0.87,0.13,0.0,0.2787190925139945
39627794392550801,0.0,0.08,0.92,0.0,0.2010895951011364
39627806467951525,0.01,0.59,0.4,0.0,0.5221627763481467
39627794392551116,0.0,0.67,0.33,0.0,0.4574631863898637
39627800432345951,0.0,0.6,0.4,0.0,0.4854752972273343
39627782291982300,0.0,1.0,0.0,0.0,-0.0
39627770212388969,0.0,0.14,0.86,0.0,0.292119405821428
39627758166346456,0.0,0.31,0.69,0.0,0.4465867291889284
39627800436540028,0.0,0.17,0.83,0.0,0.32885238937210975
39627752101383957,0.0,0.11,0.89,0.0,0.249957979082264
39627764189366498,0.0,0.84,0.16,0.0,0.3171547773202831
39627770212387971,0.0,0.82,0.18,0.0,0.34003852286413994
39627782321342227,0.0,0.23,0.77,0.0,0.38900565177326885
39627776281544567,0.0,0.99,0.01,0.0,0.04039656794795559
39627782291981729,0.0,0.55,0.45,0.0,0.49638722699390414
39627764197753516,0.0,0.21,0.79,0.0,0.37074136996563684
39627782312956661,0.0,0.09,0.9,0.01,0.2579475764741046
39627776256379171,0.0,0.73,0.27,0.0,0.42073231810408784
39627764180976768,0.0,0.39,0.61,0.0,0.4823997742525436
39627764180976795,0.0,0.26,0.74,0.0,0.4133731862463089
39627806467951714,0.0,0.21,0.79,0.0,0.37074136996563684
39627794400938922,0.0,0.97,0.03,0.0,0.0971959289157881
39627746069971563,0.0,0.74,0.26,0.0,0.4133731862463089
39627770250135125,0.0,0.01,0.99,0.0,0.04039656794795559
39627752134934927,0.0,1.0,0.0,0.0,-0.0
39627746069971559,0.0,0.27,0.73,0.0,0.42073231810408784
39627770250134896,0.0,0.69,0.31,0.0,0.4465867291889284
39627752122356231,0.0,0.4,0.6,0.0,0.4854752972273343
39627794400938994,0.0,0.0,1.0,0.0,-0.0
39627758153766822,0.0,0.75,0.25,0.0,0.4056390622295664
39627776252188720,0.0,1.0,0.0,0.0,-0.0
39627770250134920,0.03,0.97,0.0,0.0,0.0971959289157881
39627770250134895,0.0,0.02,0.97,0.01,0.11097036642660543
39627770250134815,0.0,0.01,0.97,0.02,0.11097036642660543
39627770224969616,0.0,0.61,0.39,0.0,0.4823997742525436
39627788340168328,0.0,0.86,0.14,0.0,0.292119405821428
39627770212389055,0.0,0.06,0.94,0.0,0.16372245957723813
39627764189368718,0.0,0.0,1.0,0.0,-0.0
39627758174734584,0.0,0.19,0.81,0.0,0.3507357299419487
39627758174734347,0.0,0.32,0.68,0.0,0.45219072886224687
39627770237556242,0.0,0.11,0.89,0.0,0.249957979082264
39627794400939217,0.0,0.02,0.97,0.01,0.11097036642660543
39627782291984410,0.0,0.54,0.46,0.0,0.49768921941011285
39627770216580625,0.0,0.19,0.81,0.0,0.3507357299419487
39627770237556128,0.0,0.53,0.47,0.0,0.4987007942838698
39627788356947260,0.0,0.82,0.18,0.0,0.34003852286413994
39627788340168513,0.0,0.13,0.86,0.01,0.31810566868628926
39627788369530888,0.0,0.1,0.9,0.0,0.2344977967946406
39627788369530949,0.0,0.05,0.95,0.0,0.14319847855797813
39627752101384737,0.0,0.01,0.98,0.01,0.08072027127091033
39627770258523387,0.0,0.0,1.0,0.0,-0.0
39627770241746898,0.0,0.97,0.03,0.0,0.0971959289157881
39627746090946250,0.0,0.97,0.03,0.0,0.0971959289157881
39627752101380371,0.0,0.18,0.82,0.0,0.34003852286413994
39627812511944382,0.0,0.07,0.93,0.0,0.18296182545011158
39627782338119872,0.0,0.04,0.96,0.0,0.12114609454120741
39627812511942925,0.0,0.99,0.01,0.0,0.04039656794795559
39627770220775882,0.0,0.0,0.92,0.08,0.2010895951011364
39627758153766709,0.0,1.0,0.0,0.0,-0.0
39627800428154261,0.0,0.83,0.17,0.0,0.32885238937210975
39627764189365500,0.0,0.21,0.79,0.0,0.37074136996563684
39627758166343778,0.0,0.61,0.39,0.0,0.4823997742525436
39627776273154290,0.0,0.04,0.96,0.0,0.12114609454120741
39627758166344145,0.0,0.23,0.77,0.0,0.38900565177326885
39627764189365783,0.0,0.31,0.69,0.0,0.4465867291889284
39627740038562227,0.0,0.08,0.92,0.0,0.2010895951011364
39627746086748223,0.0,0.13,0.87,0.0,0.2787190925139945
39627740038562242,0.0,0.81,0.19,0.0,0.3507357299419487
39627788344365380,0.0,0.03,0.97,0.0,0.0971959289157881
39627746095137364,0.0,0.06,0.94,0.0,0.16372245957723813
39627746086751524,0.0,0.86,0.14,0.0,0.292119405821428
39627746095137297,0.0,0.1,0.89,0.01,0.27413031336294724
39627746095137056,0.0,0.72,0.28,0.0,0.4277254052800653
39627776298320498,0.0,0.0,0.95,0.05,0.14319847855797813
39627746074167151,0.0,0.03,0.97,0.0,0.0971959289157881
39627746082559910,0.0,0.8,0.2,0.0,0.36096404744368116
39627764176784111,0.0,0.09,0.91,0.0,0.21823490853205144
39627764176784054,0.0,0.03,0.96,0.01,0.13737165703039006
39627764172590842,0.0,0.01,0.99,0.0,0.04039656794795559
39627800449126968,0.0,0.01,0.99,0.0,0.04039656794795559
39627764172590484,0.0,0.93,0.07,0.0,0.18296182545011158
39627764172590511,0.0,0.05,0.95,0.0,0.14319847855797813
39627800449126845,0.0,0.9,0.1,0.0,0.2344977967946406
39627770250139046,0.0,0.03,0.96,0.01,0.13737165703039006
39627752130745200,0.0,0.18,0.82,0.0,0.34003852286413994
39627764214533595,0.0,0.3,0.7,0.0,0.44064544961534635
39627764214533507,0.0,0.01,0.96,0.03,0.13737165703039006
39627764214533462,0.0,0.07,0.93,0.0,0.18296182545011158
39627764214533442,0.0,0.38,0.62,0.0,0.47902101111314976
39627752113966197,0.0,0.58,0.42,0.0,0.49072694751682683
39627794384159487,0.0,0.78,0.22,0.0,0.38008375148098283
39627794384159589,0.0,0.23,0.77,0.0,0.38900565177326885
39627752118158826,0.0,0.87,0.13,0.0,0.2787190925139945
39627788335976199,0.0,1.0,0.0,0.0,-0.0
39627770233357571,0.0,0.08,0.92,0.0,0.2010895951011364
39627770250134388,0.0,0.62,0.38,0.0,0.47902101111314976
39627752130744880,0.0,0.3,0.7,0.0,0.44064544961534635
39627746082556315,0.0,0.09,0.91,0.0,0.21823490853205144
39627752130744697,0.0,0.3,0.7,0.0,0.44064544961534635
39627752130745239,0.0,0.11,0.89,0.0,0.249957979082264
39627752130744610,0.0,0.63,0.37,0.0,0.47533604634353294
39627764189367480,0.0,0.51,0.49,0.0,0.49985572087640495
39627764189367524,0.0,0.3,0.7,0.0,0.44064544961534635
39627764218724697,0.0,0.51,0.49,0.0,0.49985572087640495
39627770224969111,0.0,0.83,0.17,0.0,0.32885238937210975
39627752113965989,0.0,0.73,0.27,0.0,0.42073231810408784
39627758141181299,0.0,0.0,0.98,0.02,0.07072027127091034
39627758157956005,0.0,0.01,0.99,0.0,0.04039656794795559
39627758162151611,0.0,0.0,0.87,0.13,0.2787190925139945
39627770224968937,0.0,0.01,0.99,0.0,0.04039656794795559
39627758162153999,0.0,1.0,0.0,0.0,-0.0
39627758153766277,0.0,0.17,0.83,0.0,0.32885238937210975
39627758162154386,0.0,0.01,0.98,0.01,0.08072027127091033
39627758145376176,0.0,0.98,0.02,0.0,0.07072027127091034
39627758153762776,0.0,0.85,0.15,0.0,0.3049201523582002
39627800419762385,0.0,0.96,0.04,0.0,0.12114609454120741
39627800419768264,0.0,0.39,0.61,0.0,0.4823997742525436
39627812516138738,0.0,0.97,0.03,0.0,0.0971959289157881
39627788340167410,0.0,0.01,0.99,0.0,0.04039656794795559
39627752101383081,0.0,0.28,0.72,0.0,0.4277254052800653
39627800428154597,0.0,0.02,0.98,0.0,0.07072027127091034
39627770220775138,0.0,0.05,0.95,0.0,0.14319847855797813
39627758153766054,0.0,0.06,0.94,0.0,0.16372245957723813
39627800428153946,0.0,0.44,0.56,0.0,0.4947937606110278
39627770220775191,0.0,0.84,0.16,0.0,0.3171547773202831
39627758153765771,0.0,0.63,0.37,0.0,0.47533604634353294
39627782329733612,0.0,0.0,0.96,0.04,0.12114609454120741
39627794400936969,0.0,0.4,0.6,0.0,0.4854752972273343
39627788340170079,0.0,0.6,0.4,0.0,0.4854752972273343
39627758153763721,0.0,0.88,0.12,0.0,0.2646804326436822
39627752101383183,0.0,0.66,0.34,0.0,0.46240935248651505
39627758153760909,0.0,0.52,0.48,0.0,0.4994227679976009
39627770258524210,0.0,0.31,0.69,0.0,0.4465867291889284
39627806476338342,0.0,0.76,0.24,0.0,0.39752013969226113
39627800449122702,0.0,0.99,0.01,0.0,0.04039656794795559
39627800444933785,0.0,0.08,0.92,0.0,0.2010895951011364
39627800444933671,0.0,0.94,0.06,0.0,0.16372245957723813
39627770237555789,0.0,0.23,0.77,0.0,0.38900565177326885
39627788340167216,0.0,0.12,0.88,0.0,0.2646804326436822
39627770237555948,0.0,0.72,0.28,0.0,0.4277254052800653
39627788340170041,0.0,0.05,0.92,0.03,0.239266955218135
39627740042759783,0.0,0.0,0.86,0.14,0.292119405821428
39627740038565616,0.0,0.5,0.5,0.0,0.5
39627788365332515,0.0,0.2,0.8,0.0,0.36096404744368116
39627740042759748,0.0,0.05,0.95,0.0,0.14319847855797813
39627770258526622,0.0,0.67,0.33,0.0,0.4574631863898637
39627740042759906,0.0,0.47,0.53,0.0,0.4987007942838698
39627752130741864,0.0,0.0,0.93,0.07,0.18296182545011158
39627764176783791,0.0,0.75,0.25,0.0,0.4056390622295664
39627746082556999,0.0,0.84,0.16,0.0,0.3171547773202831
39627746082556987,0.0,0.32,0.68,0.0,0.45219072886224687
39627740038562425,0.0,0.99,0.01,0.0,0.04039656794795559
39627764176783753,0.0,0.14,0.86,0.0,0.292119405821428
39627764172590481,0.0,0.15,0.85,0.0,0.3049201523582002
39627770241748033,0.0,0.21,0.79,0.0,0.37074136996563684
39627794379968820,0.0,0.01,0.97,0.02,0.11097036642660543
39627812516138378,0.0,0.08,0.92,0.0,0.2010895951011364
39627752130742129,0.0,0.3,0.7,0.0,0.44064544961534635
39627770220776149,0.0,0.0,1.0,0.0,-0.0
39627800444933970,0.0,0.08,0.92,0.0,0.2010895951011364
39627788335978164,0.0,0.24,0.76,0.0,0.39752013969226113
39627788335978306,0.0,0.74,0.26,0.0,0.4133731862463089
39627800428153684,0.0,0.6,0.4,0.0,0.4854752972273343
39627800449122332,0.0,0.77,0.23,0.0,0.38900565177326885
39627800444934169,0.0,0.21,0.79,0.0,0.37074136996563684
39627770220776382,0.0,0.22,0.78,0.0,0.38008375148098283
39627812507751835,0.0,0.96,0.04,0.0,0.12114609454120741
39627770220775456,0.0,0.96,0.04,0.0,0.12114609454120741
39627812511940819,0.0,0.63,0.37,0.0,0.47533604634353294
39627770220775646,0.0,0.28,0.72,0.0,0.4277254052800653
39627770220775809,0.0,0.26,0.74,0.0,0.4133731862463089
39627782304564631,0.0,0.28,0.72,0.0,0.4277254052800653
39627764189365490,0.0,0.0,1.0,0.0,-0.0
39627800444929008,0.0,0.6,0.4,0.0,0.4854752972273343
39627794384160285,0.0,0.25,0.75,0.0,0.4056390622295664
39627794384159809,0.0,0.29,0.71,0.0,0.43436062316970225
39627746095137236,0.0,0.69,0.31,0.0,0.4465867291889284
39627806476339208,0.0,0.14,0.86,0.0,0.292119405821428
39627800444928902,0.0,0.0,1.0,0.0,-0.0
39627782296176094,0.0,0.04,0.96,0.0,0.12114609454120741
39627782296176199,0.0,0.03,0.97,0.0,0.0971959289157881
39627806476339215,0.0,0.57,0.43,0.0,0.4929075185894599
39627800444929014,0.0,0.9,0.1,0.0,0.2344977967946406
39627800415574124,0.0,0.52,0.48,0.0,0.4994227679976009
39627782296175681,0.0,0.09,0.91,0.0,0.21823490853205144
39627800436544029,0.0,0.61,0.39,0.0,0.4823997742525436
39627794396744493,0.0,0.06,0.94,0.0,0.16372245957723813
39627758157957385,0.0,0.04,0.96,0.0,0.12114609454120741
39627758157957231,0.0,0.02,0.98,0.0,0.07072027127091034
39627788331783159,0.0,0.13,0.87,0.0,0.2787190925139945
39627806472148539,0.0,0.03,0.97,0.0,0.0971959289157881
39627764214533434,0.0,0.56,0.44,0.0,0.4947937606110278
39627776260573646,0.0,0.36,0.64,0.0,0.4713415946277461
39627806467952886,0.0,0.33,0.67,0.0,0.4574631863898637
39627806467953138,0.0,0.82,0.18,0.0,0.34003852286413994
39627788352753222,0.0,0.5,0.5,0.0,0.5
39627752130744778,0.0,0.55,0.45,0.0,0.49638722699390414
39627788361139055,0.0,0.46,0.54,0.0,0.49768921941011285
39627806488921170,0.0,0.77,0.23,0.0,0.38900565177326885
39627800449124189,0.0,0.77,0.23,0.0,0.38900565177326885
39627806488920826,0.0,0.98,0.02,0.0,0.07072027127091034
39627806488921502,0.0,0.92,0.08,0.0,0.2010895951011364
39627806476342687,0.0,0.73,0.27,0.0,0.42073231810408784
39627800449124125,0.0,0.33,0.67,0.0,0.4574631863898637
39627770220775415,0.0,0.85,0.15,0.0,0.3049201523582002
39627770220775152,0.0,0.52,0.48,0.0,0.4994227679976009
39627788331782472,0.0,0.44,0.56,0.0,0.4947937606110278
39627800415573958,0.0,0.47,0.53,0.0,0.4987007942838698
39627794400937464,0.0,0.01,0.99,0.0,0.04039656794795559
39627770212387315,0.0,0.44,0.56,0.0,0.4947937606110278
39627770212387383,0.0,0.44,0.56,0.0,0.4947937606110278
39627800419762551,0.0,0.83,0.17,0.0,0.32885238937210975
39627800415572576,0.02,0.92,0.06,0.0,0.23354072007950172
39627812507751627,0.0,0.23,0.77,0.0,0.38900565177326885
39627770212387580,0.0,1.0,0.0,0.0,-0.0
39627800419762958,0.0,0.75,0.25,0.0,0.4056390622295664
39627806459565118,0.0,0.43,0.57,0.0,0.4929075185894599
39627800419762774,0.0,0.79,0.21,0.0,0.37074136996563684
39627800419762664,0.03,0.97,0.0,0.0,0.0971959289157881
39627788352753819,0.0,0.72,0.28,0.0,0.4277254052800653
39627800419763197,0.0,0.27,0.73,0.0,0.42073231810408784
39627800419766459,0.0,0.88,0.12,0.0,0.2646804326436822
39627764189365789,0.0,0.0,0.96,0.04,0.12114609454120741
39627752130741665,0.0,0.07,0.93,0.0,0.18296182545011158
39627800436544157,0.0,0.3,0.7,0.0,0.44064544961534635
39627764197753361,0.0,0.47,0.53,0.0,0.4987007942838698
39627812511944749,0.0,0.89,0.11,0.0,0.249957979082264
39627812520329286,0.0,0.6,0.4,0.0,0.4854752972273343
39627788377916604,0.0,0.87,0.13,0.0,0.2787190925139945
39627800444931704,0.0,0.63,0.37,0.0,0.47533604634353294
39627788340170802,0.0,0.42,0.58,0.0,0.49072694751682683
39627776273154456,0.0,0.36,0.64,0.0,0.4713415946277461
39627770258526915,0.0,0.82,0.18,0.0,0.34003852286413994
39627770254329302,0.0,0.77,0.23,0.0,0.38900565177326885
39627758170541182,0.0,0.56,0.44,0.0,0.4947937606110278
39627770254330843,0.0,0.25,0.75,0.0,0.4056390622295664
39627758153762680,0.0,0.46,0.54,0.0,0.49768921941011285
39627806476339815,0.0,0.98,0.02,0.0,0.07072027127091034
39627788340168714,0.0,0.12,0.88,0.0,0.2646804326436822
39627794400937153,0.0,0.67,0.33,0.0,0.4574631863898637
39627746082559527,0.0,0.61,0.39,0.0,0.4823997742525436
39627794396747309,0.0,0.93,0.07,0.0,0.18296182545011158
39627812516137433,0.0,0.12,0.88,0.0,0.2646804326436822
39627812516137332,0.0,0.73,0.27,0.0,0.42073231810408784
39627758136986935,0.0,0.83,0.17,0.0,0.32885238937210975
39627788352751215,0.0,0.02,0.98,0.0,0.07072027127091034
39627758149572136,0.0,0.27,0.73,0.0,0.42073231810408784
39627800449124696,0.0,0.16,0.84,0.0,0.3171547773202831
39627788335979122,0.0,0.07,0.93,0.0,0.18296182545011158
39627782304565036,0.0,0.12,0.88,0.0,0.2646804326436822
39627758136987109,0.0,0.91,0.09,0.0,0.21823490853205144
39627758136987237,0.0,0.63,0.37,0.0,0.47533604634353294
39627806467953020,0.0,0.8,0.2,0.0,0.36096404744368116
39627782304565030,0.0,0.09,0.91,0.0,0.21823490853205144
39627782304564957,0.0,0.31,0.69,0.0,0.4465867291889284
39627788352750935,0.0,1.0,0.0,0.0,-0.0
39627788352750922,0.0,0.76,0.24,0.0,0.39752013969226113
39627782304564891,0.0,0.87,0.13,0.0,0.2787190925139945
39627782304564730,0.0,0.29,0.71,0.0,0.43436062316970225
39627800449127036,0.0,0.86,0.14,0.0,0.292119405821428
39627800444931432,0.0,0.01,0.98,0.01,0.08072027127091033
39627800444931552,0.0,0.0,0.99,0.01,0.04039656794795559
39627800444930660,0.0,0.21,0.79,0.0,0.37074136996563684
39627788356944685,0.0,0.12,0.87,0.01,0.30414992414989617
39627794396747027,0.0,0.77,0.23,0.0,0.38900565177326885
39627800449124784,0.0,0.1,0.9,0.0,0.2344977967946406
39627788377916884,0.0,0.54,0.46,0.0,0.49768921941011285
39627788340166990,0.0,0.17,0.83,0.0,0.32885238937210975
39627770220774811,0.0,0.94,0.06,0.0,0.16372245957723813
39627806463758301,0.0,0.42,0.58,0.0,0.49072694751682683
39627800444932201,0.0,0.01,0.99,0.0,0.04039656794795559
39627770220774441,0.0,0.01,0.99,0.0,0.04039656794795559
39627800444933353,0.01,0.97,0.02,0.0,0.11097036642660543
39627800444932288,0.01,0.98,0.01,0.0,0.08072027127091033
39627800444932982,0.0,0.95,0.05,0.0,0.14319847855797813
39627770258527037,0.0,0.47,0.53,0.0,0.4987007942838698
39627776298323286,0.0,0.24,0.76,0.0,0.39752013969226113
39627752130741944,0.0,0.1,0.9,0.0,0.2344977967946406
39627770258526931,0.0,0.7,0.3,0.0,0.44064544961534635
39627770258527056,0.0,0.13,0.87,0.0,0.2787190925139945
39627776298322939,0.02,0.98,0.0,0.0,0.07072027127091034
39627770241748331,0.0,0.3,0.7,0.0,0.44064544961534635
39627776298320002,0.0,0.56,0.44,0.0,0.4947937606110278
39627800449124756,0.0,0.99,0.01,0.0,0.04039656794795559
39627788377916736,0.0,0.88,0.12,0.0,0.2646804326436822
39627776281545635,0.0,0.43,0.57,0.0,0.4929075185894599
39627770241748945,0.0,0.92,0.08,0.0,0.2010895951011364
39627776281545587,0.0,0.49,0.51,0.0,0.49985572087640495
39627788335977760,0.0,0.47,0.53,0.0,0.4987007942838698
39627800449122558,0.0,0.88,0.12,0.0,0.2646804326436822
39627812511941735,0.0,0.25,0.75,0.0,0.4056390622295664
39627800444929302,0.0,0.76,0.24,0.0,0.39752013969226113
39627812511943175,0.0,0.06,0.93,0.01,0.20367037270049304
39627812511941878,0.0,0.91,0.09,0.0,0.21823490853205144
39627806488923829,0.0,0.81,0.19,0.0,0.3507357299419487
39627770233357954,0.0,0.76,0.24,0.0,0.39752013969226113
39627770233358036,0.0,0.91,0.09,0.0,0.21823490853205144
39627806476339413,0.0,0.98,0.02,0.0,0.07072027127091034
39627752113967471,0.0,0.29,0.71,0.0,0.43436062316970225
39627812511941863,0.0,0.57,0.43,0.0,0.4929075185894599
39627812511940857,0.0,0.07,0.93,0.0,0.18296182545011158
39627812511940829,0.0,1.0,0.0,0.0,-0.0
39627812511940651,0.0,0.0,0.97,0.03,0.0971959289157881
39627806488922177,0.01,0.96,0.03,0.0,0.13737165703039006
39627800444929398,0.0,0.06,0.94,0.0,0.16372245957723813
39627812507750366,0.0,0.22,0.78,0.0,0.38008375148098283
39627812507750363,0.0,0.85,0.15,0.0,0.3049201523582002
39627806488922509,0.0,0.93,0.07,0.0,0.18296182545011158
39627776260574256,0.0,0.95,0.05,0.0,0.14319847855797813
39627776289931396,0.0,1.0,0.0,0.0,-0.0
39627812511942964,0.0,0.34,0.66,0.0,0.46240935248651505
39627812511945107,0.0,0.42,0.58,0.0,0.49072694751682683
39627788377917762,0.0,0.99,0.01,0.0,0.04039656794795559
39627776273157504,0.0,0.01,0.99,0.0,0.04039656794795559
39627758178929161,0.0,0.81,0.19,0.0,0.3507357299419487
39627758178928926,0.0,0.41,0.59,0.0,0.488250234378912
39627746065780005,0.0,0.81,0.19,0.0,0.3507357299419487
39627758166345706,0.0,0.01,0.99,0.0,0.04039656794795559
39627776256382693,0.0,0.36,0.64,0.0,0.4713415946277461
39627770258524128,0.0,0.93,0.07,0.0,0.18296182545011158
39627800440736195,0.0,0.56,0.44,0.0,0.4947937606110278
39627770250135960,0.0,0.44,0.56,0.0,0.4947937606110278
39627764172590384,0.0,0.61,0.39,0.0,0.4823997742525436
39627770250137205,0.0,0.68,0.32,0.0,0.45219072886224687
39627764185174833,0.0,0.18,0.82,0.0,0.34003852286413994
39627770250135505,0.0,0.62,0.38,0.0,0.47902101111314976
39627800449124021,0.0,0.99,0.01,0.0,0.04039656794795559
39627770250135801,0.0,0.53,0.47,0.0,0.4987007942838698
39627770250135547,0.0,0.46,0.54,0.0,0.49768921941011285
39627770250135849,0.0,0.84,0.16,0.0,0.3171547773202831
39627800440736912,0.0,0.09,0.91,0.0,0.21823490853205144
39627800440737046,0.0,0.01,0.98,0.01,0.08072027127091033
39627806463755700,0.0,0.83,0.17,0.0,0.32885238937210975
39627752130741636,0.0,0.0,0.94,0.06,0.16372245957723813
39627794413520029,0.0,0.66,0.34,0.0,0.46240935248651505
39627740042759873,0.0,0.44,0.56,0.0,0.4947937606110278
39627746086748801,0.0,0.53,0.47,0.0,0.4987007942838698
39627746086748528,0.0,0.0,0.97,0.03,0.0971959289157881
39627746086748783,0.0,0.33,0.67,0.0,0.4574631863898637
39627770258523533,0.05,0.95,0.0,0.0,0.14319847855797813
39627794384165315,0.0,0.65,0.35,0.0,0.4670340276877455
39627776256377806,0.0,0.56,0.44,0.0,0.4947937606110278
39627794384165578,0.0,0.11,0.89,0.0,0.249957979082264
39627740038562015,0.0,0.79,0.21,0.0,0.37074136996563684
39627794400939996,0.0,0.07,0.93,0.0,0.18296182545011158
39627752101381849,0.0,0.24,0.76,0.0,0.39752013969226113
39627806463755125,0.13,0.87,0.0,0.0,0.2787190925139945
39627788377917996,0.04,0.94,0.02,0.0,0.19127133459887283
39627758170541159,0.0,0.7,0.3,0.0,0.44064544961534635
39627770237555006,0.0,0.21,0.79,0.0,0.37074136996563684
39627770237554718,0.0,0.77,0.23,0.0,0.38900565177326885
39627782304568749,0.0,0.28,0.72,0.0,0.4277254052800653
39627788377916850,0.0,0.55,0.45,0.0,0.49638722699390414
39627752130741953,0.0,0.01,0.98,0.01,0.08072027127091033
39627806480532524,0.0,0.97,0.03,0.0,0.0971959289157881
39627770250134772,0.0,0.06,0.94,0.0,0.16372245957723813
39627746061582800,0.0,0.0,0.95,0.05,0.14319847855797813
39627806467952624,0.0,0.43,0.57,0.0,0.4929075185894599
39627812507751461,0.01,0.96,0.03,0.0,0.13737165703039006
39627812511941026,0.0,0.68,0.32,0.0,0.45219072886224687
39627812507751353,0.0,0.15,0.85,0.0,0.3049201523582002
39627812507751335,0.0,0.95,0.05,0.0,0.14319847855797813
39627812511941041,0.0,0.49,0.51,0.0,0.49985572087640495
39627812511940930,0.0,0.99,0.01,0.0,0.04039656794795559
39627788377919605,0.0,0.95,0.05,0.0,0.14319847855797813
39627776277352782,0.04,0.96,0.0,0.0,0.12114609454120741
39627776281542960,0.0,0.82,0.18,0.0,0.34003852286413994
39627758174733203,0.0,0.08,0.92,0.0,0.2010895951011364
39627782329732979,0.0,0.01,0.97,0.02,0.11097036642660543
39627794384162614,0.01,0.78,0.21,0.0,0.4094279001393156
39627746086751740,0.0,0.64,0.36,0.0,0.4713415946277461
39627770241747110,0.0,0.13,0.87,0.0,0.2787190925139945
39627752130744516,0.0,0.05,0.95,0.0,0.14319847855797813
39627752130744505,0.0,0.52,0.48,0.0,0.4994227679976009
39627770212390470,0.0,0.07,0.93,0.0,0.18296182545011158
39627776260574091,0.0,0.97,0.03,0.0,0.0971959289157881
39627800449127164,0.0,0.32,0.68,0.0,0.45219072886224687
39627752105575690,0.0,0.24,0.76,0.0,0.39752013969226113
39627788335974953,0.0,0.48,0.52,0.0,0.4994227679976009
39627764214533253,0.0,0.0,1.0,0.0,-0.0
39627764214533276,0.0,0.41,0.59,0.0,0.488250234378912
39627758145376249,0.0,0.6,0.4,0.0,0.4854752972273343
39627806459565463,0.0,0.0,0.98,0.02,0.07072027127091034
39627770224969894,0.0,0.26,0.74,0.0,0.4133731862463089
39627800419763285,0.0,0.62,0.38,0.0,0.47902101111314976
39627776298320427,0.0,0.81,0.19,0.0,0.3507357299419487
39627746061583883,0.0,0.72,0.28,0.0,0.4277254052800653
39627770224973205,0.0,0.87,0.13,0.0,0.2787190925139945
39627770224970085,0.0,0.06,0.94,0.0,0.16372245957723813
39627806459565653,0.0,0.86,0.14,0.0,0.292119405821428
39627764197753125,0.0,0.06,0.94,0.0,0.16372245957723813
39627776260574376,0.0,0.01,0.99,0.0,0.04039656794795559
39627776260574694,0.0,0.29,0.71,0.0,0.43436062316970225
39627770237555903,0.0,0.23,0.77,0.0,0.38900565177326885
39627800423962219,0.0,0.05,0.95,0.0,0.14319847855797813
39627770212386840,0.0,0.8,0.2,0.0,0.36096404744368116
39627776281543451,0.0,0.91,0.09,0.0,0.21823490853205144
39627800415573349,0.0,0.74,0.26,0.0,0.4133731862463089
39627758174733238,0.0,0.28,0.72,0.0,0.4277254052800653
39627770212388724,0.0,0.05,0.92,0.03,0.239266955218135
39627770212388606,0.0,0.2,0.8,0.0,0.36096404744368116
39627770212388738,0.0,0.09,0.9,0.01,0.2579475764741046
39627770212389117,0.0,0.12,0.88,0.0,0.2646804326436822
39627788331783211,0.0,1.0,0.0,0.0,-0.0
39627806476338234,0.01,0.91,0.08,0.0,0.24088153359695552
39627788361139735,0.0,1.0,0.0,0.0,-0.0
39627758153764773,0.0,0.78,0.22,0.0,0.38008375148098283
39627800432350144,0.0,0.05,0.94,0.01,0.1832231322266888
39627788331782141,0.0,0.96,0.04,0.0,0.12114609454120741
39627776260573501,0.0,0.91,0.09,0.0,0.21823490853205144
39627800415570034,0.0,0.98,0.02,0.0,0.07072027127091034
39627788331782885,0.0,0.9,0.1,0.0,0.2344977967946406
39627812507750234,0.01,0.96,0.03,0.0,0.13737165703039006
39627800415573574,0.0,0.33,0.67,0.0,0.4574631863898637
39627770212387928,0.0,0.75,0.25,0.0,0.4056390622295664
39627770212388207,0.0,0.52,0.48,0.0,0.4994227679976009
39627770212386664,0.0,0.32,0.68,0.0,0.45219072886224687
39627788335972629,0.0,0.3,0.7,0.0,0.44064544961534635
39627800415571851,0.09,0.91,0.0,0.0,0.21823490853205144
39627770212389571,0.0,0.86,0.14,0.0,0.292119405821428
39627800415571422,0.0,0.44,0.56,0.0,0.4947937606110278
39627770212389633,0.0,0.0,1.0,0.0,-0.0
39627770212386501,0.0,0.82,0.18,0.0,0.34003852286413994
39627800415572956,0.0,0.34,0.66,0.0,0.46240935248651505
39627770216579237,0.0,0.38,0.62,0.0,0.47902101111314976
39627764197754838,0.0,0.84,0.16,0.0,0.3171547773202831
39627782291982017,0.0,0.99,0.01,0.0,0.04039656794795559
39627800415572317,0.24,0.76,0.0,0.0,0.39752013969226113
39627806459562902,0.0,0.93,0.07,0.0,0.18296182545011158
39627812516135851,0.0,0.53,0.47,0.0,0.4987007942838698
39627776273155603,0.0,0.55,0.45,0.0,0.49638722699390414
39627788335972492,0.01,0.83,0.16,0.0,0.3562867308783886
39627788352755327,0.0,0.01,0.99,0.0,0.04039656794795559
39627776260573613,0.0,0.59,0.41,0.0,0.488250234378912
39627770258524365,0.0,0.01,0.97,0.02,0.11097036642660543
39627746082559515,0.0,0.84,0.16,0.0,0.3171547773202831
39627746074165954,0.0,0.39,0.61,0.0,0.4823997742525436
39627752134934981,0.0,0.0,0.97,0.03,0.0971959289157881
39627758153762640,0.0,0.02,0.98,0.0,0.07072027127091034
39627758153762439,0.0,0.0,0.99,0.01,0.04039656794795559
39627752134934866,0.0,0.05,0.95,0.0,0.14319847855797813
39627800444932927,0.0,0.09,0.91,0.0,0.21823490853205144
39627776268962932,0.0,0.9,0.1,0.0,0.2344977967946406
39627788335977735,0.0,0.34,0.66,0.0,0.46240935248651505
39627776277353584,0.0,0.95,0.05,0.0,0.14319847855797813
39627794388356674,0.0,0.18,0.82,0.0,0.34003852286413994
39627770233358089,0.0,0.79,0.21,0.0,0.37074136996563684
39627764201947637,0.03,0.96,0.01,0.0,0.13737165703039006
39627806459565270,0.01,0.95,0.04,0.0,0.16124668093016215
39627806459565828,0.0,0.47,0.53,0.0,0.4987007942838698
39627806459563992,0.0,0.2,0.8,0.0,0.36096404744368116
39627806459564109,0.0,0.99,0.01,0.0,0.04039656794795559
39627806459566896,0.0,0.6,0.4,0.0,0.4854752972273343
39627788331782611,0.0,0.46,0.54,0.0,0.49768921941011285
39627800444928814,0.0,0.95,0.05,0.0,0.14319847855797813
39627770241745353,0.0,0.21,0.79,0.0,0.37074136996563684
39627800415570101,0.0,0.63,0.37,0.0,0.47533604634353294
39627800415573186,0.0,0.75,0.25,0.0,0.4056390622295664
39627800415569700,0.0,0.5,0.5,0.0,0.5
39627770212386460,0.0,0.28,0.72,0.0,0.4277254052800653
39627782291983435,0.0,0.61,0.39,0.0,0.4823997742525436
39627800415573331,0.0,0.18,0.82,0.0,0.34003852286413994
39627812507751138,0.0,0.23,0.77,0.0,0.38900565177326885
39627800444929025,0.0,0.69,0.31,0.0,0.4465867291889284
39627782291983834,0.0,0.67,0.33,0.0,0.4574631863898637
39627764197754862,0.0,0.61,0.39,0.0,0.4823997742525436
39627812511942802,0.08,0.92,0.0,0.0,0.2010895951011364
39627806463754989,0.02,0.98,0.0,0.0,0.07072027127091034
39627776256377943,0.0,0.9,0.1,0.0,0.2344977967946406
39627770250134391,0.0,0.68,0.32,0.0,0.45219072886224687
39627788335972590,0.0,0.98,0.02,0.0,0.07072027127091034
39627806459565748,0.0,0.38,0.62,0.0,0.47902101111314976
39627770212389157,0.0,0.42,0.58,0.0,0.49072694751682683
39627806472143244,0.0,0.02,0.98,0.0,0.07072027127091034
39627770250135165,0.0,0.26,0.74,0.0,0.4133731862463089
39627806472143061,0.0,0.12,0.88,0.0,0.2646804326436822
39627800449123454,0.0,0.74,0.26,0.0,0.4133731862463089
39627806467952958,0.04,0.96,0.0,0.0,0.12114609454120741
39627794400939906,0.0,0.0,0.99,0.01,0.04039656794795559
39627782325539083,0.0,0.45,0.55,0.0,0.49638722699390414
39627782304564215,0.0,0.91,0.09,0.0,0.21823490853205144
39627782304564176,0.0,0.73,0.27,0.0,0.42073231810408784
39627746061582749,0.0,0.47,0.53,0.0,0.4987007942838698
39627764197753207,0.0,0.26,0.74,0.0,0.4133731862463089
39627794409324889,0.0,0.09,0.91,0.0,0.21823490853205144
39627746061587457,0.0,0.0,0.98,0.02,0.07072027127091034
39627746074166625,0.0,0.98,0.02,0.0,0.07072027127091034
39627752118160820,0.0,0.13,0.87,0.0,0.2787190925139945
39627758149571298,0.0,0.13,0.87,0.0,0.2787190925139945
39627770258527411,0.0,0.93,0.07,0.0,0.18296182545011158
39627776256382487,0.0,0.01,0.99,0.0,0.04039656794795559
39627758157958774,0.0,0.06,0.94,0.0,0.16372245957723813
39627776256382841,0.0,0.05,0.95,0.0,0.14319847855797813
39627758149572277,0.0,0.78,0.22,0.0,0.38008375148098283
39627794396743012,0.0,0.24,0.76,0.0,0.39752013969226113
39627758162152014,0.0,0.99,0.01,0.0,0.04039656794795559
39627770229166081,0.0,0.15,0.85,0.0,0.3049201523582002
39627788344361074,0.0,0.86,0.14,0.0,0.292119405821428
39627758149566633,0.0,0.33,0.67,0.0,0.4574631863898637
39627758174735805,0.0,0.05,0.95,0.0,0.14319847855797813
39627788373725893,0.0,0.01,0.99,0.0,0.04039656794795559
39627758157958654,0.0,0.0,1.0,0.0,-0.0
39627758174735454,0.0,0.96,0.04,0.0,0.12114609454120741
39627758174735581,0.0,0.04,0.96,0.0,0.12114609454120741
39627758174735607,0.0,0.32,0.68,0.0,0.45219072886224687
39627764189366819,0.0,0.73,0.27,0.0,0.42073231810408784
39627758174735953,0.0,0.57,0.43,0.0,0.4929075185894599
39627770224974313,0.0,0.32,0.68,0.0,0.45219072886224687
39627788369530334,0.0,0.45,0.55,0.0,0.49638722699390414
39627800449126991,0.0,0.16,0.84,0.0,0.3171547773202831
39627752109772927,0.0,0.21,0.79,0.0,0.37074136996563684
39627770229162035,0.0,0.0,0.99,0.01,0.04039656794795559
39627752130745195,0.0,0.06,0.94,0.0,0.16372245957723813
39627776268959885,0.0,0.02,0.98,0.0,0.07072027127091034
39627794375774986,0.0,1.0,0.0,0.0,-0.0
39627758149572330,0.0,0.91,0.09,0.0,0.21823490853205144
39627752130745167,0.0,0.01,0.62,0.37,0.5123783660260752
39627788348560753,0.0,0.87,0.13,0.0,0.2787190925139945
39627788369527513,0.0,0.34,0.66,0.0,0.46240935248651505
39627776268960007,0.0,0.36,0.64,0.0,0.4713415946277461
39627770229166831,0.0,0.89,0.11,0.0,0.249957979082264
39627788348557455,0.0,0.28,0.72,0.0,0.4277254052800653
39627788361143977,0.04,0.96,0.0,0.0,0.12114609454120741
39627764197756771,0.0,0.64,0.36,0.0,0.4713415946277461
39627764197756686,0.0,0.0,1.0,0.0,-0.0
39627782333929254,0.0,0.82,0.18,0.0,0.34003852286413994
39627788344363458,0.0,0.06,0.94,0.0,0.16372245957723813
39627764189366928,0.0,0.84,0.16,0.0,0.3171547773202831
39627776268960054,0.0,0.49,0.51,0.0,0.49985572087640495
39627752130745294,0.0,0.3,0.7,0.0,0.44064544961534635
39627764176786393,0.0,0.02,0.98,0.0,0.07072027127091034
39627800419765721,0.0,0.02,0.98,0.0,0.07072027127091034
39627794388358040,0.0,0.29,0.71,0.0,0.43436062316970225
39627800419765693,0.0,1.0,0.0,0.0,-0.0
39627770212388249,0.0,0.18,0.82,0.0,0.34003852286413994
39627800449126698,0.0,0.05,0.94,0.01,0.1832231322266888
39627782333924797,0.0,0.32,0.68,0.0,0.45219072886224687
39627794388358048,0.0,0.81,0.19,0.0,0.3507357299419487
39627746082559683,0.0,1.0,0.0,0.0,-0.0
39627776289933488,0.0,0.0,0.96,0.04,0.12114609454120741
39627788369528657,0.0,0.41,0.59,0.0,0.488250234378912
39627752109770507,0.0,0.15,0.85,0.0,0.3049201523582002
39627800449126644,0.0,0.8,0.2,0.0,0.36096404744368116
39627764176786328,0.0,0.74,0.26,0.0,0.4133731862463089
39627800419765494,0.0,0.29,0.71,0.0,0.43436062316970225
39627794405134497,0.0,0.62,0.38,0.0,0.47902101111314976
39627764189366925,0.0,0.5,0.5,0.0,0.5
39627782338117704,0.0,0.98,0.02,0.0,0.07072027127091034
39627788373723603,0.0,0.0,0.93,0.07,0.18296182545011158
39627764189367270,0.0,0.41,0.59,0.0,0.488250234378912
39627764193559612,0.0,0.48,0.52,0.0,0.4994227679976009
39627764189367054,0.0,0.52,0.48,0.0,0.4994227679976009
39627794375774759,0.0,0.14,0.86,0.0,0.292119405821428
39627788348557232,0.0,0.17,0.83,0.0,0.32885238937210975
39627776273157131,0.0,0.74,0.26,0.0,0.4133731862463089
39627764193561297,0.0,0.92,0.08,0.0,0.2010895951011364
39627764201950832,0.0,0.78,0.22,0.0,0.38008375148098283
39627764206146863,0.0,0.73,0.27,0.0,0.42073231810408784
39627770224974102,0.0,0.64,0.36,0.0,0.4713415946277461
39627794375774975,0.0,0.98,0.02,0.0,0.07072027127091034
39627764206144749,0.0,0.18,0.82,0.0,0.34003852286413994
39627788344363507,0.0,0.24,0.76,0.0,0.39752013969226113
39627746082559360,0.0,0.6,0.4,0.0,0.4854752972273343
39627746082559310,0.0,0.12,0.88,0.0,0.2646804326436822
39627746065778388,0.0,0.63,0.37,0.0,0.47533604634353294
39627788344361349,0.0,0.91,0.09,0.0,0.21823490853205144
39627788335974093,0.0,0.42,0.58,0.0,0.49072694751682683
39627794379968119,0.0,0.2,0.8,0.0,0.36096404744368116
39627764185172184,0.0,0.04,0.96,0.0,0.12114609454120741
39627800449125492,0.0,0.14,0.86,0.0,0.292119405821428
39627800428154976,0.0,0.02,0.98,0.0,0.07072027127091034
39627800449125305,0.0,0.5,0.5,0.0,0.5
39627764189366984,0.0,0.56,0.44,0.0,0.4947937606110278
39627746082558473,0.0,0.38,0.62,0.0,0.47902101111314976
39627770212388923,0.0,0.56,0.44,0.0,0.4947937606110278
39627770212388599,0.0,0.77,0.23,0.0,0.38900565177326885
39627770212388766,0.0,0.57,0.43,0.0,0.4929075185894599
39627782333929579,0.0,0.03,0.97,0.0,0.0971959289157881
39627746074166823,0.0,0.7,0.3,0.0,0.44064544961534635
39627776273157135,0.0,0.41,0.59,0.0,0.488250234378912
39627758174735794,0.0,0.71,0.29,0.0,0.43436062316970225
39627752109772578,0.0,0.1,0.89,0.01,0.27413031336294724
39627770220777685,0.0,0.18,0.82,0.0,0.34003852286413994
39627752134934621,0.0,0.33,0.67,0.0,0.4574631863898637
39627770212388453,0.0,0.17,0.83,0.0,0.32885238937210975
39627746074170783,0.0,0.09,0.91,0.0,0.21823490853205144
39627794384160618,0.0,0.5,0.5,0.0,0.5
39627752122358186,0.0,0.09,0.9,0.01,0.2579475764741046
39627746074170752,0.0,0.0,1.0,0.0,-0.0
39627746074170813,0.0,0.97,0.03,0.0,0.0971959289157881
39627794384160569,0.0,0.59,0.41,0.0,0.488250234378912
39627806472144611,0.0,0.07,0.93,0.0,0.18296182545011158
39627794384160872,0.0,0.03,0.97,0.0,0.0971959289157881
39627758149568864,0.0,0.35,0.65,0.0,0.4670340276877455
39627788361140770,0.0,0.05,0.95,0.0,0.14319847855797813
39627794392548646,0.0,0.58,0.42,0.0,0.49072694751682683
39627794396742042,0.0,0.35,0.65,0.0,0.4670340276877455
39627764189367279,0.0,0.01,0.96,0.03,0.13737165703039006
39627770212388226,0.0,0.27,0.73,0.0,0.42073231810408784
39627800440734945,0.0,0.0,0.99,0.01,0.04039656794795559
39627764189367762,0.0,0.84,0.16,0.0,0.3171547773202831
39627764189367654,0.0,0.61,0.39,0.0,0.4823997742525436
39627752134934793,0.0,0.13,0.87,0.0,0.2787190925139945
39627800440734966,0.0,0.06,0.94,0.0,0.16372245957723813
39627758174735141,0.0,0.72,0.28,0.0,0.4277254052800653
39627794375776318,0.0,1.0,0.0,0.0,-0.0
39627740030173641,0.0,0.9,0.1,0.0,0.2344977967946406
39627788373723681,0.0,0.45,0.55,0.0,0.49638722699390414
39627752105577872,0.0,0.5,0.5,0.0,0.5
39627770245939220,0.0,0.03,0.97,0.0,0.0971959289157881
39627794384164762,0.0,0.9,0.1,0.0,0.2344977967946406
39627806467950516,0.0,0.92,0.08,0.0,0.2010895951011364
39627806467950805,0.0,0.48,0.52,0.0,0.4994227679976009
39627806467950383,0.0,0.97,0.03,0.0,0.0971959289157881
39627746061587493,0.0,0.79,0.21,0.0,0.37074136996563684
39627782317148391,0.0,0.2,0.8,0.0,0.36096404744368116
39627752101385509,0.0,0.14,0.86,0.0,0.292119405821428
39627758149571517,0.0,0.64,0.36,0.0,0.4713415946277461
39627740038564250,0.0,0.39,0.61,0.0,0.4823997742525436
39627740038564277,0.0,0.78,0.22,0.0,0.38008375148098283
39627746090942595,0.0,0.95,0.05,0.0,0.14319847855797813
39627758153760841,0.0,0.05,0.95,0.0,0.14319847855797813
39627752130740714,0.0,0.63,0.37,0.0,0.47533604634353294
39627800423956564,0.0,0.77,0.23,0.0,0.38900565177326885
39627800440735020,0.0,0.15,0.85,0.0,0.3049201523582002
39627770233358914,0.0,0.96,0.04,0.0,0.12114609454120741
39627776268966092,0.0,0.67,0.33,0.0,0.4574631863898637
39627758149571443,0.0,0.0,1.0,0.0,-0.0
39627776281546945,0.0,0.98,0.02,0.0,0.07072027127091034
39627764193558704,0.0,0.12,0.88,0.0,0.2646804326436822
39627794396746611,0.0,0.03,0.97,0.0,0.0971959289157881
39627782312955316,0.0,0.95,0.05,0.0,0.14319847855797813
39627776281546809,0.0,0.23,0.77,0.0,0.38900565177326885
39627782312955221,0.0,0.25,0.75,0.0,0.4056390622295664
39627764193559244,0.0,0.19,0.81,0.0,0.3507357299419487
39627776268966081,0.0,0.0,1.0,0.0,-0.0
39627782333923824,0.0,0.29,0.71,0.0,0.43436062316970225
39627794384165600,0.0,0.18,0.82,0.0,0.34003852286413994
39627800432348791,0.0,0.52,0.48,0.0,0.4994227679976009
39627764185172941,0.0,0.81,0.19,0.0,0.3507357299419487
39627806476339196,0.0,0.68,0.32,0.0,0.45219072886224687
39627794396746359,0.0,0.73,0.27,0.0,0.42073231810408784
39627776264765692,0.0,0.29,0.71,0.0,0.43436062316970225
39627794396746340,0.0,0.25,0.75,0.0,0.4056390622295664
39627794396746226,0.0,0.61,0.39,0.0,0.4823997742525436
39627806480534359,0.0,0.71,0.29,0.0,0.43436062316970225
39627788335973475,0.0,0.07,0.93,0.0,0.18296182545011158
39627794400941348,0.0,0.25,0.75,0.0,0.4056390622295664
39627788369530528,0.0,0.93,0.07,0.0,0.18296182545011158
39627788369530538,0.0,0.09,0.91,0.0,0.21823490853205144
39627806467950944,0.0,0.92,0.08,0.0,0.2010895951011364
39627776256379325,0.0,0.81,0.19,0.0,0.3507357299419487
39627764180975805,0.0,0.5,0.5,0.0,0.5
39627776260572865,0.0,0.0,1.0,0.0,-0.0
39627758162151633,0.0,0.81,0.19,0.0,0.3507357299419487
39627794392550097,0.0,0.9,0.1,0.0,0.2344977967946406
39627758149572154,0.0,0.12,0.88,0.0,0.2646804326436822
39627764210340938,0.0,0.14,0.86,0.0,0.292119405821428
39627776260573023,0.0,0.81,0.19,0.0,0.3507357299419487
39627800432349407,0.0,0.53,0.47,0.0,0.4987007942838698
39627758149572158,0.0,0.12,0.88,0.0,0.2646804326436822
39627794392550096,0.0,1.0,0.0,0.0,-0.0
39627794409326482,0.0,0.05,0.95,0.0,0.14319847855797813
39627794392550032,0.0,0.02,0.98,0.0,0.07072027127091034
39627782325539659,0.0,0.86,0.14,0.0,0.292119405821428
39627788344364738,0.0,0.31,0.69,0.0,0.4465867291889284
39627776252188425,0.0,0.94,0.06,0.0,0.16372245957723813
39627770250135759,0.0,0.92,0.08,0.0,0.2010895951011364
39627764193559503,0.0,0.49,0.51,0.0,0.49985572087640495
39627794392550080,0.0,0.01,0.99,0.0,0.04039656794795559
39627776252187932,0.0,0.01,0.98,0.01,0.08072027127091033
39627758149569110,0.0,0.98,0.02,0.0,0.07072027127091034
39627764193559664,0.0,0.76,0.24,0.0,0.39752013969226113
39627746095137978,0.0,0.6,0.4,0.0,0.4854752972273343
39627776289932982,0.0,0.98,0.02,0.0,0.07072027127091034
39627740046952114,0.0,0.86,0.14,0.0,0.292119405821428
39627764185175423,0.0,0.7,0.3,0.0,0.44064544961534635
39627740046951115,0.0,0.67,0.33,0.0,0.4574631863898637
39627746086748870,0.0,0.1,0.9,0.0,0.2344977967946406
39627776260572784,0.0,0.23,0.77,0.0,0.38900565177326885
39627740046951106,0.0,0.63,0.37,0.0,0.47533604634353294
39627758136986335,0.0,0.79,0.21,0.0,0.37074136996563684
39627788369530582,0.0,0.05,0.95,0.0,0.14319847855797813
39627806467950845,0.0,0.21,0.79,0.0,0.37074136996563684
39627794384159379,0.0,0.11,0.89,0.0,0.249957979082264
39627794384159340,0.0,0.39,0.61,0.0,0.4823997742525436
39627794384159292,0.0,1.0,0.0,0.0,-0.0
39627746074168509,0.0,0.21,0.79,0.0,0.37074136996563684
39627788344364158,0.0,0.74,0.26,0.0,0.4133731862463089
39627752101381514,0.0,0.12,0.88,0.0,0.2646804326436822
39627752101381090,0.0,0.87,0.13,0.0,0.2787190925139945
39627788344364523,0.0,0.56,0.44,0.0,0.4947937606110278
39627752101381359,0.0,0.71,0.29,0.0,0.43436062316970225
39627752101381363,0.0,0.07,0.93,0.0,0.18296182545011158
39627788344364884,0.0,0.77,0.23,0.0,0.38900565177326885
39627740051146873,0.0,0.51,0.49,0.0,0.49985572087640495
39627794392548331,0.0,0.67,0.33,0.0,0.4574631863898637
39627794384159441,0.0,0.03,0.97,0.0,0.0971959289157881
39627782338122575,0.01,0.97,0.02,0.0,0.11097036642660543
39627758178927818,0.0,0.37,0.63,0.0,0.47533604634353294
39627776289933027,0.0,0.9,0.1,0.0,0.2344977967946406
39627782338122639,0.0,0.63,0.37,0.0,0.47533604634353294
39627800428151877,0.0,0.82,0.18,0.0,0.34003852286413994
39627752105579038,0.0,0.01,0.98,0.01,0.08072027127091033
39627770229167285,0.0,0.36,0.64,0.0,0.4713415946277461
39627794396744476,0.0,0.98,0.02,0.0,0.07072027127091034
39627788365336526,0.0,0.01,0.99,0.0,0.04039656794795559
39627788369531315,0.0,0.02,0.96,0.02,0.14114609454120738
39627782338123004,0.04,0.95,0.01,0.0,0.16124668093016215
39627752097187788,0.0,0.92,0.08,0.0,0.2010895951011364
39627788365336773,0.0,0.89,0.11,0.0,0.249957979082264
39627770237553485,0.0,0.72,0.28,0.0,0.4277254052800653
39627788373722453,0.0,0.2,0.8,0.0,0.36096404744368116
39627764180975885,0.0,0.3,0.7,0.0,0.44064544961534635
39627794396743110,0.0,0.98,0.02,0.0,0.07072027127091034
39627794396746242,0.0,0.86,0.14,0.0,0.292119405821428
39627782333924303,0.0,0.0,0.9,0.1,0.2344977967946406
39627752122357038,0.0,0.06,0.94,0.0,0.16372245957723813
39627752122358192,0.0,0.01,0.99,0.0,0.04039656794795559
39627746090943374,0.0,0.76,0.24,0.0,0.39752013969226113
39627794400941546,0.0,0.99,0.01,0.0,0.04039656794795559
39627776252188226,0.0,0.26,0.74,0.0,0.4133731862463089
39627794388357207,0.0,0.09,0.91,0.0,0.21823490853205144
39627746082559412,0.0,0.69,0.31,0.0,0.4465867291889284
39627794388357098,0.0,0.95,0.05,0.0,0.14319847855797813
39627764193559763,0.0,0.29,0.71,0.0,0.43436062316970225
39627794396747302,0.01,0.97,0.02,0.0,0.11097036642660543
39627794388357273,0.0,0.45,0.55,0.0,0.49638722699390414
39627782333928297,0.0,0.5,0.5,0.0,0.5
39627746090943126,0.0,1.0,0.0,0.0,-0.0
39627788369530966,0.0,0.45,0.55,0.0,0.49638722699390414
39627746065778692,0.0,0.93,0.07,0.0,0.18296182545011158
39627764189367487,0.0,0.09,0.91,0.0,0.21823490853205144
39627800423962493,0.0,0.08,0.92,0.0,0.2010895951011364
39627800423961966,0.0,0.31,0.69,0.0,0.4465867291889284
39627800423962153,0.0,0.07,0.93,0.0,0.18296182545011158
39627776294130843,0.0,0.47,0.53,0.0,0.4987007942838698
39627770212388755,0.0,0.44,0.56,0.0,0.4947937606110278
39627776294130863,0.0,0.64,0.36,0.0,0.4713415946277461
39627776294130971,0.0,0.0,1.0,0.0,-0.0
39627788373722750,0.0,0.36,0.64,0.0,0.4713415946277461
39627758174734429,0.0,0.52,0.48,0.0,0.4994227679976009
39627764172588882,0.0,0.03,0.97,0.0,0.0971959289157881
39627758174734003,0.0,0.09,0.91,0.0,0.21823490853205144
39627758174734205,0.03,0.97,0.0,0.0,0.0971959289157881
39627752113965043,0.0,0.33,0.67,0.0,0.4574631863898637
39627782296175510,0.0,0.94,0.06,0.0,0.16372245957723813
39627764189367611,0.0,0.46,0.54,0.0,0.49768921941011285
39627788356947342,0.0,0.66,0.34,0.0,0.46240935248651505
39627758174733838,0.0,0.13,0.87,0.0,0.2787190925139945
39627746074166706,0.0,0.11,0.89,0.0,0.249957979082264
39627758174733948,0.01,0.99,0.0,0.0,0.04039656794795559
39627806472142955,0.0,0.1,0.9,0.0,0.2344977967946406
39627782304569906,0.0,0.81,0.19,0.0,0.3507357299419487
39627806472144225,0.0,0.17,0.83,0.0,0.32885238937210975
39627788361140731,0.01,0.96,0.03,0.0,0.13737165703039006
39627782291984516,0.0,0.36,0.64,0.0,0.4713415946277461
39627788361140856,0.0,1.0,0.0,0.0,-0.0
39627788356947414,0.0,0.4,0.6,0.0,0.4854752972273343
39627788340166718,0.0,0.4,0.6,0.0,0.4854752972273343
39627740034368190,0.0,0.35,0.65,0.0,0.4670340276877455
39627776281546030,0.0,1.0,0.0,0.0,-0.0
39627794396742938,0.0,0.85,0.15,0.0,0.3049201523582002
39627776285742290,0.0,0.0,0.99,0.01,0.04039656794795559
39627800428153142,0.0,0.7,0.3,0.0,0.44064544961534635
39627776285742382,0.0,0.18,0.82,0.0,0.34003852286413994
39627776285738190,0.0,0.49,0.51,0.0,0.49985572087640495
39627794388360020,0.0,0.69,0.31,0.0,0.4465867291889284
39627746065778695,0.0,0.97,0.03,0.0,0.0971959289157881
39627782329731683,0.0,0.0,1.0,0.0,-0.0
39627782296175046,0.0,0.78,0.22,0.0,0.38008375148098283
39627806467951647,0.0,0.93,0.07,0.0,0.18296182545011158
39627776252182897,0.0,0.43,0.57,0.0,0.4929075185894599
39627794396742708,0.0,0.93,0.07,0.0,0.18296182545011158
39627776281544585,0.0,0.11,0.87,0.02,0.3189789351681142
39627800428151043,0.0,0.02,0.97,0.01,0.11097036642660543
39627776252188286,0.0,0.29,0.71,0.0,0.43436062316970225
39627740030175017,0.0,0.99,0.01,0.0,0.04039656794795559
39627740034368495,0.0,0.05,0.95,0.0,0.14319847855797813
39627740030176091,0.0,0.45,0.55,0.0,0.49638722699390414
39627800423962647,0.0,0.67,0.33,0.0,0.4574631863898637
39627740034368355,0.0,0.11,0.89,0.0,0.249957979082264
39627782291984420,0.0,0.96,0.04,0.0,0.12114609454120741
39627806467951288,0.0,0.51,0.49,0.0,0.49985572087640495
39627776252183508,0.0,0.9,0.1,0.0,0.2344977967946406
39627800432349158,0.0,0.55,0.45,0.0,0.49638722699390414
39627788369530126,0.0,0.48,0.52,0.0,0.4994227679976009
39627764210340392,0.0,0.97,0.03,0.0,0.0971959289157881
39627758174735589,0.0,0.24,0.76,0.0,0.39752013969226113
39627764185173171,0.0,0.16,0.84,0.0,0.3171547773202831
39627770237553920,0.0,0.95,0.05,0.0,0.14319847855797813
39627806459564869,0.0,0.94,0.06,0.0,0.16372245957723813
39627752109772090,0.0,0.94,0.06,0.0,0.16372245957723813
39627782338120520,0.0,0.2,0.8,0.0,0.36096404744368116
39627800419765254,0.0,0.5,0.5,0.0,0.5
39627800419765058,0.0,0.58,0.42,0.0,0.49072694751682683
39627788335975905,0.0,0.63,0.37,0.0,0.47533604634353294
39627788335976103,0.0,0.62,0.38,0.0,0.47902101111314976
39627770224969463,0.0,0.01,0.97,0.02,0.11097036642660543
39627788335976015,0.0,0.99,0.01,0.0,0.04039656794795559
39627788352750013,0.0,0.18,0.82,0.0,0.34003852286413994
39627758136984700,0.0,0.78,0.22,0.0,0.38008375148098283
39627770229166142,0.0,0.86,0.14,0.0,0.292119405821428
39627782291985182,0.0,0.54,0.46,0.0,0.49768921941011285
39627800444933915,0.0,1.0,0.0,0.0,-0.0
39627800428153710,0.0,0.14,0.86,0.0,0.292119405821428
39627752105575185,0.0,0.35,0.65,0.0,0.4670340276877455
39627764193561534,0.0,0.37,0.63,0.0,0.47533604634353294
39627764193561329,0.0,0.02,0.98,0.0,0.07072027127091034
39627764193560323,0.0,0.19,0.81,0.0,0.3507357299419487
39627794379968261,0.0,0.04,0.95,0.01,0.16124668093016215
39627794379968170,0.0,0.64,0.36,0.0,0.4713415946277461
39627794384158913,0.0,0.32,0.68,0.0,0.45219072886224687
39627800449126267,0.0,0.78,0.22,0.0,0.38008375148098283
39627770224973742,0.0,0.17,0.83,0.0,0.32885238937210975
39627800449126355,0.0,0.28,0.72,0.0,0.4277254052800653
39627770212388641,0.0,0.85,0.15,0.0,0.3049201523582002
39627800444934034,0.0,0.23,0.77,0.0,0.38900565177326885
39627800444934137,0.0,0.11,0.89,0.0,0.249957979082264
39627794392552983,0.0,0.3,0.7,0.0,0.44064544961534635
39627782296176242,0.01,0.99,0.0,0.0,0.04039656794795559
39627770212387589,0.0,0.15,0.84,0.01,0.3441379826496441
39627770212387390,0.0,0.51,0.49,0.0,0.49985572087640495
39627812507751216,0.0,0.96,0.04,0.0,0.12114609454120741
39627812507751159,0.0,0.86,0.14,0.0,0.292119405821428
39627770212387213,0.0,0.74,0.26,0.0,0.4133731862463089
39627794392552957,0.0,0.38,0.62,0.0,0.47902101111314976
39627794392552699,0.0,0.95,0.05,0.0,0.14319847855797813
39627800449126485,0.0,0.58,0.42,0.0,0.49072694751682683
39627806459564954,0.0,0.68,0.32,0.0,0.45219072886224687
39627782317148795,0.0,0.16,0.84,0.0,0.3171547773202831
39627800419768431,0.0,0.9,0.1,0.0,0.2344977967946406
39627806476340118,0.0,0.61,0.39,0.0,0.4823997742525436
39627788352751910,0.0,0.17,0.83,0.0,0.32885238937210975
39627788335976581,0.0,0.75,0.25,0.0,0.4056390622295664
39627788365338220,0.0,0.23,0.77,0.0,0.38900565177326885
39627788352751516,0.0,0.98,0.02,0.0,0.07072027127091034
39627788352751968,0.0,0.14,0.86,0.0,0.292119405821428
39627806484729298,0.0,0.61,0.39,0.0,0.4823997742525436
39627776298322404,0.0,0.69,0.31,0.0,0.4465867291889284
39627806476340389,0.0,0.2,0.8,0.0,0.36096404744368116
39627788369529883,0.0,0.04,0.96,0.0,0.12114609454120741
39627782338120613,0.0,0.23,0.77,0.0,0.38900565177326885
39627782338120759,0.0,1.0,0.0,0.0,-0.0
39627812507750541,0.0,0.34,0.66,0.0,0.46240935248651505
39627812511944960,0.0,0.95,0.05,0.0,0.14319847855797813
39627812507750293,0.0,0.75,0.25,0.0,0.4056390622295664
39627806459565287,0.0,0.92,0.08,0.0,0.2010895951011364
39627806459565736,0.0,0.97,0.03,0.0,0.0971959289157881
39627776285738984,0.0,0.8,0.2,0.0,0.36096404744368116
39627782304566857,0.0,0.49,0.51,0.0,0.49985572087640495
39627800440736858,0.0,1.0,0.0,0.0,-0.0
39627758178928644,0.0,0.96,0.04,0.0,0.12114609454120741
39627776256378050,0.0,0.3,0.7,0.0,0.44064544961534635
39627746065777387,0.0,0.42,0.58,0.0,0.49072694751682683
39627788377917115,0.0,0.38,0.62,0.0,0.47902101111314976
39627746065777506,0.0,1.0,0.0,0.0,-0.0
39627746082559941,0.0,0.81,0.19,0.0,0.3507357299419487
39627800449123607,0.0,0.63,0.37,0.0,0.47533604634353294
39627788377916017,0.0,0.0,0.87,0.13,0.2787190925139945
39627740051145920,0.0,0.45,0.55,0.0,0.49638722699390414
39627758136987832,0.0,0.02,0.98,0.0,0.07072027127091034
39627746086749229,0.0,0.56,0.44,0.0,0.4947937606110278
39627746086748995,0.0,0.18,0.82,0.0,0.34003852286413994
39627794379971741,0.0,0.22,0.78,0.0,0.38008375148098283
39627770224969495,0.0,0.52,0.48,0.0,0.4994227679976009
39627770229166807,0.0,0.14,0.86,0.0,0.292119405821428
39627770229167026,0.0,0.45,0.55,0.0,0.49638722699390414
39627782304568522,0.0,0.58,0.42,0.0,0.49072694751682683
39627788369531115,0.0,0.03,0.97,0.0,0.0971959289157881
39627788369531520,0.0,0.96,0.04,0.0,0.12114609454120741
39627788369527162,0.0,1.0,0.0,0.0,-0.0
39627788369531253,0.0,0.59,0.41,0.0,0.488250234378912
39627806463759320,0.0,0.99,0.01,0.0,0.04039656794795559
39627776285742055,0.0,0.07,0.93,0.0,0.18296182545011158
39627752105575646,0.0,0.01,0.95,0.04,0.16124668093016215
39627776285742268,0.0,0.02,0.98,0.0,0.07072027127091034
39627764176786145,0.0,0.07,0.93,0.0,0.18296182545011158
39627800428153529,0.0,0.27,0.73,0.0,0.42073231810408784
39627800428153508,0.0,0.04,0.96,0.0,0.12114609454120741
39627800428154175,0.0,0.95,0.05,0.0,0.14319847855797813
39627788373723247,0.0,0.76,0.24,0.0,0.39752013969226113
39627770254333435,0.0,0.02,0.98,0.0,0.07072027127091034
39627800415573556,0.17,0.83,0.0,0.0,0.32885238937210975
39627806455371802,0.0,0.09,0.91,0.0,0.21823490853205144
39627806459563295,0.0,0.65,0.35,0.0,0.4670340276877455
39627812516136432,0.0,0.79,0.21,0.0,0.37074136996563684
39627800449123083,0.0,0.51,0.49,0.0,0.49985572087640495
39627776285738606,0.0,1.0,0.0,0.0,-0.0
39627800449122970,0.02,0.98,0.0,0.0,0.07072027127091034
39627806459562990,0.14,0.86,0.0,0.0,0.292119405821428
39627782291983225,0.0,0.98,0.02,0.0,0.07072027127091034
39627776285739012,0.0,0.01,0.99,0.0,0.04039656794795559
39627758174735992,0.0,0.71,0.29,0.0,0.43436062316970225
39627746069973674,0.0,0.74,0.26,0.0,0.4133731862463089
39627740030175717,0.0,0.96,0.04,0.0,0.12114609454120741
39627788382110131,0.0,0.92,0.08,0.0,0.2010895951011364
39627788382110113,0.0,0.93,0.07,0.0,0.18296182545011158
39627770233358758,0.0,0.91,0.09,0.0,0.21823490853205144
39627800423962671,0.0,0.42,0.58,0.0,0.49072694751682683
39627788340171944,0.0,0.78,0.22,0.0,0.38008375148098283
39627752134937838,0.0,0.44,0.56,0.0,0.4947937606110278
39627752134937678,0.0,0.2,0.79,0.01,0.39974188986867043
39627764180982095,0.0,0.12,0.88,0.0,0.2646804326436822
39627788340172333,0.0,0.51,0.49,0.0,0.49985572087640495
39627794384160183,0.0,0.07,0.93,0.0,0.18296182545011158
39627788340172059,0.0,0.08,0.92,0.0,0.2010895951011364
39627794405130710,0.0,0.08,0.92,0.0,0.2010895951011364
39627770258526471,0.0,0.86,0.14,0.0,0.292119405821428
39627752126551827,0.0,0.15,0.85,0.0,0.3049201523582002
39627770258526450,0.0,0.66,0.34,0.0,0.46240935248651505
39627740025982478,0.0,0.43,0.57,0.0,0.4929075185894599
39627776256378481,0.0,0.73,0.27,0.0,0.42073231810408784
39627782325534830,0.0,0.23,0.77,0.0,0.38900565177326885
39627752126547697,0.0,0.09,0.91,0.0,0.21823490853205144
39627746061586156,0.0,0.08,0.91,0.01,0.24088153359695552
39627752101384429,0.06,0.89,0.05,0.0,0.30462964071349663
39627752118162480,0.01,0.91,0.08,0.0,0.24088153359695552
39627782325535137,0.0,0.79,0.21,0.0,0.37074136996563684
39627764201949380,0.0,0.82,0.18,0.0,0.34003852286413994
39627770258527165,0.0,0.6,0.4,0.0,0.4854752972273343
39627746061586282,0.0,0.63,0.37,0.0,0.47533604634353294
39627764189370080,0.0,0.2,0.8,0.0,0.36096404744368116
39627770258525889,0.0,0.91,0.09,0.0,0.21823490853205144
39627788365335687,0.0,0.11,0.89,0.0,0.249957979082264
39627740042757922,0.0,0.01,0.98,0.01,0.08072027127091033
39627770258525524,0.0,0.54,0.46,0.0,0.49768921941011285
39627758178928209,0.0,0.6,0.4,0.0,0.4854752972273343
39627764172590744,0.0,0.12,0.88,0.0,0.2646804326436822
39627782300373743,0.0,0.28,0.72,0.0,0.4277254052800653
39627746082556395,0.0,0.91,0.09,0.0,0.21823490853205144
39627746082556451,0.0,0.03,0.97,0.0,0.0971959289157881
39627764210340973,0.0,0.0,0.99,0.01,0.04039656794795559
39627764210340883,0.0,0.12,0.88,0.0,0.2646804326436822
39627770220775681,0.0,0.3,0.7,0.0,0.44064544961534635
39627770233356580,0.0,0.07,0.92,0.01,0.22283217282912027
39627782325534880,0.0,0.9,0.1,0.0,0.2344977967946406
39627782300375320,0.0,0.37,0.63,0.0,0.47533604634353294
39627764218730093,0.0,0.99,0.01,0.0,0.04039656794795559
39627752101384313,0.0,0.22,0.78,0.0,0.38008375148098283
39627788340173976,0.0,0.03,0.97,0.0,0.0971959289157881
39627776294126215,0.0,0.85,0.15,0.0,0.3049201523582002
39627752134938388,0.0,0.28,0.72,0.0,0.4277254052800653
39627776273155200,0.0,0.97,0.03,0.0,0.0971959289157881
39627800453317130,0.0,0.46,0.54,0.0,0.49768921941011285
39627752134938312,0.0,0.72,0.28,0.0,0.4277254052800653
39627800453317010,0.0,0.31,0.69,0.0,0.4465867291889284
39627770229163040,0.0,0.24,0.76,0.0,0.39752013969226113
39627746061586423,0.0,0.84,0.16,0.0,0.3171547773202831
39627770229165172,0.0,0.54,0.46,0.0,0.49768921941011285
39627782300372310,0.0,0.27,0.73,0.0,0.42073231810408784
39627770220778383,0.0,0.96,0.04,0.0,0.12114609454120741
39627770220778372,0.0,0.85,0.15,0.0,0.3049201523582002
39627800444931843,0.0,0.01,0.98,0.01,0.08072027127091033
39627794379966401,0.0,0.23,0.77,0.0,0.38900565177326885
39627746078364604,0.0,0.09,0.91,0.0,0.21823490853205144
39627782300373144,0.0,0.28,0.72,0.0,0.4277254052800653
39627746061586342,0.0,0.12,0.88,0.0,0.2646804326436822
39627764218725446,0.0,0.42,0.58,0.0,0.49072694751682683
39627764218725600,0.0,0.48,0.52,0.0,0.4994227679976009
39627788361141372,0.0,1.0,0.0,0.0,-0.0
39627770224968065,0.0,0.59,0.41,0.0,0.488250234378912
39627764189366469,0.0,0.28,0.72,0.0,0.4277254052800653
39627764189366452,0.0,0.67,0.33,0.0,0.4574631863898637
39627746082554838,0.0,0.46,0.54,0.0,0.49768921941011285
39627788373723331,0.0,0.15,0.85,0.0,0.3049201523582002
39627752105578966,0.0,0.94,0.06,0.0,0.16372245957723813
39627788373723314,0.0,0.08,0.92,0.0,0.2010895951011364
39627794379968873,0.0,0.11,0.89,0.0,0.249957979082264
39627770216581622,0.0,0.0,1.0,0.0,-0.0
39627752130742872,0.0,0.78,0.22,0.0,0.38008375148098283
39627752130742720,0.0,0.07,0.93,0.0,0.18296182545011158
39627758153762964,0.0,0.43,0.57,0.0,0.4929075185894599
39627770216583689,0.0,0.2,0.8,0.0,0.36096404744368116
39627776256379495,0.0,0.68,0.32,0.0,0.45219072886224687
39627758145375618,0.0,0.06,0.94,0.0,0.16372245957723813
39627770216583494,0.0,0.12,0.88,0.0,0.2646804326436822
39627758153762846,0.0,1.0,0.0,0.0,-0.0
39627758136985469,0.0,0.04,0.96,0.0,0.12114609454120741
39627758136985467,0.0,0.03,0.97,0.0,0.0971959289157881
39627770220778643,0.0,0.02,0.97,0.01,0.11097036642660543
39627746078364017,0.0,0.1,0.9,0.0,0.2344977967946406
39627752118162222,0.0,0.03,0.96,0.01,0.13737165703039006
39627782300373277,0.0,0.23,0.77,0.0,0.38900565177326885
39627746061585092,0.0,0.99,0.01,0.0,0.04039656794795559
39627770216583738,0.0,0.4,0.6,0.0,0.4854752972273343
39627782300375037,0.0,0.38,0.62,0.0,0.47902101111314976
39627782300374953,0.0,0.55,0.45,0.0,0.49638722699390414
39627758132794271,0.0,0.01,0.95,0.04,0.16124668093016215
39627800444933561,0.0,0.99,0.01,0.0,0.04039656794795559
39627752126547276,0.0,0.11,0.89,0.0,0.249957979082264
39627752126547144,0.0,0.02,0.97,0.01,0.11097036642660543
39627770220779175,0.0,0.02,0.97,0.01,0.11097036642660543
39627752126547885,0.0,0.16,0.84,0.0,0.3171547773202831
39627758132794106,0.0,0.76,0.24,0.0,0.39752013969226113
39627794388358446,0.0,0.0,0.97,0.03,0.0971959289157881
39627770254332461,0.0,0.29,0.71,0.0,0.43436062316970225
39627758132793668,0.0,0.21,0.79,0.0,0.37074136996563684
39627776273155064,0.0,0.43,0.57,0.0,0.4929075185894599
39627770220778319,0.0,0.82,0.18,0.0,0.34003852286413994
39627764185170159,0.0,0.45,0.55,0.0,0.49638722699390414
39627794405132438,0.0,0.75,0.25,0.0,0.4056390622295664
39627782300374914,0.0,0.92,0.08,0.0,0.2010895951011364
39627800444932056,0.0,0.32,0.68,0.0,0.45219072886224687
39627782300374267,0.0,0.88,0.12,0.0,0.2646804326436822
39627770220779117,0.0,0.89,0.11,0.0,0.249957979082264
39627782300375165,0.05,0.95,0.0,0.0,0.14319847855797813
39627746078363365,0.0,0.58,0.42,0.0,0.49072694751682683
39627782300374302,0.0,0.15,0.85,0.0,0.3049201523582002
39627800444932376,0.0,0.87,0.13,0.0,0.2787190925139945
39627770258522536,0.0,0.17,0.83,0.0,0.32885238937210975
39627746078362317,0.0,0.1,0.9,0.0,0.2344977967946406
39627746078362284,0.0,0.02,0.98,0.0,0.07072027127091034
39627746074168823,0.0,0.15,0.85,0.0,0.3049201523582002
39627782300374352,0.0,0.12,0.88,0.0,0.2646804326436822
39627800432348019,0.0,0.44,0.56,0.0,0.4947937606110278
39627770254329671,0.0,0.26,0.74,0.0,0.4133731862463089
39627770254329760,0.0,0.99,0.01,0.0,0.04039656794795559
39627770254329904,0.0,0.76,0.24,0.0,0.39752013969226113
39627788373726983,0.0,0.92,0.08,0.0,0.2010895951011364
39627770254330270,0.0,0.69,0.31,0.0,0.4465867291889284
39627746061586288,0.0,0.72,0.28,0.0,0.4277254052800653
39627764185175017,0.0,0.19,0.81,0.0,0.3507357299419487
39627764210337614,0.0,0.42,0.58,0.0,0.49072694751682683
39627776298321556,0.0,0.86,0.14,0.0,0.292119405821428
39627800453318064,0.0,0.94,0.06,0.0,0.16372245957723813
39627764176785859,0.0,0.55,0.45,0.0,0.49638722699390414
39627758162154483,0.0,0.24,0.76,0.0,0.39752013969226113
39627770245941080,0.0,0.59,0.41,0.0,0.488250234378912
39627800453318217,0.0,0.12,0.88,0.0,0.2646804326436822
39627770245941342,0.0,0.93,0.07,0.0,0.18296182545011158
39627758162154426,0.0,0.12,0.88,0.0,0.2646804326436822
39627752113969462,0.0,0.94,0.06,0.0,0.16372245957723813
39627764176785572,0.0,0.03,0.97,0.0,0.0971959289157881
39627800453317547,0.0,0.18,0.82,0.0,0.34003852286413994
39627758162154731,0.0,0.04,0.96,0.0,0.12114609454120741
39627776268962309,0.0,0.04,0.96,0.0,0.12114609454120741
39627758145377161,0.0,0.54,0.46,0.0,0.49768921941011285
39627782296179326,0.0,0.96,0.04,0.0,0.12114609454120741
39627782300371560,0.0,0.51,0.49,0.0,0.49985572087640495
39627752105575824,0.0,0.62,0.38,0.0,0.47902101111314976
39627752134935691,0.0,0.0,1.0,0.0,-0.0
39627794388360025,0.0,0.93,0.07,0.0,0.18296182545011158
39627764176787358,0.0,0.19,0.81,0.0,0.3507357299419487
39627776260576701,0.0,0.07,0.93,0.0,0.18296182545011158
39627752109771379,0.0,0.41,0.59,0.0,0.488250234378912
39627752109770834,0.0,0.15,0.85,0.0,0.3049201523582002
39627782300371349,0.0,0.08,0.92,0.0,0.2010895951011364
39627770216583921,0.0,0.11,0.89,0.0,0.249957979082264
39627794409328577,0.0,0.03,0.97,0.0,0.0971959289157881
39627788361141732,0.0,0.2,0.8,0.0,0.36096404744368116
39627782300370287,0.0,0.03,0.96,0.01,0.13737165703039006
39627740038564129,0.0,0.82,0.18,0.0,0.34003852286413994
39627782329734228,0.0,0.88,0.12,0.0,0.2646804326436822
39627782329734282,0.0,0.0,1.0,0.0,-0.0
39627758162152581,0.0,0.02,0.98,0.0,0.07072027127091034
39627776264766238,0.0,0.14,0.86,0.0,0.292119405821428
39627764210337194,0.0,0.87,0.13,0.0,0.2787190925139945
39627752105575818,0.0,0.35,0.65,0.0,0.4670340276877455
39627806463755857,0.0,0.9,0.1,0.0,0.2344977967946406
39627764210337214,0.0,0.85,0.15,0.0,0.3049201523582002
39627752101383477,0.0,0.12,0.88,0.0,0.2646804326436822
39627758162152859,0.0,0.53,0.47,0.0,0.4987007942838698
39627758178927498,0.0,0.35,0.65,0.0,0.4670340276877455
39627782300370139,0.0,0.08,0.92,0.0,0.2010895951011364
39627782300369817,0.0,0.59,0.41,0.0,0.488250234378912
39627770229163409,0.0,0.18,0.82,0.0,0.34003852286413994
39627770229163188,0.0,0.47,0.53,0.0,0.4987007942838698
39627776264766819,0.0,0.03,0.97,0.0,0.0971959289157881
39627740038564264,0.0,0.12,0.88,0.0,0.2646804326436822
39627752118162745,0.0,0.87,0.13,0.0,0.2787190925139945
39627794409328471,0.0,0.15,0.85,0.0,0.3049201523582002
39627776294126219,0.0,0.67,0.33,0.0,0.4574631863898637
39627806463756268,0.0,0.0,0.99,0.01,0.04039656794795559
39627764210339023,0.0,0.65,0.35,0.0,0.4670340276877455
39627758145377125,0.0,0.21,0.79,0.0,0.37074136996563684
39627800423959928,0.0,0.21,0.79,0.0,0.37074136996563684
39627776256381234,0.0,0.0,0.98,0.02,0.07072027127091034
39627776256381472,0.0,0.01,0.76,0.23,0.4275060148322434
39627806472147346,0.0,0.79,0.21,0.0,0.37074136996563684
39627788365337386,0.0,0.81,0.19,0.0,0.3507357299419487
39627764214534286,0.0,0.1,0.9,0.0,0.2344977967946406
39627788365337720,0.0,0.07,0.92,0.01,0.22283217282912027
39627806472147626,0.0,0.54,0.46,0.0,0.49768921941011285
39627794400937476,0.0,0.61,0.39,0.0,0.4823997742525436
39627806472147694,0.0,0.0,0.87,0.13,0.2787190925139945
39627770220776334,0.0,0.24,0.76,0.0,0.39752013969226113
39627800423962332,0.0,0.08,0.92,0.0,0.2010895951011364
39627800428151430,0.0,0.23,0.77,0.0,0.38900565177326885
39627758157959027,0.0,0.53,0.47,0.0,0.4987007942838698
39627776256380140,0.0,0.09,0.91,0.0,0.21823490853205144
39627788361142378,0.03,0.97,0.0,0.0,0.0971959289157881
39627788361143937,0.0,0.0,0.98,0.02,0.07072027127091034
39627758178926736,0.0,0.33,0.67,0.0,0.4574631863898637
39627788365332713,0.0,0.66,0.34,0.0,0.46240935248651505
39627782300372181,0.0,0.93,0.07,0.0,0.18296182545011158
39627788365333998,0.0,0.8,0.2,0.0,0.36096404744368116
39627746082555492,0.0,0.11,0.89,0.0,0.249957979082264
39627788365335963,0.0,0.46,0.54,0.0,0.49768921941011285
39627788365335982,0.0,0.49,0.51,0.0,0.49985572087640495
39627782300371949,0.0,0.0,0.93,0.07,0.18296182545011158
39627800419766497,0.0,0.06,0.94,0.0,0.16372245957723813
39627776268963963,0.0,0.65,0.35,0.0,0.4670340276877455
39627800423957650,0.0,0.99,0.01,0.0,0.04039656794795559
39627770224968226,0.0,0.19,0.81,0.0,0.3507357299419487
39627794413519727,0.0,0.95,0.05,0.0,0.14319847855797813
39627764197753794,0.0,0.39,0.61,0.0,0.4823997742525436
39627776285740486,0.04,0.96,0.0,0.0,0.12114609454120741
39627782300371789,0.0,0.17,0.83,0.0,0.32885238937210975
39627782300371676,0.0,0.04,0.96,0.0,0.12114609454120741
39627782300371577,0.0,0.55,0.45,0.0,0.49638722699390414
39627752118162687,0.0,0.03,0.97,0.0,0.0971959289157881
39627764197753730,0.0,0.0,0.97,0.03,0.0971959289157881
39627782300371829,0.0,0.02,0.9,0.08,0.2705942015390087
39627800419766515,0.0,0.59,0.41,0.0,0.488250234378912
39627764189366689,0.0,0.07,0.93,0.0,0.18296182545011158
39627794413519914,0.0,0.0,1.0,0.0,-0.0
39627776256381568,0.0,0.2,0.8,0.0,0.36096404744368116
39627752118159314,0.0,0.32,0.68,0.0,0.45219072886224687
39627776268965068,0.0,0.09,0.91,0.0,0.21823490853205144
39627764180978981,0.0,0.41,0.59,0.0,0.488250234378912
39627794413519900,0.0,0.12,0.88,0.0,0.2646804326436822
39627782300371906,0.0,0.57,0.43,0.0,0.4929075185894599
39627764214531258,0.0,0.13,0.87,0.0,0.2787190925139945
39627782300371868,0.0,0.14,0.86,0.0,0.292119405821428
39627776260571215,0.0,0.61,0.39,0.0,0.4823997742525436
39627788335977287,0.0,0.23,0.77,0.0,0.38900565177326885
39627752105575388,0.0,0.81,0.19,0.0,0.3507357299419487
39627764201951109,0.0,0.9,0.1,0.0,0.2344977967946406
39627794405133290,0.0,0.41,0.59,0.0,0.488250234378912
39627764185175846,0.0,0.61,0.39,0.0,0.4823997742525436
39627764185175817,0.0,0.79,0.21,0.0,0.37074136996563684
39627788365333762,0.0,0.22,0.78,0.0,0.38008375148098283
39627794405132290,0.0,0.45,0.55,0.0,0.49638722699390414
39627782304566760,0.0,0.64,0.36,0.0,0.4713415946277461
39627782308759388,0.0,0.78,0.22,0.0,0.38008375148098283
39627800444934095,0.0,0.41,0.59,0.0,0.488250234378912
39627746082554117,0.0,0.55,0.45,0.0,0.49638722699390414
39627782308759073,0.0,0.62,0.38,0.0,0.47902101111314976
39627770224968566,0.0,0.58,0.42,0.0,0.49072694751682683
39627758166348845,0.0,0.71,0.29,0.0,0.43436062316970225
39627752134937444,0.0,0.16,0.84,0.0,0.3171547773202831
39627758170539175,0.0,0.4,0.6,0.0,0.4854752972273343
39627758166348798,0.0,0.65,0.35,0.0,0.4670340276877455
39627758170539363,0.0,0.38,0.62,0.0,0.47902101111314976
39627758170539416,0.0,0.67,0.33,0.0,0.4574631863898637
39627800444933683,0.0,0.96,0.04,0.0,0.12114609454120741
39627770224968486,0.0,0.36,0.64,0.0,0.4713415946277461
39627794409325489,0.0,0.37,0.63,0.0,0.47533604634353294
39627770245943750,0.0,0.54,0.46,0.0,0.49768921941011285
39627782329734366,0.0,0.27,0.73,0.0,0.42073231810408784
39627770245943900,0.0,0.81,0.19,0.0,0.3507357299419487
39627758170539656,0.0,0.89,0.11,0.0,0.249957979082264
39627746078365849,0.0,0.38,0.62,0.0,0.47902101111314976
39627794405132022,0.0,0.09,0.91,0.0,0.21823490853205144
39627794405132072,0.0,0.01,0.99,0.0,0.04039656794795559
39627752126547674,0.0,0.0,1.0,0.0,-0.0
39627764172590790,0.0,0.93,0.07,0.0,0.18296182545011158
39627752126547439,0.0,0.57,0.43,0.0,0.4929075185894599
39627758178926943,0.0,0.07,0.93,0.0,0.18296182545011158
39627758178927119,0.0,0.07,0.93,0.0,0.18296182545011158
39627752126547988,0.0,0.0,0.99,0.01,0.04039656794795559
39627770224968397,0.0,0.71,0.29,0.0,0.43436062316970225
39627758162152744,0.0,0.57,0.43,0.0,0.4929075185894599
39627800423960320,0.0,0.6,0.4,0.0,0.4854752972273343
39627770224968421,0.0,0.35,0.65,0.0,0.4670340276877455
39627764210337428,0.0,0.27,0.73,0.0,0.42073231810408784
39627752105574989,0.0,0.96,0.04,0.0,0.12114609454120741
39627770224968127,0.0,0.56,0.44,0.0,0.4947937606110278
39627758153761491,0.0,0.19,0.81,0.0,0.3507357299419487
39627758153761536,0.0,0.73,0.27,0.0,0.42073231810408784
39627758153761520,0.0,0.9,0.1,0.0,0.2344977967946406
39627794405131896,0.0,0.28,0.72,0.0,0.4277254052800653
39627794405131486,0.0,0.07,0.93,0.0,0.18296182545011158
39627800428154980,0.0,0.02,0.98,0.0,0.07072027127091034
39627794405131748,0.0,0.63,0.37,0.0,0.47533604634353294
39627800432348078,0.0,0.23,0.77,0.0,0.38900565177326885
39627770220779545,0.0,0.13,0.87,0.0,0.2787190925139945
39627794405131768,0.0,0.1,0.9,0.0,0.2344977967946406
39627770262717129,0.0,0.08,0.92,0.0,0.2010895951011364
39627794379967372,0.0,0.75,0.25,0.0,0.4056390622295664
39627764222919244,0.0,0.05,0.95,0.0,0.14319847855797813
39627758178930712,0.0,0.89,0.11,0.0,0.249957979082264
39627758178927683,0.0,0.53,0.47,0.0,0.4987007942838698
39627752134938515,0.0,0.87,0.13,0.0,0.2787190925139945
39627758178927470,0.0,0.58,0.42,0.0,0.49072694751682683
39627758178927165,0.0,0.89,0.11,0.0,0.249957979082264
39627758174736096,0.0,0.8,0.2,0.0,0.36096404744368116
39627788348560299,0.0,0.83,0.17,0.0,0.32885238937210975
39627788361141579,0.0,0.63,0.37,0.0,0.47533604634353294
39627758178927813,0.0,0.59,0.41,0.0,0.488250234378912
39627782312957370,0.0,0.47,0.53,0.0,0.4987007942838698
39627788369528316,0.0,0.08,0.92,0.0,0.2010895951011364
39627740042761322,0.01,0.99,0.0,0.0,0.04039656794795559
39627740042759829,0.0,0.01,0.99,0.0,0.04039656794795559
39627794384165342,0.0,0.98,0.02,0.0,0.07072027127091034
39627764210340024,0.0,0.13,0.87,0.0,0.2787190925139945
39627776281544581,0.0,0.88,0.12,0.0,0.2646804326436822
39627764201949917,0.0,0.61,0.39,0.0,0.4823997742525436
39627776281544729,0.0,0.99,0.01,0.0,0.04039656794795559
39627788369528974,0.0,0.58,0.42,0.0,0.49072694751682683
39627764218724974,0.0,0.41,0.59,0.0,0.488250234378912
39627764210339963,0.0,0.17,0.83,0.0,0.32885238937210975
39627776256379524,0.0,0.07,0.93,0.0,0.18296182545011158
39627794409327581,0.0,0.23,0.77,0.0,0.38900565177326885
39627764185174950,0.0,0.11,0.89,0.0,0.249957979082264
39627764185174853,0.0,0.57,0.43,0.0,0.4929075185894599
39627758132794428,0.0,0.65,0.35,0.0,0.4670340276877455
39627764193560377,0.0,0.08,0.92,0.0,0.2010895951011364
39627794409327745,0.0,0.28,0.72,0.0,0.4277254052800653
39627758170540428,0.0,0.38,0.62,0.0,0.47902101111314976
39627758170540201,0.0,0.4,0.6,0.0,0.4854752972273343
39627752109771313,0.0,0.27,0.73,0.0,0.42073231810408784
39627764197755365,0.0,0.28,0.72,0.0,0.4277254052800653
39627752109769842,0.0,0.07,0.93,0.0,0.18296182545011158
39627752109771076,0.0,0.22,0.78,0.0,0.38008375148098283
39627782317147387,0.0,0.09,0.91,0.0,0.21823490853205144
39627782338118268,0.0,1.0,0.0,0.0,-0.0
39627746078365327,0.0,0.09,0.91,0.0,0.21823490853205144
39627782338118443,0.0,0.0,1.0,0.0,-0.0
39627740038564929,0.0,0.07,0.93,0.0,0.18296182545011158
39627782296178709,0.0,0.71,0.29,0.0,0.43436062316970225
39627770250138993,0.0,0.07,0.93,0.0,0.18296182545011158
39627782296178220,0.0,0.02,0.98,0.0,0.07072027127091034
39627782300370294,0.0,0.22,0.78,0.0,0.38008375148098283
39627752134936341,0.0,0.46,0.54,0.0,0.49768921941011285
39627800444929884,0.0,0.0,0.97,0.03,0.0971959289157881
39627800436544956,0.0,0.22,0.78,0.0,0.38008375148098283
39627788356945554,0.0,0.5,0.5,0.0,0.5
39627746069972158,0.0,0.99,0.01,0.0,0.04039656794795559
39627746078365207,0.0,0.0,1.0,0.0,-0.0
39627800444934280,0.0,0.75,0.25,0.0,0.4056390622295664
39627782296178477,0.0,0.56,0.44,0.0,0.4947937606110278
39627794405132481,0.0,0.0,0.79,0.21,0.37074136996563684
39627782296178491,0.0,0.03,0.97,0.0,0.0971959289157881
39627794392550899,0.0,0.93,0.07,0.0,0.18296182545011158
39627794405133458,0.0,0.33,0.67,0.0,0.4574631863898637
39627752126548579,0.0,0.04,0.96,0.0,0.12114609454120741
39627788335977591,0.0,0.95,0.05,0.0,0.14319847855797813
39627788335977494,0.0,0.89,0.11,0.0,0.249957979082264
39627752130743037,0.0,0.99,0.01,0.0,0.04039656794795559
39627752134936298,0.0,0.08,0.92,0.0,0.2010895951011364
39627794405133042,0.0,0.0,0.98,0.02,0.07072027127091034
39627794396745978,0.0,0.89,0.11,0.0,0.249957979082264
39627752126548225,0.0,0.04,0.96,0.0,0.12114609454120741
39627752126547979,0.0,0.36,0.64,0.0,0.4713415946277461
39627770212388783,0.0,0.71,0.29,0.0,0.43436062316970225
39627776252186167,0.0,0.07,0.93,0.0,0.18296182545011158
39627776252186691,0.0,0.01,0.96,0.03,0.13737165703039006
39627752126548151,0.0,0.01,0.98,0.01,0.08072027127091033
39627782338121713,0.0,0.36,0.64,0.0,0.4713415946277461
39627788340172510,0.0,0.85,0.15,0.0,0.3049201523582002
39627770258526404,0.0,0.01,0.99,0.0,0.04039656794795559
39627758178929143,0.0,0.69,0.31,0.0,0.4465867291889284
39627806476339175,0.0,0.19,0.81,0.0,0.3507357299419487
39627764218727599,0.0,0.83,0.17,0.0,0.32885238937210975
39627764180981432,0.0,0.85,0.15,0.0,0.3049201523582002
39627800432350584,0.0,0.09,0.91,0.0,0.21823490853205144
39627812516136643,0.0,0.34,0.66,0.0,0.46240935248651505
39627770258526338,0.0,0.98,0.02,0.0,0.07072027127091034
39627770258526180,0.0,0.64,0.36,0.0,0.4713415946277461
39627800436543156,0.0,0.67,0.33,0.0,0.4574631863898637
39627758178929387,0.0,0.21,0.79,0.0,0.37074136996563684
39627794379966043,0.0,0.77,0.23,0.0,0.38900565177326885
39627770229163452,0.0,0.02,0.98,0.0,0.07072027127091034
39627752109770910,0.0,0.36,0.64,0.0,0.4713415946277461
39627752109770876,0.0,0.51,0.49,0.0,0.49985572087640495
39627752118163035,0.0,0.9,0.1,0.0,0.2344977967946406
39627776268960728,0.0,0.08,0.92,0.0,0.2010895951011364
39627776268960823,0.0,0.22,0.78,0.0,0.38008375148098283
39627764210338232,0.0,0.09,0.91,0.0,0.21823490853205144
39627764210338650,0.0,0.49,0.51,0.0,0.49985572087640495
39627770258526015,0.0,0.02,0.98,0.0,0.07072027127091034
39627764210339636,0.0,0.32,0.68,0.0,0.45219072886224687
39627788348561065,0.0,0.48,0.52,0.0,0.4994227679976009
39627770229163662,0.0,0.0,0.92,0.08,0.2010895951011364
39627752118163022,0.0,0.92,0.08,0.0,0.2010895951011364
39627752122356155,0.0,0.47,0.53,0.0,0.4987007942838698
39627776256378984,0.0,0.73,0.27,0.0,0.42073231810408784
39627794384165408,0.0,0.48,0.52,0.0,0.4994227679976009
39627770216585215,0.0,0.42,0.58,0.0,0.49072694751682683
39627800432347936,0.0,0.0,0.93,0.07,0.18296182545011158
39627752126550393,0.0,0.48,0.52,0.0,0.4994227679976009
39627752126551066,0.0,0.06,0.94,0.0,0.16372245957723813
39627746074166139,0.0,0.9,0.1,0.0,0.2344977967946406
39627752113965336,0.0,0.7,0.3,0.0,0.44064544961534635
39627752113965353,0.0,0.35,0.65,0.0,0.4670340276877455
39627776260575617,0.0,0.71,0.29,0.0,0.43436062316970225
39627776260576330,0.0,0.76,0.24,0.0,0.39752013969226113
39627746074170206,0.0,0.98,0.02,0.0,0.07072027127091034
39627776260576640,0.0,0.03,0.97,0.0,0.0971959289157881
39627776260576714,0.0,0.53,0.47,0.0,0.4987007942838698
39627752118163500,0.0,0.06,0.94,0.0,0.16372245957723813
39627800423959771,0.0,0.37,0.63,0.0,0.47533604634353294
39627752122356379,0.0,0.86,0.14,0.0,0.292119405821428
39627752118163648,0.0,0.09,0.91,0.0,0.21823490853205144
39627788340168211,0.0,0.21,0.79,0.0,0.37074136996563684
39627806472144032,0.0,0.04,0.96,0.0,0.12114609454120741
39627758145375640,0.0,0.78,0.22,0.0,0.38008375148098283
39627758136985913,0.0,0.0,0.98,0.02,0.07072027127091034
39627788356948773,0.0,0.03,0.97,0.0,0.0971959289157881
39627758157955539,0.0,0.31,0.69,0.0,0.4465867291889284
39627758153766088,0.0,0.36,0.64,0.0,0.4713415946277461
39627770229165616,0.0,0.07,0.93,0.0,0.18296182545011158
39627776268963755,0.0,0.93,0.07,0.0,0.18296182545011158
39627800444929186,0.0,0.11,0.89,0.0,0.249957979082264
39627800440737926,0.0,0.41,0.59,0.0,0.488250234378912
39627806472143736,0.0,0.34,0.66,0.0,0.46240935248651505
39627806472143825,0.0,0.16,0.84,0.0,0.3171547773202831
39627782333925530,0.0,0.65,0.35,0.0,0.4670340276877455
39627770216581037,0.0,0.4,0.6,0.0,0.4854752972273343
39627782325537604,0.0,0.0,0.97,0.03,0.0971959289157881
39627758157961147,0.0,0.91,0.09,0.0,0.21823490853205144
39627800440733822,0.0,0.95,0.05,0.0,0.14319847855797813
39627758141181342,0.0,0.24,0.76,0.0,0.39752013969226113
39627746061587469,0.0,0.28,0.72,0.0,0.4277254052800653
39627770212390825,0.0,0.15,0.85,0.0,0.3049201523582002
39627788356944574,0.0,0.9,0.1,0.0,0.2344977967946406
39627776260575748,0.0,0.67,0.33,0.0,0.4574631863898637
39627770220778339,0.0,0.56,0.44,0.0,0.4947937606110278
39627758162152720,0.0,0.85,0.15,0.0,0.3049201523582002
39627794405131925,0.0,0.63,0.37,0.0,0.47533604634353294
39627782304567698,0.0,0.12,0.88,0.0,0.2646804326436822
39627758145372465,0.0,1.0,0.0,0.0,-0.0
39627770241744927,0.0,0.49,0.51,0.0,0.49985572087640495
39627782304567874,0.0,0.99,0.01,0.0,0.04039656794795559
39627788340172768,0.0,0.31,0.69,0.0,0.4465867291889284
39627806476340800,0.0,0.59,0.41,0.0,0.488250234378912
39627788340172723,0.0,0.21,0.79,0.0,0.37074136996563684
39627770233358759,0.0,0.14,0.86,0.0,0.292119405821428
39627770229164517,0.0,0.0,0.91,0.09,0.21823490853205144
39627746082559403,0.0,0.0,0.98,0.02,0.07072027127091034
39627764210340022,0.0,0.67,0.33,0.0,0.4574631863898637
39627764210340104,0.0,0.0,1.0,0.0,-0.0
39627758141179885,0.0,0.61,0.39,0.0,0.4823997742525436
39627776294126037,0.0,1.0,0.0,0.0,-0.0
39627776289933849,0.0,0.02,0.98,0.0,0.07072027127091034
39627776289933685,0.0,0.85,0.15,0.0,0.3049201523582002
39627770229164307,0.0,0.81,0.19,0.0,0.3507357299419487
39627788356945335,0.0,0.77,0.23,0.0,0.38900565177326885
39627788348561382,0.0,0.59,0.41,0.0,0.488250234378912
39627794384165323,0.0,0.09,0.91,0.0,0.21823490853205144
39627788356945277,0.0,0.37,0.63,0.0,0.47533604634353294
39627776256379284,0.0,0.12,0.88,0.0,0.2646804326436822
39627770241747010,0.0,0.49,0.51,0.0,0.49985572087640495
39627806476337780,0.0,0.76,0.24,0.0,0.39752013969226113
39627794384165008,0.0,0.57,0.43,0.0,0.4929075185894599
39627764172590674,0.0,0.15,0.85,0.0,0.3049201523582002
39627800444930347,0.0,0.01,0.96,0.03,0.13737165703039006
39627758166348196,0.0,0.51,0.49,0.0,0.49985572087640495
39627746082559288,0.0,0.85,0.15,0.0,0.3049201523582002
39627764222919427,0.0,0.92,0.08,0.0,0.2010895951011364
39627764222919466,0.0,0.56,0.44,0.0,0.4947937606110278
39627764222919672,0.0,0.77,0.23,0.0,0.38900565177326885
39627740042761901,0.0,0.55,0.45,0.0,0.49638722699390414
39627776273156193,0.0,0.52,0.48,0.0,0.4994227679976009
39627740042758617,0.0,0.0,0.99,0.01,0.04039656794795559
39627752134937578,0.0,0.05,0.95,0.0,0.14319847855797813
39627752134937555,0.0,1.0,0.0,0.0,-0.0
39627752134938625,0.0,0.71,0.29,0.0,0.43436062316970225
39627752134939061,0.0,0.92,0.08,0.0,0.2010895951011364
39627770233357055,0.0,0.0,0.97,0.03,0.0971959289157881
39627770233357015,0.0,0.4,0.6,0.0,0.4854752972273343
39627752134938874,0.0,0.21,0.79,0.0,0.37074136996563684
39627794388355734,0.0,0.08,0.92,0.0,0.2010895951011364
39627800428151098,0.0,0.11,0.89,0.0,0.249957979082264
39627740042759198,0.0,0.73,0.27,0.0,0.42073231810408784
39627740042759205,0.0,0.16,0.84,0.0,0.3171547773202831
39627740042759424,0.0,0.17,0.83,0.0,0.32885238937210975
39627740042759535,0.0,0.53,0.47,0.0,0.4987007942838698
39627740042759615,0.0,0.07,0.92,0.01,0.22283217282912027
39627740042759798,0.0,0.25,0.75,0.0,0.4056390622295664
39627758136987248,0.0,0.46,0.54,0.0,0.49768921941011285
39627758136987264,0.0,0.85,0.15,0.0,0.3049201523582002
39627740042758938,0.0,0.0,0.99,0.01,0.04039656794795559
39627740042759046,0.01,0.89,0.1,0.0,0.27413031336294724
39627788373727171,0.0,0.97,0.03,0.0,0.0971959289157881
39627758149570681,0.0,0.86,0.14,0.0,0.292119405821428
39627758141180829,0.0,0.83,0.17,0.0,0.32885238937210975
39627752130741137,0.0,0.43,0.57,0.0,0.4929075185894599
39627800428152102,0.0,0.8,0.2,0.0,0.36096404744368116
39627758157958319,0.0,0.04,0.95,0.01,0.16124668093016215
39627782333928418,0.0,0.92,0.08,0.0,0.2010895951011364
39627746078363579,0.0,0.11,0.89,0.0,0.249957979082264
39627758157958511,0.0,0.02,0.98,0.0,0.07072027127091034
39627758157958960,0.0,0.01,0.99,0.0,0.04039656794795559
39627788348561368,0.01,0.83,0.16,0.0,0.3562867308783886
39627764172591218,0.0,0.88,0.12,0.0,0.2646804326436822
39627794384164036,0.0,0.87,0.13,0.0,0.2787190925139945
39627746082554315,0.0,0.0,0.99,0.01,0.04039656794795559
39627752105577457,0.0,0.08,0.91,0.01,0.24088153359695552
39627800423957532,0.0,0.81,0.19,0.0,0.3507357299419487
39627758145376876,0.0,0.05,0.95,0.0,0.14319847855797813
39627746061587527,0.0,0.2,0.8,0.0,0.36096404744368116
39627752118162557,0.0,0.25,0.75,0.0,0.4056390622295664
39627758141180745,0.0,0.44,0.56,0.0,0.4947937606110278
39627770254328450,0.0,0.35,0.65,0.0,0.4670340276877455
39627752118162816,0.0,0.02,0.98,0.0,0.07072027127091034
39627788373726759,0.0,0.92,0.08,0.0,0.2010895951011364
39627800428152243,0.0,0.88,0.12,0.0,0.2646804326436822
39627782312952950,0.0,0.0,0.91,0.09,0.21823490853205144
39627764185172864,0.0,0.9,0.1,0.0,0.2344977967946406
39627782333928986,0.0,0.31,0.69,0.0,0.4465867291889284
39627758132794417,0.05,0.95,0.0,0.0,0.14319847855797813
39627794379968876,0.0,0.88,0.12,0.0,0.2646804326436822
39627764185174109,0.0,0.15,0.85,0.0,0.3049201523582002
39627752130740920,0.0,0.18,0.81,0.01,0.37899559358928114
39627776256381302,0.0,0.16,0.84,0.0,0.3171547773202831
39627794384158852,0.0,0.12,0.88,0.0,0.2646804326436822
39627764185175121,0.0,0.3,0.7,0.0,0.44064544961534635
39627794388357299,0.0,0.95,0.05,0.0,0.14319847855797813
39627746082555294,0.0,0.91,0.09,0.0,0.21823490853205144
39627794379969851,0.0,0.08,0.92,0.0,0.2010895951011364
39627746082555412,0.0,0.04,0.96,0.0,0.12114609454120741
39627782296179670,0.0,0.82,0.18,0.0,0.34003852286413994
39627770258522956,0.0,0.01,0.99,0.0,0.04039656794795559
39627782312953694,0.0,0.47,0.53,0.0,0.4987007942838698
39627794384164338,0.02,0.82,0.16,0.0,0.38533177299394805
39627794413520368,0.0,0.96,0.04,0.0,0.12114609454120741
39627794417713562,0.01,0.95,0.04,0.0,0.16124668093016215
39627782296179696,0.0,0.46,0.54,0.0,0.49768921941011285
39627746061587221,0.0,0.59,0.41,0.0,0.488250234378912
39627764185172733,0.0,0.55,0.45,0.0,0.49638722699390414
39627770258522784,0.0,0.08,0.92,0.0,0.2010895951011364
39627752134934962,0.0,0.02,0.98,0.0,0.07072027127091034
39627752105577425,0.0,0.15,0.85,0.0,0.3049201523582002
39627764176783176,0.0,0.43,0.57,0.0,0.4929075185894599
39627782333929337,0.0,0.86,0.14,0.0,0.292119405821428
39627752126547648,0.0,0.0,0.97,0.03,0.0971959289157881
39627770245940398,0.0,1.0,0.0,0.0,-0.0
39627752134937368,0.0,0.65,0.35,0.0,0.4670340276877455
39627788373726049,0.0,0.3,0.7,0.0,0.44064544961534635
39627752134937192,0.0,0.52,0.48,0.0,0.4994227679976009
39627758174732618,0.0,0.34,0.66,0.0,0.46240935248651505
39627758174732609,0.0,0.01,0.99,0.0,0.04039656794795559
39627746082554150,0.0,0.89,0.11,0.0,0.249957979082264
39627788348559924,0.0,0.43,0.57,0.0,0.4929075185894599
39627758149570903,0.0,0.0,1.0,0.0,-0.0
39627752134937051,0.0,0.43,0.57,0.0,0.4929075185894599
39627776298324289,0.0,0.41,0.59,0.0,0.488250234378912
39627740042760869,0.0,0.88,0.12,0.0,0.2646804326436822
39627770262717876,0.0,0.45,0.55,0.0,0.49638722699390414
39627770262717749,0.0,0.98,0.02,0.0,0.07072027127091034
39627770262717679,0.0,0.88,0.12,0.0,0.2646804326436822
39627758149568151,0.0,0.47,0.53,0.0,0.4987007942838698
39627764222919954,0.0,0.51,0.49,0.0,0.49985572087640495
39627740042760020,0.0,0.05,0.94,0.01,0.1832231322266888
39627776302514482,0.0,0.81,0.19,0.0,0.3507357299419487
39627764222919032,0.01,0.99,0.0,0.0,0.04039656794795559
39627764222919128,0.0,0.48,0.52,0.0,0.4994227679976009
39627764185174728,0.0,0.46,0.54,0.0,0.49768921941011285
39627788348561074,0.0,0.2,0.8,0.0,0.36096404744368116
39627770245941351,0.0,0.32,0.68,0.0,0.45219072886224687
39627746082556150,0.0,0.7,0.3,0.0,0.44064544961534635
39627752109770970,0.04,0.96,0.0,0.0,0.12114609454120741
39627782329731030,0.0,0.92,0.08,0.0,0.2010895951011364
39627800440734433,0.0,0.83,0.17,0.0,0.32885238937210975
39627776281547566,0.02,0.97,0.01,0.0,0.11097036642660543
39627782333926847,0.0,0.49,0.51,0.0,0.49985572087640495
39627776285737072,0.0,0.92,0.08,0.0,0.2010895951011364
39627800453319300,0.0,0.48,0.52,0.0,0.4994227679976009
39627800453319315,0.0,0.35,0.65,0.0,0.4670340276877455
39627770220776654,0.0,0.11,0.89,0.0,0.249957979082264
39627758141181037,0.0,0.78,0.22,0.0,0.38008375148098283
39627782338118856,0.0,0.8,0.2,0.0,0.36096404744368116
39627794405132447,0.0,0.61,0.39,0.0,0.4823997742525436
39627794396745834,0.0,0.06,0.94,0.0,0.16372245957723813
39627812516135119,0.0,0.62,0.38,0.0,0.47902101111314976
39627776294125724,0.0,0.53,0.47,0.0,0.4987007942838698
39627758136987356,0.0,0.79,0.21,0.0,0.37074136996563684
39627752134936876,0.0,0.99,0.01,0.0,0.04039656794795559
39627752134936807,0.01,0.96,0.03,0.0,0.13737165703039006
39627800428151712,0.0,0.8,0.2,0.0,0.36096404744368116
39627800428151859,0.0,0.0,1.0,0.0,-0.0
39627752118163224,0.0,0.54,0.46,0.0,0.49768921941011285
39627800428152097,0.0,0.46,0.54,0.0,0.49768921941011285
39627806480533663,0.0,0.86,0.14,0.0,0.292119405821428
39627770258522816,0.0,0.07,0.93,0.0,0.18296182545011158
39627764218725237,0.0,0.67,0.33,0.0,0.4574631863898637
39627776285737883,0.0,0.1,0.9,0.0,0.2344977967946406
39627770258522737,0.0,0.48,0.52,0.0,0.4994227679976009
39627788356944475,0.0,0.92,0.08,0.0,0.2010895951011364
39627788361138906,0.0,0.28,0.72,0.0,0.4277254052800653
39627800428152105,0.0,0.75,0.25,0.0,0.4056390622295664
39627788335976932,0.0,0.99,0.01,0.0,0.04039656794795559
39627806480532108,0.0,0.45,0.55,0.0,0.49638722699390414
39627800436543207,0.0,0.78,0.22,0.0,0.38008375148098283
39627788352749653,0.0,0.45,0.55,0.0,0.49638722699390414
39627752130741294,0.0,0.61,0.39,0.0,0.4823997742525436
39627770241747145,0.0,0.01,0.96,0.03,0.13737165703039006
39627770241747149,0.0,0.01,0.96,0.03,0.13737165703039006
39627758166348055,0.0,0.0,1.0,0.0,-0.0
39627776294128231,0.0,0.05,0.95,0.0,0.14319847855797813
39627794379966384,0.0,0.47,0.53,0.0,0.4987007942838698
39627776298322334,0.0,0.57,0.43,0.0,0.4929075185894599
39627776298322095,0.0,0.11,0.89,0.0,0.249957979082264
39627776298322308,0.0,0.02,0.98,0.0,0.07072027127091034
39627758178928831,0.0,0.54,0.46,0.0,0.49768921941011285
39627758178928637,0.0,0.15,0.85,0.0,0.3049201523582002
39627776273154195,0.0,0.51,0.49,0.0,0.49985572087640495
39627776268965055,0.0,0.75,0.25,0.0,0.4056390622295664
39627758162150176,0.0,0.95,0.05,0.0,0.14319847855797813
39627758149568334,0.0,0.51,0.49,0.0,0.49985572087640495
39627776268960583,0.0,0.28,0.72,0.0,0.4277254052800653
39627758178929025,0.0,0.96,0.04,0.0,0.12114609454120741
39627740042758829,0.0,1.0,0.0,0.0,-0.0
39627752126547299,0.0,0.01,0.99,0.0,0.04039656794795559
39627776289932263,0.0,0.24,0.76,0.0,0.39752013969226113
39627776289932279,0.0,0.15,0.85,0.0,0.3049201523582002
39627758178930541,0.0,0.32,0.68,0.0,0.45219072886224687
39627764193559881,0.0,0.35,0.65,0.0,0.4670340276877455
39627764218728815,0.0,0.37,0.63,0.0,0.47533604634353294
39627758178929075,0.0,0.56,0.44,0.0,0.4947937606110278
39627794400937042,0.0,0.05,0.95,0.0,0.14319847855797813
39627758136988977,0.0,0.89,0.11,0.0,0.249957979082264
39627746069973838,0.0,0.03,0.97,0.0,0.0971959289157881
39627758136988900,0.0,1.0,0.0,0.0,-0.0
39627788348560646,0.0,0.34,0.66,0.0,0.46240935248651505
39627746074168904,0.0,0.03,0.97,0.0,0.0971959289157881
39627764185171923,0.0,0.01,0.99,0.0,0.04039656794795559
39627770229165064,0.0,0.18,0.82,0.0,0.34003852286413994
39627776294130650,0.0,0.06,0.94,0.0,0.16372245957723813
39627776294130403,0.0,0.47,0.53,0.0,0.4987007942838698
39627788361142149,0.0,0.15,0.85,0.0,0.3049201523582002
39627782325536207,0.0,0.9,0.1,0.0,0.2344977967946406
39627788365334038,0.0,0.02,0.89,0.09,0.2875800930424113
39627746074169385,0.0,0.0,1.0,0.0,-0.0
39627752126547650,0.0,0.0,0.96,0.04,0.12114609454120741
39627758136987636,0.0,0.06,0.94,0.0,0.16372245957723813
39627764206141547,0.0,0.53,0.47,0.0,0.4987007942838698
39627764185172572,0.0,0.56,0.44,0.0,0.4947937606110278
39627746086751993,0.0,0.75,0.25,0.0,0.4056390622295664
39627764185172021,0.0,0.0,0.99,0.01,0.04039656794795559
39627746078363588,0.0,0.89,0.11,0.0,0.249957979082264
39627800440735271,0.0,0.82,0.18,0.0,0.34003852286413994
39627776264769869,0.0,0.24,0.76,0.0,0.39752013969226113
39627788369527611,0.0,0.89,0.11,0.0,0.249957979082264
39627800444932375,0.0,0.95,0.05,0.0,0.14319847855797813
39627746069972153,0.0,0.22,0.78,0.0,0.38008375148098283
39627782296174890,0.0,0.32,0.68,0.0,0.45219072886224687
39627800444934037,0.0,0.0,1.0,0.0,-0.0
39627758153761948,0.0,0.12,0.88,0.0,0.2646804326436822
39627770220775666,0.0,0.69,0.31,0.0,0.4465867291889284
39627776268961394,0.0,0.13,0.87,0.0,0.2787190925139945
39627752122357074,0.0,0.29,0.71,0.0,0.43436062316970225
39627764214530397,0.0,0.12,0.88,0.0,0.2646804326436822
39627794379971266,0.0,0.13,0.87,0.0,0.2787190925139945
39627764214532341,0.0,0.52,0.48,0.0,0.4994227679976009
39627758166345962,0.0,0.32,0.68,0.0,0.45219072886224687
39627752118163724,0.0,0.32,0.68,0.0,0.45219072886224687
39627764218724515,0.0,0.13,0.87,0.0,0.2787190925139945
39627782325540836,0.0,0.0,1.0,0.0,-0.0
39627764176785498,0.0,0.45,0.55,0.0,0.49638722699390414
39627746069972282,0.0,0.02,0.98,0.0,0.07072027127091034
39627782312953841,0.0,0.29,0.71,0.0,0.43436062316970225
39627788365336352,0.0,1.0,0.0,0.0,-0.0
39627794388353843,0.0,0.57,0.43,0.0,0.4929075185894599
39627788365337232,0.0,0.22,0.78,0.0,0.38008375148098283
39627764180978948,0.0,0.29,0.71,0.0,0.43436062316970225
39627788335977767,0.0,0.14,0.86,0.0,0.292119405821428
39627776298320445,0.0,0.02,0.98,0.0,0.07072027127091034
39627758170542389,0.0,0.53,0.47,0.0,0.4987007942838698
39627752118163448,0.0,0.88,0.12,0.0,0.2646804326436822
39627800444932570,0.0,0.16,0.84,0.0,0.3171547773202831
39627782325536480,0.0,0.84,0.16,0.0,0.3171547773202831
39627758170542940,0.0,0.34,0.66,0.0,0.46240935248651505
39627746061587617,0.0,0.17,0.83,0.0,0.32885238937210975
39627758170542419,0.0,0.85,0.15,0.0,0.3049201523582002
39627788369528626,0.0,0.27,0.73,0.0,0.42073231810408784
39627788377918239,0.0,0.91,0.09,0.0,0.21823490853205144
39627788340173474,0.01,0.98,0.01,0.0,0.08072027127091033
39627788340173757,0.0,0.71,0.29,0.0,0.43436062316970225
39627758149567559,0.0,0.69,0.31,0.0,0.4465867291889284
39627782304567740,0.0,0.04,0.96,0.0,0.12114609454120741
39627782308758615,0.0,0.7,0.3,0.0,0.44064544961534635
39627782308758878,0.0,0.3,0.7,0.0,0.44064544961534635
39627764201951011,0.0,0.61,0.39,0.0,0.4823997742525436
39627764201951412,0.0,0.02,0.98,0.0,0.07072027127091034
39627764201951482,0.0,0.27,0.73,0.0,0.42073231810408784
39627788377918171,0.0,0.29,0.71,0.0,0.43436062316970225
39627782304568060,0.0,0.23,0.77,0.0,0.38900565177326885
39627746078366053,0.0,0.51,0.49,0.0,0.49985572087640495
39627758178930610,0.0,0.7,0.3,0.0,0.44064544961534635
39627782317147176,0.0,0.38,0.62,0.0,0.47902101111314976
39627782325539123,0.0,0.02,0.98,0.0,0.07072027127091034
39627758136987002,0.01,0.96,0.03,0.0,0.13737165703039006
39627800423957159,0.0,0.61,0.39,0.0,0.4823997742525436
39627758136987403,0.0,0.01,0.95,0.04,0.16124668093016215
39627758136987394,0.0,0.16,0.84,0.0,0.3171547773202831
39627758170540281,0.0,0.21,0.79,0.0,0.37074136996563684
39627758170542679,0.0,0.02,0.98,0.0,0.07072027127091034
39627794396746244,0.0,0.25,0.75,0.0,0.4056390622295664
39627794396746201,0.0,0.99,0.01,0.0,0.04039656794795559
39627800423956740,0.0,0.29,0.71,0.0,0.43436062316970225
39627764197755328,0.0,0.55,0.45,0.0,0.49638722699390414
39627800444933772,0.0,0.3,0.7,0.0,0.44064544961534635
39627776285740227,0.0,0.05,0.95,0.0,0.14319847855797813
39627770233358413,0.0,0.92,0.08,0.0,0.2010895951011364
39627770229164266,0.0,0.79,0.21,0.0,0.37074136996563684
39627758149567823,0.0,0.1,0.88,0.02,0.30368177794258344
39627758166348175,0.0,0.94,0.06,0.0,0.16372245957723813
39627752126549888,0.0,0.24,0.76,0.0,0.39752013969226113
39627758170543081,0.0,0.59,0.41,0.0,0.488250234378912
39627770229163954,0.0,0.05,0.95,0.0,0.14319847855797813
39627770229163851,0.0,0.17,0.83,0.0,0.32885238937210975
39627782291986092,0.0,0.13,0.87,0.0,0.2787190925139945
39627788356946800,0.0,0.42,0.58,0.0,0.49072694751682683
39627770220776354,0.0,0.01,0.98,0.01,0.08072027127091033
39627770220775956,0.0,0.01,0.99,0.0,0.04039656794795559
39627782333926688,0.0,0.13,0.87,0.0,0.2787190925139945
39627782333926714,0.0,0.86,0.14,0.0,0.292119405821428
39627764210339190,0.0,0.56,0.44,0.0,0.4947937606110278
39627746069974756,0.04,0.9,0.06,0.0,0.283045326517374
39627758153765985,0.0,0.7,0.3,0.0,0.44064544961534635
39627782304568081,0.0,0.15,0.85,0.0,0.3049201523582002
39627752130740901,0.0,0.35,0.65,0.0,0.4670340276877455
39627770229164674,0.0,0.06,0.93,0.01,0.20367037270049304
39627794400936992,0.0,0.31,0.69,0.0,0.4465867291889284
39627806476340434,0.0,0.08,0.92,0.0,0.2010895951011364
39627788348561308,0.0,0.66,0.34,0.0,0.46240935248651505
39627758145374147,0.0,0.4,0.6,0.0,0.4854752972273343
39627782333927097,0.0,0.01,0.99,0.0,0.04039656794795559
39627740042758956,0.0,0.21,0.79,0.0,0.37074136996563684
39627788348560159,0.0,0.78,0.22,0.0,0.38008375148098283
39627758145374143,0.0,0.44,0.56,0.0,0.4947937606110278
39627788361142312,0.0,0.69,0.31,0.0,0.4465867291889284
39627764185174191,0.0,0.04,0.96,0.0,0.12114609454120741
39627752118163933,0.0,0.78,0.22,0.0,0.38008375148098283
39627794400936700,0.0,0.34,0.66,0.0,0.46240935248651505
39627752122352040,0.0,0.24,0.76,0.0,0.39752013969226113
39627752122352213,0.0,0.03,0.92,0.05,0.239266955218135
39627782329729433,0.0,0.8,0.2,0.0,0.36096404744368116
39627806463756498,0.0,0.86,0.14,0.0,0.292119405821428
39627782312953361,0.0,0.8,0.2,0.0,0.36096404744368116
39627800419766800,0.0,0.67,0.33,0.0,0.4574631863898637
39627758153762551,0.0,0.38,0.62,0.0,0.47902101111314976
39627776256382424,0.0,0.03,0.97,0.0,0.0971959289157881
39627782333927078,0.0,0.02,0.97,0.01,0.11097036642660543
39627794384164617,0.0,0.68,0.32,0.0,0.45219072886224687
39627788365338558,0.0,0.08,0.92,0.0,0.2010895951011364
39627782329729554,0.0,0.07,0.93,0.0,0.18296182545011158
39627782333927374,0.0,0.28,0.72,0.0,0.4277254052800653
39627806463756116,0.0,0.71,0.29,0.0,0.43436062316970225
39627788377915434,0.0,0.63,0.37,0.0,0.47533604634353294
39627770216582263,0.0,0.94,0.06,0.0,0.16372245957723813
39627794396746058,0.0,0.98,0.02,0.0,0.07072027127091034
39627800444933521,0.0,0.49,0.51,0.0,0.49985572087640495
39627758170542255,0.0,0.62,0.38,0.0,0.47902101111314976
39627794413522814,0.0,0.19,0.81,0.0,0.3507357299419487
39627794413523052,0.0,0.98,0.02,0.0,0.07072027127091034
39627770216582643,0.0,0.5,0.5,0.0,0.5
39627788377915433,0.0,0.78,0.22,0.0,0.38008375148098283
39627794413522736,0.0,0.27,0.73,0.0,0.42073231810408784
39627788373727253,0.0,0.24,0.76,0.0,0.39752013969226113
39627794413521615,0.0,0.16,0.84,0.0,0.3171547773202831
39627794396745220,0.0,0.14,0.86,0.0,0.292119405821428
39627746061585537,0.0,0.51,0.49,0.0,0.49985572087640495
39627794405130907,0.0,0.01,0.97,0.02,0.11097036642660543
39627764218726053,0.0,0.93,0.07,0.0,0.18296182545011158
39627800423962620,0.0,0.29,0.71,0.0,0.43436062316970225
39627794396744807,0.0,0.42,0.58,0.0,0.49072694751682683
39627746090946333,0.0,0.83,0.17,0.0,0.32885238937210975
39627752109769525,0.0,0.97,0.03,0.0,0.0971959289157881
39627764210339501,0.0,1.0,0.0,0.0,-0.0
39627806463756187,0.0,0.02,0.95,0.03,0.1674722434193448
39627752109769589,0.0,0.12,0.88,0.0,0.2646804326436822
39627794396744853,0.0,0.49,0.51,0.0,0.49985572087640495
39627806463755971,0.0,0.84,0.16,0.0,0.3171547773202831
39627776264769987,0.0,0.29,0.71,0.0,0.43436062316970225
39627782296177994,0.0,0.19,0.81,0.0,0.3507357299419487
39627776264769976,0.0,0.17,0.83,0.0,0.32885238937210975
39627752101381966,0.0,0.09,0.91,0.0,0.21823490853205144
39627746074165454,0.0,0.45,0.55,0.0,0.49638722699390414
39627788373723038,0.0,0.58,0.42,0.0,0.49072694751682683
39627764206141645,0.0,0.08,0.92,0.0,0.2010895951011364
39627776252187667,0.0,0.67,0.33,0.0,0.4574631863898637
39627746074165310,0.0,0.9,0.1,0.0,0.2344977967946406
39627776264765716,0.0,0.16,0.84,0.0,0.3171547773202831
39627746069975825,0.0,0.21,0.79,0.0,0.37074136996563684
39627794413520543,0.0,0.54,0.46,0.0,0.49768921941011285
39627788365333324,0.0,0.7,0.3,0.0,0.44064544961534635
39627776260577025,0.0,0.99,0.01,0.0,0.04039656794795559
39627764218724894,0.0,0.3,0.7,0.0,0.44064544961534635
39627770220778711,0.0,0.02,0.98,0.0,0.07072027127091034
39627764197754038,0.0,0.76,0.24,0.0,0.39752013969226113
39627758162152007,0.0,0.21,0.79,0.0,0.37074136996563684
39627770245940881,0.0,0.89,0.11,0.0,0.249957979082264
39627758145375233,0.01,0.88,0.11,0.0,0.28950944366190023
39627764172590851,0.0,0.76,0.24,0.0,0.39752013969226113
39627776260571288,0.0,0.96,0.04,0.0,0.12114609454120741
39627776294128147,0.0,0.52,0.48,0.0,0.4994227679976009
39627776268961777,0.0,0.24,0.76,0.0,0.39752013969226113
39627740038564647,0.0,0.48,0.52,0.0,0.4994227679976009
39627800444933646,0.0,0.37,0.63,0.0,0.47533604634353294
39627746061586286,0.0,0.86,0.14,0.0,0.292119405821428
39627782300373235,0.0,0.7,0.3,0.0,0.44064544961534635
39627752105579052,0.0,0.59,0.41,0.0,0.488250234378912
39627776268962004,0.0,0.59,0.41,0.0,0.488250234378912
39627776289931535,0.0,0.03,0.96,0.01,0.13737165703039006
39627770216581765,0.0,0.02,0.97,0.01,0.11097036642660543
39627782333925460,0.0,0.15,0.85,0.0,0.3049201523582002
39627776260576974,0.0,0.04,0.96,0.0,0.12114609454120741
39627770216581867,0.0,0.88,0.12,0.0,0.2646804326436822
39627800444930612,0.0,0.0,0.68,0.32,0.45219072886224687
39627758162152882,0.0,0.45,0.55,0.0,0.49638722699390414
39627770233358094,0.0,0.76,0.24,0.0,0.39752013969226113
39627770233358194,0.0,0.25,0.75,0.0,0.4056390622295664
39627758166347334,0.0,0.87,0.13,0.0,0.2787190925139945
39627758166347190,0.0,0.51,0.49,0.0,0.49985572087640495
39627794405131984,0.0,0.03,0.96,0.01,0.13737165703039006
39627794405132085,0.0,0.9,0.1,0.0,0.2344977967946406
39627782296177841,0.0,0.0,0.86,0.14,0.292119405821428
39627764206145194,0.0,0.11,0.89,0.0,0.249957979082264
39627800444932623,0.0,0.03,0.97,0.0,0.0971959289157881
39627776268963406,0.0,0.42,0.58,0.0,0.49072694751682683
39627788373721146,0.0,0.03,0.94,0.03,0.19372245957723813
39627788352755046,0.0,0.57,0.43,0.0,0.4929075185894599
39627764172590273,0.0,0.92,0.08,0.0,0.2010895951011364
39627764218730283,0.0,0.36,0.64,0.0,0.4713415946277461
39627776273157158,0.0,0.22,0.78,0.0,0.38008375148098283
39627746065780137,0.0,0.72,0.28,0.0,0.4277254052800653
39627782317147038,0.0,1.0,0.0,0.0,-0.0
39627782304567582,0.0,0.89,0.11,0.0,0.249957979082264
39627800453318771,0.01,0.99,0.0,0.0,0.04039656794795559
39627794413521172,0.0,0.49,0.51,0.0,0.49985572087640495
39627794396746679,0.0,0.67,0.33,0.0,0.4574631863898637
39627746086752378,0.0,0.85,0.15,0.0,0.3049201523582002
39627782304567498,0.0,0.57,0.43,0.0,0.4929075185894599
39627794379968030,0.0,1.0,0.0,0.0,-0.0
39627758153763725,0.0,0.12,0.88,0.0,0.2646804326436822
39627758153763803,0.0,0.35,0.65,0.0,0.4670340276877455
39627776285740251,0.0,0.78,0.22,0.0,0.38008375148098283
39627746069971800,0.0,0.33,0.67,0.0,0.4574631863898637
39627800453319119,0.0,0.9,0.1,0.0,0.2344977967946406
39627752101382109,0.0,0.59,0.41,0.0,0.488250234378912
39627776256382009,0.0,0.39,0.61,0.0,0.4823997742525436
39627746069971738,0.0,0.75,0.25,0.0,0.4056390622295664
39627800453318879,0.0,0.4,0.6,0.0,0.4854752972273343
39627776281544238,0.0,0.59,0.41,0.0,0.488250234378912
39627782333928916,0.01,0.96,0.03,0.0,0.13737165703039006
39627782333929022,0.0,1.0,0.0,0.0,-0.0
39627800428151543,0.0,0.0,1.0,0.0,-0.0
39627794405131997,0.0,0.01,0.99,0.0,0.04039656794795559
39627770258525980,0.0,0.3,0.7,0.0,0.44064544961534635
39627758149569265,0.0,0.3,0.7,0.0,0.44064544961534635
39627752122356496,0.0,0.15,0.85,0.0,0.3049201523582002
39627752134935257,0.0,0.47,0.53,0.0,0.4987007942838698
39627746069971328,0.0,0.97,0.03,0.0,0.0971959289157881
39627752134934976,0.0,0.95,0.05,0.0,0.14319847855797813
39627800436542018,0.0,0.37,0.63,0.0,0.47533604634353294
39627764172589181,0.0,0.69,0.31,0.0,0.4465867291889284
39627782296176264,0.0,0.99,0.01,0.0,0.04039656794795559
39627764172589104,0.0,0.34,0.66,0.0,0.46240935248651505
39627764172589072,0.0,1.0,0.0,0.0,-0.0
39627746069971010,0.0,0.73,0.27,0.0,0.42073231810408784
39627758132793062,0.0,0.03,0.96,0.01,0.13737165703039006
39627800436541866,0.0,0.75,0.25,0.0,0.4056390622295664
39627782333925233,0.0,0.25,0.75,0.0,0.4056390622295664
39627800436541934,0.0,0.55,0.45,0.0,0.49638722699390414
39627782333925509,0.0,0.21,0.79,0.0,0.37074136996563684
39627758145372819,0.02,0.97,0.01,0.0,0.11097036642660543
39627758145372777,0.0,0.3,0.7,0.0,0.44064544961534635
39627758141181907,0.0,0.29,0.71,0.0,0.43436062316970225
39627776294128730,0.0,0.03,0.97,0.0,0.0971959289157881
39627782333925651,0.0,0.05,0.95,0.0,0.14319847855797813
39627758145372787,0.0,0.15,0.85,0.0,0.3049201523582002
39627758141179664,0.0,0.2,0.8,0.0,0.36096404744368116
39627758132792773,0.0,0.14,0.86,0.0,0.292119405821428
39627776298324800,0.0,0.17,0.83,0.0,0.32885238937210975
39627776273156440,0.0,0.52,0.48,0.0,0.4994227679976009
39627776273156380,0.0,0.0,0.99,0.01,0.04039656794795559
39627788373726028,0.0,0.0,1.0,0.0,-0.0
39627746082556424,0.0,0.27,0.73,0.0,0.42073231810408784
39627740042758351,0.0,0.76,0.24,0.0,0.39752013969226113
39627776294125891,0.0,0.35,0.65,0.0,0.4670340276877455
39627746082556350,0.0,0.27,0.73,0.0,0.42073231810408784
39627758141181328,0.0,0.04,0.95,0.01,0.16124668093016215
39627770258522466,0.0,0.15,0.85,0.0,0.3049201523582002
39627800440734814,0.0,0.35,0.65,0.0,0.4670340276877455
39627794388356597,0.0,0.99,0.01,0.0,0.04039656794795559
39627758132793051,0.0,0.73,0.27,0.0,0.42073231810408784
39627752130741300,0.0,0.01,0.99,0.0,0.04039656794795559
39627752130741229,0.0,0.22,0.78,0.0,0.38008375148098283
39627782333928898,0.0,0.0,0.96,0.04,0.12114609454120741
39627752130741251,0.0,0.0,0.96,0.04,0.12114609454120741
39627758141181317,0.0,0.0,0.99,0.01,0.04039656794795559
39627800428151700,0.0,0.01,0.99,0.0,0.04039656794795559
39627770233358070,0.0,0.5,0.5,0.0,0.5
39627758157958376,0.0,0.05,0.95,0.0,0.14319847855797813
39627788335977304,0.0,0.06,0.94,0.0,0.16372245957723813
39627752101383370,0.0,0.01,0.99,0.0,0.04039656794795559
39627752109770270,0.0,0.82,0.18,0.0,0.34003852286413994
39627758149568038,0.0,0.08,0.92,0.0,0.2010895951011364
39627752139129068,0.0,0.59,0.41,0.0,0.488250234378912
39627776256381482,0.0,0.81,0.19,0.0,0.3507357299419487
39627776256382114,0.0,0.86,0.14,0.0,0.292119405821428
39627794413521254,0.0,0.5,0.5,0.0,0.5
39627752109772481,0.0,0.02,0.97,0.01,0.11097036642660543
39627770229164729,0.0,0.61,0.39,0.0,0.4823997742525436
39627776294125776,0.0,0.43,0.57,0.0,0.4929075185894599
39627758170539838,0.0,0.88,0.12,0.0,0.2646804326436822
39627758170539902,0.0,0.2,0.79,0.01,0.39974188986867043
39627788373725826,0.0,0.27,0.73,0.0,0.42073231810408784
39627752109770381,0.0,0.02,0.98,0.0,0.07072027127091034
39627800428151132,0.0,0.02,0.98,0.0,0.07072027127091034
39627800428151437,0.0,0.05,0.95,0.0,0.14319847855797813
39627782333926367,0.0,0.54,0.46,0.0,0.49768921941011285
39627800428151511,0.0,0.73,0.27,0.0,0.42073231810408784
39627782329731393,0.0,0.95,0.05,0.0,0.14319847855797813
39627782296174713,0.0,0.53,0.47,0.0,0.4987007942838698
39627770258526036,0.0,0.43,0.57,0.0,0.4929075185894599
39627764197755321,0.0,0.13,0.87,0.0,0.2787190925139945
39627764172589038,0.0,0.81,0.19,0.0,0.3507357299419487
39627806472146115,0.0,0.26,0.74,0.0,0.4133731862463089
39627764197755331,0.0,0.09,0.91,0.0,0.21823490853205144
39627782333925771,0.0,0.62,0.38,0.0,0.47902101111314976
39627788352755182,0.0,0.67,0.33,0.0,0.4574631863898637
39627758132792431,0.0,0.0,1.0,0.0,-0.0
39627788348561763,0.0,0.92,0.08,0.0,0.2010895951011364
39627764172589709,0.0,0.38,0.62,0.0,0.47902101111314976
39627764210339048,0.0,0.47,0.53,0.0,0.4987007942838698
39627758162150395,0.0,0.75,0.25,0.0,0.4056390622295664
39627764210339120,0.0,0.75,0.25,0.0,0.4056390622295664
39627764210337532,0.0,0.93,0.07,0.0,0.18296182545011158
39627782333926252,0.0,0.54,0.46,0.0,0.49768921941011285
39627764210337275,0.0,0.12,0.88,0.0,0.2646804326436822
39627782312954017,0.0,0.17,0.83,0.0,0.32885238937210975
39627740034370583,0.0,0.83,0.17,0.0,0.32885238937210975
39627794400937575,0.0,0.86,0.14,0.0,0.292119405821428
39627764210338949,0.0,0.65,0.35,0.0,0.4670340276877455
39627788361142201,0.0,0.11,0.89,0.0,0.249957979082264
39627764210338769,0.0,0.91,0.09,0.0,0.21823490853205144
39627746069971955,0.0,0.76,0.24,0.0,0.39752013969226113
39627764210338314,0.0,0.42,0.58,0.0,0.49072694751682683
39627764210338388,0.0,0.56,0.44,0.0,0.4947937606110278
39627788369529474,0.0,0.19,0.81,0.0,0.3507357299419487
39627764210337562,0.0,0.96,0.04,0.0,0.12114609454120741
39627800428155450,0.0,0.93,0.07,0.0,0.18296182545011158
39627764210337544,0.0,0.05,0.94,0.01,0.1832231322266888
39627800444932592,0.0,0.44,0.56,0.0,0.4947937606110278
39627800436544645,0.0,0.23,0.77,0.0,0.38900565177326885
39627794379966677,0.0,0.04,0.96,0.0,0.12114609454120741
39627776260577062,0.0,0.14,0.83,0.03,0.385997448823539
39627776260577482,0.0,0.49,0.51,0.0,0.49985572087640495
39627782338121796,0.0,0.38,0.62,0.0,0.47902101111314976
39627752122356467,0.0,0.15,0.85,0.0,0.3049201523582002
39627794400937299,0.0,0.52,0.48,0.0,0.4994227679976009
39627782329731603,0.0,0.31,0.69,0.0,0.4465867291889284
39627794388356566,0.0,0.75,0.25,0.0,0.4056390622295664
39627794379969291,0.0,1.0,0.0,0.0,-0.0
39627788369531890,0.0,0.71,0.29,0.0,0.43436062316970225
39627776298323709,0.0,0.4,0.6,0.0,0.4854752972273343
39627800428151687,0.0,0.02,0.97,0.01,0.11097036642660543
39627788373725711,0.0,0.79,0.21,0.0,0.37074136996563684
39627746065781376,0.01,0.96,0.03,0.0,0.13737165703039006
39627776281547202,0.01,0.99,0.0,0.0,0.04039656794795559
39627776298323830,0.0,0.54,0.46,0.0,0.49768921941011285
39627782329731561,0.0,0.83,0.17,0.0,0.32885238937210975
39627776294130143,0.0,0.14,0.86,0.0,0.292119405821428
39627794413523894,0.0,0.84,0.16,0.0,0.3171547773202831
39627794388358606,0.0,0.42,0.58,0.0,0.49072694751682683
39627794388358221,0.0,0.43,0.57,0.0,0.4929075185894599
39627794396745443,0.0,0.37,0.63,0.0,0.47533604634353294
39627794409325955,0.0,0.75,0.25,0.0,0.4056390622295664
39627794388353885,0.0,0.37,0.63,0.0,0.47533604634353294
39627770224970812,0.0,0.99,0.01,0.0,0.04039656794795559
39627782308764336,0.0,0.43,0.57,0.0,0.4929075185894599
39627770254330132,0.0,0.39,0.61,0.0,0.4823997742525436
39627788361141123,0.0,0.07,0.92,0.01,0.22283217282912027
39627770258522607,0.0,0.09,0.91,0.0,0.21823490853205144
39627794405135100,0.0,0.4,0.6,0.0,0.4854752972273343
39627758178927170,0.0,0.22,0.78,0.0,0.38008375148098283
39627770224970695,0.0,0.01,0.96,0.03,0.13737165703039006
39627758178929948,0.0,0.09,0.91,0.0,0.21823490853205144
39627788361140884,0.0,0.06,0.94,0.0,0.16372245957723813
39627752130742451,0.0,0.08,0.92,0.0,0.2010895951011364
39627752113968680,0.0,0.12,0.88,0.0,0.2646804326436822
39627782300373107,0.0,0.8,0.2,0.0,0.36096404744368116
39627752113968563,0.0,0.57,0.43,0.0,0.4929075185894599
39627758141178600,0.0,0.69,0.31,0.0,0.4465867291889284
39627758141181467,0.0,0.0,1.0,0.0,-0.0
39627752113968600,0.0,0.73,0.27,0.0,0.42073231810408784
39627776260571192,0.0,0.74,0.26,0.0,0.4133731862463089
39627770220778828,0.0,0.21,0.79,0.0,0.37074136996563684
39627758141178797,0.0,0.32,0.68,0.0,0.45219072886224687
39627788369526892,0.0,0.45,0.55,0.0,0.49638722699390414
39627782338117822,0.0,0.04,0.96,0.0,0.12114609454120741
39627770229163776,0.0,0.48,0.52,0.0,0.4994227679976009
39627782312952442,0.0,0.67,0.33,0.0,0.4574631863898637
39627776256383441,0.0,0.44,0.56,0.0,0.4947937606110278
39627758149569347,0.0,0.22,0.78,0.0,0.38008375148098283
39627752130742503,0.0,0.69,0.31,0.0,0.4465867291889284
39627752130742650,0.0,0.16,0.84,0.0,0.3171547773202831
39627758162152887,0.0,0.0,1.0,0.0,-0.0
39627746069975232,0.0,0.52,0.48,0.0,0.4994227679976009
39627764214531713,0.0,0.33,0.67,0.0,0.4574631863898637
39627788361144285,0.0,0.0,0.82,0.18,0.34003852286413994
39627800432348730,0.0,0.6,0.4,0.0,0.4854752972273343
39627764214531769,0.0,0.64,0.36,0.0,0.4713415946277461
39627770258524113,0.0,0.44,0.56,0.0,0.4947937606110278
39627794405134719,0.0,0.37,0.63,0.0,0.47533604634353294
39627782291985394,0.0,0.94,0.06,0.0,0.16372245957723813
39627758145375896,0.0,0.46,0.54,0.0,0.49768921941011285
39627782304565133,0.0,0.51,0.49,0.0,0.49985572087640495
39627800432348214,0.0,0.41,0.59,0.0,0.488250234378912
39627758141178765,0.0,0.63,0.37,0.0,0.47533604634353294
39627794405132919,0.0,0.96,0.04,0.0,0.12114609454120741
39627770220778805,0.0,0.46,0.54,0.0,0.49768921941011285
39627752130742766,0.0,0.55,0.45,0.0,0.49638722699390414
39627770220778550,0.0,0.85,0.15,0.0,0.3049201523582002
39627752130742894,0.0,0.3,0.7,0.0,0.44064544961534635
39627788361144258,0.0,0.97,0.03,0.0,0.0971959289157881
39627788365332655,0.0,0.83,0.17,0.0,0.32885238937210975
39627752130743386,0.0,0.12,0.88,0.0,0.2646804326436822
39627752130742920,0.0,0.45,0.55,0.0,0.49638722699390414
39627770220778456,0.0,0.08,0.92,0.0,0.2010895951011364
39627758149569357,0.0,0.17,0.83,0.0,0.32885238937210975
39627794405133214,0.0,0.98,0.02,0.0,0.07072027127091034
39627770220778289,0.0,0.7,0.3,0.0,0.44064544961534635
39627770220778380,0.0,0.68,0.32,0.0,0.45219072886224687
39627770229164116,0.0,0.23,0.77,0.0,0.38900565177326885
39627776252185783,0.0,0.79,0.21,0.0,0.37074136996563684
39627770229168287,0.0,0.63,0.37,0.0,0.47533604634353294
39627770233356399,0.0,0.78,0.22,0.0,0.38008375148098283
39627752126547236,0.0,0.0,0.74,0.26,0.4133731862463089
39627752126547026,0.0,0.17,0.83,0.0,0.32885238937210975
39627770254330376,0.0,0.43,0.57,0.0,0.4929075185894599
39627800432348437,0.0,0.0,1.0,0.0,-0.0
39627752105575722,0.0,0.0,0.97,0.03,0.0971959289157881
39627800449122394,0.0,0.31,0.69,0.0,0.4465867291889284
39627758170542770,0.0,0.89,0.11,0.0,0.249957979082264
39627758170542993,0.0,0.47,0.53,0.0,0.4987007942838698
39627770254330421,0.0,1.0,0.0,0.0,-0.0
39627776260574760,0.0,0.77,0.23,0.0,0.38900565177326885
39627770262717553,0.0,0.79,0.21,0.0,0.37074136996563684
39627764201949313,0.0,0.26,0.74,0.0,0.4133731862463089
39627788356945882,0.0,0.6,0.4,0.0,0.4854752972273343
39627794413522472,0.0,0.08,0.92,0.0,0.2010895951011364
39627752105578915,0.0,0.33,0.67,0.0,0.4574631863898637
39627752109771747,0.0,0.04,0.96,0.0,0.12114609454120741
39627788356945529,0.0,0.72,0.28,0.0,0.4277254052800653
39627794413522997,0.0,0.52,0.48,0.0,0.4994227679976009
39627752109771712,0.0,0.19,0.81,0.0,0.3507357299419487
39627800453318418,0.0,0.78,0.22,0.0,0.38008375148098283
39627776260574801,0.0,0.14,0.86,0.0,0.292119405821428
39627752105578956,0.0,0.4,0.6,0.0,0.4854752972273343
39627758149570483,0.0,0.64,0.36,0.0,0.4713415946277461
39627794392550597,0.0,0.7,0.3,0.0,0.44064544961534635
39627782333925913,0.0,0.58,0.42,0.0,0.49072694751682683
39627806472147014,0.0,0.25,0.75,0.0,0.4056390622295664
39627776268964497,0.0,0.19,0.81,0.0,0.3507357299419487
39627752122352802,0.0,0.58,0.42,0.0,0.49072694751682683
39627776268964465,0.0,0.36,0.64,0.0,0.4713415946277461
39627770229166188,0.0,0.32,0.68,0.0,0.45219072886224687
39627770220778043,0.0,0.01,0.98,0.01,0.08072027127091033
39627806476337217,0.0,0.18,0.82,0.0,0.34003852286413994
39627776252188758,0.0,0.19,0.81,0.0,0.3507357299419487
39627806472148481,0.0,0.35,0.65,0.0,0.4670340276877455
39627764210338866,0.0,0.07,0.93,0.0,0.18296182545011158
39627776268964829,0.0,0.39,0.61,0.0,0.4823997742525436
39627806480533377,0.0,1.0,0.0,0.0,-0.0
39627794388358599,0.0,0.7,0.3,0.0,0.44064544961534635
39627806480533318,0.0,0.7,0.3,0.0,0.44064544961534635
39627806476339307,0.0,0.99,0.01,0.0,0.04039656794795559
39627788348557939,0.0,0.26,0.74,0.0,0.4133731862463089
39627788335973038,0.0,0.09,0.91,0.0,0.21823490853205144
39627794384162354,0.0,0.28,0.72,0.0,0.4277254052800653
39627758170542622,0.0,0.84,0.16,0.0,0.3171547773202831
39627758170542891,0.0,0.43,0.57,0.0,0.4929075185894599
39627806476339159,0.0,0.67,0.33,0.0,0.4574631863898637
39627776260571729,0.0,0.82,0.18,0.0,0.34003852286413994
39627782333926345,0.0,0.74,0.26,0.0,0.4133731862463089
39627770233358707,0.0,0.15,0.85,0.0,0.3049201523582002
39627788356949055,0.0,0.96,0.04,0.0,0.12114609454120741
39627794388358768,0.0,0.79,0.21,0.0,0.37074136996563684
39627794413524162,0.0,0.79,0.21,0.0,0.37074136996563684
39627776302514839,0.0,0.82,0.18,0.0,0.34003852286413994
39627812520331456,0.01,0.95,0.04,0.0,0.16124668093016215
39627752134938595,0.0,0.92,0.08,0.0,0.2010895951011364
39627752134938230,0.0,0.82,0.18,0.0,0.34003852286413994
39627800453317386,0.0,0.99,0.01,0.0,0.04039656794795559
39627800453317633,0.0,0.88,0.12,0.0,0.2646804326436822
39627770262716908,0.0,0.99,0.01,0.0,0.04039656794795559
39627752134938972,0.0,0.26,0.74,0.0,0.4133731862463089
39627800453318093,0.0,0.82,0.18,0.0,0.34003852286413994
39627788348560425,0.0,0.35,0.65,0.0,0.4670340276877455
39627800453318046,0.0,0.42,0.58,0.0,0.49072694751682683
39627788348561077,0.0,0.54,0.46,0.0,0.49768921941011285
39627794413521972,0.0,0.33,0.67,0.0,0.4574631863898637
39627788352751419,0.0,0.29,0.71,0.0,0.43436062316970225
39627764185175144,0.0,0.6,0.4,0.0,0.4854752972273343
39627764185174873,0.0,0.63,0.37,0.0,0.47533604634353294
39627782304563982,0.0,0.51,0.49,0.0,0.49985572087640495
39627782304565669,0.0,0.53,0.47,0.0,0.4987007942838698
39627782304564979,0.0,0.94,0.06,0.0,0.16372245957723813
39627770245941581,0.0,0.42,0.58,0.0,0.49072694751682683
39627782333927666,0.0,0.23,0.77,0.0,0.38900565177326885
39627782333927695,0.0,0.02,0.98,0.0,0.07072027127091034
39627782333928300,0.0,0.92,0.08,0.0,0.2010895951011364
39627788348561601,0.0,0.07,0.93,0.0,0.18296182545011158
39627794384165260,0.0,0.34,0.66,0.0,0.46240935248651505
39627788365337841,0.0,0.09,0.91,0.0,0.21823490853205144
39627806480533424,0.13,0.87,0.0,0.0,0.2787190925139945
39627776256382696,0.0,0.69,0.31,0.0,0.4465867291889284
39627782304564987,0.0,0.08,0.92,0.0,0.2010895951011364
39627782304565224,0.0,0.36,0.64,0.0,0.4713415946277461
39627806463759513,0.0,0.27,0.73,0.0,0.42073231810408784
39627752122355435,0.0,0.85,0.15,0.0,0.3049201523582002
39627764193558599,0.0,0.29,0.71,0.0,0.43436062316970225
39627806463759504,0.0,0.22,0.78,0.0,0.38008375148098283
39627794405133877,0.0,0.49,0.51,0.0,0.49985572087640495
39627752139129290,0.0,0.48,0.52,0.0,0.4994227679976009
39627794413522370,0.0,0.01,0.99,0.0,0.04039656794795559
39627782333927239,0.0,0.05,0.95,0.0,0.14319847855797813
39627782312953884,0.0,0.87,0.13,0.0,0.2787190925139945
39627746061587170,0.0,0.94,0.06,0.0,0.16372245957723813
39627770233359572,0.0,0.49,0.51,0.0,0.49985572087640495
39627776273158502,0.0,0.9,0.1,0.0,0.2344977967946406
39627776273158541,0.0,0.54,0.46,0.0,0.49768921941011285
39627812511946207,0.0,0.91,0.09,0.0,0.21823490853205144
39627806488925182,0.0,0.99,0.01,0.0,0.04039656794795559
39627806488925045,0.0,1.0,0.0,0.0,-0.0
39627800453318528,0.0,0.0,0.98,0.02,0.07072027127091034
39627776298324977,0.01,0.97,0.02,0.0,0.11097036642660543
39627806476339264,0.0,1.0,0.0,0.0,-0.0
39627776298324551,0.0,0.53,0.47,0.0,0.4987007942838698
39627806476339262,0.0,1.0,0.0,0.0,-0.0
39627806476339354,0.0,0.48,0.52,0.0,0.4994227679976009
39627806476337258,0.0,0.45,0.55,0.0,0.49638722699390414
39627770220773566,0.0,0.05,0.95,0.0,0.14319847855797813
39627806476339379,0.0,0.4,0.6,0.0,0.4854752972273343
39627752130741622,0.0,0.03,0.96,0.01,0.13737165703039006
39627806480536569,0.0,0.66,0.34,0.0,0.46240935248651505
39627794379968702,0.0,0.17,0.83,0.0,0.32885238937210975
39627776285742402,0.0,0.93,0.07,0.0,0.18296182545011158
39627758149570354,0.0,0.05,0.95,0.0,0.14319847855797813
39627758132794449,0.11,0.89,0.0,0.0,0.249957979082264
39627806484726394,0.0,0.55,0.45,0.0,0.49638722699390414
39627770254333083,0.0,1.0,0.0,0.0,-0.0
39627770254333091,0.0,0.23,0.77,0.0,0.38900565177326885
39627782312952281,0.0,0.29,0.71,0.0,0.43436062316970225
39627770233360249,0.0,1.0,0.0,0.0,-0.0
39627788377920178,0.0,0.93,0.07,0.0,0.18296182545011158
39627764222919217,0.0,0.98,0.02,0.0,0.07072027127091034
39627758170543185,0.0,0.13,0.87,0.0,0.2787190925139945
39627758174732366,0.0,0.07,0.93,0.0,0.18296182545011158
39627758174732326,0.0,0.37,0.63,0.0,0.47533604634353294
39627758170543136,0.0,0.61,0.39,0.0,0.4823997742525436
39627794405134897,0.0,0.84,0.16,0.0,0.3171547773202831
39627776294125938,0.0,0.6,0.4,0.0,0.4854752972273343
39627788340173372,0.0,0.19,0.81,0.0,0.3507357299419487
39627758178929140,0.0,0.65,0.35,0.0,0.4670340276877455
39627752126547313,0.0,0.51,0.49,0.0,0.49985572087640495
39627782317149886,0.15,0.85,0.0,0.0,0.3049201523582002
39627788369527972,0.0,0.74,0.26,0.0,0.4133731862463089
39627752126547409,0.0,0.0,0.92,0.08,0.2010895951011364
39627770229167914,0.0,0.69,0.31,0.0,0.4465867291889284
39627752101385298,0.0,0.97,0.03,0.0,0.0971959289157881
39627788348559801,0.0,0.36,0.64,0.0,0.4713415946277461
39627794405133069,0.0,0.38,0.62,0.0,0.47902101111314976
39627782325540285,0.0,0.41,0.59,0.0,0.488250234378912
39627758141178381,0.0,0.01,0.96,0.03,0.13737165703039006
39627770229165431,0.0,0.31,0.69,0.0,0.4465867291889284
39627758141178276,0.0,0.08,0.91,0.01,0.24088153359695552
39627782329732076,0.0,0.04,0.96,0.0,0.12114609454120741
39627752126547997,0.0,0.12,0.88,0.0,0.2646804326436822
39627788348560107,0.0,0.06,0.94,0.0,0.16372245957723813
39627764222919091,0.0,0.74,0.26,0.0,0.4133731862463089
39627788348560029,0.0,0.48,0.52,0.0,0.4994227679976009
39627794413523298,0.0,1.0,0.0,0.0,-0.0
39627758149571493,0.0,0.01,0.99,0.0,0.04039656794795559
39627758153766005,0.0,0.27,0.73,0.0,0.42073231810408784
39627788365332822,0.0,0.0,0.83,0.17,0.32885238937210975
39627788365332831,0.0,0.98,0.02,0.0,0.07072027127091034
39627782291986370,0.0,0.79,0.21,0.0,0.37074136996563684
39627752109772147,0.0,0.52,0.48,0.0,0.4994227679976009
39627794413524043,0.0,0.03,0.97,0.0,0.0971959289157881
39627788369527037,0.0,0.38,0.62,0.0,0.47902101111314976
39627794413521960,0.0,0.28,0.72,0.0,0.4277254052800653
39627752130742190,0.0,0.19,0.81,0.0,0.3507357299419487
39627752130742082,0.0,0.18,0.82,0.0,0.34003852286413994
39627776298323932,0.0,0.12,0.88,0.0,0.2646804326436822
39627776298323784,0.0,0.58,0.42,0.0,0.49072694751682683
39627758170540690,0.0,0.05,0.94,0.01,0.1832231322266888
39627776298323992,0.0,0.59,0.41,0.0,0.488250234378912
39627776298323969,0.0,0.07,0.93,0.0,0.18296182545011158
39627758141178106,0.0,0.24,0.76,0.0,0.39752013969226113
39627776273157048,0.0,0.94,0.06,0.0,0.16372245957723813
39627806488925093,0.0,0.77,0.23,0.0,0.38900565177326885
39627806488925171,0.0,0.7,0.3,0.0,0.44064544961534635
39627770262716658,0.0,0.08,0.92,0.0,0.2010895951011364
39627806488925094,0.0,0.98,0.02,0.0,0.07072027127091034
39627794413523423,0.0,0.97,0.03,0.0,0.0971959289157881
39627794417715423,0.0,0.38,0.62,0.0,0.47902101111314976
39627788377917618,0.0,0.92,0.08,0.0,0.2010895951011364
39627758170542183,0.0,0.55,0.45,0.0,0.49638722699390414
39627788335977850,0.0,0.97,0.03,0.0,0.0971959289157881
39627752130741714,0.0,0.16,0.84,0.0,0.3171547773202831
39627806480536516,0.0,0.05,0.95,0.0,0.14319847855797813
39627806480535576,0.0,0.97,0.03,0.0,0.0971959289157881
39627794413523274,0.0,0.19,0.81,0.0,0.3507357299419487
39627776289934253,0.0,0.97,0.03,0.0,0.0971959289157881
39627746090947311,0.0,0.4,0.6,0.0,0.4854752972273343
39627812516139105,0.0,0.06,0.92,0.02,0.2335407200795017
39627758153764716,0.0,0.65,0.35,0.0,0.4670340276877455
39627758178928561,0.0,0.35,0.65,0.0,0.4670340276877455
39627788348559828,0.0,0.6,0.4,0.0,0.4854752972273343
39627788365337539,0.0,0.22,0.78,0.0,0.38008375148098283
39627782304565980,0.0,0.01,0.97,0.02,0.11097036642660543
39627758153763011,0.0,0.27,0.73,0.0,0.42073231810408784
39627758149570554,0.0,0.43,0.57,0.0,0.4929075185894599
39627758141181765,0.0,0.26,0.74,0.0,0.4133731862463089
39627782304565500,0.0,0.36,0.64,0.0,0.4713415946277461
39627794396745077,0.0,0.07,0.91,0.02,0.2526241113249394
39627758153763091,0.0,0.07,0.93,0.0,0.18296182545011158
39627764201949029,0.0,0.32,0.68,0.0,0.45219072886224687
39627758145372891,0.0,0.49,0.51,0.0,0.49985572087640495
39627794413521495,0.0,0.48,0.52,0.0,0.4994227679976009
39627758153763780,0.0,0.03,0.94,0.03,0.19372245957723813
39627758153763894,0.0,0.14,0.86,0.0,0.292119405821428
39627758149569652,0.0,0.63,0.37,0.0,0.47533604634353294
39627758149570487,0.0,0.9,0.1,0.0,0.2344977967946406
39627782304565670,0.0,0.21,0.79,0.0,0.37074136996563684
39627812516139077,0.0,0.13,0.87,0.0,0.2787190925139945
39627764206144385,0.0,0.12,0.88,0.0,0.2646804326436822
39627764206144286,0.0,0.76,0.24,0.0,0.39752013969226113
39627788377915889,0.0,0.01,0.99,0.0,0.04039656794795559
39627776285740153,0.0,0.04,0.96,0.0,0.12114609454120741
39627752105578769,0.0,0.05,0.95,0.0,0.14319847855797813
39627758153763654,0.0,0.09,0.91,0.0,0.21823490853205144
39627758149570103,0.0,0.45,0.55,0.0,0.49638722699390414
39627752105579031,0.0,0.12,0.88,0.0,0.2646804326436822
39627776281547493,0.0,0.35,0.65,0.0,0.4670340276877455
39627782333929001,0.0,0.4,0.6,0.0,0.4854752972273343
39627758178928778,0.0,0.31,0.69,0.0,0.4465867291889284
39627776252189168,0.0,0.4,0.6,0.0,0.4854752972273343
39627752101385105,0.01,0.99,0.0,0.0,0.04039656794795559
39627794388358752,0.0,0.97,0.03,0.0,0.0971959289157881
39627800423960070,0.0,0.98,0.02,0.0,0.07072027127091034
39627776252185803,0.0,0.96,0.04,0.0,0.12114609454120741
39627776298324763,0.0,0.19,0.81,0.0,0.3507357299419487
39627752134940067,0.0,0.55,0.45,0.0,0.49638722699390414
39627776273157396,0.0,0.06,0.94,0.0,0.16372245957723813
39627788377918436,0.0,0.5,0.5,0.0,0.5
39627800453318280,0.0,0.64,0.36,0.0,0.4713415946277461
39627764185175276,0.0,0.13,0.87,0.0,0.2787190925139945
39627758145375426,0.0,0.06,0.94,0.0,0.16372245957723813
39627776285740569,0.0,0.93,0.07,0.0,0.18296182545011158
39627776285740375,0.0,0.71,0.29,0.0,0.43436062316970225
39627782338118743,0.0,0.25,0.75,0.0,0.4056390622295664
39627776298325056,0.0,0.41,0.59,0.0,0.488250234378912
39627776298325182,0.0,0.56,0.44,0.0,0.4947937606110278
39627752101384950,0.0,0.6,0.4,0.0,0.4854752972273343
39627794417716418,0.0,0.98,0.02,0.0,0.07072027127091034
39627788356943963,0.0,0.67,0.33,0.0,0.4574631863898637
39627806480535385,0.0,0.57,0.43,0.0,0.4929075185894599
39627812516137529,0.0,0.44,0.56,0.0,0.4947937606110278
39627758136987091,0.0,0.77,0.23,0.0,0.38900565177326885
39627806480532663,0.0,0.54,0.46,0.0,0.49768921941011285
39627806463759848,0.0,0.91,0.09,0.0,0.21823490853205144
39627806480537585,0.0,0.58,0.42,0.0,0.49072694751682683
39627806480537670,0.0,0.06,0.94,0.0,0.16372245957723813
39627776277353597,0.0,0.96,0.04,0.0,0.12114609454120741
39627788377918068,0.0,0.56,0.44,0.0,0.4947937606110278
39627788377917931,0.0,0.02,0.98,0.0,0.07072027127091034
39627788369527906,0.0,0.0,0.99,0.01,0.04039656794795559
39627788348559325,0.0,0.11,0.89,0.0,0.249957979082264
39627788331782238,0.17,0.83,0.0,0.0,0.32885238937210975
39627788331782521,0.0,0.78,0.22,0.0,0.38008375148098283
39627800432346718,0.0,0.92,0.08,0.0,0.2010895951011364
39627794384162866,0.0,0.2,0.8,0.0,0.36096404744368116
39627794384162655,0.0,0.14,0.86,0.0,0.292119405821428
39627776289935031,0.0,0.14,0.86,0.0,0.292119405821428
39627806480533687,0.0,1.0,0.0,0.0,-0.0
39627782329732294,0.0,0.25,0.75,0.0,0.4056390622295664
39627770245944524,0.0,0.01,0.99,0.0,0.04039656794795559
39627752101384714,0.0,0.07,0.93,0.0,0.18296182545011158
39627752139131186,0.0,1.0,0.0,0.0,-0.0
39627752139131266,0.0,0.8,0.2,0.0,0.36096404744368116
39627782338121668,0.0,0.42,0.58,0.0,0.49072694751682683
39627746095140524,0.0,0.66,0.34,0.0,0.46240935248651505
39627758178928999,0.0,0.75,0.25,0.0,0.4056390622295664
39627764210337221,0.0,0.25,0.75,0.0,0.4056390622295664
39627764176781733,0.0,0.13,0.87,0.0,0.2787190925139945
39627800423958600,0.0,0.83,0.17,0.0,0.32885238937210975
39627782308764335,0.0,0.23,0.77,0.0,0.38900565177326885
39627794392549023,0.0,0.33,0.67,0.0,0.4574631863898637
39627794392548947,0.0,0.69,0.31,0.0,0.4465867291889284
39627764218729509,0.0,0.96,0.04,0.0,0.12114609454120741
39627776256381518,0.0,0.76,0.24,0.0,0.39752013969226113
39627794392549076,0.0,0.43,0.57,0.0,0.4929075185894599
39627752101383002,0.0,0.46,0.54,0.0,0.49768921941011285
39627776273156680,0.0,0.12,0.88,0.0,0.2646804326436822
39627782338118412,0.0,0.02,0.98,0.0,0.07072027127091034
39627758149570776,0.0,0.52,0.48,0.0,0.4994227679976009
39627764193560626,0.04,0.95,0.01,0.0,0.16124668093016215
39627758162154543,0.0,0.05,0.95,0.0,0.14319847855797813
39627758141180802,0.0,0.16,0.84,0.0,0.3171547773202831
39627758162153771,0.0,0.01,0.99,0.0,0.04039656794795559
39627758136985917,0.0,0.95,0.05,0.0,0.14319847855797813
39627788369529773,0.0,0.34,0.66,0.0,0.46240935248651505
39627776298321282,0.0,0.06,0.94,0.0,0.16372245957723813
39627776264767002,0.0,0.12,0.88,0.0,0.2646804326436822
39627800419766246,0.0,0.78,0.22,0.0,0.38008375148098283
39627800419766334,0.0,0.09,0.91,0.0,0.21823490853205144
39627746086752712,0.0,0.02,0.98,0.0,0.07072027127091034
39627776264767078,0.0,0.88,0.12,0.0,0.2646804326436822
39627746069972310,0.0,0.75,0.25,0.0,0.4056390622295664
39627800444931182,0.0,0.0,0.97,0.03,0.0971959289157881
39627746069972363,0.0,0.91,0.09,0.0,0.21823490853205144
39627770254332944,0.0,0.97,0.03,0.0,0.0971959289157881
39627770254332980,0.0,1.0,0.0,0.0,-0.0
39627776264768837,0.0,0.12,0.88,0.0,0.2646804326436822
39627752109770271,0.0,0.55,0.45,0.0,0.49638722699390414
39627752118162257,0.0,0.0,0.9,0.1,0.2344977967946406
39627764193560768,0.0,0.99,0.01,0.0,0.04039656794795559
39627764193560977,0.0,0.51,0.49,0.0,0.49985572087640495
39627776264769412,0.0,0.38,0.62,0.0,0.47902101111314976
39627758141181662,0.0,0.03,0.96,0.01,0.13737165703039006
39627794379971435,0.0,0.22,0.78,0.0,0.38008375148098283
39627788356946521,0.0,0.99,0.01,0.0,0.04039656794795559
39627782300373972,0.0,0.02,0.94,0.04,0.1912713345988728
39627770245942792,0.0,0.06,0.94,0.0,0.16372245957723813
39627794379971523,0.0,0.71,0.29,0.0,0.43436062316970225
39627770229167852,0.0,0.43,0.57,0.0,0.4929075185894599
39627794379971799,0.0,0.7,0.3,0.0,0.44064544961534635
39627758141180860,0.0,0.09,0.91,0.0,0.21823490853205144
39627758145376138,0.0,0.62,0.38,0.0,0.47902101111314976
39627758170541786,0.0,0.65,0.35,0.0,0.4670340276877455
39627770220779473,0.01,0.96,0.03,0.0,0.13737165703039006
39627752105578620,0.0,0.01,0.99,0.0,0.04039656794795559
39627800449127030,0.0,1.0,0.0,0.0,-0.0
39627758141182777,0.0,0.96,0.04,0.0,0.12114609454120741
39627776294129239,0.0,0.35,0.65,0.0,0.4670340276877455
39627752130742833,0.0,0.07,0.93,0.0,0.18296182545011158
39627758145372307,0.0,0.98,0.02,0.0,0.07072027127091034
39627758170538495,0.01,0.97,0.02,0.0,0.11097036642660543
39627776294128746,0.0,0.19,0.81,0.0,0.3507357299419487
39627758170538701,0.0,0.15,0.85,0.0,0.3049201523582002
39627770229167359,0.0,0.01,0.98,0.01,0.08072027127091033
39627770220779505,0.0,0.17,0.83,0.0,0.32885238937210975
39627800432346648,0.0,0.07,0.93,0.0,0.18296182545011158
39627764176782280,0.0,0.49,0.51,0.0,0.49985572087640495
39627758170541606,0.0,0.08,0.92,0.0,0.2010895951011364
39627746095138655,0.0,0.85,0.15,0.0,0.3049201523582002
39627788365337812,0.0,0.44,0.56,0.0,0.4947937606110278
39627764218730132,0.0,0.76,0.24,0.0,0.39752013969226113
39627758178931905,0.0,0.1,0.9,0.0,0.2344977967946406
39627752139130242,0.0,0.18,0.82,0.0,0.34003852286413994
39627764218730272,0.0,0.65,0.35,0.0,0.4670340276877455
39627764218730295,0.0,0.37,0.63,0.0,0.47533604634353294
39627758141180309,0.0,0.52,0.48,0.0,0.4994227679976009
39627758178926999,0.0,0.67,0.33,0.0,0.4574631863898637
39627752139129901,0.0,0.93,0.07,0.0,0.18296182545011158
39627770262717068,0.0,0.8,0.2,0.0,0.36096404744368116
39627758149571129,0.0,0.16,0.84,0.0,0.3171547773202831
39627758149571091,0.0,0.03,0.97,0.0,0.0971959289157881
39627752139129994,0.0,0.59,0.41,0.0,0.488250234378912
39627752139129974,0.0,0.88,0.12,0.0,0.2646804326436822
39627758178931665,0.0,0.18,0.82,0.0,0.34003852286413994
39627782317146634,0.0,0.68,0.32,0.0,0.45219072886224687
39627764210338958,0.0,0.15,0.85,0.0,0.3049201523582002
39627764210338982,0.0,0.01,0.98,0.01,0.08072027127091033
39627770224969082,0.0,0.04,0.96,0.0,0.12114609454120741
39627770233359645,0.0,0.79,0.21,0.0,0.37074136996563684
39627788348561698,0.0,0.86,0.14,0.0,0.292119405821428
39627758136989142,0.0,0.01,0.99,0.0,0.04039656794795559
39627752130741372,0.0,0.26,0.74,0.0,0.4133731862463089
39627788369528797,0.0,0.47,0.53,0.0,0.4987007942838698
39627788369528859,0.0,0.54,0.46,0.0,0.49768921941011285
39627758136986159,0.0,0.83,0.17,0.0,0.32885238937210975
39627752109771402,0.0,0.14,0.86,0.0,0.292119405821428
39627758170540569,0.0,0.53,0.47,0.0,0.4987007942838698
39627752122357133,0.0,0.17,0.83,0.0,0.32885238937210975
39627752130741417,0.0,0.07,0.93,0.0,0.18296182545011158
39627794413519242,0.0,0.07,0.93,0.0,0.18296182545011158
39627752134936343,0.0,0.08,0.92,0.0,0.2010895951011364
39627806476342746,0.0,0.45,0.55,0.0,0.49638722699390414
39627806476342743,0.0,0.94,0.06,0.0,0.16372245957723813
39627776285739856,0.0,0.31,0.69,0.0,0.4465867291889284
39627806480534002,0.0,0.57,0.43,0.0,0.4929075185894599
39627764210336928,0.0,0.12,0.88,0.0,0.2646804326436822
39627806472145166,0.0,0.34,0.66,0.0,0.46240935248651505
39627746069971585,0.0,0.64,0.36,0.0,0.4713415946277461
39627800440735234,0.0,0.13,0.87,0.0,0.2787190925139945
39627794396742299,0.0,0.43,0.57,0.0,0.4929075185894599
39627800419766291,0.0,0.07,0.93,0.0,0.18296182545011158
39627782312953487,0.0,0.02,0.96,0.02,0.14114609454120738
39627746086752738,0.0,0.7,0.3,0.0,0.44064544961534635
39627788344362791,0.0,0.35,0.65,0.0,0.4670340276877455
39627758149569708,0.0,0.02,0.98,0.0,0.07072027127091034
39627764210337916,0.0,0.44,0.56,0.0,0.4947937606110278
39627800432347002,0.0,0.3,0.7,0.0,0.44064544961534635
39627758174736710,0.0,0.27,0.73,0.0,0.42073231810408784
39627746082559197,0.0,0.82,0.18,0.0,0.34003852286413994
39627764218730210,0.0,0.98,0.02,0.0,0.07072027127091034
39627758174737760,0.0,0.15,0.85,0.0,0.3049201523582002
39627758174737202,0.0,0.68,0.32,0.0,0.45219072886224687
39627782338121577,0.0,0.96,0.04,0.0,0.12114609454120741
39627788365333119,0.01,0.97,0.02,0.0,0.11097036642660543
39627758174736421,0.0,0.74,0.26,0.0,0.4133731862463089
39627758174737128,0.0,0.25,0.75,0.0,0.4056390622295664
39627758174736909,0.0,0.2,0.8,0.0,0.36096404744368116
39627758174736535,0.0,0.1,0.89,0.01,0.27413031336294724
39627758174736738,0.0,0.7,0.3,0.0,0.44064544961534635
39627758174736735,0.0,0.44,0.56,0.0,0.4947937606110278
39627758174736847,0.0,0.41,0.59,0.0,0.488250234378912
39627752130741842,0.0,0.95,0.05,0.0,0.14319847855797813
39627800440734826,0.0,0.24,0.76,0.0,0.39752013969226113
39627758141181758,0.0,0.55,0.45,0.0,0.49638722699390414
39627764210338489,0.0,0.08,0.92,0.0,0.2010895951011364
39627764210338554,0.0,0.21,0.79,0.0,0.37074136996563684
39627770241746991,0.0,0.94,0.06,0.0,0.16372245957723813
39627770262718262,0.0,0.75,0.25,0.0,0.4056390622295664
39627770262718647,0.0,0.65,0.35,0.0,0.4670340276877455
39627740042758843,0.0,1.0,0.0,0.0,-0.0
39627782338118487,0.0,0.19,0.81,0.0,0.3507357299419487
39627794384165083,0.0,0.65,0.35,0.0,0.4670340276877455
39627752118162847,0.0,0.78,0.22,0.0,0.38008375148098283
39627746065778064,0.0,0.53,0.47,0.0,0.4987007942838698
39627758149571809,0.0,0.02,0.97,0.01,0.11097036642660543
39627764193561063,0.0,0.82,0.18,0.0,0.34003852286413994
39627794400936364,0.0,0.29,0.71,0.0,0.43436062316970225
39627776264767110,0.0,0.03,0.97,0.0,0.0971959289157881
39627788348560583,0.0,0.11,0.89,0.0,0.249957979082264
39627770254328132,0.0,0.64,0.36,0.0,0.4713415946277461
39627764176781669,0.0,0.93,0.07,0.0,0.18296182545011158
39627776285742182,0.0,0.41,0.59,0.0,0.488250234378912
39627788373724949,0.0,0.3,0.7,0.0,0.44064544961534635
39627764222920440,0.0,0.55,0.45,0.0,0.49638722699390414
39627764222919550,0.0,0.77,0.23,0.0,0.38900565177326885
39627770262718447,0.0,0.39,0.61,0.0,0.4823997742525436
39627764222920191,0.0,0.57,0.43,0.0,0.4929075185894599
39627740046951220,0.0,0.37,0.63,0.0,0.47533604634353294
39627740046951136,0.0,1.0,0.0,0.0,-0.0
39627776298324205,0.0,1.0,0.0,0.0,-0.0
39627782333928715,0.0,0.34,0.66,0.0,0.46240935248651505
39627764222919530,0.0,0.87,0.13,0.0,0.2787190925139945
39627764222919441,0.0,0.62,0.38,0.0,0.47902101111314976
39627740042761995,0.0,0.0,0.92,0.08,0.2010895951011364
39627764222920697,0.0,0.4,0.6,0.0,0.4854752972273343
39627764222919201,0.0,0.27,0.73,0.0,0.42073231810408784
39627740042761978,0.0,0.82,0.18,0.0,0.34003852286413994
39627794413521355,0.0,1.0,0.0,0.0,-0.0
39627800453319425,0.0,0.04,0.96,0.0,0.12114609454120741
39627794413520626,0.0,0.36,0.64,0.0,0.4713415946277461
39627770224968466,0.0,0.38,0.62,0.0,0.47902101111314976
39627776273156381,0.0,0.64,0.36,0.0,0.4713415946277461
39627764218727275,0.0,0.11,0.89,0.0,0.249957979082264
39627776256380976,0.0,0.2,0.8,0.0,0.36096404744368116
39627776256381020,0.0,0.36,0.64,0.0,0.4713415946277461
39627758153761815,0.0,0.06,0.94,0.0,0.16372245957723813
39627776285740662,0.0,0.47,0.53,0.0,0.4987007942838698
39627770262717336,0.0,0.87,0.13,0.0,0.2787190925139945
39627770262717719,0.0,0.04,0.96,0.0,0.12114609454120741
39627764222920209,0.0,0.25,0.75,0.0,0.4056390622295664
39627794413521677,0.0,0.88,0.12,0.0,0.2646804326436822
39627776273156334,0.0,0.11,0.89,0.0,0.249957979082264
39627752139129321,0.0,0.75,0.25,0.0,0.4056390622295664
39627746095137740,0.0,0.48,0.52,0.0,0.4994227679976009
39627746095140800,0.0,0.73,0.27,0.0,0.42073231810408784
39627758178928112,0.0,0.55,0.45,0.0,0.49638722699390414
39627776289936274,0.0,0.08,0.92,0.0,0.2010895951011364
39627782325539330,0.0,0.97,0.03,0.0,0.0971959289157881
39627752097187929,0.0,0.16,0.84,0.0,0.3171547773202831
39627776298321302,0.0,0.74,0.26,0.0,0.4133731862463089
39627740038565538,0.03,0.91,0.06,0.0,0.2595582210645035
39627776264769265,0.0,0.15,0.85,0.0,0.3049201523582002
39627776298321099,0.0,0.02,0.98,0.0,0.07072027127091034
39627776264767366,0.0,0.83,0.17,0.0,0.32885238937210975
39627758136987259,0.0,0.03,0.97,0.0,0.0971959289157881
39627776268963084,0.0,0.83,0.17,0.0,0.32885238937210975
39627770245942819,0.0,0.76,0.24,0.0,0.39752013969226113
39627800449127177,0.0,1.0,0.0,0.0,-0.0
39627770220779614,0.0,0.07,0.93,0.0,0.18296182545011158
39627776256380578,0.0,0.08,0.92,0.0,0.2010895951011364
39627758145373760,0.0,0.65,0.35,0.0,0.4670340276877455
39627800423957015,0.0,0.28,0.72,0.0,0.4277254052800653
39627794388354333,0.0,0.38,0.62,0.0,0.47902101111314976
39627764201950658,0.0,0.5,0.5,0.0,0.5
39627776264768849,0.0,0.01,0.99,0.0,0.04039656794795559
39627746069972508,0.0,0.15,0.85,0.0,0.3049201523582002
39627788373727012,0.0,0.07,0.92,0.01,0.22283217282912027
39627758153764489,0.0,0.88,0.12,0.0,0.2646804326436822
39627788377917873,0.0,0.21,0.78,0.01,0.4094279001393156
39627746095141054,0.0,0.2,0.8,0.0,0.36096404744368116
39627746095140311,0.0,0.15,0.85,0.0,0.3049201523582002
39627746095140611,0.0,0.14,0.86,0.0,0.292119405821428
39627746095140603,0.0,0.85,0.15,0.0,0.3049201523582002
39627746095137239,0.0,0.89,0.11,0.0,0.249957979082264
39627746095140394,0.0,0.68,0.32,0.0,0.45219072886224687
39627746095138251,0.0,0.34,0.66,0.0,0.46240935248651505
39627746095138955,0.0,0.36,0.64,0.0,0.4713415946277461
39627746095139429,0.0,0.52,0.48,0.0,0.4994227679976009
39627746095141302,0.01,0.99,0.0,0.0,0.04039656794795559
39627746095136962,0.0,0.78,0.22,0.0,0.38008375148098283
39627746095140098,0.0,0.28,0.72,0.0,0.4277254052800653
39627776273159134,0.0,0.93,0.07,0.0,0.18296182545011158
39627746095140958,0.0,0.69,0.31,0.0,0.4465867291889284
39627746095137321,0.01,0.99,0.0,0.0,0.04039656794795559
39627746095140835,0.0,0.14,0.86,0.0,0.292119405821428
39627788361142742,0.0,0.48,0.52,0.0,0.4994227679976009
39627788369528714,0.0,0.89,0.11,0.0,0.249957979082264
39627776273158791,0.0,0.77,0.23,0.0,0.38900565177326885
39627782333929204,0.0,0.04,0.96,0.0,0.12114609454120741
39627746082558795,0.0,0.11,0.89,0.0,0.249957979082264
39627788352751400,0.0,0.89,0.11,0.0,0.249957979082264
39627752134935166,0.0,0.16,0.84,0.0,0.3171547773202831
39627776294130528,0.0,0.12,0.88,0.0,0.2646804326436822
39627788365333015,0.0,0.44,0.56,0.0,0.4947937606110278
39627764206141647,0.0,0.76,0.24,0.0,0.39752013969226113
39627776289936393,0.0,0.55,0.45,0.0,0.49638722699390414
39627788365333056,0.0,0.17,0.82,0.01,0.3678974314876692
39627770224970558,0.0,0.26,0.74,0.0,0.4133731862463089
39627782325539598,0.0,0.46,0.54,0.0,0.49768921941011285
39627794388353168,0.0,0.57,0.43,0.0,0.4929075185894599
39627770224970343,0.0,0.02,0.98,0.0,0.07072027127091034
39627776264767407,0.0,0.77,0.23,0.0,0.38900565177326885
39627746095139499,0.0,0.93,0.07,0.0,0.18296182545011158
39627782317148272,0.0,0.97,0.03,0.0,0.0971959289157881
39627740025983879,0.01,0.85,0.14,0.0,0.33142210248480686
39627788356946821,0.0,0.0,1.0,0.0,-0.0
39627800440735088,0.0,0.29,0.71,0.0,0.43436062316970225
39627782333929151,0.0,0.0,0.99,0.01,0.04039656794795559
39627782317149165,0.0,0.48,0.52,0.0,0.4994227679976009
39627776273158585,0.0,0.78,0.22,0.0,0.38008375148098283
39627782317149271,0.0,0.54,0.46,0.0,0.49768921941011285
39627758183121823,0.0,0.18,0.82,0.0,0.34003852286413994
39627746095141663,0.0,0.94,0.06,0.0,0.16372245957723813
39627740046950731,0.0,1.0,0.0,0.0,-0.0
39627794384164862,0.0,0.5,0.5,0.0,0.5
39627782338118238,0.0,0.11,0.89,0.0,0.249957979082264
39627752097187954,0.0,0.66,0.34,0.0,0.46240935248651505
39627752130743193,0.0,0.29,0.71,0.0,0.43436062316970225
39627794384164636,0.0,0.05,0.92,0.03,0.239266955218135
39627746095141562,0.0,0.96,0.04,0.0,0.12114609454120741
39627770262718825,0.0,0.07,0.93,0.0,0.18296182545011158
39627764222920811,0.0,0.32,0.68,0.0,0.45219072886224687
39627764222920897,0.0,0.84,0.16,0.0,0.3171547773202831
39627740046951473,0.0,0.39,0.61,0.0,0.4823997742525436
39627758178932623,0.0,0.68,0.32,0.0,0.45219072886224687
39627758170540340,0.0,0.05,0.95,0.0,0.14319847855797813
39627746082559277,0.01,0.82,0.17,0.0,0.3678974314876692
39627758170540239,0.0,0.34,0.66,0.0,0.46240935248651505
39627758136988564,0.0,0.52,0.48,0.0,0.4994227679976009
39627764222919772,0.0,0.64,0.36,0.0,0.4713415946277461
39627758178932589,0.0,0.05,0.95,0.0,0.14319847855797813
39627758183122036,0.0,0.66,0.34,0.0,0.46240935248651505
39627758183121826,0.0,0.97,0.03,0.0,0.0971959289157881
39627752139131546,0.0,0.3,0.7,0.0,0.44064544961534635
39627740042761340,0.0,0.0,0.62,0.38,0.47902101111314976
39627782312956088,0.0,0.69,0.31,0.0,0.4465867291889284
39627764210339751,0.0,0.25,0.75,0.0,0.4056390622295664
39627770233357815,0.0,0.29,0.71,0.0,0.43436062316970225
39627752126550882,0.0,0.0,0.97,0.03,0.0971959289157881
39627764176784261,0.0,0.54,0.46,0.0,0.49768921941011285
39627776289935992,0.0,0.64,0.36,0.0,0.4713415946277461
39627788365333083,0.0,0.53,0.47,0.0,0.4987007942838698
39627788365333335,0.0,0.12,0.88,0.0,0.2646804326436822
39627758149572326,0.0,0.4,0.6,0.0,0.4854752972273343
39627740042760936,0.0,0.24,0.76,0.0,0.39752013969226113
39627776289936190,0.0,0.6,0.4,0.0,0.4854752972273343
39627794396746733,0.0,0.01,0.99,0.0,0.04039656794795559
39627752130741255,0.0,0.0,1.0,0.0,-0.0
39627758149570638,0.0,0.89,0.11,0.0,0.249957979082264
39627788356945988,0.0,0.9,0.1,0.0,0.2344977967946406
39627806476342775,0.01,0.9,0.09,0.0,0.2579475764741046
39627794400936076,0.0,0.4,0.6,0.0,0.4854752972273343
39627758157955477,0.0,0.06,0.94,0.0,0.16372245957723813
39627758157955383,0.0,0.0,0.99,0.01,0.04039656794795559
39627776285740342,0.0,0.6,0.4,0.0,0.4854752972273343
39627776285740061,0.0,0.99,0.01,0.0,0.04039656794795559
39627794417714024,0.0,0.69,0.31,0.0,0.4465867291889284
39627758153761313,0.0,0.01,0.98,0.01,0.08072027127091033
39627794413521056,0.0,0.97,0.03,0.0,0.0971959289157881
39627776273157590,0.0,0.32,0.68,0.0,0.45219072886224687
39627758170540021,0.0,0.01,0.99,0.0,0.04039656794795559
39627788373725596,0.0,0.09,0.9,0.01,0.2579475764741046
39627782321344790,0.0,0.78,0.22,0.0,0.38008375148098283
39627806480534670,0.0,0.48,0.52,0.0,0.4994227679976009
39627794379970751,0.0,0.12,0.88,0.0,0.2646804326436822
39627788361142527,0.0,0.39,0.61,0.0,0.4823997742525436
39627782333925661,0.0,0.87,0.13,0.0,0.2787190925139945
39627794379965861,0.0,0.51,0.49,0.0,0.49985572087640495
39627782333925888,0.0,0.51,0.49,0.0,0.49985572087640495
39627746090947661,0.0,0.18,0.82,0.0,0.34003852286413994
39627758178926743,0.0,0.36,0.64,0.0,0.4713415946277461
39627758149570682,0.0,0.0,0.9,0.1,0.2344977967946406
39627800453319457,0.0,0.92,0.08,0.0,0.2010895951011364
39627782325539921,0.0,0.87,0.13,0.0,0.2787190925139945
39627764210337392,0.0,0.55,0.45,0.0,0.49638722699390414
39627776252186289,0.0,0.29,0.71,0.0,0.43436062316970225
39627782325539495,0.0,0.99,0.01,0.0,0.04039656794795559
39627758153761741,0.0,0.03,0.97,0.0,0.0971959289157881
39627740038564985,0.0,0.53,0.47,0.0,0.4987007942838698
39627794379970393,0.0,0.97,0.03,0.0,0.0971959289157881
39627782325538755,0.0,0.67,0.33,0.0,0.4574631863898637
39627782325538550,0.0,0.94,0.06,0.0,0.16372245957723813
39627782325539070,0.0,0.9,0.1,0.0,0.2344977967946406
39627770262718504,0.0,0.36,0.64,0.0,0.4713415946277461
39627758183121434,0.0,0.59,0.41,0.0,0.488250234378912
39627764222919512,0.0,0.88,0.12,0.0,0.2646804326436822
39627776277348639,0.0,0.83,0.17,0.0,0.32885238937210975
39627758183121169,0.0,0.29,0.71,0.0,0.43436062316970225
39627776277348806,0.0,0.42,0.58,0.0,0.49072694751682683
39627782321344875,0.0,0.81,0.19,0.0,0.3507357299419487
39627776302514948,0.0,0.81,0.19,0.0,0.3507357299419487
39627752139131362,0.0,0.27,0.73,0.0,0.42073231810408784
39627770262721765,0.0,0.9,0.1,0.0,0.2344977967946406
39627752139129860,0.01,0.31,0.68,0.0,0.4842903007522812
39627752139129305,0.01,0.9,0.09,0.0,0.2579475764741046
39627788377916237,0.0,0.24,0.76,0.0,0.39752013969226113
39627788377916170,0.0,0.11,0.89,0.0,0.249957979082264
39627770262716640,0.0,1.0,0.0,0.0,-0.0
39627782338118170,0.0,0.95,0.05,0.0,0.14319847855797813
39627782338118428,0.0,0.92,0.08,0.0,0.2010895951011364
39627800440734345,0.0,0.76,0.24,0.0,0.39752013969226113
39627800444931608,0.0,0.49,0.51,0.0,0.49985572087640495
39627776294127525,0.0,0.77,0.23,0.0,0.38900565177326885
39627764214533233,0.0,0.22,0.78,0.0,0.38008375148098283
39627752118162233,0.0,0.0,0.98,0.02,0.07072027127091034
39627800444931592,0.0,0.06,0.93,0.01,0.20367037270049304
39627770229166900,0.0,0.01,0.98,0.01,0.08072027127091033
39627770229166974,0.0,0.57,0.43,0.0,0.4929075185894599
39627788344363214,0.0,0.68,0.32,0.0,0.45219072886224687
39627752130743414,0.0,0.9,0.1,0.0,0.2344977967946406
39627770224968130,0.0,0.23,0.77,0.0,0.38900565177326885
39627770254329030,0.0,0.29,0.71,0.0,0.43436062316970225
39627752101384537,0.0,0.83,0.17,0.0,0.32885238937210975
39627770262716960,0.0,0.62,0.38,0.0,0.47902101111314976
39627776277349850,0.0,1.0,0.0,0.0,-0.0
39627794379969254,0.0,0.0,0.97,0.03,0.0971959289157881
39627794379969062,0.0,0.0,0.95,0.05,0.14319847855797813
39627794379969057,0.0,0.0,1.0,0.0,-0.0
39627782325538205,0.0,0.69,0.31,0.0,0.4465867291889284
39627788377916240,0.0,0.0,1.0,0.0,-0.0
39627788352750550,0.0,0.13,0.87,0.0,0.2787190925139945
39627806472145647,0.0,0.8,0.2,0.0,0.36096404744368116
39627806476341014,0.0,0.15,0.85,0.0,0.3049201523582002
39627758170542502,0.0,0.46,0.54,0.0,0.49768921941011285
39627746082559276,0.0,0.05,0.95,0.0,0.14319847855797813
39627752139130324,0.0,0.22,0.78,0.0,0.38008375148098283
39627752139130400,0.0,0.43,0.57,0.0,0.4929075185894599
39627800453319253,0.0,0.85,0.15,0.0,0.3049201523582002
39627752134939969,0.0,0.36,0.64,0.0,0.4713415946277461
39627752139128976,0.0,0.18,0.82,0.0,0.34003852286413994
39627752139128972,0.0,0.99,0.01,0.0,0.04039656794795559
39627752139128868,0.0,0.13,0.87,0.0,0.2787190925139945
39627806480536025,0.0,0.82,0.18,0.0,0.34003852286413994
39627800453319973,0.0,0.42,0.58,0.0,0.49072694751682683
39627752134939847,0.0,0.99,0.01,0.0,0.04039656794795559
39627752122355231,0.0,0.97,0.03,0.0,0.0971959289157881
39627770262717000,0.0,0.72,0.28,0.0,0.4277254052800653
39627806463758304,0.0,0.35,0.65,0.0,0.4670340276877455
39627800453319202,0.0,0.94,0.06,0.0,0.16372245957723813
39627788377916090,0.0,0.71,0.29,0.0,0.43436062316970225
39627776273156406,0.0,0.49,0.51,0.0,0.49985572087640495
39627758136989293,0.0,0.44,0.56,0.0,0.4947937606110278
39627776273156211,0.0,0.82,0.18,0.0,0.34003852286413994
39627776285740966,0.0,0.18,0.82,0.0,0.34003852286413994
39627782342313443,0.0,0.84,0.16,0.0,0.3171547773202831
39627806480535532,0.0,0.84,0.16,0.0,0.3171547773202831
39627806480533642,0.0,0.41,0.59,0.0,0.488250234378912
39627764222920718,0.0,0.67,0.33,0.0,0.4574631863898637
39627770262718498,0.0,0.42,0.58,0.0,0.49072694751682683
39627740046950942,0.0,0.7,0.3,0.0,0.44064544961534635
39627782342313579,0.0,0.95,0.05,0.0,0.14319847855797813
39627800453319155,0.0,0.36,0.64,0.0,0.4713415946277461
39627800453319183,0.0,0.82,0.18,0.0,0.34003852286413994
39627758178932823,0.0,0.76,0.24,0.0,0.39752013969226113
39627782333927092,0.0,0.2,0.8,0.0,0.36096404744368116
39627800453319486,0.0,0.0,1.0,0.0,-0.0
39627800453319912,0.0,0.53,0.47,0.0,0.4987007942838698
39627800453318882,0.0,0.91,0.09,0.0,0.21823490853205144
39627776294127602,0.0,0.6,0.4,0.0,0.4854752972273343
39627752105578765,0.0,0.23,0.77,0.0,0.38900565177326885
39627776302514675,0.0,0.43,0.57,0.0,0.4929075185894599
39627806463757830,0.0,0.77,0.23,0.0,0.38900565177326885
39627806480534870,0.0,0.41,0.59,0.0,0.488250234378912
39627782342313571,0.0,0.78,0.22,0.0,0.38008375148098283
39627776285742169,0.0,0.2,0.8,0.0,0.36096404744368116
39627752134939286,0.0,0.59,0.41,0.0,0.488250234378912
39627788365332914,0.0,0.0,0.94,0.06,0.16372245957723813
39627806463758290,0.0,0.98,0.02,0.0,0.07072027127091034
39627770224969644,0.0,0.9,0.1,0.0,0.2344977967946406
39627770224969986,0.0,0.8,0.2,0.0,0.36096404744368116
39627770229167504,0.0,0.92,0.08,0.0,0.2010895951011364
39627770224969636,0.0,0.0,0.93,0.07,0.18296182545011158
39627746095136855,0.0,0.32,0.68,0.0,0.45219072886224687
39627752134938697,0.0,0.55,0.45,0.0,0.49638722699390414
39627758149571798,0.0,0.54,0.46,0.0,0.49768921941011285
39627776289936480,0.0,0.07,0.93,0.0,0.18296182545011158
39627776294127863,0.0,0.0,1.0,0.0,-0.0
39627758170542180,0.0,0.08,0.92,0.0,0.2010895951011364
39627782317149442,0.0,0.68,0.32,0.0,0.45219072886224687
39627782317149028,0.01,0.92,0.07,0.0,0.22283217282912027
39627782317148859,0.0,0.92,0.08,0.0,0.2010895951011364
39627788382110351,0.0,0.93,0.07,0.0,0.18296182545011158
39627800453320274,0.0,0.73,0.27,0.0,0.42073231810408784
39627800453319951,0.02,0.98,0.0,0.0,0.07072027127091034
39627800453321106,0.0,0.89,0.11,0.0,0.249957979082264
39627764222920922,0.0,0.36,0.64,0.0,0.4713415946277461
39627788382110101,0.0,0.74,0.26,0.0,0.4133731862463089
39627770262720210,0.0,0.28,0.72,0.0,0.4277254052800653
39627752134939478,0.0,0.2,0.8,0.0,0.36096404744368116
39627770262720199,0.0,0.11,0.89,0.0,0.249957979082264
39627758183122004,0.0,0.39,0.61,0.0,0.4823997742525436
39627770262719347,0.0,0.41,0.59,0.0,0.488250234378912
39627752134940051,0.0,0.9,0.1,0.0,0.2344977967946406
39627752139129587,0.0,0.84,0.16,0.0,0.3171547773202831
39627800453318893,0.06,0.94,0.0,0.0,0.16372245957723813
39627776298323975,0.02,0.79,0.19,0.0,0.41838158558026606
39627794384165355,0.0,0.92,0.08,0.0,0.2010895951011364
39627770233359196,0.0,0.24,0.76,0.0,0.39752013969226113
39627764222920355,0.0,0.97,0.03,0.0,0.0971959289157881
39627764222920427,0.0,0.29,0.71,0.0,0.43436062316970225
39627758183121944,0.0,0.66,0.34,0.0,0.46240935248651505
39627764222920610,0.0,0.59,0.41,0.0,0.488250234378912
39627758183122636,0.0,0.16,0.83,0.01,0.3562867308783886
39627740046952034,0.0,0.34,0.66,0.0,0.46240935248651505
39627770262720269,0.0,0.58,0.42,0.0,0.49072694751682683
39627758183123023,0.0,0.72,0.28,0.0,0.4277254052800653
39627782342313941,0.02,0.82,0.16,0.0,0.38533177299394805
39627764222921494,0.0,0.47,0.53,0.0,0.4987007942838698
39627764222923154,0.01,0.9,0.09,0.0,0.2579475764741046
39627764222921816,0.0,0.76,0.24,0.0,0.39752013969226113
39627764222922170,0.01,0.99,0.0,0.0,0.04039656794795559
39627764222921026,0.0,0.1,0.9,0.0,0.2344977967946406
39627764222920839,0.0,0.43,0.57,0.0,0.4929075185894599
39627776298323894,0.0,0.47,0.53,0.0,0.4987007942838698
39627794417715557,0.0,0.78,0.22,0.0,0.38008375148098283
39627794417715804,0.0,0.61,0.39,0.0,0.4823997742525436
39627764222920127,0.0,0.95,0.05,0.0,0.14319847855797813
39627764222920352,0.0,0.81,0.19,0.0,0.3507357299419487
39627782317149027,0.0,0.07,0.93,0.0,0.18296182545011158
39627776273157052,0.0,0.24,0.76,0.0,0.39752013969226113
39627758153764398,0.0,0.0,1.0,0.0,-0.0
39627794379971111,0.0,0.72,0.28,0.0,0.4277254052800653
39627758153764526,0.0,0.12,0.88,0.0,0.2646804326436822
39627758149570216,0.0,0.0,0.98,0.02,0.07072027127091034
39627776285740920,0.0,0.03,0.97,0.0,0.0971959289157881
39627776298325065,0.0,0.85,0.15,0.0,0.3049201523582002
39627776298325045,0.0,0.93,0.07,0.0,0.18296182545011158
39627764222919090,0.0,0.76,0.24,0.0,0.39752013969226113
39627752105578905,0.0,0.91,0.09,0.0,0.21823490853205144
39627794413524365,0.0,0.85,0.15,0.0,0.3049201523582002
39627788373723313,0.0,0.71,0.29,0.0,0.43436062316970225
39627770233359223,0.0,0.8,0.2,0.0,0.36096404744368116
39627752134939875,0.0,0.99,0.01,0.0,0.04039656794795559
39627782338118874,0.0,0.94,0.06,0.0,0.16372245957723813
39627812516139048,0.0,0.05,0.95,0.0,0.14319847855797813
39627788382109926,0.01,0.98,0.01,0.0,0.08072027127091033
39627782342313240,0.0,0.72,0.28,0.0,0.4277254052800653
39627770262719034,0.0,0.37,0.63,0.0,0.47533604634353294
39627806480534157,0.0,0.45,0.55,0.0,0.49638722699390414
39627770262719297,0.0,0.51,0.49,0.0,0.49985572087640495
39627806480535038,0.0,0.64,0.36,0.0,0.4713415946277461
39627788382109834,0.0,0.53,0.47,0.0,0.4987007942838698
39627788382109916,0.0,0.02,0.98,0.0,0.07072027127091034
39627806463757738,0.0,0.02,0.98,0.0,0.07072027127091034
39627782333929083,0.0,0.21,0.79,0.0,0.37074136996563684
39627770262721054,0.0,0.84,0.16,0.0,0.3171547773202831
39627770262721428,0.0,0.97,0.03,0.0,0.0971959289157881
39627770262721538,0.01,0.92,0.07,0.0,0.22283217282912027
39627782329732371,0.0,0.47,0.53,0.0,0.4987007942838698
39627776252185957,0.0,0.39,0.61,0.0,0.4823997742525436
39627740042762015,0.0,0.33,0.67,0.0,0.4574631863898637
39627770262718415,0.0,0.25,0.75,0.0,0.4056390622295664
39627740042761640,0.0,0.75,0.25,0.0,0.4056390622295664
39627788382110197,0.0,1.0,0.0,0.0,-0.0
39627740042761269,0.0,0.26,0.74,0.0,0.4133731862463089
39627794417715472,0.0,0.74,0.26,0.0,0.4133731862463089
39627758136988667,0.0,0.21,0.79,0.0,0.37074136996563684
39627782342313123,0.0,0.83,0.17,0.0,0.32885238937210975
39627782342313987,0.01,0.84,0.15,0.0,0.3441379826496441
39627812516134988,0.0,1.0,0.0,0.0,-0.0
39627812516140572,0.0,0.54,0.46,0.0,0.49768921941011285
39627812511946049,0.0,0.46,0.54,0.0,0.49768921941011285
39627788377918394,0.0,0.71,0.29,0.0,0.43436062316970225
39627752109769940,0.0,0.35,0.65,0.0,0.4670340276877455
39627752109769952,0.0,0.39,0.61,0.0,0.4823997742525436
39627788340171820,0.0,0.97,0.03,0.0,0.0971959289157881
39627806476338731,0.0,0.6,0.4,0.0,0.4854752972273343
39627782308764108,0.0,0.49,0.51,0.0,0.49985572087640495
39627770250137262,0.0,0.94,0.06,0.0,0.16372245957723813
39627782312956708,0.0,0.43,0.57,0.0,0.4929075185894599
39627812516136886,0.0,0.29,0.71,0.0,0.43436062316970225
39627758149567783,0.0,0.0,1.0,0.0,-0.0
39627752134936398,0.0,0.93,0.07,0.0,0.18296182545011158
39627794388357779,0.0,0.16,0.84,0.0,0.3171547773202831
39627770262717110,0.0,0.01,0.86,0.13,0.31810566868628926
39627800419766960,0.0,0.19,0.81,0.0,0.3507357299419487
39627758178930143,0.0,0.88,0.12,0.0,0.2646804326436822
39627758178928172,0.0,0.53,0.47,0.0,0.4987007942838698
39627764189367050,0.0,0.25,0.75,0.0,0.4056390622295664
39627752109769706,0.0,0.46,0.54,0.0,0.49768921941011285
39627752109769881,0.0,0.52,0.48,0.0,0.4994227679976009
39627788344363654,0.0,0.94,0.06,0.0,0.16372245957723813
39627788344363528,0.0,0.04,0.96,0.0,0.12114609454120741
39627770237554990,0.0,0.01,0.98,0.01,0.08072027127091033
39627770237554647,0.0,0.4,0.6,0.0,0.4854752972273343
39627746065777580,0.0,0.46,0.54,0.0,0.49768921941011285
39627746082555360,0.0,0.35,0.65,0.0,0.4670340276877455
39627776256379888,0.0,0.23,0.77,0.0,0.38900565177326885
39627788361143386,0.0,0.29,0.71,0.0,0.43436062316970225
39627752130740795,0.0,0.27,0.73,0.0,0.42073231810408784
39627746061586752,0.0,0.59,0.41,0.0,0.488250234378912
39627794384164312,0.0,0.26,0.74,0.0,0.4133731862463089
39627752109770176,0.01,0.92,0.07,0.0,0.22283217282912027
39627794384164438,0.0,0.65,0.35,0.0,0.4670340276877455
39627758166347519,0.0,0.31,0.69,0.0,0.4465867291889284
39627758162154001,0.0,0.08,0.91,0.01,0.24088153359695552
39627758162151379,0.0,0.07,0.93,0.0,0.18296182545011158
39627758149568908,0.0,0.94,0.06,0.0,0.16372245957723813
39627776268962432,0.0,0.9,0.1,0.0,0.2344977967946406
39627794384164314,0.0,0.7,0.3,0.0,0.44064544961534635
39627794400941081,0.0,0.05,0.95,0.0,0.14319847855797813
39627794384164143,0.0,0.93,0.07,0.0,0.18296182545011158
39627782296179015,0.0,0.16,0.84,0.0,0.3171547773202831
39627782296178915,0.0,0.93,0.07,0.0,0.18296182545011158
39627782296178773,0.0,0.23,0.77,0.0,0.38900565177326885
39627782333925073,0.0,0.33,0.67,0.0,0.4574631863898637
39627764193560623,0.0,0.07,0.93,0.0,0.18296182545011158
39627752109769558,0.0,0.0,1.0,0.0,-0.0
39627764180978664,0.0,1.0,0.0,0.0,-0.0
39627776289936002,0.0,0.27,0.73,0.0,0.42073231810408784
39627764180978926,0.0,0.56,0.44,0.0,0.4947937606110278
39627746061586600,0.0,0.3,0.7,0.0,0.44064544961534635
39627764180978110,0.0,0.17,0.83,0.0,0.32885238937210975
39627770216579383,0.0,0.17,0.83,0.0,0.32885238937210975
39627776285737315,0.0,0.92,0.08,0.0,0.2010895951011364
39627764180978427,0.0,0.42,0.58,0.0,0.49072694751682683
39627752101384058,0.0,0.88,0.12,0.0,0.2646804326436822
39627764180979005,0.0,0.16,0.84,0.0,0.3171547773202831
39627764206145382,0.0,0.39,0.61,0.0,0.4823997742525436
39627788340169243,0.0,0.34,0.66,0.0,0.46240935248651505
39627770212390584,0.0,0.54,0.46,0.0,0.49768921941011285
39627770216579357,0.0,0.16,0.84,0.0,0.3171547773202831
39627776289935892,0.0,0.54,0.46,0.0,0.49768921941011285
39627764180978663,0.0,0.89,0.11,0.0,0.249957979082264
39627764180977611,0.0,0.57,0.43,0.0,0.4929075185894599
39627770245943974,0.0,0.0,1.0,0.0,-0.0
39627770237554987,0.0,0.08,0.92,0.0,0.2010895951011364
39627746065777440,0.0,0.67,0.33,0.0,0.4574631863898637
39627746065777563,0.0,0.79,0.21,0.0,0.37074136996563684
39627788335974715,0.0,0.33,0.67,0.0,0.4574631863898637
39627788335974852,0.0,0.98,0.02,0.0,0.07072027127091034
39627770229164174,0.0,0.6,0.4,0.0,0.4854752972273343
39627788340167820,0.0,0.05,0.95,0.0,0.14319847855797813
39627764180978418,0.0,0.22,0.78,0.0,0.38008375148098283
39627800432348459,0.0,0.2,0.78,0.02,0.42842842004234927
39627770229164212,0.0,0.92,0.08,0.0,0.2010895951011364
39627758170540956,0.0,0.76,0.24,0.0,0.39752013969226113
39627752134939029,0.0,0.28,0.72,0.0,0.4277254052800653
39627758170540493,0.0,0.76,0.24,0.0,0.39752013969226113
39627740042760824,0.0,0.57,0.43,0.0,0.4929075185894599
39627764218729345,0.0,0.92,0.08,0.0,0.2010895951011364
39627758170541069,0.0,0.47,0.53,0.0,0.4987007942838698
39627758170540520,0.0,0.98,0.02,0.0,0.07072027127091034
39627752134938646,0.0,0.68,0.32,0.0,0.45219072886224687
39627752134939046,0.0,0.61,0.39,0.0,0.4823997742525436
39627788356946072,0.0,0.91,0.09,0.0,0.21823490853205144
39627752134938861,0.0,0.06,0.94,0.0,0.16372245957723813
39627752134938825,0.0,0.86,0.14,0.0,0.292119405821428
39627782312957565,0.0,0.74,0.26,0.0,0.4133731862463089
39627788340167976,0.0,0.05,0.95,0.0,0.14319847855797813
39627782312957587,0.0,0.67,0.33,0.0,0.4574631863898637
39627770258525539,0.0,0.5,0.5,0.0,0.5
39627752109770843,0.0,0.09,0.91,0.0,0.21823490853205144
39627752109770353,0.0,0.39,0.61,0.0,0.4823997742525436
39627794384163363,0.0,0.71,0.29,0.0,0.43436062316970225
39627746069972392,0.0,0.36,0.64,0.0,0.4713415946277461
39627764210339229,0.0,0.01,0.99,0.0,0.04039656794795559
39627770258525547,0.0,0.45,0.55,0.0,0.49638722699390414
39627794379967838,0.0,0.02,0.98,0.0,0.07072027127091034
39627752109770300,0.0,0.85,0.15,0.0,0.3049201523582002
39627746065778347,0.0,0.55,0.45,0.0,0.49638722699390414
39627800423957910,0.0,0.74,0.26,0.0,0.4133731862463089
39627788361143353,0.0,0.0,0.98,0.02,0.07072027127091034
39627800449125533,0.0,0.56,0.44,0.0,0.4947937606110278
39627776264767680,0.0,0.0,1.0,0.0,-0.0
39627788361143535,0.0,0.95,0.05,0.0,0.14319847855797813
39627752109771250,0.0,0.15,0.85,0.0,0.3049201523582002
39627782304569133,0.0,0.14,0.86,0.0,0.292119405821428
39627776264767799,0.0,0.46,0.54,0.0,0.49768921941011285
39627752109771662,0.0,0.78,0.22,0.0,0.38008375148098283
39627758141179458,0.0,0.54,0.46,0.0,0.49768921941011285
39627758141179203,0.0,0.26,0.74,0.0,0.4133731862463089
39627800419766694,0.0,0.74,0.26,0.0,0.4133731862463089
39627800419766780,0.0,0.85,0.15,0.0,0.3049201523582002
39627764189368157,0.0,0.35,0.65,0.0,0.4670340276877455
39627794388357726,0.0,0.34,0.66,0.0,0.46240935248651505
39627812516136641,0.0,0.21,0.79,0.0,0.37074136996563684
39627788340169485,0.0,0.04,0.95,0.01,0.16124668093016215
39627788340171596,0.0,0.3,0.7,0.0,0.44064544961534635
39627794392550900,0.0,0.0,1.0,0.0,-0.0
39627770220776611,0.0,0.94,0.06,0.0,0.16372245957723813
39627788340167858,0.0,0.44,0.56,0.0,0.4947937606110278
39627788340167713,0.0,0.01,0.99,0.0,0.04039656794795559
39627788340167948,0.0,0.41,0.59,0.0,0.488250234378912
39627746074166184,0.0,0.26,0.74,0.0,0.4133731862463089
39627758174735791,0.0,0.96,0.04,0.0,0.12114609454120741
39627800428156302,0.0,1.0,0.0,0.0,-0.0
39627788340169535,0.0,0.04,0.96,0.0,0.12114609454120741
39627794392550276,0.0,0.39,0.61,0.0,0.4823997742525436
39627770245943843,0.0,0.04,0.96,0.0,0.12114609454120741
39627770220776911,0.0,0.74,0.26,0.0,0.4133731862463089
39627776281547031,0.0,0.84,0.16,0.0,0.3171547773202831
39627752130745817,0.0,0.25,0.75,0.0,0.4056390622295664
39627770229164886,0.0,0.01,0.99,0.0,0.04039656794795559
39627770229164993,0.0,0.03,0.97,0.0,0.0971959289157881
39627770229165062,0.0,0.84,0.16,0.0,0.3171547773202831
39627770241745862,0.0,0.14,0.86,0.0,0.292119405821428
39627788335974449,0.0,0.86,0.14,0.0,0.292119405821428
39627746061586825,0.0,0.75,0.25,0.0,0.4056390622295664
39627806476340271,0.0,0.83,0.17,0.0,0.32885238937210975
39627788340167147,0.0,0.07,0.92,0.01,0.22283217282912027
39627746061586886,0.0,0.84,0.16,0.0,0.3171547773202831
39627758166346079,0.0,0.01,0.97,0.02,0.11097036642660543
39627788340170077,0.0,0.05,0.93,0.02,0.21317104534994366
39627788340171248,0.0,0.12,0.88,0.0,0.2646804326436822
39627788340171953,0.0,0.1,0.9,0.0,0.2344977967946406
39627752134936544,0.0,0.87,0.13,0.0,0.2787190925139945
39627806476339871,0.0,0.94,0.06,0.0,0.16372245957723813
39627806480533550,0.0,0.99,0.01,0.0,0.04039656794795559
39627788340170705,0.0,0.16,0.84,0.0,0.3171547773202831
39627806480533641,0.0,0.76,0.24,0.0,0.39752013969226113
39627806467950114,0.0,0.99,0.01,0.0,0.04039656794795559
39627806467950020,0.0,0.26,0.74,0.0,0.4133731862463089
39627806467950174,0.0,0.0,1.0,0.0,-0.0
39627806467949849,0.0,0.04,0.96,0.0,0.12114609454120741
39627746065778297,0.0,0.15,0.85,0.0,0.3049201523582002
39627770229163677,0.0,0.01,0.99,0.0,0.04039656794795559
39627782338122120,0.0,0.3,0.7,0.0,0.44064544961534635
39627758178928275,0.0,0.88,0.12,0.0,0.2646804326436822
39627770233357215,0.0,0.92,0.08,0.0,0.2010895951011364
39627758178928240,0.0,0.64,0.36,0.0,0.4713415946277461
39627758178928262,0.0,0.32,0.68,0.0,0.45219072886224687
39627794379969705,0.0,0.47,0.53,0.0,0.4987007942838698
39627794396745868,0.0,0.73,0.27,0.0,0.42073231810408784
39627770254332187,0.0,0.13,0.87,0.0,0.2787190925139945
39627782304563612,0.0,0.16,0.84,0.0,0.3171547773202831
39627782308763945,0.0,0.04,0.95,0.01,0.16124668093016215
39627788369530033,0.0,0.13,0.87,0.0,0.2787190925139945
39627770216582000,0.0,0.15,0.85,0.0,0.3049201523582002
39627770216581943,0.0,0.53,0.47,0.0,0.4987007942838698
39627770250138773,0.0,1.0,0.0,0.0,-0.0
39627746082555509,0.0,0.63,0.37,0.0,0.47533604634353294
39627746082555769,0.0,0.16,0.84,0.0,0.3171547773202831
39627746082555840,0.0,0.98,0.02,0.0,0.07072027127091034
39627806463754605,0.0,0.18,0.82,0.0,0.34003852286413994
39627752126551880,0.0,0.14,0.86,0.0,0.292119405821428
39627752130740908,0.0,0.42,0.58,0.0,0.49072694751682683
39627752130740921,0.0,0.06,0.92,0.02,0.2335407200795017
39627752130740495,0.0,0.15,0.85,0.0,0.3049201523582002
39627758149570760,0.0,0.08,0.92,0.0,0.2010895951011364
39627758157959459,0.0,0.08,0.92,0.0,0.2010895951011364
39627752109769299,0.0,0.14,0.86,0.0,0.292119405821428
39627788361142944,0.0,0.05,0.95,0.0,0.14319847855797813
39627770229164064,0.0,0.01,0.99,0.0,0.04039656794795559
39627770229164041,0.0,0.91,0.09,0.0,0.21823490853205144
39627752134935200,0.0,0.43,0.57,0.0,0.4929075185894599
39627806459566680,0.0,0.45,0.55,0.0,0.49638722699390414
39627758149568500,0.0,0.07,0.93,0.0,0.18296182545011158
39627752134935135,0.0,0.28,0.72,0.0,0.4277254052800653
39627806463754378,0.0,1.0,0.0,0.0,-0.0
39627788373725004,0.0,0.16,0.84,0.0,0.3171547773202831
39627752134939217,0.0,0.77,0.23,0.0,0.38900565177326885
39627770233358154,0.0,0.85,0.15,0.0,0.3049201523582002
39627788335978170,0.0,0.99,0.01,0.0,0.04039656794795559
39627770241750287,0.0,0.8,0.2,0.0,0.36096404744368116
39627788373726343,0.0,0.72,0.28,0.0,0.4277254052800653
39627788335978422,0.0,0.64,0.36,0.0,0.4713415946277461
39627758136986046,0.0,0.11,0.89,0.0,0.249957979082264
39627758136986071,0.0,0.13,0.87,0.0,0.2787190925139945
39627758153766068,0.0,0.62,0.38,0.0,0.47902101111314976
39627806476337861,0.0,0.99,0.01,0.0,0.04039656794795559
39627758136986043,0.0,0.09,0.91,0.0,0.21823490853205144
39627758132794280,0.0,0.27,0.73,0.0,0.42073231810408784
39627770224970698,0.0,0.89,0.11,0.0,0.249957979082264
39627770224970644,0.0,0.0,1.0,0.0,-0.0
39627782338119313,0.0,0.85,0.15,0.0,0.3049201523582002
39627758149568265,0.0,0.04,0.96,0.0,0.12114609454120741
39627776289932535,0.01,0.84,0.15,0.0,0.3441379826496441
39627788344365553,0.0,0.26,0.74,0.0,0.4133731862463089
39627776289933294,0.0,0.02,0.98,0.0,0.07072027127091034
39627776289933721,0.0,0.05,0.95,0.0,0.14319847855797813
39627776294130412,0.0,0.36,0.64,0.0,0.4713415946277461
39627758153761872,0.0,0.43,0.57,0.0,0.4929075185894599
39627764189365757,0.0,0.03,0.97,0.0,0.0971959289157881
39627764189365790,0.0,0.03,0.95,0.02,0.1674722434193448
39627788356948435,0.0,0.01,0.99,0.0,0.04039656794795559
39627770250134735,0.0,0.52,0.48,0.0,0.4994227679976009
39627782308762686,0.0,0.94,0.06,0.0,0.16372245957723813
39627776281546727,0.0,1.0,0.0,0.0,-0.0
39627776281546963,0.0,0.97,0.03,0.0,0.0971959289157881
39627776252187271,0.0,0.1,0.9,0.0,0.2344977967946406
39627776252187155,0.0,0.03,0.97,0.0,0.0971959289157881
39627752134938615,0.0,0.0,0.76,0.24,0.39752013969226113
39627788377918563,0.0,0.95,0.05,0.0,0.14319847855797813
39627752134938187,0.0,0.68,0.32,0.0,0.45219072886224687
39627788377918641,0.0,0.92,0.08,0.0,0.2010895951011364
39627746086751611,0.0,0.47,0.53,0.0,0.4987007942838698
39627746069972699,0.0,0.68,0.32,0.0,0.45219072886224687
39627746090942705,0.0,0.93,0.07,0.0,0.18296182545011158
39627782338119865,0.0,0.96,0.04,0.0,0.12114609454120741
39627782304564161,0.0,0.54,0.46,0.0,0.49768921941011285
39627764189368406,0.0,0.1,0.9,0.0,0.2344977967946406
39627776285740536,0.0,0.52,0.48,0.0,0.4994227679976009
39627764189368328,0.0,0.25,0.75,0.0,0.4056390622295664
39627764189368647,0.0,0.01,0.98,0.01,0.08072027127091033
39627806480533174,0.0,0.6,0.4,0.0,0.4854752972273343
39627770237554087,0.0,0.17,0.83,0.0,0.32885238937210975
39627776273155599,0.0,0.07,0.93,0.0,0.18296182545011158
39627746086752015,0.0,0.86,0.14,0.0,0.292119405821428
39627746086752011,0.0,0.72,0.28,0.0,0.4277254052800653
39627788377918915,0.0,0.22,0.78,0.0,0.38008375148098283
39627758149568075,0.0,0.43,0.57,0.0,0.4929075185894599
39627758149567820,0.0,0.94,0.06,0.0,0.16372245957723813
39627776289933204,0.0,0.16,0.84,0.0,0.3171547773202831
39627746061585120,0.0,0.0,0.91,0.09,0.21823490853205144
39627782338118982,0.0,0.67,0.33,0.0,0.4574631863898637
39627776294126561,0.0,0.24,0.76,0.0,0.39752013969226113
39627782333927992,0.0,0.87,0.13,0.0,0.2787190925139945
39627782338119133,0.0,0.04,0.95,0.01,0.16124668093016215
39627794417714730,0.0,0.95,0.05,0.0,0.14319847855797813
39627806476337245,0.0,0.64,0.36,0.0,0.4713415946277461
39627794413522756,0.0,0.55,0.45,0.0,0.49638722699390414
39627788340171893,0.0,0.87,0.13,0.0,0.2787190925139945
39627788340171595,0.0,0.32,0.68,0.0,0.45219072886224687
39627788340166700,0.0,0.15,0.85,0.0,0.3049201523582002
39627794400940836,0.0,0.03,0.94,0.03,0.19372245957723813
39627752101384136,0.0,0.17,0.83,0.0,0.32885238937210975
39627788344361397,0.0,0.44,0.56,0.0,0.4947937606110278
39627788344364603,0.0,0.72,0.28,0.0,0.4277254052800653
39627758166347877,0.0,0.8,0.2,0.0,0.36096404744368116
39627758166347871,0.0,0.77,0.23,0.0,0.38900565177326885
39627758174735814,0.0,0.01,0.99,0.0,0.04039656794795559
39627776268966414,0.0,0.55,0.45,0.0,0.49638722699390414
39627788373723283,0.0,0.8,0.2,0.0,0.36096404744368116
39627782304568817,0.0,0.19,0.81,0.0,0.3507357299419487
39627752109771514,0.0,0.15,0.85,0.0,0.3049201523582002
39627752130741252,0.0,0.19,0.81,0.0,0.3507357299419487
39627758141179013,0.0,0.45,0.55,0.0,0.49638722699390414
39627770245939331,0.0,0.9,0.1,0.0,0.2344977967946406
39627770245939571,0.0,0.35,0.65,0.0,0.4670340276877455
39627794384162742,0.0,0.04,0.96,0.0,0.12114609454120741
39627770245939494,0.0,0.59,0.41,0.0,0.488250234378912
39627776273156437,0.0,0.92,0.08,0.0,0.2010895951011364
39627770224973828,0.0,0.25,0.75,0.0,0.4056390622295664
39627752101381229,0.0,0.61,0.39,0.0,0.4823997742525436
39627752101381404,0.0,0.05,0.95,0.0,0.14319847855797813
39627776281547345,0.0,0.94,0.06,0.0,0.16372245957723813
39627770216579469,0.0,0.24,0.76,0.0,0.39752013969226113
39627746074165762,0.0,0.13,0.87,0.0,0.2787190925139945
39627752101384548,0.0,0.03,0.97,0.0,0.0971959289157881
39627776281547540,0.0,0.64,0.36,0.0,0.4713415946277461
39627770216579664,0.0,0.62,0.38,0.0,0.47902101111314976
39627788335976704,0.0,0.36,0.64,0.0,0.4713415946277461
39627800415571411,0.0,0.23,0.77,0.0,0.38900565177326885
39627788356945794,0.0,0.47,0.53,0.0,0.4987007942838698
39627782304569473,0.0,0.38,0.62,0.0,0.47902101111314976
39627794375773589,0.0,0.82,0.18,0.0,0.34003852286413994
39627794417713629,0.0,0.99,0.01,0.0,0.04039656794795559
39627752130741878,0.0,0.17,0.83,0.0,0.32885238937210975
39627770245940844,0.0,0.32,0.68,0.0,0.45219072886224687
39627776273156116,0.0,0.03,0.97,0.0,0.0971959289157881
39627788335977903,0.0,0.27,0.73,0.0,0.42073231810408784
39627806459566596,0.0,0.94,0.06,0.0,0.16372245957723813
39627788335978908,0.0,0.71,0.29,0.0,0.43436062316970225
39627752134939851,0.0,0.86,0.14,0.0,0.292119405821428
39627782338122084,0.0,0.69,0.31,0.0,0.4465867291889284
39627776273157456,0.0,0.74,0.26,0.0,0.4133731862463089
39627752130741516,0.0,0.57,0.43,0.0,0.4929075185894599
39627794413524188,0.0,0.54,0.46,0.0,0.49768921941011285
39627794375771306,0.0,0.22,0.78,0.0,0.38008375148098283
39627776289932548,0.0,0.2,0.8,0.0,0.36096404744368116
39627788369532826,0.0,0.27,0.73,0.0,0.42073231810408784
39627776252188718,0.0,0.95,0.05,0.0,0.14319847855797813
39627788369532673,0.0,0.01,0.99,0.0,0.04039656794795559
39627788369532686,0.0,0.01,0.86,0.13,0.31810566868628926
39627746069972110,0.0,0.81,0.19,0.0,0.3507357299419487
39627788331782758,0.0,0.0,0.9,0.1,0.2344977967946406
39627788377918535,0.2,0.8,0.0,0.0,0.36096404744368116
39627812511945736,0.0,0.38,0.62,0.0,0.47902101111314976
39627812511943602,0.0,0.5,0.5,0.0,0.5
39627806488924982,0.0,0.96,0.04,0.0,0.12114609454120741
39627800453318497,0.0,0.41,0.59,0.0,0.488250234378912
39627806488924282,0.0,0.82,0.18,0.0,0.34003852286413994
39627812520329522,0.0,0.45,0.55,0.0,0.49638722699390414
39627812511943638,0.0,0.01,0.96,0.03,0.13737165703039006
39627794413523330,0.0,0.81,0.19,0.0,0.3507357299419487
39627794413520355,0.0,0.24,0.76,0.0,0.39752013969226113
39627788340167797,0.0,0.91,0.09,0.0,0.21823490853205144
39627758153765561,0.0,0.17,0.83,0.0,0.32885238937210975
39627782333928365,0.0,0.64,0.36,0.0,0.4713415946277461
39627776260573942,0.0,0.68,0.32,0.0,0.45219072886224687
39627776285737188,0.0,0.32,0.68,0.0,0.45219072886224687
39627764172590876,0.0,0.18,0.82,0.0,0.34003852286413994
39627788340167787,0.0,0.43,0.57,0.0,0.4929075185894599
39627776294126151,0.0,0.07,0.93,0.0,0.18296182545011158
39627788377918113,0.0,0.13,0.87,0.0,0.2787190925139945
39627788340170719,0.0,0.8,0.2,0.0,0.36096404744368116
39627764193560456,0.0,0.38,0.62,0.0,0.47902101111314976
39627800419766162,0.04,0.96,0.0,0.0,0.12114609454120741
39627812516138790,0.0,0.65,0.35,0.0,0.4670340276877455
39627788335978361,0.0,0.15,0.85,0.0,0.3049201523582002
39627794413523666,0.0,0.51,0.49,0.0,0.49985572087640495
39627788335976068,0.0,0.16,0.84,0.0,0.3171547773202831
39627788335976178,0.0,0.73,0.27,0.0,0.42073231810408784
39627776285737995,0.0,0.99,0.01,0.0,0.04039656794795559
39627776281547276,0.0,0.01,0.99,0.0,0.04039656794795559
39627758153766386,0.0,0.27,0.73,0.0,0.42073231810408784
39627806476338402,0.0,0.84,0.16,0.0,0.3171547773202831
39627806488921480,0.0,0.92,0.08,0.0,0.2010895951011364
39627746061586602,0.0,0.75,0.25,0.0,0.4056390622295664
39627776298323742,0.0,0.04,0.96,0.0,0.12114609454120741
39627806480533496,0.0,0.16,0.84,0.0,0.3171547773202831
39627806480533674,0.0,0.43,0.57,0.0,0.4929075185894599
39627764193560515,0.0,0.88,0.12,0.0,0.2646804326436822
39627800419765904,0.0,0.31,0.69,0.0,0.4465867291889284
39627776302515337,0.0,0.61,0.39,0.0,0.4823997742525436
39627770262718516,0.0,0.56,0.44,0.0,0.4947937606110278
39627800453318318,0.0,0.32,0.68,0.0,0.45219072886224687
39627800453319901,0.0,0.98,0.02,0.0,0.07072027127091034
39627770262718309,0.0,0.97,0.03,0.0,0.0971959289157881
39627800453319427,0.0,0.99,0.01,0.0,0.04039656794795559
39627800453319547,0.0,0.36,0.64,0.0,0.4713415946277461
39627770262718033,0.0,0.27,0.73,0.0,0.42073231810408784
39627788377920517,0.0,0.66,0.34,0.0,0.46240935248651505
39627770262718177,0.0,0.58,0.42,0.0,0.49072694751682683
39627806493114818,0.0,0.84,0.16,0.0,0.3171547773202831
39627806493115145,0.0,0.96,0.04,0.0,0.12114609454120741
39627800453317493,0.0,0.75,0.25,0.0,0.4056390622295664
39627770262717306,0.0,0.29,0.71,0.0,0.43436062316970225
39627794413522722,0.0,1.0,0.0,0.0,-0.0
39627794413522679,0.0,0.18,0.82,0.0,0.34003852286413994
39627782338122163,0.0,0.1,0.9,0.0,0.2344977967946406
39627788348560763,0.0,0.05,0.95,0.0,0.14319847855797813
39627800453317351,0.0,0.99,0.01,0.0,0.04039656794795559
39627776285739677,0.0,0.75,0.25,0.0,0.4056390622295664
39627794413521741,0.0,0.41,0.59,0.0,0.488250234378912
39627800453316990,0.0,0.07,0.93,0.0,0.18296182545011158
39627782308764250,0.0,0.02,0.98,0.0,0.07072027127091034
39627782308764454,0.0,0.02,0.87,0.11,0.31897893516811415
39627800453316820,0.0,0.33,0.67,0.0,0.4574631863898637
39627758170541021,0.0,0.53,0.47,0.0,0.4987007942838698
39627776294127398,0.0,0.12,0.88,0.0,0.2646804326436822
39627770250137358,0.0,0.22,0.78,0.0,0.38008375148098283
39627758153762959,0.0,0.45,0.55,0.0,0.49638722699390414
39627758153763133,0.0,0.21,0.79,0.0,0.37074136996563684
39627800444930584,0.0,0.34,0.66,0.0,0.46240935248651505
39627806463757913,0.0,1.0,0.0,0.0,-0.0
39627788340168163,0.0,0.43,0.57,0.0,0.4929075185894599
39627770254332615,0.0,0.39,0.61,0.0,0.4823997742525436
39627788335974621,0.0,1.0,0.0,0.0,-0.0
39627770237553819,0.0,0.75,0.25,0.0,0.4056390622295664
39627788340168154,0.0,0.04,0.96,0.0,0.12114609454120741
39627806463759266,0.0,0.33,0.67,0.0,0.4574631863898637
39627770254332757,0.0,0.01,0.99,0.0,0.04039656794795559
39627788340168376,0.0,0.12,0.88,0.0,0.2646804326436822
39627794417713476,0.0,0.9,0.1,0.0,0.2344977967946406
39627752139129793,0.0,0.07,0.91,0.02,0.2526241113249394
39627800453316922,0.0,0.12,0.88,0.0,0.2646804326436822
39627788335978232,0.0,0.25,0.75,0.0,0.4056390622295664
39627776298324996,0.0,0.71,0.29,0.0,0.43436062316970225
39627782338122107,0.04,0.96,0.0,0.0,0.12114609454120741
39627806480532571,0.0,0.87,0.13,0.0,0.2787190925139945
39627788335978487,0.0,0.2,0.8,0.0,0.36096404744368116
39627776298324989,0.0,0.73,0.27,0.0,0.42073231810408784
39627806488923938,0.0,1.0,0.0,0.0,-0.0
39627758132794277,0.0,0.01,0.99,0.0,0.04039656794795559
39627776294127272,0.0,0.02,0.98,0.0,0.07072027127091034
39627812511942068,0.01,0.9,0.09,0.0,0.2579475764741046
39627812516136525,0.0,0.59,0.41,0.0,0.488250234378912
39627806484731539,0.0,0.21,0.79,0.0,0.37074136996563684
39627812511942530,0.02,0.97,0.01,0.0,0.11097036642660543
39627806463757165,0.0,0.48,0.52,0.0,0.4994227679976009
39627812511942559,0.0,0.35,0.65,0.0,0.4670340276877455
39627812516138858,0.0,0.99,0.01,0.0,0.04039656794795559
39627806488923665,0.0,0.78,0.22,0.0,0.38008375148098283
39627770237553554,0.0,0.88,0.12,0.0,0.2646804326436822
39627806488923183,0.02,0.98,0.0,0.0,0.07072027127091034
39627812511943812,0.0,0.8,0.2,0.0,0.36096404744368116
39627812511942262,0.0,0.93,0.07,0.0,0.18296182545011158
39627806484729075,0.0,1.0,0.0,0.0,-0.0
39627758170541596,0.0,1.0,0.0,0.0,-0.0
39627770237553681,0.0,0.16,0.84,0.0,0.3171547773202831
39627806484731561,0.0,0.47,0.53,0.0,0.4987007942838698
39627806463757418,0.0,0.07,0.93,0.0,0.18296182545011158
39627782325538765,0.0,0.72,0.28,0.0,0.4277254052800653
39627782338119441,0.0,0.12,0.88,0.0,0.2646804326436822
39627812511943489,0.0,0.87,0.13,0.0,0.2787190925139945
39627806480538299,0.0,0.58,0.42,0.0,0.49072694751682683
39627794384165864,0.0,0.06,0.94,0.0,0.16372245957723813
39627788369529280,0.0,0.58,0.42,0.0,0.49072694751682683
39627788377917967,0.0,0.98,0.02,0.0,0.07072027127091034
39627770237554260,0.0,0.93,0.07,0.0,0.18296182545011158
39627788377918438,0.0,0.65,0.35,0.0,0.4670340276877455
39627746086751675,0.0,0.68,0.32,0.0,0.45219072886224687
39627782338118542,0.0,0.77,0.23,0.0,0.38900565177326885
39627782338118708,0.0,0.92,0.08,0.0,0.2010895951011364
39627770262716570,0.0,0.09,0.91,0.0,0.21823490853205144
39627758153765865,0.0,0.05,0.95,0.0,0.14319847855797813
39627758145373550,0.0,0.54,0.46,0.0,0.49768921941011285
39627806467948987,0.0,0.85,0.15,0.0,0.3049201523582002
39627812511945752,0.0,0.32,0.68,0.0,0.45219072886224687
39627806488924996,0.04,0.96,0.0,0.0,0.12114609454120741
39627800453320091,0.02,0.98,0.0,0.0,0.07072027127091034
39627788377917972,0.01,0.89,0.1,0.0,0.27413031336294724
39627794413520657,0.0,0.17,0.83,0.0,0.32885238937210975
39627776277348684,0.0,0.02,0.98,0.0,0.07072027127091034
39627788369530989,0.0,0.42,0.58,0.0,0.49072694751682683
39627806467948936,0.0,0.06,0.94,0.0,0.16372245957723813
39627782338119009,0.0,0.96,0.04,0.0,0.12114609454120741
39627782338119756,0.0,0.75,0.25,0.0,0.4056390622295664
39627782338122446,0.0,0.13,0.84,0.03,0.3728517581302947
39627782338122289,0.0,0.98,0.02,0.0,0.07072027127091034
39627806488922714,0.0,0.54,0.46,0.0,0.49768921941011285
39627806484728410,0.0,0.97,0.03,0.0,0.0971959289157881
39627806463757145,0.0,0.63,0.37,0.0,0.47533604634353294
39627812511944789,0.0,0.51,0.49,0.0,0.49985572087640495
39627794375771964,0.0,0.99,0.01,0.0,0.04039656794795559
39627812511945022,0.0,1.0,0.0,0.0,-0.0
39627812511945165,0.0,0.89,0.11,0.0,0.249957979082264
39627812511941570,0.0,0.94,0.06,0.0,0.16372245957723813
39627782342312479,0.0,0.76,0.24,0.0,0.39752013969226113
39627776281545725,0.0,0.98,0.02,0.0,0.07072027127091034
39627776285740059,0.0,0.38,0.62,0.0,0.47902101111314976
39627776289932902,0.0,0.19,0.81,0.0,0.3507357299419487
39627758166347554,0.0,0.09,0.91,0.0,0.21823490853205144
39627776252184770,0.0,0.74,0.26,0.0,0.4133731862463089
39627782300372165,0.0,0.08,0.92,0.0,0.2010895951011364
39627770245940705,0.0,0.8,0.2,0.0,0.36096404744368116
39627794388358565,0.0,0.5,0.5,0.0,0.5
39627770245940299,0.0,0.84,0.16,0.0,0.3171547773202831
39627776281544211,0.0,1.0,0.0,0.0,-0.0
39627776281543897,0.0,0.88,0.12,0.0,0.2646804326436822
39627758145373282,0.0,0.44,0.56,0.0,0.4947937606110278
39627758153765995,0.0,0.16,0.84,0.0,0.3171547773202831
39627776252188989,0.0,0.8,0.2,0.0,0.36096404744368116
39627782329731833,0.0,0.36,0.64,0.0,0.4713415946277461
39627752097191566,0.0,0.69,0.31,0.0,0.4465867291889284
39627800453318819,0.0,0.21,0.79,0.0,0.37074136996563684
39627800453318674,0.01,0.97,0.02,0.0,0.11097036642660543
39627806488924646,0.0,0.91,0.09,0.0,0.21823490853205144
39627800453318425,0.0,0.01,0.99,0.0,0.04039656794795559
39627806488925646,0.0,1.0,0.0,0.0,-0.0
39627776285739403,0.0,0.59,0.41,0.0,0.488250234378912
39627776298323949,0.0,0.72,0.28,0.0,0.4277254052800653
39627806463757546,0.0,0.8,0.2,0.0,0.36096404744368116
39627794375770602,0.0,0.77,0.23,0.0,0.38900565177326885
39627770237551614,0.0,0.55,0.45,0.0,0.49638722699390414
39627770250138145,0.0,0.05,0.95,0.0,0.14319847855797813
39627770237551479,0.0,0.24,0.76,0.0,0.39752013969226113
39627812511941901,0.0,1.0,0.0,0.0,-0.0
39627782342312262,0.0,0.91,0.09,0.0,0.21823490853205144
39627782342312316,0.01,0.91,0.08,0.0,0.24088153359695552
39627812511940879,0.0,0.19,0.81,0.0,0.3507357299419487
39627812507751400,0.01,0.99,0.0,0.0,0.04039656794795559
39627812507751729,0.0,0.7,0.3,0.0,0.44064544961534635
39627812507750819,0.0,0.95,0.05,0.0,0.14319847855797813
39627806459564315,0.0,0.83,0.17,0.0,0.32885238937210975
39627812507751299,0.0,0.71,0.29,0.0,0.43436062316970225
39627812516135279,0.0,0.98,0.02,0.0,0.07072027127091034
39627812507750134,0.04,0.96,0.0,0.0,0.12114609454120741
39627806463754602,0.0,0.41,0.59,0.0,0.488250234378912
39627806463754620,0.0,0.04,0.95,0.01,0.16124668093016215
39627812507751290,0.0,0.66,0.34,0.0,0.46240935248651505
39627812507750623,0.08,0.92,0.0,0.0,0.2010895951011364
39627806484727258,0.0,0.47,0.53,0.0,0.4987007942838698
39627806484727456,0.0,0.72,0.28,0.0,0.4277254052800653
39627812511943150,0.0,0.62,0.38,0.0,0.47902101111314976
39627812511942656,0.0,0.97,0.03,0.0,0.0971959289157881
39627812516138244,0.0,0.75,0.25,0.0,0.4056390622295664
39627812507751823,0.0,0.1,0.9,0.0,0.2344977967946406
39627776281544606,0.0,0.96,0.04,0.0,0.12114609454120741
39627812511940826,0.0,0.8,0.2,0.0,0.36096404744368116
39627764197755031,0.0,0.18,0.82,0.0,0.34003852286413994
39627806463754485,0.01,0.88,0.11,0.0,0.28950944366190023
39627806484730744,0.0,0.46,0.54,0.0,0.49768921941011285
39627776281544441,0.0,0.71,0.29,0.0,0.43436062316970225
39627812511946237,0.0,0.32,0.68,0.0,0.45219072886224687
39627800415572177,0.0,0.67,0.33,0.0,0.4574631863898637
39627806488921846,0.0,0.92,0.08,0.0,0.2010895951011364
39627812507749838,0.04,0.95,0.01,0.0,0.16124668093016215
39627806484730348,0.0,0.85,0.15,0.0,0.3049201523582002
39627746082559180,0.0,0.59,0.41,0.0,0.488250234378912
39627782338118659,0.0,0.85,0.15,0.0,0.3049201523582002
39627788331782876,0.0,0.67,0.33,0.0,0.4574631863898637
39627800419762920,0.0,1.0,0.0,0.0,-0.0
39627806493115657,0.0,0.98,0.02,0.0,0.07072027127091034
39627788369530417,0.0,0.78,0.22,0.0,0.38008375148098283
39627788335974142,0.0,0.77,0.23,0.0,0.38900565177326885
39627794413521369,0.0,0.99,0.01,0.0,0.04039656794795559
39627806459560641,0.0,0.7,0.3,0.0,0.44064544961534635
39627794371580518,0.0,0.81,0.19,0.0,0.3507357299419487
39627776277352502,0.0,0.64,0.36,0.0,0.4713415946277461
39627752139132222,0.0,0.89,0.11,0.0,0.249957979082264
39627746095137957,0.0,0.08,0.92,0.0,0.2010895951011364
39627746061587130,0.0,0.8,0.2,0.0,0.36096404744368116
39627746061587192,0.0,0.68,0.32,0.0,0.45219072886224687
39627752105577079,0.0,0.28,0.72,0.0,0.4277254052800653
39627752105576922,0.0,0.97,0.03,0.0,0.0971959289157881
39627752105576807,0.0,0.17,0.83,0.0,0.32885238937210975
39627776268963011,0.0,0.39,0.61,0.0,0.4823997742525436
39627770250138996,0.0,0.31,0.69,0.0,0.4465867291889284
39627782296179149,0.0,0.27,0.73,0.0,0.42073231810408784
39627800419766173,0.0,0.1,0.9,0.0,0.2344977967946406
39627782296179272,0.0,0.15,0.85,0.0,0.3049201523582002
39627752122356931,0.0,0.0,0.89,0.11,0.249957979082264
39627776289931599,0.0,1.0,0.0,0.0,-0.0
39627788352752299,0.0,0.03,0.97,0.0,0.0971959289157881
39627776289931530,0.0,0.57,0.43,0.0,0.4929075185894599
39627740042760898,0.0,0.44,0.56,0.0,0.4947937606110278
39627764218729662,0.0,0.1,0.9,0.0,0.2344977967946406
39627746082558942,0.0,0.15,0.85,0.0,0.3049201523582002
39627794392550160,0.0,0.28,0.72,0.0,0.4277254052800653
39627800423958128,0.0,0.39,0.61,0.0,0.4823997742525436
39627782296179691,0.0,0.49,0.51,0.0,0.49985572087640495
39627752105576595,0.0,0.53,0.47,0.0,0.4987007942838698
39627752105576562,0.0,0.24,0.76,0.0,0.39752013969226113
39627752105576429,0.0,0.9,0.1,0.0,0.2344977967946406
39627752134939203,0.0,0.02,0.98,0.0,0.07072027127091034
39627794384164915,0.0,0.27,0.73,0.0,0.42073231810408784
39627794417714316,0.04,0.96,0.0,0.0,0.12114609454120741
39627776298321198,0.0,0.54,0.46,0.0,0.49768921941011285
39627770224969602,0.0,0.99,0.01,0.0,0.04039656794795559
39627770254328013,0.0,0.8,0.2,0.0,0.36096404744368116
39627794388359532,0.0,0.2,0.8,0.0,0.36096404744368116
39627806467950607,0.0,0.54,0.46,0.0,0.49768921941011285
39627794417713815,0.0,0.77,0.23,0.0,0.38900565177326885
39627794413520607,0.0,0.01,0.97,0.02,0.11097036642660543
39627764222921300,0.01,0.94,0.05,0.0,0.1832231322266888
39627770262719494,0.0,0.84,0.16,0.0,0.3171547773202831
39627794384165301,0.0,0.05,0.94,0.01,0.1832231322266888
39627776273156634,0.0,0.03,0.97,0.0,0.0971959289157881
39627776285740738,0.0,0.57,0.43,0.0,0.4929075185894599
39627776285738333,0.0,0.15,0.85,0.0,0.3049201523582002
39627794375776146,0.0,0.47,0.53,0.0,0.4987007942838698
39627782317147359,0.01,0.81,0.18,0.0,0.3789955935892812
39627782317147348,0.0,0.41,0.59,0.0,0.488250234378912
39627740051147327,0.0,0.65,0.35,0.0,0.4670340276877455
39627758178931746,0.0,0.82,0.18,0.0,0.34003852286413994
39627758178931126,0.0,0.99,0.01,0.0,0.04039656794795559
39627746086751397,0.0,0.47,0.53,0.0,0.4987007942838698
39627782333929545,0.0,0.22,0.78,0.0,0.38008375148098283
39627782333929090,0.0,0.9,0.1,0.0,0.2344977967946406
39627740046952232,0.0,0.54,0.46,0.0,0.49768921941011285
39627746082559201,0.0,0.52,0.48,0.0,0.4994227679976009
39627782338118113,0.0,0.0,0.35,0.65,0.4670340276877455
39627740030173245,0.0,0.29,0.71,0.0,0.43436062316970225
39627794417714740,0.0,0.92,0.08,0.0,0.2010895951011364
39627782338122447,0.0,0.46,0.54,0.0,0.49768921941011285
39627794417714635,0.0,0.96,0.04,0.0,0.12114609454120741
39627770245943164,0.0,0.99,0.01,0.0,0.04039656794795559
39627758183121548,0.03,0.93,0.04,0.0,0.2174448102113104
39627758178931876,0.0,0.45,0.55,0.0,0.49638722699390414
39627758178931778,0.0,0.22,0.78,0.0,0.38008375148098283
39627776298325122,0.0,0.31,0.69,0.0,0.4465867291889284
39627752097187668,0.0,0.21,0.79,0.0,0.37074136996563684
39627782325539390,0.0,0.86,0.14,0.0,0.292119405821428
39627758183121411,0.0,0.91,0.09,0.0,0.21823490853205144
39627758183121410,0.0,0.53,0.47,0.0,0.4987007942838698
39627776298320215,0.0,0.43,0.57,0.0,0.4929075185894599
39627770254328040,0.0,0.17,0.83,0.0,0.32885238937210975
39627776294126960,0.0,0.18,0.82,0.0,0.34003852286413994
39627776289931333,0.0,0.02,0.98,0.0,0.07072027127091034
39627776289931744,0.0,0.48,0.52,0.0,0.4994227679976009
39627764172589089,0.0,0.8,0.2,0.0,0.36096404744368116
39627794392550293,0.0,0.95,0.05,0.0,0.14319847855797813
39627764172589050,0.0,0.93,0.07,0.0,0.18296182545011158
39627794392550556,0.0,0.6,0.4,0.0,0.4854752972273343
39627752101384795,0.0,0.11,0.89,0.0,0.249957979082264
39627806467950850,0.0,0.91,0.09,0.0,0.21823490853205144
39627806467951102,0.0,0.13,0.86,0.01,0.31810566868628926
39627806467951193,0.0,0.88,0.12,0.0,0.2646804326436822
39627806467950866,0.0,0.69,0.31,0.0,0.4465867291889284
39627752101384332,0.0,0.09,0.91,0.0,0.21823490853205144
39627794371581920,0.0,0.38,0.62,0.0,0.47902101111314976
39627788340166853,0.0,0.4,0.6,0.0,0.4854752972273343
39627776277351699,0.0,0.23,0.77,0.0,0.38900565177326885
39627788344364524,0.0,0.01,0.95,0.04,0.16124668093016215
39627794396747294,0.0,0.05,0.95,0.0,0.14319847855797813
39627782333928538,0.0,0.31,0.69,0.0,0.4465867291889284
39627776273156184,0.0,0.82,0.18,0.0,0.34003852286413994
39627794417713488,0.0,0.38,0.62,0.0,0.47902101111314976
39627794392550711,0.0,0.43,0.57,0.0,0.4929075185894599
39627776281544114,0.0,0.73,0.27,0.0,0.42073231810408784
39627776281544207,0.0,0.79,0.21,0.0,0.37074136996563684
39627794379970961,0.0,0.9,0.1,0.0,0.2344977967946406
39627794375771133,0.0,0.42,0.58,0.0,0.49072694751682683
39627806467951505,0.0,0.97,0.03,0.0,0.0971959289157881
39627776252183566,0.0,0.54,0.46,0.0,0.49768921941011285
39627794371581721,0.01,0.92,0.07,0.0,0.22283217282912027
39627782291981581,0.0,0.95,0.05,0.0,0.14319847855797813
39627776298324969,0.0,0.95,0.05,0.0,0.14319847855797813
39627776302514686,0.0,0.36,0.64,0.0,0.4713415946277461
39627812516135730,0.0,0.93,0.07,0.0,0.18296182545011158
39627776302518143,0.0,0.99,0.01,0.0,0.04039656794795559
39627800453320975,0.0,0.9,0.1,0.0,0.2344977967946406
39627788382111755,0.0,0.83,0.17,0.0,0.32885238937210975
39627806488925616,0.0,0.99,0.01,0.0,0.04039656794795559
39627812511943620,0.0,0.02,0.98,0.0,0.07072027127091034
39627812520330497,0.0,0.98,0.02,0.0,0.07072027127091034
39627776302517474,0.0,0.92,0.08,0.0,0.2010895951011364
39627776302516735,0.0,0.98,0.02,0.0,0.07072027127091034
39627776302517026,0.0,0.8,0.2,0.0,0.36096404744368116
39627794417718069,0.0,0.94,0.06,0.0,0.16372245957723813
39627806493117598,0.0,0.99,0.01,0.0,0.04039656794795559
39627800453320844,0.02,0.98,0.0,0.0,0.07072027127091034
39627800453318191,0.03,0.97,0.0,0.0,0.0971959289157881
39627740030173960,0.0,0.47,0.53,0.0,0.4987007942838698
39627764222919540,0.0,0.81,0.19,0.0,0.3507357299419487
39627806467949884,0.0,0.56,0.44,0.0,0.4947937606110278
39627806459564317,0.0,0.9,0.1,0.0,0.2344977967946406
39627806459564116,0.0,0.0,0.92,0.08,0.2010895951011364
39627800453320666,0.0,1.0,0.0,0.0,-0.0
39627776302515591,0.0,0.72,0.28,0.0,0.4277254052800653
39627800453320564,0.0,0.52,0.48,0.0,0.4994227679976009
39627806463759548,0.0,0.62,0.38,0.0,0.47902101111314976
39627812520333890,0.0,0.9,0.1,0.0,0.2344977967946406
39627806463759514,0.0,0.06,0.93,0.01,0.20367037270049304
39627770262719528,0.0,0.28,0.72,0.0,0.4277254052800653
39627770262719338,0.0,1.0,0.0,0.0,-0.0
39627806493115947,0.0,0.85,0.15,0.0,0.3049201523582002
39627812516135626,0.0,0.64,0.36,0.0,0.4713415946277461
39627758170541045,0.0,0.89,0.11,0.0,0.249957979082264
39627812516136742,0.0,0.6,0.4,0.0,0.4854752972273343
39627764222920091,0.07,0.93,0.0,0.0,0.18296182545011158
39627764222920057,0.0,0.56,0.44,0.0,0.4947937606110278
39627806480535186,0.0,0.87,0.13,0.0,0.2787190925139945
39627776298323536,0.01,0.89,0.1,0.0,0.27413031336294724
39627752139129841,0.0,0.93,0.07,0.0,0.18296182545011158
39627764222919724,0.0,0.64,0.36,0.0,0.4713415946277461
39627752139130141,0.0,0.93,0.07,0.0,0.18296182545011158
39627806484729004,0.0,0.26,0.74,0.0,0.4133731862463089
39627812511943336,0.0,1.0,0.0,0.0,-0.0
39627812511944671,0.0,0.84,0.16,0.0,0.3171547773202831
39627812516139309,0.0,0.0,0.99,0.01,0.04039656794795559
39627812511945213,0.0,0.37,0.63,0.0,0.47533604634353294
39627752139130170,0.0,0.38,0.62,0.0,0.47902101111314976
39627806463757942,0.0,0.58,0.42,0.0,0.49072694751682683
39627752134939659,0.0,0.94,0.06,0.0,0.16372245957723813
39627776298323103,0.0,0.76,0.24,0.0,0.39752013969226113
39627794417713733,0.0,0.97,0.03,0.0,0.0971959289157881
39627800453320846,0.01,0.96,0.03,0.0,0.13737165703039006
39627782342314718,0.2,0.8,0.0,0.0,0.36096404744368116
39627788382111101,0.0,0.12,0.88,0.0,0.2646804326436822
39627794421908468,0.0,1.0,0.0,0.0,-0.0
39627800428152459,0.0,0.67,0.33,0.0,0.4574631863898637
39627800428152571,0.0,0.72,0.28,0.0,0.4277254052800653
39627812516136095,0.02,0.95,0.03,0.0,0.1674722434193448
39627752134940005,0.01,0.91,0.08,0.0,0.24088153359695552
39627752139129046,0.0,0.58,0.42,0.0,0.49072694751682683
39627752139129090,0.0,0.89,0.11,0.0,0.249957979082264
39627782342313975,0.0,0.35,0.65,0.0,0.4670340276877455
39627782342313973,0.0,0.1,0.9,0.0,0.2344977967946406
39627764222922060,0.01,0.77,0.22,0.0,0.41867779866972266
39627764222922160,0.0,0.8,0.2,0.0,0.36096404744368116
39627764222922152,0.0,0.92,0.08,0.0,0.2010895951011364
39627812516136022,0.0,0.99,0.01,0.0,0.04039656794795559
39627812516136331,0.0,0.66,0.34,0.0,0.46240935248651505
39627782317148950,0.0,0.73,0.27,0.0,0.42073231810408784
39627794417714053,0.0,0.0,0.95,0.05,0.14319847855797813
39627812516138121,0.0,0.99,0.01,0.0,0.04039656794795559
39627794417715553,0.0,0.99,0.01,0.0,0.04039656794795559
39627776281545609,0.0,0.84,0.16,0.0,0.3171547773202831
39627788335972623,0.0,0.95,0.05,0.0,0.14319847855797813
39627788335972906,0.0,0.95,0.05,0.0,0.14319847855797813
39627740025982254,0.0,0.04,0.95,0.01,0.16124668093016215
39627776302515155,0.0,0.89,0.11,0.0,0.249957979082264
39627800453321041,0.0,0.54,0.46,0.0,0.49768921941011285
39627812516136294,0.0,0.82,0.18,0.0,0.34003852286413994
39627770237553135,0.0,0.82,0.18,0.0,0.34003852286413994
39627782342313025,0.0,0.17,0.83,0.0,0.32885238937210975
39627782342312903,0.01,0.96,0.03,0.0,0.13737165703039006
39627776273158860,0.0,0.37,0.63,0.0,0.47533604634353294
39627812516138482,0.0,0.81,0.19,0.0,0.3507357299419487
39627812516138841,0.0,0.99,0.01,0.0,0.04039656794795559
39627812516138640,0.0,0.53,0.47,0.0,0.4987007942838698
39627812511942537,0.0,0.35,0.65,0.0,0.4670340276877455
39627776281542770,0.0,0.79,0.21,0.0,0.37074136996563684
39627740030173463,0.0,0.24,0.76,0.0,0.39752013969226113
39627806488923411,0.0,0.94,0.06,0.0,0.16372245957723813
39627812507749961,0.0,0.84,0.16,0.0,0.3171547773202831
39627812511944077,0.0,0.7,0.3,0.0,0.44064544961534635
39627812511944298,0.0,1.0,0.0,0.0,-0.0
39627812511943662,0.0,0.76,0.24,0.0,0.39752013969226113
39627776298323023,0.0,0.16,0.84,0.0,0.3171547773202831
39627812520333216,0.0,0.79,0.21,0.0,0.37074136996563684
39627788382111781,0.0,1.0,0.0,0.0,-0.0
39627782342315033,0.1,0.9,0.0,0.0,0.2344977967946406
39627812516135130,0.03,0.97,0.0,0.0,0.0971959289157881
39627806463758623,0.0,0.92,0.08,0.0,0.2010895951011364
39627788331778848,0.0,0.09,0.91,0.0,0.21823490853205144
39627764189366219,0.0,0.33,0.67,0.0,0.4574631863898637
39627800449126996,0.0,1.0,0.0,0.0,-0.0
39627800428155001,0.0,0.01,0.99,0.0,0.04039656794795559
39627782308759898,0.0,0.08,0.92,0.0,0.2010895951011364
39627800428154842,0.0,0.72,0.28,0.0,0.4277254052800653
39627776264767520,0.0,0.22,0.78,0.0,0.38008375148098283
39627770258525590,0.0,0.88,0.12,0.0,0.2646804326436822
39627752105579825,0.0,0.85,0.15,0.0,0.3049201523582002
39627746090946978,0.0,0.8,0.2,0.0,0.36096404744368116
39627752101382640,0.0,0.76,0.24,0.0,0.39752013969226113
39627746090946066,0.0,0.71,0.29,0.0,0.43436062316970225
39627752122354635,0.0,0.5,0.5,0.0,0.5
39627746090946007,0.0,0.12,0.88,0.0,0.2646804326436822
39627752122354560,0.0,0.85,0.15,0.0,0.3049201523582002
39627752122354459,0.0,0.93,0.07,0.0,0.18296182545011158
39627758162150845,0.0,0.74,0.26,0.0,0.4133731862463089
39627746086752425,0.0,0.05,0.95,0.0,0.14319847855797813
39627758166346707,0.0,0.45,0.55,0.0,0.49638722699390414
39627800423961349,0.0,0.0,0.99,0.01,0.04039656794795559
39627740042757996,0.0,0.3,0.7,0.0,0.44064544961534635
39627752126547789,0.0,0.18,0.82,0.0,0.34003852286413994
39627800444931550,0.0,0.07,0.93,0.0,0.18296182545011158
39627746074171324,0.0,0.44,0.56,0.0,0.4947937606110278
39627752134936476,0.0,1.0,0.0,0.0,-0.0
39627746078359682,0.0,0.61,0.39,0.0,0.4823997742525436
39627752134936820,0.0,0.13,0.87,0.0,0.2787190925139945
39627776268961865,0.0,0.18,0.82,0.0,0.34003852286413994
39627752101382802,0.0,0.01,0.95,0.04,0.16124668093016215
39627752134936491,0.0,0.99,0.01,0.0,0.04039656794795559
39627752134936947,0.0,0.51,0.49,0.0,0.49985572087640495
39627758145374298,0.0,0.56,0.44,0.0,0.4947937606110278
39627758145372903,0.0,0.12,0.88,0.0,0.2646804326436822
39627776252187212,0.0,0.08,0.92,0.0,0.2010895951011364
39627764197752880,0.0,0.19,0.81,0.0,0.3507357299419487
39627764193563938,0.0,0.0,1.0,0.0,-0.0
39627776252187234,0.0,0.46,0.54,0.0,0.49768921941011285
39627776256378846,0.0,0.77,0.23,0.0,0.38900565177326885
39627776256379123,0.0,0.98,0.02,0.0,0.07072027127091034
39627776256379439,0.0,0.2,0.8,0.0,0.36096404744368116
39627740034369547,0.0,0.54,0.46,0.0,0.49768921941011285
39627788348560281,0.0,0.29,0.71,0.0,0.43436062316970225
39627782317146371,0.0,1.0,0.0,0.0,-0.0
39627806463755377,0.0,0.88,0.12,0.0,0.2646804326436822
39627782325535869,0.0,0.93,0.07,0.0,0.18296182545011158
39627782300370141,0.0,0.08,0.92,0.0,0.2010895951011364
39627782325536451,0.0,0.18,0.82,0.0,0.34003852286413994
39627788369532204,0.0,1.0,0.0,0.0,-0.0
39627806463755195,0.0,0.7,0.3,0.0,0.44064544961534635
39627788369532376,0.11,0.89,0.0,0.0,0.249957979082264
39627788373726554,0.0,0.44,0.56,0.0,0.4947937606110278
39627746069971348,0.0,0.69,0.31,0.0,0.4465867291889284
39627770254331718,0.0,0.21,0.79,0.0,0.37074136996563684
39627782325536650,0.0,0.31,0.69,0.0,0.4465867291889284
39627776256378642,0.0,0.97,0.03,0.0,0.0971959289157881
39627770254332674,0.0,0.21,0.79,0.0,0.37074136996563684
39627776256378763,0.0,0.98,0.02,0.0,0.07072027127091034
39627776256378850,0.0,0.05,0.95,0.0,0.14319847855797813
39627776256379091,0.0,0.98,0.02,0.0,0.07072027127091034
39627806467953885,0.0,0.3,0.7,0.0,0.44064544961534635
39627776256377969,0.0,0.21,0.79,0.0,0.37074136996563684
39627758145372652,0.0,0.16,0.84,0.0,0.3171547773202831
39627746074169025,0.01,0.95,0.04,0.0,0.16124668093016215
39627788365334690,0.0,1.0,0.0,0.0,-0.0
39627746074168887,0.0,0.24,0.76,0.0,0.39752013969226113
39627746074168853,0.0,0.49,0.51,0.0,0.49985572087640495
39627776252187012,0.0,0.28,0.72,0.0,0.4277254052800653
39627746074168826,0.0,0.57,0.43,0.0,0.4929075185894599
39627770258523676,0.0,0.0,0.96,0.04,0.12114609454120741
39627746069975491,0.0,0.49,0.51,0.0,0.49985572087640495
39627794396743664,0.0,0.95,0.05,0.0,0.14319847855797813
39627794396743545,0.0,0.38,0.62,0.0,0.47902101111314976
39627770258524308,0.0,0.01,0.99,0.0,0.04039656794795559
39627752130744141,0.0,0.06,0.94,0.0,0.16372245957723813
39627776252187248,0.0,0.19,0.81,0.0,0.3507357299419487
39627776256377785,0.0,0.0,0.97,0.03,0.0971959289157881
39627776260573910,0.0,0.13,0.87,0.0,0.2787190925139945
39627776260574064,0.0,0.01,0.99,0.0,0.04039656794795559
39627770245942380,0.0,1.0,0.0,0.0,-0.0
39627770220777071,0.0,0.01,0.99,0.0,0.04039656794795559
39627782325537285,0.0,0.94,0.06,0.0,0.16372245957723813
39627770220776832,0.0,0.01,0.98,0.01,0.08072027127091033
39627788344365913,0.0,0.23,0.77,0.0,0.38900565177326885
39627758149570914,0.0,0.21,0.79,0.0,0.37074136996563684
39627782296176634,0.0,0.58,0.42,0.0,0.49072694751682683
39627770216581976,0.0,0.0,0.94,0.06,0.16372245957723813
39627776298321255,0.0,0.55,0.45,0.0,0.49638722699390414
39627788344368020,0.08,0.92,0.0,0.0,0.2010895951011364
39627764172590786,0.11,0.89,0.0,0.0,0.249957979082264
39627800419766925,0.0,1.0,0.0,0.0,-0.0
39627776294129871,0.0,0.0,1.0,0.0,-0.0
39627764172591252,0.0,0.0,0.98,0.02,0.07072027127091034
39627776294129683,0.0,0.0,0.92,0.08,0.2010895951011364
39627788365334840,0.0,0.85,0.15,0.0,0.3049201523582002
39627770220777613,0.0,0.68,0.32,0.0,0.45219072886224687
39627770220777817,0.0,0.12,0.88,0.0,0.2646804326436822
39627746069971109,0.0,0.57,0.43,0.0,0.4929075185894599
39627776264766670,0.0,0.54,0.46,0.0,0.49768921941011285
39627746065781208,0.0,0.55,0.45,0.0,0.49638722699390414
39627746065779596,0.0,0.42,0.58,0.0,0.49072694751682683
39627758136985046,0.0,0.25,0.75,0.0,0.4056390622295664
39627782296176371,0.0,0.13,0.87,0.0,0.2787190925139945
39627746065777511,0.0,0.61,0.39,0.0,0.4823997742525436
39627746065777493,0.0,0.53,0.47,0.0,0.4987007942838698
39627770229166913,0.0,0.04,0.96,0.0,0.12114609454120741
39627770229166847,0.0,0.81,0.19,0.0,0.3507357299419487
39627776264769975,0.0,0.01,0.99,0.0,0.04039656794795559
39627776264770296,0.0,0.84,0.16,0.0,0.3171547773202831
39627740038567179,0.0,0.0,1.0,0.0,-0.0
39627758145372830,0.01,0.92,0.07,0.0,0.22283217282912027
39627752109769041,0.0,0.24,0.76,0.0,0.39752013969226113
39627758145372961,0.0,0.87,0.13,0.0,0.2787190925139945
39627752122352052,0.0,0.35,0.65,0.0,0.4670340276877455
39627794413518901,0.0,0.82,0.18,0.0,0.34003852286413994
39627758157959724,0.0,0.43,0.57,0.0,0.4929075185894599
39627758157960238,0.0,0.11,0.89,0.0,0.249957979082264
39627752122352143,0.0,0.37,0.63,0.0,0.47533604634353294
39627794409328289,0.0,0.07,0.93,0.0,0.18296182545011158
39627752122352177,0.0,0.28,0.71,0.01,0.46573817837513565
39627752118157657,0.0,0.23,0.77,0.0,0.38900565177326885
39627752122352180,0.0,0.61,0.39,0.0,0.4823997742525436
39627758157960737,0.0,0.04,0.91,0.05,0.2628333312247715
39627758162149705,0.0,0.15,0.85,0.0,0.3049201523582002
39627758162149804,0.0,0.92,0.08,0.0,0.2010895951011364
39627758162149928,0.0,0.18,0.82,0.0,0.34003852286413994
39627758157957102,0.0,0.22,0.78,0.0,0.38008375148098283
39627752118157427,0.0,0.53,0.47,0.0,0.4987007942838698
39627752113968841,0.0,0.32,0.68,0.0,0.45219072886224687
39627752113968975,0.0,0.4,0.6,0.0,0.4854752972273343
39627752113969133,0.0,0.84,0.16,0.0,0.3171547773202831
39627752113969175,0.0,0.08,0.92,0.0,0.2010895951011364
39627758149570988,0.0,0.25,0.75,0.0,0.4056390622295664
39627758149571032,0.0,0.1,0.9,0.0,0.2344977967946406
39627794413520135,0.0,0.06,0.94,0.0,0.16372245957723813
39627758149571341,0.0,0.98,0.02,0.0,0.07072027127091034
39627752113968815,0.0,0.72,0.28,0.0,0.4277254052800653
39627758153762751,0.0,0.97,0.03,0.0,0.0971959289157881
39627758157956695,0.0,0.39,0.61,0.0,0.4823997742525436
39627752118157398,0.0,0.02,0.98,0.0,0.07072027127091034
39627752113969390,0.0,0.26,0.74,0.0,0.4133731862463089
39627758162152153,0.0,0.62,0.38,0.0,0.47902101111314976
39627752113966695,0.0,0.41,0.59,0.0,0.488250234378912
39627782291984729,0.0,0.0,0.84,0.16,0.3171547773202831
39627752130740324,0.0,0.17,0.83,0.0,0.32885238937210975
39627782291985077,0.0,0.89,0.11,0.0,0.249957979082264
39627788344362006,0.0,0.61,0.39,0.0,0.4823997742525436
39627794400936295,0.0,0.59,0.41,0.0,0.488250234378912
39627788344362468,0.0,0.94,0.06,0.0,0.16372245957723813
39627788335977066,0.0,0.61,0.39,0.0,0.4823997742525436
39627758145374554,0.0,0.86,0.14,0.0,0.292119405821428
39627752109770180,0.0,0.89,0.11,0.0,0.249957979082264
39627788335976859,0.0,0.84,0.16,0.0,0.3171547773202831
39627776294129641,0.0,0.07,0.93,0.0,0.18296182545011158
39627752113964914,0.0,0.33,0.67,0.0,0.4574631863898637
39627752113967063,0.0,0.08,0.92,0.0,0.2010895951011364
39627794400937995,0.0,1.0,0.0,0.0,-0.0
39627758162152369,0.0,0.22,0.78,0.0,0.38008375148098283
39627758166346168,0.0,0.15,0.85,0.0,0.3049201523582002
39627782321343981,0.0,0.43,0.57,0.0,0.4929075185894599
39627782321344001,0.0,0.07,0.93,0.0,0.18296182545011158
39627752113968705,0.0,0.25,0.75,0.0,0.4056390622295664
39627752122356500,0.0,0.01,0.99,0.0,0.04039656794795559
39627758166349203,0.0,0.23,0.77,0.0,0.38900565177326885
39627758149567772,0.0,0.25,0.75,0.0,0.4056390622295664
39627752113968472,0.0,0.64,0.36,0.0,0.4713415946277461
39627794400940027,0.0,0.34,0.66,0.0,0.46240935248651505
39627794400939277,0.0,0.29,0.71,0.0,0.43436062316970225
39627794400938834,0.0,0.08,0.92,0.0,0.2010895951011364
39627794400938549,0.0,0.93,0.07,0.0,0.18296182545011158
39627746074170069,0.0,0.95,0.05,0.0,0.14319847855797813
39627776294128522,0.0,0.78,0.22,0.0,0.38008375148098283
39627782325540666,0.0,0.68,0.32,0.0,0.45219072886224687
39627800444931049,0.0,0.0,0.96,0.04,0.12114609454120741
39627788361143651,0.0,0.34,0.66,0.0,0.46240935248651505
39627800444931446,0.0,0.0,0.89,0.11,0.249957979082264
39627800444931504,0.0,0.88,0.12,0.0,0.2646804326436822
39627764193558937,0.0,1.0,0.0,0.0,-0.0
39627800444933269,0.0,0.0,0.94,0.06,0.16372245957723813
39627800444933302,0.0,0.39,0.61,0.0,0.4823997742525436
39627764193558943,0.0,0.06,0.94,0.0,0.16372245957723813
39627782300372253,0.0,0.25,0.75,0.0,0.4056390622295664
39627800449124061,0.0,0.04,0.96,0.0,0.12114609454120741
39627782300372134,0.0,0.82,0.18,0.0,0.34003852286413994
39627782300371233,0.0,0.69,0.31,0.0,0.4465867291889284
39627764189366013,0.0,0.63,0.37,0.0,0.47533604634353294
39627800432347947,0.0,0.55,0.45,0.0,0.49638722699390414
39627794379965493,0.0,0.85,0.15,0.0,0.3049201523582002
39627800432348478,0.0,0.69,0.31,0.0,0.4465867291889284
39627788365332654,0.0,0.47,0.53,0.0,0.4987007942838698
39627794375775632,0.0,0.88,0.12,0.0,0.2646804326436822
39627788365332574,0.0,0.44,0.56,0.0,0.4947937606110278
39627764185171455,0.0,0.38,0.62,0.0,0.47902101111314976
39627764189365340,0.0,0.73,0.27,0.0,0.42073231810408784
39627764189365397,0.0,1.0,0.0,0.0,-0.0
39627764189365736,0.0,0.23,0.77,0.0,0.38900565177326885
39627782304564534,0.0,0.18,0.82,0.0,0.34003852286413994
39627764180979838,0.0,0.09,0.91,0.0,0.21823490853205144
39627782304568194,0.0,0.69,0.31,0.0,0.4465867291889284
39627764201950684,0.0,0.85,0.15,0.0,0.3049201523582002
39627764201950724,0.0,0.3,0.7,0.0,0.44064544961534635
39627764206147095,0.0,0.27,0.73,0.0,0.42073231810408784
39627752101383632,0.0,0.4,0.6,0.0,0.4854752972273343
39627752101383334,0.0,0.83,0.17,0.0,0.32885238937210975
39627782312953112,0.0,0.0,0.94,0.06,0.16372245957723813
39627764206146421,0.0,0.33,0.67,0.0,0.4574631863898637
39627764206143845,0.0,0.27,0.73,0.0,0.42073231810408784
39627764206143511,0.0,0.86,0.14,0.0,0.292119405821428
39627764206143402,0.0,0.79,0.21,0.0,0.37074136996563684
39627764206143358,0.0,0.42,0.58,0.0,0.49072694751682683
39627782312954849,0.0,0.76,0.24,0.0,0.39752013969226113
39627782312955091,0.0,0.34,0.66,0.0,0.46240935248651505
39627782308762970,0.0,0.93,0.07,0.0,0.18296182545011158
39627764210340802,0.0,0.91,0.09,0.0,0.21823490853205144
39627764193563581,0.0,0.97,0.03,0.0,0.0971959289157881
39627764218726912,0.0,0.38,0.62,0.0,0.47902101111314976
39627764218725685,0.0,0.0,0.99,0.01,0.04039656794795559
39627764218725047,0.0,0.87,0.13,0.0,0.2787190925139945
39627764197754710,0.0,0.59,0.41,0.0,0.488250234378912
39627764214535763,0.0,0.03,0.97,0.0,0.0971959289157881
39627764214533372,0.0,0.59,0.41,0.0,0.488250234378912
39627806472146554,0.0,0.46,0.54,0.0,0.49768921941011285
39627764201948900,0.0,0.81,0.19,0.0,0.3507357299419487
39627782308762076,0.0,0.16,0.83,0.01,0.3562867308783886
39627764201949045,0.0,0.52,0.48,0.0,0.4994227679976009
39627782300370847,0.0,0.01,0.99,0.0,0.04039656794795559
39627782300371156,0.0,0.02,0.98,0.0,0.07072027127091034
39627746078360957,0.01,0.99,0.0,0.0,0.04039656794795559
39627746078360785,0.0,0.03,0.97,0.0,0.0971959289157881
39627776268966447,0.0,0.09,0.91,0.0,0.21823490853205144
39627746078360201,0.0,0.04,0.96,0.0,0.12114609454120741
39627800423961541,0.0,0.48,0.52,0.0,0.4994227679976009
39627800423961769,0.0,0.65,0.35,0.0,0.4670340276877455
39627740038563952,0.0,0.96,0.04,0.0,0.12114609454120741
39627776268962146,0.0,0.64,0.36,0.0,0.4713415946277461
39627764176785412,0.0,0.06,0.94,0.0,0.16372245957723813
39627740038563804,0.0,0.39,0.61,0.0,0.4823997742525436
39627794379970834,0.0,0.51,0.49,0.0,0.49985572087640495
39627740038562241,0.0,0.91,0.09,0.0,0.21823490853205144
39627776268966476,0.0,0.91,0.09,0.0,0.21823490853205144
39627800423962149,0.0,0.33,0.67,0.0,0.4574631863898637
39627746082554369,0.0,0.53,0.47,0.0,0.4987007942838698
39627764176785361,0.0,0.04,0.96,0.0,0.12114609454120741
39627764176785297,0.0,0.94,0.06,0.0,0.16372245957723813
39627746074171245,0.0,0.26,0.74,0.0,0.4133731862463089
39627764176785228,0.0,0.0,0.94,0.06,0.16372245957723813
39627758141182730,0.0,0.55,0.45,0.0,0.49638722699390414
39627788335974108,0.0,0.65,0.35,0.0,0.4670340276877455
39627764180979201,0.0,0.94,0.06,0.0,0.16372245957723813
39627794384161423,0.0,0.95,0.05,0.0,0.14319847855797813
39627740034371545,0.0,0.36,0.64,0.0,0.4713415946277461
39627776273154317,0.0,0.06,0.94,0.0,0.16372245957723813
39627782300369874,0.0,0.19,0.81,0.0,0.3507357299419487
39627782325537355,0.0,0.74,0.26,0.0,0.4133731862463089
39627746078364090,0.0,0.41,0.59,0.0,0.488250234378912
39627764176782880,0.0,0.95,0.05,0.0,0.14319847855797813
39627794384161485,0.0,0.74,0.26,0.0,0.4133731862463089
39627800428155392,0.0,0.79,0.21,0.0,0.37074136996563684
39627788373721546,0.0,0.33,0.67,0.0,0.4574631863898637
39627764176782809,0.0,0.56,0.44,0.0,0.4947937606110278
39627788348555479,0.0,0.01,0.99,0.0,0.04039656794795559
39627758162150196,0.0,0.12,0.88,0.0,0.2646804326436822
39627758162150266,0.0,1.0,0.0,0.0,-0.0
39627782325537601,0.0,0.01,0.99,0.0,0.04039656794795559
39627758162149897,0.0,0.16,0.84,0.0,0.3171547773202831
39627764218725333,0.0,0.05,0.95,0.0,0.14319847855797813
39627758157961118,0.0,0.15,0.85,0.0,0.3049201523582002
39627764210335806,0.0,0.62,0.38,0.0,0.47902101111314976
39627782296178166,0.0,0.63,0.37,0.0,0.47533604634353294
39627764206147044,0.0,0.17,0.83,0.0,0.32885238937210975
39627788361141345,0.0,0.58,0.42,0.0,0.49072694751682683
39627788361141239,0.0,0.29,0.71,0.0,0.43436062316970225
39627740038564765,0.0,0.63,0.37,0.0,0.47533604634353294
39627764206146607,0.0,0.44,0.56,0.0,0.4947937606110278
39627746090944698,0.0,0.68,0.32,0.0,0.45219072886224687
39627794379971932,0.0,0.27,0.73,0.0,0.42073231810408784
39627776298321550,0.0,0.3,0.7,0.0,0.44064544961534635
39627782296178297,0.0,0.94,0.06,0.0,0.16372245957723813
39627776298321607,0.0,0.87,0.13,0.0,0.2787190925139945
39627788361139891,0.0,0.45,0.55,0.0,0.49638722699390414
39627776298321787,0.0,0.0,1.0,0.0,-0.0
39627740038564380,0.0,0.32,0.68,0.0,0.45219072886224687
39627794409329213,0.0,0.99,0.01,0.0,0.04039656794795559
39627782308760149,0.0,0.44,0.56,0.0,0.4947937606110278
39627800444928390,0.0,0.48,0.52,0.0,0.4994227679976009
39627800444928112,0.0,0.0,0.85,0.15,0.3049201523582002
39627788344363041,0.0,0.17,0.83,0.0,0.32885238937210975
39627770250133681,0.0,0.05,0.95,0.0,0.14319847855797813
39627752105576900,0.0,0.57,0.43,0.0,0.4929075185894599
39627788335973926,0.0,0.02,0.98,0.0,0.07072027127091034
39627770254331015,0.0,0.77,0.23,0.0,0.38900565177326885
39627770254331039,0.0,0.64,0.36,0.0,0.4713415946277461
39627770254331125,0.0,0.81,0.19,0.0,0.3507357299419487
39627770258524220,0.0,0.03,0.97,0.0,0.0971959289157881
39627770258524205,0.0,0.21,0.79,0.0,0.37074136996563684
39627770258524173,0.0,0.62,0.38,0.0,0.47902101111314976
39627770258524062,0.0,0.75,0.25,0.0,0.4056390622295664
39627770258524001,0.0,0.22,0.78,0.0,0.38008375148098283
39627776256377695,0.0,0.93,0.07,0.0,0.18296182545011158
39627770258523727,0.0,0.04,0.96,0.0,0.12114609454120741
39627764197753235,0.0,0.53,0.47,0.0,0.4987007942838698
39627764180977711,0.0,0.02,0.97,0.01,0.11097036642660543
39627782296178869,0.0,0.76,0.24,0.0,0.39752013969226113
39627794400941681,0.0,0.0,0.87,0.13,0.2787190925139945
39627794400939352,0.0,0.92,0.08,0.0,0.2010895951011364
39627764189369904,0.0,0.29,0.71,0.0,0.43436062316970225
39627794400937564,0.0,0.1,0.9,0.0,0.2344977967946406
39627782304570347,0.0,0.28,0.72,0.0,0.4277254052800653
39627764193563304,0.0,0.64,0.36,0.0,0.4713415946277461
39627764176785453,0.0,0.12,0.88,0.0,0.2646804326436822
39627794388355257,0.0,0.04,0.96,0.0,0.12114609454120741
39627794388355300,0.0,0.71,0.29,0.0,0.43436062316970225
39627794388355501,0.0,0.17,0.83,0.0,0.32885238937210975
39627764176785481,0.0,0.05,0.95,0.0,0.14319847855797813
39627782308759771,0.0,0.05,0.95,0.0,0.14319847855797813
39627788361142829,0.0,0.99,0.01,0.0,0.04039656794795559
39627770229166869,0.0,0.22,0.78,0.0,0.38008375148098283
39627770233356707,0.0,0.2,0.8,0.0,0.36096404744368116
39627782304564796,0.0,0.04,0.94,0.02,0.19127133459887283
39627746069974136,0.0,0.96,0.04,0.0,0.12114609454120741
39627758149569720,0.0,0.54,0.46,0.0,0.49768921941011285
39627776256379804,0.0,0.26,0.74,0.0,0.4133731862463089
39627782333923899,0.0,0.0,1.0,0.0,-0.0
39627794388357137,0.0,0.78,0.22,0.0,0.38008375148098283
39627740042761003,0.0,0.13,0.87,0.0,0.2787190925139945
39627794400940378,0.0,0.92,0.08,0.0,0.2010895951011364
39627788365334292,0.0,0.04,0.96,0.0,0.12114609454120741
39627776273156338,0.0,0.02,0.98,0.0,0.07072027127091034
39627794388356917,0.0,0.11,0.89,0.0,0.249957979082264
39627776273156640,0.0,0.95,0.05,0.0,0.14319847855797813
39627776273156663,0.0,0.53,0.47,0.0,0.4987007942838698
39627752122357104,0.0,0.46,0.54,0.0,0.49768921941011285
39627782312954666,0.0,0.17,0.83,0.0,0.32885238937210975
39627770216584353,0.0,0.98,0.02,0.0,0.07072027127091034
39627800432348832,0.0,0.99,0.01,0.0,0.04039656794795559
39627776298320682,0.0,0.56,0.44,0.0,0.4947937606110278
39627752105579597,0.0,0.16,0.84,0.0,0.3171547773202831
39627764201947644,0.0,0.39,0.61,0.0,0.4823997742525436
39627746074168587,0.0,0.88,0.12,0.0,0.2646804326436822
39627770216584544,0.0,0.61,0.39,0.0,0.4823997742525436
39627752130740478,0.0,0.91,0.09,0.0,0.21823490853205144
39627764214533973,0.0,0.39,0.61,0.0,0.4823997742525436
39627752130740353,0.0,0.0,1.0,0.0,-0.0
39627788348560598,0.0,0.81,0.19,0.0,0.3507357299419487
39627782312954476,0.0,0.14,0.86,0.0,0.292119405821428
39627806472147327,0.0,0.18,0.82,0.0,0.34003852286413994
39627782296179543,0.0,0.81,0.19,0.0,0.3507357299419487
39627788373724388,0.0,0.28,0.72,0.0,0.4277254052800653
39627782325538405,0.0,0.41,0.59,0.0,0.488250234378912
39627806472147163,0.0,0.02,0.98,0.0,0.07072027127091034
39627758136989101,0.0,0.52,0.48,0.0,0.4994227679976009
39627776256380060,0.0,0.12,0.88,0.0,0.2646804326436822
39627764185172808,0.0,0.91,0.09,0.0,0.21823490853205144
39627776252187774,0.0,0.89,0.11,0.0,0.249957979082264
39627758153766616,0.0,0.48,0.52,0.0,0.4994227679976009
39627746065776955,0.0,0.89,0.11,0.0,0.249957979082264
39627746065776838,0.0,0.9,0.1,0.0,0.2344977967946406
39627752101382475,0.0,0.91,0.09,0.0,0.21823490853205144
39627776264767219,0.0,0.52,0.48,0.0,0.4994227679976009
39627794413519834,0.0,0.01,0.99,0.0,0.04039656794795559
39627800440734042,0.0,0.72,0.28,0.0,0.4277254052800653
39627764201950764,0.0,0.89,0.11,0.0,0.249957979082264
39627764201950966,0.0,0.92,0.08,0.0,0.2010895951011364
39627764201947850,0.0,0.68,0.32,0.0,0.45219072886224687
39627764201950757,0.0,0.64,0.36,0.0,0.4713415946277461
39627764185172879,0.0,0.04,0.95,0.01,0.16124668093016215
39627770241750075,0.0,0.02,0.98,0.0,0.07072027127091034
39627770229166229,0.0,0.21,0.79,0.0,0.37074136996563684
39627770224970910,0.0,0.98,0.02,0.0,0.07072027127091034
39627752101382355,0.0,0.5,0.5,0.0,0.5
39627788352753242,0.0,0.92,0.08,0.0,0.2010895951011364
39627770241750348,0.0,0.38,0.62,0.0,0.47902101111314976
39627752101382492,0.0,0.8,0.2,0.0,0.36096404744368116
39627764176784986,0.0,0.23,0.77,0.0,0.38900565177326885
39627776268960908,0.0,0.82,0.18,0.0,0.34003852286413994
39627770241749486,0.0,0.98,0.02,0.0,0.07072027127091034
39627794388356093,0.0,0.63,0.37,0.0,0.47533604634353294
39627788361139762,0.0,0.08,0.92,0.0,0.2010895951011364
39627788377917461,0.02,0.96,0.02,0.0,0.14114609454120738
39627788361139435,0.01,0.86,0.13,0.0,0.31810566868628926
39627770258524777,0.0,0.48,0.52,0.0,0.4994227679976009
39627806476342612,0.01,0.85,0.14,0.0,0.33142210248480686
39627752134936856,0.0,0.64,0.36,0.0,0.4713415946277461
39627776256380410,0.0,0.56,0.44,0.0,0.4947937606110278
39627782317146489,0.0,1.0,0.0,0.0,-0.0
39627764193563891,0.0,0.34,0.66,0.0,0.46240935248651505
39627782317146492,0.0,0.97,0.03,0.0,0.0971959289157881
39627776289935657,0.0,0.79,0.21,0.0,0.37074136996563684
39627764180981764,0.0,0.0,1.0,0.0,-0.0
39627764218727710,0.0,0.46,0.54,0.0,0.49768921941011285
39627746061584577,0.0,0.93,0.07,0.0,0.18296182545011158
39627776289935716,0.0,0.7,0.3,0.0,0.44064544961534635
39627764218727736,0.0,0.92,0.08,0.0,0.2010895951011364
39627764201948136,0.0,0.03,0.97,0.0,0.0971959289157881
39627764218727789,0.0,0.97,0.03,0.0,0.0971959289157881
39627764201948346,0.0,0.8,0.2,0.0,0.36096404744368116
39627794396743065,0.0,0.89,0.11,0.0,0.249957979082264
39627764210337155,0.0,0.14,0.86,0.0,0.292119405821428
39627776289935624,0.0,0.08,0.92,0.0,0.2010895951011364
39627776289935622,0.0,0.07,0.93,0.0,0.18296182545011158
39627752101383125,0.01,0.94,0.05,0.0,0.1832231322266888
39627758166346726,0.0,0.22,0.78,0.0,0.38008375148098283
39627764201948399,0.0,0.18,0.81,0.01,0.37899559358928114
39627800440739359,0.0,0.86,0.14,0.0,0.292119405821428
39627788361138700,0.0,0.67,0.33,0.0,0.4574631863898637
39627800444928047,0.0,0.01,0.99,0.0,0.04039656794795559
39627782296176070,0.0,0.97,0.03,0.0,0.0971959289157881
39627782296176038,0.0,0.23,0.77,0.0,0.38900565177326885
39627800444928295,0.0,0.96,0.04,0.0,0.12114609454120741
39627788356944897,0.0,0.0,0.98,0.02,0.07072027127091034
39627788356944908,0.0,0.04,0.92,0.04,0.24108959510113642
39627746065779676,0.0,1.0,0.0,0.0,-0.0
39627746086749135,0.0,0.21,0.79,0.0,0.37074136996563684
39627752105575897,0.0,0.93,0.07,0.0,0.18296182545011158
39627788356949108,0.0,0.41,0.59,0.0,0.488250234378912
39627806472144076,0.0,0.98,0.02,0.0,0.07072027127091034
39627776260574084,0.0,0.5,0.5,0.0,0.5
39627746086749293,0.0,0.61,0.39,0.0,0.4823997742525436
39627746086749198,0.0,0.9,0.1,0.0,0.2344977967946406
39627764176785359,0.0,0.83,0.17,0.0,0.32885238937210975
39627752105576028,0.0,0.65,0.35,0.0,0.4670340276877455
39627776294130105,0.0,0.25,0.75,0.0,0.4056390622295664
39627776294130581,0.0,0.06,0.94,0.0,0.16372245957723813
39627776273154700,0.02,0.96,0.02,0.0,0.14114609454120738
39627776273154796,0.0,0.79,0.21,0.0,0.37074136996563684
39627800419767186,0.0,0.31,0.69,0.0,0.4465867291889284
39627788361138609,0.0,0.55,0.45,0.0,0.49638722699390414
39627776273154682,0.0,0.05,0.95,0.0,0.14319847855797813
39627800432350386,0.0,0.91,0.09,0.0,0.21823490853205144
39627800432350632,0.0,0.47,0.53,0.0,0.4987007942838698
39627800436539901,0.0,0.57,0.43,0.0,0.4929075185894599
39627764176784529,0.0,0.0,1.0,0.0,-0.0
39627800436540469,0.0,0.13,0.87,0.0,0.2787190925139945
39627788361138732,0.0,0.37,0.63,0.0,0.47533604634353294
39627800432346095,0.0,0.17,0.83,0.0,0.32885238937210975
39627782296180682,0.0,0.28,0.72,0.0,0.4277254052800653
39627788356948942,0.0,0.1,0.9,0.0,0.2344977967946406
39627758157958110,0.0,0.67,0.33,0.0,0.4574631863898637
39627758157957926,0.0,0.87,0.13,0.0,0.2787190925139945
39627758145374595,0.0,0.53,0.47,0.0,0.4987007942838698
39627758157957818,0.0,0.17,0.83,0.0,0.32885238937210975
39627806467953646,0.0,0.08,0.92,0.0,0.2010895951011364
39627764210336403,0.0,0.72,0.28,0.0,0.4277254052800653
39627782296175868,0.0,0.26,0.74,0.0,0.4133731862463089
39627776252186996,0.0,0.23,0.77,0.0,0.38900565177326885
39627752105578449,0.0,0.3,0.7,0.0,0.44064544961534635
39627752113966181,0.0,0.27,0.73,0.0,0.42073231810408784
39627782296176007,0.0,0.93,0.07,0.0,0.18296182545011158
39627752122352354,0.0,0.95,0.05,0.0,0.14319847855797813
39627758174736852,0.0,0.69,0.31,0.0,0.4465867291889284
39627758166346759,0.0,0.24,0.76,0.0,0.39752013969226113
39627752122356413,0.0,0.57,0.43,0.0,0.4929075185894599
39627752101383202,0.0,0.07,0.93,0.0,0.18296182545011158
39627752122356420,0.0,0.4,0.6,0.0,0.4854752972273343
39627752101383221,0.0,0.0,0.99,0.01,0.04039656794795559
39627794409326345,0.0,0.09,0.87,0.04,0.33660104912826144
39627758157960991,0.0,0.26,0.74,0.0,0.4133731862463089
39627806472142901,0.0,0.46,0.54,0.0,0.49768921941011285
39627794409326995,0.0,0.37,0.63,0.0,0.47533604634353294
39627794396744649,0.0,0.03,0.96,0.01,0.13737165703039006
39627806467953833,0.01,0.83,0.16,0.0,0.3562867308783886
39627746069975056,0.0,0.19,0.81,0.0,0.3507357299419487
39627794392551192,0.0,0.31,0.69,0.0,0.4465867291889284
39627794392550974,0.0,0.56,0.44,0.0,0.4947937606110278
39627746069975244,0.0,0.85,0.15,0.0,0.3049201523582002
39627806467954350,0.0,0.62,0.38,0.0,0.47902101111314976
39627752105575989,0.0,0.42,0.58,0.0,0.49072694751682683
39627794392552354,0.0,0.9,0.1,0.0,0.2344977967946406
39627806472143233,0.0,0.95,0.05,0.0,0.14319847855797813
39627794409325748,0.0,0.1,0.89,0.01,0.27413031336294724
39627806472143016,0.0,0.04,0.96,0.0,0.12114609454120741
39627794409325572,0.0,0.0,0.98,0.02,0.07072027127091034
39627776264767032,0.0,0.03,0.96,0.01,0.13737165703039006
39627776264766944,0.0,0.03,0.97,0.0,0.0971959289157881
39627788373722778,0.0,0.79,0.21,0.0,0.37074136996563684
39627782317151438,0.0,0.5,0.5,0.0,0.5
39627788373722768,0.0,0.01,0.99,0.0,0.04039656794795559
39627788377917579,0.0,0.24,0.76,0.0,0.39752013969226113
39627776289932516,0.0,0.68,0.32,0.0,0.45219072886224687
39627746069975155,0.0,0.69,0.31,0.0,0.4465867291889284
39627758153761265,0.0,0.33,0.67,0.0,0.4574631863898637
39627782329729885,0.0,0.41,0.59,0.0,0.488250234378912
39627806472142894,0.0,0.03,0.97,0.0,0.0971959289157881
39627770229166860,0.0,0.45,0.55,0.0,0.49638722699390414
39627758153761300,0.0,0.21,0.79,0.0,0.37074136996563684
39627764189366593,0.0,0.62,0.38,0.0,0.47902101111314976
39627800436540917,0.0,0.2,0.8,0.0,0.36096404744368116
39627782317146554,0.0,0.57,0.43,0.0,0.4929075185894599
39627806476341459,0.0,0.2,0.8,0.0,0.36096404744368116
39627800436541173,0.0,0.63,0.37,0.0,0.47533604634353294
39627770245939317,0.0,0.85,0.15,0.0,0.3049201523582002
39627740034369263,0.02,0.96,0.02,0.0,0.14114609454120738
39627758132794529,0.0,0.12,0.88,0.0,0.2646804326436822
39627782329730427,0.0,0.07,0.93,0.0,0.18296182545011158
39627764201947866,0.0,0.61,0.39,0.0,0.4823997742525436
39627782329730656,0.0,0.54,0.46,0.0,0.49768921941011285
39627746065781011,0.0,0.67,0.33,0.0,0.4574631863898637
39627764176785126,0.0,0.51,0.49,0.0,0.49985572087640495
39627782329729970,0.0,0.94,0.06,0.0,0.16372245957723813
39627782329730062,0.0,0.74,0.26,0.0,0.4133731862463089
39627788377916955,0.0,0.41,0.59,0.0,0.488250234378912
39627800440738504,0.0,0.25,0.75,0.0,0.4056390622295664
39627806463755165,0.0,0.54,0.46,0.0,0.49768921941011285
39627746086750646,0.0,0.13,0.87,0.0,0.2787190925139945
39627800440738155,0.0,0.56,0.44,0.0,0.4947937606110278
39627806463755464,0.0,0.15,0.85,0.0,0.3049201523582002
39627764189367031,0.0,0.01,0.99,0.0,0.04039656794795559
39627746086750700,0.0,0.69,0.31,0.0,0.4465867291889284
39627746090946867,0.0,0.77,0.23,0.0,0.38900565177326885
39627794413521358,0.0,0.08,0.92,0.0,0.2010895951011364
39627800423959570,0.0,0.22,0.78,0.0,0.38008375148098283
39627794413521370,0.0,0.56,0.44,0.0,0.4947937606110278
39627764197754402,0.0,0.56,0.44,0.0,0.4947937606110278
39627764180981321,0.0,0.19,0.81,0.0,0.3507357299419487
39627758141182878,0.0,0.58,0.42,0.0,0.49072694751682683
39627788365337726,0.0,0.75,0.25,0.0,0.4056390622295664
39627764189366947,0.0,0.58,0.42,0.0,0.49072694751682683
39627794405133513,0.0,0.98,0.02,0.0,0.07072027127091034
39627752118157476,0.0,0.0,0.98,0.02,0.07072027127091034
39627794413520109,0.0,0.54,0.46,0.0,0.49768921941011285
39627794413520067,0.0,0.32,0.68,0.0,0.45219072886224687
39627764189367235,0.0,0.0,0.99,0.01,0.04039656794795559
39627752118157588,0.0,0.8,0.2,0.0,0.36096404744368116
39627764185171762,0.0,0.22,0.78,0.0,0.38008375148098283
39627752105575192,0.0,0.69,0.31,0.0,0.4465867291889284
39627782325540579,0.0,0.63,0.37,0.0,0.47533604634353294
39627764189367302,0.0,0.8,0.2,0.0,0.36096404744368116
39627758153762418,0.0,0.54,0.46,0.0,0.49768921941011285
39627782325536964,0.0,0.46,0.54,0.0,0.49768921941011285
39627788365337684,0.0,0.26,0.74,0.0,0.4133731862463089
39627770216583181,0.0,0.01,0.99,0.0,0.04039656794795559
39627770216584452,0.0,0.15,0.85,0.0,0.3049201523582002
39627788344366429,0.0,0.2,0.8,0.0,0.36096404744368116
39627764214531617,0.0,0.52,0.48,0.0,0.4994227679976009
39627752130744130,0.0,0.27,0.73,0.0,0.42073231810408784
39627764214531501,0.0,0.38,0.62,0.0,0.47902101111314976
39627752130745669,0.0,0.38,0.62,0.0,0.47902101111314976
39627740038564601,0.0,0.05,0.95,0.0,0.14319847855797813
39627770229165349,0.0,0.78,0.22,0.0,0.38008375148098283
39627740025980679,0.0,0.86,0.14,0.0,0.292119405821428
39627770258524944,0.0,0.93,0.07,0.0,0.18296182545011158
39627746069975507,0.0,0.18,0.82,0.0,0.34003852286413994
39627782325537049,0.0,0.13,0.86,0.01,0.31810566868628926
39627764201948887,0.0,0.84,0.16,0.0,0.3171547773202831
39627764201948952,0.0,0.19,0.81,0.0,0.3507357299419487
39627764201949036,0.0,0.39,0.61,0.0,0.4823997742525436
39627746069973222,0.0,0.29,0.71,0.0,0.43436062316970225
39627770245942302,0.0,0.1,0.89,0.01,0.27413031336294724
39627740038564479,0.01,0.86,0.13,0.0,0.31810566868628926
39627752130745613,0.0,0.55,0.45,0.0,0.49638722699390414
39627752126548986,0.0,0.62,0.38,0.0,0.47902101111314976
39627800423961663,0.0,0.18,0.82,0.0,0.34003852286413994
39627752126548956,0.0,0.92,0.08,0.0,0.2010895951011364
39627782321345968,0.0,0.17,0.83,0.0,0.32885238937210975
39627782321345624,0.0,0.94,0.06,0.0,0.16372245957723813
39627752126549063,0.0,0.26,0.74,0.0,0.4133731862463089
39627752126549075,0.0,0.0,0.79,0.21,0.37074136996563684
39627752126549135,0.0,0.9,0.1,0.0,0.2344977967946406
39627758145376568,0.0,0.3,0.7,0.0,0.44064544961534635
39627752101385431,0.0,0.02,0.98,0.0,0.07072027127091034
39627800423961670,0.0,0.0,0.97,0.03,0.0971959289157881
39627758162153507,0.0,0.39,0.61,0.0,0.4823997742525436
39627752105575068,0.0,0.18,0.82,0.0,0.34003852286413994
39627758162154188,0.0,0.03,0.97,0.0,0.0971959289157881
39627800432346011,0.0,0.48,0.52,0.0,0.4994227679976009
39627806463756766,0.0,0.37,0.63,0.0,0.47533604634353294
39627788335974203,0.0,0.49,0.51,0.0,0.49985572087640495
39627758149571205,0.0,0.41,0.59,0.0,0.488250234378912
39627806463757041,0.0,1.0,0.0,0.0,-0.0
39627776289931292,0.0,0.83,0.17,0.0,0.32885238937210975
39627788335974144,0.0,0.89,0.11,0.0,0.249957979082264
39627788335973813,0.0,0.54,0.46,0.0,0.49768921941011285
39627794413519610,0.0,1.0,0.0,0.0,-0.0
39627800453318832,0.0,0.75,0.25,0.0,0.4056390622295664
39627788352753441,0.0,0.88,0.12,0.0,0.2646804326436822
39627794388356453,0.0,0.44,0.56,0.0,0.4947937606110278
39627764214533117,0.0,0.21,0.79,0.0,0.37074136996563684
39627794413519857,0.0,0.64,0.36,0.0,0.4713415946277461
39627758141182404,0.0,0.17,0.83,0.0,0.32885238937210975
39627752126551891,0.0,0.18,0.82,0.0,0.34003852286413994
39627746082558068,0.0,0.01,0.99,0.0,0.04039656794795559
39627776252187150,0.0,0.97,0.03,0.0,0.0971959289157881
39627764189367167,0.0,0.01,0.97,0.02,0.11097036642660543
39627758170539512,0.0,0.79,0.21,0.0,0.37074136996563684
39627746086750159,0.0,0.41,0.59,0.0,0.488250234378912
39627764189367100,0.0,0.72,0.28,0.0,0.4277254052800653
39627770229165912,0.0,0.56,0.44,0.0,0.4947937606110278
39627776268961248,0.0,0.33,0.67,0.0,0.4574631863898637
39627788377917251,0.01,0.98,0.01,0.0,0.08072027127091033
39627746090946511,0.0,0.61,0.39,0.0,0.4823997742525436
39627794413521221,0.0,0.78,0.22,0.0,0.38008375148098283
39627800423962057,0.0,0.02,0.98,0.0,0.07072027127091034
39627758162151461,0.0,0.9,0.1,0.0,0.2344977967946406
39627794413521278,0.0,0.13,0.87,0.0,0.2787190925139945
39627794413521353,0.0,0.1,0.9,0.0,0.2344977967946406
39627758174735801,0.0,0.07,0.93,0.0,0.18296182545011158
39627758166346876,0.0,1.0,0.0,0.0,-0.0
39627788361138737,0.0,0.27,0.73,0.0,0.42073231810408784
39627764176784973,0.0,0.02,0.98,0.0,0.07072027127091034
39627758166346925,0.0,0.3,0.7,0.0,0.44064544961534635
39627752101383546,0.0,0.0,0.99,0.01,0.04039656794795559
39627764193561585,0.0,0.31,0.69,0.0,0.4465867291889284
39627764176784885,0.0,0.61,0.39,0.0,0.4823997742525436
39627764218725016,0.0,0.17,0.83,0.0,0.32885238937210975
39627794384163154,0.0,0.31,0.69,0.0,0.4465867291889284
39627764218725369,0.0,0.72,0.28,0.0,0.4277254052800653
39627788377917231,0.0,0.45,0.55,0.0,0.49638722699390414
39627800440738665,0.0,0.83,0.17,0.0,0.32885238937210975
39627776281547172,0.0,0.86,0.14,0.0,0.292119405821428
39627800440738693,0.0,0.23,0.77,0.0,0.38900565177326885
39627764172591536,0.0,0.47,0.53,0.0,0.4987007942838698
39627806476337901,0.0,0.56,0.44,0.0,0.4947937606110278
39627764176787180,0.0,0.04,0.96,0.0,0.12114609454120741
39627746061585367,0.0,0.71,0.29,0.0,0.43436062316970225
39627800432345344,0.0,0.26,0.74,0.0,0.4133731862463089
39627746061585380,0.0,0.85,0.15,0.0,0.3049201523582002
39627746061585362,0.0,0.7,0.3,0.0,0.44064544961534635
39627806476338088,0.0,0.89,0.11,0.0,0.249957979082264
39627776260571703,0.0,0.06,0.94,0.0,0.16372245957723813
39627794400936386,0.0,0.09,0.91,0.0,0.21823490853205144
39627794396744086,0.0,0.96,0.04,0.0,0.12114609454120741
39627800444932839,0.0,0.04,0.96,0.0,0.12114609454120741
39627758145372547,0.0,0.62,0.38,0.0,0.47902101111314976
39627764218727820,0.0,0.12,0.88,0.0,0.2646804326436822
39627782321342247,0.0,0.53,0.47,0.0,0.4987007942838698
39627764180981829,0.0,0.0,1.0,0.0,-0.0
39627776268966342,0.0,0.72,0.28,0.0,0.4277254052800653
39627752130743879,0.0,0.08,0.92,0.0,0.2010895951011364
39627746090945644,0.0,0.87,0.13,0.0,0.2787190925139945
39627782329734046,0.0,0.88,0.12,0.0,0.2646804326436822
39627800444932867,0.09,0.91,0.0,0.0,0.21823490853205144
39627752122355626,0.0,0.14,0.86,0.0,0.292119405821428
39627794413520358,0.0,0.71,0.29,0.0,0.43436062316970225
39627758153763119,0.0,0.89,0.11,0.0,0.249957979082264
39627758157956325,0.0,0.93,0.07,0.0,0.18296182545011158
39627758157956345,0.0,0.51,0.49,0.0,0.49985572087640495
39627794409330331,0.0,0.58,0.42,0.0,0.49072694751682683
39627746074169390,0.0,0.0,0.99,0.01,0.04039656794795559
39627782321341691,0.0,0.7,0.3,0.0,0.44064544961534635
39627758166346055,0.0,0.13,0.87,0.0,0.2787190925139945
39627758166348963,0.0,0.01,0.99,0.0,0.04039656794795559
39627788365336389,0.0,0.72,0.28,0.0,0.4277254052800653
39627758174732670,0.0,0.0,0.94,0.06,0.16372245957723813
39627746090945419,0.0,0.74,0.26,0.0,0.4133731862463089
39627764214530261,0.0,0.52,0.48,0.0,0.4994227679976009
39627746069973471,0.0,0.91,0.09,0.0,0.21823490853205144
39627788348556507,0.0,0.6,0.4,0.0,0.4854752972273343
39627764176783773,0.0,0.19,0.81,0.0,0.3507357299419487
39627764176783941,0.0,0.92,0.08,0.0,0.2010895951011364
39627794384160361,0.0,0.02,0.97,0.01,0.11097036642660543
39627788348556963,0.0,0.76,0.24,0.0,0.39752013969226113
39627776268966598,0.0,0.09,0.9,0.01,0.2579475764741046
39627794379967473,0.0,0.45,0.55,0.0,0.49638722699390414
39627776294127705,0.0,0.04,0.96,0.0,0.12114609454120741
39627764185170793,0.0,0.31,0.69,0.0,0.4465867291889284
39627800432350549,0.0,0.44,0.56,0.0,0.4947937606110278
39627764193562862,0.0,0.0,0.9,0.1,0.2344977967946406
39627800440738420,0.0,0.0,1.0,0.0,-0.0
39627752105575809,0.0,0.21,0.79,0.0,0.37074136996563684
39627764185170755,0.0,0.12,0.88,0.0,0.2646804326436822
39627770216580011,0.0,0.04,0.96,0.0,0.12114609454120741
39627776298321261,0.0,0.05,0.95,0.0,0.14319847855797813
39627764201949936,0.0,0.42,0.58,0.0,0.49072694751682683
39627764201949682,0.0,1.0,0.0,0.0,-0.0
39627776260574753,0.0,0.37,0.63,0.0,0.47533604634353294
39627764210341896,0.0,0.88,0.12,0.0,0.2646804326436822
39627758141178822,0.0,0.19,0.81,0.0,0.3507357299419487
39627752105578065,0.0,0.76,0.24,0.0,0.39752013969226113
39627776264769215,0.0,0.61,0.39,0.0,0.4823997742525436
39627800444933120,0.0,0.03,0.96,0.01,0.13737165703039006
39627776264769264,0.0,0.53,0.47,0.0,0.4987007942838698
39627776264769507,0.0,0.0,0.99,0.01,0.04039656794795559
39627776298321365,0.0,0.12,0.88,0.0,0.2646804326436822
39627752105577917,0.0,0.17,0.83,0.0,0.32885238937210975
39627788348556880,0.0,0.18,0.82,0.0,0.34003852286413994
39627740034370108,0.0,0.04,0.96,0.0,0.12114609454120741
39627764214531917,0.0,0.25,0.75,0.0,0.4056390622295664
39627794409329627,0.0,0.01,0.96,0.03,0.13737165703039006
39627764193563347,0.0,0.13,0.87,0.0,0.2787190925139945
39627764193563370,0.0,0.67,0.33,0.0,0.4574631863898637
39627800440738307,0.0,0.45,0.55,0.0,0.49638722699390414
39627740030177462,0.0,0.92,0.08,0.0,0.2010895951011364
39627764193562955,0.0,0.08,0.92,0.0,0.2010895951011364
39627764214532354,0.0,0.83,0.17,0.0,0.32885238937210975
39627746069974990,0.0,0.27,0.73,0.0,0.42073231810408784
39627794384159857,0.0,0.0,0.94,0.06,0.16372245957723813
39627794379972134,0.0,0.11,0.89,0.0,0.249957979082264
39627794384160490,0.0,0.96,0.04,0.0,0.12114609454120741
39627752105576649,0.0,0.72,0.28,0.0,0.4277254052800653
39627800428155018,0.0,0.42,0.58,0.0,0.49072694751682683
39627794409329747,0.0,0.0,0.98,0.02,0.07072027127091034
39627746090945800,0.0,0.78,0.22,0.0,0.38008375148098283
39627770237555568,0.0,0.2,0.8,0.0,0.36096404744368116
39627746078362343,0.0,0.04,0.93,0.03,0.2174448102113104
39627752105577951,0.0,0.0,0.99,0.01,0.04039656794795559
39627770237555539,0.0,0.66,0.34,0.0,0.46240935248651505
39627758153761578,0.0,0.26,0.74,0.0,0.4133731862463089
39627764189366514,0.0,0.65,0.35,0.0,0.4670340276877455
39627764193558762,0.0,0.17,0.83,0.0,0.32885238937210975
39627800419767625,0.0,0.01,0.97,0.02,0.11097036642660543
39627794409329988,0.11,0.89,0.0,0.0,0.249957979082264
39627788369529991,0.0,0.54,0.46,0.0,0.49768921941011285
39627788352753424,0.0,0.21,0.79,0.0,0.37074136996563684
39627794409329800,0.0,0.96,0.04,0.0,0.12114609454120741
39627800419767770,0.0,0.79,0.21,0.0,0.37074136996563684
39627782321343726,0.0,0.07,0.93,0.0,0.18296182545011158
39627788344366020,0.0,0.39,0.61,0.0,0.4823997742525436
39627752126547943,0.0,0.83,0.17,0.0,0.32885238937210975
39627764180975949,0.0,0.15,0.85,0.0,0.3049201523582002
39627782329729708,0.0,0.55,0.45,0.0,0.49638722699390414
39627752126548113,0.0,0.0,0.76,0.24,0.39752013969226113
39627782329729623,0.0,0.82,0.18,0.0,0.34003852286413994
39627746074169685,0.0,0.0,1.0,0.0,-0.0
39627800428155019,0.0,0.08,0.92,0.0,0.2010895951011364
39627776298321281,0.0,0.28,0.72,0.0,0.4277254052800653
39627800428155231,0.0,0.71,0.29,0.0,0.43436062316970225
39627782329734393,0.0,0.73,0.27,0.0,0.42073231810408784
39627806463759767,0.0,0.63,0.37,0.0,0.47533604634353294
39627776252185315,0.0,1.0,0.0,0.0,-0.0
39627794392551864,0.0,0.41,0.59,0.0,0.488250234378912
39627800432346100,0.0,0.04,0.96,0.0,0.12114609454120741
39627800432350397,0.0,0.04,0.96,0.0,0.12114609454120741
39627800432346171,0.0,0.0,1.0,0.0,-0.0
39627746065780621,0.0,0.7,0.3,0.0,0.44064544961534635
39627800432346027,0.0,0.06,0.94,0.0,0.16372245957723813
39627776264770467,0.0,0.08,0.91,0.01,0.24088153359695552
39627770237556061,0.0,0.19,0.81,0.0,0.3507357299419487
39627806467952673,0.0,0.76,0.24,0.0,0.39752013969226113
39627782329729182,0.0,0.94,0.06,0.0,0.16372245957723813
39627788356946630,0.0,0.14,0.86,0.0,0.292119405821428
39627746090943267,0.0,0.62,0.38,0.0,0.47902101111314976
39627770224971619,0.0,0.15,0.85,0.0,0.3049201523582002
39627740038562325,0.0,0.34,0.66,0.0,0.46240935248651505
39627746086752528,0.0,0.46,0.54,0.0,0.49768921941011285
39627794384160272,0.0,0.03,0.95,0.02,0.1674722434193448
39627740034370793,0.0,0.05,0.95,0.0,0.14319847855797813
39627794384160442,0.0,0.09,0.91,0.0,0.21823490853205144
39627758153761476,0.0,0.08,0.92,0.0,0.2010895951011364
39627788344366060,0.0,0.62,0.38,0.0,0.47902101111314976
39627770237555743,0.0,0.03,0.96,0.01,0.13737165703039006
39627788369532871,0.0,0.19,0.81,0.0,0.3507357299419487
39627782321340691,0.01,0.96,0.03,0.0,0.13737165703039006
39627746065780747,0.0,0.21,0.79,0.0,0.37074136996563684
39627752105578198,0.0,0.39,0.61,0.0,0.4823997742525436
39627782321340719,0.0,0.45,0.55,0.0,0.49638722699390414
39627800432346644,0.0,0.04,0.96,0.0,0.12114609454120741
39627788373721271,0.0,0.63,0.37,0.0,0.47533604634353294
39627782317151314,0.0,0.27,0.73,0.0,0.42073231810408784
39627788373726566,0.0,0.72,0.28,0.0,0.4277254052800653
39627800423959358,0.0,0.98,0.02,0.0,0.07072027127091034
39627800423959386,0.0,0.7,0.3,0.0,0.44064544961534635
39627782333927683,0.0,0.03,0.97,0.0,0.0971959289157881
39627752097191601,0.0,0.54,0.46,0.0,0.49768921941011285
39627746061587447,0.0,0.9,0.1,0.0,0.2344977967946406
39627758145372261,0.0,0.24,0.76,0.0,0.39752013969226113
39627758136989391,0.0,0.63,0.37,0.0,0.47533604634353294
39627764176783651,0.0,0.29,0.71,0.0,0.43436062316970225
39627764176783523,0.0,0.12,0.88,0.0,0.2646804326436822
39627788369532538,0.0,0.85,0.15,0.0,0.3049201523582002
39627800428155465,0.0,0.16,0.84,0.0,0.3171547773202831
39627746065778871,0.0,0.03,0.97,0.0,0.0971959289157881
39627782312951857,0.0,0.01,0.92,0.07,0.22283217282912027
39627770250135002,0.0,0.96,0.04,0.0,0.12114609454120741
39627764193563715,0.0,0.44,0.56,0.0,0.4947937606110278
39627800423957592,0.0,0.56,0.44,0.0,0.4947937606110278
39627794388356785,0.0,0.88,0.12,0.0,0.2646804326436822
39627764180975698,0.02,0.97,0.01,0.0,0.11097036642660543
39627746082558581,0.0,0.96,0.04,0.0,0.12114609454120741
39627782329730451,0.0,0.51,0.49,0.0,0.49985572087640495
39627794409330338,0.0,0.32,0.68,0.0,0.45219072886224687
39627758162152665,0.0,0.35,0.65,0.0,0.4670340276877455
39627764176782146,0.0,0.03,0.96,0.01,0.13737165703039006
39627782333925781,0.0,0.17,0.83,0.0,0.32885238937210975
39627800432346712,0.0,0.02,0.98,0.0,0.07072027127091034
39627776256378522,0.0,0.4,0.6,0.0,0.4854752972273343
39627794409325399,0.0,0.9,0.1,0.0,0.2344977967946406
39627746061583577,0.0,0.71,0.29,0.0,0.43436062316970225
39627764180978939,0.0,0.3,0.7,0.0,0.44064544961534635
39627764180976658,0.0,0.86,0.14,0.0,0.292119405821428
39627764180976399,0.0,0.07,0.93,0.0,0.18296182545011158
39627758132794281,0.0,0.9,0.1,0.0,0.2344977967946406
39627746069972999,0.0,0.68,0.32,0.0,0.45219072886224687
39627752113964948,0.0,0.78,0.22,0.0,0.38008375148098283
39627740034372103,0.0,0.34,0.66,0.0,0.46240935248651505
39627770254330897,0.0,0.06,0.94,0.0,0.16372245957723813
39627746069973133,0.0,0.89,0.11,0.0,0.249957979082264
39627794375776434,0.0,0.24,0.76,0.0,0.39752013969226113
39627740034371897,0.0,0.45,0.55,0.0,0.49638722699390414
39627794379964831,0.0,0.79,0.21,0.0,0.37074136996563684
39627776260572957,0.0,0.27,0.73,0.0,0.42073231810408784
39627776260576121,0.0,0.01,0.98,0.01,0.08072027127091033
39627776260573474,0.0,0.03,0.96,0.01,0.13737165703039006
39627776273154639,0.0,0.48,0.52,0.0,0.4994227679976009
39627800440738500,0.0,0.74,0.26,0.0,0.4133731862463089
39627764218725051,0.0,0.6,0.4,0.0,0.4854752972273343
39627752113968246,0.0,0.0,1.0,0.0,-0.0
39627764218725477,0.0,0.54,0.46,0.0,0.49768921941011285
39627752113967530,0.0,0.22,0.78,0.0,0.38008375148098283
39627794388357947,0.0,0.47,0.53,0.0,0.4987007942838698
39627746069975251,0.0,1.0,0.0,0.0,-0.0
39627776260576083,0.0,0.01,0.99,0.0,0.04039656794795559
39627752113967521,0.0,0.62,0.38,0.0,0.47902101111314976
39627764180980442,0.0,0.79,0.21,0.0,0.37074136996563684
39627758174734550,0.0,0.37,0.63,0.0,0.47533604634353294
39627788352755280,0.0,0.0,0.97,0.03,0.0971959289157881
39627776294129098,0.0,0.09,0.91,0.0,0.21823490853205144
39627764201947854,0.0,0.14,0.86,0.0,0.292119405821428
39627788361142394,0.0,0.99,0.01,0.0,0.04039656794795559
39627788361143689,0.0,0.18,0.82,0.0,0.34003852286413994
39627782308762246,0.0,0.86,0.14,0.0,0.292119405821428
39627764206144621,0.0,0.1,0.9,0.0,0.2344977967946406
39627764189365357,0.0,0.52,0.48,0.0,0.4994227679976009
39627764189365819,0.0,0.0,1.0,0.0,-0.0
39627788373721266,0.0,0.07,0.93,0.0,0.18296182545011158
39627764189367477,0.07,0.93,0.0,0.0,0.18296182545011158
39627764189367544,0.0,0.02,0.98,0.0,0.07072027127091034
39627788369532663,0.0,0.95,0.05,0.0,0.14319847855797813
39627764189367560,0.0,0.04,0.96,0.0,0.12114609454120741
39627764180979742,0.0,0.85,0.15,0.0,0.3049201523582002
39627764180979594,0.0,1.0,0.0,0.0,-0.0
39627764180979232,0.0,0.13,0.87,0.0,0.2787190925139945
39627758153764458,0.0,0.95,0.05,0.0,0.14319847855797813
39627764172591102,0.0,0.42,0.58,0.0,0.49072694751682683
39627758132794347,0.0,0.08,0.92,0.0,0.2010895951011364
39627752109769180,0.0,0.56,0.44,0.0,0.4947937606110278
39627752122354048,0.0,0.07,0.93,0.0,0.18296182545011158
39627752130745415,0.0,0.9,0.1,0.0,0.2344977967946406
39627752130744924,0.0,0.01,0.99,0.0,0.04039656794795559
39627758170539027,0.0,0.62,0.38,0.0,0.47902101111314976
39627758174734080,0.0,0.12,0.88,0.0,0.2646804326436822
39627764189365269,0.0,0.0,1.0,0.0,-0.0
39627770254331196,0.0,0.17,0.83,0.0,0.32885238937210975
39627752101381082,0.0,0.05,0.94,0.01,0.1832231322266888
39627794384160724,0.0,0.59,0.41,0.0,0.488250234378912
39627794400941216,0.0,0.05,0.95,0.0,0.14319847855797813
39627788335973561,0.0,0.47,0.53,0.0,0.4987007942838698
39627770233358465,0.0,0.92,0.08,0.0,0.2010895951011364
39627788335973869,0.0,0.01,0.94,0.05,0.1832231322266888
39627758141182876,0.0,0.62,0.38,0.0,0.47902101111314976
39627770254331128,0.0,0.38,0.62,0.0,0.47902101111314976
39627782325537408,0.0,0.07,0.93,0.0,0.18296182545011158
39627782308761536,0.0,0.18,0.82,0.0,0.34003852286413994
39627794384161240,0.0,0.08,0.92,0.0,0.2010895951011364
39627764210335818,0.0,0.71,0.29,0.0,0.43436062316970225
39627764180978738,0.0,0.0,0.87,0.13,0.2787190925139945
39627776252188695,0.0,0.38,0.62,0.0,0.47902101111314976
39627764214533740,0.0,0.3,0.7,0.0,0.44064544961534635
39627764180978560,0.0,0.81,0.19,0.0,0.3507357299419487
39627764180978823,0.0,0.1,0.9,0.0,0.2344977967946406
39627794388357330,0.01,0.84,0.15,0.0,0.3441379826496441
39627764180979781,0.0,0.13,0.87,0.0,0.2787190925139945
39627764180979712,0.0,0.81,0.19,0.0,0.3507357299419487
39627788373724141,0.0,0.18,0.82,0.0,0.34003852286413994
39627758145373610,0.0,0.28,0.72,0.0,0.4277254052800653
39627794375775795,0.0,0.53,0.47,0.0,0.4987007942838698
39627782325535075,0.0,0.49,0.51,0.0,0.49985572087640495
39627776260573450,0.0,0.0,0.99,0.01,0.04039656794795559
39627800444933980,0.0,0.95,0.05,0.0,0.14319847855797813
39627800432350839,0.0,0.07,0.92,0.01,0.22283217282912027
39627770233358320,0.0,0.98,0.02,0.0,0.07072027127091034
39627776260573478,0.0,0.0,1.0,0.0,-0.0
39627776260573528,0.0,0.18,0.82,0.0,0.34003852286413994
39627800432350709,0.0,0.15,0.85,0.0,0.3049201523582002
39627800432347739,0.0,0.31,0.69,0.0,0.4465867291889284
39627782321342541,0.0,0.74,0.26,0.0,0.4133731862463089
39627794375773885,0.0,0.93,0.07,0.0,0.18296182545011158
39627782296179582,0.0,0.36,0.64,0.0,0.4713415946277461
39627758174735689,0.0,0.16,0.84,0.0,0.3171547773202831
39627758153763155,0.0,0.52,0.48,0.0,0.4994227679976009
39627746086753366,0.0,0.74,0.26,0.0,0.4133731862463089
39627776256379676,0.0,0.03,0.96,0.01,0.13737165703039006
39627758132793835,0.0,0.46,0.54,0.0,0.49768921941011285
39627764180977058,0.0,0.0,0.97,0.03,0.0971959289157881
39627806467953753,0.0,0.86,0.14,0.0,0.292119405821428
39627752105576927,0.0,0.77,0.23,0.0,0.38900565177326885
39627764210336786,0.0,0.03,0.97,0.0,0.0971959289157881
39627764210336581,0.0,0.69,0.31,0.0,0.4465867291889284
39627758132792060,0.0,0.4,0.6,0.0,0.4854752972273343
39627740034370835,0.0,0.81,0.19,0.0,0.3507357299419487
39627782321345653,0.0,0.93,0.07,0.0,0.18296182545011158
39627758157958330,0.0,0.31,0.69,0.0,0.4465867291889284
39627788361139847,0.0,0.83,0.17,0.0,0.32885238937210975
39627806472143871,0.0,0.89,0.11,0.0,0.249957979082264
39627788356947012,0.0,0.45,0.55,0.0,0.49638722699390414
39627746069975022,0.0,0.27,0.73,0.0,0.42073231810408784
39627794396744821,0.0,0.9,0.1,0.0,0.2344977967946406
39627788352754327,0.0,0.52,0.48,0.0,0.4994227679976009
39627758132792357,0.0,0.26,0.74,0.0,0.4133731862463089
39627758132792405,0.0,0.19,0.81,0.0,0.3507357299419487
39627758132791604,0.0,0.01,0.99,0.0,0.04039656794795559
39627740034372643,0.0,0.16,0.84,0.0,0.3171547773202831
39627764172589581,0.0,0.77,0.23,0.0,0.38900565177326885
39627758132794460,0.0,0.23,0.76,0.01,0.4275060148322434
39627776252186567,0.0,0.53,0.47,0.0,0.4987007942838698
39627788352754298,0.0,0.59,0.41,0.0,0.488250234378912
39627770212386715,0.0,0.04,0.96,0.0,0.12114609454120741
39627788331782247,0.01,0.87,0.12,0.0,0.30414992414989617
39627770212386456,0.01,0.99,0.0,0.0,0.04039656794795559
39627794409325841,0.0,0.33,0.67,0.0,0.4574631863898637
39627758132792873,0.0,0.24,0.76,0.0,0.39752013969226113
39627746090945297,0.0,0.84,0.16,0.0,0.3171547773202831
39627794375775281,0.0,0.95,0.05,0.0,0.14319847855797813
39627764180979077,0.0,0.5,0.5,0.0,0.5
39627740034368847,0.0,0.96,0.04,0.0,0.12114609454120741
39627788373722846,0.0,0.97,0.03,0.0,0.0971959289157881
39627794409326050,0.0,0.44,0.56,0.0,0.4947937606110278
39627800449122701,0.0,1.0,0.0,0.0,-0.0
39627758149568842,0.0,0.7,0.3,0.0,0.44064544961534635
39627800432346369,0.0,0.7,0.3,0.0,0.44064544961534635
39627800440738888,0.0,0.89,0.11,0.0,0.249957979082264
39627800440738752,0.0,0.94,0.06,0.0,0.16372245957723813
39627806463757035,0.0,0.67,0.33,0.0,0.4574631863898637
39627800432346291,0.0,0.91,0.09,0.0,0.21823490853205144
39627776252186680,0.0,0.39,0.61,0.0,0.4823997742525436
39627740034372202,0.14,0.85,0.01,0.0,0.33142210248480686
39627794413520339,0.0,0.17,0.83,0.0,0.32885238937210975
39627770233358269,0.0,0.71,0.29,0.0,0.43436062316970225
39627758174733876,0.0,0.57,0.43,0.0,0.4929075185894599
39627800444934205,0.0,0.04,0.96,0.0,0.12114609454120741
39627752105578103,0.0,0.47,0.53,0.0,0.4987007942838698
39627752105577183,0.0,0.0,1.0,0.0,-0.0
39627746061587228,0.0,0.27,0.73,0.0,0.42073231810408784
39627752101383813,0.0,0.08,0.92,0.0,0.2010895951011364
39627770258524789,0.0,0.89,0.11,0.0,0.249957979082264
39627770258524888,0.0,0.14,0.86,0.0,0.292119405821428
39627800444934324,0.0,1.0,0.0,0.0,-0.0
39627800444934261,0.0,0.39,0.61,0.0,0.4823997742525436
39627800449122523,0.0,0.4,0.6,0.0,0.4854752972273343
39627758174733817,0.0,0.02,0.98,0.0,0.07072027127091034
39627770258522333,0.01,0.84,0.15,0.0,0.3441379826496441
39627776252187180,0.0,0.47,0.53,0.0,0.4987007942838698
39627782325535451,0.0,0.91,0.09,0.0,0.21823490853205144
39627770216579872,0.0,0.43,0.57,0.0,0.4929075185894599
39627800444934076,0.0,0.0,0.93,0.07,0.18296182545011158
39627800423961607,0.0,0.11,0.89,0.0,0.249957979082264
39627740034372293,0.0,0.69,0.31,0.0,0.4465867291889284
39627758132792563,0.0,0.86,0.14,0.0,0.292119405821428
39627788361138274,0.0,0.55,0.45,0.0,0.49638722699390414
39627782321342179,0.0,0.95,0.05,0.0,0.14319847855797813
39627806472145554,0.0,0.99,0.01,0.0,0.04039656794795559
39627764172589736,0.0,0.54,0.46,0.0,0.49768921941011285
39627776285738243,0.0,0.97,0.03,0.0,0.0971959289157881
39627800440738567,0.0,0.22,0.78,0.0,0.38008375148098283
39627770224974352,0.0,0.41,0.59,0.0,0.488250234378912
39627800423957116,0.0,0.52,0.48,0.0,0.4994227679976009
39627764180978583,0.0,0.95,0.05,0.0,0.14319847855797813
39627776268961748,0.0,0.04,0.96,0.0,0.12114609454120741
39627794375775376,0.0,0.25,0.75,0.0,0.4056390622295664
39627746090945110,0.0,0.35,0.65,0.0,0.4670340276877455
39627746090944460,0.0,0.65,0.35,0.0,0.4670340276877455
39627746086752563,0.0,0.97,0.03,0.0,0.0971959289157881
39627746090944130,0.0,0.59,0.41,0.0,0.488250234378912
39627746090945100,0.0,0.57,0.43,0.0,0.4929075185894599
39627752097190379,0.0,0.99,0.01,0.0,0.04039656794795559
39627788348556525,0.0,0.77,0.23,0.0,0.38900565177326885
39627752097190566,0.0,0.81,0.19,0.0,0.3507357299419487
39627800428156213,0.0,0.01,0.98,0.01,0.08072027127091033
39627764210337631,0.0,0.45,0.55,0.0,0.49638722699390414
39627752097190459,0.0,0.95,0.05,0.0,0.14319847855797813
39627746074168474,0.0,0.21,0.79,0.0,0.37074136996563684
39627764206146907,0.0,0.0,0.84,0.16,0.3171547773202831
39627746069974747,0.0,0.47,0.53,0.0,0.4987007942838698
39627746069974619,0.0,0.98,0.02,0.0,0.07072027127091034
39627752109773864,0.0,0.7,0.3,0.0,0.44064544961534635
39627752109774029,0.0,0.81,0.19,0.0,0.3507357299419487
39627752097190853,0.0,0.15,0.85,0.0,0.3049201523582002
39627758174733019,0.0,0.71,0.29,0.0,0.43436062316970225
39627758174733099,0.0,0.07,0.91,0.02,0.2526241113249394
39627758174733017,0.0,0.06,0.94,0.0,0.16372245957723813
39627740030177937,0.0,0.78,0.22,0.0,0.38008375148098283
39627776289934444,0.0,0.14,0.86,0.0,0.292119405821428
39627794375774071,0.0,0.01,0.97,0.02,0.11097036642660543
39627764206146992,0.0,0.78,0.22,0.0,0.38008375148098283
39627794388357044,0.0,0.95,0.05,0.0,0.14319847855797813
39627782321342024,0.0,0.72,0.28,0.0,0.4277254052800653
39627758132793570,0.0,0.13,0.87,0.0,0.2787190925139945
39627806467953726,0.0,0.59,0.41,0.0,0.488250234378912
39627806467953433,0.0,0.12,0.88,0.0,0.2646804326436822
39627758132793810,0.0,0.93,0.07,0.0,0.18296182545011158
39627782312955846,0.0,0.39,0.61,0.0,0.4823997742525436
39627770237555992,0.0,1.0,0.0,0.0,-0.0
39627752092995608,0.0,0.32,0.68,0.0,0.45219072886224687
39627746061582764,0.01,0.91,0.08,0.0,0.24088153359695552
39627746061582599,0.0,0.91,0.09,0.0,0.21823490853205144
39627758132792433,0.0,0.17,0.82,0.01,0.3678974314876692
39627776260575105,0.0,0.17,0.83,0.0,0.32885238937210975
39627806467953484,0.0,0.92,0.08,0.0,0.2010895951011364
39627752130745813,0.0,0.81,0.19,0.0,0.3507357299419487
39627806467953287,0.0,0.13,0.87,0.0,0.2787190925139945
39627806467952656,0.0,0.49,0.51,0.0,0.49985572087640495
39627806467952382,0.0,0.36,0.64,0.0,0.4713415946277461
39627752097190804,0.0,0.31,0.69,0.0,0.4465867291889284
39627758132791524,0.0,0.44,0.56,0.0,0.4947937606110278
39627764172588936,0.0,0.55,0.45,0.0,0.49638722699390414
39627788352753062,0.0,0.04,0.96,0.0,0.12114609454120741
39627788352753043,0.0,0.09,0.91,0.0,0.21823490853205144
39627806467951898,0.0,0.15,0.85,0.0,0.3049201523582002
39627746061582655,0.0,0.93,0.07,0.0,0.18296182545011158
39627794375775818,0.0,0.9,0.1,0.0,0.2344977967946406
39627782321341953,0.0,0.71,0.29,0.0,0.43436062316970225
39627782321341956,0.0,0.86,0.14,0.0,0.292119405821428
39627800423959926,0.0,0.14,0.86,0.0,0.292119405821428
39627746065781258,0.0,0.06,0.94,0.0,0.16372245957723813
39627800423960046,0.0,0.52,0.48,0.0,0.4994227679976009
39627776298321300,0.0,0.23,0.77,0.0,0.38900565177326885
39627782296180582,0.0,0.0,1.0,0.0,-0.0
39627782321346172,0.0,0.03,0.97,0.0,0.0971959289157881
39627776252185341,0.0,0.54,0.46,0.0,0.49768921941011285
39627764206143018,0.0,0.1,0.9,0.0,0.2344977967946406
39627770250134876,0.0,0.81,0.19,0.0,0.3507357299419487
39627764206142867,0.0,0.13,0.87,0.0,0.2787190925139945
39627776298321495,0.0,0.33,0.67,0.0,0.4574631863898637
39627782329729899,0.0,0.01,0.99,0.0,0.04039656794795559
39627758132792583,0.0,0.98,0.02,0.0,0.07072027127091034
39627782338121205,0.0,0.19,0.81,0.0,0.3507357299419487
39627770258525129,0.0,0.89,0.11,0.0,0.249957979082264
39627770258524979,0.0,0.35,0.65,0.0,0.4670340276877455
39627752130745040,0.0,0.27,0.73,0.0,0.42073231810408784
39627770250138533,0.0,0.33,0.67,0.0,0.4574631863898637
39627770250138712,0.0,0.73,0.27,0.0,0.42073231810408784
39627788373721921,0.0,0.62,0.38,0.0,0.47902101111314976
39627782325535975,0.0,0.79,0.21,0.0,0.37074136996563684
39627752130744856,0.0,0.61,0.39,0.0,0.4823997742525436
39627782300370116,0.0,0.21,0.79,0.0,0.37074136996563684
39627770245940930,0.0,0.64,0.36,0.0,0.4713415946277461
39627764180977008,0.0,0.09,0.91,0.0,0.21823490853205144
39627746061586938,0.0,0.18,0.82,0.0,0.34003852286413994
39627752109768759,0.0,0.6,0.4,0.0,0.4854752972273343
39627764197753907,0.0,0.24,0.76,0.0,0.39752013969226113
39627800449126651,0.0,0.96,0.04,0.0,0.12114609454120741
39627794388355905,0.0,0.11,0.89,0.0,0.249957979082264
39627746061586899,0.0,0.49,0.51,0.0,0.49985572087640495
39627776256379365,0.0,0.02,0.96,0.02,0.14114609454120738
39627782300370155,0.0,0.52,0.48,0.0,0.4994227679976009
39627746065777048,0.0,0.21,0.79,0.0,0.37074136996563684
39627758157955341,0.0,0.03,0.97,0.0,0.0971959289157881
39627776285741394,0.0,0.0,0.96,0.04,0.12114609454120741
39627788361138862,0.0,0.72,0.28,0.0,0.4277254052800653
39627752113967263,0.0,0.09,0.91,0.0,0.21823490853205144
39627758157955248,0.0,0.09,0.9,0.01,0.2579475764741046
39627758149569722,0.0,0.01,0.99,0.0,0.04039656794795559
39627806472147160,0.0,0.27,0.73,0.0,0.42073231810408784
39627770245942635,0.01,0.7,0.29,0.0,0.47227179466312613
39627776285741863,0.0,0.99,0.01,0.0,0.04039656794795559
39627764189364668,0.0,0.04,0.96,0.0,0.12114609454120741
39627782308760362,0.0,0.01,0.99,0.0,0.04039656794795559
39627782308760544,0.0,0.91,0.09,0.0,0.21823490853205144
39627788352753010,0.0,0.92,0.08,0.0,0.2010895951011364
39627764193563471,0.0,0.23,0.77,0.0,0.38900565177326885
39627770245942379,0.0,0.88,0.12,0.0,0.2646804326436822
39627764201951180,0.0,0.0,1.0,0.0,-0.0
39627770254332496,0.0,0.79,0.21,0.0,0.37074136996563684
39627776289935437,0.0,0.6,0.4,0.0,0.4854752972273343
39627776289935719,0.04,0.96,0.0,0.0,0.12114609454120741
39627770254331107,0.0,0.99,0.01,0.0,0.04039656794795559
39627764214530672,0.0,0.98,0.02,0.0,0.07072027127091034
39627794379971564,0.0,0.95,0.05,0.0,0.14319847855797813
39627794379971571,0.0,0.92,0.08,0.0,0.2010895951011364
39627782300370600,0.01,0.99,0.0,0.0,0.04039656794795559
39627794384159410,0.0,0.87,0.13,0.0,0.2787190925139945
39627788373725500,0.0,0.13,0.87,0.0,0.2787190925139945
39627746082554546,0.0,0.32,0.68,0.0,0.45219072886224687
39627758170538156,0.0,0.73,0.27,0.0,0.42073231810408784
39627752113967189,0.0,0.38,0.62,0.0,0.47902101111314976
39627764180977200,0.0,0.01,0.95,0.04,0.16124668093016215
39627764180976971,0.0,0.64,0.36,0.0,0.4713415946277461
39627764201951893,0.0,0.83,0.17,0.0,0.32885238937210975
39627788340170676,0.0,0.92,0.08,0.0,0.2010895951011364
39627746069973996,0.0,0.8,0.2,0.0,0.36096404744368116
39627764201951919,0.0,0.06,0.94,0.0,0.16372245957723813
39627764180980855,0.0,0.09,0.91,0.0,0.21823490853205144
39627764189370230,0.0,0.64,0.36,0.0,0.4713415946277461
39627788348558435,0.0,0.95,0.05,0.0,0.14319847855797813
39627758149569791,0.0,0.96,0.04,0.0,0.12114609454120741
39627758166347274,0.0,0.35,0.65,0.0,0.4670340276877455
39627782338117787,0.0,0.0,0.6,0.4,0.4854752972273343
39627752122357692,0.0,0.9,0.1,0.0,0.2344977967946406
39627764201949532,0.0,0.8,0.2,0.0,0.36096404744368116
39627770224969238,0.0,0.01,0.97,0.02,0.11097036642660543
39627746065779355,0.0,0.93,0.07,0.0,0.18296182545011158
39627752122351853,0.0,0.41,0.59,0.0,0.488250234378912
39627770224969389,0.0,0.0,0.96,0.04,0.12114609454120741
39627746065779897,0.0,0.07,0.93,0.0,0.18296182545011158
39627794379969534,0.0,0.88,0.12,0.0,0.2646804326436822
39627800428152867,0.0,0.65,0.35,0.0,0.4670340276877455
39627794388354703,0.0,0.85,0.15,0.0,0.3049201523582002
39627788369532528,0.0,0.8,0.2,0.0,0.36096404744368116
39627794388355095,0.0,0.68,0.32,0.0,0.45219072886224687
39627770237556135,0.0,0.71,0.29,0.0,0.43436062316970225
39627764193558800,0.0,0.77,0.23,0.0,0.38900565177326885
39627764193559006,0.0,0.77,0.23,0.0,0.38900565177326885
39627776260574506,0.0,0.66,0.34,0.0,0.46240935248651505
39627758149572275,0.0,0.18,0.82,0.0,0.34003852286413994
39627758136988831,0.0,0.0,0.99,0.01,0.04039656794795559
39627758136989335,0.0,0.21,0.79,0.0,0.37074136996563684
39627800440733871,0.0,0.04,0.96,0.0,0.12114609454120741
39627776281546864,0.0,0.78,0.22,0.0,0.38008375148098283
39627776281547578,0.0,0.84,0.16,0.0,0.3171547773202831
39627800428153063,0.0,0.33,0.67,0.0,0.4574631863898637
39627782300374974,0.0,0.25,0.75,0.0,0.4056390622295664
39627752130740959,0.0,0.37,0.63,0.0,0.47533604634353294
39627776285737114,0.0,0.95,0.05,0.0,0.14319847855797813
39627788344366808,0.0,0.01,0.99,0.0,0.04039656794795559
39627776285737058,0.0,0.8,0.2,0.0,0.36096404744368116
39627776281547547,0.0,0.31,0.69,0.0,0.4465867291889284
39627764189365904,0.0,0.0,0.69,0.31,0.4465867291889284
39627758157959316,0.0,0.98,0.02,0.0,0.07072027127091034
39627788352754533,0.0,0.92,0.08,0.0,0.2010895951011364
39627794388356191,0.0,0.87,0.13,0.0,0.2787190925139945
39627746069975389,0.0,0.73,0.27,0.0,0.42073231810408784
39627806476342043,0.0,0.0,0.99,0.01,0.04039656794795559
39627764180980720,0.0,0.8,0.2,0.0,0.36096404744368116
39627764180980543,0.0,0.13,0.87,0.0,0.2787190925139945
39627776294127344,0.0,0.71,0.29,0.0,0.43436062316970225
39627746090945632,0.27,0.73,0.0,0.0,0.42073231810408784
39627806467953425,0.0,0.94,0.06,0.0,0.16372245957723813
39627752130743469,0.0,0.82,0.18,0.0,0.34003852286413994
39627746061586368,0.0,0.33,0.67,0.0,0.4574631863898637
39627806472148550,0.0,0.73,0.27,0.0,0.42073231810408784
39627776268963635,0.0,0.45,0.55,0.0,0.49638722699390414
39627740034372590,0.0,0.95,0.05,0.0,0.14319847855797813
39627752113967837,0.0,0.46,0.54,0.0,0.49768921941011285
39627806467954009,0.0,0.79,0.21,0.0,0.37074136996563684
39627776285742420,0.0,0.79,0.21,0.0,0.37074136996563684
39627788356949021,0.0,1.0,0.0,0.0,-0.0
39627746090945407,0.0,0.1,0.9,0.0,0.2344977967946406
39627782333929595,0.0,0.0,1.0,0.0,-0.0
39627764180980119,0.0,0.5,0.5,0.0,0.5
39627794392552117,0.0,0.54,0.46,0.0,0.49768921941011285
39627794392552267,0.0,0.54,0.46,0.0,0.49768921941011285
39627746086748616,0.0,0.72,0.28,0.0,0.4277254052800653
39627800444928268,0.0,0.85,0.15,0.0,0.3049201523582002
39627764189369712,0.0,0.76,0.24,0.0,0.39752013969226113
39627758145376632,0.0,0.97,0.03,0.0,0.0971959289157881
39627764189369761,0.0,0.47,0.53,0.0,0.4987007942838698
39627788335974279,0.0,0.57,0.43,0.0,0.4929075185894599
39627794388356319,0.0,0.42,0.58,0.0,0.49072694751682683
39627740034372121,0.0,0.85,0.15,0.0,0.3049201523582002
39627764176783290,0.0,0.87,0.13,0.0,0.2787190925139945
39627752109771319,0.0,0.16,0.84,0.0,0.3171547773202831
39627764176782823,0.0,0.04,0.96,0.0,0.12114609454120741
39627776285736992,0.0,0.74,0.26,0.0,0.4133731862463089
39627794396744988,0.0,0.74,0.26,0.0,0.4133731862463089
39627806463759038,0.0,0.3,0.7,0.0,0.44064544961534635
39627746086750413,0.0,0.5,0.5,0.0,0.5
39627752126548510,0.0,0.28,0.72,0.0,0.4277254052800653
39627770233360623,0.0,0.32,0.68,0.0,0.45219072886224687
39627770245940847,0.0,0.83,0.17,0.0,0.32885238937210975
39627752105574667,0.0,0.33,0.67,0.0,0.4574631863898637
39627794413521558,0.0,0.58,0.42,0.0,0.49072694751682683
39627788340170570,0.0,0.15,0.85,0.0,0.3049201523582002
39627764206142799,0.0,0.8,0.2,0.0,0.36096404744368116
39627788340170979,0.0,0.99,0.01,0.0,0.04039656794795559
39627788335976870,0.0,0.22,0.78,0.0,0.38008375148098283
39627788377915736,0.0,0.68,0.32,0.0,0.45219072886224687
39627788340170951,0.0,0.37,0.63,0.0,0.47533604634353294
39627788335976346,0.0,0.99,0.01,0.0,0.04039656794795559
39627806467953142,0.0,0.04,0.96,0.0,0.12114609454120741
39627764201948184,0.0,0.96,0.04,0.0,0.12114609454120741
39627788335976908,0.0,0.27,0.73,0.0,0.42073231810408784
39627752130743871,0.0,0.93,0.07,0.0,0.18296182545011158
39627788373721738,0.0,0.18,0.82,0.0,0.34003852286413994
39627770233360519,0.0,0.44,0.56,0.0,0.4947937606110278
39627764189366742,0.0,0.0,0.97,0.03,0.0971959289157881
39627782312953875,0.0,0.1,0.9,0.0,0.2344977967946406
39627788373727224,0.0,0.22,0.78,0.0,0.38008375148098283
39627758170539990,0.0,0.48,0.52,0.0,0.4994227679976009
39627782300374704,0.0,0.73,0.27,0.0,0.42073231810408784
39627782312954082,0.0,0.33,0.67,0.0,0.4574631863898637
39627758170539999,0.0,0.72,0.28,0.0,0.4277254052800653
39627758170543243,0.0,0.17,0.83,0.0,0.32885238937210975
39627788352754620,0.0,0.55,0.45,0.0,0.49638722699390414
39627770233360932,0.0,0.01,0.99,0.0,0.04039656794795559
39627788352754767,0.0,0.25,0.75,0.0,0.4056390622295664
39627806472148424,0.0,0.14,0.86,0.0,0.292119405821428
39627758145374520,0.0,0.87,0.13,0.0,0.2787190925139945
39627788373722323,0.0,0.64,0.36,0.0,0.4713415946277461
39627776289933507,0.0,0.92,0.08,0.0,0.2010895951011364
39627800440738714,0.0,0.3,0.7,0.0,0.44064544961534635
39627800440738642,0.0,0.83,0.17,0.0,0.32885238937210975
39627788373721952,0.0,0.84,0.16,0.0,0.3171547773202831
39627800440738470,0.0,0.68,0.32,0.0,0.45219072886224687
39627770237551722,0.0,0.65,0.35,0.0,0.4670340276877455
39627770233356925,0.0,0.33,0.67,0.0,0.4574631863898637
39627776260574553,0.0,0.04,0.96,0.0,0.12114609454120741
39627788373721478,0.0,0.83,0.17,0.0,0.32885238937210975
39627764218728745,0.0,0.55,0.45,0.0,0.49638722699390414
39627764214530514,0.0,0.2,0.8,0.0,0.36096404744368116
39627794388354057,0.0,1.0,0.0,0.0,-0.0
39627752113963085,0.0,0.96,0.04,0.0,0.12114609454120741
39627794388354006,0.0,0.89,0.11,0.0,0.249957979082264
39627776264771592,0.0,0.77,0.23,0.0,0.38900565177326885
39627764189369610,0.0,0.0,0.97,0.03,0.0971959289157881
39627740030176539,0.0,0.73,0.27,0.0,0.42073231810408784
39627794388353825,0.0,0.73,0.27,0.0,0.42073231810408784
39627794388353758,0.0,1.0,0.0,0.0,-0.0
39627794388353230,0.0,0.08,0.92,0.0,0.2010895951011364
39627746090945302,0.0,0.11,0.89,0.0,0.249957979082264
39627758141178622,0.0,0.41,0.59,0.0,0.488250234378912
39627746090945404,0.0,0.21,0.79,0.0,0.37074136996563684
39627794409328017,0.0,0.99,0.01,0.0,0.04039656794795559
39627746065779181,0.0,0.18,0.82,0.0,0.34003852286413994
39627782338119190,0.0,0.65,0.35,0.0,0.4670340276877455
39627788369528447,0.0,0.77,0.23,0.0,0.38900565177326885
39627758136988789,0.0,0.98,0.02,0.0,0.07072027127091034
39627740034370574,0.07,0.92,0.01,0.0,0.22283217282912027
39627782329733902,0.0,0.41,0.59,0.0,0.488250234378912
39627746061586986,0.0,1.0,0.0,0.0,-0.0
39627770233361342,0.0,0.31,0.69,0.0,0.4465867291889284
39627746090943380,0.0,0.24,0.76,0.0,0.39752013969226113
39627776294127964,0.0,0.57,0.43,0.0,0.4929075185894599
39627758145374991,0.0,0.95,0.05,0.0,0.14319847855797813
39627770237550646,0.0,0.65,0.35,0.0,0.4670340276877455
39627794413522025,0.0,0.63,0.37,0.0,0.47533604634353294
39627758170541743,0.0,0.33,0.67,0.0,0.4574631863898637
39627770233361357,0.0,0.28,0.72,0.0,0.4277254052800653
39627794379967222,0.0,0.07,0.93,0.0,0.18296182545011158
39627764176787467,0.0,0.01,0.99,0.0,0.04039656794795559
39627794392552098,0.0,0.31,0.69,0.0,0.4465867291889284
39627764206143750,0.0,1.0,0.0,0.0,-0.0
39627770258525904,0.0,0.07,0.93,0.0,0.18296182545011158
39627758157957223,0.0,0.04,0.96,0.0,0.12114609454120741
39627776294127358,0.0,0.96,0.04,0.0,0.12114609454120741
39627776256379450,0.0,0.83,0.17,0.0,0.32885238937210975
39627764176783676,0.0,0.67,0.33,0.0,0.4574631863898637
39627764176783468,0.0,0.76,0.24,0.0,0.39752013969226113
39627758157957235,0.0,0.82,0.18,0.0,0.34003852286413994
39627764176783628,0.0,0.06,0.94,0.0,0.16372245957723813
39627758141180954,0.0,0.03,0.96,0.01,0.13737165703039006
39627758157957090,0.0,0.14,0.86,0.0,0.292119405821428
39627746086748917,0.0,0.03,0.97,0.0,0.0971959289157881
39627752130744844,0.0,0.5,0.5,0.0,0.5
39627800432350072,0.0,0.06,0.94,0.0,0.16372245957723813
39627770258523121,0.0,0.03,0.97,0.0,0.0971959289157881
39627764189367695,0.0,0.19,0.81,0.0,0.3507357299419487
39627794379971235,0.0,0.04,0.96,0.0,0.12114609454120741
39627764189367737,0.0,0.56,0.44,0.0,0.4947937606110278
39627776285739955,0.0,0.31,0.69,0.0,0.4465867291889284
39627794384161082,0.0,0.0,1.0,0.0,-0.0
39627776252186241,0.0,0.24,0.76,0.0,0.39752013969226113
39627746061584138,0.0,0.01,0.97,0.02,0.11097036642660543
39627770216585110,0.0,0.41,0.59,0.0,0.488250234378912
39627776294130921,0.0,0.0,0.65,0.35,0.4670340276877455
39627752130745749,0.0,0.13,0.87,0.0,0.2787190925139945
39627764176783095,0.0,0.19,0.81,0.0,0.3507357299419487
39627764176783069,0.0,0.09,0.91,0.0,0.21823490853205144
39627800432350324,0.0,0.01,0.99,0.0,0.04039656794795559
39627776252188279,0.0,0.09,0.91,0.0,0.21823490853205144
39627770258524913,0.0,0.05,0.95,0.0,0.14319847855797813
39627800432346754,0.0,0.55,0.45,0.0,0.49638722699390414
39627770212388685,0.0,0.5,0.5,0.0,0.5
39627758157957293,0.0,0.33,0.67,0.0,0.4574631863898637
39627746086748688,0.0,0.34,0.66,0.0,0.46240935248651505
39627788373723145,0.0,0.0,1.0,0.0,-0.0
39627776294130074,0.0,0.96,0.04,0.0,0.12114609454120741
39627788373723336,0.0,0.3,0.7,0.0,0.44064544961534635
39627758132793863,0.0,0.04,0.94,0.02,0.19127133459887283
39627806467953752,0.0,0.8,0.2,0.0,0.36096404744368116
39627752097190571,0.0,0.5,0.5,0.0,0.5
39627806467953786,0.0,0.15,0.85,0.0,0.3049201523582002
39627752097190047,0.0,0.55,0.45,0.0,0.49638722699390414
39627752097191064,0.0,0.25,0.75,0.0,0.4056390622295664
39627764201948795,0.0,1.0,0.0,0.0,-0.0
39627794384161421,0.0,0.27,0.73,0.0,0.42073231810408784
39627770237551592,0.0,0.54,0.46,0.0,0.49768921941011285
39627752097190507,0.0,0.3,0.7,0.0,0.44064544961534635
39627770237551462,0.0,0.69,0.31,0.0,0.4465867291889284
39627746086752327,0.0,0.61,0.39,0.0,0.4823997742525436
39627800428153372,0.0,0.9,0.1,0.0,0.2344977967946406
39627776294130444,0.0,0.29,0.71,0.0,0.43436062316970225
39627800423960037,0.0,0.03,0.97,0.0,0.0971959289157881
39627800428153017,0.0,0.58,0.42,0.0,0.49072694751682683
39627758145375573,0.0,0.77,0.23,0.0,0.38900565177326885
39627800428153058,0.0,0.84,0.16,0.0,0.3171547773202831
39627800428153134,0.0,0.02,0.98,0.0,0.07072027127091034
39627752130745829,0.0,0.24,0.76,0.0,0.39752013969226113
39627752134934715,0.0,0.18,0.82,0.0,0.34003852286413994
39627788377920181,0.0,0.89,0.11,0.0,0.249957979082264
39627776281545969,0.0,0.74,0.26,0.0,0.4133731862463089
39627782300374722,0.0,0.25,0.75,0.0,0.4056390622295664
39627770241746580,0.0,0.55,0.45,0.0,0.49638722699390414
39627776294129929,0.0,0.08,0.92,0.0,0.2010895951011364
39627758145374951,0.0,0.22,0.78,0.0,0.38008375148098283
39627788373721437,0.01,0.99,0.0,0.0,0.04039656794795559
39627770258524453,0.0,0.1,0.9,0.0,0.2344977967946406
39627788369532535,0.0,0.06,0.94,0.0,0.16372245957723813
39627776273157402,0.0,0.27,0.73,0.0,0.42073231810408784
39627782312955244,0.0,0.53,0.47,0.0,0.4987007942838698
39627776260574536,0.0,0.06,0.94,0.0,0.16372245957723813
39627776260574584,0.0,0.46,0.54,0.0,0.49768921941011285
39627752097190774,0.0,0.85,0.15,0.0,0.3049201523582002
39627752097190864,0.0,0.97,0.03,0.0,0.0971959289157881
39627764206145329,0.0,0.69,0.31,0.0,0.4465867291889284
39627782312953169,0.0,0.84,0.16,0.0,0.3171547773202831
39627764210341693,0.0,0.14,0.86,0.0,0.292119405821428
39627788348557391,0.0,0.0,0.99,0.01,0.04039656794795559
39627770216585164,0.0,0.99,0.01,0.0,0.04039656794795559
39627776294130906,0.0,0.54,0.46,0.0,0.49768921941011285
39627776294131046,0.0,0.83,0.17,0.0,0.32885238937210975
39627782312955186,0.0,0.73,0.27,0.0,0.42073231810408784
39627794392549869,0.0,0.3,0.7,0.0,0.44064544961534635
39627794388357635,0.0,0.68,0.32,0.0,0.45219072886224687
39627788373721224,0.0,0.85,0.15,0.0,0.3049201523582002
39627776273157454,0.0,0.71,0.29,0.0,0.43436062316970225
39627752097189834,0.0,0.69,0.31,0.0,0.4465867291889284
39627746061582962,0.0,0.02,0.96,0.02,0.14114609454120738
39627794400939887,0.0,0.87,0.13,0.0,0.2787190925139945
39627776294127294,0.0,0.34,0.66,0.0,0.46240935248651505
39627752097189324,0.0,0.29,0.71,0.0,0.43436062316970225
39627776277351841,0.01,0.98,0.01,0.0,0.08072027127091033
39627776277351886,0.0,0.58,0.42,0.0,0.49072694751682683
39627758170542131,0.0,0.95,0.05,0.0,0.14319847855797813
39627752097189241,0.0,0.69,0.31,0.0,0.4465867291889284
39627776289935284,0.0,0.18,0.82,0.0,0.34003852286413994
39627752109769531,0.0,0.54,0.46,0.0,0.49768921941011285
39627800423962703,0.0,0.59,0.41,0.0,0.488250234378912
39627752126549216,0.0,0.5,0.5,0.0,0.5
39627752126549404,0.0,0.16,0.84,0.0,0.3171547773202831
39627782329732852,0.0,0.48,0.52,0.0,0.4994227679976009
39627776252189133,0.0,1.0,0.0,0.0,-0.0
39627746069975833,0.0,0.18,0.82,0.0,0.34003852286413994
39627770220774201,0.0,0.54,0.46,0.0,0.49768921941011285
39627776298322720,0.01,0.75,0.24,0.0,0.4359255858648683
39627752122354577,0.0,0.06,0.94,0.0,0.16372245957723813
39627776264766102,0.0,0.03,0.97,0.0,0.0971959289157881
39627752105575039,0.0,0.72,0.28,0.0,0.4277254052800653
39627782321346104,0.0,0.99,0.01,0.0,0.04039656794795559
39627752105574620,0.0,0.78,0.22,0.0,0.38008375148098283
39627782321346125,0.0,0.99,0.01,0.0,0.04039656794795559
39627782321345982,0.0,0.15,0.85,0.0,0.3049201523582002
39627794388355178,0.0,0.84,0.16,0.0,0.3171547773202831
39627788369530625,0.0,0.01,0.98,0.01,0.08072027127091033
39627752105574560,0.0,0.01,0.95,0.04,0.16124668093016215
39627752105574888,0.0,0.28,0.72,0.0,0.4277254052800653
39627752109769663,0.0,0.92,0.08,0.0,0.2010895951011364
39627752105575025,0.0,0.95,0.05,0.0,0.14319847855797813
39627782308760485,0.0,0.59,0.41,0.0,0.488250234378912
39627752109769418,0.0,0.67,0.33,0.0,0.4574631863898637
39627758157960862,0.0,0.88,0.12,0.0,0.2646804326436822
39627758157960849,0.0,0.02,0.98,0.0,0.07072027127091034
39627752109769885,0.0,0.0,0.96,0.04,0.12114609454120741
39627776285741967,0.0,0.26,0.74,0.0,0.4133731862463089
39627776294128005,0.0,0.92,0.08,0.0,0.2010895951011364
39627764176787363,0.0,0.15,0.85,0.0,0.3049201523582002
39627758145372207,0.0,0.97,0.03,0.0,0.0971959289157881
39627758149572031,0.0,0.4,0.6,0.0,0.4854752972273343
39627758149571607,0.0,0.0,0.97,0.03,0.0971959289157881
39627788365337325,0.0,0.02,0.98,0.0,0.07072027127091034
39627752126552025,0.0,0.24,0.76,0.0,0.39752013969226113
39627752130740311,0.0,0.19,0.81,0.0,0.3507357299419487
39627752130740316,0.0,0.89,0.11,0.0,0.249957979082264
39627758145373527,0.0,0.21,0.79,0.0,0.37074136996563684
39627758170538961,0.0,0.93,0.07,0.0,0.18296182545011158
39627758145373543,0.0,0.19,0.81,0.0,0.3507357299419487
39627758145373618,0.0,0.2,0.8,0.0,0.36096404744368116
39627758162149598,0.0,0.58,0.42,0.0,0.49072694751682683
39627788361144167,0.0,0.81,0.19,0.0,0.3507357299419487
39627794409328116,0.0,1.0,0.0,0.0,-0.0
39627788344364602,0.0,0.86,0.14,0.0,0.292119405821428
39627764180980275,0.0,0.0,0.98,0.02,0.07072027127091034
39627776294128018,0.0,0.61,0.39,0.0,0.4823997742525436
39627776260571219,0.0,0.74,0.26,0.0,0.4133731862463089
39627776260571712,0.0,0.31,0.69,0.0,0.4465867291889284
39627752109769498,0.0,0.35,0.65,0.0,0.4670340276877455
39627746090944126,0.0,0.94,0.06,0.0,0.16372245957723813
39627746090943998,0.0,0.41,0.59,0.0,0.488250234378912
39627782308760662,0.0,0.99,0.01,0.0,0.04039656794795559
39627776260571946,0.0,0.0,0.99,0.01,0.04039656794795559
39627746086749211,0.0,0.2,0.8,0.0,0.36096404744368116
39627782300373476,0.0,0.15,0.85,0.0,0.3049201523582002
39627752109770005,0.0,0.53,0.47,0.0,0.4987007942838698
39627752109770001,0.0,0.69,0.31,0.0,0.4465867291889284
39627794409330215,0.0,0.0,1.0,0.0,-0.0
39627752109769895,0.0,0.49,0.51,0.0,0.49985572087640495
39627782308760295,0.0,0.36,0.64,0.0,0.4713415946277461
39627788344365590,0.0,0.64,0.36,0.0,0.4713415946277461
39627782308763437,0.0,0.65,0.35,0.0,0.4670340276877455
39627776268960866,0.0,0.3,0.7,0.0,0.44064544961534635
39627776294128639,0.0,0.48,0.52,0.0,0.4994227679976009
39627752109769795,0.0,0.18,0.82,0.0,0.34003852286413994
39627776252188827,0.0,0.18,0.82,0.0,0.34003852286413994
39627782312955467,0.0,0.48,0.52,0.0,0.4994227679976009
39627782312955453,0.0,0.09,0.91,0.0,0.21823490853205144
39627782312955295,0.0,0.0,0.92,0.08,0.2010895951011364
39627794409328234,0.0,0.05,0.95,0.0,0.14319847855797813
39627782312955199,0.0,0.0,0.89,0.11,0.249957979082264
39627758170538636,0.0,0.78,0.22,0.0,0.38008375148098283
39627740038567313,0.0,0.23,0.77,0.0,0.38900565177326885
39627740038567272,0.0,0.22,0.78,0.0,0.38008375148098283
39627782308763679,0.0,0.02,0.98,0.0,0.07072027127091034
39627746082556978,0.0,0.03,0.97,0.0,0.0971959289157881
39627758149571889,0.0,0.28,0.72,0.0,0.4277254052800653
39627800419766797,0.0,0.76,0.24,0.0,0.39752013969226113
39627800440735684,0.0,0.05,0.95,0.0,0.14319847855797813
39627800440735735,0.0,0.41,0.59,0.0,0.488250234378912
39627800440735954,0.0,0.97,0.03,0.0,0.0971959289157881
39627800440736026,0.0,0.9,0.1,0.0,0.2344977967946406
39627764185176177,0.0,0.34,0.66,0.0,0.46240935248651505
39627764189364462,0.0,0.93,0.07,0.0,0.18296182545011158
39627764197757254,0.0,0.6,0.4,0.0,0.4854752972273343
39627764201950746,0.0,0.19,0.81,0.0,0.3507357299419487
39627764189366811,0.0,0.96,0.04,0.0,0.12114609454120741
39627764206143318,0.0,0.38,0.62,0.0,0.47902101111314976
39627764193563042,0.0,0.46,0.54,0.0,0.49768921941011285
39627764210340417,0.0,1.0,0.0,0.0,-0.0
39627794405136207,0.0,0.84,0.16,0.0,0.3171547773202831
39627770216583544,0.0,0.21,0.79,0.0,0.37074136996563684
39627746086749369,0.0,0.87,0.13,0.0,0.2787190925139945
39627782333927565,0.0,0.48,0.52,0.0,0.4994227679976009
39627800428154368,0.0,0.14,0.86,0.0,0.292119405821428
39627776289934874,0.0,0.9,0.1,0.0,0.2344977967946406
39627776289935479,0.0,0.57,0.43,0.0,0.4929075185894599
39627764176784209,0.0,0.47,0.53,0.0,0.4987007942838698
39627740042762071,0.0,0.0,0.97,0.03,0.0971959289157881
39627800432349003,0.0,0.68,0.32,0.0,0.45219072886224687
39627782300372314,0.0,0.45,0.55,0.0,0.49638722699390414
39627794409326857,0.0,0.53,0.47,0.0,0.4987007942838698
39627788369532450,0.0,0.01,0.97,0.02,0.11097036642660543
39627782296179548,0.0,0.42,0.58,0.0,0.49072694751682683
39627794409327272,0.0,0.09,0.91,0.0,0.21823490853205144
39627782296179633,0.0,0.02,0.98,0.0,0.07072027127091034
39627794409326828,0.0,0.39,0.61,0.0,0.4823997742525436
39627764214535008,0.0,0.48,0.52,0.0,0.4994227679976009
39627764176784891,0.01,0.87,0.12,0.0,0.30414992414989617
39627758153762745,0.0,0.33,0.67,0.0,0.4574631863898637
39627800428153926,0.0,0.37,0.63,0.0,0.47533604634353294
39627782312952849,0.0,0.66,0.34,0.0,0.46240935248651505
39627746090946579,0.0,0.87,0.13,0.0,0.2787190925139945
39627800436544679,0.0,0.98,0.02,0.0,0.07072027127091034
39627758145373364,0.0,0.42,0.58,0.0,0.49072694751682683
39627758145373258,0.0,0.75,0.25,0.0,0.4056390622295664
39627788361140305,0.0,0.1,0.9,0.0,0.2344977967946406
39627782296176717,0.0,0.15,0.85,0.0,0.3049201523582002
39627782296176389,0.0,0.49,0.51,0.0,0.49985572087640495
39627788356949123,0.0,0.01,0.98,0.01,0.08072027127091033
39627776294130062,0.0,0.01,0.98,0.01,0.08072027127091033
39627752105576159,0.0,0.9,0.1,0.0,0.2344977967946406
39627782296176606,0.0,0.61,0.39,0.0,0.4823997742525436
39627800436540229,0.0,0.19,0.81,0.0,0.3507357299419487
39627782296175720,0.0,0.49,0.51,0.0,0.49985572087640495
39627782312952507,0.0,0.68,0.32,0.0,0.45219072886224687
39627764193562583,0.0,0.66,0.34,0.0,0.46240935248651505
39627746086748215,0.0,0.91,0.09,0.0,0.21823490853205144
39627794375775312,0.0,0.86,0.14,0.0,0.292119405821428
39627794375775905,0.0,0.13,0.87,0.0,0.2787190925139945
39627782329732815,0.0,0.63,0.37,0.0,0.47533604634353294
39627746082559830,0.0,0.41,0.59,0.0,0.488250234378912
39627788335973520,0.0,0.48,0.52,0.0,0.4994227679976009
39627746086748268,0.0,0.79,0.21,0.0,0.37074136996563684
39627764197754547,0.0,0.07,0.93,0.0,0.18296182545011158
39627788361140277,0.0,0.04,0.96,0.0,0.12114609454120741
39627746086749500,0.0,0.91,0.09,0.0,0.21823490853205144
39627788344367240,0.0,0.86,0.14,0.0,0.292119405821428
39627770262717377,0.0,0.37,0.63,0.0,0.47533604634353294
39627782329730392,0.0,0.05,0.95,0.0,0.14319847855797813
39627794375775027,0.0,0.63,0.37,0.0,0.47533604634353294
39627770241747785,0.0,0.95,0.05,0.0,0.14319847855797813
39627764210339419,0.0,0.78,0.22,0.0,0.38008375148098283
39627764210339414,0.0,0.81,0.19,0.0,0.3507357299419487
39627782333928120,0.0,0.2,0.8,0.0,0.36096404744368116
39627758170540972,0.0,0.66,0.34,0.0,0.46240935248651505
39627770258524830,0.0,0.13,0.87,0.0,0.2787190925139945
39627764176782057,0.0,0.61,0.39,0.0,0.4823997742525436
39627764176782132,0.0,0.98,0.02,0.0,0.07072027127091034
39627794413521246,0.0,0.56,0.44,0.0,0.4947937606110278
39627794384162413,0.0,0.06,0.94,0.0,0.16372245957723813
39627764172591091,0.0,0.79,0.21,0.0,0.37074136996563684
39627776268961450,0.0,0.79,0.21,0.0,0.37074136996563684
39627794396746006,0.0,0.17,0.83,0.0,0.32885238937210975
39627764193563219,0.0,0.29,0.71,0.0,0.43436062316970225
39627764193563272,0.0,0.48,0.52,0.0,0.4994227679976009
39627764172591107,0.0,0.06,0.94,0.0,0.16372245957723813
39627746061587535,0.0,0.36,0.64,0.0,0.4713415946277461
39627752130740510,0.0,0.1,0.9,0.0,0.2344977967946406
39627740038564153,0.0,0.04,0.96,0.0,0.12114609454120741
39627776268961209,0.0,0.28,0.72,0.0,0.4277254052800653
39627782325536710,0.0,0.2,0.8,0.0,0.36096404744368116
39627764193560215,0.0,0.02,0.98,0.0,0.07072027127091034
39627746069973870,0.0,0.2,0.8,0.0,0.36096404744368116
39627764172590974,0.0,0.09,0.91,0.0,0.21823490853205144
39627746069973774,0.0,0.29,0.71,0.0,0.43436062316970225
39627746069973561,0.0,0.07,0.93,0.0,0.18296182545011158
39627746069973511,0.0,0.76,0.24,0.0,0.39752013969226113
39627764176782187,0.0,0.23,0.77,0.0,0.38900565177326885
39627764193563481,0.0,0.05,0.95,0.0,0.14319847855797813
39627770254330980,0.0,0.07,0.93,0.0,0.18296182545011158
39627776298321616,0.0,0.96,0.04,0.0,0.12114609454120741
39627770233357079,0.0,0.44,0.56,0.0,0.4947937606110278
39627770241747305,0.0,0.19,0.81,0.0,0.3507357299419487
39627782338118465,0.0,0.0,1.0,0.0,-0.0
39627776289933198,0.0,0.08,0.92,0.0,0.2010895951011364
39627788373722400,0.0,0.0,0.96,0.04,0.12114609454120741
39627740046953137,0.0,0.69,0.31,0.0,0.4465867291889284
39627740051147766,0.0,0.35,0.65,0.0,0.4670340276877455
39627746090945656,0.0,0.73,0.27,0.0,0.42073231810408784
39627782317150610,0.0,0.97,0.03,0.0,0.0971959289157881
39627740046953068,0.0,0.79,0.21,0.0,0.37074136996563684
39627776260572162,0.0,0.1,0.9,0.0,0.2344977967946406
39627740042756458,0.0,0.38,0.62,0.0,0.47902101111314976
39627740038566680,0.01,0.98,0.01,0.0,0.08072027127091033
39627776260571446,0.0,0.19,0.81,0.0,0.3507357299419487
39627776256383488,0.0,0.14,0.86,0.0,0.292119405821428
39627776260571269,0.0,0.95,0.05,0.0,0.14319847855797813
39627746090944017,0.0,0.05,0.95,0.0,0.14319847855797813
39627794409330154,0.0,0.01,0.98,0.01,0.08072027127091033
39627764214531119,0.0,0.7,0.3,0.0,0.44064544961534635
39627782321342546,0.0,0.0,1.0,0.0,-0.0
39627746074167622,0.0,0.36,0.64,0.0,0.4713415946277461
39627782321342595,0.0,0.0,0.99,0.01,0.04039656794795559
39627746074167710,0.0,0.19,0.81,0.0,0.3507357299419487
39627740030176712,0.02,0.97,0.01,0.0,0.11097036642660543
39627740034370075,0.0,0.18,0.82,0.0,0.34003852286413994
39627770216580049,0.0,0.57,0.43,0.0,0.4929075185894599
39627764210340382,0.0,0.01,0.99,0.0,0.04039656794795559
39627740034368557,0.0,0.02,0.97,0.01,0.11097036642660543
39627782321342696,0.0,0.18,0.82,0.0,0.34003852286413994
39627758170542290,0.0,0.81,0.19,0.0,0.3507357299419487
39627758174732904,0.0,0.3,0.7,0.0,0.44064544961534635
39627752097189774,0.0,0.01,0.97,0.02,0.11097036642660543
39627782291985293,0.0,0.16,0.84,0.0,0.3171547773202831
39627776260574677,0.0,0.23,0.77,0.0,0.38900565177326885
39627764210341852,0.0,0.88,0.12,0.0,0.2646804326436822
39627746069974055,0.0,0.2,0.8,0.0,0.36096404744368116
39627764210341823,0.0,1.0,0.0,0.0,-0.0
39627752122354845,0.0,0.65,0.35,0.0,0.4670340276877455
39627746090943804,0.0,0.85,0.15,0.0,0.3049201523582002
39627752097188624,0.0,0.22,0.78,0.0,0.38008375148098283
39627752097189743,0.0,0.66,0.34,0.0,0.46240935248651505
39627752109770442,0.0,0.58,0.42,0.0,0.49072694751682683
39627788344366040,0.0,0.02,0.97,0.01,0.11097036642660543
39627758153765018,0.0,0.19,0.81,0.0,0.3507357299419487
39627788344366215,0.0,0.67,0.33,0.0,0.4574631863898637
39627734002958550,0.0,0.93,0.07,0.0,0.18296182545011158
39627733998765081,0.0,0.3,0.7,0.0,0.44064544961534635
39627740038567284,0.0,0.06,0.94,0.0,0.16372245957723813
39627740042759928,0.0,0.57,0.43,0.0,0.4929075185894599
39627740042757143,0.02,0.97,0.01,0.0,0.11097036642660543
39627740038567427,0.0,0.48,0.52,0.0,0.4994227679976009
39627733998768666,0.02,0.98,0.0,0.0,0.07072027127091034
39627746095137325,0.0,0.94,0.06,0.0,0.16372245957723813
39627746095137950,0.0,0.17,0.83,0.0,0.32885238937210975
39627733998767555,0.0,0.51,0.49,0.0,0.49985572087640495
39627740042759915,0.0,0.68,0.32,0.0,0.45219072886224687
39627740042758055,0.0,0.37,0.63,0.0,0.47533604634353294
39627733998765468,0.0,0.02,0.93,0.05,0.2131710453499437
39627740042759334,0.0,0.68,0.32,0.0,0.45219072886224687
39627740042759001,0.0,0.28,0.72,0.0,0.4277254052800653
39627752101383820,0.01,0.6,0.39,0.0,0.5192074835266683
39627746061586561,0.01,0.89,0.1,0.0,0.27413031336294724
39627794409330194,0.0,0.23,0.77,0.0,0.38900565177326885
39627794409330188,0.0,0.25,0.75,0.0,0.4056390622295664
39627782321343391,0.0,1.0,0.0,0.0,-0.0
39627794409330166,0.0,0.28,0.72,0.0,0.4277254052800653
39627782321343134,0.0,1.0,0.0,0.0,-0.0
39627740030176620,0.0,0.19,0.81,0.0,0.3507357299419487
39627794400937648,0.0,0.74,0.26,0.0,0.4133731862463089
39627794379966130,0.0,0.39,0.61,0.0,0.4823997742525436
39627740046952907,0.01,0.97,0.02,0.0,0.11097036642660543
39627740038566430,0.0,0.67,0.33,0.0,0.4574631863898637
39627764210341409,0.0,0.05,0.95,0.0,0.14319847855797813
39627776294127889,0.0,0.75,0.25,0.0,0.4056390622295664
39627794375776244,0.0,0.13,0.87,0.0,0.2787190925139945
39627746090943848,0.0,0.59,0.41,0.0,0.488250234378912
39627764176784140,0.0,0.07,0.93,0.0,0.18296182545011158
39627746090943846,0.0,0.94,0.06,0.0,0.16372245957723813
39627776252184179,0.0,0.66,0.34,0.0,0.46240935248651505
39627776285742304,0.0,0.0,1.0,0.0,-0.0
39627776252184886,0.0,0.59,0.41,0.0,0.488250234378912
39627776252185040,0.0,0.01,0.99,0.0,0.04039656794795559
39627740034371095,0.0,0.25,0.75,0.0,0.4056390622295664
39627740046953053,0.0,0.75,0.25,0.0,0.4056390622295664
39627746090945233,0.0,0.98,0.02,0.0,0.07072027127091034
39627740042758736,0.0,0.67,0.33,0.0,0.4574631863898637
39627733998768403,0.0,0.43,0.57,0.0,0.4929075185894599
39627752122353045,0.0,0.02,0.98,0.0,0.07072027127091034
39627746074168930,0.0,0.16,0.84,0.0,0.3171547773202831
39627758153762731,0.0,0.44,0.56,0.0,0.4947937606110278
39627733998764526,0.0,0.95,0.05,0.0,0.14319847855797813
39627776264767709,0.0,0.03,0.97,0.0,0.0971959289157881
39627740042757179,0.0,0.26,0.74,0.0,0.4133731862463089
39627746061586818,0.0,0.96,0.04,0.0,0.12114609454120741
39627746086750060,0.0,0.95,0.05,0.0,0.14319847855797813
39627752097188167,0.0,0.15,0.85,0.0,0.3049201523582002
39627752097188588,0.0,0.14,0.85,0.01,0.33142210248480686
39627758149571461,0.0,0.3,0.7,0.0,0.44064544961534635
39627776264770322,0.0,0.05,0.95,0.0,0.14319847855797813
39627740042759830,0.0,1.0,0.0,0.0,-0.0
39627746061586498,0.0,0.45,0.55,0.0,0.49638722699390414
39627764185175445,0.0,0.24,0.76,0.0,0.39752013969226113
39627794409328438,0.0,0.11,0.89,0.0,0.249957979082264
39627782317150537,0.0,0.86,0.14,0.0,0.292119405821428
39627776252184612,0.0,0.35,0.65,0.0,0.4670340276877455
39627788356944587,0.0,0.9,0.1,0.0,0.2344977967946406
39627776268961739,0.0,0.0,0.88,0.12,0.2646804326436822
39627776268961404,0.0,0.67,0.33,0.0,0.4574631863898637
39627782338120269,0.0,0.32,0.68,0.0,0.45219072886224687
39627788373724806,0.0,0.71,0.29,0.0,0.43436062316970225
39627758145374662,0.0,0.93,0.07,0.0,0.18296182545011158
39627794379965603,0.0,0.19,0.81,0.0,0.3507357299419487
39627782291986137,0.0,0.33,0.67,0.0,0.4574631863898637
39627788369531101,0.0,1.0,0.0,0.0,-0.0
39627794379964980,0.0,0.61,0.39,0.0,0.4823997742525436
39627794379965778,0.0,0.16,0.84,0.0,0.3171547773202831
39627776268961458,0.0,0.05,0.95,0.0,0.14319847855797813
39627764176785123,0.0,0.48,0.52,0.0,0.4994227679976009
39627758145374536,0.0,0.36,0.64,0.0,0.4713415946277461
39627770233357118,0.0,0.33,0.67,0.0,0.4574631863898637
39627764176785620,0.0,0.2,0.8,0.0,0.36096404744368116
39627758141182185,0.0,0.07,0.93,0.0,0.18296182545011158
39627782338120172,0.0,0.98,0.02,0.0,0.07072027127091034
39627758153766081,0.0,0.39,0.61,0.0,0.4823997742525436
39627758153766102,0.0,0.18,0.82,0.0,0.34003852286413994
39627782338120115,0.0,0.82,0.18,0.0,0.34003852286413994
39627752097185981,0.0,0.03,0.97,0.0,0.0971959289157881
39627782321343443,0.0,0.96,0.04,0.0,0.12114609454120741
39627770212387089,0.0,0.99,0.01,0.0,0.04039656794795559
39627794379964688,0.0,0.93,0.07,0.0,0.18296182545011158
39627770212386728,0.0,0.5,0.5,0.0,0.5
39627794375772557,0.0,0.85,0.15,0.0,0.3049201523582002
39627794379964983,0.0,0.03,0.97,0.0,0.0971959289157881
39627776260575771,0.0,0.94,0.06,0.0,0.16372245957723813
39627752101380721,0.0,0.98,0.02,0.0,0.07072027127091034
39627788344367543,0.0,0.16,0.84,0.0,0.3171547773202831
39627788331781817,0.0,1.0,0.0,0.0,-0.0
39627752101380748,0.01,0.89,0.1,0.0,0.27413031336294724
39627752101380791,0.0,0.81,0.19,0.0,0.3507357299419487
39627782325536118,0.0,1.0,0.0,0.0,-0.0
39627794396741867,0.0,0.99,0.01,0.0,0.04039656794795559
39627746090946897,0.0,0.22,0.78,0.0,0.38008375148098283
39627764180979665,0.0,0.66,0.34,0.0,0.46240935248651505
39627794375773712,0.0,0.69,0.31,0.0,0.4465867291889284
39627794375775232,0.0,0.81,0.19,0.0,0.3507357299419487
39627740042761757,0.0,0.0,0.98,0.02,0.07072027127091034
39627782325536935,0.0,0.02,0.96,0.02,0.14114609454120738
39627770258524821,0.0,0.86,0.14,0.0,0.292119405821428
39627752101384050,0.0,0.39,0.61,0.0,0.4823997742525436
39627758145372231,0.0,0.27,0.73,0.0,0.42073231810408784
39627788373724417,0.0,0.78,0.22,0.0,0.38008375148098283
39627782325536944,0.0,1.0,0.0,0.0,-0.0
39627770212388443,0.01,0.7,0.29,0.0,0.47227179466312613
39627782338120566,0.0,0.25,0.75,0.0,0.4056390622295664
39627752101380690,0.0,0.07,0.93,0.0,0.18296182545011158
39627740046953671,0.0,0.95,0.05,0.0,0.14319847855797813
39627733998765865,0.0,0.65,0.35,0.0,0.4670340276877455
39627733998765713,0.0,0.81,0.19,0.0,0.3507357299419487
39627752097189792,0.0,0.33,0.67,0.0,0.4574631863898637
39627752097191029,0.0,0.88,0.12,0.0,0.2646804326436822
39627740046953092,0.03,0.88,0.09,0.0,0.3133571201112301
39627733994573827,0.0,0.85,0.15,0.0,0.3049201523582002
39627758178928395,0.0,0.98,0.02,0.0,0.07072027127091034
39627733994574800,0.0,0.96,0.04,0.0,0.12114609454120741
39627758178928161,0.0,0.26,0.74,0.0,0.4133731862463089
39627752097186483,0.0,0.66,0.34,0.0,0.46240935248651505
39627740046953255,0.0,0.08,0.92,0.0,0.2010895951011364
39627746086750299,0.0,0.75,0.25,0.0,0.4056390622295664
39627740030177125,0.0,0.99,0.01,0.0,0.04039656794795559
39627740030177310,0.0,0.22,0.78,0.0,0.38008375148098283
39627746061586143,0.0,0.77,0.23,0.0,0.38900565177326885
39627746061585860,0.01,0.99,0.0,0.0,0.04039656794795559
39627740021788006,0.0,0.92,0.08,0.0,0.2010895951011364
39627794375776300,0.0,0.06,0.94,0.0,0.16372245957723813
39627788369531768,0.0,0.59,0.41,0.0,0.488250234378912
39627746086750542,0.0,0.05,0.95,0.0,0.14319847855797813
39627782325534834,0.0,0.69,0.31,0.0,0.4465867291889284
39627782321342795,0.0,0.0,0.79,0.21,0.37074136996563684
39627782312954558,0.0,0.13,0.87,0.0,0.2787190925139945
39627788369531468,0.0,0.16,0.84,0.0,0.3171547773202831
39627740030177259,0.0,0.63,0.37,0.0,0.47533604634353294
39627788369531650,0.0,0.72,0.28,0.0,0.4277254052800653
39627752113964831,0.0,0.19,0.81,0.0,0.3507357299419487
39627733994574873,0.0,0.34,0.66,0.0,0.46240935248651505
39627733994574906,0.0,0.9,0.1,0.0,0.2344977967946406
39627734002959754,0.0,1.0,0.0,0.0,-0.0
39627734002960348,0.0,0.9,0.1,0.0,0.2344977967946406
39627758178928485,0.0,0.82,0.18,0.0,0.34003852286413994
39627733998766276,0.0,0.51,0.49,0.0,0.49985572087640495
39627733994574017,0.0,0.92,0.08,0.0,0.2010895951011364
39627733998766257,0.0,0.84,0.16,0.0,0.3171547773202831
39627733994574629,0.0,0.69,0.31,0.0,0.4465867291889284
39627733994574045,0.0,0.82,0.18,0.0,0.34003852286413994
39627734002962333,0.0,0.36,0.64,0.0,0.4713415946277461
39627733998768675,0.0,0.7,0.3,0.0,0.44064544961534635
39627740042759004,0.0,0.87,0.13,0.0,0.2787190925139945
39627782321341903,0.0,0.85,0.15,0.0,0.3049201523582002
39627752097187708,0.0,0.35,0.65,0.0,0.4670340276877455
39627740030176314,0.0,0.87,0.13,0.0,0.2787190925139945
39627782321341618,0.0,0.39,0.61,0.0,0.4823997742525436
39627740030177070,0.0,0.96,0.04,0.0,0.12114609454120741
39627770237555859,0.0,0.47,0.53,0.0,0.4987007942838698
39627740025982072,0.0,0.42,0.58,0.0,0.49072694751682683
39627746061583913,0.0,0.77,0.23,0.0,0.38900565177326885
39627740046952920,0.0,0.65,0.35,0.0,0.4670340276877455
39627740021786529,0.0,0.99,0.01,0.0,0.04039656794795559
39627740030177072,0.05,0.95,0.0,0.0,0.14319847855797813
39627770212385961,0.01,0.99,0.0,0.0,0.04039656794795559
39627752092996136,0.0,0.51,0.49,0.0,0.49985572087640495
39627794375773224,0.0,0.95,0.05,0.0,0.14319847855797813
39627794379965325,0.0,0.3,0.7,0.0,0.44064544961534635
39627758153761775,0.0,0.0,0.98,0.02,0.07072027127091034
39627752097189263,0.0,0.13,0.87,0.0,0.2787190925139945
39627752092996185,0.0,0.44,0.56,0.0,0.4947937606110278
39627746061583785,0.0,0.4,0.6,0.0,0.4854752972273343
39627746061583232,0.0,0.98,0.02,0.0,0.07072027127091034
39627776298320692,0.0,0.69,0.31,0.0,0.4465867291889284
39627740051144909,0.0,0.94,0.06,0.0,0.16372245957723813
39627782317150964,0.0,0.97,0.03,0.0,0.0971959289157881
39627740021788080,0.0,0.55,0.45,0.0,0.49638722699390414
39627733994573632,0.0,0.48,0.52,0.0,0.4994227679976009
39627733994574255,0.0,0.99,0.01,0.0,0.04039656794795559
39627733994574146,0.0,1.0,0.0,0.0,-0.0
39627740046953929,0.0,0.75,0.25,0.0,0.4056390622295664
39627740051144787,0.0,0.57,0.43,0.0,0.4929075185894599
39627752092996609,0.0,0.59,0.41,0.0,0.488250234378912
39627782317149702,0.0,0.97,0.03,0.0,0.0971959289157881
39627733998766924,0.0,0.89,0.11,0.0,0.249957979082264
39627740046953707,0.01,0.97,0.02,0.0,0.11097036642660543
39627740046954018,0.0,1.0,0.0,0.0,-0.0
39627752092996516,0.0,0.54,0.46,0.0,0.49768921941011285
39627740034368724,0.0,0.9,0.1,0.0,0.2344977967946406
39627776285739321,0.0,0.77,0.23,0.0,0.38900565177326885
39627752092996740,0.0,0.86,0.14,0.0,0.292119405821428
39627740051145258,0.0,0.94,0.06,0.0,0.16372245957723813
39627740046953484,0.0,0.32,0.68,0.0,0.45219072886224687
39627752097189258,0.0,0.0,0.9,0.1,0.2344977967946406
39627740046953972,0.0,0.37,0.63,0.0,0.47533604634353294
39627733994574174,0.0,0.21,0.79,0.0,0.37074136996563684
39627746086750180,0.0,0.76,0.24,0.0,0.39752013969226113
39627752097189179,0.0,0.99,0.01,0.0,0.04039656794795559
39627740025979778,0.0,0.39,0.61,0.0,0.4823997742525436
39627752097189596,0.0,0.79,0.21,0.0,0.37074136996563684
39627740025979708,0.0,0.5,0.5,0.0,0.5
39627788365336756,0.0,0.46,0.54,0.0,0.49768921941011285
39627776298321801,0.0,0.91,0.09,0.0,0.21823490853205144
39627740046953458,0.0,0.09,0.91,0.0,0.21823490853205144
39627740025979977,0.0,0.82,0.18,0.0,0.34003852286413994
39627740025980198,0.0,0.8,0.2,0.0,0.36096404744368116
39627752097189320,0.0,0.96,0.04,0.0,0.12114609454120741
39627740051145100,0.0,0.96,0.04,0.0,0.12114609454120741
39627740051144813,0.0,0.83,0.17,0.0,0.32885238937210975
39627740025979839,0.0,0.72,0.28,0.0,0.4277254052800653
39627740046955096,0.03,0.97,0.0,0.0,0.0971959289157881
39627782317151448,0.0,0.43,0.57,0.0,0.4929075185894599
39627752097187612,0.0,0.4,0.6,0.0,0.4854752972273343
39627782338119136,0.0,0.0,0.99,0.01,0.04039656794795559
39627752097187865,0.0,0.53,0.47,0.0,0.4987007942838698
39627752097187462,0.0,0.71,0.29,0.0,0.43436062316970225
39627794379971812,0.0,0.29,0.71,0.0,0.43436062316970225
39627794379971581,0.0,0.04,0.96,0.0,0.12114609454120741
39627782325540712,0.0,0.02,0.98,0.0,0.07072027127091034
39627746065779625,0.0,0.71,0.29,0.0,0.43436062316970225
39627746069975694,0.0,0.47,0.53,0.0,0.4987007942838698
39627776260571818,0.0,0.14,0.86,0.0,0.292119405821428
39627794409330229,0.0,0.88,0.12,0.0,0.2646804326436822
39627764193562908,0.0,0.33,0.67,0.0,0.4574631863898637
39627788344364610,0.0,0.43,0.57,0.0,0.4929075185894599
39627788340172176,0.0,0.41,0.59,0.0,0.488250234378912
39627758145377529,0.0,0.9,0.1,0.0,0.2344977967946406
39627794409329103,0.0,0.09,0.91,0.0,0.21823490853205144
39627794409327703,0.0,0.05,0.95,0.0,0.14319847855797813
39627770241746838,0.0,0.96,0.04,0.0,0.12114609454120741
39627776256382299,0.0,0.26,0.74,0.0,0.4133731862463089
39627776256382632,0.0,0.16,0.84,0.0,0.3171547773202831
39627776256382602,0.0,0.05,0.95,0.0,0.14319847855797813
39627794409329808,0.0,0.47,0.53,0.0,0.4987007942838698
39627794409329086,0.0,0.0,0.98,0.02,0.07072027127091034
39627794409327584,0.0,0.06,0.94,0.0,0.16372245957723813
39627788344365745,0.0,0.32,0.68,0.0,0.45219072886224687
39627776260573901,0.0,0.91,0.09,0.0,0.21823490853205144
39627782296175295,0.0,0.35,0.65,0.0,0.4670340276877455
39627788335973339,0.0,0.89,0.11,0.0,0.249957979082264
39627776281544418,0.0,0.31,0.69,0.0,0.4465867291889284
39627794413523163,0.0,0.31,0.69,0.0,0.4465867291889284
39627752126548627,0.0,0.34,0.66,0.0,0.46240935248651505
39627758145375050,0.0,0.44,0.56,0.0,0.4947937606110278
39627764201951517,0.0,0.99,0.01,0.0,0.04039656794795559
39627746069973779,0.0,0.17,0.83,0.0,0.32885238937210975
39627764201950151,0.0,0.12,0.88,0.0,0.2646804326436822
39627764201950139,0.0,0.02,0.97,0.01,0.11097036642660543
39627740030174405,0.0,0.78,0.22,0.0,0.38008375148098283
39627806467950036,0.0,0.41,0.59,0.0,0.488250234378912
39627770241747076,0.0,0.0,0.92,0.08,0.2010895951011364
39627740034370751,0.0,0.61,0.39,0.0,0.4823997742525436
39627776260572413,0.0,0.52,0.48,0.0,0.4994227679976009
39627770245942683,0.0,0.99,0.01,0.0,0.04039656794795559
39627788344364844,0.0,0.34,0.66,0.0,0.46240935248651505
39627776260573117,0.0,0.61,0.39,0.0,0.4823997742525436
39627776260573158,0.0,0.03,0.97,0.0,0.0971959289157881
39627776260572718,0.0,0.08,0.92,0.0,0.2010895951011364
39627782338119472,0.0,0.32,0.68,0.0,0.45219072886224687
39627758178927307,0.0,0.83,0.17,0.0,0.32885238937210975
39627788352750559,0.0,0.21,0.79,0.0,0.37074136996563684
39627794409329209,0.0,0.76,0.24,0.0,0.39752013969226113
39627740030176117,0.0,0.98,0.02,0.0,0.07072027127091034
39627764201951555,0.0,0.83,0.17,0.0,0.32885238937210975
39627788340172192,0.0,0.47,0.53,0.0,0.4987007942838698
39627776268965937,0.0,0.92,0.08,0.0,0.2010895951011364
39627794413522532,0.0,0.48,0.52,0.0,0.4994227679976009
39627740042757880,0.0,0.77,0.23,0.0,0.38900565177326885
39627800432346402,0.0,0.05,0.95,0.0,0.14319847855797813
39627770258526116,0.0,0.08,0.92,0.0,0.2010895951011364
39627794379971187,0.0,0.84,0.16,0.0,0.3171547773202831
39627758145374864,0.0,0.97,0.03,0.0,0.0971959289157881
39627776294130948,0.0,0.99,0.01,0.0,0.04039656794795559
39627752105579139,0.0,0.02,0.98,0.0,0.07072027127091034
39627788340170222,0.0,0.32,0.68,0.0,0.45219072886224687
39627788373722919,0.0,0.14,0.86,0.0,0.292119405821428
39627788331781707,0.0,0.99,0.01,0.0,0.04039656794795559
39627788331781640,0.01,0.96,0.03,0.0,0.13737165703039006
39627752097190239,0.0,0.34,0.66,0.0,0.46240935248651505
39627776277351881,0.0,0.92,0.08,0.0,0.2010895951011364
39627776277351400,0.0,0.94,0.06,0.0,0.16372245957723813
39627752097191173,0.0,0.76,0.24,0.0,0.39752013969226113
39627740021789188,0.0,1.0,0.0,0.0,-0.0
39627770224972845,0.0,0.67,0.33,0.0,0.4574631863898637
39627740021789155,0.0,0.91,0.09,0.0,0.21823490853205144
39627740021789213,0.0,0.7,0.3,0.0,0.44064544961534635
39627770216585463,0.0,0.04,0.96,0.0,0.12114609454120741
39627770224972743,0.0,0.11,0.89,0.0,0.249957979082264
39627746090946279,0.0,0.44,0.56,0.0,0.4947937606110278
39627733998764373,0.01,0.98,0.01,0.0,0.08072027127091033
39627740025979460,0.0,1.0,0.0,0.0,-0.0
39627740046955246,0.0,0.89,0.11,0.0,0.249957979082264
39627740021788708,0.0,0.68,0.32,0.0,0.45219072886224687
39627740021788714,0.02,0.98,0.0,0.0,0.07072027127091034
39627740021788671,0.0,0.83,0.17,0.0,0.32885238937210975
39627740021788839,0.0,0.84,0.16,0.0,0.3171547773202831
39627812516139413,0.0,0.84,0.16,0.0,0.3171547773202831
39627733998764730,0.0,0.81,0.19,0.0,0.3507357299419487
39627776277349882,0.0,0.78,0.22,0.0,0.38008375148098283
39627740034368877,0.0,0.09,0.91,0.0,0.21823490853205144
39627752097189793,0.0,0.16,0.84,0.0,0.3171547773202831
39627740046955103,0.0,0.61,0.39,0.0,0.4823997742525436
39627740046955393,0.0,0.23,0.77,0.0,0.38900565177326885
39627752101380198,0.0,0.81,0.19,0.0,0.3507357299419487
39627776277350912,0.0,0.8,0.2,0.0,0.36096404744368116
39627788331779048,0.06,0.94,0.0,0.0,0.16372245957723813
39627770212386402,0.0,0.69,0.31,0.0,0.4465867291889284
39627776285740762,0.0,0.02,0.94,0.04,0.1912713345988728
39627758141180046,0.0,0.06,0.94,0.0,0.16372245957723813
39627746069971108,0.0,0.96,0.04,0.0,0.12114609454120741
39627776256376996,0.0,0.04,0.95,0.01,0.16124668093016215
39627764218727883,0.0,0.97,0.03,0.0,0.0971959289157881
39627794388356017,0.0,0.76,0.24,0.0,0.39752013969226113
39627776256376976,0.0,0.71,0.29,0.0,0.43436062316970225
39627782304569790,0.0,0.79,0.21,0.0,0.37074136996563684
39627764218726668,0.0,0.5,0.5,0.0,0.5
39627788348558417,0.01,0.99,0.0,0.0,0.04039656794795559
39627746074169132,0.0,0.39,0.61,0.0,0.4823997742525436
39627752122353469,0.0,0.64,0.36,0.0,0.4713415946277461
39627770224972612,0.0,0.06,0.94,0.0,0.16372245957723813
39627764201947241,0.0,1.0,0.0,0.0,-0.0
39627770233357703,0.0,0.12,0.88,0.0,0.2646804326436822
39627746074169823,0.0,0.03,0.97,0.0,0.0971959289157881
39627788373721283,0.0,0.01,0.99,0.0,0.04039656794795559
39627770224972369,0.0,0.17,0.83,0.0,0.32885238937210975
39627770224972761,0.0,0.77,0.23,0.0,0.38900565177326885
39627752122353388,0.0,0.22,0.78,0.0,0.38008375148098283
39627770233357231,0.0,0.06,0.94,0.0,0.16372245957723813
39627800423962163,0.0,0.21,0.79,0.0,0.37074136996563684
39627752126549476,0.0,0.07,0.93,0.0,0.18296182545011158
39627746074169233,0.0,0.14,0.86,0.0,0.292119405821428
39627770233357468,0.0,0.83,0.17,0.0,0.32885238937210975
39627794400937758,0.0,0.3,0.7,0.0,0.44064544961534635
39627770233357470,0.0,0.13,0.87,0.0,0.2787190925139945
39627758145375564,0.0,0.89,0.11,0.0,0.249957979082264
39627758157960312,0.0,0.21,0.79,0.0,0.37074136996563684
39627782296179056,0.0,0.13,0.87,0.0,0.2787190925139945
39627776268960165,0.0,0.6,0.4,0.0,0.4854752972273343
39627752105576552,0.0,0.68,0.32,0.0,0.45219072886224687
39627800440738118,0.0,0.44,0.56,0.0,0.4947937606110278
39627770250133905,0.0,0.91,0.09,0.0,0.21823490853205144
39627776252187926,0.0,0.47,0.53,0.0,0.4987007942838698
39627776268960060,0.0,0.78,0.22,0.0,0.38008375148098283
39627758149569515,0.0,0.37,0.63,0.0,0.47533604634353294
39627776268960109,0.0,0.4,0.6,0.0,0.4854752972273343
39627782329730275,0.0,0.25,0.75,0.0,0.4056390622295664
39627800440738423,0.0,0.95,0.05,0.0,0.14319847855797813
39627800440738688,0.0,0.53,0.47,0.0,0.4987007942838698
39627764172592577,0.0,0.31,0.69,0.0,0.4465867291889284
39627752113964970,0.0,0.62,0.38,0.0,0.47902101111314976
39627752113964026,0.0,0.43,0.57,0.0,0.4929075185894599
39627776256381982,0.0,0.41,0.59,0.0,0.488250234378912
39627752113963454,0.0,0.54,0.46,0.0,0.49768921941011285
39627788348558267,0.01,0.98,0.01,0.0,0.08072027127091033
39627782304570475,0.0,0.1,0.9,0.0,0.2344977967946406
39627776268960293,0.0,0.06,0.94,0.0,0.16372245957723813
39627746090944326,0.0,0.25,0.75,0.0,0.4056390622295664
39627758157956227,0.0,0.27,0.73,0.0,0.42073231810408784
39627752105578106,0.01,0.96,0.03,0.0,0.13737165703039006
39627788352754599,0.0,0.15,0.85,0.0,0.3049201523582002
39627752118157968,0.0,0.37,0.63,0.0,0.47533604634353294
39627764197754306,0.0,0.6,0.4,0.0,0.4854752972273343
39627752101383762,0.0,0.86,0.14,0.0,0.292119405821428
39627746074170221,0.0,0.2,0.8,0.0,0.36096404744368116
39627788352752937,0.0,0.97,0.03,0.0,0.0971959289157881
39627746065779711,0.06,0.94,0.0,0.0,0.16372245957723813
39627782329730658,0.0,0.17,0.83,0.0,0.32885238937210975
39627776252187344,0.0,0.75,0.25,0.0,0.4056390622295664
39627782333924510,0.0,0.95,0.05,0.0,0.14319847855797813
39627794388356126,0.0,0.25,0.75,0.0,0.4056390622295664
39627782296179107,0.0,0.03,0.95,0.02,0.1674722434193448
39627746065779751,0.0,0.4,0.6,0.0,0.4854752972273343
39627788352752929,0.0,1.0,0.0,0.0,-0.0
39627770250133738,0.0,0.0,0.99,0.01,0.04039656794795559
39627758141180122,0.0,0.4,0.6,0.0,0.4854752972273343
39627800432350009,0.0,0.51,0.49,0.0,0.49985572087640495
39627770220774818,0.0,0.94,0.06,0.0,0.16372245957723813
39627746074165365,0.0,0.51,0.49,0.0,0.49985572087640495
39627800440738949,0.0,0.03,0.97,0.0,0.0971959289157881
39627746069975698,0.0,0.99,0.01,0.0,0.04039656794795559
39627758141178352,0.0,0.38,0.62,0.0,0.47902101111314976
39627764176783998,0.0,0.11,0.89,0.0,0.249957979082264
39627800453318128,0.02,0.98,0.0,0.0,0.07072027127091034
39627800453318169,0.0,0.92,0.08,0.0,0.2010895951011364
39627758149569693,0.0,0.11,0.89,0.0,0.249957979082264
39627770254332033,0.0,0.3,0.7,0.0,0.44064544961534635
39627758149569819,0.0,0.0,0.93,0.07,0.18296182545011158
39627782291985994,0.0,0.17,0.83,0.0,0.32885238937210975
39627776298320376,0.0,0.56,0.44,0.0,0.4947937606110278
39627788365336117,0.0,0.19,0.81,0.0,0.3507357299419487
39627770212388628,0.0,0.15,0.85,0.0,0.3049201523582002
39627758149569599,0.0,0.0,1.0,0.0,-0.0
39627782304569292,0.0,0.0,1.0,0.0,-0.0
39627770229162715,0.0,0.26,0.74,0.0,0.4133731862463089
39627764189364965,0.0,0.08,0.92,0.0,0.2010895951011364
39627752101381012,0.02,0.98,0.0,0.0,0.07072027127091034
39627800444928109,0.0,0.97,0.03,0.0,0.0971959289157881
39627800444928178,0.0,0.12,0.88,0.0,0.2646804326436822
39627758157957997,0.0,0.03,0.97,0.0,0.0971959289157881
39627806467953388,0.0,0.02,0.98,0.0,0.07072027127091034
39627770250133804,0.0,0.36,0.64,0.0,0.4713415946277461
39627758166345750,0.0,0.75,0.25,0.0,0.4056390622295664
39627752101380640,0.0,0.91,0.09,0.0,0.21823490853205144
39627752113965549,0.0,0.63,0.37,0.0,0.47533604634353294
39627770250134351,0.0,0.98,0.02,0.0,0.07072027127091034
39627806476341785,0.01,0.75,0.24,0.0,0.4359255858648683
39627794400939521,0.0,0.21,0.79,0.0,0.37074136996563684
39627806476341948,0.0,0.64,0.36,0.0,0.4713415946277461
39627758166345804,0.0,0.35,0.65,0.0,0.4670340276877455
39627794400939559,0.0,0.45,0.55,0.0,0.49638722699390414
39627800436540691,0.0,0.43,0.57,0.0,0.4929075185894599
39627752105578300,0.0,0.47,0.53,0.0,0.4987007942838698
39627776268960058,0.0,0.68,0.32,0.0,0.45219072886224687
39627800436540480,0.0,0.1,0.9,0.0,0.2344977967946406
39627758166345805,0.0,1.0,0.0,0.0,-0.0
39627782329730167,0.0,0.65,0.35,0.0,0.4670340276877455
39627746074169769,0.0,0.09,0.91,0.0,0.21823490853205144
39627746074167101,0.0,0.27,0.73,0.0,0.42073231810408784
39627806467953672,0.0,0.0,1.0,0.0,-0.0
39627770224972711,0.0,0.58,0.42,0.0,0.49072694751682683
39627782291985410,0.0,0.85,0.15,0.0,0.3049201523582002
39627746086751682,0.0,0.4,0.6,0.0,0.4854752972273343
39627764201947415,0.0,0.96,0.04,0.0,0.12114609454120741
39627770250133778,0.0,0.17,0.83,0.0,0.32885238937210975
39627800440739355,0.0,0.67,0.33,0.0,0.4574631863898637
39627806476341658,0.0,0.9,0.1,0.0,0.2344977967946406
39627758157957918,0.0,0.47,0.53,0.0,0.4987007942838698
39627800436539741,0.0,0.04,0.95,0.01,0.16124668093016215
39627800436539896,0.0,0.61,0.39,0.0,0.4823997742525436
39627770233357480,0.0,0.95,0.05,0.0,0.14319847855797813
39627764201947521,0.0,0.7,0.3,0.0,0.44064544961534635
39627770237555609,0.0,0.89,0.11,0.0,0.249957979082264
39627806467949397,0.0,0.23,0.77,0.0,0.38900565177326885
39627788373722514,0.0,0.88,0.12,0.0,0.2646804326436822
39627776289934613,0.0,0.93,0.07,0.0,0.18296182545011158
39627806463755485,0.0,0.13,0.87,0.0,0.2787190925139945
39627770241745867,0.0,0.69,0.31,0.0,0.4465867291889284
39627770241745072,0.0,0.92,0.08,0.0,0.2010895951011364
39627782329730456,0.0,0.06,0.94,0.0,0.16372245957723813
39627776298320570,0.0,0.94,0.06,0.0,0.16372245957723813
39627776294129365,0.0,0.0,0.97,0.03,0.0971959289157881
39627800436541081,0.0,0.0,0.96,0.04,0.12114609454120741
39627788340169413,0.0,0.17,0.83,0.0,0.32885238937210975
39627788340173552,0.0,0.53,0.47,0.0,0.4987007942838698
39627740038564675,0.0,0.41,0.59,0.0,0.488250234378912
39627788340173539,0.0,0.72,0.28,0.0,0.4277254052800653
39627758162150622,0.0,0.3,0.7,0.0,0.44064544961534635
39627794396743789,0.0,0.02,0.98,0.0,0.07072027127091034
39627746074169273,0.0,0.06,0.94,0.0,0.16372245957723813
39627770216583211,0.0,0.19,0.81,0.0,0.3507357299419487
39627764176786341,0.0,0.49,0.51,0.0,0.49985572087640495
39627788348556089,0.0,0.49,0.51,0.0,0.49985572087640495
39627776294126807,0.01,0.86,0.13,0.0,0.31810566868628926
39627776264772020,0.0,0.31,0.69,0.0,0.4465867291889284
39627800449126412,0.0,0.79,0.21,0.0,0.37074136996563684
39627794400938640,0.0,0.99,0.01,0.0,0.04039656794795559
39627764176782240,0.0,0.22,0.78,0.0,0.38008375148098283
39627764176786322,0.0,0.0,0.99,0.01,0.04039656794795559
39627806463756682,0.0,0.97,0.03,0.0,0.0971959289157881
39627800449122760,0.0,0.11,0.89,0.0,0.249957979082264
39627758141180929,0.0,0.31,0.69,0.0,0.4465867291889284
39627770254332241,0.0,0.23,0.77,0.0,0.38900565177326885
39627758141180512,0.0,0.17,0.83,0.0,0.32885238937210975
39627764206141719,0.0,0.65,0.35,0.0,0.4670340276877455
39627764201951934,0.0,0.43,0.57,0.0,0.4929075185894599
39627800449126202,0.0,0.29,0.71,0.0,0.43436062316970225
39627770254332973,0.0,0.03,0.97,0.0,0.0971959289157881
39627770216582938,0.0,0.14,0.86,0.0,0.292119405821428
39627776294127677,0.0,0.84,0.16,0.0,0.3171547773202831
39627746074165572,0.0,0.0,0.94,0.06,0.16372245957723813
39627758153763888,0.0,0.45,0.55,0.0,0.49638722699390414
39627758145376656,0.0,0.01,0.97,0.02,0.11097036642660543
39627782329730961,0.0,0.63,0.37,0.0,0.47533604634353294
39627782325538663,0.0,0.31,0.69,0.0,0.4465867291889284
39627782312956213,0.0,0.3,0.7,0.0,0.44064544961534635
39627800444932209,0.0,0.09,0.91,0.0,0.21823490853205144
39627770233356812,0.0,0.24,0.76,0.0,0.39752013969226113
39627782321345067,0.0,0.0,1.0,0.0,-0.0
39627758141179859,0.0,0.64,0.36,0.0,0.4713415946277461
39627770233356996,0.02,0.98,0.0,0.0,0.07072027127091034
39627794379971892,0.0,0.9,0.1,0.0,0.2344977967946406
39627764176784067,0.0,0.69,0.31,0.0,0.4465867291889284
39627782321343684,0.0,0.98,0.02,0.0,0.07072027127091034
39627752130742328,0.0,0.92,0.08,0.0,0.2010895951011364
39627806467952446,0.0,0.43,0.57,0.0,0.4929075185894599
39627806467952515,0.0,0.05,0.95,0.0,0.14319847855797813
39627800436539961,0.0,0.7,0.3,0.0,0.44064544961534635
39627788352752534,0.0,0.5,0.5,0.0,0.5
39627788352753630,0.0,0.23,0.77,0.0,0.38900565177326885
39627752101381671,0.0,0.18,0.82,0.0,0.34003852286413994
39627800428155821,0.0,0.22,0.78,0.0,0.38008375148098283
39627800428155788,0.0,0.54,0.46,0.0,0.49768921941011285
39627800444931996,0.0,0.0,0.89,0.11,0.249957979082264
39627788352753068,0.0,0.95,0.05,0.0,0.14319847855797813
39627776294129717,0.0,0.27,0.73,0.0,0.42073231810408784
39627776294129567,0.0,0.97,0.03,0.0,0.0971959289157881
39627806463755894,0.0,0.81,0.19,0.0,0.3507357299419487
39627782291984799,0.0,0.37,0.63,0.0,0.47533604634353294
39627794384161008,0.0,0.27,0.73,0.0,0.42073231810408784
39627758145375604,0.0,0.96,0.04,0.0,0.12114609454120741
39627758149570289,0.0,0.02,0.98,0.0,0.07072027127091034
39627794384159593,0.0,0.33,0.67,0.0,0.4574631863898637
39627800423957887,0.0,0.82,0.18,0.0,0.34003852286413994
39627800423958314,0.0,0.24,0.76,0.0,0.39752013969226113
39627794379967001,0.0,0.46,0.54,0.0,0.49768921941011285
39627782333925532,0.0,0.15,0.85,0.0,0.3049201523582002
39627788344364223,0.0,0.23,0.77,0.0,0.38900565177326885
39627800415571833,0.05,0.95,0.0,0.0,0.14319847855797813
39627752126549908,0.0,1.0,0.0,0.0,-0.0
39627788369531428,0.0,0.2,0.8,0.0,0.36096404744368116
39627800432350862,0.0,0.26,0.74,0.0,0.4133731862463089
39627800436539647,0.0,0.02,0.98,0.0,0.07072027127091034
39627800436540131,0.0,0.84,0.16,0.0,0.3171547773202831
39627752101382414,0.0,0.23,0.77,0.0,0.38900565177326885
39627782291984194,0.0,0.0,1.0,0.0,-0.0
39627782291984487,0.0,0.45,0.55,0.0,0.49638722699390414
39627782291984236,0.0,0.67,0.33,0.0,0.4574631863898637
39627782333925500,0.0,0.55,0.45,0.0,0.49638722699390414
39627758149570034,0.0,0.02,0.9,0.08,0.2705942015390087
39627746065780949,0.0,0.97,0.03,0.0,0.0971959289157881
39627746065780943,0.0,0.03,0.97,0.0,0.0971959289157881
39627764176786079,0.0,0.0,0.44,0.56,0.4947937606110278
39627800423958905,0.0,0.0,0.99,0.01,0.04039656794795559
39627764218726260,0.0,0.81,0.19,0.0,0.3507357299419487
39627788373721451,0.0,0.04,0.96,0.0,0.12114609454120741
39627764176786187,0.0,0.03,0.93,0.04,0.2174448102113104
39627782333928026,0.0,0.76,0.24,0.0,0.39752013969226113
39627800428155782,0.0,0.6,0.4,0.0,0.4854752972273343
39627770212386334,0.0,1.0,0.0,0.0,-0.0
39627758174733661,0.0,0.84,0.16,0.0,0.3171547773202831
39627758174733570,0.0,0.04,0.96,0.0,0.12114609454120741
39627758174733397,0.0,0.98,0.02,0.0,0.07072027127091034
39627758141179755,0.0,0.86,0.14,0.0,0.292119405821428
39627758136988393,0.0,0.44,0.56,0.0,0.4947937606110278
39627746090945775,0.0,0.44,0.56,0.0,0.4947937606110278
39627740025981225,0.0,0.21,0.79,0.0,0.37074136996563684
39627788356944467,0.0,0.83,0.17,0.0,0.32885238937210975
39627782312957522,0.0,0.58,0.42,0.0,0.49072694751682683
39627800440736622,0.0,0.86,0.14,0.0,0.292119405821428
39627764197753298,0.0,0.01,0.99,0.0,0.04039656794795559
39627764206144550,0.0,0.27,0.73,0.0,0.42073231810408784
39627758145375456,0.0,0.98,0.02,0.0,0.07072027127091034
39627800444928090,0.0,0.0,0.95,0.05,0.14319847855797813
39627752113964475,0.0,1.0,0.0,0.0,-0.0
39627794400938968,0.0,0.41,0.59,0.0,0.488250234378912
39627758132793544,0.0,0.28,0.72,0.0,0.4277254052800653
39627782317146153,0.0,0.89,0.11,0.0,0.249957979082264
39627776260573108,0.0,0.0,0.94,0.06,0.16372245957723813
39627776294129560,0.0,0.02,0.98,0.0,0.07072027127091034
39627746082557742,0.0,0.17,0.83,0.0,0.32885238937210975
39627776252186170,0.0,0.91,0.09,0.0,0.21823490853205144
39627782325536784,0.0,0.89,0.11,0.0,0.249957979082264
39627782308761251,0.0,0.57,0.43,0.0,0.4929075185894599
39627752113963803,0.0,0.89,0.11,0.0,0.249957979082264
39627770254332860,0.0,0.45,0.55,0.0,0.49638722699390414
39627764214532784,0.0,0.64,0.36,0.0,0.4713415946277461
39627800440738937,0.0,0.79,0.21,0.0,0.37074136996563684
39627776298320315,0.0,0.94,0.06,0.0,0.16372245957723813
39627758145375027,0.0,0.53,0.47,0.0,0.4987007942838698
39627758174733741,0.0,0.0,1.0,0.0,-0.0
39627806463754648,0.0,0.83,0.17,0.0,0.32885238937210975
39627770229162373,0.0,0.58,0.42,0.0,0.49072694751682683
39627764172587421,0.0,0.8,0.2,0.0,0.36096404744368116
39627764172587788,0.0,0.14,0.86,0.0,0.292119405821428
39627764172588875,0.0,0.67,0.33,0.0,0.4574631863898637
39627764172587944,0.0,0.88,0.12,0.0,0.2646804326436822
39627764172587843,0.0,0.3,0.7,0.0,0.44064544961534635
39627764172588872,0.0,0.08,0.92,0.0,0.2010895951011364
39627764172588068,0.0,0.88,0.12,0.0,0.2646804326436822
39627764172587615,0.0,0.79,0.21,0.0,0.37074136996563684
39627764172587599,0.0,0.94,0.06,0.0,0.16372245957723813
39627764172587535,0.0,0.69,0.31,0.0,0.4465867291889284
39627782291982557,0.0,0.79,0.21,0.0,0.37074136996563684
39627776252186121,0.0,0.6,0.4,0.0,0.4854752972273343
39627764172588231,0.0,0.32,0.68,0.0,0.45219072886224687
39627776252185271,0.0,0.7,0.3,0.0,0.44064544961534635
39627746061584935,0.0,0.22,0.78,0.0,0.38008375148098283
39627788369531636,0.0,0.07,0.93,0.0,0.18296182545011158
39627788361139869,0.0,0.52,0.48,0.0,0.4994227679976009
39627764172587681,0.0,0.98,0.02,0.0,0.07072027127091034
39627776252183258,0.0,0.92,0.08,0.0,0.2010895951011364
39627770212386616,0.0,0.94,0.06,0.0,0.16372245957723813
39627788331779643,0.0,0.98,0.02,0.0,0.07072027127091034
39627770212389973,0.0,0.34,0.66,0.0,0.46240935248651505
39627788331779768,0.0,1.0,0.0,0.0,-0.0
39627746090945416,0.0,0.88,0.12,0.0,0.2646804326436822
39627782321342510,0.0,0.94,0.06,0.0,0.16372245957723813
39627776281544856,0.0,0.99,0.01,0.0,0.04039656794795559
39627800432345451,0.0,0.0,1.0,0.0,-0.0
39627776252185356,0.0,0.21,0.79,0.0,0.37074136996563684
39627752109771184,0.0,0.93,0.07,0.0,0.18296182545011158
39627770241746569,0.0,0.35,0.65,0.0,0.4670340276877455
39627776252182938,0.0,0.23,0.77,0.0,0.38900565177326885
39627764172588587,0.0,0.64,0.36,0.0,0.4713415946277461
39627764172588487,0.0,0.94,0.06,0.0,0.16372245957723813
39627770212389283,0.0,0.11,0.89,0.0,0.249957979082264
39627770212389518,0.0,0.44,0.56,0.0,0.4947937606110278
39627782291982629,0.0,0.34,0.66,0.0,0.46240935248651505
39627782291982801,0.0,0.99,0.01,0.0,0.04039656794795559
39627764172588579,0.0,0.73,0.27,0.0,0.42073231810408784
39627782291982453,0.0,0.32,0.68,0.0,0.45219072886224687
39627794392551391,0.0,0.18,0.82,0.0,0.34003852286413994
39627770241746332,0.0,0.0,0.98,0.02,0.07072027127091034
39627770212385610,0.0,0.19,0.81,0.0,0.3507357299419487
39627776281543127,0.0,0.95,0.05,0.0,0.14319847855797813
39627746061583192,0.0,0.23,0.77,0.0,0.38900565177326885
39627794375774084,0.0,0.08,0.92,0.0,0.2010895951011364
39627800440736963,0.0,0.08,0.92,0.0,0.2010895951011364
39627794375773872,0.0,0.51,0.49,0.0,0.49985572087640495
39627746069974180,0.0,0.02,0.98,0.0,0.07072027127091034
39627740030177822,0.0,0.49,0.51,0.0,0.49985572087640495
39627800440737337,0.0,0.82,0.18,0.0,0.34003852286413994
39627794392551423,0.0,0.72,0.28,0.0,0.4277254052800653
39627740030177003,0.0,1.0,0.0,0.0,-0.0
39627800440737436,0.0,0.08,0.92,0.0,0.2010895951011364
39627806467948996,0.0,0.0,0.98,0.02,0.07072027127091034
39627806467948932,0.0,0.0,0.94,0.06,0.16372245957723813
39627740025981080,0.0,0.29,0.71,0.0,0.43436062316970225
39627800440738707,0.0,0.01,0.99,0.0,0.04039656794795559
39627740034367595,0.01,0.84,0.15,0.0,0.3441379826496441
39627800428155675,0.0,0.45,0.55,0.0,0.49638722699390414
39627776247993787,0.0,0.95,0.05,0.0,0.14319847855797813
39627782291984494,0.0,0.38,0.62,0.0,0.47902101111314976
39627752092995116,0.0,0.06,0.94,0.0,0.16372245957723813
39627758132792654,0.01,0.97,0.02,0.0,0.11097036642660543
39627758132792406,0.0,0.23,0.77,0.0,0.38900565177326885
39627782291984059,0.0,0.65,0.35,0.0,0.4670340276877455
39627758132791200,0.0,0.23,0.77,0.0,0.38900565177326885
39627758132791008,0.0,0.52,0.48,0.0,0.4994227679976009
39627746061584490,0.0,0.18,0.82,0.0,0.34003852286413994
39627776252183969,0.0,0.08,0.91,0.01,0.24088153359695552
39627782321341288,0.0,0.36,0.64,0.0,0.4713415946277461
39627758132792648,0.0,0.99,0.01,0.0,0.04039656794795559
39627758132791367,0.0,0.41,0.59,0.0,0.488250234378912
39627758132791295,0.0,0.99,0.01,0.0,0.04039656794795559
39627758132790497,0.0,0.96,0.04,0.0,0.12114609454120741
39627758132791697,0.0,0.56,0.44,0.0,0.4947937606110278
39627764172587330,0.0,0.16,0.84,0.0,0.3171547773202831
39627764172588808,0.0,0.4,0.6,0.0,0.4854752972273343
39627752134934775,0.0,0.74,0.26,0.0,0.4133731862463089
39627746061584536,0.0,0.87,0.13,0.0,0.2787190925139945
39627758132791858,0.0,0.05,0.94,0.01,0.1832231322266888
39627758132791046,0.0,0.85,0.15,0.0,0.3049201523582002
39627758132791107,0.0,0.41,0.59,0.0,0.488250234378912
39627776281543564,0.0,0.05,0.95,0.0,0.14319847855797813
39627764168398713,0.0,0.26,0.74,0.0,0.4133731862463089
39627764168398690,0.0,0.74,0.26,0.0,0.4133731862463089
39627764172587289,0.0,0.98,0.02,0.0,0.07072027127091034
39627788331780578,0.0,0.92,0.08,0.0,0.2010895951011364
39627764172587935,0.0,0.7,0.3,0.0,0.44064544961534635
39627764172587285,0.0,1.0,0.0,0.0,-0.0
39627764172587400,0.0,0.19,0.81,0.0,0.3507357299419487
39627764172587086,0.0,0.1,0.9,0.0,0.2344977967946406
39627764172588174,0.0,0.33,0.67,0.0,0.4574631863898637
39627764168398591,0.0,0.36,0.64,0.0,0.4713415946277461
39627770212385997,0.0,0.42,0.58,0.0,0.49072694751682683
39627764168397341,0.0,0.78,0.22,0.0,0.38008375148098283
39627770212386404,0.0,0.63,0.37,0.0,0.47533604634353294
39627782317151563,0.0,0.07,0.93,0.0,0.18296182545011158
39627752101382199,0.0,0.02,0.98,0.0,0.07072027127091034
39627764168397583,0.0,0.63,0.37,0.0,0.47533604634353294
39627764172587979,0.0,0.94,0.06,0.0,0.16372245957723813
39627782291983974,0.0,0.09,0.91,0.0,0.21823490853205144
39627782291984024,0.0,0.73,0.27,0.0,0.42073231810408784
39627764172588264,0.0,0.75,0.25,0.0,0.4056390622295664
39627782291982053,0.0,0.06,0.94,0.0,0.16372245957723813
39627764168397888,0.01,0.87,0.12,0.0,0.30414992414989617
39627764168398026,0.0,0.61,0.39,0.0,0.4823997742525436
39627764168398243,0.02,0.98,0.0,0.0,0.07072027127091034
39627746057392800,0.0,0.06,0.94,0.0,0.16372245957723813
39627764168398390,0.0,0.42,0.58,0.0,0.49072694751682683
39627764168398561,0.0,0.54,0.46,0.0,0.49768921941011285
39627782291984632,0.0,0.98,0.02,0.0,0.07072027127091034
39627746061584052,0.0,0.49,0.51,0.0,0.49985572087640495
39627746061584027,0.0,0.3,0.7,0.0,0.44064544961534635
39627740025982492,0.0,0.99,0.01,0.0,0.04039656794795559
39627788365336616,0.0,0.07,0.93,0.0,0.18296182545011158
39627770224974077,0.0,0.65,0.35,0.0,0.4670340276877455
39627776252184081,0.0,0.81,0.19,0.0,0.3507357299419487
39627740025980891,0.0,0.25,0.75,0.0,0.4056390622295664
39627740025981019,0.0,1.0,0.0,0.0,-0.0
39627794392551680,0.0,0.78,0.22,0.0,0.38008375148098283
39627788331781875,0.0,0.86,0.14,0.0,0.292119405821428
39627764168398678,0.0,0.35,0.65,0.0,0.4670340276877455
39627746057393098,0.0,1.0,0.0,0.0,-0.0
39627782321340710,0.0,0.61,0.39,0.0,0.4823997742525436
39627806463759947,0.0,0.94,0.06,0.0,0.16372245957723813
39627806463759601,0.0,0.98,0.02,0.0,0.07072027127091034
39627758174732688,0.0,0.68,0.32,0.0,0.45219072886224687
39627806488920759,0.0,0.57,0.43,0.0,0.4929075185894599
39627788373721894,0.0,0.86,0.14,0.0,0.292119405821428
39627800436543605,0.0,0.25,0.75,0.0,0.4056390622295664
39627776252187872,0.0,0.24,0.76,0.0,0.39752013969226113
39627758157960194,0.0,0.04,0.96,0.0,0.12114609454120741
39627776252187763,0.0,0.45,0.55,0.0,0.49638722699390414
39627776289935563,0.0,0.6,0.4,0.0,0.4854752972273343
39627752126549682,0.0,0.02,0.98,0.0,0.07072027127091034
39627764201951774,0.0,0.18,0.82,0.0,0.34003852286413994
39627776252185169,0.0,0.85,0.15,0.0,0.3049201523582002
39627794396744716,0.0,0.89,0.11,0.0,0.249957979082264
39627800432350130,0.01,0.95,0.04,0.0,0.16124668093016215
39627782325537861,0.0,0.54,0.46,0.0,0.49768921941011285
39627752122353007,0.0,0.96,0.04,0.0,0.12114609454120741
39627806467952949,0.02,0.98,0.0,0.0,0.07072027127091034
39627770250138508,0.0,0.31,0.69,0.0,0.4465867291889284
39627764201951515,0.0,0.08,0.92,0.0,0.2010895951011364
39627770250138481,0.0,0.77,0.23,0.0,0.38900565177326885
39627800432350169,0.0,0.84,0.16,0.0,0.3171547773202831
39627800432350161,0.0,0.39,0.61,0.0,0.4823997742525436
39627782304565419,0.0,0.07,0.89,0.04,0.3019692958352992
39627782304565404,0.0,0.31,0.69,0.0,0.4465867291889284
39627794388355658,0.0,0.99,0.01,0.0,0.04039656794795559
39627764189365982,0.0,0.0,0.45,0.55,0.49638722699390414
39627800428153641,0.0,0.7,0.3,0.0,0.44064544961534635
39627758157957722,0.0,0.03,0.95,0.02,0.1674722434193448
39627788344366981,0.0,0.27,0.73,0.0,0.42073231810408784
39627758145375203,0.0,0.87,0.13,0.0,0.2787190925139945
39627800432350035,0.0,0.0,0.98,0.02,0.07072027127091034
39627788344366945,0.0,0.18,0.82,0.0,0.34003852286413994
39627806476341738,0.0,0.83,0.17,0.0,0.32885238937210975
39627800436541500,0.0,0.01,0.97,0.02,0.11097036642660543
39627800436541699,0.0,0.32,0.68,0.0,0.45219072886224687
39627788352753278,0.0,1.0,0.0,0.0,-0.0
39627788352753301,0.0,0.56,0.44,0.0,0.4947937606110278
39627788352754178,0.0,0.13,0.87,0.0,0.2787190925139945
39627788352753450,0.0,0.51,0.49,0.0,0.49985572087640495
39627806476338890,0.0,0.78,0.22,0.0,0.38008375148098283
39627764189364620,0.0,0.39,0.61,0.0,0.4823997742525436
39627764189364810,0.0,0.06,0.94,0.0,0.16372245957723813
39627806467949117,0.0,0.92,0.08,0.0,0.2010895951011364
39627812511941656,0.0,0.96,0.04,0.0,0.12114609454120741
39627812511942023,0.0,0.37,0.63,0.0,0.47533604634353294
39627788356948565,0.0,0.07,0.93,0.0,0.18296182545011158
39627812511941284,0.0,0.43,0.57,0.0,0.4929075185894599
39627770233357720,0.0,0.01,0.98,0.01,0.08072027127091033
39627764189365948,0.0,0.24,0.76,0.0,0.39752013969226113
39627770237554822,0.0,0.65,0.35,0.0,0.4670340276877455
39627776298320756,0.0,0.16,0.84,0.0,0.3171547773202831
39627806476342309,0.0,0.96,0.04,0.0,0.12114609454120741
39627806463754918,0.0,0.93,0.07,0.0,0.18296182545011158
39627770233357890,0.0,0.1,0.9,0.0,0.2344977967946406
39627806476342307,0.0,0.89,0.11,0.0,0.249957979082264
39627794413521423,0.0,0.98,0.02,0.0,0.07072027127091034
39627806488924403,0.0,0.85,0.15,0.0,0.3049201523582002
39627800449126464,0.0,0.28,0.72,0.0,0.4277254052800653
39627752126549626,0.0,0.0,1.0,0.0,-0.0
39627776289933927,0.0,0.95,0.05,0.0,0.14319847855797813
39627800449126361,0.0,0.99,0.01,0.0,0.04039656794795559
39627800449126373,0.0,0.69,0.31,0.0,0.4465867291889284
39627800449126457,0.0,0.81,0.19,0.0,0.3507357299419487
39627788340169911,0.0,0.1,0.9,0.0,0.2344977967946406
39627800419765331,0.17,0.83,0.0,0.0,0.32885238937210975
39627800419765314,0.0,0.74,0.26,0.0,0.4133731862463089
39627800428153189,0.0,0.16,0.84,0.0,0.3171547773202831
39627788369529042,0.0,0.98,0.02,0.0,0.07072027127091034
39627806467948806,0.0,0.81,0.19,0.0,0.3507357299419487
39627770254332523,0.0,0.85,0.15,0.0,0.3049201523582002
39627788352754734,0.0,0.1,0.9,0.0,0.2344977967946406
39627758153763656,0.0,0.24,0.76,0.0,0.39752013969226113
39627758153763802,0.0,0.2,0.8,0.0,0.36096404744368116
39627758153763953,0.0,0.72,0.28,0.0,0.4277254052800653
39627782291983685,0.0,0.7,0.3,0.0,0.44064544961534635
39627812511941798,0.0,0.42,0.58,0.0,0.49072694751682683
39627788373721691,0.0,0.04,0.96,0.0,0.12114609454120741
39627788373721654,0.0,0.02,0.98,0.0,0.07072027127091034
39627812511941957,0.0,0.56,0.44,0.0,0.4947937606110278
39627812511942229,0.0,0.82,0.18,0.0,0.34003852286413994
39627812511942006,0.0,0.93,0.07,0.0,0.18296182545011158
39627776277352334,0.0,0.8,0.2,0.0,0.36096404744368116
39627788340170061,0.0,0.63,0.37,0.0,0.47533604634353294
39627752101382443,0.0,0.19,0.81,0.0,0.3507357299419487
39627746065780158,0.0,0.83,0.17,0.0,0.32885238937210975
39627752101381530,0.0,0.0,1.0,0.0,-0.0
39627752101381423,0.0,0.12,0.88,0.0,0.2646804326436822
39627740034370340,0.0,1.0,0.0,0.0,-0.0
39627788352753716,0.0,1.0,0.0,0.0,-0.0
39627788352753644,0.0,0.41,0.59,0.0,0.488250234378912
39627782291984134,0.0,0.72,0.28,0.0,0.4277254052800653
39627800415571672,0.0,0.76,0.24,0.0,0.39752013969226113
39627770233361832,0.01,0.49,0.5,0.0,0.5353601356354551
39627752130744457,0.0,0.79,0.21,0.0,0.37074136996563684
39627788365338619,0.0,0.64,0.36,0.0,0.4713415946277461
39627812516135013,0.0,0.31,0.69,0.0,0.4465867291889284
39627812516135218,0.0,0.81,0.19,0.0,0.3507357299419487
39627758174733337,0.0,0.27,0.73,0.0,0.42073231810408784
39627782329733388,0.0,0.96,0.04,0.0,0.12114609454120741
39627776252185880,0.0,0.42,0.58,0.0,0.49072694751682683
39627794384161615,0.0,0.84,0.16,0.0,0.3171547773202831
39627746061582934,0.0,0.97,0.03,0.0,0.0971959289157881
39627746074165400,0.0,0.05,0.95,0.0,0.14319847855797813
39627788369532794,0.0,0.01,0.96,0.03,0.13737165703039006
39627770212388002,0.0,0.0,0.97,0.03,0.0971959289157881
39627800432350071,0.0,0.0,1.0,0.0,-0.0
39627770250138416,0.0,0.57,0.43,0.0,0.4929075185894599
39627770233358174,0.0,0.32,0.68,0.0,0.45219072886224687
39627764172587718,0.0,0.49,0.51,0.0,0.49985572087640495
39627788331780450,0.0,0.08,0.92,0.0,0.2010895951011364
39627758132793658,0.0,0.44,0.56,0.0,0.4947937606110278
39627770212388078,0.0,0.88,0.12,0.0,0.2646804326436822
39627788331780959,0.0,0.99,0.01,0.0,0.04039656794795559
39627776247993576,0.0,0.65,0.35,0.0,0.4670340276877455
39627806467950053,0.0,0.68,0.32,0.0,0.45219072886224687
39627806459562624,0.0,0.79,0.21,0.0,0.37074136996563684
39627770212385898,0.0,0.99,0.01,0.0,0.04039656794795559
39627800415569951,0.0,0.93,0.07,0.0,0.18296182545011158
39627812507749662,0.0,0.11,0.89,0.0,0.249957979082264
39627806459561721,0.0,1.0,0.0,0.0,-0.0
39627800419762558,0.0,0.0,1.0,0.0,-0.0
39627800415570320,0.03,0.97,0.0,0.0,0.0971959289157881
39627800419762658,0.0,0.0,0.98,0.02,0.07072027127091034
39627800415570105,0.0,0.34,0.66,0.0,0.46240935248651505
39627788331780517,0.0,0.01,0.99,0.0,0.04039656794795559
39627806459562756,0.0,0.13,0.87,0.0,0.2787190925139945
39627788331780747,0.03,0.97,0.0,0.0,0.0971959289157881
39627776277350066,0.0,0.99,0.01,0.0,0.04039656794795559
39627806467952089,0.0,0.19,0.81,0.0,0.3507357299419487
39627752101380223,0.0,0.92,0.08,0.0,0.2010895951011364
39627776277353559,0.0,0.68,0.32,0.0,0.45219072886224687
39627776277353595,0.0,0.99,0.01,0.0,0.04039656794795559
39627776281542759,0.0,0.97,0.03,0.0,0.0971959289157881
39627782291981475,0.0,0.12,0.88,0.0,0.2646804326436822
39627770233361368,0.0,0.2,0.8,0.0,0.36096404744368116
39627758149569860,0.0,0.0,0.99,0.01,0.04039656794795559
39627758149569806,0.0,0.53,0.47,0.0,0.4987007942838698
39627770237552135,0.0,0.24,0.76,0.0,0.39752013969226113
39627806463754324,0.0,0.7,0.3,0.0,0.44064544961534635
39627746061582444,0.0,0.98,0.02,0.0,0.07072027127091034
39627800415572113,0.0,0.66,0.34,0.0,0.46240935248651505
39627806459562196,0.0,0.61,0.39,0.0,0.4823997742525436
39627800415572004,0.0,0.05,0.95,0.0,0.14319847855797813
39627806459566503,0.1,0.9,0.0,0.0,0.2344977967946406
39627788331781999,0.0,1.0,0.0,0.0,-0.0
39627800415568790,0.01,0.98,0.01,0.0,0.08072027127091033
39627782291980925,0.0,0.99,0.01,0.0,0.04039656794795559
39627806459562567,0.0,0.67,0.33,0.0,0.4574631863898637
39627800415570221,0.01,0.98,0.01,0.0,0.08072027127091033
39627782291981377,0.0,0.93,0.07,0.0,0.18296182545011158
39627800415568711,0.0,0.88,0.12,0.0,0.2646804326436822
39627806484731888,0.0,0.86,0.14,0.0,0.292119405821428
39627800415571583,0.28,0.72,0.0,0.0,0.4277254052800653
39627770212384925,0.0,0.55,0.45,0.0,0.49638722699390414
39627800415570808,0.01,0.97,0.02,0.0,0.11097036642660543
39627800415569835,0.0,0.78,0.22,0.0,0.38008375148098283
39627806488920764,0.0,0.61,0.39,0.0,0.4823997742525436
39627800415570870,0.0,0.66,0.34,0.0,0.46240935248651505
39627800415571257,0.08,0.92,0.0,0.0,0.2010895951011364
39627806459566313,0.0,0.92,0.08,0.0,0.2010895951011364
39627800415568220,0.0,0.98,0.02,0.0,0.07072027127091034
39627806459564314,0.0,0.83,0.17,0.0,0.32885238937210975
39627806459562495,0.0,1.0,0.0,0.0,-0.0
39627806488920334,0.0,0.62,0.38,0.0,0.47902101111314976
39627800415569901,0.0,1.0,0.0,0.0,-0.0
39627764172587818,0.0,0.24,0.76,0.0,0.39752013969226113
39627764172587385,0.0,0.35,0.65,0.0,0.4670340276877455
39627788369532557,0.0,0.62,0.38,0.0,0.47902101111314976
39627770229162765,0.0,0.67,0.33,0.0,0.4574631863898637
39627770212385208,0.0,0.12,0.88,0.0,0.2646804326436822
39627806467950614,0.0,0.06,0.94,0.0,0.16372245957723813
39627776247993185,0.0,0.82,0.18,0.0,0.34003852286413994
39627770229162795,0.0,0.98,0.02,0.0,0.07072027127091034
39627746061582792,0.0,0.88,0.12,0.0,0.2646804326436822
39627758132791432,0.0,0.72,0.28,0.0,0.4277254052800653
39627746061582742,0.0,0.12,0.88,0.0,0.2646804326436822
39627746061582651,0.01,0.98,0.01,0.0,0.08072027127091033
39627770212385364,0.0,0.93,0.07,0.0,0.18296182545011158
39627770212385373,0.0,0.62,0.38,0.0,0.47902101111314976
39627770212385283,0.0,0.57,0.43,0.0,0.4929075185894599
39627770212385295,0.0,0.08,0.92,0.0,0.2010895951011364
39627764168397590,0.0,0.9,0.1,0.0,0.2344977967946406
39627812507747303,0.0,0.89,0.11,0.0,0.249957979082264
39627812507747364,0.0,0.66,0.34,0.0,0.46240935248651505
39627746057391247,0.0,0.56,0.44,0.0,0.4947937606110278
39627770212385249,0.0,0.85,0.15,0.0,0.3049201523582002
39627770212385452,0.0,0.79,0.21,0.0,0.37074136996563684
39627788331780396,0.0,0.73,0.27,0.0,0.42073231810408784
39627788331782881,0.0,0.93,0.07,0.0,0.18296182545011158
39627776247992944,0.0,0.88,0.12,0.0,0.2646804326436822
39627776247992780,0.0,0.95,0.05,0.0,0.14319847855797813
39627794375771690,0.0,0.96,0.04,0.0,0.12114609454120741
39627776247992495,0.02,0.98,0.0,0.0,0.07072027127091034
39627800415568832,0.0,1.0,0.0,0.0,-0.0
39627752097191528,0.0,0.89,0.11,0.0,0.249957979082264
39627776277352219,0.0,0.19,0.81,0.0,0.3507357299419487
39627776277352371,0.0,0.96,0.04,0.0,0.12114609454120741
39627746057391985,0.0,1.0,0.0,0.0,-0.0
39627746090944535,0.0,0.37,0.63,0.0,0.47533604634353294
39627746090944711,0.0,0.99,0.01,0.0,0.04039656794795559
39627770229162084,0.0,0.39,0.61,0.0,0.4823997742525436
39627770229162629,0.0,0.74,0.26,0.0,0.4133731862463089
39627752097188768,0.0,0.42,0.58,0.0,0.49072694751682683
39627800415569803,0.0,0.97,0.03,0.0,0.0971959289157881
39627770208195719,0.0,0.45,0.55,0.0,0.49638722699390414
39627812507748358,0.0,0.09,0.91,0.0,0.21823490853205144
39627782291981682,0.0,0.42,0.58,0.0,0.49072694751682683
39627764168397779,0.0,0.42,0.58,0.0,0.49072694751682683
39627812507748172,0.01,0.99,0.0,0.0,0.04039656794795559
39627812507748066,0.0,1.0,0.0,0.0,-0.0
39627752097189108,0.0,0.89,0.11,0.0,0.249957979082264
39627770208196105,0.0,0.87,0.13,0.0,0.2787190925139945
39627806459564178,0.0,0.51,0.49,0.0,0.49985572087640495
39627776277352775,0.0,0.6,0.4,0.0,0.4854752972273343
39627776277352640,0.0,0.69,0.31,0.0,0.4465867291889284
39627794379967394,0.0,0.33,0.67,0.0,0.4574631863898637
39627776285742375,0.0,0.01,0.93,0.06,0.20367037270049304
39627746086752465,0.0,0.42,0.58,0.0,0.49072694751682683
39627794375775589,0.0,0.83,0.17,0.0,0.32885238937210975
39627776285737391,0.0,0.47,0.53,0.0,0.4987007942838698
39627758145372647,0.0,0.11,0.89,0.0,0.249957979082264
39627776252189022,0.0,0.91,0.09,0.0,0.21823490853205144
39627800449126657,0.0,0.99,0.01,0.0,0.04039656794795559
39627752109772179,0.0,0.28,0.72,0.0,0.4277254052800653
39627740034371743,0.0,0.83,0.17,0.0,0.32885238937210975
39627788369530674,0.0,0.2,0.8,0.0,0.36096404744368116
39627758149569375,0.0,0.12,0.88,0.0,0.2646804326436822
39627770216581051,0.0,0.28,0.72,0.0,0.4277254052800653
39627788340170046,0.0,0.02,0.98,0.0,0.07072027127091034
39627788340169945,0.0,0.52,0.48,0.0,0.4994227679976009
39627740034367684,0.03,0.93,0.04,0.0,0.2174448102113104
39627764180981247,0.0,0.54,0.46,0.0,0.49768921941011285
39627776294127423,0.0,0.97,0.03,0.0,0.0971959289157881
39627752101383448,0.0,0.85,0.15,0.0,0.3049201523582002
39627770224968631,0.0,0.0,1.0,0.0,-0.0
39627740042757525,0.0,0.41,0.59,0.0,0.488250234378912
39627770224968736,0.0,0.55,0.45,0.0,0.49638722699390414
39627782291985743,0.01,0.99,0.0,0.0,0.04039656794795559
39627758157956541,0.0,0.02,0.98,0.0,0.07072027127091034
39627740042757376,0.0,0.98,0.02,0.0,0.07072027127091034
39627758149569181,0.0,0.23,0.77,0.0,0.38900565177326885
39627746069971487,0.0,0.36,0.64,0.0,0.4713415946277461
39627758149569100,0.0,0.04,0.96,0.0,0.12114609454120741
39627752109770661,0.0,0.89,0.11,0.0,0.249957979082264
39627776285742257,0.0,0.33,0.67,0.0,0.4574631863898637
39627764201951091,0.0,0.62,0.38,0.0,0.47902101111314976
39627746082555157,0.0,0.16,0.84,0.0,0.3171547773202831
39627752122352822,0.0,0.05,0.95,0.0,0.14319847855797813
39627776294126984,0.0,0.53,0.47,0.0,0.4987007942838698
39627800432349428,0.0,0.99,0.01,0.0,0.04039656794795559
39627800432349518,0.0,0.66,0.34,0.0,0.46240935248651505
39627806467951143,0.0,0.91,0.09,0.0,0.21823490853205144
39627740034372324,0.0,0.46,0.54,0.0,0.49768921941011285
39627752105577938,0.0,0.1,0.9,0.0,0.2344977967946406
39627758157955990,0.0,0.19,0.81,0.0,0.3507357299419487
39627758145373353,0.0,0.45,0.55,0.0,0.49638722699390414
39627776252188667,0.0,0.87,0.13,0.0,0.2787190925139945
39627776252188899,0.0,0.97,0.03,0.0,0.0971959289157881
39627776294127699,0.0,0.2,0.8,0.0,0.36096404744368116
39627806476341729,0.0,0.02,0.98,0.0,0.07072027127091034
39627806476341634,0.0,0.98,0.02,0.0,0.07072027127091034
39627782325537585,0.0,0.07,0.92,0.01,0.22283217282912027
39627770216583417,0.0,0.0,1.0,0.0,-0.0
39627746074165668,0.0,0.0,1.0,0.0,-0.0
39627794379971569,0.0,0.88,0.12,0.0,0.2646804326436822
39627770216583377,0.0,0.51,0.49,0.0,0.49985572087640495
39627788348555739,0.0,0.59,0.41,0.0,0.488250234378912
39627788348555665,0.0,0.8,0.2,0.0,0.36096404744368116
39627758170538813,0.0,0.74,0.26,0.0,0.4133731862463089
39627794375774872,0.0,0.04,0.96,0.0,0.12114609454120741
39627806480534313,0.0,0.93,0.07,0.0,0.18296182545011158
39627776294127740,0.0,0.28,0.72,0.0,0.4277254052800653
39627806480534285,0.0,0.48,0.52,0.0,0.4994227679976009
39627770237556316,0.0,0.22,0.78,0.0,0.38008375148098283
39627776268966673,0.0,0.63,0.37,0.0,0.47533604634353294
39627776268960158,0.0,0.03,0.97,0.0,0.0971959289157881
39627800432349658,0.0,0.8,0.2,0.0,0.36096404744368116
39627788369530377,0.0,0.24,0.76,0.0,0.39752013969226113
39627800428156202,0.0,0.44,0.56,0.0,0.4947937606110278
39627800428156259,0.0,0.1,0.9,0.0,0.2344977967946406
39627794392552168,0.0,0.44,0.56,0.0,0.4947937606110278
39627776294129534,0.0,0.02,0.98,0.0,0.07072027127091034
39627764189370037,0.0,0.28,0.72,0.0,0.4277254052800653
39627740051147056,0.0,0.59,0.41,0.0,0.488250234378912
39627733998768471,0.0,0.5,0.5,0.0,0.5
39627758149570419,0.0,0.04,0.94,0.02,0.19127133459887283
39627758149570465,0.0,0.02,0.98,0.0,0.07072027127091034
39627794379967424,0.0,0.22,0.78,0.0,0.38008375148098283
39627752101381261,0.0,0.78,0.22,0.0,0.38008375148098283
39627746061586155,0.0,0.87,0.13,0.0,0.2787190925139945
39627764210340758,0.0,0.78,0.22,0.0,0.38008375148098283
39627794396744527,0.0,0.12,0.88,0.0,0.2646804326436822
39627770233356609,0.0,0.67,0.33,0.0,0.4574631863898637
39627770233356623,0.0,0.33,0.67,0.0,0.4574631863898637
39627770237555215,0.0,0.62,0.38,0.0,0.47902101111314976
39627746074166705,0.0,0.97,0.03,0.0,0.0971959289157881
39627752101381059,0.0,0.44,0.56,0.0,0.4947937606110278
39627752122357912,0.0,0.02,0.98,0.0,0.07072027127091034
39627752101380706,0.0,0.08,0.92,0.0,0.2010895951011364
39627752101380681,0.0,0.52,0.48,0.0,0.4994227679976009
39627782325536798,0.0,0.97,0.03,0.0,0.0971959289157881
39627752122357949,0.0,0.1,0.9,0.0,0.2344977967946406
39627752101380806,0.01,0.99,0.0,0.0,0.04039656794795559
39627740030178377,0.0,0.22,0.78,0.0,0.38008375148098283
39627770212388630,0.0,0.23,0.77,0.0,0.38900565177326885
39627740030178309,0.0,0.97,0.03,0.0,0.0971959289157881
39627782333924547,0.0,0.32,0.68,0.0,0.45219072886224687
39627782333924865,0.0,1.0,0.0,0.0,-0.0
39627776294127673,0.0,0.73,0.27,0.0,0.42073231810408784
39627782333924573,0.0,0.72,0.28,0.0,0.4277254052800653
39627764180980356,0.0,0.83,0.17,0.0,0.32885238937210975
39627794375772433,0.0,0.21,0.79,0.0,0.37074136996563684
39627746086752005,0.0,0.11,0.89,0.0,0.249957979082264
39627788361140533,0.0,0.7,0.3,0.0,0.44064544961534635
39627752092996610,0.0,0.96,0.04,0.0,0.12114609454120741
39627794375771824,0.0,0.34,0.66,0.0,0.46240935248651505
39627740034367610,0.0,0.38,0.62,0.0,0.47902101111314976
39627806467950578,0.0,0.91,0.09,0.0,0.21823490853205144
39627770237554705,0.0,0.98,0.02,0.0,0.07072027127091034
39627782338120907,0.0,0.1,0.9,0.0,0.2344977967946406
39627770212387535,0.0,0.55,0.45,0.0,0.49638722699390414
39627776281543237,0.0,0.98,0.02,0.0,0.07072027127091034
39627752092993148,0.0,0.92,0.08,0.0,0.2010895951011364
39627752092993456,0.0,1.0,0.0,0.0,-0.0
39627752092993709,0.0,1.0,0.0,0.0,-0.0
39627752092993844,0.0,0.94,0.06,0.0,0.16372245957723813
39627746057392387,0.0,0.94,0.06,0.0,0.16372245957723813
39627740017596207,0.0,0.79,0.21,0.0,0.37074136996563684
39627740025982179,0.0,0.98,0.02,0.0,0.07072027127091034
39627782338121110,0.0,0.04,0.96,0.0,0.12114609454120741
39627746086750354,0.0,0.5,0.5,0.0,0.5
39627800440737129,0.0,0.16,0.84,0.0,0.3171547773202831
39627794375773259,0.0,0.91,0.09,0.0,0.21823490853205144
39627794375774462,0.0,0.14,0.85,0.01,0.33142210248480686
39627752101381123,0.0,0.97,0.03,0.0,0.0971959289157881
39627800440737134,0.0,0.01,0.96,0.03,0.13737165703039006
39627776252185251,0.0,0.79,0.21,0.0,0.37074136996563684
39627740030177417,0.0,1.0,0.0,0.0,-0.0
39627752092993346,0.01,0.98,0.01,0.0,0.08072027127091033
39627752092994093,0.0,0.18,0.82,0.0,0.34003852286413994
39627740030177665,0.0,0.96,0.04,0.0,0.12114609454120741
39627752092994194,0.0,0.86,0.14,0.0,0.292119405821428
39627752092994405,0.0,0.57,0.43,0.0,0.4929075185894599
39627764172588256,0.0,0.37,0.63,0.0,0.47533604634353294
39627752092994487,0.0,0.81,0.19,0.0,0.3507357299419487
39627752092994580,0.05,0.94,0.01,0.0,0.1832231322266888
39627782291983797,0.0,1.0,0.0,0.0,-0.0
39627752092994844,0.0,0.97,0.03,0.0,0.0971959289157881
39627746057393175,0.0,0.93,0.07,0.0,0.18296182545011158
39627758132790115,0.0,1.0,0.0,0.0,-0.0
39627758132790514,0.0,0.61,0.39,0.0,0.4823997742525436
39627746061584837,0.0,0.85,0.15,0.0,0.3049201523582002
39627746057392546,0.0,0.93,0.07,0.0,0.18296182545011158
39627782321341191,0.0,0.87,0.13,0.0,0.2787190925139945
39627746057392811,0.0,0.94,0.06,0.0,0.16372245957723813
39627740030177931,0.0,0.75,0.25,0.0,0.4056390622295664
39627782321340981,0.0,0.6,0.4,0.0,0.4854752972273343
39627782321341013,0.0,0.46,0.54,0.0,0.49768921941011285
39627782321340964,0.0,0.78,0.22,0.0,0.38008375148098283
39627758132791145,0.0,0.78,0.22,0.0,0.38008375148098283
39627746061584896,0.0,0.99,0.01,0.0,0.04039656794795559
39627758132792017,0.0,0.39,0.61,0.0,0.4823997742525436
39627776252183432,0.02,0.98,0.0,0.0,0.07072027127091034
39627794375772043,0.0,0.99,0.01,0.0,0.04039656794795559
39627782321340672,0.0,0.73,0.27,0.0,0.42073231810408784
39627746061584548,0.0,0.91,0.09,0.0,0.21823490853205144
39627794375771850,0.0,0.27,0.73,0.0,0.42073231810408784
39627776247993345,0.0,0.65,0.35,0.0,0.4670340276877455
39627758132790144,0.0,0.48,0.52,0.0,0.4994227679976009
39627764172587962,0.0,0.44,0.56,0.0,0.4947937606110278
39627794375772652,0.0,0.94,0.06,0.0,0.16372245957723813
39627746057391902,0.0,0.99,0.01,0.0,0.04039656794795559
39627764168397361,0.0,0.81,0.19,0.0,0.3507357299419487
39627758132790182,0.0,1.0,0.0,0.0,-0.0
39627758132790301,0.0,1.0,0.0,0.0,-0.0
39627758128599802,0.0,0.55,0.45,0.0,0.49638722699390414
39627746061584683,0.0,0.94,0.06,0.0,0.16372245957723813
39627776252185245,0.0,0.32,0.68,0.0,0.45219072886224687
39627740021787011,0.0,1.0,0.0,0.0,-0.0
39627740021786074,0.0,1.0,0.0,0.0,-0.0
39627794375771525,0.0,0.17,0.83,0.0,0.32885238937210975
39627740021784838,0.01,0.98,0.01,0.0,0.08072027127091033
39627733994571261,0.0,0.98,0.02,0.0,0.07072027127091034
39627776252184777,0.0,0.63,0.37,0.0,0.47533604634353294
39627740021784934,0.0,1.0,0.0,0.0,-0.0
39627740021789562,0.0,0.71,0.29,0.0,0.43436062316970225
39627752092995688,0.0,0.32,0.68,0.0,0.45219072886224687
39627776252182853,0.0,0.9,0.1,0.0,0.2344977967946406
39627776247993931,0.0,0.97,0.03,0.0,0.0971959289157881
39627776252182591,0.0,0.98,0.02,0.0,0.07072027127091034
39627782338119350,0.0,0.16,0.84,0.0,0.3171547773202831
39627776247993840,0.0,0.74,0.26,0.0,0.4133731862463089
39627776252183040,0.0,0.9,0.1,0.0,0.2344977967946406
39627740034367611,0.0,0.47,0.53,0.0,0.4987007942838698
39627776252183075,0.0,0.97,0.03,0.0,0.0971959289157881
39627776247993826,0.0,0.95,0.05,0.0,0.14319847855797813
39627776252183386,0.0,0.93,0.07,0.0,0.18296182545011158
39627746057390889,0.0,1.0,0.0,0.0,-0.0
39627746057391871,0.0,0.96,0.04,0.0,0.12114609454120741
39627758132789587,0.0,0.84,0.16,0.0,0.3171547773202831
39627782338121436,0.0,0.61,0.39,0.0,0.4823997742525436
39627740025982449,0.0,1.0,0.0,0.0,-0.0
39627740021788674,0.01,0.97,0.02,0.0,0.11097036642660543
39627800432349183,0.0,0.15,0.85,0.0,0.3049201523582002
39627740030177584,0.0,0.98,0.02,0.0,0.07072027127091034
39627740030177191,0.0,0.89,0.11,0.0,0.249957979082264
39627740034368260,0.0,0.89,0.11,0.0,0.249957979082264
39627758132790152,0.0,0.8,0.2,0.0,0.36096404744368116
39627740030177426,0.0,0.9,0.1,0.0,0.2344977967946406
39627788331781806,0.0,0.08,0.92,0.0,0.2010895951011364
39627758132790391,0.0,0.15,0.85,0.0,0.3049201523582002
39627788331781725,0.0,0.23,0.77,0.0,0.38900565177326885
39627758132789816,0.0,0.02,0.95,0.03,0.1674722434193448
39627776281543672,0.0,0.13,0.87,0.0,0.2787190925139945
39627788331781589,0.0,0.67,0.33,0.0,0.4574631863898637
39627746057392111,0.0,1.0,0.0,0.0,-0.0
39627734002958741,0.0,0.56,0.44,0.0,0.4947937606110278
39627740021785472,0.0,0.88,0.12,0.0,0.2646804326436822
39627770237555379,0.0,0.55,0.45,0.0,0.49638722699390414
39627776277349131,0.01,0.99,0.0,0.0,0.04039656794795559
39627746057391815,0.0,1.0,0.0,0.0,-0.0
39627782317148561,0.0,0.0,0.98,0.02,0.07072027127091034
39627758153760997,0.0,0.01,0.99,0.0,0.04039656794795559
39627800436540965,0.0,0.37,0.63,0.0,0.47533604634353294
39627800436541168,0.0,0.81,0.19,0.0,0.3507357299419487
39627758149566604,0.0,0.2,0.8,0.0,0.36096404744368116
39627806488920902,0.0,0.94,0.06,0.0,0.16372245957723813
39627800436540920,0.0,0.87,0.13,0.0,0.2787190925139945
39627788335975574,0.0,0.42,0.58,0.0,0.49072694751682683
39627776281543532,0.0,0.94,0.06,0.0,0.16372245957723813
39627776281543594,0.0,0.34,0.66,0.0,0.46240935248651505
39627770224968947,0.0,0.71,0.29,0.0,0.43436062316970225
39627782304565536,0.0,0.06,0.94,0.0,0.16372245957723813
39627782304565132,0.0,0.43,0.57,0.0,0.4929075185894599
39627782304565309,0.0,0.03,0.97,0.0,0.0971959289157881
39627788369530146,0.0,0.01,0.99,0.0,0.04039656794795559
39627782329731090,0.0,0.92,0.08,0.0,0.2010895951011364
39627782329731068,0.0,0.9,0.1,0.0,0.2344977967946406
39627782304565825,0.0,0.47,0.53,0.0,0.4987007942838698
39627758153761229,0.0,0.44,0.56,0.0,0.4947937606110278
39627800436543952,0.0,0.74,0.26,0.0,0.4133731862463089
39627782317149005,0.0,0.95,0.05,0.0,0.14319847855797813
39627800428151940,0.0,0.16,0.84,0.0,0.3171547773202831
39627800428151892,0.0,0.08,0.92,0.0,0.2010895951011364
39627812516138084,0.0,0.08,0.92,0.0,0.2010895951011364
39627746086749758,0.0,0.57,0.43,0.0,0.4929075185894599
39627776277349731,0.0,1.0,0.0,0.0,-0.0
39627812503557383,0.0,0.42,0.58,0.0,0.49072694751682683
39627770224972664,0.0,0.36,0.64,0.0,0.4713415946277461
39627746061583403,0.0,0.62,0.38,0.0,0.47902101111314976
39627746090945980,0.0,0.22,0.78,0.0,0.38008375148098283
39627806467949444,0.01,0.99,0.0,0.0,0.04039656794795559
39627806467949328,0.0,0.27,0.73,0.0,0.42073231810408784
39627806467949394,0.0,0.89,0.11,0.0,0.249957979082264
39627782291983330,0.0,0.92,0.08,0.0,0.2010895951011364
39627782291983224,0.0,0.54,0.46,0.0,0.49768921941011285
39627782338120120,0.0,1.0,0.0,0.0,-0.0
39627782291982588,0.0,0.95,0.05,0.0,0.14319847855797813
39627806459562710,0.0,0.32,0.68,0.0,0.45219072886224687
39627806459563114,0.0,0.01,0.96,0.03,0.13737165703039006
39627806459563271,0.0,1.0,0.0,0.0,-0.0
39627776281543549,0.0,0.27,0.73,0.0,0.42073231810408784
39627806467951451,0.0,0.05,0.95,0.0,0.14319847855797813
39627776281543441,0.0,1.0,0.0,0.0,-0.0
39627782291981794,0.0,0.99,0.01,0.0,0.04039656794795559
39627752101380585,0.0,0.6,0.4,0.0,0.4854752972273343
39627752092994044,0.0,1.0,0.0,0.0,-0.0
39627746057392896,0.0,0.16,0.84,0.0,0.3171547773202831
39627733990379008,0.0,0.45,0.55,0.0,0.49638722699390414
39627782338119508,0.0,0.95,0.05,0.0,0.14319847855797813
39627776294127128,0.0,0.39,0.61,0.0,0.4823997742525436
39627776247991960,0.0,0.92,0.08,0.0,0.2010895951011364
39627746057392590,0.0,0.83,0.17,0.0,0.32885238937210975
39627776247994046,0.01,0.96,0.03,0.0,0.13737165703039006
39627733994572108,0.0,1.0,0.0,0.0,-0.0
39627733994571208,0.0,0.64,0.36,0.0,0.4713415946277461
39627752101380931,0.0,0.51,0.49,0.0,0.49985572087640495
39627776247993649,0.0,0.72,0.28,0.0,0.4277254052800653
39627788331781333,0.0,0.56,0.44,0.0,0.4947937606110278
39627764168396997,0.0,0.86,0.14,0.0,0.292119405821428
39627794375770554,0.0,0.73,0.27,0.0,0.42073231810408784
39627764168398321,0.0,0.55,0.45,0.0,0.49638722699390414
39627764168398458,0.0,0.81,0.19,0.0,0.3507357299419487
39627782287790589,0.0,0.95,0.05,0.0,0.14319847855797813
39627758132790417,0.0,0.51,0.49,0.0,0.49985572087640495
39627800415573935,0.0,0.5,0.5,0.0,0.5
39627770212385371,0.0,0.81,0.19,0.0,0.3507357299419487
39627806459565723,0.0,0.96,0.04,0.0,0.12114609454120741
39627776247993074,0.0,0.99,0.01,0.0,0.04039656794795559
39627764168396754,0.0,1.0,0.0,0.0,-0.0
39627794375771811,0.0,0.56,0.44,0.0,0.4947937606110278
39627758132790748,0.0,0.07,0.93,0.0,0.18296182545011158
39627764168398329,0.0,0.92,0.08,0.0,0.2010895951011364
39627794375772290,0.0,0.46,0.54,0.0,0.49768921941011285
39627764168397739,0.0,0.39,0.61,0.0,0.4823997742525436
39627764168397395,0.0,0.9,0.1,0.0,0.2344977967946406
39627740021789692,0.0,0.99,0.01,0.0,0.04039656794795559
39627740025982236,0.0,0.51,0.49,0.0,0.49985572087640495
39627740025982008,0.01,0.97,0.02,0.0,0.11097036642660543
39627746057393377,0.05,0.95,0.0,0.0,0.14319847855797813
39627776247993984,0.04,0.95,0.01,0.0,0.16124668093016215
39627776247993987,0.0,0.87,0.13,0.0,0.2787190925139945
39627770237555355,0.0,0.7,0.3,0.0,0.44064544961534635
39627764168396542,0.0,0.99,0.01,0.0,0.04039656794795559
39627776247991657,0.0,0.97,0.03,0.0,0.0971959289157881
39627782287792052,0.0,0.97,0.03,0.0,0.0971959289157881
39627776247991787,0.0,0.89,0.11,0.0,0.249957979082264
39627752092992517,0.0,0.82,0.18,0.0,0.34003852286413994
39627758128600251,0.0,0.98,0.02,0.0,0.07072027127091034
39627746057390321,0.0,0.87,0.13,0.0,0.2787190925139945
39627776247992645,0.0,0.92,0.08,0.0,0.2010895951011364
39627764168396299,0.0,0.8,0.2,0.0,0.36096404744368116
39627794375770151,0.0,0.97,0.03,0.0,0.0971959289157881
39627758128598724,0.0,0.67,0.33,0.0,0.4574631863898637
39627788331778634,0.0,0.84,0.16,0.0,0.3171547773202831
39627752092992499,0.0,0.96,0.04,0.0,0.12114609454120741
39627764168396794,0.0,0.99,0.01,0.0,0.04039656794795559
39627764168396848,0.0,0.98,0.02,0.0,0.07072027127091034
39627758128599899,0.0,0.24,0.76,0.0,0.39752013969226113
39627776277350263,0.0,0.83,0.17,0.0,0.32885238937210975
39627740034368299,0.0,0.04,0.96,0.0,0.12114609454120741
39627740034368303,0.0,0.62,0.38,0.0,0.47902101111314976
39627794375770626,0.0,0.7,0.3,0.0,0.44064544961534635
39627746057390726,0.0,0.99,0.01,0.0,0.04039656794795559
39627794371582074,0.0,0.78,0.22,0.0,0.38008375148098283
39627782287791149,0.0,0.94,0.06,0.0,0.16372245957723813
39627764168396760,0.0,0.89,0.11,0.0,0.249957979082264
39627812507746394,0.0,0.61,0.39,0.0,0.4823997742525436
39627812503557474,0.0,0.96,0.04,0.0,0.12114609454120741
39627770208195388,0.0,0.97,0.03,0.0,0.0971959289157881
39627812507746944,0.0,0.07,0.93,0.0,0.18296182545011158
39627740034367824,0.0,0.01,0.99,0.0,0.04039656794795559
39627740025980755,0.0,0.15,0.85,0.0,0.3049201523582002
39627764168396781,0.0,0.97,0.03,0.0,0.0971959289157881
39627782287789487,0.01,0.97,0.02,0.0,0.11097036642660543
39627746057391329,0.0,0.99,0.01,0.0,0.04039656794795559
39627788327589828,0.0,1.0,0.0,0.0,-0.0
39627776247992861,0.01,0.99,0.0,0.0,0.04039656794795559
39627752143323172,0.0,1.0,0.0,0.0,-0.0
39627770233360575,0.0,0.9,0.1,0.0,0.2344977967946406
39627764222918829,0.0,0.87,0.13,0.0,0.2787190925139945
39627782300371211,0.0,0.67,0.33,0.0,0.4574631863898637
39627752101382883,0.0,0.23,0.77,0.0,0.38900565177326885
39627800453317528,0.0,0.47,0.53,0.0,0.4987007942838698
39627800453317690,0.0,0.0,1.0,0.0,-0.0
39627758141182628,0.0,0.05,0.95,0.0,0.14319847855797813
39627746078362741,0.0,0.97,0.03,0.0,0.0971959289157881
39627764210340090,0.0,0.59,0.41,0.0,0.488250234378912
39627758162151433,0.0,1.0,0.0,0.0,-0.0
39627758149567714,0.0,0.37,0.63,0.0,0.47533604634353294
39627746065777879,0.0,0.75,0.25,0.0,0.4056390622295664
39627758162151599,0.0,0.78,0.22,0.0,0.38008375148098283
39627776256381885,0.0,0.0,1.0,0.0,-0.0
39627776285740468,0.0,0.01,0.99,0.0,0.04039656794795559
39627764185175911,0.0,0.13,0.87,0.0,0.2787190925139945
39627764172591609,0.0,0.07,0.92,0.01,0.22283217282912027
39627764172591395,0.0,0.71,0.29,0.0,0.43436062316970225
39627758157959594,0.0,0.71,0.29,0.0,0.43436062316970225
39627776260575109,0.0,0.92,0.08,0.0,0.2010895951011364
39627740034371379,0.0,0.32,0.68,0.0,0.45219072886224687
39627770216583390,0.0,0.55,0.45,0.0,0.49638722699390414
39627788369529174,0.0,0.35,0.65,0.0,0.4670340276877455
39627764210338066,0.0,0.07,0.92,0.01,0.22283217282912027
39627764172591186,0.0,0.51,0.49,0.0,0.49985572087640495
39627764172591359,0.0,0.72,0.28,0.0,0.4277254052800653
39627764210338100,0.0,0.05,0.95,0.0,0.14319847855797813
39627758149570972,0.0,0.23,0.77,0.0,0.38900565177326885
39627776256380204,0.0,0.21,0.79,0.0,0.37074136996563684
39627752134936364,0.0,0.87,0.13,0.0,0.2787190925139945
39627782304563502,0.0,0.1,0.9,0.0,0.2344977967946406
39627746078364054,0.0,0.66,0.34,0.0,0.46240935248651505
39627740034369418,0.01,0.99,0.0,0.0,0.04039656794795559
39627782300371543,0.0,0.04,0.96,0.0,0.12114609454120741
39627752097191765,0.05,0.93,0.02,0.0,0.21317104534994366
39627794413520124,0.0,0.96,0.04,0.0,0.12114609454120741
39627764214534601,0.0,0.34,0.66,0.0,0.46240935248651505
39627788344363307,0.0,0.86,0.14,0.0,0.292119405821428
39627782300370410,0.0,0.43,0.57,0.0,0.4929075185894599
39627794409327438,0.0,0.12,0.88,0.0,0.2646804326436822
39627794379967298,0.0,0.09,0.91,0.0,0.21823490853205144
39627776273154620,0.0,0.07,0.93,0.0,0.18296182545011158
39627776273154281,0.0,0.82,0.18,0.0,0.34003852286413994
39627794379967404,0.0,0.09,0.91,0.0,0.21823490853205144
39627752097190720,0.0,0.01,0.99,0.0,0.04039656794795559
39627800423960339,0.0,0.56,0.44,0.0,0.4947937606110278
39627794379967769,0.0,0.85,0.15,0.0,0.3049201523582002
39627776264770784,0.0,0.02,0.98,0.0,0.07072027127091034
39627764193563363,0.0,0.99,0.01,0.0,0.04039656794795559
39627758162153571,0.0,0.23,0.77,0.0,0.38900565177326885
39627758162153482,0.0,0.52,0.48,0.0,0.4994227679976009
39627764185171189,0.0,0.36,0.64,0.0,0.4713415946277461
39627776298323046,0.0,0.25,0.75,0.0,0.4056390622295664
39627794409324903,0.0,0.98,0.02,0.0,0.07072027127091034
39627746074165293,0.0,0.38,0.62,0.0,0.47902101111314976
39627740034372814,0.0,0.0,0.94,0.06,0.16372245957723813
39627746074165685,0.0,0.13,0.87,0.0,0.2787190925139945
39627758145374333,0.0,0.52,0.48,0.0,0.4994227679976009
39627764206143702,0.0,0.99,0.01,0.0,0.04039656794795559
39627776273154136,0.0,0.54,0.46,0.0,0.49768921941011285
39627746082557806,0.0,0.94,0.06,0.0,0.16372245957723813
39627758170539438,0.0,0.01,0.97,0.02,0.11097036642660543
39627788361138911,0.0,0.66,0.34,0.0,0.46240935248651505
39627794384160411,0.0,0.29,0.71,0.0,0.43436062316970225
39627776268966641,0.0,0.0,1.0,0.0,-0.0
39627776273156810,0.0,0.16,0.84,0.0,0.3171547773202831
39627758178930103,0.0,0.89,0.11,0.0,0.249957979082264
39627770233356991,0.0,0.23,0.77,0.0,0.38900565177326885
39627776273155141,0.0,0.58,0.42,0.0,0.49072694751682683
39627770262717584,0.0,0.16,0.84,0.0,0.3171547773202831
39627776273155048,0.0,0.06,0.94,0.0,0.16372245957723813
39627776273155069,0.0,0.55,0.45,0.0,0.49638722699390414
39627770262717770,0.0,0.39,0.61,0.0,0.4823997742525436
39627764201950243,0.0,0.92,0.08,0.0,0.2010895951011364
39627794379968840,0.0,0.62,0.38,0.0,0.47902101111314976
39627782333928568,0.0,0.25,0.75,0.0,0.4056390622295664
39627794379969270,0.0,0.83,0.17,0.0,0.32885238937210975
39627794396745448,0.0,0.52,0.48,0.0,0.4994227679976009
39627776281543572,0.0,0.99,0.01,0.0,0.04039656794795559
39627764185172696,0.01,0.99,0.0,0.0,0.04039656794795559
39627782338118293,0.0,0.55,0.45,0.0,0.49638722699390414
39627776252187591,0.0,0.52,0.48,0.0,0.4994227679976009
39627764201950060,0.0,0.93,0.07,0.0,0.18296182545011158
39627770216583596,0.0,0.36,0.64,0.0,0.4713415946277461
39627776298320699,0.0,0.0,0.98,0.02,0.07072027127091034
39627782329730958,0.0,0.0,0.99,0.01,0.04039656794795559
39627794396745628,0.0,0.92,0.08,0.0,0.2010895951011364
39627782338118864,0.0,0.15,0.85,0.0,0.3049201523582002
39627800419768564,0.0,0.54,0.46,0.0,0.49768921941011285
39627746065781061,0.0,0.93,0.07,0.0,0.18296182545011158
39627764201949878,0.0,0.57,0.43,0.0,0.4929075185894599
39627758136987823,0.0,0.24,0.76,0.0,0.39752013969226113
39627758162151019,0.0,0.06,0.94,0.0,0.16372245957723813
39627800432345246,0.0,0.07,0.93,0.0,0.18296182545011158
39627758149567598,0.0,0.82,0.18,0.0,0.34003852286413994
39627770254333313,0.0,0.95,0.05,0.0,0.14319847855797813
39627776298323185,0.0,0.43,0.57,0.0,0.4929075185894599
39627800436543165,0.0,0.99,0.01,0.0,0.04039656794795559
39627770216583923,0.0,0.88,0.12,0.0,0.2646804326436822
39627764210338236,0.0,0.04,0.96,0.0,0.12114609454120741
39627764210340463,0.0,0.34,0.66,0.0,0.46240935248651505
39627800436545032,0.0,0.74,0.26,0.0,0.4133731862463089
39627770216583829,0.0,0.3,0.7,0.0,0.44064544961534635
39627776256380707,0.0,0.55,0.45,0.0,0.49638722699390414
39627764210336979,0.0,0.52,0.48,0.0,0.4994227679976009
39627758145373874,0.0,0.06,0.93,0.01,0.20367037270049304
39627794379967366,0.0,0.68,0.32,0.0,0.45219072886224687
39627764210336409,0.0,0.11,0.89,0.0,0.249957979082264
39627758162151827,0.0,0.54,0.46,0.0,0.49768921941011285
39627764210336862,0.0,0.76,0.24,0.0,0.39752013969226113
39627758145374233,0.0,0.35,0.65,0.0,0.4670340276877455
39627758145373815,0.0,0.49,0.51,0.0,0.49985572087640495
39627782325537140,0.0,0.01,0.79,0.2,0.39974188986867043
39627758162151798,0.0,0.31,0.69,0.0,0.4465867291889284
39627770254333438,0.0,0.05,0.95,0.0,0.14319847855797813
39627812511941965,0.0,0.18,0.82,0.0,0.34003852286413994
39627800436543336,0.0,0.57,0.43,0.0,0.4929075185894599
39627752113965235,0.0,0.63,0.37,0.0,0.47533604634353294
39627770262717960,0.0,1.0,0.0,0.0,-0.0
39627746065780079,0.0,0.52,0.48,0.0,0.4994227679976009
39627746065780118,0.0,0.94,0.06,0.0,0.16372245957723813
39627782317146899,0.0,0.74,0.26,0.0,0.4133731862463089
39627770262717531,0.0,0.98,0.02,0.0,0.07072027127091034
39627776281547619,0.0,0.16,0.83,0.01,0.3562867308783886
39627782338119027,0.0,0.64,0.36,0.0,0.4713415946277461
39627770233357612,0.0,0.97,0.03,0.0,0.0971959289157881
39627746065781313,0.0,0.96,0.04,0.0,0.12114609454120741
39627758149568633,0.0,0.01,0.98,0.01,0.08072027127091033
39627770229165719,0.0,0.09,0.9,0.01,0.2579475764741046
39627770229165513,0.0,0.01,0.99,0.0,0.04039656794795559
39627782312952934,0.0,0.04,0.96,0.0,0.12114609454120741
39627770229165882,0.0,0.02,0.98,0.0,0.07072027127091034
39627782333927357,0.0,0.28,0.72,0.0,0.4277254052800653
39627746065781354,0.0,0.97,0.03,0.0,0.0971959289157881
39627776294129389,0.0,0.19,0.81,0.0,0.3507357299419487
39627788348558730,0.0,0.1,0.9,0.0,0.2344977967946406
39627770229165511,0.0,0.97,0.03,0.0,0.0971959289157881
39627758170539415,0.0,0.03,0.97,0.0,0.0971959289157881
39627794409327669,0.0,0.47,0.53,0.0,0.4987007942838698
39627782338117776,0.0,0.94,0.06,0.0,0.16372245957723813
39627782333929637,0.0,0.06,0.94,0.0,0.16372245957723813
39627764189366740,0.0,0.1,0.9,0.0,0.2344977967946406
39627776294129518,0.0,0.0,1.0,0.0,-0.0
39627770233359628,0.0,0.56,0.44,0.0,0.4947937606110278
39627794384163571,0.0,0.61,0.39,0.0,0.4823997742525436
39627782321345431,0.0,0.41,0.59,0.0,0.488250234378912
39627758162153679,0.0,0.54,0.46,0.0,0.49768921941011285
39627776298323192,0.0,1.0,0.0,0.0,-0.0
39627782321345504,0.0,0.71,0.29,0.0,0.43436062316970225
39627794413520324,0.0,0.64,0.36,0.0,0.4713415946277461
39627782304563647,0.0,0.73,0.27,0.0,0.42073231810408784
39627752134939645,0.0,0.68,0.32,0.0,0.45219072886224687
39627776298321204,0.0,0.37,0.63,0.0,0.47533604634353294
39627758170541112,0.0,0.05,0.95,0.0,0.14319847855797813
39627788373726371,0.0,0.96,0.04,0.0,0.12114609454120741
39627758170539528,0.0,0.73,0.27,0.0,0.42073231810408784
39627800440734372,0.0,0.0,1.0,0.0,-0.0
39627770229166031,0.0,0.62,0.38,0.0,0.47902101111314976
39627758170539982,0.0,0.0,1.0,0.0,-0.0
39627782338118949,0.0,0.66,0.34,0.0,0.46240935248651505
39627764218725513,0.0,0.27,0.73,0.0,0.42073231810408784
39627758162151758,0.0,0.22,0.78,0.0,0.38008375148098283
39627794384159138,0.0,1.0,0.0,0.0,-0.0
39627794384159096,0.0,0.46,0.54,0.0,0.49768921941011285
39627770216582819,0.0,0.72,0.28,0.0,0.4277254052800653
39627794384163430,0.0,0.66,0.34,0.0,0.46240935248651505
39627800436543218,0.0,0.16,0.84,0.0,0.3171547773202831
39627746065780782,0.0,0.2,0.8,0.0,0.36096404744368116
39627752097189616,0.0,0.16,0.84,0.0,0.3171547773202831
39627752097189715,0.0,0.94,0.06,0.0,0.16372245957723813
39627746078362358,0.0,0.0,0.97,0.03,0.0971959289157881
39627794388355475,0.0,0.48,0.52,0.0,0.4994227679976009
39627752097189438,0.0,0.02,0.98,0.0,0.07072027127091034
39627794388355502,0.0,0.23,0.77,0.0,0.38900565177326885
39627764218729005,0.0,0.71,0.29,0.0,0.43436062316970225
39627794388355718,0.0,1.0,0.0,0.0,-0.0
39627800449124953,0.0,1.0,0.0,0.0,-0.0
39627746078362546,0.0,0.46,0.54,0.0,0.49768921941011285
39627776298323317,0.0,0.12,0.88,0.0,0.2646804326436822
39627776260573782,0.0,0.01,0.99,0.0,0.04039656794795559
39627740034370494,0.0,0.7,0.3,0.0,0.44064544961534635
39627800428152583,0.0,0.35,0.65,0.0,0.4670340276877455
39627758145374654,0.0,0.27,0.73,0.0,0.42073231810408784
39627758166348863,0.0,0.05,0.95,0.0,0.14319847855797813
39627788365337045,0.0,0.7,0.3,0.0,0.44064544961534635
39627764210338756,0.0,0.04,0.96,0.0,0.12114609454120741
39627788348556432,0.0,0.42,0.58,0.0,0.49072694751682683
39627752097189155,0.0,0.51,0.49,0.0,0.49985572087640495
39627758166348802,0.0,0.85,0.15,0.0,0.3049201523582002
39627764210338702,0.0,0.23,0.77,0.0,0.38900565177326885
39627758149567065,0.0,1.0,0.0,0.0,-0.0
39627746082557724,0.0,0.96,0.04,0.0,0.12114609454120741
39627794413518959,0.0,0.36,0.64,0.0,0.4713415946277461
39627788369528945,0.0,0.59,0.41,0.0,0.488250234378912
39627782321344992,0.0,0.8,0.2,0.0,0.36096404744368116
39627788365337153,0.0,0.48,0.52,0.0,0.4994227679976009
39627746065777582,0.0,0.46,0.54,0.0,0.49768921941011285
39627800419767455,0.0,0.0,0.86,0.14,0.292119405821428
39627752130740625,0.0,0.41,0.59,0.0,0.488250234378912
39627752130740520,0.0,0.09,0.91,0.0,0.21823490853205144
39627800419767707,0.0,0.09,0.91,0.0,0.21823490853205144
39627788365337569,0.0,0.3,0.7,0.0,0.44064544961534635
39627746065777596,0.0,0.59,0.41,0.0,0.488250234378912
39627800436542807,0.0,0.67,0.33,0.0,0.4574631863898637
39627752130740487,0.0,0.26,0.74,0.0,0.4133731862463089
39627800419767377,0.0,0.73,0.27,0.0,0.42073231810408784
39627782325536215,0.0,0.0,0.93,0.07,0.18296182545011158
39627746065777894,0.0,0.96,0.04,0.0,0.12114609454120741
39627758174735414,0.0,0.54,0.46,0.0,0.49768921941011285
39627794384159159,0.0,0.76,0.24,0.0,0.39752013969226113
39627794384159170,0.0,0.01,0.97,0.02,0.11097036642660543
39627782317150718,0.0,0.62,0.38,0.0,0.47902101111314976
39627770229165003,0.0,0.67,0.33,0.0,0.4574631863898637
39627746086752187,0.0,0.19,0.81,0.0,0.3507357299419487
39627800423960873,0.0,0.72,0.28,0.0,0.4277254052800653
39627800423960719,0.0,0.0,1.0,0.0,-0.0
39627800423961114,0.0,0.22,0.78,0.0,0.38008375148098283
39627794388356018,0.0,1.0,0.0,0.0,-0.0
39627764185175710,0.0,0.7,0.3,0.0,0.44064544961534635
39627764197755088,0.0,0.01,0.91,0.08,0.24088153359695552
39627770216582703,0.0,0.11,0.89,0.0,0.249957979082264
39627746078362760,0.0,0.13,0.87,0.0,0.2787190925139945
39627794379969608,0.0,0.01,0.98,0.01,0.08072027127091033
39627794379967439,0.0,0.01,0.99,0.0,0.04039656794795559
39627794379969513,0.0,0.01,0.99,0.0,0.04039656794795559
39627794379969323,0.0,0.0,0.98,0.02,0.07072027127091034
39627806463756663,0.02,0.97,0.01,0.0,0.11097036642660543
39627770233360879,0.0,1.0,0.0,0.0,-0.0
39627764185175627,0.0,0.21,0.79,0.0,0.37074136996563684
39627776252186912,0.0,0.5,0.5,0.0,0.5
39627776289934674,0.0,0.94,0.06,0.0,0.16372245957723813
39627764218730203,0.0,0.09,0.9,0.01,0.2579475764741046
39627758136988582,0.0,0.4,0.6,0.0,0.4854752972273343
39627764193558944,0.0,0.9,0.1,0.0,0.2344977967946406
39627740046955588,0.0,0.95,0.05,0.0,0.14319847855797813
39627758174734285,0.0,0.02,0.98,0.0,0.07072027127091034
39627764189366202,0.0,0.91,0.09,0.0,0.21823490853205144
39627764189366273,0.0,0.83,0.17,0.0,0.32885238937210975
39627788344367757,0.0,0.17,0.83,0.0,0.32885238937210975
39627782321344246,0.0,0.42,0.58,0.0,0.49072694751682683
39627776256380414,0.0,0.0,1.0,0.0,-0.0
39627782329734170,0.0,0.35,0.65,0.0,0.4670340276877455
39627782321344079,0.0,0.97,0.03,0.0,0.0971959289157881
39627782291986170,0.0,0.02,0.9,0.08,0.2705942015390087
39627764189366340,0.0,0.11,0.89,0.0,0.249957979082264
39627782321344047,0.0,0.78,0.22,0.0,0.38008375148098283
39627758132793794,0.0,0.98,0.02,0.0,0.07072027127091034
39627740034371261,0.0,0.91,0.09,0.0,0.21823490853205144
39627764201948869,0.0,0.0,1.0,0.0,-0.0
39627758145374473,0.0,0.07,0.93,0.0,0.18296182545011158
39627794379969679,0.0,0.01,0.99,0.0,0.04039656794795559
39627794379969531,0.0,0.0,1.0,0.0,-0.0
39627794379966872,0.0,0.49,0.51,0.0,0.49985572087640495
39627788373724405,0.0,0.18,0.82,0.0,0.34003852286413994
39627788373724171,0.0,0.18,0.82,0.0,0.34003852286413994
39627758149570281,0.0,0.2,0.8,0.0,0.36096404744368116
39627794379966794,0.0,0.93,0.07,0.0,0.18296182545011158
39627758149570108,0.0,0.0,0.78,0.22,0.38008375148098283
39627788348560938,0.0,0.53,0.47,0.0,0.4987007942838698
39627776256379744,0.0,0.73,0.27,0.0,0.42073231810408784
39627758132792547,0.0,0.86,0.14,0.0,0.292119405821428
39627758132792958,0.0,0.81,0.19,0.0,0.3507357299419487
39627758132792545,0.0,0.01,0.94,0.05,0.1832231322266888
39627758132792598,0.0,0.0,0.8,0.2,0.36096404744368116
39627758132792392,0.0,0.17,0.83,0.0,0.32885238937210975
39627758141179352,0.0,0.85,0.15,0.0,0.3049201523582002
39627758132792251,0.0,0.95,0.05,0.0,0.14319847855797813
39627794388359239,0.0,0.81,0.19,0.0,0.3507357299419487
39627758132792335,0.0,0.07,0.93,0.0,0.18296182545011158
39627764172588811,0.0,0.43,0.57,0.0,0.4929075185894599
39627770241745113,0.03,0.96,0.01,0.0,0.13737165703039006
39627788331782377,0.0,0.01,0.99,0.0,0.04039656794795559
39627794379966846,0.0,0.04,0.96,0.0,0.12114609454120741
39627740034368668,0.01,0.9,0.09,0.0,0.2579475764741046
39627758132792945,0.0,0.81,0.19,0.0,0.3507357299419487
39627788373727038,0.0,0.86,0.14,0.0,0.292119405821428
39627752097191362,0.0,0.11,0.89,0.0,0.249957979082264
39627776298322827,0.0,0.7,0.3,0.0,0.44064544961534635
39627776298322794,0.0,0.84,0.16,0.0,0.3171547773202831
39627788348560886,0.0,0.91,0.09,0.0,0.21823490853205144
39627758141179366,0.0,0.86,0.14,0.0,0.292119405821428
39627758132793040,0.0,0.49,0.51,0.0,0.49985572087640495
39627758132793004,0.0,0.24,0.76,0.0,0.39752013969226113
39627770254333653,0.0,0.01,0.99,0.0,0.04039656794795559
39627770254333586,0.0,0.47,0.53,0.0,0.4987007942838698
39627770254333385,0.0,0.99,0.01,0.0,0.04039656794795559
39627770254333631,0.0,0.06,0.94,0.0,0.16372245957723813
39627770254333633,0.0,0.78,0.22,0.0,0.38008375148098283
39627764193558970,0.0,0.49,0.51,0.0,0.49985572087640495
39627776298322544,0.0,0.25,0.75,0.0,0.4056390622295664
39627764193558910,0.0,0.01,0.97,0.02,0.11097036642660543
39627782329734351,0.0,0.19,0.81,0.0,0.3507357299419487
39627788369528195,0.0,0.1,0.9,0.0,0.2344977967946406
39627788369528374,0.0,0.15,0.85,0.0,0.3049201523582002
39627740030177275,0.0,0.4,0.6,0.0,0.4854752972273343
39627740030177333,0.04,0.95,0.01,0.0,0.16124668093016215
39627758174734827,0.0,0.28,0.72,0.0,0.4277254052800653
39627794375775303,0.0,0.96,0.04,0.0,0.12114609454120741
39627776285739253,0.0,0.63,0.37,0.0,0.47533604634353294
39627776252186696,0.0,0.34,0.66,0.0,0.46240935248651505
39627752101381677,0.0,0.36,0.64,0.0,0.4713415946277461
39627758141181838,0.0,0.57,0.43,0.0,0.4929075185894599
39627800432346619,0.0,0.02,0.98,0.0,0.07072027127091034
39627740030178164,0.0,0.5,0.5,0.0,0.5
39627782325535610,0.0,0.01,0.94,0.05,0.1832231322266888
39627746061585531,0.06,0.94,0.0,0.0,0.16372245957723813
39627746061585173,0.0,0.54,0.46,0.0,0.49768921941011285
39627746061585291,0.0,0.37,0.63,0.0,0.47533604634353294
39627740034367715,0.0,0.95,0.05,0.0,0.14319847855797813
39627782317150732,0.0,0.97,0.03,0.0,0.0971959289157881
39627740030178393,0.0,0.52,0.48,0.0,0.4994227679976009
39627740030177908,0.0,0.12,0.88,0.0,0.2646804326436822
39627740030178261,0.0,0.18,0.82,0.0,0.34003852286413994
39627776281543497,0.0,0.55,0.45,0.0,0.49638722699390414
39627782338121561,0.0,0.42,0.58,0.0,0.49072694751682683
39627788348556390,0.0,0.1,0.9,0.0,0.2344977967946406
39627782304563752,0.0,0.18,0.82,0.0,0.34003852286413994
39627782325540845,0.0,1.0,0.0,0.0,-0.0
39627782304564076,0.0,0.34,0.66,0.0,0.46240935248651505
39627752097190629,0.0,0.86,0.14,0.0,0.292119405821428
39627764206142621,0.0,0.98,0.02,0.0,0.07072027127091034
39627740025980071,0.0,0.33,0.67,0.0,0.4574631863898637
39627776264768597,0.0,0.12,0.88,0.0,0.2646804326436822
39627764206143177,0.0,0.99,0.01,0.0,0.04039656794795559
39627740046954810,0.0,0.82,0.18,0.0,0.34003852286413994
39627740046954960,0.0,0.93,0.07,0.0,0.18296182545011158
39627788348555852,0.0,0.9,0.1,0.0,0.2344977967946406
39627794379969671,0.0,0.01,0.98,0.01,0.08072027127091033
39627788377918727,0.0,0.77,0.23,0.0,0.38900565177326885
39627788377920549,0.0,0.89,0.11,0.0,0.249957979082264
39627788377918366,0.0,0.42,0.58,0.0,0.49072694751682683
39627776277352362,0.0,0.95,0.05,0.0,0.14319847855797813
39627776281546806,0.0,0.32,0.68,0.0,0.45219072886224687
39627758170543141,0.0,0.5,0.5,0.0,0.5
39627746090945828,0.0,0.75,0.25,0.0,0.4056390622295664
39627776298322415,0.0,0.55,0.45,0.0,0.49638722699390414
39627794400937892,0.0,0.01,0.99,0.0,0.04039656794795559
39627794409324653,0.0,0.27,0.73,0.0,0.42073231810408784
39627770224969867,0.01,0.87,0.12,0.0,0.30414992414989617
39627794409324621,0.0,0.01,0.95,0.04,0.16124668093016215
39627752105574566,0.0,0.34,0.66,0.0,0.46240935248651505
39627776289935865,0.0,0.73,0.27,0.0,0.42073231810408784
39627794379968106,0.0,0.37,0.63,0.0,0.47533604634353294
39627794379968381,0.0,0.57,0.43,0.0,0.4929075185894599
39627788377916166,0.0,0.18,0.82,0.0,0.34003852286413994
39627800423960824,0.0,0.06,0.94,0.0,0.16372245957723813
39627782300370226,0.0,0.17,0.83,0.0,0.32885238937210975
39627752105574708,0.0,0.32,0.68,0.0,0.45219072886224687
39627782329730860,0.0,0.14,0.85,0.01,0.33142210248480686
39627776273154566,0.0,0.56,0.44,0.0,0.4947937606110278
39627776289935799,0.0,0.36,0.64,0.0,0.4713415946277461
39627752134936429,0.0,0.23,0.76,0.01,0.4275060148322434
39627794405133496,0.0,0.01,0.99,0.0,0.04039656794795559
39627782321345018,0.0,0.85,0.15,0.0,0.3049201523582002
39627764201949665,0.0,0.08,0.92,0.0,0.2010895951011364
39627776260571727,0.0,0.03,0.97,0.0,0.0971959289157881
39627764201949675,0.0,0.5,0.5,0.0,0.5
39627776298322852,0.0,0.03,0.97,0.0,0.0971959289157881
39627776298323548,0.0,0.26,0.74,0.0,0.4133731862463089
39627800453318126,0.0,0.14,0.86,0.0,0.292119405821428
39627776298322837,0.0,0.2,0.8,0.0,0.36096404744368116
39627770241750167,0.0,0.44,0.56,0.0,0.4947937606110278
39627782300375659,0.0,0.69,0.31,0.0,0.4465867291889284
39627788377916062,0.0,0.87,0.13,0.0,0.2787190925139945
39627800428152762,0.0,0.36,0.64,0.0,0.4713415946277461
39627794379968643,0.0,0.69,0.31,0.0,0.4465867291889284
39627788369527056,0.0,0.12,0.88,0.0,0.2646804326436822
39627782300375637,0.0,0.34,0.66,0.0,0.46240935248651505
39627794396745096,0.0,0.02,0.98,0.0,0.07072027127091034
39627788377915897,0.0,0.96,0.04,0.0,0.12114609454120741
39627806476338532,0.0,0.95,0.05,0.0,0.14319847855797813
39627776298322924,0.0,0.18,0.82,0.0,0.34003852286413994
39627752130743295,0.0,0.3,0.7,0.0,0.44064544961534635
39627806472147862,0.0,0.83,0.17,0.0,0.32885238937210975
39627782329731059,0.0,0.39,0.61,0.0,0.4823997742525436
39627812511941674,0.04,0.89,0.07,0.0,0.3019692958352992
39627770237556230,0.0,0.9,0.1,0.0,0.2344977967946406
39627758170542682,0.0,0.79,0.21,0.0,0.37074136996563684
39627812520330892,0.0,0.98,0.02,0.0,0.07072027127091034
39627800432345737,0.0,0.0,0.9,0.1,0.2344977967946406
39627770262716709,0.0,0.44,0.56,0.0,0.4947937606110278
39627752134936469,0.0,0.7,0.3,0.0,0.44064544961534635
39627788365337558,0.0,0.35,0.65,0.0,0.4670340276877455
39627764214532036,0.0,0.04,0.96,0.0,0.12114609454120741
39627782325535926,0.0,0.96,0.04,0.0,0.12114609454120741
39627782325535902,0.0,1.0,0.0,0.0,-0.0
39627806480536364,0.0,0.95,0.05,0.0,0.14319847855797813
39627806480536113,0.0,0.98,0.02,0.0,0.07072027127091034
39627776277351814,0.0,0.26,0.74,0.0,0.4133731862463089
39627800457511165,0.0,0.0,0.99,0.01,0.04039656794795559
39627776277351511,0.0,0.83,0.17,0.0,0.32885238937210975
39627770233361853,0.0,0.66,0.34,0.0,0.46240935248651505
39627788377920364,0.04,0.93,0.03,0.0,0.2174448102113104
39627788377920091,0.0,1.0,0.0,0.0,-0.0
39627770233360218,0.0,0.72,0.28,0.0,0.4277254052800653
39627788377920102,0.0,0.55,0.45,0.0,0.49638722699390414
39627770237551012,0.0,0.97,0.03,0.0,0.0971959289157881
39627758145374547,0.0,0.96,0.04,0.0,0.12114609454120741
39627764218729271,0.0,0.57,0.43,0.0,0.4929075185894599
39627794388353454,0.0,0.57,0.43,0.0,0.4929075185894599
39627794405136477,0.0,0.05,0.95,0.0,0.14319847855797813
39627770229165376,0.0,0.34,0.66,0.0,0.46240935248651505
39627758178929624,0.0,0.93,0.07,0.0,0.18296182545011158
39627788369528110,0.0,0.45,0.55,0.0,0.49638722699390414
39627800428152772,0.0,0.08,0.92,0.0,0.2010895951011364
39627800419767187,0.0,0.26,0.74,0.0,0.4133731862463089
39627800419767088,0.0,0.17,0.83,0.0,0.32885238937210975
39627788369529197,0.0,0.99,0.01,0.0,0.04039656794795559
39627740034370103,0.01,0.89,0.1,0.0,0.27413031336294724
39627794392549209,0.0,0.07,0.93,0.0,0.18296182545011158
39627776298323450,0.0,0.89,0.11,0.0,0.249957979082264
39627776281546946,0.0,0.85,0.15,0.0,0.3049201523582002
39627788377915834,0.0,0.99,0.01,0.0,0.04039656794795559
39627740025979508,0.0,0.69,0.31,0.0,0.4465867291889284
39627794379969750,0.0,0.02,0.98,0.0,0.07072027127091034
39627794379969792,0.0,0.67,0.33,0.0,0.4574631863898637
39627788369529045,0.0,0.57,0.43,0.0,0.4929075185894599
39627770233360436,0.0,0.45,0.55,0.0,0.49638722699390414
39627776281546011,0.0,0.02,0.94,0.04,0.1912713345988728
39627800457511546,0.0,0.87,0.13,0.0,0.2787190925139945
39627758162151334,0.0,0.89,0.11,0.0,0.249957979082264
39627782291985690,0.0,0.06,0.94,0.0,0.16372245957723813
39627782329730849,0.0,0.67,0.33,0.0,0.4574631863898637
39627782291985702,0.0,1.0,0.0,0.0,-0.0
39627782329730943,0.0,0.32,0.68,0.0,0.45219072886224687
39627764201948946,0.0,0.66,0.34,0.0,0.46240935248651505
39627770224970138,0.0,0.19,0.81,0.0,0.3507357299419487
39627782338119904,0.0,0.18,0.82,0.0,0.34003852286413994
39627776294125901,0.0,0.44,0.56,0.0,0.4947937606110278
39627764206144112,0.0,0.75,0.25,0.0,0.4056390622295664
39627764206144413,0.0,0.88,0.12,0.0,0.2646804326436822
39627794413523822,0.0,1.0,0.0,0.0,-0.0
39627776294130589,0.0,0.0,0.87,0.13,0.2787190925139945
39627776294130470,0.0,0.03,0.97,0.0,0.0971959289157881
39627800423960530,0.0,0.39,0.61,0.0,0.4823997742525436
39627758132792013,0.0,1.0,0.0,0.0,-0.0
39627776294130388,0.0,0.37,0.63,0.0,0.47533604634353294
39627794417716675,0.0,0.79,0.21,0.0,0.37074136996563684
39627794417716659,0.0,0.96,0.04,0.0,0.12114609454120741
39627794417716209,0.0,0.33,0.67,0.0,0.4574631863898637
39627794413521854,0.0,0.04,0.96,0.0,0.12114609454120741
39627794417716408,0.01,0.98,0.01,0.0,0.08072027127091033
39627764189368213,0.0,0.47,0.53,0.0,0.4987007942838698
39627794417716463,0.0,1.0,0.0,0.0,-0.0
39627776298324112,0.0,0.19,0.81,0.0,0.3507357299419487
39627788373726805,0.0,0.32,0.68,0.0,0.45219072886224687
39627806480538544,0.0,0.67,0.33,0.0,0.4574631863898637
39627776260574080,0.0,0.0,1.0,0.0,-0.0
39627782338121916,0.03,0.97,0.0,0.0,0.0971959289157881
39627776285739587,0.0,0.64,0.36,0.0,0.4713415946277461
39627794392549503,0.0,1.0,0.0,0.0,-0.0
39627776281543191,0.0,0.88,0.12,0.0,0.2646804326436822
39627758153761284,0.0,0.3,0.7,0.0,0.44064544961534635
39627776277350493,0.0,0.4,0.6,0.0,0.4854752972273343
39627770245944586,0.0,0.72,0.28,0.0,0.4277254052800653
39627740025979141,0.0,0.74,0.26,0.0,0.4133731862463089
39627794417715830,0.0,1.0,0.0,0.0,-0.0
39627776277351011,0.0,0.24,0.76,0.0,0.39752013969226113
39627806480536859,0.0,1.0,0.0,0.0,-0.0
39627752139133229,0.0,1.0,0.0,0.0,-0.0
39627740046951377,0.0,0.48,0.52,0.0,0.4994227679976009
39627776298321671,0.0,0.01,0.97,0.02,0.11097036642660543
39627788369530596,0.0,0.14,0.86,0.0,0.292119405821428
39627782338120295,0.01,0.88,0.11,0.0,0.28950944366190023
39627764214531289,0.0,0.02,0.98,0.0,0.07072027127091034
39627746090943688,0.0,0.35,0.65,0.0,0.4670340276877455
39627782338120403,0.0,0.13,0.87,0.0,0.2787190925139945
39627764185174545,0.0,0.59,0.41,0.0,0.488250234378912
39627764193560998,0.0,0.19,0.81,0.0,0.3507357299419487
39627764193561005,0.0,0.49,0.51,0.0,0.49985572087640495
39627764185174175,0.0,0.22,0.78,0.0,0.38008375148098283
39627764201949929,0.0,0.22,0.78,0.0,0.38008375148098283
39627776285737764,0.0,0.52,0.48,0.0,0.4994227679976009
39627752097190346,0.0,0.54,0.46,0.0,0.49768921941011285
39627752097190168,0.0,0.06,0.94,0.0,0.16372245957723813
39627776256381095,0.0,0.2,0.8,0.0,0.36096404744368116
39627764201949795,0.0,0.86,0.14,0.0,0.292119405821428
39627758157960854,0.0,0.27,0.73,0.0,0.42073231810408784
39627776273158964,0.0,0.03,0.97,0.0,0.0971959289157881
39627782308759943,0.0,0.02,0.94,0.04,0.1912713345988728
39627776298323927,0.0,0.26,0.74,0.0,0.4133731862463089
39627776298324065,0.0,0.1,0.9,0.0,0.2344977967946406
39627758178931015,0.0,0.34,0.66,0.0,0.46240935248651505
39627776273157978,0.0,0.52,0.48,0.0,0.4994227679976009
39627740042762057,0.0,0.15,0.85,0.0,0.3049201523582002
39627758178930586,0.0,0.69,0.31,0.0,0.4465867291889284
39627758178931852,0.0,0.92,0.08,0.0,0.2010895951011364
39627740030173816,0.0,0.22,0.78,0.0,0.38008375148098283
39627776273158447,0.0,0.16,0.84,0.0,0.3171547773202831
39627764185171362,0.01,0.72,0.27,0.0,0.4588452815760617
39627776294130029,0.0,0.42,0.58,0.0,0.49072694751682683
39627782291986203,0.01,0.95,0.04,0.0,0.16124668093016215
39627782317147016,0.02,0.98,0.0,0.0,0.07072027127091034
39627800440734112,0.0,0.6,0.4,0.0,0.4854752972273343
39627752130740729,0.0,0.03,0.97,0.0,0.0971959289157881
39627764185175977,0.0,1.0,0.0,0.0,-0.0
39627764210336873,0.0,0.55,0.45,0.0,0.49638722699390414
39627776273155667,0.0,0.1,0.9,0.0,0.2344977967946406
39627776273155695,0.0,0.56,0.44,0.0,0.4947937606110278
39627788373722244,0.0,0.14,0.86,0.0,0.292119405821428
39627776256380623,0.0,0.01,0.99,0.0,0.04039656794795559
39627776256380985,0.0,0.0,0.91,0.09,0.21823490853205144
39627806476342054,0.0,0.93,0.07,0.0,0.18296182545011158
39627764201949039,0.0,0.03,0.97,0.0,0.0971959289157881
39627782317146816,0.0,0.04,0.96,0.0,0.12114609454120741
39627740030174749,0.0,0.99,0.01,0.0,0.04039656794795559
39627776285741350,0.0,0.9,0.1,0.0,0.2344977967946406
39627776298321563,0.0,0.31,0.69,0.0,0.4465867291889284
39627764197754747,0.0,0.13,0.87,0.0,0.2787190925139945
39627788348560502,0.0,0.77,0.23,0.0,0.38900565177326885
39627764197755045,0.0,0.0,0.99,0.01,0.04039656794795559
39627764189367903,0.0,0.13,0.87,0.0,0.2787190925139945
39627782338117953,0.0,0.99,0.01,0.0,0.04039656794795559
39627806467950690,0.0,0.17,0.83,0.0,0.32885238937210975
39627806467950406,0.0,0.03,0.97,0.0,0.0971959289157881
39627806467950604,0.0,0.27,0.73,0.0,0.42073231810408784
39627776285741210,0.0,0.04,0.96,0.0,0.12114609454120741
39627776298321523,0.0,0.46,0.54,0.0,0.49768921941011285
39627794413520532,0.0,0.4,0.6,0.0,0.4854752972273343
39627800440734203,0.0,0.82,0.18,0.0,0.34003852286413994
39627794413520496,0.0,1.0,0.0,0.0,-0.0
39627794413520680,0.0,0.93,0.07,0.0,0.18296182545011158
39627776285741422,0.0,0.33,0.67,0.0,0.4574631863898637
39627776302514982,0.0,0.04,0.96,0.0,0.12114609454120741
39627776298324262,0.0,0.14,0.86,0.0,0.292119405821428
39627740051147637,0.01,0.91,0.08,0.0,0.24088153359695552
39627746095137980,0.0,0.86,0.14,0.0,0.292119405821428
39627746095138140,0.0,0.75,0.25,0.0,0.4056390622295664
39627758178927486,0.0,1.0,0.0,0.0,-0.0
39627758178927538,0.0,0.06,0.94,0.0,0.16372245957723813
39627740030176455,0.0,0.88,0.12,0.0,0.2646804326436822
39627733998764452,0.0,0.91,0.09,0.0,0.21823490853205144
39627740038562252,0.0,0.04,0.95,0.01,0.16124668093016215
39627740038562490,0.0,0.42,0.58,0.0,0.49072694751682683
39627740030176284,0.0,0.98,0.02,0.0,0.07072027127091034
39627782333926593,0.0,0.41,0.59,0.0,0.488250234378912
39627776260572294,0.0,0.87,0.13,0.0,0.2787190925139945
39627794388354813,0.0,0.87,0.13,0.0,0.2787190925139945
39627794388355284,0.0,0.17,0.83,0.0,0.32885238937210975
39627794409330216,0.0,1.0,0.0,0.0,-0.0
39627746069973927,0.0,0.73,0.27,0.0,0.42073231810408784
39627764214531152,0.0,0.04,0.96,0.0,0.12114609454120741
39627776264769099,0.0,0.93,0.07,0.0,0.18296182545011158
39627752097190073,0.0,0.92,0.08,0.0,0.2010895951011364
39627746095138415,0.0,0.95,0.05,0.0,0.14319847855797813
39627746095140650,0.0,0.92,0.08,0.0,0.2010895951011364
39627746095138172,0.0,0.24,0.76,0.0,0.39752013969226113
39627740042757170,0.0,0.49,0.51,0.0,0.49985572087640495
39627740051147357,0.1,0.89,0.01,0.0,0.27413031336294724
39627746095139699,0.0,0.99,0.01,0.0,0.04039656794795559
39627746095138567,0.0,0.69,0.31,0.0,0.4465867291889284
39627776273155494,0.0,1.0,0.0,0.0,-0.0
39627746095140518,0.0,0.95,0.05,0.0,0.14319847855797813
39627746095137972,0.0,0.93,0.07,0.0,0.18296182545011158
39627758178929371,0.0,0.39,0.61,0.0,0.4823997742525436
39627746095137351,0.0,0.31,0.69,0.0,0.4465867291889284
39627746095137444,0.04,0.89,0.07,0.0,0.3019692958352992
39627776277348563,0.0,0.33,0.67,0.0,0.4574631863898637
39627746095140480,0.0,0.69,0.31,0.0,0.4465867291889284
39627758178929857,0.0,0.74,0.26,0.0,0.4133731862463089
39627758178929945,0.0,0.93,0.07,0.0,0.18296182545011158
39627758178929908,0.0,0.63,0.37,0.0,0.47533604634353294
39627746095137829,0.0,0.72,0.28,0.0,0.4277254052800653
39627758178929818,0.0,0.41,0.59,0.0,0.488250234378912
39627752097188819,0.0,0.07,0.92,0.01,0.22283217282912027
39627776273159270,0.0,0.77,0.23,0.0,0.38900565177326885
39627764185171385,0.0,0.66,0.34,0.0,0.46240935248651505
39627800436543075,0.0,0.13,0.87,0.0,0.2787190925139945
39627740030175612,0.02,0.98,0.0,0.0,0.07072027127091034
39627740030176547,0.01,0.85,0.14,0.0,0.33142210248480686
39627782317151270,0.0,0.59,0.41,0.0,0.488250234378912
39627794392550781,0.0,0.94,0.06,0.0,0.16372245957723813
39627782317151451,0.0,0.36,0.64,0.0,0.4713415946277461
39627740038566276,0.0,0.58,0.42,0.0,0.49072694751682683
39627800436542927,0.0,0.72,0.28,0.0,0.4277254052800653
39627782317151205,0.0,0.74,0.26,0.0,0.4133731862463089
39627782317149881,0.0,0.29,0.71,0.0,0.43436062316970225
39627782317149916,0.0,0.42,0.58,0.0,0.49072694751682683
39627782317150536,0.0,0.45,0.55,0.0,0.49638722699390414
39627746099331590,0.01,0.94,0.05,0.0,0.1832231322266888
39627746095138927,0.0,0.37,0.63,0.0,0.47533604634353294
39627770262718198,0.0,0.93,0.07,0.0,0.18296182545011158
39627776264770172,0.0,0.01,0.91,0.08,0.24088153359695552
39627740042759972,0.0,0.57,0.43,0.0,0.4929075185894599
39627733998764506,0.06,0.93,0.01,0.0,0.20367037270049304
39627752097188502,0.0,0.0,0.86,0.14,0.292119405821428
39627752097188410,0.0,0.7,0.3,0.0,0.44064544961534635
39627746095137243,0.0,0.67,0.33,0.0,0.4574631863898637
39627788377919169,0.0,0.75,0.25,0.0,0.4056390622295664
39627746095140239,0.0,0.77,0.23,0.0,0.38900565177326885
39627740042760291,0.0,0.97,0.03,0.0,0.0971959289157881
39627740055339321,0.0,0.99,0.01,0.0,0.04039656794795559
39627740055339328,0.0,0.95,0.05,0.0,0.14319847855797813
39627764185175465,0.0,0.53,0.47,0.0,0.4987007942838698
39627740055339933,0.0,0.29,0.71,0.0,0.43436062316970225
39627746095138781,0.01,0.91,0.08,0.0,0.24088153359695552
39627746095139895,0.0,0.49,0.51,0.0,0.49985572087640495
39627746095141274,0.0,1.0,0.0,0.0,-0.0
39627746095141254,0.0,0.87,0.13,0.0,0.2787190925139945
39627746095140917,0.0,0.84,0.16,0.0,0.3171547773202831
39627746095140833,0.0,0.45,0.55,0.0,0.49638722699390414
39627746095140824,0.0,0.16,0.84,0.0,0.3171547773202831
39627746095140629,0.0,0.99,0.01,0.0,0.04039656794795559
39627746095140070,0.0,0.99,0.01,0.0,0.04039656794795559
39627746095140327,0.03,0.94,0.03,0.0,0.19372245957723813
39627746095140290,0.0,0.87,0.13,0.0,0.2787190925139945
39627746095140694,0.0,0.62,0.38,0.0,0.47902101111314976
39627746099331599,0.0,0.8,0.2,0.0,0.36096404744368116
39627746095140217,0.0,0.8,0.2,0.0,0.36096404744368116
39627746095139377,0.0,1.0,0.0,0.0,-0.0
39627746095139774,0.0,0.62,0.38,0.0,0.47902101111314976
39627746095139520,0.0,0.98,0.02,0.0,0.07072027127091034
39627746095139635,0.0,0.71,0.29,0.0,0.43436062316970225
39627746095139613,0.0,0.97,0.03,0.0,0.0971959289157881
39627746095139158,0.0,0.95,0.05,0.0,0.14319847855797813
39627758183120944,0.0,0.22,0.78,0.0,0.38008375148098283
39627770224970170,0.0,0.56,0.44,0.0,0.4947937606110278
39627776302515367,0.0,1.0,0.0,0.0,-0.0
39627776277349032,0.0,0.4,0.6,0.0,0.4854752972273343
39627776273159054,0.0,0.99,0.01,0.0,0.04039656794795559
39627782317150103,0.0,0.95,0.05,0.0,0.14319847855797813
39627782338120538,0.0,0.67,0.33,0.0,0.4574631863898637
39627776268962952,0.0,0.22,0.78,0.0,0.38008375148098283
39627746065780940,0.0,0.56,0.44,0.0,0.4947937606110278
39627794396745382,0.0,0.45,0.55,0.0,0.49638722699390414
39627782296174658,0.0,0.02,0.97,0.01,0.11097036642660543
39627758141178593,0.0,0.82,0.18,0.0,0.34003852286413994
39627758141178517,0.0,0.12,0.88,0.0,0.2646804326436822
39627776298320936,0.0,0.4,0.6,0.0,0.4854752972273343
39627788373724585,0.0,0.12,0.88,0.0,0.2646804326436822
39627782325537961,0.0,0.64,0.36,0.0,0.4713415946277461
39627740046955748,0.0,0.99,0.01,0.0,0.04039656794795559
39627776256378233,0.0,0.4,0.6,0.0,0.4854752972273343
39627782338122621,0.0,0.76,0.24,0.0,0.39752013969226113
39627776298322186,0.0,0.84,0.16,0.0,0.3171547773202831
39627776298322460,0.0,0.9,0.1,0.0,0.2344977967946406
39627740051146686,0.0,0.99,0.01,0.0,0.04039656794795559
39627782338121102,0.0,0.94,0.06,0.0,0.16372245957723813
39627782338121069,0.0,0.89,0.11,0.0,0.249957979082264
39627782338121107,0.0,0.41,0.59,0.0,0.488250234378912
39627733994573267,0.0,0.56,0.44,0.0,0.4947937606110278
39627733994572935,0.0,0.54,0.46,0.0,0.49768921941011285
39627782338120923,0.0,0.23,0.77,0.0,0.38900565177326885
39627782321343212,0.0,0.01,0.99,0.0,0.04039656794795559
39627746061585559,0.0,0.72,0.28,0.0,0.4277254052800653
39627740021789101,0.0,0.93,0.07,0.0,0.18296182545011158
39627740030176901,0.0,0.27,0.73,0.0,0.42073231810408784
39627734002959445,0.0,0.64,0.36,0.0,0.4713415946277461
39627752139131537,0.0,0.82,0.18,0.0,0.34003852286413994
39627758178930153,0.0,0.95,0.05,0.0,0.14319847855797813
39627758178930057,0.0,0.53,0.47,0.0,0.4987007942838698
39627733998766724,0.0,0.77,0.23,0.0,0.38900565177326885
39627733998766120,0.0,0.59,0.41,0.0,0.488250234378912
39627758178929660,0.0,0.69,0.31,0.0,0.4465867291889284
39627733998767484,0.0,0.87,0.13,0.0,0.2787190925139945
39627733998768301,0.0,0.76,0.24,0.0,0.39752013969226113
39627734002958785,0.0,0.71,0.29,0.0,0.43436062316970225
39627733994572689,0.0,0.78,0.22,0.0,0.38008375148098283
39627734002959972,0.0,0.0,1.0,0.0,-0.0
39627733998768713,0.0,0.47,0.53,0.0,0.4987007942838698
39627740025983464,0.0,0.72,0.28,0.0,0.4277254052800653
39627734002962557,0.0,1.0,0.0,0.0,-0.0
39627758178928835,0.02,0.96,0.02,0.0,0.14114609454120738
39627733998766880,0.0,0.71,0.29,0.0,0.43436062316970225
39627734002961323,0.01,0.99,0.0,0.0,0.04039656794795559
39627733994572660,0.0,0.53,0.47,0.0,0.4987007942838698
39627740030177037,0.0,0.76,0.24,0.0,0.39752013969226113
39627740025982582,0.0,0.57,0.43,0.0,0.4929075185894599
39627752101382419,0.0,0.91,0.09,0.0,0.21823490853205144
39627740025982458,0.0,0.85,0.15,0.0,0.3049201523582002
39627746061585351,0.0,0.86,0.14,0.0,0.292119405821428
39627746061585113,0.0,0.87,0.13,0.0,0.2787190925139945
39627776294129720,0.0,0.0,0.96,0.04,0.12114609454120741
39627794379965450,0.0,0.15,0.85,0.0,0.3049201523582002
39627740021788297,0.0,0.94,0.06,0.0,0.16372245957723813
39627746061585366,0.0,0.79,0.21,0.0,0.37074136996563684
39627746061585448,0.0,0.98,0.02,0.0,0.07072027127091034
39627752097186346,0.0,0.51,0.49,0.0,0.49985572087640495
39627733994571878,0.0,0.99,0.01,0.0,0.04039656794795559
39627733986185759,0.0,0.73,0.27,0.0,0.42073231810408784
39627740051147921,0.0,0.92,0.08,0.0,0.2010895951011364
39627734002962657,0.0,0.96,0.04,0.0,0.12114609454120741
39627740051144852,0.0,0.22,0.78,0.0,0.38008375148098283
39627733986185259,0.0,1.0,0.0,0.0,-0.0
39627740046955764,0.0,0.92,0.08,0.0,0.2010895951011364
39627733994574915,0.0,0.99,0.01,0.0,0.04039656794795559
39627752097186412,0.0,0.78,0.22,0.0,0.38008375148098283
39627776298320540,0.0,0.22,0.78,0.0,0.38008375148098283
39627782317151013,0.0,0.79,0.21,0.0,0.37074136996563684
39627752097188327,0.0,0.02,0.98,0.0,0.07072027127091034
39627752097186910,0.0,0.03,0.97,0.0,0.0971959289157881
39627752097186847,0.0,0.75,0.25,0.0,0.4056390622295664
39627758153761526,0.0,0.0,0.89,0.11,0.249957979082264
39627752097186783,0.0,0.93,0.07,0.0,0.18296182545011158
39627740051147417,0.09,0.91,0.0,0.0,0.21823490853205144
39627740046954427,0.0,0.97,0.03,0.0,0.0971959289157881
39627746095139005,0.0,0.73,0.27,0.0,0.42073231810408784
39627758178930938,0.0,0.44,0.56,0.0,0.4947937606110278
39627752097189399,0.0,0.53,0.47,0.0,0.4987007942838698
39627733994572976,0.0,0.93,0.07,0.0,0.18296182545011158
39627758178931122,0.0,0.82,0.18,0.0,0.34003852286413994
39627752139132111,0.0,0.6,0.4,0.0,0.4854752972273343
39627752139131838,0.0,0.72,0.28,0.0,0.4277254052800653
39627740055340783,0.0,0.24,0.76,0.0,0.39752013969226113
39627740055339844,0.0,0.38,0.62,0.0,0.47902101111314976
39627740055339304,0.0,0.82,0.18,0.0,0.34003852286413994
39627788348555652,0.0,0.77,0.23,0.0,0.38900565177326885
39627782317148050,0.0,0.66,0.34,0.0,0.46240935248651505
39627733998768942,0.0,0.77,0.23,0.0,0.38900565177326885
39627733994573358,0.0,0.95,0.05,0.0,0.14319847855797813
39627740051150100,0.0,0.93,0.07,0.0,0.18296182545011158
39627740051145496,0.0,0.96,0.04,0.0,0.12114609454120741
39627740051145307,0.0,0.98,0.02,0.0,0.07072027127091034
39627734002963233,0.0,0.79,0.21,0.0,0.37074136996563684
39627734002962419,0.01,0.99,0.0,0.0,0.04039656794795559
39627734002960251,0.0,1.0,0.0,0.0,-0.0
39627733994572867,0.0,0.99,0.01,0.0,0.04039656794795559
39627734002962506,0.0,0.99,0.01,0.0,0.04039656794795559
39627733994572582,0.0,1.0,0.0,0.0,-0.0
39627752097186442,0.0,0.9,0.1,0.0,0.2344977967946406
39627776277348759,0.0,0.54,0.46,0.0,0.49768921941011285
39627752097187109,0.02,0.98,0.0,0.0,0.07072027127091034
39627770262722115,0.0,0.96,0.04,0.0,0.12114609454120741
39627782342314238,0.02,0.98,0.0,0.0,0.07072027127091034
39627776294127678,0.0,0.0,0.99,0.01,0.04039656794795559
39627776256382095,0.0,0.69,0.31,0.0,0.4465867291889284
39627776273159380,0.0,0.88,0.12,0.0,0.2646804326436822
39627782325537748,0.0,0.18,0.82,0.0,0.34003852286413994
39627800453319190,0.0,0.99,0.01,0.0,0.04039656794795559
39627776298323921,0.0,0.78,0.22,0.0,0.38008375148098283
39627776277351943,0.0,0.88,0.12,0.0,0.2646804326436822
39627758145377398,0.0,0.53,0.47,0.0,0.4987007942838698
39627788377919804,0.0,0.42,0.58,0.0,0.49072694751682683
39627758178932461,0.0,0.97,0.03,0.0,0.0971959289157881
39627758178927115,0.0,0.59,0.41,0.0,0.488250234378912
39627758178927105,0.0,0.73,0.27,0.0,0.42073231810408784
39627764218729401,0.0,0.81,0.19,0.0,0.3507357299419487
39627776294129526,0.0,0.12,0.88,0.0,0.2646804326436822
39627764218729281,0.0,0.73,0.27,0.0,0.42073231810408784
39627764218729195,0.0,0.89,0.11,0.0,0.249957979082264
39627764214531018,0.0,0.6,0.4,0.0,0.4854752972273343
39627740030176716,0.0,0.2,0.8,0.0,0.36096404744368116
39627740030173699,0.0,0.65,0.35,0.0,0.4670340276877455
39627740030173585,0.01,0.99,0.0,0.0,0.04039656794795559
39627776285739430,0.0,0.93,0.07,0.0,0.18296182545011158
39627794392553152,0.0,0.08,0.92,0.0,0.2010895951011364
39627764222922835,0.03,0.97,0.0,0.0,0.0971959289157881
39627764222923156,0.0,1.0,0.0,0.0,-0.0
39627758183124598,0.0,1.0,0.0,0.0,-0.0
39627782342314041,0.03,0.97,0.0,0.0,0.0971959289157881
39627758183124464,0.01,0.92,0.07,0.0,0.22283217282912027
39627764222922770,0.0,0.88,0.12,0.0,0.2646804326436822
39627752139131647,0.0,0.69,0.31,0.0,0.4465867291889284
39627752139131556,0.0,0.99,0.01,0.0,0.04039656794795559
39627770262721164,0.0,0.8,0.2,0.0,0.36096404744368116
39627752139130824,0.0,0.72,0.28,0.0,0.4277254052800653
39627800453319563,0.0,0.63,0.37,0.0,0.47533604634353294
39627758183122718,0.0,0.74,0.26,0.0,0.4133731862463089
39627758183122922,0.01,0.98,0.01,0.0,0.08072027127091033
39627800453320876,0.0,0.9,0.1,0.0,0.2344977967946406
39627746099333405,0.0,0.99,0.01,0.0,0.04039656794795559
39627764222922544,0.0,1.0,0.0,0.0,-0.0
39627764222920797,0.0,0.95,0.05,0.0,0.14319847855797813
39627758183123924,0.0,0.99,0.01,0.0,0.04039656794795559
39627800453319995,0.0,0.18,0.82,0.0,0.34003852286413994
39627776277349879,0.0,0.67,0.33,0.0,0.4574631863898637
39627776277350453,0.0,0.8,0.2,0.0,0.36096404744368116
39627776277350172,0.0,0.97,0.03,0.0,0.0971959289157881
39627770233361012,0.0,0.17,0.83,0.0,0.32885238937210975
39627740042761228,0.0,0.02,0.98,0.0,0.07072027127091034
39627758183122095,0.0,1.0,0.0,0.0,-0.0
39627758183121610,0.06,0.94,0.0,0.0,0.16372245957723813
39627758183121600,0.0,0.02,0.95,0.03,0.1674722434193448
39627764222921902,0.0,0.52,0.48,0.0,0.4994227679976009
39627746095138388,0.0,0.17,0.82,0.01,0.3678974314876692
39627740042761707,0.0,0.67,0.33,0.0,0.4574631863898637
39627758183122473,0.0,0.77,0.23,0.0,0.38900565177326885
39627758183122804,0.0,0.37,0.63,0.0,0.47533604634353294
39627758183122978,0.03,0.94,0.03,0.0,0.19372245957723813
39627758183123219,0.0,0.75,0.25,0.0,0.4056390622295664
39627746099332188,0.0,0.64,0.36,0.0,0.4713415946277461
39627758183123443,0.0,0.99,0.01,0.0,0.04039656794795559
39627764222922600,0.0,0.13,0.86,0.01,0.31810566868628926
39627746099332965,0.0,0.68,0.32,0.0,0.45219072886224687
39627746099332945,0.0,0.57,0.43,0.0,0.4929075185894599
39627746099331584,0.0,1.0,0.0,0.0,-0.0
39627758183122312,0.0,0.42,0.58,0.0,0.49072694751682683
39627764222921606,0.0,0.83,0.17,0.0,0.32885238937210975
39627776273159528,0.0,0.75,0.25,0.0,0.4056390622295664
39627776277351628,0.0,0.83,0.17,0.0,0.32885238937210975
39627758183121412,0.05,0.93,0.02,0.0,0.21317104534994366
39627758183121473,0.0,0.49,0.51,0.0,0.49985572087640495
39627782342313024,0.0,0.84,0.16,0.0,0.3171547773202831
39627782325536101,0.0,0.17,0.83,0.0,0.32885238937210975
39627788382110240,0.0,0.42,0.58,0.0,0.49072694751682683
39627733998768116,0.0,1.0,0.0,0.0,-0.0
39627758178929418,0.0,0.72,0.28,0.0,0.4277254052800653
39627740051146230,0.01,0.94,0.05,0.0,0.1832231322266888
39627752139131587,0.0,0.6,0.4,0.0,0.4854752972273343
39627740034370030,0.0,0.4,0.6,0.0,0.4854752972273343
39627740051145729,0.0,0.49,0.51,0.0,0.49985572087640495
39627733994574524,0.0,0.48,0.52,0.0,0.4994227679976009
39627734007154740,0.0,0.93,0.07,0.0,0.18296182545011158
39627746099334416,0.0,0.99,0.01,0.0,0.04039656794795559
39627734007153481,0.0,0.76,0.24,0.0,0.39752013969226113
39627734007154667,0.0,0.47,0.53,0.0,0.4987007942838698
39627764222923560,0.0,0.93,0.07,0.0,0.18296182545011158
39627776277350791,0.0,0.08,0.92,0.0,0.2010895951011364
39627734002963658,0.0,0.97,0.03,0.0,0.0971959289157881
39627776302516215,0.0,0.71,0.29,0.0,0.43436062316970225
39627734007153411,0.0,0.92,0.08,0.0,0.2010895951011364
39627746099332781,0.0,0.66,0.34,0.0,0.46240935248651505
39627746099332755,0.0,1.0,0.0,0.0,-0.0
39627740055340456,0.0,1.0,0.0,0.0,-0.0
39627740055341371,0.0,0.99,0.01,0.0,0.04039656794795559
39627740055342423,0.0,0.66,0.34,0.0,0.46240935248651505
39627776302515913,0.0,0.73,0.27,0.0,0.42073231810408784
39627746099331842,0.0,0.92,0.08,0.0,0.2010895951011364
39627740055340705,0.0,0.97,0.03,0.0,0.0971959289157881
39627746099331563,0.0,0.91,0.09,0.0,0.21823490853205144
39627746099332260,0.0,0.98,0.02,0.0,0.07072027127091034
39627746099331270,0.01,0.98,0.01,0.0,0.08072027127091033
39627740046955195,0.0,0.35,0.65,0.0,0.4670340276877455
39627782329731930,0.0,0.71,0.29,0.0,0.43436062316970225
39627752097188337,0.0,0.97,0.03,0.0,0.0971959289157881
39627752143323435,0.0,0.99,0.01,0.0,0.04039656794795559
39627740051149770,0.0,1.0,0.0,0.0,-0.0
39627734007153849,0.0,1.0,0.0,0.0,-0.0
39627776302516283,0.02,0.98,0.0,0.0,0.07072027127091034
39627752139134002,0.0,0.55,0.45,0.0,0.49638722699390414
39627746099332712,0.0,1.0,0.0,0.0,-0.0
39627812511941348,0.0,1.0,0.0,0.0,-0.0
39627806459564794,0.0,0.68,0.32,0.0,0.45219072886224687
39627806459564108,0.0,0.76,0.24,0.0,0.39752013969226113
39627776289931907,0.0,0.38,0.62,0.0,0.47902101111314976
39627758178928024,0.0,0.94,0.06,0.0,0.16372245957723813
39627770233356565,0.0,0.67,0.33,0.0,0.4574631863898637
39627776260577271,0.0,0.32,0.68,0.0,0.45219072886224687
39627764206142744,0.0,0.79,0.21,0.0,0.37074136996563684
39627776268962165,0.0,0.4,0.6,0.0,0.4854752972273343
39627764218725809,0.0,0.02,0.98,0.0,0.07072027127091034
39627776264765507,0.0,0.9,0.1,0.0,0.2344977967946406
39627764218725937,0.0,0.6,0.4,0.0,0.4854752972273343
39627788344363493,0.0,0.04,0.95,0.01,0.16124668093016215
39627800423959264,0.0,0.12,0.88,0.0,0.2646804326436822
39627788344363244,0.0,0.46,0.54,0.0,0.49768921941011285
39627746069975765,0.0,0.15,0.85,0.0,0.3049201523582002
39627788369529439,0.0,0.21,0.79,0.0,0.37074136996563684
39627776260577397,0.0,0.12,0.88,0.0,0.2646804326436822
39627752105578136,0.0,0.0,0.96,0.04,0.12114609454120741
39627764189366206,0.0,0.0,0.98,0.02,0.07072027127091034
39627806472146144,0.0,0.12,0.88,0.0,0.2646804326436822
39627764214532409,0.0,0.32,0.68,0.0,0.45219072886224687
39627776260577065,0.0,0.72,0.28,0.0,0.4277254052800653
39627758136987910,0.0,0.47,0.53,0.0,0.4987007942838698
39627776260577524,0.0,0.5,0.5,0.0,0.5
39627800440738200,0.0,0.02,0.97,0.01,0.11097036642660543
39627800440738274,0.0,0.37,0.63,0.0,0.47533604634353294
39627782304568965,0.0,0.84,0.16,0.0,0.3171547773202831
39627746074165434,0.0,0.36,0.64,0.0,0.4713415946277461
39627758170541317,0.0,0.22,0.78,0.0,0.38008375148098283
39627782333928111,0.0,0.08,0.92,0.0,0.2010895951011364
39627788344363417,0.0,0.82,0.18,0.0,0.34003852286413994
39627794396745627,0.0,0.77,0.23,0.0,0.38900565177326885
39627788369529409,0.0,0.89,0.11,0.0,0.249957979082264
39627788344362937,0.0,0.96,0.04,0.0,0.12114609454120741
39627782333928304,0.0,0.01,0.98,0.01,0.08072027127091033
39627794396745464,0.0,0.01,0.99,0.0,0.04039656794795559
39627776264767246,0.0,0.85,0.15,0.0,0.3049201523582002
39627788344363398,0.0,0.84,0.16,0.0,0.3171547773202831
39627746065778520,0.0,0.02,0.98,0.0,0.07072027127091034
39627758149567124,0.0,0.84,0.16,0.0,0.3171547773202831
39627752101381077,0.0,0.21,0.79,0.0,0.37074136996563684
39627758149567087,0.0,0.38,0.62,0.0,0.47902101111314976
39627758145373865,0.0,0.22,0.78,0.0,0.38008375148098283
39627800440738194,0.0,0.64,0.36,0.0,0.4713415946277461
39627770258522167,0.0,0.17,0.83,0.0,0.32885238937210975
39627800419765092,0.0,0.77,0.23,0.0,0.38900565177326885
39627770220776629,0.0,0.81,0.19,0.0,0.3507357299419487
39627752101381936,0.0,0.45,0.55,0.0,0.49638722699390414
39627788335976334,0.0,0.91,0.09,0.0,0.21823490853205144
39627770237555550,0.0,0.96,0.04,0.0,0.12114609454120741
39627770254333576,0.0,0.7,0.3,0.0,0.44064544961534635
39627776294125743,0.0,0.98,0.02,0.0,0.07072027127091034
39627776281546793,0.01,0.94,0.05,0.0,0.1832231322266888
39627806463754831,0.0,0.21,0.79,0.0,0.37074136996563684
39627788377918747,0.0,0.79,0.21,0.0,0.37074136996563684
39627764218725790,0.0,0.95,0.05,0.0,0.14319847855797813
39627758153763486,0.0,0.02,0.96,0.02,0.14114609454120738
39627788344365206,0.0,0.12,0.88,0.0,0.2646804326436822
39627770233359566,0.0,0.66,0.34,0.0,0.46240935248651505
39627782304569786,0.0,0.27,0.73,0.0,0.42073231810408784
39627806463756577,0.0,0.39,0.61,0.0,0.4823997742525436
39627782304569799,0.0,0.26,0.74,0.0,0.4133731862463089
39627776273159429,0.0,0.78,0.22,0.0,0.38008375148098283
39627758170541173,0.0,0.44,0.56,0.0,0.4947937606110278
39627752134939452,0.0,0.78,0.22,0.0,0.38008375148098283
39627752134939303,0.02,0.94,0.04,0.0,0.1912713345988728
39627752134939424,0.0,0.47,0.53,0.0,0.4987007942838698
39627794396745509,0.0,0.52,0.48,0.0,0.4994227679976009
39627770254332550,0.0,0.0,1.0,0.0,-0.0
39627806463754434,0.0,0.86,0.14,0.0,0.292119405821428
39627806480532820,0.0,0.8,0.2,0.0,0.36096404744368116
39627752101381543,0.0,0.08,0.92,0.0,0.2010895951011364
39627788335976919,0.0,0.48,0.52,0.0,0.4994227679976009
39627800419764681,0.0,0.88,0.12,0.0,0.2646804326436822
39627800419764969,0.0,0.89,0.11,0.0,0.249957979082264
39627740046953969,0.0,0.51,0.49,0.0,0.49985572087640495
39627746086751515,0.0,0.12,0.88,0.0,0.2646804326436822
39627788365336014,0.0,0.35,0.65,0.0,0.4670340276877455
39627758141179470,0.0,0.63,0.37,0.0,0.47533604634353294
39627746074170380,0.0,0.4,0.6,0.0,0.4854752972273343
39627788377919334,0.0,0.53,0.47,0.0,0.4987007942838698
39627770254332430,0.0,0.0,0.9,0.1,0.2344977967946406
39627782338118780,0.0,0.07,0.93,0.0,0.18296182545011158
39627788340174041,0.0,0.66,0.34,0.0,0.46240935248651505
39627746065780705,0.0,0.34,0.66,0.0,0.46240935248651505
39627800428156324,0.0,0.13,0.87,0.0,0.2787190925139945
39627776252185326,0.0,0.8,0.2,0.0,0.36096404744368116
39627752113963618,0.0,0.36,0.64,0.0,0.4713415946277461
39627740025983092,0.0,0.47,0.53,0.0,0.4987007942838698
39627782338120938,0.0,0.43,0.57,0.0,0.4929075185894599
39627776289932067,0.0,0.22,0.78,0.0,0.38008375148098283
39627776285740557,0.0,0.5,0.5,0.0,0.5
39627800428156067,0.0,0.09,0.9,0.01,0.2579475764741046
39627758136988245,0.0,0.69,0.31,0.0,0.4465867291889284
39627770229163586,0.0,0.26,0.74,0.0,0.4133731862463089
39627776289933495,0.0,0.71,0.29,0.0,0.43436062316970225
39627782291985914,0.0,0.34,0.66,0.0,0.46240935248651505
39627782291986073,0.0,0.64,0.36,0.0,0.4713415946277461
39627782329734365,0.0,0.2,0.8,0.0,0.36096404744368116
39627800428156100,0.0,0.25,0.75,0.0,0.4056390622295664
39627764206143902,0.0,0.49,0.51,0.0,0.49985572087640495
39627776285737656,0.0,0.29,0.71,0.0,0.43436062316970225
39627776281543646,0.0,0.96,0.04,0.0,0.12114609454120741
39627776264767324,0.0,0.58,0.42,0.0,0.49072694751682683
39627758141179105,0.0,0.52,0.48,0.0,0.4994227679976009
39627782321341294,0.0,0.91,0.09,0.0,0.21823490853205144
39627782321340589,0.0,0.68,0.32,0.0,0.45219072886224687
39627770254333519,0.0,0.19,0.81,0.0,0.3507357299419487
39627752097190162,0.0,0.05,0.95,0.0,0.14319847855797813
39627752097189889,0.0,0.81,0.19,0.0,0.3507357299419487
39627776247994069,0.0,0.92,0.08,0.0,0.2010895951011364
39627776252182819,0.0,0.54,0.46,0.0,0.49768921941011285
39627770245939901,0.0,1.0,0.0,0.0,-0.0
39627782329730011,0.0,1.0,0.0,0.0,-0.0
39627782329730216,0.0,1.0,0.0,0.0,-0.0
39627788373726731,0.0,0.52,0.48,0.0,0.4994227679976009
39627782291981314,0.0,0.45,0.55,0.0,0.49638722699390414
39627770258522162,0.0,0.82,0.18,0.0,0.34003852286413994
39627794392550857,0.0,0.33,0.67,0.0,0.4574631863898637
39627758132793176,0.0,0.08,0.87,0.05,0.3411994718209815
39627776281543798,0.0,0.2,0.8,0.0,0.36096404744368116
39627758141179501,0.0,0.26,0.74,0.0,0.4133731862463089
39627758174734569,0.0,0.28,0.72,0.0,0.4277254052800653
39627782321341280,0.0,0.93,0.07,0.0,0.18296182545011158
39627752097191591,0.0,1.0,0.0,0.0,-0.0
39627740030177861,0.0,0.01,0.92,0.07,0.22283217282912027
39627764168397558,0.0,0.77,0.23,0.0,0.38900565177326885
39627746057392342,0.0,0.72,0.28,0.0,0.4277254052800653
39627764168397797,0.0,0.49,0.51,0.0,0.49985572087640495
39627764168397809,0.0,0.92,0.08,0.0,0.2010895951011364
39627758132792245,0.0,0.07,0.93,0.0,0.18296182545011158
39627740025983075,0.0,0.98,0.02,0.0,0.07072027127091034
39627770208195384,0.0,0.81,0.19,0.0,0.3507357299419487
39627770208195049,0.0,0.61,0.39,0.0,0.4823997742525436
39627794417716167,0.0,0.13,0.87,0.0,0.2787190925139945
39627812520332209,0.0,0.72,0.28,0.0,0.4277254052800653
39627794417716227,0.0,0.99,0.01,0.0,0.04039656794795559
39627758153763034,0.0,0.47,0.53,0.0,0.4987007942838698
39627746061584096,0.0,0.05,0.95,0.0,0.14319847855797813
39627770229163671,0.0,0.03,0.97,0.0,0.0971959289157881
39627782300373005,0.0,0.56,0.44,0.0,0.4947937606110278
39627758153763161,0.0,0.19,0.81,0.0,0.3507357299419487
39627776252185182,0.0,0.48,0.52,0.0,0.4994227679976009
39627776285737602,0.0,0.05,0.95,0.0,0.14319847855797813
39627758149566731,0.0,0.96,0.04,0.0,0.12114609454120741
39627794396745605,0.0,0.6,0.4,0.0,0.4854752972273343
39627806467949420,0.0,0.93,0.07,0.0,0.18296182545011158
39627806467949679,0.0,0.78,0.22,0.0,0.38008375148098283
39627776298321896,0.0,0.43,0.57,0.0,0.4929075185894599
39627770224970332,0.0,0.38,0.62,0.0,0.47902101111314976
39627758153763304,0.0,0.32,0.68,0.0,0.45219072886224687
39627800436544654,0.01,0.9,0.09,0.0,0.2579475764741046
39627758153763079,0.0,0.31,0.69,0.0,0.4465867291889284
39627758153763290,0.0,0.02,0.98,0.0,0.07072027127091034
39627800436544439,0.0,0.09,0.89,0.02,0.2875800930424113
39627800436544564,0.0,0.09,0.91,0.0,0.21823490853205144
39627812511942355,0.0,0.88,0.12,0.0,0.2646804326436822
39627812511942723,0.0,0.09,0.91,0.0,0.21823490853205144
39627758153763013,0.0,0.45,0.55,0.0,0.49638722699390414
39627812511942444,0.0,0.28,0.72,0.0,0.4277254052800653
39627812511942511,0.0,0.18,0.82,0.0,0.34003852286413994
39627812511942024,0.0,0.17,0.83,0.0,0.32885238937210975
39627776281544167,0.0,0.68,0.32,0.0,0.45219072886224687
39627776281542999,0.0,1.0,0.0,0.0,-0.0
39627770237552564,0.0,0.81,0.19,0.0,0.3507357299419487
39627776298320443,0.0,0.21,0.79,0.0,0.37074136996563684
39627770237552295,0.0,0.77,0.23,0.0,0.38900565177326885
39627770233357619,0.0,0.02,0.96,0.02,0.14114609454120738
39627806463758811,0.0,0.34,0.66,0.0,0.46240935248651505
39627806480534020,0.0,1.0,0.0,0.0,-0.0
39627812516139174,0.07,0.93,0.0,0.0,0.18296182545011158
39627800453317390,0.0,0.83,0.17,0.0,0.32885238937210975
39627806493114823,0.0,1.0,0.0,0.0,-0.0
39627788377919682,0.0,0.86,0.14,0.0,0.292119405821428
39627758153763114,0.0,0.16,0.84,0.0,0.3171547773202831
39627794413524050,0.0,0.7,0.3,0.0,0.44064544961534635
39627770254333105,0.0,0.95,0.05,0.0,0.14319847855797813
39627770233361261,0.0,0.89,0.11,0.0,0.249957979082264
39627806467949244,0.0,0.65,0.35,0.0,0.4670340276877455
39627806467949471,0.0,0.49,0.51,0.0,0.49985572087640495
39627812516139161,0.0,0.75,0.25,0.0,0.4056390622295664
39627806480532672,0.0,0.31,0.69,0.0,0.4465867291889284
39627800419765133,0.0,0.03,0.96,0.01,0.13737165703039006
39627812511942940,0.0,0.34,0.66,0.0,0.46240935248651505
39627812516136949,0.0,0.84,0.16,0.0,0.3171547773202831
39627788373721367,0.0,0.5,0.5,0.0,0.5
39627788373721537,0.0,0.52,0.48,0.0,0.4994227679976009
39627782338122401,0.0,0.61,0.39,0.0,0.4823997742525436
39627752122352806,0.0,0.92,0.08,0.0,0.2010895951011364
39627806467949221,0.0,0.91,0.09,0.0,0.21823490853205144
39627770233361781,0.0,0.79,0.21,0.0,0.37074136996563684
39627806459566757,0.0,0.91,0.09,0.0,0.21823490853205144
39627740025983623,0.0,1.0,0.0,0.0,-0.0
39627806459566879,0.01,0.99,0.0,0.0,0.04039656794795559
39627770262718225,0.0,0.4,0.6,0.0,0.4854752972273343
39627806480532919,0.0,0.43,0.57,0.0,0.4929075185894599
39627806480532664,0.0,0.63,0.37,0.0,0.47533604634353294
39627794417715723,0.0,0.82,0.18,0.0,0.34003852286413994
39627812516135522,0.0,0.35,0.65,0.0,0.4670340276877455
39627776289936374,0.0,0.06,0.94,0.0,0.16372245957723813
39627776289936317,0.0,0.99,0.01,0.0,0.04039656794795559
39627812520330748,0.0,0.14,0.86,0.0,0.292119405821428
39627812528719858,0.0,1.0,0.0,0.0,-0.0
39627812520330750,0.0,0.98,0.02,0.0,0.07072027127091034
39627812520330070,0.0,0.93,0.07,0.0,0.18296182545011158
39627794417714669,0.05,0.95,0.0,0.0,0.14319847855797813
39627788331782586,0.0,0.67,0.33,0.0,0.4574631863898637
39627776289933316,0.0,0.0,0.99,0.01,0.04039656794795559
39627806467950331,0.0,0.23,0.77,0.0,0.38900565177326885
39627746090946227,0.0,0.32,0.68,0.0,0.45219072886224687
39627758132793332,0.0,0.72,0.28,0.0,0.4277254052800653
39627770212385987,0.0,0.69,0.31,0.0,0.4465867291889284
39627782291980356,0.0,0.16,0.84,0.0,0.3171547773202831
39627782291980857,0.0,0.7,0.3,0.0,0.44064544961534635
39627782287792271,0.0,0.91,0.09,0.0,0.21823490853205144
39627782287792303,0.0,0.28,0.72,0.0,0.4277254052800653
39627776277353447,0.0,0.92,0.08,0.0,0.2010895951011364
39627788331780076,0.0,0.87,0.13,0.0,0.2787190925139945
39627788331780260,0.0,0.88,0.12,0.0,0.2646804326436822
39627752097191049,0.0,0.16,0.84,0.0,0.3171547773202831
39627788331779967,0.0,0.23,0.77,0.0,0.38900565177326885
39627776277352154,0.0,0.43,0.57,0.0,0.4929075185894599
39627794417716109,0.0,0.95,0.05,0.0,0.14319847855797813
39627782329730983,0.0,0.38,0.62,0.0,0.47902101111314976
39627806463759156,0.0,0.85,0.15,0.0,0.3049201523582002
39627782338119448,0.0,0.15,0.85,0.0,0.3049201523582002
39627806459561605,0.0,0.94,0.06,0.0,0.16372245957723813
39627794375771101,0.0,0.62,0.38,0.0,0.47902101111314976
39627806459566721,0.0,0.57,0.43,0.0,0.4929075185894599
39627812507748555,0.0,0.92,0.08,0.0,0.2010895951011364
39627812511941505,0.0,0.7,0.3,0.0,0.44064544961534635
39627812507748582,0.0,0.48,0.52,0.0,0.4994227679976009
39627800415569594,0.0,0.97,0.03,0.0,0.0971959289157881
39627812507748583,0.0,0.77,0.23,0.0,0.38900565177326885
39627806459563628,0.0,0.83,0.17,0.0,0.32885238937210975
39627812511941650,0.0,0.97,0.03,0.0,0.0971959289157881
39627800415569303,0.0,0.97,0.03,0.0,0.0971959289157881
39627806459565254,0.0,0.88,0.12,0.0,0.2646804326436822
39627800415569425,0.0,0.13,0.87,0.0,0.2787190925139945
39627806463755209,0.0,0.95,0.05,0.0,0.14319847855797813
39627806459562918,0.0,0.05,0.9,0.05,0.2844977967946406
39627788331781132,0.01,0.99,0.0,0.0,0.04039656794795559
39627806459565465,0.0,0.8,0.2,0.0,0.36096404744368116
39627800415572489,0.0,0.07,0.93,0.0,0.18296182545011158
39627812507749291,0.0,0.84,0.16,0.0,0.3171547773202831
39627812507750724,0.0,0.93,0.07,0.0,0.18296182545011158
39627812507748722,0.0,0.94,0.06,0.0,0.16372245957723813
39627776252182955,0.0,0.96,0.04,0.0,0.12114609454120741
39627812507747691,0.0,0.97,0.03,0.0,0.0971959289157881
39627812511944417,0.0,0.83,0.17,0.0,0.32885238937210975
39627794371580158,0.0,0.9,0.1,0.0,0.2344977967946406
39627806463756492,0.0,0.84,0.16,0.0,0.3171547773202831
39627812507748716,0.0,0.83,0.17,0.0,0.32885238937210975
39627800428156229,0.0,0.98,0.02,0.0,0.07072027127091034
39627782287791887,0.0,0.88,0.12,0.0,0.2646804326436822
39627770212385211,0.0,0.43,0.57,0.0,0.4929075185894599
39627746057393153,0.0,0.38,0.62,0.0,0.47902101111314976
39627746057393126,0.0,0.64,0.36,0.0,0.4713415946277461
39627752097188963,0.01,0.99,0.0,0.0,0.04039656794795559
39627770212385214,0.0,0.8,0.2,0.0,0.36096404744368116
39627752097191420,0.0,0.24,0.76,0.0,0.39752013969226113
39627788331779516,0.0,0.98,0.02,0.0,0.07072027127091034
39627812520330091,0.0,0.94,0.06,0.0,0.16372245957723813
39627788335974122,0.0,0.97,0.03,0.0,0.0971959289157881
39627776289933945,0.0,0.02,0.98,0.0,0.07072027127091034
39627782338122334,0.0,0.93,0.07,0.0,0.18296182545011158
39627782338119253,0.0,0.36,0.64,0.0,0.4713415946277461
39627812507747689,0.0,0.89,0.11,0.0,0.249957979082264
39627806459560828,0.0,0.98,0.02,0.0,0.07072027127091034
39627800411380032,0.0,0.94,0.06,0.0,0.16372245957723813
39627800411379078,0.0,0.93,0.07,0.0,0.18296182545011158
39627788331781700,0.0,0.99,0.01,0.0,0.04039656794795559
39627800415572790,0.0,0.76,0.24,0.0,0.39752013969226113
39627794371582100,0.0,0.78,0.22,0.0,0.38008375148098283
39627800415568762,0.0,0.91,0.09,0.0,0.21823490853205144
39627812507747244,0.0,0.54,0.46,0.0,0.49768921941011285
39627812507747032,0.0,0.98,0.02,0.0,0.07072027127091034
39627812507746569,0.0,0.14,0.86,0.0,0.292119405821428
39627812507746505,0.01,0.97,0.02,0.0,0.11097036642660543
39627812507748249,0.0,0.39,0.61,0.0,0.4823997742525436
39627794371579312,0.0,0.99,0.01,0.0,0.04039656794795559
39627812507749933,0.0,1.0,0.0,0.0,-0.0
39627812507746857,0.0,1.0,0.0,0.0,-0.0
39627788331778476,0.01,0.99,0.0,0.0,0.04039656794795559
39627788331779468,0.0,0.56,0.44,0.0,0.4947937606110278
39627794371580656,0.0,0.44,0.56,0.0,0.4947937606110278
39627812516137228,0.0,0.65,0.35,0.0,0.4670340276877455
39627788331779545,0.0,0.98,0.02,0.0,0.07072027127091034
39627782287790029,0.01,0.98,0.01,0.0,0.08072027127091033
39627733994570422,0.0,1.0,0.0,0.0,-0.0
39627740051148026,0.0,0.97,0.03,0.0,0.0971959289157881
39627776273154308,0.02,0.98,0.0,0.0,0.07072027127091034
39627794396746015,0.0,0.03,0.97,0.0,0.0971959289157881
39627764218729692,0.0,0.98,0.02,0.0,0.07072027127091034
39627794392552626,0.0,0.41,0.59,0.0,0.488250234378912
39627794413518949,0.0,0.39,0.61,0.0,0.4823997742525436
39627770237550941,0.0,0.44,0.56,0.0,0.4947937606110278
39627752122352639,0.0,0.01,0.99,0.0,0.04039656794795559
39627770237550961,0.0,0.24,0.76,0.0,0.39752013969226113
39627776252189222,0.0,0.04,0.96,0.0,0.12114609454120741
39627758145372828,0.0,0.75,0.25,0.0,0.4056390622295664
39627758170538811,0.0,0.04,0.96,0.0,0.12114609454120741
39627758149568083,0.0,0.89,0.11,0.0,0.249957979082264
39627758145373049,0.0,0.94,0.06,0.0,0.16372245957723813
39627746061584651,0.0,0.46,0.54,0.0,0.49768921941011285
39627776289933619,0.0,0.59,0.41,0.0,0.488250234378912
39627806467950599,0.0,0.23,0.77,0.0,0.38900565177326885
39627776273157199,0.0,0.26,0.74,0.0,0.4133731862463089
39627776273157123,0.0,0.09,0.91,0.0,0.21823490853205144
39627758178930405,0.0,1.0,0.0,0.0,-0.0
39627782338121139,0.0,0.82,0.18,0.0,0.34003852286413994
39627740034371747,0.0,0.86,0.14,0.0,0.292119405821428
39627764206142707,0.0,0.5,0.5,0.0,0.5
39627776285737644,0.0,0.59,0.41,0.0,0.488250234378912
39627740051146859,0.0,0.83,0.17,0.0,0.32885238937210975
39627758178931376,0.0,1.0,0.0,0.0,-0.0
39627740051147592,0.04,0.96,0.0,0.0,0.12114609454120741
39627740051148770,0.0,0.75,0.25,0.0,0.4056390622295664
39627776289933333,0.0,0.99,0.01,0.0,0.04039656794795559
39627746095139049,0.0,0.98,0.02,0.0,0.07072027127091034
39627800428152597,0.0,0.25,0.75,0.0,0.4056390622295664
39627788369530212,0.0,0.99,0.01,0.0,0.04039656794795559
39627806463759968,0.0,0.07,0.93,0.0,0.18296182545011158
39627782317147534,0.0,0.53,0.47,0.0,0.4987007942838698
39627794396746084,0.0,0.39,0.61,0.0,0.4823997742525436
39627776264767708,0.0,0.33,0.67,0.0,0.4574631863898637
39627806467950677,0.0,0.06,0.94,0.0,0.16372245957723813
39627794375772034,0.0,0.36,0.64,0.0,0.4713415946277461
39627770212384806,0.0,1.0,0.0,0.0,-0.0
39627776247994086,0.0,0.53,0.47,0.0,0.4987007942838698
39627770212385192,0.0,0.69,0.31,0.0,0.4465867291889284
39627782317151545,0.0,0.29,0.71,0.0,0.43436062316970225
39627733994572602,0.03,0.97,0.0,0.0,0.0971959289157881
39627733990380075,0.01,0.99,0.0,0.0,0.04039656794795559
39627752092994838,0.01,0.68,0.31,0.0,0.48429030075228124
39627740021785288,0.0,0.92,0.08,0.0,0.2010895951011364
39627740021785362,0.0,1.0,0.0,0.0,-0.0
39627740025979898,0.0,1.0,0.0,0.0,-0.0
39627740051145663,0.0,0.67,0.33,0.0,0.4574631863898637
39627740025983090,0.0,0.77,0.23,0.0,0.38900565177326885
39627740021788971,0.0,0.42,0.58,0.0,0.49072694751682683
39627758141179378,0.0,0.03,0.96,0.01,0.13737165703039006
39627758141179368,0.0,0.36,0.64,0.0,0.4713415946277461
39627758141179401,0.0,0.1,0.9,0.0,0.2344977967946406
39627734002961912,0.0,0.52,0.48,0.0,0.4994227679976009
39627734002960749,0.0,0.7,0.3,0.0,0.44064544961534635
39627734002960386,0.0,0.25,0.75,0.0,0.4056390622295664
39627734002962199,0.0,0.95,0.05,0.0,0.14319847855797813
39627752101382478,0.0,0.12,0.85,0.03,0.35906475947475236
39627740021785887,0.0,0.38,0.62,0.0,0.47902101111314976
39627746061584817,0.0,0.6,0.4,0.0,0.4854752972273343
39627746057393702,0.0,0.96,0.04,0.0,0.12114609454120741
39627758132791789,0.0,0.96,0.04,0.0,0.12114609454120741
39627794375772306,0.0,0.95,0.05,0.0,0.14319847855797813
39627733994574092,0.03,0.97,0.0,0.0,0.0971959289157881
39627740021786080,0.0,0.89,0.11,0.0,0.249957979082264
39627740051144721,0.0,1.0,0.0,0.0,-0.0
39627733994571365,0.0,0.99,0.01,0.0,0.04039656794795559
39627740021786761,0.0,1.0,0.0,0.0,-0.0
39627733994571278,0.0,0.67,0.33,0.0,0.4574631863898637
39627740025979792,0.0,0.87,0.13,0.0,0.2787190925139945
39627776252185099,0.0,0.78,0.22,0.0,0.38008375148098283
39627776252182834,0.0,0.97,0.03,0.0,0.0971959289157881
39627776252182607,0.0,0.85,0.15,0.0,0.3049201523582002
39627776252183769,0.0,0.29,0.71,0.0,0.43436062316970225
39627752097186117,0.0,0.98,0.02,0.0,0.07072027127091034
39627752092995797,0.0,0.98,0.02,0.0,0.07072027127091034
39627758132789494,0.0,0.3,0.7,0.0,0.44064544961534635
39627758128599832,0.0,0.79,0.21,0.0,0.37074136996563684
39627758128599842,0.0,0.61,0.39,0.0,0.4823997742525436
39627758178931538,0.0,1.0,0.0,0.0,-0.0
39627740051147253,0.0,0.93,0.07,0.0,0.18296182545011158
39627734002963010,0.0,0.88,0.12,0.0,0.2646804326436822
39627782321341534,0.0,0.45,0.55,0.0,0.49638722699390414
39627758174735844,0.0,0.56,0.44,0.0,0.4947937606110278
39627733986186003,0.0,0.82,0.18,0.0,0.34003852286413994
39627752139133221,0.0,0.76,0.24,0.0,0.39752013969226113
39627752139132778,0.0,0.97,0.03,0.0,0.0971959289157881
39627752139132501,0.0,0.54,0.46,0.0,0.49768921941011285
39627740025981296,0.0,0.22,0.78,0.0,0.38008375148098283
39627733990376017,0.0,1.0,0.0,0.0,-0.0
39627740051144881,0.0,0.67,0.33,0.0,0.4574631863898637
39627734002958461,0.0,0.56,0.44,0.0,0.4947937606110278
39627740025981353,0.0,0.99,0.01,0.0,0.04039656794795559
39627740051145484,0.0,0.75,0.25,0.0,0.4056390622295664
39627752097186460,0.0,0.65,0.35,0.0,0.4670340276877455
39627740021787377,0.0,0.97,0.03,0.0,0.0971959289157881
39627752097187232,0.0,0.87,0.13,0.0,0.2787190925139945
39627752092996357,0.0,1.0,0.0,0.0,-0.0
39627752097187475,0.0,0.96,0.04,0.0,0.12114609454120741
39627752092996771,0.0,0.77,0.23,0.0,0.38900565177326885
39627752097186416,0.0,0.93,0.07,0.0,0.18296182545011158
39627752092996124,0.01,0.95,0.04,0.0,0.16124668093016215
39627746057391216,0.0,0.47,0.53,0.0,0.4987007942838698
39627770208194509,0.0,0.48,0.52,0.0,0.4994227679976009
39627794417716991,0.0,0.84,0.16,0.0,0.3171547773202831
39627800457511878,0.0,1.0,0.0,0.0,-0.0
39627794417718243,0.0,0.97,0.03,0.0,0.0971959289157881
39627788382112682,0.0,1.0,0.0,0.0,-0.0
39627740025981710,0.0,0.97,0.03,0.0,0.0971959289157881
39627776285738274,0.0,0.0,1.0,0.0,-0.0
39627776281543878,0.0,0.74,0.26,0.0,0.4133731862463089
39627800423958388,0.0,0.58,0.42,0.0,0.49072694751682683
39627788382111738,0.0,0.99,0.01,0.0,0.04039656794795559
39627806493118470,0.0,0.94,0.06,0.0,0.16372245957723813
39627800453317887,0.0,0.11,0.89,0.0,0.249957979082264
39627800453320183,0.0,0.8,0.2,0.0,0.36096404744368116
39627770262719483,0.0,0.75,0.25,0.0,0.4056390622295664
39627770262719121,0.0,0.37,0.63,0.0,0.47533604634353294
39627770233360640,0.0,1.0,0.0,0.0,-0.0
39627806484729183,0.01,0.99,0.0,0.0,0.04039656794795559
39627788377920166,0.0,0.94,0.06,0.0,0.16372245957723813
39627782342314246,0.0,0.24,0.76,0.0,0.39752013969226113
39627782342314029,0.0,0.97,0.03,0.0,0.0971959289157881
39627782342314329,0.0,0.95,0.05,0.0,0.14319847855797813
39627740030173687,0.0,0.95,0.05,0.0,0.14319847855797813
39627770237552658,0.0,0.25,0.75,0.0,0.4056390622295664
39627788377919830,0.0,0.37,0.63,0.0,0.47533604634353294
39627812511944004,0.0,0.99,0.01,0.0,0.04039656794795559
39627812516139539,0.0,0.85,0.15,0.0,0.3049201523582002
39627794417713473,0.0,1.0,0.0,0.0,-0.0
39627788377919728,0.0,0.54,0.46,0.0,0.49768921941011285
39627758153761035,0.0,0.69,0.31,0.0,0.4465867291889284
39627806463755797,0.0,0.43,0.57,0.0,0.4929075185894599
39627782342314381,0.0,0.54,0.46,0.0,0.49768921941011285
39627740046953315,0.0,0.42,0.58,0.0,0.49072694751682683
39627740046953012,0.0,1.0,0.0,0.0,-0.0
39627788369529844,0.0,0.98,0.02,0.0,0.07072027127091034
39627806459566521,0.0,0.77,0.23,0.0,0.38900565177326885
39627788382113012,0.0,1.0,0.0,0.0,-0.0
39627764222922826,0.0,0.92,0.08,0.0,0.2010895951011364
39627740046953391,0.0,0.93,0.07,0.0,0.18296182545011158
39627794417715756,0.0,0.83,0.17,0.0,0.32885238937210975
39627770262722109,0.0,0.95,0.05,0.0,0.14319847855797813
39627764222922598,0.0,0.31,0.69,0.0,0.4465867291889284
39627776302515031,0.0,0.42,0.58,0.0,0.49072694751682683
39627764222923778,0.0,0.9,0.1,0.0,0.2344977967946406
39627776277349937,0.0,0.96,0.04,0.0,0.12114609454120741
39627782325537969,0.0,0.24,0.76,0.0,0.39752013969226113
39627776281545488,0.0,0.85,0.15,0.0,0.3049201523582002
39627782342314784,0.13,0.87,0.0,0.0,0.2787190925139945
39627776277349407,0.08,0.92,0.0,0.0,0.2010895951011364
39627770262719567,0.0,0.92,0.08,0.0,0.2010895951011364
39627812503554614,0.0,0.53,0.47,0.0,0.4987007942838698
39627806488924189,0.0,0.99,0.01,0.0,0.04039656794795559
39627806493115753,0.0,0.99,0.01,0.0,0.04039656794795559
39627806488924803,0.0,1.0,0.0,0.0,-0.0
39627806488923430,0.0,0.89,0.11,0.0,0.249957979082264
39627812528721127,0.0,1.0,0.0,0.0,-0.0
39627782291983128,0.0,0.94,0.06,0.0,0.16372245957723813
39627794371581410,0.0,0.86,0.14,0.0,0.292119405821428
39627806459563343,0.0,0.97,0.03,0.0,0.0971959289157881
39627806459563122,0.0,0.27,0.73,0.0,0.42073231810408784
39627788377919424,0.0,0.69,0.31,0.0,0.4465867291889284
39627812507750145,0.0,0.93,0.07,0.0,0.18296182545011158
39627812516138115,0.0,0.98,0.02,0.0,0.07072027127091034
39627806484730018,0.0,0.91,0.09,0.0,0.21823490853205144
39627794371580828,0.0,0.91,0.09,0.0,0.21823490853205144
39627752092992757,0.0,1.0,0.0,0.0,-0.0
39627740017595212,0.0,1.0,0.0,0.0,-0.0
39627740025979253,0.0,0.99,0.01,0.0,0.04039656794795559
39627740021789625,0.0,0.52,0.48,0.0,0.4994227679976009
39627740021789716,0.0,0.81,0.19,0.0,0.3507357299419487
39627740021789135,0.0,0.99,0.01,0.0,0.04039656794795559
39627740025983870,0.0,0.93,0.07,0.0,0.18296182545011158
39627764168397176,0.0,0.73,0.27,0.0,0.42073231810408784
39627764168397250,0.0,0.86,0.14,0.0,0.292119405821428
39627782291983291,0.0,0.95,0.05,0.0,0.14319847855797813
39627770208196179,0.0,0.82,0.18,0.0,0.34003852286413994
39627776247993893,0.0,0.96,0.04,0.0,0.12114609454120741
39627764168396064,0.0,0.92,0.08,0.0,0.2010895951011364
39627758132789612,0.0,0.57,0.43,0.0,0.4929075185894599
39627770208194076,0.0,1.0,0.0,0.0,-0.0
39627776302516136,0.0,0.23,0.77,0.0,0.38900565177326885
39627770262721947,0.0,0.62,0.38,0.0,0.47902101111314976
39627788377920531,0.0,0.94,0.06,0.0,0.16372245957723813
39627782329731025,0.0,0.55,0.45,0.0,0.49638722699390414
39627806488921114,0.03,0.97,0.0,0.0,0.0971959289157881
39627788331779770,0.0,0.83,0.17,0.0,0.32885238937210975
39627806488920381,0.0,0.91,0.09,0.0,0.21823490853205144
39627776277353214,0.0,0.99,0.01,0.0,0.04039656794795559
39627812516138021,0.0,0.96,0.04,0.0,0.12114609454120741
39627812516136592,0.04,0.96,0.0,0.0,0.12114609454120741
39627770208194237,0.0,0.76,0.24,0.0,0.39752013969226113
39627806455370670,0.01,0.99,0.0,0.0,0.04039656794795559
39627733990375856,0.0,1.0,0.0,0.0,-0.0
39627740051149306,0.01,0.99,0.0,0.0,0.04039656794795559
39627734002958708,0.0,1.0,0.0,0.0,-0.0
39627758178932662,0.0,0.95,0.05,0.0,0.14319847855797813
39627776252184695,0.0,0.35,0.65,0.0,0.4670340276877455
39627764168394672,0.0,1.0,0.0,0.0,-0.0
39627764168394294,0.0,0.99,0.01,0.0,0.04039656794795559
39627806459562134,0.0,0.96,0.04,0.0,0.12114609454120741
39627806459561154,0.0,0.99,0.01,0.0,0.04039656794795559
39627812503554912,0.0,0.69,0.31,0.0,0.4465867291889284
39627812503554684,0.0,1.0,0.0,0.0,-0.0
39627812499361430,0.01,0.99,0.0,0.0,0.04039656794795559
39627806455367148,0.0,1.0,0.0,0.0,-0.0
39627764168395826,0.0,0.87,0.13,0.0,0.2787190925139945
39627764168394772,0.0,1.0,0.0,0.0,-0.0
39627806451177274,0.0,1.0,0.0,0.0,-0.0
39627806455367769,0.0,1.0,0.0,0.0,-0.0
39627758128599069,0.0,0.99,0.01,0.0,0.04039656794795559
39627782287790894,0.0,0.97,0.03,0.0,0.0971959289157881
39627788327586303,0.0,0.98,0.02,0.0,0.07072027127091034
39627770208192455,0.04,0.96,0.0,0.0,0.12114609454120741
39627770208192068,0.0,0.98,0.02,0.0,0.07072027127091034
39627770208191149,0.0,1.0,0.0,0.0,-0.0
39627794367385365,0.0,1.0,0.0,0.0,-0.0
39627788327588219,0.0,0.97,0.03,0.0,0.0971959289157881
39627788327589626,0.0,0.96,0.04,0.0,0.12114609454120741
39627782287789032,0.01,0.99,0.0,0.0,0.04039656794795559
39627782287787139,0.0,1.0,0.0,0.0,-0.0
39627782287789230,0.08,0.92,0.0,0.0,0.2010895951011364
39627800411376726,0.01,0.99,0.0,0.0,0.04039656794795559
39627800411376297,0.01,0.99,0.0,0.0,0.04039656794795559
39627800411376008,0.0,0.94,0.06,0.0,0.16372245957723813
39627800415573759,0.0,0.05,0.92,0.03,0.239266955218135
39627800415570767,0.0,0.9,0.1,0.0,0.2344977967946406
