-2554.318950 -2226.518681 18.120779
-2208.694482 -1866.368581 51.314391
-2462.185317 -2118.652586 47.997318
-2209.086426 -1804.128507 44.074138
-3231.653801 -2670.328128 -0.896127
-2475.432196 -2109.003392 29.432275
-2141.573764 -1825.581572 25.714972
-2276.689854 -1922.597454 9.432187
-2239.316764 -1891.186583 8.787136
-2706.165599 -2284.204428 -52.961399
-3043.608306 -2603.961104 -20.169847
-2491.448860 -2104.908767 10.491117
-1971.599325 -1679.889826 -46.399856
-3086.512377 -2601.138958 -130.456163
-2730.898661 -2346.692992 -102.069700
-2779.363791 -2377.631332 33.951748
-3279.119826 -2776.154318 20.404905
-2733.698227 -2240.245592 -72.446071
-3332.832077 -2829.641186 42.218234
-2495.279657 -2159.723145 -52.428787
-3491.294080 -2842.446731 -26.628533
-2325.178831 -1990.021329 29.257688
-2443.562507 -2040.309629 -76.014048
-3308.667330 -2831.683658 42.094971
-2752.797007 -2222.594108 -5.598922
-2879.076382 -2463.941298 36.440953
-2742.115261 -2346.302105 34.108253
-2233.368510 -1910.816073 27.648387
-2806.355601 -2272.700974 -55.401382
-3253.729564 -2635.015907 -65.028424
-2805.109883 -2401.163720 34.561810
-2382.068410 -2016.055284 14.236523
-3305.071608 -2722.934026 -110.515650
-2889.328697 -2421.772591 -63.223281
-3228.911026 -2730.136798 16.254058
-3132.802172 -2648.758907 40.640554
-3102.292291 -2624.122096 19.424117
-3266.692072 -2789.634191 6.648489
-2590.604694 -2191.723019 15.975922
-2651.166602 -2265.052283 32.974399
-2212.030825 -1871.589424 13.968117
-3024.794008 -2569.290601 37.349491
-2973.294345 -2488.108124 57.687874
-2486.305735 -2082.613767 -52.663805
-3018.431417 -2578.342355 6.832726
-2693.792487 -2174.602398 -44.546607
-2162.817053 -1857.453076 -49.308891
-3277.790858 -2774.655650 19.549949
-3145.388800 -2676.499627 -60.137614
-3016.219589 -2426.480940 -8.436551
-3419.302021 -2909.724539 -72.433115
-2109.416194 -1714.051473 -79.849386
-2554.579896 -2122.908297 -58.601999
-2492.925032 -2058.999683 -71.798317
-3228.214017 -2696.090384 -101.304998
-3195.404253 -2580.433187 37.608958
-3194.546489 -2725.245295 39.071316
-3258.227004 -2720.865678 -101.993971
-2994.347189 -2386.892080 -1.773993
-2217.559744 -1841.043557 -56.937677
-2626.045277 -2167.576794 50.724763
-2726.769836 -2329.858987 34.115715
-3493.677258 -2948.900866 -65.783604
-3243.343801 -2694.747552 38.680940
-1979.571769 -1672.934604 -35.665214
-2388.888782 -1935.537083 -83.773408
-3019.094931 -2425.548240 31.069286
-3019.724770 -2426.144946 31.230541
-2734.317798 -2322.047697 33.916346
-3292.493338 -2659.242778 38.890365
-3497.265550 -2973.990560 44.266024
-2535.023699 -2088.288738 47.020167
-3556.471693 -2965.597133 49.672166
-1852.854260 -1541.957690 -38.331850
-2192.216426 -1851.009158 19.334418
-2324.533760 -1899.282460 0.428132
-3050.099477 -2575.251137 26.244680
-2649.423868 -2194.087374 -11.268908
-2143.382360 -1721.810455 21.879635
-2590.395211 -2225.739550 23.577898
-3123.593124 -2632.806192 -73.972340
-2316.750339 -1996.447434 -89.942811
-2939.808522 -2468.401511 -66.399277
-2424.277959 -1994.049886 -88.605388
-2986.116015 -2467.417401 54.013145
-2513.778615 -2166.026342 -98.378294
-3522.344577 -3033.640362 -136.489608
-3557.364461 -2986.870896 -80.202945
-3155.883985 -2541.049992 -59.774933
-3309.528421 -2829.831882 36.606908
-2183.580348 -1758.033495 -38.764041
-2824.389914 -2346.095489 -93.484882
-3333.155138 -2766.023354 48.337576
-2128.348124 -1805.014413 -75.464199
-3493.552607 -2845.867684 40.749963
-3249.452676 -2838.379940 -58.221363
-2534.738545 -2166.096831 29.916278
-2633.995867 -2250.675856 30.973515
-2844.024635 -2318.420173 33.073925
-2436.786581 -1960.408242 -46.862736
-2914.519408 -2493.050646 32.574047
-1901.709606 -1510.415834 -35.209799
-2996.916942 -2563.697031 32.359290
-2346.399453 -2010.937069 25.758352
-3071.263731 -2606.964224 -85.472664
-2943.905653 -2422.232521 -25.961729
-2993.078075 -2556.703859 5.154612
-3114.274919 -2511.490193 -60.262337
-3528.405276 -2959.150103 47.721898
-2713.344455 -2246.177716 49.801072
-2670.595388 -2211.620385 49.216904
-2755.353452 -2312.653367 32.104567
-3530.144443 -2963.978723 47.314318
-2966.136225 -2445.343660 -110.248555
-3249.477592 -2677.725509 -132.979800
-2414.603664 -1989.288158 -98.564980
-2159.319259 -1742.987436 -36.485103
-2424.328374 -2035.146457 -54.216060
-2346.192371 -2002.632885 -70.177630
-1978.088063 -1647.195419 -42.606293
-2988.968661 -2516.175510 6.586914
-2720.648846 -2291.656523 -110.238087
-2406.436938 -2028.101994 -98.147615
-2260.215374 -1824.370774 -10.477852
-2325.164083 -1923.394530 -23.789331
-2760.574042 -2227.611144 -12.445362
-2105.418830 -1775.452339 -88.133880
-2226.914949 -1801.878740 -45.289690
-2556.752376 -2068.674766 -51.894042
-2796.827295 -2360.157531 -117.647177
-2939.591769 -2467.883870 5.449547
-2543.907204 -2095.403723 47.280781
-3251.693414 -2677.691144 -78.412137
-3091.365945 -2545.849228 -74.887056
-2298.548546 -1893.636570 -55.873200
-2569.749245 -2117.489063 -62.754509
-3076.971844 -2577.467078 -135.021048
-2069.637869 -1715.043080 -63.672444
-2486.443683 -2011.553730 -55.471131
-2620.482641 -2174.812507 -71.320782
-2595.951172 -2070.495834 -2.294602
-3207.342385 -2724.333495 -126.748790
-2108.623293 -1704.361794 27.127753
-2083.198393 -1692.783788 -16.157605
-3233.451595 -2728.941138 -10.879084
-2382.318610 -1999.244940 -106.847212
-3506.304529 -2835.957796 -78.880812
-3053.561902 -2543.856740 62.314679
-2394.386557 -1988.494026 -78.741921
-2287.433395 -1939.687417 5.471769
-2605.994738 -2110.364570 35.515299
-2350.070054 -1946.179448 -103.186587
-2326.353860 -1952.413938 -51.540082
-3449.730429 -2776.925150 -15.597467
-2975.217530 -2409.950023 36.342725
-2293.348814 -1947.260093 3.351206
-3111.086464 -2693.878284 -114.551264
-3401.199601 -2755.402675 44.314522
-2738.623021 -2290.156321 28.507458
-3135.046016 -2631.551662 -69.773461
-2430.969788 -2100.836363 -89.104148
-2896.460664 -2502.510441 -104.382385
-3523.006494 -2854.740185 43.901169
-3081.404380 -2496.058017 37.463373
-2998.826630 -2451.922746 -91.846489
-2661.682116 -2155.068803 36.767832
-2771.363489 -2383.408614 32.245756
-3499.708354 -2830.065838 -77.840426
-2337.533775 -2011.020138 27.182804
-2940.281700 -2460.639799 -71.500294
-3056.054829 -2472.884150 41.875347
-2585.414016 -2164.954240 -57.441211
-2971.241560 -2413.142429 44.471825
-3365.540724 -2733.161557 50.163343
-2607.670216 -2099.248269 -11.885344
-3122.914754 -2686.285896 36.135851
-3020.705325 -2452.487124 44.886994
-2531.138719 -2114.405720 -118.650570
-2911.082741 -2439.992069 -64.351791
-2282.204224 -1963.022658 26.751144
-2771.639999 -2383.938961 33.304950
-2147.943842 -1824.484240 25.858973
-2975.174200 -2391.095166 -10.060253
-2650.407901 -2268.181139 28.886556
-2969.763508 -2510.095579 27.504672
-3231.805896 -2773.901933 -59.405890
-3149.367235 -2672.451541 13.787915
-3218.740592 -2726.288815 15.161904
-2395.552608 -2009.010869 -75.265524
-2276.102823 -1892.697431 36.694554
-2267.931716 -1933.083286 9.243094
-3215.389736 -2643.805876 35.794565
-2357.675521 -2023.818141 -43.045027
-2690.965612 -2292.497606 11.447615
-2147.740763 -1819.106068 9.753841
-2399.138879 -1999.994412 39.632911
-3073.690461 -2634.188874 -64.843686
-2319.412770 -1987.825696 -49.605728
-2894.605052 -2478.542424 -42.807401
-3444.591886 -2862.769256 56.460400
-2865.710842 -2374.471102 -21.930099
-2623.721221 -2109.461988 -49.840891
-2190.803582 -1762.234772 -40.127753
-3174.643349 -2704.134928 15.687931
-2778.595885 -2349.320982 14.641857
-2145.758313 -1842.146442 -40.977545
-2569.291983 -2066.537629 -48.630048
-2179.045107 -1856.585369 8.912746
-2507.868824 -2174.396673 -44.438812
-3386.160337 -2722.839129 -60.806771
-2428.019972 -2105.067748 -0.559581
-2314.029884 -1996.817558 -50.736687
-2550.431088 -2209.515644 -48.880852
-2876.158271 -2437.537175 13.624012
-2448.781449 -1988.038886 -91.701204
-2812.608047 -2432.103791 -46.628321
-2175.109172 -1843.042766 9.159838
-3357.701429 -2774.016135 -121.419253
-2524.177542 -2147.759618 24.482019
-2800.512878 -2252.558682 -51.563471
-2643.239232 -2208.044964 -82.292894
-3626.145171 -2889.253072 -109.660251
-2754.282447 -2205.790851 -10.188507
-3288.084839 -2785.511575 14.818250
-2651.688200 -2255.920533 32.329264
-3116.872206 -2502.871012 -60.956570
-2379.163807 -1985.249020 33.916878
-2721.369786 -2266.713472 44.749888
-2633.912773 -2172.488974 -13.399023
-2350.132998 -2013.528673 -50.275313
-2840.227413 -2417.794772 11.336051
-2638.488451 -2265.234756 -48.966890
-2462.830831 -2077.932314 -79.571095
-2118.376275 -1787.535792 -67.136391
-2569.220985 -2064.307928 -49.792997
-2968.191629 -2512.949646 16.982001
-2931.139950 -2494.771604 28.725214
-3078.193945 -2557.708633 49.769378
-2376.344153 -1944.796155 -3.563997
-3552.382685 -2886.443768 -32.424827
-2399.202389 -1993.632328 -79.468261
-3082.888686 -2561.056540 -23.800812
-2998.870802 -2489.730760 45.810281
-2684.806884 -2340.004199 -51.246186
-3356.692037 -2786.094667 52.069993
-2882.526044 -2395.090758 -95.312986
-2610.953574 -2169.556834 40.370010
-2737.598145 -2321.819899 31.189957
-2760.250197 -2360.393151 -52.684950
-3008.441274 -2466.109951 -2.083861
-2381.584417 -1980.962966 -75.956483
-3392.033027 -2844.085912 -137.419990
-2395.512209 -2001.947632 -83.716967
-3275.538792 -2738.667274 59.644322
-2178.831677 -1843.357621 12.779206
-2074.924094 -1736.872583 -55.689453
-2914.958029 -2476.880102 10.929939
-2548.368071 -2170.273785 18.461606
-2995.289319 -2423.106047 -120.463758
-2697.869699 -2316.409948 -49.853961
-2874.069603 -2309.835891 -51.898780
-3197.814631 -2711.137045 33.254956
-2507.002684 -2146.806848 -50.704171
-2236.995240 -1933.851190 -50.449124
-2450.786540 -2030.811365 -41.982347
-2511.369952 -2081.406958 -81.123302
-3004.085297 -2426.670368 -104.908296
-2623.792123 -2226.942479 -103.098155
-2700.522334 -2237.798528 -46.227921
-3141.385575 -2501.743102 -59.714033
-2163.500466 -1751.001988 -75.252826
-3216.297605 -2605.073551 -70.731321
-2552.780821 -2064.235719 -56.224300
-1924.271583 -1558.146521 -40.336370
-2278.018191 -1896.683813 -86.873642
-2938.943931 -2447.061894 -114.304736
-3383.475599 -2817.333558 -128.887606
-2324.309162 -1881.019787 -47.857385
-2329.711841 -1885.244210 -50.973723
-3252.351935 -2632.860651 -112.918429
-2733.742856 -2277.585059 -114.600120
-2663.524531 -2154.264601 -58.534287
-3239.856329 -2624.054699 -67.117335
-2946.114537 -2452.599497 -124.504401
-2156.365798 -1755.070992 -49.843633
-2466.445287 -2055.483917 5.735561
-3005.253524 -2492.669427 -16.745768
-2956.697952 -2402.019895 -22.996652
-2586.546028 -2199.078654 -103.001589
-2579.344014 -2150.349195 6.900265
-2856.240140 -2340.419810 -2.655377
-2378.081694 -1883.930390 -55.444256
-2752.371797 -2232.528008 -22.397333
-3222.811843 -2687.495550 6.038932
-2857.275856 -2340.751314 -3.743039
-1971.137103 -1638.888831 -67.989456
-3459.520139 -2886.198552 7.351334
-3015.249687 -2469.169286 -4.367679
-2606.944995 -2118.104695 -20.174440
-2800.049633 -2275.099651 -59.775923
-3130.337782 -2602.923370 -108.968747
-3456.741628 -2899.933720 55.965663
-2918.155547 -2428.965176 -110.787228
-2580.096904 -2091.106253 -56.686751
-2235.641975 -1812.491408 -47.781971
-3380.738728 -2813.751334 -133.048910
-2482.913590 -2013.109436 -54.277482
-3060.525784 -2482.108335 -63.851694
-2750.002373 -2230.272642 -56.668400
-2020.869199 -1670.041136 13.125350
-2411.844967 -1956.036107 -50.450157
-2409.094965 -1958.223760 -20.309481
-2426.860886 -1968.524313 -51.797468
-2946.494225 -2390.622563 -62.543186
-3224.896310 -2616.836357 -68.131578
-2839.285521 -2307.634502 -22.724462
-3124.505708 -2538.131668 -74.844339
-3462.879302 -2906.161894 57.131229
-3202.138621 -2665.756987 -126.557500
-3235.794075 -2615.323343 -74.745313
-2844.340857 -2284.384495 -68.999540
-2773.504321 -2312.345946 -106.372585
-2802.601550 -2329.398294 20.261850
-2964.105264 -2463.559013 21.868432
-3048.987773 -2450.083556 -77.527042
-2660.583789 -2136.962501 -68.291937
-2802.396140 -2328.624247 21.479464
-2200.025670 -1784.854752 -55.817695
-2947.834930 -2449.138573 22.097215
-2228.990788 -1790.229063 -56.852937
-2597.410736 -2085.896103 -66.915133
-3026.626511 -2437.676277 -64.413199
-2595.967745 -2086.520599 -68.125428
-3333.452980 -2778.832760 21.430459
-2668.011380 -2229.448299 18.190418
-2710.568550 -2183.878238 -58.347712
-3372.033936 -2817.940207 22.676100
-3068.663645 -2472.466882 -63.279920
-2485.163756 -2077.870874 -95.861481
-2304.294743 -1927.070077 12.973593
-2389.809134 -1998.240991 -90.914836
-2705.582793 -2182.773823 -60.066333
-2483.728200 -2064.744136 19.286208
-2993.253574 -2490.803427 22.442915
-2735.805816 -2276.017365 20.205517
-3116.593654 -2519.359380 -86.352674
-2776.604331 -2309.647156 20.602354
-2545.678908 -2118.501179 19.135348
-3549.644499 -2960.808391 -116.633738
-2685.045286 -2158.890326 -55.102261
-2219.323127 -1847.276397 16.198460
-3236.861668 -2691.738913 21.408340
-2488.844848 -2069.660555 18.293294
-2548.240771 -2061.820227 -70.382479
-3010.510840 -2420.866411 -62.149060
-3130.816042 -2607.080348 22.034264
-3334.534601 -2674.090426 -72.324423
-2496.969323 -2010.346293 -52.518846
-2751.610029 -2287.636045 22.364379
-3427.560163 -2720.643640 -66.752739
-2486.630456 -2067.544529 17.891740
-2291.592513 -1849.334590 -50.555948
-2743.318336 -2220.341559 -72.611048
-3400.913928 -2833.231292 23.945693
-3630.057549 -2919.360234 -74.359755
-2589.309479 -2171.517266 9.507636
-2697.719277 -2217.165710 -9.410868
-2636.458277 -2199.586856 -101.701716
-2685.599884 -2149.829345 -73.143349
-3046.622417 -2492.464236 -89.227190
-3003.506123 -2426.618706 -65.472837
-2773.276473 -2313.388381 -106.794219
-2052.742027 -1712.181981 -85.495119
-2877.845671 -2365.845313 0.214330
-2637.809655 -2200.129470 -100.284955
-2731.041328 -2277.850062 -112.714822
-3186.028303 -2657.311474 -135.472172
-3051.550850 -2428.112766 -63.362913
-2990.845583 -2494.493873 -124.924074
-2512.071995 -2010.334305 -46.582671
-3083.130033 -2571.389196 -117.267505
-3547.514470 -2958.477012 -146.661812
-2336.435182 -1945.754364 -85.181141
-2817.240161 -2294.950595 -21.740287
-2806.330552 -2268.182861 -59.817971
-3242.460577 -2703.604690 -137.423999
-2061.628985 -1699.125384 -27.538925
-2725.360062 -2202.123219 -63.138019
-2140.425080 -1729.388876 -44.914801
-1838.747971 -1485.886739 -43.348122
-3528.290255 -2941.510920 -148.898165
-3050.782303 -2462.666004 -68.021514
-2661.865227 -2191.079063 4.876942
-2573.508269 -2099.442845 -21.313557
-1855.096130 -1535.538598 7.797581
-2281.545573 -1914.527968 10.492865
-3421.556927 -2873.464572 15.351772
-2460.199863 -2068.844800 10.473726
-2423.463548 -1995.830919 -23.605143
-2031.224009 -1696.272191 -83.223176
-2469.970529 -2018.576541 -71.561694
-1812.807983 -1448.283363 -29.714436
-2418.935227 -2014.243035 -75.665798
-2642.287180 -2205.748740 -106.368806
-3547.417581 -2960.937682 -143.378492
-3395.711410 -2797.669857 -21.725113
-2102.167521 -1731.448080 -13.496818
-2590.403003 -2067.916852 -53.783724
-2660.724393 -2238.808113 11.967840
-3193.263845 -2611.937796 -93.369057
-3087.080933 -2597.516588 14.268359
-2153.857709 -1797.331372 -88.526493
-2567.017612 -2112.450436 -15.320799
-2241.384069 -1870.196059 -87.417068
-2627.853497 -2218.507284 -3.660567
-3249.007360 -2712.675051 7.043660
-2032.700271 -1753.808284 -45.894690
-2692.390671 -2332.566623 -3.787038
-2139.702948 -1844.196664 -48.066594
-3275.763716 -2822.873578 -67.408935
-3060.443668 -2579.709245 -94.279785
-2475.160010 -2132.392575 -50.777258
-2431.872188 -2022.411187 37.847530
-2306.202801 -1944.911351 -72.071163
-2340.871872 -2012.363007 -48.200829
-3187.432197 -2738.811484 -76.361172
-2492.791196 -2150.988078 -55.267789
-2841.477441 -2439.957075 -58.907122
-2404.779192 -2079.401852 -55.514655
-2116.632442 -1833.649147 -44.670983
-2555.418157 -2042.496094 -13.050449
-3226.291270 -2666.780658 40.847774
-3310.261102 -2866.835369 -68.282756
-3303.269239 -2641.524129 -20.420760
-2353.275060 -2037.459563 -47.592598
-2796.588205 -2236.684030 -14.240772
-3304.939641 -2759.866207 50.382699
-2588.202935 -2070.372216 -14.963139
-3303.575481 -2758.546834 50.441591
-3549.129073 -2932.563391 44.834643
-2587.677272 -2069.999835 -14.275787
-2279.477256 -1823.486618 -12.302183
-2337.123681 -1950.594272 35.516814
-3252.073245 -2815.171018 -67.261329
-3314.203906 -2868.789259 -67.578838
-2375.325087 -2000.700259 -72.065627
-3149.627773 -2650.797716 -94.783216
-2135.801609 -1775.428051 33.188561
-3422.013947 -2747.804809 -11.450609
-2427.333986 -2015.397702 36.102277
-3471.615187 -2852.826063 -140.526749
-2476.967066 -1989.571956 -8.779429
-3426.728655 -2754.074746 -20.778459
-3240.522743 -2604.473847 -19.196355
-3303.754191 -2655.382228 -19.897973
-3463.542062 -2783.949053 -27.807140
-3365.317597 -2792.758096 52.436110
-3464.902554 -2785.473479 -28.581078
-2844.076569 -2408.881361 -86.972678
-2200.973704 -1828.472473 36.316381
-2778.503506 -2385.579824 -57.563096
-2621.502136 -2178.892537 37.675112
-3251.531446 -2671.076383 44.619083
-2902.447301 -2488.857246 -61.905557
-3212.469590 -2637.115546 38.593442
-3309.757699 -2671.974808 -104.976467
-3127.032021 -2524.475333 -99.508593
-3129.960551 -2526.981865 -100.820269
-3407.239387 -2750.952875 -107.995924
-3568.654793 -2881.470008 -122.784352
-2782.138608 -2382.364094 -61.968684
-3195.324513 -2730.725322 -68.531665
-2315.861561 -1978.229081 -49.176291
-3290.541552 -2639.694304 -18.260795
-2520.414395 -2149.455523 -60.912577
-2620.939887 -2166.915832 32.921591
-3352.486549 -2792.989245 39.549853
-2527.260953 -2106.031123 26.995896
-2311.926290 -2017.054110 -53.742163
-2336.918515 -1948.221106 26.950927
-3440.759194 -3000.864858 -81.010099
-3354.500773 -2797.329582 38.932719
-2276.690635 -1899.123955 25.135814
-2955.798415 -2451.209021 32.991368
-2723.350806 -2369.134997 -56.372083
-3497.600986 -2786.562491 -15.487258
-2381.681413 -1952.762644 -24.052475
-2839.911829 -2414.194137 27.091246
-3236.760318 -2828.681146 -72.171167
-2988.285247 -2454.713325 -25.319524
-2504.758028 -2191.569541 -58.647668
-3040.598913 -2546.942036 -82.263799
-2462.605083 -2151.130423 -54.441911
-3492.402833 -3056.725441 -80.053851
-3310.037266 -2890.448206 -78.825782
-2717.195043 -2378.238363 -63.137655
-2715.193599 -2376.602611 -63.991575
-2637.410758 -2302.411391 -62.700070
-3489.497694 -3054.918263 -82.544970
-2650.607310 -2219.191074 -79.230314
-3268.880185 -2862.119524 -76.052063
-3009.092647 -2528.614454 -87.777552
-2337.943387 -2031.874545 -58.969606
-2461.748559 -2037.609570 23.592517
-3422.155096 -2832.185314 46.280502
-2792.299571 -2231.266988 -19.229133
-3414.621851 -2728.602171 -21.334104
-2950.845533 -2441.989311 26.928216
-2587.256286 -2140.907753 31.066163
-3511.137725 -3046.559302 -77.937922
-2562.885883 -2156.926352 -77.886143
-2614.619278 -2162.172484 28.966394
-2449.267272 -1979.246995 -98.104128
-3355.852420 -2710.240644 -133.594625
-3028.110736 -2630.601855 -77.663260
-2479.353868 -1979.026874 -13.674743
-2557.333571 -2041.451057 -14.762233
-2511.105032 -2004.830009 -17.893619
-2927.874213 -2491.499372 27.987253
-3090.423274 -2468.289435 -19.312086
-3089.600642 -2467.748354 -19.315160
-2398.861416 -1996.789979 -87.470808
-2775.581033 -2333.763921 -82.843073
-2790.685097 -2347.396620 -74.123366
-3473.946759 -2850.504625 -75.298614
-2602.528928 -2158.635311 44.687073
-3469.004266 -2877.190723 56.844472
-2563.622519 -2069.193305 -13.294116
-3059.883617 -2555.863700 -63.393824
-3259.749956 -2722.793546 -67.746312
-3040.200644 -2454.906406 -18.988390
-2885.007809 -2329.787811 -17.500047
-2520.209904 -2149.748872 -68.669371
-2116.341240 -1781.181904 3.925534
-2687.843990 -2293.521443 -83.912005
-3484.963354 -2939.554354 -8.345316
-3096.072886 -2588.412150 -69.772369
-3469.754833 -2798.004574 -11.796576
-2219.204553 -1872.466448 -0.422128
-3151.055920 -2658.453696 -2.373568
-2504.212148 -2112.659219 0.943258
-2525.034035 -2130.184810 -1.383076
-3089.284445 -2633.141594 -96.360234
-2785.665239 -2349.817347 -0.910860
-2258.952049 -1822.216195 -6.825678
-2959.177894 -2387.243914 -9.768442
-3138.339148 -2621.447319 -64.940591
-2621.698980 -2175.337843 -97.435872
-2536.108180 -2106.848939 -54.548038
-2510.795582 -2102.364140 -0.885954
-3374.423879 -2802.965632 -72.557394
-2424.608260 -2029.234912 -1.608720
-3287.670359 -2751.506805 -2.446238
-2403.369219 -1995.092985 -74.215555
-2423.430191 -2026.519802 -5.582525
-2290.254758 -1914.649702 -4.476885
-2877.975638 -2332.839220 -21.900727
-3080.484754 -2540.916175 -70.383861
-3340.412224 -2789.469412 8.429573
-2826.917122 -2292.686835 -22.961175
-3227.823990 -2618.098647 -26.258323
-3499.132683 -2990.653090 -93.516436
-3042.838837 -2532.740699 -68.322566
-2416.684199 -2011.305271 -54.485849
-2410.918887 -2057.957348 -75.948459
-2881.359128 -2396.068607 -88.225385
-3487.030633 -2899.715303 -102.060426
-3068.101322 -2551.219764 -94.360122
-2641.495686 -2136.700046 -22.073719
-3451.565860 -2947.023473 -101.623475
-2326.114303 -1986.304299 -68.400533
-2323.681406 -1984.403996 -61.146978
-3527.604814 -2958.096565 -7.402536
-3151.874250 -2551.093897 -26.272861
-2324.915092 -1985.468263 -61.286125
-3248.290900 -2774.334687 -93.449156
-3095.692856 -2572.366284 -90.960581
-3558.959542 -2957.046404 -76.899651
-3300.949367 -2797.002070 -100.212242
-2935.142164 -2455.762201 -73.125356
-2584.150288 -2137.311469 36.750929
-3465.206973 -2940.740514 -107.427979
-3031.475194 -2494.472921 -29.876807
-2561.987483 -2120.688758 -103.292009
-2623.373449 -2171.559570 -105.566693
-2467.736223 -2043.239032 -97.946755
-2428.744024 -2047.187157 -56.920086
-2428.477618 -2046.912748 -56.888619
-3116.369433 -2602.216685 -95.644494
-2971.631241 -2503.381512 -73.225551
-2878.953555 -2384.339203 -107.788368
-2065.597861 -1738.816261 -48.064447
-3467.596539 -2868.675630 49.239828
-2664.388801 -2258.916016 -81.272093
-3383.514521 -2868.935340 -101.861017
-2454.191493 -2081.257122 -68.438957
-3347.324000 -2772.528229 52.616789
-2768.447617 -2289.543264 -114.706959
-1855.937920 -1535.018777 -76.963818
-2351.823901 -2014.721887 27.368811
-2211.682219 -1872.718391 -55.575591
-3275.611972 -2709.898427 47.278655
-2198.177309 -1860.934855 -55.261501
-2942.927504 -2483.963892 1.090866
-2972.626008 -2551.669417 35.552896
-2333.909682 -1961.694499 -56.406493
-2812.005561 -2381.007537 3.465333
-2570.934892 -2141.432458 -72.549480
-2299.987958 -1946.037665 -4.822033
-2410.885175 -1998.874174 -91.984405
-2108.257312 -1782.370950 1.759310
-3454.753930 -2919.894034 -6.021857
-2466.727840 -2054.285692 -69.910251
-2225.164169 -1879.565856 -5.083136
-3151.831525 -2613.502471 -118.045523
-2628.473856 -2219.319521 -5.491045
-2600.790073 -2158.835707 -15.342162
-2258.622843 -1818.800250 -12.185849
-2706.084425 -2302.080334 -80.113506
-1807.286094 -1497.566894 -74.824960
-2289.433481 -1945.029091 0.405774
-2222.593516 -1887.803522 1.298315
-3337.697111 -2801.701336 -72.239369
-2595.498151 -2203.374859 0.919882
-3047.959060 -2587.383936 3.376798
-2833.024513 -2346.151552 -125.051908
-2699.640796 -2250.167738 -69.701973
-2718.358038 -2279.903134 -64.446424
-2604.915671 -2091.981826 18.812806
-3423.169001 -2779.844698 -111.450732
-2945.540719 -2451.566778 20.899883
-2460.330071 -2008.520005 -78.267547
-2593.413457 -2227.052910 -50.719698
-3150.820211 -2637.319467 -102.929491
-2595.127401 -2090.515035 22.948170
-2723.505578 -2223.203447 -87.616651
-2292.812197 -1962.689475 -30.192740
-3272.858423 -2726.449241 -112.791453
-2142.372996 -1838.836871 -38.378183
-2682.770780 -2258.907352 -86.504911
-2017.601518 -1699.157852 -64.586161
-2363.510645 -1990.674682 -79.300041
-2544.582959 -2076.904143 -82.453942
-2451.651737 -2066.101649 -85.700857
-2504.492410 -2111.016151 -89.292994
-2622.703149 -2250.709514 -51.779133
-2418.215162 -2038.745099 -76.186905
-3003.491863 -2552.690048 27.388467
-2575.154971 -2080.612801 -46.620986
-3334.148660 -2688.564080 28.619444
-2276.219460 -1895.819641 -76.038399
-3245.547403 -2765.091219 -122.616579
-2401.152726 -1994.194858 -83.795340
-3234.851746 -2628.368056 -28.025438
-3155.558216 -2551.496678 -45.362726
-3226.218002 -2601.196420 27.734760
-3162.306353 -2548.774201 27.878695
-3060.180879 -2569.309596 -124.054813
-2208.978148 -1787.382157 0.546383
-2907.433937 -2494.908446 -56.586621
-3468.105412 -2806.218954 1.481897
-2723.048692 -2291.598454 -87.249535
-2561.608073 -2073.107436 0.968547
-1877.918695 -1572.424017 -62.310613
-2113.743726 -1728.872787 -37.158648
-2644.621685 -2163.960842 -46.384823
-2834.908756 -2348.377400 -126.084074
-2484.799074 -2143.481765 19.179236
-2641.940393 -2245.104313 -7.875184
-2361.835520 -1967.990690 -74.409663
-2373.950893 -1991.644105 -75.119491
-3212.282019 -2585.127816 -62.329738
-2730.253894 -2349.083989 20.733627
-2731.457341 -2349.628172 16.356436
-2976.729599 -2428.763922 -25.885130
-2439.517392 -2041.454865 -83.720417
-3518.620836 -2869.874765 -30.803821
-2574.691304 -2145.616914 -84.627513
-2916.013562 -2477.947526 -9.135006
-2468.732024 -2120.041912 18.681771
-2761.839512 -2266.045444 -90.205726
-2038.504418 -1750.895273 -82.195703
-3146.191914 -2654.693343 -99.054635
-3152.954184 -2571.008073 -33.451030
-2334.391641 -2030.583422 -39.075366
-2441.163731 -2060.445708 -80.422105
-2976.927874 -2512.701959 -97.174975
-3420.435745 -2933.441376 -57.360465
-2486.982576 -2141.759806 17.225615
-3034.217208 -2617.150946 22.895397
-2831.718432 -2296.664114 6.798029
-2248.700149 -1787.356453 -63.266814
-3180.317226 -2740.865676 22.302607
-2200.073145 -1887.613067 -31.640215
-2702.413392 -2279.150661 -95.763166
-2980.841082 -2513.496849 -139.848385
-2833.983675 -2384.195706 26.918141
-3401.080469 -2784.731740 -58.209685
-2282.436312 -1920.118576 21.211088
-3343.385599 -2753.073587 -113.701678
-3151.502274 -2669.254753 27.939763
-3187.619347 -2687.913120 -148.684724
-3344.625464 -2754.033125 -113.740440
-2464.241547 -2078.865034 -80.528937
-3278.584841 -2607.709102 -88.157566
-2358.059816 -2031.076588 16.906320
-3324.656303 -2864.804224 23.761116
-2918.598507 -2383.043064 -106.674100
-2413.389034 -2028.232589 -82.873692
-2666.708634 -2164.418536 -24.459693
-3158.484492 -2648.324597 -147.433512
-2821.617310 -2283.850345 -24.432348
-2255.518857 -1825.429234 -19.538415
-2535.542803 -2058.190308 -23.678147
-2854.819865 -2393.331863 -98.207674
-2097.704974 -1703.161375 -18.532394
-3212.020123 -2611.742007 -59.760230
-2004.592336 -1690.498845 -8.107411
-3235.158897 -2707.311630 -146.312710
-2628.705268 -2216.718033 -7.787172
-2622.778446 -2211.335104 -9.585048
-3037.458514 -2632.158317 -45.473623
-3311.703908 -2709.378471 -103.197213
-2497.624687 -2043.285487 -80.366078
-2307.099648 -1934.619317 -104.681304
-2792.007561 -2336.439436 -120.395009
-2353.479389 -1904.670162 -23.722760
-2951.167593 -2411.773922 -40.094245
-2506.977709 -2052.071545 -78.791679
-2435.808468 -2042.109816 -113.954846
-2379.479018 -1991.855932 -103.552317
-2782.533184 -2349.964531 24.883500
-2457.947027 -2061.980446 -77.879566
-2246.389994 -1922.680810 -93.267160
-3240.676250 -2719.151165 -110.950961
-2145.953882 -1798.274463 -96.666628
-2393.433344 -1940.318351 -30.558976
-2333.462315 -1891.696480 -30.334552
-2335.204934 -1893.092379 -30.298848
-2435.138688 -2040.272432 -107.821155
-2249.757300 -1889.962470 -77.582698
-2774.388356 -2324.916091 -129.635440
-2468.816065 -2021.618342 -80.910246
-2644.872156 -2232.616309 29.641102
-2146.839769 -1838.009172 -89.511303
-3100.259677 -2595.942133 -133.456468
-3073.896403 -2576.114890 -136.716309
-2435.788722 -2041.574776 -114.072682
-2925.694712 -2380.429294 -54.934928
-2589.633393 -2230.439283 -51.791982
-2687.927723 -2329.923940 -52.835806
-3367.513564 -2817.815809 -146.182005
-2483.028198 -1984.491936 -6.930467
-2493.146519 -2144.814402 -43.355744
-2842.590137 -2444.758628 -54.222950
-2200.333406 -1863.686923 -10.076718
-2380.829923 -1944.770711 -20.233082
-2928.947274 -2531.957287 -35.346627
-2972.057440 -2495.368714 -129.976945
-2495.141593 -2145.005863 -46.941761
-2094.900134 -1701.620941 -19.153634
-2968.801456 -2494.647000 -117.744321
-3252.674212 -2681.846347 -101.824447
-2544.068231 -2100.107851 -27.152494
-2400.992036 -2011.123026 -84.877434
-2664.867730 -2199.680786 -28.016279
-2392.813230 -2004.052851 -77.857141
-3065.167591 -2575.475905 -105.551303
-2502.878317 -2044.020650 -80.000654
-3235.335136 -2642.190479 -103.712642
-3120.020332 -2547.862994 -100.773203
-2517.006816 -2055.202862 -89.544617
-2780.295796 -2337.012071 -123.246115
-2166.667608 -1854.346452 -89.810230
-2839.588771 -2388.041922 -112.694844
-3032.342956 -2453.790630 -29.329767
-2792.397110 -2334.590777 -122.450934
-2990.438986 -2548.893995 -112.113383
-2615.450872 -2191.463412 -94.475705
-3499.156350 -3010.862711 -61.526975
-2379.881945 -1944.646062 -21.560039
-3270.458361 -2743.587934 -141.230605
-2255.598531 -1892.629999 -97.331211
-2380.915839 -1983.286114 -74.393342
-2138.740301 -1799.234006 -85.334474
-2463.518970 -1993.133136 -23.588054
-3126.079387 -2639.389852 -104.537002
-3198.624881 -2744.229530 -63.051565
-2374.124435 -1985.508584 29.379318
-2846.265854 -2426.848053 20.957059
-2672.130729 -2217.939224 -87.313254
-2576.707263 -2197.749556 -44.343225
-2828.805506 -2255.653812 -83.064405
-2192.025031 -1832.622531 31.123020
-2408.240530 -1932.244533 -29.578339
-2838.197667 -2320.772779 4.702147
-2955.460175 -2438.890429 -55.406081
-3237.742012 -2700.259085 -115.462680
-3207.694834 -2734.753022 19.747455
-3297.828070 -2765.056400 42.010741
-2473.828786 -2142.739689 -89.002463
-2271.093463 -1809.875951 -26.900933
-2498.531082 -2056.867003 -85.738640
-2977.095880 -2496.415810 40.499101
-3404.113340 -2809.152342 -63.399654
-2488.571361 -2047.965119 -87.233482
-2482.216521 -2142.406785 -96.530617
-2334.167113 -1946.199827 -84.494237
-3379.881163 -2790.014396 -63.168903
-3007.274087 -2511.972864 36.028358
-2392.161754 -1998.348746 31.232088
-3145.252839 -2622.656304 -103.281218
-2812.108731 -2299.782559 4.065602
-3209.647991 -2738.313157 20.936136
-2662.115985 -2296.905665 -100.689242
-2937.017124 -2414.861541 -53.256662
-2941.616627 -2508.968638 19.336111
-2812.005174 -2351.193107 -97.805486
-2384.520911 -1983.281806 -13.228121
-2072.100042 -1764.943288 12.670146
-2801.089931 -2391.207275 19.164178
-2841.893835 -2422.778922 19.333284
-2687.642507 -2285.731082 -106.897380
-3165.328589 -2584.920682 7.245688
-2954.222645 -2369.090547 -28.214450
-2236.979295 -1896.164258 -72.899193
-2509.879708 -2121.607531 -38.379747
-2266.768515 -1932.089533 15.745114
-3257.737775 -2794.125896 -111.263644
-2818.575021 -2353.112009 -96.014459
-2601.438788 -2205.418631 22.529298
-2491.485918 -2146.387401 -97.928802
-2277.619417 -1932.488977 -77.108928
-3343.797269 -2854.513976 -123.069741
-2335.651749 -1983.058947 -78.063960
-2856.863283 -2454.837173 -14.474925
-3095.888608 -2638.475952 19.318677
-2083.476244 -1789.906685 -74.311357
-3239.762473 -2635.665754 -105.188855
-3494.264682 -2929.264952 45.855740
-3009.075307 -2481.246953 -51.309488
-2264.309505 -1914.374394 -34.061118
-3280.169892 -2780.472550 28.730911
-3494.368847 -2922.799017 34.585840
-3324.802867 -2735.604928 -47.350971
-2141.050705 -1849.736422 -79.703273
-2509.120619 -2167.040599 -86.126853
-2485.574412 -2108.159190 22.058111
-2270.065263 -1855.751049 -1.393001
-2442.357509 -1987.017144 -80.023135
-2990.509139 -2506.693460 -127.413482
-3497.920809 -2930.898253 47.891161
-2914.728227 -2441.941056 39.655039
-3257.388368 -2718.029923 -107.825340
-2469.542132 -1968.327057 -28.982537
-1853.137121 -1522.072194 -27.250060
-2629.326579 -2192.284277 -114.878196
-2393.086706 -1989.663599 -87.961323
-2618.202331 -2191.823134 -104.531092
-2711.441071 -2249.671837 -120.803030
-2466.376573 -2113.908702 18.848932
-2485.550625 -2129.341475 -36.456143
-2759.571027 -2302.100115 -99.192863
-2384.868257 -1989.629793 -103.830337
-3223.764591 -2743.966915 17.363947
-2380.692953 -2057.554330 -89.486715
-3090.533005 -2538.832303 -45.138459
-2712.155226 -2263.029581 -117.899472
-2411.470741 -2017.047912 -79.992495
-2882.348970 -2317.394362 -27.155919
-2531.283279 -2025.943078 -29.909876
-3433.426104 -2861.383489 -124.340406
-2050.549371 -1757.506597 -41.138837
-2413.497421 -2114.629569 -47.902776
-2701.430739 -2250.531458 -116.715940
-3013.997095 -2511.045322 -129.872066
-2421.078064 -1992.646977 -84.394106
-2761.215040 -2266.608476 -39.308259
-2412.530102 -2018.354382 -79.631072
-2510.810430 -2108.393562 30.635558
-2541.984212 -2165.989492 -18.105623
-2288.828990 -1906.914915 -108.003559
-3274.668737 -2728.577335 -141.138534
-2753.925006 -2294.704810 -117.827882
-2622.480487 -2193.964577 -86.614156
-2370.145692 -1940.049992 -4.570386
-2426.042098 -1975.186162 -76.045099
-3206.468875 -2659.712160 -104.284636
-2878.115858 -2399.005047 -103.308539
-2615.501100 -2180.493790 -81.845153
-3314.898471 -2698.474811 -104.294282
-2556.660651 -2120.764428 -93.934965
-2889.877778 -2311.542065 -25.818407
-3317.112536 -2765.543929 -104.024027
-3432.873229 -2870.772043 -114.245193
-3177.684078 -2649.397290 -102.977755
-3119.867824 -2568.180751 -106.905999
-2239.135225 -1880.980354 28.187628
-3184.033739 -2719.481880 21.814981
-3064.442713 -2573.523966 45.578177
-3203.795354 -2757.005213 -127.303656
-2431.506129 -2028.224751 -79.894928
-2502.846724 -2099.927330 34.483898
-2694.536073 -2280.322996 -88.409520
-2531.486592 -2112.796372 -118.110603
-2318.433058 -2019.209593 -43.164349
-2557.007736 -2120.811574 -94.053980
-3531.609689 -2947.744537 -164.495117
-2388.101876 -1962.385532 -43.747710
-2081.170961 -1710.295390 -37.241236
-2374.267613 -2050.550146 -90.816742
-2211.825792 -1848.239983 -102.404349
-2885.410194 -2368.890976 -24.481704
-2404.409213 -2003.901186 -75.651450
-2702.545379 -2154.789448 -31.951199
-3353.434768 -2847.059224 -74.954072
-3411.998960 -2794.099934 -75.578560
-3374.077597 -2865.811602 -67.175974
-3443.455254 -2924.300149 -100.181267
-2355.323411 -2000.056941 -71.106944
-3582.231559 -2948.032185 -120.817261
-2904.509942 -2402.394978 -115.051639
-2159.890093 -1831.891861 -63.403450
-2959.245626 -2508.560675 -86.938652
-2133.162041 -1734.132498 18.050913
-2716.779347 -2303.440628 -69.527567
-2451.169265 -2058.999878 29.687653
-2492.703693 -2104.761513 23.057334
-2925.880373 -2478.948396 -86.116449
-3134.912883 -2655.861445 -92.222689
-2757.034099 -2269.758153 -91.522127
-3033.074420 -2559.524065 27.731571
-2076.732518 -1729.661070 -60.045514
-2198.370573 -1791.801974 -86.952765
-2995.331763 -2421.703728 13.749154
-2257.716387 -1900.727203 -75.776461
-3367.183578 -2803.032773 -98.252140
-2489.963759 -2131.886629 -33.269935
-2698.281488 -2208.635961 -41.589346
-2584.802531 -2093.433500 10.477969
-2379.732060 -1947.810618 -36.923659
-2621.200167 -2178.662018 38.081130
-2951.777739 -2456.484343 -66.203704
-2653.561905 -2203.024059 -110.171345
-2585.188312 -2213.327256 -33.981448
-2903.907048 -2418.525919 -83.000499
-2169.616563 -1846.514671 -49.695839
-3252.188958 -2768.271014 -74.998403
-3524.349015 -3033.038432 -20.516188
-3431.281716 -2896.421995 -2.420671
-2399.730859 -2045.180523 -61.715456
-2712.850473 -2312.716390 -64.377093
-2731.621697 -2324.363197 -50.277619
-3482.155784 -2968.737753 -83.986659
-3030.839840 -2584.296506 -76.891835
-2264.949902 -1911.720071 -39.288824
-3460.296748 -2835.291576 -57.613209
-2440.437293 -2008.931439 -81.031738
-2706.989146 -2254.465732 -77.252028
-2382.669667 -2027.792556 -43.543874
-3043.652551 -2626.697328 -116.813008
-2231.552928 -1865.306696 26.648100
-2397.529665 -1991.055860 -99.538851
-2634.581536 -2258.381107 -111.038204
-3201.507073 -2698.838343 -44.562341
-3467.318138 -2853.122129 -58.465776
-2509.032418 -2133.801385 -45.089872
-3040.511569 -2585.171065 -56.571935
-2563.750792 -2128.294020 -65.926159
-2553.236718 -2101.981580 -47.393598
-2335.054118 -1982.987386 -52.165666
-3575.798939 -2970.890406 -109.408346
-2746.470487 -2280.850806 -114.361934
-2321.311670 -1940.384707 27.357763
-3390.099260 -2876.639688 -4.496533
-2845.271880 -2366.821784 -62.010641
-3286.878108 -2756.415027 -8.073946
-2069.815035 -1779.446874 -48.057148
-2462.119057 -2047.857337 -54.946141
-3287.255739 -2755.512763 -9.248018
-2618.026869 -2179.744257 -84.389087
-2626.675856 -2159.699837 32.159951
-2816.366451 -2392.686852 -61.638932
-2817.610525 -2393.497804 -61.753696
-2820.506539 -2320.967156 34.361997
-3321.096566 -2739.803262 -124.614247
-3238.696147 -2681.661203 37.609304
-3427.178067 -2875.174675 -139.751237
-2806.825281 -2391.580740 15.568922
-2149.706881 -1739.810899 -62.108833
-3067.383882 -2603.692195 -119.763896
-2504.152139 -2046.081901 -80.026062
-3214.225396 -2601.002859 -88.750596
-2710.650732 -2193.425517 -75.409071
-3356.434135 -2797.982228 41.209877
-2391.380282 -1997.666198 -83.931925
-2339.105484 -1950.257030 32.342284
-2270.193560 -1906.491992 32.750892
-2533.900788 -2149.262519 -49.565812
-2271.018540 -1907.094241 32.905215
-2379.410852 -1890.150536 -55.421906
-2363.074366 -1955.230246 -7.053785
-2997.131649 -2450.064868 -95.132439
-2515.178170 -2019.393383 -55.108705
-2326.668350 -1937.452158 28.777551
-3277.330458 -2640.241862 -71.716514
-2334.382540 -1880.443715 -51.477039
-3184.252074 -2543.302508 -15.840739
-2474.583170 -2149.918962 -69.925759
-2497.028804 -2012.509979 -55.806958
-3527.790111 -2938.034491 44.698005
-3528.926681 -2939.093983 44.799390
-2511.100433 -2122.696398 -38.358422
-2905.231731 -2409.445122 22.788129
-2194.643050 -1827.734006 26.610305
-3577.114488 -2856.916431 -18.502037
-2475.946149 -2151.157660 -69.945926
-2821.986126 -2424.434387 -54.623165
-3277.662459 -2846.455841 -75.485463
-2344.488179 -1940.495300 10.841645
-2577.639592 -2089.971828 4.266300
-2555.946692 -2142.915783 -70.043247
-3082.655412 -2486.772726 -51.397839
-2907.517250 -2460.255590 18.683758
-3429.075648 -2735.075777 -93.554365
-2634.203639 -2201.561991 -92.651053
-2570.616467 -2050.201186 -69.675064
-2699.049902 -2266.995653 38.896906
-3045.219647 -2552.185922 -55.247687
-3094.819427 -2565.431174 35.859692
-2633.650230 -2104.008748 -51.682546
-2967.406005 -2428.019239 0.270291
-2427.934067 -2067.112396 12.991765
-3456.990066 -2901.529220 56.276306
-1989.789344 -1596.462295 -1.815504
-2606.366961 -2091.178225 -2.457375
-2662.012162 -2235.823851 39.353821
-2740.722032 -2311.557396 -50.183124
-3412.468425 -2718.405540 -56.080447
-2516.366156 -2124.795151 -43.486825
-3100.396452 -2605.183087 -91.528138
-2363.564305 -2004.267240 -68.835254
-3411.492490 -2794.098658 17.175782
-2303.981875 -1870.757829 -74.454956
-2630.743176 -2109.889794 -2.888040
-3393.132679 -2966.085460 -74.200066
-2454.143874 -2046.748440 30.428069
-2858.017811 -2417.356750 -47.443538
-3236.365455 -2714.640801 -131.601289
-2334.437724 -1865.742975 -50.704671
-2353.178023 -1977.875900 10.116711
-2164.037372 -1784.988034 -66.990111
-3060.727899 -2537.019231 35.584229
-3016.859234 -2484.122073 -18.436526
-3390.229570 -2691.405821 -74.865742
-2487.587719 -2014.798664 -56.997391
-2457.107546 -2023.032536 -19.755335
-3162.054555 -2632.139066 14.318629
-2927.655175 -2414.444149 10.927168
-3063.518606 -2566.185439 -54.864877
-3234.057813 -2713.047424 -131.810238
-2148.325439 -1823.236350 -36.700031
-3294.595843 -2679.255084 -108.166383
-2646.727104 -2144.261139 -60.875647
-3387.431224 -2832.088594 56.067237
-2702.667530 -2269.875287 39.260318
-2400.575914 -1990.042677 -15.657313
-2790.472272 -2332.858999 38.554633
-3361.015725 -2838.448125 -149.147399
-3232.986804 -2608.769766 -13.503189
-2826.062932 -2267.344881 -9.092074
-2553.415148 -2081.610005 30.328407
-2046.296773 -1782.691049 -49.033747
-2877.169779 -2295.079961 -15.998359
-3006.932786 -2412.665255 -9.536267
-3150.066361 -2661.274876 -140.105170
-2597.365304 -2163.222747 53.020861
-3084.925964 -2472.898104 -75.208679
-2483.715755 -2065.525336 14.290791
-2142.036027 -1826.775490 25.590739
-3333.543371 -2671.596698 -81.849236
-3392.127690 -2944.440918 -86.652259
-2988.599609 -2395.652335 -73.569637
-2737.653811 -2276.630676 15.489878
-3034.747016 -2433.855113 -9.852639
-2271.770485 -1869.943440 -18.826803
-2915.253593 -2480.177660 34.173618
-3324.974360 -2714.349176 -102.839435
-2418.123395 -2093.854933 -9.551408
-3036.167932 -2575.147237 28.577117
-2937.141212 -2356.061057 -7.812726
-2839.328688 -2491.102152 -49.705433
-3213.899412 -2611.684983 -55.426821
-1748.369626 -1488.215824 20.296114
-3388.254620 -2940.944454 -86.566268
-2669.000341 -2182.925322 2.467423
-2427.262250 -2039.629331 -84.569636
-2820.756914 -2333.257968 -14.767077
-2935.389310 -2551.893059 -6.826176
-2335.515913 -1966.534762 -55.317841
-2292.508579 -1871.324467 -70.632770
-2730.983181 -2331.460910 2.578822
-3253.131107 -2598.936533 -40.540074
-2988.630295 -2452.467335 23.797783
-2307.916096 -1893.996629 18.305709
-2337.196613 -1967.945718 -55.439049
-2373.808615 -1940.236086 2.520271
-3068.176379 -2500.471838 36.532601
-2597.144694 -2217.504388 2.181838
-2376.408377 -1941.897540 1.659447
-2309.826676 -1921.361796 -14.419046
-3110.151037 -2550.017708 -4.969749
-2377.178947 -1943.936717 1.387425
-2359.478369 -1894.893415 -28.418411
-2457.956144 -2078.513841 -60.389988
-2216.407739 -1812.276563 -1.490649
-2446.255440 -1980.309569 -88.281902
-2816.309710 -2245.363038 -33.628271
-2451.339603 -2148.521156 -49.451996
-2554.320555 -2173.391016 20.077597
-3034.942919 -2642.797886 -41.055662
-2359.398222 -1887.966473 -28.358015
-2398.001191 -1965.397809 -94.445227
-2029.747287 -1767.871419 -27.427004
-3535.233857 -2824.654410 -61.415569
-3282.563606 -2870.885584 -76.853599
-2948.646210 -2509.151057 21.174381
-2433.059106 -2040.261363 -95.527496
-2959.605277 -2479.260707 -76.961487
-2375.432069 -1882.620285 -55.653417
-3253.039018 -2673.754473 -61.003804
-3251.510235 -2674.548356 2.057059
-2233.400710 -1896.927980 -75.163162
-2490.650965 -2179.164991 -63.405836
-3312.470697 -2898.959810 -85.711235
-3096.403228 -2510.806012 29.447123
-3363.554554 -2832.526757 -78.977788
-2869.019380 -2450.718398 -92.078196
-2735.744999 -2367.836658 -87.154127
-3182.577197 -2718.684085 -102.795437
-2199.648162 -1872.427209 1.485505
-2243.951380 -1881.155891 -85.597732
-3175.235646 -2654.720683 -108.412488
-3465.763990 -2949.958608 2.419050
-3061.910459 -2453.551420 -87.451036
-2718.085543 -2285.874167 -68.908353
-3272.575823 -2751.406706 -81.995895
-2968.226926 -2487.955603 -115.408401
-3256.493228 -2782.076658 -105.064768
-3322.806446 -2785.157470 -128.677732
-2342.553594 -1963.344797 -89.268963
-2619.810330 -2228.876718 -5.342161
-2654.858944 -2182.021297 3.613369
-3432.316295 -2821.052144 3.777753
-3121.495185 -2665.599364 -100.648081
-2630.686653 -2168.173895 -48.559045
-3388.018533 -2713.383884 -33.298006
-2211.606458 -1756.791642 -52.265562
-2235.511452 -1898.104033 -75.326894
-2949.947287 -2348.392525 -36.429665
-2400.972125 -1907.451006 -50.951689
-3286.938072 -2611.339711 -69.405399
-2220.964287 -1887.020903 -66.554207
-2847.950373 -2266.305516 -34.306857
-3317.419646 -2903.967487 -85.532895
-3430.824100 -2910.186072 7.351294
-3095.425918 -2510.659507 29.300248
-2787.286320 -2227.913195 -49.788473
-2893.492409 -2378.405699 3.474661
-3027.091431 -2569.987688 -102.382116
-2786.659980 -2286.199784 -4.671244
-2409.086321 -1927.296313 -15.440386
-3153.764748 -2562.417689 -38.900209
-3161.507587 -2549.410210 27.113007
-2668.195111 -2243.511193 -119.347901
-3274.790404 -2754.044253 -146.363092
-2335.783529 -1898.399161 -28.922095
-2668.975552 -2159.611992 -8.925641
-2439.757910 -2043.269460 -82.726353
-2465.634743 -2113.394981 -29.704990
-2368.035067 -1907.773882 19.959421
-2068.540529 -1731.717208 -70.389141
-3120.305562 -2532.875742 -81.999451
-3148.855371 -2546.606658 -23.000738
-2238.864064 -1802.004945 19.557296
-2558.288704 -2127.690625 -79.043494
-2281.997806 -1898.217846 -70.262693
-3333.750293 -2683.076594 28.926295
-2227.492096 -1800.920249 -16.251583
-3164.559039 -2632.618917 -97.988755
-2561.067899 -2099.061927 -32.100706
-2473.285633 -2072.007786 -83.672446
-2617.385664 -2128.499611 10.770975
-2278.014510 -1961.086636 -46.399676
-2740.570401 -2296.278277 -95.046557
-3366.013823 -2781.333753 41.342450
-2728.584983 -2220.223660 -63.974229
-2837.206192 -2319.680639 17.949256
-3479.175410 -2830.515871 -81.962101
-2400.451361 -1924.050293 -6.130495
-2057.274246 -1710.568471 -83.513446
-2955.145985 -2400.653561 -23.909934
-3230.749566 -2670.219811 40.078073
-2392.003609 -1988.621846 -97.264240
-3538.533675 -2878.713040 -83.495785
-3038.885701 -2456.001695 -22.020831
-2118.428904 -1759.295860 4.586517
-2739.662179 -2372.261065 -11.967050
-3065.863074 -2467.176065 -102.367283
-2831.468842 -2350.102050 5.933651
-2725.506783 -2277.526580 -7.241321
-3160.820835 -2559.573489 -77.527388
-3395.089340 -2708.224537 -5.062058
-2664.404122 -2159.391597 -1.511010
-2630.357295 -2103.354128 -17.580232
-2978.808365 -2388.749552 -8.738376
-3571.999945 -2885.009512 24.545346
-3277.802102 -2715.081918 -60.278387
-2632.011424 -2188.801982 14.038171
-2183.501716 -1894.732624 -26.240750
-3425.558537 -2754.699363 -33.651582
-2198.187911 -1761.784785 -53.409061
-2850.386188 -2478.808728 -48.140023
-2611.518502 -2096.456679 -8.595082
-2409.565181 -1930.600164 -57.730350
-3332.299972 -2894.044552 -86.046028
-3040.987176 -2452.958538 -19.443374
-3273.267366 -2852.620083 -76.935286
-2309.286427 -1995.919595 -88.198230
-3354.241462 -2797.510284 35.215828
-3531.000745 -2938.053878 -109.721228
-3220.180878 -2720.260165 -144.087797
-3087.815943 -2473.822396 -75.140480
-2230.231614 -1799.568642 -14.175897
-2205.387406 -1911.974068 -25.944967
-2994.393859 -2571.453597 21.310729
-2942.853563 -2553.223445 -36.373485
-3333.851707 -2743.020032 -96.151272
-2517.360196 -2025.783441 3.063718
-2779.807826 -2325.397249 45.639501
-3349.652509 -2832.838185 -67.248270
-2503.840833 -2124.805043 -41.368722
-2456.177557 -2076.615896 -68.831753
-2329.375952 -1874.644717 3.638244
-3283.503892 -2691.085196 -81.659760
-2197.357629 -1869.001146 15.791473
-2794.082473 -2234.407137 -61.586603
-3506.628178 -2981.830813 25.028941
-3371.905575 -2866.676464 23.608087
-3284.571427 -2667.800355 -9.837574
-2430.955969 -1991.380220 -60.950956
-2366.800803 -1895.559680 4.618073
-3067.914577 -2603.079441 -66.850083
-3493.021526 -2926.094396 -90.342564
-2800.680613 -2381.251533 -63.704317
-3070.261714 -2601.518236 -65.743252
-2962.824024 -2518.164214 20.507735
-2745.013828 -2229.367581 -58.620697
-2311.287152 -1876.257762 -49.031056
-2007.370238 -1699.117436 -35.993215
-3352.714708 -2812.240115 -155.704458
-3226.321601 -2597.490019 5.790483
-3262.949160 -2835.262516 -91.835397
-3430.361777 -2914.686683 -77.787032
-3254.757583 -2738.568025 4.366685
-2337.999603 -1880.287832 21.657014
-3219.979013 -2678.762415 -100.590265
-2710.388304 -2211.681716 -116.969309
-2986.367717 -2402.082822 26.096158
-2949.325299 -2445.920323 23.764413
-3074.643850 -2599.342932 -86.287077
-2530.136206 -2104.347751 13.378589
-2353.890866 -1905.987797 24.523827
-2388.666264 -2052.892703 -47.312226
-3237.155285 -2782.696967 -62.802984
-2671.554892 -2213.423625 24.041453
-2752.862107 -2210.094476 -32.857646
-2108.945746 -1673.791224 -36.429326
-3199.517293 -2719.632677 -69.476493
-3481.687913 -2772.922680 2.492196
-2141.368916 -1720.651060 21.568028
-2943.145703 -2342.756925 3.435973
-2039.406565 -1778.475489 -1.669300
-2080.489907 -1772.806987 9.705258
-3189.414012 -2717.700465 15.032010
-2101.373977 -1698.270674 28.558295
-2344.646555 -2016.072839 -9.472018
-2790.760496 -2379.274454 -64.902320
-2669.924720 -2186.987306 32.417955
-2726.095548 -2334.351259 -51.197772
-2883.046402 -2397.525298 -56.298579
-2465.407987 -2005.640382 -21.313155
-3116.192731 -2663.955479 36.759787
-2484.700343 -2081.196348 47.522270
-3490.500754 -3044.444798 -58.958035
-2970.157721 -2552.786471 -13.528270
-2495.969276 -2085.414549 36.536430
-2466.868588 -2019.894644 -0.728709
-3370.744727 -2708.665702 32.981885
-2335.295459 -1968.397649 -94.140370
-2500.161649 -2166.743126 -66.386527
-3478.759768 -2878.339002 -0.408866
-3270.721147 -2752.550853 -78.418811
-3307.759306 -2774.726926 58.483743
-2472.701071 -2116.687508 13.127397
-2312.182447 -1897.795353 7.251617
-2499.248054 -2166.069591 -66.247267
-3329.548052 -2789.655720 63.755615
-3051.594278 -2575.718838 24.409497
-2536.305297 -2137.719285 1.215403
-2921.956140 -2468.436678 15.494597
-2340.608812 -1971.091591 -105.419865
-3543.230298 -2954.229957 -119.034681
-2484.323295 -1988.005097 -4.554328
-2562.417143 -2108.587637 -55.462245
-2178.154991 -1748.881663 -42.725708
-2783.339651 -2226.087413 -4.384209
-3080.864940 -2569.533638 -102.875515
-3151.034318 -2529.648538 -61.398411
-3123.588423 -2688.654504 37.142173
-2311.845442 -1977.852064 12.374413
-3332.395539 -2678.047045 31.075891
-3270.008876 -2702.420684 23.942323
-2557.800488 -2206.553921 -33.927696
-2384.393468 -1974.521444 43.323428
-2336.473919 -1930.726857 16.672323
-3441.945835 -2765.987331 32.079699
-2587.131157 -2118.130299 -73.715917
-3010.101352 -2447.327058 12.856282
-2449.942507 -2049.797309 -84.025805
-3445.175084 -2814.433339 -62.373420
-2492.216883 -2038.028726 -23.100366
-2940.255395 -2461.224064 23.367605
-2556.687171 -2039.761320 -10.347807
-2361.650405 -2023.264998 12.716933
-2979.120096 -2377.382948 -11.971436
-3272.026836 -2824.401975 -15.909560
-2437.127549 -1991.561254 -23.447211
-2771.148623 -2226.325548 -65.344267
-2341.058489 -2032.624380 -27.720502
-2563.062082 -2101.796176 -13.771952
-2144.515438 -1840.231823 -19.360080
-2327.369725 -1986.382508 -61.461412
-3053.721763 -2545.923502 19.441553
-3462.721433 -2911.597562 -119.429009
-2041.027506 -1776.234639 -43.991802
-2437.983991 -1969.335203 -32.937285
-2108.212377 -1723.641143 -36.968896
-2700.237547 -2271.084999 -93.792573
-2517.341938 -2037.083573 -35.246329
-3400.421550 -2751.909395 -17.638153
-2327.336229 -2013.048130 -4.836183
-2334.907881 -1917.752186 -14.751147
-2796.443468 -2331.473574 17.579168
-2235.298197 -1912.424289 12.194933
-3493.237340 -2939.995555 -139.540325
-2651.102309 -2166.963416 -47.114707
-3539.606096 -2957.280746 -107.488986
-3290.628980 -2637.165389 -21.834009
-2173.340615 -1816.172066 16.035664
-2860.114657 -2338.243412 -50.394615
-2804.558833 -2349.097016 -120.457441
-2593.317998 -2123.003274 -13.129965
-3090.183544 -2510.508770 -65.310157
-2586.079031 -2149.755000 -0.759403
-3553.620767 -2941.531803 -0.919168
-2599.193356 -2138.847550 19.269669
-2313.092008 -1924.767965 -86.815555
-2897.662672 -2506.239325 -29.869946
-3002.263831 -2415.010076 2.791751
-2427.997644 -1953.226985 2.178818
-2812.414468 -2321.351625 -24.123735
-2472.551926 -1989.722201 2.305296
-2652.992469 -2172.125554 -74.709260
-3491.287348 -2879.552609 26.032305
-2517.187269 -2034.166817 -99.779863
-3129.513745 -2529.230836 -124.665240
-2808.606176 -2295.485019 -26.224888
-3242.068944 -2620.053128 -74.607978
-2797.617099 -2256.329311 0.359564
-2895.756877 -2503.595795 -29.919044
-2273.489068 -1904.926298 -76.306607
-2517.927600 -2102.926477 6.864865
-3048.443884 -2534.675905 -0.999673
-2545.406196 -2082.908302 -12.470599
-3107.670636 -2542.988179 -14.925942
-2447.013756 -1984.733249 -74.440904
-2742.007245 -2244.814302 -40.306764
-3113.891466 -2524.244132 -36.759702
-2402.912119 -2006.844679 -70.993994
-2988.849923 -2443.944325 -13.353539
-2250.310733 -1871.557366 -86.227551
-2408.766660 -1968.443291 -11.467246
-2248.989054 -1870.477239 -86.323613
-2287.172331 -1903.983329 0.438456
-3332.581331 -2885.276121 -81.282662
-2760.304486 -2296.919012 0.007596
-3299.808056 -2677.999712 -99.070225
-3528.220137 -2881.842327 -15.744639
-2699.246515 -2203.543157 -88.434828
-2731.040294 -2255.799382 -77.857205
-3159.247437 -2645.097969 25.019815
-3290.005237 -2772.962526 4.634106
-2216.485608 -1830.058728 32.326965
-3090.252163 -2543.593809 -45.039184
-2713.501223 -2233.288613 -39.992953
-2801.866537 -2445.486174 -48.077797
-2280.005653 -1940.088282 -59.986219
-2664.296935 -2192.162505 -38.472113
-2046.307397 -1785.700213 -34.631991
-3307.103145 -2701.445560 6.379906
-2255.142793 -1918.353431 -25.585948
-2697.582025 -2293.171105 -101.365949
-2380.969941 -2076.849903 -34.471594
-3329.453706 -2763.713838 -106.935233
-3320.069829 -2783.551001 19.045683
-2168.557720 -1838.134733 -2.106394
-3409.709965 -2888.575668 -6.135830
-2383.635389 -1986.603212 -79.466848
-2094.520015 -1774.223229 -4.163928
-3303.281709 -2796.172738 -124.508049
-3343.554667 -2788.249833 -110.743654
-2450.244492 -2012.277395 -34.931306
-3434.282222 -2760.610143 -12.900643
-2677.659696 -2337.486299 -66.985394
-2326.965875 -1870.862628 -8.760675
-2374.916771 -2078.660487 -41.287818
-2123.701698 -1813.514994 -35.693193
-1976.622525 -1683.179581 -72.492241
-2391.707332 -2036.840130 -88.283244
-3061.042119 -2544.365170 32.371173
-2712.585155 -2202.149203 -90.039200
-3051.385925 -2431.431214 -39.688182
-3467.902517 -2876.295925 56.710859
-2205.884657 -1768.813008 -38.599449
-2548.319940 -2115.168945 -81.674361
-2369.743209 -1922.403775 -85.987161
-2613.176441 -2214.737731 18.435221
-2083.898448 -1715.844092 -30.024068
-2901.136147 -2402.395250 -116.447850
-2107.881619 -1727.573916 3.208565
-2080.497503 -1732.273579 -94.287885
-2159.886965 -1838.309690 -66.030362
-2333.068656 -1942.141689 -106.457554
-2702.236498 -2218.127123 -38.621210
-2771.977263 -2224.476060 -21.564827
-2765.795856 -2267.374318 -40.879777
-2226.288764 -1876.762644 -87.614642
-2295.363132 -1912.705722 -77.119024
-3475.391700 -2985.050561 -139.772187
-2229.598856 -1879.340832 -87.800388
-3287.870179 -2771.216450 4.555127
-3087.293047 -2528.193684 -44.759693
-2298.010547 -1936.281090 -90.694829
-3344.273675 -2788.955691 -73.829199
-2613.263769 -2179.304862 -57.523411
-2298.075076 -1934.681890 -2.776568
-2481.409945 -2088.964326 -0.943070
-2378.830691 -1921.183395 -76.795081
-3234.589525 -2722.787593 -4.484146
-2558.113123 -2148.034422 14.436146
-3276.501075 -2794.111467 -85.554334
-2705.917930 -2215.352357 -39.489370
-3080.665303 -2568.824898 -68.350918
-2663.450005 -2246.225907 -108.434195
-2075.759764 -1752.075821 -76.571176
-3161.707058 -2594.416087 -46.351993
-3097.462344 -2619.271162 23.635692
-2291.389853 -1900.648646 -104.430472
-2538.199064 -2045.157835 18.599912
-3023.647830 -2507.930272 -138.149227
-3070.835845 -2591.703014 -125.458033
-1857.452115 -1540.323018 -84.288580
-3099.133730 -2620.645882 23.753853
-2289.589955 -1873.978075 -90.462310
-3278.858957 -2724.758917 34.494803
-3103.621855 -2623.860515 20.506032
-2425.673551 -2032.238683 -80.913401
-2925.142749 -2467.236782 -119.613760
-2875.365729 -2462.173201 -41.618430
-2602.360218 -2219.770633 18.889677
-3428.873380 -2893.188143 -140.755276
-2261.234900 -1875.736129 -72.635992
-2761.076712 -2229.710473 -39.283311
-3066.376883 -2593.099486 20.989073
-2416.193586 -2068.806254 -34.705696
-3230.555103 -2643.833819 -0.370859
-3377.168777 -2802.277869 -107.537465
-2517.656873 -2146.359183 12.866037
-2427.305359 -1986.164476 -30.860293
-2729.191640 -2218.768393 -91.460675
-2262.727888 -1905.942356 -39.620154
-3003.193738 -2560.199371 16.282247
-2163.295096 -1875.045798 -59.326414
-2220.670219 -1892.558425 12.556701
-3278.345413 -2730.345398 42.939505
-2936.174489 -2365.340250 -113.165915
-2734.491263 -2230.993295 -71.727671
-2120.776711 -1784.774067 -73.758962
-3214.334807 -2693.252904 -151.115096
-2060.935343 -1781.453003 1.992153
-2947.357790 -2479.462326 5.725827
-3232.640658 -2721.068456 -4.515581
-2193.009700 -1889.339713 -7.881512
-3217.126785 -2632.745656 -126.619060
-2500.569940 -2128.950389 -56.592980
-2295.806212 -1912.227223 -2.495731
-2677.062959 -2171.379070 -30.397310
-3088.475926 -2543.178016 -44.297641
-3420.137202 -2723.796689 -44.573819
-2262.407949 -1908.701938 -38.855330
-3107.716849 -2696.497588 -70.951575
-1975.784509 -1721.858121 -32.525614
-2720.438222 -2255.388304 43.096769
-2442.676029 -1951.846648 -30.042727
-2297.026219 -1880.975708 -1.573282
-2629.264749 -2244.310862 -31.210415
-3558.035435 -2918.454715 41.108938
-3104.283271 -2579.799300 -64.966564
-2448.636137 -2119.117094 -93.180058
-3276.671750 -2626.998113 -77.853051
-2658.016175 -2300.762760 -83.335190
-3346.315980 -2681.797380 -79.768395
-2322.277155 -1924.395403 38.232260
-2340.894827 -1876.274924 -6.691977
-2802.417887 -2321.660701 -1.505357
-2518.041735 -2005.999956 -31.421941
-3533.844175 -2815.496414 -44.118300
-3208.273467 -2637.889504 -92.463444
-3147.452965 -2621.600048 -77.038135
-2881.433760 -2292.673110 -73.979519
-3262.549623 -2620.828577 -40.122079
-2188.624222 -1782.387681 -18.404633
-2392.324057 -1940.255007 -29.150687
-2144.115939 -1849.186941 -36.969754
-2435.001735 -1974.637468 -30.201923
-3139.313068 -2668.588450 -93.577507
-3271.945670 -2773.157715 -30.718437
-2503.967098 -2074.845582 40.974735
-2980.143980 -2440.405500 -2.114970
-2362.988600 -1915.574872 -28.692164
-3132.081880 -2563.746822 -2.133986
-2914.312308 -2398.890342 -63.932011
-2584.572701 -2199.188095 -27.014891
-2182.689720 -1894.072931 -26.444548
-2156.283950 -1849.201786 -55.725332
-3217.395061 -2620.420111 39.850042
-2199.259483 -1861.220978 -61.822458
-2540.015504 -2180.140181 24.163054
-2360.410332 -2025.325784 22.216053
-2640.952895 -2151.277296 20.590866
-3499.601886 -2819.548517 -119.601276
-2442.227802 -1989.015305 17.973278
-2094.643738 -1680.441900 -36.990542
-2777.629123 -2396.442051 -49.570115
-2279.403534 -1950.707588 -33.340014
-2406.549713 -1987.653846 -75.215151
-2626.025250 -2196.247674 27.969395
-2473.719471 -2035.675718 -68.015148
-3027.824722 -2573.103767 -58.404322
-2746.299904 -2282.849498 49.613739
-3365.139107 -2859.848555 -64.851975
-2790.054065 -2371.549011 -53.688204
-2618.181670 -2175.498974 46.800068
-2668.964219 -2217.739999 47.653090
-3350.115034 -2806.193203 40.011987
-3463.424148 -2867.758267 -57.913582
-2781.085885 -2312.330409 49.683999
-3293.687777 -2661.723106 40.268098
-2305.239119 -1863.056755 27.508154
-3424.111958 -2907.645650 14.951914
-2958.481949 -2578.833874 11.301686
-3180.273123 -2703.398989 12.384534
-3180.272431 -2703.491779 12.809363
-2527.305459 -2004.104187 -54.348380
-2675.248075 -2183.595234 -63.452548
-2154.245764 -1758.588163 -51.038134
-2574.020351 -2101.324358 -60.053492
-2496.616753 -2037.392608 -59.093242
-3499.836074 -2932.486477 -153.723725
-2186.424135 -1812.515778 -75.097929
-2290.554773 -1974.522533 23.613119
-3508.178586 -2836.057922 42.346343
-2412.342225 -2079.184091 29.936892
-3068.228591 -2554.642493 -64.034376
-3529.668862 -2920.621408 -117.081831
-3066.105454 -2566.211265 10.042203
-3510.843490 -2905.234593 -117.408467
-2842.881277 -2425.008666 -84.172113
-2581.956456 -2147.657489 -91.072426
-2554.161225 -2134.985449 -55.649575
-3520.813314 -2923.331760 -119.019112
-2946.198201 -2451.199571 -102.610628
-2220.311565 -1848.090585 32.274962
-2567.300084 -2091.046452 5.880815
-2824.601519 -2299.549527 5.893825
-2395.741956 -2010.083681 31.233525
-2419.272052 -1985.667567 -46.506193
-2074.984522 -1741.381808 26.937130
-3562.390631 -2923.543748 -2.570540
-3239.094192 -2730.404563 -47.873283
-3445.942217 -2847.710461 63.797504
-2462.953536 -2036.988840 46.072489
-2896.800396 -2385.289846 -79.747002
-2832.088728 -2482.281308 -52.644659
-3192.324559 -2709.443897 35.100999
-2983.940137 -2503.535443 38.638135
-2293.960382 -1893.216106 -12.150118
-3317.419906 -2752.625586 -91.859219
-3258.606788 -2708.962981 57.113471
-2199.052444 -1827.969549 38.709441
-2946.936116 -2482.065349 40.760630
-2936.932057 -2569.885299 -43.764525
-2364.564203 -1969.320600 34.449295
-2960.285189 -2524.257177 -49.703601
-2698.216446 -2235.004171 -99.696926
-3095.317130 -2678.023489 5.836674
-2692.540312 -2327.077539 -31.980341
-2499.092984 -2044.292885 -38.353424
-2345.923271 -1994.713387 -0.600941
-2602.171631 -2169.251195 18.630743
-3362.543548 -2835.875735 -104.197163
-3137.375881 -2578.608947 -114.407909
-2559.228621 -2160.601632 -58.783617
-2083.643147 -1800.458992 -25.111577
-2904.946194 -2498.086846 -66.307647
-2552.527000 -2095.974719 12.971608
-2823.872269 -2344.153769 -95.629005
-2911.999809 -2353.311708 -2.024751
-3210.217859 -2563.087544 -48.426096
-3565.847446 -2937.986799 -112.790458
-2045.258662 -1745.865075 -65.017608
-2231.177061 -1917.561907 -63.137137
-2135.767759 -1804.526004 -76.163503
-2576.022397 -2224.276946 -57.907314
-2841.932064 -2367.373730 -102.529744
-3206.620848 -2561.401425 -47.662817
-2864.292577 -2444.518766 -92.078203
-2293.180618 -1945.030470 -2.100369
-2763.045665 -2286.242820 -65.058665
-3081.573742 -2494.303003 -57.298400
-3085.596066 -2505.816273 31.485272
-2407.684871 -1951.830294 -43.701174
-2411.883583 -1935.830341 -65.254050
-3098.322931 -2588.264616 -7.614459
-2554.042466 -2069.518355 -46.739178
-3068.712385 -2485.704061 -57.284967
-2695.774148 -2237.518859 -120.862696
-2497.425749 -2022.335939 -37.197036
-2377.424506 -1897.635974 -35.461284
-2698.580713 -2327.566531 -45.789948
-2191.519164 -1819.355013 -80.411521
-3169.608354 -2530.225780 -46.774004
-2387.500780 -1946.520286 -7.076476
-2678.737987 -2218.307788 -93.751365
-3236.825505 -2701.380473 -149.905240
-3240.530824 -2704.496564 -150.050068
-2282.177685 -1892.599286 -83.113390
-2282.229550 -1892.694554 -83.170620
-2947.797552 -2391.495715 -77.095008
-3183.823589 -2714.683985 -3.235572
-3292.460753 -2671.098404 -84.785491
-3060.121810 -2499.856025 -70.882055
-3578.865596 -2968.966667 -122.769557
-2083.119773 -1789.626754 -34.709233
-2594.885800 -2232.958242 -34.933081
-3366.486304 -2790.248513 -123.582464
-3076.199181 -2481.453008 -66.565643
-2960.915989 -2505.708589 -91.021752
-2903.386913 -2341.263480 -63.631662
-3343.159831 -2873.935453 -56.484677
-2424.199789 -1986.174121 12.888942
-2163.743868 -1752.167386 -57.941771
-2562.142898 -2161.485244 -61.339003
-2060.965323 -1784.730469 -15.229388
-2575.182740 -2101.349592 -59.098280
-3257.583621 -2747.518393 -78.529589
-2941.194675 -2457.539551 -118.908147
-2988.151259 -2479.085329 20.072830
-2636.070830 -2198.937077 -93.319942
-2641.623006 -2265.879785 28.100341
-3346.782312 -2776.893757 -114.549674
-2855.124464 -2384.583108 -103.255433
-2394.397670 -2049.506433 -52.473520
-3405.337115 -2826.239267 -118.474770
-2684.674883 -2298.539393 -57.684111
-3211.686086 -2595.500186 -88.453252
-2632.569305 -2285.637328 -52.690502
-2539.264204 -2187.051425 -14.178249
-2389.316029 -2073.434303 -47.393175
-3257.263220 -2695.822896 -109.138642
-2952.538543 -2420.384779 -63.792422
-3362.531907 -2838.743311 -77.267385
-3288.454544 -2670.003214 33.032977
-2635.828030 -2200.008341 -94.570870
-2135.961318 -1769.041314 -79.456324
-2943.622016 -2459.226288 -106.483866
-2928.321933 -2473.010303 -80.638525
-2183.495641 -1867.144183 -45.529429
-2751.635641 -2283.101142 -95.922310
-2915.494575 -2386.852807 -63.852090
-2762.011918 -2291.842326 -94.075446
-3498.458324 -3031.111822 -125.718900
-2742.190670 -2233.025942 -65.708947
-3584.043968 -2935.620384 -77.923735
-1839.479134 -1555.071897 -50.687517
-2288.951590 -1899.561648 -77.307016
-2573.459214 -2174.819145 -70.512951
-2162.554225 -1749.478409 -59.090204
-2457.027223 -2076.012386 -68.096209
-2164.038311 -1750.679980 -59.101766
-2696.567208 -2212.840316 -3.439704
-2754.308595 -2290.619951 -93.680896
-2801.822867 -2426.737993 -42.501148
-2571.642039 -2151.582885 -74.936872
-3236.710203 -2679.216414 38.427440
-3456.003539 -2838.577136 -5.385084
-3461.753035 -2877.638696 -117.085242
-2630.312766 -2186.368036 -77.261975
-3528.617583 -2996.358074 24.015429
-3413.342722 -2807.277979 -31.774644
-2946.163668 -2453.316588 -111.465183
-2819.972212 -2394.836971 18.729323
-2871.393922 -2435.502545 -99.094760
-3220.811080 -2569.158144 -84.618924
-2621.582924 -2230.995972 23.833048
-2230.553672 -1925.093411 16.409366
-2352.118850 -1904.304956 -23.954728
-2492.020396 -2005.991247 -19.566772
-2833.872741 -2391.110890 -41.994543
-2461.933849 -1956.166687 -60.521002
-2794.885552 -2402.497714 17.423101
-3283.863890 -2752.906623 -2.300535
-3267.971337 -2597.662349 -91.810927
-2930.353665 -2485.820233 -101.592222
-3067.903608 -2605.491512 -114.242211
-2794.616904 -2401.347498 18.805851
-2780.749654 -2388.123482 18.314178
-2482.452344 -2059.765872 4.856692
-2622.163519 -2231.224504 23.777701
-3456.824107 -2839.754325 -4.595009
-3084.240511 -2703.920102 -64.805724
-3318.116055 -2817.930552 -14.805635
-2241.751215 -1809.414530 18.771611
-2777.999935 -2242.382086 22.860127
-2390.814393 -2002.140215 -89.237048
-2271.942914 -1871.190313 -43.118266
-2912.858493 -2496.197894 -34.122640
-2476.879154 -2060.698215 -85.555759
-2780.616980 -2222.777232 -41.500940
-2572.211911 -2075.769414 20.752486
-2088.687587 -1749.229746 -78.347989
-2459.604064 -2060.309842 -92.043752
-2754.070728 -2285.893336 -123.548708
-2584.458214 -2106.276458 5.668170
-2425.623475 -2023.601500 -8.476841
-2426.430951 -2024.188329 -8.529806
-3199.777519 -2584.237581 9.225227
-2969.410641 -2419.561267 7.824566
-3046.017948 -2671.102391 -64.846149
-2849.244380 -2487.115678 -58.911594
-2790.596367 -2307.743044 35.943204
-3121.594594 -2658.930185 -118.885589
-2962.206912 -2517.628181 -98.191108
-3283.515126 -2747.986190 -94.405425
-3255.341929 -2728.651874 -3.112844
-3351.542266 -2708.637727 38.672565
-2975.970953 -2496.451781 -126.913432
-2415.933430 -1938.342996 -36.329400
-2115.401620 -1804.594541 -57.995775
-2963.491101 -2441.303695 -45.043728
-3369.397864 -2798.988179 -29.077357
-3124.113536 -2612.429919 37.308328
-1750.540368 -1471.574848 -66.620043
-3303.786342 -2729.612960 -101.828735
-2639.128873 -2159.778899 10.092435
-2308.055662 -1943.549520 -4.175804
-2515.304448 -2119.836585 -47.252635
-2674.891610 -2248.875264 -102.074388
-2415.302723 -2044.496485 -49.491267
-2300.799345 -1921.238166 -81.550261
-3490.106132 -2913.812802 -124.266868
-3311.991228 -2753.636354 -99.363108
-3396.344277 -2822.629338 -120.439545
-3423.998731 -2813.265816 17.457235
-2416.904452 -1993.804416 -51.162918
-3382.023210 -2829.358322 53.252213
-2693.653431 -2267.206307 -113.109123
-3508.425199 -3041.394362 -82.943220
-1993.876227 -1686.027254 -45.847294
-2566.441155 -2190.120705 -98.712947
-2250.080509 -1812.642004 -34.417890
-2726.907634 -2259.348785 -62.161796
-1745.393064 -1484.000925 -32.715990
-2511.274296 -2134.974208 -44.607110
-3397.749762 -2821.390012 -120.063388
-2777.536200 -2294.219171 0.222069
-2323.512516 -1873.636786 -43.790358
-2390.980234 -2010.935553 1.760720
-2792.013541 -2348.497545 2.453187
-3140.385199 -2538.448908 22.366894
-3565.364156 -2947.418643 -34.189635
-3548.499218 -2868.428499 25.395986
-2160.627137 -1807.778574 22.416602
-3448.035799 -2837.892187 3.907626
-3364.022549 -2674.125692 -72.210117
-2576.618658 -2130.258694 -25.138242
-3461.656701 -2769.710055 -33.738289
-2864.663205 -2446.729785 -91.929731
-2849.886967 -2324.522708 -8.947892
-3390.421518 -2943.327945 -89.796656
-2423.282947 -2024.436916 -90.743217
-2749.777108 -2296.839453 -102.831601
-2635.274168 -2201.198267 -98.287121
-2409.990994 -1973.296043 -29.539681
-1777.992125 -1434.200183 -12.091365
-2689.535009 -2254.734324 -102.216467
-2995.052274 -2502.306801 -111.337189
-2323.328460 -2036.181370 -48.009539
-2530.461124 -2024.412711 -24.362293
-2597.351583 -2101.157488 -8.234750
-2927.205627 -2512.769705 19.686768
-2276.118276 -1865.983294 -38.451428
-2685.694044 -2279.692316 -101.146757
-3101.943984 -2532.532334 -117.049380
-3149.980799 -2541.382838 -21.238081
-2777.041538 -2393.732516 -46.567347
-2652.592514 -2216.853534 -99.771760
-2626.468603 -2229.941498 -98.732545
-3367.524319 -2843.592171 -94.117229
-2380.658213 -2044.008268 15.775083
-2289.303991 -1910.611117 -4.478337
-2961.226576 -2382.192456 4.973988
-2792.499669 -2296.925032 -81.981896
-2901.673818 -2386.831868 -84.481252
-3274.693881 -2794.226854 -125.439205
-2688.574754 -2253.947984 -101.411183
-2736.112600 -2315.548589 -57.225342
-2415.945152 -1995.176840 -75.860002
-2445.773693 -1944.033048 -18.039650
-2634.909951 -2094.651500 -18.090086
-2416.612058 -2068.470839 -35.030422
-2529.656954 -2165.416489 -36.327573
-2793.518472 -2398.087614 -38.865234
-2794.649783 -2399.134594 -38.962614
-2358.305909 -2062.850488 -45.530697
-3479.305621 -2915.436951 -150.855786
-3121.256521 -2580.392736 -60.481413
-2960.827827 -2473.927374 57.545603
-3576.003622 -2965.068852 -115.472751
-2880.776433 -2396.357064 3.113156
-2810.063355 -2328.623942 -96.248709
-3267.521870 -2843.815442 -47.374093
-2847.355296 -2417.998307 -79.446331
-2415.972098 -2102.972092 -40.916463
-2441.833890 -2061.284785 30.320287
-2219.399653 -1889.103772 -59.025730
-2711.677972 -2283.426555 -72.004335
-3015.424587 -2592.042273 -122.643034
-3004.229457 -2575.161227 -21.355962
-3539.673139 -2862.699144 -72.148133
-3417.973314 -2886.897423 -145.280909
-2727.027178 -2308.645081 19.010508
-2762.934188 -2263.729275 -42.295631
-2469.996899 -2056.423194 -67.782910
-2640.776153 -2094.558464 -57.185992
-3640.885194 -2887.853477 -78.722639
-2596.246116 -2235.799399 19.928883
-2854.597262 -2432.595819 -76.780115
-2576.523599 -2082.006774 -1.606216
-2985.122632 -2500.249666 22.870997
-2571.872581 -2208.816962 -24.507876
-3225.421258 -2724.637307 -137.815524
-2246.095462 -1874.370721 -5.882769
-3518.640381 -2920.102892 -111.029574
-2562.900679 -2107.471691 -105.087206
-2968.845627 -2441.945789 -120.371455
-2484.186965 -2159.917895 -49.538288
-2389.137644 -2050.672380 -33.155206
-2410.819610 -1996.259823 -86.917633
-3413.516073 -2820.239083 -3.419576
-2441.215347 -2080.805221 -13.389664
-2214.971649 -1807.757797 -56.626823
-2642.574045 -2252.058457 -14.447761
-3227.700452 -2642.954407 -48.281923
-2946.155566 -2543.163524 -108.809141
-2326.319489 -1876.953055 -0.968862
-3549.045956 -2868.539448 -72.809032
-2500.545697 -2068.283735 -83.535059
-2428.515333 -2097.562698 -89.677150
-3186.499885 -2729.007734 -107.519479
-2460.398119 -2093.102298 -64.792069
-2761.648560 -2349.304248 -75.168810
-3121.233158 -2572.679736 -7.935452
-3400.023427 -2795.646064 -74.070582
-2168.970024 -1816.052400 16.375641
-2517.882882 -2150.205112 -43.334279
-3333.540811 -2708.121959 -68.020295
-2484.622812 -2091.220345 -4.707273
-2919.338928 -2419.265831 -61.125413
-2925.857716 -2436.399013 2.892262
-3001.626383 -2596.374717 -101.769397
-2383.022099 -1981.636072 -71.440042
-2472.367638 -2106.200807 -65.461044
-2451.440342 -2119.605625 -82.792910
-2636.833465 -2234.388595 -46.191604
-2807.785333 -2379.663687 -48.641469
-2199.030732 -1860.179620 15.755025
-2777.368444 -2349.266581 19.181014
-2507.506626 -2073.556704 -84.245335
-2780.950839 -2353.013773 19.144529
-2256.949349 -1807.947938 -61.125826
-2705.303434 -2185.783611 -1.760187
-2598.230542 -2198.545539 17.950969
-3512.403048 -2894.072344 14.037724
-3009.393747 -2479.660112 11.705004
-3068.321514 -2576.403455 49.703844
-2556.600047 -2136.351505 -47.616188
-2658.386773 -2241.864413 -74.519766
-2493.897288 -2049.861628 -71.865054
-2758.827730 -2278.085812 -1.434959
-3074.679568 -2600.229494 -85.769533
-3359.851948 -2841.261190 -93.092368
-2984.901157 -2479.229855 -62.092575
-3045.860007 -2453.042745 -105.201003
-3222.445231 -2721.676260 14.144438
-3214.633506 -2606.267750 12.248559
-2218.182435 -1891.263109 22.396163
-3110.430634 -2609.484917 -70.768168
-2381.716936 -1998.568147 -54.122401
-2334.457835 -2031.811229 -43.888189
-2160.761650 -1778.875125 -36.471770
-2556.739663 -2152.356011 9.741860
-3483.834951 -2875.635105 69.043520
-2823.536215 -2341.794637 -60.184039
-2210.867125 -1841.088406 9.177827
-2933.430692 -2400.434708 -77.251917
-3486.445014 -2954.856335 -10.692486
-2692.205970 -2215.830962 -97.986996
-3394.943843 -2807.289716 -17.819598
-3005.631002 -2419.150708 -10.242822
-2456.146175 -2113.595713 10.268899
-3313.021011 -2775.519161 -9.591252
-2676.406367 -2236.349494 -61.538780
-2636.795139 -2163.630958 6.713154
-2598.717382 -2090.716280 -11.003208
-2542.053564 -2159.561016 4.039745
-3509.323655 -2976.454039 20.433906
-3306.233240 -2880.603773 -73.963105
-2996.858222 -2433.457436 -112.466555
-3211.017192 -2557.001694 -54.037269
-3461.333112 -2784.250577 -15.506972
-2788.447640 -2295.587424 -55.777023
-2669.399559 -2269.321824 30.669562
-3289.615146 -2827.389704 28.152490
-2713.049058 -2161.535414 -52.249483
-3237.766797 -2691.379310 -81.655431
-3059.325840 -2454.311599 -75.200072
-2620.604886 -2172.338700 -109.359491
-2533.792230 -2145.132171 7.176819
-2495.687184 -2100.875101 -117.360312
-3178.231379 -2690.818746 9.271163
-3526.434721 -2823.269941 -107.627850
-2122.209926 -1802.941182 -83.532785
-3490.940822 -2964.547146 -136.337659
-2279.353047 -1834.857389 -8.072405
-2625.828171 -2191.299610 37.630837
-3319.266859 -2689.052103 -129.997801
-2956.032591 -2449.486578 -65.175010
-2860.044273 -2370.962812 -120.411773
-3212.285446 -2619.620372 -29.677635
-2294.225743 -1900.668298 -105.879359
-2338.386568 -1879.272911 -11.490501
-2134.722092 -1716.171382 -11.667204
-2630.874441 -2114.984263 -14.668291
-3536.998454 -2965.929904 -111.074696
-2462.785944 -2005.503364 -33.921954
-2956.063921 -2406.491474 -41.453995
-2626.771603 -2111.205444 -14.152994
-3410.221492 -2746.177256 -83.910370
-2594.638632 -2089.468410 -63.964815
-2596.225043 -2090.763427 -64.083128
-2224.127359 -1791.139364 -55.184270
-2473.897585 -2109.370821 28.062128
-2603.625196 -2121.959569 33.811877
-2295.836141 -1969.159959 -91.033038
-3131.696030 -2670.794972 35.894561
-2595.127130 -2213.307474 29.010792
-3427.121482 -2890.798994 -111.285952
-2838.525110 -2328.491382 -54.755806
-3239.560379 -2604.474137 -17.995540
-3393.982779 -2864.227784 -11.788900
-3486.559739 -2937.032730 -8.120709
-2435.434119 -1987.507216 -86.301911
-3224.756753 -2553.857003 -75.049520
-2659.584763 -2152.377630 -21.167481
-3531.116014 -2960.899504 2.098199
-2975.417230 -2408.674910 -23.003777
-2700.206573 -2189.315478 -64.503514
-3529.947844 -2808.556807 -82.370695
-2790.798837 -2308.742927 11.615439
-2523.104905 -2098.360706 -61.197253
-2446.563627 -1992.858234 -52.716273
-3193.033157 -2629.265948 13.945571
-2928.102821 -2364.815209 18.725485
-2832.086499 -2416.562192 24.001650
-2391.319691 -2058.143177 -64.013427
-2143.121145 -1788.721721 -85.028983
-2742.298540 -2269.136043 -20.936437
-2204.835239 -1898.990046 -59.765373
-3382.168753 -2747.563389 3.323697
-3376.726151 -2813.356827 -140.249639
-3074.682010 -2487.586174 -72.710658
-3353.802438 -2795.282323 -129.731812
-2508.687783 -2162.063772 -66.276932
-2991.562003 -2492.239534 -123.921726
-2771.870566 -2387.854774 28.676069
-2408.664765 -1991.025016 -11.922511
-1919.110971 -1682.622719 -33.264681
-2165.175846 -1765.944874 -77.377473
-3393.734637 -2768.038586 -119.595987
-3048.400417 -2476.694885 -68.854882
-3544.227371 -2955.308060 -145.623446
-2789.029729 -2285.132343 -5.210347
-2371.428765 -2019.438607 -86.206623
-3207.418503 -2623.805235 -105.509211
-2265.574236 -1919.163924 -9.660095
-2372.321295 -1900.614900 -68.764586
-2512.305836 -2102.377749 -114.346238
-3238.836563 -2581.038453 -58.226151
-3540.672919 -2821.393129 -61.338950
-2164.631610 -1776.832571 -8.565753
-3309.045459 -2885.401754 -94.289209
-3311.820676 -2761.956393 8.573722
-3198.782657 -2685.053251 -145.223041
-2805.169196 -2254.209688 -58.879757
-3189.071342 -2727.651091 -16.697257
-2796.013984 -2255.923912 -80.339899
-2385.995297 -1924.853136 -68.556643
-2612.334708 -2245.348781 -89.297115
-2616.954592 -2249.534027 -89.847661
-2596.808409 -2168.064121 6.972971
-3495.495106 -2876.939065 -82.441532
-3525.897795 -2901.064609 -60.209153
-3262.746018 -2718.698612 12.104425
-3264.644863 -2719.147679 12.413059
-2822.046923 -2311.355679 -58.364892
-3193.105986 -2674.509457 -2.499360
-2791.996840 -2439.605214 -66.093756
-2980.828408 -2582.597150 -26.635604
-2543.227156 -2110.279337 10.461575
-3087.982970 -2544.772861 -46.571742
-2552.883003 -2071.406830 -64.827650
-2415.506000 -2092.364567 -21.662044
-2807.830622 -2307.596059 0.426171
-2460.852651 -1981.468271 -55.482656
-3087.187239 -2522.645777 -68.030869
-2415.464025 -1973.895278 -53.810535
-2955.934229 -2418.722804 17.478392
-3043.781975 -2487.583552 -67.385042
-3334.610262 -2760.647597 -82.040810
-2383.527349 -1959.210740 -42.198458
-3527.354429 -3013.218449 -11.824276
-3056.343059 -2459.166043 -71.066145
-3130.976514 -2634.580328 25.774529
-3146.059863 -2626.732323 -93.878591
-2499.716486 -2070.215023 34.604376
-2404.542500 -2027.082277 -76.957787
-2658.670772 -2201.567356 -100.576395
-3451.238240 -2931.425706 -0.108641
-2577.217884 -2088.354767 -100.378198
-2903.137282 -2422.120494 -74.709078
-2902.603254 -2421.521806 -74.591814
-3070.783589 -2634.322435 -62.946133
-2020.023483 -1732.715849 -41.374939
-2927.509454 -2448.056427 -67.875129
-1951.255784 -1654.615327 -72.798859
-3142.337914 -2669.924090 -96.672243
-2997.249965 -2432.105050 -113.606362
-2343.115619 -2009.936500 27.708189
-2696.200347 -2291.497968 -83.637626
-3457.141710 -2777.983805 -29.254854
-2686.081016 -2180.018261 -101.701781
-3199.298988 -2694.874648 -98.548793
-2599.336305 -2193.656860 -88.162752
-3120.398919 -2510.443766 -10.872277
-3319.570086 -2862.416502 -72.098426
-2835.942017 -2433.756545 33.140835
-2654.131842 -2198.127445 -100.252158
-3064.595625 -2641.918963 -66.244542
-2574.928088 -2135.390444 33.103666
-2651.526338 -2275.314201 31.632578
-2656.526309 -2199.845593 -100.338367
-3265.796999 -2801.625126 39.375617
-2674.338314 -2218.053032 35.063377
-1974.289835 -1636.711581 -74.695418
-2920.613677 -2466.556799 -69.039680
-3380.709312 -2752.355636 -46.513667
-2072.634892 -1757.791278 -54.864056
-3273.809200 -2712.252573 46.534662
-2407.231004 -2041.104861 -63.808924
-2992.236375 -2567.338075 4.302071
-3373.501329 -2886.633962 -142.325914
-2278.528669 -1834.299052 -12.487962
-3237.166227 -2782.290593 -56.086367
-2484.407794 -2135.547299 -42.767941
-2410.453796 -2021.924043 -86.874652
-3131.383513 -2679.840582 -132.108180
-2575.969818 -2087.497192 -100.185173
-3108.597569 -2606.606878 -110.455438
-2921.196744 -2358.765588 18.551232
-2530.515962 -2145.519111 -66.485523
-2576.897592 -2154.324664 -59.357666
-2718.889067 -2261.514665 37.875004
-1981.751474 -1680.760606 -51.963460
-2371.499164 -2016.731653 -94.909343
-2913.065049 -2435.229661 -66.490686
-3304.576716 -2756.175745 -85.070223
-3305.608431 -2641.252881 -16.008724
-3222.662214 -2666.627258 34.612845
-2516.616873 -2154.052449 -58.221165
-2577.060691 -2088.459135 -100.752551
-2163.874673 -1800.389883 29.985764
-2298.080524 -1850.007748 -12.336406
-2793.454891 -2232.744697 -13.589766
-2244.181176 -1914.430949 -53.783201
-2463.161179 -2118.257238 21.780126
-2460.782669 -2004.059867 -33.654669
-2589.812061 -2069.807311 -11.734455
-2777.358413 -2219.345997 -44.973365
-3585.153839 -2866.139596 -59.359474
-1917.854314 -1620.169739 -70.314080
-2701.025465 -2339.471258 -23.837772
-3112.691410 -2497.295240 -92.155361
-2508.781099 -2112.403773 8.903570
-3469.535591 -2873.412892 -5.235734
-3225.232069 -2612.214362 -72.564507
-2611.420202 -2229.404713 -52.766857
-2802.772041 -2373.250999 -56.876785
-2336.022095 -1927.110637 -72.451436
-3384.504025 -2777.969317 36.957111
-3380.245838 -2815.660803 13.577075
-3504.392228 -2792.054823 -57.779729
-2609.614159 -2202.641375 -52.624734
-2337.570878 -1972.365319 -46.795021
-2204.970310 -1907.501354 -23.818013
-3436.828826 -2746.066422 -55.914814
-2511.491411 -2114.026023 9.468367
-3500.384046 -3060.316516 -92.589003
-2981.989446 -2472.330632 -63.467882
-2300.411067 -1918.986678 -57.971855
-3324.944262 -2702.300585 -109.587738
-2985.378756 -2532.658772 -110.520384
-1940.495278 -1568.796168 20.316675
-3297.916043 -2798.709538 -107.168670
-2563.491246 -2072.403478 26.822434
-3294.213543 -2795.642893 -106.010860
-2744.649301 -2303.262984 40.813383
-3262.236571 -2736.027713 -66.435858
-3346.496740 -2704.826988 34.890199
-3017.328266 -2529.640042 -61.364228
-2477.072098 -2001.939378 25.773072
-2574.837771 -2086.079164 -101.108783
-2275.942651 -1931.115131 -72.682110
-3027.738935 -2429.284513 -73.694123
-2576.380919 -2067.392759 -62.837732
-3027.110323 -2507.068329 -51.793770
-2400.640662 -1955.887725 -52.117507
-2693.882491 -2167.419166 -13.611111
-2396.353076 -1940.903487 -26.065927
-3197.308218 -2727.843130 -24.790431
-2655.099468 -2220.136332 48.897278
-2822.929646 -2262.719841 -81.312952
-1944.777664 -1648.597780 -81.735807
-2030.740541 -1621.376464 -47.329636
-2168.664154 -1831.085707 -95.392107
-2083.038322 -1686.695052 -49.951555
-3032.403080 -2440.410955 -82.400839
-3113.296151 -2494.745797 -89.477852
-2630.879897 -2284.502440 -68.682192
-2307.236479 -1867.564737 -54.800639
-2938.543507 -2401.423734 -65.169319
-2780.755562 -2278.829118 -57.755649
-2821.378364 -2260.836063 -81.711768
-2222.334587 -1781.662217 -63.956496
-2285.137965 -1888.711804 4.485221
-2400.026270 -1955.502945 -52.188977
-3227.291657 -2752.022638 -64.471650
-2338.463294 -1890.194901 23.220373
-3412.236581 -2939.736428 -16.056506
-3320.227951 -2804.650740 -15.296813
-3126.840323 -2617.214462 -5.854253
-2251.864712 -1863.983781 8.965707
-2457.717564 -2144.794301 -72.265200
-3478.243425 -2798.866145 -33.625753
-3575.639981 -2861.145733 -109.246480
-2587.608865 -2094.426904 23.924303
-3335.469592 -2871.838932 -89.170672
-3545.352638 -2937.615175 -87.683134
-1932.248936 -1565.120200 -47.234270
-2695.282563 -2303.158309 -106.332156
-2841.986845 -2491.082823 -50.599888
-3207.830899 -2801.262426 -91.031500
-2757.242327 -2286.744558 -115.520583
-2499.125199 -2182.409403 -71.427047
-2642.270993 -2187.020028 10.516477
-2324.343776 -1854.588660 -54.817231
-2069.719590 -1718.234197 -11.903508
-3301.154134 -2749.130515 12.694667
-3000.012792 -2430.139267 -107.452555
-2576.448218 -2201.610799 -101.582112
-2356.743547 -2011.670353 -67.743938
-3002.794562 -2484.133166 15.940387
-3470.871718 -2961.658666 -101.213258
-3418.720022 -2960.732701 -37.068820
-2332.465560 -1931.433023 11.864650
-2376.470487 -2001.827937 28.698262
-2101.562738 -1755.040534 29.788348
-2383.778817 -1965.906462 -34.360364
-2111.982399 -1830.089480 -45.213259
-3583.765425 -2960.829476 27.407771
-3372.869902 -2817.557367 48.810138
-3227.752208 -2726.412857 16.754687
-3369.792219 -2814.737663 48.748786
-2395.360155 -1994.898195 -65.034700
-2595.548739 -2134.995096 -107.577124
-3465.540773 -2839.569044 -126.787720
-2673.801536 -2224.655379 -123.812620
-2954.434186 -2440.273801 24.640915
-2381.536659 -1956.372311 -26.153543
-2127.698370 -1740.818005 -31.568286
-2593.400681 -2216.963100 -103.763808
-2900.201988 -2415.180021 -133.670674
-3278.681466 -2724.380478 33.398291
-3167.091007 -2606.808451 -22.387977
-3511.678304 -2823.724531 -13.778618
-3207.427425 -2761.760119 -7.638518
-2919.500338 -2392.386216 -108.103915
-3231.853012 -2787.570790 -16.183372
-3285.038875 -2643.120282 -11.973620
-2551.656949 -2116.848620 -22.576053
-2403.194063 -2068.370783 -5.333963
-2973.882647 -2577.396810 -41.856392
-2762.922094 -2222.057127 -10.073242
-2514.657306 -2149.194122 -100.170415
-3367.239102 -2899.193839 -92.099442
-2774.828771 -2231.703368 -10.107973
-2506.510035 -2156.942528 -5.243295
-2475.809469 -2014.406483 -35.290993
-2402.526731 -2038.949466 -62.426583
-2363.494119 -2030.175446 -23.303231
-2808.393864 -2258.774979 -10.311245
-3166.550196 -2604.591094 -131.322398
-2579.777097 -2055.880972 -51.724848
-2997.031744 -2455.896854 -89.559293
-2852.559054 -2369.103115 19.270408
-2576.900574 -2183.471987 -95.793490
-2519.490542 -2026.489662 -9.306933
-2221.066614 -1844.614221 14.870003
-3390.154488 -2832.966273 -101.841943
-2448.728117 -2064.511226 -90.099263
-3257.982921 -2786.526541 -17.481716
-2848.881014 -2288.893066 -103.039169
-2699.008142 -2308.082819 -14.702755
-2550.890667 -2050.488626 -92.692525
-3017.005819 -2482.881529 -20.990586
-2955.690075 -2414.935019 21.873924
-3615.513883 -2904.695471 -130.655827
-2466.261894 -2020.903242 -74.518921
-3573.283802 -2984.846301 -105.981819
-2572.346282 -2072.543189 -63.134476
-2838.417651 -2386.315332 17.948889
-3577.267410 -2907.902925 -118.470044
-2474.662359 -2157.454467 -69.424765
-2829.832362 -2246.603101 -9.113339
-2720.543874 -2213.206581 -38.911203
-2280.698854 -1917.448982 14.617881
-2525.644784 -2101.277515 34.204111
-2103.387493 -1756.726567 29.724698
-3003.486378 -2494.101606 -16.426086
-2390.913847 -1909.144130 -55.755715
-3216.147046 -2606.512161 -39.608533
-3079.249093 -2652.402437 -87.735650
-3159.074786 -2520.715342 -75.044193
-3344.039033 -2751.314727 -74.898381
-3202.197079 -2606.668715 41.030242
-2074.076568 -1671.426066 -51.165001
-3442.350404 -2946.301062 -22.782691
-2935.737370 -2458.678335 34.575403
-2935.627496 -2458.076097 35.288880
-2385.098496 -2067.145798 -18.841174
-2161.667058 -1877.411851 -62.200444
-2655.373318 -2196.058164 -92.499607
-2452.702778 -2040.184584 23.940094
-3191.437540 -2584.797484 -123.175604
-2210.346952 -1850.222322 27.035982
-1971.568421 -1714.867766 5.958226
-1968.663837 -1712.192147 5.839478
-3407.551484 -2795.733020 -66.740540
-2817.594312 -2344.325796 49.806411
-2262.082364 -1816.363076 -13.644730
-2875.914499 -2381.801291 -101.304531
-2556.639975 -2051.329997 -15.325746
-2933.236870 -2433.880026 6.184961
-3566.277027 -2958.310926 -120.419416
-2647.119810 -2180.413633 -101.673518
-3509.387096 -2959.865505 43.189576
-2380.735942 -2062.307774 -20.371336
-2379.653812 -1921.208900 -84.991503
-2892.058960 -2319.917911 -78.011094
-2606.095163 -2238.458156 -82.148930
-2389.512720 -1974.030052 -67.350450
-3146.649499 -2656.192893 -75.333115
-2510.396717 -2086.252638 -74.752314
-2153.211380 -1763.985441 -45.945144
-2428.369829 -2010.199105 -41.539898
-3005.485002 -2451.955163 -75.855148
-2322.440497 -2004.111933 -84.579568
-2881.458832 -2293.360725 -64.140655
-2833.325377 -2354.388265 -84.024950
-2410.262288 -2074.851046 -67.974154
-3285.106396 -2685.501748 -73.045822
-2692.279911 -2253.454869 31.614628
-2686.585242 -2281.357963 -109.089734
-2588.886911 -2198.541427 -94.633094
-3337.083528 -2852.893523 -9.794681
-2733.024222 -2270.913857 -82.282297
-2473.623766 -2039.112246 8.993693
-3325.253395 -2823.272957 -122.091031
-2390.554861 -2026.995215 -58.389515
-2010.324114 -1759.120265 -28.295549
-2187.294688 -1752.892712 -1.826101
-2559.881859 -2122.052213 13.578545
-2125.235632 -1835.398928 -48.924120
-3168.311203 -2760.570684 -39.422787
-2485.583104 -2133.921787 -78.222991
-3063.646337 -2638.660378 -88.722034
-2403.863262 -1985.577562 -67.290004
-3024.875602 -2597.331657 -96.303748
-2165.637092 -1859.505483 -69.174872
-2571.130865 -2201.896901 -90.891115
-2229.899065 -1874.403950 -79.387643
-2669.047714 -2297.842830 -76.484835
-2404.460137 -2078.192107 -1.975067
-2602.964975 -2108.907905 -28.183589
-2123.754228 -1835.809892 -1.969077
-2475.558288 -2023.895485 17.466154
-2869.235151 -2387.148575 28.934683
-2283.868329 -1892.148921 -77.580580
-2527.321009 -2104.386952 -69.709861
-3464.613959 -2976.816369 -33.463162
-2821.027457 -2321.728005 30.590414
-1794.244848 -1519.500362 -43.026569
-3337.796249 -2763.176611 -117.352334
-2862.061003 -2375.068241 20.160607
-3470.202501 -2818.229081 -38.369534
-2407.552457 -1988.085994 -67.446135
-3065.572209 -2615.245518 -7.326373
-2833.325853 -2412.217997 -16.958819
-3315.828059 -2683.010878 -101.147008
-3344.445116 -2704.970095 -102.420047
-3429.223820 -2749.648479 -62.449925
-2607.989093 -2208.129633 -47.539241
-2591.130763 -2141.287148 25.907703
-3467.299729 -2865.406842 34.859813
-2719.293544 -2258.891311 -52.876809
-3278.520474 -2726.581655 -76.647323
-2490.842602 -2143.891498 30.722945
-2864.439172 -2342.762016 -78.926686
-2604.816509 -2144.597894 50.747362
-3170.641727 -2729.957361 39.659611
-2668.863947 -2112.585915 -52.599003
-2861.529767 -2338.820362 -117.816986
-2365.866894 -1934.842663 -6.917889
-2871.797489 -2311.807910 -52.109153
-3367.472740 -2766.973025 -43.101106
-3297.885269 -2783.129415 22.832463
-2860.072135 -2338.075958 -117.393715
-2253.169959 -1930.588447 14.372236
-2499.733776 -2099.146668 42.924505
-3481.321416 -2791.208616 -12.743827
-3479.045573 -2789.181585 -14.145264
-2785.121522 -2226.240074 -9.786461
-2407.471289 -1923.100047 -24.422236
-3102.380569 -2547.244107 -110.795942
-2530.925287 -2146.325310 7.278126
-2878.088787 -2363.100089 -103.400757
-3486.689237 -2955.896205 10.227509
-2332.949610 -1870.646365 -8.527265
-2450.109006 -2029.120832 -111.852555
-3212.939284 -2635.777021 10.114958
-2386.931856 -1989.967687 -65.859826
-3212.888036 -2673.760187 -74.036592
-2540.609421 -2111.439319 30.205998
-2381.852827 -1899.958008 -45.100654
-2074.496646 -1697.716101 -37.620380
-3421.914044 -2759.226409 -61.059569
-2681.907010 -2216.981288 52.167822
-3400.969565 -2741.127787 -61.564967
-2967.819360 -2458.629799 -135.880796
-2701.378596 -2176.494573 -49.079314
-2389.394789 -1966.454937 -85.932167
-2268.543858 -1916.519464 19.791979
-2947.004727 -2558.561625 -7.140510
-2541.305325 -2111.903404 30.205555
-2562.872171 -2133.900743 -11.323550
-3427.351404 -2842.426268 60.807757
-3081.098815 -2595.070246 -75.608654
-2954.710787 -2558.035744 -105.015002
-3158.544180 -2642.709424 -88.041278
-3314.801730 -2808.192898 -110.156959
-3511.501887 -2954.862631 -79.918005
-2577.463170 -2111.206510 -34.839651
-2439.523037 -2020.712213 -96.192109
-2481.531083 -2067.732143 -79.041724
-2180.519189 -1894.890291 -33.749893
-2573.839677 -2101.286771 -79.914073
-3480.786729 -2753.352901 -34.856994
-3508.933701 -2866.204044 -84.308854
-3281.181895 -2685.590474 -72.022720
-3189.532582 -2611.311686 -71.254533
-3130.885808 -2563.915335 -70.064565
-2507.463452 -2064.523666 22.234780
-3364.846765 -2824.346102 -88.378192
-2338.756567 -2005.154724 9.709536
-2851.600440 -2347.678592 25.033054
-2814.054131 -2330.760855 -109.674253
-2998.392126 -2523.546251 -72.994674
-3095.361393 -2551.705097 26.790972
-2720.081686 -2220.808891 -85.246459
-3452.097454 -2826.318844 -77.825101
-2666.084365 -2238.558135 -70.276038
-2320.164797 -2013.215973 -4.871023
-2689.802696 -2291.211822 -89.199455
-3002.178626 -2491.734569 -84.962546
-2603.371877 -2141.936030 -92.444537
-2584.826023 -2190.458387 0.455382
-3331.605502 -2839.431907 -123.505226
-3029.452817 -2566.150211 1.562938
-2854.869708 -2368.471289 -71.558383
-3415.578451 -2825.109689 31.613710
-2610.505734 -2211.267603 1.397592
-3260.981181 -2666.558819 -42.077655
-2503.788909 -2047.473932 -32.573126
-2529.557072 -2201.710655 -50.934394
-2255.690731 -1844.693122 -20.578152
-3207.850730 -2594.982918 -110.907162
-3091.638725 -2549.853641 -52.887878
-2557.421664 -2126.349125 -65.080971
-3110.668040 -2598.264597 -89.352081
-2688.287438 -2220.370703 -20.088922
-2941.446012 -2456.682016 -83.349828
-3253.630194 -2677.374846 -115.239660
-3574.945247 -2877.112697 -134.317227
-3076.227236 -2602.223833 6.117849
-2580.618894 -2092.089644 4.104244
-2616.239890 -2215.597944 20.877122
-1764.573644 -1524.117795 5.295611
-2325.798298 -1950.850017 -58.302244
-2265.835930 -1900.913271 -56.346667
-2880.123333 -2370.611683 -58.716623
-3204.443170 -2753.356621 -127.713397
-2616.852409 -2184.694718 -75.234011
-2936.736962 -2399.873704 -38.178609
-2484.181567 -2028.057574 -77.273392
-3411.918600 -2721.212816 -14.761174
-3570.262424 -2979.071922 -96.731981
-2412.712792 -1925.126065 -28.162475
-2651.309883 -2258.673019 -89.132512
-2467.167507 -2060.973853 5.309941
-2688.184969 -2171.394867 -49.793979
-2537.186180 -2102.375787 -68.104953
-2381.988961 -1935.666090 0.073028
-2473.706551 -2034.819857 -88.113737
-2957.155151 -2561.277727 -38.256302
-2072.860913 -1718.894313 28.789067
-2947.311101 -2462.503517 -85.494468
-3217.800744 -2655.506727 -20.893969
-3081.567566 -2544.235827 -43.575979
-2235.834099 -1845.218379 -16.149087
-2803.886515 -2322.133174 -66.148406
-2805.343801 -2353.522067 -71.804956
-2608.354603 -2089.564570 -11.009036
-2350.086034 -1897.959866 3.127436
-3465.176245 -2858.395498 -138.572041
-2630.593062 -2200.042446 -113.508727
-3197.860396 -2697.514147 -8.254220
-3073.417695 -2515.449705 -54.953200
-3357.738826 -2833.519435 31.762000
-2951.640246 -2458.166987 -65.104049
-2338.706505 -1956.446873 -107.995002
-3102.429451 -2533.828549 -113.964836
-2241.236299 -1818.544895 -59.533673
-2790.607353 -2269.112950 23.699422
-2633.417647 -2258.017649 -110.167784
-2357.872979 -2031.517183 21.066110
-2758.865851 -2353.554125 -61.344209
-2183.299959 -1864.758594 -47.384160
-3005.064102 -2410.592004 -20.833555
-2421.612624 -1976.456709 -89.290852
-2614.882575 -2189.687436 -71.993157
-3565.608248 -2923.805430 -9.619414
-2569.972777 -2129.625886 -113.525699
-2877.922347 -2392.471753 34.793349
-3420.508962 -2767.407309 -73.333995
-2584.355527 -2107.591893 4.463442
-2645.539065 -2157.128612 5.099448
-3431.023331 -2756.249903 -63.025437
-2292.804193 -1970.119455 -19.386987
-2779.077385 -2302.093561 -126.135377
-2159.034696 -1808.989502 -68.680709
-3126.314832 -2537.944409 -83.750370
-2578.517201 -2070.352898 -46.899073
-2846.136765 -2357.884865 -125.351728
-3506.802312 -2775.047857 -71.156903
-1958.653291 -1669.646587 -56.493894
-2858.777075 -2372.037703 17.668817
-2807.313883 -2269.263347 -60.623848
-3163.792559 -2626.550073 18.464128
-3487.713278 -2819.530398 -73.325362
-3463.779859 -2834.615820 -60.683990
-2594.396022 -2094.537049 -15.718110
-1977.103858 -1621.380230 -56.617031
-2985.125805 -2436.132851 -110.439617
-3038.679915 -2441.516703 -67.998448
-3186.217740 -2609.092384 -55.749041
-2928.442679 -2508.892597 20.414064
-2319.246968 -1903.277181 7.758028
-2235.282184 -1915.039579 15.275096
-3267.134297 -2720.136970 -144.443731
-2573.990169 -2146.153345 -82.941207
-2298.650191 -1886.386320 -9.756008
-3398.577099 -2743.199705 -43.044023
-2142.187035 -1843.808648 -46.403869
-3051.857230 -2458.505965 -95.517579
-3325.110915 -2849.205487 22.331308
-2671.489710 -2290.501450 29.410333
-2236.700616 -1904.893555 -74.312017
-2738.051141 -2288.405945 18.918176
-2639.358702 -2196.174094 -116.154785
-2395.304177 -1983.372268 -94.457877
-2838.683494 -2433.459892 32.024370
-2634.072639 -2258.778973 -109.810837
-3512.974736 -2799.375730 -22.759569
-2747.642321 -2368.292908 24.769929
-3307.664487 -2698.731767 -122.380997
-2221.452183 -1899.438316 12.267951
-3245.617929 -2647.733087 -121.457968
-2682.359053 -2151.851887 -5.737288
-2541.459988 -2176.887512 16.354466
-2537.973618 -2141.813211 -6.201522
-3468.071087 -2829.070413 -127.557323
-2467.521642 -2126.716386 22.597127
-2215.735859 -1788.523947 -29.131171
-3420.140245 -2761.114312 -44.663754
-3177.428955 -2589.950527 -119.135210
-3017.796777 -2506.194737 -134.772842
-2734.920123 -2270.217063 -121.033600
-2604.028340 -2122.408728 -97.398479
-2585.898848 -2100.940753 -62.315675
-3083.157752 -2564.590229 -123.389468
-2393.600379 -1990.997764 -95.675807
-3104.296897 -2618.820476 -9.405086
-3350.779355 -2810.048267 -87.596647
-3254.979235 -2622.647422 -25.382308
-2754.966529 -2199.611854 -21.495270
-2631.409784 -2180.601415 -17.411197
-2900.074556 -2499.019979 27.203601
-3321.569015 -2719.065648 -44.366356
-3012.058891 -2520.948590 -65.047561
-2692.874266 -2203.967475 -35.917600
-2586.044873 -2227.552749 23.769655
-2634.439268 -2265.410399 -102.617850
-2127.835190 -1738.461706 5.716896
-3064.681101 -2561.171499 -88.634848
-3370.374003 -2821.069765 -74.259074
-3043.011296 -2624.877240 -95.379421
-2550.147863 -2150.173400 15.038344
-2590.352593 -2183.798635 14.016420
-2473.055524 -2061.489704 -79.644132
-2508.673314 -2003.384762 -20.604348
-2917.710205 -2390.699477 -105.278480
-3498.066621 -2980.601432 -89.178870
-2374.100847 -1898.365644 -51.656804
-2569.181476 -2054.382955 -50.611614
-2237.780069 -1864.681930 -71.771503
-3116.712263 -2535.049554 -13.116361
-2711.309271 -2168.320587 -53.047203
-3355.408826 -2841.709113 -86.398941
-2594.421704 -2073.595554 -50.482276
-3232.244839 -2640.932056 -102.157861
-2403.140765 -2017.512019 -44.631016
-2463.037602 -2067.848589 -45.456904
-2547.525165 -2061.972130 -70.818438
-3510.530875 -3005.689091 -45.035138
-3333.648675 -2665.588676 -62.044968
-3176.619350 -2536.814566 -26.379622
-2990.601471 -2485.173807 45.156471
-3055.004477 -2430.918113 -39.838684
-2696.354311 -2278.724955 -87.821673
-2818.570815 -2341.185074 -74.936515
-2293.039077 -2001.094078 -12.766578
-3357.169449 -2759.370202 -41.108030
-2173.022663 -1857.588888 -47.538781
-3206.159824 -2581.940500 19.928067
-3016.379407 -2492.408193 -82.564843
-3271.776714 -2688.777694 -40.218972
-2658.606349 -2181.007517 9.526191
-2899.820135 -2309.425698 -16.159340
-3394.708221 -2746.506027 -96.204604
-3423.687496 -2829.322224 54.384220
-2215.572422 -1830.111151 26.692647
-2856.043083 -2326.058561 -23.672824
-2065.274638 -1710.718807 -55.806661
-2543.004950 -2058.182128 -87.208657
-2405.740898 -1939.527250 -30.638543
-2101.239178 -1729.398543 -74.717000
-2362.548704 -1945.617348 21.837108
-3037.858918 -2485.409924 -28.093000
-2975.473382 -2489.465061 -83.148246
-2738.136040 -2264.107358 -27.839390
-2653.591866 -2147.794871 -74.609403
-2492.596368 -2050.990036 -72.310055
-2415.409760 -1938.231586 -43.526230
-2579.293692 -2060.351349 -19.807425
-3374.786402 -2707.896795 -61.736796
-2571.754327 -2054.116694 -65.998987
-3430.436635 -2916.284999 -77.247437
-2811.586021 -2306.127891 9.178908
-3408.468679 -2779.319620 -98.694700
-3046.018003 -2444.983179 -59.215308
-2439.598112 -1957.926774 -47.071518
-2441.247917 -1959.597258 -47.669977
-2637.381204 -2181.482243 16.137596
-3044.753308 -2516.882499 22.620572
-2505.891203 -2160.135402 -87.607400
-2517.502921 -2095.033314 3.548652
-2669.854204 -2148.050873 -81.804121
-3300.768178 -2743.279470 -64.389526
-2674.879624 -2302.533076 32.467231
-2458.384215 -2114.266180 -31.217473
-3261.032494 -2812.051149 -113.798233
-2576.494505 -2182.533080 -96.543352
-3443.163138 -2744.215607 -43.906620
-2439.707234 -1993.122447 -42.117694
-2563.706445 -2100.188113 -33.421375
-2334.040328 -1883.853077 -27.592730
-2426.936841 -2124.186317 -43.222342
-2865.798457 -2374.873047 -130.378334
-2968.504465 -2460.858104 -136.200861
-2987.265060 -2412.066700 -39.967209
-3377.320316 -2809.268666 -153.111029
-2511.574396 -2089.642037 -113.624567
-2263.772015 -1927.996386 -83.258535
-2355.769572 -2018.676702 -40.198497
-2567.210876 -2104.277677 -93.095828
-2830.989316 -2340.909847 -41.428548
-2440.107979 -2031.092519 -109.808647
-3161.644906 -2717.033050 -26.652591
-3170.906851 -2579.071653 -0.181271
-2703.704862 -2332.375340 -11.825587
-2275.664011 -1958.277588 -32.386204
-3531.701225 -2815.792933 -45.470380
-2671.562537 -2334.563208 -60.876374
-2534.288078 -2108.517080 -6.507350
-2696.554434 -2243.133976 -100.495036
-3350.350739 -2769.682197 24.448882
-2404.653917 -2082.892067 -65.878978
-2249.506256 -1838.418984 -8.055860
-3317.553967 -2771.372458 -91.458763
-3046.858639 -2445.948392 -60.326982
-2398.850957 -2004.784287 18.858481
-2497.323763 -1998.312690 -58.076080
-2664.479526 -2131.574138 -56.548025
-2954.966535 -2363.346595 -69.025590
-3305.254670 -2762.725579 -102.300962
-2820.223324 -2250.393640 -55.375072
-3388.077705 -2866.318421 28.612719
-1943.018291 -1629.798796 -51.390746
-2178.662770 -1844.400014 18.579122
-3320.463169 -2685.078116 -131.902913
-2714.193830 -2245.102233 -103.914691
-2702.639559 -2273.668047 -1.196430
-2266.107025 -1906.026733 -50.044448
-2998.369534 -2439.322434 27.441091
-3015.660430 -2538.344567 -1.344628
-2214.393110 -1863.540002 -1.471896
-2163.336988 -1730.183585 -46.501433
-3040.047756 -2483.688244 -51.009670
-2261.958611 -1827.448512 -69.640527
-2705.120652 -2162.940151 -53.767021
-2769.085749 -2328.388167 -48.389305
-3166.263134 -2692.072409 -69.765635
-2093.540509 -1709.733913 -34.159107
-2455.172558 -1961.577786 -48.629215
-2323.030789 -1857.925486 -49.678356
-3079.854789 -2515.534918 -52.459103
-2347.319589 -1868.758597 -30.316163
-3421.900257 -2858.933148 29.373650
-3012.483359 -2532.660740 -52.314142
-3287.701696 -2712.726616 52.793714
-2592.773631 -2140.573092 41.324060
-2845.397704 -2316.844225 26.008662
-2592.764182 -2140.932167 41.400315
-2340.533615 -2032.125087 -28.995190
-3254.384721 -2628.373506 -38.986759
-3239.557156 -2704.232353 26.190362
-2231.131693 -1843.219447 -61.245527
-2618.778906 -2153.484809 18.688817
-2194.997628 -1798.356773 -53.426108
-3294.544968 -2693.799691 32.117777
-3526.257572 -2888.908538 -86.027874
-2220.979822 -1816.340125 21.774990
-2554.285433 -2089.028881 24.668939
-2969.203934 -2428.948382 28.190064
-2430.303934 -1986.914491 23.077065
-2208.920750 -1839.697041 45.540596
-2668.500042 -2147.046923 -82.343013
-2193.035870 -1783.971353 -82.042339
-3509.126883 -2892.147546 58.552285
-3116.715325 -2514.859534 37.490658
-2658.681014 -2162.478655 -100.119713
-3028.589888 -2551.022038 41.500351
-2568.921218 -2080.279835 -15.411727
-2108.428675 -1708.310189 -12.774084
-2216.299078 -1794.486845 -13.372559
-3061.294756 -2670.211204 -71.003163
-3344.820763 -2776.034985 5.688679
-2359.427943 -1893.503337 -15.774376
-3246.705019 -2611.027722 -40.787258
-3058.134604 -2461.642071 -22.895718
-3347.678733 -2775.541395 21.747219
-2281.725166 -1830.336737 -15.064406
-2908.367014 -2488.919500 -63.519413
-2263.845911 -1893.905952 -64.183923
-2368.787391 -1991.654044 23.007676
-2182.737317 -1896.818274 -33.698069
-3500.090316 -2912.241989 -124.823712
-2087.178502 -1745.247943 -84.989526
-3375.660000 -2772.900460 16.994625
-2192.498256 -1892.691808 -8.941344
-3369.517683 -2782.195429 -128.687968
-2379.650489 -1908.775113 -14.185750
-3396.963895 -2883.408869 -137.914301
-3407.357440 -2748.387742 -23.742384
-2858.070345 -2436.576812 -83.419787
-2911.613008 -2369.317672 5.575919
-3557.658915 -2904.968771 -132.866942
-2822.507274 -2332.618266 -52.599710
-2419.366424 -2039.363819 -93.719288
-3347.654780 -2795.854145 54.837401
-2752.489871 -2239.915036 5.963080
-3509.331077 -3026.423186 -44.872662
-2876.157262 -2381.067591 -96.810792
-2546.397871 -2117.971935 -91.888325
-3584.434689 -2937.353939 -126.961646
-2377.944939 -1946.347343 -8.733037
-2250.897502 -1842.579406 -8.605128
-2766.625040 -2303.705202 13.252392
-3321.846585 -2721.933161 -119.111437
-3220.273256 -2640.349258 -75.509419
-3325.677660 -2724.795772 -119.145641
-2576.256635 -2218.555140 -30.761216
-2922.813082 -2397.953177 -69.505177
-3005.918564 -2450.060195 28.598217
-3343.189151 -2723.720900 31.556396
-2895.321572 -2416.601417 -54.006392
-2165.698656 -1775.282840 -36.795272
-2065.478581 -1768.054876 -72.773488
-2434.651146 -1998.814466 -23.622073
-3485.812740 -3005.812772 -43.069232
-2897.944895 -2352.235331 26.475002
-2195.275368 -1891.600161 -27.101883
-2530.849158 -2023.580876 -25.739332
-2929.455322 -2401.384295 -70.175442
-2544.736557 -2074.783206 -74.212185
-2835.839710 -2283.471462 -86.794437
-2381.531799 -1882.366354 -49.793534
-2903.941189 -2296.992131 -61.565029
-3110.545329 -2569.387369 -99.494213
-2390.792055 -1980.351974 -82.402679
-2952.309596 -2355.848956 -13.548085
-2806.362712 -2323.137910 -96.835926
-2554.775178 -2118.600143 17.186188
-2172.976017 -1775.068271 -93.387610
-3296.860302 -2630.218207 -14.715528
-3287.625186 -2601.883621 -69.200779
-3063.094365 -2545.600841 -2.295872
-3275.632723 -2722.000756 -1.948610
-2489.244168 -2060.176740 -89.466370
-2308.657599 -1867.196538 -91.382291
-2375.365650 -1941.977204 27.171985
-2796.047755 -2324.192563 -1.318478
-2389.685621 -2020.055010 -96.571017
-2455.539284 -2114.096445 -34.166911
-3062.560444 -2546.124157 -2.115582
-3190.217162 -2650.595003 -1.480361
-2586.499171 -2160.418715 -70.652406
-3169.644580 -2608.053781 -128.172521
-2475.181572 -2036.323922 -99.860841
-2990.427862 -2430.912376 -78.878216
-2363.449315 -1955.469822 -84.842306
-3394.536078 -2807.685351 -122.700641
-3374.505135 -2781.711914 42.029189
-2428.303027 -1997.522852 -98.275480
-2908.445894 -2357.499728 3.296065
-3112.896672 -2463.602150 -68.818850
-2138.011735 -1728.149800 4.436664
-3288.490309 -2711.931803 41.374928
-2212.831065 -1827.390113 -60.177758
-2633.477493 -2244.813045 26.252495
-3296.296369 -2810.694992 -70.943042
-3604.884316 -2948.457767 -100.937987
-2321.484093 -1979.735001 -49.870841
-3253.208487 -2660.171318 -90.978295
-2623.234757 -2264.779076 -94.815496
-3493.379537 -2950.084504 7.476037
-2343.899831 -1979.705730 4.588085
-3029.860299 -2508.474587 -139.664895
-2989.810232 -2472.349540 3.465254
-3189.219241 -2747.194567 -85.314165
-2306.997914 -1930.948915 -105.745818
-2030.280051 -1699.178445 -92.757241
-2360.208728 -1940.072601 17.830435
-2643.178335 -2234.287335 -11.174679
-2503.301925 -2155.902495 -67.178255
-2102.002126 -1793.015208 -70.131197
-2499.420279 -2153.734855 -66.478959
-3286.787206 -2678.796017 -81.966256
-2250.127867 -1918.678470 -73.530380
-2645.391710 -2214.293883 -121.214120
-3342.505801 -2860.600142 -34.769037
-2586.978961 -2134.130630 22.277090
-2337.290903 -2003.241513 -30.345639
-2248.879060 -1917.537163 -73.481329
-3537.094524 -3014.895669 -129.032107
-2241.873558 -1858.855496 -20.189014
-2836.021111 -2416.375742 -103.551076
-2218.743727 -1896.286255 19.898131
-2440.232155 -1945.495032 -48.556626
-2456.989363 -2101.740011 -4.026412
-3070.850898 -2601.161547 -102.021184
-2619.475132 -2184.657209 -68.798298
-3271.030271 -2703.900301 50.432233
-1941.161471 -1619.113807 -51.416826
-2619.229986 -2165.052158 40.367230
-3281.447957 -2711.638174 51.568815
-2995.135426 -2572.201916 33.059894
-2287.184538 -1961.558308 26.337235
-2635.660099 -2261.708403 30.208581
-2200.918438 -1809.863711 -92.869770
-2677.075597 -2220.591376 -25.264620
-3169.634851 -2605.896107 -132.891093
-2626.079111 -2158.568864 -110.661581
-3419.170524 -2918.868283 -74.791624
-2767.394531 -2301.920244 -67.321523
-2941.900121 -2398.685182 -2.604356
-2575.180152 -2136.654159 -24.678216
-2345.751380 -1917.996694 21.770173
-3313.998102 -2821.164252 -68.905489
-3188.056656 -2749.236923 -85.951404
-3175.059609 -2689.204402 -58.470995
-2473.016586 -1974.218654 -6.927534
-2414.497930 -2051.739208 -48.088214
-3372.968840 -2776.728046 42.002269
-3353.845404 -2736.523772 -53.675249
-2446.707719 -2078.938563 -23.427194
-2667.495427 -2205.172043 41.809455
-2758.691785 -2230.529147 -10.037607
-2684.600988 -2276.004739 -18.062241
-2929.005339 -2477.245312 -51.706248
-2991.797912 -2460.683869 53.106404
-2343.883944 -1906.696432 10.641572
-3470.282366 -2867.033827 54.769628
-2998.407294 -2399.171176 18.106372
-2592.037679 -2075.135039 14.904630
-3220.567076 -2577.106001 19.606553
-2886.816468 -2366.113109 -105.087585
-2784.067797 -2221.059451 -55.943000
-2560.940522 -2214.627764 -72.390343
-2699.689348 -2309.851548 -16.326289
-2285.809793 -1858.778025 0.648555
-2960.563318 -2411.573572 0.456534
-2903.145737 -2387.953922 -120.987551
-2952.574033 -2358.088563 -31.884973
-2436.254755 -2039.173891 -115.224949
-2684.136109 -2325.599248 -37.920541
-2685.150223 -2140.936001 -53.828583
-3568.789603 -2906.174731 -1.296167
-2563.131547 -2095.023330 23.677325
-2825.790506 -2342.226159 -2.741611
-2336.493598 -1893.241370 6.426263
-2746.098413 -2312.178915 -106.073586
-2400.693996 -1983.670564 -66.201875
-2673.977913 -2188.576484 35.217010
-3123.713043 -2548.105760 -76.441182
-3203.963739 -2705.827898 5.003767
-3122.878088 -2531.437638 -17.331858
-2562.170293 -2120.108969 -88.452385
-2351.838148 -2012.582884 -23.186713
-2512.260786 -2078.070443 -18.782305
-2166.593543 -1792.967405 -75.154514
-2980.541424 -2517.826583 -92.378664
-2389.814451 -1984.329054 -107.454863
-2817.433197 -2436.854753 -79.536760
-2385.567920 -1915.198330 -86.391958
-2313.485195 -2024.965600 -16.323886
-2567.286372 -2113.800559 -58.280188
-2568.137759 -2114.810356 -57.946578
-2872.242006 -2375.615687 -12.984422
-3184.287627 -2609.343882 40.794205
-3193.120602 -2722.105859 -124.292993
-3341.309025 -2765.926854 -23.482850
-2317.139185 -1882.025364 -16.513606
-3297.270155 -2718.793393 -130.477552
-2489.386087 -2123.590009 9.108498
-2549.877969 -2119.695317 48.357117
-2414.495338 -2057.390027 30.673521
-2470.459169 -2105.185478 31.571439
-2622.775323 -2228.064691 34.019030
-2906.293473 -2500.444392 -18.414275
-3193.958954 -2738.121351 -52.248877
-3197.884816 -2720.545282 -51.295315
-1979.722939 -1682.118389 -36.213990
-2492.353804 -2053.294585 -102.816334
-2253.893631 -1835.018529 -15.993742
-3090.853498 -2559.093350 -13.661443
-3405.990876 -2817.304832 -16.563005
-2683.395155 -2155.443503 -5.730007
-3430.469831 -2820.829419 -45.612099
-3428.470608 -2819.252776 -45.521867
-2490.458115 -2141.085293 -8.389089
-2383.448699 -2013.922784 -35.250825
-2902.875107 -2476.945580 -107.942590
-3460.174076 -2901.905290 41.631341
-2951.802892 -2470.415824 -56.341602
-2385.325837 -1986.687573 -84.012704
-3273.360391 -2800.742734 -88.361516
-2619.893459 -2176.612734 49.407654
-2845.508102 -2487.980284 -63.752523
-1865.330604 -1485.317963 -52.076050
-3170.471040 -2523.687762 -51.425503
-3132.984070 -2623.587778 -65.124012
-3506.550814 -2999.804692 -94.814763
-2719.070750 -2290.119162 -109.947411
-2380.866118 -2028.617006 -44.415870
-2561.655160 -2144.630024 -51.301897
-3432.766377 -2943.066675 44.676909
-2887.135785 -2474.944207 37.548131
-3026.737623 -2603.829234 39.421562
-2052.241812 -1740.305352 24.446378
-3163.979737 -2692.402137 30.881042
-3563.336377 -2837.324838 -90.603244
-2788.358675 -2409.473915 -93.931570
-2136.866152 -1775.097328 39.705721
-3474.910410 -2766.845822 -87.360772
-2627.149634 -2181.551198 -61.427229
-2294.473509 -1986.275286 6.640182
-3211.268166 -2689.032290 -67.439328
-2492.718339 -2015.783283 -101.913461
-2220.415081 -1882.331603 13.124478
-3056.472153 -2427.427297 -76.035888
-3148.635294 -2505.949495 -51.936200
-2103.698985 -1699.952495 -73.156566
-2405.575275 -2000.368037 40.656118
-2118.237039 -1761.746722 -4.106398
-2497.814008 -2146.833431 31.223198
-2826.524946 -2249.895595 -78.475542
-3469.288119 -2877.962784 51.501282
-2405.445374 -2024.106096 -111.748097
-2431.123318 -2059.606916 24.718926
-3270.322082 -2711.735871 49.216500
-2692.628712 -2270.250017 -112.147469
-2870.176687 -2496.839041 -56.043531
-3403.357505 -2828.193394 -109.800379
-1888.064549 -1581.431834 31.027408
-2349.592354 -2013.395678 -44.939478
-3349.269410 -2836.227141 -132.455615
-3145.308118 -2653.448533 -41.347124
-2574.672952 -2086.526195 -89.479918
-2052.591296 -1749.637700 8.018237
-2634.883367 -2189.328653 49.054722
-2381.464111 -2026.385443 29.292027
-2294.707708 -1851.927319 26.635812
-2462.754246 -1960.356550 -68.299432
-3281.994918 -2774.554595 -104.043449
-3478.073829 -2919.253097 -153.874531
-2191.053726 -1898.946246 -6.622538
-3294.125096 -2645.104900 -24.629854
-2801.985450 -2276.989403 -10.166420
-2421.011572 -1979.205827 -82.941684
-2763.248259 -2259.034063 -98.438573
-2891.248568 -2448.254283 -4.270585
-3184.964031 -2616.088686 -66.835329
-3236.468603 -2707.888702 -119.600740
-2590.931925 -2094.654365 16.706918
-2446.224549 -2141.627391 -49.333585
-2939.414087 -2390.644977 -55.118017
-2653.062841 -2157.734965 -50.071276
-2516.988907 -2047.528556 -78.803271
-3281.090238 -2774.380078 -85.096303
-3258.551114 -2746.849857 -10.632586
-2818.537575 -2342.239049 48.627817
-2296.828991 -1938.926500 -65.666230
-2714.147011 -2219.301913 -97.106606
-2342.740783 -1956.997994 -49.671381
-2737.991581 -2289.888089 -62.614853
-3584.016248 -2855.231020 -53.352263
-2941.329618 -2506.069250 -81.017513
-2521.039196 -2061.812643 -89.483752
-2965.172645 -2377.425561 -63.434070
-2660.014459 -2136.705392 -75.614922
-2086.230852 -1653.749387 -14.360261
-2508.984722 -2104.037607 -114.388357
-2373.482754 -1899.329888 -50.364854
-2880.193086 -2494.496649 -54.111551
-3459.324082 -2912.509605 26.846225
-2706.943167 -2157.404363 -58.898938
-2958.460081 -2429.994694 41.617435
-1991.486549 -1675.688131 13.421274
-3422.559878 -2714.828605 -24.230738
-2705.455609 -2163.743250 -48.187669
-2999.632693 -2567.652402 30.290256
-2634.033340 -2213.644790 -113.709485
-3242.493149 -2584.785316 -70.581314
-3557.850188 -2942.129906 -139.200166
-2809.925672 -2433.627638 -52.162719
-3428.573051 -2756.328918 -23.505901
-2449.139100 -2031.500146 37.846061
-2928.908669 -2385.078506 25.075233
-2772.021895 -2332.145918 -129.541169
-2306.433293 -1929.280330 -86.308754
-3488.414542 -2841.115362 -133.788999
-2771.086656 -2207.422961 -14.135430
-2493.936266 -2031.834444 28.232967
-2335.422649 -2023.823263 -6.785571
-3406.856440 -2756.271361 -34.744413
-2562.293241 -2119.123696 -99.234563
-2973.967604 -2497.136927 -131.148859
-3227.063668 -2780.908815 -16.548239
-3324.959711 -2648.463274 -15.016634
-2292.845783 -1871.885346 24.117259
-3284.206994 -2637.291021 -23.107024
-3469.259409 -2835.644248 -122.104645
-2132.229275 -1711.770623 -32.416906
-3528.822687 -3016.829728 -57.854784
-2865.709333 -2388.146438 -99.991701
-3313.441155 -2900.637148 -68.332874
-2993.572663 -2386.718354 -45.370990
-3514.323610 -2815.443178 -57.099409
-2716.300328 -2173.803484 -57.724337
-2913.021907 -2488.251674 -52.055953
-2703.249823 -2326.397701 -44.002239
-3492.047400 -2823.195068 -35.492996
-2669.204557 -2242.831051 -116.718893
-2965.568872 -2491.128157 -127.439983
-3418.213871 -2873.629246 17.683218
-2527.425548 -2113.724069 -94.423367
-2568.200005 -2135.308200 43.480545
-3068.129129 -2593.790634 -78.715325
-2973.476415 -2496.810565 -131.455746
-2486.283051 -2123.346308 -0.598694
-2552.968911 -2085.227247 -90.793673
-3234.772892 -2755.320142 -59.248252
-3226.967080 -2746.456469 16.872907
-2355.635004 -2009.722249 -65.486225
-3136.716278 -2572.075024 -95.732750
-2561.944678 -2101.179746 -71.099789
-3151.697885 -2551.519762 -68.941134
-2686.201754 -2320.848147 -90.812661
-2764.071146 -2207.911449 -16.251697
-3081.659239 -2565.347495 -126.234247
-2352.549709 -2014.480971 -46.457465
-2790.056000 -2260.635517 -59.182527
-3504.787125 -2979.221650 -45.811886
-2283.886170 -1825.766992 -13.573845
-3537.137334 -2819.423921 -104.874660
-2419.541308 -1987.360620 -50.648515
-2135.242074 -1753.903850 -53.268916
-2745.996185 -2336.468891 16.957443
-2173.071225 -1762.846780 -86.750707
-3414.074939 -2717.693204 -16.344089
-2515.829855 -2156.321484 -89.286392
-2339.215575 -1908.210595 3.132894
-2829.747974 -2306.983739 -22.037117
-3009.128799 -2398.336840 -20.446373
-2081.034983 -1788.834678 -74.118241
-2323.036056 -1942.524782 -85.620392
-3516.834481 -2942.747610 35.688002
-2218.227663 -1887.693483 12.849621
-2582.092892 -2160.672801 25.723028
-2523.968826 -2017.469089 -13.644926
-2493.734695 -2126.710767 -17.717931
-3446.114259 -2795.587679 -69.642256
-2557.732792 -2168.851462 15.548252
-2414.528650 -1959.412072 -48.466961
-2324.762546 -1979.361187 -87.351245
-2641.436065 -2253.143117 -18.293506
-2991.089739 -2548.677295 -20.157192
-2596.205736 -2171.471600 -8.439789
-2377.937810 -2056.624575 -90.045342
-2582.030769 -2083.688921 -96.783558
-2655.047051 -2155.082724 -52.709706
-2922.622400 -2487.410920 18.395079
-2866.556228 -2445.326918 -19.406202
-2614.240873 -2161.223995 30.008419
-2952.814165 -2512.787264 19.447298
-2619.360186 -2165.735080 29.938200
-2222.167999 -1911.981024 11.921776
-3182.000254 -2707.642862 18.894112
-3065.045508 -2551.067475 -124.462578
-3084.624013 -2545.130061 -32.072834
-2219.931759 -1888.909964 12.819412
-2538.798408 -2201.152007 -91.601091
-2271.503704 -1809.643201 -64.664619
-2405.251791 -2053.153005 -10.017235
-3051.356098 -2493.551272 -74.551148
-2564.667842 -2100.733545 -42.653283
-2635.337662 -2089.927691 -20.562833
-3263.417154 -2662.413386 -88.566508
-2182.767479 -1764.469784 -62.776193
-2320.179411 -1852.765335 -2.997054
-3200.375718 -2611.039957 4.299267
-2773.421057 -2375.433951 -53.977810
-2778.715834 -2224.504293 -5.295350
-3511.107336 -2856.418953 26.635859
-2428.588205 -1934.175915 -10.945333
-3206.511169 -2742.520280 -82.984006
-2428.115717 -2030.367582 -114.303344
-2905.313386 -2488.917647 -56.666198
-2234.665600 -1793.038735 -38.117441
-3353.596661 -2812.772017 41.954270
-2697.679729 -2168.427466 -58.738417
-2399.403333 -1961.157270 -100.184413
-2449.221469 -2091.826809 -74.507338
-2203.873299 -1888.055594 -42.574241
-2505.689425 -2052.594820 -80.504099
-3307.878840 -2675.689010 -95.233654
-2163.651138 -1750.348067 -62.848689
-3537.709718 -2833.147193 -7.799676
-3308.873172 -2677.057951 -95.449594
-3323.830959 -2780.746906 -7.856521
-2801.689588 -2260.280505 -84.264436
-3341.676783 -2722.383352 27.831943
-2650.214538 -2127.185846 -19.171287
-2545.222070 -2181.721596 -50.320157
-2679.358496 -2331.105322 -57.133547
-2732.570245 -2174.902573 -26.482300
-3325.159514 -2648.234678 -14.734763
-2713.047886 -2335.691034 -43.760625
-3244.781532 -2822.695368 -27.813181
-2703.601826 -2169.824338 -42.051134
-2538.080857 -2143.175142 -73.356927
-2750.407832 -2249.816106 8.221721
-2376.164337 -1906.466785 -37.212123
-3112.182149 -2508.444136 -94.440253
-2911.229260 -2392.473389 35.560805
-2361.647817 -1895.924342 -3.940707
-3162.771979 -2551.603287 -119.050107
-2570.300504 -2172.474043 -39.845531
-2201.162234 -1835.861659 29.997192
-3006.551442 -2414.113307 -5.232679
-2973.045519 -2500.306839 -128.281950
-2313.049084 -1955.097609 -35.825038
-3410.656141 -2935.104128 -132.972345
-3161.126248 -2550.245911 -118.114068
-3327.304133 -2864.942316 -53.788325
-2669.396134 -2231.244954 -56.919142
-2839.215501 -2388.216323 -108.848141
-2334.625686 -1977.379148 -75.724271
-2678.692247 -2257.391597 -96.583581
-3147.064930 -2679.500267 -57.985766
-2694.401544 -2149.642116 -43.295384
-2461.650928 -2027.105431 -81.690399
-3092.618667 -2601.395014 -131.150334
-3464.244337 -2914.191106 -133.049800
-2704.936420 -2170.972164 -42.017964
-2640.478671 -2190.925909 -11.756361
-2940.692724 -2467.212075 -59.894974
-3489.296175 -2776.910821 -15.568591
-3185.602979 -2727.906263 -50.840962
-2223.847515 -1912.775953 -87.182323
-3107.742627 -2525.220036 16.288459
-2342.551548 -1957.486582 -49.683415
-2491.529687 -2119.377088 -39.461308
-3457.212143 -2818.353235 34.151388
-3465.354996 -2802.505514 -31.086646
-2777.446336 -2257.325598 14.059398
-2337.492027 -2001.752317 -36.915399
-2481.060230 -2092.290642 29.213691
-2078.561178 -1694.774035 -15.930773
-3163.340954 -2551.949052 -118.331593
-3062.290280 -2635.782536 -121.319210
-3015.976116 -2493.752249 -19.569769
-3143.733601 -2690.369028 -60.052420
-2379.638064 -2064.127361 8.218337
-2418.469804 -2000.382709 -15.373180
-3373.605852 -2790.764435 -20.122531
-2727.413705 -2167.373725 -68.110212
-2879.035986 -2496.940925 10.602135
-2532.755796 -2167.954825 -47.873353
-2512.001852 -2076.931409 -14.724779
-2803.295991 -2318.344659 -15.692376
-2385.532416 -2067.815133 8.381772
-3400.155506 -2813.728103 -22.899559
-2290.822816 -1895.243802 -13.863168
-2303.589545 -1919.835587 -44.750912
-2506.826737 -2115.030991 -108.136323
-2187.588060 -1850.765045 -71.513013
-2429.670269 -2067.932104 29.547747
-2278.904248 -1913.899182 -79.119859
-2424.965392 -2036.455941 -83.899976
-2435.675703 -2037.281255 -62.246755
-2524.395623 -2106.810290 -55.997494
-3355.473469 -2839.039465 -109.012854
-2225.668600 -1884.204847 -71.914536
-2352.768475 -1970.199274 -4.969876
-2954.780841 -2421.190628 -0.820846
-2258.416390 -1854.190365 -74.855948
-3073.787580 -2564.826957 13.322642
-3441.890554 -2850.407914 -63.381120
-3212.201282 -2592.604876 -100.265094
-2678.332527 -2338.614703 -25.945462
-3441.142528 -2797.421087 -42.512072
-2891.718362 -2317.714490 -29.911596
-1987.105861 -1661.367703 -93.306953
-2779.920666 -2204.062233 -20.035835
-2614.755130 -2183.264788 -61.678080
-3037.310165 -2619.065473 21.302005
-2724.981144 -2227.879016 -113.602618
-2859.212367 -2325.280351 -46.986465
-2283.475248 -1845.107602 -16.199513
-3234.159706 -2571.762873 -81.299120
-3483.553816 -2982.808192 -90.973313
-2298.065998 -1897.976982 -51.603387
-3151.759312 -2644.530615 -100.316240
-2895.726632 -2353.228753 -10.298298
-2578.863019 -2138.045528 39.133904
-2819.098543 -2290.447989 -9.433771
-2190.657616 -1779.456537 -7.562382
-2139.981641 -1804.343417 -88.520713
-2415.497935 -2028.479298 -83.116175
-2416.120219 -2029.137320 -82.949343
-3334.747293 -2811.122868 -137.406675
-2677.571781 -2337.827173 -25.955287
-2419.742006 -2049.084103 -95.036674
-2048.361382 -1754.692146 -72.409903
-2610.369355 -2108.660835 25.827130
-2748.029179 -2208.146770 -19.584647
-3591.030516 -2948.616596 -88.791446
-3386.371376 -2730.678333 -104.871459
-2324.489252 -1942.806215 -85.049335
-2511.293876 -2103.244190 -4.560924
-2488.804250 -2038.750875 -58.158217
-3463.868627 -2914.735113 -132.128376
-2757.577960 -2258.143303 -65.159672
-2435.135227 -2113.565393 13.771008
-3213.480546 -2738.373527 -61.920413
-3021.875151 -2488.932537 -106.286922
-3327.294650 -2740.231272 -117.595250
-3525.269212 -2913.203406 -15.958302
-2367.889603 -1916.411004 -27.870434
-2776.097330 -2327.672719 -105.323041
-2609.773327 -2171.923594 45.264367
-3001.361966 -2429.877251 -109.087281
-2523.654941 -2094.229186 -4.714564
-2606.959561 -2072.534984 2.322056
-2642.938847 -2228.920990 17.134623
-2560.332232 -2105.526978 -34.754961
-2462.354707 -1958.210790 1.851335
-2877.149005 -2523.985197 -46.820719
-3324.137453 -2767.639542 63.963534
-3552.827434 -2938.059795 -13.782964
-2452.036593 -2077.741698 16.089935
-2634.095701 -2207.393207 49.121131
-3039.240077 -2574.940783 19.495175
-2723.234066 -2371.447611 -57.143621
-3307.061792 -2880.149372 -73.115891
-2509.967089 -2078.684810 45.412904
-2286.988149 -1893.531688 40.763200
-1985.579753 -1619.103262 14.014201
-3339.904044 -2830.419326 39.206323
-3179.145925 -2681.002245 43.985010
-2728.562011 -2212.821979 -19.248534
-3312.534629 -2686.838628 -22.391095
-3177.577276 -2679.999463 44.817540
-2579.189613 -2116.477054 -27.114659
-2795.529847 -2376.341352 -38.073437
-2512.513144 -2129.530442 16.542985
-2833.329015 -2307.227240 23.099038
-2929.324463 -2384.686661 24.361786
-2640.182076 -2148.927403 21.512138
-2348.849456 -1911.487321 19.030246
-2793.109831 -2294.016870 -6.099776
-3415.229798 -2807.012726 -7.651705
-2492.133483 -2072.181012 -115.329622
-2589.361729 -2202.121720 -68.983057
-2630.402049 -2136.704749 -46.729157
-2787.840847 -2325.731086 -82.062822
-2399.602688 -2000.338758 -68.181782
-2815.936069 -2257.731476 -5.014239
-2093.883297 -1701.817554 -56.052424
-3172.318963 -2697.175833 -84.007480
-3111.785963 -2638.978130 19.491986
-2979.607499 -2483.745858 2.591711
-3403.191301 -2925.473342 -54.745250
-2562.224600 -2091.431855 4.173842
-2561.654892 -2091.086914 4.151715
-2274.740119 -1956.887790 -36.449843
-2631.940532 -2150.046191 4.560625
-2899.436503 -2473.764170 22.266610
-3009.902815 -2384.378735 -65.043447
-2569.200038 -2060.957919 -43.655252
-2511.929727 -2014.547069 -41.927952
-3163.878116 -2536.728007 -54.420951
-2878.740136 -2478.700671 -49.835506
-2406.181088 -2027.025621 -0.708591
-3105.996422 -2668.963517 -49.861845
-3039.197943 -2439.061954 -65.277367
-2343.096831 -2013.717554 -37.765375
-2874.916243 -2313.117264 -40.474954
-2561.411615 -2062.108467 -35.884574
-2625.939747 -2112.883668 -36.794899
-2867.964538 -2401.684383 -83.363326
-2207.725254 -1848.552200 41.280693
-2998.179704 -2431.172254 -21.258930
-2246.344187 -1918.709223 -26.251046
-3142.200924 -2646.055776 -125.790111
-2410.970804 -1999.806104 11.862109
-3198.015912 -2731.247667 -38.183921
-3005.891853 -2534.348023 -123.492173
-2161.136539 -1878.937665 -18.880028
-3598.262560 -2945.983700 -86.273681
-2478.372911 -2033.016666 -71.944864
-2557.597644 -2069.917730 -93.495418
-3302.821801 -2627.558187 -12.380584
-3030.851033 -2453.227511 -110.854080
-3579.067185 -2967.148657 -87.694005
-3304.474208 -2717.432798 -123.542034
-3134.520300 -2528.084342 -97.664297
-3104.308047 -2504.365804 -97.259032
-2802.007387 -2260.459844 -87.111156
-2420.144459 -1991.798436 -73.140846
-3423.332798 -2843.289345 61.434443
-2431.432589 -2019.180699 49.418229
-1946.971273 -1676.924134 25.175425
-3262.311005 -2811.923671 41.393966
-2555.580294 -2136.554172 -48.505048
-2657.966164 -2258.144461 35.010470
-2040.480550 -1653.055531 -40.920341
-2996.752639 -2496.997843 50.205037
-2466.793208 -2075.999081 14.015902
-2548.303991 -2152.737028 -37.615081
-3390.968064 -2796.919852 -112.891145
-2345.396528 -1871.418759 -0.793414
-2351.565308 -2047.550539 -34.971548
-3443.290316 -2908.375468 50.002336
-3093.783256 -2656.571878 42.344130
-3278.596011 -2741.376868 -60.757875
-2651.734796 -2102.948231 -57.590085
-2978.695936 -2506.806015 16.287882
-3261.918565 -2708.248442 59.464973
-3099.596181 -2675.742004 37.432976
-3294.046392 -2844.312507 38.700318
-3364.729918 -2793.556558 61.799609
-2059.226859 -1722.820950 -38.763775
-2388.080642 -2019.306011 -55.318729
-2725.921097 -2304.837523 -63.374444
-2570.718439 -2057.721128 -38.963213
-2995.208723 -2406.336623 -44.653892
-2505.527422 -1991.991576 -54.573926
-2508.766964 -2173.684640 -46.866880
-3518.964440 -3005.311753 -62.258767
-2512.336125 -2174.973031 -88.172984
-2510.703219 -2173.551073 -88.105003
-2536.238242 -2193.306821 -45.402049
-2456.749200 -2124.212737 -43.914774
-2057.968998 -1652.726546 -30.212755
-2902.835558 -2514.993390 -101.446776
-2860.577788 -2318.765423 -54.766828
-2872.979966 -2451.786785 -104.319062
-3293.515705 -2674.659916 -67.045700
-2704.174545 -2197.319500 -54.463948
-2702.463538 -2196.340165 -54.633010
-2704.354469 -2198.338165 -54.306290
-2598.138928 -2172.456769 -47.036911
-2538.514240 -2201.767011 -91.935966
-2638.959066 -2288.603298 -95.019204
-2294.130135 -1989.137385 -81.436130
-2816.240487 -2350.028661 44.626206
-2591.605817 -2100.497404 -51.331841
-3417.349771 -2771.051847 -63.852952
-3065.871478 -2486.477059 -57.011346
-3162.832356 -2552.050059 -96.584124
-3163.949399 -2537.346661 -43.558181
-2798.511498 -2386.411950 -77.966082
-3115.647151 -2630.145742 -47.277405
-2351.458359 -2008.205376 -67.076033
-3442.641338 -2873.351012 53.753371
-3365.004075 -2726.479501 -66.618094
-3490.514854 -2830.035766 -70.082556
-2450.213437 -2119.995494 -86.367202
-2779.208891 -2322.469353 -49.840567
-2943.469850 -2462.719436 -120.565122
-2587.019678 -2109.902256 9.793066
-2482.088713 -2045.260063 -78.221964
-2482.493060 -2045.545818 -78.156658
-2121.357748 -1787.177352 -89.043592
-2483.445319 -2026.553925 9.753706
-2601.475470 -2147.941920 -9.946127
-3452.391979 -2797.842188 20.336143
-2931.119192 -2458.545071 14.583759
-2314.835214 -1940.415200 -1.293610
-2312.707103 -1894.897272 12.595072
-3107.671497 -2600.416217 -127.509740
-2900.430248 -2376.267660 15.978415
-2995.499354 -2453.692073 17.624221
-3197.639219 -2619.069683 18.313442
-1790.194914 -1465.887118 10.369912
-2393.138247 -1943.103219 -15.319967
-3096.670572 -2543.557416 -32.687895
-2480.843126 -2009.972440 14.487086
-2896.226460 -2361.064767 3.696966
-3176.181158 -2573.446274 18.890884
-3008.520054 -2608.648607 -105.974018
-2387.107242 -2003.145019 -99.526746
-2473.856442 -2074.884498 -103.785288
-3457.722445 -2927.854794 -43.450203
-2944.246992 -2409.823226 -25.121153
-2580.075216 -2098.219719 -50.444379
-2233.499147 -1799.292887 -67.968256
-3111.416143 -2545.919787 11.262932
-2733.714299 -2379.281218 -23.893547
-2829.725475 -2305.250763 -20.340047
-2059.582055 -1655.463041 -29.171723
-2552.969901 -2212.146658 -89.013769
-2640.004052 -2214.487362 -51.875039
-3320.425151 -2673.188429 -5.608514
-3190.383043 -2796.272652 -49.229619
-2272.381930 -1966.151573 -33.452168
-2650.482538 -2297.953528 -93.608165
-3226.382675 -2634.874948 -121.910211
-2527.905415 -2133.748734 -69.830194
-3083.205525 -2667.067959 -45.455438
-2547.759395 -2219.320451 -0.410449
-3574.297106 -2983.605199 3.801484
-2255.659543 -1897.624938 13.445921
-2484.350938 -1989.201826 -2.091418
-3411.410093 -2729.999184 -2.614000
-3255.026950 -2731.347333 60.227540
-2972.445799 -2378.442456 4.568124
-2394.897112 -2002.364808 46.061668
-3530.806127 -2900.207470 -104.111097
-2185.115531 -1865.439778 -38.735374
-2341.811911 -1981.106550 -95.417607
-2512.903827 -2138.516685 -67.059906
-2052.189200 -1787.316817 -26.204281
-3181.944418 -2613.562392 -93.435294
-2854.985595 -2420.688470 18.170793
-3565.831120 -2899.946601 -95.898923
-2073.535884 -1765.697225 -55.880647
-2133.616898 -1734.891338 -33.908165
-2219.409035 -1765.855528 -63.819342
-3489.169169 -2975.087719 -34.180947
-2974.740379 -2495.542417 -125.145725
-2400.345420 -1977.511895 -5.383963
-2888.366793 -2509.481367 -26.111082
-2619.326274 -2083.469571 -10.132307
-2122.870387 -1680.717042 -46.628567
-2974.479891 -2553.476441 -13.297842
-3166.933814 -2634.827009 55.453561
-2952.866430 -2450.979115 -61.742112
-2713.704513 -2251.806223 -56.619280
-2830.525311 -2369.615104 -8.140959
-3431.276958 -2872.846168 -9.004168
-3307.620591 -2882.631626 -73.563080
-3340.796807 -2659.710513 -54.881131
-2629.401747 -2239.618309 10.004187
-2822.036551 -2249.126660 -55.567033
-3166.628323 -2698.943944 11.738310
-3361.251222 -2732.056845 -76.377794
-2338.301233 -2039.213145 -37.442615
-3003.045886 -2428.284726 22.264839
-2542.958475 -2170.359040 0.661602
-2478.482556 -1968.555786 -27.033787
-3120.451429 -2650.334522 34.703237
-2776.141487 -2218.191488 -5.383670
-3286.229523 -2700.820921 -81.208317
-3309.382833 -2761.028807 12.535307
-3361.061055 -2733.302947 -76.683770
-2605.564411 -2121.174648 -101.298868
-2585.462282 -2146.816501 43.839700
-2973.575591 -2449.812191 -102.352626
-3333.505748 -2808.901679 -10.789257
-3275.003739 -2718.173846 14.018705
-2663.406379 -2230.396109 -8.253021
-2198.020682 -1876.976553 -8.390403
-2422.821320 -2054.092979 -88.190087
-2218.509116 -1850.084105 8.030729
-2579.747277 -2121.010144 -28.381940
-2333.227154 -1994.550956 -4.592142
-2512.445704 -2189.557849 -55.343078
-3149.033898 -2655.597380 33.018057
-3403.302506 -2858.538704 -120.797948
-2663.666510 -2152.736503 30.426961
-2375.040136 -1958.349730 7.751945
-2844.585208 -2399.409611 29.758076
-2547.219236 -2204.511331 6.081528
-3133.643932 -2573.289476 45.687793
-2816.124107 -2301.849625 -74.777872
-3177.075834 -2620.238380 9.893391
-2190.693855 -1847.939672 22.551875
-2159.543400 -1773.685555 31.489451
-2731.477683 -2208.608049 -22.731973
-2288.591641 -1913.363622 -6.675737
-2690.359621 -2298.134441 -9.999968
-2594.879629 -2238.073795 -63.298078
-2498.505573 -2153.805969 -61.347969
-2195.642333 -1891.900268 -54.195236
-2465.819964 -2134.869388 -11.804234
-2330.664657 -2008.086724 -53.790833
-2102.570682 -1673.277247 -22.566872
-2409.727253 -2060.593543 -4.946459
-3053.792021 -2477.548807 -121.938186
-2588.190161 -2145.413754 -61.204371
-2587.549659 -2144.099253 -61.216997
-3382.356360 -2891.894604 -6.139688
-2215.900334 -1802.689632 -51.049095
-2603.452168 -2223.933136 -75.580565
-2885.767436 -2390.278949 -72.210358
-3313.119033 -2697.966754 -134.347003
-2604.132188 -2120.414330 -101.141345
-2883.103340 -2388.116362 -72.150976
-2996.225102 -2415.311905 -94.864701
-3141.709766 -2539.355062 -27.451565
-3396.183388 -2792.950597 -37.241496
-3276.367669 -2693.946992 -35.535685
-2957.915002 -2575.224052 0.963343
-2304.120021 -1862.558320 -20.291387
-2637.260513 -2130.350725 -23.761096
-2388.143959 -2008.459720 15.773909
-2338.450382 -1980.615203 -93.299426
-3348.142178 -2738.806472 -88.538604
-2596.209153 -2199.366468 -103.251613
-2594.531693 -2258.744696 0.277981
-1993.158823 -1649.690665 -2.871144
-3355.444575 -2897.071473 -60.311454
-2590.670611 -2236.671591 -47.215660
-2619.078135 -2260.431042 -47.396022
-2806.227345 -2440.500682 -25.490722
-2610.672264 -2109.713436 -22.488015
-2551.824405 -2061.589635 27.871349
-3292.902504 -2658.250774 37.513199
-2333.597648 -1975.513128 -97.759430
-2417.971069 -2053.298347 -84.279249
-3319.768136 -2812.027036 -138.751493
-2927.753178 -2365.141071 32.416871
-2004.207169 -1677.747821 -4.811907
-2334.898111 -1976.689210 -97.792660
-3473.950340 -2806.339455 35.132205
-2343.029763 -1877.444760 -25.316116
-2340.997819 -1875.957420 -25.354380
-2965.655870 -2556.001054 -14.668365
-2385.596912 -1999.203887 -73.847745
-2392.540703 -2005.188978 -74.280645
-2370.481283 -1910.458189 -5.283351
-2480.720174 -2040.684306 -92.952542
-2313.364525 -1989.805017 10.388369
-2427.494132 -1995.865302 -91.867664
-2987.369171 -2367.117561 -21.504443
-2721.458745 -2254.342068 35.390346
-2699.007861 -2262.095115 6.431180
-3322.232813 -2812.251205 -133.901058
-2466.368808 -2066.752387 5.610400
-2854.926522 -2393.928392 6.031441
-3351.542476 -2919.015900 -8.340542
-2710.438510 -2233.134787 -43.197510
-3155.868918 -2529.642580 -33.381563
-3262.404050 -2825.751965 -34.982803
-3106.814608 -2655.487862 -121.188182
-2635.049609 -2274.121062 -47.714061
-2896.204646 -2476.302816 -113.737488
-2607.489653 -2221.915763 -51.410969
-2791.527677 -2378.333307 -54.966910
-2364.626067 -2056.999584 0.646566
-2117.133800 -1728.700564 -57.692017
-2653.458717 -2169.846812 -65.979420
-2912.486974 -2535.360899 -8.184681
-2606.315792 -2122.881891 34.208990
-2136.291343 -1698.004840 -22.678517
-2480.870545 -2016.805184 -67.161129
-2751.624723 -2318.884993 -8.217223
-3410.277386 -2772.187252 -91.823683
-2989.656182 -2491.333822 -135.333576
-2426.877297 -1933.669167 -25.870518
-2111.518781 -1717.401800 -30.391155
-3479.298132 -2931.207660 -9.418093
-2077.406011 -1759.703459 -81.945591
-2219.806296 -1857.312968 41.325882
-2691.619438 -2320.708309 -12.942419
-1806.962875 -1461.613207 -65.625354
-2453.300691 -1984.119453 -89.349286
-3000.107094 -2427.656598 -109.129101
-2096.213363 -1706.180410 27.618592
-3410.876825 -2791.059968 19.240703
-2441.171529 -2012.593701 -81.228149
-2805.735834 -2297.018089 28.006065
-3048.208285 -2464.953739 22.052230
-2405.652390 -1983.552629 -78.570747
-3055.099858 -2579.587286 44.182608
-2920.578132 -2351.941565 15.898213
-3288.518175 -2774.272565 41.807437
-2272.716441 -1969.863154 -42.338293
-2582.331097 -2105.884354 6.639692
-2583.683254 -2107.887071 7.225783
-2336.831898 -2006.992555 -72.047513
-3333.196650 -2760.809423 -117.437735
-2684.917719 -2251.400886 -112.073516
-2996.345019 -2528.078847 38.660124
-2260.680583 -1930.243169 17.560827
-2781.352910 -2269.439978 7.716975
-3085.121677 -2636.933523 -11.947873
-2569.977312 -2076.125432 7.056332
-3011.939135 -2552.960573 -73.622008
-2094.037466 -1691.673985 5.681114
-3208.240159 -2789.671685 9.671501
-2123.480535 -1827.229142 -61.451684
-2810.281233 -2395.616084 -28.854920
-3243.191944 -2793.060414 -94.978223
-2281.716416 -1963.771106 -66.649943
-2867.063868 -2467.920854 -83.894687
-2664.070476 -2202.868842 7.131661
-2188.971444 -1786.672173 -92.237464
-2779.945392 -2213.402522 -23.442075
-3075.630157 -2603.967615 -74.076813
-2459.163125 -2104.802346 -92.249210
-2850.103798 -2396.247188 16.915292
-2198.586492 -1862.494147 -53.084288
-2124.680995 -1719.048645 -77.870278
-2588.915944 -2227.784034 32.726912
-2648.448270 -2260.052430 -49.758434
-3212.219485 -2694.222495 -53.194780
-2421.361990 -1992.756983 -51.451221
-3046.950382 -2511.809027 -126.900156
-3491.292357 -2840.174129 -28.907634
-2483.423234 -2113.506913 9.301677
-2210.819282 -1882.017545 8.117248
-2715.596689 -2165.416382 -52.724245
-3163.477205 -2607.028927 -131.401833
-2394.977085 -2029.068126 31.247809
-2782.719702 -2209.869664 -70.264905
-2330.929156 -1891.585693 32.968976
-2654.531489 -2179.861500 17.813149
-1980.465746 -1668.378493 26.560092
-3505.459891 -2788.397609 -57.275218
-3383.660020 -2858.187907 -45.854100
-2438.251399 -2005.988084 -50.811577
-2597.980571 -2192.145924 14.623703
-2276.176612 -1872.692581 -47.498896
-3467.494075 -2787.275219 -84.944622
-3240.239241 -2714.978156 38.978807
-3347.824545 -2848.275383 -31.667167
-2981.748026 -2447.664430 38.407625
-3529.004985 -2864.170967 50.165611
-3087.804593 -2539.907495 -65.159620
-2322.209677 -2006.836543 6.733427
-2982.726653 -2462.869650 -21.058299
-2442.041807 -1985.570759 -62.486029
-2940.599195 -2419.998247 -60.845434
-3462.903641 -2851.281739 -72.323356
-3389.197921 -2731.226803 -43.902645
-3059.825900 -2434.014900 -89.296440
-2979.938283 -2524.186862 -107.147187
-2438.967955 -1987.250285 -75.201367
-2410.422906 -1938.203742 -30.789520
-3203.494743 -2624.540143 -11.355191
-3383.228574 -2727.441796 -105.044659
-3204.205022 -2742.763447 29.020882
-3567.321676 -2930.848928 -2.895394
-2167.234326 -1735.447815 -46.916677
-2777.148569 -2382.509306 -108.063494
-3568.948215 -2972.419819 5.677639
-2388.863155 -1989.827219 -106.806926
-2679.716621 -2153.013404 -59.453157
-1996.938979 -1609.296779 -61.546228
-3148.479994 -2705.511073 -25.605641
-2425.570011 -1949.620049 -53.409764
-3163.538192 -2590.391291 -111.623092
-2763.323076 -2261.735682 -97.057293
-2281.620207 -1977.092676 -27.279968
-3355.332653 -2760.949858 -130.653679
-3084.522290 -2522.191557 -26.150001
-3531.822085 -3006.879324 -121.144294
-2525.376072 -2150.343203 -85.404314
-1998.797347 -1703.699772 -36.622649
-2424.457508 -1929.752485 -23.461488
-2585.564145 -2155.654436 4.536582
-3276.296773 -2822.312269 -74.361130
-2813.274550 -2324.696084 31.737076
-3195.461229 -2613.463768 -74.121943
-2463.172200 -2110.234753 -37.143534
-3197.508398 -2739.632376 -48.920561
-2224.090459 -1807.677209 -42.399450
-2236.444034 -1863.536595 3.568453
-2745.140613 -2229.606361 -52.636782
-3284.794348 -2686.368162 -76.848156
-2462.574311 -2027.816264 -50.963667
-3148.431102 -2638.694088 38.524362
-3316.871143 -2719.398719 -13.661563
-2439.275525 -1998.468852 -8.090233
-3468.718304 -2856.475224 -71.708533
-2406.067610 -1971.974970 -8.331403
-2730.787094 -2209.429699 -27.927423
-3446.029292 -2831.286365 -106.598898
-3395.817608 -2778.012420 -28.569355
-3374.270894 -2741.173585 -54.705158
-2701.861605 -2329.363497 -43.969435
-3352.096010 -2871.187203 -52.178428
-2268.314547 -1884.599658 2.778732
-3161.991825 -2545.687720 -48.119608
-3199.486814 -2692.357622 -138.213682
-2769.588335 -2278.886211 -107.186566
-3406.520461 -2778.148794 -56.442763
-3180.254754 -2541.758957 -31.539477
-3443.839418 -2829.947682 -107.012149
-3048.825598 -2421.140740 -39.384689
-2393.838191 -1971.115445 -51.557183
-3261.668500 -2659.873450 -53.926630
-2520.980907 -2071.397326 -78.168303
-1804.476602 -1485.849996 -38.532158
-2510.931459 -2101.965377 -70.620950
-2619.345157 -2203.866154 -98.588488
-3277.886229 -2818.152439 -39.793471
-2919.535408 -2498.748234 -75.820748
-2350.657600 -2035.710732 -34.879714
-3056.968445 -2429.496624 -76.758630
-2563.792254 -2118.261729 -55.575388
-3221.138847 -2765.994596 -11.467984
-3181.523151 -2649.541442 4.361853
-2812.756865 -2323.997766 -60.212228
-3303.331226 -2673.830542 -94.365920
-2599.090130 -2192.831881 13.435502
-2409.502728 -1917.649760 -5.645213
-2204.476574 -1860.150170 10.918014
-3080.155234 -2552.414428 54.907681
-2635.951889 -2222.640139 12.162665
-3469.383319 -2884.627016 5.667211
-2998.457075 -2386.718129 -6.222213
-2933.958716 -2510.750719 19.392498
-2990.259833 -2443.257652 -12.084049
-2599.176465 -2065.259643 -35.963162
-3015.158962 -2425.345257 -43.416370
-2177.549862 -1731.514974 -63.903493
-3222.646266 -2559.256458 -46.330273
-2277.592478 -1860.329256 -29.860436
-2429.077549 -2024.354739 2.953481
-2563.213029 -2061.573346 -37.070868
-3054.211745 -2418.918831 -64.911752
-3085.344250 -2694.257028 -78.905805
-2692.753233 -2175.361858 -35.669069
-3053.667309 -2451.200381 -61.604833
-3064.741514 -2475.623579 -40.612726
-2506.179963 -2012.101678 -50.714546
-2367.505102 -1879.331429 -33.765669
-2218.259429 -1809.825912 -36.483110
-2208.009064 -1763.328853 -56.151706
-2144.404616 -1841.958289 -26.830105
-2374.996125 -2016.796434 -23.769596
-2586.342895 -2211.376876 -31.583159
-2805.598985 -2218.251678 -29.043115
-3424.776686 -2715.310919 -51.734893
-2118.838237 -1804.674148 -74.564859
-2197.579755 -1887.338837 -26.793537
-2119.448453 -1773.122857 43.434159
-2981.348192 -2389.502540 -4.125044
-2958.490977 -2475.513351 60.391101
-2543.101578 -2101.671057 -33.680076
-3266.624406 -2813.438980 43.666098
-3413.683055 -2734.122478 -5.019003
-3261.606962 -2692.831650 -42.169023
-3512.492098 -2965.059943 -44.075241
-2645.368541 -2151.837109 -98.880952
-3028.431852 -2576.177442 10.864113
-3301.609058 -2841.797825 44.551642
-3235.837361 -2725.085954 42.927128
-2658.361376 -2139.800867 -33.845618
-3080.784732 -2578.326950 -87.945752
-2820.662751 -2406.049228 -2.333455
-2388.274366 -1997.416603 -97.287395
-1989.891372 -1631.614602 -26.179662
-2574.743416 -2086.183511 -51.306085
-2288.266361 -1951.965083 -23.900984
-2040.101265 -1696.438406 -89.797015
-3507.892745 -2866.836398 -82.993686
-2448.271463 -2023.506994 -32.259140
-2651.170084 -2212.959453 41.854037
-2849.550899 -2466.791751 12.182892
-2779.998741 -2356.205325 -14.984944
-2622.535659 -2111.041928 -33.695008
-2943.354243 -2422.376287 -60.615907
-2402.944130 -1933.205479 -31.293885
-2977.737486 -2433.444664 -69.757460
-2622.008462 -2110.886089 -32.968176
-2129.524610 -1712.891654 -27.573218
-2981.169347 -2397.831065 -38.946049
-3529.114475 -2884.076441 -82.807417
-2673.404136 -2167.945289 15.707979
-2329.105290 -1875.223853 -29.764710
-2278.326461 -1834.242984 -34.488708
-2972.973105 -2432.704205 -25.026559
-2890.812681 -2299.218603 -83.755442
-3077.989373 -2495.846634 18.186435
-3585.187948 -2886.487026 -53.945993
-2036.498893 -1642.026687 -14.661525
-3072.994571 -2514.779798 -26.376466
-2501.501178 -2149.531765 2.587606
-2682.842132 -2293.573680 3.859396
-3190.880873 -2742.493951 3.298755
-3402.303549 -2791.404909 -44.857161
-3059.484836 -2608.940930 -34.337007
-3279.463536 -2815.877081 -20.831618
-1955.340155 -1600.419853 -17.712020
-2909.972863 -2507.226807 -35.408460
-3103.798241 -2517.005995 42.739313
-2559.338455 -2103.773946 -56.111077
-3647.491501 -2898.821038 -55.382283
-2542.335774 -2087.468412 -25.675195
-2928.820125 -2472.751585 -34.787358
-3296.680948 -2604.418855 -49.330352
-2861.618813 -2412.398556 -46.267872
-3335.192766 -2852.238504 -20.829083
-1957.229328 -1666.908336 6.425272
-3139.615171 -2659.632166 40.979505
-2544.511407 -2113.521779 -48.377785
-3208.934855 -2729.276373 -30.829319
-2981.865874 -2431.297836 -75.044282
-3409.877968 -2926.698658 -134.192286
-2634.054267 -2157.608254 -7.845299
-2700.471637 -2223.084225 -35.700096
-2643.480000 -2175.590358 -34.522014
-2444.185886 -2003.369224 -9.600218
-3072.180618 -2570.834740 -144.376323
-3241.011715 -2756.310728 -31.425594
-2964.572287 -2439.873989 -39.208444
-2688.503757 -2286.558284 -25.749785
-2933.587974 -2485.648445 -105.736036
-2152.032954 -1800.889724 -101.361586
-3555.215223 -2997.425068 -57.360061
-2690.726700 -2256.312055 -85.389100
-2617.998337 -2203.265533 -98.594608
-3165.748506 -2671.275171 -109.445226
-3309.622790 -2793.963174 -114.448552
-2578.668155 -2134.690059 -20.650385
-2659.528867 -2187.732852 -34.627434
-2204.778049 -1860.562606 10.966927
-3256.662982 -2729.804910 4.884373
-2113.549444 -1751.814572 9.999028
-2546.182545 -2135.115789 3.637304
-3475.798065 -2809.550238 8.643387
-3572.309158 -2938.958283 66.530004
-2628.134432 -2275.101259 -37.919749
-2585.480789 -2110.749114 -109.401446
-2533.287400 -2160.665111 -27.805054
-3398.235414 -2898.287312 -36.722738
-3091.722454 -2636.338072 -32.127210
-2888.505089 -2384.248346 -92.614007
-3280.686411 -2853.091140 -2.949653
-2152.631896 -1756.632299 -54.388776
-2214.763539 -1893.515539 -8.321154
-2679.040685 -2171.679668 16.889167
-3153.102832 -2661.741991 -37.067341
-2930.105435 -2367.749921 9.211779
-2920.239415 -2439.543382 -54.636801
-3190.724091 -2708.906078 32.498853
-2771.298592 -2225.204494 -46.234204
-3329.603909 -2823.338700 -137.694836
-3175.318092 -2696.029399 32.735266
-2962.916145 -2469.366649 54.735786
-2113.530163 -1737.407727 23.212130
-3492.652550 -2957.163173 -66.805681
-3036.162026 -2589.818955 14.923991
-3103.534063 -2599.944302 60.246399
-3004.826170 -2551.687202 31.240787
-2551.525475 -2097.408373 28.357279
-2809.140438 -2431.056641 -46.665909
-2212.291704 -1890.076130 8.305468
-3141.231822 -2632.477931 -81.192954
-2114.526799 -1712.577056 -80.380336
-2378.299615 -1992.758512 46.472102
-3267.336042 -2791.530057 12.437930
-3557.433068 -2933.609965 -17.833269
-3235.152605 -2709.377975 -79.309796
-2955.408341 -2374.606785 -49.533770
-2988.113551 -2547.741583 12.721525
-2666.172680 -2266.287159 28.498796
-3370.188627 -2873.590634 13.960807
-2573.623638 -2169.080161 -62.573982
-2101.197772 -1778.880367 7.232242
-2270.517664 -1936.854957 9.245373
-3378.115701 -2916.858134 -73.064305
-2781.728401 -2375.989740 13.544163
-2543.908379 -2101.890215 -5.764752
-2746.779024 -2211.871353 -8.050225
-2247.118530 -1918.413823 9.689096
-3064.503223 -2554.382186 44.077513
-3477.006767 -2944.959278 13.021307
-3336.569623 -2856.538624 -70.019325
-3443.255128 -2849.318594 -35.434467
-2715.177083 -2264.594666 -129.709848
-2485.295173 -2000.868664 -8.272614
-2083.021120 -1769.567078 6.655135
-3516.239115 -2848.092136 -133.767079
-3220.869435 -2591.711241 31.664294
-3089.969748 -2525.806691 -58.816484
-3339.067860 -2752.592788 -79.502167
-2286.888497 -1882.770894 5.450763
-2288.118857 -1883.856300 5.415422
-2483.345330 -2084.341286 -82.033703
-3055.298029 -2595.860471 32.282657
-3357.705989 -2844.119767 12.075240
-3259.279549 -2683.501898 6.948934
-2577.943865 -2157.682193 -62.539865
-2461.852119 -2122.425409 28.920147
-3282.243877 -2681.517099 -33.798799
-3209.449080 -2748.360768 -68.023939
-3050.070241 -2582.369180 11.826288
-2210.419036 -1874.349218 24.576098
-2251.545253 -1847.259218 -12.998352
-3337.318978 -2857.141111 -69.932876
-3301.752332 -2659.919416 -11.980899
-2710.257576 -2317.251221 8.449631
-2119.202579 -1812.339776 -65.544648
-2631.007465 -2179.571570 -81.317168
-2520.899273 -2068.552668 -14.863935
-2826.975082 -2417.392112 13.513520
-3378.717605 -2889.269512 17.950263
-3261.291526 -2749.208615 -80.084032
-3156.464998 -2539.090299 30.960783
-3192.256125 -2582.770564 38.299623
-2634.573725 -2121.998855 -7.608882
-2562.433948 -2112.738786 49.483578
-2828.812347 -2417.133697 13.264943
-2968.834468 -2536.607689 14.713945
-2428.119080 -1949.315798 -41.205815
-2869.693445 -2366.495619 -24.154718
-2553.876628 -2105.438084 21.328312
-2589.309091 -2126.365886 -13.906585
-2296.475873 -1932.984768 -101.230914
-2667.505865 -2319.996305 -66.266727
-2767.233996 -2341.804635 -75.143610
-2714.877587 -2264.184529 -129.606257
-2785.244444 -2325.901515 31.812655
-2712.495918 -2262.129706 -129.487901
-2077.293346 -1786.251784 -56.144276
-2637.719927 -2206.503525 -94.730369
-3442.782303 -2768.524904 -69.348568
-2027.937457 -1626.589071 -46.594070
-2318.002386 -1983.634007 -88.231040
-2241.488165 -1811.066092 -52.488390
-2509.027040 -2002.037337 -72.895392
-2648.055914 -2125.322432 -25.006662
-2653.128326 -2236.235417 26.143280
-3199.717920 -2754.978508 -68.407520
-2208.798297 -1826.409678 33.049272
-2260.909609 -1884.466461 -53.785147
-2281.451046 -1895.489718 -94.193253
-3074.283725 -2482.329598 -70.543035
-3263.394727 -2704.499176 -60.683018
-3032.209358 -2552.806034 30.114066
-2703.134422 -2220.992871 -8.647162
-3527.266588 -3037.455858 -142.679014
-2447.634637 -2106.136902 -13.830482
-2719.258871 -2339.789428 -14.088045
-2872.671195 -2364.507979 -97.627768
-2702.539402 -2222.938571 -92.206052
-2796.655897 -2440.424487 -62.843494
-2615.121897 -2252.301955 -55.529267
-2164.310688 -1854.669674 -30.469637
-3559.311974 -2982.633559 -87.891245
-3567.816423 -2958.360126 -19.545370
-2256.808059 -1869.416458 -11.942051
-2884.008614 -2373.608274 -13.639616
-3258.277564 -2594.216612 -100.623876
-2324.016860 -1940.811546 -9.638667
-3025.467897 -2430.577659 -70.962559
-2236.864586 -1914.446341 -85.345790
-2461.093547 -1967.212104 -72.850717
-2210.285136 -1827.367388 32.846952
-2501.499620 -2002.118483 -68.447717
-2113.348913 -1771.057712 -52.026363
-2487.267336 -2128.574237 -33.511335
-2105.004310 -1760.479681 20.350074
-2985.105636 -2442.252718 -110.098864
-3007.733402 -2423.471932 -10.181983
-2709.306592 -2280.516956 -119.250192
-3553.326519 -2972.722848 -116.336923
-2784.672795 -2356.115987 -75.820181
-2120.479155 -1746.352180 -38.496140
-2373.801840 -1984.911048 -85.296394
-2827.862755 -2326.762246 23.530871
-3375.842413 -2886.644700 -140.089817
-2957.920795 -2479.487008 -134.123220
-3037.832190 -2441.972125 -70.539006
-2111.586944 -1713.026640 -47.635021
-2695.333241 -2140.434102 -48.767673
-3069.974390 -2669.098450 -77.464754
-2632.269957 -2200.613252 -9.892158
-2291.700834 -1988.139353 -2.936172
-2764.129053 -2285.140214 -31.572855
-3376.108549 -2886.934352 -140.082595
-2384.451103 -2046.582637 3.717474
-2747.039118 -2315.823561 26.222986
-2500.357440 -2150.466704 -60.957192
-3115.712329 -2546.375649 -58.463333
-2496.310377 -2133.705750 -57.545196
-2759.560964 -2231.928840 -18.121945
-2431.437650 -1965.263781 -58.073015
-2354.961012 -2013.715361 6.711985
-3356.859214 -2821.865378 37.451359
-2901.557323 -2439.329159 31.879974
-2592.873595 -2219.518845 -54.577296
-3071.027671 -2449.293332 -55.869326
-2462.638206 -2098.346966 -3.290174
-2629.502556 -2173.622687 35.819842
-2557.824380 -2123.391053 -61.452334
-2669.746277 -2129.148591 -46.519109
-2901.207548 -2439.057992 32.101053
-2141.273327 -1803.055817 -67.437122
-2381.144776 -1904.539861 -69.692294
-2723.470499 -2321.281198 20.404998
-2434.457186 -2109.717438 -59.205787
-2974.568228 -2496.082623 -117.166981
-2372.159636 -1915.011339 -78.570443
-3421.445536 -2746.658604 -12.452355
-2915.580434 -2484.316044 -4.288039
-3321.144898 -2694.622223 -43.673699
-2905.614918 -2391.864314 -77.798343
-2157.422139 -1781.345043 -92.096182
-3223.363688 -2749.184623 -129.359831
-2554.548634 -2072.292335 -90.460938
-2404.911528 -1941.107398 -54.758054
-2780.751340 -2217.822258 -50.247712
-2383.048851 -1968.333175 8.614078
-2558.459467 -2102.225451 -7.205733
-2575.859708 -2153.835760 14.112784
-2811.056945 -2323.746017 -5.987726
-2370.364044 -2022.080874 -95.615579
-2439.118959 -2080.715622 -11.599918
-2545.302404 -2171.497993 -11.883003
-3466.073812 -2864.408360 11.448206
-2216.997307 -1902.555894 23.534743
-2192.158657 -1786.238914 -79.881254
-2598.558972 -2093.190677 -8.569518
-2976.003151 -2540.939839 15.437372
-2534.902256 -2107.819283 -10.919854
-2414.925481 -2019.965473 5.979706
-2598.414987 -2093.126080 -8.524088
-2854.871340 -2294.142869 -26.056439
-2670.048483 -2280.314577 -100.227702
-2069.461632 -1752.794030 -58.008193
-2467.915416 -2031.330691 -83.806484
-2706.762772 -2239.551788 34.949042
-3218.711141 -2710.441969 5.325471
-3402.225451 -2793.659839 -44.115031
-2056.023645 -1703.385774 -38.261269
-3408.243983 -2812.718168 16.039287
-2753.636875 -2210.810240 -27.786097
-2665.371924 -2255.677686 -89.465803
-3426.713577 -2751.150785 -31.847513
-2447.496549 -2090.919173 -93.316171
-1917.066164 -1672.921107 -4.023702
-3021.851861 -2493.515249 14.039343
-2191.541689 -1845.153283 24.472659
-2871.653376 -2311.101248 28.868018
-2914.853654 -2483.410453 -3.927499
-2938.810278 -2419.014125 -52.683603
-2541.630888 -2190.549405 15.128544
-2961.577651 -2511.100771 -91.704571
-2222.609435 -1884.471361 -68.696203
-2365.772709 -2036.123243 -96.501605
-2557.192272 -2101.405566 -7.534399
-3185.638091 -2621.126234 -108.140116
-2417.513483 -2027.854258 -80.396354
-2554.478316 -2174.922551 20.725886
-2709.387636 -2283.876806 -67.231786
-2723.821660 -2188.758561 -68.635128
-3394.528252 -2707.893644 -58.115675
-2283.132495 -1878.471651 -77.103297
-3056.256018 -2456.728154 -81.271197
-2443.545518 -1964.611707 -64.795155
-2747.132790 -2206.817948 -26.314405
-2488.299951 -2012.831067 -96.392975
-2460.627937 -2069.085037 7.700179
-3323.076485 -2674.020238 -7.668111
-3369.786492 -2864.989467 -69.714026
-3084.762741 -2478.685176 -50.111761
-2518.629120 -2105.381112 -0.362051
-2116.146891 -1742.600937 -38.785554
-2776.011767 -2331.848903 -85.167417
-2397.135783 -2018.322214 -80.980630
-3127.721294 -2634.757685 -64.703305
-2296.145146 -1844.172978 -66.161684
-2461.809257 -1958.578493 -28.836159
-2870.955347 -2307.943743 -46.143881
-2289.226033 -1928.069051 -46.392356
-2906.527923 -2447.755651 -59.854706
-3153.849210 -2554.137735 -92.474154
-2553.227234 -2114.585372 -77.802590
-3392.825497 -2815.265896 -25.482566
-3290.446969 -2749.123074 -1.883765
-2604.036472 -2158.864365 -14.323259
-2527.506013 -2095.786624 -14.353510
-2716.082651 -2203.824921 -92.739450
-2209.287994 -1870.709826 -43.084628
-2828.296769 -2257.226974 -82.058887
-2370.171819 -1965.507515 -14.933627
-3516.560277 -3049.026602 -84.629936
-3245.352111 -2665.599288 -9.787422
-3535.870172 -2977.502512 -123.472761
-2666.456424 -2233.854959 -65.712246
-3498.387534 -2940.502303 9.297782
-2535.388836 -2084.174966 22.535016
-3495.861791 -2938.325779 9.601576
-2564.632549 -2062.404649 -23.536759
-3260.817818 -2766.042497 -1.264999
-3258.214520 -2739.484914 9.000586
-2826.541389 -2258.116572 -82.519566
-2392.449361 -2009.421306 -71.123192
-2578.796749 -2182.625064 17.049927
-2454.218339 -2057.440782 -90.193214
-2613.926487 -2149.527897 23.812268
-2280.029188 -1866.938235 -42.400734
-2470.320394 -2022.356189 -45.419520
-2481.765379 -2178.010332 -43.134176
-3297.543904 -2751.638841 62.394231
-2695.840496 -2190.886361 -59.614427
-2229.877085 -1928.329800 -41.877506
-3370.085901 -2740.230300 -74.575463
-2725.381250 -2330.730371 -51.550290
-2912.728587 -2485.335099 2.517397
-3408.551288 -2825.988266 -38.868370
-2293.835893 -1936.896947 -57.122193
-2451.079854 -2123.225932 -92.418710
-2668.959537 -2258.129557 -113.899582
-3206.384241 -2742.130278 8.479643
-3226.720273 -2666.217970 -139.436002
-3484.094369 -3010.955028 -136.485653
-3194.044807 -2634.320995 4.748696
-3457.807714 -2767.031459 -34.662954
-2989.146576 -2537.044845 -16.495567
-2335.658731 -1981.900740 -13.791537
-2920.871561 -2365.216387 -2.940193
-2892.244003 -2311.754081 -85.185470
-3074.584795 -2468.526981 -31.258269
-3324.424196 -2775.716069 1.894524
-2910.727477 -2486.310757 -74.492495
-2429.049163 -2027.376255 1.106941
-2340.514120 -2029.093574 -2.992956
-2255.281463 -1901.495930 -56.256388
-2369.846956 -2022.468928 -94.449566
-3495.241914 -3030.871419 -106.428735
-2157.918026 -1860.625545 12.649008
-2463.579956 -1981.457368 -65.919698
-3410.892335 -2949.173504 -130.458768
-3590.119342 -2868.812205 -106.121787
-2501.148773 -2012.102813 -65.947866
-3002.564861 -2476.821006 4.383687
-3408.684016 -2811.158431 6.774500
-2291.981688 -1973.399530 24.146976
-2286.710572 -1962.534154 -58.135603
-2546.907043 -2096.275575 -16.153128
-2125.955065 -1818.894097 -69.672841
-2339.265116 -1979.435539 -98.409077
-2672.058384 -2277.201435 -32.004327
-2442.928774 -2015.101125 3.797053
-2281.057099 -1978.312754 -69.240426
-2081.603336 -1709.848192 -35.852221
-2540.319616 -2119.521067 1.503597
-3469.715220 -2779.169858 -85.451177
-2766.831380 -2301.770117 10.439160
-2888.578324 -2332.148786 -95.499723
-2489.535410 -2013.396034 -60.860563
-2496.084941 -2018.606901 -60.043815
-2623.522126 -2216.913605 -9.897090
-3315.307845 -2806.725073 -141.355272
-3307.668071 -2728.087813 6.537921
-3220.577030 -2724.936159 -135.896637
-3501.681183 -2970.739710 -20.657382
-1963.135082 -1668.493632 -60.115923
-2022.741354 -1638.341693 -1.714882
-2626.972750 -2220.443912 -52.720010
-2353.183174 -2039.624992 -88.622375
-3146.043743 -2713.763276 -125.862170
-2994.776835 -2437.494222 -103.177215
-3373.154803 -2697.259382 -75.551704
-2794.169748 -2233.829313 -62.061570
-2986.881561 -2427.221236 -7.553542
-2323.146471 -2004.352708 -93.187249
-2690.731483 -2332.675869 -12.108248
-3342.130922 -2825.762896 -147.161305
-3581.468305 -2859.767120 -108.062559
-2460.252124 -2079.963791 -108.084280
-2206.929960 -1856.081418 -98.779255
-3309.685796 -2827.287337 -85.241479
-3464.665904 -2754.740117 -90.625815
-2116.176058 -1690.834866 -62.671344
-3340.103941 -2703.872373 -126.138602
-2393.681161 -2035.083274 -51.797310
-3199.097516 -2545.591552 3.441676
-2044.601531 -1781.550649 -1.594166
-2633.160381 -2252.721805 31.826292
-3225.738126 -2649.787830 7.442519
-2426.826059 -1992.100771 -14.346629
-2783.970727 -2237.288563 -54.612444
-2441.787616 -2114.370777 -90.914464
-2798.985924 -2249.265352 -55.387857
-3561.020104 -2923.084649 -20.729704
-3320.760079 -2689.019553 -126.681017
-3006.600662 -2517.338469 -70.860418
-2253.349620 -1877.296998 7.351455
-3301.289085 -2670.093776 -18.101792
-2518.463622 -1998.288233 -43.021158
-3307.768580 -2881.456194 -80.490873
-3264.446681 -2669.848404 -59.705593
-2540.893931 -2112.428709 -0.142356
-2089.799044 -1780.695695 16.928453
-2864.851988 -2351.035861 -66.669979
-2546.380038 -2088.913532 -13.207371
-2646.679758 -2283.206046 -98.290863
-2741.444090 -2209.745028 -107.485685
-3642.464029 -2903.871307 -74.998417
-3553.209662 -2947.866515 -87.437924
-3092.639137 -2699.473664 -69.349391
-3215.425659 -2563.296235 -65.865469
-2157.963219 -1837.289722 -65.719278
-1973.112845 -1710.556465 -44.756822
-3135.676204 -2605.615124 -129.592056
-2688.637459 -2328.322891 -30.025921
-2438.420778 -1992.586699 -44.222597
-2451.573274 -1988.094198 -87.802256
-2411.075969 -1980.094042 -76.466561
-2438.917258 -1993.105814 -44.204546
-2667.544057 -2133.263235 -71.372510
-2144.837364 -1784.621001 -83.036713
-1982.091699 -1609.989848 -67.109607
-2957.697678 -2358.240240 -42.134260
-2407.093138 -2036.682141 -66.146014
-2985.247427 -2461.785677 -23.330932
-3222.036960 -2732.798741 3.596176
-2660.221354 -2289.410699 -64.794304
-2723.543649 -2284.661739 -73.783988
-2201.681186 -1867.160711 3.026275
-2580.000623 -2127.336026 -20.305442
-3091.636419 -2584.654205 -129.767518
-2549.729173 -2101.490857 19.547051
-3326.736855 -2682.068417 -131.382799
-2224.604631 -1828.729322 -13.731172
-2902.598792 -2387.689077 -95.437772
-3091.053845 -2528.564445 -114.721695
-3214.288120 -2563.556393 -66.013294
-3530.865795 -2896.373205 -18.677873
-2894.905057 -2508.053418 -71.157756
-2614.895787 -2225.158783 -79.572766
-2128.487674 -1780.686992 -89.163165
-2419.315402 -2093.218251 -24.243827
-2664.178272 -2161.183803 -0.217315
-3373.939196 -2742.105224 -113.120086
-2816.479527 -2323.273665 -22.874008
-3044.780972 -2464.978132 -89.327625
-3342.370381 -2678.508690 -19.573309
-2453.504521 -2043.149807 31.706856
-2262.617488 -1821.216507 -72.837695
-3551.304836 -2994.462676 -62.186061
-2421.410642 -1995.513911 -51.195932
-3370.754580 -2838.981148 -150.556875
-2898.988460 -2444.446521 -51.231411
-2772.464126 -2256.477925 -96.023855
-2491.408971 -2017.052518 -73.284891
-2719.666275 -2281.000891 -73.138268
-2843.349721 -2256.896453 -17.547223
-1991.656285 -1670.138746 -53.889595
-3002.815553 -2520.053672 47.413524
-3095.310225 -2544.285002 -104.503956
-2358.106183 -2030.709372 25.190539
-2996.876574 -2547.282016 -90.585334
-2501.312483 -2003.912055 -59.381836
-2464.574103 -2136.598997 -75.975535
-3105.413069 -2583.348798 -127.584998
-2531.479033 -2101.203044 -27.096077
-2852.721920 -2285.225248 -67.647677
-2392.424792 -2054.841626 -63.151512
-3067.227596 -2636.336912 -81.878514
-3406.783448 -2708.553946 -87.499888
-3012.043764 -2516.470163 -0.202750
-2335.354502 -1857.414662 -60.102172
-2731.008598 -2364.627208 -36.873449
-2367.194423 -1915.667147 -92.176511
-2491.987893 -2065.821087 49.927520
-2682.400156 -2255.548199 30.132052
-2663.320501 -2285.034222 27.950921
-2225.289403 -1889.431943 24.278769
-2303.880128 -1865.211470 -14.259185
-2955.700435 -2392.901458 -18.461639
-3040.389921 -2577.243026 -95.927918
-3440.550257 -2783.655191 -21.027792
-1998.715224 -1610.899384 -37.805959
-2788.565660 -2429.064808 10.141567
-2883.175507 -2333.529511 -17.899041
-3429.480231 -2737.044234 -58.184386
-3066.461086 -2567.993475 -112.654286
-2400.451389 -2013.805713 -1.707055
-2784.895709 -2213.358835 -66.672225
-2681.129935 -2253.134586 -102.616844
-2667.071168 -2262.747884 -1.421642
-2541.413598 -2046.113419 10.601239
-2902.059090 -2389.668720 -94.678990
-2474.509366 -2085.202519 38.829770
-3417.422369 -2759.314934 -34.038919
-2973.238544 -2374.924694 -49.562921
-2684.804167 -2256.664088 -103.126088
-1818.126012 -1501.938127 -44.577832
-2934.081353 -2452.366612 32.466482
-3389.689377 -2815.039515 -132.724558
-2643.720027 -2214.220447 -96.991270
-3534.479577 -2808.826012 -84.968603
-2086.706799 -1657.063313 -50.196138
-2334.288066 -1948.407558 -8.033391
-2640.288681 -2094.011394 -56.251212
-2133.233877 -1764.376829 -50.190253
-2431.568912 -2048.651550 38.045418
-2583.103708 -2191.169259 -1.385920
-3228.574978 -2670.971930 -4.081598
-3313.593904 -2727.483513 -108.517042
-3462.049489 -2825.303981 -79.369516
-2345.489567 -1904.937815 24.190802
-3398.736775 -2793.750442 -51.719052
-2942.161029 -2433.073733 39.781224
-2587.517860 -2092.624705 -15.763594
-2370.584148 -2005.511160 -56.314418
-3106.581275 -2596.314697 -126.914409
-2475.003956 -2045.219546 32.916421
-3474.030007 -2870.739786 46.593547
-2455.449652 -1954.250645 -59.358981
-2554.605643 -2075.135278 -98.994795
-2479.314438 -1974.757606 -51.063539
-2377.256551 -1951.446034 -31.446173
-2637.114403 -2179.661058 34.337700
-3422.025102 -2786.784229 -125.298350
-3179.547819 -2562.142391 -115.266821
-3115.034525 -2627.531532 -45.762139
-2611.495093 -2126.219609 -95.439832
-2463.945004 -1984.868605 -89.558480
-2464.699518 -1985.575700 -89.508761
-3455.975362 -2914.712147 -162.500261
-2903.513385 -2390.233592 -94.290179
-2515.556014 -2079.502299 32.603052
-2967.122350 -2438.494490 -108.528537
-2870.669815 -2419.284350 45.159649
-2085.483229 -1728.049353 -39.678913
-3072.765848 -2566.742273 33.609689
-3335.316453 -2802.679149 -125.768832
-3233.035158 -2679.880767 -61.136078
-2714.966890 -2315.613017 -61.755282
-3365.445951 -2863.161940 29.552445
-3257.777493 -2723.188227 -1.993963
-3233.878907 -2701.020469 -4.952559
-2186.647239 -1868.399734 -61.453654
-2458.662805 -2060.039047 -90.991422
-2736.776542 -2326.706247 -41.482368
-2623.041157 -2118.922643 -2.826239
-3284.015475 -2742.963757 -7.847783
-2437.753869 -1985.980947 -28.775922
-2275.730408 -1970.164710 -40.090993
-3138.169900 -2556.898821 -36.359128
-3164.578221 -2670.893581 -77.365011
-2706.130909 -2282.858167 -67.253515
-2590.922970 -2089.144237 -48.669637
-2706.786652 -2283.384322 -67.296450
-3129.567891 -2525.904585 23.992103
-2582.107079 -2153.336216 -13.244475
-2673.028311 -2287.934768 -87.520563
-3203.016693 -2587.100155 -114.239374
-2244.369560 -1811.307355 17.182405
-2506.808234 -2072.115283 32.879101
-2507.219054 -2082.803402 -98.259177
-3198.007216 -2611.422186 20.602820
-2761.716787 -2278.242885 3.559631
-2617.030542 -2137.750045 16.251632
-3117.841586 -2584.181216 29.833206
-3507.317339 -3004.886563 -102.003489
-1894.033498 -1622.837594 -55.339513
-3461.099812 -2964.402743 -100.547500
-3340.722166 -2846.888301 -76.501066
-2966.714773 -2362.442120 0.734674
-3369.216671 -2684.959743 -0.895398
-2121.927034 -1838.838136 4.601789
-2767.890893 -2428.362891 -45.819455
-2390.285498 -1936.684881 -33.722313
-3122.981373 -2645.816781 -108.150589
-2607.664840 -2287.633995 -43.507118
-2181.176601 -1837.133028 -30.598638
-2798.329660 -2267.364938 -39.031657
-2867.664536 -2415.278383 -40.548529
-2417.944985 -2024.608800 8.644705
-2385.279080 -1999.788216 -102.621593
-2926.295810 -2377.977706 -113.758024
-2280.539901 -1890.782289 -41.949723
-2999.334859 -2596.463755 -4.983741
-3334.453177 -2740.602640 -95.285061
-2393.065103 -1983.537780 -44.846598
-3227.723142 -2570.931786 -65.785934
-2447.291314 -2096.460355 -80.630514
-3317.305374 -2804.037756 -140.467167
-2379.981359 -1889.640542 -52.130955
-2207.658887 -1788.789945 1.917610
-3204.161932 -2583.911677 -127.438964
-2476.414182 -2126.247136 -5.725128
-2234.744407 -1956.100380 -17.617043
-1949.601393 -1605.269885 -32.408693
-2862.197951 -2320.266799 10.042833
-1847.813631 -1518.216787 19.739765
-2822.956649 -2321.637815 30.652397
-2770.114652 -2265.273529 -92.460283
-2244.339454 -1847.674221 -37.531595
-2410.545646 -2025.974369 27.610932
-2681.628630 -2312.768662 -75.077233
-2413.922999 -2028.730106 27.712525
-2412.200833 -2027.353936 27.750900
-2366.624682 -1957.400834 -100.125031
-2210.694652 -1813.839709 -59.280119
-2721.145535 -2303.123703 -64.235959
-3069.018205 -2645.984619 -86.244067
-2597.263896 -2092.981377 6.033726
-2244.402040 -1788.356949 -52.972331
-3231.818361 -2646.704241 4.884167
-2505.200017 -2158.826267 -69.386439
-2681.805487 -2299.113447 -90.691347
-2836.603278 -2439.761426 -76.124295
-2618.094557 -2096.979926 -59.103529
-2746.116890 -2303.742694 41.403293
-2201.408156 -1841.120457 -106.264077
-2902.216764 -2383.255524 -51.255338
-2416.941507 -1925.040919 -58.643923
-2752.463420 -2190.396433 -63.302894
-2529.403210 -2106.822062 -121.249425
-2444.517976 -1960.739432 -56.477370
-3209.822692 -2583.715159 -36.305361
-2206.178032 -1902.720098 -61.074304
-3125.037928 -2603.832692 20.228836
-2274.746477 -1811.021840 -54.533849
-2296.108925 -1987.469939 -17.706538
-2497.572643 -2006.889689 -72.614601
-2994.010614 -2553.831250 -12.892088
-2751.823712 -2217.402320 6.375305
-2952.169898 -2372.124656 -26.248656
-2161.623571 -1757.842427 -4.060198
-2998.191165 -2526.918111 -110.593837
-2332.716381 -1937.422591 8.279397
-2405.034523 -1994.026343 -62.546938
-2643.221389 -2141.520199 -29.863587
-2110.259441 -1767.251586 -8.598649
-2163.556408 -1865.778490 -54.607010
-3406.467154 -2847.785720 -161.917014
-3009.868537 -2596.140668 -76.101600
-2732.601501 -2351.759150 -68.743023
-3472.272176 -2989.776146 -87.565103
-3122.758376 -2620.804843 11.239729
-2944.986202 -2440.935968 36.520124
-2415.236140 -2053.211583 -74.424643
-3233.305919 -2730.082363 -12.030175
-3213.998678 -2639.578840 34.631353
-3229.091093 -2726.632346 -12.161102
-2713.472170 -2224.206191 -116.567750
-2330.782143 -2009.130610 -64.034161
-2297.575052 -1861.156906 -67.959189
-3342.134174 -2708.313099 -119.093546
-2519.599394 -2200.082783 -40.503337
-3020.110865 -2627.635702 -73.858237
-2978.878094 -2496.789014 -60.531305
-2720.445146 -2367.480324 -66.519402
-2987.512593 -2427.818963 -6.717667
-3015.798842 -2474.156409 43.414764
-2385.708721 -2044.153201 8.390032
-3036.910308 -2491.888337 -81.350901
-3332.073608 -2879.292284 -64.224470
-2812.468971 -2417.237141 -119.105238
-2712.227726 -2318.855282 6.461948
-3415.999358 -2948.008681 38.439647
-2850.109049 -2372.691070 9.879914
-3049.993548 -2480.167223 -67.452668
-3104.123338 -2523.935178 -69.029725
-3560.977973 -2842.949414 -108.099922
-3106.414377 -2533.471152 -35.207474
-2220.034284 -1915.959422 -90.184260
-3411.457266 -2734.765552 -37.551415
-3444.492624 -2922.245372 -152.795183
-2863.271553 -2446.216193 -113.176617
-3159.706649 -2525.913096 -96.553776
-3323.481724 -2818.411652 -140.450516
-2225.673315 -1779.491464 -68.018741
-2354.059024 -1999.902318 -107.363800
-3096.864807 -2508.524883 -72.548346
-2693.303562 -2300.795556 -106.196075
-2156.971427 -1877.087181 -67.570974
-2315.039378 -1994.228281 24.922559
-3281.793404 -2805.930917 6.840764
-2059.078080 -1726.731034 -66.857423
-2699.646671 -2290.317470 -114.295556
-2657.387035 -2292.553790 16.068924
-2740.106102 -2291.630364 -14.750956
-2314.673074 -1963.463547 -97.547347
-2588.497818 -2236.982874 -48.716772
-2507.545028 -2164.925090 -101.108512
-2592.677027 -2219.577920 -114.681010
-2486.988666 -2146.971459 -100.782516
-3401.707344 -2939.831958 -66.398580
-2842.071081 -2378.329074 -13.655922
-2742.888891 -2329.042396 -15.168899
-2772.177433 -2215.257522 -83.807275
-2426.109778 -1938.702700 -73.549380
-2517.995712 -2106.276598 -12.918944
-2496.788949 -2108.668860 -9.567057
-3381.975395 -2869.862431 -149.616081
-2358.114111 -1982.848290 -76.359171
-2617.406813 -2145.979394 -114.202351
-3172.711878 -2601.107198 -138.495730
-3322.952321 -2819.692471 -145.802590
-2701.870750 -2293.234021 -118.828768
-3225.472957 -2621.742924 -112.025208
-3263.096515 -2738.061910 49.691527
-3167.136407 -2588.336114 23.349742
-2400.394573 -1999.713977 8.401218
-2899.483972 -2405.384917 -70.257286
-2627.891957 -2171.711522 15.941132
-2432.913268 -1986.181459 -80.446884
-2585.069512 -2225.865484 -62.163688
-2197.397892 -1892.570085 -53.262912
-2602.671479 -2065.188353 -44.359023
-2443.815110 -1981.527883 -87.280785
-2668.408478 -2259.494633 -63.315344
-2788.357272 -2323.325197 9.573052
-3211.742097 -2711.340788 -45.118480
-2449.963909 -1947.557957 -43.215981
-2638.212234 -2272.314474 -64.527548
-2632.895627 -2176.433061 39.809527
-2621.535168 -2193.271788 -125.064782
-3396.591465 -2697.071925 -57.355435
-3569.007348 -2832.503875 -59.823570
-2623.943033 -2144.697125 19.100321
-3378.954932 -2850.634578 -48.112931
-2383.346545 -1985.764380 -110.088532
-2827.393884 -2336.164129 -118.784755
-3502.857785 -2905.632808 -37.645946
-3184.949626 -2573.904771 -125.208423
-2186.838954 -1798.664795 -54.023846
-3469.153777 -2868.168740 19.750108
-3428.315207 -2789.352405 44.041613
-3270.019882 -2703.299671 18.571913
-3169.322996 -2717.191705 -102.338281
-2377.418302 -1998.382049 27.306244
-2513.424483 -2155.988428 -81.447550
-2342.262028 -2008.577384 -76.341010
-2589.386135 -2247.359803 0.630163
-3179.701486 -2726.491149 -102.605185
-3397.082311 -2751.158391 -130.397733
-2524.165552 -2124.558915 -120.592141
-2377.223694 -1954.859002 -59.609645
-2208.671741 -1827.300518 -48.373958
-3405.181223 -2721.356177 -105.861797
-2432.125419 -2019.786333 -20.045116
-3080.422257 -2502.322871 -46.960286
-3483.530638 -2966.745571 -26.956611
-3367.998035 -2773.171236 -109.070223
-2766.910047 -2229.763729 10.827386
-2152.385354 -1845.770743 -67.683995
-2206.882025 -1791.718412 -3.686250
-2301.079222 -1934.380021 -109.832225
-2862.527149 -2377.030469 -24.596037
-3548.170554 -2945.927772 -29.571552
-2588.113168 -2220.429450 -82.805456
-2625.374808 -2165.143379 -39.576063
-3216.930370 -2568.598121 -98.526616
-3130.917582 -2666.970712 -23.055786
-2170.146364 -1825.766953 -103.823467
-3014.542121 -2523.913591 -15.254029
-3113.592326 -2570.544322 4.152819
-3386.412768 -2840.990326 -50.429531
-2586.416608 -2099.763184 -28.870546
-2557.737123 -2105.063220 23.188333
-2694.375910 -2340.522009 -6.346938
-3111.600754 -2653.416707 -37.859125
-2098.641245 -1749.827852 39.343264
-2653.961169 -2185.776321 50.473818
-2464.826598 -2025.830985 -80.233461
-3185.305124 -2595.336510 -134.717091
-3018.850939 -2486.335078 58.150911
-2718.910026 -2239.916124 51.754831
-3556.185517 -2873.231684 -18.883536
-2589.667212 -2081.699352 -7.270449
-3149.852462 -2650.880214 3.907340
-2419.707823 -2024.166825 3.334012
-2775.081071 -2238.979125 -49.508848
-2485.920626 -2126.862110 -94.652004
-2145.531407 -1809.321094 21.420856
-2063.624751 -1788.378380 -43.171887
-3219.730568 -2632.725039 -11.985281
-2313.021368 -1840.090988 -25.723599
-2391.300240 -2043.880530 -54.798667
-2776.455292 -2352.704515 -17.774058
-2511.602746 -2128.383156 -15.582681
-2198.080873 -1889.000443 -6.279538
-3285.737943 -2755.211884 -4.634179
-2537.759580 -2159.501024 -0.226331
-3627.416454 -2911.681140 -36.116308
-2999.435809 -2493.081405 -132.521589
-3279.542916 -2775.808620 -112.692389
-2297.901121 -1945.920833 -1.780456
-2532.951847 -2020.192636 -46.997365
-2287.867901 -1859.258121 1.009693
-3246.490819 -2693.595598 -98.782268
-2384.837490 -1937.140868 1.559897
-3463.641252 -2880.449032 -154.155972
-3218.100344 -2777.758057 -13.130721
-2394.903586 -2046.862369 -54.801277
-2130.760022 -1803.638079 -73.089318
-2636.687057 -2101.103367 -10.514114
-2146.393369 -1744.045372 1.001679
-2420.668219 -2080.561330 -25.782003
-3224.733561 -2681.462819 12.069099
-3337.753695 -2825.311374 -113.173375
-2871.070710 -2331.935382 -118.936430
-2837.233573 -2359.143142 9.916412
-3185.672247 -2588.921971 1.056259
-2417.902327 -2113.554335 -43.087106
-2384.798659 -1988.234853 11.256769
-2331.599510 -1963.928514 -102.695689
-3371.915783 -2872.219381 -84.025045
-3230.547243 -2773.978826 -81.623345
-2183.978191 -1875.470351 -55.244820
-2770.593920 -2270.412207 -122.205959
-3392.216120 -2911.385875 -85.259181
-2692.782294 -2232.474245 -67.752966
-3370.254163 -2897.137134 -90.794645
-3262.068661 -2672.741893 -144.201729
-3342.015096 -2869.278662 -84.365397
-2379.926574 -1923.656852 -28.946254
-3221.701640 -2679.929586 11.003287
-3243.044892 -2709.913645 5.407330
-2597.177495 -2159.645452 9.142556
-2250.798508 -1820.445556 -59.719690
-2983.572616 -2533.442754 -28.217013
-2689.976481 -2176.112405 -71.475344
-2920.404174 -2480.759282 -27.054221
-2384.841921 -1927.270951 -29.257073
-2677.505600 -2288.308924 -86.593936
-3255.322662 -2821.017824 -67.612397
-3084.315967 -2488.912308 -77.619193
-2798.848318 -2425.545650 -58.147782
-3264.398629 -2686.687117 -94.708209
-2500.953821 -2124.269741 -13.602399
-2334.897926 -1932.867438 15.646379
-2450.638882 -1946.448194 -16.070948
-3051.819057 -2670.228819 -53.381503
-2365.796729 -2013.807707 -0.104614
-3501.223685 -3057.118168 -79.606388
-2281.256672 -1818.620270 -10.285600
-3344.475840 -2674.464533 15.991301
-2894.672550 -2501.053990 -81.904399
-3250.075759 -2608.650815 -64.500903
-3047.015479 -2632.552010 -85.831394
-3320.689539 -2869.152468 -16.635422
-2605.853335 -2083.970217 14.284691
-2638.652933 -2299.587105 -63.831613
-1997.250851 -1613.497688 3.448912
-3299.072398 -2756.761451 6.245666
-3580.942425 -2957.618613 -51.696959
-3074.688157 -2541.017257 -44.714021
-3178.247950 -2779.318332 -55.260430
-2743.759151 -2399.175782 -47.868955
-2333.777809 -2005.684512 -63.614877
-2739.843830 -2238.167051 25.968748
-2941.282472 -2474.395857 -46.522626
-2589.603299 -2084.833649 -80.972351
-3383.057982 -2954.448924 -18.620495
-2037.903153 -1621.159910 -49.793645
-1921.097749 -1558.369819 -20.353771
-3300.546627 -2762.643262 50.180758
-3317.687252 -2759.264333 -146.876148
-2968.511006 -2557.325615 -37.792073
-3533.765084 -2889.954446 -12.881991
-3264.138054 -2739.322967 -2.803082
-2921.657680 -2466.738065 -116.807723
-2300.839445 -1865.318132 -24.081888
-3463.071886 -2982.692782 -42.925130
-3338.238658 -2817.302111 -134.465067
-2282.243902 -1946.346851 -27.233671
-2689.336743 -2175.425181 -72.244208
-3342.728800 -2864.555162 -102.778664
-3416.502355 -2926.167912 -106.060458
-2490.165399 -1986.054429 -11.970767
-2567.006215 -2080.803968 2.370605
-3103.387389 -2516.109616 2.950586
-2491.808561 -2142.637069 -85.240943
-2359.354321 -2031.620024 23.046538
-3548.840788 -2885.124947 -35.388155
-3402.623838 -2781.572046 -38.018933
-2950.823126 -2399.243495 -28.024740
-2769.057853 -2410.693798 -66.255890
-2663.460007 -2293.428590 27.148922
-2371.164341 -1962.039822 2.885901
-2519.340525 -2105.448018 23.776702
-2719.073965 -2286.830623 -89.501533
-2939.859218 -2458.461184 27.407436
-3181.326275 -2659.238094 29.849676
-2199.935898 -1841.696639 -100.114222
-3102.571441 -2624.521897 -24.083459
-2780.590541 -2346.323852 26.801537
-2756.251872 -2210.691797 -34.327621
-3332.593313 -2664.976687 -99.481407
-2457.159305 -2066.224643 -81.365403
-3428.119080 -2883.190444 -115.012398
-2536.813133 -2161.818949 -5.502865
-2605.357911 -2179.317815 -16.314414
-2514.018718 -2150.722570 -97.370722
-2921.792828 -2349.096026 14.230105
-2900.302221 -2395.426985 -126.061893
-3534.370673 -2896.414259 -154.473548
-3249.730547 -2717.711263 -19.927299
-2552.198014 -2063.814132 -68.899855
-2633.236857 -2202.746457 -16.306693
-2581.131212 -2159.154688 -16.227125
-2624.934973 -2195.715502 -15.229227
-3078.606132 -2603.174969 -24.266340
-2334.140632 -1973.571314 -18.053819
-2559.657002 -2163.466616 -20.792030
-2279.193230 -1988.165185 -29.534379
-2553.216653 -2064.547958 -68.213099
-2360.839479 -1935.554978 -107.470148
-3325.631019 -2679.661340 11.446538
-2565.590281 -2075.176909 -86.097168
-3452.661390 -2852.023112 -61.735945
-2536.765041 -2161.322214 -5.539878
-2606.035689 -2202.162593 -20.608457
-3510.363696 -2958.049468 -59.205203
-2229.622702 -1916.522792 -16.079801
-2620.043934 -2140.743436 -79.324155
-2500.162377 -2022.933208 33.267186
-2786.892028 -2246.387148 28.760921
-2448.524847 -2027.719735 42.510961
-2535.551496 -2104.856529 -59.691666
-3415.573954 -2823.975521 -145.838629
-3133.190239 -2534.512163 41.840354
-2643.596922 -2142.903704 -38.595494
-2411.536212 -2072.984506 -17.506423
-2890.436192 -2521.475672 -7.005634
-2509.789391 -2120.188224 -36.802472
-2354.610668 -1905.329412 31.506740
-2500.984806 -2023.578523 33.362614
-2414.063048 -2019.975933 -49.661641
-2618.019286 -2225.287397 26.027585
-2401.443345 -2009.196235 -50.064119
-3196.516960 -2578.415026 32.413404
-2584.709375 -2138.745234 33.205214
-3031.389079 -2590.270091 -56.058969
-2988.154643 -2553.608301 -55.710079
-3343.363636 -2855.419494 -63.702551
-3518.701308 -2793.540440 -21.028262
-2065.923509 -1657.958207 -18.577905
-3121.857765 -2666.700759 -56.937654
-3034.406485 -2581.339312 -103.824759
-2671.700221 -2301.963085 -61.938249
-3059.455310 -2535.878476 37.339584
-2331.242218 -2006.784638 12.694366
-3590.776877 -2882.122624 -31.809447
-2137.010265 -1855.373021 -52.498170
-2244.180358 -1908.448278 21.682377
-2746.649966 -2345.858557 -52.371210
-3487.655168 -2839.848041 -133.522185
-2109.196225 -1721.734229 2.705304
-2902.119217 -2499.585688 -68.066935
-2951.316706 -2568.164914 -47.493544
-3202.160050 -2595.618799 -47.604933
-2430.948145 -1994.787484 -91.006762
-2970.885808 -2438.200187 -110.632101
-2113.199885 -1712.058691 -31.214594
-2121.558869 -1704.744242 -52.528904
-3517.839354 -2841.059891 -29.145646
-2383.117543 -1954.375197 -38.457917
-2825.779652 -2427.847976 -21.788829
-2891.958361 -2384.161445 -81.702318
-3366.929206 -2776.249796 26.467789
-2424.670848 -2122.714975 -39.182820
-3403.047884 -2828.739011 21.206195
-2351.593624 -1932.439865 -38.895018
-2445.237489 -1962.329480 -68.752798
-2343.016247 -2018.210454 -54.848593
-2465.437838 -1979.385157 -69.492050
-2058.031329 -1790.683515 -21.333836
-3148.091637 -2557.884733 -0.656133
-2979.002460 -2524.353718 -83.892988
-2344.946188 -1895.369020 -3.596318
-3220.725247 -2603.596965 -5.847518
-2680.900427 -2338.965722 -5.017789
-2640.947172 -2129.683313 26.599231
-2311.572411 -1978.272062 -100.400971
-2788.098819 -2401.209275 -66.229614
-3510.175763 -2951.275923 -131.970231
-3412.647033 -2788.404511 -129.669244
-3507.208181 -2948.849654 -131.876463
-2604.548293 -2106.004336 16.669710
-2130.504452 -1827.539155 -72.197212
-3021.547987 -2593.829661 -102.920747
-2682.059008 -2340.031422 -5.030310
-3362.901548 -2810.750131 -11.241205
-3392.579298 -2740.203448 -31.745668
-2595.020760 -2219.928196 -112.870818
-3059.742183 -2569.453009 8.807990
-2006.601280 -1690.565925 -7.259638
-2293.754091 -1863.094473 -30.514195
-3441.698704 -2866.590834 -47.707765
-3568.762062 -2885.756334 22.343385
-2987.360027 -2430.972922 -75.494950
-2971.971655 -2566.998363 -24.729768
-2518.820121 -2048.896669 -101.279948
-2192.256270 -1801.699153 -76.404638
-2358.898617 -1972.198125 -8.117670
-3085.938049 -2639.357793 -134.322521
-2648.672851 -2177.388258 -43.205935
-2271.487941 -1868.976328 -37.768466
-2707.254419 -2281.237125 -46.187240
-3213.097245 -2561.937234 -52.012441
-2221.435849 -1766.180684 -49.957953
-2797.623290 -2268.369204 -98.228220
-2184.221303 -1865.488614 -41.069263
-3439.382676 -2956.273527 -26.346948
-2558.664158 -2102.207401 31.491691
-3473.638733 -2851.995052 43.676338
-2952.657700 -2538.859162 -22.658745
-3397.241283 -2699.379390 -76.399848
-2192.235707 -1760.256993 -62.698560
-2443.072318 -2099.874717 -16.042727
-2602.187621 -2222.622719 -48.117881
-1837.435249 -1536.130627 -38.636220
-2786.242304 -2421.966489 -45.608592
-2828.470345 -2414.605849 -51.859030
-2722.824004 -2277.524218 -61.675281
-2390.626368 -1995.390359 -12.047430
-2591.565157 -2162.884637 -13.222782
-2118.131116 -1811.836848 -40.267491
-2996.627341 -2484.722266 -33.504273
-2997.501442 -2485.281265 -33.414415
-2414.386248 -2027.374704 -81.206493
-2526.957682 -2147.339968 25.597767
-3235.269609 -2622.774531 -46.248389
-2457.040759 -2061.926465 -81.299078
-2812.230262 -2359.848365 -92.976875
-2313.370136 -1883.473354 -48.813250
-2457.492043 -2061.954257 -81.628367
-3009.783671 -2501.771528 17.741270
-2542.361154 -2095.889561 3.752765
-3410.705290 -2809.995939 7.605554
-3225.348774 -2656.552257 6.347872
-2990.391735 -2463.703711 4.137610
-2339.158221 -1924.615885 -62.404207
-3290.205025 -2657.022979 -27.117721
-2523.556879 -2105.575274 -13.213427
-2900.518347 -2383.038299 -49.065398
-2313.023730 -1884.360091 -48.583366
-2557.819067 -2112.349738 -6.198399
-2292.201071 -1892.783083 -5.965455
-2293.255166 -1893.050459 -5.989323
-3219.314875 -2605.595515 34.073364
-2292.221628 -1892.846145 -5.889876
-3009.489533 -2519.392155 -68.674173
-2988.773593 -2600.506133 5.823763
-2722.208176 -2279.406180 -61.949201
-2722.736647 -2279.869512 -62.029032
-3395.018514 -2715.375952 -92.864710
-3070.142940 -2433.848063 -19.787334
-2370.392888 -2024.784207 -56.813111
-3046.251446 -2454.637254 -26.932567
-3350.662508 -2735.493983 -85.955623
-2376.603476 -1941.197554 3.145048
-2960.123001 -2359.755952 -62.084142
-2690.744987 -2151.897522 -73.408024
-2388.071354 -2084.870378 -15.123157
-2731.578780 -2286.412114 -62.709640
-3031.743441 -2570.412461 -60.742844
-2289.293183 -1898.193001 -24.774537
-2272.109340 -1971.792316 13.992854
-3200.074085 -2776.667235 19.807524
-2260.850001 -1967.502570 -18.387151
-3556.155780 -2948.511118 72.782755
-3365.605075 -2793.264417 60.056706
-2230.045299 -1923.113143 27.165442
-3005.983780 -2529.348848 35.497550
-2394.039653 -1985.838041 -41.825415
-2969.074334 -2419.723434 48.012930
-2654.299146 -2232.934828 30.668466
-2193.179005 -1819.280602 -38.140311
-3283.590407 -2833.122889 39.730791
-2683.444588 -2144.478036 -1.070205
-3020.568563 -2493.513254 -10.279323
-2579.019979 -2119.191283 -90.431380
-3033.999398 -2537.150859 -54.380555
-2018.575214 -1744.513054 -44.514943
-3072.444148 -2654.512660 -68.046154
-3426.046816 -2929.150559 -52.160127
-3235.676028 -2671.782094 -10.897806
-2912.607100 -2393.762135 -102.297955
-2936.454221 -2387.442210 -59.210002
-2246.606274 -1847.065533 -78.522501
-2783.013446 -2344.633196 -10.882424
-2885.959186 -2528.476098 -18.458734
-3079.892343 -2659.865429 -68.390036
-3074.353922 -2655.670615 -67.672741
-2815.870058 -2455.243616 -31.731203
-3570.315854 -2913.611309 -119.480538
-2674.058470 -2297.483648 -81.796071
-2282.776050 -1890.008198 -46.212881
-2238.486118 -1854.611979 -67.844221
-2941.773940 -2438.620517 -52.955805
-2151.509472 -1874.602959 5.970666
-2723.417620 -2166.721474 -67.637205
-2413.772060 -2040.549421 -103.930101
-3403.067353 -2775.585384 53.715022
-3107.870966 -2535.332187 48.158114
-2441.211576 -2091.967258 -79.942820
-3511.767885 -2844.689945 -50.235219
-3382.711978 -2745.312729 -49.145161
-3146.059188 -2557.251544 -19.446122
-3268.428982 -2750.176471 -68.078732
-2975.099723 -2606.871909 -42.239460
-3438.272451 -2804.735085 -114.723975
-3223.826934 -2619.785182 -128.792031
-2925.099027 -2380.733184 -18.630736
-2450.609959 -1991.784690 -98.027461
-3212.694289 -2775.853945 35.659638
-2022.671577 -1747.230399 22.894741
-2663.229483 -2185.236608 28.021689
-2035.462743 -1776.606122 -2.422579
-3100.867920 -2568.062902 -134.134774
-2897.763304 -2528.386854 -3.896476
-3301.910014 -2700.113917 18.492275
-2433.107174 -2093.332459 -23.954488
-3218.670486 -2769.099939 -31.784411
-2818.632033 -2398.926298 -36.585899
-3059.167357 -2489.115373 -122.738497
-3275.852020 -2823.311805 -76.818554
-3330.301707 -2732.300351 -144.266389
-2564.404028 -2071.247302 -21.402477
-2330.897254 -2005.469185 10.462130
-2199.778437 -1917.597213 -64.998208
-3063.497329 -2453.730902 -88.989637
-3426.619077 -2752.228642 -30.401041
-2320.907712 -1864.061236 -20.872235
-3203.864652 -2629.070025 -137.185301
-2287.304124 -1912.533653 -6.744854
-3521.265338 -2889.191802 49.299554
-2796.135050 -2305.265551 14.369929
-3260.214522 -2769.235921 -19.472679
-3506.598632 -2837.617349 38.065064
-2975.878441 -2471.623516 51.366888
-2358.150317 -1958.193193 40.637374
-2217.951611 -1803.116942 -49.632269
-3429.379032 -2842.087374 -38.074711
-3255.553996 -2667.662795 -145.602093
-2332.342593 -2007.514430 11.109501
-2505.192404 -2054.027956 -111.016786
-2764.115640 -2386.066008 -29.818838
-3106.348678 -2658.580651 -135.479033
-2597.595751 -2236.185269 12.077202
-2534.951085 -2181.420864 12.865219
-2774.292659 -2319.080056 -14.377033
-2323.974345 -1971.508626 -102.862229
-2584.654246 -2162.211346 -11.641885
-3501.732497 -2957.944214 -49.671656
-3013.647594 -2453.409038 44.504558
-2078.470563 -1689.477608 -30.559381
-2367.575756 -2060.957288 -25.365656
-2358.268303 -2005.449459 -25.785329
-2251.490966 -1892.239998 38.431390
-2985.585450 -2556.941507 -112.543942
-3317.699784 -2871.801638 -17.108479
-2998.495616 -2481.881211 -61.560404
-2645.582688 -2149.410800 -39.348024
-3265.278923 -2826.315169 -16.145300
-3136.518351 -2516.579427 -89.828947
-2821.842018 -2335.696459 -57.760797
-3471.175607 -3018.903833 -105.025189
-2346.986745 -2008.431375 -43.761766
-2264.015452 -1898.909317 -36.084534
-3292.957631 -2678.190589 -24.787740
-3469.328346 -2820.797577 34.010141
-2113.206621 -1716.374386 29.978708
-3550.288866 -2861.797958 37.845418
-2743.506712 -2335.092580 -93.477085
-2915.706453 -2365.777496 -100.640607
-3591.745424 -2914.336863 -125.208077
-2550.263547 -2117.698203 15.029674
-3306.232701 -2647.666967 -71.181648
-2170.133359 -1760.785371 -74.909956
-2756.785673 -2198.661842 -32.262221
-3126.636500 -2536.747940 -109.127489
-2370.540507 -2016.314155 -30.362441
-3225.381495 -2678.660297 19.450674
-2856.540563 -2320.072802 39.869505
-2713.136448 -2318.381377 3.787448
-3355.673108 -2729.336964 48.570711
-2295.761663 -1971.429066 -6.926299
-2193.180540 -1862.163883 -21.016746
-2296.361876 -1971.905892 -6.932856
-2747.733979 -2348.986380 -89.672255
-3380.441965 -2688.012731 4.228122
-2374.379173 -2016.276029 -23.503889
-2406.601291 -2044.345844 -23.284070
-3178.214321 -2590.673945 -84.737384
-2154.218701 -1755.637619 -57.481289
-3029.221283 -2462.871348 43.154810
-2974.283878 -2416.546322 43.415768
-3412.660423 -2751.186904 36.596997
-2969.969813 -2412.598641 43.284461
-2972.567470 -2416.575802 42.835310
-2154.323205 -1770.041113 -75.847584
-2675.478965 -2234.375998 55.276198
-2866.336395 -2431.669036 -27.922460
-2435.729900 -2072.166410 -31.697118
-2900.834819 -2380.838309 -121.989283
-3493.084290 -2901.861795 22.285364
-3277.705461 -2746.461495 16.977336
-2794.851679 -2422.603389 -81.796146
-2612.034327 -2220.672302 -52.907083
-2069.295941 -1781.202940 -54.746858
-3314.535676 -2625.627395 -32.002963
-3186.439736 -2529.562577 -6.917872
-2742.616005 -2168.014720 -29.208468
-2879.593441 -2357.548271 -125.063984
-2253.867675 -1956.584997 -11.519342
-3470.709313 -2834.153412 54.124688
-2153.043992 -1762.146067 -93.676361
-3319.657547 -2681.171004 57.128046
-3133.685892 -2531.612960 45.537013
-3138.544609 -2535.443893 45.863643
-2907.049028 -2463.422555 -7.474752
-3418.879601 -2798.772275 58.943332
-3077.140103 -2441.696631 -57.903528
-2401.433336 -2080.373972 -1.091782
-2861.797730 -2398.066537 41.156771
-2519.494295 -2119.326519 -31.292936
-3364.663460 -2887.185679 -52.868147
-2423.856270 -1997.193236 -92.050453
-2974.372531 -2559.302161 -13.719369
-2870.553899 -2364.794271 -108.588604
-2881.947933 -2393.704904 35.163945
-3518.723094 -2935.496860 67.945236
-3367.296071 -2682.468635 -2.277438
-3418.537877 -2821.794136 -123.152820
-2930.842237 -2402.708407 -77.716305
-2367.954476 -1971.640212 44.907993
-2673.479210 -2262.470928 -50.242748
-3242.349594 -2759.113041 -54.537678
-1748.078238 -1488.466127 -28.604616
-3007.064736 -2569.179817 37.673104
-2167.375160 -1834.651458 -40.768127
-2659.429447 -2223.223074 47.475349
-3559.627698 -2938.593657 67.358592
-2544.020694 -2049.492343 24.513065
-2589.722894 -2207.831249 -42.513318
-2437.611790 -2022.022972 -70.612349
-3057.316069 -2473.708763 42.030442
-2100.875756 -1780.069505 10.753051
-2269.885848 -1946.661459 -35.439457
-2694.528559 -2252.408113 -66.258944
-2560.354316 -2098.468868 2.724424
-2688.099102 -2288.590685 -42.299170
-2336.056468 -1962.465253 -94.928278
-2942.217688 -2361.773016 -14.170347
-2715.282094 -2150.248492 -49.231888
-2638.695885 -2301.562345 -62.901903
-3207.722624 -2776.902494 -0.727361
-3136.353212 -2559.092505 -59.214382
-2675.077868 -2247.848392 -110.218864
-3291.743860 -2711.431489 44.746877
-2416.632794 -2047.664827 13.862812
-2472.423100 -2058.770406 -86.052162
-3087.351697 -2451.654435 -31.781203
-2866.884291 -2468.331092 18.694299
-2221.784776 -1867.550006 -90.783705
-3209.739524 -2632.721106 -0.568517
-2498.345831 -2015.477781 -47.653391
-2453.852785 -2002.542732 -25.387064
-3179.580534 -2734.817586 21.402477
-2070.573063 -1731.229003 -51.303655
-2536.656170 -2181.727596 17.061216
-2523.579970 -2000.138559 -54.712557
-3268.216949 -2812.852938 20.879709
-2189.558542 -1855.542419 11.806300
-3411.322680 -2816.436968 -127.134389
-3568.679835 -2946.498769 -132.885813
-3118.610175 -2496.607544 -87.306259
-2220.953605 -1882.325706 12.698184
-2435.549731 -1952.226722 -46.054136
-2690.806105 -2280.580000 15.435172
-2536.589806 -2149.923115 13.667460
-3167.785443 -2584.973729 -33.291821
-3263.926282 -2642.758624 41.756824
-3261.512336 -2684.918048 31.657476
-3080.346916 -2512.772814 -58.268799
-2216.738114 -1851.945138 39.957332
-2439.407386 -2039.236080 -60.346489
-2353.246362 -1978.525623 -95.282328
-2440.105376 -1991.450108 -24.951887
-3581.636382 -2931.548858 -104.920713
-3160.293804 -2536.953943 30.458166
-2142.270180 -1844.850736 -41.561439
-2396.872534 -2002.107495 -76.423432
-2977.263743 -2501.915033 -122.092563
-2654.211304 -2204.936990 -101.146609
-2829.162368 -2310.156958 -54.267275
-3340.787158 -2740.851086 -20.860963
-2831.395043 -2398.395684 33.220072
-2711.140826 -2284.255334 2.157979
-2786.433272 -2235.623256 24.086911
-3460.110226 -2759.409834 -97.593004
-3375.925483 -2854.614018 19.973099
-2627.448931 -2126.708783 37.765432
-3446.220815 -2914.101838 19.527371
-2530.947818 -2133.833799 5.565865
-2939.138751 -2399.584206 -56.531063
-2204.843843 -1769.781274 -59.065043
-2908.384401 -2500.956340 -52.224921
-2851.603994 -2474.150704 -7.341664
-2946.574112 -2556.475176 -7.776827
-2005.431665 -1693.257195 15.496098
-2704.767856 -2175.088008 -47.732109
-2678.805034 -2322.776467 -46.657484
-3441.195732 -2886.845682 1.103843
-2787.371029 -2418.568512 -34.701351
-3520.033212 -3029.567024 -132.617392
-2649.120433 -2239.864951 21.135705
-2456.867027 -1965.401600 -69.365313
-3271.530393 -2627.522538 -82.506372
-3149.484326 -2668.240966 -32.011002
-2554.088867 -2129.312466 14.810636
-3442.402744 -2974.760690 -51.508818
-2768.045923 -2251.931510 -117.992947
-2146.812961 -1833.733428 -82.375137
-2016.854598 -1693.684185 -51.329457
-3371.166156 -2882.021319 -66.021006
-3349.402149 -2932.705906 -58.271186
-3175.509749 -2684.908929 25.224690
-2795.361370 -2300.508913 41.540461
-3199.980365 -2654.624846 -129.065298
-3280.834980 -2838.796025 -75.783401
-2997.624293 -2499.788389 16.384344
-2440.402205 -1959.861598 -61.748741
-2467.583655 -2058.185141 -76.179849
-2466.156843 -2106.084571 15.738298
-2489.210276 -2124.181808 -62.390202
-3495.904815 -2817.147555 -72.906731
-2455.733068 -2086.889638 0.975258
-2946.654034 -2513.806657 18.063747
-2361.404512 -2022.924655 22.278938
-2716.399525 -2327.135957 24.782850
-2873.566314 -2461.802491 27.109069
-3365.529021 -2781.124356 -125.533458
-2383.498204 -1928.631551 -36.873494
-2125.024858 -1699.495599 -59.917238
-2313.051307 -1982.083571 21.780969
-2502.802324 -2107.961673 -75.414696
-3609.881377 -2894.214404 -72.546213
-2534.521714 -2110.019103 -119.394995
-2468.783246 -2059.136199 -76.038580
-3558.267971 -3005.627430 21.393990
-2752.761370 -2295.062562 15.882856
-2109.400481 -1759.052116 12.600549
-2881.383044 -2412.983362 26.825922
-2226.373478 -1880.738818 13.445978
-2961.873505 -2567.977330 -31.533139
-2336.832045 -1884.680805 -47.996390
-2531.564140 -2210.991996 -44.426744
-2933.977636 -2518.956094 -49.333844
-2592.806955 -2233.852498 -95.725253
-2663.738525 -2295.321403 -99.293760
-2392.078188 -2062.205128 -93.318099
-2407.070979 -2004.368981 -71.054944
-2362.367577 -2005.159947 -69.078588
-3222.931756 -2662.265136 14.212630
-2608.563514 -2176.719437 19.706879
-2361.352324 -2004.283557 -69.082568
-2614.514048 -2219.149909 -76.562579
-3365.167992 -2796.777225 -158.782881
-2688.889615 -2316.312462 -100.714559
-3173.890113 -2721.383371 -112.107390
-2407.436940 -2005.111328 -71.216393
-2782.582077 -2222.653635 -59.226582
-2405.581786 -1969.447294 -75.117664
-3191.593408 -2613.551198 -100.391602
-2524.836180 -2117.180108 41.856486
-3282.709351 -2819.044102 -55.774675
-2617.073209 -2190.438356 24.886272
-2063.377770 -1658.984765 -43.756043
-2297.610933 -1941.351609 -2.472844
-2152.313054 -1849.641529 -39.953302
-2686.025283 -2203.317998 -101.024160
-2297.284667 -1940.888972 -2.456179
-3340.391173 -2709.291351 -125.483631
-3134.585425 -2696.597022 -56.178516
-2980.834978 -2565.039878 -55.161361
-2908.342213 -2380.792707 -91.597975
-3437.652987 -2841.492610 15.236763
-2026.681942 -1770.671272 -35.823956
-3509.111611 -2833.014155 -74.258752
-3395.648758 -2782.374915 -106.845502
-3321.249284 -2721.447512 -104.457601
-2128.250924 -1837.758114 -20.173997
-2423.148211 -1939.516986 -48.538521
-2444.031105 -1978.798580 -73.855055
-3002.008059 -2423.273008 -64.677690
-2559.819382 -2132.449431 -88.553506
-2588.629562 -2229.843500 -57.988059
-2539.918016 -2195.689278 -17.384548
-2089.641075 -1820.041766 -38.405348
-2498.590931 -2020.379940 -39.487154
-3441.367867 -2927.163324 -100.871829
-3516.960430 -2822.771144 -94.558469
-2809.379313 -2310.957560 32.342951
-2796.177894 -2365.369627 -70.407695
-3275.627432 -2702.966491 19.837471
-2814.849235 -2322.636433 18.170597
-2572.066985 -2044.052833 -47.856378
-2341.819889 -1936.962087 10.333000
-2360.017322 -2006.364485 -68.585026
-2669.291728 -2302.984103 -39.115046
-3440.644314 -2838.523057 28.185224
-3240.539441 -2702.627654 16.869759
-2045.932766 -1654.013268 -30.553130
-3014.864773 -2487.031969 19.782407
-2545.229744 -2135.189595 -54.038137
-2983.193884 -2437.011740 -17.557728
-2702.834449 -2210.326516 -15.981679
-2857.877580 -2363.462374 -6.301141
-2538.873153 -2076.487939 -15.516120
-2253.706077 -1843.649356 -14.222434
-2933.958298 -2426.212399 -6.331276
-2541.217196 -2061.269853 -95.368790
-2649.762353 -2199.751559 -16.292994
-3465.226220 -2874.963257 -12.413092
-2421.492225 -1971.183721 -91.080836
-2580.154714 -2142.531389 -16.614444
-1869.367472 -1625.835531 -41.554541
-2367.326976 -1977.562927 -102.771596
-2715.802313 -2199.128878 -100.791439
-2195.024854 -1833.669259 -101.201036
-2745.167478 -2317.945444 35.580046
-3164.978520 -2540.241456 27.713894
-2423.653145 -2022.974846 4.810477
-3067.347744 -2504.481640 -17.618270
-2981.059989 -2435.697223 -18.521258
-2465.531238 -2015.239715 -14.883653
-3358.782256 -2745.952841 -21.598195
-3243.810081 -2651.993186 -20.344319
-3491.501360 -2864.508900 4.504453
-3262.102051 -2687.582003 -88.432051
-3566.129186 -2925.818578 -26.334312
-2233.677250 -1782.264379 -57.795437
-2705.275962 -2249.519405 24.140625
-1825.077761 -1517.602849 16.666234
-3383.554150 -2708.496452 -24.802905
-2638.744790 -2303.480985 -62.659946
-2766.355964 -2220.753869 -14.507915
-3491.524686 -2901.956267 30.937005
-2314.926692 -1916.388518 -95.615079
-2647.053646 -2166.080226 -77.774153
-2746.040462 -2273.127912 43.141298
-2826.533646 -2324.641478 -24.315360
-3561.980690 -2949.589056 -144.985883
-3103.211095 -2548.437636 -20.801557
-2829.310423 -2323.674501 -20.198154
-3343.691692 -2801.249687 -93.509652
-2631.799341 -2105.558743 -18.988947
-3219.317049 -2575.808608 -14.517520
-3201.274151 -2697.997853 -101.522607
-2990.192702 -2480.431074 -10.763358
-2408.210665 -1992.784721 -98.857445
-2616.373843 -2111.206550 -102.710353
-2807.770979 -2349.548272 -97.568511
-2325.422387 -2018.781663 -51.742493
-2635.525238 -2256.720135 10.338092
-2276.660412 -1886.962731 -45.991952
-2236.784574 -1914.707515 6.518380
-2520.644338 -2064.396602 8.151639
-2134.143034 -1766.155444 20.796471
-2591.741338 -2248.990172 -53.173905
-2914.581030 -2494.376838 12.744324
-3091.307622 -2562.662650 -61.369414
-2388.976884 -1913.196767 -22.566937
-2922.615030 -2423.191255 -59.124521
-2589.506413 -2142.340161 25.600857
-3037.846747 -2460.550060 -113.111847
-2215.502135 -1770.806391 -59.413525
-2466.209881 -2096.140328 -88.979542
-2598.090716 -2221.449039 15.569065
-2319.639295 -1874.527235 -15.812089
-2264.480276 -1827.869052 -71.647931
-3212.058012 -2592.680813 -101.438935
-2264.890521 -1828.099420 -71.698238
-2376.113238 -1983.398024 -75.956911
-3437.075134 -2796.446239 -36.775979
-2904.875407 -2365.092508 -109.019619
-3235.109325 -2627.553922 6.764364
-2631.023356 -2176.327480 40.461464
-2277.684610 -1919.201545 28.704310
-2091.723711 -1747.778325 -67.388897
-3336.476544 -2809.544266 -137.575470
-3455.283355 -2769.230364 -54.867826
-2535.715295 -2171.892968 9.800317
-2459.642680 -2037.872292 27.036152
-3498.544204 -2938.811242 15.548272
-2607.938980 -2112.254104 -21.893384
-2505.694887 -2160.333899 -98.771184
-2827.627592 -2290.029204 -24.353966
-3223.979445 -2596.979279 31.375016
-2828.808744 -2291.303564 -23.378743
-3280.006537 -2727.012923 28.743366
-2232.741092 -1874.583207 -5.199402
-2610.264587 -2114.195337 -22.004890
-2467.369442 -2059.041512 -77.696851
-3027.081810 -2524.441832 39.132224
-2422.312080 -2008.687836 -49.640284
-2761.505123 -2337.777854 -60.025645
-3482.947696 -2900.991753 -4.887260
-3464.507838 -2813.542678 -26.344471
-2272.395341 -1927.709311 -66.294323
-2390.869888 -1924.878413 -0.755644
-2294.388816 -1941.726286 -49.555603
-2976.545598 -2524.765320 -86.360089
-2363.968600 -1973.607847 -74.126324
-2103.737822 -1736.589505 -44.377184
-3106.318580 -2493.488406 -82.098216
-3339.902783 -2707.547204 -123.713503
-3454.648230 -2872.444951 28.682353
-2847.517986 -2360.759007 -58.424901
-2952.038231 -2449.944398 -58.317716
-2567.602496 -2141.810147 33.386857
-3229.068127 -2665.652576 -68.212319
-2522.980299 -2130.065951 -2.245862
-2979.235577 -2526.689414 -85.840780
-2204.493233 -1901.142321 -7.832332
-2999.265869 -2481.371597 50.099654
-2105.042653 -1746.154144 -43.627625
-2949.033911 -2447.332914 -58.259869
-3589.317859 -2960.884471 -71.038060
-2417.734938 -1995.410295 -51.500911
-3129.920267 -2666.260658 -112.027436
-3400.417854 -2727.424097 -52.561700
-2961.059861 -2441.560507 -58.579219
-2895.034668 -2443.789026 -50.366870
-2164.621380 -1781.138361 28.720102
-2451.261540 -2046.897634 -75.587255
-3340.560085 -2861.288853 -59.332096
-2741.385792 -2349.884535 23.823512
-2576.938754 -2136.710773 -10.821827
-3344.337922 -2819.993220 -66.755251
-2580.391621 -2082.476667 -40.862692
-3212.595755 -2630.539651 0.708579
-2420.076876 -2048.762503 -40.132792
-3321.948803 -2637.373651 -29.795108
-2045.176332 -1695.959552 -8.792902
-2837.224622 -2324.790822 10.551592
-2160.948217 -1778.091185 28.570473
-3412.574905 -2793.398048 -105.319538
-3525.506646 -2885.311415 -108.327765
-2461.865916 -2100.835980 14.826711
-2190.242744 -1835.498497 30.744269
-2483.269035 -2174.643900 -64.694935
-3520.501144 -2970.985581 -155.962379
-2965.780898 -2411.877916 -10.260755
-3444.292056 -2765.057664 31.818447
-2767.730797 -2388.210399 28.870265
-2523.888141 -2069.485623 -15.803442
-3393.418013 -2781.700355 -41.493353
-3143.451591 -2556.470148 -10.162161
-3576.544261 -2855.652450 -101.551948
-2142.023442 -1763.130940 20.810295
-2271.411512 -1847.702217 -7.651460
-3061.789614 -2642.935404 32.107515
-2665.366195 -2157.680953 0.287704
-3261.968525 -2685.199149 31.610107
-2546.359848 -2214.962815 -30.924841
-2462.764209 -2155.994007 -63.359569
-2621.937106 -2079.350411 -48.828383
-2604.955722 -2151.091334 -26.875908
-3543.253023 -2968.182962 -122.594663
-2278.315263 -1943.321867 -55.557458
-3204.641915 -2626.617937 -20.482687
-3182.700857 -2536.077591 -19.422847
-2544.702962 -2214.805696 -57.463644
-2452.518154 -2054.390439 -85.306027
-3282.348287 -2685.287799 -19.582944
-2458.751697 -2059.239768 -85.732029
-2661.518057 -2299.832814 -38.799519
-2553.836224 -2147.107740 -54.611495
-3274.809998 -2753.164835 -82.133468
-2373.904670 -1994.986810 -59.728262
-3083.775243 -2670.614703 -98.515370
-3510.349945 -2855.220376 13.656737
-3589.846266 -2946.275692 -26.207617
-3002.605435 -2423.267060 -94.618513
-3494.023918 -2869.268814 -79.276500
-2509.580587 -2160.460662 -93.529261
-3083.175445 -2466.244022 -22.414590
-2810.207623 -2248.246185 -12.424618
-2452.070006 -1979.618907 -90.812347
-3414.093313 -2732.058892 -22.980737
-3389.883907 -2752.157681 -27.021052
-2148.767176 -1857.105526 -82.738206
-3231.595714 -2781.058731 -119.573977
-2240.089795 -1794.549280 -21.158306
-3076.329999 -2510.214109 20.285528
-3169.484098 -2668.737628 -48.718027
-2888.018193 -2368.837641 -19.516530
-3478.340998 -2902.965758 -112.290379
-3584.022519 -2939.168166 -134.834196
-2716.762673 -2226.738863 -33.358015
-2663.334491 -2230.519079 28.129925
-2451.052980 -2121.864482 2.402758
-3476.611994 -2923.113735 -155.754669
-2871.568705 -2365.630884 -77.800464
-2218.992765 -1924.350704 -2.005301
-2280.872955 -1838.391920 -35.754649
-2738.317553 -2378.859122 -71.862211
-3412.732170 -2769.983694 -25.623967
-3257.239813 -2759.344810 -69.432343
-2338.902767 -1881.129048 21.623936
-2696.358801 -2241.746905 -83.428143
-2339.799599 -1901.038846 -6.835626
-3256.505861 -2758.704103 -69.511562
-2681.671235 -2158.574656 4.737759
-2585.574403 -2202.401422 -62.927395
-3304.513468 -2685.897802 -9.778917
-2500.622153 -2129.476027 -61.281640
-2554.746982 -2175.272124 -62.995850
-3266.753892 -2631.784978 -50.694680
-2296.240582 -1864.190782 -49.612541
-2645.998665 -2124.286721 31.159245
-2335.714338 -2012.809095 -0.579733
-2165.501593 -1854.576570 -25.680528
-2800.587229 -2289.283713 51.992198
-3036.581679 -2429.514256 28.113904
-2339.970722 -1872.776775 20.967025
-2698.668305 -2167.551281 31.638197
-2924.605002 -2520.355124 -0.248463
-1848.575335 -1483.569622 21.312891
-3085.297565 -2471.252134 28.072931
-3060.859054 -2450.256909 28.001050
-2262.660201 -1938.455011 33.049599
-2579.194909 -2065.380550 22.724965
-3425.153648 -2946.064582 -126.125657
-3449.485578 -2966.349542 -127.132712
-2485.217023 -2059.991875 -78.954695
-2516.757221 -2164.300641 -93.300525
-3422.478045 -2820.011043 44.367539
-3633.779229 -2910.408942 34.784555
-2677.915282 -2182.963933 -46.274410
-3399.628146 -2775.604353 -62.606474
-2024.969143 -1658.142585 -77.360347
-3070.471313 -2561.064926 19.152228
-3167.236885 -2539.071922 29.695835
-2830.869330 -2309.617271 -52.321176
-2256.795348 -1940.913273 -10.112340
-2421.583369 -1941.180584 23.601414
-3224.492323 -2631.287194 -59.221713
-3221.277669 -2623.756011 -61.398634
-3285.853715 -2676.242621 -62.839879
-2436.604462 -1987.746773 -42.157007
-2565.046354 -2207.410208 -90.407011
-2951.408433 -2539.969241 -104.359815
-2382.151982 -1914.199791 22.128803
-2510.717171 -2161.168132 -89.534134
-3038.751873 -2474.155288 -57.750872
-3143.936373 -2675.557133 -45.411973
-2384.671404 -1998.696292 24.823104
-2921.649113 -2394.582581 35.433183
-3220.426655 -2575.720313 -5.403735
-2208.361357 -1835.915975 -44.466874
-3367.017518 -2698.192879 31.998711
-3168.521889 -2595.982717 38.017507
-3559.621408 -2922.805672 11.542368
-2263.566033 -1939.961474 33.060832
-2333.219863 -1939.355038 -47.247877
-2683.168777 -2189.701769 -48.314805
-2928.226042 -2479.138411 -27.210272
-3195.650335 -2603.210223 -59.784333
-3125.821991 -2670.594315 -53.046509
-2581.678654 -2186.097297 -24.474325
-3206.336528 -2613.947678 -59.209576
-3187.053442 -2576.021397 -118.349562
-2665.250854 -2111.255225 -46.734162
-3117.969106 -2690.018173 0.244619
-2085.384248 -1795.286499 -74.918791
-2381.546842 -1990.914044 19.940581
-3510.799726 -2935.205110 -105.540975
-2329.303712 -1875.130447 1.826649
-2606.849875 -2163.835559 -120.413428
-2381.023891 -1996.270331 25.875902
-2614.930895 -2186.167883 -78.676968
-2512.250785 -2148.995520 -59.971429
-2696.306483 -2204.776149 -38.376639
-3475.521315 -2833.457887 -64.741080
-3291.827543 -2840.079692 -18.426448
-3202.541859 -2618.183819 -45.429710
-2726.788358 -2223.038917 -49.677275
-2544.690233 -2200.656477 3.043788
-2463.923781 -1991.837386 -92.348418
-2065.646875 -1783.820174 -65.992308
-3386.913094 -2815.168924 -94.740892
-2656.044284 -2299.368762 -78.620220
-2453.568023 -2039.937980 -12.916212
-3305.596807 -2861.527024 -98.536269
-2413.748988 -1992.143003 35.524580
-2402.847364 -1974.264989 -58.423954
-2041.587227 -1637.427529 -10.944087
-1763.106692 -1469.041397 -40.582761
-3252.466048 -2711.703338 -147.330498
-2701.862157 -2251.053299 -63.114299
-3122.982363 -2712.107194 -84.727328
-3169.526193 -2549.908222 -81.800611
-3474.508692 -3005.171740 -35.155796
-2818.110839 -2302.604588 -16.446410
-2251.889112 -1838.073612 -10.791313
-2547.600332 -2079.260408 -12.599289
-2549.863242 -2080.835192 -12.565551
-3485.626970 -2842.862233 -19.778130
-2736.098981 -2277.917453 -81.879162
-2355.185507 -1930.705607 3.511392
-3497.536619 -2812.188341 -125.487380
-2208.098003 -1822.739482 33.170228
-3321.874097 -2851.959254 32.829442
-2531.814344 -2106.435633 -118.437454
-3270.191059 -2719.395223 -154.191541
-2710.901284 -2255.655100 -127.921792
-2608.780187 -2195.589406 -7.546159
-2586.946414 -2087.182575 -36.762667
-2562.358495 -2113.896563 18.152133
-3416.358397 -2757.188515 -48.590939
-2216.600877 -1830.026995 32.969560
-3091.568070 -2551.631547 21.347358
-1911.928833 -1578.057267 13.433119
-2959.005714 -2426.478356 13.002252
-2606.832250 -2166.041869 -122.643270
-2449.457223 -2116.672342 -75.438993
-2114.474282 -1827.296308 -63.752550
-3189.687939 -2590.018842 12.983883
-2806.525316 -2305.237817 8.627051
-2794.333971 -2324.352196 -77.499090
-3476.619806 -3035.559823 -59.184120
-2506.937620 -2160.010129 -89.915539
-3306.556822 -2751.544555 -98.520293
-2518.641445 -2029.536250 1.160043
-2805.558959 -2316.018728 -58.916056
-2550.860477 -2218.054411 -66.403089
-3234.027639 -2786.259188 -116.240392
-3478.464876 -2800.552135 4.138080
-2576.356542 -2164.382310 -50.845484
-2323.206063 -2019.664310 -61.158617
-3313.267174 -2881.170223 -86.203325
-3099.150367 -2568.997522 -89.233310
-3005.230287 -2421.233797 -115.166949
-2796.825053 -2417.434074 -84.904207
-3059.600154 -2644.450489 -92.829138
-2451.355857 -2118.711414 -74.052529
-2419.978828 -1995.081421 -73.731956
-2160.099463 -1748.430586 -64.750656
-2964.786630 -2381.055948 3.208423
-2161.400312 -1867.644786 -66.414133
-3460.831051 -2965.757464 -63.017005
-2623.679563 -2114.560752 0.924625
-2588.443753 -2198.690974 -74.032947
-2928.186958 -2401.042505 48.367297
-3222.174140 -2569.016148 -18.240429
-2614.078430 -2084.106606 -14.650473
-2686.728593 -2203.741964 43.954572
-2687.118350 -2204.245355 43.884872
-2298.696114 -1922.922348 -35.854965
-2602.290905 -2103.290724 0.364877
-2775.786082 -2330.637672 -128.238851
-2615.375319 -2084.853546 -15.585286
-3425.360293 -2947.062166 -128.286797
-2980.353794 -2434.268076 -15.242702
-2452.573104 -2120.233530 -76.063448
-3589.066654 -2930.158790 -17.679617
-2300.673959 -1989.482865 -71.848352
-2799.320189 -2398.191892 -76.194705
-2789.582416 -2399.665667 -103.417740
-2486.954351 -2002.372512 -84.959170
-2629.041667 -2273.233313 -80.354300
-2772.853612 -2398.096666 -84.755685
-2563.040096 -2164.502743 -24.604431
-3429.513925 -2966.191113 -103.405991
-3562.388967 -2949.292805 72.282307
-2537.814639 -2104.525580 -48.760507
-2581.176288 -2084.969113 31.543690
-2838.196563 -2318.856347 29.461221
-3182.090467 -2633.332339 -72.543237
-2219.899058 -1853.276492 40.205259
-3005.950008 -2420.298656 32.971817
-2869.533463 -2367.677157 -95.267179
-2276.264471 -1900.746750 40.973174
-2252.329286 -1855.526530 -85.710255
-2852.809430 -2382.260051 52.748140
-2852.476785 -2379.268190 20.868824
-2765.389121 -2263.627753 -81.479171
-3448.059047 -2998.182413 -75.655171
-2232.184193 -1789.298008 -45.444821
-3005.828668 -2418.844402 34.060538
-3381.699479 -2815.412754 -118.093778
-2624.529765 -2211.057221 36.674086
-3270.059836 -2827.264670 -30.458401
-2456.449174 -2123.260116 -23.332566
-3005.481379 -2421.078443 32.736566
-2539.486164 -2046.485380 28.531814
-3004.649195 -2419.497930 33.399165
-3505.493292 -3065.925913 -53.366720
-2947.100725 -2452.013085 -102.672035
-3483.099242 -2882.113716 -106.005675
-2166.806591 -1732.589981 -61.344784
-2416.184413 -1984.071007 -36.350983
-3275.215551 -2815.203617 22.232475
-2483.252817 -2051.437612 -2.786890
-2946.594859 -2576.901454 -44.220846
-2185.351649 -1910.599981 -1.081055
-1918.124437 -1617.183277 -28.595076
-2753.188403 -2311.910768 17.595879
-3572.117150 -2866.823883 1.461521
-2556.669687 -2093.327224 8.522216
-3434.370084 -2745.740774 -53.708282
-2483.626675 -2122.825234 16.790969
-2598.984459 -2208.257767 -86.561537
-2393.580162 -1991.853486 -82.308867
-2493.107688 -2160.816589 -58.796679
-2201.234309 -1843.113978 4.812433
-3369.686543 -2815.162365 -154.247314
-2769.339254 -2295.504937 -91.506428
-2796.491605 -2388.640456 -55.116295
-2723.083803 -2363.530454 -55.746378
-2767.817846 -2294.234762 -91.518657
-2322.461510 -1943.729267 2.632595
-2725.500979 -2365.680059 -55.814536
-3387.354878 -2825.010612 24.812131
-3216.072988 -2596.008201 -91.948697
-2442.633829 -1952.880035 -68.422656
-3335.975725 -2916.739131 -1.829380
-2884.725801 -2390.703148 -96.140806
-2185.116928 -1766.346208 -33.317093
-2626.354827 -2105.513515 -1.065151
-2587.943370 -2117.408978 -78.281263
-2628.529271 -2217.475754 -3.296598
-2386.440661 -1926.542472 -94.305868
-2402.684063 -2005.080505 12.279618
-3064.548441 -2528.967899 -129.030745
-3022.600843 -2500.034623 -91.715510
-3141.486097 -2555.379819 -116.583763
-3040.766266 -2474.763290 -111.339865
-2310.642653 -1915.432321 -8.163164
-2858.024454 -2370.188948 16.430171
-3042.748015 -2630.487734 -47.316940
-2326.551401 -1860.304669 -36.289648
-3219.525569 -2634.696478 -97.168429
-3478.952026 -2814.943132 -52.901111
-3163.673057 -2559.820328 -47.808235
-2749.801746 -2352.976072 -49.254341
-2610.021901 -2107.189385 -103.406618
-2388.166074 -1927.714729 -94.380083
-2912.682774 -2336.178297 -1.831224
-3556.562279 -2996.833569 -69.694913
-2891.574540 -2392.360461 46.289682
-2436.107648 -2039.832691 -44.109101
-2922.865530 -2508.856576 -16.501161
-3362.747560 -2697.737991 3.790358
-2357.986559 -2061.489191 -1.204581
-2379.727291 -2000.055297 42.616251
-2299.369405 -1836.979218 -65.136263
-2817.077705 -2296.504815 -9.397665
-3597.893507 -2953.612580 -55.887747
-2065.940813 -1643.438209 -44.398044
-3472.353817 -2831.621182 -11.922824
-2498.433237 -2169.047619 -38.388497
-2506.493973 -2053.950067 -82.909770
-2657.560715 -2206.332397 -105.795530
-2879.567258 -2291.726725 -62.340972
-2415.437623 -2033.758267 36.252499
-3159.366471 -2527.680199 -38.875127
-2069.546118 -1646.875264 -44.337794
-2322.441183 -1874.629923 -15.677574
-2069.277788 -1646.808612 -43.918961
-3148.531895 -2665.372049 -66.850361
-2324.601303 -1874.115684 -35.843715
-2974.758334 -2382.208128 4.200287
-3002.625286 -2413.859501 39.178198
-3248.053558 -2621.755803 47.441748
-1898.817267 -1525.501135 20.377331
-2960.332355 -2392.338885 41.695577
-3090.300308 -2558.168329 -11.660170
-3223.188492 -2705.728549 56.556823
-2417.115400 -1951.758174 -0.473170
-2889.159475 -2425.028798 50.576969
-3186.104132 -2674.440727 55.912426
-2428.557830 -1997.840185 40.418472
-3038.123022 -2528.319571 -83.930352
-3207.793178 -2743.016336 21.432831
-2621.261783 -2175.814163 -98.691096
-2312.225844 -1980.336908 10.109708
-2084.371465 -1752.910099 -6.921691
-3121.650138 -2612.782578 33.920259
-2962.855681 -2483.833662 32.779167
-3549.179808 -2808.027722 -26.172392
-2601.021710 -2235.177060 -106.169263
-2391.467442 -1931.044536 -1.458312
-2930.352008 -2483.902066 -51.865005
-2750.890543 -2281.882039 -86.972105
-3360.032226 -2812.056177 36.555923
-2728.314059 -2284.620734 29.566407
-2713.334904 -2169.771865 -33.368266
-2605.405416 -2115.555880 30.195944
-3480.534202 -2990.863962 -100.119215
-3307.694982 -2687.184131 -102.615788
-3106.059161 -2520.193650 9.737753
-2534.490621 -2104.085869 -49.159024
-2716.418917 -2254.298124 -52.882105
-2759.141539 -2372.068844 25.195005
-2352.975220 -1890.421022 21.747309
-2318.762307 -1999.197450 25.390093
-2463.969721 -2125.670727 26.717506
-2610.461217 -2212.893153 14.504219
-2818.704740 -2320.794746 38.371858
-2340.806254 -1909.683042 -22.651452
-2667.913703 -2219.141593 25.467975
-2832.016477 -2326.357173 -22.527358
-3418.729703 -2880.377899 13.189252
-2035.225959 -1768.230941 -43.659540
-2421.943148 -1994.330409 -92.128938
-2691.048398 -2336.840072 -58.736169
-2334.559878 -2006.381383 -41.012290
-2523.623361 -2016.575344 -5.707833
-2483.047139 -2018.284870 -25.837310
-2485.067731 -2019.996893 -25.661077
-2254.500543 -1895.386740 35.961111
-3286.929167 -2751.237516 -3.759795
-2343.908155 -1948.249608 22.049374
-2633.527607 -2114.474592 -14.887501
-2296.015949 -1928.297033 -82.632364
-2557.448377 -2053.698767 -12.942116
-2681.355833 -2232.953776 -62.401649
-3057.347361 -2672.974032 -63.206654
-3158.001182 -2535.287624 26.721962
-2900.303825 -2429.589227 -133.482522
-2714.051653 -2277.685292 -63.182188
-2575.403119 -2170.571969 32.456175
-2257.615813 -1835.806749 -24.284110
-2625.414622 -2184.602292 -63.317749
-3020.953344 -2535.698224 -72.170879
-2832.436698 -2327.143182 -22.964333
-2529.960000 -2125.368223 -114.431284
-2419.732588 -2040.836493 -81.695707
-2536.295890 -2138.139567 -93.723179
-3002.952053 -2524.806122 46.881114
-3002.953369 -2525.382053 46.129596
-2374.401167 -1998.744624 -72.176721
-2576.979945 -2115.924424 1.708486
-3561.507832 -2986.324958 -75.514774
-3343.868574 -2746.963861 1.622802
-2634.193265 -2254.814605 8.687775
-2357.595341 -2018.383556 8.179867
-2191.181336 -1876.135762 7.286607
-3023.606293 -2589.104660 11.086118
-3193.131434 -2772.996696 -70.363747
-2775.016382 -2280.702237 43.485161
-2544.736656 -2090.778128 38.847929
-2515.859264 -2185.844008 -53.288798
-2827.519080 -2298.192423 11.143208
-2458.635085 -2092.378946 -38.092140
-2312.908660 -1964.129556 -94.666450
-3241.875801 -2617.983844 -127.630569
-2249.054810 -1882.407595 -4.017155
-2640.216834 -2194.690275 -17.092967
-2648.413850 -2269.985014 25.284126
-3273.192356 -2720.464914 30.727364
-2326.876827 -1934.869896 -14.072445
-2597.991067 -2206.103898 -80.754289
-2623.321235 -2171.974644 -122.416584
-1955.617476 -1549.621326 -43.829184
-3347.322339 -2687.767914 -82.653531
-2901.490004 -2384.366484 -123.858418
-2709.017605 -2326.276253 -47.882274
-2405.534006 -1913.518411 -50.229097
-2576.624026 -2068.764012 -63.690621
-3219.024988 -2658.123299 21.069920
-2560.398585 -2114.086990 15.643613
-2665.707838 -2200.737148 16.311359
-3153.698711 -2532.383277 26.544374
-2218.754410 -1831.129757 14.643193
-3267.135438 -2857.049461 -68.651363
-3262.947728 -2669.989975 -84.601139
-2424.859854 -1924.120143 -22.882124
-3345.740488 -2823.673486 -68.059887
-2760.853671 -2191.034217 -25.583181
-2714.477586 -2222.407642 -82.843221
-3060.301545 -2429.051633 -27.580643
-2929.246213 -2405.189145 45.668217
-2947.128518 -2469.346205 -60.556307
-2509.047793 -2020.527431 -41.530162
-2494.240489 -2072.106385 -118.236081
-2998.673704 -2411.991034 -48.951229
-2618.269025 -2178.537756 -62.935624
-2038.453548 -1730.474970 -78.799275
-2111.327648 -1710.527061 -16.911587
-2671.624638 -2194.425750 41.621602
-2831.327997 -2326.000477 -21.875212
-3363.439144 -2762.844750 -26.083376
-1990.730503 -1690.243345 -61.917966
-3488.412931 -2957.999256 -7.991648
-2541.870699 -2104.805724 8.702522
-2256.514790 -1905.736967 -98.666775
-2393.146399 -2034.483169 -97.066358
-3302.821481 -2882.113193 -96.536842
-3333.394673 -2828.427867 -6.668027
-2619.252482 -2124.842496 7.373030
-3217.883394 -2575.400837 28.459037
-2989.067462 -2392.849999 25.963782
-3290.825109 -2645.203244 42.031078
-3466.188290 -2922.321628 12.742615
-3449.624487 -2864.848162 -63.855589
-3379.059546 -2775.961079 51.032268
-2634.858184 -2196.424050 -120.523903
-2601.150125 -2165.671874 -61.989845
-2414.526786 -1994.675286 -50.196131
-2565.071248 -2132.009438 -14.011274
-3034.075720 -2575.942053 -125.047543
-2728.907204 -2265.984056 -50.579425
-3279.322327 -2738.206729 22.516585
-3552.977507 -2974.305832 1.219752
-2448.104084 -2034.349248 -13.384441
-2085.097853 -1696.862730 -0.524137
-3359.335281 -2766.569082 39.491329
-3486.185287 -2861.809128 54.067205
-2364.295559 -2019.500545 -38.705120
-3112.382870 -2606.087325 0.301441
-2650.632375 -2197.911663 -3.636151
-2930.851470 -2430.829566 -5.034075
-2528.764224 -2105.227838 -117.813985
-3224.805772 -2646.422780 5.731588
-2375.995737 -1969.613405 13.226139
-2423.908814 -1941.824862 -49.331486
-3443.951818 -3001.140031 14.375808
-2837.121352 -2349.998467 16.402559
-2874.700595 -2460.920650 -52.138157
-2607.052780 -2238.745740 -86.583611
-2949.049855 -2576.423861 -2.479953
-3221.753724 -2816.061484 -2.641766
-2159.071828 -1774.834991 33.751463
-2324.811219 -1946.651649 -43.306791
-2862.956334 -2397.711765 31.906740
-2186.406364 -1911.318056 -44.607513
-2314.806044 -2023.519514 -45.688025
-2948.479296 -2449.329085 -140.087739
-3362.991123 -2741.304166 -22.100277
-3008.392318 -2508.639040 -11.924278
-2525.575940 -2105.919696 -9.296390
-2740.476865 -2287.229102 -53.525685
-2986.442356 -2390.538031 25.515717
-2727.643776 -2284.321869 30.283565
-2279.897050 -1804.689507 -15.821679
-2384.193173 -1981.885159 23.656336
-2249.295967 -1810.576269 8.058301
-2629.766716 -2082.563940 -18.977633
-3322.483221 -2761.494044 32.907106
-2880.214487 -2372.998289 -86.438417
-2701.394389 -2223.947014 30.792433
-3069.815725 -2570.441048 33.583763
-2822.107418 -2310.688826 -85.971728
-2793.257202 -2306.026928 -78.164182
-3125.737251 -2559.950604 53.014752
-3380.933897 -2771.188441 56.541910
-2841.137131 -2389.240872 -36.332194
-3371.878183 -2835.834006 -42.998106
-2391.702151 -1936.919790 -31.117947
-3255.684775 -2617.806176 36.500771
-3255.989986 -2618.465072 36.502156
-3101.629085 -2493.333246 34.657860
-2639.180126 -2100.514694 -4.283547
-3196.197659 -2543.561321 -5.304593
-2618.442751 -2260.677660 -93.000379
-2415.555794 -2095.609746 -5.672876
-2609.586933 -2210.693846 30.764911
-2017.381953 -1741.818982 -71.640405
-2619.295458 -2163.088760 44.335473
-2387.979677 -1920.472434 28.480476
-2971.389132 -2364.125944 -5.392671
-2630.778175 -2110.002874 -10.769472
-2635.051701 -2113.505548 -11.283094
-3005.879076 -2379.628154 -54.143021
-2956.460338 -2438.814520 -57.573173
-2888.442036 -2388.810930 -64.958861
-2600.985930 -2164.859385 -60.327507
-3152.832272 -2646.780202 53.545272
-2341.117200 -2032.534912 -29.932394
-3448.954164 -2932.917001 -99.299220
-2698.078716 -2341.421175 -7.101202
-2696.915442 -2213.803343 -25.557394
-2735.843226 -2208.787853 -79.199851
-2829.397721 -2253.833370 -17.968492
-2401.242805 -2069.054102 -94.734961
-2529.629423 -2201.787948 -59.741616
-2583.818378 -2058.342846 -16.332928
-3202.438825 -2644.676038 -125.080719
-2814.460430 -2336.577261 -10.083583
-3189.840612 -2778.189898 -58.484285
-3495.502679 -2784.881149 -22.593205
-2596.054770 -2234.352869 -30.438364
-2656.367170 -2153.378391 -99.046197
-2968.876008 -2566.528263 -37.512633
-2799.105165 -2425.663735 -35.660218
-2758.990219 -2268.574711 -10.668306
-2420.099423 -2027.867168 -66.863650
-2987.376847 -2437.918147 -11.708422
-3212.501213 -2674.715185 -73.299313
-3484.450292 -2961.522413 2.605469
-2422.353541 -2000.489119 30.175669
-3280.011288 -2660.805979 -88.424231
-2825.267874 -2269.005963 -88.801381
-2634.188897 -2085.490831 -53.092137
-3403.255007 -2919.935213 -141.460871
-2998.544945 -2531.339029 18.409047
-2315.489099 -2026.001035 -56.387519
-3226.495758 -2747.015943 -68.148567
-2211.918252 -1907.647976 -7.710955
-3085.419947 -2506.392165 -51.355735
-2806.642072 -2268.794869 -86.459352
-2681.758343 -2307.017494 -33.808703
-3084.420553 -2628.904685 -77.266138
-2814.882635 -2286.498792 -46.985057
-2597.161560 -2181.868572 -44.844418
-2957.766216 -2517.891047 -62.686440
-2665.240970 -2167.293744 -110.023459
-3062.342469 -2609.515603 -76.302875
-2830.636399 -2378.335632 -49.449203
-3177.182193 -2632.889339 -124.271840
-2439.041873 -1987.546758 -96.880496
-3126.079528 -2546.204150 -55.842476
-2484.217061 -2024.862875 -41.793206
-3185.290290 -2593.810730 21.794861
-2070.916371 -1640.010148 -39.538724
-3099.911360 -2465.859552 -3.644697
-2386.913535 -1960.032569 -84.425254
-2485.808040 -2028.961204 22.808419
-3505.182867 -2796.046124 -42.179272
-2115.412565 -1827.863037 -18.769437
-2858.273312 -2453.115127 -119.775343
-2696.712540 -2313.199990 -8.845675
-2589.334822 -2109.400686 -9.497655
-2218.012257 -1838.891828 20.106168
-3330.664287 -2795.992478 -58.611528
-1804.405457 -1479.212139 -44.615247
-2563.865601 -2101.115209 -63.268569
-2553.904188 -2092.809436 8.459072
-3560.947150 -2918.727107 12.297070
-3405.458359 -2929.939899 -41.712739
-3372.640568 -2709.580148 38.098342
-2143.384557 -1725.998469 -69.741759
-2883.845892 -2304.525612 28.727599
-3016.280345 -2424.226454 32.680792
-2825.006394 -2333.725191 -53.975635
-2185.010897 -1897.538733 -27.409023
-2366.069353 -1992.898564 0.675733
-2309.810102 -1894.963951 38.580188
-3331.979633 -2892.684680 -41.878757
-2518.661190 -2178.654629 -73.598018
-2905.982914 -2387.613462 -70.081509
-2343.049791 -1911.451402 -40.039702
-2403.192273 -2005.997415 18.472469
-3483.109339 -2847.615466 -10.343752
-2628.104845 -2272.304353 -75.708387
-2962.179623 -2453.175283 -83.038362
-3478.648518 -2834.864011 -64.745680
-2877.815786 -2291.342622 -20.453050
-3172.520644 -2530.502860 -38.976439
-2791.588734 -2300.732127 35.633923
-3309.756433 -2859.245305 -98.063010
-2401.957605 -1998.049746 -61.137373
-2391.791837 -2011.185997 -52.507573
-2907.605616 -2388.820119 -70.260711
-3071.757033 -2432.292008 -20.122543
-2510.449801 -2014.475462 -50.189013
-2112.768953 -1757.603355 -5.663188
-2349.211546 -1973.608684 -6.981407
-2951.621730 -2482.386861 -66.247020
-3073.056830 -2632.983441 -51.978121
-2986.585274 -2409.592124 -41.491329
-2142.506437 -1695.067187 -49.149317
-2239.110475 -1933.619958 0.540303
-2434.236124 -1928.349725 -15.435880
-2450.904258 -2047.374054 21.576974
-2340.776264 -1977.555158 16.996002
-3314.762493 -2678.860472 -102.630492
-2390.437892 -1951.946846 -41.200084
-3160.069867 -2619.165678 -124.986640
-2490.674651 -2067.638338 -2.446597
-3294.434886 -2679.114931 -109.959754
-2662.671563 -2114.152646 -42.884146
-2415.034612 -1905.147748 -25.334829
-2378.611107 -1900.910618 7.218450
-3124.240589 -2622.960183 -54.397359
-2741.987373 -2190.790161 8.894115
-3079.836036 -2548.468856 -69.915673
-3566.916094 -2994.161354 61.174573
-2483.845082 -2055.939061 -81.536355
-3198.056506 -2647.767638 -105.711910
-2633.468404 -2182.351363 -85.548221
-3375.808174 -2784.851242 -4.556195
-2400.628526 -1989.050680 -78.800151
-2187.035260 -1810.807772 -74.502897
-3261.849489 -2767.588082 -40.305781
-3512.484485 -2981.449776 -43.525943
-2151.266893 -1788.160235 -85.074046
-2146.143491 -1728.502252 -80.725865
-3068.069361 -2578.221673 -62.773781
-2258.519266 -1933.244121 -13.277236
-3346.481879 -2695.915207 -126.415944
-3323.168001 -2675.661312 -125.463116
-2599.983976 -2176.422427 3.676522
-3270.375623 -2700.960742 -125.163831
-2864.727018 -2414.052450 -35.674335
-2660.257888 -2194.483251 -3.348178
-2362.428455 -2006.747444 -29.723025
-2413.810248 -2033.669478 -29.999775
-3237.199768 -2743.411427 -41.723350
-2685.775747 -2280.304980 -34.332222
-2339.677857 -1982.881366 -29.786802
-2859.738584 -2382.065368 14.384772
-3440.811267 -2754.610892 4.144004
-2370.528472 -1961.043750 -76.637966
-2509.797971 -2128.389040 -30.594872
-1956.272879 -1564.559646 -24.321071
-2183.197767 -1754.983385 5.062297
-3316.863449 -2861.828529 23.755280
-3219.363806 -2668.338503 -90.913707
-3274.926834 -2734.902356 -60.016972
-3465.292383 -2836.853110 -129.808224
-2449.940028 -2010.299774 41.288798
-2260.663043 -1824.839788 28.546406
-3555.517183 -2990.100793 -7.490938
-3403.538791 -2810.483016 -3.187405
-2378.488983 -2012.800753 -23.650920
-3162.893881 -2539.713497 -116.015193
-2176.390647 -1781.304488 -81.266417
-2546.897111 -2143.601515 -31.003679
-2622.660231 -2209.333460 -31.908815
-2810.985951 -2319.362285 -77.915583
-3064.354486 -2451.122132 10.946436
-2543.326035 -2141.275609 -21.175554
-2517.037526 -2157.139555 -7.276240
-3089.500513 -2529.801979 55.839589
-2689.036830 -2201.992177 48.472732
-3031.876912 -2593.326239 -29.171393
-2426.669600 -2016.478521 -62.865810
-2428.878624 -1996.130684 -101.210512
-3008.296864 -2499.000025 -56.141187
-3222.873141 -2562.075850 -29.589630
-2589.402244 -2216.103323 -15.948934
-2420.724973 -2043.006277 -82.786749
-2957.350049 -2440.292490 26.077718
-2629.021566 -2204.762984 -55.851951
-3516.455022 -2909.858306 4.890953
-3012.531002 -2475.098603 47.591408
-3368.013362 -2854.022644 -62.761119
-2112.144129 -1790.172456 -39.411917
-2418.346278 -1989.982672 -93.128327
-2897.460015 -2353.975386 -29.654620
-2711.501972 -2235.132327 25.144987
-2542.066361 -2102.212439 -28.019219
-2773.563230 -2399.547448 -80.099138
-2125.443327 -1840.621213 -62.133707
-2907.110526 -2302.644802 -8.178994
-3541.920005 -2960.345178 31.787238
-3079.736101 -2480.162342 -82.172605
-2325.254296 -1927.119021 13.229760
-3397.909065 -2752.315757 -19.178454
-3120.818748 -2691.838725 -37.922718
-2780.851947 -2209.223610 -4.762177
-2783.225272 -2279.230590 -104.849678
-2705.098116 -2272.965421 -8.643167
-3582.471630 -2956.920433 -98.746292
-3089.596224 -2630.177868 -17.499947
-3238.811117 -2554.601306 -35.126670
-3076.882867 -2545.156567 68.846172
-2408.403761 -2004.465745 52.268395
-3485.244415 -2767.136688 5.683559
-2444.313378 -2031.360927 51.879994
-3156.344307 -2644.698948 45.971556
-2652.834691 -2262.873082 37.693786
-2557.490771 -2122.595759 54.561175
-3290.513166 -2736.328038 69.936181
-2176.566504 -1809.226543 45.937437
-2467.545623 -2140.881466 9.284974
-2216.485849 -1841.022845 27.180262
-2682.081764 -2210.338853 55.483991
-3199.715232 -2648.617555 66.853644
-2220.404642 -1868.963836 -42.023534
-3148.990775 -2532.475335 -4.772958
-2515.693648 -2075.252562 51.886289
-2520.059856 -2073.724401 49.845705
-2483.996916 -2048.773002 50.297697
-3161.286964 -2624.822254 38.871901
-2352.721833 -2008.160958 33.763965
-2750.772199 -2278.948016 57.333923
-2220.219214 -1762.786038 -21.733255
-2750.002075 -2278.526409 57.320908
-3476.336492 -2957.421463 44.397848
-2530.392325 -2085.514299 50.084486
-2368.913535 -2014.348228 30.625483
-2353.605408 -2005.673338 30.969866
-2569.258186 -2116.084817 52.068187
-2676.923535 -2284.613727 38.319313
-2797.887965 -2304.111389 -105.697775
-2779.991108 -2377.319079 -49.779278
-3060.392474 -2554.997930 54.470746
-3193.626712 -2562.166853 28.977435
-2657.960210 -2212.168804 -3.873229
-3359.926763 -2701.747369 -4.402546
-2553.108131 -2117.920085 -56.824903
-3214.141836 -2754.882774 41.932503
-3489.868419 -2972.173532 -55.493476
-2699.057015 -2340.189089 -42.336702
-2716.901555 -2362.695061 -58.035374
-2919.811205 -2486.084259 19.844720
-2352.122377 -2031.848264 -36.688734
-2362.908287 -1960.176516 -52.208502
-2804.115076 -2397.294410 -49.159028
-2723.262012 -2329.511516 -48.796946
-2367.680216 -2003.785060 -68.134294
-2408.135579 -1920.330231 -61.517368
-2374.524920 -2025.769381 -43.179113
-2268.707088 -1808.488919 -34.969798
-2935.012396 -2477.883403 -45.842370
-2944.653743 -2452.759208 -102.581390
-3325.581500 -2863.590834 -52.786468
-3243.689455 -2772.887487 -85.254251
-3446.822728 -2967.601062 -130.661251
-2702.828549 -2327.027269 -42.399444
-3197.795631 -2752.152736 -50.561448
-2268.322041 -1807.686690 -34.913202
-2969.274248 -2433.050236 -94.070858
-2494.984315 -2132.714971 -39.725406
-2709.669770 -2290.092435 -68.136024
-2498.510309 -2115.092373 -2.583880
-2279.588363 -1831.108471 4.586725
-2280.262863 -1899.605694 -70.865345
-3454.463489 -2758.312463 -5.154569
-3410.492644 -2734.255061 1.808886
-2208.038625 -1889.998359 -43.518721
-2409.617965 -1992.086705 -71.034165
-2696.624939 -2167.966435 -41.074410
-3353.512369 -2688.098294 1.183743
-2315.220846 -1985.315886 -81.408987
-2938.308871 -2510.326291 -76.965725
-3458.380474 -2860.481466 -102.318521
-3169.033828 -2599.692789 -119.562790
-2559.639692 -2093.298789 -52.215603
-2452.357360 -1945.348414 -55.978473
-3054.209749 -2495.329065 -75.366800
-2551.739534 -2157.675580 -73.154045
-3002.126973 -2423.505090 -112.830368
-3504.949863 -2979.115183 -46.544426
-3016.870839 -2425.087959 -47.218875
-2485.394665 -2133.661518 -83.136499
-3314.374496 -2704.917640 1.727417
-2150.562647 -1813.841231 23.877646
-2768.257927 -2224.738299 -1.913582
-3228.986634 -2702.614376 31.906441
-2009.528421 -1674.589115 -3.068317
-2447.594070 -1983.315483 -89.885234
-2876.703112 -2386.967897 -63.148137
-3253.672642 -2702.634003 -65.634117
-2390.946405 -1918.176130 -37.243370
-2732.376392 -2266.228021 -11.975678
-3198.384691 -2719.706545 -50.362035
-3275.277428 -2826.235791 -21.523953
-2601.065397 -2087.559177 -1.444600
-2093.115478 -1762.018777 10.720880
-3560.613757 -2997.671026 18.625470
-2455.412256 -2067.897662 12.663950
-2573.560495 -2066.723567 -0.785519
-2401.590496 -1929.374536 1.018729
-2857.933387 -2279.330616 -72.520428
-3327.651654 -2733.632799 43.807798
-3507.157216 -2879.310951 46.334044
-2780.249080 -2252.421395 -100.425362
-2503.669051 -1994.444307 -56.737981
-3110.894598 -2583.661959 -62.556767
-2488.746212 -2170.440223 4.818656
-3024.304925 -2511.123492 -59.768910
-2983.810969 -2602.787751 5.130418
-3025.916566 -2633.219557 -36.614465
-3009.568046 -2478.584417 10.025090
-3044.228174 -2567.921156 -133.087607
-2659.805908 -2191.280556 7.227184
-2825.802331 -2423.047334 37.203404
-2155.441176 -1844.362207 -56.630506
-3073.350469 -2589.292195 -127.321352
-2458.691675 -2030.816016 -49.090839
-2357.850497 -1974.184446 43.570474
-2291.005418 -1917.612358 41.751324
-2437.007311 -2012.409249 -48.216161
-2223.945962 -1842.497626 -56.927360
-3461.815580 -2996.410635 -80.856271
-2677.506225 -2148.621418 5.518083
-2534.025461 -2008.387219 -58.500259
-2706.517364 -2145.702578 -62.277747
-2560.558493 -2031.091971 -58.553717
-2268.020404 -1829.570305 -83.170912
-2544.586582 -2214.689788 -30.957247
-3138.190126 -2547.316576 -23.232207
-2788.451925 -2245.773716 -44.246758
-3480.223928 -2769.048097 0.444253
-2158.537815 -1716.521413 1.038471
-2466.297844 -2108.759680 38.251576
-2246.285577 -1917.116329 33.465235
-2668.735181 -2223.930026 51.666920
-2898.909617 -2480.022177 45.942225
-2633.536995 -2193.781496 50.717813
-2263.763856 -1935.199570 35.939119
-3067.236561 -2600.485327 41.205432
-3168.168653 -2540.877312 29.774086
-2544.692727 -2093.256858 41.587735
-2411.486887 -1950.354205 32.820329
-3220.346061 -2583.543346 28.523062
-3039.910259 -2474.918372 -58.046457
-3500.999894 -2924.746145 21.833032
-2406.485028 -2006.508915 -71.984421
-2340.692243 -1915.075888 -91.329591
-3191.045962 -2743.544538 -50.433999
-2337.479592 -1900.711610 -25.566204
-2316.912262 -1851.708080 -62.352899
-3048.165780 -2435.847815 -81.872241
-2755.821919 -2189.534661 -28.435655
-2900.700654 -2389.827332 -88.036459
-2028.888672 -1638.158781 -78.548937
-3117.960559 -2592.078097 -145.155760
-2563.677810 -2065.021926 -36.177248
-2467.871938 -2108.026025 -40.113683
-2481.152891 -2072.859669 14.886491
-2903.682637 -2381.104921 -87.105960
-3355.987097 -2863.565447 -59.290842
-2756.903384 -2226.827062 -19.008865
-1977.241238 -1618.406178 -77.040538
-2762.419851 -2225.001585 -44.348068
-2735.572324 -2266.905954 -6.549028
-2066.930645 -1786.455342 0.888550
-2638.842268 -2087.630559 -43.258952
-2608.652142 -2218.336603 -37.111666
-3513.947601 -2848.651138 -107.671241
-2586.171380 -2089.159233 -18.165678
-2379.030092 -1920.752131 -17.064159
-2285.412920 -1844.631455 -15.931228
-2930.768864 -2513.880910 39.372328
-2360.162996 -2004.227683 32.723555
-2459.792957 -2120.529310 32.009343
-2735.039340 -2322.964208 38.750782
-3404.886614 -2934.175801 44.171583
-2645.350549 -2245.828974 37.733345
-3290.820382 -2647.470033 -4.984622
-2891.114521 -2528.719389 -44.498881
-2650.912906 -2254.711413 38.510947
-2363.510956 -2010.735463 32.815719
-2709.799278 -2271.820930 58.750704
-3035.071375 -2571.180513 44.348974
-2967.481952 -2382.866681 0.333897
-2604.673528 -2213.507163 35.635168
-2394.988966 -2004.160499 48.183048
-2989.534045 -2422.673229 16.760687
-3114.038953 -2599.013849 62.975845
-2863.121255 -2391.475916 57.531058
-3362.287869 -2805.825290 68.156500
-3121.008703 -2516.423278 34.310818
-2955.039507 -2576.096434 9.381444
-2627.923766 -2118.791357 -96.617242
-2609.140352 -2084.013067 -0.984242
-2611.003022 -2085.741130 -0.765843
-2111.884318 -1687.263608 -0.757688
-2280.299850 -1829.607786 0.528665
-2547.359518 -2044.090970 0.832261
-1948.403347 -1690.975238 -16.062880
-2787.875328 -2373.273141 19.196809
-2628.691493 -2212.663616 14.399174
-3306.074852 -2837.550663 46.454714
-2593.095086 -2227.353405 36.611046
-3333.982766 -2871.929138 0.106935
-2279.545244 -1964.391547 -12.866179
-2625.760303 -2112.130398 -2.916577
-2551.543030 -2148.456760 14.377116
-2981.927086 -2399.153706 -2.898709
-3316.716268 -2769.627563 66.788535
-2311.392293 -1860.427661 -2.085956
-2604.665347 -2089.239526 1.381343
-3442.533900 -2761.797281 2.738216
-2699.869045 -2180.187564 -76.180831
-2570.093863 -2058.136589 -40.108852
-3003.645370 -2402.413379 -47.262025
-3245.304461 -2609.153276 -46.799049
-2923.237657 -2419.397962 -88.857289
-2359.179188 -1947.912340 -2.798083
-2439.696046 -1961.600074 -36.583441
-3257.540558 -2694.060043 -95.589220
-3102.276364 -2511.620671 18.846320
-2076.692492 -1774.270874 -36.087708
-3206.595134 -2724.312366 -122.073175
-2174.765751 -1835.271536 -32.924565
-2494.084654 -2140.252661 -36.553005
-2558.431263 -2166.369850 -33.203027
-2304.379356 -1919.171734 -3.603643
-3331.413454 -2903.290649 4.627271
-2770.940152 -2230.706397 -4.049523
-2967.705521 -2385.696176 -0.995110
-3262.478963 -2857.868597 -49.944394
-2397.579553 -2083.135729 -21.993205
-2208.603583 -1916.516938 -80.500540
-2080.659025 -1816.789058 -25.102977
-2868.235134 -2503.876567 -34.445419
-2311.660173 -1984.740467 -13.738620
-2435.704897 -1966.282628 -68.132511
-2158.504295 -1742.737608 -60.857564
-2682.915982 -2339.837602 -22.677693
-3189.844520 -2689.844063 -38.683193
-3541.763887 -2837.075306 4.367842
-2459.942419 -2145.438470 -20.844360
-3273.422868 -2626.344425 35.580122
-2666.680819 -2203.904485 59.771983
-2199.236019 -1816.417372 47.496536
-2375.093964 -2022.560041 34.342590
-3546.518231 -2916.413155 78.296471
-3358.229018 -2859.869444 49.914008
-2512.602274 -2075.098829 56.450881
-3334.528702 -2676.953032 37.491321
-2606.218934 -2151.859211 56.343349
-3240.435901 -2706.331625 63.252547
-2601.259454 -2148.064538 57.271006
-3274.133955 -2804.312899 46.440208
-2364.435715 -2014.333891 34.594105
-2599.739700 -2217.381847 38.687140
-2330.316353 -2001.286514 35.021387
-2694.499881 -2289.448806 -76.133013
-2490.948734 -2181.762564 -14.406662
-2667.463025 -2183.787355 29.195991
-2553.617517 -2095.629087 13.228217
-2399.902652 -1990.315820 -75.220160
-3283.170100 -2792.839045 -46.809813
-3579.385056 -2923.067939 66.607757
-2890.341414 -2475.013449 37.535210
-2465.076541 -2110.476776 32.706302
-2543.565266 -2166.323154 -12.450256
-2158.206865 -1722.140308 -23.400747
-1970.157536 -1649.451430 -37.615063
-2305.338477 -1899.296490 7.149429
-2942.095713 -2338.479474 -28.082267
-2399.785761 -1975.161360 -90.159813
-2281.132369 -1916.886615 11.842478
-2094.530918 -1705.238894 -81.760088
-3182.440918 -2592.843877 -124.941030
-3230.653702 -2713.811026 16.713823
-3178.442466 -2589.186173 -124.940041
-2550.016269 -2177.070789 -50.133103
-2622.887705 -2237.754511 -7.772124
-3425.521934 -2887.524096 36.074257
-1946.780363 -1648.508781 -79.958117
-2227.713664 -1893.694302 -86.037323
-2424.960998 -1974.918256 -97.562037
-2572.030832 -2102.792653 -18.405306
-3491.486602 -2771.540016 -33.415807
-2090.483962 -1735.242381 -41.890403
-3518.600497 -2814.504751 -57.076601
-3136.217942 -2588.193266 -96.939999
-2400.824498 -2017.790555 11.940292
-2680.033784 -2331.804663 1.427155
-2766.587270 -2295.177083 -8.833880
-2992.130820 -2514.335664 15.048602
-3213.926136 -2591.252996 -102.327205
-2447.169165 -1942.039162 -13.589602
-2272.366389 -1832.577082 -72.128176
-2148.874147 -1870.799671 1.086004
-2331.683957 -1975.539474 -98.111869
-2460.242352 -2082.941632 -102.099379
-2251.139031 -1914.499972 -94.208757
-2935.901494 -2557.448920 -6.501640
-3160.095579 -2676.234361 -130.248926
-2711.413199 -2234.768358 -43.495634
-3111.149752 -2559.728488 -118.248466
-2832.555433 -2318.237707 25.653669
-3005.784145 -2637.498251 -47.267403
-2998.262671 -2559.337930 44.516922
-3509.144722 -2955.672952 43.067075
-2828.397968 -2393.690543 -24.823685
-2493.981488 -2048.314263 37.260809
-2815.498011 -2450.460401 -7.600972
-2910.351403 -2533.064614 -7.836869
-2987.633804 -2528.203170 -26.183865
-3212.441497 -2638.814834 48.104842
-3400.872591 -2853.115197 72.670734
-2494.750265 -2032.948920 36.277251
-2430.131501 -2018.774435 49.518758
-2710.962179 -2163.102739 0.246890
-2709.889966 -2370.037972 -54.787574
-2931.584604 -2388.995797 -20.832363
-3431.911963 -2883.463055 60.881130
-2279.688546 -1960.264789 -66.202063
-2439.015377 -2134.840478 -6.407965
-2513.059937 -2074.540532 53.363173
-2606.851886 -2221.724943 39.701262
-3536.928853 -2916.288970 76.387349
-2985.224878 -2480.669858 67.926715
-2216.651274 -1889.453571 33.059947
-2201.781191 -1814.752843 47.917033
-3001.551194 -2569.043225 -54.686835
-3461.625650 -2790.999785 51.084859
-2337.548719 -1952.604837 -37.066218
-2447.316446 -1941.167735 -39.536983
-2520.124021 -2115.059456 -31.041850
-2385.806503 -1986.340292 50.152719
-1950.668405 -1681.663881 -64.816708
-2237.120966 -1924.775075 28.336368
-2876.558377 -2448.096254 -82.875442
-2406.505995 -2058.503625 -63.775003
-3231.903182 -2688.108223 -4.998977
-3346.675333 -2789.887387 -65.221326
-2779.330740 -2311.877270 -4.345990
-2543.084317 -2116.332667 3.945146
-3135.071061 -2646.220380 42.333267
-2170.058532 -1879.946337 -50.064725
-3589.862443 -2890.612370 -47.308536
-2380.123663 -2029.315760 -43.382932
-3089.445985 -2523.138968 26.159609
-3312.825919 -2758.521279 6.234457
-2806.878554 -2319.047056 -84.367915
-2805.480415 -2318.391815 -84.887127
-2483.374465 -2023.455358 -41.610665
-2537.294060 -2107.759681 -8.449935
-2641.618357 -2120.997009 5.116556
-2329.472169 -1983.316133 -78.898772
-2782.246480 -2349.027672 16.305153
-2636.203693 -2225.953040 15.357756
-3120.611304 -2651.477167 -40.181726
-3453.860775 -2852.326290 -73.822492
-2123.553766 -1708.351611 -31.965410
-2310.695436 -1839.099738 -21.776432
-2558.306203 -2108.304802 14.181223
-2385.971103 -2008.784000 -46.348626
-2767.870735 -2200.081321 -44.036953
-2357.487653 -1964.492091 -3.943171
-3054.166859 -2488.582209 -83.447801
-3414.056179 -2887.000344 -44.418618
-2669.684194 -2147.919467 -41.305295
-2476.156132 -2122.483413 32.867331
-2298.309481 -1972.592764 -7.468982
-2479.410087 -2139.974418 16.284924
-2249.273626 -1940.721415 -68.426262
-2340.005771 -1875.399543 24.584682
-2244.664117 -1802.628453 31.397816
-3318.849963 -2672.590853 46.235983
-2112.909902 -1693.087965 23.878353
-3623.231649 -2903.019090 38.646672
-3227.884065 -2585.761196 36.370068
-2212.916128 -1890.338746 35.840494
-2991.070513 -2393.846877 31.373045
-3024.522714 -2419.314063 32.994726
-3466.345882 -2878.114882 -4.561627
-3477.251123 -2791.631842 48.341874
-3283.632147 -2631.569025 42.417212
-2224.680204 -1791.512099 31.284537
-3435.318593 -2754.252462 36.280798
-2645.941006 -2113.475718 27.175309
-3335.252431 -2674.912890 37.519201
-2053.590356 -1647.053685 22.102503
-3093.398347 -2481.428387 34.706738
-2396.737310 -2037.595337 -68.034722
-2886.990194 -2483.937333 -102.619293
-2395.851739 -2095.371123 -37.494503
-3050.349708 -2575.997576 17.252315
-3448.781579 -2967.406236 -124.248290
-3169.499758 -2599.440133 -95.201059
-2922.257124 -2323.515227 -40.303426
-2545.883314 -2199.554761 0.744586
-3503.897758 -2771.501935 -54.375059
-3354.631463 -2653.991905 -53.216088
-2162.665218 -1711.008788 -34.131787
-3030.046259 -2394.754727 -47.491670
-2519.788934 -1991.490681 -39.888566
-2267.969811 -1792.589874 -36.236937
-2496.653055 -2169.152797 -39.692864
-2447.264647 -1946.332816 -38.048600
-3494.319833 -2771.777984 -54.179053
-2314.380102 -1842.164056 -36.252474
-2416.348470 -2056.530767 -84.366607
-2263.646290 -1788.602956 -34.922167
-3237.356210 -2564.190078 -51.339344
-2266.911101 -1901.942680 48.126861
-3179.020469 -2666.447240 67.953427
-2816.753456 -2386.604652 39.463495
-2580.081511 -2197.025605 35.764661
-2596.100104 -2204.505255 37.088574
-3038.742520 -2573.693521 43.965563
-3207.779024 -2704.165452 -40.563488
-2408.510319 -2028.277314 31.271315
-3309.991437 -2744.462738 -101.795358
-2506.321748 -2074.858576 -85.083858
-2463.820734 -2039.304207 -84.058867
-3205.278508 -2714.816831 -41.157121
-2941.845069 -2471.017803 -54.487985
-3535.602580 -2995.342309 -45.195481
-2210.219713 -1813.059442 -28.180051
-2541.343375 -2150.067579 -99.199604
-2823.563375 -2424.991946 -17.311260
-2301.118780 -1985.708228 16.309418
-2322.650675 -1985.143004 38.545596
-2383.154827 -1907.700469 24.433145
-3067.937208 -2619.772531 50.302823
-2267.496059 -1936.137202 37.088073
-3004.203575 -2396.692250 29.868989
-3495.508174 -2982.951782 60.368277
-2832.140244 -2287.282587 50.006400
-2934.459616 -2354.960503 42.643165
-2319.867700 -1872.049371 37.805859
-2466.329342 -1994.206285 42.947329
-2608.107059 -2154.332325 -50.507768
-3022.687168 -2397.671444 -45.649460
-2657.458018 -2231.677016 -26.906411
-2777.330124 -2194.329139 -44.327224
-3292.809044 -2759.631242 -34.599528
-2922.206160 -2458.817691 -4.751037
-3296.045577 -2882.991068 -19.749020
-2085.618834 -1784.615362 28.023498
-2396.152490 -1997.860982 -47.019213
-2616.600478 -2150.152311 42.560794
-2545.478613 -2092.622866 40.403088
-2404.989807 -2092.328886 -23.424921
-3169.196847 -2606.299661 -121.758060
-3176.385833 -2525.942616 -2.643646
-2894.630007 -2301.344214 6.757670
-3282.907157 -2716.487993 -153.391646
-2352.598547 -1972.212699 -25.272531
-3193.786131 -2778.209394 -4.075514
-2163.314237 -1764.414318 -74.755587
-3052.251767 -2431.017175 -66.291521
-2396.780387 -2000.216802 45.525209
-2854.194752 -2347.670635 27.505631
-2784.884076 -2345.384176 8.390590
-2853.795998 -2363.395687 -8.201736
-2821.446482 -2319.702952 26.908058
-2212.547302 -1870.939276 -40.984029
-2659.422962 -2215.752501 49.379798
-3192.061452 -2534.991203 -29.026152
-2824.045365 -2321.429794 26.854077
-3384.202415 -2837.401231 57.644126
-2258.521627 -1909.981670 -41.993108
-3563.109106 -3001.276260 8.099250
-2972.968023 -2539.091809 15.436557
-2556.285057 -2152.789021 6.473328
-2708.137266 -2271.256310 47.099944
-2472.505485 -2018.714299 -74.731926
-3498.849358 -2860.311167 -105.157401
-2095.565904 -1790.974001 -26.140720
-2540.565423 -2044.440734 24.140287
-2634.411994 -2283.776071 -79.348689
-2297.092472 -1961.796336 -28.726497
-2993.150389 -2391.492523 -67.046324
-2919.690274 -2486.747231 -45.520252
-3000.307121 -2564.757636 11.632425
-3268.781111 -2686.685385 -52.201600
-3505.588455 -2836.302299 43.191219
-2485.581576 -2005.945574 -82.552935
-3096.349050 -2588.050167 -98.220738
-2997.825498 -2450.252349 -89.767844
-2903.113391 -2482.885137 11.425922
-2886.207471 -2365.162106 2.092245
-2923.355358 -2355.626666 -79.900878
-2697.503111 -2335.954219 -0.752330
-2915.458352 -2522.395007 -49.978118
-3268.077285 -2793.566929 13.711328
-3205.954100 -2638.040803 8.415843
-2905.687717 -2458.889068 13.850824
-2990.241324 -2460.417366 8.087794
-3206.390840 -2639.394082 8.265874
-3119.678355 -2713.341605 -71.594320
-2526.855374 -2149.987807 -84.858854
-2466.266227 -2100.212974 -8.816505
-2061.084018 -1685.256890 -61.323329
-2837.160354 -2286.996070 -110.620549
-2832.577312 -2328.141992 -23.799468
-3571.072376 -2985.689138 -112.528440
-3054.877242 -2458.606887 -79.429251
-3342.975348 -2846.477274 -99.428935
-2706.075708 -2304.821056 -81.038031
-2553.882308 -2189.396142 -35.340428
-2539.459832 -2116.905224 -59.424467
-3556.403516 -2973.997868 -114.665626
-3556.448950 -2974.485508 -113.566037
-3456.135294 -2791.706508 -82.821669
-2487.444100 -2065.135744 23.649596
-2677.111842 -2221.811821 -124.027774
-2516.100730 -2120.479199 -79.416554
-2850.221431 -2330.078496 -114.343971
-2804.113731 -2292.415202 -112.775297
-3268.849739 -2726.467165 -150.368602
-2787.738502 -2303.898838 17.548945
-3210.438578 -2590.250217 -107.349273
-2381.141541 -1944.586431 -25.751053
-1957.796955 -1689.124012 -12.231790
-2830.369184 -2268.406237 -26.209922
-2135.643475 -1723.025742 -71.326143
-2882.794613 -2369.508429 -24.934295
-2382.944110 -1970.579804 39.873694
-2853.588339 -2404.353505 2.868393
-3032.356040 -2548.368823 32.291644
-3225.537684 -2776.446406 -16.314131
-2529.700349 -2200.629874 -57.974250
-3346.746765 -2820.881476 -126.575353
-2337.686021 -2042.522244 -36.304922
-3502.842019 -2996.015617 -99.939404
-3430.948806 -2886.825247 36.973034
-2729.606220 -2305.296589 -113.915093
-3352.635673 -2756.553184 -53.742541
-2623.630532 -2152.078578 40.941026
-2120.713631 -1734.453834 -57.342874
-2824.803857 -2322.300441 25.870435
-3381.604241 -2804.006120 -22.094398
-2589.158339 -2168.283188 -43.728535
-3322.052558 -2855.582411 33.420082
-3096.767067 -2526.459786 -60.239177
-2232.732553 -1916.319482 19.142339
-3054.557972 -2640.845718 -117.679226
-3047.163221 -2634.910819 -118.384129
-2255.178136 -1948.605603 -88.359353
-3362.540041 -2907.015212 -130.447997
-2696.275255 -2137.624582 -49.478314
-2287.705820 -1877.561595 -76.181865
-2584.289568 -2104.971248 -88.075996
-2233.954353 -1918.276390 -94.290206
-2407.039140 -1989.973109 39.405163
-2925.010500 -2382.085613 -100.041618
-2534.937143 -2103.805768 25.603491
-2891.285919 -2503.416057 -87.162254
-2726.834705 -2196.925778 21.694492
-3336.560778 -2849.524032 -85.234457
-3007.073478 -2485.359268 49.145328
-3034.017631 -2404.614329 -55.049417
-2461.464339 -1975.045947 7.441931
-2504.603267 -2105.839623 -112.368762
-2329.711318 -1868.881032 7.130970
-2340.232094 -2029.276715 -2.448535
-2291.677512 -1968.158384 -6.262715
-2553.952909 -2107.056423 4.717737
-2353.144521 -1941.702556 4.803616
-2624.035808 -2219.348474 -9.002791
-2548.377802 -2093.353163 -65.953154
-2541.694606 -2098.837570 4.608431
-3066.721715 -2643.943644 -123.960357
-2891.058025 -2517.208466 -28.215986
-2537.367604 -2154.680547 -3.717266
-3222.737786 -2815.017047 -50.724383
-2763.948969 -2335.731668 -56.144216
-3286.098587 -2614.846793 2.323029
-2304.775513 -1834.158825 1.237734
-3217.506812 -2550.651093 -56.295119
-3033.116419 -2570.869973 -82.991858
-2398.142853 -2032.809018 4.276389
-2369.794560 -2041.788089 -86.678067
-3143.962472 -2706.805992 -114.789467
-3143.914716 -2708.490360 -114.869037
-2286.676350 -1982.330842 -52.288417
-2699.776684 -2240.302266 32.893547
-3153.394615 -2504.141587 -25.753244
-3446.652101 -2966.682234 -124.820732
-2369.184636 -2024.399269 -57.085103
-2438.933140 -2099.263195 -88.462473
-2277.811030 -1927.999515 -82.657583
-3457.944693 -2986.253737 -98.904429
-3217.406203 -2641.495920 -73.920816
-2225.915801 -1917.015757 -81.022142
-2068.898873 -1680.820191 9.449670
-2121.470289 -1701.011511 -11.303248
-2526.939600 -2185.672555 -74.905009
-3261.538550 -2676.455848 -83.437504
-3185.017968 -2615.650608 -75.553813
-3006.947507 -2499.652530 -82.731621
-2148.680556 -1821.061588 3.563536
-2461.680085 -2118.572056 -90.175282
-2982.056412 -2520.255149 -125.384382
-3030.317327 -2490.061789 9.488707
-2515.511711 -2030.053316 -36.210515
-3121.572574 -2644.753166 4.723873
-2999.379066 -2376.572548 -18.371055
-2764.698736 -2257.428596 -72.643015
-3616.584592 -2866.531315 -21.243507
-3603.468017 -2856.340625 -21.188605
-3191.938631 -2686.509934 -143.627857
-3324.838006 -2674.364077 -109.654344
-2645.680926 -2097.291900 -15.263321
-3193.197913 -2687.491230 -143.889541
-3052.639411 -2631.310160 -109.573712
-2567.746907 -2095.743546 -67.437390
-2604.460556 -2228.061517 -87.595408
-1965.474406 -1628.086402 -19.290612
-2698.828336 -2330.394544 -39.481461
-1734.186852 -1496.673361 -50.325795
-2299.826058 -1974.190875 -97.063771
-3196.983786 -2559.185423 11.902759
-2451.430195 -2116.296564 -70.571367
-3291.451548 -2767.327140 -148.904451
-2276.172618 -1926.309004 -82.267424
-2300.008864 -1990.190095 -68.717163
-2455.229866 -2124.932126 -74.122676
-2992.318824 -2436.945595 -103.472209
-3526.006738 -2936.261077 66.218830
-2295.068135 -1914.801795 41.623479
-2227.568990 -1821.466792 22.994668
-2377.088051 -1925.101567 -75.212231
-3308.005762 -2761.303739 60.787208
-3446.615982 -2878.123851 17.536131
-2663.127418 -2211.646301 -106.230300
-2388.719701 -2050.066416 24.923099
-2596.032263 -2234.619546 -34.035318
-2646.254267 -2208.265920 -121.321549
-3436.281657 -2876.623754 8.105164
-2806.397474 -2432.383222 -64.809205
-3352.327870 -2757.788818 -51.922533
-2632.762839 -2122.712234 -72.787097
-3249.720413 -2692.587794 -11.633183
-2864.679427 -2325.304469 -43.753106
-1946.341149 -1605.723399 -82.320846
-3301.575870 -2759.381486 -3.233316
-2582.968248 -2139.546349 -8.643885
-2378.189505 -1971.115361 22.320305
-2920.723048 -2354.297065 22.764688
-2512.819261 -2117.395538 -30.116393
-2808.807967 -2267.293753 41.200809
-2754.789263 -2224.944770 -41.258956
-2234.189707 -1842.346366 -62.863100
-2690.531966 -2322.896526 -14.924010
-3019.564664 -2627.133915 -76.553934
-2939.131792 -2426.593411 6.305780
-3031.023609 -2455.843669 10.454969
-2439.088399 -2066.091197 5.582464
-2010.542152 -1693.553323 -63.222872
-3216.008263 -2650.414811 -95.059688
-2865.915949 -2334.858866 -5.600645
-2870.292108 -2370.684087 17.671642
-2213.442352 -1822.919306 -34.998145
-2708.854999 -2243.051109 8.277735
-2932.546619 -2477.008734 -32.255186
-2301.791613 -1980.503164 -21.886873
-2136.815818 -1774.891757 7.444445
-2811.916823 -2417.512808 -26.501313
-3370.668032 -2800.354836 11.580826
-2224.475139 -1813.794404 -79.874609
-3117.194877 -2618.227342 32.022389
-3082.080474 -2507.370209 -2.906806
-2104.514560 -1763.885069 -9.169182
-2654.796574 -2151.411714 -79.176307
-3002.067217 -2435.625936 33.112873
-3259.105041 -2730.998060 -12.091761
-2562.133564 -2164.762667 -28.194324
-2436.399733 -2067.588067 -108.739443
-2485.300729 -2145.744147 26.852477
-1962.975600 -1721.022770 -14.792100
-2540.704916 -2103.679784 8.553971
-2798.073884 -2270.312259 -112.299836
-2949.089939 -2419.588885 -132.807190
-3170.033404 -2601.352494 -142.454389
-2422.527665 -2080.313820 3.014288
-3380.961958 -2863.823177 -144.648829
-2824.673391 -2306.890231 -57.595475
-2498.317069 -2026.424508 28.823864
-3483.817572 -2879.867908 18.546313
-3057.428574 -2479.241818 35.142326
-2591.955002 -2234.197382 -104.892125
-3572.209852 -2905.888838 -4.194159
-2592.445931 -2107.933357 -2.920441
-2432.029832 -1959.475553 -78.908097
-2804.218696 -2226.089723 -46.595426
-3387.031491 -2913.847158 -6.626725
-2932.037363 -2395.405894 -80.030953
-3086.742927 -2492.628386 -120.157618
-2571.645980 -2093.382492 -4.376239
-2393.177056 -1897.249586 -13.724298
-3208.971195 -2543.777102 -18.058270
-2929.597140 -2404.085037 44.631026
-2742.855889 -2252.446455 -122.680686
-2661.407922 -2285.606072 -114.100090
-2047.397697 -1638.366157 8.046578
-2143.521213 -1839.542220 -91.573381
-2301.511396 -1975.381175 -98.903103
-2323.394360 -1943.134209 1.505408
-2814.623749 -2364.456179 28.588242
-3117.929633 -2619.713706 32.112392
-3129.411770 -2682.921887 -99.192843
-2852.189591 -2318.516062 29.011569
-2374.534599 -1947.278428 -78.843192
-3315.931219 -2709.782986 -89.754292
-3032.313287 -2484.802733 52.957022
-3030.531066 -2483.547353 52.043572
-2405.993214 -2009.882651 -39.438309
-3522.944993 -2799.916921 -31.240800
-3303.876902 -2630.024999 -1.504680
-2941.160634 -2487.470220 14.790062
-2197.338995 -1858.149646 11.640858
-2243.397464 -1821.949280 -22.485185
-3471.834324 -2963.503972 -34.257747
-3035.963137 -2415.845469 -3.615874
-3438.815729 -2884.470510 58.908830
-3301.948513 -2763.421159 5.411023
-3494.872046 -3020.595777 -30.609051
-3317.002818 -2877.713178 -69.342947
-2793.028570 -2304.229415 37.715988
-2505.702891 -2110.234372 4.704391
-3396.717777 -2805.862831 57.155651
-2398.564799 -2075.215632 1.357299
-2862.883604 -2439.207709 -83.889421
-2396.951434 -1981.226856 -90.481439
-2404.887125 -1986.987292 -91.991414
-2277.117690 -1959.294409 -29.360019
-3323.947645 -2861.500096 -42.983324
-2594.157777 -2223.305758 -46.414060
-3463.087060 -2980.508308 -44.174784
-2584.072297 -2215.184659 -46.451556
-2880.228405 -2467.777592 -50.765007
-3512.259287 -2997.349497 -44.100789
-3286.732783 -2697.811078 -80.815750
-3081.154817 -2528.797319 -74.181561
-2549.191884 -2104.634042 -109.799949
-2197.479272 -1891.548394 -27.222244
-3327.554663 -2864.108666 -40.936093
-2632.332200 -2085.305058 -20.831159
-2853.045767 -2258.774374 -22.375186
-2545.275903 -2134.631155 -39.050517
-2441.489642 -2047.670644 -38.028582
-3341.510004 -2744.778539 -79.355896
-2727.166970 -2163.139283 -7.215725
-2502.397643 -2064.074212 -69.715252
-3097.920285 -2456.353686 -7.863518
-3151.530673 -2724.198280 -93.121551
-2790.355756 -2302.132787 40.314579
-2579.816706 -2127.509423 36.942923
-2318.735838 -2004.281460 -68.539564
-2553.612833 -2166.527314 -105.145340
-2498.723266 -2108.712966 -21.065991
-3222.118708 -2720.476827 -28.338202
-3156.537619 -2663.738441 -27.965132
-2241.710311 -1871.731480 -2.580845
-2369.755999 -1976.384944 43.057484
-3239.164899 -2722.444127 -8.208308
-2454.514929 -1993.777198 -98.538700
-2603.322787 -2172.998717 -47.362159
-2786.180597 -2288.375444 46.998855
-2823.445435 -2422.022798 -16.932284
-2660.988845 -2237.066172 -7.105683
-2385.199550 -2012.152892 -18.415656
-2439.755142 -2058.720376 -19.056085
-2566.611697 -2167.539518 -19.338059
-2782.985000 -2207.810432 -5.813064
-3020.868918 -2416.038305 11.676086
-3420.059246 -2778.323478 -137.580347
-2607.610886 -2084.509477 9.451350
-2965.574241 -2477.888796 -46.375235
-3361.807874 -2732.367760 -33.675220
-2945.715467 -2343.615243 -2.761911
-2623.901248 -2215.721501 -28.296053
-3352.682099 -2753.987006 -142.195776
-2934.459331 -2382.543184 -48.288507
-2710.968438 -2242.459640 -59.882319
-1877.339223 -1568.984035 -26.124860
-2618.592180 -2188.588768 -36.704848
-1919.086258 -1514.907380 -21.341543
-2426.961376 -1937.282675 -26.731194
-3376.654209 -2689.756825 18.087639
-2892.692350 -2505.756747 -85.112041
-2221.158219 -1908.995824 -94.941654
-2240.634716 -1890.292445 -18.771287
-2496.170750 -2053.561274 -79.167086
-2242.329788 -1844.835635 -70.926030
-2444.763748 -1970.199007 -91.494164
-3338.384744 -2869.255392 -84.878567
-2114.250945 -1771.907966 -32.091576
-3252.167379 -2565.814052 -35.593676
-2620.851669 -2096.391953 10.245921
-2687.085195 -2170.578965 40.074555
-2406.270881 -2055.421492 32.693209
-2352.405078 -1952.391872 49.773235
-3199.602283 -2610.627869 41.730099
-3410.315876 -2782.026617 48.898995
-2976.464329 -2374.949368 -31.119360
-2578.625298 -2066.547848 -53.919932
-3182.549454 -2707.876152 34.163753
-2732.781516 -2229.439118 -77.877616
-2222.477771 -1853.425189 39.971003
-2658.784822 -2216.931457 47.875570
-2732.806162 -2229.505585 -78.072516
-2994.335864 -2406.381519 -46.953382
-3047.800853 -2479.101459 -64.691628
-2666.603982 -2193.505277 -42.968416
-2645.641743 -2187.773994 -4.983619
-3331.437441 -2819.097569 -127.637134
-2588.928204 -2198.835991 -34.279600
-3016.107863 -2423.282277 -47.366982
-3206.931833 -2616.283962 -90.471239
-2891.374380 -2515.631874 -29.407037
-2547.449442 -2102.219944 20.455522
-2976.679581 -2457.033435 14.855400
-2454.841928 -1981.026996 -91.683137
-2041.812776 -1685.418299 11.121237
-2954.655149 -2353.754432 -42.979205
-3271.423615 -2669.497344 -92.872272
-2702.648070 -2199.682488 -18.482035
-3270.480810 -2847.367588 -51.508761
-2824.310894 -2319.591667 37.846237
-2156.227777 -1876.428759 1.915373
-3044.360219 -2483.468188 -59.911460
-2309.826021 -1885.048463 -45.460909
-3385.406754 -2745.485865 -135.629934
-2798.613836 -2269.570432 -112.968929
-2925.410300 -2503.090608 42.825171
-2469.048738 -2111.986293 34.553481
-3375.075069 -2763.458716 -129.950961
-2675.944018 -2191.039375 -102.890921
-3446.990390 -2872.451362 -104.305950
-2544.750055 -2051.514826 -21.781023
-2213.396628 -1822.537761 -67.237555
-3217.824738 -2546.840236 -54.561964
-3121.539114 -2541.170571 -20.975038
-2521.173036 -1995.631924 -43.041132
-2620.944358 -2074.264125 -43.742122
-2389.284888 -2053.705287 23.161255
-2462.574483 -2117.798227 -102.606352
-2142.920094 -1844.077041 -89.266816
-2760.704684 -2226.749732 -24.069900
-2342.958659 -1908.744785 39.860387
-2540.069965 -2070.507452 39.992265
-2853.718634 -2368.459599 58.649753
-3504.180815 -2922.030985 73.100551
-2335.644159 -1864.050341 -0.584441
-2528.905045 -2080.643246 9.935844
-3428.343428 -2812.816954 -130.019931
-2398.092521 -1987.933227 -46.971766
-3180.920937 -2729.402202 -95.965178
-2365.894595 -1985.457134 14.943198
-2538.320032 -2098.609257 -3.785194
-2291.094969 -1854.082219 14.129405
-2582.148063 -2216.400924 -77.770962
-3451.172536 -3010.683170 -29.980661
-2363.475549 -2006.916206 -30.989139
-3294.802288 -2757.777549 -59.505133
-2120.470231 -1734.967535 29.993219
-3321.687781 -2908.449542 -51.533299
-2397.456267 -1980.443239 -4.275422
-2289.466883 -1982.818312 11.167999
-3290.162801 -2773.588328 -39.554066
-3441.656456 -2901.502370 -40.892682
-2207.684721 -1841.395066 45.859913
-3402.772873 -2825.216655 75.555128
-2313.630988 -1903.515374 50.712760
-2610.860913 -2085.617458 -1.856523
-2380.884096 -2086.415406 -14.518507
-3167.061321 -2663.571071 54.209512
-2439.529438 -2052.213611 41.429698
-3266.044748 -2656.516230 -20.773642
-2384.310356 -2048.727641 -4.539983
-1965.562350 -1682.162482 26.958071
-2779.968183 -2423.741189 6.273522
-3256.984981 -2687.041422 17.049961
-3546.036223 -2905.711805 37.866681
-3269.932778 -2696.866613 17.085009
-2319.356982 -2022.533172 -67.448757
-2725.055000 -2222.162074 -92.237509
-3382.592092 -2753.427093 -6.636599
-3193.112539 -2598.269487 -125.472536
-2829.340123 -2302.556144 -110.247504
-3281.251545 -2861.537190 -96.667688
-3052.337835 -2553.165331 -53.394785
-3188.646563 -2667.098079 -56.213574
-2102.792422 -1724.460686 -92.224376
-3023.208288 -2446.753025 46.902021
-3270.394432 -2646.525083 51.707581
-2136.943632 -1759.244981 44.621128
-2450.103286 -1982.950514 38.774963
-2994.243936 -2435.863523 -117.542459
-3449.786598 -2884.431269 1.239714
-2643.211561 -2221.490747 -28.949873
-2749.624160 -2365.431581 -115.798223
-2443.125572 -2087.472010 34.553268
-2366.039118 -2062.080619 6.110322
-2661.150928 -2173.010176 39.984372
-2287.776872 -1966.412805 -4.536597
-2612.908794 -2112.045919 39.504233
-2387.814547 -1943.190205 -16.893195
-3478.111995 -3027.484949 -3.294965
-2673.398521 -2275.006058 -77.839770
-2587.813781 -2224.143713 -6.706868
-3227.968536 -2595.673772 -7.627701
-3256.116372 -2608.058266 -70.461696
-2677.132204 -2149.142246 5.691369
-1808.708000 -1469.046628 -62.453660
-3209.553047 -2605.851548 -110.979813
-3020.024374 -2533.644939 -47.251595
-3558.996301 -2985.932942 -55.553849
-3004.266546 -2408.296976 37.889971
-3369.874762 -2706.772092 43.303036
-2467.378483 -2144.284096 -38.940526
-3290.258788 -2824.538435 -3.191733
-2278.624911 -1900.501376 -32.817263
-3284.594371 -2827.097400 -136.381387
-2393.659645 -2002.120980 48.032506
-2417.212534 -1967.586779 40.300896
-2737.587558 -2382.455489 -3.546110
-2737.296776 -2381.862909 -3.515795
-2704.294679 -2228.478225 15.595091
-3324.748416 -2783.609138 69.995454
-2999.633182 -2465.737386 64.510235
-3069.625130 -2524.064632 64.915911
-2875.932904 -2466.688732 -17.847368
-2827.943031 -2238.959857 -15.904752
-2883.711509 -2388.971977 -56.654619
-3323.579323 -2841.735109 44.167571
-2552.005402 -2105.175798 14.091527
-2800.146245 -2273.604786 -45.779992
-2614.134089 -2075.040191 -6.899004
-2997.961945 -2379.289427 -8.102455
-3169.290501 -2598.013525 -143.405479
-2589.785266 -2251.678283 16.837152
-2293.843105 -1957.715683 -24.863687
-3073.993789 -2439.802995 2.357637
-3313.204655 -2900.454284 13.204085
-2306.937024 -2037.677951 -41.687527
-2457.595506 -2135.188001 9.634136
-3527.867616 -2998.619611 -57.987143
-2335.423743 -1935.599128 18.697933
-2446.247248 -2055.846324 30.133536
-3480.355716 -3011.484209 32.791166
-3478.592737 -2866.638418 -67.765438
-2661.084719 -2271.225883 6.225323
-3241.785024 -2613.678472 -109.898682
-2379.524555 -2023.052216 -39.277720
-2371.502976 -2016.187969 -39.477311
-3274.572639 -2733.250660 54.049320
-2528.760804 -2114.921582 42.161747
-3174.084055 -2744.056299 -77.085424
-3571.107998 -2987.805542 59.707783
-2657.438249 -2297.555161 -95.102214
-3147.027750 -2660.059194 40.661312
-2633.414068 -2249.625973 32.124182
-2138.662034 -1825.902320 26.340859
-2676.667524 -2227.549563 53.700492
-2702.739570 -2182.245392 36.625653
-2707.437939 -2288.306505 -60.258625
-2283.237790 -1929.434362 -50.227659
-3360.287032 -2839.930999 -73.945473
-2662.870570 -2238.318486 -125.712428
-3431.257559 -2861.413714 -116.771115
-2625.001914 -2210.371833 -35.022141
-3429.818780 -2862.850217 -130.870920
-2930.873395 -2468.927332 -37.943340
-2865.066551 -2300.790195 -38.486546
-2635.451424 -2197.319966 -90.066309
-1857.832261 -1562.397476 -87.445171
-3142.027253 -2585.756956 -42.788993
-3239.623472 -2595.053380 -97.417136
-3111.910232 -2492.429744 -94.326916
-2682.600156 -2264.055287 5.316544
-2504.516849 -2113.051449 4.838758
-2890.520265 -2493.081714 -54.988917
-2596.461166 -2230.084331 22.045762
-2640.132254 -2184.194348 45.736405
-2317.595902 -1871.899815 -11.367172
-2494.091430 -2008.307644 -62.187825
-2596.039093 -2225.468245 -56.091744
-2816.298201 -2426.147109 -54.711981
-2623.659365 -2235.181890 3.689768
-2446.868347 -2025.266047 42.293186
-3248.054763 -2646.567903 -16.220016
-3500.905979 -3072.967593 -65.359853
-2690.421893 -2144.911784 -7.458191
-2952.481530 -2458.513153 -62.895944
-2266.365710 -1914.892818 -69.754972
-2718.076616 -2240.755856 -111.032148
-2628.224452 -2107.070318 -50.615481
-2722.102595 -2181.755075 -52.275610
-3217.016201 -2738.021656 9.008527
-2211.764375 -1882.174962 6.010495
-2914.069615 -2479.547786 4.506830
-2376.556877 -1978.130569 38.345732
-2582.261903 -2087.024778 -88.379382
-3039.900197 -2479.538955 -128.739696
-2773.219019 -2393.006616 -59.569912
-3112.886895 -2656.220308 35.870362
-2962.922326 -2553.010588 35.926551
-2456.759143 -2076.882966 -74.653191
-2994.801637 -2428.309698 -73.244748
-3473.073500 -2949.233412 41.758779
-2967.136063 -2604.271257 -54.946649
-3064.515144 -2602.910793 16.230306
-2485.411083 -2109.702373 29.105819
-3142.725706 -2656.301012 40.446270
-2415.576686 -2041.423203 31.457535
-2240.900806 -1911.121038 -82.920692
-2698.032773 -2155.468547 -35.233144
-3637.974460 -2906.470143 -47.110496
-2586.797216 -2078.614621 16.910389
-2864.295355 -2315.004999 -55.126084
-2971.580718 -2543.662691 -15.115266
-2692.629670 -2284.482978 -12.936561
-2125.374419 -1803.337657 -9.956250
-3235.536952 -2746.632559 -89.581439
-2421.003743 -2105.697528 -18.196564
-2156.026564 -1828.783743 -76.384509
-2477.207614 -2043.123726 -99.471238
-2379.021849 -2020.184508 12.487944
-2413.150782 -2039.722285 31.310199
-2458.887039 -2108.803416 -30.341595
-3461.213059 -2971.753385 -78.212046
-3226.972841 -2568.185816 -62.479263
-2733.298635 -2207.595334 35.971876
-3222.572178 -2564.296684 -61.474701
-2472.349268 -2034.633047 -97.645695
-2771.031627 -2379.593860 -62.416827
-2503.585387 -2060.529164 -98.826885
-2150.628361 -1832.316444 3.267928
-3084.476669 -2617.684740 23.556212
-2808.527034 -2273.125423 -72.385073
-2174.254407 -1801.975631 42.448761
-2273.662717 -1928.518809 10.589141
-2538.157811 -2154.014695 18.597737
-3484.278262 -2834.152653 42.133609
-2720.320112 -2291.902303 -82.206654
-2776.083754 -2230.970461 23.533177
-2376.438645 -2002.109051 -70.931068
-2439.009272 -2008.191394 -96.657550
-3447.686656 -2919.330896 -104.724976
-3486.050428 -2835.192694 41.849149
-2491.455973 -2153.104344 -58.395499
-2791.773476 -2351.873489 -79.940333
-2780.147833 -2341.832255 -82.372104
-3505.161033 -2952.639437 -103.576878
-2455.087506 -2076.681219 -72.233456
-1926.168756 -1631.403637 -58.058650
-2460.875178 -2111.279033 19.796054
-3040.863256 -2455.404032 -122.147801
-2147.912578 -1843.877902 -51.308675
-2891.990457 -2482.709639 -62.237079
-2840.114910 -2438.311726 -60.228024
-2514.049094 -2158.535512 -60.314765
-3072.589382 -2638.168147 -73.908210
-3196.569636 -2744.838196 -75.643690
-3249.473866 -2791.441531 -69.284253
-2810.021588 -2421.189575 -58.713903
-2031.859095 -1746.580832 -47.862247
-2493.553768 -2103.352968 -66.714753
-2175.334495 -1870.049633 -45.065940
-2588.192815 -2221.669896 -55.165443
-2193.203607 -1882.412084 -48.115129
-3360.425622 -2884.005372 -71.496355
-2232.176736 -1820.736660 -95.444761
-2333.562820 -1972.898001 -61.406082
-2291.665579 -1974.915523 -48.960430
-2926.161740 -2473.004576 -87.770915
-2711.997812 -2291.531717 -70.820017
-2818.469592 -2449.046860 -1.812689
-2689.270217 -2300.175593 -55.040323
-3201.744123 -2743.025941 -71.656854
-3247.596836 -2782.607617 -80.343511
-2485.372243 -2129.550868 -60.778269
-3197.759203 -2740.905728 -79.449195
-3077.877942 -2639.186568 -68.496731
-3111.424886 -2592.305075 -8.678515
-2331.518282 -1934.466486 26.019015
-2715.097387 -2280.541861 -62.748513
-3370.817924 -2796.755155 -140.149358
-2767.631421 -2411.745389 -72.144989
-2288.624922 -1993.932757 -60.257096
-2724.203588 -2372.129354 -72.264322
-2722.477007 -2370.562994 -72.248110
-3444.283873 -2771.513745 -71.091293
-2462.172974 -2128.971472 8.654032
-2563.348029 -2062.734879 -52.471947
-2725.680042 -2371.428672 -72.214650
-2449.702459 -2119.119333 8.966666
-2507.887790 -2083.536400 13.098823
-3201.282612 -2653.429693 22.184122
-2629.278530 -2216.605945 0.594994
-2424.340428 -2020.509697 10.101302
-3166.851213 -2715.960320 23.660458
-3034.030482 -2601.815797 22.849092
-2089.366430 -1791.129409 16.099811
-2919.330102 -2481.079346 24.548197
-2672.489340 -2254.623947 -120.451665
-3526.068599 -2974.659566 -157.411457
-2430.261557 -2029.711553 -64.439332
-2084.248251 -1798.131416 17.851924
-3513.385073 -2951.950794 29.335412
-2379.192096 -1988.723492 16.915455
-3278.892902 -2740.243401 23.613641
-2324.929244 -2032.802417 -63.315388
-2722.707119 -2278.488445 -81.617144
-2536.275409 -2104.670979 27.759825
-3491.858222 -2895.857936 40.347618
-2422.713124 -2012.349261 -53.923214
-2609.574252 -2108.575782 24.095627
-2221.131401 -1894.890365 -68.546230
-3148.277076 -2542.654548 18.198965
-2779.910555 -2244.072447 16.560821
-3062.758266 -2610.748459 -80.231668
-2935.351431 -2367.989609 15.765222
-2987.687846 -2558.166432 6.131128
-3372.449805 -2729.675001 39.492872
-3460.875223 -2872.316176 38.250540
-2067.741707 -1716.189078 22.511496
-2936.216323 -2447.695241 47.308629
-2547.337978 -2095.514469 20.996956
-3120.960699 -2566.585893 23.763302
-2995.564676 -2545.074866 -7.039745
-2688.248314 -2284.339728 -5.910503
-2218.874968 -1804.897164 -54.442881
-3115.158360 -2579.062234 34.406884
-2915.623235 -2452.127550 -136.835224
-2209.626956 -1830.425080 -58.613062
-2553.790876 -2085.287074 -54.881552
-2570.461864 -2106.986456 -57.466988
-1848.376951 -1575.203443 -0.137399
-1802.606667 -1496.573160 19.573059
-2998.504057 -2489.295342 33.022623
-2634.234199 -2186.811545 29.158203
-3175.639705 -2607.982121 -43.704557
-2226.453872 -1804.455990 -21.959981
-3420.087494 -2946.505640 -66.994691
-2528.765270 -2149.743227 -82.160311
-2358.872115 -2004.382894 -77.008982
-2805.292888 -2342.687888 -97.509487
-2275.534238 -1959.387511 -38.072107
-2372.376973 -2049.712548 -87.911054
-2579.541700 -2207.350997 -110.622310
-2327.726427 -1991.763915 -96.748888
-2281.189188 -1937.844283 -74.746382
-1993.765509 -1705.628832 -85.686219
-2358.685546 -2038.211362 -87.275997
-2990.635133 -2582.112935 -102.326304
-2370.910589 -2048.908827 -88.572825
-2366.784694 -2024.107468 -101.123612
-2749.156385 -2266.351029 -13.014741
-3563.557813 -2985.067444 -118.057804
-2760.949752 -2271.292073 -11.999023
-2861.102582 -2398.724732 -97.010149
-2385.922146 -2000.704048 -83.551421
-3538.155102 -2909.982353 -15.089401
-2366.849297 -2024.346822 -101.598507
-3037.014735 -2536.106067 -105.421517
-2655.806344 -2216.337985 -99.993483
-2445.223680 -2040.767657 -90.377443
-2521.618845 -2011.504356 -34.300816
-3049.266232 -2488.716375 -89.172845
-2489.361129 -2027.760770 -63.358468
-3072.903621 -2452.113688 -42.455197
-2264.248331 -1808.878233 -19.696074
-3628.009421 -2900.992822 -50.479835
-3461.823005 -2913.745312 -141.705990
-3111.999816 -2486.794088 -40.852383
-2439.887061 -2106.268086 -83.524191
-3598.257397 -2876.128002 -30.785261
-2322.472893 -1937.255149 -81.025110
-2745.841840 -2290.405355 -95.454738
-2655.788805 -2292.729969 -93.538534
-2528.906456 -2106.058313 -7.569303
-2282.160948 -1824.601640 -19.473221
-2233.756614 -1864.163004 -77.704243
-2153.185744 -1720.254018 -28.718693
-2389.016035 -1936.900893 -21.612883
-3184.204816 -2692.415559 -132.097971
-2931.267098 -2376.430491 -26.039944
-2564.205982 -2064.702683 -91.959749
-2507.395727 -2020.179636 -89.590895
-2470.799776 -1992.115676 -87.876910
-2149.454133 -1736.329163 -68.332163
-2767.087299 -2381.292229 24.857755
-2036.904803 -1669.121143 -69.766220
-2713.551585 -2287.504336 -97.517239
-2471.836846 -2132.374461 23.708992
-2316.350594 -1847.966426 -67.917850
-2589.585809 -2065.043572 -76.368187
-3121.509489 -2540.420359 -102.034448
-3291.016342 -2679.460908 -108.124430
-2765.216633 -2226.855041 -48.426973
-2257.555968 -1840.762294 -73.224111
-3237.553337 -2640.302388 -105.070537
-3384.719283 -2763.186568 -122.988301
-2325.384720 -1867.296059 -29.187098
-2566.819916 -2212.955088 22.401215
-3038.864101 -2436.319328 -14.070763
-3450.569433 -2773.292959 -22.197472
-2389.189363 -1936.631385 -22.060903
-2834.128997 -2331.077503 -50.493359
-3435.283058 -2783.256319 -33.541598
-2858.193849 -2401.669453 -95.971630
-2381.906221 -1962.608486 -41.383746
-2951.455565 -2433.155325 -104.736428
-2635.632765 -2134.960900 -12.703954
-2956.064622 -2393.651957 -14.089372
-2311.790488 -1870.925355 -11.532253
-2326.684818 -1879.637951 -10.347562
-2256.970272 -1823.250595 -10.565961
-3164.272199 -2551.675622 -16.837952
-2916.929395 -2404.032753 -104.742927
-2341.379267 -1925.096652 -0.787701
-2248.303246 -1889.701489 -76.957210
-2371.112688 -1948.587581 0.240613
-2775.407363 -2221.224004 -53.441264
-3417.866871 -2747.573180 -21.481381
-2625.505216 -2110.216015 -16.464996
-2645.418943 -2206.870799 -99.846232
-2646.427729 -2207.685623 -101.558512
-2760.692899 -2381.545559 -38.406681
-2563.182797 -2103.298375 -24.268859
-2723.510333 -2266.866195 -90.984081
-2885.032111 -2372.792957 -27.912365
-3143.733674 -2567.444890 -42.763491
-2333.968870 -2041.300870 -43.436292
-2932.681160 -2533.242707 -22.211352
-2603.489102 -2126.434554 -35.380685
-2305.189637 -1899.556771 -24.958646
-3544.809551 -2952.611058 -143.214811
-2576.816748 -2124.183014 -27.869019
-3425.818115 -2819.491327 -47.781594
-3343.768953 -2851.708814 -121.489439
-2950.777422 -2550.122708 -23.248254
-3031.315647 -2491.737283 -29.053585
-3287.098583 -2673.564254 -59.632142
-2683.743191 -2281.726197 -17.229999
-2406.486632 -1981.630227 -24.326360
-2876.562704 -2366.757057 -28.828636
-3358.555470 -2776.908844 -93.360844
-2562.047568 -2137.195348 -95.422893
-2228.445560 -1901.602130 -75.288736
-2285.423690 -1974.921472 -16.809342
-3112.019689 -2562.123572 -39.323141
-3382.649563 -2819.480699 -136.893555
-2504.562817 -2046.392637 -34.398472
-3533.912515 -2966.371361 -165.139088
-2219.243183 -1853.054258 37.826840
-2877.637789 -2354.249763 22.967083
-2331.328902 -1875.074970 19.981256
-2274.189539 -1892.355381 18.801716
-2632.528445 -2186.828883 30.898715
-2268.480175 -1850.658338 -48.920158
-2651.813956 -2165.060243 -56.479880
-3343.608234 -2835.504541 -129.485474
-2169.526206 -1783.871693 28.112732
-2867.944041 -2358.077970 -80.554475
-2090.537310 -1711.270751 16.607315
-2479.608400 -2107.637489 15.312544
-3270.753315 -2600.182000 -25.567335
-2533.414592 -2065.897703 -101.240009
-2383.432921 -1973.330042 27.611204
-2086.104299 -1780.635144 -56.680741
-3400.092176 -2750.798261 -66.056813
-3161.713116 -2595.077421 -103.110994
-2292.039398 -1981.285396 -55.567743
-3524.164475 -2997.339617 -59.940100
-3528.092052 -2996.656995 -61.364844
-3193.460272 -2758.767336 -75.808246
-3478.542610 -2867.417791 -68.607143
-2041.890581 -1660.771363 -9.373534
-3130.554893 -2531.751720 -120.673684
-2740.735981 -2234.503456 -109.050642
-2156.816171 -1841.822412 -58.282909
-2345.828115 -1909.445556 28.683466
-2428.945602 -1998.098036 -26.047073
-3011.645971 -2478.438757 -31.310930
-2078.116819 -1775.139074 -57.366930
-2957.233584 -2406.228227 -13.183282
-3033.282537 -2467.853052 -13.404535
-3305.674271 -2695.776901 -131.771615
-1927.747463 -1568.833097 23.495062
-2707.161566 -2177.149644 19.476557
-2346.794064 -2023.849261 -74.920557
-3521.750108 -3024.558763 -127.292817
-3391.334603 -2857.520806 -144.407795
-2467.622215 -1962.119592 -64.980445
-2513.534093 -2086.836750 20.373351
-2734.149564 -2168.072102 -53.558122
-3360.397078 -2677.420366 -78.230189
-3090.577147 -2631.908882 -79.722637
-3143.856502 -2670.808478 -100.955195
-2160.918169 -1755.916959 -60.873858
-3284.190420 -2616.946403 -76.457392
-2520.266638 -2147.383389 -65.330037
-2830.101900 -2285.875839 -13.190447
-2810.443957 -2274.670260 -43.864177
-3177.572012 -2709.006459 2.270835
-3366.904307 -2913.104296 32.001737
-3003.483579 -2549.274884 -105.966019
-2465.688303 -1957.131652 -61.726256
-2008.821811 -1677.852892 1.641064
-3256.030469 -2733.788933 38.142106
-2598.040764 -2163.925498 52.936168
-3275.999555 -2730.930898 -2.807948
-3524.248317 -3019.385425 -92.290865
-3009.305085 -2402.376052 -41.511245
-2037.589528 -1699.096181 -1.461353
-2528.927683 -2105.987587 19.680796
-3453.564610 -2917.321261 -119.934132
-2185.306639 -1753.763863 -56.123012
-2702.209168 -2168.273483 -70.923784
-3344.427256 -2861.254694 1.958095
-2626.162206 -2246.826639 1.745319
-2373.719560 -1925.827334 -7.098709
-3360.701773 -2913.720504 -106.510197
-2705.637080 -2285.975865 -121.553783
-3023.315427 -2452.263776 -9.331673
-1997.091114 -1662.144600 -13.769468
-3006.534888 -2578.623198 5.858133
-2241.603609 -1884.326028 29.128511
-2860.772337 -2346.112621 -48.253000
-2504.587551 -2146.898313 -67.238350
-2901.710698 -2500.011515 -44.683528
-2582.864825 -2095.050695 -7.425344
-2052.525034 -1743.402719 18.166069
-2284.825134 -1920.383847 30.805870
-2862.616100 -2473.401069 25.919694
-3452.571503 -2873.793000 27.073531
-3002.744685 -2549.621918 25.860574
-3260.399156 -2857.973951 -65.681576
-3047.647228 -2555.546889 -120.740803
-3505.257390 -3006.787483 -93.882298
-2643.816187 -2268.684168 -72.184637
-3599.757908 -2923.925637 -44.887914
-3531.910603 -2940.020929 -26.626270
-2195.343689 -1884.788558 -59.361169
-3357.700935 -2738.324810 -73.625504
-2392.601224 -2006.134202 -94.779019
-1804.692169 -1506.261900 -0.129595
-2832.187141 -2323.146832 -51.436816
-2707.759925 -2218.685430 -38.088041
-2386.050761 -1957.266884 -43.338459
-2513.896987 -2136.667266 18.455052
-3020.514280 -2434.457663 -76.052983
-2677.630113 -2342.943526 -25.072090
-2467.531394 -1984.151459 22.194281
-3223.602008 -2738.973227 -53.289051
-2318.666509 -1875.987640 -37.778710
-3377.224852 -2732.759106 -55.505349
-3192.924072 -2567.489070 28.371406
-3461.302156 -2849.893812 -3.343799
-2970.271366 -2476.961229 -53.388599
-2193.779466 -1889.668157 -7.460478
-2480.859651 -2172.410199 -47.998972
-2217.419466 -1887.273136 3.747680
-2638.152419 -2245.170010 4.830005
-2384.433290 -1972.294293 42.954270
-2235.142778 -1829.153995 -63.407789
-2096.346377 -1708.164963 -11.296168
-2081.696771 -1736.215745 -70.281167
-2982.127252 -2429.017061 -30.393597
-2595.906806 -2229.245770 -57.233303
-2430.449093 -1989.579331 -69.279872
-2275.184746 -1960.510019 -40.275176
-2798.459222 -2377.519636 -39.649980
-3106.643685 -2636.402305 -33.082892
-1777.765875 -1434.268657 -64.029304
-2090.628096 -1821.649664 -35.197674
-3186.221255 -2733.573997 -29.030111
-2185.991855 -1757.153796 2.685071
-2428.510024 -1991.876336 -34.816087
-2186.365150 -1912.275138 -41.719552
-2249.542131 -1968.026408 -42.755983
-2714.772915 -2378.532654 -53.625334
-1963.125937 -1717.473008 -37.358649
-3561.680715 -2872.245514 -126.676249
-3338.320060 -2856.424947 -17.920883
-3004.397470 -2570.311692 -22.634887
-2955.273365 -2410.029462 -39.210160
-3321.508671 -2870.439073 -16.838939
-3091.112993 -2690.174369 -81.334035
-2316.483417 -1888.959257 -30.591065
-3383.431885 -2724.719967 -67.957971
-2724.570397 -2321.826853 -94.522639
-3429.808691 -2796.707547 -45.453553
-2775.900092 -2236.079673 -55.290800
-2607.973993 -2126.228023 -35.017815
-2337.667665 -1883.455365 -47.367085
-3303.820078 -2694.241749 -108.286228
-3232.292905 -2635.079253 -104.810883
-3151.562299 -2564.520800 -85.607638
-3384.061967 -2758.325177 -109.577543
-2505.749103 -2042.197796 -81.435020
-2933.254273 -2386.222618 -80.003943
-2775.470913 -2279.856423 -38.138376
-3088.438037 -2553.415616 21.614617
-3330.486711 -2813.548655 -137.209012
-2547.916123 -2055.232563 13.788664
-2846.625389 -2379.243971 20.992050
-3082.175379 -2467.499322 -80.924410
-2443.039391 -2137.557521 -41.838875
-2963.420194 -2442.998951 34.074484
-3184.029590 -2574.820544 2.608433
-2347.910248 -2013.530211 -20.993259
-3073.610110 -2533.851824 37.050252
-2563.237557 -2073.733490 2.125457
-2376.256407 -2080.476376 -40.191183
-3185.642161 -2577.672515 2.409320
-3371.436538 -2887.663692 -92.914108
-3388.402926 -2793.901872 40.236158
-2424.738986 -2123.246872 -41.278791
-2811.107716 -2254.045001 -55.639687
-2491.623237 -2145.336647 20.765466
-3030.698783 -2424.830586 -43.090260
-2988.759604 -2448.289042 -16.096576
-2999.416681 -2440.873457 17.483953
-2439.064720 -1984.910716 13.838338
-2627.678494 -2203.964416 -48.152524
-2939.715110 -2484.970998 -56.430632
-2643.347538 -2314.568752 -51.971060
-3249.067359 -2624.907002 -45.139965
-2620.491669 -2216.500731 -51.009877
-2912.007037 -2407.014093 -115.948151
-3141.772926 -2651.813515 -129.237966
-2604.189233 -2222.569317 -90.205567
-3080.849567 -2563.880869 25.967687
-2596.933545 -2230.732522 -57.746714
-2284.852478 -1890.676901 -44.617529
-2675.952255 -2306.151437 -36.225898
-2456.535157 -2116.368885 -33.409653
-2712.288768 -2298.892030 -37.996460
-1870.457133 -1532.727621 -47.653552
-2348.990575 -2013.677067 -20.087570
-2198.339489 -1885.049048 -18.956006
-2553.378808 -2201.923668 -35.116384
-2417.939263 -2055.778215 -1.569710
-3503.544885 -2976.640089 -51.463205
-2702.328507 -2319.902704 -72.427674
-2351.778804 -2040.348168 -74.778720
-2595.872699 -2170.292724 6.739336
-3442.906309 -2791.384921 -2.776697
-2675.517431 -2281.029214 -71.039303
-2928.524868 -2376.135742 -1.949338
-2638.933428 -2198.112549 -1.386345
-3047.137358 -2619.209026 -67.076956
-2552.961503 -2158.712097 -49.229854
-2455.581754 -1994.747302 -90.367168
-3057.793927 -2461.082757 -85.279480
-3004.515526 -2489.027484 -50.555693
-3195.967750 -2647.169674 63.932664
-2417.611904 -2002.598046 48.180950
-2399.554683 -2001.442372 -43.679364
-3279.216190 -2730.475803 -66.756739
-2662.824778 -2209.372833 52.031693
-1812.045899 -1511.232941 12.614611
-2219.829181 -1848.249966 40.501792
-2926.431071 -2393.464943 34.589988
-2917.221891 -2405.495187 -56.241263
-2545.811263 -2112.404195 50.444972
-3264.068359 -2861.236089 -61.243673
-2456.373939 -2134.535576 -4.636172
-2712.381535 -2157.740872 -50.476293
-2836.510505 -2372.809596 9.043004
-2864.363269 -2317.378249 -54.785481
-3433.202294 -2938.511149 -18.180668
-1955.243356 -1686.020588 -36.374517
-3517.243671 -3033.726674 -71.869791
-2917.772231 -2313.605992 -58.421540
-2342.430061 -1914.947628 28.042796
-2973.797334 -2414.738624 46.049923
-2109.804060 -1720.352801 -50.329872
-2910.945454 -2506.829456 -39.188426
-2807.282924 -2270.880425 -54.469411
-3136.827288 -2681.129213 -111.589733
-2776.882323 -2391.135470 -36.751935
-2806.957774 -2272.753016 -50.832562
-3462.006961 -2981.440092 -46.878535
-3598.038324 -2883.110446 -47.463206
-2161.832012 -1752.583296 -36.137727
-2317.431135 -1879.016125 -39.058455
-2982.599752 -2535.706775 12.556419
-3048.471779 -2561.747145 -119.606535
-2452.054493 -1984.095094 -42.024026
-2559.504929 -2071.303311 -45.992757
-2595.294374 -2172.799793 10.235953
-2095.028370 -1788.271323 -76.947651
-2611.155833 -2112.894236 -44.711057
-3214.609700 -2574.602474 -43.604879
-2942.665825 -2483.635262 -134.123883
-2612.764520 -2147.760519 -4.134032
-3026.958927 -2574.628668 13.703885
-2583.610369 -2154.662157 -8.804496
-2340.804132 -2040.041115 -17.273566
-2339.895032 -2039.337874 -17.033302
-3260.571505 -2811.585446 -65.859429
-2978.536432 -2515.736042 -81.424547
-3407.894543 -2761.313759 -34.562687
-3462.752316 -2854.125511 -3.013435
-2977.915618 -2508.835102 -80.801608
-2085.130533 -1760.497317 -56.176378
-2091.888920 -1785.337687 -85.948846
-2248.018620 -1899.192574 1.643265
-3355.169052 -2837.927999 -101.272145
-3219.906384 -2734.728862 -47.661289
-2193.400707 -1862.681922 -32.870889
-3214.809061 -2565.191213 -48.647012
-3408.143196 -2810.060367 -122.234222
-2124.576787 -1782.745570 -74.587144
-3336.839907 -2782.663938 -11.670376
-3345.783698 -2806.521874 -116.907068
-2712.126484 -2289.660429 -73.805450
-3110.742787 -2592.001477 -10.076470
-2250.867575 -1899.637754 -60.922031
-2605.177793 -2152.771831 -16.185742
-2728.218958 -2208.436445 -72.692566
-2100.415305 -1735.348192 -11.889169
-2437.171323 -2012.873619 -13.801200
-2423.468943 -2023.925067 -60.467943
-2958.971387 -2443.707756 -17.824712
-2433.228503 -2009.456515 -11.728744
-2573.934373 -2078.185509 20.613823
-1938.155270 -1636.659203 -52.496206
-2491.002091 -2011.297423 20.153086
-2378.137811 -2008.313257 -63.713704
-3330.659169 -2689.454945 28.887766
-3160.723515 -2750.133311 -22.693696
-2464.453507 -2064.131440 -79.401831
-2250.184337 -1900.313805 -60.111969
-2161.723965 -1725.080135 -32.853856
-3405.295908 -2799.100292 -96.650124
-2262.606973 -1914.251446 -66.928327
-2593.859902 -2275.142180 -51.795159
-3054.076572 -2678.728024 -63.555053
-3271.086373 -2797.923109 2.629769
-2745.726458 -2232.413649 -69.317719
-3272.610037 -2661.141617 -80.912834
-2265.501317 -1917.271830 -68.242654
-2626.494413 -2162.241436 -31.476790
-2567.399283 -2090.880290 9.413834
-2291.482258 -1975.752518 -72.707057
-2791.563632 -2415.548481 -93.576619
-3581.298316 -2952.433586 -6.836174
-3228.463903 -2645.317983 -50.067720
-2345.057673 -1923.906903 -75.962967
-3059.400451 -2646.606130 -101.788141
-3207.106787 -2813.872722 -67.942391
-2903.941375 -2513.514210 -96.580374
-2885.888841 -2373.663602 -27.927936
-3567.533401 -2889.254450 -63.775237
-2933.692630 -2491.932815 18.173730
-3523.621608 -2983.301659 -48.166691
-3122.791189 -2653.577676 -53.966880
-3227.745061 -2660.069492 -5.879855
-3149.159221 -2566.523454 -38.905704
-2756.216535 -2228.147621 13.257037
-2946.007879 -2458.317942 -6.184795
-2326.285973 -1958.988042 -101.423932
-2346.812272 -1995.691951 -8.597819
-2832.033028 -2484.291051 -66.847538
-3187.715576 -2745.798541 -48.398548
-1945.550269 -1702.213033 -23.188675
-3055.129762 -2584.525670 -141.552778
-2888.970808 -2539.067902 -59.492098
-2996.269864 -2632.106104 -60.193345
-3071.386458 -2560.099601 -8.744587
-3139.544989 -2536.300284 22.448482
-2354.093285 -2028.075419 -39.946916
-2168.523096 -1753.654572 -38.541072
-2686.234820 -2300.472472 -81.328510
-3072.765286 -2559.815968 -12.107351
-2811.427748 -2362.213403 24.078353
-3381.042891 -2788.437182 -62.717250
-3275.885718 -2824.633325 -59.429213
-3514.761314 -2972.446368 -160.978047
-3022.194214 -2421.490841 -37.224481
-3612.259707 -2894.146318 -44.389472
-2482.380507 -2020.813324 10.043615
-3029.457471 -2508.865101 -32.620689
-2996.437729 -2630.324271 -63.446768
-3214.567919 -2815.434417 -38.655031
-2354.133120 -1963.552656 -5.195991
-2100.293383 -1787.078110 -12.950275
-2372.386997 -1922.462234 -7.938296
-2319.709618 -1889.117467 -23.357609
-2169.817776 -1825.080984 40.998985
-2516.809384 -2169.220826 -45.090122
-2996.229229 -2579.305087 24.530354
-2385.152665 -1923.369948 12.765938
-3567.956508 -2981.312605 -97.198369
-2577.181770 -2138.726702 18.652412
-2202.511337 -1836.504710 -50.062084
-2151.658812 -1803.805180 -72.549890
-2861.640877 -2358.157676 -2.931470
-2549.315103 -2100.507000 -5.001594
-3233.845885 -2616.242133 -123.520631
-2683.184591 -2150.869519 -74.244301
-2270.955769 -1978.348340 -19.625007
-3157.853053 -2750.757718 -26.889424
-2803.857950 -2296.941012 -43.363738
-2334.373277 -2032.779133 -59.056051
-3023.486135 -2491.089263 -3.030038
-1821.180956 -1455.931949 -22.599343
-2773.574306 -2300.832736 -40.599235
-3229.094455 -2820.016001 4.465704
-3107.964716 -2510.449034 42.290104
-2691.282629 -2309.380775 -12.294207
-2782.074660 -2297.714464 -101.218094
-2700.756485 -2337.127329 -43.603028
-3543.244574 -2842.380685 -87.499188
-3407.691555 -2793.595757 -66.980955
-2228.986360 -1890.598950 11.686315
-2519.451605 -2138.375315 13.676104
-2226.421014 -1889.701367 12.038980
-2443.462523 -2075.862007 12.379301
-2338.029983 -1994.358758 26.448518
-3513.403469 -3031.665125 -75.074118
-3456.455635 -2844.947417 -82.476688
-2339.800638 -2015.051735 -10.335707
-3324.082325 -2830.990719 -15.285312
-2617.000643 -2252.903833 3.475869
-2404.322786 -2069.841542 3.492804
-2145.377154 -1811.741082 5.189507
-3272.044199 -2646.459864 -82.933434
-3532.041675 -2858.815259 -89.447536
-2657.401748 -2243.901241 6.651245
-2841.225060 -2436.315348 -68.420727
-2524.746987 -2194.742456 -60.446905
-2614.100675 -2272.564499 -63.032116
-2722.073214 -2366.527241 -66.103897
-3009.453864 -2417.784721 26.329363
-2528.329788 -2198.149714 -60.859312
-3627.691242 -2899.512195 -50.582681
-2720.922250 -2379.158089 -73.583306
-3188.838327 -2584.415576 -123.985431
-2481.678760 -1983.165220 -10.849611
-2306.819462 -1957.741341 -87.908265
-2100.255480 -1781.958604 -80.080575
-2376.166252 -1989.568910 -7.758440
-2066.799142 -1673.758155 23.825146
-2076.342521 -1758.912631 -7.738884
-2325.960601 -1971.237756 -8.651882
-2919.603136 -2477.730123 -96.517612
-3318.519589 -2689.177917 -128.944673
-3192.515823 -2602.801631 -15.261633
-2707.096390 -2330.447076 3.096290
-3215.661547 -2599.529420 -82.910553
-3269.856940 -2747.190728 23.692230
-3036.576239 -2456.986645 -13.417506
-2269.449387 -1934.432237 -1.465573
-3553.276337 -2873.512963 -16.517434
-2979.123746 -2528.579052 -98.482204
-2668.766253 -2331.255132 -64.711279
-3470.787967 -2995.337648 -83.044742
-2416.276358 -1955.941135 -59.638794
-2332.436860 -2006.555517 20.956952
-3482.119806 -2941.408121 -125.071767
-2761.400622 -2243.617060 -63.989302
-3220.477314 -2750.406584 29.179578
-2898.588149 -2362.525405 -117.197614
-3441.194533 -2864.744141 -164.530534
-2920.949529 -2494.334854 26.287091
-2581.805568 -2104.269543 -104.282058
-2088.489194 -1690.317084 -51.992673
-1970.747817 -1718.977512 -26.491051
-2216.964744 -1880.863677 -6.350243
-2633.868119 -2223.597199 -89.541244
-2878.725958 -2399.440565 -117.118064
-2203.167845 -1924.604348 -53.677606
-3000.619974 -2496.531251 -143.778038
-2373.301590 -1954.817570 -41.074196
-2468.612242 -2084.935843 -89.776038
-2034.084829 -1753.013491 -62.320274
-2978.441065 -2528.425564 -97.342537
-2705.397423 -2287.981856 -60.621175
-2711.758807 -2221.633956 -82.933924
-2712.361157 -2300.396710 -89.379336
-2189.448318 -1891.322033 -51.587179
-3158.220235 -2540.466002 -87.034543
-3192.091595 -2564.558189 25.881733
-2972.985743 -2435.690150 -90.738807
-2658.673522 -2138.839616 -73.007698
-2417.329837 -2051.293182 -79.525077
-2728.870726 -2199.054440 -68.608554
-2705.768436 -2176.998097 -74.751205
-2111.234985 -1822.866908 -49.797189
-2592.315755 -2187.906976 3.371579
-2195.421539 -1799.637975 -39.931815
-2118.256788 -1736.708467 -38.640344
-2658.653284 -2296.217636 -61.605588
-2377.756258 -2000.095233 20.168227
-3036.208135 -2497.291047 -24.681836
-3242.823793 -2627.855567 37.838077
-2839.550822 -2389.015063 24.170673
-3321.505842 -2805.544965 -16.212722
-3050.312973 -2566.726033 47.782124
-2860.624934 -2318.536455 33.870670
-3155.299098 -2538.395060 16.804328
-3379.327413 -2868.256843 -23.698741
-2666.406498 -2201.568279 -29.736975
-2194.006865 -1797.366554 -40.247628
-3138.472740 -2560.714933 -65.996198
-3415.410905 -2786.827327 -71.581940
-2699.171218 -2224.846358 -38.730457
-2031.877349 -1653.604336 10.384151
-3523.654157 -2858.429993 43.687255
-2851.635818 -2371.285842 2.192650
-2701.768328 -2323.952267 -74.747076
-2622.377558 -2257.186517 -73.281283
-2945.447954 -2399.046201 -37.379047
-2261.298236 -1911.617218 -31.847143
-2700.894938 -2323.601678 -74.340403
-2876.457205 -2432.327171 -40.700219
-3412.401523 -2780.017710 -19.095384
-2649.041134 -2179.630891 -97.424966
-3334.157418 -2769.245206 -100.692186
-2173.757841 -1896.572471 -28.770905
-2725.185908 -2283.395801 15.829877
-2832.300214 -2471.694741 -37.208271
-2426.233021 -2000.388390 -26.941075
-2892.809475 -2385.094921 -32.158792
-2207.182272 -1855.137897 18.233564
-3082.145189 -2500.431755 -2.486117
-2245.360884 -1823.487750 -58.102283
-2116.758887 -1705.049999 -73.663793
-3386.228303 -2772.806090 -89.141976
-2585.807332 -2109.462340 -61.386186
-3367.602797 -2763.075045 25.518474
-2046.303976 -1669.259770 -49.593219
-2098.859029 -1728.790315 -68.074673
-2787.902749 -2338.678993 -99.548037
-2137.153991 -1838.902215 -59.907419
-3585.396258 -2903.026778 -148.875296
-3402.410309 -2810.047148 -16.649055
-2107.932690 -1769.957715 -77.183056
-3169.505009 -2653.859965 39.781845
-2124.175945 -1718.541425 -36.993232
-1823.436905 -1559.693743 1.733836
-3600.707098 -2886.468938 -47.192486
-2991.851630 -2600.089748 -2.125991
-2557.962512 -2134.809063 -63.856003
-2082.670012 -1738.046836 -52.463247
-2390.355355 -2026.890616 -57.184869
-2243.532393 -1945.741812 -16.060474
-2714.266279 -2187.636035 -72.167648
-2723.002195 -2234.648200 -50.583470
-2547.321563 -2109.926705 -28.137656
-2405.603693 -1994.781901 -33.223239
-2300.761837 -1984.072248 -48.303773
-3005.085754 -2419.022646 -109.455823
-2661.584097 -2236.191607 20.571194
-2545.278736 -2057.737186 -97.061392
-2893.002379 -2506.301511 22.650734
-2727.246657 -2383.545792 3.215744
-2956.255702 -2453.453098 -41.960936
-2916.697190 -2493.276963 -20.929075
-3323.265472 -2723.935358 -115.308197
-3466.425701 -2856.712818 -67.937336
-3429.739026 -2811.018998 -119.192722
-2605.145315 -2131.732908 33.522077
-2562.989044 -2154.085106 -42.787677
-2584.089451 -2065.089872 -49.237990
-3185.825816 -2608.009176 40.382129
-3000.873007 -2522.349702 -50.414419
-2402.941427 -1966.597202 -66.479285
-2691.648471 -2159.957976 -50.693645
-3148.031598 -2682.018956 6.942136
-2057.147318 -1662.194463 -38.633753
-2450.172206 -1965.478344 -46.718317
-2826.107311 -2301.233599 -120.348155
-3377.392130 -2765.616526 -94.207161
-2916.358165 -2484.747210 4.925297
-2394.988664 -1999.355884 -49.477442
-2156.150890 -1742.693278 -40.574541
-2554.920957 -2132.952248 -53.579650
-2393.707635 -1998.458948 -49.482643
-2594.687820 -2193.256393 23.742356
-2490.173824 -2122.025141 -97.089988
-2523.891663 -2000.844747 -61.736427
-2685.967088 -2323.429376 -96.580036
-3306.787271 -2711.963249 -114.404943
-3368.097362 -2713.673684 -118.512209
-2705.695488 -2180.422346 -95.609525
-2545.085284 -2114.133921 21.428514
-2595.773760 -2098.557468 -55.438647
-2545.489654 -2085.738646 -86.578471
-2204.182651 -1879.308773 -81.465387
-3050.036866 -2576.914473 -91.997669
-2864.072639 -2369.715330 -129.934194
-2881.435645 -2520.227105 -52.722818
-2411.690360 -1975.874676 -33.147476
-3381.206329 -2759.687888 -123.352309
-2455.644687 -2051.684809 -68.132424
-2208.752771 -1836.506094 25.410825
-2688.013660 -2195.414422 -2.389370
-2212.101906 -1839.250546 25.468923
-2868.573192 -2395.649996 34.866166
-2092.691233 -1705.323412 -52.802017
-2744.289988 -2235.600505 -69.180931
-2358.824410 -2001.913454 20.187570
-2552.812540 -2164.493249 20.119171
-2415.913323 -1939.198317 -45.135476
-3324.686035 -2706.862192 -83.488082
-2816.516194 -2313.182964 -77.258880
-3289.755720 -2717.492090 -132.736679
-3518.945752 -2890.178763 -96.703901
-3112.275620 -2534.396826 -12.467026
-2645.639759 -2156.038313 -67.037056
-2943.874570 -2424.694856 -59.744670
-2453.379690 -2068.155615 -66.637830
-2737.905142 -2164.475561 -27.081737
-2550.200264 -2076.827739 -10.476022
-1988.917434 -1631.836039 -73.457319
-2636.863448 -2147.459967 -11.023341
-3074.328075 -2639.587526 -74.268114
-2894.048630 -2341.645167 -11.732931
-2613.589889 -2213.166159 -0.767020
-2595.216083 -2149.277464 17.896128
-2658.649057 -2140.426398 -67.372268
-2927.751411 -2357.524186 -74.074468
-3466.085718 -2778.778348 -88.146186
-3126.112295 -2673.864234 -52.110802
-3116.861728 -2672.296238 -76.358806
-3028.350359 -2529.950053 -76.581762
-3218.087321 -2580.161275 -14.083331
-3572.441715 -2876.490530 -125.488013
-2528.054391 -2207.343795 -67.086258
-2929.323598 -2481.747733 24.191011
-2954.700217 -2421.585686 -65.818314
-2485.404853 -2049.705277 -87.623081
-2755.085607 -2201.711701 -22.449419
-2513.220798 -2154.755739 -89.910820
-3316.639146 -2682.289118 -41.921918
-2878.716892 -2359.234950 -99.013108
-2995.660610 -2434.839312 -76.024868
-2737.614038 -2212.261082 -50.749577
-2389.541486 -2061.405156 -47.192918
-2484.298276 -2131.407673 -88.814963
-2858.833575 -2451.308314 -102.631690
-2587.592039 -2104.875591 -11.197763
-3321.029673 -2775.284778 -95.028699
-3214.933021 -2613.771732 -14.417294
-3533.526003 -2991.186463 -79.851121
-2946.197732 -2488.740650 -115.858533
-2471.599822 -2103.995934 -63.253389
-3267.797370 -2616.301810 1.280146
-2041.544284 -1673.331558 -70.541283
-2982.581610 -2456.186441 15.958212
-2539.563219 -2090.734151 13.319394
-2301.954048 -1985.650541 -73.265927
-2776.598079 -2363.485109 -70.742908
-2490.690431 -1994.644460 -63.714280
-3107.352723 -2489.728818 -80.160628
-2983.096241 -2568.417543 -17.509170
-3275.994408 -2624.677682 -83.807230
-2952.912409 -2534.771710 -23.511994
-2673.978459 -2214.135900 51.775525
-3581.614889 -2964.863312 -98.015194
-2332.414827 -1878.607236 -60.931831
-3635.701159 -2911.275209 -17.625132
-2902.917577 -2492.767736 -79.074839
-2600.619881 -2095.422139 -90.927736
-3236.551311 -2780.111485 -87.620084
-2283.390519 -1890.569555 -61.026897
-3183.505552 -2521.762238 -77.859894
-3329.944526 -2812.439551 -131.863110
-2452.654636 -2145.581768 -66.144697
-3004.247701 -2627.838562 -81.202039
-2711.440338 -2370.547710 -74.737024
-3171.052466 -2772.063397 -89.170945
-2194.957049 -1918.565342 -61.642463
-2721.177538 -2379.398512 -74.265626
-2645.692682 -2167.869275 -91.683297
-2264.334822 -1982.364055 -22.014950
-3304.847593 -2892.469656 -30.891633
-2995.193468 -2621.659148 -27.736699
-2547.403366 -2064.175758 -103.918831
-2348.623178 -1896.418109 12.840924
-3115.934026 -2582.570127 26.581171
-3146.072974 -2488.039013 -64.296746
-2464.185653 -2027.240224 13.991315
-3283.092628 -2794.799225 6.675266
-3382.714221 -2868.755612 -133.677572
-3457.364102 -2772.938656 -66.660859
-2271.767585 -1963.248037 -10.935511
-2473.111967 -1957.535573 -56.825838
-2444.503174 -2116.297574 -28.911629
-3198.579933 -2631.388894 -128.704559
-2474.657004 -1958.673390 -56.967279
-2127.667388 -1683.140022 -43.249142
-2244.805948 -1924.336255 -10.098275
-2803.510760 -2305.550126 -112.413436
-2860.703898 -2331.742244 -37.768347
-2687.782787 -2133.330127 -37.614143
-3467.310704 -2884.263854 -7.647224
-2851.796401 -2406.773886 -85.993346
-2742.654875 -2365.659510 -95.270219
-3054.145550 -2577.357690 -91.706444
-3173.859530 -2535.603137 -29.546033
-3028.926397 -2623.721950 -82.562872
-3423.191926 -2716.836955 -46.391100
-2012.044674 -1755.851919 -25.834853
-3010.288210 -2548.811596 -67.563755
-3294.651232 -2677.174355 -85.883391
-2981.467647 -2482.869221 -2.850957
-2630.562434 -2254.903039 -11.239048
-3464.773580 -2790.389118 5.132676
-3247.487723 -2688.602671 63.455363
-2516.927264 -2119.001104 -32.174904
-3097.022596 -2539.782924 -109.301386
-2579.141918 -2133.968905 -21.887751
-3376.394531 -2730.311562 -61.467381
-3012.659142 -2547.553435 -13.536814
-2961.005383 -2445.684829 -41.578607
-3377.221890 -2679.357686 -68.853965
-3160.363988 -2530.286585 -42.258423
-3478.247075 -2798.397015 22.310749
-2249.569351 -1815.065044 8.685557
-3163.114155 -2532.468975 -42.244091
-3428.684115 -2765.724813 11.727436
-3188.212375 -2778.175452 -22.844742
-3284.617847 -2744.170971 -90.596867
-3262.717921 -2757.374906 -131.953351
-2866.922028 -2371.978991 -131.796330
-2400.694445 -1985.774775 -109.851896
-2326.216284 -2026.812826 -16.840008
-2651.330833 -2192.423704 -121.750088
-2400.624744 -1985.077525 -109.105821
-2625.969207 -2101.814221 1.887348
-3290.127194 -2633.040782 3.388743
-3386.843052 -2850.756488 -42.972400
-2246.264981 -1779.739997 -55.661274
-2691.788786 -2218.486622 -0.629274
-2905.831788 -2382.700520 -49.644394
-1820.861213 -1499.492614 1.226167
-2999.401744 -2486.033901 -39.769676
-2521.489055 -2018.270889 -33.303812
-3065.533004 -2428.339828 -75.800951
-2380.507154 -1940.813156 -28.794210
-2570.258238 -2250.407434 -31.513542
-2814.690322 -2464.466754 -33.835992
-2177.551532 -1721.460312 -44.615849
-2486.840350 -2133.664914 -12.309132
-3161.151083 -2731.731190 -12.651449
-3210.708529 -2747.679773 -115.462465
-2339.489602 -2005.824573 -10.924908
-2641.688576 -2090.285331 -55.204255
-2538.458034 -2092.168013 -3.554737
-2441.243373 -2119.572129 -17.015710
-2489.517663 -2120.716981 -23.426549
-2897.818060 -2508.056456 -72.945204
-3013.654207 -2491.055863 -37.097712
-3577.387076 -2894.243813 -91.833130
-2856.925345 -2323.452793 -26.925307
-2127.691161 -1783.065354 2.337780
-2851.459293 -2408.652181 -87.931038
-3127.233329 -2629.277098 23.571474
-3169.555620 -2552.666667 -110.848037
-3150.221078 -2692.140347 -7.764011
-2310.940344 -1984.513852 -91.021585
-2080.262956 -1777.411336 18.179381
-3371.798240 -2891.589976 -81.852997
-2092.186810 -1704.683225 -27.785034
-2800.909404 -2268.768253 -114.389047
-3484.915244 -2762.555978 -37.598143
-2749.197698 -2358.081562 -11.563698
-2544.544235 -2048.149729 17.190194
-2228.646237 -1793.681926 14.504419
-3392.064082 -2852.870135 -2.156457
-3259.837306 -2740.492006 -2.588408
-3224.501929 -2575.138923 -76.917222
-2366.590840 -2029.776152 -10.719842
-2957.049451 -2408.063290 -37.921503
-2625.304690 -2138.467527 -33.681145
-2560.561969 -2056.468979 -90.760787
-3233.235395 -2675.098802 24.141444
-3455.781226 -2853.376374 -91.031724
-2702.240574 -2294.821942 -71.051476
-3304.431086 -2625.038300 -7.638100
-2376.265325 -1912.354039 -78.573106
-1907.293722 -1549.009495 -49.362151
-2540.459083 -2077.943753 33.851985
-2196.732729 -1780.210636 18.621890
-2552.404555 -2068.949767 21.666780
-2552.914734 -2069.452588 21.727368
-2732.438822 -2281.865870 -69.925317
-3196.097883 -2532.541885 -33.581195
-2985.434728 -2572.715033 6.417700
-3185.730196 -2641.320367 -42.480544
-3046.765945 -2451.645192 15.663893
-2835.582147 -2481.780572 -19.639998
-2902.429337 -2502.002035 -26.499601
-2940.860213 -2534.098227 -27.190161
-3454.358215 -3000.529567 19.697443
-2591.413927 -2180.038280 -35.907867
-1829.148138 -1485.156466 -7.904392
-2298.772763 -2005.585375 -22.782579
-3561.299287 -2918.593536 7.812476
-3427.455322 -2912.059006 18.396027
-2512.950013 -2153.773270 -90.550256
-2079.497518 -1725.581234 39.804074
-2836.907265 -2387.175852 -38.160634
-3372.064072 -2774.788241 -132.413191
-3426.655382 -2843.444251 63.961920
-3059.113931 -2659.653411 -59.335264
-2659.865195 -2212.129601 52.662676
-2550.311281 -2166.868464 13.712734
-2598.784942 -2209.022299 13.984299
-3424.295961 -2749.790093 -46.492580
-3362.090536 -2788.834017 64.856807
-3624.044194 -2877.195516 -93.383053
-2370.018351 -1970.259539 46.138295
-3311.903057 -2837.812979 -119.637306
-2393.584991 -1988.882182 -78.154546
-2182.414689 -1814.063139 43.397887
-2216.414710 -1839.595738 41.661934
-2125.450592 -1805.015113 -75.062104
-2911.609713 -2475.631542 15.655840
-2668.109194 -2272.267900 7.817302
-2898.093128 -2500.460628 -54.021976
-2581.505923 -2232.315163 -41.451363
-3128.620238 -2642.880131 42.775564
-2917.545763 -2480.441391 15.263107
-3050.894567 -2631.558346 -57.116337
-2663.765750 -2138.931430 -36.222414
-3530.964078 -2931.559026 67.774326
-2596.012961 -2124.276361 5.849722
-3056.648351 -2592.739787 38.294791
-3448.430768 -2982.446493 -82.123908
-3461.502999 -2879.527844 67.627262
-2287.980202 -1919.411246 1.548176
-2545.774098 -2094.262256 -1.592634
-2691.028340 -2213.789527 -4.220133
-3530.247034 -2950.879805 52.885764
-2399.442945 -1973.900606 -1.902756
-2367.924658 -1953.639841 -9.842426
-3030.564059 -2590.627615 -129.270030
-3184.447243 -2693.161710 -132.247282
-2287.201437 -1878.905264 -41.448148
-2312.485187 -1976.165759 -98.483451
-3322.120034 -2870.372523 -70.577732
-2594.387851 -2231.520673 -61.750546
-2528.086395 -2114.155133 -94.457312
-2538.686896 -2140.928679 -66.327709
-2652.175499 -2157.320564 -14.986841
-2668.121770 -2199.535927 -10.098943
-2668.776969 -2200.520072 -10.517350
-3137.435431 -2520.750556 -88.209785
-3346.184799 -2841.047406 -119.971052
-3517.743737 -2973.473113 -8.322364
-2515.440268 -2156.049529 -90.346180
-3078.520538 -2465.484848 -80.445249
-2243.764369 -1780.334351 -57.249384
-3127.413117 -2599.572018 3.423406
-2554.009594 -2100.657686 -35.798128
-2784.998435 -2210.631731 -71.807562
-2880.749072 -2286.767100 -73.297562
-3183.866938 -2716.135742 -114.592726
-2383.014492 -2036.086673 1.922639
-2545.520920 -2203.256128 7.475037
-2486.453940 -2131.382363 -90.245766
-2901.660672 -2378.494571 -89.174082
-2228.995838 -1833.595756 -1.689237
-2155.418418 -1741.863667 -68.228505
-2999.601634 -2461.156472 -83.404156
-2345.762551 -1957.908692 32.007839
-2552.086817 -2103.852765 -27.106700
-2317.054565 -1926.675613 14.437137
-2463.060050 -2131.694840 8.532935
-3393.490222 -2766.068794 -144.797359
-2700.666087 -2262.639688 -111.454935
-2443.629588 -2132.864389 -24.344142
-2968.958840 -2428.909143 12.263918
-2660.455691 -2157.315118 -74.621971
-2541.391543 -2060.048801 -72.330025
-2700.931614 -2187.891505 -76.344863
-2891.592253 -2377.864138 -2.494017
-2479.391319 -2124.628869 -56.255649
-2260.290521 -1856.532309 -46.826009
-2859.748647 -2352.248123 -3.039205
-2337.035078 -1922.446931 -3.389719
-2371.343800 -1950.471095 -3.353453
-2548.754804 -2118.084529 11.203123
-2207.646072 -1843.004800 37.776722
-3582.110225 -2881.786224 -48.704655
-2284.186155 -1927.598090 -59.564914
-2998.357390 -2597.427345 -101.043063
-2139.049764 -1852.657908 -71.550109
-3058.053215 -2648.286528 -101.773135
-3553.366454 -2933.659507 -14.831325
-3063.614233 -2636.780544 -93.032327
-2131.170872 -1827.251773 -79.926507
-2793.018520 -2327.518551 -5.552996
-3105.059694 -2664.597554 -113.084334
-2602.133004 -2212.112580 15.623457
-2603.173290 -2179.781713 -45.561061
-2669.872985 -2230.848243 -65.178648
-2405.597013 -2099.312288 -23.247926
-3070.059327 -2592.504342 -138.745985
-2251.695407 -1854.012761 3.028946
-2579.862233 -2119.456582 -85.317938
-3508.765429 -2907.008628 -63.152349
-2622.657577 -2240.695982 -0.357108
-2717.815403 -2384.368858 -59.089887
-2779.908946 -2240.968996 2.923034
-2780.321621 -2241.347901 2.596155
-2587.604644 -2088.017115 -22.893587
-2419.285488 -1958.193287 -8.736265
-3388.856940 -2862.467614 -152.069408
-2673.628948 -2189.528472 -91.579756
-2206.869325 -1822.786474 -50.314227
-3329.508146 -2695.401854 -11.773620
-2783.676355 -2290.540868 -85.220710
-2430.650892 -2066.211145 -38.552207
-2794.049260 -2331.500378 46.577645
-2293.189830 -1879.855000 4.881608
-2631.609999 -2138.430826 -47.165094
-2094.311775 -1701.071293 27.332851
-2477.579113 -2013.391025 -44.435671
-2059.751730 -1739.098487 -28.003743
-2511.105966 -2039.996453 32.688960
-2751.172534 -2338.540145 -37.556320
-2541.867289 -2132.461923 3.488996
-2817.774095 -2276.652510 -79.334902
-3258.459728 -2745.661005 -0.999598
-2616.343514 -2183.897152 -76.337333
-2398.056502 -1936.460408 -46.350479
-2552.340296 -2129.453263 -74.786644
-3334.276992 -2695.447840 -43.186290
-2500.942554 -2167.234861 -55.116011
-2432.629478 -1959.974214 -36.136983
-2438.613198 -1963.158321 -33.510927
-2556.486883 -2057.028846 -35.159759
-2205.530574 -1822.061224 -50.229031
-2068.869135 -1655.373456 4.242203
-2888.887155 -2376.364892 15.342681
-3432.468819 -2997.363711 5.930729
-3295.426759 -2840.152081 48.027192
-2460.448979 -2121.018993 37.048464
-2920.907268 -2513.232043 43.179600
-2555.291776 -2198.422956 38.985421
-3381.330736 -2858.905348 52.767152
-3285.099965 -2777.448205 51.141118
-3053.356520 -2581.689212 47.941167
-3235.742843 -2812.275999 27.128487
-2819.905118 -2384.998635 44.691724
-2683.680874 -2341.105715 -25.031125
-3265.861025 -2748.542045 61.005615
-2344.977595 -1871.015197 -0.664548
-2549.708385 -2195.984419 40.004520
-2923.090351 -2514.632969 43.271916
-1929.004800 -1681.953799 -17.932295
-3152.683521 -2664.240761 46.957845
-2102.270815 -1776.040459 32.194789
-2507.424236 -2077.726263 46.247506
-2809.119112 -2331.985940 51.902814
-3051.589602 -2578.154021 46.066212
-2711.296931 -2216.312242 11.426016
-2569.846610 -2090.993494 -79.282245
-2354.811476 -1926.040770 9.619502
-2464.827992 -2133.730731 16.167490
-3552.521016 -2871.346581 -60.694832
-3046.473760 -2611.788919 -91.737998
-3184.228181 -2614.618791 -65.548955
-2227.095261 -1900.588307 -80.719053
-2279.387167 -1959.052629 -68.441856
-2442.687024 -2062.717659 -112.614608
-3185.478722 -2729.753156 -96.341410
-3343.629416 -2702.201757 -117.991511
-2982.089243 -2389.537230 -40.854962
-2291.415336 -1883.687055 -2.545036
-2408.618073 -2105.840619 -32.385561
-2523.048648 -2021.281422 -34.975894
-2467.788832 -2142.266546 -86.165774
-2346.435062 -2036.369262 -82.244298
-2977.726360 -2408.140240 -87.669393
-2998.838766 -2601.880961 -102.678006
-2439.259937 -2115.366290 -84.976758
-2411.723802 -2110.968174 -31.686909
-3114.257341 -2533.034378 -17.806635
-2517.229554 -2184.282604 -88.329986
-2082.867024 -1691.847890 -10.563681
-3119.240319 -2538.976480 -96.861437
-2750.169395 -2269.038046 -9.295740
-2539.312042 -2203.794890 -87.960855
-2808.657372 -2286.616631 -87.183172
-2317.664271 -2016.508861 -65.016855
-2594.031114 -2231.609277 -60.646768
-3263.108299 -2855.737692 -44.478518
-2488.445879 -2139.641534 -75.440066
-2845.358692 -2405.289044 -34.261340
-2344.082984 -1981.190919 -28.126643
-2585.274939 -2240.081510 -89.088949
-3005.895230 -2610.807794 -104.856415
-3055.214758 -2645.801896 -103.466187
-3431.371640 -2915.551506 20.031021
-2900.803431 -2515.147852 -100.850399
-2915.238278 -2544.797439 5.061459
-3441.629491 -2895.408870 60.852426
-2242.089316 -1886.561043 39.652461
-2473.167553 -2131.033537 33.351032
-3011.344521 -2545.076347 42.298247
-2410.464986 -2109.825802 -31.913014
-2289.270491 -1991.177356 -77.586723
-2136.391625 -1859.239151 -72.526947
-3109.077599 -2514.129017 -54.444687
-3490.618899 -3034.186491 -118.439090
-2227.558965 -1937.443657 -73.903995
-3344.530227 -2702.969821 -118.056450
-2583.339122 -2269.188330 -34.885177
-2177.716832 -1763.217140 -7.421975
-2483.930308 -2155.908047 -87.367499
-2754.786772 -2419.430321 -36.722263
-3114.010618 -2633.261772 41.506392
-3004.754465 -2509.718258 63.654060
-3494.768517 -3008.391170 54.793949
-2610.027389 -2086.333941 1.864545
-1824.904118 -1458.735032 1.370093
-2903.776133 -2385.066763 -84.845655
-2530.743638 -2111.590744 -6.498944
-3226.161596 -2584.885361 -46.395601
-2505.080610 -2177.821380 -49.573453
-2406.334870 -2108.593369 -32.603214
-2527.142843 -2094.454585 -37.897121
-3123.809957 -2573.441226 -5.003166
-2570.794147 -2058.537613 -36.701721
-1816.001301 -1492.305203 -3.385060
-2973.435984 -2447.958685 -5.979551
-3540.395038 -2915.686305 -6.463864
-2186.672886 -1914.426207 -13.733503
-2416.513202 -1935.334469 -34.171987
-3271.694083 -2756.063785 53.397966
-3145.954720 -2667.006953 -126.355050
-2565.943000 -2041.210322 -10.360103
-3482.636920 -2860.016729 20.901897
-3035.259720 -2487.877638 -58.881439
-2372.080063 -2021.445149 7.696363
-2270.436223 -1935.308694 7.401073
-3530.362419 -2815.061059 -81.896359
-3367.193001 -2745.616271 10.765460
-2519.186003 -2157.384919 -93.060475
-3422.158135 -2923.241063 -7.708962
-2992.503769 -2556.985948 -6.333473
-3503.447616 -2947.682448 25.625305
-2550.446504 -2099.455717 -32.533537
-3332.779226 -2788.764242 -11.423178
-3342.037287 -2738.258626 -65.917587
-2712.695509 -2318.219822 -5.860307
-2363.401888 -1903.239921 16.840307
-2676.352995 -2286.549749 0.922837
-2597.660026 -2134.496610 -103.144905
-2618.239921 -2219.239576 -9.460551
-2382.349879 -2079.349699 -24.392887
-3130.548436 -2593.589950 -33.948468
-2978.810499 -2452.588588 -87.879809
-2757.935930 -2270.730055 -81.600409
-3489.746898 -3024.544064 -76.263169
-3185.800147 -2610.511704 -61.810745
-2602.531685 -2101.533082 27.981538
-2736.493480 -2376.970348 24.745059
-3238.679752 -2798.824367 39.329291
-2708.701249 -2283.389245 47.357497
-2099.683119 -1773.777037 32.202066
-3052.912848 -2650.860196 25.933464
-2220.048791 -1927.728140 18.464929
-2220.077947 -1926.054227 17.749194
-2240.342450 -1845.489183 -72.708669
-2833.810677 -2326.733596 -51.830066
-2388.060671 -2091.952468 -16.211847
-2709.282659 -2242.354247 -40.896648
-2617.965039 -2237.069516 1.701654
-2401.973375 -1989.477451 -26.028955
-3073.960357 -2477.399916 15.830877
-2707.743270 -2240.321515 -40.713542
-2553.064836 -2215.407793 21.784767
-2907.023320 -2555.112995 -40.581002
-2507.185373 -2126.171793 -40.339480
-3247.541857 -2753.962523 -51.946216
-2665.354936 -2238.893409 -4.374708
-2456.458974 -2124.581823 7.530694
-3205.174996 -2631.371298 -1.357514
-3451.970812 -2837.068398 -1.608877
-2109.592713 -1759.550009 -39.518759
-3276.031379 -2732.453445 -62.162082
-3454.329952 -2838.939865 -1.564770
-3447.985893 -2790.258328 -42.800978
-3231.888389 -2682.740421 27.333113
-3456.334261 -2859.009959 -95.655402
-2934.384761 -2512.155539 18.493327
-3062.803006 -2647.741771 -10.645027
-2487.531928 -2095.758531 -64.526209
-2347.919412 -1984.423698 -94.070288
-3546.319258 -2933.179616 -98.223188
-2992.393456 -2502.173427 13.950043
-2732.060724 -2258.090381 -110.244829
-2254.683122 -1831.783837 -11.098662
-2616.580284 -2264.593640 7.846366
-2766.801929 -2248.768558 -11.790844
-3005.969623 -2542.953035 -38.480853
-2573.572192 -2176.485838 -103.108496
-3579.638514 -2926.838102 -150.921092
-2808.427290 -2374.014880 -110.022929
-3050.811510 -2660.649718 -19.748255
-2289.277997 -1965.550269 -8.788405
-2419.396706 -1999.443084 -52.987036
-2380.417856 -1941.512691 -29.101909
-2638.938767 -2184.374523 -34.935442
-2368.261338 -1885.208397 2.837333
-2474.324787 -2032.696594 15.605441
-2374.131903 -1950.926370 15.650527
-2802.049494 -2337.845834 -81.344109
-2288.335273 -1817.976172 -30.728031
-2471.937203 -1962.987654 -35.086163
-3218.067058 -2805.880558 -84.251604
-3206.512441 -2743.512211 20.730517
-3044.559103 -2486.278725 -39.754640
-3503.709163 -2976.899866 -36.623585
-3148.807403 -2626.851360 -66.441544
-2591.896571 -2154.758153 5.236537
-2385.062289 -2040.320280 -29.069695
-3412.407318 -2785.324658 -42.814879
-3375.001825 -2853.385822 50.651503
-3007.604480 -2537.936494 46.641559
-2201.328893 -1857.639809 34.201306
-2450.567267 -2120.857694 15.973744
-2991.316698 -2526.366602 -37.807682
-3046.576154 -2563.985093 55.976371
-2378.501036 -2001.702535 43.438329
-2195.531337 -1847.140353 40.311768
-2540.032974 -2142.593406 40.018692
-3497.823762 -3024.162095 -13.244467
-2517.542500 -2183.419022 -85.021794
-2994.383982 -2560.220914 3.784624
-3257.167239 -2850.166945 -42.638504
-2242.851824 -1945.540091 -15.153958
-2612.745292 -2234.465387 3.008978
-2398.704426 -2074.892112 -9.022100
-2356.969403 -1949.184815 -31.571403
-2944.868562 -2582.455594 -36.952402
-2858.529672 -2433.591466 -26.164114
-3304.001806 -2813.291606 -30.448009
-2624.619956 -2217.316501 -104.805400
-2389.942950 -2083.579594 -15.396063
-2633.741705 -2303.360886 -14.842920
-2553.177466 -2115.673713 -34.800698
-3024.545380 -2502.613935 -38.206871
-2388.625511 -1979.116785 -32.680943
-2201.575972 -1929.656432 -27.776602
-2405.762962 -2079.176953 -0.253135
-3055.608434 -2494.009584 -38.392658
-2173.273184 -1834.916880 -26.620397
-2383.179789 -2007.289909 42.471685
-2934.870659 -2472.265280 53.855811
-3348.874470 -2820.658341 60.183208
-3305.947635 -2903.239009 -22.740123
-3389.467636 -2810.370955 -78.954589
-2525.505273 -2153.825713 0.149796
-3143.597302 -2680.943012 -0.525276
-3256.108269 -2676.836299 -129.631679
-3354.335997 -2757.650907 -133.037832
-2597.775832 -2172.148691 12.082879
-2116.052143 -1773.022877 -88.109638
-2434.414949 -1970.828214 -29.825394
-2954.664700 -2449.599594 -68.133045
-2949.359484 -2507.803719 -29.105464
-2953.725637 -2448.937713 -68.085525
-2210.557674 -1868.528757 -30.196410
-2332.352415 -2001.005288 -9.588957
-2889.368326 -2387.958619 -61.580455
-2417.334532 -2045.765056 -96.467116
-3145.510985 -2594.978895 8.621339
-2582.772999 -2236.217165 -31.410156
-2840.931164 -2456.809815 -77.284018
-2255.865540 -1917.399750 -23.279042
-3329.555156 -2828.470531 -36.358249
-3515.100619 -3042.000880 -43.603869
-2499.978229 -2185.112637 -31.915143
-2292.154019 -1894.026535 -16.935867
-3353.978135 -2936.266824 -22.282700
-3352.938922 -2934.784271 -22.587746
-3261.123808 -2851.997239 -33.814563
-2751.613079 -2227.401432 -44.963423
-2820.349084 -2401.210782 -39.166158
-3236.772610 -2614.590069 -5.314061
-2062.416564 -1759.124254 6.466258
-2337.305081 -1887.558495 21.403138
-2351.969801 -1906.121998 23.943405
-3505.238299 -2839.730548 36.241803
-2107.724944 -1702.258435 19.636086
-2541.383784 -2231.337461 -48.385234
-3000.274792 -2427.991662 24.371067
-2927.608949 -2374.738578 0.499724
-3163.825161 -2560.420454 25.375048
-3145.952566 -2678.395407 -39.576367
-2607.954120 -2110.180247 22.242216
-2607.907413 -2108.935973 21.492836
-2869.008344 -2355.560744 -78.209228
-2420.495473 -1993.799577 19.209703
-2841.452807 -2340.092868 22.834196
-2395.432010 -2005.705294 -87.186215
-2691.208482 -2222.894489 9.861106
-3276.119311 -2706.975784 12.675195
-3401.775059 -2806.174414 2.349650
-2243.037889 -1812.362869 20.061470
-2527.076384 -2184.649187 -58.848025
-2646.439384 -2154.729897 -59.604375
-2329.169972 -2029.562008 -47.408791
-3282.601346 -2725.519381 35.627298
-3235.288199 -2821.031251 -67.367947
-3531.842034 -2931.852424 37.446125
-2756.421891 -2221.742938 -98.924339
-2753.502915 -2219.483829 -98.810279
-2789.886716 -2249.097136 -99.820326
-2786.771358 -2246.723007 -100.974490
-2660.990633 -2321.116820 -55.059268
-2854.064311 -2479.845903 -9.984584
-2969.624103 -2565.432312 -23.847059
-2678.685847 -2182.885303 -60.034092
-2956.783787 -2552.983484 -23.922776
-3382.549443 -2817.786282 -136.235151
-2346.054465 -2016.767088 -65.310905
-2193.213847 -1806.980996 -60.630634
-2175.374467 -1857.898241 -30.279968
-2382.060798 -1901.380479 -69.868204
-2458.617205 -2093.883855 -28.851421
-3018.177575 -2440.809829 -117.755148
-1980.171295 -1630.491205 -35.068976
-2321.938059 -1884.226194 1.237718
-2211.104080 -1854.852504 16.960918
-3468.655273 -2854.840372 -61.704257
-2835.491190 -2343.289903 10.670324
-2731.264847 -2325.358791 -33.101861
-3266.444642 -2811.289722 -28.193475
-2778.938213 -2289.944676 -101.838377
-2851.792497 -2484.972929 -57.754375
-3088.047471 -2691.264745 -62.504018
-2264.738543 -1915.494599 -60.242206
-2128.170357 -1708.527875 -22.286570
-2553.802078 -2050.965369 -26.107671
-3162.908773 -2692.968844 -1.325018
-2706.881862 -2151.266137 -70.836040
-2180.222512 -1838.399617 -97.165676
-2300.767009 -1866.378082 -21.939014
-2867.490146 -2327.426313 -3.317947
-3292.800780 -2805.958676 -1.417012
-3460.743782 -2807.374715 -33.076485
-2490.083613 -2135.391351 -61.871569
-2221.531654 -1846.928142 8.900722
-3139.091730 -2669.521427 -97.211474
-2861.335610 -2489.207451 -82.329142
-2588.476922 -2065.883052 -76.056496
-2274.220111 -1982.310476 -23.950893
-2935.186385 -2443.132699 19.736663
-3112.755441 -2697.418163 -94.782058
-2501.457226 -2144.900722 -83.330152
-2456.537667 -2136.525277 -69.261077
-3283.848687 -2852.639727 -9.717486
-2866.177632 -2321.654300 -48.267991
-2119.808874 -1814.757371 -60.493831
-3046.912685 -2564.107659 -61.527740
-2427.981321 -1986.317368 20.274149
-2368.758627 -1915.561789 -92.145589
-3218.131364 -2568.403496 -93.647553
-2390.873140 -1921.309504 -24.488178
-2315.197645 -2007.966070 -59.236447
-3345.686791 -2809.666818 37.839444
-2844.762900 -2305.875414 28.539745
-2458.795357 -2080.063890 -107.609446
-2509.485993 -2178.180477 -10.420734
-2163.817872 -1878.800371 -8.171815
-2024.978619 -1775.132117 -50.341143
-2400.889449 -2072.659475 -47.579632
-2964.295693 -2403.589126 -6.913523
-2181.667606 -1774.042707 -77.656203
-1965.650258 -1718.422079 -55.549505
-2287.990703 -1989.638363 -72.534674
-3155.169409 -2559.471164 -44.621918
-2395.941452 -1972.054206 -63.082193
-3269.995124 -2863.062157 -89.162373
-2922.504994 -2470.929246 -10.323647
-2624.515155 -2218.455002 -8.734669
-2579.393222 -2085.437579 -100.723877
-2698.165808 -2317.512532 -74.948332
-2384.566314 -1981.494073 -28.175299
-3398.778996 -2897.338325 -137.487422
-2132.713522 -1855.949594 -68.599945
-2150.610114 -1764.557722 -38.533516
-2343.748380 -1922.593436 -41.155711
-3339.884556 -2897.983471 -84.149440
-2623.459163 -2275.146167 -66.435043
-2211.187074 -1896.877899 -55.978685
-3064.466234 -2685.739723 -75.434113
-2210.729715 -1894.999929 -18.429148
-2172.365153 -1821.516217 17.314566
-2479.356951 -2150.774607 -92.244301
-2459.102176 -2078.832813 -107.774092
-3340.845570 -2825.002708 -146.395828
-2566.343948 -2131.581012 -27.292797
-2796.965760 -2254.975289 -70.805376
-2413.799946 -2102.745035 -67.551414
-2326.218081 -2023.497948 -68.328146
-2252.137527 -1966.330908 -4.572628
-3120.886613 -2713.808836 -91.791740
-2438.421570 -2133.613671 -24.563242
-2462.851141 -2081.949167 -107.945081
-2158.085490 -1876.913508 -63.452821
-2682.110025 -2348.140800 -23.658399
-2530.473371 -2053.717645 -92.984164
-2948.896399 -2400.541314 -27.685331
-3128.928359 -2547.342459 -30.603698
-2928.322411 -2375.693610 -0.215994
-2710.604010 -2239.645216 -112.580933
-2690.017245 -2302.443181 -66.315002
-2437.280840 -2066.021514 2.552917
-1943.421835 -1665.847018 -50.013283
-3088.346162 -2518.902092 23.167965
-2706.920274 -2167.958643 -16.927544
-2787.172137 -2379.459448 -64.630563
-2495.358357 -2120.417800 -15.936465
-2734.105380 -2252.386043 21.754854
-2225.604118 -1839.521120 32.272703
-3014.988751 -2492.151395 44.005758
-3352.668843 -2874.190058 -86.383894
-2623.109659 -2152.931471 -83.702655
-2350.371648 -1916.101051 17.618783
-2260.643594 -1903.684184 -46.666384
-3042.503238 -2568.599967 -125.522715
-3289.430179 -2776.939712 -135.648878
-3159.852070 -2601.543743 -116.000823
-2210.646506 -1826.440083 31.748314
-2275.068873 -1939.416739 -91.783408
-2633.237635 -2286.008714 -82.963700
-2517.385604 -2184.091959 -78.701473
-2262.463340 -1889.701371 1.106367
-3045.776821 -2538.157215 -17.587519
-3308.182742 -2797.899435 -138.866146
-3182.897470 -2595.533956 24.747274
-2119.254258 -1764.577206 -42.793758
-2336.003041 -2033.076893 -18.241069
-3055.533983 -2606.852157 -125.661535
-2882.067744 -2288.861887 -75.778695
-2813.111449 -2289.143703 6.748251
-2613.021458 -2110.118466 19.951092
-3226.551290 -2690.945485 -76.243807
-3048.294251 -2561.778084 -119.431027
-3242.416449 -2682.457758 -28.505367
-2646.235643 -2188.053965 -22.801446
-3631.640931 -2881.350657 -95.959825
-2783.969839 -2210.390509 -73.472982
-3358.561106 -2662.639580 -69.854776
-2701.496932 -2253.481178 -64.189693
-2530.044373 -2202.333178 -71.845706
-3402.995347 -2929.133533 -30.148547
-2465.243571 -2149.702399 -66.250292
-2629.519626 -2292.548651 -69.846603
-2527.626160 -2199.158510 -72.246860
-3215.275797 -2795.998467 -16.471289
-2008.560087 -1650.680688 9.735297
-2714.602817 -2364.394120 -21.459715
-2951.118363 -2566.647732 -44.023791
-2448.984907 -2121.804108 -32.552869
-2696.251608 -2335.787270 -36.608621
-2925.491042 -2533.868909 -39.274276
-3436.423399 -2989.095842 -110.880299
-3422.170989 -2933.890662 -100.112115
-2338.514338 -1895.934455 23.711359
-3138.842464 -2536.261743 23.385185
-2771.636807 -2436.769086 -47.763883
-3327.265584 -2817.750098 -150.326833
-2294.622371 -1983.151705 12.667212
-2983.611164 -2417.048055 -44.966314
-2835.301356 -2485.365630 -72.806687
-2485.676802 -2178.980426 -59.353920
-2338.273371 -1907.094478 -52.263787
-2718.194537 -2389.861991 -58.244637
-3360.319833 -2804.846475 -24.989441
-2590.216408 -2157.593882 -21.959200
-3335.610026 -2823.739685 -150.141391
-2379.657195 -2003.974526 37.833854
-2219.940342 -1933.257106 -62.760589
-3162.753675 -2554.362890 22.823866
-2836.791887 -2484.765362 -79.758663
-2433.402588 -2095.268393 -21.295821
-2779.944197 -2310.332025 -34.113997
-2121.376718 -1845.884092 -10.847496
-3337.933486 -2826.051016 -152.832178
-1925.608950 -1629.883885 -88.312709
-2062.739386 -1781.854033 -11.271152
-2971.721630 -2433.896894 -123.136648
-3328.196778 -2755.455971 -70.486230
-2316.098503 -1916.846486 -21.998438
-2317.810353 -1918.218572 -21.911687
-2341.968695 -2010.379513 -32.223999
-2403.294608 -1988.832939 -22.609470
-3158.076939 -2555.777898 -120.456713
-2600.663011 -2282.797861 -44.375254
-2262.004556 -1989.381641 -48.526989
-2394.907244 -2105.980728 -50.944006
-2984.798587 -2581.794204 22.792500
-3134.549959 -2592.342505 -30.073235
-2192.084102 -1922.867261 -54.864090
-2515.755709 -2188.587959 -82.673533
-2601.127186 -2280.421751 -71.909361
-2956.661522 -2464.159572 -24.373080
-2459.221918 -2133.693927 -93.425514
-3294.632350 -2768.620182 39.106454
-3258.491749 -2839.241949 -35.169992
-1888.743716 -1650.566917 -20.168197
-2343.533945 -2047.560410 -25.321266
-2233.308035 -1805.420125 18.024819
-2610.651257 -2110.446132 21.166817
-2954.826014 -2403.238107 -29.278981
-2632.554714 -2204.013585 -9.754883
-2308.994703 -1890.325157 16.174661
-3155.067666 -2507.388141 -53.953933
-3247.795097 -2691.564767 -85.185855
-2142.370875 -1783.307819 13.897009
-2709.758783 -2255.988105 17.940954
-2127.878180 -1737.493234 11.243646
-3389.356524 -2947.123268 -12.845699
-2955.692827 -2570.350697 -11.002923
-3311.750570 -2879.220192 -95.464003
-2435.067559 -2117.612150 -9.336331
-2442.516407 -2124.286325 -9.410648
-3250.526127 -2677.002804 -57.353763
-3252.251633 -2678.391726 -57.570605
-3297.509580 -2658.138654 -64.724933
-3091.214546 -2545.736371 -54.571824
-2558.099647 -2091.809133 19.404359
-2955.496844 -2566.731212 -39.630020
-2423.509806 -1981.817240 19.650322
-2417.864695 -1991.184984 -42.758804
-2277.705883 -1979.394326 -24.464909
-2554.867720 -2089.794702 19.151204
-3234.840491 -2694.862890 -155.517513
-2319.883698 -2017.052222 -25.504776
-2274.454407 -1951.227183 -30.450809
-2542.695282 -2039.612266 -26.382228
-2422.920370 -2029.283280 -9.060906
-2319.796349 -1862.144049 -25.230360
-2191.716679 -1871.070323 -88.869476
-2440.430863 -1934.766948 -27.468748
-2618.139007 -2187.604336 -124.975946
-3074.621372 -2466.619288 -31.661598
-2744.815278 -2176.733470 -30.020839
-2330.767547 -1870.945296 -25.841213
-3036.164978 -2620.988712 -72.384630
-2438.910725 -1958.380199 -26.549828
-3354.738935 -2843.920806 -76.237187
-2888.253223 -2508.586741 -109.215270
-3241.794058 -2763.384506 0.953363
-2580.648346 -2240.768320 -97.825859
-2502.603425 -2114.082968 6.629991
-2602.813184 -2243.517085 -108.864677
-2400.704414 -2073.899096 -96.861598
-2405.229251 -2078.094312 -96.727475
-2465.839838 -2130.735242 -100.479430
-2250.019062 -1847.030904 -60.593213
-2900.722508 -2506.695395 -116.165085
-2220.471388 -1915.640375 -90.586806
-3344.819558 -2750.493330 -87.629707
-3233.627572 -2751.178292 -13.808900
-2496.753436 -2188.402890 -27.110714
-2337.458667 -2027.093351 -90.559644
-2677.865599 -2321.115146 -103.213175
-2258.620460 -1888.836649 -15.411360
-3047.415704 -2637.143593 -121.830047
-2865.862563 -2477.509162 -117.080011
-1968.425773 -1705.910782 -75.995883
-2225.111847 -1923.273712 -88.491220
-2604.862202 -2254.139723 -105.131002
-2438.044644 -2137.535112 -25.984712
-2978.691811 -2453.287348 -87.615340
-2436.771441 -2112.091867 -93.572497
-2384.048297 -1900.513004 -75.493084
-2350.721511 -2038.172987 -90.822602
-3016.635447 -2491.271789 -33.816708
-2467.826409 -2128.926488 -103.095052
-2605.646261 -2112.014032 30.261146
-2141.550491 -1849.036145 -89.087212
-2810.182571 -2322.805972 -65.137035
-2548.643824 -2174.988482 -59.695310
-2467.013191 -2113.724472 -62.494168
-2429.222787 -1986.519452 18.080315
-3131.893572 -2681.825143 -78.596349
-3306.451481 -2703.776272 24.188840
-2186.498608 -1804.501385 -24.358389
-2727.401217 -2233.850216 -111.718793
-2646.117321 -2165.318685 -51.454322
-2739.016311 -2229.017334 -96.737153
-2998.543228 -2477.305858 -125.520031
-2479.341377 -2132.779228 -3.518685
-3317.624336 -2737.776993 -37.668042
-2482.115688 -2111.060282 -25.933184
-3362.018150 -2910.112395 -134.055344
-2782.067237 -2296.516823 -31.610617
-2443.669998 -2117.198581 -97.995165
-2437.392173 -2110.517864 -96.643645
-3126.435647 -2528.299518 -101.561295
-2462.242717 -1991.306364 -79.793308
-2960.694122 -2428.178833 22.364614
-2604.332576 -2241.487734 5.220043
-2512.004831 -2182.619185 -72.819587
-3577.963275 -2890.249372 28.296315
-2617.199318 -2167.462916 -39.820593
-2670.471968 -2251.062158 -120.884473
-3327.347932 -2810.181592 -155.997161
-2185.031494 -1900.100094 -7.176115
-2674.102908 -2338.406226 -9.932588
-2135.381733 -1728.691781 -70.205065
-2682.042797 -2307.313791 4.491187
-3372.696485 -2728.788630 -111.148328
-2424.531086 -2044.046236 -109.459392
-2949.571299 -2486.433186 -131.398538
-2840.799893 -2421.198528 -39.081429
-2683.770338 -2275.473111 -125.361683
-2963.240992 -2567.657639 25.215354
-3027.941458 -2622.811940 24.967232
-3040.411451 -2672.934153 -76.728651
-2065.260748 -1789.726896 17.386062
-2739.794607 -2322.618806 -127.979387
-2431.135142 -2025.274259 -23.346955
-2557.105719 -2092.500867 17.099866
-3115.703919 -2701.907210 -124.635504
-2483.679790 -2178.639724 -69.805905
-3094.417484 -2577.673992 -28.813700
-2630.784148 -2196.043576 -19.081890
-3177.368876 -2683.869148 -150.488552
-2616.056395 -2143.871725 -110.390816
-3095.982264 -2538.857274 -130.964131
-2504.164853 -2195.741823 -25.495499
-3464.769847 -2936.761256 -162.045286
-3340.544948 -2827.434343 -154.698592
-2924.853313 -2414.528444 3.340790
-3415.912606 -2798.620477 -140.993817
-2410.145595 -1928.239256 -26.859296
-2241.762392 -1893.057233 -105.437924
-3151.267933 -2769.913796 -31.945675
-2292.350579 -1973.295037 21.934977
-2236.406593 -1942.000051 -6.280922
-2333.013991 -2011.111222 -44.397229
-3154.791295 -2646.135956 23.213257
-2946.515736 -2517.898669 -29.333231
-2561.463803 -2149.487946 18.523379
-2871.191029 -2452.236370 -28.583073
-3494.427124 -2837.639102 -142.928557
-3197.241223 -2730.751855 -32.078763
-2906.176272 -2479.724291 -98.875005
-2589.878978 -2154.996018 -66.953632
-2414.487562 -2096.159716 -8.555023
-2608.067706 -2239.444514 4.817067
-2809.653678 -2426.408987 -35.641375
-3162.355226 -2509.277210 -85.811308
-2798.344080 -2245.084098 -62.857575
-3399.504721 -2804.301199 -92.219011
-3196.433729 -2743.233480 6.940996
-3037.619516 -2505.730814 -81.646617
-2702.323346 -2171.002430 18.360293
-2510.983630 -2071.330096 -89.000038
-2361.859345 -1998.017949 -80.427441
-2750.100407 -2209.043507 -28.104692
-2431.900369 -2100.584546 -30.632153
-2689.310108 -2326.036122 -88.396866
-3438.447738 -2836.447444 7.628591
-3500.521414 -3006.018511 -95.871635
-3496.618711 -2873.276727 -112.525694
-3409.693045 -2953.599564 -130.091374
-3369.431463 -2894.452930 -93.424859
-1981.408716 -1651.246283 -11.586078
-2291.682267 -1993.793051 -73.026518
-2694.518835 -2171.300351 16.668392
-2331.098791 -2040.754690 -63.290794
-2673.115921 -2340.403154 -72.439620
-2094.085717 -1833.290974 -20.764066
-2225.858852 -1943.598503 -58.086569
-2212.848221 -1768.936909 12.188810
-3284.213747 -2865.809613 -85.723188
-2431.700588 -2023.927535 -64.131951
-3534.770424 -2938.257025 39.962806
-3156.710638 -2522.746084 16.907188
-2242.352587 -1912.292494 -8.296682
-3098.673496 -2709.982996 -53.799006
-2675.647889 -2280.416675 -108.406079
-2478.608893 -2019.727398 11.785581
-2003.367037 -1734.514272 18.571332
-3398.849002 -2805.712355 -91.556517
-2354.336810 -1934.247259 11.408093
-3497.149436 -3014.416025 -68.898112
-3333.985058 -2866.755365 4.601678
-1976.841545 -1704.122392 -38.785762
-2440.603938 -2061.056917 -98.390172
-3083.177257 -2682.749997 -46.250085
-3314.000151 -2869.648997 29.033822
-2371.151822 -1977.688031 -16.681297
-3177.053084 -2649.794416 -24.775383
-2545.657162 -2123.358548 -18.928788
-2413.572999 -1931.185797 -31.906937
-3104.018493 -2589.212941 -21.495811
-2113.349999 -1853.546894 -56.007240
-2576.554611 -2148.299132 -17.254402
-2181.970149 -1914.078561 -57.476502
-2371.479389 -2042.165647 -21.283515
-2373.863186 -2044.421599 -21.211838
-2060.337423 -1807.033409 -53.919265
-2802.644596 -2437.926291 -42.582557
-2871.623104 -2462.678520 -15.671897
-2414.775377 -2059.009431 -82.100840
-3201.616501 -2568.577422 -40.578147
-2840.159166 -2421.928924 -96.340527
-2177.576677 -1819.290454 -104.807478
-2695.050617 -2340.895881 -28.765048
-3386.558374 -2843.558102 -160.003478
-2291.018751 -1923.846275 -108.318131
-3405.712641 -2738.297429 17.033257
-2386.805323 -2046.505503 -18.821855
-2298.088134 -1895.716076 5.424958
-3427.181152 -2706.782739 -37.502098
-2198.120795 -1873.900402 -8.824910
-3364.283395 -2656.658474 -36.661284
-3272.082393 -2730.512477 -29.701976
-2156.219071 -1891.448462 -61.228345
-3477.793080 -3053.266188 -100.328438
-2974.115907 -2519.398052 -135.309038
-2518.487144 -2208.754007 -72.845572
-2010.691810 -1763.378127 -57.423609
-3378.646818 -2954.946612 -15.884990
-2944.330181 -2524.676417 -16.468009
-3290.215275 -2890.782894 -64.359355
-2977.224509 -2431.008813 38.939925
-2978.248247 -2497.015943 -121.026331
-2170.825323 -1892.801072 -3.205804
-3120.662984 -2653.220312 32.545290
-3021.953355 -2437.759015 30.438189
-2749.478555 -2304.922122 18.680183
-2175.032078 -1858.673060 -30.776650
-1988.148204 -1696.905290 7.280372
-2661.020000 -2301.133155 -36.103263
-2661.635129 -2178.943680 5.610821
-3350.112351 -2727.289822 -68.950379
-2528.948161 -2206.455555 -67.950443
-2489.063755 -2171.122742 -67.608647
-2515.901310 -2158.364286 -84.711121
-2858.485559 -2312.395084 32.697510
-2460.053947 -2147.167034 -65.608926
-3118.640417 -2540.020193 -63.817971
-3445.552076 -3005.877635 -93.938853
-3416.290565 -2806.876905 -95.705168
-3437.117130 -2791.698174 0.360071
-3214.006928 -2609.510988 -43.361085
-3414.334469 -2805.218967 -96.019353
-2224.427122 -1784.002550 -61.417548
-3211.834120 -2615.989968 -82.059657
-2861.879792 -2315.956923 32.915399
-2428.541980 -1994.712358 -68.064219
-3303.071170 -2670.537972 -5.460896
-2082.788632 -1683.545790 -3.217630
-3498.935271 -3021.685370 -56.677357
-3412.201257 -2977.925214 1.956515
-2511.850681 -2185.818015 -73.479205
-3449.467842 -2793.183282 -56.186169
-2914.917944 -2543.160105 -29.466191
-2797.556891 -2362.222809 -71.503617
-2394.135398 -2102.226124 -45.885274
-2344.215393 -1930.993713 2.626013
-2349.385683 -1935.174404 2.064245
-3068.022676 -2694.032654 -59.026930
-2347.602864 -2027.393496 -46.653564
-3260.710453 -2815.892030 -64.606774
-3077.818040 -2669.096656 14.900087
-3251.921497 -2710.478408 -43.795575
-2554.788610 -2163.651929 -111.706923
-2645.578995 -2323.125639 -51.752076
-2976.770445 -2481.772353 -41.073088
-2410.868278 -2088.554577 -5.417195
-3237.289837 -2836.671251 -31.969286
-2298.721940 -1991.852744 -11.056093
-2597.348839 -2196.399436 -112.979496
-2791.380385 -2421.305122 13.822712
-2414.475179 -2041.141942 -104.701241
-3219.349413 -2689.885228 1.472056
-2371.018728 -2024.589666 -55.211178
-2318.747599 -2008.678546 -4.872029
-3250.010922 -2826.752472 -36.115339
-2286.326754 -1855.956661 -0.735037
-2275.356438 -1943.332080 -53.446374
-2683.708961 -2175.199933 -77.936814
-3429.676539 -2987.325418 -113.941221
-3059.794019 -2666.724480 -101.790297
-2866.298531 -2498.285183 -93.644128
-2383.963969 -2093.158863 -33.681073
-2000.672924 -1733.019458 21.562317
-2079.911344 -1801.521715 19.812124
-2429.340158 -2103.049547 27.973613
-2010.369596 -1738.864803 23.489648
-3198.899826 -2723.982925 -41.318732
-3112.860304 -2534.023684 49.236149
-2178.531073 -1762.707147 -68.971141
-3013.062653 -2574.816249 -44.104907
-2542.483994 -2070.483782 40.883867
-3433.748523 -2804.357959 15.988214
-3027.764689 -2472.515151 13.094305
-2528.529312 -2063.985323 11.058240
-2645.586259 -2138.261276 -93.539105
-3116.439881 -2542.596590 15.334166
-2274.864509 -1917.140511 36.744380
-3051.966313 -2644.708813 30.959751
-3046.504933 -2637.869781 30.757908
-2795.589567 -2434.973156 9.078727
-2659.243376 -2302.842859 26.487189
-3512.585203 -3045.250101 32.981601
-2450.992185 -2156.252490 -43.956644
-3351.632383 -2945.062464 -16.125760
-2482.606246 -2180.224165 -57.178258
-2450.557069 -2154.083642 -53.015845
-3486.318160 -3067.269792 -82.251744
-2479.292421 -2174.097137 -28.264615
-3366.568863 -2926.184774 -119.317520
-2155.904782 -1869.679861 11.532506
-2933.239080 -2472.340882 47.849312
-2828.129112 -2321.718333 -103.249850
-2301.105442 -1906.435681 -33.435051
-2132.874325 -1751.258936 -77.750096
-2890.167553 -2395.041651 -42.752242
-3237.785366 -2682.828649 -46.333581
-2919.947504 -2492.265518 -41.568733
-2457.887069 -2126.477580 18.109703
-3217.344970 -2602.594212 24.941153
-2174.220201 -1829.013188 -103.039172
-2736.651383 -2214.100589 30.297292
-2824.404182 -2306.384799 14.459162
-2366.246083 -1942.988453 -66.636632
-3067.956102 -2491.060668 -41.453680
-3271.771741 -2757.788220 -119.622679
-3254.753359 -2724.010237 -12.736751
-2254.054849 -1885.538310 -8.504717
-2463.155131 -2011.507027 12.382825
-2680.212772 -2190.007628 13.655931
-3482.753197 -2958.409804 -21.067842
-3154.623602 -2553.721279 -34.945155
-2580.852775 -2157.195066 -16.143748
-3084.019601 -2575.920663 -22.876415
-2731.149293 -2280.746976 -20.235856
-2633.647481 -2156.518707 -51.707943
-2698.466585 -2347.160396 -29.843112
-2797.903108 -2378.503965 -30.001738
-2667.416997 -2315.999108 -12.169370
-2883.295978 -2489.428025 -30.697602
-3307.477453 -2872.351058 32.535832
-2250.846158 -1985.110847 -38.063594
-2365.924045 -2076.034823 3.971711
-3201.838395 -2810.894113 5.362442
-3297.386563 -2861.416911 36.872916
-2954.365224 -2593.486496 -5.055868
-3361.954720 -2916.915054 38.028368
-3237.025994 -2852.739408 -59.783273
-3447.193327 -2889.435832 68.547396
-2987.788776 -2606.637067 11.208140
-2670.971919 -2168.737998 -37.180896
-3359.833479 -2729.166220 -49.379574
-3049.788466 -2597.280377 -41.015815
-3206.326607 -2613.859709 -23.733368
-2265.733991 -1847.312831 -15.878374
-2520.573041 -2129.722682 -118.291309
-2042.431979 -1800.967994 -46.195589
-3372.338086 -2964.581456 -83.794786
-2475.520158 -2175.537640 -61.030459
-2476.090702 -2149.665206 21.943984
-3389.092113 -2868.988157 -158.951962
-2111.113609 -1853.681224 -60.106904
-2521.826621 -2217.833896 -64.519229
-3217.748669 -2828.002499 -83.923653
-2957.236799 -2600.839500 -71.508718
-2444.340328 -2147.272544 -64.802669
-2465.567050 -2135.528791 -12.754242
-2683.655956 -2359.116635 -70.051589
-3424.827570 -3013.857975 -89.289126
-2281.917131 -2009.156455 -55.197995
-2786.785358 -2415.213398 14.909422
-3038.334932 -2673.651332 -77.805530
-3488.641706 -3071.234413 -82.571972
-2447.831669 -2075.531692 -107.121918
-2748.532032 -2418.479418 -64.933214
-3016.820441 -2518.298801 -24.198157
-2455.747998 -2165.682071 -53.792327
-2334.028638 -1938.516306 -33.279397
-2066.162137 -1815.327214 -56.021588
-3214.795008 -2611.338475 -46.177856
-3475.618489 -2823.282848 -50.097226
-2507.713180 -2186.762254 -85.199750
-2833.169739 -2452.078662 -15.711659
-3317.743537 -2715.765204 -91.388306
-2124.865436 -1837.887519 6.046519
-2293.924535 -1950.080059 -4.967948
-2926.365522 -2489.098061 -5.358746
-2101.489425 -1781.482356 -81.824419
-2407.571283 -1993.101804 -63.748810
-2923.876388 -2486.455322 -5.926982
-2755.983150 -2233.989881 -79.820080
-3433.520276 -2843.332397 -45.609451
-2473.880620 -2180.765439 -40.383699
-2974.646542 -2615.402497 -19.160329
-2185.232057 -1842.939582 39.080039
-2846.761540 -2361.120286 -85.596251
-2842.468694 -2494.107242 -37.070545
-2386.255493 -2101.432487 -42.814041
-2117.327530 -1859.213726 -51.476900
-1992.417231 -1689.031750 -91.073681
-3386.628926 -2869.406483 -156.061551
-3180.418038 -2694.430889 -145.698288
-2779.250220 -2300.964581 -39.214460
-2619.596016 -2165.731912 -36.742138
-3336.286331 -2923.618970 -1.405240
-2414.173051 -2106.383148 -78.850213
-2611.251084 -2107.765967 27.757144
-2729.258820 -2341.957479 -21.024988
-3134.005505 -2733.503038 -101.519950
-3084.900775 -2690.316493 -99.727045
-2930.768677 -2477.827227 -24.749797
-3325.237448 -2787.677680 66.701371
-2365.691022 -2063.808947 9.245774
-3355.135800 -2836.249887 -157.917350
-1997.998193 -1688.741240 -94.235026
-2464.701824 -2141.035468 -71.933939
-2680.523406 -2365.103736 -49.416122
-3271.221403 -2730.507429 -28.956163
-2929.882360 -2444.993518 -24.501745
-3398.242259 -2874.913872 -161.365528
-2334.009334 -2046.529193 -69.207547
-3010.163119 -2492.364658 -42.536681
-2188.610757 -1841.414730 52.826849
-3501.609188 -3050.639029 22.620472
-2560.930934 -2136.049818 -3.514785
-2409.958321 -1948.754058 36.185745
-3310.683767 -2630.897115 -27.562671
-3000.152172 -2434.607092 39.019304
-2380.202985 -2030.864697 -37.320097
-2527.091366 -2199.475684 -68.687119
-2859.960691 -2442.365129 -118.740417
-2811.427438 -2404.988559 -13.581547
-2226.978189 -1913.681656 0.856160
-2484.394778 -2121.037836 -102.791317
-2547.478281 -2225.126446 -52.186769
-3530.899729 -2963.678384 1.878008
-2379.885888 -1951.214140 -27.843080
-2380.461241 -1890.988408 -46.022787
-2644.688619 -2178.643897 -12.183833
-2881.822132 -2338.491531 -107.224855
-3109.300874 -2580.870359 -69.602460
-3374.896574 -2836.287637 -44.387702
-3146.914909 -2500.719185 -60.088577
-3137.688309 -2659.748745 -36.649710
-3164.687250 -2614.753414 -116.111457
-2327.533081 -1961.098847 -31.007550
-2811.578930 -2404.968411 -13.508212
-2357.504693 -1904.683749 30.668983
-2640.232420 -2151.259319 -74.688916
-3211.951552 -2636.879308 -0.187371
-2192.562851 -1843.974357 35.334452
-2416.191384 -2036.005416 -31.622990
-2703.218800 -2301.097716 -39.916553
-2982.308898 -2562.491315 -106.871321
-3173.939914 -2548.319234 -79.390764
-2664.692241 -2289.653557 -95.965908
-3432.686113 -2763.462723 -58.864161
-2592.100202 -2082.922556 3.963441
-3127.259877 -2693.576204 -48.213170
-2284.497893 -1845.253528 1.146652
-2410.766747 -2021.693220 33.756348
-3144.898305 -2662.011883 -1.694213
-3466.325955 -2780.809242 -86.956342
-3474.222067 -3003.248297 -8.438841
-2123.843881 -1824.441234 -75.981502
-3101.297229 -2572.178157 -144.489006
-3268.747107 -2661.422455 -93.499767
-2172.494057 -1844.824539 -33.394086
-2915.999146 -2486.088281 -44.850895
-2741.755687 -2247.197847 -85.130299
-2454.098999 -2144.687254 -66.911185
-2892.141961 -2527.484678 -78.695549
-2262.992623 -1901.294748 -59.783288
-3391.984483 -2953.392994 -88.227003
-3079.782595 -2592.713981 -92.087796
-2330.885236 -2039.343064 -48.957257
-2385.888906 -2008.998423 -70.977057
-3443.455073 -2771.876213 -58.727287
-2372.170877 -1916.385990 -74.510190
-3231.449327 -2714.652106 -151.455023
-3011.173657 -2403.859945 -40.355884
-2758.329237 -2212.746656 -13.524360
-2428.352727 -2014.571881 -99.704432
-2548.880033 -2220.768106 -64.795834
-3467.668992 -2914.562923 -160.084240
-2449.822508 -2025.381018 9.492279
-2400.305107 -2087.410183 -64.895605
-2565.404318 -2177.659995 -39.332456
-2431.678451 -1966.131974 -31.430570
-2809.653582 -2251.034739 -54.388619
-2282.433699 -1909.520792 11.070324
-2463.598822 -2013.208751 -16.402300
-2987.099476 -2498.973100 14.551774
-2468.405808 -2017.101769 -16.406809
-3127.701745 -2616.024332 22.353780
-2614.606862 -2212.975082 -2.344883
-2742.052314 -2293.214332 19.260563
-2998.704348 -2443.853163 19.462854
-2014.415219 -1754.859634 -51.695941
-2774.374464 -2380.311074 -62.771536
-3139.352884 -2627.961488 2.880879
-3232.540508 -2664.650457 -86.888653
-2809.612169 -2341.415677 -65.039598
-2553.053387 -2102.418076 -10.375031
-3563.935956 -2902.050087 -101.298585
-2372.094278 -1898.782738 -10.553449
-2370.704750 -2017.820385 -86.199334
-3222.695989 -2735.872278 -49.543968
-3177.479389 -2618.426831 -85.861746
-3494.674898 -2788.945622 -46.716700
-2628.867071 -2289.725606 -72.037478
-2491.236092 -2169.663336 -67.836089
-3226.355641 -2803.215591 -88.319525
-3460.864323 -2762.513237 -44.884789
-3209.909799 -2617.021378 -18.489021
-2325.504966 -1986.025395 -78.927186
-2580.230223 -2141.657464 -17.510595
-2921.034747 -2484.796255 -49.461506
-2454.664536 -1973.902863 -70.055308
-2421.727997 -1947.469849 -69.011194
-3128.952331 -2537.164817 -114.700544
-2591.183253 -2204.397664 -44.223289
-2387.300626 -1921.006808 -0.439980
-2669.898685 -2150.108928 0.060047
-3492.294158 -2892.149764 38.548081
-3080.713321 -2592.183346 -62.348389
-2342.949562 -1955.496641 30.689107
-2564.179365 -2101.105252 -40.864148
-2522.994229 -2154.463134 -86.766415
-2617.349373 -2195.972969 26.412537
-3417.124161 -2898.188445 -61.238692
-2510.625189 -2156.970983 -90.800962
-3454.789471 -2873.984615 30.596871
-3114.463664 -2675.667222 -113.262248
-3106.890227 -2668.213737 -111.932416
-2578.776336 -2145.554478 22.279741
-2383.461899 -1983.004974 20.360516
-3502.412278 -3067.986487 -90.081206
-3381.845558 -2735.999108 -53.018175
-2774.061891 -2394.349812 27.353729
-2679.441582 -2249.368158 24.900843
-2566.740557 -2192.531550 -106.815757
-2379.633005 -1931.657620 -6.725911
-2599.567241 -2229.074196 -70.557983
-3107.882819 -2463.467466 -26.848682
-3497.559798 -3034.343171 -127.596089
-2513.900764 -2188.607527 -64.513055
-3231.009287 -2705.199318 28.869509
-2195.159431 -1846.659669 33.531407
-3064.985745 -2482.998969 -47.462287
-2468.991957 -2140.432399 -81.112233
-2483.208374 -2010.805122 -3.036378
-3211.980319 -2617.925348 -13.911821
-3099.193908 -2658.233062 -83.798002
-3467.684465 -2779.388224 5.351508
-2040.907307 -1618.187539 -18.132742
-2968.916428 -2379.671528 5.414090
-2317.330462 -1985.014475 35.204735
-2201.075048 -1772.503931 27.325703
-3143.397701 -2644.295826 -59.769226
-3212.396344 -2619.116078 -17.499418
-2909.230537 -2457.470978 36.039347
-2613.360887 -2105.597432 33.769890
-2260.515962 -1825.453491 29.493728
-2746.736458 -2271.086587 48.065190
-2990.089563 -2501.193280 -90.997407
-2372.844475 -2019.806056 -86.328648
-3599.688956 -2925.392244 -131.228281
-2253.371061 -1831.196896 -80.841079
-3273.135435 -2642.577148 1.192735
-2089.423945 -1803.319896 -67.453089
-3449.282176 -3009.548770 -87.371605
-3369.213251 -2762.657930 6.359244
-2368.059873 -1909.278918 -35.197670
-3078.018091 -2536.837415 35.708021
-3341.746026 -2785.932661 -72.634866
-2510.012236 -2133.859765 -16.596554
-2937.957796 -2457.533004 -89.521874
-2666.534255 -2201.007158 -108.065441
-2214.168672 -1924.090206 -60.562091
-2477.505832 -2057.860307 -69.825180
-3457.945901 -2818.484132 -19.347144
-2901.115347 -2395.142407 -118.789270
-2410.951332 -2025.694839 -47.029051
-2385.575232 -2005.188229 -46.466496
-2541.144753 -2097.269567 -104.642797
-3130.836216 -2631.659960 -60.736117
-3019.618955 -2492.543215 -123.784684
-2635.826432 -2187.390638 31.406911
-2783.215656 -2235.665700 2.046468
-2464.110033 -2062.192579 22.182954
-2706.505759 -2180.032893 -73.023808
-2558.557057 -2087.893162 20.212106
-3116.648611 -2536.192539 -86.647699
-3201.024867 -2779.227866 10.495637
-2450.225729 -2126.676534 7.552408
-3312.162503 -2681.673068 48.733954
-2103.292170 -1749.784826 38.983530
-1990.818450 -1611.273035 29.116156
-2064.535532 -1670.520748 30.807708
-2444.494360 -2017.355242 -3.401436
-2469.471724 -2127.935093 -14.372843
-2626.982944 -2128.313501 38.459496
-2294.958716 -1904.604202 44.838933
-3484.663538 -2993.133093 -52.732784
-3116.246343 -2507.340175 0.983982
-3339.253267 -2864.677266 -1.202403
-3199.332610 -2704.622815 -3.132369
-2949.838199 -2433.417692 -53.556992
-2331.751922 -1944.769829 -7.199024
-2333.675646 -1925.606926 -42.462184
-2821.575807 -2301.499990 -16.842374
-2300.178946 -1876.941471 -13.810897
-3139.359572 -2665.232636 -47.157417
-2536.677062 -2169.247330 -89.000936
-1933.097438 -1652.477605 -67.700005
-2648.337713 -2308.466827 -46.313135
-2693.119358 -2265.296673 -107.986360
-3088.977195 -2518.127414 19.049559
-2610.062837 -2201.141988 -115.387867
-3026.001715 -2636.029323 -51.904390
-2141.830274 -1797.653332 14.625704
-2157.936729 -1823.000212 -77.101876
-3265.225799 -2615.572605 3.612051
-3490.259207 -3041.027048 -62.867533
-2428.382731 -2116.507650 -22.242076
-2367.608211 -1952.199058 -4.608365
-3471.877230 -2783.496213 4.035871
-2170.755144 -1897.147616 -2.980467
-2751.740777 -2383.093996 -69.484879
-2390.639225 -2088.781104 0.941897
-2702.038093 -2344.811918 -89.054018
-3360.272376 -2672.331715 -72.986777
-2550.225887 -2100.433340 -31.645122
-3107.468393 -2615.192872 46.465489
-2440.015446 -2000.280383 -79.389379
-2708.721776 -2220.827507 -88.531131
-2968.213544 -2458.878317 -37.647555
-2233.386423 -1914.024799 -0.790775
-2805.576736 -2452.452465 -0.529818
-2731.488770 -2371.518671 -90.326644
-3175.073729 -2757.470028 -107.814244
-2541.663028 -2234.153411 -51.011006
-3071.310241 -2698.450783 -61.439438
-3368.615698 -2725.045672 -126.433156
-2168.637389 -1765.676101 -69.901659
-3234.337707 -2706.354876 24.020796
-2525.179807 -2008.948914 -16.656926
-2919.697486 -2482.831732 -34.649342
-2516.091209 -2150.130570 -88.481066
-2251.381012 -1960.926057 -20.025079
-3235.623289 -2616.698051 -121.759953
-3269.955726 -2677.939427 49.924015
-2484.231985 -2162.050619 -63.507415
-3396.603209 -2757.864466 40.109784
-2924.357060 -2496.994724 -103.057608
-2604.435749 -2113.396013 41.867130
-3474.882002 -2775.226381 -83.826811
-2062.543186 -1667.143619 -69.033609
-2141.265655 -1774.946580 8.217810
-2570.740791 -2152.484738 1.798445
-2672.009826 -2185.946673 -53.741586
-3086.384758 -2525.260878 -62.818849
-2980.457681 -2504.197503 -78.654675
-2872.733584 -2362.416335 -21.504581
-1945.187774 -1704.738764 -33.491463
-2914.378709 -2384.633321 -59.512589
-2868.207361 -2358.877910 -21.803598
-2337.748662 -1904.567669 -3.158612
-2784.725128 -2288.631464 -21.993988
-2386.200778 -2042.399603 4.150385
-3540.798630 -2944.967005 -25.135264
-2554.565980 -2163.519759 -27.131505
-2125.241869 -1805.166861 -87.387045
-2810.381691 -2361.042548 -104.171392
-2659.294484 -2238.291795 -76.820579
-2724.341411 -2253.591243 -57.520575
-3384.920233 -2794.012914 -53.953752
-3452.524334 -2933.011556 -108.166003
-2445.303403 -2054.525930 -90.224551
-1989.485048 -1690.774919 -62.615614
-2495.475897 -2107.316913 -90.675276
-2258.421387 -1943.733011 -3.704233
-2924.199713 -2394.840264 -89.962559
-2412.650930 -1973.795115 -18.354797
-2642.383109 -2213.387080 1.406823
-2543.734148 -2093.854528 32.508527
-2773.677776 -2312.026600 -11.588818
-2421.379192 -2062.891093 -99.223565
-2848.388540 -2422.684318 -117.291883
-2090.316788 -1777.174079 -85.410256
-2414.660862 -2050.429418 -76.105595
-2352.429169 -2040.599562 -75.158416
-3218.098808 -2789.320630 -105.467323
-2601.051842 -2170.946458 17.279255
-2589.812975 -2145.611341 8.947121
-3080.715501 -2539.027963 33.730115
-2415.932240 -1973.609743 -105.819402
-3203.750825 -2780.423704 -0.749706
-2085.052884 -1735.654544 37.812496
-3375.442150 -2816.330372 24.093017
-2635.890596 -2140.965638 -76.807741
-2914.473218 -2484.991434 -44.489043
-3362.075163 -2802.815756 -12.897011
-2222.698167 -1813.351185 -98.047327
-3299.955053 -2712.097229 55.144995
-3138.224171 -2548.330221 -90.856267
-3329.597209 -2628.708939 -22.280527
-2265.695141 -1788.798652 -14.942357
-3362.566802 -2847.982992 -54.849391
-2896.028278 -2475.907279 -48.798467
-3336.766295 -2758.160799 -122.371030
-3463.183931 -2856.282862 -67.173883
-3149.061113 -2624.911004 -67.042218
-3092.429400 -2613.657197 25.896446
-2984.781836 -2486.209062 47.107850
-3486.000043 -2864.577889 12.708611
-3438.230832 -2771.320184 -28.548790
-2485.850207 -2023.288261 -106.010017
-3038.339077 -2600.535539 -38.391689
-2442.123280 -1947.810249 -8.243436
-3429.644500 -2933.818142 -44.280911
-2592.259821 -2255.962687 -60.902880
-2610.396832 -2175.430608 41.008005
-3382.071774 -2790.563377 -136.968290
-3046.069583 -2512.245196 -125.859011
-2634.318610 -2083.599996 -25.547740
-2597.421183 -2067.724702 -35.905760
-2049.486651 -1769.320361 -0.280848
-2701.068485 -2329.876786 -42.489631
-2596.968520 -2067.310950 -35.803145
-3551.618276 -2926.935886 1.297249
-2769.075021 -2273.957706 -97.817890
-2976.154219 -2551.340317 -10.791832
-2844.312678 -2468.814999 -45.329439
-2871.352770 -2370.114273 -70.029161
-2824.063584 -2258.057180 28.295482
-2530.489182 -2073.909963 47.363488
-3497.747060 -2811.569825 -124.314686
-3562.375752 -2863.423487 -126.372242
-3344.099574 -2660.408129 -46.885583
-3446.171358 -2948.098729 -43.332443
-2612.999448 -2269.481980 -47.138783
-3514.548358 -2804.273354 -45.373813
-2796.851807 -2306.311177 -76.732421
-3127.463988 -2570.470892 -73.714388
-3494.761429 -2788.512695 -45.501091
-2409.883686 -2076.768447 -1.428791
-3000.997213 -2623.557207 -20.120583
-3346.634040 -2697.758119 -127.912826
-2946.180861 -2356.396135 9.307743
-2861.260214 -2287.762296 7.534173
-3278.240505 -2602.927916 -88.143340
-3508.528831 -2924.359275 -74.522800
-3393.986694 -2718.920556 2.991638
-2345.458667 -2036.229233 -42.279275
-3013.505048 -2489.850958 -41.281628
-3470.890007 -2866.434747 -47.626738
-3292.288805 -2636.384746 3.147736
-3017.392025 -2481.547477 18.694552
-2538.432756 -2176.633178 0.663360
-2629.248005 -2254.472519 1.383520
-3315.244976 -2713.738931 37.224240
-2828.928352 -2315.355607 31.567448
-2620.581151 -2087.594492 4.914905
-2328.203967 -1935.855473 -61.194798
-3277.547694 -2618.172577 -79.359294
-2834.367895 -2451.085235 -24.635849
-3228.964361 -2630.317475 -3.751393
-2335.117080 -2011.778510 -2.411525
-3305.489475 -2816.563013 -70.504693
-2800.681298 -2412.214996 -2.622070
-3229.673068 -2781.404573 -4.097635
-2924.201789 -2360.240919 3.033238
-2661.557458 -2103.711341 -20.190813
-1867.529118 -1486.394562 9.944421
-3289.158019 -2627.369279 -78.894861
-2952.597013 -2350.851823 14.571303
-2879.970962 -2293.188437 14.526095
-2216.069843 -1798.671633 -64.059195
-2524.442786 -2195.440130 8.766040
-2633.759523 -2206.529618 -34.755937
-2535.310209 -2130.016360 57.697389
-2595.948289 -2157.883750 60.572399
-3167.571958 -2626.846739 72.137168
-2185.600316 -1842.482293 45.024853
-2372.727674 -2014.299526 32.004376
-1938.931657 -1670.009044 -57.839321
-2294.677114 -1935.452609 -30.544617
-2750.941344 -2334.642357 36.829190
-2575.760928 -2171.380273 -34.424996
-3561.020419 -2995.650498 -47.686255
-1869.267024 -1572.203428 -25.826774
-2678.836637 -2214.486216 56.618022
-2373.938500 -1941.993285 37.908732
-3540.948560 -2928.249216 74.834452
-2813.316179 -2292.689611 19.682596
-2196.287946 -1823.558154 -48.764722
-2954.764862 -2407.741622 19.780850
-3072.311988 -2694.710167 -59.495159
-2931.371502 -2388.622733 19.532650
-2949.077298 -2447.413776 -65.258261
-2359.262629 -1968.788115 47.049438
-2810.425290 -2290.234460 19.613330
-2782.558196 -2206.162290 -63.372477
-2476.962762 -2163.393107 -48.225232
-3568.526686 -2988.864072 63.606653
-3278.880238 -2784.826939 -116.592568
-2593.388250 -2058.840963 -14.830970
-1910.264110 -1594.557190 25.459296
-3216.322819 -2591.198211 -43.707479
-2608.706133 -2088.327643 7.211701
-2268.723845 -1850.427246 -97.287307
-2678.648663 -2151.842903 3.569738
-2057.088351 -1633.174939 -11.781653
-2034.446746 -1695.760156 -3.994659
-3488.595515 -2783.324342 5.134931
-2364.893911 -1971.902100 -3.962133
-2519.838497 -2029.883133 -0.759535
-2662.085627 -2140.618337 -74.308634
-3004.079861 -2634.761236 -66.520905
-2979.336792 -2613.768824 -66.131578
-2161.934403 -1850.419550 -26.779814
-3313.520148 -2907.733562 -73.181802
-2178.547611 -1745.124310 5.380903
-2955.378194 -2382.783721 1.847569
-2993.524595 -2450.455972 26.439529
-2446.297826 -2138.198892 -21.786526
-2973.083285 -2412.451532 50.098508
-2520.296615 -2152.668970 39.795396
-2440.867839 -2089.700139 -29.308869
-2963.363291 -2532.484804 45.731737
-2437.445893 -2127.101394 -17.418606
-2650.197926 -2228.190379 42.950205
-2434.821018 -1957.186387 1.712340
-2359.944844 -1901.693735 2.577680
-2405.627785 -2026.651663 0.194080
-3541.429795 -2812.765315 -96.407151
-2892.079326 -2496.793047 -93.882909
-2337.330678 -1884.390206 -33.256188
-2406.778753 -1939.134074 2.724239
-2286.805769 -1973.650714 -74.373157
-2693.861409 -2178.046176 -35.717655
-3398.319466 -2715.265389 4.535976
-3444.524832 -3008.172893 -95.236314
-2450.885707 -2141.173108 -67.910427
-3401.303633 -2737.463037 -45.678320
-2107.569604 -1681.132134 7.210331
-2281.282341 -1878.309400 -85.025512
-3221.409715 -2548.082437 -54.355771
-3106.868230 -2620.242672 -30.349869
-2969.980846 -2381.780129 6.756379
-3238.867131 -2731.355121 -31.305550
-2501.764742 -2108.350745 -25.241712
-2190.216341 -1874.487922 -26.422902
-3008.846979 -2536.328303 -30.290731
-3295.193615 -2898.881438 -52.709596
-3171.856502 -2683.870523 52.422090
-3268.772611 -2825.150122 46.077182
-2861.829263 -2473.518500 38.321782
-2765.661175 -2321.991281 56.812094
-2951.656146 -2553.183327 42.524355
-3152.793376 -2727.632974 42.574189
-2663.154709 -2305.959042 36.006281
-2940.695249 -2468.753127 61.066520
-3381.763383 -2855.894749 60.950730
-3339.830022 -2932.052361 0.244495
-2263.573038 -1952.780375 34.059440
-3560.705469 -2949.774712 75.781333
-2642.728233 -2325.576824 -41.507981
-3073.806074 -2650.470970 48.348766
-2332.709410 -2009.663700 36.442231
-2321.585527 -2027.446092 12.495043
-2183.688935 -1882.595524 36.421251
-3115.201705 -2599.745257 67.296570
-2921.034759 -2476.441345 49.322919
-2387.559525 -2024.712870 39.333619
-3075.391356 -2611.896172 45.977420
-2916.521939 -2470.964176 46.878172
-2666.077888 -2208.005739 56.801737
-3372.121662 -2859.009504 54.636911
-2548.257530 -2036.109741 1.111805
-3077.038107 -2614.185555 45.751393
-2757.332800 -2343.555732 42.656007
-2226.300530 -1922.281220 28.386162
-2199.370644 -1899.619219 29.413236
-2988.566871 -2579.477416 38.269599
-2392.808431 -1984.575576 51.849126
-3257.738853 -2827.646020 -61.530653
-2673.107858 -2308.901254 33.142971
-3292.390200 -2825.144295 -1.832255
-2546.018111 -2209.437543 -85.299846
-2817.865850 -2275.956617 -80.042664
-2602.543242 -2087.016248 1.836439
-2605.514494 -2086.752947 7.239820
-2973.914753 -2474.478027 -41.163859
-2573.881555 -2050.649155 -58.191890
-3128.919634 -2603.421956 -43.128195
-2268.767524 -1977.851616 -20.103399
-2323.687584 -2013.368226 16.211192
-3076.465313 -2559.901381 -43.572901
-2360.937239 -1948.548329 -3.640553
-2645.263561 -2183.498868 -3.903986
-3162.066909 -2766.069731 -38.727891
-2843.700042 -2468.038005 -94.864293
-2440.736271 -2146.652203 -36.524117
-2592.071631 -2199.070042 38.565300
-2380.022118 -2018.099371 37.523234
-3073.626677 -2611.693471 47.969678
-2257.690361 -1921.905659 35.654986
-2968.501523 -2489.395508 66.288422
-2966.712189 -2488.850250 66.064312
-3376.950494 -2870.665238 52.786959
-2392.578206 -1982.548116 52.396876
-3031.066853 -2511.805059 65.841521
-3037.111979 -2516.665800 65.977182
-3173.408822 -2700.617568 49.956323
-3072.737352 -2613.719878 47.902279
-3270.878993 -2838.917335 7.720434
-3154.422934 -2519.057559 7.860798
-2386.008813 -2095.707195 -29.222275
-2598.826677 -2072.456893 8.167557
-2603.295307 -2075.923851 8.203409
-1829.050446 -1495.462309 27.370105
-2629.424304 -2150.289541 -18.840851
-2273.197768 -1966.090579 -36.364206
-2485.435078 -2129.880531 -91.122588
-2340.250965 -1852.849129 -24.160467
-2559.802898 -2176.771792 -106.128464
-2194.032982 -1865.078642 -90.579570
-2265.359933 -1974.203836 9.921681
-3217.403536 -2775.997327 49.491831
-2506.314084 -2185.017497 10.984024
-3004.847258 -2407.843651 -62.292543
-3015.431411 -2525.241045 -57.537860
-2292.923963 -1986.473290 16.073332
-2326.861434 -2009.963115 14.163064
-2391.085991 -2065.897637 14.168376
-2471.906115 -2136.840470 14.483791
-2601.469711 -2279.452147 -18.339705
-2461.339127 -2131.835237 17.330495
-2993.079606 -2596.082175 -55.942052
-3171.698689 -2756.216984 -110.678732
-3002.808502 -2510.764926 63.520220
-2218.722131 -1889.845830 33.524886
-3035.649936 -2463.853865 49.830839
-2439.048732 -2128.558373 -18.080419
-2313.901771 -2019.434509 -17.318574
-2445.620085 -2119.533108 18.094159
-2640.435450 -2135.011085 -97.308463
-3065.360708 -2446.787252 7.972035
-2628.144821 -2097.739631 6.312386
-2941.178382 -2502.754153 49.320996
-2378.960499 -2020.664950 40.940626
-3005.938147 -2443.761285 56.016396
-2974.402592 -2494.575562 68.498493
-2027.193866 -1727.386450 33.496631
-2994.554894 -2564.449849 49.677939
-3514.775427 -2957.198158 83.261229
-2504.472597 -2149.652241 42.395642
-2604.223065 -2129.964708 41.118442
-2373.837075 -1940.475854 37.487891
-3415.751078 -2794.059008 52.490680
-2653.365268 -2158.396792 16.848729
-2629.034628 -2138.600817 17.076424
-2338.292585 -2010.193028 -84.037396
-2449.371904 -2118.198802 -0.168395
-3152.968686 -2615.623365 -94.769374
-2678.596349 -2138.752892 2.417881
-2877.977837 -2349.675695 23.641199
-2563.221145 -2203.991181 -92.824326
-3037.360799 -2481.321677 25.970363
-2549.713942 -2078.129207 -71.409094
-3618.492121 -2889.524795 3.225885
-2546.421299 -2075.688783 -70.863711
-2858.932562 -2479.730526 11.703085
-2936.954142 -2396.465098 -35.888557
-2491.020141 -2131.851191 -30.815600
-3500.164383 -2783.261366 7.187733
-2359.207649 -1939.339624 13.577539
-2304.155385 -1936.976617 -3.661438
-2358.756868 -1900.663573 2.647379
-2938.914095 -2472.262849 -29.127243
-2519.218854 -2029.838677 3.085790
-3231.180679 -2637.687786 25.293024
-3163.905121 -2504.313610 -50.294060
-2870.938582 -2417.476354 -27.877789
-3402.926230 -2865.433905 66.733681
-2437.080651 -2141.895920 -30.282077
-2332.777365 -2007.280928 38.279446
-3040.792719 -2551.376556 62.458516
-2671.831619 -2241.807613 54.572475
-1962.850833 -1690.136618 31.869862
-2260.433512 -1950.672088 36.312161
-2800.690589 -2286.638389 48.305817
-2450.469982 -2116.370609 31.906493
-2608.934200 -2176.446303 -48.743365
-2297.224614 -2014.727219 -29.516976
-3293.921841 -2893.799808 -43.280731
-3260.803514 -2685.556902 75.240111
-2119.659621 -1746.869894 48.162551
-2543.168549 -2099.411916 57.954759
-2745.724484 -2259.108457 62.746435
-2057.781661 -1769.184653 33.570239
-2443.308383 -2096.868900 40.074421
-3244.503153 -2789.982114 52.320479
-3007.518838 -2580.666521 47.987111
-2902.624176 -2545.729244 -17.975993
-2297.866486 -1898.954759 54.802087
-2012.163693 -1665.100844 47.281955
-2393.040842 -2069.587858 15.812856
-3073.684798 -2524.224210 69.689133
-3101.221195 -2547.587794 70.712211
-2205.190597 -1811.577335 48.777442
-3483.725011 -2923.576066 80.981122
-3604.276986 -2923.856575 65.028916
-2499.470666 -2090.412093 57.959514
-3043.359024 -2581.546182 45.128482
-3484.940845 -2763.158952 8.766661
-2058.891740 -1668.921924 35.888801
-3457.094677 -2851.970958 80.400696
-3069.531845 -2619.261281 50.049068
-3367.845585 -2696.142681 32.703472
-2419.893610 -2036.871173 -24.394615
-3112.109479 -2460.181652 -27.749736
-2977.743206 -2371.040054 9.052085
-2948.280331 -2349.830479 9.684102
-3304.593117 -2886.450602 -68.742078
-2591.299662 -2224.401438 -0.319665
-2410.032944 -1915.946760 -1.249757
-2771.762545 -2359.105195 -13.250558
-2961.583229 -2505.842508 -117.495124
-3424.498816 -2774.865445 58.212885
-2565.918646 -2157.570134 -26.245764
-3407.832487 -2810.784581 -0.552054
-2420.095756 -2115.001085 -30.302224
-2529.361289 -2085.561660 59.854887
-3509.696179 -2978.299378 54.391725
-2778.396672 -2319.544089 -45.820697
-2567.539283 -2149.209455 44.205056
-2988.818524 -2501.221172 52.157358
-2217.174273 -1924.380231 -42.516161
-2547.257915 -2095.572724 7.326917
-2480.790139 -2111.000665 -30.860617
-3450.414673 -2801.201727 -3.205089
-2674.363462 -2293.867796 -37.474247
-3228.846479 -2750.583317 -49.946117
-3206.817442 -2730.127460 -47.819236
-2822.670702 -2413.592104 -37.954750
-2488.356206 -2127.635076 -32.449880
-2915.773128 -2482.784737 -44.787047
-2575.241080 -2136.948961 -17.803003
-2089.894599 -1803.415231 -32.954837
-3274.449895 -2815.995367 31.053796
-2395.904820 -1986.473780 -28.741901
-2366.043526 -1962.659243 -30.031603
-2625.991461 -2299.737140 -69.758298
-3574.269334 -2861.267578 -22.881663
-2703.438077 -2242.073971 -34.279607
-2858.182362 -2442.396547 -118.058343
-2248.523983 -1958.487440 -21.478926
-2497.536477 -2015.768832 23.682413
-2183.710397 -1861.021362 -7.417772
-2508.228768 -2081.811514 -75.192765
-2134.329055 -1709.184667 -13.778464
-2348.979452 -1880.967318 -15.344311
-2431.421920 -1981.165169 -48.346189
-2821.006988 -2302.879572 -84.252219
-2415.053908 -2053.391183 -1.620491
-2812.438172 -2389.836049 -2.586480
-3229.480105 -2634.538516 25.210465
-2498.810184 -2085.449277 -41.963995
-2420.148351 -2106.020814 8.940374
-2657.360044 -2223.614106 46.179339
-2075.844771 -1807.028069 8.002544
-3410.575192 -2805.164873 10.679443
-2264.934130 -1825.624398 -60.822587
-2250.913691 -1915.588142 -27.508605
-3489.218732 -2838.860653 -125.411420
-2611.246106 -2255.567693 14.173906
-3584.283527 -2958.543419 1.358054
-3426.230074 -2827.577205 1.533799
-2926.999126 -2399.516823 44.122405
-2143.634308 -1839.614936 -63.980170
-2267.670453 -1989.833969 -21.642217
-3040.850101 -2676.417036 -63.086622
-3024.273475 -2468.511697 18.635828
-2238.234011 -1920.540259 -63.540504
-2616.414177 -2275.700073 -12.209392
-2257.490845 -1933.250503 -0.323885
-2687.197583 -2302.110504 1.533630
-2231.157302 -1911.602714 1.928461
-2749.535371 -2355.856338 2.348134
-2042.152752 -1795.459119 -47.729693
-2346.925458 -1933.393339 1.623162
-2325.710905 -1934.192801 -30.736882
-2956.999720 -2416.316353 -60.169260
-2825.629173 -2380.651754 -32.803055
-2664.576496 -2318.817132 11.304678
-3498.838392 -2888.269171 1.497694
-2038.594474 -1737.993253 -29.498046
-2335.172843 -2032.628177 -59.354899
-3397.411421 -2973.595185 -96.393942
-2775.013452 -2321.873693 -46.478878
-3429.238087 -2759.694758 -35.703288
-2407.791287 -1938.960147 -24.907052
-3239.898031 -2584.101507 -103.283375
-2106.501929 -1762.391852 19.471348
-2438.656362 -2090.077793 -19.233688
-2588.713588 -2243.628321 -43.647121
-2214.624888 -1899.167555 -30.066976
-3395.888692 -2765.462007 -4.702968
-3003.989067 -2445.652706 -4.437261
-2668.320604 -2120.923253 -45.461353
-2992.315015 -2529.748936 -32.094938
-2737.786615 -2372.980723 -37.287460
-2213.169392 -1837.648481 -28.159480
-3352.582484 -2810.984011 32.298244
-3152.537043 -2675.443515 -140.930469
-2612.171290 -2269.912069 -10.797511
-3388.804905 -2943.761573 -13.914763
-2263.339883 -1906.112532 -108.861618
-3130.942749 -2617.550389 -52.401243
-2413.656031 -2017.964643 -39.419715
-2035.149076 -1663.216634 -88.955305
-2304.014866 -1976.844629 -100.179519
-3075.480141 -2641.985457 -132.145136
-2532.385130 -2161.455650 -34.033547
-2001.224802 -1749.718643 0.770377
-2917.115800 -2486.168549 -42.810401
-2691.851348 -2293.338129 -39.634505
-3132.231215 -2631.653399 31.041848
-2919.293898 -2486.944984 -43.961229
-2329.071179 -1975.541765 -104.871748
-2839.402535 -2409.231305 -127.442520
-2986.636443 -2487.422265 -28.866165
-2191.728916 -1919.417120 -63.941387
-2521.190333 -2208.645695 -73.897324
-3201.491904 -2805.241355 -92.794393
-3245.737615 -2733.955172 -34.812735
-2486.845256 -2164.963423 11.156000
-3220.404112 -2826.958947 -26.955340
-3059.290253 -2683.151727 -84.232880
-2923.350735 -2563.935737 -79.489112
-2557.388235 -2232.163156 -87.367572
-2583.074245 -2105.099007 -85.739150
-2192.401072 -1839.056895 15.386854
-2281.112207 -1979.821832 -7.123990
-2446.642581 -2127.642805 -31.385229
-2882.358052 -2323.576750 -23.757880
-2317.767602 -1833.825411 -22.872299
-2423.200980 -2010.254419 -16.939213
-3010.894585 -2560.340396 -26.298858
-2957.000870 -2352.131037 14.596868
-2382.054342 -1942.047981 -79.493092
-2702.596856 -2293.020168 -28.412487
-3085.306995 -2630.156137 -10.955891
-2607.926211 -2222.591626 -9.645767
-2535.443364 -2026.440166 12.456187
-3494.179654 -2871.427864 -81.989298
-3247.861067 -2741.532729 -33.453180
-2186.205648 -1825.425628 -37.283563
-3162.018652 -2623.212897 -95.230562
-2539.681523 -2233.504068 -50.609941
-2490.852376 -1966.536914 -16.081253
-2442.200962 -2118.263070 -33.581954
-2439.077020 -1955.045181 -53.884980
-2127.289040 -1758.926344 1.831787
-2561.868173 -2163.458595 -26.725559
-3521.154637 -3028.713178 -149.674117
-2596.818740 -2233.423995 -110.633551
-2857.786920 -2457.368463 -122.800479
-2199.898624 -1801.029811 -89.981922
-2670.200602 -2349.652220 -51.279455
-3059.436373 -2691.850333 -58.633847
-2505.459208 -2086.638164 -24.589179
-3367.796564 -2832.737791 -28.937874
-3469.027424 -2747.125524 -16.055904
-2397.888194 -2026.890727 45.988850
-2827.173530 -2459.315667 35.193687
-3087.368203 -2610.632603 56.893948
-3254.065969 -2815.857532 50.026486
-2208.440855 -1842.553787 46.517840
-2338.187684 -1974.459971 48.584744
-2925.870571 -2395.749529 47.342525
-2043.085426 -1656.272588 -3.960314
-2354.842622 -2033.241930 -37.124071
-3412.916433 -2735.470435 10.760662
-2296.259267 -1839.758799 6.960857
-2383.352942 -2046.877124 -2.040023
-2850.420329 -2385.891514 -50.215517
-2794.019314 -2328.001937 -3.899366
-2444.511039 -1975.837292 -77.188306
-3131.442699 -2596.889595 -38.965402
-3311.283502 -2684.152648 -51.407942
-2552.260408 -2116.644737 -31.973097
-2604.845805 -2133.122959 41.298451
-2558.502900 -2187.830206 38.192020
-2692.513412 -2206.459517 42.763626
-2418.781981 -2030.341872 -27.297435
-2526.047156 -2064.474909 -108.481903
-2976.905950 -2482.392796 -40.618598
-3175.309010 -2595.676069 -136.728981
-2326.071034 -2043.157192 -6.315914
-2923.672964 -2467.296351 57.446474
-3390.091097 -2858.284105 71.377444
-2787.399292 -2351.659097 56.390743
-2711.703982 -2352.453109 35.016894
-2753.935453 -2324.720144 56.887265
-2535.981502 -2066.376534 43.062412
-3307.516543 -2793.457971 66.867583
-2969.401043 -2418.795062 51.033640
-2845.161824 -2402.684113 55.505341
-3047.144019 -2680.782843 -16.830219
-2953.701079 -2601.506323 -47.606800
-2558.810906 -2254.229958 -39.236369
-2369.065817 -2008.016942 35.718551
-3352.840571 -2800.173601 -59.262009
-2604.116035 -2124.667477 35.232705
-3083.958272 -2621.703707 46.225452
-2534.872875 -2180.426066 34.861324
-2469.103451 -2124.651838 34.175673
-3144.335174 -2755.761945 -21.281046
-3157.163271 -2586.159861 34.658744
-3255.489571 -2860.904743 -73.021049
-2421.190272 -2115.488262 -29.225805
-2480.789757 -2158.387931 -87.303494
-3127.295267 -2607.638923 72.255861
-3499.530063 -2841.007364 62.368996
-3004.360426 -2487.564272 66.598545
-2930.211657 -2389.545006 51.782276
-2499.585471 -2090.377558 58.551297
-3304.669745 -2694.245430 58.703498
-2370.322506 -1948.952299 9.512317
-3354.336776 -2939.113026 -7.807059
-2666.698090 -2135.325920 -78.866093
-2797.722769 -2240.669594 -82.319474
-2359.607616 -1927.283861 12.848525
-2488.372729 -2132.606280 -91.354601
-2590.349352 -2167.718463 -44.845241
-2454.078111 -1999.365284 36.675900
-2672.355587 -2307.142167 16.457815
-3130.089590 -2617.842386 -53.907695
-2490.392695 -2123.454548 -32.464237
-2730.237277 -2370.151882 26.723996
-2971.547680 -2616.751928 -18.061855
-2617.257991 -2299.121485 -2.368895
-2638.884664 -2329.593919 -39.773421
-2981.828250 -2632.567281 -44.471706
-2277.222616 -1997.070103 4.647385
-3408.917228 -2877.405882 72.587235
-2374.185234 -2000.487037 50.897502
-2713.321864 -2366.444914 13.157757
-2757.356484 -2355.918423 -4.193830
-3502.308817 -2855.485718 -24.325192
-3384.035157 -2806.670500 -54.206578
-2380.852899 -2089.650525 -22.039216
-3060.104504 -2700.227358 -58.989769
-3457.703898 -2933.377763 -156.167554
-2244.937135 -1952.071814 -83.512224
-2233.318332 -1866.574172 -19.036103
-2470.299315 -2146.406320 -90.794057
-2217.798542 -1931.856022 -78.843243
-3078.995522 -2681.568126 -108.830013
-2352.726804 -2051.556423 -81.918863
-1966.135570 -1686.249632 28.251221
-3260.816300 -2870.671041 -62.481123
-3262.607722 -2863.214255 -27.323490
-3304.627770 -2899.449701 -26.835228
-3198.525133 -2806.484519 -87.877761
-2809.813149 -2451.046360 -96.995171
-3455.039565 -3014.268872 29.595395
-2212.232176 -1910.639098 35.673911
-2846.787740 -2317.319640 57.538199
-2465.689644 -1962.451724 5.275408
-2466.685044 -1963.852434 5.424498
-2711.333839 -2374.693003 -26.261808
-3309.171243 -2684.170542 -94.639448
-2123.980538 -1836.975902 0.596507
-2754.699972 -2312.505846 -30.770915
-3284.327963 -2892.507983 -41.322435
-2564.588707 -2224.770508 26.033200
-2124.615589 -1773.705945 -37.467825
-3162.013758 -2510.965316 -84.523061
-2919.055346 -2568.324727 -36.173124
-2133.522131 -1856.096965 -73.537525
-3039.187361 -2517.450502 71.610533
-3122.015985 -2529.010667 53.876732
-2266.151769 -1940.506288 35.760336
-3483.451966 -2764.575907 7.919521
-2346.328621 -2009.966659 36.770367
-3492.891757 -2771.268793 7.054796
-2255.737565 -1880.532660 -33.293296
-2980.475897 -2623.433860 -35.675941
-3287.053461 -2602.060318 -32.649418
-3515.739207 -2852.890121 -102.158172
-2289.976612 -2019.114669 -12.848407
-2042.511047 -1795.441287 -12.073748
-3189.423989 -2698.525628 64.933174
-3155.320006 -2769.213506 -33.273137
-2595.749685 -2165.208374 58.531771
-3051.393610 -2674.170300 -2.280138
-3412.301403 -2674.004933 -42.300754
-3276.452727 -2576.928405 -88.796039
-3231.319513 -2534.573549 -57.191187
-2919.910663 -2381.661053 -88.776740
-2055.020263 -1739.274585 -24.237142
-3205.893203 -2644.767254 -124.818244
-2190.920952 -1848.424912 -47.605518
-2141.873942 -1800.474384 -88.970847
-2925.939764 -2472.711017 31.181360
-1870.333564 -1542.271009 34.824596
-2664.180568 -2250.824383 -59.665093
-2224.994718 -1830.423657 22.691314
-3325.352486 -2767.528724 -69.635746
-2599.017638 -2072.167744 -2.754329
-3083.026102 -2565.431609 -65.082981
-3231.058401 -2743.679067 -24.968547
-2700.097285 -2316.604689 -50.812920
-2717.332365 -2276.408593 -65.288693
-2357.644199 -1973.380000 -56.402491
-3199.557112 -2701.320041 -9.842753
-2516.562988 -2102.548411 -51.161278
-2066.787529 -1778.645470 -13.490326
-2930.025918 -2521.835743 -19.278481
-2226.679826 -1792.208770 -55.629746
-3210.274689 -2617.219358 -31.696139
-2340.538242 -1882.428321 -28.278183
-2931.393393 -2420.830914 53.460097
-2922.132038 -2406.592199 -71.721780
-2705.771146 -2148.550297 -28.725897
-2496.791054 -2040.237533 -90.196318
-2644.926846 -2184.825819 48.748579
-2225.907521 -1791.298453 -55.870567
-2596.555285 -2144.426676 46.623698
-2491.491357 -2074.064729 -53.534566
-3329.303790 -2765.797281 -76.932690
-3208.079107 -2590.399753 -112.475087
-2948.361463 -2454.144643 -61.915295
-2716.431924 -2274.884633 -64.785846
-2639.554883 -2195.152406 -5.347154
-2905.684972 -2357.915852 42.202175
-2549.478842 -2097.915433 26.443427
-2257.768550 -1902.576871 -74.146401
-2731.297042 -2177.076017 -4.587038
-2532.721468 -2087.485081 47.643897
-3053.988836 -2557.824910 -72.613624
-2528.507596 -2061.934221 29.543100
-3399.353632 -2778.252535 47.069413
-2534.300858 -2145.985697 10.165142
-2638.238178 -2237.300686 9.309243
-3267.870495 -2800.811081 41.460501
-2548.422312 -2039.401429 -9.284790
-2200.389902 -1866.053664 8.331671
-2783.496594 -2356.465921 -14.317762
-2553.132387 -2183.956158 26.507932
-2996.339925 -2567.094462 38.398794
-2472.854257 -2093.472463 -13.074700
-2319.800602 -1962.952836 -12.320861
-2761.638059 -2334.259771 29.492698
-1886.280421 -1593.333094 21.209915
-3378.796865 -2942.410137 -76.756230
-3348.597571 -2870.742639 -133.748302
-3103.035291 -2519.165070 -122.366769
-2641.874714 -2236.870219 11.869760
-2365.918863 -1987.134212 -35.564326
-3529.091277 -3006.860839 -60.284921
-2695.991221 -2335.233290 -52.444337
-2470.036734 -2109.692758 23.581720
-2915.744589 -2493.213746 31.223121
-3186.863266 -2541.784322 -25.417985
-2198.927983 -1885.248578 27.507543
-2529.706424 -2140.842169 7.683758
-3127.613044 -2674.268638 33.058844
-2806.040329 -2405.767803 35.745807
-3370.369631 -2749.149294 38.911427
-2925.284427 -2491.702660 -49.766140
-2316.870748 -1986.842066 11.526396
-3290.517587 -2670.853839 -82.491847
-2318.231238 -1988.148340 11.606870
-2250.669349 -1970.993946 -50.803669
-2449.671495 -2088.068230 -75.781365
-3469.751887 -3032.234097 -87.788481
-2498.638487 -2041.737571 -91.631437
-2773.704410 -2249.684296 -70.349039
-2801.285637 -2335.066700 -70.972034
-2803.908622 -2298.445261 13.295449
-2226.631446 -1855.781022 -55.133887
-3308.497287 -2637.858266 -27.787657
-2368.806329 -1921.188474 4.838700
-3359.302247 -2789.943915 45.286263
-2830.551085 -2259.562913 -26.173639
-2894.149425 -2395.748591 -128.535496
-3070.925310 -2686.052520 -66.891727
-2289.316908 -1918.483020 -54.032917
-2811.358413 -2280.874002 -69.735042
-3259.261623 -2644.892951 6.114937
-2376.920320 -2013.567458 22.562010
-2315.225098 -2025.589246 -57.766862
-3562.265727 -2894.605043 -114.014047
-2784.515612 -2314.308595 39.056783
-3330.860036 -2684.079128 -38.253375
-2213.060423 -1835.138659 16.837286
-2690.280319 -2185.386432 -86.111339
-2199.004376 -1922.100481 -54.718513
-3030.173240 -2457.188181 5.784312
-3274.852990 -2864.664266 -71.526345
-2678.010635 -2230.946657 -66.915703
-3171.316240 -2631.384070 51.023303
-3321.447867 -2786.687189 16.062003
-2780.543847 -2240.766188 -18.627517
-3333.034479 -2746.831172 -82.107300
-3164.767525 -2549.995374 -19.635236
-3573.858691 -2892.644884 -93.827953
-2583.589705 -2081.704582 -15.534954
-3558.965994 -2880.239472 -93.237104
-3432.953384 -2852.786788 47.663833
-3049.295941 -2598.581654 -15.917972
-2683.453042 -2219.952017 -65.985396
-2413.603440 -1986.798926 -98.997308
-3467.757489 -2793.500450 -21.760404
-2015.431532 -1724.174546 -59.846052
-2145.522043 -1727.095643 -12.841402
-3265.530483 -2632.848759 -55.696797
-2991.265788 -2437.692515 -105.584215
-2761.599864 -2224.444313 -17.758821
-3023.694819 -2546.520190 -139.511538
-2731.709870 -2302.421017 -126.548358
-2696.665352 -2174.388544 -45.986717
-2615.702121 -2153.666229 39.792501
-2057.823437 -1723.934015 16.820596
-2365.085851 -1958.789943 -51.299323
-2378.165170 -1988.962344 33.647982
-2079.230476 -1676.133069 -12.527098
-2572.256703 -2134.584880 42.659583
-2696.201932 -2170.623300 -23.255053
-3045.556963 -2572.840472 -101.161534
-2576.759245 -2110.196349 -59.661259
-3155.584694 -2601.806982 -116.215452
-2710.956054 -2179.272463 -73.265818
-2985.860998 -2439.997882 -109.474879
-2424.299593 -2048.110225 -81.000130
-3251.063279 -2616.586264 -37.962640
-3073.902111 -2461.664151 -94.771268
-2786.710174 -2329.474911 39.849068
-2597.284228 -2180.416612 13.090152
-3112.253578 -2512.159834 -53.228019
-3182.551348 -2756.028685 -31.497470
-3477.640996 -2835.342334 -145.230811
-3209.298610 -2700.665139 30.165792
-3445.174380 -2890.940406 16.406713
-2539.385290 -2102.640414 -113.314283
-2957.798155 -2385.414757 -18.059048
-2323.130476 -1873.342607 -13.827626
-3254.329529 -2623.816303 -20.628274
-3454.477615 -2868.895742 56.235670
-2747.653309 -2323.476510 -13.807226
-2689.890464 -2184.971442 -85.586427
-2784.068938 -2243.869470 -31.298886
-2407.309100 -2011.903023 23.856285
-2125.949564 -1715.551056 -50.510861
-3239.527418 -2703.411180 35.393576
-2461.783382 -2039.946820 25.034809
-2774.154963 -2219.657663 -9.463736
-2382.155427 -2006.112588 -66.478572
-1788.450148 -1501.151410 -57.258459
-2567.900445 -2155.524450 -82.352399
-2871.189385 -2371.049423 -17.890949
-2405.061945 -1986.256461 -15.234220
-3222.760098 -2578.752913 -9.511832
-2170.309652 -1826.776220 -60.600031
-2779.086924 -2270.119319 6.726444
-2112.865516 -1766.546214 -93.043646
-2435.050265 -2033.779362 -101.177005
-2796.999815 -2315.860132 -15.400595
-2435.682335 -1951.182134 -41.373864
-2719.077575 -2259.881704 -94.328229
-3166.068116 -2536.482309 -53.828139
-2816.329148 -2293.537675 -8.341721
-3488.272869 -2926.518121 -6.645738
-2466.890551 -2075.911480 -67.399750
-2749.952256 -2327.809916 1.769422
-2745.809956 -2324.229180 4.031116
-2398.734451 -2029.733976 2.706797
-2670.319599 -2131.731009 -48.450699
-2669.963158 -2131.607058 -47.098232
-2690.104374 -2147.706396 -50.304518
-2248.569834 -1894.432194 -3.021407
-2593.667917 -2128.241389 -6.949223
-3490.975480 -2988.121505 -79.127646
-2571.001816 -2074.404530 -60.715516
-3112.109473 -2481.397869 -74.219377
-2877.594254 -2407.649430 -115.451820
-2279.810136 -1929.040101 8.763706
-2180.239184 -1862.090164 -46.076268
-2888.068533 -2370.025177 -8.246022
-2589.439756 -2210.178836 -63.385017
-2667.137951 -2226.312968 29.418906
-3363.631266 -2709.465012 -78.489370
-3208.777869 -2634.007294 -9.154328
-3356.263117 -2686.681804 -10.505353
-3566.984633 -2959.980331 -137.542668
-2264.883316 -1882.240182 -78.586120
-2991.924328 -2497.680211 -124.268292
-3351.961610 -2766.257207 -30.719370
-2307.958070 -1905.773941 -22.186664
-2465.269304 -2053.178054 26.027338
-2389.840286 -2006.291909 -64.595978
-2648.908306 -2187.413207 -24.989989
-3177.530666 -2732.936781 -26.373762
-2170.603454 -1815.673641 -95.663325
-2590.726087 -2061.252146 -13.627319
-2141.409708 -1703.720833 -17.518163
-2973.274025 -2452.463247 -41.895529
-2870.867247 -2326.892276 -112.282786
-2381.434703 -1998.506210 -72.614499
-2594.004397 -2160.564398 6.292287
-3533.237439 -2948.184819 -165.154386
-2784.898642 -2293.958407 -94.831942
-2336.282344 -1959.394268 -67.687990
-2337.885736 -1887.029591 14.564588
-2382.108811 -1997.524763 -69.916251
-2449.126319 -2063.212990 27.823059
-3520.666049 -2965.826324 -88.488901
-2381.171669 -1994.511571 -104.753380
-2592.907161 -2166.763057 9.784578
-3143.825437 -2640.358120 -88.473866
-3094.376274 -2613.698501 36.390155
-2385.472264 -1976.682356 -18.863215
-2749.016457 -2225.537330 -24.746410
-2326.920302 -1955.999612 -67.067574
-3486.471064 -2928.726178 -110.988028
-3201.797170 -2691.135588 -96.504711
-3117.137777 -2619.843695 -89.445886
-3142.623112 -2640.909173 -89.788256
-2873.393706 -2414.154484 -80.267023
-3318.164061 -2742.145755 -147.151191
-2411.636657 -1989.894922 -22.455248
-1964.101339 -1655.894125 -67.631393
-2258.866444 -1903.021101 -74.731213
-2709.443781 -2276.383368 -75.742499
-2928.477537 -2506.778368 24.794803
-3113.305809 -2622.837181 -103.376181
-3240.572034 -2608.092940 -69.508227
-2618.199950 -2215.329019 -44.647979
-3399.707054 -2800.880685 -83.988264
-2644.823540 -2168.199789 -23.987747
-2355.977628 -2039.878139 -46.145293
-3357.484092 -2852.876912 -24.875582
-3460.698163 -2848.004933 -63.748137
-2734.905171 -2251.021670 -50.317033
-2461.092090 -2064.483543 -69.854084
-3398.006601 -2796.333409 -62.305627
-2517.547246 -2045.002505 -81.170490
-2419.520197 -2115.819532 -51.599553
-3417.612841 -2727.492837 -29.286671
-2362.933322 -1981.201605 -55.224516
-2669.110524 -2334.651937 -56.796603
-3257.553658 -2730.584104 -9.992765
-2805.744518 -2298.034178 13.947562
-3077.679267 -2579.341625 -81.480629
-2788.418102 -2389.889405 -109.904447
-2507.010001 -2107.525011 3.762811
-2474.290870 -2142.684510 -49.241427
-2941.938071 -2509.140622 -60.653549
-3485.610394 -2971.184217 -71.682191
-2748.528006 -2243.979796 -19.651087
-2797.111478 -2374.962258 -62.725394
-2468.007984 -2030.289998 33.547072
-2333.443373 -1961.284803 -69.739541
-2925.270634 -2480.191102 -61.192873
-2520.986549 -2058.370126 -36.890785
-2575.638229 -2164.138099 -78.890347
-2523.381990 -2163.057948 -98.956474
-2241.110093 -1880.772720 -63.062777
-2374.032895 -1992.318290 -45.632755
-2228.073252 -1852.874290 -48.332238
-2843.319857 -2342.967853 12.593410
-3337.511975 -2775.481484 -70.479234
-2203.800709 -1844.457053 30.107827
-2673.872172 -2224.204799 -56.712696
-2537.180743 -2186.294021 7.646697
-2722.724711 -2263.948936 -59.550473
-2540.172200 -2099.094866 -66.024568
-2867.938553 -2365.419587 -107.135101
-2310.644396 -1921.402172 -50.411533
-3000.025608 -2509.244219 39.837508
-2350.885084 -1931.270106 -44.866832
-2536.890132 -2168.909423 25.943432
-2712.978174 -2378.687563 -49.117853
-3335.362391 -2827.864851 32.434775
-3082.166429 -2589.125205 -46.211505
-2829.653733 -2323.101309 22.825885
-2794.074016 -2305.693357 -108.544351
-2420.080167 -1989.956367 -46.039217
-2875.394285 -2366.202184 0.088426
-3132.902026 -2513.576012 -94.417189
-2290.023544 -1943.069564 4.160050
-3256.570070 -2608.856747 -57.028017
-3225.987340 -2690.566105 31.559542
-2582.290180 -2070.028768 -78.667383
-2968.590601 -2478.740803 29.227190
-3328.126677 -2669.701954 -100.171880
-2026.998222 -1725.052177 -5.145080
-2224.099440 -1829.121222 3.116680
-2258.202524 -1821.050809 -53.919420
-3055.529101 -2462.227705 -73.191491
-2658.957001 -2112.082395 -56.108303
-2575.127464 -2166.575757 37.438503
-3430.578985 -2822.793710 3.911985
-2775.556000 -2239.404179 18.649709
-3364.801368 -2810.920614 34.150112
-2522.550907 -2107.917529 24.701692
-3127.758608 -2627.208362 -66.684692
-2784.639736 -2440.560466 -55.999388
-2626.475487 -2133.555208 3.544083
-3233.458157 -2621.883753 30.021852
-3351.381518 -2806.916972 -88.247274
-2650.966621 -2220.096892 -78.902914
-2818.098335 -2359.686963 -73.915053
-1817.438257 -1479.884741 -43.224247
-3121.217788 -2597.440844 -20.264663
-3142.171340 -2549.780226 -25.586593
-2554.497027 -2099.935808 -48.143254
-3143.365719 -2550.931502 -25.165797
-2785.197577 -2355.173376 -68.240911
-3501.854200 -2842.875809 -29.387912
-3115.525233 -2641.634297 -66.208459
-2420.081833 -1978.666099 -29.466784
-3067.871160 -2599.491427 -65.033574
-3365.322262 -2860.186588 -77.302536
-3414.848456 -2815.996213 -132.671179
-2597.336826 -2231.638692 -29.999001
-2394.349308 -1955.822781 -94.913550
-2349.984461 -1916.149348 -96.738057
-2187.584180 -1898.341507 -52.303088
-3195.888688 -2585.757557 32.110905
-2707.503186 -2348.391833 -64.459022
-3258.007466 -2683.318942 -80.939350
-3233.843373 -2749.204765 -74.659723
-3294.343420 -2716.776888 -127.421846
-3352.545587 -2841.256229 -70.354120
-2606.859782 -2128.973705 -103.319134
-2125.758502 -1826.170047 -79.633033
-3469.543259 -2948.380022 -24.416676
-2377.478921 -1941.942721 33.180144
-3555.223105 -2990.746366 8.157577
-2455.649606 -2038.366341 -44.041768
-2680.709537 -2185.243581 -27.116689
-3231.842055 -2783.166059 -113.304153
-2495.001267 -2038.530677 34.663523
-2616.774530 -2137.971137 36.446699
-2887.216801 -2498.412405 -107.074805
-2781.600517 -2290.840251 42.996492
-2611.755797 -2256.394158 -4.808405
-2523.809742 -2056.790812 -25.641086
-3334.014527 -2854.628784 -55.095790
-3313.696290 -2709.497513 -32.653781
-2580.381074 -2079.542207 -30.798985
-3419.373060 -2797.009331 -58.234107
-2538.222732 -2024.149068 -16.862386
-3294.902324 -2702.297549 15.954096
-3465.101506 -2841.290723 16.256732
-3030.499869 -2518.999772 -138.812175
-3032.494888 -2520.813021 -138.739900
-2774.848148 -2306.653385 -6.239306
-2950.474519 -2487.361394 -117.144098
-2076.654019 -1726.562751 -4.432532
-2160.827570 -1753.615938 -65.856273
-2494.970656 -2006.706159 -62.742340
-3012.766496 -2564.701262 -92.411354
-2098.233461 -1744.525964 -4.560623
-2579.225687 -2057.354664 -21.973829
-3105.477516 -2626.752717 2.138822
-2734.051029 -2342.380543 14.176940
-2751.477994 -2297.274851 28.448260
-2933.225625 -2532.939671 3.529748
-3078.058293 -2558.231800 41.719126
-2464.926215 -2160.485885 -55.372101
-3121.295340 -2685.147836 34.150261
-2100.790978 -1781.571306 -85.680429
-2713.520270 -2294.434179 -93.554371
-3316.516335 -2897.024166 -85.048404
-2822.751447 -2449.273272 -32.078877
-3073.978891 -2666.933772 -87.596928
-3313.403521 -2668.850724 -110.573175
-3303.223643 -2796.507928 -125.314639
-3551.401234 -2839.542156 -81.629296
-2605.978849 -2096.197737 -65.721246
-2222.030842 -1903.475606 11.543498
-2453.714091 -2098.845666 19.437457
-2484.421379 -2171.411750 -64.532095
-3000.023502 -2566.005401 23.297190
-2851.567461 -2415.405320 -48.368765
-2606.826420 -2207.399760 -45.090611
-2253.320920 -1911.992271 -46.969297
-2933.798178 -2484.463517 -50.350303
-2325.101040 -1968.356305 -40.620962
-2576.281205 -2137.260968 19.545501
-2496.084660 -2121.644175 -28.746180
-2586.636534 -2149.259435 -5.659591
-2420.029875 -2049.435438 -42.429976
-2251.548708 -1926.278603 17.247319
-2432.206924 -2093.215529 -18.629920
-2339.974005 -1933.614812 -61.412952
-2369.260606 -2039.527363 -17.843781
-2544.799864 -2140.638951 5.424443
-2577.588727 -2101.890730 -67.013924
-3449.198666 -2797.483826 -39.982353
-3448.421352 -2796.030551 -40.430123
-2217.228667 -1887.662092 1.142019
-2217.718526 -1898.539940 16.040969
-2395.640102 -2005.723566 -73.325826
-3164.069730 -2662.088375 -78.156305
-3430.812096 -2730.688738 -60.066112
-3330.250721 -2772.013800 -21.286051
-2699.151773 -2148.741974 -46.507899
-3336.383251 -2795.759954 -58.517960
-2080.816955 -1784.916533 -54.335148
-3435.673294 -2919.861740 -80.245574
-2497.693544 -2142.645638 -65.189561
-2299.922899 -1983.865303 6.671653
-3037.963786 -2616.094780 -98.275276
-3303.523151 -2775.397816 60.757111
-2596.397129 -2263.125305 -0.823442
-2288.464455 -1922.881484 42.077078
-3403.618716 -2800.303620 -94.019803
-3128.047966 -2573.490281 -59.432462
-3011.399786 -2488.027340 -19.726186
-2940.183042 -2476.496877 -43.195737
-2427.480349 -2038.598268 -36.709082
-2578.384790 -2081.706984 -90.585712
-2610.394093 -2227.021549 -84.036363
-2625.649653 -2180.721441 -89.704749
-2800.701627 -2357.767732 41.173057
-2048.655967 -1678.773814 -59.508205
-3146.289426 -2660.463441 36.091382
-2396.972913 -1990.295141 -81.821017
-2929.052891 -2530.444925 -34.402952
-2518.776734 -2152.442761 -91.971203
-3225.868794 -2618.413577 -79.651653
-2302.155918 -1908.128925 4.426272
-2090.809189 -1767.611791 -10.436027
-2475.991234 -2052.998220 4.710029
-2235.034259 -1915.988645 -25.784293
-2989.151182 -2472.324642 -75.040719
-2240.640407 -1882.916189 -62.725643
-2765.022768 -2340.238121 -16.731151
-1955.902630 -1661.094305 -7.524401
-2401.787824 -1996.616173 -82.473038
-3404.038654 -2793.863340 -67.292105
-3371.509338 -2852.591108 -16.012450
-2661.743483 -2285.272823 17.339371
-2556.108786 -2071.284154 -64.553705
-3278.346165 -2706.973414 30.527805
-2332.923175 -1860.258365 -56.736366
-2813.040851 -2314.699642 43.115662
-2331.955545 -1859.530839 -56.778643
-2461.304687 -2006.937011 10.223707
-3049.817910 -2426.345272 -55.910753
-2817.376656 -2318.387151 43.205919
-2989.890951 -2401.498788 -92.083681
-2840.783444 -2472.356972 -40.779094
-3437.977398 -2895.974068 -4.888916
-3485.871890 -2776.058183 -74.104414
-2907.593734 -2530.452559 -41.753914
-2593.708775 -2212.322284 -3.066406
-3396.797615 -2697.128031 -69.772561
-2610.734407 -2204.558645 -99.019184
-2404.658187 -1938.505588 -41.421581
-3262.238385 -2697.381237 -84.981279
-2640.959581 -2267.640224 14.389881
-2902.154732 -2379.881896 -26.828141
-2678.594656 -2309.258222 8.511008
-3498.935701 -2972.778284 -13.281181
-2925.043580 -2522.850702 9.719098
-2552.683833 -2168.961614 -11.082008
-2454.091402 -2117.137888 8.584359
-2747.258002 -2298.199135 37.058778
-3433.769834 -2802.150093 -142.729411
-2243.652480 -1864.702721 5.371917
-2431.220665 -2102.519478 13.265926
-3002.702358 -2431.252833 -118.511607
-1948.132748 -1595.479964 -17.794233
-3045.690946 -2492.896376 -37.511940
-2243.420500 -1780.703380 -54.007074
-2595.689235 -2172.236026 15.469215
-2599.839900 -2086.412784 -78.908970
-2597.521648 -2206.156701 -88.579498
-2423.583766 -1988.671701 -50.925775
-2736.205616 -2244.411965 -57.099581
-2830.383694 -2481.157089 -51.003113
-2654.132646 -2115.815440 -0.264962
-2663.991916 -2166.391565 -80.653057
-3532.886121 -2973.688052 -94.171412
-2443.547950 -2135.275785 -34.978781
-3000.186617 -2421.552843 -106.690926
-3140.886494 -2646.942284 -88.458035
-3516.999178 -2854.906937 23.308259
-2387.542274 -1977.648956 -50.777461
-3271.443660 -2755.110882 -4.378959
-3337.170294 -2669.089744 -39.853126
-3483.828363 -2963.364498 -95.794632
-2395.703225 -2005.009477 -74.111188
-2585.441220 -2084.233716 -30.312824
-2364.572381 -2036.817634 18.770677
-2469.721364 -2127.427255 19.543308
-2617.621814 -2170.711561 4.205395
-3405.077086 -2737.818123 -124.970888
-2961.344205 -2393.078682 -60.472550
-3125.224572 -2592.416572 21.880098
-3349.824755 -2725.599274 -88.289054
-2267.796314 -1871.963397 -64.749206
-3366.993999 -2716.264999 -40.126098
-2488.486798 -2054.273673 -70.975456
-2990.684100 -2438.627959 -90.899516
-2300.839782 -1829.858578 -14.442622
-2654.637398 -2154.230200 -30.272699
-3226.489887 -2566.094784 -20.096683
-2876.826508 -2458.730828 22.109701
-2557.305485 -2107.888184 10.881987
-2789.713404 -2383.988052 21.577354
-3097.200578 -2570.578141 -141.036111
-2404.027502 -1937.924211 -29.239529
-2695.441479 -2174.069480 -32.269240
-3042.803787 -2606.332694 -9.054378
-3044.160415 -2660.814176 -43.611367
-2662.900214 -2251.651443 -94.787709
-2183.202947 -1803.458205 -76.085484
-1979.959844 -1704.550548 -13.738225
-2785.156801 -2294.337282 -93.552794
-2778.263503 -2347.106525 27.690081
-3256.126701 -2682.764702 -109.608445
-3183.315366 -2680.108405 -146.682311
-2517.678822 -2149.116585 -53.561861
-3008.419553 -2567.557614 -23.879886
-3438.238883 -2935.129716 -26.207418
-2873.476076 -2453.656890 -22.698688
-3065.234225 -2602.137085 11.973573
-2773.556265 -2353.072528 9.441252
-2262.749055 -1930.124885 23.107507
-2828.814548 -2415.113422 -21.620534
-3049.391798 -2616.115514 -123.149952
-2506.569380 -2108.211670 -11.070842
-2440.736505 -1998.364217 -81.801848
-2788.515273 -2297.191654 13.162828
-2524.742987 -2105.920236 7.411279
-2212.471801 -1908.629629 -57.101823
-2354.021158 -1992.994049 -9.969947
-3588.668922 -2936.496866 -76.345681
-3330.074388 -2667.303788 -102.037227
-2251.067835 -1877.074650 6.800537
-2517.617621 -2174.073871 -62.485004
-2330.266678 -1858.180066 -55.093475
-1935.232419 -1677.156095 -16.851108
-3324.638227 -2648.184200 -59.898860
-2366.230598 -1991.167182 22.175366
-2414.488778 -1940.778160 -65.894282
-3293.405542 -2748.867267 11.114653
-2844.328234 -2286.616092 -77.768145
-2932.130271 -2450.061012 10.071424
-3019.387619 -2471.330577 -6.808519
-3352.030193 -2714.548166 26.070373
-3209.394505 -2760.292425 12.703685
-3208.419692 -2762.825053 10.964633
-2597.107644 -2218.134885 -20.595121
-2423.614554 -1990.411388 -97.676365
-2404.542862 -1999.314412 33.505823
-2616.506343 -2203.862217 -97.381070
-2230.186167 -1877.250472 -62.945804
-2992.495782 -2494.881038 -73.577744
-3288.272112 -2710.689272 -82.874834
-2574.396632 -2081.883879 -64.743766
-2487.763151 -2063.529238 -107.349761
-2403.945598 -1991.474310 34.947992
-2283.055716 -1862.107843 -2.639599
-3304.373685 -2758.906175 9.431420
-2168.725733 -1825.594084 -60.918683
-3231.145107 -2634.352766 -5.704886
-2977.583229 -2372.051103 -52.097798
-2337.269766 -1953.789238 -55.065166
-2121.449364 -1750.318783 -13.180911
-3250.251276 -2615.213920 -18.480588
-3349.467866 -2819.690562 -94.426268
-3136.362653 -2683.027070 -71.440253
-2409.970884 -1989.169736 -15.028709
-2598.601805 -2233.210364 -88.238860
-2282.099956 -1836.122550 -13.078776
-2947.543363 -2450.902413 -126.187305
-2928.821220 -2496.207100 -59.670699
-3219.425699 -2604.949868 12.092616
-2543.008421 -2144.493239 -52.109153
-2213.099935 -1888.905694 -45.508321
-2109.266091 -1775.779055 7.495927
-3228.277564 -2753.331713 -65.224991
-2670.605986 -2266.849116 -63.013404
-3366.101827 -2773.608747 16.128373
-2593.404730 -2137.206614 12.750988
-2890.746219 -2442.728226 -48.288806
-2469.169297 -2087.729847 -42.355303
-3099.698188 -2550.472648 -131.442399
-2552.606299 -2119.629480 -64.104394
-3081.530352 -2583.435824 -10.039239
-3048.317417 -2574.962248 29.561325
-2759.930444 -2330.677807 27.037623
-2477.027767 -2051.219369 6.001011
-3390.870704 -2738.451364 -112.453910
-2923.326701 -2313.677815 -34.417371
-3054.345359 -2666.545667 -89.870409
-2264.574978 -1792.328703 -27.205044
-3118.933635 -2569.560987 -26.543736
-2588.385600 -2082.204822 7.584840
-2717.054320 -2240.610844 -68.200300
-2604.860853 -2074.630812 -46.792607
-2627.851857 -2205.368283 -10.224508
-2810.421017 -2319.885574 -71.330587
-2105.826334 -1767.528301 -7.696952
-3470.776733 -2809.549178 32.809848
-2542.203174 -2190.493601 -66.096619
-2451.750798 -2017.315140 -105.050686
-3169.588308 -2608.393800 -136.340046
-3074.571638 -2579.142425 -11.155063
-2828.440640 -2434.619877 -20.360429
-3042.651960 -2461.190650 -126.170683
-3585.606897 -2936.024694 -38.342786
-2589.086144 -2189.234259 -13.498343
-3006.042442 -2593.716813 -14.257147
-2470.673796 -1986.751718 -89.752603
-2453.271001 -2003.033210 -5.579443
-3165.646780 -2614.730769 26.788076
-3072.458477 -2482.813959 -117.825286
-2931.015828 -2349.251421 13.129393
-3385.661842 -2786.936482 35.868033
-2097.892281 -1773.708501 -12.518470
-3049.830039 -2598.635151 -92.974509
-2988.998381 -2437.738291 -115.147922
-2701.701042 -2262.979885 -127.869773
-2912.327344 -2441.605304 1.296129
-3532.581054 -2880.818317 -133.799602
-3273.388148 -2820.525090 26.360458
-2693.080463 -2233.530336 -22.543809
-3254.254822 -2728.491435 -56.818335
-2519.760450 -2163.067432 -94.248990
-2855.324740 -2479.557378 -3.827305
-2564.084649 -2127.027852 -22.383627
-3239.324486 -2714.384827 -153.433549
-3493.329023 -2908.481865 33.988006
-2650.456010 -2283.620011 -7.402172
-2744.977800 -2363.256611 -20.358768
-2389.308926 -2052.591328 -90.478089
-3186.569402 -2587.535413 -134.815564
-2331.639746 -1931.204763 12.669180
-2090.600995 -1699.071652 23.134122
-2555.872523 -2076.428951 28.516129
-2233.789389 -1898.085408 -76.855771
-3555.147892 -2890.729059 -105.404004
-2561.946752 -2114.107491 -15.555449
-2650.453047 -2136.245279 -76.163003
-2897.671263 -2511.171101 -24.426481
-2469.326876 -2031.137873 37.861199
-2822.274973 -2321.044602 43.762291
-2431.811104 -2107.042879 -20.318621
-3204.550908 -2769.587506 14.613128
-3080.043034 -2470.089173 21.001896
-2935.334776 -2353.423777 -90.458284
-2449.305661 -1984.228667 -65.545794
-3307.119074 -2687.296644 -98.076785
-3042.293070 -2582.153209 -72.522457
-2483.873194 -2024.801158 -110.110012
-2718.972266 -2201.561152 -113.579666
-3444.236323 -2789.171403 -145.288105
-2139.416480 -1823.376417 -92.583477
-3384.350049 -2808.436562 -145.166152
-2478.829196 -2051.898578 14.047173
-2880.352037 -2342.671693 1.673672
-3326.690387 -2704.111693 -99.455744
-2527.911765 -2003.177580 -31.430571
-2763.787863 -2215.455812 -88.707683
-2996.503782 -2527.036789 22.922951
-2280.788778 -1817.460909 -3.295329
-2795.510886 -2419.126373 -32.150288
-2279.132379 -1970.477286 -26.218654
-3063.129056 -2644.548086 -82.414077
-2912.047655 -2397.467479 -117.059212
-2542.260568 -2092.830126 -103.045171
-3082.934954 -2643.301436 18.428704
-2949.082642 -2435.604932 50.965594
-2451.878934 -2003.206846 -100.625270
-2536.965880 -2091.483868 43.339978
-2457.708681 -2027.691274 40.780723
-3216.377127 -2549.779371 -42.286042
-3364.922371 -2776.435601 58.407851
-2622.520523 -2165.035189 46.073431
-2570.784502 -2117.389267 -104.074026
-2318.605155 -2028.892400 -56.989291
-2815.523039 -2336.296139 -71.439960
-2763.919734 -2224.268039 -19.748320
-2461.680858 -2115.103267 27.267006
-2786.680209 -2212.455388 -76.871992
-2234.250491 -1916.443704 9.257937
-2461.341020 -2114.641560 27.307489
-2565.227554 -2117.399461 -43.780865
-3328.946067 -2678.065272 -40.830229
-3484.712970 -2840.868919 -122.611962
-3028.760131 -2403.839973 -83.345388
-2339.394143 -1937.992223 10.838795
-3287.010637 -2813.311947 -6.813076
-3136.586372 -2598.530205 14.449031
-2468.519689 -2036.391968 -42.479686
-2559.981634 -2060.263834 -99.563133
-2522.302098 -2156.814974 -55.812904
-2455.873292 -1984.216806 -60.826286
-3594.241409 -2913.943313 -122.952438
-3201.870946 -2605.980763 -133.486227
-2674.681563 -2234.524662 10.911159
-2347.818219 -1866.476301 -30.403653
-2662.668265 -2142.215909 -64.424873
-2782.593478 -2339.172822 -91.839188
-2375.585569 -1938.769981 -1.955509
-3418.786101 -2818.675134 -44.614025
-2555.212313 -2062.561374 -61.701865
-3277.930942 -2622.278077 -79.483546
-3022.277263 -2424.667706 16.581326
-2506.304675 -2064.923575 -107.489450
-3512.138818 -2869.719212 -5.205317
-2595.339740 -2094.230975 -62.239663
-2903.188118 -2506.110869 7.618704
-2565.039286 -2097.727033 -29.716068
-2892.042878 -2391.476484 25.410092
-3228.563660 -2700.230577 -130.119676
-3107.060268 -2598.396722 -125.144305
-2578.198940 -2185.271188 -98.922375
-2971.449619 -2368.149354 -55.371672
-2585.733488 -2177.400183 -63.836240
-2050.177025 -1682.029954 -6.037685
-2568.944255 -2090.128442 -81.305605
-2770.446300 -2303.260164 8.461893
-3506.241159 -2834.852451 -73.841728
-2167.960798 -1763.729338 -69.481841
-2557.628298 -2101.616526 -10.494198
-2026.994246 -1609.309814 -49.144614
-2301.833816 -1980.081093 -93.110152
-2599.649200 -2229.831531 10.737887
-2674.226098 -2174.750209 19.692057
-2309.638450 -1919.632359 -102.499520
-3445.415659 -2968.580440 -137.375197
-2478.274445 -2131.903360 -99.249046
-3269.116141 -2749.800012 -76.011667
-3567.372937 -2899.292510 -113.933701
-2547.924430 -2062.795428 -101.388819
-2560.983902 -2127.274875 -114.768669
-2675.013831 -2262.888335 4.440363
-2993.798776 -2422.332836 -119.955684
-2561.665901 -2206.688634 -101.689623
-2226.634968 -1924.911451 -58.400076
-3157.443126 -2510.259481 -18.994669
-3055.228412 -2627.917372 -118.453112
-2366.329796 -1963.270088 -60.754220
-3380.506998 -2751.397029 -139.940540
-2066.942512 -1694.319220 -47.906915
-3330.252395 -2812.140250 -131.817739
-2647.262954 -2161.386829 -39.320311
-2667.882079 -2124.983126 -49.460745
-2413.122811 -1926.550324 -27.986971
-3534.406624 -2954.473858 -151.296645
-2705.736556 -2155.294206 -49.465551
-3237.815202 -2726.101926 -21.548945
-2678.037220 -2238.377006 -114.314405
-2410.187579 -1988.251506 -22.836636
-2799.002881 -2429.519350 -39.078312
-2868.539003 -2367.232277 -27.447272
-2585.613286 -2134.248401 -24.923279
-2106.512564 -1689.213260 12.698872
-3005.287369 -2498.364569 -80.633085
-2308.887527 -1921.746468 -10.727988
-2275.032098 -1820.807784 12.123519
-2732.594908 -2365.679332 -31.519066
-2661.695574 -2140.605756 -64.145194
-2335.369611 -2010.725747 -80.823908
-2618.544502 -2074.367913 -35.681792
-2510.395164 -1996.576550 -75.201233
-2500.272452 -2166.030329 -66.340839
-2455.909360 -2102.359805 17.507673
-1966.871541 -1556.674520 -47.784160
-3055.371886 -2427.904921 -91.892163
-2055.871541 -1785.358807 -30.015752
-2906.208629 -2418.147646 -132.693989
-2922.054366 -2458.955494 -64.935949
-3165.162144 -2741.448904 -36.301744
-3427.924276 -2889.275098 -95.135282
-2335.283557 -1847.264886 -34.224461
-2233.660725 -1865.106561 -61.312732
-2039.633129 -1687.882486 -36.738813
-2258.635774 -1885.509408 -62.197339
-3206.645456 -2651.836445 -38.042584
-2291.114572 -1905.269683 -103.217544
-3089.184288 -2578.984150 -85.874704
-2669.101747 -2218.562508 -119.958211
-3280.838434 -2812.795995 14.594972
-2513.007189 -2088.748712 -113.116659
-2959.411550 -2563.758691 -33.747239
-3427.274097 -2725.999205 -102.200603
-3104.993260 -2580.084606 -139.989065
-2650.795093 -2202.900904 -120.038049
-2116.504305 -1849.277536 -55.029059
-3198.538640 -2641.993170 -83.956329
-3255.779431 -2828.109731 -22.104879
-2443.332682 -2009.427338 16.834427
-2358.329985 -1940.129647 16.656735
-2458.109181 -2042.986661 31.329690
-2896.053177 -2382.746710 20.246464
-2191.404547 -1847.685624 33.600682
-2404.188364 -1980.640116 40.620853
-3531.316841 -2909.654755 59.836994
-3008.328039 -2480.530145 50.741147
-2642.173538 -2177.529953 44.265528
-2209.456244 -1821.662370 37.504747
-2801.987038 -2221.599003 -35.759103
-1966.693335 -1632.382468 -71.164146
-2443.424842 -2018.515128 -82.652973
-2957.758877 -2446.031547 -50.323522
-2704.025212 -2333.908558 8.277538
-3148.691944 -2670.444688 -127.510204
-2768.587505 -2246.569678 21.404121
-2736.000059 -2232.285488 -42.429814
-3002.191724 -2382.309140 -83.403009
-2558.302704 -2089.604143 -104.405352
-2365.817585 -1939.607124 -67.294430
-2818.523923 -2310.543033 -80.152047
-2250.875722 -1817.025632 7.171364
-2076.661236 -1747.516645 -30.980270
-2634.549754 -2288.963247 -39.224184
-2370.472143 -1964.531286 -65.459383
-2622.164082 -2139.634535 -39.062383
-3267.208426 -2666.020250 -48.801826
-3071.757308 -2444.930224 -56.553215
-2683.205342 -2207.269202 17.652488
-2669.163243 -2125.732930 -49.239015
-3284.847370 -2812.051543 -50.203884
-2383.384666 -1883.302692 -50.442436
-3363.456033 -2658.148457 -68.524876
-3216.755731 -2606.722043 22.221044
-2382.377299 -2010.831511 -27.060955
-2767.569638 -2190.661791 -69.511625
-3281.959787 -2766.297477 -91.304288
-3143.630857 -2654.692513 -99.472113
-2718.250142 -2151.019145 -67.180745
-3167.375136 -2750.180002 -45.608072
-3242.854314 -2835.927768 -46.035157
-1915.347850 -1516.133914 -47.330924
-3291.741233 -2789.909600 -30.137828
-2096.940564 -1730.213605 35.610496
-2730.953459 -2187.115252 17.136779
-2175.125046 -1751.664731 6.261407
-2926.831073 -2350.662827 16.872474
-3217.814734 -2581.762630 21.162323
-2882.907074 -2386.644042 2.657178
-2915.108371 -2497.116066 -119.627413
-3072.989363 -2475.647196 8.791598
-2913.095562 -2499.455605 -118.858208
-2423.297988 -1942.654662 15.928987
-3142.787052 -2696.646604 -128.338701
-2432.586029 -1964.543569 -61.210466
-3110.176586 -2575.797731 1.902505
-2341.921857 -1999.887941 -50.885826
-2918.312827 -2339.397132 18.594770
-2779.898420 -2247.055438 -69.339690
-3015.055185 -2435.307541 -77.033957
-2590.145483 -2180.960283 -15.157607
-3395.623707 -2715.820109 -109.831498
-2466.567465 -2054.906541 -65.562491
-3100.667959 -2611.071649 -19.530478
-2621.221871 -2184.129863 -69.646965
-2258.402425 -1817.674722 5.797380
-1856.046096 -1537.680260 8.804775
-2925.010140 -2471.535417 -17.148888
-3163.752122 -2533.018671 -103.415608
-2765.039553 -2214.187293 -90.790629
-3211.667670 -2582.345117 -126.386081
-2257.362594 -1816.703406 5.823536
-2942.295733 -2437.492329 14.370558
-2437.768604 -2003.968949 -11.797079
-2474.043196 -2097.665200 -46.234652
-2379.766030 -2008.118949 -39.027244
-2557.595277 -2101.399553 -11.320621
-2467.066849 -2107.866044 22.688542
-2842.233264 -2459.797020 -31.730293
-3262.478057 -2704.210123 -29.564236
-3283.792294 -2816.878640 9.528782
-2771.269762 -2332.517573 -16.495638
-2994.239192 -2444.535219 -3.125162
-2241.519097 -1859.810819 6.063769
-3229.428839 -2670.820313 5.492546
-2364.240683 -1922.307549 -101.684175
-2342.091061 -1930.405691 -101.581118
-2662.815503 -2289.377413 10.844835
-2777.774120 -2337.173473 -16.334419
-2045.457435 -1694.551920 10.415645
-2448.092806 -2115.519577 -67.386619
-2441.136750 -2111.026137 -67.727314
-3276.018616 -2696.327787 59.108211
-2553.344875 -2022.509183 -72.135028
-2592.282270 -2191.093160 -15.067784
-2272.971215 -1825.856879 12.653437
-3100.427673 -2620.743312 -17.604692
-3310.341407 -2629.444220 -101.050883
-2333.703351 -2020.022824 -65.208243
-2256.266633 -1811.781581 8.768052
-3367.375773 -2707.898876 -80.044825
-2605.850698 -2092.438219 14.324462
-3077.964449 -2436.578723 -73.647346
-3422.403187 -2705.324784 -48.545276
-3215.531658 -2596.676029 -82.529497
-3056.807168 -2418.973265 -77.018132
-2002.657645 -1692.804318 -11.486213
-3020.461483 -2457.744029 0.798718
-2554.011846 -2108.969422 -66.944385
-3145.496608 -2487.797917 -81.249624
-2338.712836 -1850.614603 -59.041263
-2461.618714 -1976.130180 13.024038
-2326.627327 -2010.049693 -64.832838
-3121.100574 -2477.767370 -96.542993
-2729.238153 -2362.322419 -30.634097
-3577.742554 -2944.063856 64.866122
-3469.849369 -2786.063476 -136.397290
-3162.008799 -2538.407391 13.500774
-2622.436103 -2111.812835 -105.439318
-3195.638019 -2593.194311 26.753129
-2324.027138 -1963.310312 -14.081305
-3557.612356 -2992.533610 -52.163001
-2282.092161 -1830.776387 -14.246929
-3015.091683 -2485.390847 -18.099762
-3091.409056 -2524.130023 -46.469447
-2613.676344 -2072.034168 -30.669404
-3273.143336 -2594.488025 -38.749788
-2371.888609 -1878.481689 -64.953415
-3575.746183 -2871.432638 -128.835270
-2301.701335 -1992.459470 -64.624169
-3169.879156 -2512.059309 -88.216254
-3054.046651 -2420.251426 -83.389550
-3167.804944 -2510.020665 -88.456720
-2697.516354 -2246.364567 -49.000758
-3009.263309 -2545.771380 42.439010
-3186.056840 -2534.434796 -9.143753
-2910.370243 -2400.457379 -113.893582
-3072.807678 -2539.364413 -50.143533
-3061.099775 -2627.815621 39.057020
-3482.008361 -2988.593357 44.753803
-2742.771640 -2359.386478 -20.260819
-2393.050142 -2052.839984 30.494435
-2869.761709 -2366.451433 52.915794
-2514.919080 -2073.250061 46.513055
-3263.165402 -2728.655711 -87.201617
-2396.681310 -2020.767970 -52.881808
-2688.312817 -2295.855036 -82.579310
-2921.010132 -2510.900105 37.656064
-2813.062395 -2317.572085 -117.873083
-2373.313218 -1952.317081 -45.599898
-3084.687664 -2516.592104 32.051662
-2688.503859 -2296.053123 -82.348403
-3471.380317 -3008.069118 11.297664
-2309.511380 -1943.985379 -106.849993
-2962.160132 -2505.421544 -94.706904
-3471.551146 -3008.215606 11.124862
-2809.639315 -2292.540926 29.234611
-3319.127370 -2786.933614 -50.644313
-2694.132639 -2296.325447 -12.920126
-3260.325179 -2678.393682 -121.747188
-2505.690829 -1999.449068 -55.395636
-2613.832647 -2222.799138 -91.129482
-2996.635860 -2378.477052 -33.260695
-3419.104625 -2783.154883 -8.927044
-3181.931875 -2757.307015 -31.149952
-2097.195462 -1745.194355 -64.190435
-3575.977614 -2975.860502 -110.057066
-3229.348035 -2587.842639 -53.064595
-2813.855597 -2335.943661 36.345724
-2622.050494 -2103.093478 19.902127
-3230.513865 -2588.954861 -53.394893
-3460.322773 -2913.887772 24.458839
-3485.675101 -2780.731902 -34.974986
-2916.313159 -2458.201485 -63.282129
-2815.115233 -2420.883489 -32.392577
-3280.396245 -2763.482443 -71.431819
-2926.310026 -2502.621562 -46.680577
-2787.763483 -2251.053809 -7.521884
-2765.996758 -2223.875251 -36.413986
-2930.740386 -2467.471037 19.915189
-2388.509878 -2011.098067 15.216548
-3061.644124 -2577.927112 20.368294
-2744.251327 -2185.869487 -28.877074
-3423.805142 -2777.645218 17.806857
-1887.348225 -1623.709671 -73.017383
-2891.258752 -2363.356327 -101.082875
-2472.290393 -1978.707820 -6.289394
-2923.397057 -2491.225902 -50.913441
-2830.514634 -2256.855479 -26.045984
-3290.258793 -2634.333665 -8.518047
-2598.486931 -2123.571129 -90.755408
-2478.739296 -2122.504808 -39.787899
-2340.990969 -1967.742370 -99.481382
-2187.847288 -1857.265255 -40.604610
-2302.592397 -1955.233351 -42.583734
-3150.280589 -2529.445626 -3.801527
-2941.404372 -2360.577801 -3.159520
-2569.100894 -2061.933118 -2.432963
-2707.998131 -2275.575388 -115.205390
-3345.229324 -2862.261520 -53.886828
-3218.059170 -2719.948070 -51.983094
-3371.830394 -2819.826487 -67.144275
-2279.392286 -1921.291725 13.959520
-3163.261537 -2715.521859 -121.856161
-3247.310904 -2605.833105 -69.242890
-2683.881468 -2333.466537 -22.284825
-2792.241510 -2432.265637 -60.330766
-3565.607834 -2890.947194 -114.254895
-2820.434436 -2359.297272 -74.895197
-2726.156535 -2281.635069 -72.685118
-3524.697026 -2904.377310 -80.456538
-2160.666081 -1789.720047 26.849942
-3378.855059 -2833.504907 -100.342190
-1874.485964 -1545.019432 -43.151020
-2643.006027 -2097.961843 -19.506639
-2014.099687 -1629.143935 -22.744580
-2398.140294 -1954.553576 -99.909624
-1979.873800 -1653.519998 18.784610
-3200.335291 -2598.359404 -11.522356
-3357.002411 -2846.942293 -72.340607
-3470.296342 -2916.595351 -145.834700
-3414.017848 -2810.994504 -142.468321
-2231.589404 -1887.949090 30.002837
-3008.572005 -2523.264968 -57.742484
-3270.913889 -2732.673594 -65.794295
-2343.829263 -1947.085373 -3.427557
-3561.370809 -2986.855940 -68.155421
-3565.239568 -2989.281880 -68.411847
-3594.247225 -2855.418269 -102.634444
-3487.915262 -2776.699824 -13.354749
-2905.688894 -2393.127865 -121.658841
-2891.212962 -2392.348551 -80.990470
-3648.354472 -2899.100407 -52.170457
-2512.029345 -2019.827621 -93.607484
-3012.457501 -2590.937640 -1.140652
-2803.652600 -2430.639163 -77.827764
-3228.650226 -2731.500033 1.583397
-3599.423253 -2947.184893 -86.773753
-3265.646988 -2821.818577 -33.019365
-2953.975227 -2463.406419 0.017856
-2427.094243 -1933.629578 -24.805718
-3489.445992 -2770.632686 -13.919411
-3108.165608 -2470.308299 -45.063549
-2778.044106 -2306.321045 -5.951511
-2852.382788 -2368.604900 -5.711291
-2600.094639 -2230.686405 -97.290484
-2489.227913 -2022.762347 14.017635
-2522.136714 -2054.007156 -104.076168
-3007.524470 -2450.843933 -124.067879
-2399.726232 -2085.149360 -20.216229
-2596.561057 -2256.358315 -21.626748
-3309.579754 -2876.433214 -27.462795
-2939.339750 -2448.212749 -72.356890
-3321.099761 -2765.580884 -82.039348
-2911.911726 -2401.560520 -114.056216
-3342.991648 -2782.602208 -54.606852
-2462.637141 -1963.386358 -0.171919
-3371.890182 -2802.622517 -80.519719
-2935.932248 -2484.017505 42.055775
-2012.166662 -1747.312826 15.004600
-2428.092668 -2054.786438 34.840612
-2523.145817 -2167.948402 34.460084
-3359.569370 -2711.094470 16.201501
-3465.352754 -2795.427081 15.717283
-2083.986234 -1774.282213 -57.618835
-3269.768246 -2753.693016 20.321416
-2847.740663 -2462.491153 -98.643880
-3110.563447 -2619.917133 -67.106401
-3419.375747 -2727.498689 -75.557974
-2446.137544 -1981.603610 -82.280678
-3237.185944 -2590.983808 -1.156756
-2441.305693 -2014.524395 -96.248134
-2542.751538 -2199.431338 14.338243
-2829.395113 -2455.807728 -24.937423
-3342.115818 -2697.790588 -99.518482
-2925.326318 -2517.187067 -0.456530
-2151.917936 -1828.688791 -74.305270
-2672.423307 -2312.699185 14.950508
-3356.899318 -2744.242547 8.800629
-2898.721535 -2494.647228 -92.950293
-2578.748418 -2236.326185 -38.178480
-2318.277608 -1994.976043 -75.139648
-2439.678153 -2013.090036 -96.266083
-2677.126262 -2183.683855 -39.376661
-2510.604333 -2150.717513 -5.160237
-2512.480493 -2152.351469 -5.039845
-2670.571776 -2203.232487 -105.370511
-2859.334294 -2279.647648 0.743594
-3557.144829 -2982.853909 65.668321
-2607.706559 -2084.998346 -0.818612
-2664.055868 -2166.679434 -80.473654
-2937.585461 -2368.539424 13.563432
-2344.465965 -1973.777564 -50.650881
-2791.636789 -2283.975108 -66.524447
-2430.425330 -1995.656007 -25.977708
-2854.347631 -2294.187930 -105.648737
-2524.622687 -2090.299327 -73.177536
-2401.093176 -2085.615280 -21.224284
-3381.773827 -2797.799661 -63.507245
-2826.751377 -2338.636437 -52.779222
-2090.039654 -1821.872686 -33.836786
-2253.042744 -1919.718997 -10.732364
-2073.714443 -1766.903189 -10.141300
-2727.697172 -2325.310660 -23.920968
-2601.487344 -2230.419680 -100.096742
-2972.398081 -2576.356899 -27.934483
-2138.488164 -1838.956008 11.611418
-3002.512232 -2454.413888 -78.616675
-2606.285878 -2240.023734 -84.018806
-3024.322337 -2498.256161 -20.460698
-2296.898781 -1846.364548 -63.627523
-2635.861852 -2159.198528 -7.134509
-3076.861317 -2595.904866 -15.319931
-3443.715741 -2901.302162 -11.192520
-2691.435082 -2175.938123 -29.418977
-3498.428097 -2977.209705 -71.172747
-3401.221694 -2895.907357 -68.415867
-2602.876055 -2233.818855 -98.663885
-2527.586237 -2153.335535 -51.814335
-2554.604136 -2198.556146 -18.717604
-3357.405408 -2850.662211 -62.600290
-2289.611158 -1948.479977 -45.638240
-2340.743393 -1993.225551 -46.696641
-3255.971658 -2681.990087 -75.332389
-3276.271134 -2783.596979 -113.730265
-3275.711867 -2783.075507 -113.189209
-2508.599076 -2160.929038 -65.586204
-2957.939684 -2407.344818 -42.165235
-3079.704394 -2527.412479 -33.239807
-2984.974362 -2466.509433 24.842603
-2328.027696 -1850.408888 -7.102617
-3301.508085 -2624.476935 -10.198967
-2549.300594 -2061.732442 -92.221398
-3348.796551 -2720.356071 -90.225969
-2856.131959 -2328.823165 -109.004906
-2565.223426 -2160.805884 -8.085671
-3435.278537 -2801.008192 -131.567803
-2584.232604 -2099.720335 -69.702806
-2329.964982 -1933.840100 -5.172972
-2281.849674 -1860.348773 -0.259383
-2542.134766 -2052.161399 11.099330
-2745.318701 -2359.635968 -87.431749
-3498.762624 -3014.003508 -102.376607
-2485.110963 -2136.548301 -78.930027
-2365.314908 -1873.296328 -27.164211
-2246.345641 -1856.373662 6.014572
-3010.767664 -2590.809345 -98.867826
-3331.160495 -2866.660517 -109.242458
-2298.845448 -1979.046941 -75.580271
-3355.094787 -2857.601384 -95.332279
-3307.798113 -2713.072939 42.479805
-2381.937721 -1955.721711 -50.712764
-2886.223350 -2348.936951 29.099140
-2720.921212 -2317.262076 -76.822028
-3572.999332 -2868.378195 -115.604260
-3300.797089 -2700.372146 -115.529799
-2697.485070 -2214.958614 -57.408216
-3344.798175 -2746.567177 -73.666203
-2256.951953 -1856.083785 -44.691755
-2913.316651 -2396.090435 -58.119828
-3252.923294 -2592.550064 -37.282298
-3500.557061 -2814.833318 -134.854048
-3425.641747 -2838.879019 6.035283
-2507.073536 -2000.503840 -55.667641
-2448.302637 -1974.708365 -72.934130
-3457.059268 -2838.646507 -105.649459
-3213.243188 -2581.539066 -104.131540
-2201.397377 -1855.873237 18.114386
-2992.228801 -2388.419255 -29.062329
-2341.190892 -2031.573915 -69.077459
-2561.892964 -2063.366250 -32.054997
-2339.646087 -2029.525465 -69.208458
-2343.305638 -1940.963630 4.334931
-3295.921194 -2730.336023 6.318588
-3110.907972 -2525.336099 17.816876
-2737.977630 -2388.110682 3.140557
-3022.216784 -2453.067414 16.430125
-3026.255123 -2460.151859 18.250327
-2064.201949 -1776.296904 6.273046
-3058.254634 -2654.087179 -89.438435
-2379.295499 -2047.184452 7.779145
-3378.324585 -2814.281689 -56.357548
-3051.538030 -2541.004603 -51.211158
-3034.402301 -2499.599826 47.851985
-3332.144019 -2877.801575 -89.789424
-2370.182101 -1946.965494 16.768523
-2768.422787 -2390.736529 -75.032806
-3488.592635 -2772.135549 -105.885523
-2566.011687 -2098.838551 -60.482965
-3560.855017 -2943.595138 30.132760
-2370.221242 -1882.154354 -68.461376
-2183.754375 -1733.892563 -63.035743
-2866.249514 -2272.918363 -41.184773
-3510.702443 -2802.789841 -33.585840
-2297.055635 -1870.087729 -95.087222
-3166.707365 -2535.497528 -108.646160
-2914.166056 -2312.945754 -84.124959
-2636.299144 -2142.167935 15.131735
-2997.857256 -2435.246653 17.135109
-3421.977034 -2741.570211 -116.762082
-3529.549816 -2866.673962 21.353370
-2660.781637 -2162.471303 15.716546
-2794.119252 -2237.692812 -96.256029
-3049.330088 -2443.894818 -104.852973
-3325.090452 -2634.732368 -50.173440
-3492.592114 -2872.034484 23.534069
-2705.049669 -2329.670666 -88.301924
-2801.966652 -2297.492714 36.514197
-2614.711959 -2159.352172 24.770698
-3334.230084 -2771.249731 -145.749768
-3096.431128 -2486.185889 -100.874848
-3230.852876 -2623.466708 25.416400
-2530.379371 -2186.743806 5.217628
-2812.702101 -2282.872582 21.690334
-2555.585957 -2110.538763 23.382023
-3404.775040 -2781.955794 -27.052728
-2653.850097 -2207.242390 -115.920702
-2460.890766 -2010.453303 -19.067185
-3320.493716 -2721.466971 44.012316
-2843.025865 -2315.920738 39.645786
-3181.366248 -2728.401041 -21.737912
-2907.391310 -2403.091304 27.635639
-3107.612720 -2567.577664 26.868055
-2464.737679 -2037.511911 21.910319
-2690.270916 -2183.078145 16.929536
-2500.681835 -2091.681038 -29.953151
-2493.426178 -2003.130119 -96.979998
-3530.600460 -2892.881015 -10.382725
-2861.164988 -2411.186061 -44.952040
-2953.602515 -2417.039479 -9.134760
-2332.307290 -1915.623915 17.163709
-2109.587291 -1733.205231 16.151399
-3232.033134 -2582.470793 -111.505347
-3027.951451 -2490.702587 56.789960
-2683.714210 -2274.943710 -18.350417
-3192.484005 -2592.817722 -86.651382
-2443.533482 -1937.605430 -34.473496
-2172.544123 -1720.960443 -30.983794
-3364.900561 -2851.710769 -23.774451
-2775.959686 -2218.521147 -95.048790
-2594.064655 -2199.199232 -17.953758
-2337.205680 -1932.106773 6.061482
-3181.477505 -2625.107984 -101.225371
-2556.065484 -2135.681691 -29.882389
-2389.189635 -2064.257945 -64.419114
-2967.181950 -2604.511934 -53.546856
-2112.657953 -1768.437732 -50.076803
-3128.994746 -2537.787873 -105.096607
-2513.794232 -2072.640844 -59.615070
-3329.374589 -2739.754283 -85.512750
-2627.163134 -2111.647360 11.566755
-3222.538729 -2653.286494 -82.285150
-3588.479832 -2942.854730 -94.853367
-2067.476064 -1710.628674 -50.534358
-2831.077508 -2305.941064 -103.038257
-3452.073617 -2771.086183 -79.598274
-2904.742479 -2392.518078 -75.355494
-2703.220061 -2170.066154 -61.874356
-2104.906896 -1695.582230 -13.507155
-2210.325757 -1806.977599 -88.357902
-3217.832764 -2685.343011 -152.380521
-3435.186264 -2750.393435 -58.344187
-2293.952037 -1908.017806 6.859619
-2424.439556 -2104.005335 -3.870206
-2787.631528 -2337.692500 -78.172886
-2764.598654 -2361.436090 -102.660885
-2548.586798 -2185.550960 -25.523544
-2065.536462 -1699.437416 -53.010567
-3219.421298 -2577.435021 -99.818136
-2477.034952 -2147.527417 -4.541866
-3089.343248 -2545.178242 -78.834399
-2634.456922 -2200.833346 -11.268173
-2219.477685 -1924.346772 -4.023729
-2508.348284 -2092.121048 -117.191269
-3355.785880 -2753.620208 -27.828412
-2700.893669 -2155.409004 -49.000566
-3202.192607 -2651.994818 -19.012802
-2605.313877 -2158.042752 -15.139901
-2366.145371 -1993.683364 -50.450438
-3102.829417 -2504.894678 -72.314029
-2563.736753 -2109.272462 -66.022071
-3322.494608 -2729.798335 -39.060927
-3064.887665 -2530.283994 29.902703
-2835.703266 -2289.130237 -66.916304
-3003.128210 -2500.631179 31.374077
-2241.239874 -1809.630930 -52.884421
-3212.973752 -2608.985878 -42.102254
-2651.856187 -2227.700409 -75.860332
-2134.789886 -1729.896669 -70.245300
-2525.894869 -2108.868957 27.918592
-2792.600936 -2345.117812 -79.014766
-2542.071764 -2133.309460 -69.236091
-3436.615055 -2751.701223 -58.372344
-2440.343682 -1999.015590 -18.480076
-2280.593894 -1869.295007 -17.103338
-2382.348866 -2048.108047 -26.710367
-3494.242356 -3005.187256 -28.146056
-2817.883259 -2340.415497 -25.326682
-2348.731727 -1869.522433 -27.365389
-2574.679433 -2161.613153 -76.998512
-2867.621230 -2464.858980 -32.103581
-2423.939642 -2013.037944 -58.641895
-2584.883697 -2234.374281 -29.205293
-3336.572734 -2815.440120 -132.703005
-2986.313830 -2535.471387 -61.346709
-2067.308381 -1772.208067 6.740013
-2715.639483 -2382.604157 -48.886220
-3126.251639 -2573.131744 -77.061454
-2793.343172 -2300.085470 -74.562932
-2305.180176 -1853.915959 -61.074365
-3181.901413 -2612.990654 -84.100305
-3202.500648 -2778.816357 -13.188540
-3504.165491 -2826.323654 -89.433617
-2732.391662 -2250.508204 -73.028790
-2618.260928 -2096.267597 -64.179204
-3109.307903 -2553.067078 -82.164435
-2616.660363 -2095.007920 -64.038989
-2380.550611 -1973.613978 22.975928
-2473.910321 -2108.252421 -29.133899
-2581.871804 -2215.414273 -5.225976
-3361.010620 -2759.789660 -88.878561
-2428.106706 -1947.067311 -28.451591
-3186.145703 -2554.739604 -36.681859
-2707.257812 -2302.542894 -6.972281
-2907.955336 -2331.000928 -33.390592
-2939.000214 -2369.214561 -74.982950
-2405.429679 -2095.277740 -24.197102
-2557.263354 -2048.782299 -13.833982
-2803.759715 -2260.268503 -71.347333
-3338.091513 -2692.506373 -134.629548
-2400.846327 -1984.846463 -63.316076
-1775.920513 -1539.241077 5.124927
-2598.608901 -2192.042508 7.885815
-3340.519785 -2830.543213 37.591718
-2586.634927 -2151.853922 -10.519612
-2977.114058 -2562.056651 -103.013497
-2695.844973 -2171.964005 -24.459363
-3523.453633 -2864.931578 46.178763
-3442.829761 -2826.856568 -108.155363
-3208.241143 -2714.427973 -117.309143
-3474.551816 -2801.295796 -33.285625
-3268.459099 -2830.656358 -31.877751
-2491.811886 -2123.516811 -13.328915
-2448.724161 -2125.539926 -27.838568
-2555.699825 -2120.425187 -46.786913
-1850.964165 -1598.420092 3.065609
-2653.314454 -2234.163267 30.180925
-3314.778559 -2658.075818 15.983265
-3047.551312 -2596.950180 -16.290257
-3329.620315 -2767.127729 -91.091771
-3247.198067 -2803.776578 5.348564
-3437.377932 -2852.765469 -63.820628
-2377.154395 -1959.628036 11.040204
-2079.600912 -1801.474339 5.309049
-2542.806073 -2232.917222 -45.472888
-2657.312886 -2142.823326 -25.136433
-2457.928287 -2116.036240 26.796606
-2362.938375 -1893.154533 -12.594808
-3215.133509 -2657.686945 -85.862022
-2876.218574 -2450.575233 -32.313463
-2428.960206 -2050.024607 -54.658944
-2055.859054 -1731.693645 -29.748439
-2126.702766 -1734.085966 29.181540
-3129.929849 -2635.556636 -46.127846
-2309.454133 -1944.311415 33.515831
-2227.507230 -1893.366817 7.431049
-2133.152939 -1728.489384 -70.755428
-2406.155379 -2013.394345 6.242377
-2607.569015 -2098.883502 10.872812
-3052.444206 -2666.420343 -45.963391
-2923.097622 -2416.935811 -71.508387
-3367.468935 -2783.426330 -82.828810
-2603.221341 -2197.778749 -59.308693
-2379.658120 -1947.555910 -27.999862
-3204.908918 -2602.545271 -134.490934
-2449.108045 -1984.128196 -62.634642
-2904.779612 -2352.220799 -75.237759
-3321.029350 -2720.618273 47.724887
-2177.792785 -1770.329671 -83.561457
-2659.143517 -2215.156592 47.591757
-2449.119367 -2100.289832 -5.731739
-3461.250596 -2823.518172 -77.940023
-2485.833799 -2038.920687 -99.282115
-2584.009475 -2202.364358 -30.049187
-2164.434664 -1852.061913 -33.114086
-2464.260063 -2126.235872 9.287938
-3517.526471 -2890.232081 -105.138764
-2793.104350 -2256.174817 -76.226253
-2258.784788 -1972.771639 -32.681464
-3445.394158 -2778.100023 -41.221398
-2736.240951 -2207.305460 -25.748276
-3004.045880 -2518.370647 -147.668956
-2586.990385 -2178.055410 -12.064192
-2406.156776 -2006.744684 -115.576580
-3562.052215 -2851.100550 -111.210575
-2663.416716 -2178.435639 -57.616755
-2015.322528 -1746.753268 -58.506007
-3353.597915 -2751.809318 -38.544679
-3105.075065 -2585.906736 -151.063454
-2507.228427 -2161.452921 -63.760864
-2648.446111 -2283.911883 -67.515336
-2278.103400 -1964.827662 -57.798480
-2121.065950 -1718.686890 -23.947141
-3036.028475 -2620.544609 -76.555806
-2639.764943 -2260.022035 -107.809093
-2194.803480 -1774.868139 -92.728205
-3129.747139 -2679.668874 -127.677082
-2703.207304 -2264.798256 -128.609989
-3533.994453 -2960.963281 -169.488962
-2130.338990 -1833.807945 -54.527476
-2207.260038 -1793.241494 -65.967421
-3380.762305 -2716.680994 -98.629463
-3309.746615 -2659.294624 -97.036993
-2608.985478 -2104.284499 -29.657502
-3192.157765 -2748.062309 -81.255418
-2560.303388 -2123.538654 -67.077454
-2936.067844 -2360.473074 -94.326282
-2487.919299 -2065.463686 -22.064952
-2566.493622 -2130.052951 -22.555744
-2272.108069 -1833.056871 -25.020514
-2737.338307 -2208.756323 -27.885682
-2693.487075 -2173.796264 -29.444043
-3333.888206 -2866.630606 -82.575926
-3095.847301 -2599.893728 -149.381390
-3210.157835 -2722.818263 -75.691714
-2255.193027 -1890.288280 -8.149974
-3412.326553 -2869.148783 -111.753395
-2148.824512 -1737.974265 -89.386182
-2807.981483 -2354.248431 -18.270987
-3321.015873 -2783.103187 -21.294463
-2962.728769 -2484.778407 -144.833472
-3045.356609 -2461.553788 -126.487338
-2680.149900 -2247.192419 -131.580344
-3338.399839 -2858.717224 -36.474106
-2951.317417 -2470.257786 -145.253798
-2615.673205 -2190.328354 -126.980534
-3041.620227 -2604.447230 -33.223304
-2174.987330 -1820.044174 -107.727255
-2654.164675 -2178.768468 -120.142652
-3265.489055 -2724.630527 -158.537749
-3105.334712 -2589.282550 -150.699915
-2131.484481 -1721.735574 -87.957109
-2333.801446 -1957.077116 -114.073924
-3189.505635 -2683.302255 -154.838531
-2772.700381 -2330.772555 -134.550211
-3077.798372 -2559.852208 -149.758359
-3444.297295 -2864.095602 -167.906130
-2526.905609 -2122.423489 -122.404094
-2585.881136 -2052.316013 -20.473943
-2129.589953 -1857.566551 -64.786662
-2937.576015 -2332.172108 -22.595876
-3432.634426 -2912.875262 -146.635873
-1869.858805 -1503.053002 -60.094311
-3227.290724 -2644.269626 -128.817733
-2593.388477 -2113.662641 -5.792632
-2568.699752 -2228.977583 -28.671990
-2528.793674 -2096.272320 7.461564
-3354.148338 -2753.472368 -38.476055
-2596.804571 -2240.876412 -72.132808
-1831.793256 -1472.666104 -59.906848
-2124.852003 -1718.609380 -88.100943
-3358.825779 -2833.701671 -161.688293
-3245.271724 -2732.671463 -14.343709
-1898.601681 -1535.628836 -79.978440
-2653.081890 -2147.102494 -111.965660
-2165.360979 -1754.288209 -59.026600
-2319.116921 -1852.083506 -47.820486
-2010.563924 -1605.675990 -41.250819
-3383.619640 -2750.555083 -129.556289
-2736.679904 -2229.979873 -30.368829
-2291.205147 -1994.823616 -71.162551
-2762.239525 -2405.056840 -84.357360
-2466.948605 -2063.801075 -121.976616
-2840.712907 -2379.166150 -15.472636
-2184.206966 -1836.686043 -105.269508
-2405.722650 -2006.415463 -116.889343
-2943.961724 -2466.420757 -15.369170
-2770.998207 -2232.589059 12.287322
-1821.669372 -1547.153708 -80.440746
-2436.265243 -2035.662607 -120.883178
-2636.016103 -2279.873802 -29.473553
-2801.904986 -2294.975628 -31.941089
-1996.642347 -1644.359320 -58.188007
-2555.595420 -2110.097656 25.490668
-2521.947907 -2096.642484 8.045306
-2382.864457 -2018.477949 -15.456077
-2898.408832 -2452.336460 -11.194730
-3462.652799 -2880.000902 -155.117409
-2497.291918 -2071.475732 0.978088
-1855.969423 -1528.956186 -53.389621
-2426.425784 -2116.252428 0.997593
-3498.010699 -3024.049844 -40.009774
-2594.743454 -2255.793645 -26.703122
-2492.718666 -2011.824506 -61.825589
-2431.585694 -1962.607967 -61.039962
-2220.088306 -1832.872296 -78.494065
-2628.752705 -2106.169608 15.065606
-3003.876616 -2408.245548 16.043658
-3048.957700 -2445.175428 17.429707
-2967.037379 -2465.562795 -80.718673
-2495.711678 -2010.487312 -69.589950
-3299.751224 -2619.306499 -3.783863
-3549.419127 -2836.135730 22.901944
-2934.072837 -2558.450251 -71.598929
-2818.696806 -2440.506631 -31.842384
-2032.928486 -1687.570874 0.178397
-2495.510262 -2004.239419 -87.285502
-2307.902643 -1841.528352 13.244128
-2507.892081 -1995.074281 -79.358715
-2466.667095 -2122.568832 25.906099
-3007.861054 -2553.810717 -26.193986
-3209.820550 -2694.488735 -2.900224
-2342.577982 -1918.021462 -27.737718
-3395.798357 -2742.874628 -36.752273
-3257.479793 -2667.206167 -37.940485
-2072.947926 -1723.870071 6.441513
-3192.880276 -2576.464235 -132.899943
-2774.875023 -2243.533968 -68.729993
-2560.791010 -2070.032132 -63.244106
-2784.500707 -2227.023441 -91.011079
-3479.811102 -2819.167913 -95.764151
-2634.146123 -2263.871674 9.643323
-3294.313829 -2678.446319 -144.381776
-3333.301413 -2765.538216 45.161316
-2307.945027 -1862.843614 -24.849353
-2782.383730 -2224.559682 -90.804155
-2712.123631 -2253.732765 -132.057471
-3508.871568 -2970.326605 -23.564723
-1890.904522 -1534.741067 1.890216
-2789.371901 -2303.021002 -49.253135
-2609.020645 -2105.853065 -28.228183
-3085.563406 -2556.614739 -149.373264
-2665.666104 -2210.167597 -130.161944
-2097.595952 -1780.793499 -87.894167
-3158.541625 -2683.032116 -133.516546
-2957.665538 -2480.400383 -146.226409
-2526.807260 -2087.373609 -38.735616
-2591.723566 -2179.566278 -12.591322
-2153.837308 -1804.964227 -106.306420
-2926.745406 -2462.488349 -15.860757
-2516.247124 -2100.385551 -125.010557
-2559.524351 -2152.755881 -13.980127
-3303.374656 -2737.686048 -163.393880
-3228.518994 -2609.913462 -86.714963
-2651.279722 -2203.847564 -129.282004
-2875.992101 -2375.509939 -72.220711
-3272.482003 -2715.066852 -161.685874
-2623.942524 -2195.819295 -14.435158
-2014.491956 -1686.061519 -11.275727
-3520.834934 -2919.768185 -174.018747
-2644.735617 -2222.508852 -129.665132
-2709.071289 -2244.020775 -134.229949
-3174.204202 -2620.073473 -138.437771
-2056.781329 -1792.287571 -64.902586
-2578.254819 -2214.233605 -28.252816
-2676.306857 -2122.971399 -2.890111
-2307.480999 -1842.513899 13.706756
-3521.050659 -2781.562887 -40.178172
-2113.473876 -1697.752226 -86.232244
-3113.055607 -2499.425782 -126.344968
-2716.636260 -2181.008534 -107.949435
-3058.688515 -2416.528850 -44.463454
-3114.369268 -2502.269885 -127.496062
-2383.893579 -1895.219025 -73.569562
-2686.034971 -2122.631210 -38.982467
-2880.241039 -2314.268338 -117.740166
-3377.824491 -2750.497989 -148.877204
-3362.969349 -2854.119173 -141.794317
-3218.740575 -2584.876012 -131.530452
-2435.559358 -2124.151916 -12.202578
-3272.498562 -2603.304072 -104.072202
-2733.566915 -2201.224367 -116.511084
-3023.651550 -2501.219494 -150.184063
-3314.386774 -2793.213933 -28.099568
-3324.393779 -2776.843705 -165.166384
-3013.423815 -2532.125297 -15.141634
-3149.268303 -2502.910288 -101.380197
-2941.102016 -2472.163114 -15.017881
-3576.541143 -2893.896978 -160.615317
-3378.776339 -2737.461664 -154.832042
-3187.243512 -2533.471526 -104.113626
-2765.220967 -2215.445077 -93.269744
-2276.791987 -1838.065680 -99.794145
-2483.947775 -2022.169132 -111.454938
-2015.530960 -1714.593898 -91.677047
-3277.822295 -2783.640140 -139.850091
-2606.821780 -2062.861480 -35.993356
-2460.435491 -1989.322064 -103.434210
-2588.062413 -2146.276717 35.398378
-3286.792933 -2798.292146 -26.900590
-3285.182553 -2796.802240 -26.912133
-2290.120738 -1890.713045 -40.778717
-3342.046665 -2760.714841 -85.604010
-2949.288191 -2434.629644 -52.743286
-2094.767642 -1782.928459 -92.453267
-2233.770102 -1900.266175 -98.746602
-2792.767860 -2264.202187 -122.802221
-2932.211955 -2493.218182 -128.574193
-3358.735004 -2724.721814 -149.158641
-2249.307340 -1873.756897 -111.145731
-1783.967029 -1421.980074 -59.614782
-2629.273555 -2286.155119 -80.517285
-1937.686616 -1545.815679 -65.293720
-2656.885925 -2119.824363 -88.646131
-3073.155804 -2466.340106 -101.672040
-2183.638848 -1831.234673 -15.474565
-2825.942942 -2333.271330 -71.762422
-2527.570405 -2121.039756 -125.132997
-2733.270633 -2328.069978 -121.051187
-2601.579347 -2217.657824 -114.970136
-2577.891616 -2099.204373 -113.875541
-3353.774494 -2717.726970 -151.246060
-3083.988592 -2556.885412 -154.386671
-3358.121792 -2820.367464 -165.221044
-2742.104201 -2187.066237 -94.266660
-3394.449238 -2748.717590 -151.820435
-2527.983279 -2051.298753 -113.213230
-2596.767063 -2095.314328 -111.421090
-3286.291536 -2758.415763 -21.789428
-2410.883298 -2073.103172 -17.008252
-3019.315272 -2522.970701 -58.288848
-2026.444718 -1775.182847 -33.016970
-2444.900138 -2102.385099 -16.549867
-2635.207464 -2265.778359 -18.164749
-2522.627740 -2110.025594 -51.492073
-3370.996285 -2743.544531 -39.993226
-3223.493770 -2634.946959 -121.912745
-1961.426407 -1702.331450 -47.867459
-2476.256332 -2112.353645 -22.484137
-2452.129087 -2041.886097 22.302539
-3083.311653 -2447.694441 -33.841263
-3205.909394 -2609.942315 -82.933181
-3400.317252 -2746.571531 -59.018175
-2388.748840 -1952.794660 -90.195321
-2170.640764 -1894.682141 -30.604616
-2558.670023 -2069.946660 9.618436
-2631.738843 -2283.843549 -63.765138
-2625.416774 -2135.623180 -31.147605
-2787.093873 -2251.421823 -7.667984
-3566.654112 -2915.888514 -136.347235
-3319.072675 -2855.362166 -25.665178
-3308.109718 -2846.368209 -25.325771
-2163.938289 -1890.386885 -35.313052
-2837.213844 -2478.186804 -46.286733
-1823.216945 -1451.609161 -21.286076
-2419.943990 -1978.699360 -92.653630
-2945.195044 -2472.804754 -47.892675
-1967.467938 -1665.667485 -63.045225
-3340.357880 -2751.902357 -86.935602
-3496.240325 -3034.687261 -84.392832
-2392.340356 -2056.111303 10.837516
-3496.747211 -3035.100185 -84.442155
-2929.263685 -2517.484192 14.282551
-2708.379893 -2175.823417 -74.706460
-3358.833670 -2735.795091 -52.803504
-3305.762022 -2703.170803 -125.265555
-2621.057138 -2112.340124 -23.734945
-2948.253115 -2375.975870 -27.643058
-3188.169331 -2700.044810 -122.523195
-2604.013652 -2205.492678 -99.993723
-3246.343761 -2654.557093 -123.194726
-2830.083320 -2280.982069 -26.597480
-3381.004997 -2839.800814 -54.390319
-2953.916700 -2381.548267 -26.192887
-3128.024126 -2635.077240 -67.184872
-3201.884220 -2612.211952 14.504744
-3278.233923 -2705.259060 33.114890
-3279.308847 -2705.699875 33.449835
-2692.544330 -2204.105574 38.715220
-3125.352085 -2540.153154 -18.636573
-2151.808660 -1709.606858 -24.255797
-3062.362397 -2533.676509 -131.585557
-2925.801106 -2464.373649 32.250883
-3061.589538 -2533.058283 -131.475114
-3442.274507 -2898.717765 37.555120
-2161.524788 -1759.576584 -5.379695
-2324.815538 -1880.262291 -25.851510
-2380.763097 -2004.823407 22.470985
-2025.346361 -1638.640804 6.410875
-2582.040987 -2089.586856 7.254152
-2677.299350 -2331.950097 -80.837929
-3013.953773 -2589.279775 -3.967021
-2974.760923 -2452.280970 15.136494
-2952.184734 -2467.655903 -12.843242
-3377.564468 -2797.333945 -144.922892
-2519.724088 -2108.865582 -124.501665
-2746.072466 -2271.858104 -118.859641
-1978.092602 -1667.727810 -9.583268
-2725.634247 -2254.707557 -117.725219
-3160.182876 -2557.018531 8.519186
-2438.499435 -2040.645105 -120.844936
-2499.166103 -2087.672289 -11.979060
-2996.794483 -2425.598334 7.905891
-2890.492015 -2328.147084 -27.191719
-3253.026991 -2645.755134 -126.656088
-2299.849061 -1905.157492 -19.768881
-3377.392117 -2799.851017 -160.893115
-3563.890361 -2897.763872 -140.867441
-2694.150909 -2289.930834 -124.035350
-2986.626505 -2601.052027 -91.057893
-2500.337749 -1999.611022 -78.779183
-2796.111475 -2236.209600 -88.333632
-2771.078421 -2286.162278 28.436270
-3289.010484 -2769.729767 -11.957311
-2251.016863 -1895.535265 -8.143396
-2543.106145 -2202.209778 13.590845
-3248.725814 -2734.982011 -12.961045
-3055.866420 -2659.858272 -93.055889
-3201.690486 -2773.189979 16.718581
-2188.106456 -1778.783112 -85.946803
-3189.157095 -2592.624371 -125.441277
-3211.215492 -2593.896859 -36.316065
-2467.293410 -2131.347335 5.272468
-2420.388754 -2050.653759 -93.475969
-3185.104107 -2751.846054 6.300796
-2379.892098 -2015.835100 -87.670037
-2384.405707 -2019.037044 -87.907950
-2728.594449 -2205.532913 -30.308278
-2857.366894 -2490.608342 1.986253
-2451.690516 -2137.739042 1.591308
-2453.426265 -2138.697742 1.814918
-2826.791445 -2300.174937 -123.058964
-3197.235182 -2645.746214 -84.208606
-2703.388915 -2308.073458 -118.173885
-2934.570752 -2506.101191 -128.749688
-2335.115109 -2043.310002 -38.106432
-2025.348063 -1772.409456 -33.166660
-2329.620648 -1933.417974 -39.510665
-2710.162814 -2248.561656 -47.009148
-2926.959171 -2354.597372 -91.820800
-2915.690641 -2557.032428 -43.139182
-3210.402876 -2754.403027 11.876831
-2464.426992 -2059.596166 -32.292503
-3113.226540 -2533.912712 45.268525
-2331.914392 -1885.399603 -25.792627
-3197.328870 -2600.987578 -141.270002
-2553.363319 -2077.170516 -111.218964
-2378.639586 -1963.896878 6.534633
-2438.899002 -2013.534030 5.922116
-2172.134775 -1739.133978 -73.641617
-2791.071551 -2234.346798 -93.555362
-2525.959742 -2101.422515 -125.386297
-3493.884125 -3044.741537 -109.236987
-2176.279237 -1737.199605 -75.206538
-2655.085844 -2119.474202 -91.654246
-1986.216304 -1695.359574 -87.821766
-3386.055445 -2825.703006 -43.787145
-3269.014782 -2790.837013 -143.479091
-2747.124375 -2173.419949 -30.988619
-3068.399167 -2539.340158 -146.603775
-2626.670734 -2173.141402 -124.733108
-3276.526622 -2693.748902 60.556839
-3526.563065 -2813.596092 -122.949528
-3211.226506 -2687.501278 -160.233274
-2941.922486 -2389.479783 -133.660241
-2667.652376 -2138.926584 -87.016635
-3028.700352 -2428.251355 -99.418640
-3007.398659 -2505.629307 -37.299287
-2625.789310 -2116.202806 7.811904
-3122.424944 -2580.708905 -145.740627
-2483.060183 -2050.644426 -115.518668
-2740.508262 -2263.036340 -127.732288
-3034.170542 -2505.274924 -143.139125
-2879.068749 -2332.009014 -130.088038
-2370.167875 -2021.901092 -106.226127
-2954.519804 -2471.630992 -147.451924
-3371.593648 -2881.739339 -150.651508
-2670.529009 -2111.585660 6.368756
-3156.286983 -2490.894634 10.058926
-2655.174401 -2143.593424 44.957078
-3429.751176 -2873.611282 -41.333348
-3405.428919 -2690.229120 -5.530562
-2789.422646 -2203.278301 -6.247791
-2957.333558 -2518.538598 -30.976075
-2554.063781 -2131.981841 -39.504986
-2119.242253 -1744.997390 14.102104
-2206.513531 -1904.032781 -58.568730
-3197.901323 -2544.077238 -17.310337
-2726.745338 -2158.202339 -48.101951
-2078.540938 -1769.568032 -35.219753
-2715.952420 -2253.005608 -52.715091
-3065.245383 -2596.913360 -36.103549
-2248.682638 -1930.724853 -93.318852
-3463.092440 -2986.775394 -9.345620
-2112.913566 -1731.404623 -24.823651
-3176.626912 -2652.708066 18.358834
-3313.847706 -2625.625369 -62.117816
-2600.693893 -2201.987084 27.814046
-3104.833323 -2605.434026 0.166366
-3220.491441 -2688.133362 18.651076
-2589.554688 -2205.148249 -44.921892
-2107.364162 -1780.754069 25.350248
-2330.660522 -1900.366992 -22.887895
-2388.484399 -1948.184787 -24.185915
-3050.426350 -2578.296813 36.914389
-2374.720191 -1881.208167 -44.903501
-2606.219311 -2121.385889 29.722122
-2646.973859 -2273.248748 -109.396370
-2109.774835 -1692.818753 17.188178
-2394.860508 -2007.119088 -55.316742
-2578.355323 -2043.081858 -49.024791
-2511.114050 -2073.904441 46.859098
-3043.161034 -2575.582319 34.744556
-3268.145555 -2605.316643 -5.672344
-2717.235716 -2277.443497 -77.036120
-3353.627198 -2713.304560 19.187849
-1780.366305 -1492.286055 -49.809127
-2633.957619 -2139.974056 18.426655
-3334.162731 -2708.189892 23.626637
-3154.085150 -2642.982693 -88.571600
-2259.550576 -1893.157302 -63.311455
-2504.414224 -2067.610340 11.380927
-2747.051635 -2290.589202 26.235417
-3172.292663 -2658.355898 -146.511437
-2618.307623 -2073.030536 -46.662309
-2485.724782 -2081.519078 20.969608
-2684.184445 -2211.746895 -25.664228
-2203.516215 -1860.294349 25.995320
-2975.219964 -2587.199372 -54.377917
-3265.374910 -2657.963872 -103.347340
-2169.871357 -1765.674254 -73.521621
-2890.789429 -2386.404233 -86.370504
-2817.503432 -2424.857606 -51.081708
-3217.583455 -2628.591536 -38.828806
-2504.029686 -2093.316213 -112.514549
-2852.141095 -2333.596005 -47.573939
-2734.735473 -2346.208110 -31.817132
-2568.001539 -2054.041676 -53.083160
-2767.272840 -2374.297153 -32.085942
-2171.624448 -1872.122216 -83.071128
-3367.706387 -2875.606152 -82.491534
-2430.508847 -1996.485773 -83.572955
-2388.659753 -1966.791249 35.764854
-2514.413174 -2070.591147 37.887189
-2429.066346 -2092.307912 -92.852581
-2464.212733 -2029.188814 24.507099
-2707.786914 -2161.543164 -58.506029
-2401.068881 -2013.393754 -56.102996
-3520.515835 -2905.397924 -104.962325
-2380.315093 -1944.216224 -16.110089
-2558.992692 -2163.549738 -53.577552
-3364.327967 -2858.302364 -80.134649
-3579.569793 -2954.535920 -106.510757
-3352.753876 -2796.156854 43.739444
-3113.512111 -2541.543473 30.923029
-3551.484292 -2900.720368 -24.880490
-3356.984400 -2799.071833 44.463159
-2361.771098 -1983.681717 -31.425050
-2621.544618 -2078.997227 -48.889345
-3294.439941 -2844.198935 34.660868
-2661.925886 -2249.168762 -100.871821
-2797.881064 -2368.336157 27.736358
-2796.692895 -2367.296549 27.764008
-2457.672852 -2120.052154 1.654015
-2392.645229 -2000.822699 15.225635
-2210.508309 -1767.473353 -54.602917
-2466.809966 -2064.222577 16.457392
-2582.283279 -2070.421972 -77.460030
-3154.695958 -2585.962072 -91.258446
-2323.795459 -1857.709335 -56.825121
-3242.437556 -2746.311950 -39.402286
-2602.075628 -2180.725975 -44.169248
-3513.172243 -3017.752673 -144.676685
-2420.710502 -1940.373695 23.733325
-3340.036365 -2828.287842 35.552617
-2298.120183 -1985.929558 -72.362202
-2959.825757 -2476.733387 -131.473196
-3145.145134 -2640.080448 -65.329145
-2997.412324 -2479.408673 -111.807920
-2830.999661 -2341.546878 -105.462106
-3462.869936 -2987.254636 1.716071
-3639.269991 -2910.018991 -76.531267
-2418.620169 -1996.181479 -50.112840
-2616.629067 -2221.406975 -29.650779
-2458.793348 -2121.344294 0.764086
-2478.818560 -1982.781338 -50.415528
-2506.303120 -2143.136701 -60.462069
-2905.556311 -2430.634767 -128.601580
-3394.757727 -2887.053037 -126.675238
-2412.710131 -1990.583307 -72.808513
-2637.755371 -2191.608383 -6.475544
-2070.202376 -1758.133016 -23.607046
-2643.337683 -2180.314197 -79.485597
-3383.865610 -2917.613624 1.771264
-3130.680324 -2630.973709 -69.220124
-3267.950542 -2766.361311 -39.230697
-2431.920940 -2057.935621 -38.210577
-3315.205962 -2735.904416 -109.482303
-3217.923181 -2701.940631 -41.637323
-2190.583741 -1840.297200 -28.111024
-1876.440443 -1537.669683 -51.034723
-2821.762567 -2355.281551 16.297752
-2593.045166 -2106.663777 -110.243718
-3349.051312 -2680.836099 26.468196
-2506.687354 -2109.411971 -8.555452
-2878.614407 -2292.730126 -61.687929
-2754.311695 -2299.730241 15.116027
-3138.168706 -2592.160705 -107.783503
-3294.058147 -2711.098967 49.326345
-3378.431596 -2749.906223 -107.933165
-3433.331349 -2853.490351 9.651076
-2441.875895 -1970.513601 -68.867245
-2576.427154 -2051.700186 -54.975528
-3396.636419 -2821.702719 -131.190939
-3230.503052 -2721.246459 18.502199
-3562.146222 -2849.616312 -88.567785
-3335.609105 -2795.034416 13.393458
-2415.634913 -2024.043019 10.043987
-2870.563221 -2459.619431 -18.834503
-2209.230836 -1863.075219 -2.870900
-3338.581003 -2693.975980 -92.783485
-2357.960663 -1972.470220 14.303995
-3181.868838 -2661.660139 19.439311
-2907.182315 -2508.047296 2.650500
-2505.195547 -2106.644457 -46.235864
-3581.458722 -2910.245396 -152.073095
-2278.569759 -1892.250879 -86.576562
-2473.821334 -2135.106359 2.576094
-2777.748578 -2197.435254 -19.889357
-2754.031949 -2281.879656 -78.786163
-2893.532024 -2397.527590 -82.749752
-2963.220411 -2448.386419 -102.739546
-3560.997466 -2950.546121 -101.507810
-2186.546269 -1815.704488 -93.915413
-3421.345100 -2880.596929 -39.366640
-2088.273272 -1695.474464 6.114721
-3509.867606 -3017.531133 -117.379238
-3313.967231 -2849.677672 -110.634076
-2815.196572 -2286.671252 9.464879
-2958.084684 -2448.942003 43.453231
-2520.661089 -2177.612983 -63.585896
-2374.697022 -1928.836833 -74.655884
-3257.349606 -2697.054684 33.484495
-3102.745933 -2556.121469 31.301802
-2434.521332 -2052.439810 -80.987146
-2656.511295 -2248.779634 -9.100345
-2340.845613 -1946.779566 -111.985584
-2791.756115 -2347.455950 -76.471585
-3241.133973 -2682.885263 33.476107
-2355.091387 -1949.511706 23.838778
-3424.710417 -2885.219120 -52.847446
-3035.714354 -2621.357923 -76.620538
-2402.028423 -2014.941624 -56.230427
-3082.920704 -2636.285592 -14.432021
-2938.775694 -2333.515827 -13.090564
-2833.304148 -2418.171968 -23.135863
-2364.891958 -1948.704049 23.584070
-2800.267803 -2378.849637 -65.609458
-2837.737653 -2349.087538 7.694941
-2671.531864 -2198.196515 36.629011
-2517.092846 -2143.570529 -103.276446
-3371.473383 -2773.108278 -145.447831
-3032.551566 -2425.823297 24.458589
-2389.816940 -2069.711198 -68.658576
-3376.458363 -2889.007667 -133.847870
-2770.279971 -2229.284835 8.090222
-3198.540944 -2530.582092 -57.201472
-3531.755893 -2873.823704 39.555680
-3479.455545 -2989.660232 -114.496397
-2496.994948 -2030.923931 27.659826
-2772.211734 -2409.756313 -61.771042
-3230.021204 -2602.707528 -92.985732
-2871.968524 -2445.166744 -122.693991
-2894.166829 -2495.168679 -6.772566
-2378.181466 -2000.565757 -66.946058
-2416.170748 -1938.944506 -74.275288
-3068.730944 -2495.202015 32.729197
-2799.522859 -2256.933515 -79.669755
-3036.949126 -2608.335183 -98.799155
-3177.835947 -2623.173708 -97.156953
-2185.081950 -1813.906307 -93.004490
-3182.523650 -2641.689274 -135.760249
-3265.948555 -2711.069425 -139.298614
-3181.616629 -2640.847066 -135.791663
-2666.532474 -2270.797564 -115.334026
-2804.951553 -2244.351859 23.272547
-2455.061764 -2032.292938 14.576853
-3331.514025 -2635.279572 -9.356513
-2809.008441 -2215.758704 -24.210168
-2484.712203 -2144.043122 -66.265690
-2308.823237 -1988.472863 -78.195296
-3435.013865 -2958.501680 -116.066728
-2619.502636 -2163.565087 44.736693
-2259.391197 -1796.696808 -19.541328
-3169.688173 -2720.458632 -131.444016
-3129.450739 -2557.398888 -127.325949
-3074.765756 -2444.354567 -38.681660
-2288.413326 -1904.640849 -58.110960
-2412.236230 -2034.384499 -82.597094
-2516.254529 -2175.803144 -65.383028
-2655.755217 -2154.364131 -71.749561
-2096.460974 -1704.660053 15.026855
-3515.118144 -2857.244080 25.771084
-2690.275743 -2143.551352 -10.530600
-3277.452984 -2829.093433 -9.017398
-2907.516332 -2364.470734 -124.576563
-3461.246734 -2822.651507 -53.739365
-2517.447995 -2046.547772 17.076879
-2600.934927 -2237.797971 -30.240336
-3133.138972 -2702.143091 -36.688124
-3332.021736 -2708.797044 23.887027
-2281.401503 -1930.022885 -48.771686
-2604.996904 -2165.717586 -8.669313
-2724.272708 -2361.402169 -35.104594
-2786.070053 -2402.507117 -32.781402
-2819.303212 -2321.747102 39.575952
-2590.610515 -2218.568815 -90.024858
-2914.029535 -2466.599233 29.707945
-3501.740775 -3018.969016 -41.021867
-2622.700511 -2082.818505 -2.248825
-3246.342266 -2630.784425 50.850609
-3013.731929 -2379.067155 -59.490566
-2639.754971 -2083.561926 -52.020376
-3534.795503 -2788.207997 -31.052793
-2626.758840 -2076.866179 -6.407237
-2381.783868 -1880.009501 -50.896500
-3052.694991 -2408.671167 -62.268027
-2512.898058 -1983.594247 -52.194299
-2510.547252 -1980.563603 -50.848784
-2803.830304 -2364.837352 11.291793
-2444.493542 -2062.170592 9.197309
-2638.378814 -2272.883600 -91.279752
-2157.836256 -1857.800349 -31.385830
-2531.505182 -1998.717798 -55.862433
-2426.314281 -2053.995921 26.677140
-2915.194890 -2301.805271 -63.574166
-2068.015175 -1634.927260 -50.140406
-3180.721890 -2514.590425 -76.251917
-3148.805139 -2488.279533 -74.084866
-2791.474777 -2205.614021 -64.641096
-3010.196386 -2378.983058 -55.604868
-3007.119234 -2376.216932 -55.744893
-2408.693641 -1986.922320 -71.563826
-2846.891347 -2367.871016 -8.190270
-2845.335726 -2366.630731 -8.172340
-2702.140146 -2331.783426 1.805755
-3059.995667 -2524.346454 40.126641
-3000.731972 -2375.143146 -6.608948
-2073.224685 -1710.528579 27.006227
-3444.015068 -2762.325620 13.597502
-2574.393948 -2168.025256 -20.763955
-3488.025685 -2860.652720 20.416768
-3435.130308 -2942.171841 -20.052358
-2128.170792 -1843.591396 -55.390801
-2984.330427 -2585.605469 -77.437546
-2752.031444 -2280.566213 -76.764571
-2986.890109 -2585.728896 -77.147755
-2333.036881 -1919.998225 15.602162
-2541.445415 -2200.378551 -65.233492
-2353.865340 -2020.212426 -26.332737
-2835.892570 -2430.098157 -7.711143
-3295.965196 -2700.964900 63.094968
-3072.438284 -2431.729161 -20.154157
-2362.200409 -1866.037636 -50.800385
-2512.334978 -2016.413357 -92.574463
-2173.779789 -1719.838384 -14.832222
-3182.610684 -2643.183734 -3.249346
-2340.953708 -1849.049087 -4.763557
-3569.502570 -2823.393700 -64.293278
-3057.459427 -2500.166954 55.187107
-2207.730723 -1765.934967 16.004214
-2525.399214 -2177.723770 -85.977008
-2621.752156 -2096.601573 20.079440
-3330.042708 -2664.674660 25.664482
-3193.344239 -2555.801121 23.518479
-2994.088104 -2478.734211 4.628074
-2363.719552 -1947.468303 22.528814
-2602.878832 -2094.225336 -103.342770
-2303.532941 -1975.922907 -93.847449
-3323.886348 -2681.753143 -136.472794
-2452.195705 -2003.574771 -3.937918
-3501.765809 -2816.393385 -138.230623
-2830.157765 -2310.123390 -32.677017
-2232.830147 -1923.393979 -3.616649
-1833.743850 -1554.167075 -33.473216
-3048.309802 -2577.477191 30.649422
-3232.148747 -2673.422862 5.675350
-3551.001655 -2926.050608 -153.086452
-2788.462127 -2204.954223 -50.485290
-2060.019474 -1629.058864 -37.039165
-3264.387154 -2574.995875 -73.371182
-3624.240121 -2858.871013 -33.434533
-3262.849871 -2574.510337 -30.361901
-2825.030093 -2229.308802 -25.672787
-2578.007421 -2030.088861 -52.590942
-3569.550789 -2819.886995 -9.097392
-3414.926054 -2703.838483 2.042396
-2592.891017 -2049.074817 -6.829881
-3100.859864 -2457.432635 -93.985438
-3198.064531 -2521.715819 -64.480578
-2823.094241 -2226.975749 -61.164680
-2129.806086 -1765.356510 9.188682
-3178.195251 -2523.117331 -100.540990
-2704.544022 -2139.777325 -74.437848
-2789.725474 -2206.737303 -79.608636
-2553.386040 -2022.007801 -72.558777
-2697.028617 -2134.049682 -77.283473
-3491.063266 -2754.339073 -83.905779
-3498.916344 -2761.964327 -87.142545
-3069.641206 -2625.105113 -28.109368
-2533.343443 -1996.837476 -59.442001
-2145.016114 -1691.518589 -49.395181
-2615.449153 -2098.831068 10.109740
-3059.257142 -2524.108261 -132.481446
-3165.158754 -2546.250116 -126.497957
-2862.059980 -2360.348857 -123.447332
-3108.710271 -2500.396338 -126.439578
-2577.255180 -2203.845587 -11.238418
-3378.314941 -2770.091216 -114.288489
-2960.185537 -2405.254491 -127.187127
-2952.728898 -2484.536014 -44.816672
-2533.745185 -2032.551365 -98.770851
-2650.125887 -2124.806413 -100.736569
-2178.957860 -1716.012686 -49.453129
-2074.640564 -1788.584823 -61.285028
-2591.071227 -2234.393359 -76.526021
-2787.387849 -2276.446604 53.114385
-2427.175312 -2005.131666 50.938715
-3223.279435 -2778.280640 -97.247956
-2480.586246 -2098.296668 29.728386
-2519.665347 -1999.969930 -28.871503
-2922.922908 -2448.144321 52.943222
-3212.452688 -2743.010714 -50.969547
-2756.876472 -2192.620690 -27.427104
-2332.416127 -2029.083262 -41.627590
-2637.470572 -2134.752845 15.461650
-2610.958338 -2227.555504 -22.504298
-3056.442158 -2467.682323 -116.739839
-2866.771223 -2286.850652 -29.799435
-3600.312685 -2930.539740 -56.729590
-2975.463361 -2434.479209 -49.332329
-2341.639132 -1858.598398 -26.476570
-2448.631708 -2107.844772 -94.023859
-3551.717821 -2829.899554 -76.985843
-3373.689601 -2904.322508 -129.534413
-2186.988579 -1870.263037 -34.628793
-2187.529566 -1879.806338 -1.389539
-3476.146887 -2868.219425 -70.051604
-2368.568356 -1954.450234 -48.013574
-3086.318298 -2453.940444 -30.095562
-2674.298200 -2271.854282 -68.036889
-2626.024054 -2186.904199 -80.317680
-3333.771590 -2866.578465 -109.899284
-2399.558396 -2021.432424 16.208503
-2581.002040 -2103.627641 -101.445728
-2230.457818 -1924.874526 -16.007642
-2953.518343 -2494.600075 -46.691205
-2770.831784 -2379.441934 -93.553300
-3568.512939 -2870.164458 -120.972414
-3222.913471 -2704.847651 34.218084
-3391.977496 -2846.566761 35.657858
-3312.502638 -2742.428042 -85.686670
-2469.907264 -2128.884789 1.751971
-2583.116757 -2078.211961 -87.240694
-2695.991622 -2212.179753 -83.246675
-3359.881642 -2855.178811 -84.805980
-2741.710060 -2348.119121 -6.919435
-2116.452165 -1691.662888 18.510131
-2177.046347 -1813.311062 42.147551
-2433.601433 -1935.139902 -34.600781
-2444.662158 -1989.797948 -73.372158
-2665.365747 -2235.155462 -0.595851
-2816.543400 -2297.309247 1.150076
-3195.568906 -2611.333650 -80.613955
-2432.875053 -2016.626289 -5.571502
-3154.723294 -2496.447478 -54.551761
-3544.361315 -2978.098830 -40.655873
-2783.034635 -2345.430730 18.692442
-2463.075897 -2117.632124 -102.134859
-2644.314631 -2224.049699 -30.716576
-2058.124188 -1788.562016 15.446018
-3217.256062 -2723.040899 -50.968831
-2153.502838 -1876.002952 4.632000
-3310.788766 -2696.406304 -100.545657
-2186.118721 -1858.070992 -55.661744
-2971.497770 -2458.864535 -88.946597
-2606.319009 -2207.765735 -32.281510
-2872.336864 -2477.399224 2.366326
-2413.754713 -1997.198044 -75.790747
-2380.318288 -2053.428671 2.259135
-2446.325874 -2037.757136 41.989502
-2554.313820 -2058.720976 30.569885
-2667.901133 -2227.661644 57.739610
-2741.960558 -2304.858034 -50.874618
-3471.443865 -2788.455362 -129.135025
-2789.560252 -2240.881851 -103.873036
-2554.881457 -2095.999609 14.191970
-2860.719263 -2427.904857 -71.893898
-2554.747616 -2152.299566 18.764735
-2868.099713 -2434.464079 -71.854490
-3421.576005 -2884.605336 37.667303
-2365.545077 -1993.942095 -36.621136
-2595.639600 -2224.570148 -99.925276
-2315.585342 -1995.138660 8.768872
-2159.079732 -1872.064665 -35.238379
-2837.968730 -2309.931148 -42.325477
-3065.602096 -2543.737418 -145.619038
-2717.854028 -2254.407731 -128.828301
-3588.430353 -2846.309550 -14.905366
-2786.967911 -2273.355140 0.338475
-2307.680487 -1830.210729 -12.823857
-2421.310485 -2028.564224 0.553680
-2536.049548 -2125.487217 -0.294742
-2852.652697 -2366.782532 -8.107075
-2212.663810 -1804.842567 -0.161167
-2151.476310 -1848.754277 -69.418233
-1884.495551 -1615.049921 -72.155529
-2767.467709 -2311.269535 60.919549
-2861.775693 -2333.073498 -40.713306
-2845.270935 -2248.163366 -17.432265
-3293.834151 -2703.450779 67.022283
-3201.798358 -2523.958993 -17.481794
-2501.371461 -1976.456242 -14.349837
-2018.183063 -1596.681608 -37.964715
-2689.326052 -2240.692303 -46.326686
-2339.812378 -1851.261680 -44.299688
-2344.971859 -1906.135728 31.944022
-2243.205749 -1844.638398 45.602857
-3322.057359 -2726.412549 43.132908
-2929.514588 -2436.413703 -72.685758
-3567.780484 -2867.590427 -113.284701
-3369.292557 -2766.725974 -101.993286
-2466.552506 -2098.427152 -92.880339
-2601.401291 -2213.194593 -97.984741
-3315.685200 -2665.858944 -111.880697
-2234.445415 -1796.645964 -76.371126
-2219.532830 -1823.085630 -47.621464
-2769.902237 -2389.713218 -31.635844
-2441.237741 -1983.448620 19.206310
-3458.409450 -2942.342701 -122.454760
-2648.846601 -2153.919433 17.428126
-3396.337657 -2891.215387 -120.594484
-2878.273521 -2502.807664 -28.306495
-3313.933103 -2695.054073 -136.557851
-2718.128437 -2247.173597 -43.517147
-3025.847152 -2632.792694 -35.521860
-3306.098426 -2750.773192 -82.159679
-3402.896004 -2793.352000 -104.431551
-2411.126654 -2051.883252 -84.551222
-3579.088209 -2825.976200 -20.812836
-3401.637953 -2693.191491 -3.334286
-3075.377630 -2437.077293 -3.330029
-3187.654592 -2545.980855 28.112866
-3405.702807 -2790.524895 65.620952
-2926.201938 -2350.843069 39.139397
-3298.238184 -2727.664117 66.757445
-3186.214231 -2616.568340 64.910595
-3018.065315 -2380.415300 -60.296850
-2588.694301 -2080.205486 -87.938938
-3072.920792 -2468.816236 -103.771914
-2116.846433 -1680.173322 -60.791054
-3073.830297 -2657.596629 -39.606363
-3021.614695 -2612.901244 -39.318553
-2442.841665 -2113.702568 -31.559446
-2757.269582 -2178.077062 -46.553171
-2788.795818 -2202.974083 -47.592666
-3157.280943 -2660.450568 -27.826920
-2514.345260 -1992.065760 -38.644474
-2589.438821 -2067.874888 8.457640
-2313.619597 -1935.715611 -27.092955
-2522.643184 -2160.443196 -14.099967
-3068.207803 -2578.815427 -63.871140
-2301.843898 -1859.530707 -68.109437
-2852.068070 -2374.796049 -45.225575
-2267.002925 -1820.141749 29.583027
-2338.966696 -1869.860848 27.363259
-3436.000179 -2753.366027 40.687741
-2984.109568 -2390.399925 35.382184
-3623.732489 -2929.057140 65.372354
-2792.858687 -2223.629656 29.870400
-2015.776257 -1611.166300 23.403148
-2253.766693 -1798.860262 24.993797
-2247.668112 -1797.808107 26.646978
-3554.224145 -2822.834343 9.590042
-2386.790699 -2004.181592 -49.024102
-2387.699686 -1918.186206 -89.820792
-2388.768747 -2003.533335 -23.350501
-2779.116697 -2194.601624 -45.023486
-2362.386193 -1869.375903 -34.956611
-2130.529927 -1712.014298 -81.255289
-2377.866634 -1985.918988 -33.540522
-3458.294966 -2724.515119 -66.138085
-3425.114165 -2705.618990 -4.371010
-2850.936761 -2320.483287 40.421618
-2427.106564 -1993.440033 -100.245129
-2793.742027 -2229.548772 -62.676599
-3425.842061 -2837.302543 5.227576
-2282.005255 -1889.815210 3.960767
-2608.932554 -2139.983765 -9.036496
-3135.348297 -2558.293894 -36.564075
-2053.753711 -1616.332368 -18.931747
-3391.797117 -2712.248239 26.681241
-2322.887433 -1947.474033 -29.410491
-2434.560842 -1944.522368 19.277352
-2668.154654 -2126.632868 23.231582
-2541.489857 -2031.247713 20.105096
-2325.480899 -1842.854127 -1.983855
-3104.919354 -2447.418508 -59.864632
-3564.326575 -2810.831070 -69.867259
-2288.688295 -1808.751718 -61.845994
-2519.374398 -1991.172966 -42.432856
-2720.228298 -2154.060522 -39.728969
-3226.024561 -2585.647743 12.820865
-2057.713261 -1623.416284 -48.061239
-2847.935872 -2312.508971 -123.498107
-2969.054320 -2418.425863 42.474526
-2444.719149 -1984.340395 -105.497549
-3206.161128 -2602.743778 -138.803685
-2673.401886 -2170.212808 -115.945915
-3148.680263 -2493.240343 5.318265
-2527.997314 -2016.567966 23.768935
-3130.354778 -2469.517115 -13.890601
-2143.402516 -1691.101518 -8.579173
-2503.265122 -1977.681280 -8.139372
-3540.820029 -2792.599226 -14.560533
-2481.643164 -2036.224210 48.306114
-2563.344219 -2053.642569 35.224504
-2596.501652 -2080.979189 35.604207
-3292.193320 -2702.728536 69.897273
-3165.069450 -2599.000065 62.169509
-2186.642077 -1723.083424 -34.263654
-2874.051863 -2299.620730 -104.764099
-3473.070923 -2735.781731 -77.909716
-2699.656818 -2168.507824 -102.113362
-3222.942898 -2539.373793 -48.401091
-2481.974620 -2108.416459 -19.327413
-2508.405043 -2008.641538 19.510057
-2916.899904 -2400.469805 29.129535
-2424.394877 -2103.512828 -2.957946
-2440.271626 -2065.769722 4.965764
-3357.975599 -2841.656681 -11.320494
-2339.051113 -2009.892713 23.983770
-2289.721107 -1969.778069 23.670965
-3044.482405 -2597.675312 -17.598457
-3101.083609 -2542.351806 -22.538283
-2302.338708 -1897.556991 -67.456864
-2360.573853 -2026.918935 24.726653
-2903.236532 -2494.549628 -71.475933
-2456.812806 -1983.991797 -58.573534
-2447.583945 -2091.967210 -93.219958
-2230.202976 -1880.475400 -83.925869
-2682.118041 -2184.317482 -90.678264
-2781.103763 -2366.852858 -65.974118
-3516.418522 -2992.918180 -82.914328
-2592.713680 -2226.663414 26.203100
-2628.218512 -2106.567086 -13.902405
-2653.715940 -2277.076550 -4.395426
-3068.486986 -2466.106174 -102.299894
-2630.540722 -2236.405889 -97.008765
-2659.856325 -2288.373746 -110.082923
-2629.151388 -2214.408190 37.722403
-3109.908904 -2620.443041 45.086285
-2179.555622 -1859.877404 -12.462589
-3584.455192 -2954.537507 -105.173430
-3287.990851 -2795.246640 -26.787968
-2851.233943 -2318.856264 29.290812
-2105.442754 -1844.837999 -17.305326
-2712.479508 -2245.436885 -43.099553
-2496.620029 -2139.713960 -16.133070
-3193.538091 -2693.849018 -121.364421
-2786.553046 -2421.809986 -40.207867
-2906.299066 -2343.330110 6.552451
-3493.344863 -3037.127212 -78.904706
-2669.172616 -2314.052199 -29.277052
-2586.980819 -2167.279646 -123.560234
-2465.690442 -2147.858562 -71.721236
-3127.275663 -2724.464826 -90.810705
-2978.328994 -2426.916763 -6.084502
-2670.726143 -2236.242083 -128.588758
-2233.337012 -1882.165350 -83.667530
-3555.626522 -2975.618716 -173.398468
-3089.687827 -2596.653720 -114.422986
-3390.834105 -2785.612827 -153.786283
-2432.202011 -2036.809106 -115.408702
-2397.647057 -1987.692846 7.148580
-2238.546228 -1873.666176 -107.617285
-2516.418986 -2066.746885 -111.256360
-2558.632798 -2100.915162 -113.316122
-2517.727050 -2067.736691 -111.286998
-3152.787804 -2592.432094 -136.341893
-2187.657355 -1877.221771 2.144954
-3439.338058 -3014.737478 -28.203159
-2706.198700 -2325.857095 -67.035861
-2632.453917 -2103.124431 -54.191763
-2179.166228 -1873.501732 -54.057648
-2705.434064 -2325.682812 -67.342591
-2079.447534 -1694.157972 -23.170172
-3513.098922 -2881.403149 -117.670634
-2794.414756 -2397.827708 2.617314
-3380.687980 -2831.110546 -50.976614
-2431.099871 -2083.029583 -27.185177
-3372.432006 -2695.196370 -69.833032
-3273.880102 -2779.851154 -143.193562
-3160.952903 -2530.462916 24.624042
-2619.492264 -2159.617065 -110.302802
-2548.779291 -2199.302941 -19.598733
-3209.579452 -2743.789814 -122.194249
-2218.926379 -1897.261280 -84.863843
-2571.411680 -2072.368341 -72.506082
-2849.591628 -2275.461934 19.171870
-3363.899676 -2650.406484 -34.266845
-2283.329219 -1808.694421 -18.477407
-3146.166504 -2509.434408 14.105700
-2537.557987 -2213.172626 -61.769070
-3377.265497 -2804.273482 0.556482
-2537.009858 -2107.440866 1.011216
-3236.401222 -2582.460680 14.106804
-2458.982314 -1963.899994 10.254980
-2584.181079 -2131.667475 35.938973
-2453.942428 -1958.873144 11.672332
-2979.890040 -2378.201744 15.145632
-3512.379186 -2823.308193 -117.742709
-3148.073973 -2512.595929 15.929473
-3609.419175 -2880.162424 18.627915
-2848.848609 -2274.935861 14.765021
-2453.585495 -1958.273094 13.024263
-3261.351153 -2770.396402 -26.519208
-2813.383735 -2390.633947 -23.919355
-3187.923147 -2518.232894 -13.263094
-3062.079479 -2420.198387 -12.605584
-3232.665326 -2652.417871 55.498551
-2529.281990 -2069.640817 -108.489857
-3022.897891 -2388.077357 -54.507946
-3006.069664 -2368.001072 -36.486725
-2955.256692 -2576.760089 -10.717323
-2103.959590 -1766.699664 -8.912830
-3440.193833 -2774.837689 -143.804493
-2495.255817 -2013.214670 -103.013095
-2742.809085 -2270.738371 -132.860326
-2587.998641 -2172.786191 -12.915155
-3413.164737 -2865.494606 -18.449035
-2434.619738 -1944.405467 19.759146
-2783.713075 -2190.195389 -55.270259
-2823.380714 -2221.333574 -55.128004
-2785.031109 -2191.246409 -54.973710
-2181.619051 -1718.449727 -55.910246
-2218.717273 -1796.937859 -97.567665
-2790.965434 -2227.653301 22.708652
-3316.067048 -2615.372045 -86.369777
-2270.097854 -1903.433475 -31.596596
-2116.407070 -1689.616862 16.758509
-2438.914434 -1921.020388 -62.976288
-2819.340491 -2306.818629 52.568862
-2987.889805 -2503.734898 -46.158199
-2149.095450 -1729.427921 -87.671387
-2541.697952 -2090.010217 -115.591110
-2652.462880 -2125.975504 -96.962963
-2539.770518 -2013.049565 -78.165845
-3627.038654 -2874.967832 -113.422207
-3200.062661 -2536.529871 -101.312144
-3571.125765 -2864.793562 -140.768972
-3077.454543 -2467.448219 -122.091219
-3570.011712 -2828.581867 -12.533041
-2732.607511 -2165.302937 -9.337696
-2524.796248 -2000.993828 -81.050507
-2549.806512 -2012.722085 -69.057301
-1905.054224 -1531.230147 -78.298762
-3003.151921 -2416.208878 -123.807752
-2119.967852 -1678.703715 -65.449418
-3316.583676 -2658.292621 -130.645555
-2298.617691 -1817.719324 -65.428071
-2711.509844 -2277.804468 -11.628763
-3430.924909 -2703.892670 -80.501604
-2887.582054 -2375.753641 -135.959194
-3121.099251 -2472.476127 -102.028332
-2509.958382 -1986.118552 -77.486791
-2344.083702 -1858.645331 -76.215605
-3413.921871 -2689.099238 -40.323988
-3633.113623 -2873.023629 -112.857899
-3307.742608 -2608.484298 -40.722156
-2436.633904 -2009.621501 -116.672361
-3062.980361 -2494.550829 -142.256821
-2815.430099 -2220.044048 -34.429233
-2904.862493 -2290.396659 -33.923246
-2405.734906 -1911.197979 -78.602729
-2586.727889 -2053.026833 -84.303402
-3154.953757 -2503.923550 -102.820789
-2345.404578 -1860.629387 -75.935729
-3316.727292 -2631.064827 -107.306081
-2836.247064 -2249.440587 -93.219400
-2406.147598 -1987.797362 -118.743783
-2796.710059 -2261.901801 -126.830324
-2506.098047 -2104.981715 -12.353459
-2517.178714 -2080.365812 -124.297757
-2832.228001 -2378.474257 -13.855094
-3134.072783 -2536.374466 -143.226137
-2695.369890 -2134.299839 -86.541510
-3324.117701 -2627.798354 -104.768612
-2732.364627 -2163.993490 -90.682153
-3204.316048 -2532.446840 -97.799926
-3036.724965 -2396.504943 -86.695725
-3322.387701 -2897.162777 -10.710281
-3575.067342 -2859.151951 -118.145817
-3030.321003 -2576.858021 -131.724871
-2238.175615 -1903.451097 -97.080524
-3203.651106 -2724.217975 -139.443569
-2505.609448 -2025.587787 -105.873190
-2552.431659 -2069.355927 -112.999788
-3487.379984 -2967.884730 -157.497699
-3580.222408 -2822.062430 -98.086486
-2952.120963 -2474.056086 -43.806663
-2659.620353 -2109.510227 1.225406
-2560.301681 -2145.217406 -38.885322
-3268.009220 -2801.360940 -19.812954
-2461.273917 -2090.753438 -107.665691
-2448.593752 -2016.778670 -114.275626
-3327.432861 -2900.101412 -11.770898
-2845.033661 -2421.010923 -129.043119
-2702.526813 -2131.795092 -30.215381
-3078.070270 -2426.796411 -34.030169
-2714.684728 -2239.508994 -129.646969
-3511.128609 -2921.548885 77.160153
-2485.909886 -2122.242464 -22.765972
-2926.766469 -2489.983254 32.202770
-2776.300768 -2223.821024 -59.417456
-3162.105639 -2534.922948 11.182237
-3584.394948 -2954.199715 -102.776198
-3014.431030 -2588.647684 -4.300445
-2486.692711 -2122.353145 -21.785479
-2207.351081 -1895.658530 -3.098241
-2450.517629 -1986.954876 -97.990110
-3047.573412 -2463.792122 50.581225
-2489.532092 -2016.557484 39.572538
-2982.328799 -2564.693763 -123.847799
-3470.123778 -3015.398488 25.144069
-3461.406287 -2853.960873 -99.574848
-2668.657792 -2200.125219 -77.291245
-2753.056063 -2239.211394 -18.047635
-2596.637835 -2219.325559 37.556984
-2676.098811 -2299.456845 39.089009
-2490.845270 -2055.187298 -70.967271
-3006.900761 -2455.956332 58.634177
-3418.611035 -2979.871082 -99.921069
-2130.137644 -1856.933661 -61.869413
-1964.605859 -1648.072685 -10.984505
-2358.571568 -1975.539285 -36.620779
-2775.018388 -2378.714057 -30.184112
-2011.535983 -1638.036864 -4.788682
-2769.443386 -2275.978068 -120.044354
-2449.749022 -2032.076396 -117.492787
-3380.094656 -2802.148898 -162.439347
-2911.308247 -2494.973414 -31.419973
-2591.930491 -2227.532565 37.134694
-2362.822785 -1948.112201 24.019815
-3412.751943 -2704.754944 -6.502780
-3181.704860 -2586.429353 43.784235
-2089.018602 -1699.864667 28.963023
-2860.708534 -2325.486543 39.726389
-3349.622271 -2723.136575 46.324136
-3032.779391 -2466.750364 -20.824130
-2973.482259 -2403.009808 -33.836644
-2276.765529 -1897.604648 -36.375246
-3372.267034 -2704.557871 41.992798
-3477.847327 -2789.640173 41.892854
-2800.285881 -2290.947346 52.974080
-2757.520627 -2310.204179 58.118752
-2149.209692 -1723.336542 30.373629
-3224.425303 -2609.394212 58.970492
-3047.280047 -2465.294809 54.949791
-2404.650094 -1895.856836 -36.054620
-3379.666353 -2652.935798 -63.110291
-3482.135017 -2770.144587 23.422953
-2322.539171 -1853.410066 -88.998360
-2971.849072 -2362.669142 22.102882
-3626.746991 -2903.686230 -137.157021
-3073.635738 -2420.264515 -39.444087
-2646.570303 -2116.982890 -100.238187
-2804.364129 -2206.573737 -73.210347
-2369.987326 -1860.985472 -43.440035
-2810.727096 -2240.351164 22.525660
-3269.881173 -2574.434583 -35.702901
-2057.294826 -1618.468582 -17.436588
-2968.588110 -2365.312003 24.998458
-2126.962459 -1674.436634 -49.204054
-2709.150707 -2239.889236 -130.525793
-2939.150370 -2365.636306 -123.882815
-2122.581066 -1677.578327 -57.654846
-3418.913092 -2824.163997 -164.644993
-3395.649993 -2718.523028 -129.917006
-3086.307628 -2431.736372 -75.011451
-3524.776550 -2916.413315 -169.305775
-2555.849648 -2019.266607 -73.193835
-1897.316312 -1519.650930 -73.434097
-3321.999198 -2659.886111 -135.910706
-2347.829698 -1851.257017 -67.757718
-2713.377357 -2231.741096 -131.591847
-2926.512251 -2317.417727 -97.217990
-1978.640324 -1628.749558 -96.727389
-3366.178671 -2768.679892 -163.032811
-3152.556860 -2559.379923 -143.596186
-3092.181909 -2529.885881 64.571817
-2638.534921 -2080.814034 -49.086614
-2184.823197 -1713.982134 -24.502177
-2364.187677 -1860.549648 -12.085768
-3130.327868 -2457.035818 -25.587683
-2743.951942 -2153.615092 -31.411037
-2738.719642 -2155.981423 -13.417381
-2868.666893 -2282.809754 23.365953
-3065.622906 -2555.178766 -35.500867
-2986.481493 -2491.181023 -37.645746
-2830.439797 -2226.470641 -50.855569
-2638.150141 -2078.596773 -46.973125
-3373.111582 -2692.215383 -125.298151
-2733.399240 -2199.657907 -117.400165
-2704.135761 -2229.986988 -127.507340
-2527.705082 -2229.490641 -30.031609
-2411.897722 -1979.550925 -116.932399
-2855.389808 -2434.217104 -120.297715
-2493.264796 -2076.217575 50.116934
-2416.309251 -2011.722570 48.236594
-2692.890244 -2181.876992 -12.434498
-2699.985482 -2229.296273 -78.169299
-2880.124348 -2332.008182 -13.525375
-3056.137670 -2478.490986 -74.737051
-2528.083247 -2076.685380 -47.885466
-3293.899065 -2766.894663 0.708768
-2118.713849 -1787.834107 -12.044383
-3236.666476 -2568.848797 -79.942273
-2972.882535 -2412.455851 45.441186
-2571.521571 -2158.692605 -0.053593
-2513.641670 -2174.631644 -93.188453
-2773.967950 -2249.719080 -67.604682
-2596.297549 -2185.480392 11.068329
-2619.911494 -2083.134599 -12.234241
-3582.419060 -2878.428925 -47.706985
-2970.976619 -2510.570881 9.175663
-2759.280208 -2333.592067 8.206227
-2245.005517 -1889.763615 9.533740
-2828.724844 -2442.524406 25.056763
-3369.859470 -2886.610743 -77.446326
-2331.636370 -1931.274135 17.534886
-2215.069882 -1843.011059 13.429211
-2897.628775 -2482.620898 -67.166167
-2606.074524 -2168.889743 15.685321
-2317.679230 -1986.576732 -53.864703
-3079.086360 -2484.395788 -107.486592
-2947.369263 -2450.294661 -124.647353
-3059.238300 -2640.887699 -30.671213
-2313.958234 -1881.192231 -55.706155
-3415.561129 -2727.867394 -30.874589
-3088.864694 -2516.556412 9.756839
-2646.732514 -2153.689681 -85.148223
-2651.201555 -2156.936510 -85.280101
-3287.604461 -2731.191251 -74.270228
-2616.415839 -2183.451874 -62.542005
-3237.236050 -2798.607867 -120.571096
-3512.909842 -3006.430538 -144.827950
-3076.563004 -2501.250218 37.011912
-2633.058744 -2255.814203 32.039770
-2786.012838 -2329.159365 40.070430
-2861.929836 -2454.549611 -68.058919
-2542.812064 -2179.855076 -60.346733
-3428.344483 -2895.914743 38.866374
-2736.761879 -2233.944924 -39.170035
-3228.806646 -2731.929236 -47.871818
-2528.791875 -2203.117327 -62.877250
-2728.482090 -2210.034000 -25.431190
-2209.342006 -1868.436859 -32.297905
-2529.610146 -2102.371067 -22.830540
-2393.248703 -1941.157101 -20.846948
-3118.528591 -2530.105173 -26.928264
-2582.545908 -2080.133135 -14.773265
-2946.027216 -2395.430518 7.013050
-2608.080231 -2225.710295 -111.756010
-2636.022420 -2258.766117 5.094206
-2262.560690 -1837.156079 -26.489581
-3371.814383 -2765.059280 -138.362580
-2332.529491 -2004.988563 -49.514052
-3138.654577 -2640.867193 42.590966
-2055.719341 -1801.440870 -50.830492
-2331.914028 -2005.088409 -49.903366
-2617.130466 -2109.538689 -15.826529
-2146.241834 -1845.299804 -45.682096
-2675.571141 -2250.587855 36.352461
-3498.236528 -2819.038844 -20.231826
-2785.384695 -2215.268257 -47.907387
-3079.793615 -2528.006993 -124.059602
-2619.192252 -2129.426367 -47.923565
-3265.961264 -2815.192130 -26.803876
-2586.048086 -2084.805840 -14.543528
-2499.908337 -2154.768901 -20.110190
-3011.973952 -2483.684403 -35.288911
-2425.905836 -1994.458754 -67.739616
-2769.803408 -2354.006114 -10.246614
-2363.640233 -1936.039281 -18.365493
-2317.859501 -1956.604769 -50.307612
-3412.786125 -2778.080543 -19.035643
-2555.573948 -2092.336312 12.224948
-2225.194573 -1810.897676 -10.745441
-2947.482607 -2461.597917 -132.616405
-3115.330054 -2534.974108 -16.876883
-2583.203197 -2068.284078 -66.172349
-3305.722190 -2698.224925 -131.253659
-2326.957963 -1937.038649 13.460265
-3232.052029 -2677.859379 24.968054
-2264.405151 -1929.026271 2.367838
-2990.065354 -2548.637907 1.846543
-2883.876781 -2437.819399 -131.366008
-2188.013424 -1902.078322 -37.888501
-2190.280056 -1903.953658 -37.922991
-2411.415034 -2096.104657 -41.639932
-2964.245233 -2603.583339 -54.863974
-3201.179862 -2742.952485 7.494174
-2385.316365 -1988.554020 20.102678
-2611.675650 -2175.516171 21.557091
-1851.237362 -1549.305396 9.445622
-2785.997288 -2257.679363 26.987036
-2590.858591 -2189.183545 7.721524
-2559.149695 -2077.220362 -107.475997
-2438.250073 -2006.815375 0.265737
-2325.308241 -1986.253158 -77.334092
-2406.013997 -2005.150571 20.182788
-2569.107655 -2129.342254 -30.354876
-3263.581254 -2685.159252 -40.003647
-2827.875739 -2460.622795 -38.859961
-3322.094115 -2838.232225 -111.699051
-2440.489627 -2062.505504 7.071561
-2616.074034 -2220.445910 -59.050784
-2698.145944 -2218.094538 -74.841642
-3147.087488 -2675.346458 -77.942433
-2541.758543 -2099.514475 -30.908883
-2946.896844 -2471.363450 -55.111450
-2640.403169 -2227.673759 6.970978
-2387.068277 -1969.386466 27.886143
-2391.175293 -1972.788286 27.895372
-2565.983015 -2099.258474 -27.241274
-2775.958205 -2356.862926 -76.485629
-2385.929674 -1943.658007 -24.757938
-2821.221812 -2329.471570 31.672556
-2141.590600 -1827.900838 23.991495
-2362.363694 -2034.707728 19.506110
-2938.309679 -2397.297394 -39.501418
-2218.741061 -1830.334892 24.712046
-3212.960655 -2617.372273 -33.793217
-2969.169936 -2513.352188 28.155533
-2071.343515 -1746.074235 -60.760993
-2617.228189 -2223.825888 -71.604028
-2220.697772 -1831.683235 24.821486
-2738.710798 -2367.231805 -14.276422
-2285.562738 -1911.040292 6.249907
-2622.106247 -2169.050059 17.848203
-3041.562083 -2516.214680 20.934368
-2667.266618 -2323.334323 -65.994436
-2522.412169 -2068.939187 -103.853304
-3254.149226 -2842.854720 -45.563300
-3167.046056 -2614.206095 34.397497
-2916.014080 -2510.546754 -23.728177
-2556.777611 -2143.916200 -46.209571
-3492.741024 -3056.791520 -58.254259
-2264.658682 -1844.702432 -12.201428
-2826.743349 -2334.099902 -47.768832
-2737.575101 -2258.051661 -31.672132
-2371.240120 -2021.998544 -99.354014
-2406.601805 -2097.589172 -23.132500
-3461.823049 -2825.407667 -143.140284
-2849.956563 -2315.976525 44.724896
-2296.458515 -1937.761604 -89.922634
-3188.317913 -2678.118403 58.556420
-3383.618996 -2815.850050 -63.072039
-2375.021218 -1941.134616 32.465072
-3306.755092 -2766.643169 10.406580
-3203.252107 -2575.241253 19.585632
-2571.809981 -2152.181207 7.790474
-3376.992220 -2929.782729 5.855074
-2743.913618 -2237.833452 -65.078928
-2485.873451 -2038.666383 -100.289031
-2262.652456 -1961.925727 -19.593566
-2486.854269 -2038.364364 -101.210214
-2890.644350 -2480.484608 15.028733
-2117.625877 -1703.971044 12.329803
-3285.181219 -2823.283708 -49.234821
-3262.280497 -2676.383489 -130.967732
-2875.260515 -2457.496101 -103.732630
-2683.306628 -2332.300062 -15.926539
-2495.240477 -2034.114464 -58.981116
-3568.737656 -2979.027442 -86.746174
-2499.239454 -2010.950597 -74.112294
-3168.220654 -2549.687327 -93.962655
-3195.108555 -2620.704578 -129.218254
-2673.700369 -2151.746256 -79.395754
-2452.226218 -2117.282507 19.144062
-2310.748809 -1900.199460 4.386777
-2450.521831 -2115.876647 19.000604
-2965.058708 -2560.429475 22.074416
-3171.383593 -2647.735448 -77.781072
-2437.618481 -2111.168258 -83.506348
-3447.168048 -2884.391979 45.581154
-2960.299729 -2575.235537 -20.328191
-2655.203001 -2278.758232 15.330301
-2820.968652 -2397.396323 -11.293757
-2885.104444 -2435.404385 -132.024131
-2426.740875 -2050.597204 -111.429417
-2431.770762 -2103.405936 24.158624
-2119.646676 -1820.426083 -59.808370
-3245.117769 -2842.904635 -38.725745
-2370.024143 -1922.629990 -7.845551
-2213.646112 -1937.884174 -26.038971
-2885.581066 -2506.889731 -95.272823
-2922.491934 -2484.142190 -72.459486
-2608.787716 -2198.594286 -74.834530
-2522.423550 -2166.318969 -34.730837
-2845.157575 -2348.355478 -82.199385
-3090.816502 -2488.308131 -114.400226
-2022.718302 -1734.442905 11.486508
-2567.479874 -2048.540194 -62.791574
-3291.523060 -2881.620851 -37.991485
-3316.410438 -2786.159416 -45.121873
-2481.753536 -2031.645315 -26.720415
-2543.297152 -2182.195964 -60.823174
-2719.762571 -2193.760794 -78.627531
-2353.860462 -1993.100507 -8.564260
-3228.771092 -2749.734277 -2.953618
-2271.810574 -1961.103657 -55.861040
-2230.509352 -1925.726477 -54.781012
-3050.068375 -2474.792447 -130.149775
-2653.633123 -2140.771692 -77.017613
-2795.182776 -2254.983425 -81.318535
-2510.167038 -2125.983604 -9.004655
-2813.417545 -2305.590040 22.306243
-3356.259842 -2724.786134 -78.194523
-3185.355019 -2591.766089 -93.696519
-3348.366646 -2775.316901 3.000214
-2209.578692 -1905.489917 -22.524020
-3098.429460 -2627.641381 -73.785106
-2027.000540 -1719.469298 -45.734962
-2587.899837 -2144.213646 -111.547232
-2382.669288 -2049.332082 8.957562
-2876.442581 -2332.074789 -120.550429
-2378.478529 -2009.753536 -12.361292
-2605.320517 -2093.918556 -29.419442
-3602.688428 -2917.088508 33.709836
-2358.962216 -2021.965402 6.157767
-3505.691967 -3053.073215 -17.286868
-2920.913150 -2400.878804 -81.144269
-1970.968037 -1672.687245 -14.285484
-3359.171993 -2818.770277 -48.355136
-3120.521176 -2619.458006 -45.515198
-2791.769686 -2316.689899 3.059967
-2615.319329 -2219.355114 -71.114793
-2749.928277 -2229.280580 22.009390
-2552.087026 -2069.028544 -107.716778
-2446.972583 -1984.604885 -103.519824
-2618.053894 -2097.850833 11.345830
-3022.889491 -2449.748846 23.953304
-2793.667310 -2265.062065 -118.043785
-2867.895464 -2441.330216 -121.516095
-2700.075839 -2298.629587 -114.376890
-2133.584993 -1816.353077 -89.976324
-2383.767371 -2077.341032 -11.603738
-2604.378096 -2116.499768 29.835414
-3291.638531 -2806.421670 -144.286497
-2303.137027 -1921.563919 -56.502661
-3289.399872 -2712.060208 -106.176002
-3292.552664 -2866.830365 -16.731786
-2606.553249 -2099.618586 12.350593
-2544.479116 -2138.115010 -0.076666
-2460.829684 -1979.167244 -86.133529
-3298.688990 -2652.961600 -114.629701
-2473.088462 -1989.248022 -86.605649
-2575.375739 -2037.237355 -51.123115
-2559.404359 -2057.837798 -89.686536
-2457.122028 -2072.865008 -72.071631
-2595.584273 -2215.577061 -112.336645
-2467.776459 -2066.905227 11.933871
-2675.986270 -2283.742925 -115.594758
-2700.745994 -2303.867394 -116.982107
-2781.215877 -2395.070108 -31.828721
-2671.612978 -2279.791822 -114.815214
-2164.961606 -1867.682787 -74.643877
-2965.906256 -2440.909847 17.336436
-3057.314536 -2628.067112 7.708236
-2981.638402 -2404.680115 18.130704
-3182.223049 -2520.993733 -81.844844
-3102.430293 -2544.373091 -28.063965
-2189.494383 -1902.848613 -41.255583
-2720.997614 -2178.988611 -70.013448
-2792.493621 -2312.987427 53.270468
-3082.086836 -2469.624187 -14.833820
-2469.154747 -2002.426088 -101.009991
-2808.049549 -2312.533284 0.364539
-2469.030781 -2002.300766 -101.038054
-2225.266899 -1831.804931 0.702277
-2108.513143 -1737.691882 -0.236045
-2589.987155 -2074.006172 -13.339905
-3391.193824 -2851.636921 -48.221805
-2995.515755 -2428.924027 23.385951
-2531.227714 -2003.880058 -65.411290
-2473.330936 -1957.392989 -57.195038
-2294.414916 -1981.119636 -5.682598
-2533.564673 -2007.751584 -67.334254
-2706.689942 -2144.131719 -70.971212
-2439.893619 -2013.792254 -110.167550
-2530.333784 -2004.284380 -66.439296
-2785.047841 -2212.317728 -82.384694
-3062.665813 -2432.552755 -89.561133
-3329.597305 -2640.146456 -94.640304
-3317.244507 -2634.297962 -99.315291
-2675.326391 -2209.107673 29.071430
-2776.126197 -2377.507641 -66.784127
-3007.854742 -2581.849874 -39.319902
-2572.752399 -2165.733340 -20.146485
-2823.487155 -2330.292287 -127.176901
-2530.566355 -2130.090953 -17.832502
-3005.011507 -2411.317046 -101.676883
-2933.776608 -2353.721837 -99.422125
-2605.758620 -2194.482778 -19.448146
-3155.754730 -2589.194698 19.545954
-3397.131796 -2937.073550 -90.275539
-2132.275624 -1818.667281 -92.378387
-2921.388255 -2412.620391 -97.521515
-3384.589630 -2845.595563 -47.334526
-3113.311726 -2508.497917 -126.804389
-2265.292102 -1904.220554 -33.340419
-2653.293929 -2140.320075 -77.224385
-2813.058798 -2402.559028 -8.153510
-3488.200803 -2887.002379 26.695905
-3227.084025 -2652.456303 25.858851
-2786.727140 -2307.850791 2.557570
-2522.213850 -2159.732627 -59.204096
-2664.541830 -2158.666051 6.237209
-2334.987095 -1846.507725 -30.062248
-2268.659023 -1906.853293 -32.397921
-2508.305923 -1990.155923 -74.783572
-2700.048480 -2142.955478 -79.080276
-3426.058717 -2717.774985 -46.359286
-3170.493301 -2516.372932 -92.917535
-2475.009304 -1965.091500 -73.161837
-2741.633930 -2323.721703 -20.837832
-3193.894839 -2535.082529 -94.263911
-2393.699082 -2011.112457 -17.966285
-3076.274713 -2584.506446 -22.283424
-2797.054999 -2216.976626 -80.957649
-3186.182053 -2536.105271 -23.520859
-3400.196272 -2697.935380 -101.453536
-2447.317969 -1941.823725 -33.613304
-2113.153539 -1730.537215 -85.157236
-3470.345804 -2751.157655 -99.072270
-1993.755164 -1577.930162 -46.494181
-3011.225432 -2382.981103 -71.184338
-2900.190985 -2393.178690 -74.649034
-2584.157302 -2095.954179 21.488862
-2279.005663 -1951.285252 -22.936469
-2900.303468 -2380.390051 19.910941
-3056.265992 -2482.503285 -77.043749
-2689.024445 -2181.458213 22.999976
-2983.374991 -2448.844574 20.347906
-2387.063271 -1933.442714 -100.892117
-2286.872709 -1884.015441 -104.633837
-2922.578547 -2411.577418 -134.212919
-2412.496197 -1990.574382 -111.401860
-2455.458423 -2134.862167 19.880329
-3250.638479 -2826.404426 26.860369
-2900.042409 -2524.016065 23.605073
-2482.043363 -2049.662873 28.457885
-3011.307292 -2447.990216 8.972898
-2779.752778 -2237.159354 -103.426197
-3448.161430 -2997.227159 -66.560138
-2302.883232 -1865.625635 -9.838778
-3508.967669 -2853.036929 10.656119
-2553.083969 -2079.699188 25.591237
-2294.192998 -1877.398141 10.724188
-2356.438159 -2011.340587 -16.522884
-3434.760358 -2921.057705 17.081423
-3224.074893 -2752.142982 -22.434752
-2014.526105 -1727.306665 -46.615766
-3448.737428 -2946.749685 -147.738534
-3299.934902 -2777.631029 24.223198
-3236.434512 -2591.177975 -0.257594
-2928.911271 -2564.332641 -62.558634
-2978.169078 -2610.514339 -66.145847
-3314.678355 -2752.819562 16.615546
-3172.909000 -2711.641679 -135.663396
-2294.333699 -1965.712479 -9.933683
-3401.700584 -2906.732230 -146.564490
-3474.287516 -3034.917625 -47.566695
-3530.852398 -2952.328221 51.557795
-2507.840002 -2190.775531 -33.268488
-2848.883006 -2488.763529 -37.768156
-3248.208052 -2774.581777 -140.276773
-3096.784157 -2589.067652 45.388982
-2327.772714 -2023.217543 -45.289487
-2657.095970 -2245.200366 -7.485057
-2659.901267 -2247.558160 -7.545029
-2362.224474 -1956.973457 -4.868411
-1816.245198 -1443.215841 -41.371213
-3048.934360 -2423.016052 -69.912118
-2459.756083 -2147.279177 -33.131088
-3295.356463 -2846.297143 31.819240
-2634.647004 -2224.390000 -119.648363
-2416.495056 -2013.551075 -46.458287
-2203.885083 -1917.739678 -12.481128
-2300.668345 -1868.007358 -8.469252
-2962.649064 -2572.896050 14.722937
-3238.707414 -2812.848992 16.775189
-2538.374769 -2112.249469 -43.566885
-3543.855039 -2880.434437 -63.609240
-2277.820142 -1920.081817 -65.600274
-2812.076340 -2428.328998 -28.524214
-3049.013745 -2488.991528 -39.915693
-2498.525580 -2075.160567 12.201043
-2173.894274 -1877.075190 -22.272652
-2291.694182 -1963.801789 -10.124608
-2093.052815 -1810.494782 -78.115230
-2202.890118 -1838.577448 37.247484
-2400.199299 -2001.895806 40.724636
-3235.055793 -2695.658635 -1.029617
-2632.689965 -2179.092831 -48.833394
-3492.554151 -2947.611110 60.296177
-2255.408301 -1903.465687 39.010453
-3104.166602 -2620.252887 51.440747
-3483.483716 -2914.731267 -32.923300
-2411.646407 -2073.993719 35.741850
-3026.775936 -2606.948282 43.104459
-3442.135110 -2913.945653 53.863717
-2833.686940 -2379.851565 53.206893
-3130.942252 -2643.896988 51.726675
-3247.635368 -2636.163776 -61.607556
-2795.784108 -2438.056440 9.032099
-2525.653010 -2148.123627 12.301186
-2447.930509 -2108.592523 33.715631
-2459.011586 -2119.004756 34.308723
-3054.626876 -2664.884988 10.659784
-2726.682265 -2366.811609 20.989677
-2549.106049 -2068.974126 -47.938893
-3546.707810 -2851.725854 -105.701988
-2019.828033 -1730.585754 -9.842612
-2688.997673 -2182.070233 -49.624402
-2913.021371 -2365.396070 -17.012272
-3355.499517 -2853.967573 -25.585490
-2989.186138 -2427.033832 -17.334159
-2996.443799 -2563.776844 -0.830055
-2569.368903 -2068.857797 -76.502066
-2998.629437 -2402.766538 -44.168026
-2728.998879 -2335.146039 -0.966470
-2913.243922 -2365.553955 -17.085715
-3266.247029 -2836.505992 5.141967
-3136.981669 -2606.494013 -44.537800
-1892.368288 -1658.489059 -21.810884
-3381.516310 -2963.589219 -39.173791
-2669.340315 -2319.261203 6.003077
-2375.603242 -2032.428270 -86.577303
-3520.055651 -2819.053400 -52.365387
-2066.738109 -1766.199909 16.251953
-3047.580306 -2566.731258 51.247093
-2063.974108 -1793.671723 3.999754
-3321.706141 -2754.161588 -50.065670
-3506.258176 -2908.128801 -52.428275
-3320.815885 -2804.004517 -17.832262
-2558.773227 -2084.329348 25.867880
-2220.786664 -1838.465141 17.465128
-3035.155507 -2472.032141 30.525447
-2652.115507 -2284.077783 9.974954
-3175.283568 -2601.180247 28.547573
-2683.937295 -2335.897120 0.157594
-2924.889714 -2393.757538 -72.987893
-2404.593330 -1969.996544 22.266616
-3071.130310 -2514.697758 -104.832558
-2376.021599 -1963.820736 19.419960
-2984.228129 -2424.698743 -81.475921
-3329.388877 -2753.751404 -95.036492
-3269.256597 -2714.736306 15.310777
-3432.601697 -2870.347065 -36.574309
-3018.730770 -2510.733246 -51.419674
-2150.292617 -1788.374088 -35.234493
-3190.111442 -2689.199132 53.554368
-2940.375478 -2565.954858 9.787289
-2355.360956 -1968.989171 -21.640622
-3065.577367 -2543.423348 -48.004366
-2345.851829 -1925.716980 -43.844020
-2175.680759 -1752.357123 11.006670
-2338.581291 -1939.489041 -36.140050
-3132.598020 -2616.338968 -29.953685
-3293.370154 -2863.217292 0.195397
-2673.320967 -2231.634435 -26.742176
-3306.101372 -2763.355629 -33.409174
-2841.629971 -2408.201313 -113.860332
-3466.160062 -3011.294414 17.178215
-2795.447658 -2429.148756 15.070615
-2722.189629 -2318.628754 -77.378484
-2879.412180 -2475.977080 1.271585
-3428.566786 -2878.727600 66.759510
-3262.989311 -2738.722977 63.993623
-3326.826506 -2793.282394 65.171925
-2699.622832 -2337.766801 11.189054
-2658.847688 -2103.625321 -22.922947
-3076.425397 -2529.934760 -120.272408
-2424.373427 -2084.900268 7.219305
-3162.802311 -2574.722078 32.081447
-2322.231285 -1997.195612 7.660518
-2614.851140 -2248.382002 8.443828
-3451.298467 -2819.597487 44.753579
-3153.727425 -2732.679064 13.052274
-3451.346184 -2856.928650 -63.307669
-3103.263670 -2451.747740 -60.292998
-2188.284429 -1881.885787 0.313055
-3053.383916 -2640.859597 -40.178326
-2783.142714 -2434.661860 14.049115
-2832.193688 -2410.996817 -25.001747
-2585.020763 -2261.257949 13.395533
-2645.781407 -2316.373242 -34.570061
-2495.043557 -2184.410439 -32.212704
-2834.720483 -2323.657582 27.084830
-2791.751651 -2449.471040 -15.700571
-2548.407423 -2167.663245 -13.189452
-3203.114047 -2688.085373 60.403197
-2561.221042 -2217.091711 -68.550111
-2380.154970 -1968.921399 19.180428
-2495.232355 -2117.282177 -17.749204
-3394.260908 -2806.927063 -74.070031
-2639.981500 -2184.897012 21.494407
-2810.192913 -2439.214779 -26.222097
-3215.514143 -2704.107972 -23.251876
-2739.739645 -2258.003470 -124.543686
-2794.951138 -2369.420511 -19.766013
-2225.254843 -1934.834067 21.414019
-3437.012850 -2874.126641 -37.504496
-2682.104030 -2284.189562 -23.385590
-3265.092036 -2852.367540 -41.323657
-3446.889786 -2864.772730 -58.010715
-3256.953075 -2720.853983 -32.753988
-2989.171394 -2489.057517 -45.312576
-2388.181384 -1994.643928 -31.521389
-2292.562794 -1876.890090 -102.856352
-2434.079425 -1992.949083 -109.869828
-3020.376767 -2577.683708 7.985760
-2131.538936 -1773.368781 6.169164
-2954.976602 -2578.801327 -11.273695
-2571.911222 -2119.234166 -13.522250
-2933.978359 -2527.224448 -32.979447
-3579.153706 -2935.988846 -29.465015
-2215.049317 -1894.398414 -91.119559
-3409.015026 -2832.564783 -31.248466
-2660.017866 -2167.789622 -60.540296
-2854.859981 -2342.369148 -23.847604
-2631.708646 -2266.680551 -47.983136
-2569.983381 -2171.615469 -86.690155
-3588.142457 -2956.489172 -63.454111
-2681.821560 -2332.183698 -18.282369
-3408.813046 -2739.598996 -36.099549
-3624.024006 -2912.775574 -38.361907
-2929.656846 -2555.015586 -62.293004
-2629.929852 -2224.939938 -116.375264
-2228.393014 -1852.124462 -20.853721
-2631.438103 -2185.924706 -30.650775
-2408.526532 -1930.143194 -28.307283
-3006.868935 -2544.777360 -33.227010
-3431.204763 -2870.040689 8.855128
-2148.577037 -1870.666913 -10.614262
-2939.825200 -2406.648456 -131.776066
-2407.926149 -2079.204593 -4.979913
-3317.161608 -2863.091977 -6.644781
-2384.037601 -1938.267034 30.568669
-3451.860684 -2944.163804 -147.145526
-3567.766073 -2925.688449 -147.360438
-2673.489868 -2206.430601 28.045746
-2689.410351 -2302.076877 -65.501945
-2352.218858 -2012.534656 -56.590544
-2658.149957 -2189.416357 19.479669
-2680.019261 -2282.280978 -30.384836
-2883.570048 -2363.996304 -116.253305
-2792.176391 -2329.142865 -66.813602
-2478.610373 -2020.987070 11.967372
-2337.098353 -1915.239930 33.531116
-2909.027100 -2379.341400 -129.790492
-2193.057087 -1795.415199 -96.891552
-3374.521601 -2766.922365 -141.779109
-2777.179478 -2249.284894 -90.144506
-2451.128034 -1982.129105 -88.017949
-2581.765456 -2115.360944 -107.566548
-2630.766952 -2203.462127 -17.101621
-2316.417945 -1940.153675 -15.712346
-2948.540530 -2470.322222 -19.091242
-2991.334785 -2508.630653 -14.485142
-3304.325023 -2614.332994 -38.869928
-2715.230571 -2231.315620 -125.589251
-2103.706770 -1764.776352 -9.908370
-3574.300727 -2852.615625 -115.607385
-2107.919506 -1827.766805 -19.218521
-3127.533859 -2538.721949 -72.983034
-3228.033003 -2643.970491 24.159369
-2612.799970 -2088.399786 -83.100716
-3157.458515 -2629.287066 -151.365148
-3160.362929 -2631.317839 -152.064844
-2726.766380 -2214.499141 -80.937943
-2418.652560 -1982.225331 17.301877
-2944.598356 -2537.142745 -32.934785
-3411.325960 -2750.319089 -112.909532
-2740.617989 -2251.070967 -127.076935
-3008.546186 -2471.252471 -138.511507
-2797.934054 -2373.322095 -64.429569
-3484.563899 -2800.634518 -37.945105
-2501.785113 -2186.263910 -72.291781
-2626.613417 -2185.447885 -22.790192
-2867.233088 -2414.158356 -139.904926
-3402.637130 -2856.526249 -164.918697
-3194.232446 -2689.147090 -154.365700
-3193.388961 -2688.445324 -154.669854
-2330.573904 -1962.523695 -112.965308
-3231.994363 -2769.247318 -147.803091
-2896.613653 -2503.253783 -120.494357
-3413.670950 -2979.420508 -103.203216
-3185.082025 -2615.078572 -86.213530
-3498.904011 -2974.817835 -15.738703
-3090.890351 -2670.154094 -127.952596
-2231.561025 -1868.413085 -15.841604
-2505.637090 -2195.180029 -26.171306
-2374.165479 -1901.820104 11.034382
-3108.179566 -2546.235207 -125.917904
-2592.382252 -2076.597527 11.874105
-2417.588669 -2076.912168 -105.595844
-2467.213699 -2122.513769 -106.681479
-3330.275243 -2786.880792 -24.207907
-2255.558071 -1943.538697 -97.698939
-2638.974958 -2267.687213 -115.689981
-2008.353021 -1692.805367 -96.983554
-2590.220385 -2232.270085 -107.168758
-2905.518268 -2497.799058 -126.428322
-2830.792367 -2287.163286 -93.167741
-2173.031188 -1780.983507 15.967785
-2791.731897 -2230.720231 -93.465984
-2540.341682 -2029.849302 -83.934281
-2996.794796 -2487.544928 -145.245543
-2314.475964 -2004.749236 -94.022938
-2442.302948 -2115.836977 -99.930296
-3445.654029 -2986.596298 -139.693821
-2810.195663 -2441.835251 -108.853717
-2895.263341 -2502.100465 -125.846825
-2054.970937 -1776.307786 -87.107562
-2570.205546 -2227.805666 -106.220430
-2337.356911 -2031.692907 -93.518876
-2815.468622 -2427.133501 -124.397254
-3057.976765 -2646.702233 -125.035685
-2961.147729 -2574.403415 -118.144943
-3393.465829 -2933.198665 -140.702615
-2604.912175 -2252.677405 -111.071694
-3135.905274 -2709.330465 -136.054107
-2283.568816 -1980.532895 -93.232639
-3112.472646 -2680.062146 -139.227012
-2443.514198 -2063.877272 -118.648195
-2374.439258 -2006.193748 -114.082222
-2077.845686 -1802.604933 -84.064520
-2337.831730 -2030.724461 -92.478531
-2453.106666 -2117.369759 -107.075489
-3431.703615 -2961.911268 -148.424245
-2448.538036 -2069.011352 -119.258923
-3074.777530 -2657.267238 -126.856370
-2636.020160 -2226.122740 -128.211087
-2873.467429 -2483.071821 -121.853483
-2285.920486 -1975.997696 -95.607097
-2809.293835 -2354.075192 -13.786117
-3216.938674 -2568.922606 -107.221156
-2431.996518 -1942.451155 -81.533282
-2630.570873 -2263.986916 -116.208438
-1765.317405 -1522.433950 -75.404667
-3325.564999 -2629.622421 -39.839623
-2626.500931 -2187.652692 -17.839068
-2875.063340 -2480.438739 -122.553102
-2499.772982 -2160.333089 -106.263498
-3179.485255 -2741.381738 -137.812024
-2714.762756 -2376.338450 -29.750132
-2207.380111 -1904.112156 -95.686929
-3047.261196 -2667.052056 -33.176080
-2193.468665 -1781.577649 -91.650975
-2497.864774 -2144.421641 5.424836
-2604.169506 -2091.187015 17.272219
-3326.761204 -2805.516658 -19.713504
-3196.036064 -2745.065952 5.430660
-2444.360077 -1982.856831 -100.070569
-3380.365377 -2951.190925 -10.347980
-2428.388505 -2049.046624 -94.307958
-3332.032808 -2908.406017 -16.926552
-2968.061356 -2564.157812 23.847705
-2800.653773 -2420.469875 22.312207
-2639.248911 -2082.835646 -38.751543
-2182.983155 -1819.388831 -15.838984
-3286.541769 -2753.545518 -22.041299
-3180.195733 -2668.954246 -151.697670
-3249.898059 -2739.225211 -20.919762
-3150.471640 -2707.075739 10.218515
-3245.593448 -2737.348869 -20.497018
-2445.836404 -2028.575482 1.634739
-2436.227164 -1970.244673 -104.036698
-2978.848204 -2471.178258 1.877650
-2602.297385 -2104.501043 -111.003872
-2350.997618 -1902.691581 -100.148413
-2739.118832 -2253.421468 -122.189809
-2482.360827 -2137.781483 -104.822191
-2426.449600 -2034.221419 -15.997605
-3409.426729 -2833.864911 -33.280662
-2317.321805 -2020.182982 -73.376698
-2703.515210 -2259.667327 -136.400323
-3359.846610 -2820.939429 -168.208558
-2857.468129 -2406.249014 -141.797524
-2621.122817 -2287.147669 -81.086356
-3155.930224 -2636.988618 -159.269302
-2338.180189 -1964.693211 -116.649670
-3405.881351 -2874.615349 -170.304607
-2399.410272 -2024.897110 -118.349528
-2961.294822 -2461.708805 -30.524057
-1860.714901 -1547.077787 -19.056454
-1895.719943 -1576.590710 -19.729077
-3413.356689 -2980.172352 -104.228710
-3567.772158 -2842.738426 -114.411091
-3151.343100 -2648.175379 -157.769573
-2949.978252 -2461.519161 -146.766586
-2572.207496 -2154.139917 -131.861666
-2517.640094 -2098.452977 -126.577114
-2080.127885 -1734.152565 -105.470381
-2444.877237 -2010.119420 -108.630696
-2857.670175 -2357.337857 6.475185
-2966.093587 -2473.535600 -149.338174
-3156.444209 -2632.415446 -159.758522
-2653.519414 -2227.443148 -134.122889
-2545.753320 -2115.114112 -24.896649
-2836.891298 -2331.900767 -127.310825
-3107.970073 -2572.381502 -151.772084
-2023.483184 -1687.202222 -100.885777
-2455.284129 -2061.198730 -124.044571
-2951.662842 -2461.802029 -147.528925
-3204.288769 -2689.915528 -161.806804
-2975.886976 -2426.183983 -137.772575
-2749.920591 -2259.538262 51.253165
-2413.075639 -1988.051139 -108.632716
-3267.361713 -2785.947232 -139.608264
-2622.459452 -2210.227766 -17.379115
-3037.823010 -2524.665634 1.182773
-2157.538981 -1704.831632 -28.027012
-1927.017641 -1591.725651 20.106669
-2452.789645 -1959.811317 13.529509
-2949.876048 -2424.912094 -137.996857
-2468.238610 -1966.232870 -80.121920
-3141.874525 -2561.211222 -150.927362
-2238.966226 -1869.835764 -114.449510
-2466.258142 -1962.978802 -83.107738
-3026.776572 -2410.672935 -102.005165
-3284.747646 -2716.652175 -165.301958
-2763.028888 -2356.207743 -117.482394
-2143.563438 -1840.664670 -94.886004
-2847.280253 -2346.798933 -125.728821
-2842.447796 -2375.116425 -141.924428
-3158.574547 -2546.577068 -137.224595
-3102.281362 -2613.356512 -157.781980
-3329.970096 -2756.470608 -163.568724
-3281.556465 -2651.967162 -147.740801
-3314.101799 -2634.423889 -109.528337
-2608.702532 -2106.994664 -115.584817
-2376.421008 -2006.686330 -117.285067
-2311.022218 -1940.125020 -117.912072
-2770.957650 -2360.284808 -123.565199
-2658.106076 -2207.727444 -129.898841
-3155.521395 -2558.810866 -137.275909
-2433.580503 -1945.152822 -79.928144
-1934.069215 -1643.025641 -83.114360
-2653.823104 -2121.416993 -88.214284
-2557.507634 -2086.937917 -118.593282
-2407.588198 -2005.066790 -119.263667
-2512.477215 -2168.181429 -111.616457
-3411.141432 -2979.000768 -107.297561
-2925.071178 -2457.821213 -144.259588
-2430.673001 -1986.964541 -111.066622
-2446.818141 -2109.108732 -109.269382
-2321.270251 -1992.331738 -108.657571
-2356.997063 -2063.053430 -72.561444
-2560.285968 -2152.969353 -127.001942
-2433.940841 -1988.331493 -113.536378
-2436.463630 -1988.378670 -112.674411
-2486.372822 -2151.798045 -107.112443
-3488.014429 -2940.916429 -176.833228
-2644.421428 -2311.563720 -12.285310
-2991.034920 -2439.797729 -139.118941
-1977.639964 -1736.901878 -9.325175
-2930.985366 -2440.630386 -34.045333
-3323.784878 -2811.288428 -168.930493
-2654.017934 -2120.067874 -89.854897
-2530.335485 -2213.634775 -79.932301
-2327.011905 -1964.709434 -118.607896
-1970.159514 -1722.016089 -64.069666
-2215.367739 -1858.852429 -114.129260
-3177.757705 -2662.021307 -165.484608
-3201.464380 -2706.164015 -164.164021
-2973.485738 -2498.041037 -153.760899
-3194.501968 -2725.881363 -146.190962
-2670.260246 -2250.009067 -136.936305
-2660.180105 -2274.865539 -126.158113
-2250.714376 -1892.710145 -116.674620
-2618.991200 -2242.542813 -123.869749
-3235.382526 -2765.593609 -147.745662
-3472.272220 -3037.724581 -111.042958
-2501.233526 -1992.193773 -87.595381
-3303.659403 -2917.976763 -64.591809
-2275.606952 -2009.806525 -52.495693
-3216.720686 -2781.719891 -43.273404
-3352.320072 -2731.038672 -87.081566
-2672.005582 -2176.807506 -69.302348
-3133.308618 -2675.365137 -134.201949
-3197.973819 -2730.104743 -21.526507
-2273.195988 -1893.213124 20.197343
-2736.985812 -2256.626930 -32.383497
-2334.880167 -1976.341743 -102.761323
-3051.010261 -2655.164341 -1.370897
-2880.905360 -2506.037476 -1.638287
-2741.898067 -2276.734973 -33.278900
-3225.259610 -2720.595408 -68.617245
-2704.674756 -2272.489325 -42.632167
-3114.865580 -2533.648467 9.291312
-3444.773065 -2798.659020 44.112558
-2991.765807 -2553.216850 -42.075370
-2345.612003 -2043.927643 -76.862340
-2916.659121 -2462.951891 54.272245
-3397.872981 -2791.120367 -68.368319
-3218.216824 -2624.986654 15.193703
-2916.181099 -2394.000611 -110.776005
-2308.506187 -1902.443059 -27.695316
-3557.051635 -2896.675372 -92.227458
-2867.013117 -2430.044379 -127.832320
-2825.542947 -2477.123400 -4.620365
-3443.811756 -3031.796557 -59.967013
-2797.708974 -2461.896412 -48.943245
-2611.526382 -2202.539833 49.034570
-3232.244665 -2832.653653 -87.366063
-3186.511790 -2773.597033 -17.015248
-2803.259224 -2453.373408 -29.840945
-1845.627424 -1533.416175 -27.844466
-2525.273819 -2098.022027 -38.108590
-2974.598753 -2546.418904 -134.565316
-2586.074407 -2113.724929 -116.699817
-2513.375442 -2054.516777 -113.731247
-2088.711154 -1839.351816 -14.608976
-2298.880993 -2021.794776 -9.250694
-2398.601939 -2025.810131 45.452012
-2552.962762 -2248.663385 -71.214519
-2700.491383 -2380.081339 -73.390745
-3481.958233 -3068.860030 -95.139043
-2448.522017 -2125.502949 26.078645
-2874.724214 -2398.553719 -32.463435
-2280.721254 -1901.146137 -24.088182
-2996.116812 -2486.469287 -46.282425
-3149.119941 -2614.271551 -47.514360
-1968.628254 -1713.361648 -58.718600
-2004.892863 -1751.709016 -7.832094
-3107.066259 -2703.604067 -123.459116
-2481.859830 -2179.528270 -73.655889
-2422.080299 -2108.607365 -96.537219
-3314.105219 -2914.675622 -90.724522
-3256.593883 -2835.883622 -124.673935
-2258.275435 -1965.889712 -88.982556
-3230.863545 -2841.993145 -89.004845
-2677.808018 -2355.602932 -72.291498
-2986.358946 -2628.397188 -64.878017
-3345.506735 -2789.271382 -33.848424
-2436.992653 -2146.923098 -62.865286
-2571.888243 -2102.833575 -115.648010
-2486.356556 -2105.856859 -119.371629
-2856.454187 -2375.282373 -27.299337
-2707.872704 -2251.512028 -25.727609
-2906.798958 -2548.680388 -10.161767
-2449.245537 -2155.257282 -70.451799
-2217.133175 -1948.289256 -65.487983
-3087.062471 -2582.500468 -26.750908
-2759.678806 -2340.318781 -132.594149
-2333.541203 -2047.853812 -69.432803
-2374.547485 -2007.948165 -114.780748
-2469.641279 -2167.466395 -74.512517
-2597.385405 -2202.983936 -122.824789
-3325.972692 -2898.611289 -5.366407
-2144.935655 -1831.837014 -93.384606
-2390.108952 -2085.674409 -7.122568
-2134.767024 -1809.656074 -83.698903
-2954.074860 -2572.374220 -33.569817
-2502.914468 -2128.506017 -12.197104
-2988.960659 -2366.651964 -28.162771
-2261.525426 -1900.922618 -35.818118
-2502.013672 -2155.305692 -103.517220
-2338.033306 -2050.976229 -34.349540
-2981.996427 -2614.878284 -7.752138
-2559.723734 -2190.713086 -116.389895
-2768.822354 -2242.920472 -119.102456
-2912.151360 -2356.824846 -124.714817
-3153.111044 -2641.119626 -160.755308
-3425.638318 -2987.084381 -107.932327
-2759.353192 -2264.841004 -130.014398
-3455.154508 -3020.769273 -131.208959
-2215.086476 -1949.292759 -66.131911
-3452.791468 -3012.771980 -136.433142
-2894.121414 -2553.710895 -29.464568
-2387.638006 -2092.872126 -11.590054
-2414.354575 -2016.238653 -26.386873
-2680.386904 -2282.106754 -22.956860
-2932.768349 -2402.391219 -135.175495
-3507.872503 -3054.344524 -133.916020
-2330.021946 -2030.184246 -92.176744
-2857.426427 -2491.457442 -110.747728
-3085.319890 -2611.213205 -151.910486
-3180.016910 -2694.080060 -157.906467
-3466.533596 -3022.531933 -135.195661
-2308.533931 -1953.464749 -115.181203
-3264.581046 -2830.975318 -140.295144
-3071.703427 -2654.435263 -137.742514
-2477.233033 -2134.761800 -113.872503
-2057.844916 -1784.635172 -85.804038
-3403.689022 -2941.401306 -149.196046
-3153.025618 -2722.592932 -141.752614
-2696.877692 -2335.420631 -116.661593
-2228.909065 -1921.385681 -101.715152
-3083.807424 -2663.585316 -137.119254
-3155.628815 -2640.889781 -159.353166
-3135.669872 -2759.117601 -91.378749
-2482.844942 -2152.489024 -107.168816
-2692.334712 -2317.424770 -123.543998
-2238.849660 -1944.631231 -93.914070
-3330.822590 -2918.541990 -102.699549
-3466.632639 -3015.551865 -141.058679
-3091.116506 -2673.298037 -138.832217
-2083.712245 -1810.551445 -85.422446
-2245.622230 -1951.857069 -93.429389
-3417.285227 -2974.902206 -139.575226
-2438.856399 -2070.742537 -122.289619
-2663.875677 -2256.894181 -137.282865
-2533.855786 -2145.203211 -128.802523
-2449.163153 -2007.575918 -115.173090
-3106.036960 -2548.026813 -146.307897
-3073.590549 -2631.394804 -148.058565
-3343.334935 -2802.706554 -174.479481
-2259.824429 -1909.413444 -116.171324
-2375.284413 -2008.578657 -116.449681
-2396.524427 -2061.848012 -112.880733
-3159.852010 -2704.965196 -152.578736
-3442.632137 -2981.892679 -152.000604
-2484.821990 -2153.124425 -110.023128
-2919.578674 -2456.733844 -149.667933
-3233.045940 -2790.875272 -148.610799
-3137.538014 -2664.594854 -157.400878
-2684.839604 -2146.135238 40.037041
-2452.670017 -2017.197962 59.599558
-2793.393144 -2248.163920 49.064787
-3175.301571 -2518.888470 10.173661
-2892.469260 -2364.168082 68.191612
-3027.485173 -2392.791450 6.378309
-2862.259343 -2370.094986 72.212986
-2761.482614 -2218.585391 49.215526
-2333.772369 -1849.205809 -44.963099
-3098.255959 -2600.324547 0.231975
-2799.045703 -2448.543072 -58.906685
-2385.550523 -2043.572306 3.376721
-2195.996202 -1896.785193 -15.595410
-2206.909634 -1827.885714 33.267991
-2749.563647 -2355.319337 4.140128
-3469.377728 -2873.827482 52.200015
-2582.439945 -2100.534164 30.511289
-2275.522029 -1964.784686 -16.919834
-2707.891716 -2236.509815 -43.144148
-2930.349230 -2531.263551 -21.426174
-2284.554188 -1954.612239 -19.060041
-2898.997798 -2367.413452 -18.537340
-2857.675036 -2391.444172 14.162737
-2864.028715 -2324.863448 -34.573288
-2620.058717 -2083.530029 -12.856619
-2413.995268 -1918.652982 -12.006537
-2641.447693 -2098.819298 -13.331020
-2522.417045 -2178.510145 -62.117977
-2318.759177 -2029.869667 -51.206660
-2365.441824 -2010.539654 -75.883321
-2680.918690 -2223.673502 -125.535994
-2418.493218 -1963.573185 -29.490897
-3423.977982 -2999.070276 -86.354677
-3326.970754 -2894.260269 -7.824201
-3095.508662 -2551.646757 -39.236633
-2574.549374 -2096.750374 -74.932169
-3413.158677 -2813.985818 -43.315931
-3580.819185 -2956.104902 -104.899185
-3005.851518 -2422.610954 39.944506
-2876.550239 -2373.817865 -84.799519
-3523.754284 -2864.033581 42.435989
-2206.469856 -1820.410693 -64.387018
-2453.452532 -1992.965670 -89.350933
-3194.464806 -2595.471471 -116.380279
-3033.902326 -2479.015456 -134.145752
-2530.228517 -2152.491816 -2.326672
-2599.773385 -2202.903098 -38.225347
-2800.098358 -2274.687587 -102.280129
-3413.484522 -2785.723872 47.836384
-3325.717509 -2702.129113 53.054605
-3155.796470 -2719.261191 -46.593343
-2813.446299 -2340.877881 -52.760571
-3201.803858 -2579.463330 37.025120
-2058.877369 -1683.721855 -3.650551
-2809.490919 -2305.353515 1.794107
-2738.074379 -2284.795476 14.820914
-2366.967276 -1941.747553 1.755576
-2649.606173 -2173.556915 1.516645
-2925.869636 -2478.050150 -43.733760
-3047.564400 -2514.446342 -110.456953
-2410.751935 -2087.637905 -61.634373
-2456.180322 -2105.802011 1.829647
-2230.574305 -1912.184343 0.740961
-3178.413745 -2779.752730 -37.199014
-3335.516927 -2872.781255 -33.748685
-2966.721404 -2594.599167 -35.159110
-2899.650970 -2293.009690 -24.522788
-2396.861582 -1981.081823 -78.368488
-3018.370150 -2452.750140 36.230765
-2213.062889 -1906.048772 -23.195929
-2418.324794 -1998.145738 -79.453082
-3176.743807 -2729.048711 -91.517242
-2572.514672 -2054.626764 -62.354802
-2504.959878 -2000.648742 -61.357910
-2572.288582 -2054.517243 -62.367258
-2200.022612 -1776.729762 -74.338957
-2441.266267 -1971.924732 -82.519314
-3404.886484 -2738.179802 -39.595185
-2709.506407 -2202.901825 31.895639
-2395.840904 -2015.266166 -68.736611
-2381.715055 -2076.215274 -32.850437
-3326.529022 -2669.783452 -103.553005
-2541.513419 -2196.966692 -63.371320
-2564.692210 -2182.915762 -106.695005
-3220.033529 -2740.887595 -133.451701
-2753.368421 -2246.754173 -122.798664
-2310.989182 -1967.498379 -95.773234
-2410.829418 -1968.610633 -107.362435
-3028.457196 -2610.005465 -31.373345
-2711.622648 -2255.613639 -49.632556
-2509.300533 -2087.189407 -46.657599
-3369.801038 -2722.881774 -112.173716
-2944.917128 -2555.475264 -49.005103
-2185.619747 -1775.447582 36.175942
-2243.290420 -1851.364706 -81.688837
-2508.029143 -2105.970771 -48.341391
-2176.401525 -1873.641958 -32.666378
-2371.812450 -1957.619376 -32.574825
-2948.906067 -2529.498456 -122.202900
-2953.070639 -2432.724810 41.276562
-2563.219768 -2216.555306 -65.530526
-2238.443718 -1919.461968 -92.113878
-2788.882841 -2390.356222 -26.777992
-3511.786621 -2896.424088 -62.759938
-1957.853515 -1677.908068 -18.845140
-2505.372975 -2039.106294 -83.660323
-2485.228115 -2087.099277 23.306275
-2722.626495 -2209.431496 -34.005273
-2414.854542 -2087.444536 -6.954547
-3361.326231 -2694.285532 -116.710019
-3356.775054 -2651.591197 -63.278235
-2513.738198 -2015.714117 -88.788565
-2847.648306 -2284.990394 -100.614511
-2446.863856 -1937.204900 -8.528609
-2591.061145 -2079.465820 -89.801153
-3046.456479 -2438.235781 -107.531400
-3048.334496 -2440.700546 -108.011921
-2289.571716 -1833.574077 -80.573173
-2759.361206 -2214.281712 -95.205388
-2576.610129 -2035.246687 -44.884864
-2129.945135 -1803.518742 -33.724494
-2110.904843 -1710.285637 31.600570
-2185.214755 -1850.737657 -33.788962
-2657.160277 -2186.444777 16.854680
-3028.289140 -2501.056816 -100.002183
-2354.523842 -1978.261521 -18.751250
-2398.380540 -1910.389206 15.558055
-2276.078172 -1960.891085 -14.632881
-3275.438212 -2753.412862 -45.342886
-3421.440844 -2950.905601 -117.346380
-2610.644941 -2154.255561 -46.586822
-3102.202964 -2553.966388 -139.331304
-2677.302650 -2158.639590 -110.450486
-2584.931010 -2083.153179 -27.397864
-2694.293638 -2171.929005 -28.427506
-2604.065912 -2222.554604 -113.246218
-2379.937743 -1873.091740 -50.406387
-3308.577414 -2620.734973 -99.396904
-2722.920157 -2157.839470 -80.683002
-2551.392166 -2020.481065 -74.140438
-2360.772557 -1860.809580 -52.971576
-2437.372185 -1948.752825 -89.127246
-2464.700728 -2121.667893 -2.327185
-3068.081609 -2604.827447 -74.633992
-3069.809575 -2605.915618 -74.813910
-2737.299870 -2161.876322 -21.464576
-2641.799680 -2085.224740 -19.726306
-2741.846915 -2260.066827 -126.709301
-3293.961022 -2764.993956 -24.702897
-3241.756003 -2550.156483 -48.638737
-3250.735290 -2839.420370 8.471755
-3223.210043 -2685.287478 76.415743
-2620.198932 -2288.764540 6.496135
-3102.684244 -2697.678110 23.958343
-2918.177013 -2432.697756 -50.371497
-3570.384660 -2976.956937 -61.859702
-2887.938938 -2384.435677 58.989237
-3093.899610 -2532.176826 45.733240
-2679.367586 -2215.513114 55.816760
-2426.473030 -2005.595741 50.813648
-3116.268296 -2709.618954 -54.620394
-3529.480510 -3014.010794 -55.432562
-3330.207958 -2894.743422 -59.816728
-2712.778059 -2379.418565 -52.221960
-2441.434395 -2123.139086 -43.337601
-3408.649476 -2909.677433 -53.555241
-3001.028624 -2631.503451 -66.461890
-3189.373318 -2776.131713 -20.400584
-3004.136596 -2447.525611 -83.848467
-2334.440897 -2030.236748 -41.886974
-3395.400501 -2945.223398 -20.860907
-3053.190389 -2586.927101 -33.578063
-2076.523695 -1792.616803 -14.159018
-2025.685777 -1671.912041 -33.243397
-2929.316719 -2481.947177 -32.336398
-2278.035098 -1912.362097 -37.874623
-3074.531126 -2581.151131 -51.201963
-3004.564658 -2418.070571 -102.469489
-3344.348476 -2711.585772 53.649872
-2965.136570 -2513.594829 -44.315854
-3314.336031 -2762.890890 57.285487
-2734.984929 -2258.584154 -45.313395
-2228.591315 -1840.324626 -36.505638
-2023.579070 -1768.571429 11.944433
-3047.024535 -2648.924596 23.049550
-2655.472765 -2242.503191 46.993461
-2355.008440 -1991.101803 41.230183
-3033.329236 -2569.652263 49.128420
-2195.451922 -1839.814378 47.982421
-2461.550646 -2122.461000 35.260722
-2334.437475 -1901.810353 -35.218970
-3359.267041 -2735.462505 -51.063703
-2862.985194 -2487.095258 22.462029
-3187.264171 -2676.875741 60.964347
-3189.540751 -2776.981460 -20.865792
-3340.944581 -2774.515282 -52.387680
-3511.798592 -2858.173665 -107.020438
-3254.308732 -2815.271677 18.972019
-3156.916202 -2769.831941 -36.455685
-2145.289426 -1769.253317 -62.524800
-2409.925320 -2092.919942 -21.903239
-2395.965575 -1992.166880 -34.654602
-2828.017750 -2483.835434 -33.183596
-2691.497794 -2201.558597 39.556127
-2202.324948 -1917.482761 -14.040130
-3525.390630 -2906.678289 -91.108859
-3392.971413 -2770.129575 -152.350712
-2410.848245 -2026.008530 -87.787000
-2410.596255 -2025.465664 -87.485283
-2284.080754 -1969.479317 -2.058401
-2036.421968 -1786.328773 -14.572006
-2693.358847 -2201.982688 39.671749
-3145.611708 -2658.778353 53.525890
-2161.726866 -1826.555535 36.490876
-3375.942645 -2765.819292 34.124576
-3086.006365 -2528.468248 31.080960
-2255.103302 -1963.861468 -4.684133
-3303.001852 -2762.110435 71.269528
-2575.492708 -2051.775761 10.004283
-3492.973793 -2920.058226 75.489378
-3377.749985 -2841.396249 79.550111
-2649.803794 -2317.406412 8.739689
-3570.409252 -2981.091074 84.576494
-3274.450243 -2851.869089 31.041838
-2349.869612 -1963.807769 56.538824
-3226.239540 -2695.127946 77.087315
-2376.802143 -2021.235934 41.705964
-2783.537085 -2242.324833 41.848837
-3176.842917 -2524.031237 -0.823450
-2536.537334 -2014.551052 -0.796628
-2277.680783 -1802.053421 -20.230429
-3003.680713 -2436.717175 -83.548649
-2176.810473 -1894.502323 -25.547685
-2438.485017 -1989.308487 -28.797499
-2510.988125 -2075.977091 51.493095
-2207.744825 -1740.619858 -14.659217
-2409.647773 -1949.839800 40.422017
-3428.726294 -2703.552296 -25.276134
-3117.871002 -2457.508228 -21.531903
-3113.923751 -2507.950411 47.203878
-3008.259483 -2410.260155 -104.598605
-2595.389744 -2090.765242 39.693700
-2640.033203 -2120.240078 -89.593330
-3467.115116 -2750.346502 -99.031027
-2467.079486 -2032.822559 34.732818
-3368.336476 -2659.319514 -58.480394
-2465.881987 -1970.622264 5.064095
-2083.547141 -1673.004044 -71.027742
-3270.432542 -2794.338535 -50.512298
-3275.576657 -2840.594661 -21.394722
-3309.158718 -2769.645624 -33.894936
-3177.059278 -2722.943618 55.015129
-3087.394948 -2470.014605 42.267323
-2423.985183 -1953.083693 43.581389
-3085.190324 -2645.259209 54.287638
-2727.775646 -2178.945964 31.210598
-2618.658762 -2111.505587 47.034047
-3419.117480 -2805.071981 81.060739
-3501.706919 -2841.198074 70.249380
-3293.402138 -2634.869577 45.489792
-3282.097141 -2638.103073 48.063440
-2205.485285 -1787.802979 42.520294
-3180.583003 -2538.722161 36.534110
-2667.056882 -2161.711224 52.117809
-3426.848117 -2775.328371 66.277223
-2858.625734 -2308.671914 52.760347
-2713.828171 -2180.933595 40.266064
-2882.315661 -2417.983842 -27.231880
-2321.890710 -1945.930537 -20.887393
-3488.745480 -2789.644976 7.575445
-3009.989850 -2406.230321 6.880056
-2040.390056 -1794.014697 -24.088924
-3007.563282 -2408.404250 38.871328
-3001.130916 -2454.874752 44.945180
-2305.516112 -1909.911193 2.587907
-2492.005933 -2181.808361 -7.726071
-3392.905184 -2846.839148 -46.493095
-2502.967654 -1976.171694 -48.606590
-2854.299154 -2286.621961 -107.349451
-2687.859593 -2155.228338 -100.129662
-3384.120676 -2703.308476 -121.499695
-2771.963450 -2185.505452 -46.507252
-2710.946035 -2254.414090 -49.367628
-3371.511555 -2764.620841 30.604569
-3439.250400 -2714.023295 -8.958245
-2901.291241 -2303.175052 -0.687355
-3406.007291 -2749.953427 64.961160
-3219.564569 -2696.013957 -41.386679
-2914.990688 -2299.258622 -8.250981
-2317.341994 -1826.755786 -18.240729
-3383.055008 -2733.656023 65.359840
-3101.418242 -2449.276499 -28.314552
-1889.306026 -1557.769999 -86.970217
-2783.699060 -2192.248772 -43.485381
-2907.297400 -2288.051387 -46.991044
-3260.232729 -2598.802158 20.195289
-3411.471121 -2683.536034 -45.850922
-2877.293440 -2506.226268 14.885288
-3160.082383 -2769.247954 -28.948972
-2533.973498 -2109.546580 7.687775
-2680.783684 -2224.706768 -125.235983
-2649.366232 -2311.867795 -52.973490
-2682.311203 -2183.683967 -32.095727
-2866.275619 -2324.810174 -110.162146
-2716.096588 -2376.899396 -79.012193
-2440.949346 -2134.494216 -27.693725
-2375.452803 -2009.884087 -26.072734
-2322.775903 -2031.293044 -67.785802
-2332.297705 -1934.044216 21.802484
-3054.756193 -2586.538546 -34.054646
-2458.917608 -2105.506884 0.048419
-2401.450074 -2072.170895 -2.660038
-1758.114301 -1495.910333 -69.203084
-3203.739352 -2718.190924 -35.886488
-2038.310018 -1733.557639 -75.096975
-3527.292548 -2892.783411 0.815012
-2111.120572 -1721.766088 29.242194
-2553.073447 -2102.926743 15.818419
-2459.307411 -2156.085452 -67.179034
-2680.237642 -2338.141582 -9.536482
-3045.234538 -2431.404060 -96.416703
-3044.728563 -2448.491098 -34.026221
-2194.301282 -1786.046965 -78.351544
-2727.821002 -2221.036331 -98.397899
-2292.680663 -1894.553581 -25.915768
-2881.366497 -2317.172844 -30.842870
-2920.033893 -2503.629087 -130.804350
-3280.472930 -2810.925515 -147.820872
-1961.106965 -1714.592241 -58.518331
-2513.836532 -1987.250984 -31.237076
-2087.667944 -1797.341673 -22.406773
-2359.371414 -2016.749248 -80.087739
-2260.045827 -1943.747393 -100.050654
-3186.619153 -2732.496344 -141.574605
-2484.376770 -2131.281794 -107.103318
-2090.280408 -1783.122595 -28.079550
-2857.380957 -2471.508441 -118.668933
-2153.576970 -1863.343340 -88.726451
-2783.626658 -2316.294599 -27.863603
-2456.679794 -2044.077884 -25.026614
-2894.378863 -2503.086903 -118.998725
-3385.966888 -2959.110192 -99.783437
-2688.260881 -2309.933738 -119.982894
-2306.240159 -1979.986674 -103.687830
-2343.169709 -1853.131227 -8.619683
-2159.573115 -1708.120769 -7.804042
-3286.348477 -2600.104361 -30.964433
-2416.690206 -1990.310114 14.004602
-3629.405769 -2884.096988 19.728854
-2848.114075 -2264.098809 16.276842
-2624.963244 -2093.911706 11.411263
-2523.245618 -2013.899513 10.270120
-3379.980646 -2697.284717 13.941922
-3309.329119 -2651.146053 -118.696809
-3011.319245 -2414.662986 -106.808248
-3631.240920 -2870.445139 -14.292270
-2444.356585 -1998.314022 -6.200232
-3222.568607 -2535.376555 -37.378451
-2345.980255 -2035.611689 -31.543507
-2304.809729 -1866.544958 -100.728522
-2859.095254 -2406.004755 -141.120872
-2521.970849 -2121.519971 -125.122929
-3403.852724 -2872.834768 -170.394348
-3469.329974 -2920.513753 -173.535935
-3445.441658 -2761.666246 -127.498679
-2601.596143 -2094.590374 -105.717159
-3491.826285 -2759.930256 -44.153011
-2554.064405 -2049.164919 -103.817693
-2415.098193 -1969.283903 -109.185794
-3181.715651 -2594.689771 -143.355156
-3055.441683 -2462.153221 -127.572372
-2340.845870 -1851.014392 -70.541599
-3348.355944 -2647.941930 -100.373233
-2570.485381 -2093.103000 -116.622432
-2571.427289 -2093.809819 -116.666216
-2486.235551 -2053.132039 -123.947622
-2455.427544 -1950.915637 -83.190891
-3366.363148 -2707.997832 -148.020791
-3430.993503 -2762.971990 -149.615069
-2461.969548 -1981.481356 -108.024091
-2589.296224 -2081.090202 -111.612832
-2926.839703 -2420.934644 -143.730518
-3320.859622 -2740.770943 -168.939871
-2721.713125 -2217.981083 -130.510222
-3384.947150 -2715.514342 -121.272947
-3307.024473 -2630.383445 -112.158639
-3558.557540 -2827.114571 -122.006877
-3452.421505 -2740.019273 -116.236176
-3466.438486 -2976.381689 -153.860837
-2757.791448 -2279.674812 -141.137349
-2783.986891 -2207.537506 -94.474566
-2608.556400 -2111.173101 -120.734269
-2618.243663 -2154.742214 -125.221452
-3078.215376 -2535.152234 -155.078552
-2780.344381 -2189.726647 -39.130969
-3210.424802 -2545.173323 -106.612467
-3345.766959 -2653.044212 -112.147932
-2778.242687 -2261.756210 -127.707991
-3494.307087 -2758.156367 -47.040049
-1931.052905 -1551.577019 -80.770674
-2733.853806 -2255.460002 -136.167177
-3162.021914 -2626.866535 -153.246084
-3157.786081 -2622.991437 -152.849854
-2775.438158 -2310.132344 -28.560765
-3356.055218 -2822.372236 -165.366101
-3450.772905 -3015.013645 -113.269116
-3197.631736 -2697.137627 -161.698551
-3365.443328 -2771.104192 -156.849485
-2434.058354 -2029.252593 -124.799283
-3027.301970 -2509.752030 -158.018566
-2895.003386 -2407.958270 -151.280617
-2232.396832 -1822.237957 -107.855034
-2758.941909 -2330.719197 -140.097324
-2867.091816 -2408.990229 -149.013753
-2866.425068 -2408.459776 -148.921101
-3337.294313 -2725.166073 -161.780782
-3375.182804 -2743.803421 -160.760826
-2041.557897 -1741.933872 -97.958878
-3355.442908 -2711.607928 -153.228826
-2238.712457 -1851.522314 -115.373525
-2603.387812 -2099.614703 -117.277353
-3210.624819 -2711.571431 -162.289039
-2703.958516 -2146.298806 -93.571724
-3145.535012 -2566.333762 -155.661926
-2979.928929 -2431.935540 -145.096721
-3215.836819 -2554.433917 -116.286317
-2902.998559 -2368.046855 -143.043185
-2671.175450 -2173.203062 -123.102641
-2887.375909 -2390.111334 -149.792394
-2631.108945 -2240.851924 -126.754882
-2008.286105 -1594.737663 -73.820105
-1956.642717 -1724.128323 -1.354823
-3222.223474 -2835.657802 -6.849817
-3511.429927 -3056.860031 43.088873
-2283.280034 -1928.090732 48.039748
-3448.959042 -3014.671038 5.951472
-2804.058945 -2419.216620 48.422747
-2198.035903 -1896.829772 32.095382
-2594.151767 -2239.078363 45.281672
-2317.192366 -1933.535498 54.357839
-2282.707012 -2011.172178 -10.963125
-2781.482547 -2245.523600 43.142641
-2657.892339 -2311.765094 13.517134
-3337.855846 -2838.905098 -129.887970
-2794.747058 -2238.881665 -58.836418
-2195.877377 -1875.223931 -15.070120
-3203.561875 -2735.235931 -21.829676
-2662.927895 -2220.095083 -42.178912
-2160.518153 -1861.488478 9.263883
-2396.995947 -1937.287880 39.018842
-2995.228608 -2604.977875 14.750362
-3330.812527 -2833.444023 -130.732666
-3242.607519 -2811.761575 45.037520
-3203.009713 -2778.880648 43.415749
-3171.867877 -2796.576016 -47.380089
-3220.534661 -2727.726485 56.851694
-2424.831213 -2048.379275 45.506002
-3185.521648 -2699.433813 56.551994
-2927.964559 -2439.678849 64.709627
-2637.433402 -2242.983419 39.683067
-2980.970462 -2562.213321 42.608529
-2286.195669 -2005.610227 -20.695787
-2534.789708 -2152.617980 -119.237134
-2929.380333 -2509.999705 -131.716832
-2452.396885 -1982.852146 39.546473
-3254.904908 -2759.920423 -35.504363
-2662.477145 -2355.345200 -45.088374
-2094.390712 -1844.267050 -14.020247
-2472.222311 -2182.967333 -42.523045
-2532.032034 -2238.636409 -55.202727
-2348.869437 -2064.274511 -3.568032
-3473.138418 -3058.944446 -96.835070
-2927.855543 -2545.669391 35.628288
-3265.334211 -2653.766845 54.572959
-2452.862456 -2161.612303 -46.196280
-2671.530167 -2261.283813 -129.250258
-2695.956595 -2373.055474 -71.991421
-3456.553616 -3019.990613 -124.619380
-2168.584584 -1838.392403 -105.146662
-2362.973253 -2063.539285 -85.510046
-2982.013384 -2624.411276 -33.871442
-2503.675874 -2185.654864 23.098809
-2417.419981 -2075.842594 42.753129
-3330.983842 -2753.718748 83.289431
-2393.879436 -2056.793488 48.569598
-2198.994308 -1826.435437 55.519539
-3403.114527 -2771.558102 72.418920
-2527.716516 -1998.612700 -14.656041
-3265.723922 -2592.661512 18.515266
-2165.594427 -1756.415040 -59.753596
-3454.011055 -2788.531942 54.873278
-3067.752492 -2627.210621 47.332430
-2658.281474 -2224.489850 -35.134125
-2985.434754 -2460.548327 43.081808
-3389.666746 -2794.225152 48.444870
-2799.429839 -2289.911442 -119.214914
-3324.524578 -2704.860013 56.136696
-3621.446156 -2877.426642 16.781842
-3308.975330 -2833.846719 60.954542
-2340.220032 -1924.886918 54.685800
-2527.193267 -1983.276974 -25.924173
-3424.238055 -2687.812190 -48.092857
-2788.163915 -2191.709314 -72.500671
-3004.882845 -2392.256375 7.657675
-3107.428180 -2593.794294 -158.369810
-3234.961584 -2579.081982 22.744711
-2150.976438 -1694.382027 -14.304875
-2083.829054 -1661.393753 14.137456
-2455.624358 -1961.998224 -93.708042
-2677.305771 -2136.639809 -94.282009
-3430.607721 -2838.057562 -166.025535
-3295.893976 -2631.185784 -119.196028
-2193.498753 -1745.608276 5.908091
-2446.536695 -1971.806719 -108.524734
-2517.534075 -2051.487262 -121.159444
-3090.747661 -2489.297564 -137.458310
-2984.842606 -2546.675178 -139.393119
-2517.877393 -2109.816198 -127.230360
-2916.503589 -2376.984170 -143.623586
-3113.618354 -2564.222898 -153.714207
-2784.380062 -2232.091282 -118.928946
-3138.105469 -2475.035098 -93.237358
-2839.737318 -2502.790278 -28.771958
-2985.314740 -2642.628284 -56.440115
-2459.731000 -2052.657878 54.048505
-2270.026963 -1902.925426 45.886021
-2553.284774 -2129.096045 56.299490
-3365.785820 -2863.003425 -165.341165
-3395.923779 -2667.579133 -57.595524
-3280.040643 -2588.270439 1.100277
-3329.862103 -2618.650876 -16.810108
-2400.777804 -2055.488326 43.317100
-3407.544583 -2737.498096 54.066921
-3310.668488 -2631.059233 30.444838
-2630.493989 -2075.287253 -37.706407
-2260.177816 -1988.020374 -23.878493
-2280.045175 -1996.845632 -76.507217
-2418.299705 -2032.695115 -127.304964
-3142.785960 -2572.824551 -153.229421
-3170.938561 -2775.149714 -105.224171
-1980.408915 -1700.051432 -93.609173
-2757.583383 -2325.879934 -144.959598
-2859.240471 -2410.563090 -147.722903
-2580.772030 -2112.785065 -122.123936
-2862.628917 -2270.852660 -103.200999
-3555.916317 -2970.864878 -187.846703
-1848.924559 -1549.852813 -97.683416
-2258.560882 -1901.125535 -119.154037
-3223.299527 -2791.210249 -149.324198
-2601.555474 -2069.786173 -100.351761
-2608.468920 -2075.271097 -98.225031
-2388.066508 -2009.562997 -127.571564
-2125.494442 -1690.571297 -78.194861
-2470.562630 -2052.357866 -131.845275
-2737.784535 -2237.440181 -139.057192
-2718.335924 -2222.540877 -137.397367
-2436.042704 -2018.980430 -128.009669
-2430.770783 -2005.225875 -127.668670
-2559.449969 -2221.142089 -112.824985
-3211.425649 -2790.128266 -142.511402
-2546.904024 -2072.546276 -132.548158
-3327.574195 -2704.254781 -165.309908
-2593.681402 -2178.901190 -139.288018
-2308.438401 -1981.164073 -116.179402
-2867.265525 -2389.101158 -156.692719
-2426.943974 -2099.965045 -110.303603
-2092.468641 -1792.626410 -105.062674
-2184.621188 -1824.237872 -118.333283
-2637.654027 -2202.562921 -146.257281
-3010.472441 -2530.301215 -163.304922
-3247.740160 -2806.306536 -151.698210
-2261.120654 -1951.620331 -108.127050
-3293.111203 -2836.525650 -159.151320
-3392.991037 -2896.605881 -175.112085
-3169.315800 -2707.776178 -157.039823
-2406.267023 -2032.827061 -127.357704
-2328.353537 -1971.216025 -120.316038
