-2667.106302 -1773.265165 48.162553
-2710.175910 -1758.805527 61.185751
-2628.044428 -1777.432830 21.942713
-2948.206976 -1803.366697 14.771369
-3787.657412 -2463.418784 -6.990772
-3700.092685 -2319.126317 -64.085277
-3357.350699 -2106.647116 5.676702
-3557.278005 -2258.932718 12.329691
-3728.265214 -2521.505755 -86.741996
-2568.621884 -1580.189080 2.401691
-3656.857295 -2250.321246 4.036339
-2677.011228 -1740.723625 -41.897453
-3726.719439 -2422.403789 -57.255475
-2454.780827 -1560.407703 -17.788226
-3055.224637 -1885.747728 -20.094002
-2918.229241 -1963.854592 -16.735636
-2506.221068 -1556.745313 -1.386873
-2669.898377 -1711.014369 0.864311
-3515.161017 -2347.715859 -48.723537
-2852.169197 -1852.883752 -61.394669
-3345.727634 -2150.816630 -129.891797
-2698.384511 -1713.727364 -20.289182
-2419.550897 -1514.402503 -82.657546
-2634.435940 -1666.870043 -75.480452
-3703.845426 -2339.746513 -87.489471
-3507.711930 -2197.887817 -60.695161
-2686.864518 -1702.638850 -91.425491
-3194.330370 -2008.936498 20.401677
-2683.599421 -1806.932398 -14.519208
-2776.483139 -1759.017655 -94.491216
-3687.389130 -2320.863357 22.709549
-2857.074724 -1906.637323 -23.545412
-3966.944816 -2440.369599 -47.303158
-3296.684096 -2027.978590 -40.278460
-3323.147581 -2045.660907 -73.460769
-2524.916106 -1595.080826 -84.216638
-2551.737655 -1706.243067 19.075390
-3927.362270 -2480.080814 -39.955702
-3530.636555 -2222.689565 -139.092041
-3853.033082 -2504.641930 -82.673855
-3446.386323 -2344.126464 -53.199756
-3119.649609 -2091.116826 15.315208
-2295.735514 -1561.515594 -35.521385
-3193.882902 -2166.114303 -54.042284
-2675.143140 -1694.800909 -16.412376
-3170.844652 -2009.841816 -19.426330
-3876.824922 -2577.128903 -30.966952
-2948.784448 -1903.480039 4.695668
-2906.300296 -1924.006479 16.602664
-3636.350817 -2361.202070 -73.586589
-3572.467004 -2306.853192 -91.747613
-3119.990145 -2026.032683 -60.819620
-3136.514663 -2099.981926 -34.460292
-2660.623743 -1709.586251 22.434768
-2561.275893 -1605.616889 -67.402913
-2753.169396 -1828.576593 -97.347231
-2728.894889 -1731.192311 -18.712664
-2470.790013 -1643.376654 -32.108518
-2328.395820 -1500.434142 -63.600254
-3935.355038 -2436.529369 6.970449
-3310.887267 -2042.589317 -25.722719
-3503.979411 -2286.864617 -60.732486
-2463.749324 -1545.323802 -63.521821
-3854.796324 -2515.674948 -65.137175
-3425.084794 -2208.398524 -94.667379
-2420.742697 -1529.547918 24.338784
-2855.986588 -1922.426538 -53.628984
-3012.379148 -1993.485405 18.821520
-3256.975805 -2048.606993 -112.821728
-2984.026144 -1921.958155 6.462420
-3454.614862 -2148.633277 32.315206
-2289.925790 -1508.089740 -65.158581
-2948.000636 -1985.311867 -56.132851
-2523.716523 -1600.965432 -14.470944
-3032.305006 -1938.955567 -30.221376
-3117.556679 -2081.731290 -42.988896
-2739.295928 -1769.751195 -70.364825
-2972.528257 -1872.649013 -11.818980
-2316.369247 -1441.589176 -43.905273
-3197.737330 -2015.057107 -16.520561
-2730.147287 -1677.263008 -70.331688
-3488.130478 -2147.479548 -69.617832
-3540.071515 -2348.382591 12.791259
-2470.736472 -1638.484532 8.508117
-3528.091189 -2168.144224 -91.588908
-3194.508118 -1973.909026 -19.891740
-3259.060136 -2137.581239 -120.878133
-3073.881323 -2015.075181 -53.216203
-2539.517040 -1602.875762 -13.357839
-2019.800431 -1281.612138 -45.080352
-3143.889956 -1984.623671 -17.582677
-2716.743204 -1698.124080 0.842818
-3116.673464 -1986.100664 -25.311072
-3393.258399 -2141.818836 -33.396835
-3194.997074 -2035.056585 -86.839119
-3019.144994 -1870.055579 -13.769119
-2647.209373 -1691.162562 -90.124218
-2647.542068 -1691.384827 -89.791949
-3895.572849 -2545.605454 -116.991550
-2400.118530 -1553.458770 -53.431123
-3034.319420 -2034.335123 -97.979875
-3507.241371 -2300.897619 -60.361127
-2527.386899 -1658.013455 -43.261489
-3525.799905 -2196.673529 -109.103910
-2976.413308 -1971.763327 16.333744
-3316.512620 -2207.785635 -50.315934
-2576.525717 -1670.681819 -81.199655
-2266.486389 -1514.151130 -45.658527
-2329.571596 -1556.540092 -47.121284
-3311.370391 -2053.644254 -112.628908
-3367.413892 -2251.246103 -44.385784
-3325.958416 -2170.022129 -124.199680
-3508.143305 -2296.356532 -64.240719
-3310.759348 -2091.719829 -20.422970
-2637.997616 -1728.134702 -44.057259
-2513.342358 -1631.143355 -63.727789
-2436.220696 -1565.016519 -93.801788
-2667.692547 -1729.831487 -83.745543
-3435.005182 -2120.266475 -23.324329
-3666.679171 -2253.446651 -94.519653
-2351.347850 -1451.233323 -16.308018
-2720.582788 -1701.036727 -92.301011
-2650.909587 -1746.924519 -92.433372
-2831.280880 -1747.207301 -20.111058
-2431.231076 -1521.153782 -83.008011
-3508.917058 -2337.530523 -57.142415
-2133.758927 -1324.842662 -74.256471
-3183.905123 -2040.923282 -96.988563
-2756.844681 -1780.461344 4.487355
-3763.033558 -2359.480256 -107.798944
-2457.405120 -1518.346157 -47.963562
-2633.040833 -1684.062584 -25.902846
-3479.350614 -2266.455781 -127.402269
-2881.842011 -1877.319128 -105.682631
-2759.802025 -1820.688267 -89.912710
-2427.385335 -1580.270434 -88.495698
-3758.532760 -2373.812782 -103.197267
-2824.129174 -1916.566701 -43.434040
-3266.280102 -2217.273482 -50.151005
-2559.281731 -1616.418019 -63.008986
-3232.321001 -2192.141794 -49.593556
-3880.020347 -2574.562685 -30.447119
-2449.981590 -1571.934344 -48.219147
-3334.697137 -2059.532442 -56.653787
-3833.876906 -2367.379762 -66.713206
-2824.717122 -1780.254237 -110.898974
-2963.882279 -1924.240283 44.483365
-3858.718980 -2361.893770 -93.223860
-2396.843965 -1558.485441 -54.891819
-2692.122483 -1750.744100 -46.337810
-3165.130516 -2043.738309 -91.799399
-3006.612082 -1941.658776 -87.588809
-2592.178122 -1686.616348 -94.876493
-3708.312671 -2329.086978 -35.569310
-3591.086416 -2335.339271 -60.800519
-3280.442574 -2206.998819 -31.229628
-2462.187392 -1647.805195 -26.956394
-3971.583812 -2430.838061 -69.383078
-2732.437668 -1673.047271 -46.951515
-3204.056414 -2024.825789 -40.030446
-3879.350225 -2560.112630 24.416942
-2724.396769 -1856.473934 -46.714546
-3684.756360 -2257.078107 -63.411159
-2771.907113 -1829.403203 17.676559
-3168.388940 -2091.349019 20.638103
-3384.715924 -2074.043321 -57.662382
-2523.580371 -1582.313334 -27.716364
-3271.416601 -2181.606137 -27.992890
-3164.004752 -1935.175488 -14.965550
-2367.483305 -1562.946072 -76.307470
-2922.794592 -1795.609438 -42.225830
-2274.905331 -1437.330962 -27.977358
-3270.651914 -2060.997489 -128.024542
-2664.840929 -1783.437555 -15.227659
-2649.681259 -1781.858914 -1.061051
-3505.230306 -2312.093081 22.497346
-2311.411934 -1473.749908 -76.134329
-2243.429475 -1445.012492 -71.697676
-2979.402033 -1912.166722 -57.985200
-3309.683170 -2163.254518 -2.247770
-3170.324798 -2036.169602 -18.472131
-2924.154634 -1878.175957 -16.858389
-3136.627832 -1968.237757 12.463595
-2782.193087 -1803.702278 44.628893
-3193.775958 -1968.690071 -6.275084
-3930.275403 -2484.458429 -93.317527
-2301.618322 -1501.051545 5.149959
-3454.505741 -2136.124751 -1.409364
-3251.680842 -2100.957192 -135.962815
-3063.829810 -1878.031149 -33.842955
-3179.138773 -2001.285927 19.324653
-3124.913823 -2030.297036 -68.529795
-2539.905428 -1680.802063 -60.994847
-2467.562948 -1664.940704 -52.122586
-3730.455034 -2517.145222 -76.190756
-3944.206474 -2446.356353 -63.367131
-2535.211062 -1676.280018 -60.611398
-3763.737950 -2505.961321 -143.273991
-3045.243455 -1903.864954 -23.830458
-2785.240932 -1859.807094 -95.644917
-2987.318370 -1841.180835 -4.872552
-2346.035300 -1450.028918 -40.770301
-2742.070716 -1685.653284 -3.667548
-2912.911727 -1888.723187 -3.080421
-2604.589707 -1743.110140 -90.854751
-3283.558878 -2027.390365 -85.185793
-2848.954173 -1877.405490 -81.606980
-2453.717274 -1550.362896 -66.960698
-2758.614370 -1810.509016 14.591564
-3450.334481 -2270.895984 -6.475014
-2460.096894 -1646.869616 -26.767122
-2387.706581 -1525.038291 41.908315
-3725.860762 -2488.769486 -129.341778
-3038.985954 -1900.765470 14.593668
-3797.040318 -2425.325498 65.420105
-3111.569155 -1922.435326 -60.878725
-2814.883520 -1902.294053 -69.056709
-3589.203426 -2244.057751 17.614925
-2634.867725 -1760.230362 -90.210069
-3640.281610 -2432.154754 -124.550084
-2583.981394 -1746.412885 -63.708506
-3424.475759 -2289.101278 -117.326394
-3744.120551 -2503.270784 -131.665608
-3746.375590 -2505.129151 -130.462294
-2450.845163 -1606.761637 1.696281
-2668.260756 -1732.705616 -54.149308
-2720.845507 -1804.866626 -49.675745
-2898.743004 -1919.834606 -50.986152
-3252.089177 -2123.626729 -98.250831
-3595.959550 -2341.521546 -88.962200
-3647.391624 -2292.350771 -68.461073
-3907.041840 -2453.926669 -73.684908
-3420.115245 -2257.618873 -73.728036
-3477.191572 -2278.623528 19.341607
-3635.391581 -2413.319980 -65.204143
-2368.852532 -1567.921090 -53.498072
-3683.832538 -2430.910755 -78.501381
-2507.023342 -1674.408679 15.338934
-2721.310187 -1803.709471 -48.803959
-2958.189749 -1929.270553 -80.471909
-2547.933172 -1601.201158 -7.502969
-2675.962601 -1723.383620 -56.310572
-3678.275189 -2294.420641 -50.844536
-2967.707779 -1853.161907 37.797241
-2633.801888 -1706.855404 -106.860072
-3217.027229 -2101.888321 -123.433562
-3011.505072 -1868.372451 31.281914
-2479.218324 -1618.295193 -71.309763
-3111.184574 -2029.088926 8.424909
-2192.531209 -1420.817428 -89.394827
-2862.723151 -1786.443162 -39.274583
-2331.320856 -1507.037266 37.513022
-3027.410361 -1907.389422 -51.323591
-3710.190575 -2420.971613 -106.007108
-3254.868307 -1986.916759 -67.102462
-2638.510694 -1644.741595 -36.169192
-3297.221991 -2041.991349 26.581238
-3473.939573 -2151.148019 31.293306
-3055.158396 -2019.674332 -69.345180
-2911.906117 -1784.958896 -57.074325
-3363.723903 -2242.756539 30.582593
-3658.276262 -2242.506641 -72.018968
-3299.178721 -2042.631556 28.890301
-2481.881067 -1619.947283 -70.872493
-3695.615677 -2405.674787 -93.912988
-3856.489227 -2510.065777 -91.732416
-2789.837557 -1830.948671 30.619089
-3309.592113 -2169.022316 -76.621885
-3205.529560 -2120.275508 -71.637603
-2607.868338 -1690.428305 -105.159435
-2962.415930 -1849.970603 37.413774
-2675.208123 -1746.195937 18.438702
-3722.860743 -2465.258061 -84.239044
-2859.821608 -1784.719032 -39.304765
-3270.184989 -2109.835326 -68.339825
-2872.223203 -1872.701422 -79.776156
-3504.771155 -2331.883848 26.695945
-2677.960880 -1760.340546 -35.782787
-3387.935487 -2270.985712 -108.274342
-2886.623712 -1881.780888 -76.815674
-3223.214039 -2100.310041 -81.294181
-3640.208556 -2371.221630 -91.272016
-2913.722538 -1804.928200 -12.995116
-2958.775604 -1928.596279 -79.463345
-2479.765126 -1615.451945 -61.571064
-3462.951949 -2205.833808 -94.654863
-3247.102870 -2012.879314 -15.432889
-2713.964245 -1812.138541 15.517476
-2554.653003 -1703.453702 17.043447
-3702.107263 -2440.402669 6.400711
-2486.054591 -1681.075589 -45.226821
-2927.072578 -1923.965206 2.954853
-3303.480546 -2176.287517 4.536517
-2684.959895 -1809.580615 -36.826890
-3269.559436 -2064.702568 -90.352940
-2595.242492 -1710.182347 6.433644
-2346.006546 -1478.848622 -20.898783
-3110.268415 -2009.013962 53.829367
-2566.742605 -1728.908051 -42.537283
-2360.087749 -1557.760045 19.662325
-2968.127419 -1956.369116 4.202190
-2470.732033 -1622.772045 -78.445323
-3285.442680 -2025.961208 -55.554500
-3499.968369 -2305.190408 -51.034707
-2833.031037 -1787.512264 -76.133256
-2972.493712 -1957.961466 4.399040
-2649.023287 -1739.406113 5.342494
-2436.906236 -1518.072102 -82.977405
-2652.493150 -1792.924344 -48.153094
-2447.630431 -1608.868289 1.376513
-3200.587421 -1999.042856 40.516548
-2625.198277 -1651.145882 -67.093616
-2557.551616 -1592.492544 -85.537956
-3239.505427 -2041.348112 -27.180457
-2576.347538 -1666.621370 -97.412282
-2413.856376 -1588.579679 4.756462
-2740.644504 -1809.784528 22.715921
-2823.430883 -1906.020077 -44.274861
-2602.561127 -1711.911561 5.892284
-2796.771600 -1894.113238 -68.713706
-2788.020697 -1710.032626 -1.845291
-3145.665643 -1941.177147 -79.625753
-2713.519175 -1787.326318 -45.216198
-3622.257165 -2220.985013 -3.104127
-3021.409946 -1984.487645 -97.006612
-3095.920771 -1910.376731 -53.140483
-2566.518531 -1737.760071 -30.874793
-3506.129635 -2305.280824 4.170740
-2401.671176 -1579.256724 1.391624
-3799.461569 -2395.529299 -64.094163
-3151.171054 -2045.272690 46.245835
-3800.675943 -2499.880990 2.859119
-3837.805199 -2472.335268 -150.879183
-3842.760953 -2522.910498 9.064044
-2738.048120 -1710.916997 -24.699634
-3819.109460 -2367.205116 32.886577
-3838.050089 -2480.921308 -146.758412
-3278.848842 -2095.103969 56.573253
-2974.947854 -1875.053663 -79.223770
-3423.727366 -2240.467625 -5.220665
-2422.372584 -1585.632735 3.070134
-3857.617987 -2591.864642 -59.965546
-2894.923964 -1895.084921 6.929175
-2501.797613 -1620.357760 -4.361160
-3888.610722 -2451.750274 -35.083012
-2349.613399 -1482.528160 -38.673248
-2869.016698 -1810.276245 -39.885545
-2000.827129 -1306.501425 0.039794
-2945.724364 -1908.434297 -89.568082
-2851.808716 -1846.511864 3.669645
-2997.341798 -1889.895816 -26.338086
-3215.258566 -2082.035415 -6.076843
-2804.822121 -1763.179288 -24.914710
-2945.163429 -1923.585695 1.601868
-2617.379880 -1620.765665 -44.348530
-2661.382595 -1775.603143 22.819195
-3512.784113 -2296.125431 -1.572945
-2225.409778 -1454.682656 2.084570
-2923.082844 -1823.479439 -84.112977
-2584.278398 -1689.276026 -0.730637
-3182.950810 -2010.436856 -38.992336
-3246.622456 -2123.045589 -4.069770
-2595.461839 -1758.503313 -63.762450
-2799.945641 -1823.678953 -113.294108
-3195.017905 -2148.244638 -56.730957
-3854.798669 -2592.116677 -68.300232
-2982.702946 -1955.307579 4.069667
-3826.592754 -2356.166063 -5.626106
-3540.953490 -2361.203321 43.544986
-3004.173036 -1900.056730 -59.598344
-3933.933447 -2477.339775 -38.243229
-2312.751579 -1462.872577 -49.032390
-3749.133083 -2521.963455 -66.680054
-2334.418138 -1555.666079 28.215674
-3737.197902 -2514.012325 -68.237335
-2401.501311 -1514.546317 -39.408747
-3187.217792 -2103.439774 26.619798
-3868.388988 -2436.571045 -36.904137
-2455.120194 -1534.243371 -19.204552
-3521.819581 -2318.031635 -46.079759
-3062.252724 -1913.403462 -27.890230
-3828.854579 -2415.330732 -63.472678
-2434.486580 -1499.489598 -4.498451
-2506.452504 -1580.400744 -67.464509
-2315.957475 -1433.985129 -40.543291
-2690.568735 -1667.191839 -63.147728
-3621.843280 -2341.443210 -146.810878
-2767.950059 -1822.630629 -82.163578
-3725.484716 -2294.262470 -6.992727
-3732.392967 -2354.880531 -61.658867
-3191.097720 -1966.047490 -5.685270
-3054.724172 -1881.735511 -6.193228
-2637.242605 -1653.562361 -44.116273
-2836.732839 -1758.472629 24.596189
-2597.988337 -1618.975758 -95.017061
-3620.610997 -2284.300858 -58.557637
-3724.817412 -2293.764160 -6.974199
-3422.847835 -2260.471829 -3.154582
-2468.438625 -1560.054639 -48.480110
-2629.988596 -1615.914589 -43.732946
-3114.617871 -2108.460219 -14.504681
-3565.539482 -2244.204274 -62.768606
-3516.502471 -2267.827155 -139.564021
-3643.430294 -2271.421487 -133.648196
-2456.501506 -1594.990440 -90.864648
-2646.062724 -1663.474502 -44.877088
-2958.101543 -1976.048259 3.300002
-2488.561326 -1644.037823 -79.890054
-3191.261902 -1992.232118 -28.439518
-2897.512481 -1920.557393 -52.979288
-2448.852148 -1544.600151 -83.965094
-2814.866166 -1857.085746 -95.215168
-2651.723729 -1656.313924 -24.419572
-3793.584487 -2431.632915 65.341107
-2397.926823 -1497.402159 -22.207235
-2603.053522 -1625.631794 32.766691
-3436.208611 -2298.224320 -116.043111
-2654.552306 -1800.070024 -63.294123
-3393.379721 -2085.489391 -48.113036
-3102.923891 -1961.018876 -59.649356
-2976.686097 -1971.332945 30.772172
-3607.512241 -2450.873389 -55.393837
-3890.071148 -2446.050626 -100.041249
-2593.759741 -1672.566666 -102.060636
-2847.161680 -1750.339428 -49.271510
-2505.298870 -1662.767080 26.592157
-3842.177954 -2357.962107 -50.104578
-3405.240621 -2213.780355 -132.747511
-3469.936080 -2303.298403 36.021983
-3151.227790 -1985.201141 -25.684219
-2812.045577 -1829.286531 -105.664860
-2466.342214 -1637.274741 25.021454
-3111.984909 -2094.736846 -9.630423
-3006.458027 -1954.734349 -110.077986
-2475.947703 -1644.507368 24.276870
-2406.182794 -1590.789178 -71.092475
-3339.855576 -2218.585476 30.427981
-2759.438532 -1726.815077 -65.906062
-3371.818553 -2269.755384 -9.993823
-2895.194336 -1872.675840 -88.069746
-2956.097104 -1930.180890 -85.774742
-2653.662336 -1783.338363 -31.015351
-2840.710918 -1884.073932 25.963649
-2918.150400 -1969.013278 -12.562688
-2562.161143 -1697.538303 -33.844262
-2722.641337 -1803.728976 -47.420629
-2616.014613 -1728.766559 -82.758175
-3181.429181 -1997.304571 -25.862298
-2586.314135 -1695.434549 -78.167484
-3572.008528 -2321.198395 53.552036
-2915.159007 -1959.732766 -26.439794
-2478.252292 -1603.058937 -76.584842
-3605.628749 -2342.984336 -132.145597
-2529.360545 -1681.071621 24.663570
-3582.659786 -2248.890226 -39.787942
-2562.349692 -1688.080738 -39.445893
-3351.470593 -2185.362918 -124.300564
-3851.818634 -2373.955845 -62.219412
-3179.552019 -2008.447962 -39.194524
-2347.742848 -1474.906501 -29.454044
-2619.955090 -1614.716106 -42.142429
-2559.024985 -1732.009954 -39.563315
-3566.005790 -2414.527217 -65.303199
-3818.325887 -2522.989232 32.054334
-2370.436410 -1605.071057 -37.446008
-3017.296001 -1908.281509 -60.128886
-2447.064512 -1537.171067 -40.933014
-3121.831489 -1932.702834 -75.882975
-2565.390438 -1593.104408 -52.425795
-2494.153891 -1648.879534 6.062549
-2979.485299 -1969.460854 32.721148
-3738.964783 -2433.045056 -140.212676
-2565.284499 -1611.258344 -42.894685
-2402.286755 -1586.495289 2.420940
-3420.320402 -2258.649002 -3.117237
-2646.214261 -1745.275169 6.750318
-2531.569098 -1595.614989 -44.817815
-3128.760690 -2054.283261 -100.099047
-3664.070666 -2414.454363 -49.296795
-3646.249004 -2370.365274 -1.071446
-3854.812488 -2430.682306 -132.374737
-3140.031862 -2071.863852 7.818236
-3518.602094 -2315.897058 -45.884856
-2575.755215 -1666.654909 -78.995864
-3339.095793 -2241.324486 -110.819879
-3731.273469 -2330.821200 -97.805347
-2733.155667 -1803.641525 3.909818
-2350.109775 -1551.613065 -1.406836
-3730.095911 -2330.227854 -97.882511
-3765.386291 -2359.813425 -72.129498
-3884.005499 -2512.597198 -119.164518
-2554.204845 -1716.154221 -22.096210
-3155.671133 -1941.618353 -43.152138
-3568.162334 -2286.819580 -75.406878
-3706.778106 -2288.468361 -77.130723
-2617.522012 -1645.004504 -45.390872
-2331.353673 -1580.318025 -35.836928
-2716.899658 -1800.721371 7.097481
-3037.154866 -2013.225156 2.747104
-2322.788582 -1560.757392 -21.176489
-2354.797267 -1561.070073 5.714826
-2954.856238 -2003.185510 -48.175954
-3405.530809 -2127.330446 -30.056218
-2724.493401 -1765.487632 -99.689233
-3486.036613 -2143.801474 -60.298061
-3882.016272 -2444.675045 -54.838749
-2479.560585 -1603.959194 -76.706136
-2605.670281 -1766.222177 -44.025380
-3396.363730 -2095.119251 -84.258893
-3225.889906 -2129.616574 -46.974390
-2474.264658 -1636.387534 4.702807
-3268.082910 -2053.436807 -51.944515
-3336.667454 -2171.419701 -124.562446
-3002.528518 -1950.558807 -119.586508
-2685.512583 -1787.435457 25.700611
-2198.357881 -1381.522080 -34.327930
-2964.275712 -1960.773584 5.637433
-3825.000964 -2530.797863 1.013335
-3564.213986 -2338.336006 -104.021238
-2969.178471 -1897.238773 -74.929282
-2839.858372 -1924.705552 -51.998166
-2901.342548 -1869.686586 -125.695727
-3371.257084 -2159.629989 57.049400
-3694.995759 -2292.892649 32.474107
-2390.725806 -1592.791201 -41.455831
-2467.186101 -1644.358792 -41.595235
-2986.367332 -1904.412647 -86.724267
-2800.400516 -1781.768712 -48.986494
-2527.099931 -1586.039883 20.301812
-2893.251521 -1928.958847 -49.069315
-2374.034826 -1513.234468 -49.297969
-2582.694992 -1699.672465 -83.606913
-3262.693017 -2166.392101 -51.935717
-2206.239834 -1367.608779 -61.297301
-3396.370135 -2113.498629 4.790780
-3661.039772 -2293.891555 -127.887706
-2862.048866 -1777.962876 -100.482633
-3733.969301 -2487.435878 -64.130551
-3615.022814 -2407.825517 -63.800042
-3549.603479 -2379.895564 -120.384802
-3053.603097 -1942.017976 -53.495590
-2323.930393 -1449.107970 -75.645654
-3627.504587 -2424.100302 39.859636
-2970.647946 -1859.652069 -2.111763
-2585.626184 -1673.364135 21.667732
-2303.876045 -1440.611722 -80.639099
-2768.692301 -1731.545047 -99.732822
-3148.446913 -1963.300990 -90.080995
-2324.311202 -1449.415556 -75.654630
-2566.658980 -1663.191996 21.414987
-2987.437348 -1871.918497 -104.054503
-3428.041603 -2204.001500 -131.150664
-3538.577259 -2266.827789 -8.682451
-2981.117967 -1920.921632 24.701333
-2644.152382 -1649.876178 -45.168628
-3291.180377 -2108.348249 -109.613269
-2801.862329 -1775.421547 -56.822697
-3569.002550 -2208.860518 30.921941
-2509.152021 -1676.418937 23.055309
-3535.288421 -2367.980939 -115.764255
-3308.995655 -2065.710724 -54.927306
-2422.890897 -1514.119504 30.797734
-2433.496225 -1519.250428 -41.563139
-2686.772173 -1677.458458 -48.140025
-2912.349819 -1827.566069 -110.112822
-2982.122091 -1978.654786 -46.891395
-2747.877607 -1765.885685 21.449255
-2734.497031 -1713.745425 -24.966035
-2447.892636 -1526.823206 -35.428300
-3189.530548 -1997.419802 7.570533
-2687.094171 -1668.366408 -95.187248
-3756.965212 -2355.342901 -134.535138
-3425.851721 -2202.597692 -131.131279
-2511.892055 -1675.933322 -43.836532
-2910.280440 -1809.666234 -6.700768
-3321.572501 -2071.168090 -48.175125
-3433.020715 -2291.197093 -54.091321
-2571.402211 -1623.755694 -41.827561
-2964.320948 -1898.847920 -7.526542
-3431.630614 -2290.435014 -62.512927
-3793.915634 -2373.165477 -46.999481
-2475.631631 -1548.428448 -19.816858
-2527.962882 -1585.551081 -96.608110
-2618.984960 -1637.915619 -29.098884
-3462.799613 -2172.100725 -131.818175
-3541.551315 -2258.755504 -71.836874
-3519.581823 -2343.784242 -59.720947
-3014.958061 -1929.077950 49.027116
-2928.365312 -1843.445514 -24.106813
-2996.568867 -1894.065201 -40.965282
-1961.192256 -1304.276998 -30.462958
-2573.657878 -1600.586302 -41.070259
-3159.531283 -1964.671935 -50.010646
-3472.183596 -2214.970196 -101.924157
-3193.709090 -2005.500814 -67.568524
-3543.846878 -2239.755343 -54.333815
-3041.371417 -2024.256929 -52.835760
-2608.429472 -1635.659755 22.973140
-3413.711976 -2180.106312 -109.861713
-3920.818880 -2420.870308 -81.207224
-3163.981910 -2024.693312 51.765379
-2933.247150 -1826.019578 -51.139262
-3545.544792 -2217.762057 -0.695442
-3515.576844 -2252.148041 -115.988668
-3452.853898 -2167.672221 -73.413438
-2671.240018 -1662.517347 -45.369231
-2441.348930 -1532.965686 -50.641645
-2592.967726 -1610.173735 22.610974
-3477.628316 -2225.738719 56.884178
-3647.453352 -2270.517724 -62.734170
-2935.152973 -1880.536355 -84.453086
-3185.513332 -2095.207041 -49.521313
-2731.995288 -1792.741902 -47.353623
-2079.958161 -1392.679458 -68.479720
-2855.204609 -1771.385479 -69.253414
-2344.607210 -1527.456318 -93.496363
-3022.055852 -1937.444444 -101.901796
-3915.800283 -2471.059858 -32.891824
-2735.541935 -1748.615072 -80.569832
-3191.012233 -2071.540532 28.854383
-2893.951976 -1878.514561 26.223951
-3615.275775 -2416.215283 34.470169
-3541.495662 -2252.863750 -79.822094
-2937.103230 -1868.427244 -63.759144
-3694.869995 -2396.809971 35.920304
-2767.272844 -1773.512607 -93.809075
-3532.506388 -2360.866958 33.596919
-3599.580551 -2295.633536 -104.890947
-3736.706847 -2487.809600 -64.764864
-3009.390475 -1876.448627 -86.532725
-2754.983535 -1716.934442 22.963379
-3772.141273 -2342.718714 -64.457008
-3319.116528 -2067.620484 -51.340209
-3026.855383 -1885.045382 -51.410167
-3729.412746 -2327.589067 45.510070
-3923.633284 -2432.817879 -92.868780
-3646.087980 -2303.516280 -56.503749
-3330.623372 -2066.991809 29.872660
-3562.021971 -2220.749271 -102.439687
-2906.104553 -1811.832319 -93.541626
-2744.929622 -1708.797175 -65.791702
-3554.141787 -2244.905430 -54.987547
-2996.466393 -1961.230844 -36.631849
-3344.382484 -2183.479013 -142.786027
-3180.813808 -2077.334193 -136.400692
-2810.078442 -1752.762468 -102.223716
-2474.774349 -1644.882291 -38.232567
-3426.015966 -2137.715767 41.185658
-3556.701654 -2246.403417 -55.066776
-3181.983553 -2009.885553 -43.139601
-3190.608780 -1999.213811 7.566785
-3091.095405 -1950.177950 -26.152873
-3712.665928 -2397.278080 -138.063434
-3663.470271 -2428.080245 -90.275510
-3590.993125 -2379.541341 -89.410784
-2618.060963 -1734.613186 -71.462617
-2940.412181 -1840.313997 -52.390652
-2355.954194 -1480.741311 -53.121674
-3695.248103 -2447.687279 -91.174361
-2466.333104 -1592.234242 -95.681790
-2928.297023 -1940.966021 -82.994548
-3856.130386 -2404.290825 -135.678568
-2491.630866 -1609.121905 6.196694
-2518.314022 -1670.452133 -62.627478
-3765.755687 -2441.040683 -116.128032
-3940.367975 -2487.462370 -63.789567
-2568.647482 -1703.394886 -68.166833
-3870.379727 -2402.035403 -66.963952
-3762.611774 -2364.533488 -76.991475
-3820.406377 -2366.251944 -73.585656
-3696.251257 -2450.112404 -91.364907
-2532.816452 -1566.643444 -4.718236
-3233.046992 -2143.976669 -84.758915
-3322.590055 -2124.502262 -46.102710
-3129.202331 -2098.160197 -57.246911
-2926.377163 -1937.774904 -80.602839
-3164.931400 -2044.904729 50.761628
-3146.017703 -2015.232318 54.809261
-3250.740672 -2015.152087 -56.617942
-3440.998979 -2139.310217 32.800951
-2857.908079 -1790.306939 -47.936650
-2632.773388 -1649.303504 -40.553256
-3543.174510 -2333.897777 39.765540
-3547.376317 -2271.495679 -117.530572
-2449.580834 -1642.853903 -38.847873
-2723.911894 -1777.601900 0.606399
-2425.728366 -1583.050927 -4.828785
-3178.912201 -1968.976413 -56.080186
-2618.131765 -1621.545178 -43.969282
-3388.847083 -2211.860802 -3.633546
-2472.336230 -1533.083959 -40.348066
-2549.821111 -1576.308526 -5.032022
-3951.064216 -2450.871432 -68.247667
-2531.318693 -1675.712396 -60.936009
-3333.244548 -2060.523787 -8.171095
-2880.143638 -1906.295828 -77.743969
-2876.613323 -1891.500076 31.895728
-3869.418274 -2436.209771 -37.195835
-3298.427187 -2081.982554 -44.538161
-2465.617110 -1592.715311 -95.133146
-3161.355525 -2093.945081 -86.094092
-3529.018529 -2227.456937 -57.130150
-2733.437646 -1768.695220 -5.081524
-2634.009600 -1648.818771 -46.638978
-2735.596729 -1799.729449 29.966203
-2889.167018 -1784.009855 -5.454708
-2995.993969 -1889.215482 -25.837280
-3714.778861 -2418.202760 -107.837108
-2623.166258 -1624.324531 -49.116688
-3557.059573 -2278.605993 -103.682539
-3235.773321 -2088.156762 -121.834775
-3234.165816 -2087.078395 -121.753503
-2370.512682 -1560.604571 -71.797184
-3203.787762 -2001.300698 -55.421531
-3284.878552 -2059.394095 7.174820
-2599.741452 -1630.308446 4.381652
-2835.077326 -1900.362914 -43.778615
-2561.941745 -1610.094962 -86.406545
-2725.645408 -1735.510380 -49.117245
-3356.461975 -2110.220160 -117.918024
-3216.119676 -2022.337766 -112.100678
-3131.018822 -2102.649654 -27.212117
-2953.967640 -1852.449034 6.548026
-3859.243408 -2586.936616 -60.136255
-2687.373712 -1801.498843 -49.287426
-2831.533937 -1781.096008 -22.039151
-3677.956289 -2277.925770 2.312647
-3796.433200 -2550.881921 -128.029269
-3393.465470 -2129.218267 -93.826081
-3290.717880 -2056.427785 36.455429
-3167.922150 -1990.585322 -120.283962
-3239.807199 -2035.623031 -110.288508
-2932.293604 -1841.231827 -110.745166
-2986.328629 -1915.499162 23.411518
-2328.519097 -1509.603476 -71.812347
-3429.834981 -2205.883673 -130.961187
-3045.075788 -2037.540148 -54.038689
-3943.599452 -2448.612707 -67.184136
-3845.639675 -2588.539916 -40.917149
-2714.389853 -1701.359146 5.572156
-2334.507903 -1503.886185 -92.367166
-3760.549377 -2498.087143 37.424569
-3713.563343 -2331.259873 -141.276787
-2966.244507 -1852.148423 -50.970835
-2670.025011 -1667.326320 -46.789799
-3393.376704 -2233.619321 -110.899470
-3756.754969 -2516.533575 -123.162058
-3926.484501 -2453.205947 -65.204731
-3142.509540 -2025.320056 -121.102484
-2519.553104 -1639.162682 -72.355681
-3385.308457 -2182.121859 -130.959712
-2446.458031 -1529.170469 -38.088150
-3579.798932 -2307.958312 -134.593658
-2568.906963 -1656.430023 -96.400121
-2863.704677 -1846.596814 -108.374898
-3042.038476 -1961.725628 -113.897669
-2364.667418 -1538.564492 -68.855552
-2892.610672 -1825.302504 -24.913437
-2951.217320 -1903.839561 -114.929777
-3160.904892 -2039.207044 -120.896340
-2826.150164 -1823.595083 -106.131784
-2621.465144 -1638.896969 -43.333307
-2778.551126 -1741.248109 5.468722
-3167.126107 -2067.498408 -53.353526
-3924.199601 -2451.949419 -63.949834
-3749.597017 -2467.513679 -112.132979
-3921.671621 -2475.977484 -63.639956
-2947.155607 -1927.999700 -48.470619
-3078.598763 -2013.799494 -50.683180
-3814.112437 -2494.372382 -61.303294
-2618.709481 -1709.994079 -43.447148
-2504.713067 -1629.345709 -72.635303
-2661.342398 -1782.753640 -84.360814
-2152.979814 -1446.157663 -18.769293
-3426.138273 -2206.478871 -131.898096
-3002.814845 -1884.274432 -0.137006
-2795.446687 -1795.926129 -6.806553
-2896.197182 -1893.734961 -38.011630
-3332.625863 -2180.721275 40.113057
-2676.908771 -1746.644765 15.818594
-3137.862537 -1953.917882 -18.462260
-2998.946121 -1868.442910 -16.644385
-3811.608228 -2377.619743 -25.827567
-2793.297030 -1742.426668 -11.747105
-3776.995589 -2506.448654 -45.312981
-2885.765754 -1800.572451 -10.949116
-2812.644795 -1755.080603 -19.888727
-2412.896426 -1520.413512 -71.486324
-2489.030298 -1553.335974 -13.588769
-2572.920058 -1601.711249 -15.106828
-2880.072993 -1792.818761 -8.467291
-3113.702143 -2038.899359 9.561253
-2071.003575 -1355.978389 5.762641
-3879.177734 -2539.803272 13.997129
-2878.530541 -1790.377228 -8.176107
-3159.723546 -2101.765058 -104.413114
-2565.611908 -1596.012081 -11.773219
-2761.039152 -1717.632345 -8.852976
-2871.715548 -1786.890831 -14.478077
-3962.992980 -2432.176579 -101.256559
-2832.509252 -1826.030448 -65.946449
-2571.173338 -1600.365354 -8.332520
-2356.733632 -1470.780210 -15.956342
-2700.759145 -1742.322863 -60.579458
-2851.362373 -1846.294271 -112.249651
-3416.055679 -2159.716212 -109.914683
-3076.827202 -1995.163152 22.245030
-2616.243651 -1636.281982 -16.490630
-2278.335124 -1476.000009 -94.142953
-3217.706939 -2084.586554 -128.483825
-2723.839594 -1725.194898 -75.192813
-3371.278728 -2183.994489 24.758312
-3483.476272 -2258.814589 25.946325
-3376.840121 -2186.321355 -135.489863
-3127.848007 -2024.987438 -125.280808
-2391.315218 -1547.987175 -102.035373
-2236.119597 -1447.625543 -89.392248
-2927.190201 -1936.251636 -60.021987
-3724.557292 -2464.270105 -71.529891
-3506.021705 -2207.255959 -112.197852
-2607.114808 -1641.271973 -83.884635
-3903.876519 -2438.751446 -20.264169
-3055.246551 -2051.702194 -72.916303
-2452.112775 -1594.557344 10.257206
-3138.021763 -1960.394048 -21.138852
-2569.049570 -1669.752266 19.742237
-2546.672996 -1693.855856 -83.774773
-2585.249825 -1686.653165 -71.747972
-3250.670625 -2131.497136 -66.991409
-2490.256027 -1544.775710 -10.327436
-3055.020658 -1993.540518 -84.952079
-2602.183902 -1706.190350 -60.064472
-2479.708782 -1618.545607 -69.188005
-3364.740772 -2245.717671 24.662444
-3403.759575 -2113.090382 -21.020656
-3205.651156 -1990.249947 -9.195733
-2521.153170 -1683.471280 14.325630
-2661.290952 -1651.652538 -11.379490
-3623.653917 -2417.100710 21.446940
-2839.018795 -1851.784380 -79.721875
-3830.707088 -2373.892271 -28.599923
-3470.564697 -2313.774541 26.886415
-2201.129922 -1422.393845 -42.682777
-2485.053579 -1617.878363 -68.411672
-2003.964332 -1304.902337 -55.879693
-3224.426799 -2101.606253 -81.253693
-2738.833415 -1785.249250 -66.616097
-3152.364106 -1953.855701 -20.829516
-3574.083763 -2308.590301 -77.337151
-3547.394521 -2202.615310 -13.094096
-2496.489368 -1550.219442 -8.521725
-2494.868649 -1584.830864 -19.868721
-2882.964216 -1790.257780 -7.946182
-2745.882004 -1762.649940 -110.892598
-3434.056440 -2134.078426 -17.544526
-3438.551260 -2136.899970 -17.458350
-2693.078796 -1768.068857 -51.344576
-2942.138912 -1931.957348 -56.616879
-3093.638522 -2023.867518 -87.498346
-3066.250168 -2005.984112 -85.990359
-2485.171345 -1625.839539 -69.339188
-2999.842186 -1962.560839 -83.560614
-3184.498314 -2054.612510 -73.069364
-3589.364736 -2348.940954 -99.464620
-3200.017651 -2094.379647 -90.017895
-2745.827008 -1742.067794 -77.496326
-2658.414456 -1776.535903 7.752168
-3375.720603 -2097.771286 -10.548661
-3301.853502 -2050.482613 -21.050024
-2542.675089 -1660.834247 -63.781861
-2967.496950 -1903.755610 -120.988747
-3298.238682 -2154.956642 -82.758701
-3858.796316 -2396.635253 -25.100175
-2360.778620 -1542.732492 -61.891521
-2754.048437 -1806.724797 -62.737801
-3057.361437 -1899.673606 -17.659456
-3699.117583 -2453.998383 -30.136196
-2954.544700 -1931.129218 -78.596592
-3150.217745 -1957.452124 -18.937649
-2788.345459 -1879.705426 -70.555158
-2998.084900 -1927.842732 20.845310
-2583.741401 -1661.972178 15.887497
-3537.799728 -2273.959388 20.719219
-3777.414307 -2320.534863 -91.616171
-3028.501082 -1921.559371 -91.351647
-2941.716168 -1888.143649 -91.056332
-2544.720427 -1691.954741 -47.485936
-2492.595432 -1544.707951 -22.359128
-2836.230539 -1820.403465 -86.557986
-2859.593594 -1901.216696 -52.675223
-3112.041074 -1913.827896 -65.448242
-3362.458904 -2166.218812 21.917026
-3160.160958 -1940.936840 -81.527796
-2830.111621 -1780.703022 -20.698962
-3643.021289 -2386.444583 -88.560137
-2601.723436 -1644.193053 -77.312239
-3741.145510 -2354.199605 -26.970221
-2641.790397 -1662.522718 -19.746094
-3184.422091 -2049.489022 19.887893
-3365.477613 -2165.725464 21.832275
-3082.297008 -1947.703709 -92.739184
-3348.558481 -2149.856816 -133.788511
-3356.609395 -2198.101160 -121.172156
-2788.378440 -1790.020787 -88.609526
-3165.761295 -2075.443035 -114.884172
-2409.417189 -1627.409417 -57.552994
-2807.112886 -1868.337729 -54.784749
-2849.816892 -1872.183882 -97.309452
-2673.686357 -1752.004262 -65.550702
-2565.691866 -1681.248775 -63.092031
-2881.126316 -1829.090333 -34.513396
-2769.557102 -1758.044165 -90.785104
-2323.101659 -1528.358058 -84.037453
-2856.000856 -1900.437816 -57.909864
-2884.686298 -1890.116691 -69.528585
-2620.618360 -1683.284424 16.527558
-2676.836777 -1691.242478 -79.777268
-3514.421619 -2337.548473 -69.793951
-2978.044191 -1980.853771 -55.485446
-3387.861435 -2223.280836 -124.766462
-3655.479920 -2309.345834 -109.009925
-3409.219479 -2267.712837 -67.609035
-3373.713316 -2210.462303 -94.391219
-2790.247903 -1791.286981 -88.889834
-2309.641350 -1484.583121 -47.491002
-2376.258344 -1559.853052 -80.897106
-3150.654923 -2025.069066 -65.609228
-2452.643149 -1575.123043 -99.393009
-3168.407586 -2034.618454 -106.438136
-2916.478713 -1871.367778 -92.104854
-3374.249261 -2180.030022 18.617092
-3628.506505 -2276.761407 -27.975163
-3768.647951 -2381.800144 -110.863561
-3630.923934 -2345.424071 19.945004
-3500.237091 -2260.666634 13.977870
-2551.479977 -1560.755954 -45.845136
-2721.188704 -1805.506793 -51.903194
-2757.518721 -1829.492523 -52.320003
-2915.963764 -1870.944354 -92.193358
-3258.264156 -2046.901616 -95.905467
-3584.344279 -2187.014312 -76.741608
-2468.767474 -1547.548988 -17.970567
-2569.794037 -1663.090872 12.552661
-3392.979843 -2195.814251 24.076061
-2923.423404 -1786.261671 -66.565558
-3522.111301 -2278.744862 24.681210
-3208.441321 -1960.695733 -60.588205
-2735.064839 -1768.811666 13.535193
-2733.777383 -1714.778332 -20.936105
-3210.331465 -2130.261146 -71.245964
-3138.155870 -2082.370586 -57.541413
-2627.710008 -1613.043690 -71.282432
-3216.251103 -2084.853918 -138.041564
-2787.603346 -1789.015947 -86.285723
-3745.453626 -2487.070598 -69.202999
-2339.224946 -1508.308121 16.494926
-2485.938180 -1602.824960 15.496105
-2989.465126 -1927.428224 21.245105
-2740.673650 -1766.871068 17.044773
-2346.775273 -1512.058679 15.725129
-2967.064033 -1906.443071 -80.129179
-3504.203694 -2261.085872 15.918775
-2731.098495 -1670.976283 -48.941839
-2360.580650 -1449.074818 -60.410225
-3200.818526 -2124.002055 -61.647646
-2964.105633 -1861.145057 -14.990269
-2730.277897 -1751.942153 -85.488616
-3854.067615 -2365.962901 -94.986463
-2963.599355 -1860.916245 -14.891637
-3467.837222 -2122.554465 -74.980079
-3607.285199 -2314.841005 -120.489112
-2493.382855 -1530.937274 -59.334064
-2679.372046 -1728.865587 18.051187
-3220.778546 -2095.859603 -81.431406
-2938.389440 -1820.779041 -21.441651
-2606.215481 -1723.897327 10.539528
-2757.322470 -1692.495456 -10.931239
-2383.798534 -1576.779127 11.087768
-3482.317215 -2272.361056 -77.583299
-3540.649782 -2342.220806 16.062623
-2926.799736 -1804.729575 -32.201721
-2984.509927 -1826.720531 -77.439474
-2741.148342 -1742.863537 -68.243410
-2934.495242 -1941.798972 14.166859
-3320.354129 -2197.227704 14.311778
-3641.070630 -2409.490215 12.797671
-2579.341446 -1660.174147 -67.485071
-3225.463748 -2076.056906 -85.403440
-2471.231791 -1648.786529 -74.309196
-2350.059045 -1440.240122 -22.053717
-2507.293603 -1657.822234 9.906517
-3779.136468 -2498.069194 21.739446
-2568.535638 -1683.988359 14.653154
-3644.158642 -2234.559625 -16.243796
-3141.997766 -2075.552972 17.896859
-2478.041757 -1637.094382 9.801110
-3407.899703 -2169.583652 -85.646061
-2325.640787 -1536.719174 13.708343
-3425.974880 -2180.479220 -84.803781
-2865.314308 -1869.589869 -53.762272
-2917.910371 -1903.997870 -55.095547
-3241.642627 -2142.603169 12.105367
-2278.173218 -1397.790172 -10.162678
-2978.974215 -1826.467579 -72.411087
-2895.441160 -1880.695667 -58.799277
-2923.388005 -1802.768804 -32.056628
-3199.633557 -2059.720496 -83.539725
-2649.170937 -1634.297863 -21.900891
-3093.472821 -1903.067904 -18.383461
-3152.387295 -1939.508487 -20.322371
-2478.444094 -1640.562294 11.348975
-3881.960344 -2456.216953 -112.627493
-2687.164734 -1733.161536 -72.836668
-2388.980574 -1469.967679 -11.995862
-3057.561062 -1881.368506 -16.165219
-2952.547977 -1905.224014 -72.656683
-2477.902436 -1640.452522 12.104615
-2957.716260 -1920.340993 -63.390604
-2966.969918 -1914.792811 -82.148518
-3543.743335 -2346.748120 13.464230
-2863.374087 -1847.975766 -80.990675
-2795.864962 -1827.390600 -59.332869
-3737.859630 -2409.192394 -87.328455
-3255.962253 -2135.273709 11.069270
-2500.146107 -1537.406515 -17.647983
-2586.318974 -1585.862331 -62.596093
-2589.983359 -1667.513824 -68.740615
-3002.364139 -1908.919829 -33.378531
-2989.085316 -1900.130648 -25.347574
-2989.496452 -1900.347876 -25.348285
-2872.186554 -1931.944333 -71.568142
-2670.412366 -1781.113451 -80.584908
-2682.292033 -1750.454143 -60.085212
-2728.174794 -1758.212051 -64.891637
-3361.404177 -2193.717645 -73.346522
-3332.832301 -2110.805146 35.794595
-3224.864125 -2134.160364 13.861773
-3395.491404 -2087.850806 -21.546465
-2889.464045 -1885.793614 -52.864646
-2738.793598 -1767.635546 -76.342392
-3090.698790 -2026.960569 18.413887
-3204.300542 -2087.939464 -67.597705
-3482.665630 -2269.648291 -71.760674
-2902.330097 -1891.663695 -61.503069
-2930.652083 -1866.013127 -26.554547
-3452.023534 -2115.907162 -83.637476
-3523.570062 -2242.605798 -32.727457
-2905.424629 -1893.819889 -61.602430
-3482.058081 -2290.813596 11.379293
-2451.429617 -1612.633386 8.310848
-3784.116606 -2465.043302 -77.079626
-2901.649938 -1774.673465 -19.326676
-3717.517921 -2291.531186 -46.692360
-2905.519921 -1772.409372 -18.387023
-2883.810540 -1903.148838 10.506748
-3925.530032 -2417.839828 -48.546518
-2909.869167 -1790.699407 -26.792415
-2875.555320 -1871.224480 -56.109964
-3346.421976 -2043.593414 -20.714554
-3540.822331 -2302.896852 -77.901932
-2705.656088 -1779.794040 9.157667
-3455.970052 -2253.058526 -73.837462
-2013.830167 -1232.311015 -12.553832
-3406.222314 -2239.833761 11.824191
-2501.450517 -1631.622446 -46.249728
-3046.731992 -1987.476954 -68.690366
-2683.940008 -1750.929736 -60.812664
-2977.160870 -1966.348388 11.341685
-2671.306839 -1764.389061 12.129036
-3624.743336 -2378.866893 20.167007
-2701.272065 -1772.463322 10.340459
-3118.013961 -1914.824121 -29.166143
-3158.835414 -1938.755286 -29.543556
-3105.600074 -2038.831680 13.529171
-3366.650181 -2213.762346 11.322162
-3194.478910 -2082.663186 -65.448004
-3722.985687 -2427.240574 -75.639476
-2840.601977 -1867.395408 8.107080
-3252.923959 -2138.267317 9.683969
-2499.362772 -1625.429302 -55.657058
-2491.430738 -1624.399008 -48.641351
-3194.604151 -2082.922930 -66.382213
-2639.440848 -1617.987550 -71.648229
-3614.739872 -2220.744508 -34.666738
-3279.818147 -2165.814535 19.838535
-2727.302480 -1778.431502 -50.130853
-3180.400768 -2089.091138 8.430607
-2949.266929 -1923.638262 -63.255485
-3180.247405 -2088.514291 8.572955
-2599.731755 -1677.926234 -71.996011
-2686.615218 -1728.514148 -71.425182
-2991.583283 -1848.694578 -26.120075
-2729.801110 -1750.669164 -85.051060
-2622.288719 -1620.782053 -16.874783
-2528.503546 -1699.753028 -61.385124
-2494.188774 -1541.964578 -16.757165
-2406.346498 -1487.682868 -21.169431
-3533.343985 -2161.803681 -88.962859
-2988.913515 -1821.934349 -23.542694
-2041.893224 -1244.656392 -16.208683
-3719.479894 -2500.281842 -91.094580
-2878.615486 -1781.716741 -9.866309
-3236.803977 -1985.796678 -78.811694
-2038.666271 -1325.817266 -48.866537
-3856.382912 -2505.485330 -110.209228
-2060.477464 -1338.738516 -56.559149
-2579.207336 -1675.907583 -73.596553
-3085.081912 -2004.981057 -85.727202
-3242.106798 -2107.339166 -90.753670
-3386.809982 -2201.395213 -80.464318
-2921.417725 -1899.026444 -69.882878
-3701.087934 -2405.844451 -93.237573
-2564.790982 -1667.329958 -61.156408
-3850.581248 -2503.206894 -107.147067
-3086.136824 -2006.263091 -83.912538
-2842.419942 -1862.330611 -53.269841
-3099.572228 -1920.309343 -22.629896
-3600.712381 -2230.831957 -24.172675
-2696.466505 -1742.763076 -52.178859
-3084.496502 -2054.048429 19.889465
-2844.512061 -1894.675236 18.367655
-3550.497090 -2364.997253 16.638145
-3211.461447 -2139.262694 20.371464
-3185.309902 -2122.034176 20.434690
-3138.829278 -1944.851762 -15.799259
-3163.866832 -1941.279934 -76.471150
-2452.198464 -1633.867090 15.822058
-2589.885529 -1726.011472 12.218636
-3267.790492 -2024.789623 -17.359567
-3209.979251 -1988.574429 -18.109555
-3489.724921 -2256.315180 -72.776613
-2971.697276 -1840.094961 -8.841289
-3089.879512 -1913.344175 -12.335218
-2806.600648 -1816.607206 -64.536609
-2995.078917 -1854.704412 -18.766396
-2599.199189 -1609.725203 -17.575653
-3775.382331 -2442.412823 -79.011917
-2614.926600 -1737.375317 18.955182
-3262.323918 -2001.583087 -77.749973
-2824.982783 -1827.459574 -60.132003
-3269.073259 -2024.914686 -23.313237
-3536.676152 -2351.109932 13.181874
-2728.558866 -1771.112387 -55.764558
-2574.073947 -1672.193562 -71.350140
-3259.260827 -1987.761847 -25.017922
-2258.227626 -1518.634859 -54.660816
-3192.254264 -1966.860673 -15.020925
-2662.882054 -1764.855653 11.598973
-2949.024542 -1928.494443 -57.204217
-3323.243772 -2202.067053 9.009837
-2661.921542 -1764.334154 11.514472
-3710.611410 -2286.834472 -13.754210
-2307.722349 -1422.177712 -9.706175
-3399.758321 -2252.441270 15.251949
-2788.000629 -1709.900420 -75.676313
-2830.100078 -1828.021339 -69.166227
-3641.219511 -2314.570566 -39.942097
-3057.726263 -1882.345521 -16.911351
-2658.764180 -1725.668118 -58.835486
-3398.059530 -2196.135040 -91.183974
-3412.588822 -2101.447125 -11.075634
-3398.277921 -2092.738142 -18.966703
-2949.531293 -1928.117815 -57.083636
-2616.994807 -1611.948220 -12.947395
-2422.107219 -1571.032981 -58.931618
-2868.066651 -1860.391250 -74.632541
-2894.275528 -1877.541847 -69.315231
-3194.528339 -1971.297285 -10.703424
-3813.401020 -2353.279166 -12.175710
-2804.336461 -1819.145344 -55.834697
-2699.040043 -1655.600938 -63.925011
-2832.490975 -1748.380960 -21.676011
-3908.200576 -2412.709526 -27.718347
-3535.605696 -2343.887017 15.093031
-3730.226446 -2303.521865 -11.151039
-3533.061842 -2293.385848 -89.950625
-3786.503207 -2510.245194 21.225659
-3462.802864 -2268.017294 -67.931286
-2930.653114 -1918.910421 -62.027179
-2434.550920 -1502.008737 -6.696179
-3461.772214 -2266.069316 -72.807538
-3230.961444 -1991.751378 -15.216298
-3519.993199 -2279.084639 -89.167628
-2965.346868 -1828.255477 -13.380631
-2800.902199 -1813.670084 -71.526448
-2943.271246 -1884.871195 -120.591816
-3856.305955 -2498.741002 -103.222073
-2387.979807 -1472.655036 -11.365476
-2793.610575 -1723.364682 -15.308384
-3713.137521 -2290.662712 -19.386404
-2736.993129 -1768.150226 14.038441
-2585.398469 -1681.448885 -97.447522
-2864.518450 -1847.082193 -93.846206
-2474.500542 -1579.490505 -17.013064
-2471.223795 -1664.494647 -56.111229
-2869.975290 -1850.726411 -94.356434
-2959.872056 -1903.939484 -97.905576
-2672.605501 -1668.372948 -54.026846
-2622.030891 -1727.778463 -72.469467
-3240.577336 -2102.507392 -137.192661
-3399.621662 -2091.099049 -80.696656
-2996.197931 -1895.970420 -75.761416
-3674.673560 -2496.317560 -79.285056
-3710.798925 -2288.037594 -79.328939
-2839.916192 -1810.586764 -14.056250
-2468.583318 -1663.065313 -56.169001
-3049.179108 -1903.487778 -57.266153
-3889.158369 -2406.388034 29.866814
-2886.180677 -1936.128579 -99.954213
-3683.491106 -2461.706383 -124.186049
-2773.850844 -1720.260015 20.834600
-3441.532810 -2218.744137 -112.954596
-3801.177904 -2579.337741 -73.266602
-2854.227755 -1851.503987 -115.720040
-3424.657368 -2204.422193 -103.735396
-3538.805309 -2330.628058 -11.256762
-2285.480615 -1407.819410 -46.136662
-2585.268545 -1666.807158 -85.072775
-2605.857396 -1716.461634 -7.936709
-3480.227957 -2344.821910 -81.358968
-2780.504776 -1721.609456 19.379543
-2823.849919 -1779.826842 -110.790904
-2618.232937 -1634.554433 -52.228052
-2848.001274 -1796.991977 -91.114256
-3362.860118 -2121.744758 -103.459497
-2651.382716 -1689.923880 -9.916059
-3242.626656 -2047.219482 -123.162061
-3544.981337 -2279.951496 -152.131235
-2686.011295 -1710.362910 -84.567260
-3267.888785 -2063.161289 -123.516068
-3582.377364 -2361.193751 -100.175545
-3518.068302 -2367.315533 -74.368784
-3750.938299 -2472.324076 -104.016693
-2773.393285 -1734.991395 -52.776106
-2862.697310 -1784.789440 -57.839423
-3567.151149 -2269.493808 -24.152608
-2519.570815 -1602.985999 -16.835748
-2629.642166 -1645.319896 -52.378294
-2287.936457 -1517.976494 -88.521233
-2757.481821 -1825.716524 -80.301325
-2767.937022 -1836.058858 -105.994366
-2520.139670 -1589.501314 -73.142602
-3859.978446 -2555.554205 -112.668991
-2342.134217 -1465.633130 -43.727912
-3518.184570 -2367.163034 -74.164208
-2828.274795 -1906.882935 -64.505385
-3088.073075 -2046.415360 -91.377111
-3162.991502 -2012.870180 -101.999850
-2645.582233 -1757.459122 -96.137714
-3039.915267 -1900.036158 -56.660841
-2515.940468 -1603.115969 -9.613662
-3130.098542 -2019.735213 -92.510646
-2690.613371 -1697.339546 -88.103515
-1991.178307 -1331.499935 -52.484182
-3554.663570 -2270.370063 -94.098396
-3183.667343 -2027.228338 -101.171978
-3473.120496 -2242.053861 -114.405723
-2733.862950 -1756.372786 -10.243191
-3145.184648 -2090.220424 -100.833214
-3037.487088 -1899.330819 -61.749426
-2287.428746 -1451.805917 -27.429232
-3425.718523 -2199.299841 -96.829970
-3256.213189 -2071.276690 -12.281716
-3636.413053 -2258.415872 25.228876
-3483.976743 -2334.330220 -119.642306
-2467.825541 -1667.873023 -52.682853
-3507.513160 -2251.900696 -12.635447
-3551.530166 -2218.311264 -74.815882
-3145.135234 -2089.875957 -100.969888
-2757.840743 -1769.114196 -12.781378
-3012.705001 -2011.187609 -103.638961
-3390.643381 -2184.906184 -103.854363
-3809.344360 -2543.457872 -138.590157
-2884.137777 -1806.236930 9.716825
-3198.291635 -2085.287760 -9.718719
-2236.514235 -1440.449660 -71.629954
-3423.039327 -2205.925195 -105.343518
-2968.218187 -1854.961056 -56.771262
-2290.321358 -1550.683686 -51.137192
-2370.800059 -1526.610028 -68.947326
-3694.901140 -2454.254908 -116.413275
-3824.660982 -2589.535373 -87.865928
-2867.515609 -1848.065442 -93.756255
-3291.827557 -2076.910406 36.252384
-2734.998152 -1754.041188 -9.172793
-2877.620661 -1853.650074 -94.285740
-3723.419843 -2391.789423 -14.835025
-2343.151050 -1463.771633 -47.235815
-2884.813913 -1858.824298 -93.158709
-2885.801706 -1859.500263 -93.197633
-3211.241535 -2170.710275 -63.407374
-2876.370997 -1853.499080 -86.985294
-3133.580649 -2022.335935 -127.212635
-2951.241350 -1996.663079 -62.778519
-2520.555205 -1703.298080 -62.209490
-3154.886538 -1970.700731 -63.716010
-3569.387057 -2382.464146 -125.961392
-2656.338186 -1765.062687 -83.587029
-2434.883972 -1568.710669 -75.616490
-2566.541511 -1604.021236 -51.985824
-2535.878072 -1634.387720 -76.482212
-3319.897782 -2069.397713 13.906580
-3716.107941 -2439.750349 -14.038757
-3187.901507 -1986.622515 13.525813
-2702.543471 -1774.608535 -11.506879
-2966.261188 -1912.217943 -97.826956
-3024.445386 -2024.593952 -103.427209
-3219.721294 -2171.739516 -64.779564
-2511.386563 -1681.436186 -87.005084
-3676.716068 -2288.249015 26.920520
-2954.515190 -1966.529432 -107.679068
-2945.315562 -1986.556672 -57.014584
-3940.432217 -2451.760910 28.231321
-3615.820811 -2438.635639 -78.042770
-2637.468891 -1766.383949 -92.095282
-3433.688114 -2285.320452 -125.114549
-3366.596499 -2240.524728 -125.278963
-2496.892794 -1692.736556 -56.206197
-3092.932767 -2085.439098 -66.818774
-2560.252576 -1642.897658 -46.741753
-2599.915417 -1673.799786 -75.963245
-2295.203674 -1471.424760 -10.884726
-3557.705937 -2378.889994 -129.461777
-2349.056893 -1563.969476 -87.511760
-3213.360946 -2168.533024 -63.677975
-3492.948136 -2171.140920 -43.138268
-3174.602603 -1982.852835 14.650409
-2628.702480 -1723.430385 -9.877641
-2913.372586 -1940.498203 -23.612039
-3595.466179 -2245.811385 16.310714
-3208.350402 -2013.784182 13.139532
-2494.534963 -1612.113398 -75.575958
-2727.990401 -1720.008636 -79.619187
-2437.749554 -1518.620233 -48.798295
-3061.183030 -1916.521797 -62.309596
-3576.593036 -2384.642566 -76.105834
-2896.094520 -1872.014563 -87.349472
-2685.427258 -1735.857144 -83.832781
-3689.284298 -2427.965140 -98.822303
-3706.110549 -2320.548192 -75.052922
-2468.477297 -1554.201618 26.968464
-2731.553182 -1794.610479 -65.263714
-3043.358735 -2012.479010 -104.107970
-2732.175032 -1794.759986 -76.976093
-2579.394967 -1694.656376 -66.491811
-3859.427612 -2444.952060 -14.585589
-2484.744722 -1635.690170 -59.776952
-2476.798429 -1635.697479 -87.065417
-3042.693558 -2037.000503 -56.892296
-2401.230316 -1540.503436 -60.390961
-2459.849035 -1640.040710 -53.702608
-2468.307470 -1586.915819 -97.626960
-3343.737632 -2201.727954 -89.218561
-3467.374643 -2319.872483 -71.541591
-3182.354773 -2125.460197 -61.799469
-2710.741563 -1717.862457 -10.132576
-2902.006816 -1798.921211 -34.072167
-2823.835314 -1824.917376 -87.674421
-2733.566717 -1828.012331 -57.382038
-3503.428216 -2193.335503 -69.034016
-2790.243494 -1792.808852 -81.898668
-3065.904975 -1966.458029 -60.045936
-3045.004298 -1896.528654 -57.087214
-2723.388473 -1791.100853 -69.797930
-3518.184176 -2308.125827 -43.417055
-3143.907236 -2066.131706 -85.298101
-2772.719947 -1866.092445 -2.248011
-2938.733669 -1833.040637 -25.415529
-2473.155380 -1625.333092 -66.896294
-2968.639765 -1983.163266 -61.601641
-3054.602076 -2007.669077 -85.954181
-3782.010968 -2486.640515 -96.495546
-2971.724557 -1984.182205 -62.742671
-2913.984864 -1871.846834 -94.126205
-3450.099620 -2267.743248 -95.999152
-2578.878443 -1695.507463 -64.617992
-3026.291482 -2022.808958 -101.954042
-2841.553998 -1868.165462 -76.453052
-3783.551573 -2486.444536 -104.963922
-3495.470150 -2296.877599 -95.961715
-3478.266173 -2288.741425 -93.402066
-2682.628269 -1789.651325 -58.886249
-3385.204783 -2235.703739 -126.997390
-2407.424266 -1608.891298 -49.467172
-2992.372387 -1966.452874 -76.008894
-3774.622063 -2425.001237 -108.053757
-2588.061503 -1711.549653 -81.701011
-2691.993559 -1770.803609 -74.053791
-3114.850788 -2080.912702 -66.366259
-2790.788406 -1716.165293 -73.103562
-2775.476537 -1737.578177 -50.214896
-2888.686769 -1932.598722 -60.079166
-3021.632253 -2023.307269 -66.107825
-2678.296078 -1758.292289 -72.956526
-2854.649064 -1856.905401 -103.924339
-3741.648995 -2456.479117 -102.550827
-2855.498532 -1902.113130 -22.208260
-2757.234509 -1850.945374 -52.734055
-3853.432582 -2586.160282 -72.699178
-2777.128911 -1756.961020 -22.327406
-3505.707497 -2336.219366 -26.674659
-2885.430161 -1922.570101 -61.752073
-2193.006180 -1461.587950 -16.725856
-1972.940567 -1335.748245 1.231119
-2697.512712 -1801.251091 -32.508312
-2707.821541 -1778.255394 -75.240236
-3570.961196 -2235.514362 -72.866665
-3724.827541 -2367.004929 -13.418631
-3415.417783 -2274.224224 -23.335723
-2562.404505 -1688.420096 -89.633683
-3508.343722 -2231.578122 -23.388159
-3499.726034 -2173.703366 -106.973454
-2984.908278 -1898.071806 -20.019214
-2705.441864 -1681.505433 -78.029862
-2674.751274 -1692.313482 -33.481052
-2596.483498 -1650.348397 -8.966321
-3847.785975 -2584.883056 -71.545839
-2317.370627 -1442.999079 -43.606214
-3559.409712 -2353.240081 -113.323026
-2584.331151 -1710.015854 -82.488698
-2671.525664 -1660.919369 -87.684881
-3205.117576 -2120.704060 -105.378860
-2236.154671 -1390.293119 -64.229047
-3426.621457 -2319.915264 2.775739
-3857.983293 -2556.626640 -145.939388
-2917.833271 -1957.515784 -18.136856
-2618.651850 -1623.460406 -30.518428
-3027.503248 -1997.692208 -78.015784
-2524.767116 -1590.526127 26.594857
-3096.002334 -2091.921941 -75.415672
-2584.035136 -1725.595985 -18.603715
-3149.278699 -1964.926546 -29.368014
-3141.932199 -1996.478789 -102.949215
-3665.220661 -2436.701070 -29.825912
-2846.309503 -1869.214573 -76.933269
-2408.946711 -1606.995172 -13.928629
-2439.907214 -1614.503781 -92.396938
-2790.690079 -1901.899711 -42.344822
-3568.022229 -2265.513837 -22.773678
-2373.393732 -1583.494287 -17.921969
-2861.448386 -1752.877653 -50.302410
-3190.212936 -2068.244728 -117.968197
-3763.619928 -2475.595304 -61.889584
-2335.279712 -1552.895218 15.785652
-2865.244383 -1755.239030 -50.409215
-2858.666904 -1932.115938 -67.800806
-2328.453724 -1566.561272 -13.809969
-3934.069808 -2418.783233 -48.839869
-2726.954992 -1814.123849 19.009674
-2981.206171 -1953.539091 -5.148580
-3604.272565 -2245.672049 -105.269680
-2858.675756 -1914.651250 22.679834
-2723.733640 -1810.265533 16.032506
-3576.501559 -2363.248465 -100.790886
-2217.741377 -1384.534342 17.304655
-2663.149151 -1759.744692 -74.859644
-3222.852803 -2103.967335 -135.630999
-2136.872168 -1388.176219 -89.684074
-2580.423708 -1730.682456 -1.092438
-2559.001709 -1578.305791 0.673703
-3142.794755 -2111.033250 -11.745467
-3966.577284 -2440.245347 -48.845334
-3508.834774 -2338.078289 9.981796
-3059.527665 -2010.892287 -50.728716
-3437.133397 -2307.772556 -23.280757
-3497.449570 -2267.973593 -130.127662
-3687.136529 -2277.203888 -66.351477
-3511.049661 -2307.760699 -58.502610
-3384.792175 -2084.374072 -84.907059
-3005.798946 -1998.590368 14.311234
-3818.161739 -2491.517317 -81.403321
-2319.634243 -1521.120519 -8.330402
-2632.275452 -1619.743646 -65.968448
-3260.460784 -2161.869746 -96.830640
-2927.658920 -1924.108452 -89.401173
-2840.979971 -1873.862212 -3.637540
-3359.634387 -2207.987595 -110.332826
-2976.391706 -1924.004528 -76.064207
-3842.440671 -2494.921154 2.393472
-2556.596404 -1685.716652 -3.088505
-3075.443860 -2055.883893 -23.633941
-3603.259960 -2392.794390 3.477490
-2673.488216 -1776.528451 -69.173789
-2217.190500 -1472.166433 -2.963713
-3358.641106 -2208.466797 -109.468308
-2757.618142 -1778.753569 7.059091
-3392.375010 -2147.209030 -26.807116
-2811.383184 -1848.903886 -92.648219
-2574.603101 -1698.228759 -61.694002
-3153.624787 -1987.704306 -106.273336
-2909.709926 -1788.454138 -9.744480
-3390.098036 -2145.837285 -26.763672
-3155.211445 -1940.339996 -44.834189
-3704.340231 -2286.030611 -46.768684
-2759.219487 -1822.817094 -76.941596
-2612.998325 -1713.854621 -27.868747
-2877.904033 -1788.876899 -92.897705
-2682.326491 -1761.103335 18.696692
-3259.427939 -2010.540699 -57.184137
-2632.864963 -1637.842232 -93.336098
-2510.450359 -1562.121496 -88.936239
-3288.347355 -2047.126870 25.038595
-2602.960274 -1620.795970 13.512121
-2988.316731 -1958.246273 -54.166255
-3807.700893 -2501.514073 -0.123114
-3298.638402 -2221.954597 -2.397603
-2290.793577 -1504.151770 0.173554
-2929.382179 -1861.607225 -48.512938
-2457.309826 -1561.036157 -40.977954
-2920.935894 -1916.852327 -11.643242
-3522.496688 -2177.724289 -64.779416
-2723.537007 -1854.042071 -48.548112
-2563.030089 -1725.400485 -1.440435
-3706.835441 -2291.840740 -66.510416
-3769.151884 -2319.553892 -94.443575
-2505.249637 -1578.973788 -84.297673
-3164.106816 -1960.155697 22.491616
-3798.620335 -2353.290954 24.730203
-3794.670770 -2492.827331 25.000974
-2796.936896 -1898.288895 -63.157035
-2958.449761 -1826.469927 -37.049404
-2909.320912 -1790.588519 -73.457060
-3738.814827 -2536.295779 -83.502730
-3321.149225 -2062.524073 20.198581
-2947.136748 -1998.655109 -66.083073
-3822.211903 -2409.061243 -128.051301
-2928.241877 -1863.348168 -46.761836
-3724.642907 -2447.961048 18.545327
-2903.631612 -1966.266754 -35.933823
-2769.602926 -1775.355440 -112.316700
-2989.555049 -1988.519330 -91.611954
-2540.134482 -1699.192234 11.046696
-2993.431498 -1928.991899 19.753344
-3005.596872 -1869.852389 -16.432587
-3369.435333 -2096.235608 -18.016288
-3230.738087 -2009.973432 -17.099549
-3220.213533 -2159.153078 -49.726826
-2708.925414 -1787.731937 -34.957976
-2870.039785 -1921.334708 22.450038
-3892.442542 -2445.437453 -51.029965
-2719.700109 -1762.568315 -81.293779
-2983.550181 -1891.804330 -79.168327
-3021.829354 -1916.032302 -80.106263
-2463.068564 -1505.729993 -57.050758
-3682.003894 -2365.460353 -76.970407
-3456.778581 -2285.427941 -117.787194
-3909.064496 -2453.670834 -87.783565
-3203.735860 -2121.055309 34.545009
-2548.276301 -1703.948249 19.177913
-3705.448426 -2303.200839 -19.594353
-2112.156264 -1422.611742 -53.346333
-3950.925765 -2454.646390 -64.119464
-2718.853627 -1779.177225 -74.677131
-3432.915278 -2291.329465 -59.822523
-2297.170685 -1503.380084 -55.300626
-3466.207224 -2338.689028 -84.895380
-3852.285173 -2533.598184 -92.408227
-2853.326371 -1804.411390 -105.584483
-2889.286052 -1786.262834 2.886861
-3704.440587 -2303.212239 -19.532133
-2586.371665 -1606.844335 -1.155318
-3880.212515 -2574.411627 -31.004666
-2920.837477 -1911.660404 -69.997728
-3259.675143 -2046.060864 -55.079603
-2602.278886 -1621.763720 -12.835502
-3716.268604 -2392.335491 -70.332008
-2318.564078 -1481.405610 -59.130769
-3165.168716 -2005.119806 -102.744520
-2680.283624 -1782.038071 -31.393966
-3759.890874 -2491.194213 -71.030894
-3097.855053 -2084.932152 -71.243728
-3141.478149 -2120.901723 -36.852284
-2346.171771 -1542.290774 25.723423
-2787.069202 -1867.564485 -52.403969
-2673.892044 -1757.236240 29.139938
-3274.975150 -2118.381166 12.662384
-2723.861321 -1805.015768 -50.792294
-3216.427842 -2131.728152 -59.816998
-3220.872815 -2159.591682 -49.683585
-2986.276744 -1932.142362 18.986780
-3222.933745 -2136.265813 -60.713989
-2957.100037 -1848.054055 -47.755132
-3145.587239 -1967.041512 -44.732722
-3522.788041 -2151.493209 -80.613500
-2489.789489 -1609.558624 -100.439662
-3599.066168 -2429.165109 -89.851711
-3522.644490 -2333.224922 -66.824928
-3713.156511 -2331.078709 -141.252033
-2686.141346 -1717.007763 42.700099
-3544.404592 -2350.377876 -56.286821
-2322.259295 -1484.753542 -47.217424
-2617.665343 -1642.684191 -44.738162
-2872.578005 -1924.348978 21.892512
-2975.471187 -1871.734602 -76.554126
-2648.117124 -1687.914119 -10.377310
-2526.441580 -1577.865956 -12.380792
-2352.087514 -1469.270279 -10.298480
-3204.045911 -2001.515145 -14.096082
-2403.999881 -1531.635620 -9.840347
-3124.211329 -2092.249101 -58.828237
-3097.789020 -2087.385794 -78.383338
-3471.101965 -2324.792883 -64.541628
-3888.076193 -2445.909533 -99.699676
-3403.589521 -2296.061439 -73.279485
-2055.074224 -1360.561646 22.528367
-3481.762517 -2176.434416 -54.708837
-2864.026861 -1893.019111 -80.362944
-3680.532327 -2298.050997 28.753545
-2663.899491 -1777.654919 22.501038
-3022.522539 -2041.021836 -65.447335
-2828.562717 -1869.836246 -79.009281
-2950.964467 -1862.672639 30.002809
-2491.769765 -1554.743731 0.408881
-3306.701529 -2234.899574 -35.242753
-3587.611532 -2343.628912 -87.125692
-3028.226353 -1979.925093 -72.968330
-3587.022929 -2341.649489 -87.416501
-2982.362059 -1932.576148 -88.798828
-3062.056844 -1939.305092 -110.235326
-2924.706531 -1947.743284 -64.750760
-3145.586816 -2054.913701 -77.441177
-3309.123578 -2070.920282 -28.591485
-3173.982914 -2036.120594 -128.161278
-3371.320284 -2201.846607 -81.644076
-2631.646089 -1688.073636 -106.578501
-2177.265253 -1396.938874 -87.421206
-2308.287527 -1462.452201 -77.903403
-3146.714975 -2055.041213 -77.098396
-2697.497833 -1742.281301 -58.155482
-3373.349507 -2082.766435 0.247556
-2631.264354 -1747.588398 27.497077
-3250.477470 -2019.846908 -53.313994
-2623.354909 -1630.569558 -41.677464
-3549.163468 -2199.430694 -22.782823
-2526.117024 -1682.419778 -55.777464
-2648.266203 -1643.574642 -16.961646
-2623.114181 -1630.317062 -41.708596
-3148.621556 -1969.757565 -26.545289
-2574.057635 -1662.941694 -104.000954
-2888.221165 -1807.330205 -24.935851
-3006.215654 -1859.834181 -35.966678
-2684.061319 -1724.886279 22.194529
-3053.227410 -1888.807161 16.075834
-3388.745313 -2291.155790 -58.118605
-3654.653864 -2262.225874 -104.984411
-2708.576771 -1706.362230 4.606280
-3179.025157 -2035.917894 -93.747370
-2325.310038 -1483.359605 -91.518678
-2753.562791 -1727.643696 -79.192743
-2663.951459 -1688.784949 2.945698
-3266.818729 -2084.848870 -129.386141
-2488.202695 -1597.576218 -7.435922
-3873.747410 -2487.010942 -10.911403
-2614.772654 -1656.124942 10.465713
-3450.308736 -2323.019178 -9.213832
-2958.318949 -1961.114613 -101.826292
-3192.877210 -2144.679663 -58.507433
-2919.052804 -1917.297884 -49.687630
-3394.530245 -2195.612822 -133.824462
-2034.622743 -1302.422517 -60.994062
-3052.234030 -1922.938361 -119.239781
-3458.712102 -2221.372489 -11.249816
-2522.707050 -1564.508829 -71.843580
-2950.159398 -1995.606730 -69.175139
-2557.016976 -1618.486409 1.787414
-3186.720241 -2001.091525 19.979444
-3744.236354 -2455.878499 2.292306
-3027.317190 -1999.635282 -99.821929
-2625.114904 -1664.609984 2.715576
-3577.295054 -2188.643432 -27.147902
-3112.870967 -2042.405512 1.588215
-2909.601619 -1844.820468 2.118524
-2214.558995 -1500.186662 -48.363827
-3019.657898 -2046.034685 -64.978384
-3178.517541 -2055.525386 -124.492393
-2531.477541 -1713.722346 -13.117434
-2373.836509 -1583.106274 21.991530
-3461.444553 -2205.057684 -29.080448
-3535.050285 -2366.396820 -1.429986
-3676.164823 -2361.049491 -10.226805
-2899.489160 -1801.721905 -33.964971
-2761.399531 -1804.484503 15.161661
-3588.899179 -2226.509377 -47.799453
-2980.796261 -1925.870169 25.222689
-2545.103240 -1638.594652 4.688236
-3026.332195 -1903.113443 19.028929
-3795.230868 -2398.713545 -60.994975
-2732.121030 -1670.875964 -49.561349
-2924.335687 -1792.513630 -35.053927
-3189.317960 -2123.866546 -57.649609
-3295.542503 -2065.906745 2.346588
-3141.437973 -2088.458217 -102.656812
-2919.874549 -1854.512481 -9.259189
-3375.397447 -2181.880920 6.997054
-2535.494877 -1611.365617 -6.992305
-3189.486019 -2099.585697 -103.811929
-3294.558927 -2219.336069 -9.829082
-3158.228975 -1940.346552 -30.943990
-3355.622063 -2202.830141 -115.932317
-2936.180683 -1823.692194 6.134271
-2804.218139 -1819.991079 -40.750470
-2941.962991 -1846.615959 26.507233
-3178.607342 -1943.860243 -73.529324
-2523.820018 -1610.316653 -76.880924
-3812.307513 -2483.225396 -149.710772
-2412.863968 -1571.095093 -0.632533
-2498.110673 -1596.098385 -104.441339
-2822.366178 -1838.400274 -111.537153
-3680.846079 -2386.715868 -151.659886
-2554.838153 -1688.745853 -94.638333
-3532.881532 -2349.068218 -113.312975
-2564.143938 -1693.378754 -85.627301
-2985.464934 -1838.744552 -28.496326
-2464.366241 -1563.429292 -10.979033
-2735.221751 -1815.479091 -42.420496
-2499.898642 -1550.242939 -5.070675
-3880.783855 -2376.583083 -105.174863
-2556.537422 -1591.831288 2.897459
-3309.237967 -2077.558745 29.618505
-3200.340516 -2002.517081 -79.749221
-3602.760308 -2205.273976 -78.624823
-3843.128347 -2553.019288 -58.747834
-3156.773723 -1932.423372 -69.148007
-2584.114863 -1582.852112 -56.709203
-2236.568273 -1468.443431 -76.924841
-2637.239014 -1647.151838 -68.022546
-3608.187495 -2222.440988 -33.971789
-3580.143033 -2363.101667 -108.611552
-3139.567259 -1945.968373 -87.454633
-3603.975737 -2199.741289 -79.594850
-3013.101574 -1974.066430 -48.375231
-3505.193122 -2220.053587 4.246960
-2574.270750 -1686.573810 -41.251563
-3574.791453 -2379.599533 -131.319340
-3726.025206 -2301.598392 -13.884885
-3512.248020 -2225.340020 -0.713115
-2591.736651 -1611.102379 -15.721131
-3493.890849 -2293.816678 -15.976251
-2566.391903 -1626.732456 -2.380939
-2290.658534 -1500.504610 -36.772952
-3230.577360 -2176.644185 -47.210253
-3501.521334 -2240.961690 -104.843868
-2676.047143 -1780.886448 -97.832486
-2408.676372 -1493.654802 -27.302712
-3657.583719 -2242.223413 -5.490039
-3309.202914 -2053.438498 -38.042528
-2778.834271 -1757.402918 -4.064809
-2333.481946 -1553.172362 -86.349363
-3723.968905 -2510.238429 -60.548023
-3788.231451 -2354.910910 -24.359373
-2509.255545 -1588.327387 -5.070692
-3382.270444 -2226.782603 -108.228240
-2646.999155 -1735.090904 -43.138854
-2703.631240 -1773.860217 -12.657476
-3743.711086 -2492.832675 -136.432711
-3854.719846 -2447.209960 -8.128367
-2708.586982 -1804.047349 -99.272891
-2716.430289 -1685.529845 -76.452812
-2664.625008 -1692.967921 1.139533
-2261.730672 -1509.436056 -81.859557
-3133.840051 -1992.502535 2.741281
-2713.358332 -1723.703789 1.845748
-2731.081574 -1798.243945 -87.815409
-3705.373246 -2289.340968 -14.099974
-2534.076788 -1577.915728 -67.389125
-3404.708381 -2233.496329 -16.216250
-3242.989074 -2015.368142 -21.983598
-2584.450277 -1701.571770 -83.061703
-3582.088249 -2358.416831 -116.523063
-3127.622067 -1993.235617 0.451499
-3581.225861 -2358.003243 -115.700335
-2336.090033 -1451.479528 -15.857524
-2678.428628 -1663.595348 -18.281183
-3150.377668 -2097.636159 -114.610598
-3151.215263 -2098.263649 -114.767400
-3190.028489 -1969.695186 -4.477882
-2967.566203 -1983.815452 -106.863395
-3320.496374 -2092.701156 -74.572324
-3385.235320 -2255.633640 -110.234041
-2812.208092 -1727.526548 -11.091611
-2941.402562 -1793.066919 -53.587513
-3904.380533 -2418.355387 -113.572459
-3467.426098 -2173.585332 -43.419540
-3438.654739 -2132.206949 -39.772543
-2744.875323 -1728.863624 3.335339
-2746.447470 -1729.980976 3.230720
-2844.303622 -1808.848802 -90.658134
-3406.585616 -2095.509588 -24.765499
-3676.838478 -2435.472247 -106.928972
-3860.302463 -2556.963740 -112.434568
-3473.924877 -2210.152690 -17.131450
-3261.659942 -1997.378805 -37.856408
-2870.316448 -1803.061082 3.322172
-3357.611514 -2165.894005 5.485750
-2141.797417 -1424.862488 -6.394841
-3624.116198 -2211.502087 -81.260233
-3751.185995 -2357.153931 6.302911
-2870.871370 -1804.587255 4.907729
-2505.457056 -1533.901139 -27.829570
-2518.474664 -1621.611370 3.900549
-2941.556091 -1847.253144 26.875896
-1938.310868 -1202.746427 -54.912381
-3031.768651 -1911.327292 -1.258963
-2575.777240 -1707.328708 -80.227492
-2922.141859 -1917.383479 -31.868470
-3250.207043 -2197.496832 -43.674909
-2358.549042 -1571.787378 -76.024530
-3031.448305 -1913.922559 2.674993
-2675.675854 -1779.111410 -101.315045
-2031.904218 -1298.638336 -85.613421
-3860.402676 -2403.162107 -18.686890
-3423.083455 -2162.879114 -1.262657
-2908.667786 -1964.733676 -52.855097
-2996.811898 -1865.704961 -14.738907
-2600.477242 -1629.948840 -22.145890
-2635.339851 -1751.766440 -99.830867
-2720.017998 -1759.982897 -106.708970
-2902.674426 -1964.429419 -39.020188
-2897.876594 -1961.170313 -38.868210
-2611.971806 -1731.466722 -75.837004
-2573.290676 -1612.927423 -22.091953
-2403.571945 -1556.132247 -101.157392
-3058.401167 -1881.995796 -21.194887
-2263.312113 -1392.821160 -15.302824
-2652.032075 -1758.514236 -82.580095
-2602.058867 -1623.950244 -50.497353
-2220.318006 -1502.174556 -30.514355
-3558.908534 -2270.379194 -22.700298
-3140.162766 -2088.526288 -101.892301
-2615.989779 -1631.962817 -51.535999
-2896.309832 -1872.531319 26.397410
-3653.609522 -2285.683629 15.191516
-2893.638432 -1870.839482 25.718161
-2758.445840 -1777.829368 -79.651829
-2615.119016 -1732.060821 -51.971250
-3317.133674 -2138.620576 -79.955114
-2985.037489 -1887.306010 -97.338311
-2969.165860 -1914.447446 -73.205256
-3547.658758 -2385.854921 -65.322740
-3324.101156 -2127.771065 -139.263818
-2595.027373 -1646.160352 -52.822234
-3390.026962 -2190.074135 -88.711812
-2894.617881 -1878.412203 -84.183629
-2754.806441 -1779.816569 -72.562941
-2621.943232 -1631.855817 -43.261980
-3024.857727 -2003.187030 -59.266416
-3009.830947 -1960.660300 21.797083
-3289.021624 -2095.478164 -54.488687
-2598.036303 -1663.108241 -107.003554
-2674.253129 -1692.714530 -33.349858
-3461.974618 -2216.848729 -101.034887
-2473.145089 -1673.699953 -45.609311
-3252.283847 -2067.442687 -85.133376
-3326.526968 -2251.247054 -67.218723
-3634.916380 -2436.652218 10.664253
-2527.073316 -1654.150289 -74.361827
-2637.765466 -1655.949679 -89.115411
-3539.069303 -2197.303798 -59.896037
-3206.365248 -2028.738839 -103.374750
-2719.932415 -1824.588304 -57.632720
-2884.772639 -1821.464616 -22.611752
-3435.866067 -2196.818721 -143.249564
-2444.983427 -1536.773697 -71.054906
-3202.354248 -2064.234171 -92.316905
-2457.518963 -1571.339840 -101.778087
-3134.818999 -1998.710493 -69.237409
-3846.062062 -2583.881718 -70.974060
-2862.979186 -1848.517196 23.091277
-2205.848918 -1424.353167 18.079308
-2025.288757 -1308.727892 18.026320
-3202.823447 -2027.398464 -39.344438
-3394.264570 -2143.349360 -126.733125
-2852.270752 -1870.993765 -57.443557
-3728.477577 -2445.144835 -76.530977
-3783.935642 -2481.378050 -88.200889
-2847.011581 -1857.575626 -68.809987
-3032.324730 -1978.285227 -73.258446
-3542.138301 -2269.297514 -142.613821
-3530.017017 -2261.098531 -145.485969
-3244.149198 -2200.980474 -71.212342
-2510.017215 -1677.214421 22.681609
-3225.960872 -2005.417879 11.446327
-3794.075336 -2398.169022 -60.999766
-3582.380525 -2265.971813 -56.860126
-2928.732129 -1852.605772 -47.038118
-3074.648171 -1942.613946 -61.178961
-2224.370285 -1440.634560 -42.625054
-3125.518335 -1974.642175 -62.644478
-2357.311413 -1519.709704 -68.700252
-2422.997152 -1589.592950 -49.022261
-3190.886495 -2019.408333 -102.562123
-3444.709108 -2284.941993 29.750431
-2673.214885 -1727.735564 -69.467349
-2959.309318 -1912.968210 -77.305716
-2502.208296 -1564.257041 11.123460
-3255.126070 -2104.252393 -85.325538
-2502.282051 -1602.033650 -103.631911
-2496.960294 -1598.653834 -103.202364
-2753.203545 -1732.344040 -76.515246
-2940.696693 -1939.556532 -66.567732
-2682.852499 -1726.143782 -68.977220
-3378.511880 -2111.671055 14.674974
-3538.667004 -2195.415618 -58.639427
-3749.173417 -2366.801727 12.014768
-2597.770975 -1663.351715 -108.240340
-3245.207820 -2122.181838 22.022455
-3389.178811 -2243.526878 28.674750
-3323.650369 -2128.188717 -139.205901
-3007.376590 -1900.831204 -61.563922
-3093.023322 -2094.563318 -70.252288
-2678.127213 -1727.734427 -77.161394
-2928.578474 -1941.515382 25.588056
-2974.980749 -1972.667405 26.126634
-3020.315461 -1899.410997 -48.277684
-3621.274955 -2422.589215 23.318464
-2475.140512 -1659.935897 7.617261
-3189.902183 -2045.000688 20.170923
-2587.394517 -1733.886030 -0.583691
-3707.882402 -2482.527132 7.450591
-3384.713224 -2189.714362 -132.669706
-3152.592930 -1950.557163 -53.587444
-3274.811041 -2107.028873 -72.723422
-3148.981201 -2066.172699 9.278352
-2845.018393 -1752.646345 -49.708157
-3512.918807 -2231.865374 25.958121
-3014.626756 -1940.747338 -62.660626
-3639.298768 -2251.768454 -62.302408
-2776.295426 -1754.052424 -21.857650
-2430.972395 -1613.635229 -56.770532
-2505.842646 -1629.678328 -48.973597
-3871.106001 -2521.860047 -77.463277
-2925.063048 -1928.481715 5.150583
-2651.127655 -1744.502933 2.167703
-2956.147657 -2000.391455 -59.035859
-3404.930530 -2187.753239 -114.375113
-3210.620510 -2171.408511 -66.492090
-3577.728746 -2242.882685 47.829008
-2972.382488 -1878.137160 -96.517924
-2853.838245 -1846.990750 -110.766554
-2897.865381 -1840.667947 21.647862
-2682.223708 -1722.690299 16.245639
-2674.544482 -1692.048029 -33.210835
-2715.693368 -1778.099944 6.249108
-2465.595070 -1646.204350 -51.225658
-3567.937618 -2191.291314 -63.378927
-2554.401380 -1646.026345 -73.369829
-3355.768354 -2151.064714 -68.879102
-2827.917108 -1851.642835 6.041015
-2873.284165 -1815.341387 -22.829567
-3232.900122 -1985.405802 -57.493551
-2713.089498 -1823.085692 -30.076589
-3480.113730 -2264.254062 -64.649336
-2066.897424 -1351.599002 3.367072
-3251.242259 -2067.662435 -85.313722
-2614.245491 -1643.034514 5.777150
-2628.915414 -1742.317290 -40.100749
-3443.342570 -2286.701324 -3.050124
-3335.743507 -2100.462922 11.723309
-2781.645621 -1766.116815 -5.912035
-3492.921276 -2204.379201 -46.056803
-3130.145647 -1986.336152 -0.349433
-3093.648446 -2055.679247 31.663944
-3749.481640 -2358.039908 8.406382
-2931.378784 -1862.492381 9.667181
-2965.384944 -1877.535523 3.933261
-2854.825269 -1887.619450 -0.664997
-2797.005446 -1849.306384 -0.744696
-2382.408817 -1587.668179 -85.466805
-3234.333714 -2147.731785 -3.470517
-3318.156641 -2193.654308 -0.963505
-2568.963905 -1610.755115 -44.378698
-3262.057502 -2044.781782 -55.693406
-3738.172083 -2357.976373 -2.405244
-2973.274799 -1965.041580 -1.093782
-3130.291221 -2085.705339 -112.026997
-2324.611178 -1466.049014 -30.579516
-3454.206223 -2308.205992 -27.014651
-2738.560721 -1742.520137 -4.687291
-3403.601922 -2180.059812 -83.475810
-3336.342574 -2108.541736 -109.509302
-3145.486669 -1971.862813 -68.828681
-3043.091974 -1890.581178 -50.052177
-2027.957845 -1246.030581 -7.224894
-2743.845230 -1674.150532 -52.495329
-2439.912356 -1587.552813 -30.625421
-3518.050525 -2160.937477 -12.312697
-3237.110735 -2010.046816 -52.376881
-2622.221347 -1696.312314 11.555908
-2875.554028 -1929.198704 8.792710
-3491.540088 -2257.921143 14.984992
-2498.641553 -1667.553073 2.731687
-2545.335427 -1603.316495 10.133000
-2320.853431 -1474.139279 16.566379
-3420.535958 -2175.507921 4.226439
-3700.331486 -2485.319856 -41.313472
-2572.881847 -1748.506997 -40.184180
-2625.120808 -1692.692540 19.334612
-2581.199157 -1728.172148 -82.525388
-3637.023220 -2323.931241 -150.067746
-3070.805696 -2016.269637 1.344747
-3374.253559 -2148.307816 -62.173851
-2481.918262 -1568.780391 16.872027
-3196.994468 -1968.345552 3.213667
-3507.357985 -2197.477569 -61.351833
-2877.812959 -1768.533416 -66.948059
-3516.945285 -2366.394208 -60.022671
-3624.658973 -2416.348833 32.188074
-2481.035778 -1627.901544 -64.838111
-2494.633082 -1663.017868 21.948149
-3032.783304 -1961.766648 -67.473993
-2499.739283 -1631.044925 -93.673450
-3356.828884 -2120.604042 -80.331683
-2856.409718 -1766.207266 -0.636286
-2646.573519 -1732.384779 -31.761226
-2524.060081 -1695.893354 -53.743026
-3730.207385 -2445.491143 1.398318
-3390.304299 -2110.685657 -6.169089
-3184.526354 -2046.509829 -85.494898
-3591.165346 -2327.648087 -144.790023
-2806.994802 -1802.610776 -56.878490
-2681.682836 -1677.372065 -90.329654
-2622.890651 -1776.183823 -62.987029
-2561.055790 -1643.105362 -51.237056
-3434.028288 -2162.546941 -87.019602
-2965.240181 -1906.296393 -78.315622
-3318.578085 -2121.343991 -89.891733
-3245.888082 -2105.955070 49.001016
-2394.591008 -1530.086497 -65.712385
-2017.585373 -1241.850205 -39.590783
-2765.212265 -1804.733196 10.417251
-2183.766295 -1431.846188 -17.458650
-2021.666778 -1251.887666 17.437046
-3826.415018 -2510.608608 43.529019
-2685.712223 -1695.883979 -64.918533
-3442.614985 -2142.370353 -101.528857
-2343.964593 -1464.855396 28.190159
-2904.535722 -1941.899582 -62.181435
-3202.437747 -2162.001179 -51.900386
-2979.118386 -1839.501691 -77.755002
-3883.454075 -2462.981477 -80.612918
-2856.464253 -1900.353980 -59.397604
-2563.995266 -1645.851263 -52.146982
-2933.097418 -1869.033087 -26.967182
-2333.510635 -1506.638791 -61.133594
-3257.289044 -1997.459098 -83.368303
-3527.795516 -2328.034334 21.429517
-2334.627107 -1523.508998 -40.768754
-3628.554764 -2368.456812 -64.195618
-2621.713603 -1600.263688 -17.365519
-2895.786275 -1876.787446 -73.833940
-3352.815573 -2152.515997 -67.150252
-2955.953799 -1935.318905 -41.783570
-3813.458481 -2338.938547 -97.443239
-3590.644799 -2245.572191 18.440192
-2345.534527 -1467.085105 11.945671
-3291.537009 -2059.797725 -91.891888
-3748.157736 -2520.233124 -34.852145
-2646.000668 -1642.259675 -92.663242
-2485.668102 -1625.584976 29.747216
-3455.577251 -2314.744556 -42.163851
-2943.653999 -1911.189109 -85.985499
-2485.912734 -1625.946775 30.525625
-2948.253734 -1840.096755 -8.577046
-3029.695815 -1934.333159 -89.327464
-2478.493474 -1672.521768 -48.177683
-3770.968330 -2350.937160 -59.852877
-2796.373586 -1828.539832 34.821034
-2709.651583 -1769.012283 -9.531791
-3061.478176 -1940.198656 34.817651
-2370.939225 -1524.437157 -70.086137
-2345.598974 -1535.461960 -5.329977
-2921.501331 -1844.497104 -65.171006
-3565.299668 -2288.975191 -101.659536
-2483.744494 -1617.718784 13.065182
-3491.830832 -2279.426596 -11.955202
-2472.209056 -1529.454696 20.426372
-3872.009263 -2527.697821 -11.789527
-3242.546811 -2044.316078 -81.841705
-3803.985616 -2335.243043 -89.569861
-2429.509270 -1615.938271 -77.480721
-2372.688692 -1558.371635 -79.551119
-2640.831009 -1729.100555 -77.315882
-3636.248130 -2361.682258 -108.627334
-3591.874124 -2330.928609 -102.839801
-3603.318563 -2317.029827 -106.128211
-2440.250061 -1621.632153 -43.733688
-3170.682636 -1983.522234 -63.343462
-2380.296448 -1546.112008 -71.483099
-2933.601691 -1973.476521 -69.765526
-3130.945366 -2107.693254 -46.236666
-3564.301275 -2223.106022 -26.831972
-3692.998405 -2340.646774 -14.727987
-2381.676511 -1555.273099 -90.235153
-2736.183080 -1786.676155 -104.472401
-3275.333530 -2129.747017 -128.274374
-2779.564567 -1883.578370 -70.145608
-3272.285349 -2064.604802 35.581601
-3559.424283 -2187.048550 -32.848067
-2436.080808 -1518.895408 -50.769943
-2459.211433 -1551.496113 -30.215614
-3181.959603 -2068.260620 8.089909
-3791.030747 -2392.432220 -105.987187
-2543.584301 -1704.133964 -78.566291
-3386.283648 -2286.972351 -0.027128
-2600.807312 -1756.716909 4.210008
-3150.074328 -1984.853524 -92.218804
-2517.186114 -1592.237090 -74.815803
-2918.194948 -1969.474156 -56.180405
-3319.860663 -2060.089028 -74.979027
-3395.296168 -2230.471298 -111.408358
-2656.217835 -1799.031538 -63.716050
-3456.889871 -2156.589132 -25.972680
-2854.066911 -1855.324083 -90.219211
-2847.988041 -1880.648751 9.613514
-3152.622510 -1986.788424 -91.676135
-2350.107714 -1588.168240 4.246477
-2889.997351 -1879.205285 -88.129872
-2641.173141 -1784.106153 -0.270144
-2932.736777 -1920.621683 -35.672150
-3393.084712 -2279.570523 -58.056421
-2760.719771 -1725.489222 -87.244833
-2391.701012 -1616.255002 -29.200903
-2162.830281 -1339.330419 3.509400
-2393.768547 -1469.448155 -10.098326
-3004.170323 -1859.623444 -6.306390
-2984.590036 -1898.132768 -107.375680
-2372.980000 -1548.098989 -6.995561
-3161.287483 -1961.780511 -91.386992
-2955.553002 -1928.895190 -59.887601
-3486.672866 -2311.184701 -97.087253
-3130.730957 -2017.750071 -89.229418
-2624.776133 -1702.478901 -4.623001
-2466.077476 -1547.429578 21.294104
-2629.108851 -1645.475644 -95.429168
-3935.933324 -2463.093054 -26.147024
-2963.216560 -1976.563214 -88.589568
-2753.975386 -1797.140307 -41.276578
-2284.965823 -1491.091228 -45.986820
-2296.218637 -1478.978368 -65.114803
-3616.327523 -2263.191510 -107.247260
-2777.186930 -1811.235242 -9.453737
-3554.937935 -2169.890520 -72.074274
-2508.362863 -1554.973353 -3.074144
-2195.616692 -1462.277388 -7.537989
-3486.041136 -2322.105460 -10.585516
-3151.657944 -2102.284539 -91.113500
-2831.738816 -1897.873368 -51.377092
-3197.949418 -2037.218584 -96.690358
-2963.362286 -1986.257470 -53.184436
-3283.596577 -2115.419443 -92.837396
-3326.658544 -2073.782492 -69.913300
-3471.616258 -2204.416263 38.055944
-3453.238792 -2112.468524 -82.417417
-2821.536813 -1791.757250 -56.152266
-3216.955027 -2091.213482 -129.860799
-2996.771046 -1935.369836 11.145405
-2674.350912 -1751.592513 -63.494149
-2563.022955 -1602.605397 -16.822663
-2601.174798 -1719.337031 8.459440
-2602.616594 -1720.246374 8.459040
-2557.458048 -1599.052685 -17.749465
-2933.981742 -1914.938032 -9.553921
-3123.757192 -2084.552218 -102.089061
-3147.989219 -1962.657274 -65.606686
-3725.162338 -2335.705063 -67.301451
-3672.548116 -2448.172509 -109.252950
-2723.072912 -1777.442843 -8.832415
-2447.625841 -1541.006779 -62.603370
-3234.308424 -2155.903253 -10.191012
-3550.372368 -2220.253533 -23.264951
-3058.963693 -1984.112473 -6.389405
-2928.770480 -1940.355909 -82.247269
-2651.242023 -1730.207744 -8.482477
-2680.881405 -1674.833166 -90.682625
-2279.718015 -1509.988167 -63.162724
-3269.758339 -2165.348572 -92.739435
-2677.710144 -1749.099518 -38.565132
-3336.794797 -2157.111209 17.590691
-2971.833994 -1952.386523 -97.538396
-2748.495938 -1792.259007 -48.483206
-3611.480219 -2265.086750 30.462029
-3509.186655 -2168.965095 -0.510878
-2487.586461 -1537.388762 0.265901
-2709.468986 -1770.577277 -48.024407
-3014.325387 -1967.205270 -8.804548
-3718.677913 -2380.879954 -107.325620
-2775.645569 -1810.697783 -9.232010
-3445.182059 -2218.993405 -97.487901
-2942.955641 -1810.650715 -26.766039
-2574.976921 -1653.871976 10.162440
-3147.265053 -2020.877512 15.447276
-2554.718605 -1703.596284 12.326575
-2557.544697 -1705.454164 12.199106
-2531.675659 -1596.911418 -37.231404
-3261.695847 -2215.575629 -49.568111
-2566.922339 -1598.183478 -70.917637
-3259.206779 -2172.696186 16.482548
-2663.145628 -1780.090709 -57.281200
-3604.049376 -2344.850656 -141.040170
-3419.113071 -2176.229877 -113.432253
-3045.801491 -1976.642044 -87.118925
-2843.266687 -1861.727290 -66.696237
-3048.929569 -1901.753618 -23.559157
-3503.724118 -2228.842339 -122.119316
-3855.304151 -2501.081803 -103.920090
-2398.222101 -1567.407977 -60.300249
-2874.179758 -1903.424800 -41.684068
-2921.949955 -1895.633755 -81.290795
-2640.728016 -1730.031172 -70.294939
-2938.327983 -1806.728477 -51.551064
-2424.115364 -1536.600392 27.548474
-2075.021894 -1381.352767 23.765997
-2419.573520 -1596.543676 -35.345274
-3843.796395 -2494.514725 -106.363859
-3774.045702 -2351.070704 -96.608765
-3742.678766 -2468.923687 -53.983386
-3019.624359 -1980.429362 -89.066221
-2730.436210 -1785.479300 -68.717484
-2725.833277 -1785.264762 -63.724933
-2682.127435 -1757.496367 -63.144236
-3399.952074 -2090.028802 -90.358624
-3556.647477 -2280.812894 -113.898490
-3855.772051 -2495.266995 -75.733973
-2946.524899 -1983.963002 -17.752162
-3416.682504 -2174.679341 -98.075826
-2888.898702 -1789.135587 -7.736899
-3558.689939 -2398.830308 -79.845270
-2438.802099 -1579.392427 -45.292364
-3618.857203 -2341.077331 -81.325607
-2571.933347 -1628.689798 -21.783120
-3094.395711 -2088.663280 -24.122119
-3261.254404 -2035.778913 -30.687234
-2818.754897 -1900.263491 -63.745110
-3599.073871 -2330.508163 -83.520760
-2851.016042 -1854.584722 -115.948049
-3713.847679 -2438.614082 -55.714870
-3108.013901 -1906.812259 -45.925482
-2817.873695 -1899.402436 -63.522362
-3767.689065 -2366.485348 26.976666
-2600.336049 -1624.038607 8.163883
-2687.885545 -1719.215339 -12.151022
-3380.760946 -2151.667067 -96.900285
-3642.293958 -2335.747489 -77.004275
-2969.663970 -2011.875888 -13.551914
-2873.179839 -1761.847431 -43.125590
-2451.095205 -1561.893498 -74.701821
-2844.377288 -1838.788553 -59.007676
-2937.000203 -1893.448982 -94.314131
-3412.967939 -2093.876047 -51.214357
-3125.579726 -2004.499395 -99.603393
-2840.472870 -1816.260894 -12.350212
-3404.388946 -2294.633727 -76.624555
-3382.373713 -2111.483209 35.332545
-2456.464835 -1507.187149 -62.879416
-2662.359016 -1766.501092 15.460079
-3865.955666 -2583.940813 -82.686175
-3309.145952 -2033.530268 -91.095441
-2822.560172 -1835.936505 -112.163028
-3631.787329 -2238.630048 -19.816623
-2734.660048 -1770.521865 -64.189012
-2697.208130 -1655.038184 -68.334317
-3662.949223 -2287.589438 37.552987
-3843.012721 -2488.127714 -90.376582
-2546.658708 -1564.222693 -66.933373
-2680.731818 -1684.734882 -63.815296
-3843.463480 -2361.760874 -104.287261
-2564.178603 -1621.016688 -57.911685
-3806.203788 -2403.101440 -84.698263
-2321.267397 -1422.129522 -58.340245
-2782.592592 -1709.125849 -76.126199
-2888.028942 -1800.773748 -78.701441
-2455.195449 -1622.613792 -6.966039
-3352.663172 -2222.499512 -100.549486
-2678.835014 -1765.056431 12.820767
-2738.231159 -1674.105212 -65.249929
-3290.538904 -2030.329524 -55.388137
-3098.022225 -2085.122832 -73.431370
-3129.977977 -2064.463031 35.082479
-3561.261093 -2274.928053 -95.006490
-2501.189907 -1538.667978 -49.934361
-3337.672258 -2245.245836 -8.136264
-2985.470062 -1874.316426 -48.469598
-2177.808331 -1447.951985 -45.133819
-3017.861843 -1979.944846 -88.834041
-3788.105854 -2397.012992 -111.523653
-3010.344777 -1880.037983 37.302702
-3012.850293 -1984.999288 14.352315
-3456.985870 -2341.068594 -55.119420
-3137.109479 -1932.981423 -16.207880
-3154.327047 -2079.448941 16.637154
-2879.571826 -1774.160460 -15.340097
-3896.275132 -2449.951151 -59.530125
-3386.494584 -2110.949454 -92.442418
-2525.096185 -1624.155349 -73.677337
-2481.176129 -1669.271272 -6.345963
-2755.294466 -1816.436555 14.958799
-3154.751987 -1940.168912 -55.802404
-3484.532664 -2260.983656 51.367840
-2665.390694 -1793.902114 -6.597655
-2687.530988 -1741.892364 -72.306399
-2499.032281 -1686.645646 -47.896525
-3307.128966 -2164.163133 -77.047056
-2999.975477 -2025.564189 -47.305583
-2699.927270 -1720.128297 -25.638543
-3846.945299 -2597.501028 -73.285152
-3239.262087 -2134.701164 13.993143
-3070.114841 -1916.013945 -67.579243
-3278.030796 -2007.803855 0.696091
-3178.326803 -2058.888027 -117.765945
-3097.035542 -1947.340897 -47.549337
-3618.403623 -2353.772679 -144.830491
-2902.906834 -1966.410310 -48.205094
-3458.593113 -2184.296108 -96.718632
-3152.764871 -1987.179641 -90.894032
-2750.695091 -1723.442944 -37.306374
-3276.271522 -2159.448035 16.119951
-2531.253845 -1701.448191 -84.140775
-3605.898442 -2208.704870 0.219489
-2709.460202 -1692.593008 -25.815291
-3416.614432 -2091.740612 0.166657
-3084.683294 -2072.952085 10.178443
-3359.223178 -2207.935333 -110.477499
-2871.071444 -1861.511520 -107.108761
-3713.335843 -2517.909973 -65.082211
-3062.658695 -2076.490700 -54.177027
-3700.466806 -2415.495326 -0.582231
-3273.294054 -2125.514195 1.930984
-3581.021141 -2191.833488 -89.948759
-3729.025237 -2292.293283 -54.293747
-3368.825737 -2062.781253 -84.859139
-3012.796064 -2002.039667 -4.003111
-3015.724026 -2004.057864 -4.002029
-3393.480401 -2236.038143 17.762626
-2818.548335 -1823.669835 11.077097
-2974.393288 -1877.624047 -96.734380
-3421.283784 -2178.903557 -64.891709
-3237.229824 -2018.798338 -84.718020
-3143.997861 -2019.643235 54.977037
-3200.051196 -2038.362771 -13.305126
-3179.415385 -2024.248099 -60.201533
-3263.709972 -2186.439847 -38.082183
-3288.588593 -2045.591868 16.456567
-3049.667184 -1902.832799 -107.415821
-2331.486863 -1472.916553 -89.141952
-3734.976348 -2325.295209 -29.846515
-2854.550691 -1793.575584 -66.133173
-3128.661382 -2058.853293 -51.691107
-3401.816445 -2211.775075 -105.073226
-3874.196942 -2465.550324 -132.995781
-2875.757434 -1798.018845 -19.094678
-3335.108696 -2105.811605 38.427965
-2933.001568 -1919.939742 -69.392315
-2396.239227 -1605.693294 -73.092624
-3146.997511 -1972.016374 -42.094588
-3648.006702 -2414.517297 -47.172961
-3202.275120 -2030.534664 -81.488557
-2919.579553 -1843.349950 32.780161
-3154.363277 -1991.463770 -101.588451
-2443.945833 -1532.833114 -40.799676
-2337.557500 -1573.915035 -5.442475
-3307.438078 -2107.334772 43.285669
-2533.113060 -1590.193838 17.467079
-2941.443029 -1980.798990 -26.607046
-2932.240786 -1923.587832 32.722938
-3317.374226 -2080.946678 22.841074
-2466.893398 -1631.995969 -22.397119
-2783.780830 -1884.201517 -14.872104
-2691.463434 -1700.779524 -65.415887
-3534.715984 -2231.326704 13.363532
-3197.531922 -2121.499556 27.692990
-3854.836490 -2543.885114 -100.656710
-3876.761944 -2573.335675 -34.288515
-3611.224063 -2426.963934 13.846910
-3403.619448 -2232.718898 -101.491164
-3347.946234 -2198.235669 18.741474
-2912.873625 -1911.164540 -86.085726
-2830.411877 -1791.366770 -83.725159
-3534.759170 -2230.432067 3.938194
-2962.178925 -1932.426005 23.797478
-2345.773287 -1488.149525 20.803539
-3902.162586 -2388.931691 -85.832098
-2780.667494 -1883.768503 -66.160751
-2986.641127 -1829.054351 -80.697237
-3306.263167 -2086.255242 11.715876
-3530.736775 -2315.996503 39.634902
-3107.422632 -1904.205702 -2.947944
-2716.292861 -1742.284501 -75.661181
-3140.356786 -1980.827063 -0.320391
-2683.266830 -1747.811988 -53.030439
-3465.932219 -2227.326361 -60.575529
-2831.557336 -1833.690419 -71.130098
-3277.314829 -2214.058044 -58.535776
-2500.340797 -1682.345930 10.521720
-2460.493848 -1622.004590 -55.875426
-2224.810577 -1494.671317 -25.805759
-2987.850627 -1971.707391 32.798197
-2705.926585 -1748.139148 40.227546
-2222.932773 -1405.653493 11.097347
-3131.758846 -1988.836614 -1.451596
-3136.012332 -1962.079160 -81.149802
-2630.844889 -1743.693609 -74.316677
-2404.407539 -1603.585318 -78.661970
-2998.430965 -1907.728325 -56.889277
-2683.009062 -1706.625982 -51.125932
-2362.920041 -1577.258238 -85.429621
-3232.984919 -2055.416078 -59.852731
-3514.046916 -2379.323598 -18.442007
-3666.360005 -2361.934591 5.256407
-2165.415903 -1379.428547 2.614819
-2938.283860 -1855.543243 -63.603745
-2334.053763 -1461.766285 -74.063807
-3330.961134 -2236.220535 -71.688146
-2683.232418 -1728.832848 -77.166506
-3750.573639 -2362.592148 12.461198
-2957.733308 -1871.297789 14.759168
-3256.736885 -2099.035655 5.049403
-3135.511081 -2061.212829 -45.349313
-3746.656826 -2349.063945 25.510524
-2466.994532 -1553.815578 8.544346
-3021.619956 -1965.916147 -119.631718
-2021.312424 -1288.614502 -0.172981
-3331.025364 -2168.674911 -133.398881
-3546.527387 -2207.469421 3.467818
-2674.111469 -1780.662630 -96.012739
-3034.218879 -1925.615598 -58.652579
-2829.566322 -1774.860287 -11.384689
-2658.396161 -1714.162681 -46.570850
-3372.161428 -2161.285052 -93.714077
-2975.083489 -1819.372245 -15.852048
-2349.708921 -1486.620372 3.876044
-3642.954402 -2341.056739 13.195690
-2709.679113 -1711.289783 -88.324365
-3703.159253 -2336.646326 13.726548
-3294.878290 -2009.699724 -31.335938
-2709.418888 -1711.189337 -88.308122
-2710.796981 -1722.368459 7.920550
-3044.027884 -1915.074735 -92.567701
-2081.841660 -1293.359008 -49.647158
-3022.535680 -1929.016436 -66.885727
-2773.257062 -1853.325260 -28.603722
-3179.482101 -2023.293912 20.109011
-2900.631449 -1858.962794 1.254247
-3124.415463 -2071.196926 -37.286243
-2712.598657 -1741.512299 -116.780123
-3459.133901 -2289.816615 -33.046387
-2675.285006 -1679.104789 -88.925494
-3172.091214 -2103.296035 -37.726184
-3212.270927 -2020.477250 -98.226259
-3709.081763 -2391.395273 -79.160672
-2957.723754 -1891.587896 -59.360829
-2560.096664 -1612.253004 -78.743149
-2577.624717 -1707.117988 -81.449837
-3718.526838 -2454.843414 -15.983200
-2362.586341 -1532.910297 -60.882452
-2506.115830 -1650.318904 -35.789269
-2923.766435 -1788.704440 -49.638218
-2936.657759 -1913.195061 -72.790123
-3184.806455 -2101.133777 -45.186599
-2456.287174 -1576.867556 12.885057
-2920.776379 -1890.885838 -63.668108
-2807.434074 -1773.028126 -69.356752
-3019.092698 -1938.479256 16.069587
-2410.394689 -1498.305972 21.276995
-2740.079985 -1797.524999 -5.540222
-2933.208068 -1849.620502 -28.435308
-2592.325156 -1633.264303 30.885532
-2249.536218 -1439.608314 -42.471448
-2692.424070 -1667.928620 -61.364709
-3205.428953 -2096.492233 -123.552846
-3053.877113 -2023.359443 -68.882959
-3469.387849 -2274.636193 -8.253540
-3187.917079 -1999.398371 -7.396984
-2556.069829 -1631.720075 -100.781480
-3151.280443 -1926.155798 -24.850623
-3376.835311 -2120.468216 -64.641194
-2621.859817 -1603.613196 -20.437274
-2171.130468 -1398.651414 -92.269065
-3556.476573 -2175.130672 -26.158843
-2852.517683 -1865.479227 -52.545334
-2785.035340 -1767.893391 -17.463530
-2162.890341 -1443.145267 -71.776461
-2739.925922 -1671.558343 -45.078740
-2505.141248 -1684.626217 -55.631599
-2981.310813 -1910.510959 -16.921824
-3244.772497 -2061.789972 -100.959571
-2349.977914 -1555.735752 -81.479751
-3420.565044 -2190.559291 -18.540345
-2843.277655 -1924.861475 -4.963597
-3148.642976 -2099.496294 -27.987392
-2647.315462 -1755.951450 -92.594299
-2523.688798 -1616.302248 -12.490513
-2708.022442 -1795.446154 -101.875586
-2587.128606 -1611.227315 -54.379131
-2434.832634 -1658.574680 -38.046224
-2400.415778 -1537.541371 -13.208798
-3115.299623 -1995.574669 -16.821788
-2644.790508 -1679.751230 -16.405494
-3760.077883 -2533.238817 -11.728174
-2469.464062 -1581.472262 -11.415916
-3361.756699 -2131.323575 -115.181536
-3685.199839 -2360.851250 -18.391670
-3554.805924 -2259.778217 -112.031607
-2900.713910 -1890.788086 -10.158420
-2801.917684 -1755.381294 10.345691
-3732.801597 -2475.687648 -140.339491
-3885.178045 -2512.678664 -111.714547
-2764.410905 -1833.496693 -103.630146
-2764.896066 -1833.852527 -103.686025
-2645.328202 -1680.092224 -16.371554
-2804.933737 -1830.497512 -99.516448
-3048.400005 -1960.064023 -11.931762
-3156.981588 -1994.080152 -112.684757
-2712.348509 -1764.349719 41.415061
-3119.633581 -1970.705852 23.808940
-2619.062882 -1631.651597 -57.180635
-3544.529577 -2238.911557 27.235776
-3463.505210 -2318.966792 -11.070744
-3844.558341 -2456.967119 -32.416336
-2993.604857 -1946.687045 46.095698
-3251.205542 -2059.540969 -17.818959
-3692.631717 -2338.993083 -18.348855
-2689.309207 -1805.780370 -0.273226
-2993.711066 -1946.320202 45.393398
-3131.224740 -1975.644977 -106.323468
-2647.307686 -1666.626375 31.754858
-2891.817493 -1869.531626 -10.255629
-3393.865879 -2296.552411 -5.610847
-3723.944551 -2513.658882 -85.422327
-2992.005981 -1888.965088 -101.382957
-3139.331050 -2074.864640 -28.928489
-2950.024246 -1954.711482 -92.753903
-2385.934553 -1490.795389 11.358008
-2961.112389 -1895.808250 -16.759538
-3875.298661 -2454.121839 -20.634718
-2985.997905 -1885.525418 -102.490722
-3321.186688 -2075.485960 16.765119
-3234.672486 -2042.258882 -99.114393
-3238.693199 -2160.594873 -28.848213
-2920.418221 -1866.485251 -24.134148
-2520.500592 -1671.277834 -11.304145
-3460.827748 -2297.079274 -120.955735
-3829.258839 -2607.315986 -60.123794
-2144.970083 -1432.692348 7.547477
-2793.429560 -1759.553774 -21.703738
-2917.210830 -1960.700334 -82.448519
-3322.369608 -2203.555438 35.611185
-2210.349438 -1453.396817 -40.580021
-3322.983791 -2203.949329 35.595923
-3439.946678 -2280.234129 35.278353
-3644.587927 -2415.048832 37.947148
-2182.383990 -1376.183690 -39.194770
-3434.083826 -2165.975391 -60.882869
-3326.977384 -2124.734204 -131.083008
-3273.157305 -2175.784675 13.134260
-2628.461773 -1630.550759 -62.970122
-3538.128132 -2353.502587 13.735520
-2229.358762 -1467.123718 -42.009735
-3751.577516 -2370.362078 -63.846468
-3799.367908 -2398.845374 -64.637849
-3318.921274 -2094.344181 -57.670797
-3634.058568 -2422.607886 26.793291
-2921.311573 -1952.306735 31.866731
-2819.911459 -1763.945152 27.183980
-3905.369790 -2442.944839 36.589788
-2103.110931 -1333.733952 -44.884588
-2530.252183 -1587.304950 -48.724717
-2436.318619 -1528.349189 -48.750943
-2597.519126 -1626.630819 1.198542
-2634.435568 -1724.604860 -64.702765
-2745.893190 -1777.727245 -58.726523
-3830.666001 -2467.973730 -166.483259
-3430.227850 -2259.171991 -64.108947
-3379.784924 -2271.515411 -91.429689
-2595.516140 -1616.591918 -7.750344
-3664.504453 -2392.491407 -129.419692
-3765.485803 -2346.400638 -10.684024
-2744.009710 -1710.029547 -7.910657
-2422.227951 -1509.856010 -12.782765
-3210.902597 -2157.423475 -88.611394
-3421.624479 -2117.424853 -32.986464
-3017.120085 -1980.877510 -45.852742
-2855.592707 -1766.354609 -24.647621
-3161.866755 -2044.474589 -122.025168
-3786.447698 -2469.762125 -57.361607
-3677.810492 -2337.766604 -87.354994
-2494.610718 -1574.603415 -49.331414
-2920.735054 -1807.598585 -62.970722
-2680.473570 -1749.561080 -55.415925
-3792.150596 -2475.687984 -61.830560
-2538.569949 -1692.499608 -79.519153
-3167.590990 -2070.867818 -53.289574
-2677.920085 -1750.818224 -45.184076
-2685.455187 -1753.383415 -55.988936
-2541.025875 -1572.359723 -54.372070
-2775.879791 -1866.707638 -29.431209
-2737.309844 -1741.330136 -67.304129
-2521.092091 -1654.026742 -80.267215
-3363.870334 -2213.188154 9.747587
-3884.209618 -2554.491398 11.257987
-3620.446762 -2220.252496 -34.356995
-3509.412059 -2300.674876 10.366204
-3933.237391 -2424.408618 -48.522056
-3490.196407 -2221.863193 -76.788153
-3579.926288 -2355.296475 -109.334041
-2621.378315 -1643.166744 -32.137056
-3363.727582 -2184.805306 -91.344839
-2575.379461 -1672.780376 -72.586088
-3385.371248 -2199.252898 -89.787169
-3182.170307 -2021.389465 -76.324602
-3296.575153 -2065.830834 -40.481761
-2898.423825 -1878.803351 -67.059695
-3334.825186 -2165.602040 -88.352303
-3148.171416 -2040.560971 -72.240434
-2496.889691 -1617.366494 -56.562510
-2797.078370 -1730.378933 -10.621244
-3329.938334 -2068.587128 30.303650
-2330.124668 -1447.311565 21.245936
-3227.075087 -2095.367002 -85.831926
-2788.783326 -1809.842789 -73.949248
-2692.473168 -1761.603974 -45.189757
-2382.247616 -1557.321531 -44.854549
-3023.024888 -1976.759074 -66.367276
-2532.701929 -1577.667471 20.700158
-2621.873622 -1667.113190 -42.303476
-3642.377615 -2383.187449 -79.613544
-3614.913839 -2345.177581 -89.621776
-3115.567809 -1923.557681 -25.339611
-2454.846903 -1561.246353 -39.672046
-2238.411484 -1400.664124 -80.108203
-3238.902202 -2018.225681 -24.141302
-3038.943345 -2044.861505 -53.998481
-3654.245188 -2300.739765 -26.412895
-3707.317618 -2327.033106 -26.170469
-3300.312831 -2112.230859 -62.049547
-3182.518212 -2004.999715 -23.691911
-3739.998361 -2316.857719 -35.203988
-2912.530719 -1835.987146 -21.293890
-2529.792813 -1696.727040 -42.415899
-3822.722754 -2356.645632 -58.517442
-2662.905199 -1758.421769 5.186778
-2479.765920 -1662.774221 -42.215318
-3468.189747 -2216.011804 -29.596053
-2512.681137 -1660.833146 1.441809
-2729.576607 -1747.231090 -62.523710
-3441.860739 -2226.692856 -101.919011
-3562.928307 -2363.856982 -68.950680
-3843.452750 -2456.175935 -31.957573
-2830.268746 -1910.225191 -74.419593
-2443.277461 -1507.033460 -63.973934
-2574.605780 -1594.262938 -23.987556
-2452.598468 -1518.755625 -38.578580
-2699.659470 -1819.413153 -35.533613
-3037.974149 -2045.740617 -54.515892
-2570.016013 -1662.974260 -73.918920
-3525.481888 -2376.730201 -46.713024
-3790.084290 -2390.804484 -105.081213
-3611.375871 -2214.706437 -80.439732
-2959.986968 -1996.360583 -77.868894
-3019.843197 -2005.756362 -70.835148
-2928.684636 -1813.261767 -27.500353
-2415.413894 -1584.606257 -1.987214
-3332.510878 -2128.793806 -27.581509
-2976.092317 -1878.725829 -82.033591
-2692.587347 -1771.899299 6.513269
-3401.875739 -2239.141699 8.806300
-2958.634871 -1994.924327 -77.775093
-2693.118403 -1772.783517 6.148765
-3540.366136 -2274.160475 18.592306
-2363.111701 -1581.680549 -37.099950
-3133.815295 -2029.969236 -131.780863
-3916.339030 -2406.441481 -52.879035
-3734.330166 -2370.721013 -34.554472
-3516.292948 -2206.410417 -132.801736
-3518.386324 -2341.908612 4.175128
-3431.171464 -2290.833881 -62.787423
-2279.740184 -1400.813585 -34.933850
-3690.767263 -2266.899825 -57.342302
-2841.732496 -1782.393669 -106.791792
-3827.143438 -2512.179345 -108.703187
-2529.751659 -1587.049558 -95.416340
-3652.795772 -2291.571161 -131.661333
-3553.022841 -2250.868543 -134.991260
-3250.174962 -2011.588978 -30.032107
-2641.462681 -1687.482643 -58.341692
-3399.472665 -2294.696205 -23.893817
-3564.716721 -2364.508057 -69.731142
-3001.957955 -1947.490417 22.570921
-3507.766852 -2204.200457 -123.248523
-2473.307291 -1656.719035 -38.138540
-2623.981909 -1747.969682 -66.681646
-2405.885721 -1509.080680 -90.776480
-2747.894463 -1784.726755 -100.118300
-2420.421075 -1510.135241 17.858811
-2974.650264 -1839.672509 -61.279045
-3526.712312 -2305.872641 -133.294128
-3135.604044 -1968.756499 -28.576703
-2351.158594 -1559.829762 2.175216
-2555.022752 -1694.672412 1.193631
-2686.238175 -1753.957911 -56.460592
-3747.232080 -2304.360043 -103.431515
-3550.535553 -2190.441400 -37.718529
-3565.838903 -2307.462573 5.424886
-3054.141240 -1883.907133 -32.486133
-3196.331991 -2026.068495 -40.582691
-2298.260406 -1528.759427 3.764324
-2295.883081 -1452.448653 -85.545954
-3115.220244 -2072.732637 5.408554
-2170.498695 -1380.236530 -52.450308
-2946.312721 -1864.083880 -110.030097
-2792.407825 -1754.602949 -24.854514
-2553.301207 -1636.130156 -43.065625
-3381.563230 -2080.030858 -91.900262
-2497.757493 -1669.558418 13.844786
-3737.992683 -2427.144621 27.576445
-2637.649316 -1657.595560 -87.656568
-3364.036596 -2222.958926 -13.751310
-3285.672984 -2100.793681 -65.557546
-3164.470653 -2016.101015 -80.967806
-3007.836605 -1903.085575 -23.526744
-3134.802831 -1960.707156 28.511014
-3365.542060 -2185.085976 25.847733
-3525.451891 -2361.826408 -53.547697
-3186.499297 -2133.138428 -48.001594
-3203.296885 -1955.096909 -61.918188
-2981.072297 -1889.649383 -77.870533
-2539.339526 -1583.925872 19.088118
-3676.484311 -2438.138674 -108.126062
-2654.449872 -1661.780198 -23.745638
-2811.760458 -1753.386111 -81.360831
-2464.428435 -1667.563686 -22.861531
-3638.886393 -2422.297494 9.814919
-3198.037691 -2017.535138 -87.657567
-2730.808968 -1674.234613 -50.869730
-2603.450799 -1595.976006 -48.183492
-3477.562349 -2256.250809 21.215361
-2730.291035 -1673.724937 -50.679050
-2953.052894 -1809.653982 -55.745782
-2241.049818 -1413.390490 -61.974371
-2975.327461 -1956.127023 -14.448160
-3252.571646 -2036.979242 -30.178577
-3031.829654 -1926.115309 -28.368887
-2841.924617 -1780.442519 -107.746092
-2451.401668 -1551.158127 1.242943
-2001.876393 -1305.930615 4.017498
-3681.056887 -2493.393586 -78.050261
-2520.946304 -1595.744558 1.184575
-2990.896496 -1863.473746 -65.963335
-3193.169916 -2081.374342 5.391075
-2774.317398 -1754.100800 17.999337
-2714.884696 -1744.339450 -109.902088
-3046.150886 -1928.405602 19.993144
-3237.586201 -2109.589222 2.549709
-3200.781198 -1993.804046 -52.995461
-3531.087978 -2297.155232 -52.578394
-3167.536708 -1998.093994 -117.028324
-2951.480861 -1924.340208 -44.697933
-3720.123204 -2438.960211 -118.939119
-2431.486759 -1539.385848 15.793137
-3267.952476 -2065.334546 5.681584
-3239.713074 -2033.215480 29.573089
-3526.278985 -2248.850105 4.885394
-2731.424306 -1780.405225 3.140444
-3368.534875 -2147.591400 2.964501
-3512.127443 -2228.494294 13.551875
-3934.853614 -2494.592604 14.148280
-3384.692167 -2292.135530 -7.105805
-3011.294575 -2038.816187 -62.839096
-2876.609677 -1825.283703 -31.517330
-2490.481572 -1612.908182 3.765590
-3109.802611 -2042.327924 3.131949
-2725.361163 -1776.937338 5.201252
-2412.829972 -1593.758567 -89.176757
-2723.429428 -1727.371001 -23.396610
-2250.278839 -1436.483076 -36.993747
-3382.580356 -2104.065219 -104.276522
-2668.322561 -1761.988573 -98.853108
-3732.868534 -2368.815083 -32.300818
-3611.347844 -2457.257669 -72.979423
-2375.137082 -1537.116774 4.882617
-2702.850830 -1785.554243 -99.780031
-3500.012734 -2218.335123 -90.722363
-3002.110084 -1935.785117 22.845607
-3776.149816 -2395.052239 44.064396
-2413.284462 -1610.094602 -25.542916
-3695.677758 -2487.355519 -33.370776
-3331.718703 -2223.485657 16.161232
-3781.190106 -2429.151801 19.385714
-2390.937663 -1468.045797 -10.353436
-2380.983637 -1568.118537 -4.799351
-2867.138034 -1801.612947 -42.720160
-2519.498638 -1665.158844 -15.721988
-2797.014621 -1893.907064 -67.943587
-2562.426330 -1599.954693 -68.370547
-2936.288857 -1808.139487 -3.126358
-2513.371275 -1645.680043 -5.544186
-2579.171451 -1583.271941 -60.042321
-3404.623731 -2158.176170 38.462949
-3149.846774 -2141.019686 -46.245753
-2592.969981 -1616.568284 26.073621
-3396.112473 -2297.427137 -3.225103
-3100.648059 -1969.581576 -17.692214
-2904.376956 -1949.054927 -0.254784
-3595.907861 -2449.222619 -63.314478
-2829.765363 -1875.590598 -111.949976
-2774.002998 -1709.256811 -69.784979
-3184.944974 -2060.301953 -60.206989
-2474.159592 -1682.000337 -36.137334
-3564.864488 -2222.273930 35.986491
-3522.763182 -2270.818507 28.217177
-3268.077759 -2188.753290 -39.100418
-2206.108682 -1366.516629 -5.351293
-3474.196602 -2223.765382 -19.261350
-2930.828765 -1911.089309 -11.465948
-3231.896649 -2100.326634 9.287225
-3714.763746 -2422.527891 -14.543746
-2565.122943 -1567.664149 -15.871899
-2552.194660 -1664.366926 21.629196
-2538.116143 -1700.681769 -40.129930
-3653.614775 -2293.889707 -131.268019
-3689.762981 -2406.937522 31.399808
-3272.397052 -2126.489869 9.514568
-3707.664280 -2266.720773 -23.521459
-3635.288657 -2352.720990 -59.321795
-3789.491675 -2464.136651 10.404692
-2440.740965 -1592.430760 21.110189
-3188.203917 -2064.501788 -52.500061
-2911.320859 -1797.446750 -80.487754
-3167.532171 -2138.534752 -46.284980
-2415.187980 -1532.536295 -63.477601
-2534.541592 -1678.280554 -64.210782
-3275.821498 -2211.256844 -47.960208
-3632.614024 -2342.172601 29.104108
-2774.461584 -1739.397178 -0.077330
-3521.855884 -2269.967204 27.541580
-3247.358587 -2056.556012 -68.452173
-3691.709359 -2337.540424 -77.648625
-3192.931485 -1980.394966 -111.588586
-3189.725469 -1978.416452 -111.507245
-3043.788874 -1922.920294 -74.531994
-3425.768836 -2161.775060 -126.636601
-3505.623724 -2337.022214 -37.330952
-2695.618826 -1808.795799 0.544030
-2868.102735 -1892.272364 -75.795673
-3870.619979 -2421.452437 -122.575231
-3361.596439 -2251.053986 -26.640355
-3079.921909 -2065.215051 0.140781
-3270.311037 -2193.829978 0.567759
-2895.803611 -1809.883816 -30.916957
-2426.958469 -1503.402029 -5.120724
-2492.487409 -1672.435073 0.945039
-2680.449267 -1806.924752 -39.220498
-3305.592714 -2107.344317 3.316763
-2699.820459 -1655.865872 -62.612523
-3559.163688 -2232.221563 47.456642
-2969.202509 -1858.498263 -94.098279
-3854.092653 -2455.688031 3.467210
-2725.371411 -1662.152654 -33.358484
-2360.441282 -1583.146566 -56.645411
-3107.985265 -1894.998549 -36.175145
-2869.762159 -1749.191736 -34.333590
-2330.513191 -1568.639053 -12.686963
-2666.065347 -1697.907276 32.834321
-3691.968983 -2383.531807 20.742308
-2761.709407 -1734.909311 -90.092318
-2523.357112 -1595.643902 -36.245828
-3687.423408 -2348.145519 45.829258
-2722.792923 -1844.220233 -9.301114
-3795.367821 -2525.472573 -46.903183
-3377.122824 -2124.877350 33.080158
-2437.861753 -1560.038147 -90.849086
-3789.265618 -2482.406402 -85.539416
-3757.556676 -2402.370349 -106.110243
-2583.077731 -1724.410917 -33.682331
-3883.896303 -2490.162388 -136.903662
-3416.975269 -2184.998226 -119.194957
-2883.964294 -1862.358962 15.039565
-2595.781874 -1676.030069 13.763961
-3511.928649 -2178.400772 -68.447933
-3456.997240 -2242.596924 57.173020
-3118.855676 -2034.434331 8.254050
-2859.482065 -1803.796373 -26.651555
-2616.006570 -1764.783561 -42.534218
-2651.977686 -1731.785159 7.761648
-3889.498247 -2447.804497 -52.700570
-2888.488557 -1823.303788 -27.606124
-2618.250200 -1727.962827 -85.423965
-3493.185006 -2207.584418 -50.565648
-2761.545190 -1872.649281 -20.341627
-2216.989779 -1503.161201 -16.399488
-3725.898250 -2473.999066 28.267662
-3394.352556 -2267.370192 -56.788013
-2511.635244 -1605.104855 -88.997560
-3548.416876 -2268.054281 -125.852053
-2450.664910 -1526.593899 -75.905822
-3109.346370 -1937.720332 -95.365911
-2285.886173 -1457.320851 -59.053310
-2830.933401 -1818.140002 -108.269753
-3393.779965 -2179.986245 -123.613789
-3715.531317 -2379.368403 7.681969
-3877.552406 -2432.122669 29.039080
-3248.981597 -2143.692410 -83.144519
-3354.202981 -2054.928926 -29.797017
-3467.133731 -2184.889193 32.536218
-2946.088730 -1913.593063 -55.759840
-2448.535068 -1591.752742 2.219392
-2812.566738 -1724.262352 -24.898393
-3400.331705 -2095.980153 -77.006094
-3836.424680 -2510.256343 -129.412717
-2445.376630 -1534.130821 8.414387
-2786.242508 -1823.794252 -94.095981
-3457.438895 -2240.487130 -53.765187
-2718.421782 -1745.017757 -102.254927
-2625.111162 -1641.920914 -36.195891
-2449.190809 -1597.270450 15.556026
-2320.346658 -1561.233383 -23.143355
-3004.893494 -1959.902072 -93.999774
-2958.121581 -1814.140829 -27.564786
-2982.258498 -1937.361757 -0.148029
-3003.029236 -1958.903604 -97.597308
-2487.043786 -1559.934090 5.612954
-3884.120798 -2401.489572 -106.112440
-2984.054532 -1938.106046 0.138868
-2860.552027 -1793.877272 6.944599
-3403.336873 -2212.682331 -102.316151
-2375.280295 -1544.228445 -69.793018
-3502.863986 -2275.614370 0.371048
-3238.585455 -2083.531394 -56.832625
-3221.141431 -2100.449257 18.637320
-2570.427298 -1662.544216 -90.865826
-2493.068804 -1618.151361 -5.200263
-2489.811671 -1587.862846 -20.260848
-2631.892032 -1708.365127 -6.490443
-3212.855352 -2000.653833 -8.626069
-2847.403771 -1871.194998 -87.961558
-3678.076214 -2252.278513 -31.881096
-3409.149042 -2160.303427 -95.600368
-3569.140535 -2309.159240 -121.759266
-2644.141206 -1779.148508 -25.997003
-3806.795799 -2383.672193 -61.596034
-2616.110509 -1637.610091 -43.318981
-2915.352412 -1894.004851 -58.215255
-2895.675868 -1872.456206 -103.398076
-2738.438660 -1778.522852 -4.038542
-3199.415931 -2088.601520 -117.748949
-2445.148129 -1569.305970 -85.142365
-3566.054957 -2317.731576 -105.842392
-2719.285737 -1678.215974 -52.557515
-3502.673696 -2243.891160 -110.522699
-3121.982769 -1920.070724 -32.764413
-2807.090857 -1824.278614 -37.778803
-2524.997401 -1642.163013 -52.797509
-3175.617358 -2057.769245 -114.835519
-3572.931003 -2315.609893 -128.827988
-3570.606304 -2315.655489 -126.590055
-2872.111732 -1863.214006 -100.779051
-3364.211225 -2156.360831 -84.527865
-3161.583494 -1979.875469 -88.841395
-3384.039170 -2197.570819 -120.874543
-2612.967280 -1698.056253 -101.687030
-2641.132641 -1699.569620 -73.079451
-2825.769913 -1838.452187 -62.916149
-2881.561057 -1874.677103 -109.081737
-3578.862823 -2294.026100 -89.140670
-2516.562286 -1595.487343 -92.399725
-2933.750005 -1823.531174 -45.076854
-3812.164297 -2479.827146 -80.016975
-3202.251305 -2002.589239 -75.025148
-2494.956444 -1608.055252 -55.837386
-2092.475079 -1355.207232 -76.397635
-2710.320912 -1755.347373 -99.018875
-2759.476257 -1798.659479 15.798041
-2456.375042 -1596.609203 4.091684
-2278.005680 -1480.332283 -75.218857
-2847.821712 -1858.002629 -92.812834
-2594.152498 -1707.529441 8.402847
-3014.517495 -1958.245996 -87.060939
-2281.242748 -1528.036744 -20.319703
-2402.824953 -1519.789184 -74.132996
-3930.893382 -2486.232900 -119.600579
-2498.010806 -1627.533092 -57.259549
-3438.705871 -2226.169552 -123.411548
-3068.069637 -1876.333695 -20.104328
-2665.167442 -1725.409264 -94.279985
-3779.620683 -2351.480312 -80.787612
-3750.258561 -2428.677309 -136.833428
-2733.850622 -1770.530635 -97.218211
-3399.109541 -2144.936513 -31.008240
-2399.800605 -1547.868303 -52.949294
-2966.066268 -1897.225821 -102.961037
-2955.706681 -1903.053477 -106.777229
-2572.801676 -1656.534210 -99.891752
-3869.797550 -2474.197009 -142.122842
-3361.952024 -2164.766160 -119.623407
-2503.190359 -1612.118350 -89.857039
-3493.361283 -2250.108406 -119.267083
-2926.052021 -1924.496590 -90.104215
-2523.082177 -1563.819050 -56.570874
-3912.373640 -2520.821436 -132.647413
-2747.876585 -1770.533925 -99.618628
-2958.278635 -1906.284607 -100.631517
-2150.470891 -1384.240694 -83.624003
-3833.099273 -2410.549453 -35.291113
-3047.314314 -1955.326786 -115.007891
-2735.116891 -1755.899983 -101.586473
-3775.322772 -2327.763272 -10.033701
-3483.822770 -2335.825910 -116.449182
-3075.167254 -1972.171199 -105.285144
-3870.470346 -2482.183629 -135.018162
-3099.529570 -2005.264417 -86.651349
-3074.470815 -1971.632119 -105.301118
-3921.583900 -2512.657579 -144.376547
-3316.338833 -2124.605554 -121.777709
-2744.692681 -1758.041492 -98.558469
-2720.077426 -1781.637322 -35.598395
-3875.332057 -2481.928626 -137.110884
-3512.607584 -2249.169655 -128.626084
-2312.283389 -1480.287676 -81.312385
-3239.398600 -2082.802825 -118.646484
-3343.016878 -2242.134042 -112.254783
-3854.555437 -2448.875009 -33.133925
-2317.365398 -1484.688297 -86.833806
-2475.830725 -1617.599844 -71.879254
-2633.237440 -1662.506434 -87.611769
-2944.716661 -1921.513431 -77.202516
-2425.977161 -1505.594904 -12.876385
-3234.482390 -2088.924135 -122.190050
-3831.569107 -2500.794415 -105.424031
-2749.910547 -1795.091330 -77.320716
-2399.214083 -1549.530058 -90.145372
-3422.743314 -2279.539565 34.752417
-3572.121559 -2378.780090 36.326658
-3177.093700 -2001.169881 -52.285229
-3609.128459 -2296.929077 -132.389962
-2464.744852 -1547.768731 -58.838226
-3582.432198 -2279.616759 -134.565583
-2598.690857 -1700.975296 -83.217908
-3422.112646 -2273.375834 39.469544
-3746.377532 -2488.097473 30.833259
-2257.419890 -1403.489415 -7.554651
-3001.400873 -1959.016109 -94.845978
-3320.667251 -2130.954149 -115.329655
-3206.949097 -1994.328550 -11.131938
-3075.484639 -1988.238378 -108.892021
-3189.409268 -2062.225934 -112.477373
-2562.609214 -1672.050229 -67.107269
-2338.255822 -1498.496091 -58.384919
-2453.455471 -1581.696732 -90.220743
-3530.488678 -2276.693389 -127.885668
-2574.208898 -1692.529465 -43.530299
-3160.996110 -1980.663449 -87.548241
-3416.178321 -2203.141330 -124.522420
-3159.969754 -2038.138060 -107.898466
-3287.205384 -2120.583601 -118.635426
-2407.213912 -1493.303392 -12.891462
-2245.109232 -1505.161524 -74.704099
-2495.982086 -1625.519398 -59.748522
-2600.579776 -1734.227009 26.480431
-3888.341924 -2509.645727 -137.920506
-3022.984267 -1970.692472 -77.330995
-2980.671864 -1897.970084 -109.784216
-3426.091950 -2283.188271 35.805817
-2420.067738 -1540.726035 -88.062474
-2812.629580 -1885.628956 -93.432101
-2744.161350 -1755.928920 -96.492176
-3424.567391 -2219.175419 28.317777
-2406.446624 -1568.986885 -82.556921
-3891.033579 -2454.606160 -122.726326
-2586.239304 -1716.569159 -5.628584
-2776.419708 -1707.044209 -46.936591
-3388.663157 -2083.218072 -52.558197
-2951.720237 -1959.500897 -107.277963
-3429.401403 -2204.525085 -67.592595
-2457.546293 -1534.762796 -19.517044
-3540.393777 -2204.411500 -36.283259
-3236.088981 -2015.224621 -32.697557
-2339.009968 -1466.591188 -69.248389
-2777.605224 -1762.027857 -102.954232
-2412.629586 -1531.853789 -85.957533
-3772.502132 -2395.468833 -133.703551
-2759.819233 -1818.332220 -72.836478
-3732.983575 -2340.489178 -110.710793
-3405.617147 -2235.254466 -126.066932
-2539.806389 -1617.764066 -85.014032
-2477.471367 -1590.954938 -78.379674
-2620.984374 -1612.205491 -40.755206
-3257.771007 -2154.768304 -18.624584
-2136.496498 -1409.176826 2.675484
-2668.134767 -1722.171559 -88.965985
-3210.748312 -1976.038552 -68.051979
-3194.115595 -2104.532294 -84.493761
-3268.701763 -2110.253371 -109.153167
-2468.252752 -1632.467671 6.122983
-3711.761799 -2456.306623 -27.217696
-2542.604792 -1568.649931 -71.789789
-3504.468975 -2162.616138 -99.245846
-3342.435783 -2158.214256 -111.079447
-2506.558890 -1661.187766 -0.311684
-3927.711550 -2496.969549 -150.668810
-2306.818222 -1445.837735 -67.616561
-3745.060656 -2479.132132 -111.989647
-3600.020685 -2309.207197 -84.168271
-3758.795146 -2528.655942 -12.386021
-2028.066094 -1358.850918 -47.409016
-3710.713176 -2399.911437 -122.680027
-3061.455818 -1873.937574 -47.074745
-2824.183433 -1826.065294 -93.777573
-3376.912546 -2125.173114 32.950348
-3115.852038 -2076.767954 -21.374224
-2879.521826 -1928.785671 -66.611779
-3599.883663 -2265.794424 40.817926
-2182.226669 -1467.224568 -4.035794
-2519.258095 -1679.684364 -18.053673
-2332.239543 -1501.154853 -91.059283
-2345.324855 -1509.199089 -91.332249
-3518.321569 -2356.509882 -71.434584
-2454.093867 -1526.561629 -78.191164
-2792.706150 -1794.040284 -88.393591
-2567.361438 -1731.135779 -18.158155
-2736.265320 -1757.156335 -86.201675
-2245.615578 -1470.297765 -28.953835
-3146.211201 -2082.602022 -94.506242
-2331.341743 -1482.760508 -89.561735
-2949.509446 -1858.377158 33.301479
-2448.082814 -1534.292029 -72.029624
-3237.227655 -2142.558539 -98.235699
-2652.131973 -1670.938148 30.333783
-3894.150882 -2504.853533 -152.653162
-2346.952667 -1562.287924 5.732702
-2891.611707 -1904.816697 -102.368114
-2500.926438 -1564.364152 -75.239569
-3448.566857 -2296.589275 -66.040216
-3030.691823 -1946.390172 -95.493012
-2483.412577 -1680.808192 -8.044448
-3502.489582 -2244.498336 -111.454686
-3442.228487 -2171.033899 -114.899761
-2956.452667 -1976.143838 3.109500
-2690.919219 -1683.731971 -80.986042
-3390.790542 -2187.792132 -113.136526
-3553.665619 -2344.474594 4.001552
-2828.240602 -1902.587830 -43.261654
-3431.762349 -2239.388712 -3.524540
-3004.952587 -1994.926148 -94.344876
-2990.304118 -1970.475303 -79.389951
-2641.286969 -1704.919214 7.297912
-3249.130138 -2128.696093 -17.230841
-3661.761566 -2397.889809 3.522901
-2697.310527 -1813.789819 -36.441990
-3067.116848 -2062.543030 -41.396574
-2404.324781 -1589.981504 -67.173981
-3446.042293 -2211.378859 -108.543473
-2400.037861 -1614.090359 -31.764932
-2536.616808 -1706.052994 -34.596246
-3249.060437 -2089.591836 -61.737220
-3868.874806 -2474.460922 -18.601547
-3261.480179 -2136.198625 4.475664
-2501.985637 -1687.235324 -49.680278
-2398.238970 -1589.072728 -65.168940
-2906.744242 -1964.404110 -60.775253
-3159.497429 -2135.005948 -66.228965
-3661.022612 -2297.474061 11.376920
-2821.435995 -1818.705063 24.057416
-3186.583390 -2127.422356 -48.961719
-2958.645651 -1906.487679 -99.841463
-3629.908421 -2338.725105 32.152918
-3504.988029 -2256.869107 -114.837402
-3462.425375 -2230.677782 28.775205
-3163.915430 -2002.908080 -117.900559
-3082.179869 -2016.926970 -13.483727
-3022.388831 -1946.609787 26.740306
-3672.493462 -2371.075747 -156.686746
-3746.103924 -2311.396862 -71.724893
-3390.344103 -2231.625226 -112.284291
-3407.654874 -2273.212174 -117.810924
-3454.834365 -2110.870941 -77.385621
-3243.597678 -2031.011098 23.088846
-2990.411301 -1914.181199 -14.405331
-2816.668308 -1749.662552 -30.384585
-2493.670625 -1553.694651 -46.517989
-3758.322506 -2398.333425 -30.869068
-3439.479825 -2176.163958 -90.563158
-2469.901574 -1576.541110 -21.252603
-2745.783373 -1806.309232 -9.947823
-3328.293372 -2194.693733 3.475620
-2839.383419 -1868.210966 -10.064340
-2759.833402 -1833.621265 -58.163025
-3376.755911 -2092.647227 18.853004
-2738.308818 -1761.785283 17.020876
-2425.092261 -1595.547850 -5.441220
-3343.907280 -2064.681619 -52.092841
-2970.380012 -1874.522395 -98.836130
-3674.264181 -2363.508476 -69.873623
-2454.361728 -1521.290031 13.632765
-3221.819308 -2170.085399 -64.006614
-2312.203548 -1487.260843 -45.352273
-1911.769327 -1256.972882 3.441272
-2311.291374 -1473.623113 -66.888711
-2598.694693 -1672.213711 -50.895351
-2724.558175 -1786.414278 -13.828093
-3525.057968 -2201.799491 -106.214686
-2405.299932 -1547.428670 -46.939271
-2891.243505 -1806.407393 -23.710742
-3865.851289 -2387.964253 -61.692158
-2483.764124 -1687.714319 -55.776371
-2715.186720 -1750.284520 -91.220454
-2508.547528 -1588.833318 -24.629799
-2501.223577 -1686.155685 -49.662038
-3722.087940 -2344.281245 -74.590358
-2709.811671 -1739.823872 -56.396796
-3528.118994 -2217.956204 -33.834315
-3351.172987 -2077.963499 -36.679673
-3096.573044 -1999.126644 -109.886474
-2881.421038 -1827.370966 -98.060297
-2604.975344 -1630.086681 -59.590325
-3641.144638 -2368.165133 6.624117
-2992.409211 -1904.172332 -13.585906
-2325.896347 -1530.656777 10.887510
-3140.048253 -2002.349671 -48.886889
-2454.049221 -1614.824221 11.474559
-2530.165032 -1610.545464 -11.304522
-3007.961834 -1947.286031 -109.258925
-3675.549595 -2493.201133 -83.950566
-2960.725587 -1902.989194 -102.581127
-2614.248257 -1711.345130 -11.814355
-2959.816252 -1902.352875 -101.963654
-2611.533365 -1690.088602 -93.937682
-3238.880114 -2132.599586 14.368033
-3753.930907 -2430.275515 -136.066304
-3157.347137 -2044.183516 -115.267759
-3102.149911 -2006.602233 -112.353024
-3503.944500 -2355.817858 -20.675648
-2883.230133 -1930.862699 -64.564465
-3505.192083 -2162.633064 -98.856991
-2478.506017 -1625.529255 -51.446887
-3198.248207 -2097.462252 -66.437118
-2777.085293 -1813.644367 -93.054321
-3250.214446 -2171.112455 10.565963
-2834.517764 -1756.035906 -34.504612
-2526.925968 -1649.533970 -68.597875
-3237.106725 -2142.505359 -0.842149
-3007.493553 -1928.959711 -129.185151
-2953.350049 -1927.810566 -80.827353
-2530.810798 -1680.219610 3.003345
-3646.463348 -2422.416319 5.531996
-3638.149321 -2417.552093 3.229313
-3279.607667 -2099.050351 -64.754609
-3024.137707 -1902.418248 -64.435242
-3176.414743 -2056.227939 13.647870
-3085.889349 -1997.506952 18.872831
-3293.910925 -2057.391064 -12.099895
-3056.290073 -1923.575831 -114.711238
-2057.612046 -1257.847681 -42.995189
-3054.158501 -1923.252791 -114.578462
-2583.855408 -1674.425999 -84.283183
-3658.568403 -2299.518176 -77.763054
-2932.041956 -1872.926000 -31.710685
-2938.955128 -1819.797681 -35.161951
-2087.055304 -1288.361057 -57.821131
-3311.872831 -2191.729534 33.329680
-3773.441413 -2488.491388 -6.899828
-3022.553279 -1901.265072 -64.332666
-3515.677843 -2249.875300 -69.452118
-2687.382038 -1747.858966 -57.329361
-3007.735337 -1989.056728 -100.751227
-2706.416511 -1683.522596 -86.381505
-2778.841363 -1837.783569 -93.799580
-3365.470361 -2144.347559 -36.141692
-3910.550721 -2461.083672 -84.136318
-2479.832258 -1651.128296 5.857013
-3018.870522 -1996.415718 -102.098571
-2918.757860 -1915.046157 -30.409305
-3011.357571 -1928.736712 19.641189
-3344.094737 -2247.857657 -19.099270
-3193.775541 -2128.203397 -61.034851
-2844.388252 -1896.253745 -55.254758
-3031.755766 -1898.346622 -67.459321
-2768.811167 -1766.216681 -24.097081
-3507.968273 -2172.073823 20.226250
-3439.878913 -2244.097921 10.324374
-2443.444966 -1595.790014 -12.429017
-2672.869690 -1706.151160 -80.208317
-3541.439795 -2302.447678 -67.627046
-2986.337710 -1948.310169 8.818442
-2918.706544 -1835.668163 1.492344
-3633.942368 -2302.721846 3.705489
-2733.545836 -1756.418185 -9.027569
-3218.122557 -2173.451726 -67.489476
-2518.417265 -1695.291727 -66.539815
-2436.796711 -1597.381436 -13.119743
-3021.845175 -2041.139955 -63.970242
-3919.556541 -2498.715090 -85.276427
-2912.947467 -1832.387234 1.704927
-3144.274424 -2004.108391 -68.679832
-3503.818089 -2267.570879 -129.273680
-2930.168651 -1844.902735 -1.373028
-2529.303766 -1643.340671 -2.738591
-3143.231400 -2003.557478 -68.649396
-3210.045944 -2163.984167 -53.051423
-3791.462900 -2522.413479 -143.172689
-2975.005473 -1951.141032 -14.975264
-2625.025766 -1723.215905 -78.070758
-2319.037569 -1520.570519 -11.395615
-2907.254283 -1780.477855 -80.032948
-2449.326590 -1518.431318 -53.855176
-2761.398927 -1729.827842 19.681216
-3268.897863 -2124.682335 -53.945461
-3910.882060 -2451.534187 -86.871623
-2322.726458 -1478.246898 30.769808
-2712.030911 -1809.715584 -14.049601
-3246.679289 -2172.178304 -22.257408
-3859.102242 -2392.631370 -84.883392
-2580.832685 -1638.009039 -9.308852
-3941.356680 -2485.241783 8.973566
-2790.172165 -1789.700618 -91.544481
-3351.015431 -2188.533493 -7.993609
-2872.705896 -1924.304924 -70.628196
-3175.255405 -2079.150515 5.489621
-2397.019772 -1569.997252 -75.651658
-3159.038150 -2141.667116 -73.889046
-2850.143322 -1898.422013 30.493181
-3278.635277 -2174.857598 -4.574147
-2901.311912 -1932.752029 30.798621
-3358.070609 -2149.264534 13.059664
-3046.468564 -1923.354574 -100.642541
-3157.226780 -2034.697797 -76.624164
-2711.722735 -1702.156450 -78.934780
-3054.116364 -1941.275659 0.678876
-2499.964421 -1611.220531 -60.650647
-3907.776981 -2492.931132 -137.919987
-2708.312845 -1747.450454 -67.523958
-3634.087841 -2236.130384 -25.519465
-2972.423700 -1844.304234 -105.826113
-3763.545571 -2427.476103 -93.976997
-3548.437191 -2210.078867 -34.080035
-3198.441310 -2033.213303 0.218459
-3505.696758 -2287.467994 20.131490
-2573.731962 -1676.640553 -87.416922
-2686.259119 -1788.889883 28.978252
-3267.456287 -2114.005542 -119.864430
-2650.847450 -1651.110494 -25.519580
-3371.299490 -2196.425576 -113.916989
-3175.949789 -2026.729076 -112.527067
-2497.553846 -1664.628166 -18.081924
-3369.578314 -2195.200228 -113.865273
-3197.233829 -1976.751571 19.760748
-3000.581176 -1896.440075 -61.699887
-3415.174918 -2273.838924 35.468198
-2507.800480 -1602.362412 -91.649419
-2332.675200 -1441.782032 13.356541
-3715.736452 -2333.761112 -146.131561
-3861.266138 -2447.282907 -8.495249
-2368.081543 -1514.711452 -56.028327
-3020.953496 -1995.108081 -76.704842
-3207.028881 -2014.341955 -127.038310
-2905.368562 -1861.869085 -72.234423
-2868.302789 -1832.761313 -117.943993
-2512.039496 -1640.555036 -14.288728
-2687.461668 -1700.237140 -55.378847
-3055.427176 -1863.426201 -35.100971
-3203.110439 -1953.427465 -36.459186
-3616.158314 -2314.612017 24.606578
-3128.153002 -1992.498950 -51.330917
-3128.353579 -1991.783469 -51.561548
-2646.565463 -1684.415182 -42.704616
-3787.790052 -2413.872962 -140.377888
-1992.971253 -1262.376349 -5.287804
-3715.744028 -2426.663447 -22.263736
-2929.211747 -1844.408795 11.693953
-3142.327999 -1980.810617 -3.012943
-3853.337471 -2429.376187 -3.199281
-3792.185849 -2433.793378 2.289679
-2343.216758 -1434.939469 -11.024597
-3347.637608 -2127.144679 4.533550
-2516.024399 -1592.521091 -5.850016
-3182.875232 -1984.325431 -84.240211
-2714.403890 -1759.251356 45.727936
-3256.755456 -2110.754026 55.377669
-2977.933131 -1899.468992 -89.358205
-3262.551788 -2089.961492 4.484704
-2973.337731 -1901.220924 -80.747669
-3109.287764 -1938.783756 -84.154087
-2786.834987 -1853.152313 -97.643008
-2503.182434 -1629.477953 -83.143561
-2718.185399 -1763.286210 45.052853
-2977.904206 -1934.940163 -87.264832
-2124.182346 -1404.977113 -16.089045
-3589.142565 -2380.406759 -7.457666
-2841.926731 -1854.650190 -11.418546
-3663.378356 -2330.000463 -131.976064
-2951.180295 -1973.908082 2.695422
-3099.651693 -2043.900154 -6.020032
-2616.010355 -1665.041181 -94.521381
-3044.133948 -2044.012324 -52.071863
-2368.493333 -1590.211360 -40.302565
-3645.877685 -2447.390034 -62.522083
-2724.633147 -1771.252860 6.448762
-3475.090005 -2258.221855 5.704864
-3248.163261 -2109.437592 4.215751
-3463.730778 -2220.067473 -7.564323
-3300.491016 -2143.721401 0.951532
-2878.400013 -1864.359312 -99.169718
-2848.693641 -1843.991514 -97.731080
-2824.850598 -1760.350214 -99.489053
-2890.795910 -1800.906216 -101.658866
-2524.552225 -1572.423515 -88.964581
-2548.983253 -1709.289166 -30.684176
-3710.649615 -2316.059164 11.356942
-3053.523492 -1945.023965 -117.972281
-3023.526922 -1934.111361 -112.874134
-2839.266724 -1815.809655 -14.459767
-3034.203611 -1981.023911 -80.526272
-3422.197281 -2180.265362 -72.405376
-2473.054617 -1587.712019 -52.655528
-3688.216742 -2359.238668 -18.947508
-2740.146476 -1759.085704 13.401776
-3212.672732 -2134.949408 -67.118762
-3619.152191 -2278.068555 34.770061
-3496.612449 -2252.896526 -80.161256
-3675.335694 -2412.052407 -129.361963
-3330.678013 -2202.435367 -26.233299
-3645.656899 -2443.912702 -71.712264
-2771.078198 -1761.356578 36.084037
-3225.031430 -2147.010151 -101.137146
-2651.700020 -1691.223039 -82.546899
-3839.022317 -2560.251931 -113.666525
-2645.963346 -1692.877453 -13.447321
-3018.158638 -2023.935039 -58.921790
-3028.074372 -2015.560254 -95.639231
-2385.953624 -1479.931675 -47.068126
-2269.155131 -1509.653611 -71.395853
-3409.934151 -2096.493150 -29.459494
-3355.980371 -2233.672418 -118.694610
-2716.093049 -1773.265534 -73.271803
-3095.576248 -1919.136173 -85.084899
-3908.255095 -2491.862947 -42.777823
-2498.965906 -1561.699672 -8.974807
-2680.501053 -1721.566017 -54.721604
-3457.831774 -2322.747542 11.223131
-3080.701504 -2070.002987 10.088395
-3747.313892 -2341.564651 -14.336671
-3694.811927 -2459.363923 -1.316096
-2967.034251 -1972.866115 -4.731297
-3017.474000 -2005.766245 -3.536888
-3281.406106 -1999.536192 -27.866535
-3006.501824 -2002.935145 -106.674755
-2976.228913 -1898.034310 -89.680007
-3580.644524 -2270.825492 32.397903
-3677.955903 -2316.991241 -1.130760
-3205.427015 -2030.375061 16.957923
-2860.263211 -1808.263489 13.093238
-3422.852823 -2118.447485 21.743634
-2541.935446 -1572.505771 16.535683
-3107.323893 -1978.641634 -118.902131
-2340.387878 -1494.084181 5.660386
-3697.496112 -2444.702270 -28.385237
-2518.582778 -1694.911454 -67.026816
-2339.175463 -1580.344001 -41.721768
-2522.039464 -1587.831291 23.893793
-2217.187258 -1439.670683 -33.028913
-3568.205054 -2341.443330 -125.182550
-3590.216814 -2416.255168 15.384153
-2404.096719 -1507.498455 16.834454
-2780.506323 -1709.544899 -57.592348
-2863.112357 -1772.171448 -85.630321
-3277.754884 -2004.802146 -18.071506
-2761.285417 -1796.946050 -36.184587
-3921.023841 -2399.647984 -0.524289
-2794.656126 -1754.037081 6.034379
-2207.523983 -1474.536728 -37.094633
-3516.876917 -2352.442831 -6.568736
-2885.437203 -1812.120063 -95.396271
-2902.357118 -1798.347131 -71.753295
-2274.171503 -1506.525030 -50.789575
-2359.112054 -1462.088958 -37.123206
-2954.985929 -1802.919069 -50.591503
-3410.703006 -2220.352200 -142.487215
-3504.281668 -2221.871269 -120.860128
-3503.602782 -2299.919791 -32.972121
-3429.693464 -2276.627522 -24.693866
-2932.680763 -1840.241806 -7.182735
-2830.471106 -1863.124489 -20.271304
-3429.123864 -2256.158189 -25.278393
-3664.242315 -2289.400628 -112.025427
-3434.073056 -2323.674410 1.196153
-3476.181371 -2352.401310 1.261471
-2273.945373 -1486.685973 -70.368181
-2993.143868 -1871.404433 -92.197850
-2314.835801 -1525.746848 -71.800726
-2712.110507 -1732.475095 -106.027078
-3007.993150 -1849.518505 -31.394088
-3707.964724 -2425.222141 -115.188636
-2995.017525 -1882.057124 -31.351046
-3398.791511 -2238.280570 -105.935128
-3725.635394 -2392.460628 -82.436160
-3385.451720 -2254.917022 -34.585329
-2463.341697 -1586.731184 -90.841888
-3100.617635 -1997.149704 -112.560356
-3137.067741 -2089.492740 -31.920307
-2689.903691 -1771.526047 -83.664524
-3385.615875 -2255.082954 -34.506350
-2804.842798 -1900.780623 -58.084073
-3380.569191 -2162.350775 -74.793628
-3817.499948 -2353.879128 -10.704263
-2817.213647 -1837.996892 -96.692406
-3253.685847 -2105.116959 -107.282626
-3524.497998 -2345.737463 6.070486
-3397.574974 -2203.054454 26.715606
-3845.227490 -2559.366257 9.581072
-3369.132398 -2146.636861 -72.845313
-2959.747014 -1885.561357 -63.738198
-2848.481470 -1813.969670 -62.924872
-3568.777937 -2319.498150 -103.284570
-2154.441368 -1448.370017 -4.042957
-3309.255201 -2071.686769 -44.824583
-3213.334029 -2000.840961 -8.931598
-2872.055806 -1785.807640 -10.207678
-3237.724559 -2184.745477 -15.497517
-3833.770063 -2383.094063 -14.149144
-2998.279313 -1863.219694 -11.882734
-3040.741288 -1928.242907 -31.625004
-3692.806962 -2502.645594 -48.318711
-2463.149141 -1586.548887 -90.875547
-3620.482596 -2217.558804 -37.631582
-3060.813282 -1940.610038 -104.709285
-3422.040396 -2219.130078 26.647902
-3953.579881 -2424.028238 -42.023184
-2764.718081 -1801.525754 11.381198
-3190.125285 -1982.747877 7.290168
-3339.252924 -2132.565119 -130.902854
-3220.609862 -2066.674362 -137.346880
-2323.256618 -1439.893091 -62.219791
-3707.112487 -2465.355481 -116.213956
-2654.644683 -1737.585238 -58.875939
-3178.429244 -2046.415914 -88.406277
-3004.598883 -1852.150513 -30.838779
-3394.606095 -2185.558796 -94.904880
-3266.218725 -2033.446388 -69.990732
-3063.175939 -1927.912020 -7.587697
-3400.967618 -2238.787039 10.315457
-1916.716523 -1236.216636 -41.643007
-2958.466069 -1915.711014 -63.384033
-2817.325115 -1890.001965 -48.666013
-3012.959067 -2021.739386 -51.706570
-3145.892861 -2121.588628 -82.987204
-3319.694620 -2166.127775 -114.439131
-3891.971137 -2458.087789 -120.979054
-3007.415026 -1866.735197 -31.010196
-3005.341266 -1933.241942 -55.588151
-3103.813105 -2074.155272 -80.915851
-3587.459197 -2194.727861 -74.360721
-2843.471551 -1863.142256 -95.036377
-3445.214720 -2205.411868 -17.527877
-2804.268717 -1821.895382 -100.847596
-3289.521387 -2056.585963 -78.084984
-2344.655937 -1570.647859 10.378856
-3261.049279 -2183.099844 14.755364
-2580.186777 -1590.703297 -26.865860
-3363.864050 -2157.730723 -144.220955
-3585.062914 -2437.908011 -80.922453
-2360.850440 -1460.317420 -49.297078
-2815.999643 -1770.989755 -59.606046
-3348.715747 -2045.057173 -64.294303
-2388.662893 -1507.399561 -47.056738
-3230.879387 -2159.088686 11.554224
-2406.998757 -1531.025983 15.162164
-2387.600646 -1513.678781 -6.679110
-3052.016133 -1882.199819 -67.499138
-3401.358651 -2265.326831 5.558060
-2593.367180 -1655.373320 -58.990854
-3542.776203 -2262.611190 -79.706798
-2775.454103 -1755.988460 18.681360
-3829.789975 -2431.432577 -41.990372
-3014.622896 -1967.454118 -16.110811
-3389.480703 -2241.079320 -132.818169
-2730.710282 -1733.948157 -29.657756
-2460.134991 -1555.408989 -25.937912
-2457.868651 -1561.126939 -26.183411
-2464.206271 -1608.201549 -13.043372
-3115.215043 -1989.367441 -70.682812
-2966.269695 -1874.436466 -31.265211
-3019.082557 -1866.289626 -90.319107
-2582.613002 -1684.705283 -89.648739
-2612.152654 -1639.625589 6.077825
-3547.706661 -2258.970065 -137.293948
-2776.094282 -1754.597808 -28.493836
-2749.305319 -1858.101213 -28.002743
-2673.503482 -1811.385871 -27.055781
-3785.313742 -2429.096787 0.929099
-2787.222903 -1779.847517 8.361597
-2932.294850 -1922.623964 -102.850825
-3879.508607 -2492.718273 -147.555377
-3004.114556 -1837.283729 -31.356675
-3017.189611 -1981.345173 -114.591897
-3338.546679 -2160.912024 -112.084351
-2944.823474 -1991.911766 -4.024781
-2510.427117 -1537.334669 -26.341555
-3787.902072 -2407.419231 -40.781957
-3430.426435 -2247.375195 -99.452165
-3766.870400 -2425.892953 -105.583531
-3456.716824 -2160.708904 -36.364297
-3803.854745 -2479.601767 32.647832
-2663.539521 -1675.004791 -6.501225
-2473.716339 -1607.258488 -88.341868
-3449.051126 -2298.696217 -23.016850
-2741.042435 -1781.053667 -97.967379
-2663.079325 -1771.460982 -3.909293
-3709.866896 -2403.187445 -123.756931
-3134.943537 -2098.617130 -32.854962
-2846.501303 -1905.458872 -29.423363
-3656.238571 -2418.196884 -143.126569
-2789.308197 -1782.677624 51.372885
-2261.260283 -1390.565313 2.711194
-2241.729681 -1499.831325 -61.222899
-2572.785955 -1662.426099 -39.700122
-2394.728192 -1603.779771 -6.331246
-2664.350418 -1782.054521 -27.914389
-3037.803563 -1868.405250 3.983392
-3850.528599 -2426.568412 -152.122422
-2979.134776 -1886.315513 -84.257463
-2286.678618 -1458.444267 -61.927875
-2747.422737 -1739.450194 -77.826367
-3450.070083 -2125.643757 2.137064
-2749.049863 -1693.776194 1.566196
-3643.528778 -2395.742652 -25.487334
-2964.625891 -1984.024923 -79.476475
-2771.503123 -1818.242978 -41.517373
-2884.793502 -1930.421280 -77.861288
-3062.005942 -2067.484189 -17.393499
-3761.962802 -2527.856483 -10.510990
-2587.156127 -1732.795989 12.860280
-2629.761019 -1760.987684 -6.604135
-2791.897982 -1757.106407 -15.256104
-3093.226853 -2064.843514 -11.835219
-2621.204662 -1738.825056 -67.039305
-3588.641888 -2374.624661 -43.872911
-3872.789523 -2454.057006 -26.557294
-2700.604822 -1717.866308 32.548901
-3056.539194 -1912.162150 -82.143474
-2454.564588 -1656.654429 -22.037118
-2965.022145 -1932.547380 8.238033
-3198.945529 -2001.822267 -86.206283
-2527.626620 -1628.106624 -67.691228
-3168.138860 -1980.634365 -37.378716
-3204.764885 -2117.923377 -72.628939
-2437.579370 -1568.167963 -68.685094
-3770.031862 -2425.846337 29.300064
-2568.785026 -1651.813700 -72.378369
-2336.339861 -1445.433108 3.654748
-2495.082914 -1612.448677 -70.846870
-3536.209514 -2305.721408 10.626378
-3756.788918 -2426.728311 -107.192346
-2573.509966 -1671.160878 -53.040051
-3593.522271 -2235.050019 -104.778746
-2346.640630 -1471.321475 -66.651323
-3144.880435 -1956.028198 -45.511249
-2851.701095 -1896.040804 37.179211
-2588.303878 -1655.862276 -76.597212
-2637.828899 -1607.960339 -43.174696
-3269.065544 -2115.744103 53.257318
-2590.148161 -1683.858494 -110.022053
-3689.951533 -2427.985444 -96.115150
-3532.917642 -2226.313728 -139.256196
-2925.415499 -1783.345372 -49.411863
-3016.435384 -1838.929538 -50.831810
-3078.232503 -1930.816463 -46.697956
-2737.931383 -1736.751776 -61.068504
-2758.050109 -1844.389915 -1.335958
-2494.238668 -1525.273356 -42.759707
-3943.357768 -2465.170280 -29.130818
-2474.264108 -1547.629428 -18.580943
-3075.320146 -1988.787378 49.457902
-3526.152267 -2213.222082 -100.228820
-3203.805612 -2028.206037 -90.212546
-2533.025561 -1601.205523 -88.924529
-2415.876465 -1521.746837 -58.847938
-3773.774510 -2448.042468 59.902564
-3649.244427 -2285.283748 52.137393
-2415.506271 -1511.142732 8.770689
-2939.266108 -1807.264773 4.914754
-3564.280076 -2379.739714 -11.765374
-3188.363216 -2051.528602 25.354744
-2285.088271 -1486.339111 -25.094145
-3252.149592 -2105.938883 -65.211224
-3298.152916 -2137.446412 -66.992811
-2958.519735 -1849.810830 -54.430536
-2425.940393 -1516.306988 -50.180388
-2549.883639 -1560.526478 -51.477461
-2461.878556 -1583.151391 -51.581163
-3860.240992 -2361.540835 -35.738905
-2700.851614 -1738.472314 -55.295720
-2687.655518 -1725.518006 -51.041241
-2441.878095 -1556.333976 -78.753449
-2706.651563 -1766.670453 -108.415205
-3571.728195 -2331.457363 -143.819497
-2386.659404 -1465.310269 -28.531194
-2312.272836 -1540.442212 -78.799668
-3016.422850 -1955.280821 -59.616488
-3701.652216 -2401.434986 -86.274970
-3689.161735 -2429.893436 -121.959507
-2355.505604 -1552.148657 -69.676069
-2681.383930 -1807.140022 -36.516803
-2883.927981 -1952.153639 -45.668835
-2930.377627 -1987.139612 -42.240874
-2951.663772 -1853.784259 -39.528309
-2634.769951 -1716.799959 -77.530020
-3235.165190 -2196.590925 -53.771442
-3235.577759 -2107.574278 -94.508118
-3821.325806 -2488.815880 -111.458757
-2898.257383 -1915.972387 -95.138209
-3734.985512 -2337.057809 -57.126466
-2569.061285 -1607.242132 -41.289108
-3079.971239 -1979.801288 -55.226337
-2408.353016 -1505.778604 -37.382361
-2769.893452 -1823.999791 -82.165900
-2997.707959 -1992.510267 -48.953467
-2522.756395 -1676.853374 -41.721490
-2523.112438 -1677.591607 -41.556877
-1960.078778 -1303.441255 -32.129662
-2824.585119 -1878.361925 -46.764692
-3319.608063 -2208.903137 -49.563655
-2435.693120 -1613.111390 -41.964403
-2462.550286 -1622.424571 -33.525680
-3145.283429 -2094.785333 -46.577594
-3734.558123 -2490.980137 -66.254230
-3426.235763 -2244.053749 -51.190604
-3014.016846 -1973.079168 -45.120713
-2650.733657 -1734.746408 -46.823598
-3083.097394 -2017.697686 -53.980872
-2682.537992 -1754.056466 -47.276714
-2926.496064 -1924.367765 -86.131396
-2346.416468 -1544.946828 -69.142832
-3255.686336 -2144.011047 -96.540920
-3803.821020 -2467.156951 -87.997866
-2572.964333 -1605.014667 -22.027327
-3437.212116 -2283.565969 -131.665339
-3878.917082 -2573.725231 -84.580835
-3819.310060 -2525.669382 -131.280823
-2349.801726 -1546.608115 -85.700518
-3365.075392 -2215.534445 -74.649265
-2489.724446 -1629.918966 -49.132754
-2483.415963 -1625.623217 -48.674874
-2498.531447 -1628.525566 -45.653894
-2741.233481 -1744.794465 -25.745193
-3573.136502 -2320.472842 -83.584431
-3141.895661 -2038.665926 -73.512873
-2981.665855 -1916.515136 -95.203938
-2421.983639 -1622.583390 -52.910101
-3521.915707 -2194.225429 -50.855151
-3340.630125 -2162.085343 -107.275288
-3443.900793 -2131.523916 -55.338512
-2382.329390 -1540.629866 -76.893533
-3110.666573 -1901.777045 -54.244639
-3113.393844 -1903.315785 -54.379579
-2305.705673 -1542.737387 -81.676943
-3275.996990 -2191.164688 -117.052002
-2498.363851 -1694.113172 -48.394325
-2287.426500 -1549.942174 -44.438120
-3161.033762 -2109.781769 -108.781946
-3203.896116 -2169.368135 -62.186609
-2291.225838 -1543.842997 -48.602140
-2877.480332 -1851.325291 -87.428893
-2563.045020 -1592.942877 -51.928963
-3478.370924 -2297.768512 15.569189
-3547.515370 -2344.230244 15.238544
-2640.021791 -1745.730461 13.225312
-3274.292230 -2165.421356 17.930675
-3527.945741 -2333.667576 19.418267
-2406.730031 -1592.405473 12.758282
-2736.396102 -1719.447828 -11.251116
-2735.064531 -1718.643191 -11.253851
-3826.384593 -2404.698045 -16.156157
-2497.193005 -1653.685374 7.938294
-2667.933368 -1768.071464 7.617779
-3739.300690 -2350.134322 -15.998218
-3669.466217 -2253.486696 -91.901161
-3693.090749 -2321.498841 -15.804166
-3618.038904 -2337.454917 62.556033
-3392.089262 -2240.748557 17.183951
-3380.333405 -2123.675197 -13.425942
-2603.692240 -1720.435565 -62.080637
-2631.284793 -1615.036812 -66.730788
-3118.124447 -2039.796883 -0.321734
-3251.825711 -2049.281793 -90.752026
-3011.186641 -1964.503412 -5.030227
-3696.361366 -2409.941157 -5.779522
-3741.936905 -2353.477543 -26.464271
-3219.778182 -2136.223423 -80.560048
-2963.943076 -1861.647110 -12.653480
-2663.076940 -1672.724686 -11.937733
-2463.085268 -1547.184339 -9.094111
-3245.103941 -2142.185791 16.200786
-2227.960408 -1471.065134 11.135015
-2665.180802 -1760.392475 13.060169
-3404.592866 -2089.705813 -89.558592
-2833.519882 -1862.368754 0.231453
-2471.206819 -1584.557069 -10.410692
-2678.151563 -1717.794054 -9.835699
-2990.544146 -1885.002676 -107.256456
-2535.501677 -1626.180639 -63.800611
-3523.688877 -2209.718892 -98.306306
-2716.884615 -1770.345025 5.505241
-3503.604105 -2282.626404 5.569785
-3867.736695 -2494.879223 -155.026535
-2852.539566 -1783.042061 -73.398690
-3151.578320 -1970.510706 -109.244137
-2407.030413 -1552.539498 -97.841263
-2759.129631 -1768.946634 -12.004547
-2839.651943 -1821.909280 -70.300693
-3463.831650 -2218.586376 -9.557370
-2835.671586 -1814.992053 -8.556123
-3884.042412 -2386.616627 -97.525131
-2532.283169 -1629.162012 -69.056627
-3380.090434 -2198.936471 50.004451
-3490.849353 -2207.125762 -24.294595
-2891.459458 -1879.109145 43.438808
-2996.804602 -1985.748887 34.575312
-3872.431425 -2452.870325 -26.269421
-2329.024579 -1475.284743 -16.360461
-3526.224496 -2241.152649 -14.307234
-2399.534810 -1534.989811 -8.622645
-3213.303655 -2064.459473 4.598022
-2846.880336 -1870.898570 -75.961211
-2546.490089 -1674.124290 -67.988361
-2947.292586 -1939.160515 -77.738654
-3409.488309 -2221.963520 10.402621
-3017.579782 -1971.798133 21.499813
-3867.016336 -2528.627507 28.801308
-3569.532558 -2335.366003 14.830316
-2980.869118 -1883.181477 -104.527636
-2512.684315 -1587.520236 -87.954729
-2161.844957 -1319.550858 -13.696128
-2600.189104 -1629.831457 6.822113
-2665.360704 -1751.393435 -71.350603
-3149.776154 -2069.340087 -84.155182
-3888.544948 -2554.159481 -91.422001
-2740.180649 -1764.530615 21.200286
-3459.298058 -2226.546029 14.034922
-3460.218605 -2227.092409 14.095262
-2896.999325 -1864.400296 21.981025
-3610.376776 -2322.744495 14.955438
-2022.629466 -1301.201259 8.818267
-2747.335582 -1717.134539 11.193794
-2678.226252 -1720.590009 19.915934
-3565.945949 -2287.903747 26.377025
-2847.961604 -1868.289775 -75.773894
-3432.930039 -2254.585930 -91.458720
-3012.441373 -1933.622774 21.991706
-2468.246950 -1539.557128 12.086981
-3617.346223 -2346.701819 -88.215960
-3110.193075 -1913.303734 -23.520073
-2848.955678 -1752.629413 -21.298886
-3419.117928 -2103.735232 -9.013582
-3104.669093 -1910.942000 -23.821696
-2257.017615 -1389.697235 -15.224074
-3313.051628 -2040.685932 -15.299069
-2542.556587 -1559.271197 -60.950609
-3408.660188 -2090.738460 -81.618374
-3022.902354 -1854.413468 -79.453736
-2499.110606 -1614.156694 -70.621269
-2616.014724 -1617.663635 -13.304401
-2087.068407 -1395.279875 -0.594034
-3325.129915 -2068.019453 -23.642499
-3435.963377 -2183.298023 -86.829993
-2959.639680 -1921.039146 -74.726208
-3524.708665 -2290.214926 -94.831596
-2489.137238 -1618.469706 -67.418147
-2510.312827 -1565.746913 11.238914
-3141.492633 -1959.317387 15.127075
-3464.477044 -2264.035273 -82.774963
-3324.306782 -2072.517227 15.543182
-3184.465293 -1986.344512 13.443791
-3646.963508 -2374.036676 -98.860504
-2522.086863 -1641.238955 -71.357356
-3411.538976 -2219.827546 -93.996686
-3416.204628 -2303.785548 -32.216835
-3084.859872 -2007.070278 -85.386105
-3254.735380 -2117.459668 -88.405617
-2488.883466 -1618.362644 -67.459687
-3006.342549 -1956.803684 -84.769425
-3434.376879 -2130.721027 28.815753
-2666.418964 -1719.543695 14.934556
-3320.946907 -2075.682736 1.325573
-3315.959752 -2072.186212 41.538536
-2897.743999 -1799.368702 -6.718262
-3663.758546 -2273.654274 -7.785721
-3632.958553 -2254.185158 -5.538686
-3314.217931 -2044.671452 -3.965369
-2601.660534 -1718.942160 -23.212610
-3678.088353 -2281.867660 2.094502
-2940.787435 -1825.294861 25.266252
-3717.397291 -2306.194212 -5.867220
-2975.268596 -1849.435077 -0.699979
-2649.868964 -1643.879256 -4.904318
-3315.322032 -2216.770618 -12.022324
-3353.935396 -2080.499550 -6.130327
-2958.157782 -1858.623312 37.926415
-3782.808568 -2385.311609 47.270452
-2416.881359 -1524.082268 30.905619
-2745.219108 -1700.222306 -3.093633
-3470.868502 -2205.937296 41.748663
-3710.459442 -2306.807877 0.044206
-2544.648282 -1571.064632 5.753344
-3290.683632 -2019.512065 -0.418545
-3830.241633 -2353.735589 -4.599725
-2210.619842 -1484.636502 -6.624359
-3685.298953 -2299.219843 36.284424
-2892.935492 -1775.757587 -1.351646
-2970.380628 -2004.838718 -17.275144
-2544.188863 -1716.483685 -15.563069
-2769.915959 -1718.953650 27.944589
-2750.304694 -1715.998061 26.783691
-2891.613802 -1774.843369 -1.266251
-2328.238717 -1572.132518 -13.813483
-3600.088923 -2211.886790 -1.852356
-2575.854163 -1698.895876 -60.710488
-3252.352232 -2127.418809 -66.018739
-2616.100937 -1741.486597 -89.247008
-3208.004290 -1970.585611 -68.071367
-3193.759927 -2093.419001 -66.598282
-3380.202836 -2123.910494 -15.924135
-2050.141816 -1288.446551 -9.877471
-2613.066045 -1735.990913 -69.542008
-3031.135963 -1982.317046 -72.216414
-3346.554981 -2211.239289 -48.789932
-2502.488217 -1617.581818 38.746100
-3083.768738 -2067.681615 -1.828766
-3823.723498 -2401.717552 -17.399423
-2477.249192 -1644.023481 -64.397311
-3385.046694 -2276.026190 -103.405310
-3385.040501 -2274.918718 -104.041899
-3443.081970 -2131.073265 -56.057476
-2806.345291 -1884.462544 -84.393677
-2723.711799 -1778.195201 -52.042713
-3593.986468 -2442.058236 -63.437364
-2496.700530 -1669.675863 10.888794
-2402.128293 -1484.816553 -56.101129
-3868.114847 -2375.574952 -82.822872
-3094.398992 -2033.607686 0.266153
-3458.184582 -2263.650773 -68.931382
-3494.153655 -2195.843512 -17.051856
-3781.502304 -2493.959231 -88.633653
-2332.037278 -1483.870825 -22.709297
-2420.233245 -1622.872465 -53.071508
-3524.661472 -2368.227101 -53.324248
-3848.567403 -2585.919801 -58.194816
-2837.228819 -1866.730214 -83.809296
-2957.591057 -1917.811428 15.827804
-2752.289142 -1729.408006 14.744573
-2858.604518 -1825.727390 -31.139361
-2647.056756 -1734.198392 -47.588885
-2153.811756 -1378.810162 -4.516851
-3700.034241 -2340.761928 -93.788759
-2293.576891 -1502.119997 -40.075841
-2676.586281 -1713.178089 -5.663189
-3231.126016 -2163.546756 -8.912392
-3363.283548 -2129.768254 14.156629
-2717.666517 -1781.328365 -38.643573
-2529.302904 -1658.175887 -36.093067
-3764.002114 -2522.139606 0.209994
-2496.488897 -1528.483116 -37.420740
-3284.350541 -2218.462763 -28.720012
-3636.818241 -2264.360056 46.985711
-2858.742283 -1923.475558 -53.740305
-3736.052907 -2343.574797 -106.872077
-3856.389548 -2452.227381 33.957235
-2970.183848 -1878.406469 -36.634571
-3124.586118 -1937.677191 -40.553642
-3562.246204 -2283.148050 -96.332993
-3772.353519 -2418.414243 -101.928149
-2715.933445 -1715.989624 0.256909
-2507.518474 -1592.670791 25.372949
-2865.801583 -1883.566663 -101.992875
-2380.592121 -1551.278903 -73.401782
-3814.219919 -2409.116318 -0.520331
-3833.160832 -2476.201887 30.497265
-3852.749686 -2373.749645 -67.916598
-3024.989203 -1951.019230 -121.002523
-2451.006835 -1580.729387 -97.844456
-2907.483720 -1884.456252 -57.311675
-2577.738480 -1669.769529 -50.572710
-3698.487793 -2372.073001 -98.662292
-3713.202335 -2466.160967 -103.378529
-3360.854686 -2134.747322 34.684355
-3539.285328 -2297.856974 55.976450
-2537.146915 -1713.320988 -15.628709
-2710.289293 -1760.137888 43.057088
-2912.581241 -1966.916156 -17.698967
-2984.474157 -2016.492679 -51.431908
-2911.744757 -1932.034049 -43.879530
-3895.722352 -2467.952029 -84.435721
-2614.197432 -1736.534236 18.207374
-2956.663292 -1940.655068 -70.085582
-2896.091836 -1843.030609 32.775577
-2583.870091 -1651.823103 -79.957014
-2583.504824 -1652.163068 -79.769008
-2945.258188 -1871.239879 29.934473
-3810.876502 -2415.242478 12.833916
-3538.919006 -2310.317968 17.938721
-3504.553992 -2242.002374 -108.065336
-3716.734121 -2426.685825 17.318628
-2823.406282 -1745.122623 -15.720511
-3564.332474 -2382.254481 31.432208
-3543.685289 -2313.711244 18.834419
-2481.063535 -1616.205702 3.650537
-2049.840498 -1391.514704 -33.558108
-3639.380710 -2302.490328 -119.030232
-3166.944267 -2039.357427 14.657899
-2600.524311 -1647.340341 -82.377109
-2945.117424 -1895.911582 -60.150817
-2335.057715 -1451.657487 -16.277103
-2756.346577 -1718.010919 14.106220
-3708.053378 -2345.912512 15.411566
-2769.040296 -1750.282079 1.694063
-2778.965570 -1791.763653 -111.070921
-2793.100971 -1786.375710 -86.134348
-2439.178636 -1533.935272 -39.430507
-2633.409716 -1656.471609 -43.454185
-3440.587109 -2150.148159 -95.701175
-2490.313796 -1566.560625 -40.298644
-2728.161563 -1750.203412 -72.306251
-3208.852578 -2091.330573 -126.624715
-3410.880962 -2230.020126 -122.313557
-2851.294401 -1840.562317 -47.607405
-2804.203955 -1797.429044 -76.224715
-3317.929208 -2054.016635 -97.267799
-3415.461554 -2165.065040 -27.472401
-3206.903507 -2029.993511 -102.486111
-3717.357713 -2304.428963 0.369856
-3062.248035 -1898.460020 0.290028
-3016.662000 -1875.748629 -2.966796
-2804.510013 -1826.678068 -34.480096
-2603.741694 -1707.195479 -38.727653
-3014.687682 -1934.410467 59.060914
-2920.826115 -1830.338646 44.961618
-3203.898017 -2047.527501 -85.288861
-3143.084878 -2020.052159 60.909354
-3408.480173 -2190.452725 3.969104
-2410.115193 -1529.162996 30.222433
-3000.206060 -1903.853459 36.724015
-3839.257175 -2389.272907 -112.254696
-2395.317308 -1537.663696 -63.963443
-2349.772601 -1473.288787 -16.362880
-3154.961448 -1936.800724 -40.877533
-3463.900815 -2171.262678 -23.404218
-3701.714146 -2348.713943 46.782394
-2677.168193 -1769.651547 34.050513
-3017.726923 -1839.600123 -48.548661
-2532.524144 -1680.913905 31.512783
-3573.671792 -2304.812373 -93.935247
-3720.435382 -2396.147443 65.028013
-2690.315729 -1745.347941 -47.421480
-3010.599076 -1910.750518 37.629691
-2987.456734 -1943.510083 13.659040
-3717.101847 -2335.450350 -23.731347
-3301.546599 -2047.050426 36.193700
-2846.847626 -1819.373949 -78.778654
-2949.930783 -1835.173482 -1.723235
-2596.981681 -1757.925891 4.304434
-3381.806141 -2289.886120 -55.297860
-2507.260692 -1698.110034 4.076639
-2713.024795 -1682.897801 29.284182
-2630.658410 -1655.129666 -15.240552
-3419.255209 -2168.630076 42.995857
-3241.231838 -2189.042191 -28.868621
-2404.539402 -1527.156385 28.567061
-2231.491002 -1500.100831 -20.598972
-2658.165378 -1696.912905 49.247148
-2295.038042 -1420.706109 -45.996634
-3047.455428 -2018.618908 34.965719
-3414.642559 -2294.271639 -32.634988
-3603.278364 -2235.125527 -5.506801
-3547.238209 -2270.211010 -52.732954
-3350.372674 -2076.748986 -4.264636
-3534.973117 -2212.244661 -103.474356
-3727.501750 -2477.641273 -55.331553
-2367.062213 -1514.896575 -35.065093
-2445.760740 -1558.249492 -74.720101
-3179.107244 -1967.225439 -62.971460
-3354.116992 -2150.780194 -18.508762
-3727.932565 -2482.463942 -13.980965
-3715.910918 -2301.827881 -6.054555
-2861.146297 -1872.461097 -75.922293
-3729.368475 -2482.437664 43.512719
-3027.649419 -2012.335433 -42.219806
-3532.764554 -2194.535306 -48.880588
-3685.539484 -2310.503548 -13.074161
-3710.652356 -2267.258884 -79.377559
-3924.982003 -2410.956328 -106.101985
-3195.619540 -2098.384141 -84.270937
-2816.402314 -1858.946492 14.812899
-3496.835612 -2288.864242 -52.454252
-3912.604276 -2477.532586 -83.030325
-3430.360699 -2245.559530 -50.228135
-3165.516230 -2030.898004 24.297998
-3268.597790 -2116.043347 -60.113984
-2288.278642 -1481.399784 -42.326076
-2393.702773 -1515.134288 -51.092306
-3788.884012 -2578.414996 -56.126077
-3186.485742 -2003.935025 -21.544133
-2960.090639 -1894.902387 -5.478526
-3177.662068 -2093.429712 -46.910554
-3159.032820 -1976.404330 -47.773637
-3450.009983 -2266.623844 40.731849
-2050.417111 -1308.359468 -59.677460
-2759.082081 -1761.201581 50.978207
-2713.812298 -1714.203368 -17.617724
-3504.323711 -2300.719602 -102.088512
-2516.684711 -1601.668528 -48.277207
-3056.124812 -1910.026978 -80.215146
-2646.465949 -1726.722913 11.724557
-3594.273134 -2362.780548 -52.470052
-3035.134332 -1993.042167 -88.697682
-2371.140082 -1468.683922 -3.218172
-3038.889357 -1996.927582 -89.464978
-3201.750459 -2108.230359 36.788387
-2626.158766 -1626.258079 -39.786141
-3926.231540 -2431.380610 -59.911776
-2623.238214 -1624.518880 -38.546901
-2844.487433 -1761.857973 -42.892123
-2596.063896 -1751.758064 -65.347148
-2285.178592 -1553.868791 -34.519939
-3806.374682 -2380.641543 -24.538922
-3187.439241 -1974.167450 -46.245812
-3225.947205 -2163.115366 -48.286448
-2397.506471 -1545.993069 -40.302201
-2636.782756 -1768.449031 -39.064714
-3335.116744 -2158.996722 12.801303
-2464.028348 -1622.678958 -13.512363
-2598.598701 -1733.736714 -71.893246
-3541.605508 -2218.769335 -13.954052
-2504.028615 -1625.068144 42.485828
-3865.539245 -2589.272530 -57.632964
-3116.065566 -2111.821938 -4.787695
-3119.002952 -2090.743019 -45.831594
-2496.436427 -1528.153581 -50.635803
-2516.315788 -1563.906976 -1.221604
-3197.461688 -2107.402787 -75.328742
-3147.733471 -1930.369146 6.349644
-2999.235769 -2001.432784 -41.316669
-2949.354340 -1798.394531 -51.303426
-3263.995324 -2046.397630 -48.601937
-2789.391489 -1783.300185 51.009700
-2087.352478 -1278.297232 -31.206428
-3562.540020 -2208.299896 -111.886421
-3442.150351 -2176.604097 12.030381
-2655.090834 -1660.464903 -68.857400
-3661.337196 -2370.160304 -70.375755
-3186.421554 -2101.003692 -73.314476
-3045.747296 -1913.268924 -20.106317
-2734.699261 -1792.954309 32.735107
-2267.968660 -1494.923727 -52.145612
-2378.967621 -1587.897848 -85.646928
-3538.639608 -2234.629971 11.415037
-2634.297496 -1681.844000 -6.398220
-2737.672462 -1669.596539 -48.237142
-3540.531719 -2250.267883 -125.658214
-3545.652667 -2390.097220 -16.252234
-2859.760195 -1779.592034 -100.079342
-2792.959974 -1751.526256 -10.821174
-3438.604441 -2138.996484 -47.411355
-2577.413385 -1707.882191 -30.718557
-3634.046460 -2433.859542 17.661250
-2468.849940 -1558.233181 23.155034
-2906.074464 -1776.561555 -23.118784
-2442.435976 -1489.759996 -40.762523
-3195.396743 -1971.562424 9.112872
-2182.434164 -1459.849847 -7.642713
-3057.671563 -1869.778274 -25.107903
-3547.831324 -2214.682124 -7.704925
-3662.056074 -2254.930146 -98.484717
-2584.611956 -1627.685616 -18.123276
-2772.546503 -1707.553853 -75.076126
-3395.781619 -2104.018116 -71.881276
-2925.797017 -1862.130542 -48.964879
-3081.492981 -1972.254103 -10.057525
-3065.176201 -2052.978509 -48.595684
-2820.981277 -1823.505447 -91.329420
-2751.511377 -1760.302952 -8.797218
-3047.313623 -2039.917314 -44.018745
-2862.602735 -1912.748671 -9.936292
-2157.970234 -1392.127657 -91.092331
-2660.147868 -1634.022069 -39.754107
-2664.321702 -1763.346739 6.330970
-2520.822316 -1642.963361 -78.469892
-3835.395892 -2374.981563 -59.080857
-3201.162447 -2017.635133 -89.657946
-3591.537966 -2198.710689 -74.073115
-2499.850645 -1654.314095 7.776396
-3274.602173 -2091.210160 -106.972364
-2947.444830 -1840.691240 28.857775
-2507.806239 -1659.782253 7.590986
-3645.226911 -2370.522232 54.301528
-2509.971427 -1567.979412 24.140774
-3477.126482 -2256.485310 19.598451
-2678.362761 -1742.538396 -76.653952
-2733.122671 -1772.027792 -62.215501
-2897.331096 -1809.964170 27.538133
-3319.549991 -2119.917594 -109.129001
-3025.111048 -1918.774410 -89.430439
-2564.733277 -1629.739449 -22.659855
-3279.803987 -2080.263853 -95.500628
-2553.102450 -1594.166005 -5.509324
-2456.218784 -1561.366458 -22.642729
-2812.655971 -1786.622841 -25.231069
-2885.919451 -1934.714786 -86.904998
-2558.677202 -1618.305982 0.693725
-3141.994810 -1987.587897 1.323936
-2869.009144 -1819.936041 -23.860178
-2595.355353 -1750.179603 -16.735653
-3422.076012 -2173.598168 8.262605
-3703.097727 -2351.639441 9.338776
-2578.758312 -1643.544382 -82.151920
-2716.172379 -1690.408762 -84.362842
-2436.976067 -1541.528245 3.570894
-2848.009488 -1838.217270 -47.056563
-2333.078598 -1563.569636 11.491835
-2480.992771 -1555.797784 -16.419963
-2908.279774 -1820.246775 -3.613919
-3422.730895 -2315.657027 5.632082
-2938.698603 -1854.027709 -69.782104
-2575.542440 -1570.482502 -41.188647
-3192.883608 -2160.249694 -62.341427
-3727.621363 -2329.184192 36.409663
-3170.209159 -2051.025891 -59.544099
-3768.736181 -2549.498246 -71.984491
-3836.579310 -2375.564970 -58.742307
-2475.895395 -1681.960701 -36.752938
-3380.872194 -2111.966761 33.936834
-1996.113439 -1319.669579 23.763687
-3742.052080 -2335.081445 37.636571
-2551.153113 -1597.233517 -3.191897
-3291.251597 -2019.206280 -0.682699
-2312.962920 -1448.941216 -3.324931
-2883.472086 -1766.686347 -59.929326
-2388.699647 -1498.504173 -16.112645
-3408.140464 -2138.750306 -23.263063
-3307.152017 -2093.806564 -69.981432
-2469.309686 -1629.224364 -30.301112
-2729.091485 -1713.655649 -18.407600
-2683.532137 -1719.951391 -74.136440
-2396.554390 -1602.646353 9.776010
-2868.272647 -1814.375761 -41.585998
-2992.674315 -1905.888491 -103.024863
-2858.107669 -1885.007313 -82.138460
-2909.523648 -1782.108308 -22.029857
-2294.739369 -1498.696509 -78.145330
-2536.436956 -1627.163195 -89.842611
-3543.127688 -2218.538613 50.772149
-2830.363430 -1815.777321 -48.722717
-2658.428978 -1752.107714 -77.713033
-3098.353007 -2055.902777 -11.611617
-3670.883995 -2421.945829 -105.644759
-2666.583425 -1759.042071 -77.575158
-2885.187288 -1877.118768 -110.374607
-2358.061715 -1490.579398 -72.600318
-3137.876245 -1939.766440 23.786541
-2760.919066 -1706.667367 20.498456
-2545.411699 -1573.045238 18.068042
-2362.004824 -1507.669759 -65.505033
-2359.080150 -1505.281556 -65.543367
-2521.557613 -1558.205546 17.944416
-3018.541334 -1917.919995 37.141173
-2764.570926 -1821.748584 -80.999289
-2858.496493 -1864.166579 -93.804155
-3339.194761 -2232.601920 -0.513048
-3710.851188 -2340.967604 -132.254128
-2890.403593 -1844.944174 -80.022961
-2854.987156 -1863.326899 -93.443367
-3401.770494 -2174.385570 -80.563617
-2293.790351 -1500.736717 -75.542841
-2343.985758 -1543.496364 -69.018775
-3457.388278 -2280.237581 -100.603186
-2987.564409 -1902.064577 -46.110812
-2818.350841 -1722.769320 -26.892063
-2327.768111 -1492.708421 -83.775219
-2322.582784 -1514.787180 -70.904295
-2930.415056 -1810.498681 20.516357
-3587.549827 -2264.931682 -69.160170
-3562.684117 -2323.603841 -112.969787
-3768.005073 -2500.422623 -12.050255
-3712.159264 -2411.299087 -10.380236
-2633.548867 -1709.494919 -7.416063
-3015.081734 -1922.570423 -55.366964
-3487.006828 -2263.421726 -118.265461
-2402.799487 -1519.623602 -73.606347
-3320.946991 -2206.113794 -119.084336
-2667.298539 -1729.432930 -58.098273
-2877.047304 -1913.968282 -49.646436
-2549.964713 -1687.230612 -47.932243
-3070.383573 -1937.929271 -111.153810
-3552.267908 -2263.263865 -129.543764
-3546.946112 -2340.401965 -103.141418
-3129.080106 -1957.113011 -65.060972
-3608.639468 -2297.778520 -133.811239
-2303.041788 -1524.364486 -43.285184
-3421.183411 -2270.477874 39.622775
-3250.512545 -2161.468238 -55.169072
-3550.551371 -2403.471335 -64.072131
-2493.736710 -1574.234590 -37.483106
-3510.896528 -2321.756122 -65.192126
-2883.732336 -1928.907397 8.858425
-2926.034934 -1866.540367 -80.163583
-2735.037465 -1720.754830 -15.073802
-2766.839466 -1821.872737 -80.955814
-3327.680189 -2119.164539 -124.485776
-3538.618375 -2360.010767 11.059357
-2793.341363 -1761.328606 -17.645476
-3534.708285 -2356.806943 10.312462
-3275.743683 -2213.017829 -14.289774
-2868.821297 -1889.561450 -18.292051
-3826.875101 -2439.238508 -41.134311
-2287.611338 -1459.040938 -80.289330
-2801.731733 -1830.641335 -100.637607
-3281.917789 -2197.836793 -31.711999
-2397.224193 -1577.926570 -69.721610
-3042.479062 -2062.087086 -37.000267
-2969.718717 -1893.828008 -81.098936
-2896.982506 -1842.750427 26.164829
-2420.870614 -1514.287108 34.172521
-2924.533185 -1860.582707 37.953228
-2224.195366 -1358.724467 -55.831399
-2612.712959 -1654.307891 11.811910
-3523.193877 -2236.279289 -11.846685
-3626.323888 -2443.986644 -33.491204
-2947.787124 -1873.212101 27.538039
-2441.151683 -1511.123500 -71.846713
-2665.816283 -1686.449785 3.419713
-3730.317380 -2500.111522 -53.251746
-3092.892818 -1975.497775 58.304710
-3137.974335 -2077.071557 41.824917
-3377.009252 -2254.059862 -45.331950
-2303.952706 -1469.253963 -34.673530
-2457.085252 -1572.222827 -88.147937
-2877.328252 -1809.139888 -38.878646
-3644.467036 -2299.731555 -85.613652
-2664.873046 -1730.375583 -92.018710
-3255.952605 -2106.081168 -60.727231
-3420.704516 -2180.010666 -63.809797
-3863.533649 -2498.628985 -71.640348
-2544.799971 -1605.177798 -17.580101
-2620.856385 -1700.584947 -0.315669
-3009.397188 -1900.832483 -44.887724
-3180.179367 -2068.088753 6.396613
-2558.807184 -1719.908382 -38.327003
-3596.843826 -2336.767110 -52.797150
-2483.199118 -1606.334516 -45.984902
-2514.088907 -1600.655650 -52.462365
-2715.975761 -1814.531899 -40.472545
-3054.227888 -1947.249923 -46.072786
-2852.445677 -1862.268792 -93.973842
-3405.886784 -2291.207135 -50.013295
-2484.548592 -1622.694452 -36.367087
-2919.091466 -1948.313349 34.360931
-2655.400986 -1748.379059 -18.795716
-2418.066060 -1583.414696 -24.813780
-3539.376087 -2233.808069 -125.155087
-3398.411148 -2248.711406 9.472161
-2230.894458 -1487.362817 -22.662967
-3711.063672 -2474.130980 -36.780055
-3730.020467 -2495.175687 -54.550219
-2834.401798 -1865.056026 -94.625169
-3072.178903 -2078.715751 0.321640
-2681.608615 -1781.832421 -57.529788
-2865.406507 -1830.055167 -30.976449
-1996.824650 -1347.951117 -53.444822
-3806.936663 -2411.875567 -29.638118
-3436.852293 -2282.559303 -74.341930
-2900.348379 -1842.277125 26.998761
-3213.005723 -2027.411556 -113.139836
-3202.821158 -2091.480413 -106.032127
-2581.657669 -1752.967704 -38.551553
-2399.917557 -1512.632518 21.757317
-3149.145076 -1974.338992 -36.048092
-2686.828622 -1765.596836 19.228259
-2868.872226 -1931.268273 -84.188059
-2449.619799 -1556.162038 -18.493753
-2773.740673 -1770.115540 -11.508259
-2907.547407 -1956.953640 -86.557715
-2448.875652 -1559.580806 -60.853881
-2651.848481 -1780.813833 -6.114315
-3310.824050 -2036.796658 -38.818937
-3230.968050 -2175.726789 -17.769117
-3151.040697 -2138.596374 -78.169857
-3426.313883 -2145.693549 37.238188
-3057.612910 -1992.778907 -114.591016
-2356.230520 -1532.848673 -54.817740
-3068.845326 -1998.824766 -112.147272
-2583.633035 -1618.126548 -51.200618
-2497.142438 -1618.317843 -77.976961
-2569.083678 -1654.480531 -110.028212
-3480.573016 -2266.668150 -127.147788
-3240.902572 -2166.496068 -42.133372
-3428.935983 -2172.747269 -22.367048
-3731.159039 -2435.220296 4.110884
-3735.322719 -2481.414401 -28.708690
-2950.695569 -1805.317564 -13.039467
-2893.711813 -1941.634795 -83.456592
-2154.471306 -1366.066280 -14.623562
-3097.581127 -2090.212046 -63.698684
-3198.082182 -2014.522763 -13.482740
-3536.902707 -2227.609742 -13.452451
-3420.760568 -2257.436740 -75.093214
-2879.616747 -1956.890382 -53.123060
-2735.378278 -1676.879126 -30.738918
-3118.593447 -2030.049287 30.994778
-2850.325660 -1841.594666 -112.458984
-3738.127995 -2420.873350 33.045735
-3645.485871 -2441.571756 32.939039
-2981.067001 -1834.513902 -77.739696
-3778.935623 -2326.219587 -75.459783
-3852.572135 -2507.349094 -90.497245
-3023.859275 -1946.135428 -68.154397
-3205.149814 -2117.940167 -72.409122
-3157.443034 -2059.000623 -118.959322
-2445.963433 -1594.877051 -92.177228
-2574.036603 -1584.607295 -66.365500
-3512.779267 -2304.101727 38.464875
-2738.405510 -1816.004359 -66.528465
-2918.633582 -1824.200282 -0.855277
-3351.284169 -2231.169792 -70.301922
-3392.849309 -2277.451358 3.640257
-2455.515053 -1550.177343 -65.836160
-2391.770519 -1605.263439 2.674480
-2147.744321 -1441.441352 2.404216
-3837.123107 -2357.539617 -6.514763
-3732.215166 -2518.434468 -76.216731
-2808.053284 -1885.656601 -81.792812
-3096.820674 -2023.460132 30.630387
-2595.554521 -1710.321927 1.912164
-3136.403186 -1983.533917 -19.069245
-3135.288126 -1981.012511 -18.065792
-3673.348262 -2269.513725 -83.613982
-3049.609194 -1976.258578 -2.582138
-2721.644292 -1674.912830 -31.177381
-3009.162812 -1851.895998 -34.349655
-3090.377013 -1953.853302 -73.697750
-3407.548253 -2153.096124 -19.809912
-2545.687782 -1608.564232 -14.810074
-3935.381583 -2431.927410 -89.687751
-2514.972388 -1536.685763 -42.153156
-3071.438691 -2063.070471 -89.998818
-3146.467699 -2117.704519 -34.818805
-3209.310887 -2048.099179 -29.263393
-2875.443472 -1797.295089 -3.923455
-2495.743206 -1539.190810 -10.003572
-3884.647590 -2537.030907 -153.717539
-2827.263187 -1751.609635 22.949350
-3734.775887 -2484.971222 -91.761949
-2809.912134 -1844.490101 -24.904859
-3121.611635 -1965.471004 18.320534
-2857.260494 -1917.009233 -99.434315
-2597.277001 -1704.184845 -50.219336
-2482.615015 -1689.081412 -40.989136
-2481.121518 -1687.868572 -40.974244
-2873.452785 -1796.055370 -1.103393
-2932.228018 -1994.301039 -53.645084
-3229.138894 -2197.602392 -53.952793
-3278.940716 -2213.360956 -13.425452
-3352.644446 -2280.521295 -55.178669
-2312.134247 -1445.062084 25.773579
-2252.242073 -1531.888150 -37.050192
-3115.922448 -1947.806562 -114.986094
-3157.001681 -2014.185918 -102.292205
-3782.184171 -2516.250289 -91.788082
-2594.421223 -1650.274881 -84.253742
-2653.958611 -1751.712969 -90.464573
-3575.626174 -2363.015304 37.623735
-2695.383050 -1778.469510 -91.651734
-2398.285067 -1617.585954 -37.465753
-3015.178378 -1992.283727 32.935802
-2934.937262 -1894.903474 -60.740808
-2485.046123 -1641.961425 27.274988
-2899.611273 -1837.231331 -83.610100
-2331.281259 -1478.124630 -71.392656
-2712.792606 -1814.457232 15.762600
-3497.629004 -2225.950688 -115.625329
-2537.824891 -1618.874317 -82.166974
-2462.524983 -1636.893704 20.724809
-2594.527109 -1737.243122 -35.686040
-2520.792693 -1584.589016 27.666172
-3824.228190 -2562.017803 -50.762368
-3229.748289 -2190.164858 -51.375883
-3629.765274 -2365.864830 -137.366776
-2343.576512 -1527.388197 -86.116012
-3378.978058 -2124.720275 37.441764
-2935.009852 -1846.352346 23.598159
-2455.815623 -1555.692490 -29.416070
-2455.168727 -1605.642904 -99.496865
-2260.144752 -1467.574282 -95.881961
-2866.924308 -1877.769002 -86.223060
-3198.481816 -2042.515520 -64.412844
-3236.367867 -2148.317709 -25.789885
-3151.776936 -2092.304814 -100.736083
-3151.672406 -1982.936690 -120.090639
-3728.504967 -2380.283193 -36.008583
-3367.276213 -2154.961608 -55.943483
-2570.973218 -1706.900159 -81.887664
-2519.430980 -1593.277015 -80.880380
-3408.027761 -2216.792286 -140.105512
-2565.034708 -1703.599210 -82.096887
-3779.837230 -2482.803145 -56.565053
-3621.911017 -2311.032983 -33.610444
-3007.965301 -2016.146803 -104.945707
-3780.968261 -2455.626325 -159.304296
-2421.721643 -1586.532340 -72.836248
-2675.403981 -1700.913761 -22.360217
-2973.477339 -1962.009731 -8.398221
-3077.859734 -2030.160099 -8.050531
-3413.426476 -2161.957179 -98.235254
-3659.890056 -2283.570067 -124.443553
-3168.078837 -1982.023530 -120.318589
-2843.680004 -1856.779065 -51.400520
-3591.730256 -2359.958073 -54.852133
-3313.276114 -2047.798865 -73.525464
-2906.292626 -1876.498307 -60.409514
-2520.551827 -1618.675822 5.873654
-2731.654394 -1741.963886 -61.681394
-3407.575891 -2211.328560 -123.081148
-2968.234774 -1840.029613 23.413004
-2865.390168 -1770.865126 -63.032135
-2919.417434 -1825.009965 -2.112404
-2977.823646 -1957.549628 -45.438355
-2733.573056 -1832.313296 -17.298088
-3382.653026 -2267.952168 -21.742269
-2248.469243 -1505.031645 22.558115
-2610.669906 -1607.619259 -62.506893
-3777.367459 -2364.123674 -3.745036
-2640.291255 -1675.470107 -30.950157
-2518.424880 -1673.936356 -28.342372
-3503.483941 -2242.469863 -39.030931
-3715.183687 -2299.146964 -89.719593
-2791.832134 -1827.540612 -114.646492
-2377.533971 -1593.840538 21.737068
-2835.318529 -1799.633251 -32.728668
-3009.016301 -1871.420501 -86.613696
-3491.203573 -2327.375569 -119.942139
-2861.630957 -1847.741223 -112.601832
-2585.088884 -1669.911248 -102.199255
-3557.787886 -2254.971840 -54.791064
-2916.296775 -1847.983158 -44.998670
-2626.851436 -1749.874585 -90.150082
-3125.545361 -2081.329844 -107.101027
-3553.774022 -2293.244370 -139.861068
-2681.976729 -1732.107455 -56.804047
-3248.366533 -2038.858797 -51.508482
-3861.222281 -2363.170483 -92.942204
-3388.999482 -2131.300685 -27.733655
-2525.597547 -1594.679573 -94.995538
-2688.913107 -1705.675043 -64.947516
-2682.175584 -1686.733706 -30.432419
-2435.638896 -1535.928611 -63.984375
-2503.540724 -1579.209421 -65.924336
-3014.943368 -1895.751966 -24.047797
-3667.339101 -2331.811516 -97.341593
-2503.521501 -1588.160318 -60.804044
-2471.585483 -1627.223375 -3.165791
-2456.584634 -1625.233919 2.294216
-3491.249984 -2218.831777 -86.255080
-3402.715335 -2245.248439 -0.975679
-2935.112972 -1849.301143 -95.124653
-3433.758747 -2120.041848 -26.844504
-2919.547059 -1797.314523 -32.338089
-3165.975854 -2087.225024 1.594371
-3050.220773 -1904.365846 -9.980458
-3735.579592 -2460.179688 -3.724823
-2356.040423 -1559.654511 1.801825
-3065.194489 -1893.116050 -28.931379
-3625.373082 -2213.221527 -79.109621
-3240.767682 -2133.702785 22.824877
-3002.042323 -1975.874356 22.590489
-2430.149270 -1483.032978 -52.521841
-2408.637742 -1585.221769 17.965399
-2324.020287 -1574.165211 -25.271691
-3122.361902 -2070.470752 -76.632816
-3186.286637 -2111.604403 -77.402086
-3898.533841 -2440.643241 -27.287579
-3481.190975 -2306.628689 -83.519421
-3185.919744 -2109.761688 -76.564381
-3760.073067 -2327.098548 -40.967630
-2551.227068 -1617.716511 -62.649044
-3857.719002 -2592.130088 -71.884935
-3923.374471 -2426.777358 -43.248271
-2863.142792 -1801.338555 -23.710404
-2791.366031 -1756.355313 -23.233321
-3189.939224 -2144.139746 -60.312115
-2573.060526 -1666.739648 -82.024812
-3506.898393 -2290.457088 2.248207
-2575.762033 -1669.012553 -79.974581
-3124.614269 -2037.419898 23.797035
-3546.158179 -2311.955114 -76.737234
-2851.129251 -1921.372897 -68.120142
-3047.534993 -1885.807037 -33.618742
-2797.539087 -1852.044567 1.146566
-3459.782833 -2129.189141 -56.147462
-3126.016207 -2045.139008 -71.461820
-3388.114074 -2194.409038 -87.887556
-3845.126132 -2491.481874 -103.680037
-3636.342665 -2379.540525 -81.592062
-3725.847088 -2414.391731 -100.501501
-2110.824802 -1368.088687 -58.118247
-2586.972108 -1758.450664 -61.222538
-3147.166376 -2033.062351 -97.023698
-3156.235635 -2145.846613 -68.088185
-2673.383969 -1725.892750 -79.287271
-3180.418163 -2165.701989 -59.928051
-3792.454344 -2580.558563 -71.284594
-2831.371140 -1828.542874 -88.203711
-2600.379771 -1769.195397 -48.151148
-3417.203082 -2297.762667 -37.532899
-2944.728891 -1844.060374 -89.561184
-2569.530528 -1659.731178 -79.429347
-2509.560355 -1620.884492 -76.785177
-2488.989116 -1674.097144 -2.346904
-2327.965199 -1429.287856 -19.821836
-3731.497701 -2320.487013 -16.540775
-2730.136103 -1672.114058 -66.119014
-3775.185935 -2348.365533 -22.800729
-3713.345207 -2274.436301 -88.235458
-3813.099729 -2375.857799 -25.971581
-3528.956451 -2336.940429 3.014827
-2688.013082 -1705.837740 -64.736673
-3562.555024 -2345.602656 23.420557
-2317.645354 -1565.742150 -25.554339
-3748.328966 -2474.357580 39.623119
-3394.465420 -2281.274495 -3.032258
-2042.575581 -1310.422978 -85.532310
-2428.520535 -1502.758896 -7.440310
-3673.534935 -2332.378892 -93.599849
-3775.392452 -2467.594876 -86.981494
-3151.960559 -1956.147546 -14.606770
-2885.327622 -1885.041507 -66.467848
-3269.535773 -2029.856069 -16.146153
-2541.722680 -1595.627376 -30.640354
-2644.538250 -1759.696758 -86.089820
-3767.551811 -2506.954516 -122.315729
-2979.557542 -1851.330747 -51.454942
-2951.650218 -1924.966528 -63.813290
-2424.463243 -1596.728826 15.409813
-2744.700283 -1766.034564 19.778587
-3480.493459 -2252.761605 25.570795
-2901.460567 -1813.311077 -41.035881
-3453.802789 -2236.589914 19.161516
-2524.407920 -1690.822941 -53.497899
-2327.531052 -1454.196784 -32.911718
-3745.239164 -2455.073702 36.166865
-3129.666049 -2082.612777 -67.119717
-3570.389303 -2195.038981 -76.241954
-2494.305417 -1620.080054 -78.795111
-3437.065590 -2162.572762 -12.543797
-2354.253038 -1540.460858 24.370934
-3246.997574 -2018.763645 -40.129158
-2355.900397 -1540.979578 24.115072
-3108.048315 -2032.742449 27.348031
-3483.008568 -2255.700059 21.367015
-3850.858806 -2602.634931 -97.590560
-2723.712840 -1734.585743 -65.303832
-3362.102942 -2271.836125 -85.708413
-2781.188416 -1799.546390 40.679262
-2763.823490 -1774.437288 -113.093035
-3515.085592 -2278.718839 -144.509461
-2174.571074 -1399.304429 14.873655
-3734.591426 -2484.467705 28.328438
-3539.463674 -2335.913258 37.017291
-3774.307502 -2480.879980 -129.984486
-2618.797266 -1643.162252 -41.423261
-3070.839000 -2025.073691 25.587618
-3068.788188 -2023.537561 26.113987
-3787.805650 -2440.373933 25.576244
-2315.148110 -1491.382432 15.909837
-2734.140214 -1802.580356 25.878048
-2246.174777 -1446.598899 16.338994
-3201.055050 -2108.840179 34.030694
-2640.829681 -1739.351125 29.324026
-3508.506064 -2334.374081 22.708028
-2942.421177 -1937.177686 29.863451
-3338.074928 -2197.502261 35.710380
-2942.008434 -1936.738079 29.863730
-3010.969968 -1981.807598 32.329643
-3514.913759 -2312.276021 29.021141
-2605.388431 -1712.715868 23.804173
-3471.725766 -2195.709784 -30.223599
-2586.048062 -1699.926732 23.240111
-2916.789355 -1887.752196 14.867385
-3643.858045 -2279.635097 -47.978801
-3033.173772 -1987.243755 -104.224620
-3391.162507 -2188.845074 -101.144479
-3124.075262 -2036.496344 25.094772
-2868.149516 -1800.282005 -8.369824
-3500.888080 -2306.187737 23.240337
-2265.348467 -1511.345057 -42.052142
-3170.613189 -2089.870445 19.994972
-3787.911730 -2496.158598 23.469722
-3662.844400 -2474.506286 -92.500944
-3454.881267 -2114.518340 -67.149069
-2842.104545 -1783.823168 -9.050372
-2196.023685 -1465.163927 -41.016025
-3521.483605 -2320.712728 23.021812
-2136.557954 -1339.819389 -7.363321
-2505.943096 -1678.443218 -53.401916
-2294.118902 -1489.907770 22.171095
-2314.901232 -1444.371297 -60.808357
-2534.379249 -1577.162432 13.911497
-3142.992476 -1978.948001 -63.323362
-2349.301208 -1575.892396 -50.884538
-2738.805735 -1793.799375 -4.500664
-2688.781145 -1767.285553 19.648620
-3319.871962 -2089.716574 -64.581327
-3064.571750 -2070.046434 -33.381150
-3368.680604 -2186.522213 28.125704
-3015.585897 -2050.045278 -69.593904
-2977.850521 -1875.003998 -58.989339
-2768.836485 -1720.802652 -85.353682
-3424.518827 -2332.345281 -72.850683
-3368.998358 -2115.070603 -109.747608
-2578.541857 -1735.020734 -78.786818
-3227.633387 -2066.051570 -36.045024
-2202.806648 -1369.310083 -67.981433
-3064.435453 -2022.074228 28.773557
-3621.731890 -2294.700338 -59.764957
-3290.641208 -2108.334887 -37.078396
-2741.958022 -1808.207049 25.449852
-2512.709347 -1661.577492 25.573887
-3767.738041 -2524.814347 30.029568
-3160.264581 -2148.519989 -74.083387
-2238.638561 -1521.911467 -51.764720
-3773.204477 -2531.276985 30.275873
-2810.848355 -1858.152681 28.503711
-3340.794177 -2196.656929 -97.539579
-2612.981900 -1645.448335 -50.633333
-2375.074691 -1509.170088 -57.754574
-2830.347484 -1853.455206 -4.516159
-2881.677390 -1824.888085 -103.158830
-2583.203495 -1677.004422 -94.872806
-2988.280339 -1910.356647 -75.292627
-3164.485024 -1977.935892 -45.900699
-2585.333269 -1677.222987 -95.003840
-3545.761945 -2235.508611 23.979065
-2731.530621 -1795.040043 19.728751
-3135.424247 -1992.390509 -76.518620
-3429.981687 -2170.103661 -123.406800
-3369.089866 -2057.886828 -78.118671
-3696.984796 -2394.011696 28.177045
-3589.415063 -2414.054159 -83.481403
-3556.136147 -2367.915624 -75.933268
-2325.557187 -1477.668366 -56.486719
-3124.363329 -2023.355730 23.944658
-3294.701899 -2170.919629 -27.332006
-3634.194422 -2398.542953 -40.677429
-2787.970464 -1831.428083 19.881574
-2455.717419 -1532.974053 19.585741
-3593.127512 -2235.301239 -42.274053
-2906.872573 -1955.894017 -32.776236
-3421.904422 -2268.999294 -83.292334
-3920.365547 -2420.456372 -15.652205
-2818.311025 -1727.805325 -32.033624
-2552.253276 -1587.890529 -30.084770
-2918.834966 -1856.396850 18.032143
-3670.343657 -2411.229893 28.232311
-3518.248022 -2292.482012 -61.132094
-3798.356442 -2387.578157 22.159529
-2901.072919 -1845.223646 17.760460
-3581.444975 -2194.124718 -51.560347
-3784.883308 -2400.501460 -42.671927
-2465.463587 -1617.446015 -48.527686
-2339.515893 -1491.071872 -20.413081
-3458.813413 -2172.048755 22.902748
-3264.840548 -2066.657549 9.287504
-2915.461565 -1801.996837 -49.976709
-2374.415306 -1503.695971 -4.818935
-2742.205874 -1737.011481 -5.093540
-3221.724474 -2128.524554 -35.419174
-2958.097379 -1908.838016 22.022457
-3904.739100 -2543.464762 28.943310
-2622.220943 -1663.587019 2.986345
-2464.135652 -1590.465827 18.869614
-3221.126886 -2041.584169 -5.956320
-3110.251677 -2025.986025 23.131373
-3348.067967 -2116.115531 -121.033892
-2710.316947 -1833.951900 -30.758980
-2289.068924 -1548.788913 -25.755152
-3407.340347 -2100.260810 -38.855742
-2530.046741 -1588.979923 16.990661
-2535.109527 -1592.140131 16.913133
-2622.403776 -1636.184360 -27.942887
-2576.052434 -1607.137954 -28.349302
-3446.044751 -2147.474211 -78.615347
-3655.114654 -2291.699486 45.559090
-2489.716971 -1674.294027 -46.954930
-2935.649655 -1925.990098 -58.426611
-3145.862455 -2061.196829 -35.779433
-2551.099151 -1592.108701 -27.775275
-2800.763060 -1747.934276 -30.608750
-2757.090505 -1779.798368 20.415050
-2780.322382 -1795.409951 20.083762
-3422.802625 -2259.464388 -76.934274
-2745.250485 -1730.267759 -78.356758
-2528.348590 -1670.013045 -28.457374
-3237.604970 -2044.095280 2.719235
-3332.074038 -2122.006355 26.376360
-2968.674901 -1959.763666 -67.042704
-2995.608257 -1977.657641 -67.245092
-3153.465357 -2001.053739 -76.878929
-2312.601165 -1424.835050 -26.824626
-2949.819193 -1906.970564 -115.106579
-2935.150417 -1925.678695 -58.378633
-2937.282466 -1831.300604 -32.227283
-2705.556647 -1818.574661 -30.388053
-2912.603237 -1957.199866 -33.041608
-2989.655670 -1884.774770 -109.774828
-3202.150086 -1965.454589 -54.595202
-3520.369027 -2159.262300 -51.090554
-3372.056243 -2141.649907 -38.750645
-2583.020056 -1606.973941 -15.870106
-2478.093386 -1644.945347 16.364894
-2884.116625 -1809.478460 -33.704605
-3191.360644 -1973.346183 -10.228042
-3502.658550 -2325.248588 22.241722
-2913.602388 -1873.720307 -66.620307
-2717.123170 -1780.787416 21.349801
-3720.203704 -2334.345225 -44.204213
-2843.431237 -1885.036593 -90.339116
-2653.706471 -1737.117284 -79.369775
-3914.300715 -2460.915438 -150.652303
-3143.188647 -2085.901217 -101.228674
-2633.067503 -1683.812693 -40.597645
-3452.181690 -2264.920413 26.801899
-2412.760568 -1569.428033 1.307025
-3818.119581 -2372.104878 -121.610712
-3547.362302 -2327.012399 26.622773
-2975.352200 -1951.627340 22.995285
-2453.592978 -1627.843684 -78.021057
-2345.439099 -1477.361441 -66.367375
-3230.568602 -2121.164910 24.502063
-3855.122514 -2453.972427 6.420311
-3215.422905 -2046.828357 5.292288
-2533.160187 -1603.784301 -29.573604
-3512.351953 -2309.280499 28.259051
-3574.556666 -2263.471054 -41.399183
-2452.074449 -1552.804746 -28.619586
-2595.086261 -1651.636824 3.857958
-3869.162167 -2588.130596 24.595399
-2665.291699 -1691.940110 2.970497
-2718.725387 -1726.513530 1.799880
-2847.893438 -1753.200572 -19.627546
-3455.914331 -2183.464246 -10.690793
-2299.495017 -1511.784617 17.441079
-2454.798184 -1552.488199 -59.197574
-3761.972796 -2402.238960 -59.125328
-3780.716226 -2408.165406 2.481971
-3430.205087 -2137.033899 16.818442
-2399.169952 -1528.171926 0.794396
-3039.197869 -2036.830054 24.106472
-3421.718119 -2185.704597 -54.131154
-2244.513204 -1407.828961 -49.575769
-2438.000883 -1551.802099 1.767142
-3326.865668 -2191.877903 -16.277886
-3345.907481 -2080.280194 3.471723
-2498.207472 -1524.708677 -16.677974
-3038.224195 -1956.011172 -69.162978
-2928.974146 -1923.412675 -58.914105
-3758.646494 -2454.760643 37.780119
-2951.430873 -1974.991602 -2.192167
-2930.610470 -1914.428140 -52.490086
-3453.502021 -2267.532603 32.128628
-3190.762779 -2059.550804 11.431213
-2775.028815 -1729.800345 -44.274621
-3362.619263 -2208.871869 30.823883
-2371.945677 -1524.448560 11.779835
-3847.711123 -2584.731021 -51.581163
-2417.591973 -1514.335516 30.042153
-2943.957460 -1911.848643 -87.085921
-3240.781749 -2015.560087 -40.882522
-3772.247711 -2415.340125 28.094083
-3216.508212 -2163.987852 -107.168242
-3070.854666 -2057.183209 -25.779106
-2998.156368 -1891.843605 -35.935487
-3854.279581 -2462.296523 -16.226992
-2847.369307 -1744.070470 -64.995496
-2779.420164 -1777.362955 -17.071868
-3148.173608 -1970.779830 -21.224430
-2557.511169 -1601.046571 -17.623493
-3238.814737 -2041.188861 -112.942124
-2842.030650 -1875.358362 -97.962717
-2671.918252 -1736.175603 26.013890
-2752.385475 -1733.863393 -79.640362
-2571.714290 -1608.135887 -93.931826
-2745.018292 -1729.352956 -79.482394
-2679.127682 -1688.496507 -86.598225
-3578.437227 -2303.398046 64.149153
-3151.448583 -1968.497274 -106.418052
-2654.325230 -1720.189212 -5.740915
-3084.723454 -2014.093619 -61.705910
-2917.170527 -1905.288816 -58.158136
-3294.819270 -2032.856526 -53.653825
-2625.870731 -1701.491980 -6.244086
-2711.140875 -1816.507236 -16.783629
-3639.657156 -2382.686247 -83.872349
-3126.025339 -2046.708500 -71.757008
-3237.150483 -2140.851712 -42.221647
-2475.974583 -1683.785539 -36.258731
-3448.782561 -2285.202795 -103.899965
-3391.931388 -2290.046949 -36.873452
-3204.401764 -2179.540176 -46.345515
-2908.446877 -1957.762651 10.151702
-2590.202754 -1659.319850 18.895556
-2643.241398 -1785.904143 -1.260666
-2659.296093 -1781.429162 22.926991
-3850.435448 -2593.512785 14.597998
-3085.133414 -2013.880645 -61.082145
-2743.957788 -1809.505329 24.290078
-2493.224682 -1545.747564 3.992483
-3598.806228 -2321.218533 -66.272173
-3810.202437 -2567.138884 -42.834092
-3217.736085 -2049.336469 5.450149
-2678.298028 -1707.542955 -0.720015
-2326.364450 -1476.493457 3.185272
-2751.870452 -1807.815711 -14.816988
-2742.572052 -1730.287918 1.737990
-3148.207142 -1982.181026 -91.108314
-2536.816678 -1600.216952 0.246409
-3414.176394 -2089.945069 -78.827156
-3041.634744 -1915.132831 -87.849787
-3212.352459 -2169.127413 -2.638800
-3539.165544 -2372.349572 29.417447
-3653.902975 -2332.878497 -42.419349
-3563.937773 -2279.451286 -89.129035
-3470.275105 -2325.900912 -10.177006
-3642.924192 -2325.052996 -41.891594
-2656.396372 -1695.978324 -30.775719
-3918.369874 -2500.728829 -87.227701
-3426.084697 -2330.810645 -80.829341
-2312.578253 -1533.316304 -26.121738
-2469.951025 -1680.588414 -56.208713
-2705.429682 -1820.716826 -79.016383
-3482.316088 -2182.108374 -70.139939
-3561.968548 -2200.630262 10.796616
-3522.525442 -2234.828807 -56.027036
-3607.757589 -2386.477615 -84.764892
-2397.656187 -1509.941682 13.776994
-3057.788589 -1916.181940 -112.269266
-3751.325928 -2351.807552 -136.673387
-3908.687468 -2449.168407 -79.373417
-2936.705224 -1937.135878 -64.794283
-2555.111984 -1614.469500 -63.468383
-2535.980862 -1567.958636 8.101531
-3677.230973 -2432.536946 -87.112952
-2959.024314 -1806.614295 -50.038028
-3698.557259 -2441.400359 -10.077858
-2487.518805 -1618.740087 -29.446987
-2701.609011 -1817.219290 -76.959553
-2472.911605 -1655.576949 -20.956369
-3597.945244 -2357.693084 -139.061877
-2965.622270 -1857.736861 -7.565171
-2618.764120 -1632.348590 -94.544801
-2531.256550 -1575.881485 17.506809
-3449.542242 -2239.561820 -106.340671
-2789.421365 -1852.296422 -0.675857
-3436.076026 -2280.879399 -0.712239
-3443.942391 -2296.602449 -65.920788
-2947.155479 -1956.257361 1.108992
-2696.588702 -1713.611179 -62.452824
-2393.033777 -1587.723385 5.256270
-3402.973785 -2287.052530 -96.683146
-2866.004958 -1796.365794 -102.871069
-2934.571869 -1828.443241 -20.966724
-2972.753772 -1902.821856 -69.508142
-3840.522652 -2375.938381 -41.163436
-3532.976890 -2348.343395 10.364763
-3405.036753 -2154.359891 -21.448749
-3300.107745 -2192.884365 10.427537
-2759.218588 -1822.690217 -97.986155
-2490.733577 -1600.939001 -94.927245
-2483.687682 -1662.529267 -20.871848
-2757.188311 -1821.244470 -98.283917
-3471.726036 -2324.005509 -28.908450
-2914.289480 -1919.433569 -24.254011
-2758.150120 -1821.810880 -97.771982
-3137.347678 -1975.999629 -65.381688
-3651.364746 -2406.141807 35.182619
-2318.507595 -1527.352989 21.983340
-3201.416881 -2108.533763 31.856665
-3517.761918 -2316.407217 30.644423
-2355.744691 -1548.848486 21.971315
-2603.480535 -1620.704803 16.991758
-3666.231951 -2328.931404 -29.759564
-2864.028381 -1933.258522 -66.201671
-2924.103383 -1963.053542 -101.836893
-3490.589832 -2299.345459 26.787151
-3543.081324 -2333.332611 26.558669
-3501.186698 -2305.669629 26.514037
-2369.914821 -1599.696319 -54.994430
-2326.471592 -1532.522159 -6.705239
-2797.474672 -1888.170670 -64.996171
-2720.303399 -1782.068768 -5.354884
-3160.234350 -1970.773292 -79.039233
-3911.100516 -2439.380530 -97.677877
-3218.499427 -2106.959052 -131.667262
-3707.117446 -2520.523940 -88.362165
-2882.374845 -1798.703489 -71.924949
-3175.955354 -2077.496672 7.395125
-3079.707500 -1945.479490 -115.964964
-2967.176569 -1856.548862 -7.682428
-2463.067901 -1643.054752 -46.883489
-3622.801560 -2395.195945 5.085840
-2465.020971 -1629.410623 3.965337
-3113.338581 -2057.922343 -6.754243
-2294.794332 -1531.469261 -42.597940
-2394.421630 -1608.373992 -69.325085
-2252.859572 -1483.201799 -30.493091
-2768.523279 -1826.786006 0.468270
-3447.320402 -2273.709440 25.088972
-3342.295622 -2204.050216 24.421286
-3398.182395 -2107.313265 -83.597389
-3166.030417 -2088.590154 0.107745
-3132.920654 -2100.372081 -112.472632
-3552.110977 -2382.265470 -126.904439
-2700.806578 -1814.660638 -76.631758
-2513.229838 -1657.110377 17.898542
-2926.479582 -1870.064062 -25.476733
-3427.981131 -2178.452129 -21.366590
-3399.684444 -2096.607589 -91.010806
-3648.545903 -2318.717215 -21.493191
-2574.585603 -1605.415140 -92.542549
-2443.970976 -1540.963059 -44.777153
-3809.450369 -2478.205814 37.217324
-2582.084648 -1735.843368 -73.206639
-2673.419545 -1676.240694 -54.699095
-2689.485637 -1661.558537 -69.713974
-3031.291197 -1914.213264 -53.314389
-2259.669827 -1433.570705 -35.734295
-3566.486944 -2266.058490 -21.243006
-3413.143555 -2274.264782 -129.892210
-2416.240391 -1572.049264 23.555530
-2832.600455 -1786.860026 -52.059512
-2568.848616 -1653.854066 7.759066
-2599.038168 -1732.018175 -99.644691
-3101.092271 -1966.836633 -49.038620
-3136.674173 -2056.288253 -127.778268
-3736.465375 -2367.072134 -61.504600
-3010.671667 -2033.743734 -89.341519
-2355.493217 -1542.489292 -7.200031
-3807.163322 -2571.646601 -40.644534
-3821.833120 -2478.249537 26.351268
-3766.047079 -2503.458987 7.209053
-2728.959191 -1785.392763 -66.647632
-2899.915843 -1967.079743 -30.627004
-3201.540388 -1969.461310 -88.552983
-3381.853994 -2080.571009 -92.921174
-3343.378758 -2111.525600 -136.357293
-2713.657569 -1845.863329 -67.944538
-3439.026091 -2307.866641 28.146443
-2537.212958 -1725.263438 -60.077548
-3109.566533 -2087.853728 25.108513
-3151.172107 -2143.180995 -70.108873
-3550.030969 -2190.229538 -37.774386
-2463.811013 -1566.311437 -40.441615
-2894.819368 -1972.372217 -59.022733
-3792.042927 -2582.602248 -76.061088
-2848.518688 -1803.547348 -101.225860
-2777.268313 -1892.700898 -58.779488
-3760.782752 -2523.621501 30.204903
-3009.693098 -2033.139976 -89.399998
-3410.385546 -2257.036992 -39.006061
-3049.289777 -1902.090280 -68.146245
-2501.055996 -1696.640192 -39.895680
-3120.419966 -1975.366374 9.986299
-2949.820732 -1839.336487 -66.409679
-3035.495554 -1978.154609 -66.921263
-2124.121983 -1397.441835 -10.330429
-2509.233401 -1704.607770 -61.387571
-3327.293252 -2115.376242 -75.825276
-2681.488533 -1772.815954 -29.210017
-3726.061798 -2504.150441 -128.553532
-2419.194190 -1536.778565 19.557710
-2972.513327 -1905.846725 -67.938260
-2684.824683 -1683.641852 -32.137043
-2397.133597 -1510.340739 19.713244
-3178.933456 -2116.334395 -79.334697
-3267.526746 -2083.351906 10.359114
-3201.000516 -1995.120057 -52.419098
-2560.728183 -1641.809448 -58.480058
-3208.040273 -2179.699819 -78.396259
-2516.421638 -1657.530866 -21.099031
-3771.274129 -2511.348756 -93.111589
-2567.552749 -1609.995562 -95.649821
-3100.614912 -2112.425886 -68.707409
-3214.690602 -2075.132218 -55.888043
-2992.385595 -1916.703731 -68.782728
-2946.452541 -1887.609743 -68.512428
-3572.344811 -2380.410159 31.561244
-2599.466026 -1721.158916 -28.414324
-2867.875856 -1911.068800 24.927841
-3747.051965 -2422.607240 68.869325
-2975.810231 -1905.321305 -69.747632
-3359.471306 -2192.560362 30.059658
-3551.808443 -2198.022593 -12.483079
-3124.552167 -2100.698241 -14.838995
-2332.887283 -1569.199977 -78.178477
-2333.602152 -1568.952757 -10.750058
-3105.091937 -2008.427139 56.002506
-2723.551244 -1856.409638 -48.753399
-2923.530620 -1827.663358 -5.748288
-3243.761970 -2206.941623 -28.125555
-3724.853111 -2386.431613 -62.098266
-3013.905854 -2055.037099 -52.986961
-3382.560678 -2284.764759 -35.745474
-2722.225188 -1857.440261 -47.715326
-3409.077020 -2324.210863 -60.556493
-2745.714729 -1856.105469 -25.678848
-3394.579587 -2266.546557 -128.569971
-3130.820164 -2006.322268 -71.657934
-2542.046663 -1589.256037 7.340280
-2685.325838 -1789.565534 -29.125639
-3476.238750 -2313.706594 -88.662904
-3701.222219 -2348.876856 -114.828083
-2702.712569 -1768.729251 30.355768
-3005.496273 -2010.668581 11.346257
-3628.589249 -2261.103787 -110.438924
-2998.616079 -1949.809602 -97.437358
-2540.705039 -1700.707812 24.471137
-2309.203495 -1428.048947 -43.795132
-3251.210999 -2128.289018 -61.927665
-3506.169027 -2295.062895 -66.719723
-2311.565576 -1414.367315 -9.577984
-3179.804681 -2078.534416 33.215118
-2356.460097 -1541.081652 24.012691
-3258.394789 -2068.366019 -57.805280
-2386.373563 -1553.719124 20.880092
-2940.782436 -1965.707845 -77.626009
-2729.596992 -1733.777780 -68.306166
-2596.609743 -1642.722007 -16.746772
-2741.546101 -1717.213354 -7.986738
-2268.224350 -1500.685828 21.204588
-3007.542036 -1947.279778 -104.412952
-2598.183735 -1643.392450 -79.072708
-3226.155784 -2108.927283 33.345597
-2873.524036 -1890.745747 -88.820066
-3779.499691 -2400.356173 -95.586934
-3487.753016 -2306.246027 33.866246
-2422.519678 -1527.617230 27.490758
-2508.896923 -1589.928367 -24.070294
-3644.841776 -2366.520951 -129.919806
-2397.718088 -1566.378457 20.246955
-2719.444968 -1745.398407 -100.674781
-2682.103398 -1802.667434 -3.339341
-3046.942024 -1907.744226 -21.833381
-3799.935269 -2566.341453 -47.068067
-2665.239284 -1728.954150 -95.467594
-2617.562644 -1615.646470 -11.805047
-3483.150548 -2219.567209 -41.904704
-3565.798942 -2279.514570 -143.329859
-2576.243688 -1631.192380 -48.865453
-3538.231903 -2367.696710 31.383892
-3385.016303 -2242.021766 -101.766589
-3009.738235 -1948.608200 -104.445146
-2017.107680 -1254.135789 -8.377999
-3848.918333 -2488.605949 -134.558327
-2271.620268 -1521.932752 -19.796931
-2828.680887 -1804.086722 -61.019906
-3372.871555 -2203.563022 27.915378
-3366.082950 -2199.323451 37.018530
-3166.756470 -2047.423579 -74.732341
-2953.250250 -1897.620488 -57.655248
-2617.568054 -1624.741093 -13.243982
-3778.538557 -2442.424463 -130.813162
-2079.686129 -1416.718673 -34.341110
-3346.643712 -2216.271055 26.151087
-3215.134901 -2090.420503 0.242031
-3137.208781 -2138.386727 -51.229154
-2995.515399 -1931.084877 27.198961
-2886.655449 -1865.091915 -99.237964
-2819.863691 -1744.939583 -53.384747
-3254.116292 -2052.291309 -104.453199
-3769.657601 -2429.380521 33.678720
-2453.955493 -1586.166975 -84.683481
-2917.684696 -1961.041046 -67.770322
-2334.533798 -1466.425574 -50.993569
-3085.789367 -1994.621223 -105.388186
-3514.425756 -2265.046715 30.758662
-3883.779270 -2513.462375 -134.508512
-3550.826648 -2221.843595 30.083655
-3184.067048 -2021.715483 -80.608542
-3084.018918 -2015.315004 32.387873
-2632.933154 -1668.016147 -25.490353
-3424.366244 -2150.210656 -74.041741
-3137.573264 -1963.945657 25.966915
-3836.837007 -2412.123957 40.254444
-2629.156801 -1756.734193 -69.480633
-3135.853692 -2066.504617 -7.297818
-3387.048839 -2219.354258 -115.492076
-2966.274090 -1858.378552 -8.032709
-2634.511196 -1669.028048 -25.530486
-2684.882583 -1738.135990 15.887747
-2967.245056 -1954.774396 -6.351802
-1972.030371 -1318.941654 6.808606
-2496.597959 -1541.978049 -69.290671
-1944.745403 -1220.074356 -42.224474
-2561.374415 -1739.286058 -26.997127
-3737.896812 -2309.580505 -104.313184
-3152.891514 -2105.491294 -49.729861
-3004.261626 -1965.476789 -95.225580
-2655.455812 -1776.538581 23.505200
-2360.260735 -1480.774972 -50.868721
-3730.703889 -2320.770621 20.773568
-2579.422441 -1687.619919 -81.669526
-3400.869160 -2213.938567 -128.846166
-3249.742993 -2133.130643 -67.890686
-2675.620969 -1750.014344 -84.932000
-2520.879110 -1647.931818 -80.808575
-2947.913672 -1927.506425 -94.635060
-3215.606231 -2171.150001 -67.025712
-3118.756247 -2026.949057 -50.521638
-2770.010525 -1772.449002 -65.609318
-3139.446182 -1989.934955 -6.093876
-2348.280886 -1547.909181 -75.379761
-3296.868137 -2107.329067 -95.173679
-3040.842676 -1936.763921 0.002386
-3871.023927 -2485.685221 -95.003102
-3077.344823 -1910.434782 -34.436400
-3490.749708 -2191.076343 -138.951104
-2676.908255 -1776.108939 -84.304723
-3557.425820 -2211.551887 20.734680
-3732.069206 -2493.085846 -58.220421
-2879.885444 -1883.250589 -91.667906
-3688.304951 -2349.415451 1.895772
-3074.929024 -2059.662728 -32.184591
-2317.981680 -1496.010421 8.148340
-3458.344607 -2309.078490 -31.595462
-2616.384413 -1614.607555 -42.187745
-3348.291161 -2175.034354 5.079393
-3628.457037 -2266.097680 -115.748238
-3906.796028 -2475.256685 34.115655
-3275.278242 -2128.032875 6.279791
-3199.804873 -2120.270721 -46.166380
-3728.665103 -2472.297469 -53.218816
-3686.754327 -2461.271214 9.542103
-3539.851196 -2361.166454 9.743414
-2589.137780 -1658.276291 18.549066
-3066.646022 -2015.095234 -10.170089
-2966.909381 -1949.709931 -9.893111
-2682.574401 -1695.715386 -65.138498
-3304.094334 -2022.637852 -38.649134
-2745.191531 -1728.270547 -0.939972
-2930.461049 -1844.799862 -1.318224
-2320.179398 -1470.892806 20.554878
-3129.509472 -1985.981497 -78.375093
-3815.597125 -2412.364951 -94.036248
-2329.480184 -1548.507956 18.149056
-3762.154211 -2461.815528 -70.632955
-3163.317892 -2058.755852 -131.954015
-3688.020926 -2413.888292 -69.100973
-3782.741614 -2435.482382 10.751613
-2528.805845 -1681.175870 -60.262208
-3404.891586 -2191.736137 10.140268
-2716.057207 -1805.678509 -64.518416
-3243.150231 -2027.941438 -33.317731
-3083.275767 -2073.427631 -3.900232
-2221.559867 -1400.665352 -42.343090
-3540.182583 -2231.958728 -66.163780
-2344.126717 -1525.136782 -80.301383
-3079.897490 -2089.560647 -81.828264
-3462.984008 -2339.672530 -36.498017
-2363.651331 -1607.640871 -19.246553
-2721.061037 -1743.916606 -62.671579
-2877.177381 -1919.106723 28.012607
-3706.691793 -2376.832608 -85.142040
-3601.262580 -2299.400462 -83.345124
-3591.639941 -2351.144284 -13.057153
-2824.595160 -1773.337333 -43.048438
-3559.171778 -2243.629152 41.582161
-3354.208952 -2101.251614 -121.341543
-2732.185549 -1687.510832 -28.808291
-3143.394877 -1943.005512 4.463186
-3708.747120 -2441.583126 -84.334349
-2473.488818 -1622.143837 -21.368863
-3631.812355 -2264.293084 4.020360
-3630.542056 -2263.485089 3.957456
-2739.101749 -1672.611951 -48.670689
-2964.062123 -1805.508960 -49.332707
-3196.558352 -2024.974011 -20.843062
-2566.760786 -1585.988131 3.498114
-2525.263266 -1559.609583 3.670159
-2501.183142 -1524.459609 -42.561148
-3194.498318 -1969.709837 -13.052749
-2658.605553 -1654.715185 -90.422632
-3251.850593 -2132.600934 -27.809291
-3747.119147 -2445.300868 -146.462579
-3027.812966 -1935.433495 -29.769954
-3535.557789 -2307.435253 -139.443701
-3134.545660 -1929.562477 -82.232897
-3025.124533 -1880.852985 -44.755073
-2610.871632 -1745.955152 -72.218986
-3170.104315 -1981.958330 -37.342095
-2847.787379 -1850.294959 -121.391122
-3252.927770 -2131.689759 36.484079
-2582.209227 -1691.836561 27.738480
-3967.235852 -2441.802795 -93.417242
-2890.935259 -1799.805101 -99.023062
-3258.734875 -2134.817998 37.349356
-2305.360747 -1507.860294 -61.184380
-2403.815521 -1514.777750 -86.215078
-2990.391309 -1871.376956 -35.122360
-2743.005221 -1713.078220 -77.842813
-2791.420194 -1757.035319 -11.729972
-2773.447356 -1719.899897 22.710442
-3179.907101 -2035.996586 -58.556653
-3528.039393 -2302.765247 -139.910499
-2738.373061 -1817.485398 19.053845
-3249.431044 -2010.597341 -54.123572
-3546.585075 -2220.951939 43.792884
-2855.622464 -1902.427099 -59.050057
-3497.904375 -2143.714636 -83.343717
-2521.077234 -1679.981045 -45.024315
-3127.786544 -2085.725506 -56.082431
-3461.568151 -2275.801038 -120.882807
-3135.828979 -1953.925057 13.694487
-2540.214694 -1662.198921 -66.965977
-3327.093294 -2199.418060 -115.857371
-3005.236335 -1968.042521 35.087533
-3663.444544 -2329.861710 -97.893463
-3576.942722 -2293.961007 -93.332759
-3008.869556 -1990.440946 -80.026449
-2679.046747 -1722.136689 -85.732498
-2924.899759 -1912.306045 -67.789019
-2687.914672 -1681.606645 -101.606246
-2415.533961 -1580.177020 21.356400
-3026.034746 -1915.617897 -68.234813
-2652.803905 -1733.859218 -61.293771
-2943.527534 -1857.727837 38.197969
-3067.829243 -2001.385499 32.392153
-3905.342115 -2511.267039 -112.491507
-2417.884055 -1581.723056 23.814989
-3528.602979 -2366.534209 -2.578901
-3147.162420 -2133.058269 -6.056099
-3432.665762 -2211.834054 -61.720090
-2472.118686 -1658.079621 -54.056203
-3655.926228 -2478.466543 -6.852013
-3204.412153 -2073.810177 10.093326
-2683.197918 -1752.709142 -52.740137
-2020.441304 -1295.011623 15.305690
-3500.983286 -2255.651015 -64.301479
-2564.124120 -1584.032808 4.733500
-2950.566873 -1951.933849 33.130427
-3017.912804 -2052.106970 -54.430044
-3441.197500 -2340.086888 -61.701223
-3696.462154 -2338.094015 -87.225889
-2378.186708 -1467.605907 5.237838
-3545.891911 -2274.751472 -18.507121
-3460.965672 -2314.681711 -95.378045
-3024.737203 -1932.795155 -29.162545
-2743.388965 -1671.150260 -47.073867
-2610.155450 -1745.916734 -72.335778
-2697.047680 -1809.947383 2.205634
-2518.403377 -1580.998759 14.967845
-3463.710624 -2176.914506 -12.465069
-3732.806757 -2492.459373 -42.639971
-3568.616584 -2356.849467 31.807888
-3120.473678 -1948.672377 -88.302915
-2946.657348 -1860.358871 0.848758
-2525.235634 -1579.271594 -94.014590
-2446.577731 -1592.389104 -0.754165
-3197.489749 -2112.657721 28.883673
-2637.714118 -1611.228209 -47.481650
-3807.156657 -2435.238823 -56.378891
-3697.207473 -2406.008177 -0.076057
-2673.033133 -1707.622964 -41.779874
-2671.004994 -1706.329796 -41.678994
-2296.913575 -1517.302615 20.813763
-3340.607922 -2125.599339 -88.245141
-3651.554049 -2336.876308 -42.019507
-2424.546270 -1500.515363 -70.452053
-2697.065218 -1764.158961 -97.365444
-3071.420652 -1974.862348 59.174910
-2544.354223 -1584.086894 -73.708989
-2427.995503 -1606.414125 30.089780
-3118.784173 -2001.550398 59.118448
-2925.212090 -1854.864107 37.343373
-2992.922725 -1933.315267 -43.763035
-3267.345296 -2103.185561 62.887042
-3394.506979 -2138.477285 -38.625654
-2633.255256 -1638.554737 -90.324417
-3709.521488 -2438.307187 -55.283674
-3198.755180 -2102.615819 -47.511798
-3548.266620 -2331.889706 -103.776560
-3401.447767 -2085.375960 -50.022529
-2779.052909 -1890.706588 -40.396083
-3023.539786 -2042.531369 4.061397
-3786.061720 -2320.877611 -56.212033
-2479.668863 -1629.358346 -72.405241
-3085.124141 -2084.139918 3.470475
-2626.625357 -1618.228752 -62.084109
-3058.745567 -2007.047491 -34.896410
-2957.833969 -1892.778655 -54.265917
-3444.468683 -2126.936838 10.598956
-2897.573703 -1926.499791 22.831420
-2183.358097 -1459.534819 11.206029
-2529.023418 -1683.051589 -61.266745
-3284.106701 -2023.509802 -88.299279
-3739.037100 -2370.711954 -57.436284
-2927.440328 -1863.969864 -49.797025
-3199.787623 -2021.604467 -80.896425
-2596.984068 -1738.955152 -34.936643
-2969.430732 -2016.329837 -21.831970
-2591.084168 -1630.613658 12.265932
-2839.891524 -1898.822519 15.251134
-2367.112822 -1558.182333 21.644442
-3465.438465 -2305.118549 -83.602133
-3779.587601 -2489.312964 -51.818542
-2868.428002 -1766.774997 -77.480505
-2346.081245 -1562.557620 20.741996
-3287.426440 -2171.940525 6.116540
-2402.849811 -1617.316473 -9.734243
-2830.822024 -1884.162082 24.249475
-2886.152293 -1932.865100 -104.311754
-3058.204081 -1924.299174 21.031605
-2293.010305 -1558.662057 -57.829141
-3135.128452 -2054.687813 -128.038485
-2945.160426 -1903.385048 4.659468
-3884.171142 -2443.548248 -96.938584
-2340.173916 -1495.583125 -21.529300
-3538.042080 -2332.930064 -12.088115
-2648.577308 -1657.810781 -25.467111
-2246.805616 -1530.101629 -45.991056
-2927.932922 -1875.253985 -35.438110
-3695.053911 -2311.602035 -6.324146
-3549.451366 -2346.477033 41.314153
-3550.977509 -2348.060756 41.324820
-3272.303749 -2186.868277 16.391283
-3165.927748 -1977.826530 -46.894499
-3134.894369 -2139.788936 -56.376345
-2650.445102 -1656.908950 -6.012842
-2751.203429 -1777.879778 -40.364447
-2662.273764 -1666.348774 -99.677626
-2924.055556 -1860.207898 37.580564
-3728.780089 -2392.055984 -138.464247
-2408.899411 -1523.178658 19.007662
-3399.387648 -2104.422519 -94.076543
-2313.643862 -1447.983170 -6.932225
-3875.068466 -2424.748101 -10.824832
-2055.726068 -1283.719264 19.336209
-3310.998364 -2105.177522 42.407102
-2471.761337 -1591.537132 45.518376
-3137.172129 -1959.739332 28.309468
-3867.674955 -2466.016591 -138.879027
-3156.387207 -1980.677528 -48.143136
-3881.944580 -2475.074278 -138.085254
-3609.635039 -2300.842469 -122.816848
-2957.097909 -1990.005257 -34.082819
-2378.915345 -1600.980991 -27.307897
-2667.929096 -1706.212868 -64.620110
-3762.987261 -2561.663452 -77.290975
-3582.237056 -2340.044844 37.888299
-3537.932658 -2260.960437 68.348845
-3070.291626 -2074.883381 -27.282875
-3499.206324 -2371.000967 -9.361513
-2026.482924 -1276.573804 18.583282
-3151.106232 -1991.946551 -78.443829
-2319.678778 -1466.309620 -57.652492
-2944.744902 -1998.927115 -78.281644
-3236.264432 -2173.003383 -33.329011
-2440.378845 -1598.774316 -97.830629
-2451.233842 -1656.800961 -2.522739
-2773.777678 -1794.687635 -34.909894
-2332.760590 -1437.319883 10.722999
-2712.068399 -1691.589906 -90.165407
-2390.901782 -1510.156628 -30.962127
-2995.976530 -1892.626358 -38.897103
-2766.912648 -1742.792909 -34.886774
-3829.421657 -2435.009365 -83.647977
-3415.480840 -2222.272936 -145.428541
-2553.366518 -1589.213465 -19.503001
-3366.295446 -2088.941011 -109.437574
-3257.271328 -1998.431266 -41.891660
-3043.363543 -1892.517863 -23.371047
-2394.122893 -1491.103452 28.299801
-3443.919422 -2140.699868 39.948506
-3226.775902 -2158.341582 -40.879030
-2853.467951 -1810.967737 -60.228490
-2912.199038 -1951.101371 -2.021133
-3307.328768 -2118.499761 -100.719810
-3696.451031 -2345.349273 -84.820487
-3433.095148 -2298.479319 -4.198724
-3745.005852 -2361.615708 -59.642062
-2964.512658 -1895.903865 -98.196698
-3161.643094 -2031.194146 -134.830286
-3891.509070 -2404.295957 33.520959
-3693.488006 -2410.590611 5.567134
-2964.185133 -1988.695589 -80.021291
-3285.747346 -1998.310945 -26.409062
-3058.616470 -1930.445604 -14.357172
-3524.075033 -2176.743759 -20.268223
-2938.096510 -1799.939668 -27.602022
-2819.176737 -1894.843405 -61.130939
-2858.215652 -1800.525487 21.771131
-3224.608594 -1979.752374 -22.519510
-2669.638857 -1728.507364 -84.595463
-2894.333319 -1776.606295 -18.576321
-2704.824610 -1784.949342 -96.984982
-3247.962489 -2022.435488 -40.275731
-2541.404962 -1657.402645 0.829506
-3445.894598 -2137.591984 35.845079
-3347.486226 -2054.874362 -22.652728
-3486.814146 -2200.818924 -15.921056
-3343.997169 -2053.180183 -17.760566
-2327.240360 -1424.173777 -35.042721
-2642.410803 -1693.221467 -78.892430
-2707.600559 -1746.424432 -71.993388
-2838.698576 -1831.609934 -75.672351
-2477.656292 -1620.046027 -29.922329
-2937.933233 -1826.019976 3.710031
-3413.226120 -2295.024060 -47.705024
-3897.236418 -2502.164311 -10.171861
-3201.340964 -2056.469173 -81.562005
-3011.531687 -1941.087054 -63.774624
-2721.739210 -1739.840130 -92.877612
-2331.788525 -1507.399910 37.586036
-3400.510846 -2184.831017 -87.517593
-2944.301666 -1925.921607 15.046422
-3601.572294 -2250.468367 -43.009122
-2639.197052 -1724.357994 8.899616
-3533.108639 -2266.664706 -4.135007
-2919.710077 -1874.599725 -7.137710
-3873.005146 -2477.621066 -108.719027
-3885.133785 -2493.784493 -4.136702
-2434.112297 -1562.167733 -5.422727
-2455.328522 -1568.550571 -43.582546
-2755.225038 -1802.603768 15.794682
-2535.117753 -1628.842122 -65.581150
-3096.029441 -2000.157113 19.967411
-3503.943385 -2279.649269 -71.431859
-2583.580222 -1664.055336 -56.334694
-3221.855981 -2064.597693 -137.239911
-2748.900352 -1790.610320 -2.000069
-2827.740888 -1818.045465 -72.270049
-3441.504800 -2212.236461 -89.060433
-3262.979673 -2090.871834 -138.979204
-2846.308321 -1851.985385 -120.141920
-2693.678263 -1726.064492 -115.626296
-3675.048586 -2436.704387 -112.689689
-3151.772842 -1955.871170 -96.629044
-3261.066119 -2108.143204 20.339713
-2703.524091 -1804.269084 -87.339064
-3511.142851 -2276.973406 -93.081463
-3742.072646 -2352.030501 -32.245425
-3136.495369 -2011.914053 -77.105097
-2292.291533 -1447.080371 -19.198225
-3394.784349 -2195.130573 -93.046812
-2440.114735 -1533.964958 -30.093266
-3633.535894 -2284.162471 -45.006286
-3544.873602 -2282.969323 -147.508093
-2346.926368 -1539.418201 14.075896
-3498.133027 -2286.452879 -58.137092
-3660.201410 -2425.232672 -17.654365
-2351.405332 -1478.398584 -30.295115
-2652.098939 -1626.173413 -35.409881
-2927.462375 -1901.948541 -71.149596
-2966.307257 -1927.180856 -71.901634
-3256.120209 -1996.356120 -43.756462
-2800.804342 -1863.632329 -23.583458
-2603.005898 -1708.208566 -81.494005
-3218.646936 -2100.767572 39.630977
-3336.208235 -2177.970169 42.515613
-3136.903679 -2012.304401 -77.409307
-2456.362269 -1592.403009 -96.906048
-2906.906879 -1908.878684 -89.815561
-3783.527041 -2483.324401 -119.271483
-3608.717195 -2350.678752 -147.753322
-2867.973444 -1854.386602 -79.661213
-2961.718741 -1914.621169 -82.250409
-3237.947852 -2082.468646 -138.640290
-3027.798423 -2011.566637 -45.881107
-3930.881301 -2468.426330 -32.226883
-2640.039848 -1657.418721 20.525431
-2534.728251 -1625.988783 -62.165857
-2671.182859 -1677.209726 -20.956196
-3599.394426 -2440.921137 -74.487191
-3085.560060 -1893.702291 -33.959555
-2222.339685 -1489.012267 -3.002103
-3131.915838 -2009.213245 -77.299725
-2356.642187 -1479.323334 -17.469110
-3429.429407 -2213.096599 -92.005684
-3616.133101 -2343.261923 -96.013749
-3621.129567 -2216.391534 -11.282912
-3150.615113 -2059.362150 -51.051628
-3763.361161 -2434.348613 -104.624675
-2706.287761 -1747.024467 -72.663692
-3530.372358 -2369.879818 -118.016133
-3464.608830 -2175.571125 -25.890778
-3242.871770 -2093.333632 -86.691917
-3053.190247 -1996.882838 -89.906738
-2431.449993 -1561.654346 -6.035118
-2663.572773 -1759.471284 -71.907890
-2542.656190 -1570.520643 -53.253486
-3661.531001 -2398.970197 1.642719
-2899.302298 -1855.152517 1.376155
-3421.311859 -2276.000630 -26.637142
-3207.070474 -1980.006753 -68.660881
-3197.650886 -1979.074656 -56.433648
-3119.857961 -1931.098500 -55.144478
-3119.697038 -1931.086958 -55.081923
-2476.310943 -1602.716774 -78.410334
-3119.307884 -1956.755437 14.396637
-2922.756946 -1801.408053 -36.951525
-3137.041129 -2106.462722 -84.709311
-2669.715577 -1658.960781 -89.034888
-2500.341192 -1687.901649 -49.482078
-2669.164935 -1763.342995 -73.208344
-2961.806836 -1946.196027 -45.834817
-2595.090084 -1705.973415 -41.470289
-2447.121929 -1517.279369 -57.594402
-3766.433292 -2474.548210 -58.492430
-3515.663856 -2309.427724 -63.472929
-2524.218930 -1585.591901 19.508766
-3446.221971 -2263.448104 -62.446411
-2855.771988 -1772.059146 -83.698009
-2970.561187 -1955.508056 -1.236393
-2525.777307 -1587.354111 19.413185
-3696.754773 -2458.741557 -28.760246
-3700.287005 -2461.006156 -28.771400
-2206.840535 -1448.490016 -39.054190
-2222.323307 -1459.290256 -2.163894
-2836.370211 -1862.273438 -2.263622
-2853.134232 -1872.632886 -51.479147
-3709.718752 -2269.799462 -12.429957
-3681.394731 -2450.388120 -15.976696
-2976.317271 -1837.149645 -62.316751
-3144.604000 -1984.415690 -25.912380
-3112.704630 -1903.757103 -21.487983
-3383.206238 -2265.276611 -5.825569
-3497.073029 -2280.942337 0.295441
-3121.334231 -2035.860561 -0.459310
-3357.959018 -2204.229903 21.807969
-2947.369062 -1921.707062 -0.983239
-2451.000006 -1599.134736 0.012786
-2501.957159 -1683.787705 -51.093985
-2349.216475 -1541.796754 13.600178
-2970.474889 -1868.154123 -38.186271
-2591.666265 -1679.781894 -101.864449
-3425.634249 -2101.788604 -44.526560
-2483.410180 -1623.575176 -40.434243
-3462.642328 -2271.571748 24.681748
-2632.887486 -1747.868028 -43.841710
-2868.867921 -1921.798690 -5.395804
-2577.851712 -1676.713402 -61.578684
-2940.236012 -1930.091774 19.123087
-3152.947306 -1991.720296 -106.830634
-3403.988779 -2203.312821 -108.364607
-3043.092741 -1885.582822 -99.676022
-2642.131191 -1653.642109 -48.699673
-3232.032052 -2162.156743 -13.911620
-2435.746933 -1593.393115 0.116008
-3403.012953 -2202.793508 -108.181390
-3349.980688 -2156.229756 -140.110309
-3776.193671 -2527.892482 -14.478087
-2758.483274 -1817.707231 -74.944101
-2323.341135 -1428.191950 -28.817819
-3499.505474 -2298.353503 21.630021
-3309.966273 -2216.748743 -14.423509
-3126.648588 -2023.778994 -99.836848
-3520.367539 -2357.458862 -4.698611
-3200.010435 -2013.673954 -88.765979
-2392.653372 -1456.541914 -21.652948
-2153.955454 -1458.489234 -25.110359
-2789.728840 -1797.855892 -117.137319
-3692.535432 -2306.960087 -44.496930
-3534.984210 -2218.192940 -86.132610
-2474.774292 -1553.035054 -67.807356
-2830.416510 -1869.879925 -97.116727
-3178.511903 -1956.454958 -10.485473
-3738.951563 -2335.750640 -45.067724
-3773.927748 -2338.233712 36.221655
-2783.959438 -1794.340219 -116.604347
-2556.799914 -1573.012545 -9.008172
-3718.918118 -2464.121048 40.903184
-3716.169518 -2320.273103 -47.642831
-3284.741042 -2069.249532 -112.546026
-2469.613155 -1646.169686 -29.426624
-2478.497636 -1620.604829 -72.056037
-2236.153784 -1479.841916 -47.642140
-3024.040298 -1897.561169 -82.729206
-2449.786206 -1525.666009 -29.688848
-3350.582228 -2155.013767 -138.120641
-3634.454441 -2423.330952 -45.038025
-2964.761440 -1874.128856 -12.604726
-3750.704967 -2352.173471 -95.632822
-3867.823516 -2474.649392 -128.734470
-3652.770675 -2290.775798 -101.041703
-3520.649325 -2260.823379 24.694800
-3845.286536 -2431.850991 -35.019106
-2995.387024 -1893.964444 -14.649634
-2918.426853 -1845.568187 -12.035008
-2382.812504 -1530.256836 16.645375
-2593.995454 -1666.150556 17.987611
-3001.886004 -1928.208537 20.055815
-2816.103061 -1795.912707 -35.872350
-2971.289836 -1879.703701 -37.747924
-3135.327299 -1983.487789 -13.752640
-3284.820275 -2112.816183 -82.480696
-2975.855626 -1984.451964 -36.429235
-2712.609222 -1716.093983 -13.176028
-2046.117452 -1354.100009 -42.688395
-2851.207251 -1890.672852 31.964077
-2884.725798 -1918.175488 -110.253898
-2649.200524 -1763.630132 25.152975
-2528.991645 -1678.875973 -56.501303
-3459.934078 -2296.804372 -78.382172
-2914.999107 -1877.831377 -64.864064
-3154.725229 -1938.860957 -16.638629
-2399.748649 -1531.923567 -17.882770
-2787.636793 -1837.808333 -77.177911
-3191.954388 -2104.430364 -88.347668
-1974.538394 -1318.715546 16.343097
-3621.680247 -2301.087265 -133.921499
-2422.144342 -1615.440341 24.694008
-3377.044519 -2149.111366 -20.394673
-2948.621177 -1879.214870 -19.766760
-3830.906686 -2403.825287 -136.621523
-2994.771589 -1926.233692 -128.193636
-3115.590100 -1973.010221 33.980854
-3463.074856 -2204.468091 -21.643263
-3852.128262 -2557.573083 -85.773962
-2892.023908 -1775.551326 -8.409135
-2985.356775 -1995.737752 -96.165895
-3124.232234 -2015.802958 -63.526879
-2783.180716 -1860.563857 -90.379883
-2588.581451 -1603.370082 24.421080
-3518.372289 -2162.819503 -20.104375
-2401.763343 -1506.983784 -92.014249
-2685.662123 -1795.328956 -86.988084
-3361.355305 -2239.415695 -40.030958
-3015.887407 -1935.268757 20.104555
-3005.199089 -1848.783440 -4.556723
-3165.815832 -2008.692845 -90.829914
-2786.252293 -1780.432215 -89.433586
-2877.956000 -1911.296404 -65.247275
-3174.931648 -2008.493618 35.125480
-2996.112181 -1893.788950 -39.798672
-2622.005929 -1744.609992 -99.898899
-3178.359171 -2049.646587 19.248057
-3247.998528 -2054.747982 -107.747887
-3719.903811 -2469.994033 -84.069370
-3246.960401 -2038.065825 -43.917670
-2797.911704 -1768.405904 -13.884554
-3015.673561 -1929.381627 50.105384
-3050.695007 -1886.899334 -56.309507
-2677.322259 -1797.184026 -1.277898
-3144.799639 -1982.912338 -93.522577
-2577.972568 -1731.428420 -1.427534
-3458.246127 -2309.563799 -110.963351
-2455.220416 -1630.487683 11.552844
-2476.178965 -1652.186996 -42.102705
-3238.823975 -2167.410093 -101.751450
-3048.917784 -1887.357860 -57.282236
-2819.670226 -1745.470617 -51.961821
-3887.901046 -2407.162787 -72.473735
-2731.956698 -1760.146913 -115.091779
-2602.568866 -1614.491223 9.648960
-3528.405147 -2288.660407 -137.308748
-3052.810031 -1961.477543 -127.437947
-2361.377060 -1455.081014 -53.605096
-2582.923603 -1706.832418 -81.519847
-3111.611665 -1992.639984 52.304457
-2613.265839 -1596.544713 -13.598016
-2396.654686 -1534.362889 40.456452
-3003.149945 -1930.636854 -128.030582
-3177.251293 -2062.030794 -124.328299
-2437.671205 -1496.061571 -27.105247
-2457.436618 -1666.608742 -49.540389
-2934.696872 -1916.526423 -73.943911
-3348.798011 -2229.073867 -59.568916
-2422.125074 -1578.067493 -99.655102
-3854.095116 -2466.755113 64.913440
-2681.101037 -1779.383311 12.864167
-2465.050333 -1637.074815 11.601034
-3027.660670 -1932.999025 -96.823620
-2472.746588 -1644.840425 -11.233853
-3194.522120 -2016.154809 -94.933443
-2405.245628 -1491.411698 2.117104
-3420.876174 -2184.333075 -60.609830
-3421.497337 -2184.659523 -60.743045
-2576.901349 -1712.786725 10.790358
-2575.586525 -1730.105515 -1.385686
-3306.946910 -2245.188480 -58.316190
-3143.450093 -1942.640830 -8.073915
-3120.146036 -1973.903862 -103.727650
-3200.149675 -1983.231256 30.066679
-2382.584904 -1557.644520 17.897442
-3689.271058 -2330.321839 -16.430107
-3285.035061 -2125.038316 -131.708912
-3193.530627 -2089.620424 -98.085815
-3145.331105 -2098.790074 -38.527837
-3200.961153 -2105.715055 -115.507554
-2520.320141 -1595.148650 -83.555001
-2963.242676 -1872.615889 -13.059460
-3250.772708 -2164.335992 -63.363792
-2944.673261 -1929.188922 19.508839
-3543.073041 -2349.528820 18.163829
-3266.398070 -2219.163243 -50.914231
-2885.908883 -1789.023081 2.849990
-3057.247200 -2027.776032 15.627812
-2935.015236 -1874.987394 -31.784179
-3713.603264 -2317.681534 -17.511141
-2773.192909 -1821.731019 -35.542471
-2912.941170 -1963.404010 -51.232390
-2491.129135 -1671.938174 -8.619979
-3349.501541 -2107.612895 -131.923630
-3455.878979 -2290.492465 1.347845
-2999.025857 -2003.190364 -36.735437
-2548.895498 -1704.035289 18.626846
-3718.620052 -2319.048801 -17.125523
-2368.913320 -1477.672011 -11.077774
-2849.826613 -1832.775927 -69.212497
-3531.038424 -2196.679645 -105.365099
-3230.740399 -1988.875263 -79.832097
-3145.642942 -1962.866914 -15.567814
-2476.247855 -1537.491772 -80.553659
-3245.646649 -2041.137896 -127.696323
-3852.132831 -2403.913806 -17.836972
-3406.443051 -2094.425408 -42.942102
-2892.933702 -1887.134107 -0.411875
-3763.878108 -2370.634012 -112.816275
-2859.151854 -1807.785783 -37.483812
-2863.849002 -1810.631360 -37.508065
-3692.616447 -2299.514684 31.817401
-2871.640853 -1920.303648 23.449829
-2973.507361 -1983.770124 -59.803610
-2674.970216 -1682.647722 -34.120813
-2620.692686 -1648.730789 -32.719145
-2680.259715 -1686.342796 -32.119217
-3154.913765 -2072.867571 20.184948
-3530.295960 -2358.274900 38.394642
-2204.232034 -1387.069025 -27.692953
-3186.127444 -2060.329814 20.337480
-2542.533757 -1603.025621 17.931122
-3557.081465 -2365.969574 -31.196397
-2443.439483 -1545.052722 -31.576040
-3829.269173 -2426.011621 -51.527077
-2684.309369 -1676.434336 -32.742405
-3558.983716 -2254.138650 -48.274428
-2346.950046 -1483.783297 -78.616919
-3317.684217 -2140.581432 -137.178775
-3145.848481 -1973.270610 -41.882006
-3459.791854 -2271.945590 -125.325909
-3142.299989 -1976.965226 -81.045508
-2843.435106 -1774.821506 -35.218548
-3254.309752 -2033.226969 -41.465973
-3150.350374 -1993.083138 -80.699419
-3626.587258 -2295.270908 -137.200065
-3090.504949 -1905.213560 -39.604767
-3430.024703 -2237.217992 -42.781658
-2191.669294 -1462.283834 17.327041
-3443.404743 -2177.014803 -129.072818
-3599.083275 -2265.943666 -107.295490
-2545.035202 -1609.569055 -65.677890
-3171.032734 -2084.196738 20.023362
-3653.280028 -2401.225160 23.242579
-2193.399251 -1380.298805 -26.343042
-2847.761469 -1899.432700 23.184013
-3199.389501 -1997.442181 -15.774857
-2707.100203 -1689.769095 -12.400448
-3090.588070 -1905.245442 -39.564774
-2930.328907 -1870.566802 20.624619
-2501.912179 -1533.954103 -16.434505
-2694.554937 -1726.133603 -68.745667
-3153.699105 -1933.739813 -15.369523
-3845.745762 -2550.263043 -119.075051
-3077.635900 -1950.667021 13.104207
-3125.311551 -2034.327566 -50.085476
-2672.636861 -1693.771477 11.393742
-3533.123549 -2257.360197 -60.883676
-2303.382119 -1402.092982 -46.463530
-3785.715078 -2463.311152 -75.325960
-2930.382548 -1807.132603 12.410858
-2894.565254 -1766.977694 -6.296756
-2999.830483 -1952.102064 -59.760140
-2953.774641 -1811.525795 -18.894659
-2576.600570 -1677.108555 -52.268576
-2892.758809 -1775.647801 -16.311557
-3553.681592 -2212.394108 -42.632864
-2554.522425 -1630.784356 -44.592494
-3138.038595 -1988.379939 13.438250
-3543.446680 -2400.012858 -77.074305
-2652.968350 -1615.742510 -54.653463
-2732.580622 -1662.483495 -17.661803
-2996.590568 -1820.230295 -25.677979
-2637.007318 -1605.928803 -54.975367
-2606.981023 -1612.878270 -86.875493
-2879.401918 -1817.600748 -8.709896
-2939.487314 -1814.945512 16.202093
-3434.884548 -2287.419121 -36.679924
-2785.182487 -1759.236082 -9.187402
-2274.077251 -1395.205852 -10.672001
-2894.374332 -1771.438518 -6.022870
-3314.781782 -2091.214405 5.547384
-3473.372374 -2244.187170 24.957697
-2844.641220 -1926.781967 -66.088313
-2732.582471 -1814.742043 -41.568438
-2560.797566 -1573.546669 -9.814844
-2659.736586 -1799.989537 -57.785965
-3008.562392 -1908.516593 -27.319090
-2292.330243 -1528.189489 -82.890738
-2362.353155 -1579.590164 -75.454964
-3740.253331 -2500.988943 -117.629595
-3337.547438 -2058.380066 15.256276
-2717.851523 -1717.905306 -1.030740
-3063.515800 -2003.382520 -89.056648
-2857.024332 -1868.419693 -83.574958
-2665.551660 -1691.493603 -5.445520
-2964.533015 -1966.142546 -15.278898
-2332.450784 -1473.506846 -79.414184
-3573.009490 -2297.963235 -90.699298
-2700.146217 -1681.203339 -29.088060
-3722.813028 -2490.239991 -118.427983
-3240.555647 -2039.085284 -86.233242
-2478.631274 -1536.154601 -80.448264
-1979.496437 -1312.200393 -9.934253
-3158.173123 -2059.643874 -75.840914
-2197.900195 -1456.574342 -10.855010
-3832.057830 -2465.291647 -1.770904
-3407.306616 -2193.193304 -0.655510
-3702.355304 -2311.128181 -95.495738
-2488.673248 -1517.679783 -15.192053
-3343.597133 -2060.101118 16.264215
-2623.027935 -1709.438292 -39.224809
-2457.349599 -1589.078400 18.249386
-3401.504067 -2090.802641 -13.936782
-3103.836773 -1907.064812 -36.130987
-2527.946396 -1588.694241 21.313213
-3546.630322 -2224.963929 21.505173
-3196.553469 -2010.795591 -107.816351
-3651.152006 -2235.565389 -8.275858
-3248.157235 -2159.674373 -11.301682
-2789.315071 -1753.796148 0.603978
-2275.494481 -1435.979326 -6.970221
-3279.663958 -2069.535852 -9.304323
-3190.437410 -1973.122649 -50.775920
-2840.652379 -1856.764301 -19.296381
-2673.830307 -1689.327553 -31.531354
-2467.613196 -1594.225798 17.409220
-3279.074548 -2008.899221 -5.637233
-3781.909425 -2328.788072 -36.738043
-3302.302002 -2083.596420 -127.814189
-2900.260957 -1848.067287 21.529337
-2635.981269 -1607.716901 -50.594135
-3862.870347 -2356.540347 -73.862395
-2927.916218 -1786.193920 -56.678533
-3056.241497 -1925.359294 -100.563290
-2167.749450 -1466.864203 -47.566552
-3131.973982 -1959.194432 41.193139
-2991.798653 -1887.558064 -39.145809
-2316.365057 -1461.178964 -30.513643
-2971.731113 -1875.151409 -38.675153
-2444.977233 -1496.790685 -5.549713
-2872.963455 -1877.645051 -79.037620
-2408.634280 -1536.099875 -59.422129
-3096.165824 -1905.287251 -26.016051
-2502.658593 -1540.611316 -21.226401
-2499.050275 -1560.877055 -74.069515
-3583.962948 -2264.149840 24.395844
-3293.885079 -2081.134322 23.038959
-2956.222991 -1931.385319 -80.782416
-3041.881366 -1992.725057 -94.580586
-2640.365856 -1725.537740 -73.379041
-3217.941695 -2030.625959 -41.970793
-2514.967408 -1676.668325 -32.394021
-3549.181455 -2318.568755 -22.781859
-2853.196126 -1789.276548 -67.275089
-3604.176744 -2447.829804 -56.299751
-3203.275526 -2000.138603 -37.090129
-3542.441590 -2370.674128 -114.484212
-2689.665615 -1758.118927 -73.498418
-2608.187116 -1623.749842 -33.471245
-3692.450917 -2294.723848 43.791899
-3201.242358 -2005.171924 -82.593363
-2735.831848 -1675.742662 -67.286090
-2607.035248 -1623.108743 -33.433408
-3934.100905 -2465.726441 -102.027256
-2546.236684 -1568.033132 3.676750
-2987.722278 -1839.540008 4.429858
-2986.526329 -1901.785943 -81.906400
-3334.658671 -2241.134641 -72.888665
-2494.890825 -1532.043138 -17.792454
-2555.368525 -1569.167177 -17.296293
-3841.664553 -2479.313614 -99.996552
-2708.343729 -1747.647805 -70.753318
-2349.102780 -1542.620363 27.669219
-2445.548159 -1592.375996 -3.332036
-3448.882751 -2264.910803 40.839630
-2605.396776 -1710.963546 31.523060
-3118.656763 -2076.099634 -4.370989
-2702.156670 -1774.100428 31.209834
-3329.094061 -2103.306959 -75.361434
-3709.516985 -2459.999387 -113.428573
-2684.690087 -1694.120766 -61.367668
-3147.974685 -1987.167237 -71.975100
-2920.082799 -1795.078166 -56.732064
-3742.984834 -2336.266685 -101.027307
-2954.266810 -1914.883872 -77.253502
-3249.033670 -2170.708937 0.291223
-2169.151691 -1370.613665 -48.495392
-2757.311850 -1810.032126 15.651921
-2445.265577 -1522.189539 -68.600191
-2920.275446 -1827.234322 -18.782744
-2714.044368 -1839.860304 -68.135542
-2635.707699 -1671.583672 -23.875225
-2780.778884 -1825.001913 -94.149687
-3430.925799 -2280.459616 18.046131
-2926.444068 -1964.079225 -99.550377
-3410.934263 -2166.641396 -67.007179
-3540.506897 -2353.388673 18.752015
-2410.334086 -1607.384180 -8.528326
-3137.558326 -2012.181365 -68.862256
-3481.876883 -2216.993482 50.173378
-3481.824894 -2217.061696 50.035845
-2577.852033 -1680.746827 -93.793762
-2556.059895 -1568.780100 -19.022518
-2535.642403 -1643.796848 -65.533386
-3040.213275 -2013.773839 -64.921099
-3186.773970 -2065.823289 54.966024
-2948.373291 -1850.488141 -72.925648
-3713.229512 -2314.880159 -67.399332
-2747.890867 -1748.538499 -54.225375
-2769.568167 -1875.707653 -15.412494
-2170.563283 -1447.490544 -31.712431
-3534.055290 -2247.799614 -70.157145
-3328.535379 -2116.782377 -65.828214
-2532.552326 -1591.643894 19.050533
-2901.612658 -1880.624192 -59.445144
-2725.875474 -1821.323205 -59.245151
-3182.236860 -2062.480006 54.912412
-2883.275489 -1822.838858 -103.366810
-2461.735157 -1543.113627 12.006294
-2912.343544 -1887.814441 -59.784614
-2981.468840 -1957.563707 33.702372
-2262.072623 -1414.022767 2.440308
-3116.641325 -2069.947757 15.773528
-3546.445086 -2377.838642 -109.094219
-2982.497089 -1964.801257 -27.588186
-3729.253761 -2368.998222 -20.590184
-3022.335440 -1995.114900 33.743629
-3567.327530 -2264.674640 -18.813489
-2998.758545 -1901.213988 -62.890513
-3755.647101 -2535.821248 -57.240126
-2998.889962 -1900.702864 31.842967
-2685.514507 -1752.606028 -41.858660
-3893.548381 -2509.659318 -161.132560
-3788.159076 -2473.063336 -58.139330
-3153.208730 -2036.183178 -61.198618
-2720.527392 -1793.279335 -96.408270
-2029.761660 -1337.347569 -25.354377
-2840.275179 -1821.289167 -80.095750
-3871.579445 -2500.494945 -75.579163
-2839.783806 -1881.870873 -60.923871
-3403.706545 -2219.058912 -123.272589
-2402.626273 -1472.135347 2.020651
-3607.865368 -2224.712504 5.290968
-3524.564982 -2372.092242 -90.444404
-2754.899332 -1768.987241 48.340595
-2727.448122 -1805.466073 19.657898
-3693.144646 -2344.601640 -96.030127
-2223.058629 -1449.205581 -27.646692
-3724.311881 -2506.695738 -94.590273
-2346.659861 -1576.976338 7.133325
-2979.515697 -1962.747548 -28.175054
-3248.901400 -2025.399873 -58.119806
-2560.037544 -1586.768404 3.416677
-2820.842457 -1866.880198 -36.045245
-2230.924785 -1456.646630 -17.944814
-2378.454166 -1579.027089 -6.021534
-3202.254782 -2004.631749 -83.253819
-2259.179464 -1418.993853 20.306570
-2472.160652 -1558.855494 3.842648
-3279.846979 -2072.101683 -125.993940
-3447.275823 -2109.372018 -91.417189
-3389.201044 -2189.618120 49.961542
-2974.005356 -1882.330285 -65.013908
-3260.415074 -1996.284941 -39.149894
-2410.055468 -1600.785990 13.124683
-3833.330563 -2457.772299 -107.392262
-3660.281152 -2431.096179 -17.189789
-3634.570379 -2284.767243 -143.470286
-2419.815732 -1641.991669 -16.375257
-2618.422619 -1592.417046 -17.604385
-3365.653280 -2119.290586 -101.442891
-2369.801598 -1483.738946 -64.580869
-3525.456841 -2363.776936 -96.221857
-2943.331439 -1842.159516 -81.315000
-3483.757431 -2258.744915 14.927913
-2950.113627 -1799.261890 -11.411587
-2559.330245 -1705.334007 23.320548
-3511.963883 -2141.371991 -14.110543
-2839.331741 -1847.747168 -6.795463
-2494.647330 -1660.599794 32.803674
-3838.367826 -2573.315820 -104.402031
-3424.491593 -2265.724429 -40.268797
-3409.956350 -2178.623597 -110.581908
-3685.438129 -2276.185204 16.381498
-3564.965242 -2252.133859 -13.523331
-3007.522378 -1973.013029 -76.708801
-2380.963695 -1600.487408 -67.171650
-2430.201449 -1561.083346 -99.791319
-2422.987243 -1517.788993 27.726345
-3019.549055 -1981.628486 -55.381520
-2910.551501 -1909.351230 -52.199972
-3573.442924 -2379.519751 33.651383
-3564.049403 -2203.206468 16.076575
-3436.400234 -2326.898238 -84.697743
-2699.211520 -1812.202432 -91.596424
-3782.786455 -2465.608307 -59.321500
-3153.741983 -2094.034230 -52.018257
-2219.542114 -1473.989040 -37.107711
-2482.770691 -1630.598977 -45.928930
-3143.270575 -1943.708433 14.744762
-2390.277393 -1600.844367 -61.692874
-2845.884371 -1868.505861 -52.365571
-2710.073553 -1770.859680 -99.301714
-2512.790147 -1625.917221 -95.738611
-3162.412803 -2123.569485 -86.167884
-3614.345672 -2372.191298 -56.059718
-2967.788305 -1878.872027 -13.887244
-2962.175949 -1975.560553 -111.331746
-3708.107866 -2322.515672 42.119068
-3806.247463 -2538.209006 -143.912282
-3173.586907 -2040.733149 -13.154304
-2720.590004 -1842.724916 -18.390361
-3458.230843 -2315.247719 -16.848652
-3434.236021 -2307.512920 -96.286325
-3659.036112 -2426.706158 -16.792850
-2558.458832 -1719.355492 -72.159600
-2379.309247 -1583.275061 -4.822234
-2532.966783 -1603.278262 -11.501611
-2009.233234 -1332.807176 -9.196498
-3749.014545 -2454.341693 -64.714590
-3069.345871 -2014.801635 -47.631098
-3185.934467 -2030.954456 -22.486695
-3423.701992 -2208.217224 -142.466122
-3728.158077 -2365.585093 -20.671064
-2332.874951 -1560.991392 -8.509911
-3506.315893 -2228.713696 -104.967062
-2573.528458 -1701.755984 -54.453537
-2474.683584 -1613.127850 -40.091749
-3507.841135 -2229.734556 -105.057678
-2883.338480 -1907.285750 -61.469611
-2960.208914 -1874.452452 -14.756202
-3051.432638 -2049.451842 -103.459243
-2756.880227 -1845.034041 -71.763694
-3878.791425 -2380.595009 -37.191912
-3537.513167 -2366.979067 -29.122625
-2529.888841 -1587.243365 -48.405278
-3610.314871 -2353.510893 -55.616611
-2917.214589 -1959.881977 -81.011780
-3143.858146 -1934.304928 -1.909339
-2850.611947 -1780.851989 -76.587835
-2900.339102 -1802.831951 -72.844595
-2249.991016 -1468.185038 -28.846690
-2822.508407 -1757.005636 24.162330
-3872.741669 -2425.205583 -0.628519
-2394.897398 -1489.839915 -72.940369
-3449.211752 -2299.893282 -69.581137
-3132.585206 -1948.609799 -95.395054
-3137.289908 -1965.135917 0.345518
-2955.536125 -1902.033704 -71.004188
-2901.522165 -1816.953947 -0.837929
-2739.411777 -1830.567286 28.940144
-3290.779148 -2081.735991 -124.280699
-3457.322232 -2285.881346 -5.497070
-2994.002635 -1893.757007 -112.936145
-3408.706180 -2133.646468 -29.649584
-3184.057209 -2031.188781 -79.068548
-3620.593738 -2394.110002 -6.554871
-2742.156037 -1786.777816 -43.570295
-2640.399914 -1725.363268 -19.843898
-3549.077441 -2378.879580 0.531203
-3561.781084 -2309.845043 -53.233459
-2545.884003 -1566.970718 9.124888
-2540.562936 -1545.735456 -16.712570
-2710.109434 -1790.240163 -8.560012
-3120.003857 -2028.935207 -7.773123
-2534.036921 -1681.188538 -57.389456
-3517.956984 -2293.547393 -53.458027
-2601.403896 -1695.815841 -39.592314
-2403.079555 -1604.063199 -89.858905
-2586.931694 -1647.946796 34.971622
-3749.522570 -2440.950384 -56.859215
-2787.907128 -1757.918435 -7.852769
-3322.510002 -2107.323249 36.231808
-2191.370578 -1382.485292 -6.779182
-3756.117294 -2318.345900 20.197574
-3365.434805 -2083.627250 13.303064
-2543.939316 -1570.543256 13.548450
-3736.472386 -2327.958538 -43.395020
-3621.147031 -2441.027578 -21.490614
-3111.013360 -2105.520736 -68.584636
-2874.271565 -1780.428310 11.434649
-3442.267130 -2131.297657 -111.140589
-2973.478241 -1841.867023 -95.493924
-3294.830754 -2082.332750 21.960100
-2894.942185 -1961.223898 -11.613957
-2614.369953 -1609.105492 -1.452533
-3243.977882 -2199.401188 -21.702530
-3405.078672 -2248.288993 -106.260463
-3608.981427 -2216.437927 -17.170223
-3346.908676 -2045.274933 -19.975994
-3654.636768 -2290.358563 41.962208
-3294.360691 -2057.933970 -89.175199
-2131.485698 -1302.346149 -12.377320
-2481.574801 -1666.819676 5.466731
-3745.694825 -2399.087454 -64.040489
-3324.562805 -2191.282850 -42.255601
-3241.054943 -2136.659364 -41.248451
-2863.079154 -1807.832263 -10.906688
-2470.883790 -1520.148821 -1.677714
-3217.110211 -1979.734729 -2.391405
-3706.708226 -2314.254023 3.611398
-2099.910978 -1387.026781 -65.413136
-2952.145339 -1888.206266 0.574409
-2080.105115 -1370.699229 -20.810512
-2463.298495 -1622.630754 -23.638336
-3012.053129 -1850.446245 -13.495365
-3322.788934 -2117.598916 3.953392
-3028.657172 -2030.100385 0.260228
-2667.539822 -1682.389021 23.437467
-3052.605328 -1866.156818 -17.800009
-3278.205107 -2099.244140 -57.347811
-3197.241703 -2017.428455 -123.707523
-3092.597839 -2012.654969 -44.935977
-3538.228724 -2231.056422 -9.781353
-3134.530458 -1904.542072 -56.452464
-3027.483929 -1928.713106 37.261342
-2277.143880 -1402.234027 9.787264
-3384.994659 -2174.010144 2.097978
-2214.211860 -1410.745600 27.169280
-3009.997339 -1956.217764 -22.636752
-3113.332720 -1930.442319 -102.076585
-3185.329734 -1991.697916 21.409618
-3337.174380 -2128.548226 -127.029193
-2123.120850 -1414.254938 -25.876667
-2459.866650 -1568.890159 -93.251050
-3557.145088 -2267.772850 -136.374311
-3846.222243 -2509.992703 25.361829
-2726.097952 -1737.739590 -106.107726
-3204.309313 -1967.363964 -19.561550
-2629.609974 -1708.821121 -49.884179
-2866.774855 -1754.823349 -10.497360
-2867.376294 -1833.763917 -97.113950
-2986.637902 -1952.064112 -23.792113
-3300.635195 -2048.793952 35.954480
-3612.196704 -2305.873901 -134.324180
-3137.284065 -1946.710158 -104.965062
-3568.747370 -2336.539234 -17.124764
-2689.216316 -1761.901359 -13.204419
-2871.128309 -1772.273579 -82.094437
-2768.341716 -1815.776881 -44.097974
-3118.369831 -2006.237218 -109.500132
-3530.132762 -2271.101339 -124.446811
-2744.947892 -1798.228143 -14.494246
-2888.087991 -1790.615535 -95.926952
-3833.694596 -2495.249051 -83.132020
-2827.714999 -1769.556980 -29.453539
-2055.293554 -1329.728060 -56.458362
-2368.945517 -1513.357946 -85.611716
-2697.434670 -1662.719613 -61.837805
-3442.927937 -2199.573900 -129.205893
-2752.696804 -1696.383371 -50.747137
-3115.668024 -1919.954106 -57.705828
-3510.285125 -2245.122240 -120.451081
-2719.083226 -1745.788007 -93.456818
-2416.018985 -1512.538019 -26.612399
-3117.700374 -1989.247076 -118.463209
-2993.708358 -1874.046884 -33.053877
-3689.979924 -2282.605437 -69.345572
-3888.621645 -2493.458414 -141.366728
-2915.131873 -1869.969876 -100.037571
-2920.810551 -1810.091575 -96.482887
-3581.221902 -2286.982615 -86.597716
-3510.412001 -2242.180648 -126.718054
-3531.096828 -2374.488138 -47.475142
-2576.397439 -1681.836293 -93.742494
-3079.089241 -1934.461258 9.287048
-3275.502407 -2071.598594 -85.448245
-2509.513167 -1643.946369 1.486386
-3271.303191 -2036.340294 -58.528045
-2884.675773 -1939.444972 -72.922438
-3366.244592 -2208.433244 -117.187485
-2770.910256 -1837.731136 20.869713
-2755.297974 -1686.103383 -36.097682
-3734.413183 -2438.615623 -137.007587
-2723.152327 -1792.815258 -68.330127
-2725.146426 -1754.084124 -90.995908
-3462.322824 -2279.726630 -86.262620
-3425.285202 -2203.628696 -114.957374
-3070.803988 -1879.866084 -40.290842
-3486.518139 -2226.832126 -141.439906
-2499.536110 -1530.446634 -32.837870
-2845.819313 -1752.637272 -52.417447
-3400.508416 -2219.408023 -124.155021
-2720.824197 -1804.653114 20.045198
-3644.130810 -2335.649801 25.362035
-2870.983998 -1764.064034 -16.647516
-3460.117588 -2228.804376 -77.465610
-2981.365354 -1896.188408 -113.065427
-2912.954321 -1908.293390 2.284813
-3926.734452 -2469.939897 -51.451626
-2446.543021 -1502.962517 -14.479235
-2615.832073 -1733.894864 -70.702401
-2843.015315 -1809.193935 -107.441824
-2470.212987 -1584.145736 16.474375
-3156.050816 -1956.753962 -73.148760
-2530.541710 -1622.096837 17.252030
-3108.161831 -2000.989339 -102.146831
-2661.821385 -1773.917320 0.585159
-3701.330837 -2500.690018 -70.121634
-2743.272133 -1843.151127 -69.130926
-2589.574264 -1703.979270 -64.057538
-2858.902171 -1788.251767 19.530691
-2416.928387 -1608.419199 -81.935225
-3093.340152 -1909.078036 -40.993867
-3293.237722 -2175.821807 -4.432809
-3127.186922 -2055.957709 -30.755174
-2876.592596 -1873.619983 -66.490663
-3068.806176 -2041.300041 -104.247978
-2545.200238 -1692.684856 -85.606717
-3723.950828 -2468.218386 -47.976099
-2708.029673 -1681.859898 29.701278
-2504.106293 -1659.905399 0.452366
-2390.385942 -1515.640305 -64.890694
-3477.779473 -2150.736614 -118.037909
-3274.119962 -2075.544369 -89.018498
-2614.127115 -1587.813866 -51.389030
-3266.067516 -2007.903257 17.917050
-2940.806910 -1810.074218 11.432559
-2373.103645 -1460.721099 9.776019
-2213.426893 -1435.968037 -33.457247
-2746.234663 -1671.054782 -61.863283
-3214.272955 -1964.790743 -81.983268
-3793.962794 -2305.965689 -76.567830
-2513.913863 -1533.410245 -34.797185
-3585.994534 -2179.964238 -68.898407
-3450.950714 -2099.775678 -75.734763
-2213.670207 -1349.330610 -49.779031
-2791.935074 -1709.571210 -76.912993
-2981.558949 -1826.372546 -82.200481
-2966.289877 -1967.582965 -14.906363
-2288.925741 -1519.103022 -10.437907
-3546.788061 -2318.260067 -23.654114
-3932.112567 -2404.767803 -108.166786
-3608.157275 -2392.426517 27.211267
-2532.977426 -1679.671162 16.546632
-2419.041028 -1538.257500 17.177369
-2457.741642 -1568.512613 -102.349595
-2311.348559 -1408.373555 -31.059401
-2443.724694 -1628.515619 -89.532215
-3491.811851 -2151.699250 22.330320
-2419.803742 -1543.576981 -101.105438
-2646.896940 -1763.619829 -95.796141
-2649.926635 -1765.561091 -95.985096
-2606.718985 -1587.006803 -35.668407
-2939.377062 -1795.047961 -77.952427
-3385.199755 -2073.684501 -95.341449
-2500.476777 -1627.446014 -52.658615
-3887.734620 -2372.775487 -94.107880
-3507.258549 -2141.032804 -91.199826
-2470.936096 -1571.924794 -90.668329
-3257.570435 -2133.996790 27.365230
-2324.675874 -1421.515511 -64.511804
-2391.948337 -1602.746410 4.017177
-3586.617067 -2377.619846 23.453322
-3586.091647 -2377.269983 23.620995
-3888.887053 -2483.166782 -158.274897
-3871.552100 -2566.419997 25.189669
-3314.019907 -2113.725968 -136.156716
-2842.694315 -1739.321901 -78.642865
-2713.480679 -1659.964251 -75.357568
-3022.334548 -2014.364708 1.039554
-3439.466546 -2194.164655 35.402039
-2652.814439 -1741.113811 -1.111368
-2421.774941 -1545.607263 -98.353791
-3775.145812 -2559.412513 -88.186809
-3112.155791 -1998.147073 -0.251168
-2440.436074 -1558.151414 -101.931923
-2877.710620 -1759.768651 -78.229444
-2443.640775 -1490.889888 -57.629805
-2737.873417 -1669.460364 -66.081299
-3102.047580 -1976.839631 -128.046561
-2904.964939 -1774.062209 -30.651951
-2598.771166 -1583.492177 -63.610479
-3133.631254 -2073.996517 -124.275618
-2867.083953 -1877.836913 -89.354174
-3468.687408 -2272.210220 -108.123893
-2773.357825 -1770.969551 -114.754201
-2931.427512 -1863.615602 20.104230
-3164.630679 -1931.628444 -77.577662
-2496.353311 -1521.966594 -60.063770
-2626.329898 -1673.866881 -108.716352
-3116.820866 -2069.399093 -14.165145
-3652.829435 -2408.831291 -130.483174
-2918.935618 -1862.697100 -54.136336
-3819.715092 -2476.153716 65.055813
-2018.049995 -1251.630121 -46.139530
-2760.442053 -1831.377200 -6.235282
-2907.980736 -1814.226716 -93.529306
-2752.817653 -1769.430977 -52.056592
-3782.080984 -2510.455922 -9.109623
-3423.175255 -2190.892298 -88.832007
-2572.305420 -1678.327747 -93.457461
-3098.123808 -2056.147505 -7.778936
-3018.415780 -1989.748133 -108.349533
-3485.718651 -2273.503926 -125.925768
-2499.518802 -1630.092234 -90.920681
-3617.668683 -2215.551536 -46.881188
-2798.327509 -1774.412620 -27.305875
-2271.408708 -1538.370906 -13.368209
-2869.940330 -1883.167229 -100.975623
-2665.333619 -1711.299610 12.216422
-2466.107820 -1536.050926 -44.637841
-2924.413515 -1854.769416 -83.187513
-2319.949250 -1487.526294 -38.500199
-3068.807680 -2002.251692 -111.373225
-3673.671599 -2255.720728 -26.680182
-3882.949975 -2448.943551 -89.360279
-3806.316078 -2405.436878 -81.036012
-3540.027393 -2271.707718 16.320719
-3472.122124 -2344.655482 -0.145886
-3684.598982 -2446.325140 -15.600366
-3751.867694 -2363.879314 1.107982
-2506.598594 -1531.693135 -34.554150
-3049.508826 -1851.872938 -56.230789
-2906.741099 -1830.555129 0.817385
-2644.962434 -1606.355630 -48.301087
-3836.804058 -2366.230230 -122.976741
-3858.218462 -2379.417842 -123.166082
-3369.682511 -2080.364076 -106.362259
-3957.470165 -2443.491788 -124.451504
-3631.099849 -2433.641095 5.660690
-2897.212870 -1942.349995 4.561999
-2940.811312 -1862.847494 15.764660
-3158.114016 -2006.013059 20.283430
-3488.981378 -2270.331230 -44.963521
-2638.521034 -1610.444424 -31.057344
-1925.636365 -1300.097149 -23.944201
-2808.087883 -1821.222232 -42.973297
-2577.622792 -1604.018330 -27.087697
-2669.122186 -1754.690955 -49.952464
-2668.962378 -1754.370187 -50.323247
-3921.924860 -2430.954703 -90.137772
-3081.687446 -2051.494732 39.655861
-2349.284271 -1529.075151 -73.832543
-2368.128006 -1483.187990 -65.593252
-3164.046550 -1981.599932 -87.604124
-2893.933446 -1861.306190 7.371992
-3278.226714 -2179.248496 -127.754796
-3536.365815 -2365.802949 -90.318896
-2524.209782 -1671.692822 -25.489184
-2611.510003 -1744.354085 -81.920542
-3818.409626 -2374.242504 9.074373
-2524.564234 -1671.714758 -25.928667
-2400.584991 -1492.411163 5.634209
-3041.834804 -2006.448180 -30.868201
-3215.437722 -2165.693409 -33.800293
-2674.767835 -1784.160807 -100.083649
-3694.438440 -2341.653615 -86.567242
-3710.700428 -2275.776160 -12.519797
-2618.682598 -1744.705537 -31.985074
-3313.976050 -2219.492917 -16.369980
-3138.214577 -2113.826217 -32.327947
-2443.533731 -1504.873485 -25.712240
-3147.480872 -2022.567774 9.794574
-2849.112827 -1833.739402 -67.839844
-2988.258417 -1936.620456 12.757835
-2990.219118 -1937.627343 12.952441
-3075.406271 -2019.916217 -29.731644
-2419.396441 -1472.316883 -50.488089
-2655.771105 -1615.320041 -55.630517
-3211.303715 -1975.547024 19.495960
-2493.619072 -1654.628131 -11.071167
-3338.338986 -2054.329157 19.937498
-2709.979456 -1768.900556 -16.955233
-2939.159186 -1813.360313 13.222528
-2321.758464 -1473.835364 21.232653
-3619.967140 -2395.742885 -144.311143
-2029.052780 -1333.029982 -20.841524
-2503.997744 -1648.160332 -14.930625
-3729.304755 -2296.280643 22.361293
-3207.374396 -2107.314114 -33.118686
-3571.898563 -2175.920561 -7.345049
-3558.787026 -2193.708253 9.060064
-2535.089874 -1562.583112 5.959267
-2688.982975 -1657.748875 6.384697
-3549.847916 -2324.100126 -135.047416
-2675.791448 -1661.838371 31.373009
-2705.663909 -1681.201795 31.231918
-2579.888775 -1592.129311 22.072621
-2623.818099 -1741.113140 34.679170
-3567.207279 -2334.597897 -135.151289
-3694.503745 -2252.701024 -80.452334
-2667.372993 -1733.760991 -47.276200
-3948.568435 -2458.522435 47.567783
-2500.052616 -1529.686561 -33.967389
-2676.076038 -1659.564724 32.237774
-2506.273952 -1595.209050 30.818519
-3131.352340 -1979.865021 -110.020510
-2762.368453 -1713.752839 33.908610
-3215.780818 -1973.758578 -41.287354
-2939.111841 -1969.675613 -82.777524
-3542.330901 -2218.872343 -119.282840
-2499.708288 -1529.857135 -37.167433
-2590.670098 -1622.837595 -87.319097
-2725.502216 -1667.959991 -36.988327
-2903.869921 -1945.849958 -80.477171
-3014.352307 -1899.692526 -46.826351
-3011.560743 -1860.985717 29.262085
-2402.613134 -1549.103151 43.492681
-3754.102257 -2319.908763 35.333600
-3747.326713 -2312.748393 31.814128
-3492.785894 -2155.304664 30.352007
-3219.591176 -1990.566160 32.464274
-2454.920944 -1558.378924 -53.591192
-3301.830088 -2036.500692 26.763786
-2586.236744 -1613.348324 33.326984
-2344.896011 -1449.984874 24.968268
-2663.469029 -1625.145213 -40.157278
-2738.309917 -1670.492164 -42.641769
-3754.811250 -2290.254949 -57.426886
-3469.919155 -2164.069087 45.459317
-3447.696671 -2151.878505 43.984186
-3221.301450 -1964.404116 -49.940007
-3139.305883 -2104.744679 -86.131563
-2942.431923 -1844.488075 -77.050877
-3321.771516 -2088.684825 16.588061
-2831.722919 -1906.686289 -58.356900
-3184.222020 -2005.667763 22.980833
-3149.862921 -1964.747736 3.150542
-2590.008985 -1711.055488 -62.407585
-2504.045204 -1569.544688 -83.427951
-2762.909114 -1872.124905 -0.322137
-2498.722597 -1679.448875 -36.231980
-2832.897103 -1902.609543 -41.039995
-2567.866417 -1575.691172 -13.364995
-2819.494678 -1813.902019 -75.851142
-3299.691437 -2035.617050 -68.953967
-3887.199122 -2411.506861 38.623477
-2875.491021 -1955.286176 -50.728426
-3691.607499 -2261.004511 -49.400357
-3068.429020 -1880.609299 -41.408290
-3671.630861 -2459.787559 2.695769
-2459.038032 -1540.182169 15.333633
-2539.057532 -1593.339801 13.818180
-3251.358412 -2168.922960 -104.471395
-3252.071672 -2042.245040 -45.364734
-2686.386238 -1725.636858 19.138638
-3124.996269 -2079.749887 -12.765960
-2352.299650 -1565.157878 -9.281421
-2663.020061 -1685.488901 -10.468655
-2349.147195 -1563.568562 21.191735
-3398.732754 -2255.112774 -43.529401
-2646.683686 -1759.461319 -101.821816
-2893.337935 -1928.542211 -60.030859
-3477.641328 -2221.410223 -110.816847
-2718.964644 -1772.030152 -110.778360
-2410.681895 -1509.175306 28.256145
-3701.380986 -2281.264627 -67.492558
-3704.706030 -2283.318319 -67.394888
-2944.581466 -1911.278389 -71.279907
-2534.002600 -1625.960879 -62.338345
-2456.166354 -1598.923675 5.263428
-2265.883912 -1471.146107 -5.349634
-2680.339406 -1751.199878 17.776759
-2862.260688 -1913.056413 -8.726357
-3572.365775 -2377.650945 31.943755
-2562.544191 -1648.759140 -68.951528
-3224.763162 -2169.508427 -64.557681
-3152.687552 -2044.439864 -72.452145
-3273.156745 -2085.292141 -62.542357
-3006.116931 -2006.488396 -93.930477
-3175.708837 -2119.885110 -101.305961
-2636.506097 -1666.752146 -67.437230
-3196.412471 -1971.411533 6.895026
-2685.625134 -1750.011832 -49.731231
-3022.678548 -1885.774599 -38.236416
-3148.100888 -2105.567991 -102.450426
-2551.343277 -1602.756901 13.171856
-2754.598968 -1710.853670 -35.836102
-3245.640117 -2112.473253 5.915579
-3752.638817 -2352.284590 -126.491275
-2331.929925 -1447.999571 -29.910272
-3356.232247 -2043.065416 -54.148753
-3068.308219 -1953.443757 35.848439
-3771.109007 -2296.298674 -8.786854
-3674.669738 -2264.458569 33.624221
-2770.066317 -1716.008249 29.497668
-2882.181334 -1754.742095 -6.614050
-3713.618370 -2413.420088 -65.088170
-2756.378270 -1854.617772 7.619589
-3828.851412 -2452.923413 -108.222299
-3570.197648 -2329.903904 -24.557963
-2981.413436 -1889.125738 -80.430180
-3673.745612 -2353.736511 -98.096086
-2748.536700 -1795.535655 14.024071
-2439.811234 -1592.409250 -16.118925
-2728.339736 -1747.416119 -77.166848
-2805.908920 -1778.708570 14.458523
-3295.862225 -2104.695315 -94.384057
-2758.707121 -1687.792148 -2.349051
-2454.506287 -1602.662403 -16.232654
-3461.137205 -2273.153041 -123.725434
-2570.847250 -1670.638826 -45.285572
-3042.468802 -1888.679935 -39.416925
-2604.959885 -1606.350936 21.755970
-2412.157716 -1500.842503 30.477529
-3536.259902 -2213.373171 53.768781
-2538.341186 -1581.562477 35.512574
-3147.168854 -2013.792021 59.869828
-2584.311547 -1618.286880 39.821684
-2289.869893 -1493.715750 -20.318348
-3147.253643 -1917.089292 -46.557636
-3770.975601 -2297.396368 -56.135372
-3693.219057 -2250.026765 -54.148512
-3350.987835 -2042.242870 -49.316063
-2850.008703 -1767.604392 35.715124
-3568.088472 -2211.507812 43.973168
-2677.574284 -1660.158414 33.442348
-3757.310471 -2326.196185 37.707568
-2772.319193 -1715.833976 30.502219
-2753.284937 -1825.464140 39.636598
-2878.444516 -1776.927101 27.995547
-3816.371942 -2555.655882 -106.454126
-3483.338752 -2132.899143 4.966858
-2601.814203 -1607.147461 25.483482
-3839.374584 -2382.517673 -55.668503
-2147.491125 -1401.512829 9.490879
-2430.655404 -1583.919102 -3.923556
-2922.045883 -1884.005516 3.320494
-3196.570126 -1958.862128 3.020233
-2041.460580 -1370.730706 -24.110802
-2735.929849 -1757.783920 -50.709749
-3461.744121 -2243.601079 -71.736236
-2606.530465 -1601.124541 1.611808
-3063.660312 -1876.131600 3.307310
-3482.344344 -2132.753290 3.839683
-2217.259312 -1504.183039 -13.191159
-3535.347223 -2258.151805 -73.626807
-3706.573955 -2295.137824 46.546078
-2935.511673 -1785.635539 -46.005063
-3348.479458 -2036.600996 -52.688192
-3482.925463 -2147.158976 32.497411
-3089.953006 -1888.585718 -45.492836
-2843.531193 -1844.582911 -42.074351
-3095.853016 -2014.772146 -28.136465
-3430.216004 -2127.527747 43.442684
-2468.735261 -1546.652100 14.458980
-3276.831011 -2073.712278 -70.705107
-3414.553597 -2161.988731 -74.282391
-2897.566666 -1963.491843 -3.147732
-3344.158885 -2046.764979 16.514135
-2987.112081 -1815.371913 -20.242333
-3132.890256 -2057.378122 -24.876677
-3427.356473 -2160.722708 -81.967315
-3326.534434 -2055.316270 -17.182165
-2547.740807 -1622.415686 -50.785715
-2408.458920 -1542.223605 -67.840996
-3273.472880 -2021.908131 -16.944392
-3067.483173 -2059.601978 -37.770456
-3007.183059 -2006.342234 -94.453951
-2552.711051 -1617.346508 -54.061221
-2916.382765 -1910.576243 -51.316688
-2521.075553 -1652.287209 -44.534873
-2521.594717 -1681.120567 -51.512219
-3846.626788 -2521.059251 -68.252245
-3156.584125 -2008.167698 -106.860105
-3370.556772 -2102.977898 -117.424537
-2290.480686 -1457.007792 -77.133013
-3054.238382 -1926.422721 27.256598
-3137.910716 -1992.352600 7.078122
-3428.945259 -2147.981554 53.326190
-3779.369101 -2303.949012 -59.548741
-2914.426766 -1824.892869 46.177536
-3854.849055 -2350.905951 -60.548010
-3355.681918 -2045.466517 -51.683793
-2598.147085 -1582.233246 -40.402986
-2584.278210 -1576.297672 -40.657009
-2696.555924 -1787.540555 36.509747
-2877.188706 -1753.604993 -13.299285
-2929.887926 -1796.047849 5.899175
-3275.049439 -2085.078989 -65.034387
-2569.961816 -1635.547155 -50.699031
-3526.768059 -2326.404338 -43.728742
-2593.014866 -1613.521981 34.685303
-2480.031521 -1506.711067 -39.272570
-2354.313209 -1427.780267 -14.828120
-3402.619829 -2097.754787 -110.503366
-3064.498141 -1865.767422 -49.856742
-3274.167276 -1986.295089 -31.770939
-2342.979859 -1570.062231 -66.221216
-2397.746829 -1606.225949 -67.802256
-2729.105335 -1770.450922 0.468348
-2948.883056 -1852.669538 -73.879625
-3582.461719 -2279.822912 -136.143014
-2935.285448 -1885.383666 -5.608385
-2456.944848 -1563.973223 -93.290755
-2993.996203 -1929.191656 55.188029
-3723.819082 -2480.937971 -15.675390
-2752.947894 -1685.275125 -36.811407
-2720.399266 -1803.142206 20.377863
-3831.362907 -2351.674985 -6.493503
-3544.219665 -2309.476202 20.313263
-2704.255336 -1788.747097 -12.048983
-3335.126804 -2089.811239 -111.509422
-2200.552126 -1455.147464 -10.055497
-2365.483183 -1597.602892 -52.710259
-3570.015588 -2360.678786 -15.811808
-2555.643954 -1663.912208 6.476342
-3176.993935 -2067.052157 6.279952
-3355.154247 -2232.901512 -113.607156
-2543.830123 -1580.432584 28.192583
-2834.975313 -1868.215090 -95.194101
-3328.114490 -2126.315511 -100.679883
-2191.551984 -1400.767408 -66.280545
-3832.534327 -2333.149443 -7.467101
-3674.705258 -2237.583082 -6.089092
-3315.826512 -2027.484647 -44.546195
-3149.646042 -1911.518593 -27.640900
-2763.333022 -1677.232766 -51.942333
-3428.200639 -2225.236369 -40.556248
-3355.033153 -2035.709708 -32.253506
-2114.828248 -1299.893475 12.804523
-2538.835458 -1572.055773 -79.528988
-3740.115996 -2310.082884 -119.624950
-3483.879042 -2121.247834 -57.042910
-2232.804347 -1358.554834 -38.671200
-2607.685250 -1587.700325 -45.824681
-3874.178268 -2365.280941 -102.872138
-2527.592341 -1697.703702 -14.697482
-3208.096919 -1951.780429 -55.569550
-2410.033090 -1512.466805 13.436939
-3005.906505 -1834.961686 -75.544276
-2283.914404 -1394.621309 -56.810837
-3898.431292 -2412.359810 43.596329
-2656.990906 -1630.605367 4.658580
-3576.903405 -2363.798167 -16.395947
-2642.659143 -1790.495045 -39.662129
-3240.797498 -2007.436662 -85.381977
-2726.110652 -1770.506187 -48.911809
-3410.318562 -2212.219281 -0.352448
-3160.824216 -2021.829855 -82.512337
-3786.471632 -2416.003569 -56.780650
-3004.703449 -1917.371148 -45.276224
-3782.984575 -2455.361804 -65.608744
-3786.908037 -2457.958944 -65.625074
-3165.487975 -1923.919971 -51.642587
-3370.493192 -2181.479902 -39.932705
-2493.725925 -1514.397518 -41.093629
-2817.586071 -1762.230251 40.512359
-3549.671895 -2226.104456 19.562542
-2731.869362 -1697.477525 -22.320146
-3543.423308 -2201.448078 -29.203904
-2913.930692 -1918.432847 -97.757312
-2891.039294 -1755.047486 -57.999267
-2903.766893 -1774.648895 -3.417314
-2440.245893 -1589.605377 -25.136044
-3698.287381 -2309.913375 52.770459
-3449.002419 -2243.058318 -35.464001
-2626.457579 -1761.547091 -76.169961
-2883.346324 -1941.531068 -85.420273
-2539.362414 -1582.267523 -0.506357
-3323.925350 -2071.400279 0.435858
-3044.921563 -1910.207891 -99.779418
-2482.064577 -1684.327948 -22.170125
-2974.779326 -2019.136165 -25.859658
-2472.306085 -1623.065914 -32.721161
-2958.536577 -1856.001513 36.757797
-3599.528600 -2363.464238 -48.643640
-3820.493162 -2561.001084 -109.684620
-3121.886140 -2093.160972 -90.481582
-3001.780365 -2013.321829 -85.801815
-3071.587427 -1936.316951 -13.700908
-2970.816353 -1872.795807 -13.170755
-2861.332926 -1806.620195 -14.063735
-3104.795056 -2080.022806 -3.500824
-3220.578265 -1981.031132 -36.958650
-3938.124392 -2405.384790 -65.303397
-3138.145936 -1968.179926 38.634908
-2917.879147 -1957.879018 -82.162330
-3502.675133 -2289.884041 27.189081
-3452.247131 -2331.927321 -38.875041
-3111.079761 -1990.395260 52.668269
-2573.559178 -1738.220000 -30.087812
-2752.100514 -1826.363469 -67.790251
-2692.776055 -1758.649012 -68.295091
-3122.466940 -1957.352136 37.283978
-3078.550628 -2009.847267 -78.413990
-3041.367923 -2008.268941 -32.447761
-2815.859950 -1799.035248 -37.520012
-3163.997426 -2059.614646 -130.053435
-3693.817418 -2385.153527 26.296781
-2254.584749 -1458.148797 7.166840
-3659.611872 -2459.155257 -2.579581
-3140.618869 -2080.856549 -95.667461
-2409.758483 -1589.396966 0.672368
-2592.191836 -1709.665420 0.700496
-3695.222155 -2300.659480 -87.520401
-3158.320732 -2099.996528 -24.147302
-2482.794749 -1650.957234 -18.524972
-3609.088865 -2241.709789 -90.632629
-2555.110033 -1586.837053 -63.783773
-2591.049977 -1758.703769 -60.234944
-2566.992166 -1660.480016 -62.434130
-3426.420381 -2178.274851 -20.208197
-2466.937169 -1558.931279 -21.470248
-2890.388090 -1826.942539 -25.360503
-2836.884716 -1777.679595 -46.113421
-3691.380576 -2488.684366 -58.996339
-2685.338636 -1683.622675 -42.408065
-2842.657688 -1916.610306 -45.121234
-3138.493698 -2083.045427 -77.790130
-3802.688146 -2510.940335 28.078620
-3186.595022 -2002.516363 -26.177756
-2601.962192 -1591.129005 -50.313346
-3180.397107 -1997.644825 -24.194254
-3148.753141 -1993.012803 -43.206425
-2722.938732 -1722.952744 -36.730398
-2206.287964 -1395.695115 -30.264948
-3187.570903 -2003.364437 -26.551672
-3118.810294 -1941.658659 32.535171
-3184.309162 -2002.131407 -27.153190
-2883.506065 -1789.992679 3.102461
-3247.360308 -2035.581347 -110.035150
-3912.072298 -2432.030227 -49.499260
-3370.334927 -2089.722363 4.739512
-3431.414707 -2170.423461 -123.564620
-3226.933085 -2156.736248 -51.212297
-2608.231320 -1741.089908 -17.574264
-2399.325280 -1488.246087 2.890302
-3239.561551 -2014.242251 -41.339429
-2726.722648 -1716.454164 -80.365947
-2481.796486 -1580.666308 29.160645
-2360.163476 -1453.444926 -54.387990
-2642.183969 -1644.572311 26.597889
-2612.078943 -1630.376498 -29.593348
-3618.519052 -2308.861744 39.043397
-3687.522743 -2295.388706 6.262167
-3041.525353 -1940.349622 32.994423
-3116.389237 -2026.898234 -61.503687
-2685.127343 -1746.672146 -53.728419
-2675.795841 -1746.353240 -68.324598
-2548.284461 -1692.776513 -62.266605
-3265.358932 -2165.597678 20.718722
-2707.785981 -1661.447895 -30.800658
-3767.034019 -2499.295502 25.054764
-3300.115002 -2082.227026 28.377799
-3825.803675 -2365.132095 -62.747093
-3114.846431 -1994.161299 -78.543108
-2533.582647 -1621.852926 -63.356566
-2618.388507 -1634.568506 -29.401981
-2617.542314 -1617.299123 -12.749820
-2899.395612 -1967.311337 -24.646837
-2802.121563 -1744.081884 -35.154293
-2499.523332 -1658.866768 -60.359091
-2539.751187 -1576.013564 -78.727744
-2756.268588 -1827.178523 -83.898011
-3896.644803 -2525.329623 -101.197422
-3505.187992 -2284.625123 -126.202602
-2451.256509 -1550.491515 -87.508380
-3387.648780 -2074.825205 -78.967083
-2288.645514 -1447.465398 -49.291621
-3664.775001 -2467.092816 11.034767
-3409.300324 -2294.562254 10.740816
-3431.756648 -2215.416129 -68.509658
-2908.319785 -1877.444442 -58.112683
-2728.949890 -1745.677123 -78.476706
-2367.382804 -1568.985192 -71.308004
-2344.239137 -1458.925343 -66.761062
-2694.557128 -1721.256026 -9.764024
-2894.108950 -1859.431985 13.654163
-2844.886238 -1885.470247 -85.586900
-3465.963250 -2327.298401 -75.014228
-3466.842197 -2327.847416 -75.106823
-3384.431938 -2206.180019 -121.397951
-2827.577703 -1788.871010 -61.348066
-2449.487315 -1500.054781 -2.746680
-3377.246257 -2297.943209 -10.939278
-3200.587139 -2056.971733 -79.679490
-3117.718270 -2074.216049 -119.976053
-3288.578309 -2159.799278 -30.618455
-3850.851453 -2594.442556 -111.256140
-2871.991522 -1775.936513 -74.059007
-3017.246939 -2049.762371 -76.525673
-3203.665920 -1993.927253 -97.162860
-3831.694559 -2591.027693 -115.959735
-2156.140071 -1452.514396 -62.831747
-3158.595061 -2137.428063 -94.610589
-3681.360171 -2499.699374 -94.100243
-2087.708672 -1406.802242 -59.289983
-3513.245580 -2375.051353 -104.848710
-3817.303343 -2499.639469 -146.475206
-2913.958074 -1963.446329 -84.075341
-3376.433369 -2299.013966 -74.234188
-3598.525181 -2281.633500 -117.674819
-2858.866609 -1761.238137 10.361011
-2898.912799 -1888.350803 -64.041909
-3145.762774 -1961.359092 -87.535558
-3200.438254 -2020.713283 -126.839665
-3188.633837 -1985.162252 7.020863
-2511.898536 -1698.973117 -76.132675
-2561.240025 -1617.297043 -105.754634
-3757.286070 -2288.975919 -42.288942
-2958.851065 -1856.561661 32.922423
-2560.605556 -1635.252763 -37.456470
-3697.565006 -2448.475730 -28.182010
-2839.888200 -1847.576456 -46.930616
-3327.179626 -2195.621658 1.648940
-2436.300853 -1575.849466 -58.871016
-2053.405010 -1287.703366 -50.237665
-2076.360586 -1272.283516 -7.051247
-3095.901319 -2028.975551 -33.358758
-3812.107715 -2389.540174 -124.989294
-3132.953724 -1964.318446 -76.619879
-3279.862442 -2098.061332 -54.382457
-3180.629696 -2034.085869 -91.012380
-3511.730404 -2294.818147 11.372354
-2518.002285 -1633.207177 -39.015646
-3541.794597 -2263.173846 -142.266982
-3513.206460 -2296.189904 11.489406
-2805.403652 -1823.536316 -55.710204
-3263.966192 -2084.487313 -130.550474
-2033.850346 -1273.749372 -66.573374
-2989.453804 -1932.987792 -72.252024
-2840.736402 -1861.802213 -29.535447
-3354.558431 -2198.060834 28.657249
-2966.922175 -1807.379939 -34.960519
-3340.812897 -2233.971650 1.461282
-3520.369084 -2198.870849 -113.788364
-2905.154317 -1814.141026 -94.022337
-3828.960707 -2390.934366 -123.728368
-2920.088215 -1851.092001 -83.421171
-2705.657337 -1767.854033 -23.408852
-3154.783227 -1947.157145 -98.808215
-3457.660459 -2231.122025 -42.367978
-2728.500622 -1699.028044 -82.624370
-3424.942380 -2276.903940 -79.979234
-3035.354174 -1940.552838 -31.439757
-3314.762186 -2048.428437 15.281025
-2968.778638 -1969.155910 -20.565761
-2790.119465 -1896.646793 -25.692209
-2474.258036 -1681.207586 -22.756020
-3783.157137 -2463.566604 -156.399100
-2939.295278 -1815.917102 14.167284
-2319.292606 -1491.342265 6.880922
-3873.867040 -2491.218209 11.455538
-3841.164534 -2471.539505 11.208893
-2868.824724 -1766.796991 -30.567700
-3014.508637 -1851.770745 15.663811
-3598.975516 -2212.917249 18.421346
-3054.323223 -1929.602778 -122.424397
-3180.730038 -1950.442139 -91.216981
-2883.252370 -1905.030703 -111.740755
-3441.029531 -2119.551818 19.686227
-3767.005358 -2461.097731 -32.761055
-2452.580005 -1513.767340 -76.329665
-2860.936984 -1743.496145 -5.845269
-3175.715596 -1929.234025 -19.520062
-2319.945234 -1442.649723 0.867162
-3140.695472 -1991.881389 -71.937117
-3495.651144 -2262.171721 -50.791529
-3326.571158 -2116.143852 -68.308701
-3135.916513 -1968.517415 38.987683
-3435.988629 -2153.160211 -115.797515
-2586.892496 -1613.457193 34.830646
-3700.096628 -2307.918079 49.176890
-3139.378752 -2012.716929 -82.394659
-3620.161655 -2459.406900 -24.656432
-2334.206837 -1559.854352 -6.778996
-2166.351289 -1377.634921 -44.737006
-2940.138527 -1971.718503 -81.597249
-3258.643119 -2208.093018 -0.666430
-3390.010503 -2240.728167 -117.442016
-3730.307690 -2403.067736 66.839309
-3686.226052 -2307.491179 42.967633
-2715.099064 -1666.100225 -31.420550
-2507.042852 -1578.979795 -70.243081
-2854.580858 -1772.620267 -71.538186
-3553.002096 -2192.962656 7.025800
-2775.323525 -1854.781748 -16.851734
-2524.417606 -1556.729213 4.917935
-2524.054286 -1563.829903 5.869531
-2661.257391 -1624.539909 -38.518305
-2477.344748 -1567.421043 -29.179508
-3144.341732 -1928.767902 -16.896852
-3382.190932 -2137.550170 -39.073971
-2606.452655 -1682.636847 -38.107487
-3193.153274 -1998.122848 49.522971
-3129.036006 -1946.058429 39.310513
-3284.584176 -2043.016885 44.731856
-3286.236580 -2043.899697 44.893158
-2435.627067 -1490.753513 2.330743
-3136.234587 -1934.900366 30.357409
-2574.290086 -1659.457338 -42.483553
-3179.536218 -1933.078939 -17.031166
-3761.895704 -2518.210474 -104.497331
-3135.469840 -2087.611131 -35.144727
-2848.552961 -1896.351011 -31.701629
-3303.338647 -2199.851986 -37.681453
-2392.547510 -1454.195289 -15.437478
-2379.415377 -1606.468555 -31.018266
-3073.819475 -2018.984733 -27.895563
-3832.194836 -2605.980452 -33.738813
-2684.246695 -1780.251382 -27.116350
-3566.893631 -2423.178296 -25.947089
-3050.759792 -1857.861488 -10.643834
-3712.991713 -2263.130269 -10.204249
-3158.680197 -1969.815068 -88.651829
-3440.876152 -2141.544652 48.254305
-3225.776649 -2007.796997 45.916811
-2189.230334 -1410.911500 -28.790918
-3561.007852 -2203.925932 -111.796881
-3444.566368 -2307.225312 -97.804298
-3126.791614 -2094.642439 -89.268564
-3127.652404 -2095.312711 -89.340887
-2505.009954 -1641.141375 -26.158883
-2496.533599 -1608.600325 45.182773
-3393.723200 -2108.364233 -86.159783
-2910.045549 -1765.352844 -22.993374
-2404.153272 -1458.592731 -18.540799
-3401.015863 -2106.314203 -105.373391
-3852.903298 -2423.720538 -0.159280
-3428.142246 -2233.605253 -20.708670
-2725.389961 -1758.146146 -39.411558
-2683.056510 -1731.370425 -38.730595
-3297.376790 -2050.821298 44.349440
-3387.948311 -2105.726543 44.147490
-2882.623041 -1752.836530 -46.964702
-3034.413997 -1988.172643 -31.314658
-2651.749593 -1737.070465 -27.088610
-2338.420633 -1589.081991 13.770386
-2587.480299 -1757.072731 15.289945
-2447.255075 -1584.099338 -24.551244
-3037.678913 -2062.882059 1.923513
-3417.422393 -2179.802654 1.311813
-2677.042500 -1707.831028 0.694429
-2600.939416 -1649.277307 15.492268
-2557.478107 -1649.670155 -53.890585
-2634.921553 -1696.689924 43.589939
-2657.325981 -1730.945308 37.975511
-3343.677626 -2136.653509 52.378145
-3090.110346 -1936.009290 -29.256105
-3747.911678 -2472.506979 -40.724710
-2594.678182 -1688.657537 -94.922645
-3478.483022 -2264.872860 -128.392818
-3673.853110 -2477.118636 2.794085
-3414.645355 -2163.781455 -102.789006
-3076.733388 -1980.425717 51.717541
-2569.851001 -1710.201888 -36.305896
-3407.936586 -2159.236740 -102.528438
-3640.626380 -2357.992121 -99.184756
-3894.100246 -2397.854513 0.515063
-3572.572379 -2325.285824 59.310109
-3445.724210 -2154.433320 46.552230
-2371.166514 -1509.556832 -26.904831
-2529.832730 -1609.716946 -8.951617
-3129.205171 -2078.347196 11.972165
-2657.190615 -1781.101461 9.467415
-2377.521290 -1563.907296 -82.808693
-3086.398353 -2069.688208 11.375979
-3761.110721 -2522.698666 13.412743
-2481.966263 -1561.914218 -6.943792
-3222.344459 -2138.958069 13.131005
-3512.512816 -2340.510117 -54.567994
-3339.383990 -2058.782128 -47.141066
-2505.825390 -1558.838767 -3.804573
-2314.513729 -1426.755227 -32.352866
-3811.385453 -2485.668686 20.236054
-3403.170345 -2259.684443 12.624304
-3341.989143 -2061.069688 -47.881265
-3542.033640 -2289.231637 -149.015554
-2470.414154 -1670.492163 -60.732955
-2973.770451 -1970.533251 18.934439
-3116.207980 -2065.246192 18.231647
-3267.190354 -2165.344141 19.748233
-3192.661942 -2116.095100 18.644712
-2320.035847 -1504.766421 30.035838
-3270.536400 -2110.376142 -68.676985
-3322.054150 -2072.166473 -47.304181
-3388.542046 -2182.181351 40.707109
-3182.266804 -2012.611760 -44.997172
-3182.173475 -1995.533097 -116.961193
-3192.316386 -2025.798754 -46.136226
-3122.853224 -2012.845717 -98.475404
-2992.271294 -1928.849418 -94.754598
-2827.693904 -1823.003592 -89.937468
-3010.175200 -1868.490450 31.357223
-2733.242524 -1748.649664 -75.070495
-3820.011325 -2377.805555 40.897097
-2612.442694 -1616.334624 -1.098572
-2980.753844 -1993.147459 -90.541824
-2980.482450 -1993.050945 -90.427656
-3189.242703 -2008.667377 39.598591
-3181.164569 -1983.413828 -18.617309
-2600.119047 -1618.768176 -1.746584
-2662.034177 -1785.124253 -86.183519
-3511.034361 -2209.003625 -49.287524
-3419.825001 -2179.368332 -92.127538
-2447.293701 -1559.751393 -66.455962
-2727.689790 -1699.741679 -78.050433
-2929.297982 -1881.919863 35.811998
-3644.402440 -2272.506241 -51.412769
-3142.696591 -1960.289520 -44.234329
-2729.475433 -1701.256569 -77.912072
-3713.578583 -2392.211141 44.252082
-2634.906650 -1642.629384 -75.252506
-2564.748122 -1677.943888 -35.732506
-2410.928754 -1575.623340 -32.639437
-3620.813593 -2365.414335 -48.559031
-2808.227169 -1759.464185 -27.097422
-2920.399286 -1870.869721 29.334429
-2990.078249 -1875.046182 -42.933050
-2688.983798 -1754.220661 -45.931302
-2243.522535 -1463.515266 -38.390142
-3156.644774 -2057.884057 -53.630178
-3546.424154 -2377.709621 -114.991606
-3384.342935 -2176.449847 -17.727626
-3544.138276 -2268.389550 -73.308936
-3145.909421 -2011.372470 47.370435
-2316.153887 -1489.326095 -12.980949
-2372.114994 -1615.689235 -40.720562
-2997.723723 -1957.325151 -35.989107
-3255.090916 -1997.323531 -45.662748
-3297.946015 -2153.320631 -39.281730
-3421.799611 -2251.550181 -70.372378
-2332.020714 -1585.521009 -31.489023
-3014.789603 -1926.492713 46.832837
-3398.738942 -2299.092270 -58.127816
-2901.796764 -1962.637690 -48.486558
-2009.385472 -1290.148154 -11.886468
-2989.751770 -1904.769838 -11.121796
-3424.609836 -2183.816624 -68.401743
-2469.608885 -1660.217481 -53.307261
-3864.095325 -2483.138783 -19.378566
-3055.369754 -2076.661573 -41.885641
-3016.737886 -1927.675887 46.738764
-2949.181338 -1953.871644 -100.665545
-2762.271125 -1817.256961 -57.048199
-2316.657643 -1567.664731 -39.614734
-3838.550043 -2358.597838 -53.422741
-2646.594319 -1735.581894 -50.459509
-3692.308324 -2410.628561 -43.547485
-2743.504644 -1771.203086 45.060852
-3699.205971 -2372.283521 20.823090
-2927.758940 -1919.653376 -55.557808
-3486.264778 -2267.058278 -79.420312
-3152.656063 -1936.001419 -44.791045
-2699.738834 -1768.841404 -51.337759
-2329.031851 -1503.980779 42.238358
-3260.396564 -2128.108002 -38.347400
-2682.111874 -1762.769595 -55.212185
-2309.915218 -1427.943946 -43.855786
-2662.590692 -1708.413767 27.220382
-2861.142730 -1846.927185 -93.877024
-3618.880604 -2316.442880 38.743622
-2733.131179 -1691.908669 1.271369
-2924.634477 -1875.660663 30.841251
-2463.919691 -1580.426132 -62.228030
-2513.819940 -1706.604483 -33.935494
-2341.454433 -1454.466107 -66.998759
-2745.457247 -1760.794566 27.368684
-3444.572678 -2295.809149 42.849011
-2358.555678 -1520.553556 -73.969724
-3725.318263 -2383.315193 39.512840
-3133.473737 -1961.575623 -74.573517
-3093.783048 -1936.916264 -73.882518
-3391.425314 -2183.308569 -107.857682
-3513.162553 -2245.822050 35.322656
-2341.511583 -1497.379147 25.624921
-2668.849561 -1706.823994 23.800563
-2672.884519 -1709.576005 27.869154
-3153.731959 -2048.317466 46.516804
-2863.629074 -1848.455213 -93.589213
-3653.440713 -2285.464078 -88.454653
-3711.568950 -2469.890642 35.371702
-2666.420312 -1776.478641 32.588842
-3082.241886 -1971.417441 33.767181
-3299.237362 -2198.135454 40.588529
-3593.781991 -2388.442822 33.706736
-2961.717199 -1892.548540 33.904149
-3595.465343 -2337.154961 40.655629
-2785.507415 -1769.473484 -76.988182
-2956.381468 -1998.818928 -20.709584
-2978.928157 -1929.114928 38.624695
-2230.780385 -1444.622039 28.842688
-3121.901013 -2020.441642 33.970244
-2898.765279 -1964.728998 -22.270526
-3128.601545 -2024.466244 33.020699
-2933.194008 -1897.619211 31.147241
-2292.042812 -1548.092945 -15.230930
-3132.046638 -2026.104028 32.354947
-3502.930731 -2264.936526 35.873291
-3123.357759 -2020.725237 30.152906
-3518.110278 -2234.315368 -98.027573
-3308.102113 -2205.372024 -52.163271
-2981.240548 -1937.840882 36.946572
-3370.303129 -2190.647675 40.893094
-2601.912060 -1691.451047 32.365464
-3154.274690 -2050.074527 37.287885
-3608.693128 -2344.673264 44.539128
-3143.587809 -2042.402121 36.440845
-3586.900792 -2330.073689 43.079987
-3351.843682 -2174.929007 40.067946
-2983.126020 -1935.551103 35.792955
-3246.016352 -2106.099554 39.452212
-3152.258154 -2049.385069 35.328745
-3446.359017 -2240.961345 41.872189
-3295.567230 -2143.912664 41.055230
-3460.137129 -2246.825103 40.996715
-2770.721830 -1868.627906 -15.676035
-2509.236876 -1588.567867 -63.455428
-3796.383303 -2403.333538 -96.226406
-3042.047543 -1998.277178 32.121014
-3205.518900 -2028.310198 -87.753800
-2583.999900 -1745.031594 -40.492821
-2570.896075 -1656.613260 26.545164
-3167.650283 -2037.882322 37.810414
-2447.295623 -1548.472017 -67.565960
-2712.804038 -1763.827590 42.155670
-3015.837422 -2036.877099 -47.099755
-3176.936638 -2040.293337 41.085668
-3198.219587 -2053.753236 40.925279
-2530.606292 -1649.802476 -98.357728
-2583.835419 -1697.069798 27.136498
-3331.375994 -2110.348320 -83.586529
-3489.907532 -2256.494896 33.446023
-2659.275585 -1719.404687 34.015287
-2477.911862 -1665.879283 -39.502543
-2550.307752 -1715.643907 -34.897654
-3550.414753 -2339.864953 -57.649287
-2509.826757 -1589.104882 -63.198485
-3346.731550 -2160.015899 31.445733
-3192.651722 -2059.051346 37.509013
-3654.681027 -2356.466072 46.371977
-3511.541008 -2311.259526 -61.512836
-2984.146075 -1914.960157 31.119575
-3485.824784 -2247.796870 57.408075
-2624.101862 -1704.119061 -102.624748
-3964.171436 -2439.586429 -63.004321
-3115.939736 -1929.156769 -68.138020
-3708.985897 -2309.576247 -74.192117
-2041.693991 -1346.499458 -4.635017
-2925.319257 -1797.286241 -40.654008
-3154.868042 -2048.573086 -124.631128
-3041.401452 -1910.283071 -55.462535
-2870.555210 -1761.761222 -41.423508
-3151.170306 -2038.002231 44.419046
-3149.778588 -2037.021884 44.450429
-3753.127445 -2364.927596 -80.327018
-3150.327847 -2037.355735 44.331157
-3925.191860 -2465.467418 -71.816051
-3580.812415 -2324.768898 -141.010960
-3176.002594 -2061.108203 -125.150294
-3135.435987 -1958.804606 -98.021948
-2659.571755 -1741.644955 -2.509258
-2872.823407 -1867.718308 16.106594
-3202.778481 -2082.056599 24.490517
-3241.659061 -1997.403926 -44.781361
-2641.503714 -1736.345739 -2.229422
-2547.639424 -1556.998585 -50.810946
-3150.513217 -1940.106879 -43.245660
-3482.568168 -2245.689825 57.391855
-3152.108748 -1941.052067 -43.332515
-3084.421376 -1998.263909 21.106491
-3430.369026 -2111.572417 -47.098022
-2881.633225 -1767.922097 -53.480747
-3020.765758 -1958.877101 -120.582134
-2619.390097 -1612.358478 -35.696017
-3226.281826 -2157.004370 -7.564786
-2699.730065 -1815.803789 2.454663
-3146.908031 -2012.403864 -68.531876
-2568.965911 -1643.078315 -55.561194
-2896.912555 -1810.314249 17.908658
-3066.353630 -1964.392507 -60.169969
-2831.821009 -1867.990565 -59.466636
-2674.979917 -1764.451025 -51.913399
-3861.192328 -2543.125926 -79.743638
-3519.745859 -2271.605453 -74.129605
-2634.412641 -1704.277655 -53.280499
-2728.489042 -1793.965278 -56.078879
-2914.459751 -1896.971247 -57.149168
-3347.069076 -2066.198973 25.445058
-2841.646575 -1857.162379 -60.062023
-3314.096597 -2168.416072 -71.432557
-3803.592051 -2488.866831 -82.062502
-2491.624366 -1681.878313 5.964891
-2977.863273 -1921.063114 39.045855
-3178.427054 -2050.595965 44.204915
-3476.275423 -2243.227465 46.294874
-2473.500545 -1658.207201 -51.067624
-3042.111114 -2038.874817 -63.550647
-3219.794728 -2156.524748 -66.506191
-3550.048543 -2376.369938 -67.532591
-2728.968788 -1822.427548 -58.123833
-3845.950826 -2566.656428 -82.482059
-3827.237910 -2539.179967 -77.545231
-2905.745763 -1875.705746 39.856351
-2694.105269 -1692.267421 -80.172203
-2439.691211 -1559.623727 -56.008599
-3015.733785 -1975.627770 19.130218
-2573.182897 -1659.266509 36.235359
-2141.993046 -1404.365832 13.517161
-2608.050964 -1727.375657 -74.796933
-2370.612282 -1511.523818 -40.015916
-2939.072660 -1841.943726 -102.691723
-2946.291552 -1855.760086 -40.673634
-2551.697935 -1641.201537 37.987468
-3366.710183 -2276.630330 10.130344
-2833.291930 -1779.092616 -51.035043
-2890.202319 -1953.919193 8.247256
-2631.124486 -1696.595259 -1.385121
-2508.640129 -1619.434036 3.056684
-3445.886686 -2154.978176 -59.595912
-2189.824232 -1449.424939 -62.161718
-2730.452111 -1759.213237 -68.669973
-3120.912925 -2010.923597 -79.483776
-3435.176086 -2214.097697 -87.429609
-3127.435004 -2012.323234 41.419920
-2529.039391 -1585.644269 21.050127
-3606.259094 -2256.759963 44.649232
-2347.063426 -1529.368844 -60.828641
-3121.353537 -2034.051374 -80.656937
-2816.189555 -1761.744241 35.291933
-3494.312192 -2248.739016 46.699728
-3705.551818 -2301.999489 38.192918
-2918.072760 -1909.389040 -73.821516
-2916.746049 -1912.113128 -83.008523
-2480.107279 -1633.294850 -59.706904
-2892.663142 -1912.425809 -79.887878
-3755.135818 -2483.160662 -96.887410
-2260.724321 -1496.101122 -64.997305
-2853.154872 -1772.116953 -3.522126
-3847.096422 -2487.070078 -4.268251
-2846.171750 -1900.324672 20.252741
-2550.694931 -1701.040879 14.637945
-3088.058730 -1911.163926 -41.212970
-3122.314124 -2080.275553 17.704580
-3872.867612 -2419.037472 -120.497396
-3608.784465 -2401.656516 17.836184
-3650.125991 -2255.976087 -48.383492
-2634.229861 -1752.434377 14.082560
-3770.234301 -2330.195584 -51.121549
-3252.162333 -2101.925978 -137.497317
-3964.178971 -2448.255704 -53.961652
-3423.107352 -2238.668992 -6.651181
-2638.882653 -1661.888309 -84.168945
-3366.394432 -2248.899279 22.913749
-3159.698871 -2036.456260 43.251915
-2379.267179 -1540.226182 1.914434
-2674.172032 -1785.241600 -69.945109
-3274.814666 -2123.556218 -2.408656
-3637.433842 -2360.471302 -140.477139
-3005.625494 -1950.181806 -116.164694
-3869.578988 -2510.545854 -149.836379
-1961.492884 -1220.364184 -29.501938
-3073.773712 -1911.768477 -54.484224
-2837.893939 -1904.705306 10.466549
-2761.096184 -1784.391123 -117.355062
-3438.446059 -2225.431912 -128.644560
-3161.801741 -2045.315776 -119.185606
-3435.823942 -2220.838758 -126.963998
-3193.557003 -2041.131754 35.679297
-2643.270504 -1647.234201 -24.694822
-2505.627521 -1602.629051 36.474234
-3128.602070 -2008.974074 46.386957
-1970.728025 -1310.026550 -21.158497
-3602.606252 -2226.841447 -26.658893
-2486.519712 -1549.080518 -22.079080
-3405.430861 -2159.763697 -15.420318
-3507.058583 -2236.945544 58.965631
-2319.671971 -1428.967327 -58.891577
-2574.158873 -1597.248252 -18.650588
-3871.484451 -2556.965181 -112.501184
-3592.420083 -2373.384866 -104.003626
-3914.727198 -2513.770563 55.090008
-3682.456791 -2435.708067 -106.126761
-3380.892425 -2236.669231 -125.834306
-3095.514730 -1989.061487 -22.041226
-3003.262768 -2012.461048 -32.023301
-3280.833210 -2169.643607 -95.262765
-2500.937962 -1600.188152 35.318670
-3074.084435 -2060.270739 -32.899740
-3869.523358 -2556.754921 -111.823591
-3676.110384 -2431.589635 -106.854419
-3089.878242 -1919.019543 -23.735793
-2867.776909 -1877.328068 -82.861932
-3802.068007 -2428.091035 64.290993
-3254.121712 -2032.902678 -18.920270
-3032.965034 -1882.018368 -36.184997
-2978.858104 -1860.518241 -17.975003
-2359.388004 -1507.449626 37.439672
-3518.732757 -2248.050131 58.053455
-3481.115819 -2223.537237 56.913698
-2128.640894 -1329.264741 -12.615073
-2536.717379 -1703.021825 -79.579680
-3912.667102 -2443.451922 -23.261780
-2884.194502 -1936.478274 -90.122644
-2929.569408 -1818.802483 -22.655550
-2905.805669 -1849.299952 -9.249191
-2354.735055 -1462.743067 -63.720425
-3068.613902 -1961.991863 45.998277
-2819.833283 -1826.423422 -82.385033
-3819.600563 -2363.022502 -94.651405
-2838.855692 -1871.013567 -103.870249
-2028.029598 -1313.967853 -59.562782
-3735.211379 -2383.861944 61.983527
-3154.178301 -2115.567965 -103.260783
-2670.286314 -1758.086388 -90.940476
-3812.178155 -2434.153475 64.088609
-3029.439126 -1935.013910 -15.832000
-3733.089452 -2319.448881 -102.638130
-3198.332152 -2052.789432 49.338254
-3484.287320 -2238.532057 50.945228
-3735.477218 -2507.445534 -31.352557
-3819.050364 -2526.425328 -113.455827
-3454.080501 -2196.612128 -104.626316
-3799.715933 -2435.857780 54.188699
-3849.016072 -2459.030518 -48.740649
-3693.157760 -2338.541931 -32.829990
-2494.847298 -1578.943904 -22.216055
-2598.007585 -1718.587999 -76.554840
-2845.153592 -1904.850555 29.096994
-3368.226426 -2161.667649 61.292394
-3006.768543 -1904.434179 -26.587966
-2476.105830 -1563.747202 -70.800593
-3466.814521 -2222.825082 50.246433
-3036.756739 -1917.988226 -87.068469
-3255.196874 -2068.052300 -31.559335
-3310.407483 -2193.220413 -111.026487
-2705.108007 -1803.973611 -99.866734
-2822.442912 -1871.160289 -92.035356
-3771.572298 -2440.755125 -110.270010
-2737.001984 -1832.273312 28.215882
-3189.049131 -2079.305697 42.308159
-2196.035984 -1373.701268 -27.290460
-2527.543030 -1710.305764 -22.271462
-2652.302354 -1692.076298 44.650051
-3401.489637 -2250.735293 -100.540429
-3075.832464 -1975.975431 41.421080
-2503.336275 -1625.774818 -80.004651
-2861.747984 -1779.252861 -97.812773
-2783.015199 -1711.489385 -66.834086
-3264.571465 -2013.550171 -28.313051
-2732.608178 -1760.399389 -8.203280
-3278.199254 -2098.742853 56.364662
-3509.689389 -2248.439663 54.157229
-3788.560397 -2424.771325 56.155186
-3076.425365 -1956.756691 -94.516476
-2434.542563 -1559.811509 31.893111
-3028.952650 -2004.750949 -100.369665
-2701.992239 -1803.594449 -80.331934
-3870.765115 -2486.519365 58.647131
-2676.489493 -1777.632721 -87.539229
-3440.595320 -2333.452024 -45.162245
-2649.676008 -1757.233393 -102.468673
-3451.799105 -2283.497679 -100.361648
-2941.947603 -1841.146183 -36.841664
-2718.584237 -1773.805757 36.486721
-2480.049799 -1671.282857 4.114420
-3924.440090 -2486.965477 -118.547151
-3190.531946 -2040.728428 31.811284
-3754.983153 -2402.228594 37.414469
-3571.407734 -2390.990940 -69.287488
-3045.637701 -1881.787864 -37.595643
-3490.831059 -2349.318116 -108.113886
-3024.282281 -2043.458584 -70.181449
-2570.299886 -1721.030101 -49.475493
-3029.178592 -1971.606083 -108.608349
-2383.998549 -1540.561310 25.951265
-2495.080180 -1562.631485 -11.357303
-3510.763785 -2372.220061 -80.710904
-2582.565333 -1653.094193 25.456145
-3033.390117 -1874.868901 -36.722032
-2964.903089 -1856.141154 -12.226809
-2181.353160 -1459.835911 -42.573666
-3811.167318 -2487.753603 -156.594552
-2717.524750 -1752.914283 -85.614802
-3449.629563 -2292.055900 -92.679014
-2548.532618 -1626.346004 -42.659644
-3358.938592 -2208.166018 17.810137
-3322.710507 -2184.834042 17.457815
-2150.378565 -1384.408103 -5.367928
-2784.359380 -1831.495934 14.574898
-3516.849101 -2313.683800 18.721639
-3691.293028 -2338.824517 -31.850411
-2335.259661 -1552.419543 15.919773
-2715.854480 -1806.038476 12.743893
-2718.535192 -1807.829024 12.682884
-3634.703386 -2428.428551 23.722260
-2871.648953 -1934.388992 -1.471773
-3081.949804 -2075.888102 -1.283138
-2500.536313 -1613.402057 -79.037908
-2964.083679 -1913.067418 -93.662599
-3275.934648 -2161.187520 -36.196253
-3573.497068 -2293.737583 63.635641
-2630.836993 -1625.035361 0.766701
-3143.857859 -1942.810706 2.371159
-2366.019919 -1528.414766 -56.350759
-2957.645481 -1913.001889 -76.044334
-2940.705967 -1841.808477 27.017723
-3137.476301 -2049.191775 -133.249699
-3407.307121 -2224.874951 -139.263551
-3764.870561 -2315.965365 -52.949890
-2919.271487 -1890.440096 32.633359
-2896.174827 -1875.220226 37.787373
-2534.856808 -1597.494853 -68.876997
-2230.923748 -1440.831336 -42.279964
-2490.903058 -1608.350129 -55.381172
-3868.308773 -2369.384487 -99.322734
-3188.320056 -1989.718323 -87.615112
-3219.399816 -2174.111187 -16.487220
-2439.099137 -1602.547567 -11.384093
-2733.813021 -1774.603100 -87.175447
-2490.163224 -1564.843654 -70.226318
-3355.716824 -2173.536294 39.350120
-2708.245838 -1791.382361 -102.467014
-3413.692844 -2303.209970 -18.393930
-2538.345817 -1715.688078 -39.524547
-2972.654310 -2010.074359 -20.127862
-3700.687250 -2361.701271 -19.029459
-3649.348717 -2413.912999 -138.487755
-3128.186519 -2068.237647 -117.541842
-2884.081382 -1906.432285 -108.780652
-3130.404197 -2032.718225 39.491767
-2733.537490 -1758.254611 -7.514296
-2671.751541 -1707.687461 11.465120
-3479.538275 -2213.257469 -8.489546
-2806.141298 -1793.577261 10.901201
-2476.375306 -1624.482363 -34.826365
-3519.742131 -2250.519272 13.700885
-3437.922433 -2130.809060 -97.276283
-2625.530227 -1676.488070 15.820059
-3170.100769 -2011.096053 13.831150
-3802.980178 -2427.247620 -4.115138
-3390.128289 -2165.087403 -3.782444
-2943.221471 -1922.162190 -41.100388
-2787.211124 -1752.818775 -79.508768
-3023.861474 -1931.874572 16.901105
-3159.894329 -2036.983365 44.941096
-2480.015769 -1642.218822 -33.543371
-2512.434284 -1580.817436 -7.642726
-3461.006173 -2284.157332 -66.023653
-2760.949583 -1761.661689 42.297106
-3217.168535 -2060.629740 -46.950231
-3173.878616 -2002.325731 18.330359
-2601.508241 -1616.552093 -88.684559
-3495.529631 -2235.249432 15.326025
-3790.817281 -2496.150746 -98.416142
-2805.099145 -1766.465556 -88.720230
-2611.387419 -1644.271828 5.601848
-2905.596991 -1856.393427 -6.416329
-2907.611459 -1857.657639 -6.387916
-3389.939234 -2110.757322 -89.667815
-2835.504111 -1787.802075 -61.855847
-3654.285696 -2290.425301 -83.971387
-2613.183290 -1645.308260 5.567586
-2612.882788 -1645.205329 5.664189
-3566.755372 -2239.040500 49.097671
-2407.873213 -1611.976517 7.637465
-2479.418683 -1628.511247 -29.183034
-2617.785990 -1624.732282 -30.767390
-3282.705093 -2111.667797 -8.868526
-3466.364889 -2209.310584 22.482197
-2927.292418 -1861.862191 22.265638
-2607.961300 -1750.379169 -84.205330
-3582.399163 -2403.457053 -115.162461
-3136.361359 -1947.378599 -88.367280
-3538.798925 -2228.621390 3.591713
-3199.692394 -1989.382282 32.586596
-3805.966253 -2398.706242 -83.661800
-2973.994224 -1900.279825 18.443794
-3746.935813 -2357.230970 7.503672
-2962.541716 -1885.502433 -5.691700
-3440.711096 -2164.109749 6.326083
-3434.555976 -2159.516200 -96.827498
-2519.646074 -1610.016632 9.239283
-2350.507024 -1570.066712 -12.647287
-2673.279831 -1708.411464 10.018940
-3188.896647 -2003.337221 3.416556
-3160.935484 -1968.329504 -83.575041
-2658.172909 -1693.563664 40.664236
-2774.710116 -1770.946497 -3.459484
-2396.155054 -1529.030821 -3.522870
-3304.455815 -2158.516551 -86.450638
-2525.316271 -1611.221872 12.798025
-3158.222314 -1964.683303 31.823528
-3181.222742 -2028.170219 -55.784456
-2687.038720 -1684.812551 -61.431049
-3358.506543 -2140.936310 -4.661641
-2895.644587 -1905.918614 -58.792240
-2695.782245 -1718.099752 -3.732527
-3540.914512 -2229.306201 6.530595
-2827.395088 -1761.388689 -26.691111
-3785.458684 -2415.483149 19.314709
-2344.186934 -1522.865082 36.471326
-2663.715847 -1787.421277 8.772586
-2759.626992 -1760.804564 42.383193
-3532.604633 -2370.080051 11.601675
-2658.842451 -1682.017708 14.857989
-3047.812222 -1939.411584 -9.612880
-2488.828516 -1587.853946 39.620594
-2409.846836 -1548.911941 33.626156
-2392.394988 -1526.169247 39.506480
-3488.015097 -2313.633596 -112.457356
-3622.612578 -2364.946781 -51.226988
-3410.006918 -2275.459442 -70.634346
-3013.085476 -1958.186182 -2.092598
-2742.283160 -1791.443070 -4.901901
-2269.323293 -1430.523916 -88.112970
-3441.406126 -2268.135107 12.221802
-2920.925241 -1846.064154 -9.397920
-3346.760341 -2150.063026 45.600151
-2350.111752 -1493.931354 -7.016072
-2019.969351 -1275.440567 5.930071
-3019.229311 -1926.785423 47.298981
-3345.406130 -2134.709750 51.828277
-3252.722381 -2143.227525 11.144795
-3028.307517 -1937.154411 -94.755079
-2925.767465 -1846.337124 -62.748807
-2706.478133 -1812.227517 7.387692
-2451.603711 -1615.946373 8.451750
-3137.995083 -2080.187775 -100.751695
-2693.099172 -1668.748467 -75.609664
-3511.431798 -2218.654501 36.387431
-3273.606408 -2090.605464 -54.043049
-3625.615326 -2314.165418 -60.833257
-2510.000713 -1680.394072 16.596762
-3648.953787 -2309.132797 -115.912372
-3170.556798 -2010.467231 20.069711
-2501.474960 -1601.247004 44.338874
-3573.982565 -2253.076242 15.023299
-2595.539557 -1623.649170 -11.944390
-2348.859284 -1480.438649 8.860734
-3511.464357 -2218.610410 36.384258
-2385.183273 -1493.119655 -11.775090
-2346.844669 -1479.282542 10.168281
-3181.241713 -2072.011580 53.293919
-2990.438536 -1882.198072 -66.454887
-3755.032066 -2367.136120 15.218915
-3723.566786 -2428.772628 -91.416780
-2741.674000 -1785.757789 46.523221
-3497.321913 -2258.517672 38.577141
-2431.742906 -1532.768490 9.337261
-2961.884650 -1854.144623 -13.883643
-3852.275205 -2410.361906 -17.807045
-2524.885709 -1599.778960 -0.066726
-3749.774333 -2375.492685 -98.012771
-2986.140875 -1945.465722 50.585524
-3417.000938 -2200.616016 48.496311
-2634.741592 -1686.821176 47.606011
-3016.356058 -1925.687089 -50.836688
-2905.785584 -1972.289175 -34.026725
-3398.207704 -2167.128069 -10.800789
-3323.867291 -2115.337645 15.245164
-3733.220040 -2345.509603 -106.896976
-2418.344414 -1493.361769 -58.865021
-2751.467573 -1728.831734 -78.211981
-3045.098465 -2047.315723 20.393388
-3124.742846 -2023.922251 -52.012574
-3173.911184 -2123.708509 39.565731
-3463.089048 -2214.987985 -92.621448
-3791.891390 -2524.260606 -52.403148
-3347.948176 -2173.696200 43.112677
-2732.848349 -1822.459562 35.599017
-2906.988089 -1940.005975 37.691734
-3137.743797 -2037.167715 41.241363
-3413.328740 -2194.478112 -4.275743
-2750.501519 -1702.118961 -1.039175
-3554.063480 -2336.302909 -49.185596
-2393.284113 -1486.425258 -2.454095
-2786.644601 -1884.223015 -0.943353
-2752.925112 -1778.117858 50.068449
-3709.859864 -2395.044365 45.343152
-3210.192504 -1995.804921 34.122940
-2333.228578 -1506.815811 27.825059
-3818.118315 -2368.453563 -53.181970
-3444.767971 -2134.967696 -48.377567
-2539.383353 -1614.211270 37.521912
-2308.868131 -1536.959601 -31.905970
-2738.633940 -1805.652095 -89.630819
-3207.375141 -1966.105490 -82.517422
-3261.268505 -2043.427047 -46.629151
-3808.861401 -2432.415440 -46.860831
-2747.871038 -1774.308969 44.492124
-2590.994195 -1733.507049 -78.408231
-2270.038921 -1433.739166 -32.238410
-2609.145568 -1609.538578 -37.618999
-3147.019350 -1970.615411 -44.254859
-3454.486632 -2349.464699 -47.281093
-3761.242443 -2366.978125 54.841973
-3629.957995 -2454.881201 10.365427
-3510.786786 -2248.405741 56.083416
-3608.176208 -2397.499725 -123.403022
-3057.572504 -1920.768583 44.466570
-2577.735931 -1592.059560 -38.270976
-3109.949464 -1967.774269 -47.128190
-3149.722431 -1991.806188 -26.078690
-2793.555511 -1863.958716 -81.011778
-3604.044647 -2395.023869 -122.731135
-2609.756132 -1671.692054 41.748664
-3084.484909 -1975.602336 48.292058
-3933.076520 -2473.853165 56.245043
-3149.759585 -1950.609594 -42.475929
-3789.253100 -2382.363766 56.031035
-2327.490532 -1490.502665 37.180756
-3364.589800 -2224.292072 -85.321171
-3244.001284 -2112.558735 16.293310
-3885.195956 -2458.003748 -31.550817
-3823.805842 -2482.079627 -148.065914
-2484.810803 -1539.386964 -35.893125
-3454.098751 -2299.437588 -109.958580
-3913.771400 -2438.723272 -100.512254
-2643.763924 -1731.021426 -56.648727
-3291.799709 -2068.912040 47.674008
-3830.522785 -2480.685164 -142.791329
-3860.071385 -2571.191094 -122.815240
-2985.538644 -1829.448860 -67.959693
-3427.806095 -2153.055154 49.659705
-2332.593765 -1510.550403 -86.814012
-2688.809604 -1724.651764 36.108140
-3589.779716 -2383.488407 -96.558709
-3160.033503 -2104.493457 -100.114752
-3103.358472 -1902.029297 -70.654722
-3320.250813 -2170.615770 -68.733428
-2873.568191 -1918.516861 -84.621191
-3691.755056 -2376.403685 -5.229153
-3495.247977 -2257.056578 49.766735
-3013.525215 -1979.671043 17.266404
-3613.612710 -2215.371231 -82.055418
-3009.072614 -1891.460398 44.193378
-3505.371550 -2226.307917 -116.886493
-2411.642959 -1489.292729 -34.959911
-3247.125840 -2005.302443 -46.490995
-2944.952941 -1908.325416 -62.528478
-2264.452921 -1388.144972 -51.495921
-2504.743410 -1623.663529 34.151537
-3873.226056 -2579.005422 -108.641496
-2784.747739 -1883.184293 -1.352054
-3682.536643 -2278.472007 1.908401
-2684.781590 -1661.331610 1.215343
-2606.643757 -1613.181291 1.126312
-2734.870801 -1711.507384 -81.392099
-3082.458517 -1981.316067 48.915376
-2735.407155 -1797.598783 31.774383
-3476.421922 -2351.244799 -2.175279
-2991.250842 -1855.139450 -2.962159
-2994.103277 -1857.766315 -2.710082
-3625.124005 -2265.627414 -113.546560
-3501.556044 -2274.722950 38.467620
-3320.279686 -2246.703574 -19.929145
-2808.008533 -1888.112468 -91.451588
-3859.256790 -2595.414711 -124.148741
-3149.621262 -2031.820260 42.328661
-3205.566296 -1976.202771 -1.920713
-3369.709154 -2150.930411 -12.429749
-3105.951118 -2083.578871 -97.276636
-2803.396076 -1908.079707 -53.888108
-3387.878849 -2272.398351 -106.546034
-2809.709404 -1890.449581 -91.509521
-3850.723469 -2582.335302 -61.692268
-3558.646120 -2394.452680 -115.613683
-2716.742982 -1776.987403 -38.700825
-2642.270285 -1783.779528 -3.160690
-2663.089659 -1786.248219 -83.275717
-3697.162617 -2284.975913 -6.614561
-2935.597362 -1808.929011 -3.279052
-2493.038987 -1551.161324 -5.239760
-2509.603719 -1605.767512 -16.179650
-3153.714454 -2041.465211 43.862120
-3150.785724 -2007.613959 56.348150
-2491.457915 -1593.351599 25.930849
-2953.678628 -1931.394397 -74.775078
-2863.377895 -1814.501216 -11.983388
-2704.124287 -1794.489414 -45.409510
-2718.971487 -1804.605761 -46.841499
-3282.917674 -2080.621539 -13.820205
-2587.346294 -1703.553140 -61.232107
-3249.262628 -2141.191255 -76.881311
-3008.366959 -1936.540963 -121.421360
-2667.393222 -1659.589129 -6.676634
-2777.940861 -1740.408989 -16.683197
-3595.846834 -2246.440900 21.389429
-3909.598733 -2510.856937 -59.958756
-3469.149435 -2241.659352 49.879009
-2505.007636 -1563.897994 15.000676
-2484.366661 -1582.348099 -71.226740
-3334.992778 -2141.455353 -52.783792
-2483.180855 -1562.501051 31.153641
-3279.940440 -2010.114226 -87.634268
-3602.660243 -2313.250123 -55.918231
-3723.980796 -2321.578024 -9.784826
-3454.023379 -2217.743912 -53.958489
-3041.541504 -1936.399837 -88.232771
-2687.928455 -1725.833213 -41.605868
-2360.155546 -1461.246546 -29.638451
-2025.407361 -1273.924012 28.737656
-2660.483862 -1766.341702 -90.331432
-2427.748058 -1587.519054 34.111218
-3339.852982 -2156.355047 50.954081
-3693.546105 -2418.462889 50.330068
-2287.252105 -1449.500590 -57.510814
-2749.435170 -1787.526032 47.616693
-2680.461370 -1746.224011 39.761179
-2225.825430 -1450.119125 36.818856
-2764.949395 -1854.890180 15.359839
-2307.364657 -1446.943400 -11.319749
-2645.546643 -1776.483516 14.783260
-2539.495239 -1697.590523 32.117467
-2708.613563 -1763.956279 40.315619
-2795.313193 -1749.122618 -10.941555
-2379.409395 -1599.393809 15.012416
-2709.628995 -1821.486553 17.103109
-2463.761333 -1541.585122 -9.457549
-2301.694332 -1540.939020 25.776011
-2703.575214 -1819.969248 -84.080598
-3275.034290 -2206.447271 24.753993
-2718.369331 -1778.164098 37.205918
-3046.836812 -2046.688247 19.317198
-2925.448238 -1959.865701 33.912976
-3269.195262 -2109.913839 -104.847340
-3158.458770 -2068.272050 43.416528
-2301.232702 -1456.564526 -34.926294
-3463.233353 -2264.742416 45.996303
-3377.578810 -2208.893614 45.290562
-3049.077598 -1925.044989 33.360954
-3806.323237 -2430.794634 -46.724620
-2679.097072 -1703.302349 -5.201272
-2978.269495 -1893.950591 -6.160171
-3606.583329 -2267.591938 -100.946531
-2323.925544 -1478.719516 -4.926127
-3224.122251 -2048.085387 12.182412
-2160.200168 -1463.116075 -29.797953
-2406.671621 -1507.885569 -35.149174
-2016.043818 -1233.056677 0.841933
-3195.755929 -2016.232068 -22.997056
-2878.249429 -1795.568620 -8.421021
-3508.127448 -2228.644487 -6.499520
-3140.464955 -1995.295782 -59.476999
-2715.173431 -1753.765112 39.116349
-3515.781264 -2247.464411 29.440401
-2621.470190 -1672.950544 12.826601
-3355.878731 -2174.559168 -126.611931
-3182.818410 -2022.876741 -60.234051
-2480.153274 -1632.686624 -58.885689
-2464.415223 -1546.984164 -15.225843
-2516.207677 -1602.518536 -6.267571
-2744.887110 -1803.978960 -39.081342
-2648.624679 -1778.263003 -64.355587
-3799.187561 -2401.076362 18.935947
-2572.167689 -1622.991480 -18.532540
-3399.211206 -2097.178877 3.913328
-2396.015933 -1528.984885 -3.717294
-3845.421810 -2443.519918 13.483925
-2465.324401 -1544.072135 13.188408
-3846.591428 -2373.261811 4.613757
-2683.338754 -1726.174442 -4.202542
-2352.235560 -1451.566513 2.521226
-3194.592527 -1973.935491 -4.243880
-2606.209785 -1632.023098 13.787685
-2216.287034 -1387.745526 11.871145
-3102.243664 -2087.170499 -19.787089
-3411.580209 -2169.870946 12.444263
-3630.764841 -2423.542937 43.599351
-2471.887726 -1650.425819 -0.235785
-3218.165589 -2056.940385 -39.817373
-2848.854459 -1902.108287 35.107791
-2551.008356 -1609.542862 10.731410
-2743.930130 -1785.615855 47.572302
-2847.364784 -1774.380580 -74.535590
-3253.846304 -2130.444528 45.369015
-3460.689045 -2208.388751 -11.342877
-3398.887373 -2307.076228 -39.450402
-3069.041968 -2015.620131 -16.175817
-2372.858790 -1549.988196 33.799734
-2872.637145 -1832.268576 -33.931267
-2760.543290 -1759.998414 1.579457
-2233.377905 -1470.295466 11.541329
-3238.866098 -2014.174671 -80.208664
-2463.216020 -1557.644823 24.188020
-2601.536117 -1644.430074 25.656805
-3039.603184 -1934.803999 -33.686923
-3241.382403 -2125.513716 -7.928985
-3256.518965 -2000.285244 -45.193081
-2774.995665 -1761.618864 -89.131156
-2315.028710 -1470.215794 -33.246823
-3329.155871 -2093.726642 -48.497992
-2430.286945 -1526.441192 -94.330124
-3178.404171 -2107.288317 -13.319285
-3191.539590 -2027.992944 -45.800516
-2408.427217 -1637.768939 -32.317112
-3040.577129 -1940.386348 37.965114
-2357.429816 -1509.044722 -66.019468
-2429.942963 -1570.718452 -1.917980
-3277.799752 -2119.507651 -2.625899
-2295.044420 -1510.935361 -32.433543
-2551.040731 -1616.226960 -36.496687
-2990.709063 -1822.189339 -23.513698
-3212.903843 -2059.621662 -55.536228
-3751.851555 -2407.605209 -34.178352
-2993.021497 -1904.141400 -70.350640
-2468.909726 -1584.730686 21.053934
-2295.515195 -1510.713485 -32.555368
-2981.537754 -1913.791500 29.735821
-3639.317251 -2342.824070 45.285411
-2325.358385 -1497.213182 29.854971
-2752.190774 -1772.334356 34.014944
-2762.231800 -1811.351597 -1.419047
-3156.578563 -1930.622221 -70.734234
-3375.519535 -2178.493004 -10.737552
-3180.087515 -2035.118389 37.261403
-2506.647098 -1607.493383 -39.308882
-2565.017032 -1600.199345 26.961421
-2586.954580 -1622.628910 24.163534
-3109.106765 -2069.441956 -6.652312
-2868.220211 -1890.631035 -87.271000
-2898.642736 -1813.780988 1.969939
-2346.787343 -1536.536639 -92.664545
-3736.510925 -2331.301965 -21.898218
-3522.378268 -2365.936985 -5.559769
-3812.002403 -2379.511180 -22.436652
-2606.043916 -1599.839347 -48.981159
-3250.125727 -1994.890578 -61.452649
-2877.340299 -1937.178304 -0.346520
-3708.450372 -2274.265915 -83.305948
-2660.555343 -1792.109774 -0.043500
-3345.565528 -2163.917603 -56.145816
-2979.103381 -1859.026312 -18.835198
-3525.464111 -2253.887401 41.584318
-2731.815699 -1737.552293 -64.270419
-2719.849152 -1794.753744 -54.383798
-2920.359401 -1867.327353 -26.045243
-3108.403588 -2099.341643 -49.091455
-2271.878532 -1415.893867 15.014053
-2330.363672 -1448.676517 15.548820
-2951.259052 -1906.885319 -54.813092
-1981.530267 -1304.123149 -38.674425
-3081.883830 -2028.660944 -23.919603
-3179.495148 -2058.559194 -119.949391
-2718.998901 -1772.917025 36.713280
-2728.283085 -1764.862196 -55.353404
-3454.287788 -2171.881056 -84.312598
-2678.033933 -1748.016473 -55.108060
-3152.160035 -2060.297659 -70.831632
-3150.089361 -2059.133691 -70.407490
-3142.587602 -2045.209842 47.235771
-3503.407187 -2187.002253 -88.227655
-2948.644963 -1905.173417 -8.907276
-2647.702697 -1709.792017 -8.480181
-3169.855911 -2046.478725 -12.123845
-3367.072411 -2172.697612 -10.307528
-3785.319061 -2429.911595 -156.044803
-3136.474360 -1967.263840 -33.646456
-3107.136900 -2085.920258 -49.923057
-2968.900860 -1809.521451 -22.533181
-2675.554624 -1743.476367 35.214697
-3607.833628 -2233.202687 -89.751974
-1997.007302 -1319.857801 -41.087152
-3188.733557 -2078.100663 42.499913
-3119.496804 -2066.076880 -71.852819
-3201.691228 -2116.756021 -66.310724
-3598.778125 -2431.256113 10.172789
-2759.218708 -1799.659014 39.726148
-2124.485858 -1396.540481 -10.168641
-2847.442332 -1819.272293 0.073668
-2774.475850 -1886.383378 -2.012327
-2541.913022 -1602.000256 13.064780
-3427.732947 -2173.575326 -114.568906
-3000.483579 -1938.120344 -97.404737
-3429.248206 -2173.934607 -115.413555
-3386.572437 -2250.635676 -91.273144
-3360.262377 -2245.888147 -19.328403
-2917.584925 -1865.801726 -25.983236
-3663.305868 -2448.444187 -21.159029
-3451.215997 -2294.639122 -94.261431
-2513.245377 -1595.365787 -70.076997
-3268.651130 -2201.750712 -0.566666
-3181.854983 -2003.964617 16.958411
-3471.082988 -2262.683366 50.238625
-2824.656434 -1774.741037 -109.940025
-3015.229345 -1977.591803 -97.087272
-3130.155440 -2053.617404 -101.125628
-2981.128140 -1902.600118 35.341628
-3407.066618 -2157.950301 42.328352
-3271.467387 -2080.345132 7.883062
-2703.083630 -1773.330993 -15.655495
-3236.321232 -2025.263243 2.580630
-2980.670614 -1857.549372 -97.949299
-2360.297755 -1488.936678 -67.418383
-2912.826454 -1847.900695 -3.364636
-3214.947781 -2116.120005 -63.226179
-2640.744694 -1681.901877 11.586785
-2758.173082 -1761.041670 -95.813503
-3373.732828 -2177.844755 -57.781634
-3668.859327 -2413.881136 -30.087625
-2758.068824 -1759.789022 42.205987
-3261.112815 -1996.774304 -72.488908
-2562.371470 -1669.608732 32.561406
-3474.648878 -2256.810738 24.682118
-2637.253726 -1650.122650 24.697351
-2675.348903 -1706.438486 1.761972
-2641.692020 -1656.949103 -61.104010
-2856.339168 -1793.136783 -65.884070
-2955.909526 -1898.390139 -41.920632
-3508.757127 -2219.902359 35.138148
-3031.222084 -2026.149690 -91.245694
-3153.225417 -2041.976568 43.459495
-2746.838366 -1724.156642 36.153610
-2747.149685 -1724.399919 36.156539
-3530.913472 -2239.834799 -65.745215
-2642.090970 -1776.108739 13.740033
-2946.146103 -1902.184091 -11.773434
-2970.175050 -1873.490908 -103.347971
-3123.065154 -2034.445166 -60.524906
-3012.397811 -1879.379175 31.282940
-3476.634735 -2270.461642 -71.720609
-2957.894990 -1916.030690 40.388864
-3908.239606 -2507.406421 -60.381681
-3318.062282 -2197.516221 -86.276268
-2321.955691 -1487.098095 -31.518851
-2900.080403 -1827.892205 8.598278
-3039.266171 -2058.201120 -41.276918
-3097.723862 -2021.237967 45.529899
-3000.011668 -1898.245343 -73.899012
-3695.279998 -2405.641407 -120.507799
-3724.894112 -2516.971633 -6.341611
-3469.962868 -2264.082085 47.491150
-3099.962570 -2010.667650 -53.886837
-3402.508762 -2299.760517 -29.411980
-2665.270234 -1715.622233 6.094538
-2646.646975 -1637.391621 -1.289338
-2405.649656 -1529.501856 33.390678
-3682.915859 -2440.335903 35.742792
-3656.498515 -2243.392502 -71.114315
-2924.836640 -1862.972946 -31.882678
-2400.763533 -1581.328217 7.977027
-2422.879530 -1588.133874 -10.138408
-3103.216111 -2032.960310 -12.897256
-3018.991606 -1979.382692 -12.588000
-3411.286874 -2181.909933 -74.001076
-3127.795465 -2107.631700 -22.984186
-3558.750551 -2299.811411 -130.575423
-3856.029295 -2539.246725 -83.974812
-3771.773826 -2512.606748 46.911746
-3531.443146 -2274.836365 -122.694953
-3652.734588 -2349.138158 56.143011
-3418.757009 -2208.672519 -125.145104
-2427.284402 -1587.300381 -5.766483
-3499.658454 -2277.689535 48.283829
-3592.561512 -2274.957528 -134.735083
-2681.722930 -1787.373240 33.785406
-2598.866127 -1645.718833 -96.386223
-2972.169836 -1898.509099 -68.945602
-2890.759426 -1861.731730 -100.314921
-2666.089506 -1774.891922 -93.027194
-2778.522259 -1829.793212 8.775522
-3068.674105 -1944.923882 -114.325039
-3902.035378 -2510.827061 -135.419443
-3181.118028 -2094.965892 -69.318791
-2391.177407 -1487.279572 7.075553
-3437.430796 -2163.659920 -93.693700
-3440.010664 -2230.891204 -119.322701
-3157.124861 -2136.383485 -54.976991
-3422.051562 -2237.564203 -7.435807
-2823.647781 -1836.004317 -106.894935
-2325.323550 -1540.340845 23.424591
-2982.309306 -1898.694433 -105.457854
-3388.434750 -2197.118790 -118.882293
-2657.228724 -1722.676793 -92.647010
-2983.878307 -1899.620596 -105.654960
-2852.679180 -1815.458646 -100.589370
-2854.048461 -1816.286892 -100.663141
-2670.328001 -1726.600045 -90.256776
-3371.617134 -2108.295540 -46.079126
-2739.357479 -1733.221275 -71.308844
-2603.433094 -1713.500285 -9.141268
-2558.810857 -1619.157077 -67.327259
-2470.227989 -1606.908251 -86.142802
-2330.041340 -1501.643144 29.056629
-2585.906273 -1730.674778 9.651170
-3647.868474 -2236.172258 -13.524195
-3177.564781 -2025.470024 52.159105
-2998.927291 -1932.325004 -103.301716
-2921.980003 -1801.311537 0.223782
-2734.412880 -1743.370605 45.016155
-2945.794445 -1843.463073 -90.802489
-2614.566219 -1732.421706 -70.034854
-3698.546480 -2450.672268 -98.638814
-3727.908216 -2471.646730 -99.235026
-2977.065417 -1824.531872 -11.561593
-3351.830462 -2145.057673 30.069913
-2921.617255 -1870.146139 27.627130
-3292.217329 -2108.361530 30.618704
-3706.688852 -2347.728517 -70.423299
-3538.665660 -2270.864107 -139.197332
-3342.662649 -2168.055972 46.911833
-3897.624512 -2483.161725 68.611093
-2511.548104 -1600.100805 40.478492
-3450.825423 -2143.517466 37.113672
-3784.488186 -2491.403762 -115.803634
-3500.264420 -2245.925842 -138.056998
-2539.670509 -1617.122313 43.095301
-2405.596455 -1533.014007 39.389223
-3143.247895 -2016.551985 47.759028
-2457.788133 -1578.039204 -96.179497
-2319.166378 -1452.236192 31.770940
-2399.544878 -1608.227264 -75.200022
-2413.483366 -1617.677199 -80.830745
-3106.329506 -2082.417166 -97.675883
-3531.174338 -2363.792374 -31.543559
-3750.994695 -2402.851880 34.918699
-2529.303526 -1630.684260 24.140539
-2309.074887 -1422.376465 -59.093009
-2973.577169 -1908.645438 34.733947
-2392.395089 -1617.482978 -29.302581
-3634.181303 -2279.272733 -141.850161
-2602.724995 -1648.819132 -48.921196
-3633.931483 -2342.687655 33.793387
-3062.382689 -1965.908274 46.061749
-2334.960640 -1505.382277 29.074115
-3090.236517 -1983.758644 46.690278
-2527.096476 -1584.528159 -97.945789
-3844.718832 -2481.790640 39.751779
-2772.896537 -1769.976701 -15.438854
-2469.778362 -1625.385906 -15.842507
-3694.624255 -2445.100892 -143.888646
-3547.803996 -2303.634351 -115.521720
-2632.315400 -1724.121420 -11.384329
-2355.400472 -1539.027123 -98.160194
-3434.424628 -2112.905840 -48.585729
-3758.230561 -2379.839315 -70.437807
-2568.413496 -1612.013990 -100.832808
-3547.512027 -2304.723429 -114.295435
-2798.050889 -1817.761574 -90.439775
-3187.320395 -2070.491421 -102.440158
-3177.204567 -2053.238747 -115.108178
-2654.990516 -1789.128470 -18.856037
-2821.517473 -1864.881004 -2.486926
-2170.439579 -1384.757722 -12.131970
-3152.770605 -2056.689052 -44.120094
-3098.496053 -2052.934348 -12.239178
-2642.832507 -1685.501871 -14.672983
-3449.406497 -2176.761801 8.122788
-3003.141820 -1919.023057 -50.575829
-2611.646605 -1627.944180 -26.492137
-2653.478140 -1653.745444 -25.715652
-2982.176435 -1901.026822 -3.123015
-2731.259678 -1717.436851 2.190106
-3861.026588 -2405.558621 -38.475457
-3178.992650 -2038.724958 41.602971
-2539.639964 -1629.141925 33.093689
-3480.737189 -2233.201407 44.958704
-2506.828433 -1589.614125 -48.841502
-2698.625043 -1719.553489 42.534258
-2939.962422 -1843.106086 -66.746897
-3074.712871 -1974.465510 36.965246
-2401.046906 -1542.226958 28.880436
-3923.831861 -2496.149836 52.841572
-3129.042001 -1974.026924 8.128291
-2256.595872 -1439.625647 19.613943
-3130.419982 -1965.148922 44.033455
-3042.627001 -1928.981937 -60.350200
-3226.208990 -2171.721039 -84.820524
-2558.509949 -1689.565785 -64.638393
-3731.438192 -2362.572387 21.134199
-2598.870408 -1584.513953 -32.616973
-3303.883361 -2100.375982 5.477895
-3145.917738 -2000.166325 4.536204
-2419.991874 -1631.395357 0.703064
-2775.998897 -1768.343524 -3.485221
-2154.421642 -1331.474235 -63.238009
-2932.743673 -1872.776158 26.694197
-2939.075597 -1842.301771 -16.071095
-2735.597960 -1714.786784 -14.925489
-2015.492416 -1273.291757 -28.690675
-3175.139698 -2104.106125 -44.187153
-3195.522686 -2160.930008 -5.519595
-3648.697128 -2221.099629 -30.778528
-3105.590156 -2082.056484 -96.697760
-2896.351351 -1930.745136 -84.855819
-3552.039829 -2364.159022 -112.590814
-2824.866198 -1821.841361 45.827854
-3496.173047 -2278.947314 16.888574
-3808.040370 -2371.072620 -9.404918
-3014.811712 -2021.317245 -93.927156
-3142.417134 -2096.208523 -91.010638
-2220.773009 -1448.109535 -30.531859
-3060.070292 -1968.545394 47.926352
-3038.627048 -1928.026511 -106.936237
-3879.918246 -2462.003849 -131.105608
-3266.237414 -2095.887514 -52.927484
-3046.841537 -1940.754493 -88.332510
-2594.434602 -1613.887303 7.695895
-3469.384614 -2272.892042 46.571115
-2561.981997 -1601.349176 -9.230337
-2477.765420 -1669.907920 17.287584
-2893.566514 -1949.533718 21.027416
-3538.978140 -2377.126714 19.260322
-2910.842301 -1961.114433 21.134107
-3433.151994 -2298.250624 25.160949
-2838.422661 -1912.036728 20.125004
-3433.025931 -2333.448416 -40.850471
-3218.346107 -2022.671582 -89.149479
-2310.249032 -1434.249696 -78.912568
-3768.561048 -2351.237304 14.053000
-2810.234063 -1793.649667 -102.443133
-2744.378742 -1737.860886 33.878454
-3020.521143 -1913.557355 36.290335
-3590.103325 -2239.188859 13.262928
-2862.057841 -1777.375397 -97.321286
-3575.713932 -2361.812535 -89.770377
-3500.612986 -2292.306713 49.604874
-3749.703100 -2406.611498 34.567415
-2757.645971 -1761.271276 -96.465663
-3721.740673 -2447.701436 -28.139503
-2713.699210 -1726.686469 -63.781902
-2404.279296 -1508.435681 22.979942
-2701.972448 -1818.224683 -9.885709
-3009.641503 -1931.868950 26.034869
-3077.191597 -1982.899146 38.849429
-2900.332486 -1812.789570 -72.537397
-3058.559708 -2004.691332 -88.319043
-3218.778618 -2117.073658 -61.095730
-3011.551851 -1984.454297 -92.847542
-3772.614644 -2437.599028 -124.298101
-2612.542529 -1720.317808 -80.570775
-2678.874654 -1720.809873 -59.092779
-2721.571527 -1733.139556 -29.779186
-3869.379445 -2470.149018 -135.601045
-3051.705797 -1978.874328 -103.527412
-2830.960747 -1747.316538 20.037439
-3581.902852 -2358.753376 -109.586131
-2403.368538 -1494.209868 6.052068
-3110.333184 -2046.001792 -24.424725
-3483.734610 -2264.417212 -119.332320
-2859.755816 -1937.014925 -29.815830
-2665.635837 -1728.255649 -89.254739
-2498.650826 -1568.483122 -58.793899
-3094.431840 -2029.388365 -18.115263
-2936.566323 -1863.916844 -53.364924
-3489.163695 -2265.523884 -3.316509
-2465.995673 -1540.707685 13.241152
-2306.008864 -1569.096290 -30.686761
-2574.943025 -1752.527438 -34.330014
-3802.169877 -2385.639493 -22.664406
-2649.250201 -1789.709932 5.699191
-2996.055152 -1900.441559 -104.921757
-3375.496446 -2280.496514 7.152234
-3204.897081 -2009.526061 -19.938494
-2732.530167 -1712.783220 -16.737938
-3770.648954 -2415.581372 -51.661200
-2517.917673 -1606.690326 22.976335
-2568.166089 -1661.538217 53.701219
-3591.848502 -2410.444735 21.246487
-2561.805331 -1747.032750 -35.863499
-2747.551783 -1803.304478 36.920439
-2889.418164 -1856.640553 56.422955
-2349.778323 -1466.811149 -65.176811
-3518.061781 -2169.053049 1.526295
-3717.931271 -2299.681938 4.447589
-3071.839482 -1997.507286 -56.129297
-3759.323200 -2348.960921 50.933432
-3783.603226 -2531.156435 -9.355911
-2401.240660 -1506.457344 35.984951
-2535.760396 -1584.653330 33.949541
-2333.418542 -1506.109038 41.418886
-2428.741653 -1638.903303 7.279975
-3528.979915 -2274.189069 -4.750149
-3422.588240 -2213.348400 -2.075211
-2208.775901 -1397.873246 -31.390064
-2682.679982 -1670.265119 -38.426237
-2848.827866 -1842.789497 -1.402872
-2576.416748 -1593.901488 -36.006300
-3154.767571 -1965.517855 -44.755330
-3181.098081 -1974.077811 -50.112958
-2418.197812 -1549.600739 25.080593
-2684.576526 -1712.021925 -52.884841
-2659.260955 -1799.057836 -21.820439
-3396.251483 -2295.563725 -27.912128
-3277.493709 -2009.777394 -85.310380
-2779.164067 -1782.828749 -16.889755
-2089.487582 -1418.721650 -28.855704
-3321.598905 -2210.060078 41.436342
-2354.720571 -1593.161734 -38.395892
-3540.049589 -2255.781071 -70.494902
-3905.742640 -2524.906650 -7.119219
-3421.459307 -2196.669930 -24.209193
-2480.460543 -1592.659353 -16.977622
-3431.854535 -2133.238971 -95.102365
-3173.823954 -1955.116751 -84.241082
-2523.075069 -1622.752225 35.309955
-3866.308303 -2486.195265 -106.234017
-2546.914468 -1624.612989 44.412454
-3816.543524 -2478.895442 -144.245094
-3702.925891 -2361.063551 63.589464
-3743.426652 -2432.965774 -142.237055
-3212.459463 -1980.619625 -27.567540
-3133.264162 -1997.578468 52.894293
-3151.126770 -2054.202920 -37.067724
-2570.516404 -1740.154870 -27.606680
-2234.551346 -1485.374885 -67.484548
-3004.351419 -1953.101970 -113.714123
-3720.606685 -2336.957853 -52.117716
-3569.404577 -2272.082174 -108.104261
-3627.260970 -2424.137940 41.083742
-3587.083346 -2288.620615 -101.328733
-3662.470657 -2283.360285 46.817841
-2579.007296 -1668.454901 -44.562828
-3213.091068 -2078.223673 -57.136289
-3005.989198 -1934.233704 41.230529
-2675.191848 -1730.239259 -45.436073
-3321.697157 -2040.522143 -0.612509
-3138.259589 -2038.667428 42.585523
-3179.849535 -2046.048922 44.282181
-3362.721572 -2161.146687 -92.373016
-2877.755333 -1851.960457 38.952834
-3201.691914 -1988.381891 32.470732
-3203.418213 -1988.680529 32.415404
-3540.284963 -2365.792837 40.713908
-2946.053339 -1856.204494 -40.186570
-3616.515773 -2325.623632 -99.232510
-3195.708408 -2043.739204 -1.460577
-2976.952643 -1928.886886 35.817933
-2974.109615 -1923.551076 33.445826
-3831.740303 -2438.904727 -101.326106
-3481.249707 -2243.552217 39.416252
-3680.459498 -2371.367330 41.941623
-2757.643832 -1810.012285 -65.450791
-2849.183105 -1835.433598 32.090822
-3772.736969 -2416.978278 39.455589
-2789.107320 -1797.707438 31.297888
-2708.289612 -1722.757888 -68.351866
-3423.309858 -2275.247233 -36.724160
-2134.476867 -1393.804956 -3.504778
-3397.323848 -2280.252148 -4.575459
-3294.883141 -2128.026020 -74.290367
-3710.250261 -2486.389045 -79.020886
-2580.344179 -1666.019243 -59.238511
-3107.663725 -2008.056457 54.337009
-3068.449053 -1984.621669 48.104305
-3048.088172 -2028.953641 16.513639
-2445.232882 -1627.531434 14.185692
-3203.770153 -1959.245989 -64.538852
-2464.092175 -1639.739577 13.824554
-2867.879005 -1931.096166 -71.177496
-3716.303391 -2311.420277 -74.933664
-2666.067050 -1790.791387 -80.889369
-3230.585421 -2169.841733 -100.439328
-2935.862092 -1907.876718 49.925116
-2370.550262 -1534.849428 36.079117
-2749.656779 -1791.340568 -104.977338
-3031.544318 -2026.568833 -88.957426
-2707.046905 -1789.288941 -102.681609
-2833.115903 -1903.305666 -87.639476
-2594.744872 -1626.492588 36.478204
-2704.018070 -1818.316808 -85.083152
-3091.486072 -2014.608418 -36.160814
-3126.131676 -2013.593791 -57.411076
-2886.760810 -1929.207743 -82.092146
-2591.273047 -1731.276764 -73.385888
-2705.676876 -1819.003310 -84.882989
-2856.579579 -1932.162651 3.215401
-2461.848053 -1529.043844 3.887072
-3812.645051 -2576.160282 -31.601514
-3117.515847 -2116.784195 -74.786042
-3537.553461 -2313.998128 -130.333913
-3565.495431 -2265.749853 -15.324990
-2493.646811 -1611.263148 -56.989165
-3384.977151 -2154.384946 16.602392
-2862.559872 -1827.025728 10.693237
-2860.756259 -1825.878652 10.727633
-3306.275582 -2105.393558 15.518566
-2917.587396 -1921.059991 -59.145311
-3654.583126 -2301.436565 31.400473
-2744.539915 -1736.431047 -9.342788
-3092.874899 -1977.953481 15.567880
-3646.624779 -2260.813005 -47.825718
-2538.924455 -1684.510529 -34.532441
-2719.005998 -1748.471168 37.996740
-3357.617914 -2132.482511 -95.058420
-3194.524845 -1982.342682 0.057659
-3483.845551 -2199.272503 50.021768
-2957.921580 -1912.601404 -47.020258
-3367.848899 -2160.350151 66.342805
-3193.804607 -1982.162904 0.496365
-3143.720579 -2144.724099 -42.828964
-3744.041803 -2408.955967 -60.709194
-3415.953332 -2160.533055 47.010799
-2447.954033 -1607.251234 36.020398
-2754.954410 -1776.684512 48.852082
-3145.865111 -2042.326436 62.970340
-2989.492172 -1854.323456 -0.496562
-2985.079896 -1935.723325 60.235904
-3017.181784 -1904.455311 48.631175
-3195.355694 -1981.316194 -0.673927
-3892.567310 -2458.245934 55.727860
-2777.280271 -1744.839598 44.525675
-2226.122366 -1478.285560 26.735229
-3391.889006 -2236.796210 40.852610
-3539.342429 -2332.690193 43.417318
-3145.972481 -1949.023473 -0.727813
-2930.266798 -1931.729669 35.813693
-2523.346171 -1608.990748 47.590543
-2237.099395 -1474.522170 26.668772
-2327.129295 -1534.110942 29.135043
-3685.359184 -2324.979653 62.607213
-3124.982619 -2077.308116 -43.998112
-3049.008385 -2002.442531 39.739047
-2680.671545 -1658.848691 -37.459166
-3735.836599 -2467.740475 47.996270
-2450.343274 -1620.429446 31.813994
-3001.456010 -1982.416619 39.756011
-2522.193830 -1605.731781 47.219926
-3154.040858 -2007.313793 58.465261
-3245.517584 -2140.730947 42.888882
-3329.029792 -2194.373323 43.975772
-3160.529112 -2018.585049 62.906547
-3157.338500 -2010.099608 59.649514
-3017.027092 -1993.730592 36.855281
-2942.800598 -1809.408806 5.250411
-3575.449212 -2319.747597 47.286494
-2589.990141 -1627.121178 -15.730849
-3737.443677 -2462.434272 48.927676
-3428.105506 -2276.310440 42.095885
-3258.959049 -2098.899466 -4.581993
-2418.399726 -1524.590481 30.023106
-2543.350822 -1665.625945 -35.928091
-3428.940169 -2209.614054 59.321499
-3241.776091 -2065.724484 61.343651
-2316.054359 -1516.601652 -32.716411
-2977.450623 -1851.954233 -102.714991
-2587.016185 -1647.256184 47.096663
-3005.482132 -1890.194123 38.290705
-3160.898311 -2014.912096 56.847005
-3127.486621 -1972.221829 44.807917
-2640.986247 -1737.484369 31.190951
-3557.741638 -2273.202318 -99.864932
-3729.944209 -2391.863156 69.970829
-3181.455275 -2085.005914 42.188610
-3602.928808 -2373.582337 42.209588
-3547.951509 -2337.244720 41.656705
-3691.454041 -2379.726867 -5.862166
-3135.793977 -2063.961922 37.831664
-2628.279134 -1649.937773 -38.431466
-2641.866528 -1702.071459 -4.373417
-2971.242238 -1868.273467 44.554749
-2626.868169 -1649.101462 -38.433939
-2600.922978 -1733.373696 -71.444797
-3052.159377 -2010.923622 36.773190
-2593.192342 -1699.686766 34.500701
-3402.996464 -2238.588905 42.610339
-3420.877109 -2180.414085 61.759579
-3615.631085 -2315.425196 39.062436
-2325.173732 -1524.404357 30.889065
-3318.731551 -2047.312354 -3.583387
-3383.384559 -2106.766260 -96.227417
-2301.193403 -1569.426582 -34.350472
-2553.689140 -1679.394382 29.482421
-3024.102380 -1934.254483 -1.002407
-2601.173111 -1734.188246 -72.029607
-3435.792928 -2334.163197 -42.422650
-3614.438554 -2438.785499 -52.017164
-3541.105706 -2370.405568 41.721820
-3729.958306 -2486.028255 52.233231
-3317.689622 -2214.994677 42.851442
-2958.069944 -1923.704815 51.030934
-2448.235188 -1606.016809 36.146379
-3619.640084 -2421.648730 41.548674
-3691.181239 -2324.842177 56.975324
-3404.005406 -2239.218146 44.570266
-2911.102741 -1945.530753 38.465322
-3431.102865 -2340.416487 -46.360061
-3721.923860 -2482.049562 52.516327
-3627.240494 -2424.231962 47.152087
-2527.499517 -1683.388407 -69.931242
-3125.088972 -2103.493848 -99.687509
-2773.894025 -1820.464316 36.248769
-3385.251437 -2222.580340 45.384017
-2409.598272 -1581.614697 29.923218
-3539.719811 -2333.004854 42.749463
-3839.668847 -2362.148467 7.372669
-3386.720564 -2234.933844 43.075869
-2556.682292 -1679.925306 34.471379
-2903.626961 -1915.052677 36.490668
-3361.136929 -2167.582524 58.496542
-3788.985462 -2415.107960 19.448272
-2598.120783 -1626.615102 14.348384
-3306.435812 -2090.345523 10.579661
-3206.511781 -2026.288057 8.817235
-3153.269064 -2006.775597 56.727944
-3472.981607 -2280.643195 48.921508
-3670.681335 -2502.325312 -53.204715
-3130.388324 -2021.482114 -49.949042
-2418.996964 -1525.679109 29.646231
-2922.248846 -1857.672246 6.609961
-2761.090786 -1864.553387 9.304325
-2150.691762 -1420.263159 -12.201666
-2987.292535 -1972.634238 -16.990502
-2361.230495 -1556.169573 -32.824803
-3239.636249 -2017.875015 -45.289394
-2407.782209 -1593.237752 -83.611291
-3740.524025 -2526.978409 -49.265110
-3571.362539 -2339.486642 -89.934859
-2952.381406 -1893.367781 -0.861030
-2648.161733 -1752.215953 -92.206508
-3390.149556 -2276.597824 -54.331665
-3563.331282 -2367.474186 -108.902383
-3663.105729 -2332.219008 -96.941297
-3091.474977 -1980.714471 56.960128
-2328.359078 -1455.608849 -59.372006
-2159.857879 -1428.863790 -75.475405
-3394.242532 -2222.915954 -133.837121
-3371.520126 -2178.680826 -5.294799
-2408.050616 -1593.074277 -83.765993
-3170.095021 -2077.209828 -125.142269
-2736.331750 -1784.679181 -109.510636
-2758.487039 -1783.745379 -0.154028
-3563.505461 -2282.227735 -98.592928
-3681.949259 -2396.267157 41.241507
-2643.901813 -1693.142711 -73.099539
-2520.161569 -1665.232195 -25.716759
-3388.946548 -2289.553621 -45.644004
-3456.634694 -2215.896889 -22.335603
-2648.397383 -1788.721761 -35.537125
-3717.909078 -2489.672259 -11.646185
-2686.669243 -1732.697101 45.664887
-2567.472555 -1733.980771 -34.435130
-2579.370028 -1655.322648 51.688487
-3014.368898 -1933.124052 60.573105
-3656.892264 -2350.168516 72.829315
-2673.141175 -1724.272937 52.400743
-3703.608980 -2439.872334 49.575091
-3773.253156 -2421.474122 76.365826
-3745.512390 -2414.340453 -50.766253
-2693.507833 -1773.471674 35.064953
-2304.680690 -1482.329218 46.377519
-2521.820847 -1599.044203 -89.058610
-2648.869052 -1791.566490 4.745459
-3504.375074 -2222.296186 -123.831478
-2423.289736 -1525.796517 -15.412123
-2733.478388 -1722.194124 -18.368676
-3840.967912 -2584.935680 22.382865
-2363.507839 -1589.506589 12.366360
-3528.449363 -2372.637755 18.933100
-3765.342860 -2375.323723 59.201921
-2747.533870 -1801.836447 38.291118
-2808.266948 -1861.014006 35.319493
-3212.542382 -2128.085345 40.018702
-2393.246561 -1528.442413 -4.693441
-3141.264395 -1980.262918 -19.734651
-3117.255789 -1954.292566 45.610458
-3194.441239 -2013.792625 -18.661210
-3046.303199 -1918.690635 -18.055254
-3782.861211 -2385.012171 -22.326397
-2325.799693 -1576.399491 4.495330
-2502.550440 -1675.107353 -35.553478
-3769.532719 -2402.123297 63.792854
-2321.392153 -1570.888889 -24.818145
-2913.984044 -1854.348438 -88.860173
-2774.235420 -1765.610376 -98.314889
-3623.811299 -2435.430020 -26.941019
-2714.782221 -1837.309704 -28.549351
-3020.636667 -1925.773520 49.904716
-3460.960134 -2261.572319 -121.461529
-3333.999773 -2125.262800 55.886694
-3588.776949 -2284.070679 -82.523665
-3074.555259 -2013.294942 -32.553098
-2917.934073 -1828.041301 -31.172674
-3233.200491 -2134.133375 -29.180683
-2331.574711 -1558.379738 10.094872
-2911.348465 -1949.999114 -69.648079
-3496.319886 -2159.491775 -102.965346
-2719.144318 -1822.209917 -65.403860
-3053.545421 -1863.588436 -34.856972
-3481.563952 -2183.250200 52.266733
-2379.257502 -1568.218113 32.374145
-2818.553564 -1824.654318 57.916182
-2916.610583 -1836.966095 45.968834
-3258.854313 -2196.612697 21.590642
-3346.284557 -2127.264691 61.492609
-3179.410036 -2112.589634 -6.219210
-3375.448274 -2083.126804 -50.695285
-2185.659425 -1471.909060 13.511548
-2712.495567 -1824.921766 16.385872
-3398.896056 -2290.392553 23.808116
-2581.255848 -1738.016112 16.551641
-2372.923006 -1535.358705 -25.425244
-3497.561358 -2268.870783 65.433038
-2662.842759 -1737.340381 -27.054181
-3428.277161 -2203.334567 -28.745406
-2985.376019 -1901.681758 -78.067371
-3200.727983 -2018.532461 -75.657918
-2912.691486 -1971.392329 -30.157856
-3009.933793 -1904.987189 40.145775
-3471.546615 -2267.316631 -120.870652
-2036.625897 -1313.143108 -28.318046
-2865.755324 -1847.940666 -44.674264
-2684.008871 -1758.768690 37.391547
-2769.756184 -1759.266652 11.777268
-2974.665192 -1914.500331 -20.810463
-2779.861817 -1760.257468 -83.279126
-3507.892395 -2342.899986 -49.617392
-2526.792039 -1680.114641 -64.002944
-3450.528052 -2219.603976 -23.034903
-3569.938236 -2375.341264 -90.176053
-3636.857811 -2368.026543 -136.642301
-2539.459313 -1712.465345 -78.823429
-2376.728975 -1602.913340 -1.149433
-3009.040963 -2027.850013 -91.966968
-3118.937740 -2102.654311 -95.982438
-3582.880802 -2413.500748 -108.671005
-2935.745606 -1827.687541 -75.678273
-3261.825147 -2098.081246 -18.990561
-3357.774514 -2262.807676 -7.808876
-3300.904706 -2220.981321 -23.399333
-3811.100377 -2482.071002 37.844020
-2669.728617 -1739.413150 26.898655
-2976.259524 -1940.742731 34.508913
-2605.688411 -1731.372606 31.708929
-3602.181456 -2242.624175 -92.457222
-2861.937706 -1779.727949 -97.190520
-3277.831740 -2086.640273 -11.448350
-2917.978995 -1878.617238 -18.121737
-2939.742331 -1830.081681 -75.751107
-3424.858409 -2276.218811 41.954411
-2815.367541 -1845.532406 -54.659014
-3754.186208 -2397.965985 -53.146956
-3112.488388 -1924.723980 -60.958263
-3139.559146 -2132.589457 -15.663632
-2958.236443 -1940.859047 -57.584928
-3487.849925 -2269.516022 -80.159662
-2753.265483 -1797.185745 -30.330545
-2463.223615 -1621.423592 -52.238718
-2690.337683 -1749.899348 -45.359879
-3578.540622 -2223.020580 26.336736
-3143.845885 -2038.298334 40.026070
-2928.312389 -1794.887638 -48.444938
-2789.275806 -1860.152793 -73.512577
-2920.599959 -1790.194531 -48.491044
-2638.362828 -1648.638458 -75.546664
-3025.137999 -1978.407021 -104.617248
-3435.796743 -2225.552496 45.075144
-2479.110194 -1642.318479 22.281276
-3521.593011 -2219.030297 -113.228775
-2882.149740 -1912.505407 -78.852279
-2858.547366 -1889.926124 -77.579319
-3584.221096 -2368.875175 -9.476768
-3598.470450 -2449.437374 -76.680192
-3748.496709 -2370.722799 42.714710
-3614.366177 -2395.655707 -115.090370
-2534.204193 -1602.410176 29.579233
-2807.942679 -1786.892344 -24.218376
-2808.379507 -1787.301766 -24.115806
-3416.780229 -2326.002774 -65.149212
-3813.802087 -2492.180436 -98.840874
-3609.314550 -2358.954274 -93.649000
-3240.809635 -2137.907448 -21.306774
-2618.904366 -1723.191401 16.674685
-3455.738354 -2152.058714 22.059349
-2409.799556 -1527.714548 -74.622212
-3010.808554 -1992.064011 -116.210259
-2448.393052 -1637.100059 22.426138
-3381.590095 -2280.846202 8.414105
-2633.985182 -1761.817810 24.062146
-3437.860036 -2300.054312 31.645349
-3321.645288 -2064.665039 -58.088790
-2710.612735 -1732.589493 38.287258
-2632.098902 -1696.770317 -7.805537
-2486.881331 -1607.603025 -56.153367
-3155.611757 -2147.381127 -67.349557
-2493.580814 -1558.117286 -91.606992
-2744.948998 -1810.165422 21.864563
-3504.003844 -2205.364004 -133.799917
-2932.115526 -1969.649304 -25.205124
-2691.162042 -1667.171437 -75.306840
-3842.262720 -2388.198320 -107.239996
-2840.203734 -1872.358151 -104.454831
-3196.939461 -2103.767898 -68.905108
-2848.393132 -1796.153458 -91.348832
-3184.477312 -1983.142168 -82.001754
-3163.926293 -1962.286647 18.014674
-3786.024956 -2322.407172 -65.391351
-2413.986074 -1564.295832 14.989627
-2916.920290 -1953.178187 29.108734
-2693.381074 -1694.525235 -29.876802
-2344.748477 -1540.962440 23.992061
-2488.170278 -1588.932175 27.897057
-3686.603997 -2324.127329 19.696807
-2344.452449 -1572.482253 -13.501773
-2198.954113 -1464.607596 1.305015
-3145.362578 -2093.150652 -101.170080
-2973.109012 -1902.315240 33.725239
-3864.718534 -2520.519404 -148.279265
-2535.429334 -1623.026017 20.675086
-2692.342235 -1724.125646 21.134813
-2490.616766 -1551.108020 -16.425609
-3199.671031 -1991.181815 -20.275483
-3029.886907 -1905.843239 11.520443
-2028.821658 -1299.249787 23.102314
-2564.114011 -1612.572993 9.372380
-2470.786985 -1642.112323 -0.440593
-3398.636583 -2215.489047 40.185342
-2401.663880 -1614.425450 -12.296918
-2726.206954 -1672.292629 -47.548466
-2853.823269 -1895.143308 -1.467982
-2879.553434 -1823.578477 -26.427334
-3149.102302 -2046.812477 36.440675
-2761.497208 -1800.036571 31.709000
-3183.795110 -2115.251311 -0.768439
-3847.843947 -2554.680805 -124.837975
-3749.046112 -2354.911066 55.092489
-2812.060197 -1818.351476 34.263419
-2819.210679 -1822.574796 34.366268
-3734.512518 -2485.726424 -20.986302
-2438.759155 -1643.478854 -75.924842
-2510.722203 -1620.907279 -53.126427
-3269.558767 -2112.342250 54.797335
-3692.781708 -2444.969857 -142.531474
-2337.107468 -1592.008141 -45.027045
-2367.921401 -1589.202504 20.815815
-3502.199217 -2278.596039 41.882870
-3547.279811 -2280.831477 -26.638221
-2851.951444 -1853.179787 30.195786
-2950.107875 -1903.087195 -7.545769
-2346.251697 -1529.107281 -86.465028
-3761.304657 -2536.671159 -1.584600
-3603.590937 -2455.121586 -77.292769
-2784.665676 -1881.359773 -64.769522
-2620.324698 -1768.863619 -79.255795
-3344.708540 -2179.735162 48.855060
-3412.435509 -2311.944175 -36.591889
-2463.635000 -1575.532727 -44.642829
-2431.685284 -1658.562987 -27.289887
-2431.827537 -1538.874197 20.898839
-2933.227472 -1856.300179 25.826058
-2443.286889 -1599.115890 -103.111711
-2745.679713 -1825.114712 -69.956995
-2944.323309 -1829.335560 -34.299234
-2953.257520 -1927.534791 -33.309817
-2971.586495 -1870.497249 -9.713929
-2971.908035 -1870.705590 -9.830583
-3114.375628 -1963.791251 16.529589
-3383.842741 -2208.725982 -38.416803
-3576.884232 -2255.883562 18.877317
-3269.460178 -2108.890089 -61.265315
-3667.747407 -2333.397506 9.954850
-3270.245233 -2079.970496 8.953075
-2507.626932 -1578.520459 -8.206894
-3523.632229 -2217.792530 -39.119765
-2400.840227 -1571.509123 -72.479787
-3333.377472 -2111.283055 -65.495551
-2096.609637 -1370.699972 -24.154678
-2690.738896 -1759.689764 -30.142074
-3709.719437 -2426.154866 -42.203559
-3558.824097 -2360.339106 -114.146941
-3210.484493 -2108.038756 -36.528495
-2691.301124 -1715.975635 -46.900981
-3522.441597 -2149.166570 -79.260980
-2018.986334 -1285.400625 4.575231
-2920.383440 -1859.212747 6.816145
-2581.954592 -1735.600059 -29.150449
-2570.949010 -1637.638752 -7.191873
-2934.711947 -1939.093986 -73.186437
-3470.126598 -2158.589691 -39.601545
-2516.089684 -1637.696087 1.270034
-2607.307480 -1771.256326 -62.188147
-3140.131044 -2094.150847 -83.804738
-2679.063077 -1702.947767 8.261944
-2466.678490 -1545.145208 -59.872025
-3481.935741 -2349.406162 -2.379172
-2813.246328 -1791.216130 -8.046598
-2604.865082 -1721.042782 -64.521994
-3792.159210 -2443.568487 -16.225118
-3546.535693 -2189.174870 -41.991912
-2323.739910 -1513.837921 39.835984
-3634.947006 -2312.622199 2.458122
-3475.370831 -2121.213360 -79.939195
-2478.445291 -1662.471830 19.027051
-3523.662498 -2149.312865 -79.485674
-3063.251433 -2018.934970 -15.413302
-3760.925755 -2520.942658 27.925317
-2289.739110 -1554.237955 -25.371144
-3539.870704 -2366.461732 42.418650
-3044.962556 -2070.326271 -15.110889
-2163.138528 -1452.550722 -29.579559
-3397.989762 -2292.984969 -37.096896
-3121.892958 -2121.616363 -44.876294
-3412.925156 -2320.125875 -48.633285
-3142.531880 -2118.975538 -34.204189
-2655.202235 -1799.758256 -22.298782
-3748.997603 -2401.021559 41.811909
-2708.052786 -1729.839757 28.906228
-3466.600396 -2320.439648 20.908621
-3690.898557 -2403.925028 55.509516
-2400.587112 -1522.002825 -28.393108
-2716.658087 -1713.606321 -21.017289
-2932.551173 -1828.537443 -8.799095
-2537.734945 -1699.841416 -78.314325
-2379.766246 -1593.348876 -73.202214
-3746.819966 -2412.469610 57.683964
-2763.660453 -1770.347510 -27.311415
-2803.967474 -1906.656956 -53.384278
-2643.507249 -1776.740089 12.435606
-2845.416679 -1912.774382 -13.979462
-2961.174314 -1957.554563 -7.938381
-2503.562145 -1683.682622 11.521926
-3861.428170 -2442.975446 -32.366389
-3015.539319 -1946.282946 -1.403985
-2620.644069 -1769.367566 -80.064165
-2681.021648 -1748.301024 40.263911
-2731.532673 -1762.125068 -5.216267
-3344.929845 -2095.052702 -12.097671
-3043.228471 -1991.251373 -128.637387
-3142.197590 -2055.677264 -133.240323
-3345.851319 -2095.775697 -12.056600
-2935.676242 -1999.394441 0.051880
-3252.094869 -2213.746019 0.771820
-2639.332301 -1719.742694 42.333304
-2334.548491 -1533.575341 -47.191815
-3389.823457 -2114.696812 -10.952299
-2400.161329 -1531.638662 -7.012949
-3562.461607 -2290.205961 39.954106
-3482.293483 -2238.582600 39.475071
-2466.745937 -1679.060349 -26.501928
-3035.333757 -2067.095999 -33.702588
-2781.652046 -1900.978335 -51.013865
-3325.854506 -2104.872494 30.405898
-2599.152837 -1666.272596 -28.453780
-3849.666382 -2477.471868 -24.182856
-2855.862545 -1879.847313 -39.433126
-3015.693484 -1941.091080 -19.118614
-3715.081854 -2449.736085 -81.031741
-3686.824668 -2290.752518 26.142709
-2539.004347 -1670.731395 -34.779524
-2362.404987 -1554.346830 -32.402787
-2920.321340 -1926.116464 -63.869563
-3512.980405 -2317.470616 27.978156
-2914.516483 -1847.303013 -42.748300
-2923.729668 -1853.273115 -42.644804
-2386.024888 -1574.324642 19.449848
-3455.457271 -2151.725739 22.769968
-2602.318556 -1758.325989 -67.698757
-2260.314443 -1486.467174 -43.901078
-3786.329610 -2312.630823 -74.461130
-3781.653072 -2309.465718 -73.872337
-2355.426876 -1555.556296 -5.612992
-2739.998013 -1767.871067 -11.083757
-2978.374253 -1906.126419 -23.118369
-2678.889708 -1785.009670 -63.744173
-3381.030198 -2181.056532 -13.855538
-3859.542334 -2523.513592 -87.704755
-2688.475396 -1750.400781 24.125083
-3749.932465 -2548.633090 -29.941312
-2437.979258 -1572.659193 -12.105977
-3723.499344 -2441.216162 -147.380813
-3447.136265 -2142.038581 23.795765
-3056.270170 -1955.756629 -24.792360
-3168.676265 -2047.446580 -55.234573
-2463.897346 -1523.737372 4.801657
-2857.263994 -1829.258677 -31.092511
-3623.968347 -2373.978795 -151.273982
-3405.866022 -2167.453989 -86.647163
-2799.856608 -1911.286460 -53.500774
-2595.973526 -1767.545563 -62.369718
-3728.234288 -2437.565770 -158.172152
-2714.145332 -1742.421811 -32.823352
-2726.750002 -1862.118461 -42.063430
-2784.100479 -1901.174992 -43.952039
-3377.740568 -2140.359962 -54.740465
-3425.503663 -2337.902233 -58.484935
-2556.406176 -1619.770016 -41.596991
-3319.956382 -2099.880553 -134.777645
-3553.140205 -2384.847453 31.257952
-3811.594031 -2605.036901 -64.679354
-3671.579657 -2502.895219 -78.132836
-2776.955535 -1898.767556 -46.132498
-2795.772958 -1795.088975 -33.648128
-2425.815164 -1564.625912 -6.715779
-3126.699405 -2016.733094 -16.744885
-3405.113180 -2196.413404 -19.356735
-3818.030144 -2502.053646 -156.323328
-2274.456256 -1407.005529 4.876830
-3530.214280 -2366.832109 23.972595
-2823.192701 -1850.799379 -118.400572
-3180.484077 -2003.117733 -9.869448
-3748.182926 -2384.083236 21.814092
-3486.127418 -2194.908630 28.004042
-3105.333027 -1914.402013 -36.524455
-3311.235203 -2122.865738 28.574483
-3496.674544 -2280.606453 -38.998711
-3566.385962 -2423.347495 -29.391808
-2369.547405 -1590.609732 20.374603
-2794.517327 -1876.135796 24.613862
-3659.898445 -2360.353536 -19.415319
-2487.200595 -1694.163473 -57.969263
-3063.987884 -2053.965351 22.378649
-2717.122936 -1751.792471 -14.279671
-2965.100791 -1911.518428 -16.645692
-2575.194907 -1740.351429 -78.272576
-3320.604559 -2268.913510 -16.642826
-2901.139909 -1834.428775 37.125098
-3552.506422 -2292.905699 -15.729117
-3294.169991 -2194.211027 -20.695387
-2586.232969 -1731.575782 16.285502
-3193.263654 -2039.735018 34.264016
-2344.720651 -1571.526475 23.920536
-2299.258107 -1571.492755 -37.238779
-2789.337193 -1906.766794 -45.420247
-3408.923336 -2329.911822 -56.267763
-2374.060961 -1550.578980 41.607167
-2778.972307 -1898.491737 -45.979608
-3552.992053 -2384.654388 34.225760
-3144.577411 -2142.380848 -41.754272
-2383.342595 -1556.464687 40.915627
-3194.288733 -2146.932017 29.908564
-3194.205254 -2147.779174 29.843257
-3188.441434 -2080.804373 52.008465
-2739.166364 -1839.237152 26.672180
-2579.540868 -1742.362797 -79.241358
-2620.289046 -1789.541767 -43.293650
-3124.200603 -2108.454931 -97.170450
-3209.820848 -1967.872917 -54.366407
-1996.439048 -1336.883647 -27.780273
-2595.033393 -1738.062520 -35.689360
-3578.946991 -2192.416704 -14.027736
-3327.572931 -2037.264840 -12.530714
-3078.784175 -2072.907708 -47.211835
-3501.137528 -2255.285510 -60.853845
-2645.474804 -1766.954659 -71.452039
-2670.828083 -1726.358132 -90.107388
-3237.562379 -2040.465012 -102.879455
-2904.237134 -1830.628247 -92.256778
-3175.438763 -2031.700952 55.486217
-2415.672383 -1493.800357 -46.622190
-3315.857261 -2071.418983 -120.676646
-3601.129862 -2417.362296 14.598069
-3881.053239 -2491.155054 -152.138329
-2998.666261 -1954.582622 31.822449
-2449.423299 -1567.088565 -16.273878
-2509.733483 -1605.508575 -16.952669
-2144.233710 -1425.228352 25.886472
-2509.905626 -1686.951266 -57.492472
-3346.786584 -2248.296627 -17.946001
-3062.318098 -1959.274978 -21.062328
-2968.569076 -1920.205783 37.237720
-3760.480134 -2420.032251 -21.356115
-2874.854389 -1857.235281 -96.441837
-3710.210459 -2350.109873 -70.888926
-3347.968735 -2159.792424 31.275783
-3386.163158 -2285.104473 -6.079655
-3702.390773 -2316.208504 -47.526164
-2352.194317 -1537.381448 -98.535959
-2686.477932 -1729.184392 -14.019450
-2584.903270 -1679.755829 -83.628776
-3381.777368 -2275.943186 24.625770
-3199.322523 -1954.591921 -36.242457
-3487.885797 -2127.096284 -80.597692
-3138.559825 -2030.245068 -115.247830
-2840.941700 -1754.167652 -12.084335
-3691.737648 -2349.017169 0.979241
-3618.942949 -2263.409987 30.779119
-2714.636863 -1824.207738 11.985344
-3456.605133 -2307.386564 -32.659861
-2198.703120 -1402.207808 -1.280186
-3191.830202 -2051.469602 36.994280
-2255.421887 -1498.541001 26.969338
-2197.279122 -1489.717612 9.907672
-3701.080646 -2439.361730 -80.425033
-3045.419864 -1951.182370 -31.884161
-3143.365012 -2015.176308 -33.600068
-3262.150202 -2093.189040 29.040431
-3848.893867 -2579.686099 37.250712
-3793.641607 -2484.430427 -125.857176
-3472.689597 -2227.332699 31.515244
-3011.161023 -1930.955847 26.869761
-2470.301789 -1584.871604 21.988517
-3190.223750 -2103.192316 -69.614457
-3054.507026 -1956.789574 -28.268102
-2350.277758 -1478.879733 9.408344
-3166.309216 -1984.967830 -32.836545
-3570.179337 -2425.468315 -36.555525
-3037.012583 -2062.775033 -29.036073
-3011.988770 -2046.086130 -31.069846
-2852.966652 -1897.740560 -74.120709
-3468.367637 -2323.427614 24.948958
-3660.703691 -2488.533519 -29.584607
-3271.869352 -2108.319583 -19.984480
-3367.233091 -2275.031294 7.097587
-3065.432417 -2055.937693 29.586212
-2861.399157 -1918.268284 27.859278
-2465.724433 -1677.884808 -59.957820
-3424.164359 -2329.655954 -83.442792
-3544.096315 -2376.026557 35.068302
-2419.255851 -1620.932496 17.381257
-2528.620866 -1682.271265 -26.174871
-2606.112793 -1647.961614 -104.152764
-3586.237788 -2452.262208 -55.698145
-2648.306993 -1809.887973 -6.786615
-3760.339109 -2565.164516 -53.137474
-3723.330043 -2495.499256 46.625305
-2794.999966 -1866.902731 43.307286
-3718.905957 -2281.969084 9.542902
-3845.559567 -2478.548025 -4.070103
-2457.946885 -1542.614859 31.268587
-3493.175677 -2280.573464 -37.897154
-2495.361993 -1682.811137 6.980679
-3183.967597 -2013.470558 38.217306
-2423.670650 -1510.949046 26.103852
-2836.927713 -1768.415956 36.817477
-2843.745819 -1801.767172 39.875289
-3846.660336 -2518.934025 39.038143
-3011.961269 -1877.398762 33.229293
-2336.324182 -1484.817577 -64.871640
-3226.588925 -2123.739587 17.695617
-2753.347318 -1782.647034 38.807402
-2941.849099 -1813.495267 -27.407208
-2021.437370 -1345.674646 12.048826
-3437.133150 -2225.649771 -89.590695
-2713.965152 -1741.221989 -34.050158
-3739.547206 -2402.919002 -28.882776
-2875.924469 -1798.492680 -9.235874
-2783.736037 -1769.225510 -77.561846
-2410.354471 -1624.995387 5.621121
-2909.581532 -1962.071730 -90.673399
-2853.533694 -1897.178661 -8.231226
-2322.479894 -1476.895342 18.431886
-2963.363930 -1968.329455 -9.658746
-3511.910433 -2236.055920 21.718600
-2619.666802 -1705.672048 1.385604
-2721.803802 -1833.086703 -66.629002
-2405.352035 -1607.368391 -26.543429
-2405.291293 -1514.251718 -27.263619
-2764.534936 -1767.084228 -31.793380
-3726.605767 -2388.211886 -57.345046
-2812.569099 -1827.901036 53.971327
-3232.440683 -2159.602753 48.932350
-2685.867366 -1761.166320 41.680025
-2732.270630 -1824.859332 40.917393
-2602.578819 -1740.953167 35.977627
-3236.001928 -2162.716288 48.993719
-2974.606458 -1906.666299 57.063229
-3391.790829 -2220.775813 54.369692
-2907.418256 -1944.244071 43.021124
-2377.535415 -1546.728127 43.988210
-2711.788765 -1813.619493 38.281412
-2926.361178 -1840.817054 44.710407
-3494.233149 -2284.501790 57.214929
-2456.533987 -1645.021816 30.525818
-3057.430604 -1923.669111 46.897787
-3039.519767 -1865.976617 7.823878
-3056.144286 -1928.768058 44.765650
-2042.937891 -1308.799337 -30.419977
-3703.658988 -2365.698485 71.869018
-2992.682097 -1889.334715 44.084889
-3910.320749 -2518.588883 60.581203
-2702.050113 -1804.765681 31.969110
-3115.504966 -1966.350633 48.586557
-3253.298800 -2095.040911 51.126417
-3783.031793 -2428.320036 70.782287
-2084.912579 -1404.229303 11.033926
-2717.132296 -1786.495737 33.442204
-2985.910741 -1915.300496 56.507984
-2688.432562 -1767.357750 33.767675
-3335.307215 -2186.246961 50.750391
-3098.712660 -2020.421101 57.702138
-3038.943300 -1947.366693 -45.192937
-3106.534848 -2084.564886 37.532358
-2528.547295 -1655.780780 38.438921
-2403.982725 -1619.079634 -77.236616
-2336.855877 -1485.599565 -64.887550
-3189.406519 -2087.626754 49.214697
-3867.136689 -2442.442539 51.249625
-2327.906267 -1524.183833 34.366363
-2292.029688 -1539.158238 27.765907
-3430.954417 -2208.387375 66.776507
-3264.592208 -1996.432860 -38.377462
-3138.685250 -1977.219733 -34.701844
-3234.611109 -2206.546484 -47.413623
-2587.320237 -1764.095361 -30.209420
-2729.112017 -1701.236635 30.245601
-2635.832073 -1610.573302 -50.777264
-2349.014678 -1538.558302 -91.533261
-2604.332868 -1712.405569 24.467598
-3078.139300 -2025.617632 29.155051
-2509.949089 -1646.866947 -105.973224
-3425.900164 -2337.083438 -66.623473
-3764.147578 -2572.474355 -66.713077
-2161.316224 -1476.606577 -38.905750
-2150.646448 -1469.204636 -38.257236
-3525.433848 -2323.168713 -12.981164
-2610.285839 -1782.949692 -47.514694
-2748.628288 -1760.942826 23.306573
-3418.068129 -2175.197427 -87.955180
-3199.105605 -2012.289049 -78.714753
-3860.979685 -2594.195603 32.447028
-3136.821215 -2106.235314 27.153271
-3705.448505 -2421.196439 66.894934
-2789.450199 -1874.331632 36.644956
-2728.303820 -1827.552696 39.731113
-2635.428769 -1800.842719 -30.744033
-3112.022767 -2100.957013 20.881797
-2757.914309 -1861.982339 18.234452
-3433.311405 -2316.915012 22.267765
-3800.531778 -2550.731477 55.204625
-3260.356099 -2103.623614 -51.020361
-3663.335740 -2502.049707 -48.879323
-3616.155646 -2447.899510 -28.047929
-2360.511760 -1514.062157 47.753208
-3384.535728 -2279.366339 19.241223
-2796.530500 -1884.639211 -92.127715
-2741.448095 -1840.395031 28.515266
-3686.888037 -2407.589335 59.289529
-3375.895288 -2309.499024 -49.138204
-3212.984391 -2163.905574 -104.407031
-3444.404145 -2248.507013 62.577636
-3578.959346 -2416.923042 -113.883234
-3254.557901 -2192.443546 -105.694150
-3656.119554 -2494.767989 -44.314676
-3213.367417 -2164.476063 -104.348887
-3729.012797 -2506.926923 31.324495
-3264.759781 -2101.823905 64.021630
-3861.189238 -2603.645617 23.951650
-3846.053143 -2613.467982 20.002936
-2743.762442 -1789.261302 48.934362
-3155.916178 -2144.902464 0.595357
-3694.524903 -2413.826469 -127.230975
-3841.166135 -2566.978150 -102.532470
-2672.729430 -1786.161033 -72.358355
-3159.299054 -1965.238898 -81.255464
-3124.427086 -1908.867520 -29.705255
-3081.552066 -2004.648729 41.241835
-3239.625931 -2168.226403 -44.656250
-2381.198936 -1454.504982 -22.705170
-3083.833987 -1987.482638 48.623229
-2161.027716 -1364.098283 28.500010
-3391.073947 -2216.439338 51.646573
-2740.838944 -1784.065352 50.015942
-2962.739724 -1918.827306 -26.126630
-3575.641889 -2315.431395 -32.831014
-3893.026106 -2548.313021 -128.082838
-3170.080514 -1994.473623 13.830769
-2648.714740 -1810.795475 -7.840042
-2899.447365 -1903.422054 47.367008
-3185.969052 -2089.074894 52.180305
-2378.782927 -1627.852655 -31.510389
-3572.620725 -2445.955908 -47.425340
-2259.852592 -1463.851661 -18.578089
-2955.330285 -2008.482952 1.729059
-2642.929034 -1709.578787 -26.876877
-2714.814808 -1842.755498 13.516773
-2739.017394 -1738.103273 53.043090
-3215.170727 -1993.114077 49.549918
-2404.451252 -1524.317566 12.968532
-2567.922087 -1655.346127 -52.106842
-2998.939059 -1823.306983 -22.348378
-3451.264769 -2124.809626 -84.010248
-3419.544597 -2292.565854 -43.870266
-3883.665385 -2389.271448 -95.598523
-2863.228212 -1761.350156 -70.095356
-2783.241490 -1809.337168 45.879725
-3124.763183 -2014.889071 -63.398750
-3197.819820 -2170.626810 4.000543
-2711.077102 -1803.016131 36.636564
-3058.343576 -1950.640346 40.760915
-3693.459342 -2452.453621 -23.814929
-3845.654824 -2444.869878 58.168415
-3174.620302 -1960.890678 27.608340
-3790.851547 -2501.719074 -23.210526
-3580.051732 -2222.502716 -43.646595
-2710.574453 -1802.698039 36.565617
-3729.992124 -2372.027455 56.608287
-3144.574807 -2110.268672 -26.864878
-3260.750431 -2103.731249 -62.571340
-2310.360397 -1464.227124 34.964120
-2425.284228 -1555.449223 -2.262375
-3512.393870 -2162.140118 -0.795445
-3006.972378 -1911.584002 41.057303
-2793.053749 -1718.895573 0.000130
-2549.809788 -1690.628663 -85.856343
-2350.864677 -1538.372296 -87.348872
-2793.054868 -1833.574214 29.204972
-2916.814014 -1879.623526 -1.353609
-2595.222311 -1623.642166 0.306275
-2259.984763 -1429.619738 24.460163
-2669.806050 -1711.831721 -1.346298
-2621.340532 -1732.258142 -71.481405
-3551.525271 -2277.978918 40.883015
-3126.958629 -1954.072958 -40.872282
-3545.656735 -2215.959947 -20.234421
-3514.488880 -2234.479853 -70.089520
-2404.816011 -1569.210983 30.511499
-3709.573966 -2326.534696 -68.334651
-3176.923678 -2128.169912 -106.703864
-3792.182932 -2466.867380 47.477124
-3149.035602 -2062.018046 -118.430111
-2682.484151 -1727.027111 25.596892
-3407.526623 -2222.727294 42.540322
-2927.392124 -1960.841509 -97.922318
-3540.463543 -2190.533529 -46.830078
-3908.344907 -2520.168315 72.313157
-2373.045012 -1589.496221 -80.226779
-2606.030537 -1744.912595 -87.448203
-3455.886928 -2225.020359 1.456226
-2466.534858 -1614.266819 -91.954729
-3463.741775 -2230.825603 33.204171
-3782.803881 -2463.841686 -9.816561
-3116.573126 -2025.150206 39.554656
-3826.354884 -2424.454225 -53.638599
-3900.981797 -2441.568149 -24.192534
-2694.617979 -1758.509593 34.839451
-2833.130863 -1908.511042 -73.260985
-3753.663289 -2360.490918 -91.189600
-3322.302395 -2145.880163 45.033011
-2579.523392 -1728.237666 -9.301827
-3306.948531 -2091.381326 36.376368
-3155.460893 -2049.696358 46.424570
-3148.561061 -2018.437360 48.628424
-2356.217580 -1506.465887 39.337471
-2555.893470 -1581.773564 2.139399
-2432.252249 -1580.246909 35.257820
-2254.456890 -1528.765129 -11.657363
-2514.198684 -1581.072630 -74.057466
-3607.069117 -2395.125531 -118.353338
-3156.806413 -1965.804736 -103.701621
-2656.994436 -1775.410220 18.786356
-2839.659273 -1887.688665 -95.716903
-2889.991005 -1929.318278 -62.053222
-3002.553610 -1961.726746 -83.634426
-3800.234128 -2491.611222 24.906032
-2858.528056 -1780.320424 -93.443763
-2649.144119 -1789.783015 -40.222296
-3713.094867 -2369.614482 49.035481
-3578.620143 -2380.557768 33.367528
-3248.488460 -2016.054775 -39.542083
-3310.170266 -2054.602820 -40.358839
-2667.809395 -1703.511861 35.926971
-3034.512151 -2061.495940 -52.473909
-2647.046577 -1716.201524 8.830825
-3341.548149 -2166.835754 12.856584
-3529.572065 -2251.896453 47.140685
-2913.615199 -1887.622199 9.382712
-2907.292115 -1879.442403 -71.746029
-2701.822555 -1711.880028 -90.042982
-3175.558135 -2072.837322 -130.815908
-3514.604600 -2192.842663 -115.966925
-2357.200303 -1473.533154 -30.688054
-3867.884779 -2490.347600 -8.452896
-2448.517094 -1563.407768 -31.616086
-2448.245966 -1562.948064 -31.458568
-3229.973202 -2196.432633 -55.681668
-2717.518474 -1765.683111 45.480866
-2580.665164 -1590.070887 -21.352580
-2574.586830 -1727.348004 -10.704385
-3397.114370 -2242.829453 -122.695149
-2717.940225 -1777.823372 1.525393
-3402.152918 -2215.019455 59.235926
-2577.833588 -1729.435199 -10.702443
-3601.105827 -2246.337510 -98.347061
-2974.953653 -1898.700835 -73.628095
-3669.243982 -2400.327023 2.563497
-3254.954341 -2030.605228 -107.043055
-3803.119018 -2324.840652 -54.415661
-2838.969119 -1849.638685 -22.009264
-3359.050711 -2047.339273 -48.450270
-2972.656851 -1896.589947 35.904921
-2458.912834 -1558.799609 10.423232
-3781.425258 -2313.298558 -54.025151
-3602.543444 -2203.988450 -51.263260
-2224.802119 -1458.605312 -72.600776
-3182.897121 -2085.806771 -103.157002
-2985.457208 -1921.196603 -9.494943
-2988.005648 -1920.636855 -2.480736
-3111.721260 -2025.480362 -5.956029
-3214.431435 -2116.804762 -63.100096
-2569.179069 -1595.714437 -70.638759
-3706.950623 -2447.695777 -74.477800
-2521.604635 -1585.300786 -75.395840
-3751.808148 -2297.000202 -6.933965
-3100.258304 -1899.225954 -5.741771
-3718.345582 -2264.079291 -51.384213
-3379.508706 -2133.057329 -8.690675
-2390.646533 -1537.928627 -4.922218
-2255.186234 -1451.732663 -7.545002
-2230.115816 -1421.403264 14.758868
-3788.772590 -2420.608677 26.431302
-2461.740967 -1573.273034 -104.624724
-2404.724734 -1530.483482 36.185815
-3334.420267 -2054.098533 -64.246617
-3750.241059 -2372.355716 -42.694556
-3706.665150 -2363.019017 53.174794
-3272.312916 -2122.214882 10.137081
-3206.046758 -2080.008208 10.596627
-3150.649537 -1921.092868 -60.653740
-2636.259297 -1685.325895 18.018781
-3217.651907 -1960.080094 -63.141082
-2657.287510 -1697.824562 17.952694
-3207.505316 -1955.594973 -18.641921
-2442.014499 -1488.321031 -47.610099
-3411.908640 -2179.465541 23.802345
-2640.891397 -1662.331491 -89.816048
-3697.990242 -2379.495111 -7.046713
-2599.274593 -1648.155119 14.707700
-2600.554449 -1648.963543 14.802076
-3456.344488 -2104.076483 -66.803615
-3227.846261 -2045.852024 18.492399
-3031.381199 -1978.026304 -75.301129
-3139.900763 -1936.689750 2.677132
-3127.438009 -2086.518059 -64.331535
-3149.615008 -2006.960300 -7.230326
-2915.986829 -1775.262316 -56.820664
-3210.289070 -2185.224711 -20.089119
-2954.077829 -1901.314064 -38.382901
-3304.162504 -2111.602496 -59.982858
-2991.076970 -1820.343385 -23.838654
-3535.055565 -2217.182452 -18.205472
-2863.548932 -1807.398591 -40.526984
-3753.875903 -2399.578551 -67.282154
-2780.623617 -1770.751413 -76.732145
-2382.802258 -1494.553133 -12.708717
-3419.541146 -2202.413814 -6.141268
-2494.577253 -1581.197570 26.634432
-3579.283917 -2233.373077 -116.380697
-3542.011863 -2222.345623 -18.610892
-2921.639660 -1872.222682 -54.599074
-3186.400250 -1985.642264 12.347730
-3142.458826 -1993.459061 -30.034938
-2665.070355 -1673.307715 -14.144214
-3162.264629 -2004.426095 -14.285733
-2504.826450 -1630.000335 39.096773
-3694.037368 -2252.459944 -72.754353
-3683.825405 -2484.518085 -28.230363
-3187.673653 -2063.172718 55.830735
-3479.038148 -2245.515482 56.379507
-2289.952847 -1544.233108 -18.285975
-3204.712196 -1999.673929 -86.958519
-3000.449373 -1906.037191 -60.439317
-3323.533206 -2086.927915 -81.360841
-2688.086721 -1688.237823 -67.050264
-2457.839648 -1527.851781 11.718130
-3737.056047 -2311.583997 -48.566244
-2991.886939 -1985.723896 -49.927753
-3272.777904 -2112.335301 -61.688344
-3866.698847 -2486.834722 -60.583511
-3863.844050 -2485.011923 -60.427149
-3756.742189 -2554.470894 -47.923134
-3472.833681 -2182.020553 49.840288
-3607.980376 -2455.670754 -44.052745
-2410.263244 -1492.559182 -30.591901
-2518.155729 -1691.950637 -62.444406
-3164.751819 -1967.656533 14.723931
-2498.901151 -1659.872296 -5.652874
-2402.704258 -1522.769143 10.800385
-3378.498927 -2147.423097 18.815894
-3167.799340 -2018.018989 -7.521125
-3798.099922 -2426.815434 -11.688484
-3248.545147 -2170.101133 -0.176613
-2403.178939 -1535.011893 -7.388873
-2885.789025 -1936.651151 -89.782019
-2468.063925 -1558.513419 26.242004
-3205.703041 -2179.124090 -1.479035
-3209.512998 -2073.027497 -58.270944
-3135.378231 -2103.741890 -28.403945
-2762.564762 -1868.948438 -68.636875
-3581.724413 -2312.559111 -7.921633
-3299.338848 -2132.190938 33.166328
-3753.076240 -2424.331525 36.187888
-2775.316055 -1821.376517 -44.122429
-3185.402856 -2064.114362 10.175422
-3074.410682 -1980.027300 -14.956053
-3186.449232 -2018.678770 -15.169292
-3330.760555 -2117.402862 -98.576767
-2469.476679 -1671.486628 -60.396891
-3494.777940 -2366.257289 -86.209875
-2629.348330 -1689.108273 -109.388500
-2337.052904 -1466.663840 -44.659736
-3404.661800 -2136.717473 -63.709095
-3827.978529 -2426.543311 -18.854296
-2706.614217 -1755.233252 28.333338
-3706.371893 -2448.729548 -76.693242
-3726.849330 -2462.284369 -77.682953
-3505.487051 -2223.957839 -116.860488
-2414.707923 -1595.907284 -50.711081
-2512.273493 -1597.329766 -74.919792
-2383.445712 -1570.491554 -0.698402
-2967.102648 -1961.772639 -4.183595
-2392.742912 -1530.268813 -20.094017
-2590.401516 -1580.831290 -4.173833
-3342.863458 -2069.478742 9.276108
-2365.971344 -1444.660534 -4.223416
-3875.619352 -2576.233486 -21.453502
-2270.491131 -1509.276323 -12.466917
-3358.015194 -2140.298394 45.370356
-3649.656097 -2384.807122 -26.049120
-3746.339897 -2382.883757 20.746602
-2322.794090 -1518.435822 -16.847920
-3061.300977 -2048.784350 -36.422453
-2440.860097 -1590.075186 -46.121663
-3496.231588 -2255.630908 65.342414
-3235.690158 -2107.732848 -61.143664
-2410.233836 -1569.743526 -46.315648
-2478.508078 -1638.726136 -23.727725
-3645.970798 -2444.131741 38.137440
-3153.743462 -1915.322329 -43.878817
-2499.307415 -1522.162062 -15.005954
-3153.585116 -1915.258793 -43.855559
-3671.601215 -2391.017472 64.604782
-3234.404343 -2062.556215 -83.731486
-3017.140131 -1843.681700 -1.036485
-3273.246898 -2026.812337 -110.797867
-2960.530889 -1990.886975 -76.557630
-3194.747774 -2103.900368 -69.382448
-2366.923035 -1587.687464 11.579025
-2466.223034 -1567.007465 -92.258221
-3376.977648 -2147.490578 -126.620886
-3620.881247 -2439.546133 -27.523663
-2448.626517 -1602.550702 1.531935
-3860.750209 -2476.185205 6.352107
-2463.398723 -1622.182529 -83.660890
-3354.790893 -2134.319250 52.144857
-2455.007668 -1572.318929 -64.165194
-3578.441821 -2202.200897 -36.504919
-3715.236981 -2339.108432 -102.468242
-2439.872974 -1626.552268 -89.905399
-3397.002257 -2262.762229 -126.174972
-3630.537704 -2340.155885 34.391314
-3175.663214 -2046.712180 29.748986
-2288.611394 -1466.983975 -17.074833
-3769.687857 -2430.074542 -0.431794
-2672.101643 -1709.062367 47.298148
-2777.448763 -1808.372884 -90.156465
-3188.334623 -2003.602519 9.292234
-2436.147692 -1502.686264 -56.711242
-3049.174355 -1863.959700 -1.788440
-3163.339482 -2062.114032 -78.691650
-3257.242532 -1992.243275 -45.282134
-2634.309235 -1602.333460 -50.832748
-3504.225599 -2141.535833 -89.820978
-3855.925594 -2458.038980 -163.018145
-2868.697121 -1775.277045 -97.057966
-2320.310632 -1411.451645 -17.067993
-2361.352221 -1508.380711 18.870671
-2871.558417 -1834.362901 22.869241
-3153.495734 -1957.574239 -86.281567
-3474.598685 -2223.266259 18.559227
-3776.694616 -2510.629027 -23.338173
-2855.222598 -1743.972595 -74.049739
-2737.107815 -1856.542153 -13.390460
-3134.242559 -2004.623001 17.908947
-3699.862224 -2253.543097 -85.658222
-2552.888976 -1556.461603 -59.816351
-2778.299725 -1693.329790 -64.885554
-3498.371233 -2132.324045 -80.728309
-3468.184500 -2352.022902 -16.892324
-2663.995417 -1704.065085 16.726324
-2813.815853 -1769.190057 8.849455
-3479.259844 -2226.712894 22.516293
-2749.534873 -1789.186891 48.727366
-3297.068757 -2196.334657 45.861769
-3296.444790 -2196.347795 44.773098
-2680.655317 -1785.855274 36.596646
-2634.821819 -1692.660730 -3.783298
-3323.574964 -2087.996597 -82.719335
-3716.471886 -2383.656069 -62.047491
-2335.397293 -1500.407510 -2.541299
-2955.538507 -1896.824866 -48.295505
-1939.798270 -1307.333507 -33.663053
-3857.089974 -2399.312652 16.586042
-2487.480349 -1604.051749 -29.833820
-3018.559281 -1999.675281 -10.379689
-3759.417362 -2515.707904 3.163684
-3607.892083 -2238.567419 -99.284896
-2188.477549 -1357.824705 -60.346700
-3323.628562 -2104.632248 54.940361
-2975.255909 -1843.827248 -91.558152
-3279.159099 -2209.511371 -33.651950
-3933.972690 -2422.941211 -75.069438
-3751.916252 -2423.343680 36.092162
-2976.420248 -1921.868094 29.550099
-2504.090396 -1647.611556 -25.607531
-3393.310277 -2107.902327 10.701157
-2524.761229 -1628.084818 0.077937
-3859.373762 -2390.854303 -116.366442
-2349.437361 -1505.890504 -21.824621
-3859.590075 -2391.337109 -116.317447
-2817.057970 -1807.366627 61.785194
-3124.959638 -1998.586966 65.153626
-3553.768850 -2171.571774 7.342170
-3312.463476 -2057.874137 50.793743
-3215.024087 -2042.896779 66.629491
-2441.393526 -1516.513007 35.462796
-2477.224447 -1572.159261 49.313166
-3247.946867 -2069.511917 68.479589
-3835.744458 -2444.474693 80.978236
-3818.936350 -2593.902468 -21.972181
-2589.892982 -1601.818589 34.321742
-2348.561678 -1462.965483 38.208173
-3214.169695 -2093.283799 -27.138856
-3511.325205 -2157.389435 3.951174
-3211.504129 -1992.366467 37.247575
-3211.652868 -1992.796801 37.366932
-3191.634890 -2107.873418 -40.967172
-2753.476936 -1678.473734 -14.747441
-3383.445267 -2296.291695 -47.269811
-3030.128096 -1943.436008 -87.915842
-3624.842560 -2209.829899 -18.598254
-2954.542853 -1917.331724 11.111945
-2776.644811 -1693.018759 -60.629997
-3353.514792 -2162.962366 2.070585
-2488.642906 -1518.427103 -13.166102
-3014.382383 -1838.800811 -15.338611
-2510.071555 -1611.012451 -72.999519
-2527.585621 -1621.374840 -73.803781
-2871.214551 -1866.034684 37.661416
-2968.054133 -1928.703278 43.551220
-3136.325035 -2061.984509 -37.066405
-3264.933958 -2008.455366 -0.579289
-2504.205877 -1627.023450 43.120910
-2501.290880 -1625.004591 42.845979
-2987.432657 -1940.257443 51.827401
-2646.595801 -1776.724902 -81.074879
-3813.154606 -2357.044226 -96.453896
-2559.573244 -1584.799569 2.911422
-2938.263051 -1908.959022 50.534660
-3767.134955 -2500.553045 -48.667012
-3055.621204 -1866.064866 -42.587793
-2589.692015 -1578.816994 -13.823471
-3165.990908 -1929.778070 -18.262164
-2339.974492 -1555.578297 -5.589176
-3673.620328 -2459.893082 2.079533
-2239.486018 -1430.537427 -63.900261
-3064.785695 -1954.348034 45.403798
-3065.699741 -1953.821803 44.597507
-3292.859849 -2098.306681 47.649506
-2650.189717 -1730.463417 -18.191788
-3556.689957 -2318.044706 -52.342307
-2404.292617 -1532.161217 -4.629311
-3151.885493 -2009.181940 -7.037920
-3140.204790 -2011.563053 63.115427
-2731.789985 -1750.338084 55.320686
-3466.390423 -2207.905417 70.513012
-2678.936129 -1714.411672 52.708856
-2536.701914 -1626.444310 50.847653
-3738.726522 -2384.200948 76.550680
-3112.248575 -1994.129694 62.863299
-3158.039628 -2006.667965 64.008346
-2540.526462 -1583.004649 35.505900
-2559.405035 -1687.548495 35.487288
-3039.728856 -2023.565803 41.885394
-3528.963090 -2349.439441 50.537247
-3736.739492 -2465.191537 50.189844
-3739.950883 -2467.413838 50.350795
-2896.166193 -1770.854040 4.730113
-2389.907389 -1526.833294 51.091115
-2710.578950 -1782.378035 37.322008
-3481.536618 -2210.936676 70.627738
-3963.582859 -2424.749936 7.541005
-2927.932835 -1937.532215 43.019774
-2765.011620 -1827.739213 39.914146
-3116.127030 -1966.519378 47.430844
-2576.669883 -1654.897825 52.890818
-3123.003446 -1988.918533 62.160262
-3217.455935 -1968.917875 5.810925
-3901.065764 -2505.879430 80.160407
-3096.992782 -2001.905814 -51.372016
-3157.473736 -2016.691053 64.904115
-2734.898850 -1746.397217 55.553198
-2699.049183 -1783.418084 36.686008
-3015.479329 -1947.610521 59.323937
-2855.327380 -1856.218229 -51.966167
-3218.677491 -1969.777664 5.894864
-2333.704197 -1545.407413 34.292380
-3136.986140 -1938.075781 32.317542
-3094.600901 -1974.893901 62.485522
-2677.413713 -1768.450092 36.609981
-3704.137533 -2444.267598 49.005416
-3319.615391 -2111.048535 66.656559
-3114.181292 -1988.041731 62.440843
-2846.229627 -1750.887563 6.270771
-2928.747227 -1897.639113 -62.220316
-2822.738165 -1828.823525 -58.455438
-3825.707139 -2370.417934 -48.220212
-3704.622513 -2474.619328 50.218042
-3343.527101 -2182.703828 50.590793
-2545.998821 -1562.214404 2.522135
-2604.661625 -1597.989521 2.694706
-3509.822687 -2152.354584 2.838181
-3037.919535 -2064.440022 -38.243545
-3178.572629 -1948.981891 3.656126
-3682.030709 -2273.286601 39.283172
-3756.689014 -2284.731218 -56.247135
-2857.360331 -1762.031910 31.583581
-2509.996296 -1527.100372 -38.525015
-3027.538686 -1841.948523 -43.189611
-2482.972988 -1510.580740 -36.560890
-3006.029156 -1869.827854 44.891847
-3441.676408 -2140.148220 51.465388
-3210.720036 -2038.890722 63.118103
-2859.178764 -1763.017710 31.601722
-3569.863848 -2206.184068 43.659202
-3400.013710 -2115.247505 51.102805
-2667.644202 -1623.732393 -37.059337
-3303.300931 -2041.629193 39.528311
-3217.879857 -1956.590055 -48.433030
-3041.933191 -1850.806347 -46.523974
-2914.627642 -1800.059513 33.039351
-2844.676391 -1853.278523 -26.544943
-3694.290634 -2308.408312 57.449918
-3367.922719 -2151.620389 68.992617
-2591.579303 -1615.072180 40.666842
-3330.686914 -2105.592675 57.688248
-2226.295624 -1403.689912 33.067022
-2563.498779 -1615.320556 -59.973217
-2404.504704 -1518.588649 22.118731
-3097.381335 -1952.403775 -73.781350
-2664.261066 -1681.307951 24.248225
-3822.881839 -2480.608670 67.547405
-2923.582552 -1777.461474 -11.251940
-2358.193823 -1433.630221 -8.944078
-2639.127139 -1681.639750 11.366453
-3708.402287 -2345.906466 52.016906
-3502.622525 -2378.059718 4.488140
-3303.665501 -2125.684967 66.192772
-2584.399527 -1643.118029 49.877105
-2676.370254 -1718.328876 54.689130
-2847.305598 -1840.958436 -46.710730
-3033.270837 -1854.577507 8.218138
-2434.967372 -1498.241352 21.215109
-2424.979686 -1514.039972 -70.734560
-2324.716317 -1489.427332 -40.905168
-2424.814734 -1536.938411 50.416277
-2590.244686 -1600.263379 33.535062
-3328.652415 -2111.845930 66.018048
-2458.545948 -1537.373608 44.526827
-2598.165162 -1613.989655 37.698774
-3881.231889 -2477.496047 83.448643
-2907.166763 -1842.307574 54.225078
-3759.935951 -2310.553930 37.327307
-2999.291646 -1866.965126 50.371381
-2822.791300 -1760.487194 48.456703
-3195.109006 -1995.017218 54.884814
-3391.318129 -2113.539612 56.676002
-3209.804549 -1972.138064 31.679954
-3458.098467 -2124.561644 13.644357
-2711.009677 -1800.169301 -16.390964
-2352.521774 -1561.732477 -13.989123
-3049.023618 -1858.900849 -15.606554
-2354.011003 -1563.270801 -14.575482
-3265.575416 -2169.503177 -20.212711
-3279.844201 -2106.769072 -5.577729
-3278.584935 -2109.579918 -13.670820
-2911.418243 -1871.522947 -6.239827
-3265.721601 -2170.399313 -19.570449
-3143.926384 -1914.238085 -2.909650
-3099.689699 -2008.724843 61.150172
-2982.755325 -1920.204627 62.998189
-2914.606317 -1963.623593 -50.044094
-3346.070777 -2186.255065 50.119452
-2654.806460 -1789.103180 -45.078220
-2686.077688 -1671.143386 41.937134
-3173.904270 -2009.573507 63.039147
-3244.918276 -1986.865004 10.423484
-3309.161263 -2033.991780 29.058589
-3176.088157 -2011.314405 63.187235
-3433.552679 -2271.107855 53.076738
-2868.651284 -1773.433487 38.654965
-3129.994730 -1982.170935 61.590714
-3207.631411 -1951.149333 -10.949174
-3251.767982 -1976.415582 -55.561505
-3409.142454 -2070.615339 -11.851324
-2610.822519 -1587.695169 -8.753740
-2718.972523 -1675.370365 32.623292
-2774.043477 -1682.951432 -41.271053
-2926.889049 -1940.160842 46.086215
-3270.731991 -2012.873774 32.900685
-2348.339805 -1552.860985 35.816067
-3696.872069 -2349.548165 67.425788
-3563.907512 -2296.678288 -53.073262
-2385.168524 -1546.592061 46.113781
-2472.091698 -1566.074651 39.991222
-3255.369682 -2115.856408 -27.319019
-3058.754681 -1878.820248 5.489923
-3418.544227 -2171.858457 65.552981
-2887.903540 -1824.634034 52.163122
-3242.223179 -2014.471400 46.119906
-3108.085241 -2023.701288 -22.861866
-2910.479260 -1982.217151 -15.892205
-2432.859770 -1658.000168 -26.463747
-3256.039935 -2211.390693 -16.957097
-2655.662255 -1804.136674 -13.633094
-2496.402322 -1625.424115 -41.997360
-2709.544102 -1764.156303 -45.565419
-2493.319563 -1623.593363 -41.461874
-2707.769512 -1762.365553 -45.606289
-2366.904240 -1561.177231 -14.850290
-3141.258430 -2071.489103 -19.394192
-3543.012167 -2270.388828 -91.443143
-2412.547567 -1546.315496 35.933026
-2924.863136 -1922.944110 -28.083929
-3109.574975 -1989.248178 52.522042
-2494.256335 -1615.880863 -65.674092
-2590.157156 -1613.200106 -16.892436
-2589.006666 -1757.052396 -13.232019
-3343.628573 -2189.590475 -124.544627
-3494.580489 -2272.057376 27.574638
-2907.989733 -1951.597592 -16.081721
-3396.843737 -2188.840556 -2.301017
-2845.835174 -1918.761391 5.711261
-3393.012174 -2284.679309 3.864676
-3407.341000 -2320.291734 -73.940851
-2554.511081 -1710.112547 -28.641391
-2306.479862 -1461.979814 -76.728626
-3751.048786 -2286.420995 -53.456967
-3010.584462 -1941.573570 -56.874251
-3383.624373 -2140.292360 -38.727884
-2664.305589 -1713.648020 4.671120
-2912.795832 -1850.281127 13.025184
-3431.437116 -2162.893634 -130.591245
-3335.312979 -2272.051222 -12.085904
-3540.870832 -2225.520929 12.321418
-2547.798906 -1614.437987 -23.250101
-3665.123449 -2343.732783 -64.212677
-3124.927679 -1980.787212 -28.523160
-2651.857496 -1784.946982 2.013261
-2585.603952 -1761.836525 -12.627222
-2773.300725 -1887.107769 1.377235
-2862.589270 -1890.567739 -69.727327
-2407.909147 -1498.409692 24.186687
-2547.166956 -1658.579951 -36.644705
-2348.798484 -1597.154510 2.872157
-2956.570130 -2013.281053 -38.028156
-3476.723181 -2369.297529 -17.211772
-2502.362870 -1632.608278 41.281006
-3391.798234 -2239.837153 -121.947801
-3920.246805 -2418.606630 14.111239
-3381.774251 -2281.588459 7.598065
-2545.538529 -1617.181929 -75.801389
-2439.545274 -1583.141714 -73.011922
-2461.412388 -1553.033074 -96.292050
-2750.711515 -1786.425238 38.879456
-3667.602745 -2500.677605 -57.138265
-2575.745458 -1736.694627 -76.032051
-3426.692007 -2299.727030 24.011934
-3677.681718 -2482.555456 -108.493780
-2424.994082 -1625.416363 15.427449
-3686.584861 -2473.483993 26.671221
-3179.082401 -2099.627727 -9.222163
-3695.420956 -2254.467538 -7.301275
-2835.966396 -1755.812769 7.327336
-2579.766980 -1663.621896 -17.784682
-2915.978105 -1879.187877 -15.992265
-3222.480971 -2176.302112 -101.670662
-2988.546812 -1931.224795 53.965630
-3046.579970 -1952.912633 -28.903835
-3726.787587 -2406.844900 -64.701953
-3448.695905 -2211.289829 -32.959355
-2659.588080 -1756.782576 30.306751
-2688.221707 -1719.930041 -34.188947
-2452.777411 -1654.241342 4.098233
-2896.621668 -1889.978935 48.198836
-3160.139340 -2062.230204 52.800661
-3251.910542 -1975.843572 -45.545642
-2147.816734 -1447.154062 -64.339833
-3768.997387 -2482.944189 -81.049199
-3205.806716 -2107.214719 -31.138943
-2528.642289 -1647.228135 -18.408746
-3528.574374 -2223.581744 -133.731155
-3149.402210 -2052.634068 47.866711
-2749.447279 -1787.249491 -38.547967
-3447.588472 -2216.072396 -44.367448
-3781.729443 -2294.427112 -55.090164
-2857.249133 -1814.945519 17.355830
-2713.533565 -1794.005798 -104.850641
-3060.184744 -1865.573703 -42.607354
-2932.035404 -1846.434889 23.330736
-2745.993789 -1722.436772 50.004370
-2513.743558 -1577.382150 45.865046
-3721.057352 -2446.625627 59.538555
-2568.531224 -1613.461082 48.109697
-2748.364097 -1721.503136 48.923509
-3595.219250 -2395.100619 63.399946
-3180.979899 -2020.598384 67.914118
-2698.558412 -1712.925879 56.864576
-2510.040045 -1635.926189 54.361841
-2262.693877 -1538.129416 7.295003
-3697.996521 -2467.219156 64.630785
-3219.764390 -2140.232887 48.814390
-3547.727503 -2332.939995 55.935096
-3220.932086 -2140.288787 48.469885
-3389.266180 -2197.428299 72.416263
-2990.175623 -1922.527033 68.773999
-3319.288404 -2125.725843 74.998517
-2722.642332 -1730.374787 57.724848
-2478.807811 -1579.484797 53.580280
-2554.316263 -1684.016900 -16.545283
-2951.345654 -1905.732433 -41.315841
-2485.309781 -1560.523812 31.625693
-2518.639704 -1593.026050 38.328518
-1953.027304 -1321.092080 -14.829787
-3149.309743 -2069.669191 -26.618483
-2652.766664 -1779.733892 -14.077077
-3504.431054 -2246.631842 -91.655296
-3324.224166 -2209.622219 -8.363127
-2544.307038 -1548.413210 -8.987771
-3420.036484 -2079.632648 -48.055443
-2925.102513 -1994.544689 -15.119455
-3243.621840 -2133.948781 47.821287
-2466.804569 -1592.337527 47.716133
-2680.440524 -1762.150677 39.776942
-3731.584010 -2456.405004 54.827923
-2425.536310 -1595.538741 37.027563
-3540.977716 -2370.317562 49.273665
-2596.021316 -1709.363534 38.580282
-2970.748405 -1954.198205 41.453260
-3505.115295 -2197.322002 55.250519
-3066.234533 -1937.436989 47.200957
-3105.921195 -2040.716902 39.384856
-3862.755040 -2436.366834 66.872780
-3914.166304 -2399.219459 14.571784
-2363.328773 -1492.507104 36.807474
-3447.897022 -2264.739509 42.153215
-2603.055619 -1710.703845 33.307344
-3589.101935 -2306.100145 -47.702500
-3485.038220 -2176.685389 57.065995
-3055.044444 -2022.248781 45.962037
-2435.979085 -1556.820337 49.411760
-2454.408489 -1532.611400 40.079107
-2992.660174 -2038.183556 -37.874485
-3180.435723 -2020.830232 15.648051
-3068.226793 -2082.680146 5.141681
-3658.293604 -2483.448331 6.109664
-3009.694638 -1977.525497 -24.711772
-3307.001602 -2201.482071 -78.857830
-3012.572394 -1906.651162 46.833017
-2590.732410 -1638.656051 41.043525
-2435.631451 -1529.804635 42.206973
-3600.590386 -2461.431108 -45.980514
-3500.510964 -2377.817318 5.848354
-3318.113524 -2228.455663 44.431145
-2905.692041 -1951.668394 41.390447
-3899.897231 -2535.806480 78.494233
-3417.667831 -2188.696582 70.921068
-3041.703405 -2002.550484 47.333605
-2812.217626 -1779.816514 40.399751
-3445.205812 -2240.320921 70.032513
-3262.088182 -2126.224658 -34.790881
-2522.079270 -1626.388927 47.893317
-2717.369113 -1853.034421 2.870839
-3555.268703 -2214.226196 52.125919
-3487.956425 -2266.280949 -32.370645
-2361.938651 -1472.946590 42.182669
-3765.323321 -2507.285087 65.302423
-2433.465480 -1543.250079 53.141152
-3235.104847 -2047.626838 70.988783
-3771.856238 -2363.828606 72.232166
-2395.525663 -1547.279600 52.855205
-2816.038245 -1763.616017 52.115084
-2482.156415 -1687.512609 5.893768
-3221.235587 -2055.282940 69.860275
-2639.486481 -1685.427098 58.026173
-2399.270319 -1560.488637 51.773611
-2809.154979 -1821.175130 -29.780393
-2242.226220 -1521.622112 4.417646
-3622.282345 -2389.041710 -20.476886
-3055.264897 -1890.153384 -94.686630
-3050.500029 -1944.280425 34.573344
-2943.525959 -1897.431875 64.440205
-2978.965209 -1874.400336 51.655776
-3903.456837 -2543.195658 69.659877
-2744.389031 -1691.007464 5.267564
-3606.987236 -2324.189319 -59.740399
-3373.652339 -2278.830234 26.180839
-3729.024781 -2416.943976 -33.077259
-2535.977450 -1609.321618 45.629815
-3144.654412 -1918.540504 3.634473
-3303.827344 -2076.967890 56.983461
-3460.399437 -2178.179268 60.660638
-3357.908801 -2122.208956 -139.235362
-3543.511073 -2371.496111 47.308091
-2796.017582 -1767.836552 -51.632994
-3213.095619 -2057.831713 1.332486
-2563.390154 -1571.085191 -18.391052
-2651.663545 -1797.631581 -25.556281
-3211.934738 -2040.094162 -22.684728
-2074.292064 -1410.825845 -32.136214
-2503.209621 -1581.668019 -58.233861
-3849.190751 -2495.882284 -66.200291
-2721.346334 -1835.070122 -9.702096
-3139.387328 -1994.046057 -22.869552
-3059.813022 -1943.893142 -22.580450
-3412.294449 -2147.132432 -105.594570
-2786.369423 -1751.318915 -2.075900
-2817.722906 -1847.995833 -108.433941
-2999.973945 -1967.863995 -115.204152
-3063.525140 -1924.766095 -61.147757
-2495.628228 -1568.823357 -50.498958
-2668.963324 -1756.584989 -98.801859
-2956.518486 -1896.613877 -7.829352
-3511.946529 -2323.509106 22.347579
-2475.421220 -1553.829362 -1.327393
-3353.945449 -2110.095588 -122.418151
-3183.836148 -2001.405615 -64.606402
-3424.133024 -2316.780249 -89.055790
-3507.060725 -2230.756431 -74.110219
-3545.283041 -2369.247889 -69.836762
-2686.746241 -1763.622572 -46.083217
-3223.633630 -2027.666014 -100.183077
-2597.576039 -1649.196578 -100.709488
-2658.708748 -1681.452202 -47.944796
-2855.683091 -1931.334186 -65.432653
-2471.893560 -1659.015024 -37.855994
-3410.963038 -2289.402860 -52.686752
-2416.358209 -1605.379515 -17.009765
-3595.033998 -2337.128172 -80.748439
-2449.334048 -1528.234667 -32.519279
-2613.601019 -1630.538439 -35.080577
-2496.733710 -1622.616839 -56.907533
-3863.383959 -2509.602830 -84.754855
-3121.303874 -1977.559790 -77.295447
-2663.336339 -1675.177879 -2.199770
-2906.792900 -1865.393446 -8.388269
-3545.008647 -2332.149874 -101.035159
-3278.304479 -2106.500372 -55.210482
-3255.001841 -2021.178339 -29.807171
-3160.322935 -1962.524535 -29.880258
-3051.010895 -2056.036116 -36.258800
-2356.458845 -1463.466567 -21.592755
-2356.347475 -1463.448588 -22.253821
-3614.146576 -2213.733048 -20.219213
-2652.268180 -1647.317064 -26.359990
-3611.995181 -2314.508126 -110.319036
-3526.284910 -2190.780612 -31.857247
-3199.520241 -2087.877644 -94.250166
-3252.405408 -2019.532003 -29.222789
-2678.445402 -1760.725362 -69.018290
-2137.148362 -1404.257866 -53.203138
-2621.209387 -1777.538349 -63.719181
-3101.400390 -2103.830751 -73.935515
-2948.352573 -2000.737903 -71.674058
-3852.177396 -2566.974432 43.352139
-3183.794640 -2122.546718 25.709380
-2965.480546 -1855.343554 32.516948
-3615.658645 -2418.167579 35.890072
-2894.534080 -1930.626260 30.316416
-2893.279458 -1929.804505 30.373760
-3838.609538 -2535.137493 -102.228617
-2951.026705 -1857.274102 -118.518537
-3072.957094 -2054.950413 26.679475
-2426.315998 -1527.618505 -97.790021
-2253.841827 -1507.724109 23.077508
-3137.567386 -2039.278800 -75.590451
-3029.060509 -2016.288155 -92.146798
-2669.874992 -1777.627259 -80.031159
-2844.963805 -1812.920707 -88.465610
-2627.731917 -1686.853738 -111.014409
-2676.771540 -1760.303115 -68.930102
-3884.102105 -2402.034683 -102.227087
-3197.234693 -2037.746904 -95.321510
-2871.088985 -1888.399540 -82.113707
-2584.886512 -1654.812464 -79.159908
-2840.435661 -1851.632643 -80.463730
-3774.709470 -2416.765351 -115.814339
-2954.762474 -1929.746470 -84.433445
-3504.139687 -2244.721598 -113.989727
-2077.584256 -1383.628313 23.233407
-2904.208846 -1860.444913 -94.353512
-2659.764576 -1674.808624 -102.914985
-2824.965995 -1766.720498 31.479729
-2938.204328 -1916.004298 -82.915715
-3882.896890 -2407.052466 -97.656315
-3857.357782 -2568.298891 31.775913
-3379.334327 -2151.530075 -105.699128
-3147.563524 -1970.434443 -73.227514
-3149.930363 -2006.274497 -74.332110
-2834.033961 -1888.173848 -85.874940
-2960.328891 -1941.013415 -89.860496
-3278.939434 -2117.813849 -89.221588
-2856.871469 -1874.734908 -93.341973
-2858.652886 -1876.011200 -86.853014
-3183.777055 -2023.752096 -105.632776
-3587.141370 -2280.238917 -118.225884
-3777.844875 -2479.752438 -124.728174
-2809.616393 -1845.677296 -94.682461
-2857.193370 -1877.643300 -91.154975
-3269.599808 -2110.848867 -89.643152
-3734.312232 -2370.254124 49.084250
-3141.328464 -2027.843474 -85.400000
-3135.567276 -2021.654278 -73.756046
-3752.235881 -2477.052256 -114.231389
-2990.286397 -1992.426916 -91.309489
-3844.142881 -2538.180591 -112.951249
-3161.490543 -2107.852274 -97.093853
-3426.078538 -2151.837395 39.121556
-2947.083139 -1973.009637 -97.662745
-3420.909995 -2176.473456 -108.547658
-2693.295287 -1791.303748 27.099172
-3700.537956 -2404.347826 -86.840242
-3579.586969 -2380.420518 35.335982
-2692.520411 -1694.770256 -62.493263
-2837.719180 -1787.529249 -73.033616
-3363.066964 -2212.823089 35.678102
-2385.331218 -1503.712863 -61.204371
-2587.042113 -1680.187384 -71.847147
-3716.871833 -2348.629456 -103.098609
-2735.314947 -1728.803632 -75.794840
-3279.231056 -2181.950282 32.625212
-3383.114581 -2138.452577 -94.125671
-3564.940930 -2312.722149 -114.818253
-3348.570502 -2185.656254 40.376611
-2521.910189 -1645.519308 -73.736316
-2969.254418 -1924.691266 28.026359
-3445.097297 -2232.625779 33.022052
-3184.496495 -2027.192527 -99.932389
-3624.123963 -2364.808224 -107.514617
-3504.460229 -2270.033968 35.123138
-3420.612800 -2176.545663 -108.447591
-2742.628168 -1733.773218 -73.771572
-3261.405726 -2162.737505 -92.971148
-2404.105378 -1632.498103 -48.630910
-2461.727683 -1670.254482 -47.148841
-2787.166584 -1871.824635 -55.329679
-3856.251597 -2587.651182 -75.193086
-2518.323832 -1679.503915 -56.730337
-3708.064262 -2472.139478 -87.419221
-3052.962347 -2029.518204 -57.677505
-3053.911679 -2030.069312 -57.708980
-2915.125699 -1937.764458 -65.040450
-2180.108230 -1448.626650 -41.137923
-2179.570664 -1448.235934 -41.164972
-2723.194929 -1809.057151 -50.954654
-2462.405047 -1635.779057 -46.902820
-2636.540978 -1749.023580 -61.860327
-3241.065501 -2143.137023 -65.451180
-2719.780996 -1797.358802 -54.439111
-2983.539894 -1970.784865 -64.341154
-3872.441388 -2455.868174 -146.312115
-2329.006218 -1530.431961 -50.130336
-2927.344261 -1971.839994 -4.358413
-2487.852208 -1675.718797 -2.884265
-2649.880157 -1784.338489 -4.488027
-2707.043907 -1775.549639 6.277725
-3506.184205 -2299.804265 7.985259
-3076.650763 -1895.493481 -47.541143
-2935.554086 -1930.774544 -1.076776
-2969.561884 -1955.271677 -4.464492
-2968.624586 -1954.660933 -4.354640
-3556.172280 -2341.584816 -5.224776
-2394.630647 -1585.239936 4.580349
-3873.951850 -2567.795105 -3.906295
-3183.393667 -2110.262347 4.105120
-3320.378708 -2215.404180 -8.136797
-3446.819709 -2300.655263 -8.116446
-2702.033068 -1691.387272 -77.510740
-3133.024183 -1962.615341 -90.113258
-3222.520508 -2018.885421 -92.428147
-3144.883525 -1973.410336 -96.615504
-2527.563086 -1586.519036 -78.602655
-2585.798900 -1586.880050 -41.846521
-3009.418482 -1973.748015 7.477974
-2932.273768 -1923.023763 -54.699689
-3265.094561 -2093.159561 -60.811496
-3566.511093 -2285.654882 -75.372430
-2578.658069 -1651.978923 -55.261889
-2710.599907 -1735.839461 -60.816740
-2508.166249 -1605.911106 -56.055912
-3631.225731 -2324.832032 -82.059364
-3420.893392 -2187.813654 -77.180998
-3040.775328 -1926.762476 -114.820442
-2324.590308 -1483.198162 -49.799236
-3766.639658 -2395.681147 -80.403019
-2578.626203 -1627.953423 -51.670036
-2437.103940 -1588.177875 -102.961746
-2575.147558 -1678.136023 -111.277496
-3651.620163 -2379.312756 -154.681212
-2810.588698 -1763.508685 -59.303650
-2298.204446 -1440.908981 -48.766535
-2842.101257 -1850.902066 -122.238613
-3694.070341 -2313.261674 -85.418504
-2269.733427 -1455.857732 -43.662862
-2998.612602 -1958.808148 -65.941602
-2864.649540 -1869.414889 -53.654361
-3300.435939 -2042.317874 23.804165
-2941.993431 -1821.599094 21.703159
-2806.323734 -1821.751257 -60.366549
-2732.369521 -1773.346199 -59.970518
-2897.178410 -1878.750990 -57.704986
-3252.626291 -2108.096622 -61.185687
-2746.439627 -1775.163782 -58.194191
-2682.301438 -1732.540207 -56.896240
-2534.228164 -1577.867037 13.979135
-3850.064881 -2397.143786 21.351440
-3292.539837 -2050.421382 23.838270
-3593.990475 -2238.894122 9.443431
-2551.181091 -1645.137262 -59.574562
-3595.188534 -2240.724420 9.405283
-2688.209978 -1724.928233 -51.390140
-3723.814761 -2389.308645 -70.192946
-3608.568062 -2339.850728 -68.018414
-2977.558971 -1946.324485 4.155077
-2478.574778 -1620.102763 2.603360
-3193.040510 -2086.771529 3.470736
-3378.279036 -2093.755557 -31.455916
-3125.954769 -1937.265582 -24.144754
-3938.485353 -2460.103747 -27.201396
-3422.919459 -2139.037444 -17.696385
-3838.589359 -2368.930105 -38.067756
-2465.219127 -1506.697429 -21.878102
-3603.042012 -2362.112168 -138.091611
-3385.431994 -2150.808900 -23.558879
-2961.721799 -1960.847439 -105.111118
-3044.008504 -2015.907340 -110.619857
-3021.793015 -2001.460624 -110.939555
-2697.331549 -1794.309199 -97.679248
-3128.117512 -2023.610609 -10.532145
-3785.320477 -2482.246371 -24.611306
-3930.772762 -2437.419882 -31.433499
-3376.039054 -2108.694015 -17.092038
-2479.698947 -1548.744663 -17.828904
-2601.360834 -1739.419877 -25.237085
-3710.085151 -2489.302692 -30.256892
-3845.233746 -2590.415534 -46.368878
-2321.487397 -1485.441671 -23.421817
-3794.785032 -2402.432494 -38.296025
-3191.221070 -2020.284002 -32.498500
-2934.709910 -1847.922055 -25.087239
-2883.672702 -1812.721718 -34.044898
-3078.355549 -1895.523104 -12.754196
-3078.892397 -1896.579630 -12.370229
-2408.649127 -1490.666422 -12.295986
-3733.227765 -2312.509102 -19.262902
-2575.880677 -1597.095870 -19.818759
-3000.912309 -1868.669462 -23.633986
-2603.803611 -1625.759470 -19.248732
-3078.921369 -2014.468110 -40.359781
-2686.835581 -1757.612610 -35.129929
-2862.515535 -1795.279431 4.177442
-2484.789377 -1559.515407 -0.099296
-2489.811313 -1563.160928 -1.367577
-3752.602804 -2356.512036 -1.274106
-3485.451733 -2226.662555 -47.936316
-3478.172807 -2221.850263 -47.646606
-2873.444343 -1826.999189 -50.498259
-2867.693304 -1804.833089 -41.653525
-3709.270872 -2400.075318 -8.491182
-2491.098342 -1631.130119 -40.727818
-2653.501301 -1656.572713 -42.709690
-2413.574854 -1566.181644 6.051392
-3396.694534 -2190.117883 -126.888582
-2573.900180 -1658.990017 -96.103206
-2469.165255 -1539.932304 -76.594213
-3357.076070 -2163.532570 -126.078621
-3730.145231 -2403.338062 -140.214304
-3015.344070 -1942.048393 -113.408042
-3286.880910 -2104.675692 -112.728044
-3698.044522 -2411.022861 -8.893375
-3208.378327 -2081.242397 3.261697
-3432.895966 -2299.649342 -23.796594
-3414.744258 -2286.811793 -58.174302
-3359.044989 -2249.437666 -58.724540
-2942.525468 -1975.372707 -8.677959
-3545.379737 -2373.648813 -62.669692
-3281.734140 -2184.638899 -52.570496
-3637.950399 -2410.780347 -61.546593
-3369.564769 -2226.330745 -52.515447
-2583.804487 -1706.514385 -41.352935
-3576.719632 -2360.701187 -57.375365
-3206.735767 -2116.301010 -43.566067
-2918.775938 -1925.255050 -39.182371
-2484.711496 -1638.418297 -40.321159
-2837.919827 -1864.976891 -50.168199
-2284.150692 -1512.287429 -35.139858
-3228.429241 -2100.943329 -139.203482
-3875.735762 -2561.320987 24.395940
-3009.626570 -1955.768427 12.950838
-3357.192828 -2110.702736 -120.065806
-3707.068005 -2330.205706 -131.674350
-2398.398545 -1507.031350 -88.001671
-2458.833543 -1544.288107 -92.180657
-2523.865960 -1578.519551 -87.092113
-2756.067484 -1787.297481 -119.274868
-2753.947941 -1785.963491 -119.166005
-3545.992057 -2285.154469 -144.448024
-2414.640299 -1490.287435 -48.862011
-3790.029316 -2339.879845 -70.573215
-2576.644437 -1590.866307 -47.821346
-2255.772941 -1464.595475 -93.272570
-2158.509528 -1402.351219 -89.192446
-2796.275737 -1793.643288 10.409104
-2976.999629 -1844.534209 -61.350292
-3514.044665 -2177.380107 -72.096773
-3700.652021 -2293.856888 -77.257887
-2619.862364 -1625.662615 -55.809118
-2453.648126 -1594.543205 12.415477
-2660.834159 -1764.989418 -73.398636
-2143.720675 -1431.500403 7.450791
-3771.267619 -2514.813452 13.359070
-3145.382806 -2119.704548 -80.309410
-3169.612345 -2136.618180 -82.727908
-2494.843081 -1651.301949 15.733049
-2651.995240 -1673.593963 -80.039108
-3618.045594 -2394.464846 22.876227
-2461.711042 -1664.902708 -62.731026
-3193.768973 -2014.542693 -96.670400
-2611.027730 -1768.742930 -67.088296
-2609.970711 -1768.476406 -66.950858
-3326.557764 -2199.758781 21.136106
-2590.088411 -1712.734550 16.122337
-3547.230786 -2343.470733 22.280921
-3879.168477 -2562.458640 24.792357
-2631.707934 -1754.681666 -66.509599
-2523.958445 -1682.524494 -64.484465
-2932.208147 -1927.684650 9.787355
-2932.757852 -1927.235111 10.596020
-3521.597523 -2271.064248 -143.117222
-2475.094091 -1625.642722 8.098671
-3586.418045 -2352.346373 9.418682
-3581.172550 -2321.148433 -154.329098
-3450.015081 -2242.625288 16.056943
-3574.245827 -2370.295358 -100.170543
-2496.333973 -1666.452468 9.640708
-2691.003338 -1680.550059 -56.917001
-3148.162755 -1968.057710 -69.971089
-2408.097125 -1550.947334 -97.326570
-3090.202177 -1928.376751 -66.083613
-2623.425678 -1638.760430 -54.151069
-2432.810464 -1518.777590 -51.442733
-3534.408876 -2195.758779 -79.428632
-3754.995508 -2311.116035 -54.277395
-3028.083899 -1970.095038 -75.227780
-3347.847148 -2131.989073 -33.735992
-2753.140248 -1709.808387 11.137929
-3457.067979 -2306.965132 -98.798908
-3377.682487 -2111.582438 24.858691
-2920.699817 -1821.072057 -91.063513
-2512.895699 -1634.332508 -62.353562
-3235.524381 -2044.337826 -23.380597
-3185.043083 -2012.852954 -23.263094
-2886.237192 -1886.144815 -37.194580
-2253.552661 -1462.980970 -93.347303
-3322.116154 -2066.120529 17.863846
-3710.735813 -2352.344969 -61.282276
-3125.322655 -2032.514473 -76.051394
-3408.490971 -2254.373954 26.009447
-2772.581101 -1731.390713 -43.506622
-3014.536324 -1960.573584 19.785539
-3113.341446 -2066.152858 -89.810889
-3410.162726 -2280.427163 -33.494994
-2495.424226 -1675.453717 -37.657433
-3233.686870 -2174.983020 -51.205333
-2499.959541 -1561.236258 -74.860996
-3572.743157 -2370.127349 -102.753472
-3064.039939 -2011.778427 -10.400989
-3551.803791 -2240.281046 -72.411522
-2252.753102 -1411.329553 -47.517603
-2157.934218 -1417.594787 -65.639394
-2397.739192 -1588.717853 1.986018
-2888.570748 -1781.789026 -80.627609
-2812.041458 -1848.587867 -94.748846
-2407.346985 -1494.669519 15.273948
-2393.460211 -1512.418037 -23.538433
-2882.536777 -1943.457601 -11.356186
-2714.670221 -1798.460416 -100.370885
-3232.501938 -2046.332418 -114.015428
-2868.296229 -1768.819996 -80.141014
-2910.820714 -1928.291905 -45.898807
-2762.275006 -1768.489122 9.731118
-2997.153041 -1919.087639 10.599396
-2998.847153 -1920.131615 10.855290
-3447.837595 -2207.765125 -106.760627
-3050.222741 -2034.311322 -72.199193
-3448.770928 -2208.330732 -106.713733
-2713.465193 -1793.861460 -44.470110
-3037.984993 -1934.777317 32.607935
-3144.746872 -1987.286448 -115.308182
-3311.394621 -2112.581189 23.925473
-3207.744936 -2119.749255 -52.621803
-3426.381287 -2179.844024 37.215220
-3002.855313 -1952.829499 -8.678801
-2375.906780 -1544.781789 -7.576111
-3155.735424 -2001.514174 -121.452161
-2897.361363 -1841.846706 30.428265
-3023.037633 -1921.860968 31.294517
-3167.426306 -2020.712806 -125.881179
-2902.336742 -1833.054755 23.537005
-2467.021039 -1547.463954 -22.293769
-3754.330332 -2333.416416 -34.501989
-3805.097821 -2578.864670 -71.515301
-2674.222169 -1691.469896 -26.386556
-2825.774986 -1842.049621 -120.228205
-2734.453056 -1782.575340 -116.895543
-3714.345509 -2376.900685 12.199812
-3165.212657 -1946.279374 -9.241505
-3095.003056 -1902.919126 -8.826339
-2744.186313 -1752.492931 27.437096
-2966.087456 -1861.557664 -25.165898
-3159.102785 -2136.550424 -64.287287
-2742.521839 -1785.210425 9.746013
-3265.166731 -2194.707232 2.049632
-2683.208962 -1787.303226 -61.055244
-3253.069638 -2128.024413 -51.390779
-3424.257269 -2181.759723 29.091454
-2870.577386 -1918.618060 -69.953872
-2652.534301 -1739.998484 -43.572791
-3097.371933 -1970.438479 -15.298843
-3567.893480 -2269.811835 -18.236416
-3582.427851 -2281.559670 31.752782
-2627.432356 -1736.059218 -43.000069
-3530.982622 -2360.922913 -86.360644
-2644.411445 -1757.751360 -97.649207
-3031.138608 -2015.012186 -111.864426
-3688.298760 -2452.258161 -136.872714
-2620.805632 -1742.899046 -97.594958
-2529.533851 -1644.284046 -8.312463
-2320.768342 -1439.808347 -74.226026
-3158.052564 -1959.166668 -100.151268
-3111.592672 -2055.962605 -50.969076
-3540.840906 -2221.989068 0.436266
-2382.155532 -1562.173903 6.449888
-2602.291533 -1708.749536 8.636049
-2602.310061 -1708.824538 8.585351
-2893.668657 -1910.833414 -86.803190
-3137.710648 -1966.028423 -72.522056
-3206.601712 -2052.513183 3.728082
-3831.382273 -2424.217831 -7.585228
-2655.166966 -1679.783779 -5.006786
-2653.823801 -1678.914219 -5.029302
-2599.239291 -1642.165175 3.303481
-2592.671943 -1628.011933 0.447231
-3716.648284 -2333.269704 0.691424
-2267.300329 -1422.906398 0.659421
-2749.162047 -1725.204706 3.909640
-2537.647664 -1609.793663 1.480730
-2576.731044 -1671.351723 -73.477077
-2849.855645 -1895.228393 30.838215
-3188.065260 -2021.266785 -121.281405
-3594.692318 -2391.159743 37.839166
-3612.625644 -2297.674039 -115.668898
-3690.428161 -2303.098947 -89.609013
-2744.561229 -1707.624608 10.232017
-3710.588850 -2477.534491 33.782173
-3578.659562 -2379.938234 36.403004
-2824.288182 -1744.656544 -57.423888
-2741.670395 -1724.747140 -63.008247
-2690.311660 -1796.351601 24.182146
-3438.898350 -2180.508184 -130.666124
-3133.088821 -2019.050124 -126.629158
-3393.281634 -2188.953631 -80.677661
-3783.300126 -2437.451460 -152.030285
-3142.908092 -1941.639675 17.968984
-2538.259579 -1623.668608 9.158589
-2909.474634 -1830.764749 -66.530086
-2397.690153 -1557.222735 -55.162579
-2198.183577 -1469.337167 4.691433
-3161.970200 -2011.093095 -2.296025
-3326.079995 -2043.262848 -9.883797
-3866.188641 -2506.249467 18.478253
-3179.597347 -2053.084911 -74.047992
-3148.733111 -1991.657731 -7.957850
-3654.545429 -2313.396512 27.603509
-2666.995196 -1695.567546 -1.135612
-3813.069117 -2384.521539 -17.910149
-3441.046972 -2184.733523 -124.592283
-2719.288045 -1763.988973 -102.461994
-3505.083977 -2279.812524 -2.398846
-3825.632229 -2600.532053 -61.026801
-2154.337130 -1426.086520 -14.771926
-2664.258729 -1684.906681 -7.233647
-2865.030186 -1810.820579 -8.210682
-2350.935113 -1542.645623 -90.590768
-3123.848014 -1954.628327 -89.488184
-3283.976275 -2043.379626 30.638097
-3246.254783 -2036.259832 -30.844505
-3187.924291 -2089.857634 -25.773793
-3525.836738 -2237.062005 -136.733661
-3338.031071 -2119.261598 -126.356431
-3761.835009 -2546.830035 -99.383124
-3127.597083 -2126.135157 -10.151916
-2559.064024 -1573.429065 1.410542
-2962.228423 -1836.098493 -43.208186
-2804.678001 -1765.026675 -53.046528
-3619.933666 -2444.777729 -33.823648
-2692.660552 -1731.292749 -45.865305
-2718.978030 -1846.335062 -56.105007
-3674.578494 -2495.463248 -75.360423
-3672.994143 -2494.464710 -75.334095
-2666.032340 -1759.879479 -70.924092
-2932.510891 -1968.879152 5.903684
-2941.405749 -1818.637462 -27.250415
-2929.684594 -1934.179114 8.775813
-2935.019606 -1902.518937 -7.525628
-2735.817869 -1820.031105 30.750788
-3712.320046 -2450.118704 12.194243
-3031.993760 -1879.936801 -44.510186
-3583.005228 -2384.093744 40.591666
-2511.621756 -1671.238322 28.475385
-3027.122766 -1940.765722 -65.309593
-3141.406909 -1960.735707 -8.752475
-2352.202153 -1575.837634 -15.359071
-2221.770562 -1488.345237 -14.519395
-2969.443307 -1964.091411 -9.234429
-2706.827379 -1815.931687 -39.561314
-1927.694929 -1280.918894 -22.810986
-3574.756673 -2264.977492 36.243953
-3601.217853 -2392.202197 -42.055239
-3277.332732 -2120.050559 -9.460642
-3290.109950 -2131.310964 -9.337139
-2746.170330 -1714.492552 -7.546194
-3464.243895 -2287.271216 -91.604478
-2272.408522 -1471.502202 -97.277460
-2580.506724 -1610.696858 -18.502431
-2539.285669 -1703.909301 -37.093739
-2859.968650 -1906.576188 -81.925934
-3157.420564 -1967.772931 29.607311
-2652.933188 -1645.352634 -38.627861
-2712.354653 -1733.749760 -106.712938
-3909.248062 -2456.238525 -146.489989
-3042.489971 -2034.823263 -68.361326
-3847.065489 -2398.783716 36.037285
-2783.350138 -1812.144553 -108.361099
-3396.095906 -2226.877906 -129.308840
-3116.397490 -2112.021858 -79.357957
-2457.200436 -1665.320199 -62.844473
-2605.742321 -1763.210831 -69.638850
-2394.679918 -1536.763663 -11.052835
-2983.364035 -1914.662319 -13.661755
-3471.013030 -2228.488115 -15.319602
-2462.559342 -1590.232117 8.667351
-3359.399438 -2254.001998 7.598884
-3257.724189 -2111.030258 -124.980408
-2669.134297 -1677.199522 -14.599553
-2829.462440 -1795.089742 -109.212433
-2552.963530 -1569.663078 1.843322
-3491.091852 -2216.331723 -132.915427
-2748.123767 -1772.303120 -50.219317
-3820.013632 -2367.005029 -111.852996
-3171.782411 -2142.750127 -19.379645
-2948.590609 -1830.544279 -67.172817
-3317.389062 -2132.497917 -56.461925
-3737.807706 -2481.444647 -42.806425
-3884.305556 -2399.824794 -94.066838
-3637.019662 -2278.849983 -116.714779
-2592.455384 -1756.035581 -61.434460
-2591.736928 -1755.628595 -61.419949
-3441.210040 -2177.439928 -10.085952
-2367.591564 -1604.345973 -23.360565
-3301.999353 -2111.913868 -63.309738
-3494.696992 -2369.387498 -34.514002
-2574.535960 -1588.800026 -16.528648
-2918.567827 -1835.054315 -91.119464
-3378.871885 -2131.718891 -33.512532
-2870.280652 -1931.004486 -78.399979
-2945.534412 -1997.800489 -71.622953
-2305.059370 -1529.566638 6.708669
-3647.608770 -2289.575086 42.863692
-2379.266458 -1471.750867 -52.672572
-3572.814045 -2242.818935 41.210600
-3023.243442 -1865.205039 -82.623165
-3191.419471 -1966.240056 -32.248302
-3789.276898 -2449.044623 -164.355215
-3243.585514 -2042.852265 -83.651411
-2850.506897 -1869.213064 -52.427689
-3564.591920 -2239.816214 -126.314727
-3086.948173 -2081.698436 -63.173806
-3480.661073 -2264.972953 -151.344150
-2486.055455 -1561.424998 -4.717148
-3030.149523 -1876.551171 9.722514
-3141.828464 -2118.654989 -37.304173
-2717.472443 -1803.329687 7.308782
-2538.467420 -1657.779860 -33.035371
-2912.947877 -1829.490049 -29.494452
-3304.257531 -2190.567548 -122.314265
-3343.877856 -2118.475414 -116.792993
-2374.832520 -1606.163148 -63.564690
-2677.981719 -1772.282328 -98.096559
-3112.917872 -2044.117456 -88.795621
-3208.015999 -2079.543749 -140.396349
-3536.716464 -2392.731737 -93.798949
-2350.537289 -1558.312357 -86.560888
-3847.537070 -2463.546592 -149.671259
-3356.121839 -2108.643810 -119.166031
-3788.093873 -2447.560169 -164.779516
-3204.739675 -2100.860785 -57.741333
-3356.847223 -2109.152743 -119.186982
-2722.770126 -1785.543352 -66.860564
-2451.471997 -1631.337824 9.372822
-2839.518672 -1919.733800 -28.234809
-3459.231581 -2282.416157 -92.979820
-3660.272290 -2476.056302 -35.571500
-3401.115481 -2246.227132 -104.803700
-2337.804684 -1497.466558 -91.038730
-2234.773889 -1454.297463 -68.762623
-2185.438689 -1442.912757 -67.523491
-3533.679141 -2269.304172 11.046364
-3111.880671 -2078.769883 -114.880806
-2395.258019 -1482.769697 -24.207007
-3784.781197 -2322.957456 -61.126687
-3726.464445 -2415.837414 -14.454211
-3105.485161 -2024.392668 -88.519830
-3152.159682 -1963.365892 -23.853351
-2923.644201 -1789.092703 -48.587210
-2491.628074 -1523.757317 -40.997364
-2875.011751 -1791.470856 -8.358270
-2604.110403 -1635.086084 -81.548129
-3427.946397 -2189.975109 -84.834539
-3004.828867 -1864.979408 -30.653340
-2850.026847 -1854.115953 -124.147818
-3269.447784 -2041.656913 -70.429643
-2744.830121 -1787.665741 -119.576295
-3535.860994 -2260.915973 2.908934
-2678.613327 -1766.484429 -71.541242
-3103.455816 -2023.151376 -88.539375
-2502.454296 -1554.564739 9.612925
-3586.350163 -2309.097521 20.551344
-2752.331721 -1709.057798 11.040683
-3710.462512 -2315.644950 27.134253
-2742.084005 -1765.690793 15.135237
-2315.735638 -1444.696572 16.091683
-2589.902504 -1608.402982 10.310719
-3308.673211 -2232.806499 -40.249640
-2739.763313 -1759.903106 8.792830
-2536.348030 -1594.210030 -4.169675
-3141.954681 -1951.191230 12.456955
-3395.771036 -2110.876842 -81.952395
-3130.942307 -2089.078910 -78.955620
-2974.749653 -1985.754893 -75.260200
-3136.885322 -1957.851692 21.674663
-2932.992178 -1849.654279 -29.060474
-2426.080351 -1516.771381 -67.075814
-3307.193765 -2075.389114 -29.108973
-3293.051782 -2058.597636 -91.116497
-2881.233459 -1840.702488 -89.569914
-2484.229668 -1566.061836 -24.626090
-3607.867989 -2352.346995 -155.122543
-2908.359295 -1858.252658 -90.640646
-2530.556742 -1686.762746 -62.475245
-2535.645822 -1570.823229 11.796518
-3553.550335 -2253.029774 -135.889615
-2528.950393 -1678.010235 -57.541364
-3127.764728 -1995.576641 6.537366
-3412.954614 -2204.001575 -149.276910
-3362.241273 -2149.481992 10.359964
-3390.599299 -2205.859300 -102.277507
-2321.291855 -1507.052161 7.271045
-3587.419405 -2334.203119 -54.864556
-2567.805597 -1660.189839 -113.450169
-3430.763711 -2299.869717 -24.042908
-2661.558601 -1780.430297 -26.520764
-3760.570741 -2366.440838 51.216860
-3051.581370 -2003.446871 -117.507010
-3635.807158 -2329.700308 -86.101379
-2535.918679 -1566.531990 6.943178
-3058.127738 -1905.168784 -108.738124
-2738.965363 -1739.822185 -63.252274
-3158.761604 -2001.614753 -127.499405
-2862.465544 -1767.099398 -77.863307
-3486.417625 -2260.163321 32.139721
-3520.363642 -2177.272911 -53.929160
-2838.195813 -1917.679636 -41.428918
-3185.962546 -1969.303479 -49.353889
-2847.971689 -1806.028081 27.697376
-3084.931568 -1995.722535 -12.505635
-2344.026889 -1563.313468 10.356728
-3629.948512 -2326.614435 -87.248906
-3212.439510 -2130.692234 -126.858604
-3420.684104 -2314.747844 -4.711573
-2973.819834 -1889.102617 -67.829428
-2950.705083 -1854.604083 -33.092337
-2733.156749 -1736.282876 -62.576974
-2686.576323 -1706.690573 -41.333532
-2482.470950 -1604.178695 -11.191755
-3374.635779 -2142.794958 -51.417414
-2985.432586 -1967.791323 -36.398789
-3802.829390 -2461.233137 -13.319291
-2824.455858 -1911.102857 -6.816041
-2707.281151 -1700.691004 36.909191
-3787.747561 -2497.510091 -148.368605
-3153.520481 -2079.029361 -122.952913
-2844.261968 -1875.254087 -1.838779
-2843.782272 -1851.091955 -10.963162
-2405.875181 -1576.712701 -7.022812
-2511.757815 -1585.065678 -27.148804
-3489.111501 -2202.357914 -37.974877
-2577.002641 -1681.249712 -87.408196
-3225.102271 -2056.874722 -51.047008
-2964.555173 -1862.433959 -91.034318
-2739.141662 -1757.464316 8.880164
-2744.019647 -1720.531892 9.236588
-3071.569706 -1925.986370 9.560817
-3364.505038 -2117.431753 -3.141227
-2433.197840 -1530.900034 -89.550258
-2467.208518 -1640.732388 -85.411403
-2571.205989 -1583.978529 -75.121328
-3709.263306 -2308.982682 -36.865706
-3414.702042 -2271.319137 -118.738022
-2409.203774 -1524.422970 -25.977892
-2939.374958 -1829.677453 -28.587923
-2846.763001 -1753.877105 -83.244413
-3647.042586 -2248.601068 -107.381919
-2846.301972 -1812.358544 -89.037645
-2968.359191 -1891.193462 -91.946123
-2888.628778 -1841.553363 -85.268022
-2769.364754 -1706.410250 -80.040607
-3152.356697 -1955.849160 -26.828764
-2705.084751 -1766.561626 -83.528282
-3119.075736 -2035.784903 -96.766160
-2403.264168 -1568.114040 -73.098971
-3162.304746 -2063.314364 -96.582645
-2349.405679 -1527.537972 -70.290249
-3151.386525 -1954.910288 -26.619949
-2835.019996 -1885.294297 -97.445265
-3006.629299 -2014.639617 12.386727
-2487.378259 -1582.321005 -19.356257
-3476.060086 -2169.590258 -133.264284
-2549.337525 -1607.400037 -27.481339
-3264.175945 -2036.145598 -33.201054
-2496.389901 -1582.463059 -24.901753
-3010.383097 -1936.089150 -131.248246
-3722.244623 -2370.144416 -28.710245
-2674.102958 -1686.975012 -28.928176
-3266.250189 -2037.337947 -33.316853
-2584.972234 -1676.287666 -84.155378
-3565.725644 -2313.200814 -116.580187
-3388.435111 -2249.138966 -125.181630
-2466.178194 -1639.984931 -85.304306
-2576.052256 -1731.772659 -21.233020
-3394.673336 -2202.800242 -109.974054
-2984.454638 -1901.099709 -92.592630
-3384.168314 -2061.215190 -31.743873
-2852.833374 -1818.597637 -84.633527
-2386.865058 -1453.956714 -25.590384
-2800.985885 -1862.143384 -96.286293
-2380.312939 -1601.005016 -31.259279
-3344.142946 -2039.258815 -35.877284
-3419.183842 -2298.578105 -28.763489
-3392.120686 -2201.179118 -109.860432
-2688.974688 -1762.906824 -26.709919
-2708.647429 -1790.356735 -52.398187
-2693.792039 -1759.201564 -75.934555
-3116.333044 -1993.516207 -121.733158
-3627.119260 -2283.181321 40.658099
-3606.676587 -2358.071251 -54.684785
-3276.276398 -2178.095178 4.026765
-3563.595041 -2220.435288 -106.363334
-2679.037848 -1749.875760 -76.544431
-3526.013878 -2344.666302 8.900317
-3197.004194 -2018.220787 -101.080173
-3535.840584 -2356.966789 8.163379
-2829.620800 -1816.304688 -64.299446
-2574.417792 -1716.226180 5.707754
-3497.785918 -2332.764975 -8.617121
-2851.642943 -1831.596747 -63.852502
-2994.904172 -1998.607964 -6.761603
-2789.949363 -1756.879995 -4.295664
-2754.876720 -1734.955558 -4.274883
-3628.595367 -2254.989151 -55.490059
-3273.897859 -2114.147731 -118.891852
-3272.253691 -2112.928277 -118.702828
-3524.590612 -2197.515369 -133.367865
-3850.015651 -2464.418535 -146.836466
-2455.843550 -1571.385388 -93.582991
-3878.052129 -2480.641541 -149.833163
-2834.405206 -1812.748046 -110.126963
-2963.158559 -1857.120139 30.723999
-3540.299154 -2266.714419 -141.208835
-3760.548191 -2517.736005 -86.493741
-2913.166492 -1944.597570 -66.929923
-2469.457166 -1648.188978 -14.689030
-2675.886325 -1689.551472 -81.847001
-3910.774893 -2422.902607 -98.949960
-3233.743276 -2158.985939 -74.986717
-2886.316199 -1927.318248 -66.563124
-2773.694185 -1811.252651 -11.193862
-3369.794110 -2088.231402 -84.938301
-2669.256514 -1692.938691 -99.948478
-3275.085941 -2076.830762 -120.238467
-2529.831542 -1632.712537 7.818253
-2920.255064 -1976.579083 -9.866571
-2942.556540 -1993.888668 -9.499999
-3715.550219 -2419.519274 -15.245495
-2350.670086 -1530.922821 -8.392517
-2531.570594 -1696.916454 -57.483219
-2645.452708 -1708.562577 7.267729
-2729.555452 -1730.250710 -45.635198
-2325.054566 -1464.942232 -46.760683
-2704.552512 -1714.369200 -46.193185
-2305.793063 -1461.582757 -38.756095
-3320.478031 -2093.290457 -67.280091
-3892.389504 -2447.841266 -39.088612
-2648.375315 -1798.872792 -7.941314
-3685.314845 -2318.528853 -4.939050
-3115.778631 -2112.719759 -9.893245
-2496.682505 -1621.779814 -82.950715
-2761.739666 -1872.265685 -9.170948
-2723.134826 -1845.980077 -8.796008
-3310.835313 -2226.043771 -28.249327
-3177.377426 -2096.142967 -48.216176
-3482.539552 -2360.625143 -10.119333
-3209.516966 -2064.754252 18.475670
-3872.192703 -2579.955383 7.934431
-2647.496187 -1789.609803 -10.588912
-3496.976125 -2350.823125 -30.068049
-2453.899703 -1605.560433 -11.108398
-3863.463577 -2586.625531 -87.797991
-3737.801901 -2324.324249 -36.929639
-3729.242844 -2318.912965 -37.633589
-2556.062067 -1681.340012 -61.967311
-2408.957088 -1496.595227 -23.679444
-3258.207913 -2209.508612 -10.467495
-2401.680274 -1499.665519 -91.144698
-2434.843406 -1531.670754 -3.778439
-2650.924256 -1649.196999 -26.009669
-2515.296154 -1579.954835 -76.921970
-3162.671566 -2066.568475 -97.459353
-3058.314136 -1896.613964 -87.924347
-2753.956198 -1806.280079 -17.178252
-3010.398445 -1935.186725 -132.336718
-2506.728303 -1599.903612 -99.979868
-3340.722887 -2131.074302 -133.204868
-3526.380123 -2365.590937 -35.116936
-2821.350054 -1872.020111 -87.681253
-3865.097994 -2589.016824 -97.415947
-3881.088792 -2562.324783 -151.084588
-2597.161503 -1714.556621 -101.147137
-2788.597664 -1850.743402 -87.069486
-2288.934000 -1504.538882 -39.514400
-3677.950111 -2413.091980 -60.480684
-3147.843238 -2078.699883 -122.374696
-3331.526275 -2116.140788 -128.057843
-2921.101214 -1950.697964 -68.441556
-2803.008415 -1827.066825 -95.337196
-2484.431994 -1641.631481 -48.424795
-2671.256596 -1682.863811 -28.078831
-2872.355601 -1787.848563 -108.332333
-3045.190589 -1941.680679 30.013252
-3638.680285 -2259.079828 -129.889599
-2973.205597 -1889.632190 -112.774473
-2731.241101 -1735.244790 -104.244481
-3219.960615 -2141.483341 -70.139400
-2392.881891 -1593.631483 -54.105139
-2572.967239 -1584.552205 -81.288656
-2768.098577 -1778.800280 -121.309329
-3187.274455 -1982.973348 -29.411840
-3645.486306 -2270.587870 -138.795652
-3510.707852 -2165.058914 22.724572
-3372.427956 -2198.026812 -114.706887
-3347.788827 -2041.892486 -36.139621
-2935.100427 -1848.736881 -3.758868
-3753.438151 -2354.635828 2.403009
-2539.995701 -1600.350881 -2.220926
-3817.800840 -2345.391641 -38.865962
-2681.302404 -1708.535506 -43.687322
-3498.295555 -2230.719010 -139.294189
-3020.244773 -1972.682038 -94.558635
-2311.243768 -1437.213012 -21.393131
-3015.992029 -1969.780340 -94.740887
-2652.966589 -1614.305742 -31.971952
-3373.288042 -2097.540362 -31.501542
-2774.565689 -1727.769231 -106.795769
-2364.192328 -1544.045868 -74.217818
-2755.593893 -1710.223499 13.023956
-3403.198514 -2180.117883 -83.465985
-2582.596997 -1633.256353 17.537159
-2354.665064 -1539.346356 -13.626702
-2433.702904 -1592.397530 -12.125286
-2342.967863 -1453.726008 11.361795
-2649.441282 -1796.680218 -11.877626
-3201.149372 -2051.595341 3.095376
-3430.546819 -2176.790272 -134.271500
-2539.453124 -1600.486004 -27.462408
-2911.982047 -1941.376165 -19.426599
-2982.228165 -1884.112702 -95.543046
-2966.275091 -1962.735804 -7.986735
-2447.043579 -1532.314466 -35.583142
-2671.693409 -1696.567837 34.358897
-2635.171737 -1763.498218 -59.402768
-3201.538224 -1972.320924 22.250590
-2835.016833 -1745.971621 19.867969
-2664.544976 -1642.077211 18.836833
-2497.688958 -1593.464692 -59.996100
-3491.202492 -2150.821514 -110.492291
-3210.285867 -2013.791902 -129.140052
-3371.750370 -2197.832741 -115.560599
-3375.858227 -2293.573541 -9.314722
-3537.130326 -2238.697149 28.112861
-2429.355811 -1595.613554 -24.001182
-3542.417049 -2291.676417 -157.286513
-3697.660927 -2345.475563 -150.345635
-2417.860236 -1589.259132 -59.712354
-2627.315772 -1657.689449 -27.684743
-2515.588196 -1614.911511 7.337783
-3182.686184 -2129.286611 -73.746126
-2626.282668 -1657.627807 -27.940433
-3068.134189 -2030.305740 -3.386512
-2889.657512 -1823.379975 -29.998337
-2846.684458 -1869.845197 -109.451612
-2923.375099 -1793.875225 -64.210725
-3745.955445 -2517.229260 -38.007453
-3139.810169 -2063.828248 -77.046528
-3163.122134 -2098.861344 -116.439532
-2914.513090 -1843.098236 -31.417093
-2794.623738 -1810.790908 -123.580717
-2729.416776 -1794.036286 -66.165538
-2645.644537 -1628.370524 -49.735757
-2591.870796 -1669.663671 -113.852139
-2466.186296 -1621.676228 -97.270833
-2979.123246 -1958.097173 -116.856542
-3736.770843 -2303.545165 -106.917355
-3182.556371 -1962.138922 -91.948845
-2343.345280 -1526.678098 -8.181993
-2912.559928 -1796.001026 -83.455578
-3055.765916 -1879.898455 -57.367725
-2841.684850 -1851.695375 -12.845153
-2441.175748 -1562.860902 -94.911083
-3024.836302 -1966.011934 -131.461889
-3259.117832 -2120.188033 -144.413866
-3208.888644 -2079.581107 -141.315656
-2613.381990 -1692.867938 -114.938319
-3849.525602 -2464.475179 -148.221820
-3785.487782 -2429.484294 -166.262854
-3262.235147 -2093.903659 -143.421694
-3563.277064 -2324.102591 -119.957553
-3603.073622 -2230.098181 -37.112077
-2308.796954 -1464.016265 -90.690969
-3345.853944 -2175.061357 -145.922420
-3137.536986 -1961.444133 -75.263487
-3121.611710 -2033.492813 12.807919
-2772.854812 -1739.910020 -5.301631
-2349.996205 -1487.017903 -24.670070
-3399.419386 -2221.048490 -125.622884
-2269.356321 -1470.272770 -100.919680
-3513.850066 -2349.115891 -82.061613
-2708.484333 -1832.665296 -74.413922
-2456.645760 -1560.214717 -103.246290
-3024.938520 -1972.169288 -101.473790
-2616.121254 -1684.857698 -115.910882
-3374.554180 -2171.913216 -149.631154
-2637.343915 -1711.683246 -116.761241
-3566.157106 -2193.135923 -106.843808
-3258.245732 -2096.884736 -144.172370
-2644.021273 -1716.040925 -115.499724
-2744.252077 -1766.283005 15.595531
-2635.270619 -1762.812305 -66.399176
-3245.330816 -2188.731446 -39.867664
-2592.384038 -1689.935817 -113.973538
-3599.289144 -2318.066465 -159.706812
-3609.585463 -2400.245865 -34.298528
-2801.895392 -1782.017959 -115.207318
-2499.123639 -1602.216819 -111.994713
-2497.014282 -1600.538683 -111.328683
-2840.416999 -1870.596652 -111.513448
-2340.896638 -1500.416985 -105.137581
-2436.795378 -1535.290820 -25.090356
-3433.347695 -2199.145411 -151.612682
-2332.016976 -1482.082301 -95.109531
-3059.548679 -1946.475905 -124.343960
-2844.554226 -1808.122038 -116.437300
-3414.262991 -2171.325534 -137.681525
-2926.815256 -1820.501018 -109.981082
-2188.188792 -1467.149723 -16.519135
-2843.215590 -1761.886962 -81.964785
-3547.907587 -2190.554110 23.759708
-3549.090081 -2190.007404 23.358993
-2593.705392 -1600.333328 17.311479
-2800.122876 -1726.903754 19.434793
-2834.197264 -1856.555419 -9.985542
-3802.851575 -2444.350407 -168.180393
-3626.509840 -2330.622597 -160.720468
-2878.810643 -1797.378575 -113.072582
-2324.082239 -1491.309749 -102.882629
-2374.899456 -1549.295747 -102.622636
-3430.563990 -2237.230549 -19.499603
-2396.139967 -1472.564893 -71.957471
-2843.388459 -1830.152454 -126.680389
-2535.026198 -1624.734460 -60.475867
-3372.290556 -2143.817960 -35.448875
-2662.952117 -1692.510770 -27.600071
-3358.811878 -2121.600137 -105.535921
-3430.762686 -2217.943692 -14.592011
-3012.730268 -1978.976373 -115.169206
-3105.758063 -2074.727511 -2.984504
-2992.749584 -1999.113651 -3.566356
-2637.997733 -1763.127148 -1.934516
-2557.668495 -1615.504368 -48.489636
-3134.900396 -1946.275410 -83.404117
-3134.596264 -1946.145163 -83.374106
-3808.834823 -2471.716894 -64.406896
-2846.074991 -1841.763676 -44.508906
-3567.408003 -2309.016483 -53.662018
-2350.765371 -1471.732183 6.218656
-3210.963390 -2178.512598 -76.729571
-3081.352761 -1977.776179 -54.451012
-3174.036019 -2036.884776 -56.208778
-3868.067668 -2415.142247 53.559236
-2316.737329 -1449.592039 -67.275552
-2709.542617 -1782.024020 -71.324316
-2588.738917 -1701.212525 -67.858163
-3659.063263 -2423.554825 -16.452052
-3708.436083 -2387.891197 -81.128747
-3411.330524 -2276.509121 -5.167307
-3816.253722 -2477.745047 -80.314626
-2663.668448 -1709.306273 -46.645317
-2146.120772 -1456.322881 -51.565877
-3175.805069 -2038.089836 -56.194205
-3155.013958 -1937.424311 -64.102058
-2356.913835 -1541.799011 -21.385845
-3316.268802 -2233.917001 -39.283666
-3540.695110 -2317.600689 -31.343758
-2837.558033 -1822.914796 -64.709956
-2676.064818 -1721.992905 -58.184345
-3261.016064 -2090.428936 -60.341261
-2828.674069 -1815.659503 -11.291575
-3945.343143 -2462.235525 -51.314452
-2399.506087 -1505.658902 -61.184915
-2565.661960 -1651.653586 -55.379237
-3304.676885 -2154.049262 -135.902562
-3588.364628 -2287.668577 -100.704680
-2728.667594 -1809.591099 -16.705523
-2473.101347 -1677.585622 -47.278645
-2860.473037 -1867.693745 -54.280886
-2547.131262 -1561.163423 -52.312381
-2539.329205 -1693.456225 -3.216426
-2515.352897 -1645.983487 -9.801828
-3514.641104 -2180.246578 -53.076948
-2352.635216 -1548.442213 -86.609177
-2416.183676 -1591.317233 -88.514433
-3495.086399 -2168.707126 -52.500757
-2620.555255 -1745.159318 -23.849758
-2474.226785 -1638.270570 -42.343149
-2957.402345 -1889.241986 2.718504
-2522.607615 -1706.048282 -64.598400
-2482.338973 -1609.073886 -39.678408
-2675.519257 -1684.165088 -27.282931
-2673.439299 -1682.880496 -27.128183
-2796.899383 -1893.428570 -71.078023
-2811.201275 -1756.375543 -58.258234
-3054.212101 -2074.478375 -7.171884
-3735.103895 -2501.050391 -61.788055
-2481.025034 -1661.179882 -40.791753
-2991.284682 -1858.165140 -6.632426
-3325.584983 -2064.572764 -7.072545
-2112.315700 -1361.934136 -85.220233
-3344.460392 -2089.288195 11.717977
-2104.645580 -1349.002246 -83.179793
-3753.063178 -2541.609416 -3.524225
-2914.882647 -1828.874610 -90.858015
-2477.296121 -1615.599325 9.243141
-3773.064105 -2480.461447 -132.833328
-3195.397666 -1968.276624 -13.961258
-3193.842367 -1965.785600 -7.100643
-2460.736807 -1610.970579 -49.753337
-2500.479125 -1695.857510 -9.661904
-3074.073851 -2020.644073 -21.175036
-2639.159754 -1750.742070 -66.659768
-2633.193475 -1759.404780 -73.788692
-2736.248850 -1676.835112 -59.070722
-2909.103796 -1923.282146 -43.164877
-2908.849638 -1923.639605 -42.338730
-2641.749421 -1669.767609 -19.080846
-3307.817231 -2090.473324 -23.055379
-2793.863105 -1762.550851 -17.800896
-2480.728488 -1559.875019 -14.020813
-2731.618042 -1705.086779 -81.407099
-3010.437273 -1917.275755 33.052386
-3123.909864 -2018.257222 25.761512
-3456.130787 -2307.860143 -2.363415
-3625.485591 -2329.939448 -85.112029
-3019.846341 -1921.208758 33.695285
-2541.172670 -1596.901939 -0.527972
-3531.192294 -2246.117374 39.486451
-2884.677698 -1833.260682 29.552198
-2540.042503 -1596.891805 -1.513218
-2266.082561 -1400.997668 -12.519358
-2957.932577 -1888.454309 3.394948
-3230.610382 -2179.775366 -28.685941
-2659.250689 -1775.965731 22.948273
-2766.504311 -1804.994673 9.721399
-2783.074474 -1767.477903 -11.858212
-2575.260420 -1707.885040 -22.921921
-3433.162013 -2175.764964 10.279803
-3782.763006 -2474.401740 -58.943584
-2931.072665 -1918.479201 -45.791811
-2658.428646 -1668.896910 -97.679696
-2852.755845 -1867.507430 -44.722238
-2578.021744 -1732.781797 0.850099
-2527.489548 -1677.141342 -54.496232
-3813.096630 -2449.365706 -91.708666
-3785.525991 -2509.661433 -33.084183
-3500.202864 -2248.893801 -82.535115
-2541.247010 -1591.371732 2.478236
-2970.450322 -1969.388544 -27.406119
-2664.930610 -1694.708673 30.756941
-3865.659225 -2457.844792 45.154881
-2368.821131 -1532.495717 -37.491051
-3551.259796 -2215.388298 48.758176
-2739.681840 -1753.934721 51.481710
-3254.509086 -2109.735007 59.733787
-3071.835829 -2029.583856 -45.637081
-3045.310209 -1912.218667 -110.852730
-3140.538080 -1984.230827 -21.284926
-3855.960214 -2354.811496 -32.258144
-3028.762072 -2051.742138 2.247762
-3637.221251 -2291.040824 -54.097341
-3674.103018 -2357.710951 -15.932465
-3269.644287 -2099.245338 -14.014869
-3242.642129 -2013.440530 -48.637046
-3262.521301 -2091.317508 -60.312417
-2549.904586 -1580.373755 -37.582824
-3033.067175 -1879.541486 -44.835390
-3522.694024 -2365.038738 -52.424426
-3261.221765 -2159.335699 -19.066007
-2737.812986 -1752.294781 -5.041954
-3745.971003 -2364.587928 -25.317372
-2951.960052 -1825.510200 -44.015361
-2749.525777 -1793.271661 -40.660805
-2528.636986 -1650.431186 -37.312277
-2529.956542 -1651.303298 -37.217892
-2657.942775 -1684.443458 6.177132
-3426.619000 -2270.604447 -19.506178
-2517.164933 -1595.117092 6.349480
-2585.204620 -1637.859501 6.498940
-2672.398889 -1812.100865 -11.273241
-3616.946074 -2266.033598 35.973820
-3165.415511 -2026.664455 8.596411
-2876.578644 -1806.705070 -4.085402
-2313.258155 -1556.718300 -28.010945
-2405.498505 -1516.964656 -57.938566
-2962.586441 -1993.202051 -36.607124
-2641.709715 -1658.066454 -95.967646
-2196.560608 -1371.383428 -5.277936
-2548.833023 -1599.990636 -4.412926
-3086.990307 -2081.295441 -63.602799
-2553.240331 -1690.939168 5.826217
-3174.464365 -2010.504009 -125.688755
-2290.438101 -1547.973641 -60.929181
-2643.648807 -1653.913936 -26.216872
-2603.692216 -1760.520584 -70.509803
-3361.719828 -2057.833655 -28.524816
-3495.789836 -2295.925788 -8.084892
-2330.368472 -1576.939460 -2.581391
-3183.220104 -2033.498492 -67.706756
-3551.964970 -2268.958190 -75.631071
-2961.805993 -1992.232344 -36.933545
-2505.405115 -1619.225223 21.054299
-2744.853623 -1735.854362 3.048356
-2919.555858 -1867.667977 7.343315
-2763.834001 -1871.634921 -3.102040
-2607.591935 -1650.426768 0.535415
-3498.532190 -2221.592074 34.531806
-2271.531150 -1451.886111 -71.140700
-3465.421015 -2216.971312 9.033554
-3508.470168 -2242.219714 9.359523
-2542.975699 -1591.912592 2.279713
-3862.072963 -2498.117277 -61.420616
-3536.409745 -2207.474711 49.916061
-3113.355007 -2015.758855 -13.950453
-3785.853900 -2451.757282 -16.890903
-2430.954400 -1543.069214 -37.307777
-2817.868571 -1793.956638 -76.265477
-3813.700870 -2422.402513 -56.666192
-2578.933916 -1579.928331 -54.873969
-2575.647566 -1577.849971 -54.834740
-3861.499460 -2559.461660 47.394435
-3044.404032 -2018.392140 37.970145
-2316.195393 -1412.594288 -21.223019
-3765.235532 -2519.605798 -36.861073
-3350.015692 -2263.301783 -14.076846
-2185.968523 -1370.410005 7.008977
-2910.248295 -1958.159099 -34.873742
-2639.332098 -1665.666442 -17.367129
-3901.414812 -2531.186613 -12.277424
-2863.405287 -1820.928738 -112.228339
-3154.252247 -1976.745078 -123.906698
-3119.667291 -1907.129887 -30.793294
-2907.554566 -1924.236294 -13.138001
-3533.012432 -2357.625488 11.486551
-3712.032172 -2330.280201 -139.618440
-2773.283242 -1736.268555 -41.427489
-3571.942103 -2294.046657 -81.136413
-2709.198769 -1811.178259 -4.688994
-2880.143717 -1769.495470 -59.693206
-3599.622353 -2260.420545 -133.613463
-3022.308166 -1924.733965 -17.092833
-3207.950039 -1960.931085 -31.856334
-3544.756586 -2196.552752 -36.907738
-3598.831950 -2405.789749 -6.151684
-2997.033051 -1922.132774 -117.815499
-3752.716138 -2536.765989 -15.727365
-2813.825373 -1791.687368 -111.458537
-3059.232342 -1946.832843 -121.157799
-3527.672387 -2299.184426 -19.439350
-3786.014933 -2431.909923 -165.020905
-3274.905443 -1991.798822 -39.330560
-3375.863818 -2090.801314 -118.797579
-2680.150907 -1788.099229 30.623505
-2988.540273 -1855.957982 -90.184147
-3470.790511 -2205.767322 34.509462
-3547.546724 -2257.788298 -140.534736
-2907.812872 -1847.855801 28.275440
-2548.318679 -1606.421322 -28.001761
-3222.019467 -2151.651055 -88.962482
-2818.604240 -1913.317288 -41.256815
-2686.985337 -1793.322285 30.773099
-2807.119297 -1824.819716 -36.097118
-3132.494628 -1962.755722 31.371610
-3262.034859 -2022.836559 -32.744631
-3357.390463 -2177.363534 -14.022741
-3787.706710 -2456.552487 -16.706214
-2311.751577 -1499.021055 -9.962152
-3721.682051 -2411.727323 -16.898613
-3310.521051 -2107.567116 -76.720661
-2633.469377 -1677.484327 -14.541252
-3250.014346 -2014.367662 -33.479733
-3373.043648 -2279.279613 -90.956472
-2714.169834 -1833.313498 -73.649899
-3785.140330 -2555.522003 -101.930484
-3867.573153 -2457.232788 -167.200399
-2331.843278 -1481.731317 -101.463194
-2642.975113 -1794.015625 -19.959405
-3662.491077 -2304.495308 -151.325725
-3218.201630 -2089.466176 -12.620600
-3417.513356 -2219.373300 -14.180254
-3688.665560 -2395.097512 -160.294205
-3101.373811 -1972.549183 -124.278107
-2410.305622 -1530.777885 23.389213
-2883.207153 -1898.612387 -115.834387
-2316.870811 -1440.122794 -84.272788
-3184.478058 -2019.426609 -127.685809
-3166.300218 -2007.185299 -125.561031
-3627.382058 -2302.693164 -157.242212
-3882.581466 -2423.986623 10.182154
-2474.070981 -1631.560149 -10.424257
-3236.039953 -2184.094394 -12.528118
-2918.587225 -1972.117115 -10.949434
-3037.086519 -1927.198863 -72.272041
-2375.843620 -1507.843437 -56.401029
-3225.736985 -2179.473091 -65.631675
-2664.886569 -1670.793705 -24.303730
-2743.152422 -1810.128403 27.042258
-2280.495293 -1504.463239 -85.465865
-3818.752544 -2579.432113 -77.436751
-2836.640049 -1759.533942 -25.569381
-1967.929938 -1320.393387 -5.814514
-3592.222741 -2330.651693 -105.868981
-2742.082109 -1798.628922 -106.169924
-2437.919568 -1541.525326 20.608473
-2427.197931 -1617.813753 8.506517
-2938.773699 -1841.778324 -89.425985
-3188.733359 -1998.381641 -96.758103
-3442.534941 -2293.765100 28.136295
-2767.172103 -1801.605084 9.168863
-3370.529908 -2224.605307 33.995105
-3363.854316 -2182.341622 -98.601882
-2570.845305 -1576.025413 -51.903914
-2671.194279 -1681.263072 -23.351799
-3278.544355 -2227.069158 -11.991569
-2865.738396 -1764.979010 -79.794982
-3828.505652 -2351.781362 -7.666500
-3179.004124 -2127.493054 -67.702041
-3552.348323 -2217.732775 30.539558
-3581.290621 -2338.907235 -65.641252
-3412.511448 -2243.090045 -7.180437
-2964.026925 -2013.052567 -10.544435
-3383.769834 -2159.095523 -35.053481
-3309.709355 -2079.804848 -39.193873
-2392.864848 -1598.000562 -20.821253
-2233.369889 -1492.033482 -19.133041
-2025.901839 -1241.936877 -41.213910
-3138.824919 -1937.986292 -30.794841
-2708.167741 -1666.917059 -76.070124
-3161.959960 -2093.934206 -112.730927
-2703.948134 -1809.194605 27.327998
-3163.355453 -2094.822077 -112.448492
-3324.178969 -2062.754829 -30.997892
-3867.940539 -2498.874598 -86.212640
-3226.435628 -2032.075229 -129.642700
-2544.749398 -1597.846464 -29.924008
-3019.503036 -1993.706567 31.804299
-2560.050003 -1667.075275 21.377831
-2787.752642 -1867.536057 -47.679501
-3016.403430 -2051.410495 -49.384902
-3186.295415 -2094.275827 -17.250654
-2598.080912 -1710.224921 -39.923226
-3562.191713 -2327.804984 31.052250
-2750.748885 -1735.046277 -70.859051
-2733.821165 -1707.754324 -89.954483
-2676.412881 -1678.902859 -55.610610
-2496.609705 -1574.020603 -64.872204
-2941.657090 -1943.399880 -78.513622
-3407.433660 -2114.508708 -83.928452
-2225.353085 -1493.105115 -29.710404
-2519.498281 -1644.453262 27.961751
-3944.407097 -2438.526303 -88.154623
-3126.897988 -2097.329421 -8.213705
-2726.626892 -1805.185511 21.800404
-2761.785562 -1706.852708 -73.123323
-3719.866505 -2333.926838 -76.726864
-3073.202909 -1950.983170 -73.816636
-3593.985379 -2362.886552 -54.115619
-2412.188171 -1521.656291 -61.935391
-2806.183963 -1843.959837 -15.897709
-3866.701774 -2412.961100 -95.458610
-3132.296092 -2088.629220 -75.643338
-2730.393270 -1710.532909 -82.882972
-3403.735209 -2132.895074 -103.655661
-3046.308085 -1898.967138 -69.630588
-2688.915373 -1678.601062 -60.265341
-3055.777612 -2010.711088 31.376250
-2527.535782 -1686.363332 -61.381035
-3554.942196 -2302.434071 33.977740
-2550.443939 -1678.905488 21.853414
-2462.044524 -1618.994565 25.079462
-2412.235272 -1554.768977 -43.668107
-3837.187057 -2468.974999 12.710163
-3017.062990 -1991.219462 30.927088
-2394.194700 -1536.111068 -11.510711
-3507.508192 -2176.770490 22.083151
-3755.167931 -2410.106954 -19.572991
-2920.113480 -1797.120420 -37.582006
-3187.130140 -2059.634339 54.323685
-3062.416066 -1891.369634 -35.630680
-3746.317157 -2404.190634 -18.726823
-3001.138309 -1940.775137 50.959836
-3156.548658 -1944.955745 -23.294943
-2983.777734 -1888.428693 -104.552171
-3313.701721 -2202.680846 -23.090860
-2541.713310 -1620.785597 -64.464098
-3179.459539 -2025.320928 24.920079
-3857.680174 -2608.875816 -43.818884
-2683.686593 -1747.273797 20.002919
-3300.241768 -2102.530043 26.774865
-3031.212773 -1917.034070 -49.809826
-2904.339946 -1938.939158 12.685368
-2522.527625 -1669.677963 -13.758760
-2397.675098 -1487.372594 -75.722249
-2890.395796 -1930.632888 -24.110249
-3097.298056 -2052.865966 4.949233
-3412.696429 -2115.910358 16.113962
-2853.926014 -1805.522608 -103.572079
-2410.026935 -1523.861392 -88.061798
-2766.310142 -1880.709484 -9.481705
-3475.748068 -2201.447452 33.748809
-3137.149391 -1937.643653 -84.009519
-3819.800272 -2359.856688 -101.899410
-3147.551400 -1977.764057 -36.393036
-2648.817429 -1796.562415 -23.234948
-2899.590581 -1966.793512 -25.845216
-3276.330407 -2000.551398 -23.589462
-2275.192973 -1487.393390 -91.287826
-2833.450104 -1876.755682 -109.066080
-3371.879497 -2268.372254 -15.121217
-3358.957890 -2175.181703 -7.424538
-3568.168682 -2288.648641 14.683050
-3518.782697 -2347.278941 15.251922
-3055.493782 -2046.527361 -54.515029
-2628.481915 -1654.372721 -49.899043
-1944.629083 -1223.418392 -37.241055
-3031.349723 -1906.386533 -59.231896
-3732.725242 -2315.296636 -34.419707
-3130.022618 -1951.833691 28.285932
-2602.119327 -1625.462463 -26.690882
-2837.716611 -1879.378618 -109.156285
-3041.960109 -1946.703899 -38.083761
-3778.640329 -2485.402506 -56.755010
-3505.974133 -2234.165429 -84.817303
-2724.592524 -1690.782133 -85.442861
-3392.642907 -2147.663648 28.544403
-3798.452614 -2405.004066 31.658172
-3003.932139 -2003.609959 -117.049907
-3199.520364 -2103.893588 -129.885815
-3189.427732 -2000.126293 -7.474972
-3454.133018 -2272.869540 -146.038433
-3749.350864 -2468.530968 -105.593282
-2593.747031 -1616.253929 -93.600217
-2414.016403 -1587.224658 -12.199264
-3407.528092 -2095.827732 -96.020248
-3553.366085 -2384.480988 -125.900070
-2423.023536 -1532.532652 -95.060040
-2992.061697 -1935.074495 -15.281019
-3129.730819 -2022.159975 -15.519559
-2413.348485 -1620.177422 -85.769238
-3108.299538 -2041.775680 -123.371583
-2732.122312 -1798.388724 -76.422868
-3625.299396 -2292.965094 -60.574342
-2363.860024 -1457.415403 -63.854303
-2383.586107 -1610.181473 -69.699626
-2447.281449 -1509.031965 -65.809868
-3200.869161 -1973.998748 -86.615170
-2676.669893 -1783.370742 -67.061427
-2849.700961 -1908.358467 -104.620889
-3497.126708 -2276.588121 11.177994
-3686.641198 -2467.366000 -136.819438
-2007.178035 -1265.842453 -36.809618
-3105.461669 -1957.356849 -57.787074
-2648.982094 -1772.761610 -98.317265
-2480.156329 -1603.705979 -12.263428
-3647.502922 -2298.703819 -68.186240
-3336.074790 -2186.947989 -129.890060
-2845.720104 -1903.323345 -104.723315
-2966.440462 -1986.533376 -108.210506
-2652.964795 -1713.907628 -14.968234
-2315.764508 -1495.963956 -13.210332
-3523.952136 -2311.415969 -138.291390
-2408.459545 -1592.852058 -88.078388
-3443.443705 -2277.055144 -124.809820
-2430.276705 -1606.739171 -87.805668
-3204.649816 -1975.162839 -86.710682
-3208.746999 -1969.882986 -92.931537
-2361.086006 -1481.056559 -48.443604
-2571.999738 -1739.028639 -75.477358
-2016.669476 -1271.989428 -36.764076
-2386.634575 -1612.289127 -69.281869
-3270.744875 -2050.074305 -67.497925
-3254.672429 -2160.128851 -31.979125
-3060.101252 -1911.781970 -66.147627
-3571.871442 -2193.491337 -102.671022
-2408.890650 -1593.173425 -88.111550
-2572.228577 -1586.209545 -15.844585
-2937.343789 -1924.718093 -20.108203
-3756.717468 -2557.275423 -27.291045
-3672.396830 -2499.314609 -26.095457
-2410.496945 -1507.007447 -24.012212
-2752.739186 -1717.624783 30.722882
-3478.775111 -2271.547950 30.413862
-3004.871258 -2024.740076 -102.380379
-2654.144429 -1775.666445 -101.391523
-2628.092331 -1662.513970 -96.407740
-2405.600692 -1619.434995 -80.819346
-3440.122150 -2222.710519 -22.957741
-3502.034791 -2290.312966 8.101458
-2391.889217 -1544.144864 -15.106607
-2530.310076 -1703.891389 -85.473355
-3692.889287 -2488.048560 -127.478807
-3370.819923 -2271.899582 -115.988142
-3190.102010 -2017.977273 -129.998730
-2694.943115 -1815.130026 -93.441096
-2949.621206 -1976.773625 -109.282182
-3125.795236 -2095.090877 -116.303443
-3187.627350 -2033.083893 -80.491586
-3118.973130 -2082.929477 -119.909276
-3402.544089 -2272.026815 -130.931588
-2408.678752 -1537.365585 3.885023
-3424.483789 -2285.642235 31.983241
-3289.129735 -2018.833415 -93.143359
-2951.351461 -1994.987316 -85.610566
-3365.578670 -2147.421301 4.988801
-2534.175268 -1580.883695 -62.047205
-2904.723286 -1963.263507 -83.982762
-2714.968151 -1798.524933 4.902653
-2935.793727 -1802.128819 -83.615993
-2236.322353 -1415.182068 -90.217883
-3205.088439 -1968.681617 -94.195622
-2183.411086 -1472.724391 -61.620761
-2889.952472 -1904.524975 -12.920970
-2405.381625 -1580.265699 -96.987779
-2410.900778 -1562.197240 21.912789
-2825.285617 -1857.344848 -114.688815
-2454.966248 -1614.309184 -103.691392
-3081.572702 -2023.371772 -123.761897
-2405.382770 -1579.930947 -97.079382
-2732.474099 -1736.439830 -62.266287
-2415.838840 -1584.991264 -96.495493
-3144.108848 -2086.549004 -126.227771
-2377.851334 -1577.245475 -94.546469
-2462.172161 -1616.007304 -97.894996
-2286.984295 -1555.694839 -20.228597
-2893.006577 -1871.276535 -13.336029
-3531.135245 -2283.663038 -15.549060
-2178.060587 -1440.613797 -78.491565
-2696.351296 -1813.310339 -12.549278
-3105.418317 -1955.963846 -58.944166
-2992.207580 -1934.678111 -19.240778
-3669.303186 -2372.226162 -22.036108
-3001.956209 -2004.165746 -72.422287
-3006.615700 -1883.627880 38.130289
-2789.578306 -1804.456134 -13.582228
-3524.002809 -2221.897892 -146.685459
-2632.766785 -1658.833305 -109.372193
-3201.458418 -2110.488090 32.859011
-3359.965163 -2079.070988 12.256730
-2376.686183 -1469.739903 8.035397
-3630.812873 -2288.452258 -149.770023
-2846.736492 -1877.004435 -106.746603
-2699.174213 -1780.197741 26.572364
-3586.097970 -2363.798748 -134.632408
-2841.880888 -1874.504979 -106.497571
-2770.161244 -1727.213636 -105.258724
-3526.313167 -2344.334606 8.563293
-2651.567706 -1726.736688 -93.547524
-2374.174175 -1554.258513 21.501004
-2310.070819 -1510.765763 7.544583
-3558.199702 -2325.196106 -15.257240
-2641.071305 -1784.491737 -33.554432
-2875.173801 -1879.836760 -97.640399
-3870.053154 -2482.318854 -151.284181
-3914.214029 -2419.934170 -110.187724
-3900.880413 -2433.317710 34.295278
-2864.809808 -1770.386456 -80.674399
-2572.712609 -1686.385125 -25.722705
-3337.063092 -2084.906831 -109.185660
-2282.818077 -1542.634339 -28.805215
-3599.911827 -2247.424589 7.046928
-3781.463030 -2472.206883 -18.021880
-3599.983434 -2341.480603 30.671548
-3184.661925 -2098.924240 -3.323998
-3013.856284 -1971.060726 -13.920880
-3057.890178 -1949.960721 -102.870251
-3689.842272 -2274.353180 -104.061833
-3186.176350 -1960.449093 -91.984784
-3418.008188 -2179.839885 -115.205374
-3881.030688 -2445.423214 -160.135253
-2901.930598 -1812.951166 -112.101189
-2478.210903 -1571.897687 18.410398
-2422.690402 -1537.200640 17.878379
-2856.932966 -1792.435956 -114.557748
-3356.864058 -2193.061933 30.642650
-2674.618199 -1693.228944 6.842463
-2526.836860 -1575.896358 -96.633776
-3750.918358 -2312.567455 23.362074
-3789.760083 -2402.891023 27.004253
-3604.188826 -2353.927903 -115.646990
-2464.893407 -1528.980988 6.655307
-3944.507421 -2408.551892 -92.018156
-3476.180641 -2273.499949 -17.491106
-3138.616572 -1947.255880 14.153367
-3073.462574 -2060.073367 -30.547874
-2441.416365 -1536.886617 -87.358080
-2604.006382 -1764.152063 -69.788083
-2627.894571 -1684.208660 -114.119346
-2760.852585 -1744.573237 -87.828707
-2843.853350 -1874.017502 -107.376580
-2812.522678 -1904.968148 -75.903391
-2818.605080 -1851.562134 -9.382708
-3356.484219 -2260.199018 -91.052111
-3132.630477 -2103.642343 -115.992275
-3026.805480 -2052.963657 -30.565559
-3126.314955 -2099.126744 -116.490706
-3794.052178 -2545.672500 -141.151397
-2888.364535 -1920.376950 -117.367025
-2553.784162 -1697.518276 -104.002611
-2922.948713 -1844.814507 -120.235416
-3798.799754 -2456.222652 -170.598660
-3184.637033 -2019.843416 -131.022846
-3236.903941 -2100.224370 -144.314241
-2852.305344 -1855.903697 -126.689240
-2635.376341 -1714.913756 -117.024593
-3872.346578 -2571.098598 -156.170752
-2413.890933 -1557.494883 -107.973719
-3871.692136 -2568.752613 -158.258007
-3127.976149 -2016.450614 -139.375341
-2637.211608 -1710.855373 -116.933194
-2557.592648 -1648.606682 -113.840056
-3406.926289 -2094.877855 -96.334385
-2846.145867 -1843.365381 -127.734329
-2639.598823 -1713.658978 -117.038359
-2279.162036 -1476.848863 -102.179218
-2829.299037 -1848.564742 -125.915258
-2266.871303 -1471.268568 -101.494726
-2755.257765 -1812.971537 -112.855571
-3817.774573 -2421.325745 -159.173637
-2808.135919 -1780.335844 -117.920138
-2334.738729 -1480.923546 -97.541028
-2131.381933 -1443.253755 -59.814270
-3550.118954 -2252.520903 -149.461215
-3548.296307 -2251.858402 -147.118566
-3060.020730 -1913.103022 -98.953632
-2382.668717 -1554.631034 -104.475477
-2381.923676 -1554.290117 -104.236258
-2990.212016 -1946.423293 -103.031814
-3312.257819 -2018.696246 -34.221993
-2767.386087 -1770.541520 -29.096329
-3785.527510 -2555.516023 -106.002236
-2920.117915 -1893.269685 -129.045344
-3352.727873 -2172.307983 -17.861325
-2767.352663 -1770.653334 -29.119182
-2464.595681 -1576.228084 -25.185165
-2785.418660 -1856.272831 -112.733724
-3405.208410 -2094.292465 -98.815147
-3794.081456 -2539.528562 -148.106648
-2397.537514 -1612.588996 -85.880912
-3429.699429 -2108.732059 -99.691177
-3128.140734 -2080.894089 -127.922895
-3629.795317 -2415.159954 -147.900728
-2698.751087 -1763.372370 -117.034622
-2850.113826 -1916.560366 -101.794389
-3557.228115 -2394.839639 -125.764194
-2942.037665 -1919.271014 -128.427046
-3156.271825 -2125.424951 -113.239765
-3080.689480 -1894.486466 -89.858636
-3184.155930 -2121.170181 -128.822373
-3020.584176 -2018.806999 -119.920124
-3216.525792 -2154.411347 -124.333450
-3863.647645 -2585.470416 -148.390499
-2399.990955 -1605.056410 -93.620664
-3400.839512 -2277.360164 -127.139151
-2924.867164 -1955.695449 -112.804607
-2241.049138 -1498.370589 -86.333048
-3270.276747 -2186.119158 -127.036535
-3202.713949 -1971.214822 -94.152976
-3386.150443 -2207.183639 -150.417344
-3142.052043 -2099.870616 -126.265888
-3781.394139 -2450.438364 -25.409391
-3214.603495 -2095.726140 -145.386820
-3719.086644 -2423.480045 -168.453046
-2627.782713 -1703.589710 -117.911895
-2343.891569 -1518.498071 -106.265057
-3266.609330 -2125.685848 -16.287737
-3542.711843 -2292.160898 -162.856486
-3540.459152 -2295.846140 -159.893401
-2406.456186 -1561.375058 -108.196106
-3675.839553 -2370.012527 -166.173099
-2602.529571 -1697.705530 -11.789069
-2615.830283 -1706.298009 -13.503645
-2669.477895 -1731.540278 -120.187688
-3785.604488 -2557.073774 -108.481043
-2667.189209 -1735.520159 -118.691494
-2988.818901 -1944.067262 -89.572807
-3505.608039 -2280.322868 -104.260907
-3425.343468 -2316.649234 -98.764929
-2628.602311 -1685.590910 -118.283572
-2970.785905 -2007.669199 -85.163899
-2375.412825 -1547.727591 -106.332056
-2576.382683 -1740.382139 -73.666910
-3079.784637 -1890.177498 -88.464704
-3627.275974 -2336.824443 -163.255999
-3784.644101 -2561.510779 -106.502269
-3012.664317 -1940.904990 -134.948542
-2385.023391 -1464.823638 -72.692027
-2256.823093 -1461.258417 -11.907762
-2836.905459 -1844.708441 -126.605266
-3770.851209 -2429.348318 -170.716420
-2629.296887 -1613.427846 -75.945289
-3223.397304 -2096.489497 -145.771811
-3171.688358 -2072.443360 -144.123124
-2450.492663 -1601.231183 -111.987671
-3736.178070 -2439.117354 -170.176431
-2626.662145 -1699.873205 -121.402573
-2598.318147 -1697.790814 -118.234940
-3047.670836 -1992.740372 -135.328524
-3362.800469 -2069.800955 -105.492359
-2628.987974 -1696.611199 -120.310273
-3500.085651 -2149.945663 -103.475332
-2634.965423 -1688.483115 -118.988006
-2835.954719 -1885.110925 -118.283935
-3334.269557 -2164.904660 -154.187276
-2382.431521 -1550.129346 -108.153902
-2270.684259 -1538.059605 -64.779103
-2373.568050 -1610.079764 -67.695276
-2379.741653 -1548.889839 -108.182812
-2636.958350 -1690.251827 -118.823496
-2852.542272 -1860.516750 -128.698305
-3931.358656 -2482.280006 -163.006267
-2616.479146 -1723.874111 -112.697847
-2616.038759 -1737.477346 -106.584301
-2952.454356 -1993.468719 -82.197705
-3289.176271 -2183.574195 -134.557954
-2851.445824 -1800.973081 -118.268882
-2850.044389 -1807.440626 -121.103889
-2577.428115 -1657.918672 -117.061881
-2338.085297 -1505.388313 -105.668233
-3217.540104 -2082.681950 -15.531918
-2469.334434 -1568.355858 -98.913047
-2623.895185 -1689.023893 -118.972505
-3038.405798 -1957.047435 -137.176118
-3008.325587 -2037.618941 -88.152908
-3214.620961 -2133.996439 -134.518314
-3211.214099 -2131.438197 -132.556593
-3341.348655 -2090.566240 35.378995
-2325.143559 -1514.748614 22.523136
-2793.076664 -1824.047967 -111.778839
-2723.310767 -1733.124703 -40.319761
-3320.510938 -2129.353778 -130.045230
-3540.909982 -2326.008148 -7.410474
-2682.180568 -1773.831159 -71.185371
-2685.803897 -1693.906748 -68.577458
-2544.547474 -1593.894003 2.198919
-2824.207809 -1888.761309 13.974535
-2592.677328 -1608.304146 16.491200
-3534.795814 -2409.334536 -69.312446
-2984.838729 -1887.434602 -70.256793
-2983.252918 -2020.573417 -27.179037
-2322.342194 -1479.556836 25.411715
-2542.715762 -1600.995043 -27.550759
-3277.504492 -2009.498811 -17.912117
-3505.229273 -2352.778592 -34.916373
-3825.736799 -2450.494916 72.665648
-3847.251815 -2464.681212 73.329574
-3466.538090 -2294.789126 40.448689
-2470.312866 -1572.342754 -37.275299
-3111.641654 -2043.731617 -90.133706
-3177.852750 -2148.139551 -45.843927
-3140.939184 -1924.689264 -63.568721
-3178.244012 -2150.218972 -45.795205
-2563.062669 -1639.157741 -48.181860
-3162.128456 -1978.243147 32.967098
-2475.867705 -1600.478852 -36.805079
-2753.364039 -1713.116612 -64.892077
-3635.535375 -2386.216769 -8.970794
-3060.979209 -1939.096298 -128.080444
-2356.382377 -1450.673634 -65.054340
-1952.087903 -1202.022646 -53.570182
-3199.054317 -1970.722346 -87.652751
-3372.350239 -2091.985009 -33.033321
-2941.786342 -1981.017936 -100.490375
-3129.099931 -2107.941478 -107.908361
-2950.741717 -1976.817136 -107.400700
-2179.562517 -1386.037275 -33.382949
-3012.436268 -1957.503116 27.415531
-3572.826277 -2238.760183 36.618462
-2944.118757 -1912.303585 -10.160943
-3712.206266 -2480.076302 -102.176216
-2822.524903 -1832.823877 -8.983977
-2758.397608 -1804.956116 24.565541
-3636.728640 -2440.727489 -35.946028
-2607.948165 -1769.713922 -70.016270
-2982.852448 -1963.767872 -126.374797
-3055.515797 -2012.566676 -128.772668
-2516.677780 -1605.533059 -26.218358
-2331.753535 -1480.444980 -97.435936
-3855.830276 -2610.837099 -105.452309
-2231.444023 -1429.722156 -97.617207
-3098.281929 -2008.208441 -17.982730
-2652.310327 -1744.123060 -105.244391
-2924.732053 -1959.976865 -110.715073
-3054.016347 -1931.742670 -127.203652
-3199.626750 -2159.776497 -86.038947
-2654.947770 -1722.352638 -16.156755
-2484.249617 -1603.870040 -113.377697
-2654.181703 -1721.369964 -15.919745
-3741.620052 -2486.466928 -156.623566
-3290.836704 -2187.471785 -138.299163
-2603.090079 -1700.872884 -119.304805
-2734.347538 -1801.755587 -117.904139
-3567.372432 -2348.075114 -155.120419
-2675.635225 -1647.493217 -94.380776
-2766.638597 -1672.259847 -30.187006
-3401.015530 -2160.250437 -73.970868
-2983.602590 -1896.246560 -65.107533
-2878.089735 -1806.711398 -38.286237
-3780.233521 -2421.057157 12.209217
-3828.758329 -2434.439715 -83.629786
-2708.201810 -1816.484363 -35.107361
-2911.885002 -1770.337717 -23.107169
-2774.448946 -1762.213028 37.582391
-3181.005478 -2029.612391 -105.400418
-3144.811827 -1997.487046 42.690090
-3134.299419 -2000.757216 -58.754341
-3625.738312 -2213.082239 -12.994788
-2946.564843 -1834.175844 -106.082141
-2914.981862 -1877.220162 -63.674479
-2509.213514 -1646.058625 -18.863580
-3717.117863 -2419.353128 -12.197069
-2320.190045 -1473.547177 -50.306227
-3242.795509 -1983.484984 -10.234740
-3420.013561 -2171.206205 -34.545310
-3736.262768 -2360.698040 -34.900188
-3712.025712 -2297.612050 18.408464
-3304.776255 -2118.420632 -101.960801
-3440.584223 -2118.431359 -34.596087
-3277.813226 -2032.833781 -11.308117
-2971.951821 -1903.696321 -1.014213
-3644.060370 -2457.927978 -4.035036
-2386.174957 -1608.699447 -2.483466
-3697.905422 -2492.818690 -4.470843
-2482.817283 -1673.377126 -2.348970
-3719.152394 -2484.346624 -7.156146
-3712.886857 -2480.036059 -7.214318
-2238.279917 -1494.264302 24.506163
-3400.589498 -2273.449347 27.787747
-3893.990742 -2472.288471 -18.577833
-2564.652766 -1628.454008 -12.770409
-2308.938882 -1448.844570 -69.813920
-3760.686145 -2370.364425 -112.665457
-3714.610388 -2344.372509 -111.119532
-3502.601547 -2216.923834 -116.827468
-3550.663295 -2274.885187 -110.342274
-2608.268068 -1671.198277 -80.761793
-3291.405307 -2180.510200 -16.321594
-2339.061298 -1549.739675 -11.702844
-3708.405125 -2283.086619 -37.543543
-2198.743725 -1353.450003 -21.906536
-3730.863697 -2504.506457 -29.058800
-3286.380188 -2206.119386 -23.929066
-2176.877280 -1460.376950 -10.345776
-3445.526261 -2311.350559 -15.766517
-3419.445990 -2171.032591 45.803267
-3315.084191 -2221.786136 -17.843267
-2914.913187 -1953.028882 -74.929922
-3016.183652 -1933.722830 -3.824270
-3393.634189 -2252.898833 -100.346087
-3368.420779 -2170.700729 11.049862
-2465.518071 -1511.817865 -18.351390
-3139.981530 -1946.529731 -9.828985
-2353.306309 -1553.915486 -64.940294
-2665.615449 -1759.653818 -73.764751
-2731.597135 -1803.089592 -75.496594
-2985.747960 -1970.616181 -82.509447
-2969.505075 -1911.823512 -72.730818
-3691.685402 -2375.169437 -157.821132
-2619.969401 -1629.641626 -95.165392
-3706.670742 -2313.177307 -75.970859
-3904.483694 -2394.638958 -60.831288
-3153.031490 -1956.277728 -67.754460
-3824.510795 -2346.705332 -70.128811
-3772.007050 -2306.380585 -58.445622
-3458.893028 -2291.288274 -72.172250
-3462.289033 -2293.837587 -72.328644
-2775.430629 -1773.562470 -37.683305
-2832.403748 -1758.822117 -50.197572
-2349.234341 -1459.314690 -42.114115
-2606.192023 -1599.952929 -47.615748
-3702.289145 -2301.479524 -65.981549
-3169.635583 -1972.998433 -114.708748
-3202.831320 -1967.806383 -58.947855
-3422.444470 -2100.310909 -53.585382
-2830.647100 -1757.600666 -50.303007
-3135.894713 -2010.271634 -76.547745
-3613.712915 -2256.535494 -136.303178
-2952.607835 -1822.466742 -1.288402
-3317.753311 -2047.364381 -1.040806
-3725.880609 -2337.623192 -49.618255
-3896.993480 -2465.939950 -68.516824
-3895.989461 -2430.182040 -91.272013
-2666.490704 -1780.229078 27.529368
-2896.996687 -1935.472760 29.487572
-3091.308012 -2042.620521 -10.157797
-2598.402267 -1630.992350 11.186426
-3144.128394 -1988.134213 -107.748119
-2779.848929 -1781.584553 9.807951
-2768.117840 -1761.085392 29.323435
-3139.575264 -2003.207076 22.483139
-3062.519739 -1871.771262 -13.349913
-2537.162727 -1570.293607 -83.180268
-2982.633174 -1853.408244 -53.072441
-3345.049819 -2061.701104 17.359399
-2727.337459 -1674.872267 -49.224255
-2727.226691 -1674.818506 -49.173058
-3743.230100 -2302.500924 -7.521293
-3291.190271 -2025.478286 -6.580892
-2981.503265 -1907.356828 -47.642321
-3318.957008 -2206.854782 -12.144785
-2562.852188 -1691.102083 -85.570234
-3065.798664 -2013.195727 -53.624408
-2916.293338 -1959.201557 -77.129574
-3262.173294 -2086.992321 -53.066117
-2961.606851 -1987.689973 -76.335934
-3142.791733 -2048.509957 -134.207406
-2456.824893 -1546.977983 -81.194264
-2577.802194 -1690.860732 -18.567265
-3865.205755 -2438.062163 29.190797
-2267.548260 -1458.036551 2.052729
-3447.752048 -2217.228311 3.018162
-3968.597152 -2430.541642 -1.035987
-3589.573001 -2352.093963 -27.908598
-3509.731058 -2228.388250 -106.877961
-3631.790144 -2327.962790 -80.281164
-3512.424903 -2323.140670 23.406193
-2695.306212 -1734.620523 -114.610029
-2768.468240 -1781.371800 -117.624906
-2826.929922 -1874.097293 -47.689716
-2728.560275 -1808.614986 -45.334221
-3274.983690 -2168.078155 -47.392317
-3584.204408 -2319.968882 -154.323441
-2373.655095 -1605.698176 -5.327870
-2490.544366 -1547.019872 -72.647420
-2985.259101 -1966.338237 -36.293164
-3530.706291 -2335.639449 24.232852
-2897.020060 -1955.756734 -7.671004
-3512.726963 -2322.959338 23.973458
-2696.315864 -1696.352700 33.005245
-2920.453073 -1960.746635 -12.966138
-2840.760238 -1861.292500 -22.175292
-2594.609019 -1588.255105 -1.013283
-3627.731893 -2283.501352 -127.759177
-2709.575067 -1739.950291 -44.181589
-2424.854502 -1590.837007 -16.129495
-2590.689029 -1580.253869 -25.482560
-2461.552893 -1642.070458 -70.383883
-2429.473598 -1591.402533 -19.347374
-3290.819442 -2166.224729 -31.456672
-2853.205388 -1811.173436 -87.076197
-2893.305274 -1768.663927 -6.432587
-2216.322754 -1472.687133 -8.073136
-2730.869410 -1678.110598 -49.832671
-3550.573602 -2229.988317 15.604252
-2606.453310 -1594.774172 -5.912162
-3548.124538 -2228.548846 15.683254
-2921.442216 -1833.891504 -3.275793
-2661.187767 -1747.688438 -65.452440
-2521.749859 -1581.663674 -2.661742
-3138.523610 -1942.690349 14.809512
-2570.313670 -1572.794259 -40.016149
-2851.351853 -1870.785630 -51.565129
-3937.678320 -2409.046965 -61.216695
-2399.742681 -1573.951277 -52.464475
-2629.260893 -1662.497501 -102.441437
-3004.973199 -1867.695599 -108.160094
-3225.376692 -2180.039096 -31.323934
-2786.105497 -1873.258712 -53.975128
-3225.016379 -2168.727190 -62.363225
-2605.430073 -1636.425707 -81.740047
-3428.799075 -2238.106088 -44.125702
-3218.395643 -2150.944291 -81.666501
-2306.339705 -1540.435004 -59.204817
-2527.914712 -1687.587309 -63.616688
-3235.552859 -2171.349275 -23.458955
-2564.301831 -1584.879581 10.330205
-2468.462402 -1526.146403 10.293796
-2331.730680 -1441.287439 9.867306
-3359.782545 -2268.585890 -32.779684
-2535.851420 -1570.686483 11.770299
-2841.459621 -1751.898054 15.652328
-3837.939286 -2467.418382 -156.381249
-2357.078953 -1433.415590 -31.702254
-3606.989250 -2404.260802 -102.290520
-3321.995331 -2228.985333 -41.430131
-2622.414301 -1717.110846 -20.405041
-3352.783037 -2105.908356 -119.682265
-2995.064587 -1973.554573 -29.874464
-3531.816137 -2367.289801 0.197022
-2432.563494 -1550.047259 -101.743563
-2545.663149 -1572.876640 9.591529
-3833.897426 -2464.038814 1.710841
-2722.915825 -1736.225486 -90.528440
-2900.796210 -1817.901037 -76.978180
-2810.019600 -1802.738138 -6.554820
-2457.339906 -1561.363689 -96.618585
-2606.195839 -1696.238948 -9.951325
-2553.206802 -1704.998637 19.096513
-2371.341454 -1449.284156 -8.414687
-2904.027131 -1898.907740 -98.042277
-2603.788991 -1738.375260 28.958912
-3040.597789 -1987.017325 -99.342982
-2850.736590 -1825.423516 -123.428934
-2660.574625 -1625.729559 -9.428559
-2580.809312 -1709.185761 -79.692867
-3239.007673 -2116.552305 9.915820
-3243.831806 -2146.732938 -99.785655
-3131.140887 -2098.663834 -16.138625
-2636.199592 -1660.866345 -4.081003
-3449.730589 -2115.378945 -54.297664
-3561.347783 -2219.966118 -105.773966
-3060.257880 -2055.851398 -22.706902
-3717.778407 -2419.844704 -12.834873
-3697.305257 -2328.762821 -6.219343
-3289.014481 -2065.557484 -88.512076
-3216.900314 -2115.353441 -31.958068
-3295.788286 -2166.338005 -33.207406
-3066.441049 -1929.158646 -5.436057
-3185.006801 -2003.226874 -4.830685
-3896.528026 -2373.580269 -102.602452
-3229.886028 -1966.812128 -84.123777
-2553.858101 -1554.876391 -61.825923
-3451.976135 -2101.281619 -82.282991
-2632.273382 -1601.907936 -61.393928
-3629.929126 -2210.459985 -93.666410
-3079.594587 -1876.326735 -76.252345
-2644.386040 -1724.389646 -20.037110
-2276.539194 -1391.091959 -62.187360
-3845.976633 -2349.778717 -106.597929
-2093.438700 -1277.728986 -56.752624
-2614.349273 -1595.597625 -70.519035
-2612.298250 -1594.037242 -71.673147
-3084.912876 -1880.947273 -80.799655
-3280.329901 -1999.731843 -82.909792
-2844.274234 -1733.876735 -71.018129
-2608.614688 -1590.023222 -69.739074
-2716.076385 -1655.151475 -72.780752
-2794.739304 -1705.592750 -78.272925
-3241.043156 -1972.325280 -79.387740
-2629.363254 -1607.139921 -74.151697
-2252.105986 -1432.328032 -94.534003
-2350.474033 -1436.191264 -10.023864
-2645.476678 -1617.588337 -76.379452
-3242.619120 -1983.478938 -11.980196
-3867.313361 -2462.032668 -157.251390
-2906.578160 -1775.325926 -10.856983
-3144.609752 -1920.604580 -1.169757
-3133.887812 -1907.111637 -71.055368
-2720.271000 -1655.385680 -62.205325
-3237.891681 -1967.532273 -76.431997
-2379.930477 -1514.676526 -96.701109
-2656.861315 -1623.728713 -76.045466
-2995.633555 -1831.656282 -83.965853
-3432.074907 -2189.845001 34.189025
-3489.843077 -2148.005903 18.525704
-2826.733968 -1771.731490 -115.374953
-2575.570218 -1646.969401 -111.245001
-2945.073373 -1856.413092 -3.998648
-3327.258748 -2060.948590 17.946537
-2492.437092 -1647.375830 -98.882131
-2420.931763 -1479.950307 -68.174963
-2408.484950 -1536.484867 23.762261
-3748.268682 -2331.053502 -143.236574
-2903.128306 -1810.199356 -69.697161
-3623.532117 -2254.103716 -139.747517
-3101.090733 -1975.112050 -128.778577
-3491.728049 -2152.594549 26.756887
-2315.362214 -1538.798691 -23.362275
-2607.093418 -1603.222493 -47.750759
-3563.567190 -2225.377078 24.921737
-2701.113128 -1645.833160 -67.950592
-2979.882929 -1835.015304 21.713829
-2893.437805 -1765.020781 -3.221131
-3952.681753 -2410.536887 -52.516345
-3507.125498 -2207.575328 -124.579072
-3301.841614 -2034.183016 25.220300
-2439.124010 -1487.141298 -32.347054
-2312.269605 -1412.013244 -30.793388
-2799.557900 -1710.186695 -37.481128
-3893.553883 -2442.503875 -157.741795
-2642.887681 -1625.575824 -87.018970
-2919.317600 -1825.101317 -116.515373
-2926.247879 -1828.849986 -117.561817
-2998.988796 -1930.924313 -130.905500
-2493.170358 -1517.053486 -26.065142
-2464.713279 -1620.292573 -94.707714
-2975.608140 -1845.319230 10.331029
-3025.584825 -1988.813508 -117.223249
-2413.388514 -1495.839105 8.746702
-2492.555666 -1682.395379 -24.755586
-2785.010144 -1832.280516 -109.989793
-2224.127155 -1461.980688 -86.301026
-2976.206419 -1846.113541 10.349056
-3119.805687 -1962.415362 -6.410130
-2938.740350 -1819.494481 -108.909799
-2418.272522 -1496.838418 -92.595780
-3152.781452 -2011.091530 -139.282605
-3389.276059 -2099.582543 -129.767608
-3150.302097 -1980.440732 -95.720475
-2418.788425 -1477.184797 -68.962837
-2802.025352 -1741.534675 -104.431458
-3859.424595 -2375.673812 21.557314
-3497.357209 -2197.580787 -145.654107
-3100.971785 -1931.123749 -119.817265
-3506.394785 -2183.931488 -137.588723
-3205.671258 -1998.038364 -125.329457
-3531.246591 -2202.237796 -140.834394
-2455.674571 -1532.583368 -97.994768
-2805.307751 -1770.226164 -5.658053
-2681.395253 -1669.365697 -104.757905
-3161.576737 -2005.962227 29.779353
-3546.001646 -2216.251189 -145.134915
-3670.998745 -2294.450510 -149.011115
-3572.796148 -2191.468912 -36.134862
-2840.898910 -1869.346831 -111.084255
-2571.586506 -1563.649608 -34.328505
-2841.337225 -1787.207965 -121.262154
-3644.319035 -2267.607766 -141.722501
-2410.104638 -1542.981421 -107.597553
-3204.147269 -1985.245836 -118.537903
-3267.620616 -2027.366694 -119.378776
-2630.957969 -1632.527051 -95.844702
-3133.712154 -1945.354045 -118.595291
-2461.965436 -1528.765554 -93.174136
-2865.772591 -1780.630369 -109.684990
-3259.676140 -1994.752483 -93.601283
-3105.343066 -1930.470271 -117.483802
-2395.565564 -1488.456700 -93.474211
-2805.542778 -1743.825268 -110.217402
-3174.135084 -1952.564448 17.050007
-2270.987683 -1443.497239 -95.665416
-3575.217362 -2177.251396 -46.534357
-3041.518604 -1891.162432 -116.540498
-2499.418254 -1521.563174 -32.802416
-2099.296773 -1311.959702 -84.760756
-2080.316687 -1356.707783 -12.914701
-3242.812583 -2041.594781 -138.081817
-2924.115847 -1822.597611 -115.248504
-2299.216827 -1458.077401 -90.993429
-3613.911408 -2233.278734 -136.363652
-2711.763033 -1762.099160 -14.629047
-3692.520561 -2275.255180 -115.844722
-2313.823981 -1434.379688 -84.651041
-3441.953011 -2276.073653 -139.083173
-3254.417667 -2042.968220 -132.614256
-2547.867420 -1629.362230 -111.207399
-2812.377017 -1764.100531 -116.160371
-2600.073881 -1624.809247 39.512272
-3441.229193 -2233.723350 -43.037011
-2777.069888 -1692.674260 -60.537995
-3747.365655 -2299.176159 17.081935
-2591.059882 -1588.299890 12.436753
-3863.241823 -2499.633650 -58.916737
-3219.179183 -1965.921334 -49.451734
-2702.599130 -1651.480068 -43.781643
-2963.887538 -1804.870622 -49.281648
-2960.973363 -1803.079244 -49.170952
-2621.749941 -1741.267376 34.962429
-3215.012294 -1965.003429 -50.008647
-3212.285362 -2010.421042 10.299437
-3655.518690 -2234.168515 -58.844809
-2846.379585 -1769.029547 -84.670911
-3276.889229 -2109.861600 -69.987760
-2398.062966 -1576.187041 -90.508725
-3419.242052 -2191.516096 -4.765975
-2918.836803 -1878.075138 1.702177
-2578.601298 -1587.175225 -5.444964
-3568.886590 -2243.471226 41.838039
-3844.553962 -2580.315758 -4.385294
-3132.606843 -2092.408854 -5.547217
-2945.098719 -1978.151660 -22.531590
-2689.849184 -1798.169754 -88.644942
-2454.081937 -1640.627619 20.758632
-2899.368632 -1969.684801 -19.294852
-3456.091163 -2268.630399 -74.227711
-3058.112334 -1907.679839 -90.746790
-3081.382898 -2022.007672 -23.420502
-3534.533007 -2245.702819 -74.100698
-2014.142075 -1334.653171 -19.471613
-2343.428514 -1496.143701 2.657840
-2373.876822 -1551.196530 11.496777
-3043.757055 -1944.661778 3.460083
-2202.983011 -1471.030728 -3.498848
-3389.620687 -2228.855865 -128.357648
-3699.167036 -2351.045397 -17.021949
-3091.715177 -2006.854140 -39.101960
-3693.506103 -2350.847020 -2.143700
-3179.900581 -2023.601495 -2.836936
-2359.736889 -1510.120350 44.906679
-2549.959015 -1561.590778 5.261815
-3162.631991 -1950.320873 25.471105
-2694.745337 -1786.913761 -96.842352
-2908.304654 -1900.492827 13.182045
-3681.856269 -2314.683405 43.553570
-3172.240541 -2131.443845 -41.657935
-2743.922731 -1869.087240 -39.641094
-2946.385226 -1917.691931 17.902539
-2891.759058 -1928.557869 -80.847698
-3098.955980 -1893.405332 -46.847825
-3722.374034 -2414.090369 -54.464053
-3302.678478 -2046.235364 37.538839
-3303.976566 -2046.651035 36.833057
-3245.262522 -2165.891972 -1.781333
-2871.639989 -1819.517757 6.605601
-2540.970063 -1594.671567 11.628172
-3242.451369 -2024.681468 -95.944466
-3307.149593 -2025.158512 16.532953
-2469.832349 -1667.648118 10.037722
-3526.507300 -2223.644913 -139.766233
-2517.374636 -1595.353592 -97.051793
-2577.438259 -1648.063247 1.350410
-2928.779086 -1793.968423 6.321655
-2541.532819 -1583.605720 36.645388
-3257.720536 -2201.404896 -47.779750
-2323.884521 -1543.425380 -91.466434
-2713.861738 -1754.033205 -34.984815
-2760.811012 -1678.907377 -35.095023
-2578.924596 -1592.667978 -88.495281
-3489.926913 -2114.676747 -66.747802
-2763.845131 -1676.297548 -19.717077
-2206.618632 -1338.467816 -15.339783
-3063.875994 -1856.616804 -59.885792
-3249.723666 -2107.188878 0.677762
-3730.448580 -2420.253411 -59.928083
-2767.818880 -1847.720152 31.431454
-2658.783983 -1759.599984 -82.411153
-2924.211945 -1956.898509 -69.203460
-2369.896100 -1440.112770 -53.504762
-2639.659261 -1604.288565 -59.692329
-2550.070749 -1577.643510 -89.015435
-3749.744980 -2277.817913 -84.468128
-3488.278488 -2152.436606 -114.371899
-2713.756904 -1648.934543 -64.049931
-3344.999099 -2060.081414 25.919251
-2712.468277 -1645.375813 -53.307361
-3788.437419 -2342.095268 -129.033099
-3000.331976 -1832.880805 -13.225603
-3691.399779 -2280.001166 -129.362394
-2956.645567 -1799.225524 -8.113952
-2450.069272 -1504.897431 14.693643
-3679.613930 -2265.148739 25.243265
-3832.383484 -2367.993668 -130.704446
-3751.610718 -2290.195952 -1.440803
-2778.181981 -1720.660043 -98.343497
-3401.803092 -2236.357112 -129.079352
-2954.911973 -1849.618043 3.512866
-2560.778121 -1586.398173 -90.927529
-2457.905651 -1565.800828 -97.875049
-2775.186420 -1779.399384 -4.866815
-3023.856513 -1970.495816 -106.624161
-2926.472487 -1781.591195 3.314646
-3321.139284 -2024.495813 5.213637
-2162.050850 -1313.869617 -4.193451
-3516.952399 -2284.965016 -45.067766
-2952.684326 -1918.179944 -37.240870
-2643.260439 -1603.166257 -65.343912
-2922.389451 -1777.105301 -30.735890
-3284.347083 -2161.234387 -132.057978
-2770.522424 -1765.749829 -28.459255
-3380.070870 -2059.590057 -95.238811
-3402.917275 -2073.667029 -98.374892
-3150.524236 -1920.101860 -89.058799
-3120.521304 -1902.715696 -90.137138
-2425.747592 -1524.786021 -101.632231
-2557.468025 -1549.932976 -28.220421
-2686.373431 -1631.186688 -56.979576
-2653.995580 -1606.887884 -47.845185
-3019.746740 -1831.840264 -30.588441
-2688.491061 -1661.291235 -96.354028
-2247.227015 -1371.704821 -65.262193
-3441.849668 -2092.695436 -87.781193
-2251.794318 -1369.022445 -60.813303
-3569.306605 -2171.304593 -98.974351
-3533.870346 -2147.944744 -89.673357
-3335.162485 -2025.349762 -80.893265
-3244.914074 -1968.996709 -76.864661
-3132.433861 -1907.086802 -85.598809
-2860.351479 -1818.956924 -123.660322
-3192.504763 -1942.714826 -89.214134
-3683.866843 -2241.582227 -95.781741
-3878.336238 -2363.807072 -106.808211
-3207.860229 -1987.610973 -119.993649
-3884.988856 -2410.262236 -147.964709
-3125.798970 -1918.540173 -32.070503
-3362.460265 -2089.064130 -124.080940
-2461.895823 -1620.411739 -98.020617
-3502.377283 -2202.829195 -148.084500
-2840.385190 -1785.692411 -120.861817
-2652.539041 -1627.433819 -26.998827
-3158.541199 -2006.415897 -134.344342
-2472.224873 -1544.207209 34.747479
-3596.843127 -2281.256473 -143.782891
-2578.028340 -1579.827662 17.298739
-3799.701899 -2302.748155 -81.436225
-3353.131108 -2066.561564 -119.833334
-2371.138082 -1439.516669 -1.674700
-3142.696287 -1999.795394 -135.645268
-3473.888368 -2101.342095 -62.256211
-3495.357870 -2113.951335 -68.131150
-2868.900042 -1735.982158 -52.206449
-2777.020001 -1682.139583 -56.878413
-3353.623588 -2108.524114 -134.167326
-3254.137252 -2033.109790 -140.359236
-3676.580754 -2273.452673 -120.905111
-2463.639652 -1613.946155 -90.742451
-2851.632011 -1787.980544 -92.901323
-3431.425181 -2172.635804 -115.258791
-3280.236416 -2157.375967 -29.221224
-2573.798034 -1630.229368 -43.030837
-2759.733197 -1689.410937 -2.614204
-3525.214810 -2231.877816 -118.595677
-3379.209432 -2078.415197 -72.805111
-2682.525808 -1798.560568 -3.935784
-2720.819999 -1774.536986 29.718008
-3376.117461 -2076.523152 -72.896065
-3444.758998 -2155.820237 -132.170352
-3431.104625 -2145.657906 -132.315651
-3421.350976 -2186.407609 -45.308949
-2490.858402 -1615.827440 3.922417
-3750.050689 -2432.773016 5.921306
-3098.017503 -2028.127645 -21.435061
-3208.629182 -2101.086700 -117.146308
-2903.759260 -1955.091639 -37.361678
-2654.088577 -1794.061988 -5.900630
-2561.073005 -1685.885059 -23.423402
-3271.323686 -2123.753194 6.489408
-2990.788609 -1941.064058 5.720190
-2551.254399 -1604.012914 30.657232
-2427.233007 -1528.975077 -85.280623
-2650.993759 -1790.322509 -6.595249
-2556.732664 -1722.533801 -10.574934
-2639.784768 -1756.452553 -102.462937
-2640.063473 -1756.552529 -102.417501
-3516.857813 -2341.745085 -136.215373
-3700.235157 -2463.907393 -85.913614
-3239.470289 -2182.026703 -90.821780
-3420.912168 -2303.435103 -95.637177
-3123.746579 -2105.675234 -88.048513
-2654.967832 -1769.452382 -64.354471
-3554.116982 -2378.201373 19.601024
-2817.742495 -1870.716328 -112.661894
-3012.474507 -2013.241129 -112.885808
-3691.893160 -2468.458075 -138.131928
-3669.095594 -2451.426967 -135.930480
-3555.328625 -2247.911677 -62.179379
-3184.699164 -2102.312418 0.771424
-2290.200035 -1544.913704 -65.134854
-3445.330011 -2324.150357 -97.853278
-3578.381102 -2422.273266 -107.018606
-3003.557257 -2018.975139 -109.382689
-3125.038598 -2105.460684 -11.884570
-2407.778459 -1617.679358 -85.707737
-3124.766836 -2105.411480 -11.950002
-3287.017446 -2189.998666 -128.030668
-2160.529390 -1331.631993 7.932600
-3152.073257 -2069.045183 -19.134096
-2623.472414 -1748.514051 -101.259109
-3718.144361 -2446.475248 -32.584161
-3600.893416 -2296.865240 -83.569346
-2806.879669 -1901.405958 -83.781499
-3609.594898 -2234.333107 -91.881614
-3418.094501 -2186.457750 -45.331154
-3197.898714 -2002.089512 -88.654461
-2920.365050 -1829.324113 -95.338328
-3683.775914 -2293.602689 -86.022023
-2713.089607 -1789.749801 -26.946157
-2454.917563 -1555.622956 -41.689236
-2517.685575 -1714.319676 -17.055391
-3173.944958 -1939.278167 -92.647070
-2510.094361 -1599.829000 -102.157611
-3757.439610 -2310.861472 -121.551829
-3177.968766 -2031.511482 -148.147329
-3809.233243 -2520.526487 -162.587514
-3015.234776 -1995.317197 -127.171625
-2855.958964 -1831.410622 -135.140669
-2397.570413 -1530.699854 -112.505650
-3829.414354 -2410.117875 -169.111890
-3370.801175 -2163.569453 -157.404952
-3443.400086 -2276.989069 -147.518927
-2869.037821 -1866.031822 -17.353853
-3829.079785 -2412.794476 -169.915797
-2421.432114 -1483.929027 -76.398445
-3287.878279 -2192.391226 -132.236390
-3323.390234 -2096.747907 -136.662737
-2407.666027 -1496.375364 -20.870090
-2486.637964 -1610.582486 -15.784922
-3369.876210 -2095.085734 -28.302400
-2641.669918 -1760.897033 -106.912271
-2685.733156 -1793.241321 -105.797989
-2653.891933 -1773.257205 -105.386144
-3660.586279 -2435.024319 -148.033182
-3797.820963 -2459.499895 -25.824553
-2637.101172 -1653.058455 -112.569998
-2848.828860 -1769.935911 -113.229935
-3321.734931 -2122.944232 -150.835572
-2181.435162 -1441.308089 -91.305349
-3162.555350 -1968.507965 -128.555546
-3330.340276 -2072.987479 -133.436240
-3439.057389 -2164.027666 -150.387588
-2459.600650 -1624.062917 -103.164092
-3792.473028 -2503.895719 -157.827395
-3665.996852 -2300.642872 -159.367772
-3671.199282 -2243.550319 -111.398334
-2841.732615 -1781.570368 -121.673568
-3142.950459 -2003.132141 -138.846163
-3209.277832 -1961.492433 -95.201520
-2978.383173 -1822.517084 -88.249507
-3877.627871 -2420.608283 -160.363614
-3090.400171 -1933.591877 -131.795833
-3046.349921 -1894.076737 -121.039946
-3187.533863 -2036.552258 -145.426127
-3209.852750 -1961.708434 -95.210128
-3842.019112 -2593.006147 -38.837059
-2183.716811 -1420.132367 -11.686697
-3758.760604 -2408.496755 -172.143790
-3830.756094 -2491.336842 -21.754468
-3394.683710 -2236.598745 -142.248121
-3215.725364 -2061.167272 -147.594752
-2337.768040 -1540.146135 -97.046830
-3870.289656 -2489.186148 -178.265406
-2544.765041 -1628.757528 -116.041885
-2890.442981 -1858.401551 -131.804878
-3056.340687 -1872.577503 -91.578975
-2627.230357 -1690.187010 -120.472069
-2473.927236 -1591.271530 -111.695401
-2992.681992 -1834.356413 -89.601789
-2160.640928 -1387.646458 -99.689656
-2737.066689 -1676.407304 -80.672135
-3370.477353 -2156.261847 -152.809009
-2474.032606 -1590.578312 -112.196100
-2904.643757 -1877.322183 -131.699572
-3046.112249 -1890.501963 -113.900985
-2934.331161 -1832.931159 -120.032745
-3247.713663 -2189.074177 -89.834014
-3358.571574 -2173.874596 -156.871166
-3766.828361 -2426.612228 -174.260112
-3603.112672 -2209.322236 -109.383002
-2845.513247 -1822.607862 -132.001053
-3139.499361 -1924.037419 -96.654647
-3171.480418 -2030.057641 -142.302136
-2809.532987 -1810.666181 -129.763095
-3799.309178 -2367.989905 -152.120259
-3486.967095 -2257.313079 -163.611862
-3499.415439 -2147.728855 -103.496491
-2733.510469 -1676.480060 -84.140007
-3858.520659 -2508.998744 -181.231340
-2846.478987 -1848.943659 -132.752960
-3107.930353 -2026.497024 -143.618398
-2776.428974 -1775.913314 -128.989511
-3269.499491 -2169.252327 -139.252677
-2842.382820 -1818.482172 -131.384681
-2751.971185 -1862.635568 -79.897846
-2849.781826 -1864.233196 -131.637421
-2194.009655 -1415.096335 -101.702571
-3266.889906 -2126.013399 -19.859854
-2618.696374 -1703.668033 -16.065437
-2798.947826 -1853.580132 -118.166612
-3434.586151 -2294.214771 -135.095464
-2394.556902 -1466.734823 -73.163772
-3007.027291 -1990.895523 -125.459806
-3110.805875 -1934.544715 -126.498338
-3656.440277 -2269.683180 -142.858791
-3154.325197 -1912.786919 -36.674755
-2439.326309 -1518.150739 -99.160025
-3862.772185 -2368.619885 16.166800
-2950.077047 -1922.301698 -105.070714
-2294.224343 -1540.760391 -17.696002
-3612.245341 -2394.922815 -22.797431
-3214.270739 -2053.865168 4.117993
-2678.741466 -1710.851488 4.237664
-2656.385949 -1788.849887 -10.912026
-3580.401288 -2238.053824 54.739573
-3297.601560 -2008.950843 -10.749169
-2166.252577 -1327.506928 9.420974
-2894.568020 -1925.078785 -114.898680
-3708.730496 -2469.264128 -145.160609
-3549.797061 -2215.322881 7.970086
-3301.719109 -2025.434418 18.734415
-2585.312094 -1587.234443 14.606146
-2806.772283 -1822.789841 -36.996293
-2176.097131 -1344.919266 -75.865769
-3543.728436 -2307.659527 -19.549610
-3323.869685 -2112.379356 -137.317855
-3803.406041 -2463.264678 -55.839162
-3801.310963 -2305.989514 -86.145866
-2692.108690 -1636.143214 -3.783907
-3043.242550 -1856.663335 -2.408689
-3245.332578 -1967.551002 -58.452200
-3389.768367 -2099.743484 -137.713521
-3055.696147 -1915.447248 -133.365256
-3082.558922 -1864.801095 -40.153635
-3330.012662 -2084.756544 -144.747604
-2545.087541 -1621.437058 -115.525734
-3114.261728 -1882.874716 -39.094021
-2833.288211 -1866.917186 -121.147967
-2726.008814 -1742.219865 -65.773806
-3216.662301 -1958.112017 -94.256274
-3160.955973 -2014.719312 -140.162738
-3259.022334 -2010.135112 -123.584194
-3832.123420 -2336.987162 -119.956219
-3437.124646 -2153.336469 -147.731796
-3388.869783 -2100.309794 -133.855604
-3331.531518 -2062.579822 -131.932400
-2934.993246 -1812.989421 -112.629615
-2935.796130 -1873.081894 -133.678010
-3373.782702 -2081.978397 -130.074304
-3741.995626 -2276.439891 -108.252274
-2885.645039 -1841.070614 -130.906550
-2919.005665 -1797.769350 -109.040280
-3357.080428 -2048.221844 -104.778071
-3245.562032 -2069.648222 -147.704758
-3143.253314 -2005.394258 -139.884250
-3941.867187 -2429.377009 -149.069108
-2544.222176 -1569.975643 -97.556563
-2584.491725 -1704.001298 -109.486361
-3288.625938 -2181.171127 -136.308498
-2850.023160 -1846.686785 -41.973081
-3485.390633 -2118.567178 -99.911017
-3890.659192 -2364.082256 -85.186316
-2146.129799 -1301.463551 -54.879475
-3233.482431 -1957.744868 -68.187539
-3553.208882 -2164.640319 -106.227593
-3837.484337 -2392.862960 -154.720446
-2774.410464 -1826.900183 -121.302913
-3652.763490 -2498.240320 -30.559502
-3523.275517 -2421.518474 -64.914472
-3349.848735 -2298.742271 -26.430641
-3414.948706 -2341.036811 -74.099691
-3366.549593 -2274.319993 33.479216
-3462.937622 -2210.591911 -16.447106
-2528.239692 -1670.728277 -35.132298
-3124.347335 -2025.210097 -52.441464
-3561.609300 -2279.884460 47.461906
-2892.072816 -1882.902372 40.866865
-2504.215253 -1628.785404 35.479968
-2748.976228 -1864.661092 -1.664460
-2587.019776 -1715.573987 -87.897188
-3337.752046 -2105.270753 -47.033065
-3171.056189 -2126.743584 -45.032986
-2705.871566 -1762.585277 -70.400221
-3300.070317 -2146.538733 47.004126
-2663.309252 -1772.409574 -14.201312
-2398.980267 -1537.020099 -20.395831
-3132.683794 -2086.293418 -91.431489
-2732.134098 -1768.547346 -2.217078
-3671.262487 -2445.224184 -107.964311
-3463.628104 -2286.304621 -45.977852
-2217.969560 -1464.793386 -30.163162
-2511.200404 -1647.172689 -7.184532
-3405.573039 -2145.918852 -106.031892
-3100.178728 -1961.008259 -107.414408
-2911.290870 -1954.372633 -41.355824
-2392.288674 -1568.913590 -6.554067
-3223.135117 -2096.946159 45.155787
-2878.714372 -1865.171878 6.453562
-2462.373029 -1603.557492 -64.164560
-2511.610380 -1544.871959 0.728608
-2536.577989 -1701.990947 -35.998433
-2727.281599 -1739.168647 -39.240995
-3439.809655 -2229.118110 7.518981
-3412.343606 -2099.295983 0.517460
-2594.483821 -1727.106222 -13.169232
-2558.022904 -1689.546419 -34.266825
-3489.878412 -2252.648334 44.361013
-2540.480373 -1677.044218 20.500747
-3075.103987 -2068.991834 1.705975
-3426.330058 -2311.313981 1.332819
-3053.663653 -2018.385637 -47.035364
-3129.850876 -2025.836660 32.881450
-3134.525040 -2074.759400 -49.878049
-2732.252895 -1744.305869 -71.535945
-3130.551395 -2026.564447 32.488224
-2420.762215 -1567.558581 24.772819
-2491.665586 -1534.229967 -38.377903
-2972.803454 -1912.680468 30.507603
-3823.402170 -2432.442331 -67.596739
-3303.334357 -2150.967257 -85.424671
-2867.320277 -1806.977989 -39.849360
-2979.430746 -1916.169799 25.894929
-2398.415479 -1561.690341 -61.581335
-2662.850985 -1732.913068 -68.656587
-3446.527389 -2213.668586 -22.509033
-3277.676659 -2177.233451 -94.632218
-2957.659149 -1897.308248 -53.404402
-3576.046468 -2301.546517 32.276090
-2533.722433 -1704.354570 -41.492285
-3209.663356 -2067.033056 32.263128
-3724.270205 -2394.223850 33.560604
-2684.585777 -1729.552084 27.527476
-3669.654123 -2462.602833 -6.095344
-2891.980293 -1914.321907 19.547217
-3570.327958 -2294.138603 31.626828
-3906.492004 -2405.099903 -60.896403
-3052.907569 -2007.727583 -2.134341
-3503.970932 -2252.907502 -23.519454
-2637.552443 -1734.794870 -56.195348
-3216.467879 -2115.659637 -68.556256
-2978.821667 -1979.445014 -56.705839
-2515.527893 -1676.155931 -57.450219
-3523.925497 -2254.856122 43.856049
-2407.538610 -1531.744909 -71.184937
-3568.471303 -2270.573680 -105.211319
-2412.742501 -1535.522913 -71.769683
-2754.029192 -1771.375450 44.553154
-3253.900595 -2163.000468 -95.852800
-2416.488436 -1579.187875 32.386162
-3134.294692 -1947.104354 -83.558685
-3010.969061 -1903.511151 -84.014388
-2392.089440 -1589.648308 -69.457731
-3686.450877 -2290.473872 -98.347541
-3112.882322 -2114.171699 -14.748806
-2709.390635 -1716.397167 -67.563521
-2641.777906 -1693.608232 31.106029
-3202.171563 -1981.252297 -91.499411
-3002.625568 -1964.763828 -102.353238
-2876.132860 -1827.586945 -96.776019
-2290.378929 -1539.660958 -16.001717
-3179.888282 -2068.249995 49.963820
-2760.287689 -1765.999565 37.163613
-3212.968193 -1971.332029 -64.424474
-2976.489203 -1850.570432 -101.933510
-2843.998517 -1870.162285 -101.686715
-2648.534235 -1742.088657 -99.476815
-2413.518416 -1588.099974 -90.486088
-3030.183231 -1937.493284 29.951032
-2804.036466 -1810.000105 36.665183
-2391.344845 -1540.395864 32.264738
-2570.440784 -1645.926022 -54.147088
-3555.833431 -2277.373482 -75.155958
-3117.235743 -2007.810590 47.109563
-2919.173903 -1818.887985 -91.093020
-2753.779561 -1858.158232 0.860966
-3842.971448 -2403.006510 23.611627
-2267.526764 -1466.160194 -5.979986
-3049.037506 -1886.775270 -17.435382
-2930.984139 -1901.674434 -87.091123
-2584.447366 -1698.971310 -81.895124
-3458.938840 -2304.307452 -92.080629
-3468.725388 -2169.915190 -19.648967
-2981.071480 -1906.462959 39.789913
-2587.029180 -1607.467386 12.743564
-2757.728184 -1764.108016 36.604512
-3488.786358 -2260.139646 37.342791
-3793.360776 -2443.630692 -12.712659
-3419.863859 -2170.176267 46.052181
-2555.426452 -1661.474120 18.662640
-2856.363683 -1812.947189 38.784048
-3453.666459 -2252.932878 -140.845319
-3146.949018 -2025.646762 45.902453
-2480.097695 -1584.987090 -17.296289
-3376.867312 -2087.240327 -39.403500
-2815.251543 -1824.754371 -82.495281
-2469.973076 -1634.148716 -4.838179
-3851.560851 -2615.067890 -47.871482
-3055.905902 -1980.120635 -88.258016
-2844.941376 -1817.739495 -20.832504
-2774.209868 -1834.678359 -2.176319
-3450.084625 -2237.288592 -102.389789
-2962.582750 -1891.094755 -14.838124
-2478.275928 -1606.878070 -73.804801
-3053.118211 -1887.124047 -36.037133
-2564.181782 -1666.383579 17.809241
-3064.469380 -1932.250455 -63.519995
-3913.901467 -2408.893416 -52.785987
-2977.829739 -1948.623406 -17.844808
-3523.801197 -2197.963279 -108.515572
-2919.426169 -1864.115784 15.244647
-3473.003692 -2314.559838 -7.346447
-2741.528106 -1759.432510 16.040375
-3709.166855 -2368.667982 20.135924
-3450.139285 -2174.433699 -133.114619
-3254.829507 -2132.063001 -19.807566
-2876.552503 -1883.795294 -17.541907
-2817.974799 -1832.065318 -2.580433
-3134.591319 -2027.974163 -131.191652
-2968.753308 -1985.015716 -34.302955
-2778.284154 -1771.372194 -16.335996
-3150.427745 -1984.758046 -121.717014
-3149.688746 -2046.640600 49.723265
-2951.250661 -1858.614089 -67.115618
-3089.823165 -1981.467481 18.495795
-2966.448455 -1998.124309 -77.870049
-3797.215711 -2428.149948 -27.441053
-3382.844030 -2211.142487 -95.322912
-3475.420372 -2271.923116 -97.319937
-3355.277619 -2158.858335 36.693984
-2846.798701 -1861.680328 -80.905907
-3017.685901 -1935.944399 17.605311
-2498.996497 -1589.479599 24.809472
-2474.558277 -1557.495205 7.499566
-2725.334269 -1747.516267 -23.018095
-3837.768249 -2416.280602 10.658257
-3595.334749 -2248.250166 21.362998
-2562.469697 -1613.696230 7.849348
-2198.940572 -1470.623422 4.514741
-3847.266185 -2405.626704 -19.287335
-3195.897317 -2071.546269 -91.218879
-2467.992736 -1552.671382 7.364887
-3045.383067 -1930.021490 19.418231
-2344.620269 -1563.771426 3.014282
-2475.925470 -1658.506718 13.560521
-3133.148077 -2030.334258 -53.986226
-2578.895167 -1663.714533 -82.573638
-2421.348639 -1638.247251 6.191867
-2334.045576 -1509.999149 31.976091
-2883.226079 -1883.133105 36.470762
-3412.894248 -2230.326903 46.442841
-2088.642535 -1410.800283 -6.126086
-3731.209352 -2416.244681 -63.440022
-3330.071665 -2205.423109 22.593981
-2276.954269 -1492.070754 -85.816877
-3572.893569 -2378.986996 -101.750207
-3327.776019 -2203.614784 22.743300
-2319.947024 -1491.467732 20.681867
-2696.088912 -1696.206496 33.568639
-3497.740046 -2328.621554 -99.510340
-3440.615818 -2227.193112 -11.068246
-2744.501273 -1793.642403 38.995587
-2745.234881 -1867.293231 -2.597764
-3193.634240 -2087.133847 46.396521
-2948.956707 -1908.412169 38.924024
-3662.132370 -2331.170734 12.328517
-3889.558127 -2456.908829 -29.524385
-3573.260377 -2269.164758 -72.188902
-3463.960680 -2151.862787 -119.114037
-3118.716696 -1998.791676 -24.991307
-3492.019792 -2221.948132 11.119606
-2746.069974 -1757.839000 49.525209
-2599.184078 -1757.140582 -67.636891
-3417.612262 -2186.063066 52.425906
-2369.247917 -1515.735208 36.527743
-3113.098044 -2099.063262 -9.839076
-2260.064922 -1527.261921 -59.308640
-3688.756741 -2462.418258 16.970878
-3703.733089 -2375.018575 45.660874
-2369.170784 -1611.951874 -17.255350
-2530.603531 -1673.798071 -43.231477
-2304.273264 -1460.522874 -90.374562
-3273.719286 -2165.162504 -55.392311
-2665.383855 -1708.805690 32.475411
-3345.240164 -2226.841994 11.837987
-3005.842334 -1923.904914 35.856412
-3272.262064 -2207.298059 -10.077713
-2894.067588 -1966.268277 -5.421588
-2679.216722 -1807.451749 -8.169600
-3468.435452 -2342.507290 -91.613007
-3525.815740 -2255.605329 43.102598
-3864.787292 -2565.739520 -119.051378
-3594.971514 -2374.924927 -75.969511
-3156.228333 -2107.022751 14.663644
-3822.681143 -2531.078157 -6.454081
-2450.551773 -1526.624351 18.837677
-2755.433499 -1717.183849 21.235155
-2748.445587 -1713.091413 20.235178
-3426.215928 -2274.226499 -32.772743
-3554.238117 -2214.787985 27.550340
-3797.830070 -2438.274817 -33.426294
-2758.310466 -1769.212659 -24.633016
-2750.698949 -1737.591010 16.829609
-2724.789926 -1748.260184 -22.411257
-3425.686441 -2197.735946 -29.313957
-3480.273958 -2221.366454 15.102183
-2807.058003 -1851.090858 -21.396035
-3392.548864 -2223.635847 -127.175534
-2569.087803 -1683.685008 -55.908959
-2722.548024 -1722.652089 25.843870
-3642.249557 -2423.333301 13.136891
-3146.257841 -2144.373928 -42.440462
-3775.901076 -2555.970460 11.757167
-3072.776839 -2080.959623 10.373253
-2734.052696 -1745.010308 12.385609
-3270.789347 -2154.410947 -23.508784
-3007.990663 -1931.437452 27.622951
-3270.009258 -2086.152805 -125.046524
-3377.874494 -2244.965160 -117.096631
-2851.913876 -1751.237840 -55.889159
-3363.807501 -2053.788150 -33.857536
-2411.876707 -1604.028258 -68.341949
-2687.850745 -1661.366210 -76.848886
-2727.461315 -1793.904044 -47.566450
-3229.836621 -2074.911491 -71.751301
-2817.520019 -1870.836890 -88.143348
-2755.866382 -1710.194276 13.959891
-2973.066317 -1906.821318 35.425137
-2769.926611 -1706.023622 -79.363092
-2468.994093 -1567.569495 -87.166977
-2606.243530 -1629.832367 -63.078410
-2974.421319 -1885.605355 -110.142628
-3431.685684 -2305.982326 -24.550045
-3585.956956 -2371.497013 -3.181889
-2696.945910 -1721.055660 22.708819
-3529.700517 -2149.317612 -43.658788
-3881.886799 -2560.568170 -155.475778
-3168.654398 -1966.862039 15.652308
-2329.776301 -1489.534684 5.048464
-2841.717331 -1872.505450 -113.072243
-2525.492651 -1567.890070 11.836869
-2913.203837 -1831.700592 1.647720
-3020.004330 -1927.697481 24.649396
-3319.843519 -2077.392869 -132.261128
-3689.421076 -2356.696343 -60.878561
-2948.737863 -1845.557227 -116.954584
-3288.274424 -2192.596939 2.794346
-3170.441546 -2103.536094 -3.410812
-3368.537967 -2220.136190 -24.277767
-3200.676832 -2118.016220 -45.232749
-2452.320786 -1630.329781 -85.492279
-3069.294962 -2026.473733 -24.153254
-3846.258408 -2463.193212 -29.015374
-3724.868602 -2514.061307 0.316618
-2525.724407 -1569.001008 12.063166
-2977.825729 -1836.808199 -88.001972
-2857.968340 -1929.223353 0.236083
-3756.280327 -2416.736039 -50.309265
-2472.750443 -1591.225716 -33.251743
-2987.131191 -1871.363690 -119.650705
-3256.600398 -2086.645429 -25.386291
-2050.161132 -1281.488656 -80.497775
-2368.064543 -1515.751715 36.718447
-2261.169276 -1461.735385 -8.777042
-3419.489976 -2193.053126 41.321023
-3504.007305 -2270.080542 -17.026094
-3331.251475 -2250.763865 -93.864524
-3861.307464 -2529.949812 -85.040229
-2968.524522 -2006.430110 -83.561740
-3335.760367 -2054.130877 -63.333677
-3879.401833 -2459.732168 -151.688309
-2613.687324 -1698.134331 -114.970189
-2404.766700 -1500.084648 -93.078028
-2404.776932 -1500.486976 -93.567081
-3773.294452 -2419.699969 46.961086
-3449.975007 -2126.332584 -105.286407
-2769.895925 -1705.580815 -84.278547
-3841.924256 -2467.469226 -170.650236
-2451.780459 -1574.429002 -109.429105
-3822.038566 -2353.738515 -119.464922
-3249.004042 -2095.264247 -31.004159
-3422.694748 -2178.405053 -36.274899
-2774.635331 -1765.807962 -29.396087
-3229.224477 -2088.526882 -27.075940
-3230.912989 -2089.647742 -27.125613
-3017.753163 -1865.513811 -91.679519
-3215.798147 -2076.634531 -32.133633
-3816.112107 -2459.419288 77.800230
-3003.999158 -2029.039201 17.846226
-2346.805942 -1437.788215 -15.945840
-2809.069790 -1816.616417 -116.417337
-2586.378336 -1721.941688 -12.774945
-3177.130509 -2045.427988 36.036721
-2361.990591 -1498.054017 34.376034
-2992.040693 -1897.066885 43.029537
-2022.950573 -1296.010973 20.968963
-2998.361636 -1878.201670 -30.293526
-2371.793185 -1610.259656 -10.589998
-3805.425918 -2579.936474 4.382288
-2810.750023 -1760.133707 -28.036594
-2951.100461 -2004.542853 -13.687072
-3052.797280 -2020.906245 -50.416320
-3037.295289 -1951.889562 -66.454056
-2478.357859 -1672.430596 1.179227
-3039.191824 -1954.005099 -66.146542
-3019.138183 -1933.658494 -61.457896
-3343.777380 -2175.791335 49.071951
-2635.058261 -1751.168024 -74.149091
-3660.038393 -2469.299863 2.134091
-2715.877879 -1739.377134 -56.045979
-3735.246084 -2402.270558 -81.687192
-3707.928800 -2372.630984 17.855877
-3091.991461 -1980.657483 14.202164
-2782.775870 -1711.736363 -63.923534
-2919.706630 -1990.675037 -40.511877
-2517.642445 -1587.754998 35.178397
-2365.517820 -1492.248576 33.026687
-3871.193515 -2434.913166 -24.037947
-2450.147466 -1543.228400 34.726926
-2752.249841 -1857.511637 0.778806
-3177.557502 -2154.168174 3.686793
-3824.664399 -2592.489912 4.431062
-2953.290458 -1898.624781 -44.791487
-2372.171010 -1551.336055 35.157401
-2576.489049 -1655.841525 -38.589365
-2525.051067 -1604.859963 -37.442316
-2360.588878 -1555.574666 -33.285916
-2517.809314 -1595.385425 -96.562797
-3157.048824 -2000.505160 -124.735291
-2995.571727 -1981.909788 -50.078481
-2984.573920 -1974.404178 -50.793524
-2527.476160 -1584.194919 24.450372
-2514.690573 -1575.960178 24.374596
-3717.762574 -2501.488802 0.214513
-2997.242961 -1983.115229 -50.036783
-2847.485215 -1762.396355 -75.868318
-2475.182512 -1594.669396 50.210804
-3063.144934 -1896.658582 -81.484968
-3668.264393 -2355.325719 -51.167659
-3890.430617 -2497.472415 -54.063506
-3293.591194 -2133.282357 62.578423
-2923.057385 -1870.161998 27.157381
-3053.667842 -1914.688162 -119.959100
-2726.011476 -1749.842747 -21.554171
-3472.276331 -2177.975987 -122.241409
-2935.596015 -1996.510652 -3.536087
-2422.192899 -1647.058139 -2.692391
-3139.893253 -2135.431135 -3.901047
-3269.798566 -2065.315759 54.228464
-3250.088055 -1977.574443 -40.670517
-3838.197400 -2422.743625 65.608609
-3778.998707 -2429.946477 -55.088340
-3155.594245 -2047.773354 42.685545
-3165.896693 -1983.424585 -126.048793
-2684.459628 -1739.781272 50.367551
-2935.864956 -1995.598789 -4.209021
-2172.803510 -1472.101949 7.433585
-3103.678012 -2124.734829 -24.623645
-3225.659934 -2116.622387 -142.117254
-2169.670161 -1461.600552 4.752791
-3262.476677 -2104.162270 -12.247069
-2678.105164 -1726.946896 -10.077527
-3746.644653 -2362.444529 -152.925031
-2444.180360 -1532.121702 -24.577035
-2949.745289 -1912.097092 6.283228
-2729.855698 -1769.265269 5.679881
-2670.593864 -1814.009633 -12.889252
-2398.040750 -1601.440044 10.673547
-2872.218306 -1909.520110 -0.023257
-3651.305422 -2426.643679 0.260207
-3237.375541 -2152.514749 0.413611
-3784.317110 -2319.711869 -62.063607
-3205.450188 -2028.307006 -87.629863
-3245.437019 -2053.724974 -113.175913
-3240.634432 -2198.160484 -29.242271
-3929.633886 -2462.265719 -39.772291
-3819.093315 -2454.979972 -24.207769
-2652.346438 -1771.887212 12.000374
-2452.102395 -1573.330125 5.007550
-2282.749223 -1526.030296 -20.191577
-2863.930701 -1883.355842 -90.581046
-3117.266775 -2107.198801 -10.720000
-2675.281699 -1750.167507 -91.686292
-2474.895567 -1583.291951 -18.548498
-2527.919276 -1681.723481 -73.247837
-3039.733447 -2023.344189 -88.185060
-3251.986957 -2162.923404 -95.673769
-2732.262518 -1769.688732 13.717058
-3542.918021 -2189.269178 -41.823365
-3743.536583 -2550.748055 -73.512417
-2900.769548 -1792.458056 -33.832324
-2903.548736 -1794.055438 -34.047145
-3377.294974 -2086.454574 -40.038208
-3114.153263 -2113.242490 -8.540940
-3234.512405 -2150.136617 0.499852
-3732.820228 -2376.983630 11.429539
-3408.751670 -2310.768531 -37.715107
-3209.432951 -2122.568401 -43.529185
-3109.703446 -2016.326358 6.281141
-2854.471719 -1801.648032 14.781867
-3501.757148 -2328.824152 0.545036
-3753.738737 -2403.134795 -59.496542
-3145.563125 -2011.192976 5.112487
-2478.442805 -1570.599599 16.949030
-3145.195359 -2046.570623 27.310324
-2751.258895 -1842.779348 15.703444
-3114.565445 -2118.068185 -9.227313
-2753.414483 -1823.866763 -105.958441
-3693.549694 -2487.509517 1.842629
-3118.218762 -2108.701075 -10.860718
-2780.592716 -1892.786691 -1.810602
-2397.014560 -1623.483860 9.826624
-2757.637009 -1867.566080 10.558486
-2969.119894 -1913.310949 -26.668516
-2608.910251 -1775.492914 -68.487571
-2616.882825 -1789.545202 -49.017374
-2785.587276 -1904.316575 -51.844732
-3623.360933 -2412.871517 12.412658
-2756.680095 -1693.431048 -77.918719
-2653.410763 -1801.408988 -2.666541
-3919.561923 -2412.306932 -111.305619
-3460.004386 -2284.804321 -7.969989
-3250.044452 -2080.328796 -26.208962
-2553.319403 -1725.330258 -33.341532
-3560.956422 -2280.106106 53.999787
-3361.235677 -2238.661067 11.241595
-3168.637890 -2028.207824 -25.924001
-2714.877580 -1717.324591 -105.983452
-3533.763063 -2413.203584 -76.428208
-2895.579179 -1869.817337 -19.365109
-3199.881847 -2188.555458 -59.948467
-2842.525981 -1836.110343 -19.937590
-2727.136485 -1862.493431 -41.948781
-3132.448245 -2139.435363 -60.759707
-2792.630005 -1826.611826 -120.607658
-2470.233534 -1688.574671 -52.019333
-2626.210907 -1784.770435 -68.947570
-2513.857453 -1635.714810 26.550977
-3298.577018 -2145.688079 34.846004
-2606.740987 -1780.983775 -53.883024
-2202.961913 -1501.127748 -21.427103
-2294.568273 -1565.965879 -50.318601
-2667.826335 -1819.091265 -24.822188
-2555.838661 -1746.583129 -53.628018
-3166.073003 -2158.720139 -77.153859
-3383.550353 -2213.091188 -145.091527
-2725.692172 -1790.276042 -112.455813
-2957.804270 -1900.329659 -32.560376
-2604.439638 -1710.013831 -107.042004
-3840.759190 -2468.524371 -41.495702
-2470.800272 -1588.440793 -27.751476
-2454.339813 -1673.197677 -59.301878
-2934.584611 -1997.532566 -8.514037
-3215.756864 -2159.163547 24.229179
-3373.276023 -2295.706245 -9.801610
-2602.628795 -1773.538356 -61.297573
-2927.533089 -1994.778914 -69.538994
-3699.280085 -2337.812692 46.913381
-3467.453190 -2309.690673 -79.982551
-3480.791982 -2297.098229 -24.007231
-3236.664986 -2136.186627 -23.870430
-3198.641114 -2163.186957 -36.858832
-3012.525861 -2049.214780 -81.952975
-3726.100804 -2353.684635 45.972177
-3846.032967 -2618.841289 -99.260725
-3249.990866 -2209.817691 -87.626917
-3012.032886 -1977.501957 -124.293242
-2712.755267 -1849.367111 -24.384700
-2731.679884 -1790.367522 -116.141988
-3127.309877 -2135.983122 -54.025080
-3677.725475 -2372.690682 -22.797085
-2651.569795 -1805.584065 -6.544565
-3567.224191 -2303.057223 -29.130789
-2778.626976 -1790.005118 -23.319433
-2628.858163 -1799.532239 -44.465930
-2545.986785 -1742.740009 -48.682508
-2668.962736 -1689.460617 25.710490
-3820.624922 -2418.259882 36.616192
-3498.068610 -2365.606018 8.189563
-3064.303562 -1940.537410 -128.332526
-2507.287267 -1607.126101 -25.095552
-2505.715002 -1694.301681 6.011587
-3588.773241 -2456.127585 -58.869811
-3655.649220 -2360.855723 -27.627685
-2509.053746 -1710.519293 -63.506474
-2480.630494 -1688.182740 -22.428049
-2418.011076 -1650.252954 -8.444679
-2687.157279 -1836.805839 -41.301254
-3359.118833 -2207.507091 -142.281660
-2949.253872 -2010.218280 -24.820959
-2347.466242 -1539.800207 -100.860990
-3502.632463 -2388.236336 -88.831214
-2798.387181 -1914.667610 -53.253615
-3378.528839 -2316.232617 -56.381080
-2695.523740 -1814.796184 23.120259
-2479.246281 -1697.211375 -52.821302
-2963.554025 -1924.594880 -18.973550
-3010.862011 -1987.144196 -120.102881
-3747.847366 -2319.499175 -72.508940
-3737.401210 -2411.078344 -34.035438
-2813.639406 -1856.360389 -112.180207
-3523.659087 -2160.959844 -58.640638
-2528.649930 -1582.321687 20.083020
-3120.125554 -2110.066908 -11.240578
-3468.684152 -2294.282377 -48.173783
-3145.465112 -1958.114810 13.980514
-3106.970925 -2007.691251 -28.234685
-2559.692350 -1653.958615 -22.524206
-3050.644399 -1997.283934 -138.113196
-3050.550668 -2036.644623 -123.276180
-2925.639246 -1984.952845 -4.493839
-3345.845910 -2178.149232 -147.013737
-3846.615052 -2597.136369 -134.389937
-2530.363285 -1726.682421 -24.582203
-2618.055209 -1778.458495 -26.549981
-2879.282790 -1882.901879 -126.604597
-3695.955254 -2494.880895 -131.418840
-2691.044194 -1802.241508 -106.146141
-3348.438800 -2190.059074 -145.901389
-2764.514265 -1881.392024 -7.188744
-3097.163548 -2110.746169 -31.236709
-3224.011073 -2109.867878 -140.352441
-2649.339004 -1777.591556 -101.296753
-3682.678394 -2485.558698 -132.160522
-2822.995778 -1900.089382 -103.030126
-3670.453717 -2469.867198 -136.443078
-2780.198578 -1870.592089 -101.387935
-2782.791910 -1872.251430 -104.032852
-3398.451506 -2279.205335 -130.648394
-3563.401356 -2396.771163 -134.417362
-3389.630718 -2278.855692 -127.530773
-2268.880946 -1525.008379 -84.667584
-2552.103377 -1712.943748 -97.440595
-2682.223851 -1800.162954 -101.548848
-2614.055632 -1758.288808 -98.110867
-2569.788088 -1731.089648 -92.835897
-3580.463090 -2413.885803 -126.192060
-2686.409534 -1799.853600 -105.272542
-3051.923377 -1929.936160 -128.404544
-3751.300916 -2526.638774 -134.582813
-3348.668639 -2244.746957 -131.684144
-2678.667271 -1783.330798 -26.951630
-3705.599584 -2398.084164 -169.384171
-3203.691292 -1997.842368 -123.461371
-3794.222078 -2457.087862 -173.432206
-3092.843383 -2008.354120 -18.969419
-2407.650377 -1564.905221 -108.135145
-2796.335420 -1890.866459 -79.704437
-3088.888108 -2005.841984 -18.919966
-2426.086164 -1576.644599 -109.338841
-3510.894139 -2262.691107 -160.962642
-2508.858977 -1706.703934 -69.987797
-2150.914768 -1466.562757 -16.575730
-3779.061388 -2569.145718 -102.081245
-3246.656624 -2204.041430 -93.026639
-2240.670271 -1521.095675 -62.746473
-2998.086691 -2011.362530 -117.687861
-2952.259174 -2003.250558 -85.104367
-2691.650485 -1797.948540 -109.121318
-2935.088609 -1997.936771 -81.567673
-3625.742574 -2414.377799 -154.181930
-3104.646959 -2070.391264 -131.022070
-2402.586824 -1603.068365 -100.088830
-2819.917533 -1883.092423 -116.854983
-2074.669332 -1393.432686 -81.434681
-3573.264966 -2422.808379 -105.680372
-3191.408907 -2015.335101 -134.566467
-2769.346138 -1858.181148 -109.192620
-3699.700271 -2383.223871 -35.858362
-3167.448258 -2121.460647 -126.693546
-2698.116082 -1806.836150 -107.291551
-2578.642052 -1737.623399 -94.977700
-2573.259343 -1688.054035 -113.230567
-3812.565050 -2508.648002 -165.124644
-3117.485089 -2130.403033 -17.796627
-3442.996502 -2225.805055 -27.187303
-3070.334456 -1987.151371 -24.358760
-2782.784986 -1881.544315 -96.178949
-2350.142453 -1588.813880 -80.879901
-3572.037798 -2412.071303 -121.391159
-2599.890475 -1777.091723 -63.382958
-3794.536202 -2594.041748 -92.744171
-3750.200403 -2561.680942 -90.145025
-2766.548412 -1890.908372 -71.124822
-3501.558537 -2391.198456 -89.781491
-3273.612111 -2235.204478 -86.212742
-3582.932193 -2443.548391 -91.976737
-3011.814517 -1981.085902 -129.587434
-2283.417813 -1563.197617 -40.942046
-2961.233994 -1917.006931 -24.373005
-3147.986587 -2062.606888 -136.811367
-2497.164043 -1638.195105 -107.990551
-2496.517679 -1638.144106 -108.049517
-2484.749059 -1608.477261 -18.205599
-2839.222367 -1861.862741 -127.270955
-3095.605733 -2029.203586 -138.707535
-3641.397830 -2449.750366 -139.658825
-2449.745142 -1644.728690 -97.133179
-2694.569733 -1824.410901 -95.795496
-2946.033897 -2012.533309 -25.956941
-3828.032345 -2616.854038 -34.754978
-3387.536665 -2291.454257 -121.891362
-3919.334406 -2482.390933 -165.878305
-3526.136299 -2363.510091 -144.227534
-3344.561202 -2195.537883 -150.288188
-2510.190585 -1647.750407 -112.346158
-2914.549931 -1972.720012 -103.861563
-3759.543041 -2466.630168 -171.582772
-3252.852184 -2222.843144 -7.450322
-3270.335224 -2208.168082 20.535857
-3767.961361 -2578.804723 -3.648015
-2630.283280 -1784.832654 -6.106462
-3441.136175 -2179.494916 50.750645
-2632.620610 -1657.926543 -107.061651
-3388.307768 -2289.725214 14.441928
-3412.467812 -2318.464457 -15.474293
-2899.694667 -1955.804369 -7.088473
-3508.563603 -2381.173075 -8.174635
-3089.525929 -1935.861232 -31.741146
-3261.157815 -2215.537300 -14.952920
-3160.883608 -1937.624112 -18.335203
-3429.623082 -2325.714184 -1.757090
-2769.830985 -1888.123953 -54.020369
-2772.952622 -1890.532783 -54.064693
-3784.078459 -2397.135104 55.703588
-3175.541629 -2079.021638 31.753675
-3274.151351 -2007.550516 -18.319088
-3547.848902 -2409.945054 -14.746485
-2752.221545 -1800.524926 45.388359
-2470.893398 -1616.344526 40.954060
-2642.513802 -1729.294251 42.368198
-2797.856587 -1720.038803 6.053361
-2418.513074 -1524.983176 -98.438898
-2994.762339 -1926.462915 -44.706974
-2477.985276 -1689.950585 -8.716848
-2431.151851 -1639.758053 13.377083
-2818.147135 -1814.065394 -39.390872
-2022.171974 -1281.488716 26.014753
-3701.683291 -2346.811163 47.932552
-2721.571274 -1784.970462 -107.176979
-3825.500448 -2614.449471 -78.626133
-2872.218930 -1885.150627 -121.858757
-3050.215916 -1961.839447 -30.301424
-2963.665714 -1906.279730 -33.385234
-3182.597474 -2083.273090 51.801241
-2494.460633 -1633.282015 41.021196
-3212.097341 -2154.262354 46.138706
-2471.646626 -1694.415767 -34.607039
-3668.544208 -2480.749916 -117.094217
-3244.627407 -2116.887704 64.211706
-3681.341963 -2493.211601 17.362368
-3471.011264 -2339.392955 20.380678
-2829.711867 -1904.555848 30.312152
-2940.013230 -2008.457945 -0.346489
-2673.158140 -1825.727289 0.303110
-2672.736971 -1825.554983 0.136062
-3651.716589 -2491.363819 0.159751
-2144.070256 -1462.727709 -0.250821
-3439.217249 -2345.819816 -1.197443
-3444.871964 -2356.227147 -51.896609
-2453.163549 -1603.999533 42.329034
-3144.929981 -2145.309033 -27.495251
-3400.486794 -2223.072185 59.501477
-3539.724086 -2392.384516 -115.252831
-3544.942597 -2396.274229 -117.437333
-3542.786336 -2394.022745 -118.065134
-2583.129506 -1770.429516 -38.649392
-3549.294308 -2395.432886 -116.536679
-3734.783131 -2520.401355 -123.230989
-3390.582834 -2285.956251 20.150826
-3469.448490 -2338.855683 20.607737
-3736.718789 -2559.123622 -17.893316
-2621.809932 -1798.747784 -38.400379
-3073.737731 -2105.398080 -50.862460
-2935.969254 -1978.387159 25.760836
-3256.497227 -2109.022788 -24.354687
-3498.541799 -2267.154335 -27.072321
-2906.326520 -1834.982711 39.344484
-2368.770226 -1616.380934 -35.292681
-3785.546725 -2447.467998 -35.554864
-3345.340663 -2174.699613 -152.113332
-3720.763314 -2395.286401 -34.873142
-3223.274374 -2207.337657 -7.350729
-2952.608384 -2022.757369 -21.924452
-3550.083495 -2423.488411 10.790764
-2634.648421 -1779.899428 27.421380
-2523.109019 -1695.657429 26.574269
-2895.927387 -1970.913725 9.712866
-2290.834027 -1574.193312 -36.669191
-2839.746716 -1944.841790 -57.360236
-2292.298609 -1560.672488 7.666057
-3628.604898 -2293.672514 -151.289846
-3221.651851 -2115.544942 -141.431866
-2913.603898 -1974.021241 -97.330225
-3038.597971 -1997.946688 -131.444111
-3419.053596 -2338.138878 -22.183261
-3672.885208 -2411.194840 -161.079717
-3439.137897 -2346.881858 -3.622454
-2838.147130 -1937.444998 -4.251770
-2780.846439 -1906.978910 -24.639484
-2673.992664 -1813.678888 -90.956638
-3729.743546 -2531.665713 -127.734711
-2734.317988 -1799.632033 -122.147717
-3112.834487 -2111.641323 -106.388823
-3290.786238 -2244.875081 -95.431151
-3127.194803 -2147.769983 -58.119220
-2694.446233 -1848.179194 -61.019980
-2980.154275 -1800.401438 -58.945325
-2587.123138 -1569.574042 -8.565423
-3795.521311 -2301.359041 -13.015810
-2590.699566 -1573.230960 7.840204
-3033.983976 -2016.188475 48.784649
-3473.281967 -2210.573769 35.620661
-2927.845048 -1968.632086 20.651531
-2619.201602 -1756.670692 -33.866354
-3697.972360 -2349.484934 -81.639748
-3717.901539 -2322.350320 -49.173152
-2941.117816 -1803.468191 -23.531892
-3017.013836 -1915.186300 48.859085
-2377.513126 -1508.785564 32.828441
-2947.207014 -1918.625227 -8.596581
-2510.874011 -1658.838783 19.373771
-2503.448348 -1599.368151 34.773635
-2616.689114 -1682.421249 25.282055
-3335.935222 -2033.781744 -21.028960
-2392.024077 -1609.266766 1.627037
-2916.849428 -1959.239398 -20.344171
-3167.545349 -1930.918723 -20.357189
-2836.794484 -1824.424203 35.443527
-2832.714070 -1821.818174 35.446021
-3186.958238 -2049.994669 40.760856
-3013.376290 -1939.242067 28.308300
-2568.806830 -1653.187253 24.878657
-2670.857358 -1688.697042 24.336593
-2413.695081 -1471.615011 -15.048001
-3747.415851 -2408.919593 46.430435
-2440.256289 -1564.358268 -46.608310
-3029.827182 -2023.523812 -65.971133
-2710.336893 -1806.324876 -22.833475
-2223.546656 -1487.064439 -25.967767
-2654.584238 -1744.771870 -98.902471
-3498.358869 -2223.004843 -117.130404
-3138.330538 -2084.387513 -92.115125
-2418.468561 -1611.307294 -62.597642
-2941.144547 -1844.345001 -80.548348
-3484.393585 -2229.270987 -147.737453
-3861.596312 -2564.818137 -112.760722
-3384.784507 -2248.742492 -99.267756
-2363.872873 -1570.293564 -68.803684
-2895.726262 -1816.734880 -38.242704
-2709.652174 -1821.844458 -34.738569
-3207.796695 -2127.109681 -107.357453
-2901.280375 -1918.021907 22.899831
-3011.910033 -1998.303594 -102.216508
-3214.879972 -2066.753180 33.029727
-3068.872784 -2042.095128 -39.211015
-2522.816553 -1679.100542 -32.591610
-2631.859725 -1678.808271 -70.470983
-2803.451885 -1802.533476 28.909542
-3653.177341 -2384.167511 -28.366253
-2346.768683 -1434.069962 0.725668
-2764.113935 -1758.941124 27.951400
-2613.861970 -1597.695581 1.453724
-2693.900935 -1714.597364 27.066878
-2456.938491 -1607.689470 -16.082871
-3456.778914 -2320.721400 -90.732895
-3529.045826 -2306.206507 46.887307
-3058.161383 -1920.751309 2.640802
-2452.352217 -1567.240906 -104.679328
-2416.986861 -1492.761907 -59.155345
-2512.683886 -1606.510317 -40.066876
-3120.369082 -1994.994147 -49.037679
-2905.264108 -1966.592149 -20.343178
-3419.617383 -2170.517527 -34.104324
-2815.180509 -1807.406137 -45.187869
-3494.028771 -2279.141741 53.391952
-3311.814518 -2116.480072 24.100950
-2454.285689 -1558.762467 -49.768262
-3319.769119 -2104.257152 54.768016
-3556.819282 -2207.856883 11.363788
-2526.682142 -1652.018253 -19.104974
-3558.987276 -2248.063406 33.134479
-2801.297540 -1758.592835 -99.482291
-3260.042497 -2094.309789 33.523903
-2394.601925 -1613.623942 -23.998603
-3316.144433 -2059.508990 10.820103
-2997.905185 -1962.353814 -22.213846
-3472.360749 -2214.068152 23.790064
-2798.685893 -1784.853155 19.431837
-3651.263824 -2389.775639 -27.673641
-2528.402372 -1655.135091 -19.030961
-2588.884614 -1644.704894 36.168270
-2856.237366 -1865.739605 -80.629056
-3181.383104 -2044.946009 39.011409
-2777.921849 -1764.998287 44.127049
-2517.696422 -1599.518405 40.144448
-3805.365515 -2532.927649 -48.185707
-2850.217818 -1814.259055 -121.191449
-2852.332928 -1815.556538 -121.399683
-3264.193924 -2081.441622 -138.597522
-2870.024986 -1774.359126 -103.298377
-3148.921502 -2007.169328 -133.371055
-3379.315840 -2057.857353 -80.374291
-3375.607384 -2158.582097 -145.120489
-3120.523970 -1959.824928 -94.600771
-3880.271358 -2500.750794 -46.130919
-3782.557554 -2388.104988 -7.705284
-3810.897005 -2582.712065 13.187971
-3678.117844 -2265.254811 -119.441026
-3017.891309 -1913.663875 49.391147
-3117.179977 -1999.890920 -23.859457
-2346.706672 -1534.033613 -24.301960
-3439.928955 -2215.915474 -36.513767
-3018.366550 -1944.160109 -31.932684
-3247.180360 -1971.750238 -33.832776
-3510.032698 -2238.653038 -153.079340
-3543.932657 -2260.952066 -153.261007
-3244.935535 -1971.129197 -35.075688
-2418.748781 -1497.796751 -92.770473
-3330.646828 -2068.455668 10.558404
-3317.954723 -2185.452071 -136.031704
-2597.068752 -1711.044644 -106.191318
-2763.242728 -1826.344882 -112.453500
-2453.700211 -1511.494814 -75.159165
-3498.728974 -2151.216004 -107.393238
-3008.690249 -1985.790344 -123.086302
-2168.425056 -1365.302258 -92.551923
-2354.999334 -1518.464373 -25.364382
-2656.172850 -1616.249469 -29.190798
-3869.476427 -2466.255885 -166.886959
-3637.712848 -2317.724414 -156.553294
-2855.214225 -1792.238721 -119.975171
-3172.433020 -2041.829954 69.374930
-2922.101604 -1893.799741 -34.887549
-2321.048153 -1499.606625 49.198169
-3496.083008 -2177.742423 56.300990
-2712.172135 -1834.358854 12.017723
-3466.124291 -2199.325290 48.768062
-3754.139633 -2382.508178 52.785000
-2374.920541 -1506.509919 34.152220
-2920.007760 -1863.757378 41.509644
-2608.328531 -1637.223187 -77.865615
-2706.244749 -1832.390234 6.437660
-2898.937582 -1768.146389 0.271598
-2444.742732 -1513.998200 -81.202019
-2922.988309 -1872.344191 14.112269
-2556.562300 -1717.459146 -33.345177
-2525.765149 -1696.915500 -32.877235
-2476.297101 -1681.646988 -31.539422
-2690.222922 -1652.572005 8.553106
-2448.878267 -1537.012295 39.576963
-2931.157626 -1996.797499 -41.606501
-3699.682300 -2442.370782 50.033447
-2850.597922 -1746.065146 8.171049
-2703.479100 -1673.495270 30.863086
-3156.260119 -2008.616269 60.576930
-2084.545894 -1348.983820 40.782345
-2527.275588 -1551.958622 7.145043
-2731.031347 -1736.993033 53.168568
-2433.314265 -1572.930872 47.472729
-2370.459258 -1493.444262 34.409828
-3573.251562 -2331.190427 56.001613
-2828.456013 -1817.573385 -38.299260
-3424.619482 -2121.359320 45.762542
-2604.394796 -1591.525875 2.318521
-2950.481998 -1830.621205 39.699845
-3284.069835 -2124.450863 63.140643
-2901.613432 -1896.331269 -31.154864
-3622.010229 -2432.389716 -45.816224
-2617.072082 -1758.291093 -33.953202
-2727.624550 -1752.589061 58.843834
-2460.424300 -1599.726583 -23.941976
-2790.893459 -1775.736133 53.574103
-3883.799488 -2524.364026 -37.786302
-2825.044038 -1767.206880 47.608475
-2823.887856 -1766.560259 47.624788
-2461.416760 -1594.760252 51.284113
-3134.022539 -1980.991714 63.615836
-3581.088192 -2262.769071 74.937303
-2428.631288 -1489.963775 25.125409
-3131.927692 -1939.013902 46.240073
-3753.273271 -2322.177996 56.811688
-3697.789121 -2267.658466 40.628752
-2796.102543 -1724.085163 38.096773
-2890.289695 -1916.769571 49.239068
-3231.669861 -1957.025552 -50.220121
-2444.019930 -1479.171411 -38.450945
-2804.401995 -1707.630506 10.749880
-2996.262550 -1861.762717 48.409131
-2792.754171 -1729.972904 40.816788
-2709.501593 -1836.807289 5.981410
-2544.239971 -1570.299800 -86.635026
-2890.151716 -1758.803127 -2.332878
-3691.448138 -2246.278154 -3.520947
-2982.982538 -1897.976343 -127.606628
-2586.321377 -1576.221709 0.583230
-2623.837208 -1696.854290 52.106305
-3145.088872 -1941.495334 -1.921695
-2866.636769 -1744.464805 6.940602
-3073.704801 -1871.920653 0.895229
-3414.503548 -2080.259392 6.046160
-2452.102024 -1493.734704 0.460760
-3619.077781 -2204.778424 2.437325
-2127.728243 -1294.107707 3.992023
-3579.068938 -2260.486417 68.882926
-2905.139555 -1759.801733 -20.168313
-2609.403092 -1582.661288 -10.936437
-3090.766507 -1879.278408 -9.231321
-2559.769010 -1574.178177 20.582877
-3500.584145 -2212.520187 64.289287
-2581.995557 -1577.998714 2.677442
-2866.560330 -1769.676135 35.588208
-3939.916564 -2381.896512 -25.524059
-3677.341621 -2326.561391 65.184693
-3683.568527 -2332.283951 71.067327
-2588.076166 -1638.636396 46.799541
-2487.023006 -1606.477255 -26.853397
-2396.512208 -1504.254460 -84.937643
-3649.347102 -2251.772252 -122.369880
-2839.533745 -1804.720783 -121.450677
-2156.709795 -1315.721594 -6.282930
-3632.162076 -2311.577585 -155.654835
-2726.482696 -1749.703805 -20.529767
-3629.769641 -2271.429801 -147.136340
-3867.635143 -2470.225928 -166.963739
-3677.606551 -2301.332176 -148.801699
-3020.115718 -1835.019131 -32.362573
-3677.337185 -2300.466681 -148.525958
-2764.505726 -1673.239387 -60.967874
-3799.579264 -2330.698655 27.549621
-3032.178675 -1840.408869 -52.371382
-2741.919524 -1655.603218 -21.504668
-3946.458541 -2389.625933 -24.856220
-3105.905711 -1878.040725 -50.291591
-2940.901997 -1784.724286 -75.426200
-2730.056622 -1657.709875 -70.450972
-3448.342022 -2085.774290 -70.837801
-3489.063196 -2147.624945 39.438294
-3889.383055 -2356.657194 -18.746783
-3747.897700 -2279.581617 -2.508876
-3261.480540 -2059.567492 62.403347
-2146.629192 -1295.924160 -19.911116
-3439.586817 -2197.610804 -149.592212
-3203.301367 -2094.446596 -152.976980
-3856.519894 -2590.336887 -157.225927
-3471.524415 -2345.108547 -131.306648
-3551.655977 -2248.771432 -160.369806
-3082.628899 -2066.851843 18.224282
-3154.638000 -2012.914624 -80.563879
-3047.599003 -1935.758681 49.211612
-2659.251765 -1777.613947 -24.934268
-3417.276114 -2292.290952 -18.461778
-2421.412943 -1578.384640 27.522361
-3218.581546 -2170.635298 -2.179195
-2761.495053 -1763.861684 38.974304
-2172.344769 -1404.190551 1.666345
-2475.602014 -1613.711826 27.629203
-2445.498158 -1590.178580 19.035681
-3721.840626 -2420.054725 27.498606
-2397.259766 -1611.624313 17.634737
-3816.315045 -2424.568939 62.588771
-2594.447924 -1588.180776 -3.482371
-2863.614879 -1928.140327 22.445897
-2534.516722 -1611.553384 10.106778
-2673.638085 -1709.736941 20.131332
-3484.686243 -2262.318240 49.866439
-2813.271602 -1874.901764 -67.586679
-3681.146094 -2471.298870 26.804142
-3388.996439 -2305.038280 -32.520360
-3070.684286 -2092.602023 -12.221004
-3251.225495 -2097.656053 -25.298801
-2963.639929 -1902.363148 -30.598433
-2619.096632 -1795.228620 -47.729203
-3243.532997 -2130.371590 -135.970460
-3669.565398 -2398.645510 11.998147
-2785.810051 -1770.368826 48.141434
-3573.287832 -2329.863329 56.340003
-2747.016490 -1791.455271 42.607624
-3574.086013 -2330.329411 56.379263
-2702.457905 -1833.517741 9.331117
-2192.961635 -1377.667021 -95.795289
-3741.601940 -2329.320270 -156.163329
-2625.528306 -1685.393292 -125.144053
-3721.526686 -2431.835840 -174.318794
-3338.028854 -2024.247327 -43.332612
-3698.578503 -2443.473711 -158.916833
-3347.475881 -2111.456774 -151.005157
-3746.810949 -2493.956279 -160.042188
-3414.687229 -2151.994754 -153.724669
-3796.785644 -2505.234765 -156.535889
-2835.342832 -1878.731850 -123.663470
-2620.766075 -1745.865121 -108.439923
-3866.399785 -2504.404567 -183.915123
-3070.070958 -2087.563141 -29.598009
-3366.215782 -2129.755671 -141.671802
-3413.831084 -2319.482167 -33.203461
-2848.053314 -1763.600716 -110.917995
-3735.757205 -2473.453102 -154.314414
-3069.150374 -1932.796947 -132.446797
-2628.340794 -1685.383007 -121.548470
-3293.602211 -2176.860809 -135.044037
-3399.174683 -2087.509741 -107.237156
-2396.520829 -1492.146415 -95.705216
-2922.237246 -1819.289501 -116.986336
-2768.292078 -1878.131076 -81.114122
-2317.563874 -1425.599301 -71.917417
-2702.800442 -1793.497321 -115.450988
-3435.024868 -2164.881495 -150.759529
-2726.729188 -1799.377809 -115.961724
-3067.598278 -1933.998362 -134.506438
-3657.774907 -2305.902122 -161.347906
-3160.922786 -2062.050915 -148.650484
-2721.382628 -1781.698930 -125.514012
-2763.560069 -1809.552280 -128.425150
-2527.853139 -1649.167845 -119.246320
-2885.770774 -1891.173473 -134.888738
-3552.034654 -2325.983015 -166.631817
-3614.054441 -2402.422858 -157.044059
-3619.127446 -2405.094122 -156.329178
-3032.459552 -1984.108845 -141.704637
-3320.841717 -2148.768620 -157.179480
-3518.467880 -2282.799217 -165.709274
-3689.676651 -2383.692141 -175.190780
-3874.065666 -2502.690294 -184.109680
-2711.707842 -1751.131716 -128.872031
-2792.846508 -1826.582315 -129.832046
-2714.700371 -1777.855242 -119.242519
-2602.505966 -1779.603617 -10.415604
-2248.527191 -1536.824030 -8.787543
-2506.086455 -1708.605344 -17.871526
-3162.015490 -2157.912008 -82.497992
-3793.113434 -2597.196231 -59.568382
-3289.339257 -2056.704046 -137.015168
-3798.196228 -2453.564584 -43.183819
-2629.223881 -1761.937689 -105.344524
-3169.746784 -2079.124418 -146.734084
-3240.823594 -2124.722833 -149.359554
-2067.003773 -1308.347850 -88.791989
-3190.831068 -2180.513408 -29.611869
-2847.875939 -1936.951711 -85.040904
-3070.205730 -2093.342802 -22.648548
-2565.734360 -1713.573181 -107.837784
-2338.448881 -1562.437667 -99.173877
-2356.688396 -1605.057727 -68.632722
-3374.883435 -2210.630989 61.723422
-3270.510295 -2212.040240 -103.056726
-3450.067327 -2335.008073 22.738647
-2565.437839 -1735.064783 17.964091
-3773.140408 -2365.371297 64.809757
-2419.382380 -1477.351655 6.882869
-2663.239337 -1714.853603 60.335493
-3079.965913 -2041.297161 -24.619016
-3233.921380 -2135.358746 -30.593493
-2574.144274 -1651.099976 -33.657370
-3347.367105 -2198.851758 47.866868
-3766.213733 -2545.172676 17.819601
-3718.048439 -2386.898882 78.611685
-2777.037981 -1895.821621 -36.033790
-3104.731046 -2117.302314 -11.202488
-2965.165910 -1841.534056 39.642333
-2996.269205 -1945.120338 54.444999
-3449.257082 -2221.198042 -39.051841
-2960.027560 -1904.707579 -32.626935
-3379.396021 -2217.789992 -144.012677
-2471.274563 -1684.825023 8.245665
-3186.064888 -2140.562119 45.806439
-3230.859501 -2171.333340 45.349830
-2296.802995 -1555.202850 11.714337
-3056.931050 -1994.804610 63.117020
-2288.899746 -1486.240221 49.793653
-3441.980788 -2346.672142 12.753473
-2448.545776 -1649.544884 33.059164
-3249.198163 -2225.247685 -9.213687
-3283.024165 -2244.173572 -2.960042
-2582.608876 -1627.230186 43.282444
-3475.893932 -2181.952576 57.780582
-2609.435746 -1786.310959 -11.468333
-3069.390580 -2095.071256 -20.253831
-3406.452725 -2323.488093 -13.349041
-3765.797911 -2465.111028 66.197351
-3695.537605 -2496.527356 -119.710269
-3165.490608 -2167.074767 -45.861383
-2842.828385 -1755.409984 43.006251
-3725.229746 -2271.592219 18.590174
-3766.275128 -2397.478800 82.675928
-3071.657191 -1903.597681 49.893762
-2851.044328 -1888.873566 50.929211
-3426.121654 -2209.219439 77.061283
-3031.260651 -1834.025205 -42.468873
-2698.945875 -1781.412708 -25.683687
-3720.758299 -2454.010210 -20.938495
-2499.306132 -1521.222099 -42.133944
-2547.613898 -1635.549150 53.966254
-3682.937392 -2239.676956 9.464176
-2794.751934 -1691.823315 -11.036603
-3174.172638 -1926.350191 1.323901
-2924.121714 -1973.792830 24.953313
-2933.594096 -1980.316919 25.151619
-2408.859424 -1500.353103 -102.027925
-3461.332190 -2248.009823 -166.344637
-3558.649293 -2177.172983 -115.587667
-3683.974823 -2271.550829 -136.835572
-2649.560034 -1702.996914 -127.964221
-2623.554554 -1723.293513 -113.082105
-3551.320555 -2279.626353 -45.920954
-2965.932843 -1908.352793 -31.942426
-3200.988467 -1975.192396 -119.098391
-2841.380233 -1782.678640 -124.200448
-2304.223229 -1421.376262 -86.756502
-3415.729526 -2235.006268 67.195996
-2981.331506 -2047.847240 -36.320798
-2680.978940 -1757.183094 46.486121
-2833.593601 -1945.983583 -17.410035
-3730.985991 -2556.022264 -23.685115
-3437.262217 -2257.040115 58.671947
-2709.272339 -1839.826763 18.790112
-3427.528796 -2327.864794 22.582626
-3044.109825 -1917.811014 54.202382
-3326.683739 -2240.954959 34.397411
-2255.846850 -1543.536420 -39.790632
-3015.477749 -2060.412570 -21.416665
-2886.809494 -1745.218400 -15.471035
-2446.067993 -1555.481574 -109.400754
-2378.660551 -1435.999772 -28.531746
-3303.777033 -2028.863984 -113.508011
-2996.999796 -1902.581424 -134.309723
-3380.799642 -2081.698209 -115.228979
-3485.410462 -2175.078031 -142.020192
-2631.204271 -1669.031343 -116.695195
-3366.818354 -2293.963284 -100.172685
-3663.277185 -2476.171981 -136.991230
-2740.272046 -1877.522036 -25.114951
-2415.977389 -1531.681654 -109.712194
-3095.764067 -2080.169920 -125.183199
-3373.177935 -2307.126797 -92.019149
-2631.474397 -1666.385679 -117.196862
-2346.494965 -1543.362478 -107.804601
