TARGETID,p_void,p_sheet,p_filament,p_knot,H
39627853658065415,0.0,0.83,0.17,0.0,0.32885238937210975
39627847618265847,0.01,0.97,0.02,0.0,0.11097036642660543
39627865779603949,0.0,0.89,0.11,0.0,0.249957979082264
39627853658064960,0.0,0.97,0.03,0.0,0.0971959289157881
39627847656015720,0.0,0.44,0.56,0.0,0.4947937606110278
39627853687423946,0.0,0.97,0.03,0.0,0.0971959289157881
39627805356458315,0.0,0.77,0.23,0.0,0.38900565177326885
39627847647625917,0.0,0.51,0.49,0.0,0.49985572087640495
39627805356458309,0.0,0.09,0.91,0.0,0.21823490853205144
39627805360652386,0.0,0.32,0.68,0.0,0.45219072886224687
39627853687424320,0.0,0.84,0.16,0.0,0.3171547773202831
39627823501018809,0.0,0.16,0.84,0.0,0.3171547773202831
39627841586857376,0.0,0.84,0.16,0.0,0.3171547773202831
39627829507261792,0.0,0.41,0.59,0.0,0.488250234378912
39627823501020808,0.0,0.57,0.43,0.0,0.4929075185894599
39627853695813715,0.0,0.18,0.82,0.0,0.34003852286413994
39627853695813525,0.0,0.32,0.68,0.0,0.45219072886224687
39627811396256267,0.0,0.44,0.56,0.0,0.4947937606110278
39627829524039097,0.0,0.55,0.45,0.0,0.49638722699390414
39627823467464283,0.0,0.91,0.09,0.0,0.21823490853205144
39627877821450819,0.0,0.44,0.56,0.0,0.4947937606110278
39627811400451727,0.0,0.68,0.32,0.0,0.45219072886224687
39627853687424974,0.0,0.18,0.82,0.0,0.34003852286413994
39627823475856215,0.0,0.12,0.88,0.0,0.2646804326436822
39627877821450691,0.0,0.79,0.21,0.0,0.37074136996563684
39627817431862776,0.0,0.0,0.85,0.15,0.3049201523582002
39627811400451435,0.0,0.75,0.25,0.0,0.4056390622295664
39627823480048193,0.0,0.81,0.19,0.0,0.3507357299419487
39627823501018916,0.0,0.7,0.3,0.0,0.44064544961534635
39627859727223405,0.0,0.0,0.85,0.15,0.3049201523582002
39627823471658524,0.0,0.88,0.12,0.0,0.2646804326436822
39627877821450911,0.0,0.4,0.6,0.0,0.4854752972273343
39627859735611338,0.0,0.73,0.27,0.0,0.42073231810408784
39627829549204260,0.0,0.17,0.83,0.0,0.32885238937210975
39627841612027194,0.0,0.56,0.44,0.0,0.4947937606110278
39627823480045791,0.0,0.97,0.03,0.0,0.0971959289157881
39627841616219577,0.0,0.83,0.17,0.0,0.32885238937210975
39627841612023721,0.0,0.17,0.83,0.0,0.32885238937210975
39627853704202888,0.0,0.84,0.16,0.0,0.3171547773202831
39627811400450486,0.0,0.0,0.94,0.06,0.16372245957723813
39627859727225961,0.0,0.02,0.98,0.0,0.07072027127091034
39627805364850614,0.0,0.59,0.41,0.0,0.488250234378912
39627853687424227,0.0,0.23,0.77,0.0,0.38900565177326885
39627805364849726,0.0,0.52,0.48,0.0,0.4994227679976009
39627829507263244,0.0,0.96,0.04,0.0,0.12114609454120741
39627805364849575,0.0,0.75,0.25,0.0,0.4056390622295664
39627835576418393,0.0,0.32,0.68,0.0,0.45219072886224687
39627853687423835,0.0,0.01,0.98,0.01,0.08072027127091033
39627853687423870,0.0,0.49,0.51,0.0,0.49985572087640495
39627841599440369,0.0,0.01,0.99,0.0,0.04039656794795559
39627811408840068,0.0,0.75,0.25,0.0,0.4056390622295664
39627859735609847,0.0,0.52,0.48,0.0,0.4994227679976009
39627871785845227,0.0,0.76,0.24,0.0,0.39752013969226113
39627853687428254,0.0,0.03,0.97,0.0,0.0971959289157881
39627811417228243,0.0,0.33,0.67,0.0,0.4574631863898637
39627817431862304,0.0,0.34,0.66,0.0,0.46240935248651505
39627859735609777,0.0,0.57,0.43,0.0,0.4929075185894599
39627847635044512,0.0,0.93,0.07,0.0,0.18296182545011158
39627853687426994,0.0,0.12,0.88,0.0,0.2646804326436822
39627859710445633,0.0,0.12,0.88,0.0,0.2646804326436822
39627835576418452,0.0,0.92,0.08,0.0,0.2010895951011364
39627835576419506,0.0,0.75,0.25,0.0,0.4056390622295664
39627859727223604,0.0,0.22,0.78,0.0,0.38008375148098283
39627841599440637,0.0,0.93,0.07,0.0,0.18296182545011158
39627811408840624,0.0,0.32,0.68,0.0,0.45219072886224687
39627835576419655,0.0,0.36,0.64,0.0,0.4713415946277461
39627847635044904,0.0,0.02,0.94,0.04,0.1912713345988728
39627835576422131,0.0,0.27,0.73,0.0,0.42073231810408784
39627835580616321,0.0,0.34,0.66,0.0,0.46240935248651505
39627859714639985,0.0,0.94,0.06,0.0,0.16372245957723813
39627859735609853,0.0,0.21,0.79,0.0,0.37074136996563684
39627811408840843,0.0,0.87,0.13,0.0,0.2787190925139945
39627853662258903,0.0,0.25,0.75,0.0,0.4056390622295664
39627811396256722,0.0,0.1,0.88,0.02,0.30368177794258344
39627847635045938,0.0,0.39,0.61,0.0,0.4823997742525436
39627859727223565,0.0,0.06,0.94,0.0,0.16372245957723813
39627811396257025,0.0,0.31,0.69,0.0,0.4465867291889284
39627817457030337,0.0,0.0,0.96,0.04,0.12114609454120741
39627859714640201,0.0,0.0,0.89,0.11,0.249957979082264
39627859731419428,0.0,0.11,0.89,0.0,0.249957979082264
39627859727223510,0.0,0.01,0.97,0.02,0.11097036642660543
39627859714639993,0.0,0.51,0.49,0.0,0.49985572087640495
39627853704203297,0.0,0.34,0.66,0.0,0.46240935248651505
39627847635044994,0.0,0.02,0.97,0.01,0.11097036642660543
39627835576421717,0.0,0.93,0.07,0.0,0.18296182545011158
39627835555448183,0.0,0.87,0.13,0.0,0.2787190925139945
39627823480047092,0.0,0.06,0.92,0.02,0.2335407200795017
39627865767019397,0.0,0.89,0.11,0.0,0.249957979082264
39627829507263092,0.02,0.97,0.01,0.0,0.11097036642660543
39627853662258448,0.0,0.05,0.95,0.0,0.14319847855797813
39627835576419428,0.0,0.08,0.92,0.0,0.2010895951011364
39627811400450966,0.0,0.02,0.98,0.0,0.07072027127091034
39627853662258569,0.0,0.31,0.69,0.0,0.4465867291889284
39627859739804785,0.0,0.07,0.93,0.0,0.18296182545011158
39627835576419247,0.0,0.99,0.01,0.0,0.04039656794795559
39627853687427061,0.0,0.15,0.85,0.0,0.3049201523582002
39627829524042810,0.0,0.9,0.1,0.0,0.2344977967946406
39627877821450950,0.0,0.85,0.15,0.0,0.3049201523582002
39627853687427146,0.0,0.09,0.91,0.0,0.21823490853205144
39627835576419465,0.0,0.1,0.9,0.0,0.2344977967946406
39627823480047073,0.0,0.02,0.94,0.04,0.1912713345988728
39627823480047438,0.0,0.07,0.93,0.0,0.18296182545011158
39627859727223194,0.0,0.1,0.9,0.0,0.2344977967946406
39627871781652080,0.0,0.59,0.41,0.0,0.488250234378912
39627841595244842,0.0,0.78,0.22,0.0,0.38008375148098283
39627829536622212,0.0,0.56,0.44,0.0,0.4947937606110278
39627859735610983,0.0,0.0,0.55,0.45,0.49638722699390414
39627859735610994,0.0,0.05,0.95,0.0,0.14319847855797813
39627853674840267,0.0,0.28,0.72,0.0,0.4277254052800653
39627859727223435,0.0,0.87,0.13,0.0,0.2787190925139945
39627871785846734,0.0,0.81,0.19,0.0,0.3507357299419487
39627817452833992,0.0,0.99,0.01,0.0,0.04039656794795559
39627835584809703,0.0,0.73,0.27,0.0,0.42073231810408784
39627835584809638,0.0,0.86,0.14,0.0,0.292119405821428
39627835584809749,0.02,0.98,0.0,0.0,0.07072027127091034
39627841624607795,0.0,0.48,0.52,0.0,0.4994227679976009
39627871794233722,0.02,0.98,0.0,0.0,0.07072027127091034
39627835576419514,0.0,0.22,0.78,0.0,0.38008375148098283
39627871785846740,0.0,0.03,0.97,0.0,0.0971959289157881
39627823501017881,0.0,0.05,0.95,0.0,0.14319847855797813
39627859714640025,0.0,0.28,0.72,0.0,0.4277254052800653
39627871777459793,0.0,0.41,0.59,0.0,0.488250234378912
39627841612023767,0.0,0.02,0.98,0.0,0.07072027127091034
39627859718833636,0.0,0.45,0.55,0.0,0.49638722699390414
39627859718833762,0.0,0.86,0.14,0.0,0.292119405821428
39627829545011037,0.0,0.23,0.77,0.0,0.38900565177326885
39627859718835796,0.0,0.21,0.79,0.0,0.37074136996563684
39627841586859703,0.0,0.95,0.05,0.0,0.14319847855797813
39627841586859635,0.0,0.9,0.1,0.0,0.2344977967946406
39627859723031209,0.0,0.0,0.99,0.01,0.04039656794795559
39627841599442374,0.0,0.98,0.02,0.0,0.07072027127091034
39627853700008929,0.0,0.51,0.49,0.0,0.49985572087640495
39627823484242852,0.0,0.07,0.93,0.0,0.18296182545011158
39627805369043869,0.0,0.95,0.05,0.0,0.14319847855797813
39627859731417561,0.0,0.66,0.34,0.0,0.46240935248651505
39627847626656487,0.0,0.53,0.47,0.0,0.4987007942838698
39627811417230857,0.0,0.84,0.16,0.0,0.3171547773202831
39627841586859180,0.0,0.15,0.85,0.0,0.3049201523582002
39627847626656327,0.0,0.02,0.98,0.0,0.07072027127091034
39627847626656362,0.0,0.54,0.46,0.0,0.49768921941011285
39627811417230369,0.0,0.73,0.27,0.0,0.42073231810408784
39627841586859066,0.0,0.24,0.76,0.0,0.39752013969226113
39627859727224271,0.0,0.02,0.98,0.0,0.07072027127091034
39627829524038173,0.0,0.05,0.95,0.0,0.14319847855797813
39627847626656546,0.0,0.13,0.87,0.0,0.2787190925139945
39627811413034446,0.0,0.31,0.69,0.0,0.4465867291889284
39627859706250588,0.0,0.39,0.61,0.0,0.4823997742525436
39627835542867274,0.0,0.06,0.93,0.01,0.20367037270049304
39627805364850033,0.0,0.16,0.84,0.0,0.3171547773202831
39627805364849679,0.0,0.17,0.83,0.0,0.32885238937210975
39627853670649648,0.0,0.59,0.41,0.0,0.488250234378912
39627847622461446,0.0,0.01,0.99,0.0,0.04039656794795559
39627829524038127,0.0,0.03,0.97,0.0,0.0971959289157881
39627829524038165,0.0,0.73,0.27,0.0,0.42073231810408784
39627817431864272,0.02,0.97,0.01,0.0,0.11097036642660543
39627859706251459,0.0,0.78,0.22,0.0,0.38008375148098283
39627847626656659,0.0,0.45,0.55,0.0,0.49638722699390414
39627817431860301,0.0,0.65,0.35,0.0,0.4670340276877455
39627859723027817,0.0,0.01,0.99,0.0,0.04039656794795559
39627823463273738,0.0,1.0,0.0,0.0,-0.0
39627853687424288,0.01,0.99,0.0,0.0,0.04039656794795559
39627829528234182,0.0,0.61,0.39,0.0,0.4823997742525436
39627829507264041,0.0,0.13,0.87,0.0,0.2787190925139945
39627835572225223,0.0,0.93,0.07,0.0,0.18296182545011158
39627811392064315,0.0,0.6,0.4,0.0,0.4854752972273343
39627829540817045,0.0,0.36,0.64,0.0,0.4713415946277461
39627841599440701,0.0,0.02,0.98,0.0,0.07072027127091034
39627835555451452,0.0,0.44,0.56,0.0,0.4947937606110278
39627811396259694,0.0,0.06,0.92,0.02,0.2335407200795017
39627841599440760,0.0,0.92,0.08,0.0,0.2010895951011364
39627847626658612,0.0,0.11,0.89,0.0,0.249957979082264
39627829519845901,0.0,0.03,0.92,0.05,0.239266955218135
39627853687424128,0.0,0.96,0.04,0.0,0.12114609454120741
39627841612022033,0.0,0.3,0.7,0.0,0.44064544961534635
39627847626656460,0.0,0.19,0.81,0.0,0.3507357299419487
39627829540816120,0.0,0.87,0.13,0.0,0.2787190925139945
39627817461222037,0.0,0.39,0.61,0.0,0.4823997742525436
39627817431861451,0.0,0.35,0.65,0.0,0.4670340276877455
39627811404647990,0.0,0.04,0.96,0.0,0.12114609454120741
39627817427669551,0.0,0.33,0.67,0.0,0.4574631863898637
39627817427669615,0.0,0.24,0.76,0.0,0.39752013969226113
39627817431860165,0.0,0.85,0.15,0.0,0.3049201523582002
39627835584811385,0.0,0.0,0.96,0.04,0.12114609454120741
39627829519846715,0.0,0.72,0.28,0.0,0.4277254052800653
39627829536623660,0.0,0.1,0.88,0.02,0.30368177794258344
39627817427669860,0.0,0.72,0.28,0.0,0.4277254052800653
39627829545013431,0.0,0.79,0.21,0.0,0.37074136996563684
39627841612022467,0.0,0.81,0.19,0.0,0.3507357299419487
39627829545013385,0.0,0.62,0.38,0.0,0.47902101111314976
39627841612022359,0.0,0.84,0.16,0.0,0.3171547773202831
39627841612022525,0.0,0.36,0.64,0.0,0.4713415946277461
39627841612022955,0.0,0.03,0.97,0.0,0.0971959289157881
39627865767018756,0.0,0.33,0.67,0.0,0.4574631863898637
39627865762828875,0.0,0.95,0.05,0.0,0.14319847855797813
39627865767018866,0.0,0.59,0.41,0.0,0.488250234378912
39627811404648084,0.0,0.82,0.18,0.0,0.34003852286413994
39627865750241924,0.0,0.44,0.56,0.0,0.4947937606110278
39627835551254854,0.0,0.16,0.84,0.0,0.3171547773202831
39627835551255054,0.0,0.02,0.98,0.0,0.07072027127091034
39627859739804184,0.0,0.0,1.0,0.0,-0.0
39627853687426818,0.0,0.17,0.83,0.0,0.32885238937210975
39627853662258384,0.0,0.49,0.51,0.0,0.49985572087640495
39627829549203528,0.0,0.5,0.5,0.0,0.5
39627865750242867,0.0,0.0,1.0,0.0,-0.0
39627865750242244,0.0,0.79,0.21,0.0,0.37074136996563684
39627811400455649,0.0,0.12,0.88,0.0,0.2646804326436822
39627811400455596,0.0,0.02,0.97,0.01,0.11097036642660543
39627811400451971,0.0,0.84,0.16,0.0,0.3171547773202831
39627817436055895,0.0,0.66,0.34,0.0,0.46240935248651505
39627835576422328,0.0,0.0,0.95,0.05,0.14319847855797813
39627817436056109,0.0,0.67,0.33,0.0,0.4574631863898637
39627835576422388,0.0,0.39,0.61,0.0,0.4823997742525436
39627865758633153,0.0,0.67,0.33,0.0,0.4574631863898637
39627865758633084,0.0,0.64,0.36,0.0,0.4713415946277461
39627859727224590,0.0,0.27,0.73,0.0,0.42073231810408784
39627829524040722,0.0,0.91,0.09,0.0,0.21823490853205144
39627853691618454,0.0,0.66,0.34,0.0,0.46240935248651505
39627817440250564,0.0,0.39,0.61,0.0,0.4823997742525436
39627817440251024,0.0,0.07,0.93,0.0,0.18296182545011158
39627811387871979,0.0,1.0,0.0,0.0,-0.0
39627823463273556,0.0,0.99,0.01,0.0,0.04039656794795559
39627847639238080,0.0,0.02,0.98,0.0,0.07072027127091034
39627811404647601,0.0,0.55,0.45,0.0,0.49638722699390414
39627811400455799,0.0,0.94,0.06,0.0,0.16372245957723813
39627865750242325,0.0,0.28,0.72,0.0,0.4277254052800653
39627829507264596,0.0,0.01,0.99,0.0,0.04039656794795559
39627811404646121,0.0,0.04,0.96,0.0,0.12114609454120741
39627853691617940,0.0,0.01,0.99,0.0,0.04039656794795559
39627811404646029,0.0,0.77,0.23,0.0,0.38900565177326885
39627853691618176,0.0,0.0,1.0,0.0,-0.0
39627811404645467,0.01,0.81,0.18,0.0,0.3789955935892812
39627829524038373,0.0,0.05,0.95,0.0,0.14319847855797813
39627811404645402,0.0,1.0,0.0,0.0,-0.0
39627817440252669,0.0,0.87,0.13,0.0,0.2787190925139945
39627811404645271,0.0,0.73,0.27,0.0,0.42073231810408784
39627835555450630,0.0,0.52,0.48,0.0,0.4994227679976009
39627811404644556,0.0,0.32,0.68,0.0,0.45219072886224687
39627835580613051,0.0,0.02,0.98,0.0,0.07072027127091034
39627823496824732,0.0,0.16,0.84,0.0,0.3171547773202831
39627829536621143,0.0,0.14,0.86,0.0,0.292119405821428
39627817436054664,0.0,0.69,0.31,0.0,0.4465867291889284
39627817436054767,0.0,0.06,0.94,0.0,0.16372245957723813
39627853674841230,0.0,0.54,0.46,0.0,0.49768921941011285
39627829515650745,0.0,0.27,0.73,0.0,0.42073231810408784
39627841582662819,0.0,0.91,0.09,0.0,0.21823490853205144
39627829515650787,0.0,0.49,0.51,0.0,0.49985572087640495
39627835576422948,0.0,0.0,1.0,0.0,-0.0
39627841591055179,0.0,0.84,0.16,0.0,0.3171547773202831
39627841582662757,0.0,0.89,0.11,0.0,0.249957979082264
39627829515651740,0.0,1.0,0.0,0.0,-0.0
39627841582663292,0.0,0.82,0.18,0.0,0.34003852286413994
39627835547062318,0.0,0.98,0.02,0.0,0.07072027127091034
39627835576422952,0.0,0.42,0.58,0.0,0.49072694751682683
39627841595245655,0.0,0.62,0.38,0.0,0.47902101111314976
39627841595245714,0.0,0.03,0.97,0.0,0.0971959289157881
39627841595245718,0.0,0.0,0.94,0.06,0.16372245957723813
39627841595245801,0.0,0.31,0.69,0.0,0.4465867291889284
39627859735609850,0.0,0.96,0.04,0.0,0.12114609454120741
39627817444442669,0.0,0.76,0.24,0.0,0.39752013969226113
39627835547062559,0.0,0.79,0.21,0.0,0.37074136996563684
39627835580615752,0.0,0.0,0.76,0.24,0.39752013969226113
39627829540819833,0.0,0.0,0.94,0.06,0.16372245957723813
39627853674841128,0.01,0.98,0.01,0.0,0.08072027127091033
39627853674841110,0.0,0.61,0.39,0.0,0.4823997742525436
39627853674843023,0.0,0.21,0.79,0.0,0.37074136996563684
39627853674843039,0.0,0.36,0.64,0.0,0.4713415946277461
39627835547058244,0.0,0.16,0.84,0.0,0.3171547773202831
39627829545011071,0.0,0.5,0.5,0.0,0.5
39627853674843515,0.0,0.82,0.18,0.0,0.34003852286413994
39627835542869051,0.0,0.84,0.16,0.0,0.3171547773202831
39627835576422699,0.0,0.17,0.83,0.0,0.32885238937210975
39627835547058206,0.0,0.32,0.68,0.0,0.45219072886224687
39627865771215954,0.0,0.8,0.2,0.0,0.36096404744368116
39627853662261214,0.0,0.22,0.78,0.0,0.38008375148098283
39627853670647737,0.0,0.75,0.25,0.0,0.4056390622295664
39627829524039793,0.0,1.0,0.0,0.0,-0.0
39627829524039770,0.0,0.16,0.84,0.0,0.3171547773202831
39627865771216085,0.0,0.02,0.95,0.03,0.1674722434193448
39627853687425233,0.0,0.34,0.66,0.0,0.46240935248651505
39627841595245806,0.0,0.09,0.91,0.0,0.21823490853205144
39627865771214185,0.0,0.37,0.63,0.0,0.47533604634353294
39627835547062986,0.0,0.09,0.91,0.0,0.21823490853205144
39627829503069971,0.0,0.47,0.53,0.0,0.4987007942838698
39627829503069994,0.0,0.24,0.76,0.0,0.39752013969226113
39627829503070062,0.01,0.8,0.19,0.0,0.3896037431552768
39627835547063014,0.0,0.0,0.95,0.05,0.14319847855797813
39627835542866841,0.0,0.32,0.68,0.0,0.45219072886224687
39627859718836222,0.0,0.13,0.87,0.0,0.2787190925139945
39627811408841045,0.0,0.33,0.67,0.0,0.4574631863898637
39627835572224643,0.0,0.98,0.02,0.0,0.07072027127091034
39627829503070599,0.0,0.76,0.24,0.0,0.39752013969226113
39627859718837962,0.0,0.21,0.79,0.0,0.37074136996563684
39627823505211461,0.0,0.27,0.73,0.0,0.42073231810408784
39627859723027023,0.0,0.99,0.01,0.0,0.04039656794795559
39627859723027106,0.0,0.64,0.36,0.0,0.4713415946277461
39627859723027783,0.0,0.3,0.7,0.0,0.44064544961534635
39627811404649312,0.0,0.13,0.86,0.01,0.31810566868628926
39627853687424242,0.0,0.47,0.53,0.0,0.4987007942838698
39627835547062959,0.0,0.02,0.98,0.0,0.07072027127091034
39627835542866912,0.0,0.2,0.8,0.0,0.36096404744368116
39627835547062954,0.0,0.18,0.82,0.0,0.34003852286413994
39627817444442240,0.0,0.44,0.56,0.0,0.4947937606110278
39627823484241443,0.0,0.98,0.02,0.0,0.07072027127091034
39627865771214181,0.0,0.27,0.73,0.0,0.42073231810408784
39627859710445779,0.0,0.53,0.47,0.0,0.4987007942838698
39627859710445886,0.0,0.49,0.51,0.0,0.49985572087640495
39627859710446069,0.0,0.8,0.2,0.0,0.36096404744368116
39627841595245978,0.0,0.06,0.92,0.02,0.2335407200795017
39627859714638654,0.0,0.02,0.98,0.0,0.07072027127091034
39627829545009923,0.0,0.58,0.42,0.0,0.49072694751682683
39627835542867495,0.0,0.0,0.72,0.28,0.4277254052800653
39627829545012471,0.0,0.1,0.89,0.01,0.27413031336294724
39627865771214136,0.0,0.0,1.0,0.0,-0.0
39627853662260551,0.13,0.86,0.01,0.0,0.31810566868628926
39627835547062847,0.0,0.0,0.99,0.01,0.04039656794795559
39627865771213841,0.05,0.95,0.0,0.0,0.14319847855797813
39627865771213837,0.0,0.95,0.05,0.0,0.14319847855797813
39627829503067401,0.0,0.94,0.06,0.0,0.16372245957723813
39627841595246079,0.0,0.01,0.95,0.04,0.16124668093016215
39627853700008403,0.0,0.16,0.84,0.0,0.3171547773202831
39627823501021346,0.0,0.0,0.95,0.05,0.14319847855797813
39627859727225803,0.0,0.17,0.83,0.0,0.32885238937210975
39627811408842368,0.0,0.75,0.25,0.0,0.4056390622295664
39627865775408203,0.01,0.96,0.03,0.0,0.13737165703039006
39627865775407966,0.0,0.89,0.11,0.0,0.249957979082264
39627811408842754,0.0,0.77,0.23,0.0,0.38900565177326885
39627811408842682,0.0,0.81,0.19,0.0,0.3507357299419487
39627841582665475,0.0,0.88,0.12,0.0,0.2646804326436822
39627811404649050,0.0,0.01,0.98,0.01,0.08072027127091033
39627829507262835,0.0,0.41,0.59,0.0,0.488250234378912
39627853670649494,0.0,0.76,0.24,0.0,0.39752013969226113
39627853662258633,0.0,0.37,0.63,0.0,0.47533604634353294
39627853687426514,0.0,0.34,0.66,0.0,0.46240935248651505
39627853691618306,0.0,0.19,0.81,0.0,0.3507357299419487
39627865754438634,0.0,0.33,0.67,0.0,0.4574631863898637
39627865754438472,0.0,0.22,0.78,0.0,0.38008375148098283
39627811404644474,0.0,0.2,0.8,0.0,0.36096404744368116
39627853691617956,0.0,0.0,0.98,0.02,0.07072027127091034
39627811413034276,0.0,0.01,0.99,0.0,0.04039656794795559
39627817431861721,0.01,0.98,0.01,0.0,0.08072027127091033
39627853691618186,0.0,0.79,0.21,0.0,0.37074136996563684
39627853691618029,0.0,0.95,0.05,0.0,0.14319847855797813
39627835555451428,0.0,0.74,0.26,0.0,0.4133731862463089
39627871777459859,0.0,0.94,0.06,0.0,0.16372245957723813
39627859731418459,0.0,0.14,0.86,0.0,0.292119405821428
39627871794233997,0.0,0.68,0.32,0.0,0.45219072886224687
39627829519846627,0.0,0.0,1.0,0.0,-0.0
39627853670649853,0.0,0.32,0.68,0.0,0.45219072886224687
39627841620415582,0.0,0.5,0.5,0.0,0.5
39627847643432406,0.0,0.1,0.9,0.0,0.2344977967946406
39627817444442519,0.0,0.6,0.4,0.0,0.4854752972273343
39627853679035965,0.0,0.13,0.87,0.0,0.2787190925139945
39627871790042326,0.0,0.01,0.97,0.02,0.11097036642660543
39627811400450975,0.0,0.01,0.99,0.0,0.04039656794795559
39627865771214525,0.0,0.52,0.48,0.0,0.4994227679976009
39627871785847077,0.0,0.95,0.05,0.0,0.14319847855797813
39627829503068991,0.0,0.75,0.25,0.0,0.4056390622295664
39627847630850473,0.0,0.12,0.88,0.0,0.2646804326436822
39627811400451166,0.0,0.97,0.03,0.0,0.0971959289157881
39627871785846678,0.0,0.62,0.38,0.0,0.47902101111314976
39627823467463267,0.0,0.19,0.81,0.0,0.3507357299419487
39627871785846756,0.0,0.97,0.03,0.0,0.0971959289157881
39627871777459830,0.0,0.5,0.5,0.0,0.5
39627871785846803,0.0,0.62,0.38,0.0,0.47902101111314976
39627859739806431,0.0,0.87,0.13,0.0,0.2787190925139945
39627865754437973,0.0,0.34,0.66,0.0,0.46240935248651505
39627865754440935,0.0,0.13,0.87,0.0,0.2787190925139945
39627829515652331,0.0,0.36,0.64,0.0,0.4713415946277461
39627871790039584,0.0,0.08,0.92,0.0,0.2010895951011364
39627877817257772,0.0,0.01,0.98,0.01,0.08072027127091033
39627871790039645,0.0,0.44,0.56,0.0,0.4947937606110278
39627847639241211,0.0,0.86,0.14,0.0,0.292119405821428
39627847639241208,0.0,0.04,0.89,0.07,0.3019692958352992
39627835568033352,0.0,0.65,0.35,0.0,0.4670340276877455
39627865754440866,0.0,0.64,0.36,0.0,0.4713415946277461
39627811408843265,0.0,0.64,0.36,0.0,0.4713415946277461
39627811408843098,0.0,0.25,0.75,0.0,0.4056390622295664
39627865754440547,0.0,0.58,0.42,0.0,0.49072694751682683
39627865754440389,0.0,0.07,0.93,0.0,0.18296182545011158
39627865758633345,0.0,0.0,0.95,0.05,0.14319847855797813
39627871785846439,0.0,0.73,0.27,0.0,0.42073231810408784
39627847643432442,0.0,0.84,0.16,0.0,0.3171547773202831
39627829503070369,0.0,0.56,0.44,0.0,0.4947937606110278
39627829503070104,0.0,0.78,0.22,0.0,0.38008375148098283
39627859718835877,0.0,0.01,0.99,0.0,0.04039656794795559
39627829503070166,0.0,0.92,0.08,0.0,0.2010895951011364
39627829503070491,0.0,0.12,0.88,0.0,0.2646804326436822
39627823496823099,0.01,0.98,0.01,0.0,0.08072027127091033
39627817448636679,0.0,0.11,0.89,0.0,0.249957979082264
39627835555449636,0.0,0.0,0.95,0.05,0.14319847855797813
39627811387871011,0.0,1.0,0.0,0.0,-0.0
39627859727221968,0.0,0.99,0.01,0.0,0.04039656794795559
39627811417231591,0.0,0.23,0.77,0.0,0.38900565177326885
39627817461221608,0.0,0.74,0.26,0.0,0.4133731862463089
39627817461221672,0.0,0.32,0.68,0.0,0.45219072886224687
39627859727221969,0.0,0.05,0.95,0.0,0.14319847855797813
39627829519847140,0.0,0.47,0.53,0.0,0.4987007942838698
39627817448636611,0.0,0.02,0.98,0.0,0.07072027127091034
39627853666455398,0.0,0.62,0.38,0.0,0.47902101111314976
39627811396261207,0.0,0.01,0.99,0.0,0.04039656794795559
39627835551252842,0.0,0.72,0.28,0.0,0.4277254052800653
39627859739804643,0.0,0.99,0.01,0.0,0.04039656794795559
39627853687425767,0.0,0.01,0.97,0.02,0.11097036642660543
39627847639241489,0.0,0.47,0.53,0.0,0.4987007942838698
39627871777458448,0.0,0.04,0.96,0.0,0.12114609454120741
39627811396261407,0.0,0.26,0.74,0.0,0.4133731862463089
39627853674841680,0.0,0.54,0.46,0.0,0.49768921941011285
39627823505214303,0.0,0.0,0.98,0.02,0.07072027127091034
39627817461221528,0.0,0.31,0.69,0.0,0.4465867291889284
39627823505214328,0.0,0.98,0.02,0.0,0.07072027127091034
39627859710445758,0.0,0.18,0.82,0.0,0.34003852286413994
39627859710445713,0.0,0.24,0.76,0.0,0.39752013969226113
39627853691619187,0.0,0.29,0.71,0.0,0.43436062316970225
39627817461221337,0.0,0.23,0.77,0.0,0.38900565177326885
39627817461221310,0.0,0.91,0.09,0.0,0.21823490853205144
39627835568034348,0.0,0.53,0.47,0.0,0.4987007942838698
39627817461222612,0.0,0.3,0.7,0.0,0.44064544961534635
39627859735612081,0.0,0.31,0.69,0.0,0.4465867291889284
39627835568034580,0.0,0.18,0.82,0.0,0.34003852286413994
39627811392065098,0.0,0.94,0.06,0.0,0.16372245957723813
39627835568034893,0.0,0.02,0.98,0.0,0.07072027127091034
39627871777458184,0.0,0.85,0.15,0.0,0.3049201523582002
39627811392064990,0.0,0.82,0.18,0.0,0.34003852286413994
39627859739804762,0.0,0.75,0.25,0.0,0.4056390622295664
39627841599439369,0.0,0.64,0.36,0.0,0.4713415946277461
39627829536623607,0.0,0.18,0.82,0.0,0.34003852286413994
39627841599438978,0.0,0.4,0.6,0.0,0.4854752972273343
39627847635043727,0.0,0.6,0.4,0.0,0.4854752972273343
39627847635044018,0.0,0.43,0.57,0.0,0.4929075185894599
39627835547061576,0.0,0.01,0.98,0.01,0.08072027127091033
39627835547061487,0.0,0.05,0.95,0.0,0.14319847855797813
39627853674843768,0.0,0.26,0.74,0.0,0.4133731862463089
39627847626657113,0.0,0.0,1.0,0.0,-0.0
39627859735611934,0.0,0.08,0.92,0.0,0.2010895951011364
39627811417231540,0.0,0.24,0.76,0.0,0.39752013969226113
39627811417231530,0.0,0.73,0.27,0.0,0.42073231810408784
39627811400454824,0.0,0.21,0.79,0.0,0.37074136996563684
39627811392065072,0.0,0.7,0.3,0.0,0.44064544961534635
39627817427667363,0.0,0.64,0.36,0.0,0.4713415946277461
39627805364848736,0.0,0.1,0.9,0.0,0.2344977967946406
39627805364848536,0.0,0.73,0.27,0.0,0.42073231810408784
39627805364848503,0.0,0.39,0.61,0.0,0.4823997742525436
39627805364848394,0.0,0.05,0.95,0.0,0.14319847855797813
39627805364848216,0.0,0.52,0.48,0.0,0.4994227679976009
39627811387870641,0.0,0.14,0.86,0.0,0.292119405821428
39627823505211637,0.0,0.05,0.94,0.01,0.1832231322266888
39627805364847106,0.0,0.57,0.43,0.0,0.4929075185894599
39627823505211631,0.0,0.04,0.95,0.01,0.16124668093016215
39627805360656847,0.0,0.83,0.17,0.0,0.32885238937210975
39627865741853984,0.0,0.4,0.6,0.0,0.4854752972273343
39627853666455194,0.0,0.71,0.29,0.0,0.43436062316970225
39627823480047574,0.0,0.47,0.53,0.0,0.4987007942838698
39627823480047605,0.0,0.18,0.82,0.0,0.34003852286413994
39627805364848706,0.0,0.03,0.97,0.0,0.0971959289157881
39627823480049407,0.0,0.95,0.05,0.0,0.14319847855797813
39627853666454618,0.0,0.32,0.68,0.0,0.45219072886224687
39627853666453386,0.0,0.02,0.98,0.0,0.07072027127091034
39627805360656803,0.0,0.03,0.97,0.0,0.0971959289157881
39627853666453265,0.0,0.99,0.01,0.0,0.04039656794795559
39627805360656535,0.0,0.08,0.92,0.0,0.2010895951011364
39627805360656375,0.0,0.63,0.37,0.0,0.47533604634353294
39627835589002196,0.0,0.08,0.92,0.0,0.2010895951011364
39627817427669277,0.0,0.86,0.14,0.0,0.292119405821428
39627805369041504,0.05,0.95,0.0,0.0,0.14319847855797813
39627853666453487,0.0,0.68,0.32,0.0,0.45219072886224687
39627805364850135,0.0,0.79,0.21,0.0,0.37074136996563684
39627853666453928,0.0,0.57,0.43,0.0,0.4929075185894599
39627805364850055,0.0,0.95,0.05,0.0,0.14319847855797813
39627805364850233,0.0,0.07,0.93,0.0,0.18296182545011158
39627859718835892,0.0,0.99,0.01,0.0,0.04039656794795559
39627805364850496,0.0,0.64,0.36,0.0,0.4713415946277461
39627853666453736,0.0,0.12,0.88,0.0,0.2646804326436822
39627805360657646,0.0,0.26,0.74,0.0,0.4133731862463089
39627835542865474,0.0,0.0,1.0,0.0,-0.0
39627805364851611,0.0,0.65,0.35,0.0,0.4670340276877455
39627853666453516,0.0,0.55,0.45,0.0,0.49638722699390414
39627817427669293,0.0,0.6,0.4,0.0,0.4854752972273343
39627847626656847,0.0,0.06,0.94,0.0,0.16372245957723813
39627811404646949,0.0,0.54,0.46,0.0,0.49768921941011285
39627817431863623,0.0,0.17,0.83,0.0,0.32885238937210975
39627847626655816,0.0,0.14,0.86,0.0,0.292119405821428
39627847626655867,0.0,0.36,0.64,0.0,0.4713415946277461
39627817436056404,0.01,0.99,0.0,0.0,0.04039656794795559
39627847626656173,0.0,0.83,0.17,0.0,0.32885238937210975
39627817436058332,0.0,0.46,0.54,0.0,0.49768921941011285
39627847626656271,0.0,0.33,0.67,0.0,0.4574631863898637
39627847626657786,0.0,0.73,0.27,0.0,0.42073231810408784
39627817440251892,0.0,0.6,0.4,0.0,0.4854752972273343
39627829524039367,0.0,0.37,0.63,0.0,0.47533604634353294
39627829519844686,0.0,0.54,0.46,0.0,0.49768921941011285
39627847626656748,0.0,0.83,0.17,0.0,0.32885238937210975
39627823463269741,0.0,1.0,0.0,0.0,-0.0
39627829545012733,0.0,0.95,0.05,0.0,0.14319847855797813
39627829545012570,0.0,0.06,0.94,0.0,0.16372245957723813
39627829545012417,0.0,0.04,0.96,0.0,0.12114609454120741
39627829519844724,0.0,0.91,0.09,0.0,0.21823490853205144
39627829519844776,0.0,0.07,0.93,0.0,0.18296182545011158
39627823463273097,0.0,0.63,0.37,0.0,0.47533604634353294
39627817431862000,0.0,0.48,0.52,0.0,0.4994227679976009
39627847626655775,0.0,0.75,0.25,0.0,0.4056390622295664
39627847626655541,0.0,0.96,0.04,0.0,0.12114609454120741
39627811404646604,0.0,0.99,0.01,0.0,0.04039656794795559
39627811404646509,0.0,0.83,0.17,0.0,0.32885238937210975
39627811404646206,0.0,0.08,0.91,0.01,0.24088153359695552
39627817431863674,0.0,0.01,0.99,0.0,0.04039656794795559
39627817431864468,0.0,0.29,0.71,0.0,0.43436062316970225
39627829524038226,0.0,0.65,0.35,0.0,0.4670340276877455
39627847626655730,0.0,0.1,0.9,0.0,0.2344977967946406
39627835584810234,0.0,0.25,0.75,0.0,0.4056390622295664
39627847626654013,0.0,0.08,0.92,0.0,0.2010895951011364
39627847626657146,0.0,0.76,0.24,0.0,0.39752013969226113
39627847626657324,0.0,0.96,0.04,0.0,0.12114609454120741
39627835584810102,0.0,0.65,0.35,0.0,0.4670340276877455
39627847626657333,0.0,0.04,0.96,0.0,0.12114609454120741
39627847626657697,0.0,0.98,0.02,0.0,0.07072027127091034
39627847626657772,0.0,0.36,0.64,0.0,0.4713415946277461
39627811413033963,0.0,0.85,0.15,0.0,0.3049201523582002
39627805369044083,0.0,0.92,0.08,0.0,0.2010895951011364
39627853687427961,0.0,0.86,0.14,0.0,0.292119405821428
39627853687426643,0.0,0.78,0.22,0.0,0.38008375148098283
39627865746049081,0.0,0.06,0.94,0.0,0.16372245957723813
39627853687426381,0.0,0.02,0.97,0.01,0.11097036642660543
39627853687426335,0.0,0.78,0.22,0.0,0.38008375148098283
39627829507263395,0.0,0.31,0.69,0.0,0.4465867291889284
39627865767018564,0.0,0.57,0.43,0.0,0.4929075185894599
39627835555448115,0.0,0.04,0.96,0.0,0.12114609454120741
39627829507262939,0.0,0.1,0.9,0.0,0.2344977967946406
39627865741855046,0.0,0.4,0.6,0.0,0.4854752972273343
39627829507261212,0.0,0.06,0.94,0.0,0.16372245957723813
39627853687423798,0.0,0.17,0.83,0.0,0.32885238937210975
39627853687423601,0.0,0.28,0.72,0.0,0.4277254052800653
39627829507261019,0.0,0.16,0.84,0.0,0.3171547773202831
39627841599440691,0.0,0.01,0.93,0.06,0.20367037270049304
39627853662260292,0.0,0.96,0.04,0.0,0.12114609454120741
39627841599440440,0.0,0.15,0.85,0.0,0.3049201523582002
39627853662260316,0.01,0.99,0.0,0.0,0.04039656794795559
39627841599439529,0.0,0.95,0.05,0.0,0.14319847855797813
39627835555448435,0.0,0.02,0.98,0.0,0.07072027127091034
39627823505212132,0.0,0.23,0.77,0.0,0.38900565177326885
39627823505212055,0.0,0.47,0.53,0.0,0.4987007942838698
39627823505213283,0.0,0.7,0.3,0.0,0.44064544961534635
39627853695813657,0.0,0.44,0.56,0.0,0.4947937606110278
39627853691618382,0.0,0.92,0.08,0.0,0.2010895951011364
39627829511455158,0.0,0.02,0.98,0.0,0.07072027127091034
39627829507265544,0.0,0.86,0.14,0.0,0.292119405821428
39627823496824492,0.0,0.54,0.46,0.0,0.49768921941011285
39627865750244623,0.0,0.28,0.72,0.0,0.4277254052800653
39627853691618120,0.0,0.96,0.04,0.0,0.12114609454120741
39627853691618061,0.0,0.0,0.59,0.41,0.488250234378912
39627865750244622,0.0,0.32,0.68,0.0,0.45219072886224687
39627829511457257,0.0,0.18,0.82,0.0,0.34003852286413994
39627865750242692,0.0,0.33,0.67,0.0,0.4574631863898637
39627835555448589,0.0,0.29,0.71,0.0,0.43436062316970225
39627853662260352,0.0,0.91,0.09,0.0,0.21823490853205144
39627811417229708,0.02,0.89,0.09,0.0,0.2875800930424113
39627853670649534,0.0,0.64,0.36,0.0,0.4713415946277461
39627853670649235,0.0,0.4,0.6,0.0,0.4854752972273343
39627841591051044,0.0,0.24,0.76,0.0,0.39752013969226113
39627835542868871,0.0,0.66,0.34,0.0,0.46240935248651505
39627835542868868,0.0,0.0,0.99,0.01,0.04039656794795559
39627835542868836,0.0,0.57,0.43,0.0,0.4929075185894599
39627811417229717,0.0,0.85,0.15,0.0,0.3049201523582002
39627823484242955,0.0,0.06,0.94,0.0,0.16372245957723813
39627805369045213,0.0,0.58,0.42,0.0,0.49072694751682683
39627805369045175,0.0,0.41,0.59,0.0,0.488250234378912
39627805369044560,0.0,0.72,0.28,0.0,0.4277254052800653
39627805369044423,0.0,0.51,0.49,0.0,0.49985572087640495
39627805369044255,0.0,0.98,0.02,0.0,0.07072027127091034
39627811413034018,0.0,0.2,0.8,0.0,0.36096404744368116
39627853700011043,0.0,0.07,0.93,0.0,0.18296182545011158
39627841599439206,0.0,0.02,0.98,0.0,0.07072027127091034
39627835559642678,0.0,0.93,0.07,0.0,0.18296182545011158
39627835547059649,0.0,0.0,0.73,0.27,0.42073231810408784
39627853683233264,0.0,0.7,0.3,0.0,0.44064544961534635
39627835572227401,0.0,0.01,0.97,0.02,0.11097036642660543
39627841578470671,0.0,1.0,0.0,0.0,-0.0
39627841591055246,0.0,0.14,0.86,0.0,0.292119405821428
39627835576420555,0.0,0.05,0.95,0.0,0.14319847855797813
39627835547060705,0.0,0.09,0.9,0.01,0.2579475764741046
39627835547060691,0.0,0.01,0.97,0.02,0.11097036642660543
39627811417231168,0.0,0.66,0.34,0.0,0.46240935248651505
39627853674844378,0.0,0.01,0.99,0.0,0.04039656794795559
39627811421422776,0.0,0.77,0.23,0.0,0.38900565177326885
39627835547060392,0.0,0.2,0.8,0.0,0.36096404744368116
39627835547060284,0.0,0.83,0.17,0.0,0.32885238937210975
39627811421422418,0.0,0.29,0.71,0.0,0.43436062316970225
39627811421422368,0.0,0.96,0.04,0.0,0.12114609454120741
39627853674842785,0.0,0.14,0.86,0.0,0.292119405821428
39627841586858251,0.0,0.76,0.24,0.0,0.39752013969226113
39627829545011166,0.0,0.29,0.7,0.01,0.4722717946631261
39627823505212089,0.0,0.09,0.91,0.0,0.21823490853205144
39627817444445225,0.0,0.88,0.12,0.0,0.2646804326436822
39627811392065803,0.0,0.95,0.05,0.0,0.14319847855797813
39627847626657984,0.0,0.05,0.94,0.01,0.1832231322266888
39627859739803717,0.0,0.69,0.31,0.0,0.4465867291889284
39627829545009734,0.0,0.54,0.46,0.0,0.49768921941011285
39627859735611371,0.0,0.1,0.9,0.0,0.2344977967946406
39627817457028870,0.01,0.99,0.0,0.0,0.04039656794795559
39627817457028706,0.0,0.26,0.74,0.0,0.4133731862463089
39627829545009909,0.0,0.43,0.57,0.0,0.4929075185894599
39627847635044266,0.0,0.06,0.94,0.0,0.16372245957723813
39627811396259810,0.0,0.85,0.15,0.0,0.3049201523582002
39627817444445232,0.0,0.14,0.86,0.0,0.292119405821428
39627847639237011,0.0,0.66,0.34,0.0,0.46240935248651505
39627847639237037,0.01,0.92,0.07,0.0,0.22283217282912027
39627817461220807,0.0,0.9,0.1,0.0,0.2344977967946406
39627829540815865,0.0,0.88,0.12,0.0,0.2646804326436822
39627811387870767,0.03,0.96,0.01,0.0,0.13737165703039006
39627847635046177,0.0,0.31,0.69,0.0,0.4465867291889284
39627829528234420,0.0,0.45,0.55,0.0,0.49638722699390414
39627817444444294,0.0,0.11,0.89,0.0,0.249957979082264
39627817444444113,0.0,0.39,0.61,0.0,0.4823997742525436
39627811396259687,0.0,0.78,0.22,0.0,0.38008375148098283
39627847626658262,0.0,0.22,0.78,0.0,0.38008375148098283
39627847639240528,0.0,0.07,0.93,0.0,0.18296182545011158
39627817461221717,0.0,0.44,0.56,0.0,0.4947937606110278
39627847639239564,0.0,0.57,0.43,0.0,0.4929075185894599
39627829540815839,0.0,0.37,0.63,0.0,0.47533604634353294
39627829528233363,0.0,0.99,0.01,0.0,0.04039656794795559
39627859735610686,0.0,0.6,0.4,0.0,0.4854752972273343
39627829536623592,0.0,0.03,0.97,0.0,0.0971959289157881
39627829536623576,0.0,0.12,0.88,0.0,0.2646804326436822
39627829528236738,0.0,0.18,0.82,0.0,0.34003852286413994
39627811396260418,0.0,0.43,0.57,0.0,0.4929075185894599
39627847639242223,0.0,0.51,0.49,0.0,0.49985572087640495
39627877821449197,0.0,0.36,0.64,0.0,0.4713415946277461
39627811396259942,0.0,0.29,0.71,0.0,0.43436062316970225
39627829528236654,0.0,0.01,0.99,0.0,0.04039656794795559
39627817452833252,0.0,0.59,0.41,0.0,0.488250234378912
39627847639239192,0.0,0.64,0.36,0.0,0.4713415946277461
39627811396256417,0.0,0.02,0.97,0.01,0.11097036642660543
39627817444446646,0.0,0.09,0.91,0.0,0.21823490853205144
39627847639237911,0.0,0.18,0.82,0.0,0.34003852286413994
39627865771215997,0.0,0.01,0.94,0.05,0.1832231322266888
39627865771214796,0.0,0.22,0.78,0.0,0.38008375148098283
39627829498875589,0.0,0.1,0.9,0.0,0.2344977967946406
39627829498875772,0.0,0.98,0.02,0.0,0.07072027127091034
39627847639237191,0.0,0.88,0.12,0.0,0.2646804326436822
39627865771214179,0.0,0.85,0.15,0.0,0.3049201523582002
39627841582665357,0.0,0.35,0.65,0.0,0.4670340276877455
39627865771215160,0.0,0.34,0.66,0.0,0.46240935248651505
39627865771216063,0.0,0.38,0.62,0.0,0.47902101111314976
39627835576420886,0.0,0.06,0.94,0.0,0.16372245957723813
39627865771214164,0.0,0.28,0.72,0.0,0.4277254052800653
39627829498876542,0.0,0.26,0.74,0.0,0.4133731862463089
39627841591053499,0.0,0.09,0.91,0.0,0.21823490853205144
39627841595245221,0.0,0.05,0.95,0.0,0.14319847855797813
39627835572229372,0.0,0.97,0.03,0.0,0.0971959289157881
39627835572229449,0.0,0.81,0.19,0.0,0.3507357299419487
39627865771215527,0.0,0.44,0.56,0.0,0.4947937606110278
39627841591055063,0.0,0.23,0.77,0.0,0.38900565177326885
39627841582663444,0.0,0.81,0.19,0.0,0.3507357299419487
39627841582663649,0.0,0.46,0.54,0.0,0.49768921941011285
39627841582663685,0.0,0.02,0.98,0.0,0.07072027127091034
39627841582662770,0.0,0.1,0.9,0.0,0.2344977967946406
39627835576420887,0.0,0.8,0.2,0.0,0.36096404744368116
39627841582662463,0.0,1.0,0.0,0.0,-0.0
39627841582663712,0.0,0.99,0.01,0.0,0.04039656794795559
39627865771215715,0.0,0.22,0.78,0.0,0.38008375148098283
39627841582663789,0.0,0.82,0.18,0.0,0.34003852286413994
39627841582663869,0.0,0.02,0.97,0.01,0.11097036642660543
39627841582663921,0.0,0.26,0.74,0.0,0.4133731862463089
39627841595244577,0.0,0.68,0.32,0.0,0.45219072886224687
39627841582664057,0.0,0.85,0.15,0.0,0.3049201523582002
39627865771215871,0.0,0.61,0.39,0.0,0.4823997742525436
39627841595244861,0.0,0.31,0.69,0.0,0.4465867291889284
39627865771215378,0.0,0.01,0.92,0.07,0.22283217282912027
39627865771215323,0.0,0.53,0.47,0.0,0.4987007942838698
39627865771215885,0.0,0.36,0.64,0.0,0.4713415946277461
39627841595245001,0.0,0.39,0.61,0.0,0.4823997742525436
39627853683229409,0.0,0.41,0.59,0.0,0.488250234378912
39627841595245577,0.0,0.03,0.97,0.0,0.0971959289157881
39627847635046959,0.0,0.91,0.09,0.0,0.21823490853205144
39627841591050557,0.0,0.8,0.2,0.0,0.36096404744368116
39627841591050358,0.0,0.56,0.44,0.0,0.4947937606110278
39627853670648683,0.0,0.17,0.83,0.0,0.32885238937210975
39627841586861563,0.0,0.99,0.01,0.0,0.04039656794795559
39627847635043162,0.0,0.17,0.83,0.0,0.32885238937210975
39627841586861535,0.0,0.0,1.0,0.0,-0.0
39627835576421221,0.0,0.28,0.72,0.0,0.4277254052800653
39627841586861403,0.0,0.0,0.95,0.05,0.14319847855797813
39627841586861338,0.0,0.92,0.08,0.0,0.2010895951011364
39627835576421155,0.0,0.13,0.87,0.0,0.2787190925139945
39627817444446030,0.0,0.61,0.39,0.0,0.4823997742525436
39627817444446046,0.0,0.08,0.92,0.0,0.2010895951011364
39627835576421138,0.0,0.02,0.98,0.0,0.07072027127091034
39627817444445994,0.0,0.6,0.4,0.0,0.4854752972273343
39627853670647076,0.0,0.44,0.56,0.0,0.4947937606110278
39627853670646977,0.0,0.81,0.19,0.0,0.3507357299419487
39627829515651469,0.0,0.4,0.6,0.0,0.4854752972273343
39627829515650887,0.0,0.14,0.86,0.0,0.292119405821428
39627841591051316,0.0,0.96,0.04,0.0,0.12114609454120741
39627835580613132,0.0,0.56,0.44,0.0,0.4947937606110278
39627847630851109,0.0,0.94,0.06,0.0,0.16372245957723813
39627841591051164,0.0,0.7,0.3,0.0,0.44064544961534635
39627847630851627,0.0,0.5,0.5,0.0,0.5
39627847630851761,0.0,0.51,0.49,0.0,0.49985572087640495
39627853670646642,0.0,0.04,0.96,0.0,0.12114609454120741
39627865775407796,0.0,0.93,0.07,0.0,0.18296182545011158
39627817444446318,0.0,0.25,0.75,0.0,0.4056390622295664
39627865775407285,0.0,0.03,0.97,0.0,0.0971959289157881
39627817444446444,0.0,0.05,0.94,0.01,0.1832231322266888
39627865771216508,0.0,0.03,0.88,0.09,0.3133571201112301
39627841582666312,0.0,0.16,0.84,0.0,0.3171547773202831
39627841582666288,0.0,0.1,0.9,0.0,0.2344977967946406
39627865771214144,0.0,0.84,0.16,0.0,0.3171547773202831
39627847635045766,0.0,0.24,0.76,0.0,0.39752013969226113
39627847635045969,0.0,0.55,0.45,0.0,0.49638722699390414
39627865771216213,0.0,0.0,0.99,0.01,0.04039656794795559
39627847635046405,0.0,0.19,0.81,0.0,0.3507357299419487
39627853674843907,0.0,0.09,0.91,0.0,0.21823490853205144
39627865771216190,0.0,0.03,0.97,0.0,0.0971959289157881
39627847635046569,0.0,0.02,0.98,0.0,0.07072027127091034
39627865771216269,0.0,0.35,0.65,0.0,0.4670340276877455
39627853674842738,0.0,0.12,0.88,0.0,0.2646804326436822
39627841586858065,0.0,0.8,0.2,0.0,0.36096404744368116
39627865775407246,0.0,0.83,0.17,0.0,0.32885238937210975
39627853674841173,0.0,0.15,0.85,0.0,0.3049201523582002
39627841586858367,0.0,0.65,0.35,0.0,0.4670340276877455
39627853674841365,0.0,0.49,0.51,0.0,0.49985572087640495
39627841586858257,0.0,0.82,0.18,0.0,0.34003852286413994
39627847635044644,0.0,0.48,0.52,0.0,0.4994227679976009
39627853674842141,0.0,0.56,0.44,0.0,0.4947937606110278
39627865771217248,0.0,0.89,0.11,0.0,0.249957979082264
39627865771217199,0.0,0.0,1.0,0.0,-0.0
39627865775407299,0.0,0.02,0.98,0.0,0.07072027127091034
39627859731418084,0.0,0.69,0.31,0.0,0.4465867291889284
39627865771214098,0.0,0.83,0.17,0.0,0.32885238937210975
39627853687427784,0.0,0.61,0.39,0.0,0.4823997742525436
39627829507264069,0.0,0.06,0.94,0.0,0.16372245957723813
39627853687427861,0.0,0.82,0.18,0.0,0.34003852286413994
39627829507264129,0.0,0.02,0.97,0.01,0.11097036642660543
39627853687427892,0.0,0.73,0.27,0.0,0.42073231810408784
39627853687427931,0.0,0.79,0.21,0.0,0.37074136996563684
39627841624606287,0.0,0.2,0.8,0.0,0.36096404744368116
39627865746050439,0.0,0.76,0.24,0.0,0.39752013969226113
39627865750241835,0.0,0.85,0.15,0.0,0.3049201523582002
39627865750242286,0.0,0.04,0.96,0.0,0.12114609454120741
39627817457028615,0.0,0.0,1.0,0.0,-0.0
39627865750242354,0.0,0.68,0.32,0.0,0.45219072886224687
39627817452832839,0.0,0.98,0.02,0.0,0.07072027127091034
39627853687427671,0.0,0.01,0.97,0.02,0.11097036642660543
39627817457029792,0.0,0.01,0.99,0.0,0.04039656794795559
39627841612026591,0.0,0.57,0.43,0.0,0.4929075185894599
39627829507263715,0.0,0.92,0.08,0.0,0.2010895951011364
39627865746049170,0.0,0.07,0.93,0.0,0.18296182545011158
39627865746049181,0.0,0.22,0.78,0.0,0.38008375148098283
39627829511458238,0.0,0.05,0.95,0.0,0.14319847855797813
39627829511458207,0.0,0.01,0.99,0.0,0.04039656794795559
39627829507263821,0.0,0.12,0.88,0.0,0.2646804326436822
39627829507263883,0.0,0.01,0.97,0.02,0.11097036642660543
39627829507263897,0.0,0.78,0.22,0.0,0.38008375148098283
39627865746049924,0.0,0.15,0.85,0.0,0.3049201523582002
39627853687427099,0.0,0.49,0.51,0.0,0.49985572087640495
39627865762827285,0.0,0.03,0.97,0.0,0.0971959289157881
39627853687427667,0.0,0.0,0.99,0.01,0.04039656794795559
39627829511457399,0.0,0.12,0.88,0.0,0.2646804326436822
39627853691617475,0.0,0.03,0.97,0.0,0.0971959289157881
39627829507264595,0.0,0.13,0.87,0.0,0.2787190925139945
39627829511455543,0.0,0.01,0.99,0.0,0.04039656794795559
39627865758631660,0.0,0.01,0.97,0.02,0.11097036642660543
39627865758631486,0.0,0.42,0.58,0.0,0.49072694751682683
39627835563836519,0.0,0.57,0.43,0.0,0.4929075185894599
39627865758631453,0.0,0.5,0.5,0.0,0.5
39627865758631411,0.0,0.17,0.83,0.0,0.32885238937210975
39627865758631262,0.0,0.07,0.91,0.02,0.2526241113249394
39627835563836268,0.0,0.81,0.19,0.0,0.3507357299419487
39627829511456461,0.0,0.41,0.59,0.0,0.488250234378912
39627865758631184,0.0,0.86,0.14,0.0,0.292119405821428
39627817452833140,0.0,0.82,0.18,0.0,0.34003852286413994
39627829511455820,0.0,0.18,0.82,0.0,0.34003852286413994
39627853691618813,0.0,0.13,0.87,0.0,0.2787190925139945
39627865758631707,0.0,0.63,0.37,0.0,0.47533604634353294
39627865758631756,0.0,0.05,0.95,0.0,0.14319847855797813
39627865750243636,0.0,0.47,0.53,0.0,0.4987007942838698
39627817457025813,0.0,0.33,0.67,0.0,0.4574631863898637
39627865762825780,0.0,0.98,0.02,0.0,0.07072027127091034
39627817452833004,0.0,0.87,0.13,0.0,0.2787190925139945
39627817452835964,0.0,0.29,0.71,0.0,0.43436062316970225
39627817452835962,0.0,0.61,0.39,0.0,0.4823997742525436
39627841612026528,0.0,0.48,0.52,0.0,0.4994227679976009
39627817452835302,0.0,0.08,0.92,0.0,0.2010895951011364
39627865754435946,0.0,0.59,0.41,0.0,0.488250234378912
39627829507265507,0.0,0.25,0.75,0.0,0.4056390622295664
39627865754437844,0.0,0.47,0.53,0.0,0.4987007942838698
39627817452833005,0.0,0.65,0.35,0.0,0.4670340276877455
39627817452834545,0.0,0.4,0.6,0.0,0.4854752972273343
39627847639241297,0.0,0.52,0.48,0.0,0.4994227679976009
39627817452833036,0.0,0.3,0.7,0.0,0.44064544961534635
39627817452834993,0.0,0.3,0.7,0.0,0.44064544961534635
39627865771214120,0.0,0.27,0.73,0.0,0.42073231810408784
39627829507263658,0.0,0.88,0.12,0.0,0.2646804326436822
39627817444446857,0.0,0.75,0.25,0.0,0.4056390622295664
39627817444446892,0.0,0.06,0.94,0.0,0.16372245957723813
39627847639238549,0.0,0.06,0.94,0.0,0.16372245957723813
39627865767022719,0.0,0.84,0.16,0.0,0.3171547773202831
39627865767022543,0.0,0.61,0.39,0.0,0.4823997742525436
39627835572224320,0.0,0.04,0.96,0.0,0.12114609454120741
39627865767022452,0.0,0.51,0.49,0.0,0.49985572087640495
39627835572224163,0.0,0.04,0.96,0.0,0.12114609454120741
39627835568035751,0.0,0.58,0.42,0.0,0.49072694751682683
39627865767022328,0.0,0.32,0.68,0.0,0.45219072886224687
39627829507260941,0.0,0.93,0.07,0.0,0.18296182545011158
39627835580612949,0.0,0.21,0.79,0.0,0.37074136996563684
39627841599439072,0.0,0.85,0.15,0.0,0.3049201523582002
39627835572227263,0.0,0.57,0.43,0.0,0.4929075185894599
39627841595247804,0.0,0.05,0.95,0.0,0.14319847855797813
39627841595248017,0.0,0.0,0.94,0.06,0.16372245957723813
39627841595248117,0.0,0.22,0.78,0.0,0.38008375148098283
39627841595249242,0.0,0.0,0.92,0.08,0.2010895951011364
39627865771213354,0.0,0.0,1.0,0.0,-0.0
39627841595250026,0.0,0.04,0.96,0.0,0.12114609454120741
39627829515651880,0.0,0.83,0.17,0.0,0.32885238937210975
39627865771213021,0.0,0.15,0.85,0.0,0.3049201523582002
39627865771212939,0.0,0.04,0.96,0.0,0.12114609454120741
39627865767023035,0.0,0.86,0.14,0.0,0.292119405821428
39627865767022901,0.0,0.23,0.77,0.0,0.38900565177326885
39627835568034608,0.0,0.06,0.94,0.0,0.16372245957723813
39627817444447134,0.0,0.67,0.33,0.0,0.4574631863898637
39627829507261034,0.02,0.98,0.0,0.0,0.07072027127091034
39627865741856720,0.0,0.44,0.56,0.0,0.4947937606110278
39627847639240566,0.0,0.79,0.21,0.0,0.37074136996563684
39627865741857024,0.0,0.95,0.05,0.0,0.14319847855797813
39627865746047008,0.0,0.2,0.8,0.0,0.36096404744368116
39627865767019108,0.0,0.09,0.91,0.0,0.21823490853205144
39627865767019003,0.0,0.04,0.96,0.0,0.12114609454120741
39627865746047518,0.0,0.01,0.99,0.0,0.04039656794795559
39627865767018636,0.0,0.93,0.07,0.0,0.18296182545011158
39627817448637474,0.0,0.37,0.63,0.0,0.47533604634353294
39627829507263256,0.0,0.07,0.93,0.0,0.18296182545011158
39627835580612810,0.0,0.21,0.79,0.0,0.37074136996563684
39627829507263290,0.0,0.12,0.88,0.0,0.2646804326436822
39627817461221059,0.0,0.34,0.66,0.0,0.46240935248651505
39627817457029944,0.0,0.88,0.12,0.0,0.2646804326436822
39627817448636866,0.0,0.03,0.97,0.0,0.0971959289157881
39627835568033135,0.0,0.04,0.96,0.0,0.12114609454120741
39627865741855780,0.0,0.12,0.88,0.0,0.2646804326436822
39627835568034446,0.0,0.14,0.86,0.0,0.292119405821428
39627829507261164,0.0,0.05,0.95,0.0,0.14319847855797813
39627835568034144,0.0,1.0,0.0,0.0,-0.0
39627835568033936,0.0,0.34,0.66,0.0,0.46240935248651505
39627835568033861,0.0,0.08,0.84,0.08,0.39715477732028304
39627865767021491,0.0,0.96,0.04,0.0,0.12114609454120741
39627817448636454,0.0,0.95,0.05,0.0,0.14319847855797813
39627841612026464,0.0,0.01,0.97,0.02,0.11097036642660543
39627835580612932,0.0,0.0,1.0,0.0,-0.0
39627847639240516,0.0,0.72,0.28,0.0,0.4277254052800653
39627835568033311,0.0,0.14,0.86,0.0,0.292119405821428
39627835580612887,0.0,0.88,0.12,0.0,0.2646804326436822
39627865767021439,0.0,0.26,0.74,0.0,0.4133731862463089
39627847630849386,0.0,0.98,0.02,0.0,0.07072027127091034
39627817444445781,0.0,0.18,0.82,0.0,0.34003852286413994
39627817444444262,0.0,0.85,0.15,0.0,0.3049201523582002
39627859727222458,0.0,0.0,1.0,0.0,-0.0
39627811400455141,0.0,0.83,0.17,0.0,0.32885238937210975
39627811400455275,0.0,0.6,0.4,0.0,0.4854752972273343
39627859727222326,0.0,0.52,0.48,0.0,0.4994227679976009
39627817444444210,0.0,0.01,0.97,0.02,0.11097036642660543
39627811400455340,0.0,0.92,0.08,0.0,0.2010895951011364
39627835584809158,0.0,0.9,0.1,0.0,0.2344977967946406
39627817436054792,0.0,0.92,0.08,0.0,0.2010895951011364
39627811400455707,0.0,0.55,0.45,0.0,0.49638722699390414
39627817436054775,0.0,0.38,0.62,0.0,0.47902101111314976
39627835584809753,0.0,0.03,0.97,0.0,0.0971959289157881
39627859727222733,0.0,0.01,0.94,0.05,0.1832231322266888
39627817436055546,0.0,0.74,0.26,0.0,0.4133731862463089
39627835580614967,0.0,0.13,0.87,0.0,0.2787190925139945
39627817440250513,0.0,0.87,0.13,0.0,0.2787190925139945
39627817440249745,0.0,0.32,0.68,0.0,0.45219072886224687
39627817444443884,0.0,0.83,0.17,0.0,0.32885238937210975
39627817444444086,0.0,0.84,0.16,0.0,0.3171547773202831
39627817436056205,0.0,0.71,0.29,0.0,0.43436062316970225
39627811400453857,0.0,0.73,0.27,0.0,0.42073231810408784
39627817436055997,0.0,0.01,0.93,0.06,0.20367037270049304
39627859731419740,0.0,0.72,0.28,0.0,0.4277254052800653
39627859731419842,0.0,0.03,0.97,0.0,0.0971959289157881
39627811400454661,0.0,0.37,0.63,0.0,0.47533604634353294
39627859735609518,0.0,0.8,0.2,0.0,0.36096404744368116
39627859735609561,0.0,0.0,0.99,0.01,0.04039656794795559
39627859735609741,0.0,0.28,0.72,0.0,0.4277254052800653
39627817436054400,0.0,0.59,0.41,0.0,0.488250234378912
39627811404644550,0.0,0.0,0.88,0.12,0.2646804326436822
39627835584809874,0.0,0.51,0.49,0.0,0.49985572087640495
39627811404645477,0.0,0.86,0.14,0.0,0.292119405821428
39627817444444341,0.0,0.59,0.41,0.0,0.488250234378912
39627811404645719,0.0,0.14,0.86,0.0,0.292119405821428
39627811404645725,0.0,0.82,0.18,0.0,0.34003852286413994
39627811404645768,0.0,0.29,0.71,0.0,0.43436062316970225
39627811404645809,0.0,0.32,0.68,0.0,0.45219072886224687
39627811404645894,0.0,0.45,0.55,0.0,0.49638722699390414
39627859735610350,0.0,0.77,0.23,0.0,0.38900565177326885
39627811404645895,0.0,0.73,0.27,0.0,0.42073231810408784
39627817431863748,0.0,0.0,0.65,0.35,0.4670340276877455
39627859735610333,0.0,0.11,0.89,0.0,0.249957979082264
39627811400453422,0.0,0.3,0.7,0.0,0.44064544961534635
39627835584810214,0.0,0.04,0.96,0.0,0.12114609454120741
39627859735610101,0.0,0.01,0.99,0.0,0.04039656794795559
39627835576423150,0.0,0.0,0.98,0.02,0.07072027127091034
39627811404644678,0.0,0.0,0.92,0.08,0.2010895951011364
39627811404644707,0.0,0.0,0.97,0.03,0.0971959289157881
39627817444444335,0.0,0.4,0.6,0.0,0.4854752972273343
39627835576423167,0.0,0.01,0.99,0.0,0.04039656794795559
39627859735609927,0.0,0.04,0.96,0.0,0.12114609454120741
39627859735610004,0.0,0.99,0.01,0.0,0.04039656794795559
39627811404645194,0.0,0.97,0.03,0.0,0.0971959289157881
39627859735610032,0.01,0.98,0.01,0.0,0.08072027127091033
39627811404645318,0.0,0.17,0.83,0.0,0.32885238937210975
39627817436054159,0.0,0.76,0.24,0.0,0.39752013969226113
39627811404645376,0.0,0.06,0.94,0.0,0.16372245957723813
39627859735610054,0.0,0.3,0.7,0.0,0.44064544961534635
39627811404645380,0.0,0.59,0.41,0.0,0.488250234378912
39627859731419495,0.0,0.94,0.06,0.0,0.16372245957723813
39627817440250778,0.0,0.13,0.87,0.0,0.2787190925139945
39627835580615706,0.0,0.42,0.58,0.0,0.49072694751682683
39627859731416929,0.0,0.22,0.78,0.0,0.38008375148098283
39627817444443283,0.0,0.44,0.56,0.0,0.4947937606110278
39627859731416909,0.0,0.65,0.35,0.0,0.4670340276877455
39627859731418741,0.0,0.07,0.93,0.0,0.18296182545011158
39627859731416826,0.0,0.22,0.78,0.0,0.38008375148098283
39627817444442406,0.0,0.0,0.97,0.03,0.0971959289157881
39627859731416688,0.0,0.34,0.66,0.0,0.46240935248651505
39627859731419108,0.0,1.0,0.0,0.0,-0.0
39627835580616305,0.0,0.33,0.67,0.0,0.4574631863898637
39627835580616408,0.0,0.41,0.59,0.0,0.488250234378912
39627859731416605,0.0,0.45,0.55,0.0,0.49638722699390414
39627859731416547,0.0,0.74,0.26,0.0,0.4133731862463089
39627859731416519,0.0,0.73,0.27,0.0,0.42073231810408784
39627817444442220,0.0,0.59,0.41,0.0,0.488250234378912
39627859731416936,0.0,0.03,0.96,0.01,0.13737165703039006
39627859731417013,0.0,0.48,0.52,0.0,0.4994227679976009
39627835580615441,0.0,0.0,0.97,0.03,0.0971959289157881
39627859731418067,0.0,0.06,0.94,0.0,0.16372245957723813
39627859731417884,0.0,0.57,0.43,0.0,0.4929075185894599
39627817444443377,0.0,0.69,0.31,0.0,0.4465867291889284
39627835580615478,0.0,0.0,0.95,0.05,0.14319847855797813
39627835580615492,0.0,0.47,0.53,0.0,0.4987007942838698
39627817444443336,0.0,0.17,0.83,0.0,0.32885238937210975
39627859731418466,0.0,0.75,0.25,0.0,0.4056390622295664
39627859731417387,0.0,0.29,0.71,0.0,0.43436062316970225
39627859731417294,0.0,0.48,0.52,0.0,0.4994227679976009
39627859731417268,0.0,0.76,0.24,0.0,0.39752013969226113
39627859731417192,0.0,0.07,0.93,0.0,0.18296182545011158
39627811404646079,0.0,0.49,0.51,0.0,0.49985572087640495
39627859731416360,0.0,0.61,0.39,0.0,0.4823997742525436
39627859731416167,0.0,0.58,0.42,0.0,0.49072694751682683
39627817440252862,0.0,0.9,0.1,0.0,0.2344977967946406
39627835580617121,0.0,0.12,0.88,0.0,0.2646804326436822
39627811400451921,0.0,0.01,0.99,0.0,0.04039656794795559
39627817440252494,0.0,0.1,0.9,0.0,0.2344977967946406
39627817440252401,0.0,0.9,0.1,0.0,0.2344977967946406
39627817444443798,0.0,0.37,0.63,0.0,0.47533604634353294
39627817440252224,0.0,0.07,0.92,0.01,0.22283217282912027
39627817440251998,0.0,0.12,0.88,0.0,0.2646804326436822
39627817440251431,0.0,0.61,0.39,0.0,0.4823997742525436
39627835576422512,0.0,0.66,0.34,0.0,0.46240935248651505
39627817440253006,0.0,0.18,0.82,0.0,0.34003852286413994
39627817440253040,0.0,0.15,0.85,0.0,0.3049201523582002
39627817440253098,0.0,0.24,0.76,0.0,0.39752013969226113
39627811400450772,0.0,0.27,0.73,0.0,0.42073231810408784
39627811400450950,0.0,0.73,0.27,0.0,0.42073231810408784
39627817444442194,0.0,1.0,0.0,0.0,-0.0
39627817444443602,0.0,0.99,0.01,0.0,0.04039656794795559
39627817440253449,0.0,0.55,0.45,0.0,0.49638722699390414
39627835580616619,0.0,0.11,0.89,0.0,0.249957979082264
39627811400451116,0.0,0.3,0.7,0.0,0.44064544961534635
39627817440253430,0.0,0.34,0.66,0.0,0.46240935248651505
39627859731415683,0.0,0.26,0.74,0.0,0.4133731862463089
39627817440253354,0.0,0.18,0.82,0.0,0.34003852286413994
39627859731415545,0.0,0.4,0.6,0.0,0.4854752972273343
39627859731415296,0.0,0.47,0.53,0.0,0.4987007942838698
39627817440253077,0.0,0.59,0.41,0.0,0.488250234378912
39627847630848820,0.0,0.71,0.29,0.0,0.43436062316970225
39627817444444361,0.0,0.66,0.34,0.0,0.46240935248651505
39627811404646152,0.0,0.53,0.47,0.0,0.4987007942838698
39627835576423273,0.0,0.02,0.98,0.0,0.07072027127091034
39627817444445259,0.0,0.64,0.36,0.0,0.4713415946277461
39627847630848067,0.0,0.25,0.75,0.0,0.4056390622295664
39627817444445338,0.0,1.0,0.0,0.0,-0.0
39627805364851286,0.0,0.97,0.03,0.0,0.0971959289157881
39627811408841117,0.0,0.73,0.27,0.0,0.42073231810408784
39627811408841515,0.0,0.98,0.02,0.0,0.07072027127091034
39627817444445477,0.0,0.97,0.03,0.0,0.0971959289157881
39627847630848086,0.0,0.79,0.21,0.0,0.37074136996563684
39627859718832925,0.0,0.22,0.78,0.0,0.38008375148098283
39627817444445490,0.0,0.75,0.25,0.0,0.4056390622295664
39627835580613505,0.0,0.2,0.8,0.0,0.36096404744368116
39627859735613449,0.03,0.86,0.11,0.0,0.34459107382959153
39627859735613436,0.0,0.07,0.92,0.01,0.22283217282912027
39627805364849953,0.0,0.09,0.91,0.0,0.21823490853205144
39627859735613114,0.0,0.0,0.92,0.08,0.2010895951011364
39627859735613177,0.0,0.0,0.87,0.13,0.2787190925139945
39627859723027563,0.0,0.51,0.49,0.0,0.49985572087640495
39627835576423203,0.0,0.24,0.76,0.0,0.39752013969226113
39627811408839232,0.0,1.0,0.0,0.0,-0.0
39627859723027436,0.0,0.12,0.88,0.0,0.2646804326436822
39627805364849388,0.0,0.05,0.95,0.0,0.14319847855797813
39627811408840110,0.0,0.25,0.75,0.0,0.4056390622295664
39627811392066006,0.0,0.09,0.91,0.0,0.21823490853205144
39627811408840444,0.0,0.63,0.37,0.0,0.47533604634353294
39627811408840447,0.0,0.38,0.62,0.0,0.47902101111314976
39627859739804434,0.0,0.62,0.38,0.0,0.47902101111314976
39627805369041413,0.0,0.44,0.56,0.0,0.4947937606110278
39627859739804441,0.0,0.12,0.88,0.0,0.2646804326436822
39627835580613461,0.0,0.02,0.97,0.01,0.11097036642660543
39627859731418360,0.0,0.4,0.6,0.0,0.4854752972273343
39627829519845122,0.0,0.37,0.63,0.0,0.47533604634353294
39627859710445667,0.0,0.9,0.1,0.0,0.2344977967946406
39627859739804817,0.0,0.44,0.56,0.0,0.4947937606110278
39627835580613209,0.0,0.11,0.89,0.0,0.249957979082264
39627859710445509,0.0,0.95,0.05,0.0,0.14319847855797813
39627859739804820,0.0,1.0,0.0,0.0,-0.0
39627835576421532,0.0,0.08,0.91,0.01,0.24088153359695552
39627817444445686,0.0,0.24,0.76,0.0,0.39752013969226113
39627859723028760,0.0,0.42,0.58,0.0,0.49072694751682683
39627835576421854,0.0,0.52,0.48,0.0,0.4994227679976009
39627805369042560,0.0,0.12,0.88,0.0,0.2646804326436822
39627817444445507,0.0,0.93,0.07,0.0,0.18296182545011158
39627859739804480,0.0,0.01,0.99,0.0,0.04039656794795559
39627811408842766,0.0,0.28,0.72,0.0,0.4277254052800653
39627811408842990,0.0,0.1,0.9,0.0,0.2344977967946406
39627805369042578,0.01,0.95,0.04,0.0,0.16124668093016215
39627805369042583,0.0,0.11,0.89,0.0,0.249957979082264
39627859739804484,0.0,0.0,0.97,0.03,0.0971959289157881
39627859714638807,0.0,0.69,0.31,0.0,0.4465867291889284
39627811408843450,0.0,0.62,0.38,0.0,0.47902101111314976
39627859739804505,0.0,0.71,0.29,0.0,0.43436062316970225
39627859714638584,0.0,0.51,0.49,0.0,0.49985572087640495
39627859739804506,0.0,0.46,0.54,0.0,0.49768921941011285
39627835576421839,0.0,0.91,0.09,0.0,0.21823490853205144
39627859723028871,0.0,0.81,0.19,0.0,0.3507357299419487
39627811404649514,0.0,0.14,0.86,0.0,0.292119405821428
39627811404647150,0.0,0.97,0.03,0.0,0.0971959289157881
39627811404647254,0.0,0.05,0.95,0.0,0.14319847855797813
39627811404647281,0.02,0.97,0.01,0.0,0.11097036642660543
39627811404647302,0.0,0.0,0.96,0.04,0.12114609454120741
39627811404647342,0.0,1.0,0.0,0.0,-0.0
39627811404647411,0.0,0.68,0.32,0.0,0.45219072886224687
39627811404647415,0.0,0.0,0.95,0.05,0.14319847855797813
39627811404647436,0.0,0.23,0.77,0.0,0.38900565177326885
39627859723031706,0.0,0.28,0.72,0.0,0.4277254052800653
39627811404647586,0.0,0.78,0.22,0.0,0.38008375148098283
39627811404647588,0.0,0.3,0.7,0.0,0.44064544961534635
39627817444444962,0.0,0.41,0.59,0.0,0.488250234378912
39627811404647604,0.0,0.81,0.19,0.0,0.3507357299419487
39627811404647689,0.0,0.97,0.03,0.0,0.0971959289157881
39627811404647149,0.0,0.0,0.99,0.01,0.04039656794795559
39627859723031584,0.0,0.29,0.71,0.0,0.43436062316970225
39627835584810992,0.0,0.0,1.0,0.0,-0.0
39627811404647093,0.0,0.87,0.13,0.0,0.2787190925139945
39627817444444386,0.0,0.56,0.44,0.0,0.4947937606110278
39627811404646348,0.0,0.0,0.91,0.09,0.21823490853205144
39627811404646476,0.0,0.89,0.11,0.0,0.249957979082264
39627811404646596,0.0,0.58,0.42,0.0,0.49072694751682683
39627811396256446,0.0,0.01,0.99,0.0,0.04039656794795559
39627811404646821,0.0,0.43,0.57,0.0,0.4929075185894599
39627811404646837,0.0,0.33,0.67,0.0,0.4574631863898637
39627817444444432,0.0,0.64,0.36,0.0,0.4713415946277461
39627811404646962,0.0,0.88,0.12,0.0,0.2646804326436822
39627811404646966,0.0,0.07,0.93,0.0,0.18296182545011158
39627811404647004,0.0,0.03,0.97,0.0,0.0971959289157881
39627811404647016,0.0,0.76,0.24,0.0,0.39752013969226113
39627817444444924,0.0,0.99,0.01,0.0,0.04039656794795559
39627811404647038,0.0,0.58,0.42,0.0,0.49072694751682683
39627811404647145,0.0,0.7,0.3,0.0,0.44064544961534635
39627811404646132,0.0,0.4,0.6,0.0,0.4854752972273343
39627811404648439,0.0,0.54,0.46,0.0,0.49768921941011285
39627811404648488,0.0,0.36,0.64,0.0,0.4713415946277461
39627811404648629,0.0,0.8,0.2,0.0,0.36096404744368116
39627811404648667,0.0,0.34,0.66,0.0,0.46240935248651505
39627811404648772,0.0,0.69,0.31,0.0,0.4465867291889284
39627829519843889,0.0,0.32,0.68,0.0,0.45219072886224687
39627811404648820,0.0,0.95,0.05,0.0,0.14319847855797813
39627859723029265,0.0,0.66,0.34,0.0,0.46240935248651505
39627859723029202,0.0,0.91,0.09,0.0,0.21823490853205144
39627811404649089,0.0,0.04,0.96,0.0,0.12114609454120741
39627859723029179,0.0,0.06,0.94,0.0,0.16372245957723813
39627829519843827,0.0,0.69,0.31,0.0,0.4465867291889284
39627811404649428,0.0,0.09,0.91,0.0,0.21823490853205144
39627859723028996,0.0,1.0,0.0,0.0,-0.0
39627835580614500,0.0,0.38,0.62,0.0,0.47902101111314976
39627859735611184,0.0,0.19,0.81,0.0,0.3507357299419487
39627859723030511,0.0,0.1,0.9,0.0,0.2344977967946406
39627835584811474,0.0,0.96,0.04,0.0,0.12114609454120741
39627859723030976,0.0,0.35,0.65,0.0,0.4670340276877455
39627817427668184,0.0,0.99,0.01,0.0,0.04039656794795559
39627817427668127,0.0,0.2,0.8,0.0,0.36096404744368116
39627811404648127,0.0,0.05,0.95,0.0,0.14319847855797813
39627811404648213,0.0,0.0,1.0,0.0,-0.0
39627811404648267,0.0,0.59,0.41,0.0,0.488250234378912
39627835589001868,0.0,0.7,0.3,0.0,0.44064544961534635
39627859735611037,0.0,0.49,0.51,0.0,0.49985572087640495
39627859735611152,0.0,0.17,0.83,0.0,0.32885238937210975
39627811404648307,0.0,0.72,0.28,0.0,0.4277254052800653
39627835580614432,0.0,0.24,0.76,0.0,0.39752013969226113
39627829511456173,0.0,0.04,0.96,0.0,0.12114609454120741
39627847622462663,0.0,0.47,0.53,0.0,0.4987007942838698
39627847622462613,0.0,0.08,0.92,0.0,0.2010895951011364
39627823463269274,0.0,0.46,0.54,0.0,0.49768921941011285
39627853666451686,0.0,0.07,0.93,0.0,0.18296182545011158
39627823463269820,0.0,0.0,0.96,0.04,0.12114609454120741
39627829536623761,0.0,0.14,0.86,0.0,0.292119405821428
39627829536623780,0.0,0.44,0.56,0.0,0.4947937606110278
39627847622462174,0.0,0.73,0.27,0.0,0.42073231810408784
39627847622461994,0.0,0.72,0.28,0.0,0.4277254052800653
39627823463269951,0.0,0.53,0.47,0.0,0.4987007942838698
39627847622461894,0.04,0.96,0.0,0.0,0.12114609454120741
39627823463269971,0.0,0.13,0.87,0.0,0.2787190925139945
39627823492633287,0.0,0.7,0.3,0.0,0.44064544961534635
39627823484243714,0.0,0.45,0.55,0.0,0.49638722699390414
39627847622461821,0.0,0.56,0.44,0.0,0.4947937606110278
39627847622461013,0.0,0.5,0.5,0.0,0.5
39627829536623825,0.0,0.03,0.97,0.0,0.0971959289157881
39627871794234249,0.0,0.74,0.26,0.0,0.4133731862463089
39627823463270394,0.0,0.66,0.34,0.0,0.46240935248651505
39627823463270410,0.0,0.58,0.42,0.0,0.49072694751682683
39627847622460732,0.0,0.83,0.17,0.0,0.32885238937210975
39627823463270513,0.0,0.39,0.61,0.0,0.4823997742525436
39627823463269002,0.0,0.98,0.02,0.0,0.07072027127091034
39627823463268529,0.0,0.33,0.67,0.0,0.4574631863898637
39627847626655010,0.0,0.61,0.39,0.0,0.4823997742525436
39627823496823955,0.0,0.32,0.68,0.0,0.45219072886224687
39627829524038384,0.0,0.08,0.92,0.0,0.2010895951011364
39627829536623665,0.0,0.14,0.86,0.0,0.292119405821428
39627823496824786,0.0,0.96,0.04,0.0,0.12114609454120741
39627835547058236,0.0,0.75,0.25,0.0,0.4056390622295664
39627823496824783,0.0,0.13,0.87,0.0,0.2787190925139945
39627847622463990,0.0,0.11,0.89,0.0,0.249957979082264
39627835547062674,0.0,0.64,0.36,0.0,0.4713415946277461
39627823463270709,0.01,0.97,0.02,0.0,0.11097036642660543
39627847622463591,0.0,0.16,0.84,0.0,0.3171547773202831
39627847622463493,0.0,0.99,0.01,0.0,0.04039656794795559
39627823496823071,0.0,0.63,0.37,0.0,0.47533604634353294
39627847622463270,0.0,0.1,0.9,0.0,0.2344977967946406
39627835551256609,0.0,0.17,0.83,0.0,0.32885238937210975
39627847622463162,0.0,1.0,0.0,0.0,-0.0
39627835551256585,0.0,0.88,0.12,0.0,0.2646804326436822
39627835551256480,0.0,0.27,0.73,0.0,0.42073231810408784
39627847622463515,0.0,0.55,0.45,0.0,0.49638722699390414
39627823484244676,0.0,0.43,0.57,0.0,0.4929075185894599
39627835547063193,0.0,0.33,0.67,0.0,0.4574631863898637
39627829524040745,0.0,0.75,0.25,0.0,0.4056390622295664
39627835551252995,0.0,0.82,0.18,0.0,0.34003852286413994
39627835542866781,0.0,0.23,0.77,0.0,0.38900565177326885
39627823496824648,0.0,0.18,0.82,0.0,0.34003852286413994
39627835542866905,0.0,0.96,0.04,0.0,0.12114609454120741
39627835551252977,0.0,0.98,0.02,0.0,0.07072027127091034
39627835547063224,0.0,0.32,0.68,0.0,0.45219072886224687
39627823484244102,0.0,0.52,0.48,0.0,0.4994227679976009
39627835547063235,0.0,0.0,1.0,0.0,-0.0
39627835551252971,0.0,0.57,0.43,0.0,0.4929075185894599
39627823496824498,0.0,0.12,0.88,0.0,0.2646804326436822
39627835542868178,0.0,0.29,0.71,0.0,0.43436062316970225
39627835547063340,0.0,0.08,0.92,0.0,0.2010895951011364
39627871785849550,0.0,0.55,0.45,0.0,0.49638722699390414
39627835551252804,0.0,0.2,0.8,0.0,0.36096404744368116
39627829536624250,0.0,0.03,0.97,0.0,0.0971959289157881
39627871785849160,0.0,0.9,0.1,0.0,0.2344977967946406
39627871785849239,0.0,0.95,0.05,0.0,0.14319847855797813
39627835551252658,0.0,0.25,0.75,0.0,0.4056390622295664
39627835551252853,0.0,0.32,0.68,0.0,0.45219072886224687
39627853662261577,0.0,0.39,0.61,0.0,0.4823997742525436
39627835551253094,0.0,0.67,0.33,0.0,0.4574631863898637
39627823496824039,0.0,0.18,0.82,0.0,0.34003852286413994
39627835542868829,0.0,0.79,0.21,0.0,0.37074136996563684
39627835542868825,0.0,0.0,1.0,0.0,-0.0
39627871794234019,0.0,0.27,0.73,0.0,0.42073231810408784
39627835551253923,0.0,0.64,0.36,0.0,0.4713415946277461
39627835551253782,0.0,0.24,0.76,0.0,0.39752013969226113
39627829536624120,0.0,0.81,0.19,0.0,0.3507357299419487
39627823496824706,0.0,0.57,0.43,0.0,0.4929075185894599
39627853666452022,0.0,0.03,0.97,0.0,0.0971959289157881
39627823496825043,0.0,0.0,0.89,0.11,0.249957979082264
39627823484244424,0.0,0.73,0.27,0.0,0.42073231810408784
39627823496825054,0.0,0.0,1.0,0.0,-0.0
39627823496824307,0.0,0.11,0.89,0.0,0.249957979082264
39627835542868793,0.0,0.04,0.96,0.0,0.12114609454120741
39627823484244267,0.0,0.24,0.76,0.0,0.39752013969226113
39627853662260296,0.0,0.99,0.01,0.0,0.04039656794795559
39627835551253484,0.0,0.27,0.73,0.0,0.42073231810408784
39627835551253461,0.0,0.01,0.99,0.0,0.04039656794795559
39627835551253432,0.0,0.98,0.02,0.0,0.07072027127091034
39627835551253355,0.0,0.54,0.46,0.0,0.49768921941011285
39627835542868436,0.0,0.08,0.92,0.0,0.2010895951011364
39627835542868318,0.0,0.03,0.97,0.0,0.0971959289157881
39627835542865889,0.0,0.17,0.83,0.0,0.32885238937210975
39627835551253103,0.0,0.17,0.83,0.0,0.32885238937210975
39627835542866063,0.0,0.75,0.25,0.0,0.4056390622295664
39627835542868317,0.0,0.2,0.8,0.0,0.36096404744368116
39627835542868293,0.0,0.41,0.59,0.0,0.488250234378912
39627835542868715,0.0,0.18,0.82,0.0,0.34003852286413994
39627829536623643,0.0,0.06,0.93,0.01,0.20367037270049304
39627847626655320,0.0,0.56,0.44,0.0,0.4947937606110278
39627823492632764,0.0,0.18,0.82,0.0,0.34003852286413994
39627829528235738,0.0,0.15,0.85,0.0,0.3049201523582002
39627835555451864,0.0,0.32,0.68,0.0,0.45219072886224687
39627835547061122,0.0,0.11,0.89,0.0,0.249957979082264
39627829545012353,0.0,0.01,0.97,0.02,0.11097036642660543
39627835547060627,0.0,0.25,0.75,0.0,0.4056390622295664
39627829536623622,0.0,0.0,0.97,0.03,0.0971959289157881
39627835547060528,0.0,0.26,0.74,0.0,0.4133731862463089
39627835547061817,0.0,0.8,0.2,0.0,0.36096404744368116
39627829545011848,0.0,0.04,0.94,0.02,0.19127133459887283
39627829528235618,0.0,0.08,0.91,0.01,0.24088153359695552
39627829524041566,0.0,0.88,0.12,0.0,0.2646804326436822
39627823484239974,0.0,0.6,0.4,0.0,0.4854752972273343
39627823484240069,0.0,0.08,0.92,0.0,0.2010895951011364
39627853700008770,0.0,0.83,0.17,0.0,0.32885238937210975
39627835547060225,0.0,0.75,0.25,0.0,0.4056390622295664
39627823484241121,0.0,0.2,0.8,0.0,0.36096404744368116
39627853662261202,0.0,0.08,0.92,0.0,0.2010895951011364
39627835547059870,0.0,0.04,0.96,0.0,0.12114609454120741
39627829536622205,0.0,0.49,0.51,0.0,0.49985572087640495
39627853662258174,0.0,0.05,0.95,0.0,0.14319847855797813
39627829528235188,0.0,0.28,0.72,0.0,0.4277254052800653
39627829545011740,0.0,0.16,0.84,0.0,0.3171547773202831
39627829540819750,0.0,0.35,0.65,0.0,0.4670340276877455
39627835547061453,0.0,0.69,0.31,0.0,0.4465867291889284
39627829524041274,0.0,0.07,0.93,0.0,0.18296182545011158
39627829524040287,0.0,0.86,0.14,0.0,0.292119405821428
39627835555452268,0.0,0.48,0.52,0.0,0.4994227679976009
39627853662260737,0.0,0.24,0.76,0.0,0.39752013969226113
39627829545009943,0.0,0.46,0.54,0.0,0.49768921941011285
39627835547061736,0.0,0.0,0.97,0.03,0.0971959289157881
39627829545010049,0.0,0.85,0.15,0.0,0.3049201523582002
39627829545010052,0.0,0.0,0.96,0.04,0.12114609454120741
39627829545010700,0.0,0.53,0.47,0.0,0.4987007942838698
39627829524039982,0.0,0.87,0.13,0.0,0.2787190925139945
39627853662259614,0.0,0.88,0.12,0.0,0.2646804326436822
39627835547061178,0.0,0.89,0.11,0.0,0.249957979082264
39627829545011329,0.0,0.59,0.41,0.0,0.488250234378912
39627835555452249,0.0,0.22,0.78,0.0,0.38008375148098283
39627829528235741,0.0,0.39,0.61,0.0,0.4823997742525436
39627829545010026,0.0,0.01,0.99,0.0,0.04039656794795559
39627853662261320,0.0,0.86,0.14,0.0,0.292119405821428
39627871777457177,0.0,0.0,0.87,0.13,0.2787190925139945
39627829528235036,0.0,0.99,0.01,0.0,0.04039656794795559
39627829524042662,0.0,0.75,0.25,0.0,0.4056390622295664
39627835547062190,0.0,0.75,0.25,0.0,0.4056390622295664
39627823505212062,0.0,0.3,0.7,0.0,0.44064544961534635
39627829528233024,0.0,0.99,0.01,0.0,0.04039656794795559
39627829528233203,0.0,0.69,0.31,0.0,0.4465867291889284
39627823496824923,0.0,0.25,0.75,0.0,0.4056390622295664
39627829536623487,0.0,0.67,0.33,0.0,0.4574631863898637
39627835547059753,0.0,0.25,0.75,0.0,0.4056390622295664
39627829528233514,0.0,0.15,0.85,0.0,0.3049201523582002
39627829528233543,0.0,0.38,0.62,0.0,0.47902101111314976
39627823492633405,0.0,0.09,0.91,0.0,0.21823490853205144
39627847626656731,0.0,0.24,0.76,0.0,0.39752013969226113
39627835547059691,0.0,0.24,0.76,0.0,0.39752013969226113
39627847626655493,0.0,0.87,0.13,0.0,0.2787190925139945
39627823496824841,0.0,0.11,0.89,0.0,0.249957979082264
39627835555448005,0.0,0.02,0.98,0.0,0.07072027127091034
39627853666452318,0.0,0.83,0.17,0.0,0.32885238937210975
39627835547059561,0.0,0.06,0.94,0.0,0.16372245957723813
39627829524040868,0.0,0.89,0.11,0.0,0.249957979082264
39627835547062375,0.0,0.36,0.64,0.0,0.4713415946277461
39627871794235265,0.0,0.54,0.46,0.0,0.49768921941011285
39627835555448716,0.0,0.23,0.77,0.0,0.38900565177326885
39627835559642935,0.0,0.21,0.79,0.0,0.37074136996563684
39627835547062336,0.0,0.0,0.97,0.03,0.0971959289157881
39627823492632711,0.0,0.47,0.53,0.0,0.4987007942838698
39627835547063612,0.0,0.95,0.05,0.0,0.14319847855797813
39627829545012936,0.0,0.36,0.64,0.0,0.4713415946277461
39627823496824960,0.0,0.43,0.57,0.0,0.4929075185894599
39627829545012977,0.0,0.53,0.47,0.0,0.4987007942838698
39627835547059811,0.0,0.18,0.82,0.0,0.34003852286413994
39627829545013324,0.0,0.69,0.31,0.0,0.4465867291889284
39627829528234836,0.0,0.98,0.02,0.0,0.07072027127091034
39627853666452607,0.0,0.36,0.64,0.0,0.4713415946277461
39627853666452766,0.0,0.66,0.34,0.0,0.46240935248651505
39627829528233733,0.0,0.13,0.87,0.0,0.2787190925139945
39627853683229686,0.0,0.22,0.78,0.0,0.38008375148098283
39627847647630288,0.0,0.3,0.7,0.0,0.44064544961534635
39627853683230040,0.0,0.57,0.43,0.0,0.4929075185894599
39627823484242125,0.0,0.05,0.95,0.0,0.14319847855797813
39627853683229984,0.0,0.73,0.27,0.0,0.42073231810408784
39627853683230024,0.0,0.6,0.4,0.0,0.4854752972273343
39627835572226902,0.0,0.62,0.38,0.0,0.47902101111314976
39627853683230201,0.0,0.07,0.93,0.0,0.18296182545011158
39627853670647109,0.01,0.99,0.0,0.0,0.04039656794795559
39627841599440587,0.0,0.97,0.03,0.0,0.0971959289157881
39627823484243427,0.0,0.31,0.69,0.0,0.4465867291889284
39627823484243475,0.0,0.04,0.96,0.0,0.12114609454120741
39627865741853967,0.0,0.56,0.44,0.0,0.4947937606110278
39627853674841077,0.0,0.29,0.71,0.0,0.43436062316970225
39627859710445969,0.0,0.2,0.8,0.0,0.36096404744368116
39627835547061417,0.0,0.95,0.05,0.0,0.14319847855797813
39627853670646979,0.0,0.66,0.34,0.0,0.46240935248651505
39627847660210563,0.0,0.95,0.05,0.0,0.14319847855797813
39627817431861298,0.0,0.8,0.2,0.0,0.36096404744368116
39627847660210615,0.0,0.53,0.47,0.0,0.4987007942838698
39627847630848381,0.0,0.35,0.65,0.0,0.4670340276877455
39627817427668788,0.0,0.8,0.2,0.0,0.36096404744368116
39627841595249388,0.0,0.84,0.16,0.0,0.3171547773202831
39627823480050357,0.0,0.16,0.84,0.0,0.3171547773202831
39627835572226147,0.0,0.12,0.88,0.0,0.2646804326436822
39627835572226223,0.0,0.01,0.99,0.0,0.04039656794795559
39627805364851301,0.0,0.02,0.98,0.0,0.07072027127091034
39627829503070718,0.0,0.01,0.99,0.0,0.04039656794795559
39627847660210498,0.0,0.92,0.08,0.0,0.2010895951011364
39627829536623708,0.0,0.01,0.99,0.0,0.04039656794795559
39627853662259675,0.0,0.59,0.41,0.0,0.488250234378912
39627859710445478,0.0,0.1,0.9,0.0,0.2344977967946406
39627835572226594,0.0,0.99,0.01,0.0,0.04039656794795559
39627865758635093,0.0,0.04,0.96,0.0,0.12114609454120741
39627829519843554,0.0,0.13,0.87,0.0,0.2787190925139945
39627853679037592,0.0,0.02,0.98,0.0,0.07072027127091034
39627853679037606,0.0,0.0,0.88,0.12,0.2646804326436822
39627823484242126,0.0,0.93,0.07,0.0,0.18296182545011158
39627823484243844,0.0,0.07,0.93,0.0,0.18296182545011158
39627829519843526,0.0,1.0,0.0,0.0,-0.0
39627865741853877,0.0,0.36,0.64,0.0,0.4713415946277461
39627835551257024,0.0,0.32,0.68,0.0,0.45219072886224687
39627847630852233,0.0,0.03,0.97,0.0,0.0971959289157881
39627835547064041,0.0,0.06,0.94,0.0,0.16372245957723813
39627847635044386,0.01,0.96,0.03,0.0,0.13737165703039006
39627823496825289,0.0,0.1,0.9,0.0,0.2344977967946406
39627817444442542,0.0,0.26,0.74,0.0,0.4133731862463089
39627847622462236,0.0,0.65,0.35,0.0,0.4670340276877455
39627847635044420,0.0,0.0,1.0,0.0,-0.0
39627871794234250,0.0,0.97,0.03,0.0,0.0971959289157881
39627859731416510,0.0,0.49,0.51,0.0,0.49985572087640495
39627841586861324,0.0,0.87,0.13,0.0,0.2787190925139945
39627853666451806,0.0,1.0,0.0,0.0,-0.0
39627841612025451,0.0,0.35,0.65,0.0,0.4670340276877455
39627865771215489,0.0,0.16,0.84,0.0,0.3171547773202831
39627841612024911,0.0,0.11,0.89,0.0,0.249957979082264
39627847622462253,0.0,0.83,0.17,0.0,0.32885238937210975
39627823492633248,0.0,0.13,0.87,0.0,0.2787190925139945
39627853687428088,0.0,0.37,0.63,0.0,0.47533604634353294
39627859731415852,0.0,0.02,0.98,0.0,0.07072027127091034
39627847635043041,0.0,0.37,0.63,0.0,0.47533604634353294
39627859727226451,0.0,0.49,0.51,0.0,0.49985572087640495
39627835555449913,0.0,0.04,0.96,0.0,0.12114609454120741
39627823496825349,0.0,0.22,0.78,0.0,0.38008375148098283
39627847635043426,0.0,0.09,0.91,0.0,0.21823490853205144
39627847639238519,0.0,0.07,0.93,0.0,0.18296182545011158
39627853691617459,0.0,0.04,0.96,0.0,0.12114609454120741
39627811400452793,0.0,0.53,0.47,0.0,0.4987007942838698
39627811400453080,0.0,0.09,0.91,0.0,0.21823490853205144
39627811400453229,0.0,0.16,0.84,0.0,0.3171547773202831
39627865771216635,0.0,0.0,1.0,0.0,-0.0
39627811400453353,0.0,0.15,0.85,0.0,0.3049201523582002
39627811400453808,0.0,0.2,0.8,0.0,0.36096404744368116
39627835555449265,0.0,0.04,0.96,0.0,0.12114609454120741
39627865771216715,0.02,0.98,0.0,0.0,0.07072027127091034
39627823488435503,0.0,0.99,0.01,0.0,0.04039656794795559
39627811400454943,0.0,0.25,0.75,0.0,0.4056390622295664
39627829528234732,0.0,0.31,0.69,0.0,0.4465867291889284
39627841582662090,0.0,0.63,0.37,0.0,0.47533604634353294
39627853691620716,0.0,0.16,0.84,0.0,0.3171547773202831
39627835568033353,0.0,0.84,0.16,0.0,0.3171547773202831
39627865750245139,0.0,0.09,0.91,0.0,0.21823490853205144
39627835568033429,0.0,0.35,0.65,0.0,0.4670340276877455
39627865750245590,0.0,0.5,0.5,0.0,0.5
39627847635046728,0.0,0.08,0.92,0.0,0.2010895951011364
39627871785848473,0.0,0.99,0.01,0.0,0.04039656794795559
39627871785848700,0.0,0.94,0.06,0.0,0.16372245957723813
39627865746050970,0.0,0.14,0.86,0.0,0.292119405821428
39627835584809252,0.0,0.08,0.92,0.0,0.2010895951011364
39627865746051086,0.0,0.99,0.01,0.0,0.04039656794795559
39627871785849089,0.0,0.84,0.16,0.0,0.3171547773202831
39627859714638900,0.0,0.7,0.3,0.0,0.44064544961534635
39627835568034613,0.0,1.0,0.0,0.0,-0.0
39627835568035071,0.0,0.91,0.09,0.0,0.21823490853205144
39627823492633240,0.0,0.17,0.83,0.0,0.32885238937210975
39627841599442205,0.0,0.73,0.27,0.0,0.42073231810408784
39627829507263009,0.0,0.68,0.32,0.0,0.45219072886224687
39627859723026935,0.0,0.93,0.07,0.0,0.18296182545011158
39627817440252265,0.0,0.85,0.15,0.0,0.3049201523582002
39627817440251868,0.0,0.91,0.09,0.0,0.21823490853205144
39627847635044709,0.0,0.14,0.86,0.0,0.292119405821428
39627817440251793,0.0,0.21,0.79,0.0,0.37074136996563684
39627811408838757,0.0,0.81,0.19,0.0,0.3507357299419487
39627811408838800,0.0,0.27,0.73,0.0,0.42073231810408784
39627865771215341,0.0,0.01,0.99,0.0,0.04039656794795559
39627853683230132,0.0,0.31,0.69,0.0,0.4465867291889284
39627835542864780,0.0,0.62,0.38,0.0,0.47902101111314976
39627859731416830,0.0,0.74,0.26,0.0,0.4133731862463089
39627811396256190,0.0,0.42,0.58,0.0,0.49072694751682683
39627847635044738,0.0,0.57,0.43,0.0,0.4929075185894599
39627865771215257,0.0,0.1,0.9,0.0,0.2344977967946406
39627835542864889,0.0,0.79,0.21,0.0,0.37074136996563684
39627835580612773,0.0,0.0,1.0,0.0,-0.0
39627841591050734,0.0,0.17,0.83,0.0,0.32885238937210975
39627877825642971,0.0,0.6,0.4,0.0,0.4854752972273343
39627853691619012,0.0,0.75,0.25,0.0,0.4056390622295664
39627853674843632,0.0,0.34,0.66,0.0,0.46240935248651505
39627829545012622,0.0,0.02,0.97,0.01,0.11097036642660543
39627811387871382,0.0,0.07,0.93,0.0,0.18296182545011158
39627859731418297,0.0,0.05,0.95,0.0,0.14319847855797813
39627865754439444,0.0,0.0,1.0,0.0,-0.0
39627817427669373,0.0,0.46,0.54,0.0,0.49768921941011285
39627823496824079,0.0,0.29,0.71,0.0,0.43436062316970225
39627811408839706,0.0,0.02,0.98,0.0,0.07072027127091034
39627811408839747,0.0,0.93,0.07,0.0,0.18296182545011158
39627865758635454,0.0,0.16,0.84,0.0,0.3171547773202831
39627817427669344,0.0,0.76,0.24,0.0,0.39752013969226113
39627871790039185,0.0,0.85,0.15,0.0,0.3049201523582002
39627811408842000,0.0,0.07,0.93,0.0,0.18296182545011158
39627859735613472,0.0,0.0,0.91,0.09,0.21823490853205144
39627859735613519,0.0,0.39,0.61,0.0,0.4823997742525436
39627871777458559,0.0,0.45,0.55,0.0,0.49638722699390414
39627859735613349,0.0,0.0,0.85,0.15,0.3049201523582002
39627847626656380,0.07,0.93,0.0,0.0,0.18296182545011158
39627859706251390,0.0,0.77,0.23,0.0,0.38900565177326885
39627847626656308,0.0,0.01,0.99,0.0,0.04039656794795559
39627871790040558,0.0,0.01,0.98,0.01,0.08072027127091033
39627865762826300,0.0,0.77,0.23,0.0,0.38900565177326885
39627847622464218,0.0,0.13,0.87,0.0,0.2787190925139945
39627847622463993,0.0,0.01,0.99,0.0,0.04039656794795559
39627853670649715,0.0,0.05,0.95,0.0,0.14319847855797813
39627829540814967,0.0,0.96,0.04,0.0,0.12114609454120741
39627859735613191,0.0,0.19,0.81,0.0,0.3507357299419487
39627859739804243,0.0,0.14,0.86,0.0,0.292119405821428
39627823463270728,0.0,0.0,0.98,0.02,0.07072027127091034
39627823463272272,0.0,0.41,0.59,0.0,0.488250234378912
39627823463272621,0.0,0.02,0.98,0.0,0.07072027127091034
39627823496824076,0.0,0.07,0.93,0.0,0.18296182545011158
39627859706251367,0.0,0.34,0.66,0.0,0.46240935248651505
39627847643431304,0.0,0.66,0.34,0.0,0.46240935248651505
39627871794237093,0.0,0.03,0.97,0.0,0.0971959289157881
39627823505211869,0.0,0.01,0.96,0.03,0.13737165703039006
39627829519846869,0.0,0.76,0.24,0.0,0.39752013969226113
39627853687428201,0.0,0.03,0.97,0.0,0.0971959289157881
39627835551252980,0.0,0.1,0.9,0.0,0.2344977967946406
39627853687423501,0.0,0.02,0.98,0.0,0.07072027127091034
39627841586858201,0.0,0.01,0.98,0.01,0.08072027127091033
39627853687423591,0.0,0.59,0.41,0.0,0.488250234378912
39627871794233746,0.0,0.88,0.12,0.0,0.2646804326436822
39627865758632316,0.0,0.17,0.83,0.0,0.32885238937210975
39627835572228371,0.0,0.08,0.92,0.0,0.2010895951011364
39627853687426208,0.0,0.07,0.93,0.0,0.18296182545011158
39627817461223498,0.0,0.92,0.08,0.0,0.2010895951011364
39627853687428049,0.0,0.21,0.79,0.0,0.37074136996563684
39627811408839515,0.0,0.26,0.74,0.0,0.4133731862463089
39627811408839439,0.0,0.06,0.94,0.0,0.16372245957723813
39627871785848000,0.0,1.0,0.0,0.0,-0.0
39627811408839417,0.0,0.94,0.06,0.0,0.16372245957723813
39627811408839633,0.0,0.87,0.13,0.0,0.2787190925139945
39627811408840327,0.0,0.71,0.29,0.0,0.43436062316970225
39627811408839545,0.0,0.16,0.84,0.0,0.3171547773202831
39627811408839319,0.0,0.92,0.08,0.0,0.2010895951011364
39627805369041234,0.0,0.38,0.62,0.0,0.47902101111314976
39627823484244557,0.0,0.94,0.06,0.0,0.16372245957723813
39627835559644563,0.0,0.39,0.61,0.0,0.4823997742525436
39627823463270934,0.0,0.98,0.02,0.0,0.07072027127091034
39627871785846857,0.0,0.15,0.85,0.0,0.3049201523582002
39627811404648315,0.0,0.88,0.12,0.0,0.2646804326436822
39627871794234093,0.0,0.42,0.58,0.0,0.49072694751682683
39627871785847063,0.0,1.0,0.0,0.0,-0.0
39627829536622902,0.0,0.29,0.71,0.0,0.43436062316970225
39627829519846261,0.0,0.0,0.96,0.04,0.12114609454120741
39627823463270988,0.0,0.1,0.9,0.0,0.2344977967946406
39627811404648560,0.0,0.0,1.0,0.0,-0.0
39627829519846394,0.0,0.86,0.14,0.0,0.292119405821428
39627829519846266,0.0,0.1,0.9,0.0,0.2344977967946406
39627829507264866,0.0,0.02,0.98,0.0,0.07072027127091034
39627847643432016,0.0,0.2,0.8,0.0,0.36096404744368116
39627835584808510,0.0,0.17,0.83,0.0,0.32885238937210975
39627847660211944,0.0,0.41,0.59,0.0,0.488250234378912
39627865754440150,0.0,0.31,0.69,0.0,0.4465867291889284
39627859710447895,0.0,0.41,0.59,0.0,0.488250234378912
39627859710447087,0.0,0.0,0.85,0.15,0.3049201523582002
39627811413033324,0.0,0.01,0.99,0.0,0.04039656794795559
39627811413033339,0.0,0.73,0.27,0.0,0.42073231810408784
39627859714638674,0.0,0.15,0.85,0.0,0.3049201523582002
39627865762824262,0.0,0.56,0.44,0.0,0.4947937606110278
39627847660211526,0.0,0.09,0.91,0.0,0.21823490853205144
39627865758635500,0.0,0.83,0.17,0.0,0.32885238937210975
39627871790039126,0.0,0.95,0.05,0.0,0.14319847855797813
39627871790039214,0.0,0.63,0.37,0.0,0.47533604634353294
39627841595250565,0.01,0.95,0.04,0.0,0.16124668093016215
39627871790039292,0.0,0.02,0.98,0.0,0.07072027127091034
39627865754440058,0.0,0.41,0.59,0.0,0.488250234378912
39627841595250329,0.0,0.36,0.64,0.0,0.4713415946277461
39627835542867586,0.0,0.08,0.92,0.0,0.2010895951011364
39627835542867582,0.0,0.78,0.22,0.0,0.38008375148098283
39627817431864277,0.0,0.16,0.84,0.0,0.3171547773202831
39627835551254697,0.0,0.99,0.01,0.0,0.04039656794795559
39627811408840714,0.0,0.96,0.04,0.0,0.12114609454120741
39627871785848140,0.0,0.01,0.96,0.03,0.13737165703039006
39627829519846257,0.0,0.0,0.98,0.02,0.07072027127091034
39627829536622987,0.0,0.28,0.72,0.0,0.4277254052800653
39627871785848240,0.0,0.33,0.67,0.0,0.4574631863898637
39627871785848364,0.0,0.37,0.63,0.0,0.47533604634353294
39627871785848401,0.0,0.25,0.75,0.0,0.4056390622295664
39627859718834863,0.0,0.95,0.05,0.0,0.14319847855797813
39627859718834080,0.0,0.54,0.46,0.0,0.49768921941011285
39627829536623022,0.0,0.16,0.84,0.0,0.3171547773202831
39627859718833434,0.0,0.66,0.34,0.0,0.46240935248651505
39627865762824916,0.0,0.99,0.01,0.0,0.04039656794795559
39627865775409607,0.0,0.97,0.03,0.0,0.0971959289157881
39627865762824672,0.0,0.24,0.76,0.0,0.39752013969226113
39627859714641491,0.0,0.04,0.96,0.0,0.12114609454120741
39627835584809855,0.0,0.83,0.17,0.0,0.32885238937210975
39627835551254807,0.0,0.29,0.71,0.0,0.43436062316970225
39627865754440294,0.0,0.78,0.22,0.0,0.38008375148098283
39627865758630048,0.0,0.83,0.17,0.0,0.32885238937210975
39627829503068363,0.0,0.15,0.85,0.0,0.3049201523582002
39627829545012103,0.0,0.95,0.05,0.0,0.14319847855797813
39627817448636487,0.0,0.26,0.74,0.0,0.4133731862463089
39627829545012529,0.0,0.95,0.05,0.0,0.14319847855797813
39627817444447391,0.0,0.48,0.52,0.0,0.4994227679976009
39627823492634347,0.0,0.06,0.93,0.01,0.20367037270049304
39627853691619902,0.01,0.99,0.0,0.0,0.04039656794795559
39627853691619706,0.0,0.06,0.94,0.0,0.16372245957723813
39627829515649643,0.0,0.35,0.65,0.0,0.4670340276877455
39627811400450788,0.0,0.07,0.93,0.0,0.18296182545011158
39627829536622309,0.0,0.12,0.88,0.0,0.2646804326436822
39627859731415804,0.0,0.52,0.48,0.0,0.4994227679976009
39627847639241095,0.0,0.03,0.97,0.0,0.0971959289157881
39627823496827489,0.0,0.08,0.92,0.0,0.2010895951011364
39627823496827435,0.0,0.54,0.46,0.0,0.49768921941011285
39627865771213575,0.0,0.01,0.99,0.0,0.04039656794795559
39627865758630603,0.0,0.52,0.48,0.0,0.4994227679976009
39627859735610352,0.0,0.18,0.82,0.0,0.34003852286413994
39627835576423129,0.0,0.13,0.87,0.0,0.2787190925139945
39627877817256278,0.0,0.74,0.26,0.0,0.4133731862463089
39627865762826722,0.0,0.02,0.98,0.0,0.07072027127091034
39627859735610656,0.0,0.85,0.15,0.0,0.3049201523582002
39627829540819481,0.0,0.63,0.37,0.0,0.47533604634353294
39627865758630428,0.0,0.57,0.43,0.0,0.4929075185894599
39627829545009219,0.0,0.15,0.85,0.0,0.3049201523582002
39627859731418842,0.0,0.42,0.58,0.0,0.49072694751682683
39627859731418737,0.0,0.84,0.16,0.0,0.3171547773202831
39627859731418683,0.01,0.92,0.07,0.0,0.22283217282912027
39627859731418602,0.0,0.73,0.27,0.0,0.42073231810408784
39627811392062530,0.0,0.67,0.33,0.0,0.4574631863898637
39627865758630141,0.0,0.27,0.73,0.0,0.42073231810408784
39627859735610714,0.0,0.01,0.97,0.02,0.11097036642660543
39627817444445701,0.0,0.54,0.46,0.0,0.49768921941011285
39627817444445636,0.0,0.76,0.24,0.0,0.39752013969226113
39627859723032501,0.0,0.0,0.98,0.02,0.07072027127091034
39627817444442792,0.0,0.66,0.34,0.0,0.46240935248651505
39627823459078634,0.0,0.82,0.18,0.0,0.34003852286413994
39627865754440379,0.0,0.53,0.47,0.0,0.4987007942838698
39627823463269105,0.0,0.09,0.9,0.01,0.2579475764741046
39627871794234467,0.0,0.2,0.8,0.0,0.36096404744368116
39627841616217982,0.0,0.07,0.93,0.0,0.18296182545011158
39627841586860817,0.0,0.86,0.14,0.0,0.292119405821428
39627865758635372,0.0,0.75,0.25,0.0,0.4056390622295664
39627841586860858,0.0,0.94,0.06,0.0,0.16372245957723813
39627835551255074,0.0,0.02,0.98,0.0,0.07072027127091034
39627859735612800,0.0,0.01,0.99,0.0,0.04039656794795559
39627853700009624,0.0,0.64,0.36,0.0,0.4713415946277461
39627853691617789,0.0,0.52,0.48,0.0,0.4994227679976009
39627841586856395,0.0,0.02,0.98,0.0,0.07072027127091034
39627865762826371,0.0,0.96,0.04,0.0,0.12114609454120741
39627823496823469,0.0,0.07,0.93,0.0,0.18296182545011158
39627823496823514,0.0,0.5,0.5,0.0,0.5
39627835580613824,0.0,0.98,0.02,0.0,0.07072027127091034
39627811400452298,0.0,0.96,0.04,0.0,0.12114609454120741
39627835580613985,0.0,0.56,0.44,0.0,0.4947937606110278
39627835580614171,0.0,0.44,0.56,0.0,0.4947937606110278
39627859727222366,0.0,0.35,0.65,0.0,0.4670340276877455
39627853700006381,0.0,0.03,0.97,0.0,0.0971959289157881
39627853700006474,0.0,0.46,0.54,0.0,0.49768921941011285
39627835555446810,0.0,0.0,0.97,0.03,0.0971959289157881
39627847626655046,0.0,0.57,0.43,0.0,0.4929075185894599
39627823496823293,0.0,0.11,0.89,0.0,0.249957979082264
39627865746049840,0.0,0.21,0.79,0.0,0.37074136996563684
39627865758635357,0.0,0.68,0.32,0.0,0.45219072886224687
39627865762825557,0.0,0.48,0.52,0.0,0.4994227679976009
39627829515652168,0.0,0.86,0.14,0.0,0.292119405821428
39627829532429570,0.0,1.0,0.0,0.0,-0.0
39627847630849046,0.0,0.01,0.99,0.0,0.04039656794795559
39627871790040378,0.0,0.05,0.94,0.01,0.1832231322266888
39627835547062525,0.0,0.0,0.62,0.38,0.47902101111314976
39627871790040412,0.0,0.94,0.06,0.0,0.16372245957723813
39627847630848983,0.0,0.94,0.06,0.0,0.16372245957723813
39627865758634760,0.0,0.0,0.95,0.05,0.14319847855797813
39627871790043125,0.0,0.99,0.01,0.0,0.04039656794795559
39627871790043065,0.0,0.62,0.38,0.0,0.47902101111314976
39627835547058561,0.0,0.0,0.99,0.01,0.04039656794795559
39627835547059059,0.0,0.92,0.08,0.0,0.2010895951011364
39627835547059249,0.0,0.8,0.2,0.0,0.36096404744368116
39627847630848934,0.0,0.0,0.99,0.01,0.04039656794795559
39627835547059268,0.0,0.17,0.83,0.0,0.32885238937210975
39627847630848895,0.0,0.01,0.99,0.0,0.04039656794795559
39627829532429629,0.0,0.03,0.95,0.02,0.1674722434193448
39627865767021503,0.0,0.76,0.24,0.0,0.39752013969226113
39627859744000522,0.0,0.64,0.36,0.0,0.4713415946277461
39627829507261686,0.0,0.01,0.99,0.0,0.04039656794795559
39627871790039885,0.0,0.2,0.8,0.0,0.36096404744368116
39627871790039887,0.0,0.5,0.5,0.0,0.5
39627859735610318,0.0,0.0,0.87,0.13,0.2787190925139945
39627865754440044,0.0,0.83,0.17,0.0,0.32885238937210975
39627865758635001,0.0,0.04,0.96,0.0,0.12114609454120741
39627871790039890,0.0,0.97,0.03,0.0,0.0971959289157881
39627871790040060,0.0,0.36,0.64,0.0,0.4713415946277461
39627829507261679,0.0,0.21,0.79,0.0,0.37074136996563684
39627841595247364,0.0,0.7,0.3,0.0,0.44064544961534635
39627829507265535,0.0,0.55,0.45,0.0,0.49638722699390414
39627811417228261,0.0,0.31,0.69,0.0,0.4465867291889284
39627871790043251,0.0,0.23,0.77,0.0,0.38900565177326885
39627859739804507,0.0,0.46,0.54,0.0,0.49768921941011285
39627871790040154,0.0,0.9,0.1,0.0,0.2344977967946406
39627871790042684,0.0,0.56,0.44,0.0,0.4947937606110278
39627871790040820,0.0,0.2,0.8,0.0,0.36096404744368116
39627865767021944,0.0,0.28,0.72,0.0,0.4277254052800653
39627871790041774,0.0,0.96,0.04,0.0,0.12114609454120741
39627871790041808,0.0,0.82,0.18,0.0,0.34003852286413994
39627871790042298,0.0,0.0,0.93,0.07,0.18296182545011158
39627853679036544,0.0,0.44,0.56,0.0,0.4947937606110278
39627871790042244,0.0,0.23,0.77,0.0,0.38900565177326885
39627805369041199,0.0,0.93,0.07,0.0,0.18296182545011158
39627859739805641,0.0,0.49,0.51,0.0,0.49985572087640495
39627865754439318,0.0,0.9,0.1,0.0,0.2344977967946406
39627853683230560,0.0,0.78,0.22,0.0,0.38008375148098283
39627871790041952,0.0,0.14,0.86,0.0,0.292119405821428
39627853683230547,0.0,0.72,0.28,0.0,0.4277254052800653
39627865758633599,0.0,0.16,0.84,0.0,0.3171547773202831
39627853683230343,0.0,0.59,0.41,0.0,0.488250234378912
39627871790041977,0.0,0.03,0.96,0.01,0.13737165703039006
39627871790042077,0.0,0.23,0.77,0.0,0.38900565177326885
39627871790042010,0.0,0.09,0.91,0.0,0.21823490853205144
39627829532430216,0.0,0.0,1.0,0.0,-0.0
39627871790042299,0.0,1.0,0.0,0.0,-0.0
39627871790041711,0.0,0.86,0.14,0.0,0.292119405821428
39627865767021651,0.0,0.0,1.0,0.0,-0.0
39627865758633331,0.0,0.94,0.06,0.0,0.16372245957723813
39627871790040992,0.0,0.07,0.92,0.01,0.22283217282912027
39627871790041056,0.0,0.18,0.82,0.0,0.34003852286413994
39627871790041214,0.0,0.0,0.94,0.06,0.16372245957723813
39627829532430401,0.01,0.9,0.09,0.0,0.2579475764741046
39627871790041257,0.0,0.01,0.99,0.0,0.04039656794795559
39627871790041361,0.0,0.78,0.22,0.0,0.38008375148098283
39627853674843956,0.0,0.94,0.06,0.0,0.16372245957723813
39627865754439920,0.0,0.35,0.65,0.0,0.4670340276877455
39627871790042398,0.0,0.01,0.98,0.01,0.08072027127091033
39627865754439485,0.0,0.46,0.54,0.0,0.49768921941011285
39627853679034616,0.0,0.01,0.99,0.0,0.04039656794795559
39627823480049949,0.0,0.21,0.79,0.0,0.37074136996563684
39627871790039832,0.0,0.51,0.49,0.0,0.49985572087640495
39627871790039814,0.0,0.06,0.94,0.0,0.16372245957723813
39627817452834383,0.0,0.79,0.21,0.0,0.37074136996563684
39627865758635223,0.0,0.71,0.29,0.0,0.43436062316970225
39627817427668001,0.0,0.25,0.75,0.0,0.4056390622295664
39627865758633145,0.0,0.19,0.81,0.0,0.3507357299419487
39627835589001873,0.0,0.81,0.19,0.0,0.3507357299419487
39627841595249563,0.0,0.19,0.81,0.0,0.3507357299419487
39627817427667839,0.0,0.38,0.62,0.0,0.47902101111314976
39627871790039641,0.0,0.02,0.98,0.0,0.07072027127091034
39627865758635162,0.0,0.8,0.2,0.0,0.36096404744368116
39627871790039586,0.0,0.0,1.0,0.0,-0.0
39627841595249192,0.0,0.46,0.54,0.0,0.49768921941011285
39627865758635004,0.0,0.4,0.6,0.0,0.4854752972273343
39627871790043497,0.0,0.66,0.34,0.0,0.46240935248651505
39627811408839374,0.0,0.56,0.44,0.0,0.4947937606110278
39627859727222146,0.0,0.97,0.03,0.0,0.0971959289157881
39627871785847505,0.0,0.95,0.05,0.0,0.14319847855797813
39627835568032908,0.0,0.02,0.98,0.0,0.07072027127091034
39627871785849513,0.0,0.77,0.23,0.0,0.38900565177326885
39627841586857030,0.0,0.15,0.85,0.0,0.3049201523582002
39627817427668655,0.0,0.06,0.93,0.01,0.20367037270049304
39627871790040208,0.0,0.0,0.9,0.1,0.2344977967946406
39627811408839240,0.0,0.37,0.63,0.0,0.47533604634353294
39627847643431906,0.0,0.85,0.15,0.0,0.3049201523582002
39627871790040291,0.0,0.9,0.1,0.0,0.2344977967946406
39627871785847154,0.0,0.97,0.03,0.0,0.0971959289157881
39627835551252688,0.0,0.69,0.31,0.0,0.4465867291889284
39627835547064051,0.0,0.84,0.16,0.0,0.3171547773202831
39627841595249114,0.0,0.43,0.57,0.0,0.4929075185894599
39627871785847789,0.0,0.26,0.74,0.0,0.4133731862463089
39627865758632750,0.0,0.37,0.63,0.0,0.47533604634353294
39627823480047397,0.0,0.01,0.99,0.0,0.04039656794795559
39627817461221618,0.0,0.45,0.55,0.0,0.49638722699390414
39627871790042967,0.0,0.0,0.93,0.07,0.18296182545011158
39627865758632949,0.0,0.72,0.28,0.0,0.4277254052800653
39627847630850003,0.0,0.03,0.97,0.0,0.0971959289157881
39627823496823326,0.01,0.98,0.01,0.0,0.08072027127091033
39627871785847351,0.0,0.56,0.44,0.0,0.4947937606110278
39627877821451292,0.0,0.87,0.13,0.0,0.2787190925139945
39627829545012548,0.0,0.23,0.77,0.0,0.38900565177326885
39627847630849947,0.0,0.55,0.45,0.0,0.49638722699390414
39627871790043502,0.0,0.9,0.1,0.0,0.2344977967946406
39627871790043503,0.0,0.2,0.8,0.0,0.36096404744368116
39627817457027557,0.02,0.95,0.03,0.0,0.1674722434193448
39627871790043548,0.0,0.24,0.76,0.0,0.39752013969226113
39627829498874905,0.0,0.96,0.04,0.0,0.12114609454120741
39627835589001588,0.0,0.58,0.42,0.0,0.49072694751682683
39627871790043403,0.0,0.44,0.56,0.0,0.4947937606110278
39627835584808962,0.0,0.65,0.35,0.0,0.4670340276877455
39627817461221430,0.0,0.02,0.97,0.01,0.11097036642660543
39627871785848120,0.0,0.31,0.69,0.0,0.4465867291889284
39627859731415424,0.0,0.3,0.7,0.0,0.44064544961534635
39627859735611953,0.0,0.04,0.96,0.0,0.12114609454120741
39627859718832783,0.0,0.23,0.77,0.0,0.38900565177326885
39627835584808674,0.0,0.06,0.94,0.0,0.16372245957723813
39627835584808610,0.0,0.43,0.57,0.0,0.4929075185894599
39627853683230298,0.0,0.55,0.45,0.0,0.49638722699390414
39627871790043591,0.0,1.0,0.0,0.0,-0.0
39627871790043500,0.0,0.13,0.87,0.0,0.2787190925139945
39627823480049226,0.0,0.51,0.49,0.0,0.49985572087640495
39627853683228920,0.0,0.91,0.09,0.0,0.21823490853205144
39627853666454292,0.0,0.2,0.8,0.0,0.36096404744368116
39627859727223289,0.0,0.01,0.99,0.0,0.04039656794795559
39627853674842191,0.0,0.05,0.95,0.0,0.14319847855797813
39627829524039533,0.0,0.44,0.56,0.0,0.4947937606110278
39627859727226003,0.0,0.07,0.93,0.0,0.18296182545011158
39627847664405996,0.0,0.94,0.06,0.0,0.16372245957723813
39627811421421666,0.0,0.55,0.45,0.0,0.49638722699390414
39627841624607083,0.0,0.07,0.93,0.0,0.18296182545011158
39627829536620662,0.0,0.94,0.06,0.0,0.16372245957723813
39627835563840759,0.0,0.61,0.39,0.0,0.4823997742525436
39627859735609703,0.0,0.74,0.26,0.0,0.4133731862463089
39627829507263856,0.12,0.88,0.0,0.0,0.2646804326436822
39627829507263557,0.0,0.8,0.2,0.0,0.36096404744368116
39627823505212374,0.0,0.08,0.91,0.01,0.24088153359695552
39627853683229070,0.0,0.4,0.6,0.0,0.4854752972273343
39627811413035871,0.0,0.45,0.55,0.0,0.49638722699390414
39627829511456445,0.0,0.96,0.04,0.0,0.12114609454120741
39627835551257227,0.0,0.01,0.98,0.01,0.08072027127091033
39627853674841672,0.0,0.0,0.9,0.1,0.2344977967946406
39627835551257149,0.0,0.93,0.07,0.0,0.18296182545011158
39627853674841542,0.0,0.82,0.18,0.0,0.34003852286413994
39627853674841491,0.0,0.86,0.14,0.0,0.292119405821428
39627853674841433,0.0,0.04,0.96,0.0,0.12114609454120741
39627811392064758,0.0,0.35,0.65,0.0,0.4670340276877455
39627829536623044,0.0,0.05,0.95,0.0,0.14319847855797813
39627853674841393,0.0,0.92,0.08,0.0,0.2010895951011364
39627829507263568,0.0,0.42,0.58,0.0,0.49072694751682683
39627853666453698,0.0,0.56,0.44,0.0,0.4947937606110278
39627805364849517,0.0,0.96,0.04,0.0,0.12114609454120741
39627811400455557,0.0,0.0,0.96,0.04,0.12114609454120741
39627853687426510,0.0,0.01,0.99,0.0,0.04039656794795559
39627859727225469,0.0,0.66,0.34,0.0,0.46240935248651505
39627811400455694,0.0,0.15,0.85,0.0,0.3049201523582002
39627859723029013,0.0,0.24,0.76,0.0,0.39752013969226113
39627829536625419,0.0,0.9,0.1,0.0,0.2344977967946406
39627829519844277,0.0,0.87,0.13,0.0,0.2787190925139945
39627859714639545,0.0,0.32,0.68,0.0,0.45219072886224687
39627859735613280,0.0,0.08,0.92,0.0,0.2010895951011364
39627847660209152,0.0,0.16,0.84,0.0,0.3171547773202831
39627847630852557,0.0,0.14,0.86,0.0,0.292119405821428
39627841599439833,0.0,0.06,0.94,0.0,0.16372245957723813
39627835584808643,0.0,0.55,0.45,0.0,0.49638722699390414
39627835584808716,0.0,0.16,0.84,0.0,0.3171547773202831
39627829524042226,0.0,0.17,0.83,0.0,0.32885238937210975
39627823480050288,0.0,0.06,0.94,0.0,0.16372245957723813
39627829507264244,0.0,0.22,0.78,0.0,0.38008375148098283
39627859714639984,0.0,0.32,0.68,0.0,0.45219072886224687
39627871794235652,0.0,0.36,0.64,0.0,0.4713415946277461
39627859731415404,0.0,1.0,0.0,0.0,-0.0
39627871794235722,0.0,0.31,0.69,0.0,0.4465867291889284
39627811400451286,0.0,0.77,0.23,0.0,0.38900565177326885
39627835542868256,0.0,0.07,0.93,0.0,0.18296182545011158
39627829524041988,0.0,0.3,0.7,0.0,0.44064544961534635
39627841582665492,0.0,0.76,0.24,0.0,0.39752013969226113
39627835559642165,0.0,0.72,0.28,0.0,0.4277254052800653
39627871777457195,0.0,0.02,0.98,0.0,0.07072027127091034
39627847639241176,0.0,0.25,0.75,0.0,0.4056390622295664
39627859731415191,0.0,0.11,0.89,0.0,0.249957979082264
39627823484240809,0.0,0.62,0.38,0.0,0.47902101111314976
39627829503070214,0.0,0.61,0.39,0.0,0.4823997742525436
39627853704203456,0.0,0.9,0.1,0.0,0.2344977967946406
39627811400455332,0.0,0.49,0.51,0.0,0.49985572087640495
39627817440248134,0.0,0.79,0.21,0.0,0.37074136996563684
39627811400455229,0.0,0.51,0.49,0.0,0.49985572087640495
39627859735612506,0.0,0.05,0.95,0.0,0.14319847855797813
39627841624605217,0.0,0.57,0.43,0.0,0.4929075185894599
39627865767019096,0.0,0.74,0.26,0.0,0.4133731862463089
39627805364849637,0.0,0.2,0.8,0.0,0.36096404744368116
39627811400454970,0.0,0.3,0.7,0.0,0.44064544961534635
39627811400454957,0.0,0.0,0.87,0.13,0.2787190925139945
39627811400454806,0.0,0.6,0.4,0.0,0.4854752972273343
39627829524038710,0.0,0.09,0.91,0.0,0.21823490853205144
39627865754436943,0.0,0.5,0.5,0.0,0.5
39627835547063347,0.0,0.0,0.98,0.02,0.07072027127091034
39627835580613720,0.0,0.24,0.76,0.0,0.39752013969226113
39627829524038786,0.0,0.0,0.98,0.02,0.07072027127091034
39627865741854625,0.0,0.55,0.45,0.0,0.49638722699390414
39627829528232705,0.0,0.11,0.89,0.0,0.249957979082264
39627811400453566,0.0,0.87,0.13,0.0,0.2787190925139945
39627811400453518,0.0,0.61,0.39,0.0,0.4823997742525436
39627811408839917,0.0,0.85,0.15,0.0,0.3049201523582002
39627835576422492,0.0,0.54,0.46,0.0,0.49768921941011285
39627853687425995,0.0,0.26,0.74,0.0,0.4133731862463089
39627829528232789,0.0,0.26,0.74,0.0,0.4133731862463089
39627871790043707,0.0,0.68,0.32,0.0,0.45219072886224687
39627859735613283,0.0,0.96,0.04,0.0,0.12114609454120741
39627865767019222,0.0,0.93,0.07,0.0,0.18296182545011158
39627859731419645,0.0,0.01,0.99,0.0,0.04039656794795559
39627877821450526,0.0,0.25,0.75,0.0,0.4056390622295664
39627835547061314,0.0,0.41,0.59,0.0,0.488250234378912
39627859731419778,0.0,0.12,0.88,0.0,0.2646804326436822
39627859731419804,0.0,0.38,0.62,0.0,0.47902101111314976
39627859735613434,0.0,0.39,0.61,0.0,0.4823997742525436
39627859735609410,0.0,0.01,0.99,0.0,0.04039656794795559
39627829540819641,0.0,0.57,0.43,0.0,0.4929075185894599
39627811413035199,0.0,0.46,0.54,0.0,0.49768921941011285
39627859735609655,0.0,0.19,0.81,0.0,0.3507357299419487
39627829503066589,0.0,0.15,0.85,0.0,0.3049201523582002
39627859735609765,0.0,0.02,0.98,0.0,0.07072027127091034
39627859735609778,0.0,0.86,0.14,0.0,0.292119405821428
39627859735609826,0.0,0.0,0.99,0.01,0.04039656794795559
39627811396256646,0.0,0.83,0.17,0.0,0.32885238937210975
39627835576423068,0.0,0.18,0.82,0.0,0.34003852286413994
39627835589001382,0.0,0.47,0.53,0.0,0.4987007942838698
39627829540818803,0.0,0.37,0.63,0.0,0.47533604634353294
39627859706253684,0.0,0.94,0.06,0.0,0.16372245957723813
39627811392062045,0.0,0.96,0.04,0.0,0.12114609454120741
39627859735610046,0.0,0.0,0.86,0.14,0.292119405821428
39627859735609724,0.0,0.68,0.32,0.0,0.45219072886224687
39627829528235450,0.0,0.01,0.99,0.0,0.04039656794795559
39627865771213426,0.0,0.95,0.05,0.0,0.14319847855797813
39627859731419449,0.0,0.27,0.73,0.0,0.42073231810408784
39627853679037148,0.0,0.02,0.98,0.0,0.07072027127091034
39627865771215424,0.0,0.15,0.85,0.0,0.3049201523582002
39627859731416696,0.0,0.32,0.68,0.0,0.45219072886224687
39627859735613308,0.0,0.04,0.96,0.0,0.12114609454120741
39627817448636801,0.0,0.94,0.06,0.0,0.16372245957723813
39627829545012159,0.0,0.23,0.77,0.0,0.38900565177326885
39627817448636882,0.0,0.62,0.38,0.0,0.47902101111314976
39627865767018976,0.0,0.01,0.99,0.0,0.04039656794795559
39627817448637197,0.0,0.25,0.75,0.0,0.4056390622295664
39627829545011843,0.0,0.0,0.93,0.07,0.18296182545011158
39627817448637235,0.0,0.48,0.52,0.0,0.4994227679976009
39627829511455965,0.0,0.83,0.17,0.0,0.32885238937210975
39627865771215049,0.0,0.06,0.93,0.01,0.20367037270049304
39627835563836147,0.0,0.95,0.05,0.0,0.14319847855797813
39627829528235895,0.0,0.99,0.01,0.0,0.04039656794795559
39627847639241678,0.0,0.49,0.51,0.0,0.49985572087640495
39627865754435830,0.0,0.01,0.99,0.0,0.04039656794795559
39627829511456691,0.0,0.25,0.75,0.0,0.4056390622295664
39627847635044890,0.0,0.94,0.06,0.0,0.16372245957723813
39627847635045328,0.0,0.02,0.98,0.0,0.07072027127091034
39627817457030352,0.0,0.62,0.38,0.0,0.47902101111314976
39627835576423405,0.0,0.0,1.0,0.0,-0.0
39627817461219442,0.0,0.72,0.28,0.0,0.4277254052800653
39627853662259142,0.0,0.62,0.38,0.0,0.47902101111314976
39627847639241684,0.0,0.01,0.98,0.01,0.08072027127091033
39627853700007225,0.0,0.23,0.77,0.0,0.38900565177326885
39627823480047371,0.0,0.07,0.93,0.0,0.18296182545011158
39627829503070339,0.0,0.18,0.82,0.0,0.34003852286413994
39627859723028808,0.0,0.14,0.86,0.0,0.292119405821428
39627847630852374,0.0,0.97,0.03,0.0,0.0971959289157881
39627847639239481,0.0,0.95,0.05,0.0,0.14319847855797813
39627829524038543,0.0,0.71,0.29,0.0,0.43436062316970225
39627835559642309,0.0,0.82,0.18,0.0,0.34003852286413994
39627829503070752,0.0,0.21,0.79,0.0,0.37074136996563684
39627817431863174,0.0,0.05,0.95,0.0,0.14319847855797813
39627859735613245,0.0,0.13,0.87,0.0,0.2787190925139945
39627853687425841,0.0,0.99,0.01,0.0,0.04039656794795559
39627829503070767,0.0,0.55,0.45,0.0,0.49638722699390414
39627859723028580,0.0,0.94,0.06,0.0,0.16372245957723813
39627847630851930,0.0,0.89,0.11,0.0,0.249957979082264
39627817431863054,0.0,0.17,0.83,0.0,0.32885238937210975
39627847622462671,0.0,0.99,0.01,0.0,0.04039656794795559
39627817444444611,0.0,0.82,0.18,0.0,0.34003852286413994
39627859723028572,0.0,0.87,0.13,0.0,0.2787190925139945
39627865758632598,0.0,0.72,0.28,0.0,0.4277254052800653
39627865741854922,0.0,0.07,0.93,0.0,0.18296182545011158
39627847622462578,0.0,0.08,0.92,0.0,0.2010895951011364
39627841620412347,0.0,0.0,1.0,0.0,-0.0
39627835580616609,0.0,0.33,0.67,0.0,0.4574631863898637
39627829532431087,0.0,0.69,0.31,0.0,0.4465867291889284
39627865775407877,0.0,0.87,0.13,0.0,0.2787190925139945
39627817444442962,0.0,0.21,0.79,0.0,0.37074136996563684
39627865741854844,0.0,0.14,0.86,0.0,0.292119405821428
39627817457030296,0.0,0.09,0.91,0.0,0.21823490853205144
39627817444444201,0.0,0.97,0.03,0.0,0.0971959289157881
39627859735612508,0.0,0.14,0.86,0.0,0.292119405821428
39627841612026353,0.0,0.07,0.93,0.0,0.18296182545011158
39627865767019778,0.0,0.04,0.96,0.0,0.12114609454120741
39627859723028908,0.0,0.54,0.46,0.0,0.49768921941011285
39627865758632803,0.0,0.82,0.18,0.0,0.34003852286413994
39627823463270428,0.0,0.01,0.97,0.02,0.11097036642660543
39627823496823945,0.0,0.52,0.48,0.0,0.4994227679976009
39627817444444499,0.0,0.77,0.23,0.0,0.38900565177326885
39627823463270143,0.0,0.61,0.39,0.0,0.4823997742525436
39627859735612658,0.0,0.58,0.42,0.0,0.49072694751682683
39627817440248307,0.0,0.03,0.97,0.0,0.0971959289157881
39627817461220417,0.0,0.24,0.76,0.0,0.39752013969226113
39627817461220292,0.0,0.2,0.8,0.0,0.36096404744368116
39627823488435119,0.0,0.13,0.87,0.0,0.2787190925139945
39627835584809380,0.0,0.66,0.34,0.0,0.46240935248651505
39627853700008941,0.0,0.06,0.94,0.0,0.16372245957723813
39627841586859131,0.0,0.66,0.34,0.0,0.46240935248651505
39627853700008870,0.0,0.49,0.51,0.0,0.49985572087640495
39627829524039783,0.0,0.33,0.67,0.0,0.4574631863898637
39627865771215123,0.0,0.82,0.18,0.0,0.34003852286413994
39627865741853809,0.0,1.0,0.0,0.0,-0.0
39627829536621834,0.0,0.01,0.99,0.0,0.04039656794795559
39627859735611791,0.0,0.14,0.86,0.0,0.292119405821428
39627829545009235,0.0,0.14,0.86,0.0,0.292119405821428
39627817461219481,0.0,0.19,0.81,0.0,0.3507357299419487
39627853662258575,0.0,0.19,0.81,0.0,0.3507357299419487
39627829528232856,0.0,0.87,0.13,0.0,0.2787190925139945
39627817461219603,0.0,0.95,0.05,0.0,0.14319847855797813
39627835580616405,0.0,0.09,0.91,0.0,0.21823490853205144
39627853704203294,0.0,0.9,0.1,0.0,0.2344977967946406
39627853683230660,0.0,0.43,0.57,0.0,0.4929075185894599
39627823484241465,0.0,0.09,0.91,0.0,0.21823490853205144
39627817440248013,0.0,0.33,0.67,0.0,0.4574631863898637
39627853687428014,0.0,0.49,0.51,0.0,0.49985572087640495
39627859735612847,0.0,0.02,0.98,0.0,0.07072027127091034
39627835551253290,0.0,0.35,0.65,0.0,0.4670340276877455
39627853683232652,0.0,0.74,0.26,0.0,0.4133731862463089
39627859718835802,0.0,0.52,0.48,0.0,0.4994227679976009
39627811417231456,0.0,0.02,0.97,0.01,0.11097036642660543
39627847664403500,0.0,0.01,0.99,0.0,0.04039656794795559
39627865775408594,0.0,0.98,0.02,0.0,0.07072027127091034
39627853666453946,0.0,0.03,0.97,0.0,0.0971959289157881
39627817457029547,0.0,0.82,0.18,0.0,0.34003852286413994
39627865746047447,0.0,0.23,0.77,0.0,0.38900565177326885
39627859735612978,0.0,0.77,0.23,0.0,0.38900565177326885
39627871794235763,0.0,0.89,0.11,0.0,0.249957979082264
39627853666454078,0.0,0.64,0.36,0.0,0.4713415946277461
39627829519844755,0.0,0.02,0.98,0.0,0.07072027127091034
39627853666456206,0.0,0.8,0.2,0.0,0.36096404744368116
39627877817256104,0.0,0.12,0.87,0.01,0.30414992414989617
39627859718833139,0.0,0.82,0.18,0.0,0.34003852286413994
39627823480049731,0.0,0.05,0.94,0.01,0.1832231322266888
39627847660212180,0.0,0.61,0.39,0.0,0.4823997742525436
39627835547062905,0.0,0.1,0.88,0.02,0.30368177794258344
39627829503068704,0.0,0.66,0.34,0.0,0.46240935248651505
39627829515652070,0.0,0.08,0.92,0.0,0.2010895951011364
39627829532430795,0.0,0.94,0.06,0.0,0.16372245957723813
39627817457025963,0.0,0.75,0.25,0.0,0.4056390622295664
39627871794234011,0.0,0.05,0.95,0.0,0.14319847855797813
39627865746047548,0.0,0.42,0.58,0.0,0.49072694751682683
39627835584807452,0.01,0.9,0.09,0.0,0.2579475764741046
39627871790043423,0.0,0.01,0.99,0.0,0.04039656794795559
39627829498876501,0.0,0.72,0.28,0.0,0.4277254052800653
39627823480049752,0.0,0.91,0.09,0.0,0.21823490853205144
39627835551254322,0.0,0.52,0.48,0.0,0.4994227679976009
39627871790043396,0.0,0.12,0.88,0.0,0.2646804326436822
39627829519844716,0.0,0.27,0.73,0.0,0.42073231810408784
39627829519844709,0.0,0.29,0.71,0.0,0.43436062316970225
39627859723028266,0.0,0.05,0.95,0.0,0.14319847855797813
39627865754439955,0.0,0.35,0.65,0.0,0.4670340276877455
39627829519844788,0.0,0.6,0.4,0.0,0.4854752972273343
39627871794235615,0.0,0.97,0.03,0.0,0.0971959289157881
39627823484244304,0.0,0.09,0.91,0.0,0.21823490853205144
39627853666452033,0.0,0.01,0.99,0.0,0.04039656794795559
39627859727221545,0.0,0.04,0.95,0.01,0.16124668093016215
39627829519844795,0.0,0.06,0.94,0.0,0.16372245957723813
39627829536620657,0.0,0.86,0.14,0.0,0.292119405821428
39627865754440817,0.0,1.0,0.0,0.0,-0.0
39627859723028549,0.0,0.05,0.95,0.0,0.14319847855797813
39627829524040672,0.0,0.83,0.17,0.0,0.32885238937210975
39627823484244401,0.0,0.49,0.51,0.0,0.49985572087640495
39627853700010570,0.0,0.99,0.01,0.0,0.04039656794795559
39627829524038358,0.01,0.95,0.04,0.0,0.16124668093016215
39627823484244488,0.0,0.29,0.71,0.0,0.43436062316970225
39627847639242256,0.0,0.75,0.25,0.0,0.4056390622295664
39627871781654875,0.0,0.99,0.01,0.0,0.04039656794795559
39627865746047510,0.0,0.03,0.97,0.0,0.0971959289157881
39627811417228121,0.0,0.33,0.67,0.0,0.4574631863898637
39627835584811366,0.0,0.42,0.58,0.0,0.49072694751682683
39627829532430705,0.0,0.69,0.31,0.0,0.4465867291889284
39627835580614714,0.0,0.08,0.92,0.0,0.2010895951011364
39627871777456207,0.0,0.79,0.21,0.0,0.37074136996563684
39627865767019359,0.0,0.25,0.75,0.0,0.4056390622295664
39627829524039598,0.0,0.55,0.45,0.0,0.49638722699390414
39627859723028313,0.0,0.86,0.14,0.0,0.292119405821428
39627865762824538,0.0,0.67,0.33,0.0,0.4574631863898637
39627829519844689,0.0,0.82,0.18,0.0,0.34003852286413994
39627823484244334,0.0,0.24,0.76,0.0,0.39752013969226113
39627835580614087,0.0,0.85,0.15,0.0,0.3049201523582002
39627871794235866,0.01,0.98,0.01,0.0,0.08072027127091033
39627871790040905,0.0,0.34,0.66,0.0,0.46240935248651505
39627829507264308,0.0,0.81,0.19,0.0,0.3507357299419487
39627823496823889,0.0,0.34,0.66,0.0,0.46240935248651505
39627811408840839,0.0,0.68,0.32,0.0,0.45219072886224687
39627841620411947,0.0,0.94,0.06,0.0,0.16372245957723813
39627829519846892,0.0,0.51,0.49,0.0,0.49985572087640495
39627835551256909,0.0,0.19,0.81,0.0,0.3507357299419487
39627829536622743,0.0,0.01,0.99,0.0,0.04039656794795559
39627871794233463,0.0,0.62,0.38,0.0,0.47902101111314976
39627835584811454,0.0,0.21,0.79,0.0,0.37074136996563684
39627877821451355,0.01,0.92,0.07,0.0,0.22283217282912027
39627853683230479,0.0,0.43,0.57,0.0,0.4929075185894599
39627853679038674,0.0,0.34,0.66,0.0,0.46240935248651505
39627853679038363,0.0,0.72,0.28,0.0,0.4277254052800653
39627841599442786,0.0,0.02,0.98,0.0,0.07072027127091034
39627841599442848,0.0,0.64,0.36,0.0,0.4713415946277461
39627865754437910,0.0,0.11,0.89,0.0,0.249957979082264
39627859710446689,0.0,0.2,0.8,0.0,0.36096404744368116
39627853695813821,0.0,0.99,0.01,0.0,0.04039656794795559
39627829528233616,0.0,0.53,0.47,0.0,0.4987007942838698
39627829540817671,0.0,1.0,0.0,0.0,-0.0
39627841599443204,0.0,0.87,0.13,0.0,0.2787190925139945
39627805360655210,0.0,0.11,0.87,0.02,0.3189789351681142
39627835572225509,0.0,0.98,0.02,0.0,0.07072027127091034
39627835542869110,0.0,0.64,0.36,0.0,0.4713415946277461
39627829540817453,0.0,0.73,0.27,0.0,0.42073231810408784
39627829507264380,0.0,0.08,0.92,0.0,0.2010895951011364
39627811413037695,0.0,0.07,0.93,0.0,0.18296182545011158
39627823467463443,0.0,1.0,0.0,0.0,-0.0
39627829524038546,0.0,0.08,0.92,0.0,0.2010895951011364
39627841599442955,0.0,0.96,0.04,0.0,0.12114609454120741
39627859706252493,0.0,0.59,0.41,0.0,0.488250234378912
39627847630850271,0.0,0.26,0.74,0.0,0.4133731862463089
39627859731417485,0.0,0.68,0.32,0.0,0.45219072886224687
39627817452830976,0.0,0.12,0.88,0.0,0.2646804326436822
39627829507263823,0.0,0.85,0.15,0.0,0.3049201523582002
39627847630850106,0.0,0.26,0.74,0.0,0.4133731862463089
39627859710443952,0.0,0.59,0.41,0.0,0.488250234378912
39627811396259604,0.0,0.01,0.92,0.07,0.22283217282912027
39627829540817152,0.0,0.01,0.99,0.0,0.04039656794795559
39627823467463509,0.0,0.87,0.13,0.0,0.2787190925139945
39627829511458347,0.0,0.23,0.77,0.0,0.38900565177326885
39627829532426460,0.0,0.52,0.48,0.0,0.4994227679976009
39627847630850618,0.0,0.31,0.69,0.0,0.4465867291889284
39627859739804311,0.0,0.02,0.96,0.02,0.14114609454120738
39627829511458545,0.0,0.14,0.86,0.0,0.292119405821428
39627859739804121,0.0,0.29,0.71,0.0,0.43436062316970225
39627817431863488,0.0,0.05,0.95,0.0,0.14319847855797813
39627817452834088,0.0,0.02,0.98,0.0,0.07072027127091034
39627823475855887,0.0,0.2,0.8,0.0,0.36096404744368116
39627823475854921,0.0,0.55,0.45,0.0,0.49638722699390414
39627835589002693,0.0,0.75,0.25,0.0,0.4056390622295664
39627817452834178,0.0,1.0,0.0,0.0,-0.0
39627847651820538,0.0,0.99,0.01,0.0,0.04039656794795559
39627853670647926,0.0,0.99,0.01,0.0,0.04039656794795559
39627817431863546,0.0,0.16,0.84,0.0,0.3171547773202831
39627823471660050,0.0,0.39,0.61,0.0,0.4823997742525436
39627817436055824,0.0,0.07,0.93,0.0,0.18296182545011158
39627817436055948,0.0,0.07,0.93,0.0,0.18296182545011158
39627823467463836,0.0,0.85,0.15,0.0,0.3049201523582002
39627823501018304,0.0,0.95,0.05,0.0,0.14319847855797813
39627847622461745,0.0,0.39,0.61,0.0,0.4823997742525436
39627847622461907,0.0,0.24,0.76,0.0,0.39752013969226113
39627823475856327,0.0,0.81,0.19,0.0,0.3507357299419487
39627829507264472,0.0,0.88,0.12,0.0,0.2646804326436822
39627835572228822,0.0,0.28,0.72,0.0,0.4277254052800653
39627835572228655,0.0,0.93,0.07,0.0,0.18296182545011158
39627829498876212,0.0,0.16,0.84,0.0,0.3171547773202831
39627829498876181,0.0,0.0,0.99,0.01,0.04039656794795559
39627823488438788,0.0,0.4,0.6,0.0,0.4854752972273343
39627865771212905,0.0,0.2,0.8,0.0,0.36096404744368116
39627853691619978,0.01,0.99,0.0,0.0,0.04039656794795559
39627835555451511,0.0,0.38,0.62,0.0,0.47902101111314976
39627835555451439,0.0,0.6,0.4,0.0,0.4854752972273343
39627841620415665,0.0,0.22,0.78,0.0,0.38008375148098283
39627841586859243,0.0,0.73,0.27,0.0,0.42073231810408784
39627829519846451,0.0,0.36,0.64,0.0,0.4713415946277461
39627829511456808,0.0,0.47,0.53,0.0,0.4987007942838698
39627823484243952,0.0,0.82,0.18,0.0,0.34003852286413994
39627847656018925,0.0,0.54,0.46,0.0,0.49768921941011285
39627865758633259,0.0,0.69,0.31,0.0,0.4465867291889284
39627829507264406,0.0,0.5,0.5,0.0,0.5
39627847651820720,0.01,0.98,0.01,0.0,0.08072027127091033
39627829524041661,0.0,0.8,0.2,0.0,0.36096404744368116
39627829524041658,0.0,0.67,0.33,0.0,0.4574631863898637
39627817448639265,0.0,0.64,0.36,0.0,0.4713415946277461
39627817448639542,0.0,0.54,0.46,0.0,0.49768921941011285
39627865750241686,0.0,0.02,0.98,0.0,0.07072027127091034
39627853700005976,0.0,0.01,0.98,0.01,0.08072027127091033
39627817448637855,0.0,0.61,0.39,0.0,0.4823997742525436
39627817452834066,0.0,0.6,0.4,0.0,0.4854752972273343
39627847622461856,0.0,0.3,0.7,0.0,0.44064544961534635
39627853670649710,0.0,1.0,0.0,0.0,-0.0
39627817452831234,0.0,0.65,0.35,0.0,0.4670340276877455
39627823475853666,0.0,0.99,0.01,0.0,0.04039656794795559
39627823488438008,0.0,0.96,0.04,0.0,0.12114609454120741
39627823488438058,0.0,0.11,0.89,0.0,0.249957979082264
39627817448640857,0.0,0.08,0.92,0.0,0.2010895951011364
39627823492632164,0.0,0.0,0.97,0.03,0.0971959289157881
39627823488438924,0.0,0.01,0.99,0.0,0.04039656794795559
39627817448640858,0.0,0.74,0.26,0.0,0.4133731862463089
39627841620412820,0.0,0.8,0.2,0.0,0.36096404744368116
39627847656018905,0.0,0.17,0.83,0.0,0.32885238937210975
39627823492631794,0.0,0.0,0.89,0.11,0.249957979082264
39627829528233747,0.0,0.02,0.98,0.0,0.07072027127091034
39627823492633586,0.0,0.01,0.99,0.0,0.04039656794795559
39627853679039000,0.0,0.99,0.01,0.0,0.04039656794795559
39627823467463733,0.0,0.74,0.26,0.0,0.4133731862463089
39627865758633779,0.0,0.12,0.88,0.0,0.2646804326436822
39627829540817463,0.0,0.01,0.99,0.0,0.04039656794795559
39627853679035759,0.0,0.07,0.93,0.0,0.18296182545011158
39627865775410140,0.0,0.98,0.02,0.0,0.07072027127091034
39627835555451213,0.0,0.98,0.02,0.0,0.07072027127091034
39627835572227553,0.0,0.05,0.95,0.0,0.14319847855797813
39627835572228194,0.0,0.45,0.55,0.0,0.49638722699390414
39627853679035904,0.0,0.3,0.7,0.0,0.44064544961534635
39627823492632917,0.0,0.14,0.86,0.0,0.292119405821428
39627859739805491,0.01,0.65,0.34,0.0,0.49978987264055696
39627841612023631,0.0,0.51,0.49,0.0,0.49985572087640495
39627871790043442,0.0,0.02,0.98,0.0,0.07072027127091034
39627859743998935,0.01,0.99,0.0,0.0,0.04039656794795559
39627841616219963,0.0,0.21,0.79,0.0,0.37074136996563684
39627847660213063,0.0,0.3,0.7,0.0,0.44064544961534635
39627853679035809,0.0,0.72,0.28,0.0,0.4277254052800653
39627829540817148,0.0,0.93,0.07,0.0,0.18296182545011158
39627817436054319,0.0,0.3,0.7,0.0,0.44064544961534635
39627829540818987,0.0,0.27,0.73,0.0,0.42073231810408784
39627823475851430,0.0,0.87,0.13,0.0,0.2787190925139945
39627871785848193,0.0,0.86,0.14,0.0,0.292119405821428
39627871785848452,0.0,0.13,0.87,0.0,0.2787190925139945
39627829532429519,0.0,0.54,0.46,0.0,0.49768921941011285
39627823492633066,0.0,0.13,0.87,0.0,0.2787190925139945
39627817452831588,0.0,1.0,0.0,0.0,-0.0
39627823488438318,0.0,0.4,0.6,0.0,0.4854752972273343
39627823492633012,0.0,0.99,0.01,0.0,0.04039656794795559
39627823467465771,0.0,0.53,0.47,0.0,0.4987007942838698
39627859714642698,0.0,0.72,0.28,0.0,0.4277254052800653
39627847626657915,0.0,0.05,0.95,0.0,0.14319847855797813
39627859739807232,0.0,0.2,0.8,0.0,0.36096404744368116
39627859739806993,0.0,0.41,0.59,0.0,0.488250234378912
39627853683231089,0.0,0.89,0.11,0.0,0.249957979082264
39627817448638771,0.0,0.76,0.24,0.0,0.39752013969226113
39627853666453483,0.0,0.44,0.56,0.0,0.4947937606110278
39627865746049901,0.0,0.37,0.63,0.0,0.47533604634353294
39627865746049935,0.0,0.22,0.78,0.0,0.38008375148098283
39627865746049763,0.0,0.05,0.95,0.0,0.14319847855797813
39627823471661027,0.0,0.37,0.63,0.0,0.47533604634353294
39627823488434607,0.0,0.06,0.94,0.0,0.16372245957723813
39627847626658354,0.0,0.22,0.78,0.0,0.38008375148098283
39627823488434684,0.0,0.12,0.88,0.0,0.2646804326436822
39627823488434720,0.01,0.99,0.0,0.0,0.04039656794795559
39627829536620916,0.0,0.28,0.72,0.0,0.4277254052800653
39627829536620888,0.0,0.46,0.54,0.0,0.49768921941011285
39627823488437425,0.0,0.11,0.89,0.0,0.249957979082264
39627823492629769,0.0,0.32,0.68,0.0,0.45219072886224687
39627823492630271,0.0,0.61,0.39,0.0,0.4823997742525436
39627823492629812,0.0,0.62,0.38,0.0,0.47902101111314976
39627841582666455,0.0,0.0,0.9,0.1,0.2344977967946406
39627817448641194,0.0,0.07,0.93,0.0,0.18296182545011158
39627841582666125,0.0,0.08,0.92,0.0,0.2010895951011364
39627829536620690,0.0,0.74,0.26,0.0,0.4133731862463089
39627823492630118,0.0,0.72,0.28,0.0,0.4277254052800653
39627823492630258,0.01,0.9,0.09,0.0,0.2579475764741046
39627841582664750,0.0,0.93,0.07,0.0,0.18296182545011158
39627841586856082,0.0,0.0,0.91,0.09,0.21823490853205144
39627805369046212,0.0,0.33,0.67,0.0,0.4574631863898637
39627817448640669,0.0,0.82,0.18,0.0,0.34003852286413994
39627817457028214,0.0,0.43,0.57,0.0,0.4929075185894599
39627823471660816,0.0,0.48,0.52,0.0,0.4994227679976009
39627811392063238,0.0,0.99,0.01,0.0,0.04039656794795559
39627829532426909,0.0,0.03,0.96,0.01,0.13737165703039006
39627865741855852,0.0,0.62,0.38,0.0,0.47902101111314976
39627835589002658,0.0,0.6,0.4,0.0,0.4854752972273343
39627865741855980,0.0,0.76,0.24,0.0,0.39752013969226113
39627823467463752,0.0,0.47,0.53,0.0,0.4987007942838698
39627823467463560,0.0,0.6,0.4,0.0,0.4854752972273343
39627811392063076,0.0,0.45,0.55,0.0,0.49638722699390414
39627811392063049,0.0,0.84,0.16,0.0,0.3171547773202831
39627853700009619,0.0,0.61,0.39,0.0,0.4823997742525436
39627865741855966,0.01,0.86,0.13,0.0,0.31810566868628926
39627847656014341,0.0,0.87,0.13,0.0,0.2787190925139945
39627847656014346,0.0,0.76,0.24,0.0,0.39752013969226113
39627817448640651,0.0,0.07,0.93,0.0,0.18296182545011158
39627823492630400,0.0,0.25,0.75,0.0,0.4056390622295664
39627823492630575,0.0,0.02,0.97,0.01,0.11097036642660543
39627823492630907,0.0,0.96,0.04,0.0,0.12114609454120741
39627823492630973,0.0,0.26,0.74,0.0,0.4133731862463089
39627847656016145,0.0,0.03,0.96,0.01,0.13737165703039006
39627805373235522,0.0,0.76,0.24,0.0,0.39752013969226113
39627817448638714,0.0,0.97,0.03,0.0,0.0971959289157881
39627805373235405,0.0,0.7,0.3,0.0,0.44064544961534635
39627805369046235,0.0,0.65,0.35,0.0,0.4670340276877455
39627853700009599,0.0,0.82,0.18,0.0,0.34003852286413994
39627805369043593,0.0,0.16,0.84,0.0,0.3171547773202831
39627823492631052,0.0,0.08,0.92,0.0,0.2010895951011364
39627805364848934,0.0,0.45,0.55,0.0,0.49638722699390414
39627805364848815,0.0,0.36,0.64,0.0,0.4713415946277461
39627847656014372,0.0,0.53,0.47,0.0,0.4987007942838698
39627829536620958,0.0,0.36,0.64,0.0,0.4713415946277461
39627829540816954,0.0,0.0,0.95,0.05,0.14319847855797813
39627829536620996,0.0,0.0,1.0,0.0,-0.0
39627853695812579,0.0,0.26,0.74,0.0,0.4133731862463089
39627865762826633,0.0,0.08,0.92,0.0,0.2010895951011364
39627829545009382,0.0,0.26,0.74,0.0,0.4133731862463089
39627811396259336,0.0,0.51,0.49,0.0,0.49985572087640495
39627829524040416,0.0,0.04,0.96,0.0,0.12114609454120741
39627829540816466,0.0,0.14,0.86,0.0,0.292119405821428
39627871777458836,0.0,0.08,0.92,0.0,0.2010895951011364
39627823505213440,0.0,0.0,1.0,0.0,-0.0
39627847626658833,0.0,0.07,0.93,0.0,0.18296182545011158
39627811392065898,0.0,0.48,0.52,0.0,0.4994227679976009
39627829536624868,0.0,0.49,0.51,0.0,0.49985572087640495
39627829536624831,0.0,0.26,0.74,0.0,0.4133731862463089
39627829536624245,0.0,0.8,0.2,0.0,0.36096404744368116
39627847630848350,0.0,0.08,0.92,0.0,0.2010895951011364
39627847630848409,0.0,0.77,0.23,0.0,0.38900565177326885
39627853674841647,0.0,0.96,0.04,0.0,0.12114609454120741
39627853674841033,0.0,0.2,0.8,0.0,0.36096404744368116
39627853674841019,0.0,0.03,0.97,0.0,0.0971959289157881
39627811417228502,0.0,0.04,0.96,0.0,0.12114609454120741
39627859706251888,0.0,0.47,0.53,0.0,0.4987007942838698
39627859706252325,0.0,0.96,0.04,0.0,0.12114609454120741
39627859706252957,0.0,0.4,0.6,0.0,0.4854752972273343
39627823492633948,0.0,0.16,0.84,0.0,0.3171547773202831
39627835542867492,0.0,0.75,0.25,0.0,0.4056390622295664
39627811408839474,0.0,0.67,0.33,0.0,0.4574631863898637
39627811408839021,0.0,0.75,0.25,0.0,0.4056390622295664
39627811404649544,0.0,0.49,0.51,0.0,0.49985572087640495
39627853691618057,0.0,0.05,0.95,0.0,0.14319847855797813
39627811400455642,0.0,0.18,0.82,0.0,0.34003852286413994
39627835572227085,0.0,0.04,0.96,0.0,0.12114609454120741
39627823505213378,0.0,0.15,0.85,0.0,0.3049201523582002
39627847630852872,0.0,0.25,0.75,0.0,0.4056390622295664
39627847630852416,0.0,0.23,0.77,0.0,0.38900565177326885
39627823488437489,0.0,0.95,0.05,0.0,0.14319847855797813
39627853691619830,0.0,0.01,0.99,0.0,0.04039656794795559
39627835551255907,0.0,0.11,0.89,0.0,0.249957979082264
39627835542867770,0.0,0.14,0.86,0.0,0.292119405821428
39627817444445299,0.01,0.99,0.0,0.0,0.04039656794795559
39627835551255493,0.0,0.15,0.85,0.0,0.3049201523582002
39627823471661065,0.0,0.06,0.94,0.0,0.16372245957723813
39627823471661203,0.0,0.0,0.91,0.09,0.21823490853205144
39627817431863057,0.0,0.13,0.87,0.0,0.2787190925139945
39627859710447655,0.0,0.89,0.11,0.0,0.249957979082264
39627859727222525,0.0,0.7,0.3,0.0,0.44064544961534635
39627823471659725,0.0,0.78,0.22,0.0,0.38008375148098283
39627811400455663,0.0,0.49,0.51,0.0,0.49985572087640495
39627841582664813,0.0,0.91,0.09,0.0,0.21823490853205144
39627823492630146,0.0,0.72,0.28,0.0,0.4277254052800653
39627835580614663,0.0,0.06,0.94,0.0,0.16372245957723813
39627811400455429,0.0,0.67,0.33,0.0,0.4574631863898637
39627841582664806,0.0,0.16,0.84,0.0,0.3171547773202831
39627853691621391,0.0,0.0,0.97,0.03,0.0971959289157881
39627823488437222,0.0,0.18,0.82,0.0,0.34003852286413994
39627823488437377,0.0,0.76,0.24,0.0,0.39752013969226113
39627853691619586,0.0,0.03,0.97,0.0,0.0971959289157881
39627865762824401,0.0,0.01,0.97,0.02,0.11097036642660543
39627823488437463,0.0,0.16,0.84,0.0,0.3171547773202831
39627817431863109,0.0,0.42,0.58,0.0,0.49072694751682683
39627865741855412,0.0,0.02,0.93,0.05,0.2131710453499437
39627823496825397,0.0,0.2,0.8,0.0,0.36096404744368116
39627841612025800,0.0,0.07,0.93,0.0,0.18296182545011158
39627823471659549,0.0,0.43,0.57,0.0,0.4929075185894599
39627835589001552,0.0,0.17,0.83,0.0,0.32885238937210975
39627835589001566,0.0,0.8,0.2,0.0,0.36096404744368116
39627829528235672,0.0,0.57,0.43,0.0,0.4929075185894599
39627817448636716,0.0,0.66,0.34,0.0,0.46240935248651505
39627829528235726,0.0,0.1,0.9,0.0,0.2344977967946406
39627847635044499,0.0,0.8,0.2,0.0,0.36096404744368116
39627835589001577,0.0,0.37,0.63,0.0,0.47533604634353294
39627829503067075,0.0,0.02,0.98,0.0,0.07072027127091034
39627817427669191,0.0,0.5,0.5,0.0,0.5
39627829528235729,0.0,0.13,0.87,0.0,0.2787190925139945
39627823475853419,0.0,0.11,0.89,0.0,0.249957979082264
39627847630853066,0.0,0.76,0.24,0.0,0.39752013969226113
39627835589001722,0.0,0.0,0.76,0.24,0.39752013969226113
39627835572228024,0.0,0.05,0.95,0.0,0.14319847855797813
39627835589001878,0.0,0.56,0.44,0.0,0.4947937606110278
39627817448637288,0.0,0.93,0.07,0.0,0.18296182545011158
39627823475853379,0.0,0.64,0.36,0.0,0.4713415946277461
39627853691621457,0.0,1.0,0.0,0.0,-0.0
39627823492631319,0.0,0.86,0.14,0.0,0.292119405821428
39627823471662030,0.0,0.14,0.86,0.0,0.292119405821428
39627817444445645,0.0,0.23,0.77,0.0,0.38900565177326885
39627823471662477,0.01,0.99,0.0,0.0,0.04039656794795559
39627829536622180,0.0,0.9,0.1,0.0,0.2344977967946406
39627841612025763,0.0,0.25,0.75,0.0,0.4056390622295664
39627817444445741,0.0,0.94,0.06,0.0,0.16372245957723813
39627859727226441,0.0,0.1,0.9,0.0,0.2344977967946406
39627817444447252,0.0,0.19,0.81,0.0,0.3507357299419487
39627847656018932,0.0,0.8,0.2,0.0,0.36096404744368116
39627829503068898,0.0,0.23,0.77,0.0,0.38900565177326885
39627829545012763,0.0,0.35,0.65,0.0,0.4670340276877455
39627865771215207,0.0,0.84,0.16,0.0,0.3171547773202831
39627829503068549,0.0,0.59,0.41,0.0,0.488250234378912
39627829511458638,0.0,0.51,0.49,0.0,0.49985572087640495
39627859706253194,0.0,1.0,0.0,0.0,-0.0
39627835589001530,0.0,0.55,0.45,0.0,0.49638722699390414
39627817444447022,0.0,0.44,0.56,0.0,0.4947937606110278
39627835580613019,0.0,0.0,0.97,0.03,0.0971959289157881
39627829536622140,0.0,0.79,0.21,0.0,0.37074136996563684
39627859714638990,0.0,0.32,0.68,0.0,0.45219072886224687
39627847630850937,0.0,0.64,0.36,0.0,0.4713415946277461
39627817436057228,0.0,0.83,0.17,0.0,0.32885238937210975
39627823488435118,0.01,0.99,0.0,0.0,0.04039656794795559
39627865741857037,0.0,0.41,0.59,0.0,0.488250234378912
39627823488434694,0.0,0.65,0.35,0.0,0.4670340276877455
39627823492631852,0.0,0.43,0.57,0.0,0.4929075185894599
39627835572226554,0.0,0.24,0.76,0.0,0.39752013969226113
39627817436056041,0.0,0.41,0.59,0.0,0.488250234378912
39627835572228689,0.0,0.73,0.27,0.0,0.42073231810408784
39627811404647962,0.0,0.57,0.43,0.0,0.4929075185894599
39627823488435350,0.0,0.3,0.7,0.0,0.44064544961534635
39627817436057349,0.0,0.34,0.66,0.0,0.46240935248651505
39627811404649131,0.0,0.86,0.14,0.0,0.292119405821428
39627835584807802,0.0,0.74,0.26,0.0,0.4133731862463089
39627811408839302,0.0,0.38,0.62,0.0,0.47902101111314976
39627823488435306,0.0,0.07,0.93,0.0,0.18296182545011158
39627823488435271,0.0,0.95,0.05,0.0,0.14319847855797813
39627823488435246,0.0,0.57,0.43,0.0,0.4929075185894599
39627841620415795,0.0,0.55,0.45,0.0,0.49638722699390414
39627823492634313,0.0,0.85,0.15,0.0,0.3049201523582002
39627865771216696,0.0,0.0,0.87,0.13,0.2787190925139945
39627817436057872,0.0,0.39,0.61,0.0,0.4823997742525436
39627817436057865,0.0,0.56,0.44,0.0,0.4947937606110278
39627817436057864,0.0,0.61,0.39,0.0,0.4823997742525436
39627823492631665,0.0,0.11,0.89,0.0,0.249957979082264
39627829511456943,0.0,0.02,0.98,0.0,0.07072027127091034
39627823488435322,0.0,0.98,0.02,0.0,0.07072027127091034
39627817436057854,0.0,0.24,0.76,0.0,0.39752013969226113
39627865767022943,0.0,0.23,0.77,0.0,0.38900565177326885
39627823496825296,0.0,0.11,0.89,0.0,0.249957979082264
39627811408843140,0.0,0.83,0.17,0.0,0.32885238937210975
39627823496824035,0.0,0.19,0.81,0.0,0.3507357299419487
39627811404647840,0.0,0.84,0.16,0.0,0.3171547773202831
39627841582665574,0.0,0.59,0.41,0.0,0.488250234378912
39627823471658626,0.0,0.51,0.49,0.0,0.49985572087640495
39627823488436436,0.03,0.94,0.03,0.0,0.19372245957723813
39627817436054308,0.0,0.1,0.9,0.0,0.2344977967946406
39627811404645421,0.0,0.05,0.94,0.01,0.1832231322266888
39627823492631954,0.0,0.67,0.33,0.0,0.4574631863898637
39627817436054187,0.0,0.01,0.98,0.01,0.08072027127091033
39627853700010520,0.0,0.09,0.91,0.0,0.21823490853205144
39627829536621801,0.0,0.93,0.07,0.0,0.18296182545011158
39627823501021328,0.0,0.46,0.54,0.0,0.49768921941011285
39627853700010198,0.0,0.84,0.16,0.0,0.3171547773202831
39627853700010121,0.0,0.06,0.94,0.0,0.16372245957723813
39627835572227783,0.0,0.0,1.0,0.0,-0.0
39627823488436690,0.0,0.84,0.16,0.0,0.3171547773202831
39627823484244927,0.0,0.21,0.79,0.0,0.37074136996563684
39627823488436079,0.0,0.83,0.17,0.0,0.32885238937210975
39627847622463084,0.0,0.06,0.93,0.01,0.20367037270049304
39627823467465856,0.0,0.54,0.46,0.0,0.49768921941011285
39627853691617364,0.0,0.31,0.69,0.0,0.4465867291889284
39627841616219918,0.0,0.46,0.54,0.0,0.49768921941011285
39627853691617516,0.0,0.0,0.78,0.22,0.38008375148098283
39627817436055195,0.0,0.95,0.05,0.0,0.14319847855797813
39627847635045746,0.0,0.78,0.22,0.0,0.38008375148098283
39627847622462895,0.0,0.41,0.59,0.0,0.488250234378912
39627823501020686,0.0,0.12,0.86,0.02,0.3335365003221909
39627823471657769,0.0,0.21,0.79,0.0,0.37074136996563684
39627841582665919,0.0,0.57,0.43,0.0,0.4929075185894599
39627847622463077,0.0,0.85,0.15,0.0,0.3049201523582002
39627835572227703,0.0,0.0,0.95,0.05,0.14319847855797813
39627817436055161,0.0,0.0,1.0,0.0,-0.0
39627829545011442,0.0,0.01,0.99,0.0,0.04039656794795559
39627817444447132,0.0,0.69,0.31,0.0,0.4465867291889284
39627817448637560,0.0,0.51,0.49,0.0,0.49985572087640495
39627823492631066,0.0,0.08,0.92,0.0,0.2010895951011364
39627823492631061,0.0,0.04,0.96,0.0,0.12114609454120741
39627835572228290,0.0,0.38,0.62,0.0,0.47902101111314976
39627829503066596,0.0,0.76,0.24,0.0,0.39752013969226113
39627817457025794,0.0,0.96,0.04,0.0,0.12114609454120741
39627865767021482,0.0,0.84,0.16,0.0,0.3171547773202831
39627823501018017,0.0,0.8,0.2,0.0,0.36096404744368116
39627865754438696,0.0,0.57,0.43,0.0,0.4929075185894599
39627853674844279,0.0,0.56,0.44,0.0,0.4947937606110278
39627847630852545,0.0,0.03,0.97,0.0,0.0971959289157881
39627865754438681,0.0,0.57,0.43,0.0,0.4929075185894599
39627829532426874,0.0,0.69,0.31,0.0,0.4465867291889284
39627823488439531,0.0,0.8,0.2,0.0,0.36096404744368116
39627829498875754,0.0,0.78,0.22,0.0,0.38008375148098283
39627823492631168,0.0,0.09,0.91,0.0,0.21823490853205144
39627829528236447,0.0,0.15,0.85,0.0,0.3049201523582002
39627817452833549,0.0,0.68,0.32,0.0,0.45219072886224687
39627829528236528,0.0,0.44,0.56,0.0,0.4947937606110278
39627829528236596,0.0,0.01,0.99,0.0,0.04039656794795559
39627829540817923,0.0,0.19,0.81,0.0,0.3507357299419487
39627829540817917,0.0,0.0,0.91,0.09,0.21823490853205144
39627817452834288,0.0,0.44,0.56,0.0,0.4947937606110278
39627823475855811,0.0,0.97,0.03,0.0,0.0971959289157881
39627829528236770,0.0,0.94,0.06,0.0,0.16372245957723813
39627835542869212,0.0,0.31,0.69,0.0,0.4465867291889284
39627829540818005,0.0,0.5,0.5,0.0,0.5
39627835551253532,0.0,0.85,0.15,0.0,0.3049201523582002
39627853674844459,0.0,0.31,0.69,0.0,0.4465867291889284
39627829536624899,0.0,0.67,0.33,0.0,0.4574631863898637
39627823492629269,0.0,0.89,0.11,0.0,0.249957979082264
39627859739804058,0.0,0.28,0.72,0.0,0.4277254052800653
39627829536624003,0.0,0.06,0.94,0.0,0.16372245957723813
39627829503067323,0.0,0.17,0.83,0.0,0.32885238937210975
39627835572229081,0.0,0.27,0.73,0.0,0.42073231810408784
39627829536623664,0.0,0.78,0.22,0.0,0.38008375148098283
39627835547062038,0.0,0.12,0.88,0.0,0.2646804326436822
39627829511458529,0.0,0.9,0.1,0.0,0.2344977967946406
39627829503066817,0.0,0.48,0.52,0.0,0.4994227679976009
39627823492629220,0.0,0.27,0.73,0.0,0.42073231810408784
39627829503066816,0.0,0.45,0.55,0.0,0.49638722699390414
39627865767021637,0.0,0.65,0.35,0.0,0.4670340276877455
39627847660212428,0.0,0.62,0.38,0.0,0.47902101111314976
39627871794233871,0.0,0.79,0.21,0.0,0.37074136996563684
39627859735611787,0.0,0.01,0.99,0.0,0.04039656794795559
39627841591051411,0.0,0.92,0.08,0.0,0.2010895951011364
39627817457029478,0.0,0.22,0.78,0.0,0.38008375148098283
39627841591051520,0.02,0.95,0.03,0.0,0.1674722434193448
39627817457029672,0.0,0.82,0.18,0.0,0.34003852286413994
39627847660212536,0.0,0.72,0.28,0.0,0.4277254052800653
39627829503066733,0.0,0.4,0.6,0.0,0.4854752972273343
39627859735612682,0.0,0.46,0.54,0.0,0.49768921941011285
39627841591053260,0.0,0.0,0.95,0.05,0.14319847855797813
39627859735612867,0.0,0.0,0.94,0.06,0.16372245957723813
39627847664402955,0.0,0.05,0.95,0.0,0.14319847855797813
39627829528236354,0.0,0.58,0.42,0.0,0.49072694751682683
39627829503066590,0.0,0.0,1.0,0.0,-0.0
39627829511455936,0.0,0.84,0.16,0.0,0.3171547773202831
39627853670646978,0.0,0.49,0.51,0.0,0.49985572087640495
39627859731418540,0.0,0.93,0.07,0.0,0.18296182545011158
39627859731418580,0.0,0.02,0.98,0.0,0.07072027127091034
39627859731418848,0.01,0.97,0.02,0.0,0.11097036642660543
39627829528236347,0.0,0.0,0.94,0.06,0.16372245957723813
39627865767022854,0.0,0.01,0.98,0.01,0.08072027127091033
39627835589002407,0.0,0.27,0.73,0.0,0.42073231810408784
39627817448639847,0.0,0.92,0.08,0.0,0.2010895951011364
39627823492631250,0.0,0.17,0.83,0.0,0.32885238937210975
39627865750241684,0.05,0.93,0.02,0.0,0.21317104534994366
39627859731419061,0.0,0.18,0.82,0.0,0.34003852286413994
39627853670648750,0.0,0.95,0.05,0.0,0.14319847855797813
39627859731418051,0.0,0.7,0.3,0.0,0.44064544961534635
39627847660209324,0.0,0.1,0.9,0.0,0.2344977967946406
39627817448637697,0.0,0.73,0.27,0.0,0.42073231810408784
39627817448637758,0.0,0.19,0.81,0.0,0.3507357299419487
39627829498875839,0.0,0.67,0.33,0.0,0.4574631863898637
39627817448638150,0.0,0.7,0.3,0.0,0.44064544961534635
39627835589002123,0.0,0.99,0.01,0.0,0.04039656794795559
39627853670646867,0.0,0.76,0.24,0.0,0.39752013969226113
39627829528236102,0.0,0.7,0.3,0.0,0.44064544961534635
39627829511455724,0.0,0.92,0.08,0.0,0.2010895951011364
39627859731417968,0.0,0.4,0.6,0.0,0.4854752972273343
39627853670646944,0.0,0.28,0.72,0.0,0.4277254052800653
39627817448639173,0.0,0.72,0.28,0.0,0.4277254052800653
39627817448639224,0.0,1.0,0.0,0.0,-0.0
39627829545011137,0.0,0.02,0.98,0.0,0.07072027127091034
39627847651822412,0.0,0.31,0.69,0.0,0.4465867291889284
39627811408839434,0.0,0.75,0.25,0.0,0.4056390622295664
39627835576423333,0.0,0.27,0.73,0.0,0.42073231810408784
39627823492631206,0.0,0.1,0.9,0.0,0.2344977967946406
39627847660208355,0.0,0.76,0.24,0.0,0.39752013969226113
39627865746049142,0.0,0.09,0.91,0.0,0.21823490853205144
39627859731419979,0.0,0.16,0.84,0.0,0.3171547773202831
39627829528236330,0.0,0.12,0.88,0.0,0.2646804326436822
39627865758635317,0.0,0.04,0.96,0.0,0.12114609454120741
39627823467466288,0.0,0.98,0.02,0.0,0.07072027127091034
39627829532428487,0.0,0.64,0.36,0.0,0.4713415946277461
39627835555449581,0.0,0.16,0.84,0.0,0.3171547773202831
39627841595247404,0.0,0.34,0.66,0.0,0.46240935248651505
39627853679037801,0.0,0.91,0.09,0.0,0.21823490853205144
39627841624608168,0.07,0.93,0.0,0.0,0.18296182545011158
39627835584807889,0.0,0.57,0.43,0.0,0.4929075185894599
39627835580613713,0.0,1.0,0.0,0.0,-0.0
39627823471659926,0.0,0.4,0.6,0.0,0.4854752972273343
39627823488439187,0.0,0.44,0.56,0.0,0.4947937606110278
39627823492632857,0.0,0.26,0.74,0.0,0.4133731862463089
39627823496825852,0.0,0.05,0.95,0.0,0.14319847855797813
39627865746047094,0.0,0.43,0.57,0.0,0.4929075185894599
39627829515651760,0.0,0.55,0.45,0.0,0.49638722699390414
39627823492633407,0.0,0.94,0.06,0.0,0.16372245957723813
39627823488439049,0.0,0.78,0.22,0.0,0.38008375148098283
39627865746047088,0.0,0.89,0.11,0.0,0.249957979082264
39627823492632988,0.0,0.32,0.68,0.0,0.45219072886224687
39627847635046365,0.0,0.0,0.97,0.03,0.0971959289157881
39627865746047061,0.0,0.02,0.97,0.01,0.11097036642660543
39627847635046289,0.0,0.06,0.94,0.0,0.16372245957723813
39627811404645269,0.0,0.12,0.88,0.0,0.2646804326436822
39627853670647423,0.0,0.75,0.25,0.0,0.4056390622295664
39627847635046263,0.0,0.05,0.95,0.0,0.14319847855797813
39627847635045854,0.0,0.96,0.04,0.0,0.12114609454120741
39627823501020703,0.0,1.0,0.0,0.0,-0.0
39627823501021033,0.0,0.11,0.89,0.0,0.249957979082264
39627853691619405,0.0,0.85,0.15,0.0,0.3049201523582002
39627811387871100,0.0,0.56,0.44,0.0,0.4947937606110278
39627811396259355,0.0,0.89,0.11,0.0,0.249957979082264
39627829540817654,0.0,0.02,0.98,0.0,0.07072027127091034
39627811396259165,0.0,0.97,0.03,0.0,0.0971959289157881
39627829524040488,0.0,0.12,0.88,0.0,0.2646804326436822
39627829532429058,0.0,0.93,0.07,0.0,0.18296182545011158
39627859706251473,0.0,0.76,0.24,0.0,0.39752013969226113
39627865750244573,0.0,0.16,0.84,0.0,0.3171547773202831
39627829540817648,0.0,0.07,0.92,0.01,0.22283217282912027
39627841582665312,0.0,0.24,0.76,0.0,0.39752013969226113
39627829507260958,0.0,0.0,1.0,0.0,-0.0
39627853700009491,0.0,0.0,0.92,0.08,0.2010895951011364
39627859706251458,0.0,0.27,0.73,0.0,0.42073231810408784
39627823496822936,0.0,0.05,0.95,0.0,0.14319847855797813
39627817436057296,0.0,0.1,0.9,0.0,0.2344977967946406
39627811392065599,0.0,0.24,0.76,0.0,0.39752013969226113
39627811408842128,0.0,0.89,0.11,0.0,0.249957979082264
39627823471659728,0.0,0.04,0.92,0.04,0.24108959510113642
39627829507261172,0.0,0.17,0.83,0.0,0.32885238937210975
39627871794233933,0.0,0.26,0.74,0.0,0.4133731862463089
39627847660211586,0.0,1.0,0.0,0.0,-0.0
39627823471657859,0.0,0.0,0.99,0.01,0.04039656794795559
39627853679036418,0.0,0.39,0.61,0.0,0.4823997742525436
39627865754440077,0.0,0.14,0.86,0.0,0.292119405821428
39627823471657789,0.0,0.04,0.95,0.01,0.16124668093016215
39627853679036110,0.0,0.84,0.16,0.0,0.3171547773202831
39627823467467461,0.0,0.94,0.06,0.0,0.16372245957723813
39627835547062226,0.0,0.56,0.44,0.0,0.4947937606110278
39627859706253465,0.0,0.83,0.17,0.0,0.32885238937210975
39627841586859704,0.0,0.0,1.0,0.0,-0.0
39627859710447312,0.0,0.32,0.68,0.0,0.45219072886224687
39627817436057970,0.0,0.54,0.46,0.0,0.49768921941011285
39627835547062480,0.0,0.94,0.06,0.0,0.16372245957723813
39627835589002194,0.0,0.51,0.49,0.0,0.49985572087640495
39627835589001277,0.0,0.04,0.96,0.0,0.12114609454120741
39627835559642348,0.0,0.86,0.14,0.0,0.292119405821428
39627823471657960,0.0,0.98,0.02,0.0,0.07072027127091034
39627823475851369,0.0,0.93,0.07,0.0,0.18296182545011158
39627817431863795,0.0,0.41,0.59,0.0,0.488250234378912
39627817431863679,0.0,0.26,0.74,0.0,0.4133731862463089
39627835559642190,0.0,0.96,0.04,0.0,0.12114609454120741
39627835559642235,0.0,0.12,0.88,0.0,0.2646804326436822
39627871794234478,0.0,0.55,0.45,0.0,0.49638722699390414
39627865758634726,0.0,1.0,0.0,0.0,-0.0
39627871794234421,0.0,0.97,0.03,0.0,0.0971959289157881
39627847660212699,0.0,0.29,0.71,0.0,0.43436062316970225
39627871785849310,0.0,0.08,0.92,0.0,0.2010895951011364
39627835559642052,0.0,0.01,0.99,0.0,0.04039656794795559
39627859710447187,0.0,0.83,0.17,0.0,0.32885238937210975
39627841599438926,0.0,0.06,0.94,0.0,0.16372245957723813
39627847639239870,0.0,0.44,0.56,0.0,0.4947937606110278
39627865746048968,0.0,0.27,0.73,0.0,0.42073231810408784
39627823488439501,0.0,0.01,0.95,0.04,0.16124668093016215
39627823488439532,0.0,0.07,0.93,0.0,0.18296182545011158
39627841624606792,0.0,0.91,0.09,0.0,0.21823490853205144
39627841582666173,0.0,0.0,0.81,0.19,0.3507357299419487
39627865746049020,0.0,0.75,0.25,0.0,0.4056390622295664
39627829528237054,0.0,0.99,0.01,0.0,0.04039656794795559
39627829528236808,0.0,0.03,0.97,0.0,0.0971959289157881
39627829528236225,0.0,0.19,0.81,0.0,0.3507357299419487
39627823488439510,0.0,0.94,0.06,0.0,0.16372245957723813
39627853683232255,0.0,0.0,0.95,0.05,0.14319847855797813
39627817457025755,0.0,0.06,0.94,0.0,0.16372245957723813
39627823492628522,0.0,0.11,0.89,0.0,0.249957979082264
39627829532427601,0.0,0.5,0.5,0.0,0.5
39627841582665425,0.0,0.41,0.59,0.0,0.488250234378912
39627865746049620,0.0,0.84,0.16,0.0,0.3171547773202831
39627829545012050,0.0,0.92,0.08,0.0,0.2010895951011364
39627859731417996,0.0,1.0,0.0,0.0,-0.0
39627865754440653,0.0,0.18,0.82,0.0,0.34003852286413994
39627841586859863,0.0,0.0,1.0,0.0,-0.0
39627817431864119,0.0,0.67,0.33,0.0,0.4574631863898637
39627817431864338,0.0,0.12,0.88,0.0,0.2646804326436822
39627823471657647,0.0,0.0,0.98,0.02,0.07072027127091034
39627871794235530,0.0,0.98,0.02,0.0,0.07072027127091034
39627871794235438,0.0,0.68,0.32,0.0,0.45219072886224687
39627835568032606,0.0,0.02,0.98,0.0,0.07072027127091034
39627847656018379,0.0,0.04,0.95,0.01,0.16124668093016215
39627817452831562,0.0,0.34,0.66,0.0,0.46240935248651505
39627823484244699,0.0,0.79,0.21,0.0,0.37074136996563684
39627847660209286,0.0,0.24,0.76,0.0,0.39752013969226113
39627811421423479,0.0,0.17,0.83,0.0,0.32885238937210975
39627805369042161,0.0,0.98,0.02,0.0,0.07072027127091034
39627823488436369,0.0,0.31,0.69,0.0,0.4465867291889284
39627877821450380,0.0,0.91,0.09,0.0,0.21823490853205144
39627853662261564,0.0,0.98,0.02,0.0,0.07072027127091034
39627829536620695,0.0,0.49,0.51,0.0,0.49985572087640495
39627877821450271,0.0,0.81,0.19,0.0,0.3507357299419487
39627877821450230,0.0,0.7,0.3,0.0,0.44064544961534635
39627847630852708,0.0,0.93,0.07,0.0,0.18296182545011158
39627811417228393,0.0,0.92,0.08,0.0,0.2010895951011364
39627847660208834,0.0,0.99,0.01,0.0,0.04039656794795559
39627829540819774,0.0,0.01,0.95,0.04,0.16124668093016215
39627829515651583,0.0,0.25,0.75,0.0,0.4056390622295664
39627829540819815,0.0,0.0,0.9,0.1,0.2344977967946406
39627865741855425,0.0,0.94,0.06,0.0,0.16372245957723813
39627871794233879,0.0,0.04,0.95,0.01,0.16124668093016215
39627835576422913,0.0,0.17,0.83,0.0,0.32885238937210975
39627877821450763,0.0,0.71,0.29,0.0,0.43436062316970225
39627859727222960,0.0,0.09,0.91,0.0,0.21823490853205144
39627823492629995,0.0,0.49,0.51,0.0,0.49985572087640495
39627859710447148,0.0,0.6,0.4,0.0,0.4854752972273343
39627823492628557,0.0,0.91,0.09,0.0,0.21823490853205144
39627823488437067,0.0,0.58,0.42,0.0,0.49072694751682683
39627829536621025,0.0,0.76,0.24,0.0,0.39752013969226113
39627823492630305,0.0,0.04,0.96,0.0,0.12114609454120741
39627829540817368,0.0,0.05,0.95,0.0,0.14319847855797813
39627853687425444,0.0,0.24,0.76,0.0,0.39752013969226113
39627829540817039,0.0,0.44,0.56,0.0,0.4947937606110278
39627823475852523,0.0,0.03,0.97,0.0,0.0971959289157881
39627823475852420,0.0,0.39,0.61,0.0,0.4823997742525436
39627859727226605,0.0,0.87,0.13,0.0,0.2787190925139945
39627829503069758,0.0,0.47,0.53,0.0,0.4987007942838698
39627823492629974,0.0,0.63,0.37,0.0,0.47533604634353294
39627823492629981,0.0,0.82,0.18,0.0,0.34003852286413994
39627853687425384,0.0,0.57,0.43,0.0,0.4929075185894599
39627865741855468,0.0,0.88,0.12,0.0,0.2646804326436822
39627823492631910,0.0,0.81,0.19,0.0,0.3507357299419487
39627853691619006,0.0,0.69,0.31,0.0,0.4465867291889284
39627829536620732,0.0,0.05,0.95,0.0,0.14319847855797813
39627823467466858,0.0,0.49,0.51,0.0,0.49985572087640495
39627817436054972,0.0,0.81,0.19,0.0,0.3507357299419487
39627823463269272,0.0,0.02,0.94,0.04,0.1912713345988728
39627817436055180,0.0,0.54,0.46,0.0,0.49768921941011285
39627817436055367,0.0,0.95,0.05,0.0,0.14319847855797813
39627853691619115,0.0,0.18,0.82,0.0,0.34003852286413994
39627835576423286,0.0,0.0,1.0,0.0,-0.0
39627835572228552,0.0,0.99,0.01,0.0,0.04039656794795559
39627823492630721,0.0,0.6,0.4,0.0,0.4854752972273343
39627835538673535,0.0,0.56,0.44,0.0,0.4947937606110278
39627835538673690,0.0,0.68,0.32,0.0,0.45219072886224687
39627835538673745,0.0,0.72,0.28,0.0,0.4277254052800653
39627835572228996,0.0,0.65,0.35,0.0,0.4670340276877455
39627829536620832,0.0,0.0,0.92,0.08,0.2010895951011364
39627823484241158,0.0,0.86,0.14,0.0,0.292119405821428
39627817436057933,0.0,0.32,0.68,0.0,0.45219072886224687
39627823484241294,0.0,0.4,0.6,0.0,0.4854752972273343
39627823467464561,0.0,1.0,0.0,0.0,-0.0
39627835584809810,0.0,0.87,0.13,0.0,0.2787190925139945
39627817436055179,0.0,0.24,0.76,0.0,0.39752013969226113
39627823471658783,0.0,0.66,0.34,0.0,0.46240935248651505
39627823471658882,0.0,0.88,0.12,0.0,0.2646804326436822
39627865741855777,0.0,0.86,0.14,0.0,0.292119405821428
39627865741855513,0.0,0.48,0.52,0.0,0.4994227679976009
39627817457029651,0.0,0.12,0.88,0.0,0.2646804326436822
39627823471658766,0.0,0.48,0.52,0.0,0.4994227679976009
39627823492631036,0.0,0.0,0.99,0.01,0.04039656794795559
39627823488436286,0.0,0.06,0.94,0.0,0.16372245957723813
39627871794233439,0.0,0.6,0.4,0.0,0.4854752972273343
39627829498876590,0.0,0.71,0.29,0.0,0.43436062316970225
39627829515649346,0.0,0.4,0.6,0.0,0.4854752972273343
39627829503070251,0.0,0.74,0.26,0.0,0.4133731862463089
39627829507264414,0.0,0.33,0.67,0.0,0.4574631863898637
39627847656015211,0.0,0.72,0.28,0.0,0.4277254052800653
39627829507264044,0.0,0.52,0.48,0.0,0.4994227679976009
39627865746049222,0.0,0.83,0.17,0.0,0.32885238937210975
39627859735611579,0.0,0.12,0.88,0.0,0.2646804326436822
39627829507264068,0.0,0.17,0.83,0.0,0.32885238937210975
39627829507264420,0.0,0.61,0.39,0.0,0.4823997742525436
39627829503066236,0.0,0.72,0.28,0.0,0.4277254052800653
39627871777458531,0.0,0.52,0.48,0.0,0.4994227679976009
39627865750244564,0.0,0.1,0.9,0.0,0.2344977967946406
39627877821450311,0.0,0.91,0.09,0.0,0.21823490853205144
39627829536625294,0.0,0.09,0.91,0.0,0.21823490853205144
39627871794236102,0.0,0.81,0.19,0.0,0.3507357299419487
39627853666453947,0.0,0.92,0.08,0.0,0.2010895951011364
39627847643431339,0.0,0.17,0.83,0.0,0.32885238937210975
39627817457029682,0.0,1.0,0.0,0.0,-0.0
39627835584809593,0.0,0.41,0.59,0.0,0.488250234378912
39627817457029765,0.0,0.52,0.48,0.0,0.4994227679976009
39627871794233457,0.0,0.0,0.9,0.1,0.2344977967946406
39627859718833081,0.0,0.52,0.48,0.0,0.4994227679976009
39627871790043828,0.0,0.13,0.87,0.0,0.2787190925139945
39627829498876576,0.0,0.99,0.01,0.0,0.04039656794795559
39627835563839485,0.0,0.25,0.75,0.0,0.4056390622295664
39627853704204043,0.0,0.95,0.05,0.0,0.14319847855797813
39627865754440791,0.0,0.41,0.59,0.0,0.488250234378912
39627829536620564,0.0,0.13,0.87,0.0,0.2787190925139945
39627829536620729,0.0,0.92,0.08,0.0,0.2010895951011364
39627829515649095,0.0,0.73,0.27,0.0,0.42073231810408784
39627829498876568,0.0,0.7,0.3,0.0,0.44064544961534635
39627829511460549,0.0,0.49,0.51,0.0,0.49985572087640495
39627805369044524,0.0,0.3,0.7,0.0,0.44064544961534635
39627811400450586,0.0,0.74,0.26,0.0,0.4133731862463089
39627829536622700,0.0,0.65,0.35,0.0,0.4670340276877455
39627811396261317,0.0,0.97,0.03,0.0,0.0971959289157881
39627811396261374,0.0,0.98,0.02,0.0,0.07072027127091034
39627859706251288,0.0,0.21,0.79,0.0,0.37074136996563684
39627817457029255,0.0,0.21,0.79,0.0,0.37074136996563684
39627829536623029,0.0,0.68,0.32,0.0,0.45219072886224687
39627823480047130,0.0,0.08,0.92,0.0,0.2010895951011364
39627835547060651,0.0,0.0,0.89,0.11,0.249957979082264
39627829524037913,0.0,0.75,0.25,0.0,0.4056390622295664
39627841586858309,0.0,0.99,0.01,0.0,0.04039656794795559
39627847622462795,0.0,0.22,0.78,0.0,0.38008375148098283
39627829524038170,0.0,0.52,0.48,0.0,0.4994227679976009
39627829524038244,0.0,0.13,0.87,0.0,0.2787190925139945
39627829524038322,0.0,0.73,0.27,0.0,0.42073231810408784
39627865754436098,0.0,0.93,0.07,0.0,0.18296182545011158
39627811400454903,0.0,0.71,0.29,0.0,0.43436062316970225
39627841586858647,0.0,0.61,0.39,0.0,0.4823997742525436
39627841586858537,0.0,0.0,0.97,0.03,0.0971959289157881
39627817440249067,0.0,0.58,0.42,0.0,0.49072694751682683
39627859727222210,0.0,0.77,0.23,0.0,0.38900565177326885
39627865767019010,0.0,0.04,0.94,0.02,0.19127133459887283
39627865767019200,0.0,0.07,0.93,0.0,0.18296182545011158
39627853674840574,0.0,0.44,0.56,0.0,0.4947937606110278
39627853700006073,0.0,0.69,0.31,0.0,0.4465867291889284
39627829524038199,0.0,0.04,0.96,0.0,0.12114609454120741
39627865754439090,0.0,0.96,0.04,0.0,0.12114609454120741
39627847660212493,0.0,0.15,0.85,0.0,0.3049201523582002
39627859706251330,0.0,0.52,0.48,0.0,0.4994227679976009
39627853670648658,0.0,0.76,0.24,0.0,0.39752013969226113
39627811392063561,0.0,0.07,0.93,0.0,0.18296182545011158
39627817423474575,0.0,0.03,0.97,0.0,0.0971959289157881
39627811413038138,0.0,0.05,0.94,0.01,0.1832231322266888
39627847639237136,0.0,0.89,0.11,0.0,0.249957979082264
39627841578471062,0.0,0.66,0.34,0.0,0.46240935248651505
39627841612021934,0.0,0.28,0.72,0.0,0.4277254052800653
39627847639237396,0.0,0.21,0.79,0.0,0.37074136996563684
39627811396261297,0.01,0.99,0.0,0.0,0.04039656794795559
39627847639237480,0.0,0.0,1.0,0.0,-0.0
39627823467463622,0.0,0.74,0.26,0.0,0.4133731862463089
39627811396261261,0.0,0.13,0.87,0.0,0.2787190925139945
39627847618269596,0.0,0.72,0.28,0.0,0.4277254052800653
39627817440248893,0.0,0.01,0.94,0.05,0.1832231322266888
39627871785844824,0.0,0.06,0.94,0.0,0.16372245957723813
39627871785845049,0.0,0.01,0.99,0.0,0.04039656794795559
39627841595245438,0.0,0.01,0.98,0.01,0.08072027127091033
39627865771213881,0.0,0.0,1.0,0.0,-0.0
39627817440249130,0.0,0.02,0.93,0.05,0.2131710453499437
39627817440249179,0.0,0.01,0.98,0.01,0.08072027127091033
39627859718837999,0.0,0.83,0.17,0.0,0.32885238937210975
39627823484241925,0.0,0.04,0.96,0.0,0.12114609454120741
39627823484241795,0.0,0.28,0.72,0.0,0.4277254052800653
39627841620415775,0.0,0.33,0.67,0.0,0.4574631863898637
39627865767019454,0.0,0.03,0.97,0.0,0.0971959289157881
39627817457030170,0.0,0.12,0.88,0.0,0.2646804326436822
39627829536623970,0.0,0.02,0.98,0.0,0.07072027127091034
39627847618269641,0.0,0.02,0.98,0.0,0.07072027127091034
39627859718837865,0.0,0.28,0.72,0.0,0.4277254052800653
39627865754436300,0.0,0.38,0.62,0.0,0.47902101111314976
39627865767018811,0.0,0.02,0.97,0.01,0.11097036642660543
39627847647628368,0.0,0.0,0.99,0.01,0.04039656794795559
39627829545011692,0.0,0.02,0.98,0.0,0.07072027127091034
39627853670650204,0.0,0.01,0.95,0.04,0.16124668093016215
39627859731416409,0.0,0.79,0.21,0.0,0.37074136996563684
39627835551254690,0.0,0.04,0.96,0.0,0.12114609454120741
39627853670650232,0.0,0.0,0.92,0.08,0.2010895951011364
39627859731416136,0.0,0.06,0.94,0.0,0.16372245957723813
39627853674840229,0.0,0.89,0.11,0.0,0.249957979082264
39627859731416288,0.0,0.45,0.55,0.0,0.49638722699390414
39627841586860113,0.0,0.54,0.46,0.0,0.49768921941011285
39627811400455202,0.0,0.29,0.71,0.0,0.43436062316970225
39627853674842314,0.0,0.57,0.43,0.0,0.4929075185894599
39627811400455025,0.0,0.93,0.07,0.0,0.18296182545011158
39627841595248710,0.0,0.27,0.73,0.0,0.42073231810408784
39627865775408943,0.0,0.09,0.91,0.0,0.21823490853205144
39627841591054630,0.0,0.74,0.26,0.0,0.4133731862463089
39627847647627998,0.0,0.4,0.6,0.0,0.4854752972273343
39627847647627948,0.0,0.59,0.41,0.0,0.488250234378912
39627865775408677,0.0,0.03,0.97,0.0,0.0971959289157881
39627853674840370,0.0,0.41,0.59,0.0,0.488250234378912
39627811413037684,0.0,0.99,0.01,0.0,0.04039656794795559
39627823467463572,0.0,0.13,0.87,0.0,0.2787190925139945
39627823467463301,0.0,0.77,0.23,0.0,0.38900565177326885
39627823496827665,0.0,0.12,0.87,0.01,0.30414992414989617
39627829503069427,0.0,0.13,0.87,0.0,0.2787190925139945
39627871790039889,0.0,0.66,0.34,0.0,0.46240935248651505
39627865746050486,0.0,0.28,0.72,0.0,0.4277254052800653
39627865746050505,0.0,0.8,0.2,0.0,0.36096404744368116
39627823496827451,0.0,0.08,0.92,0.0,0.2010895951011364
39627841620415932,0.0,0.03,0.97,0.0,0.0971959289157881
39627865754439170,0.0,0.1,0.9,0.0,0.2344977967946406
39627817440252195,0.0,0.15,0.85,0.0,0.3049201523582002
39627847622460780,0.01,0.92,0.07,0.0,0.22283217282912027
39627847626655697,0.0,0.78,0.22,0.0,0.38008375148098283
39627853704201035,0.0,0.13,0.87,0.0,0.2787190925139945
39627847622460672,0.0,0.13,0.87,0.0,0.2787190925139945
39627835542865507,0.0,0.35,0.65,0.0,0.4670340276877455
39627835542865683,0.01,0.84,0.15,0.0,0.3441379826496441
39627829545012833,0.0,0.36,0.64,0.0,0.4713415946277461
39627841607833215,0.0,0.0,1.0,0.0,-0.0
39627853662260076,0.0,0.95,0.05,0.0,0.14319847855797813
39627853662259786,0.0,0.56,0.44,0.0,0.4947937606110278
39627829511455167,0.0,0.92,0.08,0.0,0.2010895951011364
39627853695813318,0.0,0.74,0.26,0.0,0.4133731862463089
39627823505214476,0.0,0.36,0.64,0.0,0.4713415946277461
39627823505214513,0.01,0.99,0.0,0.0,0.04039656794795559
39627823505214619,0.0,0.96,0.04,0.0,0.12114609454120741
39627829503066711,0.0,0.98,0.02,0.0,0.07072027127091034
39627823505213868,0.0,0.0,0.88,0.12,0.2646804326436822
39627835555452099,0.0,0.27,0.73,0.0,0.42073231810408784
39627853683234173,0.0,0.69,0.31,0.0,0.4465867291889284
39627853687426716,0.0,0.56,0.44,0.0,0.4947937606110278
39627865775408913,0.0,0.6,0.4,0.0,0.4854752972273343
39627853683233331,0.0,0.8,0.2,0.0,0.36096404744368116
39627853683234258,0.01,0.96,0.03,0.0,0.13737165703039006
39627853683234239,0.0,0.27,0.73,0.0,0.42073231810408784
39627853683234106,0.0,0.59,0.41,0.0,0.488250234378912
39627865771216945,0.0,0.75,0.25,0.0,0.4056390622295664
39627817431864710,0.0,0.17,0.83,0.0,0.32885238937210975
39627829545012802,0.0,0.61,0.39,0.0,0.4823997742525436
39627835542865930,0.0,0.45,0.55,0.0,0.49638722699390414
39627835542866194,0.0,0.1,0.9,0.0,0.2344977967946406
39627835584809113,0.0,0.03,0.97,0.0,0.0971959289157881
39627865741855662,0.0,0.23,0.77,0.0,0.38900565177326885
39627817431864688,0.0,0.11,0.89,0.0,0.249957979082264
39627817431864685,0.0,0.29,0.71,0.0,0.43436062316970225
39627811404646639,0.0,0.83,0.17,0.0,0.32885238937210975
39627817440247961,0.0,0.35,0.65,0.0,0.4670340276877455
39627829545012778,0.0,0.83,0.17,0.0,0.32885238937210975
39627829545012674,0.0,0.24,0.76,0.0,0.39752013969226113
39627859706253034,0.0,0.17,0.83,0.0,0.32885238937210975
39627829545012590,0.0,0.93,0.07,0.0,0.18296182545011158
39627853670648546,0.0,0.97,0.03,0.0,0.0971959289157881
39627829545011435,0.0,0.5,0.5,0.0,0.5
39627811417229325,0.01,0.93,0.06,0.0,0.20367037270049304
39627829545012728,0.0,0.58,0.42,0.0,0.49072694751682683
39627853666454518,0.0,0.52,0.48,0.0,0.4994227679976009
39627865750244661,0.0,0.63,0.37,0.0,0.47533604634353294
39627817440248505,0.0,0.04,0.96,0.0,0.12114609454120741
39627853704200470,0.0,0.98,0.02,0.0,0.07072027127091034
39627853704200385,0.0,0.0,0.95,0.05,0.14319847855797813
39627853704200323,0.0,0.11,0.89,0.0,0.249957979082264
39627823463269801,0.0,0.6,0.4,0.0,0.4854752972273343
39627853704200297,0.0,0.63,0.37,0.0,0.47533604634353294
39627847626654984,0.0,0.06,0.94,0.0,0.16372245957723813
39627847626655194,0.0,0.19,0.81,0.0,0.3507357299419487
39627847626655891,0.0,0.7,0.3,0.0,0.44064544961534635
39627847643431288,0.0,0.55,0.45,0.0,0.49638722699390414
39627847626655312,0.0,0.04,0.96,0.0,0.12114609454120741
39627847626655454,0.0,0.0,0.87,0.13,0.2787190925139945
39627847626655859,0.0,0.27,0.73,0.0,0.42073231810408784
39627835584807606,0.0,0.0,1.0,0.0,-0.0
39627847622460609,0.0,0.96,0.04,0.0,0.12114609454120741
39627811396260622,0.0,0.42,0.58,0.0,0.49072694751682683
39627805369044026,0.0,0.03,0.97,0.0,0.0971959289157881
39627805369043367,0.0,0.92,0.08,0.0,0.2010895951011364
39627805369043484,0.0,0.29,0.71,0.0,0.43436062316970225
39627805369043508,0.0,0.85,0.15,0.0,0.3049201523582002
39627805364851984,0.0,0.07,0.93,0.0,0.18296182545011158
39627805369042368,0.0,0.86,0.14,0.0,0.292119405821428
39627847639239299,0.0,0.48,0.52,0.0,0.4994227679976009
39627805369041046,0.0,0.65,0.35,0.0,0.4670340276877455
39627817457029832,0.0,0.1,0.9,0.0,0.2344977967946406
39627817457029735,0.0,0.01,0.99,0.0,0.04039656794795559
39627859727223083,0.0,0.24,0.76,0.0,0.39752013969226113
39627853691620016,0.0,1.0,0.0,0.0,-0.0
39627811400454636,0.0,0.54,0.46,0.0,0.49768921941011285
39627829545010027,0.0,0.07,0.93,0.0,0.18296182545011158
39627811400454214,0.0,0.58,0.42,0.0,0.49072694751682683
39627865762827823,0.0,0.47,0.53,0.0,0.4987007942838698
39627811400454085,0.0,0.07,0.91,0.02,0.2526241113249394
39627853691620196,0.0,0.37,0.63,0.0,0.47533604634353294
39627853691620248,0.0,0.47,0.53,0.0,0.4987007942838698
39627829528232687,0.0,0.89,0.11,0.0,0.249957979082264
39627853691620280,0.0,0.77,0.23,0.0,0.38900565177326885
39627811400454554,0.0,0.0,0.99,0.01,0.04039656794795559
39627871781655317,0.0,0.5,0.5,0.0,0.5
39627829507263545,0.0,0.25,0.75,0.0,0.4056390622295664
39627859727223414,0.0,0.02,0.92,0.06,0.23354072007950172
39627847622463498,0.0,0.53,0.47,0.0,0.4987007942838698
39627835559641350,0.0,0.02,0.98,0.0,0.07072027127091034
39627847635046184,0.0,0.09,0.9,0.01,0.2579475764741046
39627865771213638,0.0,0.31,0.69,0.0,0.4465867291889284
39627865771213728,0.0,0.08,0.92,0.0,0.2010895951011364
39627853704200243,0.0,0.92,0.08,0.0,0.2010895951011364
39627847626654445,0.0,0.49,0.51,0.0,0.49985572087640495
39627853700006284,0.0,0.05,0.94,0.01,0.1832231322266888
39627871781655635,0.0,0.71,0.29,0.0,0.43436062316970225
39627865762828048,0.0,0.98,0.02,0.0,0.07072027127091034
39627865762828033,0.0,0.85,0.15,0.0,0.3049201523582002
39627847626655231,0.0,0.33,0.67,0.0,0.4574631863898637
39627859727221390,0.0,0.12,0.88,0.0,0.2646804326436822
39627853691620293,0.0,0.03,0.97,0.0,0.0971959289157881
39627841582662613,0.0,0.0,0.99,0.01,0.04039656794795559
39627829528232740,0.0,0.0,0.79,0.21,0.37074136996563684
39627829503067527,0.0,0.11,0.89,0.0,0.249957979082264
39627829507263240,0.0,0.89,0.11,0.0,0.249957979082264
39627859731419455,0.0,0.27,0.73,0.0,0.42073231810408784
39627829498875187,0.0,0.93,0.07,0.0,0.18296182545011158
39627817448636732,0.0,0.06,0.94,0.0,0.16372245957723813
39627865771213290,0.0,0.44,0.56,0.0,0.4947937606110278
39627829545012292,0.0,0.01,0.98,0.01,0.08072027127091033
39627817448636842,0.0,0.92,0.08,0.0,0.2010895951011364
39627817448636950,0.0,0.64,0.36,0.0,0.4713415946277461
39627859731417325,0.0,0.96,0.04,0.0,0.12114609454120741
39627853695812606,0.0,0.04,0.96,0.0,0.12114609454120741
39627829545010944,0.0,0.66,0.34,0.0,0.46240935248651505
39627829503068083,0.0,0.08,0.92,0.0,0.2010895951011364
39627829524041859,0.0,0.03,0.97,0.0,0.0971959289157881
39627817452832654,0.0,0.38,0.62,0.0,0.47902101111314976
39627859735610027,0.0,0.05,0.95,0.0,0.14319847855797813
39627853691620387,0.0,0.85,0.15,0.0,0.3049201523582002
39627853691620415,0.0,0.29,0.71,0.0,0.43436062316970225
39627841582662124,0.0,0.8,0.2,0.0,0.36096404744368116
39627853691620617,0.0,0.65,0.35,0.0,0.4670340276877455
39627859727223584,0.01,0.95,0.04,0.0,0.16124668093016215
39627829528233011,0.0,0.98,0.02,0.0,0.07072027127091034
39627859727223635,0.0,0.19,0.81,0.0,0.3507357299419487
39627841582662027,0.0,0.14,0.86,0.0,0.292119405821428
39627865771213545,0.0,0.87,0.13,0.0,0.2787190925139945
39627817452836021,0.0,0.6,0.4,0.0,0.4854752972273343
39627829507263366,0.0,0.32,0.68,0.0,0.45219072886224687
39627835555451786,0.0,0.69,0.31,0.0,0.4465867291889284
39627823496823417,0.0,0.77,0.23,0.0,0.38900565177326885
39627829511455650,0.0,1.0,0.0,0.0,-0.0
39627859727224577,0.0,0.26,0.74,0.0,0.4133731862463089
39627835576422569,0.0,0.87,0.13,0.0,0.2787190925139945
39627829507263397,0.0,0.61,0.39,0.0,0.4823997742525436
39627817440253420,0.0,0.32,0.68,0.0,0.45219072886224687
39627829507261350,0.0,0.21,0.79,0.0,0.37074136996563684
39627853670648854,0.0,0.45,0.55,0.0,0.49638722699390414
39627865775409116,0.0,0.09,0.91,0.0,0.21823490853205144
39627853670648770,0.0,0.34,0.66,0.0,0.46240935248651505
39627829511459082,0.0,0.3,0.7,0.0,0.44064544961534635
39627829511458998,0.0,0.0,0.97,0.03,0.0971959289157881
39627829511458926,0.0,0.48,0.52,0.0,0.4994227679976009
39627835589001821,0.0,0.57,0.43,0.0,0.4929075185894599
39627811417228674,0.0,0.88,0.12,0.0,0.2646804326436822
39627859710444856,0.0,0.93,0.07,0.0,0.18296182545011158
39627817444442270,0.0,0.11,0.89,0.0,0.249957979082264
39627835576421764,0.0,0.33,0.67,0.0,0.4574631863898637
39627817431861887,0.0,0.0,1.0,0.0,-0.0
39627817431861927,0.0,0.94,0.06,0.0,0.16372245957723813
39627817431862247,0.01,0.92,0.07,0.0,0.22283217282912027
39627835576421842,0.0,1.0,0.0,0.0,-0.0
39627811408843694,0.0,0.01,0.99,0.0,0.04039656794795559
39627817431864476,0.0,0.92,0.08,0.0,0.2010895951011364
39627865754437671,0.0,0.13,0.87,0.0,0.2787190925139945
39627823480047546,0.0,0.01,0.99,0.0,0.04039656794795559
39627823480048101,0.0,0.04,0.96,0.0,0.12114609454120741
39627829511459715,0.0,0.26,0.74,0.0,0.4133731862463089
39627847660209571,0.0,0.43,0.57,0.0,0.4929075185894599
39627841595247635,0.0,0.1,0.9,0.0,0.2344977967946406
39627835547062494,0.0,0.72,0.28,0.0,0.4277254052800653
39627841595245495,0.0,1.0,0.0,0.0,-0.0
39627835572225806,0.0,0.54,0.46,0.0,0.49768921941011285
39627829511459699,0.0,0.0,0.96,0.04,0.12114609454120741
39627841595244955,0.0,0.66,0.34,0.0,0.46240935248651505
39627841591055155,0.0,0.02,0.95,0.03,0.1674722434193448
39627835568034450,0.0,0.42,0.58,0.0,0.49072694751682683
39627841591053924,0.0,0.6,0.4,0.0,0.4854752972273343
39627841591053900,0.0,0.64,0.36,0.0,0.4713415946277461
39627823484240254,0.0,0.21,0.78,0.01,0.4094279001393156
39627841591053781,0.0,0.99,0.01,0.0,0.04039656794795559
39627853687423155,0.0,0.15,0.85,0.0,0.3049201523582002
39627841591053676,0.0,0.49,0.51,0.0,0.49985572087640495
39627835547061713,0.0,0.21,0.79,0.0,0.37074136996563684
39627865754436146,0.0,0.88,0.12,0.0,0.2646804326436822
39627835576421751,0.0,0.99,0.01,0.0,0.04039656794795559
39627865775407631,0.0,0.0,0.99,0.01,0.04039656794795559
39627865771217266,0.0,0.87,0.13,0.0,0.2787190925139945
39627817440252179,0.0,0.0,0.92,0.08,0.2010895951011364
39627859723030311,0.0,0.0,0.77,0.23,0.38900565177326885
39627865771216937,0.0,1.0,0.0,0.0,-0.0
39627865771217284,0.0,0.0,0.98,0.02,0.07072027127091034
39627829519846761,0.0,0.99,0.01,0.0,0.04039656794795559
39627817440253273,0.0,1.0,0.0,0.0,-0.0
39627811404647426,0.0,0.42,0.58,0.0,0.49072694751682683
39627847622462335,0.0,0.82,0.18,0.0,0.34003852286413994
39627829519847136,0.0,0.34,0.66,0.0,0.46240935248651505
39627847622462416,0.0,0.08,0.92,0.0,0.2010895951011364
39627847622462532,0.0,0.75,0.25,0.0,0.4056390622295664
39627817440253256,0.0,0.3,0.7,0.0,0.44064544961534635
39627835551257308,0.0,0.08,0.92,0.0,0.2010895951011364
39627829503067390,0.0,0.02,0.97,0.01,0.11097036642660543
39627817436059269,0.0,0.13,0.87,0.0,0.2787190925139945
39627817440248081,0.02,0.95,0.03,0.0,0.1674722434193448
39627817436059015,0.0,0.33,0.67,0.0,0.4574631863898637
39627853687427794,0.0,0.93,0.07,0.0,0.18296182545011158
39627817440248240,0.0,0.02,0.91,0.07,0.2526241113249394
39627859718837760,0.0,0.89,0.11,0.0,0.249957979082264
39627835584807794,0.0,0.0,0.99,0.01,0.04039656794795559
39627859718837604,0.0,0.76,0.24,0.0,0.39752013969226113
39627853700009086,0.0,0.02,0.98,0.0,0.07072027127091034
39627865771214074,0.0,0.17,0.83,0.0,0.32885238937210975
39627847622460763,0.0,0.08,0.92,0.0,0.2010895951011364
39627853662260066,0.0,0.81,0.19,0.0,0.3507357299419487
39627835542867742,0.0,0.67,0.33,0.0,0.4574631863898637
39627823484243518,0.0,0.68,0.32,0.0,0.45219072886224687
39627841595247058,0.0,0.08,0.92,0.0,0.2010895951011364
39627865746049141,0.0,0.16,0.84,0.0,0.3171547773202831
39627823484243537,0.0,0.27,0.73,0.0,0.42073231810408784
39627865758632549,0.0,0.26,0.74,0.0,0.4133731862463089
39627817436056917,0.0,0.83,0.17,0.0,0.32885238937210975
39627835572225855,0.0,0.07,0.93,0.0,0.18296182545011158
39627817452835490,0.0,0.94,0.06,0.0,0.16372245957723813
39627835538673802,0.0,0.56,0.44,0.0,0.4947937606110278
39627829511455431,0.0,0.0,0.99,0.01,0.04039656794795559
39627835538673908,0.0,0.91,0.09,0.0,0.21823490853205144
39627835542865228,0.0,0.51,0.49,0.0,0.49985572087640495
39627841591050936,0.0,0.51,0.49,0.0,0.49985572087640495
39627859723029208,0.0,0.15,0.85,0.0,0.3049201523582002
39627853670649163,0.0,0.43,0.57,0.0,0.4929075185894599
39627859723029352,0.0,0.73,0.27,0.0,0.42073231810408784
39627835563835550,0.0,0.76,0.24,0.0,0.39752013969226113
39627817440252654,0.0,0.52,0.48,0.0,0.4994227679976009
39627871781655602,0.0,0.52,0.48,0.0,0.4994227679976009
39627823480047946,0.0,0.01,0.99,0.0,0.04039656794795559
39627829540819447,0.0,0.9,0.1,0.0,0.2344977967946406
39627841582664090,0.0,0.5,0.5,0.0,0.5
39627829540819345,0.0,0.9,0.1,0.0,0.2344977967946406
39627823484240152,0.0,0.51,0.49,0.0,0.49985572087640495
39627829515653478,0.0,0.18,0.82,0.0,0.34003852286413994
39627865741854711,0.0,0.94,0.06,0.0,0.16372245957723813
39627847639238834,0.0,0.44,0.56,0.0,0.4947937606110278
39627829515650513,0.0,0.34,0.66,0.0,0.46240935248651505
39627853704200687,0.0,0.15,0.85,0.0,0.3049201523582002
39627853670649351,0.0,0.03,0.95,0.02,0.1674722434193448
39627847635044066,0.0,0.07,0.93,0.0,0.18296182545011158
39627853687423184,0.0,0.66,0.34,0.0,0.46240935248651505
39627847626656152,0.0,0.44,0.56,0.0,0.4947937606110278
39627811396255943,0.0,0.89,0.11,0.0,0.249957979082264
39627847639238856,0.0,0.4,0.6,0.0,0.4854752972273343
39627847626655138,0.0,0.55,0.45,0.0,0.49638722699390414
39627847643431654,0.0,0.83,0.17,0.0,0.32885238937210975
39627817431859866,0.0,0.32,0.68,0.0,0.45219072886224687
39627859739806522,0.0,1.0,0.0,0.0,-0.0
39627871790040821,0.0,0.88,0.12,0.0,0.2646804326436822
39627871790040993,0.0,0.72,0.28,0.0,0.4277254052800653
39627841591052588,0.0,0.91,0.09,0.0,0.21823490853205144
39627865767021874,0.0,0.24,0.76,0.0,0.39752013969226113
39627865767022101,0.01,0.97,0.02,0.0,0.11097036642660543
39627853683233996,0.0,0.44,0.56,0.0,0.4947937606110278
39627871790040381,0.0,0.34,0.66,0.0,0.46240935248651505
39627835542867901,0.0,0.97,0.03,0.0,0.0971959289157881
39627859735610083,0.0,0.55,0.45,0.0,0.49638722699390414
39627847630849446,0.0,0.12,0.88,0.0,0.2646804326436822
39627817457029117,0.0,0.34,0.66,0.0,0.46240935248651505
39627817457028852,0.0,0.0,1.0,0.0,-0.0
39627847626655009,0.0,0.12,0.88,0.0,0.2646804326436822
39627811404647876,0.0,0.49,0.51,0.0,0.49985572087640495
39627811404647877,0.0,0.83,0.17,0.0,0.32885238937210975
39627865750244459,0.0,0.56,0.44,0.0,0.4947937606110278
39627817440248577,0.0,0.05,0.95,0.0,0.14319847855797813
39627865762826684,0.0,0.17,0.83,0.0,0.32885238937210975
39627871785848015,0.0,0.09,0.91,0.0,0.21823490853205144
39627817436054450,0.0,0.61,0.39,0.0,0.4823997742525436
39627835542867651,0.0,0.16,0.84,0.0,0.3171547773202831
39627847639238395,0.0,0.02,0.98,0.0,0.07072027127091034
39627865767022377,0.0,0.93,0.07,0.0,0.18296182545011158
39627865758632076,0.0,0.11,0.89,0.0,0.249957979082264
39627829515649795,0.0,0.46,0.54,0.0,0.49768921941011285
39627847622460959,0.0,0.82,0.18,0.0,0.34003852286413994
39627835580614333,0.0,0.01,0.99,0.0,0.04039656794795559
39627871790040541,0.0,0.06,0.94,0.0,0.16372245957723813
39627865758632273,0.0,0.28,0.72,0.0,0.4277254052800653
39627865758632394,0.0,0.88,0.12,0.0,0.2646804326436822
39627871785847865,0.0,0.14,0.86,0.0,0.292119405821428
39627823480047640,0.0,0.02,0.98,0.0,0.07072027127091034
39627865750244248,0.0,0.05,0.95,0.0,0.14319847855797813
39627847622460974,0.0,0.94,0.06,0.0,0.16372245957723813
39627853683229930,0.0,0.81,0.19,0.0,0.3507357299419487
39627865758631582,0.0,0.06,0.93,0.01,0.20367037270049304
39627865758631634,0.0,0.1,0.9,0.0,0.2344977967946406
39627835580614369,0.0,0.0,1.0,0.0,-0.0
39627829536620960,0.0,0.59,0.41,0.0,0.488250234378912
39627835559641548,0.0,0.68,0.32,0.0,0.45219072886224687
39627835559641556,0.0,0.03,0.97,0.0,0.0971959289157881
39627823505214017,0.0,0.0,0.76,0.24,0.39752013969226113
39627823505214001,0.0,0.01,0.99,0.0,0.04039656794795559
39627859710444954,0.0,0.13,0.87,0.0,0.2787190925139945
39627853687426570,0.0,0.27,0.73,0.0,0.42073231810408784
39627823505214273,0.0,0.81,0.19,0.0,0.3507357299419487
39627835568030435,0.0,0.8,0.2,0.0,0.36096404744368116
39627805369041320,0.0,0.76,0.24,0.0,0.39752013969226113
39627853666454263,0.0,0.94,0.06,0.0,0.16372245957723813
39627853687426645,0.0,0.39,0.61,0.0,0.4823997742525436
39627805369041488,0.0,0.0,1.0,0.0,-0.0
39627853687427082,0.0,0.01,0.99,0.0,0.04039656794795559
39627859727224276,0.0,0.2,0.8,0.0,0.36096404744368116
39627829545012830,0.0,0.68,0.32,0.0,0.45219072886224687
39627811400450368,0.0,0.04,0.96,0.0,0.12114609454120741
39627829536620940,0.0,0.66,0.34,0.0,0.46240935248651505
39627859727224247,0.0,0.68,0.32,0.0,0.45219072886224687
39627829536620599,0.0,0.9,0.1,0.0,0.2344977967946406
39627829528232594,0.0,0.1,0.9,0.0,0.2344977967946406
39627847626656157,0.0,0.82,0.18,0.0,0.34003852286413994
39627817452833814,0.01,0.99,0.0,0.0,0.04039656794795559
39627841578472413,0.0,0.84,0.16,0.0,0.3171547773202831
39627835580614510,0.0,0.13,0.87,0.0,0.2787190925139945
39627829536620688,0.0,0.0,0.96,0.04,0.12114609454120741
39627841578472526,0.0,0.77,0.23,0.0,0.38900565177326885
39627841578472566,0.0,0.54,0.46,0.0,0.49768921941011285
39627829536620718,0.0,0.29,0.71,0.0,0.43436062316970225
39627835559641529,0.0,0.99,0.01,0.0,0.04039656794795559
39627835559645960,0.0,0.01,0.99,0.0,0.04039656794795559
39627829536620731,0.0,0.36,0.64,0.0,0.4713415946277461
39627865750244253,0.0,0.67,0.33,0.0,0.4574631863898637
39627829524039007,0.0,0.4,0.6,0.0,0.4854752972273343
39627811408839589,0.0,0.71,0.29,0.0,0.43436062316970225
39627823480047228,0.0,0.38,0.62,0.0,0.47902101111314976
39627811413035382,0.0,0.65,0.35,0.0,0.4670340276877455
39627859710444862,0.0,0.43,0.57,0.0,0.4929075185894599
39627853691620300,0.0,0.46,0.54,0.0,0.49768921941011285
39627835547060371,0.0,0.0,0.94,0.06,0.16372245957723813
39627835547060516,0.0,0.03,0.92,0.05,0.239266955218135
39627817440248375,0.0,0.0,0.99,0.01,0.04039656794795559
39627859714642066,0.0,0.12,0.88,0.0,0.2646804326436822
39627835568035608,0.0,0.17,0.83,0.0,0.32885238937210975
39627841591054232,0.0,0.08,0.92,0.0,0.2010895951011364
39627859739805436,0.0,0.05,0.95,0.0,0.14319847855797813
39627859739805534,0.0,0.12,0.88,0.0,0.2646804326436822
39627853700006068,0.0,0.86,0.14,0.0,0.292119405821428
39627835538673783,0.0,0.08,0.92,0.0,0.2010895951011364
39627865746049082,0.0,0.06,0.94,0.0,0.16372245957723813
39627859714641612,0.0,0.46,0.54,0.0,0.49768921941011285
39627841599440488,0.0,0.8,0.2,0.0,0.36096404744368116
39627865746049054,0.0,0.31,0.69,0.0,0.4465867291889284
39627859714642040,0.0,0.32,0.68,0.0,0.45219072886224687
39627829540819374,0.0,0.11,0.89,0.0,0.249957979082264
39627841591050479,0.0,0.35,0.65,0.0,0.4670340276877455
39627877817256356,0.0,0.51,0.49,0.0,0.49985572087640495
39627871790040457,0.0,0.0,0.9,0.1,0.2344977967946406
39627829524038657,0.0,0.82,0.18,0.0,0.34003852286413994
39627871790040306,0.0,0.11,0.89,0.0,0.249957979082264
39627853700010646,0.0,0.57,0.43,0.0,0.4929075185894599
39627871790040180,0.0,0.01,0.99,0.0,0.04039656794795559
39627871790040150,0.0,0.95,0.05,0.0,0.14319847855797813
39627847660212223,0.0,0.44,0.56,0.0,0.4947937606110278
39627847664407108,0.0,0.49,0.51,0.0,0.49985572087640495
39627835563839303,0.0,0.0,1.0,0.0,-0.0
39627853700009315,0.0,0.9,0.1,0.0,0.2344977967946406
39627823471660634,0.0,0.21,0.79,0.0,0.37074136996563684
39627823467463488,0.0,0.93,0.07,0.0,0.18296182545011158
39627811392063391,0.0,0.98,0.02,0.0,0.07072027127091034
39627823471660461,0.0,0.02,0.97,0.01,0.11097036642660543
39627865746047992,0.0,0.96,0.04,0.0,0.12114609454120741
39627829540817487,0.0,0.03,0.97,0.0,0.0971959289157881
39627811392066632,0.0,1.0,0.0,0.0,-0.0
39627829540816902,0.01,0.98,0.01,0.0,0.08072027127091033
39627829540816746,0.0,0.67,0.33,0.0,0.4574631863898637
39627829540816165,0.0,0.26,0.74,0.0,0.4133731862463089
39627829540816013,0.0,0.13,0.87,0.0,0.2787190925139945
39627835572225670,0.0,0.0,1.0,0.0,-0.0
39627835572228704,0.0,0.3,0.7,0.0,0.44064544961534635
39627847647630547,0.0,0.09,0.91,0.0,0.21823490853205144
39627829540816020,0.0,0.35,0.65,0.0,0.4670340276877455
39627859727223611,0.0,0.11,0.89,0.0,0.249957979082264
39627823471659299,0.0,0.98,0.02,0.0,0.07072027127091034
39627835559641616,0.0,0.03,0.97,0.0,0.0971959289157881
39627823501018336,0.0,0.85,0.15,0.0,0.3049201523582002
39627817448639797,0.0,0.41,0.59,0.0,0.488250234378912
39627817448639589,0.0,0.17,0.83,0.0,0.32885238937210975
39627817448639751,0.0,0.35,0.65,0.0,0.4670340276877455
39627847651819814,0.0,0.88,0.12,0.0,0.2646804326436822
39627853670649427,0.0,0.02,0.98,0.0,0.07072027127091034
39627841620411580,0.0,0.54,0.46,0.0,0.49768921941011285
39627835572227076,0.0,0.21,0.79,0.0,0.37074136996563684
39627823475853986,0.0,0.81,0.19,0.0,0.3507357299419487
39627823471658764,0.0,0.08,0.84,0.08,0.39715477732028304
39627823496827149,0.0,0.05,0.95,0.0,0.14319847855797813
39627847660211464,0.0,0.0,0.97,0.03,0.0971959289157881
39627829540815827,0.0,0.16,0.84,0.0,0.3171547773202831
39627829519844987,0.0,0.62,0.38,0.0,0.47902101111314976
39627829540815881,0.0,0.83,0.17,0.0,0.32885238937210975
39627823488438368,0.0,0.73,0.27,0.0,0.42073231810408784
39627835580614235,0.0,0.15,0.85,0.0,0.3049201523582002
39627823488438184,0.0,0.11,0.89,0.0,0.249957979082264
39627823488438108,0.0,0.02,0.98,0.0,0.07072027127091034
39627823467463525,0.0,0.13,0.87,0.0,0.2787190925139945
39627859718836634,0.0,0.25,0.75,0.0,0.4056390622295664
39627811413036977,0.0,0.14,0.86,0.0,0.292119405821428
39627829507260983,0.0,0.01,0.99,0.0,0.04039656794795559
39627853695813421,0.0,0.0,1.0,0.0,-0.0
39627829532428702,0.0,0.42,0.58,0.0,0.49072694751682683
39627853683233780,0.0,0.59,0.41,0.0,0.488250234378912
39627859739804576,0.0,0.14,0.86,0.0,0.292119405821428
39627829511456404,0.0,0.32,0.68,0.0,0.45219072886224687
39627859739804560,0.0,0.69,0.31,0.0,0.4465867291889284
39627847635046201,0.0,0.21,0.79,0.0,0.37074136996563684
39627841586858229,0.0,0.94,0.06,0.0,0.16372245957723813
39627823475853344,0.0,0.35,0.65,0.0,0.4670340276877455
39627859706253239,0.0,0.41,0.59,0.0,0.488250234378912
39627829511458596,0.0,0.0,0.99,0.01,0.04039656794795559
39627823475852134,0.0,0.98,0.02,0.0,0.07072027127091034
39627811413034082,0.0,0.0,0.98,0.02,0.07072027127091034
39627811413034069,0.0,0.0,0.96,0.04,0.12114609454120741
39627859714638576,0.0,0.54,0.46,0.0,0.49768921941011285
39627817431861683,0.0,0.03,0.97,0.0,0.0971959289157881
39627841578472354,0.0,0.76,0.24,0.0,0.39752013969226113
39627829511460137,0.0,0.86,0.14,0.0,0.292119405821428
39627823475852195,0.0,0.82,0.18,0.0,0.34003852286413994
39627847647631074,0.0,0.93,0.07,0.0,0.18296182545011158
39627823488437767,0.0,0.11,0.89,0.0,0.249957979082264
39627835572226324,0.0,0.73,0.27,0.0,0.42073231810408784
39627847660208882,0.0,0.86,0.14,0.0,0.292119405821428
39627841624607121,0.0,0.41,0.59,0.0,0.488250234378912
39627829511459912,0.0,0.59,0.41,0.0,0.488250234378912
39627829511455620,0.0,0.16,0.84,0.0,0.3171547773202831
39627841591051238,0.0,1.0,0.0,0.0,-0.0
39627829519843480,0.0,0.17,0.83,0.0,0.32885238937210975
39627829519843584,0.0,0.4,0.6,0.0,0.4854752972273343
39627823492631073,0.0,0.25,0.75,0.0,0.4056390622295664
39627823492631158,0.0,0.05,0.95,0.0,0.14319847855797813
39627829507261277,0.0,0.13,0.87,0.0,0.2787190925139945
39627853691620149,0.0,0.35,0.65,0.0,0.4670340276877455
39627829511455437,0.0,0.23,0.77,0.0,0.38900565177326885
39627829540816491,0.0,0.02,0.98,0.0,0.07072027127091034
39627823492631271,0.0,0.74,0.26,0.0,0.4133731862463089
39627823488438338,0.0,0.75,0.25,0.0,0.4056390622295664
39627823488438516,0.0,0.81,0.19,0.0,0.3507357299419487
39627817448637044,0.0,0.51,0.49,0.0,0.49985572087640495
39627817448638945,0.0,0.29,0.71,0.0,0.43436062316970225
39627865746047584,0.0,0.37,0.63,0.0,0.47533604634353294
39627817448639831,0.0,0.04,0.96,0.0,0.12114609454120741
39627817448639868,0.0,0.86,0.14,0.0,0.292119405821428
39627817448639983,0.0,1.0,0.0,0.0,-0.0
39627829511457484,0.0,0.0,1.0,0.0,-0.0
39627865746047398,0.0,0.17,0.83,0.0,0.32885238937210975
39627829511455786,0.0,0.26,0.74,0.0,0.4133731862463089
39627829528237141,0.0,0.65,0.35,0.0,0.4670340276877455
39627841578472250,0.0,0.45,0.55,0.0,0.49638722699390414
39627829532426764,0.0,0.46,0.54,0.0,0.49768921941011285
39627865746047903,0.0,0.09,0.91,0.0,0.21823490853205144
39627829532428545,0.0,0.78,0.22,0.0,0.38008375148098283
39627829545011148,0.0,0.71,0.29,0.0,0.43436062316970225
39627829528236465,0.0,0.95,0.05,0.0,0.14319847855797813
39627829511458022,0.0,0.26,0.74,0.0,0.4133731862463089
39627817436054509,0.0,0.13,0.86,0.01,0.31810566868628926
39627823488437911,0.0,0.15,0.85,0.0,0.3049201523582002
39627847656016111,0.0,0.39,0.61,0.0,0.4823997742525436
39627817436055096,0.0,0.79,0.21,0.0,0.37074136996563684
39627823467463044,0.0,0.02,0.98,0.0,0.07072027127091034
39627829511460139,0.0,0.02,0.96,0.02,0.14114609454120738
39627865741857185,0.0,1.0,0.0,0.0,-0.0
39627823501018013,0.0,0.02,0.98,0.0,0.07072027127091034
39627829540816677,0.0,0.65,0.35,0.0,0.4670340276877455
39627829511455653,0.0,0.12,0.88,0.0,0.2646804326436822
39627865746047307,0.0,0.72,0.28,0.0,0.4277254052800653
39627829511457042,0.0,0.9,0.1,0.0,0.2344977967946406
39627859723029621,0.0,0.63,0.37,0.0,0.47533604634353294
39627835580613900,0.0,0.43,0.57,0.0,0.4929075185894599
39627841591054583,0.0,0.13,0.87,0.0,0.2787190925139945
39627847656015159,0.0,0.99,0.01,0.0,0.04039656794795559
39627811413033616,0.0,0.41,0.59,0.0,0.488250234378912
39627829532428783,0.0,0.45,0.55,0.0,0.49638722699390414
39627823488438621,0.0,0.79,0.21,0.0,0.37074136996563684
39627835559644586,0.0,0.65,0.35,0.0,0.4670340276877455
39627853695811735,0.0,0.01,0.92,0.07,0.22283217282912027
39627823496826849,0.0,0.91,0.09,0.0,0.21823490853205144
39627847660209637,0.0,0.07,0.92,0.01,0.22283217282912027
39627823496826819,0.0,0.04,0.96,0.0,0.12114609454120741
39627823496827010,0.0,0.13,0.87,0.0,0.2787190925139945
39627823496827019,0.0,0.1,0.9,0.0,0.2344977967946406
39627823488434319,0.0,0.07,0.93,0.0,0.18296182545011158
39627823496826874,0.01,0.88,0.11,0.0,0.28950944366190023
39627829511457393,0.0,0.51,0.49,0.0,0.49985572087640495
39627859727220848,0.0,0.42,0.58,0.0,0.49072694751682683
39627823475853987,0.0,0.25,0.75,0.0,0.4056390622295664
39627823475853652,0.0,0.88,0.12,0.0,0.2646804326436822
39627823471660956,0.0,0.48,0.52,0.0,0.4994227679976009
39627859714639477,0.0,0.0,0.99,0.01,0.04039656794795559
39627835572227118,0.0,0.57,0.43,0.0,0.4929075185894599
39627823471660527,0.0,0.0,0.99,0.01,0.04039656794795559
39627823471659335,0.0,0.0,0.97,0.03,0.0971959289157881
39627823471660798,0.0,0.54,0.46,0.0,0.49768921941011285
39627823496827107,0.0,0.12,0.88,0.0,0.2646804326436822
39627823471660388,0.0,0.99,0.01,0.0,0.04039656794795559
39627823496827853,0.0,0.01,0.92,0.07,0.22283217282912027
39627835580614024,0.0,0.0,0.96,0.04,0.12114609454120741
39627823480047662,0.02,0.98,0.0,0.0,0.07072027127091034
39627811396256148,0.0,0.71,0.29,0.0,0.43436062316970225
39627823463271998,0.0,0.24,0.76,0.0,0.39752013969226113
39627835580614322,0.0,0.07,0.93,0.0,0.18296182545011158
39627841595250512,0.0,0.0,0.83,0.17,0.32885238937210975
39627811413036361,0.0,0.0,0.99,0.01,0.04039656794795559
39627823496823486,0.0,0.74,0.26,0.0,0.4133731862463089
39627853700009053,0.0,0.09,0.9,0.01,0.2579475764741046
39627847656018671,0.0,0.03,0.96,0.01,0.13737165703039006
39627823492629699,0.0,0.48,0.52,0.0,0.4994227679976009
39627847660208795,0.0,0.86,0.14,0.0,0.292119405821428
39627847660208865,0.0,0.42,0.58,0.0,0.49072694751682683
39627841620411994,0.0,0.13,0.87,0.0,0.2787190925139945
39627829545009455,0.0,0.0,0.93,0.07,0.18296182545011158
39627853691619136,0.0,0.0,1.0,0.0,-0.0
39627847656016039,0.0,0.04,0.95,0.01,0.16124668093016215
39627847647631163,0.0,0.38,0.62,0.0,0.47902101111314976
39627847647631190,0.0,0.07,0.93,0.0,0.18296182545011158
39627853704203917,0.0,0.37,0.63,0.0,0.47533604634353294
39627841591054560,0.0,0.28,0.72,0.0,0.4277254052800653
39627853679036506,0.0,0.02,0.97,0.01,0.11097036642660543
39627829511460738,0.0,0.51,0.49,0.0,0.49985572087640495
39627841595250277,0.0,0.88,0.12,0.0,0.2646804326436822
39627853695813168,0.0,0.15,0.85,0.0,0.3049201523582002
39627877821449947,0.0,0.55,0.45,0.0,0.49638722699390414
39627853704204077,0.0,1.0,0.0,0.0,-0.0
39627841624606954,0.0,0.07,0.93,0.0,0.18296182545011158
39627823501019701,0.0,0.03,0.97,0.0,0.0971959289157881
39627823501019607,0.0,0.67,0.33,0.0,0.4574631863898637
39627847656014607,0.0,0.96,0.04,0.0,0.12114609454120741
39627847618267919,0.0,0.76,0.24,0.0,0.39752013969226113
39627853683228821,0.0,0.23,0.77,0.0,0.38900565177326885
39627853683228845,0.0,0.07,0.93,0.0,0.18296182545011158
39627853679039203,0.0,0.0,1.0,0.0,-0.0
39627853679039278,0.0,0.78,0.22,0.0,0.38008375148098283
39627853679039240,0.0,0.51,0.49,0.0,0.49985572087640495
39627841612021936,0.0,0.25,0.75,0.0,0.4056390622295664
39627853679038033,0.0,1.0,0.0,0.0,-0.0
39627847635043105,0.0,0.01,0.97,0.02,0.11097036642660543
39627835547060466,0.0,0.94,0.06,0.0,0.16372245957723813
39627865762828561,0.0,0.12,0.88,0.0,0.2646804326436822
39627859710445606,0.0,0.63,0.37,0.0,0.47533604634353294
39627853674843477,0.0,0.38,0.62,0.0,0.47902101111314976
39627811396256975,0.0,0.08,0.92,0.0,0.2010895951011364
39627859723029593,0.0,0.63,0.37,0.0,0.47533604634353294
39627853679038427,0.0,1.0,0.0,0.0,-0.0
39627853679038955,0.0,0.2,0.8,0.0,0.36096404744368116
39627847618269816,0.0,1.0,0.0,0.0,-0.0
39627859727225200,0.0,0.07,0.93,0.0,0.18296182545011158
39627859727225231,0.0,0.97,0.03,0.0,0.0971959289157881
39627811392065046,0.0,0.89,0.11,0.0,0.249957979082264
39627811392064960,0.0,0.15,0.85,0.0,0.3049201523582002
39627811392064930,0.0,0.83,0.17,0.0,0.32885238937210975
39627817427667108,0.0,0.77,0.23,0.0,0.38900565177326885
39627847622460313,0.0,0.0,1.0,0.0,-0.0
39627841591051352,0.0,0.91,0.09,0.0,0.21823490853205144
39627835576419742,0.0,0.22,0.78,0.0,0.38008375148098283
39627811417231175,0.0,0.33,0.67,0.0,0.4574631863898637
39627847622460518,0.0,0.4,0.6,0.0,0.4854752972273343
39627811417231288,0.0,0.91,0.09,0.0,0.21823490853205144
39627859710446192,0.0,0.37,0.63,0.0,0.47533604634353294
39627811413036396,0.0,0.29,0.71,0.0,0.43436062316970225
39627805352268472,0.0,0.45,0.55,0.0,0.49638722699390414
39627805360657579,0.0,0.39,0.61,0.0,0.4823997742525436
39627835576420637,0.0,0.0,0.95,0.05,0.14319847855797813
39627859727224871,0.0,0.23,0.77,0.0,0.38900565177326885
39627829507265100,0.0,0.11,0.89,0.0,0.249957979082264
39627823492633726,0.0,0.62,0.38,0.0,0.47902101111314976
39627847647630352,0.0,1.0,0.0,0.0,-0.0
39627865775407740,0.0,0.0,0.93,0.07,0.18296182545011158
39627835559642316,0.0,0.88,0.12,0.0,0.2646804326436822
39627835555449075,0.0,0.69,0.31,0.0,0.4465867291889284
39627859727225284,0.0,0.31,0.69,0.0,0.4465867291889284
39627835559642596,0.0,0.35,0.65,0.0,0.4670340276877455
39627859727225339,0.0,0.29,0.71,0.0,0.43436062316970225
39627853687424754,0.0,0.84,0.16,0.0,0.3171547773202831
39627835576420361,0.0,1.0,0.0,0.0,-0.0
39627835542864936,0.0,0.02,0.98,0.0,0.07072027127091034
39627823492633778,0.0,0.85,0.15,0.0,0.3049201523582002
39627817440250550,0.0,0.59,0.41,0.0,0.488250234378912
39627853674843240,0.0,0.25,0.75,0.0,0.4056390622295664
39627811400451504,0.0,0.3,0.7,0.0,0.44064544961534635
39627835538673163,0.0,0.86,0.14,0.0,0.292119405821428
39627817440250193,0.0,0.22,0.78,0.0,0.38008375148098283
39627817440250176,0.01,0.93,0.06,0.0,0.20367037270049304
39627823484244696,0.0,0.43,0.57,0.0,0.4929075185894599
39627835576422274,0.0,0.37,0.63,0.0,0.47533604634353294
39627853674843204,0.0,0.02,0.98,0.0,0.07072027127091034
39627817440250441,0.0,0.3,0.7,0.0,0.44064544961534635
39627823492632875,0.0,0.06,0.94,0.0,0.16372245957723813
39627817436058465,0.0,0.04,0.96,0.0,0.12114609454120741
39627835576420677,0.0,0.28,0.72,0.0,0.4277254052800653
39627865767018828,0.0,0.12,0.88,0.0,0.2646804326436822
39627865771216602,0.0,0.17,0.83,0.0,0.32885238937210975
39627865767018643,0.0,0.78,0.22,0.0,0.38008375148098283
39627817427669601,0.0,0.51,0.49,0.0,0.49985572087640495
39627859710445802,0.0,0.04,0.96,0.0,0.12114609454120741
39627865767018621,0.0,0.06,0.94,0.0,0.16372245957723813
39627841620411222,0.0,0.45,0.55,0.0,0.49638722699390414
39627823492633060,0.0,0.25,0.75,0.0,0.4056390622295664
39627829528233030,0.0,0.9,0.1,0.0,0.2344977967946406
39627865762829116,0.0,0.02,0.96,0.02,0.14114609454120738
39627835547063655,0.0,0.01,0.98,0.01,0.08072027127091033
39627847622460414,0.0,0.75,0.25,0.0,0.4056390622295664
39627859723030067,0.0,0.49,0.51,0.0,0.49985572087640495
39627823492633178,0.0,0.0,0.81,0.19,0.3507357299419487
39627811396260368,0.0,0.98,0.02,0.0,0.07072027127091034
39627823492632876,0.0,0.02,0.97,0.01,0.11097036642660543
39627841620411275,0.0,1.0,0.0,0.0,-0.0
39627817427666754,0.0,0.56,0.44,0.0,0.4947937606110278
39627859727225601,0.0,0.1,0.9,0.0,0.2344977967946406
39627829528234294,0.0,0.99,0.01,0.0,0.04039656794795559
39627865746050540,0.0,0.13,0.87,0.0,0.2787190925139945
39627817427666714,0.0,0.23,0.77,0.0,0.38900565177326885
39627859727224839,0.0,0.31,0.69,0.0,0.4465867291889284
39627853700008207,0.0,0.36,0.64,0.0,0.4713415946277461
39627811408843064,0.0,0.88,0.12,0.0,0.2646804326436822
39627871806816508,0.0,0.8,0.2,0.0,0.36096404744368116
39627865771214987,0.0,0.41,0.59,0.0,0.488250234378912
39627841607829409,0.0,0.46,0.54,0.0,0.49768921941011285
39627871806816649,0.0,0.0,0.93,0.07,0.18296182545011158
39627811404644476,0.0,0.58,0.42,0.0,0.49072694751682683
39627823480048904,0.0,0.01,0.98,0.01,0.08072027127091033
39627811396260303,0.0,0.01,0.97,0.02,0.11097036642660543
39627853704200845,0.0,0.03,0.96,0.01,0.13737165703039006
39627817440251372,0.0,0.51,0.49,0.0,0.49985572087640495
39627859710443942,0.0,0.47,0.53,0.0,0.4987007942838698
39627823505213928,0.0,1.0,0.0,0.0,-0.0
39627853687425877,0.0,0.09,0.91,0.0,0.21823490853205144
39627847618268182,0.0,0.83,0.17,0.0,0.32885238937210975
39627847618268355,0.0,0.92,0.08,0.0,0.2010895951011364
39627871785845382,0.0,0.2,0.8,0.0,0.36096404744368116
39627853687425789,0.0,0.13,0.87,0.0,0.2787190925139945
39627847618268110,0.0,0.97,0.03,0.0,0.0971959289157881
39627811400452188,0.0,0.01,0.97,0.02,0.11097036642660543
39627817427666999,0.0,0.1,0.9,0.0,0.2344977967946406
39627805364847943,0.0,0.0,0.72,0.28,0.4277254052800653
39627817452836098,0.0,0.17,0.83,0.0,0.32885238937210975
39627847618268085,0.0,0.86,0.14,0.0,0.292119405821428
39627835551257164,0.0,0.16,0.84,0.0,0.3171547773202831
39627811392065436,0.0,0.64,0.36,0.0,0.4713415946277461
39627853674840172,0.0,0.02,0.98,0.0,0.07072027127091034
39627847618268077,0.0,0.48,0.52,0.0,0.4994227679976009
39627805364851986,0.0,0.01,0.97,0.02,0.11097036642660543
39627871777457912,0.0,0.94,0.06,0.0,0.16372245957723813
39627859735613832,0.0,0.28,0.72,0.0,0.4277254052800653
39627835555447396,0.0,0.1,0.9,0.0,0.2344977967946406
39627853687427790,0.0,0.31,0.69,0.0,0.4465867291889284
39627829503066993,0.0,0.01,0.98,0.01,0.08072027127091033
39627853666455407,0.0,0.42,0.58,0.0,0.49072694751682683
39627805364847920,0.0,0.0,0.96,0.04,0.12114609454120741
39627841591051385,0.0,0.61,0.39,0.0,0.4823997742525436
39627853666455274,0.0,0.23,0.77,0.0,0.38900565177326885
39627853666455254,0.0,0.96,0.04,0.0,0.12114609454120741
39627853687427654,0.0,0.76,0.24,0.0,0.39752013969226113
39627829545009999,0.0,1.0,0.0,0.0,-0.0
39627829545010202,0.0,0.71,0.29,0.0,0.43436062316970225
39627829545010317,0.0,0.72,0.28,0.0,0.4277254052800653
39627835551257611,0.0,0.05,0.95,0.0,0.14319847855797813
39627853687427818,0.0,0.62,0.38,0.0,0.47902101111314976
39627865750243375,0.0,0.74,0.26,0.0,0.4133731862463089
39627817461221079,0.0,0.27,0.73,0.0,0.42073231810408784
39627829545009383,0.0,0.0,0.97,0.03,0.0971959289157881
39627817461221680,0.0,0.13,0.87,0.0,0.2787190925139945
39627817452835674,0.0,0.13,0.87,0.0,0.2787190925139945
39627817452835809,0.0,0.32,0.68,0.0,0.45219072886224687
39627817461221938,0.0,0.0,0.77,0.23,0.38900565177326885
39627817452835838,0.0,0.36,0.64,0.0,0.4713415946277461
39627835542869113,0.0,0.0,1.0,0.0,-0.0
39627859735613884,0.0,1.0,0.0,0.0,-0.0
39627847626658841,0.0,0.39,0.61,0.0,0.4823997742525436
39627865762828266,0.0,0.35,0.65,0.0,0.4670340276877455
39627817461221645,0.0,0.07,0.93,0.0,0.18296182545011158
39627853700009459,0.0,0.94,0.06,0.0,0.16372245957723813
39627853687428103,0.0,0.39,0.61,0.0,0.4823997742525436
39627817461220461,0.0,0.18,0.82,0.0,0.34003852286413994
39627835542869239,0.0,0.21,0.79,0.0,0.37074136996563684
39627817461220647,0.0,0.99,0.01,0.0,0.04039656794795559
39627853666454009,0.0,0.09,0.91,0.0,0.21823490853205144
39627817452835681,0.0,0.26,0.74,0.0,0.4133731862463089
39627823480049004,0.0,0.05,0.93,0.02,0.21317104534994366
39627847660208353,0.0,0.56,0.44,0.0,0.4947937606110278
39627811421423296,0.0,0.72,0.28,0.0,0.4277254052800653
39627853687426807,0.0,0.42,0.58,0.0,0.49072694751682683
39627853687426599,0.0,0.17,0.83,0.0,0.32885238937210975
39627835563840363,0.0,0.44,0.56,0.0,0.4947937606110278
39627811421423032,0.0,0.55,0.45,0.0,0.49638722699390414
39627859731416631,0.0,0.02,0.98,0.0,0.07072027127091034
39627853666453994,0.0,0.61,0.39,0.0,0.4823997742525436
39627859735611245,0.0,0.21,0.79,0.0,0.37074136996563684
39627853691618506,0.0,0.19,0.81,0.0,0.3507357299419487
39627835576422303,0.0,0.04,0.96,0.0,0.12114609454120741
39627823484243139,0.0,0.16,0.84,0.0,0.3171547773202831
39627865767021813,0.0,0.05,0.93,0.02,0.21317104534994366
39627835584810730,0.0,0.07,0.92,0.01,0.22283217282912027
39627835572225978,0.0,0.61,0.39,0.0,0.4823997742525436
39627823484242731,0.0,0.37,0.63,0.0,0.47533604634353294
39627823480049195,0.0,0.63,0.37,0.0,0.47533604634353294
39627865762828847,0.0,0.06,0.94,0.0,0.16372245957723813
39627865741856227,0.0,0.49,0.51,0.0,0.49985572087640495
39627865767019985,0.0,0.89,0.11,0.0,0.249957979082264
39627823480048528,0.0,0.71,0.29,0.0,0.43436062316970225
39627865741854156,0.0,0.23,0.77,0.0,0.38900565177326885
39627865767020132,0.0,0.87,0.13,0.0,0.2787190925139945
39627811408842930,0.0,0.26,0.74,0.0,0.4133731862463089
39627865767020314,0.0,0.03,0.97,0.0,0.0971959289157881
39627811408843084,0.0,0.34,0.66,0.0,0.46240935248651505
39627865741854748,0.0,0.47,0.53,0.0,0.4987007942838698
39627865741854691,0.06,0.94,0.0,0.0,0.16372245957723813
39627859735611195,0.0,0.09,0.9,0.01,0.2579475764741046
39627865767020486,0.0,0.63,0.37,0.0,0.47533604634353294
39627829536622599,0.0,0.0,1.0,0.0,-0.0
39627823484240755,0.0,1.0,0.0,0.0,-0.0
39627823484240770,0.0,0.59,0.41,0.0,0.488250234378912
39627841620411646,0.0,0.69,0.31,0.0,0.4465867291889284
39627835572225254,0.0,0.98,0.02,0.0,0.07072027127091034
39627841620411605,0.0,0.11,0.89,0.0,0.249957979082264
39627865762829087,0.0,0.17,0.83,0.0,0.32885238937210975
39627835584811123,0.0,0.74,0.26,0.0,0.4133731862463089
39627811408841118,0.0,0.66,0.34,0.0,0.46240935248651505
39627811408841127,0.0,0.03,0.97,0.0,0.0971959289157881
39627835584811198,0.0,0.38,0.62,0.0,0.47902101111314976
39627853687427352,0.0,0.04,0.94,0.02,0.19127133459887283
39627829507263090,0.0,0.79,0.21,0.0,0.37074136996563684
39627859727224806,0.0,0.05,0.95,0.0,0.14319847855797813
39627859727224758,0.0,0.79,0.21,0.0,0.37074136996563684
39627865771216047,0.0,0.04,0.96,0.0,0.12114609454120741
39627829515650755,0.0,0.56,0.44,0.0,0.4947937606110278
39627811404645387,0.0,0.32,0.68,0.0,0.45219072886224687
39627865771216382,0.0,0.13,0.87,0.0,0.2787190925139945
39627811404644839,0.06,0.92,0.02,0.0,0.2335407200795017
39627811404644807,0.0,0.06,0.94,0.0,0.16372245957723813
39627829524042385,0.0,0.77,0.23,0.0,0.38900565177326885
39627829528233877,0.0,0.38,0.62,0.0,0.47902101111314976
39627865771216441,0.0,0.45,0.55,0.0,0.49638722699390414
39627859727225077,0.0,0.06,0.94,0.0,0.16372245957723813
39627847635044714,0.0,0.67,0.33,0.0,0.4574631863898637
39627859731415217,0.0,0.13,0.87,0.0,0.2787190925139945
39627859727226572,0.0,0.21,0.79,0.0,0.37074136996563684
39627835542863947,0.0,0.66,0.34,0.0,0.46240935248651505
39627847660211277,0.0,0.96,0.04,0.0,0.12114609454120741
39627871785847827,0.0,0.67,0.33,0.0,0.4574631863898637
39627841582664106,0.0,0.23,0.77,0.0,0.38900565177326885
39627835538673164,0.0,0.37,0.63,0.0,0.47533604634353294
39627841582664221,0.0,0.37,0.63,0.0,0.47533604634353294
39627841582664301,0.0,0.69,0.31,0.0,0.4465867291889284
39627841582664314,0.0,0.54,0.46,0.0,0.49768921941011285
39627841582664076,0.0,0.06,0.93,0.01,0.20367037270049304
39627835542864213,0.0,0.99,0.01,0.0,0.04039656794795559
39627829524042093,0.0,0.8,0.2,0.0,0.36096404744368116
39627829545012263,0.0,0.16,0.84,0.0,0.3171547773202831
39627841586861368,0.0,0.85,0.15,0.0,0.3049201523582002
39627829545009311,0.0,0.96,0.04,0.0,0.12114609454120741
39627829540819876,0.0,0.1,0.9,0.0,0.2344977967946406
39627811400454899,0.0,0.02,0.98,0.0,0.07072027127091034
39627811400455042,0.0,0.8,0.2,0.0,0.36096404744368116
39627847630853550,0.0,0.03,0.97,0.0,0.0971959289157881
39627871777457798,0.0,0.01,0.95,0.04,0.16124668093016215
39627871777457610,0.0,0.38,0.62,0.0,0.47902101111314976
39627829536621158,0.0,0.03,0.97,0.0,0.0971959289157881
39627871777457589,0.0,0.24,0.76,0.0,0.39752013969226113
39627829536621263,0.0,0.08,0.92,0.0,0.2010895951011364
39627871777457339,0.0,0.17,0.83,0.0,0.32885238937210975
39627829515650644,0.0,0.27,0.73,0.0,0.42073231810408784
39627841586856164,0.0,0.04,0.96,0.0,0.12114609454120741
39627877817256929,0.0,0.85,0.15,0.0,0.3049201523582002
39627877817257221,0.0,0.96,0.04,0.0,0.12114609454120741
39627847622461129,0.0,0.49,0.51,0.0,0.49985572087640495
39627847622461185,0.0,0.47,0.53,0.0,0.4987007942838698
39627847622461205,0.0,0.53,0.47,0.0,0.4987007942838698
39627847622463349,0.0,0.1,0.9,0.0,0.2344977967946406
39627847622463412,0.0,0.87,0.13,0.0,0.2787190925139945
39627847622463529,0.0,0.47,0.53,0.0,0.4987007942838698
39627847622463538,0.0,0.01,0.97,0.02,0.11097036642660543
39627847622463829,0.0,0.59,0.41,0.0,0.488250234378912
39627847626653801,0.0,0.84,0.16,0.0,0.3171547773202831
39627829528237238,0.0,0.04,0.96,0.0,0.12114609454120741
39627877817257455,0.0,0.4,0.6,0.0,0.4854752972273343
39627877817257320,0.0,0.41,0.59,0.0,0.488250234378912
39627847622463561,0.0,0.83,0.17,0.0,0.32885238937210975
39627859735610811,0.0,0.71,0.29,0.0,0.43436062316970225
39627835542864395,0.0,0.5,0.5,0.0,0.5
39627835555447789,0.0,0.02,0.98,0.0,0.07072027127091034
39627835555447780,0.0,0.03,0.96,0.01,0.13737165703039006
39627835555447628,0.0,0.27,0.73,0.0,0.42073231810408784
39627835555447582,0.0,0.19,0.81,0.0,0.3507357299419487
39627835555447572,0.0,0.12,0.87,0.01,0.30414992414989617
39627835555447513,0.0,0.15,0.85,0.0,0.3049201523582002
39627835551256834,0.0,0.87,0.13,0.0,0.2787190925139945
39627835551256601,0.0,0.61,0.39,0.0,0.4823997742525436
39627835551255773,0.0,0.53,0.47,0.0,0.4987007942838698
39627835555447133,0.0,0.07,0.93,0.0,0.18296182545011158
39627871794234348,0.0,0.39,0.61,0.0,0.4823997742525436
39627835576423088,0.0,0.0,1.0,0.0,-0.0
39627805364850478,0.0,0.66,0.34,0.0,0.46240935248651505
39627835563837282,0.0,0.46,0.54,0.0,0.49768921941011285
39627859735610759,0.0,0.12,0.88,0.0,0.2646804326436822
39627853691620777,0.0,0.02,0.95,0.03,0.1674722434193448
39627859735610754,0.0,0.01,0.94,0.05,0.1832231322266888
39627853691620833,0.0,0.07,0.93,0.0,0.18296182545011158
39627835555450625,0.0,0.25,0.75,0.0,0.4056390622295664
39627853691621181,0.0,0.91,0.09,0.0,0.21823490853205144
39627823463272993,0.01,0.98,0.01,0.0,0.08072027127091033
39627859735610376,0.0,0.46,0.54,0.0,0.49768921941011285
39627865771214141,0.0,0.82,0.18,0.0,0.34003852286413994
39627859735610306,0.0,0.99,0.01,0.0,0.04039656794795559
39627835563836505,0.0,0.99,0.01,0.0,0.04039656794795559
39627871785847868,0.0,1.0,0.0,0.0,-0.0
39627871794234270,0.02,0.98,0.0,0.0,0.07072027127091034
39627835547058402,0.0,0.82,0.18,0.0,0.34003852286413994
39627835547058219,0.0,0.93,0.07,0.0,0.18296182545011158
39627835542869219,0.0,0.19,0.81,0.0,0.3507357299419487
39627841582662900,0.0,0.57,0.43,0.0,0.4929075185894599
39627835542869188,0.0,0.04,0.96,0.0,0.12114609454120741
39627847635045913,0.0,0.6,0.4,0.0,0.4854752972273343
39627835547058541,0.0,0.43,0.57,0.0,0.4929075185894599
39627835542867817,0.0,0.05,0.95,0.0,0.14319847855797813
39627835542867537,0.01,0.58,0.41,0.0,0.5248154453536593
39627859731415876,0.0,0.11,0.87,0.02,0.3189789351681142
39627847660210551,0.0,0.01,0.96,0.03,0.13737165703039006
39627835542866632,0.0,0.84,0.16,0.0,0.3171547773202831
39627835542866250,0.02,0.76,0.22,0.0,0.4471781617286972
39627835542867610,0.0,0.09,0.91,0.0,0.21823490853205144
39627871794234237,0.0,0.41,0.59,0.0,0.488250234378912
39627829519847863,0.0,0.1,0.9,0.0,0.2344977967946406
39627871794233389,0.0,0.0,1.0,0.0,-0.0
39627835551252517,0.0,0.0,0.99,0.01,0.04039656794795559
39627871790043557,0.0,0.52,0.48,0.0,0.4994227679976009
39627835547060817,0.0,0.24,0.76,0.0,0.39752013969226113
39627835547060762,0.0,0.33,0.67,0.0,0.4574631863898637
39627835547060664,0.0,0.26,0.74,0.0,0.4133731862463089
39627841582662509,0.0,0.96,0.04,0.0,0.12114609454120741
39627841582662534,0.0,0.03,0.97,0.0,0.0971959289157881
39627835547058557,0.0,0.32,0.68,0.0,0.45219072886224687
39627835547060714,0.0,0.25,0.75,0.0,0.4056390622295664
39627835572227257,0.0,0.63,0.37,0.0,0.47533604634353294
39627853662258276,0.0,0.94,0.06,0.0,0.16372245957723813
39627835584808835,0.0,0.13,0.87,0.0,0.2787190925139945
39627829507265019,0.0,0.91,0.09,0.0,0.21823490853205144
39627817444442954,0.0,0.74,0.26,0.0,0.4133731862463089
39627817444444960,0.0,0.8,0.2,0.0,0.36096404744368116
39627817440252650,0.0,0.0,1.0,0.0,-0.0
39627841595245824,0.0,0.02,0.96,0.02,0.14114609454120738
39627841595245937,0.0,0.46,0.54,0.0,0.49768921941011285
39627817461220336,0.0,0.98,0.02,0.0,0.07072027127091034
39627829507265069,0.0,0.03,0.97,0.0,0.0971959289157881
39627835584807237,0.0,0.13,0.87,0.0,0.2787190925139945
39627859710444687,0.0,0.15,0.85,0.0,0.3049201523582002
39627829507264240,0.0,0.12,0.88,0.0,0.2646804326436822
39627817461219739,0.0,0.32,0.68,0.0,0.45219072886224687
39627865762824815,0.0,0.77,0.23,0.0,0.38900565177326885
39627817444444170,0.0,0.87,0.13,0.0,0.2787190925139945
39627829507265166,0.0,0.74,0.26,0.0,0.4133731862463089
39627859710445382,0.0,0.23,0.77,0.0,0.38900565177326885
39627853674842617,0.0,0.96,0.04,0.0,0.12114609454120741
39627817444446966,0.0,0.93,0.07,0.0,0.18296182545011158
39627853662261123,0.0,0.15,0.85,0.0,0.3049201523582002
39627823496824796,0.0,0.3,0.7,0.0,0.44064544961534635
39627817461220018,0.0,0.68,0.32,0.0,0.45219072886224687
39627829507265079,0.0,0.19,0.81,0.0,0.3507357299419487
39627853674843183,0.0,0.93,0.07,0.0,0.18296182545011158
39627853662261068,0.0,0.94,0.06,0.0,0.16372245957723813
39627853670648372,0.0,0.92,0.08,0.0,0.2010895951011364
39627817440252480,0.0,0.9,0.1,0.0,0.2344977967946406
39627865754436207,0.0,0.38,0.62,0.0,0.47902101111314976
39627817444445948,0.0,0.39,0.61,0.0,0.4823997742525436
39627853662261130,0.0,0.86,0.14,0.0,0.292119405821428
39627817444444623,0.0,0.05,0.95,0.0,0.14319847855797813
39627817448636639,0.0,0.34,0.66,0.0,0.46240935248651505
39627823492632904,0.0,0.23,0.77,0.0,0.38900565177326885
39627835572227349,0.0,0.94,0.06,0.0,0.16372245957723813
39627823488434634,0.0,0.79,0.21,0.0,0.37074136996563684
39627829507265026,0.0,0.18,0.82,0.0,0.34003852286413994
39627823488435703,0.0,0.15,0.85,0.0,0.3049201523582002
39627835576423347,0.0,0.4,0.6,0.0,0.4854752972273343
39627853662258369,0.0,0.42,0.58,0.0,0.49072694751682683
39627835576423315,0.0,0.03,0.97,0.0,0.0971959289157881
39627865746051063,0.0,0.51,0.49,0.0,0.49985572087640495
39627853670646717,0.0,0.59,0.41,0.0,0.488250234378912
39627817452834662,0.0,0.22,0.78,0.0,0.38008375148098283
39627829507264855,0.0,0.0,1.0,0.0,-0.0
39627829507265229,0.0,0.49,0.51,0.0,0.49985572087640495
39627817444444322,0.0,0.98,0.02,0.0,0.07072027127091034
39627817457029970,0.0,0.04,0.96,0.0,0.12114609454120741
39627829507265330,0.0,0.18,0.82,0.0,0.34003852286413994
39627817461219870,0.0,0.75,0.25,0.0,0.4056390622295664
39627853662258288,0.0,0.1,0.9,0.0,0.2344977967946406
39627853662260971,0.0,0.98,0.02,0.0,0.07072027127091034
39627835580617391,0.0,1.0,0.0,0.0,-0.0
39627841595246209,0.0,0.0,1.0,0.0,-0.0
39627817461220381,0.0,0.02,0.98,0.0,0.07072027127091034
39627853662260739,0.0,1.0,0.0,0.0,-0.0
39627829507265392,0.0,0.03,0.96,0.01,0.13737165703039006
39627829507264246,0.0,0.02,0.97,0.01,0.11097036642660543
39627853670646663,0.0,0.17,0.83,0.0,0.32885238937210975
39627835538673510,0.0,0.78,0.22,0.0,0.38008375148098283
39627859727226554,0.0,0.54,0.46,0.0,0.49768921941011285
39627835551257526,0.0,0.17,0.83,0.0,0.32885238937210975
39627841612024433,0.0,0.8,0.2,0.0,0.36096404744368116
39627865741853905,0.0,0.43,0.57,0.0,0.4929075185894599
39627817461219973,0.0,0.89,0.11,0.0,0.249957979082264
39627865741856834,0.0,0.0,0.92,0.08,0.2010895951011364
39627811400452651,0.0,0.72,0.28,0.0,0.4277254052800653
39627841595246227,0.0,0.66,0.34,0.0,0.46240935248651505
39627847635042755,0.0,0.19,0.81,0.0,0.3507357299419487
39627859731415319,0.0,0.28,0.72,0.0,0.4277254052800653
39627853687427158,0.0,0.44,0.56,0.0,0.4947937606110278
39627859731415130,0.0,0.79,0.21,0.0,0.37074136996563684
39627841586859420,0.0,0.11,0.89,0.0,0.249957979082264
39627823501019265,0.0,0.06,0.93,0.01,0.20367037270049304
39627853687427364,0.0,0.23,0.77,0.0,0.38900565177326885
39627859731415302,0.0,0.56,0.44,0.0,0.4947937606110278
39627859731415286,0.0,0.21,0.79,0.0,0.37074136996563684
39627871777457198,0.0,0.52,0.48,0.0,0.4994227679976009
39627859710446244,0.0,0.11,0.89,0.0,0.249957979082264
39627847660209965,0.0,0.06,0.94,0.0,0.16372245957723813
39627865746050873,0.0,0.02,0.98,0.0,0.07072027127091034
39627853695816066,0.0,0.89,0.11,0.0,0.249957979082264
39627847622460879,0.0,0.47,0.53,0.0,0.4987007942838698
39627847622460835,0.0,0.02,0.98,0.0,0.07072027127091034
39627853687426466,0.0,0.98,0.02,0.0,0.07072027127091034
39627817461219828,0.0,0.71,0.29,0.0,0.43436062316970225
39627859710446350,0.0,0.75,0.25,0.0,0.4056390622295664
39627811400452684,0.0,0.03,0.96,0.01,0.13737165703039006
39627835572225133,0.0,0.62,0.38,0.0,0.47902101111314976
39627823484242348,0.0,0.96,0.04,0.0,0.12114609454120741
39627853658067289,0.0,0.46,0.54,0.0,0.49768921941011285
39627841595246093,0.0,0.1,0.9,0.0,0.2344977967946406
39627847635042860,0.0,0.07,0.93,0.0,0.18296182545011158
39627847635042452,0.0,0.21,0.79,0.0,0.37074136996563684
39627835551253152,0.0,0.23,0.77,0.0,0.38900565177326885
39627835551253065,0.0,0.0,0.95,0.05,0.14319847855797813
39627829507260849,0.0,0.35,0.65,0.0,0.4670340276877455
39627811413035993,0.0,0.85,0.15,0.0,0.3049201523582002
39627829528233734,0.0,0.52,0.48,0.0,0.4994227679976009
39627835580614686,0.0,0.54,0.46,0.0,0.49768921941011285
39627835580614684,0.0,0.04,0.96,0.0,0.12114609454120741
39627835572225340,0.0,1.0,0.0,0.0,-0.0
39627859718835091,0.0,0.0,0.99,0.01,0.04039656794795559
39627835572225934,0.0,1.0,0.0,0.0,-0.0
39627859718835540,0.0,0.12,0.88,0.0,0.2646804326436822
39627853666455167,0.0,0.47,0.53,0.0,0.4987007942838698
39627847639242229,0.0,0.06,0.94,0.0,0.16372245957723813
39627871802625987,0.0,0.65,0.35,0.0,0.4670340276877455
39627805364850703,0.0,0.29,0.71,0.0,0.43436062316970225
39627859710444273,0.0,0.02,0.98,0.0,0.07072027127091034
39627865762827653,0.0,0.93,0.07,0.0,0.18296182545011158
39627811392062696,0.0,0.45,0.55,0.0,0.49638722699390414
39627841607832487,0.0,0.67,0.33,0.0,0.4574631863898637
39627859723030459,0.0,0.0,1.0,0.0,-0.0
39627835551253002,0.0,0.86,0.14,0.0,0.292119405821428
39627865754441403,0.0,0.75,0.25,0.0,0.4056390622295664
39627853670646273,0.0,0.15,0.85,0.0,0.3049201523582002
39627871790041612,0.0,1.0,0.0,0.0,-0.0
39627859718836944,0.0,0.65,0.35,0.0,0.4670340276877455
39627811392066242,0.0,0.61,0.39,0.0,0.4823997742525436
39627865758632619,0.0,0.47,0.53,0.0,0.4987007942838698
39627835580616173,0.0,0.67,0.33,0.0,0.4574631863898637
39627835547058294,0.0,0.19,0.81,0.0,0.3507357299419487
39627835584807442,0.0,0.09,0.9,0.01,0.2579475764741046
39627841612026024,0.0,0.04,0.96,0.0,0.12114609454120741
39627865754441328,0.0,0.48,0.52,0.0,0.4994227679976009
39627859718834824,0.0,0.53,0.47,0.0,0.4987007942838698
39627865754441267,0.0,0.06,0.94,0.0,0.16372245957723813
39627853679035934,0.0,0.04,0.96,0.0,0.12114609454120741
39627859727226496,0.0,0.05,0.95,0.0,0.14319847855797813
39627865741856026,0.0,0.52,0.48,0.0,0.4994227679976009
39627871785847860,0.0,0.69,0.31,0.0,0.4465867291889284
39627811413033810,0.0,0.97,0.03,0.0,0.0971959289157881
39627835584811063,0.0,0.82,0.18,0.0,0.34003852286413994
39627859723030061,0.0,0.01,0.99,0.0,0.04039656794795559
39627859727222281,0.0,0.66,0.34,0.0,0.46240935248651505
39627835584811065,0.0,0.3,0.7,0.0,0.44064544961534635
39627835584808871,0.0,0.83,0.17,0.0,0.32885238937210975
39627841595244811,0.0,0.59,0.41,0.0,0.488250234378912
39627853666452093,0.0,0.05,0.94,0.01,0.1832231322266888
39627865754441115,0.0,0.1,0.9,0.0,0.2344977967946406
39627859735610715,0.0,0.78,0.22,0.0,0.38008375148098283
39627835580615028,0.0,0.01,0.99,0.0,0.04039656794795559
39627817427667552,0.0,0.99,0.01,0.0,0.04039656794795559
39627817431860151,0.0,0.81,0.19,0.0,0.3507357299419487
39627823496827363,0.0,0.97,0.03,0.0,0.0971959289157881
39627865754441065,0.0,0.1,0.9,0.0,0.2344977967946406
39627865754438860,0.0,0.42,0.58,0.0,0.49072694751682683
39627877821451905,0.0,0.75,0.25,0.0,0.4056390622295664
39627865754441230,0.0,0.9,0.1,0.0,0.2344977967946406
39627853666452167,0.0,0.05,0.95,0.0,0.14319847855797813
39627835551257210,0.0,0.72,0.28,0.0,0.4277254052800653
39627853679037261,0.0,0.03,0.97,0.0,0.0971959289157881
39627835580614877,0.0,0.03,0.96,0.01,0.13737165703039006
39627823480049573,0.0,0.94,0.06,0.0,0.16372245957723813
39627871777457955,0.0,0.69,0.31,0.0,0.4465867291889284
39627853679036550,0.0,0.08,0.92,0.0,0.2010895951011364
39627835580615276,0.0,0.02,0.97,0.01,0.11097036642660543
39627847630849283,0.0,0.22,0.78,0.0,0.38008375148098283
39627835580616051,0.0,0.44,0.56,0.0,0.4947937606110278
39627829507260607,0.0,0.01,0.99,0.0,0.04039656794795559
39627835580614825,0.0,0.0,1.0,0.0,-0.0
39627859727226592,0.0,0.85,0.15,0.0,0.3049201523582002
39627835580614863,0.0,0.0,1.0,0.0,-0.0
39627865754441094,0.0,0.65,0.35,0.0,0.4670340276877455
39627835584809218,0.0,0.98,0.02,0.0,0.07072027127091034
39627835572226107,0.0,0.96,0.04,0.0,0.12114609454120741
39627853691617553,0.0,0.91,0.09,0.0,0.21823490853205144
39627823463271064,0.0,0.33,0.67,0.0,0.4574631863898637
39627853683233012,0.0,0.88,0.12,0.0,0.2646804326436822
39627853691617564,0.0,0.94,0.06,0.0,0.16372245957723813
39627841586858028,0.0,0.75,0.25,0.0,0.4056390622295664
39627865741855810,0.0,0.14,0.86,0.0,0.292119405821428
39627865762828151,0.0,0.83,0.17,0.0,0.32885238937210975
39627823480049592,0.0,0.0,1.0,0.0,-0.0
39627841607832308,0.0,0.21,0.79,0.0,0.37074136996563684
39627841591055295,0.0,0.99,0.01,0.0,0.04039656794795559
39627871785845661,0.0,0.02,0.98,0.0,0.07072027127091034
39627847643431797,0.0,0.74,0.26,0.0,0.4133731862463089
39627847643431466,0.0,0.36,0.64,0.0,0.4713415946277461
39627841620413409,0.0,0.43,0.57,0.0,0.4929075185894599
39627853666455824,0.0,0.25,0.75,0.0,0.4056390622295664
39627835555447637,0.0,0.34,0.66,0.0,0.46240935248651505
39627865741852809,0.0,1.0,0.0,0.0,-0.0
39627829519845745,0.0,0.57,0.43,0.0,0.4929075185894599
39627841599442271,0.0,1.0,0.0,0.0,-0.0
39627853683228729,0.0,0.05,0.95,0.0,0.14319847855797813
39627847630852288,0.0,0.24,0.76,0.0,0.39752013969226113
39627823463271403,0.0,0.91,0.09,0.0,0.21823490853205144
39627817440251838,0.01,0.99,0.0,0.0,0.04039656794795559
39627847660208503,0.0,0.44,0.56,0.0,0.4947937606110278
39627829519844151,0.0,0.83,0.17,0.0,0.32885238937210975
39627853674841875,0.0,0.0,0.83,0.17,0.32885238937210975
39627871790043825,0.0,0.05,0.95,0.0,0.14319847855797813
39627823467468367,0.0,0.25,0.75,0.0,0.4056390622295664
39627829519844998,0.0,0.76,0.24,0.0,0.39752013969226113
39627859727222906,0.0,0.21,0.79,0.0,0.37074136996563684
39627853679038149,0.0,0.01,0.99,0.0,0.04039656794795559
39627847630849411,0.0,0.32,0.68,0.0,0.45219072886224687
39627853679038178,0.0,0.78,0.22,0.0,0.38008375148098283
39627829519845035,0.0,0.8,0.2,0.0,0.36096404744368116
39627811396258156,0.0,0.0,0.99,0.01,0.04039656794795559
39627853679038090,0.0,0.99,0.01,0.0,0.04039656794795559
39627835547063428,0.0,0.55,0.45,0.0,0.49638722699390414
39627835555447686,0.0,0.6,0.4,0.0,0.4854752972273343
39627853679038352,0.0,0.36,0.64,0.0,0.4713415946277461
39627853700006159,0.0,0.07,0.93,0.0,0.18296182545011158
39627865758632171,0.0,0.44,0.56,0.0,0.4947937606110278
39627829503068231,0.0,0.59,0.41,0.0,0.488250234378912
39627823467464484,0.0,0.18,0.82,0.0,0.34003852286413994
39627817444444861,0.0,0.97,0.03,0.0,0.0971959289157881
39627865758632070,0.0,0.23,0.77,0.0,0.38900565177326885
39627847635046429,0.0,0.55,0.45,0.0,0.49638722699390414
39627829528232574,0.0,0.67,0.33,0.0,0.4574631863898637
39627859723028836,0.0,0.41,0.59,0.0,0.488250234378912
39627829545010603,0.0,0.0,1.0,0.0,-0.0
39627841591050316,0.0,1.0,0.0,0.0,-0.0
39627853679037852,0.0,0.99,0.01,0.0,0.04039656794795559
39627811396258183,0.0,0.0,0.93,0.07,0.18296182545011158
39627811396257708,0.0,0.34,0.66,0.0,0.46240935248651505
39627829536621654,0.0,0.04,0.96,0.0,0.12114609454120741
39627841582663078,0.0,0.32,0.68,0.0,0.45219072886224687
39627841582663156,0.0,0.98,0.02,0.0,0.07072027127091034
39627823484243075,0.0,0.3,0.7,0.0,0.44064544961534635
39627859710445173,0.0,0.17,0.83,0.0,0.32885238937210975
39627823480048909,0.0,0.2,0.8,0.0,0.36096404744368116
39627829545010277,0.0,0.03,0.96,0.01,0.13737165703039006
39627823484240881,0.0,0.17,0.83,0.0,0.32885238937210975
39627841582663616,0.0,0.04,0.96,0.0,0.12114609454120741
39627811400455101,0.0,0.39,0.61,0.0,0.4823997742525436
39627865767019737,0.0,0.8,0.2,0.0,0.36096404744368116
39627865767019996,0.0,0.14,0.86,0.0,0.292119405821428
39627829528232648,0.0,1.0,0.0,0.0,-0.0
39627829528232988,0.0,0.16,0.84,0.0,0.3171547773202831
39627823484242958,0.0,1.0,0.0,0.0,-0.0
39627865741855762,0.0,0.59,0.41,0.0,0.488250234378912
39627817457029846,0.0,0.28,0.72,0.0,0.4277254052800653
39627853700007300,0.0,0.97,0.03,0.0,0.0971959289157881
39627817457029911,0.0,0.02,0.98,0.0,0.07072027127091034
39627865741855855,0.0,0.3,0.7,0.0,0.44064544961534635
39627865741855907,0.0,0.35,0.65,0.0,0.4670340276877455
39627865767019798,0.0,0.0,0.99,0.01,0.04039656794795559
39627829536620856,0.0,0.31,0.69,0.0,0.4465867291889284
39627823484241904,0.0,0.99,0.01,0.0,0.04039656794795559
39627823484243071,0.0,0.37,0.63,0.0,0.47533604634353294
39627853700010456,0.0,0.01,0.99,0.0,0.04039656794795559
39627829536621270,0.0,0.93,0.07,0.0,0.18296182545011158
39627829536621162,0.0,0.58,0.42,0.0,0.49072694751682683
39627865741853599,0.0,0.78,0.22,0.0,0.38008375148098283
39627823484241812,0.0,0.39,0.61,0.0,0.4823997742525436
39627847630849434,0.0,0.08,0.92,0.0,0.2010895951011364
39627829536620915,0.0,0.56,0.44,0.0,0.4947937606110278
39627835538672282,0.0,0.9,0.1,0.0,0.2344977967946406
39627835547059100,0.0,0.66,0.34,0.0,0.46240935248651505
39627817436057073,0.0,0.8,0.2,0.0,0.36096404744368116
39627817436057116,0.0,0.82,0.18,0.0,0.34003852286413994
39627835538673607,0.0,0.85,0.15,0.0,0.3049201523582002
39627817461219524,0.0,0.18,0.82,0.0,0.34003852286413994
39627865741855720,0.0,0.02,0.98,0.0,0.07072027127091034
39627871802624949,0.0,1.0,0.0,0.0,-0.0
39627871802624721,0.0,0.15,0.85,0.0,0.3049201523582002
39627841607829687,0.0,0.18,0.82,0.0,0.34003852286413994
39627865741853107,0.02,0.98,0.0,0.0,0.07072027127091034
39627865741855646,0.0,0.25,0.75,0.0,0.4056390622295664
39627853662258127,0.0,0.77,0.23,0.0,0.38900565177326885
39627865741854079,0.0,0.96,0.04,0.0,0.12114609454120741
39627835538672693,0.0,0.04,0.96,0.0,0.12114609454120741
39627853662258132,0.0,0.26,0.74,0.0,0.4133731862463089
39627859727225098,0.0,0.51,0.49,0.0,0.49985572087640495
39627847622459674,0.0,0.92,0.08,0.0,0.2010895951011364
39627865741853201,0.0,0.49,0.51,0.0,0.49985572087640495
39627865741853198,0.0,0.47,0.53,0.0,0.4987007942838698
39627865741853114,0.0,0.9,0.1,0.0,0.2344977967946406
39627817461219877,0.0,0.31,0.69,0.0,0.4465867291889284
39627865741855334,0.0,0.99,0.01,0.0,0.04039656794795559
39627853683231017,0.0,0.8,0.2,0.0,0.36096404744368116
39627853683230755,0.0,0.58,0.42,0.0,0.49072694751682683
39627859727221282,0.0,0.56,0.44,0.0,0.4947937606110278
39627835555449942,0.0,0.1,0.9,0.0,0.2344977967946406
39627853666455464,0.0,0.57,0.43,0.0,0.4929075185894599
39627835555449684,0.0,0.16,0.84,0.0,0.3171547773202831
39627871781654650,0.0,0.47,0.53,0.0,0.4987007942838698
39627853662258781,0.0,0.57,0.43,0.0,0.4929075185894599
39627865758630859,0.0,0.21,0.79,0.0,0.37074136996563684
39627865754441042,0.0,0.52,0.48,0.0,0.4994227679976009
39627853662258732,0.0,0.03,0.97,0.0,0.0971959289157881
39627877817255984,0.0,0.75,0.25,0.0,0.4056390622295664
39627841612025266,0.0,0.5,0.5,0.0,0.5
39627835547058952,0.0,0.0,0.94,0.06,0.16372245957723813
39627835584810243,0.0,0.26,0.74,0.0,0.4133731862463089
39627853700010586,0.0,0.17,0.83,0.0,0.32885238937210975
39627871802625214,0.0,0.87,0.13,0.0,0.2787190925139945
39627853666452277,0.0,0.02,0.98,0.0,0.07072027127091034
39627853683233025,0.0,0.12,0.88,0.0,0.2646804326436822
39627853700010254,0.0,0.36,0.64,0.0,0.4713415946277461
39627871802625210,0.0,0.88,0.12,0.0,0.2646804326436822
39627853666451785,0.01,0.94,0.05,0.0,0.1832231322266888
39627841607829713,0.0,0.89,0.11,0.0,0.249957979082264
39627841607829529,0.0,0.56,0.44,0.0,0.4947937606110278
39627829519844911,0.0,1.0,0.0,0.0,-0.0
39627835584810878,0.0,0.95,0.05,0.0,0.14319847855797813
39627853687428413,0.0,0.39,0.61,0.0,0.4823997742525436
39627853687428559,0.0,0.18,0.82,0.0,0.34003852286413994
39627835572224866,0.0,0.71,0.29,0.0,0.43436062316970225
39627853687428546,0.0,0.51,0.49,0.0,0.49985572087640495
39627871794235868,0.0,0.05,0.95,0.0,0.14319847855797813
39627841612027424,0.0,0.0,0.83,0.17,0.32885238937210975
39627871781653157,0.0,0.76,0.24,0.0,0.39752013969226113
39627865741855740,0.0,0.45,0.55,0.0,0.49638722699390414
39627871777456598,0.0,0.97,0.03,0.0,0.0971959289157881
39627859710446680,0.0,0.0,0.99,0.01,0.04039656794795559
39627865754437290,0.0,0.68,0.32,0.0,0.45219072886224687
39627823463271469,0.0,0.0,0.94,0.06,0.16372245957723813
39627847651820760,0.0,0.17,0.83,0.0,0.32885238937210975
39627847651820915,0.0,0.64,0.36,0.0,0.4713415946277461
39627805369043497,0.0,0.26,0.74,0.0,0.4133731862463089
39627853695816476,0.0,0.11,0.89,0.0,0.249957979082264
39627853695816524,0.0,0.59,0.41,0.0,0.488250234378912
39627865771216679,0.0,0.22,0.78,0.0,0.38008375148098283
39627865775409864,0.0,0.91,0.09,0.0,0.21823490853205144
39627823480048497,0.0,0.94,0.06,0.0,0.16372245957723813
39627865771216446,0.0,0.98,0.02,0.0,0.07072027127091034
39627829532426517,0.0,0.02,0.98,0.0,0.07072027127091034
39627865775409709,0.0,0.39,0.61,0.0,0.4823997742525436
39627865775409754,0.0,0.21,0.79,0.0,0.37074136996563684
39627865775409983,0.0,0.78,0.22,0.0,0.38008375148098283
39627865775409936,0.0,0.3,0.7,0.0,0.44064544961534635
39627835568030246,0.0,0.28,0.72,0.0,0.4277254052800653
39627865767019968,0.0,0.1,0.89,0.01,0.27413031336294724
39627841612023955,0.0,0.32,0.68,0.0,0.45219072886224687
39627847622460042,0.0,0.05,0.95,0.0,0.14319847855797813
39627829532429860,0.0,0.08,0.92,0.0,0.2010895951011364
39627847622460025,0.0,0.48,0.52,0.0,0.4994227679976009
39627835568033277,0.0,0.13,0.87,0.0,0.2787190925139945
39627823467467046,0.0,0.99,0.01,0.0,0.04039656794795559
39627865771214630,0.0,0.41,0.59,0.0,0.488250234378912
39627811404644391,0.0,0.4,0.6,0.0,0.4854752972273343
39627847622459921,0.0,0.75,0.25,0.0,0.4056390622295664
39627847622460362,0.0,0.96,0.04,0.0,0.12114609454120741
39627853666454384,0.0,0.94,0.06,0.0,0.16372245957723813
39627817457027556,0.0,0.49,0.51,0.0,0.49985572087640495
39627847622460350,0.0,0.48,0.52,0.0,0.4994227679976009
39627847635043692,0.0,0.6,0.4,0.0,0.4854752972273343
39627847622460150,0.0,0.08,0.92,0.0,0.2010895951011364
39627811417231182,0.04,0.96,0.0,0.0,0.12114609454120741
39627811392066335,0.0,0.35,0.65,0.0,0.4670340276877455
39627847656016884,0.0,0.05,0.95,0.0,0.14319847855797813
39627847656016762,0.0,0.85,0.15,0.0,0.3049201523582002
39627805369043404,0.0,0.27,0.73,0.0,0.42073231810408784
39627829528234114,0.0,0.92,0.08,0.0,0.2010895951011364
39627853670646390,0.0,0.02,0.98,0.0,0.07072027127091034
39627847656016688,0.0,0.1,0.9,0.0,0.2344977967946406
39627823492631005,0.0,0.05,0.95,0.0,0.14319847855797813
39627835555447233,0.0,0.0,1.0,0.0,-0.0
39627835555447078,0.0,0.06,0.94,0.0,0.16372245957723813
39627811392065807,0.0,0.28,0.72,0.0,0.4277254052800653
39627817457027569,0.0,0.9,0.1,0.0,0.2344977967946406
39627823488437266,0.0,0.03,0.94,0.03,0.19372245957723813
39627817461223494,0.0,0.38,0.62,0.0,0.47902101111314976
39627823488437849,0.0,0.17,0.83,0.0,0.32885238937210975
39627829540815894,0.0,0.56,0.44,0.0,0.4947937606110278
39627805364848563,0.0,0.28,0.72,0.0,0.4277254052800653
39627817461223485,0.0,0.72,0.28,0.0,0.4277254052800653
39627805364848664,0.0,0.95,0.05,0.0,0.14319847855797813
39627823488437580,0.0,0.41,0.59,0.0,0.488250234378912
39627823471662277,0.0,0.32,0.68,0.0,0.45219072886224687
39627859706251166,0.0,1.0,0.0,0.0,-0.0
39627829532427697,0.0,0.02,0.98,0.0,0.07072027127091034
39627829540816025,0.0,0.43,0.57,0.0,0.4929075185894599
39627871777459675,0.0,0.7,0.3,0.0,0.44064544961534635
39627817457027723,0.0,0.8,0.2,0.0,0.36096404744368116
39627805364848935,0.0,0.04,0.96,0.0,0.12114609454120741
39627829540815899,0.0,0.09,0.91,0.0,0.21823490853205144
39627841620415838,0.0,0.18,0.82,0.0,0.34003852286413994
39627841620415970,0.0,0.04,0.96,0.0,0.12114609454120741
39627829532427804,0.0,0.62,0.38,0.0,0.47902101111314976
39627865771216493,0.0,0.92,0.08,0.0,0.2010895951011364
39627841624606300,0.0,0.89,0.11,0.0,0.249957979082264
39627871794233410,0.0,0.96,0.04,0.0,0.12114609454120741
39627823488437511,0.0,0.86,0.14,0.0,0.292119405821428
39627817448640004,0.0,0.0,1.0,0.0,-0.0
39627859710448095,0.0,0.74,0.26,0.0,0.4133731862463089
39627847660211191,0.0,1.0,0.0,0.0,-0.0
39627847660208534,0.0,0.03,0.97,0.0,0.0971959289157881
39627823501020674,0.0,0.05,0.95,0.0,0.14319847855797813
39627823501020577,0.0,0.01,0.99,0.0,0.04039656794795559
39627823471658420,0.0,0.29,0.71,0.0,0.43436062316970225
39627823488437417,0.0,0.85,0.15,0.0,0.3049201523582002
39627817448639891,0.0,0.86,0.14,0.0,0.292119405821428
39627853674843213,0.0,0.71,0.29,0.0,0.43436062316970225
39627829532430755,0.0,0.25,0.75,0.0,0.4056390622295664
39627811408842073,0.0,0.94,0.06,0.0,0.16372245957723813
39627823475853387,0.0,0.09,0.91,0.0,0.21823490853205144
39627829528234365,0.0,0.93,0.07,0.0,0.18296182545011158
39627817444447246,0.0,0.92,0.08,0.0,0.2010895951011364
39627823475852986,0.0,0.67,0.33,0.0,0.4574631863898637
39627823501021043,0.0,0.6,0.4,0.0,0.4854752972273343
39627823475852983,0.0,0.28,0.72,0.0,0.4277254052800653
39627823475852911,0.0,0.7,0.3,0.0,0.44064544961534635
39627823501020978,0.0,0.06,0.88,0.06,0.3246804326436822
39627817444447351,0.0,0.12,0.88,0.0,0.2646804326436822
39627823488436736,0.0,0.6,0.4,0.0,0.4854752972273343
39627829545010766,0.0,0.94,0.06,0.0,0.16372245957723813
39627817448636507,0.0,0.22,0.78,0.0,0.38008375148098283
39627823501020931,0.0,0.0,0.94,0.06,0.16372245957723813
39627823475851590,0.0,0.55,0.45,0.0,0.49638722699390414
39627841620413573,0.0,0.33,0.67,0.0,0.4574631863898637
39627841620413870,0.0,0.6,0.4,0.0,0.4854752972273343
39627829532430637,0.0,0.0,0.9,0.1,0.2344977967946406
39627841620414025,0.0,0.0,0.97,0.03,0.0971959289157881
39627829532430666,0.0,0.0,0.73,0.27,0.42073231810408784
39627865758632622,0.0,0.79,0.21,0.0,0.37074136996563684
39627823488436792,0.0,0.67,0.33,0.0,0.4574631863898637
39627811408843668,0.0,0.83,0.17,0.0,0.32885238937210975
39627853662259320,0.0,0.92,0.08,0.0,0.2010895951011364
39627853670648309,0.0,0.54,0.46,0.0,0.49768921941011285
39627853691620497,0.0,0.15,0.85,0.0,0.3049201523582002
39627823496825190,0.0,0.89,0.11,0.0,0.249957979082264
39627847635044183,0.0,0.79,0.21,0.0,0.37074136996563684
39627853670646812,0.0,0.28,0.72,0.0,0.4277254052800653
39627835538673516,0.0,0.91,0.09,0.0,0.21823490853205144
39627865741856676,0.0,0.59,0.41,0.0,0.488250234378912
39627835572225050,0.0,0.16,0.84,0.0,0.3171547773202831
39627853670646842,0.0,0.07,0.93,0.0,0.18296182545011158
39627847635044483,0.02,0.95,0.03,0.0,0.1674722434193448
39627823488437561,0.0,0.09,0.91,0.0,0.21823490853205144
39627847635044719,0.0,0.07,0.93,0.0,0.18296182545011158
39627853691622036,0.0,0.26,0.74,0.0,0.4133731862463089
39627835568035251,0.0,0.18,0.82,0.0,0.34003852286413994
39627835584810604,0.0,0.03,0.95,0.02,0.1674722434193448
39627853662260508,0.0,0.58,0.42,0.0,0.49072694751682683
39627823467467422,0.0,0.41,0.59,0.0,0.488250234378912
39627835572224391,0.0,0.96,0.04,0.0,0.12114609454120741
39627829536622126,0.0,0.03,0.95,0.02,0.1674722434193448
39627847656016585,0.0,0.38,0.62,0.0,0.47902101111314976
39627829536622640,0.0,0.0,1.0,0.0,-0.0
39627829532427581,0.0,0.94,0.06,0.0,0.16372245957723813
39627847635044542,0.0,0.01,0.93,0.06,0.20367037270049304
39627829528237162,0.0,0.18,0.82,0.0,0.34003852286413994
39627865741856466,0.0,0.74,0.26,0.0,0.4133731862463089
39627835563837439,0.0,0.81,0.19,0.0,0.3507357299419487
39627829528236821,0.0,0.23,0.77,0.0,0.38900565177326885
39627847635043109,0.0,0.07,0.93,0.0,0.18296182545011158
39627847635043141,0.0,0.01,0.99,0.0,0.04039656794795559
39627841612023863,0.0,0.0,1.0,0.0,-0.0
39627823475851798,0.0,0.04,0.94,0.02,0.19127133459887283
39627823501020416,0.0,0.98,0.02,0.0,0.07072027127091034
39627841582664371,0.0,0.99,0.01,0.0,0.04039656794795559
39627853700008245,0.0,0.08,0.92,0.0,0.2010895951011364
39627823501020558,0.0,0.57,0.43,0.0,0.4929075185894599
39627817448640126,0.0,0.5,0.5,0.0,0.5
39627829524040164,0.0,0.96,0.04,0.0,0.12114609454120741
39627823501020277,0.0,0.01,0.98,0.01,0.08072027127091033
39627835538673657,0.0,0.76,0.24,0.0,0.39752013969226113
39627835538672755,0.0,0.63,0.37,0.0,0.47533604634353294
39627841612024089,0.0,0.47,0.53,0.0,0.4987007942838698
39627823501020845,0.0,0.01,0.98,0.01,0.08072027127091033
39627865767020483,0.0,0.0,1.0,0.0,-0.0
39627823496825518,0.0,0.05,0.95,0.0,0.14319847855797813
39627853670646547,0.0,0.95,0.05,0.0,0.14319847855797813
39627829532429470,0.0,0.55,0.45,0.0,0.49638722699390414
39627811392066473,0.0,0.0,0.99,0.01,0.04039656794795559
39627817457027779,0.0,0.47,0.53,0.0,0.4987007942838698
39627829503067497,0.0,0.0,0.9,0.1,0.2344977967946406
39627829532427684,0.0,0.9,0.1,0.0,0.2344977967946406
39627823492631923,0.0,0.81,0.19,0.0,0.3507357299419487
39627817461224022,0.0,0.17,0.83,0.0,0.32885238937210975
39627829532429252,0.0,0.0,1.0,0.0,-0.0
39627835568033325,0.0,0.19,0.81,0.0,0.3507357299419487
39627853679035975,0.0,0.28,0.72,0.0,0.4277254052800653
39627823492632786,0.0,0.95,0.05,0.0,0.14319847855797813
39627835568033303,0.0,0.83,0.17,0.0,0.32885238937210975
39627823467467032,0.01,0.98,0.01,0.0,0.08072027127091033
39627829532430044,0.0,0.9,0.1,0.0,0.2344977967946406
39627853679037713,0.0,0.86,0.14,0.0,0.292119405821428
39627811392066041,0.0,0.05,0.95,0.0,0.14319847855797813
39627847664404754,0.0,0.85,0.15,0.0,0.3049201523582002
39627853679037474,0.0,0.02,0.98,0.0,0.07072027127091034
39627829532429987,0.0,0.2,0.8,0.0,0.36096404744368116
39627829515653691,0.0,0.88,0.12,0.0,0.2646804326436822
39627841607830214,0.0,0.75,0.25,0.0,0.4056390622295664
39627871777459983,0.0,0.76,0.24,0.0,0.39752013969226113
39627817452830886,0.03,0.97,0.0,0.0,0.0971959289157881
39627823492631817,0.01,0.77,0.22,0.0,0.41867779866972266
39627847630848428,0.0,0.34,0.66,0.0,0.46240935248651505
39627841607830035,0.0,0.37,0.63,0.0,0.47533604634353294
39627823501018756,0.0,0.06,0.94,0.0,0.16372245957723813
39627829536620781,0.0,0.04,0.96,0.0,0.12114609454120741
39627853662261714,0.0,0.98,0.02,0.0,0.07072027127091034
39627835538672424,0.0,0.97,0.03,0.0,0.0971959289157881
39627841612023331,0.0,0.66,0.34,0.0,0.46240935248651505
39627829536620681,0.01,0.99,0.0,0.0,0.04039656794795559
39627823492631630,0.0,0.47,0.53,0.0,0.4987007942838698
39627823492631713,0.0,0.18,0.82,0.0,0.34003852286413994
39627835547062282,0.01,0.98,0.01,0.0,0.08072027127091033
39627823471660742,0.0,0.97,0.03,0.0,0.0971959289157881
39627823471660799,0.0,0.32,0.68,0.0,0.45219072886224687
39627853666451508,0.0,0.5,0.5,0.0,0.5
39627817457025547,0.0,0.35,0.65,0.0,0.4670340276877455
39627847660209759,0.0,0.22,0.78,0.0,0.38008375148098283
39627841612023432,0.0,0.03,0.97,0.0,0.0971959289157881
39627841612023521,0.0,0.84,0.16,0.0,0.3171547773202831
39627835538672306,0.0,0.33,0.67,0.0,0.4574631863898637
39627823484240998,0.0,0.69,0.31,0.0,0.4465867291889284
39627829528237070,0.0,0.89,0.11,0.0,0.249957979082264
39627841612023398,0.0,0.01,0.99,0.0,0.04039656794795559
39627829511457384,0.0,0.09,0.91,0.0,0.21823490853205144
39627823501020415,0.0,0.76,0.24,0.0,0.39752013969226113
39627823501019662,0.0,0.46,0.54,0.0,0.49768921941011285
39627859718835229,0.0,0.09,0.91,0.0,0.21823490853205144
39627835547062807,0.0,0.0,1.0,0.0,-0.0
39627835547063335,0.0,0.01,0.99,0.0,0.04039656794795559
39627835547062776,0.0,0.07,0.93,0.0,0.18296182545011158
39627871781654493,0.0,0.89,0.11,0.0,0.249957979082264
39627853687423076,0.0,0.86,0.14,0.0,0.292119405821428
39627841620415548,0.0,0.55,0.45,0.0,0.49638722699390414
39627847622460224,0.0,0.06,0.94,0.0,0.16372245957723813
39627865746049793,0.0,0.54,0.46,0.0,0.49768921941011285
39627859710445629,0.0,0.56,0.44,0.0,0.4947937606110278
39627847618269678,0.0,0.37,0.63,0.0,0.47533604634353294
39627853679038870,0.0,0.18,0.82,0.0,0.34003852286413994
39627859706251449,0.0,0.08,0.92,0.0,0.2010895951011364
39627847660211309,0.0,0.01,0.91,0.08,0.24088153359695552
39627859706251535,0.0,0.39,0.61,0.0,0.4823997742525436
39627811392064327,0.0,0.04,0.96,0.0,0.12114609454120741
39627859710446121,0.0,0.0,0.76,0.24,0.39752013969226113
39627835559642312,0.0,0.82,0.18,0.0,0.34003852286413994
39627859710445890,0.0,0.83,0.17,0.0,0.32885238937210975
39627835555449042,0.0,0.25,0.75,0.0,0.4056390622295664
39627847647630162,0.0,0.41,0.59,0.0,0.488250234378912
39627835559642430,0.0,0.38,0.62,0.0,0.47902101111314976
39627847660211004,0.0,0.34,0.66,0.0,0.46240935248651505
39627841624607359,0.01,0.97,0.02,0.0,0.11097036642660543
39627853700007380,0.01,0.86,0.13,0.0,0.31810566868628926
39627811413035644,0.0,0.48,0.52,0.0,0.4994227679976009
39627853704204627,0.0,0.69,0.31,0.0,0.4465867291889284
39627853704200761,0.0,0.06,0.94,0.0,0.16372245957723813
39627841612026308,0.0,0.38,0.62,0.0,0.47902101111314976
39627859723030677,0.0,0.01,0.99,0.0,0.04039656794795559
39627847626655554,0.0,0.7,0.3,0.0,0.44064544961534635
39627841591050544,0.0,0.05,0.95,0.0,0.14319847855797813
39627859718836534,0.0,0.37,0.63,0.0,0.47533604634353294
39627853670648776,0.0,0.74,0.26,0.0,0.4133731862463089
39627823505214302,0.0,0.26,0.74,0.0,0.4133731862463089
39627847626655460,0.0,0.49,0.51,0.0,0.49985572087640495
39627847626655414,0.0,0.98,0.02,0.0,0.07072027127091034
39627823505214505,0.0,0.07,0.92,0.01,0.22283217282912027
39627853683233702,0.0,0.35,0.65,0.0,0.4670340276877455
39627847626655264,0.0,0.5,0.5,0.0,0.5
39627853683234044,0.0,0.28,0.72,0.0,0.4277254052800653
39627823505214100,0.0,0.74,0.26,0.0,0.4133731862463089
39627835547061436,0.0,0.58,0.42,0.0,0.49072694751682683
39627847626655182,0.0,0.0,1.0,0.0,-0.0
39627853683234083,0.0,0.26,0.74,0.0,0.4133731862463089
39627865741854735,0.0,0.41,0.59,0.0,0.488250234378912
39627811413036182,0.0,0.07,0.93,0.0,0.18296182545011158
39627859718835479,0.0,0.78,0.22,0.0,0.38008375148098283
39627853679038663,0.0,0.02,0.98,0.0,0.07072027127091034
39627865762828058,0.0,0.16,0.84,0.0,0.3171547773202831
39627817431864484,0.0,0.0,1.0,0.0,-0.0
39627835584810406,0.0,0.93,0.07,0.0,0.18296182545011158
39627841586859211,0.0,0.01,0.99,0.0,0.04039656794795559
39627847622460318,0.0,0.0,0.89,0.11,0.249957979082264
39627865762827873,0.0,0.93,0.07,0.0,0.18296182545011158
39627871785844952,0.0,0.91,0.09,0.0,0.21823490853205144
39627811413036020,0.0,0.98,0.02,0.0,0.07072027127091034
39627835584810656,0.0,0.96,0.04,0.0,0.12114609454120741
39627865762828950,0.0,0.64,0.36,0.0,0.4713415946277461
39627835555448651,0.0,0.06,0.94,0.0,0.16372245957723813
39627835555448601,0.0,0.26,0.74,0.0,0.4133731862463089
39627847622460280,0.0,0.8,0.2,0.0,0.36096404744368116
39627853679038550,0.0,0.9,0.1,0.0,0.2344977967946406
39627835580615521,0.0,0.01,0.97,0.02,0.11097036642660543
39627817440250478,0.0,0.96,0.04,0.0,0.12114609454120741
39627859731416995,0.0,0.18,0.82,0.0,0.34003852286413994
39627841586858945,0.0,0.69,0.31,0.0,0.4465867291889284
39627841586858790,0.0,0.4,0.6,0.0,0.4854752972273343
39627841586858993,0.0,0.14,0.86,0.0,0.292119405821428
39627859731417073,0.0,0.27,0.73,0.0,0.42073231810408784
39627859723030222,0.0,0.03,0.97,0.0,0.0971959289157881
39627829528233379,0.0,0.73,0.27,0.0,0.42073231810408784
39627865754438825,0.0,0.47,0.53,0.0,0.4987007942838698
39627835576422575,0.0,0.39,0.61,0.0,0.4823997742525436
39627835576422723,0.0,0.11,0.89,0.0,0.249957979082264
39627829528233387,0.0,0.28,0.72,0.0,0.4277254052800653
39627841591053608,0.0,0.9,0.1,0.0,0.2344977967946406
39627859718836075,0.0,0.83,0.17,0.0,0.32885238937210975
39627835589001310,0.0,0.01,0.99,0.0,0.04039656794795559
39627865754438759,0.0,0.04,0.96,0.0,0.12114609454120741
39627835568035007,0.0,0.45,0.55,0.0,0.49638722699390414
39627853670649454,0.0,0.03,0.97,0.0,0.0971959289157881
39627853670649613,0.0,0.28,0.72,0.0,0.4277254052800653
39627853700006377,0.0,0.07,0.93,0.0,0.18296182545011158
39627847622460418,0.0,0.66,0.34,0.0,0.46240935248651505
39627841620413910,0.0,0.1,0.9,0.0,0.2344977967946406
39627865762828369,0.0,0.0,1.0,0.0,-0.0
39627871785844981,0.0,0.62,0.38,0.0,0.47902101111314976
39627841624607210,0.0,0.35,0.65,0.0,0.4670340276877455
39627859727225032,0.0,0.02,0.98,0.0,0.07072027127091034
39627865754437233,0.0,0.52,0.48,0.0,0.4994227679976009
39627865741854583,0.0,0.94,0.06,0.0,0.16372245957723813
39627805364850883,0.0,0.53,0.47,0.0,0.4987007942838698
39627853683233478,0.0,0.71,0.29,0.0,0.43436062316970225
39627805364850954,0.0,0.5,0.5,0.0,0.5
39627853704200694,0.0,0.68,0.32,0.0,0.45219072886224687
39627853704200571,0.0,0.56,0.44,0.0,0.4947937606110278
39627805364850711,0.0,0.82,0.18,0.0,0.34003852286413994
39627865758631138,0.0,0.6,0.4,0.0,0.4854752972273343
39627829528233598,0.0,0.76,0.24,0.0,0.39752013969226113
39627817436053970,0.0,0.02,0.98,0.0,0.07072027127091034
39627859718834757,0.0,0.32,0.68,0.0,0.45219072886224687
39627859718832640,0.0,0.28,0.72,0.0,0.4277254052800653
39627853700010988,0.0,0.35,0.65,0.0,0.4670340276877455
39627853704200575,0.0,0.5,0.5,0.0,0.5
39627853704200614,0.0,0.13,0.87,0.0,0.2787190925139945
39627871794236435,0.0,0.56,0.44,0.0,0.4947937606110278
39627835580615724,0.0,0.53,0.47,0.0,0.4987007942838698
39627853691618542,0.0,0.02,0.98,0.0,0.07072027127091034
39627835559642391,0.0,0.04,0.96,0.0,0.12114609454120741
39627865754437020,0.0,0.28,0.72,0.0,0.4277254052800653
39627865754436922,0.0,0.06,0.94,0.0,0.16372245957723813
39627847622460692,0.0,0.71,0.29,0.0,0.43436062316970225
39627835551255823,0.0,0.07,0.93,0.0,0.18296182545011158
39627853704204564,0.0,0.89,0.11,0.0,0.249957979082264
39627871781655384,0.0,0.58,0.42,0.0,0.49072694751682683
39627847618268309,0.0,0.76,0.24,0.0,0.39752013969226113
39627871802625448,0.0,0.0,1.0,0.0,-0.0
39627859727226187,0.0,0.03,0.97,0.0,0.0971959289157881
39627805364847807,0.0,0.99,0.01,0.0,0.04039656794795559
39627805356458616,0.0,0.98,0.02,0.0,0.07072027127091034
39627829524038976,0.0,0.14,0.86,0.0,0.292119405821428
39627835547061715,0.0,0.93,0.07,0.0,0.18296182545011158
39627865754436903,0.0,0.21,0.79,0.0,0.37074136996563684
39627811413035655,0.0,1.0,0.0,0.0,-0.0
39627865754437336,0.0,0.37,0.63,0.0,0.47533604634353294
39627805356458759,0.0,0.95,0.05,0.0,0.14319847855797813
39627841578472271,0.0,0.48,0.52,0.0,0.4994227679976009
39627871777457358,0.0,0.25,0.75,0.0,0.4056390622295664
39627865762828497,0.0,0.98,0.02,0.0,0.07072027127091034
39627841612022047,0.0,0.18,0.82,0.0,0.34003852286413994
39627835547060967,0.0,0.33,0.67,0.0,0.4574631863898637
39627853679039174,0.0,0.01,0.99,0.0,0.04039656794795559
39627841612021964,0.0,0.5,0.5,0.0,0.5
39627835580615974,0.0,0.36,0.64,0.0,0.4713415946277461
39627877817256855,0.0,0.96,0.04,0.0,0.12114609454120741
39627835559646055,0.0,0.04,0.95,0.01,0.16124668093016215
39627829503068462,0.0,0.14,0.86,0.0,0.292119405821428
39627835547060979,0.0,0.04,0.96,0.0,0.12114609454120741
39627859710444394,0.0,0.33,0.67,0.0,0.4574631863898637
39627811413035924,0.0,0.04,0.96,0.0,0.12114609454120741
39627829524039260,0.0,0.26,0.74,0.0,0.4133731862463089
39627859727224804,0.0,0.08,0.92,0.0,0.2010895951011364
39627865762828412,0.0,0.82,0.18,0.0,0.34003852286413994
39627871802625619,0.0,0.64,0.36,0.0,0.4713415946277461
39627871781655130,0.0,0.92,0.08,0.0,0.2010895951011364
39627871781655010,0.0,0.87,0.13,0.0,0.2787190925139945
39627871802625625,0.0,0.08,0.92,0.0,0.2010895951011364
39627853679038181,0.02,0.97,0.01,0.0,0.11097036642660543
39627853679038444,0.0,0.16,0.84,0.0,0.3171547773202831
39627835559641809,0.0,0.0,0.95,0.05,0.14319847855797813
39627817448638193,0.0,0.49,0.51,0.0,0.49985572087640495
39627853691621465,0.0,0.47,0.53,0.0,0.4987007942838698
39627865767023164,0.0,0.75,0.25,0.0,0.4056390622295664
39627817448640121,0.0,0.24,0.76,0.0,0.39752013969226113
39627841620411666,0.0,0.59,0.41,0.0,0.488250234378912
39627811413037636,0.0,0.89,0.11,0.0,0.249957979082264
39627811413037959,0.07,0.92,0.01,0.0,0.22283217282912027
39627823480047186,0.0,0.08,0.92,0.0,0.2010895951011364
39627823471660107,0.0,0.43,0.57,0.0,0.4929075185894599
39627811413036721,0.0,0.11,0.89,0.0,0.249957979082264
39627829545012710,0.0,0.91,0.09,0.0,0.21823490853205144
39627823475851968,0.0,0.43,0.57,0.0,0.4929075185894599
39627847643431278,0.0,0.42,0.58,0.0,0.49072694751682683
39627853691622204,0.0,0.27,0.73,0.0,0.42073231810408784
39627853691622285,0.0,0.16,0.84,0.0,0.3171547773202831
39627823471658772,0.0,0.87,0.13,0.0,0.2787190925139945
39627853691618572,0.01,0.85,0.14,0.0,0.33142210248480686
39627841599442519,0.0,0.01,0.99,0.0,0.04039656794795559
39627823492631482,0.0,0.09,0.91,0.0,0.21823490853205144
39627847656019096,0.0,0.34,0.66,0.0,0.46240935248651505
39627847656016864,0.0,0.38,0.62,0.0,0.47902101111314976
39627817448639602,0.0,0.89,0.11,0.0,0.249957979082264
39627823501021148,0.0,0.96,0.04,0.0,0.12114609454120741
39627823501021208,0.0,0.8,0.2,0.0,0.36096404744368116
39627811396258911,0.0,0.54,0.46,0.0,0.49768921941011285
39627841620411700,0.01,0.99,0.0,0.0,0.04039656794795559
39627823492630519,0.0,0.11,0.89,0.0,0.249957979082264
39627847643432124,0.0,0.55,0.45,0.0,0.49638722699390414
39627823496827723,0.0,0.59,0.41,0.0,0.488250234378912
39627817431859282,0.0,0.58,0.42,0.0,0.49072694751682683
39627823480047481,0.0,0.27,0.73,0.0,0.42073231810408784
39627823496827944,0.0,0.28,0.72,0.0,0.4277254052800653
39627805356458875,0.0,0.4,0.6,0.0,0.4854752972273343
39627811413036245,0.0,0.86,0.14,0.0,0.292119405821428
39627805356458490,0.0,0.87,0.13,0.0,0.2787190925139945
39627841603637514,0.0,0.4,0.6,0.0,0.4854752972273343
39627829515653859,0.0,0.08,0.91,0.01,0.24088153359695552
39627871781654578,0.0,0.34,0.66,0.0,0.46240935248651505
39627847656018225,0.0,0.24,0.76,0.0,0.39752013969226113
39627847656015405,0.0,0.63,0.37,0.0,0.47533604634353294
39627829540817441,0.0,0.26,0.74,0.0,0.4133731862463089
39627847643436811,0.0,0.67,0.33,0.0,0.4574631863898637
39627847651822401,0.0,0.14,0.86,0.0,0.292119405821428
39627835589003329,0.0,0.89,0.11,0.0,0.249957979082264
39627841599444739,0.0,0.0,0.98,0.02,0.07072027127091034
39627853679034701,0.0,0.04,0.96,0.0,0.12114609454120741
39627847664404325,0.0,0.55,0.45,0.0,0.49638722699390414
39627865762826342,0.0,0.66,0.34,0.0,0.46240935248651505
39627847664404552,0.0,0.15,0.85,0.0,0.3049201523582002
39627823467466087,0.01,0.99,0.0,0.0,0.04039656794795559
39627853704203966,0.0,0.93,0.07,0.0,0.18296182545011158
39627853704204086,0.0,0.95,0.05,0.0,0.14319847855797813
39627859706251103,0.0,0.17,0.83,0.0,0.32885238937210975
39627853687425308,0.0,0.44,0.56,0.0,0.4947937606110278
39627811400451549,0.0,0.09,0.91,0.0,0.21823490853205144
39627811400451701,0.0,0.65,0.35,0.0,0.4670340276877455
39627841578472290,0.0,0.37,0.63,0.0,0.47533604634353294
39627841578472468,0.0,0.57,0.43,0.0,0.4929075185894599
39627811400451987,0.0,0.81,0.19,0.0,0.3507357299419487
39627823501018161,0.0,0.05,0.95,0.0,0.14319847855797813
39627871781653759,0.0,0.43,0.57,0.0,0.4929075185894599
39627859718832280,0.0,0.78,0.22,0.0,0.38008375148098283
39627865754437863,0.0,0.95,0.05,0.0,0.14319847855797813
39627835572225457,0.0,0.87,0.13,0.0,0.2787190925139945
39627853695814144,0.0,0.58,0.42,0.0,0.49072694751682683
39627859723027990,0.0,0.45,0.55,0.0,0.49638722699390414
39627853687424884,0.0,0.13,0.87,0.0,0.2787190925139945
39627859723027869,0.0,0.7,0.3,0.0,0.44064544961534635
39627859727224288,0.0,0.83,0.17,0.0,0.32885238937210975
39627811392064267,0.0,0.36,0.64,0.0,0.4713415946277461
39627811392064241,0.0,0.9,0.1,0.0,0.2344977967946406
39627811392064201,0.0,0.05,0.95,0.0,0.14319847855797813
39627829545012507,0.0,0.9,0.1,0.0,0.2344977967946406
39627841624608806,0.0,0.74,0.26,0.0,0.4133731862463089
39627829549203689,0.0,0.92,0.08,0.0,0.2010895951011364
39627835572227539,0.0,0.0,0.95,0.05,0.14319847855797813
39627811404645323,0.0,0.01,0.98,0.01,0.08072027127091033
39627859718836419,0.0,0.81,0.19,0.0,0.3507357299419487
39627835572224868,0.0,0.61,0.39,0.0,0.4823997742525436
39627847622461212,0.0,1.0,0.0,0.0,-0.0
39627853691622311,0.0,0.11,0.89,0.0,0.249957979082264
39627829524040302,0.0,0.09,0.91,0.0,0.21823490853205144
39627835559641885,0.0,0.85,0.15,0.0,0.3049201523582002
39627811404644856,0.0,0.93,0.07,0.0,0.18296182545011158
39627847639237329,0.0,0.6,0.4,0.0,0.4854752972273343
39627817440250493,0.0,0.02,0.98,0.0,0.07072027127091034
39627847639237189,0.0,0.11,0.89,0.0,0.249957979082264
39627835576419684,0.0,0.46,0.54,0.0,0.49768921941011285
39627841599441227,0.0,0.7,0.3,0.0,0.44064544961534635
39627859710446087,0.0,0.04,0.95,0.01,0.16124668093016215
39627847660212829,0.0,0.53,0.47,0.0,0.4987007942838698
39627811404648098,0.0,0.93,0.07,0.0,0.18296182545011158
39627835576419527,0.0,0.03,0.97,0.0,0.0971959289157881
39627829536624461,0.0,0.42,0.58,0.0,0.49072694751682683
39627853691621878,0.0,0.68,0.32,0.0,0.45219072886224687
39627841624606926,0.0,0.39,0.61,0.0,0.4823997742525436
39627847630848532,0.0,0.15,0.85,0.0,0.3049201523582002
39627859731418299,0.0,0.05,0.95,0.0,0.14319847855797813
39627865771214726,0.0,0.0,0.98,0.02,0.07072027127091034
39627823488438467,0.0,0.99,0.01,0.0,0.04039656794795559
39627811392066773,0.0,0.0,0.99,0.01,0.04039656794795559
39627847630848642,0.0,0.45,0.55,0.0,0.49638722699390414
39627829511460226,0.0,0.0,1.0,0.0,-0.0
39627847630848623,0.0,0.99,0.01,0.0,0.04039656794795559
39627853683229356,0.0,0.35,0.65,0.0,0.4670340276877455
39627841616221274,0.0,0.01,0.99,0.0,0.04039656794795559
39627859710446911,0.0,0.0,1.0,0.0,-0.0
39627859714637888,0.0,0.8,0.2,0.0,0.36096404744368116
39627859731418127,0.0,0.02,0.98,0.0,0.07072027127091034
39627847639238876,0.0,0.82,0.18,0.0,0.34003852286413994
39627817423475502,0.0,0.96,0.04,0.0,0.12114609454120741
39627835555450081,0.0,0.38,0.62,0.0,0.47902101111314976
39627847639238993,0.0,0.01,0.99,0.0,0.04039656794795559
39627835555450835,0.0,0.06,0.94,0.0,0.16372245957723813
39627835555450207,0.0,0.69,0.31,0.0,0.4465867291889284
39627871777459603,0.0,0.83,0.17,0.0,0.32885238937210975
39627835555450189,0.0,0.4,0.6,0.0,0.4854752972273343
39627835555450054,0.0,0.7,0.3,0.0,0.44064544961534635
39627859710447307,0.0,0.08,0.92,0.0,0.2010895951011364
39627859731418154,0.0,0.01,0.99,0.0,0.04039656794795559
39627847660212468,0.0,0.45,0.55,0.0,0.49638722699390414
39627871785849142,0.0,0.0,0.84,0.16,0.3171547773202831
39627847660212645,0.0,0.11,0.89,0.0,0.249957979082264
39627847660212437,0.0,0.8,0.2,0.0,0.36096404744368116
39627853674844222,0.0,0.32,0.68,0.0,0.45219072886224687
39627841612026378,0.0,0.04,0.96,0.0,0.12114609454120741
39627859714642642,0.0,0.03,0.97,0.0,0.0971959289157881
39627865767021080,0.0,0.83,0.17,0.0,0.32885238937210975
39627859718832288,0.0,0.48,0.52,0.0,0.4994227679976009
39627847626657080,0.0,0.33,0.67,0.0,0.4574631863898637
39627841591055136,0.0,0.17,0.83,0.0,0.32885238937210975
39627811400451092,0.0,0.51,0.49,0.0,0.49985572087640495
39627811392066364,0.0,0.97,0.03,0.0,0.0971959289157881
39627823505211848,0.0,0.01,0.91,0.08,0.24088153359695552
39627805364849668,0.0,0.41,0.59,0.0,0.488250234378912
39627847626656940,0.0,0.54,0.46,0.0,0.49768921941011285
39627823505212699,0.0,0.05,0.94,0.01,0.1832231322266888
39627847630848754,0.0,0.56,0.44,0.0,0.4947937606110278
39627823492631472,0.01,0.99,0.0,0.0,0.04039656794795559
39627847626658847,0.0,0.3,0.7,0.0,0.44064544961534635
39627853695813813,0.0,0.93,0.07,0.0,0.18296182545011158
39627823496822991,0.0,0.48,0.52,0.0,0.4994227679976009
39627865775409485,0.0,0.03,0.97,0.0,0.0971959289157881
39627847626658714,0.0,0.05,0.95,0.0,0.14319847855797813
39627841595245965,0.0,0.77,0.23,0.0,0.38900565177326885
39627859706251058,0.0,0.85,0.15,0.0,0.3049201523582002
39627865775409420,0.0,0.18,0.82,0.0,0.34003852286413994
39627835542868896,0.0,0.1,0.9,0.0,0.2344977967946406
39627829519848081,0.0,0.0,0.98,0.02,0.07072027127091034
39627811392063160,0.0,0.97,0.03,0.0,0.0971959289157881
39627865746048549,0.0,0.21,0.79,0.0,0.37074136996563684
39627859731417006,0.0,0.02,0.98,0.0,0.07072027127091034
39627817436056255,0.0,0.63,0.37,0.0,0.47533604634353294
39627835584811104,0.0,0.42,0.58,0.0,0.49072694751682683
39627841599439124,0.0,0.8,0.2,0.0,0.36096404744368116
39627835576419834,0.0,0.57,0.43,0.0,0.4929075185894599
39627835542865185,0.0,0.64,0.36,0.0,0.4713415946277461
39627835542865113,0.0,0.87,0.13,0.0,0.2787190925139945
39627865741855270,0.0,0.13,0.87,0.0,0.2787190925139945
39627847626654300,0.0,0.97,0.03,0.0,0.0971959289157881
39627835542865102,0.0,0.05,0.95,0.0,0.14319847855797813
39627835551256285,0.0,0.01,0.98,0.01,0.08072027127091033
39627853700009066,0.0,1.0,0.0,0.0,-0.0
39627853700008959,0.0,0.1,0.9,0.0,0.2344977967946406
39627835572228304,0.0,0.64,0.36,0.0,0.4713415946277461
39627811400455404,0.0,0.25,0.75,0.0,0.4056390622295664
39627811396259031,0.0,0.27,0.73,0.0,0.42073231810408784
39627847626656797,0.0,0.28,0.72,0.0,0.4277254052800653
39627865771214448,0.0,0.47,0.53,0.0,0.4987007942838698
39627829524040882,0.0,0.5,0.5,0.0,0.5
39627835572229136,0.0,0.09,0.91,0.0,0.21823490853205144
39627817452833517,0.0,0.4,0.6,0.0,0.4854752972273343
39627853691617822,0.0,0.5,0.5,0.0,0.5
39627847626658231,0.0,0.24,0.76,0.0,0.39752013969226113
39627859735611273,0.0,0.03,0.93,0.04,0.2174448102113104
39627835589002632,0.0,0.81,0.19,0.0,0.3507357299419487
39627829540814890,0.0,0.24,0.76,0.0,0.39752013969226113
39627835563838966,0.0,0.46,0.54,0.0,0.49768921941011285
39627847639239317,0.0,0.39,0.61,0.0,0.4823997742525436
39627859735611360,0.0,0.09,0.91,0.0,0.21823490853205144
39627859739805462,0.0,0.02,0.98,0.0,0.07072027127091034
39627835547062239,0.0,0.87,0.13,0.0,0.2787190925139945
39627829528235135,0.0,0.63,0.37,0.0,0.47533604634353294
39627835547061808,0.0,0.55,0.45,0.0,0.49638722699390414
39627817436053931,0.0,0.14,0.86,0.0,0.292119405821428
39627859735612615,0.0,0.0,0.62,0.38,0.47902101111314976
39627853674842714,0.0,0.05,0.95,0.0,0.14319847855797813
39627835572225836,0.0,0.82,0.18,0.0,0.34003852286413994
39627835547061406,0.0,0.01,0.96,0.03,0.13737165703039006
39627817457025497,0.0,0.76,0.24,0.0,0.39752013969226113
39627865746048883,0.0,0.45,0.55,0.0,0.49638722699390414
39627865767021492,0.0,0.26,0.74,0.0,0.4133731862463089
39627853674841806,0.0,0.95,0.05,0.0,0.14319847855797813
39627823496823316,0.0,0.87,0.13,0.0,0.2787190925139945
39627841595248458,0.0,0.0,0.79,0.21,0.37074136996563684
39627847639236946,0.0,0.87,0.13,0.0,0.2787190925139945
39627817448636953,0.0,0.05,0.95,0.0,0.14319847855797813
39627817427669726,0.0,0.39,0.61,0.0,0.4823997742525436
39627835580613485,0.0,0.0,1.0,0.0,-0.0
39627835584811391,0.0,0.2,0.8,0.0,0.36096404744368116
39627817431860568,0.0,0.53,0.47,0.0,0.4987007942838698
39627817431860717,0.0,0.08,0.92,0.0,0.2010895951011364
39627835551256407,0.0,0.1,0.9,0.0,0.2344977967946406
39627865767021969,0.0,0.19,0.81,0.0,0.3507357299419487
39627829536625409,0.0,0.76,0.24,0.0,0.39752013969226113
39627853674843331,0.0,0.25,0.75,0.0,0.4056390622295664
39627811392063287,0.0,0.01,0.99,0.0,0.04039656794795559
39627829536625061,0.0,0.25,0.75,0.0,0.4056390622295664
39627871794233758,0.0,0.44,0.56,0.0,0.4947937606110278
39627829536625028,0.0,0.08,0.92,0.0,0.2010895951011364
39627859731417087,0.0,0.36,0.64,0.0,0.4713415946277461
39627817457025407,0.0,0.86,0.14,0.0,0.292119405821428
39627811408838845,0.0,0.13,0.87,0.0,0.2787190925139945
39627829524041438,0.0,0.15,0.85,0.0,0.3049201523582002
39627829528235692,0.0,0.77,0.23,0.0,0.38900565177326885
39627835572225174,0.0,0.07,0.93,0.0,0.18296182545011158
39627835572225327,0.0,0.81,0.19,0.0,0.3507357299419487
39627817436054242,0.0,0.21,0.79,0.0,0.37074136996563684
39627853700010916,0.0,0.94,0.06,0.0,0.16372245957723813
39627841595245418,0.0,0.06,0.94,0.0,0.16372245957723813
39627835576418406,0.0,0.99,0.01,0.0,0.04039656794795559
39627865746050719,0.0,0.14,0.86,0.0,0.292119405821428
39627811404647983,0.0,0.2,0.8,0.0,0.36096404744368116
39627853674844588,0.0,0.0,1.0,0.0,-0.0
39627811404647922,0.0,0.67,0.33,0.0,0.4574631863898637
39627835576418335,0.0,0.15,0.85,0.0,0.3049201523582002
39627853687427419,0.0,0.88,0.12,0.0,0.2646804326436822
39627841620411028,0.0,0.5,0.5,0.0,0.5
39627817436057490,0.0,0.8,0.2,0.0,0.36096404744368116
39627859723031700,0.0,0.17,0.83,0.0,0.32885238937210975
39627859723031792,0.0,0.99,0.01,0.0,0.04039656794795559
39627859723031996,0.0,0.66,0.34,0.0,0.46240935248651505
39627859727225363,0.0,0.22,0.78,0.0,0.38008375148098283
39627847630848534,0.0,0.07,0.93,0.0,0.18296182545011158
39627841591054862,0.0,0.14,0.86,0.0,0.292119405821428
39627859718836537,0.0,0.08,0.92,0.0,0.2010895951011364
39627817444446900,0.0,0.75,0.25,0.0,0.4056390622295664
39627841620412127,0.0,0.83,0.17,0.0,0.32885238937210975
39627817444447080,0.01,0.96,0.03,0.0,0.13737165703039006
39627859718836910,0.0,0.43,0.57,0.0,0.4929075185894599
39627817436054292,0.0,0.22,0.78,0.0,0.38008375148098283
39627865767021322,0.0,0.89,0.11,0.0,0.249957979082264
39627835542865251,0.0,0.41,0.59,0.0,0.488250234378912
39627835584809974,0.0,0.25,0.75,0.0,0.4056390622295664
39627835584809825,0.0,0.4,0.6,0.0,0.4854752972273343
39627835584809822,0.0,0.92,0.08,0.0,0.2010895951011364
39627835584809816,0.0,0.09,0.91,0.0,0.21823490853205144
39627817436054739,0.0,0.26,0.74,0.0,0.4133731862463089
39627853687428034,0.0,0.33,0.67,0.0,0.4574631863898637
39627835542868662,0.0,0.55,0.45,0.0,0.49638722699390414
39627835542868632,0.0,0.02,0.93,0.05,0.2131710453499437
39627835542868526,0.0,0.0,0.95,0.05,0.14319847855797813
39627829536624566,0.0,0.19,0.81,0.0,0.3507357299419487
39627835572227379,0.0,0.01,0.94,0.05,0.1832231322266888
39627841595246691,0.0,0.27,0.73,0.0,0.42073231810408784
39627841595246455,0.0,0.76,0.24,0.0,0.39752013969226113
39627841595246113,0.0,0.38,0.62,0.0,0.47902101111314976
39627859739804043,0.0,0.52,0.48,0.0,0.4994227679976009
39627811392061684,0.0,0.56,0.44,0.0,0.4947937606110278
39627835580613152,0.0,0.93,0.07,0.0,0.18296182545011158
39627865771216052,0.0,0.63,0.37,0.0,0.47533604634353294
39627835542866676,0.0,0.03,0.97,0.0,0.0971959289157881
39627817436056204,0.0,0.0,0.91,0.09,0.21823490853205144
39627841586859349,0.0,0.42,0.58,0.0,0.49072694751682683
39627871785848047,0.0,0.33,0.67,0.0,0.4574631863898637
39627835580613107,0.0,0.96,0.04,0.0,0.12114609454120741
39627817427669689,0.0,0.65,0.35,0.0,0.4670340276877455
39627835572225137,0.0,0.03,0.97,0.0,0.0971959289157881
39627865758632914,0.0,0.14,0.86,0.0,0.292119405821428
39627859714642270,0.0,0.37,0.63,0.0,0.47533604634353294
39627805364850218,0.0,0.11,0.88,0.01,0.28950944366190023
39627823484240007,0.0,0.06,0.94,0.0,0.16372245957723813
39627853691621328,0.0,0.26,0.74,0.0,0.4133731862463089
39627835555452085,0.0,0.73,0.27,0.0,0.42073231810408784
39627829545012585,0.0,0.84,0.16,0.0,0.3171547773202831
39627865771217196,0.0,0.01,0.95,0.04,0.16124668093016215
39627835555450679,0.0,0.08,0.92,0.0,0.2010895951011364
39627829498876587,0.0,1.0,0.0,0.0,-0.0
39627811400455268,0.0,0.98,0.02,0.0,0.07072027127091034
39627859735612384,0.0,0.0,1.0,0.0,-0.0
39627859735611230,0.0,0.68,0.32,0.0,0.45219072886224687
39627859735613365,0.0,0.76,0.24,0.0,0.39752013969226113
39627817444445378,0.0,0.14,0.85,0.01,0.33142210248480686
39627835580615327,0.0,0.45,0.55,0.0,0.49638722699390414
39627841612026812,0.0,0.03,0.97,0.0,0.0971959289157881
39627853691621690,0.0,0.63,0.37,0.0,0.47533604634353294
39627835580614946,0.0,0.55,0.45,0.0,0.49638722699390414
39627853691622707,0.0,0.88,0.12,0.0,0.2646804326436822
39627811408838813,0.0,0.14,0.86,0.0,0.292119405821428
39627811408838872,0.0,0.27,0.73,0.0,0.42073231810408784
39627859735612549,0.0,0.03,0.97,0.0,0.0971959289157881
39627859735612578,0.0,0.45,0.55,0.0,0.49638722699390414
39627835580614796,0.0,0.34,0.66,0.0,0.46240935248651505
39627811408843207,0.0,0.04,0.96,0.0,0.12114609454120741
39627853695813358,0.0,0.47,0.53,0.0,0.4987007942838698
39627829540818758,0.0,0.38,0.62,0.0,0.47902101111314976
39627865754436368,0.0,0.34,0.66,0.0,0.46240935248651505
39627811408839104,0.0,0.02,0.94,0.04,0.1912713345988728
39627847639237051,0.0,0.14,0.86,0.0,0.292119405821428
39627817457029073,0.0,0.4,0.6,0.0,0.4854752972273343
39627865775408755,0.0,0.07,0.93,0.0,0.18296182545011158
39627835580614931,0.0,0.57,0.43,0.0,0.4929075185894599
39627853691621764,0.0,0.01,0.98,0.01,0.08072027127091033
39627865775407156,0.0,0.01,0.95,0.04,0.16124668093016215
39627853695814201,0.0,0.49,0.51,0.0,0.49985572087640495
39627829540819485,0.0,0.03,0.97,0.0,0.0971959289157881
39627829549203799,0.0,0.93,0.07,0.0,0.18296182545011158
39627829545012535,0.0,0.52,0.48,0.0,0.4994227679976009
39627859710447585,0.0,0.04,0.96,0.0,0.12114609454120741
39627817427668096,0.0,0.13,0.87,0.0,0.2787190925139945
39627817427667626,0.0,0.39,0.61,0.0,0.4823997742525436
39627817444442812,0.0,0.59,0.41,0.0,0.488250234378912
39627811400455369,0.0,0.97,0.03,0.0,0.0971959289157881
39627853666452968,0.0,0.29,0.71,0.0,0.43436062316970225
39627835589001816,0.0,0.96,0.04,0.0,0.12114609454120741
39627811400455289,0.0,0.6,0.4,0.0,0.4854752972273343
39627817452834771,0.0,0.43,0.57,0.0,0.4929075185894599
39627865771214552,0.0,0.99,0.01,0.0,0.04039656794795559
39627841586859324,0.0,0.54,0.46,0.0,0.49768921941011285
39627841595247793,0.0,0.88,0.12,0.0,0.2646804326436822
39627865775408502,0.0,0.69,0.31,0.0,0.4465867291889284
39627841582666278,0.0,0.22,0.78,0.0,0.38008375148098283
39627841582666064,0.0,0.73,0.27,0.0,0.42073231810408784
39627841582666246,0.0,0.45,0.55,0.0,0.49638722699390414
39627841620411117,0.0,0.22,0.78,0.0,0.38008375148098283
39627853670646106,0.0,0.98,0.02,0.0,0.07072027127091034
39627841595246671,0.0,0.0,0.81,0.19,0.3507357299419487
39627841582666133,0.0,0.02,0.97,0.01,0.11097036642660543
39627835584809171,0.0,0.52,0.48,0.0,0.4994227679976009
39627847660210182,0.0,0.21,0.79,0.0,0.37074136996563684
39627847630853458,0.0,0.54,0.46,0.0,0.49768921941011285
39627865775408505,0.0,0.69,0.31,0.0,0.4465867291889284
39627859714638167,0.0,0.57,0.43,0.0,0.4929075185894599
39627865767021011,0.0,0.76,0.24,0.0,0.39752013969226113
39627853687426932,0.0,0.72,0.28,0.0,0.4277254052800653
39627823463273043,0.0,0.03,0.97,0.0,0.0971959289157881
39627835547063330,0.0,0.0,1.0,0.0,-0.0
39627859727222069,0.0,0.08,0.92,0.0,0.2010895951011364
39627859714638157,0.0,0.04,0.96,0.0,0.12114609454120741
39627841595248075,0.0,0.13,0.87,0.0,0.2787190925139945
39627841595245292,0.0,0.0,0.97,0.03,0.0971959289157881
39627841595248595,0.0,0.03,0.96,0.01,0.13737165703039006
39627859731419218,0.0,0.42,0.58,0.0,0.49072694751682683
39627817457025652,0.0,0.32,0.68,0.0,0.45219072886224687
39627853687428252,0.0,0.89,0.11,0.0,0.249957979082264
39627853666452871,0.02,0.98,0.0,0.0,0.07072027127091034
39627877821448825,0.0,0.65,0.35,0.0,0.4670340276877455
39627841586856699,0.0,0.05,0.95,0.0,0.14319847855797813
39627817457027064,0.0,0.26,0.74,0.0,0.4133731862463089
39627823463273520,0.0,0.55,0.45,0.0,0.49638722699390414
39627817457026933,0.0,0.22,0.78,0.0,0.38008375148098283
39627823463270779,0.0,0.07,0.93,0.0,0.18296182545011158
39627805369045924,0.0,0.43,0.57,0.0,0.4929075185894599
39627835580616913,0.0,0.75,0.25,0.0,0.4056390622295664
39627805369045785,0.0,0.84,0.16,0.0,0.3171547773202831
39627805369045022,0.0,0.02,0.98,0.0,0.07072027127091034
39627817465413795,0.0,0.06,0.92,0.02,0.2335407200795017
39627811396258871,0.0,0.82,0.18,0.0,0.34003852286413994
39627817465413929,0.01,0.75,0.24,0.0,0.4359255858648683
39627817461224062,0.0,0.69,0.31,0.0,0.4465867291889284
39627805369046036,0.0,0.95,0.05,0.0,0.14319847855797813
39627853674844314,0.0,0.21,0.79,0.0,0.37074136996563684
39627853674844660,0.0,0.79,0.21,0.0,0.37074136996563684
39627871794234935,0.0,0.0,1.0,0.0,-0.0
39627853687428419,0.0,0.95,0.05,0.0,0.14319847855797813
39627859714638649,0.0,0.52,0.48,0.0,0.4994227679976009
39627847664403827,0.0,0.23,0.77,0.0,0.38900565177326885
39627853674844568,0.0,0.94,0.06,0.0,0.16372245957723813
39627853683231429,0.0,0.21,0.79,0.0,0.37074136996563684
39627835584808298,0.0,0.09,0.91,0.0,0.21823490853205144
39627835584808311,0.0,0.0,0.98,0.02,0.07072027127091034
39627817457026560,0.0,0.03,0.97,0.0,0.0971959289157881
39627823480049914,0.0,0.56,0.44,0.0,0.4947937606110278
39627853674844726,0.0,0.04,0.96,0.0,0.12114609454120741
39627817436057373,0.0,0.57,0.43,0.0,0.4929075185894599
39627853704200697,0.05,0.95,0.0,0.0,0.14319847855797813
39627859718832784,0.0,0.07,0.93,0.0,0.18296182545011158
39627835551254624,0.0,0.0,1.0,0.0,-0.0
39627811404648351,0.0,0.49,0.51,0.0,0.49985572087640495
39627835576418856,0.0,0.11,0.89,0.0,0.249957979082264
39627835555451455,0.0,0.77,0.23,0.0,0.38900565177326885
39627865750245204,0.0,0.37,0.63,0.0,0.47533604634353294
39627871790040879,0.0,0.75,0.25,0.0,0.4056390622295664
39627823484244893,0.0,0.67,0.33,0.0,0.4574631863898637
39627835555451424,0.0,0.23,0.77,0.0,0.38900565177326885
39627823484244916,0.0,0.24,0.76,0.0,0.39752013969226113
39627871790041240,0.0,0.94,0.06,0.0,0.16372245957723813
39627817448636470,0.0,0.62,0.38,0.0,0.47902101111314976
39627871777459376,0.0,0.91,0.09,0.0,0.21823490853205144
39627859710447602,0.0,0.44,0.56,0.0,0.4947937606110278
39627835576418792,0.0,0.98,0.02,0.0,0.07072027127091034
39627865758634594,0.0,0.14,0.86,0.0,0.292119405821428
39627859735612883,0.0,0.03,0.97,0.0,0.0971959289157881
39627859718835126,0.0,0.85,0.15,0.0,0.3049201523582002
39627853674844791,0.0,0.97,0.03,0.0,0.0971959289157881
39627817444447289,0.0,0.9,0.1,0.0,0.2344977967946406
39627859714640724,0.0,0.7,0.3,0.0,0.44064544961534635
39627865758634570,0.0,0.28,0.72,0.0,0.4277254052800653
39627853674844234,0.0,0.02,0.98,0.0,0.07072027127091034
39627859710447593,0.0,0.51,0.49,0.0,0.49985572087640495
39627853679034598,0.0,0.11,0.89,0.0,0.249957979082264
39627811408841467,0.0,0.89,0.11,0.0,0.249957979082264
39627859723032203,0.0,0.73,0.27,0.0,0.42073231810408784
39627835542868250,0.0,0.53,0.47,0.0,0.4987007942838698
39627871794235301,0.0,0.38,0.62,0.0,0.47902101111314976
39627865750244717,0.0,0.77,0.23,0.0,0.38900565177326885
39627871777459453,0.0,0.94,0.06,0.0,0.16372245957723813
39627835559643821,0.0,0.81,0.19,0.0,0.3507357299419487
39627823484243974,0.0,0.81,0.19,0.0,0.3507357299419487
39627871785847633,0.0,0.98,0.02,0.0,0.07072027127091034
39627817436057453,0.0,0.02,0.98,0.0,0.07072027127091034
39627817436057348,0.0,0.76,0.24,0.0,0.39752013969226113
39627823484243614,0.0,0.99,0.01,0.0,0.04039656794795559
39627823484243707,0.0,0.54,0.46,0.0,0.49768921941011285
39627871785847933,0.0,0.36,0.64,0.0,0.4713415946277461
39627859718835340,0.0,0.86,0.14,0.0,0.292119405821428
39627871790040854,0.0,0.05,0.95,0.0,0.14319847855797813
39627871785847442,0.0,0.41,0.59,0.0,0.488250234378912
39627817457027381,0.0,0.88,0.12,0.0,0.2646804326436822
39627841591051298,0.0,0.08,0.92,0.0,0.2010895951011364
39627853683230328,0.0,0.86,0.14,0.0,0.292119405821428
39627853683230397,0.0,0.96,0.04,0.0,0.12114609454120741
39627847664404623,0.0,0.96,0.04,0.0,0.12114609454120741
39627841586858397,0.0,0.87,0.13,0.0,0.2787190925139945
39627841586858480,0.0,0.01,0.99,0.0,0.04039656794795559
39627847639241606,0.0,0.22,0.78,0.0,0.38008375148098283
39627811387870433,0.0,0.98,0.02,0.0,0.07072027127091034
39627847639241845,0.0,0.21,0.79,0.0,0.37074136996563684
39627835538673035,0.0,0.45,0.55,0.0,0.49638722699390414
39627823492631449,0.0,0.0,1.0,0.0,-0.0
39627853666455866,0.0,0.07,0.93,0.0,0.18296182545011158
39627823505211492,0.0,0.02,0.98,0.0,0.07072027127091034
39627841595250492,0.0,0.36,0.64,0.0,0.4713415946277461
39627841595250476,0.0,0.0,0.97,0.03,0.0971959289157881
39627847635044532,0.0,0.26,0.74,0.0,0.4133731862463089
39627859706251001,0.0,0.96,0.04,0.0,0.12114609454120741
39627835563836944,0.0,0.01,0.99,0.0,0.04039656794795559
39627847630852377,0.0,0.04,0.96,0.0,0.12114609454120741
39627817452834044,0.0,0.2,0.8,0.0,0.36096404744368116
39627847660209033,0.0,0.02,0.96,0.02,0.14114609454120738
39627847664403804,0.0,0.55,0.45,0.0,0.49638722699390414
39627829515649496,0.0,0.02,0.97,0.01,0.11097036642660543
39627829503066583,0.0,0.0,1.0,0.0,-0.0
39627817457028943,0.0,0.72,0.28,0.0,0.4277254052800653
39627865754435955,0.0,0.61,0.39,0.0,0.4823997742525436
39627811408841758,0.0,0.04,0.96,0.0,0.12114609454120741
39627817457026023,0.0,0.34,0.66,0.0,0.46240935248651505
39627835559641966,0.01,0.97,0.02,0.0,0.11097036642660543
39627835576418421,0.0,0.72,0.28,0.0,0.4277254052800653
39627847630852403,0.0,0.04,0.96,0.0,0.12114609454120741
39627823496823794,0.0,0.03,0.97,0.0,0.0971959289157881
39627841599439221,0.0,0.73,0.27,0.0,0.42073231810408784
39627859723032291,0.0,0.05,0.95,0.0,0.14319847855797813
39627829528235922,0.0,0.69,0.31,0.0,0.4465867291889284
39627841599439614,0.0,0.86,0.14,0.0,0.292119405821428
39627835584809706,0.0,0.56,0.44,0.0,0.4947937606110278
39627817461223275,0.0,0.89,0.11,0.0,0.249957979082264
39627817461223415,0.0,0.81,0.19,0.0,0.3507357299419487
39627835555447902,0.0,0.05,0.95,0.0,0.14319847855797813
39627871790043172,0.0,0.62,0.38,0.0,0.47902101111314976
39627829536621471,0.0,0.07,0.93,0.0,0.18296182545011158
39627871790043708,0.0,0.0,0.99,0.01,0.04039656794795559
39627817440249992,0.0,0.45,0.55,0.0,0.49638722699390414
39627841599442976,0.0,0.4,0.6,0.0,0.4854752972273343
39627811400451884,0.0,0.04,0.96,0.0,0.12114609454120741
39627847664403748,0.0,0.87,0.13,0.0,0.2787190925139945
39627841595250376,0.0,0.11,0.89,0.0,0.249957979082264
39627841607830542,0.0,0.22,0.78,0.0,0.38008375148098283
39627853704203310,0.0,0.84,0.16,0.0,0.3171547773202831
39627841612024429,0.0,0.14,0.86,0.0,0.292119405821428
39627841591050388,0.0,0.03,0.97,0.0,0.0971959289157881
39627835589001434,0.0,0.74,0.26,0.0,0.4133731862463089
39627835568030712,0.0,0.53,0.47,0.0,0.4987007942838698
39627835589001650,0.0,0.93,0.07,0.0,0.18296182545011158
39627841586859444,0.0,0.13,0.87,0.0,0.2787190925139945
39627817457025777,0.0,0.1,0.9,0.0,0.2344977967946406
39627847630852920,0.0,0.02,0.98,0.0,0.07072027127091034
39627817461219640,0.0,0.5,0.5,0.0,0.5
39627811392061531,0.0,0.97,0.03,0.0,0.0971959289157881
39627847630853010,0.0,0.45,0.55,0.0,0.49638722699390414
39627835584811436,0.0,0.62,0.38,0.0,0.47902101111314976
39627823501018519,0.0,0.02,0.98,0.0,0.07072027127091034
39627835563837157,0.0,0.13,0.87,0.0,0.2787190925139945
39627823501018636,0.0,0.67,0.33,0.0,0.4574631863898637
39627841612023301,0.0,0.98,0.02,0.0,0.07072027127091034
39627811400452167,0.0,0.39,0.61,0.0,0.4823997742525436
39627859718832865,0.0,0.22,0.78,0.0,0.38008375148098283
39627859718832810,0.0,0.44,0.56,0.0,0.4947937606110278
39627835547061934,0.0,0.01,0.99,0.0,0.04039656794795559
39627853666451781,0.0,0.93,0.07,0.0,0.18296182545011158
39627829503068499,0.0,0.95,0.05,0.0,0.14319847855797813
39627817461222967,0.0,0.11,0.89,0.0,0.249957979082264
39627853666451841,0.0,0.18,0.82,0.0,0.34003852286413994
39627835584811419,0.0,0.0,0.92,0.08,0.2010895951011364
39627871785847988,0.0,0.0,0.37,0.63,0.47533604634353294
39627871785847980,0.0,0.0,1.0,0.0,-0.0
39627871785847962,0.0,0.0,0.85,0.15,0.3049201523582002
39627829528234751,0.0,0.17,0.83,0.0,0.32885238937210975
39627829540817250,0.0,0.0,0.96,0.04,0.12114609454120741
39627835589003051,0.0,0.54,0.46,0.0,0.49768921941011285
39627823467467428,0.0,0.14,0.86,0.0,0.292119405821428
39627853704201700,0.0,0.98,0.02,0.0,0.07072027127091034
39627823467467353,0.0,0.86,0.14,0.0,0.292119405821428
39627829540819324,0.0,0.05,0.95,0.0,0.14319847855797813
39627829511456930,0.0,0.0,0.87,0.13,0.2787190925139945
39627817452830767,0.0,0.03,0.97,0.0,0.0971959289157881
39627817440249177,0.0,0.14,0.86,0.0,0.292119405821428
39627847651819626,0.0,1.0,0.0,0.0,-0.0
39627865762826375,0.0,0.15,0.85,0.0,0.3049201523582002
39627817448640738,0.0,0.62,0.38,0.0,0.47902101111314976
39627829511457415,0.0,0.0,1.0,0.0,-0.0
39627847643432500,0.0,0.93,0.07,0.0,0.18296182545011158
39627847643431747,0.0,0.06,0.94,0.0,0.16372245957723813
39627841624609765,0.0,0.01,0.98,0.01,0.08072027127091033
39627817465414264,0.0,0.0,0.96,0.04,0.12114609454120741
39627847668596927,0.0,0.95,0.05,0.0,0.14319847855797813
39627823488437681,0.0,0.03,0.97,0.0,0.0971959289157881
39627823496827287,0.0,0.28,0.72,0.0,0.4277254052800653
39627853704204116,0.0,0.99,0.01,0.0,0.04039656794795559
39627853704201073,0.0,0.02,0.97,0.01,0.11097036642660543
39627853683231414,0.0,0.74,0.26,0.0,0.4133731862463089
39627847651822929,0.0,0.23,0.77,0.0,0.38900565177326885
39627829515649102,0.0,0.04,0.96,0.0,0.12114609454120741
39627835589002821,0.0,0.4,0.6,0.0,0.4854752972273343
39627853695812949,0.0,0.94,0.06,0.0,0.16372245957723813
39627853674841063,0.0,0.76,0.24,0.0,0.39752013969226113
39627853691622097,0.0,0.83,0.17,0.0,0.32885238937210975
39627847639239741,0.0,0.07,0.93,0.0,0.18296182545011158
39627841599441494,0.0,0.01,0.99,0.0,0.04039656794795559
39627829507260999,0.0,0.92,0.08,0.0,0.2010895951011364
39627853691620046,0.0,0.85,0.15,0.0,0.3049201523582002
39627805373235518,0.0,0.6,0.4,0.0,0.4854752972273343
39627847635047052,0.0,0.49,0.51,0.0,0.49985572087640495
39627823475853088,0.0,0.99,0.01,0.0,0.04039656794795559
39627829536624562,0.0,0.01,0.98,0.01,0.08072027127091033
39627823475855773,0.0,0.36,0.64,0.0,0.4713415946277461
39627835572226663,0.0,0.47,0.53,0.0,0.4987007942838698
39627829536624863,0.0,0.49,0.51,0.0,0.49985572087640495
39627829536624886,0.0,0.81,0.19,0.0,0.3507357299419487
39627817436053805,0.0,0.41,0.59,0.0,0.488250234378912
39627847656018104,0.0,0.59,0.41,0.0,0.488250234378912
39627841599441517,0.0,0.11,0.89,0.0,0.249957979082264
39627829528235469,0.0,0.35,0.65,0.0,0.4670340276877455
39627865758635520,0.0,0.54,0.46,0.0,0.49768921941011285
39627817431864812,0.0,0.03,0.97,0.0,0.0971959289157881
39627823496826986,0.0,0.01,0.99,0.0,0.04039656794795559
39627811396258601,0.0,0.05,0.95,0.0,0.14319847855797813
39627841616220309,0.0,0.04,0.96,0.0,0.12114609454120741
39627841616220130,0.0,0.48,0.52,0.0,0.4994227679976009
39627811396258962,0.0,0.32,0.68,0.0,0.45219072886224687
39627847656018323,0.0,0.65,0.35,0.0,0.4670340276877455
39627835559644454,0.0,0.27,0.73,0.0,0.42073231810408784
39627829511457768,0.0,0.82,0.18,0.0,0.34003852286413994
39627865762825855,0.0,0.23,0.77,0.0,0.38900565177326885
39627823475855534,0.0,0.24,0.76,0.0,0.39752013969226113
39627865741857148,0.0,0.44,0.56,0.0,0.4947937606110278
39627847660212754,0.0,0.45,0.55,0.0,0.49638722699390414
39627829511457319,0.0,0.94,0.06,0.0,0.16372245957723813
39627865762825903,0.0,0.78,0.22,0.0,0.38008375148098283
39627865762825545,0.0,0.71,0.29,0.0,0.43436062316970225
39627823496827218,0.0,0.02,0.98,0.0,0.07072027127091034
39627841612026948,0.07,0.93,0.0,0.0,0.18296182545011158
39627811404649458,0.0,0.18,0.82,0.0,0.34003852286413994
39627829532428179,0.0,0.98,0.02,0.0,0.07072027127091034
39627829532428237,0.0,0.93,0.07,0.0,0.18296182545011158
39627853691619688,0.0,0.48,0.52,0.0,0.4994227679976009
39627829528235558,0.0,0.0,1.0,0.0,-0.0
39627835589003178,0.0,1.0,0.0,0.0,-0.0
39627829532428274,0.0,0.43,0.57,0.0,0.4929075185894599
39627817457026009,0.0,0.03,0.97,0.0,0.0971959289157881
39627829532428284,0.0,0.14,0.86,0.0,0.292119405821428
39627817448640331,0.0,0.11,0.89,0.0,0.249957979082264
39627835580614691,0.0,0.23,0.77,0.0,0.38900565177326885
39627835572227857,0.0,0.25,0.75,0.0,0.4056390622295664
39627811408838786,0.0,0.26,0.74,0.0,0.4133731862463089
39627829540819409,0.0,0.6,0.4,0.0,0.4854752972273343
39627811408838894,0.0,0.04,0.96,0.0,0.12114609454120741
39627811408839340,0.0,0.54,0.46,0.0,0.49768921941011285
39627835589002850,0.0,0.14,0.86,0.0,0.292119405821428
39627823496826353,0.0,0.44,0.56,0.0,0.4947937606110278
39627817440249725,0.0,0.62,0.38,0.0,0.47902101111314976
39627847656018116,0.0,0.54,0.46,0.0,0.49768921941011285
39627823488439217,0.0,0.41,0.59,0.0,0.488250234378912
39627823496827182,0.0,0.19,0.81,0.0,0.3507357299419487
39627841599443732,0.0,0.82,0.18,0.0,0.34003852286413994
39627841599443092,0.0,0.46,0.54,0.0,0.49768921941011285
39627829540818188,0.0,0.02,0.95,0.03,0.1674722434193448
39627847660212142,0.0,0.44,0.56,0.0,0.4947937606110278
39627823475855955,0.0,0.87,0.13,0.0,0.2787190925139945
39627823501021561,0.0,0.35,0.65,0.0,0.4670340276877455
39627835589002643,0.0,0.89,0.11,0.0,0.249957979082264
39627823488438449,0.0,0.52,0.48,0.0,0.4994227679976009
39627841599443258,0.0,0.26,0.74,0.0,0.4133731862463089
39627859735612593,0.0,0.0,0.94,0.06,0.16372245957723813
39627829549204324,0.0,0.4,0.6,0.0,0.4854752972273343
39627829511458031,0.0,0.39,0.61,0.0,0.4823997742525436
39627817436057526,0.0,0.43,0.57,0.0,0.4929075185894599
39627823492629087,0.0,0.2,0.8,0.0,0.36096404744368116
39627817448640391,0.0,0.04,0.96,0.0,0.12114609454120741
39627847656017977,0.0,0.68,0.32,0.0,0.45219072886224687
39627841620411244,0.0,1.0,0.0,0.0,-0.0
39627841595247917,0.0,0.0,0.88,0.12,0.2646804326436822
39627823475853352,0.0,0.74,0.26,0.0,0.4133731862463089
39627841595247345,0.0,0.09,0.91,0.0,0.21823490853205144
39627817431864500,0.0,0.74,0.26,0.0,0.4133731862463089
39627817448640289,0.0,0.27,0.73,0.0,0.42073231810408784
39627817436057729,0.0,0.75,0.25,0.0,0.4056390622295664
39627817431864506,0.0,0.01,0.99,0.0,0.04039656794795559
39627817431864782,0.0,0.99,0.01,0.0,0.04039656794795559
39627841595247566,0.0,0.0,0.74,0.26,0.4133731862463089
39627817452832453,0.0,0.28,0.72,0.0,0.4277254052800653
39627841595246861,0.0,0.93,0.07,0.0,0.18296182545011158
39627841595247485,0.0,0.75,0.25,0.0,0.4056390622295664
39627817465414749,0.0,0.28,0.72,0.0,0.4277254052800653
39627847651823599,0.0,0.97,0.03,0.0,0.0971959289157881
39627811417228505,0.0,0.36,0.64,0.0,0.4713415946277461
39627805369045885,0.0,0.32,0.68,0.0,0.45219072886224687
39627823475851735,0.0,0.0,1.0,0.0,-0.0
39627823471657375,0.0,0.65,0.35,0.0,0.4670340276877455
39627835589002822,0.01,0.83,0.16,0.0,0.3562867308783886
39627817465414559,0.0,0.0,1.0,0.0,-0.0
39627805373235834,0.0,0.25,0.75,0.0,0.4056390622295664
39627805373235469,0.0,0.87,0.13,0.0,0.2787190925139945
39627805369045754,0.0,0.17,0.83,0.0,0.32885238937210975
39627847643431848,0.0,0.64,0.36,0.0,0.4713415946277461
39627865762826821,0.0,0.99,0.01,0.0,0.04039656794795559
39627847664404117,0.0,0.08,0.92,0.0,0.2010895951011364
39627853683231085,0.0,0.0,0.86,0.14,0.292119405821428
39627865762827044,0.0,0.95,0.05,0.0,0.14319847855797813
39627835580613733,0.0,0.79,0.21,0.0,0.37074136996563684
39627859710447325,0.0,0.16,0.84,0.0,0.3171547773202831
39627829511460258,0.0,0.34,0.66,0.0,0.46240935248651505
39627817436057465,0.0,0.98,0.02,0.0,0.07072027127091034
39627841624609881,0.0,0.95,0.05,0.0,0.14319847855797813
39627859710447522,0.0,0.65,0.35,0.0,0.4670340276877455
39627847651822109,0.0,0.18,0.82,0.0,0.34003852286413994
39627835589002637,0.0,0.54,0.46,0.0,0.49768921941011285
39627835580613575,0.0,0.95,0.05,0.0,0.14319847855797813
39627823505211837,0.0,0.91,0.09,0.0,0.21823490853205144
39627823496827205,0.0,0.49,0.51,0.0,0.49985572087640495
39627847643433528,0.0,0.64,0.36,0.0,0.4713415946277461
39627871794236441,0.01,0.98,0.01,0.0,0.08072027127091033
39627853683231530,0.0,0.35,0.65,0.0,0.4670340276877455
39627835589003120,0.0,0.2,0.8,0.0,0.36096404744368116
39627835589003116,0.0,0.66,0.34,0.0,0.46240935248651505
39627835589003113,0.0,0.15,0.85,0.0,0.3049201523582002
39627853679034747,0.0,0.37,0.63,0.0,0.47533604634353294
39627817436057622,0.0,0.03,0.97,0.0,0.0971959289157881
39627853679034761,0.0,0.27,0.73,0.0,0.42073231810408784
39627823496827567,0.0,0.82,0.18,0.0,0.34003852286413994
39627859714642250,0.0,0.86,0.14,0.0,0.292119405821428
39627841620411485,0.0,0.01,0.99,0.0,0.04039656794795559
39627853683232673,0.0,0.03,0.97,0.0,0.0971959289157881
39627847656018085,0.0,0.62,0.38,0.0,0.47902101111314976
39627829528236475,0.0,0.9,0.1,0.0,0.2344977967946406
39627823496823230,0.0,0.2,0.8,0.0,0.36096404744368116
39627823496825892,0.0,0.55,0.45,0.0,0.49638722699390414
39627829532430620,0.0,0.26,0.74,0.0,0.4133731862463089
39627829528236948,0.0,0.75,0.25,0.0,0.4056390622295664
39627829528237229,0.0,0.63,0.37,0.0,0.47533604634353294
39627829532430940,0.0,0.0,0.84,0.16,0.3171547773202831
39627817440249862,0.0,0.0,0.94,0.06,0.16372245957723813
39627829528237331,0.0,0.17,0.83,0.0,0.32885238937210975
39627841612027145,0.0,0.77,0.23,0.0,0.38900565177326885
39627853679034675,0.0,0.06,0.9,0.04,0.283045326517374
39627835559644187,0.0,0.41,0.59,0.0,0.488250234378912
39627823496825847,0.0,0.71,0.29,0.0,0.43436062316970225
39627835572227600,0.0,0.34,0.66,0.0,0.46240935248651505
39627847664403884,0.0,0.83,0.17,0.0,0.32885238937210975
39627829540817761,0.0,0.28,0.72,0.0,0.4277254052800653
39627853679034795,0.0,0.94,0.06,0.0,0.16372245957723813
39627829532431114,0.0,0.04,0.96,0.0,0.12114609454120741
39627841586859477,0.0,0.07,0.93,0.0,0.18296182545011158
39627817431862115,0.0,0.66,0.34,0.0,0.46240935248651505
39627817431862023,0.0,0.27,0.73,0.0,0.42073231810408784
39627853670647021,0.0,0.33,0.67,0.0,0.4574631863898637
39627853670647185,0.0,0.1,0.9,0.0,0.2344977967946406
39627829549205004,0.0,0.99,0.01,0.0,0.04039656794795559
39627853670646941,0.0,1.0,0.0,0.0,-0.0
39627823496827055,0.0,0.16,0.81,0.03,0.41051440620827195
39627841620412600,0.0,0.0,0.97,0.03,0.0971959289157881
39627853679035209,0.0,0.82,0.18,0.0,0.34003852286413994
39627823496826029,0.0,0.16,0.84,0.0,0.3171547773202831
39627841578472237,0.0,0.44,0.56,0.0,0.4947937606110278
39627835563839135,0.0,0.09,0.91,0.0,0.21823490853205144
39627859702059148,0.0,0.85,0.15,0.0,0.3049201523582002
39627829532430969,0.0,0.0,0.89,0.11,0.249957979082264
39627859739804299,0.0,1.0,0.0,0.0,-0.0
39627841586857697,0.0,0.58,0.42,0.0,0.49072694751682683
39627859739804401,0.0,0.4,0.6,0.0,0.4854752972273343
39627811392063150,0.0,0.99,0.01,0.0,0.04039656794795559
39627811392062042,0.0,0.99,0.01,0.0,0.04039656794795559
39627811392062180,0.0,0.09,0.91,0.0,0.21823490853205144
39627823467462817,0.0,0.98,0.02,0.0,0.07072027127091034
39627817436056537,0.0,0.05,0.95,0.0,0.14319847855797813
39627811392062222,0.0,0.34,0.66,0.0,0.46240935248651505
39627817423474131,0.0,0.09,0.91,0.0,0.21823490853205144
39627823463273530,0.0,0.98,0.02,0.0,0.07072027127091034
39627865746048461,0.0,0.75,0.25,0.0,0.4056390622295664
39627859714639928,0.0,0.82,0.18,0.0,0.34003852286413994
39627865750244688,0.0,0.4,0.6,0.0,0.4854752972273343
39627841624605370,0.0,0.21,0.79,0.0,0.37074136996563684
39627817423474038,0.02,0.98,0.0,0.0,0.07072027127091034
39627829515649514,0.0,0.23,0.77,0.0,0.38900565177326885
39627853704200888,0.0,0.37,0.63,0.0,0.47533604634353294
39627811392062674,0.0,0.41,0.59,0.0,0.488250234378912
39627805369045338,0.0,0.0,0.97,0.03,0.0971959289157881
39627847639239333,0.0,0.0,1.0,0.0,-0.0
39627823463272936,0.0,0.19,0.81,0.0,0.3507357299419487
39627865741854921,0.0,0.97,0.03,0.0,0.0971959289157881
39627865771213144,0.0,0.09,0.91,0.0,0.21823490853205144
39627859710447999,0.0,0.53,0.46,0.01,0.5336099245350016
39627859710447972,0.0,0.55,0.45,0.0,0.49638722699390414
39627841595246011,0.0,0.51,0.49,0.0,0.49985572087640495
39627859727222904,0.0,0.99,0.01,0.0,0.04039656794795559
39627829545013445,0.0,0.99,0.01,0.0,0.04039656794795559
39627829519843438,0.0,0.92,0.08,0.0,0.2010895951011364
39627841582664019,0.0,0.76,0.24,0.0,0.39752013969226113
39627829519843381,0.0,0.58,0.42,0.0,0.49072694751682683
39627811408839163,0.0,0.22,0.78,0.0,0.38008375148098283
39627817431860036,0.0,0.65,0.35,0.0,0.4670340276877455
39627853700006707,0.0,0.27,0.73,0.0,0.42073231810408784
39627859710447859,0.0,0.0,0.72,0.28,0.4277254052800653
39627853687423606,0.0,0.04,0.96,0.0,0.12114609454120741
39627853674843976,0.0,0.46,0.54,0.0,0.49768921941011285
39627835551253078,0.0,0.33,0.67,0.0,0.4574631863898637
39627817444443440,0.0,0.16,0.84,0.0,0.3171547773202831
39627865771214338,0.0,0.47,0.53,0.0,0.4987007942838698
39627865771214207,0.0,0.75,0.25,0.0,0.4056390622295664
39627865771214344,0.0,0.26,0.74,0.0,0.4133731862463089
39627835551253363,0.0,0.88,0.12,0.0,0.2646804326436822
39627841582666397,0.0,0.34,0.66,0.0,0.46240935248651505
39627835551253652,0.0,0.11,0.89,0.0,0.249957979082264
39627859710447720,0.02,0.98,0.0,0.0,0.07072027127091034
39627835551253535,0.0,0.68,0.32,0.0,0.45219072886224687
39627859727222803,0.0,0.33,0.67,0.0,0.4574631863898637
39627835555450558,0.0,0.77,0.23,0.0,0.38900565177326885
39627817431859884,0.0,0.04,0.96,0.0,0.12114609454120741
39627835580615967,0.0,0.15,0.85,0.0,0.3049201523582002
39627865746048663,0.0,0.35,0.65,0.0,0.4670340276877455
39627841582664356,0.0,0.44,0.56,0.0,0.4947937606110278
39627823488436002,0.0,0.94,0.06,0.0,0.16372245957723813
39627829519845246,0.0,0.75,0.25,0.0,0.4056390622295664
39627865771214484,0.0,0.12,0.88,0.0,0.2646804326436822
39627853674843828,0.0,0.05,0.95,0.0,0.14319847855797813
39627841582664178,0.0,0.66,0.34,0.0,0.46240935248651505
39627841599439793,0.0,0.11,0.89,0.0,0.249957979082264
39627829545010371,0.0,0.11,0.89,0.0,0.249957979082264
39627865771216284,0.0,0.04,0.92,0.04,0.24108959510113642
39627847626654323,0.0,0.29,0.71,0.0,0.43436062316970225
39627841591054018,0.0,0.68,0.32,0.0,0.45219072886224687
39627835555449572,0.0,0.0,1.0,0.0,-0.0
39627847626654371,0.0,0.8,0.2,0.0,0.36096404744368116
39627841591053465,0.0,0.9,0.1,0.0,0.2344977967946406
39627817440252808,0.0,0.26,0.74,0.0,0.4133731862463089
39627817436059293,0.0,0.16,0.84,0.0,0.3171547773202831
39627841624607130,0.0,0.63,0.37,0.0,0.47533604634353294
39627841582664220,0.02,0.74,0.24,0.0,0.4642348495181122
39627847626654069,0.0,0.11,0.89,0.0,0.249957979082264
39627853683229850,0.0,0.01,0.98,0.01,0.08072027127091033
39627859727222442,0.0,0.75,0.25,0.0,0.4056390622295664
39627847630849963,0.0,0.55,0.45,0.0,0.49638722699390414
39627823467463455,0.0,0.94,0.06,0.0,0.16372245957723813
39627841591052934,0.0,0.41,0.59,0.0,0.488250234378912
39627841616216427,0.0,0.68,0.32,0.0,0.45219072886224687
39627865746048810,0.0,0.31,0.69,0.0,0.4465867291889284
39627841616216531,0.0,1.0,0.0,0.0,-0.0
39627871790040464,0.0,0.01,0.96,0.03,0.13737165703039006
39627871794236424,0.0,1.0,0.0,0.0,-0.0
39627817448637120,0.0,0.68,0.32,0.0,0.45219072886224687
39627859727222643,0.0,0.1,0.9,0.0,0.2344977967946406
39627847668596923,0.0,0.41,0.59,0.0,0.488250234378912
39627847668596954,0.0,0.41,0.59,0.0,0.488250234378912
39627841620414136,0.0,0.56,0.44,0.0,0.4947937606110278
39627847635044330,0.0,0.61,0.39,0.0,0.4823997742525436
39627847635044110,0.0,0.4,0.6,0.0,0.4854752972273343
39627859727221001,0.0,0.86,0.14,0.0,0.292119405821428
39627817452833754,0.0,0.04,0.96,0.0,0.12114609454120741
39627847630852694,0.0,0.1,0.9,0.0,0.2344977967946406
39627841599439039,0.0,0.02,0.98,0.0,0.07072027127091034
39627877817256732,0.0,0.76,0.24,0.0,0.39752013969226113
39627847630853027,0.0,0.08,0.92,0.0,0.2010895951011364
39627841624608158,0.0,0.79,0.21,0.0,0.37074136996563684
39627865754436409,0.0,0.21,0.79,0.0,0.37074136996563684
39627859739804558,0.0,0.05,0.94,0.01,0.1832231322266888
39627829540819072,0.0,0.0,0.75,0.25,0.4056390622295664
39627841599439017,0.0,0.01,0.96,0.03,0.13737165703039006
39627853704203894,0.0,0.95,0.05,0.0,0.14319847855797813
39627811392063313,0.0,0.97,0.03,0.0,0.0971959289157881
39627853695812784,0.0,0.03,0.97,0.0,0.0971959289157881
39627811413037243,0.0,0.78,0.22,0.0,0.38008375148098283
39627811392063152,0.0,0.15,0.85,0.0,0.3049201523582002
39627811392063038,0.0,0.41,0.59,0.0,0.488250234378912
39627829540816845,0.0,0.38,0.62,0.0,0.47902101111314976
39627853695812666,0.0,0.29,0.71,0.0,0.43436062316970225
39627853708394966,0.0,0.95,0.05,0.0,0.14319847855797813
39627847647631038,0.0,0.05,0.94,0.01,0.1832231322266888
39627823471661523,0.0,0.92,0.08,0.0,0.2010895951011364
39627823471661594,0.0,0.09,0.91,0.0,0.21823490853205144
39627853704201688,0.0,0.26,0.74,0.0,0.4133731862463089
39627829515649674,0.0,0.56,0.44,0.0,0.4947937606110278
39627841578472243,0.0,0.05,0.95,0.0,0.14319847855797813
39627817431864706,0.0,0.72,0.28,0.0,0.4277254052800653
39627835555449716,0.0,0.87,0.13,0.0,0.2787190925139945
39627859706251632,0.0,0.12,0.88,0.0,0.2646804326436822
39627811392062625,0.0,0.79,0.21,0.0,0.37074136996563684
39627811392062905,0.09,0.91,0.0,0.0,0.21823490853205144
39627859706251543,0.0,0.83,0.17,0.0,0.32885238937210975
39627847656014689,0.0,0.32,0.68,0.0,0.45219072886224687
39627823496827921,0.0,0.62,0.38,0.0,0.47902101111314976
39627829511456370,0.0,0.32,0.68,0.0,0.45219072886224687
39627817452832285,0.0,0.87,0.13,0.0,0.2787190925139945
39627823501017123,0.0,0.04,0.96,0.0,0.12114609454120741
39627817452832372,0.0,0.04,0.94,0.02,0.19127133459887283
39627841599441317,0.0,0.57,0.43,0.0,0.4929075185894599
39627829532428507,0.0,0.03,0.97,0.0,0.0971959289157881
39627841582664620,0.0,0.11,0.89,0.0,0.249957979082264
39627829532428342,0.0,0.99,0.01,0.0,0.04039656794795559
39627823496828181,0.0,0.66,0.34,0.0,0.46240935248651505
39627823496825948,0.0,0.89,0.11,0.0,0.249957979082264
39627817452832576,0.0,0.03,0.97,0.0,0.0971959289157881
39627847656017830,0.0,0.37,0.63,0.0,0.47533604634353294
39627859739805755,0.0,0.22,0.78,0.0,0.38008375148098283
39627847647630882,0.0,0.33,0.67,0.0,0.4574631863898637
39627817457026903,0.0,0.56,0.44,0.0,0.4947937606110278
39627841582664529,0.0,0.35,0.65,0.0,0.4670340276877455
39627823475852997,0.0,0.39,0.61,0.0,0.4823997742525436
39627865762826903,0.0,0.92,0.08,0.0,0.2010895951011364
39627841599444809,0.0,0.93,0.07,0.0,0.18296182545011158
39627853670646641,0.0,0.42,0.58,0.0,0.49072694751682683
39627847643433546,0.0,0.97,0.03,0.0,0.0971959289157881
39627841599444628,0.0,0.82,0.18,0.0,0.34003852286413994
39627871794236803,0.0,0.58,0.42,0.0,0.49072694751682683
39627859723032185,0.0,0.48,0.52,0.0,0.4994227679976009
39627853695813667,0.0,0.5,0.5,0.0,0.5
39627829532426574,0.0,0.04,0.96,0.0,0.12114609454120741
39627829532426564,0.0,0.86,0.14,0.0,0.292119405821428
39627829532426807,0.0,0.02,0.98,0.0,0.07072027127091034
39627829532428271,0.0,0.21,0.79,0.0,0.37074136996563684
39627853670646679,0.0,0.33,0.67,0.0,0.4574631863898637
39627841599444923,0.0,0.05,0.95,0.0,0.14319847855797813
39627841599444357,0.0,0.03,0.97,0.0,0.0971959289157881
39627841624607200,0.01,0.99,0.0,0.0,0.04039656794795559
39627817457026349,0.0,0.39,0.61,0.0,0.4823997742525436
39627871777457993,0.0,0.86,0.14,0.0,0.292119405821428
39627835555449342,0.0,0.0,0.94,0.06,0.16372245957723813
39627847635042844,0.0,0.42,0.58,0.0,0.49072694751682683
39627811400451696,0.0,0.38,0.62,0.0,0.47902101111314976
39627847635042826,0.0,0.8,0.2,0.0,0.36096404744368116
39627823492632231,0.0,0.45,0.55,0.0,0.49638722699390414
39627835555449186,0.0,0.21,0.79,0.0,0.37074136996563684
39627871777459360,0.0,0.85,0.15,0.0,0.3049201523582002
39627847635042707,0.0,0.6,0.4,0.0,0.4854752972273343
39627865767019624,0.0,0.74,0.26,0.0,0.4133731862463089
39627871777457892,0.0,0.7,0.3,0.0,0.44064544961534635
39627865767019064,0.0,0.26,0.74,0.0,0.4133731862463089
39627811392064180,0.0,0.0,0.93,0.07,0.18296182545011158
39627865767019091,0.0,0.53,0.47,0.0,0.4987007942838698
39627817431863985,0.0,0.12,0.88,0.0,0.2646804326436822
39627859710446260,0.0,0.18,0.82,0.0,0.34003852286413994
39627865767019055,0.0,0.2,0.8,0.0,0.36096404744368116
39627835563836533,0.0,0.89,0.11,0.0,0.249957979082264
39627811400451265,0.0,0.35,0.65,0.0,0.4670340276877455
39627841624607783,0.0,0.98,0.02,0.0,0.07072027127091034
39627835576418644,0.0,0.04,0.96,0.0,0.12114609454120741
39627823484244351,0.0,0.55,0.45,0.0,0.49638722699390414
39627835559642493,0.0,0.36,0.64,0.0,0.4713415946277461
39627841607829808,0.0,0.91,0.09,0.0,0.21823490853205144
39627811404645086,0.0,0.89,0.11,0.0,0.249957979082264
39627847622460168,0.0,0.04,0.96,0.0,0.12114609454120741
39627853700007926,0.0,0.49,0.51,0.0,0.49985572087640495
39627865746050372,0.0,0.64,0.36,0.0,0.4713415946277461
39627865767020117,0.0,0.15,0.85,0.0,0.3049201523582002
39627817427667156,0.0,1.0,0.0,0.0,-0.0
39627841620415643,0.0,0.74,0.26,0.0,0.4133731862463089
39627871785848809,0.0,0.0,1.0,0.0,-0.0
39627853666455655,0.0,0.86,0.14,0.0,0.292119405821428
39627853666455681,0.01,0.97,0.02,0.0,0.11097036642660543
39627853666455688,0.0,0.72,0.28,0.0,0.4277254052800653
39627841595244697,0.0,0.19,0.81,0.0,0.3507357299419487
39627847664406039,0.0,0.6,0.4,0.0,0.4854752972273343
39627811392066848,0.0,0.04,0.96,0.0,0.12114609454120741
39627829519848073,0.0,0.96,0.04,0.0,0.12114609454120741
39627829545011288,0.0,0.07,0.92,0.01,0.22283217282912027
39627841599441713,0.0,0.99,0.01,0.0,0.04039656794795559
39627805352269880,0.0,0.39,0.61,0.0,0.4823997742525436
39627829545011349,0.0,0.28,0.72,0.0,0.4277254052800653
39627835542869100,0.0,0.0,0.9,0.1,0.2344977967946406
39627847626657923,0.02,0.95,0.03,0.0,0.1674722434193448
39627841591051286,0.0,0.87,0.13,0.0,0.2787190925139945
39627805352269894,0.0,0.0,0.95,0.05,0.14319847855797813
39627805369042703,0.0,0.15,0.85,0.0,0.3049201523582002
39627829545011295,0.0,0.79,0.21,0.0,0.37074136996563684
39627835563840203,0.0,0.01,0.99,0.0,0.04039656794795559
39627865746050597,0.0,0.78,0.22,0.0,0.38008375148098283
39627841582664627,0.0,0.24,0.76,0.0,0.39752013969226113
39627817427667535,0.0,0.98,0.02,0.0,0.07072027127091034
39627841595247668,0.0,0.47,0.53,0.0,0.4987007942838698
39627829528233764,0.0,0.85,0.15,0.0,0.3049201523582002
39627841591051476,0.0,0.18,0.82,0.0,0.34003852286413994
39627841624608014,0.0,0.16,0.84,0.0,0.3171547773202831
39627835547058452,0.0,0.0,0.96,0.04,0.12114609454120741
39627865746049342,0.0,0.03,0.97,0.0,0.0971959289157881
39627829528233789,0.0,0.06,0.94,0.0,0.16372245957723813
39627841591051529,0.0,0.01,0.99,0.0,0.04039656794795559
39627865746050982,0.0,0.45,0.55,0.0,0.49638722699390414
39627841591051564,0.0,0.9,0.1,0.0,0.2344977967946406
39627835584810317,0.0,0.03,0.97,0.0,0.0971959289157881
39627817452835167,0.0,0.48,0.52,0.0,0.4994227679976009
39627835542865047,0.0,0.83,0.17,0.0,0.32885238937210975
39627811392066758,0.0,0.02,0.98,0.0,0.07072027127091034
39627865746050542,0.0,0.87,0.13,0.0,0.2787190925139945
39627817444445152,0.0,0.26,0.74,0.0,0.4133731862463089
39627841595246429,0.0,0.73,0.27,0.0,0.42073231810408784
39627853687427522,0.0,0.83,0.17,0.0,0.32885238937210975
39627841595245923,0.0,0.98,0.02,0.0,0.07072027127091034
39627835542866824,0.0,0.29,0.71,0.0,0.43436062316970225
39627841595246206,0.0,0.45,0.55,0.0,0.49638722699390414
39627865746050886,0.0,0.58,0.42,0.0,0.49072694751682683
39627817444445003,0.0,0.94,0.06,0.0,0.16372245957723813
39627841624607846,0.0,0.56,0.44,0.0,0.4947937606110278
39627829524040077,0.0,0.32,0.68,0.0,0.45219072886224687
39627859739805630,0.0,0.8,0.2,0.0,0.36096404744368116
39627829524040044,0.0,0.06,0.94,0.0,0.16372245957723813
39627817427667209,0.0,0.24,0.76,0.0,0.39752013969226113
39627817427667328,0.0,0.18,0.82,0.0,0.34003852286413994
39627817427666669,0.0,0.1,0.9,0.0,0.2344977967946406
39627865741856560,0.0,0.74,0.26,0.0,0.4133731862463089
39627829515653329,0.0,0.29,0.71,0.0,0.43436062316970225
39627823484240419,0.0,0.04,0.96,0.0,0.12114609454120741
39627871777457957,0.0,0.44,0.56,0.0,0.4947937606110278
39627871777458021,0.0,0.39,0.61,0.0,0.4823997742525436
39627871785848289,0.0,0.91,0.09,0.0,0.21823490853205144
39627805369045674,0.0,0.75,0.25,0.0,0.4056390622295664
39627853704204444,0.0,0.68,0.32,0.0,0.45219072886224687
39627859743998035,0.0,0.96,0.04,0.0,0.12114609454120741
39627817457026205,0.0,0.77,0.23,0.0,0.38900565177326885
39627859727222286,0.0,0.27,0.73,0.0,0.42073231810408784
39627871790041353,0.0,0.4,0.6,0.0,0.4854752972273343
39627847622460260,0.0,0.9,0.1,0.0,0.2344977967946406
39627871794236880,0.0,0.21,0.79,0.0,0.37074136996563684
39627865750244134,0.0,0.67,0.33,0.0,0.4574631863898637
39627841595244724,0.0,0.05,0.95,0.0,0.14319847855797813
39627865767019375,0.0,0.12,0.88,0.0,0.2646804326436822
39627853704200989,0.0,0.15,0.85,0.0,0.3049201523582002
39627811408841197,0.0,0.9,0.1,0.0,0.2344977967946406
39627865754440714,0.0,0.74,0.26,0.0,0.4133731862463089
39627829545011043,0.0,0.48,0.52,0.0,0.4994227679976009
39627823484244409,0.0,0.27,0.73,0.0,0.42073231810408784
39627853679035889,0.0,0.0,0.96,0.04,0.12114609454120741
39627835572229369,0.0,0.21,0.79,0.0,0.37074136996563684
39627865750244235,0.0,0.02,0.98,0.0,0.07072027127091034
39627853704201229,0.0,0.95,0.05,0.0,0.14319847855797813
39627823463271222,0.0,0.44,0.56,0.0,0.4947937606110278
39627841620413423,0.0,0.9,0.1,0.0,0.2344977967946406
39627847664404883,0.0,0.23,0.77,0.0,0.38900565177326885
39627865746047129,0.0,0.6,0.4,0.0,0.4854752972273343
39627853666453978,0.0,0.64,0.36,0.0,0.4713415946277461
39627835568030205,0.0,0.01,0.9,0.09,0.2579475764741046
39627835568030181,0.0,0.01,0.97,0.02,0.11097036642660543
39627853666455191,0.0,0.59,0.41,0.0,0.488250234378912
39627835576422607,0.0,0.01,0.99,0.0,0.04039656794795559
39627835572225367,0.0,0.97,0.03,0.0,0.0971959289157881
39627823496825074,0.0,0.53,0.47,0.0,0.4987007942838698
39627829545010542,0.0,0.24,0.76,0.0,0.39752013969226113
39627829503068771,0.0,0.97,0.03,0.0,0.0971959289157881
39627847630849684,0.0,0.17,0.83,0.0,0.32885238937210975
39627847630853304,0.0,0.86,0.14,0.0,0.292119405821428
39627847630849737,0.0,0.91,0.09,0.0,0.21823490853205144
39627865754436112,0.0,0.19,0.81,0.0,0.3507357299419487
39627865754436163,0.0,0.73,0.27,0.0,0.42073231810408784
39627841591051853,0.0,0.92,0.08,0.0,0.2010895951011364
39627841591051329,0.02,0.98,0.0,0.0,0.07072027127091034
39627859739805756,0.0,0.01,0.98,0.01,0.08072027127091033
39627841591051439,0.0,0.06,0.94,0.0,0.16372245957723813
39627865741855974,0.0,0.96,0.04,0.0,0.12114609454120741
39627835568031826,0.0,0.75,0.25,0.0,0.4056390622295664
39627865741856098,0.0,0.6,0.4,0.0,0.4854752972273343
39627835568031840,0.0,0.01,0.98,0.01,0.08072027127091033
39627865741856282,0.0,0.99,0.01,0.0,0.04039656794795559
39627847639241992,0.0,0.91,0.09,0.0,0.21823490853205144
39627847635042474,0.0,0.49,0.51,0.0,0.49985572087640495
39627871777457644,0.0,0.05,0.95,0.0,0.14319847855797813
39627877821451789,0.0,0.98,0.02,0.0,0.07072027127091034
39627841607832217,0.0,0.68,0.32,0.0,0.45219072886224687
39627853666452222,0.0,0.06,0.94,0.0,0.16372245957723813
39627835576422877,0.0,0.0,1.0,0.0,-0.0
39627877821451742,0.0,0.03,0.89,0.08,0.296452280596498
39627865741855779,0.0,0.1,0.9,0.0,0.2344977967946406
39627865741855742,0.0,0.95,0.05,0.0,0.14319847855797813
39627853662259002,0.0,0.1,0.9,0.0,0.2344977967946406
39627829540818238,0.0,0.92,0.08,0.0,0.2010895951011364
39627859710446727,0.0,0.69,0.31,0.0,0.4465867291889284
39627853704201464,0.0,0.82,0.18,0.0,0.34003852286413994
39627817436058104,0.0,0.07,0.93,0.0,0.18296182545011158
39627847660213049,0.0,0.54,0.46,0.0,0.49768921941011285
39627841624606298,0.0,0.46,0.54,0.0,0.49768921941011285
39627817436058004,0.0,0.01,0.99,0.0,0.04039656794795559
39627847660213117,0.0,0.17,0.83,0.0,0.32885238937210975
39627841591052700,0.0,0.0,0.99,0.01,0.04039656794795559
39627817436058416,0.0,0.45,0.55,0.0,0.49638722699390414
39627829540818503,0.0,0.02,0.98,0.0,0.07072027127091034
39627841603634505,0.0,0.69,0.31,0.0,0.4465867291889284
39627853704204283,0.0,0.44,0.56,0.0,0.4947937606110278
39627817465414146,0.0,0.19,0.81,0.0,0.3507357299419487
39627823496826931,0.0,0.03,0.97,0.0,0.0971959289157881
39627853666455706,0.0,0.31,0.69,0.0,0.4465867291889284
39627853666455811,0.01,0.98,0.01,0.0,0.08072027127091033
39627847651823322,0.0,0.97,0.03,0.0,0.0971959289157881
39627829549203895,0.0,0.94,0.06,0.0,0.16372245957723813
39627817436056543,0.0,0.55,0.45,0.0,0.49638722699390414
39627829545012781,0.0,0.39,0.61,0.0,0.4823997742525436
39627841591053092,0.0,0.75,0.25,0.0,0.4056390622295664
39627817465413729,0.0,0.12,0.88,0.0,0.2646804326436822
39627829536624608,0.0,0.03,0.97,0.0,0.0971959289157881
39627835559644006,0.0,0.95,0.05,0.0,0.14319847855797813
39627835580613367,0.0,0.46,0.54,0.0,0.49768921941011285
39627817461223322,0.0,0.11,0.89,0.0,0.249957979082264
39627847651821409,0.0,0.31,0.69,0.0,0.4465867291889284
39627823475853729,0.0,0.44,0.56,0.0,0.4947937606110278
39627823501021744,0.0,0.82,0.18,0.0,0.34003852286413994
39627823496826595,0.0,0.2,0.8,0.0,0.36096404744368116
39627841582664504,0.01,0.97,0.02,0.0,0.11097036642660543
39627817436056852,0.0,0.34,0.66,0.0,0.46240935248651505
39627817436056790,0.0,0.74,0.26,0.0,0.4133731862463089
39627823501021824,0.0,0.16,0.84,0.0,0.3171547773202831
39627829536624440,0.0,0.04,0.96,0.0,0.12114609454120741
39627859710446781,0.0,0.08,0.92,0.0,0.2010895951011364
39627817452832204,0.0,0.18,0.82,0.0,0.34003852286413994
39627823496826793,0.0,0.08,0.92,0.0,0.2010895951011364
39627823471661019,0.0,0.31,0.69,0.0,0.4465867291889284
39627823496826134,0.0,0.56,0.44,0.0,0.4947937606110278
39627859710446755,0.0,0.51,0.49,0.0,0.49985572087640495
39627811396258909,0.0,0.0,0.98,0.02,0.07072027127091034
39627811396259011,0.0,0.84,0.16,0.0,0.3171547773202831
39627847656017925,0.0,0.85,0.15,0.0,0.3049201523582002
39627847656017853,0.0,0.51,0.49,0.0,0.49985572087640495
39627817465414287,0.0,0.77,0.23,0.0,0.38900565177326885
39627853704204269,0.0,0.31,0.69,0.0,0.4465867291889284
39627847643432025,0.0,0.58,0.42,0.0,0.49072694751682683
39627853704204301,0.0,0.38,0.62,0.0,0.47902101111314976
39627817465414466,0.0,0.84,0.16,0.0,0.3171547773202831
39627817465414496,0.0,0.23,0.77,0.0,0.38900565177326885
39627835559643840,0.0,0.28,0.72,0.0,0.4277254052800653
39627835547062489,0.0,0.42,0.58,0.0,0.49072694751682683
39627817461224014,0.0,0.43,0.57,0.0,0.4929075185894599
39627853695814346,0.0,0.99,0.01,0.0,0.04039656794795559
39627841599444209,0.0,0.87,0.13,0.0,0.2787190925139945
39627853683231975,0.0,0.81,0.19,0.0,0.3507357299419487
39627829519846079,0.0,0.94,0.06,0.0,0.16372245957723813
39627823475854193,0.0,0.64,0.36,0.0,0.4713415946277461
39627847651823456,0.0,0.9,0.1,0.0,0.2344977967946406
39627835559643316,0.0,0.8,0.2,0.0,0.36096404744368116
39627835559644366,0.0,0.4,0.6,0.0,0.4854752972273343
39627859743998845,0.0,0.64,0.36,0.0,0.4713415946277461
39627871794236912,0.0,1.0,0.0,0.0,-0.0
39627841599442349,0.0,0.12,0.88,0.0,0.2646804326436822
39627853704201069,0.0,0.15,0.85,0.0,0.3049201523582002
39627841628800447,0.0,1.0,0.0,0.0,-0.0
39627871794235782,0.0,0.12,0.88,0.0,0.2646804326436822
39627805360657745,0.0,0.22,0.78,0.0,0.38008375148098283
39627865750243703,0.0,0.87,0.13,0.0,0.2787190925139945
39627853687423259,0.0,0.34,0.66,0.0,0.46240935248651505
39627841586859718,0.0,0.0,0.77,0.23,0.38900565177326885
39627835576418733,0.0,0.28,0.72,0.0,0.4277254052800653
39627853704204369,0.01,0.96,0.03,0.0,0.13737165703039006
39627859718836618,0.0,0.77,0.23,0.0,0.38900565177326885
39627811392063668,0.0,0.02,0.98,0.0,0.07072027127091034
39627811392063786,0.0,0.47,0.53,0.0,0.4987007942838698
39627805352270071,0.0,0.52,0.48,0.0,0.4994227679976009
39627847635046436,0.0,0.51,0.49,0.0,0.49985572087640495
39627853670649563,0.0,0.34,0.66,0.0,0.46240935248651505
39627853670649567,0.06,0.94,0.0,0.0,0.16372245957723813
39627847635046572,0.0,0.83,0.17,0.0,0.32885238937210975
39627835555450449,0.0,0.01,0.98,0.01,0.08072027127091033
39627859727222652,0.0,0.16,0.84,0.0,0.3171547773202831
39627835555450419,0.0,0.12,0.88,0.0,0.2646804326436822
39627835555449743,0.0,0.97,0.03,0.0,0.0971959289157881
39627859723030413,0.0,0.68,0.32,0.0,0.45219072886224687
39627865754437404,0.0,0.63,0.37,0.0,0.47533604634353294
39627835555450006,0.0,0.72,0.28,0.0,0.4277254052800653
39627835555449597,0.0,0.97,0.03,0.0,0.0971959289157881
39627835555449729,0.0,0.91,0.09,0.0,0.21823490853205144
39627853704204503,0.0,0.97,0.03,0.0,0.0971959289157881
39627841616216115,0.0,0.51,0.49,0.0,0.49985572087640495
39627841612027559,0.0,0.77,0.23,0.0,0.38900565177326885
39627817436059167,0.0,0.61,0.39,0.0,0.4823997742525436
39627859739807855,0.0,0.84,0.16,0.0,0.3171547773202831
39627841591054401,0.0,0.47,0.53,0.0,0.4987007942838698
39627859744000545,0.0,0.62,0.38,0.0,0.47902101111314976
39627805356458530,0.0,0.4,0.6,0.0,0.4854752972273343
39627853691621356,0.0,0.01,0.95,0.04,0.16124668093016215
39627853704204144,0.0,0.09,0.91,0.0,0.21823490853205144
39627871794236517,0.0,0.66,0.34,0.0,0.46240935248651505
39627853704204399,0.0,0.15,0.85,0.0,0.3049201523582002
39627823505215346,0.0,0.31,0.69,0.0,0.4465867291889284
39627853704204058,0.0,0.86,0.14,0.0,0.292119405821428
39627823496825961,0.0,0.02,0.98,0.0,0.07072027127091034
39627823501021678,0.0,0.88,0.12,0.0,0.2646804326436822
39627847664404020,0.0,0.01,0.99,0.0,0.04039656794795559
39627823475854774,0.0,0.22,0.78,0.0,0.38008375148098283
39627823501021530,0.0,0.09,0.91,0.0,0.21823490853205144
39627847635046801,0.03,0.97,0.0,0.0,0.0971959289157881
39627853691618851,0.0,0.91,0.09,0.0,0.21823490853205144
39627817461223641,0.0,0.38,0.62,0.0,0.47902101111314976
39627823496826209,0.0,1.0,0.0,0.0,-0.0
39627847643432493,0.0,0.08,0.92,0.0,0.2010895951011364
39627847643432474,0.0,0.0,0.91,0.09,0.21823490853205144
39627817452830937,0.0,0.93,0.07,0.0,0.18296182545011158
39627823475854551,0.0,0.2,0.8,0.0,0.36096404744368116
39627871794236718,0.0,1.0,0.0,0.0,-0.0
39627865775411780,0.0,0.11,0.89,0.0,0.249957979082264
39627865746049211,0.0,0.0,0.95,0.05,0.14319847855797813
39627841620412171,0.0,0.45,0.55,0.0,0.49638722699390414
39627823475854395,0.02,0.95,0.03,0.0,0.1674722434193448
39627823475854271,0.04,0.96,0.0,0.0,0.12114609454120741
39627817448641028,0.0,0.06,0.94,0.0,0.16372245957723813
39627859744000116,0.0,0.96,0.04,0.0,0.12114609454120741
39627859744000187,0.0,0.33,0.67,0.0,0.4574631863898637
39627859743999915,0.0,0.55,0.45,0.0,0.49638722699390414
39627805360653135,0.0,0.24,0.76,0.0,0.39752013969226113
39627835538671829,0.0,0.06,0.94,0.0,0.16372245957723813
39627859702055989,0.0,0.97,0.03,0.0,0.0971959289157881
39627853658065182,0.0,0.79,0.21,0.0,0.37074136996563684
39627853658064712,0.0,0.77,0.23,0.0,0.38900565177326885
39627853658065190,0.0,0.95,0.05,0.0,0.14319847855797813
39627835538671700,0.0,0.58,0.42,0.0,0.49072694751682683
39627811387868229,0.0,0.34,0.66,0.0,0.46240935248651505
39627811387868420,0.0,0.93,0.07,0.0,0.18296182545011158
39627847660208911,0.0,0.14,0.86,0.0,0.292119405821428
39627847647628531,0.0,0.78,0.22,0.0,0.38008375148098283
39627823501018761,0.0,0.78,0.22,0.0,0.38008375148098283
39627829532428617,0.02,0.98,0.0,0.0,0.07072027127091034
39627859718836698,0.0,0.92,0.08,0.0,0.2010895951011364
39627847660208472,0.0,0.39,0.61,0.0,0.4823997742525436
39627811400452036,0.0,0.64,0.36,0.0,0.4713415946277461
39627823501019047,0.0,0.24,0.76,0.0,0.39752013969226113
39627823501019094,0.0,0.1,0.9,0.0,0.2344977967946406
39627841595246142,0.0,0.45,0.55,0.0,0.49638722699390414
39627823501018986,0.0,0.93,0.07,0.0,0.18296182545011158
39627823501018947,0.0,0.04,0.96,0.0,0.12114609454120741
39627847660210008,0.0,0.05,0.95,0.0,0.14319847855797813
39627829540816870,0.0,0.79,0.21,0.0,0.37074136996563684
39627847647628505,0.0,0.0,1.0,0.0,-0.0
39627823501019135,0.0,0.39,0.61,0.0,0.4823997742525436
39627853683230870,0.0,0.08,0.92,0.0,0.2010895951011364
39627823459078407,0.0,0.27,0.73,0.0,0.42073231810408784
39627841624605533,0.0,0.94,0.06,0.0,0.16372245957723813
39627841624605446,0.0,0.07,0.93,0.0,0.18296182545011158
39627811387870216,0.0,1.0,0.0,0.0,-0.0
39627817461220001,0.0,0.21,0.79,0.0,0.37074136996563684
39627829536622426,0.0,0.4,0.6,0.0,0.4854752972273343
39627817461219975,0.0,0.33,0.67,0.0,0.4574631863898637
39627829536622242,0.0,0.92,0.08,0.0,0.2010895951011364
39627817461220005,0.0,0.65,0.35,0.0,0.4670340276877455
39627835580616252,0.0,0.0,0.78,0.22,0.38008375148098283
39627829536623245,0.0,0.42,0.58,0.0,0.49072694751682683
39627817461220160,0.0,0.08,0.92,0.0,0.2010895951011364
39627835555448099,0.0,0.12,0.88,0.0,0.2646804326436822
39627835584807929,0.0,0.71,0.29,0.0,0.43436062316970225
39627817427665495,0.0,0.46,0.54,0.0,0.49768921941011285
39627823480049474,0.0,0.35,0.65,0.0,0.4670340276877455
39627859710446289,0.0,0.67,0.33,0.0,0.4574631863898637
39627823501019276,0.0,0.94,0.06,0.0,0.16372245957723813
39627823501019302,0.0,0.97,0.03,0.0,0.0971959289157881
39627817461220291,0.0,0.53,0.47,0.0,0.4987007942838698
39627823501018022,0.0,0.45,0.55,0.0,0.49638722699390414
39627823501018138,0.0,0.27,0.73,0.0,0.42073231810408784
39627847643432952,0.0,0.2,0.8,0.0,0.36096404744368116
39627823459078621,0.0,0.56,0.44,0.0,0.4947937606110278
39627805360655303,0.0,0.81,0.19,0.0,0.3507357299419487
39627835538673199,0.0,0.99,0.01,0.0,0.04039656794795559
39627811400450162,0.0,0.13,0.87,0.0,0.2787190925139945
39627829498875036,0.0,0.22,0.78,0.0,0.38008375148098283
39627853666454822,0.0,0.33,0.67,0.0,0.4574631863898637
39627811400450170,0.0,0.07,0.93,0.0,0.18296182545011158
39627823459077749,0.0,0.83,0.17,0.0,0.32885238937210975
39627859714642783,0.0,0.39,0.61,0.0,0.4823997742525436
39627811417232135,0.0,0.04,0.96,0.0,0.12114609454120741
39627823463268646,0.0,0.32,0.68,0.0,0.45219072886224687
39627823463269049,0.0,0.86,0.14,0.0,0.292119405821428
39627829498874073,0.0,0.86,0.14,0.0,0.292119405821428
39627811417228005,0.0,0.72,0.28,0.0,0.4277254052800653
39627859735612971,0.0,0.47,0.53,0.0,0.4987007942838698
39627871785845791,0.0,0.53,0.47,0.0,0.4987007942838698
39627811387869592,0.0,0.64,0.36,0.0,0.4713415946277461
39627823463268734,0.0,0.73,0.27,0.0,0.42073231810408784
39627871794234736,0.0,0.95,0.05,0.0,0.14319847855797813
39627859706250065,0.0,0.7,0.3,0.0,0.44064544961534635
39627871785845794,0.0,0.95,0.05,0.0,0.14319847855797813
39627853687424353,0.0,1.0,0.0,0.0,-0.0
39627847622461900,0.0,0.03,0.92,0.05,0.239266955218135
39627817461222558,0.0,0.01,0.99,0.0,0.04039656794795559
39627829515650732,0.0,0.92,0.08,0.0,0.2010895951011364
39627847622461796,0.0,0.0,0.95,0.05,0.14319847855797813
39627811387869164,0.01,0.98,0.01,0.0,0.08072027127091033
39627811413034588,0.0,0.9,0.1,0.0,0.2344977967946406
39627847622461333,0.01,0.68,0.31,0.0,0.48429030075228124
39627829507264152,0.0,1.0,0.0,0.0,-0.0
39627829519847861,0.0,0.01,0.96,0.03,0.13737165703039006
39627829519847787,0.0,0.85,0.15,0.0,0.3049201523582002
39627841586858656,0.0,0.0,0.83,0.17,0.32885238937210975
39627817427668593,0.0,0.72,0.28,0.0,0.4277254052800653
39627865767019555,0.0,0.08,0.92,0.0,0.2010895951011364
39627829507263864,0.0,0.78,0.22,0.0,0.38008375148098283
39627829519847664,0.0,0.9,0.1,0.0,0.2344977967946406
39627853695815820,0.0,0.03,0.97,0.0,0.0971959289157881
39627829515652610,0.0,1.0,0.0,0.0,-0.0
39627859710445568,0.0,0.69,0.31,0.0,0.4465867291889284
39627847622462249,0.0,0.15,0.85,0.0,0.3049201523582002
39627859706249621,0.0,0.25,0.75,0.0,0.4056390622295664
39627811400450440,0.0,0.85,0.15,0.0,0.3049201523582002
39627859731415836,0.0,0.57,0.43,0.0,0.4929075185894599
39627859735613546,0.0,0.84,0.16,0.0,0.3171547773202831
39627841582663158,0.0,0.58,0.42,0.0,0.49072694751682683
39627853687427827,0.0,0.53,0.47,0.0,0.4987007942838698
39627853691618103,0.0,0.42,0.58,0.0,0.49072694751682683
39627865746049819,0.0,0.81,0.19,0.0,0.3507357299419487
39627865771215506,0.0,0.73,0.27,0.0,0.42073231810408784
39627859718836333,0.0,0.16,0.84,0.0,0.3171547773202831
39627829536624663,0.0,0.26,0.74,0.0,0.4133731862463089
39627865771215252,0.0,0.76,0.24,0.0,0.39752013969226113
39627859739805693,0.0,0.21,0.79,0.0,0.37074136996563684
39627865762828565,0.0,0.08,0.92,0.0,0.2010895951011364
39627829536623531,0.0,0.03,0.97,0.0,0.0971959289157881
39627847639236748,0.0,0.1,0.9,0.0,0.2344977967946406
39627817457030356,0.0,0.41,0.59,0.0,0.488250234378912
39627871785844850,0.0,0.17,0.83,0.0,0.32885238937210975
39627841620415353,0.0,0.41,0.59,0.0,0.488250234378912
39627823501022079,0.0,0.96,0.04,0.0,0.12114609454120741
39627841595247212,0.0,0.0,0.99,0.01,0.04039656794795559
39627829545012498,0.0,0.07,0.93,0.0,0.18296182545011158
39627871777458549,0.0,0.36,0.64,0.0,0.4713415946277461
39627835572224546,0.0,0.1,0.9,0.0,0.2344977967946406
39627829536623278,0.0,0.31,0.69,0.0,0.4465867291889284
39627823480049285,0.0,0.03,0.96,0.01,0.13737165703039006
39627847635047088,0.0,0.8,0.2,0.0,0.36096404744368116
39627859739805532,0.0,0.26,0.74,0.0,0.4133731862463089
39627847622460079,0.0,0.83,0.17,0.0,0.32885238937210975
39627829507263813,0.0,0.13,0.87,0.0,0.2787190925139945
39627859727226254,0.0,0.17,0.83,0.0,0.32885238937210975
39627841586858810,0.0,0.53,0.47,0.0,0.4987007942838698
39627865767019648,0.01,0.98,0.01,0.0,0.08072027127091033
39627847647628951,0.0,0.08,0.86,0.06,0.36108537534382557
39627823484242631,0.0,0.21,0.79,0.0,0.37074136996563684
39627817440250332,0.0,0.0,1.0,0.0,-0.0
39627817431864414,0.0,0.05,0.95,0.0,0.14319847855797813
39627829507262409,0.0,0.78,0.22,0.0,0.38008375148098283
39627847647629045,0.0,0.5,0.5,0.0,0.5
39627823459078359,0.0,0.3,0.7,0.0,0.44064544961534635
39627841578471818,0.0,0.89,0.11,0.0,0.249957979082264
39627865767019830,0.0,0.13,0.87,0.0,0.2787190925139945
39627865767019915,0.0,0.34,0.66,0.0,0.46240935248651505
39627829545012615,0.0,0.14,0.86,0.0,0.292119405821428
39627811392062075,0.01,0.98,0.01,0.0,0.08072027127091033
39627805360655622,0.0,0.45,0.55,0.0,0.49638722699390414
39627877817258060,0.0,0.61,0.39,0.0,0.4823997742525436
39627865754438305,0.0,0.66,0.34,0.0,0.46240935248651505
39627865754438689,0.0,0.13,0.87,0.0,0.2787190925139945
39627865754438892,0.0,0.53,0.47,0.0,0.4987007942838698
39627835576420137,0.0,0.65,0.35,0.0,0.4670340276877455
39627841578470975,0.0,0.3,0.7,0.0,0.44064544961534635
39627865758631056,0.0,0.0,1.0,0.0,-0.0
39627817461222178,0.0,0.93,0.07,0.0,0.18296182545011158
39627835559643748,0.0,0.32,0.68,0.0,0.45219072886224687
39627865754438962,0.0,0.14,0.86,0.0,0.292119405821428
39627859739805670,0.0,0.88,0.12,0.0,0.2646804326436822
39627871785846042,0.0,0.85,0.15,0.0,0.3049201523582002
39627835559643699,0.0,0.93,0.07,0.0,0.18296182545011158
39627865746049823,0.0,0.63,0.37,0.0,0.47533604634353294
39627859739805694,0.0,0.02,0.98,0.0,0.07072027127091034
39627841578471273,0.0,0.47,0.53,0.0,0.4987007942838698
39627823480049355,0.0,0.01,0.99,0.0,0.04039656794795559
39627829498874205,0.0,0.26,0.74,0.0,0.4133731862463089
39627859706253634,0.0,0.23,0.77,0.0,0.38900565177326885
39627871794235303,0.0,0.39,0.61,0.0,0.4823997742525436
39627835542865467,0.0,0.44,0.56,0.0,0.4947937606110278
39627829498874827,0.0,0.38,0.62,0.0,0.47902101111314976
39627841578470554,0.0,0.68,0.32,0.0,0.45219072886224687
39627835584807698,0.0,0.42,0.58,0.0,0.49072694751682683
39627841578470246,0.0,0.04,0.96,0.0,0.12114609454120741
39627871777458366,0.0,0.1,0.9,0.0,0.2344977967946406
39627805360656764,0.0,0.02,0.98,0.0,0.07072027127091034
39627805360657344,0.0,0.53,0.47,0.0,0.4987007942838698
39627805360656799,0.0,0.03,0.97,0.0,0.0971959289157881
39627859735611760,0.0,0.17,0.83,0.0,0.32885238937210975
39627805360657392,0.0,0.07,0.91,0.02,0.2526241113249394
39627829498875008,0.0,0.31,0.69,0.0,0.4465867291889284
39627805364847604,0.0,0.8,0.2,0.0,0.36096404744368116
39627823480047960,0.0,0.83,0.17,0.0,0.32885238937210975
39627805364847758,0.0,0.1,0.9,0.0,0.2344977967946406
39627811400450160,0.0,0.97,0.03,0.0,0.0971959289157881
39627853666454426,0.0,0.99,0.01,0.0,0.04039656794795559
39627853666454935,0.0,0.27,0.73,0.0,0.42073231810408784
39627811396257590,0.0,0.06,0.94,0.0,0.16372245957723813
39627817427667710,0.0,0.58,0.42,0.0,0.49072694751682683
39627835584807861,0.0,0.0,0.85,0.15,0.3049201523582002
39627859735611816,0.0,0.49,0.51,0.0,0.49985572087640495
39627871777458519,0.0,0.43,0.57,0.0,0.4929075185894599
39627871794234805,0.0,0.87,0.13,0.0,0.2787190925139945
39627817436056513,0.0,0.03,0.97,0.0,0.0971959289157881
39627847635045587,0.0,0.44,0.56,0.0,0.4947937606110278
39627829511455239,0.0,0.0,1.0,0.0,-0.0
39627847626658351,0.0,0.15,0.85,0.0,0.3049201523582002
39627829515651097,0.0,0.61,0.39,0.0,0.4823997742525436
39627841599439293,0.0,0.04,0.96,0.0,0.12114609454120741
39627847626656860,0.0,0.04,0.96,0.0,0.12114609454120741
39627835584809066,0.0,0.46,0.54,0.0,0.49768921941011285
39627817461222710,0.0,0.68,0.32,0.0,0.45219072886224687
39627817461222803,0.0,0.8,0.2,0.0,0.36096404744368116
39627811400451469,0.0,0.03,0.97,0.0,0.0971959289157881
39627847626657943,0.01,0.99,0.0,0.0,0.04039656794795559
39627841599439675,0.0,0.09,0.91,0.0,0.21823490853205144
39627841582664932,0.0,0.71,0.29,0.0,0.43436062316970225
39627847626657973,0.0,0.03,0.92,0.05,0.239266955218135
39627847626656507,0.0,0.88,0.12,0.0,0.2646804326436822
39627847626657879,0.0,0.1,0.9,0.0,0.2344977967946406
39627859706252261,0.0,0.34,0.66,0.0,0.46240935248651505
39627811421422631,0.0,0.16,0.84,0.0,0.3171547773202831
39627823505212194,0.0,0.29,0.71,0.0,0.43436062316970225
39627817457028859,0.0,0.98,0.02,0.0,0.07072027127091034
39627811421422652,0.0,0.8,0.2,0.0,0.36096404744368116
39627865750243022,0.0,0.21,0.79,0.0,0.37074136996563684
39627823459078782,0.0,0.75,0.25,0.0,0.4056390622295664
39627805360655138,0.0,0.01,0.99,0.0,0.04039656794795559
39627823459078731,0.0,0.94,0.06,0.0,0.16372245957723813
39627805360655089,0.01,0.99,0.0,0.0,0.04039656794795559
39627811413035107,0.0,0.24,0.76,0.0,0.39752013969226113
39627805360656402,0.0,0.03,0.91,0.06,0.2595582210645035
39627859706253544,0.0,0.91,0.09,0.0,0.21823490853205144
39627829545012625,0.0,0.84,0.16,0.0,0.3171547773202831
39627811421422413,0.0,0.97,0.03,0.0,0.0971959289157881
39627805360656427,0.0,0.0,1.0,0.0,-0.0
39627805360656093,0.0,0.98,0.02,0.0,0.07072027127091034
39627859735610732,0.0,0.49,0.51,0.0,0.49985572087640495
39627811413035526,0.0,1.0,0.0,0.0,-0.0
39627805360656476,0.0,0.55,0.45,0.0,0.49638722699390414
39627805360657111,0.0,0.02,0.97,0.01,0.11097036642660543
39627805360655857,0.0,0.09,0.91,0.0,0.21823490853205144
39627853691618907,0.0,0.96,0.04,0.0,0.12114609454120741
39627805360657410,0.0,0.65,0.35,0.0,0.4670340276877455
39627805360655377,0.0,0.12,0.88,0.0,0.2646804326436822
39627805360655212,0.0,0.87,0.13,0.0,0.2787190925139945
39627859706252390,0.0,0.67,0.33,0.0,0.4574631863898637
39627811421422480,0.0,0.6,0.4,0.0,0.4854752972273343
39627853670649280,0.0,0.96,0.04,0.0,0.12114609454120741
39627817427669555,0.0,0.7,0.3,0.0,0.44064544961534635
39627835584807680,0.0,0.93,0.07,0.0,0.18296182545011158
39627817427669478,0.0,0.19,0.81,0.0,0.3507357299419487
39627811421422839,0.0,0.74,0.26,0.0,0.4133731862463089
39627847626657752,0.0,0.49,0.51,0.0,0.49985572087640495
39627829511455280,0.0,0.0,0.99,0.01,0.04039656794795559
39627847626657801,0.0,0.26,0.74,0.0,0.4133731862463089
39627817427668323,0.0,0.98,0.02,0.0,0.07072027127091034
39627847626656476,0.0,0.84,0.16,0.0,0.3171547773202831
39627811417230634,0.0,0.35,0.65,0.0,0.4670340276877455
39627871794234905,0.0,0.3,0.7,0.0,0.44064544961534635
39627871794234928,0.0,0.96,0.04,0.0,0.12114609454120741
39627811387870193,0.0,1.0,0.0,0.0,-0.0
39627853670648164,0.0,0.54,0.46,0.0,0.49768921941011285
39627829540815358,0.0,0.0,1.0,0.0,-0.0
39627811417230550,0.02,0.97,0.01,0.0,0.11097036642660543
39627811413035462,0.0,0.15,0.85,0.0,0.3049201523582002
39627811404648612,0.0,0.25,0.75,0.0,0.4056390622295664
39627859723031247,0.0,0.03,0.97,0.0,0.0971959289157881
39627835538673982,0.0,0.77,0.23,0.0,0.38900565177326885
39627859731415281,0.0,0.05,0.95,0.0,0.14319847855797813
39627865758631346,0.0,0.29,0.71,0.0,0.43436062316970225
39627829545013374,0.0,0.84,0.16,0.0,0.3171547773202831
39627835584808739,0.0,0.29,0.71,0.0,0.43436062316970225
39627817444443109,0.0,1.0,0.0,0.0,-0.0
39627835542864491,0.0,0.06,0.94,0.0,0.16372245957723813
39627835538673995,0.0,1.0,0.0,0.0,-0.0
39627847660210746,0.0,1.0,0.0,0.0,-0.0
39627835542867674,0.0,0.29,0.71,0.0,0.43436062316970225
39627811392064981,0.0,0.57,0.43,0.0,0.4929075185894599
39627817436055621,0.0,0.34,0.66,0.0,0.46240935248651505
39627811400454999,0.0,0.95,0.05,0.0,0.14319847855797813
39627829536623548,0.0,0.24,0.76,0.0,0.39752013969226113
39627835584809000,0.0,0.01,0.98,0.01,0.08072027127091033
39627835542867128,0.0,0.95,0.05,0.0,0.14319847855797813
39627835542864499,0.0,0.01,0.96,0.03,0.13737165703039006
39627829540819691,0.0,0.05,0.95,0.0,0.14319847855797813
39627859731415421,0.0,1.0,0.0,0.0,-0.0
39627847635045884,0.0,0.89,0.11,0.0,0.249957979082264
39627841586861529,0.0,0.0,1.0,0.0,-0.0
39627829545011006,0.0,0.58,0.42,0.0,0.49072694751682683
39627871781652625,0.0,0.0,0.97,0.03,0.0971959289157881
39627841586858076,0.0,0.0,1.0,0.0,-0.0
39627841586858043,0.0,1.0,0.0,0.0,-0.0
39627829540819837,0.0,0.94,0.06,0.0,0.16372245957723813
39627841591055140,0.0,0.56,0.44,0.0,0.4947937606110278
39627811404647899,0.0,0.0,0.97,0.03,0.0971959289157881
39627853683231494,0.0,0.44,0.56,0.0,0.4947937606110278
39627811404646227,0.0,0.29,0.71,0.0,0.43436062316970225
39627853700007826,0.0,0.27,0.73,0.0,0.42073231810408784
39627823488434299,0.0,0.85,0.15,0.0,0.3049201523582002
39627847622462015,0.0,0.93,0.07,0.0,0.18296182545011158
39627817440251421,0.0,0.92,0.08,0.0,0.2010895951011364
39627823484244917,0.0,0.7,0.3,0.0,0.44064544961534635
39627817440251144,0.0,0.22,0.78,0.0,0.38008375148098283
39627847635043943,0.0,0.97,0.03,0.0,0.0971959289157881
39627817440250909,0.0,0.68,0.32,0.0,0.45219072886224687
39627859710445252,0.0,0.47,0.53,0.0,0.4987007942838698
39627847635043931,0.0,0.74,0.26,0.0,0.4133731862463089
39627841582665068,0.0,0.86,0.14,0.0,0.292119405821428
39627847635043674,0.0,0.21,0.79,0.0,0.37074136996563684
39627865758634904,0.0,0.57,0.43,0.0,0.4929075185894599
39627811400454711,0.0,0.31,0.69,0.0,0.4465867291889284
39627817461221741,0.0,0.0,1.0,0.0,-0.0
39627829528234020,0.0,0.0,0.93,0.07,0.18296182545011158
39627829528233983,0.0,0.62,0.38,0.0,0.47902101111314976
39627829528232774,0.0,0.08,0.92,0.0,0.2010895951011364
39627829524042768,0.0,0.0,0.99,0.01,0.04039656794795559
39627847622461200,0.0,0.94,0.06,0.0,0.16372245957723813
39627847622463029,0.0,0.39,0.61,0.0,0.4823997742525436
39627847622463200,0.0,0.24,0.76,0.0,0.39752013969226113
39627859727225970,0.0,0.06,0.94,0.0,0.16372245957723813
39627865758631367,0.0,0.11,0.89,0.0,0.249957979082264
39627829524039221,0.0,0.93,0.07,0.0,0.18296182545011158
39627865750243717,0.0,0.03,0.97,0.0,0.0971959289157881
39627829507264640,0.0,0.03,0.97,0.0,0.0971959289157881
39627865750243281,0.0,1.0,0.0,0.0,-0.0
39627877817257542,0.0,0.97,0.03,0.0,0.0971959289157881
39627859727225742,0.0,0.06,0.94,0.0,0.16372245957723813
39627859727225698,0.0,0.27,0.73,0.0,0.42073231810408784
39627853674842072,0.0,0.14,0.86,0.0,0.292119405821428
39627829524042925,0.0,0.68,0.32,0.0,0.45219072886224687
39627859727225668,0.0,0.69,0.31,0.0,0.4465867291889284
39627859727225647,0.0,0.97,0.03,0.0,0.0971959289157881
39627877817257573,0.0,0.13,0.87,0.0,0.2787190925139945
39627859727225575,0.0,0.4,0.6,0.0,0.4854752972273343
39627847622463325,0.0,0.01,0.99,0.0,0.04039656794795559
39627847622463646,0.0,0.8,0.2,0.0,0.36096404744368116
39627865750242586,0.0,0.04,0.95,0.01,0.16124668093016215
39627817440253054,0.0,0.37,0.63,0.0,0.47533604634353294
39627847622463978,0.0,0.87,0.13,0.0,0.2787190925139945
39627829515651040,0.0,0.36,0.64,0.0,0.4713415946277461
39627865750242787,0.0,0.82,0.18,0.0,0.34003852286413994
39627859739805418,0.0,0.18,0.82,0.0,0.34003852286413994
39627865750242878,0.0,0.96,0.04,0.0,0.12114609454120741
39627817440253315,0.0,0.2,0.8,0.0,0.36096404744368116
39627859727225572,0.0,0.04,0.95,0.01,0.16124668093016215
39627859727225574,0.0,0.02,0.92,0.06,0.23354072007950172
39627859739805684,0.0,0.33,0.67,0.0,0.4574631863898637
39627841616221697,0.0,0.31,0.69,0.0,0.4465867291889284
39627859735613674,0.0,0.73,0.27,0.0,0.42073231810408784
39627847635046860,0.0,0.0,0.6,0.4,0.4854752972273343
39627817427666900,0.0,0.76,0.24,0.0,0.39752013969226113
39627835568031190,0.0,0.72,0.28,0.0,0.4277254052800653
39627835547061519,0.0,0.01,0.99,0.0,0.04039656794795559
39627823492633996,0.0,0.33,0.67,0.0,0.4574631863898637
39627817431863584,0.0,0.92,0.08,0.0,0.2010895951011364
39627823484242869,0.0,0.39,0.61,0.0,0.4823997742525436
39627817452834586,0.0,0.49,0.51,0.0,0.49985572087640495
39627817431863921,0.0,0.33,0.67,0.0,0.4574631863898637
39627871794235630,0.0,0.94,0.06,0.0,0.16372245957723813
39627811396257727,0.0,0.0,1.0,0.0,-0.0
39627841616221619,0.0,0.6,0.4,0.0,0.4854752972273343
39627823484243392,0.0,0.69,0.31,0.0,0.4465867291889284
39627811404648963,0.0,0.0,1.0,0.0,-0.0
39627841595248934,0.0,0.73,0.27,0.0,0.42073231810408784
39627805364848731,0.0,0.97,0.03,0.0,0.0971959289157881
39627811396256903,0.0,0.01,0.95,0.04,0.16124668093016215
39627865771215149,0.0,0.1,0.9,0.0,0.2344977967946406
39627841578472420,0.0,0.88,0.12,0.0,0.2646804326436822
39627841578472542,0.0,0.86,0.14,0.0,0.292119405821428
39627853674841544,0.0,0.87,0.13,0.0,0.2787190925139945
39627835547062958,0.0,0.46,0.54,0.0,0.49768921941011285
39627835547063093,0.0,0.92,0.08,0.0,0.2010895951011364
39627835542867736,0.0,0.59,0.41,0.0,0.488250234378912
39627865767019240,0.0,0.57,0.43,0.0,0.4929075185894599
39627865767019266,0.0,0.07,0.93,0.0,0.18296182545011158
39627835568031816,0.0,0.06,0.94,0.0,0.16372245957723813
39627829498875636,0.0,0.9,0.1,0.0,0.2344977967946406
39627865758634214,0.0,0.48,0.52,0.0,0.4994227679976009
39627841616219271,0.0,0.03,0.97,0.0,0.0971959289157881
39627835568032953,0.0,0.08,0.92,0.0,0.2010895951011364
39627871794235094,0.0,0.93,0.07,0.0,0.18296182545011158
39627835547063960,0.0,0.58,0.42,0.0,0.49072694751682683
39627823484242360,0.0,0.02,0.98,0.0,0.07072027127091034
39627835547063664,0.0,0.94,0.06,0.0,0.16372245957723813
39627841599438941,0.0,1.0,0.0,0.0,-0.0
39627811408841678,0.0,0.49,0.51,0.0,0.49985572087640495
39627829515652601,0.0,0.13,0.87,0.0,0.2787190925139945
39627865758634652,0.0,0.63,0.37,0.0,0.47533604634353294
39627823484242240,0.0,0.0,1.0,0.0,-0.0
39627817431864612,0.0,0.99,0.01,0.0,0.04039656794795559
39627859731419129,0.0,0.16,0.84,0.0,0.3171547773202831
39627841620415109,0.0,0.79,0.21,0.0,0.37074136996563684
39627823484243576,0.0,0.67,0.33,0.0,0.4574631863898637
39627859731416457,0.0,0.57,0.43,0.0,0.4929075185894599
39627835547059128,0.0,0.02,0.98,0.0,0.07072027127091034
39627817436055270,0.0,0.79,0.21,0.0,0.37074136996563684
39627865771215479,0.0,0.01,0.98,0.01,0.08072027127091033
39627865758634492,0.0,0.8,0.2,0.0,0.36096404744368116
39627841616222001,0.0,0.56,0.44,0.0,0.4947937606110278
39627859739806636,0.0,0.07,0.92,0.01,0.22283217282912027
39627865767020544,0.0,0.79,0.21,0.0,0.37074136996563684
39627865771213351,0.0,0.78,0.22,0.0,0.38008375148098283
39627823467464831,0.0,0.58,0.42,0.0,0.49072694751682683
39627817436054856,0.0,0.0,1.0,0.0,-0.0
39627841616221843,0.0,0.32,0.68,0.0,0.45219072886224687
39627841616221780,0.0,0.75,0.25,0.0,0.4056390622295664
39627823467465404,0.0,0.06,0.94,0.0,0.16372245957723813
39627853700009719,0.0,0.43,0.57,0.0,0.4929075185894599
39627829507262245,0.0,0.17,0.83,0.0,0.32885238937210975
39627835584809183,0.0,0.8,0.2,0.0,0.36096404744368116
39627817452835410,0.0,0.0,0.87,0.13,0.2787190925139945
39627841616221707,0.0,0.2,0.8,0.0,0.36096404744368116
39627841620414956,0.0,0.58,0.42,0.0,0.49072694751682683
39627859739806094,0.0,0.0,0.99,0.01,0.04039656794795559
39627865771215456,0.0,0.69,0.31,0.0,0.4465867291889284
39627817452832684,0.0,0.01,0.98,0.01,0.08072027127091033
39627841620414798,0.0,0.4,0.6,0.0,0.4854752972273343
39627805364848324,0.0,0.48,0.52,0.0,0.4994227679976009
39627817452835599,0.0,0.15,0.85,0.0,0.3049201523582002
39627865746049413,0.0,0.77,0.23,0.0,0.38900565177326885
39627859735613696,0.0,0.39,0.61,0.0,0.4823997742525436
39627859731416986,0.0,0.3,0.7,0.0,0.44064544961534635
39627835568030829,0.0,0.0,0.97,0.03,0.0971959289157881
39627823484240997,0.0,0.06,0.94,0.0,0.16372245957723813
39627841599441330,0.0,0.54,0.46,0.0,0.49768921941011285
39627853687426098,0.0,0.98,0.02,0.0,0.07072027127091034
39627859723026524,0.0,0.08,0.92,0.0,0.2010895951011364
39627829540819821,0.0,0.17,0.83,0.0,0.32885238937210975
39627829540819756,0.0,1.0,0.0,0.0,-0.0
39627835568030980,0.0,0.11,0.89,0.0,0.249957979082264
39627823484240909,0.0,0.01,0.99,0.0,0.04039656794795559
39627847660210026,0.0,0.56,0.44,0.0,0.4947937606110278
39627841599441056,0.0,0.88,0.12,0.0,0.2646804326436822
39627841599441050,0.0,0.0,0.98,0.02,0.07072027127091034
39627829540819709,0.0,0.04,0.96,0.0,0.12114609454120741
39627859702059034,0.0,0.94,0.06,0.0,0.16372245957723813
39627829528234817,0.0,0.77,0.23,0.0,0.38900565177326885
39627823467466402,0.0,0.97,0.03,0.0,0.0971959289157881
39627829503070325,0.0,0.79,0.21,0.0,0.37074136996563684
39627841582662211,0.0,0.34,0.66,0.0,0.46240935248651505
39627817461221108,0.0,0.59,0.41,0.0,0.488250234378912
39627865767020007,0.0,0.81,0.19,0.0,0.3507357299419487
39627865758635167,0.0,0.16,0.84,0.0,0.3171547773202831
39627823484241101,0.0,0.01,0.97,0.02,0.11097036642660543
39627841582663725,0.0,0.86,0.14,0.0,0.292119405821428
39627817436056649,0.0,0.45,0.55,0.0,0.49638722699390414
39627859706250288,0.0,0.07,0.92,0.01,0.22283217282912027
39627817461221012,0.0,0.29,0.71,0.0,0.43436062316970225
39627865741856906,0.0,0.36,0.64,0.0,0.4713415946277461
39627817440251498,0.0,0.1,0.9,0.0,0.2344977967946406
39627817461219951,0.0,0.02,0.98,0.0,0.07072027127091034
39627865741857055,0.0,0.34,0.66,0.0,0.46240935248651505
39627817444443343,0.0,0.44,0.56,0.0,0.4947937606110278
39627859702059021,0.0,0.58,0.42,0.0,0.49072694751682683
39627859723026615,0.0,0.5,0.5,0.0,0.5
39627817452835625,0.0,0.6,0.4,0.0,0.4854752972273343
39627835568030698,0.0,0.48,0.52,0.0,0.4994227679976009
39627817431863046,0.0,0.4,0.6,0.0,0.4854752972273343
39627865762825429,0.0,0.54,0.46,0.0,0.49768921941011285
39627805364846836,0.0,0.99,0.01,0.0,0.04039656794795559
39627871794235068,0.0,0.85,0.15,0.0,0.3049201523582002
39627865762825431,0.0,0.26,0.74,0.0,0.4133731862463089
39627871794237474,0.0,0.92,0.08,0.0,0.2010895951011364
39627841607831547,0.0,0.96,0.04,0.0,0.12114609454120741
39627853679038843,0.0,0.58,0.42,0.0,0.49072694751682683
39627841607831502,0.0,0.0,0.98,0.02,0.07072027127091034
39627853679038840,0.0,0.05,0.95,0.0,0.14319847855797813
39627835584807523,0.0,0.98,0.02,0.0,0.07072027127091034
39627847626656716,0.0,0.07,0.93,0.0,0.18296182545011158
39627817436058534,0.0,0.0,1.0,0.0,-0.0
39627859718836982,0.0,0.99,0.01,0.0,0.04039656794795559
39627817436058563,0.0,0.61,0.39,0.0,0.4823997742525436
39627853670649311,0.0,0.46,0.54,0.0,0.49768921941011285
39627865758632271,0.0,0.43,0.57,0.0,0.4929075185894599
39627829540815094,0.0,0.0,1.0,0.0,-0.0
39627829511455106,0.0,0.29,0.71,0.0,0.43436062316970225
39627853670649169,0.0,0.16,0.84,0.0,0.3171547773202831
39627817436058669,0.0,0.14,0.86,0.0,0.292119405821428
39627871777459963,0.0,0.98,0.02,0.0,0.07072027127091034
39627817461222488,0.0,0.1,0.89,0.01,0.27413031336294724
39627841595248140,0.0,0.5,0.5,0.0,0.5
39627829524041181,0.0,0.42,0.58,0.0,0.49072694751682683
39627853670650068,0.0,0.0,0.8,0.2,0.36096404744368116
39627841624606678,0.0,0.83,0.17,0.0,0.32885238937210975
39627817440251833,0.0,0.41,0.59,0.0,0.488250234378912
39627865767020060,0.01,0.99,0.0,0.0,0.04039656794795559
39627853674841636,0.0,0.16,0.84,0.0,0.3171547773202831
39627859714639916,0.0,0.18,0.82,0.0,0.34003852286413994
39627865758634001,0.0,0.21,0.79,0.0,0.37074136996563684
39627829532429975,0.0,0.12,0.88,0.0,0.2646804326436822
39627823459079122,0.0,0.3,0.7,0.0,0.44064544961534635
39627859727226293,0.0,0.57,0.43,0.0,0.4929075185894599
39627841595248167,0.0,0.56,0.44,0.0,0.4947937606110278
39627817461222549,0.0,0.72,0.28,0.0,0.4277254052800653
39627817457025617,0.0,0.0,0.95,0.05,0.14319847855797813
39627817461222539,0.0,0.19,0.81,0.0,0.3507357299419487
39627871794237587,0.0,0.0,0.88,0.12,0.2646804326436822
39627817431864464,0.0,0.14,0.86,0.0,0.292119405821428
39627841595248626,0.0,0.5,0.5,0.0,0.5
39627865767019832,0.0,0.11,0.89,0.0,0.249957979082264
39627841595248959,0.0,0.81,0.19,0.0,0.3507357299419487
39627847660211448,0.01,0.97,0.02,0.0,0.11097036642660543
39627811404648681,0.0,0.07,0.93,0.0,0.18296182545011158
39627817431864083,0.0,0.0,0.83,0.17,0.32885238937210975
39627835555451719,0.0,0.15,0.85,0.0,0.3049201523582002
39627853670650170,0.0,0.63,0.37,0.0,0.47533604634353294
39627865758633414,0.0,0.71,0.29,0.0,0.43436062316970225
39627865758633763,0.0,0.73,0.27,0.0,0.42073231810408784
39627847635044328,0.0,0.35,0.65,0.0,0.4670340276877455
39627847635044293,0.0,0.63,0.37,0.0,0.47533604634353294
39627865767019945,0.0,0.34,0.66,0.0,0.46240935248651505
39627817457025098,0.0,1.0,0.0,0.0,-0.0
39627823467465303,0.0,0.03,0.97,0.0,0.0971959289157881
39627811400452496,0.0,0.31,0.69,0.0,0.4465867291889284
39627823484241592,0.0,0.56,0.44,0.0,0.4947937606110278
39627859731418699,0.0,0.56,0.44,0.0,0.4947937606110278
39627841586860567,0.0,0.49,0.51,0.0,0.49985572087640495
39627871785846654,0.0,0.73,0.27,0.0,0.42073231810408784
39627865758630714,0.0,0.07,0.93,0.0,0.18296182545011158
39627835555446961,0.0,0.86,0.14,0.0,0.292119405821428
39627853670650069,0.0,0.0,1.0,0.0,-0.0
39627865758632882,0.0,0.01,0.99,0.0,0.04039656794795559
39627829515652042,0.0,0.54,0.46,0.0,0.49768921941011285
39627853683230381,0.0,0.79,0.21,0.0,0.37074136996563684
39627811404648498,0.0,0.3,0.7,0.0,0.44064544961534635
39627853683230152,0.0,0.0,0.88,0.12,0.2646804326436822
39627841595247673,0.0,0.01,0.99,0.0,0.04039656794795559
39627841595246873,0.0,0.0,0.9,0.1,0.2344977967946406
39627865758633006,0.0,0.03,0.97,0.0,0.0971959289157881
39627865758630557,0.0,0.82,0.18,0.0,0.34003852286413994
39627817461222230,0.0,0.99,0.01,0.0,0.04039656794795559
39627829515650057,0.0,0.16,0.84,0.0,0.3171547773202831
39627859744000364,0.0,0.88,0.12,0.0,0.2646804326436822
39627841595247245,0.0,1.0,0.0,0.0,-0.0
39627835584807556,0.0,0.09,0.91,0.0,0.21823490853205144
39627841599441782,0.0,0.0,0.7,0.3,0.44064544961534635
39627841595247032,0.0,0.04,0.96,0.0,0.12114609454120741
39627829524039554,0.0,0.8,0.2,0.0,0.36096404744368116
39627841599439250,0.0,0.0,1.0,0.0,-0.0
39627847660211560,0.0,0.64,0.36,0.0,0.4713415946277461
39627817457027669,0.0,0.84,0.16,0.0,0.3171547773202831
39627829498874877,0.0,1.0,0.0,0.0,-0.0
39627847660211119,0.0,0.07,0.93,0.0,0.18296182545011158
39627829545013051,0.0,0.68,0.32,0.0,0.45219072886224687
39627853683229158,0.0,0.67,0.33,0.0,0.4574631863898637
39627847635044179,0.0,0.46,0.54,0.0,0.49768921941011285
39627853683229985,0.0,0.14,0.86,0.0,0.292119405821428
39627859718837612,0.0,0.05,0.95,0.0,0.14319847855797813
39627859718837670,0.0,0.73,0.27,0.0,0.42073231810408784
39627859718835183,0.0,0.3,0.7,0.0,0.44064544961534635
39627841599441391,0.0,0.5,0.5,0.0,0.5
39627859727221139,0.0,0.2,0.8,0.0,0.36096404744368116
39627859718835247,0.0,0.5,0.5,0.0,0.5
39627841586860535,0.0,0.14,0.86,0.0,0.292119405821428
39627865758631923,0.0,0.28,0.72,0.0,0.4277254052800653
39627871785846018,0.0,0.98,0.02,0.0,0.07072027127091034
39627829498875205,0.0,0.28,0.72,0.0,0.4277254052800653
39627865741857156,0.0,0.17,0.83,0.0,0.32885238937210975
39627823480047756,0.0,0.0,1.0,0.0,-0.0
39627811400450670,0.0,0.01,0.99,0.0,0.04039656794795559
39627811400450629,0.0,0.4,0.6,0.0,0.4854752972273343
39627817427667692,0.01,0.99,0.0,0.0,0.04039656794795559
39627823480047911,0.0,0.02,0.98,0.0,0.07072027127091034
39627823501018737,0.0,0.47,0.53,0.0,0.4987007942838698
39627853687427706,0.0,0.94,0.06,0.0,0.16372245957723813
39627835538672722,0.02,0.97,0.01,0.0,0.11097036642660543
39627835538672628,0.0,0.34,0.66,0.0,0.46240935248651505
39627835555450467,0.0,0.8,0.2,0.0,0.36096404744368116
39627805369041916,0.0,0.92,0.08,0.0,0.2010895951011364
39627835572224576,0.0,0.39,0.61,0.0,0.4823997742525436
39627835555450354,0.0,0.0,0.96,0.04,0.12114609454120741
39627847622462461,0.0,0.07,0.93,0.0,0.18296182545011158
39627847635045664,0.0,0.28,0.72,0.0,0.4277254052800653
39627835547059283,0.0,0.0,0.98,0.02,0.07072027127091034
39627835551257129,0.0,0.16,0.84,0.0,0.3171547773202831
39627817436056568,0.0,0.0,0.97,0.03,0.0971959289157881
39627817436056493,0.0,0.33,0.67,0.0,0.4574631863898637
39627847635046205,0.0,0.13,0.87,0.0,0.2787190925139945
39627853670649430,0.0,0.02,0.98,0.0,0.07072027127091034
39627859727225994,0.0,0.06,0.94,0.0,0.16372245957723813
39627829524039389,0.0,0.07,0.93,0.0,0.18296182545011158
39627865775407836,0.0,0.16,0.84,0.0,0.3171547773202831
39627829540819895,0.0,0.66,0.34,0.0,0.46240935248651505
39627823501018821,0.0,0.46,0.54,0.0,0.49768921941011285
39627829536621584,0.0,0.02,0.98,0.0,0.07072027127091034
39627817444443163,0.0,0.87,0.13,0.0,0.2787190925139945
39627841595246261,0.0,0.6,0.4,0.0,0.4854752972273343
39627829524039371,0.0,0.71,0.29,0.0,0.43436062316970225
39627847635044832,0.0,0.8,0.2,0.0,0.36096404744368116
39627871785846313,0.0,0.31,0.69,0.0,0.4465867291889284
39627859727225504,0.0,0.36,0.64,0.0,0.4713415946277461
39627865750241604,0.0,0.5,0.5,0.0,0.5
39627865750241577,0.0,0.58,0.42,0.0,0.49072694751682683
39627865750241426,0.0,0.21,0.79,0.0,0.37074136996563684
39627859731419861,0.0,0.03,0.97,0.0,0.0971959289157881
39627859727225493,0.0,0.03,0.97,0.0,0.0971959289157881
39627859727225406,0.0,0.81,0.19,0.0,0.3507357299419487
39627865767019468,0.0,0.2,0.8,0.0,0.36096404744368116
39627829528232862,0.0,0.88,0.12,0.0,0.2646804326436822
39627853674842271,0.0,0.0,0.95,0.05,0.14319847855797813
39627859710447088,0.0,0.48,0.52,0.0,0.4994227679976009
39627829528232008,0.0,0.1,0.9,0.0,0.2344977967946406
39627817440249115,0.0,0.21,0.79,0.0,0.37074136996563684
39627829524043021,0.01,0.98,0.01,0.0,0.08072027127091033
39627865767018993,0.0,0.27,0.73,0.0,0.42073231810408784
39627823501018941,0.0,0.41,0.59,0.0,0.488250234378912
39627847635046879,0.0,0.16,0.84,0.0,0.3171547773202831
39627805369044857,0.0,0.19,0.81,0.0,0.3507357299419487
39627841595246538,0.0,0.02,0.98,0.0,0.07072027127091034
39627841612023906,0.0,0.13,0.86,0.01,0.31810566868628926
39627841595246296,0.0,0.78,0.22,0.0,0.38008375148098283
39627841612023549,0.0,0.75,0.25,0.0,0.4056390622295664
39627823480047786,0.0,0.03,0.97,0.0,0.0971959289157881
39627847635047003,0.0,0.28,0.72,0.0,0.4277254052800653
39627823480049775,0.0,0.41,0.59,0.0,0.488250234378912
39627841595245089,0.0,0.18,0.82,0.0,0.34003852286413994
39627829519847996,0.0,0.65,0.35,0.0,0.4670340276877455
39627817440248900,0.0,0.27,0.73,0.0,0.42073231810408784
39627865771213941,0.0,0.19,0.81,0.0,0.3507357299419487
39627847622462512,0.0,0.76,0.24,0.0,0.39752013969226113
39627835542868153,0.0,0.47,0.53,0.0,0.4987007942838698
39627829528232227,0.0,0.84,0.16,0.0,0.3171547773202831
39627841595247182,0.0,0.38,0.62,0.0,0.47902101111314976
39627823501019068,0.0,0.1,0.9,0.0,0.2344977967946406
39627817461219814,0.0,0.67,0.33,0.0,0.4574631863898637
39627835542868027,0.0,0.27,0.73,0.0,0.42073231810408784
39627865741855229,0.0,0.92,0.08,0.0,0.2010895951011364
39627847664406285,0.0,0.89,0.11,0.0,0.249957979082264
39627859710446439,0.0,0.01,0.99,0.0,0.04039656794795559
39627817427667475,0.0,0.74,0.26,0.0,0.4133731862463089
39627817440251027,0.0,0.1,0.9,0.0,0.2344977967946406
39627865758632489,0.0,0.0,0.91,0.09,0.21823490853205144
39627865758632551,0.0,0.88,0.12,0.0,0.2646804326436822
39627811396256599,0.0,0.8,0.2,0.0,0.36096404744368116
39627835551256823,0.0,0.75,0.25,0.0,0.4056390622295664
39627865750241709,0.0,0.53,0.47,0.0,0.4987007942838698
39627841591055223,0.0,0.85,0.15,0.0,0.3049201523582002
39627871790040659,0.0,0.03,0.91,0.06,0.2595582210645035
39627841595244838,0.0,0.04,0.95,0.01,0.16124668093016215
39627871790040615,0.0,0.46,0.54,0.0,0.49768921941011285
39627817436056679,0.0,0.98,0.02,0.0,0.07072027127091034
39627865758633066,0.0,0.01,0.99,0.0,0.04039656794795559
39627865750241848,0.0,0.7,0.3,0.0,0.44064544961534635
39627865750241981,0.0,0.79,0.21,0.0,0.37074136996563684
39627865750242023,0.0,0.99,0.01,0.0,0.04039656794795559
39627865754439487,0.0,0.88,0.12,0.0,0.2646804326436822
39627829524040926,0.0,0.14,0.86,0.0,0.292119405821428
39627865758631477,0.0,0.12,0.88,0.0,0.2646804326436822
39627841591055040,0.0,0.55,0.45,0.0,0.49638722699390414
39627859718833301,0.0,0.05,0.94,0.01,0.1832231322266888
39627847639241080,0.0,0.2,0.8,0.0,0.36096404744368116
39627841616218801,0.0,0.08,0.92,0.0,0.2010895951011364
39627841616218604,0.0,0.71,0.29,0.0,0.43436062316970225
39627871785846733,0.0,0.88,0.12,0.0,0.2646804326436822
39627847664403157,0.0,0.36,0.64,0.0,0.4713415946277461
39627835555447115,0.0,0.05,0.95,0.0,0.14319847855797813
39627871790041997,0.0,0.82,0.18,0.0,0.34003852286413994
39627865754439248,0.0,0.76,0.24,0.0,0.39752013969226113
39627871790043302,0.0,0.22,0.78,0.0,0.38008375148098283
39627871785846434,0.0,0.47,0.53,0.0,0.4987007942838698
39627871790042040,0.0,1.0,0.0,0.0,-0.0
39627865750241468,0.0,0.01,0.99,0.0,0.04039656794795559
39627871785847197,0.0,0.16,0.84,0.0,0.3171547773202831
39627853683230916,0.0,0.01,0.94,0.05,0.1832231322266888
39627829545013243,0.0,1.0,0.0,0.0,-0.0
39627859714642885,0.0,0.84,0.16,0.0,0.3171547773202831
39627847622460334,0.0,0.72,0.28,0.0,0.4277254052800653
39627847664406369,0.0,0.68,0.32,0.0,0.45219072886224687
39627859714642817,0.0,0.04,0.96,0.0,0.12114609454120741
39627859706251130,0.0,0.22,0.78,0.0,0.38008375148098283
39627811387870783,0.0,0.3,0.7,0.0,0.44064544961534635
39627859706251094,0.0,0.61,0.39,0.0,0.4823997742525436
39627829540818050,0.0,0.14,0.86,0.0,0.292119405821428
39627829511457515,0.0,0.62,0.38,0.0,0.47902101111314976
39627817431862678,0.0,0.0,0.64,0.36,0.4713415946277461
39627805360654809,0.0,0.74,0.26,0.0,0.4133731862463089
39627817448638958,0.0,0.86,0.14,0.0,0.292119405821428
39627829528235116,0.0,0.75,0.25,0.0,0.4056390622295664
39627823501019546,0.0,0.28,0.72,0.0,0.4277254052800653
39627823501019535,0.0,0.87,0.13,0.0,0.2787190925139945
39627859723026679,0.0,0.42,0.58,0.0,0.49072694751682683
39627823501019354,0.0,0.98,0.02,0.0,0.07072027127091034
39627853670647716,0.0,0.3,0.7,0.0,0.44064544961534635
39627859735611393,0.0,0.0,0.49,0.51,0.49985572087640495
39627823501019687,0.0,0.93,0.07,0.0,0.18296182545011158
39627823471662653,0.0,0.51,0.49,0.0,0.49985572087640495
39627841595249054,0.0,0.4,0.6,0.0,0.4854752972273343
39627817452830785,0.0,0.94,0.06,0.0,0.16372245957723813
39627853670647769,0.0,0.62,0.38,0.0,0.47902101111314976
39627829540817828,0.0,0.5,0.5,0.0,0.5
39627859735611411,0.0,0.0,0.52,0.48,0.4994227679976009
39627859714641595,0.0,0.95,0.05,0.0,0.14319847855797813
39627823480048623,0.0,0.81,0.19,0.0,0.3507357299419487
39627829540819039,0.0,0.0,0.96,0.04,0.12114609454120741
39627829507265052,0.0,0.6,0.4,0.0,0.4854752972273343
39627823492631771,0.0,0.85,0.15,0.0,0.3049201523582002
39627853700006817,0.0,0.02,0.98,0.0,0.07072027127091034
39627847647628637,0.0,0.12,0.88,0.0,0.2646804326436822
39627835559644164,0.0,0.87,0.13,0.0,0.2787190925139945
39627829511458007,0.0,0.23,0.77,0.0,0.38900565177326885
39627829498875333,0.0,0.4,0.6,0.0,0.4854752972273343
39627865758631681,0.0,0.46,0.54,0.0,0.49768921941011285
39627835542865373,0.0,0.9,0.1,0.0,0.2344977967946406
39627829511457675,0.0,0.93,0.07,0.0,0.18296182545011158
39627823475853936,0.0,0.9,0.1,0.0,0.2344977967946406
39627823467465520,0.0,0.44,0.56,0.0,0.4947937606110278
39627865754438011,0.0,0.64,0.36,0.0,0.4713415946277461
39627865754438215,0.0,0.12,0.88,0.0,0.2646804326436822
39627805364846642,0.0,0.74,0.26,0.0,0.4133731862463089
39627805364846657,0.0,0.62,0.38,0.0,0.47902101111314976
39627871777460338,0.0,0.24,0.76,0.0,0.39752013969226113
39627865746050009,0.0,0.03,0.96,0.01,0.13737165703039006
39627847630852225,0.0,0.09,0.91,0.0,0.21823490853205144
39627853700009314,0.0,1.0,0.0,0.0,-0.0
39627841616216259,0.0,0.73,0.27,0.0,0.42073231810408784
39627841616216507,0.0,0.87,0.13,0.0,0.2787190925139945
39627841616216578,0.0,0.7,0.3,0.0,0.44064544961534635
39627823471660237,0.0,0.39,0.61,0.0,0.4823997742525436
39627823505215399,0.0,1.0,0.0,0.0,-0.0
39627811396258086,0.0,0.29,0.71,0.0,0.43436062316970225
39627817427668256,0.0,0.38,0.62,0.0,0.47902101111314976
39627811404648480,0.0,0.88,0.12,0.0,0.2646804326436822
39627841616216582,0.0,0.34,0.66,0.0,0.46240935248651505
39627823475856380,0.01,0.95,0.04,0.0,0.16124668093016215
39627841612027123,0.0,0.51,0.49,0.0,0.49985572087640495
39627811400451370,0.0,0.28,0.72,0.0,0.4277254052800653
39627847630848270,0.0,0.84,0.16,0.0,0.3171547773202831
39627847630852602,0.0,0.06,0.94,0.0,0.16372245957723813
39627817461221169,0.0,0.02,0.98,0.0,0.07072027127091034
39627817436056440,0.0,0.1,0.9,0.0,0.2344977967946406
39627841582666162,0.0,1.0,0.0,0.0,-0.0
39627829540815688,0.0,0.04,0.96,0.0,0.12114609454120741
39627871777459245,0.0,0.65,0.35,0.0,0.4670340276877455
39627871777459296,0.0,0.32,0.68,0.0,0.45219072886224687
39627817457027599,0.0,0.69,0.31,0.0,0.4465867291889284
39627871777459368,0.0,0.01,0.99,0.0,0.04039656794795559
39627847630852811,0.0,0.22,0.78,0.0,0.38008375148098283
39627865771215019,0.0,0.0,0.84,0.16,0.3171547773202831
39627817452832964,0.0,0.59,0.41,0.0,0.488250234378912
39627829545013135,0.0,0.94,0.06,0.0,0.16372245957723813
39627841620415238,0.0,0.15,0.85,0.0,0.3049201523582002
39627823471661281,0.0,0.41,0.59,0.0,0.488250234378912
39627817452832702,0.0,0.98,0.02,0.0,0.07072027127091034
39627829540818468,0.0,0.53,0.47,0.0,0.4987007942838698
39627829545013257,0.0,0.96,0.04,0.0,0.12114609454120741
39627841620410412,0.0,0.47,0.53,0.0,0.4987007942838698
39627841586859229,0.0,0.01,0.98,0.01,0.08072027127091033
39627823475855746,0.0,0.0,0.97,0.03,0.0971959289157881
39627841620413796,0.0,0.33,0.67,0.0,0.4574631863898637
39627865754437150,0.0,1.0,0.0,0.0,-0.0
39627841624607197,0.0,0.96,0.04,0.0,0.12114609454120741
39627865771214941,0.0,0.86,0.14,0.0,0.292119405821428
39627853695815452,0.0,0.4,0.6,0.0,0.4854752972273343
39627841582665401,0.0,0.35,0.65,0.0,0.4670340276877455
39627853695815449,0.0,0.62,0.38,0.0,0.47902101111314976
39627829524041474,0.0,0.46,0.54,0.0,0.49768921941011285
39627829528235681,0.0,0.9,0.1,0.0,0.2344977967946406
39627829524038675,0.0,0.22,0.78,0.0,0.38008375148098283
39627817452835485,0.0,0.31,0.69,0.0,0.4465867291889284
39627829532427036,0.0,0.12,0.88,0.0,0.2646804326436822
39627829532427373,0.0,0.23,0.77,0.0,0.38900565177326885
39627847651824840,0.0,0.95,0.05,0.0,0.14319847855797813
39627823471657817,0.0,0.3,0.7,0.0,0.44064544961534635
39627823471657866,0.0,0.4,0.6,0.0,0.4854752972273343
39627823471658097,0.0,1.0,0.0,0.0,-0.0
39627829532427505,0.0,0.8,0.2,0.0,0.36096404744368116
39627829532427608,0.0,0.7,0.3,0.0,0.44064544961534635
39627823471659747,0.13,0.86,0.01,0.0,0.31810566868628926
39627841624607119,0.0,0.17,0.83,0.0,0.32885238937210975
39627823475855781,0.0,0.08,0.92,0.0,0.2010895951011364
39627853674844426,0.0,0.0,0.91,0.09,0.21823490853205144
39627841595249731,0.0,0.62,0.38,0.0,0.47902101111314976
39627841591053518,0.0,0.01,0.97,0.02,0.11097036642660543
39627841595248380,0.0,0.09,0.91,0.0,0.21823490853205144
39627853687425302,0.0,0.94,0.06,0.0,0.16372245957723813
39627817436058729,0.0,0.16,0.84,0.0,0.3171547773202831
39627853687425222,0.0,0.95,0.05,0.0,0.14319847855797813
39627847630848434,0.0,0.36,0.64,0.0,0.4713415946277461
39627853674840544,0.0,0.05,0.95,0.0,0.14319847855797813
39627841599441087,0.0,0.35,0.65,0.0,0.4670340276877455
39627841595250352,0.0,0.8,0.2,0.0,0.36096404744368116
39627841595250299,0.0,0.49,0.51,0.0,0.49985572087640495
39627841595250158,0.0,0.22,0.78,0.0,0.38008375148098283
39627841595250004,0.0,0.43,0.57,0.0,0.4929075185894599
39627835580616805,0.0,0.38,0.62,0.0,0.47902101111314976
39627835580616835,0.0,0.94,0.06,0.0,0.16372245957723813
39627835580616854,0.0,0.56,0.44,0.0,0.4947937606110278
39627853679035221,0.0,0.03,0.97,0.0,0.0971959289157881
39627853687426005,0.0,0.05,0.9,0.05,0.2844977967946406
39627841591053362,0.0,0.92,0.08,0.0,0.2010895951011364
39627853674844570,0.0,0.67,0.33,0.0,0.4574631863898637
39627841595247568,0.0,0.45,0.55,0.0,0.49638722699390414
39627841595247826,0.0,0.19,0.81,0.0,0.3507357299419487
39627817452831009,0.0,0.02,0.98,0.0,0.07072027127091034
39627823492633181,0.0,0.93,0.07,0.0,0.18296182545011158
39627835568031077,0.0,0.78,0.22,0.0,0.38008375148098283
39627823488438165,0.0,0.0,0.99,0.01,0.04039656794795559
39627841624608274,0.0,0.51,0.49,0.0,0.49985572087640495
39627841616220730,0.0,0.69,0.31,0.0,0.4465867291889284
39627835584807396,0.0,0.17,0.83,0.0,0.32885238937210975
39627823471662739,0.0,0.07,0.93,0.0,0.18296182545011158
39627823501020436,0.0,0.56,0.44,0.0,0.4947937606110278
39627835584807777,0.0,0.85,0.15,0.0,0.3049201523582002
39627841595247063,0.0,0.0,0.93,0.07,0.18296182545011158
39627841591050366,0.0,0.21,0.79,0.0,0.37074136996563684
39627835584807653,0.0,0.03,0.97,0.0,0.0971959289157881
39627841591050357,0.0,0.58,0.42,0.0,0.49072694751682683
39627823501021180,0.0,0.12,0.88,0.0,0.2646804326436822
39627841616220725,0.0,0.21,0.79,0.0,0.37074136996563684
39627823471662595,0.0,0.01,0.98,0.01,0.08072027127091033
39627823480048907,0.0,0.99,0.01,0.0,0.04039656794795559
39627823480048992,0.0,0.11,0.89,0.0,0.249957979082264
39627823501020740,0.0,0.0,0.99,0.01,0.04039656794795559
39627841624604752,0.0,0.14,0.86,0.0,0.292119405821428
39627841582663259,0.0,0.04,0.96,0.0,0.12114609454120741
39627853679034942,0.0,0.59,0.41,0.0,0.488250234378912
39627823471659751,0.0,0.0,1.0,0.0,-0.0
39627829545009444,0.0,0.28,0.72,0.0,0.4277254052800653
39627859739807437,0.0,1.0,0.0,0.0,-0.0
39627859723032387,0.0,0.76,0.24,0.0,0.39752013969226113
39627823475854290,0.0,0.18,0.82,0.0,0.34003852286413994
39627823496825960,0.0,0.79,0.21,0.0,0.37074136996563684
39627823467467531,0.01,0.96,0.03,0.0,0.13737165703039006
39627841624606955,0.0,1.0,0.0,0.0,-0.0
39627829532428219,0.0,0.04,0.96,0.0,0.12114609454120741
39627823467467704,0.0,0.05,0.95,0.0,0.14319847855797813
39627865754438701,0.0,0.05,0.95,0.0,0.14319847855797813
39627841620413275,0.0,0.66,0.34,0.0,0.46240935248651505
39627835555449872,0.0,0.8,0.2,0.0,0.36096404744368116
39627841624606869,0.0,0.4,0.6,0.0,0.4854752972273343
39627823475852183,0.0,0.03,0.94,0.03,0.19372245957723813
39627829545013086,0.0,0.06,0.94,0.0,0.16372245957723813
39627853695814299,0.0,0.42,0.58,0.0,0.49072694751682683
39627841595247112,0.0,0.0,0.91,0.09,0.21823490853205144
39627835584807337,0.0,0.01,0.99,0.0,0.04039656794795559
39627841607830900,0.0,0.71,0.29,0.0,0.43436062316970225
39627829498874913,0.0,0.89,0.11,0.0,0.249957979082264
39627865754438667,0.0,0.2,0.8,0.0,0.36096404744368116
39627829532428865,0.0,0.05,0.95,0.0,0.14319847855797813
39627835568032582,0.0,0.24,0.76,0.0,0.39752013969226113
39627853683230875,0.0,0.0,1.0,0.0,-0.0
39627823471657799,0.0,0.04,0.95,0.01,0.16124668093016215
39627823471657774,0.0,0.02,0.95,0.03,0.1674722434193448
39627811392063250,0.0,0.04,0.96,0.0,0.12114609454120741
39627811421423359,0.0,0.07,0.93,0.0,0.18296182545011158
39627835538672377,0.0,0.38,0.62,0.0,0.47902101111314976
39627817427668206,0.0,0.99,0.01,0.0,0.04039656794795559
39627823471657693,0.0,0.77,0.23,0.0,0.38900565177326885
39627847622462622,0.0,0.8,0.2,0.0,0.36096404744368116
39627847664402752,0.0,0.1,0.9,0.0,0.2344977967946406
39627847664402774,0.0,0.49,0.51,0.0,0.49985572087640495
39627829503069587,0.0,0.06,0.94,0.0,0.16372245957723813
39627865754436709,0.0,0.24,0.76,0.0,0.39752013969226113
39627829545009326,0.0,0.0,0.91,0.09,0.21823490853205144
39627865750242408,0.0,0.31,0.69,0.0,0.4465867291889284
39627823471661227,0.0,0.04,0.96,0.0,0.12114609454120741
39627853687425873,0.0,0.74,0.26,0.0,0.4133731862463089
39627829532427903,0.0,0.84,0.16,0.0,0.3171547773202831
39627823471661509,0.0,0.99,0.01,0.0,0.04039656794795559
39627835580613995,0.0,0.0,0.79,0.21,0.37074136996563684
39627817427668348,0.0,0.53,0.47,0.0,0.4987007942838698
39627865754436735,0.0,0.1,0.9,0.0,0.2344977967946406
39627823471661919,0.0,0.16,0.84,0.0,0.3171547773202831
39627823471661801,0.0,0.79,0.21,0.0,0.37074136996563684
39627823501020309,0.0,0.2,0.8,0.0,0.36096404744368116
39627835547058711,0.0,0.83,0.17,0.0,0.32885238937210975
39627835547058978,0.0,0.0,0.78,0.22,0.38008375148098283
39627817427668213,0.0,0.91,0.09,0.0,0.21823490853205144
39627817427668861,0.0,0.71,0.29,0.0,0.43436062316970225
39627847626657281,0.0,0.0,0.98,0.02,0.07072027127091034
39627829532428139,0.0,0.85,0.15,0.0,0.3049201523582002
39627853687425679,0.0,1.0,0.0,0.0,-0.0
39627847660211735,0.0,0.13,0.85,0.02,0.3474083653496681
39627841591055186,0.0,0.87,0.13,0.0,0.2787190925139945
39627871794236635,0.0,0.31,0.69,0.0,0.4465867291889284
39627853695814752,0.0,0.15,0.85,0.0,0.3049201523582002
39627841591055276,0.0,0.0,0.99,0.01,0.04039656794795559
39627847664406476,0.0,0.78,0.22,0.0,0.38008375148098283
39627805352266656,0.0,0.68,0.32,0.0,0.45219072886224687
39627805352266673,0.0,0.57,0.43,0.0,0.4929075185894599
39627853700007119,0.0,0.07,0.93,0.0,0.18296182545011158
39627847647628769,0.0,0.99,0.01,0.0,0.04039656794795559
39627847635046466,0.0,0.79,0.21,0.0,0.37074136996563684
39627817461219523,0.0,0.2,0.8,0.0,0.36096404744368116
39627865767019275,0.0,0.74,0.26,0.0,0.4133731862463089
39627817461219518,0.0,0.65,0.35,0.0,0.4670340276877455
39627841607829165,0.0,0.17,0.83,0.0,0.32885238937210975
39627877817254513,0.0,0.89,0.11,0.0,0.249957979082264
39627871785845474,0.0,0.89,0.11,0.0,0.249957979082264
39627829536622453,0.0,0.59,0.41,0.0,0.488250234378912
39627823459078073,0.0,0.65,0.35,0.0,0.4670340276877455
39627847647627692,0.0,0.85,0.15,0.0,0.3049201523582002
39627853670648736,0.0,1.0,0.0,0.0,-0.0
39627853670648707,0.0,0.61,0.39,0.0,0.4823997742525436
39627811387868304,0.0,0.98,0.02,0.0,0.07072027127091034
39627811387870664,0.0,0.73,0.27,0.0,0.42073231810408784
39627829498874643,0.0,0.38,0.62,0.0,0.47902101111314976
39627823463268833,0.0,0.69,0.31,0.0,0.4465867291889284
39627805356463804,0.0,0.19,0.81,0.0,0.3507357299419487
39627805356463776,0.0,0.51,0.49,0.0,0.49985572087640495
39627859735612655,0.0,0.89,0.11,0.0,0.249957979082264
39627859702059309,0.0,0.83,0.17,0.0,0.32885238937210975
39627859702059351,0.0,0.74,0.26,0.0,0.4133731862463089
39627853679037444,0.0,0.3,0.7,0.0,0.44064544961534635
39627859706249648,0.0,0.85,0.15,0.0,0.3049201523582002
39627853700006000,0.0,0.5,0.5,0.0,0.5
39627859735612840,0.0,0.33,0.67,0.0,0.4574631863898637
39627811396261258,0.0,0.14,0.86,0.0,0.292119405821428
39627811387870386,0.0,0.98,0.02,0.0,0.07072027127091034
39627811387871021,0.0,1.0,0.0,0.0,-0.0
39627811387870125,0.0,1.0,0.0,0.0,-0.0
39627811396261131,0.0,0.06,0.94,0.0,0.16372245957723813
39627811387870912,0.0,1.0,0.0,0.0,-0.0
39627811396261139,0.0,0.06,0.94,0.0,0.16372245957723813
39627859706249308,0.0,0.69,0.31,0.0,0.4465867291889284
39627853674840259,0.0,0.0,0.98,0.02,0.07072027127091034
39627817457030248,0.0,0.02,0.98,0.0,0.07072027127091034
39627847647631420,0.0,0.14,0.86,0.0,0.292119405821428
39627847647631552,0.0,0.28,0.72,0.0,0.4277254052800653
39627847647629072,0.0,0.45,0.55,0.0,0.49638722699390414
39627847647629025,0.0,0.68,0.32,0.0,0.45219072886224687
39627859735613791,0.0,0.18,0.82,0.0,0.34003852286413994
39627829536621496,0.0,0.75,0.25,0.0,0.4056390622295664
39627841607829604,0.0,0.43,0.57,0.0,0.4929075185894599
39627841578470064,0.01,0.9,0.09,0.0,0.2579475764741046
39627841578470289,0.0,0.47,0.53,0.0,0.4987007942838698
39627841578469955,0.0,0.07,0.93,0.0,0.18296182545011158
39627853674841802,0.0,0.04,0.96,0.0,0.12114609454120741
39627817457030188,0.0,0.44,0.56,0.0,0.4947937606110278
39627859735613942,0.0,0.37,0.63,0.0,0.47533604634353294
39627859702059237,0.0,0.21,0.79,0.0,0.37074136996563684
39627859735613738,0.0,0.01,0.98,0.01,0.08072027127091033
39627841586861365,0.0,0.25,0.75,0.0,0.4056390622295664
39627841624607915,0.0,0.4,0.6,0.0,0.4854752972273343
39627817423475038,0.0,0.5,0.5,0.0,0.5
39627853674840411,0.0,0.94,0.06,0.0,0.16372245957723813
39627817427665115,0.16,0.84,0.0,0.0,0.3171547773202831
39627841620413699,0.0,0.36,0.64,0.0,0.4713415946277461
39627859718837116,0.0,0.31,0.69,0.0,0.4465867291889284
39627853674840435,0.0,0.86,0.14,0.0,0.292119405821428
39627859702059381,0.0,0.84,0.16,0.0,0.3171547773202831
39627841578471675,0.02,0.9,0.08,0.0,0.2705942015390087
39627841578471511,0.0,0.9,0.1,0.0,0.2344977967946406
39627805360655785,0.0,0.04,0.96,0.0,0.12114609454120741
39627871785845461,0.0,0.07,0.93,0.0,0.18296182545011158
39627823467462762,0.0,0.49,0.51,0.0,0.49985572087640495
39627841624604800,0.0,0.48,0.52,0.0,0.4994227679976009
39627853704201468,0.0,0.28,0.72,0.0,0.4277254052800653
39627835584807336,0.0,0.0,0.99,0.01,0.04039656794795559
39627835584807804,0.01,0.9,0.09,0.0,0.2579475764741046
39627859735613903,0.0,0.0,1.0,0.0,-0.0
39627859706251555,0.0,0.96,0.04,0.0,0.12114609454120741
39627865771217242,0.0,0.41,0.59,0.0,0.488250234378912
39627865771217352,0.0,0.24,0.76,0.0,0.39752013969226113
39627805369044749,0.0,0.01,0.99,0.0,0.04039656794795559
39627853695813345,0.0,0.98,0.02,0.0,0.07072027127091034
39627853691621079,0.0,0.1,0.9,0.0,0.2344977967946406
39627859718837169,0.0,0.04,0.96,0.0,0.12114609454120741
39627853687424798,0.0,0.63,0.37,0.0,0.47533604634353294
39627853683233799,0.0,0.02,0.98,0.0,0.07072027127091034
39627865775407145,0.0,0.07,0.93,0.0,0.18296182545011158
39627811396259900,0.0,0.77,0.23,0.0,0.38900565177326885
39627859735613873,0.0,0.09,0.91,0.0,0.21823490853205144
39627865762828682,0.0,0.81,0.19,0.0,0.3507357299419487
39627859706251324,0.0,0.19,0.81,0.0,0.3507357299419487
39627865771214572,0.0,0.0,0.91,0.09,0.21823490853205144
39627829519847250,0.0,0.67,0.33,0.0,0.4574631863898637
39627853691620614,0.0,0.17,0.83,0.0,0.32885238937210975
39627853691620652,0.0,0.0,0.98,0.02,0.07072027127091034
39627865762827577,0.0,1.0,0.0,0.0,-0.0
39627847639236704,0.0,0.03,0.96,0.01,0.13737165703039006
39627847635047070,0.0,0.04,0.95,0.01,0.16124668093016215
39627865746048656,0.0,0.75,0.25,0.0,0.4056390622295664
39627865746048641,0.0,0.03,0.97,0.0,0.0971959289157881
39627859723026518,0.0,0.27,0.73,0.0,0.42073231810408784
39627859718837435,0.0,0.44,0.56,0.0,0.4947937606110278
39627865762827421,0.0,0.5,0.5,0.0,0.5
39627865754437016,0.0,0.22,0.78,0.0,0.38008375148098283
39627835563840738,0.0,0.94,0.06,0.0,0.16372245957723813
39627841616219596,0.0,0.68,0.32,0.0,0.45219072886224687
39627865754437743,0.0,0.05,0.95,0.0,0.14319847855797813
39627865754437744,0.0,0.83,0.17,0.0,0.32885238937210975
39627817427667319,0.0,0.45,0.55,0.0,0.49638722699390414
39627817427667353,0.0,0.08,0.92,0.0,0.2010895951011364
39627865754437984,0.0,0.05,0.95,0.0,0.14319847855797813
39627841591053523,0.0,0.35,0.65,0.0,0.4670340276877455
39627865754438047,0.0,0.97,0.03,0.0,0.0971959289157881
39627835580617321,0.0,0.38,0.62,0.0,0.47902101111314976
39627811413034880,0.0,0.0,0.97,0.03,0.0971959289157881
39627847635047043,0.0,0.22,0.78,0.0,0.38008375148098283
39627847635047040,0.0,0.07,0.93,0.0,0.18296182545011158
39627847635046913,0.0,0.21,0.79,0.0,0.37074136996563684
39627811396257817,0.0,0.92,0.08,0.0,0.2010895951011364
39627829503066971,0.0,1.0,0.0,0.0,-0.0
39627829503068798,0.0,0.06,0.94,0.0,0.16372245957723813
39627829503069303,0.0,0.78,0.22,0.0,0.38008375148098283
39627829503069310,0.0,0.97,0.03,0.0,0.0971959289157881
39627829498875152,0.0,0.02,0.94,0.04,0.1912713345988728
39627853700009644,0.0,0.05,0.95,0.0,0.14319847855797813
39627853700009598,0.0,0.55,0.45,0.0,0.49638722699390414
39627841582664114,0.0,0.13,0.87,0.0,0.2787190925139945
39627829528233105,0.02,0.98,0.0,0.0,0.07072027127091034
39627859727223334,0.0,0.06,0.94,0.0,0.16372245957723813
39627847635046999,0.0,0.01,0.97,0.02,0.11097036642660543
39627829507262841,0.0,0.75,0.25,0.0,0.4056390622295664
39627865771217363,0.0,0.15,0.85,0.0,0.3049201523582002
39627823484241914,0.0,0.14,0.86,0.0,0.292119405821428
39627811400454839,0.0,0.51,0.49,0.0,0.49985572087640495
39627835580617131,0.0,0.46,0.54,0.0,0.49768921941011285
39627829536624036,0.0,0.01,0.99,0.0,0.04039656794795559
39627829524039153,0.0,0.23,0.77,0.0,0.38900565177326885
39627859727221612,0.0,0.05,0.95,0.0,0.14319847855797813
39627859727221557,0.0,0.05,0.95,0.0,0.14319847855797813
39627847635044956,0.0,0.07,0.93,0.0,0.18296182545011158
39627835547061518,0.0,0.41,0.59,0.0,0.488250234378912
39627835555449389,0.0,0.42,0.58,0.0,0.49072694751682683
39627811400454732,0.0,0.18,0.82,0.0,0.34003852286413994
39627835580617045,0.0,0.38,0.62,0.0,0.47902101111314976
39627859706250671,0.0,0.17,0.83,0.0,0.32885238937210975
39627853670648789,0.0,0.01,0.98,0.01,0.08072027127091033
39627817452832690,0.0,0.02,0.98,0.0,0.07072027127091034
39627859706250530,0.0,0.26,0.74,0.0,0.4133731862463089
39627859706249455,0.0,0.73,0.27,0.0,0.42073231810408784
39627817452835831,0.0,0.86,0.14,0.0,0.292119405821428
39627817457025141,0.0,0.0,1.0,0.0,-0.0
39627847635046823,0.0,0.13,0.87,0.0,0.2787190925139945
39627859702059221,0.0,0.57,0.43,0.0,0.4929075185894599
39627817452835728,0.0,0.88,0.12,0.0,0.2646804326436822
39627817452835779,0.0,0.83,0.17,0.0,0.32885238937210975
39627841582663100,0.0,0.71,0.29,0.0,0.43436062316970225
39627835563835641,0.0,0.03,0.96,0.01,0.13737165703039006
39627859735612751,0.0,0.63,0.37,0.0,0.47533604634353294
39627865754437891,0.0,0.84,0.16,0.0,0.3171547773202831
39627847651819597,0.0,0.18,0.82,0.0,0.34003852286413994
39627841599444810,0.0,0.28,0.72,0.0,0.4277254052800653
39627847651819567,0.0,0.22,0.78,0.0,0.38008375148098283
39627865758632147,0.0,0.1,0.9,0.0,0.2344977967946406
39627859727221284,0.0,0.12,0.88,0.0,0.2646804326436822
39627829515650774,0.0,0.17,0.83,0.0,0.32885238937210975
39627811387869999,0.1,0.9,0.0,0.0,0.2344977967946406
39627847639237968,0.0,0.15,0.85,0.0,0.3049201523582002
39627865758632008,0.0,0.01,0.99,0.0,0.04039656794795559
39627811396256413,0.03,0.97,0.0,0.0,0.0971959289157881
39627811396256561,0.0,0.48,0.52,0.0,0.4994227679976009
39627871785847572,0.0,0.98,0.02,0.0,0.07072027127091034
39627847639241650,0.0,0.04,0.96,0.0,0.12114609454120741
39627853679038480,0.0,0.05,0.95,0.0,0.14319847855797813
39627841599438998,0.0,0.3,0.7,0.0,0.44064544961534635
39627847635046353,0.0,0.1,0.9,0.0,0.2344977967946406
39627847626654345,0.0,0.65,0.35,0.0,0.4670340276877455
39627847626654399,0.0,0.13,0.87,0.0,0.2787190925139945
39627805364849161,0.0,0.91,0.09,0.0,0.21823490853205144
39627835572224268,0.0,0.68,0.32,0.0,0.45219072886224687
39627829524038005,0.0,0.0,1.0,0.0,-0.0
39627865758634568,0.0,0.3,0.7,0.0,0.44064544961534635
39627847635043302,0.0,0.9,0.1,0.0,0.2344977967946406
39627835572224413,0.08,0.92,0.0,0.0,0.2010895951011364
39627853662259375,0.0,0.07,0.93,0.0,0.18296182545011158
39627835568033308,0.0,0.22,0.78,0.0,0.38008375148098283
39627829524038775,0.0,0.15,0.85,0.0,0.3049201523582002
39627835568035624,0.0,0.0,0.95,0.05,0.14319847855797813
39627829536622360,0.0,0.53,0.47,0.0,0.4987007942838698
39627829528232116,0.01,0.85,0.14,0.0,0.33142210248480686
39627829536621989,0.0,0.53,0.47,0.0,0.4987007942838698
39627853662259543,0.0,0.06,0.94,0.0,0.16372245957723813
39627865758634806,0.01,0.81,0.18,0.0,0.3789955935892812
39627829524038587,0.0,0.04,0.96,0.0,0.12114609454120741
39627817427668016,0.0,0.7,0.3,0.0,0.44064544961534635
39627829545012961,0.0,0.01,0.99,0.0,0.04039656794795559
39627829545012946,0.0,0.34,0.66,0.0,0.46240935248651505
39627829545012933,0.0,0.24,0.76,0.0,0.39752013969226113
39627829545012919,0.0,0.55,0.45,0.0,0.49638722699390414
39627871785847479,0.0,0.6,0.4,0.0,0.4854752972273343
39627829545013136,0.0,0.49,0.51,0.0,0.49985572087640495
39627853662257455,0.0,0.28,0.72,0.0,0.4277254052800653
39627853704202456,0.0,0.58,0.42,0.0,0.49072694751682683
39627811387868104,0.0,0.98,0.02,0.0,0.07072027127091034
39627805360653466,0.0,0.02,0.94,0.04,0.1912713345988728
39627811387868258,0.0,0.89,0.11,0.0,0.249957979082264
39627811387868028,0.0,0.88,0.12,0.0,0.2646804326436822
39627805360653675,0.0,0.18,0.82,0.0,0.34003852286413994
39627859706251231,0.0,0.5,0.5,0.0,0.5
39627859706251268,0.0,0.08,0.92,0.0,0.2010895951011364
39627805360653815,0.0,0.39,0.61,0.0,0.4823997742525436
39627859706251260,0.0,0.05,0.95,0.0,0.14319847855797813
39627829507265356,0.0,0.2,0.8,0.0,0.36096404744368116
39627853695813532,0.0,0.92,0.08,0.0,0.2010895951011364
39627823492631365,0.0,0.11,0.89,0.0,0.249957979082264
39627853679037080,0.0,0.4,0.6,0.0,0.4854752972273343
39627823501018536,0.0,0.14,0.86,0.0,0.292119405821428
39627823501018632,0.0,0.11,0.89,0.0,0.249957979082264
39627823501020774,0.0,0.9,0.1,0.0,0.2344977967946406
39627823501020431,0.0,0.01,0.99,0.0,0.04039656794795559
39627823501020203,0.0,1.0,0.0,0.0,-0.0
39627853700006831,0.0,0.27,0.73,0.0,0.42073231810408784
39627829507265289,0.0,0.15,0.85,0.0,0.3049201523582002
39627847651821635,0.0,0.51,0.49,0.0,0.49985572087640495
39627847639240141,0.0,0.51,0.49,0.0,0.49985572087640495
39627853679036945,0.0,0.23,0.77,0.0,0.38900565177326885
39627823475853796,0.0,0.75,0.25,0.0,0.4056390622295664
39627835572227878,0.0,0.25,0.75,0.0,0.4056390622295664
39627823467467752,0.0,0.11,0.89,0.0,0.249957979082264
39627841578470135,0.0,0.91,0.09,0.0,0.21823490853205144
39627859735613596,0.0,0.23,0.77,0.0,0.38900565177326885
39627865758634409,0.01,0.97,0.02,0.0,0.11097036642660543
39627811392066070,0.0,0.43,0.57,0.0,0.4929075185894599
39627859706251143,0.0,0.28,0.72,0.0,0.4277254052800653
39627817431861658,0.0,0.13,0.87,0.0,0.2787190925139945
39627853670648230,0.0,0.77,0.23,0.0,0.38900565177326885
39627847651822063,0.0,0.2,0.8,0.0,0.36096404744368116
39627853700009346,0.0,0.01,0.99,0.0,0.04039656794795559
39627847651821981,0.0,0.9,0.1,0.0,0.2344977967946406
39627823488434780,0.0,0.9,0.1,0.0,0.2344977967946406
39627841624607615,0.0,0.02,0.98,0.0,0.07072027127091034
39627823471659208,0.0,0.78,0.22,0.0,0.38008375148098283
39627829511454856,0.0,0.13,0.87,0.0,0.2787190925139945
39627859706253495,0.0,0.94,0.06,0.0,0.16372245957723813
39627817448640273,0.0,0.02,0.96,0.02,0.14114609454120738
39627823467466079,0.0,0.6,0.4,0.0,0.4854752972273343
39627829503069103,0.0,0.72,0.28,0.0,0.4277254052800653
39627847656016091,0.0,0.95,0.05,0.0,0.14319847855797813
39627853695813335,0.0,0.26,0.74,0.0,0.4133731862463089
39627865754437309,0.0,0.87,0.13,0.0,0.2787190925139945
39627841624607421,0.0,0.65,0.35,0.0,0.4670340276877455
39627817448640115,0.0,0.52,0.48,0.0,0.4994227679976009
39627829524038310,0.0,0.49,0.51,0.0,0.49985572087640495
39627865754437053,0.0,0.67,0.33,0.0,0.4574631863898637
39627847651820470,0.0,0.1,0.9,0.0,0.2344977967946406
39627853679036555,0.0,0.04,0.96,0.0,0.12114609454120741
39627823501020927,0.0,0.01,0.94,0.05,0.1832231322266888
39627841599441038,0.0,0.77,0.23,0.0,0.38900565177326885
39627853687423493,0.0,0.21,0.79,0.0,0.37074136996563684
39627835584807262,0.0,0.65,0.35,0.0,0.4670340276877455
39627835559644199,0.0,0.33,0.67,0.0,0.4574631863898637
39627853679036968,0.0,0.27,0.73,0.0,0.42073231810408784
39627847622460756,0.01,0.97,0.02,0.0,0.11097036642660543
39627829511460697,0.0,0.91,0.09,0.0,0.21823490853205144
39627853670646556,0.0,0.16,0.84,0.0,0.3171547773202831
39627871785847778,0.0,0.29,0.71,0.0,0.43436062316970225
39627859723032325,0.0,0.23,0.77,0.0,0.38900565177326885
39627841612027487,0.0,0.95,0.05,0.0,0.14319847855797813
39627841612027480,0.0,0.01,0.99,0.0,0.04039656794795559
39627811417228941,0.0,0.76,0.24,0.0,0.39752013969226113
39627847622460575,0.0,0.17,0.83,0.0,0.32885238937210975
39627847622460604,0.0,0.75,0.25,0.0,0.4056390622295664
39627847622460445,0.0,0.79,0.21,0.0,0.37074136996563684
39627865754436813,0.0,0.18,0.82,0.0,0.34003852286413994
39627841616218084,0.0,0.15,0.85,0.0,0.3049201523582002
39627817448638734,0.0,0.83,0.17,0.0,0.32885238937210975
39627841616218344,0.0,0.02,0.98,0.0,0.07072027127091034
39627817427667834,0.0,0.7,0.3,0.0,0.44064544961534635
39627847622460562,0.0,0.77,0.23,0.0,0.38900565177326885
39627847622460557,0.0,0.38,0.62,0.0,0.47902101111314976
39627817427666024,0.01,0.99,0.0,0.0,0.04039656794795559
39627853658065828,0.0,0.51,0.49,0.0,0.49985572087640495
39627853658065671,0.0,0.7,0.3,0.0,0.44064544961534635
39627853658065621,0.0,0.52,0.48,0.0,0.4994227679976009
39627853658065951,0.0,0.85,0.15,0.0,0.3049201523582002
39627847618267444,0.0,0.86,0.14,0.0,0.292119405821428
39627823501019397,0.0,0.16,0.84,0.0,0.3171547773202831
39627847660209894,0.0,0.0,1.0,0.0,-0.0
39627847618267583,0.0,0.98,0.02,0.0,0.07072027127091034
39627847618267915,0.0,0.47,0.53,0.0,0.4987007942838698
39627841574278426,0.0,0.97,0.03,0.0,0.0971959289157881
39627841578469224,0.0,0.93,0.07,0.0,0.18296182545011158
39627841578468446,0.0,0.59,0.41,0.0,0.488250234378912
39627841578469157,0.0,0.78,0.22,0.0,0.38008375148098283
39627853700007995,0.0,0.66,0.34,0.0,0.46240935248651505
39627853700007795,0.0,0.61,0.39,0.0,0.4823997742525436
39627853700007934,0.0,0.04,0.96,0.0,0.12114609454120741
39627853679038234,0.0,0.11,0.89,0.0,0.249957979082264
39627853679038326,0.0,0.6,0.4,0.0,0.4854752972273343
39627841607828418,0.0,0.87,0.13,0.0,0.2787190925139945
39627847618267561,0.0,0.5,0.5,0.0,0.5
39627811417231695,0.0,0.01,0.99,0.0,0.04039656794795559
39627811417231481,0.0,0.0,0.84,0.16,0.3171547773202831
39627853700007679,0.0,0.96,0.04,0.0,0.12114609454120741
39627847618267938,0.0,0.62,0.38,0.0,0.47902101111314976
39627853683229103,0.0,1.0,0.0,0.0,-0.0
39627835542863936,0.0,0.04,0.96,0.0,0.12114609454120741
39627835538673768,0.0,0.93,0.07,0.0,0.18296182545011158
39627835538670760,0.0,0.16,0.84,0.0,0.3171547773202831
39627829498873817,0.0,0.68,0.32,0.0,0.45219072886224687
39627829498873230,0.0,0.23,0.77,0.0,0.38900565177326885
39627829498874076,0.0,1.0,0.0,0.0,-0.0
39627829498874305,0.0,0.88,0.12,0.0,0.2646804326436822
39627829498873937,0.0,0.06,0.94,0.0,0.16372245957723813
39627829498873717,0.0,0.6,0.4,0.0,0.4854752972273343
39627829498873679,0.05,0.95,0.0,0.0,0.14319847855797813
39627817427665468,0.0,0.54,0.46,0.0,0.49768921941011285
39627823463268432,0.0,0.07,0.93,0.0,0.18296182545011158
39627829498873659,0.0,0.91,0.09,0.0,0.21823490853205144
39627829498873435,0.0,0.69,0.31,0.0,0.4465867291889284
39627853683229370,0.0,0.15,0.85,0.0,0.3049201523582002
39627865758634121,0.0,0.24,0.76,0.0,0.39752013969226113
39627853679037896,0.0,0.0,1.0,0.0,-0.0
39627853683229207,0.0,0.11,0.89,0.0,0.249957979082264
39627847622460489,0.0,0.3,0.7,0.0,0.44064544961534635
39627841595247421,0.0,0.0,0.99,0.01,0.04039656794795559
39627835568031144,0.0,0.66,0.34,0.0,0.46240935248651505
39627835568031429,0.0,0.01,0.99,0.0,0.04039656794795559
39627817440250206,0.0,0.94,0.06,0.0,0.16372245957723813
39627835568031462,0.0,0.0,1.0,0.0,-0.0
39627823480049305,0.0,0.01,0.97,0.02,0.11097036642660543
39627835568030524,0.0,0.14,0.86,0.0,0.292119405821428
39627817431863535,0.0,0.72,0.28,0.0,0.4277254052800653
39627841599441021,0.0,0.7,0.3,0.0,0.44064544961534635
39627817461220639,0.0,0.8,0.2,0.0,0.36096404744368116
39627841624605174,0.0,0.26,0.74,0.0,0.4133731862463089
39627829498874847,0.0,0.05,0.95,0.0,0.14319847855797813
39627817431863490,0.0,0.96,0.04,0.0,0.12114609454120741
39627817431863462,0.0,0.19,0.81,0.0,0.3507357299419487
39627817431863300,0.0,0.96,0.04,0.0,0.12114609454120741
39627817427666713,0.0,0.23,0.76,0.01,0.4275060148322434
39627835568030221,0.0,0.06,0.93,0.01,0.20367037270049304
39627817461220749,0.0,0.0,1.0,0.0,-0.0
39627823484242671,0.0,0.79,0.21,0.0,0.37074136996563684
39627835568030347,0.0,0.99,0.01,0.0,0.04039656794795559
39627865754438554,0.0,0.05,0.94,0.01,0.1832231322266888
39627865754438405,0.0,0.45,0.55,0.0,0.49638722699390414
39627823480048728,0.0,0.34,0.66,0.0,0.46240935248651505
39627853683229827,0.0,1.0,0.0,0.0,-0.0
39627853683228861,0.0,0.93,0.07,0.0,0.18296182545011158
39627811413035356,0.0,0.01,0.99,0.0,0.04039656794795559
39627835542864065,0.0,0.32,0.68,0.0,0.45219072886224687
39627829498874605,0.01,0.98,0.01,0.0,0.08072027127091033
39627859714641585,0.0,0.32,0.68,0.0,0.45219072886224687
39627811400452882,0.0,0.65,0.35,0.0,0.4670340276877455
39627859727225581,0.0,0.2,0.8,0.0,0.36096404744368116
39627823480046930,0.0,0.91,0.09,0.0,0.21823490853205144
39627853666455654,0.0,0.6,0.4,0.0,0.4854752972273343
39627859735610766,0.0,0.29,0.71,0.0,0.43436062316970225
39627817440252240,0.0,0.77,0.23,0.0,0.38900565177326885
39627859727226159,0.0,0.33,0.67,0.0,0.4574631863898637
39627859735610855,0.0,0.77,0.23,0.0,0.38900565177326885
39627811392065402,0.0,0.03,0.97,0.0,0.0971959289157881
39627829503069598,0.0,0.83,0.17,0.0,0.32885238937210975
39627859735610829,0.0,0.0,0.95,0.05,0.14319847855797813
39627811400452582,0.0,0.09,0.91,0.0,0.21823490853205144
39627811404648448,0.0,0.94,0.06,0.0,0.16372245957723813
39627805364847933,0.0,0.97,0.03,0.0,0.0971959289157881
39627871794234930,0.0,0.85,0.15,0.0,0.3049201523582002
39627859735610583,0.0,0.85,0.15,0.0,0.3049201523582002
39627853666455695,0.0,0.54,0.46,0.0,0.49768921941011285
39627841624605139,0.0,0.21,0.79,0.0,0.37074136996563684
39627865746050280,0.0,0.15,0.85,0.0,0.3049201523582002
39627865767019916,0.0,0.82,0.18,0.0,0.34003852286413994
39627853683230543,0.0,0.88,0.12,0.0,0.2646804326436822
39627817452835405,0.0,0.61,0.39,0.0,0.4823997742525436
39627853683230294,0.0,0.4,0.6,0.0,0.4854752972273343
39627859727225975,0.0,0.89,0.11,0.0,0.249957979082264
39627817440251003,0.0,0.2,0.8,0.0,0.36096404744368116
39627859727225731,0.0,0.96,0.04,0.0,0.12114609454120741
39627817444445599,0.0,0.5,0.5,0.0,0.5
39627865741857020,0.0,0.51,0.49,0.0,0.49985572087640495
39627829528234539,0.0,0.78,0.22,0.0,0.38008375148098283
39627829528234766,0.0,0.05,0.95,0.0,0.14319847855797813
39627835576418391,0.0,0.48,0.52,0.0,0.4994227679976009
39627817452835497,0.0,0.58,0.42,0.0,0.49072694751682683
39627853691621114,0.0,0.38,0.62,0.0,0.47902101111314976
39627841591052841,0.0,0.48,0.52,0.0,0.4994227679976009
39627835547060857,0.0,0.4,0.6,0.0,0.4854752972273343
39627835547061171,0.0,0.62,0.38,0.0,0.47902101111314976
39627841624605318,0.0,0.0,1.0,0.0,-0.0
39627817444445894,0.0,0.94,0.06,0.0,0.16372245957723813
39627841582662545,0.0,0.18,0.82,0.0,0.34003852286413994
39627841582662423,0.0,0.26,0.74,0.0,0.4133731862463089
39627841582662652,0.0,0.08,0.92,0.0,0.2010895951011364
39627859710447971,0.0,0.77,0.23,0.0,0.38900565177326885
39627841586859540,0.0,0.01,0.99,0.0,0.04039656794795559
39627829545010541,0.0,0.68,0.32,0.0,0.45219072886224687
39627817461221081,0.0,0.05,0.95,0.0,0.14319847855797813
39627841616220176,0.0,0.38,0.62,0.0,0.47902101111314976
39627835547058416,0.0,0.0,0.99,0.01,0.04039656794795559
39627859731415149,0.0,0.01,0.99,0.0,0.04039656794795559
39627829503070326,0.0,0.18,0.82,0.0,0.34003852286413994
39627817452835371,0.0,0.43,0.57,0.0,0.4929075185894599
39627841616216753,0.0,0.89,0.11,0.0,0.249957979082264
39627829528234394,0.0,0.78,0.22,0.0,0.38008375148098283
39627817452835116,0.0,0.02,0.98,0.0,0.07072027127091034
39627841586858419,0.0,0.93,0.07,0.0,0.18296182545011158
39627841582662767,0.0,0.88,0.12,0.0,0.2646804326436822
39627829528234409,0.0,0.92,0.08,0.0,0.2010895951011364
39627817440252466,0.0,0.6,0.4,0.0,0.4854752972273343
39627823484242641,0.0,0.18,0.82,0.0,0.34003852286413994
39627835542864275,0.0,0.14,0.86,0.0,0.292119405821428
39627859723029563,0.0,0.09,0.91,0.0,0.21823490853205144
39627847622460845,0.0,0.32,0.68,0.0,0.45219072886224687
39627841612025592,0.0,0.65,0.35,0.0,0.4670340276877455
39627847622460890,0.0,0.89,0.11,0.0,0.249957979082264
39627811413037924,0.2,0.8,0.0,0.0,0.36096404744368116
39627835538673403,0.0,0.17,0.83,0.0,0.32885238937210975
39627829528234165,0.0,1.0,0.0,0.0,-0.0
39627829498874514,0.0,0.75,0.25,0.0,0.4056390622295664
39627835568030136,0.0,0.9,0.1,0.0,0.2344977967946406
39627829498874618,0.0,0.05,0.95,0.0,0.14319847855797813
39627817440251656,0.0,0.09,0.91,0.0,0.21823490853205144
39627841595245892,0.0,0.55,0.45,0.0,0.49638722699390414
39627829498874422,0.0,0.62,0.38,0.0,0.47902101111314976
39627841582664160,0.0,0.74,0.26,0.0,0.4133731862463089
39627835559643132,0.0,0.47,0.53,0.0,0.4987007942838698
39627853700007845,0.0,0.04,0.95,0.01,0.16124668093016215
39627835559643454,0.0,0.05,0.95,0.0,0.14319847855797813
39627847618268885,0.0,0.85,0.15,0.0,0.3049201523582002
39627859710444705,0.0,0.42,0.58,0.0,0.49072694751682683
39627859710444889,0.0,0.58,0.42,0.0,0.49072694751682683
39627853687425654,0.0,0.83,0.17,0.0,0.32885238937210975
39627865754438451,0.0,0.6,0.4,0.0,0.4854752972273343
39627871785845505,0.0,0.24,0.76,0.0,0.39752013969226113
39627859718837111,0.0,0.23,0.77,0.0,0.38900565177326885
39627865754438598,0.0,0.28,0.72,0.0,0.4277254052800653
39627841599439623,0.0,0.25,0.75,0.0,0.4056390622295664
39627853683230023,0.0,0.87,0.13,0.0,0.2787190925139945
39627841586858826,0.0,0.11,0.89,0.0,0.249957979082264
39627859714642861,0.0,0.07,0.93,0.0,0.18296182545011158
39627817457026995,0.0,0.64,0.36,0.0,0.4713415946277461
39627841616217571,0.0,0.04,0.95,0.01,0.16124668093016215
39627871806817241,0.0,0.0,0.93,0.07,0.18296182545011158
39627841612026006,0.0,0.14,0.86,0.0,0.292119405821428
39627847622460675,0.0,0.75,0.25,0.0,0.4056390622295664
39627871790041601,0.0,0.12,0.88,0.0,0.2646804326436822
39627841612025564,0.0,0.11,0.89,0.0,0.249957979082264
39627865758632388,0.0,0.17,0.83,0.0,0.32885238937210975
39627835584810057,0.0,0.92,0.08,0.0,0.2010895951011364
39627871785846902,0.0,0.1,0.9,0.0,0.2344977967946406
39627871785846892,0.0,0.04,0.96,0.0,0.12114609454120741
39627835568032249,0.0,0.61,0.39,0.0,0.4823997742525436
39627835538673556,0.02,0.95,0.03,0.0,0.1674722434193448
39627853679039329,0.0,0.18,0.82,0.0,0.34003852286413994
39627811413037842,0.0,0.7,0.3,0.0,0.44064544961534635
39627817457027221,0.0,0.36,0.64,0.0,0.4713415946277461
39627811413037873,0.0,0.48,0.52,0.0,0.4994227679976009
39627871781654930,0.0,0.27,0.73,0.0,0.42073231810408784
39627871781655378,0.0,0.94,0.06,0.0,0.16372245957723813
39627865737663117,0.0,0.87,0.13,0.0,0.2787190925139945
39627853687424912,0.0,0.23,0.77,0.0,0.38900565177326885
39627835551257493,0.0,0.82,0.18,0.0,0.34003852286413994
39627853666455917,0.0,0.84,0.16,0.0,0.3171547773202831
39627835568031827,0.0,0.08,0.92,0.0,0.2010895951011364
39627847639242037,0.0,0.52,0.48,0.0,0.4994227679976009
39627817452835940,0.0,0.69,0.31,0.0,0.4465867291889284
39627853700010345,0.01,0.89,0.1,0.0,0.27413031336294724
39627853700010366,0.0,0.81,0.19,0.0,0.3507357299419487
39627871794235046,0.0,0.99,0.01,0.0,0.04039656794795559
39627865758630687,0.0,0.45,0.55,0.0,0.49638722699390414
39627829524039386,0.0,0.83,0.17,0.0,0.32885238937210975
39627835551256930,0.0,0.01,0.99,0.0,0.04039656794795559
39627835551256793,0.0,0.07,0.93,0.0,0.18296182545011158
39627841582662841,0.0,0.81,0.19,0.0,0.3507357299419487
39627817452836027,0.0,0.59,0.41,0.0,0.488250234378912
39627853700008527,0.0,0.79,0.21,0.0,0.37074136996563684
39627835538673207,0.0,0.53,0.47,0.0,0.4987007942838698
39627853700008178,0.0,0.67,0.33,0.0,0.4574631863898637
39627835542863911,0.0,0.65,0.35,0.0,0.4670340276877455
39627835538671814,0.0,0.12,0.88,0.0,0.2646804326436822
39627841612024475,0.0,0.94,0.06,0.0,0.16372245957723813
39627841612024149,0.0,0.07,0.93,0.0,0.18296182545011158
39627841612024199,0.0,0.04,0.96,0.0,0.12114609454120741
39627865762827510,0.0,0.05,0.95,0.0,0.14319847855797813
39627841612024904,0.0,0.0,0.99,0.01,0.04039656794795559
39627865758632731,0.0,0.24,0.76,0.0,0.39752013969226113
39627847618268926,0.0,0.58,0.42,0.0,0.49072694751682683
39627835538672736,0.0,0.92,0.08,0.0,0.2010895951011364
39627871777456345,0.0,0.9,0.1,0.0,0.2344977967946406
39627817427665070,0.0,0.9,0.1,0.0,0.2344977967946406
39627817427665445,0.01,0.99,0.0,0.0,0.04039656794795559
39627853666455238,0.02,0.98,0.0,0.0,0.07072027127091034
39627847647628710,0.0,0.69,0.31,0.0,0.4465867291889284
39627847647628938,0.0,0.32,0.68,0.0,0.45219072886224687
39627823467467468,0.0,0.07,0.93,0.0,0.18296182545011158
39627835568030669,0.0,0.87,0.13,0.0,0.2787190925139945
39627865754437965,0.0,0.73,0.27,0.0,0.42073231810408784
39627823480048989,0.0,0.81,0.19,0.0,0.3507357299419487
39627847618268728,0.0,0.59,0.41,0.0,0.488250234378912
39627829540815610,0.0,0.04,0.96,0.0,0.12114609454120741
39627841599439937,0.0,0.18,0.82,0.0,0.34003852286413994
39627841599440351,0.0,1.0,0.0,0.0,-0.0
39627817436057793,0.0,0.07,0.93,0.0,0.18296182545011158
39627841599440995,0.0,0.46,0.54,0.0,0.49768921941011285
39627823492633176,0.0,0.0,0.99,0.01,0.04039656794795559
39627841624604883,0.0,0.56,0.44,0.0,0.4947937606110278
39627823492633648,0.0,0.23,0.77,0.0,0.38900565177326885
39627841595248098,0.0,0.99,0.01,0.0,0.04039656794795559
39627841595248170,0.0,0.01,0.96,0.03,0.13737165703039006
39627841586859904,0.0,0.02,0.91,0.07,0.2526241113249394
39627829532427812,0.0,0.89,0.11,0.0,0.249957979082264
39627829519845049,0.0,0.27,0.73,0.0,0.42073231810408784
39627859714640365,0.0,0.5,0.5,0.0,0.5
39627835568031461,0.0,0.89,0.11,0.0,0.249957979082264
39627823492632946,0.0,0.2,0.8,0.0,0.36096404744368116
39627835568032961,0.0,0.7,0.3,0.0,0.44064544961534635
39627859714640420,0.0,0.78,0.22,0.0,0.38008375148098283
39627823492633632,0.0,0.14,0.86,0.0,0.292119405821428
39627841599440708,0.0,0.05,0.95,0.0,0.14319847855797813
39627841599441014,0.0,0.52,0.48,0.0,0.4994227679976009
39627829524038838,0.0,0.78,0.22,0.0,0.38008375148098283
39627841620412083,0.0,0.0,1.0,0.0,-0.0
39627823467467518,0.0,0.18,0.82,0.0,0.34003852286413994
39627841599440574,0.0,0.84,0.16,0.0,0.3171547773202831
39627841599441088,0.0,0.29,0.71,0.0,0.43436062316970225
39627823501019491,0.0,0.95,0.05,0.0,0.14319847855797813
39627841599441942,0.0,0.02,0.95,0.03,0.1674722434193448
39627853658067003,0.0,0.58,0.42,0.0,0.49072694751682683
39627823501020041,0.0,0.24,0.76,0.0,0.39752013969226113
39627841582664365,0.0,0.05,0.95,0.0,0.14319847855797813
39627841620413399,0.0,0.13,0.87,0.0,0.2787190925139945
39627853662259442,0.0,0.27,0.73,0.0,0.42073231810408784
39627841582663074,0.0,0.02,0.96,0.02,0.14114609454120738
39627841620413580,0.0,0.06,0.94,0.0,0.16372245957723813
39627841620413535,0.0,0.03,0.97,0.0,0.0971959289157881
39627823501019630,0.0,0.15,0.85,0.0,0.3049201523582002
39627823492633554,0.0,0.11,0.88,0.01,0.28950944366190023
39627841599439672,0.0,0.02,0.98,0.0,0.07072027127091034
39627823492633600,0.0,0.07,0.93,0.0,0.18296182545011158
39627841595248630,0.0,0.02,0.97,0.01,0.11097036642660543
39627817452831841,0.0,0.36,0.64,0.0,0.4713415946277461
39627835559643902,0.0,0.69,0.31,0.0,0.4465867291889284
39627823467467562,0.0,0.22,0.78,0.0,0.38008375148098283
39627841612025474,0.0,0.8,0.2,0.0,0.36096404744368116
39627841612025827,0.0,0.61,0.39,0.0,0.4823997742525436
39627823480049434,0.0,0.26,0.74,0.0,0.4133731862463089
39627853683230566,0.0,0.1,0.9,0.0,0.2344977967946406
39627847647628474,0.0,1.0,0.0,0.0,-0.0
39627847647628916,0.0,1.0,0.0,0.0,-0.0
39627835568032357,0.0,0.01,0.92,0.07,0.22283217282912027
39627817452831751,0.0,0.6,0.4,0.0,0.4854752972273343
39627853700009393,0.0,0.11,0.89,0.0,0.249957979082264
39627829515651891,0.0,1.0,0.0,0.0,-0.0
39627823501019218,0.0,0.13,0.87,0.0,0.2787190925139945
39627859706253545,0.0,0.94,0.06,0.0,0.16372245957723813
39627859714640584,0.0,0.32,0.68,0.0,0.45219072886224687
39627847656015147,0.0,0.1,0.9,0.0,0.2344977967946406
39627841607830262,0.0,0.64,0.36,0.0,0.4713415946277461
39627841599442304,0.0,0.95,0.05,0.0,0.14319847855797813
39627847618267354,0.0,0.9,0.1,0.0,0.2344977967946406
39627847618267337,0.0,0.96,0.04,0.0,0.12114609454120741
39627823471661440,0.0,0.4,0.6,0.0,0.4854752972273343
39627841616220785,0.0,0.31,0.69,0.0,0.4465867291889284
39627853695815118,0.0,0.47,0.53,0.0,0.4987007942838698
39627841612023855,0.0,0.78,0.22,0.0,0.38008375148098283
39627841612024419,0.0,0.29,0.71,0.0,0.43436062316970225
39627835584811055,0.0,1.0,0.0,0.0,-0.0
39627859702058868,0.0,0.84,0.16,0.0,0.3171547773202831
39627847618266618,0.0,0.98,0.02,0.0,0.07072027127091034
39627829498872708,0.0,0.71,0.29,0.0,0.43436062316970225
39627829498872918,0.0,0.52,0.48,0.0,0.4994227679976009
39627829498873765,0.0,0.81,0.19,0.0,0.3507357299419487
39627811387867470,0.0,0.59,0.41,0.0,0.488250234378912
39627829498872893,0.0,0.51,0.49,0.0,0.49985572087640495
39627829498872802,0.0,0.69,0.31,0.0,0.4465867291889284
39627829498872765,0.0,0.78,0.22,0.0,0.38008375148098283
39627811387867550,0.0,1.0,0.0,0.0,-0.0
39627829498872406,0.0,0.86,0.14,0.0,0.292119405821428
39627829498872253,0.0,0.9,0.1,0.0,0.2344977967946406
39627829498872211,0.0,0.98,0.02,0.0,0.07072027127091034
39627829498871969,0.0,0.3,0.7,0.0,0.44064544961534635
39627823459077809,0.0,0.91,0.09,0.0,0.21823490853205144
39627823459077823,0.0,0.51,0.49,0.0,0.49985572087640495
39627829498873032,0.0,0.97,0.03,0.0,0.0971959289157881
39627841578469025,0.02,0.95,0.03,0.0,0.1674722434193448
39627805364847174,0.0,0.41,0.59,0.0,0.488250234378912
39627853700006687,0.0,0.26,0.74,0.0,0.4133731862463089
39627865750244275,0.0,0.0,1.0,0.0,-0.0
39627853658066757,0.0,0.48,0.52,0.0,0.4994227679976009
39627859702056442,0.0,0.84,0.16,0.0,0.3171547773202831
39627835538671872,0.0,0.97,0.03,0.0,0.0971959289157881
39627853658066543,0.02,0.95,0.03,0.0,0.1674722434193448
39627847618269555,0.0,0.85,0.15,0.0,0.3049201523582002
39627859702056119,0.0,0.69,0.31,0.0,0.4465867291889284
39627841578469765,0.0,0.99,0.01,0.0,0.04039656794795559
39627859702058089,0.0,0.29,0.71,0.0,0.43436062316970225
39627853658066647,0.0,0.68,0.32,0.0,0.45219072886224687
39627823459078011,0.14,0.86,0.0,0.0,0.292119405821428
39627823459077735,0.0,0.67,0.33,0.0,0.4574631863898637
39627823459077184,0.0,0.99,0.01,0.0,0.04039656794795559
39627823459076482,0.0,0.27,0.73,0.0,0.42073231810408784
39627823459076847,0.0,0.71,0.29,0.0,0.43436062316970225
39627823459078698,0.0,0.96,0.04,0.0,0.12114609454120741
39627823459076852,0.0,0.1,0.9,0.0,0.2344977967946406
39627811387870634,0.0,0.43,0.57,0.0,0.4929075185894599
39627823459077108,0.02,0.97,0.01,0.0,0.11097036642660543
39627823459077130,0.0,0.67,0.33,0.0,0.4574631863898637
39627823459078099,0.0,0.75,0.25,0.0,0.4056390622295664
39627811387868873,0.0,0.15,0.85,0.0,0.3049201523582002
39627829498873064,0.0,0.28,0.72,0.0,0.4277254052800653
39627823459077314,0.0,0.34,0.66,0.0,0.46240935248651505
39627829498874163,0.0,0.85,0.15,0.0,0.3049201523582002
39627823459075823,0.0,0.97,0.03,0.0,0.0971959289157881
39627823459076056,0.0,0.83,0.17,0.0,0.32885238937210975
39627853700006823,0.0,0.76,0.24,0.0,0.39752013969226113
39627823459077241,0.0,0.49,0.51,0.0,0.49985572087640495
39627829498874086,0.0,0.17,0.83,0.0,0.32885238937210975
39627823459076199,0.02,0.93,0.05,0.0,0.2131710453499437
39627829498873562,0.0,0.97,0.03,0.0,0.0971959289157881
39627829498873517,0.0,1.0,0.0,0.0,-0.0
39627811396260895,0.0,0.92,0.08,0.0,0.2010895951011364
39627811396260709,0.0,0.0,0.93,0.07,0.18296182545011158
39627847647630025,0.0,0.27,0.73,0.0,0.42073231810408784
39627811387869614,0.0,0.62,0.38,0.0,0.47902101111314976
39627811387870212,0.0,0.73,0.27,0.0,0.42073231810408784
39627841620415545,0.0,0.69,0.31,0.0,0.4465867291889284
39627853700006623,0.0,0.16,0.84,0.0,0.3171547773202831
39627811413037256,0.0,0.84,0.16,0.0,0.3171547773202831
39627811413036973,0.0,0.71,0.29,0.0,0.43436062316970225
39627811413037142,0.0,0.14,0.86,0.0,0.292119405821428
39627811400455615,0.0,0.2,0.8,0.0,0.36096404744368116
39627841578468725,0.0,0.81,0.19,0.0,0.3507357299419487
39627835538673720,0.0,0.63,0.37,0.0,0.47533604634353294
39627841578469107,0.0,0.94,0.06,0.0,0.16372245957723813
39627811396260748,0.0,0.85,0.15,0.0,0.3049201523582002
39627811396260463,0.0,0.78,0.22,0.0,0.38008375148098283
39627841591053131,0.0,0.89,0.11,0.0,0.249957979082264
39627835568029845,0.0,0.0,0.98,0.02,0.07072027127091034
39627859727224942,0.0,0.11,0.89,0.0,0.249957979082264
39627817452835597,0.0,0.14,0.86,0.0,0.292119405821428
39627841586859213,0.0,0.07,0.93,0.0,0.18296182545011158
39627859718837323,0.0,0.56,0.44,0.0,0.4947937606110278
39627829528234448,0.0,0.15,0.85,0.0,0.3049201523582002
39627847618269196,0.0,0.23,0.77,0.0,0.38900565177326885
39627859727224820,0.0,0.0,1.0,0.0,-0.0
39627835555447090,0.0,0.98,0.02,0.0,0.07072027127091034
39627841612022465,0.0,0.06,0.93,0.01,0.20367037270049304
39627859718834480,0.0,0.73,0.27,0.0,0.42073231810408784
39627871781655422,0.0,0.01,0.98,0.01,0.08072027127091033
39627871781655239,0.0,0.03,0.97,0.0,0.0971959289157881
39627841620414269,0.0,0.0,1.0,0.0,-0.0
39627853674841997,0.0,0.65,0.35,0.0,0.4670340276877455
39627835568030244,0.0,0.0,1.0,0.0,-0.0
39627817461220507,0.0,0.25,0.75,0.0,0.4056390622295664
39627847618268948,0.0,0.92,0.08,0.0,0.2010895951011364
39627847618269050,0.0,0.77,0.23,0.0,0.38900565177326885
39627847618269069,0.0,0.7,0.3,0.0,0.44064544961534635
39627847618269086,0.0,0.18,0.82,0.0,0.34003852286413994
39627853704202904,0.0,0.87,0.13,0.0,0.2787190925139945
39627847618269012,0.01,0.86,0.13,0.0,0.31810566868628926
39627841616218962,0.0,0.38,0.62,0.0,0.47902101111314976
39627859706250176,0.0,0.58,0.42,0.0,0.49072694751682683
39627811387869370,0.0,0.8,0.2,0.0,0.36096404744368116
39627817419280598,0.0,0.91,0.09,0.0,0.21823490853205144
39627847647629311,0.0,0.75,0.25,0.0,0.4056390622295664
39627805356458162,0.0,0.22,0.78,0.0,0.38008375148098283
39627853704200611,0.0,0.97,0.03,0.0,0.0971959289157881
39627853658067115,0.0,0.51,0.49,0.0,0.49985572087640495
39627823501020678,0.0,0.01,0.98,0.01,0.08072027127091033
39627823501020698,0.0,0.86,0.14,0.0,0.292119405821428
39627823501020384,0.0,0.02,0.98,0.0,0.07072027127091034
39627823471660037,0.0,0.03,0.97,0.0,0.0971959289157881
39627811392062927,0.0,0.83,0.17,0.0,0.32885238937210975
39627841599442142,0.0,0.51,0.49,0.0,0.49985572087640495
39627841599442331,0.0,0.41,0.59,0.0,0.488250234378912
39627853670649594,0.0,0.88,0.12,0.0,0.2646804326436822
39627841616218317,0.0,0.0,1.0,0.0,-0.0
39627847660208963,0.0,0.62,0.38,0.0,0.47902101111314976
39627841620411819,0.0,0.13,0.87,0.0,0.2787190925139945
39627841620411797,0.0,0.36,0.64,0.0,0.4713415946277461
39627811396256124,0.0,0.17,0.83,0.0,0.32885238937210975
39627811396256323,0.0,0.95,0.05,0.0,0.14319847855797813
39627835538672106,0.18,0.82,0.0,0.0,0.34003852286413994
39627829498874263,0.0,0.74,0.26,0.0,0.4133731862463089
39627841595245210,0.0,0.03,0.97,0.0,0.0971959289157881
39627835584807903,0.0,0.0,0.97,0.03,0.0971959289157881
39627835584807913,0.0,0.21,0.79,0.0,0.37074136996563684
39627859710444530,0.0,0.99,0.01,0.0,0.04039656794795559
39627817427665395,0.0,0.12,0.88,0.0,0.2646804326436822
39627805360653913,0.0,0.16,0.84,0.0,0.3171547773202831
39627823459078278,0.0,1.0,0.0,0.0,-0.0
39627811417228086,0.0,0.31,0.69,0.0,0.4465867291889284
39627805360653613,0.0,0.09,0.91,0.0,0.21823490853205144
39627853691622228,0.0,0.64,0.36,0.0,0.4713415946277461
39627823459078101,0.0,0.71,0.29,0.0,0.43436062316970225
39627823459077590,0.0,0.89,0.11,0.0,0.249957979082264
39627835538671541,0.0,0.5,0.5,0.0,0.5
39627823459078819,0.04,0.96,0.0,0.0,0.12114609454120741
39627847630849180,0.0,0.51,0.49,0.0,0.49985572087640495
39627835568031550,0.0,0.05,0.95,0.0,0.14319847855797813
39627871777458820,0.0,0.38,0.62,0.0,0.47902101111314976
39627841607829991,0.0,0.2,0.8,0.0,0.36096404744368116
39627853674840673,0.0,0.98,0.02,0.0,0.07072027127091034
39627817452831745,0.0,0.0,1.0,0.0,-0.0
39627853679038887,0.0,0.11,0.88,0.01,0.28950944366190023
39627841624605320,0.0,0.19,0.81,0.0,0.3507357299419487
39627841616220446,0.0,0.65,0.35,0.0,0.4670340276877455
39627859723027402,0.0,0.3,0.7,0.0,0.44064544961534635
39627847647629081,0.0,0.69,0.31,0.0,0.4465867291889284
39627829503070814,0.0,0.14,0.86,0.0,0.292119405821428
39627817427665442,0.0,0.32,0.68,0.0,0.45219072886224687
39627859714640759,0.0,0.27,0.73,0.0,0.42073231810408784
39627829503070560,0.0,0.95,0.05,0.0,0.14319847855797813
39627865750243986,0.0,0.61,0.39,0.0,0.4823997742525436
39627865750243899,0.0,0.83,0.17,0.0,0.32885238937210975
39627865750244028,0.0,0.0,1.0,0.0,-0.0
39627853691622506,0.0,0.92,0.08,0.0,0.2010895951011364
39627835584811202,0.0,0.99,0.01,0.0,0.04039656794795559
39627829498874746,0.0,0.89,0.11,0.0,0.249957979082264
39627829498875315,0.0,0.95,0.05,0.0,0.14319847855797813
39627859731418939,0.0,0.9,0.1,0.0,0.2344977967946406
39627859731419094,0.0,0.33,0.67,0.0,0.4574631863898637
39627835584811032,0.0,0.73,0.27,0.0,0.42073231810408784
39627847626656530,0.0,0.74,0.26,0.0,0.4133731862463089
39627853691621259,0.0,0.25,0.75,0.0,0.4056390622295664
39627805360655540,0.0,0.35,0.65,0.0,0.4670340276877455
39627811400451511,0.0,0.75,0.25,0.0,0.4056390622295664
39627859731418831,0.0,0.9,0.1,0.0,0.2344977967946406
39627805360657414,0.0,0.02,0.98,0.0,0.07072027127091034
39627841612026905,0.0,0.18,0.82,0.0,0.34003852286413994
39627835538672696,0.0,0.21,0.79,0.0,0.37074136996563684
39627817427667866,0.0,0.29,0.71,0.0,0.43436062316970225
39627817440250037,0.0,0.11,0.89,0.0,0.249957979082264
39627805360657280,0.0,0.01,0.99,0.0,0.04039656794795559
39627823501021509,0.0,0.97,0.03,0.0,0.0971959289157881
39627811400452494,0.0,0.29,0.71,0.0,0.43436062316970225
39627853691621253,0.0,0.05,0.95,0.0,0.14319847855797813
39627829498875082,0.0,0.32,0.68,0.0,0.45219072886224687
39627853674840718,0.0,0.03,0.97,0.0,0.0971959289157881
39627823484243647,0.0,0.95,0.05,0.0,0.14319847855797813
39627835589001288,0.0,0.03,0.97,0.0,0.0971959289157881
39627847630849329,0.0,0.64,0.36,0.0,0.4713415946277461
39627853674840738,0.0,0.73,0.27,0.0,0.42073231810408784
39627835542867359,0.0,0.62,0.38,0.0,0.47902101111314976
39627823484243503,0.0,0.04,0.95,0.01,0.16124668093016215
39627817427665834,0.0,0.94,0.06,0.0,0.16372245957723813
39627871777459488,0.0,0.16,0.84,0.0,0.3171547773202831
39627835542867393,0.0,0.0,1.0,0.0,-0.0
39627835542867394,0.0,0.0,0.59,0.41,0.488250234378912
39627835542867723,0.0,0.92,0.08,0.0,0.2010895951011364
39627853700011018,0.0,0.61,0.39,0.0,0.4823997742525436
39627853674841258,0.0,0.83,0.17,0.0,0.32885238937210975
39627811400451545,0.0,0.03,0.97,0.0,0.0971959289157881
39627835547061825,0.0,0.38,0.62,0.0,0.47902101111314976
39627811404645716,0.0,0.79,0.21,0.0,0.37074136996563684
39627817461221359,0.0,0.53,0.47,0.0,0.4987007942838698
39627841591054982,0.0,0.68,0.32,0.0,0.45219072886224687
39627817440250629,0.0,0.53,0.47,0.0,0.4987007942838698
39627841591054836,0.0,0.8,0.2,0.0,0.36096404744368116
39627859718836748,0.0,0.13,0.87,0.0,0.2787190925139945
39627817431860667,0.0,0.93,0.07,0.0,0.18296182545011158
39627865758633529,0.0,0.15,0.85,0.0,0.3049201523582002
39627829524039562,0.0,0.0,1.0,0.0,-0.0
39627817436055614,0.0,0.47,0.53,0.0,0.4987007942838698
39627859739806937,0.0,0.88,0.12,0.0,0.2646804326436822
39627859739806685,0.0,0.76,0.24,0.0,0.39752013969226113
39627829549204289,0.0,0.07,0.93,0.0,0.18296182545011158
39627859718836179,0.0,0.84,0.16,0.0,0.3171547773202831
39627829503066501,0.0,0.42,0.58,0.0,0.49072694751682683
39627823480050250,0.0,0.09,0.91,0.0,0.21823490853205144
39627805364850511,0.0,0.06,0.94,0.0,0.16372245957723813
39627817436056251,0.0,0.19,0.81,0.0,0.3507357299419487
39627829549204100,0.0,0.28,0.72,0.0,0.4277254052800653
39627835584811457,0.0,0.99,0.01,0.0,0.04039656794795559
39627865767019489,0.0,0.01,0.99,0.0,0.04039656794795559
39627847622462565,0.0,0.06,0.94,0.0,0.16372245957723813
39627841616219051,0.0,0.87,0.13,0.0,0.2787190925139945
39627841595246585,0.0,0.21,0.79,0.0,0.37074136996563684
39627829507260697,0.0,0.99,0.01,0.0,0.04039656794795559
39627847622463173,0.0,0.99,0.01,0.0,0.04039656794795559
39627865750242779,0.0,1.0,0.0,0.0,-0.0
39627859723031517,0.0,0.93,0.07,0.0,0.18296182545011158
39627841616218818,0.0,0.0,1.0,0.0,-0.0
39627859735613282,0.0,0.56,0.44,0.0,0.4947937606110278
39627847660210683,0.0,0.14,0.86,0.0,0.292119405821428
39627841595245560,0.0,0.01,0.99,0.0,0.04039656794795559
39627847660210406,0.0,0.12,0.88,0.0,0.2646804326436822
39627859731419408,0.0,0.33,0.67,0.0,0.4574631863898637
39627847660211055,0.0,0.96,0.04,0.0,0.12114609454120741
39627847660210178,0.0,0.82,0.18,0.0,0.34003852286413994
39627835584811030,0.0,0.7,0.3,0.0,0.44064544961534635
39627817461221072,0.0,0.79,0.21,0.0,0.37074136996563684
39627817461221145,0.0,0.83,0.17,0.0,0.32885238937210975
39627817461221185,0.0,0.12,0.88,0.0,0.2646804326436822
39627859702059155,0.0,0.65,0.35,0.0,0.4670340276877455
39627859718836134,0.0,0.25,0.75,0.0,0.4056390622295664
39627841582664838,0.0,0.8,0.2,0.0,0.36096404744368116
39627841582664950,0.0,0.89,0.11,0.0,0.249957979082264
39627841582665014,0.0,0.83,0.17,0.0,0.32885238937210975
39627841586859686,0.0,0.69,0.31,0.0,0.4465867291889284
39627871794236405,0.0,0.44,0.56,0.0,0.4947937606110278
39627835559643400,0.0,0.32,0.68,0.0,0.45219072886224687
39627877817258255,0.0,0.41,0.59,0.0,0.488250234378912
39627871794236482,0.0,0.61,0.39,0.0,0.4823997742525436
39627877817258257,0.0,0.04,0.95,0.01,0.16124668093016215
39627841591050326,0.0,0.06,0.94,0.0,0.16372245957723813
39627865750243641,0.0,0.02,0.98,0.0,0.07072027127091034
39627865750243460,0.0,0.62,0.38,0.0,0.47902101111314976
39627859735612672,0.0,0.01,0.99,0.0,0.04039656794795559
39627865758634430,0.0,0.01,0.93,0.06,0.20367037270049304
39627871781652701,0.0,0.51,0.49,0.0,0.49985572087640495
39627847660211595,0.0,0.01,0.99,0.0,0.04039656794795559
39627877821450360,0.0,0.14,0.86,0.0,0.292119405821428
39627871794236741,0.0,0.07,0.93,0.0,0.18296182545011158
39627835584808284,0.0,0.3,0.7,0.0,0.44064544961534635
39627865750243504,0.0,0.61,0.39,0.0,0.4823997742525436
39627841586860574,0.0,0.0,0.95,0.05,0.14319847855797813
39627817436056064,0.0,0.0,1.0,0.0,-0.0
39627817457027229,0.0,0.65,0.35,0.0,0.4670340276877455
39627877817258598,0.0,0.96,0.04,0.0,0.12114609454120741
39627865758631772,0.0,0.21,0.79,0.0,0.37074136996563684
39627865758631701,0.0,0.56,0.44,0.0,0.4947937606110278
39627871794236506,0.0,1.0,0.0,0.0,-0.0
39627865758631644,0.01,0.99,0.0,0.0,0.04039656794795559
39627853683229935,0.0,0.27,0.73,0.0,0.42073231810408784
39627841612026350,0.0,0.52,0.48,0.0,0.4994227679976009
39627829507260712,0.0,0.97,0.03,0.0,0.0971959289157881
39627829507260724,0.0,0.91,0.09,0.0,0.21823490853205144
39627853687425230,0.0,0.11,0.89,0.0,0.249957979082264
39627817436056736,0.0,0.17,0.83,0.0,0.32885238937210975
39627811408841878,0.0,0.2,0.8,0.0,0.36096404744368116
39627847635044203,0.0,0.36,0.64,0.0,0.4713415946277461
39627823480049728,0.0,0.91,0.09,0.0,0.21823490853205144
39627859710446814,0.0,0.55,0.45,0.0,0.49638722699390414
39627835563838137,0.0,0.85,0.15,0.0,0.3049201523582002
39627841612024261,0.0,0.57,0.43,0.0,0.4929075185894599
39627823484243913,0.0,0.64,0.36,0.0,0.4713415946277461
39627817427665635,0.0,0.65,0.35,0.0,0.4670340276877455
39627817436056820,0.0,0.66,0.34,0.0,0.46240935248651505
39627829503068785,0.0,0.85,0.15,0.0,0.3049201523582002
39627841607830296,0.0,0.81,0.19,0.0,0.3507357299419487
39627829503068183,0.0,0.1,0.9,0.0,0.2344977967946406
39627829540819147,0.02,0.95,0.03,0.0,0.1674722434193448
39627829503068529,0.0,1.0,0.0,0.0,-0.0
39627823480049196,0.0,1.0,0.0,0.0,-0.0
39627853700006857,0.0,0.17,0.83,0.0,0.32885238937210975
39627811408841953,0.0,0.09,0.91,0.0,0.21823490853205144
39627823484243901,0.0,0.9,0.1,0.0,0.2344977967946406
39627811400452369,0.0,0.97,0.03,0.0,0.0971959289157881
39627859718832546,0.0,0.9,0.1,0.0,0.2344977967946406
39627859718832403,0.0,0.81,0.19,0.0,0.3507357299419487
39627847660212198,0.0,0.19,0.81,0.0,0.3507357299419487
39627853662261144,0.0,0.99,0.01,0.0,0.04039656794795559
39627847656018013,0.0,0.8,0.2,0.0,0.36096404744368116
39627805360654427,0.0,0.29,0.71,0.0,0.43436062316970225
39627805360654254,0.0,0.49,0.51,0.0,0.49985572087640495
39627829532427535,0.0,0.13,0.87,0.0,0.2787190925139945
39627859723032475,0.0,0.13,0.87,0.0,0.2787190925139945
39627823488438228,0.0,0.95,0.05,0.0,0.14319847855797813
39627853683229804,0.0,0.78,0.22,0.0,0.38008375148098283
39627853704201144,0.0,0.33,0.67,0.0,0.4574631863898637
39627811396257965,0.0,0.62,0.38,0.0,0.47902101111314976
39627865775410776,0.03,0.97,0.0,0.0,0.0971959289157881
39627823488439009,0.0,0.22,0.78,0.0,0.38008375148098283
39627823501021359,0.0,0.0,0.89,0.11,0.249957979082264
39627841612027113,0.0,0.74,0.26,0.0,0.4133731862463089
39627817448640571,0.0,0.26,0.74,0.0,0.4133731862463089
39627829511459498,0.0,0.0,1.0,0.0,-0.0
39627811396257842,0.0,0.63,0.37,0.0,0.47533604634353294
39627829532427441,0.0,0.62,0.38,0.0,0.47902101111314976
39627829532429140,0.0,0.59,0.41,0.0,0.488250234378912
39627829498875793,0.0,0.48,0.52,0.0,0.4994227679976009
39627823471662401,0.0,0.0,1.0,0.0,-0.0
39627853679035019,0.0,0.7,0.3,0.0,0.44064544961534635
39627823480048974,0.0,0.13,0.86,0.01,0.31810566868628926
39627823488438238,0.0,0.65,0.35,0.0,0.4670340276877455
39627823471662459,0.0,0.13,0.87,0.0,0.2787190925139945
39627823480049099,0.0,0.77,0.23,0.0,0.38900565177326885
39627823492634108,0.0,0.57,0.43,0.0,0.4929075185894599
39627823475855453,0.0,0.22,0.78,0.0,0.38008375148098283
39627823475855502,0.0,0.98,0.02,0.0,0.07072027127091034
39627823471662557,0.0,0.14,0.86,0.0,0.292119405821428
39627841595248529,0.0,0.86,0.14,0.0,0.292119405821428
39627835555450494,0.01,0.93,0.06,0.0,0.20367037270049304
39627823471660919,0.0,0.44,0.56,0.0,0.4947937606110278
39627823488438250,0.0,0.42,0.58,0.0,0.49072694751682683
39627841616220708,0.0,0.37,0.63,0.0,0.47533604634353294
39627823480048743,0.0,0.05,0.95,0.0,0.14319847855797813
39627841620415733,0.0,0.07,0.93,0.0,0.18296182545011158
39627829498875442,0.0,0.0,1.0,0.0,-0.0
39627817465414997,0.0,0.13,0.87,0.0,0.2787190925139945
39627829498875311,0.0,0.82,0.18,0.0,0.34003852286413994
39627865775410360,0.0,0.1,0.89,0.01,0.27413031336294724
39627841628799627,0.0,0.25,0.74,0.01,0.4439483258828103
39627829515649104,0.0,0.01,0.99,0.0,0.04039656794795559
39627835555449981,0.0,0.04,0.96,0.0,0.12114609454120741
39627835555450163,0.0,0.14,0.86,0.0,0.292119405821428
39627865775410708,0.0,0.31,0.69,0.0,0.4465867291889284
39627829549204295,0.0,0.11,0.89,0.0,0.249957979082264
39627847643433302,0.0,0.44,0.56,0.0,0.4947937606110278
39627865754440040,0.0,0.59,0.41,0.0,0.488250234378912
39627853679035276,0.0,0.11,0.86,0.03,0.34459107382959153
39627853679034570,0.0,0.0,0.95,0.05,0.14319847855797813
39627835555450056,0.0,0.33,0.67,0.0,0.4574631863898637
39627817436056455,0.0,0.18,0.82,0.0,0.34003852286413994
39627817436056642,0.0,0.0,1.0,0.0,-0.0
39627859706253331,0.0,0.67,0.33,0.0,0.4574631863898637
39627829532427059,0.0,0.29,0.71,0.0,0.43436062316970225
39627841595248474,0.0,0.15,0.85,0.0,0.3049201523582002
39627859723032718,0.0,0.9,0.1,0.0,0.2344977967946406
39627823480045909,0.0,0.48,0.52,0.0,0.4994227679976009
39627865775411038,0.0,0.95,0.05,0.0,0.14319847855797813
39627823496826976,0.0,0.6,0.4,0.0,0.4854752972273343
39627841620411638,0.0,0.13,0.87,0.0,0.2787190925139945
39627841599442455,0.0,0.05,0.95,0.0,0.14319847855797813
39627841620411693,0.0,1.0,0.0,0.0,-0.0
39627829515649339,0.0,0.3,0.7,0.0,0.44064544961534635
39627841620411612,0.0,0.88,0.12,0.0,0.2646804326436822
39627841628799243,0.0,0.69,0.31,0.0,0.4465867291889284
39627811396256317,0.0,0.0,1.0,0.0,-0.0
39627859710444206,0.0,0.75,0.25,0.0,0.4056390622295664
39627859710444338,0.0,0.1,0.9,0.0,0.2344977967946406
39627865750244353,0.0,0.23,0.77,0.0,0.38900565177326885
39627811417227919,0.0,0.1,0.88,0.02,0.30368177794258344
39627805360652963,0.0,0.86,0.14,0.0,0.292119405821428
39627823459077044,0.0,0.87,0.13,0.0,0.2787190925139945
39627841607829657,0.0,0.76,0.24,0.0,0.39752013969226113
39627841586859967,0.0,0.79,0.21,0.0,0.37074136996563684
39627847622459709,0.0,0.03,0.97,0.0,0.0971959289157881
39627841586859770,0.0,0.0,0.91,0.09,0.21823490853205144
39627859718837060,0.0,0.88,0.12,0.0,0.2646804326436822
39627805352266046,0.0,0.53,0.47,0.0,0.4987007942838698
39627805352265908,0.0,0.0,0.94,0.06,0.16372245957723813
39627805352265627,0.0,0.22,0.78,0.0,0.38008375148098283
39627841578470668,0.0,0.95,0.05,0.0,0.14319847855797813
39627865746050945,0.0,0.0,0.85,0.15,0.3049201523582002
39627847664406665,0.0,0.92,0.08,0.0,0.2010895951011364
39627829545011514,0.0,0.76,0.24,0.0,0.39752013969226113
39627859706251170,0.0,0.11,0.89,0.0,0.249957979082264
39627841624605511,0.0,0.17,0.83,0.0,0.32885238937210975
39627847664406668,0.0,0.8,0.2,0.0,0.36096404744368116
39627829545010588,0.0,0.0,0.99,0.01,0.04039656794795559
39627865771216540,0.0,0.01,0.99,0.0,0.04039656794795559
39627829503067237,0.0,1.0,0.0,0.0,-0.0
39627859739804863,0.0,0.46,0.54,0.0,0.49768921941011285
39627829503066926,0.0,0.18,0.82,0.0,0.34003852286413994
39627865771216476,0.0,1.0,0.0,0.0,-0.0
39627811413033060,0.0,0.12,0.88,0.0,0.2646804326436822
39627829545010663,0.0,0.04,0.94,0.02,0.19127133459887283
39627853662259157,0.0,0.89,0.11,0.0,0.249957979082264
39627823480047111,0.0,0.87,0.13,0.0,0.2787190925139945
39627841616221893,0.0,0.37,0.63,0.0,0.47533604634353294
39627847630849709,0.0,0.07,0.93,0.0,0.18296182545011158
39627829532430998,0.0,0.16,0.84,0.0,0.3171547773202831
39627829532431053,0.0,0.54,0.46,0.0,0.49768921941011285
39627853700006737,0.0,0.16,0.84,0.0,0.3171547773202831
39627823488434250,0.0,0.39,0.61,0.0,0.4823997742525436
39627859714640888,0.0,0.97,0.03,0.0,0.0971959289157881
39627841624609275,0.0,0.92,0.08,0.0,0.2010895951011364
39627865746049207,0.0,0.96,0.04,0.0,0.12114609454120741
39627835584810380,0.0,0.84,0.16,0.0,0.3171547773202831
39627835576418740,0.0,0.12,0.88,0.0,0.2646804326436822
39627865754436435,0.0,0.22,0.78,0.0,0.38008375148098283
39627865771213712,0.0,0.1,0.9,0.0,0.2344977967946406
39627811392063037,0.0,0.75,0.25,0.0,0.4056390622295664
39627823492631446,0.0,0.34,0.66,0.0,0.46240935248651505
39627823492631741,0.0,0.51,0.49,0.0,0.49985572087640495
39627841578472023,0.0,0.24,0.76,0.0,0.39752013969226113
39627859706250825,0.0,0.4,0.6,0.0,0.4854752972273343
39627811396258225,0.0,0.78,0.22,0.0,0.38008375148098283
39627817431859419,0.0,0.18,0.82,0.0,0.34003852286413994
39627847651824127,0.0,0.55,0.45,0.0,0.49638722699390414
39627853691622511,0.0,0.56,0.44,0.0,0.4947937606110278
39627823501020197,0.0,0.92,0.08,0.0,0.2010895951011364
39627841616221722,0.0,0.04,0.96,0.0,0.12114609454120741
39627847656017299,0.0,0.32,0.68,0.0,0.45219072886224687
39627829532429458,0.0,0.76,0.24,0.0,0.39752013969226113
39627823467465797,0.0,0.65,0.35,0.0,0.4670340276877455
39627847664407024,0.0,0.86,0.14,0.0,0.292119405821428
39627841620411862,0.0,0.4,0.6,0.0,0.4854752972273343
39627859723032637,0.0,0.14,0.86,0.0,0.292119405821428
39627847664406935,0.0,0.99,0.01,0.0,0.04039656794795559
39627853658065932,0.0,0.99,0.01,0.0,0.04039656794795559
39627841578468545,0.0,0.85,0.15,0.0,0.3049201523582002
39627841578468602,0.02,0.96,0.02,0.0,0.14114609454120738
39627853704204962,0.0,0.95,0.05,0.0,0.14319847855797813
39627853700008484,0.0,0.0,0.86,0.14,0.292119405821428
39627853700008500,0.0,0.01,0.98,0.01,0.08072027127091033
39627853700008055,0.0,0.31,0.69,0.0,0.4465867291889284
39627835576418453,0.0,0.07,0.93,0.0,0.18296182545011158
39627853691621954,0.0,0.06,0.93,0.01,0.20367037270049304
39627841616219969,0.0,0.08,0.92,0.0,0.2010895951011364
39627841624605180,0.0,0.0,0.99,0.01,0.04039656794795559
39627859710447463,0.0,0.03,0.97,0.0,0.0971959289157881
39627817457026690,0.0,0.92,0.08,0.0,0.2010895951011364
39627835580616924,0.0,0.0,0.99,0.01,0.04039656794795559
39627817457026474,0.0,0.62,0.38,0.0,0.47902101111314976
39627841591051348,0.0,0.06,0.94,0.0,0.16372245957723813
39627841591051884,0.0,0.09,0.91,0.0,0.21823490853205144
39627817427667260,0.0,0.46,0.54,0.0,0.49768921941011285
39627853700008769,0.0,0.18,0.82,0.0,0.34003852286413994
39627841616220268,0.0,0.49,0.51,0.0,0.49985572087640495
39627823484239952,0.0,0.97,0.03,0.0,0.0971959289157881
39627829519845216,0.0,0.1,0.9,0.0,0.2344977967946406
39627841595246733,0.0,0.94,0.06,0.0,0.16372245957723813
39627853691621911,0.0,0.11,0.89,0.0,0.249957979082264
39627847622460349,0.01,0.99,0.0,0.0,0.04039656794795559
39627835576418711,0.0,0.42,0.58,0.0,0.49072694751682683
39627841616220655,0.0,0.11,0.89,0.0,0.249957979082264
39627853704201197,0.0,0.89,0.11,0.0,0.249957979082264
39627841616220521,0.0,0.16,0.84,0.0,0.3171547773202831
39627841578472729,0.0,0.75,0.25,0.0,0.4056390622295664
39627865737662999,0.0,0.91,0.09,0.0,0.21823490853205144
39627835572225762,0.0,0.34,0.66,0.0,0.46240935248651505
39627835568032788,0.0,0.99,0.01,0.0,0.04039656794795559
39627859702059194,0.01,0.94,0.05,0.0,0.1832231322266888
39627871773266232,0.0,0.14,0.86,0.0,0.292119405821428
39627865741856338,0.0,0.76,0.24,0.0,0.39752013969226113
39627835568032466,0.0,0.0,0.92,0.08,0.2010895951011364
39627841607832929,0.0,0.73,0.27,0.0,0.42073231810408784
39627835584811095,0.0,0.88,0.12,0.0,0.2646804326436822
39627835555449988,0.0,0.8,0.2,0.0,0.36096404744368116
39627853704201109,0.0,0.74,0.26,0.0,0.4133731862463089
39627871781654083,0.0,0.8,0.2,0.0,0.36096404744368116
39627835563838788,0.0,0.93,0.07,0.0,0.18296182545011158
39627829540818315,0.0,0.7,0.3,0.0,0.44064544961534635
39627853704201269,0.0,0.24,0.76,0.0,0.39752013969226113
39627871777459590,0.0,1.0,0.0,0.0,-0.0
39627847656017408,0.0,0.17,0.83,0.0,0.32885238937210975
39627853695814842,0.0,0.2,0.8,0.0,0.36096404744368116
39627823501019919,0.0,0.24,0.76,0.0,0.39752013969226113
39627847656017426,0.0,0.23,0.77,0.0,0.38900565177326885
39627829519845163,0.0,0.32,0.68,0.0,0.45219072886224687
39627823501020452,0.0,0.99,0.01,0.0,0.04039656794795559
39627859702058642,0.0,0.6,0.4,0.0,0.4854752972273343
39627847664402524,0.0,0.83,0.17,0.0,0.32885238937210975
39627847664402567,0.0,0.0,0.98,0.02,0.07072027127091034
39627847664407129,0.0,0.77,0.23,0.0,0.38900565177326885
39627847668596875,0.0,0.72,0.28,0.0,0.4277254052800653
39627835559643873,0.17,0.83,0.0,0.0,0.32885238937210975
39627859710446790,0.0,0.03,0.94,0.03,0.19372245957723813
39627823471660990,0.0,0.34,0.66,0.0,0.46240935248651505
39627823467465727,0.0,0.95,0.05,0.0,0.14319847855797813
39627823471660748,0.0,0.98,0.02,0.0,0.07072027127091034
39627847656017760,0.0,0.22,0.77,0.01,0.4186777986697226
39627829532429522,0.0,0.77,0.23,0.0,0.38900565177326885
39627859743998859,0.0,0.83,0.17,0.0,0.32885238937210975
39627847618268445,0.0,0.95,0.05,0.0,0.14319847855797813
39627811387867527,0.0,0.4,0.6,0.0,0.4854752972273343
39627811383677366,0.0,0.63,0.37,0.0,0.47533604634353294
39627847664406212,0.0,0.26,0.74,0.0,0.4133731862463089
39627829498874676,0.0,0.66,0.34,0.0,0.46240935248651505
39627829498874822,0.0,0.98,0.02,0.0,0.07072027127091034
39627829498874928,0.0,0.06,0.94,0.0,0.16372245957723813
39627847618268636,0.0,0.44,0.56,0.0,0.4947937606110278
39627829498874924,0.0,0.9,0.1,0.0,0.2344977967946406
39627805360653782,0.0,0.31,0.69,0.0,0.4465867291889284
39627805360653618,0.0,0.59,0.41,0.0,0.488250234378912
39627805360653518,0.0,0.84,0.16,0.0,0.3171547773202831
39627805360653382,0.0,0.78,0.22,0.0,0.38008375148098283
39627805360653219,0.0,0.82,0.18,0.0,0.34003852286413994
39627805360653026,0.0,0.81,0.19,0.0,0.3507357299419487
39627805360652990,0.0,0.4,0.6,0.0,0.4854752972273343
39627865754437612,0.0,0.1,0.9,0.0,0.2344977967946406
39627835580617094,0.0,0.11,0.89,0.0,0.249957979082264
39627853658067309,0.0,0.78,0.22,0.0,0.38008375148098283
39627847647631341,0.0,0.41,0.59,0.0,0.488250234378912
39627817427665399,0.0,0.23,0.77,0.0,0.38900565177326885
39627811392063811,0.0,0.29,0.71,0.0,0.43436062316970225
39627859710446530,0.0,0.4,0.6,0.0,0.4854752972273343
39627841616219693,0.0,0.01,0.97,0.02,0.11097036642660543
39627841616219717,0.0,0.03,0.96,0.01,0.13737165703039006
39627841607827740,0.0,0.85,0.15,0.0,0.3049201523582002
39627853700006966,0.0,0.82,0.18,0.0,0.34003852286413994
39627823475856276,0.0,0.37,0.63,0.0,0.47533604634353294
39627841607827973,0.0,0.53,0.47,0.0,0.4987007942838698
39627841607827965,0.0,0.05,0.95,0.0,0.14319847855797813
39627871777459796,0.0,0.94,0.06,0.0,0.16372245957723813
39627847618268800,0.0,0.99,0.01,0.0,0.04039656794795559
39627817423474141,0.0,0.96,0.04,0.0,0.12114609454120741
39627805360653017,0.0,0.17,0.83,0.0,0.32885238937210975
39627835584807027,0.0,0.23,0.77,0.0,0.38900565177326885
39627841616221401,0.0,0.54,0.46,0.0,0.49768921941011285
39627817427665612,0.0,0.79,0.21,0.0,0.37074136996563684
39627847656014896,0.0,0.85,0.15,0.0,0.3049201523582002
39627859702058954,0.0,0.19,0.81,0.0,0.3507357299419487
39627817427665908,0.0,0.45,0.55,0.0,0.49638722699390414
39627859743999658,0.0,0.41,0.59,0.0,0.488250234378912
39627877813060827,0.0,0.06,0.91,0.03,0.2595582210645035
39627835572229501,0.0,0.59,0.41,0.0,0.488250234378912
39627841612022556,0.0,0.79,0.21,0.0,0.37074136996563684
39627871798428394,0.0,0.67,0.33,0.0,0.4574631863898637
39627835563836548,0.0,0.04,0.96,0.0,0.12114609454120741
39627865750246128,0.0,0.01,0.99,0.0,0.04039656794795559
39627829507262909,0.0,0.85,0.15,0.0,0.3049201523582002
39627865771216050,0.0,0.43,0.57,0.0,0.4929075185894599
39627835576421728,0.0,0.33,0.67,0.0,0.4574631863898637
39627835580617062,0.0,0.19,0.81,0.0,0.3507357299419487
39627847635043157,0.0,0.17,0.82,0.01,0.3678974314876692
39627835580617372,0.0,0.66,0.34,0.0,0.46240935248651505
39627835584810569,0.0,0.08,0.92,0.0,0.2010895951011364
39627865762825401,0.0,0.0,0.98,0.02,0.07072027127091034
39627829536621926,0.0,0.63,0.37,0.0,0.47533604634353294
39627853662257894,0.0,0.63,0.37,0.0,0.47533604634353294
39627829536622101,0.0,0.84,0.16,0.0,0.3171547773202831
39627841595245112,0.0,0.57,0.43,0.0,0.4929075185894599
39627841620415856,0.0,0.32,0.68,0.0,0.45219072886224687
39627871798428921,0.0,0.99,0.01,0.0,0.04039656794795559
39627835568031032,0.0,0.74,0.26,0.0,0.4133731862463089
39627853679038700,0.0,0.57,0.43,0.0,0.4929075185894599
39627865754438673,0.0,0.67,0.33,0.0,0.4574631863898637
39627805360655935,0.0,0.19,0.81,0.0,0.3507357299419487
39627805369041198,0.0,0.44,0.56,0.0,0.4947937606110278
39627853700010603,0.0,0.31,0.69,0.0,0.4465867291889284
39627805360655803,0.0,0.08,0.92,0.0,0.2010895951011364
39627823496824223,0.0,0.09,0.91,0.0,0.21823490853205144
39627871785845776,0.0,0.74,0.26,0.0,0.4133731862463089
39627859727224378,0.0,0.04,0.96,0.0,0.12114609454120741
39627859727224274,0.0,0.69,0.31,0.0,0.4465867291889284
39627829507262790,0.0,0.25,0.75,0.0,0.4056390622295664
39627859727224192,0.0,0.0,1.0,0.0,-0.0
39627841599440671,0.0,0.93,0.07,0.0,0.18296182545011158
39627817436055122,0.0,0.3,0.7,0.0,0.44064544961534635
39627817436055569,0.0,0.71,0.29,0.0,0.43436062316970225
39627817436055117,0.0,0.8,0.2,0.0,0.36096404744368116
39627817436055588,0.0,0.01,0.99,0.0,0.04039656794795559
39627847660212677,0.0,0.63,0.37,0.0,0.47533604634353294
39627865750241617,0.0,0.02,0.98,0.0,0.07072027127091034
39627853687427195,0.0,0.88,0.12,0.0,0.2646804326436822
39627853704202070,0.0,0.96,0.04,0.0,0.12114609454120741
39627823496824097,0.0,0.02,0.98,0.0,0.07072027127091034
39627835580616156,0.0,0.07,0.93,0.0,0.18296182545011158
39627817444442503,0.0,0.04,0.96,0.0,0.12114609454120741
39627835580615945,0.0,0.86,0.14,0.0,0.292119405821428
39627823501021775,0.0,0.01,0.99,0.0,0.04039656794795559
39627841582664155,0.0,0.55,0.45,0.0,0.49638722699390414
39627829536623752,0.0,0.09,0.91,0.0,0.21823490853205144
39627865762828243,0.0,0.93,0.07,0.0,0.18296182545011158
39627859714640434,0.0,0.94,0.06,0.0,0.16372245957723813
39627859714640476,0.0,0.03,0.97,0.0,0.0971959289157881
39627859714640525,0.0,1.0,0.0,0.0,-0.0
39627835542869217,0.0,0.42,0.58,0.0,0.49072694751682683
39627811421421962,0.0,0.74,0.26,0.0,0.4133731862463089
39627853687424587,0.0,0.59,0.41,0.0,0.488250234378912
39627865767023270,0.0,0.68,0.32,0.0,0.45219072886224687
39627865767023254,0.0,0.15,0.85,0.0,0.3049201523582002
39627859714640418,0.0,0.77,0.23,0.0,0.38900565177326885
39627829515651424,0.0,0.4,0.6,0.0,0.4854752972273343
39627811417230016,0.01,0.94,0.05,0.0,0.1832231322266888
39627817436054993,0.01,0.95,0.04,0.0,0.16124668093016215
39627853662261015,0.0,0.99,0.01,0.0,0.04039656794795559
39627859723026988,0.0,0.01,0.98,0.01,0.08072027127091033
39627859727224094,0.0,0.13,0.87,0.0,0.2787190925139945
39627865767020553,0.0,0.71,0.29,0.0,0.43436062316970225
39627811392066544,0.0,0.41,0.59,0.0,0.488250234378912
39627823480048616,0.0,0.24,0.76,0.0,0.39752013969226113
39627859718837972,0.0,0.59,0.41,0.0,0.488250234378912
39627859723026588,0.0,0.41,0.59,0.0,0.488250234378912
39627859723031459,0.0,0.14,0.86,0.0,0.292119405821428
39627853695813097,0.0,1.0,0.0,0.0,-0.0
39627853662258345,0.0,0.11,0.89,0.0,0.249957979082264
39627859723026753,0.0,0.05,0.95,0.0,0.14319847855797813
39627853695816761,0.0,0.91,0.09,0.0,0.21823490853205144
39627859723026865,0.0,0.46,0.54,0.0,0.49768921941011285
39627823501017419,0.0,0.23,0.77,0.0,0.38900565177326885
39627853700008311,0.0,0.67,0.33,0.0,0.4574631863898637
39627811413034303,0.0,0.43,0.57,0.0,0.4929075185894599
39627871777459994,0.0,0.03,0.97,0.0,0.0971959289157881
39627859727224620,0.0,0.26,0.74,0.0,0.4133731862463089
39627865750244963,0.0,0.0,0.97,0.03,0.0971959289157881
39627835559645823,0.0,0.29,0.71,0.0,0.43436062316970225
39627853666455233,0.0,0.14,0.86,0.0,0.292119405821428
39627817436058124,0.0,0.45,0.55,0.0,0.49638722699390414
39627871790040869,0.0,0.23,0.77,0.0,0.38900565177326885
39627841586861585,0.0,0.92,0.08,0.0,0.2010895951011364
39627823496828194,0.0,0.03,0.97,0.0,0.0971959289157881
39627823501017338,0.0,0.0,1.0,0.0,-0.0
39627823496828203,0.0,0.14,0.86,0.0,0.292119405821428
39627847639239051,0.0,0.17,0.83,0.0,0.32885238937210975
39627859714640226,0.0,0.71,0.29,0.0,0.43436062316970225
39627847630851099,0.0,0.01,0.97,0.02,0.11097036642660543
39627853700007885,0.0,0.02,0.97,0.01,0.11097036642660543
39627847660213005,0.0,0.89,0.11,0.0,0.249957979082264
39627853662260949,0.0,0.59,0.41,0.0,0.488250234378912
39627817431860643,0.0,0.01,0.99,0.0,0.04039656794795559
39627823496825126,0.0,0.6,0.4,0.0,0.4854752972273343
39627811417231155,0.0,0.53,0.47,0.0,0.4987007942838698
39627823501017423,0.0,0.89,0.11,0.0,0.249957979082264
39627817461222209,0.0,0.07,0.93,0.0,0.18296182545011158
39627847630850856,0.0,0.01,0.98,0.01,0.08072027127091033
39627811417230570,0.0,0.98,0.02,0.0,0.07072027127091034
39627871790040819,0.0,0.0,0.54,0.46,0.49768921941011285
39627853662260807,0.0,0.09,0.91,0.0,0.21823490853205144
39627859714640195,0.0,0.3,0.7,0.0,0.44064544961534635
39627817431861213,0.0,0.82,0.18,0.0,0.34003852286413994
39627823480048891,0.0,0.75,0.25,0.0,0.4056390622295664
39627853700008018,0.0,0.87,0.13,0.0,0.2787190925139945
39627859739807140,0.0,0.61,0.39,0.0,0.4823997742525436
39627841586856513,0.01,0.93,0.06,0.0,0.20367037270049304
39627835551255629,0.0,0.74,0.26,0.0,0.4133731862463089
39627805364848994,0.0,0.0,0.95,0.05,0.14319847855797813
39627847635043434,0.0,0.82,0.18,0.0,0.34003852286413994
39627859731417020,0.0,0.7,0.3,0.0,0.44064544961534635
39627865767018555,0.0,0.42,0.58,0.0,0.49072694751682683
39627841624606784,0.0,0.48,0.52,0.0,0.4994227679976009
39627859723030889,0.0,1.0,0.0,0.0,-0.0
39627805364847723,0.0,0.14,0.86,0.0,0.292119405821428
39627811417229820,0.0,0.45,0.55,0.0,0.49638722699390414
39627835576418589,0.0,0.21,0.79,0.0,0.37074136996563684
39627853666453542,0.0,0.29,0.71,0.0,0.43436062316970225
39627853683229604,0.0,0.27,0.73,0.0,0.42073231810408784
39627853683233195,0.0,0.39,0.61,0.0,0.4823997742525436
39627853666453501,0.0,0.65,0.35,0.0,0.4670340276877455
39627817440249933,0.0,0.04,0.96,0.0,0.12114609454120741
39627823480046031,0.0,0.26,0.74,0.0,0.4133731862463089
39627817440249595,0.0,0.0,0.98,0.02,0.07072027127091034
39627865762828996,0.0,0.34,0.66,0.0,0.46240935248651505
39627853691617450,0.0,0.3,0.7,0.0,0.44064544961534635
39627811408839856,0.0,0.51,0.49,0.0,0.49985572087640495
39627835551255211,0.0,0.71,0.29,0.0,0.43436062316970225
39627811392065683,0.0,0.64,0.36,0.0,0.4713415946277461
39627829511456883,0.0,0.96,0.04,0.0,0.12114609454120741
39627859706249883,0.0,0.45,0.55,0.0,0.49638722699390414
39627847626656134,0.0,0.82,0.18,0.0,0.34003852286413994
39627823496824191,0.0,0.84,0.16,0.0,0.3171547773202831
39627859706250030,0.0,0.98,0.02,0.0,0.07072027127091034
39627853700010918,0.0,0.09,0.91,0.0,0.21823490853205144
39627847626656339,0.0,0.73,0.27,0.0,0.42073231810408784
39627805364851832,0.05,0.95,0.0,0.0,0.14319847855797813
39627829507265028,0.0,0.15,0.85,0.0,0.3049201523582002
39627865771214624,0.0,0.73,0.27,0.0,0.42073231810408784
39627805364851032,0.0,0.65,0.35,0.0,0.4670340276877455
39627817436059225,0.0,0.05,0.95,0.0,0.14319847855797813
39627859735613743,0.0,0.0,1.0,0.0,-0.0
39627829507265526,0.0,0.17,0.83,0.0,0.32885238937210975
39627817452834116,0.0,0.73,0.27,0.0,0.42073231810408784
39627853683233125,0.0,0.9,0.1,0.0,0.2344977967946406
39627835551255507,0.0,0.1,0.9,0.0,0.2344977967946406
39627859731419187,0.0,0.34,0.66,0.0,0.46240935248651505
39627835551255904,0.0,0.46,0.54,0.0,0.49768921941011285
39627823463269810,0.0,1.0,0.0,0.0,-0.0
39627811387871403,0.0,0.97,0.03,0.0,0.0971959289157881
39627811413034452,0.0,0.39,0.61,0.0,0.4823997742525436
39627835551255538,0.0,0.04,0.95,0.01,0.16124668093016215
39627823463269614,0.0,0.08,0.92,0.0,0.2010895951011364
39627835551256073,0.0,0.29,0.71,0.0,0.43436062316970225
39627835551255368,0.0,0.76,0.24,0.0,0.39752013969226113
39627811392061528,0.0,0.9,0.1,0.0,0.2344977967946406
39627835555449395,0.0,0.03,0.95,0.02,0.1674722434193448
39627835555449480,0.0,0.13,0.87,0.0,0.2787190925139945
39627859723030792,0.0,0.39,0.61,0.0,0.4823997742525436
39627817461222520,0.0,0.28,0.72,0.0,0.4277254052800653
39627823463270004,0.0,0.15,0.85,0.0,0.3049201523582002
39627847622461280,0.0,0.06,0.91,0.03,0.2595582210645035
39627865767021042,0.0,0.31,0.69,0.0,0.4465867291889284
39627817431860812,0.0,0.0,0.84,0.16,0.3171547773202831
39627841599440282,0.0,0.59,0.41,0.0,0.488250234378912
39627829524039661,0.0,0.79,0.21,0.0,0.37074136996563684
39627853691617596,0.0,0.69,0.31,0.0,0.4465867291889284
39627853687427266,0.0,0.77,0.23,0.0,0.38900565177326885
39627835547060556,0.0,0.01,0.98,0.01,0.08072027127091033
39627829528232447,0.0,0.21,0.79,0.0,0.37074136996563684
39627817440249397,0.0,0.87,0.13,0.0,0.2787190925139945
39627865746048213,0.0,0.0,0.98,0.02,0.07072027127091034
39627835576421595,0.0,0.03,0.97,0.0,0.0971959289157881
39627823459079015,0.0,0.09,0.9,0.01,0.2579475764741046
39627817461221844,0.0,0.12,0.88,0.0,0.2646804326436822
39627817440249854,0.0,1.0,0.0,0.0,-0.0
39627817440250396,0.0,0.56,0.44,0.0,0.4947937606110278
39627823459078998,0.0,0.21,0.78,0.01,0.4094279001393156
39627865746048066,0.0,0.08,0.92,0.0,0.2010895951011364
39627859723029221,0.0,0.22,0.78,0.0,0.38008375148098283
39627817461221906,0.0,0.02,0.98,0.0,0.07072027127091034
39627835551256099,0.0,0.83,0.17,0.0,0.32885238937210975
39627829498876269,0.0,0.85,0.15,0.0,0.3049201523582002
39627817431861718,0.01,0.99,0.0,0.0,0.04039656794795559
39627853687426826,0.0,0.81,0.19,0.0,0.3507357299419487
39627859723030845,0.0,0.37,0.63,0.0,0.47533604634353294
39627835551256080,0.0,0.33,0.67,0.0,0.4574631863898637
39627817436055056,0.0,0.26,0.74,0.0,0.4133731862463089
39627835551256083,0.0,0.62,0.38,0.0,0.47902101111314976
39627823496824321,0.0,0.95,0.05,0.0,0.14319847855797813
39627823484241995,0.0,0.92,0.08,0.0,0.2010895951011364
39627847622461092,0.0,0.72,0.28,0.0,0.4277254052800653
39627865746047845,0.0,0.98,0.02,0.0,0.07072027127091034
39627859723031727,0.0,0.01,0.99,0.0,0.04039656794795559
39627835576421506,0.0,0.8,0.2,0.0,0.36096404744368116
39627829498876273,0.0,0.5,0.5,0.0,0.5
39627847622460953,0.0,0.28,0.72,0.0,0.4277254052800653
39627817431861606,0.0,0.0,0.99,0.01,0.04039656794795559
39627859706250155,0.02,0.96,0.02,0.0,0.14114609454120738
39627823496824455,0.0,0.29,0.71,0.0,0.43436062316970225
39627847622461674,0.0,0.87,0.13,0.0,0.2787190925139945
39627859723030357,0.0,1.0,0.0,0.0,-0.0
39627859739807080,0.0,0.43,0.57,0.0,0.4929075185894599
39627865767018718,0.0,0.58,0.42,0.0,0.49072694751682683
39627817431861476,0.0,0.23,0.77,0.0,0.38900565177326885
39627853662258946,0.0,0.28,0.72,0.0,0.4277254052800653
39627841599439547,0.0,0.21,0.79,0.0,0.37074136996563684
39627841599439496,0.0,0.06,0.94,0.0,0.16372245957723813
39627835551255987,0.0,0.04,0.96,0.0,0.12114609454120741
39627853700008547,0.0,0.56,0.44,0.0,0.4947937606110278
39627811400453483,0.0,0.08,0.92,0.0,0.2010895951011364
39627817457029016,0.0,0.02,0.98,0.0,0.07072027127091034
39627811421421869,0.0,0.31,0.69,0.0,0.4465867291889284
39627811400450614,0.0,0.88,0.12,0.0,0.2646804326436822
39627817448637519,0.0,0.27,0.73,0.0,0.42073231810408784
39627829545009227,0.0,0.54,0.46,0.0,0.49768921941011285
39627829536624197,0.0,0.02,0.96,0.02,0.14114609454120738
39627829536624025,0.0,0.87,0.13,0.0,0.2787190925139945
39627829507264709,0.0,0.05,0.95,0.0,0.14319847855797813
39627829536623987,0.0,0.71,0.29,0.0,0.43436062316970225
39627811421422114,0.0,0.7,0.3,0.0,0.44064544961534635
39627811421422122,0.0,0.86,0.14,0.0,0.292119405821428
39627829515653088,0.0,0.11,0.89,0.0,0.249957979082264
39627811421422285,0.0,0.22,0.78,0.0,0.38008375148098283
39627829507262366,0.0,0.35,0.65,0.0,0.4670340276877455
39627829519847576,0.0,0.33,0.67,0.0,0.4574631863898637
39627829536623212,0.0,0.45,0.55,0.0,0.49638722699390414
39627829536623164,0.0,0.29,0.71,0.0,0.43436062316970225
39627829507265226,0.0,0.63,0.37,0.0,0.47533604634353294
39627865775407341,0.0,0.83,0.17,0.0,0.32885238937210975
39627865767021022,0.0,0.94,0.06,0.0,0.16372245957723813
39627865750245792,0.0,0.25,0.75,0.0,0.4056390622295664
39627817444446816,0.0,0.13,0.87,0.0,0.2787190925139945
39627829507265285,0.0,0.29,0.71,0.0,0.43436062316970225
39627811400450443,0.0,0.82,0.18,0.0,0.34003852286413994
39627835580612954,0.05,0.94,0.01,0.0,0.1832231322266888
39627865762825138,0.0,0.18,0.82,0.0,0.34003852286413994
39627811396261413,0.0,0.38,0.62,0.0,0.47902101111314976
39627859731418999,0.0,0.44,0.56,0.0,0.4947937606110278
39627859731418855,0.0,0.41,0.59,0.0,0.488250234378912
39627835568033622,0.0,0.38,0.62,0.0,0.47902101111314976
39627829507265219,0.0,0.79,0.21,0.0,0.37074136996563684
39627859731419000,0.0,0.75,0.25,0.0,0.4056390622295664
39627835555451399,0.0,0.12,0.88,0.0,0.2646804326436822
39627859731419051,0.0,0.73,0.27,0.0,0.42073231810408784
39627817452832793,0.0,0.01,0.99,0.0,0.04039656794795559
39627835555451272,0.0,0.63,0.37,0.0,0.47533604634353294
39627817452833117,0.0,0.81,0.19,0.0,0.3507357299419487
39627859731419086,0.0,0.78,0.22,0.0,0.38008375148098283
39627847664403681,0.0,0.24,0.76,0.0,0.39752013969226113
39627829507262491,0.0,0.98,0.02,0.0,0.07072027127091034
39627859731419118,0.0,0.93,0.07,0.0,0.18296182545011158
39627829507265185,0.0,0.44,0.56,0.0,0.4947937606110278
39627817452835686,0.0,0.14,0.86,0.0,0.292119405821428
39627865767020543,0.0,0.19,0.81,0.0,0.3507357299419487
39627859731419132,0.0,0.71,0.29,0.0,0.43436062316970225
39627859731419201,0.0,0.01,0.97,0.02,0.11097036642660543
39627811387871359,0.0,0.62,0.38,0.0,0.47902101111314976
39627865746050452,0.0,1.0,0.0,0.0,-0.0
39627829519847537,0.0,0.01,0.99,0.0,0.04039656794795559
39627829528234518,0.0,0.34,0.66,0.0,0.46240935248651505
39627859727223864,0.0,0.67,0.33,0.0,0.4574631863898637
39627841612026085,0.0,0.01,0.98,0.01,0.08072027127091033
39627823480046557,0.0,0.56,0.44,0.0,0.4947937606110278
39627835559642969,0.0,0.57,0.43,0.0,0.4929075185894599
39627829507265063,0.0,0.24,0.76,0.0,0.39752013969226113
39627829524042639,0.0,0.6,0.4,0.0,0.4854752972273343
39627853695816630,0.0,0.0,0.92,0.08,0.2010895951011364
39627835576419810,0.0,0.33,0.67,0.0,0.4574631863898637
39627811400453667,0.0,0.97,0.03,0.0,0.0971959289157881
39627811400453675,0.0,0.34,0.66,0.0,0.46240935248651505
39627865762825327,0.0,0.19,0.81,0.0,0.3507357299419487
39627811400454035,0.0,0.69,0.31,0.0,0.4465867291889284
39627865771215992,0.0,0.39,0.61,0.0,0.4823997742525436
39627853683229609,0.0,0.03,0.97,0.0,0.0971959289157881
39627811396256433,0.0,0.09,0.91,0.0,0.21823490853205144
39627859727222578,0.0,0.01,0.96,0.03,0.13737165703039006
39627859727222563,0.0,0.0,0.97,0.03,0.0971959289157881
39627865771215738,0.0,0.25,0.75,0.0,0.4056390622295664
39627829524041945,0.0,0.1,0.9,0.0,0.2344977967946406
39627859727224051,0.0,0.18,0.82,0.0,0.34003852286413994
39627859727224063,0.0,0.08,0.92,0.0,0.2010895951011364
39627835580616416,0.0,0.86,0.14,0.0,0.292119405821428
39627859731419881,0.0,0.18,0.82,0.0,0.34003852286413994
39627829524041125,0.0,0.21,0.79,0.0,0.37074136996563684
39627853666452146,0.0,0.13,0.87,0.0,0.2787190925139945
39627817444444762,0.0,0.53,0.47,0.0,0.4987007942838698
39627841607833342,0.0,0.75,0.25,0.0,0.4056390622295664
39627847639242217,0.0,0.94,0.06,0.0,0.16372245957723813
39627841591050530,0.0,0.55,0.45,0.0,0.49638722699390414
39627829524041268,0.0,0.44,0.56,0.0,0.4947937606110278
39627877821449302,0.0,0.68,0.32,0.0,0.45219072886224687
39627865771215611,0.0,0.0,1.0,0.0,-0.0
39627871785849382,0.0,0.67,0.33,0.0,0.4574631863898637
39627841591050584,0.0,0.98,0.02,0.0,0.07072027127091034
39627871790039229,0.0,0.72,0.28,0.0,0.4277254052800653
39627811396257211,0.0,0.3,0.7,0.0,0.44064544961534635
39627835542868443,0.0,0.06,0.94,0.0,0.16372245957723813
39627829507262679,0.0,0.22,0.78,0.0,0.38008375148098283
39627835542868544,0.0,0.02,0.98,0.0,0.07072027127091034
39627853666452193,0.0,0.12,0.88,0.0,0.2646804326436822
39627871790039614,0.0,0.46,0.54,0.0,0.49768921941011285
39627811396257174,0.0,0.01,0.99,0.0,0.04039656794795559
39627871790039636,0.0,0.42,0.58,0.0,0.49072694751682683
39627835589002151,0.0,0.17,0.83,0.0,0.32885238937210975
39627871794234370,0.0,0.02,0.98,0.0,0.07072027127091034
39627853662260733,0.0,0.62,0.38,0.0,0.47902101111314976
39627835551254174,0.0,0.04,0.96,0.0,0.12114609454120741
39627817436055477,0.0,0.09,0.91,0.0,0.21823490853205144
39627817436055380,0.0,0.58,0.42,0.0,0.49072694751682683
39627835576421923,0.0,0.85,0.15,0.0,0.3049201523582002
39627835584809671,0.0,0.9,0.1,0.0,0.2344977967946406
39627859714639679,0.0,0.18,0.82,0.0,0.34003852286413994
39627835584810486,0.0,0.48,0.52,0.0,0.4994227679976009
39627859714639607,0.0,0.0,0.88,0.12,0.2646804326436822
39627859714639576,0.0,0.0,1.0,0.0,-0.0
39627835551254783,0.0,0.34,0.66,0.0,0.46240935248651505
39627859714639001,0.0,0.0,0.94,0.06,0.16372245957723813
39627835551252743,0.0,0.21,0.79,0.0,0.37074136996563684
39627841620415051,0.0,0.01,0.99,0.0,0.04039656794795559
39627835589002335,0.0,1.0,0.0,0.0,-0.0
39627823467464984,0.0,0.59,0.41,0.0,0.488250234378912
39627823463270680,0.0,0.78,0.22,0.0,0.38008375148098283
39627859710448107,0.0,0.2,0.8,0.0,0.36096404744368116
39627823463270604,0.0,0.16,0.84,0.0,0.3171547773202831
39627811408842167,0.04,0.96,0.0,0.0,0.12114609454120741
39627841620414570,0.0,0.45,0.55,0.0,0.49638722699390414
39627859714638348,0.0,0.62,0.38,0.0,0.47902101111314976
39627841620414953,0.0,0.0,1.0,0.0,-0.0
39627835551252793,0.0,0.17,0.83,0.0,0.32885238937210975
39627859714640253,0.0,0.13,0.87,0.0,0.2787190925139945
39627859714637944,0.0,0.48,0.52,0.0,0.4994227679976009
39627817436055298,0.0,0.04,0.96,0.0,0.12114609454120741
39627859714638169,0.0,0.52,0.48,0.0,0.4994227679976009
39627817436055062,0.0,0.1,0.9,0.0,0.2344977967946406
39627817436055066,0.0,0.16,0.84,0.0,0.3171547773202831
39627835589002254,0.0,0.13,0.87,0.0,0.2787190925139945
39627829507264879,0.0,0.53,0.47,0.0,0.4987007942838698
39627835551254707,0.0,0.63,0.37,0.0,0.47533604634353294
39627817436054808,0.0,0.82,0.18,0.0,0.34003852286413994
39627835547064058,0.0,0.02,0.98,0.0,0.07072027127091034
39627859714638226,0.0,0.91,0.09,0.0,0.21823490853205144
39627859714638854,0.0,0.23,0.77,0.0,0.38900565177326885
39627859723027884,0.0,0.87,0.13,0.0,0.2787190925139945
39627835551252530,0.0,0.02,0.94,0.04,0.1912713345988728
39627835547063764,0.0,0.06,0.94,0.0,0.16372245957723813
39627835551254767,0.0,0.24,0.76,0.0,0.39752013969226113
39627859714638025,0.0,0.53,0.47,0.0,0.4987007942838698
39627853662258970,0.0,0.24,0.76,0.0,0.39752013969226113
39627823484240675,0.0,0.67,0.33,0.0,0.4574631863898637
39627835551254260,0.0,1.0,0.0,0.0,-0.0
39627865767021389,0.0,0.67,0.33,0.0,0.4574631863898637
39627841620413172,0.0,0.5,0.5,0.0,0.5
39627835551255043,0.0,0.01,0.99,0.0,0.04039656794795559
39627829519847824,0.0,0.19,0.81,0.0,0.3507357299419487
39627841595250128,0.0,0.93,0.07,0.0,0.18296182545011158
39627853695816411,0.0,0.78,0.22,0.0,0.38008375148098283
39627829524042957,0.0,0.58,0.42,0.0,0.49072694751682683
39627859723030970,0.0,0.35,0.65,0.0,0.4670340276877455
39627859723030942,0.0,0.78,0.22,0.0,0.38008375148098283
39627865771213858,0.0,0.04,0.96,0.0,0.12114609454120741
39627829498875483,0.0,0.15,0.85,0.0,0.3049201523582002
39627811392064851,0.0,0.85,0.15,0.0,0.3049201523582002
39627865762824989,0.0,0.03,0.97,0.0,0.0971959289157881
39627847622461279,0.03,0.97,0.0,0.0,0.0971959289157881
39627841612026065,0.0,0.82,0.18,0.0,0.34003852286413994
39627835576423246,0.0,0.67,0.33,0.0,0.4574631863898637
39627853662260602,0.0,0.94,0.06,0.0,0.16372245957723813
39627859735609937,0.0,0.1,0.9,0.0,0.2344977967946406
39627835547063988,0.0,0.38,0.62,0.0,0.47902101111314976
39627817452835437,0.0,0.88,0.12,0.0,0.2646804326436822
39627841624606681,0.0,0.54,0.46,0.0,0.49768921941011285
39627835580612817,0.0,0.05,0.95,0.0,0.14319847855797813
39627847630849678,0.0,0.39,0.61,0.0,0.4823997742525436
39627841586861171,0.0,0.09,0.91,0.0,0.21823490853205144
39627847630850030,0.0,0.96,0.04,0.0,0.12114609454120741
39627853662257812,0.0,0.42,0.58,0.0,0.49072694751682683
39627847622461963,0.0,0.72,0.28,0.0,0.4277254052800653
39627865771213325,0.0,0.14,0.86,0.0,0.292119405821428
39627817452832686,0.0,0.01,0.99,0.0,0.04039656794795559
39627865767020502,0.0,0.09,0.91,0.0,0.21823490853205144
39627853662260808,0.0,0.94,0.06,0.0,0.16372245957723813
39627841620412414,0.0,0.73,0.27,0.0,0.42073231810408784
39627853687423930,0.0,0.14,0.86,0.0,0.292119405821428
39627871794234240,0.0,0.18,0.82,0.0,0.34003852286413994
39627829511457858,0.0,0.93,0.07,0.0,0.18296182545011158
39627841607833523,0.0,0.94,0.06,0.0,0.16372245957723813
39627817452832723,0.0,0.3,0.7,0.0,0.44064544961534635
39627853666453607,0.0,0.22,0.78,0.0,0.38008375148098283
39627823480046356,0.0,0.99,0.01,0.0,0.04039656794795559
39627847639238386,0.0,0.04,0.96,0.0,0.12114609454120741
39627853679034808,0.0,0.37,0.63,0.0,0.47533604634353294
39627823467463927,0.0,0.01,0.99,0.0,0.04039656794795559
39627835551255774,0.0,0.33,0.67,0.0,0.4574631863898637
39627853679034883,0.0,0.47,0.53,0.0,0.4987007942838698
39627835551255771,0.0,0.29,0.71,0.0,0.43436062316970225
39627817457029054,0.0,0.79,0.21,0.0,0.37074136996563684
39627859710445147,0.0,0.49,0.51,0.0,0.49985572087640495
39627871790041758,0.0,0.81,0.19,0.0,0.3507357299419487
39627871790041515,0.0,0.3,0.7,0.0,0.44064544961534635
39627859714640128,0.0,0.0,0.96,0.04,0.12114609454120741
39627871790040777,0.0,0.72,0.28,0.0,0.4277254052800653
39627823496823974,0.0,0.46,0.54,0.0,0.49768921941011285
39627835572224415,0.0,0.01,0.99,0.0,0.04039656794795559
39627871790041960,0.0,0.81,0.19,0.0,0.3507357299419487
39627835547059877,0.0,0.79,0.21,0.0,0.37074136996563684
39627811408839535,0.0,0.5,0.5,0.0,0.5
39627859731418993,0.0,0.1,0.9,0.0,0.2344977967946406
39627859727223844,0.0,0.03,0.97,0.0,0.0971959289157881
39627853679036079,0.0,0.0,1.0,0.0,-0.0
39627841586857541,0.0,0.33,0.67,0.0,0.4574631863898637
39627841586857670,0.0,0.08,0.92,0.0,0.2010895951011364
39627853666451990,0.0,0.01,0.98,0.01,0.08072027127091033
39627823496825162,0.0,0.06,0.9,0.04,0.283045326517374
39627865758634660,0.0,0.0,0.99,0.01,0.04039656794795559
39627853670645919,0.0,0.57,0.43,0.0,0.4929075185894599
39627847660212195,0.0,0.04,0.96,0.0,0.12114609454120741
39627823496827692,0.0,0.0,0.98,0.02,0.07072027127091034
39627859744000778,0.0,0.78,0.22,0.0,0.38008375148098283
39627847660212507,0.0,0.24,0.76,0.0,0.39752013969226113
39627835584809640,0.0,0.78,0.22,0.0,0.38008375148098283
39627865775409526,0.01,0.99,0.0,0.0,0.04039656794795559
39627859731417762,0.0,0.0,0.88,0.12,0.2646804326436822
39627859731417976,0.0,0.08,0.92,0.0,0.2010895951011364
39627835589002021,0.0,0.94,0.06,0.0,0.16372245957723813
39627865762826018,0.0,0.55,0.45,0.0,0.49638722699390414
39627859731418980,0.0,0.02,0.96,0.02,0.14114609454120738
39627841607833550,0.0,0.15,0.85,0.0,0.3049201523582002
39627865754440913,0.0,0.11,0.89,0.0,0.249957979082264
39627847630850721,0.0,0.94,0.06,0.0,0.16372245957723813
39627829528234506,0.0,0.77,0.23,0.0,0.38900565177326885
39627829528234556,0.01,0.99,0.0,0.0,0.04039656794795559
39627829528234736,0.0,0.3,0.7,0.0,0.44064544961534635
39627859727223885,0.0,0.1,0.9,0.0,0.2344977967946406
39627859727223957,0.0,0.61,0.39,0.0,0.4823997742525436
39627835542869248,0.0,0.13,0.86,0.01,0.31810566868628926
39627829528234857,0.0,0.96,0.04,0.0,0.12114609454120741
39627829528234978,0.0,0.46,0.54,0.0,0.49768921941011285
39627871790040231,0.0,0.29,0.71,0.0,0.43436062316970225
39627871790039727,0.0,0.99,0.01,0.0,0.04039656794795559
39627859735610256,0.0,0.0,0.99,0.01,0.04039656794795559
39627871790039505,0.0,0.14,0.86,0.0,0.292119405821428
39627829528235455,0.0,0.58,0.42,0.0,0.49072694751682683
39627871790039381,0.0,0.02,0.98,0.0,0.07072027127091034
39627871790039309,0.0,0.79,0.21,0.0,0.37074136996563684
39627871790039194,0.0,1.0,0.0,0.0,-0.0
39627871785849551,0.0,0.23,0.77,0.0,0.38900565177326885
39627829503067529,0.0,0.01,0.99,0.0,0.04039656794795559
39627859714638279,0.0,0.68,0.32,0.0,0.45219072886224687
39627811404649326,0.0,0.83,0.17,0.0,0.32885238937210975
39627853704202429,0.0,0.95,0.05,0.0,0.14319847855797813
39627841624609874,0.0,0.93,0.07,0.0,0.18296182545011158
39627817461222635,0.02,0.75,0.23,0.0,0.4559114610048505
39627829549204046,0.0,0.01,0.99,0.0,0.04039656794795559
39627823459078697,0.0,0.09,0.91,0.0,0.21823490853205144
39627865762825179,0.0,0.82,0.18,0.0,0.34003852286413994
39627841595250232,0.0,0.78,0.22,0.0,0.38008375148098283
39627853704202597,0.0,0.82,0.18,0.0,0.34003852286413994
39627859714638428,0.0,0.52,0.48,0.0,0.4994227679976009
39627817457027357,0.0,0.25,0.75,0.0,0.4056390622295664
39627871794236377,0.0,0.04,0.96,0.0,0.12114609454120741
39627817457027974,0.0,0.23,0.77,0.0,0.38900565177326885
39627847622462101,0.0,0.5,0.5,0.0,0.5
39627835559643769,0.0,0.77,0.23,0.0,0.38900565177326885
39627859714641854,0.0,0.47,0.53,0.0,0.4987007942838698
39627853662260591,0.0,0.06,0.93,0.01,0.20367037270049304
39627853683230361,0.0,0.85,0.15,0.0,0.3049201523582002
39627817461222335,0.0,0.93,0.07,0.0,0.18296182545011158
39627871790041447,0.0,0.01,0.99,0.0,0.04039656794795559
39627859714642463,0.0,0.3,0.7,0.0,0.44064544961534635
39627829532430017,0.0,1.0,0.0,0.0,-0.0
39627871794236355,0.0,0.04,0.96,0.0,0.12114609454120741
39627835584809020,0.0,0.0,0.99,0.01,0.04039656794795559
39627859727223760,0.0,0.35,0.65,0.0,0.4670340276877455
39627859727223518,0.0,0.0,0.78,0.22,0.38008375148098283
39627859727223446,0.0,0.05,0.95,0.0,0.14319847855797813
39627853666453012,0.0,0.06,0.94,0.0,0.16372245957723813
39627835563840318,0.0,0.0,0.94,0.06,0.16372245957723813
39627811421421989,0.0,0.89,0.11,0.0,0.249957979082264
39627853666452903,0.0,0.35,0.65,0.0,0.4670340276877455
39627841624604887,0.0,0.14,0.86,0.0,0.292119405821428
39627853700006483,0.0,0.62,0.38,0.0,0.47902101111314976
39627811421422127,0.0,0.99,0.01,0.0,0.04039656794795559
39627823463270346,0.0,0.98,0.02,0.0,0.07072027127091034
39627823480046745,0.0,0.26,0.74,0.0,0.4133731862463089
39627823463269813,0.0,0.12,0.88,0.0,0.2646804326436822
39627835563840460,0.0,0.75,0.25,0.0,0.4056390622295664
39627817461222223,0.0,0.06,0.94,0.0,0.16372245957723813
39627817452833960,0.0,1.0,0.0,0.0,-0.0
39627817440251751,0.0,0.92,0.08,0.0,0.2010895951011364
39627847630852680,0.0,0.89,0.11,0.0,0.249957979082264
39627847639239663,0.0,0.21,0.79,0.0,0.37074136996563684
39627859727223108,0.0,0.17,0.83,0.0,0.32885238937210975
39627865754435968,0.0,0.96,0.04,0.0,0.12114609454120741
39627847635045153,0.0,0.15,0.85,0.0,0.3049201523582002
39627835547060140,0.0,0.0,0.98,0.02,0.07072027127091034
39627835589002555,0.0,0.17,0.83,0.0,0.32885238937210975
39627835555447088,0.0,0.92,0.08,0.0,0.2010895951011364
39627829507261699,0.0,0.34,0.66,0.0,0.46240935248651505
39627829528232042,0.0,0.4,0.6,0.0,0.4854752972273343
39627847639239396,0.0,0.93,0.07,0.0,0.18296182545011158
39627847635045202,0.0,0.06,0.94,0.0,0.16372245957723813
39627835563835609,0.0,0.2,0.8,0.0,0.36096404744368116
39627847639240503,0.0,0.81,0.19,0.0,0.3507357299419487
39627853679036630,0.0,0.19,0.81,0.0,0.3507357299419487
39627835576420481,0.0,0.77,0.23,0.0,0.38900565177326885
39627835551254103,0.0,0.06,0.94,0.0,0.16372245957723813
39627847639241739,0.0,0.08,0.91,0.01,0.24088153359695552
39627847639242061,0.0,0.43,0.57,0.0,0.4929075185894599
39627835563840049,0.0,0.23,0.77,0.0,0.38900565177326885
39627835576420726,0.0,0.46,0.54,0.0,0.49768921941011285
39627835551253973,0.0,0.03,0.97,0.0,0.0971959289157881
39627835551253963,0.0,0.47,0.53,0.0,0.4987007942838698
39627835568035249,0.0,0.0,0.98,0.02,0.07072027127091034
39627835568035135,0.0,0.29,0.71,0.0,0.43436062316970225
39627835580613747,0.0,0.07,0.93,0.0,0.18296182545011158
39627865771217300,0.0,0.11,0.89,0.0,0.249957979082264
39627865771217295,0.0,0.1,0.89,0.01,0.27413031336294724
39627865771217236,0.0,0.32,0.68,0.0,0.45219072886224687
39627853679036711,0.0,0.03,0.97,0.0,0.0971959289157881
39627835547059672,0.0,0.72,0.28,0.0,0.4277254052800653
39627871790043157,0.0,0.37,0.63,0.0,0.47533604634353294
39627823480047430,0.0,0.01,0.98,0.01,0.08072027127091033
39627865771213996,0.0,0.81,0.19,0.0,0.3507357299419487
39627865767022772,0.0,0.05,0.95,0.0,0.14319847855797813
39627817452833806,0.0,0.08,0.92,0.0,0.2010895951011364
39627865771214113,0.0,0.32,0.68,0.0,0.45219072886224687
39627859723028432,0.0,0.22,0.78,0.0,0.38008375148098283
39627823480050259,0.0,0.22,0.78,0.0,0.38008375148098283
39627811408840712,0.0,0.63,0.37,0.0,0.47533604634353294
39627811408840568,0.0,0.91,0.09,0.0,0.21823490853205144
39627817444442819,0.0,0.79,0.21,0.0,0.37074136996563684
39627841620414682,0.0,0.01,0.99,0.0,0.04039656794795559
39627811408840535,0.0,0.37,0.63,0.0,0.47533604634353294
39627835589001738,0.0,0.67,0.33,0.0,0.4574631863898637
39627811408840359,0.0,1.0,0.0,0.0,-0.0
39627865767022916,0.0,0.94,0.06,0.0,0.16372245957723813
39627865771217169,0.0,0.63,0.37,0.0,0.47533604634353294
39627811408842473,0.0,0.04,0.96,0.0,0.12114609454120741
39627835589002416,0.0,0.43,0.57,0.0,0.4929075185894599
39627817440250318,0.0,0.68,0.32,0.0,0.45219072886224687
39627859714639331,0.0,0.19,0.81,0.0,0.3507357299419487
39627811417229394,0.0,0.98,0.02,0.0,0.07072027127091034
39627817431861276,0.0,0.04,0.96,0.0,0.12114609454120741
39627859714639573,0.0,0.03,0.96,0.01,0.13737165703039006
39627847639240299,0.0,0.3,0.7,0.0,0.44064544961534635
39627859714639599,0.0,0.1,0.9,0.0,0.2344977967946406
39627853687428528,0.0,0.25,0.75,0.0,0.4056390622295664
39627811408842662,0.0,0.4,0.6,0.0,0.4854752972273343
39627817431860975,0.0,0.37,0.63,0.0,0.47533604634353294
39627835563840212,0.0,0.0,0.98,0.02,0.07072027127091034
39627847639239972,0.0,0.98,0.02,0.0,0.07072027127091034
39627847639240321,0.0,0.59,0.41,0.0,0.488250234378912
39627865754435842,0.0,0.33,0.67,0.0,0.4574631863898637
39627811408840903,0.0,0.13,0.87,0.0,0.2787190925139945
39627865758631069,0.0,0.07,0.93,0.0,0.18296182545011158
39627835576421538,0.0,0.02,0.98,0.0,0.07072027127091034
39627829519843785,0.0,0.95,0.05,0.0,0.14319847855797813
39627829536622100,0.0,0.1,0.9,0.0,0.2344977967946406
39627835542865056,0.0,0.71,0.29,0.0,0.43436062316970225
39627859727224880,0.0,0.01,0.99,0.0,0.04039656794795559
39627829524042481,0.0,0.4,0.6,0.0,0.4854752972273343
39627835584809340,0.0,0.67,0.33,0.0,0.4574631863898637
39627829524042839,0.0,0.94,0.06,0.0,0.16372245957723813
39627841620414404,0.0,0.6,0.4,0.0,0.4854752972273343
39627859727224831,0.0,0.6,0.4,0.0,0.4854752972273343
39627853683230763,0.0,0.61,0.39,0.0,0.4823997742525436
39627853704202647,0.0,0.62,0.38,0.0,0.47902101111314976
39627859718833717,0.0,0.0,0.71,0.29,0.43436062316970225
39627853704202495,0.0,0.25,0.75,0.0,0.4056390622295664
39627859718833584,0.0,0.35,0.65,0.0,0.4670340276877455
39627853666454624,0.0,0.61,0.39,0.0,0.4823997742525436
39627865767021418,0.0,0.53,0.47,0.0,0.4987007942838698
39627835580616549,0.01,0.99,0.0,0.0,0.04039656794795559
39627871798429270,0.0,0.69,0.31,0.0,0.4465867291889284
39627865767022565,0.0,0.56,0.44,0.0,0.4947937606110278
39627865775409091,0.0,0.27,0.73,0.0,0.42073231810408784
39627847639240974,0.01,0.9,0.09,0.0,0.2579475764741046
39627847622462192,0.0,0.62,0.38,0.0,0.47902101111314976
39627865767020237,0.0,0.17,0.83,0.0,0.32885238937210975
39627835551255949,0.0,0.6,0.4,0.0,0.4854752972273343
39627835547062979,0.0,0.54,0.46,0.0,0.49768921941011285
39627859739808084,0.0,0.95,0.05,0.0,0.14319847855797813
39627835589002663,0.0,1.0,0.0,0.0,-0.0
39627835547062856,0.0,0.64,0.36,0.0,0.4713415946277461
39627853683231385,0.0,0.51,0.49,0.0,0.49985572087640495
39627841612027517,0.0,0.39,0.61,0.0,0.4823997742525436
39627847635042758,0.0,0.91,0.09,0.0,0.21823490853205144
39627859714639562,0.0,0.87,0.13,0.0,0.2787190925139945
39627835547063352,0.0,0.92,0.08,0.0,0.2010895951011364
39627835580616559,0.0,0.02,0.98,0.0,0.07072027127091034
39627847622462148,0.0,0.15,0.85,0.0,0.3049201523582002
39627865767022283,0.0,0.42,0.58,0.0,0.49072694751682683
39627865767022683,0.0,0.9,0.1,0.0,0.2344977967946406
39627865767021558,0.0,0.57,0.43,0.0,0.4929075185894599
39627835563839866,0.0,1.0,0.0,0.0,-0.0
39627865767022465,0.0,0.02,0.98,0.0,0.07072027127091034
39627865767023368,0.0,0.52,0.48,0.0,0.4994227679976009
39627865775409139,0.0,0.9,0.1,0.0,0.2344977967946406
39627871798429156,0.0,0.1,0.9,0.0,0.2344977967946406
39627865767021464,0.0,0.26,0.74,0.0,0.4133731862463089
39627835542864661,0.02,0.84,0.14,0.0,0.3606399327762508
39627859714641149,0.0,0.65,0.35,0.0,0.4670340276877455
39627829515650047,0.0,0.98,0.02,0.0,0.07072027127091034
39627865762826345,0.0,0.54,0.46,0.0,0.49768921941011285
39627853691620066,0.0,0.9,0.1,0.0,0.2344977967946406
39627829519844182,0.0,0.27,0.73,0.0,0.42073231810408784
39627853695813863,0.0,0.87,0.13,0.0,0.2787190925139945
39627835576420108,0.0,0.16,0.84,0.0,0.3171547773202831
39627847656014452,0.0,0.05,0.95,0.0,0.14319847855797813
39627865750245581,0.0,0.34,0.66,0.0,0.46240935248651505
39627865762826354,0.0,0.03,0.97,0.0,0.0971959289157881
39627835576419602,0.0,0.36,0.64,0.0,0.4713415946277461
39627865750245790,0.0,0.52,0.48,0.0,0.4994227679976009
39627865750245783,0.0,0.75,0.25,0.0,0.4056390622295664
39627829524039579,0.0,0.5,0.5,0.0,0.5
39627853670650210,0.0,0.71,0.29,0.0,0.43436062316970225
39627847656014075,0.0,0.68,0.32,0.0,0.45219072886224687
39627847656014429,0.0,0.01,0.99,0.0,0.04039656794795559
39627859714642036,0.0,0.3,0.7,0.0,0.44064544961534635
39627817457027055,0.0,0.93,0.07,0.0,0.18296182545011158
39627859714642030,0.0,0.04,0.96,0.0,0.12114609454120741
39627853670650047,0.0,0.43,0.57,0.0,0.4929075185894599
39627829519843932,0.0,0.49,0.51,0.0,0.49985572087640495
39627829540817486,0.0,0.06,0.93,0.01,0.20367037270049304
39627835576420298,0.0,0.23,0.77,0.0,0.38900565177326885
39627823501017934,0.0,0.0,0.96,0.04,0.12114609454120741
39627823492633657,0.0,0.14,0.86,0.0,0.292119405821428
39627841616217684,0.0,0.48,0.52,0.0,0.4994227679976009
39627823471661551,0.0,0.63,0.37,0.0,0.47533604634353294
39627829524039319,0.0,0.85,0.15,0.0,0.3049201523582002
39627823471657699,0.0,0.92,0.08,0.0,0.2010895951011364
39627835572228761,0.0,0.95,0.05,0.0,0.14319847855797813
39627853683234302,0.0,0.14,0.86,0.0,0.292119405821428
39627823488434770,0.0,0.51,0.49,0.0,0.49985572087640495
39627853683234295,0.0,0.51,0.49,0.0,0.49985572087640495
39627823488434691,0.0,0.43,0.57,0.0,0.4929075185894599
39627853691621401,0.0,0.37,0.63,0.0,0.47533604634353294
39627853691621227,0.0,0.0,1.0,0.0,-0.0
39627823505215106,0.0,0.59,0.41,0.0,0.488250234378912
39627823488437916,0.0,0.57,0.43,0.0,0.4929075185894599
39627823467463353,0.0,0.0,0.99,0.01,0.04039656794795559
39627817448637619,0.0,0.89,0.11,0.0,0.249957979082264
39627805373235268,0.0,1.0,0.0,0.0,-0.0
39627835572228705,0.0,0.95,0.05,0.0,0.14319847855797813
39627823467463366,0.0,0.09,0.91,0.0,0.21823490853205144
39627829540816322,0.0,0.25,0.75,0.0,0.4056390622295664
39627865746050911,0.0,0.67,0.33,0.0,0.4574631863898637
39627829540816266,0.0,0.65,0.35,0.0,0.4670340276877455
39627865762826392,0.0,0.04,0.96,0.0,0.12114609454120741
39627805360655746,0.0,0.91,0.09,0.0,0.21823490853205144
39627823488434775,0.0,0.64,0.36,0.0,0.4713415946277461
39627829528236156,0.0,0.96,0.04,0.0,0.12114609454120741
39627841620414930,0.0,0.05,0.95,0.0,0.14319847855797813
39627835580613280,0.0,0.31,0.69,0.0,0.4465867291889284
39627847656018856,0.0,0.56,0.44,0.0,0.4947937606110278
39627841620414608,0.0,0.29,0.71,0.0,0.43436062316970225
39627835572227532,0.0,0.65,0.35,0.0,0.4670340276877455
39627823492630085,0.0,0.2,0.8,0.0,0.36096404744368116
39627811396257213,0.0,0.97,0.03,0.0,0.0971959289157881
39627847656018754,0.0,0.97,0.03,0.0,0.0971959289157881
39627841620414988,0.0,0.01,0.99,0.0,0.04039656794795559
39627871794233821,0.0,0.13,0.87,0.0,0.2787190925139945
39627847656018470,0.0,0.55,0.45,0.0,0.49638722699390414
39627829545013267,0.0,0.78,0.22,0.0,0.38008375148098283
39627817452831269,0.0,0.48,0.52,0.0,0.4994227679976009
39627835580613697,0.0,0.12,0.88,0.0,0.2646804326436822
39627829528236308,0.0,0.2,0.8,0.0,0.36096404744368116
39627847656018590,0.0,0.04,0.96,0.0,0.12114609454120741
39627847656014541,0.0,0.3,0.7,0.0,0.44064544961534635
39627829536623269,0.0,0.6,0.4,0.0,0.4854752972273343
39627829515650505,0.0,0.3,0.7,0.0,0.44064544961534635
39627817448637304,0.0,0.71,0.29,0.0,0.43436062316970225
39627823488434768,0.0,0.75,0.25,0.0,0.4056390622295664
39627859731418775,0.0,0.92,0.08,0.0,0.2010895951011364
39627823488435039,0.0,0.78,0.22,0.0,0.38008375148098283
39627829515650649,0.0,0.65,0.35,0.0,0.4670340276877455
39627859739808232,0.0,0.79,0.21,0.0,0.37074136996563684
39627823501017875,0.0,0.35,0.65,0.0,0.4670340276877455
39627829511459345,0.0,0.04,0.96,0.0,0.12114609454120741
39627835572229308,0.0,0.0,0.99,0.01,0.04039656794795559
39627835547064094,0.0,0.45,0.55,0.0,0.49638722699390414
39627835551252544,0.0,0.96,0.04,0.0,0.12114609454120741
39627823492630191,0.0,0.01,0.98,0.01,0.08072027127091033
39627841582666214,0.0,0.82,0.18,0.0,0.34003852286413994
39627859723027680,0.0,0.22,0.78,0.0,0.38008375148098283
39627829503066577,0.0,0.21,0.79,0.0,0.37074136996563684
39627817448637860,0.0,0.83,0.17,0.0,0.32885238937210975
39627823492629104,0.0,0.34,0.66,0.0,0.46240935248651505
39627865746047214,0.0,0.65,0.35,0.0,0.4670340276877455
39627823488434513,0.0,0.08,0.92,0.0,0.2010895951011364
39627823475852630,0.0,0.62,0.38,0.0,0.47902101111314976
39627823475851705,0.0,0.92,0.08,0.0,0.2010895951011364
39627865746047253,0.0,0.35,0.65,0.0,0.4670340276877455
39627847656019148,0.0,0.32,0.68,0.0,0.45219072886224687
39627811396260643,0.0,0.09,0.9,0.01,0.2579475764741046
39627859727222212,0.0,0.28,0.72,0.0,0.4277254052800653
39627859727222159,0.0,0.02,0.98,0.0,0.07072027127091034
39627823492629403,0.0,0.97,0.03,0.0,0.0971959289157881
39627847656019166,0.0,0.47,0.53,0.0,0.4987007942838698
39627811396256427,0.0,0.02,0.98,0.0,0.07072027127091034
39627823463273766,0.0,0.33,0.67,0.0,0.4574631863898637
39627859723027141,0.0,0.02,0.98,0.0,0.07072027127091034
39627823492629889,0.0,0.02,0.97,0.01,0.11097036642660543
39627823501017778,0.0,0.26,0.74,0.0,0.4133731862463089
39627859727221947,0.0,0.21,0.79,0.0,0.37074136996563684
39627829511459560,0.0,0.77,0.23,0.0,0.38900565177326885
39627823492630131,0.0,0.48,0.52,0.0,0.4994227679976009
39627829524042325,0.0,0.84,0.16,0.0,0.3171547773202831
39627823475854231,0.0,0.02,0.98,0.0,0.07072027127091034
39627829528235533,0.0,0.99,0.01,0.0,0.04039656794795559
39627823467467400,0.0,0.38,0.62,0.0,0.47902101111314976
39627817436058178,0.0,0.79,0.21,0.0,0.37074136996563684
39627829528235606,0.0,0.94,0.06,0.0,0.16372245957723813
39627835572227829,0.0,0.0,0.91,0.09,0.21823490853205144
39627823501017697,0.0,0.03,0.95,0.02,0.1674722434193448
39627823488435262,0.0,0.54,0.46,0.0,0.49768921941011285
39627817452831563,0.0,0.81,0.19,0.0,0.3507357299419487
39627829524041597,0.0,0.06,0.94,0.0,0.16372245957723813
39627829524041854,0.0,0.66,0.34,0.0,0.46240935248651505
39627847639239953,0.0,0.95,0.05,0.0,0.14319847855797813
39627847630850088,0.0,0.56,0.44,0.0,0.4947937606110278
39627847664402738,0.0,0.45,0.55,0.0,0.49638722699390414
39627841582665351,0.0,0.36,0.64,0.0,0.4713415946277461
39627829532430797,0.0,0.84,0.16,0.0,0.3171547773202831
39627829515651198,0.0,0.44,0.56,0.0,0.4947937606110278
39627829540818538,0.0,0.24,0.76,0.0,0.39752013969226113
39627823467467609,0.0,0.26,0.74,0.0,0.4133731862463089
39627841616217197,0.0,0.01,0.91,0.08,0.24088153359695552
39627847630850015,0.0,0.62,0.38,0.0,0.47902101111314976
39627829515651135,0.0,0.01,0.99,0.0,0.04039656794795559
39627841616217094,0.0,1.0,0.0,0.0,-0.0
39627841616217314,0.0,0.27,0.73,0.0,0.42073231810408784
39627823471661879,0.0,0.17,0.83,0.0,0.32885238937210975
39627823471661912,0.0,0.38,0.62,0.0,0.47902101111314976
39627853691618090,0.0,0.17,0.83,0.0,0.32885238937210975
39627823471661584,0.0,0.0,0.98,0.02,0.07072027127091034
39627811408842242,0.0,0.49,0.51,0.0,0.49985572087640495
39627853704201246,0.0,0.78,0.22,0.0,0.38008375148098283
39627817461221383,0.0,0.1,0.9,0.0,0.2344977967946406
39627823501017696,0.0,0.0,0.63,0.37,0.47533604634353294
39627829532427916,0.0,0.79,0.21,0.0,0.37074136996563684
39627847639239836,0.0,0.0,0.99,0.01,0.04039656794795559
39627829532426833,0.0,0.2,0.8,0.0,0.36096404744368116
39627829540818948,0.0,0.46,0.54,0.0,0.49768921941011285
39627823496825451,0.0,0.11,0.89,0.0,0.249957979082264
39627853708394626,0.0,0.76,0.24,0.0,0.39752013969226113
39627865754441144,0.0,0.03,0.97,0.0,0.0971959289157881
39627853679035158,0.0,0.19,0.81,0.0,0.3507357299419487
39627853679035003,0.0,0.0,0.81,0.19,0.3507357299419487
39627871798428371,0.0,0.0,1.0,0.0,-0.0
39627865754440555,0.0,0.07,0.93,0.0,0.18296182545011158
39627865754439336,0.0,0.23,0.77,0.0,0.38900565177326885
39627829532427554,0.0,0.9,0.1,0.0,0.2344977967946406
39627859744000222,0.0,0.02,0.98,0.0,0.07072027127091034
39627853704204967,0.0,0.95,0.05,0.0,0.14319847855797813
39627835551256718,0.0,0.37,0.63,0.0,0.47533604634353294
39627865754440786,0.0,0.21,0.78,0.01,0.4094279001393156
39627811404649529,0.0,0.93,0.07,0.0,0.18296182545011158
39627835589001807,0.0,0.06,0.94,0.0,0.16372245957723813
39627829524041263,0.0,0.11,0.89,0.0,0.249957979082264
39627865754439438,0.0,0.2,0.8,0.0,0.36096404744368116
39627841599440673,0.0,0.04,0.96,0.0,0.12114609454120741
39627853708394676,0.0,0.05,0.95,0.0,0.14319847855797813
39627829511459830,0.0,0.87,0.13,0.0,0.2787190925139945
39627871798428383,0.0,0.0,0.68,0.32,0.45219072886224687
39627811396256552,0.0,0.23,0.77,0.0,0.38900565177326885
39627841624605573,0.0,0.9,0.1,0.0,0.2344977967946406
39627859714642616,0.0,0.01,0.99,0.0,0.04039656794795559
39627841595248697,0.0,0.22,0.78,0.0,0.38008375148098283
39627841624605810,0.0,0.68,0.32,0.0,0.45219072886224687
39627847664403074,0.0,0.7,0.3,0.0,0.44064544961534635
39627859739807796,0.0,0.87,0.13,0.0,0.2787190925139945
39627841595244837,0.0,0.19,0.81,0.0,0.3507357299419487
39627823471658779,0.0,0.1,0.9,0.0,0.2344977967946406
39627877821450557,0.0,0.97,0.03,0.0,0.0971959289157881
39627847656018256,0.0,0.82,0.18,0.0,0.34003852286413994
39627847656018180,0.0,0.52,0.48,0.0,0.4994227679976009
39627835576420480,0.0,0.88,0.12,0.0,0.2646804326436822
39627823471658815,0.0,0.74,0.26,0.0,0.4133731862463089
39627877821450583,0.0,0.99,0.01,0.0,0.04039656794795559
39627811400451726,0.0,0.8,0.2,0.0,0.36096404744368116
39627811408841292,0.0,0.33,0.67,0.0,0.4574631863898637
39627823475852062,0.0,0.05,0.95,0.0,0.14319847855797813
39627817452833319,0.0,0.91,0.09,0.0,0.21823490853205144
39627865750244492,0.0,1.0,0.0,0.0,-0.0
39627877821450580,0.0,0.02,0.98,0.0,0.07072027127091034
39627865754441036,0.0,0.47,0.53,0.0,0.4987007942838698
39627835559641828,0.0,0.17,0.83,0.0,0.32885238937210975
39627823492630545,0.0,0.43,0.57,0.0,0.4929075185894599
39627829515651127,0.0,0.62,0.38,0.0,0.47902101111314976
39627829515651356,0.0,0.99,0.01,0.0,0.04039656794795559
39627847660208336,0.0,0.4,0.6,0.0,0.4854752972273343
39627835542865223,0.0,0.42,0.58,0.0,0.49072694751682683
39627841620414847,0.0,0.85,0.15,0.0,0.3049201523582002
39627847656018588,0.0,0.58,0.42,0.0,0.49072694751682683
39627811396256531,0.0,0.26,0.74,0.0,0.4133731862463089
39627841620414766,0.0,0.33,0.67,0.0,0.4574631863898637
39627865754440893,0.0,0.42,0.58,0.0,0.49072694751682683
39627811396256480,0.0,0.1,0.9,0.0,0.2344977967946406
39627835568034858,0.0,0.0,0.99,0.01,0.04039656794795559
39627847660208375,0.0,0.49,0.51,0.0,0.49985572087640495
39627847660208459,0.0,0.22,0.78,0.0,0.38008375148098283
39627835572229026,0.0,0.0,0.99,0.01,0.04039656794795559
39627865750244848,0.0,0.06,0.94,0.0,0.16372245957723813
39627853695813493,0.0,0.02,0.98,0.0,0.07072027127091034
39627865775408627,0.01,0.99,0.0,0.0,0.04039656794795559
39627853679036278,0.0,0.16,0.84,0.0,0.3171547773202831
39627853695813334,0.0,0.32,0.68,0.0,0.45219072886224687
39627835563836629,0.0,0.68,0.32,0.0,0.45219072886224687
39627865767021776,0.0,0.3,0.7,0.0,0.44064544961534635
39627823492630049,0.0,0.74,0.26,0.0,0.4133731862463089
39627805360657011,0.0,0.21,0.79,0.0,0.37074136996563684
39627805360656308,0.0,0.91,0.09,0.0,0.21823490853205144
39627817457029053,0.0,0.11,0.89,0.0,0.249957979082264
39627835572229410,0.0,0.35,0.65,0.0,0.4670340276877455
39627829524037890,0.01,0.99,0.0,0.0,0.04039656794795559
39627835584809921,0.0,0.16,0.84,0.0,0.3171547773202831
39627835584810405,0.0,0.37,0.63,0.0,0.47533604634353294
39627835584810097,0.0,0.15,0.85,0.0,0.3049201523582002
39627811392061895,0.0,0.62,0.38,0.0,0.47902101111314976
39627865762828232,0.0,0.22,0.78,0.0,0.38008375148098283
39627853679038438,0.0,0.57,0.43,0.0,0.4929075185894599
39627811396260221,0.0,0.32,0.68,0.0,0.45219072886224687
39627817423474937,0.0,0.01,0.99,0.0,0.04039656794795559
39627865762828334,0.0,0.03,0.97,0.0,0.0971959289157881
39627835572228762,0.0,0.17,0.83,0.0,0.32885238937210975
39627835572229159,0.0,0.04,0.96,0.0,0.12114609454120741
39627841620410649,0.0,0.97,0.03,0.0,0.0971959289157881
39627859723029700,0.0,0.67,0.33,0.0,0.4574631863898637
39627859718837976,0.0,0.84,0.16,0.0,0.3171547773202831
39627847651821006,0.0,0.53,0.47,0.0,0.4987007942838698
39627811392066916,0.0,0.88,0.12,0.0,0.2646804326436822
39627859706253343,0.0,0.59,0.41,0.0,0.488250234378912
39627847660212624,0.0,0.01,0.99,0.0,0.04039656794795559
39627817423475350,0.0,0.01,0.99,0.0,0.04039656794795559
39627817423475346,0.0,0.04,0.95,0.01,0.16124668093016215
39627817423475167,0.0,0.75,0.25,0.0,0.4056390622295664
39627859739807598,0.0,0.46,0.54,0.0,0.49768921941011285
39627823496827820,0.0,0.65,0.35,0.0,0.4670340276877455
39627859739807526,0.0,0.07,0.93,0.0,0.18296182545011158
39627859739807310,0.0,1.0,0.0,0.0,-0.0
39627835576420583,0.0,0.18,0.82,0.0,0.34003852286413994
39627823467463114,0.0,0.65,0.35,0.0,0.4670340276877455
39627841607833341,0.0,0.99,0.01,0.0,0.04039656794795559
39627829511455059,0.0,0.04,0.96,0.0,0.12114609454120741
39627829519847164,0.02,0.98,0.0,0.0,0.07072027127091034
39627823505214224,0.0,0.15,0.85,0.0,0.3049201523582002
39627811417229281,0.0,0.82,0.18,0.0,0.34003852286413994
39627865758632334,0.0,0.06,0.94,0.0,0.16372245957723813
39627853683233327,0.0,0.65,0.35,0.0,0.4670340276877455
39627811417228913,0.0,0.04,0.96,0.0,0.12114609454120741
39627853683233988,0.0,0.4,0.6,0.0,0.4854752972273343
39627811417228919,0.0,1.0,0.0,0.0,-0.0
39627811417228929,0.0,0.46,0.54,0.0,0.49768921941011285
39627823505214579,0.0,0.83,0.17,0.0,0.32885238937210975
39627847626655143,0.0,0.22,0.78,0.0,0.38008375148098283
39627835572228693,0.0,0.2,0.8,0.0,0.36096404744368116
39627817452833030,0.0,0.69,0.31,0.0,0.4465867291889284
39627817452832994,0.0,0.97,0.03,0.0,0.0971959289157881
39627835563840503,0.0,0.34,0.66,0.0,0.46240935248651505
39627817440249374,0.0,0.2,0.8,0.0,0.36096404744368116
39627817440249348,0.0,0.03,0.97,0.0,0.0971959289157881
39627865762828123,0.0,0.49,0.51,0.0,0.49985572087640495
39627811392066865,0.0,0.15,0.85,0.0,0.3049201523582002
39627865771214407,0.0,0.99,0.01,0.0,0.04039656794795559
39627817440249027,0.0,0.81,0.19,0.0,0.3507357299419487
39627817440249051,0.0,0.09,0.91,0.0,0.21823490853205144
39627859727221113,0.0,0.01,0.99,0.0,0.04039656794795559
39627853666452410,0.0,0.93,0.07,0.0,0.18296182545011158
39627859718837207,0.0,0.05,0.95,0.0,0.14319847855797813
39627817457029613,0.0,0.05,0.95,0.0,0.14319847855797813
39627841624606481,0.0,0.5,0.5,0.0,0.5
39627817457029593,0.0,0.27,0.73,0.0,0.42073231810408784
39627859727221088,0.0,0.99,0.01,0.0,0.04039656794795559
39627817440249188,0.0,0.03,0.97,0.0,0.0971959289157881
39627811396261418,0.0,0.0,1.0,0.0,-0.0
39627841591050807,0.0,0.0,0.95,0.05,0.14319847855797813
39627835542865691,0.0,0.8,0.2,0.0,0.36096404744368116
39627865771214155,0.0,0.77,0.23,0.0,0.38900565177326885
39627841612021860,0.0,0.07,0.93,0.0,0.18296182545011158
39627829519847302,0.0,0.3,0.7,0.0,0.44064544961534635
39627835542865483,0.0,0.13,0.86,0.01,0.31810566868628926
39627835547058540,0.0,0.2,0.8,0.0,0.36096404744368116
39627835580614613,0.0,0.08,0.92,0.0,0.2010895951011364
39627823496823599,0.0,0.04,0.96,0.0,0.12114609454120741
39627829507261918,0.0,0.0,1.0,0.0,-0.0
39627841612026320,0.0,0.94,0.06,0.0,0.16372245957723813
39627841582666159,0.0,0.11,0.89,0.0,0.249957979082264
39627847626658214,0.0,0.8,0.2,0.0,0.36096404744368116
39627847643431211,0.0,0.79,0.21,0.0,0.37074136996563684
39627859710447985,0.0,0.35,0.65,0.0,0.4670340276877455
39627865758633206,0.0,0.72,0.28,0.0,0.4277254052800653
39627817431860349,0.0,0.88,0.12,0.0,0.2646804326436822
39627817436058461,0.0,0.19,0.81,0.0,0.3507357299419487
39627853683229749,0.0,0.59,0.41,0.0,0.488250234378912
39627847643431023,0.0,0.22,0.78,0.0,0.38008375148098283
39627817436058617,0.0,0.15,0.85,0.0,0.3049201523582002
39627817436058672,0.0,0.77,0.23,0.0,0.38900565177326885
39627817436058670,0.0,0.54,0.46,0.0,0.49768921941011285
39627829498875397,0.0,0.72,0.28,0.0,0.4277254052800653
39627811392066761,0.0,0.56,0.44,0.0,0.4947937606110278
39627811392065992,0.0,0.57,0.43,0.0,0.4929075185894599
39627829498875426,0.0,0.02,0.98,0.0,0.07072027127091034
39627841612025985,0.0,0.39,0.61,0.0,0.4823997742525436
39627871781650887,0.0,0.88,0.12,0.0,0.2646804326436822
39627871781650713,0.0,0.91,0.09,0.0,0.21823490853205144
39627811417229406,0.0,0.01,0.97,0.02,0.11097036642660543
39627811417229066,0.0,0.02,0.98,0.0,0.07072027127091034
39627871794236265,0.0,0.7,0.3,0.0,0.44064544961534635
39627811408839166,0.01,0.99,0.0,0.0,0.04039656794795559
39627823496823280,0.0,0.61,0.39,0.0,0.4823997742525436
39627811408839132,0.0,1.0,0.0,0.0,-0.0
39627871794238328,0.01,0.98,0.01,0.0,0.08072027127091033
39627841595250547,0.0,0.28,0.72,0.0,0.4277254052800653
39627835563835611,0.0,0.67,0.33,0.0,0.4574631863898637
39627865762824801,0.0,0.89,0.11,0.0,0.249957979082264
39627841599444535,0.0,0.91,0.09,0.0,0.21823490853205144
39627829498875288,0.0,0.78,0.22,0.0,0.38008375148098283
39627853666454323,0.0,0.62,0.38,0.0,0.47902101111314976
39627823501018315,0.0,0.14,0.86,0.0,0.292119405821428
39627847639242194,0.0,0.89,0.11,0.0,0.249957979082264
39627835563840317,0.0,0.58,0.42,0.0,0.49072694751682683
39627859710446041,0.0,0.17,0.83,0.0,0.32885238937210975
39627811396261384,0.0,0.47,0.53,0.0,0.4987007942838698
39627847635043788,0.0,0.79,0.21,0.0,0.37074136996563684
39627841607828733,0.0,0.87,0.13,0.0,0.2787190925139945
39627871781651366,0.0,0.98,0.02,0.0,0.07072027127091034
39627811417230552,0.0,0.85,0.15,0.0,0.3049201523582002
39627847630852572,0.0,0.24,0.76,0.0,0.39752013969226113
39627853704201905,0.0,1.0,0.0,0.0,-0.0
39627859714641900,0.0,0.66,0.34,0.0,0.46240935248651505
39627853662261327,0.0,0.61,0.39,0.0,0.4823997742525436
39627859739803822,0.0,0.22,0.78,0.0,0.38008375148098283
39627829540815862,0.0,0.53,0.47,0.0,0.4987007942838698
39627853695813583,0.0,0.03,0.97,0.0,0.0971959289157881
39627847664404619,0.0,0.01,0.99,0.0,0.04039656794795559
39627835559641902,0.0,0.2,0.8,0.0,0.36096404744368116
39627835572228541,0.0,1.0,0.0,0.0,-0.0
39627823471660621,0.0,0.09,0.91,0.0,0.21823490853205144
39627829532427123,0.0,0.03,0.96,0.01,0.13737165703039006
39627835576420327,0.0,0.12,0.88,0.0,0.2646804326436822
39627865746051167,0.0,0.12,0.88,0.0,0.2646804326436822
39627853695812974,0.0,0.03,0.97,0.0,0.0971959289157881
39627805364851343,0.0,0.36,0.64,0.0,0.4713415946277461
39627853695812308,0.0,0.1,0.9,0.0,0.2344977967946406
39627853695812998,0.0,0.11,0.89,0.0,0.249957979082264
39627841624609075,0.0,0.39,0.61,0.0,0.4823997742525436
39627841624608590,0.0,0.32,0.68,0.0,0.45219072886224687
39627811413036871,0.0,0.89,0.11,0.0,0.249957979082264
39627835580614958,0.0,0.13,0.87,0.0,0.2787190925139945
39627853695812210,0.0,0.78,0.22,0.0,0.38008375148098283
39627859739805437,0.0,0.01,0.82,0.17,0.3678974314876692
39627853695812192,0.0,0.5,0.5,0.0,0.5
39627859739806932,0.0,0.18,0.82,0.0,0.34003852286413994
39627835551254677,0.0,0.85,0.15,0.0,0.3049201523582002
39627859723029914,0.0,0.79,0.21,0.0,0.37074136996563684
39627859727221367,0.0,0.05,0.95,0.0,0.14319847855797813
39627847656014609,0.0,0.28,0.72,0.0,0.4277254052800653
39627817457028162,0.0,0.26,0.74,0.0,0.4133731862463089
39627847656018785,0.0,0.81,0.19,0.0,0.3507357299419487
39627847656018773,0.0,0.06,0.92,0.02,0.2335407200795017
39627847656014510,0.02,0.95,0.03,0.0,0.1674722434193448
39627811396260897,0.0,0.09,0.9,0.01,0.2579475764741046
39627865750244402,0.0,0.91,0.09,0.0,0.21823490853205144
39627829540815350,0.0,0.01,0.98,0.01,0.08072027127091033
39627841616219647,0.0,0.92,0.08,0.0,0.2010895951011364
39627823471660974,0.0,0.0,1.0,0.0,-0.0
39627811396256172,0.0,0.8,0.2,0.0,0.36096404744368116
39627847664403399,0.03,0.97,0.0,0.0,0.0971959289157881
39627823492629025,0.0,0.22,0.78,0.0,0.38008375148098283
39627823492629188,0.0,0.59,0.41,0.0,0.488250234378912
39627853695813062,0.0,0.03,0.97,0.0,0.0971959289157881
39627823488439566,0.0,0.32,0.68,0.0,0.45219072886224687
39627823496823145,0.0,0.74,0.26,0.0,0.4133731862463089
39627853695813396,0.0,0.56,0.44,0.0,0.4947937606110278
39627853695811848,0.0,0.24,0.76,0.0,0.39752013969226113
39627859739807601,0.0,0.21,0.79,0.0,0.37074136996563684
39627847664403425,0.0,0.36,0.64,0.0,0.4713415946277461
39627841620414501,0.0,0.07,0.93,0.0,0.18296182545011158
39627847660208541,0.0,0.5,0.5,0.0,0.5
39627871790041130,0.01,0.97,0.02,0.0,0.11097036642660543
39627829507261619,0.0,0.56,0.44,0.0,0.4947937606110278
39627865750245670,0.0,0.88,0.12,0.0,0.2646804326436822
39627847656014625,0.0,0.05,0.95,0.0,0.14319847855797813
39627823501018053,0.0,0.71,0.29,0.0,0.43436062316970225
39627823501018088,0.0,0.19,0.81,0.0,0.3507357299419487
39627877813060982,0.01,0.84,0.15,0.0,0.3441379826496441
39627853662260851,0.0,0.51,0.49,0.0,0.49985572087640495
39627811387868859,0.0,0.96,0.04,0.0,0.12114609454120741
39627841607828894,0.0,0.73,0.27,0.0,0.42073231810408784
39627865771215849,0.0,0.0,1.0,0.0,-0.0
39627871777457200,0.0,0.2,0.8,0.0,0.36096404744368116
39627865737662644,0.0,0.39,0.61,0.0,0.4823997742525436
39627877817255636,0.0,0.16,0.84,0.0,0.3171547773202831
39627853683229280,0.0,0.48,0.52,0.0,0.4994227679976009
39627853683229094,0.0,0.06,0.94,0.0,0.16372245957723813
39627847618268010,0.0,0.03,0.97,0.0,0.0971959289157881
39627847630851788,0.0,0.1,0.9,0.0,0.2344977967946406
39627811413037149,0.0,0.4,0.6,0.0,0.4854752972273343
39627865737663169,0.0,0.61,0.39,0.0,0.4823997742525436
39627841578470820,0.0,1.0,0.0,0.0,-0.0
39627817427666736,0.0,0.99,0.01,0.0,0.04039656794795559
39627847660210768,0.0,0.0,0.99,0.01,0.04039656794795559
39627847660210714,0.0,0.34,0.66,0.0,0.46240935248651505
39627835559642641,0.0,0.6,0.4,0.0,0.4854752972273343
39627835559642318,0.0,0.14,0.86,0.0,0.292119405821428
39627829524039329,0.0,0.65,0.35,0.0,0.4670340276877455
39627817440249716,0.0,0.61,0.39,0.0,0.4823997742525436
39627871794234418,0.0,0.07,0.93,0.0,0.18296182545011158
39627835576420432,0.0,0.79,0.21,0.0,0.37074136996563684
39627865767018550,0.0,0.98,0.02,0.0,0.07072027127091034
39627865767018536,0.0,0.37,0.63,0.0,0.47533604634353294
39627847660210682,0.0,1.0,0.0,0.0,-0.0
39627865771216377,0.0,0.25,0.75,0.0,0.4056390622295664
39627853662257537,0.0,1.0,0.0,0.0,-0.0
39627853662258009,0.0,0.97,0.03,0.0,0.0971959289157881
39627835576420139,0.0,0.47,0.53,0.0,0.4987007942838698
39627871794234409,0.0,0.96,0.04,0.0,0.12114609454120741
39627835576420294,0.0,0.84,0.16,0.0,0.3171547773202831
39627817427667167,0.0,0.74,0.26,0.0,0.4133731862463089
39627853662257636,0.0,0.44,0.56,0.0,0.4947937606110278
39627835576420131,0.0,0.48,0.52,0.0,0.4994227679976009
39627847664402572,0.0,0.58,0.42,0.0,0.49072694751682683
39627841599440561,0.0,0.0,1.0,0.0,-0.0
39627859743998572,0.0,0.49,0.51,0.0,0.49985572087640495
39627865775407227,0.0,1.0,0.0,0.0,-0.0
39627859710444280,0.0,0.76,0.24,0.0,0.39752013969226113
39627835559642543,0.0,0.38,0.62,0.0,0.47902101111314976
39627871785845749,0.0,0.88,0.12,0.0,0.2646804326436822
39627841628799411,0.0,0.78,0.22,0.0,0.38008375148098283
39627829515653432,0.0,0.14,0.86,0.0,0.292119405821428
39627805364847493,0.0,0.0,0.99,0.01,0.04039656794795559
39627859727225735,0.0,0.77,0.23,0.0,0.38900565177326885
39627871785845520,0.0,0.41,0.59,0.0,0.488250234378912
39627811413037360,0.0,0.94,0.06,0.0,0.16372245957723813
39627847660208272,0.0,0.05,0.93,0.02,0.21317104534994366
39627865746050811,0.0,0.63,0.37,0.0,0.47533604634353294
39627859735614031,0.0,0.04,0.96,0.0,0.12114609454120741
39627865758632154,0.0,0.34,0.66,0.0,0.46240935248651505
39627823480046669,0.0,0.36,0.64,0.0,0.4713415946277461
39627817461220098,0.0,0.89,0.11,0.0,0.249957979082264
39627865750241959,0.0,0.15,0.85,0.0,0.3049201523582002
39627853700007691,0.0,0.14,0.86,0.0,0.292119405821428
39627835551254734,0.0,0.96,0.04,0.0,0.12114609454120741
39627829519848082,0.0,0.66,0.34,0.0,0.46240935248651505
39627859727222883,0.0,0.85,0.15,0.0,0.3049201523582002
39627811421422308,0.0,0.19,0.81,0.0,0.3507357299419487
39627817444444662,0.0,0.1,0.9,0.0,0.2344977967946406
39627823480048480,0.0,0.03,0.97,0.0,0.0971959289157881
39627811387871448,0.0,0.88,0.12,0.0,0.2646804326436822
39627853666452671,0.0,0.23,0.77,0.0,0.38900565177326885
39627823488434276,0.0,0.66,0.34,0.0,0.46240935248651505
39627865750241741,0.0,0.02,0.98,0.0,0.07072027127091034
39627823484242190,0.0,0.14,0.86,0.0,0.292119405821428
39627817444444710,0.0,0.83,0.17,0.0,0.32885238937210975
39627823480048937,0.0,0.46,0.54,0.0,0.49768921941011285
39627823484242241,0.0,0.36,0.64,0.0,0.4713415946277461
39627829515652552,0.0,0.87,0.13,0.0,0.2787190925139945
39627829519847937,0.0,0.31,0.69,0.0,0.4465867291889284
39627835542865830,0.0,0.06,0.94,0.0,0.16372245957723813
39627835568034021,0.0,0.63,0.37,0.0,0.47533604634353294
39627829515652553,0.0,0.22,0.78,0.0,0.38008375148098283
39627841607833634,0.0,0.78,0.22,0.0,0.38008375148098283
39627847635043904,0.0,0.16,0.83,0.01,0.3562867308783886
39627835551254621,0.0,0.16,0.84,0.0,0.3171547773202831
39627859710445003,0.0,0.12,0.88,0.0,0.2646804326436822
39627865741854477,0.0,0.63,0.37,0.0,0.47533604634353294
39627853670646518,0.01,0.93,0.06,0.0,0.20367037270049304
39627841624606483,0.0,0.24,0.76,0.0,0.39752013969226113
39627841624606442,0.0,0.74,0.26,0.0,0.4133731862463089
39627835555446830,0.0,0.01,0.96,0.03,0.13737165703039006
39627817440249763,0.0,0.71,0.29,0.0,0.43436062316970225
39627811392066322,0.0,0.33,0.67,0.0,0.4574631863898637
39627835551254811,0.0,0.59,0.41,0.0,0.488250234378912
39627865750242042,0.0,0.08,0.92,0.0,0.2010895951011364
39627853700011015,0.0,0.49,0.51,0.0,0.49985572087640495
39627853662260716,0.0,0.12,0.88,0.0,0.2646804326436822
39627853666451945,0.0,0.06,0.94,0.0,0.16372245957723813
39627817440249663,0.0,0.96,0.04,0.0,0.12114609454120741
39627829519847889,0.0,0.14,0.86,0.0,0.292119405821428
39627841595245439,0.0,0.01,0.99,0.0,0.04039656794795559
39627829532426536,0.0,0.29,0.71,0.0,0.43436062316970225
39627835555446942,0.0,0.01,0.94,0.05,0.1832231322266888
39627841599440455,0.0,0.91,0.09,0.0,0.21823490853205144
39627835551254976,0.0,0.0,1.0,0.0,-0.0
39627835551254921,0.0,0.89,0.11,0.0,0.249957979082264
39627835555446951,0.0,0.01,0.98,0.01,0.08072027127091033
39627835568033351,0.0,0.59,0.41,0.0,0.488250234378912
39627835551254895,0.0,1.0,0.0,0.0,-0.0
39627829519847740,0.0,0.75,0.25,0.0,0.4056390622295664
39627811417230110,0.0,0.1,0.9,0.0,0.2344977967946406
39627829532426367,0.0,0.99,0.01,0.0,0.04039656794795559
39627871794234859,0.0,0.09,0.91,0.0,0.21823490853205144
39627835551254871,0.0,0.98,0.02,0.0,0.07072027127091034
39627829507265439,0.0,0.27,0.73,0.0,0.42073231810408784
39627841612024357,0.0,0.23,0.77,0.0,0.38900565177326885
39627853670648244,0.0,0.56,0.44,0.0,0.4947937606110278
39627823484242707,0.0,0.75,0.25,0.0,0.4056390622295664
39627853691618316,0.0,0.17,0.83,0.0,0.32885238937210975
39627823484242552,0.0,0.4,0.6,0.0,0.4854752972273343
39627823484242466,0.0,0.15,0.85,0.0,0.3049201523582002
39627835555447261,0.0,0.12,0.88,0.0,0.2646804326436822
39627841586860578,0.0,0.72,0.28,0.0,0.4277254052800653
39627823484242716,0.0,0.96,0.04,0.0,0.12114609454120741
39627847622461181,0.0,0.95,0.05,0.0,0.14319847855797813
39627823484242537,0.0,0.47,0.53,0.0,0.4987007942838698
39627835559643436,0.0,0.22,0.78,0.0,0.38008375148098283
39627847651820280,0.0,0.2,0.8,0.0,0.36096404744368116
39627847622461453,0.0,0.99,0.01,0.0,0.04039656794795559
39627853691618730,0.0,0.91,0.09,0.0,0.21823490853205144
39627823463271270,0.0,0.16,0.84,0.0,0.3171547773202831
39627853662260358,0.0,0.46,0.54,0.0,0.49768921941011285
39627859710445020,0.0,0.68,0.32,0.0,0.45219072886224687
39627841586861381,0.0,0.2,0.8,0.0,0.36096404744368116
39627841591053648,0.0,0.25,0.75,0.0,0.4056390622295664
39627841586861134,0.0,0.0,0.94,0.06,0.16372245957723813
39627865746050732,0.0,0.76,0.24,0.0,0.39752013969226113
39627859710444213,0.0,0.46,0.54,0.0,0.49768921941011285
39627853666453799,0.0,0.51,0.49,0.0,0.49985572087640495
39627841628799236,0.0,0.41,0.59,0.0,0.488250234378912
39627841616220780,0.0,0.77,0.23,0.0,0.38900565177326885
39627859710444510,0.0,0.72,0.28,0.0,0.4277254052800653
39627871806817009,0.0,1.0,0.0,0.0,-0.0
39627835559645187,0.0,0.24,0.76,0.0,0.39752013969226113
39627853683229508,0.0,0.3,0.7,0.0,0.44064544961534635
39627841628799078,0.0,0.55,0.45,0.0,0.49638722699390414
39627859718834247,0.0,0.32,0.68,0.0,0.45219072886224687
39627853666452482,0.0,0.28,0.72,0.0,0.4277254052800653
39627829507260616,0.0,0.02,0.95,0.03,0.1674722434193448
39627865758634412,0.0,0.8,0.2,0.0,0.36096404744368116
39627841586857912,0.0,0.09,0.91,0.0,0.21823490853205144
39627835580612947,0.0,0.04,0.96,0.0,0.12114609454120741
39627835568034526,0.0,0.23,0.77,0.0,0.38900565177326885
39627859710444514,0.0,0.77,0.23,0.0,0.38900565177326885
39627841624609971,0.0,0.51,0.49,0.0,0.49985572087640495
39627871790042674,0.0,0.52,0.48,0.0,0.4994227679976009
39627853666452483,0.0,0.7,0.3,0.0,0.44064544961534635
39627853679038145,0.0,0.45,0.55,0.0,0.49638722699390414
39627835559645247,0.0,0.09,0.91,0.0,0.21823490853205144
39627835580616446,0.0,0.02,0.98,0.0,0.07072027127091034
39627841612025032,0.0,0.78,0.22,0.0,0.38008375148098283
39627835559643540,0.0,0.05,0.95,0.0,0.14319847855797813
39627871794236716,0.0,0.23,0.77,0.0,0.38900565177326885
39627835559643491,0.0,0.18,0.82,0.0,0.34003852286413994
39627877817256503,0.0,0.25,0.75,0.0,0.4056390622295664
39627877817256691,0.0,0.73,0.27,0.0,0.42073231810408784
39627859744001362,0.0,1.0,0.0,0.0,-0.0
39627865741854472,0.0,0.4,0.6,0.0,0.4854752972273343
39627841607829361,0.0,0.71,0.29,0.0,0.43436062316970225
39627865741854395,0.03,0.96,0.01,0.0,0.13737165703039006
39627811387868881,0.0,0.61,0.39,0.0,0.4823997742525436
39627823480046734,0.0,0.14,0.86,0.0,0.292119405821428
39627865741854285,0.0,0.72,0.28,0.0,0.4277254052800653
39627847630850722,0.0,0.0,0.96,0.04,0.12114609454120741
39627865741854397,0.0,0.13,0.87,0.0,0.2787190925139945
39627847630851060,0.0,0.55,0.45,0.0,0.49638722699390414
39627865741854431,0.0,0.95,0.05,0.0,0.14319847855797813
39627853704203333,0.0,0.29,0.71,0.0,0.43436062316970225
39627871802624807,0.0,0.45,0.55,0.0,0.49638722699390414
39627847651820891,0.0,0.92,0.08,0.0,0.2010895951011364
39627853666452623,0.0,0.8,0.2,0.0,0.36096404744368116
39627835568030313,0.0,0.45,0.55,0.0,0.49638722699390414
39627823480048043,0.0,0.97,0.03,0.0,0.0971959289157881
39627835547059161,0.0,0.83,0.17,0.0,0.32885238937210975
39627853666452816,0.0,0.07,0.93,0.0,0.18296182545011158
39627847630850557,0.0,0.08,0.92,0.0,0.2010895951011364
39627865767019918,0.0,0.04,0.96,0.0,0.12114609454120741
39627835547059484,0.0,0.51,0.49,0.0,0.49985572087640495
39627871781652041,0.04,0.96,0.0,0.0,0.12114609454120741
39627841612021959,0.0,0.34,0.66,0.0,0.46240935248651505
39627841612022081,0.0,0.0,0.97,0.03,0.0971959289157881
39627853695816768,0.0,0.06,0.94,0.0,0.16372245957723813
39627877817258146,0.0,0.02,0.98,0.0,0.07072027127091034
39627853700006327,0.0,0.89,0.11,0.0,0.249957979082264
39627835568029844,0.0,0.95,0.05,0.0,0.14319847855797813
39627865741855678,0.0,0.65,0.35,0.0,0.4670340276877455
39627835551257556,0.0,0.82,0.18,0.0,0.34003852286413994
39627853704203384,0.0,0.04,0.96,0.0,0.12114609454120741
39627853662259357,0.0,0.16,0.84,0.0,0.3171547773202831
39627823480046682,0.0,0.07,0.93,0.0,0.18296182545011158
39627853679037798,0.0,0.03,0.96,0.01,0.13737165703039006
39627865767021110,0.0,0.13,0.87,0.0,0.2787190925139945
39627865741855667,0.0,0.47,0.53,0.0,0.4987007942838698
39627817461221449,0.0,0.69,0.31,0.0,0.4465867291889284
39627853662258025,0.0,0.91,0.09,0.0,0.21823490853205144
39627841612021960,0.0,0.4,0.6,0.0,0.4854752972273343
39627835538671875,0.0,0.8,0.2,0.0,0.36096404744368116
39627835538672074,0.0,0.92,0.08,0.0,0.2010895951011364
39627865741853875,0.0,1.0,0.0,0.0,-0.0
39627871773264252,0.0,0.67,0.33,0.0,0.4574631863898637
39627877817258346,0.0,0.07,0.93,0.0,0.18296182545011158
39627835547061002,0.0,0.0,1.0,0.0,-0.0
39627841612021837,0.0,0.35,0.65,0.0,0.4670340276877455
39627871781652022,0.0,0.75,0.25,0.0,0.4056390622295664
39627835538672027,0.0,0.95,0.05,0.0,0.14319847855797813
39627835568029987,0.0,0.73,0.27,0.0,0.42073231810408784
39627871802622668,0.0,0.6,0.4,0.0,0.4854752972273343
39627871802622732,0.0,0.94,0.06,0.0,0.16372245957723813
39627865767023186,0.0,0.04,0.95,0.01,0.16124668093016215
39627871798432159,0.0,0.1,0.9,0.0,0.2344977967946406
39627847664405412,0.0,1.0,0.0,0.0,-0.0
39627859727221382,0.0,0.08,0.92,0.0,0.2010895951011364
39627871802622845,0.0,0.44,0.56,0.0,0.4947937606110278
39627877817255299,0.0,0.15,0.85,0.0,0.3049201523582002
39627877821451172,0.0,0.12,0.88,0.0,0.2646804326436822
39627877817256082,0.0,0.37,0.63,0.0,0.47533604634353294
39627865771216229,0.0,0.2,0.8,0.0,0.36096404744368116
39627871798431764,0.0,0.7,0.3,0.0,0.44064544961534635
39627871790041635,0.0,0.09,0.91,0.0,0.21823490853205144
39627847630852241,0.0,0.07,0.93,0.0,0.18296182545011158
39627871781652631,0.0,0.25,0.75,0.0,0.4056390622295664
39627835563840541,0.0,0.22,0.78,0.0,0.38008375148098283
39627865771215861,0.0,0.89,0.11,0.0,0.249957979082264
39627871802624836,0.0,0.75,0.25,0.0,0.4056390622295664
39627859702057528,0.0,0.98,0.02,0.0,0.07072027127091034
39627841612027460,0.0,0.0,0.94,0.06,0.16372245957723813
39627871798429909,0.0,0.01,0.97,0.02,0.11097036642660543
39627853666452994,0.0,0.52,0.48,0.0,0.4994227679976009
39627853662260759,0.0,0.42,0.58,0.0,0.49072694751682683
39627877817255203,0.0,0.27,0.72,0.01,0.45884528157606164
39627877817254824,0.0,0.3,0.7,0.0,0.44064544961534635
39627877817254732,0.0,1.0,0.0,0.0,-0.0
39627877817254573,0.0,0.95,0.05,0.0,0.14319847855797813
39627877817255770,0.0,0.79,0.21,0.0,0.37074136996563684
39627877817256570,0.03,0.96,0.01,0.0,0.13737165703039006
39627871777456988,0.0,0.95,0.05,0.0,0.14319847855797813
39627877817254493,0.0,0.99,0.01,0.0,0.04039656794795559
39627877817254989,0.0,0.91,0.09,0.0,0.21823490853205144
39627877817255297,0.0,0.16,0.84,0.0,0.3171547773202831
39627859702057842,0.0,0.4,0.6,0.0,0.4854752972273343
39627823471662108,0.0,0.02,0.98,0.0,0.07072027127091034
39627835584808099,0.0,0.22,0.78,0.0,0.38008375148098283
39627823467468202,0.0,0.51,0.49,0.0,0.49985572087640495
39627835576419353,0.0,0.67,0.33,0.0,0.4574631863898637
39627823471661920,0.0,0.79,0.21,0.0,0.37074136996563684
39627841616219781,0.0,0.84,0.16,0.0,0.3171547773202831
39627871794236791,0.0,0.03,0.96,0.01,0.13737165703039006
39627853666454607,0.03,0.97,0.0,0.0,0.0971959289157881
39627847664405987,0.0,0.04,0.96,0.0,0.12114609454120741
39627811413036810,0.0,0.67,0.33,0.0,0.4574631863898637
39627823488437866,0.0,0.92,0.08,0.0,0.2010895951011364
39627853704202653,0.0,0.66,0.34,0.0,0.46240935248651505
39627823488437798,0.0,0.46,0.54,0.0,0.49768921941011285
39627811396258418,0.0,0.07,0.93,0.0,0.18296182545011158
39627841620414508,0.0,0.36,0.64,0.0,0.4713415946277461
39627829536622865,0.0,0.19,0.81,0.0,0.3507357299419487
39627811408843087,0.0,0.15,0.85,0.0,0.3049201523582002
39627853666453118,0.0,0.25,0.75,0.0,0.4056390622295664
39627829532426604,0.0,0.86,0.14,0.0,0.292119405821428
39627847660210962,0.0,0.37,0.63,0.0,0.47533604634353294
39627829532426819,0.0,0.52,0.48,0.0,0.4994227679976009
39627841599440594,0.0,0.9,0.1,0.0,0.2344977967946406
39627811408843314,0.0,0.19,0.81,0.0,0.3507357299419487
39627811408841958,0.0,0.85,0.15,0.0,0.3049201523582002
39627823475851442,0.0,0.44,0.56,0.0,0.4947937606110278
39627823471659023,0.0,0.84,0.16,0.0,0.3171547773202831
39627847664405562,0.0,0.84,0.16,0.0,0.3171547773202831
39627823471662958,0.0,0.44,0.56,0.0,0.4947937606110278
39627847656017017,0.0,1.0,0.0,0.0,-0.0
39627847660210695,0.0,0.84,0.16,0.0,0.3171547773202831
39627835547060545,0.0,0.64,0.36,0.0,0.4713415946277461
39627841616217439,0.0,0.0,0.98,0.02,0.07072027127091034
39627847660210705,0.0,0.81,0.19,0.0,0.3507357299419487
39627853691618281,0.0,0.97,0.03,0.0,0.0971959289157881
39627829524040522,0.0,0.7,0.3,0.0,0.44064544961534635
39627853691618239,0.0,0.0,1.0,0.0,-0.0
39627817457027135,0.0,0.36,0.64,0.0,0.4713415946277461
39627847668597405,0.0,0.84,0.16,0.0,0.3171547773202831
39627835589001314,0.0,0.77,0.23,0.0,0.38900565177326885
39627841624606046,0.0,0.32,0.68,0.0,0.45219072886224687
39627865741853184,0.0,0.29,0.71,0.0,0.43436062316970225
39627859702057882,0.0,1.0,0.0,0.0,-0.0
39627853662257417,0.0,0.74,0.26,0.0,0.4133731862463089
39627859702057946,0.0,0.1,0.9,0.0,0.2344977967946406
39627835576421075,0.0,0.85,0.15,0.0,0.3049201523582002
39627871802623607,0.0,0.52,0.48,0.0,0.4994227679976009
39627871802623542,0.01,0.99,0.0,0.0,0.04039656794795559
39627835563838862,0.0,0.59,0.41,0.0,0.488250234378912
39627835576420945,0.0,0.93,0.07,0.0,0.18296182545011158
39627877821448636,0.0,0.98,0.02,0.0,0.07072027127091034
39627871802623469,0.0,0.5,0.5,0.0,0.5
39627877821450117,0.0,0.19,0.81,0.0,0.3507357299419487
39627835563836995,0.0,0.16,0.84,0.0,0.3171547773202831
39627841616218810,0.0,0.09,0.91,0.0,0.21823490853205144
39627871781650605,0.0,0.96,0.04,0.0,0.12114609454120741
39627871802623712,0.0,0.64,0.36,0.0,0.4713415946277461
39627835584811226,0.0,0.5,0.5,0.0,0.5
39627841607832222,0.0,0.35,0.65,0.0,0.4670340276877455
39627841607832348,0.0,0.97,0.03,0.0,0.0971959289157881
39627871777458482,0.0,1.0,0.0,0.0,-0.0
39627853662257976,0.0,0.09,0.9,0.01,0.2579475764741046
39627811392066423,0.0,0.14,0.86,0.0,0.292119405821428
39627817457029460,0.0,0.35,0.65,0.0,0.4670340276877455
39627817457029947,0.0,0.7,0.3,0.0,0.44064544961534635
39627835576420262,0.0,0.19,0.81,0.0,0.3507357299419487
39627835555448672,0.0,0.12,0.88,0.0,0.2646804326436822
39627829545010657,0.0,0.16,0.84,0.0,0.3171547773202831
39627811396260345,0.0,0.12,0.88,0.0,0.2646804326436822
39627835584809554,0.0,0.52,0.48,0.0,0.4994227679976009
39627847622461576,0.0,0.69,0.31,0.0,0.4465867291889284
39627823484240118,0.0,0.25,0.75,0.0,0.4056390622295664
39627853670649886,0.0,0.1,0.9,0.0,0.2344977967946406
39627835584808108,0.0,0.01,0.94,0.05,0.1832231322266888
39627853670649714,0.0,0.49,0.51,0.0,0.49985572087640495
39627859718833162,0.0,0.28,0.72,0.0,0.4277254052800653
39627859718833261,0.0,0.53,0.47,0.0,0.4987007942838698
39627865750241766,0.0,0.37,0.63,0.0,0.47533604634353294
39627847651820474,0.0,0.21,0.79,0.0,0.37074136996563684
39627823480046179,0.0,0.0,0.99,0.01,0.04039656794795559
39627847651820698,0.0,0.62,0.38,0.0,0.47902101111314976
39627841616216525,0.0,0.65,0.35,0.0,0.4670340276877455
39627811417230230,0.0,0.44,0.56,0.0,0.4947937606110278
39627871794236224,0.0,0.7,0.3,0.0,0.44064544961534635
39627835563840776,0.0,0.0,0.82,0.18,0.34003852286413994
39627853700010917,0.0,0.83,0.17,0.0,0.32885238937210975
39627847664405199,0.0,0.72,0.28,0.0,0.4277254052800653
39627859727225947,0.01,0.97,0.02,0.0,0.11097036642660543
39627859727225951,0.0,0.13,0.87,0.0,0.2787190925139945
39627847630848861,0.0,0.92,0.08,0.0,0.2010895951011364
39627835568029933,0.0,0.89,0.11,0.0,0.249957979082264
39627835568029879,0.0,0.94,0.06,0.0,0.16372245957723813
39627841591054452,0.0,0.34,0.66,0.0,0.46240935248651505
39627835568029764,0.0,0.29,0.71,0.0,0.43436062316970225
39627835568029994,0.0,0.08,0.92,0.0,0.2010895951011364
39627817431862284,0.0,0.19,0.81,0.0,0.3507357299419487
39627865771214759,0.0,0.91,0.09,0.0,0.21823490853205144
39627847630849031,0.02,0.98,0.0,0.0,0.07072027127091034
39627841612021847,0.0,0.92,0.08,0.0,0.2010895951011364
39627835547061591,0.0,0.87,0.13,0.0,0.2787190925139945
39627841591054489,0.0,0.49,0.51,0.0,0.49985572087640495
39627841591054449,0.0,0.12,0.88,0.0,0.2646804326436822
39627853679038243,0.0,0.89,0.11,0.0,0.249957979082264
39627835547060906,0.0,0.05,0.95,0.0,0.14319847855797813
39627847630853225,0.0,0.09,0.91,0.0,0.21823490853205144
39627871781652268,0.0,0.08,0.92,0.0,0.2010895951011364
39627877817255870,0.0,0.34,0.66,0.0,0.46240935248651505
39627835547061695,0.0,0.74,0.26,0.0,0.4133731862463089
39627859718832658,0.0,0.04,0.96,0.0,0.12114609454120741
39627871781652270,0.0,0.48,0.52,0.0,0.4994227679976009
39627871781652306,0.0,0.89,0.11,0.0,0.249957979082264
39627847630852751,0.0,0.26,0.74,0.0,0.4133731862463089
39627871802625767,0.0,0.74,0.26,0.0,0.4133731862463089
39627877817255037,0.0,0.92,0.08,0.0,0.2010895951011364
39627841616220327,0.0,0.23,0.77,0.0,0.38900565177326885
39627865750241429,0.0,0.9,0.1,0.0,0.2344977967946406
39627823471659070,0.0,0.34,0.66,0.0,0.46240935248651505
39627811413034451,0.0,0.9,0.1,0.0,0.2344977967946406
39627811413034539,0.0,0.52,0.48,0.0,0.4994227679976009
39627835563840111,0.01,0.99,0.0,0.0,0.04039656794795559
39627841616219291,0.0,0.04,0.96,0.0,0.12114609454120741
39627835547061760,0.0,0.88,0.12,0.0,0.2646804326436822
39627847656018728,0.0,0.4,0.6,0.0,0.4854752972273343
39627841616219102,0.0,0.39,0.61,0.0,0.4823997742525436
39627865771214665,0.0,0.58,0.42,0.0,0.49072694751682683
39627829519843529,0.0,0.41,0.59,0.0,0.488250234378912
39627871802623618,0.0,0.84,0.16,0.0,0.3171547773202831
39627877821449364,0.0,0.14,0.86,0.0,0.292119405821428
39627847656018356,0.0,0.48,0.52,0.0,0.4994227679976009
39627859743999826,0.0,0.38,0.62,0.0,0.47902101111314976
39627829540818142,0.0,0.14,0.86,0.0,0.292119405821428
39627829540818100,0.0,0.03,0.97,0.0,0.0971959289157881
39627865750242825,0.0,0.29,0.71,0.0,0.43436062316970225
39627829540817950,0.0,0.0,0.64,0.36,0.4713415946277461
39627871781650986,0.0,0.63,0.37,0.0,0.47533604634353294
39627859744002287,0.0,0.98,0.02,0.0,0.07072027127091034
39627859744002710,0.0,0.15,0.85,0.0,0.3049201523582002
39627871781651239,0.0,0.51,0.49,0.0,0.49985572087640495
39627841603634576,0.0,0.12,0.88,0.0,0.2646804326436822
39627841586857539,0.0,0.39,0.61,0.0,0.4823997742525436
39627823501017945,0.0,1.0,0.0,0.0,-0.0
39627823501017709,0.0,0.11,0.89,0.0,0.249957979082264
39627835563837589,0.0,0.61,0.39,0.0,0.4823997742525436
39627835568030793,0.0,0.01,0.99,0.0,0.04039656794795559
39627823480048496,0.0,0.14,0.86,0.0,0.292119405821428
39627871790042829,0.0,0.69,0.31,0.0,0.4465867291889284
39627841628799428,0.0,0.87,0.13,0.0,0.2787190925139945
39627871790041970,0.0,0.0,0.58,0.42,0.49072694751682683
39627871790041958,0.0,0.0,0.58,0.42,0.49072694751682683
39627841603638352,0.0,0.52,0.48,0.0,0.4994227679976009
39627871790042295,0.0,0.0,0.74,0.26,0.4133731862463089
39627871798428589,0.0,0.15,0.85,0.0,0.3049201523582002
39627865754438523,0.0,0.64,0.36,0.0,0.4713415946277461
39627823467464964,0.0,1.0,0.0,0.0,-0.0
39627811417228633,0.01,0.88,0.11,0.0,0.28950944366190023
39627865754438327,0.0,0.21,0.79,0.0,0.37074136996563684
39627805352268729,0.0,0.92,0.08,0.0,0.2010895951011364
39627805352268719,0.0,0.62,0.38,0.0,0.47902101111314976
39627847630848875,0.0,0.32,0.68,0.0,0.45219072886224687
39627859723027770,0.0,0.51,0.49,0.0,0.49985572087640495
39627859727224020,0.0,0.17,0.83,0.0,0.32885238937210975
39627859727223768,0.0,0.59,0.41,0.0,0.488250234378912
39627823501017817,0.0,0.65,0.35,0.0,0.4670340276877455
39627865771214749,0.0,0.37,0.63,0.0,0.47533604634353294
39627853662261169,0.0,0.06,0.94,0.0,0.16372245957723813
39627811387871879,0.0,0.67,0.33,0.0,0.4574631863898637
39627859744001723,0.0,0.15,0.85,0.0,0.3049201523582002
39627841628799080,0.01,0.98,0.01,0.0,0.08072027127091033
39627859706252649,0.0,0.18,0.82,0.0,0.34003852286413994
39627841624608670,0.0,0.29,0.71,0.0,0.43436062316970225
39627871790042606,0.0,0.62,0.38,0.0,0.47902101111314976
39627817457028583,0.0,0.42,0.58,0.0,0.49072694751682683
39627841607832996,0.0,0.28,0.72,0.0,0.4277254052800653
39627823505211539,0.0,0.47,0.53,0.0,0.4987007942838698
39627853666454409,0.0,0.66,0.34,0.0,0.46240935248651505
39627853666454959,0.0,0.94,0.06,0.0,0.16372245957723813
39627841595250612,0.0,0.0,0.88,0.12,0.2646804326436822
39627847618268464,0.0,0.7,0.3,0.0,0.44064544961534635
39627865771214100,0.0,0.02,0.97,0.01,0.11097036642660543
39627805352269131,0.0,0.44,0.56,0.0,0.4947937606110278
39627853666452964,0.0,0.2,0.8,0.0,0.36096404744368116
39627853670645983,0.0,0.97,0.03,0.0,0.0971959289157881
39627877821450277,0.0,0.55,0.45,0.0,0.49638722699390414
39627829540819529,0.0,0.33,0.67,0.0,0.4574631863898637
39627859739807238,0.0,0.16,0.84,0.0,0.3171547773202831
39627817440248343,0.0,0.0,1.0,0.0,-0.0
39627841586859503,0.0,0.26,0.74,0.0,0.4133731862463089
39627859735609893,0.0,0.27,0.73,0.0,0.42073231810408784
39627877821449041,0.0,0.63,0.37,0.0,0.47533604634353294
39627877821449828,0.0,0.8,0.2,0.0,0.36096404744368116
39627859731419546,0.0,0.43,0.57,0.0,0.4929075185894599
39627829545009232,0.0,0.06,0.91,0.03,0.2595582210645035
39627829540819844,0.0,0.39,0.61,0.0,0.4823997742525436
39627877821449420,0.0,0.17,0.83,0.0,0.32885238937210975
39627841586856036,0.0,0.24,0.76,0.0,0.39752013969226113
39627859731418332,0.0,0.0,0.89,0.11,0.249957979082264
39627853687427346,0.0,0.23,0.77,0.0,0.38900565177326885
39627829540817014,0.0,0.01,0.99,0.0,0.04039656794795559
39627853670646567,0.0,0.81,0.19,0.0,0.3507357299419487
39627811392063395,0.0,0.89,0.11,0.0,0.249957979082264
39627841586856952,0.0,0.87,0.13,0.0,0.2787190925139945
39627817457025358,0.0,0.17,0.83,0.0,0.32885238937210975
39627841612026855,0.0,0.09,0.91,0.0,0.21823490853205144
39627835589002003,0.0,0.99,0.01,0.0,0.04039656794795559
39627829532426472,0.0,0.63,0.37,0.0,0.47533604634353294
39627835580613060,0.0,0.2,0.8,0.0,0.36096404744368116
39627811400450524,0.0,0.01,0.99,0.0,0.04039656794795559
39627877821449959,0.0,0.9,0.1,0.0,0.2344977967946406
39627835572228871,0.0,0.78,0.22,0.0,0.38008375148098283
39627853662261238,0.0,0.55,0.45,0.0,0.49638722699390414
39627829498876508,0.0,0.07,0.93,0.0,0.18296182545011158
39627847630850138,0.0,0.11,0.89,0.0,0.249957979082264
39627847639237972,0.0,0.6,0.4,0.0,0.4854752972273343
39627841612025918,0.0,0.56,0.44,0.0,0.4947937606110278
39627841582662042,0.0,0.5,0.5,0.0,0.5
39627865767021198,0.0,0.38,0.62,0.0,0.47902101111314976
39627853687426976,0.0,0.85,0.15,0.0,0.3049201523582002
39627853670646191,0.0,0.28,0.72,0.0,0.4277254052800653
39627841586859663,0.0,0.01,0.98,0.01,0.08072027127091033
39627865775408431,0.0,0.29,0.71,0.0,0.43436062316970225
39627841612025522,0.0,0.48,0.52,0.0,0.4994227679976009
39627817457025452,0.0,0.06,0.94,0.0,0.16372245957723813
39627859727223670,0.0,0.01,0.99,0.0,0.04039656794795559
39627841586857052,0.0,0.82,0.18,0.0,0.34003852286413994
39627841586856293,0.0,0.44,0.56,0.0,0.4947937606110278
39627841586856661,0.0,0.75,0.25,0.0,0.4056390622295664
39627871777460433,0.0,0.18,0.82,0.0,0.34003852286413994
39627859714638543,0.0,0.1,0.9,0.0,0.2344977967946406
39627871781650620,0.0,0.69,0.31,0.0,0.4465867291889284
39627871781650555,0.0,0.8,0.2,0.0,0.36096404744368116
39627811417228891,0.0,0.39,0.61,0.0,0.4823997742525436
39627847660213187,0.0,0.38,0.62,0.0,0.47902101111314976
39627817461224018,0.0,0.76,0.24,0.0,0.39752013969226113
39627841586856405,0.0,0.0,0.94,0.06,0.16372245957723813
39627853679034670,0.0,0.02,0.97,0.01,0.11097036642660543
39627811387871812,0.0,0.06,0.94,0.0,0.16372245957723813
39627859731419655,0.0,0.04,0.96,0.0,0.12114609454120741
39627847630851382,0.0,0.09,0.91,0.0,0.21823490853205144
39627859739807923,0.0,0.88,0.12,0.0,0.2646804326436822
39627871794236727,0.0,0.3,0.7,0.0,0.44064544961534635
39627853674844565,0.0,0.26,0.74,0.0,0.4133731862463089
39627871798428214,0.0,0.0,0.96,0.04,0.12114609454120741
39627817461223565,0.0,0.01,0.97,0.02,0.11097036642660543
39627865775409698,0.0,0.47,0.53,0.0,0.4987007942838698
39627841586856139,0.0,0.08,0.92,0.0,0.2010895951011364
39627859739807752,0.0,0.42,0.58,0.0,0.49072694751682683
39627847639238423,0.0,0.49,0.51,0.0,0.49985572087640495
39627847639238432,0.0,0.85,0.15,0.0,0.3049201523582002
39627865775409538,0.0,0.14,0.86,0.0,0.292119405821428
39627853674844696,0.0,0.7,0.3,0.0,0.44064544961534635
39627859739807425,0.0,0.15,0.85,0.0,0.3049201523582002
39627859714638326,0.0,0.03,0.97,0.0,0.0971959289157881
39627811417231104,0.0,0.55,0.45,0.0,0.49638722699390414
39627871794235657,0.0,0.3,0.7,0.0,0.44064544961534635
39627847664402506,0.0,0.6,0.4,0.0,0.4854752972273343
39627841624609659,0.0,0.48,0.52,0.0,0.4994227679976009
39627847664404851,0.0,0.5,0.5,0.0,0.5
39627841624609791,0.0,0.58,0.42,0.0,0.49072694751682683
39627847630851045,0.0,0.03,0.96,0.01,0.13737165703039006
39627853679035692,0.0,0.93,0.07,0.0,0.18296182545011158
39627841586856328,0.0,0.0,0.92,0.08,0.2010895951011364
39627859739807323,0.0,0.98,0.02,0.0,0.07072027127091034
39627859739807315,0.0,0.03,0.97,0.0,0.0971959289157881
39627841586856317,0.0,0.0,0.95,0.05,0.14319847855797813
39627859718835023,0.0,0.56,0.44,0.0,0.4947937606110278
39627847660212446,0.0,0.3,0.7,0.0,0.44064544961534635
39627841599444359,0.0,0.23,0.77,0.0,0.38900565177326885
39627841599444299,0.0,0.7,0.3,0.0,0.44064544961534635
39627835563838324,0.0,0.3,0.7,0.0,0.44064544961534635
39627817457027341,0.0,0.39,0.61,0.0,0.4823997742525436
39627841599444258,0.0,0.99,0.01,0.0,0.04039656794795559
39627817431859521,0.0,0.5,0.5,0.0,0.5
39627835580615146,0.0,0.32,0.68,0.0,0.45219072886224687
39627835572229313,0.0,0.02,0.94,0.04,0.1912713345988728
39627835572228313,0.0,0.0,0.94,0.06,0.16372245957723813
39627877817256871,0.0,0.26,0.74,0.0,0.4133731862463089
39627871790043095,0.0,0.21,0.79,0.0,0.37074136996563684
39627853662261059,0.0,0.06,0.93,0.01,0.20367037270049304
39627823501017639,0.0,0.33,0.67,0.0,0.4574631863898637
39627871790043214,0.0,1.0,0.0,0.0,-0.0
39627859731418635,0.0,0.81,0.19,0.0,0.3507357299419487
39627871790043282,0.0,0.49,0.51,0.0,0.49985572087640495
39627841624607972,0.0,0.28,0.72,0.0,0.4277254052800653
39627841612022711,0.01,0.99,0.0,0.0,0.04039656794795559
39627829507261825,0.0,0.2,0.8,0.0,0.36096404744368116
39627841612022560,0.0,0.39,0.61,0.0,0.4823997742525436
39627817461222301,0.0,0.12,0.88,0.0,0.2646804326436822
39627865771214213,0.0,1.0,0.0,0.0,-0.0
39627859723032339,0.0,0.39,0.61,0.0,0.4823997742525436
39627823496823979,0.0,0.15,0.85,0.0,0.3049201523582002
39627835580615249,0.0,0.14,0.86,0.0,0.292119405821428
39627823501017432,0.0,0.07,0.93,0.0,0.18296182545011158
39627841586857323,0.0,0.01,0.91,0.08,0.24088153359695552
39627871798429628,0.0,0.01,0.99,0.0,0.04039656794795559
39627823501018724,0.0,0.93,0.07,0.0,0.18296182545011158
39627871781651992,0.0,0.0,0.99,0.01,0.04039656794795559
39627841628801145,0.0,0.21,0.79,0.0,0.37074136996563684
39627871790043733,0.0,0.24,0.76,0.0,0.39752013969226113
39627865775409304,0.0,0.96,0.04,0.0,0.12114609454120741
39627817461223708,0.0,0.41,0.59,0.0,0.488250234378912
39627865775409554,0.0,0.02,0.98,0.0,0.07072027127091034
39627871794235826,0.0,0.14,0.86,0.0,0.292119405821428
39627871790043550,0.0,0.0,0.88,0.12,0.2646804326436822
39627871806818125,0.0,0.62,0.38,0.0,0.47902101111314976
39627871781652135,0.0,0.43,0.57,0.0,0.4929075185894599
39627871794233449,0.0,0.0,1.0,0.0,-0.0
39627835563836502,0.0,0.85,0.15,0.0,0.3049201523582002
39627871781651695,0.0,0.43,0.57,0.0,0.4929075185894599
39627853662258191,0.0,0.91,0.09,0.0,0.21823490853205144
39627871781651843,0.0,0.12,0.88,0.0,0.2646804326436822
39627871794238146,0.0,0.94,0.06,0.0,0.16372245957723813
39627853662258287,0.0,0.87,0.13,0.0,0.2787190925139945
39627847668598125,0.0,0.44,0.56,0.0,0.4947937606110278
39627829528234888,0.0,0.6,0.4,0.0,0.4854752972273343
39627805369046568,0.0,0.87,0.13,0.0,0.2787190925139945
39627853695812669,0.0,0.15,0.85,0.0,0.3049201523582002
39627847656016465,0.0,0.14,0.86,0.0,0.292119405821428
39627829528234971,0.0,0.3,0.7,0.0,0.44064544961534635
39627823475854973,0.0,0.26,0.74,0.0,0.4133731862463089
39627859744001615,0.0,0.65,0.35,0.0,0.4670340276877455
39627859744002137,0.0,0.89,0.11,0.0,0.249957979082264
39627847639239239,0.0,0.14,0.86,0.0,0.292119405821428
39627835572227344,0.0,0.98,0.02,0.0,0.07072027127091034
39627865754440695,0.0,0.26,0.74,0.0,0.4133731862463089
39627859739807990,0.0,0.85,0.15,0.0,0.3049201523582002
39627853695812866,0.0,0.91,0.09,0.0,0.21823490853205144
39627841591050567,0.0,0.3,0.7,0.0,0.44064544961534635
39627823492628735,0.0,0.79,0.21,0.0,0.37074136996563684
39627835572227385,0.0,0.08,0.92,0.0,0.2010895951011364
39627841591050570,0.0,0.28,0.72,0.0,0.4277254052800653
39627847660212117,0.0,0.31,0.69,0.0,0.4465867291889284
39627829519845808,0.0,0.0,0.92,0.08,0.2010895951011364
39627829528235971,0.0,0.1,0.9,0.0,0.2344977967946406
39627829511457760,0.0,0.35,0.65,0.0,0.4670340276877455
39627823492628692,0.0,0.13,0.87,0.0,0.2787190925139945
39627811396257333,0.0,0.36,0.64,0.0,0.4713415946277461
39627859718833164,0.01,0.83,0.16,0.0,0.3562867308783886
39627859743998100,0.0,0.46,0.54,0.0,0.49768921941011285
39627859718833388,0.0,0.11,0.89,0.0,0.249957979082264
39627829540818496,0.0,0.0,0.96,0.04,0.12114609454120741
39627847664402641,0.0,0.83,0.17,0.0,0.32885238937210975
39627811396258710,0.0,0.16,0.84,0.0,0.3171547773202831
39627811396258737,0.0,0.38,0.62,0.0,0.47902101111314976
39627853674844485,0.0,0.61,0.39,0.0,0.4823997742525436
39627811396257471,0.0,0.02,0.98,0.0,0.07072027127091034
39627829540818426,0.0,0.11,0.89,0.0,0.249957979082264
39627823475854935,0.0,0.39,0.61,0.0,0.4823997742525436
39627823475854759,0.0,0.26,0.74,0.0,0.4133731862463089
39627853674840919,0.0,0.65,0.35,0.0,0.4670340276877455
39627829528234961,0.0,0.0,1.0,0.0,-0.0
39627847660212095,0.0,0.01,0.98,0.01,0.08072027127091033
39627847664405566,0.0,0.1,0.9,0.0,0.2344977967946406
39627847664402748,0.0,0.86,0.14,0.0,0.292119405821428
39627829540818574,0.0,0.05,0.95,0.0,0.14319847855797813
39627853679035399,0.0,0.04,0.96,0.0,0.12114609454120741
39627871794236732,0.0,0.87,0.13,0.0,0.2787190925139945
39627841624608707,0.0,0.0,1.0,0.0,-0.0
39627823471661744,0.0,0.0,0.6,0.4,0.4854752972273343
39627835589003496,0.0,0.37,0.63,0.0,0.47533604634353294
39627871794236767,0.0,0.95,0.05,0.0,0.14319847855797813
39627847651821908,0.0,0.76,0.24,0.0,0.39752013969226113
39627853683231871,0.0,0.45,0.55,0.0,0.49638722699390414
39627853708395612,0.0,1.0,0.0,0.0,-0.0
39627823471661581,0.0,0.0,0.47,0.53,0.4987007942838698
39627835559645322,0.0,0.52,0.48,0.0,0.4994227679976009
39627835589003372,0.0,0.71,0.29,0.0,0.43436062316970225
39627853679035668,0.0,0.07,0.93,0.0,0.18296182545011158
39627853666451769,0.0,0.95,0.05,0.0,0.14319847855797813
39627853683232000,0.0,0.05,0.95,0.0,0.14319847855797813
39627853679034905,0.0,0.34,0.66,0.0,0.46240935248651505
39627853674844697,0.0,0.6,0.4,0.0,0.4854752972273343
39627835559644241,0.0,0.36,0.64,0.0,0.4713415946277461
39627853679035617,0.0,0.97,0.03,0.0,0.0971959289157881
39627823492634217,0.0,0.05,0.95,0.0,0.14319847855797813
39627853683231644,0.0,0.47,0.53,0.0,0.4987007942838698
39627847656017990,0.0,0.08,0.92,0.0,0.2010895951011364
39627847656017942,0.0,0.42,0.58,0.0,0.49072694751682683
39627871790043102,0.0,0.7,0.3,0.0,0.44064544961534635
39627823467464332,0.0,0.98,0.02,0.0,0.07072027127091034
39627859743999102,0.0,0.98,0.02,0.0,0.07072027127091034
39627817452833508,0.0,0.34,0.66,0.0,0.46240935248651505
39627865762826347,0.0,0.12,0.88,0.0,0.2646804326436822
39627823492628560,0.0,0.02,0.95,0.03,0.1674722434193448
39627841624608290,0.0,0.04,0.96,0.0,0.12114609454120741
39627835572227779,0.0,0.01,0.99,0.0,0.04039656794795559
39627859743998388,0.0,0.98,0.02,0.0,0.07072027127091034
39627823488439316,0.0,0.51,0.49,0.0,0.49985572087640495
39627859743998046,0.0,0.7,0.3,0.0,0.44064544961534635
39627859743998146,0.0,0.31,0.69,0.0,0.4465867291889284
39627835563837908,0.0,1.0,0.0,0.0,-0.0
39627817465414383,0.0,0.95,0.05,0.0,0.14319847855797813
39627877825645593,0.0,0.38,0.62,0.0,0.47902101111314976
39627835559645357,0.0,0.88,0.12,0.0,0.2646804326436822
39627877825645679,0.0,0.22,0.78,0.0,0.38008375148098283
39627877825646758,0.0,0.6,0.4,0.0,0.4854752972273343
39627877825646860,0.01,0.93,0.06,0.0,0.20367037270049304
39627877825646871,0.0,0.76,0.24,0.0,0.39752013969226113
39627877825647017,0.0,0.94,0.06,0.0,0.16372245957723813
39627865775411393,0.0,0.82,0.18,0.0,0.34003852286413994
39627871806819251,0.0,0.86,0.14,0.0,0.292119405821428
39627871798428330,0.0,0.0,0.98,0.02,0.07072027127091034
39627871798428636,0.0,0.27,0.73,0.0,0.42073231810408784
39627865775410907,0.01,0.85,0.14,0.0,0.33142210248480686
39627871794237376,0.0,0.97,0.03,0.0,0.0971959289157881
39627865775410873,0.0,0.98,0.02,0.0,0.07072027127091034
39627877817258814,0.0,0.04,0.96,0.0,0.12114609454120741
39627871798428617,0.0,0.14,0.86,0.0,0.292119405821428
39627871781651781,0.0,0.7,0.3,0.0,0.44064544961534635
39627817457029144,0.0,0.77,0.23,0.0,0.38900565177326885
39627841603638684,0.0,0.51,0.49,0.0,0.49985572087640495
39627865754438706,0.0,0.92,0.08,0.0,0.2010895951011364
39627865750241673,0.0,0.87,0.13,0.0,0.2787190925139945
39627859706252895,0.0,0.21,0.79,0.0,0.37074136996563684
39627835559645649,0.0,0.89,0.11,0.0,0.249957979082264
39627841603635169,0.0,0.23,0.77,0.0,0.38900565177326885
39627865750243105,0.0,0.71,0.29,0.0,0.43436062316970225
39627811396260220,0.0,0.02,0.98,0.0,0.07072027127091034
39627853683233743,0.0,0.93,0.07,0.0,0.18296182545011158
39627817452833830,0.0,0.77,0.23,0.0,0.38900565177326885
39627835580616951,0.0,0.01,0.98,0.01,0.08072027127091033
39627817452833566,0.0,0.62,0.38,0.0,0.47902101111314976
39627859723029730,0.0,0.57,0.43,0.0,0.4929075185894599
39627859723029629,0.0,0.14,0.86,0.0,0.292119405821428
39627811404649505,0.0,0.1,0.9,0.0,0.2344977967946406
39627811408838966,0.0,0.97,0.03,0.0,0.0971959289157881
39627859710448064,0.0,0.92,0.08,0.0,0.2010895951011364
39627835580615470,0.0,0.47,0.53,0.0,0.4987007942838698
39627817444442899,0.0,0.41,0.59,0.0,0.488250234378912
39627859718835250,0.0,0.17,0.83,0.0,0.32885238937210975
39627871781650857,0.01,0.99,0.0,0.0,0.04039656794795559
39627859723029861,0.0,0.03,0.96,0.01,0.13737165703039006
39627853662261400,0.0,0.35,0.65,0.0,0.4670340276877455
39627853662261460,0.02,0.91,0.07,0.0,0.2526241113249394
39627817440247882,0.0,0.49,0.51,0.0,0.49985572087640495
39627871798428016,0.0,0.54,0.46,0.0,0.49768921941011285
39627871798428088,0.0,0.0,0.9,0.1,0.2344977967946406
39627847660212723,0.0,0.45,0.55,0.0,0.49638722699390414
39627841586856047,0.0,0.76,0.24,0.0,0.39752013969226113
39627871798427818,0.0,0.07,0.93,0.0,0.18296182545011158
39627865775410183,0.0,0.69,0.31,0.0,0.4465867291889284
39627841586856065,0.0,0.0,0.85,0.15,0.3049201523582002
39627859739807501,0.0,0.55,0.45,0.0,0.49638722699390414
39627847660212901,0.0,0.54,0.46,0.0,0.49768921941011285
39627859744001023,0.0,0.18,0.82,0.0,0.34003852286413994
39627817457027656,0.0,0.04,0.96,0.0,0.12114609454120741
39627859744001078,0.0,0.38,0.62,0.0,0.47902101111314976
39627817457027747,0.0,0.58,0.42,0.0,0.49072694751682683
39627823501018328,0.0,0.7,0.3,0.0,0.44064544961534635
39627817457029210,0.0,0.87,0.13,0.0,0.2787190925139945
39627835580616010,0.0,0.06,0.94,0.0,0.16372245957723813
39627823501018125,0.0,0.31,0.69,0.0,0.4465867291889284
39627841624608247,0.0,0.84,0.16,0.0,0.3171547773202831
39627817457029262,0.0,0.14,0.86,0.0,0.292119405821428
39627829503067038,0.0,0.16,0.84,0.0,0.3171547773202831
39627829503067180,0.0,0.06,0.93,0.01,0.20367037270049304
39627871798427956,0.0,0.03,0.95,0.02,0.1674722434193448
39627841624609740,0.0,0.13,0.87,0.0,0.2787190925139945
39627841624609897,0.0,0.45,0.55,0.0,0.49638722699390414
39627853662261581,0.0,0.93,0.07,0.0,0.18296182545011158
39627853662261633,0.0,0.9,0.1,0.0,0.2344977967946406
39627871794238253,0.0,0.77,0.23,0.0,0.38900565177326885
39627835584807380,0.0,0.42,0.58,0.0,0.49072694751682683
39627871806817697,0.0,0.88,0.12,0.0,0.2646804326436822
39627823467462987,0.0,0.27,0.73,0.0,0.42073231810408784
39627841628799104,0.0,0.97,0.03,0.0,0.0971959289157881
39627841603636884,0.01,0.99,0.0,0.0,0.04039656794795559
39627829540816789,0.0,0.0,0.99,0.01,0.04039656794795559
39627829540816619,0.0,0.17,0.82,0.01,0.3678974314876692
39627841603637986,0.0,0.2,0.8,0.0,0.36096404744368116
39627847656017798,0.0,0.06,0.94,0.0,0.16372245957723813
39627805369046103,0.0,0.06,0.94,0.0,0.16372245957723813
39627817452832566,0.0,0.91,0.09,0.0,0.21823490853205144
39627823471661449,0.0,0.86,0.14,0.0,0.292119405821428
39627847656014844,0.0,0.44,0.56,0.0,0.4947937606110278
39627811396258815,0.0,0.68,0.32,0.0,0.45219072886224687
39627829511460310,0.0,0.11,0.89,0.0,0.249957979082264
39627847656014862,0.0,0.47,0.53,0.0,0.4987007942838698
39627829515649107,0.0,0.03,0.97,0.0,0.0971959289157881
39627847643435005,0.0,0.99,0.01,0.0,0.04039656794795559
39627841599444030,0.0,0.9,0.1,0.0,0.2344977967946406
39627823492632828,0.0,0.03,0.97,0.0,0.0971959289157881
39627823480045983,0.0,0.73,0.27,0.0,0.42073231810408784
39627853704203854,0.0,0.72,0.28,0.0,0.4277254052800653
39627823480045814,0.0,0.38,0.62,0.0,0.47902101111314976
39627829549204777,0.0,0.07,0.93,0.0,0.18296182545011158
39627823480045883,0.0,0.99,0.01,0.0,0.04039656794795559
39627841628801101,0.0,0.45,0.55,0.0,0.49638722699390414
39627859714642149,0.0,0.04,0.94,0.02,0.19127133459887283
39627859714642308,0.0,0.56,0.44,0.0,0.4947937606110278
39627841599444277,0.0,0.98,0.02,0.0,0.07072027127091034
39627823467463902,0.0,0.09,0.91,0.0,0.21823490853205144
39627859744001842,0.0,1.0,0.0,0.0,-0.0
39627859744002317,0.0,0.96,0.04,0.0,0.12114609454120741
39627835563838123,0.0,0.22,0.78,0.0,0.38008375148098283
39627835559643340,0.0,0.42,0.58,0.0,0.49072694751682683
39627877825646373,0.03,0.97,0.0,0.0,0.0971959289157881
39627871781653121,0.01,0.98,0.01,0.0,0.08072027127091033
39627871806818394,0.0,0.86,0.14,0.0,0.292119405821428
39627871781653529,0.0,0.0,0.99,0.01,0.04039656794795559
39627871806818391,0.0,0.63,0.37,0.0,0.47533604634353294
39627859744001740,0.0,0.72,0.28,0.0,0.4277254052800653
39627877821451314,0.0,0.91,0.09,0.0,0.21823490853205144
39627877821450383,0.0,0.89,0.11,0.0,0.249957979082264
39627865779603555,0.0,0.97,0.03,0.0,0.0971959289157881
39627871773265478,0.0,0.1,0.9,0.0,0.2344977967946406
39627841607830364,0.0,0.0,0.99,0.01,0.04039656794795559
39627871802623748,0.0,0.84,0.16,0.0,0.3171547773202831
39627859702057763,0.0,0.68,0.32,0.0,0.45219072886224687
39627871806818293,0.0,1.0,0.0,0.0,-0.0
39627871798432066,0.0,1.0,0.0,0.0,-0.0
39627877825642955,0.0,0.87,0.13,0.0,0.2787190925139945
39627877825642952,0.0,0.97,0.03,0.0,0.0971959289157881
39627877825642947,0.0,0.92,0.08,0.0,0.2010895951011364
39627877825645442,0.0,0.01,0.97,0.02,0.11097036642660543
39627871802623183,0.0,0.01,0.97,0.02,0.11097036642660543
39627871802623239,0.0,0.76,0.24,0.0,0.39752013969226113
39627841616216167,0.0,0.0,0.98,0.02,0.07072027127091034
39627841616216153,0.0,0.04,0.96,0.0,0.12114609454120741
39627871806816665,0.05,0.95,0.0,0.0,0.14319847855797813
39627877825645693,0.0,0.34,0.66,0.0,0.46240935248651505
39627871806816442,0.0,0.0,0.88,0.12,0.2646804326436822
39627823463271742,0.0,0.0,0.81,0.19,0.3507357299419487
39627829524037734,0.0,0.3,0.7,0.0,0.44064544961534635
39627823463271558,0.0,0.98,0.02,0.0,0.07072027127091034
39627829498875797,0.0,0.16,0.84,0.0,0.3171547773202831
39627841624608110,0.0,0.87,0.13,0.0,0.2787190925139945
39627811387871579,0.0,0.25,0.75,0.0,0.4056390622295664
39627829498876225,0.0,0.08,0.92,0.0,0.2010895951011364
39627829536624317,0.0,0.76,0.24,0.0,0.39752013969226113
39627841624608238,0.0,0.39,0.61,0.0,0.4823997742525436
39627829528233317,0.0,0.01,0.97,0.02,0.11097036642660543
39627829536624060,0.0,0.21,0.79,0.0,0.37074136996563684
39627829498875748,0.0,0.81,0.19,0.0,0.3507357299419487
39627829498875775,0.0,0.67,0.33,0.0,0.4574631863898637
39627865741856341,0.0,0.94,0.06,0.0,0.16372245957723813
39627841586860558,0.0,0.01,0.97,0.02,0.11097036642660543
39627871806817657,0.0,0.85,0.15,0.0,0.3049201523582002
39627823463271979,0.0,0.76,0.24,0.0,0.39752013969226113
39627853674844705,0.0,0.04,0.96,0.0,0.12114609454120741
39627835563835810,0.0,0.36,0.64,0.0,0.4713415946277461
39627823463272024,0.0,0.79,0.21,0.0,0.37074136996563684
39627835576422294,0.0,0.25,0.75,0.0,0.4056390622295664
39627871794236051,0.0,0.19,0.81,0.0,0.3507357299419487
39627859739807656,0.0,0.82,0.18,0.0,0.34003852286413994
39627859739806948,0.0,0.3,0.7,0.0,0.44064544961534635
39627859714642109,0.0,0.29,0.71,0.0,0.43436062316970225
39627871794237012,0.0,0.45,0.55,0.0,0.49638722699390414
39627847630851605,0.0,0.96,0.04,0.0,0.12114609454120741
39627823463268791,0.0,0.67,0.33,0.0,0.4574631863898637
39627877817256348,0.0,0.86,0.14,0.0,0.292119405821428
39627847668597788,0.0,0.46,0.54,0.0,0.49768921941011285
39627853666454723,0.0,0.21,0.79,0.0,0.37074136996563684
39627817457028590,0.0,0.74,0.26,0.0,0.4133731862463089
39627835563839462,0.0,0.58,0.42,0.0,0.49072694751682683
39627853662260392,0.0,0.54,0.46,0.0,0.49768921941011285
39627835563839550,0.0,0.93,0.07,0.0,0.18296182545011158
39627835572225399,0.0,0.49,0.51,0.0,0.49985572087640495
39627853679037835,0.0,0.22,0.78,0.0,0.38008375148098283
39627853662260217,0.0,0.63,0.37,0.0,0.47533604634353294
39627853662259224,0.0,0.88,0.12,0.0,0.2646804326436822
39627853662259027,0.0,0.05,0.95,0.0,0.14319847855797813
39627853662259245,0.0,0.79,0.21,0.0,0.37074136996563684
39627871806818273,0.0,0.95,0.05,0.0,0.14319847855797813
39627871781652939,0.0,0.97,0.03,0.0,0.0971959289157881
39627871806816978,0.0,0.08,0.92,0.0,0.2010895951011364
39627871777459724,0.0,0.26,0.74,0.0,0.4133731862463089
39627859739808015,0.0,0.84,0.16,0.0,0.3171547773202831
39627877821448621,0.0,0.56,0.44,0.0,0.4947937606110278
39627871806816714,0.0,0.87,0.13,0.0,0.2787190925139945
39627835563836558,0.0,0.46,0.54,0.0,0.49768921941011285
39627877821448814,0.0,0.0,0.72,0.28,0.4277254052800653
39627877825644085,0.0,0.75,0.25,0.0,0.4056390622295664
39627871806816982,0.0,0.06,0.92,0.02,0.2335407200795017
39627871798429996,0.0,0.76,0.24,0.0,0.39752013969226113
39627871806817927,0.0,0.98,0.02,0.0,0.07072027127091034
39627871798429786,0.0,0.24,0.76,0.0,0.39752013969226113
39627871781652117,0.0,0.0,1.0,0.0,-0.0
39627871806816947,0.05,0.95,0.0,0.0,0.14319847855797813
39627871806818129,0.0,0.81,0.19,0.0,0.3507357299419487
39627835563839007,0.0,0.63,0.37,0.0,0.47533604634353294
39627835563838815,0.0,0.57,0.43,0.0,0.4929075185894599
39627871806816967,0.0,0.17,0.83,0.0,0.32885238937210975
39627871798429647,0.0,0.51,0.49,0.0,0.49985572087640495
39627877821449065,0.0,0.86,0.14,0.0,0.292119405821428
39627871806816819,0.0,0.76,0.24,0.0,0.39752013969226113
39627871777460490,0.0,0.53,0.47,0.0,0.4987007942838698
39627871798431854,0.0,0.92,0.08,0.0,0.2010895951011364
39627859714641493,0.0,0.84,0.16,0.0,0.3171547773202831
39627859714641581,0.0,0.0,0.97,0.03,0.0971959289157881
39627871802622608,0.0,1.0,0.0,0.0,-0.0
39627871806816471,0.01,0.96,0.03,0.0,0.13737165703039006
39627877817255959,0.0,0.86,0.14,0.0,0.292119405821428
39627865741855942,0.0,0.21,0.79,0.0,0.37074136996563684
39627877817255387,0.0,0.99,0.01,0.0,0.04039656794795559
39627877817258089,0.0,0.89,0.11,0.0,0.249957979082264
39627877817258143,0.0,0.88,0.12,0.0,0.2646804326436822
39627877817258546,0.0,0.99,0.01,0.0,0.04039656794795559
39627877817258870,0.0,0.74,0.26,0.0,0.4133731862463089
39627871798430650,0.0,0.08,0.92,0.0,0.2010895951011364
39627877817258942,0.0,0.78,0.22,0.0,0.38008375148098283
39627871798431456,0.0,0.23,0.77,0.0,0.38900565177326885
39627871794237005,0.0,0.45,0.55,0.0,0.49638722699390414
39627841603634518,0.0,0.76,0.24,0.0,0.39752013969226113
39627805369046586,0.0,0.97,0.03,0.0,0.0971959289157881
39627817436056507,0.0,0.23,0.77,0.0,0.38900565177326885
39627817436056480,0.0,0.98,0.02,0.0,0.07072027127091034
39627823475853593,0.0,0.55,0.45,0.0,0.49638722699390414
39627817436055978,0.0,1.0,0.0,0.0,-0.0
39627817436057689,0.0,0.61,0.39,0.0,0.4823997742525436
39627841607832392,0.0,0.38,0.62,0.0,0.47902101111314976
39627841624609804,0.0,0.94,0.06,0.0,0.16372245957723813
39627847656017895,0.01,0.93,0.06,0.0,0.20367037270049304
39627871794236914,0.0,0.91,0.09,0.0,0.21823490853205144
39627841624609631,0.0,0.4,0.6,0.0,0.4854752972273343
39627871794236859,0.0,0.22,0.78,0.0,0.38008375148098283
39627877825643765,0.01,0.94,0.05,0.0,0.1832231322266888
39627877821452538,0.0,0.81,0.19,0.0,0.3507357299419487
39627877817258487,0.0,0.37,0.63,0.0,0.47533604634353294
39627871773265646,0.0,0.28,0.72,0.0,0.4277254052800653
39627847668597388,0.0,0.28,0.72,0.0,0.4277254052800653
39627877825644963,0.0,0.69,0.31,0.0,0.4465867291889284
39627841628800413,0.0,0.99,0.01,0.0,0.04039656794795559
39627865775408825,0.0,0.29,0.71,0.0,0.43436062316970225
39627865775408701,0.0,0.88,0.12,0.0,0.2646804326436822
39627871798430019,0.0,0.96,0.04,0.0,0.12114609454120741
39627871806818556,0.0,0.65,0.35,0.0,0.4670340276877455
39627871798428071,0.0,0.8,0.2,0.0,0.36096404744368116
39627841628801617,0.0,0.09,0.91,0.0,0.21823490853205144
39627871798428674,0.0,0.9,0.1,0.0,0.2344977967946406
39627835563838529,0.0,0.67,0.33,0.0,0.4574631863898637
39627871781653048,0.0,0.02,0.97,0.01,0.11097036642660543
39627871798428855,0.0,0.0,1.0,0.0,-0.0
39627871798428718,0.0,0.17,0.83,0.0,0.32885238937210975
39627871798428169,0.0,0.41,0.59,0.0,0.488250234378912
39627853666451633,0.0,0.23,0.77,0.0,0.38900565177326885
39627877817258878,0.0,0.3,0.7,0.0,0.44064544961534635
39627871806818165,0.0,0.85,0.15,0.0,0.3049201523582002
39627835589003183,0.0,1.0,0.0,0.0,-0.0
39627877817258832,0.0,0.47,0.53,0.0,0.4987007942838698
39627877817258932,0.0,0.65,0.35,0.0,0.4670340276877455
39627871798430983,0.0,0.64,0.36,0.0,0.4713415946277461
39627871777459869,0.0,0.83,0.17,0.0,0.32885238937210975
39627871798430989,0.0,0.98,0.02,0.0,0.07072027127091034
39627871798431757,0.05,0.95,0.0,0.0,0.14319847855797813
39627871798431207,0.0,0.98,0.02,0.0,0.07072027127091034
39627877821448804,0.0,0.85,0.15,0.0,0.3049201523582002
39627871777459601,0.0,0.89,0.11,0.0,0.249957979082264
39627871798431018,0.0,0.15,0.85,0.0,0.3049201523582002
39627877825645090,0.0,0.58,0.42,0.0,0.49072694751682683
39627853670649789,0.0,0.71,0.29,0.0,0.43436062316970225
39627853683229383,0.0,0.01,0.96,0.03,0.13737165703039006
39627865750243106,0.0,0.58,0.42,0.0,0.49072694751682683
39627835563836389,0.0,0.64,0.36,0.0,0.4713415946277461
39627847664405255,0.0,0.29,0.71,0.0,0.43436062316970225
39627847651820263,0.0,0.75,0.25,0.0,0.4056390622295664
39627853679037534,0.0,0.25,0.75,0.0,0.4056390622295664
39627853679037645,0.0,0.44,0.56,0.0,0.4947937606110278
39627835589002420,0.0,0.15,0.85,0.0,0.3049201523582002
39627841603635311,0.0,0.51,0.49,0.0,0.49985572087640495
39627871806817102,0.0,0.39,0.61,0.0,0.4823997742525436
39627871806817181,0.0,0.53,0.47,0.0,0.4987007942838698
39627835563836498,0.0,0.62,0.38,0.0,0.47902101111314976
39627871781652388,0.0,0.93,0.07,0.0,0.18296182545011158
39627835589002468,0.0,0.75,0.25,0.0,0.4056390622295664
39627871802622350,0.0,0.07,0.93,0.0,0.18296182545011158
39627871802622069,0.0,0.11,0.89,0.0,0.249957979082264
39627871798430710,0.0,0.72,0.28,0.0,0.4277254052800653
39627811413037175,0.0,0.84,0.16,0.0,0.3171547773202831
39627805356459195,0.0,0.66,0.34,0.0,0.46240935248651505
39627805356459025,0.0,0.28,0.72,0.0,0.4277254052800653
39627805356458942,0.0,0.07,0.93,0.0,0.18296182545011158
39627853708395432,0.0,0.01,0.99,0.0,0.04039656794795559
39627871798428342,0.0,0.48,0.52,0.0,0.4994227679976009
39627859743998520,0.0,0.29,0.71,0.0,0.43436062316970225
39627877825644435,0.0,0.69,0.31,0.0,0.4465867291889284
39627877825643500,0.04,0.96,0.0,0.0,0.12114609454120741
39627841574278163,0.0,0.35,0.65,0.0,0.4670340276877455
39627841574278170,0.0,0.03,0.97,0.0,0.0971959289157881
39627853658064266,0.0,1.0,0.0,0.0,-0.0
39627841574278025,0.0,0.75,0.25,0.0,0.4056390622295664
39627853658064531,0.0,0.62,0.38,0.0,0.47902101111314976
39627853658066454,0.0,0.86,0.14,0.0,0.292119405821428
39627853658065269,0.0,0.8,0.2,0.0,0.36096404744368116
39627871773262094,0.0,0.65,0.35,0.0,0.4670340276877455
39627847618265496,0.0,0.87,0.13,0.0,0.2787190925139945
39627841603637919,0.0,0.6,0.4,0.0,0.4854752972273343
39627841620413820,0.0,0.07,0.93,0.0,0.18296182545011158
39627841603639011,0.0,0.9,0.1,0.0,0.2344977967946406
39627847656019127,0.0,1.0,0.0,0.0,-0.0
39627847660208361,0.0,0.79,0.21,0.0,0.37074136996563684
39627847660208499,0.0,0.46,0.54,0.0,0.49768921941011285
39627865750246151,0.0,0.09,0.91,0.0,0.21823490853205144
39627847660208635,0.0,0.37,0.63,0.0,0.47533604634353294
39627817427665394,0.0,0.47,0.53,0.0,0.4987007942838698
39627853695814540,0.0,0.02,0.98,0.0,0.07072027127091034
39627835538671660,0.0,0.88,0.12,0.0,0.2646804326436822
39627817423475233,0.0,0.94,0.06,0.0,0.16372245957723813
39627817427665090,0.0,0.8,0.2,0.0,0.36096404744368116
39627811400451152,0.0,0.01,0.97,0.02,0.11097036642660543
39627811400451094,0.0,0.15,0.85,0.0,0.3049201523582002
39627835568030951,0.0,0.85,0.15,0.0,0.3049201523582002
39627835584810824,0.0,0.81,0.19,0.0,0.3507357299419487
39627835584810913,0.0,0.67,0.33,0.0,0.4574631863898637
39627817461219547,0.0,0.75,0.25,0.0,0.4056390622295664
39627829519847906,0.0,0.57,0.43,0.0,0.4929075185894599
39627835584810714,0.0,0.14,0.86,0.0,0.292119405821428
39627817431864265,0.0,0.0,1.0,0.0,-0.0
39627835584810909,0.0,0.3,0.7,0.0,0.44064544961534635
39627841607828960,0.0,0.37,0.63,0.0,0.47533604634353294
39627841616221052,0.0,1.0,0.0,0.0,-0.0
39627859710446019,0.0,0.0,1.0,0.0,-0.0
39627817427665173,0.0,0.57,0.43,0.0,0.4929075185894599
39627847664402956,0.0,0.71,0.29,0.0,0.43436062316970225
39627835538673279,0.0,0.45,0.55,0.0,0.49638722699390414
39627823459079045,0.0,0.83,0.17,0.0,0.32885238937210975
39627853679038135,0.01,0.88,0.11,0.0,0.28950944366190023
39627811396260928,0.0,0.48,0.52,0.0,0.4994227679976009
39627823501021809,0.0,0.17,0.83,0.0,0.32885238937210975
39627817431860645,0.0,0.82,0.18,0.0,0.34003852286413994
39627865771215581,0.0,0.12,0.88,0.0,0.2646804326436822
39627823501021938,0.02,0.9,0.08,0.0,0.2705942015390087
39627817444442251,0.0,0.51,0.49,0.0,0.49985572087640495
39627817461219441,0.0,0.35,0.65,0.0,0.4670340276877455
39627865771215608,0.0,0.69,0.31,0.0,0.4465867291889284
39627865746049917,0.0,0.11,0.89,0.0,0.249957979082264
39627805364847459,0.0,0.56,0.44,0.0,0.4947937606110278
39627823501021934,0.06,0.94,0.0,0.0,0.16372245957723813
39627865746051056,0.0,0.03,0.96,0.01,0.13737165703039006
39627859714640863,0.0,0.66,0.34,0.0,0.46240935248651505
39627847664403176,0.0,0.18,0.82,0.0,0.34003852286413994
39627829503069024,0.0,0.74,0.26,0.0,0.4133731862463089
39627847664403466,0.0,0.0,0.95,0.05,0.14319847855797813
39627847664403080,0.0,0.0,1.0,0.0,-0.0
39627859727221769,0.0,0.01,0.99,0.0,0.04039656794795559
39627859727221900,0.0,0.03,0.97,0.0,0.0971959289157881
39627823480048747,0.0,0.08,0.92,0.0,0.2010895951011364
39627835538673208,0.0,0.52,0.48,0.0,0.4994227679976009
39627829515653237,0.0,0.08,0.92,0.0,0.2010895951011364
39627811396261027,0.0,0.18,0.82,0.0,0.34003852286413994
39627829515653529,0.0,0.44,0.56,0.0,0.4947937606110278
39627859735611992,0.0,0.37,0.63,0.0,0.47533604634353294
39627823463268844,0.0,0.98,0.02,0.0,0.07072027127091034
39627829545011924,0.0,0.05,0.95,0.0,0.14319847855797813
39627835555452092,0.0,0.03,0.97,0.0,0.0971959289157881
39627829515653753,0.0,0.63,0.37,0.0,0.47533604634353294
39627859735611581,0.0,0.01,0.97,0.02,0.11097036642660543
39627847618269449,0.0,0.94,0.06,0.0,0.16372245957723813
39627871777458751,0.0,0.93,0.07,0.0,0.18296182545011158
39627871777458681,0.0,0.46,0.54,0.0,0.49768921941011285
39627829515653786,0.01,0.82,0.17,0.0,0.3678974314876692
39627817452834440,0.0,0.38,0.62,0.0,0.47902101111314976
39627817431861533,0.0,0.12,0.88,0.0,0.2646804326436822
39627817427666425,0.0,0.6,0.4,0.0,0.4854752972273343
39627841624607818,0.0,0.65,0.35,0.0,0.4670340276877455
39627817431861526,0.0,0.12,0.88,0.0,0.2646804326436822
39627835542866801,0.0,0.06,0.93,0.01,0.20367037270049304
39627835542866447,0.0,0.39,0.61,0.0,0.4823997742525436
39627871794237984,0.0,0.0,1.0,0.0,-0.0
39627853683231145,0.0,0.15,0.85,0.0,0.3049201523582002
39627805364848734,0.0,0.0,1.0,0.0,-0.0
39627829507265678,0.0,0.65,0.35,0.0,0.4670340276877455
39627859739806203,0.0,0.06,0.94,0.0,0.16372245957723813
39627835563836006,0.0,0.56,0.44,0.0,0.4947937606110278
39627865746050621,0.0,0.06,0.94,0.0,0.16372245957723813
39627829507262675,0.0,0.16,0.84,0.0,0.3171547773202831
39627835547058338,0.0,0.12,0.88,0.0,0.2646804326436822
39627859727224845,0.0,0.68,0.32,0.0,0.45219072886224687
39627865750245500,0.0,0.02,0.96,0.02,0.14114609454120738
39627817452832660,0.0,0.02,0.97,0.01,0.11097036642660543
39627853683231278,0.0,0.06,0.94,0.0,0.16372245957723813
39627835568034478,0.0,0.1,0.9,0.0,0.2344977967946406
39627835551255358,0.0,0.04,0.96,0.0,0.12114609454120741
39627841612027303,0.0,0.33,0.67,0.0,0.4574631863898637
39627811396256965,0.0,0.99,0.01,0.0,0.04039656794795559
39627841616216097,0.0,0.0,1.0,0.0,-0.0
39627823484240246,0.0,0.2,0.8,0.0,0.36096404744368116
39627835584807312,0.0,0.07,0.93,0.0,0.18296182545011158
39627841624607666,0.0,0.04,0.96,0.0,0.12114609454120741
39627829515653033,0.0,0.63,0.37,0.0,0.47533604634353294
39627811396257180,0.0,0.04,0.95,0.01,0.16124668093016215
39627835572226691,0.0,0.45,0.55,0.0,0.49638722699390414
39627847664403265,0.0,0.25,0.75,0.0,0.4056390622295664
39627859727222651,0.0,0.23,0.77,0.0,0.38900565177326885
39627859727221827,0.0,0.82,0.18,0.0,0.34003852286413994
39627853674842104,0.0,0.56,0.44,0.0,0.4947937606110278
39627829528232429,0.0,0.93,0.07,0.0,0.18296182545011158
39627853683230621,0.0,0.0,0.98,0.02,0.07072027127091034
39627871794237835,0.0,0.99,0.01,0.0,0.04039656794795559
39627835568032784,0.0,0.99,0.01,0.0,0.04039656794795559
39627823480049765,0.0,0.4,0.6,0.0,0.4854752972273343
39627865750245161,0.0,1.0,0.0,0.0,-0.0
39627805364849363,0.0,0.2,0.8,0.0,0.36096404744368116
39627853662257676,0.0,0.76,0.24,0.0,0.39752013969226113
39627805364849244,0.0,0.99,0.01,0.0,0.04039656794795559
39627853662257826,0.0,0.06,0.94,0.0,0.16372245957723813
39627853683231265,0.0,0.42,0.58,0.0,0.49072694751682683
39627811400452325,0.0,0.56,0.44,0.0,0.4947937606110278
39627847635043626,0.0,0.77,0.23,0.0,0.38900565177326885
39627865775408275,0.0,0.88,0.12,0.0,0.2646804326436822
39627835555451911,0.0,0.92,0.08,0.0,0.2010895951011364
39627859718833897,0.0,0.48,0.52,0.0,0.4994227679976009
39627853704201575,0.0,0.39,0.61,0.0,0.4823997742525436
39627823463272247,0.0,0.94,0.06,0.0,0.16372245957723813
39627853704201654,0.0,0.81,0.19,0.0,0.3507357299419487
39627859718834096,0.0,0.05,0.95,0.0,0.14319847855797813
39627859718834110,0.0,0.45,0.55,0.0,0.49638722699390414
39627817465413679,0.0,0.68,0.32,0.0,0.45219072886224687
39627817461224015,0.0,0.9,0.1,0.0,0.2344977967946406
39627847635043716,0.0,0.31,0.69,0.0,0.4465867291889284
39627835584808826,0.0,0.0,0.92,0.08,0.2010895951011364
39627859731419119,0.0,0.75,0.25,0.0,0.4056390622295664
39627859735611301,0.0,0.9,0.1,0.0,0.2344977967946406
39627829515653415,0.0,0.56,0.44,0.0,0.4947937606110278
39627835584808408,0.0,0.24,0.76,0.0,0.39752013969226113
39627859739805930,0.0,0.25,0.75,0.0,0.4056390622295664
39627865762825929,0.0,0.65,0.35,0.0,0.4670340276877455
39627853704200976,0.0,0.95,0.05,0.0,0.14319847855797813
39627865754439520,0.0,0.0,1.0,0.0,-0.0
39627859714638640,0.0,0.0,0.99,0.01,0.04039656794795559
39627859714638579,0.0,0.01,0.97,0.02,0.11097036642660543
39627817457028113,0.0,0.22,0.78,0.0,0.38008375148098283
39627859714638410,0.0,0.31,0.69,0.0,0.4465867291889284
39627859727223140,0.0,0.51,0.49,0.0,0.49985572087640495
39627859714638398,0.0,0.55,0.45,0.0,0.49638722699390414
39627841578472407,0.01,0.97,0.02,0.0,0.11097036642660543
39627841578472373,0.0,0.35,0.65,0.0,0.4670340276877455
39627859714638313,0.0,0.41,0.59,0.0,0.488250234378912
39627853704200911,0.0,0.91,0.09,0.0,0.21823490853205144
39627859714638176,0.0,0.81,0.19,0.0,0.3507357299419487
39627865775408154,0.0,0.02,0.98,0.0,0.07072027127091034
39627847635044288,0.0,0.35,0.65,0.0,0.4670340276877455
39627859727223304,0.0,0.78,0.22,0.0,0.38008375148098283
39627859714638763,0.0,1.0,0.0,0.0,-0.0
39627865758633559,0.0,0.05,0.95,0.0,0.14319847855797813
39627823467466029,0.0,0.69,0.31,0.0,0.4465867291889284
39627859727223490,0.0,0.76,0.24,0.0,0.39752013969226113
39627811400452389,0.0,0.22,0.78,0.0,0.38008375148098283
39627841599441091,0.0,0.03,0.97,0.0,0.0971959289157881
39627865762825509,0.0,0.77,0.23,0.0,0.38900565177326885
39627859714638874,0.0,0.0,1.0,0.0,-0.0
39627865754439652,0.0,0.54,0.46,0.0,0.49768921941011285
39627847664402496,0.0,0.9,0.1,0.0,0.2344977967946406
39627865754438951,0.0,0.18,0.82,0.0,0.34003852286413994
39627871785849372,0.0,0.98,0.02,0.0,0.07072027127091034
39627871785849096,0.0,0.89,0.11,0.0,0.249957979082264
39627853700007811,0.0,0.67,0.33,0.0,0.4574631863898637
39627841578472352,0.0,0.57,0.43,0.0,0.4929075185894599
39627859735611679,0.0,0.0,0.98,0.02,0.07072027127091034
39627835555449998,0.0,0.03,0.95,0.02,0.1674722434193448
39627835555450082,0.0,0.01,0.96,0.03,0.13737165703039006
39627865754435620,0.0,0.02,0.93,0.05,0.2131710453499437
39627835555449892,0.0,0.11,0.89,0.0,0.249957979082264
39627865750242278,0.0,0.52,0.48,0.0,0.4994227679976009
39627841612026234,0.0,0.03,0.97,0.0,0.0971959289157881
39627841612026171,0.0,0.54,0.46,0.0,0.49768921941011285
39627835568031530,0.0,0.42,0.58,0.0,0.49072694751682683
39627865775407744,0.0,0.12,0.88,0.0,0.2646804326436822
39627817431861702,0.0,0.01,0.99,0.0,0.04039656794795559
39627859710445545,0.0,0.21,0.79,0.0,0.37074136996563684
39627841612022050,0.0,0.02,0.98,0.0,0.07072027127091034
39627835547058495,0.0,1.0,0.0,0.0,-0.0
39627847639239261,0.0,0.02,0.98,0.0,0.07072027127091034
39627829524042536,0.0,0.96,0.04,0.0,0.12114609454120741
39627835547059511,0.0,0.31,0.69,0.0,0.4465867291889284
39627871781655314,0.0,0.21,0.79,0.0,0.37074136996563684
39627835547059605,0.0,0.63,0.37,0.0,0.47533604634353294
39627871790043211,0.0,0.28,0.72,0.0,0.4277254052800653
39627835547059901,0.0,0.63,0.37,0.0,0.47533604634353294
39627835542865623,0.0,0.4,0.6,0.0,0.4854752972273343
39627835547059887,0.0,0.73,0.27,0.0,0.42073231810408784
39627877825642660,0.0,0.39,0.61,0.0,0.4823997742525436
39627859727225276,0.0,0.0,0.98,0.02,0.07072027127091034
39627841612023610,0.0,0.87,0.13,0.0,0.2787190925139945
39627817440248898,0.0,0.82,0.18,0.0,0.34003852286413994
39627835563837062,0.0,0.98,0.02,0.0,0.07072027127091034
39627877817258854,0.01,0.97,0.02,0.0,0.11097036642660543
39627853662261664,0.0,0.85,0.15,0.0,0.3049201523582002
39627841616221806,0.0,0.2,0.8,0.0,0.36096404744368116
39627835563835664,0.0,0.03,0.97,0.0,0.0971959289157881
39627847664403086,0.01,0.88,0.11,0.0,0.28950944366190023
39627865741856738,0.0,0.21,0.79,0.0,0.37074136996563684
39627871785846309,0.0,0.0,1.0,0.0,-0.0
39627841599442414,0.0,0.0,0.98,0.02,0.07072027127091034
39627811392064941,0.0,0.98,0.02,0.0,0.07072027127091034
39627835563837246,0.0,1.0,0.0,0.0,-0.0
39627829503070249,0.0,0.82,0.18,0.0,0.34003852286413994
39627859706253430,0.0,0.22,0.78,0.0,0.38008375148098283
39627847647628559,0.0,0.0,0.99,0.01,0.04039656794795559
39627859735612726,0.0,0.74,0.26,0.0,0.4133731862463089
39627853674840337,0.0,0.66,0.34,0.0,0.46240935248651505
39627841616221785,0.0,0.34,0.66,0.0,0.46240935248651505
39627829532428333,0.0,0.2,0.8,0.0,0.36096404744368116
39627859714642346,0.0,0.86,0.14,0.0,0.292119405821428
39627853708394834,0.0,0.44,0.56,0.0,0.4947937606110278
39627871777460359,0.0,0.03,0.96,0.01,0.13737165703039006
39627823480045703,0.0,0.63,0.37,0.0,0.47533604634353294
39627829540816016,0.0,0.33,0.67,0.0,0.4574631863898637
39627847651824665,0.0,0.48,0.52,0.0,0.4994227679976009
39627853691618456,0.0,0.84,0.16,0.0,0.3171547773202831
39627823475851414,0.0,0.08,0.92,0.0,0.2010895951011364
39627847651821207,0.0,0.98,0.02,0.0,0.07072027127091034
39627823471662568,0.0,0.66,0.34,0.0,0.46240935248651505
39627823475854581,0.0,0.48,0.52,0.0,0.4994227679976009
39627823475854390,0.0,0.89,0.11,0.0,0.249957979082264
39627817440248738,0.0,0.06,0.93,0.01,0.20367037270049304
39627841595248679,0.0,0.01,0.95,0.04,0.16124668093016215
39627841616221469,0.0,0.14,0.86,0.0,0.292119405821428
39627841616221315,0.0,0.85,0.15,0.0,0.3049201523582002
39627841616221309,0.01,0.62,0.37,0.0,0.5123783660260752
39627841591051739,0.0,0.15,0.85,0.0,0.3049201523582002
39627817431864756,0.0,0.01,0.97,0.02,0.11097036642660543
39627823480048753,0.0,0.0,0.98,0.02,0.07072027127091034
39627847656018739,0.0,0.03,0.97,0.0,0.0971959289157881
39627823492633531,0.0,0.43,0.57,0.0,0.4929075185894599
39627847664405184,0.0,0.9,0.1,0.0,0.2344977967946406
39627859739805154,0.0,0.03,0.97,0.0,0.0971959289157881
39627823471659368,0.0,0.05,0.95,0.0,0.14319847855797813
39627847651821891,0.0,0.83,0.17,0.0,0.32885238937210975
39627811408842346,0.0,0.65,0.35,0.0,0.4670340276877455
39627853695811683,0.0,0.15,0.85,0.0,0.3049201523582002
39627847651821653,0.0,0.65,0.35,0.0,0.4670340276877455
39627841595248725,0.0,0.83,0.17,0.0,0.32885238937210975
39627823475854672,0.0,0.04,0.96,0.0,0.12114609454120741
39627823475854344,0.0,0.23,0.77,0.0,0.38900565177326885
39627841624605014,0.0,0.27,0.73,0.0,0.42073231810408784
39627829515651609,0.0,0.99,0.01,0.0,0.04039656794795559
39627841612025072,0.0,0.25,0.75,0.0,0.4056390622295664
39627823471662836,0.0,0.14,0.86,0.0,0.292119405821428
39627829532429015,0.0,0.0,1.0,0.0,-0.0
39627811413037161,0.0,0.26,0.74,0.0,0.4133731862463089
39627823475855741,0.0,0.95,0.05,0.0,0.14319847855797813
39627841607833322,0.0,0.99,0.01,0.0,0.04039656794795559
39627823488439436,0.0,0.94,0.06,0.0,0.16372245957723813
39627823488439152,0.0,0.12,0.88,0.0,0.2646804326436822
39627859739807519,0.01,0.96,0.03,0.0,0.13737165703039006
39627853670646219,0.0,0.02,0.98,0.0,0.07072027127091034
39627841595248046,0.0,0.32,0.68,0.0,0.45219072886224687
39627823488439402,0.0,0.72,0.28,0.0,0.4277254052800653
39627847635044250,0.0,0.45,0.55,0.0,0.49638722699390414
39627853679035693,0.0,0.01,0.99,0.0,0.04039656794795559
39627823488439210,0.0,0.06,0.94,0.0,0.16372245957723813
39627823496825799,0.0,0.01,0.98,0.01,0.08072027127091033
39627823496825615,0.0,0.28,0.72,0.0,0.4277254052800653
39627853679035569,0.0,0.01,0.99,0.0,0.04039656794795559
39627841624608657,0.0,0.59,0.41,0.0,0.488250234378912
39627847651821706,0.0,0.86,0.14,0.0,0.292119405821428
39627847639239007,0.0,0.44,0.56,0.0,0.4947937606110278
39627835538672324,0.0,0.88,0.12,0.0,0.2646804326436822
39627847639239083,0.0,0.32,0.68,0.0,0.45219072886224687
39627841624608217,0.0,0.44,0.56,0.0,0.4947937606110278
39627835580613660,0.0,0.77,0.23,0.0,0.38900565177326885
39627835576421215,0.0,0.07,0.93,0.0,0.18296182545011158
39627859718834986,0.0,0.62,0.38,0.0,0.47902101111314976
39627865750244966,0.0,0.59,0.41,0.0,0.488250234378912
39627841616221141,0.01,0.99,0.0,0.0,0.04039656794795559
39627817461221180,0.0,0.03,0.97,0.0,0.0971959289157881
39627859710445911,0.0,0.68,0.32,0.0,0.45219072886224687
39627847635043524,0.0,0.32,0.68,0.0,0.45219072886224687
39627841624605557,0.0,0.03,0.97,0.0,0.0971959289157881
39627841603637933,0.0,0.89,0.11,0.0,0.249957979082264
39627817427665585,0.0,1.0,0.0,0.0,-0.0
39627805360655293,0.0,0.66,0.34,0.0,0.46240935248651505
39627817423474938,0.0,0.61,0.39,0.0,0.4823997742525436
39627805360655708,0.0,0.7,0.3,0.0,0.44064544961534635
39627817423474772,0.04,0.95,0.01,0.0,0.16124668093016215
39627811387871185,0.0,0.88,0.12,0.0,0.2646804326436822
39627817423474906,0.0,1.0,0.0,0.0,-0.0
39627811392065415,0.0,0.44,0.56,0.0,0.4947937606110278
39627847639238997,0.0,0.21,0.79,0.0,0.37074136996563684
39627871785845401,0.0,0.6,0.4,0.0,0.4854752972273343
39627841603636734,0.0,0.92,0.08,0.0,0.2010895951011364
39627871785845586,0.0,0.98,0.02,0.0,0.07072027127091034
39627823467463077,0.0,0.11,0.89,0.0,0.249957979082264
39627829545011899,0.0,0.0,0.96,0.04,0.12114609454120741
39627829545011874,0.0,0.98,0.02,0.0,0.07072027127091034
39627835542866229,0.0,0.43,0.57,0.0,0.4929075185894599
39627835584808251,0.0,0.11,0.89,0.0,0.249957979082264
39627811392066024,0.0,0.04,0.95,0.01,0.16124668093016215
39627835542866931,0.0,0.07,0.93,0.0,0.18296182545011158
39627811392065935,0.0,0.78,0.22,0.0,0.38008375148098283
39627811392065790,0.0,0.13,0.87,0.0,0.2787190925139945
39627829507262650,0.0,0.87,0.13,0.0,0.2787190925139945
39627811392065442,0.0,0.88,0.12,0.0,0.2646804326436822
39627871777460235,0.01,0.97,0.02,0.0,0.11097036642660543
39627841616219704,0.0,0.01,0.99,0.0,0.04039656794795559
39627835584808138,0.0,0.03,0.97,0.0,0.0971959289157881
39627835559641230,0.0,0.75,0.25,0.0,0.4056390622295664
39627829507262404,0.0,0.18,0.82,0.0,0.34003852286413994
39627853704200891,0.0,0.59,0.41,0.0,0.488250234378912
39627835584808092,0.0,0.74,0.26,0.0,0.4133731862463089
39627853674842477,0.0,0.12,0.88,0.0,0.2646804326436822
39627829503070929,0.0,0.08,0.92,0.0,0.2010895951011364
39627841612025799,0.0,0.42,0.58,0.0,0.49072694751682683
39627841612025303,0.0,0.55,0.45,0.0,0.49638722699390414
39627835584808208,0.0,0.92,0.08,0.0,0.2010895951011364
39627811392065915,0.0,0.69,0.31,0.0,0.4465867291889284
39627835542866806,0.0,0.46,0.54,0.0,0.49768921941011285
39627835542866762,0.0,0.64,0.36,0.0,0.4713415946277461
39627829515653104,0.0,0.01,0.99,0.0,0.04039656794795559
39627823467462824,0.0,0.72,0.28,0.0,0.4277254052800653
39627865775408164,0.0,0.76,0.24,0.0,0.39752013969226113
39627835584808341,0.0,0.96,0.04,0.0,0.12114609454120741
39627817457027349,0.0,0.62,0.38,0.0,0.47902101111314976
39627865762825212,0.0,0.72,0.28,0.0,0.4277254052800653
39627835584808292,0.0,0.0,1.0,0.0,-0.0
39627865754439613,0.0,0.0,1.0,0.0,-0.0
39627835584807858,0.0,0.36,0.64,0.0,0.4713415946277461
39627835584807690,0.0,0.31,0.69,0.0,0.4465867291889284
39627835551257799,0.0,0.91,0.09,0.0,0.21823490853205144
39627811392065288,0.0,0.95,0.05,0.0,0.14319847855797813
39627841612025989,0.0,0.13,0.87,0.0,0.2787190925139945
39627841612025997,0.0,0.67,0.33,0.0,0.4574631863898637
39627811396261364,0.0,0.34,0.66,0.0,0.46240935248651505
39627811396261385,0.0,0.76,0.24,0.0,0.39752013969226113
39627835589002539,0.0,0.53,0.47,0.0,0.4987007942838698
39627835572226634,0.0,0.24,0.76,0.0,0.39752013969226113
39627841607828694,0.0,0.95,0.05,0.0,0.14319847855797813
39627859714640790,0.0,0.0,0.95,0.05,0.14319847855797813
39627859710444773,0.0,0.84,0.16,0.0,0.3171547773202831
39627853662259408,0.0,0.77,0.23,0.0,0.38900565177326885
39627835563835809,0.0,0.55,0.45,0.0,0.49638722699390414
39627841620410487,0.0,0.86,0.14,0.0,0.292119405821428
39627811400450362,0.0,0.0,1.0,0.0,-0.0
39627859710445195,0.0,0.43,0.57,0.0,0.4929075185894599
39627805352267734,0.0,0.0,0.94,0.06,0.16372245957723813
39627853695812360,0.0,0.27,0.73,0.0,0.42073231810408784
39627823505211823,0.0,0.96,0.04,0.0,0.12114609454120741
39627841616216936,0.0,0.0,0.98,0.02,0.07072027127091034
39627859714641879,0.0,0.91,0.09,0.0,0.21823490853205144
39627871785845375,0.0,0.96,0.04,0.0,0.12114609454120741
39627871785844912,0.0,0.94,0.06,0.0,0.16372245957723813
39627847656015316,0.0,0.13,0.87,0.0,0.2787190925139945
39627829540815575,0.0,0.02,0.98,0.0,0.07072027127091034
39627817448638772,0.0,0.15,0.84,0.01,0.3441379826496441
39627853695813383,0.0,0.02,0.98,0.0,0.07072027127091034
39627841620414071,0.0,0.07,0.92,0.01,0.22283217282912027
39627835572228211,0.0,0.0,1.0,0.0,-0.0
39627841612025239,0.0,0.67,0.33,0.0,0.4574631863898637
39627841612025248,0.0,0.4,0.6,0.0,0.4854752972273343
39627847656015450,0.0,0.88,0.12,0.0,0.2646804326436822
39627811417229123,0.0,0.62,0.38,0.0,0.47902101111314976
39627859743998699,0.0,1.0,0.0,0.0,-0.0
39627835559641542,0.0,0.0,1.0,0.0,-0.0
39627847635043481,0.0,0.57,0.43,0.0,0.4929075185894599
39627847618266459,0.0,0.33,0.67,0.0,0.4574631863898637
39627823471662147,0.0,0.32,0.68,0.0,0.45219072886224687
39627853662257839,0.0,0.95,0.05,0.0,0.14319847855797813
39627871773265471,0.0,0.26,0.74,0.0,0.4133731862463089
39627865741853428,0.0,0.92,0.08,0.0,0.2010895951011364
39627841607829020,0.0,0.12,0.88,0.0,0.2646804326436822
39627847618265821,0.0,0.98,0.02,0.0,0.07072027127091034
39627835563836619,0.0,0.71,0.29,0.0,0.43436062316970225
39627853658066359,0.0,0.96,0.04,0.0,0.12114609454120741
39627865741853892,0.0,1.0,0.0,0.0,-0.0
39627877813063419,0.0,1.0,0.0,0.0,-0.0
39627865737660895,0.0,0.98,0.02,0.0,0.07072027127091034
39627835538670613,0.0,0.85,0.15,0.0,0.3049201523582002
39627871773264356,0.0,0.97,0.03,0.0,0.0971959289157881
39627871773264189,0.0,0.97,0.03,0.0,0.0971959289157881
39627847618266808,0.01,0.95,0.04,0.0,0.16124668093016215
39627871773263850,0.0,0.55,0.45,0.0,0.49638722699390414
39627853658065497,0.0,0.94,0.06,0.0,0.16372245957723813
39627817427665150,0.0,0.54,0.46,0.0,0.49768921941011285
39627853658065827,0.0,0.47,0.53,0.0,0.4987007942838698
39627853658065980,0.0,0.72,0.28,0.0,0.4277254052800653
39627817423475114,0.0,0.32,0.68,0.0,0.45219072886224687
39627817423475469,0.0,1.0,0.0,0.0,-0.0
39627853662257442,0.0,0.5,0.5,0.0,0.5
39627835555448616,0.0,0.22,0.78,0.0,0.38008375148098283
39627853683229028,0.0,0.42,0.58,0.0,0.49072694751682683
39627847618266370,0.0,0.92,0.08,0.0,0.2010895951011364
39627841607828831,0.0,0.93,0.07,0.0,0.18296182545011158
39627865741854481,0.0,1.0,0.0,0.0,-0.0
39627847618265891,0.0,0.99,0.01,0.0,0.04039656794795559
39627835538671165,0.0,0.91,0.09,0.0,0.21823490853205144
39627841607828134,0.0,0.94,0.06,0.0,0.16372245957723813
39627847618266469,0.0,0.34,0.66,0.0,0.46240935248651505
39627865737662657,0.0,0.37,0.63,0.0,0.47533604634353294
39627865737662627,0.0,0.98,0.02,0.0,0.07072027127091034
39627853658066287,0.0,0.97,0.03,0.0,0.0971959289157881
39627865737662179,0.0,0.85,0.15,0.0,0.3049201523582002
39627865737661908,0.0,0.82,0.18,0.0,0.34003852286413994
39627817461220973,0.0,0.13,0.87,0.0,0.2787190925139945
39627871777457642,0.0,0.14,0.86,0.0,0.292119405821428
39627853658064629,0.0,0.75,0.25,0.0,0.4056390622295664
39627871773265948,0.0,0.99,0.01,0.0,0.04039656794795559
39627871773265050,0.0,0.8,0.2,0.0,0.36096404744368116
39627871773265585,0.0,0.87,0.13,0.0,0.2787190925139945
39627865737662494,0.04,0.96,0.0,0.0,0.12114609454120741
39627859697865647,0.0,0.52,0.48,0.0,0.4994227679976009
39627865741853069,0.0,0.44,0.56,0.0,0.4947937606110278
39627865741854257,0.01,0.97,0.02,0.0,0.11097036642660543
39627823459079108,0.0,0.89,0.11,0.0,0.249957979082264
39627811387868277,0.0,0.9,0.1,0.0,0.2344977967946406
39627835538670886,0.02,0.98,0.0,0.0,0.07072027127091034
39627823467465130,0.0,0.81,0.19,0.0,0.3507357299419487
39627853662257599,0.0,0.99,0.01,0.0,0.04039656794795559
39627865746050201,0.0,0.8,0.2,0.0,0.36096404744368116
39627853700008359,0.0,0.37,0.63,0.0,0.47533604634353294
39627871785846115,0.0,0.48,0.52,0.0,0.4994227679976009
39627841578470443,0.01,0.99,0.0,0.0,0.04039656794795559
39627835568031528,0.0,0.07,0.93,0.0,0.18296182545011158
39627859727221322,0.0,0.71,0.29,0.0,0.43436062316970225
39627871781655519,0.0,0.12,0.87,0.01,0.30414992414989617
39627835568032112,0.0,0.05,0.95,0.0,0.14319847855797813
39627835568032042,0.01,0.98,0.01,0.0,0.08072027127091033
39627859739806267,0.0,0.18,0.82,0.0,0.34003852286413994
39627817457030281,0.0,0.07,0.93,0.0,0.18296182545011158
39627829515652723,0.0,0.98,0.02,0.0,0.07072027127091034
39627811413033413,0.0,0.13,0.87,0.0,0.2787190925139945
39627817457030124,0.0,0.24,0.76,0.0,0.39752013969226113
39627871781655483,0.0,0.66,0.34,0.0,0.46240935248651505
39627817461219556,0.0,0.2,0.8,0.0,0.36096404744368116
39627847622461410,0.0,0.18,0.82,0.0,0.34003852286413994
39627835538672163,0.0,0.87,0.13,0.0,0.2787190925139945
39627841616220823,0.0,0.26,0.74,0.0,0.4133731862463089
39627841616220819,0.0,0.73,0.27,0.0,0.42073231810408784
39627853683229806,0.0,0.39,0.61,0.0,0.4823997742525436
39627841599441135,0.0,0.02,0.98,0.0,0.07072027127091034
39627841616217551,0.0,0.91,0.09,0.0,0.21823490853205144
39627841599441409,0.0,1.0,0.0,0.0,-0.0
39627841599441891,0.0,0.35,0.65,0.0,0.4670340276877455
39627835576421822,0.0,0.39,0.61,0.0,0.4823997742525436
39627829528234021,0.0,0.8,0.2,0.0,0.36096404744368116
39627835572226767,0.0,1.0,0.0,0.0,-0.0
39627817457027259,0.0,0.32,0.68,0.0,0.45219072886224687
39627835576422224,0.0,0.48,0.52,0.0,0.4994227679976009
39627847639241268,0.0,0.54,0.46,0.0,0.49768921941011285
39627841607832399,0.0,0.92,0.08,0.0,0.2010895951011364
39627871785845204,0.0,0.76,0.24,0.0,0.39752013969226113
39627865737662327,0.0,0.74,0.26,0.0,0.4133731862463089
39627877813064340,0.0,0.51,0.49,0.0,0.49985572087640495
39627865737662732,0.01,0.92,0.07,0.0,0.22283217282912027
39627865741852952,0.0,0.36,0.64,0.0,0.4713415946277461
39627841607827655,0.0,0.45,0.55,0.0,0.49638722699390414
39627817461221193,0.0,0.31,0.69,0.0,0.4465867291889284
39627871802624418,0.11,0.88,0.01,0.0,0.28950944366190023
39627835538671568,0.0,0.43,0.57,0.0,0.4929075185894599
39627865737663025,0.0,0.58,0.42,0.0,0.49072694751682683
39627865737662188,0.0,1.0,0.0,0.0,-0.0
39627865737663039,0.0,1.0,0.0,0.0,-0.0
39627835538671659,0.01,0.82,0.17,0.0,0.3678974314876692
39627865737662568,0.0,0.97,0.03,0.0,0.0971959289157881
39627871802624180,0.0,0.84,0.16,0.0,0.3171547773202831
39627871802624659,0.0,0.04,0.96,0.0,0.12114609454120741
39627865737663024,0.0,0.78,0.22,0.0,0.38008375148098283
39627871781655179,0.0,0.56,0.44,0.0,0.4947937606110278
39627871781655169,0.0,0.68,0.32,0.0,0.45219072886224687
39627835542864560,0.0,0.13,0.87,0.0,0.2787190925139945
39627877821450742,0.0,0.73,0.27,0.0,0.42073231810408784
39627823480048120,0.0,0.32,0.68,0.0,0.45219072886224687
39627835542864686,0.0,0.49,0.51,0.0,0.49985572087640495
39627853704203320,0.0,0.11,0.89,0.0,0.249957979082264
39627865741855316,0.0,0.77,0.23,0.0,0.38900565177326885
39627865741855394,0.0,0.0,0.95,0.05,0.14319847855797813
39627865741855450,0.0,0.13,0.87,0.0,0.2787190925139945
39627865741853098,0.0,0.93,0.07,0.0,0.18296182545011158
39627871773263786,0.0,0.88,0.12,0.0,0.2646804326436822
39627865741854598,0.0,0.09,0.91,0.0,0.21823490853205144
39627871773263888,0.0,0.45,0.55,0.0,0.49638722699390414
39627859702058263,0.0,0.7,0.3,0.0,0.44064544961534635
39627871773264244,0.0,0.26,0.74,0.0,0.4133731862463089
39627865741854322,0.0,0.05,0.95,0.0,0.14319847855797813
39627859702058299,0.0,0.09,0.91,0.0,0.21823490853205144
39627871773265792,0.0,0.76,0.24,0.0,0.39752013969226113
39627871773264102,0.0,0.41,0.59,0.0,0.488250234378912
39627817427666494,0.0,0.16,0.83,0.01,0.3562867308783886
39627865741853807,0.0,0.79,0.21,0.0,0.37074136996563684
39627865741853514,0.0,0.71,0.29,0.0,0.43436062316970225
39627865741853777,0.0,0.91,0.09,0.0,0.21823490853205144
39627871802622159,0.0,0.09,0.91,0.0,0.21823490853205144
39627865771213436,0.0,0.1,0.9,0.0,0.2344977967946406
39627859727221571,0.0,0.69,0.31,0.0,0.4465867291889284
39627817461220859,0.0,1.0,0.0,0.0,-0.0
39627841612024013,0.02,0.97,0.01,0.0,0.11097036642660543
39627871798429723,0.0,0.19,0.81,0.0,0.3507357299419487
39627865741856602,0.0,0.39,0.61,0.0,0.4823997742525436
39627835538671290,0.0,0.57,0.43,0.0,0.4929075185894599
39627835568031259,0.0,0.31,0.69,0.0,0.4465867291889284
39627871781653726,0.0,0.21,0.79,0.0,0.37074136996563684
39627835538671338,0.0,0.66,0.34,0.0,0.46240935248651505
39627871777457284,0.0,0.95,0.05,0.0,0.14319847855797813
39627871777457283,0.0,0.43,0.57,0.0,0.4929075185894599
39627871777457267,0.04,0.96,0.0,0.0,0.12114609454120741
39627871777456981,0.0,0.84,0.16,0.0,0.3171547773202831
39627871777456818,0.0,0.95,0.05,0.0,0.14319847855797813
39627835538671397,0.0,0.7,0.3,0.0,0.44064544961534635
39627871777456689,0.0,0.86,0.14,0.0,0.292119405821428
39627871773265841,0.0,0.78,0.22,0.0,0.38008375148098283
39627871802625157,0.0,0.12,0.88,0.0,0.2646804326436822
39627871773265501,0.0,0.48,0.52,0.0,0.4994227679976009
39627871773265597,0.0,0.75,0.25,0.0,0.4056390622295664
39627871802625601,0.0,1.0,0.0,0.0,-0.0
39627865741853405,0.0,0.89,0.11,0.0,0.249957979082264
39627871777458124,0.0,0.15,0.85,0.0,0.3049201523582002
39627877817255014,0.0,0.96,0.04,0.0,0.12114609454120741
39627835538670371,0.0,0.85,0.15,0.0,0.3049201523582002
39627823467467969,0.0,0.04,0.96,0.0,0.12114609454120741
39627853700007657,0.0,0.04,0.96,0.0,0.12114609454120741
39627835576419366,0.0,0.16,0.84,0.0,0.3171547773202831
39627835576419092,0.0,0.4,0.6,0.0,0.4854752972273343
39627841578470266,0.0,0.93,0.07,0.0,0.18296182545011158
39627859714642459,0.0,0.54,0.46,0.0,0.49768921941011285
39627823471662765,0.0,0.65,0.35,0.0,0.4670340276877455
39627841586860118,0.0,0.28,0.72,0.0,0.4277254052800653
39627829540818763,0.0,0.15,0.85,0.0,0.3049201523582002
39627841586860256,0.0,0.54,0.46,0.0,0.49768921941011285
39627853700007878,0.0,0.49,0.51,0.0,0.49985572087640495
39627823475854758,0.0,0.75,0.25,0.0,0.4056390622295664
39627841620410572,0.0,0.72,0.28,0.0,0.4277254052800653
39627823475854792,0.0,0.2,0.8,0.0,0.36096404744368116
39627841607832058,0.0,0.33,0.67,0.0,0.4574631863898637
39627841620410529,0.0,0.47,0.53,0.0,0.4987007942838698
39627859714642162,0.0,0.76,0.24,0.0,0.39752013969226113
39627835563838190,0.0,0.44,0.56,0.0,0.4947937606110278
39627871777457604,0.0,0.36,0.64,0.0,0.4713415946277461
39627835538671465,0.0,0.45,0.55,0.0,0.49638722699390414
39627853662257258,0.0,0.85,0.15,0.0,0.3049201523582002
39627865741853085,0.05,0.89,0.06,0.0,0.30462964071349663
39627841607828776,0.0,0.67,0.33,0.0,0.4574631863898637
39627853662257291,0.0,0.94,0.06,0.0,0.16372245957723813
39627835538672227,0.0,0.07,0.93,0.0,0.18296182545011158
39627829532429384,0.0,0.6,0.4,0.0,0.4854752972273343
39627823471662257,0.0,0.0,1.0,0.0,-0.0
39627823471662763,0.0,0.45,0.55,0.0,0.49638722699390414
39627829532429186,0.0,0.4,0.6,0.0,0.4854752972273343
39627823501019004,0.0,0.37,0.63,0.0,0.47533604634353294
39627823471662355,0.0,0.07,0.93,0.0,0.18296182545011158
39627871773265108,0.0,0.53,0.47,0.0,0.4987007942838698
39627835584811087,0.01,0.93,0.06,0.0,0.20367037270049304
39627871773265334,0.0,1.0,0.0,0.0,-0.0
39627871773265682,0.0,0.33,0.67,0.0,0.4574631863898637
39627871781652855,0.0,0.06,0.94,0.0,0.16372245957723813
39627877817257850,0.0,0.2,0.8,0.0,0.36096404744368116
39627871802624740,0.0,0.02,0.98,0.0,0.07072027127091034
39627871802623735,0.0,0.69,0.31,0.0,0.4465867291889284
39627871802625022,0.0,0.79,0.21,0.0,0.37074136996563684
39627871802625561,0.0,0.98,0.02,0.0,0.07072027127091034
39627871777457767,0.0,0.93,0.07,0.0,0.18296182545011158
39627871781652593,0.0,0.2,0.8,0.0,0.36096404744368116
39627871781652688,0.0,0.99,0.01,0.0,0.04039656794795559
39627871781652758,0.0,0.6,0.4,0.0,0.4854752972273343
39627841607829005,0.0,0.93,0.07,0.0,0.18296182545011158
39627841607828836,0.0,0.26,0.74,0.0,0.4133731862463089
39627871781652584,0.0,0.01,0.95,0.04,0.16124668093016215
39627877813063040,0.0,0.59,0.41,0.0,0.488250234378912
39627877813063663,0.0,0.92,0.08,0.0,0.2010895951011364
39627835538670014,0.0,0.98,0.02,0.0,0.07072027127091034
39627865737661194,0.0,0.88,0.12,0.0,0.2646804326436822
39627865737661241,0.0,0.91,0.09,0.0,0.21823490853205144
39627847618266767,0.0,0.99,0.01,0.0,0.04039656794795559
39627853658066154,0.0,0.99,0.01,0.0,0.04039656794795559
39627811387867882,0.0,0.86,0.14,0.0,0.292119405821428
39627853658065967,0.0,0.86,0.14,0.0,0.292119405821428
39627847618266381,0.0,0.99,0.01,0.0,0.04039656794795559
39627835538670897,0.0,0.67,0.33,0.0,0.4574631863898637
39627871777458431,0.0,0.95,0.05,0.0,0.14319847855797813
39627865737662421,0.0,0.67,0.33,0.0,0.4574631863898637
39627853658064504,0.01,0.94,0.05,0.0,0.1832231322266888
39627871773262969,0.0,0.96,0.04,0.0,0.12114609454120741
39627865737661776,0.0,0.44,0.56,0.0,0.4947937606110278
39627871773264841,0.0,0.86,0.14,0.0,0.292119405821428
39627859702054953,0.0,0.48,0.52,0.0,0.4994227679976009
39627877813062820,0.0,0.2,0.8,0.0,0.36096404744368116
39627847618265833,0.0,0.83,0.17,0.0,0.32885238937210975
39627877813063180,0.0,0.82,0.18,0.0,0.34003852286413994
39627853658065020,0.0,0.9,0.1,0.0,0.2344977967946406
39627877813062219,0.0,0.55,0.45,0.0,0.49638722699390414
39627823459077113,0.0,0.98,0.02,0.0,0.07072027127091034
39627829498873788,0.0,1.0,0.0,0.0,-0.0
39627823459076804,0.0,1.0,0.0,0.0,-0.0
39627823459076819,0.0,0.92,0.08,0.0,0.2010895951011364
39627823459076837,0.0,0.87,0.13,0.0,0.2787190925139945
39627823459076510,0.0,0.74,0.26,0.0,0.4133731862463089
39627823459076693,0.0,1.0,0.0,0.0,-0.0
39627835555448526,0.0,0.59,0.41,0.0,0.488250234378912
39627829515653131,0.0,0.3,0.7,0.0,0.44064544961534635
39627871781650632,0.02,0.9,0.08,0.0,0.2705942015390087
39627811396260224,0.0,0.52,0.48,0.0,0.4994227679976009
39627811396260138,0.0,0.18,0.82,0.0,0.34003852286413994
39627811392065932,0.0,0.99,0.01,0.0,0.04039656794795559
39627835563837818,0.0,0.95,0.05,0.0,0.14319847855797813
39627823480050209,0.0,0.94,0.06,0.0,0.16372245957723813
39627835563838057,0.0,0.81,0.19,0.0,0.3507357299419487
39627835568030060,0.0,0.74,0.26,0.0,0.4133731862463089
39627853674842900,0.0,0.81,0.19,0.0,0.3507357299419487
39627829515653144,0.0,0.44,0.56,0.0,0.4947937606110278
39627829515653157,0.0,0.19,0.81,0.0,0.3507357299419487
39627835555448307,0.0,0.28,0.72,0.0,0.4277254052800653
39627835555448237,0.0,0.0,1.0,0.0,-0.0
39627835555447978,0.0,0.02,0.98,0.0,0.07072027127091034
39627841607828069,0.0,0.93,0.07,0.0,0.18296182545011158
39627811396261111,0.0,0.51,0.49,0.0,0.49985572087640495
39627871777457009,0.0,0.77,0.23,0.0,0.38900565177326885
39627865741855234,0.0,0.01,0.98,0.01,0.08072027127091033
39627865741855186,0.0,0.37,0.63,0.0,0.47533604634353294
39627835538673451,0.0,0.22,0.78,0.0,0.38008375148098283
39627835547061017,0.0,0.13,0.87,0.0,0.2787190925139945
39627841603637872,0.0,0.35,0.65,0.0,0.4670340276877455
39627853704201642,0.0,0.61,0.39,0.0,0.4823997742525436
39627877821451065,0.0,0.98,0.02,0.0,0.07072027127091034
39627871773266207,0.0,0.83,0.17,0.0,0.32885238937210975
39627871773266285,0.0,0.68,0.32,0.0,0.45219072886224687
39627871777456620,0.0,0.36,0.64,0.0,0.4713415946277461
39627805352267819,0.0,0.62,0.38,0.0,0.47902101111314976
39627805352267851,0.0,0.21,0.79,0.0,0.37074136996563684
39627805352267572,0.0,0.5,0.5,0.0,0.5
39627841616220367,0.0,0.3,0.7,0.0,0.44064544961534635
39627841616220453,0.0,0.01,0.99,0.0,0.04039656794795559
39627829515653458,0.0,0.14,0.86,0.0,0.292119405821428
39627853700006567,0.0,0.08,0.92,0.0,0.2010895951011364
39627823501017275,0.0,0.0,1.0,0.0,-0.0
39627859743998891,0.0,0.89,0.11,0.0,0.249957979082264
39627865741853026,0.0,0.13,0.87,0.0,0.2787190925139945
39627859743998967,0.0,0.86,0.14,0.0,0.292119405821428
39627877825644023,0.0,0.2,0.8,0.0,0.36096404744368116
39627877825644460,0.0,0.14,0.86,0.0,0.292119405821428
39627871777456469,0.0,0.97,0.03,0.0,0.0971959289157881
39627859697865560,0.0,0.72,0.28,0.0,0.4277254052800653
39627877804675775,0.0,1.0,0.0,0.0,-0.0
39627871773264689,0.0,0.43,0.57,0.0,0.4929075185894599
39627871769071799,0.0,0.92,0.08,0.0,0.2010895951011364
39627871773264294,0.0,0.87,0.13,0.0,0.2787190925139945
39627859697863935,0.01,0.98,0.01,0.0,0.08072027127091033
39627865737661750,0.0,0.97,0.03,0.0,0.0971959289157881
39627871802624369,0.0,0.77,0.23,0.0,0.38900565177326885
39627871773264487,0.08,0.92,0.0,0.0,0.2010895951011364
39627877808866333,0.02,0.98,0.0,0.0,0.07072027127091034
39627877808867999,0.0,0.85,0.15,0.0,0.3049201523582002
39627871773264492,0.0,1.0,0.0,0.0,-0.0
39627847668598222,0.0,0.46,0.54,0.0,0.49768921941011285
39627835563836870,0.0,0.33,0.67,0.0,0.4574631863898637
39627841603638049,0.0,0.64,0.36,0.0,0.4713415946277461
39627865779603702,0.0,1.0,0.0,0.0,-0.0
39627859743998193,0.0,0.37,0.63,0.0,0.47533604634353294
39627853708395573,0.0,1.0,0.0,0.0,-0.0
39627865779604161,0.0,0.93,0.07,0.0,0.18296182545011158
39627835538672020,0.0,0.72,0.28,0.0,0.4277254052800653
39627859739803769,0.0,0.86,0.14,0.0,0.292119405821428
39627871798428788,0.0,0.16,0.83,0.01,0.3562867308783886
39627841628799354,0.0,0.49,0.51,0.0,0.49985572087640495
39627859706252847,0.0,0.52,0.48,0.0,0.4994227679976009
39627829515651418,0.0,0.14,0.86,0.0,0.292119405821428
39627859739807439,0.0,0.41,0.59,0.0,0.488250234378912
39627859706252212,0.0,0.91,0.09,0.0,0.21823490853205144
39627829498874324,0.0,0.52,0.48,0.0,0.4994227679976009
39627835551255748,0.0,0.42,0.58,0.0,0.49072694751682683
39627823463273719,0.0,0.25,0.75,0.0,0.4056390622295664
39627805364849348,0.0,0.96,0.04,0.0,0.12114609454120741
39627835563838050,0.0,0.49,0.51,0.0,0.49985572087640495
39627859723031652,0.0,0.27,0.73,0.0,0.42073231810408784
39627841599441361,0.0,0.44,0.56,0.0,0.4947937606110278
39627853674843920,0.0,0.87,0.13,0.0,0.2787190925139945
39627841582661875,0.0,0.89,0.11,0.0,0.249957979082264
39627853674843954,0.0,0.66,0.34,0.0,0.46240935248651505
39627835551255980,0.0,0.7,0.3,0.0,0.44064544961534635
39627853674844197,0.0,0.44,0.56,0.0,0.4947937606110278
39627805364849241,0.0,0.45,0.55,0.0,0.49638722699390414
39627829519846774,0.0,0.98,0.02,0.0,0.07072027127091034
39627865750243405,0.0,0.28,0.72,0.0,0.4277254052800653
39627853662259020,0.0,0.8,0.2,0.0,0.36096404744368116
39627841582662479,0.0,0.56,0.44,0.0,0.4947937606110278
39627871794236050,0.0,0.06,0.94,0.0,0.16372245957723813
39627847630851520,0.0,0.8,0.2,0.0,0.36096404744368116
39627841624609419,0.0,0.58,0.42,0.0,0.49072694751682683
39627847630851646,0.0,0.12,0.88,0.0,0.2646804326436822
39627835563838390,0.0,0.64,0.36,0.0,0.4713415946277461
39627817457027481,0.0,0.27,0.73,0.0,0.42073231810408784
39627835563838604,0.0,0.74,0.26,0.0,0.4133731862463089
39627835555449748,0.0,0.16,0.84,0.0,0.3171547773202831
39627865775407997,0.0,0.72,0.28,0.0,0.4277254052800653
39627829540818978,0.0,0.01,0.98,0.01,0.08072027127091033
39627841612026358,0.0,0.12,0.88,0.0,0.2646804326436822
39627853662261685,0.0,0.13,0.87,0.0,0.2787190925139945
39627853704203997,0.0,0.94,0.06,0.0,0.16372245957723813
39627853662261688,0.0,0.0,0.94,0.06,0.16372245957723813
39627835589002958,0.0,0.41,0.59,0.0,0.488250234378912
39627871798428497,0.0,0.41,0.59,0.0,0.488250234378912
39627853704204024,0.0,0.98,0.02,0.0,0.07072027127091034
39627847664407182,0.0,0.16,0.84,0.0,0.3171547773202831
39627847656016808,0.0,0.08,0.92,0.0,0.2010895951011364
39627859723032219,0.0,0.52,0.48,0.0,0.4994227679976009
39627853708394674,0.0,0.3,0.7,0.0,0.44064544961534635
39627847656016818,0.0,0.18,0.82,0.0,0.34003852286413994
39627847656018331,0.0,0.15,0.85,0.0,0.3049201523582002
39627853695811919,0.0,0.12,0.88,0.0,0.2646804326436822
39627823475854378,0.0,0.59,0.41,0.0,0.488250234378912
39627829549204620,0.0,0.38,0.62,0.0,0.47902101111314976
39627853695812123,0.0,0.0,0.95,0.05,0.14319847855797813
39627859739808435,0.0,0.4,0.6,0.0,0.4854752972273343
39627859723032259,0.0,0.04,0.89,0.07,0.3019692958352992
39627829549204544,0.0,0.0,0.88,0.12,0.2646804326436822
39627829549204577,0.0,0.62,0.38,0.0,0.47902101111314976
39627847664405116,0.0,0.98,0.02,0.0,0.07072027127091034
39627817436057584,0.0,0.18,0.82,0.0,0.34003852286413994
39627865750243487,0.0,0.59,0.41,0.0,0.488250234378912
39627823467464645,0.0,0.02,0.97,0.01,0.11097036642660543
39627841616218329,0.0,0.77,0.23,0.0,0.38900565177326885
39627847656017063,0.0,0.04,0.96,0.0,0.12114609454120741
39627817465413688,0.0,0.22,0.78,0.0,0.38008375148098283
39627853704201637,0.0,0.5,0.5,0.0,0.5
39627853704201267,0.0,0.37,0.63,0.0,0.47533604634353294
39627823471662128,0.0,0.5,0.5,0.0,0.5
39627847656016981,0.0,0.52,0.48,0.0,0.4994227679976009
39627847664404664,0.0,0.7,0.3,0.0,0.44064544961534635
39627847664404768,0.0,0.4,0.6,0.0,0.4854752972273343
39627829532429498,0.0,0.33,0.67,0.0,0.4574631863898637
39627841628799898,0.0,0.91,0.09,0.0,0.21823490853205144
39627847656017328,0.0,0.57,0.43,0.0,0.4929075185894599
39627871794237324,0.0,0.93,0.07,0.0,0.18296182545011158
39627847656017632,0.0,0.49,0.51,0.0,0.49985572087640495
39627841616216776,0.0,0.01,0.99,0.0,0.04039656794795559
39627829532429725,0.0,0.49,0.51,0.0,0.49985572087640495
39627829532430449,0.0,0.81,0.19,0.0,0.3507357299419487
39627835563836877,0.0,0.92,0.08,0.0,0.2010895951011364
39627841628800277,0.0,0.49,0.51,0.0,0.49985572087640495
39627877825646703,0.0,0.35,0.65,0.0,0.4670340276877455
39627841628800098,0.0,0.92,0.08,0.0,0.2010895951011364
39627859739803974,0.0,0.09,0.91,0.0,0.21823490853205144
39627847647627581,0.0,0.42,0.58,0.0,0.49072694751682683
39627811387871415,0.0,0.47,0.53,0.0,0.4987007942838698
39627847651821505,0.0,0.13,0.87,0.0,0.2787190925139945
39627817423473742,0.0,0.98,0.02,0.0,0.07072027127091034
39627841607829495,0.0,0.6,0.4,0.0,0.4854752972273343
39627859744001218,0.0,0.85,0.15,0.0,0.3049201523582002
39627841603637215,0.0,0.86,0.14,0.0,0.292119405821428
39627811396260558,0.0,0.31,0.69,0.0,0.4465867291889284
39627811396260665,0.0,0.8,0.2,0.0,0.36096404744368116
39627811408838809,0.0,0.27,0.73,0.0,0.42073231810408784
39627835563838025,0.0,0.77,0.23,0.0,0.38900565177326885
39627871781651129,0.0,0.94,0.06,0.0,0.16372245957723813
39627835563838078,0.0,0.32,0.68,0.0,0.45219072886224687
39627841612025642,0.0,0.0,0.92,0.08,0.2010895951011364
39627841612025660,0.0,0.13,0.87,0.0,0.2787190925139945
39627841578471925,0.0,0.17,0.83,0.0,0.32885238937210975
39627811413033214,0.0,0.63,0.37,0.0,0.47533604634353294
39627847639239122,0.0,1.0,0.0,0.0,-0.0
39627859714640689,0.0,0.15,0.85,0.0,0.3049201523582002
39627877825644028,0.0,0.98,0.02,0.0,0.07072027127091034
39627841603637452,0.0,0.04,0.96,0.0,0.12114609454120741
39627847651821578,0.0,0.45,0.55,0.0,0.49638722699390414
39627853708394865,0.0,0.25,0.75,0.0,0.4056390622295664
39627865754440188,0.0,0.09,0.91,0.0,0.21823490853205144
39627841586855991,0.0,0.0,0.98,0.02,0.07072027127091034
39627865779602319,0.0,0.58,0.42,0.0,0.49072694751682683
39627865779602163,0.0,0.51,0.49,0.0,0.49985572087640495
39627847664406981,0.0,0.56,0.44,0.0,0.4947937606110278
39627853662260333,0.0,0.98,0.02,0.0,0.07072027127091034
39627877817256067,0.0,0.99,0.01,0.0,0.04039656794795559
39627877817256066,0.0,0.99,0.01,0.0,0.04039656794795559
39627877817256116,0.01,0.98,0.01,0.0,0.08072027127091033
39627877817256577,0.0,0.57,0.43,0.0,0.4929075185894599
39627877834034574,0.0,0.85,0.15,0.0,0.3049201523582002
39627883852858566,0.0,0.85,0.15,0.0,0.3049201523582002
39627865779604201,0.0,0.9,0.1,0.0,0.2344977967946406
39627883848665122,0.0,0.95,0.05,0.0,0.14319847855797813
39627877808867256,0.0,0.51,0.49,0.0,0.49985572087640495
39627877813063357,0.0,0.51,0.49,0.0,0.49985572087640495
39627865737661015,0.0,1.0,0.0,0.0,-0.0
39627865737661106,0.0,0.91,0.09,0.0,0.21823490853205144
39627877808867331,0.0,0.33,0.67,0.0,0.4574631863898637
39627877808867118,0.01,0.54,0.45,0.0,0.5324415226290491
39627835538670932,0.0,0.98,0.02,0.0,0.07072027127091034
39627835538671341,0.0,0.91,0.09,0.0,0.21823490853205144
39627841578467860,0.0,0.92,0.08,0.0,0.2010895951011364
39627853658065977,0.0,0.88,0.12,0.0,0.2646804326436822
39627835538671115,0.0,0.92,0.08,0.0,0.2010895951011364
39627877817257513,0.0,0.37,0.63,0.0,0.47533604634353294
39627877817257383,0.0,0.88,0.12,0.0,0.2646804326436822
39627847618266071,0.0,0.43,0.57,0.0,0.4929075185894599
39627853704204599,0.0,0.95,0.05,0.0,0.14319847855797813
39627841603639029,0.0,0.64,0.36,0.0,0.4713415946277461
39627871781651096,0.0,0.03,0.96,0.01,0.13737165703039006
39627877808867741,0.0,0.88,0.12,0.0,0.2646804326436822
39627877813063725,0.0,1.0,0.0,0.0,-0.0
39627871802624615,0.0,0.87,0.13,0.0,0.2787190925139945
39627841607830168,0.0,0.0,1.0,0.0,-0.0
39627871769071736,0.01,0.96,0.03,0.0,0.13737165703039006
39627877817256551,0.0,0.94,0.06,0.0,0.16372245957723813
39627865737663063,0.0,0.95,0.05,0.0,0.14319847855797813
39627859702055597,0.0,0.47,0.53,0.0,0.4987007942838698
39627877817256847,0.0,0.92,0.08,0.0,0.2010895951011364
39627877813062758,0.0,0.99,0.01,0.0,0.04039656794795559
39627871773264722,0.02,0.98,0.0,0.0,0.07072027127091034
39627877808868142,0.0,1.0,0.0,0.0,-0.0
39627853700008551,0.0,0.03,0.97,0.0,0.0971959289157881
39627871785846426,0.0,0.9,0.1,0.0,0.2344977967946406
39627877825645640,0.0,0.59,0.41,0.0,0.488250234378912
39627859731419463,0.0,0.22,0.78,0.0,0.38008375148098283
39627853662259959,0.0,1.0,0.0,0.0,-0.0
39627847664404223,0.0,0.03,0.97,0.0,0.0971959289157881
39627841582663068,0.0,0.0,0.99,0.01,0.04039656794795559
39627823484240109,0.0,0.09,0.91,0.0,0.21823490853205144
39627865737662820,0.0,0.84,0.16,0.0,0.3171547773202831
39627871802623816,0.0,0.93,0.07,0.0,0.18296182545011158
39627841628800151,0.0,0.65,0.35,0.0,0.4670340276877455
39627841628799937,0.0,0.01,0.99,0.0,0.04039656794795559
39627865746047363,0.0,0.35,0.65,0.0,0.4670340276877455
39627853662259529,0.0,0.02,0.98,0.0,0.07072027127091034
39627877817257285,0.0,0.14,0.86,0.0,0.292119405821428
39627841612022355,0.06,0.92,0.02,0.0,0.2335407200795017
39627871773265868,0.0,0.46,0.54,0.0,0.49768921941011285
39627835555449670,0.0,0.04,0.96,0.0,0.12114609454120741
39627835563837192,0.0,0.99,0.01,0.0,0.04039656794795559
39627871781651986,0.0,0.04,0.96,0.0,0.12114609454120741
39627847668597774,0.0,0.69,0.31,0.0,0.4465867291889284
39627871802625770,0.0,0.32,0.68,0.0,0.45219072886224687
39627871802622779,0.0,0.98,0.02,0.0,0.07072027127091034
39627871802622246,0.0,0.87,0.13,0.0,0.2787190925139945
39627877817258135,0.0,0.96,0.04,0.0,0.12114609454120741
39627877817257893,0.0,0.99,0.01,0.0,0.04039656794795559
39627877817257419,0.0,0.32,0.68,0.0,0.45219072886224687
39627877817256273,0.0,0.48,0.52,0.0,0.4994227679976009
39627877817255672,0.0,0.78,0.22,0.0,0.38008375148098283
39627877817255579,0.0,0.95,0.05,0.0,0.14319847855797813
39627877817255412,0.0,0.83,0.17,0.0,0.32885238937210975
39627877817255255,0.0,0.59,0.41,0.0,0.488250234378912
39627877817254572,0.0,0.71,0.29,0.0,0.43436062316970225
39627877813064469,0.0,0.94,0.06,0.0,0.16372245957723813
39627871773266277,0.0,0.87,0.13,0.0,0.2787190925139945
39627877817258341,0.0,1.0,0.0,0.0,-0.0
39627847664406998,0.0,0.49,0.51,0.0,0.49985572087640495
39627871802624735,0.0,0.89,0.11,0.0,0.249957979082264
39627847668597764,0.0,0.77,0.23,0.0,0.38900565177326885
39627847668597658,0.0,0.57,0.43,0.0,0.4929075185894599
39627847656017161,0.0,0.6,0.4,0.0,0.4854752972273343
39627841628800246,0.0,0.17,0.83,0.0,0.32885238937210975
39627841628800219,0.0,0.79,0.21,0.0,0.37074136996563684
39627823475855007,0.0,0.19,0.81,0.0,0.3507357299419487
39627853658066312,0.0,0.45,0.55,0.0,0.49638722699390414
39627823471660084,0.0,0.01,0.99,0.0,0.04039656794795559
39627817436057855,0.0,0.77,0.23,0.0,0.38900565177326885
39627823467465142,0.0,0.69,0.31,0.0,0.4465867291889284
39627841616217228,0.0,0.68,0.32,0.0,0.45219072886224687
39627817436057921,0.0,0.88,0.12,0.0,0.2646804326436822
39627835563838083,0.0,0.09,0.91,0.0,0.21823490853205144
39627853708395076,0.0,0.66,0.34,0.0,0.46240935248651505
39627847656017513,0.0,0.0,0.98,0.02,0.07072027127091034
39627877825643580,0.0,0.98,0.02,0.0,0.07072027127091034
39627847668598006,0.0,0.8,0.2,0.0,0.36096404744368116
39627829532430464,0.0,0.12,0.88,0.0,0.2646804326436822
39627871798430127,0.0,0.04,0.95,0.01,0.16124668093016215
39627871798430131,0.0,0.28,0.72,0.0,0.4277254052800653
39627841628801335,0.0,0.98,0.02,0.0,0.07072027127091034
39627871806817833,0.0,0.44,0.56,0.0,0.4947937606110278
39627871798430536,0.0,0.53,0.47,0.0,0.4987007942838698
39627877817258712,0.0,0.12,0.88,0.0,0.2646804326436822
39627871802624915,0.0,0.27,0.73,0.0,0.42073231810408784
39627871802625732,0.0,0.26,0.74,0.0,0.4133731862463089
39627877817258800,0.0,0.92,0.08,0.0,0.2010895951011364
39627871802622164,0.0,0.92,0.08,0.0,0.2010895951011364
39627877825646366,0.0,0.19,0.81,0.0,0.3507357299419487
39627871798430635,0.0,0.75,0.25,0.0,0.4056390622295664
39627877817259065,0.0,0.38,0.62,0.0,0.47902101111314976
39627877825646382,0.0,0.94,0.06,0.0,0.16372245957723813
39627841607830776,0.0,0.76,0.24,0.0,0.39752013969226113
39627871806816285,0.0,0.93,0.07,0.0,0.18296182545011158
39627871773264299,0.0,0.28,0.72,0.0,0.4277254052800653
39627877813063719,0.0,0.68,0.32,0.0,0.45219072886224687
39627853704204603,0.0,0.55,0.45,0.0,0.49638722699390414
39627835538670170,0.0,1.0,0.0,0.0,-0.0
39627847618266878,0.0,0.29,0.71,0.0,0.43436062316970225
39627835538669912,0.01,0.93,0.06,0.0,0.20367037270049304
39627841578468105,0.0,0.33,0.67,0.0,0.4574631863898637
39627841603637679,0.0,1.0,0.0,0.0,-0.0
39627865737661491,0.01,0.99,0.0,0.0,0.04039656794795559
39627877813061730,0.01,0.9,0.09,0.0,0.2579475764741046
39627853658064125,0.0,0.58,0.42,0.0,0.49072694751682683
39627871773262285,0.0,0.94,0.06,0.0,0.16372245957723813
39627835538670593,0.0,0.78,0.22,0.0,0.38008375148098283
39627871773266245,0.0,0.99,0.01,0.0,0.04039656794795559
39627853658064702,0.0,0.95,0.05,0.0,0.14319847855797813
39627853679038096,0.0,0.09,0.91,0.0,0.21823490853205144
39627841603637305,0.0,0.32,0.68,0.0,0.45219072886224687
39627835563836012,0.0,0.8,0.2,0.0,0.36096404744368116
39627841591051396,0.0,0.77,0.23,0.0,0.38900565177326885
39627871777456796,0.0,1.0,0.0,0.0,-0.0
39627835589002529,0.0,0.73,0.27,0.0,0.42073231810408784
39627859739806442,0.0,0.31,0.69,0.0,0.4465867291889284
39627871773264194,0.06,0.94,0.0,0.0,0.16372245957723813
39627805356458727,0.0,0.05,0.95,0.0,0.14319847855797813
39627853708394538,0.01,0.96,0.03,0.0,0.13737165703039006
39627841616218760,0.0,0.13,0.87,0.0,0.2787190925139945
39627841591051212,0.0,0.42,0.58,0.0,0.49072694751682683
39627841624609148,0.0,0.06,0.93,0.01,0.20367037270049304
39627877817255162,0.0,1.0,0.0,0.0,-0.0
39627847668598752,0.0,0.95,0.05,0.0,0.14319847855797813
39627871773264788,0.0,0.62,0.38,0.0,0.47902101111314976
39627859697865190,0.0,0.8,0.2,0.0,0.36096404744368116
39627877821452708,0.0,0.69,0.31,0.0,0.4465867291889284
39627841574277524,0.0,1.0,0.0,0.0,-0.0
39627805348070456,0.0,1.0,0.0,0.0,-0.0
39627817419279165,0.0,1.0,0.0,0.0,-0.0
39627841574277447,0.0,0.75,0.25,0.0,0.4056390622295664
39627799320854711,0.0,0.93,0.07,0.0,0.18296182545011158
39627799312470633,0.0,1.0,0.0,0.0,-0.0
39627865779604581,0.0,0.71,0.29,0.0,0.43436062316970225
39627841628803913,0.0,0.93,0.07,0.0,0.18296182545011158
39627823509407773,0.0,1.0,0.0,0.0,-0.0
39627847668601372,0.0,0.84,0.16,0.0,0.3171547773202831
39627847672791309,0.01,0.99,0.0,0.0,0.04039656794795559
39627865779603586,0.0,0.96,0.04,0.0,0.12114609454120741
39627865779603897,0.0,0.62,0.38,0.0,0.47902101111314976
39627859748193057,0.0,0.87,0.13,0.0,0.2787190925139945
39627799316661261,0.02,0.98,0.0,0.0,0.07072027127091034
39627811387868637,0.11,0.88,0.01,0.0,0.28950944366190023
39627805352267777,0.0,0.99,0.01,0.0,0.04039656794795559
39627799320858892,0.0,0.97,0.03,0.0,0.0971959289157881
39627799325051671,0.0,1.0,0.0,0.0,-0.0
39627817419280223,0.0,0.65,0.35,0.0,0.4670340276877455
39627829498873045,0.0,0.94,0.06,0.0,0.16372245957723813
39627841574277911,0.0,1.0,0.0,0.0,-0.0
39627799320855139,0.0,1.0,0.0,0.0,-0.0
39627799320854819,0.0,1.0,0.0,0.0,-0.0
39627811387868761,0.0,0.95,0.05,0.0,0.14319847855797813
39627805356462960,0.0,0.08,0.92,0.0,0.2010895951011364
39627847618268270,0.0,0.99,0.01,0.0,0.04039656794795559
39627811421423832,0.0,0.7,0.3,0.0,0.44064544961534635
39627811413035633,0.02,0.98,0.0,0.0,0.07072027127091034
39627799325052386,0.0,0.93,0.07,0.0,0.18296182545011158
39627805356463790,0.0,0.65,0.35,0.0,0.4670340276877455
39627805377432185,0.0,0.2,0.8,0.0,0.36096404744368116
39627799325051635,0.0,0.32,0.68,0.0,0.45219072886224687
39627823463271710,0.0,0.6,0.4,0.0,0.4854752972273343
39627805356463062,0.0,0.28,0.72,0.0,0.4277254052800653
39627847647629694,0.0,0.08,0.92,0.0,0.2010895951011364
39627823488435727,0.0,0.65,0.35,0.0,0.4670340276877455
39627823475854424,0.0,0.35,0.65,0.0,0.4670340276877455
39627817431863979,0.0,0.0,0.98,0.02,0.07072027127091034
39627823501018908,0.0,0.06,0.93,0.01,0.20367037270049304
39627841616218460,0.0,0.1,0.9,0.0,0.2344977967946406
39627841616219573,0.0,0.29,0.71,0.0,0.43436062316970225
39627841616219521,0.0,0.02,0.97,0.01,0.11097036642660543
39627853683231212,0.01,0.98,0.01,0.0,0.08072027127091033
39627835576421374,0.0,0.14,0.86,0.0,0.292119405821428
39627811413034891,0.0,0.01,0.99,0.0,0.04039656794795559
39627811413034823,0.0,0.83,0.17,0.0,0.32885238937210975
39627859710443879,0.0,0.36,0.64,0.0,0.4713415946277461
39627847635045075,0.0,0.0,0.99,0.01,0.04039656794795559
39627859735610194,0.0,0.44,0.56,0.0,0.4947937606110278
39627859710444008,0.0,0.33,0.67,0.0,0.4574631863898637
39627853704203277,0.0,0.02,0.98,0.0,0.07072027127091034
39627817461219437,0.0,0.68,0.32,0.0,0.45219072886224687
39627817436055728,0.0,0.96,0.04,0.0,0.12114609454120741
39627853704203458,0.0,0.11,0.85,0.04,0.3676682080037878
39627871781651875,0.0,0.0,0.55,0.45,0.49638722699390414
39627865741853728,0.0,0.96,0.04,0.0,0.12114609454120741
39627859710444064,0.0,0.51,0.49,0.0,0.49985572087640495
39627835576419135,0.0,0.7,0.3,0.0,0.44064544961534635
39627853670650176,0.0,0.69,0.31,0.0,0.4465867291889284
39627835576419279,0.0,0.04,0.96,0.0,0.12114609454120741
39627853662258171,0.0,0.02,0.98,0.0,0.07072027127091034
39627841607830967,0.0,0.77,0.23,0.0,0.38900565177326885
39627841586859065,0.0,0.56,0.44,0.0,0.4947937606110278
39627829536621859,0.0,0.15,0.85,0.0,0.3049201523582002
39627817452834267,0.0,0.94,0.06,0.0,0.16372245957723813
39627817427666624,0.0,0.03,0.97,0.0,0.0971959289157881
39627811417231629,0.0,1.0,0.0,0.0,-0.0
39627823501022032,0.0,0.3,0.7,0.0,0.44064544961534635
39627859723027082,0.0,0.67,0.33,0.0,0.4574631863898637
39627853666455532,0.0,0.97,0.03,0.0,0.0971959289157881
39627853687423832,0.0,0.9,0.1,0.0,0.2344977967946406
39627811400450731,0.0,0.55,0.45,0.0,0.49638722699390414
39627859710446545,0.0,0.02,0.98,0.0,0.07072027127091034
39627847639237901,0.0,0.57,0.43,0.0,0.4929075185894599
39627805369041262,0.0,0.56,0.44,0.0,0.4947937606110278
39627847639240596,0.0,0.41,0.59,0.0,0.488250234378912
39627829511457078,0.0,0.35,0.65,0.0,0.4670340276877455
39627835542867032,0.0,0.65,0.35,0.0,0.4670340276877455
39627811417230333,0.0,0.78,0.22,0.0,0.38008375148098283
39627835580615545,0.0,0.19,0.81,0.0,0.3507357299419487
39627859731418283,0.0,0.03,0.97,0.0,0.0971959289157881
39627829515650352,0.0,0.66,0.34,0.0,0.46240935248651505
39627841599441687,0.0,0.71,0.29,0.0,0.43436062316970225
39627835580615595,0.0,0.38,0.62,0.0,0.47902101111314976
39627859723028417,0.0,0.43,0.57,0.0,0.4929075185894599
39627865750242288,0.0,0.02,0.97,0.01,0.11097036642660543
39627859710446310,0.0,0.7,0.3,0.0,0.44064544961534635
39627841595249367,0.0,0.51,0.49,0.0,0.49985572087640495
39627829507261573,0.0,0.06,0.94,0.0,0.16372245957723813
39627859723028317,0.0,0.87,0.13,0.0,0.2787190925139945
39627835580615712,0.0,0.64,0.36,0.0,0.4713415946277461
39627835580615628,0.0,0.35,0.65,0.0,0.4670340276877455
39627829507261790,0.0,0.1,0.9,0.0,0.2344977967946406
39627811417229799,0.0,0.38,0.62,0.0,0.47902101111314976
39627841595249253,0.0,0.53,0.47,0.0,0.4987007942838698
39627823480048006,0.0,0.49,0.51,0.0,0.49985572087640495
39627853700007654,0.0,1.0,0.0,0.0,-0.0
39627841595246367,0.0,0.32,0.68,0.0,0.45219072886224687
39627811396257255,0.0,0.66,0.34,0.0,0.46240935248651505
39627853700011118,0.0,0.23,0.77,0.0,0.38900565177326885
39627841586858833,0.0,0.94,0.06,0.0,0.16372245957723813
39627811404645773,0.0,0.66,0.34,0.0,0.46240935248651505
39627853700010528,0.0,0.03,0.97,0.0,0.0971959289157881
39627817431860243,0.0,0.69,0.31,0.0,0.4465867291889284
39627853700010407,0.0,0.14,0.86,0.0,0.292119405821428
39627841586860391,0.0,0.25,0.75,0.0,0.4056390622295664
39627829503068250,0.0,0.91,0.09,0.0,0.21823490853205144
39627811404645075,0.0,0.64,0.36,0.0,0.4713415946277461
39627841586860053,0.0,0.69,0.31,0.0,0.4465867291889284
39627829524039322,0.0,1.0,0.0,0.0,-0.0
39627853700007767,0.0,0.51,0.49,0.0,0.49985572087640495
39627853670648686,0.0,0.32,0.68,0.0,0.45219072886224687
39627817431863951,0.0,0.04,0.96,0.0,0.12114609454120741
39627865741853808,0.0,0.46,0.54,0.0,0.49768921941011285
39627835547063476,0.0,0.0,0.78,0.22,0.38008375148098283
39627829524042804,0.0,0.08,0.92,0.0,0.2010895951011364
39627841620415110,0.0,0.71,0.29,0.0,0.43436062316970225
39627817452831933,0.0,0.96,0.04,0.0,0.12114609454120741
39627811392063829,0.0,0.07,0.93,0.0,0.18296182545011158
39627853691621343,0.0,0.16,0.84,0.0,0.3171547773202831
39627865758632846,0.0,0.06,0.94,0.0,0.16372245957723813
39627853704203751,0.0,0.12,0.88,0.0,0.2646804326436822
39627829503068707,0.0,0.47,0.53,0.0,0.4987007942838698
39627853700008063,0.0,0.8,0.2,0.0,0.36096404744368116
39627847660210834,0.0,0.36,0.64,0.0,0.4713415946277461
39627859706249296,0.0,0.14,0.86,0.0,0.292119405821428
39627859702059749,0.0,0.4,0.6,0.0,0.4854752972273343
39627811408842683,0.0,0.99,0.01,0.0,0.04039656794795559
39627847622460944,0.0,0.5,0.5,0.0,0.5
39627817452831960,0.0,0.68,0.32,0.0,0.45219072886224687
39627859702059748,0.0,0.05,0.92,0.03,0.239266955218135
39627859702059766,0.0,0.44,0.56,0.0,0.4947937606110278
39627871785846303,0.0,0.03,0.97,0.0,0.0971959289157881
39627859723032417,0.0,0.21,0.79,0.0,0.37074136996563684
39627841607831370,0.0,0.32,0.68,0.0,0.45219072886224687
39627829515652142,0.0,0.14,0.86,0.0,0.292119405821428
39627871781651515,0.0,0.67,0.33,0.0,0.4574631863898637
39627817457025996,0.0,0.16,0.84,0.0,0.3171547773202831
39627853704202043,0.0,0.5,0.5,0.0,0.5
39627829503068042,0.0,0.97,0.03,0.0,0.0971959289157881
39627823501021768,0.0,0.0,0.99,0.01,0.04039656794795559
39627871785846289,0.0,0.51,0.49,0.0,0.49985572087640495
39627835555451025,0.0,0.03,0.97,0.0,0.0971959289157881
39627829519845985,0.0,0.91,0.09,0.0,0.21823490853205144
39627859739806283,0.0,0.04,0.96,0.0,0.12114609454120741
39627865754441216,0.0,0.37,0.63,0.0,0.47533604634353294
39627835555451105,0.0,0.33,0.67,0.0,0.4574631863898637
39627871790043715,0.0,0.4,0.6,0.0,0.4854752972273343
39627835551254219,0.0,0.87,0.13,0.0,0.2787190925139945
39627841607831534,0.0,0.05,0.95,0.0,0.14319847855797813
39627835576421300,0.0,0.21,0.79,0.0,0.37074136996563684
39627823501021743,0.0,0.98,0.02,0.0,0.07072027127091034
39627829503070054,0.0,0.57,0.43,0.0,0.4929075185894599
39627829503070156,0.0,0.68,0.32,0.0,0.45219072886224687
39627859723032678,0.0,0.19,0.81,0.0,0.3507357299419487
39627853683232296,0.0,0.35,0.65,0.0,0.4670340276877455
39627853683232234,0.0,0.38,0.62,0.0,0.47902101111314976
39627871790041484,0.0,0.31,0.69,0.0,0.4465867291889284
39627853683232227,0.0,0.57,0.43,0.0,0.4929075185894599
39627835572225853,0.0,0.14,0.86,0.0,0.292119405821428
39627829511458731,0.0,0.07,0.93,0.0,0.18296182545011158
39627847635043184,0.0,0.11,0.89,0.0,0.249957979082264
39627811387870280,0.0,0.92,0.08,0.0,0.2010895951011364
39627811392062246,0.0,0.38,0.62,0.0,0.47902101111314976
39627835568034592,0.0,0.07,0.93,0.0,0.18296182545011158
39627835559645567,0.0,0.99,0.01,0.0,0.04039656794795559
39627841586857644,0.0,0.16,0.84,0.0,0.3171547773202831
39627859706249804,0.0,0.28,0.72,0.0,0.4277254052800653
39627865746047153,0.0,0.36,0.64,0.0,0.4713415946277461
39627805369042879,0.0,0.83,0.17,0.0,0.32885238937210975
39627835559642250,0.0,0.56,0.44,0.0,0.4947937606110278
39627823467465230,0.0,0.06,0.94,0.0,0.16372245957723813
39627865746047178,0.0,0.0,0.99,0.01,0.04039656794795559
39627859723028131,0.0,0.7,0.3,0.0,0.44064544961534635
39627835542866478,0.0,0.09,0.9,0.01,0.2579475764741046
39627811417229736,0.0,0.84,0.16,0.0,0.3171547773202831
39627805364852026,0.0,0.49,0.51,0.0,0.49985572087640495
39627859710444105,0.0,0.01,0.98,0.01,0.08072027127091033
39627859731416138,0.0,0.94,0.06,0.0,0.16372245957723813
39627859723026695,0.0,0.42,0.58,0.0,0.49072694751682683
39627829511456956,0.0,0.53,0.47,0.0,0.4987007942838698
39627859718832448,0.0,0.54,0.46,0.0,0.49768921941011285
39627805364851588,0.0,0.08,0.92,0.0,0.2010895951011364
39627853700009694,0.0,0.79,0.21,0.0,0.37074136996563684
39627835547060655,0.0,0.87,0.13,0.0,0.2787190925139945
39627853687423613,0.0,0.88,0.12,0.0,0.2646804326436822
39627829540816286,0.0,0.01,0.99,0.0,0.04039656794795559
39627835547060497,0.0,0.21,0.79,0.0,0.37074136996563684
39627829540815546,0.0,0.88,0.12,0.0,0.2646804326436822
39627835542866605,0.0,0.37,0.63,0.0,0.47533604634353294
39627829540815568,0.0,0.52,0.48,0.0,0.4994227679976009
39627835542866603,0.0,0.36,0.64,0.0,0.4713415946277461
39627835542866560,0.0,0.18,0.82,0.0,0.34003852286413994
39627835547060686,0.0,0.0,1.0,0.0,-0.0
39627805369040931,0.0,0.99,0.01,0.0,0.04039656794795559
39627811392063236,0.0,0.3,0.7,0.0,0.44064544961534635
39627841599440824,0.0,0.7,0.3,0.0,0.44064544961534635
39627847635045067,0.0,0.87,0.13,0.0,0.2787190925139945
39627829545011465,0.0,0.26,0.74,0.0,0.4133731862463089
39627847635042820,0.0,0.04,0.94,0.02,0.19127133459887283
39627853666454872,0.0,0.9,0.1,0.0,0.2344977967946406
39627847635042653,0.0,0.88,0.12,0.0,0.2646804326436822
39627847635042577,0.0,0.17,0.83,0.0,0.32885238937210975
39627847630853499,0.0,0.01,0.98,0.01,0.08072027127091033
39627841591053619,0.0,0.92,0.08,0.0,0.2010895951011364
39627847630853188,0.0,0.03,0.97,0.0,0.0971959289157881
39627829519846246,0.0,0.91,0.09,0.0,0.21823490853205144
39627823480050268,0.0,0.25,0.75,0.0,0.4056390622295664
39627811392063168,0.0,0.25,0.75,0.0,0.4056390622295664
39627823480050185,0.0,0.16,0.84,0.0,0.3171547773202831
39627811392063175,0.0,0.97,0.03,0.0,0.0971959289157881
39627853679034621,0.0,0.92,0.08,0.0,0.2010895951011364
39627841599440930,0.0,0.56,0.44,0.0,0.4947937606110278
39627835576420469,0.0,0.04,0.96,0.0,0.12114609454120741
39627811396259216,0.0,0.01,0.99,0.0,0.04039656794795559
39627853670647793,0.0,0.07,0.93,0.0,0.18296182545011158
39627847639238005,0.0,0.08,0.92,0.0,0.2010895951011364
39627811392062192,0.0,0.98,0.02,0.0,0.07072027127091034
39627829545010311,0.0,0.69,0.31,0.0,0.4465867291889284
39627829511456898,0.0,0.74,0.26,0.0,0.4133731862463089
39627853700011001,0.0,0.44,0.56,0.0,0.4947937606110278
39627829545010342,0.0,0.0,0.98,0.02,0.07072027127091034
39627841620412291,0.0,0.64,0.36,0.0,0.4713415946277461
39627829528231986,0.0,0.63,0.37,0.0,0.47533604634353294
39627835580617278,0.02,0.97,0.01,0.0,0.11097036642660543
39627859710443588,0.01,0.99,0.0,0.0,0.04039656794795559
39627841620412356,0.0,0.15,0.85,0.0,0.3049201523582002
39627859723028850,0.0,0.42,0.58,0.0,0.49072694751682683
39627817440252824,0.0,0.23,0.77,0.0,0.38900565177326885
39627841620412401,0.0,0.25,0.75,0.0,0.4056390622295664
39627823496824326,0.0,0.18,0.82,0.0,0.34003852286413994
39627865750242490,0.0,0.34,0.66,0.0,0.46240935248651505
39627829540815030,0.0,0.82,0.18,0.0,0.34003852286413994
39627865750242259,0.0,0.37,0.63,0.0,0.47533604634353294
39627853691621252,0.0,0.06,0.94,0.0,0.16372245957723813
39627817440251830,0.0,0.25,0.75,0.0,0.4056390622295664
39627817452832669,0.0,0.47,0.53,0.0,0.4987007942838698
39627829498876556,0.0,0.97,0.03,0.0,0.0971959289157881
39627829511458619,0.0,0.99,0.01,0.0,0.04039656794795559
39627811404649057,0.0,0.24,0.76,0.0,0.39752013969226113
39627829503067386,0.0,0.0,0.99,0.01,0.04039656794795559
39627811404645046,0.0,0.16,0.84,0.0,0.3171547773202831
39627811404644766,0.0,0.68,0.32,0.0,0.45219072886224687
39627865771215373,0.0,0.03,0.97,0.0,0.0971959289157881
39627835542865851,0.0,0.81,0.19,0.0,0.3507357299419487
39627829545010134,0.0,0.97,0.03,0.0,0.0971959289157881
39627835542866277,0.0,0.62,0.38,0.0,0.47902101111314976
39627835542866303,0.0,0.2,0.8,0.0,0.36096404744368116
39627865771215386,0.0,0.99,0.01,0.0,0.04039656794795559
39627805369044115,0.0,0.54,0.46,0.0,0.49768921941011285
39627835584807014,0.0,0.79,0.21,0.0,0.37074136996563684
39627841582665934,0.0,0.09,0.91,0.0,0.21823490853205144
39627859723031424,0.0,0.64,0.36,0.0,0.4713415946277461
39627841582662556,0.0,0.63,0.37,0.0,0.47533604634353294
39627817440251808,0.0,0.69,0.31,0.0,0.4465867291889284
39627829498875849,0.0,0.01,0.99,0.0,0.04039656794795559
39627859723031546,0.0,0.0,0.89,0.11,0.249957979082264
39627835580615113,0.0,0.0,1.0,0.0,-0.0
39627835580615199,0.0,0.07,0.93,0.0,0.18296182545011158
39627841599443343,0.0,0.29,0.71,0.0,0.43436062316970225
39627835580615328,0.0,0.41,0.59,0.0,0.488250234378912
39627835580615364,0.0,0.01,0.99,0.0,0.04039656794795559
39627835580615366,0.0,0.83,0.17,0.0,0.32885238937210975
39627847635046438,0.0,0.79,0.21,0.0,0.37074136996563684
39627847626654706,0.0,0.44,0.56,0.0,0.4947937606110278
39627829536625313,0.0,0.04,0.96,0.0,0.12114609454120741
39627823467465055,0.0,0.17,0.83,0.0,0.32885238937210975
39627841599442920,0.0,0.14,0.86,0.0,0.292119405821428
39627835580615387,0.0,0.01,0.99,0.0,0.04039656794795559
39627817431864223,0.0,0.95,0.05,0.0,0.14319847855797813
39627847639239125,0.0,0.11,0.89,0.0,0.249957979082264
39627835580615593,0.0,0.03,0.91,0.06,0.2595582210645035
39627859723027942,0.0,0.47,0.53,0.0,0.4987007942838698
39627841599441666,0.0,0.56,0.44,0.0,0.4947937606110278
39627859735613426,0.0,0.0,0.86,0.14,0.292119405821428
39627835580615540,0.0,0.96,0.04,0.0,0.12114609454120741
39627847639237655,0.0,0.07,0.93,0.0,0.18296182545011158
39627841586857970,0.0,0.39,0.61,0.0,0.4823997742525436
39627829507262088,0.0,0.73,0.27,0.0,0.42073231810408784
39627829507261987,0.0,0.32,0.68,0.0,0.45219072886224687
39627847622463602,0.0,0.17,0.83,0.0,0.32885238937210975
39627847635042441,0.0,0.72,0.28,0.0,0.4277254052800653
39627847630853318,0.0,0.04,0.96,0.0,0.12114609454120741
39627841586856749,0.0,0.87,0.13,0.0,0.2787190925139945
39627835559645193,0.0,0.53,0.47,0.0,0.4987007942838698
39627823496824678,0.0,0.02,0.98,0.0,0.07072027127091034
39627823496824721,0.0,0.16,0.84,0.0,0.3171547773202831
39627841586856876,0.0,0.48,0.52,0.0,0.4994227679976009
39627853700010893,0.0,0.86,0.14,0.0,0.292119405821428
39627817448637175,0.0,0.28,0.72,0.0,0.4277254052800653
39627823496825006,0.0,0.12,0.88,0.0,0.2646804326436822
39627823467465120,0.0,0.87,0.13,0.0,0.2787190925139945
39627841586857094,0.0,0.15,0.85,0.0,0.3049201523582002
39627823496824518,0.0,0.55,0.45,0.0,0.49638722699390414
39627841586857589,0.0,0.73,0.27,0.0,0.42073231810408784
39627865746047748,0.0,0.19,0.81,0.0,0.3507357299419487
39627811408839837,0.0,0.02,0.98,0.0,0.07072027127091034
39627847630848143,0.01,0.62,0.37,0.0,0.5123783660260752
39627817431863272,0.0,0.84,0.16,0.0,0.3171547773202831
39627841586857911,0.0,0.4,0.6,0.0,0.4854752972273343
39627859714641222,0.0,0.58,0.42,0.0,0.49072694751682683
39627847630848354,0.0,0.76,0.24,0.0,0.39752013969226113
39627829507261764,0.0,0.54,0.46,0.0,0.49768921941011285
39627865741856208,0.0,0.24,0.76,0.0,0.39752013969226113
39627865741856106,0.0,0.52,0.48,0.0,0.4994227679976009
39627841620412447,0.0,0.71,0.29,0.0,0.43436062316970225
39627829536625091,0.0,0.02,0.98,0.0,0.07072027127091034
39627811404646255,0.0,0.47,0.53,0.0,0.4987007942838698
39627865762826314,0.0,0.11,0.88,0.01,0.28950944366190023
39627865762826367,0.0,0.99,0.01,0.0,0.04039656794795559
39627865771216015,0.0,0.42,0.58,0.0,0.49072694751682683
39627865771215768,0.0,0.09,0.91,0.0,0.21823490853205144
39627865762826381,0.0,0.0,1.0,0.0,-0.0
39627859727221350,0.0,0.47,0.53,0.0,0.4987007942838698
39627865750246304,0.0,0.12,0.88,0.0,0.2646804326436822
39627865771216039,0.0,0.81,0.19,0.0,0.3507357299419487
39627865750246295,0.0,0.25,0.75,0.0,0.4056390622295664
39627847639240987,0.0,0.09,0.91,0.0,0.21823490853205144
39627847639240951,0.0,0.0,0.77,0.23,0.38900565177326885
39627811404646469,0.0,0.02,0.89,0.09,0.2875800930424113
39627853695815396,0.0,0.79,0.21,0.0,0.37074136996563684
39627835572224360,0.0,0.97,0.03,0.0,0.0971959289157881
39627865771215609,0.0,0.19,0.81,0.0,0.3507357299419487
39627865771215493,0.0,0.3,0.7,0.0,0.44064544961534635
39627853695815371,0.0,0.88,0.12,0.0,0.2646804326436822
39627817452835009,0.0,0.19,0.81,0.0,0.3507357299419487
39627865771215473,0.0,0.06,0.94,0.0,0.16372245957723813
39627865762828983,0.0,0.89,0.11,0.0,0.249957979082264
39627865762825848,0.0,0.07,0.92,0.01,0.22283217282912027
39627817436055279,0.0,0.71,0.29,0.0,0.43436062316970225
39627817457026044,0.0,0.91,0.09,0.0,0.21823490853205144
39627835555451792,0.0,0.44,0.56,0.0,0.4947937606110278
39627835555451835,0.0,0.96,0.04,0.0,0.12114609454120741
39627835572226300,0.0,0.02,0.98,0.0,0.07072027127091034
39627829519846083,0.0,0.79,0.21,0.0,0.37074136996563684
39627829524043019,0.0,0.78,0.22,0.0,0.38008375148098283
39627835572225599,0.0,0.04,0.96,0.0,0.12114609454120741
39627829519845591,0.0,0.68,0.32,0.0,0.45219072886224687
39627847639241215,0.0,0.59,0.41,0.0,0.488250234378912
39627835555448270,0.01,0.9,0.09,0.0,0.2579475764741046
39627847639241028,0.0,0.17,0.83,0.0,0.32885238937210975
39627865754436652,0.0,0.01,0.99,0.0,0.04039656794795559
39627847639241002,0.0,0.09,0.91,0.0,0.21823490853205144
39627823488434644,0.0,0.25,0.75,0.0,0.4056390622295664
39627835572225338,0.0,0.95,0.05,0.0,0.14319847855797813
39627811408843497,0.0,0.58,0.42,0.0,0.49072694751682683
39627865771215732,0.0,0.37,0.63,0.0,0.47533604634353294
39627817457028529,0.0,0.82,0.18,0.0,0.34003852286413994
39627835572224345,0.0,0.94,0.06,0.0,0.16372245957723813
39627817440250659,0.0,0.08,0.92,0.0,0.2010895951011364
39627817457028569,0.0,0.01,0.97,0.02,0.11097036642660543
39627829545010105,0.0,0.03,0.97,0.0,0.0971959289157881
39627817440249128,0.0,0.59,0.41,0.0,0.488250234378912
39627829519843976,0.0,0.13,0.87,0.0,0.2787190925139945
39627853700009808,0.0,0.02,0.98,0.0,0.07072027127091034
39627811408843583,0.0,0.99,0.01,0.0,0.04039656794795559
39627865767022671,0.0,0.0,1.0,0.0,-0.0
39627829524042018,0.0,0.15,0.84,0.01,0.3441379826496441
39627847639241372,0.0,0.93,0.07,0.0,0.18296182545011158
39627829524042805,0.0,0.74,0.26,0.0,0.4133731862463089
39627829524042993,0.0,0.96,0.04,0.0,0.12114609454120741
39627829519844255,0.0,0.27,0.73,0.0,0.42073231810408784
39627811404648508,0.02,0.95,0.03,0.0,0.1674722434193448
39627853700010128,0.0,0.75,0.25,0.0,0.4056390622295664
39627835551253111,0.0,0.84,0.16,0.0,0.3171547773202831
39627811404645410,0.0,0.03,0.97,0.0,0.0971959289157881
39627865767020848,0.0,0.98,0.02,0.0,0.07072027127091034
39627865767020882,0.0,0.57,0.43,0.0,0.4929075185894599
39627811404645078,0.0,0.62,0.38,0.0,0.47902101111314976
39627829545012172,0.0,0.01,0.98,0.01,0.08072027127091033
39627853700009667,0.0,0.54,0.46,0.0,0.49768921941011285
39627835572226561,0.0,0.96,0.04,0.0,0.12114609454120741
39627847635044823,0.0,0.0,0.94,0.06,0.16372245957723813
39627847622463915,0.0,0.09,0.91,0.0,0.21823490853205144
39627865767020674,0.0,0.95,0.05,0.0,0.14319847855797813
39627865771215348,0.0,0.01,0.99,0.0,0.04039656794795559
39627835568035401,0.0,0.0,1.0,0.0,-0.0
39627841586857955,0.0,0.12,0.88,0.0,0.2646804326436822
39627847639238704,0.0,0.79,0.21,0.0,0.37074136996563684
39627859735612500,0.0,0.0,0.97,0.03,0.0971959289157881
39627847639237193,0.0,0.51,0.49,0.0,0.49985572087640495
39627859735612180,0.0,0.0,0.98,0.02,0.07072027127091034
39627811404648781,0.0,0.08,0.89,0.03,0.296452280596498
39627859714638856,0.0,0.12,0.88,0.0,0.2646804326436822
39627835572225732,0.0,0.15,0.85,0.0,0.3049201523582002
39627865771215277,0.0,0.0,0.49,0.51,0.49985572087640495
39627835572225961,0.0,0.63,0.37,0.0,0.47533604634353294
39627865771213520,0.0,0.31,0.69,0.0,0.4465867291889284
39627817431861050,0.0,0.96,0.04,0.0,0.12114609454120741
39627841595249514,0.0,0.31,0.69,0.0,0.4465867291889284
39627823463272815,0.0,0.03,0.97,0.0,0.0971959289157881
39627835572224103,0.0,0.5,0.5,0.0,0.5
39627853691619131,0.0,0.59,0.41,0.0,0.488250234378912
39627835572224381,0.0,0.43,0.57,0.0,0.4929075185894599
39627853691618995,0.0,0.19,0.81,0.0,0.3507357299419487
39627811396257997,0.0,0.38,0.62,0.0,0.47902101111314976
39627835568033744,0.0,0.15,0.85,0.0,0.3049201523582002
39627835572224176,0.0,0.53,0.47,0.0,0.4987007942838698
39627823463272751,0.0,0.12,0.88,0.0,0.2646804326436822
39627853687423829,0.0,0.72,0.28,0.0,0.4277254052800653
39627865746047780,0.0,0.27,0.73,0.0,0.42073231810408784
39627871790041254,0.0,0.0,1.0,0.0,-0.0
39627829519846094,0.0,0.81,0.19,0.0,0.3507357299419487
39627853683232256,0.0,0.0,1.0,0.0,-0.0
39627871785847500,0.0,0.69,0.31,0.0,0.4465867291889284
39627829545011481,0.0,0.13,0.87,0.0,0.2787190925139945
39627865754439404,0.0,0.0,1.0,0.0,-0.0
39627865754439201,0.0,0.55,0.45,0.0,0.49638722699390414
39627853683232557,0.0,0.8,0.2,0.0,0.36096404744368116
39627853683232664,0.0,0.99,0.01,0.0,0.04039656794795559
39627811396258789,0.0,0.06,0.94,0.0,0.16372245957723813
39627871785848886,0.0,0.22,0.78,0.0,0.38008375148098283
39627871794237149,0.0,0.72,0.28,0.0,0.4277254052800653
39627865754439247,0.0,0.12,0.88,0.0,0.2646804326436822
39627847635046261,0.0,0.2,0.8,0.0,0.36096404744368116
39627829532430173,0.0,0.18,0.82,0.0,0.34003852286413994
39627817457028088,0.0,0.99,0.01,0.0,0.04039656794795559
39627811408843665,0.0,0.0,0.93,0.07,0.18296182545011158
39627829532430366,0.0,0.19,0.81,0.0,0.3507357299419487
39627865758630492,0.0,0.01,0.94,0.05,0.1832231322266888
39627865775409819,0.0,0.34,0.66,0.0,0.46240935248651505
39627811396256513,0.0,0.18,0.82,0.0,0.34003852286413994
39627865758631320,0.0,0.22,0.78,0.0,0.38008375148098283
39627853695816386,0.0,0.06,0.9,0.04,0.283045326517374
39627847630848634,0.0,0.03,0.97,0.0,0.0971959289157881
39627847635046452,0.0,0.15,0.85,0.0,0.3049201523582002
39627835580615233,0.0,0.01,0.99,0.0,0.04039656794795559
39627853683232658,0.0,0.56,0.44,0.0,0.4947937606110278
39627841599443415,0.0,0.01,0.98,0.01,0.08072027127091033
39627847635046422,0.0,0.14,0.86,0.0,0.292119405821428
39627865754439085,0.0,0.49,0.51,0.0,0.49985572087640495
39627817444447365,0.0,0.93,0.07,0.0,0.18296182545011158
39627829503066603,0.0,0.2,0.8,0.0,0.36096404744368116
39627841595248951,0.0,0.01,0.99,0.0,0.04039656794795559
39627829503066575,0.0,0.01,0.97,0.02,0.11097036642660543
39627859706253658,0.0,0.13,0.87,0.0,0.2787190925139945
39627865767023229,0.0,0.49,0.51,0.0,0.49985572087640495
39627865767023256,0.0,0.04,0.96,0.0,0.12114609454120741
39627817427668552,0.0,0.73,0.27,0.0,0.42073231810408784
39627829503067867,0.0,0.09,0.91,0.0,0.21823490853205144
39627829503067757,0.0,0.39,0.61,0.0,0.4823997742525436
39627817452834608,0.0,0.09,0.91,0.0,0.21823490853205144
39627829524041628,0.0,0.28,0.72,0.0,0.4277254052800653
39627853691619708,0.0,0.72,0.28,0.0,0.4277254052800653
39627853700009853,0.0,0.21,0.79,0.0,0.37074136996563684
39627853670648185,0.0,0.63,0.37,0.0,0.47533604634353294
39627823480049852,0.0,0.51,0.49,0.0,0.49985572087640495
39627865746047685,0.0,0.23,0.77,0.0,0.38900565177326885
39627865775409214,0.0,0.19,0.81,0.0,0.3507357299419487
39627841591054674,0.0,0.95,0.05,0.0,0.14319847855797813
39627871794233959,0.0,1.0,0.0,0.0,-0.0
39627865775409227,0.0,0.59,0.41,0.0,0.488250234378912
39627865746047707,0.0,0.13,0.87,0.0,0.2787190925139945
39627823471658188,0.0,0.71,0.29,0.0,0.43436062316970225
39627841591051675,0.0,0.62,0.38,0.0,0.47902101111314976
39627841591054595,0.0,1.0,0.0,0.0,-0.0
39627835555452032,0.06,0.94,0.0,0.0,0.16372245957723813
39627865758630136,0.0,0.53,0.47,0.0,0.4987007942838698
39627829503067825,0.0,0.2,0.8,0.0,0.36096404744368116
39627841591051513,0.0,0.43,0.57,0.0,0.4929075185894599
39627835572226125,0.0,0.84,0.16,0.0,0.3171547773202831
39627817436057876,0.0,0.37,0.63,0.0,0.47533604634353294
39627859718833481,0.0,0.72,0.28,0.0,0.4277254052800653
39627829532430459,0.0,0.94,0.06,0.0,0.16372245957723813
39627871785848249,0.0,0.86,0.14,0.0,0.292119405821428
39627865754437786,0.0,0.06,0.94,0.0,0.16372245957723813
39627859718833111,0.0,0.03,0.97,0.0,0.0971959289157881
39627823463272205,0.0,0.01,0.99,0.0,0.04039656794795559
39627859710444189,0.0,0.71,0.29,0.0,0.43436062316970225
39627859723029239,0.0,0.15,0.85,0.0,0.3049201523582002
39627805369043763,0.0,0.02,0.98,0.0,0.07072027127091034
39627859727221263,0.0,0.03,0.97,0.0,0.0971959289157881
39627805369043787,0.0,0.0,1.0,0.0,-0.0
39627829507260770,0.0,0.5,0.5,0.0,0.5
39627829545011427,0.0,0.15,0.85,0.0,0.3049201523582002
39627817440250458,0.0,0.02,0.96,0.02,0.14114609454120738
39627811392062553,0.0,0.37,0.63,0.0,0.47533604634353294
39627871781652156,0.0,0.61,0.39,0.0,0.4823997742525436
39627853679037445,0.0,0.62,0.38,0.0,0.47902101111314976
39627835584811399,0.0,0.48,0.52,0.0,0.4994227679976009
39627829503067281,0.0,0.55,0.45,0.0,0.49638722699390414
39627817457028892,0.0,0.0,1.0,0.0,-0.0
39627829540818751,0.0,0.43,0.57,0.0,0.4929075185894599
39627829503066184,0.0,0.69,0.31,0.0,0.4465867291889284
39627877825643270,0.0,0.29,0.71,0.0,0.43436062316970225
39627859710444224,0.0,0.48,0.52,0.0,0.4994227679976009
39627835542867218,0.0,0.96,0.04,0.0,0.12114609454120741
39627829540818718,0.0,0.0,0.97,0.03,0.0971959289157881
39627853670646023,0.0,0.06,0.94,0.0,0.16372245957723813
39627871794236057,0.0,0.82,0.18,0.0,0.34003852286413994
39627829528232246,0.0,0.11,0.89,0.0,0.249957979082264
39627829540819068,0.0,0.39,0.61,0.0,0.4823997742525436
39627841612026401,0.0,0.64,0.36,0.0,0.4713415946277461
39627829540819149,0.0,0.84,0.16,0.0,0.3171547773202831
39627829540819369,0.0,0.44,0.56,0.0,0.4947937606110278
39627829528232120,0.01,0.75,0.24,0.0,0.4359255858648683
39627817431862083,0.0,0.32,0.68,0.0,0.45219072886224687
39627829503066241,0.0,0.84,0.16,0.0,0.3171547773202831
39627829524040261,0.0,0.27,0.73,0.0,0.42073231810408784
39627829536621277,0.0,0.0,0.86,0.14,0.292119405821428
39627865754437061,0.0,0.19,0.81,0.0,0.3507357299419487
39627829540819601,0.0,0.68,0.32,0.0,0.45219072886224687
39627829540819806,0.0,0.01,0.98,0.01,0.08072027127091033
39627811400452812,0.0,0.9,0.1,0.0,0.2344977967946406
39627829540819129,0.0,0.05,0.95,0.0,0.14319847855797813
39627877825643016,0.02,0.94,0.04,0.0,0.1912713345988728
39627823480050255,0.0,0.36,0.64,0.0,0.4713415946277461
39627877825642876,0.0,0.86,0.14,0.0,0.292119405821428
39627817461219560,0.0,0.53,0.47,0.0,0.4987007942838698
39627829536621324,0.0,0.4,0.6,0.0,0.4854752972273343
39627817427666964,0.0,0.84,0.16,0.0,0.3171547773202831
39627829524039907,0.0,0.11,0.89,0.0,0.249957979082264
39627811396259881,0.0,0.77,0.23,0.0,0.38900565177326885
39627853683232919,0.0,0.87,0.13,0.0,0.2787190925139945
39627811396259548,0.0,1.0,0.0,0.0,-0.0
39627835551256506,0.0,0.97,0.03,0.0,0.0971959289157881
39627811408843294,0.0,0.4,0.6,0.0,0.4854752972273343
39627829524040648,0.0,0.87,0.13,0.0,0.2787190925139945
39627853691619945,0.0,0.44,0.56,0.0,0.4947937606110278
39627835563839305,0.0,0.71,0.29,0.0,0.43436062316970225
39627835542867297,0.0,0.43,0.57,0.0,0.4929075185894599
39627871781654724,0.0,0.77,0.23,0.0,0.38900565177326885
39627871781654625,0.0,0.8,0.2,0.0,0.36096404744368116
39627859710443568,0.0,0.08,0.92,0.0,0.2010895951011364
39627871781654692,0.0,0.98,0.02,0.0,0.07072027127091034
39627865750243868,0.0,0.84,0.16,0.0,0.3171547773202831
39627859739807875,0.0,0.86,0.14,0.0,0.292119405821428
39627841620414493,0.0,0.11,0.89,0.0,0.249957979082264
39627841599442588,0.0,0.5,0.5,0.0,0.5
39627859718833217,0.0,0.04,0.96,0.0,0.12114609454120741
39627847656016123,0.0,0.87,0.13,0.0,0.2787190925139945
39627865762826710,0.0,0.95,0.05,0.0,0.14319847855797813
39627859723027882,0.0,0.87,0.13,0.0,0.2787190925139945
39627805360655111,0.0,0.18,0.82,0.0,0.34003852286413994
39627853691620698,0.0,0.41,0.59,0.0,0.488250234378912
39627823480045770,0.0,0.5,0.5,0.0,0.5
39627829515652124,0.0,0.78,0.22,0.0,0.38008375148098283
39627829511459462,0.0,0.09,0.91,0.0,0.21823490853205144
39627829511459227,0.0,0.14,0.86,0.0,0.292119405821428
39627829511459117,0.05,0.95,0.0,0.0,0.14319847855797813
39627835580615490,0.0,0.03,0.97,0.0,0.0971959289157881
39627817452831437,0.0,0.45,0.55,0.0,0.49638722699390414
39627823480045854,0.0,0.21,0.79,0.0,0.37074136996563684
39627823488435555,0.0,0.94,0.06,0.0,0.16372245957723813
39627841620414549,0.0,0.87,0.13,0.0,0.2787190925139945
39627823488435536,0.0,0.97,0.03,0.0,0.0971959289157881
39627823471658191,0.0,0.12,0.88,0.0,0.2646804326436822
39627859723028143,0.0,0.13,0.87,0.0,0.2787190925139945
39627829511456135,0.0,0.91,0.09,0.0,0.21823490853205144
39627847651822638,0.0,0.14,0.86,0.0,0.292119405821428
39627847651822758,0.0,0.46,0.54,0.0,0.49768921941011285
39627829503070890,0.0,0.19,0.81,0.0,0.3507357299419487
39627841620414405,0.0,0.31,0.69,0.0,0.4465867291889284
39627817452831571,0.0,0.86,0.14,0.0,0.292119405821428
39627829503070059,0.0,0.58,0.42,0.0,0.49072694751682683
39627829515652200,0.0,0.95,0.05,0.0,0.14319847855797813
39627829536624307,0.0,0.1,0.9,0.0,0.2344977967946406
39627823480046063,0.0,0.01,0.99,0.0,0.04039656794795559
39627847651820643,0.0,0.25,0.75,0.0,0.4056390622295664
39627859710447711,0.0,0.03,0.97,0.0,0.0971959289157881
39627871790043762,0.0,0.0,0.96,0.04,0.12114609454120741
39627853704201845,0.0,0.98,0.02,0.0,0.07072027127091034
39627817452831356,0.0,0.67,0.33,0.0,0.4574631863898637
39627817452831295,0.0,0.61,0.39,0.0,0.4823997742525436
39627865754441352,0.0,0.24,0.76,0.0,0.39752013969226113
39627829532426797,0.0,0.05,0.95,0.0,0.14319847855797813
39627823501021492,0.0,1.0,0.0,0.0,-0.0
39627823475853809,0.0,0.18,0.82,0.0,0.34003852286413994
39627829536625100,0.0,0.99,0.01,0.0,0.04039656794795559
39627817448639068,0.0,0.81,0.19,0.0,0.3507357299419487
39627823467468067,0.0,1.0,0.0,0.0,-0.0
39627805369043542,0.0,0.89,0.11,0.0,0.249957979082264
39627823467468145,0.0,1.0,0.0,0.0,-0.0
39627823496827751,0.0,0.47,0.53,0.0,0.4987007942838698
39627805369043061,0.0,1.0,0.0,0.0,-0.0
39627829540816270,0.0,0.22,0.78,0.0,0.38008375148098283
39627847626656842,0.0,0.18,0.82,0.0,0.34003852286413994
39627859718832626,0.0,0.56,0.44,0.0,0.4947937606110278
39627817448637212,0.0,0.3,0.7,0.0,0.44064544961534635
39627817448639137,0.0,0.03,0.95,0.02,0.1674722434193448
39627805360654750,0.0,0.29,0.71,0.0,0.43436062316970225
39627829540816333,0.0,0.96,0.04,0.0,0.12114609454120741
39627847626654489,0.0,0.49,0.51,0.0,0.49985572087640495
39627811421423139,0.0,0.39,0.61,0.0,0.4823997742525436
39627835584810499,0.0,0.18,0.82,0.0,0.34003852286413994
39627811421424148,0.0,0.6,0.4,0.0,0.4854752972273343
39627805373235566,0.0,0.31,0.69,0.0,0.4465867291889284
39627823467465693,0.0,0.86,0.14,0.0,0.292119405821428
39627829540816688,0.0,0.0,0.74,0.26,0.4133731862463089
39627823505213339,0.0,0.98,0.02,0.0,0.07072027127091034
39627829540816629,0.0,0.02,0.97,0.01,0.11097036642660543
39627823492629914,0.0,0.76,0.24,0.0,0.39752013969226113
39627847643434778,0.0,0.05,0.95,0.0,0.14319847855797813
39627859706252913,0.0,0.38,0.62,0.0,0.47902101111314976
39627853695812140,0.0,0.25,0.75,0.0,0.4056390622295664
39627847626656349,0.0,0.19,0.81,0.0,0.3507357299419487
39627847630852844,0.0,0.51,0.49,0.0,0.49985572087640495
39627829515653614,0.0,0.25,0.75,0.0,0.4056390622295664
39627847656014029,0.0,0.27,0.73,0.0,0.42073231810408784
39627829532428501,0.0,0.03,0.97,0.0,0.0971959289157881
39627829519847273,0.0,0.12,0.88,0.0,0.2646804326436822
39627865767022480,0.0,0.04,0.96,0.0,0.12114609454120741
39627847651822612,0.0,0.0,0.97,0.03,0.0971959289157881
39627841586856633,0.0,0.06,0.94,0.0,0.16372245957723813
39627865767022145,0.0,0.97,0.03,0.0,0.0971959289157881
39627841586856649,0.0,0.01,0.99,0.0,0.04039656794795559
39627829519847259,0.0,0.03,0.97,0.0,0.0971959289157881
39627823492628913,0.0,0.37,0.63,0.0,0.47533604634353294
39627835555447787,0.0,0.39,0.61,0.0,0.4823997742525436
39627841599441751,0.0,0.53,0.47,0.0,0.4987007942838698
39627835555447972,0.0,0.18,0.82,0.0,0.34003852286413994
39627835555448061,0.0,0.13,0.87,0.0,0.2787190925139945
39627817436057427,0.0,0.02,0.98,0.0,0.07072027127091034
39627817457026814,0.0,0.76,0.24,0.0,0.39752013969226113
39627829511458116,0.0,0.01,0.96,0.03,0.13737165703039006
39627817457026504,0.0,0.6,0.4,0.0,0.4854752972273343
39627835555450900,0.0,0.29,0.71,0.0,0.43436062316970225
39627865750241700,0.0,0.89,0.11,0.0,0.249957979082264
39627823488437634,0.0,0.78,0.22,0.0,0.38008375148098283
39627811413033865,0.0,0.21,0.79,0.0,0.37074136996563684
39627847660208394,0.0,0.97,0.03,0.0,0.0971959289157881
39627835542868451,0.0,0.05,0.95,0.0,0.14319847855797813
39627811413033585,0.0,0.97,0.03,0.0,0.0971959289157881
39627811413033993,0.0,0.97,0.03,0.0,0.0971959289157881
39627823492632901,0.0,0.52,0.48,0.0,0.4994227679976009
39627853666452107,0.0,0.71,0.29,0.0,0.43436062316970225
39627823492630524,0.0,0.8,0.2,0.0,0.36096404744368116
39627841582665458,0.0,0.0,0.98,0.02,0.07072027127091034
39627823492630463,0.0,0.88,0.12,0.0,0.2646804326436822
39627829528235939,0.0,0.42,0.58,0.0,0.49072694751682683
39627859706249863,0.0,0.36,0.64,0.0,0.4713415946277461
39627829528235698,0.0,0.05,0.95,0.0,0.14319847855797813
39627853691620504,0.0,0.29,0.71,0.0,0.43436062316970225
39627829511456402,0.0,0.65,0.35,0.0,0.4670340276877455
39627823467467028,0.0,0.09,0.91,0.0,0.21823490853205144
39627823467467035,0.0,0.21,0.79,0.0,0.37074136996563684
39627823488436177,0.0,0.95,0.05,0.0,0.14319847855797813
39627817431863104,0.0,0.09,0.91,0.0,0.21823490853205144
39627817452831471,0.0,0.72,0.28,0.0,0.4277254052800653
39627853691621149,0.0,0.56,0.44,0.0,0.4947937606110278
39627859727223045,0.0,0.82,0.18,0.0,0.34003852286413994
39627853679035510,0.0,0.33,0.67,0.0,0.4574631863898637
39627853679035532,0.0,0.74,0.26,0.0,0.4133731862463089
39627817452831168,0.0,0.93,0.07,0.0,0.18296182545011158
39627847664402519,0.0,0.05,0.95,0.0,0.14319847855797813
39627817452831544,0.0,0.9,0.1,0.0,0.2344977967946406
39627811408839541,0.0,0.43,0.57,0.0,0.4929075185894599
39627817448638082,0.0,0.64,0.36,0.0,0.4713415946277461
39627853670648365,0.0,0.56,0.44,0.0,0.4947937606110278
39627853691621606,0.0,0.22,0.78,0.0,0.38008375148098283
39627847630851135,0.0,0.67,0.33,0.0,0.4574631863898637
39627847651822566,0.0,0.01,0.99,0.0,0.04039656794795559
39627829515649200,0.0,0.04,0.96,0.0,0.12114609454120741
39627853670648614,0.0,0.46,0.54,0.0,0.49768921941011285
39627859723029702,0.0,0.62,0.38,0.0,0.47902101111314976
39627817452836081,0.0,0.73,0.27,0.0,0.42073231810408784
39627823505213247,0.0,0.75,0.25,0.0,0.4056390622295664
39627823488435907,0.0,0.69,0.31,0.0,0.4465867291889284
39627823475855279,0.0,0.67,0.33,0.0,0.4574631863898637
39627823488435614,0.0,0.11,0.88,0.01,0.28950944366190023
39627829511458446,0.0,0.38,0.62,0.0,0.47902101111314976
39627859735611408,0.0,0.26,0.74,0.0,0.4133731862463089
39627859735611229,0.0,0.1,0.9,0.0,0.2344977967946406
39627841620412520,0.0,0.65,0.35,0.0,0.4670340276877455
39627835580612997,0.0,0.82,0.18,0.0,0.34003852286413994
39627841586856776,0.0,0.02,0.98,0.0,0.07072027127091034
39627835580612958,0.0,0.08,0.92,0.0,0.2010895951011364
39627859735610940,0.0,0.5,0.5,0.0,0.5
39627853679034933,0.0,0.57,0.43,0.0,0.4929075185894599
39627841586857117,0.0,0.09,0.91,0.0,0.21823490853205144
39627829536624380,0.0,0.78,0.22,0.0,0.38008375148098283
39627841586856948,0.0,0.04,0.96,0.0,0.12114609454120741
39627847635046738,0.0,0.36,0.64,0.0,0.4713415946277461
39627829536624370,0.0,0.54,0.46,0.0,0.49768921941011285
39627829515652251,0.0,0.28,0.72,0.0,0.4277254052800653
39627817436057850,0.0,0.18,0.82,0.0,0.34003852286413994
39627853691620863,0.0,0.0,0.76,0.24,0.39752013969226113
39627865775407229,0.0,0.27,0.73,0.0,0.42073231810408784
39627847660210153,0.0,0.25,0.75,0.0,0.4056390622295664
39627871785846394,0.0,0.58,0.42,0.0,0.49072694751682683
39627847660210119,0.0,0.55,0.45,0.0,0.49638722699390414
39627847630852210,0.0,0.09,0.91,0.0,0.21823490853205144
39627871785846423,0.0,0.12,0.88,0.0,0.2646804326436822
39627871785846444,0.0,0.09,0.91,0.0,0.21823490853205144
39627847635046154,0.0,0.73,0.27,0.0,0.42073231810408784
39627847664402573,0.0,0.11,0.89,0.0,0.249957979082264
39627847635046570,0.0,0.13,0.86,0.01,0.31810566868628926
39627847635046631,0.0,0.42,0.58,0.0,0.49072694751682683
39627847660210152,0.0,0.21,0.79,0.0,0.37074136996563684
39627817431863124,0.0,0.19,0.81,0.0,0.3507357299419487
39627847639237810,0.0,0.62,0.38,0.0,0.47902101111314976
39627847639236665,0.0,0.08,0.92,0.0,0.2010895951011364
39627823501021722,0.0,0.82,0.18,0.0,0.34003852286413994
39627829503070886,0.0,0.99,0.01,0.0,0.04039656794795559
39627829515651893,0.0,0.27,0.73,0.0,0.42073231810408784
39627823492632980,0.0,0.02,0.98,0.0,0.07072027127091034
39627823492633009,0.0,0.13,0.87,0.0,0.2787190925139945
39627847651824793,0.0,0.91,0.09,0.0,0.21823490853205144
39627817448636955,0.0,0.29,0.71,0.0,0.43436062316970225
39627847643433946,0.0,0.96,0.04,0.0,0.12114609454120741
39627847643434332,0.0,0.48,0.52,0.0,0.4994227679976009
39627871785848927,0.0,0.16,0.84,0.0,0.3171547773202831
39627871785848985,0.0,0.0,0.98,0.02,0.07072027127091034
39627841620412304,0.0,0.25,0.75,0.0,0.4056390622295664
39627859706253039,0.0,0.41,0.59,0.0,0.488250234378912
39627859706252959,0.0,0.02,0.98,0.0,0.07072027127091034
39627811413034040,0.0,0.5,0.5,0.0,0.5
39627847643433971,0.0,1.0,0.0,0.0,-0.0
39627829536625187,0.0,0.58,0.42,0.0,0.49072694751682683
39627811396259122,0.0,0.92,0.08,0.0,0.2010895951011364
39627859710447479,0.0,0.3,0.7,0.0,0.44064544961534635
39627829536621868,0.0,0.07,0.93,0.0,0.18296182545011158
39627829503066337,0.0,0.11,0.89,0.0,0.249957979082264
39627847651822769,0.0,0.97,0.03,0.0,0.0971959289157881
39627829498876254,0.0,0.12,0.88,0.0,0.2646804326436822
39627865767022125,0.0,0.35,0.65,0.0,0.4670340276877455
39627823496823822,0.0,0.79,0.21,0.0,0.37074136996563684
39627829540818244,0.0,0.08,0.92,0.0,0.2010895951011364
39627823492629751,0.0,0.64,0.36,0.0,0.4713415946277461
39627823492629880,0.0,0.99,0.01,0.0,0.04039656794795559
39627853683232087,0.0,0.38,0.62,0.0,0.47902101111314976
39627847651822468,0.0,0.19,0.81,0.0,0.3507357299419487
39627847643433861,0.0,0.08,0.92,0.0,0.2010895951011364
39627853679035593,0.0,0.03,0.95,0.02,0.1674722434193448
39627841591051684,0.0,0.01,0.94,0.05,0.1832231322266888
39627865775409729,0.0,0.27,0.73,0.0,0.42073231810408784
39627829528236701,0.0,0.46,0.54,0.0,0.49768921941011285
39627859723032755,0.0,0.92,0.08,0.0,0.2010895951011364
39627823471657200,0.0,0.79,0.21,0.0,0.37074136996563684
39627829519843678,0.0,0.86,0.14,0.0,0.292119405821428
39627829545010739,0.0,0.05,0.95,0.0,0.14319847855797813
39627829528236670,0.0,0.2,0.8,0.0,0.36096404744368116
39627847656017263,0.0,0.02,0.98,0.0,0.07072027127091034
39627829545010775,0.0,0.81,0.19,0.0,0.3507357299419487
39627841612024858,0.0,0.59,0.41,0.0,0.488250234378912
39627871794235374,0.0,0.36,0.64,0.0,0.4713415946277461
39627865771215324,0.0,0.71,0.29,0.0,0.43436062316970225
39627817448639121,0.02,0.98,0.0,0.0,0.07072027127091034
39627823492629490,0.0,0.63,0.37,0.0,0.47533604634353294
39627865750243724,0.0,0.34,0.66,0.0,0.46240935248651505
39627835559644562,0.0,0.61,0.39,0.0,0.4823997742525436
39627853691621169,0.0,0.28,0.72,0.0,0.4277254052800653
39627865767022183,0.0,0.02,0.98,0.0,0.07072027127091034
39627847660213340,0.02,0.97,0.01,0.0,0.11097036642660543
39627817452830999,0.0,0.03,0.97,0.0,0.0971959289157881
39627829545009354,0.0,0.4,0.6,0.0,0.4854752972273343
39627853691619989,0.0,0.97,0.03,0.0,0.0971959289157881
39627829536624333,0.0,0.21,0.79,0.0,0.37074136996563684
39627835555451007,0.0,0.81,0.19,0.0,0.3507357299419487
39627835576423319,0.0,0.94,0.06,0.0,0.16372245957723813
39627835559644627,0.0,0.79,0.21,0.0,0.37074136996563684
39627817436057774,0.0,0.17,0.83,0.0,0.32885238937210975
39627823471658459,0.0,1.0,0.0,0.0,-0.0
39627823492632046,0.0,0.82,0.18,0.0,0.34003852286413994
39627865771217288,0.0,0.69,0.31,0.0,0.4465867291889284
39627823492631997,0.0,0.26,0.74,0.0,0.4133731862463089
39627817436058051,0.0,0.88,0.12,0.0,0.2646804326436822
39627841612024043,0.0,0.74,0.26,0.0,0.4133731862463089
39627865750241841,0.0,0.51,0.49,0.0,0.49985572087640495
39627865750241829,0.0,0.75,0.25,0.0,0.4056390622295664
39627847664406864,0.0,0.54,0.46,0.0,0.49768921941011285
39627823492629247,0.0,0.04,0.96,0.0,0.12114609454120741
39627823492628961,0.0,0.05,0.95,0.0,0.14319847855797813
39627841599442309,0.0,0.37,0.63,0.0,0.47533604634353294
39627853695815075,0.0,0.27,0.73,0.0,0.42073231810408784
39627829498876320,0.0,0.98,0.02,0.0,0.07072027127091034
39627853691620034,0.0,0.65,0.35,0.0,0.4670340276877455
39627865754441052,0.0,0.88,0.12,0.0,0.2646804326436822
39627853695811844,0.0,0.17,0.83,0.0,0.32885238937210975
39627847664406949,0.0,0.02,0.98,0.0,0.07072027127091034
39627805373238465,0.0,0.96,0.04,0.0,0.12114609454120741
39627811413035159,0.0,0.67,0.33,0.0,0.4574631863898637
39627805373238692,0.0,1.0,0.0,0.0,-0.0
39627811413036200,0.0,0.67,0.33,0.0,0.4574631863898637
39627853687423344,0.0,0.98,0.02,0.0,0.07072027127091034
39627853687423281,0.0,0.11,0.89,0.0,0.249957979082264
39627829545010870,0.0,0.37,0.63,0.0,0.47533604634353294
39627823505213527,0.0,0.04,0.96,0.0,0.12114609454120741
39627841586857622,0.0,0.06,0.93,0.01,0.20367037270049304
39627859710444159,0.0,0.62,0.38,0.0,0.47902101111314976
39627823505213601,0.0,0.88,0.12,0.0,0.2646804326436822
39627823505213974,0.0,0.82,0.18,0.0,0.34003852286413994
39627841586858954,0.0,0.53,0.47,0.0,0.4987007942838698
39627847639242202,0.0,0.37,0.63,0.0,0.47533604634353294
39627811392065217,0.0,0.49,0.51,0.0,0.49985572087640495
39627847643436766,0.0,0.0,0.97,0.03,0.0971959289157881
39627841607833002,0.0,0.89,0.11,0.0,0.249957979082264
39627811413035450,0.0,0.61,0.39,0.0,0.4823997742525436
39627805356463305,0.0,0.92,0.08,0.0,0.2010895951011364
39627811413035364,0.0,0.29,0.71,0.0,0.43436062316970225
39627805364851311,0.0,0.85,0.15,0.0,0.3049201523582002
39627805369043008,0.0,0.89,0.11,0.0,0.249957979082264
39627805364851205,0.0,0.51,0.49,0.0,0.49985572087640495
39627817423473328,0.0,0.3,0.7,0.0,0.44064544961534635
39627805369043014,0.0,0.18,0.82,0.0,0.34003852286413994
39627805364849558,0.0,1.0,0.0,0.0,-0.0
39627811400453978,0.0,0.35,0.65,0.0,0.4670340276877455
39627811417229757,0.0,0.82,0.18,0.0,0.34003852286413994
39627805364851745,0.0,0.49,0.51,0.0,0.49985572087640495
39627853679037006,0.0,0.31,0.69,0.0,0.4465867291889284
39627811400453863,0.0,0.26,0.74,0.0,0.4133731862463089
39627805364849531,0.0,0.62,0.38,0.0,0.47902101111314976
39627805369042663,0.0,0.43,0.57,0.0,0.4929075185894599
39627823463272566,0.0,1.0,0.0,0.0,-0.0
39627847647626692,0.0,0.78,0.22,0.0,0.38008375148098283
39627841586858481,0.0,0.48,0.52,0.0,0.4994227679976009
39627853704203177,0.0,0.98,0.02,0.0,0.07072027127091034
39627811417229305,0.0,0.68,0.32,0.0,0.45219072886224687
39627841586860200,0.0,0.28,0.72,0.0,0.4277254052800653
39627847647629586,0.0,0.45,0.55,0.0,0.49638722699390414
39627829536625573,0.0,0.57,0.43,0.0,0.4929075185894599
39627811417229439,0.0,0.86,0.14,0.0,0.292119405821428
39627829519844683,0.0,0.02,0.96,0.02,0.14114609454120738
39627811400454034,0.0,0.04,0.96,0.0,0.12114609454120741
39627859731416162,0.0,0.2,0.8,0.0,0.36096404744368116
39627847647628920,0.0,0.82,0.18,0.0,0.34003852286413994
39627823505213741,0.0,0.89,0.11,0.0,0.249957979082264
39627847647628501,0.0,0.92,0.08,0.0,0.2010895951011364
39627829519844365,0.0,0.23,0.77,0.0,0.38900565177326885
39627811400454365,0.0,0.6,0.4,0.0,0.4854752972273343
39627841595250112,0.0,0.0,1.0,0.0,-0.0
39627841595245251,0.0,0.69,0.31,0.0,0.4465867291889284
39627847647628928,0.0,0.39,0.61,0.0,0.4823997742525436
39627811417229500,0.0,0.43,0.57,0.0,0.4929075185894599
39627841595248755,0.0,0.04,0.96,0.0,0.12114609454120741
39627853670649686,0.0,0.88,0.12,0.0,0.2646804326436822
39627853670649824,0.01,0.11,0.88,0.0,0.28950944366190023
39627859702059758,0.0,0.92,0.08,0.0,0.2010895951011364
39627841599439869,0.0,0.83,0.17,0.0,0.32885238937210975
39627823505213703,0.0,0.81,0.19,0.0,0.3507357299419487
39627817423473977,0.0,0.18,0.82,0.0,0.34003852286413994
39627817427668044,0.0,0.99,0.01,0.0,0.04039656794795559
39627829536625231,0.0,0.59,0.41,0.0,0.488250234378912
39627841603636030,0.0,0.94,0.06,0.0,0.16372245957723813
39627841607828618,0.0,0.85,0.15,0.0,0.3049201523582002
39627829540815130,0.0,0.88,0.12,0.0,0.2646804326436822
39627817436053634,0.0,0.62,0.38,0.0,0.47902101111314976
39627811413035216,0.0,0.35,0.65,0.0,0.4670340276877455
39627805369044069,0.0,0.38,0.62,0.0,0.47902101111314976
39627823480046314,0.0,0.02,0.97,0.01,0.11097036642660543
39627805369044556,0.0,0.19,0.81,0.0,0.3507357299419487
39627805364851179,0.0,0.8,0.2,0.0,0.36096404744368116
39627817431864584,0.0,0.46,0.54,0.0,0.49768921941011285
39627805356461623,0.0,0.67,0.33,0.0,0.4574631863898637
39627805364850039,0.0,0.31,0.69,0.0,0.4465867291889284
39627823463269792,0.0,0.98,0.02,0.0,0.07072027127091034
39627841595244580,0.0,0.04,0.96,0.0,0.12114609454120741
39627805364850052,0.0,0.0,0.99,0.01,0.04039656794795559
39627841595244682,0.0,0.13,0.87,0.0,0.2787190925139945
39627805364850674,0.0,1.0,0.0,0.0,-0.0
39627805364850739,0.0,0.64,0.36,0.0,0.4713415946277461
39627859739804129,0.0,0.03,0.97,0.0,0.0971959289157881
39627847635042353,0.0,0.03,0.97,0.0,0.0971959289157881
39627823463269969,0.01,0.99,0.0,0.0,0.04039656794795559
39627847647625305,0.0,1.0,0.0,0.0,-0.0
39627835542864198,0.0,0.6,0.4,0.0,0.4854752972273343
39627835580615894,0.0,0.03,0.97,0.0,0.0971959289157881
39627811400453407,0.0,0.91,0.09,0.0,0.21823490853205144
39627835542868161,0.0,0.0,1.0,0.0,-0.0
39627811417228758,0.0,0.41,0.59,0.0,0.488250234378912
39627847626654598,0.0,0.02,0.98,0.0,0.07072027127091034
39627853695816669,0.0,1.0,0.0,0.0,-0.0
39627811400453892,0.0,0.34,0.66,0.0,0.46240935248651505
39627829503067936,0.0,0.35,0.65,0.0,0.4670340276877455
39627865767022908,0.0,0.68,0.32,0.0,0.45219072886224687
39627847618269958,0.0,0.52,0.48,0.0,0.4994227679976009
39627823496824047,0.0,0.3,0.7,0.0,0.44064544961534635
39627847626654347,0.0,0.45,0.55,0.0,0.49638722699390414
39627811400453551,0.0,0.05,0.94,0.01,0.1832231322266888
39627841582665399,0.0,0.87,0.13,0.0,0.2787190925139945
39627865775409340,0.0,0.81,0.19,0.0,0.3507357299419487
39627811400454981,0.0,0.07,0.93,0.0,0.18296182545011158
39627865762825464,0.0,0.89,0.11,0.0,0.249957979082264
39627829545010496,0.0,0.76,0.24,0.0,0.39752013969226113
39627829524040149,0.0,0.76,0.24,0.0,0.39752013969226113
39627853700005950,0.0,0.12,0.88,0.0,0.2646804326436822
39627835551257574,0.0,0.77,0.23,0.0,0.38900565177326885
39627853691619451,0.0,0.73,0.27,0.0,0.42073231810408784
39627817431860720,0.0,0.18,0.82,0.0,0.34003852286413994
39627841586857060,0.0,0.26,0.74,0.0,0.4133731862463089
39627859714638359,0.0,0.72,0.28,0.0,0.4277254052800653
39627859714638387,0.0,0.99,0.01,0.0,0.04039656794795559
39627835580614300,0.0,0.72,0.28,0.0,0.4277254052800653
39627817431862661,0.01,0.98,0.01,0.0,0.08072027127091033
39627829545010243,0.0,0.44,0.56,0.0,0.4947937606110278
39627859714639706,0.0,0.47,0.53,0.0,0.4987007942838698
39627835555448965,0.0,0.36,0.64,0.0,0.4713415946277461
39627841582663751,0.0,0.09,0.91,0.0,0.21823490853205144
39627859739804335,0.0,0.04,0.95,0.01,0.16124668093016215
39627859739804338,0.0,0.01,0.96,0.03,0.13737165703039006
39627859714639756,0.0,0.03,0.97,0.0,0.0971959289157881
39627817448638025,0.0,0.32,0.68,0.0,0.45219072886224687
39627829503067700,0.0,0.0,0.98,0.02,0.07072027127091034
39627859714639816,0.0,0.12,0.88,0.0,0.2646804326436822
39627835555448739,0.0,0.43,0.57,0.0,0.4929075185894599
39627811400453663,0.0,1.0,0.0,0.0,-0.0
39627811396259359,0.0,0.19,0.81,0.0,0.3507357299419487
39627835551256070,0.0,0.78,0.22,0.0,0.38008375148098283
39627841624606878,0.0,0.97,0.03,0.0,0.0971959289157881
39627829507261241,0.0,0.03,0.91,0.06,0.2595582210645035
39627817427666809,0.0,0.43,0.57,0.0,0.4929075185894599
39627841624606733,0.0,0.51,0.49,0.0,0.49985572087640495
39627835542863973,0.0,0.39,0.61,0.0,0.4823997742525436
39627811400453335,0.0,0.33,0.67,0.0,0.4574631863898637
39627847622464015,0.0,0.05,0.95,0.0,0.14319847855797813
39627841607832233,0.0,0.67,0.33,0.0,0.4574631863898637
39627811396258758,0.0,0.82,0.18,0.0,0.34003852286413994
39627871785848944,0.0,0.46,0.54,0.0,0.49768921941011285
39627871785848743,0.0,0.68,0.32,0.0,0.45219072886224687
39627859706251606,0.0,0.5,0.5,0.0,0.5
39627853704204453,0.0,0.71,0.29,0.0,0.43436062316970225
39627859706251637,0.0,0.51,0.49,0.0,0.49985572087640495
39627865741854270,0.0,0.94,0.06,0.0,0.16372245957723813
39627829507261514,0.0,0.75,0.25,0.0,0.4056390622295664
39627841599444805,0.01,0.85,0.14,0.0,0.33142210248480686
39627829503068092,0.0,0.18,0.82,0.0,0.34003852286413994
39627817440247870,0.0,0.45,0.55,0.0,0.49638722699390414
39627871785849258,0.0,0.07,0.93,0.0,0.18296182545011158
39627847660211624,0.0,0.97,0.03,0.0,0.0971959289157881
39627823496826031,0.0,0.48,0.52,0.0,0.4994227679976009
39627853683233380,0.0,0.86,0.14,0.0,0.292119405821428
39627865771213589,0.0,0.99,0.01,0.0,0.04039656794795559
39627847660211860,0.0,0.33,0.67,0.0,0.4574631863898637
39627865750246174,0.0,0.72,0.28,0.0,0.4277254052800653
39627805356461664,0.0,0.71,0.29,0.0,0.43436062316970225
39627847643436640,0.0,0.91,0.09,0.0,0.21823490853205144
39627841591052243,0.0,0.0,0.99,0.01,0.04039656794795559
39627865750246003,0.0,0.16,0.84,0.0,0.3171547773202831
39627865750245753,0.0,0.08,0.92,0.0,0.2010895951011364
39627841591052259,0.0,0.03,0.97,0.0,0.0971959289157881
39627811400452794,0.0,0.18,0.82,0.0,0.34003852286413994
39627811400452733,0.0,0.87,0.13,0.0,0.2787190925139945
39627865750245779,0.0,0.53,0.47,0.0,0.4987007942838698
39627865750246092,0.0,0.15,0.85,0.0,0.3049201523582002
39627841624607748,0.0,0.34,0.66,0.0,0.46240935248651505
39627829536621094,0.0,1.0,0.0,0.0,-0.0
39627811396259185,0.0,0.48,0.52,0.0,0.4994227679976009
39627811396259395,0.0,0.74,0.26,0.0,0.4133731862463089
39627871781654644,0.0,0.08,0.91,0.01,0.24088153359695552
39627865746049979,0.0,0.1,0.9,0.0,0.2344977967946406
39627871790039631,0.0,0.81,0.19,0.0,0.3507357299419487
39627829519844636,0.0,0.45,0.55,0.0,0.49638722699390414
39627805369042008,0.0,0.88,0.12,0.0,0.2646804326436822
39627805369044309,0.0,0.7,0.3,0.0,0.44064544961534635
39627805373238835,0.0,0.09,0.91,0.0,0.21823490853205144
39627805369045366,0.0,0.38,0.62,0.0,0.47902101111314976
39627799325051557,0.0,0.92,0.08,0.0,0.2010895951011364
39627805373238527,0.01,0.98,0.01,0.0,0.08072027127091033
39627805364851632,0.0,0.74,0.26,0.0,0.4133731862463089
39627805369044407,0.0,0.95,0.05,0.0,0.14319847855797813
39627805369045238,0.0,0.81,0.19,0.0,0.3507357299419487
39627823501018416,0.0,0.12,0.88,0.0,0.2646804326436822
39627799325053501,0.0,0.96,0.04,0.0,0.12114609454120741
39627805369041806,0.0,0.71,0.29,0.0,0.43436062316970225
39627805369041390,0.0,1.0,0.0,0.0,-0.0
39627805369040939,0.0,0.88,0.12,0.0,0.2646804326436822
39627805356462508,0.0,0.18,0.81,0.01,0.37899559358928114
39627823501018378,0.0,0.44,0.56,0.0,0.4947937606110278
39627805364849477,0.0,0.37,0.63,0.0,0.47533604634353294
39627805369041135,0.0,0.66,0.34,0.0,0.46240935248651505
39627805356462838,0.0,0.06,0.94,0.0,0.16372245957723813
39627829540816690,0.0,0.65,0.35,0.0,0.4670340276877455
39627823505212665,0.0,0.01,0.99,0.0,0.04039656794795559
39627829540815935,0.0,0.4,0.6,0.0,0.4854752972273343
39627823492629391,0.0,0.98,0.02,0.0,0.07072027127091034
39627817448638213,0.0,0.86,0.14,0.0,0.292119405821428
39627823501018917,0.0,0.78,0.22,0.0,0.38008375148098283
39627829540816559,0.0,0.04,0.96,0.0,0.12114609454120741
39627841586856482,0.0,0.22,0.78,0.0,0.38008375148098283
39627817448639444,0.0,0.73,0.27,0.0,0.42073231810408784
39627865750245806,0.0,0.04,0.96,0.0,0.12114609454120741
39627847660213495,0.0,0.04,0.95,0.01,0.16124668093016215
39627829540816427,0.0,0.77,0.23,0.0,0.38900565177326885
39627847647629552,0.0,0.75,0.25,0.0,0.4056390622295664
39627823505213147,0.0,0.43,0.57,0.0,0.4929075185894599
39627829540816339,0.0,0.5,0.5,0.0,0.5
39627865746048354,0.0,0.43,0.57,0.0,0.4929075185894599
39627847647629698,0.0,0.81,0.19,0.0,0.3507357299419487
39627805369043309,0.0,0.85,0.15,0.0,0.3049201523582002
39627847643436790,0.0,1.0,0.0,0.0,-0.0
39627805369043364,0.0,0.17,0.83,0.0,0.32885238937210975
39627799325053105,0.0,0.86,0.14,0.0,0.292119405821428
39627805369043807,0.0,0.92,0.08,0.0,0.2010895951011364
39627847647625325,0.0,0.11,0.89,0.0,0.249957979082264
39627823492629467,0.0,0.22,0.78,0.0,0.38008375148098283
39627823505213351,0.0,0.59,0.41,0.0,0.488250234378912
39627823505213341,0.0,0.13,0.87,0.0,0.2787190925139945
39627847660212083,0.0,0.22,0.78,0.0,0.38008375148098283
39627829532427332,0.0,0.63,0.37,0.0,0.47533604634353294
39627829532427497,0.0,0.92,0.08,0.0,0.2010895951011364
39627805356461993,0.0,0.91,0.09,0.0,0.21823490853205144
39627811421422615,0.0,0.97,0.03,0.0,0.0971959289157881
39627805377432072,0.04,0.93,0.03,0.0,0.2174448102113104
39627829511456557,0.0,0.01,0.99,0.0,0.04039656794795559
39627805356461102,0.0,0.06,0.94,0.0,0.16372245957723813
39627811396258719,0.0,0.62,0.38,0.0,0.47902101111314976
39627805356462238,0.0,0.65,0.35,0.0,0.4670340276877455
39627847643435318,0.0,0.75,0.25,0.0,0.4056390622295664
39627817423472888,0.0,0.0,1.0,0.0,-0.0
39627847643435317,0.0,0.01,0.99,0.0,0.04039656794795559
39627805356461299,0.0,0.29,0.71,0.0,0.43436062316970225
39627817423473120,0.0,0.22,0.78,0.0,0.38008375148098283
39627823501017916,0.0,0.97,0.03,0.0,0.0971959289157881
39627811417229829,0.0,0.93,0.07,0.0,0.18296182545011158
39627847643434901,0.0,0.39,0.61,0.0,0.4823997742525436
39627805373238509,0.0,0.53,0.47,0.0,0.4987007942838698
39627805373238296,0.0,0.61,0.39,0.0,0.4823997742525436
39627805377432213,0.0,0.62,0.38,0.0,0.47902101111314976
39627823463271098,0.0,0.13,0.87,0.0,0.2787190925139945
39627811421423090,0.0,0.38,0.62,0.0,0.47902101111314976
39627829511455904,0.0,0.07,0.93,0.0,0.18296182545011158
39627811413034121,0.0,0.07,0.93,0.0,0.18296182545011158
39627805356461476,0.0,0.55,0.45,0.0,0.49638722699390414
39627805373237730,0.0,0.07,0.93,0.0,0.18296182545011158
39627865746048197,0.0,0.47,0.53,0.0,0.4987007942838698
39627859739805383,0.0,0.29,0.71,0.0,0.43436062316970225
39627817436057130,0.0,0.3,0.7,0.0,0.44064544961534635
39627811413034274,0.0,0.9,0.1,0.0,0.2344977967946406
39627835555448126,0.0,0.52,0.48,0.0,0.4994227679976009
39627823492632229,0.0,0.14,0.86,0.0,0.292119405821428
39627841586856746,0.0,0.05,0.95,0.0,0.14319847855797813
39627817448638301,0.0,0.51,0.49,0.0,0.49985572087640495
39627823492631749,0.0,1.0,0.0,0.0,-0.0
39627829540814936,0.0,0.02,0.98,0.0,0.07072027127091034
39627835555451464,0.0,0.28,0.72,0.0,0.4277254052800653
39627817436057319,0.0,0.08,0.92,0.0,0.2010895951011364
39627841591055131,0.0,0.03,0.97,0.0,0.0971959289157881
39627859739805472,0.0,0.08,0.92,0.0,0.2010895951011364
39627823467465146,0.0,0.73,0.27,0.0,0.42073231810408784
39627817436057293,0.0,0.86,0.14,0.0,0.292119405821428
39627817452836063,0.0,0.56,0.44,0.0,0.4947937606110278
39627841586856382,0.0,0.57,0.43,0.0,0.4929075185894599
39627847643436225,0.0,1.0,0.0,0.0,-0.0
39627811404645183,0.0,0.43,0.57,0.0,0.4929075185894599
39627817431862081,0.0,0.07,0.93,0.0,0.18296182545011158
39627847635046005,0.0,0.06,0.94,0.0,0.16372245957723813
39627871785849141,0.0,0.8,0.2,0.0,0.36096404744368116
39627847651824416,0.0,0.38,0.62,0.0,0.47902101111314976
39627853704204521,0.0,0.63,0.37,0.0,0.47533604634353294
39627847651824401,0.0,0.35,0.65,0.0,0.4670340276877455
39627847651824218,0.0,0.15,0.85,0.0,0.3049201523582002
39627847656019049,0.0,0.48,0.52,0.0,0.4994227679976009
39627847651824210,0.0,0.13,0.87,0.0,0.2787190925139945
39627823496826667,0.0,0.5,0.5,0.0,0.5
39627853691622261,0.04,0.93,0.03,0.0,0.2174448102113104
39627853695812307,0.0,0.8,0.2,0.0,0.36096404744368116
39627829515653308,0.0,0.95,0.05,0.0,0.14319847855797813
39627841616221382,0.0,0.88,0.12,0.0,0.2646804326436822
39627871794235324,0.0,0.79,0.21,0.0,0.37074136996563684
39627841599445009,0.0,0.03,0.97,0.0,0.0971959289157881
39627847647631121,0.0,0.0,0.99,0.01,0.04039656794795559
39627805373237800,0.0,0.0,0.95,0.05,0.14319847855797813
39627805356461230,0.0,0.42,0.58,0.0,0.49072694751682683
39627853679036475,0.0,0.38,0.62,0.0,0.47902101111314976
39627853679036331,0.0,0.0,1.0,0.0,-0.0
39627853679036329,0.0,0.1,0.9,0.0,0.2344977967946406
39627817448638530,0.0,0.85,0.15,0.0,0.3049201523582002
39627841616218397,0.01,0.97,0.02,0.0,0.11097036642660543
39627817431862556,0.02,0.97,0.01,0.0,0.11097036642660543
39627841616218064,0.0,0.27,0.73,0.0,0.42073231810408784
39627847651824580,0.0,0.97,0.03,0.0,0.0971959289157881
39627823480045753,0.0,0.39,0.61,0.0,0.4823997742525436
39627841591054844,0.0,0.93,0.07,0.0,0.18296182545011158
39627817431863850,0.0,0.39,0.61,0.0,0.4823997742525436
39627847656016652,0.0,0.55,0.45,0.0,0.49638722699390414
39627847656016938,0.0,0.01,0.98,0.01,0.08072027127091033
39627811417230372,0.0,0.1,0.9,0.0,0.2344977967946406
39627859702059878,0.0,0.87,0.13,0.0,0.2787190925139945
39627841582663001,0.0,0.5,0.5,0.0,0.5
39627811396257418,0.0,0.01,0.99,0.0,0.04039656794795559
39627841612022469,0.0,0.23,0.77,0.0,0.38900565177326885
39627865750243029,0.0,0.95,0.05,0.0,0.14319847855797813
39627847618268043,0.03,0.92,0.05,0.0,0.239266955218135
39627811413037614,0.0,0.16,0.84,0.0,0.3171547773202831
39627847660211326,0.0,0.19,0.81,0.0,0.3507357299419487
39627859727220837,0.0,0.76,0.24,0.0,0.39752013969226113
39627829503069895,0.0,0.94,0.06,0.0,0.16372245957723813
39627823484241803,0.0,0.13,0.87,0.0,0.2787190925139945
39627835576420916,0.0,0.89,0.11,0.0,0.249957979082264
39627811396257203,0.0,0.02,0.98,0.0,0.07072027127091034
39627859702059751,0.0,0.29,0.71,0.0,0.43436062316970225
39627835559644443,0.0,0.11,0.89,0.0,0.249957979082264
39627835559644788,0.0,0.92,0.08,0.0,0.2010895951011364
39627871781651294,0.0,0.97,0.03,0.0,0.0971959289157881
39627817427666647,0.0,0.92,0.08,0.0,0.2010895951011364
39627805364846818,0.0,0.0,1.0,0.0,-0.0
39627805364846870,0.0,0.23,0.77,0.0,0.38900565177326885
39627829532428270,0.0,0.32,0.68,0.0,0.45219072886224687
39627847626658569,0.0,0.06,0.94,0.0,0.16372245957723813
39627817427666641,0.0,0.95,0.05,0.0,0.14319847855797813
39627805364846924,0.0,0.26,0.74,0.0,0.4133731862463089
39627829503069666,0.0,0.0,1.0,0.0,-0.0
39627835589002426,0.0,0.06,0.94,0.0,0.16372245957723813
39627829503067445,0.0,0.62,0.38,0.0,0.47902101111314976
39627853687426638,0.0,0.04,0.96,0.0,0.12114609454120741
39627823480046565,0.0,0.6,0.4,0.0,0.4854752972273343
39627829507262126,0.0,0.36,0.64,0.0,0.4713415946277461
39627859710444429,0.0,0.64,0.36,0.0,0.4713415946277461
39627811396259618,0.0,0.19,0.81,0.0,0.3507357299419487
39627829507262146,0.0,0.35,0.65,0.0,0.4670340276877455
39627835555447841,0.0,0.65,0.35,0.0,0.4670340276877455
39627829507265267,0.0,0.2,0.8,0.0,0.36096404744368116
39627835555448109,0.0,0.3,0.7,0.0,0.44064544961534635
39627859714641021,0.0,0.3,0.7,0.0,0.44064544961534635
39627841586856122,0.0,0.5,0.5,0.0,0.5
39627865771213367,0.0,0.19,0.81,0.0,0.3507357299419487
39627847626653938,0.0,0.76,0.24,0.0,0.39752013969226113
39627817436057607,0.0,0.82,0.18,0.0,0.34003852286413994
39627865767023124,0.0,0.04,0.95,0.01,0.16124668093016215
39627847626654118,0.0,0.62,0.38,0.0,0.47902101111314976
39627835542864303,0.0,0.32,0.68,0.0,0.45219072886224687
39627853670647728,0.0,0.31,0.69,0.0,0.4465867291889284
39627823484243492,0.0,0.17,0.83,0.0,0.32885238937210975
39627835580615544,0.0,0.32,0.68,0.0,0.45219072886224687
39627847626658179,0.0,0.61,0.39,0.0,0.4823997742525436
39627829507260623,0.0,0.32,0.68,0.0,0.45219072886224687
39627829507260732,0.0,0.3,0.7,0.0,0.44064544961534635
39627853691618700,0.0,0.69,0.31,0.0,0.4465867291889284
39627865741856894,0.0,0.39,0.61,0.0,0.4823997742525436
39627853691618406,0.0,0.2,0.8,0.0,0.36096404744368116
39627865741856805,0.0,0.53,0.47,0.0,0.4987007942838698
39627853691617894,0.0,0.02,0.98,0.0,0.07072027127091034
39627823471658591,0.0,0.74,0.26,0.0,0.4133731862463089
39627865741856606,0.0,0.0,0.98,0.02,0.07072027127091034
39627865741856513,0.0,0.48,0.52,0.0,0.4994227679976009
39627865750243584,0.0,0.4,0.6,0.0,0.4854752972273343
39627853700010122,0.0,0.94,0.06,0.0,0.16372245957723813
39627865750243638,0.0,0.63,0.37,0.0,0.47533604634353294
39627859706250007,0.0,0.97,0.03,0.0,0.0971959289157881
39627829503068245,0.0,0.02,0.98,0.0,0.07072027127091034
39627829507260748,0.0,0.06,0.94,0.0,0.16372245957723813
39627829507260735,0.0,0.99,0.01,0.0,0.04039656794795559
39627811400453482,0.0,0.79,0.21,0.0,0.37074136996563684
39627823484242018,0.0,0.31,0.69,0.0,0.4465867291889284
39627859714642084,0.0,0.76,0.24,0.0,0.39752013969226113
39627853670647986,0.0,0.85,0.15,0.0,0.3049201523582002
39627841582666353,0.0,0.19,0.81,0.0,0.3507357299419487
39627829540819177,0.0,0.97,0.03,0.0,0.0971959289157881
39627853687426924,0.0,0.62,0.38,0.0,0.47902101111314976
39627829503067985,0.0,1.0,0.0,0.0,-0.0
39627829503067786,0.0,0.96,0.04,0.0,0.12114609454120741
39627835555447799,0.0,0.42,0.58,0.0,0.49072694751682683
39627853687427033,0.0,0.05,0.95,0.0,0.14319847855797813
39627853687427086,0.0,0.27,0.73,0.0,0.42073231810408784
39627841612026433,0.0,0.87,0.13,0.0,0.2787190925139945
39627841612026446,0.0,0.3,0.7,0.0,0.44064544961534635
39627853691621157,0.0,0.01,0.99,0.0,0.04039656794795559
39627811400453246,0.0,0.95,0.05,0.0,0.14319847855797813
39627835538673110,0.0,0.62,0.38,0.0,0.47902101111314976
39627853670647438,0.0,0.46,0.54,0.0,0.49768921941011285
39627829536622778,0.0,0.75,0.25,0.0,0.4056390622295664
39627853670647471,0.0,0.53,0.47,0.0,0.4987007942838698
39627865767020605,0.0,0.03,0.97,0.0,0.0971959289157881
39627805369045488,0.0,0.94,0.06,0.0,0.16372245957723813
39627847643434494,0.0,0.0,0.96,0.04,0.12114609454120741
39627823505213913,0.0,0.96,0.04,0.0,0.12114609454120741
39627853679036747,0.0,0.2,0.8,0.0,0.36096404744368116
39627853679036690,0.0,0.25,0.75,0.0,0.4056390622295664
39627871781651223,0.0,0.94,0.06,0.0,0.16372245957723813
39627871781651152,0.0,0.62,0.38,0.0,0.47902101111314976
39627835555451018,0.0,0.03,0.97,0.0,0.0971959289157881
39627859723032218,0.0,0.65,0.35,0.0,0.4670340276877455
39627859714642563,0.0,0.39,0.61,0.0,0.4823997742525436
39627871794237378,0.08,0.91,0.01,0.0,0.24088153359695552
39627835555451735,0.0,0.02,0.98,0.0,0.07072027127091034
39627853683232818,0.0,0.96,0.04,0.0,0.12114609454120741
39627811408840808,0.0,0.85,0.15,0.0,0.3049201523582002
39627835555451422,0.0,0.51,0.49,0.0,0.49985572087640495
39627835555451691,0.0,0.21,0.79,0.0,0.37074136996563684
39627811396256955,0.0,0.4,0.6,0.0,0.4854752972273343
39627859735611965,0.0,0.56,0.44,0.0,0.4947937606110278
39627817427666883,0.0,0.87,0.13,0.0,0.2787190925139945
39627829515652932,0.0,0.7,0.3,0.0,0.44064544961534635
39627847618270045,0.0,0.01,0.99,0.0,0.04039656794795559
39627865746049146,0.0,0.01,0.99,0.0,0.04039656794795559
39627829515652178,0.0,0.07,0.93,0.0,0.18296182545011158
39627853700010048,0.0,0.15,0.85,0.0,0.3049201523582002
39627853700010307,0.0,0.55,0.45,0.0,0.49638722699390414
39627811396257579,0.0,0.75,0.25,0.0,0.4056390622295664
39627853700010176,0.0,0.26,0.74,0.0,0.4133731862463089
39627865754436143,0.0,0.68,0.32,0.0,0.45219072886224687
39627847651821088,0.0,0.9,0.1,0.0,0.2344977967946406
39627847626658244,0.0,0.06,0.94,0.0,0.16372245957723813
39627847660210084,0.0,1.0,0.0,0.0,-0.0
39627871794234709,0.0,0.9,0.1,0.0,0.2344977967946406
39627817461219536,0.0,0.29,0.71,0.0,0.43436062316970225
39627865754436379,0.0,0.95,0.05,0.0,0.14319847855797813
39627817461219559,0.0,0.54,0.46,0.0,0.49768921941011285
39627865754436166,0.0,0.52,0.48,0.0,0.4994227679976009
39627853700010225,0.0,0.93,0.07,0.0,0.18296182545011158
39627829524039704,0.0,0.0,0.95,0.05,0.14319847855797813
39627817427666796,0.0,0.28,0.72,0.0,0.4277254052800653
39627835538672895,0.0,0.78,0.22,0.0,0.38008375148098283
39627829515652848,0.0,0.75,0.25,0.0,0.4056390622295664
39627829524039732,0.0,1.0,0.0,0.0,-0.0
39627865746049535,0.0,0.51,0.49,0.0,0.49985572087640495
39627871781651822,0.0,0.42,0.58,0.0,0.49072694751682683
39627865754435781,0.0,0.91,0.09,0.0,0.21823490853205144
39627847656016371,0.0,0.32,0.68,0.0,0.45219072886224687
39627847651820863,0.0,0.38,0.62,0.0,0.47902101111314976
39627847656014369,0.0,0.32,0.68,0.0,0.45219072886224687
39627835563836358,0.0,0.82,0.18,0.0,0.34003852286413994
39627829532430204,0.0,0.5,0.5,0.0,0.5
39627823484240500,0.0,0.0,1.0,0.0,-0.0
39627847651823305,0.0,0.89,0.11,0.0,0.249957979082264
39627835559643114,0.0,0.85,0.15,0.0,0.3049201523582002
39627841591053072,0.0,0.02,0.98,0.0,0.07072027127091034
39627865758630480,0.0,0.18,0.82,0.0,0.34003852286413994
39627823467466688,0.0,0.09,0.91,0.0,0.21823490853205144
39627805356459938,0.0,0.3,0.7,0.0,0.44064544961534635
39627811417231037,0.0,0.25,0.75,0.0,0.4056390622295664
39627847656016533,0.01,0.97,0.02,0.0,0.11097036642660543
39627847626658172,0.0,0.07,0.93,0.0,0.18296182545011158
39627853662258082,0.0,0.26,0.74,0.0,0.4133731862463089
39627805356459867,0.0,0.49,0.51,0.0,0.49985572087640495
39627829540816024,0.0,0.07,0.93,0.0,0.18296182545011158
39627811392066365,0.0,0.1,0.9,0.0,0.2344977967946406
39627811421424136,0.0,0.21,0.79,0.0,0.37074136996563684
39627811417231480,0.0,0.17,0.83,0.0,0.32885238937210975
39627847656016671,0.0,0.68,0.32,0.0,0.45219072886224687
39627811421424332,0.0,0.45,0.55,0.0,0.49638722699390414
39627835580615926,0.0,0.41,0.59,0.0,0.488250234378912
39627823501021126,0.0,0.37,0.63,0.0,0.47533604634353294
39627835538673077,0.0,0.66,0.34,0.0,0.46240935248651505
39627823501021176,0.0,0.84,0.16,0.0,0.3171547773202831
39627853695814078,0.0,0.49,0.51,0.0,0.49985572087640495
39627817431859549,0.0,0.89,0.11,0.0,0.249957979082264
39627823501021078,0.0,0.0,1.0,0.0,-0.0
39627811408843561,0.0,0.9,0.1,0.0,0.2344977967946406
39627829528237192,0.0,0.0,0.98,0.02,0.07072027127091034
39627865741856761,0.0,0.62,0.38,0.0,0.47902101111314976
39627847651820935,0.0,0.55,0.45,0.0,0.49638722699390414
39627847630853432,0.0,0.93,0.07,0.0,0.18296182545011158
39627817452831215,0.0,0.9,0.1,0.0,0.2344977967946406
39627847656015799,0.0,0.54,0.46,0.0,0.49768921941011285
39627853670647920,0.0,0.43,0.57,0.0,0.4929075185894599
39627823501021138,0.0,0.8,0.2,0.0,0.36096404744368116
39627823475852474,0.0,0.58,0.42,0.0,0.49072694751682683
39627823501019913,0.0,0.01,0.99,0.0,0.04039656794795559
39627823501020834,0.0,0.01,0.99,0.0,0.04039656794795559
39627823501020028,0.0,0.31,0.69,0.0,0.4465867291889284
39627823471659587,0.0,0.94,0.06,0.0,0.16372245957723813
39627823501019993,0.0,0.04,0.96,0.0,0.12114609454120741
39627841612025360,0.0,0.19,0.81,0.0,0.3507357299419487
39627841607831707,0.0,0.61,0.39,0.0,0.4823997742525436
39627853695814431,0.0,0.39,0.61,0.0,0.4823997742525436
39627859714638427,0.0,0.69,0.31,0.0,0.4465867291889284
39627871781653099,0.0,0.05,0.95,0.0,0.14319847855797813
39627811417228689,0.0,0.04,0.96,0.0,0.12114609454120741
39627859714638172,0.0,0.16,0.84,0.0,0.3171547773202831
39627871781654419,0.0,0.81,0.19,0.0,0.3507357299419487
39627829515652093,0.0,0.39,0.61,0.0,0.4823997742525436
39627853683232729,0.0,0.96,0.04,0.0,0.12114609454120741
39627865771216632,0.0,0.0,0.84,0.16,0.3171547773202831
39627853683232825,0.0,0.98,0.02,0.0,0.07072027127091034
39627811417227333,0.0,0.1,0.9,0.0,0.2344977967946406
39627865771216908,0.0,0.99,0.01,0.0,0.04039656794795559
39627823471659142,0.0,0.02,0.98,0.0,0.07072027127091034
39627823471662870,0.0,0.63,0.37,0.0,0.47533604634353294
39627823471659391,0.0,0.98,0.02,0.0,0.07072027127091034
39627817431864029,0.0,0.1,0.9,0.0,0.2344977967946406
39627859718832811,0.0,0.66,0.34,0.0,0.46240935248651505
39627859718832823,0.0,0.5,0.5,0.0,0.5
39627871781654267,0.0,0.0,1.0,0.0,-0.0
39627841607831211,0.0,0.9,0.1,0.0,0.2344977967946406
39627805360657482,0.0,0.92,0.08,0.0,0.2010895951011364
39627805360657693,0.0,0.62,0.38,0.0,0.47902101111314976
39627805364848739,0.0,0.09,0.91,0.0,0.21823490853205144
39627805356462780,0.0,0.61,0.39,0.0,0.4823997742525436
39627805356462834,0.0,0.01,0.99,0.0,0.04039656794795559
39627841595245496,0.0,0.14,0.86,0.0,0.292119405821428
39627859718837989,0.0,0.17,0.83,0.0,0.32885238937210975
39627865754437473,0.0,0.79,0.21,0.0,0.37074136996563684
39627865767022991,0.0,0.38,0.62,0.0,0.47902101111314976
39627847660210992,0.0,0.16,0.84,0.0,0.3171547773202831
39627847660211538,0.01,0.89,0.1,0.0,0.27413031336294724
39627847660211840,0.0,0.91,0.09,0.0,0.21823490853205144
39627811417230728,0.01,0.77,0.22,0.0,0.41867779866972266
39627829511459194,0.0,0.2,0.8,0.0,0.36096404744368116
39627847647625600,0.0,0.02,0.98,0.0,0.07072027127091034
39627829511459234,0.0,0.07,0.93,0.0,0.18296182545011158
39627805364850288,0.0,0.96,0.04,0.0,0.12114609454120741
39627823505213676,0.0,0.05,0.95,0.0,0.14319847855797813
39627841586858365,0.0,0.0,0.99,0.01,0.04039656794795559
39627835580615805,0.0,0.45,0.55,0.0,0.49638722699390414
39627853670649007,0.0,0.32,0.68,0.0,0.45219072886224687
39627841586858425,0.0,0.02,0.98,0.0,0.07072027127091034
39627811396259223,0.0,0.85,0.15,0.0,0.3049201523582002
39627859718835938,0.0,0.24,0.76,0.0,0.39752013969226113
39627841586858440,0.0,0.01,0.95,0.04,0.16124668093016215
39627847626653841,0.0,0.69,0.31,0.0,0.4465867291889284
39627829519843367,0.0,0.1,0.9,0.0,0.2344977967946406
39627841586858477,0.0,0.0,0.93,0.07,0.18296182545011158
39627835580615855,0.0,0.2,0.8,0.0,0.36096404744368116
39627823471658707,0.0,1.0,0.0,0.0,-0.0
39627841582664618,0.0,0.23,0.77,0.0,0.38900565177326885
39627859710445439,0.0,0.03,0.97,0.0,0.0971959289157881
39627853670648756,0.0,0.14,0.86,0.0,0.292119405821428
39627859710445179,0.0,0.65,0.35,0.0,0.4670340276877455
39627823505213508,0.0,0.01,0.9,0.09,0.2579475764741046
39627865754438616,0.0,0.57,0.43,0.0,0.4929075185894599
39627871781655119,0.0,0.99,0.01,0.0,0.04039656794795559
39627835555452257,0.0,0.58,0.42,0.0,0.49072694751682683
39627865746049390,0.0,0.0,1.0,0.0,-0.0
39627841612021887,0.0,0.86,0.14,0.0,0.292119405821428
39627805364848428,0.0,0.14,0.86,0.0,0.292119405821428
39627865746049548,0.0,0.99,0.01,0.0,0.04039656794795559
39627865746049768,0.0,0.48,0.52,0.0,0.4994227679976009
39627835555452107,0.0,0.15,0.85,0.0,0.3049201523582002
39627811413035031,0.0,0.01,0.99,0.0,0.04039656794795559
39627805356462615,0.0,0.54,0.46,0.0,0.49768921941011285
39627805356462521,0.0,1.0,0.0,0.0,-0.0
39627805364850891,0.0,0.46,0.54,0.0,0.49768921941011285
39627841612022922,0.0,0.85,0.15,0.0,0.3049201523582002
39627811417231242,0.0,0.79,0.21,0.0,0.37074136996563684
39627811417230215,0.0,0.05,0.95,0.0,0.14319847855797813
39627823463271290,0.0,1.0,0.0,0.0,-0.0
39627805373238292,0.0,0.58,0.42,0.0,0.49072694751682683
39627805356461450,0.0,0.76,0.24,0.0,0.39752013969226113
39627805356462378,0.0,0.48,0.52,0.0,0.4994227679976009
39627811421424669,0.0,0.48,0.52,0.0,0.4994227679976009
39627805356462476,0.0,0.22,0.78,0.0,0.38008375148098283
39627805373238127,0.0,0.05,0.85,0.1,0.373792339912287
39627805373238475,0.0,0.98,0.02,0.0,0.07072027127091034
39627823475851588,0.0,0.43,0.57,0.0,0.4929075185894599
39627823492630790,0.0,1.0,0.0,0.0,-0.0
39627859735611668,0.0,0.53,0.47,0.0,0.4987007942838698
39627829515653064,0.0,0.0,1.0,0.0,-0.0
39627823471659030,0.0,0.58,0.42,0.0,0.49072694751682683
39627841599442941,0.0,0.94,0.06,0.0,0.16372245957723813
39627823471658811,0.0,0.09,0.91,0.0,0.21823490853205144
39627853695815613,0.0,0.12,0.88,0.0,0.2646804326436822
39627811417228841,0.0,0.92,0.08,0.0,0.2010895951011364
39627823492630329,0.0,0.94,0.06,0.0,0.16372245957723813
39627823471659202,0.0,0.25,0.75,0.0,0.4056390622295664
39627811413034636,0.0,0.0,0.73,0.27,0.42073231810408784
39627811413034571,0.0,0.81,0.19,0.0,0.3507357299419487
39627871781653222,0.0,0.88,0.12,0.0,0.2646804326436822
39627811413034560,0.0,0.64,0.36,0.0,0.4713415946277461
39627811413034526,0.0,0.37,0.63,0.0,0.47533604634353294
39627811413034864,0.0,0.0,0.96,0.04,0.12114609454120741
39627823471658865,0.0,1.0,0.0,0.0,-0.0
39627859710444659,0.0,0.39,0.61,0.0,0.4823997742525436
39627823480046097,0.0,0.32,0.68,0.0,0.45219072886224687
39627823505215089,0.01,0.99,0.0,0.0,0.04039656794795559
39627823505215040,0.0,0.73,0.27,0.0,0.42073231810408784
39627817465414732,0.04,0.92,0.04,0.0,0.24108959510113642
39627847643436457,0.0,0.56,0.44,0.0,0.4947937606110278
39627835589003489,0.0,0.92,0.08,0.0,0.2010895951011364
39627829515649956,0.0,0.98,0.02,0.0,0.07072027127091034
39627847651823366,0.0,0.99,0.01,0.0,0.04039656794795559
39627847635044891,0.0,0.01,0.99,0.0,0.04039656794795559
39627817457026233,0.0,0.03,0.97,0.0,0.0971959289157881
39627829536624974,0.0,0.28,0.72,0.0,0.4277254052800653
39627829519843756,0.0,0.03,0.97,0.0,0.0971959289157881
39627817452834838,0.0,0.23,0.77,0.0,0.38900565177326885
39627871781654046,0.0,0.93,0.07,0.0,0.18296182545011158
39627859718832753,0.0,0.88,0.12,0.0,0.2646804326436822
39627871781654270,0.0,0.51,0.49,0.0,0.49985572087640495
39627871781653971,0.0,0.63,0.37,0.0,0.47533604634353294
39627859718833491,0.0,0.0,1.0,0.0,-0.0
39627829511460466,0.0,0.12,0.88,0.0,0.2646804326436822
39627829511460471,0.0,0.99,0.01,0.0,0.04039656794795559
39627847635045224,0.0,0.46,0.54,0.0,0.49768921941011285
39627829511460245,0.0,0.91,0.09,0.0,0.21823490853205144
39627829511460014,0.0,0.74,0.26,0.0,0.4133731862463089
39627841591054311,0.0,0.35,0.65,0.0,0.4670340276877455
39627841591054434,0.0,0.2,0.8,0.0,0.36096404744368116
39627829519843699,0.0,0.53,0.47,0.0,0.4987007942838698
39627829503066187,0.0,0.6,0.4,0.0,0.4854752972273343
39627811404645452,0.0,0.29,0.71,0.0,0.43436062316970225
39627829515649945,0.0,0.91,0.09,0.0,0.21823490853205144
39627847664405531,0.0,0.76,0.24,0.0,0.39752013969226113
39627811404645236,0.0,0.73,0.27,0.0,0.42073231810408784
39627841599441859,0.0,0.29,0.71,0.0,0.43436062316970225
39627811404645352,0.0,0.3,0.7,0.0,0.44064544961534635
39627841599442188,0.0,0.51,0.49,0.0,0.49985572087640495
39627841599442190,0.0,0.7,0.3,0.0,0.44064544961534635
39627829515650126,0.0,0.94,0.06,0.0,0.16372245957723813
39627847664405711,0.0,0.63,0.37,0.0,0.47533604634353294
39627817452835054,0.0,0.0,1.0,0.0,-0.0
39627829524039230,0.0,0.1,0.9,0.0,0.2344977967946406
39627841624608569,0.0,0.85,0.15,0.0,0.3049201523582002
39627841612025258,0.0,0.76,0.24,0.0,0.39752013969226113
39627853700008098,0.0,0.55,0.45,0.0,0.49638722699390414
39627811417228265,0.0,0.09,0.91,0.0,0.21823490853205144
39627841624608617,0.0,0.08,0.92,0.0,0.2010895951011364
39627847639238903,0.0,0.54,0.46,0.0,0.49768921941011285
39627829519845821,0.0,0.01,0.99,0.0,0.04039656794795559
39627841591054394,0.0,0.11,0.89,0.0,0.249957979082264
39627847664403869,0.0,0.18,0.82,0.0,0.34003852286413994
39627865746047211,0.0,0.98,0.02,0.0,0.07072027127091034
39627847664403865,0.0,0.34,0.66,0.0,0.46240935248651505
39627823463271316,0.0,0.2,0.8,0.0,0.36096404744368116
39627829519846560,0.0,0.51,0.49,0.0,0.49985572087640495
39627811396258606,0.0,0.55,0.45,0.0,0.49638722699390414
39627811400451322,0.0,0.02,0.92,0.06,0.23354072007950172
39627859706252726,0.0,0.3,0.7,0.0,0.44064544961534635
39627859706252797,0.0,0.26,0.74,0.0,0.4133731862463089
39627859706252879,0.0,0.81,0.19,0.0,0.3507357299419487
39627847626654680,0.0,0.79,0.21,0.0,0.37074136996563684
39627841591054185,0.0,0.3,0.7,0.0,0.44064544961534635
39627865746047006,0.0,0.57,0.43,0.0,0.4929075185894599
39627817436057623,0.0,0.24,0.76,0.0,0.39752013969226113
39627817444447039,0.0,0.04,0.96,0.0,0.12114609454120741
39627865775407290,0.0,0.39,0.61,0.0,0.4823997742525436
39627835542864861,0.0,0.76,0.24,0.0,0.39752013969226113
39627853695814892,0.0,0.53,0.47,0.0,0.4987007942838698
39627865775407296,0.0,0.92,0.08,0.0,0.2010895951011364
39627829511459700,0.0,0.0,1.0,0.0,-0.0
39627835542865239,0.0,0.54,0.46,0.0,0.49768921941011285
39627817457025704,0.0,0.2,0.8,0.0,0.36096404744368116
39627829511459656,0.0,0.77,0.23,0.0,0.38900565177326885
39627835584809439,0.0,0.0,0.99,0.01,0.04039656794795559
39627865746048945,0.0,0.58,0.42,0.0,0.49072694751682683
39627865767023030,0.0,1.0,0.0,0.0,-0.0
39627823496824894,0.0,0.15,0.85,0.0,0.3049201523582002
39627865741857058,0.0,0.13,0.87,0.0,0.2787190925139945
39627829503067161,0.0,0.43,0.57,0.0,0.4929075185894599
39627835584811437,0.0,0.07,0.93,0.0,0.18296182545011158
39627835559641363,0.01,0.97,0.02,0.0,0.11097036642660543
39627865775407301,0.0,0.67,0.33,0.0,0.4574631863898637
39627835572228802,0.0,0.0,1.0,0.0,-0.0
39627823480046338,0.0,0.07,0.93,0.0,0.18296182545011158
39627817457028759,0.0,0.05,0.93,0.02,0.21317104534994366
39627829536624814,0.0,0.24,0.76,0.0,0.39752013969226113
39627853700010057,0.0,0.05,0.95,0.0,0.14319847855797813
39627841591052406,0.0,0.47,0.53,0.0,0.4987007942838698
39627841616218578,0.0,0.0,1.0,0.0,-0.0
39627817457025391,0.0,0.73,0.27,0.0,0.42073231810408784
39627835580613305,0.0,0.67,0.33,0.0,0.4574631863898637
39627841616218445,0.0,0.0,0.99,0.01,0.04039656794795559
39627817457028602,0.0,0.9,0.1,0.0,0.2344977967946406
39627829536624798,0.0,0.16,0.84,0.0,0.3171547773202831
39627823480046428,0.0,0.78,0.22,0.0,0.38008375148098283
39627853700010386,0.0,0.88,0.12,0.0,0.2646804326436822
39627835559641420,0.0,0.76,0.24,0.0,0.39752013969226113
39627859727221210,0.0,0.03,0.97,0.0,0.0971959289157881
39627823480046553,0.01,0.9,0.09,0.0,0.2579475764741046
39627847626654237,0.0,0.05,0.94,0.01,0.1832231322266888
39627841607831427,0.0,0.73,0.27,0.0,0.42073231810408784
39627811392063452,0.0,0.71,0.29,0.0,0.43436062316970225
39627823480046632,0.0,0.95,0.05,0.0,0.14319847855797813
39627829515651970,0.0,0.99,0.01,0.0,0.04039656794795559
39627829536624903,0.0,0.44,0.56,0.0,0.4947937606110278
39627829545011191,0.0,0.4,0.6,0.0,0.4854752972273343
39627841591051052,0.0,0.6,0.4,0.0,0.4854752972273343
39627829545011098,0.0,0.0,0.99,0.01,0.04039656794795559
39627841612024814,0.0,0.81,0.19,0.0,0.3507357299419487
39627841607831846,0.0,0.1,0.9,0.0,0.2344977967946406
39627847639238954,0.0,0.12,0.88,0.0,0.2646804326436822
39627847639239002,0.0,0.98,0.02,0.0,0.07072027127091034
39627847639239311,0.0,0.0,0.88,0.12,0.2646804326436822
39627865741857142,0.0,0.27,0.73,0.0,0.42073231810408784
39627859718836098,0.0,0.03,0.97,0.0,0.0971959289157881
39627859710446820,0.0,0.71,0.29,0.0,0.43436062316970225
39627859710446845,0.0,0.0,0.98,0.02,0.07072027127091034
39627853674844690,0.0,0.26,0.74,0.0,0.4133731862463089
39627859743999627,0.0,1.0,0.0,0.0,-0.0
39627871790043916,0.0,1.0,0.0,0.0,-0.0
39627841599443590,0.0,0.63,0.37,0.0,0.47533604634353294
39627877817258976,0.0,0.26,0.74,0.0,0.4133731862463089
39627865746048959,0.0,0.77,0.23,0.0,0.38900565177326885
39627865762826246,0.0,0.69,0.31,0.0,0.4465867291889284
39627841599443246,0.0,1.0,0.0,0.0,-0.0
39627835589002918,0.0,0.68,0.32,0.0,0.45219072886224687
39627811408840897,0.0,0.98,0.02,0.0,0.07072027127091034
39627853683232649,0.0,0.04,0.96,0.0,0.12114609454120741
39627865746049316,0.0,0.95,0.05,0.0,0.14319847855797813
39627811408840840,0.0,0.71,0.29,0.0,0.43436062316970225
39627859714637902,0.0,0.69,0.31,0.0,0.4465867291889284
39627829540814956,0.0,0.36,0.64,0.0,0.4713415946277461
39627841599442750,0.0,0.11,0.89,0.0,0.249957979082264
39627829503067601,0.0,0.92,0.08,0.0,0.2010895951011364
39627847639240239,0.0,0.03,0.97,0.0,0.0971959289157881
39627823496826168,0.0,0.09,0.91,0.0,0.21823490853205144
39627829540815031,0.0,0.03,0.97,0.0,0.0971959289157881
39627853674842706,0.0,0.86,0.14,0.0,0.292119405821428
39627859714637952,0.0,0.06,0.94,0.0,0.16372245957723813
39627841591051574,0.0,0.97,0.03,0.0,0.0971959289157881
39627811396258470,0.0,0.29,0.71,0.0,0.43436062316970225
39627841599442075,0.0,0.29,0.71,0.0,0.43436062316970225
39627841599441804,0.0,0.4,0.6,0.0,0.4854752972273343
39627823467463228,0.0,0.02,0.98,0.0,0.07072027127091034
39627835572224162,0.0,0.23,0.77,0.0,0.38900565177326885
39627829524040601,0.0,0.02,0.97,0.01,0.11097036642660543
39627853670646269,0.0,0.18,0.82,0.0,0.34003852286413994
39627877825643335,0.0,0.17,0.82,0.01,0.3678974314876692
39627853679037253,0.0,0.64,0.36,0.0,0.4713415946277461
39627829536621432,0.0,0.01,0.97,0.02,0.11097036642660543
39627841624607639,0.0,0.09,0.91,0.0,0.21823490853205144
39627859718832735,0.0,0.34,0.66,0.0,0.46240935248651505
39627835572224672,0.0,0.0,1.0,0.0,-0.0
39627835572225018,0.0,0.01,0.93,0.06,0.20367037270049304
39627817440251486,0.0,0.81,0.19,0.0,0.3507357299419487
39627859718832684,0.0,0.67,0.33,0.0,0.4574631863898637
39627859710447967,0.0,0.1,0.9,0.0,0.2344977967946406
39627835572228539,0.0,0.05,0.94,0.01,0.1832231322266888
39627871785847623,0.0,0.92,0.08,0.0,0.2010895951011364
39627871781654368,0.0,0.43,0.57,0.0,0.4929075185894599
39627823467462992,0.0,0.18,0.82,0.0,0.34003852286413994
39627841599442785,0.0,0.93,0.07,0.0,0.18296182545011158
39627841620412607,0.0,0.0,1.0,0.0,-0.0
39627805356460294,0.0,0.76,0.24,0.0,0.39752013969226113
39627811392064125,0.0,0.94,0.06,0.0,0.16372245957723813
39627865762826325,0.0,0.31,0.69,0.0,0.4465867291889284
39627829511459759,0.0,0.25,0.75,0.0,0.4056390622295664
39627853691621126,0.0,0.87,0.13,0.0,0.2787190925139945
39627829515653809,0.0,0.08,0.92,0.0,0.2010895951011364
39627817452830823,0.0,0.35,0.65,0.0,0.4670340276877455
39627829511459923,0.0,0.32,0.68,0.0,0.45219072886224687
39627841628799272,0.0,0.6,0.4,0.0,0.4854752972273343
39627841603634378,0.0,0.06,0.94,0.0,0.16372245957723813
39627811417228068,0.0,0.05,0.92,0.03,0.239266955218135
39627829515649140,0.0,0.44,0.56,0.0,0.4947937606110278
39627847664403811,0.0,0.3,0.7,0.0,0.44064544961534635
39627841599444498,0.0,0.89,0.11,0.0,0.249957979082264
39627853708395283,0.0,0.83,0.17,0.0,0.32885238937210975
39627847664403957,0.0,0.97,0.03,0.0,0.0971959289157881
39627859739805990,0.0,0.02,0.98,0.0,0.07072027127091034
39627859723027847,0.0,0.78,0.22,0.0,0.38008375148098283
39627853695811960,0.0,0.87,0.13,0.0,0.2787190925139945
39627835589003506,0.0,0.78,0.22,0.0,0.38008375148098283
39627817465415613,0.0,0.47,0.53,0.0,0.4987007942838698
39627829549204396,0.0,0.33,0.67,0.0,0.4574631863898637
39627829549204208,0.0,0.37,0.62,0.01,0.5123783660260753
39627823467468329,0.0,0.09,0.9,0.01,0.2579475764741046
39627817465416265,0.0,0.21,0.79,0.0,0.37074136996563684
39627829549204343,0.0,0.17,0.83,0.0,0.32885238937210975
39627817431862607,0.0,0.32,0.68,0.0,0.45219072886224687
39627847643434279,0.0,0.74,0.26,0.0,0.4133731862463089
39627853691622429,0.0,0.93,0.07,0.0,0.18296182545011158
39627853691617464,0.0,0.07,0.93,0.0,0.18296182545011158
39627829511460675,0.0,0.01,0.97,0.02,0.11097036642660543
39627823505212590,0.0,0.67,0.33,0.0,0.4574631863898637
39627841586856019,0.0,0.42,0.58,0.0,0.49072694751682683
39627853691617834,0.0,0.15,0.85,0.0,0.3049201523582002
39627841620411061,0.0,0.66,0.34,0.0,0.46240935248651505
39627859727221161,0.0,0.5,0.5,0.0,0.5
39627823475851946,0.0,0.37,0.63,0.0,0.47533604634353294
39627829528236202,0.0,0.79,0.21,0.0,0.37074136996563684
39627811413033783,0.0,0.61,0.39,0.0,0.4823997742525436
39627829511456097,0.0,0.0,0.98,0.02,0.07072027127091034
39627817452831190,0.0,0.34,0.66,0.0,0.46240935248651505
39627823496826364,0.0,0.12,0.88,0.0,0.2646804326436822
39627865762824307,0.0,0.3,0.7,0.0,0.44064544961534635
39627853695811740,0.0,0.92,0.08,0.0,0.2010895951011364
39627859735612610,0.0,0.11,0.89,0.0,0.249957979082264
39627811408843312,0.0,0.0,1.0,0.0,-0.0
39627817457027537,0.0,0.12,0.88,0.0,0.2646804326436822
39627823488438897,0.0,0.53,0.47,0.0,0.4987007942838698
39627817457027095,0.0,0.16,0.84,0.0,0.3171547773202831
39627823488438843,0.0,0.89,0.11,0.0,0.249957979082264
39627811408839442,0.0,0.5,0.5,0.0,0.5
39627829511456111,0.0,0.01,0.99,0.0,0.04039656794795559
39627853679035282,0.0,0.07,0.93,0.0,0.18296182545011158
39627853679035154,0.0,0.59,0.41,0.0,0.488250234378912
39627853695814624,0.0,0.52,0.48,0.0,0.4994227679976009
39627823505211484,0.0,0.45,0.55,0.0,0.49638722699390414
39627853691622015,0.0,1.0,0.0,0.0,-0.0
39627853679034848,0.0,0.08,0.92,0.0,0.2010895951011364
39627865775411225,0.0,0.02,0.98,0.0,0.07072027127091034
39627811408839830,0.01,0.94,0.05,0.0,0.1832231322266888
39627823505212451,0.0,0.8,0.2,0.0,0.36096404744368116
39627811413033365,0.0,0.99,0.01,0.0,0.04039656794795559
39627823467467383,0.0,0.26,0.74,0.0,0.4133731862463089
39627823501021978,0.0,0.25,0.75,0.0,0.4056390622295664
39627847664406585,0.0,0.49,0.51,0.0,0.49985572087640495
39627823505212380,0.0,0.73,0.27,0.0,0.42073231810408784
39627823467467680,0.0,0.23,0.77,0.0,0.38900565177326885
39627823505211849,0.0,0.81,0.19,0.0,0.3507357299419487
39627823505211698,0.0,0.02,0.98,0.0,0.07072027127091034
39627829536624735,0.0,0.0,1.0,0.0,-0.0
39627829549204991,0.0,0.99,0.01,0.0,0.04039656794795559
39627829549205012,0.01,0.99,0.0,0.0,0.04039656794795559
39627835589004059,0.0,0.03,0.92,0.05,0.239266955218135
39627847643434390,0.0,0.0,0.88,0.12,0.2646804326436822
39627829549205291,0.0,0.94,0.06,0.0,0.16372245957723813
39627829549205630,0.0,0.63,0.37,0.0,0.47533604634353294
39627835589004114,0.0,0.85,0.15,0.0,0.3049201523582002
39627835589004001,0.01,0.64,0.35,0.0,0.5043035669219932
39627823509405900,0.0,0.55,0.45,0.0,0.49638722699390414
39627847643434482,0.0,0.96,0.04,0.0,0.12114609454120741
39627823492629656,0.0,0.23,0.77,0.0,0.38900565177326885
39627805373237242,0.0,0.54,0.46,0.0,0.49768921941011285
39627823496826560,0.0,0.46,0.54,0.0,0.49768921941011285
39627805373237228,0.0,1.0,0.0,0.0,-0.0
39627865775411260,0.0,0.59,0.41,0.0,0.488250234378912
39627829549204172,0.0,0.83,0.17,0.0,0.32885238937210975
39627847643434106,0.0,0.87,0.13,0.0,0.2787190925139945
39627847660212311,0.0,0.09,0.91,0.0,0.21823490853205144
39627841582665798,0.0,0.43,0.57,0.0,0.4929075185894599
39627841599442798,0.13,0.87,0.0,0.0,0.2787190925139945
39627829549204855,0.0,0.2,0.8,0.0,0.36096404744368116
39627835589003189,0.0,0.98,0.02,0.0,0.07072027127091034
39627835589003436,0.0,0.85,0.15,0.0,0.3049201523582002
39627835589003558,0.0,0.64,0.36,0.0,0.4713415946277461
39627835589003559,0.0,0.92,0.08,0.0,0.2010895951011364
39627865775411677,0.0,0.49,0.51,0.0,0.49985572087640495
39627865775411734,0.0,0.76,0.24,0.0,0.39752013969226113
39627853683232480,0.0,0.4,0.6,0.0,0.4854752972273343
39627859739806851,0.0,0.04,0.96,0.0,0.12114609454120741
39627835563838740,0.0,0.05,0.95,0.0,0.14319847855797813
39627817465416226,0.0,0.46,0.54,0.0,0.49768921941011285
39627823509405920,0.0,0.89,0.11,0.0,0.249957979082264
39627853691617374,0.0,0.63,0.37,0.0,0.47533604634353294
39627823475854179,0.0,0.16,0.84,0.0,0.3171547773202831
39627853666451511,0.0,0.68,0.32,0.0,0.45219072886224687
39627865746048597,0.0,0.78,0.22,0.0,0.38008375148098283
39627841620412207,0.0,0.32,0.68,0.0,0.45219072886224687
39627829528236794,0.0,1.0,0.0,0.0,-0.0
39627841599443103,0.0,0.23,0.77,0.0,0.38900565177326885
39627853704201904,0.0,0.36,0.64,0.0,0.4713415946277461
39627835589003345,0.0,0.07,0.93,0.0,0.18296182545011158
39627835589003530,0.0,0.88,0.12,0.0,0.2646804326436822
39627805373236407,0.0,0.26,0.74,0.0,0.4133731862463089
39627835589004084,0.0,0.11,0.89,0.0,0.249957979082264
39627805373236485,0.0,0.9,0.1,0.0,0.2344977967946406
39627805373236076,0.0,0.31,0.69,0.0,0.4465867291889284
39627835589004061,0.0,0.28,0.72,0.0,0.4277254052800653
39627853683231890,0.01,0.99,0.0,0.0,0.04039656794795559
39627859710447892,0.0,0.01,0.99,0.0,0.04039656794795559
39627847647625881,0.0,0.11,0.89,0.0,0.249957979082264
39627805364848068,0.0,1.0,0.0,0.0,-0.0
39627823505213384,0.0,0.19,0.81,0.0,0.3507357299419487
39627817423473800,0.0,0.1,0.86,0.04,0.35253784562109214
39627817423473870,0.0,0.98,0.02,0.0,0.07072027127091034
39627805369042048,0.02,0.98,0.0,0.0,0.07072027127091034
39627805369041988,0.0,0.43,0.57,0.0,0.4929075185894599
39627853704204241,0.0,0.05,0.93,0.02,0.21317104534994366
39627841586858040,0.0,0.89,0.11,0.0,0.249957979082264
39627841599441607,0.0,0.92,0.08,0.0,0.2010895951011364
39627823480049575,0.0,0.0,0.98,0.02,0.07072027127091034
39627859718837946,0.0,0.13,0.87,0.0,0.2787190925139945
39627859723026662,0.0,0.88,0.12,0.0,0.2646804326436822
39627841612024219,0.0,0.61,0.39,0.0,0.4823997742525436
39627859706252927,0.0,0.06,0.94,0.0,0.16372245957723813
39627817431864744,0.0,0.18,0.82,0.0,0.34003852286413994
39627811417227771,0.0,0.99,0.01,0.0,0.04039656794795559
39627859723028658,0.0,0.53,0.47,0.0,0.4987007942838698
39627817423473187,0.0,0.12,0.88,0.0,0.2646804326436822
39627829545011255,0.0,0.63,0.37,0.0,0.47533604634353294
39627853674843788,0.0,0.5,0.5,0.0,0.5
39627811417228116,0.0,0.92,0.08,0.0,0.2010895951011364
39627811417228099,0.0,0.05,0.95,0.0,0.14319847855797813
39627859714640571,0.0,0.17,0.83,0.0,0.32885238937210975
39627811417228192,0.0,0.21,0.79,0.0,0.37074136996563684
39627829540814928,0.0,0.22,0.78,0.0,0.38008375148098283
39627853679036774,0.0,0.64,0.36,0.0,0.4713415946277461
39627865746047792,0.0,0.01,0.98,0.01,0.08072027127091033
39627865762825992,0.0,0.61,0.39,0.0,0.4823997742525436
39627865762826070,0.0,0.67,0.33,0.0,0.4574631863898637
39627829519845649,0.0,0.71,0.29,0.0,0.43436062316970225
39627835551253139,0.01,0.99,0.0,0.0,0.04039656794795559
39627823480049286,0.0,0.61,0.39,0.0,0.4823997742525436
39627853670649290,0.0,0.04,0.96,0.0,0.12114609454120741
39627841624606951,0.0,0.58,0.42,0.0,0.49072694751682683
39627859714640734,0.0,0.34,0.66,0.0,0.46240935248651505
39627853679036074,0.0,0.89,0.11,0.0,0.249957979082264
39627829540815102,0.0,0.03,0.96,0.01,0.13737165703039006
39627853704203168,0.0,0.1,0.9,0.0,0.2344977967946406
39627853704201448,0.0,0.24,0.76,0.0,0.39752013969226113
39627829536621234,0.0,0.0,1.0,0.0,-0.0
39627829536621226,0.0,0.48,0.52,0.0,0.4994227679976009
39627823496826235,0.0,0.42,0.58,0.0,0.49072694751682683
39627853704201512,0.0,0.71,0.29,0.0,0.43436062316970225
39627847643433925,0.0,0.8,0.2,0.0,0.36096404744368116
39627811421422493,0.0,0.59,0.41,0.0,0.488250234378912
39627811421422466,0.04,0.96,0.0,0.0,0.12114609454120741
39627811421422324,0.0,0.56,0.44,0.0,0.4947937606110278
39627805377434414,0.0,0.92,0.08,0.0,0.2010895951011364
39627823505214557,0.0,1.0,0.0,0.0,-0.0
39627805356462280,0.0,0.29,0.71,0.0,0.43436062316970225
39627805356462097,0.0,0.51,0.49,0.0,0.49985572087640495
39627823505214728,0.0,1.0,0.0,0.0,-0.0
39627823505214533,0.0,0.0,0.98,0.02,0.07072027127091034
39627811421422667,0.0,0.29,0.71,0.0,0.43436062316970225
39627811421425202,0.0,0.1,0.9,0.0,0.2344977967946406
39627823505214794,0.0,0.97,0.03,0.0,0.0971959289157881
39627805356462029,0.0,0.68,0.32,0.0,0.45219072886224687
39627811421425657,0.0,0.04,0.96,0.0,0.12114609454120741
39627823505214991,0.0,0.84,0.16,0.0,0.3171547773202831
39627823505214870,0.0,0.14,0.86,0.0,0.292119405821428
39627817457026695,0.0,0.27,0.73,0.0,0.42073231810408784
39627841620411015,0.0,0.38,0.62,0.0,0.47902101111314976
39627847647625406,0.0,0.26,0.74,0.0,0.4133731862463089
39627841620410720,0.0,0.91,0.09,0.0,0.21823490853205144
39627847643435930,0.0,0.59,0.41,0.0,0.488250234378912
39627847643436646,0.0,0.55,0.45,0.0,0.49638722699390414
39627847643436081,0.0,0.45,0.55,0.0,0.49638722699390414
39627811421425676,0.0,0.8,0.2,0.0,0.36096404744368116
39627811421424124,0.0,0.9,0.1,0.0,0.2344977967946406
39627811421426169,0.0,1.0,0.0,0.0,-0.0
39627811421426177,0.0,0.73,0.27,0.0,0.42073231810408784
39627811421426234,0.0,0.74,0.26,0.0,0.4133731862463089
39627811421423177,0.0,0.72,0.28,0.0,0.4277254052800653
39627811425616172,0.0,0.59,0.41,0.0,0.488250234378912
39627847643432736,0.0,0.01,0.98,0.01,0.08072027127091033
39627811421426145,0.0,0.94,0.06,0.0,0.16372245957723813
39627811421425880,0.0,1.0,0.0,0.0,-0.0
39627811421425784,0.0,0.27,0.73,0.0,0.42073231810408784
39627811421425887,0.0,0.67,0.33,0.0,0.4574631863898637
39627805381624395,0.0,0.87,0.13,0.0,0.2787190925139945
39627811421423872,0.0,0.15,0.85,0.0,0.3049201523582002
39627841603635080,0.0,0.66,0.34,0.0,0.46240935248651505
39627811421423961,0.0,0.38,0.62,0.0,0.47902101111314976
39627823505215912,0.0,0.85,0.15,0.0,0.3049201523582002
39627805369046165,0.0,0.94,0.06,0.0,0.16372245957723813
39627811421422851,0.0,0.56,0.44,0.0,0.4947937606110278
39627811421425561,0.01,0.95,0.04,0.0,0.16124668093016215
39627811421425447,0.0,0.86,0.14,0.0,0.292119405821428
39627811421425213,0.0,0.61,0.39,0.0,0.4823997742525436
39627811421424689,0.0,0.64,0.36,0.0,0.4713415946277461
39627811425616685,0.0,0.96,0.04,0.0,0.12114609454120741
39627811425616563,0.0,0.42,0.58,0.0,0.49072694751682683
39627811421425080,0.0,0.26,0.74,0.0,0.4133731862463089
39627811421425396,0.0,0.96,0.04,0.0,0.12114609454120741
39627811421425073,0.0,0.79,0.21,0.0,0.37074136996563684
39627847643432659,0.0,0.0,0.83,0.17,0.32885238937210975
39627805369046520,0.01,0.84,0.15,0.0,0.3441379826496441
39627811421425034,0.0,0.02,0.83,0.15,0.3732699362077497
39627853704204368,0.0,0.99,0.01,0.0,0.04039656794795559
39627865775411560,0.0,0.69,0.31,0.0,0.4465867291889284
39627823509406474,0.02,0.93,0.05,0.0,0.2131710453499437
39627823509406386,0.0,1.0,0.0,0.0,-0.0
39627847643433846,0.0,0.97,0.03,0.0,0.0971959289157881
39627823501017700,0.0,0.03,0.97,0.0,0.0971959289157881
39627811421425897,0.01,0.96,0.03,0.0,0.13737165703039006
39627811421423212,0.0,0.08,0.92,0.0,0.2010895951011364
39627811421423137,0.0,0.42,0.58,0.0,0.49072694751682683
39627805373237401,0.0,1.0,0.0,0.0,-0.0
39627811421425759,0.0,0.78,0.22,0.0,0.38008375148098283
39627811421425385,0.0,0.25,0.75,0.0,0.4056390622295664
39627811421424837,0.0,0.29,0.71,0.0,0.43436062316970225
39627811396258782,0.0,0.86,0.14,0.0,0.292119405821428
39627811421424489,0.0,0.4,0.6,0.0,0.4854752972273343
39627811421425658,0.0,0.17,0.83,0.0,0.32885238937210975
39627811421424910,0.0,0.36,0.64,0.0,0.4713415946277461
39627811421424928,0.0,0.8,0.2,0.0,0.36096404744368116
39627811421424403,0.0,1.0,0.0,0.0,-0.0
39627811421425015,0.0,0.0,0.97,0.03,0.0971959289157881
39627811421424290,0.0,0.01,0.99,0.0,0.04039656794795559
39627811421424205,0.0,0.35,0.65,0.0,0.4670340276877455
39627811421424130,0.0,0.02,0.83,0.15,0.3732699362077497
39627829549205159,0.0,0.05,0.93,0.02,0.21317104534994366
39627811421423967,0.0,0.18,0.81,0.01,0.37899559358928114
39627811421425687,0.0,0.62,0.38,0.0,0.47902101111314976
39627829515649375,0.0,0.0,1.0,0.0,-0.0
39627847664403891,0.0,0.02,0.98,0.0,0.07072027127091034
39627853695814092,0.0,0.48,0.52,0.0,0.4994227679976009
39627823496827887,0.0,0.01,0.97,0.02,0.11097036642660543
39627829515649665,0.0,0.02,0.98,0.0,0.07072027127091034
39627859727221520,0.0,0.5,0.5,0.0,0.5
39627865762825797,0.0,0.17,0.83,0.0,0.32885238937210975
39627859706253713,0.0,0.0,1.0,0.0,-0.0
39627823496828026,0.0,0.3,0.7,0.0,0.44064544961534635
39627823501017308,0.0,0.06,0.94,0.0,0.16372245957723813
39627841628799513,0.0,0.96,0.04,0.0,0.12114609454120741
39627823467467967,0.02,0.86,0.12,0.0,0.33353650032219084
39627823505212052,0.0,0.29,0.71,0.0,0.43436062316970225
39627847664402831,0.0,0.29,0.71,0.0,0.43436062316970225
39627829549205084,0.0,0.2,0.8,0.0,0.36096404744368116
39627829549206005,0.0,0.65,0.35,0.0,0.4670340276877455
39627829549205571,0.0,0.24,0.76,0.0,0.39752013969226113
39627829549205529,0.0,0.34,0.66,0.0,0.46240935248651505
39627829549205524,0.04,0.96,0.0,0.0,0.12114609454120741
39627847643433063,0.0,0.0,0.99,0.01,0.04039656794795559
39627841603633501,0.0,0.43,0.57,0.0,0.4929075185894599
39627841603636432,0.0,0.44,0.56,0.0,0.4947937606110278
39627829549205410,0.08,0.9,0.02,0.0,0.2705942015390087
39627865746047595,0.0,0.12,0.88,0.0,0.2646804326436822
39627841603634164,0.0,0.7,0.3,0.0,0.44064544961534635
39627841603634033,0.0,0.32,0.68,0.0,0.45219072886224687
39627847651823920,0.0,0.05,0.95,0.0,0.14319847855797813
39627841603634394,0.0,0.53,0.47,0.0,0.4987007942838698
39627829532427768,0.0,0.94,0.06,0.0,0.16372245957723813
39627853704201938,0.0,0.42,0.58,0.0,0.49072694751682683
39627823475854499,0.0,0.52,0.48,0.0,0.4994227679976009
39627817465414527,0.0,0.29,0.71,0.0,0.43436062316970225
39627805373237046,0.0,0.98,0.02,0.0,0.07072027127091034
39627817465414474,0.01,0.96,0.03,0.0,0.13737165703039006
39627817465414426,0.0,0.51,0.49,0.0,0.49985572087640495
39627871781654521,0.0,0.64,0.36,0.0,0.4713415946277461
39627841603634542,0.0,1.0,0.0,0.0,-0.0
39627847656015891,0.0,0.88,0.12,0.0,0.2646804326436822
39627841612025379,0.0,0.38,0.62,0.0,0.47902101111314976
39627835563837021,0.0,0.04,0.96,0.0,0.12114609454120741
39627871781655071,0.0,0.96,0.04,0.0,0.12114609454120741
39627841612023469,0.0,0.93,0.07,0.0,0.18296182545011158
39627871781654655,0.0,0.97,0.03,0.0,0.0971959289157881
39627871781654430,0.0,0.59,0.41,0.0,0.488250234378912
39627823463271471,0.0,0.0,0.97,0.03,0.0971959289157881
39627835580613385,0.0,0.01,0.99,0.0,0.04039656794795559
39627841616217642,0.0,0.89,0.11,0.0,0.249957979082264
39627847622463815,0.0,0.89,0.11,0.0,0.249957979082264
39627835580613307,0.0,0.03,0.95,0.02,0.1674722434193448
39627847622463565,0.0,0.0,0.87,0.13,0.2787190925139945
39627841616217707,0.0,0.09,0.91,0.0,0.21823490853205144
39627835572228988,0.0,0.76,0.24,0.0,0.39752013969226113
39627811392064771,0.15,0.85,0.0,0.0,0.3049201523582002
39627847664406447,0.0,0.54,0.46,0.0,0.49768921941011285
39627853670647704,0.0,0.03,0.97,0.0,0.0971959289157881
39627865750244241,0.0,1.0,0.0,0.0,-0.0
39627859743999679,0.0,0.35,0.65,0.0,0.4670340276877455
39627853679035890,0.0,0.93,0.07,0.0,0.18296182545011158
39627853695814849,0.0,0.06,0.94,0.0,0.16372245957723813
39627853695815159,0.0,0.86,0.14,0.0,0.292119405821428
39627865746049371,0.0,0.26,0.74,0.0,0.4133731862463089
39627859739805817,0.0,0.74,0.26,0.0,0.4133731862463089
39627823496824707,0.0,0.8,0.2,0.0,0.36096404744368116
39627847622464193,0.0,0.04,0.96,0.0,0.12114609454120741
39627859739805903,0.0,0.46,0.54,0.0,0.49768921941011285
39627841616217674,0.0,0.73,0.27,0.0,0.42073231810408784
39627835572228197,0.0,0.14,0.86,0.0,0.292119405821428
39627859743999462,0.0,0.5,0.5,0.0,0.5
39627835563837087,0.0,0.03,0.97,0.0,0.0971959289157881
39627823467465278,0.0,0.4,0.6,0.0,0.4854752972273343
39627841612023308,0.0,0.65,0.35,0.0,0.4670340276877455
39627847660213335,0.0,0.82,0.18,0.0,0.34003852286413994
39627841578470819,0.0,0.53,0.47,0.0,0.4987007942838698
39627847643433389,0.0,0.62,0.38,0.0,0.47902101111314976
39627805356459668,0.0,0.9,0.1,0.0,0.2344977967946406
39627817431862478,0.0,0.16,0.84,0.0,0.3171547773202831
39627817431862669,0.0,0.07,0.93,0.0,0.18296182545011158
39627817431862663,0.0,0.16,0.84,0.0,0.3171547773202831
39627817457027136,0.0,0.13,0.87,0.0,0.2787190925139945
39627811392064364,0.0,0.99,0.01,0.0,0.04039656794795559
39627859723027932,0.0,0.72,0.28,0.0,0.4277254052800653
39627847651820973,0.0,0.04,0.96,0.0,0.12114609454120741
39627847664406586,0.0,0.25,0.75,0.0,0.4056390622295664
39627829549205157,0.0,0.42,0.58,0.0,0.49072694751682683
39627841599444564,0.0,0.75,0.25,0.0,0.4056390622295664
39627823475855688,0.0,0.12,0.88,0.0,0.2646804326436822
39627847643432924,0.0,0.01,0.99,0.0,0.04039656794795559
39627853695814608,0.0,0.04,0.96,0.0,0.12114609454120741
39627859714638242,0.0,0.88,0.12,0.0,0.2646804326436822
39627871794237232,0.0,0.61,0.39,0.0,0.4823997742525436
39627853691622440,0.0,0.55,0.45,0.0,0.49638722699390414
39627859714638200,0.0,0.32,0.68,0.0,0.45219072886224687
39627835547062729,0.0,0.16,0.84,0.0,0.3171547773202831
39627835559644468,0.0,0.98,0.02,0.0,0.07072027127091034
39627841624607298,0.0,0.46,0.54,0.0,0.49768921941011285
39627835559644573,0.0,0.56,0.44,0.0,0.4947937606110278
39627871781655159,0.0,0.85,0.15,0.0,0.3049201523582002
39627853691621494,0.0,0.02,0.98,0.0,0.07072027127091034
39627841595247924,0.0,0.01,0.99,0.0,0.04039656794795559
39627817448638026,0.0,0.5,0.5,0.0,0.5
39627841612023179,0.0,0.13,0.87,0.0,0.2787190925139945
39627841586859811,0.0,0.91,0.09,0.0,0.21823490853205144
39627841612023664,0.0,0.48,0.52,0.0,0.4994227679976009
39627847668597444,0.01,0.9,0.09,0.0,0.2579475764741046
39627871781654886,0.0,0.2,0.8,0.0,0.36096404744368116
39627805369045657,0.0,0.2,0.8,0.0,0.36096404744368116
39627841595245732,0.0,0.52,0.48,0.0,0.4994227679976009
39627841595248324,0.0,0.06,0.94,0.0,0.16372245957723813
39627805369046000,0.0,0.36,0.64,0.0,0.4713415946277461
39627847668597252,0.0,0.29,0.71,0.0,0.43436062316970225
39627841607833313,0.0,1.0,0.0,0.0,-0.0
39627841607833592,0.0,0.22,0.78,0.0,0.38008375148098283
39627847622463941,0.0,0.58,0.42,0.0,0.49072694751682683
39627805381623970,0.0,0.42,0.58,0.0,0.49072694751682683
39627811421424176,0.0,0.9,0.1,0.0,0.2344977967946406
39627805377433843,0.0,0.65,0.35,0.0,0.4670340276877455
39627811421423962,0.0,0.97,0.03,0.0,0.0971959289157881
39627811421424763,0.0,0.66,0.34,0.0,0.46240935248651505
39627847668597710,0.0,0.97,0.03,0.0,0.0971959289157881
39627847668597597,0.0,0.85,0.15,0.0,0.3049201523582002
39627823509405729,0.0,0.16,0.84,0.0,0.3171547773202831
39627811421423787,0.05,0.95,0.0,0.0,0.14319847855797813
39627811421424811,0.0,0.98,0.02,0.0,0.07072027127091034
39627805381624262,0.0,0.6,0.4,0.0,0.4854752972273343
39627811421424383,0.0,0.91,0.09,0.0,0.21823490853205144
39627841599443623,0.0,0.91,0.09,0.0,0.21823490853205144
39627835589004253,0.0,0.01,0.98,0.01,0.08072027127091033
39627811417228764,0.0,0.78,0.22,0.0,0.38008375148098283
39627805373237770,0.0,1.0,0.0,0.0,-0.0
39627811421425320,0.0,0.89,0.11,0.0,0.249957979082264
39627805373237936,0.0,0.95,0.05,0.0,0.14319847855797813
39627823480046546,0.0,0.53,0.47,0.0,0.4987007942838698
39627847664403806,0.0,0.32,0.68,0.0,0.45219072886224687
39627859702059615,0.0,0.03,0.97,0.0,0.0971959289157881
39627805373237916,0.0,1.0,0.0,0.0,-0.0
39627841599443326,0.0,0.84,0.16,0.0,0.3171547773202831
39627805373237876,0.0,0.58,0.42,0.0,0.49072694751682683
39627823509406166,0.0,0.88,0.12,0.0,0.2646804326436822
39627847643432671,0.0,0.0,0.95,0.05,0.14319847855797813
39627847643433126,0.0,0.72,0.28,0.0,0.4277254052800653
39627823509406067,0.0,0.82,0.18,0.0,0.34003852286413994
39627811421423379,0.0,0.82,0.18,0.0,0.34003852286413994
39627859743999592,0.0,0.7,0.3,0.0,0.44064544961534635
39627811383676336,0.0,0.73,0.27,0.0,0.42073231810408784
39627811387867232,0.0,1.0,0.0,0.0,-0.0
39627823459075283,0.0,0.79,0.21,0.0,0.37074136996563684
39627805348070005,0.0,0.99,0.01,0.0,0.04039656794795559
39627805348070252,0.0,1.0,0.0,0.0,-0.0
39627823459075465,0.0,0.98,0.02,0.0,0.07072027127091034
39627811383676593,0.0,1.0,0.0,0.0,-0.0
39627817419279583,0.0,1.0,0.0,0.0,-0.0
39627841574278108,0.0,0.94,0.06,0.0,0.16372245957723813
39627799320856815,0.0,0.68,0.32,0.0,0.45219072886224687
39627823459076315,0.0,1.0,0.0,0.0,-0.0
39627805360653974,0.01,0.86,0.13,0.0,0.31810566868628926
39627829498873545,0.0,0.85,0.15,0.0,0.3049201523582002
39627817419278809,0.0,0.67,0.33,0.0,0.4574631863898637
39627805360654236,0.0,0.89,0.11,0.0,0.249957979082264
39627817419279459,0.0,0.87,0.13,0.0,0.2787190925139945
39627841578469067,0.0,0.97,0.03,0.0,0.0971959289157881
39627841578469125,0.01,0.83,0.16,0.0,0.3562867308783886
39627841578469039,0.01,0.99,0.0,0.0,0.04039656794795559
39627805373239608,0.0,0.4,0.6,0.0,0.4854752972273343
39627805373239592,0.0,0.18,0.82,0.0,0.34003852286413994
39627805373239423,0.0,0.6,0.4,0.0,0.4854752972273343
39627805360652852,0.0,0.98,0.02,0.0,0.07072027127091034
39627805360652932,0.0,0.08,0.92,0.0,0.2010895951011364
39627799320859519,0.0,0.79,0.21,0.0,0.37074136996563684
39627823505214263,0.0,0.19,0.81,0.0,0.3507357299419487
39627799325051592,0.0,0.56,0.44,0.0,0.4947937606110278
39627823505214080,0.0,0.03,0.97,0.0,0.0971959289157881
39627841620410500,0.0,0.83,0.17,0.0,0.32885238937210975
39627805377431436,0.0,0.95,0.05,0.0,0.14319847855797813
39627805377431311,0.0,0.79,0.21,0.0,0.37074136996563684
39627841616221875,0.0,0.63,0.37,0.0,0.47533604634353294
39627823501019014,0.0,0.65,0.35,0.0,0.4670340276877455
39627841616221904,0.0,0.67,0.33,0.0,0.4574631863898637
39627841612024405,0.0,0.83,0.17,0.0,0.32885238937210975
39627811400450978,0.0,0.02,0.98,0.0,0.07072027127091034
39627811387870153,0.0,0.45,0.55,0.0,0.49638722699390414
39627811417227814,0.0,0.25,0.75,0.0,0.4056390622295664
39627853704203583,0.0,0.95,0.05,0.0,0.14319847855797813
39627817461219582,0.0,0.6,0.4,0.0,0.4854752972273343
39627841595246552,0.0,0.11,0.89,0.0,0.249957979082264
39627859706250480,0.0,0.27,0.73,0.0,0.42073231810408784
39627817423471701,0.0,1.0,0.0,0.0,-0.0
39627829498874850,0.0,0.79,0.21,0.0,0.37074136996563684
39627829519844531,0.0,0.03,0.97,0.0,0.0971959289157881
39627811396256996,0.0,0.36,0.64,0.0,0.4713415946277461
39627805364846815,0.0,0.0,1.0,0.0,-0.0
39627859706250154,0.0,0.89,0.11,0.0,0.249957979082264
39627835547063405,0.0,0.14,0.86,0.0,0.292119405821428
39627805364846811,0.0,0.11,0.89,0.0,0.249957979082264
39627817452834898,0.0,0.15,0.85,0.0,0.3049201523582002
39627829503070721,0.0,0.64,0.36,0.0,0.4713415946277461
39627841595246318,0.0,0.06,0.93,0.01,0.20367037270049304
39627841586860847,0.0,0.45,0.55,0.0,0.49638722699390414
39627829507264852,0.0,0.46,0.54,0.0,0.49768921941011285
39627841595246834,0.0,0.0,0.98,0.02,0.07072027127091034
39627811404645216,0.0,0.03,0.97,0.0,0.0971959289157881
39627859706249746,0.0,0.79,0.21,0.0,0.37074136996563684
39627835538671273,0.0,0.83,0.17,0.0,0.32885238937210975
39627859702058381,0.0,0.85,0.15,0.0,0.3049201523582002
39627853700008452,0.0,0.63,0.37,0.0,0.47533604634353294
39627859702057765,0.0,0.54,0.46,0.0,0.49768921941011285
39627841624605300,0.0,0.0,0.88,0.12,0.2646804326436822
39627847647629822,0.0,0.13,0.87,0.0,0.2787190925139945
39627847647630856,0.0,0.5,0.5,0.0,0.5
39627865758630675,0.0,0.0,0.98,0.02,0.07072027127091034
39627847664406389,0.0,0.33,0.67,0.0,0.4574631863898637
39627865758634403,0.0,0.12,0.87,0.01,0.30414992414989617
39627811396258153,0.0,0.25,0.75,0.0,0.4056390622295664
39627841620414118,0.0,0.28,0.72,0.0,0.4277254052800653
39627829536623429,0.0,0.53,0.47,0.0,0.4987007942838698
39627817436059203,0.0,0.46,0.54,0.0,0.49768921941011285
39627853695812761,0.0,0.13,0.87,0.0,0.2787190925139945
39627853687426520,0.0,0.5,0.5,0.0,0.5
39627841624607908,0.0,0.81,0.19,0.0,0.3507357299419487
39627859706252196,0.0,0.4,0.6,0.0,0.4854752972273343
39627829519845527,0.0,0.1,0.9,0.0,0.2344977967946406
39627853674840406,0.0,0.09,0.91,0.0,0.21823490853205144
39627817457027657,0.0,0.47,0.53,0.0,0.4987007942838698
39627805369043692,0.0,0.42,0.58,0.0,0.49072694751682683
39627835580614015,0.0,0.49,0.51,0.0,0.49985572087640495
39627853691618628,0.0,0.0,0.99,0.01,0.04039656794795559
39627805364847885,0.0,0.37,0.63,0.0,0.47533604634353294
39627859727221732,0.0,0.96,0.04,0.0,0.12114609454120741
39627829545011866,0.0,0.16,0.84,0.0,0.3171547773202831
39627853704200630,0.0,0.23,0.77,0.0,0.38900565177326885
39627859727222924,0.0,0.54,0.46,0.0,0.49768921941011285
39627835542864295,0.0,0.09,0.91,0.0,0.21823490853205144
39627829540819325,0.0,0.0,0.98,0.02,0.07072027127091034
39627841595249040,0.0,0.06,0.94,0.0,0.16372245957723813
39627841620410957,0.0,0.0,1.0,0.0,-0.0
39627811404645201,0.0,0.77,0.23,0.0,0.38900565177326885
39627811417229444,0.0,0.38,0.62,0.0,0.47902101111314976
39627811404646326,0.0,0.19,0.81,0.0,0.3507357299419487
39627811396257044,0.0,0.12,0.88,0.0,0.2646804326436822
39627841595249370,0.0,0.63,0.37,0.0,0.47533604634353294
39627811417229430,0.0,0.12,0.88,0.0,0.2646804326436822
39627853674840509,0.0,1.0,0.0,0.0,-0.0
39627859727225549,0.0,0.94,0.06,0.0,0.16372245957723813
39627811404645158,0.0,0.66,0.34,0.0,0.46240935248651505
39627853704200510,0.0,0.2,0.8,0.0,0.36096404744368116
39627853704200478,0.0,0.07,0.92,0.01,0.22283217282912027
39627853687426440,0.0,0.66,0.34,0.0,0.46240935248651505
39627853695815428,0.0,0.85,0.15,0.0,0.3049201523582002
39627829498876253,0.0,0.09,0.91,0.0,0.21823490853205144
39627853691619206,0.0,0.54,0.46,0.0,0.49768921941011285
39627841624605719,0.0,0.0,1.0,0.0,-0.0
39627853674842673,0.0,0.66,0.34,0.0,0.46240935248651505
39627829536624489,0.0,0.32,0.68,0.0,0.45219072886224687
39627829519847843,0.0,0.21,0.79,0.0,0.37074136996563684
39627829503066157,0.0,0.3,0.7,0.0,0.44064544961534635
39627817452835224,0.0,0.26,0.74,0.0,0.4133731862463089
39627829545012037,0.0,0.03,0.93,0.04,0.2174448102113104
39627811408842512,0.0,0.94,0.06,0.0,0.16372245957723813
39627853687426126,0.0,0.28,0.72,0.0,0.4277254052800653
39627847622461480,0.0,0.68,0.32,0.0,0.45219072886224687
39627853700009724,0.0,0.65,0.35,0.0,0.4670340276877455
39627811400452984,0.0,0.33,0.67,0.0,0.4574631863898637
39627811404646346,0.0,0.28,0.72,0.0,0.4277254052800653
39627829540819453,0.0,0.04,0.96,0.0,0.12114609454120741
39627841586860556,0.0,0.75,0.25,0.0,0.4056390622295664
39627865750245850,0.0,0.56,0.44,0.0,0.4947937606110278
39627847635043686,0.0,0.85,0.15,0.0,0.3049201523582002
39627817436058861,0.02,0.78,0.2,0.0,0.42842842004234927
39627811404645293,0.0,0.94,0.06,0.0,0.16372245957723813
39627829540819331,0.0,0.38,0.62,0.0,0.47902101111314976
39627835568032224,0.0,0.03,0.97,0.0,0.0971959289157881
39627859706253568,0.0,0.7,0.3,0.0,0.44064544961534635
39627847647630664,0.0,0.06,0.94,0.0,0.16372245957723813
39627865762827817,0.0,0.18,0.82,0.0,0.34003852286413994
39627811408843261,0.0,0.93,0.07,0.0,0.18296182545011158
39627859739805745,0.0,0.97,0.03,0.0,0.0971959289157881
39627859718833947,0.0,0.15,0.85,0.0,0.3049201523582002
39627871777459628,0.0,0.15,0.85,0.0,0.3049201523582002
39627823480046629,0.0,0.0,1.0,0.0,-0.0
39627829511454794,0.0,0.03,0.97,0.0,0.0971959289157881
39627865758634721,0.0,0.07,0.93,0.0,0.18296182545011158
39627871794237095,0.0,0.24,0.76,0.0,0.39752013969226113
39627865758631193,0.0,0.05,0.95,0.0,0.14319847855797813
39627865758630199,0.0,0.47,0.53,0.0,0.4987007942838698
39627871794237081,0.0,0.2,0.8,0.0,0.36096404744368116
39627865758630934,0.0,0.93,0.07,0.0,0.18296182545011158
39627865758634494,0.0,0.8,0.2,0.0,0.36096404744368116
39627865758630850,0.0,0.09,0.91,0.0,0.21823490853205144
39627805364847326,0.0,0.98,0.02,0.0,0.07072027127091034
39627871794235186,0.0,0.1,0.89,0.01,0.27413031336294724
39627829545012288,0.0,0.1,0.9,0.0,0.2344977967946406
39627865758630361,0.0,0.95,0.05,0.0,0.14319847855797813
39627847635044055,0.0,0.03,0.97,0.0,0.0971959289157881
39627847647630883,0.0,0.0,0.92,0.08,0.2010895951011364
39627847664403132,0.0,0.1,0.9,0.0,0.2344977967946406
39627847664403216,0.0,0.99,0.01,0.0,0.04039656794795559
39627853658066907,0.0,0.42,0.58,0.0,0.49072694751682683
39627877825643013,0.0,0.17,0.83,0.0,0.32885238937210975
39627853687426262,0.0,0.18,0.82,0.0,0.34003852286413994
39627841591051925,0.0,0.91,0.09,0.0,0.21823490853205144
39627829503070069,0.0,0.28,0.72,0.0,0.4277254052800653
39627835568032215,0.0,0.07,0.93,0.0,0.18296182545011158
39627847639241354,0.0,0.36,0.64,0.0,0.4713415946277461
39627877817258900,0.0,0.36,0.64,0.0,0.4713415946277461
39627859718832399,0.0,0.25,0.75,0.0,0.4056390622295664
39627817427668745,0.0,0.09,0.91,0.0,0.21823490853205144
39627829536620567,0.16,0.84,0.0,0.0,0.3171547773202831
39627829532430811,0.0,0.21,0.79,0.0,0.37074136996563684
39627859702058943,0.0,0.41,0.59,0.0,0.488250234378912
39627829545013443,0.0,0.5,0.5,0.0,0.5
39627811413038062,0.0,0.09,0.91,0.0,0.21823490853205144
39627823501019517,0.0,0.01,0.98,0.01,0.08072027127091033
39627823488436162,0.0,0.87,0.13,0.0,0.2787190925139945
39627823505213132,0.06,0.94,0.0,0.0,0.16372245957723813
39627841616217147,0.0,0.04,0.96,0.0,0.12114609454120741
39627847651821101,0.0,0.65,0.35,0.0,0.4670340276877455
39627817440249939,0.0,0.34,0.66,0.0,0.46240935248651505
39627847651819963,0.0,0.87,0.13,0.0,0.2787190925139945
39627859706249303,0.0,0.03,0.97,0.0,0.0971959289157881
39627859702059699,0.0,0.38,0.62,0.0,0.47902101111314976
39627847647628119,0.0,0.11,0.89,0.0,0.249957979082264
39627859702058723,0.0,0.68,0.32,0.0,0.45219072886224687
39627859706249307,0.0,0.13,0.87,0.0,0.2787190925139945
39627847651822746,0.0,0.95,0.05,0.0,0.14319847855797813
39627847651822594,0.0,0.18,0.82,0.0,0.34003852286413994
39627841607830821,0.0,0.54,0.46,0.0,0.49768921941011285
39627847651821082,0.0,0.51,0.49,0.0,0.49985572087640495
39627847651822886,0.0,0.93,0.07,0.0,0.18296182545011158
39627847647630435,0.0,0.3,0.7,0.0,0.44064544961534635
39627823467465765,0.0,0.3,0.7,0.0,0.44064544961534635
39627811421421898,0.05,0.94,0.01,0.0,0.1832231322266888
39627811421422512,0.0,0.13,0.87,0.0,0.2787190925139945
39627805373236892,0.0,0.84,0.16,0.0,0.3171547773202831
39627859723026516,0.0,0.12,0.88,0.0,0.2646804326436822
39627859723026769,0.0,0.08,0.92,0.0,0.2010895951011364
39627823475853841,0.0,0.57,0.43,0.0,0.4929075185894599
39627823505215471,0.0,0.06,0.94,0.0,0.16372245957723813
39627859723026819,0.0,0.83,0.17,0.0,0.32885238937210975
39627865750242741,0.0,0.69,0.31,0.0,0.4465867291889284
39627865750242832,0.0,0.0,1.0,0.0,-0.0
39627847651822735,0.0,0.94,0.06,0.0,0.16372245957723813
39627823496824477,0.0,0.2,0.8,0.0,0.36096404744368116
39627823496824881,0.0,0.03,0.95,0.02,0.1674722434193448
39627823471659447,0.0,0.04,0.95,0.01,0.16124668093016215
39627823471657559,0.0,0.02,0.98,0.0,0.07072027127091034
39627823492632848,0.0,0.03,0.96,0.01,0.13737165703039006
39627859735612242,0.0,0.1,0.9,0.0,0.2344977967946406
39627859731415236,0.0,0.98,0.02,0.0,0.07072027127091034
39627829511454896,0.0,0.0,0.99,0.01,0.04039656794795559
39627835547063545,0.0,0.06,0.89,0.05,0.30462964071349663
39627835547063719,0.0,0.11,0.89,0.0,0.249957979082264
39627865750242882,0.0,0.62,0.38,0.0,0.47902101111314976
39627847660213430,0.0,0.7,0.3,0.0,0.44064544961534635
39627847660210414,0.0,0.0,1.0,0.0,-0.0
39627847651824109,0.0,0.27,0.73,0.0,0.42073231810408784
39627871790042506,0.0,0.01,0.96,0.03,0.13737165703039006
39627829507264227,0.0,0.06,0.94,0.0,0.16372245957723813
39627829536625144,0.0,0.04,0.96,0.0,0.12114609454120741
39627829540815593,0.0,0.25,0.75,0.0,0.4056390622295664
39627811396259119,0.0,0.82,0.18,0.0,0.34003852286413994
39627841582665678,0.0,0.14,0.86,0.0,0.292119405821428
39627823475854035,0.0,0.76,0.24,0.0,0.39752013969226113
39627841582665767,0.0,0.02,0.98,0.0,0.07072027127091034
39627847651822703,0.0,0.0,1.0,0.0,-0.0
39627811396256904,0.0,0.94,0.06,0.0,0.16372245957723813
39627817448638913,0.0,0.15,0.85,0.0,0.3049201523582002
39627841620410704,0.0,0.21,0.79,0.0,0.37074136996563684
39627865754436174,0.0,0.93,0.07,0.0,0.18296182545011158
39627823501018979,0.0,0.59,0.41,0.0,0.488250234378912
39627853695816428,0.0,0.13,0.87,0.0,0.2787190925139945
39627817427666470,0.0,0.03,0.97,0.0,0.0971959289157881
39627823471658361,0.0,0.78,0.22,0.0,0.38008375148098283
39627853695811755,0.0,0.93,0.07,0.0,0.18296182545011158
39627865750241751,0.0,0.91,0.09,0.0,0.21823490853205144
39627841591054999,0.0,0.04,0.94,0.02,0.19127133459887283
39627805352269640,0.0,0.87,0.13,0.0,0.2787190925139945
39627805356463819,0.0,0.1,0.9,0.0,0.2344977967946406
39627805373238733,0.01,0.99,0.0,0.0,0.04039656794795559
39627805373238731,0.0,0.0,0.98,0.02,0.07072027127091034
39627853674840602,0.0,0.12,0.88,0.0,0.2646804326436822
39627853674840731,0.0,0.65,0.35,0.0,0.4670340276877455
39627853704203065,0.0,0.87,0.13,0.0,0.2787190925139945
39627853674840799,0.0,0.46,0.54,0.0,0.49768921941011285
39627805352269411,0.0,0.73,0.27,0.0,0.42073231810408784
39627805364846744,0.0,0.9,0.1,0.0,0.2344977967946406
39627805373239303,0.0,0.33,0.67,0.0,0.4574631863898637
39627805373239403,0.0,1.0,0.0,0.0,-0.0
39627805352264850,0.0,1.0,0.0,0.0,-0.0
39627811387871147,0.0,0.51,0.49,0.0,0.49985572087640495
39627823463268483,0.01,0.97,0.02,0.0,0.11097036642660543
39627841578470218,0.0,0.9,0.1,0.0,0.2344977967946406
39627823463268649,0.0,0.48,0.52,0.0,0.4994227679976009
39627805352266802,0.0,0.83,0.17,0.0,0.32885238937210975
39627847647627508,0.0,0.53,0.47,0.0,0.4987007942838698
39627805360657786,0.0,0.15,0.84,0.01,0.3441379826496441
39627811392062328,0.0,0.31,0.69,0.0,0.4465867291889284
39627859706250277,0.0,1.0,0.0,0.0,-0.0
39627811413036454,0.0,0.0,0.97,0.03,0.0971959289157881
39627805352266484,0.0,0.01,0.87,0.12,0.30414992414989617
39627805352266513,0.0,0.61,0.39,0.0,0.4823997742525436
39627823463269728,0.0,0.61,0.39,0.0,0.4823997742525436
39627859706249868,0.0,0.91,0.09,0.0,0.21823490853205144
39627817423474832,0.0,0.34,0.66,0.0,0.46240935248651505
39627847647626431,0.0,0.3,0.7,0.0,0.44064544961534635
39627811392062341,0.0,0.92,0.08,0.0,0.2010895951011364
39627805356463143,0.0,0.06,0.94,0.0,0.16372245957723813
39627805364850417,0.0,0.35,0.65,0.0,0.4670340276877455
39627805352264593,0.0,0.38,0.62,0.0,0.47902101111314976
39627799325049041,0.0,1.0,0.0,0.0,-0.0
39627841595244700,0.0,0.37,0.63,0.0,0.47533604634353294
39627841595244706,0.0,0.11,0.89,0.0,0.249957979082264
39627817423474820,0.0,0.31,0.69,0.0,0.4465867291889284
39627817427665184,0.0,0.77,0.23,0.0,0.38900565177326885
39627865762827962,0.0,0.43,0.57,0.0,0.4929075185894599
39627829545011623,0.0,0.81,0.19,0.0,0.3507357299419487
39627859702058023,0.0,0.61,0.39,0.0,0.4823997742525436
39627853674840797,0.0,0.76,0.24,0.0,0.39752013969226113
39627835538671353,0.0,0.13,0.87,0.0,0.2787190925139945
39627841624606363,0.0,0.31,0.69,0.0,0.4465867291889284
39627835538671313,0.01,0.7,0.29,0.0,0.47227179466312613
39627835538671434,0.0,0.67,0.33,0.0,0.4574631863898637
39627847651821223,0.03,0.97,0.0,0.0,0.0971959289157881
39627859706249446,0.0,0.57,0.43,0.0,0.4929075185894599
39627805373239390,0.0,0.94,0.06,0.0,0.16372245957723813
39627805373239481,0.0,1.0,0.0,0.0,-0.0
39627805364846696,0.0,0.02,0.95,0.03,0.1674722434193448
39627805373239867,0.0,0.07,0.93,0.0,0.18296182545011158
39627805364846695,0.0,0.49,0.51,0.0,0.49985572087640495
39627811413036659,0.0,0.94,0.06,0.0,0.16372245957723813
39627817423473476,0.0,0.58,0.42,0.0,0.49072694751682683
39627841624607884,0.0,0.32,0.68,0.0,0.45219072886224687
39627835538671604,0.0,0.95,0.05,0.0,0.14319847855797813
39627805364851362,0.0,0.36,0.64,0.0,0.4713415946277461
39627859706250639,0.0,0.62,0.38,0.0,0.47902101111314976
39627859706250584,0.0,0.36,0.64,0.0,0.4713415946277461
39627859735613470,0.0,0.01,0.99,0.0,0.04039656794795559
39627829524040532,0.0,0.62,0.38,0.0,0.47902101111314976
39627859706250310,0.0,0.94,0.06,0.0,0.16372245957723813
39627859706250162,0.0,0.2,0.8,0.0,0.36096404744368116
39627829507262630,0.0,0.28,0.72,0.0,0.4277254052800653
39627841595248507,0.0,0.02,0.94,0.04,0.1912713345988728
39627829507262601,0.0,1.0,0.0,0.0,-0.0
39627859702059107,0.0,0.87,0.13,0.0,0.2787190925139945
39627859702059271,0.0,0.23,0.77,0.0,0.38900565177326885
39627841624605551,0.0,0.55,0.45,0.0,0.49638722699390414
39627859706249869,0.0,0.89,0.11,0.0,0.249957979082264
39627841624605615,0.0,0.0,0.98,0.02,0.07072027127091034
39627859706251833,0.0,0.53,0.47,0.0,0.4987007942838698
39627865762827067,0.0,0.06,0.94,0.0,0.16372245957723813
39627823496826568,0.0,0.9,0.1,0.0,0.2344977967946406
39627817457027508,0.0,0.18,0.82,0.0,0.34003852286413994
39627823496826513,0.0,0.54,0.46,0.0,0.49768921941011285
39627853704201651,0.0,0.36,0.64,0.0,0.4713415946277461
39627859735613408,0.0,0.42,0.58,0.0,0.49072694751682683
39627841624607597,0.0,0.97,0.03,0.0,0.0971959289157881
39627841599445302,0.0,1.0,0.0,0.0,-0.0
39627817440251230,0.0,0.75,0.25,0.0,0.4056390622295664
39627811413035907,0.0,1.0,0.0,0.0,-0.0
39627847626654209,0.0,0.6,0.4,0.0,0.4854752972273343
39627847622459899,0.0,0.57,0.43,0.0,0.4929075185894599
39627841582662006,0.0,0.99,0.01,0.0,0.04039656794795559
39627859714640380,0.0,0.86,0.14,0.0,0.292119405821428
39627853695816560,0.0,0.09,0.91,0.0,0.21823490853205144
39627805373240667,0.0,0.12,0.88,0.0,0.2646804326436822
39627805352269870,0.0,0.28,0.72,0.0,0.4277254052800653
39627805348073406,0.05,0.94,0.01,0.0,0.1832231322266888
39627799320859275,0.0,1.0,0.0,0.0,-0.0
39627799325049540,0.0,0.1,0.9,0.0,0.2344977967946406
39627805348073172,0.0,0.74,0.26,0.0,0.4133731862463089
39627811387871229,0.0,0.89,0.11,0.0,0.249957979082264
39627799325049257,0.01,0.99,0.0,0.0,0.04039656794795559
39627817423471223,0.0,0.92,0.08,0.0,0.2010895951011364
39627799325049099,0.0,0.11,0.89,0.0,0.249957979082264
39627799325049566,0.0,0.83,0.17,0.0,0.32885238937210975
39627799325049202,0.0,0.91,0.09,0.0,0.21823490853205144
39627799325052180,0.0,0.73,0.27,0.0,0.42073231810408784
39627805348073639,0.0,0.74,0.26,0.0,0.4133731862463089
39627799325052408,0.0,0.86,0.14,0.0,0.292119405821428
39627799325050043,0.0,1.0,0.0,0.0,-0.0
39627799320857734,0.0,0.38,0.62,0.0,0.47902101111314976
39627799325052382,0.0,0.51,0.49,0.0,0.49985572087640495
39627805369043446,0.0,0.81,0.19,0.0,0.3507357299419487
39627799325048950,0.0,0.98,0.02,0.0,0.07072027127091034
39627823463269984,0.0,0.08,0.92,0.0,0.2010895951011364
39627799325051062,0.0,0.22,0.78,0.0,0.38008375148098283
39627805364847244,0.0,0.35,0.65,0.0,0.4670340276877455
39627799325049072,0.0,0.19,0.81,0.0,0.3507357299419487
39627823505211745,0.13,0.87,0.0,0.0,0.2787190925139945
39627799320859277,0.01,0.96,0.03,0.0,0.13737165703039006
39627799320859341,0.0,0.71,0.29,0.0,0.43436062316970225
39627799325050937,0.0,0.03,0.96,0.01,0.13737165703039006
39627799320859266,0.02,0.91,0.07,0.0,0.2526241113249394
39627805360653968,0.0,0.63,0.37,0.0,0.47533604634353294
39627805369042922,0.0,0.87,0.13,0.0,0.2787190925139945
39627805360654355,0.0,0.03,0.97,0.0,0.0971959289157881
39627799329244278,0.0,0.53,0.47,0.0,0.4987007942838698
39627847643436426,0.0,0.71,0.29,0.0,0.43436062316970225
39627799329243685,0.0,0.97,0.03,0.0,0.0971959289157881
39627799329243648,0.0,0.38,0.62,0.0,0.47902101111314976
39627817423472430,0.04,0.95,0.01,0.0,0.16124668093016215
39627799329244897,0.0,0.15,0.85,0.0,0.3049201523582002
39627799329245825,0.0,0.95,0.05,0.0,0.14319847855797813
39627817423472337,0.0,0.5,0.5,0.0,0.5
39627799329243360,0.0,0.0,0.99,0.01,0.04039656794795559
39627805360654634,0.0,0.62,0.38,0.0,0.47902101111314976
39627847647627874,0.0,0.5,0.5,0.0,0.5
39627847647627837,0.0,0.77,0.23,0.0,0.38900565177326885
39627799325053069,0.0,0.51,0.49,0.0,0.49985572087640495
39627799329243510,0.0,0.04,0.96,0.0,0.12114609454120741
39627823501019781,0.0,0.48,0.52,0.0,0.4994227679976009
39627823505212105,0.0,0.92,0.08,0.0,0.2010895951011364
39627823501019226,0.0,0.08,0.92,0.0,0.2010895951011364
39627823505214023,0.0,0.11,0.89,0.0,0.249957979082264
39627823501019403,0.0,0.06,0.94,0.0,0.16372245957723813
39627823505211609,0.0,0.61,0.39,0.0,0.4823997742525436
39627847647628472,0.0,0.01,0.99,0.0,0.04039656794795559
39627841616221127,0.0,0.86,0.14,0.0,0.292119405821428
39627823467468330,0.0,0.02,0.96,0.02,0.14114609454120738
39627859723027889,0.0,0.42,0.58,0.0,0.49072694751682683
39627823467468207,0.0,0.62,0.38,0.0,0.47902101111314976
39627823467468064,0.0,0.59,0.41,0.0,0.488250234378912
39627823501019946,0.0,0.08,0.92,0.0,0.2010895951011364
39627823501020036,0.0,0.31,0.69,0.0,0.4465867291889284
39627823501020044,0.0,0.87,0.13,0.0,0.2787190925139945
39627823501019875,0.0,0.07,0.9,0.03,0.2785623417561752
39627799329244287,0.0,0.92,0.08,0.0,0.2010895951011364
39627823505213530,0.0,0.01,0.95,0.04,0.16124668093016215
39627817423474981,0.0,0.96,0.04,0.0,0.12114609454120741
39627847647626305,0.0,0.31,0.69,0.0,0.4465867291889284
39627853704200545,0.0,0.91,0.09,0.0,0.21823490853205144
39627841578469886,0.0,0.42,0.58,0.0,0.49072694751682683
39627847651820213,0.0,0.7,0.3,0.0,0.44064544961534635
39627829519845222,0.0,0.44,0.56,0.0,0.4947937606110278
39627811417230923,0.0,0.42,0.58,0.0,0.49072694751682683
39627805356461448,0.0,0.59,0.41,0.0,0.488250234378912
39627811421421988,0.0,0.24,0.75,0.01,0.4359255858648683
39627847651820215,0.0,0.37,0.63,0.0,0.47533604634353294
39627805356461347,0.0,0.95,0.05,0.0,0.14319847855797813
39627823505212413,0.0,0.8,0.2,0.0,0.36096404744368116
39627823505212405,0.0,0.86,0.14,0.0,0.292119405821428
39627853695813060,0.0,0.13,0.87,0.0,0.2787190925139945
39627829540814937,0.0,0.04,0.96,0.0,0.12114609454120741
39627823505211571,0.0,0.08,0.92,0.0,0.2010895951011364
39627859727223296,0.0,0.45,0.55,0.0,0.49638722699390414
39627841612025553,0.0,0.14,0.86,0.0,0.292119405821428
39627829507264630,0.0,0.04,0.96,0.0,0.12114609454120741
39627841620414061,0.0,0.03,0.97,0.0,0.0971959289157881
39627823501021104,0.0,0.57,0.43,0.0,0.4929075185894599
39627859706251996,0.0,0.93,0.07,0.0,0.18296182545011158
39627859735613378,0.0,0.89,0.11,0.0,0.249957979082264
39627811417231253,0.0,0.54,0.46,0.0,0.49768921941011285
39627823505212377,0.0,0.05,0.95,0.0,0.14319847855797813
39627847664402575,0.0,1.0,0.0,0.0,-0.0
39627847651822810,0.0,0.27,0.73,0.0,0.42073231810408784
39627853670647677,0.0,0.43,0.57,0.0,0.4929075185894599
39627853691622488,0.0,0.55,0.45,0.0,0.49638722699390414
39627859702057185,0.0,0.56,0.44,0.0,0.4947937606110278
39627847618267653,0.0,0.53,0.47,0.0,0.4987007942838698
39627841578467849,0.0,1.0,0.0,0.0,-0.0
39627811408842678,0.0,0.21,0.79,0.0,0.37074136996563684
39627853700007812,0.0,0.77,0.23,0.0,0.38900565177326885
39627859702058326,0.0,0.98,0.02,0.0,0.07072027127091034
39627859702057427,0.0,0.37,0.63,0.0,0.47533604634353294
39627865750242885,0.0,0.19,0.81,0.0,0.3507357299419487
39627853700008110,0.01,0.86,0.13,0.0,0.31810566868628926
39627853658066481,0.0,0.99,0.01,0.0,0.04039656794795559
39627829498873930,0.0,0.79,0.21,0.0,0.37074136996563684
39627829498873965,0.0,0.71,0.29,0.0,0.43436062316970225
39627829498874062,0.0,1.0,0.0,0.0,-0.0
39627841599441032,0.0,0.08,0.92,0.0,0.2010895951011364
39627847647629896,0.0,0.2,0.8,0.0,0.36096404744368116
39627847647630091,0.0,0.99,0.01,0.0,0.04039656794795559
39627811400451273,0.0,0.87,0.13,0.0,0.2787190925139945
39627847647630044,0.0,0.24,0.76,0.0,0.39752013969226113
39627817427669276,0.0,0.87,0.13,0.0,0.2787190925139945
39627811396256892,0.0,0.1,0.88,0.02,0.30368177794258344
39627817440249569,0.0,0.38,0.62,0.0,0.47902101111314976
39627835559643965,0.0,0.0,1.0,0.0,-0.0
39627817427669128,0.02,0.94,0.04,0.0,0.1912713345988728
39627841578471010,0.0,0.87,0.13,0.0,0.2787190925139945
39627847647630981,0.0,0.05,0.95,0.0,0.14319847855797813
39627823484242714,0.0,0.36,0.64,0.0,0.4713415946277461
39627859702058199,0.0,0.48,0.52,0.0,0.4994227679976009
39627859702058383,0.0,0.43,0.57,0.0,0.4929075185894599
39627859702057786,0.06,0.94,0.0,0.0,0.16372245957723813
39627841624605128,0.0,0.24,0.76,0.0,0.39752013969226113
39627841624605047,0.0,0.28,0.72,0.0,0.4277254052800653
39627859702057847,0.0,0.64,0.36,0.0,0.4713415946277461
39627835538672252,0.0,0.18,0.82,0.0,0.34003852286413994
39627835538672411,0.0,0.62,0.38,0.0,0.47902101111314976
39627829498874494,0.0,0.95,0.05,0.0,0.14319847855797813
39627829507265348,0.0,0.27,0.73,0.0,0.42073231810408784
39627853687426387,0.0,0.68,0.32,0.0,0.45219072886224687
39627829507265271,0.0,0.47,0.53,0.0,0.4987007942838698
39627841595245106,0.0,0.07,0.93,0.0,0.18296182545011158
39627853687426739,0.0,0.85,0.15,0.0,0.3049201523582002
39627853687426651,0.0,0.37,0.63,0.0,0.47533604634353294
39627817440249309,0.0,0.04,0.96,0.0,0.12114609454120741
39627835559644231,0.0,0.77,0.23,0.0,0.38900565177326885
39627835551257249,0.0,0.4,0.6,0.0,0.4854752972273343
39627847635042692,0.01,0.98,0.01,0.0,0.08072027127091033
39627829507260788,0.0,0.74,0.26,0.0,0.4133731862463089
39627847630851713,0.0,0.89,0.11,0.0,0.249957979082264
39627805364848463,0.0,0.67,0.33,0.0,0.4574631863898637
39627853704200606,0.0,0.35,0.65,0.0,0.4670340276877455
39627811396257288,0.0,0.44,0.56,0.0,0.4947937606110278
39627841616217099,0.0,0.0,0.78,0.22,0.38008375148098283
39627859714641847,0.0,0.7,0.3,0.0,0.44064544961534635
39627841616219914,0.0,0.93,0.07,0.0,0.18296182545011158
39627841616219999,0.0,0.18,0.82,0.0,0.34003852286413994
39627841624605913,0.0,0.98,0.02,0.0,0.07072027127091034
39627841586860489,0.0,0.49,0.51,0.0,0.49985572087640495
39627841586860361,0.0,0.0,0.99,0.01,0.04039656794795559
39627859718833400,0.0,0.78,0.22,0.0,0.38008375148098283
39627871790041820,0.0,0.0,0.97,0.03,0.0971959289157881
39627871785847651,0.0,0.81,0.19,0.0,0.3507357299419487
39627859714641665,0.0,0.24,0.76,0.0,0.39752013969226113
39627859718833696,0.0,0.09,0.9,0.01,0.2579475764741046
39627859718833382,0.0,0.31,0.69,0.0,0.4465867291889284
39627859718833444,0.0,0.02,0.98,0.0,0.07072027127091034
39627817427668887,0.0,1.0,0.0,0.0,-0.0
39627871785846543,0.0,0.54,0.46,0.0,0.49768921941011285
39627835538672366,0.0,0.38,0.62,0.0,0.47902101111314976
39627859706250508,0.0,0.41,0.59,0.0,0.488250234378912
39627841603638708,0.0,0.37,0.63,0.0,0.47533604634353294
39627829515652492,0.0,0.45,0.55,0.0,0.49638722699390414
39627859702059545,0.0,0.32,0.68,0.0,0.45219072886224687
39627847618268935,0.0,0.82,0.18,0.0,0.34003852286413994
39627865750242929,0.0,0.05,0.94,0.01,0.1832231322266888
39627859718832981,0.0,0.04,0.96,0.0,0.12114609454120741
39627829515652415,0.0,0.65,0.35,0.0,0.4670340276877455
39627835568032644,0.0,0.2,0.8,0.0,0.36096404744368116
39627811400451230,0.0,0.04,0.96,0.0,0.12114609454120741
39627823484240377,0.0,0.85,0.15,0.0,0.3049201523582002
39627823484240435,0.0,0.51,0.49,0.0,0.49985572087640495
39627859702057818,0.0,0.49,0.51,0.0,0.49985572087640495
39627847635042526,0.0,0.53,0.47,0.0,0.4987007942838698
39627817436058330,0.0,0.81,0.19,0.0,0.3507357299419487
39627847630853519,0.0,0.15,0.85,0.0,0.3049201523582002
39627841616220161,0.0,0.77,0.23,0.0,0.38900565177326885
39627841620413742,0.0,0.06,0.94,0.0,0.16372245957723813
39627823501019615,0.0,0.66,0.34,0.0,0.46240935248651505
39627823501019810,0.0,0.34,0.66,0.0,0.46240935248651505
39627823475855997,0.0,0.8,0.2,0.0,0.36096404744368116
39627823475855986,0.0,0.0,0.98,0.02,0.07072027127091034
39627817452832175,0.0,0.99,0.01,0.0,0.04039656794795559
39627823475855635,0.0,0.57,0.43,0.0,0.4929075185894599
39627823475855633,0.0,0.42,0.58,0.0,0.49072694751682683
39627859702059055,0.02,0.97,0.01,0.0,0.11097036642660543
39627841599442054,0.0,0.64,0.36,0.0,0.4713415946277461
39627859714640701,0.0,0.26,0.74,0.0,0.4133731862463089
39627835563839056,0.0,0.87,0.13,0.0,0.2787190925139945
39627841616217262,0.0,0.72,0.28,0.0,0.4277254052800653
39627847618267297,0.0,0.91,0.09,0.0,0.21823490853205144
39627823501019599,0.0,0.07,0.93,0.0,0.18296182545011158
39627853695815354,0.0,0.46,0.54,0.0,0.49768921941011285
39627835563839693,0.0,0.07,0.93,0.0,0.18296182545011158
39627871781653695,0.0,0.12,0.88,0.0,0.2646804326436822
39627853695814556,0.0,0.0,1.0,0.0,-0.0
39627823459075384,0.0,0.58,0.42,0.0,0.49072694751682683
39627811383676921,0.0,0.92,0.08,0.0,0.2010895951011364
39627865737661881,0.0,0.72,0.28,0.0,0.4277254052800653
39627811387867348,0.0,0.99,0.01,0.0,0.04039656794795559
39627835534479940,0.0,0.71,0.29,0.0,0.43436062316970225
39627823459077098,0.0,0.7,0.3,0.0,0.44064544961534635
39627823459076888,0.0,0.37,0.63,0.0,0.47533604634353294
39627823459076236,0.02,0.98,0.0,0.0,0.07072027127091034
39627823459074666,0.0,0.66,0.34,0.0,0.46240935248651505
39627805352269210,0.0,0.23,0.77,0.0,0.38900565177326885
39627817419279889,0.01,0.99,0.0,0.0,0.04039656794795559
39627823459075251,0.0,0.76,0.24,0.0,0.39752013969226113
39627823459075502,0.0,0.48,0.52,0.0,0.4994227679976009
39627823459075694,0.0,0.79,0.21,0.0,0.37074136996563684
39627823459075725,0.0,0.72,0.28,0.0,0.4277254052800653
39627823459075783,0.05,0.95,0.0,0.0,0.14319847855797813
39627823459076545,0.0,0.69,0.31,0.0,0.4465867291889284
39627817419279253,0.0,0.86,0.14,0.0,0.292119405821428
39627823459075964,0.0,0.79,0.21,0.0,0.37074136996563684
39627829498872514,0.0,0.69,0.31,0.0,0.4465867291889284
39627817423474415,0.0,0.34,0.66,0.0,0.46240935248651505
39627805360652799,0.0,0.98,0.02,0.0,0.07072027127091034
39627805360652787,0.0,0.94,0.06,0.0,0.16372245957723813
39627805360652618,0.0,0.36,0.64,0.0,0.4713415946277461
39627817440251013,0.0,0.32,0.68,0.0,0.45219072886224687
39627841578467853,0.01,0.99,0.0,0.0,0.04039656794795559
39627859702056521,0.0,0.64,0.36,0.0,0.4713415946277461
39627811392061767,0.0,0.9,0.1,0.0,0.2344977967946406
39627853658066773,0.0,0.36,0.64,0.0,0.4713415946277461
39627871781653114,0.0,0.91,0.09,0.0,0.21823490853205144
39627817427664972,0.03,0.97,0.0,0.0,0.0971959289157881
39627841578468695,0.0,0.58,0.42,0.0,0.49072694751682683
39627811387867785,0.0,0.55,0.45,0.0,0.49638722699390414
39627823459076652,0.0,0.55,0.45,0.0,0.49638722699390414
39627823459076035,0.02,0.97,0.01,0.0,0.11097036642660543
39627847647626911,0.0,0.48,0.52,0.0,0.4994227679976009
39627811387867725,0.0,0.86,0.14,0.0,0.292119405821428
39627829498873419,0.0,0.49,0.51,0.0,0.49985572087640495
39627811387870152,0.0,0.1,0.9,0.0,0.2344977967946406
39627847647627013,0.0,0.27,0.73,0.0,0.42073231810408784
39627823459077625,0.0,1.0,0.0,0.0,-0.0
39627823459077546,0.0,0.99,0.01,0.0,0.04039656794795559
39627811387868181,0.11,0.89,0.0,0.0,0.249957979082264
39627847647627115,0.0,0.96,0.04,0.0,0.12114609454120741
39627823459077328,0.0,0.33,0.67,0.0,0.4574631863898637
39627823459077193,0.0,0.95,0.05,0.0,0.14319847855797813
39627811387867668,0.0,0.87,0.13,0.0,0.2787190925139945
39627811383677337,0.0,0.72,0.28,0.0,0.4277254052800653
39627823459077471,0.0,0.84,0.16,0.0,0.3171547773202831
39627811387867717,0.0,0.89,0.11,0.0,0.249957979082264
39627805360653109,0.0,0.28,0.72,0.0,0.4277254052800653
39627817419280126,0.0,0.75,0.25,0.0,0.4056390622295664
39627811387867428,0.0,0.98,0.02,0.0,0.07072027127091034
39627811387869604,0.0,0.63,0.37,0.0,0.47533604634353294
39627811387869484,0.0,0.94,0.06,0.0,0.16372245957723813
39627811387869465,0.0,0.81,0.19,0.0,0.3507357299419487
39627859702059359,0.0,0.99,0.01,0.0,0.04039656794795559
39627847647626850,0.0,0.89,0.11,0.0,0.249957979082264
39627811392061833,0.0,0.31,0.69,0.0,0.4465867291889284
39627853658066947,0.0,0.62,0.38,0.0,0.47902101111314976
39627865750243659,0.0,0.9,0.1,0.0,0.2344977967946406
39627853695815126,0.0,0.08,0.92,0.0,0.2010895951011364
39627841595245414,0.0,0.65,0.35,0.0,0.4670340276877455
39627841595245419,0.0,0.0,0.92,0.08,0.2010895951011364
39627823501021755,0.0,0.08,0.89,0.03,0.296452280596498
39627853695814997,0.0,0.02,0.98,0.0,0.07072027127091034
39627859706251947,0.0,0.52,0.48,0.0,0.4994227679976009
39627853700010993,0.0,0.14,0.86,0.0,0.292119405821428
39627841616219525,0.0,0.63,0.37,0.0,0.47533604634353294
39627817427668254,0.0,0.24,0.76,0.0,0.39752013969226113
39627841616219499,0.0,0.01,0.99,0.0,0.04039656794795559
39627877813063502,0.0,0.04,0.96,0.0,0.12114609454120741
39627841578469357,0.0,0.85,0.15,0.0,0.3049201523582002
39627817431862256,0.0,0.37,0.63,0.0,0.47533604634353294
39627853695816362,0.0,0.09,0.91,0.0,0.21823490853205144
39627847618268586,0.0,0.32,0.68,0.0,0.45219072886224687
39627847618268635,0.0,0.42,0.58,0.0,0.49072694751682683
39627871781653501,0.0,0.39,0.61,0.0,0.4823997742525436
39627805352268327,0.0,0.68,0.32,0.0,0.45219072886224687
39627811387868312,0.0,0.9,0.1,0.0,0.2344977967946406
39627811387868129,0.0,0.9,0.1,0.0,0.2344977967946406
39627805373240420,0.0,0.24,0.76,0.0,0.39752013969226113
39627817423470711,0.06,0.94,0.0,0.0,0.16372245957723813
39627811400451586,0.03,0.97,0.0,0.0,0.0971959289157881
39627817423471329,0.0,0.75,0.25,0.0,0.4056390622295664
39627799320857003,0.0,0.57,0.43,0.0,0.4929075185894599
39627817423471129,0.0,0.61,0.39,0.0,0.4823997742525436
39627805352264635,0.0,0.35,0.65,0.0,0.4670340276877455
39627817423471782,0.0,0.18,0.82,0.0,0.34003852286413994
39627799320857293,0.01,0.99,0.0,0.0,0.04039656794795559
39627841578468693,0.0,0.56,0.44,0.0,0.4947937606110278
39627805352264827,0.0,1.0,0.0,0.0,-0.0
39627841578470586,0.0,0.3,0.7,0.0,0.44064544961534635
39627805352269447,0.0,0.33,0.67,0.0,0.4574631863898637
39627805360653891,0.0,0.23,0.77,0.0,0.38900565177326885
39627805373239984,0.0,0.15,0.85,0.0,0.3049201523582002
39627817419280519,0.01,0.97,0.02,0.0,0.11097036642660543
39627817419280405,0.0,0.37,0.63,0.0,0.47533604634353294
39627811387868933,0.0,0.96,0.04,0.0,0.12114609454120741
39627805352268921,0.0,0.46,0.54,0.0,0.49768921941011285
39627805352265599,0.06,0.94,0.0,0.0,0.16372245957723813
39627799329244755,0.0,0.33,0.67,0.0,0.4574631863898637
39627847647629516,0.0,0.3,0.7,0.0,0.44064544961534635
39627841620413031,0.0,0.71,0.29,0.0,0.43436062316970225
39627841578468851,0.0,0.31,0.69,0.0,0.4465867291889284
39627841578468776,0.0,0.39,0.61,0.0,0.4823997742525436
39627859706249582,0.0,0.86,0.14,0.0,0.292119405821428
39627841616220923,0.0,0.98,0.02,0.0,0.07072027127091034
39627805360654145,0.0,0.79,0.21,0.0,0.37074136996563684
39627829540814898,0.0,0.06,0.94,0.0,0.16372245957723813
39627805360654346,0.0,0.08,0.92,0.0,0.2010895951011364
39627811417232125,0.0,0.75,0.25,0.0,0.4056390622295664
39627853695815605,0.0,0.55,0.45,0.0,0.49638722699390414
39627841616220433,0.0,0.02,0.98,0.0,0.07072027127091034
39627853695815476,0.0,0.11,0.89,0.0,0.249957979082264
39627841616220619,0.0,0.81,0.19,0.0,0.3507357299419487
39627823505215669,0.0,0.92,0.08,0.0,0.2010895951011364
39627805373239911,0.01,0.73,0.26,0.0,0.4515849675378141
39627805377430890,0.0,0.8,0.2,0.0,0.36096404744368116
39627805377431144,0.0,0.99,0.01,0.0,0.04039656794795559
39627805373239749,0.05,0.95,0.0,0.0,0.14319847855797813
39627799329246779,0.0,0.22,0.78,0.0,0.38008375148098283
39627805377433333,0.0,0.84,0.16,0.0,0.3171547773202831
39627805377431997,0.0,0.13,0.87,0.0,0.2787190925139945
39627823505214270,0.0,0.22,0.78,0.0,0.38008375148098283
39627805377433048,0.0,0.93,0.07,0.0,0.18296182545011158
39627841603634006,0.0,0.38,0.62,0.0,0.47902101111314976
39627841603634324,0.0,0.85,0.15,0.0,0.3049201523582002
39627811417228286,0.0,0.01,0.95,0.04,0.16124668093016215
39627811417228300,0.0,0.75,0.25,0.0,0.4056390622295664
39627841624606895,0.0,0.69,0.31,0.0,0.4465867291889284
39627847635045517,0.0,0.0,0.97,0.03,0.0971959289157881
39627853679039022,0.0,0.27,0.73,0.0,0.42073231810408784
39627841624606896,0.0,0.75,0.25,0.0,0.4056390622295664
39627859735613121,0.02,0.96,0.02,0.0,0.14114609454120738
39627811400452670,0.0,0.01,0.96,0.03,0.13737165703039006
39627865754438813,0.0,0.12,0.88,0.0,0.2646804326436822
39627847618268655,0.0,0.17,0.83,0.0,0.32885238937210975
39627811417227725,0.0,0.01,0.98,0.01,0.08072027127091033
39627823496825472,0.0,0.35,0.65,0.0,0.4670340276877455
39627859735612909,0.0,0.78,0.22,0.0,0.38008375148098283
39627817457025260,0.0,0.18,0.82,0.0,0.34003852286413994
39627865746047959,0.0,0.8,0.2,0.0,0.36096404744368116
39627841591052215,0.0,0.28,0.72,0.0,0.4277254052800653
39627823496825150,0.0,0.63,0.37,0.0,0.47533604634353294
39627823496825154,0.0,0.34,0.66,0.0,0.46240935248651505
39627853700011125,0.01,0.98,0.01,0.0,0.08072027127091033
39627841591052422,0.0,0.69,0.31,0.0,0.4465867291889284
39627847647630646,0.0,0.07,0.93,0.0,0.18296182545011158
39627829519845990,0.0,0.56,0.44,0.0,0.4947937606110278
39627853674840442,0.0,0.09,0.9,0.01,0.2579475764741046
39627829519845983,0.0,0.88,0.12,0.0,0.2646804326436822
39627841616218933,0.0,0.2,0.8,0.0,0.36096404744368116
39627829507261129,0.0,0.98,0.02,0.0,0.07072027127091034
39627817452831817,0.0,0.03,0.97,0.0,0.0971959289157881
39627823496825086,0.0,0.14,0.86,0.0,0.292119405821428
39627841591052442,0.0,0.73,0.27,0.0,0.42073231810408784
39627841578470590,0.0,0.23,0.77,0.0,0.38900565177326885
39627817452831245,0.0,0.97,0.03,0.0,0.0971959289157881
39627865746048177,0.0,0.67,0.33,0.0,0.4574631863898637
39627811417227731,0.0,1.0,0.0,0.0,-0.0
39627835559643256,0.0,0.27,0.73,0.0,0.42073231810408784
39627841599442702,0.0,0.28,0.72,0.0,0.4277254052800653
39627871794236762,0.0,0.04,0.96,0.0,0.12114609454120741
39627841591052398,0.0,0.8,0.2,0.0,0.36096404744368116
39627871794236936,0.0,0.71,0.29,0.0,0.43436062316970225
39627829540819190,0.0,0.02,0.97,0.01,0.11097036642660543
39627847639241654,0.0,0.49,0.51,0.0,0.49985572087640495
39627853683232122,0.0,0.0,1.0,0.0,-0.0
39627805373236392,0.0,0.73,0.27,0.0,0.42073231810408784
39627805373236427,0.0,0.58,0.42,0.0,0.49072694751682683
39627823509405725,0.0,0.66,0.34,0.0,0.46240935248651505
39627841624606747,0.0,0.53,0.47,0.0,0.4987007942838698
39627823505215848,0.0,0.63,0.37,0.0,0.47533604634353294
39627841620411067,0.0,0.81,0.19,0.0,0.3507357299419487
39627841624606697,0.0,0.67,0.33,0.0,0.4574631863898637
39627805356460708,0.0,0.69,0.31,0.0,0.4465867291889284
39627847643433394,0.0,0.98,0.02,0.0,0.07072027127091034
39627817465415397,0.0,0.68,0.32,0.0,0.45219072886224687
39627847643433491,0.0,0.0,0.93,0.07,0.18296182545011158
39627859706251895,0.0,0.17,0.83,0.0,0.32885238937210975
39627823505212663,0.0,0.12,0.88,0.0,0.2646804326436822
39627847660208707,0.0,0.82,0.18,0.0,0.34003852286413994
39627823505212875,0.0,0.99,0.01,0.0,0.04039656794795559
39627865746048176,0.0,0.08,0.92,0.0,0.2010895951011364
39627847651824011,0.0,0.59,0.41,0.0,0.488250234378912
39627817457027116,0.0,0.15,0.85,0.0,0.3049201523582002
39627823496827378,0.0,0.06,0.94,0.0,0.16372245957723813
39627817448638512,0.0,0.69,0.31,0.0,0.4465867291889284
39627817452831313,0.0,0.0,0.9,0.1,0.2344977967946406
39627805373236594,0.0,0.21,0.79,0.0,0.37074136996563684
39627847643433682,0.0,0.85,0.15,0.0,0.3049201523582002
39627805373237135,0.0,0.05,0.93,0.02,0.21317104534994366
39627823496826631,0.0,0.84,0.16,0.0,0.3171547773202831
39627841582665912,0.0,0.97,0.03,0.0,0.0971959289157881
39627853704200610,0.0,0.97,0.03,0.0,0.0971959289157881
39627853679034673,0.0,0.67,0.33,0.0,0.4574631863898637
39627841582665806,0.0,0.76,0.24,0.0,0.39752013969226113
39627841599444123,0.0,0.8,0.2,0.0,0.36096404744368116
39627865775410648,0.0,0.49,0.51,0.0,0.49985572087640495
39627823496825609,0.0,0.08,0.92,0.0,0.2010895951011364
39627859702059668,0.0,0.04,0.96,0.0,0.12114609454120741
39627835589003328,0.0,1.0,0.0,0.0,-0.0
39627841599443612,0.0,0.91,0.09,0.0,0.21823490853205144
39627817448638827,0.0,0.2,0.8,0.0,0.36096404744368116
39627841616221570,0.0,0.77,0.23,0.0,0.38900565177326885
39627823496826634,0.0,0.0,0.99,0.01,0.04039656794795559
39627823496826676,0.0,0.52,0.48,0.0,0.4994227679976009
39627847664406020,0.0,0.96,0.04,0.0,0.12114609454120741
39627847664405939,0.0,0.91,0.09,0.0,0.21823490853205144
39627847664406158,0.0,0.98,0.02,0.0,0.07072027127091034
39627853674841145,0.0,0.87,0.13,0.0,0.2787190925139945
39627805352269803,0.0,0.09,0.91,0.0,0.21823490853205144
39627805352265584,0.0,0.12,0.88,0.0,0.2646804326436822
39627805352269503,0.0,0.54,0.46,0.0,0.49768921941011285
39627835559642903,0.0,0.3,0.7,0.0,0.44064544961534635
39627847664405846,0.0,0.26,0.74,0.0,0.4133731862463089
39627865762829071,0.0,0.84,0.16,0.0,0.3171547773202831
39627847647629232,0.0,0.86,0.14,0.0,0.292119405821428
39627847647627584,0.0,0.59,0.41,0.0,0.488250234378912
39627841578470505,0.0,0.89,0.11,0.0,0.249957979082264
39627847647629420,0.0,0.08,0.92,0.0,0.2010895951011364
39627841578470423,0.0,0.59,0.41,0.0,0.488250234378912
39627859706252930,0.0,0.78,0.22,0.0,0.38008375148098283
39627805352266022,0.0,0.9,0.1,0.0,0.2344977967946406
39627817423473738,0.0,0.63,0.37,0.0,0.47533604634353294
39627853674841160,0.0,0.31,0.69,0.0,0.4465867291889284
39627841624606881,0.0,0.02,0.96,0.02,0.14114609454120738
39627841578469638,0.0,0.99,0.01,0.0,0.04039656794795559
39627817431864619,0.0,0.0,0.98,0.02,0.07072027127091034
39627817431864560,0.0,0.06,0.94,0.0,0.16372245957723813
39627859723031395,0.0,0.1,0.9,0.0,0.2344977967946406
39627859723031259,0.0,0.05,0.95,0.0,0.14319847855797813
39627817427668687,0.0,0.84,0.16,0.0,0.3171547773202831
39627859702058904,0.0,0.77,0.23,0.0,0.38900565177326885
39627841616219396,0.0,0.99,0.01,0.0,0.04039656794795559
39627823496826228,0.0,0.03,0.97,0.0,0.0971959289157881
39627859727221919,0.0,0.27,0.73,0.0,0.42073231810408784
39627841624605143,0.0,0.44,0.56,0.0,0.4947937606110278
39627853704202637,0.0,0.52,0.48,0.0,0.4994227679976009
39627847664406485,0.0,0.45,0.55,0.0,0.49638722699390414
39627817423472456,0.0,0.76,0.24,0.0,0.39752013969226113
39627805377433089,0.0,0.82,0.18,0.0,0.34003852286413994
39627805377432999,0.0,0.81,0.19,0.0,0.3507357299419487
39627817423472212,0.0,0.21,0.79,0.0,0.37074136996563684
39627817423472944,0.0,0.91,0.09,0.0,0.21823490853205144
39627799333438740,0.0,0.9,0.1,0.0,0.2344977967946406
39627799325051334,0.0,0.98,0.02,0.0,0.07072027127091034
39627799325051431,0.0,0.99,0.01,0.0,0.04039656794795559
39627799329247783,0.01,0.85,0.14,0.0,0.33142210248480686
39627805377433723,0.0,1.0,0.0,0.0,-0.0
39627799325053111,0.0,0.92,0.08,0.0,0.2010895951011364
39627805356458109,0.0,0.98,0.02,0.0,0.07072027127091034
39627799329245015,0.0,0.87,0.13,0.0,0.2787190925139945
39627799329243584,0.0,0.98,0.02,0.0,0.07072027127091034
39627799320859197,0.0,0.91,0.09,0.0,0.21823490853205144
39627841578471849,0.0,0.99,0.01,0.0,0.04039656794795559
39627799329247776,0.0,0.24,0.76,0.0,0.39752013969226113
39627799320857943,0.0,0.98,0.02,0.0,0.07072027127091034
39627805377430193,0.0,0.33,0.67,0.0,0.4574631863898637
39627799329244493,0.0,0.9,0.1,0.0,0.2344977967946406
39627817423472365,0.0,0.64,0.36,0.0,0.4713415946277461
39627799325053629,0.05,0.95,0.0,0.0,0.14319847855797813
39627799329244505,0.0,0.96,0.04,0.0,0.12114609454120741
39627805377435030,0.0,0.36,0.64,0.0,0.4713415946277461
39627805377434714,0.0,0.69,0.31,0.0,0.4465867291889284
39627805377434289,0.0,0.69,0.31,0.0,0.4465867291889284
39627805356458376,0.0,0.94,0.06,0.0,0.16372245957723813
39627799329248088,0.0,0.42,0.58,0.0,0.49072694751682683
39627799325052651,0.0,0.89,0.11,0.0,0.249957979082264
39627799320858841,0.02,0.98,0.0,0.0,0.07072027127091034
39627799325049223,0.0,0.39,0.61,0.0,0.4823997742525436
39627799329245115,0.0,0.92,0.08,0.0,0.2010895951011364
39627817423471520,0.01,0.94,0.05,0.0,0.1832231322266888
39627799325050628,0.0,0.88,0.12,0.0,0.2646804326436822
39627799320858009,0.0,0.96,0.04,0.0,0.12114609454120741
39627799325050196,0.0,0.12,0.88,0.0,0.2646804326436822
39627799325049505,0.0,1.0,0.0,0.0,-0.0
39627799325049289,0.0,0.81,0.19,0.0,0.3507357299419487
39627817423472168,0.0,0.8,0.2,0.0,0.36096404744368116
39627805356458753,0.01,0.96,0.03,0.0,0.13737165703039006
39627799325052504,0.0,0.6,0.4,0.0,0.4854752972273343
39627805377433356,0.0,0.96,0.04,0.0,0.12114609454120741
39627799329243998,0.0,0.61,0.39,0.0,0.4823997742525436
39627805377432346,0.0,0.61,0.39,0.0,0.4823997742525436
39627799325053589,0.0,0.69,0.31,0.0,0.4465867291889284
39627805356458219,0.0,0.95,0.05,0.0,0.14319847855797813
39627799325052503,0.0,0.34,0.66,0.0,0.46240935248651505
39627823505214212,0.0,0.92,0.08,0.0,0.2010895951011364
39627823505213863,0.0,0.88,0.12,0.0,0.2646804326436822
39627805356459117,0.0,0.86,0.14,0.0,0.292119405821428
39627799325051506,0.0,0.56,0.44,0.0,0.4947937606110278
39627811421421686,0.04,0.96,0.0,0.0,0.12114609454120741
39627799329247483,0.01,0.99,0.0,0.0,0.04039656794795559
39627799329246707,0.0,0.65,0.35,0.0,0.4670340276877455
39627805377433998,0.0,0.55,0.45,0.0,0.49638722699390414
39627805381624636,0.0,0.7,0.3,0.0,0.44064544961534635
39627811421423827,0.0,0.8,0.2,0.0,0.36096404744368116
39627805381625521,0.02,0.98,0.0,0.0,0.07072027127091034
39627841603635655,0.0,0.27,0.73,0.0,0.42073231810408784
39627805381626232,0.0,0.98,0.02,0.0,0.07072027127091034
39627805377434444,0.0,1.0,0.0,0.0,-0.0
39627805356459054,0.0,0.99,0.01,0.0,0.04039656794795559
39627805356458946,0.0,0.96,0.04,0.0,0.12114609454120741
39627811421425204,0.0,0.85,0.15,0.0,0.3049201523582002
39627811425616523,0.02,0.97,0.01,0.0,0.11097036642660543
39627805356458891,0.01,0.98,0.01,0.0,0.08072027127091033
39627823509406114,0.0,0.64,0.36,0.0,0.4713415946277461
39627811421424743,0.0,0.08,0.92,0.0,0.2010895951011364
39627823509405732,0.0,0.66,0.34,0.0,0.46240935248651505
39627841628801310,0.0,0.76,0.24,0.0,0.39752013969226113
39627817465416742,0.0,0.76,0.24,0.0,0.39752013969226113
39627847643434386,0.0,0.66,0.34,0.0,0.46240935248651505
39627823505214117,0.11,0.88,0.01,0.0,0.28950944366190023
39627841578470039,0.0,0.44,0.56,0.0,0.4947937606110278
39627817465416268,0.0,0.7,0.3,0.0,0.44064544961534635
39627823505213925,0.0,0.07,0.93,0.0,0.18296182545011158
39627841578469781,0.0,0.82,0.18,0.0,0.34003852286413994
39627829511455109,0.0,0.13,0.87,0.0,0.2787190925139945
39627823505212235,0.0,0.62,0.38,0.0,0.47902101111314976
39627853704201220,0.0,0.05,0.95,0.0,0.14319847855797813
39627847643434551,0.0,0.71,0.29,0.0,0.43436062316970225
39627805373237166,0.0,0.25,0.75,0.0,0.4056390622295664
39627823509407096,0.0,0.61,0.39,0.0,0.4823997742525436
39627823509406602,0.0,0.07,0.93,0.0,0.18296182545011158
39627823509407026,0.0,0.56,0.44,0.0,0.4947937606110278
39627817465416706,0.0,0.88,0.12,0.0,0.2646804326436822
39627829549204468,0.0,0.96,0.04,0.0,0.12114609454120741
39627823509406472,0.0,0.03,0.97,0.0,0.0971959289157881
39627841628800730,0.09,0.9,0.01,0.0,0.2579475764741046
39627811417230926,0.0,0.92,0.08,0.0,0.2010895951011364
39627853704204602,0.0,0.49,0.51,0.0,0.49985572087640495
39627841603634651,0.0,0.13,0.87,0.0,0.2787190925139945
39627841603634579,0.0,0.74,0.26,0.0,0.4133731862463089
39627841578468180,0.0,0.95,0.05,0.0,0.14319847855797813
39627835538670309,0.31,0.69,0.0,0.0,0.4465867291889284
39627835538670620,0.0,0.54,0.46,0.0,0.49768921941011285
39627835538670362,0.0,0.68,0.32,0.0,0.45219072886224687
39627829503070818,0.0,0.47,0.53,0.0,0.4987007942838698
39627871781654184,0.0,0.95,0.05,0.0,0.14319847855797813
39627841595248188,0.0,0.0,0.77,0.23,0.38900565177326885
39627859702055561,0.0,0.81,0.19,0.0,0.3507357299419487
39627811392064473,0.0,0.83,0.17,0.0,0.32885238937210975
39627811392064109,0.0,0.62,0.38,0.0,0.47902101111314976
39627841616217646,0.0,0.82,0.18,0.0,0.34003852286413994
39627835563838891,0.0,0.72,0.28,0.0,0.4277254052800653
39627847618267513,0.0,0.7,0.3,0.0,0.44064544961534635
39627847639241749,0.0,0.14,0.86,0.0,0.292119405821428
39627859743998884,0.0,0.02,0.96,0.02,0.14114609454120738
39627841620410846,0.0,0.0,0.94,0.06,0.16372245957723813
39627841578470996,0.0,0.56,0.44,0.0,0.4947937606110278
39627823501020040,0.0,0.04,0.96,0.0,0.12114609454120741
39627841624605929,0.0,0.1,0.9,0.0,0.2344977967946406
39627859706249924,0.0,0.93,0.07,0.0,0.18296182545011158
39627859702058361,0.0,0.58,0.42,0.0,0.49072694751682683
39627829549204571,0.0,0.99,0.01,0.0,0.04039656794795559
39627853708394570,0.0,0.84,0.16,0.0,0.3171547773202831
39627811392064432,0.0,0.29,0.71,0.0,0.43436062316970225
39627811392064351,0.0,0.0,0.98,0.02,0.07072027127091034
39627847618267017,0.0,0.58,0.42,0.0,0.49072694751682683
39627817427665874,0.0,0.92,0.08,0.0,0.2010895951011364
39627823496826859,0.0,0.43,0.57,0.0,0.4929075185894599
39627805352265441,0.0,0.98,0.02,0.0,0.07072027127091034
39627823459074926,0.0,1.0,0.0,0.0,-0.0
39627811387869207,0.0,0.83,0.17,0.0,0.32885238937210975
39627817427664992,0.0,0.63,0.37,0.0,0.47533604634353294
39627847618268485,0.0,0.61,0.39,0.0,0.4823997742525436
39627841578470051,0.0,0.04,0.93,0.03,0.2174448102113104
39627811387867859,0.0,0.64,0.36,0.0,0.4713415946277461
39627811387870443,0.0,0.73,0.27,0.0,0.42073231810408784
39627805364850761,0.0,0.49,0.51,0.0,0.49985572087640495
39627805356458399,0.0,0.71,0.29,0.0,0.43436062316970225
39627805352265362,0.0,0.09,0.91,0.0,0.21823490853205144
39627841578468985,0.0,0.95,0.05,0.0,0.14319847855797813
39627805364850584,0.0,0.58,0.42,0.0,0.49072694751682683
39627805364850863,0.0,0.88,0.12,0.0,0.2646804326436822
39627847664403256,0.0,0.78,0.22,0.0,0.38008375148098283
39627853704201290,0.0,0.32,0.68,0.0,0.45219072886224687
39627847664403523,0.0,0.48,0.52,0.0,0.4994227679976009
39627871781655035,0.0,0.33,0.67,0.0,0.4574631863898637
39627847618267161,0.0,0.09,0.91,0.0,0.21823490853205144
39627823475856328,0.0,0.88,0.12,0.0,0.2646804326436822
39627835563839515,0.0,0.59,0.41,0.0,0.488250234378912
39627799329245844,0.0,0.99,0.01,0.0,0.04039656794795559
39627799320856994,0.0,0.97,0.03,0.0,0.0971959289157881
39627805348072856,0.0,0.7,0.3,0.0,0.44064544961534635
39627799329247321,0.0,0.93,0.07,0.0,0.18296182545011158
39627805352268337,0.0,1.0,0.0,0.0,-0.0
39627799329243540,0.0,1.0,0.0,0.0,-0.0
39627817465417670,0.0,0.0,1.0,0.0,-0.0
39627817423472022,0.0,0.99,0.01,0.0,0.04039656794795559
39627805348074159,0.0,1.0,0.0,0.0,-0.0
39627799320859525,0.0,0.86,0.14,0.0,0.292119405821428
39627799320856624,0.0,0.47,0.53,0.0,0.4987007942838698
39627799320857267,0.0,0.6,0.4,0.0,0.4854752972273343
39627799320857220,0.0,0.92,0.08,0.0,0.2010895951011364
39627799320859457,0.0,0.99,0.01,0.0,0.04039656794795559
39627799320857766,0.0,1.0,0.0,0.0,-0.0
39627805377429876,0.0,0.69,0.31,0.0,0.4465867291889284
39627805348072700,0.0,0.99,0.01,0.0,0.04039656794795559
39627817423470977,0.0,0.6,0.4,0.0,0.4854752972273343
39627817423471022,0.0,0.88,0.12,0.0,0.2646804326436822
39627817423471959,0.0,0.86,0.14,0.0,0.292119405821428
39627817423471616,0.0,0.66,0.34,0.0,0.46240935248651505
39627799329246079,0.01,0.93,0.06,0.0,0.20367037270049304
39627847647626161,0.0,1.0,0.0,0.0,-0.0
39627805377434036,0.0,0.75,0.25,0.0,0.4056390622295664
39627847647626225,0.0,0.53,0.47,0.0,0.4987007942838698
39627805352267287,0.0,0.31,0.69,0.0,0.4465867291889284
39627805377429861,0.0,0.99,0.01,0.0,0.04039656794795559
39627805352266866,0.0,0.85,0.15,0.0,0.3049201523582002
39627805377431142,0.06,0.94,0.0,0.0,0.16372245957723813
39627805352263830,0.0,0.55,0.45,0.0,0.49638722699390414
39627799329243471,0.0,0.98,0.02,0.0,0.07072027127091034
39627799329245120,0.0,0.19,0.81,0.0,0.3507357299419487
39627799329245467,0.0,0.71,0.29,0.0,0.43436062316970225
39627841603635433,0.0,0.16,0.84,0.0,0.3171547773202831
39627805381624309,0.0,1.0,0.0,0.0,-0.0
39627805381624132,0.0,1.0,0.0,0.0,-0.0
39627811421422473,0.0,0.4,0.6,0.0,0.4854752972273343
39627811421423059,0.0,0.76,0.24,0.0,0.39752013969226113
39627811421422939,0.0,0.42,0.58,0.0,0.49072694751682683
39627811421423095,0.0,0.67,0.33,0.0,0.4574631863898637
39627811421422415,0.0,0.71,0.29,0.0,0.43436062316970225
39627853704204873,0.0,1.0,0.0,0.0,-0.0
39627829519845067,0.0,0.74,0.26,0.0,0.4133731862463089
39627823509406663,0.0,0.91,0.09,0.0,0.21823490853205144
39627841603635751,0.0,0.2,0.8,0.0,0.36096404744368116
39627847651823670,0.0,0.54,0.46,0.0,0.49768921941011285
39627847651823739,0.0,0.31,0.69,0.0,0.4465867291889284
39627841628800462,0.0,0.71,0.29,0.0,0.43436062316970225
39627859702056835,0.08,0.92,0.0,0.0,0.2010895951011364
39627859748193267,0.0,0.76,0.24,0.0,0.39752013969226113
39627859744001059,0.0,0.89,0.11,0.0,0.249957979082264
39627853708397772,0.0,0.64,0.36,0.0,0.4713415946277461
39627859748195211,0.0,0.96,0.04,0.0,0.12114609454120741
39627805373239246,0.0,0.3,0.7,0.0,0.44064544961534635
39627817465416966,0.0,0.67,0.33,0.0,0.4574631863898637
39627835593196364,0.0,0.99,0.01,0.0,0.04039656794795559
39627835593196393,0.0,0.99,0.01,0.0,0.04039656794795559
39627847668601165,0.0,0.99,0.01,0.0,0.04039656794795559
39627853708398139,0.0,0.95,0.05,0.0,0.14319847855797813
39627829549207256,0.0,0.83,0.17,0.0,0.32885238937210975
39627859748194485,0.0,0.46,0.54,0.0,0.49768921941011285
39627859748194444,0.0,0.91,0.09,0.0,0.21823490853205144
39627859744001229,0.0,0.93,0.07,0.0,0.18296182545011158
39627865779602976,0.0,0.97,0.03,0.0,0.0971959289157881
39627853708396958,0.0,0.81,0.19,0.0,0.3507357299419487
39627805373239150,0.0,0.65,0.35,0.0,0.4670340276877455
39627805377432640,0.0,0.43,0.57,0.0,0.4929075185894599
39627805373239015,0.0,0.99,0.01,0.0,0.04039656794795559
39627805360656901,0.0,0.14,0.85,0.01,0.33142210248480686
39627823467464373,0.0,0.78,0.22,0.0,0.38008375148098283
39627853683231342,0.0,0.16,0.84,0.0,0.3171547773202831
39627835563839525,0.0,0.26,0.74,0.0,0.4133731862463089
39627835563839624,0.0,0.77,0.23,0.0,0.38900565177326885
39627871781651446,0.0,0.93,0.07,0.0,0.18296182545011158
39627871781651680,0.0,0.5,0.5,0.0,0.5
39627859739808034,0.0,0.2,0.8,0.0,0.36096404744368116
39627859743998106,0.0,0.95,0.05,0.0,0.14319847855797813
39627859739808048,0.0,0.32,0.68,0.0,0.45219072886224687
39627823501021839,0.0,0.02,0.98,0.0,0.07072027127091034
39627853695814949,0.0,0.79,0.21,0.0,0.37074136996563684
39627859706249539,0.0,0.53,0.47,0.0,0.4987007942838698
39627853695815137,0.0,0.12,0.88,0.0,0.2646804326436822
39627847647629294,0.0,0.55,0.45,0.0,0.49638722699390414
39627859706249762,0.0,0.59,0.41,0.0,0.488250234378912
39627859706249664,0.0,0.15,0.85,0.0,0.3049201523582002
39627859743999588,0.0,0.02,0.97,0.01,0.11097036642660543
39627829524037691,0.0,0.15,0.85,0.0,0.3049201523582002
39627865750241983,0.0,0.0,0.88,0.12,0.2646804326436822
39627841591053958,0.0,0.15,0.84,0.01,0.3441379826496441
39627859710443797,0.0,0.28,0.72,0.0,0.4277254052800653
39627841591053923,0.0,0.66,0.34,0.0,0.46240935248651505
39627829545011306,0.0,0.95,0.05,0.0,0.14319847855797813
39627853670649022,0.0,0.11,0.89,0.0,0.249957979082264
39627865746050412,0.0,0.97,0.03,0.0,0.0971959289157881
39627835551256265,0.0,0.0,1.0,0.0,-0.0
39627835559645725,0.0,0.75,0.25,0.0,0.4056390622295664
39627811396259885,0.0,0.51,0.49,0.0,0.49985572087640495
39627835559645695,0.0,0.48,0.52,0.0,0.4994227679976009
39627811396260126,0.0,0.94,0.06,0.0,0.16372245957723813
39627841628799956,0.0,0.29,0.71,0.0,0.43436062316970225
39627835559645878,0.0,0.85,0.15,0.0,0.3049201523582002
39627835559645950,0.0,1.0,0.0,0.0,-0.0
39627859743999765,0.0,0.35,0.65,0.0,0.4670340276877455
39627835559646020,0.0,0.77,0.23,0.0,0.38900565177326885
39627847630850994,0.0,0.02,0.98,0.0,0.07072027127091034
39627817457029394,0.0,0.56,0.44,0.0,0.4947937606110278
39627817457029254,0.0,0.35,0.65,0.0,0.4670340276877455
39627859714642088,0.0,0.42,0.58,0.0,0.49072694751682683
39627817461222782,0.0,0.49,0.51,0.0,0.49985572087640495
39627823463272622,0.0,0.9,0.1,0.0,0.2344977967946406
39627847626654821,0.0,0.35,0.65,0.0,0.4670340276877455
39627811413034007,0.0,0.07,0.93,0.0,0.18296182545011158
39627859723026829,0.0,0.27,0.73,0.0,0.42073231810408784
39627829540815223,0.0,0.65,0.35,0.0,0.4670340276877455
39627811400453481,0.0,0.94,0.06,0.0,0.16372245957723813
39627841591053837,0.0,0.93,0.07,0.0,0.18296182545011158
39627853704203026,0.0,0.19,0.81,0.0,0.3507357299419487
39627853679036296,0.0,0.0,0.89,0.11,0.249957979082264
39627841586857403,0.0,0.99,0.01,0.0,0.04039656794795559
39627823463270451,0.0,0.48,0.52,0.0,0.4994227679976009
39627811392063309,0.0,0.42,0.58,0.0,0.49072694751682683
39627835584808318,0.0,0.74,0.26,0.0,0.4133731862463089
39627865746050254,0.0,0.0,1.0,0.0,-0.0
39627859710444304,0.0,0.26,0.74,0.0,0.4133731862463089
39627859735609445,0.0,0.38,0.62,0.0,0.47902101111314976
39627835580615769,0.0,0.01,0.97,0.02,0.11097036642660543
39627865746050383,0.0,0.66,0.34,0.0,0.46240935248651505
39627865750246012,0.0,0.0,1.0,0.0,-0.0
39627865750245771,0.0,0.29,0.71,0.0,0.43436062316970225
39627847622461099,0.0,0.96,0.04,0.0,0.12114609454120741
39627835551256627,0.0,0.07,0.93,0.0,0.18296182545011158
39627841582664127,0.0,0.0,1.0,0.0,-0.0
39627835580615719,0.0,0.81,0.19,0.0,0.3507357299419487
39627865750245349,0.0,0.75,0.25,0.0,0.4056390622295664
39627811408840163,0.0,0.63,0.37,0.0,0.47533604634353294
39627859710443733,0.0,0.22,0.78,0.0,0.38008375148098283
39627859739804278,0.0,0.99,0.01,0.0,0.04039656794795559
39627865771213749,0.0,0.81,0.19,0.0,0.3507357299419487
39627841620412841,0.0,0.42,0.58,0.0,0.49072694751682683
39627853662260363,0.0,0.95,0.05,0.0,0.14319847855797813
39627865762828709,0.0,0.18,0.82,0.0,0.34003852286413994
39627853674842024,0.0,0.21,0.79,0.0,0.37074136996563684
39627853674842067,0.0,0.13,0.87,0.0,0.2787190925139945
39627817444446756,0.0,0.73,0.27,0.0,0.42073231810408784
39627835555451638,0.0,0.85,0.15,0.0,0.3049201523582002
39627859727222245,0.0,0.52,0.48,0.0,0.4994227679976009
39627853691617980,0.0,0.46,0.54,0.0,0.49768921941011285
39627859723028981,0.0,0.0,0.96,0.04,0.12114609454120741
39627835555451797,0.0,0.56,0.44,0.0,0.4947937606110278
39627817440248861,0.0,0.11,0.89,0.0,0.249957979082264
39627817440248822,0.01,0.96,0.03,0.0,0.13737165703039006
39627859739804094,0.0,0.77,0.23,0.0,0.38900565177326885
39627853662260204,0.0,0.87,0.13,0.0,0.2787190925139945
39627865746047626,0.0,0.52,0.48,0.0,0.4994227679976009
39627829524041514,0.0,0.59,0.41,0.0,0.488250234378912
39627817440249230,0.0,0.2,0.8,0.0,0.36096404744368116
39627859723028933,0.0,0.59,0.41,0.0,0.488250234378912
39627865746048183,0.0,0.55,0.45,0.0,0.49638722699390414
39627853695813728,0.0,0.68,0.32,0.0,0.45219072886224687
39627835568033099,0.0,0.05,0.94,0.01,0.1832231322266888
39627835568033309,0.0,0.64,0.36,0.0,0.4713415946277461
39627841612026375,0.0,0.4,0.6,0.0,0.4854752972273343
39627853662258690,0.0,0.19,0.81,0.0,0.3507357299419487
39627835559644876,0.0,0.18,0.82,0.0,0.34003852286413994
39627829519847522,0.0,0.22,0.78,0.0,0.38008375148098283
39627829519847487,0.0,1.0,0.0,0.0,-0.0
39627829519847461,0.0,0.99,0.01,0.0,0.04039656794795559
39627811392065238,0.0,0.01,0.99,0.0,0.04039656794795559
39627817452836052,0.0,0.82,0.18,0.0,0.34003852286413994
39627829519845986,0.0,0.97,0.03,0.0,0.0971959289157881
39627853662258573,0.01,0.92,0.07,0.0,0.22283217282912027
39627835568033833,0.0,0.42,0.58,0.0,0.49072694751682683
39627811392065152,0.0,0.21,0.79,0.0,0.37074136996563684
39627841624607322,0.0,0.33,0.67,0.0,0.4574631863898637
39627841591052473,0.0,0.26,0.74,0.0,0.4133731862463089
39627823496827576,0.0,0.06,0.94,0.0,0.16372245957723813
39627823480046235,0.0,0.24,0.76,0.0,0.39752013969226113
39627853666456050,0.0,0.02,0.97,0.01,0.11097036642660543
39627811396259778,0.0,0.87,0.13,0.0,0.2787190925139945
39627841620413163,0.0,0.95,0.05,0.0,0.14319847855797813
39627841595248872,0.0,0.0,0.92,0.08,0.2010895951011364
39627829528234496,0.0,0.19,0.81,0.0,0.3507357299419487
39627835580615626,0.0,0.9,0.1,0.0,0.2344977967946406
39627871794234018,0.0,0.58,0.42,0.0,0.49072694751682683
39627835580614855,0.0,0.15,0.85,0.0,0.3049201523582002
39627865746047849,0.0,0.53,0.47,0.0,0.4987007942838698
39627859706253480,0.0,0.34,0.66,0.0,0.46240935248651505
39627829498876194,0.0,0.62,0.38,0.0,0.47902101111314976
39627835580615764,0.0,0.32,0.68,0.0,0.45219072886224687
39627853662260378,0.0,0.01,0.94,0.05,0.1832231322266888
39627823496824525,0.0,0.9,0.1,0.0,0.2344977967946406
39627853662260622,0.0,0.95,0.05,0.0,0.14319847855797813
39627865762825705,0.0,0.46,0.54,0.0,0.49768921941011285
39627877821451617,0.0,0.01,0.99,0.0,0.04039656794795559
39627817436058100,0.0,0.04,0.96,0.0,0.12114609454120741
39627865771213324,0.0,0.44,0.56,0.0,0.4947937606110278
39627823505212866,0.0,0.55,0.45,0.0,0.49638722699390414
39627847664403621,0.0,0.03,0.97,0.0,0.0971959289157881
39627811417229885,0.0,1.0,0.0,0.0,-0.0
39627853679036238,0.0,0.74,0.26,0.0,0.4133731862463089
39627835547059624,0.0,0.17,0.83,0.0,0.32885238937210975
39627865750246115,0.0,0.12,0.88,0.0,0.2646804326436822
39627835547060011,0.0,0.67,0.33,0.0,0.4574631863898637
39627835551257110,0.0,0.75,0.25,0.0,0.4056390622295664
39627829503067125,0.0,0.92,0.08,0.0,0.2010895951011364
39627811417230411,0.0,0.89,0.11,0.0,0.249957979082264
39627835584808783,0.02,0.97,0.01,0.0,0.11097036642660543
39627829545011515,0.0,0.64,0.36,0.0,0.4713415946277461
39627835555451411,0.0,0.4,0.6,0.0,0.4854752972273343
39627853704202614,0.0,1.0,0.0,0.0,-0.0
39627835555451867,0.0,0.13,0.87,0.0,0.2787190925139945
39627829545009437,0.0,0.13,0.87,0.0,0.2787190925139945
39627817457029234,0.0,0.92,0.08,0.0,0.2010895951011364
39627817440248405,0.0,0.02,0.97,0.01,0.11097036642660543
39627865746047895,0.0,0.59,0.41,0.0,0.488250234378912
39627835551256821,0.0,0.52,0.48,0.0,0.4994227679976009
39627829519843985,0.0,0.39,0.61,0.0,0.4823997742525436
39627859739807894,0.0,0.39,0.61,0.0,0.4823997742525436
39627829536621652,0.0,0.93,0.07,0.0,0.18296182545011158
39627847635044821,0.0,0.13,0.87,0.0,0.2787190925139945
39627847635044909,0.0,0.0,0.76,0.24,0.39752013969226113
39627829524042684,0.0,0.5,0.5,0.0,0.5
39627811396259807,0.0,0.22,0.78,0.0,0.38008375148098283
39627859739808281,0.0,0.12,0.88,0.0,0.2646804326436822
39627835551256379,0.0,0.2,0.8,0.0,0.36096404744368116
39627835580616065,0.0,0.67,0.33,0.0,0.4574631863898637
39627859723028852,0.0,0.66,0.34,0.0,0.46240935248651505
39627835580614949,0.0,0.18,0.82,0.0,0.34003852286413994
39627847635042413,0.0,0.99,0.01,0.0,0.04039656794795559
39627847635042352,0.0,0.18,0.82,0.0,0.34003852286413994
39627871798429369,0.0,0.92,0.08,0.0,0.2010895951011364
39627871798429285,0.0,0.74,0.26,0.0,0.4133731862463089
39627847635045371,0.0,0.15,0.85,0.0,0.3049201523582002
39627841586856248,0.0,0.85,0.15,0.0,0.3049201523582002
39627841620411087,0.0,0.14,0.86,0.0,0.292119405821428
39627823492629540,0.0,0.54,0.46,0.0,0.49768921941011285
39627841620410542,0.0,0.98,0.02,0.0,0.07072027127091034
39627841620410512,0.0,0.15,0.85,0.0,0.3049201523582002
39627859718834126,0.0,0.72,0.28,0.0,0.4277254052800653
39627847626657342,0.0,1.0,0.0,0.0,-0.0
39627841616217552,0.0,0.0,0.99,0.01,0.04039656794795559
39627841578471706,0.0,0.97,0.03,0.0,0.0971959289157881
39627847660212771,0.0,0.46,0.54,0.0,0.49768921941011285
39627805373235624,0.0,0.63,0.37,0.0,0.47533604634353294
39627805356460260,0.0,0.04,0.96,0.0,0.12114609454120741
39627817448637524,0.0,0.5,0.5,0.0,0.5
39627811387872039,0.0,0.3,0.7,0.0,0.44064544961534635
39627811387872047,0.0,0.23,0.77,0.0,0.38900565177326885
39627817448637482,0.0,0.05,0.95,0.0,0.14319847855797813
39627847660212395,0.0,0.07,0.89,0.04,0.3019692958352992
39627805356460234,0.0,0.71,0.29,0.0,0.43436062316970225
39627865762826570,0.0,0.17,0.83,0.0,0.32885238937210975
39627823475852433,0.0,1.0,0.0,0.0,-0.0
39627823463270557,0.0,0.3,0.7,0.0,0.44064544961534635
39627823475852295,0.01,0.98,0.01,0.0,0.08072027127091033
39627847651822075,0.0,0.23,0.77,0.0,0.38900565177326885
39627823475852343,0.0,0.03,0.97,0.0,0.0971959289157881
39627835584811468,0.0,0.0,0.95,0.05,0.14319847855797813
39627841620410732,0.0,0.2,0.8,0.0,0.36096404744368116
39627853679035287,0.0,0.73,0.27,0.0,0.42073231810408784
39627841620410708,0.0,0.07,0.93,0.0,0.18296182545011158
39627817457027574,0.0,0.33,0.67,0.0,0.4574631863898637
39627823501017580,0.0,0.82,0.18,0.0,0.34003852286413994
39627853695811982,0.0,0.23,0.77,0.0,0.38900565177326885
39627811408839988,0.0,0.04,0.96,0.0,0.12114609454120741
39627847618269264,0.0,0.92,0.08,0.0,0.2010895951011364
39627823492628608,0.0,0.98,0.02,0.0,0.07072027127091034
39627841591054000,0.0,0.3,0.7,0.0,0.44064544961534635
39627823492629093,0.0,0.12,0.88,0.0,0.2646804326436822
39627853704201693,0.0,0.21,0.79,0.0,0.37074136996563684
39627817457027322,0.0,0.6,0.4,0.0,0.4854752972273343
39627853679035095,0.0,0.35,0.65,0.0,0.4670340276877455
39627847656014164,0.0,0.87,0.13,0.0,0.2787190925139945
39627835572228241,0.0,0.32,0.68,0.0,0.45219072886224687
39627817440248679,0.0,0.94,0.06,0.0,0.16372245957723813
39627847651822307,0.0,0.16,0.84,0.0,0.3171547773202831
39627853679034965,0.0,0.85,0.15,0.0,0.3049201523582002
39627859723027271,0.0,0.33,0.67,0.0,0.4574631863898637
39627859723026990,0.05,0.95,0.0,0.0,0.14319847855797813
39627817452835986,0.0,0.18,0.82,0.0,0.34003852286413994
39627817452832137,0.0,0.92,0.08,0.0,0.2010895951011364
39627823467463929,0.0,0.72,0.28,0.0,0.4277254052800653
39627823475854958,0.0,0.9,0.1,0.0,0.2344977967946406
39627865746050006,0.0,0.2,0.8,0.0,0.36096404744368116
39627847643434444,0.0,0.03,0.97,0.0,0.0971959289157881
39627847643434448,0.0,0.83,0.17,0.0,0.32885238937210975
39627805373236134,0.0,0.72,0.28,0.0,0.4277254052800653
39627847656018609,0.0,0.86,0.14,0.0,0.292119405821428
39627865758630231,0.0,0.9,0.1,0.0,0.2344977967946406
39627841599443916,0.0,0.5,0.5,0.0,0.5
39627877821452934,0.0,0.28,0.72,0.0,0.4277254052800653
39627853704201378,0.0,0.69,0.31,0.0,0.4465867291889284
39627823463270662,0.0,1.0,0.0,0.0,-0.0
39627865771214359,0.0,0.85,0.15,0.0,0.3049201523582002
39627823463272111,0.0,0.73,0.27,0.0,0.42073231810408784
39627847651824921,0.0,0.24,0.76,0.0,0.39752013969226113
39627859739808179,0.0,0.11,0.89,0.0,0.249957979082264
39627859743998271,0.0,0.95,0.05,0.0,0.14319847855797813
39627847664406897,0.0,0.85,0.15,0.0,0.3049201523582002
39627805360656265,0.0,0.24,0.76,0.0,0.39752013969226113
39627805356462372,0.0,0.81,0.19,0.0,0.3507357299419487
39627805360656750,0.01,0.96,0.03,0.0,0.13737165703039006
39627805360656601,0.0,0.15,0.84,0.01,0.3441379826496441
39627805356462054,0.0,0.0,1.0,0.0,-0.0
39627805356463091,0.0,0.9,0.1,0.0,0.2344977967946406
39627811396260031,0.0,0.91,0.09,0.0,0.21823490853205144
39627811413036229,0.0,0.69,0.31,0.0,0.4465867291889284
39627847643435305,0.0,0.32,0.68,0.0,0.45219072886224687
39627823463272736,0.0,0.93,0.07,0.0,0.18296182545011158
39627811400454002,0.0,0.14,0.86,0.0,0.292119405821428
39627847643435330,0.0,0.38,0.62,0.0,0.47902101111314976
39627823463273115,0.0,0.01,0.98,0.01,0.08072027127091033
39627847643435415,0.0,0.15,0.85,0.0,0.3049201523582002
39627811400453805,0.0,0.38,0.62,0.0,0.47902101111314976
39627811396259882,0.0,0.9,0.1,0.0,0.2344977967946406
39627823463273065,0.0,0.31,0.69,0.0,0.4465867291889284
39627853670648873,0.0,0.78,0.22,0.0,0.38008375148098283
39627847647629051,0.0,0.55,0.45,0.0,0.49638722699390414
39627847664404881,0.0,0.27,0.73,0.0,0.42073231810408784
39627841591050724,0.0,0.0,0.97,0.03,0.0971959289157881
39627841599439062,0.0,0.29,0.71,0.0,0.43436062316970225
39627841607828077,0.0,0.71,0.29,0.0,0.43436062316970225
39627841586857231,0.0,0.0,1.0,0.0,-0.0
39627823505213981,0.0,0.44,0.56,0.0,0.4947937606110278
39627859706252007,0.0,0.59,0.41,0.0,0.488250234378912
39627847643435778,0.02,0.98,0.0,0.0,0.07072027127091034
39627847626655253,0.0,0.03,0.97,0.0,0.0971959289157881
39627853687423078,0.0,0.29,0.71,0.0,0.43436062316970225
39627811396259739,0.0,0.65,0.35,0.0,0.4670340276877455
39627853683234308,0.0,0.93,0.07,0.0,0.18296182545011158
39627817436053856,0.0,0.24,0.75,0.01,0.4359255858648683
39627871777460177,0.0,0.37,0.63,0.0,0.47533604634353294
39627817436058587,0.0,0.68,0.32,0.0,0.45219072886224687
39627829545009896,0.0,0.72,0.28,0.0,0.4277254052800653
39627817436054065,0.0,0.3,0.7,0.0,0.44064544961534635
39627835563839669,0.0,0.9,0.1,0.0,0.2344977967946406
39627835551255716,0.0,0.9,0.1,0.0,0.2344977967946406
39627835547059130,0.0,0.78,0.22,0.0,0.38008375148098283
39627859744000799,0.0,0.99,0.01,0.0,0.04039656794795559
39627859744000769,0.0,0.6,0.4,0.0,0.4854752972273343
39627817436053834,0.0,0.0,1.0,0.0,-0.0
39627817436053851,0.0,0.64,0.36,0.0,0.4713415946277461
39627865746050170,0.0,0.14,0.86,0.0,0.292119405821428
39627859744000629,0.0,0.94,0.06,0.0,0.16372245957723813
39627841599438933,0.0,0.37,0.63,0.0,0.47533604634353294
39627811400452411,0.0,0.17,0.83,0.0,0.32885238937210975
39627859739804369,0.0,0.06,0.94,0.0,0.16372245957723813
39627835584807687,0.0,0.23,0.77,0.0,0.38900565177326885
39627817431860437,0.0,0.79,0.21,0.0,0.37074136996563684
39627853704202393,0.0,0.05,0.95,0.0,0.14319847855797813
39627847630853257,0.0,0.5,0.5,0.0,0.5
39627865762827322,0.0,0.85,0.15,0.0,0.3049201523582002
39627877821453000,0.0,0.89,0.11,0.0,0.249957979082264
39627847643435244,0.0,0.69,0.31,0.0,0.4465867291889284
39627847664404802,0.0,0.67,0.33,0.0,0.4574631863898637
39627847651824923,0.0,0.03,0.97,0.0,0.0971959289157881
39627847643435947,0.0,0.41,0.59,0.0,0.488250234378912
39627805373237674,0.0,0.25,0.74,0.01,0.4439483258828103
39627811417229466,0.0,0.39,0.61,0.0,0.4823997742525436
39627859739804044,0.0,0.0,0.95,0.05,0.14319847855797813
39627811413034342,0.0,0.99,0.01,0.0,0.04039656794795559
39627805373237388,0.0,0.36,0.64,0.0,0.4713415946277461
39627805373237816,0.0,1.0,0.0,0.0,-0.0
39627847656018117,0.0,0.42,0.58,0.0,0.49072694751682683
39627805360655351,0.0,0.72,0.28,0.0,0.4277254052800653
39627847643435619,0.02,0.97,0.01,0.0,0.11097036642660543
39627847643434957,0.01,0.89,0.1,0.0,0.27413031336294724
39627823463270614,0.0,0.22,0.78,0.0,0.38008375148098283
39627859718833903,0.0,0.78,0.22,0.0,0.38008375148098283
39627829540815327,0.0,0.15,0.85,0.0,0.3049201523582002
39627847651824707,0.0,0.76,0.24,0.0,0.39752013969226113
39627805356460456,0.0,0.16,0.84,0.0,0.3171547773202831
39627841599444245,0.0,0.21,0.79,0.0,0.37074136996563684
39627847651824349,0.0,0.57,0.43,0.0,0.4929075185894599
39627847651824096,0.0,0.4,0.6,0.0,0.4854752972273343
39627847643435942,0.0,0.0,1.0,0.0,-0.0
39627847643435963,0.0,0.11,0.89,0.0,0.249957979082264
39627859718835262,0.0,0.82,0.18,0.0,0.34003852286413994
39627835559641422,0.0,0.0,0.98,0.02,0.07072027127091034
39627841620414687,0.0,0.88,0.12,0.0,0.2646804326436822
39627847651823139,0.0,0.48,0.52,0.0,0.4994227679976009
39627859743998446,0.0,0.49,0.51,0.0,0.49985572087640495
39627877817254383,0.0,0.02,0.97,0.01,0.11097036642660543
39627877821453062,0.02,0.94,0.04,0.0,0.1912713345988728
39627847664405764,0.0,0.75,0.25,0.0,0.4056390622295664
39627871781652619,0.0,0.57,0.43,0.0,0.4929075185894599
39627877813061716,0.0,0.12,0.88,0.0,0.2646804326436822
39627829524037663,0.0,0.45,0.55,0.0,0.49638722699390414
39627829519847729,0.04,0.94,0.02,0.0,0.19127133459887283
39627829519847643,0.01,0.8,0.19,0.0,0.3896037431552768
39627871806816340,0.0,0.84,0.16,0.0,0.3171547773202831
39627841628799661,0.0,0.48,0.52,0.0,0.4994227679976009
39627841628799549,0.0,0.95,0.05,0.0,0.14319847855797813
39627823463272457,0.0,0.95,0.05,0.0,0.14319847855797813
39627823463272468,0.0,0.83,0.17,0.0,0.32885238937210975
39627811413034301,0.0,0.49,0.51,0.0,0.49985572087640495
39627853674840538,0.0,0.68,0.32,0.0,0.45219072886224687
39627853674840518,0.0,0.73,0.27,0.0,0.42073231810408784
39627853691618765,0.0,0.39,0.61,0.0,0.4823997742525436
39627835551257004,0.0,0.94,0.06,0.0,0.16372245957723813
39627829507260591,0.0,0.0,0.95,0.05,0.14319847855797813
39627853695815984,0.0,0.13,0.87,0.0,0.2787190925139945
39627829519847904,0.0,0.16,0.84,0.0,0.3171547773202831
39627853662258150,0.0,0.93,0.07,0.0,0.18296182545011158
39627853662260031,0.0,0.88,0.12,0.0,0.2646804326436822
39627853670647959,0.0,0.94,0.06,0.0,0.16372245957723813
39627865758630971,0.0,0.52,0.48,0.0,0.4994227679976009
39627865758630665,0.0,0.1,0.9,0.0,0.2344977967946406
39627853666454968,0.0,0.31,0.69,0.0,0.4465867291889284
39627865758630864,0.0,0.74,0.26,0.0,0.4133731862463089
39627853679036688,0.0,0.59,0.41,0.0,0.488250234378912
39627853679036991,0.0,0.41,0.59,0.0,0.488250234378912
39627835580615893,0.0,0.19,0.81,0.0,0.3507357299419487
39627877821452587,0.0,0.88,0.12,0.0,0.2646804326436822
39627877821452470,0.0,0.11,0.89,0.0,0.249957979082264
39627877817254730,0.0,0.88,0.12,0.0,0.2646804326436822
39627811387869211,0.0,0.72,0.28,0.0,0.4277254052800653
39627847630851224,0.0,0.09,0.91,0.0,0.21823490853205144
39627853670647383,0.01,0.94,0.05,0.0,0.1832231322266888
39627811396257843,0.0,0.32,0.68,0.0,0.45219072886224687
39627811396257835,0.0,0.97,0.03,0.0,0.0971959289157881
39627865750242275,0.0,0.67,0.33,0.0,0.4574631863898637
39627871802624263,0.0,0.97,0.03,0.0,0.0971959289157881
39627811396257884,0.0,0.23,0.77,0.0,0.38900565177326885
39627841586861217,0.0,0.05,0.95,0.0,0.14319847855797813
39627811408843663,0.0,0.02,0.98,0.0,0.07072027127091034
39627865750242383,0.0,0.7,0.3,0.0,0.44064544961534635
39627835538672709,0.0,0.3,0.7,0.0,0.44064544961534635
39627871777458758,0.0,0.77,0.23,0.0,0.38900565177326885
39627841612025945,0.0,0.15,0.85,0.0,0.3049201523582002
39627841612026062,0.0,0.03,0.97,0.0,0.0971959289157881
39627853695815950,0.0,0.61,0.39,0.0,0.4823997742525436
39627871777456330,0.0,0.63,0.37,0.0,0.47533604634353294
39627841603636448,0.0,0.73,0.27,0.0,0.42073231810408784
39627865771213524,0.0,0.89,0.11,0.0,0.249957979082264
39627877817254662,0.0,0.56,0.44,0.0,0.4947937606110278
39627871781652700,0.0,0.57,0.43,0.0,0.4929075185894599
39627871802624157,0.0,0.43,0.57,0.0,0.4929075185894599
39627859743998296,0.0,0.91,0.09,0.0,0.21823490853205144
39627847639240610,0.0,0.33,0.67,0.0,0.4574631863898637
39627871802624024,0.0,0.0,0.99,0.01,0.04039656794795559
39627829519844763,0.0,0.64,0.36,0.0,0.4713415946277461
39627877821449629,0.0,0.88,0.12,0.0,0.2646804326436822
39627877821452128,0.03,0.8,0.17,0.0,0.4219480779153212
39627877821449093,0.0,0.07,0.93,0.0,0.18296182545011158
39627871777456888,0.0,0.74,0.26,0.0,0.4133731862463089
39627871781652479,0.0,0.9,0.1,0.0,0.2344977967946406
39627877821449055,0.0,0.11,0.89,0.0,0.249957979082264
39627877817255031,0.0,0.43,0.57,0.0,0.4929075185894599
39627847651823374,0.0,0.74,0.26,0.0,0.4133731862463089
39627853674840466,0.0,0.58,0.42,0.0,0.49072694751682683
39627805356459734,0.0,0.61,0.39,0.0,0.4823997742525436
39627805356460064,0.0,0.49,0.51,0.0,0.49985572087640495
39627841603636072,0.0,0.36,0.64,0.0,0.4713415946277461
39627829519847052,0.0,0.12,0.88,0.0,0.2646804326436822
39627817431859590,0.0,0.54,0.46,0.0,0.49768921941011285
39627859710444233,0.0,0.95,0.05,0.0,0.14319847855797813
39627877821452956,0.0,0.97,0.03,0.0,0.0971959289157881
39627865775407279,0.0,0.05,0.95,0.0,0.14319847855797813
39627835584811400,0.0,0.01,0.99,0.0,0.04039656794795559
39627835589001252,0.0,0.4,0.6,0.0,0.4854752972273343
39627841599444208,0.0,0.29,0.71,0.0,0.43436062316970225
39627811417227709,0.0,0.07,0.93,0.0,0.18296182545011158
39627811413032986,0.0,0.01,0.99,0.0,0.04039656794795559
39627817465414221,0.0,0.19,0.81,0.0,0.3507357299419487
39627817465413959,0.0,0.19,0.81,0.0,0.3507357299419487
39627847664405172,0.0,0.97,0.03,0.0,0.0971959289157881
39627847664405304,0.0,0.02,0.98,0.0,0.07072027127091034
39627877821450366,0.0,0.81,0.19,0.0,0.3507357299419487
39627859743998625,0.0,0.85,0.15,0.0,0.3049201523582002
39627859743998496,0.0,0.9,0.1,0.0,0.2344977967946406
39627847664405069,0.0,0.2,0.8,0.0,0.36096404744368116
39627877817258125,0.0,0.68,0.32,0.0,0.45219072886224687
39627877817258134,0.0,0.98,0.02,0.0,0.07072027127091034
39627877813061186,0.0,0.92,0.08,0.0,0.2010895951011364
39627877821453020,0.0,0.99,0.01,0.0,0.04039656794795559
39627805360657845,0.0,0.79,0.21,0.0,0.37074136996563684
39627829511459327,0.0,0.02,0.98,0.0,0.07072027127091034
39627853695815996,0.0,0.03,0.97,0.0,0.0971959289157881
39627841620415864,0.0,0.65,0.35,0.0,0.4670340276877455
39627829511459573,0.0,0.68,0.32,0.0,0.45219072886224687
39627811413034270,0.0,0.05,0.94,0.01,0.1832231322266888
39627865750244549,0.0,0.1,0.9,0.0,0.2344977967946406
39627871781651015,0.0,0.52,0.48,0.0,0.4994227679976009
39627841620415209,0.0,0.56,0.44,0.0,0.4947937606110278
39627871781654909,0.0,0.3,0.7,0.0,0.44064544961534635
39627853704203199,0.0,0.0,0.84,0.16,0.3171547773202831
39627835559641162,0.0,0.59,0.41,0.0,0.488250234378912
39627847626658794,0.0,0.14,0.86,0.0,0.292119405821428
39627859744000899,0.0,0.0,1.0,0.0,-0.0
39627853704203095,0.0,0.99,0.01,0.0,0.04039656794795559
39627847626658670,0.0,0.08,0.92,0.0,0.2010895951011364
39627853679037330,0.0,0.01,0.99,0.0,0.04039656794795559
39627871777457321,0.0,0.47,0.53,0.0,0.4987007942838698
39627853695816156,0.0,0.78,0.22,0.0,0.38008375148098283
39627853695816304,0.0,0.88,0.12,0.0,0.2646804326436822
39627877821449145,0.0,0.38,0.62,0.0,0.47902101111314976
39627853695812429,0.0,0.43,0.57,0.0,0.4929075185894599
39627841603636425,0.01,0.99,0.0,0.0,0.04039656794795559
39627811417229573,0.0,0.25,0.75,0.0,0.4056390622295664
39627805373237470,0.0,0.0,0.97,0.03,0.0971959289157881
39627811413034786,0.0,0.31,0.69,0.0,0.4465867291889284
39627811387871571,0.0,0.58,0.42,0.0,0.49072694751682683
39627853695812901,0.0,0.29,0.71,0.0,0.43436062316970225
39627865750245111,0.0,0.14,0.86,0.0,0.292119405821428
39627829511459481,0.0,0.02,0.98,0.0,0.07072027127091034
39627865775407466,0.0,0.78,0.22,0.0,0.38008375148098283
39627853666456044,0.0,0.04,0.96,0.0,0.12114609454120741
39627865750244984,0.0,0.47,0.53,0.0,0.4987007942838698
39627871781653389,0.0,0.84,0.16,0.0,0.3171547773202831
39627853670647457,0.0,0.09,0.91,0.0,0.21823490853205144
39627877813060519,0.0,0.11,0.89,0.0,0.249957979082264
39627865779602810,0.0,1.0,0.0,0.0,-0.0
39627859748193117,0.0,0.99,0.01,0.0,0.04039656794795559
39627859748194121,0.0,0.99,0.01,0.0,0.04039656794795559
39627859744003280,0.0,0.33,0.67,0.0,0.4574631863898637
39627871798429990,0.0,0.96,0.04,0.0,0.12114609454120741
39627835589005134,0.0,0.74,0.26,0.0,0.4133731862463089
39627835589004876,0.0,0.97,0.03,0.0,0.0971959289157881
39627847668599247,0.0,0.64,0.36,0.0,0.4713415946277461
39627829549207592,0.0,1.0,0.0,0.0,-0.0
39627805373236781,0.0,1.0,0.0,0.0,-0.0
39627847668599940,0.02,0.94,0.04,0.0,0.1912713345988728
39627829549207351,0.0,0.63,0.37,0.0,0.47533604634353294
39627829549205938,0.0,0.6,0.4,0.0,0.4854752972273343
39627823509408707,0.0,1.0,0.0,0.0,-0.0
39627835593196237,0.0,0.97,0.03,0.0,0.0971959289157881
39627817465416410,0.0,0.82,0.18,0.0,0.34003852286413994
39627835593196348,0.0,1.0,0.0,0.0,-0.0
39627817465416351,0.0,0.18,0.82,0.0,0.34003852286413994
39627817465416138,0.0,0.94,0.06,0.0,0.16372245957723813
39627817465416122,0.0,0.96,0.04,0.0,0.12114609454120741
39627817465416052,0.0,0.95,0.05,0.0,0.14319847855797813
39627823509408768,0.0,0.96,0.04,0.0,0.12114609454120741
39627865779602577,0.01,0.99,0.0,0.0,0.04039656794795559
39627865779602327,0.01,0.99,0.0,0.0,0.04039656794795559
39627847668599081,0.0,0.34,0.66,0.0,0.46240935248651505
39627865775411450,0.0,0.92,0.08,0.0,0.2010895951011364
39627865779602797,0.0,0.95,0.05,0.0,0.14319847855797813
39627853708396379,0.0,0.01,0.92,0.07,0.22283217282912027
39627865779602966,0.0,0.99,0.01,0.0,0.04039656794795559
39627847668599103,0.0,0.33,0.67,0.0,0.4574631863898637
39627865775411436,0.0,0.98,0.02,0.0,0.07072027127091034
39627823496828135,0.0,0.48,0.52,0.0,0.4994227679976009
39627865754438416,0.0,0.5,0.5,0.0,0.5
39627865754438220,0.0,0.16,0.84,0.0,0.3171547773202831
39627859739808570,0.0,0.94,0.06,0.0,0.16372245957723813
39627853670646570,0.0,0.39,0.61,0.0,0.4823997742525436
39627853674842249,0.0,0.04,0.96,0.0,0.12114609454120741
39627811408840347,0.0,0.56,0.44,0.0,0.4947937606110278
39627853674842228,0.0,0.09,0.91,0.0,0.21823490853205144
39627859718834556,0.0,0.72,0.28,0.0,0.4277254052800653
39627841607831284,0.0,0.99,0.01,0.0,0.04039656794795559
39627817444446821,0.0,0.99,0.01,0.0,0.04039656794795559
39627841607831175,0.01,0.99,0.0,0.0,0.04039656794795559
39627841612025136,0.0,0.08,0.92,0.0,0.2010895951011364
39627841620413655,0.0,0.51,0.49,0.0,0.49985572087640495
39627835559644822,0.0,0.37,0.63,0.0,0.47533604634353294
39627853679036599,0.0,0.42,0.58,0.0,0.49072694751682683
39627859744000890,0.0,0.94,0.06,0.0,0.16372245957723813
39627871790043962,0.0,0.64,0.36,0.0,0.4713415946277461
39627859744000918,0.0,0.53,0.47,0.0,0.4987007942838698
39627835563840248,0.0,0.12,0.88,0.0,0.2646804326436822
39627841599442735,0.0,0.72,0.28,0.0,0.4277254052800653
39627871777460415,0.02,0.93,0.05,0.0,0.2131710453499437
39627859706252401,0.0,0.06,0.94,0.0,0.16372245957723813
39627871777460330,0.0,0.33,0.67,0.0,0.4574631863898637
39627823496828029,0.0,0.29,0.71,0.0,0.43436062316970225
39627823496827801,0.0,0.5,0.5,0.0,0.5
39627841612027010,0.0,0.5,0.5,0.0,0.5
39627841612026672,0.0,0.39,0.61,0.0,0.4823997742525436
39627835559642057,0.0,0.83,0.17,0.0,0.32885238937210975
39627817457029152,0.0,0.55,0.45,0.0,0.49638722699390414
39627835589002916,0.0,0.37,0.63,0.0,0.47533604634353294
39627841599442777,0.0,0.54,0.46,0.0,0.49768921941011285
39627865775410828,0.0,0.06,0.94,0.0,0.16372245957723813
39627841628800940,0.0,0.74,0.26,0.0,0.4133731862463089
39627841612027135,0.0,0.45,0.55,0.0,0.49638722699390414
39627871794237650,0.0,0.8,0.2,0.0,0.36096404744368116
39627877821452576,0.0,0.77,0.23,0.0,0.38900565177326885
39627823505215586,0.0,0.88,0.12,0.0,0.2646804326436822
39627805373236365,0.0,0.11,0.89,0.0,0.249957979082264
39627823475855589,0.0,0.3,0.7,0.0,0.44064544961534635
39627841624609152,0.0,0.66,0.34,0.0,0.46240935248651505
39627841620410640,0.0,0.08,0.92,0.0,0.2010895951011364
39627823475855549,0.0,0.12,0.88,0.0,0.2646804326436822
39627823475855682,0.0,0.18,0.82,0.0,0.34003852286413994
39627847668599226,0.0,0.88,0.12,0.0,0.2646804326436822
39627841603634062,0.0,0.02,0.97,0.01,0.11097036642660543
39627823509406072,0.0,0.0,0.9,0.1,0.2344977967946406
39627841599444871,0.0,0.63,0.37,0.0,0.47533604634353294
39627847651823745,0.0,0.16,0.84,0.0,0.3171547773202831
39627865775410481,0.0,0.63,0.37,0.0,0.47533604634353294
39627823505212737,0.0,0.78,0.22,0.0,0.38008375148098283
39627853670647120,0.0,0.75,0.25,0.0,0.4056390622295664
39627805373236391,0.0,0.01,0.99,0.0,0.04039656794795559
39627847660212979,0.0,0.77,0.23,0.0,0.38900565177326885
39627853691620970,0.0,0.03,0.97,0.0,0.0971959289157881
39627835589003050,0.0,0.69,0.31,0.0,0.4465867291889284
39627835589002610,0.0,0.74,0.26,0.0,0.4133731862463089
39627835589003085,0.0,0.01,0.99,0.0,0.04039656794795559
39627823475855327,0.0,0.98,0.02,0.0,0.07072027127091034
39627835589003090,0.0,0.05,0.95,0.0,0.14319847855797813
39627853691620869,0.0,0.11,0.89,0.0,0.249957979082264
39627853695811736,0.0,0.06,0.94,0.0,0.16372245957723813
39627829549204699,0.04,0.96,0.0,0.0,0.12114609454120741
39627823488438870,0.0,0.43,0.57,0.0,0.4929075185894599
39627823488438853,0.0,0.08,0.92,0.0,0.2010895951011364
39627853679035184,0.0,0.22,0.78,0.0,0.38008375148098283
39627853679035103,0.0,0.59,0.41,0.0,0.488250234378912
39627853670647055,0.0,0.76,0.24,0.0,0.39752013969226113
39627853679035360,0.0,0.57,0.43,0.0,0.4929075185894599
39627805373237256,0.0,0.17,0.83,0.0,0.32885238937210975
39627847660212552,0.0,0.84,0.16,0.0,0.3171547773202831
39627847668598899,0.0,0.2,0.8,0.0,0.36096404744368116
39627865775410835,0.0,0.31,0.69,0.0,0.4465867291889284
39627847668599041,0.0,0.6,0.4,0.0,0.4854752972273343
39627865775411706,0.0,0.25,0.75,0.0,0.4056390622295664
39627847660212540,0.0,0.93,0.07,0.0,0.18296182545011158
39627805373237264,0.0,0.75,0.25,0.0,0.4056390622295664
39627865775411089,0.0,0.13,0.87,0.0,0.2787190925139945
39627865779601500,0.0,0.76,0.24,0.0,0.39752013969226113
39627835589003772,0.0,0.98,0.02,0.0,0.07072027127091034
39627865779601632,0.0,0.42,0.58,0.0,0.49072694751682683
39627865779601636,0.0,0.61,0.39,0.0,0.4823997742525436
39627823475855430,0.0,0.95,0.05,0.0,0.14319847855797813
39627841591052443,0.0,0.03,0.97,0.0,0.0971959289157881
39627841591052546,0.0,0.58,0.42,0.0,0.49072694751682683
39627841624609614,0.0,0.96,0.04,0.0,0.12114609454120741
39627859743998860,0.0,0.46,0.54,0.0,0.49768921941011285
39627817465414358,0.0,0.23,0.77,0.0,0.38900565177326885
39627817465413987,0.01,0.31,0.68,0.0,0.4842903007522812
39627835589003284,0.02,0.98,0.0,0.0,0.07072027127091034
39627817465414692,0.0,0.09,0.91,0.0,0.21823490853205144
39627871794237891,0.0,0.74,0.26,0.0,0.4133731862463089
39627853708396314,0.0,0.93,0.07,0.0,0.18296182545011158
39627865775411294,0.0,1.0,0.0,0.0,-0.0
39627853708395878,0.0,0.98,0.02,0.0,0.07072027127091034
39627853708395625,0.0,0.13,0.87,0.0,0.2787190925139945
39627853708395996,0.0,0.99,0.01,0.0,0.04039656794795559
39627841628800639,0.0,1.0,0.0,0.0,-0.0
39627853708395869,0.0,0.26,0.74,0.0,0.4133731862463089
39627805352269155,0.0,0.0,1.0,0.0,-0.0
39627859710443931,0.02,0.98,0.0,0.0,0.07072027127091034
39627841620415326,0.0,0.89,0.11,0.0,0.249957979082264
39627841603637182,0.0,0.81,0.19,0.0,0.3507357299419487
39627841603636879,0.0,1.0,0.0,0.0,-0.0
39627841591052582,0.0,0.98,0.02,0.0,0.07072027127091034
39627853704203158,0.0,0.47,0.53,0.0,0.4987007942838698
39627847643436150,0.0,0.32,0.68,0.0,0.45219072886224687
39627817444442877,0.0,1.0,0.0,0.0,-0.0
39627853670649380,0.0,0.3,0.69,0.01,0.4784535679576163
39627841620413806,0.0,0.62,0.38,0.0,0.47902101111314976
39627847651820165,0.0,0.44,0.56,0.0,0.4947937606110278
39627859744001571,0.0,1.0,0.0,0.0,-0.0
39627829503066862,0.0,0.97,0.03,0.0,0.0971959289157881
39627841628800819,0.0,0.49,0.51,0.0,0.49985572087640495
39627823509406812,0.0,0.39,0.61,0.0,0.4823997742525436
39627841624609277,0.0,0.2,0.8,0.0,0.36096404744368116
39627841624609212,0.0,0.94,0.06,0.0,0.16372245957723813
39627829549206239,0.0,0.96,0.04,0.0,0.12114609454120741
39627823509406777,0.06,0.94,0.0,0.0,0.16372245957723813
39627835589005150,0.0,0.35,0.65,0.0,0.4670340276877455
39627805373236286,0.0,0.92,0.08,0.0,0.2010895951011364
39627805373236688,0.03,0.96,0.01,0.0,0.13737165703039006
39627805373236793,0.04,0.96,0.0,0.0,0.12114609454120741
39627805373236836,0.0,0.79,0.21,0.0,0.37074136996563684
39627811425617361,0.0,0.9,0.1,0.0,0.2344977967946406
39627805373237858,0.0,0.43,0.57,0.0,0.4929075185894599
39627829549207096,0.0,0.84,0.16,0.0,0.3171547773202831
39627817465415641,0.0,0.13,0.87,0.0,0.2787190925139945
39627817465415268,0.01,0.94,0.05,0.0,0.1832231322266888
39627817465415668,0.0,0.86,0.14,0.0,0.292119405821428
39627841603635064,0.0,0.79,0.21,0.0,0.37074136996563684
39627829549206547,0.0,0.56,0.44,0.0,0.4947937606110278
39627823509407179,0.0,0.61,0.39,0.0,0.4823997742525436
39627823509407405,0.0,0.75,0.25,0.0,0.4056390622295664
39627817465415158,0.0,0.89,0.11,0.0,0.249957979082264
39627829549205900,0.0,0.54,0.46,0.0,0.49768921941011285
39627823509406997,0.0,0.51,0.49,0.0,0.49985572087640495
39627823509408142,0.0,0.82,0.18,0.0,0.34003852286413994
39627823509407940,0.07,0.93,0.0,0.0,0.18296182545011158
39627835589005203,0.01,0.83,0.16,0.0,0.3562867308783886
39627847643435430,0.0,0.23,0.77,0.0,0.38900565177326885
39627847643435567,0.0,0.85,0.15,0.0,0.3049201523582002
39627841591051069,0.0,0.01,0.98,0.01,0.08072027127091033
39627829549205672,0.0,0.35,0.65,0.0,0.4670340276877455
39627829549205686,0.0,0.95,0.05,0.0,0.14319847855797813
39627829549206226,0.0,0.6,0.4,0.0,0.4854752972273343
39627829549205817,0.0,0.2,0.8,0.0,0.36096404744368116
39627835589004450,0.0,0.66,0.34,0.0,0.46240935248651505
39627805373235781,0.0,0.99,0.01,0.0,0.04039656794795559
39627835589004616,0.0,0.7,0.3,0.0,0.44064544961534635
39627835589004732,0.0,0.99,0.01,0.0,0.04039656794795559
39627847643435998,0.0,0.98,0.02,0.0,0.07072027127091034
39627835589005030,0.0,0.7,0.3,0.0,0.44064544961534635
39627829549205733,0.0,0.91,0.09,0.0,0.21823490853205144
39627805373237060,0.0,0.94,0.06,0.0,0.16372245957723813
39627805373237382,0.0,0.33,0.67,0.0,0.4574631863898637
39627829549205522,0.0,0.5,0.5,0.0,0.5
39627829549206366,0.0,0.65,0.35,0.0,0.4670340276877455
39627805373237615,0.0,0.67,0.33,0.0,0.4574631863898637
39627823509406433,0.03,0.97,0.0,0.0,0.0971959289157881
39627871794238143,0.0,0.8,0.2,0.0,0.36096404744368116
39627823509407248,0.0,0.72,0.28,0.0,0.4277254052800653
39627823509406779,0.0,0.05,0.95,0.0,0.14319847855797813
39627847668598898,0.0,0.94,0.06,0.0,0.16372245957723813
39627835589004098,0.0,0.68,0.32,0.0,0.45219072886224687
39627841628801598,0.0,0.96,0.04,0.0,0.12114609454120741
39627877825647226,0.0,0.98,0.02,0.0,0.07072027127091034
39627853708396818,0.0,0.48,0.52,0.0,0.4994227679976009
39627835589004052,0.0,0.81,0.19,0.0,0.3507357299419487
39627835589004406,0.0,0.58,0.42,0.0,0.49072694751682683
39627853704202115,0.0,0.2,0.8,0.0,0.36096404744368116
39627853704202279,0.0,0.2,0.8,0.0,0.36096404744368116
39627841620412301,0.0,0.97,0.03,0.0,0.0971959289157881
39627817465414518,0.02,0.98,0.0,0.0,0.07072027127091034
39627865779601687,0.0,0.96,0.04,0.0,0.12114609454120741
39627835589004167,0.0,0.42,0.58,0.0,0.49072694751682683
39627865779602095,0.0,0.25,0.75,0.0,0.4056390622295664
39627853708396397,0.0,0.0,0.98,0.02,0.07072027127091034
39627871798427801,0.01,0.93,0.06,0.0,0.20367037270049304
39627835589004153,0.0,0.89,0.11,0.0,0.249957979082264
39627835589004990,0.01,0.98,0.01,0.0,0.08072027127091033
39627853708395913,0.0,1.0,0.0,0.0,-0.0
39627853708396487,0.01,0.86,0.13,0.0,0.31810566868628926
39627865775411030,0.0,0.74,0.26,0.0,0.4133731862463089
39627865775411146,0.01,0.93,0.06,0.0,0.20367037270049304
39627853708395694,0.0,0.21,0.79,0.0,0.37074136996563684
39627865779602425,0.0,0.23,0.77,0.0,0.38900565177326885
39627853708396128,0.02,0.98,0.0,0.0,0.07072027127091034
39627859744003009,0.0,0.5,0.5,0.0,0.5
39627847668597716,0.0,0.83,0.17,0.0,0.32885238937210975
39627847668597501,0.0,0.2,0.8,0.0,0.36096404744368116
39627871811010722,0.0,0.41,0.59,0.0,0.488250234378912
39627841628803206,0.0,0.92,0.08,0.0,0.2010895951011364
39627859744002878,0.0,0.95,0.05,0.0,0.14319847855797813
39627841628802922,0.0,0.97,0.03,0.0,0.0971959289157881
39627841628802475,0.0,0.76,0.24,0.0,0.39752013969226113
39627871777459434,0.0,0.94,0.06,0.0,0.16372245957723813
39627871798429103,0.01,0.99,0.0,0.0,0.04039656794795559
39627871806817804,0.0,0.51,0.49,0.0,0.49985572087640495
39627859744003189,0.01,0.99,0.0,0.0,0.04039656794795559
39627877817254503,0.01,0.88,0.11,0.0,0.28950944366190023
39627871798431886,0.0,0.2,0.8,0.0,0.36096404744368116
39627871798431533,0.0,0.98,0.02,0.0,0.07072027127091034
39627877821450780,0.0,0.46,0.54,0.0,0.49768921941011285
39627877821450777,0.0,0.61,0.39,0.0,0.4823997742525436
39627871806816351,0.0,0.51,0.49,0.0,0.49985572087640495
39627865754437955,0.0,0.36,0.64,0.0,0.4713415946277461
39627865754438079,0.0,0.9,0.1,0.0,0.2344977967946406
39627871806816334,0.0,0.42,0.58,0.0,0.49072694751682683
39627823480046975,0.0,0.18,0.82,0.0,0.34003852286413994
39627853695815653,0.0,0.99,0.01,0.0,0.04039656794795559
39627853695815792,0.0,0.84,0.16,0.0,0.3171547773202831
39627823463271735,0.0,0.01,0.99,0.0,0.04039656794795559
39627841612025178,0.0,0.99,0.01,0.0,0.04039656794795559
39627823463271842,0.0,0.26,0.74,0.0,0.4133731862463089
39627823463271890,0.0,0.12,0.88,0.0,0.2646804326436822
39627835563835593,0.0,0.87,0.13,0.0,0.2787190925139945
39627841620412863,0.0,0.02,0.98,0.0,0.07072027127091034
39627871794237253,0.01,0.98,0.01,0.0,0.08072027127091033
39627871794237542,0.0,0.89,0.11,0.0,0.249957979082264
39627853679035762,0.0,0.66,0.34,0.0,0.46240935248651505
39627841607829341,0.0,0.62,0.38,0.0,0.47902101111314976
39627823475856304,0.0,0.13,0.87,0.0,0.2787190925139945
39627829503068321,0.0,0.1,0.9,0.0,0.2344977967946406
39627841607832377,0.0,0.99,0.01,0.0,0.04039656794795559
39627871777458937,0.0,0.81,0.19,0.0,0.3507357299419487
39627871777459003,0.0,0.99,0.01,0.0,0.04039656794795559
39627811413033154,0.0,1.0,0.0,0.0,-0.0
39627871777458884,0.0,0.53,0.47,0.0,0.4987007942838698
39627877825643877,0.0,0.75,0.25,0.0,0.4056390622295664
39627841603636302,0.0,0.3,0.7,0.0,0.44064544961534635
39627877825643061,0.01,0.84,0.15,0.0,0.3441379826496441
39627877821448812,0.0,0.11,0.89,0.0,0.249957979082264
39627877821450957,0.0,0.99,0.01,0.0,0.04039656794795559
39627871777458991,0.01,0.99,0.0,0.0,0.04039656794795559
39627877817257891,0.0,0.88,0.12,0.0,0.2646804326436822
39627871777459237,0.0,0.98,0.02,0.0,0.07072027127091034
39627871777458765,0.0,0.98,0.02,0.0,0.07072027127091034
39627871781654013,0.0,0.09,0.91,0.0,0.21823490853205144
39627871781653858,0.0,0.64,0.36,0.0,0.4713415946277461
39627871781653776,0.0,0.37,0.63,0.0,0.47533604634353294
39627847668599790,0.0,0.99,0.01,0.0,0.04039656794795559
39627829549204765,0.0,0.66,0.34,0.0,0.46240935248651505
39627847668599776,0.0,0.8,0.2,0.0,0.36096404744368116
39627817465415574,0.0,0.0,0.91,0.09,0.21823490853205144
39627817465415534,0.0,0.24,0.76,0.0,0.39752013969226113
39627817465415529,0.0,0.66,0.34,0.0,0.46240935248651505
39627865779602292,0.0,0.91,0.09,0.0,0.21823490853205144
39627841628802808,0.0,0.67,0.33,0.0,0.4574631863898637
39627841628802628,0.0,0.44,0.56,0.0,0.4947937606110278
39627877821449384,0.01,0.91,0.08,0.0,0.24088153359695552
39627841628799476,0.0,0.41,0.59,0.0,0.488250234378912
39627871777456290,0.0,0.35,0.65,0.0,0.4670340276877455
39627871773266105,0.0,0.48,0.52,0.0,0.4994227679976009
39627811413033025,0.0,0.0,0.98,0.02,0.07072027127091034
39627841607831691,0.0,0.0,0.66,0.34,0.46240935248651505
39627871806821001,0.0,0.47,0.53,0.0,0.4987007942838698
39627847668599371,0.0,0.97,0.03,0.0,0.0971959289157881
39627841628803062,0.0,0.89,0.11,0.0,0.249957979082264
39627853708395224,0.0,0.41,0.59,0.0,0.488250234378912
39627871806820562,0.0,0.91,0.09,0.0,0.21823490853205144
39627865779602106,0.0,0.99,0.01,0.0,0.04039656794795559
39627835563838335,0.05,0.95,0.0,0.0,0.14319847855797813
39627871811010765,0.0,0.66,0.34,0.0,0.46240935248651505
39627871806820498,0.03,0.96,0.01,0.0,0.13737165703039006
39627877829837144,0.0,0.68,0.32,0.0,0.45219072886224687
39627877829836945,0.0,0.15,0.85,0.0,0.3049201523582002
39627871806819064,0.0,1.0,0.0,0.0,-0.0
39627871806819811,0.0,0.96,0.04,0.0,0.12114609454120741
39627871806819411,0.0,0.93,0.07,0.0,0.18296182545011158
39627871798429130,0.0,0.14,0.86,0.0,0.292119405821428
39627871806819197,0.0,0.84,0.16,0.0,0.3171547773202831
39627871806818890,0.0,1.0,0.0,0.0,-0.0
39627871798429241,0.0,0.3,0.7,0.0,0.44064544961534635
39627841628801993,0.0,0.39,0.61,0.0,0.4823997742525436
39627835589004308,0.0,0.6,0.4,0.0,0.4854752972273343
39627871798431399,0.0,1.0,0.0,0.0,-0.0
39627871806820401,0.0,0.97,0.03,0.0,0.0971959289157881
39627877825646941,0.0,0.0,1.0,0.0,-0.0
39627853704204896,0.0,0.0,1.0,0.0,-0.0
39627841628802535,0.0,0.42,0.58,0.0,0.49072694751682683
39627871777460429,0.0,0.97,0.03,0.0,0.0971959289157881
39627871806817179,0.02,0.98,0.0,0.0,0.07072027127091034
39627877825645227,0.02,0.97,0.01,0.0,0.11097036642660543
39627877825645272,0.0,0.81,0.19,0.0,0.3507357299419487
39627841624608702,0.0,0.39,0.61,0.0,0.4823997742525436
39627877825644748,0.0,0.81,0.19,0.0,0.3507357299419487
39627877825644552,0.0,0.98,0.02,0.0,0.07072027127091034
39627853679037296,0.0,0.02,0.81,0.17,0.3968545022128105
39627871781652526,0.0,0.0,1.0,0.0,-0.0
39627877821450946,0.0,0.81,0.19,0.0,0.3507357299419487
39627847651823768,0.0,0.03,0.97,0.0,0.0971959289157881
39627835589004585,0.0,0.32,0.68,0.0,0.45219072886224687
39627853695812783,0.0,0.55,0.45,0.0,0.49638722699390414
39627847643435189,0.0,0.74,0.26,0.0,0.4133731862463089
39627817465415734,0.04,0.94,0.02,0.0,0.19127133459887283
39627817465414669,0.0,0.36,0.64,0.0,0.4713415946277461
39627817465414488,0.0,0.11,0.89,0.0,0.249957979082264
39627835589004923,0.0,0.95,0.05,0.0,0.14319847855797813
39627847643434990,0.0,0.92,0.08,0.0,0.2010895951011364
39627847668597533,0.0,0.48,0.52,0.0,0.4994227679976009
39627805373238259,0.0,0.97,0.03,0.0,0.0971959289157881
39627847643435646,0.0,0.05,0.95,0.0,0.14319847855797813
39627835589005056,0.0,0.98,0.02,0.0,0.07072027127091034
39627835589005057,0.0,0.82,0.18,0.0,0.34003852286413994
39627847668598532,0.0,0.96,0.04,0.0,0.12114609454120741
39627835589004189,0.0,0.1,0.9,0.0,0.2344977967946406
39627871811011337,0.0,0.97,0.03,0.0,0.0971959289157881
39627859748193139,0.0,0.0,0.97,0.03,0.0971959289157881
39627853708398417,0.0,1.0,0.0,0.0,-0.0
39627841632993421,0.0,1.0,0.0,0.0,-0.0
39627853708398030,0.0,0.96,0.04,0.0,0.12114609454120741
39627841628800024,0.0,0.71,0.29,0.0,0.43436062316970225
39627817465415947,0.0,0.87,0.13,0.0,0.2787190925139945
39627865779601977,0.0,0.26,0.74,0.0,0.4133731862463089
39627817465416462,0.0,0.97,0.03,0.0,0.0971959289157881
39627817465416148,0.0,0.23,0.77,0.0,0.38900565177326885
39627847668599809,0.0,0.22,0.78,0.0,0.38008375148098283
39627865779601956,0.0,0.97,0.03,0.0,0.0971959289157881
39627817465414300,0.0,0.99,0.01,0.0,0.04039656794795559
39627847668600196,0.0,0.46,0.54,0.0,0.49768921941011285
39627853708395535,0.0,0.49,0.51,0.0,0.49985572087640495
39627847664406540,0.0,0.54,0.46,0.0,0.49768921941011285
39627859743999130,0.0,0.76,0.24,0.0,0.39752013969226113
39627871798428388,0.0,0.83,0.17,0.0,0.32885238937210975
39627859748193112,0.01,0.96,0.03,0.0,0.13737165703039006
39627877821451593,0.0,0.8,0.2,0.0,0.36096404744368116
39627877829837489,0.0,0.99,0.01,0.0,0.04039656794795559
39627859748193121,0.0,0.73,0.27,0.0,0.42073231810408784
39627859748193509,0.0,0.52,0.48,0.0,0.4994227679976009
39627871806817808,0.0,0.92,0.08,0.0,0.2010895951011364
39627871798429242,0.0,0.68,0.32,0.0,0.45219072886224687
39627877825646904,0.0,0.48,0.52,0.0,0.4994227679976009
39627871777460096,0.0,0.15,0.85,0.0,0.3049201523582002
39627871806817573,0.0,0.54,0.46,0.0,0.49768921941011285
39627871798428522,0.0,1.0,0.0,0.0,-0.0
39627865783796303,0.0,0.9,0.1,0.0,0.2344977967946406
39627823454884359,0.0,1.0,0.0,0.0,-0.0
39627853658063339,0.0,0.98,0.02,0.0,0.07072027127091034
39627859697862421,0.0,0.96,0.04,0.0,0.12114609454120741
39627823459074882,0.0,1.0,0.0,0.0,-0.0
39627841574276881,0.0,1.0,0.0,0.0,-0.0
39627811383675445,0.0,0.97,0.03,0.0,0.0971959289157881
39627835534479444,0.0,0.99,0.01,0.0,0.04039656794795559
39627805360652650,0.01,0.97,0.02,0.0,0.11097036642660543
39627817423474291,0.0,0.92,0.08,0.0,0.2010895951011364
39627799316665329,0.0,0.84,0.16,0.0,0.3171547773202831
39627799316665493,0.0,0.97,0.03,0.0,0.0971959289157881
39627799320856237,0.0,0.25,0.75,0.0,0.4056390622295664
39627829494682082,0.0,1.0,0.0,0.0,-0.0
39627841574277687,0.0,1.0,0.0,0.0,-0.0
39627823459074904,0.0,0.96,0.04,0.0,0.12114609454120741
39627859697865336,0.0,0.79,0.21,0.0,0.37074136996563684
39627853658063974,0.01,0.98,0.01,0.0,0.08072027127091033
39627859702056867,0.0,0.97,0.03,0.0,0.0971959289157881
39627859702055553,0.0,0.78,0.22,0.0,0.38008375148098283
39627859702055873,0.01,0.88,0.11,0.0,0.28950944366190023
39627805356462867,0.0,0.43,0.57,0.0,0.4929075185894599
39627853658064169,0.0,0.99,0.01,0.0,0.04039656794795559
39627865737659127,0.0,0.98,0.02,0.0,0.07072027127091034
39627859697865204,0.01,0.99,0.0,0.0,0.04039656794795559
39627847618265408,0.0,0.96,0.04,0.0,0.12114609454120741
39627853658064837,0.0,0.97,0.03,0.0,0.0971959289157881
39627853658064724,0.0,0.82,0.18,0.0,0.34003852286413994
39627877813060954,0.0,0.65,0.35,0.0,0.4670340276877455
39627859718834310,0.0,0.86,0.14,0.0,0.292119405821428
39627841616221674,0.0,1.0,0.0,0.0,-0.0
39627853658067023,0.0,0.47,0.53,0.0,0.4987007942838698
39627853658067144,0.0,0.6,0.4,0.0,0.4854752972273343
39627859710443676,0.0,0.81,0.19,0.0,0.3507357299419487
39627841603638917,0.0,0.97,0.03,0.0,0.0971959289157881
39627811400451170,0.0,0.45,0.55,0.0,0.49638722699390414
39627871794234722,0.0,0.09,0.91,0.0,0.21823490853205144
39627841586861355,0.0,0.05,0.93,0.02,0.21317104534994366
39627853704202276,0.0,0.83,0.17,0.0,0.32885238937210975
39627817452832158,0.0,0.02,0.98,0.0,0.07072027127091034
39627811396257757,0.0,0.87,0.13,0.0,0.2787190925139945
39627841628800115,0.0,0.03,0.97,0.0,0.0971959289157881
39627841628800103,0.0,0.0,0.9,0.1,0.2344977967946406
39627847618269543,0.0,0.33,0.67,0.0,0.4574631863898637
39627811404649573,0.0,0.98,0.02,0.0,0.07072027127091034
39627811408842238,0.0,0.56,0.44,0.0,0.4947937606110278
39627829503070992,0.0,0.67,0.33,0.0,0.4574631863898637
39627859706253746,0.0,0.95,0.05,0.0,0.14319847855797813
39627829540819243,0.0,0.64,0.36,0.0,0.4713415946277461
39627805369043607,0.0,0.27,0.73,0.0,0.42073231810408784
39627865750246318,0.0,0.32,0.68,0.0,0.45219072886224687
39627841586861243,0.0,0.24,0.76,0.0,0.39752013969226113
39627817440249077,0.0,0.28,0.72,0.0,0.4277254052800653
39627811396257933,0.0,0.02,0.98,0.0,0.07072027127091034
39627841586861025,0.0,0.01,0.99,0.0,0.04039656794795559
39627841586860939,0.0,0.8,0.2,0.0,0.36096404744368116
39627841586861103,0.0,0.04,0.96,0.0,0.12114609454120741
39627841586861071,0.0,0.1,0.9,0.0,0.2344977967946406
39627841586860905,0.0,0.97,0.03,0.0,0.0971959289157881
39627871777460076,0.0,0.81,0.19,0.0,0.3507357299419487
39627841586861065,0.0,0.75,0.25,0.0,0.4056390622295664
39627811396257940,0.0,0.72,0.28,0.0,0.4277254052800653
39627805364847809,0.0,0.11,0.89,0.0,0.249957979082264
39627871777459634,0.0,0.95,0.05,0.0,0.14319847855797813
39627865758630252,0.0,0.42,0.58,0.0,0.49072694751682683
39627805364847623,0.0,0.91,0.09,0.0,0.21823490853205144
39627865762825736,0.0,0.42,0.58,0.0,0.49072694751682683
39627871777459820,0.0,0.98,0.02,0.0,0.07072027127091034
39627835584807657,0.0,0.0,1.0,0.0,-0.0
39627877817255167,0.0,0.41,0.59,0.0,0.488250234378912
39627841612023541,0.0,0.16,0.84,0.0,0.3171547773202831
39627841616216792,0.0,0.06,0.94,0.0,0.16372245957723813
39627841616216833,0.0,0.57,0.43,0.0,0.4929075185894599
39627847656017491,0.0,0.21,0.79,0.0,0.37074136996563684
39627859735613352,0.0,0.07,0.93,0.0,0.18296182545011158
39627859735612754,0.0,0.67,0.33,0.0,0.4574631863898637
39627811392066140,0.0,0.1,0.9,0.0,0.2344977967946406
39627853695816003,0.0,0.52,0.48,0.0,0.4994227679976009
39627811392065854,0.0,0.23,0.77,0.0,0.38900565177326885
39627823475852138,0.0,0.06,0.94,0.0,0.16372245957723813
39627829515650568,0.0,0.46,0.54,0.0,0.49768921941011285
39627859727222752,0.0,0.03,0.97,0.0,0.0971959289157881
39627823480046691,0.0,0.29,0.71,0.0,0.43436062316970225
39627847656014710,0.0,0.75,0.25,0.0,0.4056390622295664
39627847651824895,0.0,0.21,0.79,0.0,0.37074136996563684
39627847660210814,0.0,1.0,0.0,0.0,-0.0
39627835568031694,0.0,0.1,0.9,0.0,0.2344977967946406
39627835568031786,0.01,0.98,0.01,0.0,0.08072027127091033
39627841616216423,0.0,0.29,0.71,0.0,0.43436062316970225
39627841612024381,0.0,0.74,0.26,0.0,0.4133731862463089
39627847664402797,0.0,0.21,0.79,0.0,0.37074136996563684
39627859718835006,0.0,0.0,1.0,0.0,-0.0
39627865754441312,0.0,0.29,0.71,0.0,0.43436062316970225
39627847651824906,0.0,1.0,0.0,0.0,-0.0
39627835555450741,0.0,0.1,0.9,0.0,0.2344977967946406
39627811413037217,0.0,0.27,0.73,0.0,0.42073231810408784
39627805360655285,0.0,0.48,0.52,0.0,0.4994227679976009
39627805352268716,0.0,0.24,0.76,0.0,0.39752013969226113
39627805377430732,0.0,0.4,0.6,0.0,0.4854752972273343
39627805360654912,0.0,0.1,0.9,0.0,0.2344977967946406
39627805360654608,0.0,0.44,0.56,0.0,0.4947937606110278
39627805352264913,0.0,0.07,0.93,0.0,0.18296182545011158
39627805352264353,0.0,0.92,0.08,0.0,0.2010895951011364
39627805352267756,0.0,0.49,0.51,0.0,0.49985572087640495
39627805352268145,0.0,0.13,0.87,0.0,0.2787190925139945
39627805377430572,0.0,0.91,0.09,0.0,0.21823490853205144
39627817423474540,0.0,0.56,0.44,0.0,0.4947937606110278
39627817427665473,0.0,0.51,0.49,0.0,0.49985572087640495
39627847647631495,0.0,0.23,0.77,0.0,0.38900565177326885
39627859727221810,0.0,0.06,0.94,0.0,0.16372245957723813
39627859735613097,0.0,0.8,0.2,0.0,0.36096404744368116
39627811417228925,0.0,0.27,0.73,0.0,0.42073231810408784
39627823505212028,0.0,0.83,0.17,0.0,0.32885238937210975
39627877825643286,0.0,0.96,0.04,0.0,0.12114609454120741
39627859710443550,0.0,0.23,0.77,0.0,0.38900565177326885
39627859710443542,0.0,0.73,0.27,0.0,0.42073231810408784
39627835547058877,0.0,0.11,0.89,0.0,0.249957979082264
39627805352269394,0.0,0.33,0.67,0.0,0.4574631863898637
39627805377431248,0.0,0.34,0.66,0.0,0.46240935248651505
39627805352268267,0.0,0.94,0.06,0.0,0.16372245957723813
39627805352268465,0.0,0.84,0.16,0.0,0.3171547773202831
39627811387870513,0.0,0.93,0.07,0.0,0.18296182545011158
39627805352264525,0.0,0.95,0.05,0.0,0.14319847855797813
39627805352264132,0.0,0.99,0.01,0.0,0.04039656794795559
39627805352264098,0.0,0.72,0.28,0.0,0.4277254052800653
39627799320857800,0.0,0.9,0.1,0.0,0.2344977967946406
39627799320857902,0.0,1.0,0.0,0.0,-0.0
39627805364847479,0.0,0.96,0.04,0.0,0.12114609454120741
39627805348073866,0.0,0.77,0.23,0.0,0.38900565177326885
39627805352265193,0.0,0.99,0.01,0.0,0.04039656794795559
39627805352264674,0.0,0.75,0.25,0.0,0.4056390622295664
39627799325049997,0.0,0.63,0.37,0.0,0.47533604634353294
39627847643436178,0.0,0.02,0.98,0.0,0.07072027127091034
39627811387871894,0.01,0.61,0.38,0.0,0.5159469793764008
39627805364847621,0.0,0.21,0.79,0.0,0.37074136996563684
39627799325050889,0.01,0.83,0.16,0.0,0.3562867308783886
39627823505211891,0.0,0.2,0.8,0.0,0.36096404744368116
39627847651824105,0.0,0.61,0.39,0.0,0.4823997742525436
39627811421422078,0.0,0.53,0.47,0.0,0.4987007942838698
39627805356460973,0.0,0.83,0.17,0.0,0.32885238937210975
39627805356460953,0.0,0.06,0.93,0.01,0.20367037270049304
39627835572228258,0.0,0.99,0.01,0.0,0.04039656794795559
39627859735613145,0.0,0.29,0.71,0.0,0.43436062316970225
39627823505212133,0.1,0.9,0.0,0.0,0.2344977967946406
39627847651822700,0.0,0.4,0.6,0.0,0.4854752972273343
39627805356461566,0.0,0.66,0.34,0.0,0.46240935248651505
39627847618268103,0.0,0.13,0.87,0.0,0.2787190925139945
39627841603636765,0.0,0.3,0.7,0.0,0.44064544961534635
39627877813064272,0.0,0.29,0.71,0.0,0.43436062316970225
39627865741854001,0.0,0.97,0.03,0.0,0.0971959289157881
39627871773263293,0.0,0.63,0.37,0.0,0.47533604634353294
39627877825643771,0.0,0.89,0.11,0.0,0.249957979082264
39627865741853695,0.0,0.38,0.62,0.0,0.47902101111314976
39627847618266985,0.0,0.31,0.69,0.0,0.4465867291889284
39627859702055224,0.0,0.54,0.46,0.0,0.49768921941011285
39627871773265189,0.0,0.39,0.61,0.0,0.4823997742525436
39627877813062032,0.0,0.08,0.92,0.0,0.2010895951011364
39627841607828061,0.0,0.08,0.91,0.01,0.24088153359695552
39627841607828058,0.0,0.71,0.29,0.0,0.43436062316970225
39627871773265135,0.01,0.98,0.01,0.0,0.08072027127091033
39627835538670630,0.0,0.92,0.08,0.0,0.2010895951011364
39627841578471281,0.0,0.26,0.74,0.0,0.4133731862463089
39627841578471150,0.0,0.36,0.64,0.0,0.4713415946277461
39627835538672828,0.0,0.12,0.88,0.0,0.2646804326436822
39627823480046927,0.0,0.8,0.2,0.0,0.36096404744368116
39627823480046781,0.0,0.56,0.44,0.0,0.4947937606110278
39627811413033743,0.0,0.26,0.74,0.0,0.4133731862463089
39627847664403376,0.0,0.9,0.1,0.0,0.2344977967946406
39627847622461392,0.0,0.94,0.06,0.0,0.16372245957723813
39627847622461836,0.0,0.99,0.01,0.0,0.04039656794795559
39627841620410797,0.0,0.43,0.57,0.0,0.4929075185894599
39627835559644133,0.0,0.02,0.98,0.0,0.07072027127091034
39627871773265289,0.0,0.83,0.17,0.0,0.32885238937210975
39627841603636087,0.0,0.4,0.6,0.0,0.4854752972273343
39627847618268402,0.02,0.97,0.01,0.0,0.11097036642660543
39627865741853804,0.0,0.78,0.22,0.0,0.38008375148098283
39627865741854771,0.0,0.66,0.34,0.0,0.46240935248651505
39627835559644999,0.0,0.15,0.85,0.0,0.3049201523582002
39627835559645188,0.0,0.99,0.01,0.0,0.04039656794795559
39627871773266255,0.0,0.02,0.93,0.05,0.2131710453499437
39627871773265608,0.0,0.98,0.02,0.0,0.07072027127091034
39627865741853680,0.0,0.37,0.63,0.0,0.47533604634353294
39627853695815686,0.0,0.1,0.9,0.0,0.2344977967946406
39627847664403754,0.0,0.95,0.05,0.0,0.14319847855797813
39627823475852527,0.0,0.96,0.04,0.0,0.12114609454120741
39627841607832893,0.0,0.83,0.17,0.0,0.32885238937210975
39627847656014989,0.0,0.46,0.54,0.0,0.49768921941011285
39627847656015000,0.0,0.65,0.35,0.0,0.4670340276877455
39627835563839102,0.0,0.34,0.66,0.0,0.46240935248651505
39627877825644018,0.0,0.94,0.06,0.0,0.16372245957723813
39627871773265835,0.0,0.35,0.65,0.0,0.4670340276877455
39627841574276837,0.0,0.98,0.02,0.0,0.07072027127091034
39627847614076784,0.0,0.8,0.2,0.0,0.36096404744368116
39627865737660251,0.0,1.0,0.0,0.0,-0.0
39627817423473051,0.0,0.78,0.22,0.0,0.38008375148098283
39627847614076621,0.0,0.22,0.78,0.0,0.38008375148098283
39627847614076197,0.0,0.83,0.17,0.0,0.32885238937210975
39627835534479294,0.0,0.94,0.06,0.0,0.16372245957723813
39627865737659702,0.0,1.0,0.0,0.0,-0.0
39627841574276470,0.0,1.0,0.0,0.0,-0.0
39627829494682207,0.0,0.97,0.03,0.0,0.0971959289157881
39627877813062130,0.0,0.1,0.9,0.0,0.2344977967946406
39627865737659932,0.0,0.98,0.02,0.0,0.07072027127091034
39627847614075659,0.0,0.99,0.01,0.0,0.04039656794795559
39627847614075610,0.0,0.89,0.11,0.0,0.249957979082264
39627865737659611,0.0,0.95,0.05,0.0,0.14319847855797813
39627805360656059,0.0,0.6,0.4,0.0,0.4854752972273343
39627811387867189,0.0,0.72,0.28,0.0,0.4277254052800653
39627841574277150,0.0,1.0,0.0,0.0,-0.0
39627841574277134,0.0,1.0,0.0,0.0,-0.0
39627811383677148,0.0,0.93,0.07,0.0,0.18296182545011158
39627841607827865,0.0,1.0,0.0,0.0,-0.0
39627841578468077,0.0,0.82,0.18,0.0,0.34003852286413994
39627835538670641,0.0,0.91,0.09,0.0,0.21823490853205144
39627829494682362,0.0,1.0,0.0,0.0,-0.0
39627823459075956,0.0,1.0,0.0,0.0,-0.0
39627829498872150,0.0,0.86,0.14,0.0,0.292119405821428
39627829494682552,0.0,0.89,0.11,0.0,0.249957979082264
39627829494682476,0.0,0.99,0.01,0.0,0.04039656794795559
39627865737660741,0.01,0.89,0.1,0.0,0.27413031336294724
39627829494682160,0.0,0.78,0.22,0.0,0.38008375148098283
39627829494682335,0.0,0.89,0.11,0.0,0.249957979082264
39627823459075838,0.0,0.86,0.14,0.0,0.292119405821428
39627865737660811,0.0,1.0,0.0,0.0,-0.0
39627865737661763,0.0,0.7,0.3,0.0,0.44064544961534635
39627871781652760,0.0,0.02,0.98,0.0,0.07072027127091034
39627877813061404,0.0,0.99,0.01,0.0,0.04039656794795559
39627865737659582,0.0,1.0,0.0,0.0,-0.0
39627847618265812,0.0,0.86,0.14,0.0,0.292119405821428
39627877813061669,0.0,0.99,0.01,0.0,0.04039656794795559
39627877813062083,0.0,1.0,0.0,0.0,-0.0
39627847618265779,0.0,0.08,0.92,0.0,0.2010895951011364
39627805360654111,0.0,0.29,0.71,0.0,0.43436062316970225
39627811387869069,0.0,0.95,0.05,0.0,0.14319847855797813
39627811387867922,0.0,0.89,0.11,0.0,0.249957979082264
39627805360655132,0.0,0.82,0.18,0.0,0.34003852286413994
39627811387867490,0.0,0.99,0.01,0.0,0.04039656794795559
39627805360655485,0.0,0.95,0.05,0.0,0.14319847855797813
39627805360654475,0.0,0.55,0.45,0.0,0.49638722699390414
39627805360655358,0.0,0.34,0.66,0.0,0.46240935248651505
39627823501021732,0.0,0.32,0.68,0.0,0.45219072886224687
39627841603638126,0.0,0.35,0.65,0.0,0.4670340276877455
39627871777458677,0.14,0.86,0.0,0.0,0.292119405821428
39627871777456618,0.0,0.08,0.92,0.0,0.2010895951011364
39627871781650730,0.0,0.01,0.99,0.0,0.04039656794795559
39627805360653639,0.0,0.63,0.37,0.0,0.47533604634353294
39627805348071768,0.0,0.98,0.02,0.0,0.07072027127091034
39627805352268166,0.0,0.92,0.08,0.0,0.2010895951011364
39627811387867707,0.0,0.72,0.28,0.0,0.4277254052800653
39627805352264746,0.0,0.71,0.29,0.0,0.43436062316970225
39627805360655738,0.0,0.88,0.12,0.0,0.2646804326436822
39627805360654798,0.0,0.82,0.18,0.0,0.34003852286413994
39627805352269224,0.0,0.82,0.18,0.0,0.34003852286413994
39627841620413278,0.0,0.61,0.39,0.0,0.4823997742525436
39627811417230200,0.0,0.88,0.12,0.0,0.2646804326436822
39627877813060393,0.01,0.98,0.01,0.0,0.08072027127091033
39627859697864119,0.0,0.99,0.01,0.0,0.04039656794795559
39627859748193902,0.03,0.96,0.01,0.0,0.13737165703039006
39627859748194007,0.0,0.96,0.04,0.0,0.12114609454120741
39627871806818636,0.0,1.0,0.0,0.0,-0.0
39627877808866459,0.0,0.99,0.01,0.0,0.04039656794795559
39627877808866598,0.0,1.0,0.0,0.0,-0.0
39627871806819568,0.05,0.95,0.0,0.0,0.14319847855797813
39627871773262682,0.0,0.99,0.01,0.0,0.04039656794795559
39627871773264877,0.0,0.96,0.04,0.0,0.12114609454120741
39627871802623171,0.0,0.92,0.08,0.0,0.2010895951011364
39627871802622614,0.0,0.85,0.15,0.0,0.3049201523582002
39627871798430302,0.0,0.46,0.54,0.0,0.49768921941011285
39627871769070882,0.0,1.0,0.0,0.0,-0.0
39627883848667424,0.0,0.98,0.02,0.0,0.07072027127091034
39627883848667080,0.0,1.0,0.0,0.0,-0.0
39627883852857665,0.01,0.85,0.14,0.0,0.33142210248480686
39627883848666058,0.0,0.99,0.01,0.0,0.04039656794795559
39627883852857776,0.0,1.0,0.0,0.0,-0.0
39627883857053955,0.0,0.99,0.01,0.0,0.04039656794795559
39627883857052501,0.0,0.99,0.01,0.0,0.04039656794795559
39627883852860498,0.0,0.9,0.1,0.0,0.2344977967946406
39627883852858897,0.0,0.47,0.53,0.0,0.4987007942838698
39627883848663576,0.0,1.0,0.0,0.0,-0.0
39627877834034430,0.0,1.0,0.0,0.0,-0.0
39627877834032948,0.0,0.95,0.05,0.0,0.14319847855797813
39627877829840652,0.0,0.66,0.34,0.0,0.46240935248651505
39627877829840322,0.01,0.96,0.03,0.0,0.13737165703039006
39627877829838882,0.0,0.77,0.23,0.0,0.38900565177326885
39627877834034623,0.0,1.0,0.0,0.0,-0.0
39627877813059906,0.0,1.0,0.0,0.0,-0.0
39627883848663239,0.0,0.43,0.57,0.0,0.4929075185894599
39627883848663145,0.0,0.95,0.05,0.0,0.14319847855797813
39627877838227188,0.0,1.0,0.0,0.0,-0.0
39627877838226247,0.0,1.0,0.0,0.0,-0.0
39627877834035475,0.02,0.98,0.0,0.0,0.07072027127091034
39627877838225658,0.0,1.0,0.0,0.0,-0.0
39627811425619335,0.02,0.97,0.01,0.0,0.11097036642660543
39627811425617871,0.0,1.0,0.0,0.0,-0.0
39627799316663601,0.0,0.37,0.63,0.0,0.47533604634353294
39627799316663945,0.0,0.99,0.01,0.0,0.04039656794795559
39627805356462150,0.0,0.53,0.47,0.0,0.4987007942838698
39627811425618557,0.0,0.99,0.01,0.0,0.04039656794795559
39627805373238592,0.0,0.9,0.1,0.0,0.2344977967946406
39627835589005615,0.04,0.95,0.01,0.0,0.16124668093016215
39627805373235761,0.0,0.72,0.28,0.0,0.4277254052800653
39627829549206977,0.0,0.91,0.09,0.0,0.21823490853205144
39627841628802911,0.0,0.9,0.1,0.0,0.2344977967946406
39627835593195961,0.0,0.87,0.13,0.0,0.2787190925139945
39627829549207171,0.0,0.97,0.03,0.0,0.0971959289157881
39627841628803698,0.0,0.96,0.04,0.0,0.12114609454120741
39627865779603055,0.11,0.89,0.0,0.0,0.249957979082264
39627847668598237,0.0,0.66,0.34,0.0,0.46240935248651505
39627823475855908,0.0,0.35,0.65,0.0,0.4670340276877455
39627853708397022,0.0,0.78,0.22,0.0,0.38008375148098283
39627859744002688,0.0,0.72,0.28,0.0,0.4277254052800653
39627811417228600,0.0,0.57,0.43,0.0,0.4929075185894599
39627841628799010,0.0,0.07,0.92,0.01,0.22283217282912027
39627841628799780,0.0,1.0,0.0,0.0,-0.0
39627811417228724,0.0,0.17,0.83,0.0,0.32885238937210975
39627859718834590,0.0,0.17,0.83,0.0,0.32885238937210975
39627835568032756,0.0,0.82,0.18,0.0,0.34003852286413994
39627853708394779,0.0,0.0,0.94,0.06,0.16372245957723813
39627859706252282,0.0,0.11,0.88,0.01,0.28950944366190023
39627841620412516,0.0,0.11,0.89,0.0,0.249957979082264
39627823480049608,0.0,0.03,0.97,0.0,0.0971959289157881
39627877821452234,0.0,0.05,0.95,0.0,0.14319847855797813
39627841620412072,0.0,0.77,0.23,0.0,0.38900565177326885
39627835589004380,0.0,0.96,0.04,0.0,0.12114609454120741
39627853708395142,0.0,0.83,0.17,0.0,0.32885238937210975
39627841628802447,0.0,0.38,0.62,0.0,0.47902101111314976
39627847660208886,0.0,0.16,0.84,0.0,0.3171547773202831
39627847668599119,0.0,1.0,0.0,0.0,-0.0
39627829549204856,0.0,0.25,0.75,0.0,0.4056390622295664
39627859706249607,0.0,0.78,0.22,0.0,0.38008375148098283
39627841628802212,0.0,0.99,0.01,0.0,0.04039656794795559
39627847656017226,0.0,0.11,0.89,0.0,0.249957979082264
39627853708397059,0.0,0.99,0.01,0.0,0.04039656794795559
39627859744002954,0.0,0.18,0.82,0.0,0.34003852286413994
39627871794238220,0.0,0.97,0.03,0.0,0.0971959289157881
39627853708395655,0.0,0.78,0.22,0.0,0.38008375148098283
39627853708395641,0.0,0.31,0.69,0.0,0.4465867291889284
39627853708395670,0.0,0.83,0.17,0.0,0.32885238937210975
39627805352268839,0.0,0.46,0.54,0.0,0.49768921941011285
39627805352268690,0.0,0.22,0.78,0.0,0.38008375148098283
39627841603639174,0.0,0.87,0.13,0.0,0.2787190925139945
39627805360654690,0.0,0.68,0.32,0.0,0.45219072886224687
39627805377429960,0.0,0.99,0.01,0.0,0.04039656794795559
39627817423473194,0.0,0.93,0.07,0.0,0.18296182545011158
39627805352269327,0.0,0.97,0.03,0.0,0.0971959289157881
39627805352265127,0.0,0.94,0.06,0.0,0.16372245957723813
39627817427668802,0.0,0.4,0.6,0.0,0.4854752972273343
39627817427668544,0.0,0.18,0.82,0.0,0.34003852286413994
39627853708395060,0.0,0.05,0.94,0.01,0.1832231322266888
39627823505211895,0.0,0.02,0.95,0.03,0.1674722434193448
39627805377434339,0.0,0.98,0.02,0.0,0.07072027127091034
39627811421426129,0.0,0.99,0.01,0.0,0.04039656794795559
39627847668598311,0.0,0.56,0.44,0.0,0.4947937606110278
39627799333439005,0.0,1.0,0.0,0.0,-0.0
39627799333439964,0.05,0.95,0.0,0.0,0.14319847855797813
39627847668598757,0.0,0.41,0.59,0.0,0.488250234378912
39627823509405849,0.0,0.72,0.28,0.0,0.4277254052800653
39627811425618267,0.0,0.99,0.01,0.0,0.04039656794795559
39627799329243350,0.01,0.88,0.11,0.0,0.28950944366190023
39627799329243373,0.0,0.59,0.41,0.0,0.488250234378912
39627799325049396,0.0,0.79,0.21,0.0,0.37074136996563684
39627799329246262,0.02,0.98,0.0,0.0,0.07072027127091034
39627823505214394,0.0,0.24,0.76,0.0,0.39752013969226113
39627823505214368,0.0,0.75,0.25,0.0,0.4056390622295664
39627799325052106,0.0,0.56,0.44,0.0,0.4947937606110278
39627805369044949,0.0,0.81,0.19,0.0,0.3507357299419487
39627805356462168,0.0,0.7,0.3,0.0,0.44064544961534635
39627805356459362,0.0,0.98,0.02,0.0,0.07072027127091034
39627811425617527,0.0,0.98,0.02,0.0,0.07072027127091034
39627823509406672,0.0,0.08,0.92,0.0,0.2010895951011364
39627811425617369,0.0,0.98,0.02,0.0,0.07072027127091034
39627811425616896,0.0,0.92,0.08,0.0,0.2010895951011364
39627811425616859,0.0,0.73,0.27,0.0,0.42073231810408784
39627811425616776,0.0,0.84,0.16,0.0,0.3171547773202831
39627811425617100,0.0,1.0,0.0,0.0,-0.0
39627811421425208,0.0,1.0,0.0,0.0,-0.0
39627811421425361,0.0,0.13,0.86,0.01,0.31810566868628926
39627811421424237,0.0,0.93,0.07,0.0,0.18296182545011158
39627805381627013,0.0,0.77,0.23,0.0,0.38900565177326885
39627805381626372,0.0,1.0,0.0,0.0,-0.0
39627811425618473,0.0,0.97,0.03,0.0,0.0971959289157881
39627805381625800,0.0,0.99,0.01,0.0,0.04039656794795559
39627811421424927,0.0,0.71,0.29,0.0,0.43436062316970225
39627799333439049,0.0,0.96,0.04,0.0,0.12114609454120741
39627829549206611,0.01,0.99,0.0,0.0,0.04039656794795559
39627799325050814,0.0,0.78,0.22,0.0,0.38008375148098283
39627799325051178,0.0,0.21,0.79,0.0,0.37074136996563684
39627829549206710,0.0,0.3,0.7,0.0,0.44064544961534635
39627811421425788,0.0,0.83,0.17,0.0,0.32885238937210975
39627811425616407,0.0,1.0,0.0,0.0,-0.0
39627805373236705,0.0,1.0,0.0,0.0,-0.0
39627823509408229,0.0,0.93,0.07,0.0,0.18296182545011158
39627811421424192,0.0,0.7,0.3,0.0,0.44064544961534635
39627799333438275,0.0,0.97,0.03,0.0,0.0971959289157881
39627799333439022,0.01,0.91,0.08,0.0,0.24088153359695552
39627853708395046,0.0,0.27,0.73,0.0,0.42073231810408784
39627847668598885,0.0,0.79,0.21,0.0,0.37074136996563684
39627841591051181,0.0,0.01,0.95,0.04,0.16124668093016215
39627829549206543,0.0,1.0,0.0,0.0,-0.0
39627805373235943,0.0,0.26,0.74,0.0,0.4133731862463089
39627829549206399,0.0,0.85,0.15,0.0,0.3049201523582002
39627847651822704,0.0,0.39,0.61,0.0,0.4823997742525436
39627835593195686,0.08,0.92,0.0,0.0,0.2010895951011364
39627847668599206,0.0,0.81,0.19,0.0,0.3507357299419487
39627835589005433,0.0,0.93,0.07,0.0,0.18296182545011158
39627817465415261,0.0,0.87,0.13,0.0,0.2787190925139945
39627817465415470,0.0,0.29,0.71,0.0,0.43436062316970225
39627817465415557,0.0,0.29,0.71,0.0,0.43436062316970225
39627817465415588,0.0,0.99,0.01,0.0,0.04039656794795559
39627835589005272,0.03,0.97,0.0,0.0,0.0971959289157881
39627853708396071,0.0,0.09,0.91,0.0,0.21823490853205144
39627853708395403,0.0,0.92,0.08,0.0,0.2010895951011364
39627853708396087,0.0,0.75,0.25,0.0,0.4056390622295664
39627865779604915,0.0,0.97,0.03,0.0,0.0971959289157881
39627847618267845,0.0,0.24,0.76,0.0,0.39752013969226113
39627871781652614,0.0,0.87,0.13,0.0,0.2787190925139945
39627853708395285,0.02,0.98,0.0,0.0,0.07072027127091034
39627871802626212,0.0,0.77,0.23,0.0,0.38900565177326885
39627859748192805,0.0,0.76,0.24,0.0,0.39752013969226113
39627877834035243,0.0,0.99,0.01,0.0,0.04039656794795559
39627877817253992,0.0,0.97,0.03,0.0,0.0971959289157881
39627871798431811,0.0,1.0,0.0,0.0,-0.0
39627871773262161,0.0,0.98,0.02,0.0,0.07072027127091034
39627883848664208,0.02,0.98,0.0,0.0,0.07072027127091034
39627877825646933,0.0,0.83,0.17,0.0,0.32885238937210975
39627877808870078,0.0,0.79,0.21,0.0,0.37074136996563684
39627877834034963,0.0,0.96,0.04,0.0,0.12114609454120741
39627877808869908,0.0,0.08,0.92,0.0,0.2010895951011364
39627877825645242,0.0,0.23,0.77,0.0,0.38900565177326885
39627871802625830,0.0,0.17,0.83,0.0,0.32885238937210975
39627871777456944,0.0,0.98,0.02,0.0,0.07072027127091034
39627859697864088,0.0,0.99,0.01,0.0,0.04039656794795559
39627871777457880,0.0,0.37,0.63,0.0,0.47533604634353294
39627877817254314,0.0,0.71,0.29,0.0,0.43436062316970225
39627871802624639,0.0,1.0,0.0,0.0,-0.0
39627871773265119,0.0,0.76,0.24,0.0,0.39752013969226113
39627871773262358,0.01,0.97,0.02,0.0,0.11097036642660543
39627877825643506,0.0,0.53,0.47,0.0,0.4987007942838698
39627859702055345,0.0,1.0,0.0,0.0,-0.0
39627877825643478,0.0,0.6,0.4,0.0,0.4854752972273343
39627853658066979,0.0,0.98,0.02,0.0,0.07072027127091034
39627841607828737,0.0,0.9,0.1,0.0,0.2344977967946406
39627871777458535,0.0,0.75,0.25,0.0,0.4056390622295664
39627835563838690,0.0,0.88,0.12,0.0,0.2646804326436822
39627877821452913,0.0,0.93,0.07,0.0,0.18296182545011158
39627877813064343,0.0,0.98,0.02,0.0,0.07072027127091034
39627877821452516,0.0,0.99,0.01,0.0,0.04039656794795559
39627877813064298,0.0,0.88,0.12,0.0,0.2646804326436822
39627871802626183,0.0,0.11,0.89,0.0,0.249957979082264
39627877817254258,0.0,0.96,0.04,0.0,0.12114609454120741
39627811396257309,0.0,0.83,0.17,0.0,0.32885238937210975
39627853708395189,0.0,0.99,0.01,0.0,0.04039656794795559
39627817436058347,0.0,0.03,0.97,0.0,0.0971959289157881
39627817436058205,0.0,0.63,0.37,0.0,0.47533604634353294
39627847668597898,0.0,0.11,0.88,0.01,0.28950944366190023
39627841616216897,0.0,0.75,0.25,0.0,0.4056390622295664
39627823509406489,0.0,0.36,0.64,0.0,0.4713415946277461
39627817465415346,0.0,0.46,0.54,0.0,0.49768921941011285
39627871773265945,0.0,0.03,0.97,0.0,0.0971959289157881
39627817465414882,0.0,0.88,0.12,0.0,0.2646804326436822
39627841628802003,0.0,1.0,0.0,0.0,-0.0
39627841628801659,0.0,0.32,0.68,0.0,0.45219072886224687
39627841628801570,0.0,0.72,0.28,0.0,0.4277254052800653
39627841628801508,0.0,0.93,0.07,0.0,0.18296182545011158
39627871806818574,0.16,0.84,0.0,0.0,0.3171547773202831
39627865775410197,0.0,0.78,0.22,0.0,0.38008375148098283
39627865775410296,0.0,0.96,0.04,0.0,0.12114609454120741
39627871781652044,0.0,0.91,0.09,0.0,0.21823490853205144
39627871798430067,0.0,0.84,0.16,0.0,0.3171547773202831
39627865775410298,0.07,0.93,0.0,0.0,0.18296182545011158
39627871806818674,0.0,0.91,0.09,0.0,0.21823490853205144
39627877834035735,0.0,0.75,0.25,0.0,0.4056390622295664
39627877808868510,0.0,0.95,0.05,0.0,0.14319847855797813
39627877825646723,0.01,0.99,0.0,0.0,0.04039656794795559
39627877825645054,0.0,1.0,0.0,0.0,-0.0
39627877825645105,0.0,0.98,0.02,0.0,0.07072027127091034
39627871806819279,0.0,1.0,0.0,0.0,-0.0
39627859748192405,0.0,0.94,0.06,0.0,0.16372245957723813
39627871781653574,0.0,0.06,0.94,0.0,0.16372245957723813
39627859748192589,0.05,0.94,0.01,0.0,0.1832231322266888
39627859748192729,0.0,0.38,0.62,0.0,0.47902101111314976
39627859702056779,0.01,0.91,0.08,0.0,0.24088153359695552
39627841607831143,0.0,0.93,0.07,0.0,0.18296182545011158
39627859697865249,0.0,0.94,0.06,0.0,0.16372245957723813
39627871806816849,0.02,0.98,0.0,0.0,0.07072027127091034
39627847614075299,0.0,0.95,0.05,0.0,0.14319847855797813
39627853658063979,0.0,0.97,0.03,0.0,0.0971959289157881
39627811383676815,0.0,0.67,0.33,0.0,0.4574631863898637
39627811383677018,0.0,0.14,0.86,0.0,0.292119405821428
39627841578468290,0.0,0.7,0.3,0.0,0.44064544961534635
39627877821451367,0.0,0.46,0.54,0.0,0.49768921941011285
39627871802624296,0.0,1.0,0.0,0.0,-0.0
39627847618265524,0.01,0.98,0.01,0.0,0.08072027127091033
39627865737662412,0.0,0.87,0.13,0.0,0.2787190925139945
39627865737662158,0.0,0.99,0.01,0.0,0.04039656794795559
39627811387867836,0.01,0.99,0.0,0.0,0.04039656794795559
39627841603636637,0.0,0.12,0.87,0.01,0.30414992414989617
39627871781650866,0.0,0.83,0.17,0.0,0.32885238937210975
39627871781650923,0.0,0.52,0.48,0.0,0.4994227679976009
39627805377433134,0.0,0.99,0.01,0.0,0.04039656794795559
39627805381625174,0.0,1.0,0.0,0.0,-0.0
39627847668598492,0.0,0.4,0.6,0.0,0.4854752972273343
39627799333438072,0.09,0.91,0.0,0.0,0.21823490853205144
39627805352266660,0.01,0.95,0.04,0.0,0.16124668093016215
39627805352268887,0.0,0.96,0.04,0.0,0.12114609454120741
39627805352267267,0.0,0.22,0.78,0.0,0.38008375148098283
39627799329246006,0.0,0.79,0.21,0.0,0.37074136996563684
39627799329243741,0.0,0.95,0.05,0.0,0.14319847855797813
39627811425615921,0.0,0.98,0.02,0.0,0.07072027127091034
39627811421425981,0.0,0.84,0.16,0.0,0.3171547773202831
39627811425618058,0.0,1.0,0.0,0.0,-0.0
39627847668598730,0.0,0.85,0.15,0.0,0.3049201523582002
39627841603636174,0.0,0.08,0.92,0.0,0.2010895951011364
39627847668599968,0.0,0.58,0.42,0.0,0.49072694751682683
39627811421422549,0.0,0.45,0.55,0.0,0.49638722699390414
39627841599445051,0.0,0.76,0.24,0.0,0.39752013969226113
39627847668598477,0.0,0.78,0.22,0.0,0.38008375148098283
39627853708395228,0.0,0.54,0.46,0.0,0.49768921941011285
39627859748193739,0.0,0.13,0.87,0.0,0.2787190925139945
39627853708397507,0.0,0.83,0.17,0.0,0.32885238937210975
39627859748193648,0.0,0.25,0.75,0.0,0.4056390622295664
39627865779602679,0.0,0.77,0.23,0.0,0.38900565177326885
39627835589005177,0.0,0.88,0.12,0.0,0.2646804326436822
39627847668598834,0.0,0.98,0.02,0.0,0.07072027127091034
39627847668600010,0.0,0.82,0.18,0.0,0.34003852286413994
39627853708397375,0.0,0.75,0.25,0.0,0.4056390622295664
39627853708397080,0.0,0.76,0.24,0.0,0.39752013969226113
39627841628802415,0.0,0.94,0.06,0.0,0.16372245957723813
39627877825646719,0.0,0.92,0.08,0.0,0.2010895951011364
39627871798430244,0.0,0.98,0.02,0.0,0.07072027127091034
39627871777460153,0.0,0.92,0.08,0.0,0.2010895951011364
39627877829838626,0.01,0.96,0.03,0.0,0.13737165703039006
39627877821449223,0.01,0.99,0.0,0.0,0.04039656794795559
39627841628802975,0.0,0.85,0.15,0.0,0.3049201523582002
39627877829839126,0.0,0.95,0.05,0.0,0.14319847855797813
39627877829837979,0.0,0.56,0.44,0.0,0.4947937606110278
39627877829838766,0.0,1.0,0.0,0.0,-0.0
39627877808869741,0.0,0.35,0.65,0.0,0.4670340276877455
39627877829837064,0.0,0.82,0.18,0.0,0.34003852286413994
39627841628802883,0.0,1.0,0.0,0.0,-0.0
39627859748193945,0.03,0.97,0.0,0.0,0.0971959289157881
39627859743999810,0.0,0.95,0.05,0.0,0.14319847855797813
