TARGETID,p_void,p_sheet,p_filament,p_knot,H
39633300993605737,0.0,0.88,0.12,0.0,0.2646804326436822
39633300989415117,0.0,0.13,0.87,0.0,0.2787190925139945
39633293741655168,0.0,0.98,0.02,0.0,0.07072027127091034
39633308149089719,0.0,1.0,0.0,0.0,-0.0
39633271432154790,0.0,0.47,0.53,0.0,0.4987007942838698
39633271432154863,0.0,0.88,0.12,0.0,0.2646804326436822
39633278935761064,0.0,0.8,0.2,0.0,0.36096404744368116
39633267686637893,0.0,0.74,0.26,0.0,0.4133731862463089
39633271436348020,0.0,0.01,0.85,0.14,0.33142210248480686
39633300955858947,0.0,0.48,0.52,0.0,0.4994227679976009
39633275219608161,0.0,0.74,0.26,0.0,0.4133731862463089
39633267665667894,0.0,0.01,0.99,0.0,0.04039656794795559
39633300955858661,0.0,0.58,0.42,0.0,0.49072694751682683
39633271453125687,0.0,0.78,0.22,0.0,0.38008375148098283
39633293691325643,0.03,0.96,0.01,0.0,0.13737165703039006
39633300951665418,0.0,0.65,0.35,0.0,0.4670340276877455
39633282677080339,0.0,0.95,0.05,0.0,0.14319847855797813
39633278948347703,0.0,0.3,0.7,0.0,0.44064544961534635
39633282677083019,0.0,0.19,0.81,0.0,0.3507357299419487
39633275190248993,0.0,0.17,0.83,0.0,0.32885238937210975
39633275190248997,0.0,0.35,0.65,0.0,0.4670340276877455
39633286380652190,0.0,0.84,0.16,0.0,0.3171547773202831
39633275207026501,0.0,0.25,0.75,0.0,0.4056390622295664
39633275202833526,0.0,0.25,0.75,0.0,0.4056390622295664
39633297369727560,0.0,0.6,0.4,0.0,0.4854752972273343
39633293720683881,0.0,0.09,0.91,0.0,0.21823490853205144
39633271444735588,0.0,0.17,0.83,0.0,0.32885238937210975
39633275198639416,0.0,0.46,0.54,0.0,0.49768921941011285
39633278931570006,0.0,0.02,0.98,0.0,0.07072027127091034
39633293703907882,0.0,0.0,0.99,0.01,0.04039656794795559
39633263865629136,0.0,0.64,0.36,0.0,0.4713415946277461
39633300976829228,0.0,0.0,0.92,0.08,0.2010895951011364
39633267682444006,0.0,0.06,0.94,0.0,0.16372245957723813
39633267682445362,0.0,0.53,0.47,0.0,0.4987007942838698
39633271469900580,0.0,0.01,0.99,0.0,0.04039656794795559
39633267674056468,0.0,0.77,0.23,0.0,0.38900565177326885
39633267674055364,0.0,0.45,0.55,0.0,0.49638722699390414
39633271469900415,0.0,1.0,0.0,0.0,-0.0
39633271469900332,0.0,0.77,0.23,0.0,0.38900565177326885
39633300972634251,0.0,0.99,0.01,0.0,0.04039656794795559
39633271469900324,0.0,0.42,0.58,0.0,0.49072694751682683
39633271469900180,0.0,0.27,0.73,0.0,0.42073231810408784
39633263865629765,0.0,0.89,0.11,0.0,0.249957979082264
39633271465708415,0.0,0.77,0.23,0.0,0.38900565177326885
39633271465708437,0.0,0.46,0.54,0.0,0.49768921941011285
39633271465708754,0.0,0.0,1.0,0.0,-0.0
39633267669862090,0.0,0.24,0.75,0.01,0.4359255858648683
39633271465709551,0.0,0.99,0.01,0.0,0.04039656794795559
39633271469899978,0.0,0.43,0.57,0.0,0.4929075185894599
39633271469900247,0.0,0.54,0.46,0.0,0.49768921941011285
39633267669863057,0.0,0.96,0.04,0.0,0.12114609454120741
39633263865629679,0.0,0.48,0.52,0.0,0.4994227679976009
39633267669863357,0.0,0.85,0.15,0.0,0.3049201523582002
39633267674055013,0.0,0.07,0.93,0.0,0.18296182545011158
39633300968443310,0.0,0.11,0.89,0.0,0.249957979082264
39633300972634158,0.0,0.84,0.16,0.0,0.3171547773202831
39633271469900128,0.0,0.49,0.51,0.0,0.49985572087640495
39633267686637673,0.0,0.36,0.64,0.0,0.4713415946277461
39633275190249927,0.0,0.5,0.5,0.0,0.5
39633263869822228,0.0,0.15,0.85,0.0,0.3049201523582002
39633271448929353,0.01,0.96,0.03,0.0,0.13737165703039006
39633271448929133,0.0,0.04,0.94,0.02,0.19127133459887283
39633271448929105,0.0,0.2,0.8,0.0,0.36096404744368116
39633297365534272,0.0,0.18,0.82,0.0,0.34003852286413994
39633275198638705,0.0,0.07,0.92,0.01,0.22283217282912027
39633297365535246,0.0,0.46,0.54,0.0,0.49768921941011285
39633263869822500,0.0,0.02,0.98,0.0,0.07072027127091034
39633271440542852,0.0,0.84,0.16,0.0,0.3171547773202831
39633271440539918,0.0,0.0,1.0,0.0,-0.0
39633271440539799,0.0,0.98,0.02,0.0,0.07072027127091034
39633263869822494,0.0,0.04,0.96,0.0,0.12114609454120741
39633297365535273,0.0,0.06,0.94,0.0,0.16372245957723813
39633263869822426,0.0,0.11,0.89,0.0,0.249957979082264
39633300968442058,0.0,0.12,0.88,0.0,0.2646804326436822
39633263874015283,0.0,1.0,0.0,0.0,-0.0
39633271448930931,0.0,0.11,0.89,0.0,0.249957979082264
39633271448930899,0.0,0.87,0.13,0.0,0.2787190925139945
39633263865629891,0.0,0.82,0.18,0.0,0.34003852286413994
39633271448930878,0.0,0.01,0.99,0.0,0.04039656794795559
39633263869822289,0.0,0.98,0.02,0.0,0.07072027127091034
39633271448930782,0.0,0.81,0.19,0.0,0.3507357299419487
39633286368069928,0.0,0.58,0.42,0.0,0.49072694751682683
39633304550378583,0.0,0.67,0.33,0.0,0.4574631863898637
39633263869824238,0.0,1.0,0.0,0.0,-0.0
39633275198638315,0.0,0.05,0.95,0.0,0.14319847855797813
39633267669861556,0.0,0.0,0.99,0.01,0.04039656794795559
39633267669861463,0.0,0.17,0.83,0.0,0.32885238937210975
39633290050669443,0.0,0.39,0.61,0.0,0.4823997742525436
39633290054860822,0.0,0.13,0.87,0.0,0.2787190925139945
39633297340368324,0.0,0.15,0.85,0.0,0.3049201523582002
39633290054861419,0.0,0.96,0.04,0.0,0.12114609454120741
39633297340368322,0.0,0.8,0.2,0.0,0.36096404744368116
39633297340368274,0.0,0.06,0.94,0.0,0.16372245957723813
39633304571349473,0.0,0.88,0.12,0.0,0.2646804326436822
39633290071638253,0.0,0.74,0.26,0.0,0.4133731862463089
39633297340367158,0.0,0.36,0.64,0.0,0.4713415946277461
39633297340367129,0.0,0.96,0.04,0.0,0.12114609454120741
39633263865628814,0.0,0.57,0.43,0.0,0.4929075185894599
39633300955857307,0.0,0.65,0.35,0.0,0.4670340276877455
39633263865627546,0.0,0.15,0.85,0.0,0.3049201523582002
39633271453125236,0.0,0.79,0.21,0.0,0.37074136996563684
39633263865627084,0.0,0.13,0.87,0.0,0.2787190925139945
39633263865627237,0.0,0.98,0.02,0.0,0.07072027127091034
39633290050667388,0.0,0.08,0.92,0.0,0.2010895951011364
39633263865627344,0.0,0.52,0.48,0.0,0.4994227679976009
39633271457319351,0.0,0.08,0.92,0.0,0.2010895951011364
39633271457319717,0.09,0.91,0.0,0.0,0.21823490853205144
39633271457319720,0.0,0.98,0.02,0.0,0.07072027127091034
39633271465707657,0.0,0.29,0.71,0.0,0.43436062316970225
39633271453125726,0.0,0.55,0.45,0.0,0.49638722699390414
39633300968442026,0.0,0.74,0.26,0.0,0.4133731862463089
39633297344561383,0.0,0.03,0.95,0.02,0.1674722434193448
39633267669861367,0.0,0.33,0.67,0.0,0.4574631863898637
39633267669861294,0.0,0.52,0.48,0.0,0.4994227679976009
39633267669861284,0.0,0.0,0.95,0.05,0.14319847855797813
39633297361339330,0.0,0.34,0.66,0.0,0.46240935248651505
39633304562961707,0.0,0.92,0.08,0.0,0.2010895951011364
39633271453123572,0.0,0.08,0.92,0.0,0.2010895951011364
39633304567153536,0.0,0.83,0.17,0.0,0.32885238937210975
39633297348757363,0.0,0.43,0.57,0.0,0.4929075185894599
39633304567154236,0.0,0.63,0.37,0.0,0.47533604634353294
39633304567154758,0.0,0.91,0.09,0.0,0.21823490853205144
39633304567154813,0.0,0.07,0.93,0.0,0.18296182545011158
39633267665668313,0.0,0.94,0.06,0.0,0.16372245957723813
39633297361340260,0.0,0.88,0.12,0.0,0.2646804326436822
39633304571347600,0.0,0.38,0.62,0.0,0.47902101111314976
39633263865629483,0.0,0.97,0.03,0.0,0.0971959289157881
39633300951664761,0.0,0.92,0.08,0.0,0.2010895951011364
39633297344562659,0.0,0.82,0.18,0.0,0.34003852286413994
39633297344562789,0.0,0.66,0.34,0.0,0.46240935248651505
39633271453125189,0.0,0.14,0.86,0.0,0.292119405821428
39633304571347878,0.0,0.75,0.25,0.0,0.4056390622295664
39633267661474183,0.0,0.26,0.74,0.0,0.4133731862463089
39633297348757448,0.0,0.9,0.1,0.0,0.2344977967946406
39633297348757447,0.0,0.06,0.94,0.0,0.16372245957723813
39633297361340333,0.0,0.11,0.89,0.0,0.249957979082264
39633263869823045,0.0,0.12,0.88,0.0,0.2646804326436822
39633293712295596,0.0,0.32,0.68,0.0,0.45219072886224687
39633275215413851,0.0,0.01,0.99,0.0,0.04039656794795559
39633275215414763,0.0,0.39,0.61,0.0,0.4823997742525436
39633275215414896,0.0,0.76,0.24,0.0,0.39752013969226113
39633293720685381,0.0,0.51,0.49,0.0,0.49985572087640495
39633282693858832,0.0,0.53,0.47,0.0,0.4987007942838698
39633275215415341,0.0,0.02,0.98,0.0,0.07072027127091034
39633282681277646,0.0,0.0,0.95,0.05,0.14319847855797813
39633282681277591,0.0,0.0,0.98,0.02,0.07072027127091034
39633293703907766,0.0,0.43,0.57,0.0,0.4929075185894599
39633275215415124,0.0,0.09,0.91,0.0,0.21823490853205144
39633293720685386,0.0,0.25,0.75,0.0,0.4056390622295664
39633275215414361,0.0,0.17,0.83,0.0,0.32885238937210975
39633275215413827,0.0,0.53,0.47,0.0,0.4987007942838698
39633275215413838,0.0,0.37,0.63,0.0,0.47533604634353294
39633290046472222,0.0,0.04,0.96,0.0,0.12114609454120741
39633278973510568,0.0,0.55,0.45,0.0,0.49638722699390414
39633275215414439,0.0,0.18,0.82,0.0,0.34003852286413994
39633275215413859,0.0,0.08,0.92,0.0,0.2010895951011364
39633275215413910,0.0,0.68,0.32,0.0,0.45219072886224687
39633293720685835,0.0,0.21,0.79,0.0,0.37074136996563684
39633293716488825,0.0,0.12,0.88,0.0,0.2646804326436822
39633300985218303,0.0,0.07,0.93,0.0,0.18296182545011158
39633275215414336,0.0,0.49,0.51,0.0,0.49985572087640495
39633278944152072,0.0,0.96,0.04,0.0,0.12114609454120741
39633282689664376,0.03,0.95,0.02,0.0,0.1674722434193448
39633300985218858,0.0,1.0,0.0,0.0,-0.0
39633282681276575,0.0,0.38,0.62,0.0,0.47902101111314976
39633282681275634,0.0,0.4,0.6,0.0,0.4854752972273343
39633293720683769,0.0,0.01,0.96,0.03,0.13737165703039006
39633282651917450,0.01,0.99,0.0,0.0,0.04039656794795559
39633293720683637,0.0,0.98,0.02,0.0,0.07072027127091034
39633293720683480,0.0,0.19,0.81,0.0,0.3507357299419487
39633293720683599,0.0,0.58,0.42,0.0,0.49072694751682683
39633290046472538,0.0,0.06,0.94,0.0,0.16372245957723813
39633290046472519,0.0,0.5,0.5,0.0,0.5
39633290042281079,0.0,0.73,0.27,0.0,0.42073231810408784
39633290046472228,0.0,0.05,0.95,0.0,0.14319847855797813
39633290042280981,0.0,0.35,0.65,0.0,0.4670340276877455
39633282651917324,0.0,0.98,0.02,0.0,0.07072027127091034
39633282693857840,0.0,0.91,0.09,0.0,0.21823490853205144
39633290042278234,0.0,0.12,0.88,0.0,0.2646804326436822
39633290042278326,0.0,0.01,0.97,0.02,0.11097036642660543
39633278944152030,0.0,0.65,0.35,0.0,0.4670340276877455
39633290042278425,0.0,0.91,0.09,0.0,0.21823490853205144
39633300985218550,0.0,0.08,0.9,0.02,0.2705942015390087
39633282693859773,0.0,1.0,0.0,0.0,-0.0
39633282681277184,0.0,0.7,0.3,0.0,0.44064544961534635
39633282693857744,0.0,0.53,0.47,0.0,0.4987007942838698
39633282656109741,0.0,0.33,0.67,0.0,0.4574631863898637
39633282681277164,0.0,0.61,0.39,0.0,0.4823997742525436
39633282689663177,0.0,0.0,1.0,0.0,-0.0
39633282681274522,0.0,0.88,0.12,0.0,0.2646804326436822
39633282681274668,0.0,0.07,0.93,0.0,0.18296182545011158
39633290029698275,0.0,0.97,0.03,0.0,0.0971959289157881
39633293703908507,0.0,0.32,0.68,0.0,0.45219072886224687
39633290042281102,0.0,1.0,0.0,0.0,-0.0
39633293703908862,0.0,0.96,0.04,0.0,0.12114609454120741
39633278935762450,0.0,0.47,0.53,0.0,0.4987007942838698
39633278935762289,0.0,0.11,0.89,0.0,0.249957979082264
39633293703908593,0.0,0.29,0.71,0.0,0.43436062316970225
39633278952540900,0.0,0.21,0.79,0.0,0.37074136996563684
39633293724878324,0.0,0.14,0.86,0.0,0.292119405821428
39633293716489642,0.0,0.69,0.31,0.0,0.4465867291889284
39633278952540983,0.0,0.94,0.06,0.0,0.16372245957723813
39633278952540986,0.0,0.1,0.9,0.0,0.2344977967946406
39633282672885965,0.0,0.43,0.57,0.0,0.4929075185894599
39633282693860167,0.0,0.96,0.04,0.0,0.12114609454120741
39633282660304262,0.0,0.0,1.0,0.0,-0.0
39633278931570090,0.0,0.09,0.91,0.0,0.21823490853205144
39633282693860165,0.0,0.52,0.48,0.0,0.4994227679976009
39633278931569822,0.01,0.91,0.08,0.0,0.24088153359695552
39633286393234177,0.0,0.05,0.95,0.0,0.14319847855797813
39633293699714529,0.0,0.0,1.0,0.0,-0.0
39633278931567563,0.0,0.85,0.15,0.0,0.3049201523582002
39633300972635387,0.0,0.23,0.77,0.0,0.38900565177326885
39633278935762470,0.0,0.29,0.71,0.0,0.43436062316970225
39633282664498612,0.0,0.29,0.71,0.0,0.43436062316970225
39633282660305925,0.0,0.2,0.8,0.0,0.36096404744368116
39633282685470586,0.0,0.3,0.7,0.0,0.44064544961534635
39633282660304518,0.0,0.15,0.85,0.0,0.3049201523582002
39633278931569646,0.0,0.63,0.37,0.0,0.47533604634353294
39633286351292962,0.0,0.4,0.6,0.0,0.4854752972273343
39633282677080630,0.0,0.08,0.92,0.0,0.2010895951011364
39633282685469000,0.0,0.52,0.48,0.0,0.4994227679976009
39633278965123308,0.0,0.88,0.12,0.0,0.2646804326436822
39633282660303299,0.0,0.72,0.28,0.0,0.4277254052800653
39633282685469980,0.0,0.27,0.73,0.0,0.42073231810408784
39633282660303644,0.0,0.06,0.94,0.0,0.16372245957723813
39633278969317236,0.0,0.93,0.07,0.0,0.18296182545011158
39633290029697371,0.0,0.66,0.34,0.0,0.46240935248651505
39633278960929747,0.0,0.01,0.99,0.0,0.04039656794795559
39633282656112017,0.0,0.2,0.8,0.0,0.36096404744368116
39633282685470746,0.0,0.2,0.8,0.0,0.36096404744368116
39633282660304725,0.0,0.12,0.88,0.0,0.2646804326436822
39633282656111856,0.0,0.93,0.07,0.0,0.18296182545011158
39633282656111868,0.0,0.47,0.53,0.0,0.4987007942838698
39633282660305807,0.0,0.04,0.96,0.0,0.12114609454120741
39633282660305773,0.0,0.89,0.11,0.0,0.249957979082264
39633282660305677,0.0,0.43,0.57,0.0,0.4929075185894599
39633282656109436,0.0,0.97,0.03,0.0,0.0971959289157881
39633282656111889,0.0,0.68,0.32,0.0,0.45219072886224687
39633282660303796,0.0,0.12,0.88,0.0,0.2646804326436822
39633282656109546,0.0,0.09,0.91,0.0,0.21823490853205144
39633282656111116,0.0,0.22,0.78,0.0,0.38008375148098283
39633282656111068,0.0,0.0,1.0,0.0,-0.0
39633282660303358,0.0,0.14,0.86,0.0,0.292119405821428
39633282660303840,0.0,0.04,0.96,0.0,0.12114609454120741
39633282660303889,0.0,0.52,0.48,0.0,0.4994227679976009
39633282656111125,0.0,0.13,0.87,0.0,0.2787190925139945
39633282656111133,0.0,0.23,0.77,0.0,0.38900565177326885
39633286363876061,0.0,0.87,0.13,0.0,0.2787190925139945
39633282656111138,0.0,0.11,0.89,0.0,0.249957979082264
39633282660304438,0.02,0.97,0.01,0.0,0.11097036642660543
39633282656111520,0.0,0.05,0.94,0.01,0.1832231322266888
39633282656109669,0.0,0.51,0.49,0.0,0.49985572087640495
39633282656109643,0.0,0.89,0.11,0.0,0.249957979082264
39633282660303723,0.0,0.12,0.88,0.0,0.2646804326436822
39633282656111783,0.0,0.32,0.68,0.0,0.45219072886224687
39633282656109617,0.0,0.08,0.92,0.0,0.2010895951011364
39633282656109497,0.0,0.9,0.1,0.0,0.2344977967946406
39633275198639408,0.0,0.21,0.79,0.0,0.37074136996563684
39633271453123324,0.0,0.65,0.35,0.0,0.4670340276877455
39633282656109382,0.0,0.25,0.75,0.0,0.4056390622295664
39633271465706339,0.0,0.17,0.83,0.0,0.32885238937210975
39633271461512168,0.0,0.22,0.78,0.0,0.38008375148098283
39633271461512147,0.0,0.83,0.17,0.0,0.32885238937210975
39633271461512065,0.0,0.75,0.25,0.0,0.4056390622295664
39633271461511481,0.0,0.66,0.34,0.0,0.46240935248651505
39633271461511405,0.0,0.01,0.99,0.0,0.04039656794795559
39633271461511325,0.0,0.3,0.7,0.0,0.44064544961534635
39633271457320595,0.0,0.11,0.89,0.0,0.249957979082264
39633278960929007,0.0,0.0,1.0,0.0,-0.0
39633271457319205,0.0,0.32,0.68,0.0,0.45219072886224687
39633271457317233,0.0,0.83,0.17,0.0,0.32885238937210975
39633271453125451,0.0,0.49,0.51,0.0,0.49985572087640495
39633282685471884,0.0,0.31,0.69,0.0,0.4465867291889284
39633278969316016,0.0,0.0,0.99,0.01,0.04039656794795559
39633271465706581,0.0,0.12,0.88,0.0,0.2646804326436822
39633278969316867,0.0,0.69,0.31,0.0,0.4465867291889284
39633271465706588,0.0,0.98,0.02,0.0,0.07072027127091034
39633290050667271,0.0,0.71,0.29,0.0,0.43436062316970225
39633290050666982,0.0,0.01,0.99,0.0,0.04039656794795559
39633290050666720,0.0,0.49,0.51,0.0,0.49985572087640495
39633290046475414,0.0,0.08,0.92,0.0,0.2010895951011364
39633278960928801,0.0,0.36,0.64,0.0,0.4713415946277461
39633290046475227,0.0,0.12,0.88,0.0,0.2646804326436822
39633290046475057,0.0,0.12,0.87,0.01,0.30414992414989617
39633308140702487,0.0,1.0,0.0,0.0,-0.0
39633308140700942,0.0,0.0,0.99,0.01,0.04039656794795559
39633271465708113,0.0,0.36,0.64,0.0,0.4713415946277461
39633282685472212,0.0,0.82,0.18,0.0,0.34003852286413994
39633282685471968,0.0,0.64,0.36,0.0,0.4713415946277461
39633282656109392,0.0,0.01,0.99,0.0,0.04039656794795559
39633278969317104,0.0,0.35,0.65,0.0,0.4670340276877455
39633308140700186,0.0,0.99,0.01,0.0,0.04039656794795559
39633271453123795,0.0,0.67,0.33,0.0,0.4574631863898637
39633271453123373,0.0,0.4,0.6,0.0,0.4854752972273343
39633271453123352,0.0,0.56,0.44,0.0,0.4947937606110278
39633271453123165,0.0,0.82,0.18,0.0,0.34003852286413994
39633271453123075,0.0,0.0,1.0,0.0,-0.0
39633271453123051,0.0,0.0,0.99,0.01,0.04039656794795559
39633271453123008,0.0,0.1,0.9,0.0,0.2344977967946406
39633282647723503,0.0,0.64,0.36,0.0,0.4713415946277461
39633271453122984,0.0,0.34,0.66,0.0,0.46240935248651505
39633282685470884,0.0,0.01,0.99,0.0,0.04039656794795559
39633282651914892,0.0,0.41,0.59,0.0,0.488250234378912
39633282651916493,0.0,0.46,0.54,0.0,0.49768921941011285
39633282651916684,0.0,0.42,0.58,0.0,0.49072694751682683
39633282685470754,0.0,0.82,0.18,0.0,0.34003852286413994
39633282656109225,0.0,0.81,0.19,0.0,0.3507357299419487
39633271453123806,0.0,0.29,0.71,0.0,0.43436062316970225
39633278969317202,0.0,0.2,0.8,0.0,0.36096404744368116
39633271453123840,0.0,0.11,0.89,0.0,0.249957979082264
39633271453123852,0.0,0.18,0.82,0.0,0.34003852286413994
39633278969317375,0.0,1.0,0.0,0.0,-0.0
39633278969317392,0.0,0.81,0.19,0.0,0.3507357299419487
39633278969317808,0.0,0.0,0.96,0.04,0.12114609454120741
39633278969319185,0.0,0.84,0.16,0.0,0.3171547773202831
39633278973511097,0.0,0.92,0.08,0.0,0.2010895951011364
39633278973511103,0.0,0.9,0.1,0.0,0.2344977967946406
39633282685471571,0.0,0.04,0.95,0.01,0.16124668093016215
39633278973511213,0.0,0.0,0.98,0.02,0.07072027127091034
39633278973511355,0.0,0.84,0.16,0.0,0.3171547773202831
39633271453125024,0.0,0.36,0.64,0.0,0.4713415946277461
39633282647722638,0.0,0.63,0.37,0.0,0.47533604634353294
39633271453124914,0.02,0.98,0.0,0.0,0.07072027127091034
39633271453124597,0.0,0.2,0.8,0.0,0.36096404744368116
39633271453123996,0.0,0.16,0.84,0.0,0.3171547773202831
39633271453123843,0.0,0.9,0.1,0.0,0.2344977967946406
39633282660306915,0.0,0.05,0.94,0.01,0.1832231322266888
39633267665669543,0.0,0.44,0.56,0.0,0.4947937606110278
39633282664498764,0.0,0.68,0.32,0.0,0.45219072886224687
39633271448930055,0.0,0.1,0.9,0.0,0.2344977967946406
39633271448930004,0.0,0.77,0.23,0.0,0.38900565177326885
39633282681277802,0.0,0.02,0.98,0.0,0.07072027127091034
39633282685468970,0.0,0.01,0.98,0.01,0.08072027127091033
39633271436345406,0.0,0.87,0.13,0.0,0.2787190925139945
39633271436345446,0.0,0.53,0.47,0.0,0.4987007942838698
39633271448930066,0.0,0.89,0.11,0.0,0.249957979082264
39633271436345517,0.0,0.19,0.81,0.0,0.3507357299419487
39633271436346234,0.0,0.52,0.48,0.0,0.4994227679976009
39633271436346260,0.0,0.04,0.96,0.0,0.12114609454120741
39633271436346334,0.0,0.02,0.98,0.0,0.07072027127091034
39633271436346407,0.0,0.15,0.85,0.0,0.3049201523582002
39633271436345522,0.0,0.1,0.9,0.0,0.2344977967946406
39633271448930068,0.0,0.0,0.99,0.01,0.04039656794795559
39633271448930130,0.0,0.88,0.12,0.0,0.2646804326436822
39633271448930337,0.0,0.23,0.77,0.0,0.38900565177326885
39633282681277294,0.0,0.0,0.96,0.04,0.12114609454120741
39633271448930952,0.0,0.0,1.0,0.0,-0.0
39633271448930939,0.0,0.05,0.95,0.0,0.14319847855797813
39633271448930890,0.0,0.04,0.96,0.0,0.12114609454120741
39633282681277670,0.0,0.0,0.98,0.02,0.07072027127091034
39633271448930829,0.0,0.35,0.65,0.0,0.4670340276877455
39633271448930821,0.0,0.04,0.96,0.0,0.12114609454120741
39633271448930799,0.0,0.96,0.04,0.0,0.12114609454120741
39633282681277691,0.0,0.7,0.3,0.0,0.44064544961534635
39633271448930734,0.0,0.38,0.62,0.0,0.47902101111314976
39633282681277708,0.0,0.01,0.99,0.0,0.04039656794795559
39633271448930592,0.0,0.25,0.75,0.0,0.4056390622295664
39633271448930565,0.0,0.01,0.92,0.07,0.22283217282912027
39633271448930552,0.0,0.72,0.28,0.0,0.4277254052800653
39633271436346601,0.0,0.55,0.45,0.0,0.49638722699390414
39633271436347359,0.0,0.14,0.86,0.0,0.292119405821428
39633271436348323,0.0,0.16,0.84,0.0,0.3171547773202831
39633271448928581,0.0,0.51,0.49,0.0,0.49985572087640495
39633271448928752,0.0,0.35,0.65,0.0,0.4670340276877455
39633271448928851,0.0,0.18,0.82,0.0,0.34003852286413994
39633271448928860,0.0,0.2,0.8,0.0,0.36096404744368116
39633271448928971,0.0,0.45,0.55,0.0,0.49638722699390414
39633282685470576,0.0,0.5,0.5,0.0,0.5
39633282685470647,0.0,0.88,0.12,0.0,0.2646804326436822
39633271448929350,0.0,0.24,0.76,0.0,0.39752013969226113
39633282685470660,0.0,0.44,0.56,0.0,0.4947937606110278
39633282685470662,0.0,0.99,0.01,0.0,0.04039656794795559
39633271448929410,0.0,0.99,0.01,0.0,0.04039656794795559
39633271448929581,0.0,0.03,0.97,0.0,0.0971959289157881
39633271448929604,0.0,0.77,0.23,0.0,0.38900565177326885
39633271448931031,0.0,0.0,1.0,0.0,-0.0
39633271448928366,0.0,0.07,0.93,0.0,0.18296182545011158
39633271444738184,0.0,0.08,0.9,0.02,0.2705942015390087
39633271436349251,0.0,0.17,0.83,0.0,0.32885238937210975
39633282685469643,0.0,0.0,1.0,0.0,-0.0
39633282685470431,0.0,0.53,0.47,0.0,0.4987007942838698
39633271440540154,0.0,0.73,0.27,0.0,0.42073231810408784
39633271440540263,0.0,0.01,0.99,0.0,0.04039656794795559
39633271440541179,0.01,0.99,0.0,0.0,0.04039656794795559
39633271440541253,0.0,0.1,0.9,0.0,0.2344977967946406
39633271440542223,0.0,0.05,0.95,0.0,0.14319847855797813
39633271440542357,0.0,0.4,0.6,0.0,0.4854752972273343
39633271444735432,0.0,0.78,0.22,0.0,0.38008375148098283
39633282685470536,0.0,0.09,0.91,0.0,0.21823490853205144
39633271448928340,0.0,0.49,0.51,0.0,0.49985572087640495
39633282681277187,0.0,0.28,0.72,0.0,0.4277254052800653
39633271448931091,0.0,0.75,0.25,0.0,0.4056390622295664
39633267665669595,0.0,0.79,0.21,0.0,0.37074136996563684
39633267665669699,0.0,0.1,0.9,0.0,0.2344977967946406
39633267669860380,0.0,0.59,0.41,0.0,0.488250234378912
39633267669860511,0.0,0.62,0.38,0.0,0.47902101111314976
39633267669860696,0.0,0.86,0.14,0.0,0.292119405821428
39633282677082028,0.0,0.01,0.97,0.02,0.11097036642660543
39633282677082190,0.0,0.0,1.0,0.0,-0.0
39633267669860850,0.0,0.0,0.89,0.11,0.249957979082264
39633267669860896,0.0,0.05,0.95,0.0,0.14319847855797813
39633282677082992,0.0,0.46,0.54,0.0,0.49768921941011285
39633267669861093,0.0,0.08,0.92,0.0,0.2010895951011364
39633282677083227,0.0,0.01,0.99,0.0,0.04039656794795559
39633282677080715,0.0,0.5,0.5,0.0,0.5
39633308144894179,0.0,0.29,0.71,0.0,0.43436062316970225
39633282664499638,0.0,0.23,0.77,0.0,0.38900565177326885
39633271453122983,0.0,0.09,0.91,0.0,0.21823490853205144
39633271453122942,0.0,0.27,0.73,0.0,0.42073231810408784
39633271448931600,0.0,0.13,0.87,0.0,0.2787190925139945
39633267661472092,0.0,0.78,0.22,0.0,0.38008375148098283
39633282664500650,0.0,0.85,0.15,0.0,0.3049201523582002
39633282668694402,0.0,1.0,0.0,0.0,-0.0
39633282668694525,0.0,0.16,0.84,0.0,0.3171547773202831
39633267665668079,0.0,0.9,0.1,0.0,0.2344977967946406
39633267665668236,0.0,0.73,0.27,0.0,0.42073231810408784
39633267665668374,0.0,0.62,0.38,0.0,0.47902101111314976
39633267665668832,0.0,0.46,0.54,0.0,0.49768921941011285
39633267665668914,0.0,0.02,0.94,0.04,0.1912713345988728
39633267665669327,0.0,0.98,0.02,0.0,0.07072027127091034
39633267665669549,0.0,0.3,0.69,0.01,0.4784535679576163
39633282660306942,0.0,0.67,0.33,0.0,0.4574631863898637
39633267669861109,0.0,0.62,0.38,0.0,0.47902101111314976
39633267669861203,0.0,0.78,0.22,0.0,0.38008375148098283
39633267674054813,0.0,0.79,0.21,0.0,0.37074136996563684
39633267674054850,0.0,0.11,0.89,0.0,0.249957979082264
39633267674054934,0.0,0.31,0.69,0.0,0.4465867291889284
39633282681276879,0.0,0.9,0.1,0.0,0.2344977967946406
39633282681276887,0.0,0.0,1.0,0.0,-0.0
39633282681276973,0.0,0.0,0.99,0.01,0.04039656794795559
39633282681276996,0.0,0.66,0.34,0.0,0.46240935248651505
39633271448931381,0.0,0.08,0.92,0.0,0.2010895951011364
39633271448931379,0.0,0.18,0.82,0.0,0.34003852286413994
39633271448931302,0.0,0.04,0.96,0.0,0.12114609454120741
39633271448931249,0.0,0.43,0.57,0.0,0.4929075185894599
39633271448931232,0.0,0.43,0.57,0.0,0.4929075185894599
39633271448931197,0.0,0.38,0.62,0.0,0.47902101111314976
39633271448931171,0.0,0.75,0.25,0.0,0.4056390622295664
39633271448931140,0.0,0.01,0.99,0.0,0.04039656794795559
39633271448931131,0.0,0.0,0.96,0.04,0.12114609454120741
39633267669861124,0.0,0.05,0.95,0.0,0.14319847855797813
39633267669863664,0.0,0.0,0.99,0.01,0.04039656794795559
39633282681276640,0.0,0.03,0.9,0.07,0.2785623417561752
39633282681274447,0.0,0.96,0.04,0.0,0.12114609454120741
39633267669861211,0.0,0.75,0.25,0.0,0.4056390622295664
39633267669861216,0.0,0.26,0.74,0.0,0.4133731862463089
39633267669861228,0.0,0.68,0.32,0.0,0.45219072886224687
39633267669861300,0.0,0.0,1.0,0.0,-0.0
39633267669861414,0.0,0.48,0.52,0.0,0.4994227679976009
39633267669861417,0.0,0.42,0.58,0.0,0.49072694751682683
39633282681275667,0.0,0.0,1.0,0.0,-0.0
39633267669861914,0.0,0.89,0.11,0.0,0.249957979082264
39633267669862077,0.0,0.26,0.74,0.0,0.4133731862463089
39633282681275685,0.0,0.04,0.96,0.0,0.12114609454120741
39633267669862326,0.0,0.77,0.23,0.0,0.38900565177326885
39633267669862711,0.0,0.98,0.02,0.0,0.07072027127091034
39633282681275740,0.0,0.93,0.07,0.0,0.18296182545011158
39633267669863109,0.0,0.58,0.42,0.0,0.49072694751682683
39633267669863251,0.0,0.98,0.02,0.0,0.07072027127091034
39633278960928456,0.0,0.0,0.99,0.01,0.04039656794795559
39633278960928112,0.0,0.29,0.71,0.0,0.43436062316970225
39633275219610206,0.0,0.02,0.91,0.07,0.2526241113249394
39633293699711040,0.0,0.0,0.99,0.01,0.04039656794795559
39633275219610310,0.0,0.15,0.85,0.0,0.3049201523582002
39633293699711135,0.0,0.92,0.08,0.0,0.2010895951011364
39633275219610487,0.01,0.86,0.13,0.0,0.31810566868628926
39633275219610504,0.0,0.31,0.69,0.0,0.4465867291889284
39633290046474501,0.0,0.43,0.57,0.0,0.4929075185894599
39633290046474091,0.0,0.05,0.95,0.0,0.14319847855797813
39633290046473944,0.0,0.45,0.55,0.0,0.49638722699390414
39633290046473831,0.0,0.05,0.94,0.01,0.1832231322266888
39633290046474928,0.0,0.04,0.96,0.0,0.12114609454120741
39633290046472778,0.0,0.99,0.01,0.0,0.04039656794795559
39633293695517619,0.0,0.97,0.03,0.0,0.0971959289157881
39633275219608377,0.0,0.09,0.91,0.0,0.21823490853205144
39633275219608535,0.0,0.22,0.78,0.0,0.38008375148098283
39633275219609021,0.0,0.17,0.83,0.0,0.32885238937210975
39633275219609071,0.0,0.41,0.59,0.0,0.488250234378912
39633290071640652,0.0,0.05,0.95,0.0,0.14319847855797813
39633275219609114,0.0,0.99,0.01,0.0,0.04039656794795559
39633275219609241,0.0,0.19,0.81,0.0,0.3507357299419487
39633275219610079,0.0,0.86,0.14,0.0,0.292119405821428
39633275219610104,0.0,0.06,0.94,0.0,0.16372245957723813
39633275219610121,0.0,0.65,0.35,0.0,0.4670340276877455
39633293695516825,0.0,0.86,0.14,0.0,0.292119405821428
39633293695516941,0.0,0.92,0.08,0.0,0.2010895951011364
39633293695516947,0.0,0.1,0.9,0.0,0.2344977967946406
39633293695517079,0.0,0.64,0.36,0.0,0.4713415946277461
39633275219610001,0.0,0.89,0.11,0.0,0.249957979082264
39633290046472572,0.0,0.04,0.96,0.0,0.12114609454120741
39633290033892307,0.01,0.99,0.0,0.0,0.04039656794795559
39633290033892214,0.0,0.94,0.06,0.0,0.16372245957723813
39633290033892093,0.0,0.41,0.59,0.0,0.488250234378912
39633290033891959,0.0,0.15,0.85,0.0,0.3049201523582002
39633290033891844,0.0,0.38,0.62,0.0,0.47902101111314976
39633290033891399,0.0,0.25,0.75,0.0,0.4056390622295664
39633290038085809,0.0,0.12,0.88,0.0,0.2646804326436822
39633286351293955,0.0,0.01,0.99,0.0,0.04039656794795559
39633286351293813,0.0,0.74,0.26,0.0,0.4133731862463089
39633286351293594,0.0,0.86,0.14,0.0,0.292119405821428
39633278927372793,0.0,0.14,0.86,0.0,0.292119405821428
39633278927372874,0.0,0.01,0.88,0.11,0.28950944366190023
39633278927373042,0.0,0.88,0.12,0.0,0.2646804326436822
39633286351293525,0.0,0.9,0.1,0.0,0.2344977967946406
39633290033890886,0.0,0.65,0.35,0.0,0.4670340276877455
39633290038085930,0.0,0.12,0.88,0.0,0.2646804326436822
39633290038087270,0.0,0.21,0.79,0.0,0.37074136996563684
39633290042280010,0.0,0.88,0.12,0.0,0.2646804326436822
39633290042279810,0.0,0.44,0.56,0.0,0.4947937606110278
39633290042279785,0.0,0.03,0.97,0.0,0.0971959289157881
39633290042279744,0.0,0.13,0.87,0.0,0.2787190925139945
39633290042279728,0.0,0.76,0.24,0.0,0.39752013969226113
39633290042279505,0.0,0.02,0.98,0.0,0.07072027127091034
39633290042278736,0.0,0.1,0.9,0.0,0.2344977967946406
39633290042278568,0.0,0.48,0.52,0.0,0.4994227679976009
39633290042278496,0.0,0.13,0.87,0.0,0.2787190925139945
39633290042278481,0.0,0.09,0.91,0.0,0.21823490853205144
39633290042278071,0.0,0.18,0.82,0.0,0.34003852286413994
39633290042277989,0.0,0.96,0.04,0.0,0.12114609454120741
39633290038087601,0.0,0.37,0.63,0.0,0.47533604634353294
39633290038087581,0.0,1.0,0.0,0.0,-0.0
39633278927373151,0.05,0.95,0.0,0.0,0.14319847855797813
39633275215416138,0.0,0.2,0.8,0.0,0.36096404744368116
39633290071638183,0.0,0.94,0.06,0.0,0.16372245957723813
39633275207027803,0.0,0.37,0.63,0.0,0.47533604634353294
39633275207028014,0.0,0.65,0.35,0.0,0.4670340276877455
39633275207028029,0.0,0.3,0.7,0.0,0.44064544961534635
39633275211219037,0.0,0.0,0.81,0.19,0.3507357299419487
39633275211219098,0.0,0.23,0.77,0.0,0.38900565177326885
39633275190248550,0.0,0.9,0.1,0.0,0.2344977967946406
39633275207027738,0.0,0.53,0.47,0.0,0.4987007942838698
39633275211219322,0.0,0.2,0.8,0.0,0.36096404744368116
39633275211219343,0.0,0.24,0.76,0.0,0.39752013969226113
39633275211219400,0.0,0.7,0.3,0.0,0.44064544961534635
39633275211219745,0.0,0.0,0.94,0.06,0.16372245957723813
39633275211220578,0.0,0.71,0.29,0.0,0.43436062316970225
39633275211219326,0.0,0.05,0.95,0.0,0.14319847855797813
39633275211220613,0.0,0.04,0.96,0.0,0.12114609454120741
39633275207025975,0.0,0.92,0.08,0.0,0.2010895951011364
39633275198639509,0.0,0.36,0.64,0.0,0.4713415946277461
39633275198639523,0.0,0.01,0.99,0.0,0.04039656794795559
39633275198639588,0.0,0.95,0.05,0.0,0.14319847855797813
39633275198639945,0.0,0.46,0.54,0.0,0.49768921941011285
39633275198640038,0.0,0.43,0.57,0.0,0.4929075185894599
39633286368070176,0.0,0.03,0.97,0.0,0.0971959289157881
39633275207027372,0.0,0.87,0.13,0.0,0.2787190925139945
39633286363873610,0.0,0.02,0.98,0.0,0.07072027127091034
39633275198636735,0.0,0.35,0.65,0.0,0.4670340276877455
39633286368068336,0.0,0.3,0.7,0.0,0.44064544961534635
39633286368068214,0.0,0.98,0.02,0.0,0.07072027127091034
39633275207025943,0.0,0.53,0.47,0.0,0.4987007942838698
39633275190250239,0.0,0.85,0.15,0.0,0.3049201523582002
39633275211220708,0.0,0.55,0.45,0.0,0.49638722699390414
39633275215413728,0.0,0.46,0.54,0.0,0.49768921941011285
39633275215413746,0.0,0.1,0.9,0.0,0.2344977967946406
39633293699712905,0.0,0.79,0.21,0.0,0.37074136996563684
39633293699712696,0.0,0.0,0.98,0.02,0.07072027127091034
39633293699712554,0.0,0.19,0.81,0.0,0.3507357299419487
39633275215414110,0.0,0.08,0.92,0.0,0.2010895951011364
39633275215413692,0.0,0.21,0.79,0.0,0.37074136996563684
39633275215414206,0.0,0.03,0.97,0.0,0.0971959289157881
39633290050668988,0.0,0.17,0.83,0.0,0.32885238937210975
39633275215414458,0.0,0.36,0.64,0.0,0.4713415946277461
39633290063252681,0.0,0.53,0.47,0.0,0.4987007942838698
39633290067447011,0.0,0.53,0.47,0.0,0.4987007942838698
39633275215414501,0.0,0.45,0.55,0.0,0.49638722699390414
39633275215414221,0.0,0.0,0.97,0.03,0.0971959289157881
39633275215413646,0.0,0.05,0.95,0.0,0.14319847855797813
39633275215413622,0.0,0.28,0.72,0.0,0.4277254052800653
39633275211220841,0.0,0.82,0.18,0.0,0.34003852286413994
39633275211220873,0.0,0.02,0.98,0.0,0.07072027127091034
39633275211221069,0.0,0.08,0.91,0.01,0.24088153359695552
39633271465709238,0.0,0.25,0.75,0.0,0.4056390622295664
39633275211221320,0.0,0.77,0.23,0.0,0.38900565177326885
39633271465708460,0.0,0.75,0.25,0.0,0.4056390622295664
39633275211221328,0.0,0.44,0.56,0.0,0.4947937606110278
39633275211221412,0.0,0.36,0.64,0.0,0.4713415946277461
39633275211221457,0.0,0.5,0.5,0.0,0.5
39633275211221595,0.0,0.86,0.14,0.0,0.292119405821428
39633275211221691,0.0,0.67,0.33,0.0,0.4574631863898637
39633275211222503,0.0,0.07,0.92,0.01,0.22283217282912027
39633275215413515,0.0,0.67,0.33,0.0,0.4574631863898637
39633275215413550,0.0,0.67,0.33,0.0,0.4574631863898637
39633290071638309,0.0,0.6,0.4,0.0,0.4854752972273343
39633278960928131,0.0,0.19,0.81,0.0,0.3507357299419487
39633286351293209,0.0,0.13,0.87,0.0,0.2787190925139945
39633286351292640,0.0,0.05,0.95,0.0,0.14319847855797813
39633304567152719,0.0,0.37,0.63,0.0,0.47533604634353294
39633304567152725,0.0,0.62,0.38,0.0,0.47902101111314976
39633304567152860,0.0,0.16,0.84,0.0,0.3171547773202831
39633278948347284,0.0,0.39,0.61,0.0,0.4823997742525436
39633278952538729,0.0,0.42,0.58,0.0,0.49072694751682683
39633304567153891,0.0,0.19,0.81,0.0,0.3507357299419487
39633304567152662,0.0,0.9,0.1,0.0,0.2344977967946406
39633304567154403,0.0,0.99,0.01,0.0,0.04039656794795559
39633282685472215,0.0,0.94,0.06,0.0,0.16372245957723813
39633304567154769,0.0,1.0,0.0,0.0,-0.0
39633278952538836,0.0,0.03,0.97,0.0,0.0971959289157881
39633304567154965,0.0,0.93,0.07,0.0,0.18296182545011158
39633304567155293,0.0,0.95,0.05,0.0,0.14319847855797813
39633278952538996,0.0,0.15,0.85,0.0,0.3049201523582002
39633278952539044,0.0,0.82,0.18,0.0,0.34003852286413994
39633278948347066,0.0,0.07,0.93,0.0,0.18296182545011158
39633304562960413,0.0,0.06,0.94,0.0,0.16372245957723813
39633304562960416,0.0,0.19,0.81,0.0,0.3507357299419487
39633278944152907,0.0,0.22,0.78,0.0,0.38008375148098283
39633304562960543,0.0,0.11,0.89,0.0,0.249957979082264
39633304562960587,0.0,0.07,0.93,0.0,0.18296182545011158
39633304562960594,0.0,0.78,0.22,0.0,0.38008375148098283
39633304562960622,0.0,0.2,0.8,0.0,0.36096404744368116
39633304562961898,0.0,0.8,0.2,0.0,0.36096404744368116
39633278948345966,0.0,0.78,0.22,0.0,0.38008375148098283
39633304562960662,0.0,0.96,0.04,0.0,0.12114609454120741
39633304562960716,0.0,0.47,0.53,0.0,0.4987007942838698
39633278948347026,0.0,0.11,0.89,0.0,0.249957979082264
39633304562961850,0.0,0.97,0.03,0.0,0.0971959289157881
39633304562961875,0.0,0.35,0.65,0.0,0.4670340276877455
39633278948346988,0.0,0.08,0.92,0.0,0.2010895951011364
39633286393233958,0.0,0.31,0.69,0.0,0.4465867291889284
39633286393234072,0.0,0.72,0.28,0.0,0.4277254052800653
39633286393234174,0.0,0.97,0.03,0.0,0.0971959289157881
39633304571349915,0.01,0.96,0.03,0.0,0.13737165703039006
39633304571349924,0.0,0.14,0.86,0.0,0.292119405821428
39633304579738636,0.0,0.77,0.23,0.0,0.38900565177326885
39633286393234267,0.0,0.28,0.72,0.0,0.4277254052800653
39633286393234778,0.0,0.36,0.64,0.0,0.4713415946277461
39633278956732813,0.0,0.89,0.11,0.0,0.249957979082264
39633278956733458,0.0,0.44,0.56,0.0,0.4947937606110278
39633278956735070,0.0,0.67,0.33,0.0,0.4574631863898637
39633278960927916,0.0,0.34,0.66,0.0,0.46240935248651505
39633278960927927,0.0,0.04,0.96,0.0,0.12114609454120741
39633286393233825,0.01,0.95,0.04,0.0,0.16124668093016215
39633278952541354,0.0,0.73,0.27,0.0,0.42073231810408784
39633304571347861,0.0,0.45,0.55,0.0,0.49638722699390414
39633304571347019,0.0,0.11,0.89,0.0,0.249957979082264
39633304571347139,0.0,0.44,0.56,0.0,0.4947937606110278
39633304571347304,0.0,0.01,0.95,0.04,0.16124668093016215
39633304571347404,0.0,0.88,0.12,0.0,0.2646804326436822
39633275198639388,0.0,0.75,0.25,0.0,0.4056390622295664
39633304571347487,0.0,0.83,0.17,0.0,0.32885238937210975
39633278952539583,0.0,0.62,0.38,0.0,0.47902101111314976
39633278952539730,0.0,0.34,0.66,0.0,0.46240935248651505
39633304571347594,0.01,0.96,0.03,0.0,0.13737165703039006
39633278952540202,0.0,0.77,0.23,0.0,0.38900565177326885
39633278952540362,0.0,0.35,0.65,0.0,0.4670340276877455
39633278952540374,0.0,0.5,0.5,0.0,0.5
39633304562960359,0.0,0.25,0.75,0.0,0.4056390622295664
39633278927373163,0.0,0.68,0.32,0.0,0.45219072886224687
39633304562960202,0.0,0.89,0.11,0.0,0.249957979082264
39633282689663131,0.0,0.12,0.88,0.0,0.2646804326436822
39633278931567030,0.0,0.02,0.98,0.0,0.07072027127091034
39633278931567100,0.0,0.24,0.76,0.0,0.39752013969226113
39633278931567513,0.0,0.13,0.87,0.0,0.2787190925139945
39633282693859914,0.0,0.53,0.47,0.0,0.4987007942838698
39633278931568007,0.0,0.74,0.26,0.0,0.4133731862463089
39633278931568071,0.0,0.05,0.95,0.0,0.14319847855797813
39633282693859572,0.0,0.0,0.98,0.02,0.07072027127091034
39633282693859995,0.0,0.01,0.94,0.05,0.1832231322266888
39633282693859555,0.0,0.04,0.96,0.0,0.12114609454120741
39633278931568594,0.0,0.02,0.97,0.01,0.11097036642660543
39633278931569578,0.0,0.73,0.27,0.0,0.42073231810408784
39633278931569596,0.0,0.71,0.29,0.0,0.43436062316970225
39633278935761826,0.0,0.22,0.78,0.0,0.38008375148098283
39633278935762012,0.0,0.69,0.31,0.0,0.4465867291889284
39633278935762678,0.0,0.86,0.14,0.0,0.292119405821428
39633278935762700,0.0,0.9,0.1,0.0,0.2344977967946406
39633286363875111,0.0,0.15,0.85,0.0,0.3049201523582002
39633282693860135,0.0,0.99,0.01,0.0,0.04039656794795559
39633282698052209,0.0,0.06,0.94,0.0,0.16372245957723813
39633282698051714,0.0,0.73,0.27,0.0,0.42073231810408784
39633282693860377,0.0,0.61,0.39,0.0,0.4823997742525436
39633278927373268,0.0,0.75,0.25,0.0,0.4056390622295664
39633278927374534,0.0,0.37,0.63,0.0,0.47533604634353294
39633278927374607,0.0,0.78,0.22,0.0,0.38008375148098283
39633278927374897,0.0,0.69,0.31,0.0,0.4465867291889284
39633278927375028,0.0,0.99,0.01,0.0,0.04039656794795559
39633278927375188,0.0,0.37,0.63,0.0,0.47533604634353294
39633278927375209,0.0,0.89,0.11,0.0,0.249957979082264
39633278927375513,0.0,0.99,0.01,0.0,0.04039656794795559
39633278935762925,0.0,0.55,0.45,0.0,0.49638722699390414
39633278935763736,0.0,0.33,0.67,0.0,0.4574631863898637
39633282689665426,0.0,0.28,0.72,0.0,0.4277254052800653
39633282689664540,0.0,0.44,0.56,0.0,0.4947937606110278
39633286363875500,0.0,0.8,0.2,0.0,0.36096404744368116
39633286363875524,0.0,0.84,0.16,0.0,0.3171547773202831
39633282689664398,0.0,0.45,0.55,0.0,0.49638722699390414
39633282689664249,0.0,0.02,0.98,0.0,0.07072027127091034
39633286363875611,0.0,0.64,0.36,0.0,0.4713415946277461
39633282689665427,0.0,0.39,0.61,0.0,0.4823997742525436
39633282689663512,0.0,0.85,0.15,0.0,0.3049201523582002
39633286363875834,0.0,0.49,0.51,0.0,0.49985572087640495
39633282689663427,0.0,0.1,0.9,0.0,0.2344977967946406
39633304554569816,0.0,0.54,0.46,0.0,0.49768921941011285
39633282689663202,0.0,0.5,0.5,0.0,0.5
39633304554569817,0.0,0.51,0.49,0.0,0.49985572087640495
39633282689663155,0.0,0.21,0.79,0.0,0.37074136996563684
39633304554570207,0.0,0.03,0.97,0.0,0.0971959289157881
39633304554570296,0.0,0.19,0.81,0.0,0.3507357299419487
39633282689665447,0.0,0.82,0.18,0.0,0.34003852286413994
39633282689665472,0.0,0.05,0.95,0.0,0.14319847855797813
39633278935763744,0.0,0.92,0.08,0.0,0.2010895951011364
39633282693859464,0.0,0.47,0.53,0.0,0.4987007942838698
39633282693859148,0.0,0.03,0.97,0.0,0.0971959289157881
39633278939955522,0.0,0.19,0.81,0.0,0.3507357299419487
39633278939955870,0.0,0.17,0.83,0.0,0.32885238937210975
39633278939957203,0.0,0.89,0.11,0.0,0.249957979082264
39633278944151222,0.0,0.67,0.33,0.0,0.4574631863898637
39633278944151238,0.0,0.35,0.65,0.0,0.4670340276877455
39633278944151254,0.0,0.22,0.78,0.0,0.38008375148098283
39633282693858351,0.0,0.68,0.32,0.0,0.45219072886224687
39633282693857831,0.01,0.99,0.0,0.0,0.04039656794795559
39633282689665957,0.0,0.72,0.28,0.0,0.4277254052800653
39633282689665539,0.0,0.18,0.82,0.0,0.34003852286413994
39633282689665529,0.0,0.24,0.76,0.0,0.39752013969226113
39633282689663034,0.0,0.08,0.92,0.0,0.2010895951011364
39633278973511166,0.0,0.5,0.5,0.0,0.5
39633271448929868,0.0,1.0,0.0,0.0,-0.0
39633286363876745,0.0,0.71,0.29,0.0,0.43436062316970225
39633286363876836,0.0,0.42,0.58,0.0,0.49072694751682683
39633286368067632,0.0,1.0,0.0,0.0,-0.0
39633297357147158,0.0,0.35,0.65,0.0,0.4670340276877455
39633286363876722,0.0,0.08,0.92,0.0,0.2010895951011364
39633297361338600,0.0,0.03,0.97,0.0,0.0971959289157881
39633297361339032,0.0,0.5,0.5,0.0,0.5
39633297361339050,0.0,0.07,0.91,0.02,0.2526241113249394
39633297361339239,0.0,0.05,0.95,0.0,0.14319847855797813
39633297361339288,0.0,0.01,0.98,0.01,0.08072027127091033
39633297361339344,0.0,0.59,0.41,0.0,0.488250234378912
39633286363876661,0.0,0.15,0.85,0.0,0.3049201523582002
39633297357146909,0.0,0.82,0.18,0.0,0.34003852286413994
39633293733266046,0.0,0.41,0.59,0.0,0.488250234378912
39633293733265997,0.0,0.34,0.66,0.0,0.46240935248651505
39633297357144588,0.0,0.74,0.26,0.0,0.4133731862463089
39633297357144608,0.0,0.24,0.76,0.0,0.39752013969226113
39633297357144929,0.0,0.02,0.98,0.0,0.07072027127091034
39633286389040558,0.0,0.99,0.01,0.0,0.04039656794795559
39633297357145016,0.0,0.84,0.16,0.0,0.3171547773202831
39633297357145286,0.0,0.26,0.74,0.0,0.4133731862463089
39633297357145453,0.0,0.24,0.76,0.0,0.39752013969226113
39633297357145821,0.0,0.4,0.6,0.0,0.4854752972273343
39633297357145913,0.0,0.05,0.95,0.0,0.14319847855797813
39633297357146366,0.0,0.21,0.79,0.0,0.37074136996563684
39633297357145216,0.0,0.24,0.76,0.0,0.39752013969226113
39633300985218081,0.0,0.81,0.19,0.0,0.3507357299419487
39633297361340580,0.0,0.76,0.24,0.0,0.39752013969226113
39633300985218931,0.0,0.04,0.96,0.0,0.12114609454120741
39633300955859629,0.0,0.73,0.27,0.0,0.42073231810408784
39633297361342051,0.0,0.12,0.88,0.0,0.2646804326436822
39633297361342140,0.0,0.12,0.88,0.0,0.2646804326436822
39633300985218893,0.02,0.98,0.0,0.0,0.07072027127091034
39633297361342143,0.0,0.04,0.95,0.01,0.16124668093016215
39633297352951563,0.0,0.6,0.4,0.0,0.4854752972273343
39633297365532797,0.0,0.01,0.99,0.0,0.04039656794795559
39633297352951631,0.0,0.17,0.83,0.0,0.32885238937210975
39633297365534378,0.0,0.67,0.33,0.0,0.4574631863898637
39633297361342201,0.0,0.53,0.47,0.0,0.4987007942838698
39633297361339362,0.0,0.48,0.52,0.0,0.4994227679976009
39633297361340284,0.0,0.18,0.82,0.0,0.34003852286413994
39633300985218094,0.0,0.1,0.9,0.0,0.2344977967946406
39633300985218106,0.0,0.06,0.94,0.0,0.16372245957723813
39633300985218131,0.0,0.05,0.95,0.0,0.14319847855797813
39633297361339414,0.0,0.34,0.66,0.0,0.46240935248651505
39633297361339418,0.0,0.13,0.87,0.0,0.2787190925139945
39633297361339449,0.0,0.56,0.44,0.0,0.4947937606110278
39633297361339502,0.0,0.16,0.84,0.0,0.3171547773202831
39633297361339526,0.0,0.01,0.99,0.0,0.04039656794795559
39633297361339599,0.0,0.88,0.12,0.0,0.2646804326436822
39633297361339851,0.0,0.01,0.99,0.0,0.04039656794795559
39633297361340017,0.0,0.18,0.82,0.0,0.34003852286413994
39633297361339497,0.02,0.91,0.07,0.0,0.2526241113249394
39633300985217648,0.0,0.95,0.05,0.0,0.14319847855797813
39633300972635016,0.0,0.75,0.25,0.0,0.4056390622295664
39633300972634763,0.0,0.99,0.01,0.0,0.04039656794795559
39633300972636340,0.0,0.91,0.09,0.0,0.21823490853205144
39633300972634681,0.0,0.33,0.67,0.0,0.4574631863898637
39633300972634474,0.0,0.0,0.89,0.11,0.249957979082264
39633300972634143,0.0,0.66,0.34,0.0,0.46240935248651505
39633300968442881,0.0,0.03,0.97,0.0,0.0971959289157881
39633300968442601,0.0,0.33,0.67,0.0,0.4574631863898637
39633300968442524,0.0,0.57,0.43,0.0,0.4929075185894599
39633300972634511,0.0,0.01,0.97,0.02,0.11097036642660543
39633300968442410,0.0,0.72,0.28,0.0,0.4277254052800653
39633300972636464,0.0,0.0,0.91,0.09,0.21823490853205144
39633293703908456,0.0,0.25,0.75,0.0,0.4056390622295664
39633300981024120,0.0,0.29,0.71,0.0,0.43436062316970225
39633293703908458,0.0,0.02,0.94,0.04,0.1912713345988728
39633300981024236,0.0,0.05,0.95,0.0,0.14319847855797813
39633293708100951,0.0,0.01,0.99,0.0,0.04039656794795559
39633293703908677,0.0,0.86,0.14,0.0,0.292119405821428
39633300976830262,0.0,0.02,0.98,0.0,0.07072027127091034
39633300981025531,0.0,0.64,0.36,0.0,0.4713415946277461
39633300981025605,0.0,0.39,0.61,0.0,0.4823997742525436
39633293699714570,0.0,0.1,0.9,0.0,0.2344977967946406
39633297340368633,0.0,0.98,0.02,0.0,0.07072027127091034
39633297340368792,0.0,0.2,0.8,0.0,0.36096404744368116
39633297340369676,0.0,0.03,0.97,0.0,0.0971959289157881
39633293712296374,0.0,0.98,0.02,0.0,0.07072027127091034
39633297344561491,0.0,0.3,0.7,0.0,0.44064544961534635
39633300960052602,0.0,0.81,0.19,0.0,0.3507357299419487
39633297344562963,0.0,0.05,0.95,0.0,0.14319847855797813
39633300960052431,0.0,0.0,0.93,0.07,0.18296182545011158
39633297344563084,0.0,0.84,0.16,0.0,0.3171547773202831
39633293733268942,0.0,0.25,0.75,0.0,0.4056390622295664
39633297336176224,0.0,0.05,0.94,0.01,0.1832231322266888
39633293703905738,0.0,0.03,0.95,0.02,0.1674722434193448
39633300981025713,0.0,0.4,0.6,0.0,0.4854752972273343
39633293712295125,0.0,0.94,0.06,0.0,0.16372245957723813
39633300981025998,0.0,0.11,0.89,0.0,0.249957979082264
39633300968439952,0.0,0.0,1.0,0.0,-0.0
39633300964249243,0.0,0.75,0.25,0.0,0.4056390622295664
39633300964249231,0.0,0.43,0.57,0.0,0.4929075185894599
39633300985217095,0.0,0.96,0.04,0.0,0.12114609454120741
39633300964247909,0.0,0.41,0.59,0.0,0.488250234378912
39633300964247857,0.0,0.04,0.96,0.0,0.12114609454120741
39633297352952131,0.0,0.92,0.08,0.0,0.2010895951011364
39633297369729775,0.0,0.04,0.96,0.0,0.12114609454120741
39633293703908404,0.0,0.47,0.53,0.0,0.4987007942838698
39633293720683211,0.0,0.32,0.68,0.0,0.45219072886224687
39633293720685596,0.0,0.06,0.94,0.0,0.16372245957723813
39633293720685133,0.0,0.79,0.21,0.0,0.37074136996563684
39633297352952274,0.0,0.65,0.35,0.0,0.4670340276877455
39633297352952351,0.0,0.18,0.82,0.0,0.34003852286413994
39633293720685510,0.0,0.99,0.01,0.0,0.04039656794795559
39633293720685472,0.0,0.7,0.3,0.0,0.44064544961534635
39633300951664681,0.02,0.98,0.0,0.0,0.07072027127091034
39633293720685410,0.0,0.98,0.02,0.0,0.07072027127091034
39633293724877980,0.0,0.1,0.9,0.0,0.2344977967946406
39633300955857194,0.0,1.0,0.0,0.0,-0.0
39633300955857159,0.0,0.08,0.92,0.0,0.2010895951011364
39633293720683355,0.0,0.98,0.02,0.0,0.07072027127091034
39633293720685070,0.0,0.95,0.05,0.0,0.14319847855797813
39633293720685986,0.0,0.37,0.63,0.0,0.47533604634353294
39633293720685912,0.0,0.19,0.81,0.0,0.3507357299419487
39633293724876821,0.0,0.01,0.99,0.0,0.04039656794795559
39633300951665127,0.0,0.87,0.13,0.0,0.2787190925139945
39633293720683257,0.0,0.01,0.99,0.0,0.04039656794795559
39633293724876854,0.0,0.95,0.05,0.0,0.14319847855797813
39633293720683194,0.0,0.14,0.86,0.0,0.292119405821428
39633286380652806,0.0,0.63,0.37,0.0,0.47533604634353294
39633278948345345,0.0,0.0,0.87,0.13,0.2787190925139945
39633293703905841,0.0,0.45,0.54,0.01,0.5324415226290491
39633290050669280,0.0,0.71,0.29,0.0,0.43436062316970225
39633282681277034,0.0,0.02,0.89,0.09,0.2875800930424113
39633293703905783,0.0,0.64,0.36,0.0,0.4713415946277461
39633278948345141,0.0,0.64,0.36,0.0,0.4713415946277461
39633300964246677,0.0,0.91,0.09,0.0,0.21823490853205144
39633297340368023,0.0,0.21,0.79,0.0,0.37074136996563684
39633278948345161,0.0,0.45,0.55,0.0,0.49638722699390414
39633282681274629,0.0,0.23,0.77,0.0,0.38900565177326885
39633282681274596,0.0,0.95,0.05,0.0,0.14319847855797813
39633297340367138,0.0,0.09,0.91,0.0,0.21823490853205144
39633293703905351,0.0,0.01,0.98,0.01,0.08072027127091033
39633293703905756,0.0,0.08,0.91,0.01,0.24088153359695552
39633293691325476,0.0,0.36,0.64,0.0,0.4713415946277461
39633293695517507,0.0,0.34,0.66,0.0,0.46240935248651505
39633282664500742,0.0,0.82,0.18,0.0,0.34003852286413994
39633275194443778,0.0,0.98,0.02,0.0,0.07072027127091034
39633282668691650,0.0,0.0,0.98,0.02,0.07072027127091034
39633282668691683,0.0,0.5,0.5,0.0,0.5
39633278956733505,0.0,0.07,0.93,0.0,0.18296182545011158
39633297357145770,0.0,0.93,0.07,0.0,0.18296182545011158
39633297357145546,0.0,0.31,0.69,0.0,0.4465867291889284
39633271444735871,0.0,0.11,0.89,0.0,0.249957979082264
39633286393234130,0.0,0.68,0.32,0.0,0.45219072886224687
39633304550378533,0.0,0.67,0.33,0.0,0.4574631863898637
39633293733266019,0.0,0.0,1.0,0.0,-0.0
39633271444736526,0.0,0.01,0.96,0.03,0.13737165703039006
39633293733266194,0.0,0.98,0.02,0.0,0.07072027127091034
39633271444736842,0.0,0.85,0.15,0.0,0.3049201523582002
39633271444736875,0.0,0.0,0.96,0.04,0.12114609454120741
39633282672886719,0.0,0.62,0.38,0.0,0.47902101111314976
39633300960051988,0.0,0.1,0.9,0.0,0.2344977967946406
39633297344562955,0.0,0.13,0.87,0.0,0.2787190925139945
39633297344562923,0.0,0.98,0.02,0.0,0.07072027127091034
39633278948346028,0.0,0.17,0.83,0.0,0.32885238937210975
39633271465706865,0.0,0.24,0.76,0.0,0.39752013969226113
39633278952539810,0.0,0.43,0.57,0.0,0.4929075185894599
39633271465706319,0.0,0.03,0.97,0.0,0.0971959289157881
39633293720685448,0.0,0.11,0.89,0.0,0.249957979082264
39633286389039533,0.0,0.37,0.63,0.0,0.47533604634353294
39633286359681611,0.0,0.83,0.17,0.0,0.32885238937210975
39633300972636116,0.01,0.96,0.03,0.0,0.13737165703039006
39633267669863614,0.0,0.79,0.21,0.0,0.37074136996563684
39633271453122976,0.0,0.34,0.66,0.0,0.46240935248651505
39633271453122848,0.0,0.84,0.16,0.0,0.3171547773202831
39633271453122845,0.0,0.59,0.41,0.0,0.488250234378912
39633271453122756,0.0,0.13,0.87,0.0,0.2787190925139945
39633300976829483,0.0,0.75,0.25,0.0,0.4056390622295664
39633278944151241,0.0,0.34,0.66,0.0,0.46240935248651505
39633300976829622,0.0,0.1,0.9,0.0,0.2344977967946406
39633286355488653,0.0,0.77,0.23,0.0,0.38900565177326885
39633267665668487,0.0,0.49,0.51,0.0,0.49985572087640495
39633271448929686,0.0,0.19,0.81,0.0,0.3507357299419487
39633271448929744,0.0,0.06,0.94,0.0,0.16372245957723813
39633300976829689,0.0,0.03,0.97,0.0,0.0971959289157881
39633278944151262,0.0,0.17,0.83,0.0,0.32885238937210975
39633278944151271,0.0,0.04,0.96,0.0,0.12114609454120741
39633282698051814,0.0,0.17,0.83,0.0,0.32885238937210975
39633300964249169,0.0,0.11,0.89,0.0,0.249957979082264
39633293699711158,0.0,0.86,0.14,0.0,0.292119405821428
39633300968440385,0.0,0.92,0.08,0.0,0.2010895951011364
39633293699711357,0.0,0.03,0.97,0.0,0.0971959289157881
39633293699711395,0.0,0.18,0.82,0.0,0.34003852286413994
39633267674056013,0.0,0.98,0.02,0.0,0.07072027127091034
39633278927374249,0.0,0.04,0.96,0.0,0.12114609454120741
39633293699711727,0.0,0.04,0.96,0.0,0.12114609454120741
39633267674055990,0.0,0.85,0.15,0.0,0.3049201523582002
39633293699711736,0.0,0.23,0.77,0.0,0.38900565177326885
39633293699712321,0.0,0.6,0.4,0.0,0.4854752972273343
39633293699712494,0.0,0.42,0.58,0.0,0.49072694751682683
39633293712294876,0.0,0.6,0.4,0.0,0.4854752972273343
39633267674055896,0.0,0.82,0.18,0.0,0.34003852286413994
39633293712294705,0.0,0.12,0.88,0.0,0.2646804326436822
39633282693860363,0.0,0.95,0.05,0.0,0.14319847855797813
39633271465706775,0.0,0.61,0.39,0.0,0.4823997742525436
39633275198639831,0.0,0.24,0.76,0.0,0.39752013969226113
39633282668691500,0.0,0.39,0.61,0.0,0.4823997742525436
39633297352950768,0.0,0.41,0.59,0.0,0.488250234378912
39633290038086428,0.0,0.01,0.99,0.0,0.04039656794795559
39633297365532935,0.0,0.0,0.99,0.01,0.04039656794795559
39633275211219523,0.0,0.01,0.98,0.01,0.08072027127091033
39633275211219494,0.0,0.0,0.94,0.06,0.16372245957723813
39633275211219352,0.0,0.24,0.76,0.0,0.39752013969226113
39633271448929881,0.0,0.34,0.66,0.0,0.46240935248651505
39633275211219351,0.0,0.12,0.88,0.0,0.2646804326436822
39633297365536055,0.0,0.12,0.88,0.0,0.2646804326436822
39633304571347869,0.0,0.1,0.9,0.0,0.2344977967946406
39633275207025761,0.0,0.9,0.1,0.0,0.2344977967946406
39633278960928772,0.0,0.4,0.6,0.0,0.4854752972273343
39633271436347383,0.0,0.08,0.92,0.0,0.2010895951011364
39633278960927863,0.0,0.43,0.57,0.0,0.4929075185894599
39633278960928655,0.0,0.28,0.72,0.0,0.4277254052800653
39633278960927913,0.0,0.64,0.36,0.0,0.4713415946277461
39633278960928103,0.0,0.84,0.16,0.0,0.3171547773202831
39633304558767221,0.0,0.18,0.82,0.0,0.34003852286413994
39633304567155469,0.0,0.63,0.37,0.0,0.47533604634353294
39633304575541800,0.0,1.0,0.0,0.0,-0.0
39633297365533442,0.0,0.84,0.16,0.0,0.3171547773202831
39633275215413334,0.0,0.13,0.87,0.0,0.2787190925139945
39633278969316895,0.0,0.39,0.61,0.0,0.4823997742525436
39633297352952093,0.03,0.97,0.0,0.0,0.0971959289157881
39633271440541352,0.0,0.62,0.38,0.0,0.47902101111314976
39633304562961422,0.0,0.07,0.93,0.0,0.18296182545011158
39633275215414324,0.0,0.78,0.22,0.0,0.38008375148098283
39633278969316807,0.0,0.0,1.0,0.0,-0.0
39633278969316766,0.0,0.59,0.41,0.0,0.488250234378912
39633297361340966,0.0,0.04,0.96,0.0,0.12114609454120741
39633271440541630,0.0,0.07,0.92,0.01,0.22283217282912027
39633278965123752,0.0,0.07,0.93,0.0,0.18296182545011158
39633282660305275,0.0,0.82,0.18,0.0,0.34003852286413994
39633282660303791,0.0,0.02,0.97,0.01,0.11097036642660543
39633282660303717,0.0,0.29,0.71,0.0,0.43436062316970225
39633293724877572,0.0,0.5,0.5,0.0,0.5
39633290050669502,0.0,0.92,0.08,0.0,0.2010895951011364
39633271457320063,0.0,0.16,0.84,0.0,0.3171547773202831
39633293703906305,0.0,0.1,0.9,0.0,0.2344977967946406
39633293716489247,0.0,0.94,0.06,0.0,0.16372245957723813
39633293703907714,0.0,0.28,0.72,0.0,0.4277254052800653
39633263865628867,0.0,0.08,0.92,0.0,0.2010895951011364
39633278973510451,0.0,0.97,0.03,0.0,0.0971959289157881
39633282681276076,0.0,0.13,0.87,0.0,0.2787190925139945
39633263869821170,0.0,0.54,0.46,0.0,0.49768921941011285
39633293724877639,0.0,0.45,0.55,0.0,0.49638722699390414
39633293724877674,0.0,0.19,0.81,0.0,0.3507357299419487
39633271440542568,0.0,0.09,0.91,0.0,0.21823490853205144
39633278944151288,0.0,0.43,0.57,0.0,0.4929075185894599
39633278969317004,0.0,0.4,0.6,0.0,0.4854752972273343
39633263869822589,0.0,0.01,0.98,0.01,0.08072027127091033
39633300960054705,0.0,0.0,0.94,0.06,0.16372245957723813
39633297365533248,0.0,0.3,0.7,0.0,0.44064544961534635
39633304567155786,0.0,0.17,0.83,0.0,0.32885238937210975
39633278973511104,0.0,0.9,0.1,0.0,0.2344977967946406
39633300955857827,0.0,0.98,0.02,0.0,0.07072027127091034
39633267661472805,0.0,0.02,0.98,0.0,0.07072027127091034
39633278973511079,0.0,0.76,0.24,0.0,0.39752013969226113
39633304571349422,0.0,0.98,0.02,0.0,0.07072027127091034
39633290038085588,0.0,0.15,0.85,0.0,0.3049201523582002
39633282651916686,0.0,0.98,0.02,0.0,0.07072027127091034
39633293716489572,0.0,0.74,0.26,0.0,0.4133731862463089
39633282651916581,0.0,0.66,0.34,0.0,0.46240935248651505
39633271436347400,0.0,0.35,0.65,0.0,0.4670340276877455
39633293695518685,0.0,0.63,0.37,0.0,0.47533604634353294
39633293695518600,0.0,0.24,0.76,0.0,0.39752013969226113
39633293695518525,0.0,0.26,0.74,0.0,0.4133731862463089
39633275190249268,0.0,0.31,0.69,0.0,0.4465867291889284
39633304567154903,0.0,0.39,0.61,0.0,0.4823997742525436
39633286363875581,0.0,0.48,0.52,0.0,0.4994227679976009
39633304567155038,0.0,0.07,0.93,0.0,0.18296182545011158
39633300968442048,0.0,0.62,0.38,0.0,0.47902101111314976
39633300981022912,0.0,0.6,0.4,0.0,0.4854752972273343
39633282698051862,0.0,0.93,0.07,0.0,0.18296182545011158
39633286363875530,0.0,0.33,0.67,0.0,0.4574631863898637
39633282698051631,0.0,0.98,0.02,0.0,0.07072027127091034
39633275227997752,0.0,0.11,0.89,0.0,0.249957979082264
39633300955859764,0.0,0.99,0.01,0.0,0.04039656794795559
39633300981023163,0.0,0.0,1.0,0.0,-0.0
39633275211221757,0.0,0.8,0.2,0.0,0.36096404744368116
39633267669861257,0.0,0.23,0.77,0.0,0.38900565177326885
39633275211221771,0.0,0.37,0.63,0.0,0.47533604634353294
39633267669861208,0.0,0.74,0.26,0.0,0.4133731862463089
39633286359681132,0.0,0.17,0.83,0.0,0.32885238937210975
39633278935763750,0.0,0.0,0.92,0.08,0.2010895951011364
39633278973511443,0.0,0.91,0.09,0.0,0.21823490853205144
39633275227998210,0.0,1.0,0.0,0.0,-0.0
39633282698052183,0.0,0.97,0.03,0.0,0.0971959289157881
39633282656112252,0.0,0.16,0.84,0.0,0.3171547773202831
39633282656112148,0.0,0.01,0.99,0.0,0.04039656794795559
39633286359681231,0.0,0.1,0.9,0.0,0.2344977967946406
39633286351292850,0.02,0.97,0.01,0.0,0.11097036642660543
39633278939958084,0.0,0.04,0.96,0.0,0.12114609454120741
39633290071638381,0.0,0.61,0.39,0.0,0.4823997742525436
39633271453122774,0.0,0.09,0.91,0.0,0.21823490853205144
39633271453122836,0.0,0.32,0.68,0.0,0.45219072886224687
39633278973510776,0.0,0.99,0.01,0.0,0.04039656794795559
39633275215416238,0.0,0.17,0.83,0.0,0.32885238937210975
39633300976828494,0.0,0.16,0.84,0.0,0.3171547773202831
39633271453123136,0.0,0.99,0.01,0.0,0.04039656794795559
39633271453123336,0.0,0.77,0.23,0.0,0.38900565177326885
39633271453124847,0.0,0.62,0.38,0.0,0.47902101111314976
39633271453123343,0.0,0.0,1.0,0.0,-0.0
39633271453124720,0.0,0.85,0.15,0.0,0.3049201523582002
39633271453124621,0.0,0.06,0.94,0.0,0.16372245957723813
39633271453122755,0.0,0.67,0.33,0.0,0.4574631863898637
39633271453122739,0.0,0.39,0.61,0.0,0.4823997742525436
39633300972635361,0.0,0.07,0.93,0.0,0.18296182545011158
39633300985220197,0.0,0.04,0.96,0.0,0.12114609454120741
39633282698052478,0.0,0.0,0.81,0.19,0.3507357299419487
39633290067444383,0.0,0.51,0.49,0.0,0.49985572087640495
39633282698052528,0.0,0.74,0.26,0.0,0.4133731862463089
39633271453124443,0.0,0.38,0.62,0.0,0.47902101111314976
39633278973510697,0.0,0.36,0.64,0.0,0.4713415946277461
39633304567155133,0.0,0.29,0.71,0.0,0.43436062316970225
39633278944150306,0.0,0.42,0.58,0.0,0.49072694751682683
39633286355485568,0.0,0.03,0.97,0.0,0.0971959289157881
39633278931568398,0.0,0.06,0.94,0.0,0.16372245957723813
39633271448931660,0.0,0.0,0.89,0.11,0.249957979082264
39633271448931682,0.0,0.76,0.24,0.0,0.39752013969226113
39633300972635121,0.0,0.75,0.25,0.0,0.4056390622295664
39633286363875453,0.0,0.02,0.98,0.0,0.07072027127091034
39633290038084007,0.0,0.32,0.68,0.0,0.45219072886224687
39633282689664657,0.0,0.03,0.96,0.01,0.13737165703039006
39633293695520069,0.0,0.67,0.33,0.0,0.4574631863898637
39633293695519845,0.0,0.98,0.02,0.0,0.07072027127091034
39633293695519747,0.0,0.15,0.82,0.03,0.3985405408124918
39633293695519454,0.0,1.0,0.0,0.0,-0.0
39633293695519285,0.0,0.06,0.93,0.01,0.20367037270049304
39633290038085498,0.0,0.73,0.27,0.0,0.42073231810408784
39633293733266185,0.0,0.56,0.44,0.0,0.4947937606110278
39633290038085758,0.0,0.0,0.98,0.02,0.07072027127091034
39633293695519023,0.0,0.82,0.18,0.0,0.34003852286413994
39633293733266503,0.0,0.06,0.94,0.0,0.16372245957723813
39633286384845192,0.0,0.4,0.6,0.0,0.4854752972273343
39633293695518432,0.0,0.23,0.77,0.0,0.38900565177326885
39633271448931410,0.0,0.87,0.13,0.0,0.2787190925139945
39633275211221625,0.0,0.98,0.02,0.0,0.07072027127091034
39633293699713678,0.0,0.0,0.93,0.07,0.18296182545011158
39633293695520278,0.0,0.0,0.99,0.01,0.04039656794795559
39633275207028072,0.03,0.97,0.0,0.0,0.0971959289157881
39633290050667716,0.0,0.35,0.65,0.0,0.4670340276877455
39633278960927774,0.0,0.3,0.7,0.0,0.44064544961534635
39633290038084032,0.0,0.55,0.45,0.0,0.49638722699390414
39633278956733684,0.0,0.8,0.2,0.0,0.36096404744368116
39633278956733557,0.0,0.17,0.83,0.0,0.32885238937210975
39633290038084199,0.0,0.1,0.9,0.0,0.2344977967946406
39633267669862184,0.0,0.06,0.94,0.0,0.16372245957723813
39633297357147262,0.0,0.0,0.95,0.05,0.14319847855797813
39633293699713406,0.0,0.36,0.64,0.0,0.4713415946277461
39633290038084566,0.0,0.07,0.93,0.0,0.18296182545011158
39633290038084594,0.0,0.55,0.45,0.0,0.49638722699390414
39633278956733530,0.0,0.21,0.79,0.0,0.37074136996563684
39633290038084616,0.0,0.58,0.42,0.0,0.49072694751682683
39633278956733413,0.0,0.05,0.95,0.0,0.14319847855797813
39633290038084730,0.0,0.24,0.76,0.0,0.39752013969226113
39633271444735754,0.0,0.27,0.73,0.0,0.42073231810408784
39633278956733286,0.0,0.18,0.82,0.0,0.34003852286413994
39633290033892160,0.0,0.36,0.64,0.0,0.4713415946277461
39633290038085045,0.0,0.0,0.97,0.03,0.0971959289157881
39633278960927758,0.01,0.88,0.11,0.0,0.28950944366190023
39633278956732721,0.0,0.98,0.02,0.0,0.07072027127091034
39633290038085323,0.0,0.1,0.9,0.0,0.2344977967946406
39633290042279600,0.0,0.18,0.82,0.0,0.34003852286413994
39633300960051721,0.0,0.27,0.73,0.0,0.42073231810408784
39633293699713775,0.0,0.03,0.97,0.0,0.0971959289157881
39633275211220574,0.0,0.93,0.07,0.0,0.18296182545011158
39633282689663257,0.0,0.93,0.07,0.0,0.18296182545011158
39633282689663255,0.0,0.3,0.7,0.0,0.44064544961534635
39633282689663228,0.0,0.3,0.7,0.0,0.44064544961534635
39633300964247596,0.0,0.03,0.97,0.0,0.0971959289157881
39633278927372563,0.0,0.91,0.09,0.0,0.21823490853205144
39633290050668125,0.0,0.04,0.91,0.05,0.2628333312247715
39633275211220359,0.0,0.07,0.93,0.0,0.18296182545011158
39633282685469703,0.0,0.0,0.92,0.08,0.2010895951011364
39633271465706342,0.0,0.71,0.29,0.0,0.43436062316970225
39633271465706321,0.0,0.46,0.54,0.0,0.49768921941011285
39633275211220245,0.0,1.0,0.0,0.0,-0.0
39633275211221179,0.0,0.42,0.58,0.0,0.49072694751682683
39633304562960683,0.0,0.46,0.54,0.0,0.49768921941011285
39633271461511610,0.0,0.92,0.08,0.0,0.2010895951011364
39633300951665568,0.0,0.0,1.0,0.0,-0.0
39633297340368855,0.0,0.01,0.99,0.0,0.04039656794795559
39633293699714324,0.0,0.16,0.84,0.0,0.3171547773202831
39633275211221576,0.0,0.11,0.89,0.0,0.249957979082264
39633293699714600,0.0,0.0,0.37,0.63,0.47533604634353294
39633275211221274,0.0,0.16,0.84,0.0,0.3171547773202831
39633282660305402,0.0,0.51,0.49,0.0,0.49985572087640495
39633290038084014,0.0,0.0,0.98,0.02,0.07072027127091034
39633293703905436,0.0,0.36,0.64,0.0,0.4713415946277461
39633304562960223,0.0,0.23,0.77,0.0,0.38900565177326885
39633278960930043,0.0,0.95,0.05,0.0,0.14319847855797813
39633304562960338,0.0,0.39,0.61,0.0,0.4823997742525436
39633297336174242,0.0,0.26,0.74,0.0,0.4133731862463089
39633278965121111,0.01,0.65,0.34,0.0,0.49978987264055696
39633304562960405,0.0,0.63,0.37,0.0,0.47533604634353294
39633282681274571,0.0,0.28,0.72,0.0,0.4277254052800653
39633304558765695,0.0,0.41,0.59,0.0,0.488250234378912
39633275211221183,0.0,0.92,0.08,0.0,0.2010895951011364
39633293720685232,0.0,0.01,0.99,0.0,0.04039656794795559
39633300951665771,0.0,0.81,0.19,0.0,0.3507357299419487
39633293733267536,0.0,0.87,0.13,0.0,0.2787190925139945
39633278965121201,0.0,0.6,0.4,0.0,0.4854752972273343
39633293695519698,0.0,0.29,0.71,0.0,0.43436062316970225
39633293695519718,0.0,0.45,0.55,0.0,0.49638722699390414
39633297331981637,0.0,0.54,0.46,0.0,0.49768921941011285
39633293695519911,0.0,0.67,0.33,0.0,0.4574631863898637
39633293695519969,0.0,0.0,0.91,0.09,0.21823490853205144
39633293695520247,0.0,0.0,0.99,0.01,0.04039656794795559
39633271465706728,0.0,0.11,0.89,0.0,0.249957979082264
39633278944152343,0.0,0.36,0.64,0.0,0.4713415946277461
39633300981023051,0.0,0.76,0.24,0.0,0.39752013969226113
39633297361341027,0.0,0.46,0.54,0.0,0.49768921941011285
39633267674056569,0.0,0.37,0.63,0.0,0.47533604634353294
39633267674056037,0.0,0.32,0.68,0.0,0.45219072886224687
39633267674055710,0.0,0.4,0.6,0.0,0.4854752972273343
39633297357145764,0.0,0.0,0.98,0.02,0.07072027127091034
39633282668691939,0.0,0.16,0.84,0.0,0.3171547773202831
39633286393234017,0.0,0.3,0.7,0.0,0.44064544961534635
39633267674055553,0.0,0.59,0.41,0.0,0.488250234378912
39633293716490188,0.0,0.1,0.9,0.0,0.2344977967946406
39633293691325752,0.0,0.41,0.59,0.0,0.488250234378912
39633300951664560,0.0,0.86,0.14,0.0,0.292119405821428
39633282677082396,0.0,0.06,0.94,0.0,0.16372245957723813
39633271465708901,0.0,0.2,0.8,0.0,0.36096404744368116
39633293720683779,0.0,0.02,0.98,0.0,0.07072027127091034
39633271469900229,0.0,0.15,0.85,0.0,0.3049201523582002
39633300955860436,0.0,0.66,0.34,0.0,0.46240935248651505
39633263865628658,0.0,0.92,0.08,0.0,0.2010895951011364
39633293729071734,0.0,0.7,0.3,0.0,0.44064544961534635
39633271440542143,0.0,0.04,0.96,0.0,0.12114609454120741
39633290042280859,0.0,0.59,0.41,0.0,0.488250234378912
39633282656110475,0.0,0.95,0.05,0.0,0.14319847855797813
39633300976831294,0.0,0.83,0.17,0.0,0.32885238937210975
39633293708100334,0.0,0.22,0.78,0.0,0.38008375148098283
39633293708100736,0.0,0.6,0.4,0.0,0.4854752972273343
39633267665666572,0.0,0.99,0.01,0.0,0.04039656794795559
39633263869824002,0.0,0.93,0.07,0.0,0.18296182545011158
39633297357144634,0.0,0.48,0.52,0.0,0.4994227679976009
39633286368069127,0.0,0.93,0.07,0.0,0.18296182545011158
39633282681276016,0.0,0.06,0.94,0.0,0.16372245957723813
39633267669862278,0.0,0.19,0.81,0.0,0.3507357299419487
39633267669862347,0.0,0.98,0.02,0.0,0.07072027127091034
39633275211219776,0.0,0.02,0.98,0.0,0.07072027127091034
39633275211220003,0.0,0.0,1.0,0.0,-0.0
39633282693859534,0.0,0.63,0.37,0.0,0.47533604634353294
39633267674056069,0.0,0.12,0.88,0.0,0.2646804326436822
39633304562959063,0.0,0.75,0.25,0.0,0.4056390622295664
39633271457317418,0.0,0.32,0.68,0.0,0.45219072886224687
39633297361339665,0.0,0.14,0.86,0.0,0.292119405821428
39633293691323855,0.0,0.14,0.86,0.0,0.292119405821428
39633300985218029,0.0,0.17,0.83,0.0,0.32885238937210975
39633271436347205,0.0,0.29,0.71,0.0,0.43436062316970225
39633275198639659,0.0,0.0,0.97,0.03,0.0971959289157881
39633275198639543,0.0,0.11,0.89,0.0,0.249957979082264
39633286389040342,0.0,0.31,0.69,0.0,0.4465867291889284
39633286389040490,0.0,0.98,0.02,0.0,0.07072027127091034
39633271436345805,0.0,0.29,0.71,0.0,0.43436062316970225
39633297357146902,0.0,0.15,0.85,0.0,0.3049201523582002
39633300985218201,0.0,0.11,0.89,0.0,0.249957979082264
39633275211220371,0.0,0.3,0.7,0.0,0.44064544961534635
39633300985219123,0.0,0.91,0.09,0.0,0.21823490853205144
39633300981024810,0.0,0.96,0.04,0.0,0.12114609454120741
39633282693858579,0.0,0.99,0.01,0.0,0.04039656794795559
39633290046474605,0.0,0.11,0.89,0.0,0.249957979082264
39633290046474620,0.0,0.57,0.43,0.0,0.4929075185894599
39633290046474640,0.0,0.9,0.1,0.0,0.2344977967946406
39633282651914654,0.0,0.78,0.22,0.0,0.38008375148098283
39633282651916810,0.0,0.45,0.55,0.0,0.49638722699390414
39633275219610419,0.0,0.88,0.12,0.0,0.2646804326436822
39633275219609949,0.0,0.23,0.77,0.0,0.38900565177326885
39633282656109091,0.0,0.23,0.77,0.0,0.38900565177326885
39633271457319575,0.0,0.24,0.76,0.0,0.39752013969226113
39633275215414612,0.0,0.18,0.82,0.0,0.34003852286413994
39633271436349213,0.0,0.07,0.93,0.0,0.18296182545011158
39633271457319698,0.0,0.18,0.82,0.0,0.34003852286413994
39633271436349170,0.0,0.76,0.24,0.0,0.39752013969226113
39633304567154929,0.0,0.88,0.12,0.0,0.2646804326436822
39633271457317707,0.0,0.13,0.87,0.0,0.2787190925139945
39633293699711567,0.0,0.01,0.98,0.01,0.08072027127091033
39633304562961738,0.0,0.23,0.77,0.0,0.38900565177326885
39633275211220783,0.0,0.04,0.96,0.0,0.12114609454120741
39633304562961667,0.0,0.99,0.01,0.0,0.04039656794795559
39633275194444747,0.0,0.09,0.91,0.0,0.21823490853205144
39633297357146874,0.0,0.17,0.83,0.0,0.32885238937210975
39633293691326014,0.0,0.84,0.16,0.0,0.3171547773202831
39633293691325970,0.0,0.7,0.3,0.0,0.44064544961534635
39633293691325967,0.0,0.85,0.15,0.0,0.3049201523582002
39633293703907313,0.0,0.43,0.57,0.0,0.4929075185894599
39633300972634282,0.0,0.52,0.48,0.0,0.4994227679976009
39633297344561783,0.0,0.22,0.78,0.0,0.38008375148098283
39633290046475512,0.0,0.46,0.54,0.0,0.49768921941011285
39633282677082016,0.0,0.06,0.94,0.0,0.16372245957723813
39633286389039579,0.0,0.67,0.33,0.0,0.4574631863898637
39633300972634598,0.0,0.97,0.03,0.0,0.0971959289157881
39633297344561496,0.0,0.2,0.8,0.0,0.36096404744368116
39633290050666522,0.0,0.76,0.24,0.0,0.39752013969226113
39633290050666607,0.0,0.1,0.89,0.01,0.27413031336294724
39633297340368964,0.0,0.53,0.47,0.0,0.4987007942838698
39633297340367650,0.0,0.89,0.11,0.0,0.249957979082264
39633293691323672,0.0,0.04,0.96,0.0,0.12114609454120741
39633297340366914,0.0,0.6,0.4,0.0,0.4854752972273343
39633282681274580,0.01,0.88,0.11,0.0,0.28950944366190023
39633282681275745,0.0,0.1,0.9,0.0,0.2344977967946406
39633293691324003,0.0,1.0,0.0,0.0,-0.0
39633300985217597,0.0,0.48,0.52,0.0,0.4994227679976009
39633286368070087,0.0,0.15,0.85,0.0,0.3049201523582002
39633300960051683,0.0,0.88,0.12,0.0,0.2646804326436822
39633282681275723,0.0,0.94,0.06,0.0,0.16372245957723813
39633267674056268,0.0,0.03,0.97,0.0,0.0971959289157881
39633271461513824,0.0,0.44,0.56,0.0,0.4947937606110278
39633275194443176,0.0,0.79,0.21,0.0,0.37074136996563684
39633271461513887,0.0,0.02,0.98,0.0,0.07072027127091034
39633297357144918,0.0,0.12,0.88,0.0,0.2646804326436822
39633271461513975,0.0,0.18,0.81,0.01,0.37899559358928114
39633286368068250,0.0,0.18,0.82,0.0,0.34003852286413994
39633300968441582,0.0,0.1,0.9,0.0,0.2344977967946406
39633282685469729,0.0,0.04,0.96,0.0,0.12114609454120741
39633286368068262,0.0,0.88,0.12,0.0,0.2646804326436822
39633286368068314,0.0,0.15,0.85,0.0,0.3049201523582002
39633271448930206,0.0,0.74,0.26,0.0,0.4133731862463089
39633271448930379,0.0,0.13,0.87,0.0,0.2787190925139945
39633271448930533,0.0,0.1,0.9,0.0,0.2344977967946406
39633300964247903,0.0,0.12,0.86,0.02,0.3335365003221909
39633286368069271,0.0,0.21,0.79,0.0,0.37074136996563684
39633282685468689,0.0,0.96,0.04,0.0,0.12114609454120741
39633293733265848,0.0,0.83,0.17,0.0,0.32885238937210975
39633271465707611,0.0,0.81,0.19,0.0,0.3507357299419487
39633286368070956,0.0,0.55,0.45,0.0,0.49638722699390414
39633275194444631,0.0,0.95,0.05,0.0,0.14319847855797813
39633278973510345,0.0,1.0,0.0,0.0,-0.0
39633267669862139,0.0,0.69,0.31,0.0,0.4465867291889284
39633271457318637,0.0,0.34,0.66,0.0,0.46240935248651505
39633278973510315,0.0,0.23,0.77,0.0,0.38900565177326885
39633286363875919,0.0,0.0,0.97,0.03,0.0971959289157881
39633278952540215,0.0,0.59,0.41,0.0,0.488250234378912
39633308140699874,0.0,1.0,0.0,0.0,-0.0
39633267665666937,0.0,0.73,0.27,0.0,0.42073231810408784
39633267665669807,0.0,0.57,0.43,0.0,0.4929075185894599
39633300981024501,0.0,0.09,0.91,0.0,0.21823490853205144
39633286384845478,0.0,0.83,0.17,0.0,0.32885238937210975
39633267665666657,0.0,0.59,0.41,0.0,0.488250234378912
39633300981023164,0.0,0.02,0.97,0.01,0.11097036642660543
39633278931567443,0.0,0.91,0.09,0.0,0.21823490853205144
39633293703908316,0.0,0.99,0.01,0.0,0.04039656794795559
39633300981023273,0.0,0.35,0.65,0.0,0.4670340276877455
39633271448928301,0.0,0.29,0.71,0.0,0.43436062316970225
39633271444735118,0.0,0.79,0.21,0.0,0.37074136996563684
39633278931567937,0.0,0.82,0.18,0.0,0.34003852286413994
39633267665669818,0.0,0.59,0.41,0.0,0.488250234378912
39633267665669852,0.0,0.01,0.99,0.0,0.04039656794795559
39633300981023288,0.0,0.57,0.43,0.0,0.4929075185894599
39633278960928548,0.0,0.03,0.97,0.0,0.0971959289157881
39633278960928746,0.0,0.79,0.21,0.0,0.37074136996563684
39633290042278841,0.0,0.23,0.77,0.0,0.38900565177326885
39633300981023380,0.0,0.7,0.3,0.0,0.44064544961534635
39633293716489928,0.0,0.44,0.56,0.0,0.4947937606110278
39633278931569027,0.0,0.46,0.54,0.0,0.49768921941011285
39633286359680085,0.0,0.18,0.82,0.0,0.34003852286413994
39633293720683935,0.0,0.3,0.7,0.0,0.44064544961534635
39633271444738177,0.0,0.08,0.92,0.0,0.2010895951011364
39633286359680000,0.0,0.4,0.6,0.0,0.4854752972273343
39633300981024423,0.0,0.6,0.4,0.0,0.4854752972273343
39633293716491747,0.0,0.93,0.07,0.0,0.18296182545011158
39633278944152622,0.0,0.87,0.13,0.0,0.2787190925139945
39633308140702539,0.0,0.95,0.05,0.0,0.14319847855797813
39633293720684337,0.0,0.6,0.4,0.0,0.4854752972273343
39633290029698046,0.0,0.1,0.9,0.0,0.2344977967946406
39633300981022894,0.0,0.92,0.08,0.0,0.2010895951011364
39633290029698055,0.0,0.2,0.8,0.0,0.36096404744368116
39633271444737898,0.0,0.0,1.0,0.0,-0.0
39633271444737507,0.0,0.34,0.66,0.0,0.46240935248651505
39633286355488872,0.0,0.65,0.35,0.0,0.4670340276877455
39633290042280519,0.0,0.95,0.05,0.0,0.14319847855797813
39633267665666564,0.0,0.97,0.03,0.0,0.0971959289157881
39633300981023050,0.0,0.9,0.1,0.0,0.2344977967946406
39633278935761556,0.0,0.39,0.61,0.0,0.4823997742525436
39633293724876916,0.0,0.96,0.04,0.0,0.12114609454120741
39633278969315796,0.0,0.01,0.92,0.07,0.22283217282912027
39633300976830969,0.0,0.83,0.17,0.0,0.32885238937210975
39633290067444915,0.0,0.86,0.14,0.0,0.292119405821428
39633271448929341,0.0,0.95,0.05,0.0,0.14319847855797813
39633300976830723,0.0,0.96,0.04,0.0,0.12114609454120741
39633300976831240,0.0,0.3,0.7,0.0,0.44064544961534635
39633300976831016,0.0,0.05,0.95,0.0,0.14319847855797813
39633300976830650,0.0,0.98,0.02,0.0,0.07072027127091034
39633286351292391,0.0,0.83,0.17,0.0,0.32885238937210975
39633275211219560,0.0,0.23,0.77,0.0,0.38900565177326885
39633275207027236,0.0,0.8,0.2,0.0,0.36096404744368116
39633293703906054,0.0,0.49,0.51,0.0,0.49985572087640495
39633286355488775,0.0,0.04,0.96,0.0,0.12114609454120741
39633297361338610,0.0,0.84,0.16,0.0,0.3171547773202831
39633275207024706,0.0,0.92,0.08,0.0,0.2010895951011364
39633297357147863,0.0,0.0,1.0,0.0,-0.0
39633286393233999,0.0,0.43,0.57,0.0,0.4929075185894599
39633286351293025,0.0,0.29,0.71,0.0,0.43436062316970225
39633271465707154,0.0,0.92,0.08,0.0,0.2010895951011364
39633271465707397,0.0,0.5,0.5,0.0,0.5
39633300976831988,0.0,0.89,0.11,0.0,0.249957979082264
39633286351292368,0.0,0.0,1.0,0.0,-0.0
39633286351292418,0.0,0.76,0.24,0.0,0.39752013969226113
39633275207024718,0.0,0.83,0.17,0.0,0.32885238937210975
39633286368069996,0.0,0.22,0.78,0.0,0.38008375148098283
39633290033889593,0.0,0.58,0.42,0.0,0.49072694751682683
39633300981025832,0.0,0.0,1.0,0.0,-0.0
39633278948344958,0.0,0.34,0.66,0.0,0.46240935248651505
39633278948345049,0.03,0.97,0.0,0.0,0.0971959289157881
39633293729071782,0.0,0.68,0.32,0.0,0.45219072886224687
39633286359680579,0.0,0.08,0.91,0.01,0.24088153359695552
39633278927374288,0.0,0.68,0.32,0.0,0.45219072886224687
39633304562959738,0.0,0.04,0.95,0.01,0.16124668093016215
39633263869823794,0.0,0.59,0.41,0.0,0.488250234378912
39633275211221558,0.0,0.94,0.06,0.0,0.16372245957723813
39633290042280677,0.0,0.32,0.68,0.0,0.45219072886224687
39633293724877758,0.0,0.32,0.68,0.0,0.45219072886224687
39633300976831340,0.0,0.39,0.61,0.0,0.4823997742525436
39633304554571839,0.0,0.06,0.94,0.0,0.16372245957723813
39633290042280632,0.0,0.52,0.48,0.0,0.4994227679976009
39633290042280640,0.0,0.04,0.96,0.0,0.12114609454120741
39633290042280813,0.0,0.32,0.68,0.0,0.45219072886224687
39633304571349589,0.0,0.93,0.07,0.0,0.18296182545011158
39633304554571865,0.0,0.58,0.42,0.0,0.49072694751682683
39633304562959222,0.0,0.78,0.22,0.0,0.38008375148098283
39633293703907273,0.0,0.03,0.95,0.02,0.1674722434193448
39633290046474373,0.0,0.86,0.14,0.0,0.292119405821428
39633293699713802,0.0,0.23,0.77,0.0,0.38900565177326885
39633278927374152,0.0,0.99,0.01,0.0,0.04039656794795559
39633297340367069,0.0,0.02,0.98,0.0,0.07072027127091034
39633297336174099,0.0,0.81,0.19,0.0,0.3507357299419487
39633282677081608,0.0,0.0,0.81,0.19,0.3507357299419487
39633293699713662,0.0,0.12,0.88,0.0,0.2646804326436822
39633282677081521,0.0,0.01,0.99,0.0,0.04039656794795559
39633297336174199,0.0,0.78,0.22,0.0,0.38008375148098283
39633293712296533,0.0,0.98,0.02,0.0,0.07072027127091034
39633300955857749,0.0,0.22,0.78,0.0,0.38008375148098283
39633300955857701,0.15,0.85,0.0,0.0,0.3049201523582002
39633293712296597,0.0,0.81,0.19,0.0,0.3507357299419487
39633293699713689,0.0,0.27,0.73,0.0,0.42073231810408784
39633297336174115,0.0,0.4,0.6,0.0,0.4854752972273343
39633293695517953,0.0,0.03,0.97,0.0,0.0971959289157881
39633293695518076,0.0,0.15,0.85,0.0,0.3049201523582002
39633282668693142,0.0,0.95,0.05,0.0,0.14319847855797813
39633290046475525,0.0,0.61,0.39,0.0,0.4823997742525436
39633290042280560,0.0,0.6,0.4,0.0,0.4854752972273343
39633278931569957,0.0,0.88,0.12,0.0,0.2646804326436822
39633271461512447,0.0,0.98,0.02,0.0,0.07072027127091034
39633282660305050,0.0,0.79,0.21,0.0,0.37074136996563684
39633286397427919,0.0,0.77,0.23,0.0,0.38900565177326885
39633271461512489,0.0,0.17,0.83,0.0,0.32885238937210975
39633290063251055,0.0,0.31,0.69,0.0,0.4465867291889284
39633271436348246,0.0,0.21,0.79,0.0,0.37074136996563684
39633278931569892,0.0,0.07,0.92,0.01,0.22283217282912027
39633278960929857,0.0,0.82,0.18,0.0,0.34003852286413994
39633300976831598,0.0,0.59,0.41,0.0,0.488250234378912
39633282664499698,0.0,0.41,0.59,0.0,0.488250234378912
39633300960051907,0.0,0.87,0.13,0.0,0.2787190925139945
39633278927374073,0.0,0.34,0.66,0.0,0.46240935248651505
39633282664499557,0.0,0.27,0.73,0.0,0.42073231810408784
39633278935761034,0.0,1.0,0.0,0.0,-0.0
39633308140701721,0.0,0.41,0.59,0.0,0.488250234378912
39633304558765839,0.0,0.9,0.1,0.0,0.2344977967946406
39633304558765692,0.0,0.79,0.21,0.0,0.37074136996563684
39633286380651954,0.0,0.82,0.18,0.0,0.34003852286413994
39633297357144453,0.0,0.09,0.91,0.0,0.21823490853205144
39633293716488580,0.0,0.03,0.96,0.01,0.13737165703039006
39633297357145619,0.0,0.98,0.02,0.0,0.07072027127091034
39633293716488793,0.0,0.5,0.5,0.0,0.5
39633275194443331,0.0,0.87,0.13,0.0,0.2787190925139945
39633286380651883,0.0,0.3,0.7,0.0,0.44064544961534635
39633293733267115,0.0,0.45,0.55,0.0,0.49638722699390414
39633304562960470,0.01,0.99,0.0,0.0,0.04039656794795559
39633297369727081,0.0,0.84,0.16,0.0,0.3171547773202831
39633263869820988,0.0,0.84,0.16,0.0,0.3171547773202831
39633300985219038,0.0,0.51,0.49,0.0,0.49985572087640495
39633286359681006,0.0,0.17,0.83,0.0,0.32885238937210975
39633282660302947,0.0,0.0,0.97,0.03,0.0971959289157881
39633293716488803,0.0,0.77,0.23,0.0,0.38900565177326885
39633267682444046,0.0,0.99,0.01,0.0,0.04039656794795559
39633300985219051,0.0,0.12,0.88,0.0,0.2646804326436822
39633263865630030,0.0,0.95,0.05,0.0,0.14319847855797813
39633282660303000,0.0,0.03,0.97,0.0,0.0971959289157881
39633263865629874,0.0,0.33,0.67,0.0,0.4574631863898637
39633286376459449,0.0,0.84,0.16,0.0,0.3171547773202831
39633297336174354,0.0,0.5,0.5,0.0,0.5
39633297336173999,0.0,0.95,0.05,0.0,0.14319847855797813
39633267669863312,0.0,0.64,0.36,0.0,0.4713415946277461
39633278931567683,0.0,0.19,0.81,0.0,0.3507357299419487
39633282681276925,0.0,0.59,0.41,0.0,0.488250234378912
39633304571347884,0.0,0.72,0.28,0.0,0.4277254052800653
39633271469900712,0.0,0.91,0.09,0.0,0.21823490853205144
39633271440540042,0.0,0.22,0.78,0.0,0.38008375148098283
39633271469900298,0.0,0.91,0.09,0.0,0.21823490853205144
39633271444735472,0.0,0.15,0.85,0.0,0.3049201523582002
39633293724878346,0.0,0.56,0.44,0.0,0.4947937606110278
39633293708101177,0.0,0.11,0.89,0.0,0.249957979082264
39633275215415031,0.0,0.01,0.94,0.05,0.1832231322266888
39633290038086739,0.0,0.01,0.99,0.0,0.04039656794795559
39633300955859191,0.0,0.14,0.86,0.0,0.292119405821428
39633271444735401,0.0,0.47,0.53,0.0,0.4987007942838698
39633271444735355,0.0,0.81,0.19,0.0,0.3507357299419487
39633275190249580,0.0,0.8,0.2,0.0,0.36096404744368116
39633297361340052,0.0,0.0,0.99,0.01,0.04039656794795559
39633278960928305,0.0,0.96,0.04,0.0,0.12114609454120741
39633304571349032,0.0,0.64,0.36,0.0,0.4713415946277461
39633282681276970,0.0,1.0,0.0,0.0,-0.0
39633278939957476,0.0,0.12,0.88,0.0,0.2646804326436822
39633282685468849,0.0,0.32,0.68,0.0,0.45219072886224687
39633282681276286,0.0,0.21,0.79,0.0,0.37074136996563684
39633282681276978,0.0,0.01,0.98,0.01,0.08072027127091033
39633282681276813,0.0,0.88,0.12,0.0,0.2646804326436822
39633282681277004,0.0,0.45,0.55,0.0,0.49638722699390414
39633282681277223,0.0,0.33,0.67,0.0,0.4574631863898637
39633278935761336,0.0,0.04,0.93,0.03,0.2174448102113104
39633282689663819,0.0,0.44,0.56,0.0,0.4947937606110278
39633271461512865,0.0,0.62,0.38,0.0,0.47902101111314976
39633282689663841,0.0,0.12,0.88,0.0,0.2646804326436822
39633286380651841,0.0,0.0,0.99,0.01,0.04039656794795559
39633290046475497,0.0,0.83,0.17,0.0,0.32885238937210975
39633282685470214,0.0,1.0,0.0,0.0,-0.0
39633282685470402,0.0,0.1,0.9,0.0,0.2344977967946406
39633282685471031,0.0,0.88,0.12,0.0,0.2646804326436822
39633271461511654,0.01,0.97,0.02,0.0,0.11097036642660543
39633282681276310,0.0,0.75,0.25,0.0,0.4056390622295664
39633282689664217,0.0,0.83,0.17,0.0,0.32885238937210975
39633282681276656,0.0,0.1,0.9,0.0,0.2344977967946406
39633282685471983,0.0,0.15,0.85,0.0,0.3049201523582002
39633282681276679,0.0,0.14,0.86,0.0,0.292119405821428
39633282689663842,0.0,0.51,0.49,0.0,0.49985572087640495
39633282685472016,0.0,0.21,0.79,0.0,0.37074136996563684
39633282681276724,0.0,0.35,0.65,0.0,0.4670340276877455
39633282685469248,0.0,0.01,0.98,0.01,0.08072027127091033
39633278939956827,0.0,0.22,0.78,0.0,0.38008375148098283
39633282685469236,0.0,0.09,0.91,0.0,0.21823490853205144
39633282681276236,0.0,0.03,0.93,0.04,0.2174448102113104
39633282681276752,0.0,0.41,0.59,0.0,0.488250234378912
39633282693858028,0.0,0.73,0.27,0.0,0.42073231810408784
39633286363875981,0.0,0.36,0.64,0.0,0.4713415946277461
39633282689665528,0.0,0.32,0.68,0.0,0.45219072886224687
39633278973509894,0.0,0.91,0.09,0.0,0.21823490853205144
39633300985219570,0.0,0.36,0.64,0.0,0.4713415946277461
39633282656112157,0.0,0.31,0.69,0.0,0.4465867291889284
39633275215413758,0.0,0.0,0.98,0.02,0.07072027127091034
39633282656112469,0.0,0.2,0.8,0.0,0.36096404744368116
39633271440543578,0.0,0.0,0.99,0.01,0.04039656794795559
39633271436348765,0.0,0.01,0.99,0.0,0.04039656794795559
39633275211221324,0.0,0.15,0.85,0.0,0.3049201523582002
39633290042279333,0.0,0.12,0.88,0.0,0.2646804326436822
39633290042279298,0.0,0.27,0.73,0.0,0.42073231810408784
39633290042278567,0.0,0.06,0.94,0.0,0.16372245957723813
39633304562960845,0.0,0.98,0.02,0.0,0.07072027127091034
39633304562960787,0.0,0.05,0.95,0.0,0.14319847855797813
39633300955860243,0.0,0.09,0.91,0.0,0.21823490853205144
39633304562960618,0.0,0.0,1.0,0.0,-0.0
39633275211219410,0.0,0.58,0.42,0.0,0.49072694751682683
39633297352953370,0.0,0.49,0.51,0.0,0.49985572087640495
39633300985219585,0.0,0.9,0.1,0.0,0.2344977967946406
39633275207028053,0.0,0.18,0.82,0.0,0.34003852286413994
39633304567155101,0.0,0.0,0.95,0.05,0.14319847855797813
39633290046473774,0.0,0.11,0.89,0.0,0.249957979082264
39633286363875787,0.0,0.21,0.79,0.0,0.37074136996563684
39633297369727996,0.0,0.05,0.95,0.0,0.14319847855797813
39633282651916499,0.01,0.95,0.04,0.0,0.16124668093016215
39633304575541404,0.0,0.1,0.9,0.0,0.2344977967946406
39633282651916516,0.0,0.99,0.01,0.0,0.04039656794795559
39633304571349172,0.0,0.76,0.24,0.0,0.39752013969226113
39633297365535730,0.0,0.96,0.04,0.0,0.12114609454120741
39633275219608497,0.0,0.72,0.28,0.0,0.4277254052800653
39633275219608429,0.0,0.2,0.8,0.0,0.36096404744368116
39633304571347616,0.0,0.23,0.77,0.0,0.38900565177326885
39633275215415766,0.0,0.51,0.49,0.0,0.49985572087640495
39633304571347054,0.0,0.04,0.96,0.0,0.12114609454120741
39633304571347016,0.0,0.05,0.95,0.0,0.14319847855797813
39633304567155495,0.0,0.16,0.84,0.0,0.3171547773202831
39633282656111275,0.0,0.03,0.97,0.0,0.0971959289157881
39633282656111302,0.0,0.19,0.81,0.0,0.3507357299419487
39633304567154958,0.0,0.62,0.38,0.0,0.47902101111314976
39633293724878688,0.0,0.07,0.93,0.0,0.18296182545011158
39633290033891273,0.0,0.14,0.85,0.01,0.33142210248480686
39633271448930344,0.0,0.28,0.72,0.0,0.4277254052800653
39633293733265659,0.0,0.54,0.46,0.0,0.49768921941011285
39633271465708871,0.0,0.25,0.75,0.0,0.4056390622295664
39633286368069274,0.0,0.0,0.98,0.02,0.07072027127091034
39633278948346937,0.0,0.32,0.68,0.0,0.45219072886224687
39633290050668028,0.0,0.4,0.6,0.0,0.4854752972273343
39633293733267095,0.0,0.71,0.29,0.0,0.43436062316970225
39633286368070754,0.0,0.66,0.34,0.0,0.46240935248651505
39633271448931411,0.0,0.15,0.85,0.0,0.3049201523582002
39633297344562875,0.0,1.0,0.0,0.0,-0.0
39633282677081221,0.0,0.68,0.32,0.0,0.45219072886224687
39633297344562840,0.0,0.02,0.98,0.0,0.07072027127091034
39633297344562839,0.0,0.08,0.92,0.0,0.2010895951011364
39633278944153105,0.0,0.91,0.09,0.0,0.21823490853205144
39633278944153059,0.0,0.23,0.77,0.0,0.38900565177326885
39633300951664666,0.0,0.97,0.03,0.0,0.0971959289157881
39633290033891342,0.0,0.02,0.98,0.0,0.07072027127091034
39633290050667587,0.0,0.72,0.28,0.0,0.4277254052800653
39633278952540705,0.0,0.48,0.52,0.0,0.4994227679976009
39633275202832451,0.0,0.05,0.95,0.0,0.14319847855797813
39633275202831884,0.0,0.36,0.64,0.0,0.4713415946277461
39633286363876725,0.0,0.0,1.0,0.0,-0.0
39633275202830901,0.0,0.25,0.75,0.0,0.4056390622295664
39633282664498968,0.0,0.55,0.45,0.0,0.49638722699390414
39633278960927385,0.0,0.36,0.64,0.0,0.4713415946277461
39633275198639346,0.0,0.85,0.15,0.0,0.3049201523582002
39633282664499538,0.0,0.21,0.79,0.0,0.37074136996563684
39633278960927201,0.0,0.98,0.02,0.0,0.07072027127091034
39633278960927076,0.0,0.02,0.98,0.0,0.07072027127091034
39633290033891645,0.0,0.21,0.79,0.0,0.37074136996563684
39633275190250403,0.0,0.12,0.88,0.0,0.2646804326436822
39633275190250398,0.0,0.6,0.4,0.0,0.4854752972273343
39633275190250328,0.0,0.08,0.92,0.0,0.2010895951011364
39633286368068143,0.0,0.05,0.95,0.0,0.14319847855797813
39633271444736910,0.0,0.96,0.04,0.0,0.12114609454120741
39633275194444763,0.0,0.52,0.48,0.0,0.4994227679976009
39633293708101203,0.0,0.09,0.91,0.0,0.21823490853205144
39633267669862816,0.0,0.79,0.21,0.0,0.37074136996563684
39633300972634979,0.0,0.19,0.81,0.0,0.3507357299419487
39633300976832364,0.0,0.52,0.48,0.0,0.4994227679976009
39633271448931688,0.0,0.75,0.25,0.0,0.4056390622295664
39633267669863151,0.0,0.35,0.65,0.0,0.4670340276877455
39633282693859571,0.0,0.81,0.19,0.0,0.3507357299419487
39633271453123659,0.0,0.12,0.88,0.0,0.2646804326436822
39633300972635757,0.0,0.0,1.0,0.0,-0.0
39633271453122662,0.0,1.0,0.0,0.0,-0.0
39633271448931627,0.0,0.45,0.55,0.0,0.49638722699390414
39633271453125041,0.0,0.19,0.81,0.0,0.3507357299419487
39633286355487074,0.0,0.02,0.97,0.01,0.11097036642660543
39633271448931524,0.0,0.68,0.32,0.0,0.45219072886224687
39633271453124028,0.0,0.01,0.99,0.0,0.04039656794795559
39633271453123885,0.0,0.07,0.93,0.0,0.18296182545011158
39633271453123818,0.0,0.06,0.94,0.0,0.16372245957723813
39633267669862922,0.0,0.74,0.26,0.0,0.4133731862463089
39633282693859531,0.0,0.94,0.06,0.0,0.16372245957723813
39633286355486543,0.0,0.76,0.24,0.0,0.39752013969226113
39633267669863022,0.0,0.69,0.31,0.0,0.4465867291889284
39633271448931685,0.0,0.7,0.3,0.0,0.44064544961534635
39633267669863085,0.0,0.83,0.17,0.0,0.32885238937210975
39633271448931574,0.0,0.2,0.8,0.0,0.36096404744368116
39633267669862276,0.0,0.5,0.5,0.0,0.5
39633286355484796,0.0,0.98,0.02,0.0,0.07072027127091034
39633300976830511,0.0,0.86,0.14,0.0,0.292119405821428
39633286397428214,0.0,0.35,0.65,0.0,0.4670340276877455
39633293699712566,0.0,0.89,0.11,0.0,0.249957979082264
39633267669862725,0.0,0.87,0.13,0.0,0.2787190925139945
39633293699712600,0.0,0.73,0.27,0.0,0.42073231810408784
39633286351294082,0.0,0.58,0.42,0.0,0.49072694751682683
39633293699712670,0.0,0.51,0.49,0.0,0.49985572087640495
39633271453122893,0.0,0.25,0.75,0.0,0.4056390622295664
39633286384847528,0.0,0.44,0.56,0.0,0.4947937606110278
39633304575541345,0.0,0.38,0.62,0.0,0.47902101111314976
39633271436348926,0.0,0.14,0.86,0.0,0.292119405821428
39633271436348870,0.0,0.36,0.64,0.0,0.4713415946277461
39633275223803080,0.0,0.47,0.53,0.0,0.4987007942838698
39633286384847415,0.0,0.7,0.3,0.0,0.44064544961534635
39633286380652119,0.0,0.03,0.97,0.0,0.0971959289157881
39633286384847435,0.0,0.51,0.49,0.0,0.49985572087640495
39633286389041439,0.0,0.93,0.07,0.0,0.18296182545011158
39633278935761032,0.0,0.81,0.19,0.0,0.3507357299419487
39633293699712412,0.0,0.25,0.75,0.0,0.4056390622295664
39633282672888569,0.0,0.07,0.93,0.0,0.18296182545011158
39633282672888504,0.0,0.11,0.89,0.0,0.249957979082264
39633267669863590,0.0,0.37,0.63,0.0,0.47533604634353294
39633278948344270,0.0,0.07,0.93,0.0,0.18296182545011158
39633278948344229,0.0,0.46,0.54,0.0,0.49768921941011285
39633278948347632,0.0,0.93,0.07,0.0,0.18296182545011158
39633282672887177,0.0,0.03,0.95,0.02,0.1674722434193448
39633304554571125,0.0,0.88,0.12,0.0,0.2646804326436822
39633304558764482,0.0,0.77,0.23,0.0,0.38900565177326885
39633267674054847,0.0,0.0,0.78,0.22,0.38008375148098283
39633300981022844,0.0,0.78,0.22,0.0,0.38008375148098283
39633286368071272,0.0,0.33,0.67,0.0,0.4574631863898637
39633271453122605,0.0,0.66,0.34,0.0,0.46240935248651505
39633282689664048,0.0,0.0,0.82,0.18,0.34003852286413994
39633282689664139,0.0,0.22,0.78,0.0,0.38008375148098283
39633290050668533,0.0,0.04,0.96,0.0,0.12114609454120741
39633282689664151,0.0,0.62,0.38,0.0,0.47902101111314976
39633290033893041,0.0,0.54,0.46,0.0,0.49768921941011285
39633271448931583,0.0,0.94,0.06,0.0,0.16372245957723813
39633290038084635,0.0,0.02,0.98,0.0,0.07072027127091034
39633278935764005,0.0,0.35,0.65,0.0,0.4670340276877455
39633290038085746,0.0,0.02,0.98,0.0,0.07072027127091034
39633267674055930,0.0,0.79,0.21,0.0,0.37074136996563684
39633290038085855,0.0,0.6,0.4,0.0,0.4854752972273343
39633267661473083,0.0,0.2,0.8,0.0,0.36096404744368116
39633271448931495,0.0,0.13,0.87,0.0,0.2787190925139945
39633278969317174,0.0,0.35,0.65,0.0,0.4670340276877455
39633271448931679,0.0,0.44,0.56,0.0,0.4947937606110278
39633278956733066,0.0,1.0,0.0,0.0,-0.0
39633282668691983,0.0,0.36,0.64,0.0,0.4713415946277461
39633278956733179,0.0,0.71,0.29,0.0,0.43436062316970225
39633286368069268,0.0,0.88,0.12,0.0,0.2646804326436822
39633278956733299,0.0,0.87,0.13,0.0,0.2787190925139945
39633290033892869,0.0,0.24,0.76,0.0,0.39752013969226113
39633278956733173,0.0,0.16,0.84,0.0,0.3171547773202831
39633300955858140,0.0,0.03,0.97,0.0,0.0971959289157881
39633300981023016,0.0,0.24,0.76,0.0,0.39752013969226113
39633297344562830,0.0,0.01,0.99,0.0,0.04039656794795559
39633300960053171,0.0,0.4,0.6,0.0,0.4854752972273343
39633293708102099,0.0,0.11,0.89,0.0,0.249957979082264
39633293708102440,0.0,0.54,0.46,0.0,0.49768921941011285
39633297340370049,0.0,0.11,0.89,0.0,0.249957979082264
39633297340369808,0.0,0.28,0.72,0.0,0.4277254052800653
39633290050666652,0.0,0.34,0.66,0.0,0.46240935248651505
39633286359682034,0.0,0.87,0.13,0.0,0.2787190925139945
39633267674055864,0.0,0.7,0.3,0.0,0.44064544961534635
39633278939956812,0.0,0.95,0.05,0.0,0.14319847855797813
39633275219610028,0.0,0.01,0.99,0.0,0.04039656794795559
39633300981025187,0.0,0.71,0.29,0.0,0.43436062316970225
39633282647723272,0.0,0.29,0.71,0.0,0.43436062316970225
39633278973511684,0.0,0.49,0.51,0.0,0.49985572087640495
39633278973511581,0.01,0.97,0.02,0.0,0.11097036642660543
39633300985220256,0.0,0.91,0.09,0.0,0.21823490853205144
39633282656111158,0.0,0.98,0.02,0.0,0.07072027127091034
39633282656111244,0.0,0.51,0.49,0.0,0.49985572087640495
39633300985219918,0.0,0.7,0.3,0.0,0.44064544961534635
39633271453122627,0.01,0.95,0.04,0.0,0.16124668093016215
39633290038084434,0.0,0.0,0.97,0.03,0.0971959289157881
39633271444734172,0.0,0.0,0.89,0.11,0.249957979082264
39633271453122760,0.0,0.32,0.68,0.0,0.45219072886224687
39633300981023010,0.0,0.17,0.82,0.01,0.3678974314876692
39633275194445069,0.0,0.0,0.94,0.06,0.16372245957723813
39633275194445061,0.0,0.02,0.98,0.0,0.07072027127091034
39633278965122424,0.0,0.06,0.94,0.0,0.16372245957723813
39633271465709088,0.0,0.03,0.95,0.02,0.1674722434193448
39633271436346051,0.0,0.56,0.44,0.0,0.4947937606110278
39633275219609691,0.0,0.94,0.06,0.0,0.16372245957723813
39633304558767135,0.01,0.98,0.01,0.0,0.08072027127091033
39633278965122504,0.0,0.21,0.79,0.0,0.37074136996563684
39633282668694442,0.0,0.34,0.66,0.0,0.46240935248651505
39633297357144152,0.0,0.0,0.88,0.12,0.2646804326436822
39633286351292691,0.0,0.53,0.47,0.0,0.4987007942838698
39633267661474669,0.0,0.96,0.04,0.0,0.12114609454120741
39633304567153700,0.0,0.36,0.64,0.0,0.4713415946277461
39633267661474789,0.0,0.62,0.38,0.0,0.47902101111314976
39633300955860151,0.0,0.42,0.58,0.0,0.49072694751682683
39633286363873307,0.0,0.0,1.0,0.0,-0.0
39633300976832044,0.0,0.33,0.67,0.0,0.4574631863898637
39633300976832029,0.0,0.39,0.61,0.0,0.4823997742525436
39633282698052016,0.0,0.22,0.78,0.0,0.38008375148098283
39633282656112414,0.0,0.76,0.24,0.0,0.39752013969226113
39633282693859718,0.0,0.92,0.08,0.0,0.2010895951011364
39633278960927736,0.0,0.06,0.94,0.0,0.16372245957723813
39633271444734659,0.0,0.93,0.07,0.0,0.18296182545011158
39633271444734147,0.0,0.9,0.1,0.0,0.2344977967946406
39633282681276997,0.0,0.96,0.04,0.0,0.12114609454120741
39633267674057258,0.0,0.0,0.97,0.03,0.0971959289157881
39633282689664196,0.0,0.98,0.02,0.0,0.07072027127091034
39633300981025063,0.01,0.96,0.03,0.0,0.13737165703039006
39633290033891245,0.0,0.09,0.9,0.01,0.2579475764741046
39633293691325872,0.0,0.82,0.18,0.0,0.34003852286413994
39633282672888529,0.0,0.9,0.1,0.0,0.2344977967946406
39633300985217631,0.0,0.67,0.33,0.0,0.4574631863898637
39633282677081767,0.0,0.0,0.63,0.37,0.47533604634353294
39633282677081820,0.0,0.0,0.92,0.08,0.2010895951011364
39633286389041395,0.0,0.65,0.35,0.0,0.4670340276877455
39633271465708744,0.0,0.02,0.98,0.0,0.07072027127091034
39633278927373081,0.0,0.14,0.86,0.0,0.292119405821428
39633271465708888,0.0,0.05,0.94,0.01,0.1832231322266888
39633275194444741,0.0,0.06,0.94,0.0,0.16372245957723813
39633300985217884,0.0,0.79,0.21,0.0,0.37074136996563684
39633278927373101,0.0,0.1,0.9,0.0,0.2344977967946406
39633267674057236,0.0,0.04,0.96,0.0,0.12114609454120741
39633286389041472,0.0,0.46,0.54,0.0,0.49768921941011285
39633286355486816,0.0,0.24,0.76,0.0,0.39752013969226113
39633271440541331,0.0,0.99,0.01,0.0,0.04039656794795559
39633297348757516,0.0,0.56,0.44,0.0,0.4947937606110278
39633290033891333,0.0,0.94,0.06,0.0,0.16372245957723813
39633290033889653,0.0,0.41,0.59,0.0,0.488250234378912
39633275202832764,0.0,0.0,0.82,0.18,0.34003852286413994
39633293691324285,0.0,0.0,0.99,0.01,0.04039656794795559
39633304562961290,0.0,0.5,0.5,0.0,0.5
39633304562961240,0.0,0.74,0.26,0.0,0.4133731862463089
39633267674057339,0.0,0.38,0.62,0.0,0.47902101111314976
39633275215414855,0.0,0.4,0.6,0.0,0.4854752972273343
39633282689664015,0.0,0.71,0.29,0.0,0.43436062316970225
39633271436347109,0.0,0.24,0.76,0.0,0.39752013969226113
39633278960927032,0.0,0.35,0.65,0.0,0.4670340276877455
39633297373922003,0.0,0.89,0.11,0.0,0.249957979082264
39633290063251041,0.0,0.47,0.53,0.0,0.4987007942838698
39633278923181950,0.0,1.0,0.0,0.0,-0.0
39633275207027044,0.0,0.48,0.52,0.0,0.4994227679976009
39633263869822578,0.0,0.96,0.04,0.0,0.12114609454120741
39633275202833464,0.0,0.95,0.05,0.0,0.14319847855797813
39633300964249102,0.0,0.31,0.69,0.0,0.4465867291889284
39633297340368315,0.0,0.36,0.64,0.0,0.4713415946277461
39633275198637198,0.0,0.89,0.11,0.0,0.249957979082264
39633300955857868,0.0,0.01,0.99,0.0,0.04039656794795559
39633300968439876,0.0,0.16,0.84,0.0,0.3171547773202831
39633275198637222,0.0,0.99,0.01,0.0,0.04039656794795559
39633293716489049,0.0,0.34,0.65,0.01,0.49978987264055696
39633293716489011,0.0,0.32,0.68,0.0,0.45219072886224687
39633271448931371,0.0,0.01,0.98,0.01,0.08072027127091033
39633293733267207,0.0,0.0,0.62,0.38,0.47902101111314976
39633293733267158,0.0,0.88,0.12,0.0,0.2646804326436822
39633293720683474,0.0,0.61,0.39,0.0,0.4823997742525436
39633293716488918,0.0,0.37,0.63,0.0,0.47533604634353294
39633271457320419,0.0,0.14,0.86,0.0,0.292119405821428
39633271457320457,0.0,0.31,0.69,0.0,0.4465867291889284
39633290071640430,0.0,0.61,0.39,0.0,0.4823997742525436
39633293720682725,0.01,0.97,0.02,0.0,0.11097036642660543
39633275198637001,0.0,0.02,0.96,0.02,0.14114609454120738
39633263869822036,0.0,0.41,0.59,0.0,0.488250234378912
39633263869822286,0.0,1.0,0.0,0.0,-0.0
39633300964249067,0.0,0.09,0.91,0.0,0.21823490853205144
39633300951664776,0.0,0.88,0.12,0.0,0.2646804326436822
39633300951664866,0.0,0.35,0.65,0.0,0.4670340276877455
39633297340369295,0.0,0.1,0.9,0.0,0.2344977967946406
39633297340369206,0.0,0.93,0.07,0.0,0.18296182545011158
39633297340369178,0.0,0.8,0.2,0.0,0.36096404744368116
39633297340369109,0.0,0.48,0.52,0.0,0.4994227679976009
39633263869823970,0.0,0.27,0.73,0.0,0.42073231810408784
39633278948346291,0.0,0.01,0.99,0.0,0.04039656794795559
39633278935763360,0.0,0.01,0.99,0.0,0.04039656794795559
39633267661474267,0.0,0.86,0.14,0.0,0.292119405821428
39633282685468822,0.0,0.42,0.58,0.0,0.49072694751682683
39633271457320338,0.0,0.1,0.9,0.0,0.2344977967946406
39633267661474219,0.0,0.39,0.61,0.0,0.4823997742525436
39633304571349324,0.0,0.96,0.04,0.0,0.12114609454120741
39633271457320332,0.0,0.8,0.2,0.0,0.36096404744368116
39633290042278230,0.0,0.02,0.98,0.0,0.07072027127091034
39633267661473835,0.0,0.62,0.38,0.0,0.47902101111314976
39633271440540906,0.0,0.52,0.48,0.0,0.4994227679976009
39633271457320231,0.0,0.03,0.97,0.0,0.0971959289157881
39633297365534135,0.0,0.49,0.51,0.0,0.49985572087640495
39633282685468721,0.0,0.0,1.0,0.0,-0.0
39633275219607765,0.0,0.63,0.37,0.0,0.47533604634353294
39633290054860996,0.0,0.02,0.98,0.0,0.07072027127091034
39633290054861116,0.0,0.6,0.4,0.0,0.4854752972273343
39633297369727398,0.0,0.01,0.99,0.0,0.04039656794795559
39633271440540551,0.0,0.48,0.52,0.0,0.4994227679976009
39633282651914410,0.0,0.03,0.97,0.0,0.0971959289157881
39633271457320395,0.0,0.0,1.0,0.0,-0.0
39633275190251268,0.0,0.43,0.57,0.0,0.4929075185894599
39633282693857834,0.0,0.95,0.05,0.0,0.14319847855797813
39633293729072509,0.0,0.93,0.07,0.0,0.18296182545011158
39633282672889275,0.0,0.3,0.7,0.0,0.44064544961534635
39633278948343828,0.0,0.0,1.0,0.0,-0.0
39633282693857691,0.0,0.25,0.75,0.0,0.4056390622295664
39633275223804269,0.0,0.02,0.97,0.01,0.11097036642660543
39633304554570734,0.0,0.79,0.21,0.0,0.37074136996563684
39633267657279603,0.0,0.19,0.81,0.0,0.3507357299419487
39633282693857957,0.0,0.06,0.94,0.0,0.16372245957723813
39633278969317479,0.0,0.86,0.14,0.0,0.292119405821428
39633278969317888,0.0,0.93,0.07,0.0,0.18296182545011158
39633271448928548,0.0,0.85,0.15,0.0,0.3049201523582002
39633275198636768,0.0,0.0,0.99,0.01,0.04039656794795559
39633278931567541,0.0,0.26,0.74,0.0,0.4133731862463089
39633271448928534,0.0,0.06,0.94,0.0,0.16372245957723813
39633278960928223,0.0,0.02,0.97,0.01,0.11097036642660543
39633278948345620,0.0,0.0,0.98,0.02,0.07072027127091034
39633297357145109,0.0,0.92,0.08,0.0,0.2010895951011364
39633282656110593,0.0,0.45,0.55,0.0,0.49638722699390414
39633271448928517,0.0,0.89,0.11,0.0,0.249957979082264
39633282677080156,0.0,0.29,0.71,0.0,0.43436062316970225
39633293724878036,0.0,0.96,0.04,0.0,0.12114609454120741
39633271457319165,0.0,0.43,0.57,0.0,0.4929075185894599
39633297357145081,0.0,0.91,0.09,0.0,0.21823490853205144
39633275219609467,0.0,0.43,0.57,0.0,0.4929075185894599
39633278927374303,0.0,0.09,0.91,0.0,0.21823490853205144
39633278969318608,0.0,1.0,0.0,0.0,-0.0
39633297369727485,0.0,0.38,0.62,0.0,0.47902101111314976
39633293733266419,0.0,0.85,0.15,0.0,0.3049201523582002
39633293733266405,0.0,0.47,0.53,0.0,0.4987007942838698
39633293703908525,0.0,0.33,0.67,0.0,0.4574631863898637
39633271448928296,0.0,0.16,0.84,0.0,0.3171547773202831
39633293724878653,0.0,0.32,0.68,0.0,0.45219072886224687
39633278927374421,0.0,0.91,0.09,0.0,0.21823490853205144
39633297369727281,0.0,0.4,0.6,0.0,0.4854752972273343
39633278927374536,0.0,0.66,0.34,0.0,0.46240935248651505
39633278969317950,0.0,0.04,0.96,0.0,0.12114609454120741
39633293720685203,0.0,0.89,0.11,0.0,0.249957979082264
39633278960929343,0.0,0.52,0.48,0.0,0.4994227679976009
39633267657279616,0.0,0.32,0.68,0.0,0.45219072886224687
39633293720685323,0.0,0.53,0.47,0.0,0.4987007942838698
39633282668694989,0.0,0.62,0.38,0.0,0.47902101111314976
39633271448931542,0.0,0.72,0.28,0.0,0.4277254052800653
39633297357144941,0.0,0.01,0.93,0.06,0.20367037270049304
39633286368068602,0.0,0.01,0.99,0.0,0.04039656794795559
39633290042278171,0.0,0.97,0.03,0.0,0.0971959289157881
39633278927375702,0.0,1.0,0.0,0.0,-0.0
39633290042278468,0.0,1.0,0.0,0.0,-0.0
39633267665669166,0.0,0.98,0.02,0.0,0.07072027127091034
39633293712295347,0.0,0.88,0.12,0.0,0.2646804326436822
39633271444735842,0.0,0.57,0.43,0.0,0.4929075185894599
39633271436348593,0.0,0.03,0.97,0.0,0.0971959289157881
39633297361339981,0.0,1.0,0.0,0.0,-0.0
39633297361339974,0.0,0.85,0.15,0.0,0.3049201523582002
39633297361339952,0.0,0.05,0.95,0.0,0.14319847855797813
39633297361339930,0.0,0.56,0.44,0.0,0.4947937606110278
39633290046472258,0.0,0.38,0.62,0.0,0.47902101111314976
39633271440541826,0.0,0.01,0.98,0.01,0.08072027127091033
39633297361339923,0.0,0.99,0.01,0.0,0.04039656794795559
39633297361339897,0.0,0.0,1.0,0.0,-0.0
39633278952539909,0.0,0.99,0.01,0.0,0.04039656794795559
39633297361339841,0.0,0.01,0.98,0.01,0.08072027127091033
39633297361339820,0.0,0.06,0.94,0.0,0.16372245957723813
39633278952540439,0.0,0.17,0.83,0.0,0.32885238937210975
39633271444735399,0.0,0.3,0.7,0.0,0.44064544961534635
39633297352950003,0.0,0.35,0.65,0.0,0.4670340276877455
39633271457319323,0.0,0.09,0.91,0.0,0.21823490853205144
39633271444735867,0.0,0.25,0.75,0.0,0.4056390622295664
39633271444735935,0.0,0.06,0.94,0.0,0.16372245957723813
39633304562961737,0.0,0.93,0.07,0.0,0.18296182545011158
39633271444735551,0.0,0.48,0.52,0.0,0.4994227679976009
39633278956732892,0.0,0.59,0.41,0.0,0.488250234378912
39633290046472420,0.0,0.08,0.91,0.01,0.24088153359695552
39633275211220427,0.0,0.94,0.06,0.0,0.16372245957723813
39633271436347529,0.0,0.99,0.01,0.0,0.04039656794795559
39633282689666033,0.0,0.78,0.22,0.0,0.38008375148098283
39633304562960974,0.0,0.32,0.68,0.0,0.45219072886224687
39633275211221896,0.0,0.18,0.82,0.0,0.34003852286413994
39633300976832047,0.0,0.73,0.27,0.0,0.42073231810408784
39633271440543149,0.0,1.0,0.0,0.0,-0.0
39633297361340853,0.0,0.93,0.07,0.0,0.18296182545011158
39633293703908219,0.0,0.96,0.04,0.0,0.12114609454120741
39633275198636852,0.0,0.04,0.95,0.01,0.16124668093016215
39633271436347508,0.0,0.75,0.25,0.0,0.4056390622295664
39633290046472224,0.0,0.6,0.4,0.0,0.4854752972273343
39633278952538479,0.0,0.14,0.86,0.0,0.292119405821428
39633300955859584,0.0,0.06,0.93,0.01,0.20367037270049304
39633297352951412,0.0,0.17,0.83,0.0,0.32885238937210975
39633286393233465,0.0,0.87,0.13,0.0,0.2787190925139945
39633282689664482,0.0,0.23,0.77,0.0,0.38900565177326885
39633271444735094,0.0,0.02,0.98,0.0,0.07072027127091034
39633275202831074,0.0,0.05,0.95,0.0,0.14319847855797813
39633275202830954,0.0,0.26,0.74,0.0,0.4133731862463089
39633290042281303,0.0,0.15,0.85,0.0,0.3049201523582002
39633275202830858,0.0,0.0,0.99,0.01,0.04039656794795559
39633275202830468,0.0,0.27,0.73,0.0,0.42073231810408784
39633278948346895,0.0,0.15,0.85,0.0,0.3049201523582002
39633300985220053,0.0,0.83,0.17,0.0,0.32885238937210975
39633297361338519,0.0,0.48,0.52,0.0,0.4994227679976009
39633297361341869,0.0,0.01,0.99,0.0,0.04039656794795559
39633271436347505,0.0,0.57,0.43,0.0,0.4929075185894599
39633278965122790,0.0,0.67,0.33,0.0,0.4574631863898637
39633300955859727,0.0,0.02,0.94,0.04,0.1912713345988728
39633275207024739,0.0,0.44,0.56,0.0,0.4947937606110278
39633297361339350,0.07,0.93,0.0,0.0,0.18296182545011158
39633304558766927,0.0,0.67,0.33,0.0,0.4574631863898637
39633278952539815,0.0,0.93,0.07,0.0,0.18296182545011158
39633278952538695,0.0,0.01,0.97,0.02,0.11097036642660543
39633290067445265,0.0,0.92,0.08,0.0,0.2010895951011364
39633297361339099,0.0,0.03,0.97,0.0,0.0971959289157881
39633293729072792,0.0,0.52,0.48,0.0,0.4994227679976009
39633278952538589,0.0,0.66,0.34,0.0,0.46240935248651505
39633304558766609,0.0,0.02,0.98,0.0,0.07072027127091034
39633304558766580,0.0,0.01,0.95,0.04,0.16124668093016215
39633293729072816,0.0,0.89,0.11,0.0,0.249957979082264
39633275207024709,0.0,0.21,0.79,0.0,0.37074136996563684
39633290046473760,0.0,0.31,0.69,0.0,0.4465867291889284
39633293720685723,0.0,0.8,0.2,0.0,0.36096404744368116
39633278931569361,0.0,0.85,0.15,0.0,0.3049201523582002
39633282677082374,0.0,0.62,0.38,0.0,0.47902101111314976
39633278939956275,0.0,0.86,0.14,0.0,0.292119405821428
39633278931569360,0.0,0.0,0.97,0.03,0.0971959289157881
39633267678252363,0.0,0.08,0.92,0.0,0.2010895951011364
39633278935762367,0.0,0.2,0.8,0.0,0.36096404744368116
39633293720685597,0.0,0.09,0.91,0.0,0.21823490853205144
39633271448929429,0.0,0.19,0.81,0.0,0.3507357299419487
39633293720685845,0.0,0.93,0.07,0.0,0.18296182545011158
39633278939955459,0.0,0.11,0.89,0.0,0.249957979082264
39633300968442090,0.0,0.78,0.22,0.0,0.38008375148098283
39633278939956370,0.0,0.79,0.21,0.0,0.37074136996563684
39633278931569153,0.0,0.0,1.0,0.0,-0.0
39633278931569035,0.0,0.02,0.98,0.0,0.07072027127091034
39633267669860512,0.0,0.61,0.39,0.0,0.4823997742525436
39633282685470771,0.0,0.29,0.71,0.0,0.43436062316970225
39633293720685571,0.0,0.5,0.5,0.0,0.5
39633267669861313,0.0,0.0,1.0,0.0,-0.0
39633293703905882,0.0,0.0,0.86,0.14,0.292119405821428
39633282681276423,0.0,0.86,0.14,0.0,0.292119405821428
39633278939955524,0.0,0.13,0.87,0.0,0.2787190925139945
39633278935762136,0.0,0.23,0.77,0.0,0.38900565177326885
39633271448929290,0.0,0.86,0.14,0.0,0.292119405821428
39633278935764434,0.0,0.08,0.92,0.0,0.2010895951011364
39633278931569585,0.0,0.66,0.34,0.0,0.46240935248651505
39633282681277605,0.0,0.27,0.73,0.0,0.42073231810408784
39633290046475280,0.0,0.12,0.88,0.0,0.2646804326436822
39633278935762546,0.0,0.01,0.98,0.01,0.08072027127091033
39633278935763719,0.01,0.97,0.02,0.0,0.11097036642660543
39633297340370234,0.0,0.79,0.21,0.0,0.37074136996563684
39633282677082929,0.0,0.16,0.84,0.0,0.3171547773202831
39633278935762714,0.0,0.72,0.28,0.0,0.4277254052800653
39633282677082630,0.0,0.13,0.87,0.0,0.2787190925139945
39633267669860533,0.0,0.26,0.74,0.0,0.4133731862463089
39633282681276309,0.0,0.29,0.71,0.0,0.43436062316970225
39633282677082899,0.0,0.8,0.2,0.0,0.36096404744368116
39633290046474982,0.0,0.01,0.99,0.0,0.04039656794795559
39633267669863417,0.01,0.84,0.15,0.0,0.3441379826496441
39633271465705549,0.0,0.05,0.95,0.0,0.14319847855797813
39633293729072563,0.0,0.92,0.08,0.0,0.2010895951011364
39633282651916664,0.0,0.6,0.4,0.0,0.4854752972273343
39633267669861090,0.0,0.43,0.57,0.0,0.4929075185894599
39633271453124259,0.0,0.44,0.56,0.0,0.4947937606110278
39633278948346431,0.0,0.09,0.91,0.0,0.21823490853205144
39633282693858299,0.0,0.03,0.97,0.0,0.0971959289157881
39633278948345436,0.0,1.0,0.0,0.0,-0.0
39633278952539964,0.0,0.17,0.83,0.0,0.32885238937210975
39633278948345505,0.0,0.78,0.22,0.0,0.38008375148098283
39633278948345524,0.01,0.85,0.14,0.0,0.33142210248480686
39633278948345623,0.0,0.69,0.31,0.0,0.4465867291889284
39633275198640047,0.0,0.85,0.15,0.0,0.3049201523582002
39633282656110264,0.0,0.97,0.03,0.0,0.0971959289157881
39633282693858256,0.0,0.77,0.23,0.0,0.38900565177326885
39633300964249152,0.0,0.21,0.79,0.0,0.37074136996563684
39633282656110253,0.0,0.9,0.1,0.0,0.2344977967946406
39633293695520195,0.0,0.03,0.97,0.0,0.0971959289157881
39633297348757104,0.0,0.07,0.92,0.01,0.22283217282912027
39633293720685327,0.0,0.36,0.64,0.0,0.4713415946277461
39633282677080237,0.0,0.1,0.9,0.0,0.2344977967946406
39633290067446347,0.0,0.14,0.86,0.0,0.292119405821428
39633293695520233,0.0,0.41,0.59,0.0,0.488250234378912
39633297357146380,0.0,0.8,0.2,0.0,0.36096404744368116
39633282656110278,0.0,0.98,0.02,0.0,0.07072027127091034
39633271444735561,0.0,0.91,0.09,0.0,0.21823490853205144
39633271453124222,0.0,0.47,0.53,0.0,0.4987007942838698
39633271440541872,0.0,0.0,0.68,0.32,0.45219072886224687
39633290063249605,0.0,0.61,0.39,0.0,0.4823997742525436
39633282677080105,0.0,0.69,0.31,0.0,0.4465867291889284
39633290038084716,0.0,0.01,0.95,0.04,0.16124668093016215
39633297369727331,0.0,0.15,0.85,0.0,0.3049201523582002
39633267678250387,0.0,0.8,0.2,0.0,0.36096404744368116
39633297369727198,0.0,1.0,0.0,0.0,-0.0
39633275190249746,0.0,0.59,0.41,0.0,0.488250234378912
39633275190249792,0.0,0.2,0.8,0.0,0.36096404744368116
39633290038084248,0.0,0.64,0.36,0.0,0.4713415946277461
39633282681276253,0.0,0.03,0.97,0.0,0.0971959289157881
39633293716489174,0.0,0.3,0.7,0.0,0.44064544961534635
39633271448931444,0.0,0.0,0.98,0.02,0.07072027127091034
39633290050669631,0.0,0.74,0.26,0.0,0.4133731862463089
39633271444735693,0.0,0.87,0.13,0.0,0.2787190925139945
39633278931568097,0.0,0.68,0.32,0.0,0.45219072886224687
39633267678252597,0.0,0.73,0.27,0.0,0.42073231810408784
39633275215414573,0.0,0.05,0.95,0.0,0.14319847855797813
39633282681277633,0.0,0.02,0.93,0.05,0.2131710453499437
39633282677082669,0.0,0.99,0.01,0.0,0.04039656794795559
39633297365535196,0.0,0.0,1.0,0.0,-0.0
39633275215414563,0.0,0.09,0.91,0.0,0.21823490853205144
39633275190250564,0.0,0.14,0.86,0.0,0.292119405821428
39633297352951463,0.0,0.39,0.61,0.0,0.4823997742525436
39633275198639997,0.0,0.58,0.42,0.0,0.49072694751682683
39633267678252618,0.0,0.13,0.87,0.0,0.2787190925139945
39633300960054220,0.0,0.07,0.93,0.0,0.18296182545011158
39633271448931613,0.0,0.43,0.57,0.0,0.4929075185894599
39633282681277575,0.0,0.55,0.45,0.0,0.49638722699390414
39633267678252734,0.0,0.97,0.03,0.0,0.0971959289157881
39633278948343831,0.0,0.82,0.18,0.0,0.34003852286413994
39633286368070428,0.05,0.94,0.01,0.0,0.1832231322266888
39633293703906303,0.0,0.15,0.85,0.0,0.3049201523582002
39633290054861145,0.0,0.62,0.38,0.0,0.47902101111314976
39633278935762777,0.0,0.91,0.09,0.0,0.21823490853205144
39633275215414776,0.0,1.0,0.0,0.0,-0.0
39633271461513075,0.0,0.66,0.34,0.0,0.46240935248651505
39633290071638704,0.0,0.09,0.91,0.0,0.21823490853205144
39633290038084608,0.0,0.03,0.97,0.0,0.0971959289157881
39633282681277728,0.0,0.96,0.04,0.0,0.12114609454120741
39633278927374366,0.0,0.49,0.51,0.0,0.49985572087640495
39633271461513029,0.0,0.01,0.99,0.0,0.04039656794795559
39633267674055517,0.0,0.81,0.19,0.0,0.3507357299419487
39633278935762877,0.0,0.93,0.07,0.0,0.18296182545011158
39633297369728316,0.0,0.02,0.98,0.0,0.07072027127091034
39633278935762854,0.0,0.08,0.92,0.0,0.2010895951011364
39633293724877883,0.0,0.07,0.93,0.0,0.18296182545011158
39633293720685430,0.0,0.02,0.97,0.01,0.11097036642660543
39633271461513361,0.0,0.37,0.63,0.0,0.47533604634353294
39633304562960390,0.0,0.98,0.02,0.0,0.07072027127091034
39633275215413806,0.0,0.5,0.5,0.0,0.5
39633293720685346,0.0,0.9,0.1,0.0,0.2344977967946406
39633275215413786,0.0,0.17,0.83,0.0,0.32885238937210975
39633293733268118,0.0,0.97,0.03,0.0,0.0971959289157881
39633286393233838,0.0,0.62,0.38,0.0,0.47902101111314976
39633293720683870,0.0,0.0,0.98,0.02,0.07072027127091034
39633293716490359,0.0,0.03,0.97,0.0,0.0971959289157881
39633263869822083,0.0,0.02,0.97,0.01,0.11097036642660543
39633300964248896,0.0,0.61,0.39,0.0,0.4823997742525436
39633286351292896,0.0,0.76,0.24,0.0,0.39752013969226113
39633290071640445,0.0,0.03,0.97,0.0,0.0971959289157881
39633267661474743,0.0,0.17,0.83,0.0,0.32885238937210975
39633275219609726,0.0,0.75,0.25,0.0,0.4056390622295664
39633297348757962,0.0,0.19,0.81,0.0,0.3507357299419487
39633282689664384,0.0,0.91,0.09,0.0,0.21823490853205144
39633282656110621,0.0,0.09,0.91,0.0,0.21823490853205144
39633290071640385,0.0,0.32,0.68,0.0,0.45219072886224687
39633278935762914,0.0,0.05,0.95,0.0,0.14319847855797813
39633300955858024,0.0,0.28,0.72,0.0,0.4277254052800653
39633300968442191,0.01,0.98,0.01,0.0,0.08072027127091033
39633282664498741,0.0,0.72,0.28,0.0,0.4277254052800653
39633300985217899,0.0,0.09,0.91,0.0,0.21823490853205144
39633275219609779,0.0,0.99,0.01,0.0,0.04039656794795559
39633278927372398,0.0,0.13,0.87,0.0,0.2787190925139945
39633275211220944,0.0,0.23,0.77,0.0,0.38900565177326885
39633286368068260,0.0,0.12,0.88,0.0,0.2646804326436822
39633293724879096,0.0,0.1,0.9,0.0,0.2344977967946406
39633278935764195,0.0,0.0,0.99,0.01,0.04039656794795559
39633271465708340,0.0,0.44,0.56,0.0,0.4947937606110278
39633275198639693,0.0,0.01,0.98,0.01,0.08072027127091033
39633304571349005,0.0,0.11,0.89,0.0,0.249957979082264
39633300968441700,0.0,0.8,0.2,0.0,0.36096404744368116
39633293733267096,0.0,0.05,0.95,0.0,0.14319847855797813
39633300968441711,0.0,0.46,0.54,0.0,0.49768921941011285
39633278935762921,0.0,0.08,0.92,0.0,0.2010895951011364
39633286393235612,0.0,0.54,0.46,0.0,0.49768921941011285
39633278948344746,0.0,0.98,0.02,0.0,0.07072027127091034
39633271444735271,0.0,0.56,0.44,0.0,0.4947937606110278
39633297352951077,0.0,0.51,0.49,0.0,0.49985572087640495
39633271448928825,0.0,0.06,0.94,0.0,0.16372245957723813
39633271448928897,0.0,0.44,0.56,0.0,0.4947937606110278
39633271444735297,0.0,0.16,0.84,0.0,0.3171547773202831
39633278935761982,0.0,0.38,0.62,0.0,0.47902101111314976
39633271448928477,0.0,0.27,0.73,0.0,0.42073231810408784
39633293720683203,0.0,0.02,0.97,0.01,0.11097036642660543
39633282656110905,0.0,0.03,0.97,0.0,0.0971959289157881
39633282656110687,0.0,0.01,0.99,0.0,0.04039656794795559
39633293720683393,0.0,0.24,0.76,0.0,0.39752013969226113
39633271465708618,0.0,0.38,0.62,0.0,0.47902101111314976
39633271465708656,0.0,0.0,1.0,0.0,-0.0
39633271448928907,0.0,0.3,0.7,0.0,0.44064544961534635
39633275198639690,0.0,0.61,0.39,0.0,0.4823997742525436
39633293729072360,0.0,0.47,0.53,0.0,0.4987007942838698
39633300972634733,0.0,0.5,0.5,0.0,0.5
39633293703905668,0.0,0.27,0.73,0.0,0.42073231810408784
39633286368069503,0.0,0.98,0.02,0.0,0.07072027127091034
39633300968441729,0.0,0.72,0.28,0.0,0.4277254052800653
39633300981024466,0.0,0.19,0.81,0.0,0.3507357299419487
39633278927372634,0.0,0.97,0.03,0.0,0.0971959289157881
39633293733267896,0.0,0.29,0.71,0.0,0.43436062316970225
39633297348756155,0.0,0.0,0.98,0.02,0.07072027127091034
39633282647723217,0.0,0.92,0.08,0.0,0.2010895951011364
39633286376457925,0.0,0.53,0.47,0.0,0.4987007942838698
39633290038083955,0.0,0.31,0.69,0.0,0.4465867291889284
39633290038084225,0.0,0.17,0.83,0.0,0.32885238937210975
39633282664498672,0.0,0.44,0.56,0.0,0.4947937606110278
39633290038084085,0.0,0.17,0.83,0.0,0.32885238937210975
39633297348758358,0.0,0.94,0.06,0.0,0.16372245957723813
39633293729074575,0.0,0.11,0.89,0.0,0.249957979082264
39633293737460275,0.0,0.28,0.72,0.0,0.4277254052800653
39633293737460241,0.0,0.07,0.93,0.0,0.18296182545011158
39633297348756956,0.0,0.17,0.83,0.0,0.32885238937210975
39633290071640789,0.0,0.06,0.94,0.0,0.16372245957723813
39633267678250169,0.0,0.95,0.05,0.0,0.14319847855797813
39633293691325558,0.0,0.4,0.6,0.0,0.4854752972273343
39633293733268058,0.0,0.08,0.92,0.0,0.2010895951011364
39633275190249424,0.0,0.41,0.59,0.0,0.488250234378912
39633267653086975,0.0,0.16,0.84,0.0,0.3171547773202831
39633293733267938,0.0,0.94,0.06,0.0,0.16372245957723813
39633293733268092,0.0,0.61,0.39,0.0,0.4823997742525436
39633297340369693,0.0,0.18,0.82,0.0,0.34003852286413994
39633297340369893,0.0,0.74,0.26,0.0,0.4133731862463089
39633293733267261,0.0,0.01,0.94,0.05,0.1832231322266888
39633300955859263,0.0,0.09,0.91,0.0,0.21823490853205144
39633286355485053,0.0,0.02,0.98,0.0,0.07072027127091034
39633304562961394,0.0,0.91,0.09,0.0,0.21823490853205144
39633275202831012,0.0,0.14,0.86,0.0,0.292119405821428
39633297357144322,0.0,0.22,0.78,0.0,0.38008375148098283
39633267669863028,0.0,0.28,0.72,0.0,0.4277254052800653
39633300968443130,0.0,0.71,0.29,0.0,0.43436062316970225
39633282681276351,0.0,0.93,0.07,0.0,0.18296182545011158
39633300960053627,0.0,0.46,0.54,0.0,0.49768921941011285
39633293733266583,0.0,0.09,0.91,0.0,0.21823490853205144
39633275194443139,0.0,1.0,0.0,0.0,-0.0
39633275223803652,0.0,0.13,0.87,0.0,0.2787190925139945
39633275223803527,0.0,0.39,0.61,0.0,0.4823997742525436
39633275223803525,0.0,0.18,0.82,0.0,0.34003852286413994
39633275223803489,0.0,0.32,0.68,0.0,0.45219072886224687
39633275215413856,0.0,0.78,0.22,0.0,0.38008375148098283
39633267674055552,0.0,0.01,0.98,0.01,0.08072027127091033
39633282668691571,0.0,0.32,0.68,0.0,0.45219072886224687
39633304562961308,0.0,0.03,0.97,0.0,0.0971959289157881
39633282668691640,0.0,0.22,0.78,0.0,0.38008375148098283
39633304571347850,0.0,0.85,0.15,0.0,0.3049201523582002
39633275207025500,0.0,0.48,0.52,0.0,0.4994227679976009
39633282668691763,0.0,0.81,0.19,0.0,0.3507357299419487
39633275223803475,0.01,0.99,0.0,0.0,0.04039656794795559
39633278948346753,0.0,0.04,0.95,0.01,0.16124668093016215
39633290063249848,0.0,0.75,0.25,0.0,0.4056390622295664
39633297369730056,0.0,0.18,0.82,0.0,0.34003852286413994
39633275202831169,0.0,0.51,0.49,0.0,0.49985572087640495
39633286355484692,0.0,0.61,0.39,0.0,0.4823997742525436
39633282681276246,0.0,0.08,0.92,0.0,0.2010895951011364
39633275207027950,0.0,0.81,0.19,0.0,0.3507357299419487
39633275202831031,0.0,0.98,0.02,0.0,0.07072027127091034
39633282681276334,0.0,0.01,0.99,0.0,0.04039656794795559
39633290071640386,0.0,0.98,0.02,0.0,0.07072027127091034
39633290071640516,0.0,0.13,0.87,0.0,0.2787190925139945
39633267653086795,0.0,0.11,0.89,0.0,0.249957979082264
39633267669863528,0.0,0.17,0.83,0.0,0.32885238937210975
39633290071640441,0.0,0.18,0.82,0.0,0.34003852286413994
39633275223803137,0.0,0.99,0.01,0.0,0.04039656794795559
39633308140701485,0.0,0.5,0.5,0.0,0.5
39633267669863487,0.0,0.04,0.96,0.0,0.12114609454120741
39633267653086696,0.0,0.4,0.6,0.0,0.4854752972273343
39633275207027970,0.0,0.42,0.58,0.0,0.49072694751682683
39633275190249540,0.0,0.6,0.4,0.0,0.4854752972273343
39633293733268330,0.0,0.01,0.99,0.0,0.04039656794795559
39633290038084417,0.0,0.0,1.0,0.0,-0.0
39633300951666038,0.0,0.98,0.02,0.0,0.07072027127091034
39633275223803653,0.0,0.28,0.72,0.0,0.4277254052800653
39633275223803657,0.0,1.0,0.0,0.0,-0.0
39633290038084343,0.0,0.14,0.86,0.0,0.292119405821428
39633275223803707,0.0,0.22,0.78,0.0,0.38008375148098283
39633300960054132,0.0,0.33,0.67,0.0,0.4574631863898637
39633271457319928,0.0,0.45,0.55,0.0,0.49638722699390414
39633290063252317,0.0,0.8,0.2,0.0,0.36096404744368116
39633286359682051,0.0,0.2,0.8,0.0,0.36096404744368116
39633293695519986,0.01,0.82,0.17,0.0,0.3678974314876692
39633282689664156,0.0,0.0,1.0,0.0,-0.0
39633300972635491,0.0,0.06,0.94,0.0,0.16372245957723813
39633297369730115,0.0,0.28,0.72,0.0,0.4277254052800653
39633300981024315,0.0,0.02,0.98,0.0,0.07072027127091034
39633271465708662,0.0,0.9,0.1,0.0,0.2344977967946406
39633290033890321,0.0,0.1,0.9,0.0,0.2344977967946406
39633300981024415,0.0,0.09,0.91,0.0,0.21823490853205144
39633300981024473,0.0,0.67,0.33,0.0,0.4574631863898637
39633297352953251,0.0,0.18,0.82,0.0,0.34003852286413994
39633300960054088,0.0,0.99,0.01,0.0,0.04039656794795559
39633278944150716,0.0,0.43,0.57,0.0,0.4929075185894599
39633275202831330,0.0,0.29,0.71,0.0,0.43436062316970225
39633286389041680,0.0,0.34,0.66,0.0,0.46240935248651505
39633267657277697,0.0,0.33,0.67,0.0,0.4574631863898637
39633290050669126,0.0,0.01,0.99,0.0,0.04039656794795559
39633282693859681,0.0,0.01,0.97,0.02,0.11097036642660543
39633297357147081,0.0,0.02,0.98,0.0,0.07072027127091034
39633304567153357,0.0,0.24,0.76,0.0,0.39752013969226113
39633263869821652,0.0,0.39,0.61,0.0,0.4823997742525436
39633271465708409,0.0,0.58,0.42,0.0,0.49072694751682683
39633263865627223,0.0,0.97,0.03,0.0,0.0971959289157881
39633278973510606,0.0,0.12,0.88,0.0,0.2646804326436822
39633263861435968,0.0,0.41,0.59,0.0,0.488250234378912
39633263865627046,0.0,0.39,0.61,0.0,0.4823997742525436
39633304571348631,0.0,0.16,0.84,0.0,0.3171547773202831
39633263861436154,0.0,0.01,0.99,0.0,0.04039656794795559
39633263861436134,0.0,0.12,0.88,0.0,0.2646804326436822
39633275219609512,0.0,0.12,0.88,0.0,0.2646804326436822
39633278973510522,0.0,0.51,0.49,0.0,0.49985572087640495
39633263861436106,0.0,0.93,0.07,0.0,0.18296182545011158
39633282693858676,0.0,0.34,0.66,0.0,0.46240935248651505
39633275219607733,0.0,0.8,0.2,0.0,0.36096404744368116
39633290046474184,0.0,0.75,0.25,0.0,0.4056390622295664
39633263865626891,0.0,0.02,0.98,0.0,0.07072027127091034
39633278969315801,0.0,0.48,0.52,0.0,0.4994227679976009
39633267669860424,0.0,0.06,0.94,0.0,0.16372245957723813
39633267682444751,0.0,0.15,0.85,0.0,0.3049201523582002
39633278927373700,0.0,0.68,0.32,0.0,0.45219072886224687
39633286368069442,0.0,0.21,0.79,0.0,0.37074136996563684
39633286368069449,0.0,0.51,0.49,0.0,0.49985572087640495
39633286368069523,0.0,0.16,0.84,0.0,0.3171547773202831
39633267669862225,0.0,0.31,0.69,0.0,0.4465867291889284
39633263861436038,0.0,0.13,0.87,0.0,0.2787190925139945
39633263865627268,0.0,0.14,0.86,0.0,0.292119405821428
39633267682446509,0.0,0.83,0.17,0.0,0.32885238937210975
39633267682445343,0.0,0.01,0.98,0.01,0.08072027127091033
39633263865626812,0.0,0.0,0.92,0.08,0.2010895951011364
39633263869821468,0.0,0.94,0.06,0.0,0.16372245957723813
39633293708100158,0.0,0.21,0.79,0.0,0.37074136996563684
39633290050666627,0.0,0.47,0.53,0.0,0.4987007942838698
39633263865626705,0.0,0.0,0.94,0.06,0.16372245957723813
39633293699714609,0.0,0.19,0.81,0.0,0.3507357299419487
39633267657280928,0.0,0.01,0.99,0.0,0.04039656794795559
39633263865626663,0.01,0.99,0.0,0.0,0.04039656794795559
39633297344562307,0.0,0.0,0.9,0.1,0.2344977967946406
39633263865626667,0.0,0.92,0.08,0.0,0.2010895951011364
39633278939958108,0.0,0.26,0.74,0.0,0.4133731862463089
39633267678249884,0.0,0.28,0.72,0.0,0.4277254052800653
39633297340368625,0.0,0.93,0.07,0.0,0.18296182545011158
39633267682444681,0.0,0.59,0.41,0.0,0.488250234378912
39633304571347204,0.0,0.56,0.44,0.0,0.4947937606110278
39633278965122596,0.0,0.67,0.33,0.0,0.4574631863898637
39633290038086184,0.0,0.02,0.98,0.0,0.07072027127091034
39633278952540099,0.0,0.03,0.97,0.0,0.0971959289157881
39633293712296210,0.0,0.48,0.52,0.0,0.4994227679976009
39633271448929166,0.0,0.09,0.91,0.0,0.21823490853205144
39633290033891729,0.0,0.01,0.98,0.01,0.08072027127091033
39633267665666961,0.0,0.73,0.27,0.0,0.42073231810408784
39633293708100653,0.0,0.39,0.61,0.0,0.4823997742525436
39633293708102976,0.0,0.56,0.44,0.0,0.4947937606110278
39633278952541447,0.0,0.59,0.41,0.0,0.488250234378912
39633278952541451,0.0,0.11,0.88,0.01,0.28950944366190023
39633282681275205,0.0,0.93,0.07,0.0,0.18296182545011158
39633282681275255,0.0,0.06,0.94,0.0,0.16372245957723813
39633293712296282,0.0,0.86,0.14,0.0,0.292119405821428
39633300968442467,0.0,0.7,0.3,0.0,0.44064544961534635
39633282689666143,0.0,0.04,0.96,0.0,0.12114609454120741
39633282647723540,0.0,0.6,0.4,0.0,0.4854752972273343
39633282651915715,0.0,0.97,0.03,0.0,0.0971959289157881
39633282651915843,0.01,0.98,0.01,0.0,0.08072027127091033
39633282651915851,0.0,0.99,0.01,0.0,0.04039656794795559
39633271440540866,0.0,0.15,0.85,0.0,0.3049201523582002
39633297369728479,0.0,0.38,0.62,0.0,0.47902101111314976
39633282693858964,0.0,0.7,0.3,0.0,0.44064544961534635
39633278939956749,0.0,0.67,0.33,0.0,0.4574631863898637
39633282651916701,0.01,0.97,0.02,0.0,0.11097036642660543
39633297352952421,0.0,0.21,0.79,0.0,0.37074136996563684
39633278939956775,0.0,0.15,0.85,0.0,0.3049201523582002
39633290042279646,0.0,0.98,0.02,0.0,0.07072027127091034
39633290042279518,0.0,0.05,0.95,0.0,0.14319847855797813
39633282651917100,0.0,0.65,0.35,0.0,0.4670340276877455
39633286363875693,0.0,0.36,0.64,0.0,0.4713415946277461
39633282651917220,0.0,0.39,0.61,0.0,0.4823997742525436
39633271465705672,0.0,0.16,0.84,0.0,0.3171547773202831
39633300985217176,0.0,0.48,0.52,0.0,0.4994227679976009
39633282685469707,0.0,0.85,0.15,0.0,0.3049201523582002
39633278969318839,0.0,0.05,0.95,0.0,0.14319847855797813
39633278969318909,0.0,0.53,0.47,0.0,0.4987007942838698
39633278969318966,0.0,0.96,0.04,0.0,0.12114609454120741
39633278973510570,0.0,0.01,0.99,0.0,0.04039656794795559
39633290046473325,0.0,0.32,0.68,0.0,0.45219072886224687
39633290046473266,0.0,0.72,0.28,0.0,0.4277254052800653
39633290046474663,0.0,0.3,0.7,0.0,0.44064544961534635
39633290046474853,0.0,0.51,0.49,0.0,0.49985572087640495
39633290046472822,0.0,0.87,0.13,0.0,0.2787190925139945
39633290046472644,0.0,0.71,0.29,0.0,0.43436062316970225
39633286384848014,0.0,0.67,0.33,0.0,0.4574631863898637
39633282651917430,0.0,0.13,0.87,0.0,0.2787190925139945
39633304567154545,0.0,0.31,0.69,0.0,0.4465867291889284
39633275215414033,0.0,0.06,0.93,0.01,0.20367037270049304
39633278939956928,0.0,0.57,0.43,0.0,0.4929075185894599
39633304567153965,0.0,0.99,0.01,0.0,0.04039656794795559
39633304567153481,0.0,0.77,0.23,0.0,0.38900565177326885
39633275211222324,0.0,0.01,0.98,0.01,0.08072027127091033
39633304567153460,0.0,0.08,0.92,0.0,0.2010895951011364
39633275211222126,0.0,0.07,0.93,0.0,0.18296182545011158
39633297352950773,0.0,0.43,0.57,0.0,0.4929075185894599
39633282656111772,0.0,0.94,0.06,0.0,0.16372245957723813
39633282656111758,0.0,0.37,0.63,0.0,0.47533604634353294
39633267669862266,0.0,0.54,0.46,0.0,0.49768921941011285
39633293708100186,0.0,0.13,0.87,0.0,0.2787190925139945
39633282656108926,0.0,0.35,0.65,0.0,0.4670340276877455
39633282656110206,0.0,0.75,0.25,0.0,0.4056390622295664
39633282656110269,0.0,0.58,0.42,0.0,0.49072694751682683
39633293708100207,0.0,0.08,0.92,0.0,0.2010895951011364
39633297365534077,0.0,0.31,0.69,0.0,0.4465867291889284
39633282656110850,0.0,0.16,0.84,0.0,0.3171547773202831
39633275215415627,0.0,0.1,0.9,0.0,0.2344977967946406
39633300968442039,0.0,0.0,1.0,0.0,-0.0
39633282656111515,0.0,0.03,0.97,0.0,0.0971959289157881
39633297352951395,0.0,0.0,1.0,0.0,-0.0
39633282656110329,0.0,0.19,0.81,0.0,0.3507357299419487
39633278952539874,0.0,0.14,0.86,0.0,0.292119405821428
39633297357147273,0.0,0.14,0.86,0.0,0.292119405821428
39633267674055521,0.0,0.52,0.48,0.0,0.4994227679976009
39633300960053797,0.0,0.06,0.93,0.01,0.20367037270049304
39633286351292093,0.0,0.22,0.78,0.0,0.38008375148098283
39633275194443399,0.0,0.33,0.67,0.0,0.4574631863898637
39633278927373801,0.06,0.91,0.03,0.0,0.2595582210645035
39633297357147625,0.0,0.92,0.08,0.0,0.2010895951011364
39633278952539161,0.0,0.0,0.99,0.01,0.04039656794795559
39633271432153813,0.0,0.99,0.01,0.0,0.04039656794795559
39633271457318803,0.0,0.1,0.9,0.0,0.2344977967946406
39633293720684126,0.0,0.49,0.51,0.0,0.49985572087640495
39633297357146179,0.0,0.53,0.47,0.0,0.4987007942838698
39633293720684151,0.0,0.33,0.67,0.0,0.4574631863898637
39633278931568964,0.0,0.35,0.65,0.0,0.4670340276877455
39633278952539169,0.0,0.0,1.0,0.0,-0.0
39633267674055519,0.0,0.27,0.73,0.0,0.42073231810408784
39633297357146157,0.0,0.83,0.17,0.0,0.32885238937210975
39633290071638457,0.0,0.43,0.57,0.0,0.4929075185894599
39633271448929976,0.0,0.71,0.29,0.0,0.43436062316970225
39633271448930048,0.0,0.62,0.38,0.0,0.47902101111314976
39633271448930103,0.0,0.0,1.0,0.0,-0.0
39633293716491392,0.0,0.0,0.99,0.01,0.04039656794795559
39633271465708914,0.0,0.43,0.57,0.0,0.4929075185894599
39633282660305966,0.0,0.19,0.81,0.0,0.3507357299419487
39633282660305927,0.0,0.21,0.79,0.0,0.37074136996563684
39633278931569728,0.0,0.75,0.25,0.0,0.4056390622295664
39633271448929095,0.0,0.08,0.92,0.0,0.2010895951011364
39633278927372456,0.0,0.76,0.24,0.0,0.39752013969226113
39633275194442797,0.0,0.93,0.07,0.0,0.18296182545011158
39633267669860700,0.0,0.03,0.95,0.02,0.1674722434193448
39633267669862527,0.0,0.25,0.75,0.0,0.4056390622295664
39633293703907976,0.0,0.44,0.56,0.0,0.4947937606110278
39633275198638797,0.0,0.99,0.01,0.0,0.04039656794795559
39633278931568852,0.0,0.16,0.84,0.0,0.3171547773202831
39633267674055554,0.0,0.37,0.63,0.0,0.47533604634353294
39633278952539579,0.0,0.52,0.48,0.0,0.4994227679976009
39633308136508699,0.0,0.51,0.49,0.0,0.49985572087640495
39633282677080804,0.0,0.57,0.43,0.0,0.4929075185894599
39633286389040363,0.0,0.85,0.15,0.0,0.3049201523582002
39633282677081145,0.0,0.64,0.36,0.0,0.4713415946277461
39633278948347443,0.0,0.97,0.03,0.0,0.0971959289157881
39633286363876536,0.0,0.07,0.93,0.0,0.18296182545011158
39633290071638763,0.0,0.9,0.1,0.0,0.2344977967946406
39633297340367944,0.0,0.14,0.86,0.0,0.292119405821428
39633267669862370,0.0,0.94,0.06,0.0,0.16372245957723813
39633300964248824,0.0,0.67,0.33,0.0,0.4574631863898637
39633278948347283,0.0,0.98,0.02,0.0,0.07072027127091034
39633278948347163,0.1,0.9,0.0,0.0,0.2344977967946406
39633286351292246,0.0,0.23,0.77,0.0,0.38900565177326885
39633282685471524,0.0,0.88,0.12,0.0,0.2646804326436822
39633275194443418,0.0,0.76,0.24,0.0,0.39752013969226113
39633267665669710,0.0,0.89,0.11,0.0,0.249957979082264
39633275194443548,0.0,0.83,0.17,0.0,0.32885238937210975
39633282685471854,0.0,0.17,0.83,0.0,0.32885238937210975
39633282672888970,0.0,0.03,0.96,0.01,0.13737165703039006
39633293691324446,0.0,0.15,0.85,0.0,0.3049201523582002
39633297357144528,0.0,0.09,0.91,0.0,0.21823490853205144
39633286351292374,0.0,0.11,0.89,0.0,0.249957979082264
39633293708100659,0.0,0.1,0.9,0.0,0.2344977967946406
39633300972634752,0.0,0.56,0.44,0.0,0.4947937606110278
39633286363874309,0.0,0.91,0.09,0.0,0.21823490853205144
39633286351292367,0.0,0.03,0.97,0.0,0.0971959289157881
39633278960927761,0.0,0.17,0.83,0.0,0.32885238937210975
39633278960927839,0.0,0.8,0.2,0.0,0.36096404744368116
39633297357147063,0.0,0.34,0.66,0.0,0.46240935248651505
39633297357147074,0.0,0.0,0.94,0.06,0.16372245957723813
39633271432153733,0.0,0.49,0.51,0.0,0.49985572087640495
39633282668692116,0.0,0.35,0.65,0.0,0.4670340276877455
39633267665668356,0.0,0.51,0.49,0.0,0.49985572087640495
39633282664497677,0.0,0.01,0.95,0.04,0.16124668093016215
39633282664497801,0.0,0.0,0.95,0.05,0.14319847855797813
39633297336176199,0.0,0.95,0.05,0.0,0.14319847855797813
39633282668693683,0.0,0.7,0.3,0.0,0.44064544961534635
39633304575541835,0.0,0.67,0.33,0.0,0.4574631863898637
39633282672888980,0.0,0.3,0.7,0.0,0.44064544961534635
39633300960052068,0.0,0.14,0.86,0.0,0.292119405821428
39633282672889087,0.0,0.02,0.98,0.0,0.07072027127091034
39633275227996631,0.0,0.72,0.28,0.0,0.4277254052800653
39633275207027290,0.0,0.74,0.26,0.0,0.4133731862463089
39633282672889194,0.0,0.57,0.43,0.0,0.4929075185894599
39633271440542976,0.0,0.16,0.84,0.0,0.3171547773202831
39633297352952271,0.0,0.83,0.17,0.0,0.32885238937210975
39633297336176274,0.0,0.28,0.72,0.0,0.4277254052800653
39633286363875846,0.0,0.31,0.69,0.0,0.4465867291889284
39633300968441585,0.0,0.09,0.91,0.0,0.21823490853205144
39633282693858290,0.0,0.59,0.41,0.0,0.488250234378912
39633286380652816,0.0,0.09,0.9,0.01,0.2579475764741046
39633304583930028,0.0,0.98,0.02,0.0,0.07072027127091034
39633282656110220,0.0,0.72,0.28,0.0,0.4277254052800653
39633290050668835,0.0,0.27,0.73,0.0,0.42073231810408784
39633297352949808,0.0,0.09,0.91,0.0,0.21823490853205144
39633282681277276,0.0,0.81,0.19,0.0,0.3507357299419487
39633304567153080,0.0,0.99,0.01,0.0,0.04039656794795559
39633297352950640,0.0,0.99,0.01,0.0,0.04039656794795559
39633286363876054,0.0,0.46,0.54,0.0,0.49768921941011285
39633282651917221,0.0,0.89,0.11,0.0,0.249957979082264
39633282672886045,0.0,0.04,0.96,0.0,0.12114609454120741
39633282693858185,0.0,0.03,0.97,0.0,0.0971959289157881
39633286368069289,0.0,0.81,0.19,0.0,0.3507357299419487
39633275198639212,0.0,0.85,0.15,0.0,0.3049201523582002
39633293703906050,0.0,0.06,0.94,0.0,0.16372245957723813
39633293695518377,0.0,0.69,0.31,0.0,0.4465867291889284
39633271444735618,0.0,0.21,0.79,0.0,0.37074136996563684
39633271444735630,0.0,0.12,0.88,0.0,0.2646804326436822
39633308140699881,0.0,0.94,0.06,0.0,0.16372245957723813
39633267665668659,0.0,0.32,0.68,0.0,0.45219072886224687
39633286389039514,0.0,0.08,0.92,0.0,0.2010895951011364
39633293703908870,0.0,0.27,0.73,0.0,0.42073231810408784
39633293708099862,0.0,0.05,0.95,0.0,0.14319847855797813
39633267665668833,0.0,0.1,0.9,0.0,0.2344977967946406
39633267665668812,0.0,0.01,0.97,0.02,0.11097036642660543
39633282677081104,0.0,0.83,0.17,0.0,0.32885238937210975
39633304562959226,0.0,0.04,0.96,0.0,0.12114609454120741
39633271440542985,0.0,0.11,0.89,0.0,0.249957979082264
39633293703908924,0.0,0.44,0.56,0.0,0.4947937606110278
39633304562959241,0.0,0.03,0.96,0.01,0.13737165703039006
39633278952538366,0.0,0.69,0.31,0.0,0.4465867291889284
39633286351292056,0.07,0.93,0.0,0.0,0.18296182545011158
39633290050668454,0.0,0.02,0.98,0.0,0.07072027127091034
39633308144894035,0.0,0.63,0.37,0.0,0.47533604634353294
39633267665668696,0.0,0.91,0.09,0.0,0.21823490853205144
39633286355485346,0.0,0.0,1.0,0.0,-0.0
39633275215415835,0.0,0.06,0.94,0.0,0.16372245957723813
39633293708101704,0.0,0.88,0.12,0.0,0.2646804326436822
39633286389040635,0.0,0.5,0.5,0.0,0.5
39633293695518275,0.0,0.44,0.56,0.0,0.4947937606110278
39633286363875607,0.0,0.0,0.78,0.22,0.38008375148098283
39633275215415737,0.0,0.18,0.82,0.0,0.34003852286413994
39633282681274852,0.0,0.24,0.76,0.0,0.39752013969226113
39633271465706079,0.0,0.52,0.48,0.0,0.4994227679976009
39633286363875635,0.0,0.92,0.08,0.0,0.2010895951011364
39633286393234142,0.0,0.42,0.58,0.0,0.49072694751682683
39633271436346894,0.0,0.14,0.86,0.0,0.292119405821428
39633282689666506,0.0,0.01,0.96,0.03,0.13737165703039006
39633286363876504,0.0,0.89,0.11,0.0,0.249957979082264
39633304562959299,0.01,0.99,0.0,0.0,0.04039656794795559
39633304562959358,0.0,0.83,0.17,0.0,0.32885238937210975
39633282685471910,0.0,0.11,0.89,0.0,0.249957979082264
39633275223802808,0.0,0.94,0.06,0.0,0.16372245957723813
39633300964247166,0.0,0.56,0.44,0.0,0.4947937606110278
39633286368068542,0.0,0.41,0.59,0.0,0.488250234378912
39633286355488516,0.0,0.43,0.57,0.0,0.4929075185894599
39633290033891599,0.0,0.82,0.18,0.0,0.34003852286413994
39633300976831414,0.0,0.05,0.95,0.0,0.14319847855797813
39633263865628606,0.0,0.43,0.57,0.0,0.4929075185894599
39633267682444822,0.0,0.99,0.01,0.0,0.04039656794795559
39633275207026770,0.0,0.65,0.35,0.0,0.4670340276877455
39633263865627063,0.0,0.23,0.77,0.0,0.38900565177326885
39633297340367622,0.0,0.73,0.27,0.0,0.42073231810408784
39633300976831506,0.0,0.92,0.08,0.0,0.2010895951011364
39633300972634465,0.0,0.81,0.19,0.0,0.3507357299419487
39633278935762365,0.0,1.0,0.0,0.0,-0.0
39633263861435481,0.0,0.99,0.01,0.0,0.04039656794795559
39633300972634607,0.0,0.92,0.08,0.0,0.2010895951011364
39633290033891632,0.0,0.58,0.42,0.0,0.49072694751682683
39633282656109075,0.0,0.06,0.94,0.0,0.16372245957723813
39633278935762393,0.0,0.0,1.0,0.0,-0.0
39633293691324208,0.0,0.17,0.83,0.0,0.32885238937210975
39633293712296087,0.0,0.56,0.44,0.0,0.4947937606110278
39633293712296060,0.0,0.33,0.67,0.0,0.4574631863898637
39633297365535076,0.0,0.19,0.81,0.0,0.3507357299419487
39633300964248993,0.0,0.45,0.55,0.0,0.49638722699390414
39633290075834524,0.0,0.0,0.99,0.01,0.04039656794795559
39633271465708169,0.0,0.42,0.58,0.0,0.49072694751682683
39633293691324175,0.0,0.01,0.99,0.0,0.04039656794795559
39633290063251238,0.0,0.0,1.0,0.0,-0.0
39633300976830050,0.0,0.73,0.27,0.0,0.42073231810408784
39633290033891487,0.0,0.76,0.24,0.0,0.39752013969226113
39633286351291143,0.0,0.96,0.04,0.0,0.12114609454120741
39633300985217085,0.0,0.09,0.91,0.0,0.21823490853205144
39633293691325496,0.0,0.3,0.7,0.0,0.44064544961534635
39633297352952686,0.0,0.68,0.32,0.0,0.45219072886224687
39633286351291355,0.0,0.26,0.74,0.0,0.4133731862463089
39633300981025412,0.0,0.44,0.56,0.0,0.4947937606110278
39633282668693746,0.0,0.17,0.83,0.0,0.32885238937210975
39633282656108901,0.0,0.84,0.16,0.0,0.3171547773202831
39633271465707918,0.0,0.94,0.06,0.0,0.16372245957723813
39633293708100045,0.0,0.08,0.92,0.0,0.2010895951011364
39633297352950567,0.0,0.68,0.32,0.0,0.45219072886224687
39633282677082642,0.0,0.0,0.94,0.06,0.16372245957723813
39633282647722532,0.0,1.0,0.0,0.0,-0.0
39633282677080518,0.0,0.79,0.21,0.0,0.37074136996563684
39633300976831042,0.0,0.98,0.02,0.0,0.07072027127091034
39633293712295857,0.0,0.66,0.34,0.0,0.46240935248651505
39633300976831731,0.0,0.0,0.78,0.22,0.38008375148098283
39633300976831020,0.0,0.56,0.44,0.0,0.4947937606110278
39633300972634579,0.0,0.96,0.04,0.0,0.12114609454120741
39633300964249214,0.0,0.78,0.22,0.0,0.38008375148098283
39633300976830980,0.0,0.03,0.97,0.0,0.0971959289157881
39633267665668449,0.0,0.98,0.02,0.0,0.07072027127091034
39633300964249248,0.0,0.11,0.89,0.0,0.249957979082264
39633300976829345,0.0,0.01,0.99,0.0,0.04039656794795559
39633304558764941,0.0,0.44,0.56,0.0,0.4947937606110278
39633290046473654,0.0,0.29,0.71,0.0,0.43436062316970225
39633290071638948,0.0,0.89,0.11,0.0,0.249957979082264
39633297340367771,0.0,0.79,0.21,0.0,0.37074136996563684
39633304562958735,0.0,1.0,0.0,0.0,-0.0
39633297340367977,0.0,0.08,0.92,0.0,0.2010895951011364
39633300981025502,0.0,0.31,0.69,0.0,0.4465867291889284
39633275227997312,0.0,0.41,0.59,0.0,0.488250234378912
39633275194443356,0.0,0.79,0.21,0.0,0.37074136996563684
39633300964245865,0.0,0.13,0.87,0.0,0.2787190925139945
39633300981025510,0.0,0.85,0.15,0.0,0.3049201523582002
39633308140700212,0.0,0.8,0.2,0.0,0.36096404744368116
39633304562959904,0.0,0.51,0.49,0.0,0.49985572087640495
39633297336174808,0.0,0.01,0.98,0.01,0.08072027127091033
39633290033891760,0.0,0.97,0.03,0.0,0.0971959289157881
39633308140700157,0.0,0.27,0.73,0.0,0.42073231810408784
39633297352951379,0.0,0.0,0.99,0.01,0.04039656794795559
39633290050669721,0.0,0.86,0.14,0.0,0.292119405821428
39633282651917113,0.0,0.05,0.95,0.0,0.14319847855797813
39633286363876204,0.0,0.96,0.04,0.0,0.12114609454120741
39633282651917016,0.0,0.68,0.32,0.0,0.45219072886224687
39633297352951215,0.0,0.16,0.84,0.0,0.3171547773202831
39633300972634431,0.0,0.55,0.45,0.0,0.49638722699390414
39633286397427746,0.0,0.94,0.06,0.0,0.16372245957723813
39633293691324327,0.0,0.42,0.58,0.0,0.49072694751682683
39633293703908275,0.0,0.42,0.58,0.0,0.49072694751682683
39633278935764321,0.0,0.71,0.29,0.0,0.43436062316970225
39633300981025824,0.0,0.0,0.92,0.08,0.2010895951011364
39633286376458789,0.0,0.15,0.85,0.0,0.3049201523582002
39633300976831751,0.0,0.8,0.2,0.0,0.36096404744368116
39633286359680408,0.0,0.1,0.9,0.0,0.2344977967946406
39633271461512401,0.0,0.72,0.28,0.0,0.4277254052800653
39633293712294321,0.0,0.89,0.11,0.0,0.249957979082264
39633293703908058,0.0,0.03,0.97,0.0,0.0971959289157881
39633300976831772,0.0,0.01,0.99,0.0,0.04039656794795559
39633300981025403,0.0,0.78,0.22,0.0,0.38008375148098283
39633271461512339,0.0,0.06,0.94,0.0,0.16372245957723813
39633300985217480,0.0,0.01,0.97,0.02,0.11097036642660543
39633282656108728,0.0,0.49,0.51,0.0,0.49985572087640495
39633282656108853,0.0,0.8,0.2,0.0,0.36096404744368116
39633267682444270,0.0,0.45,0.55,0.0,0.49638722699390414
39633271440543310,0.0,0.62,0.38,0.0,0.47902101111314976
39633278965122455,0.0,0.05,0.9,0.05,0.2844977967946406
39633282693857598,0.0,0.33,0.67,0.0,0.4574631863898637
39633271440542817,0.0,0.71,0.29,0.0,0.43436062316970225
39633278965122336,0.0,0.11,0.89,0.0,0.249957979082264
39633293716491578,0.0,0.02,0.98,0.0,0.07072027127091034
39633275219609388,0.0,0.08,0.92,0.0,0.2010895951011364
39633271440539819,0.0,0.14,0.86,0.0,0.292119405821428
39633297361341423,0.0,0.73,0.27,0.0,0.42073231810408784
39633297348756331,0.0,0.68,0.32,0.0,0.45219072886224687
39633286363875701,0.0,0.09,0.91,0.0,0.21823490853205144
39633290050668007,0.0,0.37,0.63,0.0,0.47533604634353294
39633293708102149,0.0,0.02,0.98,0.0,0.07072027127091034
39633267665669475,0.0,0.95,0.05,0.0,0.14319847855797813
39633267665669484,0.0,0.3,0.7,0.0,0.44064544961534635
39633275211219214,0.0,0.79,0.21,0.0,0.37074136996563684
39633271440540548,0.0,0.4,0.6,0.0,0.4854752972273343
39633297361341693,0.0,0.27,0.73,0.0,0.42073231810408784
39633275215414989,0.0,0.0,1.0,0.0,-0.0
39633293703908237,0.0,0.34,0.66,0.0,0.46240935248651505
39633286380650715,0.0,0.94,0.06,0.0,0.16372245957723813
39633282664499458,0.0,0.37,0.63,0.0,0.47533604634353294
39633293708101807,0.0,0.75,0.25,0.0,0.4056390622295664
39633304550378151,0.0,0.85,0.15,0.0,0.3049201523582002
39633286393235885,0.0,0.33,0.67,0.0,0.4574631863898637
39633271469900174,0.0,0.92,0.08,0.0,0.2010895951011364
39633271440540578,0.0,0.24,0.76,0.0,0.39752013969226113
39633297361341596,0.0,0.26,0.74,0.0,0.4133731862463089
39633271469899953,0.0,0.21,0.79,0.0,0.37074136996563684
39633297369729225,0.0,0.12,0.88,0.0,0.2646804326436822
39633304571347678,0.0,0.05,0.94,0.01,0.1832231322266888
39633282656112312,0.0,0.95,0.05,0.0,0.14319847855797813
39633290033890390,0.0,0.0,0.9,0.1,0.2344977967946406
39633297361341388,0.0,0.05,0.95,0.0,0.14319847855797813
39633297369728334,0.0,0.15,0.85,0.0,0.3049201523582002
39633282664499646,0.0,0.1,0.9,0.0,0.2344977967946406
39633275194443026,0.0,0.29,0.71,0.0,0.43436062316970225
39633286363876490,0.0,0.36,0.64,0.0,0.4713415946277461
39633267669861873,0.0,0.38,0.62,0.0,0.47902101111314976
39633275198639910,0.0,0.92,0.08,0.0,0.2010895951011364
39633293708100087,0.0,0.93,0.07,0.0,0.18296182545011158
39633290033891635,0.0,0.01,0.98,0.01,0.08072027127091033
39633293712294033,0.0,0.12,0.88,0.0,0.2646804326436822
39633286363876397,0.0,0.25,0.75,0.0,0.4056390622295664
39633300960052187,0.0,0.97,0.03,0.0,0.0971959289157881
39633286376459283,0.0,0.0,1.0,0.0,-0.0
39633275211221068,0.0,0.66,0.34,0.0,0.46240935248651505
39633286384847756,0.0,0.5,0.5,0.0,0.5
39633286384847742,0.0,0.0,0.99,0.01,0.04039656794795559
39633293703908467,0.0,0.53,0.47,0.0,0.4987007942838698
39633286384847767,0.0,0.11,0.89,0.0,0.249957979082264
39633293712293954,0.0,0.15,0.85,0.0,0.3049201523582002
39633271465705973,0.0,0.35,0.65,0.0,0.4670340276877455
39633293708101515,0.0,0.15,0.85,0.0,0.3049201523582002
39633293708101451,0.0,0.76,0.24,0.0,0.39752013969226113
39633278935763956,0.0,0.09,0.91,0.0,0.21823490853205144
39633290050668503,0.0,0.41,0.59,0.0,0.488250234378912
39633290038085970,0.0,0.03,0.97,0.0,0.0971959289157881
39633286355488464,0.0,0.01,0.94,0.05,0.1832231322266888
39633275202832655,0.0,0.1,0.9,0.0,0.2344977967946406
39633293716491126,0.0,0.01,0.91,0.08,0.24088153359695552
39633293708102657,0.01,0.92,0.07,0.0,0.22283217282912027
39633300960052507,0.0,0.83,0.17,0.0,0.32885238937210975
39633300960052400,0.0,0.79,0.21,0.0,0.37074136996563684
39633293708102638,0.0,0.05,0.95,0.0,0.14319847855797813
39633293716491297,0.0,0.33,0.67,0.0,0.4574631863898637
39633293724877410,0.0,0.94,0.06,0.0,0.16372245957723813
39633290033892088,0.0,0.04,0.96,0.0,0.12114609454120741
39633286389041010,0.0,0.95,0.05,0.0,0.14319847855797813
39633304554571871,0.0,0.86,0.14,0.0,0.292119405821428
39633297357145748,0.0,0.93,0.07,0.0,0.18296182545011158
39633290033892203,0.0,0.98,0.02,0.0,0.07072027127091034
39633293729072850,0.0,0.71,0.29,0.0,0.43436062316970225
39633293712295256,0.0,0.7,0.3,0.0,0.44064544961534635
39633282647722244,0.0,0.79,0.21,0.0,0.37074136996563684
39633282647722219,0.0,1.0,0.0,0.0,-0.0
39633293712295182,0.0,0.99,0.01,0.0,0.04039656794795559
39633286351292767,0.0,0.53,0.47,0.0,0.4987007942838698
39633304571347658,0.0,0.86,0.14,0.0,0.292119405821428
39633282693858119,0.0,0.22,0.78,0.0,0.38008375148098283
39633282672888032,0.0,0.6,0.4,0.0,0.4854752972273343
39633267669862822,0.0,0.26,0.74,0.0,0.4133731862463089
39633293712296159,0.0,0.14,0.86,0.0,0.292119405821428
39633297357144438,0.0,0.77,0.23,0.0,0.38900565177326885
39633304567153836,0.0,0.77,0.23,0.0,0.38900565177326885
39633290075834858,0.0,0.51,0.49,0.0,0.49985572087640495
39633290075834856,0.0,0.68,0.32,0.0,0.45219072886224687
39633286389041409,0.0,0.11,0.89,0.0,0.249957979082264
39633282647721651,0.0,0.32,0.68,0.0,0.45219072886224687
39633300976830399,0.0,0.99,0.01,0.0,0.04039656794795559
39633297352950703,0.0,0.0,1.0,0.0,-0.0
39633286351291565,0.0,0.24,0.76,0.0,0.39752013969226113
39633286363876310,0.0,0.21,0.79,0.0,0.37074136996563684
39633297348758142,0.0,0.96,0.04,0.0,0.12114609454120741
39633297348758065,0.0,0.7,0.3,0.0,0.44064544961534635
39633286376459432,0.0,0.71,0.29,0.0,0.43436062316970225
39633297348758034,0.0,0.98,0.02,0.0,0.07072027127091034
39633286380650569,0.0,0.83,0.17,0.0,0.32885238937210975
39633267657277482,0.0,0.89,0.11,0.0,0.249957979082264
39633297369728790,0.0,0.29,0.71,0.0,0.43436062316970225
39633297336173861,0.0,0.93,0.07,0.0,0.18296182545011158
39633278973510469,0.0,0.14,0.86,0.0,0.292119405821428
39633304571349483,0.0,0.7,0.3,0.0,0.44064544961534635
39633293708102699,0.0,0.93,0.07,0.0,0.18296182545011158
39633263865626889,0.0,0.0,0.85,0.15,0.3049201523582002
39633263869821670,0.0,0.74,0.26,0.0,0.4133731862463089
39633271448928537,0.0,0.43,0.57,0.0,0.4929075185894599
39633297340368701,0.0,0.2,0.8,0.0,0.36096404744368116
39633297357144213,0.0,0.59,0.41,0.0,0.488250234378912
39633278931567472,0.0,0.6,0.4,0.0,0.4854752972273343
39633282677082702,0.0,0.73,0.27,0.0,0.42073231810408784
39633278948347394,0.0,0.89,0.11,0.0,0.249957979082264
39633271457317564,0.0,0.55,0.45,0.0,0.49638722699390414
39633282681277723,0.0,0.82,0.18,0.0,0.34003852286413994
39633293699712582,0.0,0.69,0.31,0.0,0.4465867291889284
39633293708100298,0.0,0.39,0.61,0.0,0.4823997742525436
39633282681275931,0.0,0.37,0.63,0.0,0.47533604634353294
39633300968442517,0.0,0.96,0.04,0.0,0.12114609454120741
39633282698052101,0.0,0.71,0.29,0.0,0.43436062316970225
39633300964247656,0.0,0.43,0.57,0.0,0.4929075185894599
39633297357144221,0.0,0.12,0.88,0.0,0.2646804326436822
39633290071639993,0.0,0.02,0.98,0.0,0.07072027127091034
39633278948344144,0.0,0.83,0.17,0.0,0.32885238937210975
39633278960929561,0.0,0.32,0.68,0.0,0.45219072886224687
39633300972635157,0.0,0.01,0.99,0.0,0.04039656794795559
39633297336174356,0.0,0.02,0.98,0.0,0.07072027127091034
39633275219610166,0.0,0.54,0.46,0.0,0.49768921941011285
39633282681277198,0.0,0.25,0.75,0.0,0.4056390622295664
39633275219609853,0.0,0.24,0.76,0.0,0.39752013969226113
39633267657279700,0.0,0.94,0.06,0.0,0.16372245957723813
39633293724879733,0.0,0.01,0.99,0.0,0.04039656794795559
39633297361338777,0.0,0.42,0.58,0.0,0.49072694751682683
39633282681274435,0.0,0.94,0.06,0.0,0.16372245957723813
39633293703908845,0.0,0.07,0.93,0.0,0.18296182545011158
39633290042280040,0.0,0.8,0.2,0.0,0.36096404744368116
39633286363875141,0.0,0.57,0.43,0.0,0.4929075185894599
39633271448929194,0.0,0.81,0.19,0.0,0.3507357299419487
39633271457319230,0.0,0.52,0.48,0.0,0.4994227679976009
39633286380651424,0.0,0.01,0.98,0.01,0.08072027127091033
39633297344562576,0.0,0.21,0.79,0.0,0.37074136996563684
39633271448928798,0.0,0.13,0.87,0.0,0.2787190925139945
39633278931568591,0.0,0.28,0.72,0.0,0.4277254052800653
39633308136506847,0.0,0.96,0.04,0.0,0.12114609454120741
39633275215413984,0.0,0.01,0.99,0.0,0.04039656794795559
39633293708100458,0.0,0.08,0.92,0.0,0.2010895951011364
39633278952540146,0.0,0.37,0.63,0.0,0.47533604634353294
39633282685468998,0.0,0.05,0.95,0.0,0.14319847855797813
39633282685468857,0.0,0.0,0.99,0.01,0.04039656794795559
39633286351293385,0.0,0.5,0.5,0.0,0.5
39633278952539568,0.0,0.69,0.31,0.0,0.4465867291889284
39633282685468838,0.0,0.05,0.94,0.01,0.1832231322266888
39633282677082690,0.0,0.25,0.75,0.0,0.4056390622295664
39633293703908145,0.0,0.81,0.19,0.0,0.3507357299419487
39633282651916244,0.0,0.89,0.11,0.0,0.249957979082264
39633282681277807,0.0,0.17,0.83,0.0,0.32885238937210975
39633275211222088,0.0,0.05,0.95,0.0,0.14319847855797813
39633308136506808,0.0,0.62,0.38,0.0,0.47902101111314976
39633278948344627,0.0,0.16,0.84,0.0,0.3171547773202831
39633278948346406,0.0,0.45,0.55,0.0,0.49638722699390414
39633278948345641,0.0,0.77,0.23,0.0,0.38900565177326885
39633293708100655,0.0,0.2,0.8,0.0,0.36096404744368116
39633293691325668,0.0,0.38,0.62,0.0,0.47902101111314976
39633297340368567,0.0,0.0,1.0,0.0,-0.0
39633275194441888,0.0,0.47,0.53,0.0,0.4987007942838698
39633282677083171,0.0,0.36,0.64,0.0,0.4713415946277461
39633290050666988,0.0,0.66,0.34,0.0,0.46240935248651505
39633297340368136,0.0,0.09,0.91,0.0,0.21823490853205144
39633271465707213,0.0,0.05,0.95,0.0,0.14319847855797813
39633293708102641,0.0,0.1,0.9,0.0,0.2344977967946406
39633271444735464,0.01,0.95,0.04,0.0,0.16124668093016215
39633271444735567,0.0,0.1,0.9,0.0,0.2344977967946406
39633300964247954,0.0,0.6,0.4,0.0,0.4854752972273343
39633271436348478,0.0,0.64,0.36,0.0,0.4713415946277461
39633293733265635,0.0,0.07,0.93,0.0,0.18296182545011158
39633271436348527,0.0,0.79,0.21,0.0,0.37074136996563684
39633286355486498,0.0,0.9,0.1,0.0,0.2344977967946406
39633304562960218,0.0,1.0,0.0,0.0,-0.0
39633297369728807,0.0,0.33,0.67,0.0,0.4574631863898637
39633300964247846,0.0,0.15,0.85,0.0,0.3049201523582002
39633300964247788,0.0,0.06,0.94,0.0,0.16372245957723813
39633267669861639,0.0,0.44,0.56,0.0,0.4947937606110278
39633297348757220,0.0,0.15,0.85,0.0,0.3049201523582002
39633290071638567,0.0,0.32,0.68,0.0,0.45219072886224687
39633286380650572,0.0,0.32,0.68,0.0,0.45219072886224687
39633293716490355,0.0,0.59,0.41,0.0,0.488250234378912
39633293691323388,0.0,0.97,0.03,0.0,0.0971959289157881
39633308136506285,0.0,0.73,0.27,0.0,0.42073231810408784
39633290071640263,0.0,0.53,0.47,0.0,0.4987007942838698
39633304571349569,0.0,0.99,0.01,0.0,0.04039656794795559
39633293691323674,0.0,0.78,0.22,0.0,0.38008375148098283
39633293703905474,0.0,0.34,0.66,0.0,0.46240935248651505
39633300964249125,0.0,0.01,0.98,0.01,0.08072027127091033
39633290050669318,0.0,0.89,0.11,0.0,0.249957979082264
39633282668693863,0.0,0.7,0.3,0.0,0.44064544961534635
39633297340369653,0.0,0.94,0.06,0.0,0.16372245957723813
39633286351293092,0.0,0.03,0.97,0.0,0.0971959289157881
39633271440543053,0.0,0.35,0.64,0.01,0.5043035669219932
39633275227997408,0.0,0.99,0.01,0.0,0.04039656794795559
39633278965123839,0.0,0.13,0.87,0.0,0.2787190925139945
39633282647723439,0.0,0.45,0.55,0.0,0.49638722699390414
39633293703905866,0.0,0.0,0.94,0.06,0.16372245957723813
39633293695516733,0.0,0.27,0.73,0.0,0.42073231810408784
39633293703905869,0.0,0.0,1.0,0.0,-0.0
39633293695516785,0.0,0.88,0.12,0.0,0.2646804326436822
39633304554572076,0.0,0.86,0.14,0.0,0.292119405821428
39633290067444862,0.0,0.41,0.59,0.0,0.488250234378912
39633297348758038,0.0,0.94,0.06,0.0,0.16372245957723813
39633297357144381,0.0,0.67,0.33,0.0,0.4574631863898637
39633297357144352,0.0,0.75,0.25,0.0,0.4056390622295664
39633275223803041,0.0,0.12,0.88,0.0,0.2646804326436822
39633300955859367,0.0,0.18,0.82,0.0,0.34003852286413994
39633300955859684,0.0,0.4,0.6,0.0,0.4854752972273343
39633290050668358,0.0,0.9,0.1,0.0,0.2344977967946406
39633300955859489,0.0,0.9,0.1,0.0,0.2344977967946406
39633297348757796,0.0,0.0,1.0,0.0,-0.0
39633290050667106,0.0,0.3,0.7,0.0,0.44064544961534635
39633290050667039,0.0,0.69,0.31,0.0,0.4465867291889284
39633278939956704,0.0,0.9,0.1,0.0,0.2344977967946406
39633282681277304,0.0,0.1,0.9,0.0,0.2344977967946406
39633282681277111,0.0,0.3,0.7,0.0,0.44064544961534635
39633290038084129,0.0,0.94,0.06,0.0,0.16372245957723813
39633290038084200,0.0,0.01,0.98,0.01,0.08072027127091033
39633290038084106,0.0,0.69,0.31,0.0,0.4465867291889284
39633293733267631,0.0,0.0,1.0,0.0,-0.0
39633297352950574,0.0,0.01,0.99,0.0,0.04039656794795559
39633304558766958,0.0,0.43,0.57,0.0,0.4929075185894599
39633286355487890,0.0,0.65,0.35,0.0,0.4670340276877455
39633282681277511,0.0,0.43,0.57,0.0,0.4929075185894599
39633304583930418,0.0,0.97,0.03,0.0,0.0971959289157881
39633297365532829,0.0,0.17,0.83,0.0,0.32885238937210975
39633304558767209,0.0,0.6,0.4,0.0,0.4854752972273343
39633297365532970,0.0,0.0,0.93,0.07,0.18296182545011158
39633297344562322,0.0,0.04,0.96,0.0,0.12114609454120741
39633300951665085,0.0,0.0,0.98,0.02,0.07072027127091034
39633300955859014,0.0,0.45,0.55,0.0,0.49638722699390414
39633297348756300,0.0,0.91,0.09,0.0,0.21823490853205144
39633286355487915,0.0,0.01,0.97,0.02,0.11097036642660543
39633290042278960,0.0,0.01,0.99,0.0,0.04039656794795559
39633263869821983,0.0,0.98,0.02,0.0,0.07072027127091034
39633267674056333,0.0,0.0,0.98,0.02,0.07072027127091034
39633282660304849,0.0,0.06,0.94,0.0,0.16372245957723813
39633278948345642,0.0,0.75,0.25,0.0,0.4056390622295664
39633278948345788,0.0,0.92,0.08,0.0,0.2010895951011364
39633275202830408,0.0,0.6,0.4,0.0,0.4854752972273343
39633275232192334,0.0,0.15,0.85,0.0,0.3049201523582002
39633267682445340,0.0,0.93,0.07,0.0,0.18296182545011158
39633263869822041,0.0,0.55,0.45,0.0,0.49638722699390414
39633293720682688,0.0,0.07,0.93,0.0,0.18296182545011158
39633293724879185,0.0,0.32,0.68,0.0,0.45219072886224687
39633267657277762,0.0,0.04,0.96,0.0,0.12114609454120741
39633271465708714,0.0,0.66,0.34,0.0,0.46240935248651505
39633297361341120,0.0,0.31,0.69,0.0,0.4465867291889284
39633271465708769,0.0,0.67,0.33,0.0,0.4574631863898637
39633293720682899,0.0,0.14,0.86,0.0,0.292119405821428
39633282660303925,0.0,0.0,0.94,0.06,0.16372245957723813
39633293720682838,0.0,1.0,0.0,0.0,-0.0
39633271469899835,0.0,0.15,0.85,0.0,0.3049201523582002
39633282660303987,0.0,0.2,0.8,0.0,0.36096404744368116
39633267682445076,0.0,0.9,0.1,0.0,0.2344977967946406
39633290042277965,0.0,0.18,0.82,0.0,0.34003852286413994
39633297365536329,0.0,0.23,0.77,0.0,0.38900565177326885
39633290038087511,0.0,0.24,0.76,0.0,0.39752013969226113
39633290075833168,0.0,0.0,1.0,0.0,-0.0
39633290042278049,0.0,0.02,0.98,0.0,0.07072027127091034
39633267678249139,0.0,0.96,0.04,0.0,0.12114609454120741
39633308136508095,0.0,0.05,0.95,0.0,0.14319847855797813
39633271465707673,0.0,0.92,0.08,0.0,0.2010895951011364
39633282693858321,0.0,0.67,0.33,0.0,0.4574631863898637
39633271461511692,0.0,0.36,0.64,0.0,0.4713415946277461
39633293724877413,0.0,0.04,0.95,0.01,0.16124668093016215
39633297340368038,0.0,0.45,0.55,0.0,0.49638722699390414
39633304571349885,0.0,0.96,0.04,0.0,0.12114609454120741
39633293733268783,0.0,0.29,0.71,0.0,0.43436062316970225
39633293733268732,0.0,0.0,1.0,0.0,-0.0
39633267678250061,0.0,0.4,0.6,0.0,0.4854752972273343
39633282651916354,0.0,0.0,0.98,0.02,0.07072027127091034
39633278927375378,0.0,0.11,0.89,0.0,0.249957979082264
39633267674054822,0.0,0.21,0.79,0.0,0.37074136996563684
39633267674055067,0.0,0.62,0.38,0.0,0.47902101111314976
39633286384845683,0.0,0.35,0.65,0.0,0.4670340276877455
39633286380651969,0.0,0.38,0.62,0.0,0.47902101111314976
39633278939958097,0.0,0.95,0.05,0.0,0.14319847855797813
39633267674055102,0.01,0.99,0.0,0.0,0.04039656794795559
39633282668691778,0.0,0.64,0.36,0.0,0.4713415946277461
39633267674055081,0.0,0.67,0.33,0.0,0.4574631863898637
39633278952538213,0.0,0.65,0.35,0.0,0.4670340276877455
39633286380652022,0.0,0.4,0.6,0.0,0.4854752972273343
39633275207027862,0.0,0.96,0.04,0.0,0.12114609454120741
39633275207027817,0.0,0.68,0.32,0.0,0.45219072886224687
39633297361339630,0.0,0.06,0.94,0.0,0.16372245957723813
39633290075833416,0.0,1.0,0.0,0.0,-0.0
39633297361339587,0.0,0.09,0.91,0.0,0.21823490853205144
39633271465706089,0.0,0.0,1.0,0.0,-0.0
39633290075833313,0.0,0.89,0.11,0.0,0.249957979082264
39633278939955539,0.0,0.11,0.89,0.0,0.249957979082264
39633286380651572,0.0,0.94,0.06,0.0,0.16372245957723813
39633271465705658,0.0,0.06,0.94,0.0,0.16372245957723813
39633267674054787,0.0,0.91,0.09,0.0,0.21823490853205144
39633278952538905,0.0,0.5,0.5,0.0,0.5
39633275202834118,0.0,0.78,0.22,0.0,0.38008375148098283
39633267674057435,0.0,0.21,0.79,0.0,0.37074136996563684
39633304558766740,0.0,0.95,0.05,0.0,0.14319847855797813
39633278952538635,0.0,0.12,0.88,0.0,0.2646804326436822
39633278939956904,0.0,0.68,0.32,0.0,0.45219072886224687
39633278952538571,0.0,0.19,0.81,0.0,0.3507357299419487
39633300955857133,0.0,0.95,0.05,0.0,0.14319847855797813
39633293724877242,0.0,0.56,0.44,0.0,0.4947937606110278
39633267665667698,0.0,0.0,1.0,0.0,-0.0
39633282685470783,0.0,0.02,0.98,0.0,0.07072027127091034
39633282677082491,0.0,0.41,0.59,0.0,0.488250234378912
39633282685470965,0.0,0.17,0.83,0.0,0.32885238937210975
39633293724878762,0.0,0.24,0.76,0.0,0.39752013969226113
39633293720685484,0.0,0.28,0.72,0.0,0.4277254052800653
39633297344562718,0.0,0.26,0.74,0.0,0.4133731862463089
39633271444738057,0.0,0.72,0.28,0.0,0.4277254052800653
39633271448930948,0.0,0.33,0.67,0.0,0.4574631863898637
39633271444738186,0.0,0.85,0.15,0.0,0.3049201523582002
39633271448930949,0.0,0.67,0.33,0.0,0.4574631863898637
39633293691326007,0.0,0.41,0.59,0.0,0.488250234378912
39633271448931026,0.0,0.65,0.35,0.0,0.4670340276877455
39633308140700967,0.0,0.17,0.83,0.0,0.32885238937210975
39633290071640725,0.0,0.14,0.85,0.01,0.33142210248480686
39633293695516732,0.0,0.8,0.2,0.0,0.36096404744368116
39633271448931110,0.0,0.29,0.71,0.0,0.43436062316970225
39633282672886279,0.0,0.2,0.8,0.0,0.36096404744368116
39633282672886324,0.0,0.89,0.11,0.0,0.249957979082264
39633286359681674,0.0,0.18,0.82,0.0,0.34003852286413994
39633278927374219,0.0,0.0,0.96,0.04,0.12114609454120741
39633293720684098,0.0,0.63,0.37,0.0,0.47533604634353294
39633300964248994,0.01,0.49,0.5,0.0,0.5353601356354551
39633293695517020,0.0,0.99,0.01,0.0,0.04039656794795559
39633282672889017,0.0,0.02,0.98,0.0,0.07072027127091034
39633300981024344,0.0,0.04,0.96,0.0,0.12114609454120741
39633278927375474,0.0,0.01,0.99,0.0,0.04039656794795559
39633297344562706,0.0,0.99,0.01,0.0,0.04039656794795559
39633300985217863,0.0,0.06,0.93,0.01,0.20367037270049304
39633297340370596,0.0,0.28,0.72,0.0,0.4277254052800653
39633278927375363,0.0,0.65,0.35,0.0,0.4670340276877455
39633282677082413,0.0,0.05,0.95,0.0,0.14319847855797813
39633278944152870,0.0,0.1,0.9,0.0,0.2344977967946406
39633271448929084,0.0,0.47,0.53,0.0,0.4987007942838698
39633297344561278,0.0,0.0,0.91,0.09,0.21823490853205144
39633297357144765,0.0,0.01,0.99,0.0,0.04039656794795559
39633293724879707,0.0,0.26,0.74,0.0,0.4133731862463089
39633293724879671,0.0,0.36,0.64,0.0,0.4713415946277461
39633300951664822,0.0,0.97,0.03,0.0,0.0971959289157881
39633293724879573,0.0,0.18,0.82,0.0,0.34003852286413994
39633297344561299,0.0,0.9,0.1,0.0,0.2344977967946406
39633297344561976,0.0,0.3,0.7,0.0,0.44064544961534635
39633297344561980,0.0,0.14,0.86,0.0,0.292119405821428
39633300964249051,0.0,0.03,0.97,0.0,0.0971959289157881
39633297344561995,0.0,0.45,0.55,0.0,0.49638722699390414
39633293720682695,0.0,0.14,0.86,0.0,0.292119405821428
39633286359681708,0.0,0.52,0.48,0.0,0.4994227679976009
39633293737461141,0.0,0.81,0.19,0.0,0.3507357299419487
39633293737461171,0.04,0.96,0.0,0.0,0.12114609454120741
39633293691325896,0.0,0.22,0.78,0.0,0.38008375148098283
39633271448929062,0.01,0.95,0.04,0.0,0.16124668093016215
39633271453124748,0.0,0.96,0.04,0.0,0.12114609454120741
39633293729072933,0.0,0.51,0.49,0.0,0.49985572087640495
39633271457317259,0.0,0.21,0.79,0.0,0.37074136996563684
39633293712297147,0.0,0.04,0.95,0.01,0.16124668093016215
39633275215416319,0.0,0.17,0.83,0.0,0.32885238937210975
39633275215413532,0.0,0.08,0.92,0.0,0.2010895951011364
39633290038087249,0.0,0.23,0.77,0.0,0.38900565177326885
39633282693859655,0.0,0.63,0.37,0.0,0.47533604634353294
39633282689665120,0.0,0.28,0.72,0.0,0.4277254052800653
39633275223803723,0.0,1.0,0.0,0.0,-0.0
39633282689663738,0.0,0.1,0.9,0.0,0.2344977967946406
39633297352952125,0.0,0.81,0.19,0.0,0.3507357299419487
39633282660304612,0.0,0.03,0.97,0.0,0.0971959289157881
39633297352952134,0.0,0.18,0.82,0.0,0.34003852286413994
39633293729072997,0.0,0.72,0.28,0.0,0.4277254052800653
39633271436348348,0.0,0.84,0.16,0.0,0.3171547773202831
39633271444736084,0.0,0.01,0.99,0.0,0.04039656794795559
39633304562961395,0.0,0.27,0.73,0.0,0.42073231810408784
39633282660304956,0.0,0.0,1.0,0.0,-0.0
39633304571347441,0.0,0.38,0.62,0.0,0.47902101111314976
39633286384845396,0.0,0.33,0.67,0.0,0.4574631863898637
39633304579738535,0.0,0.96,0.04,0.0,0.12114609454120741
39633282660304106,0.0,0.21,0.79,0.0,0.37074136996563684
39633275211222107,0.0,0.22,0.78,0.0,0.38008375148098283
39633282660303348,0.0,0.86,0.14,0.0,0.292119405821428
39633286363875403,0.0,0.97,0.03,0.0,0.0971959289157881
39633290071638106,0.0,0.12,0.88,0.0,0.2646804326436822
39633282651915311,0.0,0.35,0.65,0.0,0.4670340276877455
39633275211222150,0.0,0.61,0.39,0.0,0.4823997742525436
39633304567152715,0.0,0.96,0.04,0.0,0.12114609454120741
39633275211222103,0.0,0.04,0.96,0.0,0.12114609454120741
39633275223801898,0.0,0.07,0.93,0.0,0.18296182545011158
39633297365536418,0.0,0.04,0.96,0.0,0.12114609454120741
39633282660303993,0.02,0.98,0.0,0.0,0.07072027127091034
39633275211222418,0.0,0.88,0.12,0.0,0.2646804326436822
39633282660304035,0.0,0.85,0.15,0.0,0.3049201523582002
39633290067446895,0.0,0.43,0.57,0.0,0.4929075185894599
39633275211222492,0.0,0.04,0.96,0.0,0.12114609454120741
39633275211222539,0.0,0.95,0.05,0.0,0.14319847855797813
39633282660304057,0.0,0.25,0.75,0.0,0.4056390622295664
39633290042280946,0.0,0.01,0.99,0.0,0.04039656794795559
39633300981025812,0.0,0.85,0.15,0.0,0.3049201523582002
39633282651915226,0.0,0.0,0.86,0.14,0.292119405821428
39633275223803691,0.0,0.74,0.26,0.0,0.4133731862463089
39633282689663755,0.0,0.18,0.82,0.0,0.34003852286413994
39633304575544146,0.0,0.12,0.88,0.0,0.2646804326436822
39633271436349160,0.0,0.23,0.77,0.0,0.38900565177326885
39633278969317327,0.0,0.06,0.94,0.0,0.16372245957723813
39633271436348109,0.0,0.26,0.74,0.0,0.4133731862463089
39633300976828577,0.0,0.04,0.96,0.0,0.12114609454120741
39633304567155168,0.0,0.05,0.95,0.0,0.14319847855797813
39633282693859840,0.0,0.46,0.54,0.0,0.49768921941011285
39633290042278000,0.0,0.53,0.47,0.0,0.4987007942838698
39633271436347828,0.0,0.73,0.27,0.0,0.42073231810408784
39633304579738229,0.0,0.82,0.18,0.0,0.34003852286413994
39633286393236410,0.0,0.77,0.23,0.0,0.38900565177326885
39633275207028339,0.0,0.0,0.9,0.1,0.2344977967946406
39633300981025926,0.0,0.49,0.51,0.0,0.49985572087640495
39633286393236382,0.0,0.61,0.39,0.0,0.4823997742525436
39633290071638046,0.0,0.05,0.95,0.0,0.14319847855797813
39633271453123351,0.0,0.97,0.03,0.0,0.0971959289157881
39633282656112145,0.0,0.83,0.17,0.0,0.32885238937210975
39633304571347167,0.0,0.93,0.07,0.0,0.18296182545011158
39633282689664317,0.0,0.86,0.14,0.0,0.292119405821428
39633300955858919,0.0,0.83,0.17,0.0,0.32885238937210975
39633282689665399,0.0,0.57,0.43,0.0,0.4929075185894599
39633282660305014,0.0,0.05,0.95,0.0,0.14319847855797813
39633304575544132,0.0,0.51,0.49,0.0,0.49985572087640495
39633304575544128,0.0,0.05,0.95,0.0,0.14319847855797813
39633297361341319,0.0,0.09,0.91,0.0,0.21823490853205144
39633300955858784,0.0,0.06,0.9,0.04,0.283045326517374
39633293699712713,0.01,0.99,0.0,0.0,0.04039656794795559
39633300955858738,0.0,0.08,0.92,0.0,0.2010895951011364
39633304575544138,0.0,0.1,0.9,0.0,0.2344977967946406
39633271436348322,0.0,0.96,0.04,0.0,0.12114609454120741
39633286380651667,0.0,0.22,0.78,0.0,0.38008375148098283
39633282651916165,0.0,0.37,0.63,0.0,0.47533604634353294
39633290071640644,0.0,0.1,0.9,0.0,0.2344977967946406
39633286380652364,0.0,0.25,0.75,0.0,0.4056390622295664
39633286384845087,0.0,0.12,0.87,0.01,0.30414992414989617
39633308140700356,0.0,0.6,0.4,0.0,0.4854752972273343
39633271457319921,0.0,0.2,0.8,0.0,0.36096404744368116
39633286380653871,0.0,0.1,0.9,0.0,0.2344977967946406
39633297361341845,0.0,0.02,0.97,0.01,0.11097036642660543
39633297365532880,0.0,0.23,0.77,0.0,0.38900565177326885
39633286355486964,0.0,0.01,0.99,0.0,0.04039656794795559
39633297340368875,0.0,0.3,0.7,0.0,0.44064544961534635
39633286384845292,0.0,0.82,0.18,0.0,0.34003852286413994
39633304579738241,0.0,0.4,0.6,0.0,0.4854752972273343
39633297344562318,0.0,0.98,0.02,0.0,0.07072027127091034
39633286397429554,0.0,0.47,0.53,0.0,0.4987007942838698
39633271457316996,0.0,0.51,0.49,0.0,0.49985572087640495
39633282672888879,0.0,0.05,0.95,0.0,0.14319847855797813
39633286355487076,0.0,0.32,0.68,0.0,0.45219072886224687
39633282698052048,0.0,0.54,0.46,0.0,0.49768921941011285
39633293712295151,0.0,0.09,0.91,0.0,0.21823490853205144
39633304579735935,0.0,0.86,0.14,0.0,0.292119405821428
39633304575543951,0.0,0.49,0.51,0.0,0.49985572087640495
39633304571347666,0.0,0.64,0.36,0.0,0.4713415946277461
39633293729074500,0.0,0.8,0.2,0.0,0.36096404744368116
39633304558765025,0.0,0.87,0.13,0.0,0.2787190925139945
39633271453124338,0.0,0.28,0.72,0.0,0.4277254052800653
39633275202833190,0.0,0.21,0.79,0.0,0.37074136996563684
39633304558766685,0.0,0.0,0.99,0.01,0.04039656794795559
39633293712294254,0.0,0.53,0.47,0.0,0.4987007942838698
39633304558766946,0.0,0.15,0.85,0.0,0.3049201523582002
39633304558767035,0.0,0.47,0.53,0.0,0.4987007942838698
39633304579735794,0.0,0.16,0.84,0.0,0.3171547773202831
39633282668691752,0.0,0.94,0.06,0.0,0.16372245957723813
39633304567152831,0.0,1.0,0.0,0.0,-0.0
39633282651916117,0.0,0.27,0.73,0.0,0.42073231810408784
39633290075832950,0.0,0.02,0.95,0.03,0.1674722434193448
39633286384845692,0.0,0.31,0.69,0.0,0.4465867291889284
39633297344563281,0.0,0.98,0.02,0.0,0.07072027127091034
39633290075832988,0.0,0.8,0.2,0.0,0.36096404744368116
39633282672888946,0.0,0.85,0.15,0.0,0.3049201523582002
39633286389040185,0.0,0.54,0.46,0.0,0.49768921941011285
39633282672888938,0.0,0.17,0.83,0.0,0.32885238937210975
39633275211221713,0.0,0.0,0.96,0.04,0.12114609454120741
39633300960051728,0.01,0.62,0.37,0.0,0.5123783660260752
39633304554572233,0.0,0.75,0.25,0.0,0.4056390622295664
39633293733268388,0.0,0.72,0.28,0.0,0.4277254052800653
39633300968440257,0.0,0.51,0.49,0.0,0.49985572087640495
39633300968440373,0.0,0.1,0.9,0.0,0.2344977967946406
39633300968440320,0.0,0.34,0.66,0.0,0.46240935248651505
39633282651917468,0.0,0.6,0.4,0.0,0.4854752972273343
39633293716489417,0.0,0.1,0.9,0.0,0.2344977967946406
39633275215413312,0.0,0.24,0.76,0.0,0.39752013969226113
39633300955858080,0.0,0.55,0.45,0.0,0.49638722699390414
39633275219608112,0.0,0.28,0.72,0.0,0.4277254052800653
39633297352951909,0.0,0.47,0.53,0.0,0.4987007942838698
39633275215416197,0.0,0.69,0.31,0.0,0.4465867291889284
39633293733268482,0.0,0.06,0.94,0.0,0.16372245957723813
39633275215416193,0.0,0.74,0.26,0.0,0.4133731862463089
39633300960052719,0.0,0.86,0.14,0.0,0.292119405821428
39633267674056433,0.0,0.32,0.68,0.0,0.45219072886224687
39633286380652808,0.0,0.55,0.45,0.0,0.49638722699390414
39633282689664721,0.0,0.11,0.89,0.0,0.249957979082264
39633278927374038,0.0,0.0,0.81,0.19,0.3507357299419487
39633297357145046,0.0,0.04,0.95,0.01,0.16124668093016215
39633278944152406,0.0,0.54,0.46,0.0,0.49768921941011285
39633271453125140,0.0,0.71,0.29,0.0,0.43436062316970225
39633282647723553,0.0,0.72,0.28,0.0,0.4277254052800653
39633271444735866,0.0,0.95,0.05,0.0,0.14319847855797813
39633275211221974,0.0,0.33,0.67,0.0,0.4574631863898637
39633290033891981,0.0,0.67,0.33,0.0,0.4574631863898637
39633282664500370,0.0,0.6,0.4,0.0,0.4854752972273343
39633271453124661,0.0,0.08,0.92,0.0,0.2010895951011364
39633271453124477,0.0,0.81,0.19,0.0,0.3507357299419487
39633271453124467,0.0,0.12,0.88,0.0,0.2646804326436822
39633297348756030,0.0,0.3,0.7,0.0,0.44064544961534635
39633304554572197,0.0,0.23,0.77,0.0,0.38900565177326885
39633293724879326,0.0,0.88,0.12,0.0,0.2646804326436822
39633293695519168,0.0,0.95,0.05,0.0,0.14319847855797813
39633278927374028,0.0,0.2,0.8,0.0,0.36096404744368116
39633293699714372,0.0,0.19,0.81,0.0,0.3507357299419487
39633293733266306,0.0,0.21,0.79,0.0,0.37074136996563684
39633278927373065,0.0,0.76,0.24,0.0,0.39752013969226113
39633278927373884,0.0,0.87,0.13,0.0,0.2787190925139945
39633286368068885,0.0,0.64,0.36,0.0,0.4713415946277461
39633293699714345,0.0,0.06,0.94,0.0,0.16372245957723813
39633293695518951,0.0,0.05,0.95,0.0,0.14319847855797813
39633304554572243,0.0,0.83,0.17,0.0,0.32885238937210975
39633293695518819,0.0,0.04,0.96,0.0,0.12114609454120741
39633267674056271,0.0,0.83,0.17,0.0,0.32885238937210975
39633278927373552,0.0,0.24,0.76,0.0,0.39752013969226113
39633286397429387,0.0,1.0,0.0,0.0,-0.0
39633293695519431,0.0,0.48,0.52,0.0,0.4994227679976009
39633308140702317,0.0,0.29,0.71,0.0,0.43436062316970225
39633286384845032,0.0,0.24,0.76,0.0,0.39752013969226113
39633290033891909,0.0,0.1,0.9,0.0,0.2344977967946406
39633308140702043,0.0,0.71,0.29,0.0,0.43436062316970225
39633300976829331,0.0,0.46,0.54,0.0,0.49768921941011285
39633290071640753,0.0,0.67,0.33,0.0,0.4574631863898637
39633271461512579,0.0,0.4,0.6,0.0,0.4854752972273343
39633290033891954,0.0,0.0,0.99,0.01,0.04039656794795559
39633286380651370,0.0,0.14,0.86,0.0,0.292119405821428
39633290029697926,0.0,0.31,0.69,0.0,0.4465867291889284
39633275194442929,0.0,0.15,0.85,0.0,0.3049201523582002
39633278935762341,0.0,0.01,0.95,0.04,0.16124668093016215
39633293729072222,0.0,0.33,0.67,0.0,0.4574631863898637
39633304571349663,0.0,0.09,0.91,0.0,0.21823490853205144
39633293708100717,0.0,0.82,0.18,0.0,0.34003852286413994
39633275211221760,0.01,0.98,0.01,0.0,0.08072027127091033
39633275211221815,0.0,0.33,0.67,0.0,0.4574631863898637
39633282651916095,0.0,0.8,0.2,0.0,0.36096404744368116
39633297369730348,0.0,0.2,0.8,0.0,0.36096404744368116
39633293691323992,0.0,0.19,0.81,0.0,0.3507357299419487
39633293729072187,0.0,0.66,0.34,0.0,0.46240935248651505
39633267674056060,0.0,0.78,0.22,0.0,0.38008375148098283
39633293729072122,0.0,0.03,0.97,0.0,0.0971959289157881
39633293729072137,0.0,0.0,0.98,0.02,0.07072027127091034
39633304575542427,0.0,0.42,0.58,0.0,0.49072694751682683
39633297369728672,0.0,0.15,0.85,0.0,0.3049201523582002
39633297344561687,0.0,0.34,0.66,0.0,0.46240935248651505
39633297340367613,0.0,0.41,0.59,0.0,0.488250234378912
39633282681275854,0.0,0.01,0.98,0.01,0.08072027127091033
39633293729072075,0.0,0.0,0.97,0.03,0.0971959289157881
39633282651915980,0.0,0.25,0.75,0.0,0.4056390622295664
39633286384845361,0.0,0.1,0.9,0.0,0.2344977967946406
39633278960928880,0.0,0.06,0.94,0.0,0.16372245957723813
39633286384845399,0.0,0.02,0.97,0.01,0.11097036642660543
39633304562961470,0.0,0.99,0.01,0.0,0.04039656794795559
39633290075834783,0.0,0.12,0.88,0.0,0.2646804326436822
39633267674055891,0.0,0.37,0.63,0.0,0.47533604634353294
39633286384845378,0.0,0.64,0.36,0.0,0.4713415946277461
39633286389040559,0.0,0.43,0.57,0.0,0.4929075185894599
39633300981026109,0.0,0.73,0.27,0.0,0.42073231810408784
39633278956735426,0.0,0.16,0.84,0.0,0.3171547773202831
39633271436347224,0.0,0.61,0.39,0.0,0.4823997742525436
39633271461512033,0.0,0.97,0.03,0.0,0.0971959289157881
39633278944152739,0.0,0.29,0.71,0.0,0.43436062316970225
39633300972634666,0.0,0.03,0.97,0.0,0.0971959289157881
39633297365535178,0.0,0.66,0.34,0.0,0.46240935248651505
39633290038086258,0.0,0.27,0.73,0.0,0.42073231810408784
39633278944152740,0.0,0.75,0.25,0.0,0.4056390622295664
39633300981026127,0.0,0.52,0.48,0.0,0.4994227679976009
39633286393236287,0.0,0.47,0.53,0.0,0.4987007942838698
39633286393233768,0.0,1.0,0.0,0.0,-0.0
39633297373922863,0.0,0.38,0.62,0.0,0.47902101111314976
39633282672885867,0.0,0.12,0.88,0.0,0.2646804326436822
39633282668691671,0.0,0.55,0.45,0.0,0.49638722699390414
39633286393235998,0.0,0.73,0.27,0.0,0.42073231810408784
39633297340369054,0.0,0.27,0.73,0.0,0.42073231810408784
39633286363875237,0.0,0.98,0.02,0.0,0.07072027127091034
39633267661472359,0.0,0.06,0.94,0.0,0.16372245957723813
39633300964245576,0.0,0.34,0.66,0.0,0.46240935248651505
39633297348758315,0.0,1.0,0.0,0.0,-0.0
39633290046474492,0.0,0.06,0.94,0.0,0.16372245957723813
39633278927375372,0.0,0.73,0.27,0.0,0.42073231810408784
39633293729073096,0.0,0.57,0.43,0.0,0.4929075185894599
39633278927375216,0.0,0.81,0.19,0.0,0.3507357299419487
39633293695519249,0.0,0.0,0.92,0.08,0.2010895951011364
39633267661472328,0.0,0.23,0.77,0.0,0.38900565177326885
39633278960929861,0.0,0.34,0.66,0.0,0.46240935248651505
39633278927373308,0.0,0.59,0.41,0.0,0.488250234378912
39633275223802253,0.0,0.57,0.43,0.0,0.4929075185894599
39633282672887359,0.0,0.89,0.11,0.0,0.249957979082264
39633304558765860,0.0,0.69,0.31,0.0,0.4465867291889284
39633278927372406,0.0,0.78,0.22,0.0,0.38008375148098283
39633300964246148,0.0,0.68,0.32,0.0,0.45219072886224687
39633282668694468,0.0,0.9,0.1,0.0,0.2344977967946406
39633282660305909,0.0,0.0,1.0,0.0,-0.0
39633308140700979,0.0,0.11,0.89,0.0,0.249957979082264
39633297373923999,0.0,0.73,0.27,0.0,0.42073231810408784
39633278965124134,0.0,0.77,0.23,0.0,0.38900565177326885
39633275194444814,0.0,0.68,0.32,0.0,0.45219072886224687
39633271444735036,0.0,0.07,0.93,0.0,0.18296182545011158
39633290042279496,0.0,0.14,0.86,0.0,0.292119405821428
39633271444735086,0.0,0.76,0.24,0.0,0.39752013969226113
39633300955859132,0.0,0.75,0.25,0.0,0.4056390622295664
39633290029697935,0.0,0.3,0.7,0.0,0.44064544961534635
39633282660305107,0.0,0.12,0.88,0.0,0.2646804326436822
39633304554570901,0.0,0.99,0.01,0.0,0.04039656794795559
39633263869821651,0.0,1.0,0.0,0.0,-0.0
39633271444734991,0.0,0.23,0.77,0.0,0.38900565177326885
39633275194444864,0.0,0.67,0.33,0.0,0.4574631863898637
39633293720683342,0.0,0.08,0.92,0.0,0.2010895951011364
39633282651914656,0.0,0.99,0.01,0.0,0.04039656794795559
39633304583930504,0.0,0.66,0.34,0.0,0.46240935248651505
39633282660305117,0.0,0.32,0.68,0.0,0.45219072886224687
39633286393236104,0.0,0.45,0.55,0.0,0.49638722699390414
39633271469900695,0.0,0.37,0.63,0.0,0.47533604634353294
39633275190249618,0.0,0.99,0.01,0.0,0.04039656794795559
39633293708102505,0.0,0.26,0.74,0.0,0.4133731862463089
39633282660305720,0.0,0.12,0.87,0.01,0.30414992414989617
39633293708102365,0.0,0.31,0.69,0.0,0.4465867291889284
39633293695517181,0.0,0.0,0.91,0.09,0.21823490853205144
39633293695517263,0.0,0.47,0.53,0.0,0.4987007942838698
39633282672888778,0.0,0.38,0.62,0.0,0.47902101111314976
39633278939957157,0.0,0.17,0.83,0.0,0.32885238937210975
39633308140700832,0.0,0.71,0.29,0.0,0.43436062316970225
39633308140700626,0.0,1.0,0.0,0.0,-0.0
39633308140700743,0.0,1.0,0.0,0.0,-0.0
39633282660303904,0.0,0.05,0.94,0.01,0.1832231322266888
39633278956733293,0.0,0.11,0.89,0.0,0.249957979082264
39633286355487377,0.0,0.82,0.18,0.0,0.34003852286413994
39633297357145535,0.0,0.84,0.16,0.0,0.3171547773202831
39633286355487524,0.0,0.02,0.98,0.0,0.07072027127091034
39633278956734103,0.0,0.66,0.34,0.0,0.46240935248651505
39633278956734041,0.0,0.85,0.15,0.0,0.3049201523582002
39633286380651483,0.0,0.1,0.9,0.0,0.2344977967946406
39633278939957054,0.0,0.78,0.22,0.0,0.38008375148098283
39633286355485990,0.0,0.1,0.9,0.0,0.2344977967946406
39633304567155286,0.0,1.0,0.0,0.0,-0.0
39633304567153918,0.0,0.58,0.42,0.0,0.49072694751682683
39633271469900330,0.0,0.64,0.36,0.0,0.4713415946277461
39633275227996836,0.0,0.9,0.1,0.0,0.2344977967946406
39633293699712545,0.0,0.76,0.24,0.0,0.39752013969226113
39633297344561368,0.0,0.19,0.81,0.0,0.3507357299419487
39633304554572276,0.0,0.89,0.11,0.0,0.249957979082264
39633304554570671,0.0,0.07,0.93,0.0,0.18296182545011158
39633293699712589,0.0,0.89,0.11,0.0,0.249957979082264
39633271461511825,0.0,0.44,0.56,0.0,0.4947937606110278
39633271461511696,0.0,0.18,0.82,0.0,0.34003852286413994
39633271461511775,0.0,0.96,0.04,0.0,0.12114609454120741
39633275223804646,0.0,0.99,0.01,0.0,0.04039656794795559
39633293729072823,0.0,0.34,0.66,0.0,0.46240935248651505
39633290042279554,0.0,0.99,0.01,0.0,0.04039656794795559
39633271444734861,0.0,0.84,0.16,0.0,0.3171547773202831
39633300955858810,0.0,0.04,0.96,0.0,0.12114609454120741
39633275223802688,0.0,0.28,0.72,0.0,0.4277254052800653
39633275202833613,0.0,0.22,0.78,0.0,0.38008375148098283
39633271444734672,0.0,0.96,0.04,0.0,0.12114609454120741
39633267669863351,0.0,0.68,0.32,0.0,0.45219072886224687
39633297369730309,0.0,0.01,0.91,0.08,0.24088153359695552
39633282672888593,0.0,0.15,0.85,0.0,0.3049201523582002
39633282672888843,0.0,0.46,0.54,0.0,0.49768921941011285
39633304575543451,0.0,0.19,0.81,0.0,0.3507357299419487
39633282651917640,0.0,0.11,0.89,0.0,0.249957979082264
39633304554572184,0.0,0.14,0.86,0.0,0.292119405821428
39633304575543713,0.0,0.12,0.88,0.0,0.2646804326436822
39633304575541886,0.0,0.35,0.65,0.0,0.4670340276877455
39633297344562531,0.0,0.89,0.11,0.0,0.249957979082264
39633304575541824,0.0,0.04,0.96,0.0,0.12114609454120741
39633304575541790,0.0,0.75,0.25,0.0,0.4056390622295664
39633293695517365,0.0,0.63,0.37,0.0,0.47533604634353294
39633297344562490,0.0,0.92,0.08,0.0,0.2010895951011364
39633282698052769,0.0,0.47,0.53,0.0,0.4987007942838698
39633304575542031,0.0,0.09,0.91,0.0,0.21823490853205144
39633297344562264,0.0,0.28,0.72,0.0,0.4277254052800653
39633293708102265,0.0,0.53,0.47,0.0,0.4987007942838698
39633275211221442,0.0,0.11,0.88,0.01,0.28950944366190023
39633271465708947,0.0,1.0,0.0,0.0,-0.0
39633304554570716,0.0,0.04,0.96,0.0,0.12114609454120741
39633290029697969,0.0,0.48,0.52,0.0,0.4994227679976009
39633304554572563,0.0,0.49,0.51,0.0,0.49985572087640495
39633290075832727,0.0,0.03,0.97,0.0,0.0971959289157881
39633293695517387,0.0,0.75,0.25,0.0,0.4056390622295664
39633282685470037,0.0,0.98,0.02,0.0,0.07072027127091034
39633293695517437,0.0,0.03,0.97,0.0,0.0971959289157881
39633282685470117,0.0,0.42,0.58,0.0,0.49072694751682683
39633290046473777,0.0,0.61,0.39,0.0,0.4823997742525436
39633282668694178,0.0,0.91,0.09,0.0,0.21823490853205144
39633304554572725,0.0,0.93,0.07,0.0,0.18296182545011158
39633286355486804,0.0,0.23,0.77,0.0,0.38900565177326885
39633300976831472,0.0,0.13,0.87,0.0,0.2787190925139945
39633282668694302,0.0,0.14,0.86,0.0,0.292119405821428
39633300981023591,0.0,0.0,1.0,0.0,-0.0
39633290046474647,0.0,0.14,0.86,0.0,0.292119405821428
39633308144894945,0.0,0.25,0.75,0.0,0.4056390622295664
39633271461513779,0.0,0.39,0.61,0.0,0.4823997742525436
39633300981025129,0.0,0.05,0.95,0.0,0.14319847855797813
39633275207027480,0.0,0.33,0.67,0.0,0.4574631863898637
39633275194443973,0.0,0.1,0.9,0.0,0.2344977967946406
39633282651916795,0.0,0.68,0.32,0.0,0.45219072886224687
39633290046474777,0.0,0.51,0.49,0.0,0.49985572087640495
39633282660305174,0.0,0.17,0.83,0.0,0.32885238937210975
39633275207027568,0.01,0.75,0.24,0.0,0.4359255858648683
39633278927373150,0.0,0.51,0.49,0.0,0.49985572087640495
39633278927373211,0.0,0.61,0.39,0.0,0.4823997742525436
39633300955857422,0.0,0.54,0.46,0.0,0.49768921941011285
39633286384847609,0.0,0.61,0.39,0.0,0.4823997742525436
39633286384847185,0.0,0.11,0.89,0.0,0.249957979082264
39633282668693546,0.0,0.62,0.38,0.0,0.47902101111314976
39633282668693555,0.0,0.48,0.52,0.0,0.4994227679976009
39633286384847446,0.0,0.76,0.24,0.0,0.39752013969226113
39633278923181988,0.0,0.9,0.1,0.0,0.2344977967946406
39633293720682875,0.0,0.02,0.97,0.01,0.11097036642660543
39633293724879116,0.0,0.0,0.88,0.12,0.2646804326436822
39633300951665163,0.0,0.96,0.04,0.0,0.12114609454120741
39633278948344590,0.0,0.89,0.11,0.0,0.249957979082264
39633271457319705,0.0,0.12,0.88,0.0,0.2646804326436822
39633275202833629,0.0,0.77,0.23,0.0,0.38900565177326885
39633271440540450,0.0,0.97,0.03,0.0,0.0971959289157881
39633297365536427,0.0,0.78,0.22,0.0,0.38008375148098283
39633278965122845,0.0,0.42,0.58,0.0,0.49072694751682683
39633293716488878,0.0,0.9,0.1,0.0,0.2344977967946406
39633293716489118,0.0,0.95,0.05,0.0,0.14319847855797813
39633275202833568,0.0,0.05,0.89,0.06,0.30462964071349663
39633293716489484,0.0,0.16,0.84,0.0,0.3171547773202831
39633293716488957,0.0,0.14,0.86,0.0,0.292119405821428
39633297357144355,0.0,0.01,0.99,0.0,0.04039656794795559
39633293733268089,0.0,0.66,0.34,0.0,0.46240935248651505
39633271436347583,0.0,0.12,0.88,0.0,0.2646804326436822
39633267657279553,0.0,0.99,0.01,0.0,0.04039656794795559
39633278969317240,0.0,0.0,0.81,0.19,0.3507357299419487
39633278956734857,0.0,0.3,0.7,0.0,0.44064544961534635
39633282664500868,0.0,0.77,0.23,0.0,0.38900565177326885
39633271444735450,0.01,0.93,0.06,0.0,0.20367037270049304
39633300964245772,0.0,0.5,0.5,0.0,0.5
39633297340370611,0.0,0.56,0.44,0.0,0.4947937606110278
39633278956734693,0.0,0.3,0.7,0.0,0.44064544961534635
39633282672889121,0.0,0.05,0.95,0.0,0.14319847855797813
39633267682445081,0.0,0.54,0.46,0.0,0.49768921941011285
39633293733267339,0.0,0.95,0.05,0.0,0.14319847855797813
39633282668694689,0.0,0.6,0.4,0.0,0.4854752972273343
39633282668695057,0.0,0.02,0.98,0.0,0.07072027127091034
39633282651916727,0.0,0.81,0.19,0.0,0.3507357299419487
39633290067446794,0.0,0.64,0.36,0.0,0.4713415946277461
39633278948347252,0.0,0.14,0.86,0.0,0.292119405821428
39633300955858690,0.0,0.18,0.82,0.0,0.34003852286413994
39633267674057728,0.0,0.21,0.79,0.0,0.37074136996563684
39633290071638089,0.0,0.42,0.58,0.0,0.49072694751682683
39633282668695146,0.0,0.04,0.96,0.0,0.12114609454120741
39633297357144353,0.0,0.97,0.03,0.0,0.0971959289157881
39633293733265865,0.0,0.08,0.92,0.0,0.2010895951011364
39633290067447069,0.0,0.15,0.85,0.0,0.3049201523582002
39633271457319210,0.0,0.48,0.52,0.0,0.4994227679976009
39633286393236404,0.0,0.1,0.9,0.0,0.2344977967946406
39633271457319641,0.0,0.92,0.08,0.0,0.2010895951011364
39633290050669258,0.0,0.97,0.03,0.0,0.0971959289157881
39633293712295278,0.0,0.21,0.79,0.0,0.37074136996563684
39633293729072627,0.0,0.0,0.97,0.03,0.0971959289157881
39633271457319256,0.0,0.11,0.89,0.0,0.249957979082264
39633297361341995,0.0,0.67,0.33,0.0,0.4574631863898637
39633293724879006,0.0,0.03,0.97,0.0,0.0971959289157881
39633275198637375,0.0,1.0,0.0,0.0,-0.0
39633286393236322,0.0,0.73,0.27,0.0,0.42073231810408784
39633282693858342,0.0,0.11,0.89,0.0,0.249957979082264
39633278944150214,0.0,0.11,0.89,0.0,0.249957979082264
39633278927374476,0.0,0.97,0.03,0.0,0.0971959289157881
39633278927374539,0.0,0.22,0.78,0.0,0.38008375148098283
39633293729072640,0.0,0.03,0.97,0.0,0.0971959289157881
39633278931569321,0.0,0.0,0.81,0.19,0.3507357299419487
39633286393236446,0.0,0.02,0.96,0.02,0.14114609454120738
39633278939956108,0.0,0.05,0.95,0.0,0.14319847855797813
39633275211222143,0.0,0.61,0.39,0.0,0.4823997742525436
39633278927374278,0.0,0.95,0.05,0.0,0.14319847855797813
39633282656109611,0.0,0.06,0.94,0.0,0.16372245957723813
39633282656109123,0.0,0.2,0.8,0.0,0.36096404744368116
39633278973510439,0.0,0.54,0.46,0.0,0.49768921941011285
39633271457319693,0.0,0.02,0.97,0.01,0.11097036642660543
39633267657279484,0.0,0.04,0.96,0.0,0.12114609454120741
39633267674055400,0.0,0.11,0.89,0.0,0.249957979082264
39633293712295279,0.0,0.18,0.82,0.0,0.34003852286413994
39633293729072653,0.0,0.75,0.25,0.0,0.4056390622295664
39633282693858306,0.0,0.0,0.79,0.21,0.37074136996563684
39633286397429934,0.0,0.63,0.37,0.0,0.47533604634353294
39633293716489270,0.0,0.76,0.24,0.0,0.39752013969226113
39633267674056672,0.0,0.14,0.86,0.0,0.292119405821428
39633282664500364,0.0,0.25,0.75,0.0,0.4056390622295664
39633297369728246,0.0,0.52,0.48,0.0,0.4994227679976009
39633275211222270,0.01,0.95,0.04,0.0,0.16124668093016215
39633297369728335,0.03,0.97,0.0,0.0,0.0971959289157881
39633286393236371,0.0,0.93,0.07,0.0,0.18296182545011158
39633271461512938,0.0,0.38,0.62,0.0,0.47902101111314976
39633282689665207,0.0,0.92,0.08,0.0,0.2010895951011364
39633297369728420,0.0,0.39,0.61,0.0,0.4823997742525436
39633282664500319,0.0,0.25,0.75,0.0,0.4056390622295664
39633300960054268,0.0,0.02,0.98,0.0,0.07072027127091034
39633282689665285,0.0,0.98,0.02,0.0,0.07072027127091034
39633278927374166,0.0,0.78,0.22,0.0,0.38008375148098283
39633286393233912,0.0,0.51,0.49,0.0,0.49985572087640495
39633271453125231,0.0,1.0,0.0,0.0,-0.0
39633267674055547,0.0,0.24,0.76,0.0,0.39752013969226113
39633290071640444,0.0,0.34,0.66,0.0,0.46240935248651505
39633293733267486,0.0,0.45,0.55,0.0,0.49638722699390414
39633263865628526,0.0,0.04,0.96,0.0,0.12114609454120741
39633271448928700,0.0,0.73,0.27,0.0,0.42073231810408784
39633304554572259,0.0,0.7,0.3,0.0,0.44064544961534635
39633304554572297,0.0,0.29,0.71,0.0,0.43436062316970225
39633300981024642,0.0,0.05,0.95,0.0,0.14319847855797813
39633271457319204,0.0,0.63,0.37,0.0,0.47533604634353294
39633271461513942,0.0,0.03,0.97,0.0,0.0971959289157881
39633271440540758,0.0,0.05,0.95,0.0,0.14319847855797813
39633297344564538,0.0,0.14,0.86,0.0,0.292119405821428
39633286384845131,0.0,0.96,0.04,0.0,0.12114609454120741
39633300981024583,0.0,0.56,0.44,0.0,0.4947937606110278
39633286380651723,0.0,0.27,0.73,0.0,0.42073231810408784
39633286384845194,0.0,0.16,0.84,0.0,0.3171547773202831
39633308144894952,0.0,1.0,0.0,0.0,-0.0
39633271461513855,0.0,0.73,0.27,0.0,0.42073231810408784
39633286368068783,0.0,0.84,0.16,0.0,0.3171547773202831
39633290046472961,0.0,0.49,0.51,0.0,0.49985572087640495
39633275219608221,0.0,0.87,0.13,0.0,0.2787190925139945
39633293695519412,0.0,0.18,0.82,0.0,0.34003852286413994
39633271440541151,0.0,0.36,0.64,0.0,0.4713415946277461
39633293733268418,0.0,0.49,0.51,0.0,0.49985572087640495
39633293695519731,0.0,0.28,0.72,0.0,0.4277254052800653
39633297344564565,0.0,0.43,0.57,0.0,0.4929075185894599
39633286384846807,0.0,0.86,0.14,0.0,0.292119405821428
39633293733265558,0.0,0.33,0.67,0.0,0.4574631863898637
39633271440543604,0.0,0.27,0.73,0.0,0.42073231810408784
39633286380651815,0.0,0.27,0.73,0.0,0.42073231810408784
39633275223803833,0.0,0.11,0.89,0.0,0.249957979082264
39633278956734754,0.0,0.94,0.06,0.0,0.16372245957723813
39633293733267184,0.0,0.59,0.41,0.0,0.488250234378912
39633275190250966,0.0,1.0,0.0,0.0,-0.0
39633275223803881,0.0,0.88,0.12,0.0,0.2646804326436822
39633278944150448,0.0,0.08,0.92,0.0,0.2010895951011364
39633278956734972,0.0,0.27,0.73,0.0,0.42073231810408784
39633278956734911,0.0,0.03,0.97,0.0,0.0971959289157881
39633278956734631,0.0,0.35,0.65,0.0,0.4670340276877455
39633275202833606,0.0,0.72,0.28,0.0,0.4277254052800653
39633278956734587,0.0,0.91,0.09,0.0,0.21823490853205144
39633267653087039,0.0,0.97,0.03,0.0,0.0971959289157881
39633275223803788,0.0,0.69,0.31,0.0,0.4465867291889284
39633275223803621,0.0,0.11,0.89,0.0,0.249957979082264
39633267669863114,0.0,0.72,0.28,0.0,0.4277254052800653
39633304571349656,0.0,0.98,0.02,0.0,0.07072027127091034
39633271461514097,0.0,0.9,0.1,0.0,0.2344977967946406
39633275223803828,0.0,0.06,0.94,0.0,0.16372245957723813
39633282689665025,0.0,0.08,0.92,0.0,0.2010895951011364
39633293733267595,0.0,0.62,0.38,0.0,0.47902101111314976
39633293695517961,0.0,0.97,0.03,0.0,0.0971959289157881
39633286359682131,0.0,0.56,0.44,0.0,0.4947937606110278
39633297373923159,0.0,0.99,0.01,0.0,0.04039656794795559
39633278944150579,0.0,0.86,0.14,0.0,0.292119405821428
39633308144894883,0.0,0.05,0.95,0.0,0.14319847855797813
39633282685470183,0.0,0.4,0.6,0.0,0.4854752972273343
39633293695517810,0.0,0.29,0.71,0.0,0.43436062316970225
39633286363874895,0.0,0.0,1.0,0.0,-0.0
39633271465707419,0.0,0.61,0.39,0.0,0.4823997742525436
39633304558766977,0.0,0.11,0.89,0.0,0.249957979082264
39633267678249906,0.0,0.83,0.17,0.0,0.32885238937210975
39633304571349460,0.0,0.46,0.54,0.0,0.49768921941011285
39633278969316683,0.0,0.72,0.28,0.0,0.4277254052800653
39633282660306349,0.0,0.0,1.0,0.0,-0.0
39633282689666315,0.0,0.06,0.94,0.0,0.16372245957723813
39633297352950301,0.0,0.22,0.78,0.0,0.38008375148098283
39633297344561661,0.0,0.64,0.36,0.0,0.4713415946277461
39633275207027392,0.0,0.06,0.94,0.0,0.16372245957723813
39633282677081148,0.0,0.01,0.97,0.02,0.11097036642660543
39633278939957934,0.0,0.58,0.42,0.0,0.49072694751682683
39633297344563100,0.0,0.42,0.58,0.0,0.49072694751682683
39633282660305239,0.0,0.13,0.87,0.0,0.2787190925139945
39633271457318898,0.0,0.03,0.95,0.02,0.1674722434193448
39633278939956978,0.0,0.69,0.31,0.0,0.4465867291889284
39633278969315582,0.0,0.25,0.75,0.0,0.4056390622295664
39633278939957673,0.0,0.2,0.8,0.0,0.36096404744368116
39633278969316611,0.0,0.02,0.97,0.01,0.11097036642660543
39633278969316653,0.0,0.34,0.66,0.0,0.46240935248651505
39633297352951062,0.0,0.96,0.04,0.0,0.12114609454120741
39633297344562829,0.0,0.12,0.88,0.0,0.2646804326436822
39633278931567440,0.0,0.25,0.75,0.0,0.4056390622295664
39633297361341501,0.0,0.6,0.4,0.0,0.4854752972273343
39633282651916119,0.0,0.68,0.32,0.0,0.45219072886224687
39633300960051558,0.0,0.14,0.86,0.0,0.292119405821428
39633297352951387,0.0,0.54,0.46,0.0,0.49768921941011285
39633267674055190,0.0,0.28,0.72,0.0,0.4277254052800653
39633267665667217,0.0,0.21,0.79,0.0,0.37074136996563684
39633267665667170,0.0,0.98,0.02,0.0,0.07072027127091034
39633282651917352,0.0,0.69,0.31,0.0,0.4465867291889284
39633293729074577,0.0,0.24,0.76,0.0,0.39752013969226113
39633267665667084,0.0,0.07,0.93,0.0,0.18296182545011158
39633275194443212,0.0,0.03,0.97,0.0,0.0971959289157881
39633286393236330,0.0,0.22,0.78,0.0,0.38008375148098283
39633275219610342,0.0,0.32,0.68,0.0,0.45219072886224687
39633278948344909,0.0,0.56,0.44,0.0,0.4947937606110278
39633297357145296,0.0,0.22,0.78,0.0,0.38008375148098283
39633278948344879,0.0,0.11,0.89,0.0,0.249957979082264
39633290063250484,0.0,0.02,0.92,0.06,0.23354072007950172
39633304575542087,0.0,0.09,0.91,0.0,0.21823490853205144
39633290075833154,0.0,0.21,0.79,0.0,0.37074136996563684
39633293729074627,0.0,0.05,0.95,0.0,0.14319847855797813
39633293703907122,0.0,0.14,0.86,0.0,0.292119405821428
39633290033891752,0.0,0.85,0.15,0.0,0.3049201523582002
39633300960051525,0.0,0.9,0.1,0.0,0.2344977967946406
39633300960051498,0.0,0.45,0.55,0.0,0.49638722699390414
39633293712294032,0.0,0.28,0.72,0.0,0.4277254052800653
39633271448928373,0.0,0.29,0.71,0.0,0.43436062316970225
39633300960051398,0.0,0.46,0.54,0.0,0.49768921941011285
39633282672886178,0.0,0.14,0.84,0.02,0.3606399327762508
39633297357147155,0.0,0.71,0.29,0.0,0.43436062316970225
39633290042280201,0.0,0.97,0.03,0.0,0.0971959289157881
39633271461511278,0.0,0.84,0.16,0.0,0.3171547773202831
39633293724879593,0.0,0.44,0.56,0.0,0.4947937606110278
39633286359679878,0.0,0.01,0.98,0.01,0.08072027127091033
39633297369729185,0.0,0.33,0.67,0.0,0.4574631863898637
39633297369729158,0.0,0.56,0.44,0.0,0.4947937606110278
39633275215415879,0.0,0.98,0.02,0.0,0.07072027127091034
39633282660306647,0.0,0.05,0.94,0.01,0.1832231322266888
39633304567153114,0.0,0.96,0.04,0.0,0.12114609454120741
39633271457319484,0.0,0.3,0.7,0.0,0.44064544961534635
39633300960052544,0.0,0.23,0.77,0.0,0.38900565177326885
39633286397428389,0.0,0.9,0.1,0.0,0.2344977967946406
39633293703905446,0.0,1.0,0.0,0.0,-0.0
39633282660306988,0.0,0.16,0.84,0.0,0.3171547773202831
39633278931568737,0.0,0.08,0.92,0.0,0.2010895951011364
39633290050668722,0.0,0.03,0.97,0.0,0.0971959289157881
39633278939958566,0.0,0.84,0.16,0.0,0.3171547773202831
39633304567153104,0.0,0.04,0.96,0.0,0.12114609454120741
39633275207027361,0.0,0.62,0.38,0.0,0.47902101111314976
39633290050668632,0.0,0.02,0.96,0.02,0.14114609454120738
39633290042280147,0.0,0.22,0.78,0.0,0.38008375148098283
39633293708103087,0.0,0.07,0.93,0.0,0.18296182545011158
39633278956734990,0.0,0.75,0.25,0.0,0.4056390622295664
39633286368070024,0.0,0.1,0.9,0.0,0.2344977967946406
39633275198639141,0.0,0.34,0.66,0.0,0.46240935248651505
39633278927373649,0.0,0.0,1.0,0.0,-0.0
39633267674057134,0.0,0.47,0.53,0.0,0.4987007942838698
39633286368068815,0.0,1.0,0.0,0.0,-0.0
39633290063251798,0.0,0.81,0.19,0.0,0.3507357299419487
39633297352950102,0.0,0.64,0.36,0.0,0.4713415946277461
39633275223802872,0.0,0.84,0.16,0.0,0.3171547773202831
39633293695519271,0.0,0.13,0.87,0.0,0.2787190925139945
39633282651915067,0.0,0.42,0.58,0.0,0.49072694751682683
39633308140702201,0.0,0.14,0.86,0.0,0.292119405821428
39633267661475611,0.0,0.86,0.14,0.0,0.292119405821428
39633300972637230,0.0,0.6,0.4,0.0,0.4854752972273343
39633297357145909,0.0,0.22,0.78,0.0,0.38008375148098283
39633275207027182,0.0,0.9,0.1,0.0,0.2344977967946406
39633297365535019,0.0,0.19,0.81,0.0,0.3507357299419487
39633297365534817,0.0,0.0,0.99,0.01,0.04039656794795559
39633300955860343,0.0,0.7,0.3,0.0,0.44064544961534635
39633304571349505,0.0,0.15,0.85,0.0,0.3049201523582002
39633271436347044,0.0,0.55,0.45,0.0,0.49638722699390414
39633286351292178,0.0,0.97,0.03,0.0,0.0971959289157881
39633286359680142,0.0,0.14,0.86,0.0,0.292119405821428
39633267665667384,0.0,0.5,0.5,0.0,0.5
39633300981025731,0.0,0.55,0.45,0.0,0.49638722699390414
39633286359680190,0.0,0.35,0.65,0.0,0.4670340276877455
39633300960051610,0.0,0.9,0.1,0.0,0.2344977967946406
39633267665667323,0.0,0.9,0.1,0.0,0.2344977967946406
39633271432153534,0.0,0.0,0.91,0.09,0.21823490853205144
39633297352951249,0.0,0.06,0.94,0.0,0.16372245957723813
39633278939958330,0.0,0.37,0.63,0.0,0.47533604634353294
39633286384847428,0.0,0.12,0.88,0.0,0.2646804326436822
39633278939958294,0.0,0.07,0.93,0.0,0.18296182545011158
39633304558766215,0.0,0.91,0.09,0.0,0.21823490853205144
39633278960927634,0.0,0.61,0.39,0.0,0.4823997742525436
39633290046472983,0.0,0.14,0.86,0.0,0.292119405821428
39633267665666623,0.0,0.49,0.51,0.0,0.49985572087640495
39633304583930395,0.0,0.98,0.02,0.0,0.07072027127091034
39633286397428637,0.0,0.25,0.75,0.0,0.4056390622295664
39633278960926834,0.0,0.49,0.51,0.0,0.49985572087640495
39633275194442905,0.0,0.18,0.82,0.0,0.34003852286413994
39633290046473294,0.0,0.81,0.19,0.0,0.3507357299419487
39633271461511720,0.0,0.25,0.75,0.0,0.4056390622295664
39633271461511936,0.0,0.81,0.19,0.0,0.3507357299419487
39633297361341362,0.0,0.0,0.89,0.11,0.249957979082264
39633297361341391,0.0,0.91,0.09,0.0,0.21823490853205144
39633271469900093,0.0,0.0,0.96,0.04,0.12114609454120741
39633271457318283,0.0,0.04,0.95,0.01,0.16124668093016215
39633304567154774,0.0,0.01,0.97,0.02,0.11097036642660543
39633293708102802,0.0,0.01,0.99,0.0,0.04039656794795559
39633297348756325,0.0,0.67,0.33,0.0,0.4574631863898637
39633308140700596,0.0,0.69,0.31,0.0,0.4465867291889284
39633275219609960,0.0,0.94,0.06,0.0,0.16372245957723813
39633297344561448,0.0,0.04,0.96,0.0,0.12114609454120741
39633275219610052,0.0,0.07,0.93,0.0,0.18296182545011158
39633286355486883,0.0,0.06,0.94,0.0,0.16372245957723813
39633282677081281,0.0,0.94,0.06,0.0,0.16372245957723813
39633304575542253,0.0,0.15,0.85,0.0,0.3049201523582002
39633297344561655,0.0,0.74,0.26,0.0,0.4133731862463089
39633267669862395,0.0,0.64,0.36,0.0,0.4713415946277461
39633297344564644,0.0,0.87,0.13,0.0,0.2787190925139945
39633282672885836,0.0,0.59,0.41,0.0,0.488250234378912
39633304575542244,0.0,0.16,0.84,0.0,0.3171547773202831
39633290046472490,0.0,0.48,0.52,0.0,0.4994227679976009
39633293708101700,0.0,0.11,0.89,0.0,0.249957979082264
39633293708101559,0.0,0.74,0.26,0.0,0.4133731862463089
39633293708102288,0.0,0.13,0.87,0.0,0.2787190925139945
39633290075832698,0.0,0.52,0.48,0.0,0.4994227679976009
39633293708102137,0.0,0.47,0.53,0.0,0.4987007942838698
39633286380651470,0.0,0.85,0.15,0.0,0.3049201523582002
39633293708101914,0.0,0.09,0.91,0.0,0.21823490853205144
39633297348755565,0.0,0.0,0.94,0.06,0.16372245957723813
39633286380651457,0.0,0.79,0.21,0.0,0.37074136996563684
39633293708101719,0.0,0.02,0.98,0.0,0.07072027127091034
39633293708102576,0.0,0.67,0.33,0.0,0.4574631863898637
39633293708102192,0.0,0.66,0.34,0.0,0.46240935248651505
39633290046474673,0.0,0.8,0.2,0.0,0.36096404744368116
39633308144894384,0.02,0.98,0.0,0.0,0.07072027127091034
39633286376459079,0.0,0.01,0.99,0.0,0.04039656794795559
39633293708101705,0.0,0.07,0.91,0.02,0.2526241113249394
39633286368069100,0.0,0.0,1.0,0.0,-0.0
39633290067444933,0.0,0.97,0.03,0.0,0.0971959289157881
39633304571349437,0.0,0.75,0.25,0.0,0.4056390622295664
39633267682444993,0.0,0.62,0.38,0.0,0.47902101111314976
39633275211222112,0.0,0.07,0.93,0.0,0.18296182545011158
39633297369729026,0.0,0.32,0.68,0.0,0.45219072886224687
39633282681276850,0.0,0.25,0.75,0.0,0.4056390622295664
39633297361341538,0.0,0.34,0.66,0.0,0.46240935248651505
39633304554572461,0.0,0.24,0.76,0.0,0.39752013969226113
39633282681275779,0.0,0.92,0.08,0.0,0.2010895951011364
39633290075833023,0.0,0.23,0.77,0.0,0.38900565177326885
39633278948344612,0.0,0.23,0.77,0.0,0.38900565177326885
39633278931568957,0.0,0.44,0.56,0.0,0.4947937606110278
39633297344562571,0.0,0.03,0.97,0.0,0.0971959289157881
39633282660307028,0.0,0.0,0.96,0.04,0.12114609454120741
39633286397429976,0.0,0.63,0.37,0.0,0.47533604634353294
39633282660306945,0.0,0.37,0.63,0.0,0.47533604634353294
39633290046473038,0.0,0.93,0.07,0.0,0.18296182545011158
39633271453125417,0.0,0.74,0.26,0.0,0.4133731862463089
39633293691325834,0.0,0.16,0.84,0.0,0.3171547773202831
39633293733265515,0.0,0.11,0.89,0.0,0.249957979082264
39633278948346185,0.0,0.08,0.92,0.0,0.2010895951011364
39633286363873745,0.0,0.14,0.86,0.0,0.292119405821428
39633308136506642,0.0,0.62,0.38,0.0,0.47902101111314976
39633297357144624,0.0,0.84,0.16,0.0,0.3171547773202831
39633297357144615,0.0,0.63,0.37,0.0,0.47533604634353294
39633297344564782,0.0,0.2,0.79,0.01,0.39974188986867043
39633293724879814,0.0,0.57,0.43,0.0,0.4929075185894599
39633286397428154,0.0,0.02,0.98,0.0,0.07072027127091034
39633290067445118,0.0,0.08,0.92,0.0,0.2010895951011364
39633290067444867,0.0,0.71,0.29,0.0,0.43436062316970225
39633267678249076,0.0,0.94,0.06,0.0,0.16372245957723813
39633263865629944,0.0,0.78,0.22,0.0,0.38008375148098283
39633297352952795,0.0,0.21,0.79,0.0,0.37074136996563684
39633282656109790,0.0,0.97,0.03,0.0,0.0971959289157881
39633290046475180,0.0,0.2,0.8,0.0,0.36096404744368116
39633297365533543,0.0,0.73,0.27,0.0,0.42073231810408784
39633263865629609,0.0,0.56,0.44,0.0,0.4947937606110278
39633286355485207,0.0,0.2,0.8,0.0,0.36096404744368116
39633278948345247,0.0,0.37,0.63,0.0,0.47533604634353294
39633278944151802,0.0,0.85,0.15,0.0,0.3049201523582002
39633271444735175,0.0,0.15,0.84,0.01,0.3441379826496441
39633304554569967,0.0,0.47,0.53,0.0,0.4987007942838698
39633263865628838,0.0,0.65,0.35,0.0,0.4670340276877455
39633290050667235,0.0,0.03,0.96,0.01,0.13737165703039006
39633267674056510,0.0,0.15,0.85,0.0,0.3049201523582002
39633290050669015,0.0,0.35,0.65,0.0,0.4670340276877455
39633293699714035,0.0,0.13,0.87,0.0,0.2787190925139945
39633293724877961,0.0,0.05,0.95,0.0,0.14319847855797813
39633304562960150,0.0,0.75,0.25,0.0,0.4056390622295664
39633300972636853,0.0,0.03,0.97,0.0,0.0971959289157881
39633304562960199,0.0,0.19,0.81,0.0,0.3507357299419487
39633286368068941,0.0,0.96,0.04,0.0,0.12114609454120741
39633278952539486,0.0,0.46,0.54,0.0,0.49768921941011285
39633282660306398,0.0,0.0,1.0,0.0,-0.0
39633282660306366,0.0,0.25,0.75,0.0,0.4056390622295664
39633278944150665,0.0,0.57,0.43,0.0,0.4929075185894599
39633304567153523,0.0,0.73,0.27,0.0,0.42073231810408784
39633290050669046,0.0,0.58,0.42,0.0,0.49072694751682683
39633290071639374,0.0,0.03,0.97,0.0,0.0971959289157881
39633290050669031,0.0,0.83,0.17,0.0,0.32885238937210975
39633290050669180,0.0,0.37,0.63,0.0,0.47533604634353294
39633278952539612,0.0,0.0,0.92,0.08,0.2010895951011364
39633275219609375,0.0,0.28,0.72,0.0,0.4277254052800653
39633300981025987,0.0,0.85,0.15,0.0,0.3049201523582002
39633293724877270,0.0,0.51,0.49,0.0,0.49985572087640495
39633271457318869,0.0,1.0,0.0,0.0,-0.0
39633286389041773,0.0,0.36,0.64,0.0,0.4713415946277461
39633297361339119,0.0,0.8,0.2,0.0,0.36096404744368116
39633282689665733,0.0,0.03,0.97,0.0,0.0971959289157881
39633293724877394,0.0,0.06,0.94,0.0,0.16372245957723813
39633297361340588,0.0,0.42,0.58,0.0,0.49072694751682683
39633297361340682,0.0,0.04,0.94,0.02,0.19127133459887283
39633275202833932,0.0,0.43,0.57,0.0,0.4929075185894599
39633297361339273,0.0,0.91,0.09,0.0,0.21823490853205144
39633297361340692,0.0,0.86,0.14,0.0,0.292119405821428
39633297365535365,0.0,0.11,0.89,0.0,0.249957979082264
39633267669860378,0.0,0.36,0.64,0.0,0.4713415946277461
39633271448929703,0.0,0.1,0.9,0.0,0.2344977967946406
39633300981025644,0.0,0.59,0.41,0.0,0.488250234378912
39633271448928750,0.0,0.7,0.3,0.0,0.44064544961534635
39633278939955530,0.0,0.43,0.57,0.0,0.4929075185894599
39633267669860418,0.0,0.97,0.03,0.0,0.0971959289157881
39633278935763818,0.0,0.85,0.15,0.0,0.3049201523582002
39633293724877259,0.0,0.74,0.26,0.0,0.4133731862463089
39633271448929809,0.0,0.02,0.97,0.01,0.11097036642660543
39633293703908617,0.0,0.11,0.87,0.02,0.3189789351681142
39633300968442582,0.05,0.95,0.0,0.0,0.14319847855797813
39633271457318867,0.0,0.69,0.31,0.0,0.4465867291889284
39633293703908631,0.0,0.05,0.95,0.0,0.14319847855797813
39633304562959976,0.0,0.96,0.04,0.0,0.12114609454120741
39633297361338653,0.0,0.48,0.52,0.0,0.4994227679976009
39633278935763615,0.0,0.02,0.98,0.0,0.07072027127091034
39633300981025589,0.0,0.71,0.29,0.0,0.43436062316970225
39633297365533622,0.0,0.17,0.83,0.0,0.32885238937210975
39633304571347237,0.0,0.11,0.89,0.0,0.249957979082264
39633278927374712,0.0,0.12,0.88,0.0,0.2646804326436822
39633275215413475,0.0,0.04,0.96,0.0,0.12114609454120741
39633300981025519,0.0,0.92,0.08,0.0,0.2010895951011364
39633282698051899,0.0,0.96,0.04,0.0,0.12114609454120741
39633304567155430,0.0,0.01,0.99,0.0,0.04039656794795559
39633297365533132,0.0,0.93,0.07,0.0,0.18296182545011158
39633271461513060,0.0,0.22,0.78,0.0,0.38008375148098283
39633278927374331,0.0,0.68,0.32,0.0,0.45219072886224687
39633267674055583,0.0,0.87,0.13,0.0,0.2787190925139945
39633271457319202,0.0,0.02,0.98,0.0,0.07072027127091034
39633290050668034,0.0,0.05,0.95,0.0,0.14319847855797813
39633267665666939,0.0,0.17,0.83,0.0,0.32885238937210975
39633293724878416,0.0,0.02,0.98,0.0,0.07072027127091034
39633290075833230,0.0,0.16,0.84,0.0,0.3171547773202831
39633275215414310,0.0,0.82,0.18,0.0,0.34003852286413994
39633267665666980,0.0,0.96,0.04,0.0,0.12114609454120741
39633293712297268,0.0,0.55,0.45,0.0,0.49638722699390414
39633297365533144,0.0,0.86,0.14,0.0,0.292119405821428
39633275215415978,0.0,0.35,0.65,0.0,0.4670340276877455
39633275215416202,0.0,0.71,0.29,0.0,0.43436062316970225
39633267665669493,0.0,0.0,0.97,0.03,0.0971959289157881
39633267669863344,0.0,0.62,0.38,0.0,0.47902101111314976
39633297361341258,0.0,0.12,0.88,0.0,0.2646804326436822
39633267669863530,0.0,0.21,0.79,0.0,0.37074136996563684
39633297365533458,0.0,0.83,0.17,0.0,0.32885238937210975
39633267669863583,0.0,0.46,0.54,0.0,0.49768921941011285
39633297365533429,0.0,0.06,0.94,0.0,0.16372245957723813
39633300981025562,0.0,0.97,0.03,0.0,0.0971959289157881
39633275211221253,0.0,0.36,0.64,0.0,0.4713415946277461
39633290050668164,0.0,0.06,0.94,0.0,0.16372245957723813
39633293724877800,0.0,0.01,0.99,0.0,0.04039656794795559
39633278931568252,0.0,0.64,0.36,0.0,0.4713415946277461
39633278931568083,0.0,0.7,0.3,0.0,0.44064544961534635
39633297365533361,0.0,0.03,0.97,0.0,0.0971959289157881
39633297365533351,0.0,0.06,0.94,0.0,0.16372245957723813
39633297365533346,0.0,0.01,0.99,0.0,0.04039656794795559
39633300968442398,0.0,0.17,0.83,0.0,0.32885238937210975
39633297365533589,0.0,0.05,0.95,0.0,0.14319847855797813
39633267657278032,0.0,0.52,0.48,0.0,0.4994227679976009
39633300955857017,0.0,0.99,0.01,0.0,0.04039656794795559
39633300951666280,0.0,0.47,0.53,0.0,0.4987007942838698
39633300985218732,0.0,0.95,0.05,0.0,0.14319847855797813
39633282647723360,0.0,0.64,0.36,0.0,0.4713415946277461
39633293737459748,0.0,0.26,0.74,0.0,0.4133731862463089
39633290033891485,0.0,0.15,0.85,0.0,0.3049201523582002
39633300951666130,0.0,0.0,0.9,0.1,0.2344977967946406
39633293737459767,0.0,0.01,0.91,0.08,0.24088153359695552
39633300985219973,0.0,0.09,0.9,0.01,0.2579475764741046
39633278969317772,0.0,0.64,0.36,0.0,0.4713415946277461
39633293699714139,0.0,0.63,0.37,0.0,0.47533604634353294
39633290033891424,0.0,0.0,1.0,0.0,-0.0
39633300951666128,0.0,0.69,0.31,0.0,0.4465867291889284
39633278969317539,0.01,0.96,0.03,0.0,0.13737165703039006
39633282651915806,0.0,0.7,0.3,0.0,0.44064544961534635
39633300985218638,0.0,0.85,0.15,0.0,0.3049201523582002
39633300972634338,0.0,0.26,0.74,0.0,0.4133731862463089
39633300955857054,0.0,0.3,0.7,0.0,0.44064544961534635
39633297336176389,0.0,0.4,0.6,0.0,0.4854752972273343
39633282681276077,0.0,0.02,0.98,0.0,0.07072027127091034
39633282651915762,0.0,0.6,0.4,0.0,0.4854752972273343
39633267657277988,0.0,0.36,0.64,0.0,0.4713415946277461
39633290033891670,0.0,0.89,0.11,0.0,0.249957979082264
39633290033892297,0.0,0.9,0.1,0.0,0.2344977967946406
39633290046475101,0.0,0.01,0.99,0.0,0.04039656794795559
39633293733267593,0.0,0.0,0.94,0.06,0.16372245957723813
39633267657278008,0.0,0.14,0.86,0.0,0.292119405821428
39633278952539029,0.0,0.11,0.89,0.0,0.249957979082264
39633290067446944,0.0,0.1,0.9,0.0,0.2344977967946406
39633290033891598,0.0,1.0,0.0,0.0,-0.0
39633282681275148,0.0,0.86,0.14,0.0,0.292119405821428
39633300972634381,0.0,0.13,0.87,0.0,0.2787190925139945
39633282651914447,0.0,0.75,0.25,0.0,0.4056390622295664
39633290046475027,0.0,0.23,0.77,0.0,0.38900565177326885
39633278952539649,0.0,0.01,0.95,0.04,0.16124668093016215
39633282677082637,0.0,0.03,0.97,0.0,0.0971959289157881
39633286355485643,0.0,0.17,0.83,0.0,0.32885238937210975
39633271440541917,0.0,1.0,0.0,0.0,-0.0
39633290046474937,0.0,0.3,0.7,0.0,0.44064544961534635
39633278960928382,0.0,0.27,0.73,0.0,0.42073231810408784
39633282677082129,0.0,0.02,0.98,0.0,0.07072027127091034
39633290050667066,0.0,0.03,0.97,0.0,0.0971959289157881
39633290033891098,0.0,0.57,0.43,0.0,0.4929075185894599
39633300955858368,0.01,0.9,0.09,0.0,0.2579475764741046
39633290050666899,0.0,0.37,0.63,0.0,0.47533604634353294
39633300968442774,0.0,0.19,0.81,0.0,0.3507357299419487
39633286351293155,0.0,0.22,0.78,0.0,0.38008375148098283
39633304571348663,0.0,0.5,0.5,0.0,0.5
39633304571348634,0.0,0.72,0.28,0.0,0.4277254052800653
39633290071639820,0.0,0.33,0.67,0.0,0.4574631863898637
39633278948344225,0.0,0.66,0.34,0.0,0.46240935248651505
39633304571348633,0.0,1.0,0.0,0.0,-0.0
39633300968442693,0.0,0.16,0.84,0.0,0.3171547773202831
39633271453124424,0.0,0.0,1.0,0.0,-0.0
39633282656109514,0.0,0.84,0.16,0.0,0.3171547773202831
39633290038087357,0.0,0.63,0.37,0.0,0.47533604634353294
39633297340366972,0.0,0.98,0.02,0.0,0.07072027127091034
39633282677083000,0.02,0.97,0.01,0.0,0.11097036642660543
39633290067446084,0.0,0.32,0.68,0.0,0.45219072886224687
39633278969316808,0.0,0.74,0.26,0.0,0.4133731862463089
39633286393234248,0.0,0.06,0.94,0.0,0.16372245957723813
39633278969316600,0.0,0.66,0.34,0.0,0.46240935248651505
39633278969316596,0.0,0.11,0.89,0.0,0.249957979082264
39633290046474768,0.0,0.18,0.82,0.0,0.34003852286413994
39633278969316565,0.0,0.33,0.67,0.0,0.4574631863898637
39633282681276476,0.0,0.09,0.91,0.0,0.21823490853205144
39633278969316303,0.0,0.85,0.15,0.0,0.3049201523582002
39633278969316148,0.0,0.69,0.31,0.0,0.4465867291889284
39633293729071611,0.0,0.65,0.35,0.0,0.4670340276877455
39633275223802135,0.0,0.14,0.86,0.0,0.292119405821428
39633271440541628,0.0,0.34,0.66,0.0,0.46240935248651505
39633271440541651,0.0,0.04,0.96,0.0,0.12114609454120741
39633282672886823,0.0,0.0,0.98,0.02,0.07072027127091034
39633275223801981,0.0,0.17,0.83,0.0,0.32885238937210975
39633293712294400,0.0,0.6,0.4,0.0,0.4854752972273343
39633267665668463,0.0,0.47,0.53,0.0,0.4987007942838698
39633278952539491,0.0,0.21,0.79,0.0,0.37074136996563684
39633293716488660,0.0,0.01,0.99,0.0,0.04039656794795559
39633275215413656,0.0,0.68,0.32,0.0,0.45219072886224687
39633293716488706,0.0,0.26,0.74,0.0,0.4133731862463089
39633278952539442,0.0,0.01,0.94,0.05,0.1832231322266888
39633282656109541,0.0,0.23,0.77,0.0,0.38900565177326885
39633282685469312,0.0,0.91,0.09,0.0,0.21823490853205144
39633304571348378,0.0,0.0,0.86,0.14,0.292119405821428
39633282685469378,0.0,0.94,0.06,0.0,0.16372245957723813
39633297357144494,0.0,0.0,1.0,0.0,-0.0
39633286393234020,0.0,0.75,0.25,0.0,0.4056390622295664
39633304571347919,0.0,1.0,0.0,0.0,-0.0
39633290029698415,0.0,0.03,0.97,0.0,0.0971959289157881
39633278969316927,0.0,0.74,0.26,0.0,0.4133731862463089
39633297365533628,0.0,0.03,0.93,0.04,0.2174448102113104
39633278939958938,0.01,0.98,0.01,0.0,0.08072027127091033
39633300968441331,0.0,0.13,0.87,0.0,0.2787190925139945
39633300968442298,0.0,0.23,0.77,0.0,0.38900565177326885
39633297365533443,0.0,0.99,0.01,0.0,0.04039656794795559
39633271436347770,0.0,0.15,0.85,0.0,0.3049201523582002
39633300964247496,0.0,0.71,0.29,0.0,0.43436062316970225
39633297365533461,0.0,0.23,0.77,0.0,0.38900565177326885
39633297357144394,0.0,0.57,0.43,0.0,0.4929075185894599
39633267686638509,0.0,0.15,0.85,0.0,0.3049201523582002
39633263869823601,0.0,0.76,0.24,0.0,0.39752013969226113
39633290050668667,0.0,0.12,0.88,0.0,0.2646804326436822
39633271457318000,0.0,0.02,0.98,0.0,0.07072027127091034
39633271453124445,0.0,0.49,0.51,0.0,0.49985572087640495
39633271453124512,0.0,0.43,0.57,0.0,0.4929075185894599
39633278935761099,0.0,1.0,0.0,0.0,-0.0
39633271453124518,0.0,0.26,0.74,0.0,0.4133731862463089
39633263869823613,0.0,0.46,0.54,0.0,0.49768921941011285
39633271465709139,0.0,0.97,0.03,0.0,0.0971959289157881
39633275232191204,0.0,0.98,0.02,0.0,0.07072027127091034
39633275190248300,0.0,0.36,0.64,0.0,0.4713415946277461
39633271469900646,0.0,0.34,0.66,0.0,0.46240935248651505
39633271469900584,0.0,0.9,0.1,0.0,0.2344977967946406
39633297365533481,0.0,0.9,0.1,0.0,0.2344977967946406
39633300955857530,0.0,0.79,0.21,0.0,0.37074136996563684
39633300955857823,0.0,0.75,0.25,0.0,0.4056390622295664
39633297365533473,0.0,0.0,1.0,0.0,-0.0
39633271469900572,0.0,0.77,0.23,0.0,0.38900565177326885
39633275190248599,0.0,0.6,0.4,0.0,0.4854752972273343
39633271469900553,0.0,0.69,0.31,0.0,0.4465867291889284
39633267674057081,0.0,0.72,0.28,0.0,0.4277254052800653
39633282689665734,0.0,0.52,0.48,0.0,0.4994227679976009
39633286359681398,0.0,0.02,0.97,0.01,0.11097036642660543
39633297369727964,0.0,0.82,0.18,0.0,0.34003852286413994
39633271440539676,0.0,0.42,0.58,0.0,0.49072694751682683
39633290038084062,0.0,0.0,0.85,0.15,0.3049201523582002
39633290038084464,0.0,0.0,1.0,0.0,-0.0
39633290038084475,0.0,0.04,0.96,0.0,0.12114609454120741
39633297352950664,0.0,0.62,0.38,0.0,0.47902101111314976
39633297365535255,0.0,0.0,0.98,0.02,0.07072027127091034
39633293712297051,0.0,0.9,0.1,0.0,0.2344977967946406
39633297365534505,0.0,0.19,0.81,0.0,0.3507357299419487
39633282677083006,0.0,0.23,0.77,0.0,0.38900565177326885
39633290038084658,0.0,0.86,0.14,0.0,0.292119405821428
39633275232190852,0.0,0.31,0.69,0.0,0.4465867291889284
39633297365534070,0.0,0.41,0.59,0.0,0.488250234378912
39633290038084582,0.0,0.14,0.86,0.0,0.292119405821428
39633290038084496,0.0,0.29,0.71,0.0,0.43436062316970225
39633278935763464,0.0,0.92,0.08,0.0,0.2010895951011364
39633290038084488,0.0,0.14,0.86,0.0,0.292119405821428
39633286389042089,0.0,0.33,0.67,0.0,0.4574631863898637
39633286359681230,0.0,0.65,0.35,0.0,0.4670340276877455
39633300955857457,0.0,0.45,0.55,0.0,0.49638722699390414
39633282656111995,0.0,0.34,0.66,0.0,0.46240935248651505
39633297352950579,0.0,0.11,0.89,0.0,0.249957979082264
39633286384846147,0.0,0.62,0.38,0.0,0.47902101111314976
39633286359681556,0.0,0.03,0.97,0.0,0.0971959289157881
39633278931569221,0.01,0.93,0.06,0.0,0.20367037270049304
39633275202832420,0.0,0.66,0.34,0.0,0.46240935248651505
39633278952541367,0.0,0.58,0.42,0.0,0.49072694751682683
39633278952541529,0.0,0.19,0.81,0.0,0.3507357299419487
39633293712296913,0.0,0.02,0.97,0.01,0.11097036642660543
39633275194444113,0.0,0.1,0.9,0.0,0.2344977967946406
39633286363874135,0.0,0.81,0.19,0.0,0.3507357299419487
39633293699713682,0.0,0.16,0.84,0.0,0.3171547773202831
39633282689664524,0.0,0.05,0.95,0.0,0.14319847855797813
39633286389042042,0.0,0.08,0.92,0.0,0.2010895951011364
39633282664497374,0.01,0.99,0.0,0.0,0.04039656794795559
39633271457317225,0.0,0.6,0.4,0.0,0.4854752972273343
39633275232190738,0.0,0.9,0.1,0.0,0.2344977967946406
39633282689663051,0.0,0.54,0.46,0.0,0.49768921941011285
39633300968442237,0.0,0.32,0.68,0.0,0.45219072886224687
39633271440543437,0.0,0.47,0.53,0.0,0.4987007942838698
39633290033891677,0.0,0.0,0.98,0.02,0.07072027127091034
39633286384845171,0.0,0.04,0.96,0.0,0.12114609454120741
39633271440543422,0.0,0.06,0.94,0.0,0.16372245957723813
39633282689666285,0.0,0.8,0.2,0.0,0.36096404744368116
39633297352952498,0.0,0.07,0.93,0.0,0.18296182545011158
39633267674055770,0.0,0.82,0.18,0.0,0.34003852286413994
39633286393233708,0.0,0.19,0.81,0.0,0.3507357299419487
39633290050667428,0.0,0.47,0.53,0.0,0.4987007942838698
39633282681275311,0.0,1.0,0.0,0.0,-0.0
39633282677082485,0.0,0.71,0.29,0.0,0.43436062316970225
39633293724878101,0.0,0.79,0.21,0.0,0.37074136996563684
39633293720685200,0.0,0.34,0.64,0.02,0.5270594118748047
39633267682446351,0.01,0.99,0.0,0.0,0.04039656794795559
39633282677082479,0.0,0.14,0.86,0.0,0.292119405821428
39633282677082300,0.0,0.44,0.56,0.0,0.4947937606110278
39633290050667792,0.0,0.21,0.79,0.0,0.37074136996563684
39633290050667742,0.0,0.56,0.44,0.0,0.4947937606110278
39633290063252607,0.0,0.47,0.53,0.0,0.4987007942838698
39633271444735095,0.0,0.68,0.32,0.0,0.45219072886224687
39633282677082050,0.0,0.37,0.63,0.0,0.47533604634353294
39633267665669613,0.0,0.26,0.74,0.0,0.4133731862463089
39633290050667318,0.0,0.56,0.44,0.0,0.4947937606110278
39633286351292183,0.04,0.95,0.01,0.0,0.16124668093016215
39633293733265985,0.0,0.11,0.89,0.0,0.249957979082264
39633297340368381,0.0,0.03,0.97,0.0,0.0971959289157881
39633300972634414,0.0,0.97,0.03,0.0,0.0971959289157881
39633267661472420,0.0,0.42,0.58,0.0,0.49072694751682683
39633300981023088,0.0,0.29,0.71,0.0,0.43436062316970225
39633275202832816,0.0,0.65,0.35,0.0,0.4670340276877455
39633282681275210,0.0,0.38,0.62,0.0,0.47902101111314976
39633290046474974,0.0,0.26,0.74,0.0,0.4133731862463089
39633282681275438,0.0,0.92,0.08,0.0,0.2010895951011364
39633290050667279,0.0,0.03,0.96,0.01,0.13737165703039006
39633286355484787,0.0,1.0,0.0,0.0,-0.0
39633275202832900,0.0,0.64,0.36,0.0,0.4713415946277461
39633282681274569,0.0,0.97,0.03,0.0,0.0971959289157881
39633297340368301,0.0,0.02,0.98,0.0,0.07072027127091034
39633290046475130,0.0,0.84,0.16,0.0,0.3171547773202831
39633290050666585,0.0,0.22,0.78,0.0,0.38008375148098283
39633267657278991,0.0,0.26,0.74,0.0,0.4133731862463089
39633290050666600,0.0,0.06,0.94,0.0,0.16372245957723813
39633293691324612,0.0,0.13,0.87,0.0,0.2787190925139945
39633271457317666,0.0,0.47,0.53,0.0,0.4987007942838698
39633297340366870,0.0,0.78,0.22,0.0,0.38008375148098283
39633271457319046,0.0,0.16,0.84,0.0,0.3171547773202831
39633300981023210,0.0,0.79,0.21,0.0,0.37074136996563684
39633271444737534,0.0,0.01,0.97,0.02,0.11097036642660543
39633293712297321,0.0,0.3,0.7,0.0,0.44064544961534635
39633278948347013,0.0,0.33,0.67,0.0,0.4574631863898637
39633278948347045,0.0,0.62,0.38,0.0,0.47902101111314976
39633290046474725,0.0,0.95,0.05,0.0,0.14319847855797813
39633300981025681,0.0,1.0,0.0,0.0,-0.0
39633271436347843,0.0,0.54,0.46,0.0,0.49768921941011285
39633286384845376,0.0,0.57,0.43,0.0,0.4929075185894599
39633300985218746,0.0,0.96,0.04,0.0,0.12114609454120741
39633290038087490,0.0,0.0,0.97,0.03,0.0971959289157881
39633290042277926,0.0,0.05,0.95,0.0,0.14319847855797813
39633275227996410,0.0,0.18,0.82,0.0,0.34003852286413994
39633275227996532,0.0,0.52,0.48,0.0,0.4994227679976009
39633271448930113,0.0,0.29,0.71,0.0,0.43436062316970225
39633275227998175,0.0,1.0,0.0,0.0,-0.0
39633290046474864,0.0,0.1,0.89,0.01,0.27413031336294724
39633293720685073,0.0,0.08,0.92,0.0,0.2010895951011364
39633290050668186,0.0,0.63,0.37,0.0,0.47533604634353294
39633290046474703,0.0,0.29,0.71,0.0,0.43436062316970225
39633300981023448,0.0,0.35,0.65,0.0,0.4670340276877455
39633290050668207,0.0,0.41,0.59,0.0,0.488250234378912
39633282660305650,0.0,0.04,0.94,0.02,0.19127133459887283
39633304562959098,0.0,0.98,0.02,0.0,0.07072027127091034
39633297361339476,0.0,0.03,0.97,0.0,0.0971959289157881
39633297361339470,0.0,0.15,0.85,0.0,0.3049201523582002
39633267674056606,0.0,0.9,0.1,0.0,0.2344977967946406
39633297361338695,0.0,0.8,0.2,0.0,0.36096404744368116
39633282668692021,0.0,0.48,0.52,0.0,0.4994227679976009
39633297361338673,0.0,0.47,0.53,0.0,0.4987007942838698
39633304562959809,0.0,0.88,0.12,0.0,0.2646804326436822
39633267674055687,0.0,0.41,0.59,0.0,0.488250234378912
39633278939958861,0.0,0.82,0.18,0.0,0.34003852286413994
39633278931567478,0.0,0.72,0.28,0.0,0.4277254052800653
39633293720685221,0.0,0.01,0.99,0.0,0.04039656794795559
39633293712297327,0.0,0.96,0.04,0.0,0.12114609454120741
39633278969317903,0.0,0.54,0.46,0.0,0.49768921941011285
39633300960052370,0.0,0.9,0.1,0.0,0.2344977967946406
39633290050669659,0.0,0.94,0.06,0.0,0.16372245957723813
39633290033892810,0.0,0.08,0.92,0.0,0.2010895951011364
39633290033892841,0.0,0.89,0.11,0.0,0.249957979082264
39633300960052229,0.0,0.92,0.08,0.0,0.2010895951011364
39633300955858419,0.0,0.29,0.71,0.0,0.43436062316970225
39633297352953441,0.0,0.98,0.02,0.0,0.07072027127091034
39633278944152899,0.0,0.54,0.46,0.0,0.49768921941011285
39633293716488461,0.0,0.28,0.72,0.0,0.4277254052800653
39633304562960299,0.0,0.78,0.22,0.0,0.38008375148098283
39633278944151878,0.0,0.93,0.07,0.0,0.18296182545011158
39633275232190866,0.0,1.0,0.0,0.0,-0.0
39633286393236370,0.0,1.0,0.0,0.0,-0.0
39633304554570005,0.01,0.97,0.02,0.0,0.11097036642660543
39633293716488699,0.0,0.09,0.91,0.0,0.21823490853205144
39633304554569972,0.0,0.57,0.43,0.0,0.4929075185894599
39633293712297181,0.0,0.2,0.8,0.0,0.36096404744368116
39633290063252630,0.0,0.74,0.26,0.0,0.4133731862463089
39633278960927793,0.0,0.56,0.44,0.0,0.4947937606110278
39633271453123976,0.0,1.0,0.0,0.0,-0.0
39633271453123771,0.0,0.62,0.38,0.0,0.47902101111314976
39633290046474072,0.0,0.17,0.83,0.0,0.32885238937210975
39633290046474001,0.0,0.08,0.92,0.0,0.2010895951011364
39633290046473992,0.0,0.18,0.82,0.0,0.34003852286413994
39633286359682286,0.0,0.15,0.85,0.0,0.3049201523582002
39633300955860305,0.0,0.15,0.85,0.0,0.3049201523582002
39633282681276492,0.0,0.0,0.91,0.09,0.21823490853205144
39633271453124875,0.0,0.46,0.54,0.0,0.49768921941011285
39633278956733572,0.0,0.11,0.89,0.0,0.249957979082264
39633286380650719,0.0,0.27,0.73,0.0,0.42073231810408784
39633300972635866,0.0,0.05,0.95,0.0,0.14319847855797813
39633282681276359,0.0,0.07,0.92,0.01,0.22283217282912027
39633275223802810,0.0,0.77,0.23,0.0,0.38900565177326885
39633267674057255,0.0,0.92,0.08,0.0,0.2010895951011364
39633297336174493,0.04,0.96,0.0,0.0,0.12114609454120741
39633282681276215,0.0,0.78,0.22,0.0,0.38008375148098283
39633271436346459,0.0,0.13,0.87,0.0,0.2787190925139945
39633290033891276,0.0,0.04,0.95,0.01,0.16124668093016215
39633282689665802,0.0,0.57,0.43,0.0,0.4929075185894599
39633278927372883,0.0,0.74,0.26,0.0,0.4133731862463089
39633275202831894,0.0,0.43,0.57,0.0,0.4929075185894599
39633304562960746,0.0,0.98,0.02,0.0,0.07072027127091034
39633278927373670,0.0,0.88,0.12,0.0,0.2646804326436822
39633282689665845,0.0,0.3,0.7,0.0,0.44064544961534635
39633278927373474,0.0,0.95,0.05,0.0,0.14319847855797813
39633308140700949,0.0,0.88,0.12,0.0,0.2646804326436822
39633286393235472,0.0,0.93,0.07,0.0,0.18296182545011158
39633275223803088,0.0,0.8,0.2,0.0,0.36096404744368116
39633293716488404,0.0,0.09,0.91,0.0,0.21823490853205144
39633290067443804,0.0,0.5,0.5,0.0,0.5
39633275207026647,0.0,0.17,0.83,0.0,0.32885238937210975
39633293729071569,0.0,0.43,0.57,0.0,0.4929075185894599
39633282685469195,0.0,0.72,0.28,0.0,0.4277254052800653
39633282672888399,0.0,0.33,0.67,0.0,0.4574631863898637
39633275207026609,0.0,0.02,0.96,0.02,0.14114609454120738
39633282668692108,0.0,0.42,0.58,0.0,0.49072694751682683
39633278965122287,0.0,0.37,0.63,0.0,0.47533604634353294
39633290067443799,0.0,0.29,0.71,0.0,0.43436062316970225
39633275211222106,0.0,0.96,0.04,0.0,0.12114609454120741
39633275202832756,0.0,0.86,0.14,0.0,0.292119405821428
39633282681276032,0.0,0.4,0.6,0.0,0.4854752972273343
39633278956733316,0.0,0.25,0.75,0.0,0.4056390622295664
39633278927373506,0.0,0.22,0.78,0.0,0.38008375148098283
39633271440543647,0.0,0.96,0.04,0.0,0.12114609454120741
39633286363874358,0.0,0.08,0.92,0.0,0.2010895951011364
39633267674057165,0.02,0.86,0.12,0.0,0.33353650032219084
39633300985220603,0.0,0.37,0.63,0.0,0.47533604634353294
39633282672888167,0.0,0.45,0.55,0.0,0.49638722699390414
39633290080026844,0.0,0.71,0.29,0.0,0.43436062316970225
39633282647723184,0.0,0.93,0.07,0.0,0.18296182545011158
39633278939956783,0.0,0.07,0.93,0.0,0.18296182545011158
39633282672888295,0.01,0.99,0.0,0.0,0.04039656794795559
39633290071639221,0.0,0.09,0.91,0.0,0.21823490853205144
39633282660305369,0.0,0.6,0.4,0.0,0.4854752972273343
39633271444734472,0.0,0.01,0.95,0.04,0.16124668093016215
39633271461514091,0.0,0.68,0.32,0.0,0.45219072886224687
39633300960053806,0.0,0.74,0.26,0.0,0.4133731862463089
39633278960927918,0.0,0.05,0.95,0.0,0.14319847855797813
39633293691324566,0.0,0.87,0.13,0.0,0.2787190925139945
39633278960927982,0.0,0.96,0.04,0.0,0.12114609454120741
39633300972635845,0.0,0.81,0.19,0.0,0.3507357299419487
39633278960927621,0.0,0.99,0.01,0.0,0.04039656794795559
39633282681276462,0.0,0.0,0.86,0.14,0.292119405821428
39633271436346222,0.0,0.94,0.06,0.0,0.16372245957723813
39633278969317968,0.0,0.55,0.45,0.0,0.49638722699390414
39633286368068052,0.0,0.54,0.46,0.0,0.49768921941011285
39633275202832718,0.0,0.57,0.43,0.0,0.4929075185894599
39633286368068053,0.0,0.62,0.38,0.0,0.47902101111314976
39633278965121485,0.0,0.02,0.98,0.0,0.07072027127091034
39633278965121493,0.0,0.52,0.48,0.0,0.4994227679976009
39633300960053852,0.0,0.28,0.72,0.0,0.4277254052800653
39633300960053937,0.0,0.51,0.49,0.0,0.49985572087640495
39633293716489316,0.0,0.76,0.24,0.0,0.39752013969226113
39633267661473223,0.0,0.79,0.21,0.0,0.37074136996563684
39633304562960950,0.0,0.12,0.87,0.01,0.30414992414989617
39633267678249809,0.01,0.93,0.06,0.0,0.20367037270049304
39633275202833680,0.0,0.25,0.75,0.0,0.4056390622295664
39633263869822095,0.0,0.35,0.65,0.0,0.4670340276877455
39633300972636820,0.0,0.79,0.21,0.0,0.37074136996563684
39633304562961115,0.0,0.95,0.05,0.0,0.14319847855797813
39633282647723484,0.0,0.96,0.04,0.0,0.12114609454120741
39633282672886646,0.0,0.14,0.86,0.0,0.292119405821428
39633263869824089,0.0,1.0,0.0,0.0,-0.0
39633263869822246,0.0,0.48,0.52,0.0,0.4994227679976009
39633267678249672,0.0,0.65,0.35,0.0,0.4670340276877455
39633263865629094,0.0,0.85,0.15,0.0,0.3049201523582002
39633282664498659,0.0,0.97,0.03,0.0,0.0971959289157881
39633267661473606,0.0,0.73,0.27,0.0,0.42073231810408784
39633263869821453,0.0,0.67,0.33,0.0,0.4574631863898637
39633263869820992,0.0,0.98,0.02,0.0,0.07072027127091034
39633271440539983,0.0,0.09,0.91,0.0,0.21823490853205144
39633275219608860,0.0,0.4,0.6,0.0,0.4854752972273343
39633293716491731,0.0,0.11,0.89,0.0,0.249957979082264
39633275215414288,0.0,0.06,0.94,0.0,0.16372245957723813
39633278935762885,0.0,0.82,0.18,0.0,0.34003852286413994
39633278944150520,0.0,0.85,0.15,0.0,0.3049201523582002
39633304562961961,0.0,0.97,0.03,0.0,0.0971959289157881
39633278965122443,0.0,0.32,0.68,0.0,0.45219072886224687
39633286368069298,0.0,0.37,0.63,0.0,0.47533604634353294
39633290067446989,0.0,0.47,0.53,0.0,0.4987007942838698
39633278965122539,0.0,0.43,0.57,0.0,0.4929075185894599
39633267665667394,0.0,0.82,0.18,0.0,0.34003852286413994
39633278969317369,0.0,0.98,0.02,0.0,0.07072027127091034
39633293724878319,0.0,0.53,0.47,0.0,0.4987007942838698
39633278927374626,0.0,0.65,0.35,0.0,0.4670340276877455
39633304562962020,0.0,0.54,0.46,0.0,0.49768921941011285
39633297369727196,0.0,0.19,0.81,0.0,0.3507357299419487
39633271436347605,0.0,0.65,0.35,0.0,0.4670340276877455
39633297348757463,0.0,0.13,0.87,0.0,0.2787190925139945
39633297352951390,0.0,0.75,0.25,0.0,0.4056390622295664
39633275215414357,0.0,0.86,0.14,0.0,0.292119405821428
39633271457318968,0.0,0.43,0.57,0.0,0.4929075185894599
39633275215416369,0.0,0.67,0.33,0.0,0.4574631863898637
39633293733266730,0.0,0.46,0.54,0.0,0.49768921941011285
39633297369727077,0.0,0.79,0.21,0.0,0.37074136996563684
39633278935762687,0.0,0.61,0.39,0.0,0.4823997742525436
39633271436347542,0.0,0.04,0.94,0.02,0.19127133459887283
39633304571348019,0.0,0.03,0.97,0.0,0.0971959289157881
39633286359681443,0.0,0.97,0.03,0.0,0.0971959289157881
39633286359681635,0.0,0.67,0.33,0.0,0.4574631863898637
39633297352950427,0.0,0.65,0.35,0.0,0.4670340276877455
39633304562962004,0.0,1.0,0.0,0.0,-0.0
39633271436347746,0.0,0.0,0.95,0.05,0.14319847855797813
39633290033889368,0.0,0.99,0.01,0.0,0.04039656794795559
39633290029698584,0.0,0.59,0.41,0.0,0.488250234378912
39633297365533787,0.0,0.58,0.42,0.0,0.49072694751682683
39633297348757056,0.0,0.17,0.83,0.0,0.32885238937210975
39633267686638086,0.0,1.0,0.0,0.0,-0.0
39633267678249602,0.0,0.31,0.69,0.0,0.4465867291889284
39633267686637763,0.0,0.05,0.94,0.01,0.1832231322266888
39633271457318042,0.0,0.53,0.47,0.0,0.4987007942838698
39633290038085073,0.0,0.23,0.77,0.0,0.38900565177326885
39633275190248777,0.0,0.8,0.2,0.0,0.36096404744368116
39633275190248826,0.0,0.01,0.98,0.01,0.08072027127091033
39633290038084854,0.0,0.16,0.84,0.0,0.3171547773202831
39633275190248188,0.02,0.95,0.03,0.0,0.1674722434193448
39633275190248117,0.0,0.09,0.91,0.0,0.21823490853205144
39633278965122039,0.0,0.81,0.19,0.0,0.3507357299419487
39633275232191079,0.0,0.03,0.97,0.0,0.0971959289157881
39633297348756749,0.0,0.26,0.74,0.0,0.4133731862463089
39633278935764494,0.0,0.01,0.97,0.02,0.11097036642660543
39633286355486787,0.0,0.0,1.0,0.0,-0.0
39633297352950811,0.0,0.61,0.39,0.0,0.4823997742525436
39633286355486874,0.0,0.39,0.61,0.0,0.4823997742525436
39633271436348874,0.0,0.85,0.15,0.0,0.3049201523582002
39633282664497307,0.0,0.68,0.32,0.0,0.45219072886224687
39633304571347628,0.0,0.15,0.85,0.0,0.3049201523582002
39633286355486886,0.0,0.61,0.39,0.0,0.4823997742525436
39633278965122182,0.0,0.17,0.83,0.0,0.32885238937210975
39633300955857780,0.0,0.61,0.39,0.0,0.4823997742525436
39633278939955243,0.0,0.0,0.77,0.23,0.38900565177326885
39633271436349107,0.0,0.0,1.0,0.0,-0.0
39633278965122163,0.0,0.69,0.31,0.0,0.4465867291889284
39633271436349127,0.0,0.91,0.09,0.0,0.21823490853205144
39633282664497458,0.0,0.13,0.87,0.0,0.2787190925139945
39633275215413818,0.0,0.19,0.81,0.0,0.3507357299419487
39633297348756801,0.0,0.43,0.57,0.0,0.4929075185894599
39633271436349149,0.0,0.55,0.45,0.0,0.49638722699390414
39633271453125220,0.0,0.04,0.96,0.0,0.12114609454120741
39633275215413812,0.0,0.03,0.96,0.01,0.13737165703039006
39633278965122538,0.0,0.01,0.99,0.0,0.04039656794795559
39633278965122588,0.0,0.01,0.96,0.03,0.13737165703039006
39633263865629992,0.0,0.19,0.81,0.0,0.3507357299419487
39633263869824104,0.0,0.87,0.13,0.0,0.2787190925139945
39633290071640566,0.0,0.6,0.4,0.0,0.4854752972273343
39633290071640411,0.0,0.02,0.97,0.01,0.11097036642660543
39633263869821954,0.0,0.34,0.66,0.0,0.46240935248651505
39633286355484831,0.0,0.08,0.92,0.0,0.2010895951011364
39633267665666571,0.0,0.34,0.66,0.0,0.46240935248651505
39633286393235498,0.0,1.0,0.0,0.0,-0.0
39633278960928239,0.0,0.3,0.7,0.0,0.44064544961534635
39633278965122394,0.0,0.04,0.96,0.0,0.12114609454120741
39633297352952869,0.0,0.84,0.16,0.0,0.3171547773202831
39633290042280287,0.0,0.18,0.82,0.0,0.34003852286413994
39633300960053547,0.0,0.22,0.78,0.0,0.38008375148098283
39633293703905405,0.0,0.7,0.3,0.0,0.44064544961534635
39633275194442451,0.0,0.01,0.98,0.01,0.08072027127091033
39633278935763015,0.0,0.9,0.1,0.0,0.2344977967946406
39633286372263086,0.0,0.99,0.01,0.0,0.04039656794795559
39633297369728342,0.0,0.24,0.76,0.0,0.39752013969226113
39633290067445292,0.0,0.72,0.28,0.0,0.4277254052800653
39633304571347519,0.0,0.92,0.08,0.0,0.2010895951011364
39633297365534718,0.0,0.53,0.47,0.0,0.4987007942838698
39633304571347529,0.0,0.43,0.57,0.0,0.4929075185894599
39633304571347625,0.0,0.94,0.06,0.0,0.16372245957723813
39633275190249419,0.0,0.38,0.62,0.0,0.47902101111314976
39633267661473040,0.0,0.38,0.62,0.0,0.47902101111314976
39633267661473218,0.0,0.11,0.89,0.0,0.249957979082264
39633286368069254,0.0,0.7,0.3,0.0,0.44064544961534635
39633275223803046,0.01,0.99,0.0,0.0,0.04039656794795559
39633290063252540,0.0,0.14,0.86,0.0,0.292119405821428
39633278956734303,0.0,0.56,0.44,0.0,0.4947937606110278
39633286368069416,0.0,0.99,0.01,0.0,0.04039656794795559
39633300972636771,0.0,0.62,0.38,0.0,0.47902101111314976
39633278956733045,0.0,0.19,0.81,0.0,0.3507357299419487
39633275223803323,0.0,0.76,0.24,0.0,0.39752013969226113
39633293733267689,0.0,0.75,0.25,0.0,0.4056390622295664
39633304562961198,0.01,0.88,0.11,0.0,0.28950944366190023
39633275223803202,0.0,0.13,0.87,0.0,0.2787190925139945
39633297336174610,0.0,0.16,0.84,0.0,0.3171547773202831
39633297352952439,0.0,0.1,0.9,0.0,0.2344977967946406
39633293699714363,0.0,0.35,0.65,0.0,0.4670340276877455
39633275190249288,0.0,0.52,0.48,0.0,0.4994227679976009
39633278965121761,0.0,0.62,0.38,0.0,0.47902101111314976
39633275223803029,0.0,0.89,0.11,0.0,0.249957979082264
39633278931568351,0.0,0.08,0.92,0.0,0.2010895951011364
39633300981024070,0.03,0.87,0.1,0.0,0.32937683193798006
39633286372264542,0.0,0.99,0.01,0.0,0.04039656794795559
39633275223802853,0.0,0.83,0.17,0.0,0.32885238937210975
39633271453125495,0.0,0.6,0.4,0.0,0.4854752972273343
39633304571347152,0.0,0.72,0.28,0.0,0.4277254052800653
39633297361339717,0.0,0.82,0.18,0.0,0.34003852286413994
39633267682443421,0.0,0.76,0.24,0.0,0.39752013969226113
39633290033890076,0.0,0.47,0.53,0.0,0.4987007942838698
39633267682443424,0.0,0.44,0.56,0.0,0.4947937606110278
39633267682443454,0.0,0.04,0.95,0.01,0.16124668093016215
39633290029698609,0.0,0.43,0.57,0.0,0.4929075185894599
39633263869821725,0.0,0.17,0.83,0.0,0.32885238937210975
39633290029698560,0.0,0.18,0.82,0.0,0.34003852286413994
39633271465705708,0.0,0.22,0.78,0.0,0.38008375148098283
39633267653086988,0.0,0.12,0.88,0.0,0.2646804326436822
39633293729072129,0.0,0.53,0.47,0.0,0.4987007942838698
39633300964246069,0.0,0.9,0.1,0.0,0.2344977967946406
39633304571348728,0.0,0.17,0.83,0.0,0.32885238937210975
39633290050669673,0.0,0.49,0.51,0.0,0.49985572087640495
39633297357146308,0.0,0.05,0.95,0.0,0.14319847855797813
39633282693859132,0.0,0.77,0.23,0.0,0.38900565177326885
39633297352953263,0.0,0.11,0.89,0.0,0.249957979082264
39633290033890044,0.0,0.15,0.85,0.0,0.3049201523582002
39633297357146130,0.01,0.94,0.05,0.0,0.1832231322266888
39633297357146408,0.0,0.45,0.55,0.0,0.49638722699390414
39633290033890089,0.0,0.38,0.62,0.0,0.47902101111314976
39633290033890132,0.0,0.73,0.27,0.0,0.42073231810408784
39633297365536031,0.0,0.35,0.65,0.0,0.4670340276877455
39633300972634877,0.0,0.9,0.1,0.0,0.2344977967946406
39633297357146581,0.0,0.01,0.99,0.0,0.04039656794795559
39633300964246110,0.0,0.62,0.38,0.0,0.47902101111314976
39633297365536085,0.0,0.76,0.24,0.0,0.39752013969226113
39633297336175038,0.0,0.28,0.72,0.0,0.4277254052800653
39633297336174990,0.01,0.99,0.0,0.0,0.04039656794795559
39633293691324675,0.0,0.03,0.94,0.03,0.19372245957723813
39633297336174880,0.0,0.07,0.93,0.0,0.18296182545011158
39633275223802151,0.0,0.03,0.96,0.01,0.13737165703039006
39633300964246310,0.0,0.45,0.55,0.0,0.49638722699390414
39633300972634594,0.0,0.57,0.43,0.0,0.4929075185894599
39633297357146323,0.0,0.14,0.86,0.0,0.292119405821428
39633282656111827,0.0,0.01,0.97,0.02,0.11097036642660543
39633293708101782,0.0,0.98,0.02,0.0,0.07072027127091034
39633290046472460,0.0,0.31,0.69,0.0,0.4465867291889284
39633271461512084,0.0,0.32,0.68,0.0,0.45219072886224687
39633290050668979,0.0,0.53,0.47,0.0,0.4987007942838698
39633286368068288,0.0,0.07,0.93,0.0,0.18296182545011158
39633290071638467,0.0,0.18,0.82,0.0,0.34003852286413994
39633290046472330,0.0,0.19,0.81,0.0,0.3507357299419487
39633271461511199,0.0,0.11,0.89,0.0,0.249957979082264
39633293724877726,0.0,0.61,0.39,0.0,0.4823997742525436
39633267665669364,0.0,0.17,0.83,0.0,0.32885238937210975
39633304562960062,0.0,0.09,0.91,0.0,0.21823490853205144
39633290063251228,0.0,0.11,0.89,0.0,0.249957979082264
39633290071638536,0.0,0.4,0.6,0.0,0.4854752972273343
39633293737459825,0.0,0.29,0.71,0.0,0.43436062316970225
39633293724877790,0.0,0.87,0.13,0.0,0.2787190925139945
39633293733265665,0.0,0.85,0.15,0.0,0.3049201523582002
39633278948344670,0.0,0.94,0.06,0.0,0.16372245957723813
39633297365533945,0.0,0.3,0.7,0.0,0.44064544961534635
39633278948347304,0.0,0.7,0.3,0.0,0.44064544961534635
39633293708102975,0.0,0.13,0.87,0.0,0.2787190925139945
39633297348756433,0.0,0.91,0.09,0.0,0.21823490853205144
39633293716488293,0.0,0.1,0.9,0.0,0.2344977967946406
39633290042278816,0.0,0.53,0.47,0.0,0.4987007942838698
39633278939958934,0.0,0.02,0.98,0.0,0.07072027127091034
39633278944149681,0.0,0.06,0.94,0.0,0.16372245957723813
39633297348756557,0.0,0.16,0.84,0.0,0.3171547773202831
39633300964247129,0.0,0.81,0.19,0.0,0.3507357299419487
39633304571347447,0.0,0.97,0.03,0.0,0.0971959289157881
39633297348756613,0.0,0.91,0.09,0.0,0.21823490853205144
39633297344562954,0.0,0.66,0.34,0.0,0.46240935248651505
39633290075832853,0.0,0.8,0.2,0.0,0.36096404744368116
39633297348757049,0.0,0.04,0.96,0.0,0.12114609454120741
39633300964246871,0.0,0.32,0.68,0.0,0.45219072886224687
39633271453125453,0.0,0.96,0.04,0.0,0.12114609454120741
39633278944152328,0.0,0.96,0.04,0.0,0.12114609454120741
39633286384846285,0.0,0.64,0.36,0.0,0.4713415946277461
39633271457317776,0.0,0.85,0.15,0.0,0.3049201523582002
39633271469900230,0.0,0.06,0.94,0.0,0.16372245957723813
39633290038086031,0.0,0.1,0.9,0.0,0.2344977967946406
39633293712296809,0.0,0.61,0.39,0.0,0.4823997742525436
39633271457317771,0.0,0.43,0.57,0.0,0.4929075185894599
39633290063251108,0.0,0.16,0.84,0.0,0.3171547773202831
39633278948344510,0.0,0.94,0.06,0.0,0.16372245957723813
39633290050668893,0.0,0.13,0.87,0.0,0.2787190925139945
39633278948344542,0.0,0.04,0.96,0.0,0.12114609454120741
39633293708101837,0.0,0.34,0.66,0.0,0.46240935248651505
39633275202832601,0.0,0.25,0.75,0.0,0.4056390622295664
39633286384846262,0.0,0.32,0.68,0.0,0.45219072886224687
39633300960052601,0.0,0.68,0.32,0.0,0.45219072886224687
39633282681274909,0.0,0.21,0.79,0.0,0.37074136996563684
39633300964247772,0.0,0.05,0.95,0.0,0.14319847855797813
39633282693860087,0.0,0.23,0.77,0.0,0.38900565177326885
39633286359681432,0.0,0.0,0.98,0.02,0.07072027127091034
39633297348756659,0.0,0.0,1.0,0.0,-0.0
39633290075832865,0.0,0.15,0.85,0.0,0.3049201523582002
39633293720685180,0.0,0.83,0.17,0.0,0.32885238937210975
39633290050667747,0.0,1.0,0.0,0.0,-0.0
39633300964246024,0.0,0.32,0.68,0.0,0.45219072886224687
39633290059058142,0.0,0.29,0.71,0.0,0.43436062316970225
39633286359679968,0.0,0.36,0.64,0.0,0.4713415946277461
39633278939959001,0.0,0.05,0.95,0.0,0.14319847855797813
39633290071639227,0.0,0.37,0.63,0.0,0.47533604634353294
39633286359680022,0.0,0.05,0.95,0.0,0.14319847855797813
39633278965121795,0.0,0.72,0.28,0.0,0.4277254052800653
39633286347099342,0.0,0.57,0.43,0.0,0.4929075185894599
39633286359680157,0.0,0.34,0.66,0.0,0.46240935248651505
39633282668692309,0.0,0.98,0.02,0.0,0.07072027127091034
39633286355485271,0.0,0.01,0.99,0.0,0.04039656794795559
39633286355485266,0.0,0.03,0.97,0.0,0.0971959289157881
39633271444737267,0.0,0.94,0.06,0.0,0.16372245957723813
39633282668694711,0.0,0.72,0.28,0.0,0.4277254052800653
39633282672887024,0.0,0.1,0.9,0.0,0.2344977967946406
39633286351290973,0.0,0.94,0.06,0.0,0.16372245957723813
39633290063251141,0.0,0.81,0.19,0.0,0.3507357299419487
39633290080026791,0.0,0.77,0.23,0.0,0.38900565177326885
39633297348756439,0.08,0.92,0.0,0.0,0.2010895951011364
39633271444738010,0.0,0.1,0.9,0.0,0.2344977967946406
39633293708103061,0.0,0.47,0.53,0.0,0.4987007942838698
39633271465705931,0.0,0.94,0.06,0.0,0.16372245957723813
39633300960052372,0.0,0.07,0.93,0.0,0.18296182545011158
39633290029697920,0.01,0.97,0.02,0.0,0.11097036642660543
39633293703906834,0.0,0.53,0.47,0.0,0.4987007942838698
39633293724877556,0.0,0.99,0.01,0.0,0.04039656794795559
39633286363874590,0.0,0.0,1.0,0.0,-0.0
39633290063251079,0.0,0.07,0.93,0.0,0.18296182545011158
39633286363874688,0.0,0.35,0.65,0.0,0.4670340276877455
39633290059058068,0.0,0.0,0.94,0.06,0.16372245957723813
39633290059058238,0.0,0.9,0.1,0.0,0.2344977967946406
39633290059058192,0.0,0.94,0.06,0.0,0.16372245957723813
39633290059058058,0.0,0.95,0.05,0.0,0.14319847855797813
39633290059057895,0.0,0.56,0.44,0.0,0.4947937606110278
39633290075834623,0.0,1.0,0.0,0.0,-0.0
39633282681276721,0.0,0.35,0.65,0.0,0.4670340276877455
39633290063250791,0.0,0.54,0.46,0.0,0.49768921941011285
39633267682443841,0.0,0.77,0.23,0.0,0.38900565177326885
39633275190247801,0.0,0.82,0.18,0.0,0.34003852286413994
39633300964245965,0.0,0.98,0.02,0.0,0.07072027127091034
39633300964246016,0.0,0.46,0.54,0.0,0.49768921941011285
39633263869824414,0.0,0.93,0.07,0.0,0.18296182545011158
39633297336173708,0.0,0.18,0.82,0.0,0.34003852286413994
39633286363875117,0.0,0.07,0.93,0.0,0.18296182545011158
39633282664498406,0.0,0.32,0.68,0.0,0.45219072886224687
39633297361339228,0.0,0.44,0.56,0.0,0.4947937606110278
39633290050669538,0.0,0.54,0.46,0.0,0.49768921941011285
39633290050669629,0.0,1.0,0.0,0.0,-0.0
39633275215413785,0.0,0.84,0.16,0.0,0.3171547773202831
39633286355485597,0.0,0.03,0.97,0.0,0.0971959289157881
39633293720682573,0.0,0.82,0.18,0.0,0.34003852286413994
39633286363875005,0.0,0.43,0.57,0.0,0.4929075185894599
39633290071640023,0.0,0.3,0.7,0.0,0.44064544961534635
39633290050668984,0.0,0.65,0.35,0.0,0.4670340276877455
39633308136507010,0.04,0.93,0.03,0.0,0.2174448102113104
39633286393234182,0.0,0.86,0.14,0.0,0.292119405821428
39633297348756896,0.0,0.11,0.89,0.0,0.249957979082264
39633267661473118,0.0,0.15,0.85,0.0,0.3049201523582002
39633290063249688,0.0,0.32,0.68,0.0,0.45219072886224687
39633267661472691,0.0,0.68,0.32,0.0,0.45219072886224687
39633267661472922,0.0,0.1,0.9,0.0,0.2344977967946406
39633267661473097,0.0,0.95,0.05,0.0,0.14319847855797813
39633297365533894,0.0,0.25,0.75,0.0,0.4056390622295664
39633278935762228,0.0,0.61,0.39,0.0,0.4823997742525436
39633275232190880,0.0,0.06,0.94,0.0,0.16372245957723813
39633297352950414,0.0,0.17,0.83,0.0,0.32885238937210975
39633297365533941,0.0,0.63,0.37,0.0,0.47533604634353294
39633282689666646,0.0,0.84,0.16,0.0,0.3171547773202831
39633271436348714,0.0,0.0,1.0,0.0,-0.0
39633297352950440,0.0,0.6,0.4,0.0,0.4854752972273343
39633297340367163,0.0,0.67,0.33,0.0,0.4574631863898637
39633275227998195,0.0,0.89,0.11,0.0,0.249957979082264
39633290063249545,0.0,0.9,0.1,0.0,0.2344977967946406
39633290071640265,0.0,0.67,0.33,0.0,0.4574631863898637
39633290063249629,0.0,0.41,0.59,0.0,0.488250234378912
39633275227998937,0.0,0.8,0.2,0.0,0.36096404744368116
39633275223802914,0.0,0.29,0.71,0.0,0.43436062316970225
39633300972636737,0.0,0.1,0.9,0.0,0.2344977967946406
39633290063252412,0.0,0.04,0.95,0.01,0.16124668093016215
39633278965121818,0.0,0.01,0.98,0.01,0.08072027127091033
39633290059057729,0.0,0.85,0.15,0.0,0.3049201523582002
39633290059058503,0.0,0.34,0.66,0.0,0.46240935248651505
39633278965121754,0.0,0.15,0.85,0.0,0.3049201523582002
39633286389042007,0.0,0.2,0.8,0.0,0.36096404744368116
39633286389042016,0.0,0.43,0.57,0.0,0.4929075185894599
39633293716488975,0.0,0.17,0.83,0.0,0.32885238937210975
39633282689666412,0.0,0.17,0.83,0.0,0.32885238937210975
39633304562961088,0.0,0.0,0.99,0.01,0.04039656794795559
39633293716488508,0.0,0.88,0.12,0.0,0.2646804326436822
39633300955858092,0.0,0.42,0.58,0.0,0.49072694751682683
39633271457318970,0.0,0.08,0.91,0.01,0.24088153359695552
39633267657277831,0.0,0.93,0.07,0.0,0.18296182545011158
39633278965121120,0.0,0.4,0.6,0.0,0.4854752972273343
39633290038087317,0.0,0.11,0.89,0.0,0.249957979082264
39633297344561235,0.0,0.1,0.9,0.0,0.2344977967946406
39633290075833314,0.0,0.69,0.31,0.0,0.4465867291889284
39633282651915964,0.0,0.92,0.08,0.0,0.2010895951011364
39633293720684344,0.0,0.04,0.96,0.0,0.12114609454120741
39633300955858685,0.0,0.32,0.68,0.0,0.45219072886224687
39633286363873901,0.0,0.47,0.53,0.0,0.4987007942838698
39633271465705915,0.0,0.45,0.55,0.0,0.49638722699390414
39633297361341411,0.0,0.49,0.51,0.0,0.49985572087640495
39633300976828576,0.0,0.21,0.78,0.01,0.4094279001393156
39633297369727231,0.0,0.86,0.14,0.0,0.292119405821428
39633297344562253,0.0,0.0,0.94,0.06,0.16372245957723813
39633271436347980,0.0,0.48,0.52,0.0,0.4994227679976009
39633286397428922,0.0,1.0,0.0,0.0,-0.0
39633297344562879,0.0,1.0,0.0,0.0,-0.0
39633297344562847,0.0,0.26,0.74,0.0,0.4133731862463089
39633275219610600,0.0,0.97,0.03,0.0,0.0971959289157881
39633278944149570,0.0,0.73,0.27,0.0,0.42073231810408784
39633282656108730,0.0,0.37,0.63,0.0,0.47533604634353294
39633297340367306,0.0,0.05,0.95,0.0,0.14319847855797813
39633297340367299,0.0,0.21,0.79,0.0,0.37074136996563684
39633286397428931,0.0,0.34,0.66,0.0,0.46240935248651505
39633304558766617,0.0,0.03,0.97,0.0,0.0971959289157881
39633297361341419,0.0,0.0,0.99,0.01,0.04039656794795559
39633290063252708,0.0,0.77,0.23,0.0,0.38900565177326885
39633278948344647,0.0,0.0,0.93,0.07,0.18296182545011158
39633297357146413,0.0,0.17,0.83,0.0,0.32885238937210975
39633290038085919,0.0,0.02,0.97,0.01,0.11097036642660543
39633282651915854,0.0,0.47,0.53,0.0,0.4987007942838698
39633297344562870,0.0,0.91,0.09,0.0,0.21823490853205144
39633304567155451,0.0,0.11,0.89,0.0,0.249957979082264
39633290067443808,0.0,0.76,0.24,0.0,0.39752013969226113
39633271453124562,0.0,0.02,0.98,0.0,0.07072027127091034
39633293724878388,0.0,0.64,0.36,0.0,0.4713415946277461
39633290029698428,0.0,0.38,0.62,0.0,0.47902101111314976
39633293720684356,0.0,0.35,0.65,0.0,0.4670340276877455
39633278927374680,0.0,0.94,0.06,0.0,0.16372245957723813
39633293724878659,0.0,0.9,0.1,0.0,0.2344977967946406
39633293699714059,0.0,0.41,0.59,0.0,0.488250234378912
39633300968441279,0.0,0.38,0.62,0.0,0.47902101111314976
39633275232190616,0.0,0.1,0.9,0.0,0.2344977967946406
39633271457316959,0.0,0.59,0.41,0.0,0.488250234378912
39633300955858340,0.0,1.0,0.0,0.0,-0.0
39633286363873874,0.0,0.07,0.93,0.0,0.18296182545011158
39633304579735874,0.0,0.35,0.65,0.0,0.4670340276877455
39633297365532971,0.0,0.98,0.02,0.0,0.07072027127091034
39633297352950119,0.0,0.74,0.26,0.0,0.4133731862463089
39633297369727741,0.0,0.33,0.67,0.0,0.4574631863898637
39633282651915918,0.0,0.6,0.4,0.0,0.4854752972273343
39633282668691823,0.0,0.07,0.93,0.0,0.18296182545011158
39633275219607929,0.0,0.02,0.97,0.01,0.11097036642660543
39633278927373805,0.0,0.13,0.87,0.0,0.2787190925139945
39633271436348959,0.0,0.96,0.04,0.0,0.12114609454120741
39633278927374072,0.0,0.47,0.53,0.0,0.4987007942838698
39633278927373577,0.0,0.34,0.66,0.0,0.46240935248651505
39633278927374081,0.0,0.0,0.95,0.05,0.14319847855797813
39633282689663667,0.0,0.03,0.97,0.0,0.0971959289157881
39633282693860662,0.0,0.8,0.2,0.0,0.36096404744368116
39633304579736058,0.0,0.04,0.96,0.0,0.12114609454120741
39633282672888812,0.0,0.11,0.89,0.0,0.249957979082264
39633271444736112,0.0,0.71,0.29,0.0,0.43436062316970225
39633282672888811,0.0,0.58,0.42,0.0,0.49072694751682683
39633282672888785,0.0,0.8,0.2,0.0,0.36096404744368116
39633282651915968,0.0,0.16,0.84,0.0,0.3171547773202831
39633304579736016,0.0,0.28,0.72,0.0,0.4277254052800653
39633275219607749,0.0,0.79,0.21,0.0,0.37074136996563684
39633271453124525,0.0,0.36,0.64,0.0,0.4713415946277461
39633290071640904,0.0,0.57,0.43,0.0,0.4929075185894599
39633271469900866,0.0,0.72,0.28,0.0,0.4277254052800653
39633290029697936,0.0,0.66,0.34,0.0,0.46240935248651505
39633297365535443,0.0,0.26,0.74,0.0,0.4133731862463089
39633293695519019,0.0,0.81,0.19,0.0,0.3507357299419487
39633293695518915,0.0,0.24,0.76,0.0,0.39752013969226113
39633293695518887,0.0,0.12,0.88,0.0,0.2646804326436822
39633271453124452,0.0,0.44,0.56,0.0,0.4947937606110278
39633278969315380,0.0,0.97,0.03,0.0,0.0971959289157881
39633282668694367,0.0,0.21,0.79,0.0,0.37074136996563684
39633275211222356,0.0,0.07,0.93,0.0,0.18296182545011158
39633282664500536,0.0,0.08,0.92,0.0,0.2010895951011364
39633286397429039,0.0,0.9,0.1,0.0,0.2344977967946406
39633282660305969,0.0,0.39,0.61,0.0,0.4823997742525436
39633282660305981,0.0,0.88,0.12,0.0,0.2646804326436822
39633275223802208,0.0,0.35,0.65,0.0,0.4670340276877455
39633282664500132,0.0,0.34,0.66,0.0,0.46240935248651505
39633293712297224,0.0,0.06,0.94,0.0,0.16372245957723813
39633282664500615,0.0,0.33,0.67,0.0,0.4574631863898637
39633282664499989,0.0,0.43,0.57,0.0,0.4929075185894599
39633293724878318,0.0,0.1,0.9,0.0,0.2344977967946406
39633282677082041,0.0,0.01,0.99,0.0,0.04039656794795559
39633271461512369,0.0,0.55,0.45,0.0,0.49638722699390414
39633282677082148,0.0,0.09,0.91,0.0,0.21823490853205144
39633293703908840,0.0,0.65,0.35,0.0,0.4670340276877455
39633297340367357,0.0,0.61,0.39,0.0,0.4823997742525436
39633297340367352,0.0,0.88,0.12,0.0,0.2646804326436822
39633282668694332,0.0,0.59,0.41,0.0,0.488250234378912
39633290029698265,0.0,0.99,0.01,0.0,0.04039656794795559
39633282668694010,0.0,0.07,0.93,0.0,0.18296182545011158
39633275194444995,0.0,0.01,0.96,0.03,0.13737165703039006
39633286376458507,0.0,0.34,0.66,0.0,0.46240935248651505
39633275202833272,0.0,0.45,0.55,0.0,0.49638722699390414
39633290029697802,0.0,0.11,0.89,0.0,0.249957979082264
39633290029697826,0.0,0.83,0.17,0.0,0.32885238937210975
39633290050669209,0.0,0.56,0.44,0.0,0.4947937606110278
39633278965124283,0.0,0.42,0.58,0.0,0.49072694751682683
39633271444734946,0.0,0.0,0.99,0.01,0.04039656794795559
39633271444734484,0.0,0.65,0.35,0.0,0.4670340276877455
39633282672888425,0.0,0.57,0.43,0.0,0.4929075185894599
39633278939955678,0.0,0.47,0.53,0.0,0.4987007942838698
39633278939955677,0.0,0.92,0.08,0.0,0.2010895951011364
39633278927374271,0.0,0.55,0.45,0.0,0.49638722699390414
39633282668695123,0.0,0.16,0.84,0.0,0.3171547773202831
39633275219610601,0.0,0.97,0.03,0.0,0.0971959289157881
39633278939955917,0.0,0.17,0.83,0.0,0.32885238937210975
39633286368067984,0.0,0.51,0.49,0.0,0.49985572087640495
39633290080027150,0.0,0.81,0.19,0.0,0.3507357299419487
39633275202832726,0.0,0.43,0.57,0.0,0.4929075185894599
39633271440541453,0.0,0.14,0.86,0.0,0.292119405821428
39633278939955918,0.0,0.32,0.68,0.0,0.45219072886224687
39633290042281254,0.0,0.07,0.93,0.0,0.18296182545011158
39633282651917436,0.0,0.19,0.81,0.0,0.3507357299419487
39633308144895099,0.02,0.98,0.0,0.0,0.07072027127091034
39633297369730304,0.0,0.07,0.93,0.0,0.18296182545011158
39633267674057181,0.0,0.24,0.76,0.0,0.39752013969226113
39633290046472389,0.0,0.34,0.66,0.0,0.46240935248651505
39633267674057606,0.0,0.74,0.26,0.0,0.4133731862463089
39633297365536247,0.0,0.23,0.77,0.0,0.38900565177326885
39633290067446609,0.0,0.25,0.75,0.0,0.4056390622295664
39633290046474341,0.0,0.12,0.88,0.0,0.2646804326436822
39633300985220681,0.0,1.0,0.0,0.0,-0.0
39633286368067713,0.0,0.2,0.8,0.0,0.36096404744368116
39633278969315437,0.0,0.76,0.24,0.0,0.39752013969226113
39633297373923066,0.0,0.31,0.69,0.0,0.4465867291889284
39633278927374049,0.0,0.95,0.05,0.0,0.14319847855797813
39633293724878462,0.0,0.47,0.53,0.0,0.4987007942838698
39633297373923107,0.0,1.0,0.0,0.0,-0.0
39633297373921444,0.0,0.88,0.12,0.0,0.2646804326436822
39633282668694235,0.01,0.94,0.05,0.0,0.1832231322266888
39633286380653773,0.01,0.84,0.15,0.0,0.3441379826496441
39633297357144694,0.0,0.0,1.0,0.0,-0.0
39633300985220565,0.0,0.1,0.9,0.0,0.2344977967946406
39633271444734576,0.0,0.04,0.96,0.0,0.12114609454120741
39633308140702585,0.0,0.28,0.72,0.0,0.4277254052800653
39633297336175911,0.0,0.33,0.67,0.0,0.4574631863898637
39633290046474305,0.0,0.01,0.99,0.0,0.04039656794795559
39633293716488911,0.0,0.19,0.81,0.0,0.3507357299419487
39633286393234215,0.0,0.6,0.4,0.0,0.4854752972273343
39633267661473476,0.0,0.03,0.97,0.0,0.0971959289157881
39633293716489066,0.0,0.1,0.9,0.0,0.2344977967946406
39633267661473252,0.0,0.48,0.52,0.0,0.4994227679976009
39633293716488945,0.0,0.02,0.97,0.01,0.11097036642660543
39633267661473579,0.0,0.97,0.03,0.0,0.0971959289157881
39633267678249410,0.0,0.63,0.37,0.0,0.47533604634353294
39633293720682560,0.0,0.37,0.63,0.0,0.47533604634353294
39633290038087284,0.0,0.03,0.97,0.0,0.0971959289157881
39633275232191495,0.0,0.6,0.4,0.0,0.4854752972273343
39633275202833609,0.0,0.76,0.24,0.0,0.39752013969226113
39633297357144838,0.0,0.38,0.62,0.0,0.47902101111314976
39633267665667496,0.0,0.28,0.72,0.0,0.4277254052800653
39633290033890605,0.0,0.04,0.94,0.02,0.19127133459887283
39633293729072268,0.0,0.48,0.52,0.0,0.4994227679976009
39633297369729433,0.0,0.54,0.46,0.0,0.49768921941011285
39633297352951289,0.0,0.88,0.12,0.0,0.2646804326436822
39633293720682798,0.0,0.52,0.48,0.0,0.4994227679976009
39633297357144871,0.0,0.06,0.94,0.0,0.16372245957723813
39633278939956027,0.0,0.86,0.14,0.0,0.292119405821428
39633293729072381,0.0,0.24,0.76,0.0,0.39752013969226113
39633278948344515,0.0,0.32,0.68,0.0,0.45219072886224687
39633271440543680,0.0,0.37,0.63,0.0,0.47533604634353294
39633293703905865,0.0,0.26,0.74,0.0,0.4133731862463089
39633275194445382,0.0,0.48,0.52,0.0,0.4994227679976009
39633308144895555,0.0,0.36,0.64,0.0,0.4713415946277461
39633290038084451,0.0,0.5,0.5,0.0,0.5
39633290038085185,0.0,0.27,0.73,0.0,0.42073231810408784
39633290038084576,0.0,0.03,0.97,0.0,0.0971959289157881
39633290038084622,0.0,0.0,1.0,0.0,-0.0
39633290038085306,0.0,0.05,0.95,0.0,0.14319847855797813
39633290054863046,0.0,0.21,0.79,0.0,0.37074136996563684
39633297365536391,0.0,0.09,0.91,0.0,0.21823490853205144
39633290054862955,0.0,0.76,0.24,0.0,0.39752013969226113
39633286355486502,0.0,0.83,0.17,0.0,0.32885238937210975
39633286359681092,0.0,0.82,0.18,0.0,0.34003852286413994
39633300955857807,0.0,0.02,0.98,0.0,0.07072027127091034
39633290029698110,0.07,0.93,0.0,0.0,0.18296182545011158
39633275232190762,0.0,0.12,0.88,0.0,0.2646804326436822
39633286359680986,0.0,0.28,0.72,0.0,0.4277254052800653
39633271461512714,0.0,0.91,0.09,0.0,0.21823490853205144
39633290071640408,0.0,0.79,0.21,0.0,0.37074136996563684
39633297352951347,0.0,1.0,0.0,0.0,-0.0
39633286384845122,0.0,0.74,0.26,0.0,0.4133731862463089
39633297352951394,0.0,0.36,0.64,0.0,0.4713415946277461
39633275202832758,0.0,0.07,0.93,0.0,0.18296182545011158
39633286384845199,0.0,0.9,0.1,0.0,0.2344977967946406
39633293729072235,0.0,0.25,0.75,0.0,0.4056390622295664
39633271457319044,0.0,0.86,0.14,0.0,0.292119405821428
39633293729072143,0.0,0.01,0.98,0.01,0.08072027127091033
39633278952539042,0.0,0.77,0.23,0.0,0.38900565177326885
39633278948344883,0.0,0.66,0.34,0.0,0.46240935248651505
39633275223804154,0.0,0.52,0.48,0.0,0.4994227679976009
39633297352952342,0.0,0.04,0.96,0.0,0.12114609454120741
39633297352952407,0.0,0.61,0.39,0.0,0.4823997742525436
39633278956734254,0.0,0.99,0.01,0.0,0.04039656794795559
39633290042281044,0.0,0.39,0.61,0.0,0.4823997742525436
39633297373921747,0.0,0.82,0.18,0.0,0.34003852286413994
39633286384845007,0.0,0.0,0.96,0.04,0.12114609454120741
39633290042279893,0.0,0.67,0.33,0.0,0.4574631863898637
39633304554571416,0.0,0.8,0.2,0.0,0.36096404744368116
39633271457319292,0.0,0.13,0.86,0.01,0.31810566868628926
39633297348756256,0.0,0.19,0.81,0.0,0.3507357299419487
39633300976828918,0.0,0.13,0.87,0.0,0.2787190925139945
39633290071639956,0.0,0.44,0.56,0.0,0.4947937606110278
39633290029698475,0.0,0.42,0.58,0.0,0.49072694751682683
39633293729071726,0.0,0.64,0.36,0.0,0.4713415946277461
39633290071639895,0.0,0.59,0.41,0.0,0.488250234378912
39633271444736121,0.0,0.84,0.16,0.0,0.3171547773202831
39633290042280218,0.0,0.84,0.16,0.0,0.3171547773202831
39633297357145399,0.0,0.0,0.98,0.02,0.07072027127091034
39633293708101865,0.0,0.64,0.36,0.0,0.4713415946277461
39633297348756064,0.0,0.78,0.22,0.0,0.38008375148098283
39633290071639619,0.0,0.41,0.59,0.0,0.488250234378912
39633290029698285,0.0,0.43,0.57,0.0,0.4929075185894599
39633304558766232,0.0,0.84,0.16,0.0,0.3171547773202831
39633275198639891,0.0,0.93,0.07,0.0,0.18296182545011158
39633282668695252,0.0,0.44,0.56,0.0,0.4947937606110278
39633297344562251,0.0,0.88,0.12,0.0,0.2646804326436822
39633290050668599,0.0,0.38,0.62,0.0,0.47902101111314976
39633286376458875,0.0,0.6,0.4,0.0,0.4854752972273343
39633297331978904,0.0,0.58,0.42,0.0,0.49072694751682683
39633290063250741,0.0,0.73,0.27,0.0,0.42073231810408784
39633297336176074,0.0,0.0,0.84,0.16,0.3171547773202831
39633263857241788,0.0,0.53,0.47,0.0,0.4987007942838698
39633275194442101,0.0,0.26,0.74,0.0,0.4133731862463089
39633278931567557,0.0,0.66,0.34,0.0,0.46240935248651505
39633282681276625,0.0,0.34,0.66,0.0,0.46240935248651505
39633282681276812,0.0,0.13,0.87,0.0,0.2787190925139945
39633286384848287,0.0,0.04,0.95,0.01,0.16124668093016215
39633297348756489,0.0,0.78,0.22,0.0,0.38008375148098283
39633297344562681,0.0,0.0,0.99,0.01,0.04039656794795559
39633267678249483,0.0,0.71,0.29,0.0,0.43436062316970225
39633263857241753,0.0,0.74,0.26,0.0,0.4133731862463089
39633271457318990,0.0,0.01,0.94,0.05,0.1832231322266888
39633297331981238,0.0,0.6,0.4,0.0,0.4854752972273343
39633297331981010,0.0,0.12,0.88,0.0,0.2646804326436822
39633267682446434,0.0,0.06,0.94,0.0,0.16372245957723813
39633286376458819,0.0,0.95,0.05,0.0,0.14319847855797813
39633282660306559,0.0,0.26,0.74,0.0,0.4133731862463089
39633290050669491,0.0,0.19,0.81,0.0,0.3507357299419487
39633293703908304,0.0,1.0,0.0,0.0,-0.0
39633290050669470,0.0,0.66,0.34,0.0,0.46240935248651505
39633293699711967,0.01,0.95,0.04,0.0,0.16124668093016215
39633293699711937,0.0,0.02,0.98,0.0,0.07072027127091034
39633275190249199,0.0,0.09,0.91,0.0,0.21823490853205144
39633282660306616,0.0,0.62,0.38,0.0,0.47902101111314976
39633293703908295,0.01,0.89,0.1,0.0,0.27413031336294724
39633300960053423,0.0,0.54,0.46,0.0,0.49768921941011285
39633297352951244,0.0,0.8,0.2,0.0,0.36096404744368116
39633282677080079,0.0,0.99,0.01,0.0,0.04039656794795559
39633293729072671,0.0,0.0,0.5,0.5,0.5
39633271465708322,0.0,0.93,0.07,0.0,0.18296182545011158
39633300968442006,0.0,0.12,0.88,0.0,0.2646804326436822
39633271465708459,0.0,0.39,0.61,0.0,0.4823997742525436
39633282672889295,0.0,0.07,0.93,0.0,0.18296182545011158
39633275207026399,0.0,0.92,0.08,0.0,0.2010895951011364
39633282664498125,0.0,0.05,0.95,0.0,0.14319847855797813
39633275215414382,0.0,0.01,0.94,0.05,0.1832231322266888
39633275215414420,0.0,0.75,0.25,0.0,0.4056390622295664
39633282656110029,0.0,0.29,0.71,0.0,0.43436062316970225
39633275190249396,0.0,0.17,0.83,0.0,0.32885238937210975
39633282651917699,0.0,0.5,0.5,0.0,0.5
39633304571349097,0.0,0.17,0.83,0.0,0.32885238937210975
39633275190249228,0.0,0.62,0.38,0.0,0.47902101111314976
39633282664498070,0.0,0.99,0.01,0.0,0.04039656794795559
39633297361339377,0.0,0.27,0.73,0.0,0.42073231810408784
39633275190249407,0.0,0.69,0.31,0.0,0.4465867291889284
39633304567153346,0.0,0.25,0.75,0.0,0.4056390622295664
39633282664498298,0.0,0.58,0.42,0.0,0.49072694751682683
39633297369727474,0.0,0.05,0.95,0.0,0.14319847855797813
39633282656110087,0.01,0.93,0.06,0.0,0.20367037270049304
39633282660306353,0.0,0.4,0.6,0.0,0.4854752972273343
39633282660306252,0.0,0.06,0.94,0.0,0.16372245957723813
39633282656110163,0.0,0.65,0.35,0.0,0.4670340276877455
39633282660306375,0.0,0.9,0.1,0.0,0.2344977967946406
39633282656110186,0.0,0.93,0.07,0.0,0.18296182545011158
39633282656110304,0.0,0.59,0.41,0.0,0.488250234378912
39633275202833910,0.0,0.31,0.69,0.0,0.4465867291889284
39633282656110321,0.0,0.01,0.98,0.01,0.08072027127091033
39633275202834004,0.0,0.15,0.85,0.0,0.3049201523582002
39633297369727278,0.0,0.95,0.05,0.0,0.14319847855797813
39633267665666263,0.0,0.9,0.1,0.0,0.2344977967946406
39633275215414291,0.0,0.28,0.72,0.0,0.4277254052800653
39633275215414454,0.0,0.07,0.91,0.02,0.2526241113249394
39633300985218969,0.0,0.01,0.99,0.0,0.04039656794795559
39633271465707835,0.0,0.99,0.01,0.0,0.04039656794795559
39633271465707858,0.0,0.97,0.03,0.0,0.0971959289157881
39633282681277307,0.0,0.09,0.91,0.0,0.21823490853205144
39633271465708238,0.0,0.4,0.6,0.0,0.4854752972273343
39633293716489488,0.0,0.38,0.62,0.0,0.47902101111314976
39633282681275412,0.0,0.91,0.09,0.0,0.21823490853205144
39633300985218780,0.0,0.19,0.81,0.0,0.3507357299419487
39633300985218743,0.0,0.45,0.55,0.0,0.49638722699390414
39633282681274444,0.0,0.8,0.2,0.0,0.36096404744368116
39633297340369036,0.0,0.06,0.94,0.0,0.16372245957723813
39633263869823191,0.0,0.6,0.4,0.0,0.4854752972273343
39633297348757352,0.0,0.64,0.36,0.0,0.4713415946277461
39633282698052524,0.0,0.75,0.25,0.0,0.4056390622295664
39633297348757272,0.0,0.9,0.1,0.0,0.2344977967946406
39633263865628668,0.0,0.82,0.18,0.0,0.34003852286413994
39633282698052480,0.0,0.19,0.81,0.0,0.3507357299419487
39633278931568717,0.0,0.98,0.02,0.0,0.07072027127091034
39633271461511232,0.0,0.42,0.58,0.0,0.49072694751682683
39633293699712673,0.0,0.25,0.75,0.0,0.4056390622295664
39633293699712750,0.0,0.79,0.21,0.0,0.37074136996563684
39633293699712826,0.0,0.03,0.97,0.0,0.0971959289157881
39633282689663691,0.0,0.09,0.91,0.0,0.21823490853205144
39633293712295387,0.0,0.91,0.09,0.0,0.21823490853205144
39633300951665297,0.0,1.0,0.0,0.0,-0.0
39633282685471188,0.0,0.17,0.83,0.0,0.32885238937210975
39633300968442068,0.0,0.04,0.95,0.01,0.16124668093016215
39633263865628206,0.0,0.05,0.95,0.0,0.14319847855797813
39633282685469669,0.0,0.31,0.69,0.0,0.4465867291889284
39633282685469501,0.0,0.94,0.06,0.0,0.16372245957723813
39633282685469466,0.0,0.49,0.51,0.0,0.49985572087640495
39633282698052649,0.0,0.03,0.96,0.01,0.13737165703039006
39633263869823406,0.0,0.94,0.06,0.0,0.16372245957723813
39633282668694479,0.0,0.5,0.5,0.0,0.5
39633293695520151,0.0,0.47,0.53,0.0,0.4987007942838698
39633271465708970,0.0,0.0,0.95,0.05,0.14319847855797813
39633293733266895,0.0,0.13,0.87,0.0,0.2787190925139945
39633282672889390,0.0,0.72,0.28,0.0,0.4277254052800653
39633290038087139,0.0,0.19,0.81,0.0,0.3507357299419487
39633282677080562,0.0,0.13,0.87,0.0,0.2787190925139945
39633290067445677,0.0,0.96,0.04,0.0,0.12114609454120741
39633297348757160,0.0,0.52,0.48,0.0,0.4994227679976009
39633282672889327,0.0,0.01,0.99,0.0,0.04039656794795559
39633300985218475,0.0,0.01,0.99,0.0,0.04039656794795559
39633263869823680,0.0,0.65,0.35,0.0,0.4670340276877455
39633297348757230,0.0,0.84,0.16,0.0,0.3171547773202831
39633263869823619,0.0,0.58,0.42,0.0,0.49072694751682683
39633304567155675,0.0,0.4,0.6,0.0,0.4854752972273343
39633271444736974,0.0,0.19,0.81,0.0,0.3507357299419487
39633271448930707,0.0,0.91,0.09,0.0,0.21823490853205144
39633293724877187,0.0,0.96,0.04,0.0,0.12114609454120741
39633282656110049,0.0,0.79,0.21,0.0,0.37074136996563684
39633297365534594,0.0,0.09,0.91,0.0,0.21823490853205144
39633297365534640,0.0,0.35,0.65,0.0,0.4670340276877455
39633300951664718,0.0,1.0,0.0,0.0,-0.0
39633290029697587,0.0,0.55,0.45,0.0,0.49638722699390414
39633282656109927,0.0,0.05,0.95,0.0,0.14319847855797813
39633300951665006,0.0,0.93,0.07,0.0,0.18296182545011158
39633278935763776,0.0,0.02,0.98,0.0,0.07072027127091034
39633282656109823,0.0,0.1,0.9,0.0,0.2344977967946406
39633290046473029,0.0,0.17,0.83,0.0,0.32885238937210975
39633293724876946,0.0,0.16,0.84,0.0,0.3171547773202831
39633290046472992,0.0,0.34,0.66,0.0,0.46240935248651505
39633286389042239,0.0,0.25,0.75,0.0,0.4056390622295664
39633271440542090,0.0,0.03,0.97,0.0,0.0971959289157881
39633286363875214,0.0,0.0,1.0,0.0,-0.0
39633286359682389,0.0,0.21,0.79,0.0,0.37074136996563684
39633286359682425,0.0,0.49,0.51,0.0,0.49985572087640495
39633271444737697,0.0,0.02,0.98,0.0,0.07072027127091034
39633271448930754,0.0,0.84,0.16,0.0,0.3171547773202831
39633282656111032,0.0,0.0,0.99,0.01,0.04039656794795559
39633290046473373,0.0,0.97,0.03,0.0,0.0971959289157881
39633297365533319,0.0,0.88,0.12,0.0,0.2646804326436822
39633267674055644,0.0,0.4,0.6,0.0,0.4854752972273343
39633297365533423,0.0,0.02,0.96,0.02,0.14114609454120738
39633297365533528,0.0,0.48,0.52,0.0,0.4994227679976009
39633293720683109,0.0,0.19,0.81,0.0,0.3507357299419487
39633282656108642,0.01,0.98,0.01,0.0,0.08072027127091033
39633282656110371,0.0,0.56,0.44,0.0,0.4947937606110278
39633286389039446,0.0,0.15,0.85,0.0,0.3049201523582002
39633271444737080,0.0,0.06,0.94,0.0,0.16372245957723813
39633297365534005,0.0,0.39,0.61,0.0,0.4823997742525436
39633304571347925,0.0,0.79,0.21,0.0,0.37074136996563684
39633271448930912,0.0,0.67,0.33,0.0,0.4574631863898637
39633278969319138,0.0,0.19,0.81,0.0,0.3507357299419487
39633300951665389,0.0,0.86,0.14,0.0,0.292119405821428
39633278952540120,0.0,0.01,0.95,0.04,0.16124668093016215
39633278952541259,0.0,0.34,0.66,0.0,0.46240935248651505
39633290038087259,0.0,0.55,0.45,0.0,0.49638722699390414
39633271436347923,0.0,0.16,0.84,0.0,0.3171547773202831
39633282651914739,0.0,0.68,0.32,0.0,0.45219072886224687
39633297348756799,0.0,0.46,0.54,0.0,0.49768921941011285
39633300985218155,0.0,1.0,0.0,0.0,-0.0
39633282651914677,0.0,0.8,0.2,0.0,0.36096404744368116
39633275227997059,0.0,0.25,0.75,0.0,0.4056390622295664
39633290033890694,0.0,0.39,0.61,0.0,0.4823997742525436
39633297348756979,0.0,0.25,0.75,0.0,0.4056390622295664
39633278956734128,0.0,0.08,0.92,0.0,0.2010895951011364
39633286363875753,0.0,0.35,0.65,0.0,0.4670340276877455
39633278956734261,0.0,0.28,0.72,0.0,0.4277254052800653
39633290046474783,0.0,0.12,0.88,0.0,0.2646804326436822
39633290046474780,0.0,0.25,0.75,0.0,0.4056390622295664
39633286393235227,0.0,0.85,0.15,0.0,0.3049201523582002
39633290046474747,0.0,0.25,0.75,0.0,0.4056390622295664
39633290046474630,0.0,0.07,0.92,0.01,0.22283217282912027
39633300985218274,0.0,0.51,0.49,0.0,0.49985572087640495
39633282656108640,0.0,0.21,0.79,0.0,0.37074136996563684
39633300955857643,0.0,1.0,0.0,0.0,-0.0
39633271448930775,0.0,0.79,0.21,0.0,0.37074136996563684
39633282656108589,0.0,0.07,0.92,0.01,0.22283217282912027
39633282651917895,0.0,0.18,0.82,0.0,0.34003852286413994
39633290046474220,0.0,0.6,0.4,0.0,0.4854752972273343
39633286389039220,0.0,0.27,0.72,0.01,0.45884528157606164
39633290046474723,0.0,0.02,0.98,0.0,0.07072027127091034
39633300951665773,0.0,0.8,0.2,0.0,0.36096404744368116
39633286384847875,0.0,0.19,0.81,0.0,0.3507357299419487
39633286384847822,0.0,0.18,0.82,0.0,0.34003852286413994
39633286368067962,0.0,0.59,0.41,0.0,0.488250234378912
39633278952538935,0.0,0.66,0.34,0.0,0.46240935248651505
39633300951665888,0.0,0.87,0.13,0.0,0.2787190925139945
39633297352951611,0.0,0.79,0.21,0.0,0.37074136996563684
39633271436349192,0.0,0.16,0.84,0.0,0.3171547773202831
39633286368067814,0.0,0.0,1.0,0.0,-0.0
39633286389042203,0.0,0.8,0.2,0.0,0.36096404744368116
39633278960929478,0.0,0.47,0.53,0.0,0.4987007942838698
39633278960928565,0.0,0.01,0.99,0.0,0.04039656794795559
39633278948346021,0.0,0.14,0.86,0.0,0.292119405821428
39633293699711734,0.0,0.25,0.75,0.0,0.4056390622295664
39633275211220065,0.0,0.26,0.74,0.0,0.4133731862463089
39633282656111363,0.0,0.3,0.7,0.0,0.44064544961534635
39633271453124652,0.0,0.09,0.91,0.0,0.21823490853205144
39633271453124692,0.0,0.0,0.81,0.19,0.3507357299419487
39633282656111347,0.0,0.85,0.15,0.0,0.3049201523582002
39633290071639661,0.0,0.01,0.98,0.01,0.08072027127091033
39633300972636283,0.0,0.99,0.01,0.0,0.04039656794795559
39633282677082161,0.0,0.87,0.13,0.0,0.2787190925139945
39633300960053924,0.0,0.22,0.78,0.0,0.38008375148098283
39633282681275303,0.0,0.67,0.33,0.0,0.4574631863898637
39633300964246836,0.0,0.1,0.9,0.0,0.2344977967946406
39633271465707659,0.0,0.59,0.41,0.0,0.488250234378912
39633271465707646,0.0,0.68,0.32,0.0,0.45219072886224687
39633271465707552,0.0,0.03,0.96,0.01,0.13737165703039006
39633271465707509,0.0,0.45,0.55,0.0,0.49638722699390414
39633271465707390,0.0,0.66,0.34,0.0,0.46240935248651505
39633282685469036,0.0,0.0,0.97,0.03,0.0971959289157881
39633271465707033,0.0,0.24,0.76,0.0,0.39752013969226113
39633271465706977,0.0,0.92,0.08,0.0,0.2010895951011364
39633300964248305,0.01,0.6,0.39,0.0,0.5192074835266683
39633282685469370,0.0,0.71,0.29,0.0,0.43436062316970225
39633271465708246,0.0,0.05,0.88,0.07,0.3234725580427514
39633275190250205,0.0,0.01,0.99,0.0,0.04039656794795559
39633290067445171,0.0,0.85,0.15,0.0,0.3049201523582002
39633304554570455,0.0,0.47,0.53,0.0,0.4987007942838698
39633304554570119,0.0,0.85,0.15,0.0,0.3049201523582002
39633304554570115,0.0,0.75,0.25,0.0,0.4056390622295664
39633293733265516,0.0,0.35,0.65,0.0,0.4670340276877455
39633300976830085,0.0,0.0,0.97,0.03,0.0971959289157881
39633267657279945,0.0,0.47,0.53,0.0,0.4987007942838698
39633293733265525,0.0,0.69,0.31,0.0,0.4465867291889284
39633282668695060,0.0,0.64,0.36,0.0,0.4713415946277461
39633267657278820,0.0,0.04,0.95,0.01,0.16124668093016215
39633293695520042,0.0,0.0,1.0,0.0,-0.0
39633271465709182,0.0,0.21,0.79,0.0,0.37074136996563684
39633271465709136,0.0,0.14,0.86,0.0,0.292119405821428
39633290071638166,0.0,0.81,0.19,0.0,0.3507357299419487
39633300976829426,0.0,0.37,0.63,0.0,0.47533604634353294
39633286351293820,0.0,0.01,0.99,0.0,0.04039656794795559
39633271465706700,0.0,0.5,0.5,0.0,0.5
39633282685471806,0.0,0.05,0.95,0.0,0.14319847855797813
39633300964248976,0.0,0.25,0.75,0.0,0.4056390622295664
39633282693860022,0.0,0.8,0.2,0.0,0.36096404744368116
39633282685472059,0.0,0.21,0.79,0.0,0.37074136996563684
39633282693859865,0.0,0.07,0.93,0.0,0.18296182545011158
39633282689663078,0.0,0.43,0.57,0.0,0.4929075185894599
39633271457317360,0.0,0.12,0.88,0.0,0.2646804326436822
39633271461512187,0.0,0.77,0.23,0.0,0.38900565177326885
39633271461511848,0.0,0.6,0.4,0.0,0.4854752972273343
39633282693858575,0.0,0.54,0.46,0.0,0.49768921941011285
39633271457318063,0.0,0.54,0.46,0.0,0.49768921941011285
39633271457318172,0.0,0.36,0.64,0.0,0.4713415946277461
39633282689665358,0.0,0.66,0.34,0.0,0.46240935248651505
39633282689665719,0.0,0.55,0.45,0.0,0.49638722699390414
39633282689665771,0.0,0.37,0.63,0.0,0.47533604634353294
39633282689665961,0.0,0.67,0.33,0.0,0.4574631863898637
39633282689666793,0.0,0.65,0.35,0.0,0.4670340276877455
39633282685471719,0.0,0.03,0.97,0.0,0.0971959289157881
39633282693860544,0.0,0.6,0.4,0.0,0.4854752972273343
39633282685471557,0.0,0.16,0.84,0.0,0.3171547773202831
39633300964248630,0.0,0.54,0.46,0.0,0.49768921941011285
39633282685470075,0.0,0.94,0.06,0.0,0.16372245957723813
39633282685470107,0.0,0.59,0.41,0.0,0.488250234378912
39633300964248642,0.0,0.26,0.73,0.01,0.4515849675378141
39633282685470273,0.04,0.93,0.03,0.0,0.2174448102113104
39633282685470339,0.0,0.72,0.28,0.0,0.4277254052800653
39633282685470400,0.0,0.47,0.53,0.0,0.4987007942838698
39633300964248705,0.0,0.14,0.86,0.0,0.292119405821428
39633300964248725,0.0,0.34,0.66,0.0,0.46240935248651505
39633271461514440,0.0,0.97,0.03,0.0,0.0971959289157881
39633271461514384,0.0,0.14,0.86,0.0,0.292119405821428
39633297357146641,0.0,0.7,0.3,0.0,0.44064544961534635
39633300968441754,0.0,0.16,0.84,0.0,0.3171547773202831
39633300968441745,0.0,0.82,0.18,0.0,0.34003852286413994
39633282685471506,0.0,0.72,0.28,0.0,0.4277254052800653
39633300968441737,0.0,0.7,0.3,0.0,0.44064544961534635
39633300968441675,0.0,0.92,0.08,0.0,0.2010895951011364
39633300968441651,0.0,0.18,0.82,0.0,0.34003852286413994
39633282685471556,0.0,0.76,0.24,0.0,0.39752013969226113
39633300968441628,0.0,0.4,0.6,0.0,0.4854752972273343
39633300968441799,0.0,0.02,0.97,0.01,0.11097036642660543
39633286389041815,0.0,0.27,0.73,0.0,0.42073231810408784
39633275207026398,0.0,0.0,1.0,0.0,-0.0
39633293699711768,0.0,0.9,0.1,0.0,0.2344977967946406
39633275211220132,0.0,0.02,0.98,0.0,0.07072027127091034
39633304562960773,0.0,0.13,0.87,0.0,0.2787190925139945
39633304562960786,0.0,0.82,0.18,0.0,0.34003852286413994
39633297361341145,0.0,0.77,0.23,0.0,0.38900565177326885
39633286359680369,0.0,0.06,0.94,0.0,0.16372245957723813
39633282664498024,0.0,0.04,0.96,0.0,0.12114609454120741
39633282656112152,0.0,0.09,0.91,0.0,0.21823490853205144
39633275215414133,0.0,0.63,0.37,0.0,0.47533604634353294
39633275215414192,0.0,0.45,0.55,0.0,0.49638722699390414
39633275202830997,0.0,0.77,0.23,0.0,0.38900565177326885
39633282664498121,0.0,0.05,0.95,0.0,0.14319847855797813
39633275202830658,0.0,0.89,0.11,0.0,0.249957979082264
39633304562960474,0.0,0.35,0.65,0.0,0.4670340276877455
39633275211219968,0.0,0.06,0.93,0.01,0.20367037270049304
39633297361339366,0.0,0.04,0.96,0.0,0.12114609454120741
39633297361339487,0.0,0.0,0.99,0.01,0.04039656794795559
39633275207027946,0.0,0.45,0.55,0.0,0.49638722699390414
39633297361338454,0.0,0.33,0.67,0.0,0.4574631863898637
39633275207028486,0.0,0.0,0.98,0.02,0.07072027127091034
39633286363876793,0.0,0.26,0.74,0.0,0.4133731862463089
39633304562960002,0.0,1.0,0.0,0.0,-0.0
39633286368067643,0.0,0.51,0.49,0.0,0.49985572087640495
39633275211219686,0.0,0.0,1.0,0.0,-0.0
39633275211219813,0.0,0.36,0.64,0.0,0.4713415946277461
39633275211219828,0.0,0.6,0.4,0.0,0.4854752972273343
39633275211218984,0.0,0.47,0.53,0.0,0.4987007942838698
39633275202830616,0.0,0.43,0.57,0.0,0.4929075185894599
39633297357146890,0.0,0.01,0.99,0.0,0.04039656794795559
39633304558764812,0.0,0.42,0.58,0.0,0.49072694751682683
39633282656111586,0.0,0.47,0.53,0.0,0.4987007942838698
39633282656111421,0.0,0.76,0.24,0.0,0.39752013969226113
39633275202830574,0.0,0.63,0.37,0.0,0.47533604634353294
39633267665667860,0.0,0.64,0.36,0.0,0.4713415946277461
39633282656111978,0.0,0.16,0.84,0.0,0.3171547773202831
39633267665667962,0.0,0.03,0.97,0.0,0.0971959289157881
39633267665667879,0.0,0.28,0.72,0.0,0.4277254052800653
39633275219608284,0.0,0.75,0.25,0.0,0.4056390622295664
39633300955858030,0.0,0.48,0.52,0.0,0.4994227679976009
39633278973511539,0.0,0.0,1.0,0.0,-0.0
39633300955858052,0.0,0.31,0.69,0.0,0.4465867291889284
39633271436347989,0.0,0.0,0.94,0.06,0.16372245957723813
39633286359681554,0.0,0.96,0.04,0.0,0.12114609454120741
39633275198636221,0.0,0.37,0.63,0.0,0.47533604634353294
39633297336176250,0.0,0.0,0.75,0.25,0.4056390622295664
39633275207028352,0.0,0.15,0.85,0.0,0.3049201523582002
39633275207028458,0.0,0.23,0.77,0.0,0.38900565177326885
39633293712294988,0.0,0.68,0.32,0.0,0.45219072886224687
39633286389041324,0.0,0.1,0.9,0.0,0.2344977967946406
39633290029698390,0.0,0.95,0.05,0.0,0.14319847855797813
39633300951665847,0.0,0.51,0.49,0.0,0.49985572087640495
39633293733266333,0.0,1.0,0.0,0.0,-0.0
39633282647722350,0.0,0.91,0.09,0.0,0.21823490853205144
39633278969317044,0.0,1.0,0.0,0.0,-0.0
39633282685471241,0.0,0.54,0.46,0.0,0.49768921941011285
39633293695519861,0.0,0.35,0.65,0.0,0.4670340276877455
39633286397428133,0.0,0.62,0.38,0.0,0.47902101111314976
39633271444737241,0.0,0.18,0.82,0.0,0.34003852286413994
39633293712294697,0.0,0.03,0.97,0.0,0.0971959289157881
39633300976829563,0.0,0.53,0.47,0.0,0.4987007942838698
39633271444736620,0.0,0.88,0.12,0.0,0.2646804326436822
39633271461512342,0.0,0.8,0.2,0.0,0.36096404744368116
39633271461512365,0.0,0.46,0.54,0.0,0.49768921941011285
39633304554570030,0.0,0.47,0.53,0.0,0.4987007942838698
39633271444737165,0.0,0.37,0.63,0.0,0.47533604634353294
39633290042281026,0.0,0.27,0.73,0.0,0.42073231810408784
39633293720683072,0.0,0.17,0.83,0.0,0.32885238937210975
39633278927372665,0.0,0.19,0.81,0.0,0.3507357299419487
39633282656110250,0.0,0.35,0.65,0.0,0.4670340276877455
39633290038083616,0.0,0.75,0.25,0.0,0.4056390622295664
39633293699712516,0.0,0.21,0.79,0.0,0.37074136996563684
39633282681275286,0.0,0.77,0.23,0.0,0.38900565177326885
39633293703905811,0.0,0.14,0.86,0.0,0.292119405821428
39633263865628895,0.0,0.76,0.24,0.0,0.39752013969226113
39633300968441880,0.0,0.55,0.45,0.0,0.49638722699390414
39633293699712468,0.0,0.02,0.97,0.01,0.11097036642660543
39633271465709391,0.0,0.71,0.29,0.0,0.43436062316970225
39633297369729346,0.0,0.33,0.67,0.0,0.4574631863898637
39633271461514189,0.0,0.72,0.28,0.0,0.4277254052800653
39633293699713127,0.0,0.02,0.98,0.0,0.07072027127091034
39633293699712434,0.0,0.09,0.91,0.0,0.21823490853205144
39633290054861364,0.0,0.12,0.88,0.0,0.2646804326436822
39633271461514198,0.0,0.67,0.33,0.0,0.4574631863898637
39633271461514111,0.0,0.94,0.06,0.0,0.16372245957723813
39633278927374272,0.0,0.95,0.05,0.0,0.14319847855797813
39633293703906456,0.0,0.21,0.79,0.0,0.37074136996563684
39633293703906487,0.0,0.11,0.89,0.0,0.249957979082264
39633275190249339,0.0,0.58,0.42,0.0,0.49072694751682683
39633278939955822,0.0,0.28,0.72,0.0,0.4277254052800653
39633267674055720,0.0,0.24,0.76,0.0,0.39752013969226113
39633290075834216,0.0,0.27,0.73,0.0,0.42073231810408784
39633278931566858,0.0,0.49,0.51,0.0,0.49985572087640495
39633267674055919,0.0,0.06,0.94,0.0,0.16372245957723813
39633278935762823,0.0,0.52,0.48,0.0,0.4994227679976009
39633293699713175,0.0,0.2,0.8,0.0,0.36096404744368116
39633300985220025,0.0,0.83,0.17,0.0,0.32885238937210975
39633278944150020,0.0,0.68,0.32,0.0,0.45219072886224687
39633267674056284,0.01,0.98,0.01,0.0,0.08072027127091033
39633282685470122,0.0,0.01,0.99,0.0,0.04039656794795559
39633267674056838,0.0,0.67,0.33,0.0,0.4574631863898637
39633278935762594,0.0,0.54,0.46,0.0,0.49768921941011285
39633275194444083,0.0,0.05,0.95,0.0,0.14319847855797813
39633275227997966,0.0,0.25,0.75,0.0,0.4056390622295664
39633300960054012,0.0,0.46,0.54,0.0,0.49768921941011285
39633293703905635,0.0,0.09,0.91,0.0,0.21823490853205144
39633282677080919,0.0,0.6,0.4,0.0,0.4854752972273343
39633282677080850,0.0,0.19,0.81,0.0,0.3507357299419487
39633278960927885,0.0,0.29,0.71,0.0,0.43436062316970225
39633286389042365,0.0,0.06,0.94,0.0,0.16372245957723813
39633275202831308,0.0,0.22,0.78,0.0,0.38008375148098283
39633275202831260,0.0,1.0,0.0,0.0,-0.0
39633286351292670,0.0,0.21,0.79,0.0,0.37074136996563684
39633297348755568,0.0,0.69,0.31,0.0,0.4465867291889284
39633290071639020,0.0,0.32,0.68,0.0,0.45219072886224687
39633278960928862,0.0,0.74,0.26,0.0,0.4133731862463089
39633271453123872,0.0,0.08,0.92,0.0,0.2010895951011364
39633271453123856,0.0,0.83,0.17,0.0,0.32885238937210975
39633286351293811,0.0,0.97,0.03,0.0,0.0971959289157881
39633290046474240,0.0,0.88,0.12,0.0,0.2646804326436822
39633290046474412,0.0,0.58,0.42,0.0,0.49072694751682683
39633278969318517,0.0,0.26,0.74,0.0,0.4133731862463089
39633290046473663,0.0,0.99,0.01,0.0,0.04039656794795559
39633290067445464,0.01,0.99,0.0,0.0,0.04039656794795559
39633290046473532,0.0,0.97,0.03,0.0,0.0971959289157881
39633286389042263,0.0,0.14,0.86,0.0,0.292119405821428
39633286389041149,0.0,0.07,0.93,0.0,0.18296182545011158
39633293699714626,0.0,0.69,0.31,0.0,0.4465867291889284
39633282672885801,0.0,0.24,0.76,0.0,0.39752013969226113
39633275227998098,0.0,0.19,0.81,0.0,0.3507357299419487
39633290046473359,0.0,0.4,0.6,0.0,0.4854752972273343
39633286351292315,0.0,0.12,0.88,0.0,0.2646804326436822
39633278956734044,0.0,0.7,0.3,0.0,0.44064544961534635
39633297336173111,0.0,0.82,0.18,0.0,0.34003852286413994
39633290033892439,0.0,0.06,0.94,0.0,0.16372245957723813
39633290033892423,0.0,0.9,0.1,0.0,0.2344977967946406
39633290033892419,0.0,0.12,0.88,0.0,0.2646804326436822
39633290033892979,0.0,0.0,0.93,0.07,0.18296182545011158
39633271436348565,0.0,0.78,0.22,0.0,0.38008375148098283
39633293695519159,0.0,0.83,0.17,0.0,0.32885238937210975
39633282660304687,0.0,0.29,0.71,0.0,0.43436062316970225
39633275211220389,0.0,0.19,0.81,0.0,0.3507357299419487
39633282660304975,0.0,0.48,0.52,0.0,0.4994227679976009
39633293699713387,0.0,0.02,0.98,0.0,0.07072027127091034
39633286368070801,0.0,0.65,0.35,0.0,0.4670340276877455
39633275207028110,0.0,0.06,0.93,0.01,0.20367037270049304
39633275211220347,0.0,0.99,0.01,0.0,0.04039656794795559
39633297331981705,0.0,0.89,0.11,0.0,0.249957979082264
39633282660304885,0.0,0.3,0.7,0.0,0.44064544961534635
39633275207028351,0.0,0.24,0.76,0.0,0.39752013969226113
39633286376458914,0.0,0.86,0.14,0.0,0.292119405821428
39633275207028475,0.0,0.01,0.99,0.0,0.04039656794795559
39633267674056213,0.0,0.26,0.74,0.0,0.4133731862463089
39633297352952318,0.01,0.94,0.05,0.0,0.1832231322266888
39633293699713610,0.0,0.31,0.69,0.0,0.4465867291889284
39633300951664172,0.0,0.52,0.48,0.0,0.4994227679976009
39633278944150476,0.0,0.48,0.52,0.0,0.4994227679976009
39633304554570531,0.0,0.52,0.48,0.0,0.4994227679976009
39633263865626906,0.0,0.08,0.91,0.01,0.24088153359695552
39633297340367667,0.0,0.01,0.99,0.0,0.04039656794795559
39633297340367645,0.0,0.13,0.87,0.0,0.2787190925139945
39633263865628600,0.0,0.09,0.91,0.0,0.21823490853205144
39633293695520277,0.0,0.86,0.14,0.0,0.292119405821428
39633275211221891,0.0,0.0,0.93,0.07,0.18296182545011158
39633297336174572,0.0,0.56,0.44,0.0,0.4947937606110278
39633278944150187,0.0,0.18,0.82,0.0,0.34003852286413994
39633300951664198,0.0,0.77,0.23,0.0,0.38900565177326885
39633290029697014,0.0,0.8,0.2,0.0,0.36096404744368116
39633278948346637,0.0,0.99,0.01,0.0,0.04039656794795559
39633300951664262,0.0,0.98,0.02,0.0,0.07072027127091034
39633263865628640,0.0,0.29,0.71,0.0,0.43436062316970225
39633293720684119,0.0,0.51,0.49,0.0,0.49985572087640495
39633278927375657,0.0,0.26,0.74,0.0,0.4133731862463089
39633278969319174,0.0,1.0,0.0,0.0,-0.0
39633293703906875,0.0,0.57,0.43,0.0,0.4929075185894599
39633290046472869,0.0,0.41,0.59,0.0,0.488250234378912
39633290046472397,0.0,0.13,0.87,0.0,0.2787190925139945
39633282693858527,0.0,0.56,0.44,0.0,0.4947937606110278
39633278931567184,0.0,0.92,0.08,0.0,0.2010895951011364
39633271465706848,0.0,1.0,0.0,0.0,-0.0
39633286355488524,0.0,0.1,0.9,0.0,0.2344977967946406
39633278944150107,0.0,0.9,0.1,0.0,0.2344977967946406
39633293703907024,0.0,0.85,0.15,0.0,0.3049201523582002
39633271465706914,0.0,0.81,0.19,0.0,0.3507357299419487
39633278927375779,0.0,0.07,0.91,0.02,0.2526241113249394
39633271465707439,0.0,0.9,0.1,0.0,0.2344977967946406
39633282660304679,0.0,0.26,0.74,0.0,0.4133731862463089
39633271444737576,0.0,0.74,0.26,0.0,0.4133731862463089
39633297340367678,0.0,0.52,0.48,0.0,0.4994227679976009
39633282677081423,0.0,0.45,0.55,0.0,0.49638722699390414
39633275227996845,0.0,0.59,0.41,0.0,0.488250234378912
39633275227996875,0.0,0.49,0.51,0.0,0.49985572087640495
39633293712295606,0.0,0.46,0.54,0.0,0.49768921941011285
39633286359680067,0.0,0.15,0.85,0.0,0.3049201523582002
39633275211220149,0.0,0.0,0.99,0.01,0.04039656794795559
39633271440540017,0.0,0.01,0.99,0.0,0.04039656794795559
39633290042279073,0.0,0.9,0.1,0.0,0.2344977967946406
39633271465707675,0.0,0.08,0.92,0.0,0.2010895951011364
39633271440539959,0.0,0.15,0.85,0.0,0.3049201523582002
39633290033890013,0.0,0.37,0.63,0.0,0.47533604634353294
39633290029696789,0.0,0.52,0.48,0.0,0.4994227679976009
39633286359680738,0.0,0.0,0.77,0.23,0.38900565177326885
39633282693860079,0.0,0.89,0.11,0.0,0.249957979082264
39633293716491606,0.0,0.49,0.51,0.0,0.49985572087640495
39633297340367480,0.0,0.41,0.59,0.0,0.488250234378912
39633286359679629,0.0,0.19,0.81,0.0,0.3507357299419487
39633282660306299,0.0,0.19,0.81,0.0,0.3507357299419487
39633271465707505,0.0,0.06,0.94,0.0,0.16372245957723813
39633286359679503,0.0,0.08,0.92,0.0,0.2010895951011364
39633271457317737,0.0,0.9,0.1,0.0,0.2344977967946406
39633282693858788,0.0,0.2,0.8,0.0,0.36096404744368116
39633282693859967,0.0,0.25,0.75,0.0,0.4056390622295664
39633271465707379,0.0,0.08,0.92,0.0,0.2010895951011364
39633308140702652,0.0,0.98,0.02,0.0,0.07072027127091034
39633300981025011,0.0,0.0,0.99,0.01,0.04039656794795559
39633304554569977,0.0,0.11,0.89,0.0,0.249957979082264
39633290075834425,0.0,0.98,0.02,0.0,0.07072027127091034
39633304554570039,0.0,0.46,0.54,0.0,0.49768921941011285
39633300960051375,0.0,0.5,0.5,0.0,0.5
39633300951665604,0.0,1.0,0.0,0.0,-0.0
39633300981025202,0.0,0.79,0.21,0.0,0.37074136996563684
39633293691325800,0.0,0.35,0.65,0.0,0.4670340276877455
39633286363875791,0.0,0.02,0.9,0.08,0.2705942015390087
39633300960051484,0.0,0.97,0.03,0.0,0.0971959289157881
39633300960051527,0.0,0.96,0.04,0.0,0.12114609454120741
39633300976830849,0.0,0.63,0.37,0.0,0.47533604634353294
39633300976830575,0.0,0.61,0.39,0.0,0.4823997742525436
39633297365533681,0.0,0.44,0.56,0.0,0.4947937606110278
39633300976829519,0.0,0.95,0.05,0.0,0.14319847855797813
39633300951665284,0.0,1.0,0.0,0.0,-0.0
39633300976830320,0.0,0.89,0.11,0.0,0.249957979082264
39633300976830313,0.0,0.22,0.78,0.0,0.38008375148098283
39633300960052884,0.0,0.58,0.42,0.0,0.49072694751682683
39633300976830255,0.0,0.07,0.93,0.0,0.18296182545011158
39633286393234794,0.0,0.43,0.57,0.0,0.4929075185894599
39633300951664614,0.0,0.15,0.85,0.0,0.3049201523582002
39633304550377798,0.0,0.96,0.04,0.0,0.12114609454120741
39633275211218989,0.0,0.31,0.69,0.0,0.4465867291889284
39633275207028513,0.0,0.79,0.21,0.0,0.37074136996563684
39633286384844965,0.0,0.81,0.19,0.0,0.3507357299419487
39633300951664966,0.0,0.0,1.0,0.0,-0.0
39633300951665073,0.0,0.97,0.03,0.0,0.0971959289157881
39633290029697759,0.0,0.95,0.05,0.0,0.14319847855797813
39633275211219733,0.0,0.02,0.98,0.0,0.07072027127091034
39633293712295011,0.0,0.25,0.75,0.0,0.4056390622295664
39633271465708302,0.0,0.01,0.95,0.04,0.16124668093016215
39633282647722310,0.0,0.78,0.22,0.0,0.38008375148098283
39633293691324782,0.0,0.79,0.21,0.0,0.37074136996563684
39633282647723512,0.0,0.92,0.08,0.0,0.2010895951011364
39633278939956967,0.0,0.0,1.0,0.0,-0.0
39633278927372658,0.0,0.07,0.93,0.0,0.18296182545011158
39633282647722892,0.0,0.48,0.52,0.0,0.4994227679976009
39633275211219437,0.0,0.58,0.42,0.0,0.49072694751682683
39633290029697680,0.0,0.22,0.78,0.0,0.38008375148098283
39633297357145886,0.0,0.59,0.41,0.0,0.488250234378912
39633300985217853,0.0,0.88,0.12,0.0,0.2646804326436822
39633297331979435,0.0,0.09,0.91,0.0,0.21823490853205144
39633275211219601,0.0,0.01,0.98,0.01,0.08072027127091033
39633275211219277,0.0,0.65,0.35,0.0,0.4670340276877455
39633275211219139,0.0,0.43,0.57,0.0,0.4929075185894599
39633290033890459,0.0,0.0,1.0,0.0,-0.0
39633271444737285,0.0,0.09,0.91,0.0,0.21823490853205144
39633282672887657,0.0,0.44,0.56,0.0,0.4947937606110278
39633304558766244,0.0,0.04,0.94,0.02,0.19127133459887283
39633286393235880,0.0,0.12,0.88,0.0,0.2646804326436822
39633275227997415,0.0,1.0,0.0,0.0,-0.0
39633293699711499,0.0,0.06,0.94,0.0,0.16372245957723813
39633290046472465,0.0,0.04,0.95,0.01,0.16124668093016215
39633293699713300,0.0,0.78,0.22,0.0,0.38008375148098283
39633290046472912,0.0,0.66,0.34,0.0,0.46240935248651505
39633293729074003,0.0,0.33,0.67,0.0,0.4574631863898637
39633297331981422,0.1,0.9,0.0,0.0,0.2344977967946406
39633275227997679,0.0,0.03,0.97,0.0,0.0971959289157881
39633300985217680,0.0,0.69,0.31,0.0,0.4465867291889284
39633297336173214,0.0,0.12,0.88,0.0,0.2646804326436822
39633290042281061,0.0,0.6,0.4,0.0,0.4854752972273343
39633275190249435,0.0,0.02,0.98,0.0,0.07072027127091034
39633290042281142,0.0,0.61,0.39,0.0,0.4823997742525436
39633267661473457,0.0,0.82,0.18,0.0,0.34003852286413994
39633293712297093,0.0,0.23,0.77,0.0,0.38900565177326885
39633263869820996,0.0,0.85,0.15,0.0,0.3049201523582002
39633271461513566,0.0,0.12,0.88,0.0,0.2646804326436822
39633297373922402,0.0,0.2,0.8,0.0,0.36096404744368116
39633293716488745,0.0,0.71,0.29,0.0,0.43436062316970225
39633297365534563,0.0,0.73,0.27,0.0,0.42073231810408784
39633275207024679,0.0,0.84,0.16,0.0,0.3171547773202831
39633271440539942,0.0,0.51,0.49,0.0,0.49985572087640495
39633286368067818,0.0,0.75,0.25,0.0,0.4056390622295664
39633275190249535,0.0,0.03,0.97,0.0,0.0971959289157881
39633275190249791,0.0,0.69,0.31,0.0,0.4465867291889284
39633271461513561,0.0,1.0,0.0,0.0,-0.0
39633300985218691,0.0,0.79,0.21,0.0,0.37074136996563684
39633282660306903,0.0,0.07,0.93,0.0,0.18296182545011158
39633282660306765,0.0,0.74,0.26,0.0,0.4133731862463089
39633286376458567,0.0,0.6,0.4,0.0,0.4854752972273343
39633275198638263,0.0,0.91,0.09,0.0,0.21823490853205144
39633282660306819,0.0,0.86,0.14,0.0,0.292119405821428
39633293695518772,0.0,0.63,0.37,0.0,0.47533604634353294
39633275198638272,0.0,0.81,0.19,0.0,0.3507357299419487
39633275198638284,0.0,0.01,0.99,0.0,0.04039656794795559
39633286380651634,0.0,0.04,0.96,0.0,0.12114609454120741
39633304558764163,0.0,0.73,0.27,0.0,0.42073231810408784
39633297352951527,0.0,0.35,0.65,0.0,0.4670340276877455
39633286351293179,0.0,0.65,0.35,0.0,0.4670340276877455
39633271440540331,0.0,0.73,0.27,0.0,0.42073231810408784
39633286351292060,0.0,0.32,0.68,0.0,0.45219072886224687
39633286389039200,0.0,1.0,0.0,0.0,-0.0
39633282651917918,0.0,0.59,0.41,0.0,0.488250234378912
39633286380651618,0.0,0.03,0.97,0.0,0.0971959289157881
39633308144896539,0.0,0.01,0.99,0.0,0.04039656794795559
39633282685469056,0.0,0.02,0.96,0.02,0.14114609454120738
39633300955857623,0.0,0.05,0.95,0.0,0.14319847855797813
39633293695516865,0.0,0.92,0.08,0.0,0.2010895951011364
39633293695516932,0.0,0.11,0.89,0.0,0.249957979082264
39633286372262224,0.0,0.86,0.14,0.0,0.292119405821428
39633293695516950,0.0,0.33,0.67,0.0,0.4574631863898637
39633286368067788,0.0,0.03,0.97,0.0,0.0971959289157881
39633286359680700,0.0,0.73,0.27,0.0,0.42073231810408784
39633286384845309,0.0,0.87,0.13,0.0,0.2787190925139945
39633282668694797,0.0,0.89,0.11,0.0,0.249957979082264
39633308144894369,0.0,0.03,0.97,0.0,0.0971959289157881
39633286389039433,0.0,0.22,0.78,0.0,0.38008375148098283
39633286376458565,0.0,0.54,0.46,0.0,0.49768921941011285
39633297369728959,0.0,0.02,0.98,0.0,0.07072027127091034
39633297369729570,0.0,0.0,1.0,0.0,-0.0
39633286376458501,0.0,0.72,0.28,0.0,0.4277254052800653
39633293720685523,0.0,0.05,0.95,0.0,0.14319847855797813
39633275211219316,0.0,0.35,0.65,0.0,0.4670340276877455
39633290067446276,0.0,0.81,0.19,0.0,0.3507357299419487
39633286384845135,0.0,0.0,1.0,0.0,-0.0
39633282693860262,0.0,0.89,0.11,0.0,0.249957979082264
39633286368069175,0.0,0.0,0.99,0.01,0.04039656794795559
39633286393235878,0.0,0.88,0.12,0.0,0.2646804326436822
39633271465709395,0.0,0.0,0.89,0.11,0.249957979082264
39633297352950995,0.0,0.01,0.99,0.0,0.04039656794795559
39633286380653806,0.0,0.52,0.48,0.0,0.4994227679976009
39633271436348877,0.0,0.51,0.49,0.0,0.49985572087640495
39633282681277237,0.0,0.01,0.95,0.04,0.16124668093016215
39633286384844853,0.0,0.58,0.42,0.0,0.49072694751682683
39633297369729803,0.0,0.81,0.19,0.0,0.3507357299419487
39633293695519783,0.0,0.56,0.44,0.0,0.4947937606110278
39633290075833803,0.0,0.08,0.92,0.0,0.2010895951011364
39633293712294592,0.0,0.23,0.77,0.0,0.38900565177326885
39633286397428234,0.0,0.92,0.08,0.0,0.2010895951011364
39633286359681410,0.0,0.86,0.14,0.0,0.292119405821428
39633286397428103,0.0,0.5,0.5,0.0,0.5
39633278952540806,0.0,0.02,0.98,0.0,0.07072027127091034
39633282681275207,0.0,0.21,0.79,0.0,0.37074136996563684
39633282681274846,0.01,0.99,0.0,0.0,0.04039656794795559
39633297344561823,0.0,0.79,0.21,0.0,0.37074136996563684
39633290033892512,0.0,0.02,0.98,0.0,0.07072027127091034
39633304571348612,0.0,0.39,0.61,0.0,0.4823997742525436
39633300960053553,0.0,0.94,0.06,0.0,0.16372245957723813
39633290071640251,0.0,0.0,1.0,0.0,-0.0
39633290075833977,0.0,0.88,0.12,0.0,0.2646804326436822
39633278952540482,0.0,0.12,0.88,0.0,0.2646804326436822
39633290071640219,0.0,0.49,0.51,0.0,0.49985572087640495
39633290075834126,0.0,0.33,0.67,0.0,0.4574631863898637
39633293695518405,0.0,0.49,0.51,0.0,0.49985572087640495
39633286380651015,0.0,0.9,0.1,0.0,0.2344977967946406
39633297336174500,0.0,0.05,0.94,0.01,0.1832231322266888
39633300976831843,0.0,0.56,0.44,0.0,0.4947937606110278
39633286351292052,0.0,0.0,1.0,0.0,-0.0
39633293699711901,0.0,0.34,0.66,0.0,0.46240935248651505
39633286351292030,0.0,0.34,0.66,0.0,0.46240935248651505
39633278948346408,0.0,0.12,0.88,0.0,0.2646804326436822
39633282677081908,0.0,0.21,0.79,0.0,0.37074136996563684
39633282677081307,0.0,0.04,0.96,0.0,0.12114609454120741
39633278948346464,0.0,0.68,0.32,0.0,0.45219072886224687
39633278944152370,0.0,0.24,0.76,0.0,0.39752013969226113
39633282660304758,0.0,0.24,0.76,0.0,0.39752013969226113
39633275198638670,0.0,0.37,0.63,0.0,0.47533604634353294
39633300951664182,0.0,0.25,0.75,0.0,0.4056390622295664
39633308144896438,0.0,0.82,0.18,0.0,0.34003852286413994
39633290042279004,0.0,0.1,0.9,0.0,0.2344977967946406
39633286359682507,0.0,0.18,0.82,0.0,0.34003852286413994
39633282677081816,0.0,0.54,0.46,0.0,0.49768921941011285
39633286393235160,0.0,0.15,0.85,0.0,0.3049201523582002
39633300976830652,0.0,0.13,0.87,0.0,0.2787190925139945
39633293699712051,0.0,0.38,0.62,0.0,0.47902101111314976
39633293691325081,0.0,0.45,0.55,0.0,0.49638722699390414
39633293720683982,0.0,0.0,0.92,0.08,0.2010895951011364
39633286359682639,0.0,0.7,0.3,0.0,0.44064544961534635
39633293720683959,0.0,0.72,0.28,0.0,0.4277254052800653
39633293691325072,0.0,0.79,0.21,0.0,0.37074136996563684
39633300951664900,0.01,0.97,0.02,0.0,0.11097036642660543
39633282677081662,0.0,0.97,0.03,0.0,0.0971959289157881
39633300985218085,0.0,0.01,0.99,0.0,0.04039656794795559
39633263865627897,0.0,0.49,0.51,0.0,0.49985572087640495
39633263865628085,0.0,0.53,0.47,0.0,0.4987007942838698
39633286376457158,0.0,0.61,0.39,0.0,0.4823997742525436
39633300964248138,0.0,0.0,1.0,0.0,-0.0
39633267678250616,0.0,0.09,0.9,0.01,0.2579475764741046
39633267678250768,0.0,0.92,0.08,0.0,0.2010895951011364
39633300985219391,0.0,0.58,0.42,0.0,0.49072694751682683
39633263865626777,0.0,0.75,0.25,0.0,0.4056390622295664
39633286359680610,0.0,0.16,0.84,0.0,0.3171547773202831
39633300951664982,0.0,0.59,0.41,0.0,0.488250234378912
39633278931568228,0.0,0.47,0.53,0.0,0.4987007942838698
39633297348757462,0.0,0.96,0.04,0.0,0.12114609454120741
39633290046474973,0.0,0.07,0.93,0.0,0.18296182545011158
39633297348757200,0.0,0.0,1.0,0.0,-0.0
39633290046474962,0.0,0.05,0.95,0.0,0.14319847855797813
39633267678252731,0.0,0.04,0.96,0.0,0.12114609454120741
39633278952540313,0.0,0.08,0.92,0.0,0.2010895951011364
39633290071639049,0.0,0.0,1.0,0.0,-0.0
39633267682443502,0.0,0.45,0.55,0.0,0.49638722699390414
39633282685471813,0.0,0.68,0.32,0.0,0.45219072886224687
39633278952540304,0.0,0.29,0.71,0.0,0.43436062316970225
39633278952540210,0.0,0.36,0.64,0.0,0.4713415946277461
39633282685471603,0.0,0.53,0.47,0.0,0.4987007942838698
39633275202830818,0.0,0.39,0.61,0.0,0.4823997742525436
39633267657279903,0.0,0.49,0.51,0.0,0.49985572087640495
39633300985218208,0.0,0.82,0.18,0.0,0.34003852286413994
39633290071639089,0.0,0.08,0.92,0.0,0.2010895951011364
39633304558766398,0.0,0.98,0.02,0.0,0.07072027127091034
39633282664499010,0.0,0.33,0.67,0.0,0.4574631863898637
39633267657279952,0.0,0.99,0.01,0.0,0.04039656794795559
39633282664498538,0.0,0.59,0.41,0.0,0.488250234378912
39633282668694854,0.0,0.02,0.97,0.01,0.11097036642660543
39633282668694911,0.0,0.02,0.97,0.01,0.11097036642660543
39633282668694968,0.0,0.14,0.86,0.0,0.292119405821428
39633300985219447,0.0,0.99,0.01,0.0,0.04039656794795559
39633286351293661,0.0,0.0,1.0,0.0,-0.0
39633286393235114,0.0,0.75,0.25,0.0,0.4056390622295664
39633282685471848,0.0,1.0,0.0,0.0,-0.0
39633267657279849,0.0,0.1,0.9,0.0,0.2344977967946406
39633297344562293,0.0,0.91,0.09,0.0,0.21823490853205144
39633267678252678,0.0,0.09,0.91,0.0,0.21823490853205144
39633275215414315,0.0,0.39,0.61,0.0,0.4823997742525436
39633271457317481,0.0,0.72,0.28,0.0,0.4277254052800653
39633278935762621,0.0,0.65,0.35,0.0,0.4670340276877455
39633278935762517,0.0,0.09,0.91,0.0,0.21823490853205144
39633300964247957,0.0,0.33,0.67,0.0,0.4574631863898637
39633297348758332,0.0,0.92,0.08,0.0,0.2010895951011364
39633275219609179,0.0,0.94,0.06,0.0,0.16372245957723813
39633300964248034,0.0,0.55,0.45,0.0,0.49638722699390414
39633290054860916,0.0,0.34,0.66,0.0,0.46240935248651505
39633282689666805,0.0,0.61,0.39,0.0,0.4823997742525436
39633293712295205,0.01,0.97,0.02,0.0,0.11097036642660543
39633271465706658,0.0,0.48,0.52,0.0,0.4994227679976009
39633293720685900,0.0,0.79,0.21,0.0,0.37074136996563684
39633300964247280,0.0,0.97,0.03,0.0,0.0971959289157881
39633278952539974,0.0,0.4,0.6,0.0,0.4854752972273343
39633275194445314,0.0,0.68,0.32,0.0,0.45219072886224687
39633278927375091,0.0,1.0,0.0,0.0,-0.0
39633278927374743,0.0,0.73,0.27,0.0,0.42073231810408784
39633282677080103,0.0,0.03,0.97,0.0,0.0971959289157881
39633282677080124,0.0,0.63,0.37,0.0,0.47533604634353294
39633293729072455,0.0,0.21,0.79,0.0,0.37074136996563684
39633304558766671,0.0,0.17,0.83,0.0,0.32885238937210975
39633304554570113,0.0,0.14,0.86,0.0,0.292119405821428
39633282677080256,0.0,0.48,0.52,0.0,0.4994227679976009
39633275194445355,0.0,0.29,0.71,0.0,0.43436062316970225
39633278939958899,0.0,0.43,0.57,0.0,0.4929075185894599
39633290063249544,0.0,0.96,0.04,0.0,0.12114609454120741
39633293729072744,0.0,0.07,0.93,0.0,0.18296182545011158
39633278927374900,0.0,0.27,0.73,0.0,0.42073231810408784
39633275198636357,0.0,0.0,0.98,0.02,0.07072027127091034
39633286393235015,0.0,0.03,0.97,0.0,0.0971959289157881
39633297340368299,0.0,0.07,0.92,0.01,0.22283217282912027
39633271444737298,0.0,0.33,0.67,0.0,0.4574631863898637
39633290071638917,0.0,0.2,0.8,0.0,0.36096404744368116
39633278944149563,0.0,0.22,0.78,0.0,0.38008375148098283
39633278931568472,0.0,0.02,0.98,0.0,0.07072027127091034
39633290054861146,0.0,0.07,0.93,0.0,0.18296182545011158
39633286384846779,0.0,0.58,0.42,0.0,0.49072694751682683
39633275227998213,0.0,0.82,0.18,0.0,0.34003852286413994
39633267674056688,0.0,0.73,0.27,0.0,0.42073231810408784
39633293720685695,0.0,0.28,0.72,0.0,0.4277254052800653
39633300985220003,0.0,0.74,0.26,0.0,0.4133731862463089
39633286355488534,0.0,0.55,0.45,0.0,0.49638722699390414
39633290038083963,0.0,0.62,0.38,0.0,0.47902101111314976
39633267674056731,0.0,0.27,0.73,0.0,0.42073231810408784
39633275227998128,0.0,0.99,0.01,0.0,0.04039656794795559
39633275227998182,0.0,0.86,0.14,0.0,0.292119405821428
39633293720685994,0.0,0.14,0.86,0.0,0.292119405821428
39633300951663648,0.0,0.92,0.08,0.0,0.2010895951011364
39633304558767204,0.0,0.13,0.87,0.0,0.2787190925139945
39633297365534434,0.0,0.02,0.98,0.0,0.07072027127091034
39633300960051359,0.0,0.79,0.21,0.0,0.37074136996563684
39633297344564437,0.0,0.54,0.46,0.0,0.49768921941011285
39633271444737138,0.0,0.24,0.76,0.0,0.39752013969226113
39633271444736929,0.0,0.07,0.93,0.0,0.18296182545011158
39633297365534438,0.0,0.88,0.12,0.0,0.2646804326436822
39633297340368195,0.0,0.17,0.83,0.0,0.32885238937210975
39633278939957006,0.0,0.51,0.49,0.0,0.49985572087640495
39633282647723126,0.0,0.65,0.35,0.0,0.4670340276877455
39633282647722893,0.0,0.99,0.01,0.0,0.04039656794795559
39633282647722956,0.0,0.11,0.89,0.0,0.249957979082264
39633297357147655,0.04,0.96,0.0,0.0,0.12114609454120741
39633290071640042,0.0,0.31,0.69,0.0,0.4465867291889284
39633286384846736,0.0,0.26,0.74,0.0,0.4133731862463089
39633286376456315,0.0,0.44,0.56,0.0,0.4947937606110278
39633293691325542,0.0,0.96,0.04,0.0,0.12114609454120741
39633293691325868,0.0,0.01,0.98,0.01,0.08072027127091033
39633293691325871,0.0,0.04,0.96,0.0,0.12114609454120741
39633293691325892,0.05,0.95,0.0,0.0,0.14319847855797813
39633278931568343,0.0,0.39,0.61,0.0,0.4823997742525436
39633300964248235,0.0,0.0,0.88,0.12,0.2646804326436822
39633293712297077,0.0,0.46,0.54,0.0,0.49768921941011285
39633293712297035,0.0,0.28,0.72,0.0,0.4277254052800653
39633286384845868,0.0,0.2,0.8,0.0,0.36096404744368116
39633275215414062,0.0,0.02,0.98,0.0,0.07072027127091034
39633271440541097,0.0,0.83,0.17,0.0,0.32885238937210975
39633275215414037,0.0,0.05,0.95,0.0,0.14319847855797813
39633286368069218,0.0,0.01,0.99,0.0,0.04039656794795559
39633271440541137,0.0,0.0,0.95,0.05,0.14319847855797813
39633271440541317,0.0,0.09,0.91,0.0,0.21823490853205144
39633304571349075,0.0,0.0,1.0,0.0,-0.0
39633282693860117,0.0,0.05,0.95,0.0,0.14319847855797813
39633282689666448,0.0,0.37,0.63,0.0,0.47533604634353294
39633300960053694,0.0,0.17,0.83,0.0,0.32885238937210975
39633290042279507,0.0,0.86,0.14,0.0,0.292119405821428
39633286393233623,0.0,0.9,0.1,0.0,0.2344977967946406
39633275202830956,0.0,0.08,0.91,0.01,0.24088153359695552
39633290042279030,0.0,0.01,0.98,0.01,0.08072027127091033
39633300960053746,0.0,0.58,0.42,0.0,0.49072694751682683
39633300968441891,0.0,0.1,0.9,0.0,0.2344977967946406
39633278939958922,0.0,0.63,0.37,0.0,0.47533604634353294
39633290067446763,0.0,0.11,0.89,0.0,0.249957979082264
39633286380650518,0.0,0.35,0.65,0.0,0.4670340276877455
39633300960053833,0.0,0.09,0.91,0.0,0.21823490853205144
39633271440543029,0.0,0.13,0.87,0.0,0.2787190925139945
39633275202833717,0.0,0.34,0.66,0.0,0.46240935248651505
39633300964247404,0.0,0.03,0.97,0.0,0.0971959289157881
39633308144896498,0.0,0.84,0.16,0.0,0.3171547773202831
39633300964247258,0.0,0.7,0.3,0.0,0.44064544961534635
39633290071638632,0.0,0.28,0.72,0.0,0.4277254052800653
39633304554571749,0.0,0.55,0.45,0.0,0.49638722699390414
39633278939958651,0.0,0.6,0.4,0.0,0.4854752972273343
39633304554571613,0.0,0.95,0.05,0.0,0.14319847855797813
39633275194444898,0.0,0.22,0.78,0.0,0.38008375148098283
39633263869822799,0.0,0.5,0.5,0.0,0.5
39633297344562869,0.0,0.12,0.88,0.0,0.2646804326436822
39633282660306455,0.0,0.7,0.3,0.0,0.44064544961534635
39633297344562835,0.0,0.02,0.98,0.0,0.07072027127091034
39633267665668784,0.0,0.17,0.83,0.0,0.32885238937210975
39633304562958421,0.0,0.01,0.98,0.01,0.08072027127091033
39633275207026516,0.0,0.13,0.87,0.0,0.2787190925139945
39633290033889477,0.0,0.81,0.19,0.0,0.3507357299419487
39633267657280891,0.0,0.69,0.31,0.0,0.4465867291889284
39633271465707863,0.0,0.35,0.65,0.0,0.4670340276877455
39633297352953309,0.0,0.48,0.52,0.0,0.4994227679976009
39633275207026730,0.0,0.77,0.23,0.0,0.38900565177326885
39633293712295585,0.0,0.85,0.15,0.0,0.3049201523582002
39633300968443324,0.0,0.05,0.95,0.0,0.14319847855797813
39633278931568018,0.0,0.0,1.0,0.0,-0.0
39633297348756473,0.0,0.06,0.94,0.0,0.16372245957723813
39633278965122629,0.0,0.06,0.94,0.0,0.16372245957723813
39633290046473076,0.0,0.76,0.24,0.0,0.39752013969226113
39633290046473191,0.0,0.94,0.06,0.0,0.16372245957723813
39633290046473195,0.0,0.56,0.44,0.0,0.4947937606110278
39633297344563649,0.01,0.93,0.06,0.0,0.20367037270049304
39633282660306069,0.0,0.74,0.26,0.0,0.4133731862463089
39633290046473058,0.0,0.3,0.7,0.0,0.44064544961534635
39633293691324519,0.0,0.03,0.97,0.0,0.0971959289157881
39633290046472868,0.0,0.58,0.42,0.0,0.49072694751682683
39633278931567866,0.0,0.96,0.04,0.0,0.12114609454120741
39633271444737839,0.01,0.94,0.05,0.0,0.1832231322266888
39633286380653058,0.0,1.0,0.0,0.0,-0.0
39633297348756524,0.0,0.0,0.92,0.08,0.2010895951011364
39633282685470427,0.0,0.94,0.06,0.0,0.16372245957723813
39633271465707782,0.0,0.43,0.57,0.0,0.4929075185894599
39633271436349183,0.0,0.0,1.0,0.0,-0.0
39633293691324552,0.0,0.45,0.55,0.0,0.49638722699390414
39633297348756622,0.0,0.01,0.84,0.15,0.3441379826496441
39633275207026635,0.0,0.94,0.06,0.0,0.16372245957723813
39633293691324817,0.0,0.45,0.55,0.0,0.49638722699390414
39633297365534090,0.0,0.0,0.97,0.03,0.0971959289157881
39633290046473037,0.0,0.64,0.36,0.0,0.4713415946277461
39633267665669254,0.0,0.01,0.97,0.02,0.11097036642660543
39633278952539269,0.0,0.9,0.1,0.0,0.2344977967946406
39633275207025950,0.0,0.66,0.34,0.0,0.46240935248651505
39633282681275259,0.0,0.03,0.97,0.0,0.0971959289157881
39633271457318785,0.0,0.25,0.75,0.0,0.4056390622295664
39633271461511501,0.0,0.01,0.96,0.03,0.13737165703039006
39633300968441443,0.0,0.48,0.52,0.0,0.4994227679976009
39633271444737763,0.0,0.23,0.77,0.0,0.38900565177326885
39633286359682289,0.0,0.01,0.99,0.0,0.04039656794795559
39633275207026838,0.0,0.8,0.2,0.0,0.36096404744368116
39633278948346829,0.0,0.27,0.73,0.0,0.42073231810408784
39633290042280505,0.0,0.01,0.99,0.0,0.04039656794795559
39633275207028451,0.0,0.69,0.31,0.0,0.4465867291889284
39633267669861864,0.0,0.3,0.7,0.0,0.44064544961534635
39633286389040445,0.0,0.06,0.94,0.0,0.16372245957723813
39633304567153855,0.0,0.3,0.7,0.0,0.44064544961534635
39633267657280266,0.0,0.7,0.3,0.0,0.44064544961534635
39633271457318882,0.0,0.03,0.96,0.01,0.13737165703039006
39633286389041795,0.0,0.53,0.47,0.0,0.4987007942838698
39633271436349124,0.0,0.93,0.07,0.0,0.18296182545011158
39633290033889758,0.0,0.92,0.08,0.0,0.2010895951011364
39633282672887167,0.0,0.49,0.51,0.0,0.49985572087640495
39633300960051532,0.0,0.42,0.58,0.0,0.49072694751682683
39633286380653002,0.0,0.7,0.3,0.0,0.44064544961534635
39633297357147353,0.0,1.0,0.0,0.0,-0.0
39633267657280076,0.0,0.75,0.25,0.0,0.4056390622295664
39633278952541002,0.0,0.2,0.8,0.0,0.36096404744368116
39633290033890088,0.0,0.06,0.94,0.0,0.16372245957723813
39633300951665512,0.0,0.17,0.83,0.0,0.32885238937210975
39633282656108820,0.0,0.0,1.0,0.0,-0.0
39633286389040315,0.0,0.04,0.96,0.0,0.12114609454120741
39633271444737627,0.0,0.12,0.88,0.0,0.2646804326436822
39633271465709067,0.0,0.59,0.41,0.0,0.488250234378912
39633271436349111,0.0,0.0,0.92,0.08,0.2010895951011364
39633271457317620,0.0,0.97,0.03,0.0,0.0971959289157881
39633271444737528,0.0,0.04,0.96,0.0,0.12114609454120741
39633282685470495,0.0,0.48,0.52,0.0,0.4994227679976009
39633282651914560,0.0,0.12,0.88,0.0,0.2646804326436822
39633271448928983,0.0,0.67,0.33,0.0,0.4574631863898637
39633290033889647,0.04,0.96,0.0,0.0,0.12114609454120741
39633278944149955,0.0,0.7,0.3,0.0,0.44064544961534635
39633297344563191,0.0,0.08,0.92,0.0,0.2010895951011364
39633297352950603,0.0,0.02,0.98,0.0,0.07072027127091034
39633275198639240,0.0,0.35,0.65,0.0,0.4670340276877455
39633293703906565,0.0,0.13,0.87,0.0,0.2787190925139945
39633293695518143,0.0,0.58,0.42,0.0,0.49072694751682683
39633286368068039,0.0,0.41,0.59,0.0,0.488250234378912
39633297352950272,0.0,0.25,0.75,0.0,0.4056390622295664
39633293733265759,0.0,0.39,0.61,0.0,0.4823997742525436
39633290033892499,0.0,0.23,0.77,0.0,0.38900565177326885
39633286368068629,0.0,1.0,0.0,0.0,-0.0
39633293695518167,0.0,0.33,0.67,0.0,0.4574631863898637
39633286393235646,0.0,0.21,0.79,0.0,0.37074136996563684
39633286389040359,0.0,0.1,0.9,0.0,0.2344977967946406
39633286393234337,0.0,0.79,0.21,0.0,0.37074136996563684
39633297352950516,0.0,0.28,0.72,0.0,0.4277254052800653
39633293703906377,0.0,0.39,0.61,0.0,0.4823997742525436
39633290071639146,0.0,0.86,0.14,0.0,0.292119405821428
39633290046473287,0.0,0.86,0.14,0.0,0.292119405821428
39633282677081206,0.0,0.6,0.4,0.0,0.4854752972273343
39633286363876810,0.0,0.07,0.92,0.01,0.22283217282912027
39633297344563176,0.0,0.19,0.81,0.0,0.3507357299419487
39633286384847269,0.0,0.14,0.86,0.0,0.292119405821428
39633286376458854,0.0,0.84,0.16,0.0,0.3171547773202831
39633293733265650,0.0,0.62,0.38,0.0,0.47902101111314976
39633297344563414,0.0,0.79,0.21,0.0,0.37074136996563684
39633300951663367,0.0,0.99,0.01,0.0,0.04039656794795559
39633278923181573,0.0,0.68,0.32,0.0,0.45219072886224687
39633304562958944,0.0,0.65,0.35,0.0,0.4670340276877455
39633290029697435,0.0,0.38,0.62,0.0,0.47902101111314976
39633297344563803,0.0,0.62,0.38,0.0,0.47902101111314976
39633286347098334,0.0,0.91,0.09,0.0,0.21823490853205144
39633297344563762,0.0,0.31,0.69,0.0,0.4465867291889284
39633278944150345,0.0,0.22,0.78,0.0,0.38008375148098283
39633267665666888,0.0,0.0,0.93,0.07,0.18296182545011158
39633278944150350,0.0,0.99,0.01,0.0,0.04039656794795559
39633293716491424,0.0,0.89,0.11,0.0,0.249957979082264
39633286376457657,0.0,0.2,0.8,0.0,0.36096404744368116
39633278952540760,0.0,0.04,0.96,0.0,0.12114609454120741
39633282668693200,0.0,0.89,0.11,0.0,0.249957979082264
39633271444738059,0.0,0.45,0.55,0.0,0.49638722699390414
39633300960051300,0.0,0.12,0.88,0.0,0.2646804326436822
39633271465707181,0.0,1.0,0.0,0.0,-0.0
39633282664497268,0.0,0.19,0.8,0.01,0.38960374315527674
39633282664497255,0.0,0.21,0.79,0.0,0.37074136996563684
39633300976830254,0.0,0.15,0.85,0.0,0.3049201523582002
39633278952540814,0.0,0.81,0.19,0.0,0.3507357299419487
39633271465708360,0.0,0.47,0.53,0.0,0.4987007942838698
39633290033890356,0.0,0.39,0.61,0.0,0.4823997742525436
39633300976829930,0.0,0.31,0.69,0.0,0.4465867291889284
39633286351291482,0.0,0.65,0.35,0.0,0.4670340276877455
39633293712295111,0.0,0.0,0.98,0.02,0.07072027127091034
39633300976829980,0.0,0.54,0.46,0.0,0.49768921941011285
39633293712295167,0.0,0.12,0.88,0.0,0.2646804326436822
39633275207028474,0.0,0.63,0.37,0.0,0.47533604634353294
39633290029697509,0.0,0.75,0.25,0.0,0.4056390622295664
39633293691323350,0.0,0.29,0.71,0.0,0.43436062316970225
39633271432153968,0.0,0.75,0.25,0.0,0.4056390622295664
39633282685470410,0.0,0.79,0.21,0.0,0.37074136996563684
39633300976830027,0.0,0.48,0.52,0.0,0.4994227679976009
39633286351292166,0.0,0.99,0.01,0.0,0.04039656794795559
39633282647722354,0.0,0.89,0.11,0.0,0.249957979082264
39633278923181820,0.0,0.84,0.16,0.0,0.3171547773202831
39633282647722290,0.0,0.65,0.35,0.0,0.4670340276877455
39633304558766542,0.0,0.96,0.04,0.0,0.12114609454120741
39633275207026731,0.0,0.24,0.76,0.0,0.39752013969226113
39633300951663146,0.0,0.41,0.59,0.0,0.488250234378912
39633275227996986,0.0,0.31,0.69,0.0,0.4465867291889284
39633267678251260,0.11,0.89,0.0,0.0,0.249957979082264
39633286393234454,0.0,0.92,0.08,0.0,0.2010895951011364
39633290029697711,0.0,0.79,0.21,0.0,0.37074136996563684
39633286393235040,0.0,0.18,0.82,0.0,0.34003852286413994
39633282677081351,0.0,0.1,0.9,0.0,0.2344977967946406
39633286393234992,0.0,0.06,0.94,0.0,0.16372245957723813
39633275207026549,0.0,0.09,0.91,0.0,0.21823490853205144
39633286351292753,0.09,0.89,0.02,0.0,0.2875800930424113
39633286393234865,0.0,0.96,0.04,0.0,0.12114609454120741
39633282677081198,0.0,0.22,0.78,0.0,0.38008375148098283
39633300985217789,0.0,0.09,0.9,0.01,0.2579475764741046
39633304558765655,0.0,0.66,0.34,0.0,0.46240935248651505
39633304558765596,0.0,0.53,0.47,0.0,0.4987007942838698
39633304558765754,0.0,0.85,0.15,0.0,0.3049201523582002
39633300985217559,0.0,0.01,0.98,0.01,0.08072027127091033
39633297331980732,0.0,0.3,0.7,0.0,0.44064544961534635
39633293703908335,0.0,0.52,0.48,0.0,0.4994227679976009
39633267657281031,0.0,0.03,0.96,0.01,0.13737165703039006
39633267657281064,0.0,0.2,0.8,0.0,0.36096404744368116
39633297348757941,0.0,0.06,0.94,0.0,0.16372245957723813
39633297348757739,0.0,0.62,0.38,0.0,0.47902101111314976
39633286397427857,0.0,0.57,0.43,0.0,0.4929075185894599
39633286368070685,0.0,0.89,0.11,0.0,0.249957979082264
39633271444738099,0.0,0.62,0.38,0.0,0.47902101111314976
39633286351293295,0.0,0.05,0.95,0.0,0.14319847855797813
39633286384845430,0.0,0.15,0.85,0.0,0.3049201523582002
39633293712294564,0.0,0.01,0.99,0.0,0.04039656794795559
39633267665666479,0.0,0.0,0.96,0.04,0.12114609454120741
39633271440540602,0.0,0.5,0.5,0.0,0.5
39633297369729018,0.0,0.19,0.81,0.0,0.3507357299419487
39633271436349163,0.0,0.01,0.99,0.0,0.04039656794795559
39633297352950949,0.0,0.98,0.02,0.0,0.07072027127091034
39633282668692532,0.0,0.68,0.32,0.0,0.45219072886224687
39633297348756158,0.0,0.03,0.97,0.0,0.0971959289157881
39633286380653929,0.0,0.3,0.7,0.0,0.44064544961534635
39633286380653920,0.0,0.2,0.8,0.0,0.36096404744368116
39633286376459282,0.0,0.84,0.16,0.0,0.3171547773202831
39633286372262411,0.0,0.53,0.47,0.0,0.4987007942838698
39633286380650779,0.0,0.91,0.09,0.0,0.21823490853205144
39633293716491144,0.0,0.08,0.92,0.0,0.2010895951011364
39633293712295865,0.0,0.98,0.02,0.0,0.07072027127091034
39633282668693431,0.0,0.8,0.2,0.0,0.36096404744368116
39633271457318747,0.0,0.11,0.89,0.0,0.249957979082264
39633293712295102,0.0,0.13,0.87,0.0,0.2787190925139945
39633293712295101,0.0,0.74,0.26,0.0,0.4133731862463089
39633271457318625,0.01,0.81,0.18,0.0,0.3789955935892812
39633286393235097,0.0,0.91,0.09,0.0,0.21823490853205144
39633282672887996,0.0,0.41,0.59,0.0,0.488250234378912
39633271457318768,0.0,0.7,0.3,0.0,0.44064544961534635
39633286376457965,0.0,0.72,0.28,0.0,0.4277254052800653
39633290029697218,0.0,0.58,0.42,0.0,0.49072694751682683
39633290075835330,0.0,0.01,0.99,0.0,0.04039656794795559
39633278923181785,0.0,1.0,0.0,0.0,-0.0
39633278923181763,0.0,1.0,0.0,0.0,-0.0
39633304562958434,0.0,0.06,0.92,0.02,0.2335407200795017
39633282689663694,0.0,0.2,0.8,0.0,0.36096404744368116
39633267661474469,0.0,0.01,0.98,0.01,0.08072027127091033
39633275227996377,0.0,0.59,0.41,0.0,0.488250234378912
39633300964248089,0.0,0.0,1.0,0.0,-0.0
39633304562958383,0.0,0.49,0.51,0.0,0.49985572087640495
39633278948346525,0.0,0.81,0.19,0.0,0.3507357299419487
39633282689666705,0.0,0.71,0.29,0.0,0.43436062316970225
39633275223805211,0.0,0.72,0.28,0.0,0.4277254052800653
39633300964248661,0.0,0.18,0.82,0.0,0.34003852286413994
39633300964247821,0.0,0.13,0.87,0.0,0.2787190925139945
39633300964248681,0.0,0.12,0.88,0.0,0.2646804326436822
39633293703906139,0.0,0.52,0.48,0.0,0.4994227679976009
39633297357146781,0.0,0.01,0.99,0.0,0.04039656794795559
39633297357146755,0.0,0.0,1.0,0.0,-0.0
39633282681275273,0.0,0.43,0.57,0.0,0.4929075185894599
39633278948346534,0.0,0.64,0.36,0.0,0.4713415946277461
39633282681275483,0.0,0.26,0.74,0.0,0.4133731862463089
39633293712295351,0.0,0.03,0.97,0.0,0.0971959289157881
39633297365534401,0.0,0.83,0.17,0.0,0.32885238937210975
39633308136506685,0.0,0.88,0.12,0.0,0.2646804326436822
39633293729072762,0.0,0.25,0.75,0.0,0.4056390622295664
39633282660304732,0.0,0.48,0.52,0.0,0.4994227679976009
39633308136506689,0.0,0.93,0.07,0.0,0.18296182545011158
39633297344563802,0.0,0.55,0.45,0.0,0.49638722699390414
39633308136506229,0.0,0.92,0.08,0.0,0.2010895951011364
39633293716490580,0.0,0.09,0.9,0.01,0.2579475764741046
39633275227997943,0.0,0.06,0.94,0.0,0.16372245957723813
39633271448928465,0.0,0.6,0.4,0.0,0.4854752972273343
39633290029697416,0.0,0.66,0.34,0.0,0.46240935248651505
39633275227997631,0.0,0.07,0.93,0.0,0.18296182545011158
39633290029697360,0.0,0.07,0.93,0.0,0.18296182545011158
39633308136506501,0.02,0.98,0.0,0.0,0.07072027127091034
39633293691323872,0.0,0.75,0.25,0.0,0.4056390622295664
39633293691323859,0.0,0.96,0.04,0.0,0.12114609454120741
39633271436346955,0.0,0.12,0.88,0.0,0.2646804326436822
39633293729071656,0.0,0.75,0.25,0.0,0.4056390622295664
39633297348756467,0.0,0.05,0.95,0.0,0.14319847855797813
39633290063252320,0.0,0.34,0.66,0.0,0.46240935248651505
39633293729071559,0.0,0.59,0.41,0.0,0.488250234378912
39633304558765645,0.02,0.89,0.09,0.0,0.2875800930424113
39633275227997791,0.0,0.88,0.12,0.0,0.2646804326436822
39633293691323119,0.0,0.72,0.28,0.0,0.4277254052800653
39633275227997703,0.0,0.15,0.85,0.0,0.3049201523582002
39633286376457697,0.0,0.3,0.7,0.0,0.44064544961534635
39633293691323693,0.0,0.92,0.08,0.0,0.2010895951011364
39633297331978358,0.0,0.42,0.58,0.0,0.49072694751682683
39633297331978387,0.0,0.06,0.94,0.0,0.16372245957723813
39633290071640837,0.0,0.44,0.56,0.0,0.4947937606110278
39633304558766893,0.0,0.91,0.09,0.0,0.21823490853205144
39633290042278754,0.0,0.24,0.76,0.0,0.39752013969226113
39633293729072670,0.0,0.01,0.99,0.0,0.04039656794795559
39633304558766826,0.0,0.69,0.31,0.0,0.4465867291889284
39633278927375641,0.0,0.11,0.89,0.0,0.249957979082264
39633282668695201,0.0,0.5,0.5,0.0,0.5
39633267678249056,0.0,0.05,0.95,0.0,0.14319847855797813
39633271465708793,0.0,0.8,0.2,0.0,0.36096404744368116
39633271436347355,0.0,0.01,0.97,0.02,0.11097036642660543
39633293691324024,0.0,0.2,0.8,0.0,0.36096404744368116
39633293729072480,0.0,0.93,0.07,0.0,0.18296182545011158
39633282664498498,0.0,0.05,0.95,0.0,0.14319847855797813
39633282668695246,0.0,0.09,0.91,0.0,0.21823490853205144
39633271457318675,0.0,0.0,0.95,0.05,0.14319847855797813
39633271465708258,0.0,0.01,0.99,0.0,0.04039656794795559
39633300955859103,0.0,0.06,0.94,0.0,0.16372245957723813
39633275215414470,0.0,0.69,0.31,0.0,0.4465867291889284
39633297340368084,0.0,0.63,0.37,0.0,0.47533604634353294
39633297340368079,0.0,0.54,0.46,0.0,0.49768921941011285
39633271436347540,0.0,0.01,0.99,0.0,0.04039656794795559
39633271465708632,0.0,0.55,0.45,0.0,0.49638722699390414
39633271461511620,0.0,0.06,0.94,0.0,0.16372245957723813
39633271444736724,0.0,0.05,0.95,0.0,0.14319847855797813
39633271465708186,0.0,0.19,0.81,0.0,0.3507357299419487
39633278956734087,0.0,0.21,0.79,0.0,0.37074136996563684
39633275207027457,0.0,0.49,0.51,0.0,0.49985572087640495
39633282668694578,0.0,0.69,0.31,0.0,0.4465867291889284
39633271461511520,0.0,0.52,0.48,0.0,0.4994227679976009
39633282668695327,0.0,0.05,0.95,0.0,0.14319847855797813
39633278956734090,0.0,0.07,0.93,0.0,0.18296182545011158
39633304575542329,0.0,0.13,0.87,0.0,0.2787190925139945
39633293695517232,0.0,0.09,0.91,0.0,0.21823490853205144
39633282677080128,0.0,0.11,0.89,0.0,0.249957979082264
39633282668694885,0.0,0.28,0.72,0.0,0.4277254052800653
39633278956734016,0.0,0.86,0.14,0.0,0.292119405821428
39633282668695168,0.0,0.73,0.27,0.0,0.42073231810408784
39633278927375932,0.0,0.97,0.03,0.0,0.0971959289157881
39633290050667267,0.0,0.0,1.0,0.0,-0.0
39633282668695122,0.0,0.7,0.3,0.0,0.44064544961534635
39633300951665790,0.0,0.64,0.36,0.0,0.4713415946277461
39633286355487927,0.0,0.99,0.01,0.0,0.04039656794795559
39633293712296322,0.0,0.86,0.14,0.0,0.292119405821428
39633278956734408,0.0,1.0,0.0,0.0,-0.0
39633282677082263,0.0,0.96,0.04,0.0,0.12114609454120741
39633267674057637,0.0,0.05,0.95,0.0,0.14319847855797813
39633282677082533,0.0,0.1,0.9,0.0,0.2344977967946406
39633275207028099,0.0,0.2,0.8,0.0,0.36096404744368116
39633290071641339,0.0,0.88,0.12,0.0,0.2646804326436822
39633278956734357,0.0,0.22,0.78,0.0,0.38008375148098283
39633286389042274,0.0,0.05,0.95,0.0,0.14319847855797813
39633290067446781,0.0,0.76,0.24,0.0,0.39752013969226113
39633271465706884,0.0,0.71,0.29,0.0,0.43436062316970225
39633297352952207,0.0,0.51,0.49,0.0,0.49985572087640495
39633275194444160,0.0,0.13,0.87,0.0,0.2787190925139945
39633278969319296,0.0,0.85,0.15,0.0,0.3049201523582002
39633300976829202,0.0,0.58,0.42,0.0,0.49072694751682683
39633300976829211,0.0,0.88,0.12,0.0,0.2646804326436822
39633286380651273,0.0,0.72,0.28,0.0,0.4277254052800653
39633290075834892,0.0,0.9,0.1,0.0,0.2344977967946406
39633282660306391,0.0,0.03,0.97,0.0,0.0971959289157881
39633275211219632,0.0,0.0,0.91,0.09,0.21823490853205144
39633300951665009,0.0,0.0,0.98,0.02,0.07072027127091034
39633293712296260,0.0,0.08,0.92,0.0,0.2010895951011364
39633275198639213,0.0,0.01,0.99,0.0,0.04039656794795559
39633282660304819,0.0,0.0,0.99,0.01,0.04039656794795559
39633278927374776,0.0,0.05,0.95,0.0,0.14319847855797813
39633278927372910,0.0,0.91,0.09,0.0,0.21823490853205144
39633300985218696,0.0,0.3,0.7,0.0,0.44064544961534635
39633275207026068,0.0,0.27,0.73,0.0,0.42073231810408784
39633293695517173,0.0,0.14,0.86,0.0,0.292119405821428
39633271444737879,0.0,1.0,0.0,0.0,-0.0
39633300985218694,0.0,0.88,0.12,0.0,0.2646804326436822
39633286389040613,0.0,1.0,0.0,0.0,-0.0
39633286380651980,0.0,0.3,0.7,0.0,0.44064544961534635
39633290067445384,0.0,0.26,0.74,0.0,0.4133731862463089
39633278927374993,0.0,0.01,0.99,0.0,0.04039656794795559
39633278927374998,0.0,0.99,0.01,0.0,0.04039656794795559
39633271436347783,0.0,0.0,0.92,0.08,0.2010895951011364
39633297340368367,0.0,0.29,0.71,0.0,0.43436062316970225
39633308140699998,0.0,0.01,0.99,0.0,0.04039656794795559
39633286355488387,0.0,0.1,0.9,0.0,0.2344977967946406
39633286355488174,0.0,0.08,0.92,0.0,0.2010895951011364
39633293729072656,0.0,0.22,0.78,0.0,0.38008375148098283
39633286389039167,0.0,0.04,0.95,0.01,0.16124668093016215
39633293712296312,0.0,0.23,0.77,0.0,0.38900565177326885
39633304579737357,0.0,0.92,0.08,0.0,0.2010895951011364
39633308140702341,0.0,0.89,0.11,0.0,0.249957979082264
39633308136507585,0.0,1.0,0.0,0.0,-0.0
39633304579737119,0.0,0.76,0.24,0.0,0.39752013969226113
39633304579737237,0.0,0.56,0.44,0.0,0.4947937606110278
39633275207027417,0.0,0.13,0.87,0.0,0.2787190925139945
39633293729072591,0.0,0.13,0.87,0.0,0.2787190925139945
39633293729072558,0.0,0.08,0.92,0.0,0.2010895951011364
39633286355487152,0.0,0.0,0.86,0.14,0.292119405821428
39633308136507663,0.0,0.78,0.22,0.0,0.38008375148098283
39633304579737278,0.0,0.47,0.53,0.0,0.4987007942838698
39633278927375466,0.0,0.88,0.12,0.0,0.2646804326436822
39633278931568118,0.0,0.83,0.17,0.0,0.32885238937210975
39633278931568215,0.0,0.98,0.02,0.0,0.07072027127091034
39633297336173383,0.0,0.27,0.73,0.0,0.42073231810408784
39633290075834735,0.0,0.0,1.0,0.0,-0.0
39633297336175720,0.0,0.53,0.47,0.0,0.4987007942838698
39633293695518220,0.0,0.15,0.85,0.0,0.3049201523582002
39633290075833476,0.0,0.72,0.28,0.0,0.4277254052800653
39633278973510661,0.0,0.01,0.99,0.0,0.04039656794795559
39633278927375306,0.0,0.03,0.97,0.0,0.0971959289157881
39633286389042437,0.0,0.31,0.69,0.0,0.4465867291889284
39633290042279186,0.0,0.76,0.24,0.0,0.39752013969226113
39633267674056635,0.0,0.6,0.4,0.0,0.4854752972273343
39633278927372970,0.0,0.0,1.0,0.0,-0.0
39633275190250443,0.0,0.99,0.01,0.0,0.04039656794795559
39633275194444159,0.0,0.08,0.92,0.0,0.2010895951011364
39633275194445431,0.0,0.14,0.86,0.0,0.292119405821428
39633282668695387,0.0,0.73,0.27,0.0,0.42073231810408784
39633293691324102,0.0,0.1,0.9,0.0,0.2344977967946406
39633297352952291,0.0,0.56,0.44,0.0,0.4947937606110278
39633275202833720,0.0,0.02,0.98,0.0,0.07072027127091034
39633300972634525,0.0,0.16,0.84,0.0,0.3171547773202831
39633275202833830,0.0,0.24,0.76,0.0,0.39752013969226113
39633275202833820,0.0,0.2,0.8,0.0,0.36096404744368116
39633297357146879,0.0,0.07,0.93,0.0,0.18296182545011158
39633297340367786,0.0,0.0,0.93,0.07,0.18296182545011158
39633290042279122,0.0,1.0,0.0,0.0,-0.0
39633282677081994,0.0,0.45,0.55,0.0,0.49638722699390414
39633290042278905,0.0,0.0,0.93,0.07,0.18296182545011158
39633304575542604,0.0,0.07,0.93,0.0,0.18296182545011158
39633286355488731,0.0,0.95,0.05,0.0,0.14319847855797813
39633282685469797,0.0,0.43,0.57,0.0,0.4929075185894599
39633297357146835,0.0,0.85,0.15,0.0,0.3049201523582002
39633282693858528,0.0,0.31,0.69,0.0,0.4465867291889284
39633286359679725,0.0,0.52,0.48,0.0,0.4994227679976009
39633275211220061,0.0,0.52,0.48,0.0,0.4994227679976009
39633282672887815,0.0,0.36,0.64,0.0,0.4713415946277461
39633275211220109,0.0,0.06,0.94,0.0,0.16372245957723813
39633297340367800,0.0,0.01,0.98,0.01,0.08072027127091033
39633297340368118,0.0,0.9,0.1,0.0,0.2344977967946406
39633275202833926,0.0,0.0,1.0,0.0,-0.0
39633286359679591,0.01,0.96,0.03,0.0,0.13737165703039006
39633275227997238,0.0,0.52,0.48,0.0,0.4994227679976009
39633300951664704,0.0,0.7,0.3,0.0,0.44064544961534635
39633290075834822,0.0,0.33,0.67,0.0,0.4574631863898637
39633275194443997,0.0,0.81,0.19,0.0,0.3507357299419487
39633304579736911,0.0,0.42,0.58,0.0,0.49072694751682683
39633282647721908,0.0,0.3,0.7,0.0,0.44064544961534635
39633293695519324,0.0,0.05,0.94,0.01,0.1832231322266888
39633278960929564,0.0,0.38,0.62,0.0,0.47902101111314976
39633290029697608,0.0,0.43,0.57,0.0,0.4929075185894599
39633286393235833,0.0,0.94,0.06,0.0,0.16372245957723813
39633300985218166,0.0,0.75,0.25,0.0,0.4056390622295664
39633282672885899,0.0,0.07,0.93,0.0,0.18296182545011158
39633286376458952,0.0,0.46,0.54,0.0,0.49768921941011285
39633286376459124,0.0,0.18,0.82,0.0,0.34003852286413994
39633286376459072,0.0,0.6,0.4,0.0,0.4854752972273343
39633286372265542,0.0,0.9,0.1,0.0,0.2344977967946406
39633290059058321,0.0,0.68,0.32,0.0,0.45219072886224687
39633304579735619,0.0,1.0,0.0,0.0,-0.0
39633297373923887,0.0,0.95,0.05,0.0,0.14319847855797813
39633304575544226,0.0,0.49,0.51,0.0,0.49985572087640495
39633290075834395,0.0,0.37,0.63,0.0,0.47533604634353294
39633304575543956,0.0,0.34,0.66,0.0,0.46240935248651505
39633282677080095,0.0,0.07,0.93,0.0,0.18296182545011158
39633286389039898,0.0,0.44,0.56,0.0,0.4947937606110278
39633293695520236,0.0,0.9,0.1,0.0,0.2344977967946406
39633282651917259,0.0,0.66,0.34,0.0,0.46240935248651505
39633271457318411,0.0,0.98,0.02,0.0,0.07072027127091034
39633282651914725,0.0,0.63,0.37,0.0,0.47533604634353294
39633308144894183,0.0,0.73,0.27,0.0,0.42073231810408784
39633286393233754,0.0,0.02,0.97,0.01,0.11097036642660543
39633293699711574,0.0,0.05,0.95,0.0,0.14319847855797813
39633293733268452,0.0,0.66,0.34,0.0,0.46240935248651505
39633286389042282,0.0,0.36,0.64,0.0,0.4713415946277461
39633286355487648,0.0,1.0,0.0,0.0,-0.0
39633308144894400,0.0,0.77,0.23,0.0,0.38900565177326885
39633300972636476,0.0,0.04,0.96,0.0,0.12114609454120741
39633300985219860,0.0,1.0,0.0,0.0,-0.0
39633286355487964,0.0,0.23,0.77,0.0,0.38900565177326885
39633290075834049,0.0,0.02,0.98,0.0,0.07072027127091034
39633304583929968,0.0,0.82,0.18,0.0,0.34003852286413994
39633286380651377,0.0,0.18,0.82,0.0,0.34003852286413994
39633304583929991,0.0,0.81,0.19,0.0,0.3507357299419487
39633293699711559,0.0,0.0,0.88,0.12,0.2646804326436822
39633282668694680,0.0,0.96,0.04,0.0,0.12114609454120741
39633304575543792,0.0,1.0,0.0,0.0,-0.0
39633297357144530,0.0,0.0,1.0,0.0,-0.0
39633304575544173,0.0,0.55,0.45,0.0,0.49638722699390414
39633304575543896,0.0,0.86,0.14,0.0,0.292119405821428
39633290042278743,0.0,0.69,0.31,0.0,0.4465867291889284
39633286355488827,0.0,0.89,0.11,0.0,0.249957979082264
39633304575542736,0.0,0.5,0.5,0.0,0.5
39633297373923184,0.0,1.0,0.0,0.0,-0.0
39633286372262233,0.01,0.93,0.06,0.0,0.20367037270049304
39633293695520361,0.0,0.01,0.97,0.02,0.11097036642660543
39633286372262243,0.0,0.65,0.35,0.0,0.4670340276877455
39633293695518278,0.0,0.81,0.19,0.0,0.3507357299419487
39633304583930116,0.0,0.41,0.59,0.0,0.488250234378912
39633286393233785,0.0,0.12,0.88,0.0,0.2646804326436822
39633286397429337,0.0,0.71,0.29,0.0,0.43436062316970225
39633290075834765,0.0,0.98,0.02,0.0,0.07072027127091034
39633286393233871,0.0,0.04,0.96,0.0,0.12114609454120741
39633308140701705,0.0,1.0,0.0,0.0,-0.0
39633293695518055,0.0,0.53,0.47,0.0,0.4987007942838698
39633308144896171,0.0,1.0,0.0,0.0,-0.0
39633275207025316,0.0,0.47,0.53,0.0,0.4987007942838698
39633293695518843,0.0,0.0,0.96,0.04,0.12114609454120741
39633293695518287,0.0,0.0,0.97,0.03,0.0971959289157881
39633308136506696,0.0,0.79,0.21,0.0,0.37074136996563684
39633308140701238,0.01,0.89,0.1,0.0,0.27413031336294724
39633308136507965,0.0,0.44,0.56,0.0,0.4947937606110278
39633308136506491,0.0,0.98,0.02,0.0,0.07072027127091034
39633293691324268,0.0,0.17,0.83,0.0,0.32885238937210975
39633297352952316,0.0,0.03,0.97,0.0,0.0971959289157881
39633290075832737,0.0,0.0,0.94,0.06,0.16372245957723813
39633290042280006,0.0,0.91,0.09,0.0,0.21823490853205144
39633290075832829,0.0,0.4,0.6,0.0,0.4854752972273343
39633275207027188,0.0,0.7,0.3,0.0,0.44064544961534635
39633290075832622,0.0,0.47,0.53,0.0,0.4987007942838698
39633286380653361,0.0,0.43,0.57,0.0,0.4929075185894599
39633304579735800,0.0,0.97,0.03,0.0,0.0971959289157881
39633308136507252,0.0,0.01,0.97,0.02,0.11097036642660543
39633304575544545,0.0,0.11,0.89,0.0,0.249957979082264
39633304550378562,0.0,0.76,0.24,0.0,0.39752013969226113
39633304550376057,0.0,0.66,0.34,0.0,0.46240935248651505
39633286389040316,0.0,0.92,0.08,0.0,0.2010895951011364
39633290029697556,0.0,0.84,0.16,0.0,0.3171547773202831
39633308136508381,0.0,0.11,0.89,0.0,0.249957979082264
39633304575542738,0.0,0.61,0.39,0.0,0.4823997742525436
39633286376457193,0.0,0.28,0.72,0.0,0.4277254052800653
39633286393234289,0.0,0.71,0.29,0.0,0.43436062316970225
39633275232191879,0.0,0.04,0.95,0.01,0.16124668093016215
39633275194444227,0.0,0.49,0.51,0.0,0.49985572087640495
39633275190251079,0.01,0.93,0.06,0.0,0.20367037270049304
39633267661474116,0.07,0.93,0.0,0.0,0.18296182545011158
39633278952538549,0.0,0.27,0.73,0.0,0.42073231810408784
39633278927374480,0.0,0.13,0.87,0.0,0.2787190925139945
39633267665667924,0.0,0.08,0.92,0.0,0.2010895951011364
39633300964248434,0.0,0.24,0.76,0.0,0.39752013969226113
39633300968441541,0.0,0.09,0.91,0.0,0.21823490853205144
39633267674057307,0.0,0.06,0.94,0.0,0.16372245957723813
39633286393236245,0.0,0.56,0.44,0.0,0.4947937606110278
39633300976829016,0.0,0.73,0.27,0.0,0.42073231810408784
39633290046473315,0.0,0.74,0.26,0.0,0.4133731862463089
39633282656110589,0.0,0.08,0.92,0.0,0.2010895951011364
39633304579736836,0.0,0.46,0.54,0.0,0.49768921941011285
39633297357146711,0.0,0.01,0.99,0.0,0.04039656794795559
39633278952538574,0.0,0.87,0.13,0.0,0.2787190925139945
39633267674056638,0.0,0.1,0.9,0.0,0.2344977967946406
39633300960054331,0.0,0.6,0.4,0.0,0.4854752972273343
39633300964245532,0.0,0.0,0.99,0.01,0.04039656794795559
39633300951663364,0.0,0.0,0.99,0.01,0.04039656794795559
39633300972634344,0.0,0.88,0.12,0.0,0.2646804326436822
39633304567153283,0.0,0.47,0.53,0.0,0.4987007942838698
39633290063252381,0.0,0.38,0.62,0.0,0.47902101111314976
39633263865628594,0.0,0.03,0.97,0.0,0.0971959289157881
39633275202833583,0.0,0.81,0.19,0.0,0.3507357299419487
39633267657279979,0.0,0.13,0.87,0.0,0.2787190925139945
39633304554570890,0.0,0.68,0.32,0.0,0.45219072886224687
39633290042280947,0.0,0.91,0.09,0.0,0.21823490853205144
39633271461514488,0.0,0.33,0.67,0.0,0.4574631863898637
39633275190251050,0.0,0.09,0.91,0.0,0.21823490853205144
39633297348756046,0.0,0.34,0.66,0.0,0.46240935248651505
39633286393236415,0.0,0.94,0.06,0.0,0.16372245957723813
39633308136507618,0.0,0.74,0.26,0.0,0.4133731862463089
39633290042280672,0.0,0.96,0.04,0.0,0.12114609454120741
39633290042280630,0.0,0.16,0.84,0.0,0.3171547773202831
39633304579736479,0.0,0.68,0.32,0.0,0.45219072886224687
39633308136507718,0.0,0.86,0.14,0.0,0.292119405821428
39633286380651522,0.0,0.31,0.69,0.0,0.4465867291889284
39633308136507630,0.0,0.74,0.26,0.0,0.4133731862463089
39633297373923419,0.0,0.07,0.93,0.0,0.18296182545011158
39633308136506874,0.0,0.46,0.54,0.0,0.49768921941011285
39633300960051348,0.0,0.83,0.17,0.0,0.32885238937210975
39633290029696963,0.0,0.8,0.2,0.0,0.36096404744368116
39633271436348340,0.0,0.08,0.92,0.0,0.2010895951011364
39633297348756492,0.0,0.36,0.64,0.0,0.4713415946277461
39633286355488732,0.0,0.71,0.29,0.0,0.43436062316970225
39633286355488718,0.0,0.68,0.32,0.0,0.45219072886224687
39633293733266794,0.0,0.0,1.0,0.0,-0.0
39633278927375275,0.0,0.96,0.04,0.0,0.12114609454120741
39633271461511515,0.0,0.29,0.71,0.0,0.43436062316970225
39633275207025759,0.0,0.97,0.03,0.0,0.0971959289157881
39633282651915348,0.0,0.36,0.64,0.0,0.4713415946277461
39633286376457781,0.0,0.06,0.94,0.0,0.16372245957723813
39633275207026316,0.0,0.07,0.93,0.0,0.18296182545011158
39633293691324330,0.0,0.62,0.38,0.0,0.47902101111314976
39633286384847637,0.0,0.53,0.47,0.0,0.4987007942838698
39633286389040575,0.0,0.19,0.81,0.0,0.3507357299419487
39633275194444267,0.0,0.17,0.83,0.0,0.32885238937210975
39633297357146754,0.0,0.01,0.98,0.01,0.08072027127091033
39633300960052784,0.0,0.29,0.71,0.0,0.43436062316970225
39633282660305101,0.0,0.78,0.22,0.0,0.38008375148098283
39633278948346314,0.0,0.53,0.47,0.0,0.4987007942838698
39633278948346235,0.0,0.07,0.93,0.0,0.18296182545011158
39633286368068544,0.0,0.21,0.79,0.0,0.37074136996563684
39633286389040527,0.0,0.24,0.76,0.0,0.39752013969226113
39633278948346316,0.0,0.15,0.85,0.0,0.3049201523582002
39633286368068639,0.0,0.08,0.92,0.0,0.2010895951011364
39633286389040207,0.0,0.33,0.67,0.0,0.4574631863898637
39633304579736755,0.0,0.15,0.85,0.0,0.3049201523582002
39633304579736721,0.0,0.32,0.68,0.0,0.45219072886224687
39633304579737059,0.0,0.57,0.43,0.0,0.4929075185894599
39633282647721522,0.0,0.31,0.69,0.0,0.4465867291889284
39633282647721471,0.0,0.93,0.07,0.0,0.18296182545011158
39633300951663020,0.04,0.94,0.02,0.0,0.19127133459887283
39633300947471434,0.0,0.83,0.17,0.0,0.32885238937210975
39633300951663186,0.0,0.97,0.03,0.0,0.0971959289157881
39633282693858460,0.0,0.18,0.82,0.0,0.34003852286413994
39633282677081826,0.0,0.38,0.62,0.0,0.47902101111314976
39633286355488834,0.0,0.03,0.97,0.0,0.0971959289157881
39633282693858418,0.0,0.09,0.91,0.0,0.21823490853205144
39633282647723102,0.0,0.9,0.1,0.0,0.2344977967946406
39633286363875385,0.0,0.0,0.9,0.1,0.2344977967946406
39633304562959306,0.0,0.08,0.92,0.0,0.2010895951011364
39633304550375507,0.0,0.99,0.01,0.0,0.04039656794795559
39633282647723108,0.0,0.31,0.69,0.0,0.4465867291889284
39633304550376983,0.0,0.05,0.94,0.01,0.1832231322266888
39633300951663770,0.0,0.0,0.99,0.01,0.04039656794795559
39633282647722608,0.0,0.71,0.29,0.0,0.43436062316970225
39633282647722242,0.0,0.62,0.38,0.0,0.47902101111314976
39633300951664422,0.0,0.8,0.2,0.0,0.36096404744368116
39633304579736709,0.0,0.69,0.31,0.0,0.4465867291889284
39633278944150165,0.0,0.08,0.92,0.0,0.2010895951011364
39633304550377398,0.0,0.98,0.02,0.0,0.07072027127091034
39633304550376973,0.0,0.55,0.45,0.0,0.49638722699390414
39633304558765938,0.0,0.83,0.17,0.0,0.32885238937210975
39633286380651028,0.0,0.64,0.36,0.0,0.4713415946277461
39633286380653379,0.0,0.07,0.93,0.0,0.18296182545011158
39633275223805137,0.0,0.89,0.11,0.0,0.249957979082264
39633275227996339,0.0,0.83,0.17,0.0,0.32885238937210975
39633286355488696,0.0,0.49,0.51,0.0,0.49985572087640495
39633304558766007,0.0,0.99,0.01,0.0,0.04039656794795559
39633304558765995,0.0,0.79,0.21,0.0,0.37074136996563684
39633304575542275,0.0,0.81,0.19,0.0,0.3507357299419487
39633286372264846,0.0,0.65,0.35,0.0,0.4670340276877455
39633304558765863,0.0,0.68,0.32,0.0,0.45219072886224687
39633300985219950,0.0,0.84,0.16,0.0,0.3171547773202831
39633308140702064,0.0,0.53,0.47,0.0,0.4987007942838698
39633308144895853,0.0,0.18,0.82,0.0,0.34003852286413994
39633308144896088,0.0,0.17,0.83,0.0,0.32885238937210975
39633300951662854,0.0,0.91,0.09,0.0,0.21823490853205144
39633304579736632,0.0,0.95,0.05,0.0,0.14319847855797813
39633290029696644,0.0,0.12,0.88,0.0,0.2646804326436822
39633290029697614,0.0,0.62,0.38,0.0,0.47902101111314976
39633282668693399,0.0,0.22,0.78,0.0,0.38008375148098283
39633290029697559,0.0,0.35,0.65,0.0,0.4670340276877455
39633293729074179,0.0,0.4,0.6,0.0,0.4854752972273343
39633290029697705,0.0,0.18,0.82,0.0,0.34003852286413994
39633293729074131,0.0,1.0,0.0,0.0,-0.0
39633290029697238,0.0,0.08,0.89,0.03,0.296452280596498
39633290059055884,0.0,0.65,0.35,0.0,0.4670340276877455
39633304579737301,0.02,0.98,0.0,0.0,0.07072027127091034
39633290029697249,0.0,0.01,0.97,0.02,0.11097036642660543
39633300951664101,0.0,0.19,0.81,0.0,0.3507357299419487
39633304554570345,0.0,0.55,0.45,0.0,0.49638722699390414
39633304554570465,0.0,0.71,0.29,0.0,0.43436062316970225
39633304579737801,0.0,0.09,0.91,0.0,0.21823490853205144
39633304554569861,0.09,0.89,0.02,0.0,0.2875800930424113
39633282677080877,0.0,0.95,0.05,0.0,0.14319847855797813
39633308136506952,0.02,0.98,0.0,0.0,0.07072027127091034
39633308136506826,0.01,0.98,0.01,0.0,0.08072027127091033
39633286376457983,0.0,0.79,0.21,0.0,0.37074136996563684
39633290029697409,0.02,0.98,0.0,0.0,0.07072027127091034
39633304550376984,0.0,0.56,0.44,0.0,0.4947937606110278
39633290059056116,0.0,0.82,0.18,0.0,0.34003852286413994
39633304550376957,0.0,0.65,0.35,0.0,0.4670340276877455
39633304550378374,0.0,0.6,0.4,0.0,0.4854752972273343
39633308128119032,0.0,0.81,0.19,0.0,0.3507357299419487
39633304579737555,0.0,1.0,0.0,0.0,-0.0
39633267661474047,0.0,0.01,0.98,0.01,0.08072027127091033
39633304579736785,0.0,0.77,0.23,0.0,0.38900565177326885
39633304579736927,0.0,0.99,0.01,0.0,0.04039656794795559
39633293691323974,0.0,0.18,0.82,0.0,0.34003852286413994
39633278944150176,0.0,0.87,0.13,0.0,0.2787190925139945
39633293712294790,0.0,1.0,0.0,0.0,-0.0
39633293712294826,0.0,0.92,0.08,0.0,0.2010895951011364
39633304550376544,0.0,0.9,0.1,0.0,0.2344977967946406
39633282647723230,0.0,0.77,0.23,0.0,0.38900565177326885
39633286376456396,0.0,0.74,0.26,0.0,0.4133731862463089
39633304558767117,0.0,0.98,0.02,0.0,0.07072027127091034
39633308144895983,0.0,0.46,0.54,0.0,0.49768921941011285
39633282672887663,0.0,0.98,0.02,0.0,0.07072027127091034
39633290059055249,0.0,0.99,0.01,0.0,0.04039656794795559
39633282672887709,0.0,0.77,0.23,0.0,0.38900565177326885
39633304554570690,0.0,0.34,0.66,0.0,0.46240935248651505
39633297327787229,0.0,0.95,0.05,0.0,0.14319847855797813
39633286376456859,0.0,0.35,0.65,0.0,0.4670340276877455
39633278935764089,0.09,0.91,0.0,0.0,0.21823490853205144
39633300968442025,0.0,0.19,0.81,0.0,0.3507357299419487
39633278944149826,0.0,0.71,0.29,0.0,0.43436062316970225
39633290050669355,0.0,0.96,0.04,0.0,0.12114609454120741
39633297365533932,0.0,0.64,0.36,0.0,0.4713415946277461
39633282664497499,0.0,0.16,0.84,0.0,0.3171547773202831
39633275190249985,0.0,0.02,0.98,0.0,0.07072027127091034
39633297348755627,0.0,0.07,0.93,0.0,0.18296182545011158
39633271465708879,0.0,0.09,0.91,0.0,0.21823490853205144
39633278931568804,0.0,0.07,0.93,0.0,0.18296182545011158
39633275198640037,0.0,0.06,0.94,0.0,0.16372245957723813
39633300968441168,0.0,0.28,0.72,0.0,0.4277254052800653
39633290050668838,0.0,0.84,0.16,0.0,0.3171547773202831
39633282693857378,0.0,0.06,0.94,0.0,0.16372245957723813
39633278948347087,0.0,0.95,0.05,0.0,0.14319847855797813
39633278944149580,0.0,0.01,0.99,0.0,0.04039656794795559
39633286368068386,0.0,0.74,0.26,0.0,0.4133731862463089
39633282651914519,0.0,0.95,0.05,0.0,0.14319847855797813
39633278931568793,0.0,0.35,0.65,0.0,0.4670340276877455
39633293720684664,0.0,0.0,1.0,0.0,-0.0
39633293699714227,0.0,0.46,0.54,0.0,0.49768921941011285
39633275198639942,0.0,0.07,0.93,0.0,0.18296182545011158
39633278960928473,0.0,0.43,0.57,0.0,0.4929075185894599
39633290042280405,0.0,0.07,0.93,0.0,0.18296182545011158
39633271444737392,0.0,0.03,0.97,0.0,0.0971959289157881
39633293720684948,0.0,0.89,0.11,0.0,0.249957979082264
39633275211219613,0.0,0.74,0.26,0.0,0.4133731862463089
39633271465707206,0.0,0.76,0.24,0.0,0.39752013969226113
39633286389039195,0.0,0.34,0.66,0.0,0.46240935248651505
39633271440541886,0.0,0.48,0.52,0.0,0.4994227679976009
39633278948347057,0.0,0.11,0.89,0.0,0.249957979082264
39633300955857015,0.0,0.27,0.73,0.0,0.42073231810408784
39633297357146424,0.0,0.02,0.96,0.02,0.14114609454120738
39633278952539996,0.0,0.29,0.71,0.0,0.43436062316970225
39633278944152532,0.0,0.68,0.32,0.0,0.45219072886224687
39633278965121887,0.0,0.98,0.02,0.0,0.07072027127091034
39633271465707468,0.0,0.83,0.17,0.0,0.32885238937210975
39633297365535809,0.0,0.06,0.94,0.0,0.16372245957723813
39633275190250289,0.0,0.16,0.84,0.0,0.3171547773202831
39633300960053580,0.0,0.36,0.64,0.0,0.4713415946277461
39633297348755586,0.0,0.0,0.91,0.09,0.21823490853205144
39633282664498348,0.0,0.19,0.81,0.0,0.3507357299419487
39633300960053026,0.0,0.04,0.96,0.0,0.12114609454120741
39633286384845616,0.0,0.25,0.74,0.01,0.4439483258828103
39633282664497619,0.0,0.97,0.03,0.0,0.0971959289157881
39633286363875393,0.0,0.64,0.36,0.0,0.4713415946277461
39633293699711884,0.0,0.46,0.54,0.0,0.49768921941011285
39633275211220590,0.0,0.86,0.14,0.0,0.292119405821428
39633297357146221,0.0,0.98,0.02,0.0,0.07072027127091034
39633293691324805,0.0,0.5,0.5,0.0,0.5
39633300964246710,0.0,0.01,0.99,0.0,0.04039656794795559
39633271444737279,0.0,0.14,0.86,0.0,0.292119405821428
39633282693859177,0.0,0.76,0.24,0.0,0.39752013969226113
39633290029698646,0.0,0.77,0.23,0.0,0.38900565177326885
39633271444736286,0.0,0.81,0.19,0.0,0.3507357299419487
39633300964246735,0.0,0.03,0.97,0.0,0.0971959289157881
39633278952539821,0.0,0.94,0.06,0.0,0.16372245957723813
39633278939958870,0.0,0.89,0.11,0.0,0.249957979082264
39633282685470600,0.0,0.02,0.97,0.01,0.11097036642660543
39633271465709459,0.0,0.05,0.95,0.0,0.14319847855797813
39633271465709540,0.0,0.8,0.2,0.0,0.36096404744368116
39633271469899823,0.0,0.11,0.89,0.0,0.249957979082264
39633297348755685,0.0,0.95,0.05,0.0,0.14319847855797813
39633297336173099,0.0,0.22,0.78,0.0,0.38008375148098283
39633297365535857,0.0,0.19,0.81,0.0,0.3507357299419487
39633293733267281,0.0,0.88,0.12,0.0,0.2646804326436822
39633282677083270,0.0,0.07,0.93,0.0,0.18296182545011158
39633293699714057,0.0,0.11,0.89,0.0,0.249957979082264
39633278960927514,0.0,0.51,0.49,0.0,0.49985572087640495
39633278931568736,0.0,0.05,0.94,0.01,0.1832231322266888
39633297365535758,0.0,0.55,0.45,0.0,0.49638722699390414
39633282660305475,0.0,0.08,0.92,0.0,0.2010895951011364
39633297336173127,0.0,0.1,0.9,0.0,0.2344977967946406
39633300972635703,0.0,0.24,0.76,0.0,0.39752013969226113
39633297331981624,0.0,0.09,0.91,0.0,0.21823490853205144
39633293733267300,0.0,0.73,0.27,0.0,0.42073231810408784
39633293720685829,0.0,0.45,0.55,0.0,0.49638722699390414
39633278944150126,0.0,0.37,0.63,0.0,0.47533604634353294
39633282685470838,0.01,0.62,0.37,0.0,0.5123783660260752
39633290075834195,0.0,0.0,1.0,0.0,-0.0
39633278931567147,0.0,0.89,0.11,0.0,0.249957979082264
39633275198636694,0.0,0.37,0.63,0.0,0.47533604634353294
39633293712295832,0.0,0.16,0.84,0.0,0.3171547773202831
39633293712295814,0.0,0.36,0.64,0.0,0.4713415946277461
39633300981023562,0.0,0.17,0.83,0.0,0.32885238937210975
39633293712295991,0.0,0.8,0.2,0.0,0.36096404744368116
39633293699713740,0.0,1.0,0.0,0.0,-0.0
39633278948346946,0.0,0.5,0.5,0.0,0.5
39633286359679902,0.0,0.02,0.97,0.01,0.11097036642660543
39633278948346925,0.0,0.86,0.14,0.0,0.292119405821428
39633282647722589,0.0,0.86,0.14,0.0,0.292119405821428
39633290071639598,0.0,0.88,0.12,0.0,0.2646804326436822
39633286359679818,0.0,0.7,0.3,0.0,0.44064544961534635
39633278948346968,0.05,0.95,0.0,0.0,0.14319847855797813
39633304562959415,0.0,0.39,0.61,0.0,0.4823997742525436
39633278931566865,0.0,0.84,0.16,0.0,0.3171547773202831
39633290033890668,0.0,0.25,0.75,0.0,0.4056390622295664
39633300981023386,0.0,1.0,0.0,0.0,-0.0
39633271444737685,0.0,0.22,0.78,0.0,0.38008375148098283
39633290033890742,0.0,0.1,0.9,0.0,0.2344977967946406
39633290029698585,0.0,0.5,0.5,0.0,0.5
39633300960052767,0.0,0.71,0.29,0.0,0.43436062316970225
39633278948346918,0.0,0.05,0.95,0.0,0.14319847855797813
39633290033890832,0.0,0.33,0.67,0.0,0.4574631863898637
39633293699714620,0.0,0.41,0.59,0.0,0.488250234378912
39633286389039211,0.0,0.35,0.65,0.0,0.4670340276877455
39633282685470648,0.0,0.03,0.97,0.0,0.0971959289157881
39633293724878348,0.0,0.08,0.92,0.0,0.2010895951011364
39633282647722582,0.0,0.98,0.02,0.0,0.07072027127091034
39633282647722860,0.0,0.97,0.03,0.0,0.0971959289157881
39633300985217598,0.0,0.11,0.89,0.0,0.249957979082264
39633297331981519,0.0,0.75,0.25,0.0,0.4056390622295664
39633286376456323,0.0,0.43,0.57,0.0,0.4929075185894599
39633275227997862,0.0,0.3,0.7,0.0,0.44064544961534635
39633300972637159,0.0,0.0,0.96,0.04,0.12114609454120741
39633300972637185,0.0,0.01,0.97,0.02,0.11097036642660543
39633282668692074,0.0,0.35,0.65,0.0,0.4670340276877455
39633282668692065,0.0,0.22,0.78,0.0,0.38008375148098283
39633297357144230,0.0,0.78,0.22,0.0,0.38008375148098283
39633290080026962,0.0,0.63,0.37,0.0,0.47533604634353294
39633290080026991,0.0,0.74,0.26,0.0,0.4133731862463089
39633271440541691,0.0,0.2,0.8,0.0,0.36096404744368116
39633293720684896,0.0,0.08,0.92,0.0,0.2010895951011364
39633282660306862,0.0,0.19,0.81,0.0,0.3507357299419487
39633267674056955,0.0,0.55,0.45,0.0,0.49638722699390414
39633282698052628,0.0,0.33,0.67,0.0,0.4574631863898637
39633282698052594,0.0,0.96,0.04,0.0,0.12114609454120741
39633286380651086,0.0,0.16,0.84,0.0,0.3171547773202831
39633293716488644,0.0,0.09,0.9,0.01,0.2579475764741046
39633293695516943,0.0,0.92,0.08,0.0,0.2010895951011364
39633293695516934,0.0,0.76,0.24,0.0,0.39752013969226113
39633293703906667,0.0,0.1,0.9,0.0,0.2344977967946406
39633300972637184,0.0,0.72,0.28,0.0,0.4277254052800653
39633282689663875,0.0,0.11,0.89,0.0,0.249957979082264
39633300972635590,0.0,0.54,0.46,0.0,0.49768921941011285
39633293724878166,0.0,0.95,0.05,0.0,0.14319847855797813
39633300972635560,0.0,0.73,0.27,0.0,0.42073231810408784
39633293720685669,0.0,0.78,0.22,0.0,0.38008375148098283
39633300972635690,0.0,0.28,0.72,0.0,0.4277254052800653
39633297344561711,0.0,0.11,0.89,0.0,0.249957979082264
39633293703906611,0.0,0.0,1.0,0.0,-0.0
39633282664497254,0.01,0.99,0.0,0.0,0.04039656794795559
39633297344561554,0.0,0.19,0.81,0.0,0.3507357299419487
39633282672888159,0.0,0.08,0.92,0.0,0.2010895951011364
39633271457318525,0.0,0.11,0.89,0.0,0.249957979082264
39633293691324873,0.0,0.0,1.0,0.0,-0.0
39633293724878085,0.0,0.26,0.74,0.0,0.4133731862463089
39633300960053588,0.0,0.32,0.68,0.0,0.45219072886224687
39633267682444713,0.0,0.99,0.01,0.0,0.04039656794795559
39633267682444720,0.0,0.19,0.81,0.0,0.3507357299419487
39633267682445470,0.0,0.6,0.4,0.0,0.4854752972273343
39633267657281007,0.0,0.91,0.09,0.0,0.21823490853205144
39633263874018709,0.0,0.08,0.92,0.0,0.2010895951011364
39633263874018522,0.0,0.37,0.63,0.0,0.47533604634353294
39633263874018667,0.0,0.18,0.82,0.0,0.34003852286413994
39633275227998248,0.0,0.89,0.11,0.0,0.249957979082264
39633267678249613,0.0,0.0,1.0,0.0,-0.0
39633286363875511,0.0,0.23,0.77,0.0,0.38900565177326885
39633286393234934,0.0,0.85,0.15,0.0,0.3049201523582002
39633278956733535,0.0,0.23,0.77,0.0,0.38900565177326885
39633275198636079,0.0,0.86,0.14,0.0,0.292119405821428
39633275194445482,0.0,0.75,0.25,0.0,0.4056390622295664
39633275194445479,0.0,0.03,0.97,0.0,0.0971959289157881
39633300985218626,0.0,0.68,0.32,0.0,0.45219072886224687
39633286393234581,0.0,0.85,0.15,0.0,0.3049201523582002
39633290029698398,0.0,0.28,0.72,0.0,0.4277254052800653
39633290033889405,0.0,0.59,0.41,0.0,0.488250234378912
39633293699714143,0.0,0.51,0.49,0.0,0.49985572087640495
39633290029698617,0.0,0.23,0.77,0.0,0.38900565177326885
39633290029698419,0.0,0.5,0.5,0.0,0.5
39633290033889658,0.0,0.14,0.86,0.0,0.292119405821428
39633271469900092,0.0,0.61,0.39,0.0,0.4823997742525436
39633263874018228,0.0,0.2,0.8,0.0,0.36096404744368116
39633286355488427,0.0,0.07,0.93,0.0,0.18296182545011158
39633286355488349,0.0,0.02,0.97,0.01,0.11097036642660543
39633293720684654,0.0,0.89,0.11,0.0,0.249957979082264
39633286355488124,0.0,0.06,0.93,0.01,0.20367037270049304
39633297336173056,0.0,0.98,0.02,0.0,0.07072027127091034
39633297365535805,0.0,0.09,0.91,0.0,0.21823490853205144
39633286355488142,0.0,0.85,0.15,0.0,0.3049201523582002
39633293699714166,0.0,0.76,0.24,0.0,0.39752013969226113
39633271436349123,0.0,0.11,0.89,0.0,0.249957979082264
39633271436349074,0.0,0.36,0.64,0.0,0.4713415946277461
39633293699714146,0.0,0.71,0.29,0.0,0.43436062316970225
39633293699714065,0.0,0.38,0.62,0.0,0.47902101111314976
39633300964248664,0.0,0.01,0.99,0.0,0.04039656794795559
39633304558766885,0.0,0.81,0.19,0.0,0.3507357299419487
39633300964248484,0.0,0.0,1.0,0.0,-0.0
39633300964248546,0.0,0.08,0.92,0.0,0.2010895951011364
39633297352952515,0.0,0.43,0.57,0.0,0.4929075185894599
39633293712296102,0.0,0.91,0.09,0.0,0.21823490853205144
39633290050668801,0.0,0.24,0.76,0.0,0.39752013969226113
39633293703905833,0.0,0.57,0.43,0.0,0.4929075185894599
39633290067445452,0.0,0.42,0.58,0.0,0.49072694751682683
39633290080027148,0.0,0.56,0.44,0.0,0.4947937606110278
39633290080027144,0.0,0.87,0.13,0.0,0.2787190925139945
39633300960054162,0.0,0.23,0.77,0.0,0.38900565177326885
39633271440541037,0.0,0.5,0.5,0.0,0.5
39633286384845762,0.0,0.89,0.11,0.0,0.249957979082264
39633297369729094,0.0,0.24,0.76,0.0,0.39752013969226113
39633286368069663,0.0,0.44,0.56,0.0,0.4947937606110278
39633271461514319,0.0,0.03,0.97,0.0,0.0971959289157881
39633297365535581,0.0,0.36,0.64,0.0,0.4713415946277461
39633290071639071,0.0,0.14,0.86,0.0,0.292119405821428
39633300960054072,0.0,0.0,1.0,0.0,-0.0
39633267665666382,0.0,0.6,0.4,0.0,0.4854752972273343
39633293703905485,0.0,0.96,0.04,0.0,0.12114609454120741
39633297348755855,0.0,0.01,0.99,0.0,0.04039656794795559
39633278935762152,0.0,0.8,0.2,0.0,0.36096404744368116
39633304562959734,0.0,0.01,0.99,0.0,0.04039656794795559
39633263869823553,0.0,0.11,0.89,0.0,0.249957979082264
39633293733265634,0.0,0.9,0.1,0.0,0.2344977967946406
39633267665666734,0.0,0.53,0.47,0.0,0.4987007942838698
39633267665666893,0.0,0.58,0.42,0.0,0.49072694751682683
39633278948346660,0.0,0.29,0.71,0.0,0.43436062316970225
39633293712295143,0.0,0.0,0.92,0.08,0.2010895951011364
39633300972636070,0.0,0.14,0.86,0.0,0.292119405821428
39633300972636160,0.0,0.71,0.29,0.0,0.43436062316970225
39633286368068233,0.0,0.12,0.88,0.0,0.2646804326436822
39633293733266987,0.0,0.47,0.53,0.0,0.4987007942838698
39633278944152473,0.0,0.95,0.05,0.0,0.14319847855797813
39633278948346746,0.0,0.27,0.73,0.0,0.42073231810408784
39633297344563927,0.0,0.01,0.99,0.0,0.04039656794795559
39633297357146732,0.0,0.34,0.66,0.0,0.46240935248651505
39633297357146644,0.0,0.45,0.55,0.0,0.49638722699390414
39633278944152420,0.0,0.14,0.86,0.0,0.292119405821428
39633282672888396,0.0,0.25,0.75,0.0,0.4056390622295664
39633297336176141,0.0,0.0,0.94,0.06,0.16372245957723813
39633304554571427,0.0,0.94,0.06,0.0,0.16372245957723813
39633278935762124,0.0,0.17,0.83,0.0,0.32885238937210975
39633290050668843,0.0,0.98,0.02,0.0,0.07072027127091034
39633278969318875,0.0,0.43,0.57,0.0,0.4929075185894599
39633300964247502,0.0,0.39,0.61,0.0,0.4823997742525436
39633293716490946,0.0,0.09,0.91,0.0,0.21823490853205144
39633293691323127,0.0,0.82,0.18,0.0,0.34003852286413994
39633271432153316,0.0,0.85,0.15,0.0,0.3049201523582002
39633271432153328,0.0,0.23,0.77,0.0,0.38900565177326885
39633293699714638,0.0,0.23,0.77,0.0,0.38900565177326885
39633286376457888,0.0,0.78,0.22,0.0,0.38008375148098283
39633297352953076,0.0,0.02,0.98,0.0,0.07072027127091034
39633290033890384,0.0,0.7,0.3,0.0,0.44064544961534635
39633304562959286,0.0,0.83,0.17,0.0,0.32885238937210975
39633300960053207,0.0,0.93,0.07,0.0,0.18296182545011158
39633300960053170,0.0,0.96,0.04,0.0,0.12114609454120741
39633293729071856,0.0,0.4,0.6,0.0,0.4854752972273343
39633304562959621,0.0,0.78,0.22,0.0,0.38008375148098283
39633297344564028,0.0,0.73,0.27,0.0,0.42073231810408784
39633290075834590,0.0,1.0,0.0,0.0,-0.0
39633304554571595,0.0,0.85,0.15,0.0,0.3049201523582002
39633286397427882,0.0,0.42,0.58,0.0,0.49072694751682683
39633286376456854,0.0,0.93,0.07,0.0,0.18296182545011158
39633267657281327,0.0,0.17,0.83,0.0,0.32885238937210975
39633304558766703,0.0,1.0,0.0,0.0,-0.0
39633293724878043,0.0,0.5,0.5,0.0,0.5
39633293729073976,0.0,0.3,0.7,0.0,0.44064544961534635
39633290033890287,0.0,0.79,0.21,0.0,0.37074136996563684
39633271457318572,0.0,0.48,0.52,0.0,0.4994227679976009
39633271457318624,0.0,0.04,0.96,0.0,0.12114609454120741
39633282672888059,0.0,0.78,0.22,0.0,0.38008375148098283
39633282677081738,0.0,0.01,0.99,0.0,0.04039656794795559
39633293729071332,0.0,0.02,0.98,0.0,0.07072027127091034
39633267682443904,0.0,0.78,0.22,0.0,0.38008375148098283
39633267682443956,0.0,0.35,0.65,0.0,0.4670340276877455
39633297348758566,0.0,0.0,0.9,0.1,0.2344977967946406
39633297352949923,0.0,0.13,0.87,0.0,0.2787190925139945
39633263869822948,0.23,0.77,0.0,0.0,0.38900565177326885
39633286363875088,0.0,0.65,0.35,0.0,0.4670340276877455
39633286363875127,0.0,0.0,1.0,0.0,-0.0
39633286363875244,0.0,0.87,0.13,0.0,0.2787190925139945
39633300960053554,0.0,0.01,0.99,0.0,0.04039656794795559
39633267682445777,0.0,0.76,0.24,0.0,0.39752013969226113
39633267682445814,0.0,0.29,0.71,0.0,0.43436062316970225
39633267678249746,0.0,0.6,0.4,0.0,0.4854752972273343
39633300960053346,0.06,0.93,0.01,0.0,0.20367037270049304
39633300985219115,0.0,0.82,0.18,0.0,0.34003852286413994
39633286376456719,0.0,0.31,0.69,0.0,0.4465867291889284
39633290059057688,0.0,0.84,0.16,0.0,0.3171547773202831
39633293691322946,0.0,0.25,0.75,0.0,0.4056390622295664
39633290063252204,0.0,0.02,0.98,0.0,0.07072027127091034
39633290063252280,0.0,0.34,0.66,0.0,0.46240935248651505
39633293724878105,0.0,0.3,0.7,0.0,0.44064544961534635
39633293729072217,0.0,0.58,0.42,0.0,0.49072694751682683
39633293729071710,0.0,0.0,0.99,0.01,0.04039656794795559
39633293729071619,0.0,0.0,0.94,0.06,0.16372245957723813
39633293729071582,0.0,0.07,0.93,0.0,0.18296182545011158
39633267678249005,0.0,0.24,0.76,0.0,0.39752013969226113
39633286347099602,0.0,0.26,0.74,0.0,0.4133731862463089
39633297344561514,0.0,0.25,0.75,0.0,0.4056390622295664
39633293703906900,0.0,0.88,0.12,0.0,0.2646804326436822
39633271465708758,0.0,0.47,0.53,0.0,0.4987007942838698
39633297340367503,0.0,0.24,0.76,0.0,0.39752013969226113
39633278969315976,0.0,0.01,0.99,0.0,0.04039656794795559
39633297357146419,0.0,0.84,0.16,0.0,0.3171547773202831
39633297352950113,0.0,0.39,0.61,0.0,0.4823997742525436
39633275211219555,0.0,0.0,0.95,0.05,0.14319847855797813
39633300968441264,0.0,0.02,0.98,0.0,0.07072027127091034
39633290071641309,0.0,0.0,1.0,0.0,-0.0
39633297357146563,0.0,0.14,0.86,0.0,0.292119405821428
39633267665667317,0.0,0.64,0.36,0.0,0.4713415946277461
39633282660306210,0.0,0.57,0.43,0.0,0.4929075185894599
39633282660306011,0.0,0.03,0.97,0.0,0.0971959289157881
39633286393235363,0.0,0.32,0.68,0.0,0.45219072886224687
39633271444734642,0.0,0.07,0.93,0.0,0.18296182545011158
39633286380651519,0.0,0.42,0.58,0.0,0.49072694751682683
39633275194443790,0.0,0.23,0.77,0.0,0.38900565177326885
39633275190251068,0.0,0.72,0.28,0.0,0.4277254052800653
39633278948344303,0.0,0.91,0.09,0.0,0.21823490853205144
39633275190250192,0.0,0.3,0.7,0.0,0.44064544961534635
39633282660305903,0.0,0.55,0.45,0.0,0.49638722699390414
39633308144894788,0.0,0.97,0.03,0.0,0.0971959289157881
39633275190249620,0.0,0.6,0.4,0.0,0.4854752972273343
39633293699714397,0.0,0.02,0.98,0.0,0.07072027127091034
39633293729072067,0.0,0.47,0.53,0.0,0.4987007942838698
39633293729072032,0.0,0.16,0.84,0.0,0.3171547773202831
39633304554570253,0.0,0.56,0.44,0.0,0.4947937606110278
39633300985218343,0.0,0.98,0.02,0.0,0.07072027127091034
39633300985218111,0.0,0.94,0.06,0.0,0.16372245957723813
39633300985218431,0.0,0.74,0.26,0.0,0.4133731862463089
39633304550377969,0.0,0.27,0.73,0.0,0.42073231810408784
39633304558766273,0.0,0.49,0.51,0.0,0.49985572087640495
39633290075834160,0.0,0.0,0.94,0.06,0.16372245957723813
39633286393235389,0.0,0.85,0.15,0.0,0.3049201523582002
39633293695516995,0.0,0.71,0.29,0.0,0.43436062316970225
39633300989413315,0.0,0.45,0.55,0.0,0.49638722699390414
39633308144895082,0.0,0.32,0.68,0.0,0.45219072886224687
39633308140702742,0.0,0.66,0.34,0.0,0.46240935248651505
39633293712297141,0.0,0.59,0.41,0.0,0.488250234378912
39633290075834384,0.0,0.11,0.89,0.0,0.249957979082264
39633308144894983,0.0,0.99,0.01,0.0,0.04039656794795559
39633308136506804,0.0,0.86,0.14,0.0,0.292119405821428
39633308136506780,0.0,0.98,0.02,0.0,0.07072027127091034
39633308136506836,0.0,0.89,0.11,0.0,0.249957979082264
39633290029697201,0.0,0.76,0.24,0.0,0.39752013969226113
39633304571348454,0.0,0.16,0.84,0.0,0.3171547773202831
39633293695516788,0.0,0.1,0.9,0.0,0.2344977967946406
39633304571348472,0.0,0.09,0.91,0.0,0.21823490853205144
39633290042279997,0.0,1.0,0.0,0.0,-0.0
39633308140701362,0.0,0.86,0.14,0.0,0.292119405821428
39633286372264649,0.0,0.19,0.81,0.0,0.3507357299419487
39633286359682291,0.0,0.56,0.44,0.0,0.4947937606110278
39633297331980381,0.0,0.16,0.84,0.0,0.3171547773202831
39633267657280879,0.0,0.09,0.91,0.0,0.21823490853205144
39633271440543570,0.0,0.14,0.86,0.0,0.292119405821428
39633282660306746,0.0,0.03,0.97,0.0,0.0971959289157881
39633300960053318,0.0,0.99,0.01,0.0,0.04039656794795559
39633308144895295,0.0,0.19,0.81,0.0,0.3507357299419487
39633293729072252,0.13,0.87,0.0,0.0,0.2787190925139945
39633293729072372,0.0,0.28,0.72,0.0,0.4277254052800653
39633267678249375,0.0,0.94,0.06,0.0,0.16372245957723813
39633267678249570,0.0,0.98,0.02,0.0,0.07072027127091034
39633293724879210,0.0,0.34,0.66,0.0,0.46240935248651505
39633275190251260,0.0,0.33,0.67,0.0,0.4574631863898637
39633293699713903,0.0,0.65,0.35,0.0,0.4670340276877455
39633293729071987,0.0,0.02,0.98,0.0,0.07072027127091034
39633267682444482,0.0,0.94,0.06,0.0,0.16372245957723813
39633286368069035,0.0,0.66,0.34,0.0,0.46240935248651505
39633286368069154,0.0,0.07,0.93,0.0,0.18296182545011158
39633286376458464,0.0,0.2,0.8,0.0,0.36096404744368116
39633304558766476,0.0,0.27,0.73,0.0,0.42073231810408784
39633293729071854,0.0,0.95,0.05,0.0,0.14319847855797813
39633290033890662,0.0,0.35,0.65,0.0,0.4670340276877455
39633278969316004,0.02,0.98,0.0,0.0,0.07072027127091034
39633290067444513,0.0,0.23,0.77,0.0,0.38900565177326885
39633293708102053,0.0,0.06,0.94,0.0,0.16372245957723813
39633300951662925,0.0,0.77,0.23,0.0,0.38900565177326885
39633267661472255,0.0,0.55,0.45,0.0,0.49638722699390414
39633290029697206,0.0,0.99,0.01,0.0,0.04039656794795559
39633304550377758,0.0,0.93,0.07,0.0,0.18296182545011158
39633304550375536,0.0,1.0,0.0,0.0,-0.0
39633290059057724,0.0,0.75,0.25,0.0,0.4056390622295664
39633304550377706,0.0,0.79,0.21,0.0,0.37074136996563684
39633304550377721,0.0,0.95,0.05,0.0,0.14319847855797813
39633297331980507,0.0,0.94,0.06,0.0,0.16372245957723813
39633297331980558,0.0,0.02,0.98,0.0,0.07072027127091034
39633293708103037,0.0,0.1,0.89,0.01,0.27413031336294724
39633282668694508,0.0,0.52,0.48,0.0,0.4994227679976009
39633308140702643,0.0,0.86,0.14,0.0,0.292119405821428
39633300947471658,0.0,0.44,0.56,0.0,0.4947937606110278
39633308136506407,0.0,0.93,0.07,0.0,0.18296182545011158
39633293691322972,0.05,0.95,0.0,0.0,0.14319847855797813
39633308128119318,0.0,0.45,0.55,0.0,0.49638722699390414
39633263857241850,0.0,0.69,0.31,0.0,0.4465867291889284
39633297352949980,0.0,0.0,0.97,0.03,0.0971959289157881
39633297352950010,0.0,0.56,0.44,0.0,0.4947937606110278
39633304579736888,0.0,0.3,0.7,0.0,0.44064544961534635
39633271436348813,0.0,0.77,0.23,0.0,0.38900565177326885
39633290029697293,0.0,0.31,0.69,0.0,0.4465867291889284
39633267661472620,0.0,0.06,0.94,0.0,0.16372245957723813
39633290063250007,0.0,0.53,0.47,0.0,0.4987007942838698
39633290063249928,0.0,0.13,0.87,0.0,0.2787190925139945
39633290029697182,0.0,0.73,0.27,0.0,0.42073231810408784
39633304554569779,0.0,0.31,0.69,0.0,0.4465867291889284
39633304550378530,0.0,0.75,0.25,0.0,0.4056390622295664
39633304554569768,0.0,0.98,0.02,0.0,0.07072027127091034
39633297331980940,0.0,0.06,0.94,0.0,0.16372245957723813
39633286376456436,0.0,0.4,0.6,0.0,0.4854752972273343
39633304554572575,0.0,0.77,0.23,0.0,0.38900565177326885
39633290059055853,0.0,0.72,0.28,0.0,0.4277254052800653
39633286376458012,0.0,0.9,0.1,0.0,0.2344977967946406
39633308132312518,0.0,0.16,0.84,0.0,0.3171547773202831
39633308132312526,0.0,0.96,0.04,0.0,0.12114609454120741
39633290080027933,0.0,0.27,0.73,0.0,0.42073231810408784
39633290075833860,0.0,0.45,0.55,0.0,0.49638722699390414
39633290063251553,0.0,0.51,0.49,0.0,0.49985572087640495
39633304554571067,0.0,0.06,0.94,0.0,0.16372245957723813
39633293729072828,0.0,0.23,0.77,0.0,0.38900565177326885
39633290046475346,0.0,0.7,0.3,0.0,0.44064544961534635
39633290046475370,0.0,0.68,0.32,0.0,0.45219072886224687
39633290046475338,0.0,0.97,0.03,0.0,0.0971959289157881
39633278965121963,0.0,0.09,0.91,0.0,0.21823490853205144
39633290046475493,0.0,0.71,0.29,0.0,0.43436062316970225
39633304550378133,0.0,0.94,0.06,0.0,0.16372245957723813
39633275190249179,0.0,1.0,0.0,0.0,-0.0
39633297336176182,0.0,0.95,0.05,0.0,0.14319847855797813
39633278965121905,0.0,0.05,0.95,0.0,0.14319847855797813
39633286380652261,0.0,0.24,0.76,0.0,0.39752013969226113
39633275227999410,0.0,0.32,0.68,0.0,0.45219072886224687
39633278969317869,0.0,0.23,0.77,0.0,0.38900565177326885
39633278969318005,0.0,0.35,0.65,0.0,0.4670340276877455
39633297340369881,0.0,0.09,0.91,0.0,0.21823490853205144
39633293733265678,0.0,0.53,0.47,0.0,0.4987007942838698
39633297340369617,0.0,0.03,0.97,0.0,0.0971959289157881
39633290042278224,0.0,0.04,0.96,0.0,0.12114609454120741
39633300981024629,0.0,0.67,0.33,0.0,0.4574631863898637
39633290033892183,0.0,0.23,0.77,0.0,0.38900565177326885
39633286368069158,0.0,0.53,0.47,0.0,0.4987007942838698
39633293720683570,0.0,0.99,0.01,0.0,0.04039656794795559
39633300985219198,0.0,0.17,0.83,0.0,0.32885238937210975
39633263869824123,0.05,0.91,0.04,0.0,0.2628333312247715
39633278969317322,0.01,0.85,0.14,0.0,0.33142210248480686
39633267657280326,0.0,0.35,0.65,0.0,0.4670340276877455
39633293708099630,0.0,0.12,0.88,0.0,0.2646804326436822
39633278969317401,0.0,0.01,0.98,0.01,0.08072027127091033
39633290038085784,0.0,0.01,0.97,0.02,0.11097036642660543
39633278973510446,0.0,0.24,0.76,0.0,0.39752013969226113
39633278952540174,0.0,0.42,0.58,0.0,0.49072694751682683
39633297361341182,0.0,0.07,0.93,0.0,0.18296182545011158
39633304571348530,0.0,0.03,0.97,0.0,0.0971959289157881
39633282672888226,0.0,0.56,0.44,0.0,0.4947937606110278
39633278969317477,0.0,0.87,0.13,0.0,0.2787190925139945
39633275190248981,0.0,0.69,0.31,0.0,0.4465867291889284
39633300972636635,0.0,0.89,0.11,0.0,0.249957979082264
39633278969318669,0.0,0.99,0.01,0.0,0.04039656794795559
39633278969318551,0.0,0.17,0.83,0.0,0.32885238937210975
39633297365533612,0.0,0.69,0.31,0.0,0.4465867291889284
39633267657280087,0.0,0.49,0.51,0.0,0.49985572087640495
39633275215414690,0.0,0.37,0.63,0.0,0.47533604634353294
39633304567154945,0.0,0.12,0.87,0.01,0.30414992414989617
39633300985219890,0.0,0.23,0.77,0.0,0.38900565177326885
39633282689663068,0.0,0.27,0.73,0.0,0.42073231810408784
39633282651914873,0.0,0.6,0.4,0.0,0.4854752972273343
39633282651914948,0.0,0.0,1.0,0.0,-0.0
39633293699713064,0.0,0.0,0.71,0.29,0.43436062316970225
39633300985220258,0.0,0.89,0.11,0.0,0.249957979082264
39633275215414803,0.0,0.0,0.99,0.01,0.04039656794795559
39633275215414696,0.0,0.99,0.01,0.0,0.04039656794795559
39633282651915130,0.0,0.39,0.61,0.0,0.4823997742525436
39633282651915141,0.0,0.62,0.38,0.0,0.47902101111314976
39633300985220507,0.0,0.97,0.03,0.0,0.0971959289157881
39633263865629650,0.0,0.15,0.85,0.0,0.3049201523582002
39633304567155105,0.0,0.0,0.98,0.02,0.07072027127091034
39633293699712999,0.0,0.04,0.96,0.0,0.12114609454120741
39633300968443302,0.0,0.14,0.86,0.0,0.292119405821428
39633304567154822,0.0,0.37,0.63,0.0,0.47533604634353294
39633286384845575,0.0,0.62,0.38,0.0,0.47902101111314976
39633290046472252,0.0,0.81,0.19,0.0,0.3507357299419487
39633308140700648,0.0,0.01,0.99,0.0,0.04039656794795559
39633275207028239,0.0,0.0,0.9,0.1,0.2344977967946406
39633293708100747,0.0,0.4,0.6,0.0,0.4854752972273343
39633300981024024,0.0,0.23,0.77,0.0,0.38900565177326885
39633271448931591,0.0,0.45,0.55,0.0,0.49638722699390414
39633300955858673,0.0,0.73,0.27,0.0,0.42073231810408784
39633282693860366,0.0,0.55,0.45,0.0,0.49638722699390414
39633308140700444,0.0,0.11,0.89,0.0,0.249957979082264
39633293699711930,0.0,0.03,0.97,0.0,0.0971959289157881
39633278948346934,0.0,0.43,0.57,0.0,0.4929075185894599
39633304575542897,0.0,1.0,0.0,0.0,-0.0
39633297361340166,0.0,0.79,0.21,0.0,0.37074136996563684
39633271448931237,0.0,0.03,0.97,0.0,0.0971959289157881
39633282693860419,0.0,0.58,0.42,0.0,0.49072694751682683
39633300955858708,0.0,0.34,0.66,0.0,0.46240935248651505
39633297361341591,0.0,0.07,0.92,0.01,0.22283217282912027
39633297361341564,0.0,0.22,0.78,0.0,0.38008375148098283
39633282660303088,0.04,0.95,0.01,0.0,0.16124668093016215
39633282660303100,0.0,0.21,0.79,0.0,0.37074136996563684
39633282660303113,0.0,0.01,0.97,0.02,0.11097036642660543
39633282660303149,0.0,0.68,0.32,0.0,0.45219072886224687
39633271448931087,0.0,0.05,0.94,0.01,0.1832231322266888
39633282660303289,0.0,0.07,0.9,0.03,0.2785623417561752
39633297361341457,0.0,0.07,0.93,0.0,0.18296182545011158
39633282689665233,0.0,1.0,0.0,0.0,-0.0
39633271444733993,0.0,0.21,0.79,0.0,0.37074136996563684
39633282660303630,0.0,0.02,0.98,0.0,0.07072027127091034
39633290075833270,0.0,0.54,0.46,0.0,0.49768921941011285
39633271448931102,0.0,0.04,0.94,0.02,0.19127133459887283
39633271448931134,0.0,0.01,0.98,0.01,0.08072027127091033
39633286384847186,0.0,0.43,0.57,0.0,0.4929075185894599
39633290046472430,0.0,0.04,0.96,0.0,0.12114609454120741
39633286389041696,0.0,0.3,0.7,0.0,0.44064544961534635
39633271453122633,0.0,0.11,0.89,0.0,0.249957979082264
39633297361341430,0.0,0.0,1.0,0.0,-0.0
39633282693860420,0.0,0.9,0.1,0.0,0.2344977967946406
39633267669862099,0.0,0.73,0.27,0.0,0.42073231810408784
39633293699711985,0.0,0.03,0.94,0.03,0.19372245957723813
39633286363876022,0.0,0.92,0.08,0.0,0.2010895951011364
39633275227999384,0.0,1.0,0.0,0.0,-0.0
39633290071638410,0.0,0.41,0.59,0.0,0.488250234378912
39633293729071629,0.0,0.07,0.93,0.0,0.18296182545011158
39633278960929727,0.0,0.11,0.89,0.0,0.249957979082264
39633275211221036,0.0,0.98,0.02,0.0,0.07072027127091034
39633271457316945,0.0,0.09,0.9,0.01,0.2579475764741046
39633293720683202,0.0,0.71,0.29,0.0,0.43436062316970225
39633300981025132,0.0,0.78,0.22,0.0,0.38008375148098283
39633290067446340,0.0,0.38,0.62,0.0,0.47902101111314976
39633293703908067,0.0,0.02,0.89,0.09,0.2875800930424113
39633290038085819,0.0,0.57,0.43,0.0,0.4929075185894599
39633293703906631,0.0,0.44,0.56,0.0,0.4947937606110278
39633290038085929,0.0,0.33,0.67,0.0,0.4574631863898637
39633304567154363,0.0,0.5,0.5,0.0,0.5
39633267674054926,0.0,0.9,0.1,0.0,0.2344977967946406
39633304575542788,0.0,0.6,0.4,0.0,0.4854752972273343
39633290038086229,0.0,0.31,0.69,0.0,0.4465867291889284
39633275190249210,0.0,0.03,0.95,0.02,0.1674722434193448
39633278952540625,0.0,0.0,0.98,0.02,0.07072027127091034
39633286355485273,0.0,0.82,0.18,0.0,0.34003852286413994
39633286355486975,0.0,0.96,0.04,0.0,0.12114609454120741
39633297357147181,0.0,0.7,0.3,0.0,0.44064544961534635
39633271448931079,0.0,0.68,0.32,0.0,0.45219072886224687
39633278935763046,0.0,0.24,0.76,0.0,0.39752013969226113
39633267669862580,0.0,0.36,0.64,0.0,0.4713415946277461
39633286351293707,0.0,0.33,0.67,0.0,0.4574631863898637
39633278956733471,0.0,0.08,0.92,0.0,0.2010895951011364
39633275215414898,0.0,0.02,0.97,0.01,0.11097036642660543
39633286351293895,0.0,0.17,0.83,0.0,0.32885238937210975
39633286351293950,0.0,0.0,0.63,0.37,0.47533604634353294
39633286351293960,0.0,0.0,0.99,0.01,0.04039656794795559
39633286363876131,0.0,0.03,0.95,0.02,0.1674722434193448
39633282668694378,0.0,0.31,0.69,0.0,0.4465867291889284
39633286355484742,0.0,0.85,0.15,0.0,0.3049201523582002
39633275223803242,0.0,0.21,0.79,0.0,0.37074136996563684
39633278956733583,0.0,0.1,0.9,0.0,0.2344977967946406
39633267661475087,0.0,0.57,0.43,0.0,0.4929075185894599
39633271444736172,0.0,0.92,0.08,0.0,0.2010895951011364
39633278969316292,0.0,0.85,0.15,0.0,0.3049201523582002
39633275223803095,0.0,0.26,0.74,0.0,0.4133731862463089
39633293720685809,0.0,0.15,0.85,0.0,0.3049201523582002
39633300972635002,0.0,0.5,0.5,0.0,0.5
39633290033892475,0.0,0.59,0.41,0.0,0.488250234378912
39633297336175329,0.0,0.04,0.96,0.0,0.12114609454120741
39633282651917391,0.0,0.7,0.3,0.0,0.44064544961534635
39633300976832209,0.0,0.03,0.97,0.0,0.0971959289157881
39633278931567232,0.0,0.0,0.97,0.03,0.0971959289157881
39633297340370048,0.0,0.88,0.12,0.0,0.2646804326436822
39633297365535965,0.0,0.18,0.81,0.01,0.37899559358928114
39633271436346489,0.0,0.03,0.97,0.0,0.0971959289157881
39633271436346472,0.0,0.02,0.98,0.0,0.07072027127091034
39633278935763361,0.0,0.09,0.91,0.0,0.21823490853205144
39633275202832159,0.0,1.0,0.0,0.0,-0.0
39633300976831958,0.0,0.32,0.68,0.0,0.45219072886224687
39633293703908833,0.0,0.63,0.37,0.0,0.47533604634353294
39633304567155194,0.0,0.16,0.84,0.0,0.3171547773202831
39633286363875683,0.0,0.54,0.46,0.0,0.49768921941011285
39633290038086729,0.0,0.74,0.26,0.0,0.4133731862463089
39633275215415346,0.0,0.61,0.39,0.0,0.4823997742525436
39633286368070427,0.0,0.83,0.17,0.0,0.32885238937210975
39633278948346821,0.0,0.25,0.75,0.0,0.4056390622295664
39633297369729087,0.0,0.9,0.1,0.0,0.2344977967946406
39633278965124149,0.0,0.2,0.8,0.0,0.36096404744368116
39633297369727566,0.0,0.15,0.85,0.0,0.3049201523582002
39633290033891946,0.0,0.94,0.06,0.0,0.16372245957723813
39633300985219402,0.0,0.09,0.91,0.0,0.21823490853205144
39633275215415531,0.0,0.19,0.81,0.0,0.3507357299419487
39633293708099792,0.0,0.09,0.91,0.0,0.21823490853205144
39633275215415657,0.0,0.61,0.39,0.0,0.4823997742525436
39633275215414662,0.0,0.9,0.1,0.0,0.2344977967946406
39633293699712851,0.0,0.52,0.48,0.0,0.4994227679976009
39633297369729471,0.0,0.78,0.22,0.0,0.38008375148098283
39633297369729515,0.0,0.69,0.31,0.0,0.4465867291889284
39633278956732572,0.0,0.39,0.61,0.0,0.4823997742525436
39633293699712839,0.0,0.04,0.96,0.0,0.12114609454120741
39633293733266007,0.0,0.39,0.61,0.0,0.4823997742525436
39633300985219018,0.0,0.55,0.45,0.0,0.49638722699390414
39633278960929650,0.0,0.34,0.66,0.0,0.46240935248651505
39633282651916399,0.0,0.93,0.07,0.0,0.18296182545011158
39633278960928427,0.0,0.42,0.58,0.0,0.49072694751682683
39633278960928407,0.0,0.19,0.81,0.0,0.3507357299419487
39633278956732953,0.0,0.5,0.5,0.0,0.5
39633278956732956,0.0,0.28,0.72,0.0,0.4277254052800653
39633282651914847,0.0,0.47,0.53,0.0,0.4987007942838698
39633282651916731,0.0,0.58,0.42,0.0,0.49072694751682683
39633278927375692,0.0,0.26,0.74,0.0,0.4133731862463089
39633275202831773,0.0,0.96,0.04,0.0,0.12114609454120741
39633282689663629,0.0,0.98,0.02,0.0,0.07072027127091034
39633286389039147,0.0,0.14,0.86,0.0,0.292119405821428
39633297365532729,0.0,0.21,0.79,0.0,0.37074136996563684
39633293720684870,0.0,0.7,0.3,0.0,0.44064544961534635
39633278973510537,0.0,0.03,0.94,0.03,0.19372245957723813
39633282689665386,0.0,0.06,0.94,0.0,0.16372245957723813
39633282681276531,0.0,0.07,0.93,0.0,0.18296182545011158
39633297365532717,0.0,0.88,0.12,0.0,0.2646804326436822
39633278935763580,0.0,0.12,0.87,0.01,0.30414992414989617
39633282698052153,0.0,0.02,0.98,0.0,0.07072027127091034
39633293720684956,0.0,0.01,0.97,0.02,0.11097036642660543
39633293708100027,0.0,0.24,0.76,0.0,0.39752013969226113
39633282681276449,0.0,0.08,0.9,0.02,0.2705942015390087
39633282647723160,0.0,0.88,0.12,0.0,0.2646804326436822
39633297365532737,0.0,0.98,0.02,0.0,0.07072027127091034
39633271448930975,0.0,0.75,0.25,0.0,0.4056390622295664
39633286393234216,0.01,0.99,0.0,0.0,0.04039656794795559
39633297348757010,0.0,0.91,0.09,0.0,0.21823490853205144
39633297348757091,0.0,0.03,0.97,0.0,0.0971959289157881
39633286363875784,0.0,0.0,0.9,0.1,0.2344977967946406
39633304571348625,0.0,0.04,0.96,0.0,0.12114609454120741
39633282656110935,0.0,0.24,0.76,0.0,0.39752013969226113
39633271448931075,0.0,0.0,0.82,0.18,0.34003852286413994
39633297361341773,0.0,0.65,0.35,0.0,0.4670340276877455
39633286363875410,0.0,0.0,0.97,0.03,0.0971959289157881
39633278956733592,0.0,0.88,0.12,0.0,0.2646804326436822
39633290075833369,0.0,0.23,0.77,0.0,0.38900565177326885
39633278960928464,0.0,0.14,0.86,0.0,0.292119405821428
39633290046474366,0.0,0.82,0.18,0.0,0.34003852286413994
39633286380652408,0.0,0.03,0.97,0.0,0.0971959289157881
39633278969316401,0.0,0.88,0.12,0.0,0.2646804326436822
39633304567155005,0.0,0.62,0.38,0.0,0.47902101111314976
39633290075833236,0.0,0.01,0.97,0.02,0.11097036642660543
39633271469900371,0.0,0.03,0.97,0.0,0.0971959289157881
39633293729073229,0.0,0.94,0.06,0.0,0.16372245957723813
39633278960928432,0.0,0.92,0.08,0.0,0.2010895951011364
39633290050666699,0.0,0.07,0.93,0.0,0.18296182545011158
39633278935763347,0.0,0.75,0.25,0.0,0.4056390622295664
39633304567155042,0.0,0.89,0.11,0.0,0.249957979082264
39633290038086496,0.0,0.0,1.0,0.0,-0.0
39633278956733465,0.0,0.44,0.56,0.0,0.4947937606110278
39633293724877190,0.0,0.34,0.66,0.0,0.46240935248651505
39633278960928637,0.0,0.69,0.31,0.0,0.4465867291889284
39633293699711143,0.0,0.8,0.2,0.0,0.36096404744368116
39633297365535501,0.0,0.92,0.08,0.0,0.2010895951011364
39633293695520302,0.0,0.04,0.96,0.0,0.12114609454120741
39633304567155206,0.0,0.48,0.52,0.0,0.4994227679976009
39633278960929739,0.0,0.05,0.95,0.0,0.14319847855797813
39633293720684050,0.0,0.01,0.99,0.0,0.04039656794795559
39633293720684058,0.0,0.07,0.93,0.0,0.18296182545011158
39633275227997927,0.0,0.42,0.58,0.0,0.49072694751682683
39633282681274439,0.05,0.94,0.01,0.0,0.1832231322266888
39633275227997388,0.0,1.0,0.0,0.0,-0.0
39633286384846564,0.0,0.48,0.52,0.0,0.4994227679976009
39633290063251664,0.0,0.84,0.16,0.0,0.3171547773202831
39633286368069839,0.0,0.95,0.05,0.0,0.14319847855797813
39633290038084902,0.0,0.05,0.93,0.02,0.21317104534994366
39633293716489630,0.0,0.46,0.54,0.0,0.49768921941011285
39633263874016487,0.0,0.95,0.05,0.0,0.14319847855797813
39633278973510581,0.0,0.05,0.95,0.0,0.14319847855797813
39633290038085759,0.0,0.0,0.62,0.38,0.47902101111314976
39633286384845642,0.0,0.36,0.64,0.0,0.4713415946277461
39633278973510864,0.0,1.0,0.0,0.0,-0.0
39633290054861559,0.01,0.87,0.12,0.0,0.30414992414989617
39633290038085767,0.0,0.05,0.95,0.0,0.14319847855797813
39633267669863261,0.0,0.03,0.97,0.0,0.0971959289157881
39633271461512934,0.01,0.93,0.06,0.0,0.20367037270049304
39633286372262198,0.0,0.11,0.89,0.0,0.249957979082264
39633300976832185,0.0,0.16,0.84,0.0,0.3171547773202831
39633293695518914,0.0,1.0,0.0,0.0,-0.0
39633286359681272,0.0,0.1,0.9,0.0,0.2344977967946406
39633267669862879,0.0,0.77,0.23,0.0,0.38900565177326885
39633267669862956,0.0,0.62,0.38,0.0,0.47902101111314976
39633293712296614,0.0,0.08,0.92,0.0,0.2010895951011364
39633282698052871,0.0,0.79,0.21,0.0,0.37074136996563684
39633282698052933,0.01,0.85,0.14,0.0,0.33142210248480686
39633282689663812,0.0,0.98,0.02,0.0,0.07072027127091034
39633286359681367,0.0,0.48,0.52,0.0,0.4994227679976009
39633293703908001,0.0,0.1,0.9,0.0,0.2344977967946406
39633267669863048,0.0,0.4,0.6,0.0,0.4854752972273343
39633282698052616,0.0,0.51,0.49,0.0,0.49985572087640495
39633282698052783,0.0,0.06,0.94,0.0,0.16372245957723813
39633286355485968,0.0,0.94,0.06,0.0,0.16372245957723813
39633267665669373,0.0,0.47,0.53,0.0,0.4987007942838698
39633267661472258,0.0,0.96,0.04,0.0,0.12114609454120741
39633290038086085,0.0,0.18,0.82,0.0,0.34003852286413994
39633282685472077,0.0,0.14,0.86,0.0,0.292119405821428
39633267661472840,0.0,0.98,0.02,0.0,0.07072027127091034
39633278952540400,0.0,1.0,0.0,0.0,-0.0
39633297336174134,0.0,0.04,0.96,0.0,0.12114609454120741
39633282689663611,0.0,0.01,0.94,0.05,0.1832231322266888
39633300960052988,0.0,0.52,0.48,0.0,0.4994227679976009
39633293712297312,0.0,0.99,0.01,0.0,0.04039656794795559
39633293712297317,0.0,0.3,0.7,0.0,0.44064544961534635
39633304571348384,0.0,0.31,0.69,0.0,0.4465867291889284
39633278973511230,0.0,0.27,0.73,0.0,0.42073231810408784
39633304571348125,0.0,0.09,0.91,0.0,0.21823490853205144
39633275227998445,0.0,0.81,0.19,0.0,0.3507357299419487
39633278965121490,0.0,0.04,0.96,0.0,0.12114609454120741
39633278965121473,0.0,0.05,0.95,0.0,0.14319847855797813
39633282698052452,0.0,0.04,0.96,0.0,0.12114609454120741
39633282698052515,0.0,0.59,0.41,0.0,0.488250234378912
39633286363876629,0.0,0.0,1.0,0.0,-0.0
39633282685472126,0.0,0.0,1.0,0.0,-0.0
39633286363876539,0.0,0.97,0.03,0.0,0.0971959289157881
39633282689663025,0.0,0.11,0.89,0.0,0.249957979082264
39633271461513679,0.0,0.26,0.74,0.0,0.4133731862463089
39633286389039464,0.0,0.05,0.95,0.0,0.14319847855797813
39633300972636353,0.0,0.0,1.0,0.0,-0.0
39633300968440517,0.0,0.16,0.84,0.0,0.3171547773202831
39633293695519213,0.0,0.14,0.86,0.0,0.292119405821428
39633278939958469,0.0,0.78,0.22,0.0,0.38008375148098283
39633293695519194,0.0,0.75,0.25,0.0,0.4056390622295664
39633300968440347,0.0,0.0,1.0,0.0,-0.0
39633300968440694,0.0,0.48,0.52,0.0,0.4994227679976009
39633300972636339,0.0,0.3,0.7,0.0,0.44064544961534635
39633297352953190,0.0,0.03,0.96,0.01,0.13737165703039006
39633286397427884,0.0,0.99,0.01,0.0,0.04039656794795559
39633297365534355,0.0,0.02,0.98,0.0,0.07072027127091034
39633290042278040,0.0,0.31,0.69,0.0,0.4465867291889284
39633293699712414,0.0,0.78,0.22,0.0,0.38008375148098283
39633300964247962,0.0,0.6,0.4,0.0,0.4854752972273343
39633290071638674,0.0,0.48,0.52,0.0,0.4994227679976009
39633286368068821,0.0,0.81,0.19,0.0,0.3507357299419487
39633271448930400,0.0,0.19,0.81,0.0,0.3507357299419487
39633300985217739,0.0,0.78,0.22,0.0,0.38008375148098283
39633300981025630,0.0,0.07,0.93,0.0,0.18296182545011158
39633300985217331,0.0,0.76,0.24,0.0,0.39752013969226113
39633300985218899,0.0,0.92,0.08,0.0,0.2010895951011364
39633286363876250,0.0,0.0,0.98,0.02,0.07072027127091034
39633286368068144,0.0,0.4,0.6,0.0,0.4854752972273343
39633297365534361,0.0,0.99,0.01,0.0,0.04039656794795559
39633286359681671,0.0,0.33,0.67,0.0,0.4574631863898637
39633286359680073,0.0,0.41,0.59,0.0,0.488250234378912
39633293720682700,0.0,0.14,0.86,0.0,0.292119405821428
39633278956732835,0.0,0.33,0.67,0.0,0.4574631863898637
39633290046473295,0.0,0.01,0.99,0.0,0.04039656794795559
39633271457317509,0.0,0.46,0.54,0.0,0.49768921941011285
39633278960929985,0.0,0.86,0.14,0.0,0.292119405821428
39633308144896220,0.0,0.89,0.11,0.0,0.249957979082264
39633300968441556,0.0,0.55,0.45,0.0,0.49638722699390414
39633300976831768,0.0,0.38,0.62,0.0,0.47902101111314976
39633278960929807,0.0,0.7,0.3,0.0,0.44064544961534635
39633267669862451,0.0,0.62,0.38,0.0,0.47902101111314976
39633278935761538,0.0,0.76,0.24,0.0,0.39752013969226113
39633286363876822,0.0,0.96,0.04,0.0,0.12114609454120741
39633278935761557,0.0,0.01,0.98,0.01,0.08072027127091033
39633304562960464,0.0,0.71,0.29,0.0,0.43436062316970225
39633293720683609,0.0,0.39,0.61,0.0,0.4823997742525436
39633282693857976,0.0,0.64,0.36,0.0,0.4713415946277461
39633275202831004,0.0,0.95,0.05,0.0,0.14319847855797813
39633293712296382,0.0,0.69,0.31,0.0,0.4465867291889284
39633300968441691,0.0,1.0,0.0,0.0,-0.0
39633300976831825,0.0,0.02,0.98,0.0,0.07072027127091034
39633286380653260,0.0,0.55,0.45,0.0,0.49638722699390414
39633297361341737,0.0,0.4,0.6,0.0,0.4854752972273343
39633300985217564,0.0,0.15,0.85,0.0,0.3049201523582002
39633286363876290,0.0,0.0,0.86,0.14,0.292119405821428
39633282689663930,0.0,0.51,0.49,0.0,0.49985572087640495
39633275198639145,0.0,0.56,0.44,0.0,0.4947937606110278
39633275198639015,0.0,1.0,0.0,0.0,-0.0
39633275198638897,0.0,1.0,0.0,0.0,-0.0
39633286359680578,0.0,0.0,0.92,0.08,0.2010895951011364
39633275207026148,0.0,0.78,0.22,0.0,0.38008375148098283
39633286380653187,0.0,0.21,0.79,0.0,0.37074136996563684
39633286359681617,0.02,0.95,0.03,0.0,0.1674722434193448
39633275207026064,0.0,0.56,0.44,0.0,0.4947937606110278
39633271436348707,0.0,0.98,0.02,0.0,0.07072027127091034
39633304562960285,0.0,0.59,0.41,0.0,0.488250234378912
39633297365535264,0.0,0.6,0.4,0.0,0.4854752972273343
39633290042280668,0.0,0.8,0.2,0.0,0.36096404744368116
39633286359680454,0.0,0.07,0.93,0.0,0.18296182545011158
39633286359680465,0.0,0.01,0.99,0.0,0.04039656794795559
39633290042280801,0.0,0.22,0.78,0.0,0.38008375148098283
39633286359679061,0.0,0.02,0.94,0.04,0.1912713345988728
39633271461512773,0.0,0.22,0.78,0.0,0.38008375148098283
39633293699712359,0.0,0.1,0.9,0.0,0.2344977967946406
39633282689666233,0.0,0.5,0.5,0.0,0.5
39633297340369788,0.0,0.62,0.38,0.0,0.47902101111314976
39633297340369369,0.0,0.86,0.14,0.0,0.292119405821428
39633282677080514,0.0,0.79,0.21,0.0,0.37074136996563684
39633308144896243,0.0,0.72,0.28,0.0,0.4277254052800653
39633297365535206,0.0,0.76,0.24,0.0,0.39752013969226113
39633286363876551,0.0,0.69,0.31,0.0,0.4465867291889284
39633286363876513,0.0,0.01,0.98,0.01,0.08072027127091033
39633282672887638,0.0,0.22,0.78,0.0,0.38008375148098283
39633286363876354,0.0,0.77,0.23,0.0,0.38900565177326885
39633278952541260,0.0,0.23,0.77,0.0,0.38900565177326885
39633286363876437,0.0,0.07,0.92,0.01,0.22283217282912027
39633278952541347,0.0,0.76,0.24,0.0,0.39752013969226113
39633267665669674,0.0,0.77,0.23,0.0,0.38900565177326885
39633282698053032,0.0,0.01,0.99,0.0,0.04039656794795559
39633275202831834,0.0,0.02,0.98,0.0,0.07072027127091034
39633275194443067,0.0,0.02,0.98,0.0,0.07072027127091034
39633297365535123,0.01,0.98,0.01,0.0,0.08072027127091033
39633278956732910,0.0,0.73,0.27,0.0,0.42073231810408784
39633300976832322,0.0,0.17,0.83,0.0,0.32885238937210975
39633290075833911,0.0,0.39,0.61,0.0,0.4823997742525436
39633275194444785,0.0,0.48,0.52,0.0,0.4994227679976009
39633286363876207,0.0,0.81,0.19,0.0,0.3507357299419487
39633308140700830,0.0,0.98,0.02,0.0,0.07072027127091034
39633263874015820,0.0,0.96,0.04,0.0,0.12114609454120741
39633263874015809,0.0,1.0,0.0,0.0,-0.0
39633271461513700,0.0,0.16,0.84,0.0,0.3171547773202831
39633275190249355,0.0,0.68,0.32,0.0,0.45219072886224687
39633293720683611,0.0,1.0,0.0,0.0,-0.0
39633263874015848,0.0,0.35,0.65,0.0,0.4670340276877455
39633267678251823,0.0,0.89,0.11,0.0,0.249957979082264
39633267661475826,0.0,0.02,0.98,0.0,0.07072027127091034
39633278965122227,0.0,0.07,0.93,0.0,0.18296182545011158
39633267678252380,0.0,0.79,0.21,0.0,0.37074136996563684
39633293699713761,0.0,0.29,0.71,0.0,0.43436062316970225
39633297373921493,0.0,0.11,0.89,0.0,0.249957979082264
39633275211221366,0.0,0.86,0.14,0.0,0.292119405821428
39633297344561366,0.0,0.72,0.28,0.0,0.4277254052800653
39633275211221071,0.0,0.63,0.37,0.0,0.47533604634353294
39633278956733177,0.0,1.0,0.0,0.0,-0.0
39633275211221011,0.0,0.08,0.92,0.0,0.2010895951011364
39633267674055082,0.0,0.03,0.97,0.0,0.0971959289157881
39633278939956602,0.0,0.71,0.29,0.0,0.43436062316970225
39633278939956744,0.0,0.03,0.97,0.0,0.0971959289157881
39633293720685888,0.0,0.08,0.92,0.0,0.2010895951011364
39633267669862617,0.0,0.01,0.99,0.0,0.04039656794795559
39633278939956428,0.0,0.39,0.61,0.0,0.4823997742525436
39633267669862875,0.0,0.8,0.2,0.0,0.36096404744368116
39633282689665252,0.0,0.98,0.02,0.0,0.07072027127091034
39633278965123861,0.0,0.81,0.19,0.0,0.3507357299419487
39633271457317822,0.0,0.86,0.14,0.0,0.292119405821428
39633290075832887,0.0,0.23,0.77,0.0,0.38900565177326885
39633275211220787,0.0,0.08,0.92,0.0,0.2010895951011364
39633293733267456,0.0,0.02,0.98,0.0,0.07072027127091034
39633267674055555,0.0,0.11,0.89,0.0,0.249957979082264
39633297373921618,0.0,0.82,0.18,0.0,0.34003852286413994
39633275198638176,0.0,0.77,0.23,0.0,0.38900565177326885
39633300955860287,0.03,0.95,0.02,0.0,0.1674722434193448
39633297357147581,0.4,0.6,0.0,0.0,0.4854752972273343
39633282693859032,0.0,0.71,0.29,0.0,0.43436062316970225
39633267678252270,0.0,0.43,0.57,0.0,0.4929075185894599
39633282693858633,0.0,0.77,0.23,0.0,0.38900565177326885
39633271461513190,0.0,0.7,0.3,0.0,0.44064544961534635
39633278927373416,0.0,0.66,0.34,0.0,0.46240935248651505
39633282685468992,0.0,0.02,0.96,0.02,0.14114609454120738
39633278956732690,0.0,0.9,0.1,0.0,0.2344977967946406
39633271461513177,0.0,0.53,0.47,0.0,0.4987007942838698
39633278956732686,0.0,0.69,0.31,0.0,0.4465867291889284
39633297344561484,0.0,0.15,0.85,0.0,0.3049201523582002
39633271461512896,0.0,0.02,0.98,0.0,0.07072027127091034
39633297373923167,0.0,0.27,0.73,0.0,0.42073231810408784
39633278927373318,0.0,0.08,0.92,0.0,0.2010895951011364
39633278939955483,0.0,0.94,0.06,0.0,0.16372245957723813
39633271457317770,0.0,0.89,0.11,0.0,0.249957979082264
39633271436348491,0.0,0.47,0.53,0.0,0.4987007942838698
39633271436348798,0.0,0.84,0.16,0.0,0.3171547773202831
39633290050667524,0.0,0.51,0.49,0.0,0.49985572087640495
39633271436348693,0.0,0.42,0.58,0.0,0.49072694751682683
39633278939955257,0.0,0.04,0.96,0.0,0.12114609454120741
39633278939956631,0.0,0.25,0.75,0.0,0.4056390622295664
39633290067446639,0.0,0.68,0.32,0.0,0.45219072886224687
39633278939958886,0.0,0.47,0.53,0.0,0.4987007942838698
39633271436348531,0.0,0.76,0.24,0.0,0.39752013969226113
39633271436348509,0.0,0.28,0.72,0.0,0.4277254052800653
39633293716490763,0.0,0.8,0.2,0.0,0.36096404744368116
39633297344561689,0.0,0.13,0.87,0.0,0.2787190925139945
39633286389041141,0.0,0.01,0.99,0.0,0.04039656794795559
39633271469900606,0.0,0.15,0.85,0.0,0.3049201523582002
39633275223802847,0.0,0.9,0.1,0.0,0.2344977967946406
39633275227997919,0.0,1.0,0.0,0.0,-0.0
39633282685469011,0.0,0.93,0.07,0.0,0.18296182545011158
39633275223803878,0.0,0.09,0.91,0.0,0.21823490853205144
39633271469900367,0.0,0.96,0.04,0.0,0.12114609454120741
39633297373921322,0.0,0.21,0.79,0.0,0.37074136996563684
39633290075833183,0.0,0.83,0.17,0.0,0.32885238937210975
39633304567155271,0.0,0.39,0.61,0.0,0.4823997742525436
39633263874016119,0.0,0.51,0.49,0.0,0.49985572087640495
39633263874016565,0.07,0.93,0.0,0.0,0.18296182545011158
39633293712297182,0.0,0.3,0.7,0.0,0.44064544961534635
39633282698052507,0.0,0.43,0.57,0.0,0.4929075185894599
39633282689663797,0.0,0.26,0.74,0.0,0.4133731862463089
39633297340369841,0.0,0.09,0.91,0.0,0.21823490853205144
39633290071640916,0.0,0.89,0.11,0.0,0.249957979082264
39633297340369957,0.0,0.18,0.82,0.0,0.34003852286413994
39633271457317821,0.0,0.6,0.4,0.0,0.4854752972273343
39633286397428280,0.0,0.25,0.75,0.0,0.4056390622295664
39633300964245639,0.0,0.48,0.52,0.0,0.4994227679976009
39633278973511933,0.0,0.77,0.23,0.0,0.38900565177326885
39633282698053142,0.0,0.0,0.57,0.43,0.4929075185894599
39633300972636807,0.0,0.02,0.98,0.0,0.07072027127091034
39633271444734200,0.0,0.59,0.41,0.0,0.488250234378912
39633286397428236,0.0,0.02,0.97,0.01,0.11097036642660543
39633286389041266,0.0,0.12,0.87,0.01,0.30414992414989617
39633282698053211,0.0,0.75,0.25,0.0,0.4056390622295664
39633282668694331,0.0,0.04,0.96,0.0,0.12114609454120741
39633297344564406,0.0,0.18,0.79,0.03,0.4328670117167812
39633297344564391,0.0,0.51,0.49,0.0,0.49985572087640495
39633275194444835,0.0,0.3,0.7,0.0,0.44064544961534635
39633275194444849,0.0,0.38,0.62,0.0,0.47902101111314976
39633300985219287,0.0,0.1,0.9,0.0,0.2344977967946406
39633297357147845,0.0,0.2,0.8,0.0,0.36096404744368116
39633271440543611,0.0,0.02,0.97,0.01,0.11097036642660543
39633282685469159,0.0,0.35,0.65,0.0,0.4670340276877455
39633282685469160,0.0,0.26,0.74,0.0,0.4133731862463089
39633293720683981,0.0,0.0,0.85,0.15,0.3049201523582002
39633282693858576,0.0,0.82,0.18,0.0,0.34003852286413994
39633293720683923,0.0,0.01,0.98,0.01,0.08072027127091033
39633271469899897,0.0,0.95,0.05,0.0,0.14319847855797813
39633286384848006,0.0,0.71,0.29,0.0,0.43436062316970225
39633271436348603,0.0,0.87,0.13,0.0,0.2787190925139945
39633293712296124,0.0,0.37,0.63,0.0,0.47533604634353294
39633297331981068,0.0,0.04,0.96,0.0,0.12114609454120741
39633286355486149,0.0,0.98,0.02,0.0,0.07072027127091034
39633271469900231,0.0,0.32,0.68,0.0,0.45219072886224687
39633290067446464,0.0,0.31,0.69,0.0,0.4465867291889284
39633275227997497,0.01,0.91,0.08,0.0,0.24088153359695552
39633286397430054,0.0,0.5,0.5,0.0,0.5
39633290046473500,0.0,0.53,0.47,0.0,0.4987007942838698
39633271457320233,0.0,0.94,0.06,0.0,0.16372245957723813
39633297336175893,0.0,0.06,0.94,0.0,0.16372245957723813
39633293724879218,0.0,0.58,0.42,0.0,0.49072694751682683
39633282689664091,0.0,1.0,0.0,0.0,-0.0
39633275190250094,0.0,0.02,0.98,0.0,0.07072027127091034
39633267678250739,0.0,0.9,0.1,0.0,0.2344977967946406
39633263869824010,0.0,0.32,0.68,0.0,0.45219072886224687
39633263869824207,0.0,0.78,0.22,0.0,0.38008375148098283
39633275219607862,0.0,0.53,0.47,0.0,0.4987007942838698
39633293724879172,0.0,0.83,0.17,0.0,0.32885238937210975
39633275190250212,0.0,0.46,0.54,0.0,0.49768921941011285
39633282689663674,0.0,0.0,0.94,0.06,0.16372245957723813
39633267678250668,0.0,0.95,0.05,0.0,0.14319847855797813
39633297336174277,0.0,0.53,0.47,0.0,0.4987007942838698
39633282660303142,0.0,0.0,0.87,0.13,0.2787190925139945
39633290067444702,0.0,0.83,0.17,0.0,0.32885238937210975
39633282664499486,0.0,0.13,0.87,0.0,0.2787190925139945
39633286363875842,0.0,0.88,0.12,0.0,0.2646804326436822
39633278939956438,0.0,0.89,0.11,0.0,0.249957979082264
39633278973510324,0.0,0.8,0.2,0.0,0.36096404744368116
39633300955859455,0.0,0.42,0.58,0.0,0.49072694751682683
39633300955859738,0.0,0.43,0.57,0.0,0.4929075185894599
39633275190250715,0.0,0.01,0.97,0.02,0.11097036642660543
39633286363874433,0.0,0.67,0.33,0.0,0.4574631863898637
39633278965122334,0.0,0.47,0.53,0.0,0.4987007942838698
39633278935764421,0.0,0.74,0.26,0.0,0.4133731862463089
39633282693860375,0.0,0.8,0.2,0.0,0.36096404744368116
39633290075832502,0.0,0.94,0.06,0.0,0.16372245957723813
39633278935764334,0.0,0.97,0.03,0.0,0.0971959289157881
39633278935764292,0.0,0.85,0.15,0.0,0.3049201523582002
39633293733266812,0.0,0.03,0.97,0.0,0.0971959289157881
39633267665668481,0.0,0.21,0.79,0.0,0.37074136996563684
39633278960929930,0.0,0.93,0.07,0.0,0.18296182545011158
39633282660305971,0.0,0.93,0.07,0.0,0.18296182545011158
39633271453124960,0.0,0.25,0.75,0.0,0.4056390622295664
39633278960929987,0.0,0.99,0.01,0.0,0.04039656794795559
39633267665668367,0.0,0.67,0.33,0.0,0.4574631863898637
39633300972637304,0.0,0.1,0.9,0.0,0.2344977967946406
39633267665668123,0.0,0.89,0.11,0.0,0.249957979082264
39633293733266919,0.0,0.89,0.11,0.0,0.249957979082264
39633282660303259,0.0,0.03,0.96,0.01,0.13737165703039006
39633275223804569,0.0,0.7,0.3,0.0,0.44064544961534635
39633286355485929,0.0,0.1,0.9,0.0,0.2344977967946406
39633282689664388,0.0,0.25,0.75,0.0,0.4056390622295664
39633275223804604,0.0,0.97,0.03,0.0,0.0971959289157881
39633278960929718,0.0,0.11,0.89,0.0,0.249957979082264
39633282660303218,0.0,0.97,0.03,0.0,0.0971959289157881
39633278935763413,0.0,0.21,0.79,0.0,0.37074136996563684
39633278960929922,0.01,0.83,0.16,0.0,0.3562867308783886
39633282660303148,0.0,0.02,0.74,0.24,0.4642348495181122
39633286355485978,0.0,1.0,0.0,0.0,-0.0
39633293737460804,0.0,1.0,0.0,0.0,-0.0
39633282660306063,0.0,0.02,0.96,0.02,0.14114609454120738
39633282660303447,0.0,0.49,0.51,0.0,0.49985572087640495
39633278935764234,0.0,0.56,0.44,0.0,0.4947937606110278
39633282660303493,0.0,0.44,0.56,0.0,0.4947937606110278
39633300972637054,0.0,0.19,0.81,0.0,0.3507357299419487
39633278969317921,0.0,0.29,0.71,0.0,0.43436062316970225
39633293699712615,0.0,0.93,0.07,0.0,0.18296182545011158
39633278927374678,0.0,0.34,0.66,0.0,0.46240935248651505
39633278960929642,0.0,0.36,0.64,0.0,0.4713415946277461
39633278927374767,0.0,0.12,0.88,0.0,0.2646804326436822
39633278956735024,0.0,0.07,0.93,0.0,0.18296182545011158
39633278944151826,0.0,0.42,0.58,0.0,0.49072694751682683
39633278939956146,0.0,0.04,0.96,0.0,0.12114609454120741
39633300972637145,0.0,0.66,0.34,0.0,0.46240935248651505
39633300972637152,0.0,0.39,0.61,0.0,0.4823997742525436
39633300972637345,0.0,0.11,0.89,0.0,0.249957979082264
39633300955859492,0.0,0.09,0.91,0.0,0.21823490853205144
39633297365534782,0.0,0.86,0.14,0.0,0.292119405821428
39633271440543127,0.0,0.89,0.11,0.0,0.249957979082264
39633278931570166,0.0,0.48,0.52,0.0,0.4994227679976009
39633275194442576,0.0,0.93,0.07,0.0,0.18296182545011158
39633275194442572,0.0,0.11,0.89,0.0,0.249957979082264
39633293729071563,0.0,0.31,0.69,0.0,0.4465867291889284
39633278956734974,0.0,0.9,0.1,0.0,0.2344977967946406
39633275194445246,0.0,0.82,0.18,0.0,0.34003852286413994
39633282664498969,0.0,0.39,0.61,0.0,0.4823997742525436
39633286368069420,0.0,0.1,0.9,0.0,0.2344977967946406
39633300981023904,0.0,0.47,0.53,0.0,0.4987007942838698
39633271457317627,0.0,0.52,0.48,0.0,0.4994227679976009
39633271440543368,0.0,0.13,0.87,0.0,0.2787190925139945
39633293733267159,0.0,0.24,0.76,0.0,0.39752013969226113
39633293691323745,0.0,0.44,0.56,0.0,0.4947937606110278
39633290046473428,0.0,0.0,1.0,0.0,-0.0
39633271444735345,0.0,0.05,0.95,0.0,0.14319847855797813
39633293691323705,0.0,0.75,0.25,0.0,0.4056390622295664
39633286368069869,0.0,0.14,0.86,0.0,0.292119405821428
39633286368069840,0.0,0.52,0.48,0.0,0.4994227679976009
39633290067445018,0.0,0.33,0.67,0.0,0.4574631863898637
39633282698052608,0.0,0.36,0.64,0.0,0.4713415946277461
39633282689664222,0.0,0.11,0.89,0.0,0.249957979082264
39633275194443072,0.0,0.98,0.02,0.0,0.07072027127091034
39633267657280940,0.0,0.01,0.98,0.01,0.08072027127091033
39633267674056067,0.0,0.9,0.1,0.0,0.2344977967946406
39633267674056172,0.0,0.91,0.09,0.0,0.21823490853205144
39633267674055508,0.0,0.43,0.57,0.0,0.4929075185894599
39633275190251011,0.0,0.53,0.47,0.0,0.4987007942838698
39633267674055275,0.0,0.31,0.69,0.0,0.4465867291889284
39633300960054454,0.0,0.32,0.68,0.0,0.45219072886224687
39633282689664516,0.0,0.3,0.7,0.0,0.44064544961534635
39633267674055472,0.0,0.93,0.07,0.0,0.18296182545011158
39633300989412508,0.0,0.74,0.26,0.0,0.4133731862463089
39633286355486426,0.0,0.29,0.71,0.0,0.43436062316970225
39633297369727347,0.0,0.32,0.68,0.0,0.45219072886224687
39633275211221788,0.0,0.83,0.17,0.0,0.32885238937210975
39633275190250880,0.0,0.62,0.38,0.0,0.47902101111314976
39633300955857903,0.0,0.87,0.13,0.0,0.2787190925139945
39633297357147512,0.0,0.84,0.16,0.0,0.3171547773202831
39633300955859999,0.0,0.96,0.04,0.0,0.12114609454120741
39633275190250998,0.0,0.0,1.0,0.0,-0.0
39633275211221726,0.0,0.06,0.94,0.0,0.16372245957723813
39633300955860049,0.0,0.22,0.78,0.0,0.38008375148098283
39633297369727965,0.0,0.87,0.13,0.0,0.2787190925139945
39633297369728028,0.0,0.21,0.79,0.0,0.37074136996563684
39633286368069225,0.0,0.12,0.88,0.0,0.2646804326436822
39633286355484744,0.0,0.29,0.71,0.0,0.43436062316970225
39633300972636796,0.0,0.22,0.78,0.0,0.38008375148098283
39633300989412523,0.0,0.11,0.89,0.0,0.249957979082264
39633286372263298,0.0,0.78,0.22,0.0,0.38008375148098283
39633286389039779,0.0,0.77,0.23,0.0,0.38900565177326885
39633300968443278,0.0,0.2,0.8,0.0,0.36096404744368116
39633290029697693,0.0,0.5,0.5,0.0,0.5
39633290029697706,0.0,0.47,0.53,0.0,0.4987007942838698
39633271440543208,0.0,0.01,0.98,0.01,0.08072027127091033
39633297340369834,0.0,0.01,0.99,0.0,0.04039656794795559
39633278969317276,0.0,0.16,0.84,0.0,0.3171547773202831
39633267682445392,0.0,0.52,0.48,0.0,0.4994227679976009
39633278969316359,0.0,0.38,0.62,0.0,0.47902101111314976
39633300960053887,0.0,0.32,0.68,0.0,0.45219072886224687
39633290038087017,0.0,0.14,0.86,0.0,0.292119405821428
39633275219607743,0.0,0.77,0.23,0.0,0.38900565177326885
39633297344562330,0.0,0.06,0.93,0.01,0.20367037270049304
39633290067446629,0.0,0.14,0.86,0.0,0.292119405821428
39633267661475899,0.0,0.68,0.32,0.0,0.45219072886224687
39633282689664232,0.0,0.0,0.91,0.09,0.21823490853205144
39633297344562249,0.0,0.03,0.97,0.0,0.0971959289157881
39633286355485886,0.0,0.8,0.2,0.0,0.36096404744368116
39633282668693448,0.0,0.58,0.42,0.0,0.49072694751682683
39633275219609748,0.0,0.86,0.14,0.0,0.292119405821428
39633282668692584,0.0,0.33,0.67,0.0,0.4574631863898637
39633293703907694,0.0,0.51,0.49,0.0,0.49985572087640495
39633286355485887,0.0,0.41,0.59,0.0,0.488250234378912
39633282656112311,0.0,0.99,0.01,0.0,0.04039656794795559
39633282651916725,0.0,0.52,0.48,0.0,0.4994227679976009
39633286363874332,0.0,0.32,0.68,0.0,0.45219072886224687
39633278960930063,0.0,0.0,0.95,0.05,0.14319847855797813
39633282651916749,0.0,0.48,0.52,0.0,0.4994227679976009
39633282651916880,0.0,0.58,0.42,0.0,0.49072694751682683
39633282651916933,0.0,0.0,0.99,0.01,0.04039656794795559
39633271432154407,0.0,0.98,0.02,0.0,0.07072027127091034
39633282651917121,0.0,0.86,0.14,0.0,0.292119405821428
39633293708102936,0.0,0.48,0.52,0.0,0.4994227679976009
39633282656112319,0.0,0.37,0.63,0.0,0.47533604634353294
39633271432154380,0.0,0.76,0.24,0.0,0.39752013969226113
39633293703907506,0.0,0.03,0.97,0.0,0.0971959289157881
39633293703907500,0.0,0.23,0.77,0.0,0.38900565177326885
39633271440542425,0.0,0.78,0.22,0.0,0.38008375148098283
39633286389040370,0.0,0.16,0.84,0.0,0.3171547773202831
39633290071638482,0.0,0.5,0.5,0.0,0.5
39633271440542155,0.0,0.36,0.64,0.0,0.4713415946277461
39633286384846929,0.0,0.26,0.74,0.0,0.4133731862463089
39633278948344396,0.0,0.99,0.01,0.0,0.04039656794795559
39633300968440630,0.0,0.29,0.71,0.0,0.43436062316970225
39633278969318123,0.0,0.77,0.23,0.0,0.38900565177326885
39633297352952712,0.0,0.01,0.99,0.0,0.04039656794795559
39633297361341927,0.0,0.01,0.99,0.0,0.04039656794795559
39633278948344285,0.0,0.57,0.43,0.0,0.4929075185894599
39633286384847022,0.0,0.46,0.54,0.0,0.49768921941011285
39633304554571287,0.0,0.22,0.78,0.0,0.38008375148098283
39633304554571167,0.0,0.8,0.2,0.0,0.36096404744368116
39633271440542708,0.0,0.05,0.95,0.0,0.14319847855797813
39633267657281565,0.0,0.02,0.98,0.0,0.07072027127091034
39633267657281552,0.0,0.02,0.98,0.0,0.07072027127091034
39633293703907214,0.0,0.1,0.9,0.0,0.2344977967946406
39633282656110424,0.0,0.29,0.71,0.0,0.43436062316970225
39633267657281424,0.0,0.8,0.2,0.0,0.36096404744368116
39633267665668424,0.01,0.99,0.0,0.0,0.04039656794795559
39633293703907188,0.0,0.02,0.98,0.0,0.07072027127091034
39633278960927523,0.0,0.39,0.61,0.0,0.4823997742525436
39633278960927614,0.0,0.81,0.19,0.0,0.3507357299419487
39633293708101396,0.0,0.31,0.69,0.0,0.4465867291889284
39633278960927558,0.0,0.36,0.64,0.0,0.4713415946277461
39633300960052172,0.0,1.0,0.0,0.0,-0.0
39633304567154764,0.0,0.17,0.83,0.0,0.32885238937210975
39633300960051993,0.0,0.01,0.99,0.0,0.04039656794795559
39633297348755772,0.0,0.19,0.81,0.0,0.3507357299419487
39633290071640467,0.0,0.89,0.11,0.0,0.249957979082264
39633290071640692,0.0,0.57,0.43,0.0,0.4929075185894599
39633300960052123,0.0,0.96,0.04,0.0,0.12114609454120741
39633278973510901,0.0,0.21,0.79,0.0,0.37074136996563684
39633278973510706,0.0,0.95,0.05,0.0,0.14319847855797813
39633290063251616,0.0,0.67,0.33,0.0,0.4574631863898637
39633282668693219,0.0,0.19,0.81,0.0,0.3507357299419487
39633282698052868,0.0,0.12,0.88,0.0,0.2646804326436822
39633282668694192,0.0,0.23,0.77,0.0,0.38900565177326885
39633267674056990,0.0,0.09,0.91,0.0,0.21823490853205144
39633293712296507,0.0,1.0,0.0,0.0,-0.0
39633300955857032,0.0,0.01,0.99,0.0,0.04039656794795559
39633282698053029,0.0,0.66,0.34,0.0,0.46240935248651505
39633278944150188,0.0,0.01,0.94,0.05,0.1832231322266888
39633293712296526,0.0,0.9,0.1,0.0,0.2344977967946406
39633300989411384,0.0,0.57,0.43,0.0,0.4929075185894599
39633278969315786,0.0,0.61,0.39,0.0,0.4823997742525436
39633290075832717,0.0,0.28,0.72,0.0,0.4277254052800653
39633290071638380,0.0,0.34,0.66,0.0,0.46240935248651505
39633290033891769,0.0,0.01,0.98,0.01,0.08072027127091033
39633300968440553,0.0,0.03,0.97,0.0,0.0971959289157881
39633271440543698,0.0,0.76,0.24,0.0,0.39752013969226113
39633300960053985,0.0,0.3,0.7,0.0,0.44064544961534635
39633300964247100,0.0,0.24,0.76,0.0,0.39752013969226113
39633300976831421,0.0,0.95,0.05,0.0,0.14319847855797813
39633293729074422,0.0,0.78,0.22,0.0,0.38008375148098283
39633300960053300,0.0,0.11,0.87,0.02,0.3189789351681142
39633267661474989,0.0,0.21,0.79,0.0,0.37074136996563684
39633297361341264,0.0,0.63,0.37,0.0,0.47533604634353294
39633297361341823,0.0,0.0,1.0,0.0,-0.0
39633293708101158,0.0,0.08,0.92,0.0,0.2010895951011364
39633271465708183,0.0,0.12,0.88,0.0,0.2646804326436822
39633300964249228,0.0,0.6,0.4,0.0,0.4854752972273343
39633300964248822,0.0,0.4,0.6,0.0,0.4854752972273343
39633297361341579,0.0,0.27,0.73,0.0,0.42073231810408784
39633271432153746,0.0,0.7,0.3,0.0,0.44064544961534635
39633300976831795,0.0,0.54,0.46,0.0,0.49768921941011285
39633271465708343,0.0,0.99,0.01,0.0,0.04039656794795559
39633286351292301,0.0,0.26,0.74,0.0,0.4133731862463089
39633286351291837,0.0,0.05,0.95,0.0,0.14319847855797813
39633293691324136,0.0,0.53,0.47,0.0,0.4987007942838698
39633300985217061,0.0,0.13,0.87,0.0,0.2787190925139945
39633271440541098,0.0,0.66,0.34,0.0,0.46240935248651505
39633271440540909,0.0,0.27,0.73,0.0,0.42073231810408784
39633286355485661,0.0,0.0,0.97,0.03,0.0971959289157881
39633300985217142,0.0,0.25,0.75,0.0,0.4056390622295664
39633267657281329,0.0,0.07,0.93,0.0,0.18296182545011158
39633300976831099,0.0,0.05,0.95,0.0,0.14319847855797813
39633308144896025,0.0,0.98,0.02,0.0,0.07072027127091034
39633275207026722,0.0,0.26,0.74,0.0,0.4133731862463089
39633282677080852,0.0,0.03,0.95,0.02,0.1674722434193448
39633290067446006,0.0,0.09,0.9,0.01,0.2579475764741046
39633297352950293,0.0,0.39,0.61,0.0,0.4823997742525436
39633300976832019,0.0,0.57,0.43,0.0,0.4929075185894599
39633297352950613,0.0,0.49,0.51,0.0,0.49985572087640495
39633286376459270,0.0,0.7,0.3,0.0,0.44064544961534635
39633278969316853,0.0,0.51,0.49,0.0,0.49985572087640495
39633278969316680,0.0,0.29,0.71,0.0,0.43436062316970225
39633267678251998,0.0,0.92,0.08,0.0,0.2010895951011364
39633267661475950,0.0,0.07,0.93,0.0,0.18296182545011158
39633275202832651,0.0,0.54,0.46,0.0,0.49768921941011285
39633267678252407,0.0,0.01,0.97,0.02,0.11097036642660543
39633282668693058,0.0,0.58,0.42,0.0,0.49072694751682683
39633282668693205,0.0,0.05,0.95,0.0,0.14319847855797813
39633297331981267,0.0,0.03,0.96,0.01,0.13737165703039006
39633308144897226,0.0,0.38,0.62,0.0,0.47902101111314976
39633275202831446,0.0,0.53,0.47,0.0,0.4987007942838698
39633278956732673,0.0,0.17,0.83,0.0,0.32885238937210975
39633297340370467,0.0,0.15,0.85,0.0,0.3049201523582002
39633282681275575,0.0,0.39,0.61,0.0,0.4823997742525436
39633282689664309,0.0,0.36,0.64,0.0,0.4713415946277461
39633286355485911,0.0,0.91,0.09,0.0,0.21823490853205144
39633278939956840,0.0,0.26,0.74,0.0,0.4133731862463089
39633290075832398,0.0,0.03,0.97,0.0,0.0971959289157881
39633278927373383,0.0,0.54,0.46,0.0,0.49768921941011285
39633278927373022,0.0,0.62,0.38,0.0,0.47902101111314976
39633290042279055,0.0,0.69,0.31,0.0,0.4465867291889284
39633275202832489,0.0,0.84,0.16,0.0,0.3171547773202831
39633300960054083,0.0,0.0,0.52,0.48,0.4994227679976009
39633297336175403,0.0,0.21,0.79,0.0,0.37074136996563684
39633275198638286,0.0,0.52,0.48,0.0,0.4994227679976009
39633290075832577,0.0,0.18,0.82,0.0,0.34003852286413994
39633278939956545,0.0,0.17,0.83,0.0,0.32885238937210975
39633293708101693,0.0,0.46,0.54,0.0,0.49768921941011285
39633293695517486,0.0,0.39,0.61,0.0,0.4823997742525436
39633267674055725,0.0,0.13,0.87,0.0,0.2787190925139945
39633297331981275,0.0,0.08,0.92,0.0,0.2010895951011364
39633275223803027,0.0,0.45,0.55,0.0,0.49638722699390414
39633271436345907,0.0,0.0,0.98,0.02,0.07072027127091034
39633297348755542,0.0,0.99,0.01,0.0,0.04039656794795559
39633293708101784,0.0,0.45,0.55,0.0,0.49638722699390414
39633293708101905,0.0,0.99,0.01,0.0,0.04039656794795559
39633278927372567,0.0,0.22,0.77,0.01,0.4186777986697226
39633293708101508,0.0,0.28,0.72,0.0,0.4277254052800653
39633290075832522,0.0,0.97,0.03,0.0,0.0971959289157881
39633300989411753,0.0,0.27,0.73,0.0,0.42073231810408784
39633300989411430,0.0,0.44,0.56,0.0,0.4947937606110278
39633286397429417,0.0,0.03,0.94,0.03,0.19372245957723813
39633286397429425,0.0,0.01,0.97,0.02,0.11097036642660543
39633278927372722,0.0,0.93,0.07,0.0,0.18296182545011158
39633286368071305,0.0,0.95,0.05,0.0,0.14319847855797813
39633286368071344,0.0,0.21,0.79,0.0,0.37074136996563684
39633286372261918,0.0,0.94,0.06,0.0,0.16372245957723813
39633286397429083,0.0,0.69,0.31,0.0,0.4465867291889284
39633286397429304,0.0,0.72,0.28,0.0,0.4277254052800653
39633300960053643,0.0,0.03,0.97,0.0,0.0971959289157881
39633293729071221,0.0,0.18,0.82,0.0,0.34003852286413994
39633300960053908,0.0,0.95,0.05,0.0,0.14319847855797813
39633282672888042,0.0,0.03,0.96,0.01,0.13737165703039006
39633278956732462,0.0,0.4,0.6,0.0,0.4854752972273343
39633293708101871,0.0,0.85,0.15,0.0,0.3049201523582002
39633293708101646,0.0,0.52,0.48,0.0,0.4994227679976009
39633297352950258,0.0,0.13,0.87,0.0,0.2787190925139945
39633286372262790,0.0,0.12,0.88,0.0,0.2646804326436822
39633293724879103,0.0,0.8,0.2,0.0,0.36096404744368116
39633267661472432,0.0,0.05,0.95,0.0,0.14319847855797813
39633300964248928,0.0,0.46,0.54,0.0,0.49768921941011285
39633293737460774,0.0,0.98,0.02,0.0,0.07072027127091034
39633286393236470,0.0,0.09,0.91,0.0,0.21823490853205144
39633286363874826,0.0,0.14,0.86,0.0,0.292119405821428
39633286355486648,0.0,0.15,0.85,0.0,0.3049201523582002
39633297357147445,0.0,0.11,0.89,0.0,0.249957979082264
39633278960930057,0.0,0.82,0.18,0.0,0.34003852286413994
39633286389041628,0.0,0.33,0.67,0.0,0.4574631863898637
39633293691325590,0.0,0.05,0.95,0.0,0.14319847855797813
39633290067444390,0.0,0.3,0.7,0.0,0.44064544961534635
39633278960929591,0.0,0.73,0.27,0.0,0.42073231810408784
39633290071639976,0.0,0.01,0.99,0.0,0.04039656794795559
39633278960929479,0.0,0.41,0.59,0.0,0.488250234378912
39633293691325516,0.0,0.77,0.23,0.0,0.38900565177326885
39633300955859552,0.0,0.4,0.6,0.0,0.4854752972273343
39633293716490824,0.0,0.05,0.95,0.0,0.14319847855797813
39633300955859627,0.0,0.4,0.6,0.0,0.4854752972273343
39633297348755667,0.0,0.2,0.8,0.0,0.36096404744368116
39633293737460090,0.0,0.96,0.04,0.0,0.12114609454120741
39633290063249589,0.0,0.97,0.03,0.0,0.0971959289157881
39633275190251339,0.06,0.94,0.0,0.0,0.16372245957723813
39633278956733982,0.0,0.77,0.23,0.0,0.38900565177326885
39633278956733992,0.0,0.56,0.44,0.0,0.4947937606110278
39633308136506260,0.0,0.98,0.02,0.0,0.07072027127091034
39633297340369453,0.0,1.0,0.0,0.0,-0.0
39633278965124295,0.01,0.89,0.1,0.0,0.27413031336294724
39633300964248872,0.0,0.04,0.96,0.0,0.12114609454120741
39633293729071278,0.0,0.25,0.75,0.0,0.4056390622295664
39633297340369551,0.0,0.31,0.69,0.0,0.4465867291889284
39633290046475300,0.0,0.12,0.88,0.0,0.2646804326436822
39633300964248870,0.0,0.52,0.48,0.0,0.4994227679976009
39633278965124214,0.0,0.0,0.95,0.05,0.14319847855797813
39633290063249654,0.0,0.3,0.7,0.0,0.44064544961534635
39633286368069854,0.0,0.24,0.76,0.0,0.39752013969226113
39633278931569934,0.0,0.78,0.22,0.0,0.38008375148098283
39633286393233618,0.0,0.97,0.03,0.0,0.0971959289157881
39633275194443330,0.0,0.02,0.98,0.0,0.07072027127091034
39633293724878928,0.0,0.83,0.17,0.0,0.32885238937210975
39633278935764290,0.0,0.15,0.85,0.0,0.3049201523582002
39633300964245563,0.0,0.82,0.18,0.0,0.34003852286413994
39633297340369613,0.0,0.05,0.95,0.0,0.14319847855797813
39633297340369582,0.0,0.39,0.61,0.0,0.4823997742525436
39633286397428551,0.0,0.29,0.71,0.0,0.43436062316970225
39633290050668300,0.0,0.53,0.47,0.0,0.4987007942838698
39633290063249724,0.0,0.32,0.68,0.0,0.45219072886224687
39633297369727903,0.0,0.86,0.14,0.0,0.292119405821428
39633290075835564,0.0,0.96,0.04,0.0,0.12114609454120741
39633290050668256,0.0,0.3,0.7,0.0,0.44064544961534635
39633300964245807,0.0,0.05,0.95,0.0,0.14319847855797813
39633293716491198,0.0,0.83,0.17,0.0,0.32885238937210975
39633286363873337,0.0,0.98,0.02,0.0,0.07072027127091034
39633267657281052,0.0,1.0,0.0,0.0,-0.0
39633290067445050,0.0,0.91,0.09,0.0,0.21823490853205144
39633300972636833,0.0,0.12,0.88,0.0,0.2646804326436822
39633286380653470,0.0,0.0,1.0,0.0,-0.0
39633286380653499,0.0,0.35,0.65,0.0,0.4670340276877455
39633293712296696,0.0,0.76,0.24,0.0,0.39752013969226113
39633304567154701,0.0,0.33,0.67,0.0,0.4574631863898637
39633293712296857,0.01,0.95,0.04,0.0,0.16124668093016215
39633278969316504,0.0,0.95,0.05,0.0,0.14319847855797813
39633293733265437,0.0,0.28,0.72,0.0,0.4277254052800653
39633275215414608,0.0,0.82,0.18,0.0,0.34003852286413994
39633293733265432,0.0,0.62,0.38,0.0,0.47902101111314976
39633278973509915,0.0,0.93,0.07,0.0,0.18296182545011158
39633300951665316,0.0,0.99,0.01,0.0,0.04039656794795559
39633293724878676,0.0,0.31,0.69,0.0,0.4465867291889284
39633278948345445,0.0,0.01,0.9,0.09,0.2579475764741046
39633297336175539,0.0,0.97,0.03,0.0,0.0971959289157881
39633297369729228,0.0,0.99,0.01,0.0,0.04039656794795559
39633293712296893,0.0,0.0,0.86,0.14,0.292119405821428
39633293712296813,0.0,1.0,0.0,0.0,-0.0
39633278944149938,0.0,0.25,0.75,0.0,0.4056390622295664
39633271440541947,0.0,0.0,1.0,0.0,-0.0
39633271440541625,0.0,0.87,0.13,0.0,0.2787190925139945
39633275207027953,0.0,0.73,0.27,0.0,0.42073231810408784
39633308140701429,0.0,0.15,0.85,0.0,0.3049201523582002
39633271440541816,0.0,0.02,0.98,0.0,0.07072027127091034
39633293699714116,0.0,0.29,0.71,0.0,0.43436062316970225
39633293720683022,0.0,0.81,0.19,0.0,0.3507357299419487
39633293712296599,0.0,0.51,0.49,0.0,0.49985572087640495
39633290075833200,0.0,1.0,0.0,0.0,-0.0
39633293712296607,0.0,0.36,0.64,0.0,0.4713415946277461
39633286397428090,0.0,0.33,0.67,0.0,0.4574631863898637
39633271461514445,0.0,0.17,0.83,0.0,0.32885238937210975
39633271461514361,0.0,0.94,0.06,0.0,0.16372245957723813
39633286389042159,0.0,1.0,0.0,0.0,-0.0
39633304575542764,0.0,0.66,0.34,0.0,0.46240935248651505
39633278969316399,0.0,0.65,0.35,0.0,0.4670340276877455
39633293733266374,0.0,0.29,0.71,0.0,0.43436062316970225
39633290038087185,0.0,0.29,0.7,0.01,0.4722717946631261
39633275227997260,0.0,0.6,0.4,0.0,0.4854752972273343
39633275227997031,0.0,0.04,0.96,0.0,0.12114609454120741
39633304571348525,0.0,0.0,0.84,0.16,0.3171547773202831
39633286355487248,0.0,0.26,0.74,0.0,0.4133731862463089
39633282698052259,0.0,0.94,0.06,0.0,0.16372245957723813
39633293720683006,0.0,0.0,0.99,0.01,0.04039656794795559
39633267674056358,0.0,0.53,0.47,0.0,0.4987007942838698
39633267674056254,0.0,0.57,0.43,0.0,0.4929075185894599
39633271457317130,0.0,0.08,0.92,0.0,0.2010895951011364
39633304567154444,0.0,0.11,0.89,0.0,0.249957979082264
39633304567154471,0.0,0.6,0.4,0.0,0.4854752972273343
39633293720682844,0.0,0.85,0.15,0.0,0.3049201523582002
39633286359681542,0.0,0.02,0.98,0.0,0.07072027127091034
39633271457317281,0.0,0.22,0.78,0.0,0.38008375148098283
39633308140701965,0.0,0.83,0.17,0.0,0.32885238937210975
39633282689664830,0.0,0.53,0.47,0.0,0.4987007942838698
39633282689665701,0.0,0.05,0.95,0.0,0.14319847855797813
39633286355486989,0.0,0.0,0.89,0.11,0.249957979082264
39633293699712792,0.0,0.72,0.28,0.0,0.4277254052800653
39633282698052292,0.0,0.41,0.59,0.0,0.488250234378912
39633293699712872,0.0,0.28,0.72,0.0,0.4277254052800653
39633282677082343,0.0,0.08,0.91,0.01,0.24088153359695552
39633308140701846,0.0,0.64,0.36,0.0,0.4713415946277461
39633297340370480,0.0,0.92,0.08,0.0,0.2010895951011364
39633282651915543,0.0,0.37,0.63,0.0,0.47533604634353294
39633282681276007,0.0,0.0,1.0,0.0,-0.0
39633282651915406,0.0,0.95,0.05,0.0,0.14319847855797813
39633282651915402,0.01,0.95,0.04,0.0,0.16124668093016215
39633278927373640,0.0,0.45,0.55,0.0,0.49638722699390414
39633282656112389,0.0,0.01,0.99,0.0,0.04039656794795559
39633282656112453,0.0,0.01,0.99,0.0,0.04039656794795559
39633297361341795,0.01,0.97,0.02,0.0,0.11097036642660543
39633297344561930,0.0,0.11,0.89,0.0,0.249957979082264
39633297361341354,0.0,0.03,0.96,0.01,0.13737165703039006
39633293699714017,0.0,0.0,0.84,0.16,0.3171547773202831
39633297340370550,0.0,0.05,0.94,0.01,0.1832231322266888
39633293708100597,0.0,0.93,0.07,0.0,0.18296182545011158
39633290071639699,0.0,0.04,0.95,0.01,0.16124668093016215
39633282660303972,0.0,0.11,0.89,0.0,0.249957979082264
39633275202832700,0.0,0.54,0.46,0.0,0.49768921941011285
39633297361341755,0.0,0.56,0.44,0.0,0.4947937606110278
39633278927373237,0.09,0.91,0.0,0.0,0.21823490853205144
39633282660304082,0.0,0.12,0.88,0.0,0.2646804326436822
39633282660304033,0.0,0.01,0.99,0.0,0.04039656794795559
39633282668692105,0.0,0.65,0.35,0.0,0.4670340276877455
39633286359681307,0.0,0.24,0.76,0.0,0.39752013969226113
39633293699711036,0.0,0.52,0.48,0.0,0.4994227679976009
39633304558767311,0.0,0.26,0.74,0.0,0.4133731862463089
39633286384845277,0.0,0.23,0.77,0.0,0.38900565177326885
39633286384846657,0.0,0.0,0.99,0.01,0.04039656794795559
39633286389041944,0.0,0.94,0.06,0.0,0.16372245957723813
39633293712296581,0.0,0.08,0.92,0.0,0.2010895951011364
39633308144894481,0.0,0.93,0.07,0.0,0.18296182545011158
39633293699714411,0.0,0.04,0.96,0.0,0.12114609454120741
39633293695518947,0.0,0.1,0.9,0.0,0.2344977967946406
39633293716489387,0.0,0.42,0.58,0.0,0.49072694751682683
39633267674056673,0.0,0.86,0.14,0.0,0.292119405821428
39633278973510234,0.0,0.11,0.89,0.0,0.249957979082264
39633267674056667,0.0,0.59,0.41,0.0,0.488250234378912
39633278969317999,0.0,0.01,0.99,0.0,0.04039656794795559
39633286380653557,0.0,0.0,0.94,0.06,0.16372245957723813
39633286380653645,0.0,0.16,0.84,0.0,0.3171547773202831
39633286380653546,0.0,0.09,0.91,0.0,0.21823490853205144
39633293712297213,0.0,0.11,0.89,0.0,0.249957979082264
39633293712297037,0.0,0.09,0.91,0.0,0.21823490853205144
39633293712297000,0.0,0.41,0.59,0.0,0.488250234378912
39633304571348770,0.0,0.93,0.07,0.0,0.18296182545011158
39633286389040949,0.0,0.23,0.77,0.0,0.38900565177326885
39633293695518176,0.0,0.08,0.92,0.0,0.2010895951011364
39633293712296994,0.0,0.88,0.12,0.0,0.2646804326436822
39633282668694046,0.0,0.86,0.14,0.0,0.292119405821428
39633278927373896,0.0,0.43,0.57,0.0,0.4929075185894599
39633282668694219,0.0,0.1,0.9,0.0,0.2344977967946406
39633293695518144,0.0,0.06,0.94,0.0,0.16372245957723813
39633278927373956,0.0,0.06,0.94,0.0,0.16372245957723813
39633290075834493,0.0,0.79,0.21,0.0,0.37074136996563684
39633286389039128,0.0,0.39,0.61,0.0,0.4823997742525436
39633297373922182,0.0,0.56,0.44,0.0,0.4947937606110278
39633297373922307,0.0,0.88,0.12,0.0,0.2646804326436822
39633297373921708,0.0,0.08,0.92,0.0,0.2010895951011364
39633304579736346,0.0,0.77,0.23,0.0,0.38900565177326885
39633297344564446,0.0,0.04,0.96,0.0,0.12114609454120741
39633297373921903,0.0,0.76,0.24,0.0,0.39752013969226113
39633286355488519,0.0,0.18,0.82,0.0,0.34003852286413994
39633300972637122,0.0,0.44,0.56,0.0,0.4947937606110278
39633286355488368,0.0,0.1,0.9,0.0,0.2344977967946406
39633297369729815,0.0,0.27,0.73,0.0,0.42073231810408784
39633293733265460,0.0,0.36,0.64,0.0,0.4713415946277461
39633278973510231,0.0,0.8,0.2,0.0,0.36096404744368116
39633278973509696,0.0,0.92,0.08,0.0,0.2010895951011364
39633286393236498,0.0,0.33,0.67,0.0,0.4574631863898637
39633286355487292,0.0,0.22,0.78,0.0,0.38008375148098283
39633290063251958,0.0,0.43,0.57,0.0,0.4929075185894599
39633286355487293,0.0,0.44,0.56,0.0,0.4947937606110278
39633286359679344,0.0,0.85,0.15,0.0,0.3049201523582002
39633286359679339,0.0,0.46,0.54,0.0,0.49768921941011285
39633282656112279,0.0,0.24,0.76,0.0,0.39752013969226113
39633297331981039,0.0,0.41,0.59,0.0,0.488250234378912
39633293724879646,0.0,0.79,0.21,0.0,0.37074136996563684
39633286368068638,0.0,0.31,0.69,0.0,0.4465867291889284
39633297331980986,0.0,0.06,0.94,0.0,0.16372245957723813
39633300981023381,0.0,0.43,0.57,0.0,0.4929075185894599
39633293691324325,0.0,0.68,0.32,0.0,0.45219072886224687
39633304550377618,0.0,0.29,0.71,0.0,0.43436062316970225
39633286355487485,0.0,0.74,0.26,0.0,0.4133731862463089
39633282672887496,0.0,0.19,0.81,0.0,0.3507357299419487
39633308144895855,0.0,0.22,0.78,0.0,0.38008375148098283
39633282668694021,0.0,0.31,0.69,0.0,0.4465867291889284
39633271444734715,0.0,0.26,0.74,0.0,0.4133731862463089
39633297344564587,0.0,0.85,0.15,0.0,0.3049201523582002
39633297373922142,0.0,0.77,0.23,0.0,0.38900565177326885
39633297344564600,0.0,0.95,0.05,0.0,0.14319847855797813
39633297344564500,0.0,0.56,0.44,0.0,0.4947937606110278
39633308140700981,0.0,1.0,0.0,0.0,-0.0
39633286363876517,0.0,0.77,0.23,0.0,0.38900565177326885
39633304571349620,0.0,0.13,0.87,0.0,0.2787190925139945
39633290075833654,0.0,0.02,0.98,0.0,0.07072027127091034
39633297373921717,0.0,0.25,0.75,0.0,0.4056390622295664
39633275223803994,0.0,0.99,0.01,0.0,0.04039656794795559
39633290071641200,0.0,0.38,0.62,0.0,0.47902101111314976
39633293699714365,0.0,0.08,0.92,0.0,0.2010895951011364
39633286355486878,0.0,0.58,0.42,0.0,0.49072694751682683
39633297344561499,0.0,0.49,0.51,0.0,0.49985572087640495
39633300989413230,0.0,0.58,0.42,0.0,0.49072694751682683
39633290075834230,0.0,0.26,0.74,0.0,0.4133731862463089
39633286397428955,0.0,0.94,0.06,0.0,0.16372245957723813
39633300989413182,0.0,0.49,0.51,0.0,0.49985572087640495
39633275223804318,0.0,0.03,0.9,0.07,0.2785623417561752
39633293699713766,0.0,0.0,1.0,0.0,-0.0
39633286389042341,0.0,0.17,0.83,0.0,0.32885238937210975
39633282660303811,0.0,0.1,0.9,0.0,0.2344977967946406
39633275223803213,0.0,0.83,0.17,0.0,0.32885238937210975
39633290075834315,0.0,0.39,0.61,0.0,0.4823997742525436
39633282660303948,0.0,0.04,0.96,0.0,0.12114609454120741
39633290075833811,0.0,0.56,0.44,0.0,0.4947937606110278
39633300989412623,0.0,0.79,0.21,0.0,0.37074136996563684
39633293733267363,0.0,0.15,0.84,0.01,0.3441379826496441
39633293733267453,0.0,0.16,0.84,0.0,0.3171547773202831
39633278927373048,0.0,0.91,0.09,0.0,0.21823490853205144
39633293708102206,0.0,0.29,0.71,0.0,0.43436062316970225
39633297336175412,0.0,0.29,0.71,0.0,0.43436062316970225
39633297336175234,0.0,0.91,0.09,0.0,0.21823490853205144
39633286397429948,0.0,0.04,0.94,0.02,0.19127133459887283
39633300955860393,0.0,0.04,0.96,0.0,0.12114609454120741
39633267678252316,0.0,0.86,0.14,0.0,0.292119405821428
39633300985220416,0.0,0.49,0.51,0.0,0.49985572087640495
39633278956735353,0.0,0.96,0.04,0.0,0.12114609454120741
39633304583931177,0.0,0.37,0.63,0.0,0.47533604634353294
39633278939959032,0.0,0.49,0.51,0.0,0.49985572087640495
39633293708102095,0.0,1.0,0.0,0.0,-0.0
39633304575543038,0.01,0.97,0.02,0.0,0.11097036642660543
39633271461512867,0.0,0.06,0.94,0.0,0.16372245957723813
39633275223804495,0.0,0.99,0.01,0.0,0.04039656794795559
39633290075834269,0.0,0.47,0.53,0.0,0.4987007942838698
39633275223804539,0.0,0.09,0.91,0.0,0.21823490853205144
39633308144895042,0.0,0.03,0.94,0.03,0.19372245957723813
39633286397429992,0.0,0.52,0.48,0.0,0.4994227679976009
39633275223804266,0.0,0.47,0.53,0.0,0.4987007942838698
39633304583931176,0.01,0.9,0.09,0.0,0.2579475764741046
39633286397430268,0.0,1.0,0.0,0.0,-0.0
39633286397430258,0.0,0.03,0.95,0.02,0.1674722434193448
39633304575541471,0.0,0.1,0.9,0.0,0.2344977967946406
39633293708102447,0.0,0.14,0.86,0.0,0.292119405821428
39633275232190641,0.02,0.92,0.06,0.0,0.23354072007950172
39633290071640856,0.0,0.56,0.44,0.0,0.4947937606110278
39633293708101908,0.0,0.57,0.43,0.0,0.4929075185894599
39633293733267478,0.02,0.98,0.0,0.0,0.07072027127091034
39633297373921949,0.0,0.07,0.93,0.0,0.18296182545011158
39633304583932280,0.02,0.97,0.01,0.0,0.11097036642660543
39633286397430187,0.0,0.94,0.06,0.0,0.16372245957723813
39633282668694699,0.0,1.0,0.0,0.0,-0.0
39633286397430298,0.0,0.54,0.46,0.0,0.49768921941011285
39633293737461990,0.0,0.94,0.06,0.0,0.16372245957723813
39633275202833161,0.0,0.03,0.96,0.01,0.13737165703039006
39633308144897232,0.0,0.87,0.13,0.0,0.2787190925139945
39633304571349678,0.0,0.95,0.05,0.0,0.14319847855797813
39633286397429998,0.0,0.8,0.2,0.0,0.36096404744368116
39633304571349580,0.0,0.83,0.17,0.0,0.32885238937210975
39633286372263710,0.0,0.27,0.73,0.0,0.42073231810408784
39633304571349577,0.0,0.53,0.47,0.0,0.4987007942838698
39633271469901189,0.0,0.21,0.79,0.0,0.37074136996563684
39633271469901492,0.0,0.94,0.06,0.0,0.16372245957723813
39633271469900939,0.0,0.33,0.67,0.0,0.4574631863898637
39633271469901240,0.0,0.49,0.51,0.0,0.49985572087640495
39633286397429398,0.0,0.63,0.37,0.0,0.47533604634353294
39633271469900641,0.02,0.98,0.0,0.0,0.07072027127091034
39633297331981149,0.0,0.31,0.69,0.0,0.4465867291889284
39633297331981231,0.0,0.03,0.97,0.0,0.0971959289157881
39633293733265647,0.0,0.13,0.87,0.0,0.2787190925139945
39633286372262672,0.0,0.26,0.74,0.0,0.4133731862463089
39633304575541317,0.0,0.61,0.39,0.0,0.4823997742525436
39633286397429641,0.0,0.82,0.18,0.0,0.34003852286413994
39633308144894505,0.0,0.47,0.53,0.0,0.4987007942838698
39633304583930325,0.0,0.22,0.78,0.0,0.38008375148098283
39633304583930059,0.01,0.94,0.05,0.0,0.1832231322266888
39633304575542892,0.0,0.03,0.94,0.03,0.19372245957723813
39633304571350075,0.0,0.57,0.43,0.0,0.4929075185894599
39633286380653552,0.0,0.13,0.87,0.0,0.2787190925139945
39633293716489000,0.0,0.3,0.7,0.0,0.44064544961534635
39633297336175717,0.0,0.01,0.99,0.0,0.04039656794795559
39633267678250966,0.0,0.28,0.72,0.0,0.4277254052800653
39633267678250653,0.0,0.89,0.11,0.0,0.249957979082264
39633290075833546,0.0,0.76,0.24,0.0,0.39752013969226113
39633275232192297,0.0,0.93,0.07,0.0,0.18296182545011158
39633293733267136,0.0,0.05,0.95,0.0,0.14319847855797813
39633300972636900,0.0,0.09,0.91,0.0,0.21823490853205144
39633271457319754,0.0,0.34,0.66,0.0,0.46240935248651505
39633271461514267,0.0,0.98,0.02,0.0,0.07072027127091034
39633275223805073,0.0,0.56,0.44,0.0,0.4947937606110278
39633286380653832,0.0,0.87,0.13,0.0,0.2787190925139945
39633286384844914,0.0,0.58,0.42,0.0,0.49072694751682683
39633290050668310,0.0,0.35,0.65,0.0,0.4670340276877455
39633300960053233,0.0,0.41,0.59,0.0,0.488250234378912
39633286384844886,0.0,0.45,0.55,0.0,0.49638722699390414
39633286397429704,0.0,0.01,0.99,0.0,0.04039656794795559
39633275194444896,0.0,0.0,1.0,0.0,-0.0
39633275202833379,0.01,0.67,0.32,0.0,0.4897882160840085
39633275202833225,0.0,0.86,0.14,0.0,0.292119405821428
39633275202833238,0.0,0.26,0.74,0.0,0.4133731862463089
39633300989413325,0.0,0.1,0.84,0.06,0.3935094975542803
39633275198637366,0.0,0.39,0.61,0.0,0.4823997742525436
39633286368069191,0.0,0.14,0.86,0.0,0.292119405821428
39633267669863314,0.0,0.39,0.61,0.0,0.4823997742525436
39633297344561819,0.0,0.5,0.5,0.0,0.5
39633304571349700,0.0,0.17,0.83,0.0,0.32885238937210975
39633275194444774,0.0,0.37,0.63,0.0,0.47533604634353294
39633293724879335,0.0,0.19,0.81,0.0,0.3507357299419487
39633286397430262,0.0,0.87,0.13,0.0,0.2787190925139945
39633304571349124,0.0,0.79,0.21,0.0,0.37074136996563684
39633297373923607,0.0,0.86,0.14,0.0,0.292119405821428
39633290080028227,0.0,0.43,0.57,0.0,0.4929075185894599
39633293716490822,0.0,0.86,0.14,0.0,0.292119405821428
39633293708100416,0.0,0.0,0.98,0.02,0.07072027127091034
39633267661474681,0.0,0.72,0.28,0.0,0.4277254052800653
39633293708100302,0.0,0.71,0.29,0.0,0.43436062316970225
39633267661474597,0.0,0.75,0.25,0.0,0.4056390622295664
39633293708100348,0.0,0.39,0.61,0.0,0.4823997742525436
39633290071640978,0.0,0.03,0.96,0.01,0.13737165703039006
39633267661474526,0.0,0.74,0.26,0.0,0.4133731862463089
39633278973509858,0.0,1.0,0.0,0.0,-0.0
39633293729074628,0.0,0.85,0.15,0.0,0.3049201523582002
39633278948344160,0.0,0.53,0.47,0.0,0.4987007942838698
39633282689664670,0.0,0.18,0.82,0.0,0.34003852286413994
39633293724878496,0.0,0.8,0.2,0.0,0.36096404744368116
39633278952541368,0.0,0.12,0.88,0.0,0.2646804326436822
39633271465706322,0.0,0.49,0.51,0.0,0.49985572087640495
39633278948344069,0.0,0.64,0.36,0.0,0.4713415946277461
39633290067446693,0.0,0.82,0.18,0.0,0.34003852286413994
39633293708100156,0.04,0.91,0.05,0.0,0.2628333312247715
39633271465706314,0.0,0.38,0.62,0.0,0.47902101111314976
39633267669862653,0.0,0.0,1.0,0.0,-0.0
39633297369730049,0.0,0.43,0.57,0.0,0.4929075185894599
39633293708100464,0.0,0.03,0.95,0.02,0.1674722434193448
39633286380653273,0.02,0.97,0.01,0.0,0.11097036642660543
39633293737460173,0.0,0.14,0.85,0.01,0.33142210248480686
39633275207026918,0.0,0.08,0.92,0.0,0.2010895951011364
39633300985220666,0.0,0.07,0.93,0.0,0.18296182545011158
39633286368069984,0.0,0.94,0.06,0.0,0.16372245957723813
39633290067446305,0.0,0.62,0.38,0.0,0.47902101111314976
39633286359679332,0.0,0.01,0.99,0.0,0.04039656794795559
39633286384846878,0.0,0.1,0.9,0.0,0.2344977967946406
39633286393235730,0.0,0.87,0.13,0.0,0.2787190925139945
39633267661475750,0.0,1.0,0.0,0.0,-0.0
39633286351291941,0.0,0.32,0.68,0.0,0.45219072886224687
39633300981025692,0.0,0.68,0.32,0.0,0.45219072886224687
39633300981025733,0.09,0.91,0.0,0.0,0.21823490853205144
39633300981025850,0.0,0.01,0.99,0.0,0.04039656794795559
39633286351292096,0.0,1.0,0.0,0.0,-0.0
39633297344564765,0.0,0.99,0.01,0.0,0.04039656794795559
39633290075832617,0.01,0.99,0.0,0.0,0.04039656794795559
39633282647721998,0.0,0.88,0.12,0.0,0.2646804326436822
39633293708102362,0.0,0.4,0.6,0.0,0.4854752972273343
39633297331981254,0.0,0.17,0.83,0.0,0.32885238937210975
39633286368070354,0.0,0.59,0.41,0.0,0.488250234378912
39633297369729978,0.0,0.01,0.97,0.02,0.11097036642660543
39633297369729943,0.0,0.03,0.97,0.0,0.0971959289157881
39633308144897173,0.0,0.35,0.65,0.0,0.4670340276877455
39633304571349450,0.0,0.15,0.85,0.0,0.3049201523582002
39633304571349927,0.0,0.11,0.89,0.0,0.249957979082264
39633304558764579,0.0,1.0,0.0,0.0,-0.0
39633304558764578,0.0,0.23,0.77,0.0,0.38900565177326885
39633304558764570,0.0,0.76,0.24,0.0,0.39752013969226113
39633271469902082,0.0,0.97,0.03,0.0,0.0971959289157881
39633297369729836,0.0,0.58,0.42,0.0,0.49072694751682683
39633286397429994,0.0,0.99,0.01,0.0,0.04039656794795559
39633286397429539,0.0,0.66,0.34,0.0,0.46240935248651505
39633286397429531,0.0,0.65,0.35,0.0,0.4670340276877455
39633286397429413,0.0,0.86,0.14,0.0,0.292119405821428
39633286372264432,0.0,0.61,0.39,0.0,0.4823997742525436
39633308149088404,0.0,0.99,0.01,0.0,0.04039656794795559
39633304575541448,0.0,0.36,0.64,0.0,0.4713415946277461
39633304575541462,0.0,0.44,0.56,0.0,0.4947937606110278
39633278969315893,0.0,0.0,0.89,0.11,0.249957979082264
39633304558764607,0.0,0.29,0.71,0.0,0.43436062316970225
39633290075835588,0.0,0.14,0.85,0.01,0.33142210248480686
39633304571349347,0.0,0.97,0.03,0.0,0.0971959289157881
39633290080027816,0.0,0.82,0.18,0.0,0.34003852286413994
39633293733265783,0.0,0.24,0.76,0.0,0.39752013969226113
39633293737459979,0.0,0.67,0.33,0.0,0.4574631863898637
39633308144894534,0.0,0.63,0.37,0.0,0.47533604634353294
39633293691323735,0.0,0.39,0.61,0.0,0.4823997742525436
39633290075835665,0.0,0.96,0.04,0.0,0.12114609454120741
39633290075835592,0.0,0.97,0.03,0.0,0.0971959289157881
39633286393233735,0.0,0.13,0.87,0.0,0.2787190925139945
39633290071641009,0.0,0.0,1.0,0.0,-0.0
39633290071641130,0.0,0.93,0.07,0.0,0.18296182545011158
39633286397428286,0.0,0.9,0.1,0.0,0.2344977967946406
39633286384846687,0.0,0.78,0.22,0.0,0.38008375148098283
39633300989413069,0.0,0.88,0.12,0.0,0.2646804326436822
39633290050668142,0.0,0.78,0.22,0.0,0.38008375148098283
39633286372262517,0.0,0.83,0.17,0.0,0.32885238937210975
39633278969315558,0.0,0.8,0.2,0.0,0.36096404744368116
39633308144895968,0.0,0.39,0.61,0.0,0.4823997742525436
39633297373923935,0.0,0.69,0.31,0.0,0.4465867291889284
39633271474094148,0.0,0.9,0.1,0.0,0.2344977967946406
39633275232191719,0.0,0.46,0.54,0.0,0.49768921941011285
39633286372264240,0.02,0.94,0.04,0.0,0.1912713345988728
39633275232193157,0.0,0.05,0.95,0.0,0.14319847855797813
39633278973511123,0.0,0.74,0.26,0.0,0.4133731862463089
39633278973511044,0.0,0.34,0.66,0.0,0.46240935248651505
39633297369727863,0.0,0.96,0.04,0.0,0.12114609454120741
39633267678249073,0.0,0.67,0.33,0.0,0.4574631863898637
39633293720683886,0.0,0.17,0.83,0.0,0.32885238937210975
39633275190249350,0.0,1.0,0.0,0.0,-0.0
39633282689664788,0.0,0.61,0.39,0.0,0.4823997742525436
39633282672886755,0.0,0.65,0.35,0.0,0.4670340276877455
39633275190249648,0.0,0.59,0.41,0.0,0.488250234378912
39633275190248918,0.0,0.02,0.98,0.0,0.07072027127091034
39633300968440274,0.0,0.04,0.96,0.0,0.12114609454120741
39633275190249056,0.0,0.87,0.13,0.0,0.2787190925139945
39633293724877913,0.0,0.37,0.63,0.0,0.47533604634353294
39633300960053851,0.0,0.11,0.89,0.0,0.249957979082264
39633263869824271,0.0,0.94,0.06,0.0,0.16372245957723813
39633286368068363,0.0,0.87,0.13,0.0,0.2787190925139945
39633286368068620,0.0,0.08,0.92,0.0,0.2010895951011364
39633286393236258,0.0,0.26,0.74,0.0,0.4133731862463089
39633293724878038,0.0,0.46,0.54,0.0,0.49768921941011285
39633290042280477,0.0,0.96,0.04,0.0,0.12114609454120741
39633300985219519,0.0,0.57,0.43,0.0,0.4929075185894599
39633267674056498,0.0,0.13,0.87,0.0,0.2787190925139945
39633278939955654,0.0,0.26,0.74,0.0,0.4133731862463089
39633293720684981,0.0,0.3,0.7,0.0,0.44064544961534635
39633278939955674,0.0,0.99,0.01,0.0,0.04039656794795559
39633293720685985,0.0,0.05,0.94,0.01,0.1832231322266888
39633300955858528,0.0,0.24,0.76,0.0,0.39752013969226113
39633275227999470,0.0,0.04,0.96,0.0,0.12114609454120741
39633278948347166,0.0,0.58,0.42,0.0,0.49072694751682683
39633290042279357,0.0,0.08,0.92,0.0,0.2010895951011364
39633290042279117,0.0,0.61,0.39,0.0,0.4823997742525436
39633278931566754,0.0,0.0,0.84,0.16,0.3171547773202831
39633278939956000,0.0,0.35,0.65,0.0,0.4670340276877455
39633278944150751,0.0,0.61,0.39,0.0,0.4823997742525436
39633278935763389,0.0,0.8,0.2,0.0,0.36096404744368116
39633300955858467,0.0,0.24,0.76,0.0,0.39752013969226113
39633278944150766,0.0,0.6,0.4,0.0,0.4854752972273343
39633278939955806,0.0,0.21,0.79,0.0,0.37074136996563684
39633300968442779,0.0,0.01,0.99,0.0,0.04039656794795559
39633297365532942,0.0,0.68,0.32,0.0,0.45219072886224687
39633286355485592,0.0,0.62,0.38,0.0,0.47902101111314976
39633282689663901,0.0,0.9,0.1,0.0,0.2344977967946406
39633300968442555,0.0,0.31,0.69,0.0,0.4465867291889284
39633297365536123,0.0,0.31,0.69,0.0,0.4465867291889284
39633297348756861,0.0,0.4,0.6,0.0,0.4854752972273343
39633290067445978,0.0,0.69,0.31,0.0,0.4465867291889284
39633297365534132,0.0,0.59,0.41,0.0,0.488250234378912
39633282647722965,0.0,0.76,0.24,0.0,0.39752013969226113
39633297369728982,0.0,0.7,0.3,0.0,0.44064544961534635
39633286368067786,0.0,0.9,0.1,0.0,0.2344977967946406
39633275202832047,0.0,0.01,0.95,0.04,0.16124668093016215
39633300985218709,0.0,0.02,0.98,0.0,0.07072027127091034
39633286359681727,0.0,0.16,0.84,0.0,0.3171547773202831
39633282651914887,0.0,0.92,0.08,0.0,0.2010895951011364
39633297365532910,0.0,0.33,0.67,0.0,0.4574631863898637
39633267678251934,0.0,0.03,0.96,0.01,0.13737165703039006
39633275198639771,0.0,0.01,0.98,0.01,0.08072027127091033
39633282660303066,0.0,0.15,0.85,0.0,0.3049201523582002
39633271436348202,0.0,0.64,0.36,0.0,0.4713415946277461
39633290075833918,0.0,0.72,0.28,0.0,0.4277254052800653
39633293733266251,0.0,0.88,0.12,0.0,0.2646804326436822
39633293712297057,0.0,0.29,0.71,0.0,0.43436062316970225
39633293712297108,0.0,0.16,0.84,0.0,0.3171547773202831
39633297348755988,0.0,0.11,0.89,0.0,0.249957979082264
39633300955859581,0.0,0.3,0.7,0.0,0.44064544961534635
39633297336175138,0.0,0.67,0.33,0.0,0.4574631863898637
39633304567155588,0.0,0.72,0.28,0.0,0.4277254052800653
39633293699712228,0.0,0.87,0.13,0.0,0.2787190925139945
39633300981023873,0.0,0.22,0.78,0.0,0.38008375148098283
39633297344561507,0.0,0.0,1.0,0.0,-0.0
39633290046474840,0.0,0.35,0.65,0.0,0.4670340276877455
39633300981025195,0.0,0.22,0.78,0.0,0.38008375148098283
39633297365533127,0.0,0.0,1.0,0.0,-0.0
39633271444735957,0.0,0.73,0.27,0.0,0.42073231810408784
39633275223802182,0.0,0.07,0.93,0.0,0.18296182545011158
39633297365533119,0.0,0.06,0.94,0.0,0.16372245957723813
39633278935763307,0.0,0.87,0.13,0.0,0.2787190925139945
39633275227997531,0.0,0.05,0.95,0.0,0.14319847855797813
39633297348756040,0.0,0.15,0.85,0.0,0.3049201523582002
39633282660303291,0.0,0.01,0.97,0.02,0.11097036642660543
39633290054861654,0.0,0.1,0.9,0.0,0.2344977967946406
39633290054861753,0.0,0.21,0.79,0.0,0.37074136996563684
39633290054861797,0.0,0.17,0.83,0.0,0.32885238937210975
39633275232191057,0.0,0.65,0.35,0.0,0.4670340276877455
39633275232191360,0.0,0.84,0.16,0.0,0.3171547773202831
39633278973510935,0.0,0.81,0.19,0.0,0.3507357299419487
39633286384845613,0.0,0.79,0.21,0.0,0.37074136996563684
39633275232192714,0.0,0.01,0.98,0.01,0.08072027127091033
39633278973510942,0.0,0.72,0.28,0.0,0.4277254052800653
39633290075833707,0.0,1.0,0.0,0.0,-0.0
39633278973511061,0.0,0.9,0.1,0.0,0.2344977967946406
39633293695518561,0.0,0.0,1.0,0.0,-0.0
39633286393234879,0.0,0.18,0.82,0.0,0.34003852286413994
39633286393234793,0.0,0.94,0.06,0.0,0.16372245957723813
39633293695518851,0.0,0.31,0.69,0.0,0.4465867291889284
39633293712297208,0.0,0.28,0.72,0.0,0.4277254052800653
39633271461513658,0.0,0.68,0.32,0.0,0.45219072886224687
39633278952541376,0.0,0.4,0.6,0.0,0.4854752972273343
39633297365533019,0.0,0.83,0.17,0.0,0.32885238937210975
39633290063251082,0.0,0.51,0.49,0.0,0.49985572087640495
39633282689663066,0.0,0.25,0.75,0.0,0.4056390622295664
39633278965121290,0.0,0.01,0.98,0.01,0.08072027127091033
39633286359681515,0.0,0.95,0.05,0.0,0.14319847855797813
39633278965121621,0.0,1.0,0.0,0.0,-0.0
39633275227998448,0.0,0.03,0.96,0.01,0.13737165703039006
39633286355486361,0.0,0.08,0.92,0.0,0.2010895951011364
39633282664499529,0.0,0.33,0.67,0.0,0.4574631863898637
39633282664499564,0.0,0.43,0.57,0.0,0.4929075185894599
39633278939957877,0.0,0.44,0.56,0.0,0.4947937606110278
39633304571348226,0.0,0.2,0.8,0.0,0.36096404744368116
39633290080026919,0.0,0.56,0.44,0.0,0.4947937606110278
39633300964247400,0.0,0.38,0.62,0.0,0.47902101111314976
39633293699714055,0.0,0.03,0.97,0.0,0.0971959289157881
39633300981023476,0.0,0.1,0.9,0.0,0.2344977967946406
39633300955857621,0.0,0.65,0.35,0.0,0.4670340276877455
39633275190249155,0.0,0.74,0.26,0.0,0.4133731862463089
39633300964249131,0.0,0.67,0.33,0.0,0.4574631863898637
39633278960928462,0.0,0.7,0.3,0.0,0.44064544961534635
39633286359682660,0.0,0.25,0.75,0.0,0.4056390622295664
39633278931570196,0.0,0.44,0.56,0.0,0.4947937606110278
39633267678251753,0.0,0.01,0.99,0.0,0.04039656794795559
39633290050668057,0.0,0.94,0.06,0.0,0.16372245957723813
39633300981023585,0.0,0.03,0.97,0.0,0.0971959289157881
39633267661472615,0.0,0.04,0.95,0.01,0.16124668093016215
39633304562960026,0.0,1.0,0.0,0.0,-0.0
39633271444735467,0.0,0.02,0.98,0.0,0.07072027127091034
39633275232192856,0.0,0.19,0.81,0.0,0.3507357299419487
39633290054861916,0.0,0.3,0.7,0.0,0.44064544961534635
39633275232191074,0.0,0.85,0.15,0.0,0.3049201523582002
39633275227998966,0.0,0.66,0.34,0.0,0.46240935248651505
39633275227999314,0.0,0.98,0.02,0.0,0.07072027127091034
39633290054861896,0.0,0.71,0.29,0.0,0.43436062316970225
39633278939958705,0.0,0.43,0.57,0.0,0.4929075185894599
39633275227999448,0.0,0.3,0.7,0.0,0.44064544961534635
39633275227999622,0.0,0.61,0.39,0.0,0.4823997742525436
39633267674057639,0.0,0.83,0.17,0.0,0.32885238937210975
39633263874017384,0.0,0.04,0.96,0.0,0.12114609454120741
39633282668693993,0.0,0.62,0.38,0.0,0.47902101111314976
39633297340370625,0.0,0.09,0.91,0.0,0.21823490853205144
39633275223803547,0.0,0.91,0.09,0.0,0.21823490853205144
39633297344561322,0.0,0.01,0.99,0.0,0.04039656794795559
39633300955858395,0.0,0.99,0.01,0.0,0.04039656794795559
39633297344561217,0.0,0.03,0.97,0.0,0.0971959289157881
39633304571346977,0.0,0.52,0.48,0.0,0.4994227679976009
39633297344561367,0.0,0.84,0.16,0.0,0.3171547773202831
39633297344561285,0.0,0.43,0.57,0.0,0.4929075185894599
39633304567155719,0.0,0.02,0.98,0.0,0.07072027127091034
39633290063251051,0.0,0.62,0.38,0.0,0.47902101111314976
39633293720685792,0.0,0.49,0.51,0.0,0.49985572087640495
39633271461513156,0.0,0.01,0.98,0.01,0.08072027127091033
39633267674057056,0.0,0.14,0.86,0.0,0.292119405821428
39633267674057158,0.0,0.75,0.25,0.0,0.4056390622295664
39633308140700531,0.0,0.1,0.9,0.0,0.2344977967946406
39633297369730188,0.0,0.07,0.93,0.0,0.18296182545011158
39633275223803598,0.0,0.97,0.03,0.0,0.0971959289157881
39633290054862004,0.0,0.9,0.1,0.0,0.2344977967946406
39633282698052920,0.0,0.96,0.04,0.0,0.12114609454120741
39633293699713493,0.0,0.66,0.34,0.0,0.46240935248651505
39633290054862077,0.0,0.78,0.22,0.0,0.38008375148098283
39633275223803424,0.0,0.16,0.84,0.0,0.3171547773202831
39633290054862251,0.0,0.51,0.49,0.0,0.49985572087640495
39633282698053106,0.0,0.76,0.24,0.0,0.39752013969226113
39633275223803423,0.0,0.71,0.29,0.0,0.43436062316970225
39633275232190637,0.0,0.91,0.09,0.0,0.21823490853205144
39633267678249103,0.0,0.41,0.59,0.0,0.488250234378912
39633278973512906,0.0,0.67,0.33,0.0,0.4574631863898637
39633275232190537,0.0,0.17,0.83,0.0,0.32885238937210975
39633300985220379,0.0,0.47,0.53,0.0,0.4987007942838698
39633300972635580,0.0,0.49,0.51,0.0,0.49985572087640495
39633286359681472,0.0,0.96,0.04,0.0,0.12114609454120741
39633267674056884,0.0,0.55,0.45,0.0,0.49638722699390414
39633300989412331,0.0,0.91,0.09,0.0,0.21823490853205144
39633267674057252,0.0,0.38,0.62,0.0,0.47902101111314976
39633271457317940,0.0,0.5,0.5,0.0,0.5
39633275227999639,0.0,0.35,0.65,0.0,0.4670340276877455
39633275223803301,0.0,0.76,0.24,0.0,0.39752013969226113
39633300989412101,0.0,0.35,0.65,0.0,0.4670340276877455
39633282698053126,0.0,0.07,0.91,0.02,0.2526241113249394
39633286384844819,0.0,0.56,0.43,0.01,0.5292217944502821
39633282698053111,0.0,0.16,0.84,0.0,0.3171547773202831
39633300968440626,0.0,0.66,0.34,0.0,0.46240935248651505
39633300968440512,0.0,0.54,0.46,0.0,0.49768921941011285
39633293724877305,0.0,0.1,0.9,0.0,0.2344977967946406
39633278969319156,0.0,0.99,0.01,0.0,0.04039656794795559
39633278969319155,0.0,0.83,0.17,0.0,0.32885238937210975
39633300981023540,0.0,0.42,0.58,0.0,0.49072694751682683
39633286359681291,0.0,0.0,0.82,0.18,0.34003852286413994
39633290050668353,0.0,0.57,0.43,0.0,0.4929075185894599
39633275194444657,0.0,0.35,0.65,0.0,0.4670340276877455
39633290054862326,0.0,0.56,0.44,0.0,0.4947937606110278
39633275232190740,0.0,0.63,0.37,0.0,0.47533604634353294
39633282698053265,0.0,0.12,0.88,0.0,0.2646804326436822
39633282672888165,0.0,0.1,0.9,0.0,0.2344977967946406
39633300989411434,0.0,0.88,0.12,0.0,0.2646804326436822
39633275227999616,0.0,0.08,0.92,0.0,0.2010895951011364
39633267674057214,0.0,0.46,0.54,0.0,0.49768921941011285
39633271469901125,0.0,1.0,0.0,0.0,-0.0
39633278973511042,0.0,0.43,0.57,0.0,0.4929075185894599
39633271469900725,0.0,0.86,0.14,0.0,0.292119405821428
39633267657280387,0.0,0.91,0.09,0.0,0.21823490853205144
39633278944152761,0.0,0.62,0.38,0.0,0.47902101111314976
39633293716489395,0.0,0.35,0.65,0.0,0.4670340276877455
39633275198637032,0.0,0.99,0.01,0.0,0.04039656794795559
39633267661473421,0.0,0.13,0.87,0.0,0.2787190925139945
39633293708102742,0.0,0.26,0.74,0.0,0.4133731862463089
39633293724878291,0.0,0.08,0.92,0.0,0.2010895951011364
39633286389040998,0.0,0.27,0.73,0.0,0.42073231810408784
39633293724878284,0.0,0.0,0.84,0.16,0.3171547773202831
39633286355485213,0.0,0.75,0.25,0.0,0.4056390622295664
39633300960053663,0.0,0.16,0.84,0.0,0.3171547773202831
39633300955858992,0.0,0.32,0.68,0.0,0.45219072886224687
39633300955859459,0.0,0.64,0.36,0.0,0.4713415946277461
39633278956733344,0.0,0.81,0.19,0.0,0.3507357299419487
39633278948344616,0.0,0.16,0.84,0.0,0.3171547773202831
39633300955859450,0.0,0.32,0.68,0.0,0.45219072886224687
39633300955858874,0.0,0.14,0.85,0.01,0.33142210248480686
39633278952538132,0.0,0.14,0.86,0.0,0.292119405821428
39633282689663675,0.0,0.51,0.49,0.0,0.49985572087640495
39633278944152711,0.0,0.7,0.3,0.0,0.44064544961534635
39633293699712243,0.0,0.01,0.95,0.04,0.16124668093016215
39633300955858610,0.0,0.28,0.72,0.0,0.4277254052800653
39633286393233815,0.06,0.94,0.0,0.0,0.16372245957723813
39633282689665967,0.0,0.74,0.26,0.0,0.4133731862463089
39633293708102887,0.0,0.11,0.89,0.0,0.249957979082264
39633286393233901,0.0,0.2,0.8,0.0,0.36096404744368116
39633278927374112,0.0,0.63,0.37,0.0,0.47533604634353294
39633267686638938,0.0,0.72,0.28,0.0,0.4277254052800653
39633271469900444,0.0,0.12,0.88,0.0,0.2646804326436822
39633290054862705,0.0,0.64,0.36,0.0,0.4713415946277461
39633271469900912,0.0,0.26,0.74,0.0,0.4133731862463089
39633271469901441,0.0,0.99,0.01,0.0,0.04039656794795559
39633267686638922,0.0,0.96,0.04,0.0,0.12114609454120741
39633271469901732,0.0,0.73,0.27,0.0,0.42073231810408784
39633267686637862,0.0,0.88,0.12,0.0,0.2646804326436822
39633267686637884,0.0,0.01,0.99,0.0,0.04039656794795559
39633267686639637,0.0,0.21,0.79,0.0,0.37074136996563684
39633267686639476,0.0,0.89,0.11,0.0,0.249957979082264
39633267686638819,0.04,0.96,0.0,0.0,0.12114609454120741
39633267657280526,0.0,0.03,0.89,0.08,0.296452280596498
39633290054863622,0.0,0.47,0.53,0.0,0.4987007942838698
39633297357147589,0.0,0.15,0.85,0.0,0.3049201523582002
39633290080027281,0.0,0.86,0.14,0.0,0.292119405821428
39633286372263824,0.0,0.54,0.46,0.0,0.49768921941011285
39633300972636774,0.0,0.0,0.98,0.02,0.07072027127091034
39633282664497222,0.0,0.49,0.51,0.0,0.49985572087640495
39633278956734843,0.0,0.11,0.89,0.0,0.249957979082264
39633286351290638,0.0,0.43,0.57,0.0,0.4929075185894599
39633286393235263,0.0,0.44,0.56,0.0,0.4947937606110278
39633286393235290,0.0,0.19,0.81,0.0,0.3507357299419487
39633293703905938,0.0,0.14,0.86,0.0,0.292119405821428
39633297369728394,0.0,0.9,0.1,0.0,0.2344977967946406
39633286393235242,0.0,0.29,0.71,0.0,0.43436062316970225
39633271469900614,0.0,0.57,0.43,0.0,0.4929075185894599
39633286372263439,0.0,0.73,0.27,0.0,0.42073231810408784
39633293733266996,0.0,0.14,0.86,0.0,0.292119405821428
39633286372263247,0.0,0.68,0.32,0.0,0.45219072886224687
39633275227999072,0.0,0.99,0.01,0.0,0.04039656794795559
39633282664498791,0.0,0.19,0.81,0.0,0.3507357299419487
39633282698052813,0.0,0.77,0.23,0.0,0.38900565177326885
39633278973512999,0.0,0.71,0.29,0.0,0.43436062316970225
39633271469901602,0.0,0.6,0.4,0.0,0.4854752972273343
39633275190248759,0.0,0.04,0.96,0.0,0.12114609454120741
39633275223803660,0.0,0.02,0.98,0.0,0.07072027127091034
39633275190248535,0.0,0.33,0.67,0.0,0.4574631863898637
39633293733266857,0.0,0.01,0.99,0.0,0.04039656794795559
39633293733266842,0.0,0.78,0.22,0.0,0.38008375148098283
39633278939955223,0.0,0.45,0.55,0.0,0.49638722699390414
39633293733267838,0.0,0.15,0.85,0.0,0.3049201523582002
39633300955858196,0.0,0.61,0.39,0.0,0.4823997742525436
39633278973512307,0.0,1.0,0.0,0.0,-0.0
39633263874017031,0.0,0.2,0.8,0.0,0.36096404744368116
39633282698053638,0.0,0.49,0.51,0.0,0.49985572087640495
39633278973513013,0.0,0.92,0.08,0.0,0.2010895951011364
39633267678249358,0.0,0.86,0.14,0.0,0.292119405821428
39633290054862771,0.0,0.61,0.39,0.0,0.4823997742525436
39633300989412460,0.0,0.67,0.33,0.0,0.4574631863898637
39633271457318146,0.0,1.0,0.0,0.0,-0.0
39633286397429722,0.0,0.97,0.03,0.0,0.0971959289157881
39633300972636558,0.0,0.96,0.04,0.0,0.12114609454120741
39633290067445293,0.0,0.93,0.07,0.0,0.18296182545011158
39633300989411933,0.0,0.55,0.45,0.0,0.49638722699390414
39633275194444418,0.0,0.17,0.83,0.0,0.32885238937210975
39633300960053859,0.0,0.15,0.85,0.0,0.3049201523582002
39633297340369432,0.0,0.98,0.02,0.0,0.07072027127091034
39633297352950186,0.0,0.14,0.86,0.0,0.292119405821428
39633297352952782,0.0,0.04,0.96,0.0,0.12114609454120741
39633304567155724,0.0,0.61,0.39,0.0,0.4823997742525436
39633300968440354,0.0,0.08,0.92,0.0,0.2010895951011364
39633293729072157,0.0,0.95,0.05,0.0,0.14319847855797813
39633297348756952,0.0,0.03,0.97,0.0,0.0971959289157881
39633293691325160,0.0,0.94,0.06,0.0,0.16372245957723813
39633293691325290,0.0,0.98,0.02,0.0,0.07072027127091034
39633282689663995,0.0,0.44,0.56,0.0,0.4947937606110278
39633282689664073,0.0,0.0,0.8,0.2,0.36096404744368116
39633293691325263,0.0,0.35,0.65,0.0,0.4670340276877455
39633282689664162,0.0,0.94,0.06,0.0,0.16372245957723813
39633282689664144,0.0,0.2,0.8,0.0,0.36096404744368116
39633278939956038,0.0,0.49,0.51,0.0,0.49985572087640495
39633286389041276,0.0,0.19,0.81,0.0,0.3507357299419487
39633290046474706,0.0,0.07,0.93,0.0,0.18296182545011158
39633290054862307,0.0,0.64,0.36,0.0,0.4713415946277461
39633278965121684,0.0,0.66,0.34,0.0,0.46240935248651505
39633293720684061,0.0,0.69,0.31,0.0,0.4465867291889284
39633293720684227,0.0,0.58,0.42,0.0,0.49072694751682683
39633278965121585,0.0,1.0,0.0,0.0,-0.0
39633297336174820,0.0,0.05,0.95,0.0,0.14319847855797813
39633290063251473,0.0,0.72,0.28,0.0,0.4277254052800653
39633297348756117,0.0,0.26,0.74,0.0,0.4133731862463089
39633293724876982,0.0,0.71,0.29,0.0,0.43436062316970225
39633293720685998,0.0,0.95,0.05,0.0,0.14319847855797813
39633297348755923,0.0,0.39,0.61,0.0,0.4823997742525436
39633278939957904,0.04,0.96,0.0,0.0,0.12114609454120741
39633300972635859,0.0,0.42,0.58,0.0,0.49072694751682683
39633297348756445,0.0,0.36,0.64,0.0,0.4713415946277461
39633275202832670,0.0,0.0,0.99,0.01,0.04039656794795559
39633293712297244,0.0,0.69,0.31,0.0,0.4465867291889284
39633300964247013,0.0,0.68,0.32,0.0,0.45219072886224687
39633290080026810,0.0,0.22,0.78,0.0,0.38008375148098283
39633275202833584,0.0,0.33,0.67,0.0,0.4574631863898637
39633282677081537,0.0,1.0,0.0,0.0,-0.0
39633282677081420,0.0,0.44,0.56,0.0,0.4947937606110278
39633293703907285,0.0,0.61,0.39,0.0,0.4823997742525436
39633278973512180,0.0,0.96,0.04,0.0,0.12114609454120741
39633293708102772,0.0,0.29,0.71,0.0,0.43436062316970225
39633286359682632,0.0,0.03,0.97,0.0,0.0971959289157881
39633293720685896,0.0,0.19,0.81,0.0,0.3507357299419487
39633290050668615,0.0,0.88,0.12,0.0,0.2646804326436822
39633282672887264,0.0,1.0,0.0,0.0,-0.0
39633290050668666,0.0,0.4,0.6,0.0,0.4854752972273343
39633286359682411,0.0,0.09,0.91,0.0,0.21823490853205144
39633300989411823,0.0,0.15,0.85,0.0,0.3049201523582002
39633290054862544,0.0,0.64,0.36,0.0,0.4713415946277461
39633290054862550,0.0,0.98,0.02,0.0,0.07072027127091034
39633300989411597,0.0,0.9,0.1,0.0,0.2344977967946406
39633297348755795,0.0,0.36,0.64,0.0,0.4713415946277461
39633300985220645,0.0,0.06,0.92,0.02,0.2335407200795017
39633300985220639,0.03,0.94,0.03,0.0,0.19372245957723813
39633300989412035,0.0,0.58,0.42,0.0,0.49072694751682683
39633300989411826,0.0,0.73,0.27,0.0,0.42073231810408784
39633293737461226,0.0,0.36,0.64,0.0,0.4713415946277461
39633290050668429,0.0,0.21,0.79,0.0,0.37074136996563684
39633286393234079,0.0,0.29,0.71,0.0,0.43436062316970225
39633300972636625,0.0,0.19,0.81,0.0,0.3507357299419487
39633297340368270,0.0,0.07,0.93,0.0,0.18296182545011158
39633290071640163,0.0,0.96,0.04,0.0,0.12114609454120741
39633297336173929,0.0,0.29,0.71,0.0,0.43436062316970225
39633297352950193,0.02,0.96,0.02,0.0,0.14114609454120738
39633267661472714,0.0,0.47,0.53,0.0,0.4987007942838698
39633278960929658,0.0,0.44,0.56,0.0,0.4947937606110278
39633278939956092,0.0,0.56,0.44,0.0,0.4947937606110278
39633282689666665,0.0,0.98,0.02,0.0,0.07072027127091034
39633300960054703,0.0,0.6,0.4,0.0,0.4854752972273343
39633293737459918,0.0,0.84,0.16,0.0,0.3171547773202831
39633275190248245,0.0,0.18,0.82,0.0,0.34003852286413994
39633271469900223,0.0,1.0,0.0,0.0,-0.0
39633290063249603,0.0,1.0,0.0,0.0,-0.0
39633271469900384,0.0,0.88,0.12,0.0,0.2646804326436822
39633297336174004,0.0,0.19,0.81,0.0,0.3507357299419487
39633290054860821,0.0,0.08,0.92,0.0,0.2010895951011364
39633278956734556,0.0,0.23,0.77,0.0,0.38900565177326885
39633278956734653,0.0,0.78,0.22,0.0,0.38008375148098283
39633275232191484,0.0,0.97,0.03,0.0,0.0971959289157881
39633286347099054,0.0,0.34,0.66,0.0,0.46240935248651505
39633278939956254,0.0,0.71,0.29,0.0,0.43436062316970225
39633293737460560,0.0,0.18,0.82,0.0,0.34003852286413994
39633293737460607,0.0,0.32,0.68,0.0,0.45219072886224687
39633271436345706,0.0,0.19,0.81,0.0,0.3507357299419487
39633297348756805,0.0,0.59,0.41,0.0,0.488250234378912
39633290075835394,0.0,0.99,0.01,0.0,0.04039656794795559
39633290054862633,0.0,0.35,0.65,0.0,0.4670340276877455
39633267678249617,0.0,0.87,0.13,0.0,0.2787190925139945
39633267678249593,0.0,0.03,0.97,0.0,0.0971959289157881
39633293737462286,0.0,0.96,0.04,0.0,0.12114609454120741
39633290054861375,0.0,0.18,0.82,0.0,0.34003852286413994
39633286359682609,0.0,0.36,0.64,0.0,0.4713415946277461
39633308144895998,0.0,0.95,0.05,0.0,0.14319847855797813
39633271469901887,0.13,0.87,0.0,0.0,0.2787190925139945
39633286389041861,0.0,0.81,0.19,0.0,0.3507357299419487
39633286359681944,0.0,0.52,0.48,0.0,0.4994227679976009
39633290075833382,0.0,0.45,0.55,0.0,0.49638722699390414
39633290071639722,0.0,0.25,0.75,0.0,0.4056390622295664
39633267678249355,0.0,0.12,0.88,0.0,0.2646804326436822
39633286393235672,0.0,0.6,0.4,0.0,0.4854752972273343
39633275202832270,0.0,0.25,0.75,0.0,0.4056390622295664
39633275202832184,0.0,0.46,0.54,0.0,0.49768921941011285
39633297369729337,0.0,0.1,0.9,0.0,0.2344977967946406
39633286359682044,0.0,0.16,0.84,0.0,0.3171547773202831
39633304567155321,0.0,0.16,0.84,0.0,0.3171547773202831
39633293699714247,0.0,0.01,0.99,0.0,0.04039656794795559
39633282698052505,0.0,0.99,0.01,0.0,0.04039656794795559
39633308136507381,0.0,0.11,0.89,0.0,0.249957979082264
39633271444735831,0.0,0.76,0.24,0.0,0.39752013969226113
39633297369729518,0.0,0.61,0.39,0.0,0.4823997742525436
39633271453123434,0.0,0.35,0.65,0.0,0.4670340276877455
39633271457316967,0.0,0.0,1.0,0.0,-0.0
39633304567155441,0.0,0.79,0.21,0.0,0.37074136996563684
39633286384845836,0.0,0.17,0.83,0.0,0.32885238937210975
39633286389041748,0.0,0.17,0.83,0.0,0.32885238937210975
39633282668693788,0.0,0.89,0.11,0.0,0.249957979082264
39633275194445395,0.0,0.68,0.32,0.0,0.45219072886224687
39633293708102422,0.0,0.03,0.97,0.0,0.0971959289157881
39633271436345793,0.0,0.32,0.68,0.0,0.45219072886224687
39633290080027125,0.0,0.14,0.86,0.0,0.292119405821428
39633293733268431,0.0,0.78,0.22,0.0,0.38008375148098283
39633282698052629,0.0,0.14,0.86,0.0,0.292119405821428
39633271436345795,0.0,0.7,0.3,0.0,0.44064544961534635
39633282660306160,0.0,0.9,0.1,0.0,0.2344977967946406
39633286359681714,0.0,0.0,1.0,0.0,-0.0
39633297373922853,0.0,0.16,0.84,0.0,0.3171547773202831
39633304579736225,0.0,0.04,0.96,0.0,0.12114609454120741
39633286393235678,0.0,0.05,0.95,0.0,0.14319847855797813
39633290042280363,0.0,0.06,0.94,0.0,0.16372245957723813
39633300955857837,0.0,0.38,0.62,0.0,0.47902101111314976
39633286380653742,0.0,0.08,0.92,0.0,0.2010895951011364
39633278960928724,0.0,0.2,0.8,0.0,0.36096404744368116
39633300981023394,0.0,0.23,0.77,0.0,0.38900565177326885
39633286359681988,0.0,0.0,1.0,0.0,-0.0
39633282693857430,0.0,0.55,0.45,0.0,0.49638722699390414
39633278960928569,0.0,0.79,0.21,0.0,0.37074136996563684
39633286359681936,0.0,0.25,0.75,0.0,0.4056390622295664
39633286359682040,0.0,0.58,0.42,0.0,0.49072694751682683
39633275194444726,0.0,0.02,0.98,0.0,0.07072027127091034
39633297373922151,0.0,0.08,0.92,0.0,0.2010895951011364
39633290063251477,0.0,0.78,0.22,0.0,0.38008375148098283
39633290063251487,0.0,0.96,0.04,0.0,0.12114609454120741
39633282668693953,0.0,0.44,0.56,0.0,0.4947937606110278
39633286384846579,0.0,0.86,0.14,0.0,0.292119405821428
39633297373922169,0.0,0.27,0.73,0.0,0.42073231810408784
39633308149089306,0.0,0.58,0.42,0.0,0.49072694751682683
39633308149089423,0.01,0.98,0.01,0.0,0.08072027127091033
39633282698054341,0.0,0.83,0.17,0.0,0.32885238937210975
39633282698054358,0.0,1.0,0.0,0.0,-0.0
39633271469901790,0.0,0.49,0.51,0.0,0.49985572087640495
39633286401622213,0.0,0.93,0.07,0.0,0.18296182545011158
39633271469901777,0.0,0.09,0.91,0.0,0.21823490853205144
39633300989412358,0.0,0.09,0.91,0.0,0.21823490853205144
39633286397430878,0.01,0.99,0.0,0.0,0.04039656794795559
39633275223804243,0.0,0.45,0.55,0.0,0.49638722699390414
39633286372263511,0.0,0.25,0.75,0.0,0.4056390622295664
39633275202832179,0.0,0.56,0.44,0.0,0.4947937606110278
39633275202832115,0.0,0.46,0.54,0.0,0.49768921941011285
39633293708102390,0.0,0.14,0.86,0.0,0.292119405821428
39633275202832291,0.0,0.93,0.07,0.0,0.18296182545011158
39633286372262285,0.0,0.94,0.06,0.0,0.16372245957723813
39633304571348939,0.0,0.9,0.1,0.0,0.2344977967946406
39633275223803176,0.0,0.03,0.92,0.05,0.239266955218135
39633293708102361,0.0,0.57,0.43,0.0,0.4929075185894599
39633275202832189,0.0,0.41,0.59,0.0,0.488250234378912
39633275223803523,0.0,0.71,0.29,0.0,0.43436062316970225
39633286384845757,0.0,0.98,0.02,0.0,0.07072027127091034
39633300989412010,0.0,0.32,0.68,0.0,0.45219072886224687
39633278973512478,0.0,0.0,1.0,0.0,-0.0
39633278973512000,0.0,0.99,0.01,0.0,0.04039656794795559
39633282698053675,0.0,0.53,0.47,0.0,0.4987007942838698
39633282698053718,0.0,0.69,0.31,0.0,0.4465867291889284
39633293737461951,0.0,0.44,0.56,0.0,0.4947937606110278
39633286397429913,0.0,0.3,0.7,0.0,0.44064544961534635
39633300989412254,0.0,0.66,0.34,0.0,0.46240935248651505
39633300989412400,0.0,0.22,0.78,0.0,0.38008375148098283
39633293737461720,0.0,0.16,0.83,0.01,0.3562867308783886
39633293737462431,0.01,0.97,0.02,0.0,0.11097036642660543
39633297378116840,0.0,0.96,0.04,0.0,0.12114609454120741
39633286372262466,0.0,0.77,0.23,0.0,0.38900565177326885
39633275202832524,0.0,0.12,0.88,0.0,0.2646804326436822
39633308144894666,0.0,0.24,0.76,0.0,0.39752013969226113
39633304571349201,0.0,0.02,0.98,0.0,0.07072027127091034
39633290080028619,0.0,0.82,0.18,0.0,0.34003852286413994
39633300989411404,0.0,0.99,0.01,0.0,0.04039656794795559
39633308149088661,0.0,0.66,0.34,0.0,0.46240935248651505
39633286368071158,0.0,0.31,0.69,0.0,0.4465867291889284
39633293737461768,0.0,0.98,0.02,0.0,0.07072027127091034
39633308149089764,0.0,0.42,0.58,0.0,0.49072694751682683
39633286372262012,0.0,0.09,0.91,0.0,0.21823490853205144
39633293716489131,0.0,0.3,0.7,0.0,0.44064544961534635
39633290067444361,0.0,0.68,0.32,0.0,0.45219072886224687
39633282660306061,0.13,0.87,0.0,0.0,0.2787190925139945
39633271436345481,0.0,0.93,0.07,0.0,0.18296182545011158
39633286384845554,0.0,0.0,0.99,0.01,0.04039656794795559
39633282689665888,0.0,0.4,0.6,0.0,0.4854752972273343
39633278927373845,0.0,0.03,0.97,0.0,0.0971959289157881
39633278927373937,0.0,0.49,0.51,0.0,0.49985572087640495
39633286384848226,0.0,0.23,0.77,0.0,0.38900565177326885
39633271469901402,0.0,0.23,0.77,0.0,0.38900565177326885
39633293724879221,0.0,0.87,0.13,0.0,0.2787190925139945
39633267686639288,0.0,0.59,0.41,0.0,0.488250234378912
39633290054863383,0.0,0.75,0.25,0.0,0.4056390622295664
39633290054863168,0.0,0.35,0.65,0.0,0.4670340276877455
39633290054863121,0.0,0.36,0.64,0.0,0.4713415946277461
39633290054863034,0.0,0.43,0.57,0.0,0.4929075185894599
39633290054863096,0.0,0.99,0.01,0.0,0.04039656794795559
39633290054863246,0.0,0.7,0.3,0.0,0.44064544961534635
39633290054863243,0.0,0.43,0.57,0.0,0.4929075185894599
39633290080027123,0.0,0.7,0.3,0.0,0.44064544961534635
39633297373922092,0.0,0.54,0.46,0.0,0.49768921941011285
39633282698054494,0.0,0.62,0.38,0.0,0.47902101111314976
39633282698054908,0.0,0.99,0.01,0.0,0.04039656794795559
39633293737462476,0.01,0.99,0.0,0.0,0.04039656794795559
39633278977703985,0.0,0.97,0.03,0.0,0.0971959289157881
39633282698054535,0.0,0.96,0.04,0.0,0.12114609454120741
39633308149089630,0.0,0.38,0.62,0.0,0.47902101111314976
39633308149089674,0.0,0.88,0.12,0.0,0.2646804326436822
39633300989412548,0.0,0.58,0.42,0.0,0.49072694751682683
39633278977704581,0.0,0.87,0.13,0.0,0.2787190925139945
39633278973512770,0.0,0.55,0.45,0.0,0.49638722699390414
39633282698053757,0.0,0.78,0.22,0.0,0.38008375148098283
39633286372262173,0.0,0.49,0.51,0.0,0.49985572087640495
39633286372263227,0.0,0.02,0.98,0.0,0.07072027127091034
39633290054863170,0.0,0.87,0.13,0.0,0.2787190925139945
39633278977704204,0.0,0.29,0.71,0.0,0.43436062316970225
39633293724879182,0.0,0.6,0.4,0.0,0.4854752972273343
39633282698054188,0.0,0.72,0.28,0.0,0.4277254052800653
39633275232193831,0.0,0.98,0.02,0.0,0.07072027127091034
39633278977704022,0.0,0.99,0.01,0.0,0.04039656794795559
39633300989412390,0.01,0.98,0.01,0.0,0.08072027127091033
39633293737462082,0.0,0.93,0.07,0.0,0.18296182545011158
39633278973512913,0.0,0.99,0.01,0.0,0.04039656794795559
39633278973513032,0.0,0.28,0.72,0.0,0.4277254052800653
39633278977704096,0.0,0.68,0.32,0.0,0.45219072886224687
39633278973513062,0.0,0.66,0.34,0.0,0.46240935248651505
39633263874016454,0.0,0.96,0.04,0.0,0.12114609454120741
39633263874016609,0.0,0.87,0.13,0.0,0.2787190925139945
39633308149088668,0.0,0.66,0.34,0.0,0.46240935248651505
39633293737462393,0.0,0.37,0.63,0.0,0.47533604634353294
39633300989411477,0.0,0.19,0.81,0.0,0.3507357299419487
39633300989413400,0.0,0.97,0.03,0.0,0.0971959289157881
39633300989411851,0.0,0.74,0.26,0.0,0.4133731862463089
39633293737462306,0.0,0.97,0.03,0.0,0.0971959289157881
39633300985220787,0.0,0.56,0.44,0.0,0.4947937606110278
39633300985220729,0.0,0.6,0.4,0.0,0.4854752972273343
39633308144895700,0.0,0.08,0.92,0.0,0.2010895951011364
39633282698054598,0.0,0.23,0.77,0.0,0.38900565177326885
39633290080028774,0.0,0.75,0.25,0.0,0.4056390622295664
39633286389041842,0.0,0.34,0.66,0.0,0.46240935248651505
39633308149088529,0.0,0.28,0.72,0.0,0.4277254052800653
39633293708102564,0.0,0.74,0.26,0.0,0.4133731862463089
39633290067446505,0.0,0.07,0.93,0.0,0.18296182545011158
39633290071639841,0.0,0.54,0.46,0.0,0.49768921941011285
39633304554571375,0.0,0.47,0.53,0.0,0.4987007942838698
39633290029698465,0.0,0.97,0.03,0.0,0.0971959289157881
39633293729074579,0.0,0.24,0.76,0.0,0.39752013969226113
39633286389042175,0.0,0.47,0.53,0.0,0.4987007942838698
39633275207026864,0.0,0.47,0.53,0.0,0.4987007942838698
39633297348756137,0.0,0.14,0.86,0.0,0.292119405821428
39633297331980669,0.0,0.85,0.15,0.0,0.3049201523582002
39633297331980837,0.0,0.51,0.49,0.0,0.49985572087640495
39633297348756349,0.0,0.01,0.99,0.0,0.04039656794795559
39633286384846496,0.0,0.09,0.91,0.0,0.21823490853205144
39633300989411977,0.0,0.41,0.59,0.0,0.488250234378912
39633282698054183,0.0,0.3,0.7,0.0,0.44064544961534635
39633282698054145,0.0,0.84,0.16,0.0,0.3171547773202831
39633297348756342,0.0,0.0,0.98,0.02,0.07072027127091034
39633297348756323,0.0,0.02,0.96,0.02,0.14114609454120738
39633282698053771,0.0,0.75,0.25,0.0,0.4056390622295664
39633282698053808,0.0,0.37,0.63,0.0,0.47533604634353294
39633300989411971,0.0,0.95,0.05,0.0,0.14319847855797813
39633308149088914,0.0,0.98,0.02,0.0,0.07072027127091034
39633293737461865,0.0,0.61,0.39,0.0,0.4823997742525436
39633286389041740,0.0,0.37,0.63,0.0,0.47533604634353294
39633297348756564,0.0,0.97,0.03,0.0,0.0971959289157881
39633286389041902,0.0,0.05,0.95,0.0,0.14319847855797813
39633286384848172,0.0,0.7,0.3,0.0,0.44064544961534635
39633293733267054,0.0,0.42,0.58,0.0,0.49072694751682683
39633293733267170,0.0,0.02,0.98,0.0,0.07072027127091034
39633293733266941,0.0,0.91,0.09,0.0,0.21823490853205144
39633282698055014,0.01,0.99,0.0,0.0,0.04039656794795559
39633278977704245,0.0,0.88,0.12,0.0,0.2646804326436822
39633278977704244,0.0,0.91,0.09,0.0,0.21823490853205144
39633263874016777,0.0,0.82,0.18,0.0,0.34003852286413994
39633278973512520,0.0,0.99,0.01,0.0,0.04039656794795559
39633293737462268,0.0,1.0,0.0,0.0,-0.0
39633308144897300,0.0,1.0,0.0,0.0,-0.0
39633297373924752,0.0,0.99,0.01,0.0,0.04039656794795559
39633275232191681,0.0,0.7,0.3,0.0,0.44064544961534635
39633263874017973,0.02,0.97,0.01,0.0,0.11097036642660543
39633308149088377,0.0,0.18,0.82,0.0,0.34003852286413994
39633297336172999,0.0,0.99,0.01,0.0,0.04039656794795559
39633290050669529,0.0,0.42,0.58,0.0,0.49072694751682683
39633293712296550,0.0,0.04,0.96,0.0,0.12114609454120741
39633290050669707,0.0,0.23,0.77,0.0,0.38900565177326885
39633300964247823,0.0,0.04,0.94,0.02,0.19127133459887283
39633267657280529,0.0,0.03,0.97,0.0,0.0971959289157881
39633290046475193,0.0,0.49,0.51,0.0,0.49985572087640495
39633263869823699,0.0,0.93,0.07,0.0,0.18296182545011158
39633278969318471,0.0,0.37,0.63,0.0,0.47533604634353294
39633263869823663,0.0,0.22,0.78,0.0,0.38008375148098283
39633304562960679,0.0,1.0,0.0,0.0,-0.0
39633263865628411,0.0,0.17,0.83,0.0,0.32885238937210975
39633297340370188,0.0,0.5,0.5,0.0,0.5
39633290038086558,0.0,0.44,0.56,0.0,0.4947937606110278
39633286384846094,0.0,0.83,0.17,0.0,0.32885238937210975
39633286384846154,0.0,0.05,0.95,0.0,0.14319847855797813
39633286384846410,0.0,0.29,0.71,0.0,0.43436062316970225
39633271465707676,0.0,0.03,0.97,0.0,0.0971959289157881
39633271465707691,0.0,0.17,0.83,0.0,0.32885238937210975
39633300968440418,0.0,0.01,0.99,0.0,0.04039656794795559
39633282693859795,0.0,0.96,0.04,0.0,0.12114609454120741
39633282693859879,0.0,0.97,0.03,0.0,0.0971959289157881
39633300960052139,0.0,0.07,0.93,0.0,0.18296182545011158
39633286389039214,0.0,0.79,0.21,0.0,0.37074136996563684
39633286363875788,0.0,0.01,0.92,0.07,0.22283217282912027
39633282651914467,0.0,0.08,0.92,0.0,0.2010895951011364
39633286363875578,0.0,0.04,0.96,0.0,0.12114609454120741
39633293716488418,0.0,0.99,0.01,0.0,0.04039656794795559
39633286363875428,0.0,0.01,0.99,0.0,0.04039656794795559
39633278960929403,0.0,0.02,0.95,0.03,0.1674722434193448
39633282664498878,0.0,0.35,0.65,0.0,0.4670340276877455
39633282664499132,0.0,0.83,0.17,0.0,0.32885238937210975
39633278956733825,0.0,0.21,0.79,0.0,0.37074136996563684
39633278952541079,0.0,0.33,0.67,0.0,0.4574631863898637
39633282677081062,0.0,0.98,0.02,0.0,0.07072027127091034
39633278952540661,0.0,0.49,0.51,0.0,0.49985572087640495
39633286384844978,0.0,0.02,0.98,0.0,0.07072027127091034
39633300960051983,0.0,0.76,0.24,0.0,0.39752013969226113
39633286384847373,0.0,0.03,0.97,0.0,0.0971959289157881
39633300960052552,0.0,0.82,0.18,0.0,0.34003852286413994
39633282664499095,0.0,0.09,0.91,0.0,0.21823490853205144
39633308144894910,0.0,0.16,0.84,0.0,0.3171547773202831
39633300985219128,0.0,0.29,0.71,0.0,0.43436062316970225
39633267674055247,0.0,0.14,0.86,0.0,0.292119405821428
39633271436347611,0.0,0.55,0.45,0.0,0.49638722699390414
39633271436347573,0.0,0.94,0.06,0.0,0.16372245957723813
39633267674055258,0.0,0.0,0.94,0.06,0.16372245957723813
39633286359680882,0.0,0.94,0.06,0.0,0.16372245957723813
39633286351293990,0.0,0.59,0.41,0.0,0.488250234378912
39633286351293679,0.0,0.17,0.83,0.0,0.32885238937210975
39633286359679279,0.0,0.28,0.72,0.0,0.4277254052800653
39633293703908035,0.0,0.02,0.97,0.01,0.11097036642660543
39633278965121591,0.0,0.14,0.86,0.0,0.292119405821428
39633267674056581,0.0,0.44,0.56,0.0,0.4947937606110278
39633286389039432,0.0,0.33,0.67,0.0,0.4574631863898637
39633300976829541,0.0,0.15,0.85,0.0,0.3049201523582002
39633308144894887,0.0,0.13,0.87,0.0,0.2787190925139945
39633286359681500,0.0,0.17,0.83,0.0,0.32885238937210975
39633278973511196,0.0,0.11,0.89,0.0,0.249957979082264
39633282677081346,0.0,0.93,0.07,0.0,0.18296182545011158
39633304550378117,0.0,0.73,0.27,0.0,0.42073231810408784
39633271436348069,0.0,0.02,0.98,0.0,0.07072027127091034
39633304550378094,0.0,0.61,0.39,0.0,0.4823997742525436
39633271436347906,0.0,0.47,0.53,0.0,0.4987007942838698
39633300960052064,0.0,0.99,0.01,0.0,0.04039656794795559
39633271436348230,0.0,0.28,0.72,0.0,0.4277254052800653
39633282677081397,0.0,0.03,0.97,0.0,0.0971959289157881
39633271436348178,0.0,0.14,0.86,0.0,0.292119405821428
39633300968441322,0.0,0.48,0.52,0.0,0.4994227679976009
39633275198636447,0.0,0.43,0.57,0.0,0.4929075185894599
39633278960929430,0.0,0.31,0.69,0.0,0.4465867291889284
39633282660303820,0.0,0.03,0.97,0.0,0.0971959289157881
39633282660303809,0.0,0.07,0.93,0.0,0.18296182545011158
39633282660303728,0.0,0.14,0.86,0.0,0.292119405821428
39633282660303721,0.0,0.86,0.14,0.0,0.292119405821428
39633278969317792,0.0,0.02,0.98,0.0,0.07072027127091034
39633293729073280,0.0,0.24,0.76,0.0,0.39752013969226113
39633290042281131,0.0,0.33,0.67,0.0,0.4574631863898637
39633271436348075,0.0,0.25,0.75,0.0,0.4056390622295664
39633293729072889,0.0,0.78,0.22,0.0,0.38008375148098283
39633297331980142,0.0,0.11,0.89,0.0,0.249957979082264
39633297331980053,0.0,0.96,0.04,0.0,0.12114609454120741
39633297331980021,0.0,0.04,0.96,0.0,0.12114609454120741
39633267657280375,0.0,0.06,0.94,0.0,0.16372245957723813
39633271436349061,0.0,0.24,0.76,0.0,0.39752013969226113
39633271444737263,0.0,0.74,0.26,0.0,0.4133731862463089
39633308144894731,0.0,0.34,0.66,0.0,0.46240935248651505
39633293699711681,0.0,0.5,0.5,0.0,0.5
39633275232192670,0.0,0.91,0.09,0.0,0.21823490853205144
39633290054861490,0.0,0.11,0.89,0.0,0.249957979082264
39633297340369297,0.01,0.92,0.07,0.0,0.22283217282912027
39633300972635955,0.0,0.0,0.96,0.04,0.12114609454120741
39633275227998612,0.0,0.93,0.07,0.0,0.18296182545011158
39633275227998672,0.0,0.99,0.01,0.0,0.04039656794795559
39633286359681562,0.0,0.67,0.33,0.0,0.4574631863898637
39633286359682406,0.0,0.95,0.05,0.0,0.14319847855797813
39633293699711441,0.0,0.45,0.55,0.0,0.49638722699390414
39633286359681594,0.0,0.32,0.68,0.0,0.45219072886224687
39633293716488373,0.0,0.01,0.99,0.0,0.04039656794795559
39633290050667706,0.0,0.6,0.4,0.0,0.4854752972273343
39633286389039361,0.0,0.56,0.44,0.0,0.4947937606110278
39633275202831525,0.0,0.44,0.56,0.0,0.4947937606110278
39633278965121156,0.0,0.6,0.4,0.0,0.4854752972273343
39633278944151585,0.0,0.56,0.44,0.0,0.4947937606110278
39633275227998768,0.0,0.87,0.13,0.0,0.2787190925139945
39633286359681442,0.0,0.02,0.98,0.0,0.07072027127091034
39633278965121486,0.0,0.01,0.96,0.03,0.13737165703039006
39633293695517566,0.0,0.46,0.54,0.0,0.49768921941011285
39633278960930018,0.0,0.06,0.94,0.0,0.16372245957723813
39633297340369507,0.0,0.87,0.13,0.0,0.2787190925139945
39633300960052979,0.0,0.79,0.21,0.0,0.37074136996563684
39633278965121278,0.0,0.1,0.9,0.0,0.2344977967946406
39633278965121105,0.0,0.18,0.82,0.0,0.34003852286413994
39633286359681457,0.0,0.84,0.16,0.0,0.3171547773202831
39633278944151455,0.0,0.06,0.94,0.0,0.16372245957723813
39633293695518985,0.0,0.04,0.96,0.0,0.12114609454120741
39633278965121229,0.0,0.54,0.46,0.0,0.49768921941011285
39633297336172752,0.0,0.52,0.48,0.0,0.4994227679976009
39633293695517708,0.0,0.12,0.88,0.0,0.2646804326436822
39633275194442626,0.0,0.11,0.88,0.01,0.28950944366190023
39633297373921682,0.0,0.44,0.56,0.0,0.4947937606110278
39633297357145736,0.0,0.91,0.09,0.0,0.21823490853205144
39633300964247876,0.0,0.27,0.73,0.0,0.42073231810408784
39633300964247865,0.0,0.27,0.73,0.0,0.42073231810408784
39633278973510316,0.01,0.92,0.07,0.0,0.22283217282912027
39633300964247801,0.0,0.24,0.76,0.0,0.39752013969226113
39633297336174793,0.0,0.04,0.96,0.0,0.12114609454120741
39633275215415132,0.0,0.46,0.54,0.0,0.49768921941011285
39633286393234931,0.0,0.1,0.9,0.0,0.2344977967946406
39633300985217084,0.0,0.01,0.96,0.03,0.13737165703039006
39633286359679497,0.0,0.63,0.37,0.0,0.47533604634353294
39633271461511727,0.0,0.71,0.29,0.0,0.43436062316970225
39633286359679802,0.0,0.51,0.49,0.0,0.49985572087640495
39633286359680056,0.0,0.62,0.38,0.0,0.47902101111314976
39633300981026157,0.0,0.72,0.28,0.0,0.4277254052800653
39633286380650712,0.0,1.0,0.0,0.0,-0.0
39633286380650710,0.0,0.15,0.85,0.0,0.3049201523582002
39633278944151666,0.0,0.86,0.14,0.0,0.292119405821428
39633300960052336,0.0,0.03,0.97,0.0,0.0971959289157881
39633278944150395,0.0,0.36,0.64,0.0,0.4713415946277461
39633271432154134,0.0,0.5,0.5,0.0,0.5
39633304550377538,0.0,0.32,0.68,0.0,0.45219072886224687
39633304550377607,0.0,0.05,0.95,0.0,0.14319847855797813
39633290042281019,0.0,0.22,0.78,0.0,0.38008375148098283
39633275202831493,0.0,0.48,0.52,0.0,0.4994227679976009
39633290063249521,0.0,1.0,0.0,0.0,-0.0
39633300981025994,0.0,0.85,0.15,0.0,0.3049201523582002
39633271436348896,0.0,0.0,1.0,0.0,-0.0
39633286384848040,0.0,0.17,0.83,0.0,0.32885238937210975
39633282677081304,0.0,0.84,0.16,0.0,0.3171547773202831
39633282677081415,0.0,0.1,0.9,0.0,0.2344977967946406
39633282672888535,0.0,0.9,0.1,0.0,0.2344977967946406
39633282677080949,0.0,0.01,0.82,0.17,0.3678974314876692
39633282677080950,0.0,0.19,0.8,0.01,0.38960374315527674
39633275227997444,0.0,0.16,0.84,0.0,0.3171547773202831
39633286380652961,0.0,0.05,0.91,0.04,0.2628333312247715
39633286380653106,0.0,0.09,0.91,0.0,0.21823490853205144
39633297336173683,0.0,0.5,0.5,0.0,0.5
39633293699712105,0.0,1.0,0.0,0.0,-0.0
39633293699711896,0.0,0.08,0.92,0.0,0.2010895951011364
39633293720684255,0.0,0.08,0.92,0.0,0.2010895951011364
39633271436348939,0.0,0.05,0.95,0.0,0.14319847855797813
39633300960052812,0.0,0.22,0.78,0.0,0.38008375148098283
39633271436348847,0.0,0.43,0.57,0.0,0.4929075185894599
39633271436348549,0.0,0.41,0.59,0.0,0.488250234378912
39633297336173785,0.0,0.32,0.68,0.0,0.45219072886224687
39633304558765615,0.0,0.24,0.76,0.0,0.39752013969226113
39633297336172933,0.0,0.31,0.69,0.0,0.4465867291889284
39633286380652810,0.0,0.04,0.96,0.0,0.12114609454120741
39633278948347315,0.0,0.27,0.73,0.0,0.42073231810408784
39633304554570510,0.0,0.62,0.38,0.0,0.47902101111314976
39633286380650880,0.0,0.46,0.54,0.0,0.49768921941011285
39633278969318546,0.0,0.0,1.0,0.0,-0.0
39633300960054216,0.0,0.65,0.35,0.0,0.4670340276877455
39633300960054150,0.0,0.44,0.56,0.0,0.4947937606110278
39633286372262448,0.0,0.13,0.87,0.0,0.2787190925139945
39633293708099814,0.0,0.06,0.94,0.0,0.16372245957723813
39633293737460634,0.0,0.83,0.17,0.0,0.32885238937210975
39633282681277381,0.01,0.94,0.05,0.0,0.1832231322266888
39633275194442824,0.0,0.54,0.46,0.0,0.49768921941011285
39633300968441481,0.0,0.99,0.01,0.0,0.04039656794795559
39633282681277373,0.0,0.02,0.98,0.0,0.07072027127091034
39633275194442761,0.0,0.0,0.98,0.02,0.07072027127091034
39633275211221208,0.0,0.28,0.72,0.0,0.4277254052800653
39633282681277439,0.0,0.38,0.62,0.0,0.47902101111314976
39633293708101234,0.0,0.69,0.31,0.0,0.4465867291889284
39633275202831592,0.0,0.72,0.28,0.0,0.4277254052800653
39633267674055317,0.0,0.1,0.9,0.0,0.2344977967946406
39633300951666076,0.0,0.84,0.16,0.0,0.3171547773202831
39633275202831640,0.0,0.35,0.65,0.0,0.4670340276877455
39633267674055465,0.0,0.22,0.78,0.0,0.38008375148098283
39633304554570304,0.0,0.08,0.92,0.0,0.2010895951011364
39633282672887241,0.0,0.22,0.78,0.0,0.38008375148098283
39633286380652730,0.0,0.87,0.13,0.0,0.2787190925139945
39633300955857083,0.0,0.55,0.45,0.0,0.49638722699390414
39633293737460823,0.0,0.76,0.24,0.0,0.39752013969226113
39633275227996268,0.0,0.32,0.68,0.0,0.45219072886224687
39633282693859000,0.0,0.53,0.47,0.0,0.4987007942838698
39633308144896668,0.0,0.83,0.17,0.0,0.32885238937210975
39633308144896672,0.0,0.15,0.85,0.0,0.3049201523582002
39633293695517383,0.0,0.01,0.94,0.05,0.1832231322266888
39633304554571558,0.0,0.97,0.03,0.0,0.0971959289157881
39633286359679180,0.0,0.14,0.86,0.0,0.292119405821428
39633297336173449,0.0,0.37,0.63,0.0,0.47533604634353294
39633286372264025,0.0,0.08,0.88,0.04,0.3197781826869516
39633278939958385,0.0,0.31,0.69,0.0,0.4465867291889284
39633293695517865,0.0,0.86,0.14,0.0,0.292119405821428
39633286372262512,0.0,1.0,0.0,0.0,-0.0
39633286368071102,0.0,1.0,0.0,0.0,-0.0
39633275227998952,0.0,0.93,0.07,0.0,0.18296182545011158
39633286389041121,0.0,0.57,0.43,0.0,0.4929075185894599
39633267674055551,0.0,1.0,0.0,0.0,-0.0
39633286397428811,0.0,0.22,0.78,0.0,0.38008375148098283
39633286389041087,0.0,0.23,0.77,0.0,0.38900565177326885
39633275202831585,0.0,0.02,0.97,0.01,0.11097036642660543
39633297336172946,0.0,0.82,0.18,0.0,0.34003852286413994
39633275202831635,0.0,0.01,0.95,0.04,0.16124668093016215
39633300960054617,0.0,0.04,0.95,0.01,0.16124668093016215
39633297373924436,0.0,0.52,0.48,0.0,0.4994227679976009
39633275207024750,0.0,0.08,0.92,0.0,0.2010895951011364
39633267665666299,0.0,0.09,0.91,0.0,0.21823490853205144
39633304550376956,0.0,0.92,0.08,0.0,0.2010895951011364
39633275190250583,0.0,0.63,0.37,0.0,0.47533604634353294
39633297336172922,0.0,0.04,0.96,0.0,0.12114609454120741
39633267674057170,0.0,0.12,0.88,0.0,0.2646804326436822
39633278973510499,0.01,0.99,0.0,0.0,0.04039656794795559
39633278973510490,0.01,0.94,0.05,0.0,0.1832231322266888
39633271436348036,0.0,0.58,0.42,0.0,0.49072694751682683
39633271436348163,0.0,0.02,0.98,0.0,0.07072027127091034
39633267678250696,0.0,0.53,0.47,0.0,0.4987007942838698
39633271440540357,0.0,0.31,0.69,0.0,0.4465867291889284
39633304558766494,0.0,0.01,0.97,0.02,0.11097036642660543
39633304571348545,0.0,0.24,0.76,0.0,0.39752013969226113
39633278939957757,0.0,0.07,0.93,0.0,0.18296182545011158
39633282660303520,0.0,0.01,0.88,0.11,0.28950944366190023
39633275202833087,0.0,0.06,0.94,0.0,0.16372245957723813
39633282664498336,0.0,0.91,0.09,0.0,0.21823490853205144
39633278944150640,0.0,0.27,0.73,0.0,0.42073231810408784
39633267682443472,0.0,0.94,0.06,0.0,0.16372245957723813
39633282689665849,0.0,0.29,0.71,0.0,0.43436062316970225
39633278944150589,0.0,0.39,0.61,0.0,0.4823997742525436
39633290059058556,0.0,0.55,0.45,0.0,0.49638722699390414
39633275219608477,0.0,0.48,0.52,0.0,0.4994227679976009
39633275219608580,0.0,0.98,0.02,0.0,0.07072027127091034
39633290063249480,0.0,0.55,0.45,0.0,0.49638722699390414
39633293737460758,0.03,0.97,0.0,0.0,0.0971959289157881
39633278939958008,0.0,0.63,0.37,0.0,0.47533604634353294
39633290063249463,0.0,0.55,0.45,0.0,0.49638722699390414
39633290054861333,0.0,0.92,0.08,0.0,0.2010895951011364
39633293737460529,0.0,0.13,0.87,0.0,0.2787190925139945
39633293733268160,0.0,0.94,0.06,0.0,0.16372245957723813
39633297369728678,0.0,0.3,0.7,0.0,0.44064544961534635
39633297369728654,0.0,0.08,0.92,0.0,0.2010895951011364
39633297344561790,0.0,0.05,0.95,0.0,0.14319847855797813
39633293733268086,0.0,0.08,0.92,0.0,0.2010895951011364
39633290038084500,0.0,0.48,0.52,0.0,0.4994227679976009
39633290038084534,0.0,0.01,0.96,0.03,0.13737165703039006
39633297348757942,0.0,0.9,0.1,0.0,0.2344977967946406
39633290075834220,0.0,0.0,1.0,0.0,-0.0
39633275198637035,0.0,0.14,0.86,0.0,0.292119405821428
39633297348757938,0.0,0.39,0.61,0.0,0.4823997742525436
39633275198637041,0.0,0.43,0.57,0.0,0.4929075185894599
39633286389042579,0.0,0.4,0.6,0.0,0.4854752972273343
39633286359681019,0.0,0.95,0.05,0.0,0.14319847855797813
39633300972636401,0.0,0.2,0.8,0.0,0.36096404744368116
39633271457318112,0.0,0.6,0.4,0.0,0.4854752972273343
39633300968441717,0.0,0.34,0.66,0.0,0.46240935248651505
39633293737460537,0.0,0.91,0.09,0.0,0.21823490853205144
39633286384845999,0.0,0.27,0.73,0.0,0.42073231810408784
39633290075834163,0.0,0.0,0.64,0.36,0.4713415946277461
39633297369728795,0.0,0.5,0.5,0.0,0.5
39633271457318051,0.0,0.48,0.52,0.0,0.4994227679976009
39633297373923087,0.0,0.73,0.27,0.0,0.42073231810408784
39633300955859736,0.0,0.59,0.41,0.0,0.488250234378912
39633297373923031,0.0,0.47,0.53,0.0,0.4987007942838698
39633297373923157,0.0,0.81,0.19,0.0,0.3507357299419487
39633297373923097,0.0,0.15,0.85,0.0,0.3049201523582002
39633293737460703,0.0,0.14,0.86,0.0,0.292119405821428
39633297373921794,0.0,0.44,0.56,0.0,0.4947937606110278
39633304579737883,0.0,0.98,0.02,0.0,0.07072027127091034
39633286355485062,0.0,0.03,0.95,0.02,0.1674722434193448
39633290075834199,0.0,0.17,0.83,0.0,0.32885238937210975
39633293716489333,0.0,0.81,0.19,0.0,0.3507357299419487
39633300989412079,0.0,0.62,0.38,0.0,0.47902101111314976
39633297331979511,0.0,0.8,0.2,0.0,0.36096404744368116
39633297331980939,0.0,0.71,0.29,0.0,0.43436062316970225
39633275198638844,0.0,0.75,0.25,0.0,0.4056390622295664
39633267678251663,0.0,0.18,0.82,0.0,0.34003852286413994
39633278944152232,0.0,0.0,0.99,0.01,0.04039656794795559
39633278931568106,0.0,0.61,0.39,0.0,0.4823997742525436
39633275207027596,0.0,0.01,0.99,0.0,0.04039656794795559
39633282668692927,0.0,0.12,0.88,0.0,0.2646804326436822
39633282668692834,0.0,0.77,0.23,0.0,0.38900565177326885
39633282668692820,0.0,0.38,0.62,0.0,0.47902101111314976
39633293691325599,0.0,0.17,0.83,0.0,0.32885238937210975
39633282685469935,0.0,0.68,0.32,0.0,0.45219072886224687
39633293699711981,0.0,0.01,0.99,0.0,0.04039656794795559
39633278944151831,0.0,0.6,0.4,0.0,0.4854752972273343
39633278944151669,0.0,0.42,0.58,0.0,0.49072694751682683
39633297344564316,0.0,0.39,0.61,0.0,0.4823997742525436
39633304567153740,0.0,0.59,0.41,0.0,0.488250234378912
39633275215415340,0.0,0.59,0.41,0.0,0.488250234378912
39633282685469888,0.0,0.21,0.79,0.0,0.37074136996563684
39633275194444582,0.0,0.41,0.59,0.0,0.488250234378912
39633271444737462,0.0,0.95,0.05,0.0,0.14319847855797813
39633286380653039,0.02,0.95,0.03,0.0,0.1674722434193448
39633286380652517,0.0,0.56,0.44,0.0,0.4947937606110278
39633271444737595,0.0,0.45,0.55,0.0,0.49638722699390414
39633286368069719,0.0,0.29,0.71,0.0,0.43436062316970225
39633297336175704,0.0,0.18,0.82,0.0,0.34003852286413994
39633271444734236,0.0,1.0,0.0,0.0,-0.0
39633293712297262,0.0,0.44,0.56,0.0,0.4947937606110278
39633286359682363,0.0,0.33,0.67,0.0,0.4574631863898637
39633290063252040,0.0,0.51,0.49,0.0,0.49985572087640495
39633286372262510,0.0,0.27,0.73,0.0,0.42073231810408784
39633297336175654,0.01,0.99,0.0,0.0,0.04039656794795559
39633293712297254,0.0,0.54,0.46,0.0,0.49768921941011285
39633293712297185,0.0,0.44,0.56,0.0,0.4947937606110278
39633300960051976,0.0,0.0,0.89,0.11,0.249957979082264
39633286372262024,0.0,0.08,0.92,0.0,0.2010895951011364
39633300951663470,0.0,0.99,0.01,0.0,0.04039656794795559
39633300951663560,0.0,0.01,0.99,0.0,0.04039656794795559
39633267657281349,0.0,0.03,0.97,0.0,0.0971959289157881
39633271432153844,0.0,0.15,0.85,0.0,0.3049201523582002
39633293691322999,0.0,0.65,0.35,0.0,0.4670340276877455
39633271432154022,0.0,0.21,0.79,0.0,0.37074136996563684
39633275215415261,0.0,0.24,0.76,0.0,0.39752013969226113
39633271432154085,0.0,0.06,0.94,0.0,0.16372245957723813
39633271432154055,0.0,0.02,0.94,0.04,0.1912713345988728
39633290059058003,0.0,0.45,0.55,0.0,0.49638722699390414
39633297331980904,0.0,0.04,0.96,0.0,0.12114609454120741
39633297373921927,0.0,0.32,0.68,0.0,0.45219072886224687
39633297331981020,0.0,0.76,0.24,0.0,0.39752013969226113
39633308144896764,0.0,0.19,0.81,0.0,0.3507357299419487
39633308144897106,0.0,0.59,0.41,0.0,0.488250234378912
39633278931568052,0.0,0.0,1.0,0.0,-0.0
39633275202832849,0.0,0.53,0.47,0.0,0.4987007942838698
39633286384846963,0.0,0.83,0.17,0.0,0.32885238937210975
39633308144897190,0.1,0.9,0.0,0.0,0.2344977967946406
39633293729071678,0.0,0.97,0.03,0.0,0.0971959289157881
39633290075832404,0.0,0.0,1.0,0.0,-0.0
39633290075832428,0.0,0.58,0.42,0.0,0.49072694751682683
39633293733267268,0.0,0.01,0.99,0.0,0.04039656794795559
39633267665666174,0.0,0.12,0.88,0.0,0.2646804326436822
39633267665666215,0.0,0.44,0.56,0.0,0.4947937606110278
39633275194444362,0.0,0.02,0.98,0.0,0.07072027127091034
39633290059056837,0.0,0.8,0.2,0.0,0.36096404744368116
39633267661472260,0.0,0.7,0.3,0.0,0.44064544961534635
39633267661472234,0.0,0.01,0.97,0.02,0.11097036642660543
39633293691325586,0.0,0.23,0.77,0.0,0.38900565177326885
39633297340367588,0.0,0.37,0.63,0.0,0.47533604634353294
39633293724880410,0.0,0.47,0.53,0.0,0.4987007942838698
39633278948345930,0.0,0.0,0.98,0.02,0.07072027127091034
39633278956733815,0.0,0.22,0.78,0.0,0.38008375148098283
39633293729072996,0.0,0.51,0.49,0.0,0.49985572087640495
39633286384846660,0.0,0.93,0.07,0.0,0.18296182545011158
39633293729071375,0.0,0.08,0.92,0.0,0.2010895951011364
39633275194442733,0.0,0.41,0.59,0.0,0.488250234378912
39633300951663203,0.0,0.95,0.05,0.0,0.14319847855797813
39633297331978908,0.0,0.58,0.42,0.0,0.49072694751682683
39633297331979141,0.0,0.97,0.03,0.0,0.0971959289157881
39633297331979149,0.0,0.18,0.82,0.0,0.34003852286413994
39633297331979478,0.0,0.39,0.61,0.0,0.4823997742525436
39633290071641253,0.0,0.0,1.0,0.0,-0.0
39633297331979457,0.0,0.4,0.6,0.0,0.4854752972273343
39633304583931743,0.0,0.87,0.13,0.0,0.2787190925139945
39633304558765105,0.0,0.95,0.05,0.0,0.14319847855797813
39633297373924494,0.0,0.15,0.85,0.0,0.3049201523582002
39633297331980048,0.0,0.3,0.7,0.0,0.44064544961534635
39633275198636207,0.0,0.7,0.3,0.0,0.44064544961534635
39633278948345189,0.0,0.11,0.89,0.0,0.249957979082264
39633271444736803,0.0,0.73,0.27,0.0,0.42073231810408784
39633282668695409,0.0,0.3,0.7,0.0,0.44064544961534635
39633293695516812,0.0,0.2,0.8,0.0,0.36096404744368116
39633286380652191,0.0,0.7,0.3,0.0,0.44064544961534635
39633278927373030,0.0,0.22,0.78,0.0,0.38008375148098283
39633271436347559,0.0,0.0,0.95,0.05,0.14319847855797813
39633282677080959,0.0,0.33,0.67,0.0,0.4574631863898637
39633275198636243,0.0,0.78,0.22,0.0,0.38008375148098283
39633275194444353,0.0,0.05,0.94,0.01,0.1832231322266888
39633282685469986,0.0,0.0,0.99,0.01,0.04039656794795559
39633282685469987,0.0,0.0,0.99,0.01,0.04039656794795559
39633304571347305,0.04,0.95,0.01,0.0,0.16124668093016215
39633282693859852,0.0,0.89,0.11,0.0,0.249957979082264
39633297331980606,0.0,0.92,0.08,0.0,0.2010895951011364
39633304571347482,0.0,0.93,0.07,0.0,0.18296182545011158
39633286380653313,0.0,0.43,0.57,0.0,0.4929075185894599
39633286380652560,0.0,0.69,0.31,0.0,0.4465867291889284
39633293699711268,0.0,0.5,0.5,0.0,0.5
39633282660303735,0.0,0.3,0.7,0.0,0.44064544961534635
39633286376459109,0.0,0.77,0.23,0.0,0.38900565177326885
39633286376459220,0.0,0.94,0.06,0.0,0.16372245957723813
39633304579737572,0.0,0.73,0.27,0.0,0.42073231810408784
39633286376459054,0.0,0.17,0.83,0.0,0.32885238937210975
39633293712296473,0.0,0.67,0.33,0.0,0.4574631863898637
39633308140702160,0.0,0.05,0.95,0.0,0.14319847855797813
39633282677081426,0.0,0.52,0.48,0.0,0.4994227679976009
39633293695518308,0.0,0.26,0.74,0.0,0.4133731862463089
39633293695518192,0.0,0.3,0.7,0.0,0.44064544961534635
39633293699711453,0.0,0.01,0.99,0.0,0.04039656794795559
39633293695518130,0.0,0.0,1.0,0.0,-0.0
39633293695517994,0.0,0.05,0.95,0.0,0.14319847855797813
39633293695518485,0.0,1.0,0.0,0.0,-0.0
39633282668693549,0.0,0.5,0.5,0.0,0.5
39633308140700882,0.0,0.1,0.9,0.0,0.2344977967946406
39633282668693877,0.0,0.14,0.86,0.0,0.292119405821428
39633308140700920,0.0,0.92,0.08,0.0,0.2010895951011364
39633275194442453,0.0,0.9,0.1,0.0,0.2344977967946406
39633308140700851,0.0,0.98,0.02,0.0,0.07072027127091034
39633297331980556,0.0,0.41,0.58,0.01,0.5248154453536593
39633290038086600,0.0,0.18,0.82,0.0,0.34003852286413994
39633286380653235,0.0,0.28,0.72,0.0,0.4277254052800653
39633304579737292,0.0,0.02,0.94,0.04,0.1912713345988728
39633304550377339,0.0,0.97,0.03,0.0,0.0971959289157881
39633308140700195,0.0,0.77,0.23,0.0,0.38900565177326885
39633304579736219,0.0,0.84,0.16,0.0,0.3171547773202831
39633275207025977,0.0,0.3,0.7,0.0,0.44064544961534635
39633293691324439,0.0,0.66,0.34,0.0,0.46240935248651505
39633304579736342,0.0,0.98,0.02,0.0,0.07072027127091034
39633275227996963,0.0,0.12,0.88,0.0,0.2646804326436822
39633275227996851,0.0,0.76,0.24,0.0,0.39752013969226113
39633304579737415,0.0,1.0,0.0,0.0,-0.0
39633297331981711,0.0,0.24,0.76,0.0,0.39752013969226113
39633308140702482,0.0,0.82,0.18,0.0,0.34003852286413994
39633290059057398,0.0,0.77,0.23,0.0,0.38900565177326885
39633308140702447,0.0,0.84,0.16,0.0,0.3171547773202831
39633282668693576,0.0,0.61,0.39,0.0,0.4823997742525436
39633308144895890,0.0,0.8,0.2,0.0,0.36096404744368116
39633304583932230,0.0,0.99,0.01,0.0,0.04039656794795559
39633271469901573,0.0,0.29,0.71,0.0,0.43436062316970225
39633308149089407,0.0,0.63,0.37,0.0,0.47533604634353294
39633304583931069,0.0,1.0,0.0,0.0,-0.0
39633297369729220,0.0,0.9,0.1,0.0,0.2344977967946406
39633300989412245,0.18,0.81,0.01,0.0,0.37899559358928114
39633286380653568,0.0,0.08,0.91,0.01,0.24088153359695552
39633286380653691,0.0,1.0,0.0,0.0,-0.0
39633286380653389,0.0,0.42,0.58,0.0,0.49072694751682683
39633275223803669,0.0,0.48,0.52,0.0,0.4994227679976009
39633286380653575,0.0,0.0,1.0,0.0,-0.0
39633275223803667,0.0,0.42,0.58,0.0,0.49072694751682683
39633297369729136,0.0,0.05,0.95,0.0,0.14319847855797813
39633293695518668,0.0,0.42,0.58,0.0,0.49072694751682683
39633297369729928,0.0,0.66,0.34,0.0,0.46240935248651505
39633304583931430,0.0,0.42,0.58,0.0,0.49072694751682683
39633293708100870,0.0,0.31,0.69,0.0,0.4465867291889284
39633308140700788,0.0,0.05,0.95,0.0,0.14319847855797813
39633304575543731,0.0,0.89,0.11,0.0,0.249957979082264
39633308144895990,0.0,0.82,0.18,0.0,0.34003852286413994
39633282672888411,0.0,0.06,0.94,0.0,0.16372245957723813
39633308140701394,0.0,0.92,0.08,0.0,0.2010895951011364
39633297369729405,0.0,0.81,0.19,0.0,0.3507357299419487
39633304575544030,0.0,0.97,0.03,0.0,0.0971959289157881
39633304575542844,0.0,0.85,0.15,0.0,0.3049201523582002
39633304575542594,0.0,0.15,0.85,0.0,0.3049201523582002
39633304579738893,0.0,0.36,0.64,0.0,0.4713415946277461
39633308144893978,0.0,0.98,0.02,0.0,0.07072027127091034
39633304575543987,0.0,0.16,0.84,0.0,0.3171547773202831
39633308140701553,0.0,0.64,0.36,0.0,0.4713415946277461
39633300989413680,0.0,0.96,0.04,0.0,0.12114609454120741
39633293695519450,0.0,0.56,0.44,0.0,0.4947937606110278
39633286372264780,0.0,0.37,0.63,0.0,0.47533604634353294
39633271469901360,0.0,0.94,0.06,0.0,0.16372245957723813
39633290075832336,0.0,0.62,0.38,0.0,0.47902101111314976
39633300960054619,0.0,0.48,0.52,0.0,0.4994227679976009
39633297336172799,0.0,0.29,0.71,0.0,0.43436062316970225
39633267669862718,0.0,0.21,0.79,0.0,0.37074136996563684
39633293733267376,0.0,0.02,0.98,0.0,0.07072027127091034
39633293695518310,0.0,0.76,0.24,0.0,0.39752013969226113
39633304575541862,0.0,0.36,0.64,0.0,0.4713415946277461
39633304583930218,0.0,0.92,0.08,0.0,0.2010895951011364
39633304575542167,0.0,0.96,0.04,0.0,0.12114609454120741
39633304583932057,0.0,0.9,0.1,0.0,0.2344977967946406
39633308149089446,0.0,0.86,0.14,0.0,0.292119405821428
39633304575542316,0.0,0.23,0.77,0.0,0.38900565177326885
39633308149089745,0.0,0.1,0.9,0.0,0.2344977967946406
39633304575541614,0.0,0.45,0.55,0.0,0.49638722699390414
39633304575541704,0.0,0.7,0.3,0.0,0.44064544961534635
39633304583932164,0.0,0.5,0.5,0.0,0.5
39633304575542620,0.0,1.0,0.0,0.0,-0.0
39633304571350081,0.0,0.84,0.16,0.0,0.3171547773202831
39633304583931384,0.0,0.91,0.09,0.0,0.21823490853205144
39633304554572526,0.0,0.84,0.16,0.0,0.3171547773202831
39633304583930431,0.0,0.95,0.05,0.0,0.14319847855797813
39633308144896604,0.0,0.65,0.35,0.0,0.4670340276877455
39633293695519374,0.0,0.06,0.94,0.0,0.16372245957723813
39633304583932535,0.0,0.94,0.06,0.0,0.16372245957723813
39633286372265545,0.0,1.0,0.0,0.0,-0.0
39633286397431051,0.0,0.53,0.47,0.0,0.4987007942838698
39633286397429829,0.0,0.52,0.48,0.0,0.4994227679976009
39633297331980368,0.0,0.35,0.65,0.0,0.4670340276877455
39633293733266875,0.0,1.0,0.0,0.0,-0.0
39633286397429156,0.0,0.88,0.12,0.0,0.2646804326436822
39633286397429477,0.0,0.43,0.57,0.0,0.4929075185894599
39633275207024782,0.0,0.01,0.99,0.0,0.04039656794795559
39633304575543881,0.0,0.89,0.11,0.0,0.249957979082264
39633282672888294,0.0,0.36,0.64,0.0,0.4713415946277461
39633304575543874,0.0,0.52,0.48,0.0,0.4994227679976009
39633304579735948,0.0,0.04,0.95,0.01,0.16124668093016215
39633304554571216,0.0,0.96,0.04,0.0,0.12114609454120741
39633304575544018,0.0,0.74,0.26,0.0,0.4133731862463089
39633304579736136,0.0,0.1,0.89,0.01,0.27413031336294724
39633297331979146,0.0,0.59,0.41,0.0,0.488250234378912
39633282672888254,0.0,0.41,0.59,0.0,0.488250234378912
39633308140699840,0.0,0.68,0.32,0.0,0.45219072886224687
39633304579738762,0.0,0.93,0.07,0.0,0.18296182545011158
39633304579738698,0.0,0.95,0.05,0.0,0.14319847855797813
39633304579738692,0.0,0.98,0.02,0.0,0.07072027127091034
39633304579738656,0.0,0.88,0.12,0.0,0.2646804326436822
39633308140699723,0.0,0.51,0.49,0.0,0.49985572087640495
39633304575544620,0.0,0.71,0.29,0.0,0.43436062316970225
39633308140702667,0.0,0.94,0.06,0.0,0.16372245957723813
39633308136508701,0.0,0.64,0.36,0.0,0.4713415946277461
39633304579738951,0.0,0.95,0.05,0.0,0.14319847855797813
39633308136507540,0.0,0.84,0.16,0.0,0.3171547773202831
39633304575544185,0.0,0.2,0.8,0.0,0.36096404744368116
39633304575544152,0.0,0.95,0.05,0.0,0.14319847855797813
39633304583929883,0.0,0.85,0.15,0.0,0.3049201523582002
39633308144894073,0.0,0.97,0.03,0.0,0.0971959289157881
39633304558764908,0.0,0.04,0.95,0.01,0.16124668093016215
39633308132312207,0.0,0.76,0.24,0.0,0.39752013969226113
39633304575543340,0.0,0.98,0.02,0.0,0.07072027127091034
39633304575541612,0.0,1.0,0.0,0.0,-0.0
39633311693277827,0.0,0.94,0.06,0.0,0.16372245957723813
39633300960053201,0.0,0.78,0.22,0.0,0.38008375148098283
39633275219608461,0.0,0.55,0.45,0.0,0.49638722699390414
39633304579737756,0.0,0.25,0.75,0.0,0.4056390622295664
39633304558765198,0.0,0.87,0.13,0.0,0.2787190925139945
39633282672888802,0.0,0.24,0.76,0.0,0.39752013969226113
39633300960054657,0.0,0.28,0.72,0.0,0.4277254052800653
39633300989412078,0.0,0.31,0.69,0.0,0.4465867291889284
39633308144895559,0.0,0.65,0.35,0.0,0.4670340276877455
39633308144896019,0.0,0.51,0.49,0.0,0.49985572087640495
39633308149089871,0.0,0.97,0.03,0.0,0.0971959289157881
39633304571350086,0.0,0.43,0.57,0.0,0.4929075185894599
39633304583932362,0.0,0.65,0.35,0.0,0.4670340276877455
39633304579737891,0.0,0.71,0.29,0.0,0.43436062316970225
39633304579735614,0.0,0.64,0.36,0.0,0.4713415946277461
39633304575544523,0.0,0.18,0.82,0.0,0.34003852286413994
39633304583930337,0.0,0.78,0.22,0.0,0.38008375148098283
39633304558764769,0.0,0.94,0.06,0.0,0.16372245957723813
39633297331979702,0.0,0.46,0.54,0.0,0.49768921941011285
39633304554571629,0.0,0.72,0.28,0.0,0.4277254052800653
39633311689081331,0.0,0.37,0.63,0.0,0.47533604634353294
39633308136507021,0.0,1.0,0.0,0.0,-0.0
39633293691323813,0.0,0.79,0.21,0.0,0.37074136996563684
39633286380652175,0.0,0.79,0.21,0.0,0.37074136996563684
39633286380652709,0.0,0.82,0.18,0.0,0.34003852286413994
39633286368069915,0.0,0.35,0.65,0.0,0.4670340276877455
39633304558764935,0.0,0.96,0.04,0.0,0.12114609454120741
39633297331979385,0.0,0.71,0.29,0.0,0.43436062316970225
39633290059056625,0.0,0.68,0.32,0.0,0.45219072886224687
39633297344564242,0.0,0.0,0.99,0.01,0.04039656794795559
39633290029696849,0.0,0.32,0.68,0.0,0.45219072886224687
39633286384847517,0.0,0.98,0.02,0.0,0.07072027127091034
39633286372263508,0.0,0.78,0.22,0.0,0.38008375148098283
39633290063252180,0.0,0.25,0.75,0.0,0.4056390622295664
39633304583931404,0.01,0.88,0.11,0.0,0.28950944366190023
39633297369729361,0.0,0.26,0.74,0.0,0.4133731862463089
39633297369729402,0.0,0.11,0.89,0.0,0.249957979082264
39633304583931412,0.0,0.44,0.56,0.0,0.4947937606110278
39633304575543334,0.0,0.53,0.47,0.0,0.4987007942838698
39633286389040385,0.0,1.0,0.0,0.0,-0.0
39633304575542525,0.0,0.66,0.34,0.0,0.46240935248651505
39633304583930481,0.0,0.98,0.02,0.0,0.07072027127091034
39633304583930586,0.0,1.0,0.0,0.0,-0.0
39633286397428763,0.0,0.14,0.86,0.0,0.292119405821428
39633297373923906,0.0,0.95,0.05,0.0,0.14319847855797813
39633304575542774,0.0,0.62,0.38,0.0,0.47902101111314976
39633308144896771,0.0,0.93,0.07,0.0,0.18296182545011158
39633304583931999,0.01,0.95,0.04,0.0,0.16124668093016215
39633297331980595,0.0,0.19,0.81,0.0,0.3507357299419487
39633304579737004,0.0,0.47,0.53,0.0,0.4987007942838698
39633308136506242,0.0,0.7,0.3,0.0,0.44064544961534635
39633308136507205,0.0,0.97,0.03,0.0,0.0971959289157881
39633311684889709,0.0,0.93,0.07,0.0,0.18296182545011158
39633311689083112,0.0,0.48,0.52,0.0,0.4994227679976009
39633308136507117,0.0,0.95,0.05,0.0,0.14319847855797813
39633311689082065,0.06,0.94,0.0,0.0,0.16372245957723813
39633311689082696,0.0,0.9,0.1,0.0,0.2344977967946406
39633311689082191,0.0,0.98,0.02,0.0,0.07072027127091034
39633308136507188,0.0,0.91,0.09,0.0,0.21823490853205144
39633311689082470,0.0,0.8,0.2,0.0,0.36096404744368116
39633311693277192,0.0,0.25,0.75,0.0,0.4056390622295664
39633311689082932,0.0,0.84,0.16,0.0,0.3171547773202831
39633311693275273,0.0,0.64,0.36,0.0,0.4713415946277461
39633311689082823,0.0,0.11,0.89,0.0,0.249957979082264
39633297344564620,0.0,0.01,0.99,0.0,0.04039656794795559
39633308136506841,0.0,0.91,0.09,0.0,0.21823490853205144
39633304550377872,0.0,0.71,0.29,0.0,0.43436062316970225
39633290075835498,0.0,0.12,0.88,0.0,0.2646804326436822
39633304579735835,0.0,0.72,0.28,0.0,0.4277254052800653
39633304579736145,0.0,0.9,0.1,0.0,0.2344977967946406
39633308128117836,0.0,0.97,0.03,0.0,0.0971959289157881
39633282672888073,0.0,0.22,0.78,0.0,0.38008375148098283
39633304550377994,0.0,0.9,0.1,0.0,0.2344977967946406
39633308128119064,0.0,0.51,0.49,0.0,0.49985572087640495
39633308128118948,0.03,0.97,0.0,0.0,0.0971959289157881
39633304575544548,0.13,0.87,0.0,0.0,0.2787190925139945
39633308128120156,0.0,0.96,0.04,0.0,0.12114609454120741
39633308128120196,0.0,0.48,0.52,0.0,0.4994227679976009
39633308136505982,0.0,0.78,0.22,0.0,0.38008375148098283
39633300951663911,0.0,0.91,0.09,0.0,0.21823490853205144
39633308136505966,0.0,1.0,0.0,0.0,-0.0
39633311689081919,0.0,0.57,0.43,0.0,0.4929075185894599
39633311693277757,0.0,0.83,0.17,0.0,0.32885238937210975
39633311693277744,0.0,0.93,0.07,0.0,0.18296182545011158
39633304575542916,0.0,0.66,0.34,0.0,0.46240935248651505
39633308128120185,0.0,0.93,0.07,0.0,0.18296182545011158
39633304550378297,0.0,0.26,0.74,0.0,0.4133731862463089
39633308136505911,0.03,0.96,0.01,0.0,0.13737165703039006
39633290059055792,0.0,0.8,0.2,0.0,0.36096404744368116
39633304579738568,0.0,0.93,0.07,0.0,0.18296182545011158
39633297348758209,0.0,0.04,0.95,0.01,0.16124668093016215
39633278948345912,0.0,0.52,0.48,0.0,0.4994227679976009
39633275198636562,0.0,0.41,0.59,0.0,0.488250234378912
39633275198636623,0.0,0.01,0.99,0.0,0.04039656794795559
39633282672887596,0.0,0.74,0.26,0.0,0.4133731862463089
39633293737460280,0.0,0.95,0.05,0.0,0.14319847855797813
39633304583930281,0.0,0.56,0.44,0.0,0.4947937606110278
39633286397428826,0.0,0.67,0.33,0.0,0.4574631863898637
39633304583930247,0.0,0.72,0.28,0.0,0.4277254052800653
39633304583932217,0.06,0.93,0.01,0.0,0.20367037270049304
39633311684889835,0.0,0.74,0.26,0.0,0.4133731862463089
39633297373924149,0.0,0.97,0.03,0.0,0.0971959289157881
39633311684889984,0.04,0.96,0.0,0.0,0.12114609454120741
39633311693275479,0.0,0.98,0.02,0.0,0.07072027127091034
39633308144894709,0.0,0.56,0.44,0.0,0.4947937606110278
39633311693278006,0.0,0.98,0.02,0.0,0.07072027127091034
39633304575542973,0.0,0.36,0.64,0.0,0.4713415946277461
39633311693276877,0.0,0.71,0.29,0.0,0.43436062316970225
39633308144894214,0.0,0.3,0.7,0.0,0.44064544961534635
39633304546184596,0.0,0.87,0.13,0.0,0.2787190925139945
39633311693278214,0.0,0.76,0.24,0.0,0.39752013969226113
39633311693275471,0.0,1.0,0.0,0.0,-0.0
39633271474094289,0.0,0.96,0.04,0.0,0.12114609454120741
39633275232192217,0.0,0.97,0.03,0.0,0.0971959289157881
39633286359681716,0.0,0.85,0.15,0.0,0.3049201523582002
39633271440539686,0.0,0.2,0.8,0.0,0.36096404744368116
39633271440540767,0.0,0.01,0.99,0.0,0.04039656794795559
39633271440539750,0.0,0.29,0.71,0.0,0.43436062316970225
39633282664498161,0.0,0.1,0.9,0.0,0.2344977967946406
39633286359681697,0.0,0.9,0.1,0.0,0.2344977967946406
39633271440540023,0.0,0.04,0.93,0.03,0.2174448102113104
39633282664498092,0.0,0.51,0.49,0.0,0.49985572087640495
39633286359681682,0.0,0.97,0.03,0.0,0.0971959289157881
39633282664497789,0.0,0.93,0.07,0.0,0.18296182545011158
39633271436349133,0.0,0.96,0.04,0.0,0.12114609454120741
39633304571348599,0.0,0.53,0.47,0.0,0.4987007942838698
39633293733267438,0.0,0.3,0.7,0.0,0.44064544961534635
39633300981023863,0.0,0.2,0.79,0.01,0.39974188986867043
39633286384846889,0.0,0.55,0.45,0.0,0.49638722699390414
39633282685470445,0.0,0.84,0.16,0.0,0.3171547773202831
39633267674056714,0.0,1.0,0.0,0.0,-0.0
39633271461513688,0.0,0.57,0.43,0.0,0.4929075185894599
39633282689663590,0.0,0.56,0.44,0.0,0.4947937606110278
39633271465707551,0.0,0.93,0.07,0.0,0.18296182545011158
39633286384846766,0.0,0.66,0.34,0.0,0.46240935248651505
39633282693859217,0.0,0.5,0.5,0.0,0.5
39633286384846806,0.0,0.86,0.14,0.0,0.292119405821428
39633286384847135,0.0,0.03,0.97,0.0,0.0971959289157881
39633286384847070,0.0,0.11,0.89,0.0,0.249957979082264
39633275198636338,0.0,0.55,0.45,0.0,0.49638722699390414
39633286384847161,0.0,0.7,0.3,0.0,0.44064544961534635
39633267682443316,0.0,0.89,0.11,0.0,0.249957979082264
39633275232191267,0.0,0.34,0.66,0.0,0.46240935248651505
39633278973511854,0.21,0.79,0.0,0.0,0.37074136996563684
39633278973511623,0.03,0.93,0.04,0.0,0.2174448102113104
39633278973511386,0.0,0.86,0.14,0.0,0.292119405821428
39633290033892673,0.0,0.27,0.73,0.0,0.42073231810408784
39633300960052833,0.0,0.01,0.99,0.0,0.04039656794795559
39633293733267334,0.0,0.02,0.97,0.01,0.11097036642660543
39633278965121568,0.0,0.12,0.88,0.0,0.2646804326436822
39633300960052764,0.0,1.0,0.0,0.0,-0.0
39633278965121308,0.0,0.33,0.67,0.0,0.4574631863898637
39633300960052613,0.0,0.66,0.34,0.0,0.46240935248651505
39633286372262738,0.0,0.21,0.79,0.0,0.37074136996563684
39633286351294007,0.0,0.02,0.97,0.01,0.11097036642660543
39633271436348943,0.0,0.0,0.97,0.03,0.0971959289157881
39633300985217174,0.0,0.78,0.22,0.0,0.38008375148098283
39633300960052533,0.0,0.41,0.59,0.0,0.488250234378912
39633300985217115,0.0,0.02,0.98,0.0,0.07072027127091034
39633275198636614,0.0,0.88,0.12,0.0,0.2646804326436822
39633300985217170,0.0,0.01,0.99,0.0,0.04039656794795559
39633267665669671,0.0,0.0,1.0,0.0,-0.0
39633304558765927,0.0,0.57,0.43,0.0,0.4929075185894599
39633282698053851,0.0,0.15,0.85,0.0,0.3049201523582002
39633293699713821,0.06,0.93,0.01,0.0,0.20367037270049304
39633278948347200,0.0,0.07,0.93,0.0,0.18296182545011158
39633278948347214,0.0,0.13,0.87,0.0,0.2787190925139945
39633278935761237,0.0,0.02,0.98,0.0,0.07072027127091034
39633267674056936,0.0,0.56,0.44,0.0,0.4947937606110278
39633286359681525,0.0,0.13,0.87,0.0,0.2787190925139945
39633286380653904,0.0,0.6,0.4,0.0,0.4854752972273343
39633293703908901,0.0,0.02,0.98,0.0,0.07072027127091034
39633286384845183,0.0,0.2,0.8,0.0,0.36096404744368116
39633286384846225,0.0,0.29,0.71,0.0,0.43436062316970225
39633297373922410,0.0,0.8,0.2,0.0,0.36096404744368116
39633304558766083,0.0,0.0,1.0,0.0,-0.0
39633297373922300,0.01,0.99,0.0,0.0,0.04039656794795559
39633286397428780,0.0,0.32,0.68,0.0,0.45219072886224687
39633278927375861,0.0,0.43,0.57,0.0,0.4929075185894599
39633293729071653,0.0,0.27,0.73,0.0,0.42073231810408784
39633293729071704,0.0,0.71,0.29,0.0,0.43436062316970225
39633282698053602,0.0,0.48,0.52,0.0,0.4994227679976009
39633300955859426,0.0,0.11,0.89,0.0,0.249957979082264
39633275232191258,0.0,0.41,0.59,0.0,0.488250234378912
39633275232191246,0.0,0.98,0.02,0.0,0.07072027127091034
39633275232191283,0.0,0.98,0.02,0.0,0.07072027127091034
39633293733267638,0.0,0.14,0.86,0.0,0.292119405821428
39633286393235452,0.0,0.04,0.96,0.0,0.12114609454120741
39633286393235569,0.0,0.16,0.84,0.0,0.3171547773202831
39633282664498225,0.0,0.73,0.27,0.0,0.42073231810408784
39633271436345801,0.0,0.1,0.9,0.0,0.2344977967946406
39633271440540486,0.0,0.57,0.43,0.0,0.4929075185894599
39633286363876770,0.0,0.69,0.31,0.0,0.4465867291889284
39633286363876826,0.0,0.05,0.95,0.0,0.14319847855797813
39633286393234486,0.0,0.33,0.67,0.0,0.4574631863898637
39633267686637707,0.0,0.23,0.77,0.0,0.38900565177326885
39633271469899922,0.0,0.1,0.9,0.0,0.2344977967946406
39633267678251008,0.0,0.99,0.01,0.0,0.04039656794795559
39633267678252752,0.0,0.03,0.97,0.0,0.0971959289157881
39633267678251059,0.0,0.02,0.97,0.01,0.11097036642660543
39633275227998291,0.0,0.81,0.19,0.0,0.3507357299419487
39633275232191501,0.0,0.01,0.98,0.01,0.08072027127091033
39633275232193687,0.0,0.89,0.11,0.0,0.249957979082264
39633263874018266,0.0,0.7,0.3,0.0,0.44064544961534635
39633278973511708,0.0,0.34,0.66,0.0,0.46240935248651505
39633275232193361,0.0,0.88,0.12,0.0,0.2646804326436822
39633275232193484,0.01,0.99,0.0,0.0,0.04039656794795559
39633278973511967,0.0,0.38,0.62,0.0,0.47902101111314976
39633290071638965,0.0,0.55,0.45,0.0,0.49638722699390414
39633286372263986,0.0,0.73,0.27,0.0,0.42073231810408784
39633286372264014,0.0,0.56,0.44,0.0,0.4947937606110278
39633278973511852,0.0,0.51,0.49,0.0,0.49985572087640495
39633278935761015,0.0,0.23,0.77,0.0,0.38900565177326885
39633297373922850,0.0,0.52,0.48,0.0,0.4994227679976009
39633278973511724,0.0,0.85,0.15,0.0,0.3049201523582002
39633297348755831,0.0,0.06,0.94,0.0,0.16372245957723813
39633297344564389,0.0,0.41,0.59,0.0,0.488250234378912
39633278944151995,0.0,0.86,0.14,0.0,0.292119405821428
39633271444734433,0.0,0.2,0.8,0.0,0.36096404744368116
39633300968442957,0.0,0.05,0.95,0.0,0.14319847855797813
39633278948346919,0.0,0.0,0.99,0.01,0.04039656794795559
39633297344564467,0.0,0.52,0.48,0.0,0.4994227679976009
39633300972635908,0.0,0.02,0.98,0.0,0.07072027127091034
39633300972636110,0.0,0.0,0.89,0.11,0.249957979082264
39633278931570128,0.0,0.09,0.91,0.0,0.21823490853205144
39633286359682429,0.0,0.45,0.55,0.0,0.49638722699390414
39633293733267240,0.0,0.65,0.35,0.0,0.4670340276877455
39633300985217272,0.0,0.67,0.33,0.0,0.4574631863898637
39633271432152986,0.0,0.99,0.01,0.0,0.04039656794795559
39633282672886831,0.0,0.16,0.84,0.0,0.3171547773202831
39633271436345995,0.0,0.35,0.65,0.0,0.4670340276877455
39633278973511966,0.0,0.91,0.09,0.0,0.21823490853205144
39633278973511720,0.0,0.58,0.42,0.0,0.49072694751682683
39633286372262659,0.0,0.23,0.77,0.0,0.38900565177326885
39633290029696320,0.0,0.84,0.16,0.0,0.3171547773202831
39633293729071614,0.0,0.03,0.97,0.0,0.0971959289157881
39633267682446395,0.0,0.74,0.26,0.0,0.4133731862463089
39633267678251190,0.0,0.96,0.04,0.0,0.12114609454120741
39633267682446144,0.0,0.15,0.85,0.0,0.3049201523582002
39633293724877361,0.0,0.84,0.16,0.0,0.3171547773202831
39633286384846532,0.0,0.85,0.15,0.0,0.3049201523582002
39633308136506069,0.0,0.78,0.22,0.0,0.38008375148098283
39633286384846574,0.0,0.85,0.15,0.0,0.3049201523582002
39633286368070078,0.0,0.99,0.01,0.0,0.04039656794795559
39633275232191489,0.01,0.71,0.28,0.0,0.46573817837513565
39633290063251926,0.0,0.55,0.45,0.0,0.49638722699390414
39633297373922342,0.0,0.57,0.43,0.0,0.4929075185894599
39633293691323255,0.0,0.92,0.08,0.0,0.2010895951011364
39633304588124209,0.11,0.89,0.0,0.0,0.249957979082264
39633271469902546,0.0,0.85,0.15,0.0,0.3049201523582002
39633304588124564,0.0,0.3,0.7,0.0,0.44064544961534635
39633297378116366,0.0,0.98,0.02,0.0,0.07072027127091034
39633286401622144,0.0,0.99,0.01,0.0,0.04039656794795559
39633286359681842,0.0,0.0,1.0,0.0,-0.0
39633290067444457,0.0,0.77,0.23,0.0,0.38900565177326885
39633293729071909,0.0,0.83,0.17,0.0,0.32885238937210975
39633286359681770,0.0,0.35,0.65,0.0,0.4670340276877455
39633286359681984,0.0,0.42,0.58,0.0,0.49072694751682683
39633286359682098,0.0,0.24,0.76,0.0,0.39752013969226113
39633278927374933,0.0,0.0,0.72,0.28,0.4277254052800653
39633282668693890,0.0,0.36,0.64,0.0,0.4713415946277461
39633282698052777,0.0,0.65,0.35,0.0,0.4670340276877455
39633278973512495,0.0,0.1,0.9,0.0,0.2344977967946406
39633278973512381,0.0,0.57,0.43,0.0,0.4929075185894599
39633293699713583,0.0,0.0,1.0,0.0,-0.0
39633286393235578,0.0,0.25,0.75,0.0,0.4056390622295664
39633286376459328,0.0,0.27,0.73,0.0,0.42073231810408784
39633304579737329,0.0,0.12,0.88,0.0,0.2646804326436822
39633286384846148,0.0,0.67,0.33,0.0,0.4574631863898637
39633304550378215,0.0,0.73,0.27,0.0,0.42073231810408784
39633286401622525,0.0,1.0,0.0,0.0,-0.0
39633304588124302,0.0,0.97,0.03,0.0,0.0971959289157881
39633304583932436,0.0,0.85,0.15,0.0,0.3049201523582002
39633293737462935,0.0,0.98,0.02,0.0,0.07072027127091034
39633300960054432,0.0,0.0,0.92,0.08,0.2010895951011364
39633286372263157,0.0,0.98,0.02,0.0,0.07072027127091034
39633286372263141,0.0,0.29,0.71,0.0,0.43436062316970225
39633286372262868,0.0,0.9,0.1,0.0,0.2344977967946406
39633297373922707,0.01,0.97,0.02,0.0,0.11097036642660543
39633304575543709,0.0,0.65,0.35,0.0,0.4670340276877455
39633304575543607,0.0,0.92,0.08,0.0,0.2010895951011364
39633304575543791,0.0,0.97,0.03,0.0,0.0971959289157881
39633304575543517,0.0,0.39,0.61,0.0,0.4823997742525436
39633278973512575,0.0,0.9,0.1,0.0,0.2344977967946406
39633282698053217,0.0,0.73,0.27,0.0,0.42073231810408784
39633300989412586,0.0,0.5,0.5,0.0,0.5
39633286401622440,0.0,0.07,0.93,0.0,0.18296182545011158
39633308149089091,0.0,0.88,0.12,0.0,0.2646804326436822
39633308149088992,0.0,0.61,0.39,0.0,0.4823997742525436
39633308149088913,0.0,0.16,0.84,0.0,0.3171547773202831
39633308149088856,0.0,1.0,0.0,0.0,-0.0
39633304583931613,0.0,0.98,0.02,0.0,0.07072027127091034
39633304583932735,0.0,0.95,0.05,0.0,0.14319847855797813
39633282672887866,0.0,0.27,0.73,0.0,0.42073231810408784
39633293737461076,0.0,0.96,0.04,0.0,0.12114609454120741
39633300989412635,0.0,0.6,0.4,0.0,0.4854752972273343
39633308149089722,0.0,0.25,0.75,0.0,0.4056390622295664
39633311693277191,0.0,0.51,0.49,0.0,0.49985572087640495
39633308128119638,0.0,0.82,0.18,0.0,0.34003852286413994
39633304554570981,0.0,0.8,0.2,0.0,0.36096404744368116
39633304554570946,0.0,0.94,0.06,0.0,0.16372245957723813
39633304583931843,0.0,0.14,0.86,0.0,0.292119405821428
39633304583931867,0.0,0.95,0.05,0.0,0.14319847855797813
39633304583932448,0.0,0.67,0.33,0.0,0.4574631863898637
39633308140699958,0.0,0.81,0.19,0.0,0.3507357299419487
39633308140700178,0.0,0.62,0.38,0.0,0.47902101111314976
39633308149090400,0.01,0.99,0.0,0.0,0.04039656794795559
39633308149090327,0.0,0.46,0.54,0.0,0.49768921941011285
39633290071641186,0.0,0.02,0.98,0.0,0.07072027127091034
39633304554572513,0.0,0.27,0.73,0.0,0.42073231810408784
39633282672888695,0.0,0.32,0.68,0.0,0.45219072886224687
39633271469901563,0.0,0.93,0.07,0.0,0.18296182545011158
39633282698052596,0.0,0.39,0.61,0.0,0.4823997742525436
39633304554569974,0.0,0.32,0.68,0.0,0.45219072886224687
39633286380651388,0.0,0.7,0.3,0.0,0.44064544961534635
39633304554570047,0.0,0.95,0.05,0.0,0.14319847855797813
39633271469902708,0.0,0.81,0.19,0.0,0.3507357299419487
39633282698053749,0.0,0.36,0.64,0.0,0.4713415946277461
39633293737462473,0.02,0.98,0.0,0.0,0.07072027127091034
39633278973513068,0.0,0.99,0.01,0.0,0.04039656794795559
39633304588124247,0.0,0.81,0.19,0.0,0.3507357299419487
39633286401623756,0.0,0.96,0.04,0.0,0.12114609454120741
39633271469902767,0.0,0.3,0.7,0.0,0.44064544961534635
39633271469902449,0.0,0.9,0.1,0.0,0.2344977967946406
39633271469902737,0.0,0.74,0.26,0.0,0.4133731862463089
39633300960054549,0.0,0.71,0.29,0.0,0.43436062316970225
39633290080027221,0.02,0.57,0.41,0.0,0.5512562799037037
39633297373922750,0.0,0.34,0.66,0.0,0.46240935248651505
39633308140702132,0.0,0.63,0.37,0.0,0.47533604634353294
39633271469901679,0.15,0.85,0.0,0.0,0.3049201523582002
39633293737462802,0.0,0.88,0.12,0.0,0.2646804326436822
39633290080028249,0.0,0.15,0.85,0.0,0.3049201523582002
39633304583931625,0.21,0.79,0.0,0.0,0.37074136996563684
39633300989412861,0.0,0.43,0.57,0.0,0.4929075185894599
39633297331979136,0.0,0.77,0.23,0.0,0.38900565177326885
39633308140702620,0.0,0.99,0.01,0.0,0.04039656794795559
39633297378116136,0.0,0.8,0.2,0.0,0.36096404744368116
39633308149090124,0.0,0.15,0.85,0.0,0.3049201523582002
39633308149090240,0.0,0.77,0.23,0.0,0.38900565177326885
39633308149090726,0.0,0.82,0.18,0.0,0.34003852286413994
39633297378116365,0.0,0.99,0.01,0.0,0.04039656794795559
39633297331979151,0.0,0.08,0.92,0.0,0.2010895951011364
39633297331978970,0.0,0.91,0.09,0.0,0.21823490853205144
39633297331978939,0.0,0.72,0.28,0.0,0.4277254052800653
39633267657281654,0.03,0.95,0.02,0.0,0.1674722434193448
39633290059057922,0.0,0.32,0.68,0.0,0.45219072886224687
39633271469901948,0.0,0.83,0.17,0.0,0.32885238937210975
39633304588124491,0.0,0.94,0.06,0.0,0.16372245957723813
39633308132312587,0.0,0.22,0.78,0.0,0.38008375148098283
39633293708102863,0.0,0.13,0.87,0.0,0.2787190925139945
39633293708102886,0.0,0.21,0.79,0.0,0.37074136996563684
39633308140702353,0.0,0.52,0.48,0.0,0.4994227679976009
39633308140700910,0.0,0.78,0.22,0.0,0.38008375148098283
39633286397430911,0.0,0.43,0.57,0.0,0.4929075185894599
39633308144894756,0.03,0.97,0.0,0.0,0.0971959289157881
39633286397430989,0.0,0.77,0.23,0.0,0.38900565177326885
39633286397430739,0.0,0.46,0.54,0.0,0.49768921941011285
39633304550378288,0.0,0.31,0.69,0.0,0.4465867291889284
39633290029697171,0.0,0.14,0.86,0.0,0.292119405821428
39633297327787436,0.0,0.47,0.53,0.0,0.4987007942838698
39633297331978404,0.0,0.43,0.57,0.0,0.4929075185894599
39633308136506495,0.0,0.99,0.01,0.0,0.04039656794795559
39633297331978400,0.0,0.68,0.32,0.0,0.45219072886224687
39633304579738111,0.02,0.92,0.06,0.0,0.23354072007950172
39633304550378175,0.05,0.94,0.01,0.0,0.1832231322266888
39633308144897196,0.01,0.99,0.0,0.0,0.04039656794795559
39633304583931526,0.0,0.69,0.31,0.0,0.4465867291889284
39633297378115718,0.0,0.99,0.01,0.0,0.04039656794795559
39633304583931941,0.0,0.98,0.02,0.0,0.07072027127091034
39633286384848125,0.0,0.03,0.85,0.12,0.35906475947475236
39633290080029713,0.01,0.99,0.0,0.0,0.04039656794795559
39633286372263552,0.0,0.28,0.72,0.0,0.4277254052800653
39633293737461647,0.03,0.96,0.01,0.0,0.13737165703039006
39633297373924682,0.0,0.34,0.66,0.0,0.46240935248651505
39633308149090321,0.0,0.56,0.44,0.0,0.4947937606110278
39633311689084215,0.0,0.56,0.44,0.0,0.4947937606110278
39633311693275321,0.0,0.93,0.07,0.0,0.18296182545011158
39633311689084531,0.0,0.99,0.01,0.0,0.04039656794795559
39633293737461843,0.0,0.69,0.31,0.0,0.4465867291889284
39633293737461746,0.0,0.98,0.02,0.0,0.07072027127091034
39633311697470680,0.0,0.91,0.09,0.0,0.21823490853205144
39633300993605941,0.0,0.96,0.04,0.0,0.12114609454120741
39633308149088579,0.01,0.66,0.33,0.0,0.49495300580492785
39633308132311709,0.0,0.96,0.04,0.0,0.12114609454120741
39633308149090502,0.0,0.78,0.22,0.0,0.38008375148098283
39633311689084597,0.0,0.82,0.18,0.0,0.34003852286413994
39633297378115925,0.0,0.92,0.08,0.0,0.2010895951011364
39633308149089604,0.0,0.94,0.06,0.0,0.16372245957723813
39633308132311522,0.0,0.08,0.92,0.0,0.2010895951011364
39633304583932806,0.0,1.0,0.0,0.0,-0.0
39633308132312324,0.0,0.99,0.01,0.0,0.04039656794795559
39633286401622946,0.0,0.66,0.34,0.0,0.46240935248651505
39633282643527958,0.0,1.0,0.0,0.0,-0.0
39633278923178549,0.0,0.92,0.08,0.0,0.2010895951011364
39633293687129831,0.0,0.97,0.03,0.0,0.0971959289157881
39633304571348207,0.0,0.0,1.0,0.0,-0.0
39633275227996310,0.0,0.97,0.03,0.0,0.0971959289157881
39633275198637214,0.0,0.42,0.58,0.0,0.49072694751682683
39633275215413619,0.0,0.51,0.49,0.0,0.49985572087640495
39633293716490052,0.0,0.37,0.63,0.0,0.47533604634353294
39633271457316934,0.0,0.88,0.12,0.0,0.2646804326436822
39633282685468924,0.0,0.02,0.98,0.0,0.07072027127091034
39633300964246852,0.0,0.0,0.99,0.01,0.04039656794795559
39633278935761580,0.0,0.08,0.92,0.0,0.2010895951011364
39633290029698245,0.0,0.34,0.66,0.0,0.46240935248651505
39633278935761037,0.0,0.79,0.21,0.0,0.37074136996563684
39633297340369165,0.0,0.19,0.81,0.0,0.3507357299419487
39633297340369040,0.0,0.04,0.96,0.0,0.12114609454120741
39633300960054611,0.0,0.21,0.79,0.0,0.37074136996563684
39633300976828704,0.0,0.54,0.46,0.0,0.49768921941011285
39633297340368998,0.0,0.2,0.8,0.0,0.36096404744368116
39633282664498187,0.0,0.0,0.98,0.02,0.07072027127091034
39633278935761940,0.0,0.0,0.88,0.12,0.2646804326436822
39633267657279294,0.0,0.0,1.0,0.0,-0.0
39633290046474052,0.0,0.8,0.2,0.0,0.36096404744368116
39633278944151314,0.0,0.11,0.89,0.0,0.249957979082264
39633267657279523,0.0,0.43,0.57,0.0,0.4929075185894599
39633286368069896,0.0,0.78,0.22,0.0,0.38008375148098283
39633293716490232,0.0,0.86,0.14,0.0,0.292119405821428
39633278927375101,0.0,1.0,0.0,0.0,-0.0
39633267678250523,0.01,0.99,0.0,0.0,0.04039656794795559
39633290050666599,0.0,0.99,0.01,0.0,0.04039656794795559
39633282656110898,0.0,0.75,0.25,0.0,0.4056390622295664
39633271465709422,0.0,0.08,0.92,0.0,0.2010895951011364
39633282664498184,0.0,0.92,0.08,0.0,0.2010895951011364
39633308136508150,0.0,0.71,0.29,0.0,0.43436062316970225
39633290063250119,0.0,0.0,1.0,0.0,-0.0
39633290050666990,0.0,0.38,0.62,0.0,0.47902101111314976
39633290050667031,0.0,0.26,0.74,0.0,0.4133731862463089
39633290050667070,0.0,0.05,0.95,0.0,0.14319847855797813
39633271465709421,0.0,0.0,0.98,0.02,0.07072027127091034
39633290067445820,0.0,0.82,0.18,0.0,0.34003852286413994
39633290033891012,0.0,0.03,0.94,0.03,0.19372245957723813
39633267669862068,0.0,0.58,0.42,0.0,0.49072694751682683
39633293716490154,0.0,0.05,0.95,0.0,0.14319847855797813
39633271465708736,0.0,0.07,0.93,0.0,0.18296182545011158
39633300955856923,0.0,0.01,0.99,0.0,0.04039656794795559
39633275219610584,0.0,0.58,0.42,0.0,0.49072694751682683
39633275219610478,0.0,0.97,0.03,0.0,0.0971959289157881
39633275219610457,0.0,0.59,0.41,0.0,0.488250234378912
39633282685468760,0.0,0.02,0.98,0.0,0.07072027127091034
39633267665667992,0.0,0.6,0.4,0.0,0.4854752972273343
39633267665667886,0.0,0.37,0.63,0.0,0.47533604634353294
39633282672886268,0.0,0.87,0.13,0.0,0.2787190925139945
39633293733266518,0.0,0.19,0.81,0.0,0.3507357299419487
39633293703906215,0.0,0.61,0.39,0.0,0.4823997742525436
39633263874015473,0.0,0.46,0.54,0.0,0.49768921941011285
39633271457320583,0.0,0.46,0.54,0.0,0.49768921941011285
39633290054861420,0.0,0.57,0.43,0.0,0.4929075185894599
39633293716489975,0.0,0.49,0.51,0.0,0.49985572087640495
39633297361339939,0.0,0.3,0.7,0.0,0.44064544961534635
39633290054861070,0.0,0.16,0.84,0.0,0.3171547773202831
39633271457317049,0.0,0.44,0.56,0.0,0.4947937606110278
39633263865629667,0.0,0.67,0.33,0.0,0.4574631863898637
39633293724878929,0.0,0.9,0.1,0.0,0.2344977967946406
39633263865629614,0.0,0.39,0.61,0.0,0.4823997742525436
39633290050667822,0.0,0.07,0.93,0.0,0.18296182545011158
39633290042278514,0.0,0.22,0.78,0.0,0.38008375148098283
39633290050668577,0.0,0.01,0.99,0.0,0.04039656794795559
39633290042278396,0.0,0.32,0.68,0.0,0.45219072886224687
39633263865629537,0.0,0.82,0.18,0.0,0.34003852286413994
39633304567153264,0.0,0.19,0.81,0.0,0.3507357299419487
39633290042278215,0.0,0.94,0.06,0.0,0.16372245957723813
39633293720685991,0.0,0.98,0.02,0.0,0.07072027127091034
39633293720683713,0.0,0.09,0.91,0.0,0.21823490853205144
39633263869822560,0.0,0.11,0.88,0.01,0.28950944366190023
39633286363874721,0.0,0.25,0.75,0.0,0.4056390622295664
39633297361340097,0.0,0.0,0.95,0.05,0.14319847855797813
39633297344562797,0.0,0.22,0.78,0.0,0.38008375148098283
39633282651916083,0.0,0.59,0.41,0.0,0.488250234378912
39633297348757545,0.0,0.12,0.88,0.0,0.2646804326436822
39633293733266646,0.0,0.02,0.98,0.0,0.07072027127091034
39633271440540317,0.0,0.11,0.89,0.0,0.249957979082264
39633282681275405,0.0,0.81,0.19,0.0,0.3507357299419487
39633293720684800,0.0,0.53,0.47,0.0,0.4987007942838698
39633290050667324,0.0,0.21,0.79,0.0,0.37074136996563684
39633300960052093,0.0,0.51,0.49,0.0,0.49985572087640495
39633271448929565,0.0,0.77,0.23,0.0,0.38900565177326885
39633271436346050,0.0,0.05,0.95,0.0,0.14319847855797813
39633293699711114,0.0,0.48,0.52,0.0,0.4994227679976009
39633271436348279,0.0,0.98,0.02,0.0,0.07072027127091034
39633293703905644,0.0,0.32,0.68,0.0,0.45219072886224687
39633282656111866,0.01,0.98,0.01,0.0,0.08072027127091033
39633282656111790,0.0,0.64,0.36,0.0,0.4713415946277461
39633282681274949,0.0,0.44,0.56,0.0,0.4947937606110278
39633286380652745,0.0,0.43,0.57,0.0,0.4929075185894599
39633304558764337,0.0,0.62,0.38,0.0,0.47902101111314976
39633297340370338,0.0,0.06,0.94,0.0,0.16372245957723813
39633297361340937,0.01,0.98,0.01,0.0,0.08072027127091033
39633297365533055,0.0,0.36,0.64,0.0,0.4713415946277461
39633282656111111,0.0,0.04,0.94,0.02,0.19127133459887283
39633271448929830,0.0,0.11,0.89,0.0,0.249957979082264
39633282656111754,0.0,0.12,0.88,0.0,0.2646804326436822
39633304558764423,0.0,0.73,0.27,0.0,0.42073231810408784
39633300985218335,0.0,0.11,0.89,0.0,0.249957979082264
39633271436348078,0.0,0.91,0.09,0.0,0.21823490853205144
39633297344561890,0.0,0.02,0.98,0.0,0.07072027127091034
39633282656111424,0.0,0.81,0.19,0.0,0.3507357299419487
39633271448929760,0.0,0.88,0.12,0.0,0.2646804326436822
39633282656111464,0.0,0.5,0.5,0.0,0.5
39633286363876509,0.0,0.47,0.53,0.0,0.4987007942838698
39633290050667691,0.0,0.05,0.95,0.0,0.14319847855797813
39633282685469107,0.0,0.28,0.72,0.0,0.4277254052800653
39633271444735760,0.0,0.91,0.09,0.0,0.21823490853205144
39633275198638802,0.0,0.63,0.37,0.0,0.47533604634353294
39633290054861510,0.0,0.25,0.75,0.0,0.4056390622295664
39633290054861627,0.0,0.58,0.42,0.0,0.49072694751682683
39633275198637562,0.0,0.48,0.52,0.0,0.4994227679976009
39633271448930170,0.0,0.27,0.73,0.0,0.42073231810408784
39633282681274717,0.0,0.17,0.83,0.0,0.32885238937210975
39633297340368400,0.0,0.02,0.97,0.01,0.11097036642660543
39633271432154847,0.0,0.78,0.22,0.0,0.38008375148098283
39633297340368415,0.0,0.09,0.91,0.0,0.21823490853205144
39633297357145122,0.0,0.07,0.93,0.0,0.18296182545011158
39633297348757628,0.0,0.68,0.32,0.0,0.45219072886224687
39633275198637419,0.0,0.61,0.39,0.0,0.4823997742525436
39633282681275011,0.0,0.0,1.0,0.0,-0.0
39633290050667544,0.0,0.88,0.12,0.0,0.2646804326436822
39633297344562809,0.0,0.41,0.58,0.01,0.5248154453536593
39633286393234595,0.0,0.54,0.46,0.0,0.49768921941011285
39633290050667366,0.0,0.49,0.51,0.0,0.49985572087640495
39633282681277180,0.0,0.43,0.57,0.0,0.4929075185894599
39633297340368997,0.0,0.3,0.7,0.0,0.44064544961534635
39633286380652723,0.0,0.02,0.98,0.0,0.07072027127091034
39633300955860258,0.01,0.92,0.07,0.0,0.22283217282912027
39633286363876590,0.0,0.08,0.92,0.0,0.2010895951011364
39633293695517257,0.0,0.51,0.49,0.0,0.49985572087640495
39633293699711492,0.0,0.41,0.59,0.0,0.488250234378912
39633304558767063,0.0,0.51,0.49,0.0,0.49985572087640495
39633293699711327,0.0,0.0,0.91,0.09,0.21823490853205144
39633275215414405,0.0,0.91,0.09,0.0,0.21823490853205144
39633275215414502,0.0,0.39,0.61,0.0,0.4823997742525436
39633300972635777,0.0,0.56,0.44,0.0,0.4947937606110278
39633271461511307,0.0,0.2,0.8,0.0,0.36096404744368116
39633300972635853,0.0,0.7,0.3,0.0,0.44064544961534635
39633282664499104,0.0,0.87,0.13,0.0,0.2787190925139945
39633293695517417,0.0,0.5,0.5,0.0,0.5
39633271461511429,0.0,1.0,0.0,0.0,-0.0
39633293695517514,0.0,0.96,0.04,0.0,0.12114609454120741
39633271461511622,0.0,0.06,0.94,0.0,0.16372245957723813
39633293699711206,0.0,0.09,0.91,0.0,0.21823490853205144
39633300968440310,0.0,0.2,0.8,0.0,0.36096404744368116
39633282651916371,0.0,0.19,0.81,0.0,0.3507357299419487
39633300968440251,0.0,0.18,0.82,0.0,0.34003852286413994
39633275215415195,0.0,0.01,0.99,0.0,0.04039656794795559
39633300968440108,0.0,0.05,0.95,0.0,0.14319847855797813
39633300968440035,0.0,0.6,0.4,0.0,0.4854752972273343
39633293699711245,0.0,0.13,0.87,0.0,0.2787190925139945
39633275190250619,0.0,0.8,0.2,0.0,0.36096404744368116
39633293695517236,0.0,0.53,0.47,0.0,0.4987007942838698
39633300972635730,0.0,0.31,0.69,0.0,0.4465867291889284
39633275211221065,0.0,0.83,0.17,0.0,0.32885238937210975
39633275207028236,0.0,0.9,0.1,0.0,0.2344977967946406
39633300968442770,0.0,0.32,0.68,0.0,0.45219072886224687
39633304562961943,0.0,0.09,0.9,0.01,0.2579475764741046
39633275215413284,0.0,0.99,0.01,0.0,0.04039656794795559
39633275215413307,0.0,0.87,0.13,0.0,0.2787190925139945
39633275215413314,0.0,0.2,0.8,0.0,0.36096404744368116
39633275215413320,0.0,0.27,0.73,0.0,0.42073231810408784
39633275215413375,0.0,0.0,1.0,0.0,-0.0
39633271457320021,0.0,0.31,0.69,0.0,0.4465867291889284
39633275215413477,0.0,0.75,0.25,0.0,0.4056390622295664
39633275215413479,0.0,0.1,0.9,0.0,0.2344977967946406
39633275215413497,0.0,0.36,0.64,0.0,0.4713415946277461
39633275215413535,0.0,0.13,0.87,0.0,0.2787190925139945
39633275215413598,0.0,0.09,0.91,0.0,0.21823490853205144
39633275215413599,0.0,0.25,0.75,0.0,0.4056390622295664
39633286363876580,0.0,0.81,0.19,0.0,0.3507357299419487
39633304567154194,0.0,0.23,0.77,0.0,0.38900565177326885
39633293695517177,0.0,0.23,0.77,0.0,0.38900565177326885
39633282693860291,0.0,0.99,0.01,0.0,0.04039656794795559
39633293691325154,0.0,0.0,0.98,0.02,0.07072027127091034
39633297357145987,0.0,0.03,0.97,0.0,0.0971959289157881
39633300968440005,0.0,0.0,1.0,0.0,-0.0
39633278973509943,0.0,0.92,0.08,0.0,0.2010895951011364
39633267669861158,0.0,0.97,0.03,0.0,0.0971959289157881
39633275223802440,0.0,0.04,0.96,0.0,0.12114609454120741
39633282693858004,0.0,0.58,0.42,0.0,0.49072694751682683
39633267669861263,0.0,0.97,0.03,0.0,0.0971959289157881
39633267669861396,0.0,0.74,0.26,0.0,0.4133731862463089
39633267669861601,0.0,0.09,0.91,0.0,0.21823490853205144
39633267669861623,0.0,0.68,0.32,0.0,0.45219072886224687
39633271465705890,0.0,0.74,0.26,0.0,0.4133731862463089
39633271465709035,0.0,0.0,0.92,0.08,0.2010895951011364
39633267669861929,0.01,0.94,0.05,0.0,0.1832231322266888
39633300968442935,0.0,0.89,0.11,0.0,0.249957979082264
39633271465709315,0.0,0.54,0.46,0.0,0.49768921941011285
39633278973509959,0.0,1.0,0.0,0.0,-0.0
39633267669862514,0.0,0.14,0.86,0.0,0.292119405821428
39633278969316930,0.0,0.97,0.03,0.0,0.0971959289157881
39633297365535615,0.0,0.07,0.93,0.0,0.18296182545011158
39633267674055051,0.0,0.45,0.55,0.0,0.49638722699390414
39633267674055057,0.0,0.31,0.69,0.0,0.4465867291889284
39633286393235951,0.0,0.87,0.13,0.0,0.2787190925139945
39633290063250125,0.0,0.98,0.02,0.0,0.07072027127091034
39633282689666717,0.0,0.46,0.54,0.0,0.49768921941011285
39633282689666682,0.0,0.56,0.44,0.0,0.4947937606110278
39633271465707135,0.0,0.13,0.87,0.0,0.2787190925139945
39633271453122967,0.0,0.05,0.95,0.0,0.14319847855797813
39633267669861055,0.0,0.37,0.63,0.0,0.47533604634353294
39633278973510015,0.0,0.02,0.92,0.06,0.23354072007950172
39633300976828776,0.0,0.0,0.94,0.06,0.16372245957723813
39633300976828839,0.0,0.71,0.29,0.0,0.43436062316970225
39633300976829529,0.0,0.32,0.68,0.0,0.45219072886224687
39633282651917482,0.0,0.25,0.75,0.0,0.4056390622295664
39633282651917607,0.0,0.0,0.98,0.02,0.07072027127091034
39633300976829536,0.0,0.79,0.21,0.0,0.37074136996563684
39633300976829579,0.0,0.2,0.8,0.0,0.36096404744368116
39633271461514322,0.0,0.52,0.48,0.0,0.4994227679976009
39633282693858010,0.0,0.39,0.61,0.0,0.4823997742525436
39633267657280958,0.0,0.0,0.98,0.02,0.07072027127091034
39633282672888368,0.0,0.15,0.85,0.0,0.3049201523582002
39633282651917633,0.0,0.15,0.85,0.0,0.3049201523582002
39633267669861053,0.0,0.02,0.98,0.0,0.07072027127091034
39633293708100633,0.0,0.07,0.93,0.0,0.18296182545011158
39633293708100457,0.0,0.2,0.8,0.0,0.36096404744368116
39633293708100445,0.0,0.77,0.23,0.0,0.38900565177326885
39633278973511199,0.0,0.08,0.92,0.0,0.2010895951011364
39633293708100293,0.0,0.49,0.51,0.0,0.49985572087640495
39633278973511036,0.0,0.38,0.62,0.0,0.47902101111314976
39633275219609334,0.0,0.18,0.82,0.0,0.34003852286413994
39633267661475628,0.0,0.02,0.98,0.0,0.07072027127091034
39633267665668930,0.0,0.74,0.26,0.0,0.4133731862463089
39633267665669051,0.0,0.0,0.86,0.14,0.292119405821428
39633267665669846,0.0,0.51,0.49,0.0,0.49985572087640495
39633267669861950,0.0,0.01,0.99,0.0,0.04039656794795559
39633297344562837,0.0,0.14,0.86,0.0,0.292119405821428
39633308136507504,0.0,0.44,0.56,0.0,0.4947937606110278
39633278927375849,0.0,0.58,0.42,0.0,0.49072694751682683
39633278944151479,0.0,0.75,0.25,0.0,0.4056390622295664
39633290042280934,0.0,0.52,0.48,0.0,0.4994227679976009
39633290042280919,0.0,0.45,0.55,0.0,0.49638722699390414
39633278927375745,0.0,0.67,0.33,0.0,0.4574631863898637
39633290042280771,0.0,0.41,0.59,0.0,0.488250234378912
39633293716490255,0.0,0.81,0.19,0.0,0.3507357299419487
39633290029698341,0.0,0.18,0.82,0.0,0.34003852286413994
39633304579737893,0.04,0.94,0.02,0.0,0.19127133459887283
39633278935762666,0.0,0.62,0.38,0.0,0.47902101111314976
39633308136508178,0.0,0.56,0.44,0.0,0.4947937606110278
39633278948347049,0.0,0.34,0.66,0.0,0.46240935248651505
39633308136508274,0.0,0.89,0.11,0.0,0.249957979082264
39633278927375102,0.0,0.97,0.03,0.0,0.0971959289157881
39633293716490152,0.0,0.36,0.64,0.0,0.4713415946277461
39633293716490387,0.0,0.08,0.92,0.0,0.2010895951011364
39633278927372895,0.0,0.98,0.02,0.0,0.07072027127091034
39633278935763460,0.0,0.66,0.34,0.0,0.46240935248651505
39633278944151416,0.0,0.81,0.19,0.0,0.3507357299419487
39633290029698234,0.0,0.19,0.81,0.0,0.3507357299419487
39633278931568589,0.0,0.0,0.98,0.02,0.07072027127091034
39633278956735318,0.0,0.81,0.19,0.0,0.3507357299419487
39633293716490328,0.0,0.38,0.62,0.0,0.47902101111314976
39633293716490682,0.0,0.64,0.36,0.0,0.4713415946277461
39633278952538872,0.0,0.26,0.74,0.0,0.4133731862463089
39633278952539284,0.0,0.26,0.74,0.0,0.4133731862463089
39633278952539333,0.0,0.53,0.47,0.0,0.4987007942838698
39633293724879869,0.0,0.43,0.57,0.0,0.4929075185894599
39633278948344632,0.0,0.01,0.99,0.0,0.04039656794795559
39633278935763639,0.0,0.04,0.96,0.0,0.12114609454120741
39633278960930023,0.0,0.08,0.92,0.0,0.2010895951011364
39633278952539517,0.0,0.8,0.2,0.0,0.36096404744368116
39633278935763594,0.0,0.96,0.04,0.0,0.12114609454120741
39633290033890943,0.0,1.0,0.0,0.0,-0.0
39633290033891042,0.0,0.79,0.21,0.0,0.37074136996563684
39633308136507291,0.0,0.9,0.1,0.0,0.2344977967946406
39633282672886500,0.0,0.23,0.77,0.0,0.38900565177326885
39633308136507925,0.0,0.38,0.62,0.0,0.47902101111314976
39633275198636748,0.0,0.39,0.61,0.0,0.4823997742525436
39633300976829487,0.0,0.5,0.5,0.0,0.5
39633275194443263,0.0,0.2,0.8,0.0,0.36096404744368116
39633282689665956,0.0,0.88,0.12,0.0,0.2646804326436822
39633275219608909,0.0,0.95,0.05,0.0,0.14319847855797813
39633293691325444,0.0,0.99,0.01,0.0,0.04039656794795559
39633282672888604,0.0,0.49,0.51,0.0,0.49985572087640495
39633271457320011,0.0,0.17,0.83,0.0,0.32885238937210975
39633275215413427,0.0,0.61,0.39,0.0,0.4823997742525436
39633297344563020,0.0,0.77,0.23,0.0,0.38900565177326885
39633275215413418,0.0,0.89,0.11,0.0,0.249957979082264
39633293691325319,0.0,0.78,0.22,0.0,0.38008375148098283
39633275215413410,0.0,0.16,0.84,0.0,0.3171547773202831
39633278969318491,0.0,0.1,0.9,0.0,0.2344977967946406
39633267669861939,0.0,0.37,0.63,0.0,0.47533604634353294
39633271440542468,0.0,0.72,0.28,0.0,0.4277254052800653
39633282672886673,0.0,0.49,0.51,0.0,0.49985572087640495
39633293720682886,0.0,0.48,0.52,0.0,0.4994227679976009
39633278931567434,0.0,0.42,0.58,0.0,0.49072694751682683
39633297340367214,0.0,0.01,0.99,0.0,0.04039656794795559
39633297344564383,0.0,0.05,0.95,0.0,0.14319847855797813
39633297344564332,0.0,0.6,0.4,0.0,0.4854752972273343
39633297365533157,0.0,0.78,0.22,0.0,0.38008375148098283
39633271448929776,0.0,0.25,0.75,0.0,0.4056390622295664
39633304567155671,0.0,0.11,0.89,0.0,0.249957979082264
39633278944150743,0.0,0.04,0.96,0.0,0.12114609454120741
39633267661475604,0.0,0.16,0.84,0.0,0.3171547773202831
39633267661475728,0.0,0.9,0.1,0.0,0.2344977967946406
39633304567155333,0.0,0.55,0.45,0.0,0.49638722699390414
39633293724876948,0.0,0.53,0.47,0.0,0.4987007942838698
39633308136507370,0.0,0.65,0.35,0.0,0.4670340276877455
39633293720682918,0.0,0.02,0.98,0.0,0.07072027127091034
39633282685469340,0.0,0.5,0.5,0.0,0.5
39633304567155426,0.0,0.94,0.06,0.0,0.16372245957723813
39633271465709258,0.0,0.67,0.33,0.0,0.4574631863898637
39633293733265788,0.0,0.05,0.95,0.0,0.14319847855797813
39633290042279264,0.0,0.29,0.71,0.0,0.43436062316970225
39633293733265735,0.0,0.42,0.58,0.0,0.49072694751682683
39633293724877516,0.0,0.52,0.48,0.0,0.4994227679976009
39633297361339903,0.0,0.11,0.89,0.0,0.249957979082264
39633290054861482,0.0,0.48,0.52,0.0,0.4994227679976009
39633275190250616,0.0,0.79,0.21,0.0,0.37074136996563684
39633267657280749,0.0,0.99,0.01,0.0,0.04039656794795559
39633282664500308,0.0,0.07,0.93,0.0,0.18296182545011158
39633267657280462,0.0,0.07,0.93,0.0,0.18296182545011158
39633282651916423,0.0,0.68,0.32,0.0,0.45219072886224687
39633293724877525,0.0,0.08,0.87,0.05,0.3411994718209815
39633304567153221,0.0,0.59,0.41,0.0,0.488250234378912
39633286393234229,0.0,0.47,0.53,0.0,0.4987007942838698
39633286359679009,0.0,0.97,0.03,0.0,0.0971959289157881
39633300972636275,0.0,0.51,0.49,0.0,0.49985572087640495
39633290038085539,0.0,0.89,0.11,0.0,0.249957979082264
39633300964246032,0.0,0.0,0.96,0.04,0.12114609454120741
39633300968440056,0.0,0.49,0.51,0.0,0.49985572087640495
39633293699714279,0.0,0.03,0.94,0.03,0.19372245957723813
39633278952538619,0.0,0.0,0.99,0.01,0.04039656794795559
39633304554572456,0.0,0.04,0.96,0.0,0.12114609454120741
39633267669861848,0.0,0.1,0.9,0.0,0.2344977967946406
39633304554572460,0.0,0.47,0.53,0.0,0.4987007942838698
39633293695517681,0.0,0.91,0.09,0.0,0.21823490853205144
39633275219610491,0.05,0.95,0.0,0.0,0.14319847855797813
39633278952538731,0.0,0.29,0.71,0.0,0.43436062316970225
39633293699714118,0.0,0.46,0.54,0.0,0.49768921941011285
39633282681274466,0.0,0.21,0.79,0.0,0.37074136996563684
39633278944151506,0.0,0.54,0.46,0.0,0.49768921941011285
39633304554572621,0.0,0.44,0.56,0.0,0.4947937606110278
39633286368070612,0.0,0.22,0.78,0.0,0.38008375148098283
39633293699713933,0.0,0.44,0.56,0.0,0.4947937606110278
39633297361339933,0.0,0.2,0.8,0.0,0.36096404744368116
39633300955859788,0.0,0.18,0.82,0.0,0.34003852286413994
39633293699711558,0.0,0.02,0.98,0.0,0.07072027127091034
39633282651917747,0.0,0.47,0.53,0.0,0.4987007942838698
39633275215415639,0.0,0.76,0.24,0.0,0.39752013969226113
39633275223805181,0.0,0.92,0.08,0.0,0.2010895951011364
39633275223804834,0.0,0.63,0.37,0.0,0.47533604634353294
39633282698052826,0.0,0.69,0.31,0.0,0.4465867291889284
39633271440542413,0.0,0.64,0.36,0.0,0.4713415946277461
39633297340368748,0.0,0.83,0.17,0.0,0.32885238937210975
39633278931569979,0.0,0.7,0.3,0.0,0.44064544961534635
39633278939955326,0.0,0.68,0.32,0.0,0.45219072886224687
39633286363875594,0.0,0.22,0.78,0.0,0.38008375148098283
39633278952540993,0.0,0.21,0.79,0.0,0.37074136996563684
39633267674056603,0.0,0.4,0.6,0.0,0.4854752972273343
39633297348756483,0.0,0.8,0.2,0.0,0.36096404744368116
39633293695518932,0.0,0.02,0.98,0.0,0.07072027127091034
39633278969318372,0.0,0.8,0.2,0.0,0.36096404744368116
39633278939958636,0.0,0.09,0.91,0.0,0.21823490853205144
39633282693859393,0.0,0.21,0.79,0.0,0.37074136996563684
39633275190251380,0.0,0.62,0.38,0.0,0.47902101111314976
39633278973511863,0.0,0.94,0.06,0.0,0.16372245957723813
39633278939958456,0.0,0.68,0.32,0.0,0.45219072886224687
39633293716490046,0.0,0.9,0.1,0.0,0.2344977967946406
39633290054861452,0.0,0.02,0.95,0.03,0.1674722434193448
39633293724878560,0.0,0.35,0.65,0.0,0.4670340276877455
39633300981024589,0.0,0.92,0.08,0.0,0.2010895951011364
39633297348757156,0.0,0.06,0.94,0.0,0.16372245957723813
39633297352952468,0.0,0.07,0.93,0.0,0.18296182545011158
39633300964248488,0.0,0.06,0.94,0.0,0.16372245957723813
39633293724878883,0.0,0.0,1.0,0.0,-0.0
39633300981024397,0.0,0.98,0.02,0.0,0.07072027127091034
39633290050667641,0.0,0.2,0.8,0.0,0.36096404744368116
39633286363874683,0.0,0.63,0.37,0.0,0.47533604634353294
39633282651915667,0.0,0.0,1.0,0.0,-0.0
39633297348757371,0.0,0.14,0.86,0.0,0.292119405821428
39633293724880217,0.0,0.08,0.92,0.0,0.2010895951011364
39633263865628120,0.0,0.05,0.95,0.0,0.14319847855797813
39633275219610465,0.0,0.2,0.8,0.0,0.36096404744368116
39633271432153796,0.0,0.51,0.49,0.0,0.49985572087640495
39633300964248176,0.0,0.04,0.96,0.0,0.12114609454120741
39633293703906389,0.0,0.01,0.99,0.0,0.04039656794795559
39633286359681462,0.0,0.03,0.95,0.02,0.1674722434193448
39633282656109213,0.0,0.01,0.99,0.0,0.04039656794795559
39633286389040450,0.0,0.03,0.97,0.0,0.0971959289157881
39633290063249853,0.0,0.94,0.06,0.0,0.16372245957723813
39633290046473282,0.0,1.0,0.0,0.0,-0.0
39633271453125047,0.0,1.0,0.0,0.0,-0.0
39633290046473048,0.0,0.58,0.42,0.0,0.49072694751682683
39633271436345971,0.0,0.17,0.83,0.0,0.32885238937210975
39633271432154008,0.0,0.29,0.71,0.0,0.43436062316970225
39633300968440561,0.0,0.79,0.21,0.0,0.37074136996563684
39633282681275635,0.0,0.19,0.81,0.0,0.3507357299419487
39633300976831251,0.0,0.84,0.16,0.0,0.3171547773202831
39633278952538190,0.0,0.79,0.21,0.0,0.37074136996563684
39633300976831186,0.0,0.08,0.92,0.0,0.2010895951011364
39633278931569460,0.0,0.99,0.01,0.0,0.04039656794795559
39633275219610187,0.0,0.94,0.06,0.0,0.16372245957723813
39633300976830817,0.0,0.69,0.31,0.0,0.4465867291889284
39633300968440698,0.0,0.13,0.87,0.0,0.2787190925139945
39633290033891219,0.0,0.05,0.95,0.0,0.14319847855797813
39633271448928368,0.0,0.17,0.83,0.0,0.32885238937210975
39633300968440729,0.0,0.41,0.59,0.0,0.488250234378912
39633286355485819,0.0,0.05,0.95,0.0,0.14319847855797813
39633308136507195,0.0,0.84,0.16,0.0,0.3171547773202831
39633300981025785,0.0,0.93,0.07,0.0,0.18296182545011158
39633300968443203,0.0,0.63,0.37,0.0,0.47533604634353294
39633308140702463,0.0,0.69,0.31,0.0,0.4465867291889284
39633297357145378,0.0,1.0,0.0,0.0,-0.0
39633271465706559,0.0,0.27,0.73,0.0,0.42073231810408784
39633304567152977,0.0,0.1,0.88,0.02,0.30368177794258344
39633308136507210,0.0,0.87,0.13,0.0,0.2787190925139945
39633282672886139,0.0,0.07,0.93,0.0,0.18296182545011158
39633286363874267,0.0,0.35,0.65,0.0,0.4670340276877455
39633304562958890,0.01,0.78,0.21,0.0,0.4094279001393156
39633300985219431,0.0,0.95,0.05,0.0,0.14319847855797813
39633308136507172,0.0,0.68,0.32,0.0,0.45219072886224687
39633267674056117,0.0,0.65,0.35,0.0,0.4670340276877455
39633278952541057,0.0,0.76,0.24,0.0,0.39752013969226113
39633271436348208,0.0,0.02,0.97,0.01,0.11097036642660543
39633297352952353,0.0,0.0,0.98,0.02,0.07072027127091034
39633300981025348,0.0,0.58,0.42,0.0,0.49072694751682683
39633271436348277,0.0,0.68,0.32,0.0,0.45219072886224687
39633304562958550,0.0,0.56,0.44,0.0,0.4947937606110278
39633308136507372,0.0,0.75,0.25,0.0,0.4056390622295664
39633300972634140,0.0,0.92,0.08,0.0,0.2010895951011364
39633300981024493,0.36,0.64,0.0,0.0,0.4713415946277461
39633278944149648,0.0,0.08,0.92,0.0,0.2010895951011364
39633297357147394,0.0,0.05,0.95,0.0,0.14319847855797813
39633297361338748,0.0,0.42,0.58,0.0,0.49072694751682683
39633300981024432,0.0,0.23,0.77,0.0,0.38900565177326885
39633293712295739,0.0,0.57,0.43,0.0,0.4929075185894599
39633297336175072,0.0,0.61,0.39,0.0,0.4823997742525436
39633304558764650,0.0,0.75,0.25,0.0,0.4056390622295664
39633297357145509,0.0,0.87,0.13,0.0,0.2787190925139945
39633275194443165,0.0,0.3,0.7,0.0,0.44064544961534635
39633297348756423,0.0,0.83,0.17,0.0,0.32885238937210975
39633290046472655,0.0,0.21,0.79,0.0,0.37074136996563684
39633293712295680,0.0,0.25,0.75,0.0,0.4056390622295664
39633278969318047,0.0,0.0,0.61,0.39,0.4823997742525436
39633278969318227,0.0,0.01,0.94,0.05,0.1832231322266888
39633297357145674,0.0,0.07,0.93,0.0,0.18296182545011158
39633278969318095,0.0,0.19,0.81,0.0,0.3507357299419487
39633278969318161,0.0,0.07,0.93,0.0,0.18296182545011158
39633300981025526,0.0,0.03,0.96,0.01,0.13737165703039006
39633282693860205,0.0,0.58,0.42,0.0,0.49072694751682683
39633293712295752,0.0,0.3,0.7,0.0,0.44064544961534635
39633304558764603,0.0,0.73,0.27,0.0,0.42073231810408784
39633282693859760,0.0,0.25,0.75,0.0,0.4056390622295664
39633300981025454,0.0,0.96,0.04,0.0,0.12114609454120741
39633271440541055,0.0,0.08,0.91,0.01,0.24088153359695552
39633267674056401,0.0,0.4,0.6,0.0,0.4854752972273343
39633290038083976,0.0,0.96,0.04,0.0,0.12114609454120741
39633278948345931,0.0,0.21,0.79,0.0,0.37074136996563684
39633282677081029,0.0,0.16,0.84,0.0,0.3171547773202831
39633286355488887,0.02,0.94,0.04,0.0,0.1912713345988728
39633300976831391,0.0,0.49,0.51,0.0,0.49985572087640495
39633290046474380,0.0,0.97,0.03,0.0,0.0971959289157881
39633278935761184,0.0,0.91,0.09,0.0,0.21823490853205144
39633293703906292,0.0,0.43,0.57,0.0,0.4929075185894599
39633282672887166,0.0,0.63,0.37,0.0,0.47533604634353294
39633300951664170,0.0,0.44,0.56,0.0,0.4947937606110278
39633290054860958,0.0,0.55,0.45,0.0,0.49638722699390414
39633282677080580,0.0,0.25,0.75,0.0,0.4056390622295664
39633297340370122,0.0,0.12,0.88,0.0,0.2646804326436822
39633267657278613,0.0,0.4,0.6,0.0,0.4854752972273343
39633267657278635,0.0,0.97,0.03,0.0,0.0971959289157881
39633293724878533,0.0,0.25,0.75,0.0,0.4056390622295664
39633267669863595,0.0,0.85,0.15,0.0,0.3049201523582002
39633304562958569,0.0,0.08,0.92,0.0,0.2010895951011364
39633293716490411,0.0,0.13,0.87,0.0,0.2787190925139945
39633304562958390,0.0,0.88,0.12,0.0,0.2646804326436822
39633278935763578,0.0,0.41,0.59,0.0,0.488250234378912
39633304558767544,0.0,0.68,0.32,0.0,0.45219072886224687
39633282668694291,0.0,0.84,0.16,0.0,0.3171547773202831
39633297340370289,0.0,0.0,0.96,0.04,0.12114609454120741
39633297336174258,0.0,0.96,0.04,0.0,0.12114609454120741
39633282660304491,0.0,0.0,0.96,0.04,0.12114609454120741
39633293724876833,0.0,0.33,0.67,0.0,0.4574631863898637
39633282681274797,0.0,0.59,0.41,0.0,0.488250234378912
39633282660304397,0.0,1.0,0.0,0.0,-0.0
39633290050667266,0.0,0.29,0.71,0.0,0.43436062316970225
39633282660304331,0.0,0.78,0.22,0.0,0.38008375148098283
39633293724876902,0.0,0.52,0.48,0.0,0.4994227679976009
39633300968440833,0.0,0.56,0.44,0.0,0.4947937606110278
39633286359680165,0.0,0.53,0.47,0.0,0.4987007942838698
39633304571349244,0.02,0.86,0.12,0.0,0.33353650032219084
39633304583930752,0.0,0.84,0.16,0.0,0.3171547773202831
39633304571349251,0.0,0.66,0.34,0.0,0.46240935248651505
39633282660304546,0.0,0.24,0.76,0.0,0.39752013969226113
39633304571349353,0.0,0.46,0.54,0.0,0.49768921941011285
39633282660304566,0.0,0.54,0.46,0.0,0.49768921941011285
39633278956733354,0.0,0.25,0.75,0.0,0.4056390622295664
39633286355486038,0.0,0.6,0.4,0.0,0.4854752972273343
39633275223802546,0.0,0.0,0.87,0.13,0.2787190925139945
39633286363873911,0.0,0.75,0.25,0.0,0.4056390622295664
39633282651916367,0.0,0.0,0.96,0.04,0.12114609454120741
39633286355486175,0.0,0.17,0.83,0.0,0.32885238937210975
39633282660304505,0.0,0.7,0.3,0.0,0.44064544961534635
39633286355485254,0.0,0.9,0.1,0.0,0.2344977967946406
39633290063251037,0.0,0.95,0.05,0.0,0.14319847855797813
39633290071640950,0.0,0.31,0.69,0.0,0.4465867291889284
39633271465706096,0.0,0.34,0.66,0.0,0.46240935248651505
39633297361341115,0.0,0.04,0.96,0.0,0.12114609454120741
39633286376459300,0.0,0.7,0.3,0.0,0.44064544961534635
39633282664499318,0.0,0.24,0.76,0.0,0.39752013969226113
39633290071641264,0.0,0.72,0.28,0.0,0.4277254052800653
39633293733266458,0.0,0.79,0.21,0.0,0.37074136996563684
39633297352953451,0.0,0.97,0.03,0.0,0.0971959289157881
39633275198639090,0.0,0.95,0.05,0.0,0.14319847855797813
39633271457319900,0.0,0.24,0.76,0.0,0.39752013969226113
39633293733266377,0.0,0.85,0.15,0.0,0.3049201523582002
39633275219608666,0.0,0.97,0.03,0.0,0.0971959289157881
39633282664499761,0.0,0.13,0.87,0.0,0.2787190925139945
39633282664499693,0.0,0.66,0.34,0.0,0.46240935248651505
39633271440541358,0.0,0.23,0.77,0.0,0.38900565177326885
39633282664499642,0.0,0.3,0.7,0.0,0.44064544961534635
39633275219608653,0.0,0.14,0.86,0.0,0.292119405821428
39633286397427992,0.0,0.77,0.23,0.0,0.38900565177326885
39633304558764475,0.0,0.95,0.05,0.0,0.14319847855797813
39633300976830186,0.0,0.0,1.0,0.0,-0.0
39633275198637481,0.0,1.0,0.0,0.0,-0.0
39633267674054859,0.0,0.01,0.91,0.08,0.24088153359695552
39633286368071318,0.0,0.88,0.12,0.0,0.2646804326436822
39633300989411427,0.0,0.96,0.04,0.0,0.12114609454120741
39633300989411399,0.0,0.46,0.54,0.0,0.49768921941011285
39633300955859928,0.0,0.65,0.35,0.0,0.4670340276877455
39633275223802601,0.0,1.0,0.0,0.0,-0.0
39633275194441846,0.0,0.02,0.98,0.0,0.07072027127091034
39633297373922110,0.0,0.95,0.05,0.0,0.14319847855797813
39633282681275889,0.0,0.32,0.68,0.0,0.45219072886224687
39633278960926868,0.0,0.57,0.43,0.0,0.4929075185894599
39633300981024989,0.0,0.97,0.03,0.0,0.0971959289157881
39633293695518564,0.0,0.57,0.43,0.0,0.4929075185894599
39633293695518663,0.0,0.24,0.75,0.01,0.4359255858648683
39633293695518517,0.0,0.35,0.65,0.0,0.4670340276877455
39633304562959224,0.0,0.13,0.87,0.0,0.2787190925139945
39633271436345949,0.0,0.03,0.97,0.0,0.0971959289157881
39633297369729269,0.0,0.62,0.38,0.0,0.47902101111314976
39633275219610133,0.0,0.18,0.82,0.0,0.34003852286413994
39633282672886807,0.0,0.0,0.92,0.08,0.2010895951011364
39633275219610056,0.0,0.07,0.93,0.0,0.18296182545011158
39633293691324022,0.0,0.14,0.86,0.0,0.292119405821428
39633275207025179,0.0,0.47,0.53,0.0,0.4987007942838698
39633275215414779,0.0,0.14,0.86,0.0,0.292119405821428
39633300981024814,0.0,0.04,0.96,0.0,0.12114609454120741
39633278969318206,0.0,0.92,0.08,0.0,0.2010895951011364
39633278960927223,0.0,0.5,0.5,0.0,0.5
39633275194443334,0.0,0.19,0.81,0.0,0.3507357299419487
39633263865627563,0.0,0.04,0.96,0.0,0.12114609454120741
39633278960926914,0.0,0.25,0.75,0.0,0.4056390622295664
39633282656109188,0.0,0.14,0.86,0.0,0.292119405821428
39633282672887041,0.0,0.14,0.86,0.0,0.292119405821428
39633293716490127,0.0,0.04,0.96,0.0,0.12114609454120741
39633293716490058,0.0,0.01,0.99,0.0,0.04039656794795559
39633293716490157,0.0,0.36,0.64,0.0,0.4713415946277461
39633267661474977,0.0,0.37,0.63,0.0,0.47533604634353294
39633267678250525,0.0,0.07,0.93,0.0,0.18296182545011158
39633267678250515,0.0,0.35,0.65,0.0,0.4670340276877455
39633293724879960,0.0,0.09,0.91,0.0,0.21823490853205144
39633267661474912,0.0,0.29,0.71,0.0,0.43436062316970225
39633300964246875,0.0,0.52,0.48,0.0,0.4994227679976009
39633278960929271,0.0,0.31,0.69,0.0,0.4465867291889284
39633267678250552,0.0,0.91,0.09,0.0,0.21823490853205144
39633267682444506,0.0,0.19,0.81,0.0,0.3507357299419487
39633267682444324,0.0,0.76,0.24,0.0,0.39752013969226113
39633267653086431,0.0,0.32,0.68,0.0,0.45219072886224687
39633267661473765,0.0,0.37,0.63,0.0,0.47533604634353294
39633267665667328,0.0,0.96,0.04,0.0,0.12114609454120741
39633297336173829,0.0,0.03,0.97,0.0,0.0971959289157881
39633278948344143,0.0,0.38,0.62,0.0,0.47902101111314976
39633275190249725,0.0,0.52,0.48,0.0,0.4994227679976009
39633267682444376,0.0,0.06,0.94,0.0,0.16372245957723813
39633278948344380,0.0,0.84,0.16,0.0,0.3171547773202831
39633278948344406,0.0,0.19,0.81,0.0,0.3507357299419487
39633275190250762,0.0,0.82,0.18,0.0,0.34003852286413994
39633275190250791,0.0,0.33,0.67,0.0,0.4574631863898637
39633275190250884,0.0,0.01,0.99,0.0,0.04039656794795559
39633297352951878,0.0,0.77,0.23,0.0,0.38900565177326885
39633278965122717,0.0,0.4,0.6,0.0,0.4854752972273343
39633275202833967,0.03,0.96,0.01,0.0,0.13737165703039006
39633275194444297,0.0,0.25,0.75,0.0,0.4056390622295664
39633275202833987,0.0,0.56,0.44,0.0,0.4947937606110278
39633297336176037,0.0,0.34,0.66,0.0,0.46240935248651505
39633300976829614,0.0,0.72,0.28,0.0,0.4277254052800653
39633286368069836,0.0,0.92,0.08,0.0,0.2010895951011364
39633297352951890,0.0,0.79,0.21,0.0,0.37074136996563684
39633290063250082,0.0,0.57,0.43,0.0,0.4929075185894599
39633282651916529,0.0,0.63,0.37,0.0,0.47533604634353294
39633293716491235,0.0,0.96,0.04,0.0,0.12114609454120741
39633278952540734,0.0,0.71,0.29,0.0,0.43436062316970225
39633278948346631,0.0,0.2,0.8,0.0,0.36096404744368116
39633267665668573,0.03,0.95,0.02,0.0,0.1674722434193448
39633278948344230,0.0,0.52,0.48,0.0,0.4994227679976009
39633300976829561,0.0,0.18,0.82,0.0,0.34003852286413994
39633278948344372,0.0,0.72,0.28,0.0,0.4277254052800653
39633300976830140,0.0,0.69,0.31,0.0,0.4465867291889284
39633293716491227,0.0,0.11,0.89,0.0,0.249957979082264
39633300976829446,0.0,0.2,0.8,0.0,0.36096404744368116
39633297352951972,0.0,0.99,0.01,0.0,0.04039656794795559
39633300964247296,0.0,0.15,0.85,0.0,0.3049201523582002
39633286393234741,0.0,0.62,0.38,0.0,0.47902101111314976
39633293716491384,0.0,0.05,0.92,0.03,0.239266955218135
39633290071640996,0.0,0.04,0.96,0.0,0.12114609454120741
39633267665668065,0.0,0.1,0.9,0.0,0.2344977967946406
39633282664498490,0.0,0.27,0.73,0.0,0.42073231810408784
39633297369728701,0.0,0.99,0.01,0.0,0.04039656794795559
39633300955860202,0.0,0.06,0.94,0.0,0.16372245957723813
39633278944151368,0.0,0.94,0.06,0.0,0.16372245957723813
39633278965122238,0.0,0.28,0.72,0.0,0.4277254052800653
39633278935763462,0.01,0.84,0.15,0.0,0.3441379826496441
39633293703906530,0.0,0.76,0.24,0.0,0.39752013969226113
39633267657279796,0.0,0.2,0.8,0.0,0.36096404744368116
39633271457317173,0.0,0.32,0.68,0.0,0.45219072886224687
39633300976829431,0.0,0.52,0.48,0.0,0.4994227679976009
39633278969318385,0.0,0.83,0.17,0.0,0.32885238937210975
39633286363876469,0.0,0.04,0.96,0.0,0.12114609454120741
39633271457317256,0.0,0.55,0.45,0.0,0.49638722699390414
39633300981023921,0.0,0.12,0.88,0.0,0.2646804326436822
39633278935763284,0.0,0.9,0.1,0.0,0.2344977967946406
39633267674055147,0.0,0.07,0.89,0.04,0.3019692958352992
39633267682444430,0.0,0.6,0.4,0.0,0.4854752972273343
39633290046473762,0.0,0.52,0.48,0.0,0.4994227679976009
39633278931569983,0.0,0.53,0.47,0.0,0.4987007942838698
39633278927375789,0.0,0.98,0.02,0.0,0.07072027127091034
39633290071640043,0.0,0.71,0.29,0.0,0.43436062316970225
39633278944151754,0.0,0.65,0.35,0.0,0.4670340276877455
39633275223805009,0.0,0.82,0.18,0.0,0.34003852286413994
39633271465705938,0.0,0.03,0.97,0.0,0.0971959289157881
39633290071640102,0.0,0.51,0.49,0.0,0.49985572087640495
39633271457317185,0.0,0.46,0.54,0.0,0.49768921941011285
39633278944151591,0.0,0.77,0.23,0.0,0.38900565177326885
39633271444735833,0.0,0.39,0.61,0.0,0.4823997742525436
39633297340368193,0.0,0.88,0.12,0.0,0.2646804326436822
39633275202832996,0.0,0.15,0.85,0.0,0.3049201523582002
39633300976830083,0.0,0.22,0.78,0.0,0.38008375148098283
39633278948345403,0.0,0.06,0.94,0.0,0.16372245957723813
39633282656109897,0.0,0.32,0.68,0.0,0.45219072886224687
39633290071638394,0.0,0.62,0.38,0.0,0.47902101111314976
39633267665668425,0.0,0.6,0.4,0.0,0.4854752972273343
39633278969318037,0.0,0.01,0.99,0.0,0.04039656794795559
39633300976829895,0.0,0.57,0.43,0.0,0.4929075185894599
39633278944151525,0.0,0.65,0.35,0.0,0.4670340276877455
39633300955859183,0.0,0.11,0.89,0.0,0.249957979082264
39633300955859324,0.0,0.71,0.29,0.0,0.43436062316970225
39633300981024200,0.0,0.17,0.83,0.0,0.32885238937210975
39633300976828614,0.0,0.21,0.79,0.0,0.37074136996563684
39633275198638130,0.0,0.25,0.75,0.0,0.4056390622295664
39633286351291313,0.01,0.98,0.01,0.0,0.08072027127091033
39633290042279172,0.0,0.0,0.95,0.05,0.14319847855797813
39633278965122615,0.0,0.45,0.55,0.0,0.49638722699390414
39633286380652586,0.0,0.94,0.06,0.0,0.16372245957723813
39633300964245961,0.0,0.72,0.28,0.0,0.4277254052800653
39633293729072981,0.0,0.93,0.07,0.0,0.18296182545011158
39633282651915546,0.0,0.86,0.14,0.0,0.292119405821428
39633290033890213,0.0,0.84,0.16,0.0,0.3171547773202831
39633290033890211,0.0,0.53,0.47,0.0,0.4987007942838698
39633290050669425,0.0,0.73,0.27,0.0,0.42073231810408784
39633293716491134,0.0,0.78,0.22,0.0,0.38008375148098283
39633267682444942,0.01,0.99,0.0,0.0,0.04039656794795559
39633308136507115,0.0,0.04,0.96,0.0,0.12114609454120741
39633275194444337,0.0,0.03,0.97,0.0,0.0971959289157881
39633304567153113,0.0,0.03,0.97,0.0,0.0971959289157881
39633267682443694,0.0,0.72,0.28,0.0,0.4277254052800653
39633271436348181,0.0,0.05,0.95,0.0,0.14319847855797813
39633271461511275,0.0,0.28,0.72,0.0,0.4277254052800653
39633271461514556,0.0,0.02,0.98,0.0,0.07072027127091034
39633278931570109,0.0,0.6,0.4,0.0,0.4854752972273343
39633293729072912,0.0,0.15,0.85,0.0,0.3049201523582002
39633275190249454,0.0,0.3,0.7,0.0,0.44064544961534635
39633278935763212,0.0,0.03,0.97,0.0,0.0971959289157881
39633290042278559,0.0,0.0,0.83,0.17,0.32885238937210975
39633290071640903,0.0,0.1,0.9,0.0,0.2344977967946406
39633267682443787,0.0,0.9,0.1,0.0,0.2344977967946406
39633275223804132,0.0,0.53,0.47,0.0,0.4987007942838698
39633275223804049,0.0,0.03,0.96,0.01,0.13737165703039006
39633300955860452,0.0,0.48,0.52,0.0,0.4994227679976009
39633286384846215,0.0,0.2,0.8,0.0,0.36096404744368116
39633275223803842,0.0,0.07,0.93,0.0,0.18296182545011158
39633271436348540,0.0,0.28,0.72,0.0,0.4277254052800653
39633275190250793,0.0,0.28,0.72,0.0,0.4277254052800653
39633297365536156,0.0,0.4,0.6,0.0,0.4854752972273343
39633297336174510,0.0,0.01,0.98,0.01,0.08072027127091033
39633275190250895,0.0,0.0,0.99,0.01,0.04039656794795559
39633275223803892,0.0,0.36,0.64,0.0,0.4713415946277461
39633278956735747,0.0,0.97,0.03,0.0,0.0971959289157881
39633297348757059,0.0,0.8,0.2,0.0,0.36096404744368116
39633286351291258,0.0,0.79,0.21,0.0,0.37074136996563684
39633275215415040,0.0,0.19,0.81,0.0,0.3507357299419487
39633275215415247,0.0,0.0,1.0,0.0,-0.0
39633282651916922,0.0,0.97,0.03,0.0,0.0971959289157881
39633300964247175,0.0,0.54,0.46,0.0,0.49768921941011285
39633278927375569,0.0,0.0,0.99,0.01,0.04039656794795559
39633290033890378,0.0,0.0,0.92,0.08,0.2010895951011364
39633267657280976,0.0,0.97,0.03,0.0,0.0971959289157881
39633267665666881,0.0,0.0,0.98,0.02,0.07072027127091034
39633278931569333,0.0,0.23,0.77,0.0,0.38900565177326885
39633297336172912,0.0,0.59,0.41,0.0,0.488250234378912
39633286389042571,0.0,0.1,0.9,0.0,0.2344977967946406
39633271465706918,0.0,0.43,0.57,0.0,0.4929075185894599
39633300972637553,0.0,0.88,0.12,0.0,0.2646804326436822
39633297336172898,0.0,0.01,0.99,0.0,0.04039656794795559
39633304558764783,0.0,0.0,1.0,0.0,-0.0
39633278956735526,0.0,0.7,0.3,0.0,0.44064544961534635
39633267661475494,0.0,0.92,0.08,0.0,0.2010895951011364
39633282681277659,0.0,0.29,0.71,0.0,0.43436062316970225
39633282681277702,0.0,0.6,0.4,0.0,0.4854752972273343
39633267665666892,0.0,0.16,0.84,0.0,0.3171547773202831
39633293708099657,0.0,0.86,0.14,0.0,0.292119405821428
39633293708099667,0.0,0.17,0.83,0.0,0.32885238937210975
39633278939958173,0.0,0.25,0.75,0.0,0.4056390622295664
39633275198637432,0.0,0.12,0.88,0.0,0.2646804326436822
39633293716490477,0.0,0.03,0.97,0.0,0.0971959289157881
39633267678251788,0.01,0.57,0.42,0.0,0.5271677820668714
39633267682446397,0.0,0.05,0.95,0.0,0.14319847855797813
39633267682444916,0.0,0.13,0.87,0.0,0.2787190925139945
39633293720683420,0.0,0.06,0.94,0.0,0.16372245957723813
39633293720683500,0.0,0.52,0.48,0.0,0.4994227679976009
39633278927372462,0.0,0.96,0.04,0.0,0.12114609454120741
39633267682446425,0.0,0.63,0.37,0.0,0.47533604634353294
39633278935762144,0.0,0.26,0.74,0.0,0.4133731862463089
39633275223804993,0.0,0.11,0.89,0.0,0.249957979082264
39633282685469175,0.0,0.07,0.93,0.0,0.18296182545011158
39633267669860770,0.01,0.88,0.11,0.0,0.28950944366190023
39633286351291916,0.0,0.78,0.22,0.0,0.38008375148098283
39633286359679865,0.0,0.22,0.78,0.0,0.38008375148098283
39633278948344472,0.0,0.02,0.97,0.01,0.11097036642660543
39633275207025392,0.0,0.11,0.89,0.0,0.249957979082264
39633267669860559,0.0,0.47,0.53,0.0,0.4987007942838698
39633267669860750,0.0,0.35,0.65,0.0,0.4670340276877455
39633300964248749,0.0,0.11,0.89,0.0,0.249957979082264
39633297369728013,0.0,0.12,0.88,0.0,0.2646804326436822
39633278948347422,0.0,0.14,0.86,0.0,0.292119405821428
39633282685471550,0.0,0.44,0.56,0.0,0.4947937606110278
39633278960926986,0.0,0.18,0.82,0.0,0.34003852286413994
39633293708100197,0.0,0.11,0.89,0.0,0.249957979082264
39633282677080934,0.01,0.91,0.08,0.0,0.24088153359695552
39633278948347415,0.0,0.06,0.94,0.0,0.16372245957723813
39633275227998926,0.0,0.39,0.61,0.0,0.4823997742525436
39633278935763678,0.0,0.0,0.94,0.06,0.16372245957723813
39633275227998779,0.0,0.15,0.85,0.0,0.3049201523582002
39633275227998786,0.0,0.01,0.89,0.1,0.27413031336294724
39633290033890441,0.0,0.41,0.59,0.0,0.488250234378912
39633278948347379,0.0,0.21,0.79,0.0,0.37074136996563684
39633278935761519,0.0,0.26,0.74,0.0,0.4133731862463089
39633290063250368,0.0,0.0,1.0,0.0,-0.0
39633293703906856,0.0,0.39,0.61,0.0,0.4823997742525436
39633308136508785,0.0,0.83,0.17,0.0,0.32885238937210975
39633293703907176,0.0,0.14,0.86,0.0,0.292119405821428
39633271448929483,0.0,0.0,0.99,0.01,0.04039656794795559
39633300976828952,0.0,0.13,0.87,0.0,0.2787190925139945
39633278948347289,0.0,0.0,0.98,0.02,0.07072027127091034
39633293729072539,0.0,0.02,0.98,0.0,0.07072027127091034
39633293708100465,0.0,0.32,0.68,0.0,0.45219072886224687
39633297344564486,0.0,0.38,0.62,0.0,0.47902101111314976
39633282693858171,0.0,0.02,0.98,0.0,0.07072027127091034
39633293703906848,0.0,0.42,0.58,0.0,0.49072694751682683
39633282685469598,0.0,0.11,0.88,0.01,0.28950944366190023
39633267669860516,0.0,0.72,0.28,0.0,0.4277254052800653
39633282689666537,0.0,0.43,0.57,0.0,0.4929075185894599
39633293703907863,0.0,0.7,0.3,0.0,0.44064544961534635
39633297352952892,0.0,0.52,0.48,0.0,0.4994227679976009
39633278948344578,0.0,0.97,0.03,0.0,0.0971959289157881
39633293691324994,0.0,0.75,0.25,0.0,0.4056390622295664
39633304562959250,0.0,0.51,0.49,0.0,0.49985572087640495
39633293703907760,0.0,0.29,0.71,0.0,0.43436062316970225
39633304562958982,0.0,1.0,0.0,0.0,-0.0
39633304562958973,0.0,0.33,0.67,0.0,0.4574631863898637
39633267665669220,0.0,0.05,0.93,0.02,0.21317104534994366
39633267665669229,0.0,0.45,0.55,0.0,0.49638722699390414
39633278939958434,0.0,0.01,0.99,0.0,0.04039656794795559
39633278927375623,0.0,0.93,0.07,0.0,0.18296182545011158
39633267669860541,0.0,0.12,0.88,0.0,0.2646804326436822
39633278965123997,0.0,0.57,0.43,0.0,0.4929075185894599
39633300955859956,0.0,0.56,0.44,0.0,0.4947937606110278
39633267665669504,0.0,0.85,0.15,0.0,0.3049201523582002
39633293691324923,0.0,0.14,0.86,0.0,0.292119405821428
39633300985219331,0.0,0.6,0.4,0.0,0.4854752972273343
39633297340367900,0.0,0.0,1.0,0.0,-0.0
39633267657281136,0.0,0.01,0.96,0.03,0.13737165703039006
39633293691325090,0.0,0.24,0.76,0.0,0.39752013969226113
39633300985219253,0.0,0.99,0.01,0.0,0.04039656794795559
39633278935761430,0.0,0.96,0.04,0.0,0.12114609454120741
39633293708100707,0.0,0.57,0.43,0.0,0.4929075185894599
39633271465706768,0.0,0.01,0.9,0.09,0.2579475764741046
39633300960051449,0.0,0.12,0.88,0.0,0.2646804326436822
39633267657281169,0.0,0.79,0.21,0.0,0.37074136996563684
39633282693858126,0.0,0.51,0.49,0.0,0.49985572087640495
39633282668693643,0.0,0.97,0.03,0.0,0.0971959289157881
39633290067444558,0.01,0.99,0.0,0.0,0.04039656794795559
39633286351290966,0.0,0.92,0.08,0.0,0.2010895951011364
39633282668693631,0.0,0.48,0.52,0.0,0.4994227679976009
39633297336174342,0.0,0.07,0.93,0.0,0.18296182545011158
39633297344564180,0.0,0.14,0.86,0.0,0.292119405821428
39633286355488430,0.0,0.21,0.79,0.0,0.37074136996563684
39633271461511925,0.0,0.3,0.7,0.0,0.44064544961534635
39633278944153143,0.01,0.97,0.02,0.0,0.11097036642660543
39633286355488608,0.0,0.03,0.97,0.0,0.0971959289157881
39633297336172763,0.0,0.01,0.95,0.04,0.16124668093016215
39633271461511576,0.0,0.24,0.76,0.0,0.39752013969226113
39633275215415786,0.0,0.18,0.81,0.01,0.37899559358928114
39633278969315959,0.0,0.72,0.28,0.0,0.4277254052800653
39633286355488381,0.0,0.01,0.94,0.05,0.1832231322266888
39633297336173916,0.0,0.29,0.71,0.0,0.43436062316970225
39633275186054688,0.0,0.27,0.73,0.0,0.42073231810408784
39633300964246957,0.0,0.67,0.33,0.0,0.4574631863898637
39633271440542424,0.0,0.69,0.31,0.0,0.4465867291889284
39633278923181786,0.0,0.05,0.95,0.0,0.14319847855797813
39633278923181833,0.0,0.84,0.16,0.0,0.3171547773202831
39633304558764823,0.0,0.0,0.98,0.02,0.07072027127091034
39633304562958683,0.0,0.0,1.0,0.0,-0.0
39633297336176117,0.0,0.86,0.14,0.0,0.292119405821428
39633282647721610,0.0,0.99,0.01,0.0,0.04039656794795559
39633278931569194,0.0,0.18,0.82,0.0,0.34003852286413994
39633271465707922,0.0,0.9,0.1,0.0,0.2344977967946406
39633297336175597,0.0,0.68,0.32,0.0,0.45219072886224687
39633278931569356,0.0,0.8,0.2,0.0,0.36096404744368116
39633297336175589,0.0,0.25,0.75,0.0,0.4056390622295664
39633297336175345,0.0,0.43,0.57,0.0,0.4929075185894599
39633300968439884,0.0,0.0,1.0,0.0,-0.0
39633297336173022,0.0,0.91,0.09,0.0,0.21823490853205144
39633271432152655,0.0,0.97,0.03,0.0,0.0971959289157881
39633293712295388,0.0,0.03,0.96,0.01,0.13737165703039006
39633282668693776,0.0,0.59,0.41,0.0,0.488250234378912
39633293729073526,0.0,0.08,0.92,0.0,0.2010895951011364
39633290059057222,0.0,0.3,0.7,0.0,0.44064544961534635
39633278931569065,0.0,0.0,1.0,0.0,-0.0
39633278969315902,0.0,0.76,0.24,0.0,0.39752013969226113
39633297336175728,0.0,0.84,0.16,0.0,0.3171547773202831
39633278935761744,0.0,0.99,0.01,0.0,0.04039656794795559
39633293712295894,0.0,0.35,0.65,0.0,0.4670340276877455
39633286363875704,0.0,0.7,0.3,0.0,0.44064544961534635
39633300976830341,0.0,0.08,0.92,0.0,0.2010895951011364
39633293712295863,0.0,0.1,0.9,0.0,0.2344977967946406
39633271465707658,0.0,0.98,0.02,0.0,0.07072027127091034
39633297340369031,0.0,0.72,0.28,0.0,0.4277254052800653
39633300964246908,0.0,0.17,0.83,0.0,0.32885238937210975
39633278923181968,0.0,0.33,0.67,0.0,0.4574631863898637
39633297336172769,0.0,0.44,0.56,0.0,0.4947937606110278
39633300964246192,0.0,0.73,0.27,0.0,0.42073231810408784
39633293729073599,0.0,0.64,0.36,0.0,0.4713415946277461
39633290059057026,0.0,0.25,0.75,0.0,0.4056390622295664
39633282668693778,0.0,0.69,0.31,0.0,0.4465867291889284
39633300964248564,0.0,0.01,0.99,0.0,0.04039656794795559
39633267653086671,0.0,0.99,0.01,0.0,0.04039656794795559
39633297352952927,0.0,0.06,0.94,0.0,0.16372245957723813
39633293716490414,0.01,0.98,0.01,0.0,0.08072027127091033
39633271461514087,0.0,0.2,0.8,0.0,0.36096404744368116
39633282681277551,0.0,0.11,0.89,0.0,0.249957979082264
39633300981024899,0.0,0.0,1.0,0.0,-0.0
39633300964246151,0.0,0.07,0.93,0.0,0.18296182545011158
39633275194442731,0.0,0.67,0.33,0.0,0.4574631863898637
39633275194442781,0.0,0.63,0.37,0.0,0.47533604634353294
39633282668693364,0.0,0.58,0.42,0.0,0.49072694751682683
39633271469899866,0.0,0.07,0.93,0.0,0.18296182545011158
39633282681276658,0.0,0.02,0.98,0.0,0.07072027127091034
39633286363874686,0.0,0.0,0.98,0.02,0.07072027127091034
39633300981024984,0.0,0.18,0.81,0.01,0.37899559358928114
39633297344561889,0.0,0.47,0.53,0.0,0.4987007942838698
39633286363874854,0.0,0.06,0.94,0.0,0.16372245957723813
39633297340370287,0.0,0.19,0.81,0.0,0.3507357299419487
39633267653086866,0.0,0.96,0.04,0.0,0.12114609454120741
39633297340370152,0.0,0.81,0.19,0.0,0.3507357299419487
39633297340370465,0.0,0.08,0.91,0.01,0.24088153359695552
39633308140699717,0.0,0.65,0.35,0.0,0.4670340276877455
39633297336174975,0.0,0.76,0.24,0.0,0.39752013969226113
39633286355488392,0.0,0.29,0.71,0.0,0.43436062316970225
39633300981025101,0.0,0.7,0.3,0.0,0.44064544961534635
39633290075835044,0.0,0.65,0.35,0.0,0.4670340276877455
39633282672886767,0.0,0.0,0.99,0.01,0.04039656794795559
39633300964248778,0.0,0.1,0.9,0.0,0.2344977967946406
39633297331981257,0.0,0.03,0.97,0.0,0.0971959289157881
39633271432153174,0.0,0.34,0.66,0.0,0.46240935248651505
39633271432153163,0.0,0.57,0.43,0.0,0.4929075185894599
39633290050666908,0.0,0.53,0.47,0.0,0.4987007942838698
39633290050666807,0.0,0.98,0.02,0.0,0.07072027127091034
39633267661475557,0.0,0.83,0.17,0.0,0.32885238937210975
39633267657278409,0.0,0.32,0.68,0.0,0.45219072886224687
39633267682444727,0.0,0.91,0.09,0.0,0.21823490853205144
39633267665666554,0.0,0.09,0.89,0.02,0.2875800930424113
39633267682444922,0.0,0.79,0.21,0.0,0.37074136996563684
39633300951663626,0.0,1.0,0.0,0.0,-0.0
39633300951664505,0.0,0.64,0.36,0.0,0.4713415946277461
39633267682444726,0.0,0.42,0.58,0.0,0.49072694751682683
39633300951664071,0.0,0.48,0.52,0.0,0.4994227679976009
39633267678251594,0.0,0.87,0.13,0.0,0.2787190925139945
39633300951664698,0.0,0.69,0.31,0.0,0.4465867291889284
39633300951664459,0.0,0.14,0.86,0.0,0.292119405821428
39633300951663901,0.0,0.43,0.57,0.0,0.4929075185894599
39633267682444826,0.0,0.72,0.28,0.0,0.4277254052800653
39633267661473724,0.0,0.6,0.4,0.0,0.4854752972273343
39633300955859334,0.0,0.75,0.25,0.0,0.4056390622295664
39633267682444360,0.0,0.02,0.98,0.0,0.07072027127091034
39633286359680181,0.0,0.72,0.28,0.0,0.4277254052800653
39633293703907297,0.0,0.0,0.94,0.06,0.16372245957723813
39633293708100364,0.0,0.81,0.19,0.0,0.3507357299419487
39633297348757752,0.0,0.35,0.65,0.0,0.4670340276877455
39633300951664145,0.0,0.36,0.64,0.0,0.4713415946277461
39633297369728801,0.0,0.82,0.18,0.0,0.34003852286413994
39633290063249962,0.0,0.26,0.74,0.0,0.4133731862463089
39633286359679877,0.0,0.41,0.59,0.0,0.488250234378912
39633278965124092,0.0,0.0,1.0,0.0,-0.0
39633278960929635,0.0,0.01,0.99,0.0,0.04039656794795559
39633300951664384,0.0,0.77,0.23,0.0,0.38900565177326885
39633271432152215,0.0,0.91,0.09,0.0,0.21823490853205144
39633290038086887,0.0,0.72,0.28,0.0,0.4277254052800653
39633290063249437,0.0,0.2,0.8,0.0,0.36096404744368116
39633286363876293,0.0,0.39,0.61,0.0,0.4823997742525436
39633271453125496,0.0,0.7,0.3,0.0,0.44064544961534635
39633271432152377,0.0,0.74,0.26,0.0,0.4133731862463089
39633293708099621,0.0,0.65,0.35,0.0,0.4670340276877455
39633275190250424,0.0,0.0,0.79,0.21,0.37074136996563684
39633271432152259,0.0,0.71,0.29,0.0,0.43436062316970225
39633282681276788,0.0,0.96,0.04,0.0,0.12114609454120741
39633297336173101,0.0,0.0,0.99,0.01,0.04039656794795559
39633286363875096,0.0,0.15,0.85,0.0,0.3049201523582002
39633271453125630,0.0,0.01,0.99,0.0,0.04039656794795559
39633271432152088,0.0,0.19,0.81,0.0,0.3507357299419487
39633278931570139,0.0,0.02,0.98,0.0,0.07072027127091034
39633286359680268,0.0,1.0,0.0,0.0,-0.0
39633293703908055,0.0,0.16,0.84,0.0,0.3171547773202831
39633275223804398,0.0,0.01,0.99,0.0,0.04039656794795559
39633293703907082,0.0,0.54,0.46,0.0,0.49768921941011285
39633300976829484,0.0,0.42,0.58,0.0,0.49072694751682683
39633282681276880,0.0,0.68,0.32,0.0,0.45219072886224687
39633300951664269,0.0,0.96,0.04,0.0,0.12114609454120741
39633290063250062,0.0,0.97,0.03,0.0,0.0971959289157881
39633293703907370,0.0,0.51,0.49,0.0,0.49985572087640495
39633293708099624,0.0,0.29,0.71,0.0,0.43436062316970225
39633275190250357,0.0,0.81,0.19,0.0,0.3507357299419487
39633290067444854,0.0,0.29,0.71,0.0,0.43436062316970225
39633293712294456,0.0,0.03,0.94,0.03,0.19372245957723813
39633278965123289,0.0,0.21,0.79,0.0,0.37074136996563684
39633267653086839,0.0,1.0,0.0,0.0,-0.0
39633267661475935,0.0,0.46,0.54,0.0,0.49768921941011285
39633271427960174,0.0,0.65,0.35,0.0,0.4670340276877455
39633300964246198,0.0,0.53,0.47,0.0,0.4987007942838698
39633300976830199,0.0,0.69,0.31,0.0,0.4465867291889284
39633286363874717,0.0,0.44,0.56,0.0,0.4947937606110278
39633293720683199,0.0,0.89,0.11,0.0,0.249957979082264
39633300964246522,0.0,0.02,0.92,0.06,0.23354072007950172
39633271432153195,0.0,0.01,0.99,0.0,0.04039656794795559
39633278935764132,0.0,0.54,0.46,0.0,0.49768921941011285
39633297336173280,0.0,0.63,0.37,0.0,0.47533604634353294
39633293703905533,0.0,0.06,0.94,0.0,0.16372245957723813
39633297348757892,0.0,0.05,0.95,0.0,0.14319847855797813
39633308136506875,0.0,0.78,0.22,0.0,0.38008375148098283
39633293703907114,0.0,0.39,0.61,0.0,0.4823997742525436
39633300964249253,0.0,0.9,0.1,0.0,0.2344977967946406
39633278935762383,0.0,0.32,0.68,0.0,0.45219072886224687
39633293729072904,0.0,0.29,0.71,0.0,0.43436062316970225
39633278965123419,0.0,0.0,0.99,0.01,0.04039656794795559
39633293729072888,0.0,0.17,0.83,0.0,0.32885238937210975
39633278935761688,0.0,0.04,0.96,0.0,0.12114609454120741
39633271432152873,0.0,0.23,0.77,0.0,0.38900565177326885
39633271432152615,0.0,0.89,0.11,0.0,0.249957979082264
39633300955859892,0.0,0.71,0.29,0.0,0.43436062316970225
39633290063249957,0.0,0.04,0.96,0.0,0.12114609454120741
39633282681276762,0.0,0.05,0.95,0.0,0.14319847855797813
39633282681276732,0.0,0.14,0.86,0.0,0.292119405821428
39633290050666970,0.0,0.14,0.86,0.0,0.292119405821428
39633300964245995,0.0,0.41,0.59,0.0,0.488250234378912
39633297336175879,0.0,0.9,0.1,0.0,0.2344977967946406
39633275186054451,0.0,0.99,0.01,0.0,0.04039656794795559
39633263861435422,0.04,0.95,0.01,0.0,0.16124668093016215
39633271432152785,0.0,0.09,0.91,0.0,0.21823490853205144
39633278944151382,0.0,1.0,0.0,0.0,-0.0
39633267661475569,0.0,0.36,0.64,0.0,0.4713415946277461
39633293720685368,0.0,0.78,0.22,0.0,0.38008375148098283
39633271465709439,0.0,0.09,0.88,0.03,0.3133571201112301
39633293720685362,0.0,0.99,0.01,0.0,0.04039656794795559
39633271465709305,0.0,0.8,0.2,0.0,0.36096404744368116
39633275219610531,0.0,0.11,0.89,0.0,0.249957979082264
39633293729072349,0.0,0.99,0.01,0.0,0.04039656794795559
39633300951664646,0.0,0.26,0.74,0.0,0.4133731862463089
39633293729072405,0.0,0.66,0.34,0.0,0.46240935248651505
39633290033890770,0.0,0.02,0.97,0.01,0.11097036642660543
39633271465709532,0.0,0.93,0.07,0.0,0.18296182545011158
39633271465709125,0.0,0.63,0.37,0.0,0.47533604634353294
39633293720685234,0.0,0.2,0.8,0.0,0.36096404744368116
39633271465709350,0.0,0.11,0.89,0.0,0.249957979082264
39633275219610510,0.0,0.32,0.68,0.0,0.45219072886224687
39633300951664483,0.0,1.0,0.0,0.0,-0.0
39633267657279571,0.0,1.0,0.0,0.0,-0.0
39633278948347028,0.0,0.04,0.96,0.0,0.12114609454120741
39633267657279607,0.0,0.07,0.93,0.0,0.18296182545011158
39633271440542129,0.0,0.0,1.0,0.0,-0.0
39633297357145995,0.0,0.05,0.95,0.0,0.14319847855797813
39633278948347025,0.0,0.98,0.02,0.0,0.07072027127091034
39633286380651390,0.0,0.17,0.83,0.0,0.32885238937210975
39633290033891107,0.0,0.4,0.6,0.0,0.4854752972273343
39633271440541737,0.0,0.24,0.76,0.0,0.39752013969226113
39633275194442341,0.0,0.15,0.85,0.0,0.3049201523582002
39633297352951626,0.0,0.99,0.01,0.0,0.04039656794795559
39633286380651400,0.0,0.03,0.95,0.02,0.1674722434193448
39633271440542163,0.0,0.58,0.42,0.0,0.49072694751682683
39633278948347146,0.0,0.67,0.33,0.0,0.4574631863898637
39633278948347088,0.0,0.35,0.65,0.0,0.4670340276877455
39633300960052266,0.0,0.34,0.66,0.0,0.46240935248651505
39633275194444553,0.0,0.17,0.83,0.0,0.32885238937210975
39633300955858203,0.0,0.27,0.73,0.0,0.42073231810408784
39633297357145045,0.0,0.01,0.97,0.02,0.11097036642660543
39633275211222285,0.0,0.03,0.97,0.0,0.0971959289157881
39633275211220305,0.0,0.83,0.17,0.0,0.32885238937210975
39633271457319090,0.0,0.78,0.22,0.0,0.38008375148098283
39633271444734812,0.0,0.37,0.63,0.0,0.47533604634353294
39633278969316258,0.0,0.02,0.98,0.0,0.07072027127091034
39633293703906954,0.0,0.97,0.03,0.0,0.0971959289157881
39633290042279093,0.0,0.35,0.65,0.0,0.4670340276877455
39633297369727606,0.0,0.76,0.24,0.0,0.39752013969226113
39633282660304439,0.0,0.74,0.26,0.0,0.4133731862463089
39633297369727682,0.0,0.63,0.37,0.0,0.47533604634353294
39633297369728410,0.0,0.03,0.97,0.0,0.0971959289157881
39633271465705703,0.0,0.87,0.13,0.0,0.2787190925139945
39633278969316561,0.0,0.51,0.49,0.0,0.49985572087640495
39633293699711339,0.0,0.0,0.98,0.02,0.07072027127091034
39633275211222584,0.0,0.59,0.41,0.0,0.488250234378912
39633293720682638,0.0,0.13,0.87,0.0,0.2787190925139945
39633290042278204,0.0,0.5,0.5,0.0,0.5
39633275198636179,0.0,0.25,0.75,0.0,0.4056390622295664
39633304567153293,0.0,0.98,0.02,0.0,0.07072027127091034
39633304567153443,0.0,0.06,0.94,0.0,0.16372245957723813
39633275211222166,0.0,0.0,0.98,0.02,0.07072027127091034
39633297352952750,0.0,0.15,0.85,0.0,0.3049201523582002
39633304562961793,0.0,0.88,0.12,0.0,0.2646804326436822
39633304562961727,0.0,0.17,0.83,0.0,0.32885238937210975
39633275211222258,0.0,0.06,0.94,0.0,0.16372245957723813
39633304562961756,0.0,0.19,0.81,0.0,0.3507357299419487
39633282689666042,0.0,0.6,0.4,0.0,0.4854752972273343
39633282672888648,0.0,0.99,0.01,0.0,0.04039656794795559
39633290046472786,0.0,0.99,0.01,0.0,0.04039656794795559
39633300964246565,0.0,0.83,0.17,0.0,0.32885238937210975
39633286380651668,0.0,0.04,0.96,0.0,0.12114609454120741
39633290042277970,0.0,0.26,0.74,0.0,0.4133731862463089
39633304567153525,0.0,0.33,0.67,0.0,0.4574631863898637
39633304567153600,0.0,0.05,0.95,0.0,0.14319847855797813
39633275198636474,0.0,0.53,0.47,0.0,0.4987007942838698
39633304558767060,0.0,0.2,0.8,0.0,0.36096404744368116
39633282660306177,0.0,0.01,0.99,0.0,0.04039656794795559
39633304558766094,0.0,0.44,0.56,0.0,0.4947937606110278
39633290038085419,0.0,0.22,0.78,0.0,0.38008375148098283
39633290075833627,0.0,0.64,0.36,0.0,0.4713415946277461
39633271444734742,0.0,0.84,0.16,0.0,0.3171547773202831
39633300972634867,0.0,0.14,0.86,0.0,0.292119405821428
39633300964245875,0.0,0.95,0.05,0.0,0.14319847855797813
39633278952538741,0.0,0.43,0.57,0.0,0.4929075185894599
39633293703906586,0.0,0.99,0.01,0.0,0.04039656794795559
39633300976829427,0.0,0.04,0.96,0.0,0.12114609454120741
39633300960052624,0.0,0.7,0.3,0.0,0.44064544961534635
39633278952538862,0.0,0.6,0.4,0.0,0.4854752972273343
39633300976829413,0.0,0.0,0.97,0.03,0.0971959289157881
39633293720685707,0.0,0.1,0.9,0.0,0.2344977967946406
39633293699714206,0.0,0.02,0.97,0.01,0.11097036642660543
39633293695518652,0.0,0.15,0.85,0.0,0.3049201523582002
39633293695518774,0.0,0.42,0.58,0.0,0.49072694751682683
39633282668692182,0.0,0.32,0.68,0.0,0.45219072886224687
39633282668692176,0.0,0.29,0.71,0.0,0.43436062316970225
39633282668691964,0.0,0.14,0.86,0.0,0.292119405821428
39633267661475502,0.0,0.04,0.96,0.0,0.12114609454120741
39633286363874998,0.0,0.12,0.88,0.0,0.2646804326436822
39633275215414649,0.0,0.67,0.33,0.0,0.4574631863898637
39633275219610535,0.0,0.24,0.76,0.0,0.39752013969226113
39633271469899932,0.0,0.82,0.18,0.0,0.34003852286413994
39633300976831349,0.0,0.54,0.46,0.0,0.49768921941011285
39633293712296056,0.0,1.0,0.0,0.0,-0.0
39633275227998529,0.0,1.0,0.0,0.0,-0.0
39633290067443835,0.0,0.89,0.11,0.0,0.249957979082264
39633300964245977,0.0,0.3,0.7,0.0,0.44064544961534635
39633300976831054,0.0,0.22,0.78,0.0,0.38008375148098283
39633275215414741,0.0,0.02,0.97,0.01,0.11097036642660543
39633286389040813,0.0,0.04,0.96,0.0,0.12114609454120741
39633300964245953,0.0,0.08,0.92,0.0,0.2010895951011364
39633293691325364,0.0,0.69,0.31,0.0,0.4465867291889284
39633308144895811,0.0,0.97,0.03,0.0,0.0971959289157881
39633293712295771,0.0,0.5,0.5,0.0,0.5
39633293712295803,0.0,0.04,0.96,0.0,0.12114609454120741
39633278948346710,0.0,0.15,0.85,0.0,0.3049201523582002
39633293724879676,0.0,0.7,0.3,0.0,0.44064544961534635
39633293729073236,0.0,0.53,0.47,0.0,0.4987007942838698
39633275223802227,0.0,0.33,0.67,0.0,0.4574631863898637
39633290038086548,0.0,0.0,1.0,0.0,-0.0
39633300964245869,0.0,0.26,0.74,0.0,0.4133731862463089
39633293729073207,0.0,0.02,0.98,0.0,0.07072027127091034
39633282668693130,0.0,0.1,0.9,0.0,0.2344977967946406
39633297373923949,0.0,0.95,0.05,0.0,0.14319847855797813
39633278939955461,0.0,0.14,0.86,0.0,0.292119405821428
39633271444734317,0.0,0.25,0.75,0.0,0.4056390622295664
39633271444734536,0.0,0.84,0.16,0.0,0.3171547773202831
39633271465709100,0.0,0.0,1.0,0.0,-0.0
39633278956735574,0.0,0.98,0.02,0.0,0.07072027127091034
39633290029698100,0.0,0.43,0.57,0.0,0.4929075185894599
39633293695517338,0.0,0.87,0.13,0.0,0.2787190925139945
39633282698051845,0.0,1.0,0.0,0.0,-0.0
39633271436347910,0.0,0.05,0.95,0.0,0.14319847855797813
39633282677081739,0.01,0.92,0.07,0.0,0.22283217282912027
39633304583930910,0.0,0.87,0.13,0.0,0.2787190925139945
39633300989412847,0.0,0.0,1.0,0.0,-0.0
39633297373921331,0.0,0.4,0.6,0.0,0.4854752972273343
39633293724879544,0.0,0.02,0.98,0.0,0.07072027127091034
39633282698051835,0.0,1.0,0.0,0.0,-0.0
39633304583930787,0.0,0.1,0.9,0.0,0.2344977967946406
39633278939955295,0.0,0.52,0.48,0.0,0.4994227679976009
39633278939955259,0.0,0.76,0.24,0.0,0.39752013969226113
39633278939955229,0.0,0.25,0.75,0.0,0.4056390622295664
39633297348758223,0.0,0.98,0.02,0.0,0.07072027127091034
39633282656112169,0.0,0.11,0.89,0.0,0.249957979082264
39633290075832561,0.0,0.24,0.76,0.0,0.39752013969226113
39633297336175981,0.0,0.97,0.03,0.0,0.0971959289157881
39633278960927413,0.0,0.01,0.99,0.0,0.04039656794795559
39633297369728320,0.0,0.66,0.34,0.0,0.46240935248651505
39633282672887071,0.0,0.1,0.9,0.0,0.2344977967946406
39633282672887150,0.0,0.89,0.11,0.0,0.249957979082264
39633304575541634,0.0,1.0,0.0,0.0,-0.0
39633293720685370,0.0,0.29,0.71,0.0,0.43436062316970225
39633275190250007,0.0,0.01,0.99,0.0,0.04039656794795559
39633271465705791,0.0,0.56,0.44,0.0,0.4947937606110278
39633267678251126,0.02,0.94,0.04,0.0,0.1912713345988728
39633275190250098,0.0,0.47,0.53,0.0,0.4987007942838698
39633271444736214,0.0,0.33,0.67,0.0,0.4574631863898637
39633297352951649,0.0,0.34,0.66,0.0,0.46240935248651505
39633293729072745,0.0,0.35,0.65,0.0,0.4670340276877455
39633290071638310,0.0,0.95,0.05,0.0,0.14319847855797813
39633290067443745,0.0,0.13,0.87,0.0,0.2787190925139945
39633290063250144,0.0,0.09,0.91,0.0,0.21823490853205144
39633271465705580,0.0,1.0,0.0,0.0,-0.0
39633278939957385,0.0,0.28,0.72,0.0,0.4277254052800653
39633275190250169,0.0,0.12,0.88,0.0,0.2646804326436822
39633275223803804,0.0,0.69,0.31,0.0,0.4465867291889284
39633271465705823,0.0,0.56,0.44,0.0,0.4947937606110278
39633290038087452,0.0,0.46,0.54,0.0,0.49768921941011285
39633278948345941,0.0,0.95,0.05,0.0,0.14319847855797813
39633271457320200,0.0,0.63,0.37,0.0,0.47533604634353294
39633271444736025,0.0,0.65,0.35,0.0,0.4670340276877455
39633297348756821,0.0,0.47,0.53,0.0,0.4987007942838698
39633300955858201,0.0,0.45,0.55,0.0,0.49638722699390414
39633293720685442,0.0,0.02,0.98,0.0,0.07072027127091034
39633286368070014,0.0,0.11,0.89,0.0,0.249957979082264
39633286368069427,0.0,0.61,0.39,0.0,0.4823997742525436
39633282668691639,0.0,0.55,0.45,0.0,0.49638722699390414
39633286368069718,0.0,0.42,0.58,0.0,0.49072694751682683
39633300964248727,0.0,0.2,0.8,0.0,0.36096404744368116
39633263861436069,0.0,0.97,0.03,0.0,0.0971959289157881
39633267653086358,0.0,0.23,0.77,0.0,0.38900565177326885
39633267661474070,0.0,0.63,0.37,0.0,0.47533604634353294
39633271440540798,0.0,0.09,0.91,0.0,0.21823490853205144
39633290063250299,0.01,0.97,0.02,0.0,0.11097036642660543
39633282672886036,0.0,0.25,0.75,0.0,0.4056390622295664
39633293733268573,0.0,0.12,0.88,0.0,0.2646804326436822
39633297352949795,0.0,0.04,0.96,0.0,0.12114609454120741
39633271440540710,0.0,0.22,0.78,0.0,0.38008375148098283
39633282672885963,0.0,0.02,0.97,0.01,0.11097036642660543
39633290071638358,0.0,0.81,0.19,0.0,0.3507357299419487
39633278956735188,0.0,0.83,0.17,0.0,0.32885238937210975
39633293724878722,0.0,0.16,0.84,0.0,0.3171547773202831
39633297336175798,0.0,0.06,0.94,0.0,0.16372245957723813
39633297369729795,0.0,0.84,0.16,0.0,0.3171547773202831
39633271465705533,0.0,0.11,0.89,0.0,0.249957979082264
39633278956734548,0.0,0.02,0.96,0.02,0.14114609454120738
39633275190250234,0.0,0.22,0.78,0.0,0.38008375148098283
39633271432152047,0.0,0.0,0.99,0.01,0.04039656794795559
39633286393233543,0.0,0.97,0.03,0.0,0.0971959289157881
39633304567152935,0.0,0.06,0.94,0.0,0.16372245957723813
39633304567152741,0.0,0.85,0.15,0.0,0.3049201523582002
39633278939958203,0.0,0.46,0.54,0.0,0.49768921941011285
39633267682443425,0.0,0.08,0.92,0.0,0.2010895951011364
39633267665669591,0.0,0.44,0.56,0.0,0.4947937606110278
39633267682446191,0.0,0.53,0.47,0.0,0.4987007942838698
39633286380650970,0.0,0.11,0.89,0.0,0.249957979082264
39633297336175471,0.0,0.48,0.52,0.0,0.4994227679976009
39633286363875571,0.0,0.23,0.77,0.0,0.38900565177326885
39633286351291879,0.0,0.82,0.18,0.0,0.34003852286413994
39633293737461016,0.0,0.38,0.62,0.0,0.47902101111314976
39633271457319337,0.0,0.93,0.07,0.0,0.18296182545011158
39633271436347941,0.0,0.62,0.38,0.0,0.47902101111314976
39633286351291880,0.0,0.76,0.24,0.0,0.39752013969226113
39633297336175521,0.0,0.75,0.25,0.0,0.4056390622295664
39633286351292035,0.0,0.35,0.65,0.0,0.4670340276877455
39633282664500329,0.0,0.07,0.93,0.0,0.18296182545011158
39633300964246441,0.0,0.27,0.73,0.0,0.42073231810408784
39633286351292043,0.0,0.86,0.14,0.0,0.292119405821428
39633297340367052,0.0,0.8,0.2,0.0,0.36096404744368116
39633300964246399,0.0,0.37,0.63,0.0,0.47533604634353294
39633290063252721,0.0,0.46,0.54,0.0,0.49768921941011285
39633290050668716,0.0,0.09,0.91,0.0,0.21823490853205144
39633286355486855,0.0,0.51,0.49,0.0,0.49985572087640495
39633290050668687,0.0,0.05,0.95,0.0,0.14319847855797813
39633286376458069,0.0,0.6,0.4,0.0,0.4854752972273343
39633297348756931,0.0,0.0,1.0,0.0,-0.0
39633304567153004,0.0,0.01,0.94,0.05,0.1832231322266888
39633300968439948,0.0,0.93,0.07,0.0,0.18296182545011158
39633300960052648,0.0,0.0,1.0,0.0,-0.0
39633282668693465,0.0,0.48,0.52,0.0,0.4994227679976009
39633282668693442,0.0,0.58,0.42,0.0,0.49072694751682683
39633271432151899,0.0,0.93,0.07,0.0,0.18296182545011158
39633271432152070,0.0,0.37,0.63,0.0,0.47533604634353294
39633300964248743,0.0,0.62,0.38,0.0,0.47902101111314976
39633300964246568,0.0,0.04,0.96,0.0,0.12114609454120741
39633300964246373,0.0,0.41,0.59,0.0,0.488250234378912
39633300964246553,0.0,0.05,0.95,0.0,0.14319847855797813
39633297340368891,0.0,0.39,0.61,0.0,0.4823997742525436
39633282672887090,0.0,0.41,0.59,0.0,0.488250234378912
39633271432152378,0.0,0.45,0.55,0.0,0.49638722699390414
39633282664498026,0.0,0.07,0.93,0.0,0.18296182545011158
39633300964246451,0.0,0.95,0.05,0.0,0.14319847855797813
39633300964246610,0.0,0.02,0.98,0.0,0.07072027127091034
39633304558766101,0.0,0.13,0.87,0.0,0.2787190925139945
39633290063250606,0.0,0.07,0.93,0.0,0.18296182545011158
39633304583930140,0.0,0.0,0.96,0.04,0.12114609454120741
39633282672886704,0.0,0.17,0.83,0.0,0.32885238937210975
39633290046472963,0.0,0.53,0.47,0.0,0.4987007942838698
39633282672886950,0.0,0.71,0.29,0.0,0.43436062316970225
39633300964248946,0.0,0.0,0.83,0.17,0.32885238937210975
39633282672886905,0.0,0.53,0.47,0.0,0.4987007942838698
39633290063250858,0.0,0.51,0.49,0.0,0.49985572087640495
39633290067443824,0.0,0.49,0.51,0.0,0.49985572087640495
39633271432152203,0.0,0.0,0.9,0.1,0.2344977967946406
39633271444736311,0.0,0.05,0.95,0.0,0.14319847855797813
39633267657279742,0.0,0.34,0.66,0.0,0.46240935248651505
39633286359679653,0.0,0.96,0.04,0.0,0.12114609454120741
39633267657279627,0.0,0.13,0.87,0.0,0.2787190925139945
39633300964246511,0.0,0.02,0.98,0.0,0.07072027127091034
39633267657279653,0.0,0.42,0.58,0.0,0.49072694751682683
39633286363874516,0.0,0.14,0.86,0.0,0.292119405821428
39633286359679442,0.0,1.0,0.0,0.0,-0.0
39633290075833027,0.0,0.04,0.94,0.02,0.19127133459887283
39633282656108696,0.0,0.41,0.59,0.0,0.488250234378912
39633286380651165,0.0,0.75,0.25,0.0,0.4056390622295664
39633271427960172,0.0,0.99,0.01,0.0,0.04039656794795559
39633271432151571,0.02,0.98,0.0,0.0,0.07072027127091034
39633282651915927,0.0,0.63,0.37,0.0,0.47533604634353294
39633300964249020,0.0,0.99,0.01,0.0,0.04039656794795559
39633300964249220,0.0,0.01,0.99,0.0,0.04039656794795559
39633290050669078,0.0,0.7,0.3,0.0,0.44064544961534635
39633308136506711,0.0,0.0,0.95,0.05,0.14319847855797813
39633308136506682,0.0,0.97,0.03,0.0,0.0971959289157881
39633271432152921,0.0,0.19,0.81,0.0,0.3507357299419487
39633286372265598,0.0,0.74,0.26,0.0,0.4133731862463089
39633271432152410,0.0,0.03,0.97,0.0,0.0971959289157881
39633286372265517,0.0,0.89,0.11,0.0,0.249957979082264
39633293724879789,0.0,0.03,0.97,0.0,0.0971959289157881
39633290054863423,0.0,0.98,0.02,0.0,0.07072027127091034
39633275227998968,0.0,0.19,0.81,0.0,0.3507357299419487
39633263861435529,0.0,0.87,0.13,0.0,0.2787190925139945
39633282672886618,0.0,0.47,0.53,0.0,0.4987007942838698
39633293733268800,0.0,0.91,0.09,0.0,0.21823490853205144
39633290046474115,0.0,0.81,0.19,0.0,0.3507357299419487
39633297340369244,0.0,0.56,0.44,0.0,0.4947937606110278
39633267682445606,0.0,0.13,0.86,0.01,0.31810566868628926
39633300951664876,0.0,0.89,0.11,0.0,0.249957979082264
39633271461513205,0.0,0.95,0.05,0.0,0.14319847855797813
39633293733266521,0.0,0.47,0.53,0.0,0.4987007942838698
39633297365535498,0.0,0.05,0.95,0.0,0.14319847855797813
39633278952539316,0.0,0.98,0.02,0.0,0.07072027127091034
39633293703906086,0.0,0.11,0.89,0.0,0.249957979082264
39633282651916073,0.0,0.86,0.14,0.0,0.292119405821428
39633300951664992,0.0,0.93,0.07,0.0,0.18296182545011158
39633282651916235,0.0,0.41,0.59,0.0,0.488250234378912
39633297357144424,0.0,0.32,0.68,0.0,0.45219072886224687
39633282651916156,0.0,0.22,0.78,0.0,0.38008375148098283
39633282651916074,0.0,0.39,0.61,0.0,0.4823997742525436
39633282681275167,0.0,0.03,0.96,0.01,0.13737165703039006
39633278935761873,0.0,0.0,0.95,0.05,0.14319847855797813
39633282651916035,0.0,0.51,0.49,0.0,0.49985572087640495
39633282689665950,0.0,0.52,0.48,0.0,0.4994227679976009
39633278935761789,0.0,0.96,0.04,0.0,0.12114609454120741
39633286359679233,0.0,0.99,0.01,0.0,0.04039656794795559
39633275198636292,0.0,0.39,0.61,0.0,0.4823997742525436
39633275215413275,0.0,0.98,0.02,0.0,0.07072027127091034
39633278944151180,0.0,0.58,0.42,0.0,0.49072694751682683
39633282689666800,0.0,0.39,0.61,0.0,0.4823997742525436
39633282689665864,0.0,0.77,0.23,0.0,0.38900565177326885
39633293724878690,0.0,0.08,0.92,0.0,0.2010895951011364
39633293720684525,0.0,0.07,0.93,0.0,0.18296182545011158
39633278944151198,0.0,0.42,0.58,0.0,0.49072694751682683
39633297361338782,0.0,0.35,0.65,0.0,0.4670340276877455
39633278935761524,0.0,0.92,0.08,0.0,0.2010895951011364
39633278944151613,0.0,0.56,0.44,0.0,0.4947937606110278
39633297357146186,0.0,0.01,0.99,0.0,0.04039656794795559
39633271440542570,0.0,0.13,0.87,0.0,0.2787190925139945
39633282651916583,0.0,0.84,0.16,0.0,0.3171547773202831
39633293733266036,0.0,0.07,0.93,0.0,0.18296182545011158
39633297357146341,0.0,0.0,1.0,0.0,-0.0
39633290033892388,0.0,0.21,0.79,0.0,0.37074136996563684
39633282651917544,0.0,0.02,0.98,0.0,0.07072027127091034
39633290071639649,0.0,0.24,0.76,0.0,0.39752013969226113
39633282651917643,0.0,0.01,0.98,0.01,0.08072027127091033
39633286380652275,0.0,0.88,0.12,0.0,0.2646804326436822
39633293733268894,0.0,0.15,0.85,0.0,0.3049201523582002
39633278965122142,0.0,0.12,0.88,0.0,0.2646804326436822
39633290067444034,0.0,0.17,0.83,0.0,0.32885238937210975
39633297365535580,0.0,1.0,0.0,0.0,-0.0
39633278973509924,0.01,0.99,0.0,0.0,0.04039656794795559
39633278965121864,0.01,0.99,0.0,0.0,0.04039656794795559
39633278965121820,0.0,0.3,0.7,0.0,0.44064544961534635
39633293703906517,0.0,1.0,0.0,0.0,-0.0
39633278935761502,0.0,0.94,0.06,0.0,0.16372245957723813
39633286368068499,0.0,0.89,0.11,0.0,0.249957979082264
39633286393234396,0.0,0.37,0.63,0.0,0.47533604634353294
39633290071639560,0.0,0.17,0.83,0.0,0.32885238937210975
39633278935761521,0.0,0.31,0.69,0.0,0.4465867291889284
39633293703906234,0.0,0.91,0.09,0.0,0.21823490853205144
39633293703906394,0.0,0.57,0.43,0.0,0.4929075185894599
39633282651916279,0.0,0.48,0.52,0.0,0.4994227679976009
39633271436347620,0.0,0.31,0.69,0.0,0.4465867291889284
39633293703905483,0.0,0.64,0.36,0.0,0.4713415946277461
39633286359681528,0.0,0.53,0.47,0.0,0.4987007942838698
39633286376459192,0.0,0.01,0.96,0.03,0.13737165703039006
39633275207028316,0.0,0.86,0.14,0.0,0.292119405821428
39633293733266410,0.0,0.77,0.23,0.0,0.38900565177326885
39633282664497710,0.0,0.0,1.0,0.0,-0.0
39633290075833199,0.0,0.57,0.43,0.0,0.4929075185894599
39633290067444261,0.0,0.32,0.68,0.0,0.45219072886224687
39633293691325320,0.0,0.1,0.9,0.0,0.2344977967946406
39633275219609065,0.0,0.26,0.74,0.0,0.4133731862463089
39633293733266343,0.0,0.32,0.68,0.0,0.45219072886224687
39633275219608818,0.0,0.31,0.69,0.0,0.4465867291889284
39633286363873769,0.0,0.83,0.17,0.0,0.32885238937210975
39633271444734075,0.0,0.05,0.94,0.01,0.1832231322266888
39633286397427965,0.0,0.3,0.7,0.0,0.44064544961534635
39633278935761706,0.0,0.86,0.14,0.0,0.292119405821428
39633278935761651,0.0,0.1,0.9,0.0,0.2344977967946406
39633290050667153,0.0,0.83,0.17,0.0,0.32885238937210975
39633286397427892,0.0,0.63,0.37,0.0,0.47533604634353294
39633300976828743,0.0,0.63,0.37,0.0,0.47533604634353294
39633271436347554,0.0,0.04,0.96,0.0,0.12114609454120741
39633286359679723,0.0,0.04,0.96,0.0,0.12114609454120741
39633286389040260,0.0,0.15,0.85,0.0,0.3049201523582002
39633300968441343,0.0,0.82,0.18,0.0,0.34003852286413994
39633286389040210,0.0,0.62,0.38,0.0,0.47902101111314976
39633286389040281,0.0,0.28,0.72,0.0,0.4277254052800653
39633297344562111,0.0,0.0,0.92,0.08,0.2010895951011364
39633271457320470,0.0,0.29,0.71,0.0,0.43436062316970225
39633293733268980,0.0,0.72,0.28,0.0,0.4277254052800653
39633286351291383,0.0,0.72,0.28,0.0,0.4277254052800653
39633286351291328,0.0,0.28,0.72,0.0,0.4277254052800653
39633286363875908,0.0,0.0,0.95,0.05,0.14319847855797813
39633271440542110,0.0,0.6,0.4,0.0,0.4854752972273343
39633271440542371,0.0,0.25,0.75,0.0,0.4056390622295664
39633300951664157,0.0,0.17,0.83,0.0,0.32885238937210975
39633293699712813,0.0,0.01,0.99,0.0,0.04039656794795559
39633271440542152,0.0,0.12,0.88,0.0,0.2646804326436822
39633286389040535,0.0,0.81,0.19,0.0,0.3507357299419487
39633297344564339,0.0,0.81,0.19,0.0,0.3507357299419487
39633278948345458,0.0,0.13,0.87,0.0,0.2787190925139945
39633267674057271,0.0,0.4,0.6,0.0,0.4854752972273343
39633271457318214,0.0,0.47,0.53,0.0,0.4987007942838698
39633300976828474,0.0,0.7,0.3,0.0,0.44064544961534635
39633300972636094,0.0,0.26,0.74,0.0,0.4133731862463089
39633290033892515,0.0,0.86,0.14,0.0,0.292119405821428
39633286355488419,0.0,0.69,0.31,0.0,0.4465867291889284
39633271457317278,0.0,0.1,0.9,0.0,0.2344977967946406
39633271453124954,0.0,1.0,0.0,0.0,-0.0
39633300972636002,0.0,0.15,0.85,0.0,0.3049201523582002
39633278965122020,0.0,0.12,0.88,0.0,0.2646804326436822
39633271457318325,0.0,0.9,0.1,0.0,0.2344977967946406
39633282664497585,0.0,0.02,0.98,0.0,0.07072027127091034
39633278935763623,0.0,0.44,0.56,0.0,0.4947937606110278
39633290033892641,0.0,0.0,0.89,0.11,0.249957979082264
39633286384846046,0.0,0.59,0.41,0.0,0.488250234378912
39633267678251509,0.0,1.0,0.0,0.0,-0.0
39633267682445816,0.0,1.0,0.0,0.0,-0.0
39633271469900245,0.0,0.91,0.09,0.0,0.21823490853205144
39633282672888292,0.0,0.96,0.04,0.0,0.12114609454120741
39633271457318367,0.0,0.3,0.7,0.0,0.44064544961534635
39633286397427997,0.0,0.39,0.61,0.0,0.4823997742525436
39633290071639725,0.0,0.03,0.97,0.0,0.0971959289157881
39633297369728505,0.0,0.24,0.76,0.0,0.39752013969226113
39633297336173919,0.0,0.78,0.22,0.0,0.38008375148098283
39633271457318480,0.0,0.21,0.79,0.0,0.37074136996563684
39633282677082106,0.0,0.02,0.98,0.0,0.07072027127091034
39633278973509912,0.0,0.84,0.16,0.0,0.3171547773202831
39633300972634312,0.0,0.0,1.0,0.0,-0.0
39633297336172648,0.0,0.93,0.07,0.0,0.18296182545011158
39633267669862185,0.0,0.01,0.99,0.0,0.04039656794795559
39633290033890737,0.06,0.94,0.0,0.0,0.16372245957723813
39633282668695116,0.0,0.08,0.92,0.0,0.2010895951011364
39633293691324797,0.0,0.28,0.72,0.0,0.4277254052800653
39633267669862137,0.0,0.0,0.93,0.07,0.18296182545011158
39633267669862176,0.0,0.02,0.98,0.0,0.07072027127091034
39633290033890981,0.0,0.2,0.8,0.0,0.36096404744368116
39633293691324698,0.0,0.58,0.42,0.0,0.49072694751682683
39633300964247261,0.0,0.01,0.99,0.0,0.04039656794795559
39633290033890912,0.0,0.63,0.37,0.0,0.47533604634353294
39633278939959013,0.0,0.64,0.36,0.0,0.4713415946277461
39633278939958997,0.0,0.01,0.99,0.0,0.04039656794795559
39633293724878341,0.0,0.23,0.77,0.0,0.38900565177326885
39633290071639274,0.0,0.96,0.04,0.0,0.12114609454120741
39633293729074338,0.0,0.5,0.5,0.0,0.5
39633290038083698,0.0,0.0,0.95,0.05,0.14319847855797813
39633267674057266,0.0,0.45,0.55,0.0,0.49638722699390414
39633267661472955,0.0,0.36,0.64,0.0,0.4713415946277461
39633297352953340,0.0,0.0,1.0,0.0,-0.0
39633297352953399,0.0,0.2,0.8,0.0,0.36096404744368116
39633300968443007,0.0,0.0,0.88,0.12,0.2646804326436822
39633275219609026,0.0,0.57,0.43,0.0,0.4929075185894599
39633275202832455,0.0,0.85,0.15,0.0,0.3049201523582002
39633290075833333,0.0,0.17,0.83,0.0,0.32885238937210975
39633286363873916,0.0,0.14,0.86,0.0,0.292119405821428
39633300972637488,0.0,0.26,0.74,0.0,0.4133731862463089
39633293733267983,0.0,0.85,0.15,0.0,0.3049201523582002
39633286380650538,0.0,0.0,0.96,0.04,0.12114609454120741
39633293733268050,0.0,0.38,0.62,0.0,0.47902101111314976
39633293703906626,0.0,0.71,0.29,0.0,0.43436062316970225
39633271461511268,0.0,0.79,0.21,0.0,0.37074136996563684
39633290054862650,0.0,0.07,0.93,0.0,0.18296182545011158
39633286368069982,0.0,0.54,0.46,0.0,0.49768921941011285
39633290054862347,0.01,0.58,0.41,0.0,0.5248154453536593
39633300972637467,0.0,0.29,0.71,0.0,0.43436062316970225
39633278960927164,0.0,0.95,0.05,0.0,0.14319847855797813
39633293699713154,0.0,0.19,0.81,0.0,0.3507357299419487
39633271457320097,0.0,0.28,0.72,0.0,0.4277254052800653
39633297340370233,0.0,0.38,0.62,0.0,0.47902101111314976
39633278948345676,0.0,0.72,0.28,0.0,0.4277254052800653
39633267678251792,0.0,0.9,0.1,0.0,0.2344977967946406
39633267682445720,0.0,0.01,0.98,0.01,0.08072027127091033
39633275227998504,0.0,0.54,0.46,0.0,0.49768921941011285
39633271457318527,0.0,0.67,0.33,0.0,0.4574631863898637
39633290063251171,0.0,0.49,0.51,0.0,0.49985572087640495
39633297373921978,0.0,0.18,0.82,0.0,0.34003852286413994
39633275202832665,0.0,0.53,0.47,0.0,0.4987007942838698
39633267661474705,0.0,0.2,0.8,0.0,0.36096404744368116
39633293716489687,0.0,0.78,0.22,0.0,0.38008375148098283
39633263865627401,0.0,0.66,0.34,0.0,0.46240935248651505
39633271444734573,0.0,0.73,0.27,0.0,0.42073231810408784
39633286347099813,0.0,0.9,0.1,0.0,0.2344977967946406
39633267682444059,0.0,0.97,0.03,0.0,0.0971959289157881
39633267665667363,0.0,0.96,0.04,0.0,0.12114609454120741
39633278948344266,0.0,0.81,0.19,0.0,0.3507357299419487
39633267682444054,0.0,1.0,0.0,0.0,-0.0
39633267678249842,0.0,0.02,0.98,0.0,0.07072027127091034
39633267678249947,0.0,0.7,0.3,0.0,0.44064544961534635
39633263865629839,0.0,0.48,0.52,0.0,0.4994227679976009
39633267661473950,0.0,0.45,0.55,0.0,0.49638722699390414
39633263869821581,0.0,0.96,0.04,0.0,0.12114609454120741
39633286347099742,0.0,0.66,0.34,0.0,0.46240935248651505
39633263869821554,0.0,0.32,0.68,0.0,0.45219072886224687
39633263861433031,0.0,0.76,0.24,0.0,0.39752013969226113
39633293716490116,0.0,0.01,0.99,0.0,0.04039656794795559
39633267665667815,0.0,0.13,0.87,0.0,0.2787190925139945
39633286359679306,0.0,0.13,0.87,0.0,0.2787190925139945
39633282664497982,0.0,0.04,0.96,0.0,0.12114609454120741
39633286368068763,0.0,0.28,0.72,0.0,0.4277254052800653
39633271440543102,0.0,0.35,0.65,0.0,0.4670340276877455
39633300972637506,0.0,0.7,0.3,0.0,0.44064544961534635
39633293703906386,0.0,0.1,0.9,0.0,0.2344977967946406
39633278948344743,0.0,0.56,0.44,0.0,0.4947937606110278
39633278965122868,0.0,0.65,0.35,0.0,0.4670340276877455
39633267682444118,0.0,0.6,0.4,0.0,0.4854752972273343
39633282664497940,0.0,0.27,0.73,0.0,0.42073231810408784
39633278965122187,0.0,0.36,0.64,0.0,0.4713415946277461
39633271432154816,0.0,0.3,0.7,0.0,0.44064544961534635
39633267682443790,0.0,0.12,0.88,0.0,0.2646804326436822
39633286393234221,0.0,0.07,0.93,0.0,0.18296182545011158
39633278969317020,0.0,0.41,0.59,0.0,0.488250234378912
39633293703906424,0.0,0.71,0.29,0.0,0.43436062316970225
39633297352950878,0.0,0.71,0.29,0.0,0.43436062316970225
39633267678252007,0.0,0.89,0.11,0.0,0.249957979082264
39633282664498242,0.0,1.0,0.0,0.0,-0.0
39633278948344698,0.0,0.71,0.29,0.0,0.43436062316970225
39633278965122685,0.0,0.38,0.62,0.0,0.47902101111314976
39633271453125744,0.0,0.63,0.37,0.0,0.47533604634353294
39633286359679434,0.0,0.03,0.97,0.0,0.0971959289157881
39633278948344665,0.0,0.03,0.96,0.01,0.13737165703039006
39633290067445979,0.0,0.16,0.84,0.0,0.3171547773202831
39633293703905551,0.0,0.23,0.77,0.0,0.38900565177326885
39633282664498089,0.0,0.53,0.47,0.0,0.4987007942838698
39633263874015750,0.0,1.0,0.0,0.0,-0.0
39633263874015668,0.0,0.89,0.11,0.0,0.249957979082264
39633263874015620,0.0,1.0,0.0,0.0,-0.0
39633290054864255,0.0,0.52,0.48,0.0,0.4994227679976009
39633286372262054,0.0,0.42,0.58,0.0,0.49072694751682683
39633263874018793,0.0,0.97,0.03,0.0,0.0971959289157881
39633275190249277,0.0,0.77,0.23,0.0,0.38900565177326885
39633263869823964,0.0,0.54,0.46,0.0,0.49768921941011285
39633263869823634,0.0,0.12,0.88,0.0,0.2646804326436822
39633263869822137,0.0,0.97,0.03,0.0,0.0971959289157881
39633263869822156,0.0,0.13,0.87,0.0,0.2787190925139945
39633263869822182,0.0,0.21,0.79,0.0,0.37074136996563684
39633263869822217,0.0,0.0,0.84,0.16,0.3171547773202831
39633263869822673,0.0,0.32,0.68,0.0,0.45219072886224687
39633263869822719,0.0,0.44,0.56,0.0,0.4947937606110278
39633267653085789,0.0,0.34,0.66,0.0,0.46240935248651505
39633263865629905,0.0,0.99,0.01,0.0,0.04039656794795559
39633263861432709,0.0,0.17,0.83,0.0,0.32885238937210975
39633267661472729,0.0,0.53,0.47,0.0,0.4987007942838698
39633263861432611,0.0,0.67,0.33,0.0,0.4574631863898637
39633293720682877,0.0,0.02,0.98,0.0,0.07072027127091034
39633286368071342,0.0,0.98,0.02,0.0,0.07072027127091034
39633278956734047,0.0,0.23,0.77,0.0,0.38900565177326885
39633293720682923,0.0,0.11,0.89,0.0,0.249957979082264
39633290054864149,0.0,0.76,0.24,0.0,0.39752013969226113
39633290063252617,0.0,0.46,0.54,0.0,0.49768921941011285
39633290059055242,0.0,0.36,0.64,0.0,0.4713415946277461
39633286363874547,0.0,0.5,0.5,0.0,0.5
39633286355487277,0.0,0.29,0.71,0.0,0.43436062316970225
39633286355487194,0.0,0.22,0.78,0.0,0.38008375148098283
39633267678250291,0.0,0.45,0.55,0.0,0.49638722699390414
39633267678250195,0.0,0.21,0.79,0.0,0.37074136996563684
39633267678250111,0.0,0.14,0.86,0.0,0.292119405821428
39633263861433172,0.0,0.55,0.45,0.0,0.49638722699390414
39633267678249888,0.0,0.11,0.89,0.0,0.249957979082264
39633263869821847,0.0,0.13,0.87,0.0,0.2787190925139945
39633263869821495,0.0,0.49,0.51,0.0,0.49985572087640495
39633286347099214,0.0,0.86,0.14,0.0,0.292119405821428
39633293720683414,0.0,0.56,0.44,0.0,0.4947937606110278
39633297336173656,0.0,0.09,0.91,0.0,0.21823490853205144
39633297348756222,0.0,0.05,0.95,0.0,0.14319847855797813
39633263874015421,0.0,0.78,0.22,0.0,0.38008375148098283
39633263874015614,0.0,0.62,0.38,0.0,0.47902101111314976
39633263878209824,0.02,0.98,0.0,0.0,0.07072027127091034
39633286384845653,0.0,0.77,0.23,0.0,0.38900565177326885
39633271440539693,0.03,0.97,0.0,0.0,0.0971959289157881
39633293716489455,0.0,0.38,0.62,0.0,0.47902101111314976
39633290059055172,0.0,0.68,0.32,0.0,0.45219072886224687
39633263869823950,0.0,0.28,0.72,0.0,0.4277254052800653
39633263869823326,0.0,0.15,0.85,0.0,0.3049201523582002
39633263869824093,0.0,0.84,0.16,0.0,0.3171547773202831
39633271440539901,0.0,0.0,0.99,0.01,0.04039656794795559
39633300960051270,0.0,0.96,0.04,0.0,0.12114609454120741
39633271436347733,0.0,0.99,0.01,0.0,0.04039656794795559
39633304562961786,0.0,0.08,0.92,0.0,0.2010895951011364
39633293724878866,0.0,0.01,0.98,0.01,0.08072027127091033
39633286351291384,0.0,0.88,0.12,0.0,0.2646804326436822
39633275190249433,0.0,0.13,0.87,0.0,0.2787190925139945
39633290059055143,0.0,0.16,0.84,0.0,0.3171547773202831
39633275232191141,0.0,0.38,0.62,0.0,0.47902101111314976
39633286368070062,0.0,0.33,0.67,0.0,0.4574631863898637
39633286376457721,0.0,1.0,0.0,0.0,-0.0
39633271461511204,0.0,0.59,0.41,0.0,0.488250234378912
39633263869824388,0.0,0.99,0.01,0.0,0.04039656794795559
39633293712294927,0.0,0.0,0.66,0.34,0.46240935248651505
39633267665669205,0.0,0.32,0.68,0.0,0.45219072886224687
39633278935761611,0.0,0.49,0.51,0.0,0.49985572087640495
39633286389042501,0.0,0.26,0.74,0.0,0.4133731862463089
39633290050668808,0.0,0.05,0.94,0.01,0.1832231322266888
39633286368070272,0.0,0.93,0.07,0.0,0.18296182545011158
39633267653086827,0.0,0.2,0.8,0.0,0.36096404744368116
39633267653086724,0.0,0.44,0.56,0.0,0.4947937606110278
39633286351292321,0.0,0.44,0.56,0.0,0.4947937606110278
39633278935763467,0.0,0.01,0.94,0.05,0.1832231322266888
39633267665669347,0.0,0.89,0.11,0.0,0.249957979082264
39633278935761470,0.0,0.26,0.74,0.0,0.4133731862463089
39633286363876173,0.0,0.75,0.25,0.0,0.4056390622295664
39633286351292146,0.0,0.45,0.55,0.0,0.49638722699390414
39633297361338830,0.0,0.38,0.62,0.0,0.47902101111314976
39633286368068552,0.0,0.85,0.15,0.0,0.3049201523582002
39633278935761486,0.0,0.3,0.7,0.0,0.44064544961534635
39633304562961938,0.0,0.34,0.66,0.0,0.46240935248651505
39633290071638421,0.0,0.43,0.57,0.0,0.4929075185894599
39633286363876106,0.0,0.76,0.24,0.0,0.39752013969226113
39633297361338936,0.0,0.94,0.06,0.0,0.16372245957723813
39633293729073662,0.0,0.04,0.96,0.0,0.12114609454120741
39633297352950591,0.0,0.11,0.89,0.0,0.249957979082264
39633267665669362,0.0,0.96,0.04,0.0,0.12114609454120741
39633278935763479,0.0,0.9,0.1,0.0,0.2344977967946406
39633300964246664,0.0,0.82,0.18,0.0,0.34003852286413994
39633275190247555,0.0,0.36,0.64,0.0,0.4713415946277461
39633278935762465,0.0,0.59,0.41,0.0,0.488250234378912
39633290029698611,0.0,0.59,0.41,0.0,0.488250234378912
39633271444736717,0.0,0.11,0.89,0.0,0.249957979082264
39633267682446155,0.0,0.19,0.81,0.0,0.3507357299419487
39633290059057656,0.0,0.02,0.96,0.02,0.14114609454120738
39633275227996872,0.0,0.57,0.43,0.0,0.4929075185894599
39633297331980307,0.01,0.88,0.11,0.0,0.28950944366190023
39633297336172987,0.0,0.34,0.66,0.0,0.46240935248651505
39633290059058195,0.0,0.58,0.42,0.0,0.49072694751682683
39633297352952747,0.0,0.06,0.94,0.0,0.16372245957723813
39633290059057501,0.0,0.48,0.52,0.0,0.4994227679976009
39633267682446152,0.0,0.16,0.84,0.0,0.3171547773202831
39633278965121299,0.0,0.79,0.21,0.0,0.37074136996563684
39633286376458706,0.0,0.7,0.3,0.0,0.44064544961534635
39633297336172614,0.0,0.2,0.8,0.0,0.36096404744368116
39633263865627797,0.0,0.33,0.67,0.0,0.4574631863898637
39633263865627782,0.0,0.21,0.79,0.0,0.37074136996563684
39633290071639046,0.0,0.55,0.45,0.0,0.49638722699390414
39633290075834847,0.0,0.94,0.06,0.0,0.16372245957723813
39633275227998402,0.0,0.69,0.31,0.0,0.4465867291889284
39633278960927268,0.0,0.92,0.08,0.0,0.2010895951011364
39633275227998418,0.0,0.34,0.66,0.0,0.46240935248651505
39633275215414887,0.0,0.14,0.86,0.0,0.292119405821428
39633267678251883,0.0,0.92,0.08,0.0,0.2010895951011364
39633290063250904,0.0,0.99,0.01,0.0,0.04039656794795559
39633271427959928,0.0,0.14,0.86,0.0,0.292119405821428
39633290059056661,0.0,0.94,0.06,0.0,0.16372245957723813
39633263869821530,0.0,0.97,0.03,0.0,0.0971959289157881
39633267661474495,0.0,0.09,0.91,0.0,0.21823490853205144
39633263865627831,0.0,0.26,0.74,0.0,0.4133731862463089
39633290059057298,0.0,0.27,0.73,0.0,0.42073231810408784
39633293716490288,0.0,0.08,0.92,0.0,0.2010895951011364
39633267661474720,0.01,0.92,0.07,0.0,0.22283217282912027
39633263865628250,0.0,0.12,0.88,0.0,0.2646804326436822
39633293716490183,0.0,0.91,0.09,0.0,0.21823490853205144
39633293716491247,0.01,0.99,0.0,0.0,0.04039656794795559
39633267653086470,0.0,0.39,0.61,0.0,0.4823997742525436
39633267653086587,0.0,0.16,0.84,0.0,0.3171547773202831
39633267653086600,0.0,0.62,0.38,0.0,0.47902101111314976
39633263861433470,0.0,0.67,0.33,0.0,0.4574631863898637
39633275190247742,0.0,0.55,0.45,0.0,0.49638722699390414
39633263861433437,0.0,0.26,0.74,0.0,0.4133731862463089
39633286347099758,0.0,0.88,0.12,0.0,0.2646804326436822
39633263861433416,0.0,0.78,0.22,0.0,0.38008375148098283
39633267682444170,0.0,0.95,0.05,0.0,0.14319847855797813
39633293716491652,0.0,0.46,0.54,0.0,0.49768921941011285
39633293720684473,0.0,0.0,0.91,0.09,0.21823490853205144
39633300976829258,0.0,0.91,0.09,0.0,0.21823490853205144
39633290059057135,0.0,0.36,0.64,0.0,0.4713415946277461
39633282681275312,0.0,0.03,0.96,0.01,0.13737165703039006
39633300976829327,0.0,0.04,0.96,0.0,0.12114609454120741
39633293720682546,0.0,0.58,0.42,0.0,0.49072694751682683
39633282681275350,0.0,0.04,0.96,0.0,0.12114609454120741
39633293716491500,0.0,0.85,0.15,0.0,0.3049201523582002
39633293716490357,0.0,0.87,0.13,0.0,0.2787190925139945
39633290050669660,0.0,0.23,0.77,0.0,0.38900565177326885
39633290067446141,0.0,0.15,0.85,0.0,0.3049201523582002
39633271432154645,0.0,0.16,0.84,0.0,0.3171547773202831
39633263869823169,0.0,0.62,0.38,0.0,0.47902101111314976
39633263869823053,0.0,0.58,0.42,0.0,0.49072694751682683
39633263865627989,0.05,0.94,0.01,0.0,0.1832231322266888
39633263865629821,0.0,0.04,0.96,0.0,0.12114609454120741
39633275232191648,0.0,0.97,0.03,0.0,0.0971959289157881
39633263869823911,0.0,0.17,0.83,0.0,0.32885238937210975
39633263865627456,0.03,0.97,0.0,0.0,0.0971959289157881
39633271427959994,0.0,0.78,0.22,0.0,0.38008375148098283
39633263865627678,0.0,0.36,0.64,0.0,0.4713415946277461
39633263865627124,0.0,0.78,0.22,0.0,0.38008375148098283
39633290059056584,0.0,0.4,0.6,0.0,0.4854752972273343
39633263869822513,0.0,0.66,0.34,0.0,0.46240935248651505
39633275232191373,0.0,0.4,0.6,0.0,0.4854752972273343
39633263865627713,0.0,0.98,0.02,0.0,0.07072027127091034
39633290054863802,0.0,0.66,0.34,0.0,0.46240935248651505
39633290059055401,0.0,0.74,0.26,0.0,0.4133731862463089
39633275190248017,0.0,0.29,0.71,0.0,0.43436062316970225
39633275190247853,0.0,0.99,0.01,0.0,0.04039656794795559
39633275190247841,0.0,1.0,0.0,0.0,-0.0
39633290054863799,0.0,0.38,0.62,0.0,0.47902101111314976
39633290054863982,0.0,0.21,0.79,0.0,0.37074136996563684
39633290059055404,0.0,0.72,0.28,0.0,0.4277254052800653
39633286368070639,0.0,0.9,0.1,0.0,0.2344977967946406
39633275232191562,0.0,0.35,0.65,0.0,0.4670340276877455
39633267678250007,0.0,0.24,0.76,0.0,0.39752013969226113
39633267678250029,0.0,0.01,0.99,0.0,0.04039656794795559
39633300964246175,0.0,0.91,0.09,0.0,0.21823490853205144
39633286347099398,0.0,0.29,0.71,0.0,0.43436062316970225
39633267653084260,0.0,0.99,0.01,0.0,0.04039656794795559
39633263861433283,0.01,0.99,0.0,0.0,0.04039656794795559
39633275186056453,0.0,0.79,0.21,0.0,0.37074136996563684
39633293733268874,0.0,0.06,0.93,0.01,0.20367037270049304
39633290059056130,0.0,0.68,0.32,0.0,0.45219072886224687
39633267653083613,0.0,0.61,0.39,0.0,0.4823997742525436
39633286347099461,0.0,0.98,0.02,0.0,0.07072027127091034
39633267653083529,0.0,0.37,0.63,0.0,0.47533604634353294
39633267653084499,0.0,0.99,0.01,0.0,0.04039656794795559
39633267648892257,0.01,0.96,0.03,0.0,0.13737165703039006
39633267653084664,0.01,0.99,0.0,0.0,0.04039656794795559
39633267653084787,0.0,0.24,0.76,0.0,0.39752013969226113
39633267653084900,0.0,0.88,0.12,0.0,0.2646804326436822
39633267648892388,0.0,0.74,0.26,0.0,0.4133731862463089
39633267648892261,0.0,0.99,0.01,0.0,0.04039656794795559
39633290059057550,0.0,0.03,0.96,0.01,0.13737165703039006
39633271432154345,0.0,0.14,0.86,0.0,0.292119405821428
39633263865628514,0.03,0.97,0.0,0.0,0.0971959289157881
39633263865629959,0.0,0.56,0.44,0.0,0.4947937606110278
39633275186057040,0.08,0.92,0.0,0.0,0.2010895951011364
39633275186056852,0.0,0.89,0.11,0.0,0.249957979082264
39633275186056793,0.0,1.0,0.0,0.0,-0.0
39633275186056709,0.0,0.32,0.68,0.0,0.45219072886224687
39633263865628493,0.0,0.1,0.9,0.0,0.2344977967946406
39633263865627459,0.01,0.92,0.07,0.0,0.22283217282912027
39633267678252616,0.0,0.02,0.98,0.0,0.07072027127091034
39633267653085265,0.0,1.0,0.0,0.0,-0.0
39633267653085652,0.0,1.0,0.0,0.0,-0.0
39633267653085711,0.0,0.82,0.18,0.0,0.34003852286413994
39633297336173215,0.0,0.21,0.79,0.0,0.37074136996563684
39633263865627746,0.0,0.41,0.59,0.0,0.488250234378912
39633267678250904,0.0,0.84,0.16,0.0,0.3171547773202831
39633271427959695,0.0,0.28,0.72,0.0,0.4277254052800653
39633263869823261,0.0,0.01,0.99,0.0,0.04039656794795559
39633271427959780,0.0,0.99,0.01,0.0,0.04039656794795559
39633286393236219,0.0,0.38,0.62,0.0,0.47902101111314976
39633290059055578,0.0,0.77,0.23,0.0,0.38900565177326885
39633286393236228,0.0,0.1,0.9,0.0,0.2344977967946406
39633267678252733,0.0,0.28,0.72,0.0,0.4277254052800653
39633263861435072,0.0,0.06,0.94,0.0,0.16372245957723813
39633267653085377,0.0,0.89,0.11,0.0,0.249957979082264
39633271427959409,0.03,0.97,0.0,0.0,0.0971959289157881
39633263878210361,0.05,0.95,0.0,0.0,0.14319847855797813
39633267682443414,0.0,0.69,0.31,0.0,0.4465867291889284
39633271444734202,0.0,0.37,0.63,0.0,0.47533604634353294
39633267678249217,0.0,0.1,0.9,0.0,0.2344977967946406
39633293729073601,0.0,0.37,0.63,0.0,0.47533604634353294
39633293703906097,0.0,0.75,0.25,0.0,0.4056390622295664
39633300951665167,0.0,0.42,0.58,0.0,0.49072694751682683
39633282689665554,0.0,0.61,0.39,0.0,0.4823997742525436
39633282689666050,0.0,0.7,0.3,0.0,0.44064544961534635
39633300951665068,0.0,0.52,0.48,0.0,0.4994227679976009
39633282689665872,0.0,0.02,0.98,0.0,0.07072027127091034
39633293729073702,0.0,0.68,0.32,0.0,0.45219072886224687
39633271457318691,0.0,0.32,0.68,0.0,0.45219072886224687
39633300951664965,0.0,0.81,0.19,0.0,0.3507357299419487
39633282651917661,0.0,0.25,0.75,0.0,0.4056390622295664
39633271457318754,0.0,1.0,0.0,0.0,-0.0
39633300981025436,0.0,0.7,0.3,0.0,0.44064544961534635
39633286376458359,0.0,0.03,0.97,0.0,0.0971959289157881
39633286389040314,0.0,0.22,0.78,0.0,0.38008375148098283
39633282660306007,0.0,0.02,0.97,0.01,0.11097036642660543
39633304558764247,0.0,0.13,0.87,0.0,0.2787190925139945
39633282660305896,0.0,0.0,1.0,0.0,-0.0
39633282689666172,0.0,0.49,0.51,0.0,0.49985572087640495
39633300964245651,0.0,0.85,0.15,0.0,0.3049201523582002
39633293724879991,0.0,0.68,0.32,0.0,0.45219072886224687
39633282660305704,0.0,0.77,0.23,0.0,0.38900565177326885
39633286355486126,0.0,0.57,0.43,0.0,0.4929075185894599
39633282660305667,0.0,0.11,0.89,0.0,0.249957979082264
39633282660305696,0.0,0.23,0.77,0.0,0.38900565177326885
39633271457319064,0.0,0.11,0.89,0.0,0.249957979082264
39633271469900090,0.0,0.41,0.59,0.0,0.488250234378912
39633271469899913,0.0,0.07,0.93,0.0,0.18296182545011158
39633267661475259,0.0,0.71,0.29,0.0,0.43436062316970225
39633271457318766,0.0,0.56,0.44,0.0,0.4947937606110278
39633290067443769,0.0,0.03,0.96,0.01,0.13737165703039006
39633297373922545,0.0,0.39,0.61,0.0,0.4823997742525436
39633297373922382,0.0,0.53,0.47,0.0,0.4987007942838698
39633293691325003,0.0,0.07,0.92,0.01,0.22283217282912027
39633297373922336,0.0,0.01,0.99,0.0,0.04039656794795559
39633278939959020,0.0,0.63,0.37,0.0,0.47533604634353294
39633293691324909,0.0,0.07,0.93,0.0,0.18296182545011158
39633282693858684,0.0,0.07,0.93,0.0,0.18296182545011158
39633282693858594,0.0,0.03,0.97,0.0,0.0971959289157881
39633293691324914,0.0,0.61,0.39,0.0,0.4823997742525436
39633286372262971,0.0,0.83,0.17,0.0,0.32885238937210975
39633290038086107,0.0,0.81,0.19,0.0,0.3507357299419487
39633300964248334,0.0,0.04,0.96,0.0,0.12114609454120741
39633282668694847,0.0,0.93,0.07,0.0,0.18296182545011158
39633271444734364,0.0,0.71,0.29,0.0,0.43436062316970225
39633271444734256,0.0,0.33,0.67,0.0,0.4574631863898637
39633271444734199,0.0,0.99,0.01,0.0,0.04039656794795559
39633271444734158,0.0,0.93,0.07,0.0,0.18296182545011158
39633300964248368,0.0,0.15,0.85,0.0,0.3049201523582002
39633293699711984,0.0,0.26,0.74,0.0,0.4133731862463089
39633278939955686,0.0,0.51,0.49,0.0,0.49985572087640495
39633282677081676,0.0,0.0,0.99,0.01,0.04039656794795559
39633282698051843,0.0,0.53,0.47,0.0,0.4987007942838698
39633282698051755,0.0,0.82,0.18,0.0,0.34003852286413994
39633293699711936,0.0,0.77,0.23,0.0,0.38900565177326885
39633300989411423,0.0,0.0,0.98,0.02,0.07072027127091034
39633290050668237,0.0,0.52,0.48,0.0,0.4994227679976009
39633293716488703,0.0,0.91,0.09,0.0,0.21823490853205144
39633293724878766,0.0,0.01,0.83,0.16,0.3562867308783886
39633293733268589,0.0,0.65,0.35,0.0,0.4670340276877455
39633290054862917,0.0,0.87,0.13,0.0,0.2787190925139945
39633290038085787,0.0,0.09,0.91,0.0,0.21823490853205144
39633290038085764,0.0,0.0,0.99,0.01,0.04039656794795559
39633290038085603,0.0,0.1,0.9,0.0,0.2344977967946406
39633290038085480,0.0,0.72,0.28,0.0,0.4277254052800653
39633267661473814,0.0,0.25,0.75,0.0,0.4056390622295664
39633267682443866,0.0,0.73,0.27,0.0,0.42073231810408784
39633267661473884,0.0,0.14,0.86,0.0,0.292119405821428
39633267661473846,0.0,0.45,0.55,0.0,0.49638722699390414
39633267657279489,0.0,0.99,0.01,0.0,0.04039656794795559
39633263869823067,0.0,0.7,0.3,0.0,0.44064544961534635
39633286368069300,0.0,0.54,0.46,0.0,0.49768921941011285
39633293733268678,0.0,0.75,0.25,0.0,0.4056390622295664
39633275227999500,0.0,0.8,0.2,0.0,0.36096404744368116
39633286372264680,0.0,0.94,0.06,0.0,0.16372245957723813
39633275190251006,0.0,0.27,0.73,0.0,0.42073231810408784
39633290075834738,0.0,0.65,0.35,0.0,0.4670340276877455
39633286351292008,0.0,0.08,0.91,0.01,0.24088153359695552
39633293733268713,0.0,1.0,0.0,0.0,-0.0
39633275194441762,0.0,0.27,0.73,0.0,0.42073231810408784
39633286351291949,0.0,0.33,0.67,0.0,0.4574631863898637
39633290033892137,0.0,0.98,0.02,0.0,0.07072027127091034
39633293733268324,0.0,0.43,0.57,0.0,0.4929075185894599
39633275190251192,0.0,0.25,0.75,0.0,0.4056390622295664
39633297344562190,0.0,0.28,0.72,0.0,0.4277254052800653
39633293733268467,0.0,0.68,0.32,0.0,0.45219072886224687
39633293733268290,0.0,0.65,0.35,0.0,0.4670340276877455
39633293708101930,0.0,0.84,0.16,0.0,0.3171547773202831
39633293737459883,0.0,0.86,0.14,0.0,0.292119405821428
39633271457318740,0.0,0.03,0.97,0.0,0.0971959289157881
39633293703907615,0.0,0.29,0.71,0.0,0.43436062316970225
39633286397428732,0.0,0.47,0.53,0.0,0.4987007942838698
39633286397428748,0.0,0.94,0.06,0.0,0.16372245957723813
39633282664500185,0.0,0.17,0.82,0.01,0.3678974314876692
39633308144895318,0.0,0.08,0.92,0.0,0.2010895951011364
39633297373922150,0.0,0.94,0.06,0.0,0.16372245957723813
39633267657278664,0.0,0.71,0.29,0.0,0.43436062316970225
39633267653086312,0.0,0.8,0.2,0.0,0.36096404744368116
39633297348756608,0.0,0.63,0.37,0.0,0.47533604634353294
39633297336176376,0.0,0.58,0.42,0.0,0.49072694751682683
39633271432151934,0.0,0.95,0.05,0.0,0.14319847855797813
39633271432151847,0.0,0.29,0.71,0.0,0.43436062316970225
39633263865628724,0.0,0.91,0.09,0.0,0.21823490853205144
39633263865628705,0.0,0.88,0.12,0.0,0.2646804326436822
39633278965122641,0.09,0.91,0.0,0.0,0.21823490853205144
39633275227999355,0.0,0.09,0.91,0.0,0.21823490853205144
39633275232190522,0.0,0.8,0.2,0.0,0.36096404744368116
39633275227999546,0.0,1.0,0.0,0.0,-0.0
39633267678252173,0.0,0.8,0.2,0.0,0.36096404744368116
39633267657278719,0.0,1.0,0.0,0.0,-0.0
39633263865628553,0.0,0.84,0.16,0.0,0.3171547773202831
39633267653086080,0.0,0.8,0.2,0.0,0.36096404744368116
39633263857239154,0.0,0.68,0.32,0.0,0.45219072886224687
39633290059056119,0.0,0.24,0.76,0.0,0.39752013969226113
39633275227999139,0.0,0.99,0.01,0.0,0.04039656794795559
39633290067446189,0.0,0.21,0.79,0.0,0.37074136996563684
39633286372265031,0.0,0.9,0.1,0.0,0.2344977967946406
39633263878211037,0.0,0.87,0.13,0.0,0.2787190925139945
39633297327785264,0.0,0.96,0.04,0.0,0.12114609454120741
39633300947471289,0.0,1.0,0.0,0.0,-0.0
39633282672889358,0.0,0.83,0.17,0.0,0.32885238937210975
39633278931568766,0.0,0.87,0.13,0.0,0.2787190925139945
39633282677080213,0.0,0.62,0.38,0.0,0.47902101111314976
39633278965123923,0.01,0.99,0.0,0.0,0.04039656794795559
39633286393234597,0.0,0.4,0.6,0.0,0.4854752972273343
39633271461511369,0.0,0.06,0.94,0.0,0.16372245957723813
39633300968443261,0.0,0.1,0.9,0.0,0.2344977967946406
39633275211221908,0.0,0.02,0.98,0.0,0.07072027127091034
39633275198636431,0.0,0.12,0.88,0.0,0.2646804326436822
39633290042279421,0.0,0.04,0.96,0.0,0.12114609454120741
39633263865627756,0.0,0.16,0.84,0.0,0.3171547773202831
39633282681277528,0.0,0.59,0.41,0.0,0.488250234378912
39633290067445339,0.0,0.73,0.27,0.0,0.42073231810408784
39633290054861386,0.0,0.86,0.14,0.0,0.292119405821428
39633290067444211,0.0,0.12,0.88,0.0,0.2646804326436822
39633278973509674,0.0,0.9,0.1,0.0,0.2344977967946406
39633293716489871,0.0,0.32,0.68,0.0,0.45219072886224687
39633304567153473,0.0,0.95,0.05,0.0,0.14319847855797813
39633282689666603,0.0,0.63,0.37,0.0,0.47533604634353294
39633278956734326,0.0,1.0,0.0,0.0,-0.0
39633282689666522,0.0,0.14,0.86,0.0,0.292119405821428
39633297357145229,0.0,0.97,0.03,0.0,0.0971959289157881
39633293712294730,0.0,0.05,0.95,0.0,0.14319847855797813
39633275211221482,0.0,0.64,0.36,0.0,0.4713415946277461
39633275194443795,0.0,0.56,0.44,0.0,0.4947937606110278
39633282689663447,0.0,0.14,0.86,0.0,0.292119405821428
39633290071639426,0.0,0.16,0.84,0.0,0.3171547773202831
39633297340367282,0.0,0.29,0.71,0.0,0.43436062316970225
39633271444736657,0.0,0.27,0.73,0.0,0.42073231810408784
39633297357145062,0.0,0.0,1.0,0.0,-0.0
39633297340367151,0.0,0.13,0.87,0.0,0.2787190925139945
39633297340367149,0.0,0.08,0.92,0.0,0.2010895951011364
39633297340367311,0.0,0.15,0.85,0.0,0.3049201523582002
39633271444736877,0.0,0.59,0.41,0.0,0.488250234378912
39633278944151488,0.0,0.05,0.94,0.01,0.1832231322266888
39633271444736860,0.0,0.03,0.97,0.0,0.0971959289157881
39633275194442089,0.0,0.45,0.55,0.0,0.49638722699390414
39633271440540306,0.0,0.36,0.64,0.0,0.4713415946277461
39633275207027902,0.0,0.79,0.21,0.0,0.37074136996563684
39633297357146442,0.0,0.07,0.93,0.0,0.18296182545011158
39633297357146410,0.0,0.6,0.4,0.0,0.4854752972273343
39633275211222081,0.0,0.01,0.97,0.02,0.11097036642660543
39633275211221972,0.0,0.67,0.33,0.0,0.4574631863898637
39633278956734321,0.0,0.06,0.94,0.0,0.16372245957723813
39633304567154328,0.0,0.93,0.07,0.0,0.18296182545011158
39633304567153574,0.0,0.55,0.45,0.0,0.49638722699390414
39633300964247206,0.0,0.0,1.0,0.0,-0.0
39633278973510155,0.0,0.97,0.03,0.0,0.0971959289157881
39633300972635238,0.0,0.39,0.61,0.0,0.4823997742525436
39633293712294498,0.0,0.29,0.71,0.0,0.43436062316970225
39633282677080790,0.0,1.0,0.0,0.0,-0.0
39633278973509891,0.0,0.29,0.71,0.0,0.43436062316970225
39633282693859685,0.0,0.32,0.68,0.0,0.45219072886224687
39633275198638225,0.0,0.24,0.76,0.0,0.39752013969226113
39633282656108601,0.0,0.18,0.82,0.0,0.34003852286413994
39633293712294458,0.0,0.2,0.8,0.0,0.36096404744368116
39633282689663253,0.0,0.86,0.14,0.0,0.292119405821428
39633275207025066,0.0,0.26,0.74,0.0,0.4133731862463089
39633271440540416,0.0,0.55,0.45,0.0,0.49638722699390414
39633278969317696,0.0,0.93,0.07,0.0,0.18296182545011158
39633293695517623,0.0,0.0,1.0,0.0,-0.0
39633278969317687,0.0,1.0,0.0,0.0,-0.0
39633304575541540,0.0,0.94,0.06,0.0,0.16372245957723813
39633278973510412,0.0,0.06,0.93,0.01,0.20367037270049304
39633297340368876,0.0,0.68,0.32,0.0,0.45219072886224687
39633275211219087,0.0,0.69,0.31,0.0,0.4465867291889284
39633275219609142,0.0,0.06,0.94,0.0,0.16372245957723813
39633275207028493,0.0,0.02,0.98,0.0,0.07072027127091034
39633275198638056,0.0,0.04,0.96,0.0,0.12114609454120741
39633275219609382,0.0,0.87,0.13,0.0,0.2787190925139945
39633300976829702,0.0,0.04,0.96,0.0,0.12114609454120741
39633275219609386,0.0,0.59,0.41,0.0,0.488250234378912
39633286363875899,0.0,0.43,0.57,0.0,0.4929075185894599
39633278935761604,0.0,0.88,0.12,0.0,0.2646804326436822
39633286351291563,0.0,0.28,0.72,0.0,0.4277254052800653
39633300964247272,0.0,0.87,0.13,0.0,0.2787190925139945
39633275219609519,0.0,0.36,0.64,0.0,0.4713415946277461
39633297340368848,0.0,0.08,0.92,0.0,0.2010895951011364
39633300976829705,0.0,0.06,0.94,0.0,0.16372245957723813
39633293708099762,0.0,1.0,0.0,0.0,-0.0
39633286363875582,0.0,0.29,0.71,0.0,0.43436062316970225
39633282685470996,0.0,0.98,0.02,0.0,0.07072027127091034
39633271440541584,0.0,0.05,0.95,0.0,0.14319847855797813
39633282685470880,0.0,0.02,0.98,0.0,0.07072027127091034
39633297357146016,0.0,0.02,0.97,0.01,0.11097036642660543
39633297357146082,0.0,0.0,0.71,0.29,0.43436062316970225
39633282656110071,0.0,0.02,0.97,0.01,0.11097036642660543
39633290067444221,0.0,0.8,0.2,0.0,0.36096404744368116
39633297357146262,0.0,0.07,0.93,0.0,0.18296182545011158
39633267657281530,0.0,0.09,0.9,0.01,0.2579475764741046
39633282656110050,0.0,0.09,0.91,0.0,0.21823490853205144
39633275207025166,0.0,0.09,0.91,0.0,0.21823490853205144
39633297357146345,0.0,0.06,0.94,0.0,0.16372245957723813
39633300981024793,0.0,0.19,0.81,0.0,0.3507357299419487
39633282647722849,0.03,0.97,0.0,0.0,0.0971959289157881
39633293691323879,0.0,0.99,0.01,0.0,0.04039656794795559
39633300976830595,0.0,0.99,0.01,0.0,0.04039656794795559
39633293703905364,0.0,0.0,0.98,0.02,0.07072027127091034
39633271453124828,0.0,0.54,0.46,0.0,0.49768921941011285
39633282647722928,0.0,0.99,0.01,0.0,0.04039656794795559
39633278939955863,0.0,0.72,0.28,0.0,0.4277254052800653
39633300985220000,0.0,0.25,0.75,0.0,0.4056390622295664
39633271453124866,0.0,0.01,0.99,0.0,0.04039656794795559
39633282656111034,0.0,0.02,0.95,0.03,0.1674722434193448
39633275227996351,0.0,0.48,0.52,0.0,0.4994227679976009
39633275227996422,0.0,0.2,0.8,0.0,0.36096404744368116
39633286359679170,0.0,0.05,0.95,0.0,0.14319847855797813
39633275227996332,0.0,0.22,0.78,0.0,0.38008375148098283
39633275227996328,0.0,0.04,0.94,0.02,0.19127133459887283
39633286359679259,0.0,0.01,0.99,0.0,0.04039656794795559
39633286359679222,0.0,0.23,0.77,0.0,0.38900565177326885
39633293703906406,0.0,0.58,0.42,0.0,0.49072694751682683
39633278969319261,0.0,0.97,0.03,0.0,0.0971959289157881
39633267657279292,0.0,0.66,0.34,0.0,0.46240935248651505
39633290071640013,0.0,0.57,0.43,0.0,0.4929075185894599
39633271448930213,0.0,0.0,0.95,0.05,0.14319847855797813
39633286363874363,0.0,0.0,0.98,0.02,0.07072027127091034
39633275198637571,0.0,0.17,0.83,0.0,0.32885238937210975
39633293729072347,0.02,0.96,0.02,0.0,0.14114609454120738
39633297357147179,0.0,0.99,0.01,0.0,0.04039656794795559
39633293729072234,0.0,0.73,0.27,0.0,0.42073231810408784
39633271432153959,0.01,0.83,0.16,0.0,0.3562867308783886
39633275227997199,0.0,0.47,0.53,0.0,0.4987007942838698
39633275207028100,0.0,0.58,0.42,0.0,0.49072694751682683
39633286376458388,0.0,0.91,0.09,0.0,0.21823490853205144
39633275227997013,0.0,0.81,0.19,0.0,0.3507357299419487
39633282647723269,0.0,0.87,0.13,0.0,0.2787190925139945
39633267678251208,0.0,0.91,0.09,0.0,0.21823490853205144
39633293729073042,0.0,0.45,0.55,0.0,0.49638722699390414
39633300976830512,0.0,0.13,0.86,0.01,0.31810566868628926
39633300976830520,0.0,0.25,0.75,0.0,0.4056390622295664
39633275227997140,0.0,0.82,0.18,0.0,0.34003852286413994
39633293691323898,0.0,0.86,0.14,0.0,0.292119405821428
39633282677080721,0.0,0.36,0.64,0.0,0.4713415946277461
39633286376458652,0.0,0.08,0.92,0.0,0.2010895951011364
39633304579738041,0.0,0.11,0.89,0.0,0.249957979082264
39633304579738330,0.0,0.04,0.96,0.0,0.12114609454120741
39633304579738123,0.0,0.79,0.21,0.0,0.37074136996563684
39633271457320363,0.0,0.48,0.52,0.0,0.4994227679976009
39633271457320453,0.0,0.25,0.75,0.0,0.4056390622295664
39633275202834073,0.0,0.46,0.54,0.0,0.49768921941011285
39633267661473312,0.0,0.25,0.75,0.0,0.4056390622295664
39633267661473364,0.0,0.45,0.55,0.0,0.49638722699390414
39633271457320309,0.0,0.15,0.85,0.0,0.3049201523582002
39633282651915515,0.0,0.77,0.23,0.0,0.38900565177326885
39633282651917835,0.0,0.33,0.67,0.0,0.4574631863898637
39633275207026381,0.0,0.65,0.35,0.0,0.4670340276877455
39633300951663790,0.0,0.11,0.88,0.01,0.28950944366190023
39633275207026339,0.0,0.91,0.09,0.0,0.21823490853205144
39633267665669070,0.0,1.0,0.0,0.0,-0.0
39633282681275015,0.0,0.85,0.15,0.0,0.3049201523582002
39633304579738740,0.0,0.49,0.51,0.0,0.49985572087640495
39633304579738757,0.0,0.07,0.93,0.0,0.18296182545011158
39633267665669010,0.0,0.65,0.35,0.0,0.4670340276877455
39633267665668850,0.0,0.31,0.69,0.0,0.4465867291889284
39633293695517165,0.01,0.84,0.15,0.0,0.3441379826496441
39633293695516999,0.0,0.76,0.24,0.0,0.39752013969226113
39633282672886722,0.0,0.72,0.28,0.0,0.4277254052800653
39633286380650871,0.0,0.18,0.82,0.0,0.34003852286413994
39633286363874585,0.0,0.01,0.98,0.01,0.08072027127091033
39633286363874526,0.0,0.0,0.85,0.15,0.3049201523582002
39633300981025237,0.0,0.57,0.43,0.0,0.4929075185894599
39633278960928852,0.0,0.73,0.27,0.0,0.42073231810408784
39633290046472445,0.0,0.38,0.62,0.0,0.47902101111314976
39633286397428634,0.0,0.52,0.48,0.0,0.4994227679976009
39633290033889715,0.0,0.31,0.69,0.0,0.4465867291889284
39633275198637506,0.0,0.25,0.75,0.0,0.4056390622295664
39633290063251110,0.0,0.77,0.23,0.0,0.38900565177326885
39633275207025260,0.0,0.98,0.02,0.0,0.07072027127091034
39633271457320208,0.03,0.96,0.01,0.0,0.13737165703039006
39633293737460509,0.0,0.32,0.68,0.0,0.45219072886224687
39633278956735933,0.0,0.48,0.52,0.0,0.4994227679976009
39633275194443827,0.0,0.42,0.58,0.0,0.49072694751682683
39633278956735745,0.0,0.12,0.88,0.0,0.2646804326436822
39633300964245696,0.0,0.74,0.26,0.0,0.4133731862463089
39633304579737999,0.0,0.93,0.07,0.0,0.18296182545011158
39633267657279148,0.0,0.63,0.37,0.0,0.47533604634353294
39633275207026652,0.0,0.08,0.92,0.0,0.2010895951011364
39633290029697043,0.0,0.15,0.85,0.0,0.3049201523582002
39633282651914970,0.0,0.82,0.18,0.0,0.34003852286413994
39633278960926924,0.0,0.58,0.42,0.0,0.49072694751682683
39633263865628353,0.0,0.81,0.19,0.0,0.3507357299419487
39633282677080180,0.0,0.0,1.0,0.0,-0.0
39633290033889804,0.0,0.75,0.25,0.0,0.4056390622295664
39633263865627784,0.01,0.98,0.01,0.0,0.08072027127091033
39633297340368867,0.0,0.77,0.23,0.0,0.38900565177326885
39633263865627744,0.0,0.06,0.94,0.0,0.16372245957723813
39633263865627741,0.0,0.98,0.02,0.0,0.07072027127091034
39633293716489770,0.0,0.9,0.1,0.0,0.2344977967946406
39633267661474848,0.0,0.65,0.35,0.0,0.4670340276877455
39633275219609082,0.0,0.7,0.3,0.0,0.44064544961534635
39633290063250330,0.0,0.35,0.65,0.0,0.4670340276877455
39633304562960934,0.0,0.13,0.87,0.0,0.2787190925139945
39633282689666244,0.0,0.69,0.31,0.0,0.4465867291889284
39633267665668774,0.0,0.12,0.88,0.0,0.2646804326436822
39633278969319105,0.0,0.68,0.32,0.0,0.45219072886224687
39633293712295022,0.0,0.03,0.95,0.02,0.1674722434193448
39633290063250248,0.0,0.36,0.64,0.0,0.4713415946277461
39633275219608853,0.0,0.17,0.83,0.0,0.32885238937210975
39633293712294996,0.0,0.52,0.48,0.0,0.4994227679976009
39633286380652757,0.0,0.98,0.02,0.0,0.07072027127091034
39633278927375896,0.0,0.93,0.07,0.0,0.18296182545011158
39633275219609167,0.0,0.37,0.63,0.0,0.47533604634353294
39633293712295043,0.0,0.51,0.49,0.0,0.49985572087640495
39633290071640941,0.0,0.92,0.08,0.0,0.2010895951011364
39633293691323582,0.0,0.08,0.92,0.0,0.2010895951011364
39633275198638624,0.0,0.29,0.71,0.0,0.43436062316970225
39633297348757549,0.0,0.32,0.68,0.0,0.45219072886224687
39633282668692191,0.0,0.99,0.01,0.0,0.04039656794795559
39633300976829904,0.0,0.1,0.9,0.0,0.2344977967946406
39633297357145145,0.0,0.44,0.56,0.0,0.4947937606110278
39633271440540761,0.0,0.73,0.27,0.0,0.42073231810408784
39633300976829846,0.0,0.35,0.65,0.0,0.4670340276877455
39633300955860052,0.0,0.21,0.79,0.0,0.37074136996563684
39633286393234536,0.0,0.42,0.58,0.0,0.49072694751682683
39633300976829994,0.0,0.15,0.85,0.0,0.3049201523582002
39633286376457236,0.0,0.63,0.37,0.0,0.47533604634353294
39633267665668810,0.0,0.25,0.75,0.0,0.4056390622295664
39633286368069688,0.0,0.68,0.32,0.0,0.45219072886224687
39633297348757931,0.0,0.02,0.91,0.07,0.2526241113249394
39633275223804548,0.0,0.53,0.47,0.0,0.4987007942838698
39633297348758135,0.0,0.02,0.96,0.02,0.14114609454120738
39633267665668700,0.0,0.0,1.0,0.0,-0.0
39633293716489439,0.0,0.01,0.99,0.0,0.04039656794795559
39633282677080241,0.0,0.02,0.98,0.0,0.07072027127091034
39633267661474342,0.0,0.92,0.08,0.0,0.2010895951011364
39633300951663614,0.0,0.16,0.84,0.0,0.3171547773202831
39633300951663597,0.0,0.71,0.29,0.0,0.43436062316970225
39633293712295121,0.0,0.76,0.24,0.0,0.39752013969226113
39633293712295113,0.0,0.3,0.7,0.0,0.44064544961534635
39633267661474417,0.0,0.1,0.9,0.0,0.2344977967946406
39633290063250255,0.0,0.9,0.1,0.0,0.2344977967946406
39633293691323234,0.0,0.85,0.15,0.0,0.3049201523582002
39633286393236206,0.0,0.26,0.74,0.0,0.4133731862463089
39633300955860478,0.0,0.67,0.33,0.0,0.4574631863898637
39633286393235990,0.0,0.99,0.01,0.0,0.04039656794795559
39633282677080377,0.0,0.68,0.32,0.0,0.45219072886224687
39633282677080316,0.0,0.55,0.45,0.0,0.49638722699390414
39633286380650675,0.0,0.81,0.19,0.0,0.3507357299419487
39633286380650634,0.0,0.4,0.6,0.0,0.4854752972273343
39633290063251007,0.0,0.82,0.18,0.0,0.34003852286413994
39633293737460731,0.0,0.72,0.28,0.0,0.4277254052800653
39633267665668767,0.0,0.02,0.98,0.0,0.07072027127091034
39633297348757474,0.0,0.23,0.77,0.0,0.38900565177326885
39633282651915314,0.0,0.0,1.0,0.0,-0.0
39633293737460651,0.0,0.21,0.79,0.0,0.37074136996563684
39633300964247513,0.0,0.87,0.13,0.0,0.2787190925139945
39633275223804285,0.0,0.57,0.43,0.0,0.4929075185894599
39633286384845685,0.01,0.75,0.24,0.0,0.4359255858648683
39633275223804232,0.0,0.94,0.06,0.0,0.16372245957723813
39633271432153031,0.0,0.85,0.15,0.0,0.3049201523582002
39633271432153119,0.0,0.72,0.28,0.0,0.4277254052800653
39633304562958750,0.0,0.65,0.35,0.0,0.4670340276877455
39633278973509970,0.0,0.16,0.84,0.0,0.3171547773202831
39633267682445530,0.0,0.22,0.78,0.0,0.38008375148098283
39633267657279236,0.0,0.71,0.29,0.0,0.43436062316970225
39633290050667511,0.01,0.98,0.01,0.0,0.08072027127091033
39633282677080441,0.0,0.45,0.55,0.0,0.49638722699390414
39633297331981541,0.0,0.0,0.98,0.02,0.07072027127091034
39633293708099695,0.0,0.61,0.39,0.0,0.4823997742525436
39633275194442220,0.0,1.0,0.0,0.0,-0.0
39633293691324671,0.0,0.14,0.86,0.0,0.292119405821428
39633275194442396,0.0,0.08,0.92,0.0,0.2010895951011364
39633275198636619,0.0,0.22,0.78,0.0,0.38008375148098283
39633275194442347,0.0,0.11,0.89,0.0,0.249957979082264
39633282677080952,0.0,0.7,0.3,0.0,0.44064544961534635
39633271444736954,0.0,0.01,0.99,0.0,0.04039656794795559
39633290067445738,0.0,0.94,0.06,0.0,0.16372245957723813
39633275194442258,0.0,0.05,0.95,0.0,0.14319847855797813
39633293708099743,0.0,0.8,0.2,0.0,0.36096404744368116
39633297357146799,0.0,0.04,0.94,0.02,0.19127133459887283
39633275207025410,0.0,0.11,0.89,0.0,0.249957979082264
39633308132313214,0.0,0.07,0.93,0.0,0.18296182545011158
39633275227996792,0.0,0.12,0.88,0.0,0.2646804326436822
39633297344563160,0.0,0.0,0.99,0.01,0.04039656794795559
39633293729073624,0.0,0.88,0.12,0.0,0.2646804326436822
39633293712294354,0.0,0.19,0.81,0.0,0.3507357299419487
39633267657281333,0.0,0.1,0.89,0.01,0.27413031336294724
39633293729073497,0.0,0.53,0.47,0.0,0.4987007942838698
39633267657281462,0.0,0.87,0.13,0.0,0.2787190925139945
39633297344563126,0.0,0.31,0.69,0.0,0.4465867291889284
39633282693857887,0.0,0.22,0.78,0.0,0.38008375148098283
39633282693857849,0.0,0.26,0.74,0.0,0.4133731862463089
39633267657279169,0.0,0.38,0.62,0.0,0.47902101111314976
39633293703906664,0.0,0.07,0.93,0.0,0.18296182545011158
39633282677081190,0.0,0.07,0.93,0.0,0.18296182545011158
39633290067445675,0.0,0.42,0.58,0.0,0.49072694751682683
39633267657281070,0.0,0.28,0.72,0.0,0.4277254052800653
39633300960051577,0.0,0.73,0.27,0.0,0.42073231810408784
39633304554570684,0.0,0.29,0.7,0.01,0.4722717946631261
39633278969319133,0.0,0.42,0.58,0.0,0.49072694751682683
39633271432152392,0.0,0.79,0.21,0.0,0.37074136996563684
39633278923180560,0.0,0.97,0.03,0.0,0.0971959289157881
39633278923181348,0.0,1.0,0.0,0.0,-0.0
39633271432152685,0.0,0.0,0.96,0.04,0.12114609454120741
39633278923181447,0.0,1.0,0.0,0.0,-0.0
39633271432152454,0.0,0.74,0.26,0.0,0.4133731862463089
39633278923181508,0.0,0.82,0.18,0.0,0.34003852286413994
39633282647720917,0.0,0.49,0.51,0.0,0.49985572087640495
39633293691322933,0.0,0.71,0.29,0.0,0.43436062316970225
39633278923181922,0.0,0.58,0.42,0.0,0.49072694751682683
39633282647721303,0.0,1.0,0.0,0.0,-0.0
39633282647721064,0.0,0.68,0.32,0.0,0.45219072886224687
39633267678251136,0.0,0.97,0.03,0.0,0.0971959289157881
39633282677080379,0.0,0.47,0.53,0.0,0.4987007942838698
39633275207028288,0.0,0.01,0.95,0.04,0.16124668093016215
39633293729072341,0.0,0.0,0.67,0.33,0.4574631863898637
39633275207026482,0.0,0.4,0.6,0.0,0.4854752972273343
39633271440539940,0.0,0.08,0.92,0.0,0.2010895951011364
39633278948344273,0.0,0.3,0.7,0.0,0.44064544961534635
39633282677080199,0.0,0.1,0.9,0.0,0.2344977967946406
39633275211220155,0.0,0.82,0.18,0.0,0.34003852286413994
39633271465707907,0.0,0.26,0.74,0.0,0.4133731862463089
39633290059056142,0.0,0.17,0.83,0.0,0.32885238937210975
39633290059057125,0.0,0.47,0.53,0.0,0.4987007942838698
39633304554570389,0.0,0.49,0.51,0.0,0.49985572087640495
39633286351290824,0.0,0.1,0.9,0.0,0.2344977967946406
39633271432153361,0.0,0.96,0.04,0.0,0.12114609454120741
39633271432152585,0.0,0.0,0.86,0.14,0.292119405821428
39633290059057066,0.0,0.93,0.07,0.0,0.18296182545011158
39633286393234455,0.0,0.86,0.14,0.0,0.292119405821428
39633297336173670,0.0,0.76,0.24,0.0,0.39752013969226113
39633282647721675,0.0,0.82,0.18,0.0,0.34003852286413994
39633275227996911,0.0,0.5,0.5,0.0,0.5
39633267661473204,0.0,0.02,0.98,0.0,0.07072027127091034
39633282681277553,0.0,0.01,0.99,0.0,0.04039656794795559
39633300964248397,0.0,0.1,0.9,0.0,0.2344977967946406
39633286397428858,0.0,0.51,0.49,0.0,0.49985572087640495
39633297344563254,0.0,0.02,0.97,0.01,0.11097036642660543
39633286363874576,0.0,0.06,0.94,0.0,0.16372245957723813
39633275223804904,0.0,0.85,0.15,0.0,0.3049201523582002
39633271465706345,0.0,0.7,0.3,0.0,0.44064544961534635
39633293729073420,0.0,0.86,0.14,0.0,0.292119405821428
39633271465706745,0.0,0.48,0.52,0.0,0.4994227679976009
39633293687131130,0.0,0.2,0.8,0.0,0.36096404744368116
39633286351291720,0.0,0.22,0.78,0.0,0.38008375148098283
39633293687131139,0.0,0.68,0.32,0.0,0.45219072886224687
39633271432153151,0.0,0.44,0.56,0.0,0.4947937606110278
39633293712295345,0.0,0.34,0.66,0.0,0.46240935248651505
39633282647721586,0.0,0.95,0.05,0.0,0.14319847855797813
39633290059057063,0.0,0.46,0.54,0.0,0.49768921941011285
39633275198637833,0.0,0.44,0.56,0.0,0.4947937606110278
39633290059057165,0.0,0.75,0.25,0.0,0.4056390622295664
39633293712295516,0.0,0.13,0.87,0.0,0.2787190925139945
39633293687130983,0.01,0.68,0.31,0.0,0.48429030075228124
39633290059057138,0.0,0.24,0.76,0.0,0.39752013969226113
39633290059055812,0.0,0.0,0.99,0.01,0.04039656794795559
39633286351290675,0.0,0.41,0.59,0.0,0.488250234378912
39633282677081270,0.0,0.01,0.97,0.02,0.11097036642660543
39633286347098630,0.0,0.6,0.4,0.0,0.4854752972273343
39633286376458831,0.0,0.55,0.45,0.0,0.49638722699390414
39633286347098498,0.0,0.48,0.52,0.0,0.4994227679976009
39633293687131175,0.0,0.98,0.02,0.0,0.07072027127091034
39633293687131295,0.0,0.69,0.31,0.0,0.4465867291889284
39633271444734998,0.0,0.7,0.3,0.0,0.44064544961534635
39633267661474220,0.0,0.68,0.32,0.0,0.45219072886224687
39633267653084775,0.09,0.91,0.0,0.0,0.21823490853205144
39633278935764103,0.0,0.73,0.27,0.0,0.42073231810408784
39633267661474686,0.0,0.98,0.02,0.0,0.07072027127091034
39633297348758331,0.0,0.85,0.15,0.0,0.3049201523582002
39633300951663212,0.01,0.99,0.0,0.0,0.04039656794795559
39633293708099683,0.0,0.98,0.02,0.0,0.07072027127091034
39633286380650908,0.0,0.51,0.49,0.0,0.49985572087640495
39633300968441079,0.0,0.56,0.44,0.0,0.4947937606110278
39633286380650844,0.0,0.64,0.36,0.0,0.4713415946277461
39633300951663099,0.02,0.96,0.02,0.0,0.14114609454120738
39633300951663561,0.0,0.56,0.44,0.0,0.4947937606110278
39633267657279068,0.0,0.76,0.24,0.0,0.39752013969226113
39633290059055684,0.01,0.97,0.02,0.0,0.11097036642660543
39633278923180933,0.0,0.97,0.03,0.0,0.0971959289157881
39633275186054602,0.0,0.76,0.24,0.0,0.39752013969226113
39633271432151833,0.0,0.8,0.2,0.0,0.36096404744368116
39633286347097472,0.0,0.61,0.39,0.0,0.4823997742525436
39633278923181120,0.0,0.6,0.4,0.0,0.4854752972273343
39633282647720405,0.0,0.83,0.17,0.0,0.32885238937210975
39633278923180426,0.0,0.94,0.06,0.0,0.16372245957723813
39633278923181583,0.0,0.8,0.2,0.0,0.36096404744368116
39633275186054465,0.0,0.77,0.23,0.0,0.38900565177326885
39633271432152709,0.0,0.14,0.86,0.0,0.292119405821428
39633278923181170,0.0,0.19,0.81,0.0,0.3507357299419487
39633278923181245,0.0,0.96,0.04,0.0,0.12114609454120741
39633278923181239,0.01,0.75,0.24,0.0,0.4359255858648683
39633278923181121,0.0,0.37,0.63,0.0,0.47533604634353294
39633275186055725,0.02,0.98,0.0,0.0,0.07072027127091034
39633275186055829,0.0,0.9,0.1,0.0,0.2344977967946406
39633275186055880,0.0,0.16,0.84,0.0,0.3171547773202831
39633275186053594,0.0,1.0,0.0,0.0,-0.0
39633286351290885,0.0,0.93,0.07,0.0,0.18296182545011158
39633271465708237,0.0,0.48,0.52,0.0,0.4994227679976009
39633271465707946,0.0,0.92,0.08,0.0,0.2010895951011364
39633271465708315,0.0,0.95,0.05,0.0,0.14319847855797813
39633271465708099,0.0,0.49,0.51,0.0,0.49985572087640495
39633282677080278,0.0,0.74,0.26,0.0,0.4133731862463089
39633293687130877,0.0,0.77,0.23,0.0,0.38900565177326885
39633286347099168,0.0,0.38,0.62,0.0,0.47902101111314976
39633293687130840,0.0,0.32,0.68,0.0,0.45219072886224687
39633286347098854,0.0,0.41,0.59,0.0,0.488250234378912
39633293687130556,0.0,0.96,0.04,0.0,0.12114609454120741
39633308132313554,0.0,0.75,0.25,0.0,0.4056390622295664
39633297331979051,0.0,0.98,0.02,0.0,0.07072027127091034
39633286347098760,0.0,0.64,0.36,0.0,0.4713415946277461
39633297331978953,0.0,0.07,0.92,0.01,0.22283217282912027
39633293724879321,0.0,0.59,0.41,0.0,0.488250234378912
39633293724879541,0.0,0.59,0.41,0.0,0.488250234378912
39633286363875179,0.0,0.74,0.26,0.0,0.4133731862463089
39633275186054494,0.0,0.2,0.8,0.0,0.36096404744368116
39633271432151374,0.0,0.45,0.55,0.0,0.49638722699390414
39633286376457548,0.0,0.82,0.18,0.0,0.34003852286413994
39633282647720614,0.0,0.76,0.24,0.0,0.39752013969226113
39633286376458887,0.0,0.8,0.2,0.0,0.36096404744368116
39633293691323088,0.0,0.93,0.07,0.0,0.18296182545011158
39633293687130935,0.0,0.66,0.34,0.0,0.46240935248651505
39633267678251447,0.0,0.0,1.0,0.0,-0.0
39633267678251431,0.0,0.91,0.09,0.0,0.21823490853205144
39633286376458959,0.0,0.85,0.15,0.0,0.3049201523582002
39633282647721557,0.0,1.0,0.0,0.0,-0.0
39633282672887315,0.0,0.65,0.35,0.0,0.4670340276877455
39633290042279667,0.0,0.92,0.08,0.0,0.2010895951011364
39633278960927491,0.0,0.58,0.42,0.0,0.49072694751682683
39633278927375829,0.0,0.99,0.01,0.0,0.04039656794795559
39633278927375809,0.0,0.25,0.75,0.0,0.4056390622295664
39633297352951808,0.0,0.6,0.4,0.0,0.4854752972273343
39633282693858357,0.0,0.82,0.18,0.0,0.34003852286413994
39633275194442366,0.0,0.64,0.36,0.0,0.4713415946277461
39633275207024968,0.0,0.28,0.72,0.0,0.4277254052800653
39633300960051237,0.0,0.63,0.37,0.0,0.47533604634353294
39633297352950419,0.0,0.14,0.86,0.0,0.292119405821428
39633275194444620,0.0,0.37,0.63,0.0,0.47533604634353294
39633282660304364,0.0,0.0,0.99,0.01,0.04039656794795559
39633293729073446,0.0,0.02,0.98,0.0,0.07072027127091034
39633297344563290,0.0,0.71,0.29,0.0,0.43436062316970225
39633275211220396,0.0,0.69,0.31,0.0,0.4465867291889284
39633282689663690,0.0,0.8,0.2,0.0,0.36096404744368116
39633290067444028,0.0,0.27,0.73,0.0,0.42073231810408784
39633293703906949,0.0,0.49,0.51,0.0,0.49985572087640495
39633275211219248,0.0,0.8,0.2,0.0,0.36096404744368116
39633300960051257,0.0,0.11,0.89,0.0,0.249957979082264
39633304567154372,0.0,0.52,0.48,0.0,0.4994227679976009
39633290071639470,0.0,0.57,0.43,0.0,0.4929075185894599
39633271461511728,0.0,0.61,0.39,0.0,0.4823997742525436
39633271461511533,0.0,0.39,0.61,0.0,0.4823997742525436
39633304567154522,0.0,0.59,0.41,0.0,0.488250234378912
39633278927375893,0.0,0.38,0.62,0.0,0.47902101111314976
39633304567154544,0.0,0.33,0.67,0.0,0.4574631863898637
39633275194442203,0.0,0.82,0.18,0.0,0.34003852286413994
39633271465705624,0.0,0.02,0.98,0.0,0.07072027127091034
39633290063251629,0.0,0.77,0.23,0.0,0.38900565177326885
39633304567154427,0.0,0.11,0.89,0.0,0.249957979082264
39633290071639638,0.01,0.85,0.14,0.0,0.33142210248480686
39633300960052828,0.0,0.0,0.99,0.01,0.04039656794795559
39633308136508515,0.0,0.99,0.01,0.0,0.04039656794795559
39633286393234563,0.0,0.94,0.06,0.0,0.16372245957723813
39633304558764284,0.0,0.16,0.84,0.0,0.3171547773202831
39633304558764261,0.0,0.89,0.11,0.0,0.249957979082264
39633286393234558,0.0,0.45,0.55,0.0,0.49638722699390414
39633290067443823,0.0,0.18,0.82,0.0,0.34003852286413994
39633308136508273,0.0,0.64,0.36,0.0,0.4713415946277461
39633282664498530,0.0,0.05,0.95,0.0,0.14319847855797813
39633308136508540,0.0,0.85,0.15,0.0,0.3049201523582002
39633286347099892,0.0,0.26,0.74,0.0,0.4133731862463089
39633300964245870,0.0,0.93,0.07,0.0,0.18296182545011158
39633286376458436,0.0,0.91,0.09,0.0,0.21823490853205144
39633308144895692,0.0,1.0,0.0,0.0,-0.0
39633293724880285,0.0,0.5,0.5,0.0,0.5
39633271461511752,0.0,0.42,0.58,0.0,0.49072694751682683
39633308144895481,0.0,0.92,0.08,0.0,0.2010895951011364
39633293712295730,0.0,0.19,0.81,0.0,0.3507357299419487
39633293729072420,0.0,0.08,0.92,0.0,0.2010895951011364
39633293712294586,0.0,0.2,0.8,0.0,0.36096404744368116
39633282668692497,0.0,0.29,0.71,0.0,0.43436062316970225
39633290075834713,0.0,0.4,0.6,0.0,0.4854752972273343
39633293691325504,0.0,0.21,0.79,0.0,0.37074136996563684
39633271432154343,0.0,0.66,0.34,0.0,0.46240935248651505
39633286368070707,0.0,0.23,0.77,0.0,0.38900565177326885
39633282668693047,0.0,0.74,0.26,0.0,0.4133731862463089
39633293733268663,0.0,0.01,0.99,0.0,0.04039656794795559
39633304583929871,0.0,0.69,0.31,0.0,0.4465867291889284
39633290042279304,0.0,0.14,0.86,0.0,0.292119405821428
39633275223804798,0.0,0.23,0.77,0.0,0.38900565177326885
39633286384847053,0.0,0.96,0.04,0.0,0.12114609454120741
39633304579738807,0.0,0.02,0.98,0.0,0.07072027127091034
39633304579736164,0.0,0.99,0.01,0.0,0.04039656794795559
39633308136508328,0.0,1.0,0.0,0.0,-0.0
39633290075832806,0.0,0.09,0.91,0.0,0.21823490853205144
39633286376458304,0.0,0.25,0.75,0.0,0.4056390622295664
39633293712295537,0.0,0.71,0.29,0.0,0.43436062316970225
39633275207026416,0.0,0.77,0.23,0.0,0.38900565177326885
39633282677080849,0.0,0.02,0.98,0.0,0.07072027127091034
39633304579736344,0.0,0.67,0.33,0.0,0.4574631863898637
39633308136508219,0.0,0.96,0.04,0.0,0.12114609454120741
39633293729071153,0.0,0.0,0.96,0.04,0.12114609454120741
39633308136508210,0.0,0.98,0.02,0.0,0.07072027127091034
39633267657280198,0.0,0.02,0.93,0.05,0.2131710453499437
39633271440540561,0.0,0.28,0.72,0.0,0.4277254052800653
39633290067444020,0.0,0.3,0.7,0.0,0.44064544961534635
39633290067443996,0.0,0.9,0.1,0.0,0.2344977967946406
39633267657280219,0.0,0.06,0.92,0.02,0.2335407200795017
39633275223804200,0.0,0.53,0.47,0.0,0.4987007942838698
39633271457320317,0.0,0.26,0.74,0.0,0.4133731862463089
39633304554571104,0.0,0.36,0.64,0.0,0.4713415946277461
39633286393234278,0.0,0.21,0.79,0.0,0.37074136996563684
39633304554570982,0.15,0.85,0.0,0.0,0.3049201523582002
39633267657280328,0.0,0.04,0.96,0.0,0.12114609454120741
39633290063250195,0.0,1.0,0.0,0.0,-0.0
39633271453124989,0.0,0.38,0.62,0.0,0.47902101111314976
39633267661473947,0.0,0.04,0.96,0.0,0.12114609454120741
39633267661474291,0.0,0.41,0.59,0.0,0.488250234378912
39633293729072424,0.0,0.7,0.3,0.0,0.44064544961534635
39633304554570746,0.0,0.91,0.09,0.0,0.21823490853205144
39633271440540810,0.0,0.12,0.88,0.0,0.2646804326436822
39633275223804078,0.0,0.34,0.66,0.0,0.46240935248651505
39633304558764180,0.0,0.38,0.62,0.0,0.47902101111314976
39633271432154105,0.0,0.18,0.82,0.0,0.34003852286413994
39633286389039334,0.0,0.07,0.93,0.0,0.18296182545011158
39633290029695674,0.0,0.84,0.16,0.0,0.3171547773202831
39633308136506143,0.0,0.99,0.01,0.0,0.04039656794795559
39633308136505754,0.0,0.93,0.07,0.0,0.18296182545011158
39633278935762093,0.0,0.0,0.97,0.03,0.0971959289157881
39633290075834240,0.0,0.88,0.12,0.0,0.2646804326436822
39633275223804431,0.0,0.21,0.79,0.0,0.37074136996563684
39633290075832538,0.0,0.55,0.45,0.0,0.49638722699390414
39633275194444385,0.0,0.55,0.45,0.0,0.49638722699390414
39633286363874595,0.0,0.31,0.69,0.0,0.4465867291889284
39633290075834200,0.0,0.92,0.08,0.0,0.2010895951011364
39633275194442298,0.0,0.04,0.96,0.0,0.12114609454120741
39633286389040787,0.0,0.37,0.63,0.0,0.47533604634353294
39633300960052772,0.0,0.32,0.68,0.0,0.45219072886224687
39633271432154072,0.0,0.31,0.69,0.0,0.4465867291889284
39633286351290479,0.0,0.8,0.2,0.0,0.36096404744368116
39633271432152279,0.0,0.92,0.08,0.0,0.2010895951011364
39633282647720680,0.0,0.95,0.05,0.0,0.14319847855797813
39633286347097476,0.0,0.35,0.65,0.0,0.4670340276877455
39633293691322549,0.0,0.61,0.39,0.0,0.4823997742525436
39633293687131300,0.0,0.13,0.87,0.0,0.2787190925139945
39633278923180809,0.0,0.52,0.48,0.0,0.4994227679976009
39633293691322929,0.0,0.75,0.25,0.0,0.4056390622295664
39633293691322844,0.0,0.97,0.03,0.0,0.0971959289157881
39633267661475855,0.0,0.11,0.89,0.0,0.249957979082264
39633278923180828,0.0,0.74,0.26,0.0,0.4133731862463089
39633282647721126,0.0,0.42,0.58,0.0,0.49072694751682683
39633286363875644,0.0,0.59,0.41,0.0,0.488250234378912
39633304550375890,0.0,0.76,0.24,0.0,0.39752013969226113
39633304550377219,0.0,1.0,0.0,0.0,-0.0
39633286376457951,0.0,0.23,0.77,0.0,0.38900565177326885
39633286376457981,0.0,0.67,0.33,0.0,0.4574631863898637
39633304550375864,0.0,0.98,0.02,0.0,0.07072027127091034
39633282672887012,0.0,0.53,0.47,0.0,0.4987007942838698
39633304554570610,0.0,0.62,0.38,0.0,0.47902101111314976
39633300964246773,0.0,0.55,0.45,0.0,0.49638722699390414
39633290029696294,0.0,0.43,0.57,0.0,0.4929075185894599
39633308136505736,0.0,0.71,0.29,0.0,0.43436062316970225
39633290029696397,0.0,0.61,0.39,0.0,0.4823997742525436
39633290029696383,0.0,0.7,0.3,0.0,0.44064544961534635
39633308136506402,0.0,0.8,0.2,0.0,0.36096404744368116
39633282672887826,0.0,0.89,0.11,0.0,0.249957979082264
39633282677081113,0.0,0.4,0.6,0.0,0.4854752972273343
39633275223804862,0.0,0.91,0.09,0.0,0.21823490853205144
39633286363875669,0.0,0.42,0.58,0.0,0.49072694751682683
39633286376458273,0.0,0.16,0.84,0.0,0.3171547773202831
39633304550376605,0.0,0.99,0.01,0.0,0.04039656794795559
39633300947471755,0.0,0.28,0.72,0.0,0.4277254052800653
39633300951662624,0.01,0.98,0.01,0.0,0.08072027127091033
39633300951662747,0.0,0.86,0.14,0.0,0.292119405821428
39633282647720425,0.0,1.0,0.0,0.0,-0.0
39633271432153197,0.0,0.24,0.76,0.0,0.39752013969226113
39633282677080918,0.0,0.87,0.13,0.0,0.2787190925139945
39633286363875663,0.0,0.32,0.68,0.0,0.45219072886224687
39633290067446209,0.0,0.2,0.8,0.0,0.36096404744368116
39633286363875700,0.0,0.01,0.99,0.0,0.04039656794795559
39633304550377776,0.04,0.96,0.0,0.0,0.12114609454120741
39633304554569935,0.0,0.54,0.46,0.0,0.49768921941011285
39633308136505867,0.0,0.99,0.01,0.0,0.04039656794795559
39633304579736202,0.0,0.99,0.01,0.0,0.04039656794795559
39633282647721253,0.0,0.82,0.18,0.0,0.34003852286413994
39633304579736263,0.0,0.98,0.02,0.0,0.07072027127091034
39633290059056199,0.0,1.0,0.0,0.0,-0.0
39633297344563752,0.0,0.34,0.66,0.0,0.46240935248651505
39633304554570017,0.0,0.99,0.01,0.0,0.04039656794795559
39633304554570021,0.0,0.97,0.03,0.0,0.0971959289157881
39633293687130387,0.0,0.46,0.54,0.0,0.49768921941011285
39633304546184283,0.0,0.92,0.08,0.0,0.2010895951011364
39633308136508537,0.0,0.97,0.03,0.0,0.0971959289157881
39633304550377794,0.0,0.78,0.22,0.0,0.38008375148098283
39633304550377148,0.0,0.85,0.15,0.0,0.3049201523582002
39633304550377073,0.0,0.97,0.03,0.0,0.0971959289157881
39633304550377067,0.0,0.76,0.24,0.0,0.39752013969226113
39633304550377035,0.0,0.45,0.55,0.0,0.49638722699390414
39633304550377933,0.0,0.85,0.15,0.0,0.3049201523582002
39633304554569920,0.0,0.9,0.1,0.0,0.2344977967946406
39633304550376186,0.0,0.61,0.39,0.0,0.4823997742525436
39633286347098189,0.0,0.73,0.27,0.0,0.42073231810408784
39633293691322688,0.0,0.16,0.84,0.0,0.3171547773202831
39633282647721312,0.01,0.89,0.1,0.0,0.27413031336294724
39633300951662757,0.0,0.76,0.24,0.0,0.39752013969226113
39633308136506000,0.0,0.95,0.05,0.0,0.14319847855797813
39633308128118812,0.0,0.51,0.49,0.0,0.49985572087640495
39633304579736415,0.0,0.99,0.01,0.0,0.04039656794795559
39633290029695498,0.0,0.95,0.05,0.0,0.14319847855797813
39633300951663083,0.0,0.91,0.09,0.0,0.21823490853205144
39633293691323945,0.0,0.73,0.27,0.0,0.42073231810408784
39633293712294491,0.0,0.03,0.97,0.0,0.0971959289157881
39633282647720381,0.02,0.98,0.0,0.0,0.07072027127091034
39633271432152387,0.0,0.98,0.02,0.0,0.07072027127091034
39633271432152038,0.0,0.38,0.62,0.0,0.47902101111314976
39633267648891696,0.0,1.0,0.0,0.0,-0.0
39633290029695079,0.0,0.94,0.06,0.0,0.16372245957723813
39633290025504074,0.0,0.66,0.34,0.0,0.46240935248651505
39633271427960179,0.0,0.92,0.08,0.0,0.2010895951011364
39633300951663194,0.0,0.02,0.98,0.0,0.07072027127091034
39633293687131296,0.0,0.9,0.1,0.0,0.2344977967946406
39633308132313713,0.0,0.52,0.48,0.0,0.4994227679976009
39633293687130475,0.0,0.99,0.01,0.0,0.04039656794795559
39633293687130552,0.0,0.92,0.08,0.0,0.2010895951011364
39633293687130767,0.0,0.42,0.58,0.0,0.49072694751682683
39633271432151159,0.0,0.04,0.94,0.02,0.19127133459887283
39633290067446124,0.0,0.42,0.58,0.0,0.49072694751682683
39633278923179665,0.0,0.85,0.15,0.0,0.3049201523582002
39633275186054205,0.0,0.71,0.29,0.0,0.43436062316970225
39633275186054158,0.0,0.17,0.83,0.0,0.32885238937210975
39633293687130403,0.0,0.56,0.44,0.0,0.4947937606110278
39633300947471687,0.0,0.8,0.2,0.0,0.36096404744368116
39633293687129906,0.0,0.48,0.52,0.0,0.4994227679976009
39633300947471056,0.0,0.97,0.03,0.0,0.0971959289157881
39633304546184249,0.0,0.88,0.12,0.0,0.2646804326436822
39633304546184618,0.0,0.59,0.41,0.0,0.488250234378912
39633300947471355,0.0,0.99,0.01,0.0,0.04039656794795559
39633300947471410,0.0,0.53,0.47,0.0,0.4987007942838698
39633290029695425,0.0,0.93,0.07,0.0,0.18296182545011158
39633293687129800,0.0,0.1,0.9,0.0,0.2344977967946406
39633282647720067,0.0,0.39,0.61,0.0,0.4823997742525436
39633304550378234,0.0,0.64,0.36,0.0,0.4713415946277461
39633293687131028,0.0,0.99,0.01,0.0,0.04039656794795559
39633263861433238,0.0,0.32,0.68,0.0,0.45219072886224687
39633293716490019,0.0,0.55,0.45,0.0,0.49638722699390414
39633290067445415,0.0,0.52,0.48,0.0,0.4994227679976009
39633267657279594,0.0,0.3,0.7,0.0,0.44064544961534635
39633275198636225,0.0,0.25,0.75,0.0,0.4056390622295664
39633278935762213,0.0,0.19,0.81,0.0,0.3507357299419487
39633278952539734,0.0,0.17,0.83,0.0,0.32885238937210975
39633278927375898,0.0,0.58,0.42,0.0,0.49072694751682683
39633267657281439,0.0,0.06,0.94,0.0,0.16372245957723813
39633286368070512,0.0,0.99,0.01,0.0,0.04039656794795559
39633293691325213,0.0,0.94,0.06,0.0,0.16372245957723813
39633282689663501,0.0,0.8,0.2,0.0,0.36096404744368116
39633278952539067,0.0,0.1,0.9,0.0,0.2344977967946406
39633286363876450,0.0,0.0,0.93,0.07,0.18296182545011158
39633282656109671,0.0,0.39,0.61,0.0,0.4823997742525436
39633282656109637,0.0,0.08,0.92,0.0,0.2010895951011364
39633271453124970,0.0,0.4,0.6,0.0,0.4854752972273343
39633300951664130,0.0,0.56,0.44,0.0,0.4947937606110278
39633282685471246,0.0,0.29,0.71,0.0,0.43436062316970225
39633300960053146,0.0,0.93,0.07,0.0,0.18296182545011158
39633271457317165,0.0,0.27,0.72,0.01,0.45884528157606164
39633278931569057,0.0,0.2,0.8,0.0,0.36096404744368116
39633297344564505,0.0,0.86,0.14,0.0,0.292119405821428
39633297344564482,0.0,0.96,0.04,0.0,0.12114609454120741
39633300951664227,0.0,0.0,0.99,0.01,0.04039656794795559
39633267682445802,0.0,0.32,0.68,0.0,0.45219072886224687
39633300968440961,0.0,0.12,0.88,0.0,0.2646804326436822
39633278931566843,0.0,0.59,0.41,0.0,0.488250234378912
39633282677083159,0.0,0.26,0.74,0.0,0.4133731862463089
39633290067445284,0.0,0.8,0.2,0.0,0.36096404744368116
39633267665666147,0.0,0.41,0.59,0.0,0.488250234378912
39633271432153705,0.0,0.87,0.13,0.0,0.2787190925139945
39633304558766348,0.0,0.14,0.85,0.01,0.33142210248480686
39633293712296148,0.0,0.21,0.79,0.0,0.37074136996563684
39633290033889627,0.0,0.47,0.53,0.0,0.4987007942838698
39633271444734719,0.0,0.7,0.3,0.0,0.44064544961534635
39633267665666344,0.0,0.57,0.43,0.0,0.4929075185894599
39633300960053135,0.0,1.0,0.0,0.0,-0.0
39633267661472292,0.0,0.44,0.56,0.0,0.4947937606110278
39633297336173575,0.0,0.2,0.8,0.0,0.36096404744368116
39633297336173569,0.0,0.24,0.76,0.0,0.39752013969226113
39633290063251382,0.0,0.48,0.52,0.0,0.4994227679976009
39633293716489932,0.0,0.72,0.28,0.0,0.4277254052800653
39633304571348992,0.0,0.64,0.36,0.0,0.4713415946277461
39633290063251537,0.0,0.29,0.71,0.0,0.43436062316970225
39633286372262014,0.0,0.07,0.93,0.0,0.18296182545011158
39633278960927304,0.0,0.22,0.78,0.0,0.38008375148098283
39633278960927364,0.0,0.59,0.41,0.0,0.488250234378912
39633278960927285,0.0,0.85,0.15,0.0,0.3049201523582002
39633278960927289,0.0,0.06,0.92,0.02,0.2335407200795017
39633290071640257,0.0,0.42,0.58,0.0,0.49072694751682683
39633286376457134,0.0,0.26,0.74,0.0,0.4133731862463089
39633286384848288,0.0,0.85,0.15,0.0,0.3049201523582002
39633290033889443,0.0,0.3,0.7,0.0,0.44064544961534635
39633282672887044,0.0,0.32,0.68,0.0,0.45219072886224687
39633263865627619,0.0,0.74,0.26,0.0,0.4133731862463089
39633293716490404,0.0,0.37,0.63,0.0,0.47533604634353294
39633267661473898,0.0,0.34,0.66,0.0,0.46240935248651505
39633263865627590,0.0,0.03,0.97,0.0,0.0971959289157881
39633300964247653,0.0,0.83,0.17,0.0,0.32885238937210975
39633300972634959,0.0,0.0,1.0,0.0,-0.0
39633300964247405,0.0,0.79,0.21,0.0,0.37074136996563684
39633293703906425,0.0,0.39,0.61,0.0,0.4823997742525436
39633300951663844,0.0,0.45,0.55,0.0,0.49638722699390414
39633278965123167,0.0,0.43,0.57,0.0,0.4929075185894599
39633286393234649,0.0,0.09,0.91,0.0,0.21823490853205144
39633275194443431,0.0,0.16,0.84,0.0,0.3171547773202831
39633267682444019,0.0,0.92,0.08,0.0,0.2010895951011364
39633263865629954,0.0,0.07,0.93,0.0,0.18296182545011158
39633263861432444,0.0,0.69,0.31,0.0,0.4465867291889284
39633263861432665,0.0,0.56,0.44,0.0,0.4947937606110278
39633263869821135,0.0,0.92,0.08,0.0,0.2010895951011364
39633263869821102,0.0,0.37,0.63,0.0,0.47533604634353294
39633267682444029,0.0,0.68,0.32,0.0,0.45219072886224687
39633297357145675,0.0,0.06,0.94,0.0,0.16372245957723813
39633271432153943,0.0,0.55,0.45,0.0,0.49638722699390414
39633263869821248,0.0,0.94,0.06,0.0,0.16372245957723813
39633271440539865,0.0,0.53,0.47,0.0,0.4987007942838698
39633293737460523,0.0,0.16,0.84,0.0,0.3171547773202831
39633293737460582,0.0,0.41,0.59,0.0,0.488250234378912
39633286376457330,0.0,0.14,0.86,0.0,0.292119405821428
39633278935761848,0.0,0.01,0.98,0.01,0.08072027127091033
39633290029698262,0.01,0.99,0.0,0.0,0.04039656794795559
39633297336173100,0.0,0.15,0.85,0.0,0.3049201523582002
39633271440540152,0.0,0.74,0.26,0.0,0.4133731862463089
39633271444736606,0.0,0.27,0.73,0.0,0.42073231810408784
39633290029698637,0.0,0.18,0.82,0.0,0.34003852286413994
39633271440540062,0.0,0.21,0.79,0.0,0.37074136996563684
39633271444736467,0.0,0.74,0.26,0.0,0.4133731862463089
39633300951663101,0.0,0.94,0.06,0.0,0.16372245957723813
39633271440540137,0.0,0.81,0.19,0.0,0.3507357299419487
39633286368069826,0.0,0.18,0.82,0.0,0.34003852286413994
39633290059057789,0.0,0.39,0.61,0.0,0.4823997742525436
39633300985218838,0.0,0.48,0.52,0.0,0.4994227679976009
39633293691323450,0.0,0.48,0.52,0.0,0.4994227679976009
39633278923181254,0.0,0.45,0.55,0.0,0.49638722699390414
39633286376457164,0.0,0.98,0.02,0.0,0.07072027127091034
39633286376458053,0.0,0.43,0.57,0.0,0.4929075185894599
39633297331979983,0.0,0.26,0.74,0.0,0.4133731862463089
39633293691322857,0.0,0.78,0.22,0.0,0.38008375148098283
39633297331979958,0.0,0.34,0.66,0.0,0.46240935248651505
39633300951662912,0.0,0.77,0.23,0.0,0.38900565177326885
39633290059058193,0.0,0.99,0.01,0.0,0.04039656794795559
39633297331980065,0.0,0.65,0.35,0.0,0.4670340276877455
39633308136505465,0.0,0.85,0.15,0.0,0.3049201523582002
39633278969318944,0.0,0.0,0.96,0.04,0.12114609454120741
39633271432153585,0.0,0.19,0.81,0.0,0.3507357299419487
39633290075835190,0.0,0.26,0.74,0.0,0.4133731862463089
39633290063250830,0.0,0.37,0.63,0.0,0.47533604634353294
39633293691322630,0.0,0.29,0.71,0.0,0.43436062316970225
39633297331980376,0.0,0.62,0.38,0.0,0.47902101111314976
39633308132313860,0.0,0.12,0.88,0.0,0.2646804326436822
39633278935763444,0.0,0.26,0.74,0.0,0.4133731862463089
39633293691322912,0.0,0.9,0.1,0.0,0.2344977967946406
39633304558766438,0.0,0.78,0.22,0.0,0.38008375148098283
39633293729073898,0.0,0.96,0.04,0.0,0.12114609454120741
39633271432153535,0.0,0.27,0.73,0.0,0.42073231810408784
39633286376457931,0.0,0.98,0.02,0.0,0.07072027127091034
39633286376457917,0.0,1.0,0.0,0.0,-0.0
39633293691322874,0.0,0.95,0.05,0.0,0.14319847855797813
39633267648891705,0.0,0.98,0.02,0.0,0.07072027127091034
39633271423766044,0.0,1.0,0.0,0.0,-0.0
39633263861435150,0.0,0.98,0.02,0.0,0.07072027127091034
39633275186054092,0.0,1.0,0.0,0.0,-0.0
39633275186053851,0.0,0.99,0.01,0.0,0.04039656794795559
39633275186053790,0.0,1.0,0.0,0.0,-0.0
39633263861434896,0.0,0.93,0.07,0.0,0.18296182545011158
39633263861433876,0.0,0.28,0.72,0.0,0.4277254052800653
39633275181861876,0.0,0.98,0.02,0.0,0.07072027127091034
39633271427957292,0.0,0.76,0.24,0.0,0.39752013969226113
39633263861434900,0.0,0.83,0.17,0.0,0.32885238937210975
39633267648892298,0.0,0.46,0.54,0.0,0.49768921941011285
39633263861433159,0.0,0.84,0.16,0.0,0.3171547773202831
39633263865629299,0.0,0.84,0.16,0.0,0.3171547773202831
39633263861433249,0.0,1.0,0.0,0.0,-0.0
39633263861433164,0.0,0.26,0.74,0.0,0.4133731862463089
39633263865629591,0.0,0.43,0.57,0.0,0.4929075185894599
39633290075835260,0.0,0.98,0.02,0.0,0.07072027127091034
39633267661475249,0.0,0.07,0.93,0.0,0.18296182545011158
39633267661475378,0.0,0.01,0.99,0.0,0.04039656794795559
39633290075835116,0.0,0.35,0.65,0.0,0.4670340276877455
39633263865628900,0.02,0.98,0.0,0.0,0.07072027127091034
39633263865628132,0.01,0.99,0.0,0.0,0.04039656794795559
39633290059055864,0.0,0.86,0.14,0.0,0.292119405821428
39633282668692631,0.0,0.16,0.84,0.0,0.3171547773202831
39633282672885815,0.0,0.58,0.42,0.0,0.49072694751682683
39633290059057449,0.0,0.4,0.6,0.0,0.4854752972273343
39633267661473405,0.0,0.95,0.05,0.0,0.14319847855797813
39633267682444373,0.0,0.93,0.07,0.0,0.18296182545011158
39633300951662653,0.0,0.18,0.82,0.0,0.34003852286413994
39633290029695280,0.01,0.98,0.01,0.0,0.08072027127091033
39633286347097521,0.01,0.99,0.0,0.0,0.04039656794795559
39633275186053782,0.0,1.0,0.0,0.0,-0.0
39633271427957172,0.0,0.93,0.07,0.0,0.18296182545011158
39633275181862201,0.0,0.91,0.09,0.0,0.21823490853205144
39633278923180355,0.0,0.99,0.01,0.0,0.04039656794795559
39633275186053213,0.0,1.0,0.0,0.0,-0.0
39633275181862348,0.0,0.88,0.12,0.0,0.2646804326436822
39633275186054352,0.03,0.97,0.0,0.0,0.0971959289157881
39633275186053661,0.0,0.73,0.27,0.0,0.42073231810408784
39633275186054225,0.01,0.97,0.02,0.0,0.11097036642660543
39633278923180483,0.01,0.97,0.02,0.0,0.11097036642660543
39633267648891341,0.0,0.96,0.04,0.0,0.12114609454120741
39633275186054229,0.01,0.99,0.0,0.0,0.04039656794795559
39633275186054233,0.03,0.97,0.0,0.0,0.0971959289157881
39633263861433378,0.0,0.81,0.19,0.0,0.3507357299419487
39633263853045767,0.0,0.87,0.13,0.0,0.2787190925139945
39633267648891486,0.0,0.78,0.22,0.0,0.38008375148098283
39633267653084517,0.0,0.98,0.02,0.0,0.07072027127091034
39633267653086908,0.0,0.19,0.81,0.0,0.3507357299419487
39633267648892010,0.0,0.06,0.94,0.0,0.16372245957723813
39633267648891816,0.0,0.95,0.05,0.0,0.14319847855797813
39633267648891424,0.0,0.96,0.04,0.0,0.12114609454120741
39633275186054990,0.0,0.11,0.89,0.0,0.249957979082264
39633278923180695,0.0,0.88,0.12,0.0,0.2646804326436822
39633275186055354,0.0,0.08,0.92,0.0,0.2010895951011364
39633275186055536,0.0,1.0,0.0,0.0,-0.0
39633290059056033,0.0,0.17,0.83,0.0,0.32885238937210975
39633297331979778,0.0,0.7,0.3,0.0,0.44064544961534635
39633286351290452,0.0,0.06,0.94,0.0,0.16372245957723813
39633271427957766,0.0,0.53,0.47,0.0,0.4987007942838698
39633263878210354,0.0,0.66,0.34,0.0,0.46240935248651505
39633275186055169,0.0,0.83,0.17,0.0,0.32885238937210975
39633267653083608,0.02,0.98,0.0,0.0,0.07072027127091034
39633271427958159,0.0,0.85,0.15,0.0,0.3049201523582002
39633267653083337,0.0,0.92,0.08,0.0,0.2010895951011364
39633263861435957,0.0,0.66,0.34,0.0,0.46240935248651505
39633263861435228,0.0,0.43,0.57,0.0,0.4929075185894599
39633263861435886,0.0,0.84,0.16,0.0,0.3171547773202831
39633267682444991,0.0,0.37,0.63,0.0,0.47533604634353294
39633263861435790,0.0,0.63,0.37,0.0,0.47533604634353294
39633286347098146,0.0,0.7,0.3,0.0,0.44064544961534635
39633286347098526,0.0,0.48,0.52,0.0,0.4994227679976009
39633297331979535,0.0,0.37,0.63,0.0,0.47533604634353294
39633286347099129,0.0,0.96,0.04,0.0,0.12114609454120741
39633267653086000,0.0,0.21,0.79,0.0,0.37074136996563684
39633275186053183,0.0,0.59,0.41,0.0,0.488250234378912
39633267648891533,0.0,0.97,0.03,0.0,0.0971959289157881
39633263861434853,0.01,0.95,0.04,0.0,0.16124668093016215
39633263853045333,0.0,0.68,0.32,0.0,0.45219072886224687
39633290042279737,0.0,0.25,0.75,0.0,0.4056390622295664
39633275211219402,0.0,0.35,0.65,0.0,0.4670340276877455
39633282651917936,0.0,0.6,0.4,0.0,0.4854752972273343
39633275202833986,0.0,0.6,0.4,0.0,0.4854752972273343
39633286351291760,0.0,0.39,0.61,0.0,0.4823997742525436
39633271444734067,0.0,0.08,0.92,0.0,0.2010895951011364
39633290050668641,0.0,0.52,0.48,0.0,0.4994227679976009
39633290042279627,0.0,0.41,0.59,0.0,0.488250234378912
39633290067443946,0.0,0.24,0.76,0.0,0.39752013969226113
39633290067444151,0.0,0.46,0.54,0.0,0.49768921941011285
39633286359682621,0.0,0.0,0.94,0.06,0.16372245957723813
39633293729073834,0.0,0.87,0.13,0.0,0.2787190925139945
39633271440542313,0.0,0.52,0.48,0.0,0.4994227679976009
39633304554570399,0.0,0.35,0.65,0.0,0.4670340276877455
39633286376457223,0.0,0.32,0.68,0.0,0.45219072886224687
39633308132312831,0.0,0.58,0.42,0.0,0.49072694751682683
39633290059058365,0.0,0.77,0.23,0.0,0.38900565177326885
39633308136506825,0.0,0.51,0.49,0.0,0.49985572087640495
39633290075834600,0.0,0.0,0.95,0.05,0.14319847855797813
39633300964248203,0.0,0.16,0.84,0.0,0.3171547773202831
39633286355485728,0.0,0.26,0.74,0.0,0.4133731862463089
39633304579738593,0.0,0.91,0.09,0.0,0.21823490853205144
39633304579738688,0.0,0.58,0.42,0.0,0.49072694751682683
39633286359682365,0.0,0.13,0.87,0.0,0.2787190925139945
39633300989413284,0.0,0.73,0.27,0.0,0.42073231810408784
39633290042279902,0.0,0.8,0.2,0.0,0.36096404744368116
39633271432153484,0.0,0.84,0.16,0.0,0.3171547773202831
39633304579738455,0.0,0.24,0.76,0.0,0.39752013969226113
39633308140701726,0.0,0.55,0.45,0.0,0.49638722699390414
39633275190250352,0.0,0.08,0.92,0.0,0.2010895951011364
39633275190250411,0.0,0.24,0.76,0.0,0.39752013969226113
39633286347099765,0.0,0.17,0.83,0.0,0.32885238937210975
39633286347099775,0.0,0.87,0.13,0.0,0.2787190925139945
39633267682444199,0.0,0.94,0.06,0.0,0.16372245957723813
39633308140701834,0.0,0.74,0.26,0.0,0.4133731862463089
39633308132312962,0.0,0.91,0.09,0.0,0.21823490853205144
39633290075832400,0.0,0.02,0.98,0.0,0.07072027127091034
39633290067444079,0.0,0.96,0.04,0.0,0.12114609454120741
39633300960052919,0.0,0.66,0.34,0.0,0.46240935248651505
39633267661471883,0.0,0.97,0.03,0.0,0.0971959289157881
39633293737459812,0.0,0.13,0.87,0.0,0.2787190925139945
39633286376458124,0.0,0.74,0.26,0.0,0.4133731862463089
39633297331980451,0.0,0.72,0.28,0.0,0.4277254052800653
39633293691323283,0.0,0.96,0.04,0.0,0.12114609454120741
39633297331980459,0.0,0.18,0.82,0.0,0.34003852286413994
39633297331980443,0.0,0.46,0.54,0.0,0.49768921941011285
39633286372265325,0.0,0.12,0.88,0.0,0.2646804326436822
39633286372265405,0.0,0.84,0.16,0.0,0.3171547773202831
39633290029696999,0.0,0.83,0.17,0.0,0.32885238937210975
39633308128118502,0.0,0.75,0.25,0.0,0.4056390622295664
39633297327785959,0.01,0.86,0.13,0.0,0.31810566868628926
39633293691322876,0.0,0.96,0.04,0.0,0.12114609454120741
39633297331978602,0.0,0.7,0.3,0.0,0.44064544961534635
39633297331978702,0.0,0.08,0.92,0.0,0.2010895951011364
39633297331978506,0.0,0.43,0.57,0.0,0.4929075185894599
39633304550375677,0.0,0.82,0.18,0.0,0.34003852286413994
39633304550375847,0.0,0.29,0.71,0.0,0.43436062316970225
39633297331978458,0.0,0.98,0.02,0.0,0.07072027127091034
39633304550377589,0.0,0.91,0.09,0.0,0.21823490853205144
39633308128118142,0.0,0.17,0.83,0.0,0.32885238937210975
39633293691322808,0.0,0.81,0.19,0.0,0.3507357299419487
39633290029696234,0.0,0.29,0.71,0.0,0.43436062316970225
39633293687131000,0.0,0.9,0.1,0.0,0.2344977967946406
39633278923178746,0.0,1.0,0.0,0.0,-0.0
39633275181862252,0.0,0.91,0.09,0.0,0.21823490853205144
39633286347096609,0.0,1.0,0.0,0.0,-0.0
39633271432151783,0.0,0.99,0.01,0.0,0.04039656794795559
39633282647719996,0.0,0.91,0.09,0.0,0.21823490853205144
39633278923179633,0.0,0.94,0.06,0.0,0.16372245957723813
39633263861434695,0.0,0.26,0.74,0.0,0.4133731862463089
39633278923179502,0.0,1.0,0.0,0.0,-0.0
39633282643528116,0.0,0.94,0.06,0.0,0.16372245957723813
39633275186053616,0.01,0.99,0.0,0.0,0.04039656794795559
39633300947470668,0.0,0.77,0.23,0.0,0.38900565177326885
39633263861433663,0.0,0.82,0.18,0.0,0.34003852286413994
39633275181862476,0.0,0.32,0.68,0.0,0.45219072886224687
39633267648891395,0.05,0.9,0.05,0.0,0.2844977967946406
39633300947470700,0.0,0.6,0.4,0.0,0.4854752972273343
39633290025503843,0.0,0.93,0.07,0.0,0.18296182545011158
39633278923178921,0.02,0.98,0.0,0.0,0.07072027127091034
39633275186053877,0.0,0.99,0.01,0.0,0.04039656794795559
39633282643529014,0.0,0.98,0.02,0.0,0.07072027127091034
39633275186053550,0.0,0.93,0.07,0.0,0.18296182545011158
39633271427957008,0.0,0.8,0.2,0.0,0.36096404744368116
39633263861435452,0.0,0.06,0.93,0.01,0.20367037270049304
39633263861436089,0.0,0.83,0.17,0.0,0.32885238937210975
39633263861435777,0.0,0.45,0.55,0.0,0.49638722699390414
39633267648892273,0.0,0.9,0.1,0.0,0.2344977967946406
39633263853046239,0.0,0.8,0.2,0.0,0.36096404744368116
39633300947471665,0.0,0.83,0.17,0.0,0.32885238937210975
39633286351290692,0.0,0.24,0.76,0.0,0.39752013969226113
39633263861435635,0.01,0.77,0.22,0.0,0.41867779866972266
39633263853046097,0.0,0.73,0.27,0.0,0.42073231810408784
39633263861435800,0.0,0.77,0.23,0.0,0.38900565177326885
39633267648891874,0.0,0.9,0.1,0.0,0.2344977967946406
39633263861435575,0.0,1.0,0.0,0.0,-0.0
39633300947470409,0.0,0.29,0.71,0.0,0.43436062316970225
39633297331978539,0.0,0.2,0.8,0.0,0.36096404744368116
39633271427959338,0.0,0.92,0.08,0.0,0.2010895951011364
39633293687130017,0.0,1.0,0.0,0.0,-0.0
39633290029695879,0.0,0.98,0.02,0.0,0.07072027127091034
39633290025502920,0.0,0.98,0.02,0.0,0.07072027127091034
39633297327785819,0.0,0.95,0.05,0.0,0.14319847855797813
39633282643529327,0.0,0.65,0.35,0.0,0.4670340276877455
39633263861435199,0.0,1.0,0.0,0.0,-0.0
39633263861434893,0.0,0.81,0.19,0.0,0.3507357299419487
39633286372265559,0.0,1.0,0.0,0.0,-0.0
39633308132313237,0.0,0.17,0.83,0.0,0.32885238937210975
39633300947469810,0.0,0.99,0.01,0.0,0.04039656794795559
39633293687130896,0.0,0.98,0.02,0.0,0.07072027127091034
39633308132313241,0.0,0.97,0.03,0.0,0.0971959289157881
39633293687130395,0.0,0.3,0.7,0.0,0.44064544961534635
39633308132313063,0.0,0.94,0.06,0.0,0.16372245957723813
39633308144894391,0.0,0.98,0.02,0.0,0.07072027127091034
39633293687131158,0.0,0.95,0.05,0.0,0.14319847855797813
39633308132312722,0.01,0.97,0.02,0.0,0.11097036642660543
39633308132313232,0.0,0.61,0.39,0.0,0.4823997742525436
39633267648891835,0.0,0.98,0.02,0.0,0.07072027127091034
39633263853045931,0.0,0.44,0.56,0.0,0.4947937606110278
39633290059055869,0.0,0.7,0.3,0.0,0.44064544961534635
39633300947469221,0.0,0.83,0.17,0.0,0.32885238937210975
39633304550376047,0.0,0.71,0.29,0.0,0.43436062316970225
39633300947468963,0.0,0.95,0.05,0.0,0.14319847855797813
39633263874018092,0.0,0.59,0.41,0.0,0.488250234378912
39633290080029613,0.0,0.89,0.11,0.0,0.249957979082264
39633271432154939,0.0,0.04,0.95,0.01,0.16124668093016215
39633293724879967,0.0,0.0,0.9,0.1,0.2344977967946406
39633297357145528,0.0,0.65,0.35,0.0,0.4670340276877455
39633267661475437,0.0,0.52,0.48,0.0,0.4994227679976009
39633267657278934,0.0,0.17,0.83,0.0,0.32885238937210975
39633267665667152,0.0,0.05,0.95,0.0,0.14319847855797813
39633263874015338,0.0,0.73,0.27,0.0,0.42073231810408784
39633278952540364,0.0,0.02,0.98,0.0,0.07072027127091034
39633267657278380,0.0,0.26,0.74,0.0,0.4133731862463089
39633278935763928,0.0,0.58,0.42,0.0,0.49072694751682683
39633267657278294,0.0,0.16,0.84,0.0,0.3171547773202831
39633267657278398,0.0,0.07,0.93,0.0,0.18296182545011158
39633275194442231,0.0,0.28,0.72,0.0,0.4277254052800653
39633271440543580,0.0,0.07,0.93,0.0,0.18296182545011158
39633282685469696,0.0,0.99,0.01,0.0,0.04039656794795559
39633267669862038,0.0,0.74,0.26,0.0,0.4133731862463089
39633300976828529,0.0,0.18,0.82,0.0,0.34003852286413994
39633267682443690,0.0,0.72,0.28,0.0,0.4277254052800653
39633286393236070,0.0,0.64,0.36,0.0,0.4713415946277461
39633278969318593,0.0,0.16,0.84,0.0,0.3171547773202831
39633297357145265,0.0,0.23,0.77,0.0,0.38900565177326885
39633267661475468,0.0,0.69,0.31,0.0,0.4465867291889284
39633267661475292,0.0,0.26,0.74,0.0,0.4133731862463089
39633297365535861,0.0,0.32,0.68,0.0,0.45219072886224687
39633297369728504,0.0,0.3,0.7,0.0,0.44064544961534635
39633267661475605,0.0,0.23,0.77,0.0,0.38900565177326885
39633293699713353,0.0,0.15,0.85,0.0,0.3049201523582002
39633278935763751,0.0,0.61,0.39,0.0,0.4823997742525436
39633278952540419,0.0,0.82,0.18,0.0,0.34003852286413994
39633286389039505,0.0,0.27,0.73,0.0,0.42073231810408784
39633293699713218,0.0,0.0,0.9,0.1,0.2344977967946406
39633282668691841,0.0,0.19,0.81,0.0,0.3507357299419487
39633275211220717,0.0,0.08,0.92,0.0,0.2010895951011364
39633304562961384,0.0,0.06,0.94,0.0,0.16372245957723813
39633304554572706,0.0,0.17,0.83,0.0,0.32885238937210975
39633297361338867,0.0,0.43,0.57,0.0,0.4929075185894599
39633275194445118,0.0,0.77,0.23,0.0,0.38900565177326885
39633304562961214,0.0,0.93,0.07,0.0,0.18296182545011158
39633278935763526,0.0,0.47,0.53,0.0,0.4987007942838698
39633290042278728,0.0,0.56,0.44,0.0,0.4947937606110278
39633293699713134,0.0,0.0,0.98,0.02,0.07072027127091034
39633275198636154,0.0,0.86,0.14,0.0,0.292119405821428
39633290042278776,0.0,0.96,0.04,0.0,0.12114609454120741
39633278935763630,0.0,0.54,0.46,0.0,0.49768921941011285
39633278935763483,0.0,0.43,0.57,0.0,0.4929075185894599
39633271457317641,0.0,0.29,0.71,0.0,0.43436062316970225
39633290042279014,0.0,0.51,0.49,0.0,0.49985572087640495
39633290042279026,0.0,0.63,0.37,0.0,0.47533604634353294
39633297361341752,0.0,0.25,0.75,0.0,0.4056390622295664
39633293724880337,0.0,0.45,0.55,0.0,0.49638722699390414
39633286389041014,0.0,0.85,0.15,0.0,0.3049201523582002
39633271457317644,0.0,0.19,0.81,0.0,0.3507357299419487
39633278927373503,0.0,0.02,0.98,0.0,0.07072027127091034
39633300964248165,0.0,0.03,0.97,0.0,0.0971959289157881
39633271432154719,0.0,0.62,0.38,0.0,0.47902101111314976
39633271453124959,0.0,0.95,0.05,0.0,0.14319847855797813
39633286380652481,0.0,1.0,0.0,0.0,-0.0
39633300960052148,0.0,0.76,0.24,0.0,0.39752013969226113
39633300964248149,0.0,0.48,0.52,0.0,0.4994227679976009
39633297340369859,0.0,0.09,0.91,0.0,0.21823490853205144
39633278956734986,0.0,0.69,0.31,0.0,0.4465867291889284
39633278969316801,0.0,0.92,0.08,0.0,0.2010895951011364
39633267669861883,0.0,0.26,0.74,0.0,0.4133731862463089
39633278939956251,0.0,0.16,0.84,0.0,0.3171547773202831
39633300972635011,0.0,0.64,0.36,0.0,0.4713415946277461
39633286363874315,0.0,0.19,0.81,0.0,0.3507357299419487
39633286380652125,0.0,0.93,0.07,0.0,0.18296182545011158
39633278960929899,0.0,0.07,0.93,0.0,0.18296182545011158
39633278969316526,0.0,0.0,0.8,0.2,0.36096404744368116
39633278939956256,0.0,0.87,0.13,0.0,0.2787190925139945
39633278965121053,0.0,0.76,0.24,0.0,0.39752013969226113
39633286363874310,0.0,0.97,0.03,0.0,0.0971959289157881
39633278956735299,0.0,0.06,0.94,0.0,0.16372245957723813
39633286393235980,0.0,0.24,0.76,0.0,0.39752013969226113
39633278965121099,0.0,1.0,0.0,0.0,-0.0
39633278956735185,0.0,0.61,0.39,0.0,0.4823997742525436
39633278969316403,0.0,0.1,0.9,0.0,0.2344977967946406
39633282677082624,0.0,0.49,0.51,0.0,0.49985572087640495
39633271453122708,0.0,0.18,0.82,0.0,0.34003852286413994
39633278956735048,0.0,0.09,0.91,0.0,0.21823490853205144
39633278973511295,0.0,0.78,0.22,0.0,0.38008375148098283
39633297340370466,0.0,0.88,0.12,0.0,0.2646804326436822
39633300981026148,0.0,0.27,0.73,0.0,0.42073231810408784
39633300968440969,0.0,1.0,0.0,0.0,-0.0
39633290075833675,0.0,0.0,0.72,0.28,0.4277254052800653
39633271444736423,0.0,0.53,0.47,0.0,0.4987007942838698
39633286359681916,0.0,0.98,0.02,0.0,0.07072027127091034
39633300955859970,0.0,0.04,0.96,0.0,0.12114609454120741
39633286359681805,0.0,0.69,0.31,0.0,0.4465867291889284
39633271444736394,0.0,0.83,0.17,0.0,0.32885238937210975
39633297361338910,0.0,0.03,0.97,0.0,0.0971959289157881
39633282647722734,0.0,0.45,0.55,0.0,0.49638722699390414
39633282677082984,0.0,0.92,0.08,0.0,0.2010895951011364
39633286368069801,0.0,0.91,0.09,0.0,0.21823490853205144
39633282677082874,0.0,0.8,0.2,0.0,0.36096404744368116
39633271444736542,0.0,0.15,0.85,0.0,0.3049201523582002
39633286359681900,0.0,0.04,0.95,0.01,0.16124668093016215
39633282693859204,0.0,0.2,0.8,0.0,0.36096404744368116
39633300951665722,0.0,0.04,0.96,0.0,0.12114609454120741
39633293699712900,0.0,0.15,0.85,0.0,0.3049201523582002
39633290038085385,0.0,0.54,0.46,0.0,0.49768921941011285
39633290038085418,0.0,0.06,0.94,0.0,0.16372245957723813
39633290054861242,0.0,0.19,0.81,0.0,0.3507357299419487
39633300972636380,0.0,0.03,0.96,0.01,0.13737165703039006
39633286397428705,0.0,0.08,0.92,0.0,0.2010895951011364
39633304567155690,0.0,0.68,0.32,0.0,0.45219072886224687
39633286397428711,0.0,0.9,0.1,0.0,0.2344977967946406
39633300972636761,0.01,0.87,0.12,0.0,0.30414992414989617
39633297361341447,0.0,1.0,0.0,0.0,-0.0
39633300972635111,0.0,0.34,0.66,0.0,0.46240935248651505
39633300972636164,0.01,0.98,0.01,0.0,0.08072027127091033
39633282677080946,0.0,0.29,0.71,0.0,0.43436062316970225
39633275194445147,0.0,0.91,0.09,0.0,0.21823490853205144
39633271444736372,0.0,0.03,0.97,0.0,0.0971959289157881
39633282693857977,0.0,0.45,0.55,0.0,0.49638722699390414
39633271444736388,0.0,0.39,0.61,0.0,0.4823997742525436
39633300985220403,0.0,0.23,0.77,0.0,0.38900565177326885
39633300972634964,0.0,0.99,0.01,0.0,0.04039656794795559
39633300972635068,0.0,0.0,0.97,0.03,0.0971959289157881
39633300972635078,0.0,0.0,0.95,0.05,0.14319847855797813
39633278939956133,0.0,0.0,0.91,0.09,0.21823490853205144
39633290038085665,0.0,0.04,0.96,0.0,0.12114609454120741
39633290038084126,0.0,0.98,0.02,0.0,0.07072027127091034
39633282698053100,0.0,0.0,0.93,0.07,0.18296182545011158
39633297369727362,0.0,0.05,0.95,0.0,0.14319847855797813
39633278939955855,0.0,0.99,0.01,0.0,0.04039656794795559
39633271444736630,0.0,0.4,0.6,0.0,0.4854752972273343
39633297336175356,0.0,0.03,0.96,0.01,0.13737165703039006
39633297352953119,0.0,0.58,0.42,0.0,0.49072694751682683
39633278939956113,0.0,0.68,0.32,0.0,0.45219072886224687
39633282668692933,0.0,0.49,0.51,0.0,0.49985572087640495
39633267674056652,0.0,0.78,0.22,0.0,0.38008375148098283
39633286384845738,0.0,0.13,0.87,0.0,0.2787190925139945
39633300964247078,0.0,0.68,0.32,0.0,0.45219072886224687
39633300964247182,0.0,0.19,0.81,0.0,0.3507357299419487
39633282685471885,0.0,0.99,0.01,0.0,0.04039656794795559
39633271432154047,0.0,0.51,0.49,0.0,0.49985572087640495
39633278952540771,0.0,0.3,0.7,0.0,0.44064544961534635
39633275219610078,0.0,0.22,0.78,0.0,0.38008375148098283
39633278956732516,0.0,0.46,0.54,0.0,0.49768921941011285
39633300968440533,0.0,0.98,0.02,0.0,0.07072027127091034
39633286389040631,0.0,0.54,0.46,0.0,0.49768921941011285
39633278956732554,0.0,0.04,0.96,0.0,0.12114609454120741
39633275215414948,0.0,0.0,0.99,0.01,0.04039656794795559
39633278952540897,0.0,0.45,0.55,0.0,0.49638722699390414
39633282651914633,0.0,0.37,0.63,0.0,0.47533604634353294
39633282651914652,0.0,0.06,0.94,0.0,0.16372245957723813
39633300985219106,0.0,0.74,0.26,0.0,0.4133731862463089
39633286389040790,0.0,0.91,0.09,0.0,0.21823490853205144
39633286389039916,0.0,0.89,0.11,0.0,0.249957979082264
39633286389040708,0.0,0.8,0.2,0.0,0.36096404744368116
39633293737460060,0.02,0.93,0.05,0.0,0.2131710453499437
39633282651915276,0.0,0.18,0.82,0.0,0.34003852286413994
39633286389039781,0.0,0.73,0.27,0.0,0.42073231810408784
39633275215414949,0.0,0.02,0.97,0.01,0.11097036642660543
39633275207025697,0.0,0.66,0.34,0.0,0.46240935248651505
39633275207026054,0.0,0.91,0.09,0.0,0.21823490853205144
39633286359681818,0.0,0.03,0.97,0.0,0.0971959289157881
39633275194443157,0.0,0.07,0.93,0.0,0.18296182545011158
39633267657281367,0.0,0.81,0.19,0.0,0.3507357299419487
39633290054861677,0.02,0.94,0.04,0.0,0.1912713345988728
39633290054861643,0.0,0.13,0.87,0.0,0.2787190925139945
39633297331981136,0.0,0.84,0.16,0.0,0.3171547773202831
39633267657280966,0.0,0.99,0.01,0.0,0.04039656794795559
39633278935764078,0.0,0.41,0.59,0.0,0.488250234378912
39633293724880414,0.0,0.92,0.08,0.0,0.2010895951011364
39633275194444557,0.0,0.19,0.81,0.0,0.3507357299419487
39633267657278772,0.0,0.01,0.99,0.0,0.04039656794795559
39633297361340542,0.0,1.0,0.0,0.0,-0.0
39633293720684326,0.0,0.18,0.82,0.0,0.34003852286413994
39633293720684450,0.0,0.68,0.32,0.0,0.45219072886224687
39633297373923367,0.0,0.83,0.17,0.0,0.32885238937210975
39633271436347335,0.0,0.51,0.49,0.0,0.49985572087640495
39633278952541379,0.0,0.01,0.99,0.0,0.04039656794795559
39633286380652638,0.01,0.95,0.04,0.0,0.16124668093016215
39633282660304272,0.0,0.5,0.5,0.0,0.5
39633290075833365,0.0,0.68,0.32,0.0,0.45219072886224687
39633278952541399,0.0,0.02,0.98,0.0,0.07072027127091034
39633290075833572,0.0,0.19,0.81,0.0,0.3507357299419487
39633290063252474,0.0,0.96,0.04,0.0,0.12114609454120741
39633286363875029,0.0,0.02,0.98,0.0,0.07072027127091034
39633290075833579,0.0,0.01,0.99,0.0,0.04039656794795559
39633293699713588,0.0,0.04,0.96,0.0,0.12114609454120741
39633286372262487,0.0,0.35,0.65,0.0,0.4670340276877455
39633271457317866,0.0,0.28,0.72,0.0,0.4277254052800653
39633297352953038,0.0,0.02,0.98,0.0,0.07072027127091034
39633297352953110,0.0,0.45,0.55,0.0,0.49638722699390414
39633282664500089,0.0,0.95,0.05,0.0,0.14319847855797813
39633297369730385,0.0,0.89,0.11,0.0,0.249957979082264
39633300955859177,0.0,0.25,0.75,0.0,0.4056390622295664
39633297336175000,0.0,1.0,0.0,0.0,-0.0
39633293733267580,0.0,0.94,0.06,0.0,0.16372245957723813
39633300955859346,0.0,0.23,0.77,0.0,0.38900565177326885
39633297369730293,0.0,0.17,0.83,0.0,0.32885238937210975
39633286389040028,0.0,0.22,0.78,0.0,0.38008375148098283
39633297365534489,0.0,0.0,0.99,0.01,0.04039656794795559
39633267653086737,0.0,0.93,0.07,0.0,0.18296182545011158
39633275190249413,0.0,0.99,0.01,0.0,0.04039656794795559
39633275190249515,0.0,0.93,0.07,0.0,0.18296182545011158
39633267657278261,0.0,0.34,0.66,0.0,0.46240935248651505
39633293724879215,0.0,0.01,0.98,0.01,0.08072027127091033
39633293724879222,0.0,0.16,0.84,0.0,0.3171547773202831
39633300972636711,0.0,0.01,0.99,0.0,0.04039656794795559
39633297336174713,0.0,0.35,0.65,0.0,0.4670340276877455
39633293703906625,0.0,0.49,0.51,0.0,0.49985572087640495
39633297369727387,0.0,0.51,0.49,0.0,0.49985572087640495
39633297336174686,0.0,0.01,0.98,0.01,0.08072027127091033
39633300972636701,0.0,0.49,0.51,0.0,0.49985572087640495
39633293724877744,0.0,0.16,0.84,0.0,0.3171547773202831
39633293703906548,0.0,0.42,0.58,0.0,0.49072694751682683
39633293703906620,0.0,0.14,0.86,0.0,0.292119405821428
39633297369727496,0.0,0.1,0.9,0.0,0.2344977967946406
39633300955859253,0.0,0.19,0.81,0.0,0.3507357299419487
39633267669861605,0.03,0.91,0.06,0.0,0.2595582210645035
39633290054861262,0.0,0.32,0.68,0.0,0.45219072886224687
39633267653087133,0.0,0.3,0.7,0.0,0.44064544961534635
39633267657278274,0.0,0.96,0.04,0.0,0.12114609454120741
39633267653087264,0.0,0.21,0.79,0.0,0.37074136996563684
39633278944151836,0.0,0.8,0.2,0.0,0.36096404744368116
39633300955859012,0.0,0.81,0.19,0.0,0.3507357299419487
39633267653086610,0.0,0.51,0.49,0.0,0.49985572087640495
39633293729073109,0.0,0.69,0.31,0.0,0.4465867291889284
39633300985219492,0.0,0.03,0.97,0.0,0.0971959289157881
39633293712295812,0.0,0.29,0.71,0.0,0.43436062316970225
39633290075835558,0.0,0.99,0.01,0.0,0.04039656794795559
39633293729072925,0.0,0.96,0.04,0.0,0.12114609454120741
39633293733268025,0.0,0.94,0.06,0.0,0.16372245957723813
39633271444736874,0.0,0.64,0.36,0.0,0.4713415946277461
39633297336173986,0.0,0.07,0.93,0.0,0.18296182545011158
39633267657280678,0.0,0.09,0.91,0.0,0.21823490853205144
39633278939956970,0.0,0.02,0.98,0.0,0.07072027127091034
39633278939957004,0.0,0.12,0.88,0.0,0.2646804326436822
39633278939956980,0.0,0.3,0.7,0.0,0.44064544961534635
39633278965123656,0.0,0.89,0.11,0.0,0.249957979082264
39633297336175689,0.0,0.05,0.94,0.01,0.1832231322266888
39633278939956921,0.0,0.21,0.79,0.0,0.37074136996563684
39633267657277709,0.0,0.09,0.91,0.0,0.21823490853205144
39633300968443076,0.0,0.71,0.29,0.0,0.43436062316970225
39633286389039942,0.0,0.51,0.49,0.0,0.49985572087640495
39633286389039890,0.0,0.06,0.94,0.0,0.16372245957723813
39633286389040037,0.0,0.11,0.89,0.0,0.249957979082264
39633278931567964,0.0,0.32,0.68,0.0,0.45219072886224687
39633286368070450,0.0,0.24,0.76,0.0,0.39752013969226113
39633263861435568,0.0,0.07,0.93,0.0,0.18296182545011158
39633263861435559,0.0,0.3,0.7,0.0,0.44064544961534635
39633263861435695,0.0,0.99,0.01,0.0,0.04039656794795559
39633300960053184,0.0,0.36,0.64,0.0,0.4713415946277461
39633278960929881,0.0,0.11,0.89,0.0,0.249957979082264
39633278960929833,0.0,0.5,0.5,0.0,0.5
39633293703906720,0.0,0.04,0.96,0.0,0.12114609454120741
39633267657280414,0.0,0.03,0.96,0.01,0.13737165703039006
39633297344563765,0.0,0.01,0.99,0.0,0.04039656794795559
39633267665668698,0.0,0.0,0.87,0.13,0.2787190925139945
39633275198637917,0.02,0.82,0.16,0.0,0.38533177299394805
39633275198637772,0.0,0.17,0.83,0.0,0.32885238937210975
39633293703906972,0.0,0.03,0.94,0.03,0.19372245957723813
39633275190250668,0.0,0.13,0.87,0.0,0.2787190925139945
39633293729073391,0.0,0.95,0.05,0.0,0.14319847855797813
39633275194443796,0.0,0.01,0.96,0.03,0.13737165703039006
39633278939958428,0.0,0.27,0.73,0.0,0.42073231810408784
39633297369729562,0.0,0.74,0.26,0.0,0.4133731862463089
39633278931566910,0.0,0.28,0.72,0.0,0.4277254052800653
39633300964246718,0.0,0.99,0.01,0.0,0.04039656794795559
39633278956734806,0.0,0.45,0.55,0.0,0.49638722699390414
39633293720684129,0.0,0.98,0.02,0.0,0.07072027127091034
39633290067445374,0.0,0.98,0.02,0.0,0.07072027127091034
39633300964246705,0.0,0.98,0.02,0.0,0.07072027127091034
39633278960930035,0.0,0.7,0.3,0.0,0.44064544961534635
39633271457317391,0.03,0.97,0.0,0.0,0.0971959289157881
39633282693859159,0.0,0.86,0.14,0.0,0.292119405821428
39633278960929945,0.0,0.0,0.85,0.15,0.3049201523582002
39633300968439997,0.0,0.47,0.53,0.0,0.4987007942838698
39633290063251899,0.0,0.95,0.05,0.0,0.14319847855797813
39633278944150402,0.0,0.12,0.88,0.0,0.2646804326436822
39633286393234896,0.0,0.05,0.94,0.01,0.1832231322266888
39633278944150245,0.0,0.0,1.0,0.0,-0.0
39633278927372885,0.0,0.14,0.86,0.0,0.292119405821428
39633293708101253,0.0,0.19,0.81,0.0,0.3507357299419487
39633263861434604,0.0,0.04,0.91,0.05,0.2628333312247715
39633278927372590,0.0,0.05,0.95,0.0,0.14319847855797813
39633275186055293,0.0,0.02,0.98,0.0,0.07072027127091034
39633278927372547,0.0,0.05,0.91,0.04,0.2628333312247715
39633263861434676,0.0,0.44,0.56,0.0,0.4947937606110278
39633278927372515,0.0,0.18,0.81,0.01,0.37899559358928114
39633267661474971,0.0,0.11,0.89,0.0,0.249957979082264
39633278927372356,0.0,1.0,0.0,0.0,-0.0
39633278927372694,0.0,0.43,0.57,0.0,0.4929075185894599
39633267665666929,0.0,0.06,0.94,0.0,0.16372245957723813
39633271440540832,0.0,1.0,0.0,0.0,-0.0
39633267657281253,0.0,0.43,0.57,0.0,0.4929075185894599
39633278927372703,0.0,0.57,0.43,0.0,0.4929075185894599
39633293703907631,0.0,0.48,0.52,0.0,0.4994227679976009
39633271432153635,0.0,0.75,0.25,0.0,0.4056390622295664
39633300960051853,0.0,0.97,0.03,0.0,0.0971959289157881
39633290063250649,0.0,0.07,0.93,0.0,0.18296182545011158
39633282693857860,0.0,0.05,0.95,0.0,0.14319847855797813
39633278948343898,0.0,0.98,0.02,0.0,0.07072027127091034
39633282693857666,0.0,0.98,0.02,0.0,0.07072027127091034
39633290080027507,0.0,0.97,0.03,0.0,0.0971959289157881
39633297352953018,0.0,0.11,0.89,0.0,0.249957979082264
39633290080027582,0.0,0.54,0.46,0.0,0.49768921941011285
39633293720684280,0.0,0.8,0.2,0.0,0.36096404744368116
39633267657281295,0.0,0.69,0.31,0.0,0.4465867291889284
39633297336175550,0.0,0.88,0.12,0.0,0.2646804326436822
39633275202831632,0.0,0.76,0.24,0.0,0.39752013969226113
39633293708101128,0.0,0.0,0.98,0.02,0.07072027127091034
39633293733267482,0.0,0.58,0.42,0.0,0.49072694751682683
39633297352950270,0.0,0.37,0.63,0.0,0.47533604634353294
39633297344564656,0.0,0.93,0.07,0.0,0.18296182545011158
39633286347099864,0.0,0.63,0.37,0.0,0.47533604634353294
39633286347099851,0.0,0.06,0.94,0.0,0.16372245957723813
39633286397428108,0.0,0.86,0.14,0.0,0.292119405821428
39633278956735900,0.0,0.92,0.08,0.0,0.2010895951011364
39633290080027659,0.0,0.4,0.6,0.0,0.4854752972273343
39633286397429244,0.0,0.68,0.32,0.0,0.45219072886224687
39633263861434776,0.0,0.17,0.82,0.01,0.3678974314876692
39633300960053405,0.0,0.81,0.19,0.0,0.3507357299419487
39633263861434855,0.0,0.5,0.5,0.0,0.5
39633293720684231,0.0,0.22,0.78,0.0,0.38008375148098283
39633282693857640,0.0,0.72,0.28,0.0,0.4277254052800653
39633293724879872,0.0,0.7,0.3,0.0,0.44064544961534635
39633267657278336,0.0,0.19,0.81,0.0,0.3507357299419487
39633293724879051,0.0,0.01,0.99,0.0,0.04039656794795559
39633297348757535,0.0,0.01,0.99,0.0,0.04039656794795559
39633300985217305,0.0,0.43,0.57,0.0,0.4929075185894599
39633300960054607,0.0,0.95,0.05,0.0,0.14319847855797813
39633293703906903,0.0,0.03,0.96,0.01,0.13737165703039006
39633275190250493,0.0,0.04,0.96,0.0,0.12114609454120741
39633286376458762,0.0,0.44,0.56,0.0,0.4947937606110278
39633290071638531,0.0,0.18,0.82,0.0,0.34003852286413994
39633290071638484,0.0,0.76,0.24,0.0,0.39752013969226113
39633300972637018,0.0,0.19,0.81,0.0,0.3507357299419487
39633286355488856,0.0,0.28,0.72,0.0,0.4277254052800653
39633308136508198,0.0,0.99,0.01,0.0,0.04039656794795559
39633308136508316,0.0,1.0,0.0,0.0,-0.0
39633267661475828,0.0,0.71,0.29,0.0,0.43436062316970225
39633267661475833,0.0,0.02,0.94,0.04,0.1912713345988728
39633297369727169,0.0,0.74,0.26,0.0,0.4133731862463089
39633263861434149,0.0,0.29,0.71,0.0,0.43436062316970225
39633263861433380,0.01,0.72,0.27,0.0,0.4588452815760617
39633297336172686,0.0,0.23,0.77,0.0,0.38900565177326885
39633286376458716,0.0,0.2,0.8,0.0,0.36096404744368116
39633286376458676,0.0,0.61,0.39,0.0,0.4823997742525436
39633297331981702,0.0,0.56,0.44,0.0,0.4947937606110278
39633297331981749,0.0,0.46,0.54,0.0,0.49768921941011285
39633278935762112,0.0,0.3,0.7,0.0,0.44064544961534635
39633297331981753,0.0,0.44,0.56,0.0,0.4947937606110278
39633267665668539,0.0,0.09,0.91,0.0,0.21823490853205144
39633286389040188,0.0,0.78,0.22,0.0,0.38008375148098283
39633267661472365,0.0,0.51,0.49,0.0,0.49985572087640495
39633293703907922,0.0,0.13,0.87,0.0,0.2787190925139945
39633297369727681,0.0,0.76,0.24,0.0,0.39752013969226113
39633297369727881,0.0,0.56,0.44,0.0,0.4947937606110278
39633286376458930,0.0,0.15,0.85,0.0,0.3049201523582002
39633286376458913,0.0,0.77,0.23,0.0,0.38900565177326885
39633293724880128,0.0,0.88,0.12,0.0,0.2646804326436822
39633297369727726,0.0,0.78,0.22,0.0,0.38008375148098283
39633286347099673,0.0,0.42,0.58,0.0,0.49072694751682683
39633286347099723,0.0,0.95,0.05,0.0,0.14319847855797813
39633297352953414,0.0,0.34,0.66,0.0,0.46240935248651505
39633297340370362,0.0,0.08,0.92,0.0,0.2010895951011364
39633267678251959,0.0,0.91,0.09,0.0,0.21823490853205144
39633263861435284,0.0,0.27,0.73,0.0,0.42073231810408784
39633286351291148,0.0,1.0,0.0,0.0,-0.0
39633275194442098,0.0,0.01,0.99,0.0,0.04039656794795559
39633278948345525,0.0,0.14,0.86,0.0,0.292119405821428
39633290038086443,0.0,0.39,0.61,0.0,0.4823997742525436
39633282664500134,0.0,0.21,0.79,0.0,0.37074136996563684
39633300964248150,0.0,0.88,0.12,0.0,0.2646804326436822
39633300972637329,0.0,0.37,0.63,0.0,0.47533604634353294
39633282660305313,0.0,0.7,0.3,0.0,0.44064544961534635
39633297361340620,0.0,0.91,0.09,0.0,0.21823490853205144
39633282660304838,0.0,0.66,0.34,0.0,0.46240935248651505
39633300951665350,0.0,0.2,0.8,0.0,0.36096404744368116
39633275215414868,0.0,0.03,0.97,0.0,0.0971959289157881
39633286384846800,0.0,0.05,0.95,0.0,0.14319847855797813
39633282693860611,0.0,0.84,0.16,0.0,0.3171547773202831
39633275194442509,0.0,0.41,0.59,0.0,0.488250234378912
39633286393234787,0.0,0.37,0.63,0.0,0.47533604634353294
39633282693857506,0.0,0.36,0.64,0.0,0.4713415946277461
39633304558767279,0.0,0.06,0.94,0.0,0.16372245957723813
39633297373921414,0.0,0.0,1.0,0.0,-0.0
39633275223804749,0.0,0.1,0.9,0.0,0.2344977967946406
39633263874016318,0.0,0.57,0.43,0.0,0.4929075185894599
39633297369727187,0.0,0.14,0.86,0.0,0.292119405821428
39633290075835174,0.0,0.25,0.75,0.0,0.4056390622295664
39633290075835120,0.0,0.14,0.86,0.0,0.292119405821428
39633282668692130,0.0,0.22,0.78,0.0,0.38008375148098283
39633271465705665,0.0,0.79,0.21,0.0,0.37074136996563684
39633304567154425,0.0,0.97,0.03,0.0,0.0971959289157881
39633300981025177,0.0,0.04,0.96,0.0,0.12114609454120741
39633271465705971,0.0,0.24,0.76,0.0,0.39752013969226113
39633300981025138,0.0,0.66,0.34,0.0,0.46240935248651505
39633304567154123,0.0,0.59,0.41,0.0,0.488250234378912
39633282677080548,0.0,0.89,0.11,0.0,0.249957979082264
39633290075835276,0.0,0.72,0.28,0.0,0.4277254052800653
39633282698053247,0.0,0.79,0.21,0.0,0.37074136996563684
39633300989412776,0.0,0.14,0.86,0.0,0.292119405821428
39633275223804784,0.0,0.94,0.06,0.0,0.16372245957723813
39633300955859008,0.0,0.57,0.43,0.0,0.4929075185894599
39633300989412744,0.0,1.0,0.0,0.0,-0.0
39633304571349711,0.0,0.83,0.17,0.0,0.32885238937210975
39633286359682070,0.0,0.52,0.48,0.0,0.4994227679976009
39633290054863460,0.0,1.0,0.0,0.0,-0.0
39633282672886578,0.0,0.28,0.72,0.0,0.4277254052800653
39633293699714107,0.0,0.28,0.72,0.0,0.4277254052800653
39633293737461663,0.0,0.98,0.02,0.0,0.07072027127091034
39633304571349774,0.0,0.95,0.05,0.0,0.14319847855797813
39633293699714124,0.0,0.33,0.67,0.0,0.4574631863898637
39633275223804562,0.0,0.26,0.74,0.0,0.4133731862463089
39633282672886248,0.0,0.64,0.36,0.0,0.4713415946277461
39633300989413859,0.0,0.61,0.39,0.0,0.4823997742525436
39633300989413725,0.0,0.87,0.13,0.0,0.2787190925139945
39633293737461553,0.0,0.15,0.85,0.0,0.3049201523582002
39633297348757972,0.0,0.15,0.85,0.0,0.3049201523582002
39633275198637507,0.0,0.42,0.58,0.0,0.49072694751682683
39633271457319620,0.0,0.48,0.52,0.0,0.4994227679976009
39633293720685437,0.0,0.35,0.65,0.0,0.4670340276877455
39633300972636972,0.0,0.56,0.44,0.0,0.4947937606110278
39633271457319748,0.0,0.01,0.98,0.01,0.08072027127091033
39633297336175590,0.0,0.78,0.22,0.0,0.38008375148098283
39633300972636924,0.0,0.02,0.98,0.0,0.07072027127091034
39633286380651971,0.0,0.82,0.18,0.0,0.34003852286413994
39633267678250742,0.0,0.81,0.19,0.0,0.3507357299419487
39633290063250914,0.0,0.28,0.72,0.0,0.4277254052800653
39633286355486165,0.01,0.87,0.12,0.0,0.30414992414989617
39633275223805050,0.0,0.71,0.29,0.0,0.43436062316970225
39633275198637679,0.0,0.82,0.18,0.0,0.34003852286413994
39633263865626815,0.0,0.1,0.9,0.0,0.2344977967946406
39633286397430589,0.0,0.86,0.14,0.0,0.292119405821428
39633300989413507,0.0,0.29,0.71,0.0,0.43436062316970225
39633300960052075,0.0,0.01,0.97,0.02,0.11097036642660543
39633300955858968,0.0,0.98,0.02,0.0,0.07072027127091034
39633297336175836,0.0,0.48,0.52,0.0,0.4994227679976009
39633304571349935,0.0,1.0,0.0,0.0,-0.0
39633286372263847,0.0,1.0,0.0,0.0,-0.0
39633286372262889,0.0,0.41,0.59,0.0,0.488250234378912
39633282672886424,0.0,0.85,0.15,0.0,0.3049201523582002
39633282672886430,0.0,0.88,0.12,0.0,0.2646804326436822
39633304571349868,0.0,0.13,0.87,0.0,0.2787190925139945
39633290054863568,0.0,0.19,0.81,0.0,0.3507357299419487
39633290054862603,0.0,0.52,0.48,0.0,0.4994227679976009
39633286372262787,0.0,0.17,0.83,0.0,0.32885238937210975
39633304558764951,0.0,0.02,0.98,0.0,0.07072027127091034
39633278931568053,0.0,0.21,0.79,0.0,0.37074136996563684
39633290075834228,0.0,0.98,0.02,0.0,0.07072027127091034
39633286393235073,0.0,1.0,0.0,0.0,-0.0
39633282660304968,0.0,0.45,0.55,0.0,0.49638722699390414
39633297373921340,0.0,0.92,0.08,0.0,0.2010895951011364
39633290075834290,0.0,0.25,0.75,0.0,0.4056390622295664
39633297352953046,0.0,0.91,0.09,0.0,0.21823490853205144
39633300964246666,0.0,0.04,0.96,0.0,0.12114609454120741
39633308136508234,0.0,0.32,0.68,0.0,0.45219072886224687
39633308136508361,0.0,0.04,0.95,0.01,0.16124668093016215
39633267678249544,0.0,0.21,0.79,0.0,0.37074136996563684
39633282647721707,0.0,0.99,0.01,0.0,0.04039656794795559
39633282647721601,0.0,0.96,0.04,0.0,0.12114609454120741
39633297373924449,0.0,0.4,0.6,0.0,0.4854752972273343
39633290075833883,0.0,0.0,0.86,0.14,0.292119405821428
39633300964245850,0.0,0.02,0.98,0.0,0.07072027127091034
39633304575541702,0.0,0.46,0.54,0.0,0.49768921941011285
39633304575541675,0.0,0.78,0.22,0.0,0.38008375148098283
39633297373924261,0.0,0.61,0.39,0.0,0.4823997742525436
39633293737461436,0.0,0.11,0.89,0.0,0.249957979082264
39633286376457041,0.0,0.55,0.45,0.0,0.49638722699390414
39633304575541572,0.0,1.0,0.0,0.0,-0.0
39633297373924838,0.06,0.94,0.0,0.0,0.16372245957723813
39633300989414438,0.06,0.94,0.0,0.0,0.16372245957723813
39633278944151869,0.0,0.13,0.87,0.0,0.2787190925139945
39633271432151413,0.0,0.0,1.0,0.0,-0.0
39633286376456265,0.0,0.5,0.5,0.0,0.5
39633290063250697,0.0,0.16,0.84,0.0,0.3171547773202831
39633290063250702,0.0,0.43,0.57,0.0,0.4929075185894599
39633290075833882,0.0,0.87,0.13,0.0,0.2787190925139945
39633297373923402,0.0,0.69,0.31,0.0,0.4465867291889284
39633286372265476,0.0,0.61,0.39,0.0,0.4823997742525436
39633282672886022,0.0,0.12,0.88,0.0,0.2646804326436822
39633293737461332,0.0,0.84,0.16,0.0,0.3171547773202831
39633286372264412,0.0,0.54,0.46,0.0,0.49768921941011285
39633290054863186,0.0,0.72,0.28,0.0,0.4277254052800653
39633286376456272,0.0,0.82,0.18,0.0,0.34003852286413994
39633290054862835,0.0,0.92,0.08,0.0,0.2010895951011364
39633297373924781,0.0,0.93,0.07,0.0,0.18296182545011158
39633293737461968,0.0,0.54,0.46,0.0,0.49768921941011285
39633260044615883,0.0,0.9,0.1,0.0,0.2344977967946406
39633267674057372,0.0,0.5,0.5,0.0,0.5
39633267657280856,0.0,0.05,0.94,0.01,0.1832231322266888
39633297340369253,0.0,0.73,0.27,0.0,0.42073231810408784
39633271436347404,0.0,0.36,0.64,0.0,0.4713415946277461
39633267682443500,0.0,0.68,0.32,0.0,0.45219072886224687
39633271436347381,0.0,0.97,0.03,0.0,0.0971959289157881
39633275194441986,0.0,0.96,0.04,0.0,0.12114609454120741
39633275190250208,0.0,0.81,0.19,0.0,0.3507357299419487
39633275194441994,0.0,0.7,0.3,0.0,0.44064544961534635
39633282698051717,0.0,0.54,0.46,0.0,0.49768921941011285
39633275194445437,0.0,0.99,0.01,0.0,0.04039656794795559
39633267657280576,0.0,0.29,0.71,0.0,0.43436062316970225
39633271436347525,0.0,0.55,0.45,0.0,0.49638722699390414
39633282689666830,0.0,0.19,0.81,0.0,0.3507357299419487
39633293737460013,0.0,0.79,0.21,0.0,0.37074136996563684
39633278927373373,0.0,0.22,0.78,0.0,0.38008375148098283
39633293737459888,0.0,0.23,0.77,0.0,0.38900565177326885
39633293733266083,0.0,0.56,0.44,0.0,0.4947937606110278
39633297369727792,0.0,0.29,0.71,0.0,0.43436062316970225
39633278939958923,0.0,0.35,0.65,0.0,0.4670340276877455
39633282668691686,0.0,0.79,0.21,0.0,0.37074136996563684
39633282664497301,0.0,0.06,0.94,0.0,0.16372245957723813
39633282664497437,0.0,0.53,0.47,0.0,0.4987007942838698
39633282664497440,0.0,0.68,0.32,0.0,0.45219072886224687
39633282664497567,0.0,0.6,0.4,0.0,0.4854752972273343
39633286368070731,0.0,0.02,0.98,0.0,0.07072027127091034
39633267657281551,0.0,0.56,0.44,0.0,0.4947937606110278
39633278973511327,0.0,0.86,0.14,0.0,0.292119405821428
39633263857241038,0.0,1.0,0.0,0.0,-0.0
39633278935763790,0.0,0.13,0.87,0.0,0.2787190925139945
39633278973511405,0.0,0.09,0.91,0.0,0.21823490853205144
39633290054861249,0.0,0.51,0.49,0.0,0.49985572087640495
39633293733266085,0.04,0.95,0.01,0.0,0.16124668093016215
39633300972636549,0.0,0.03,0.97,0.0,0.0971959289157881
39633290075835670,0.0,1.0,0.0,0.0,-0.0
39633300972636333,0.0,0.55,0.45,0.0,0.49638722699390414
39633293729071518,0.0,0.22,0.78,0.0,0.38008375148098283
39633293712296436,0.0,0.88,0.12,0.0,0.2646804326436822
39633278960930037,0.0,0.0,0.97,0.03,0.0971959289157881
39633300964247443,0.0,0.95,0.05,0.0,0.14319847855797813
39633278965121083,0.0,0.31,0.69,0.0,0.4465867291889284
39633290038083685,0.0,0.14,0.86,0.0,0.292119405821428
39633275227999545,0.0,0.03,0.97,0.0,0.0971959289157881
39633290038083617,0.0,0.17,0.82,0.01,0.3678974314876692
39633286380652580,0.0,0.53,0.47,0.0,0.4987007942838698
39633275227999338,0.0,0.94,0.06,0.0,0.16372245957723813
39633278965121063,0.0,0.13,0.87,0.0,0.2787190925139945
39633286384846412,0.0,0.82,0.18,0.0,0.34003852286413994
39633293699713479,0.0,0.27,0.73,0.0,0.42073231810408784
39633293699713467,0.0,0.35,0.65,0.0,0.4670340276877455
39633282668694031,0.0,0.28,0.72,0.0,0.4277254052800653
39633282668694075,0.0,0.91,0.09,0.0,0.21823490853205144
39633282668694085,0.0,0.41,0.59,0.0,0.488250234378912
39633286393236483,0.0,0.06,0.94,0.0,0.16372245957723813
39633297369730278,0.0,0.39,0.61,0.0,0.4823997742525436
39633271461513008,0.0,0.12,0.88,0.0,0.2646804326436822
39633286384845960,0.0,0.02,0.97,0.01,0.11097036642660543
39633275223803665,0.0,0.3,0.7,0.0,0.44064544961534635
39633293737461800,0.0,0.86,0.14,0.0,0.292119405821428
39633293737461622,0.0,0.59,0.41,0.0,0.488250234378912
39633286397429135,0.0,0.43,0.57,0.0,0.4929075185894599
39633275227999342,0.0,0.12,0.88,0.0,0.2646804326436822
39633293737461473,0.0,0.73,0.27,0.0,0.42073231810408784
39633293737461771,0.0,0.74,0.26,0.0,0.4133731862463089
39633300968440671,0.0,0.53,0.47,0.0,0.4987007942838698
39633282698053365,0.0,0.22,0.78,0.0,0.38008375148098283
39633290080027129,0.0,0.29,0.71,0.0,0.43436062316970225
39633293729071487,0.0,0.84,0.16,0.0,0.3171547773202831
39633300968442992,0.0,0.11,0.89,0.0,0.249957979082264
39633290054862189,0.0,0.15,0.85,0.0,0.3049201523582002
39633282672888055,0.0,0.18,0.82,0.0,0.34003852286413994
39633286393235093,0.0,0.57,0.43,0.0,0.4929075185894599
39633275232191840,0.0,0.33,0.67,0.0,0.4574631863898637
39633293716489983,0.0,0.14,0.86,0.0,0.292119405821428
39633263869822607,0.02,0.96,0.02,0.0,0.14114609454120738
39633263865628852,0.02,0.94,0.04,0.0,0.1912713345988728
39633297348757304,0.0,0.19,0.81,0.0,0.3507357299419487
39633297352950063,0.0,0.48,0.52,0.0,0.4994227679976009
39633263869822322,0.0,0.03,0.97,0.0,0.0971959289157881
39633263869822558,0.0,0.76,0.24,0.0,0.39752013969226113
39633267678250607,0.0,0.8,0.2,0.0,0.36096404744368116
39633275190250126,0.01,0.99,0.0,0.0,0.04039656794795559
39633297352949955,0.01,0.96,0.03,0.0,0.13737165703039006
39633267665668251,0.0,0.98,0.02,0.0,0.07072027127091034
39633286355485342,0.05,0.94,0.01,0.0,0.1832231322266888
39633267686638535,0.0,0.31,0.69,0.0,0.4465867291889284
39633275232192412,0.0,0.12,0.87,0.01,0.30414992414989617
39633267686638502,0.0,0.24,0.76,0.0,0.39752013969226113
39633267686638452,0.0,0.62,0.38,0.0,0.47902101111314976
39633267686638398,0.0,0.62,0.38,0.0,0.47902101111314976
39633267686638292,0.0,0.18,0.82,0.0,0.34003852286413994
39633267682445797,0.01,0.98,0.01,0.0,0.08072027127091033
39633267686638441,0.0,0.47,0.53,0.0,0.4987007942838698
39633267686638404,0.0,0.55,0.45,0.0,0.49638722699390414
39633267686638695,0.0,0.36,0.64,0.0,0.4713415946277461
39633267686639359,0.0,0.86,0.14,0.0,0.292119405821428
39633267686638806,0.0,0.99,0.01,0.0,0.04039656794795559
39633290059055482,0.0,0.92,0.08,0.0,0.2010895951011364
39633267686639421,0.0,0.64,0.36,0.0,0.4713415946277461
39633263861432597,0.02,0.95,0.03,0.0,0.1674722434193448
39633267686639373,0.0,0.98,0.02,0.0,0.07072027127091034
39633278935763769,0.0,1.0,0.0,0.0,-0.0
39633293733267978,0.0,0.33,0.67,0.0,0.4574631863898637
39633290054864216,0.0,0.69,0.31,0.0,0.4465867291889284
39633290054864197,0.01,0.98,0.01,0.0,0.08072027127091033
39633286351290790,0.0,0.45,0.55,0.0,0.49638722699390414
39633286351290791,0.0,0.67,0.33,0.0,0.4574631863898637
39633290063250735,0.0,0.06,0.94,0.0,0.16372245957723813
39633297336174007,0.01,0.98,0.01,0.0,0.08072027127091033
39633297369728468,0.0,0.78,0.22,0.0,0.38008375148098283
39633297369728471,0.0,0.5,0.5,0.0,0.5
39633267682446180,0.0,0.91,0.09,0.0,0.21823490853205144
39633290071639540,0.0,1.0,0.0,0.0,-0.0
39633290054862281,0.02,0.95,0.03,0.0,0.1674722434193448
39633275190249038,0.0,0.94,0.06,0.0,0.16372245957723813
39633275190249009,0.0,0.7,0.3,0.0,0.44064544961534635
39633286351291034,0.0,0.61,0.39,0.0,0.4823997742525436
39633275190248909,0.0,0.2,0.8,0.0,0.36096404744368116
39633300960054401,0.0,0.11,0.89,0.0,0.249957979082264
39633271469901170,0.0,0.77,0.23,0.0,0.38900565177326885
39633263874016524,0.0,0.91,0.09,0.0,0.21823490853205144
39633263874016244,0.0,0.4,0.6,0.0,0.4854752972273343
39633271469901604,0.0,0.71,0.29,0.0,0.43436062316970225
39633271469901664,0.01,0.99,0.0,0.0,0.04039656794795559
39633267686640324,0.0,0.18,0.82,0.0,0.34003852286413994
39633267686640743,0.0,0.41,0.59,0.0,0.488250234378912
39633267686638741,0.0,0.63,0.37,0.0,0.47533604634353294
39633267686639894,0.01,0.99,0.0,0.0,0.04039656794795559
39633267686640044,0.0,0.01,0.98,0.01,0.08072027127091033
39633267686640152,0.0,0.8,0.2,0.0,0.36096404744368116
39633267686640416,0.0,0.96,0.04,0.0,0.12114609454120741
39633267686640019,0.0,0.95,0.05,0.0,0.14319847855797813
39633278939956760,0.0,0.06,0.93,0.01,0.20367037270049304
39633286397430481,0.0,0.17,0.83,0.0,0.32885238937210975
39633290080026663,0.0,0.43,0.57,0.0,0.4929075185894599
39633286397429136,0.0,0.99,0.01,0.0,0.04039656794795559
39633290080028449,0.0,0.83,0.17,0.0,0.32885238937210975
39633263857241064,0.0,0.28,0.72,0.0,0.4277254052800653
39633278939956303,0.0,0.52,0.48,0.0,0.4994227679976009
39633297352950393,0.0,0.23,0.77,0.0,0.38900565177326885
39633263861435675,0.0,0.0,0.99,0.01,0.04039656794795559
39633267678252506,0.0,0.24,0.76,0.0,0.39752013969226113
39633290059057809,0.0,0.85,0.15,0.0,0.3049201523582002
39633290059057899,0.0,0.38,0.62,0.0,0.47902101111314976
39633297336173733,0.0,0.04,0.95,0.01,0.16124668093016215
39633267657280760,0.0,0.1,0.89,0.01,0.27413031336294724
39633290059057970,0.0,1.0,0.0,0.0,-0.0
39633290059057963,0.0,0.53,0.47,0.0,0.4987007942838698
39633300964248665,0.0,0.79,0.21,0.0,0.37074136996563684
39633286368070602,0.0,0.15,0.85,0.0,0.3049201523582002
39633293733266134,0.0,0.13,0.87,0.0,0.2787190925139945
39633286397428699,0.0,0.57,0.43,0.0,0.4929075185894599
39633290063251718,0.0,0.06,0.94,0.0,0.16372245957723813
39633278973512022,0.0,1.0,0.0,0.0,-0.0
39633278973512026,0.0,0.04,0.95,0.01,0.16124668093016215
39633267678252468,0.0,0.91,0.09,0.0,0.21823490853205144
39633278923181962,0.0,0.09,0.91,0.0,0.21823490853205144
39633293703907341,0.0,0.2,0.8,0.0,0.36096404744368116
39633293703907303,0.0,0.66,0.34,0.0,0.46240935248651505
39633267678252587,0.0,0.94,0.06,0.0,0.16372245957723813
39633297352953135,0.0,0.4,0.6,0.0,0.4854752972273343
39633282672886890,0.0,0.4,0.6,0.0,0.4854752972273343
39633290080027831,0.0,0.7,0.3,0.0,0.44064544961534635
39633260044615937,0.14,0.86,0.0,0.0,0.292119405821428
39633263869823220,0.0,0.75,0.25,0.0,0.4056390622295664
39633260048810344,0.0,0.68,0.32,0.0,0.45219072886224687
39633263878211934,0.0,0.93,0.07,0.0,0.18296182545011158
39633260044617607,0.0,0.88,0.12,0.0,0.2646804326436822
39633263878212650,0.0,0.92,0.08,0.0,0.2010895951011364
39633290054861134,0.0,0.82,0.18,0.0,0.34003852286413994
39633263861433122,0.0,0.1,0.9,0.0,0.2344977967946406
39633267657280129,0.0,0.81,0.19,0.0,0.3507357299419487
39633263857238946,0.0,0.8,0.2,0.0,0.36096404744368116
39633275190249012,0.0,0.57,0.43,0.0,0.4929075185894599
39633275190248555,0.0,0.2,0.8,0.0,0.36096404744368116
39633263861433417,0.0,0.1,0.9,0.0,0.2344977967946406
39633290059057463,0.0,0.41,0.59,0.0,0.488250234378912
39633267653085108,0.0,0.49,0.51,0.0,0.49985572087640495
39633275190248960,0.0,0.09,0.91,0.0,0.21823490853205144
39633297352950078,0.0,0.21,0.79,0.0,0.37074136996563684
39633263865627247,0.0,0.91,0.09,0.0,0.21823490853205144
39633267653085428,0.06,0.94,0.0,0.0,0.16372245957723813
39633300960054572,0.0,0.92,0.08,0.0,0.2010895951011364
39633290063250347,0.0,0.58,0.42,0.0,0.49072694751682683
39633293737460491,0.0,0.03,0.97,0.0,0.0971959289157881
39633293737460170,0.0,0.19,0.81,0.0,0.3507357299419487
39633263874015777,0.0,0.92,0.08,0.0,0.2010895951011364
39633275232191488,0.0,0.83,0.17,0.0,0.32885238937210975
39633275232191491,0.0,0.94,0.06,0.0,0.16372245957723813
39633275232191615,0.0,0.49,0.51,0.0,0.49985572087640495
39633275190248147,0.0,0.74,0.26,0.0,0.4133731862463089
39633263878212255,0.03,0.95,0.02,0.0,0.1674722434193448
39633263869824344,0.0,0.95,0.05,0.0,0.14319847855797813
39633263874016112,0.0,0.93,0.07,0.0,0.18296182545011158
39633275232192554,0.0,0.87,0.13,0.0,0.2787190925139945
39633263874015703,0.0,0.99,0.01,0.0,0.04039656794795559
39633263869823844,0.0,0.09,0.91,0.0,0.21823490853205144
39633290054860985,0.0,0.8,0.2,0.0,0.36096404744368116
39633263861433338,0.0,0.57,0.43,0.0,0.4929075185894599
39633286397428706,0.0,0.0,1.0,0.0,-0.0
39633286397428569,0.0,0.72,0.28,0.0,0.4277254052800653
39633263857238851,0.0,0.96,0.04,0.0,0.12114609454120741
39633267653085009,0.0,0.37,0.63,0.0,0.47533604634353294
39633263853046847,0.0,0.14,0.86,0.0,0.292119405821428
39633267653085658,0.0,0.27,0.73,0.0,0.42073231810408784
39633263853047029,0.0,0.04,0.95,0.01,0.16124668093016215
39633297336173257,0.0,0.02,0.98,0.0,0.07072027127091034
39633290059057360,0.0,0.63,0.37,0.0,0.47533604634353294
39633297336173358,0.0,0.58,0.42,0.0,0.49072694751682683
39633271427958697,0.01,0.88,0.11,0.0,0.28950944366190023
39633271427958734,0.01,0.99,0.0,0.0,0.04039656794795559
39633271427958768,0.0,0.57,0.43,0.0,0.4929075185894599
39633275190247792,0.0,0.75,0.25,0.0,0.4056390622295664
39633260044616156,0.0,0.65,0.35,0.0,0.4670340276877455
39633260044617516,0.0,0.99,0.01,0.0,0.04039656794795559
39633260040422772,0.0,0.93,0.07,0.0,0.18296182545011158
39633260044617289,0.0,0.95,0.05,0.0,0.14319847855797813
39633260040424485,0.0,0.46,0.54,0.0,0.49768921941011285
39633260044617915,0.0,0.8,0.2,0.0,0.36096404744368116
39633263869824090,0.0,0.92,0.08,0.0,0.2010895951011364
39633263878211543,0.0,0.29,0.71,0.0,0.43436062316970225
39633263869823199,0.0,0.35,0.65,0.0,0.4670340276877455
39633263874016173,0.0,0.96,0.04,0.0,0.12114609454120741
39633263865628912,0.0,0.2,0.8,0.0,0.36096404744368116
39633263874016191,0.0,1.0,0.0,0.0,-0.0
39633263874015274,0.0,0.4,0.6,0.0,0.4854752972273343
39633263874016255,0.0,1.0,0.0,0.0,-0.0
39633267653085842,0.0,0.96,0.04,0.0,0.12114609454120741
39633275232193690,0.0,0.79,0.21,0.0,0.37074136996563684
39633267653085467,0.0,0.96,0.04,0.0,0.12114609454120741
39633267678251091,0.0,0.92,0.08,0.0,0.2010895951011364
39633300960054410,0.0,0.73,0.27,0.0,0.42073231810408784
39633293737460467,0.0,0.78,0.22,0.0,0.38008375148098283
39633263882405000,0.04,0.93,0.03,0.0,0.2174448102113104
39633263857241310,0.0,0.87,0.13,0.0,0.2787190925139945
39633263857240293,0.0,0.96,0.04,0.0,0.12114609454120741
39633267690832017,0.0,0.52,0.48,0.0,0.4994227679976009
39633263865629243,0.0,0.18,0.82,0.0,0.34003852286413994
39633263882404707,0.01,0.98,0.01,0.0,0.08072027127091033
39633263857239995,0.0,0.9,0.1,0.0,0.2344977967946406
39633263865628888,0.0,0.14,0.86,0.0,0.292119405821428
39633267682446094,0.0,0.98,0.02,0.0,0.07072027127091034
39633267686640469,0.0,0.87,0.13,0.0,0.2787190925139945
39633267686639289,0.0,0.94,0.06,0.0,0.16372245957723813
39633267686638916,0.0,0.12,0.88,0.0,0.2646804326436822
39633263857240735,0.0,0.8,0.2,0.0,0.36096404744368116
39633263857241366,0.01,0.96,0.03,0.0,0.13737165703039006
39633271432151575,0.0,0.29,0.71,0.0,0.43436062316970225
39633263878212734,0.0,1.0,0.0,0.0,-0.0
39633267686637681,0.0,0.58,0.42,0.0,0.49072694751682683
39633290054861756,0.0,0.6,0.4,0.0,0.4854752972273343
39633271469902384,0.01,0.99,0.0,0.0,0.04039656794795559
39633275232192333,0.0,0.06,0.94,0.0,0.16372245957723813
39633271469902343,0.0,0.8,0.2,0.0,0.36096404744368116
39633290054864034,0.0,0.92,0.08,0.0,0.2010895951011364
39633263853046338,0.0,0.67,0.33,0.0,0.4574631863898637
39633267653085338,0.0,0.91,0.09,0.0,0.21823490853205144
39633267653085558,0.0,0.87,0.13,0.0,0.2787190925139945
39633267678251522,0.0,1.0,0.0,0.0,-0.0
39633267653085233,0.0,0.84,0.16,0.0,0.3171547773202831
39633293703907553,0.0,0.0,1.0,0.0,-0.0
39633286347099579,0.0,0.98,0.02,0.0,0.07072027127091034
39633260048810709,0.0,0.99,0.01,0.0,0.04039656794795559
39633263857239345,0.0,0.72,0.28,0.0,0.4277254052800653
39633260048810825,0.0,1.0,0.0,0.0,-0.0
39633260048811284,0.0,1.0,0.0,0.0,-0.0
39633260048813101,0.0,0.95,0.05,0.0,0.14319847855797813
39633260048813138,0.02,0.98,0.0,0.0,0.07072027127091034
39633271427959209,0.0,0.51,0.49,0.0,0.49985572087640495
39633271427960029,0.0,0.46,0.54,0.0,0.49768921941011285
39633260048811645,0.0,0.92,0.08,0.0,0.2010895951011364
39633260048811602,0.0,0.99,0.01,0.0,0.04039656794795559
39633271427960207,0.0,0.02,0.98,0.0,0.07072027127091034
39633271427959964,0.0,0.26,0.74,0.0,0.4133731862463089
39633260044617002,0.0,0.95,0.05,0.0,0.14319847855797813
39633260044616784,0.0,0.36,0.64,0.0,0.4713415946277461
39633260044616262,0.0,0.99,0.01,0.0,0.04039656794795559
39633260044616195,0.0,0.79,0.21,0.0,0.37074136996563684
39633275232193243,0.0,0.88,0.12,0.0,0.2646804326436822
39633263874015969,0.0,0.94,0.06,0.0,0.16372245957723813
39633263857239606,0.0,0.74,0.26,0.0,0.4133731862463089
39633263857240016,0.0,0.64,0.36,0.0,0.4713415946277461
39633263857240281,0.0,0.67,0.33,0.0,0.4574631863898637
39633260048811929,0.0,0.88,0.12,0.0,0.2646804326436822
39633263857239524,0.0,0.57,0.43,0.0,0.4929075185894599
39633263857240669,0.0,0.9,0.1,0.0,0.2344977967946406
39633293737461896,0.0,0.85,0.15,0.0,0.3049201523582002
39633282698054849,0.0,0.73,0.27,0.0,0.42073231810408784
39633290063252205,0.0,0.0,1.0,0.0,-0.0
39633300955857972,0.0,0.5,0.5,0.0,0.5
39633297361341048,0.0,0.08,0.92,0.0,0.2010895951011364
39633271453124644,0.0,0.88,0.12,0.0,0.2646804326436822
39633275232190760,0.01,0.96,0.03,0.0,0.13737165703039006
39633275232190621,0.0,0.99,0.01,0.0,0.04039656794795559
39633297361340994,0.0,0.46,0.54,0.0,0.49768921941011285
39633286355485982,0.0,0.2,0.8,0.0,0.36096404744368116
39633290075835284,0.0,0.3,0.7,0.0,0.44064544961534635
39633293729073780,0.0,0.87,0.13,0.0,0.2787190925139945
39633290063249594,0.0,0.08,0.92,0.0,0.2010895951011364
39633286397430566,0.0,0.93,0.07,0.0,0.18296182545011158
39633300964248257,0.0,0.19,0.81,0.0,0.3507357299419487
39633282698054209,0.0,0.24,0.76,0.0,0.39752013969226113
39633278973511373,0.0,0.04,0.95,0.01,0.16124668093016215
39633286397430431,0.0,0.97,0.03,0.0,0.0971959289157881
39633278973511628,0.0,0.91,0.09,0.0,0.21823490853205144
39633308144895448,0.0,0.61,0.39,0.0,0.4823997742525436
39633290080028561,0.0,0.85,0.15,0.0,0.3049201523582002
39633286347099607,0.0,0.98,0.02,0.0,0.07072027127091034
39633278965123104,0.0,0.14,0.86,0.0,0.292119405821428
39633267686637966,0.0,0.73,0.27,0.0,0.42073231810408784
39633290054861255,0.0,0.96,0.04,0.0,0.12114609454120741
39633290054863396,0.0,0.25,0.75,0.0,0.4056390622295664
39633293703906111,0.0,0.02,0.98,0.0,0.07072027127091034
39633271469902676,0.0,1.0,0.0,0.0,-0.0
39633278977704251,0.0,0.47,0.53,0.0,0.4987007942838698
39633271474094215,0.0,0.87,0.13,0.0,0.2787190925139945
39633278977703977,0.0,0.95,0.05,0.0,0.14319847855797813
39633278977705179,0.0,0.99,0.01,0.0,0.04039656794795559
39633282698054620,0.0,1.0,0.0,0.0,-0.0
39633278977705088,0.0,1.0,0.0,0.0,-0.0
39633282698054830,0.0,0.76,0.24,0.0,0.39752013969226113
39633263874018136,0.0,0.84,0.16,0.0,0.3171547773202831
39633293737462282,0.01,0.88,0.11,0.0,0.28950944366190023
39633297373923681,0.0,0.83,0.17,0.0,0.32885238937210975
39633297373923642,0.09,0.91,0.0,0.0,0.21823490853205144
39633286359682082,0.0,0.96,0.04,0.0,0.12114609454120741
39633286372263213,0.0,0.16,0.84,0.0,0.3171547773202831
39633275236385412,0.0,1.0,0.0,0.0,-0.0
39633275236385479,0.0,1.0,0.0,0.0,-0.0
39633278977704168,0.01,0.93,0.06,0.0,0.20367037270049304
39633290054861447,0.0,0.18,0.82,0.0,0.34003852286413994
39633275236385491,0.0,0.44,0.56,0.0,0.4947937606110278
39633282698054387,0.0,1.0,0.0,0.0,-0.0
39633282698054493,0.0,0.06,0.94,0.0,0.16372245957723813
39633267661472408,0.0,0.88,0.12,0.0,0.2646804326436822
39633267690832059,0.0,0.57,0.43,0.0,0.4929075185894599
39633271469902275,0.0,0.8,0.2,0.0,0.36096404744368116
39633271469902469,0.0,0.93,0.07,0.0,0.18296182545011158
39633278973512705,0.0,0.98,0.02,0.0,0.07072027127091034
39633267686638241,0.0,0.46,0.54,0.0,0.49768921941011285
39633275236385610,0.0,1.0,0.0,0.0,-0.0
39633271469902543,0.0,0.72,0.28,0.0,0.4277254052800653
39633275236385450,0.0,0.73,0.27,0.0,0.42073231810408784
39633267686638219,0.0,0.04,0.96,0.0,0.12114609454120741
39633271469902476,0.0,0.98,0.02,0.0,0.07072027127091034
39633290080028988,0.0,0.94,0.06,0.0,0.16372245957723813
39633300989413475,0.0,0.62,0.38,0.0,0.47902101111314976
39633293737462774,0.0,0.9,0.1,0.0,0.2344977967946406
39633286372262984,0.0,0.07,0.93,0.0,0.18296182545011158
39633297373923733,0.0,0.26,0.74,0.0,0.4133731862463089
39633278977704323,0.0,0.97,0.03,0.0,0.0971959289157881
39633263874016862,0.0,0.83,0.17,0.0,0.32885238937210975
39633263874018026,0.01,0.99,0.0,0.0,0.04039656794795559
39633286372264659,0.0,0.22,0.78,0.0,0.38008375148098283
39633290033889554,0.0,0.4,0.6,0.0,0.4854752972273343
39633290033889533,0.0,0.04,0.96,0.0,0.12114609454120741
39633290033889355,0.0,0.24,0.76,0.0,0.39752013969226113
39633278948346452,0.0,0.14,0.86,0.0,0.292119405821428
39633278948346402,0.0,0.8,0.2,0.0,0.36096404744368116
39633286393235912,0.0,0.34,0.66,0.0,0.46240935248651505
39633290054864018,0.0,0.8,0.2,0.0,0.36096404744368116
39633293737461524,0.0,0.44,0.56,0.0,0.4947937606110278
39633293737461055,0.0,0.75,0.25,0.0,0.4056390622295664
39633300989414248,0.04,0.96,0.0,0.0,0.12114609454120741
39633263878211897,0.0,0.05,0.95,0.0,0.14319847855797813
39633263853047070,0.0,0.07,0.92,0.01,0.22283217282912027
39633267657278390,0.0,0.95,0.05,0.0,0.14319847855797813
39633267653087096,0.0,0.16,0.84,0.0,0.3171547773202831
39633286389041755,0.0,0.35,0.65,0.0,0.4670340276877455
39633263865626953,0.0,0.1,0.9,0.0,0.2344977967946406
39633263857240204,0.0,0.75,0.25,0.0,0.4056390622295664
39633263861435854,0.0,0.01,0.97,0.02,0.11097036642660543
39633263857238061,0.0,0.9,0.1,0.0,0.2344977967946406
39633263857239246,0.0,0.22,0.78,0.0,0.38008375148098283
39633290059056540,0.0,0.26,0.74,0.0,0.4133731862463089
39633260040422871,0.0,1.0,0.0,0.0,-0.0
39633282702246060,0.0,0.86,0.14,0.0,0.292119405821428
39633271469903040,0.0,0.84,0.16,0.0,0.3171547773202831
39633282702245913,0.0,0.98,0.02,0.0,0.07072027127091034
39633271474094380,0.0,1.0,0.0,0.0,-0.0
39633267686639793,0.0,0.76,0.24,0.0,0.39752013969226113
39633271474094191,0.0,1.0,0.0,0.0,-0.0
39633275236385576,0.0,0.99,0.01,0.0,0.04039656794795559
39633275236384793,0.0,0.9,0.1,0.0,0.2344977967946406
39633278977704593,0.0,1.0,0.0,0.0,-0.0
39633286372265338,0.0,0.28,0.72,0.0,0.4277254052800653
39633263857240491,0.0,0.15,0.85,0.0,0.3049201523582002
39633267686640200,0.0,0.98,0.02,0.0,0.07072027127091034
39633271469902659,0.0,0.78,0.22,0.0,0.38008375148098283
39633275236384971,0.0,1.0,0.0,0.0,-0.0
39633267686640824,0.0,0.99,0.01,0.0,0.04039656794795559
39633271474094229,0.0,1.0,0.0,0.0,-0.0
39633271469902994,0.0,0.97,0.03,0.0,0.0971959289157881
39633267686640017,0.0,1.0,0.0,0.0,-0.0
39633267686638548,0.0,0.8,0.2,0.0,0.36096404744368116
39633278977704419,0.0,0.04,0.96,0.0,0.12114609454120741
39633267686640202,0.0,0.85,0.15,0.0,0.3049201523582002
39633267686638220,0.01,0.99,0.0,0.0,0.04039656794795559
39633267686640868,0.0,0.68,0.32,0.0,0.45219072886224687
39633267686640620,0.0,0.94,0.06,0.0,0.16372245957723813
39633267686640296,0.0,0.88,0.12,0.0,0.2646804326436822
39633267690832461,0.0,0.6,0.4,0.0,0.4854752972273343
39633267690832351,0.0,0.94,0.06,0.0,0.16372245957723813
39633290080028601,0.0,0.58,0.42,0.0,0.49072694751682683
39633290080028794,0.0,0.75,0.25,0.0,0.4056390622295664
39633267690833091,0.0,1.0,0.0,0.0,-0.0
39633260053004789,0.0,0.6,0.4,0.0,0.4854752972273343
39633263882405642,0.0,1.0,0.0,0.0,-0.0
39633263857241479,0.01,0.92,0.07,0.0,0.22283217282912027
39633263882405968,0.0,0.93,0.07,0.0,0.18296182545011158
39633263857240815,0.0,0.96,0.04,0.0,0.12114609454120741
39633263878212646,0.0,0.83,0.17,0.0,0.32885238937210975
39633271469902318,0.0,0.96,0.04,0.0,0.12114609454120741
39633263882404982,0.0,1.0,0.0,0.0,-0.0
39633260053005103,0.0,1.0,0.0,0.0,-0.0
39633267686640348,0.0,0.99,0.01,0.0,0.04039656794795559
39633263874017070,0.0,0.9,0.1,0.0,0.2344977967946406
39633275232193508,0.0,0.9,0.1,0.0,0.2344977967946406
39633286347096988,0.0,1.0,0.0,0.0,-0.0
39633282643529365,0.0,0.81,0.19,0.0,0.3507357299419487
39633282647722709,0.0,0.47,0.53,0.0,0.4987007942838698
39633300968441847,0.0,0.55,0.45,0.0,0.49638722699390414
39633286363876195,0.0,0.2,0.8,0.0,0.36096404744368116
39633275190250402,0.0,0.78,0.22,0.0,0.38008375148098283
39633271436346305,0.0,0.67,0.33,0.0,0.4574631863898637
39633290071641247,0.0,0.28,0.72,0.0,0.4277254052800653
39633275194443611,0.0,0.03,0.97,0.0,0.0971959289157881
39633271436346381,0.0,0.84,0.16,0.0,0.3171547773202831
39633286384847598,0.0,0.76,0.24,0.0,0.39752013969226113
39633271436346321,0.0,0.39,0.61,0.0,0.4823997742525436
39633267665669418,0.0,0.33,0.67,0.0,0.4574631863898637
39633271436346277,0.0,0.05,0.95,0.0,0.14319847855797813
39633286393236373,0.0,1.0,0.0,0.0,-0.0
39633290075832356,0.0,0.93,0.07,0.0,0.18296182545011158
39633278960929288,0.0,0.04,0.96,0.0,0.12114609454120741
39633275223802295,0.0,0.02,0.97,0.01,0.11097036642660543
39633282651914735,0.0,0.66,0.34,0.0,0.46240935248651505
39633304554571557,0.0,0.67,0.33,0.0,0.4574631863898637
39633278973510242,0.0,0.09,0.91,0.0,0.21823490853205144
39633275202830501,0.0,0.06,0.94,0.0,0.16372245957723813
39633282677080828,0.0,0.64,0.36,0.0,0.4713415946277461
39633271440540178,0.0,0.4,0.6,0.0,0.4854752972273343
39633286363874408,0.0,0.65,0.35,0.0,0.4670340276877455
39633271444736324,0.0,0.02,0.98,0.0,0.07072027127091034
39633290063250467,0.0,0.31,0.69,0.0,0.4465867291889284
39633271444736531,0.0,0.25,0.75,0.0,0.4056390622295664
39633282677080305,0.0,0.01,0.98,0.01,0.08072027127091033
39633290063250433,0.0,0.21,0.79,0.0,0.37074136996563684
39633286368070828,0.0,0.03,0.94,0.03,0.19372245957723813
39633286393234742,0.0,0.66,0.34,0.0,0.46240935248651505
39633300972635037,0.0,0.18,0.82,0.0,0.34003852286413994
39633278973511223,0.0,0.28,0.72,0.0,0.4277254052800653
39633300985220034,0.03,0.97,0.0,0.0,0.0971959289157881
39633293695517558,0.0,0.06,0.94,0.0,0.16372245957723813
39633286359682103,0.0,0.61,0.39,0.0,0.4823997742525436
39633304571347086,0.0,0.59,0.41,0.0,0.488250234378912
39633290063251673,0.0,0.22,0.78,0.0,0.38008375148098283
39633286393236450,0.01,0.99,0.0,0.0,0.04039656794795559
39633290063251875,0.0,0.85,0.15,0.0,0.3049201523582002
39633286368070614,0.0,0.43,0.57,0.0,0.4929075185894599
39633275202830768,0.0,0.02,0.98,0.0,0.07072027127091034
39633286363874664,0.0,0.96,0.04,0.0,0.12114609454120741
39633286380653064,0.0,0.1,0.9,0.0,0.2344977967946406
39633290046472279,0.0,0.77,0.23,0.0,0.38900565177326885
39633293733267282,0.0,0.43,0.57,0.0,0.4929075185894599
39633293708099764,0.0,0.03,0.96,0.01,0.13737165703039006
39633286372262363,0.0,0.16,0.84,0.0,0.3171547773202831
39633300951666309,0.0,0.61,0.39,0.0,0.4823997742525436
39633293703907780,0.0,0.81,0.19,0.0,0.3507357299419487
39633282672886711,0.0,0.9,0.1,0.0,0.2344977967946406
39633286372262292,0.0,0.65,0.35,0.0,0.4670340276877455
39633304554571237,0.0,0.77,0.23,0.0,0.38900565177326885
39633304554571288,0.0,0.22,0.78,0.0,0.38008375148098283
39633300964245595,0.0,0.0,1.0,0.0,-0.0
39633293737460473,0.0,0.94,0.06,0.0,0.16372245957723813
39633290063252251,0.0,0.82,0.18,0.0,0.34003852286413994
39633278965124199,0.0,0.68,0.32,0.0,0.45219072886224687
39633282693857577,0.0,0.05,0.95,0.0,0.14319847855797813
39633282689666708,0.0,0.72,0.28,0.0,0.4277254052800653
39633290071641202,0.0,0.02,0.98,0.0,0.07072027127091034
39633290063250468,0.0,0.17,0.82,0.01,0.3678974314876692
39633286393235396,0.0,0.42,0.58,0.0,0.49072694751682683
39633297365535113,0.0,0.48,0.52,0.0,0.4994227679976009
39633267678250821,0.0,0.06,0.92,0.02,0.2335407200795017
39633267678250847,0.0,0.36,0.64,0.0,0.4713415946277461
39633267678251135,0.0,0.78,0.22,0.0,0.38008375148098283
39633263857239675,0.0,0.86,0.14,0.0,0.292119405821428
39633282693857328,0.0,0.17,0.83,0.0,0.32885238937210975
39633293716489570,0.0,1.0,0.0,0.0,-0.0
39633293716489719,0.0,0.13,0.87,0.0,0.2787190925139945
39633271444736774,0.0,0.39,0.61,0.0,0.4823997742525436
39633271440540420,0.0,0.03,0.97,0.0,0.0971959289157881
39633293724879496,0.0,0.35,0.65,0.0,0.4670340276877455
39633290075833773,0.0,0.57,0.43,0.0,0.4929075185894599
39633290033889696,0.0,0.04,0.96,0.0,0.12114609454120741
39633293729071196,0.0,0.09,0.91,0.0,0.21823490853205144
39633293737460429,0.0,1.0,0.0,0.0,-0.0
39633275223804069,0.0,0.53,0.47,0.0,0.4987007942838698
39633275223804111,0.0,0.86,0.14,0.0,0.292119405821428
39633290067444838,0.0,0.69,0.31,0.0,0.4465867291889284
39633278931566803,0.0,0.84,0.16,0.0,0.3171547773202831
39633275194443725,0.0,0.06,0.94,0.0,0.16372245957723813
39633278931566796,0.0,0.93,0.07,0.0,0.18296182545011158
39633278948346591,0.0,0.55,0.45,0.0,0.49638722699390414
39633286363875197,0.0,0.64,0.36,0.0,0.4713415946277461
39633293712294231,0.0,0.09,0.91,0.0,0.21823490853205144
39633293712294225,0.0,0.85,0.15,0.0,0.3049201523582002
39633286359681760,0.0,0.09,0.91,0.0,0.21823490853205144
39633286359681829,0.0,0.69,0.31,0.0,0.4465867291889284
39633278973511841,0.0,1.0,0.0,0.0,-0.0
39633278956736072,0.0,0.96,0.04,0.0,0.12114609454120741
39633304554570376,0.0,0.65,0.35,0.0,0.4670340276877455
39633286347098100,0.0,0.74,0.26,0.0,0.4133731862463089
39633271432151726,0.0,0.59,0.41,0.0,0.488250234378912
39633290029695865,0.0,0.97,0.03,0.0,0.0971959289157881
39633271432153753,0.0,0.01,0.96,0.03,0.13737165703039006
39633297352949822,0.0,0.04,0.96,0.0,0.12114609454120741
39633286351290834,0.0,0.11,0.89,0.0,0.249957979082264
39633290033890002,0.0,0.0,0.97,0.03,0.0971959289157881
39633282647721243,0.0,0.82,0.18,0.0,0.34003852286413994
39633271432152529,0.0,0.0,0.99,0.01,0.04039656794795559
39633286351290699,0.0,0.69,0.31,0.0,0.4465867291889284
39633278956735902,0.0,0.56,0.44,0.0,0.4947937606110278
39633263861434828,0.0,0.11,0.89,0.0,0.249957979082264
39633263861434674,0.0,0.11,0.89,0.0,0.249957979082264
39633263861434810,0.0,0.21,0.79,0.0,0.37074136996563684
39633263857239475,0.0,0.88,0.12,0.0,0.2646804326436822
39633293737460996,0.03,0.97,0.0,0.0,0.0971959289157881
39633293724879841,0.0,0.73,0.27,0.0,0.42073231810408784
39633278965124308,0.0,0.38,0.62,0.0,0.47902101111314976
39633263857239360,0.0,0.69,0.31,0.0,0.4465867291889284
39633282643529275,0.0,0.98,0.02,0.0,0.07072027127091034
39633271432151475,0.0,0.85,0.15,0.0,0.3049201523582002
39633282647720019,0.04,0.96,0.0,0.0,0.12114609454120741
39633282643529423,0.0,0.97,0.03,0.0,0.0971959289157881
39633271432152626,0.0,0.35,0.65,0.0,0.4670340276877455
39633271432152467,0.0,0.78,0.22,0.0,0.38008375148098283
39633271432152321,0.0,0.58,0.42,0.0,0.49072694751682683
39633275186054728,0.0,0.81,0.19,0.0,0.3507357299419487
39633271432152870,0.0,0.0,0.82,0.18,0.34003852286413994
39633263861433707,0.0,0.32,0.68,0.0,0.45219072886224687
39633267653084748,0.0,0.01,0.99,0.0,0.04039656794795559
39633286347098918,0.0,0.75,0.25,0.0,0.4056390622295664
39633293712295704,0.0,0.37,0.63,0.0,0.47533604634353294
39633286351290929,0.0,0.69,0.31,0.0,0.4465867291889284
39633278923181881,0.0,1.0,0.0,0.0,-0.0
39633278923181934,0.0,0.88,0.12,0.0,0.2646804326436822
39633263857239026,0.0,0.76,0.24,0.0,0.39752013969226113
39633286347099420,0.0,0.93,0.07,0.0,0.18296182545011158
39633290029696441,0.0,0.92,0.08,0.0,0.2010895951011364
39633297373923094,0.0,0.97,0.03,0.0,0.0971959289157881
39633293695516821,0.0,0.0,0.97,0.03,0.0971959289157881
39633290029697364,0.0,0.84,0.16,0.0,0.3171547773202831
39633290067445653,0.0,0.52,0.48,0.0,0.4994227679976009
39633286397427741,0.0,0.1,0.9,0.0,0.2344977967946406
39633275194442312,0.0,0.17,0.83,0.0,0.32885238937210975
39633282660304583,0.0,0.11,0.89,0.0,0.249957979082264
39633282689663666,0.0,0.26,0.74,0.0,0.4133731862463089
39633286380652967,0.0,0.68,0.32,0.0,0.45219072886224687
39633282660304652,0.0,0.22,0.78,0.0,0.38008375148098283
39633282660304718,0.0,0.0,0.98,0.02,0.07072027127091034
39633286359682114,0.0,0.07,0.93,0.0,0.18296182545011158
39633286359682068,0.0,0.01,0.97,0.02,0.11097036642660543
39633290071638313,0.0,0.91,0.09,0.0,0.21823490853205144
39633278927373131,0.0,1.0,0.0,0.0,-0.0
39633286380653163,0.0,0.03,0.96,0.01,0.13737165703039006
39633286363876132,0.0,0.16,0.84,0.0,0.3171547773202831
39633282689666854,0.0,0.45,0.55,0.0,0.49638722699390414
39633263874016494,0.0,0.36,0.64,0.0,0.4713415946277461
39633271440543439,0.0,0.84,0.16,0.0,0.3171547773202831
39633293724877279,0.0,0.4,0.6,0.0,0.4854752972273343
39633278948346647,0.0,0.63,0.37,0.0,0.47533604634353294
39633286376458169,0.0,0.34,0.66,0.0,0.46240935248651505
39633286376458236,0.01,0.97,0.02,0.0,0.11097036642660543
39633278960929020,0.0,0.43,0.57,0.0,0.4929075185894599
39633308144895454,0.0,0.99,0.01,0.0,0.04039656794795559
39633308136508516,0.01,0.74,0.25,0.0,0.44394832588281036
39633308140699747,0.0,0.01,0.99,0.0,0.04039656794795559
39633308136508693,0.0,0.39,0.61,0.0,0.4823997742525436
39633308140699694,0.0,0.71,0.29,0.0,0.43436062316970225
39633308136508815,0.0,0.19,0.81,0.0,0.3507357299419487
39633308140702406,0.0,0.74,0.26,0.0,0.4133731862463089
39633304554572045,0.0,0.83,0.17,0.0,0.32885238937210975
39633290075832620,0.0,0.55,0.45,0.0,0.49638722699390414
39633300989413257,0.0,0.74,0.26,0.0,0.4133731862463089
39633293729073512,0.0,0.08,0.92,0.0,0.2010895951011364
39633293729073527,0.0,0.15,0.85,0.0,0.3049201523582002
39633308144895146,0.0,0.05,0.92,0.03,0.239266955218135
39633308144895313,0.0,0.84,0.16,0.0,0.3171547773202831
39633293724880421,0.0,0.07,0.93,0.0,0.18296182545011158
39633308140701583,0.0,0.68,0.32,0.0,0.45219072886224687
39633304558765429,0.0,0.46,0.54,0.0,0.49768921941011285
39633286397430755,0.0,0.86,0.14,0.0,0.292119405821428
39633304583930645,0.0,0.06,0.94,0.0,0.16372245957723813
39633304575542386,0.0,0.34,0.66,0.0,0.46240935248651505
39633286372264325,0.0,0.66,0.34,0.0,0.46240935248651505
39633304554572349,0.0,0.92,0.08,0.0,0.2010895951011364
39633304579736168,0.0,0.98,0.02,0.0,0.07072027127091034
39633304575544058,0.0,0.71,0.29,0.0,0.43436062316970225
39633286372265287,0.0,0.47,0.53,0.0,0.4987007942838698
39633308144895063,0.0,0.18,0.82,0.0,0.34003852286413994
39633308144895041,0.0,0.96,0.04,0.0,0.12114609454120741
39633297331979558,0.0,0.93,0.07,0.0,0.18296182545011158
39633286372263738,0.0,0.54,0.46,0.0,0.49768921941011285
39633290075835245,0.0,0.99,0.01,0.0,0.04039656794795559
39633308149088480,0.0,0.3,0.7,0.0,0.44064544961534635
39633304583930557,0.0,0.93,0.07,0.0,0.18296182545011158
39633300989414092,0.0,0.77,0.23,0.0,0.38900565177326885
39633311693276349,0.0,0.89,0.11,0.0,0.249957979082264
39633308132311073,0.0,0.98,0.02,0.0,0.07072027127091034
39633290029697167,0.0,0.93,0.07,0.0,0.18296182545011158
39633293737461191,0.0,0.38,0.62,0.0,0.47902101111314976
39633282672886272,0.0,0.49,0.51,0.0,0.49985572087640495
39633267678250863,0.0,0.52,0.48,0.0,0.4994227679976009
39633304554570293,0.0,0.82,0.18,0.0,0.34003852286413994
39633308144895478,0.03,0.96,0.01,0.0,0.13737165703039006
39633308144894778,0.0,0.82,0.18,0.0,0.34003852286413994
39633290075834446,0.0,0.34,0.66,0.0,0.46240935248651505
39633308140701918,0.0,0.7,0.3,0.0,0.44064544961534635
39633304571348817,0.0,1.0,0.0,0.0,-0.0
39633308149088469,0.0,0.72,0.28,0.0,0.4277254052800653
39633308132312336,0.0,0.66,0.34,0.0,0.46240935248651505
39633308144896401,0.0,0.28,0.72,0.0,0.4277254052800653
39633308136505515,0.0,1.0,0.0,0.0,-0.0
39633290029695726,0.0,0.68,0.32,0.0,0.45219072886224687
39633293691323712,0.0,0.99,0.01,0.0,0.04039656794795559
39633293691323740,0.0,0.47,0.53,0.0,0.4987007942838698
39633278956735716,0.0,0.41,0.59,0.0,0.488250234378912
39633275207026099,0.0,0.59,0.41,0.0,0.488250234378912
39633275202831972,0.0,0.91,0.09,0.0,0.21823490853205144
39633275202831970,0.0,0.09,0.91,0.0,0.21823490853205144
39633275202832080,0.0,0.45,0.55,0.0,0.49638722699390414
39633286368069842,0.0,0.16,0.84,0.0,0.3171547773202831
39633286359681892,0.0,0.03,0.97,0.0,0.0971959289157881
39633286384847613,0.0,0.59,0.41,0.0,0.488250234378912
39633304558764780,0.0,0.3,0.7,0.0,0.44064544961534635
39633278956736019,0.0,0.48,0.52,0.0,0.4994227679976009
39633278956735936,0.0,0.38,0.62,0.0,0.47902101111314976
39633282647720865,0.01,0.97,0.02,0.0,0.11097036642660543
39633271432152592,0.0,0.28,0.72,0.0,0.4277254052800653
39633286393235126,0.0,0.98,0.02,0.0,0.07072027127091034
39633282647721264,0.0,0.79,0.21,0.0,0.37074136996563684
39633275207026001,0.0,0.42,0.58,0.0,0.49072694751682683
39633304554570292,0.0,0.06,0.93,0.01,0.20367037270049304
39633293691322416,0.0,0.45,0.55,0.0,0.49638722699390414
39633308149088588,0.0,0.92,0.08,0.0,0.2010895951011364
39633286372263654,0.0,0.94,0.06,0.0,0.16372245957723813
39633304554572731,0.0,0.91,0.09,0.0,0.21823490853205144
39633304554572691,0.0,0.86,0.14,0.0,0.292119405821428
39633278956735708,0.0,0.49,0.5,0.01,0.5353601356354551
39633278956735729,0.0,0.56,0.44,0.0,0.4947937606110278
39633297331978994,0.0,0.65,0.35,0.0,0.4670340276877455
39633308144896733,0.0,0.76,0.24,0.0,0.39752013969226113
39633308128119002,0.0,0.33,0.67,0.0,0.4574631863898637
39633308128118702,0.0,0.76,0.24,0.0,0.39752013969226113
39633308128118326,0.0,0.73,0.27,0.0,0.42073231810408784
39633308128117992,0.0,0.65,0.35,0.0,0.4670340276877455
39633304579737703,0.0,0.34,0.66,0.0,0.46240935248651505
39633308128118580,0.0,0.93,0.07,0.0,0.18296182545011158
39633300947471136,0.02,0.98,0.0,0.0,0.07072027127091034
39633304550375564,0.0,1.0,0.0,0.0,-0.0
39633311689081846,0.0,0.91,0.09,0.0,0.21823490853205144
39633308128116922,0.0,0.52,0.48,0.0,0.4994227679976009
39633297331978925,0.0,0.86,0.14,0.0,0.292119405821428
39633304579737552,0.03,0.96,0.01,0.0,0.13737165703039006
39633304579735792,0.0,0.76,0.24,0.0,0.39752013969226113
39633290059055258,0.0,0.32,0.68,0.0,0.45219072886224687
39633304546184166,0.01,0.99,0.0,0.0,0.04039656794795559
39633308128118945,0.0,0.71,0.29,0.0,0.43436062316970225
39633282647721322,0.0,0.89,0.11,0.0,0.249957979082264
39633304546184141,0.0,0.9,0.1,0.0,0.2344977967946406
39633308136508185,0.0,0.73,0.27,0.0,0.42073231810408784
39633304550376903,0.01,0.94,0.05,0.0,0.1832231322266888
39633304550376952,0.0,0.2,0.8,0.0,0.36096404744368116
39633308136505694,0.0,0.31,0.69,0.0,0.4465867291889284
39633290080027404,0.0,0.77,0.23,0.0,0.38900565177326885
39633290059056736,0.0,0.75,0.25,0.0,0.4056390622295664
39633297378115715,0.0,0.58,0.42,0.0,0.49072694751682683
39633304550378111,0.0,0.12,0.88,0.0,0.2646804326436822
39633297373924445,0.0,0.99,0.01,0.0,0.04039656794795559
39633311693276437,0.01,0.99,0.0,0.0,0.04039656794795559
39633308128118785,0.08,0.92,0.0,0.0,0.2010895951011364
39633311693276158,0.0,0.62,0.38,0.0,0.47902101111314976
39633311689084509,0.01,0.99,0.0,0.0,0.04039656794795559
39633311689081557,0.0,0.99,0.01,0.0,0.04039656794795559
39633311693278353,0.0,0.97,0.03,0.0,0.0971959289157881
39633308128118613,0.0,0.99,0.01,0.0,0.04039656794795559
39633308157476986,0.0,1.0,0.0,0.0,-0.0
39633308144897008,0.0,0.7,0.3,0.0,0.44064544961534635
39633308136505915,0.0,0.59,0.41,0.0,0.488250234378912
39633308136505740,0.0,1.0,0.0,0.0,-0.0
39633308132311157,0.0,0.97,0.03,0.0,0.0971959289157881
39633311693276964,0.0,0.49,0.51,0.0,0.49985572087640495
39633304550375636,0.0,0.79,0.21,0.0,0.37074136996563684
39633290029695975,0.0,0.69,0.31,0.0,0.4465867291889284
39633297348757794,0.0,0.59,0.41,0.0,0.488250234378912
39633293737461073,0.0,0.8,0.2,0.0,0.36096404744368116
39633293712294627,0.0,0.0,1.0,0.0,-0.0
39633293712294644,0.0,0.0,0.93,0.07,0.18296182545011158
39633308144896684,0.0,0.86,0.14,0.0,0.292119405821428
39633263857239819,0.0,0.93,0.07,0.0,0.18296182545011158
39633278923179705,0.0,0.11,0.89,0.0,0.249957979082264
39633278923179896,0.0,0.63,0.37,0.0,0.47533604634353294
39633278923179993,0.0,0.89,0.11,0.0,0.249957979082264
39633278923179750,0.0,0.8,0.2,0.0,0.36096404744368116
39633297327785886,0.0,0.96,0.04,0.0,0.12114609454120741
39633297327785926,0.0,0.98,0.02,0.0,0.07072027127091034
39633293691322704,0.0,0.9,0.1,0.0,0.2344977967946406
39633293691322540,0.0,0.65,0.35,0.0,0.4670340276877455
39633293691322521,0.0,0.86,0.14,0.0,0.292119405821428
39633293691322479,0.0,0.2,0.8,0.0,0.36096404744368116
39633297327785776,0.0,0.94,0.06,0.0,0.16372245957723813
39633286376457303,0.0,0.28,0.72,0.0,0.4277254052800653
39633293687130364,0.0,0.86,0.14,0.0,0.292119405821428
39633290029695982,0.0,0.8,0.2,0.0,0.36096404744368116
39633290029695798,0.0,0.6,0.4,0.0,0.4854752972273343
39633290029695666,0.0,0.59,0.41,0.0,0.488250234378912
39633290029695339,0.0,0.48,0.52,0.0,0.4994227679976009
39633304546184561,0.0,1.0,0.0,0.0,-0.0
39633282647720433,0.0,1.0,0.0,0.0,-0.0
39633300947470235,0.01,0.99,0.0,0.0,0.04039656794795559
39633308132313481,0.0,1.0,0.0,0.0,-0.0
39633300947469778,0.0,0.93,0.07,0.0,0.18296182545011158
39633290029695947,0.0,0.97,0.03,0.0,0.0971959289157881
39633308136505564,0.0,0.42,0.58,0.0,0.49072694751682683
39633308132313654,0.0,0.93,0.07,0.0,0.18296182545011158
39633297327785140,0.0,0.99,0.01,0.0,0.04039656794795559
39633290025503615,0.0,0.98,0.02,0.0,0.07072027127091034
39633290025503711,0.0,0.98,0.02,0.0,0.07072027127091034
39633300947469603,0.0,0.96,0.04,0.0,0.12114609454120741
39633297327785793,0.02,0.98,0.0,0.0,0.07072027127091034
39633308136505762,0.44,0.56,0.0,0.0,0.4947937606110278
39633308136505752,0.0,0.57,0.43,0.0,0.4929075185894599
39633308132313936,0.0,0.85,0.15,0.0,0.3049201523582002
39633304550376656,0.0,0.63,0.37,0.0,0.47533604634353294
39633304550376636,0.01,0.99,0.0,0.0,0.04039656794795559
39633293687130013,0.0,0.38,0.62,0.0,0.47902101111314976
39633308132313165,0.0,0.76,0.24,0.0,0.39752013969226113
39633304546184264,0.0,0.95,0.05,0.0,0.14319847855797813
39633290029695238,0.0,0.41,0.59,0.0,0.488250234378912
39633297327787009,0.0,0.79,0.21,0.0,0.37074136996563684
39633290029695124,0.01,0.99,0.0,0.0,0.04039656794795559
39633304550376044,0.0,1.0,0.0,0.0,-0.0
39633304546183942,0.0,0.9,0.1,0.0,0.2344977967946406
39633297373924593,0.0,0.39,0.61,0.0,0.4823997742525436
39633308128118893,0.0,0.75,0.25,0.0,0.4056390622295664
39633311693276712,0.0,0.68,0.32,0.0,0.45219072886224687
39633297327786828,0.0,1.0,0.0,0.0,-0.0
39633293691322841,0.0,0.83,0.17,0.0,0.32885238937210975
39633308128118552,0.0,0.28,0.72,0.0,0.4277254052800653
39633308128118977,0.0,1.0,0.0,0.0,-0.0
39633308128118029,0.0,1.0,0.0,0.0,-0.0
39633308128117630,0.02,0.98,0.0,0.0,0.07072027127091034
39633308128117897,0.0,0.64,0.36,0.0,0.4713415946277461
39633267648891200,0.0,0.63,0.37,0.0,0.47533604634353294
39633271427957898,0.0,1.0,0.0,0.0,-0.0
39633278939958253,0.0,0.26,0.74,0.0,0.4133731862463089
39633278939958230,0.0,0.05,0.95,0.0,0.14319847855797813
39633282664497838,0.0,0.03,0.97,0.0,0.0971959289157881
39633275194442307,0.0,0.92,0.08,0.0,0.2010895951011364
39633286380652888,0.0,0.21,0.79,0.0,0.37074136996563684
39633297369727718,0.0,0.36,0.64,0.0,0.4713415946277461
39633286363876518,0.0,0.26,0.74,0.0,0.4133731862463089
39633290067445709,0.0,0.71,0.29,0.0,0.43436062316970225
39633300964247859,0.0,0.57,0.43,0.0,0.4929075185894599
39633297369727922,0.0,0.25,0.75,0.0,0.4056390622295664
39633297369727892,0.0,1.0,0.0,0.0,-0.0
39633282689666958,0.0,0.39,0.61,0.0,0.4823997742525436
39633297369727895,0.0,0.0,1.0,0.0,-0.0
39633278939958257,0.0,0.21,0.79,0.0,0.37074136996563684
39633275232192696,0.0,0.13,0.87,0.0,0.2787190925139945
39633278973511437,0.0,0.61,0.39,0.0,0.4823997742525436
39633275194444502,0.0,0.61,0.39,0.0,0.4823997742525436
39633286380653718,0.0,0.06,0.94,0.0,0.16372245957723813
39633290075835122,0.03,0.97,0.0,0.0,0.0971959289157881
39633293737459773,0.0,0.15,0.85,0.0,0.3049201523582002
39633286393235083,0.0,0.42,0.58,0.0,0.49072694751682683
39633293724877338,0.0,0.02,0.96,0.02,0.14114609454120738
39633293737461537,0.0,0.53,0.47,0.0,0.4987007942838698
39633293703908832,0.0,0.22,0.78,0.0,0.38008375148098283
39633286389040868,0.0,0.54,0.46,0.0,0.49768921941011285
39633286372262251,0.0,0.96,0.04,0.0,0.12114609454120741
39633286359681551,0.0,0.14,0.86,0.0,0.292119405821428
39633286384846017,0.0,0.31,0.69,0.0,0.4465867291889284
39633290080026951,0.0,0.96,0.04,0.0,0.12114609454120741
39633290080027431,0.0,0.94,0.06,0.0,0.16372245957723813
39633275232192504,0.0,0.05,0.95,0.0,0.14319847855797813
39633263865628963,0.0,0.23,0.77,0.0,0.38900565177326885
39633286363876736,0.0,0.31,0.69,0.0,0.4465867291889284
39633286363875365,0.0,0.36,0.64,0.0,0.4713415946277461
39633290063250595,0.0,0.51,0.49,0.0,0.49985572087640495
39633275232192481,0.0,0.85,0.15,0.0,0.3049201523582002
39633267682445450,0.0,0.02,0.98,0.0,0.07072027127091034
39633267686638852,0.0,0.04,0.96,0.0,0.12114609454120741
39633263878212762,0.0,0.14,0.85,0.01,0.33142210248480686
39633267682444445,0.0,0.98,0.02,0.0,0.07072027127091034
39633267682446074,0.0,0.71,0.29,0.0,0.43436062316970225
39633286355487976,0.0,0.16,0.84,0.0,0.3171547773202831
39633290059055587,0.0,0.59,0.41,0.0,0.488250234378912
39633267682445998,0.0,0.79,0.21,0.0,0.37074136996563684
39633267682446269,0.15,0.85,0.0,0.0,0.3049201523582002
39633267682445309,0.01,0.99,0.0,0.0,0.04039656794795559
39633293733268231,0.0,0.48,0.52,0.0,0.4994227679976009
39633267682445594,0.0,0.94,0.06,0.0,0.16372245957723813
39633267686639074,0.0,0.17,0.83,0.0,0.32885238937210975
39633267686639563,0.0,0.89,0.11,0.0,0.249957979082264
39633267686639188,0.0,0.92,0.08,0.0,0.2010895951011364
39633267686639285,0.0,0.9,0.1,0.0,0.2344977967946406
39633275232193094,0.0,0.47,0.53,0.0,0.4987007942838698
39633286372262311,0.0,0.52,0.48,0.0,0.4994227679976009
39633286347097985,0.0,0.62,0.38,0.0,0.47902101111314976
39633267657281141,0.0,0.57,0.43,0.0,0.4929075185894599
39633271440540351,0.0,0.88,0.12,0.0,0.2646804326436822
39633282672886674,0.0,0.38,0.62,0.0,0.47902101111314976
39633267657280776,0.0,0.75,0.25,0.0,0.4056390622295664
39633267657280804,0.0,0.6,0.4,0.0,0.4854752972273343
39633286368070034,0.0,0.11,0.89,0.0,0.249957979082264
39633290033889525,0.0,0.89,0.11,0.0,0.249957979082264
39633278923181427,0.0,0.99,0.01,0.0,0.04039656794795559
39633282672887903,0.0,0.12,0.88,0.0,0.2646804326436822
39633290059055744,0.0,0.68,0.32,0.0,0.45219072886224687
39633260040423266,0.0,1.0,0.0,0.0,-0.0
39633263848851300,0.0,1.0,0.0,0.0,-0.0
39633267648891034,0.0,0.15,0.85,0.0,0.3049201523582002
39633267648891810,0.0,1.0,0.0,0.0,-0.0
39633267653083222,0.0,0.48,0.52,0.0,0.4994227679976009
39633267648892364,0.0,0.8,0.2,0.0,0.36096404744368116
39633267653083190,0.0,0.99,0.01,0.0,0.04039656794795559
39633263882404020,0.0,0.98,0.02,0.0,0.07072027127091034
39633267661475394,0.0,0.62,0.38,0.0,0.47902101111314976
39633263857239095,0.02,0.97,0.01,0.0,0.11097036642660543
39633263857239190,0.0,0.96,0.04,0.0,0.12114609454120741
39633267682444825,0.0,0.88,0.12,0.0,0.2646804326436822
39633263874015281,0.0,0.94,0.06,0.0,0.16372245957723813
39633263869824216,0.0,0.61,0.39,0.0,0.4823997742525436
39633275232192743,0.0,0.45,0.55,0.0,0.49638722699390414
39633263865629729,0.14,0.86,0.0,0.0,0.292119405821428
39633290059055445,0.0,0.97,0.03,0.0,0.0971959289157881
39633278923180588,0.03,0.97,0.0,0.0,0.0971959289157881
39633267648892184,0.0,0.0,0.99,0.01,0.04039656794795559
39633275186054043,0.0,0.87,0.13,0.0,0.2787190925139945
39633267648892000,0.0,0.7,0.3,0.0,0.44064544961534635
39633275186054182,0.0,0.3,0.7,0.0,0.44064544961534635
39633267648892019,0.0,0.98,0.02,0.0,0.07072027127091034
39633260040422599,0.0,0.91,0.09,0.0,0.21823490853205144
39633263853044904,0.0,0.99,0.01,0.0,0.04039656794795559
39633263853044798,0.0,0.91,0.09,0.0,0.21823490853205144
39633260040422295,0.0,1.0,0.0,0.0,-0.0
39633263853044631,0.0,1.0,0.0,0.0,-0.0
39633263853045367,0.0,0.9,0.1,0.0,0.2344977967946406
39633260040421999,0.0,0.58,0.42,0.0,0.49072694751682683
39633263857239158,0.01,0.99,0.0,0.0,0.04039656794795559
39633263857239150,0.0,0.98,0.02,0.0,0.07072027127091034
39633271427957520,0.0,0.94,0.06,0.0,0.16372245957723813
39633271427958047,0.0,0.99,0.01,0.0,0.04039656794795559
39633263878211366,0.0,0.48,0.52,0.0,0.4994227679976009
39633271427958055,0.0,0.46,0.54,0.0,0.49768921941011285
39633267648892472,0.0,0.99,0.01,0.0,0.04039656794795559
39633263878211108,0.0,1.0,0.0,0.0,-0.0
39633271427958158,0.0,0.63,0.37,0.0,0.47533604634353294
39633271427957853,0.0,0.9,0.1,0.0,0.2344977967946406
39633286347098597,0.0,0.78,0.22,0.0,0.38008375148098283
39633286347098193,0.0,0.61,0.39,0.0,0.4823997742525436
39633286347098647,0.01,0.85,0.14,0.0,0.33142210248480686
39633263882404098,0.0,1.0,0.0,0.0,-0.0
39633263857238898,0.0,0.87,0.13,0.0,0.2787190925139945
39633263882404760,0.01,0.93,0.06,0.0,0.20367037270049304
39633267682445603,0.0,0.99,0.01,0.0,0.04039656794795559
39633267686639691,0.0,0.83,0.17,0.0,0.32885238937210975
39633263857240676,0.0,0.96,0.04,0.0,0.12114609454120741
39633263874016505,0.0,1.0,0.0,0.0,-0.0
39633267682446060,0.0,0.09,0.91,0.0,0.21823490853205144
39633275232193588,0.0,0.83,0.17,0.0,0.32885238937210975
39633275232192952,0.0,1.0,0.0,0.0,-0.0
39633263882403957,0.0,0.99,0.01,0.0,0.04039656794795559
39633293733267135,0.0,0.03,0.96,0.01,0.13737165703039006
39633271432152297,0.0,0.17,0.83,0.0,0.32885238937210975
39633290059056576,0.0,0.84,0.16,0.0,0.3171547773202831
39633290059056848,0.0,0.73,0.27,0.0,0.42073231810408784
39633290059056753,0.0,0.52,0.48,0.0,0.4994227679976009
39633260040423885,0.0,1.0,0.0,0.0,-0.0
39633260040423675,0.0,1.0,0.0,0.0,-0.0
39633271427958474,0.0,0.67,0.33,0.0,0.4574631863898637
39633263878211178,0.0,0.98,0.02,0.0,0.07072027127091034
39633263878211674,0.0,0.88,0.12,0.0,0.2646804326436822
39633275232193463,0.0,0.89,0.11,0.0,0.249957979082264
39633260040424797,0.0,0.99,0.01,0.0,0.04039656794795559
39633263878210291,0.0,0.5,0.5,0.0,0.5
39633263878210512,0.0,0.79,0.21,0.0,0.37074136996563684
39633275232192487,0.0,0.89,0.11,0.0,0.249957979082264
39633263857240017,0.0,1.0,0.0,0.0,-0.0
39633260044617725,0.0,1.0,0.0,0.0,-0.0
39633260044616457,0.0,0.94,0.06,0.0,0.16372245957723813
39633260044616437,0.0,0.98,0.02,0.0,0.07072027127091034
39633275236386296,0.06,0.94,0.0,0.0,0.16372245957723813
39633282702246029,0.0,0.98,0.02,0.0,0.07072027127091034
39633293741654880,0.0,1.0,0.0,0.0,-0.0
39633293737462830,0.0,0.84,0.16,0.0,0.3171547773202831
39633275190250413,0.0,0.33,0.67,0.0,0.4574631863898637
39633286380653186,0.0,0.72,0.28,0.0,0.4277254052800653
39633267661472103,0.05,0.95,0.0,0.0,0.14319847855797813
39633286380653233,0.0,0.02,0.98,0.0,0.07072027127091034
39633304583932748,0.0,0.8,0.2,0.0,0.36096404744368116
39633282672887718,0.0,0.31,0.69,0.0,0.4465867291889284
39633286359681631,0.0,0.85,0.15,0.0,0.3049201523582002
39633293737461337,0.0,0.22,0.78,0.0,0.38008375148098283
39633286380650733,0.0,0.63,0.37,0.0,0.47533604634353294
39633300989413881,0.0,0.3,0.7,0.0,0.44064544961534635
39633290080029087,0.0,0.63,0.37,0.0,0.47533604634353294
39633293737461051,0.0,0.78,0.22,0.0,0.38008375148098283
39633304583931280,0.0,0.04,0.96,0.0,0.12114609454120741
39633286401622111,0.0,0.99,0.01,0.0,0.04039656794795559
39633308149088924,0.01,0.99,0.0,0.0,0.04039656794795559
39633286401622250,0.0,0.99,0.01,0.0,0.04039656794795559
39633308144897351,0.0,0.54,0.46,0.0,0.49768921941011285
39633304583930832,0.0,0.44,0.56,0.0,0.4947937606110278
39633286401622439,0.0,0.99,0.01,0.0,0.04039656794795559
39633286401622600,0.0,0.88,0.12,0.0,0.2646804326436822
39633308149088298,0.0,0.85,0.15,0.0,0.3049201523582002
39633293737461588,0.0,0.94,0.06,0.0,0.16372245957723813
39633308144895337,0.01,0.98,0.01,0.0,0.08072027127091033
39633308140702159,0.0,0.28,0.72,0.0,0.4277254052800653
39633297331978932,0.0,0.66,0.34,0.0,0.46240935248651505
39633311693275746,0.0,0.91,0.09,0.0,0.21823490853205144
39633290080027425,0.0,0.99,0.01,0.0,0.04039656794795559
39633304583931259,0.0,0.58,0.42,0.0,0.49072694751682683
39633304583931182,0.01,0.99,0.0,0.0,0.04039656794795559
39633304583931100,0.0,0.97,0.03,0.0,0.0971959289157881
39633304583931140,0.0,1.0,0.0,0.0,-0.0
39633311693275905,0.0,0.62,0.38,0.0,0.47902101111314976
39633286376459451,0.0,0.93,0.07,0.0,0.18296182545011158
39633308144897105,0.0,0.63,0.37,0.0,0.47533604634353294
39633308144897213,0.0,0.99,0.01,0.0,0.04039656794795559
39633308144897267,0.0,0.99,0.01,0.0,0.04039656794795559
39633286376459421,0.0,0.55,0.45,0.0,0.49638722699390414
39633286376459418,0.0,0.82,0.18,0.0,0.34003852286413994
39633311693275899,0.0,0.96,0.04,0.0,0.12114609454120741
39633297378115921,0.0,0.78,0.22,0.0,0.38008375148098283
39633286351290453,0.0,0.25,0.75,0.0,0.4056390622295664
39633286389042040,0.0,0.28,0.72,0.0,0.4277254052800653
39633286380651345,0.0,0.13,0.87,0.0,0.2787190925139945
39633304554570301,0.0,0.11,0.89,0.0,0.249957979082264
39633304554570302,0.0,0.94,0.06,0.0,0.16372245957723813
39633278977704230,0.0,0.58,0.42,0.0,0.49072694751682683
39633290080030019,0.0,0.92,0.08,0.0,0.2010895951011364
39633290080029340,0.0,0.78,0.22,0.0,0.38008375148098283
39633290054863313,0.0,0.23,0.77,0.0,0.38900565177326885
39633278977703955,0.0,0.97,0.03,0.0,0.0971959289157881
39633278973513274,0.0,0.91,0.09,0.0,0.21823490853205144
39633300989413981,0.0,0.94,0.06,0.0,0.16372245957723813
39633293737462932,0.0,0.99,0.01,0.0,0.04039656794795559
39633297378117361,0.0,0.98,0.02,0.0,0.07072027127091034
39633293737462756,0.0,0.93,0.07,0.0,0.18296182545011158
39633282698054351,0.0,0.93,0.07,0.0,0.18296182545011158
39633286347099426,0.0,0.14,0.86,0.0,0.292119405821428
39633308149089271,0.0,0.86,0.14,0.0,0.292119405821428
39633300993607308,0.0,1.0,0.0,0.0,-0.0
39633300993606366,0.01,0.99,0.0,0.0,0.04039656794795559
39633300993607411,0.0,0.98,0.02,0.0,0.07072027127091034
39633300989413396,0.0,0.75,0.25,0.0,0.4056390622295664
39633297373922878,0.0,0.19,0.81,0.0,0.3507357299419487
39633308132312273,0.0,1.0,0.0,0.0,-0.0
39633297378117502,0.0,1.0,0.0,0.0,-0.0
39633300993606950,0.0,1.0,0.0,0.0,-0.0
39633267661471864,0.0,0.01,0.98,0.01,0.08072027127091033
39633286359682147,0.0,0.99,0.01,0.0,0.04039656794795559
39633293737459798,0.0,0.69,0.31,0.0,0.4465867291889284
39633297331980347,0.0,0.28,0.72,0.0,0.4277254052800653
39633297331978342,0.0,0.07,0.93,0.0,0.18296182545011158
39633286376457087,0.0,0.46,0.54,0.0,0.49768921941011285
39633286347098320,0.0,0.98,0.02,0.0,0.07072027127091034
39633297331978780,0.0,0.02,0.93,0.05,0.2131710453499437
39633297327786000,0.0,0.97,0.03,0.0,0.0971959289157881
39633297373924664,0.0,0.58,0.42,0.0,0.49072694751682683
39633297378115724,0.0,0.67,0.33,0.0,0.4574631863898637
39633308123925845,0.0,0.97,0.03,0.0,0.0971959289157881
39633308157478681,0.0,0.46,0.54,0.0,0.49768921941011285
39633297378116013,0.0,0.72,0.28,0.0,0.4277254052800653
39633304579736153,0.0,0.95,0.05,0.0,0.14319847855797813
39633297327787237,0.0,0.92,0.08,0.0,0.2010895951011364
39633293687131076,0.0,0.28,0.72,0.0,0.4277254052800653
39633308132311584,0.0,0.91,0.09,0.0,0.21823490853205144
39633311684889949,0.0,0.86,0.14,0.0,0.292119405821428
39633311689083667,0.0,0.87,0.13,0.0,0.2787190925139945
39633311689084194,0.0,0.96,0.04,0.0,0.12114609454120741
39633311693276907,0.0,1.0,0.0,0.0,-0.0
39633308132311342,0.0,1.0,0.0,0.0,-0.0
39633311684889284,0.0,0.31,0.69,0.0,0.4465867291889284
39633311697469881,0.0,0.93,0.07,0.0,0.18296182545011158
39633308128119939,0.0,0.17,0.83,0.0,0.32885238937210975
39633297373924889,0.0,0.99,0.01,0.0,0.04039656794795559
39633286347096099,0.0,1.0,0.0,0.0,-0.0
39633263853046241,0.0,0.98,0.02,0.0,0.07072027127091034
39633263861433160,0.0,0.63,0.37,0.0,0.47533604634353294
39633271423765856,0.0,1.0,0.0,0.0,-0.0
39633267657279695,0.0,0.76,0.24,0.0,0.39752013969226113
39633267657277526,0.0,0.43,0.57,0.0,0.4929075185894599
39633263857238362,0.0,0.98,0.02,0.0,0.07072027127091034
39633286384847987,0.0,0.4,0.6,0.0,0.4854752972273343
39633263874015532,0.0,0.59,0.41,0.0,0.488250234378912
39633263865629638,0.0,0.24,0.76,0.0,0.39752013969226113
39633263878212427,0.0,0.39,0.61,0.0,0.4823997742525436
39633263878212404,0.0,0.62,0.38,0.0,0.47902101111314976
39633267648890867,0.01,0.9,0.09,0.0,0.2579475764741046
39633286347099157,0.0,1.0,0.0,0.0,-0.0
39633263857238947,0.01,0.98,0.01,0.0,0.08072027127091033
39633263878211507,0.0,0.99,0.01,0.0,0.04039656794795559
39633263853045230,0.03,0.97,0.0,0.0,0.0971959289157881
39633290080029426,0.01,0.99,0.0,0.0,0.04039656794795559
39633290084221109,0.0,1.0,0.0,0.0,-0.0
39633271469903012,0.03,0.93,0.04,0.0,0.2174448102113104
39633290080030058,0.0,0.49,0.51,0.0,0.49985572087640495
39633263878210087,0.0,0.52,0.48,0.0,0.4994227679976009
39633282702246581,0.0,1.0,0.0,0.0,-0.0
39633282702246930,0.0,1.0,0.0,0.0,-0.0
39633300989415075,0.0,1.0,0.0,0.0,-0.0
39633282702246679,0.0,1.0,0.0,0.0,-0.0
39633271474094786,0.0,0.99,0.01,0.0,0.04039656794795559
39633271474094819,0.0,0.97,0.03,0.0,0.0971959289157881
39633278977705378,0.0,0.95,0.05,0.0,0.14319847855797813
39633308140702571,0.0,0.04,0.96,0.0,0.12114609454120741
39633275236385208,0.0,0.82,0.18,0.0,0.34003852286413994
39633275232193807,0.0,0.72,0.28,0.0,0.4277254052800653
39633293737462685,0.0,1.0,0.0,0.0,-0.0
39633290080028260,0.0,0.74,0.26,0.0,0.4133731862463089
39633300989413883,0.0,0.54,0.46,0.0,0.49768921941011285
39633300989413985,0.0,0.8,0.2,0.0,0.36096404744368116
39633297378116138,0.0,0.99,0.01,0.0,0.04039656794795559
39633286342905310,0.0,1.0,0.0,0.0,-0.0
39633297327785883,0.0,0.96,0.04,0.0,0.12114609454120741
39633293687130049,0.0,0.93,0.07,0.0,0.18296182545011158
39633297327784742,0.0,1.0,0.0,0.0,-0.0
39633290025502898,0.02,0.98,0.0,0.0,0.07072027127091034
39633290025502896,0.0,1.0,0.0,0.0,-0.0
39633290025502486,0.0,0.99,0.01,0.0,0.04039656794795559
39633300947469851,0.0,1.0,0.0,0.0,-0.0
39633297327785191,0.0,0.96,0.04,0.0,0.12114609454120741
39633300947470190,0.0,0.99,0.01,0.0,0.04039656794795559
39633290059055420,0.0,0.7,0.3,0.0,0.44064544961534635
39633293687129448,0.0,1.0,0.0,0.0,-0.0
39633304546183589,0.0,0.98,0.02,0.0,0.07072027127091034
39633260048810192,0.0,0.99,0.01,0.0,0.04039656794795559
39633271427958337,0.0,0.99,0.01,0.0,0.04039656794795559
39633260048813905,0.0,0.65,0.35,0.0,0.4670340276877455
39633260040422324,0.0,1.0,0.0,0.0,-0.0
39633260040422077,0.0,0.96,0.04,0.0,0.12114609454120741
39633260048811873,0.0,0.99,0.01,0.0,0.04039656794795559
39633271474095045,0.0,0.9,0.1,0.0,0.2344977967946406
39633308157477563,0.0,1.0,0.0,0.0,-0.0
39633311693277704,0.0,0.84,0.16,0.0,0.3171547773202831
39633311689083565,0.0,1.0,0.0,0.0,-0.0
39633311689084076,0.0,0.87,0.13,0.0,0.2787190925139945
39633311693275980,0.01,0.99,0.0,0.0,0.04039656794795559
39633311693276309,0.0,1.0,0.0,0.0,-0.0
39633311693276690,0.03,0.97,0.0,0.0,0.0971959289157881
39633311689082672,0.0,0.99,0.01,0.0,0.04039656794795559
39633311684888604,0.0,1.0,0.0,0.0,-0.0
39633311684888513,0.0,0.97,0.03,0.0,0.0971959289157881
39633311689082345,0.0,1.0,0.0,0.0,-0.0
39633311693277716,0.0,1.0,0.0,0.0,-0.0
39633308157480227,0.0,0.99,0.01,0.0,0.04039656794795559
39633308157479724,0.0,0.98,0.02,0.0,0.07072027127091034
39633311684888305,0.0,1.0,0.0,0.0,-0.0
39633311697470707,0.0,0.96,0.04,0.0,0.12114609454120741
39633308157477471,0.0,1.0,0.0,0.0,-0.0
39633304546184646,0.0,0.98,0.02,0.0,0.07072027127091034
39633304550376314,0.0,0.6,0.4,0.0,0.4854752972273343
39633304583932822,0.0,0.95,0.05,0.0,0.14319847855797813
39633304588126255,0.0,0.96,0.04,0.0,0.12114609454120741
39633308123924105,0.0,0.98,0.02,0.0,0.07072027127091034
39633304546182924,0.0,1.0,0.0,0.0,-0.0
39633293737462703,0.0,0.98,0.02,0.0,0.07072027127091034
39633297327786638,0.0,0.95,0.05,0.0,0.14319847855797813
39633297327787326,0.0,0.91,0.09,0.0,0.21823490853205144
39633308149091800,0.0,0.92,0.08,0.0,0.2010895951011364
39633308153283589,0.0,0.46,0.54,0.0,0.49768921941011285
39633308153284508,0.0,0.49,0.51,0.0,0.49985572087640495
39633308132312095,0.0,0.96,0.04,0.0,0.12114609454120741
39633308128118440,0.0,1.0,0.0,0.0,-0.0
39633308128118537,0.0,1.0,0.0,0.0,-0.0
39633308149090448,0.0,1.0,0.0,0.0,-0.0
39633308128119130,0.0,1.0,0.0,0.0,-0.0
