TARGETID,p_void,p_sheet,p_filament,p_knot,H
39632981869988695,0.0,1.0,0.0,0.0,-0.0
39632976908127265,0.0,1.0,0.0,0.0,-0.0
39632951855550767,0.0,0.93,0.07,0.0,0.18296182545011158
39632961884130033,0.0,0.89,0.11,0.0,0.249957979082264
39632976861989596,0.0,0.65,0.35,0.0,0.4670340276877455
39632971921099130,0.0,0.84,0.16,0.0,0.3171547773202831
39632996633937863,0.01,0.99,0.0,0.0,0.04039656794795559
39632966900518718,0.0,0.18,0.82,0.0,0.34003852286413994
39632956884519688,0.0,0.7,0.3,0.0,0.44064544961534635
39632981849017433,0.0,0.49,0.51,0.0,0.49985572087640495
39632966892127354,0.0,0.45,0.55,0.0,0.49638722699390414
39632946767858011,0.0,0.17,0.83,0.0,0.32885238937210975
39632996650715503,0.0,0.43,0.57,0.0,0.4929075185894599
39632996650715431,0.0,0.33,0.67,0.0,0.4574631863898637
39632996650715028,0.0,0.04,0.96,0.0,0.12114609454120741
39632996650715018,0.0,0.05,0.95,0.0,0.14319847855797813
39632956876130077,0.0,0.06,0.94,0.0,0.16372245957723813
39632981828042804,0.0,0.13,0.87,0.0,0.2787190925139945
39632981823852388,0.0,0.0,0.87,0.13,0.2787190925139945
39632981823852146,0.0,0.82,0.18,0.0,0.34003852286413994
39632981828042865,0.0,0.33,0.67,0.0,0.4574631863898637
39632981823849804,0.0,0.93,0.07,0.0,0.18296182545011158
39632941722112146,0.0,0.17,0.83,0.0,0.32885238937210975
39632941722111938,0.0,0.33,0.67,0.0,0.4574631863898637
39632941722111915,0.0,0.72,0.28,0.0,0.4277254052800653
39632976878766409,0.0,0.8,0.2,0.0,0.36096404744368116
39632981849017359,0.0,0.0,0.99,0.01,0.04039656794795559
39632956884519783,0.0,0.0,0.93,0.07,0.18296182545011158
39632981844822240,0.0,0.47,0.53,0.0,0.4987007942838698
39632981832239010,0.0,0.78,0.22,0.0,0.38008375148098283
39632981832239312,0.0,0.94,0.06,0.0,0.16372245957723813
39632981836433239,0.0,0.05,0.95,0.0,0.14319847855797813
39632951826188247,0.0,0.01,0.99,0.0,0.04039656794795559
39632991739185824,0.0,0.09,0.9,0.01,0.2579475764741046
39632991739185873,0.0,0.55,0.45,0.0,0.49638722699390414
39632991739185876,0.0,0.09,0.91,0.0,0.21823490853205144
39632941722112327,0.0,0.62,0.38,0.0,0.47902101111314976
39632971908515321,0.0,0.38,0.62,0.0,0.47902101111314976
39632976861990624,0.0,0.0,0.98,0.02,0.07072027127091034
39632941726302366,0.0,0.89,0.11,0.0,0.249957979082264
39633001545467488,0.0,0.74,0.26,0.0,0.4133731862463089
39632996642328478,0.0,0.98,0.02,0.0,0.07072027127091034
39632996642328431,0.01,0.7,0.29,0.0,0.47227179466312613
39632951842964692,0.0,0.05,0.95,0.0,0.14319847855797813
39632961888325204,0.0,0.86,0.14,0.0,0.292119405821428
39632946767858144,0.0,0.99,0.01,0.0,0.04039656794795559
39632956867741039,0.0,0.97,0.03,0.0,0.0971959289157881
39632996650714620,0.0,0.27,0.73,0.0,0.42073231810408784
39632976878766399,0.0,0.1,0.9,0.0,0.2344977967946406
39632996650714787,0.0,0.83,0.17,0.0,0.32885238937210975
39632966883740310,0.0,0.49,0.51,0.0,0.49985572087640495
39632986781516528,0.0,0.02,0.98,0.0,0.07072027127091034
39632966883740341,0.0,0.77,0.23,0.0,0.38900565177326885
39632966883740364,0.0,0.16,0.84,0.0,0.3171547773202831
39632976887157512,0.0,0.96,0.04,0.0,0.12114609454120741
39632986777323605,0.0,0.33,0.67,0.0,0.4574631863898637
39632986777323594,0.0,0.62,0.38,0.0,0.47902101111314976
39632981828047236,0.0,0.22,0.78,0.0,0.38008375148098283
39632941722111887,0.0,0.16,0.84,0.0,0.3171547773202831
39632946776244856,0.0,0.1,0.9,0.0,0.2344977967946406
39632976861990545,0.0,0.28,0.72,0.0,0.4277254052800653
39632976861991393,0.0,0.78,0.22,0.0,0.38008375148098283
39632981836433526,0.0,0.9,0.1,0.0,0.2344977967946406
39632946780442323,0.0,0.48,0.52,0.0,0.4994227679976009
39632951826187335,0.0,0.32,0.68,0.0,0.45219072886224687
39632996642324917,0.0,0.64,0.36,0.0,0.4713415946277461
39632956863547887,0.0,0.54,0.46,0.0,0.49768921941011285
39632996650715773,0.0,0.57,0.43,0.0,0.4929075185894599
39632966917296355,0.0,0.56,0.44,0.0,0.4947937606110278
39632976870379678,0.0,0.13,0.87,0.0,0.2787190925139945
39632961909293247,0.0,0.54,0.46,0.0,0.49768921941011285
39632966908907905,0.0,0.28,0.72,0.0,0.4277254052800653
39632986781516717,0.0,0.07,0.93,0.0,0.18296182545011158
39632956876132701,0.0,0.02,0.97,0.01,0.11097036642660543
39632986781516937,0.0,0.21,0.79,0.0,0.37074136996563684
39632986781517397,0.0,0.01,0.99,0.0,0.04039656794795559
39632991714019122,0.0,0.04,0.96,0.0,0.12114609454120741
39632966917296314,0.0,0.01,0.99,0.0,0.04039656794795559
39632956884518108,0.0,0.73,0.27,0.0,0.42073231810408784
39632951817802132,0.02,0.98,0.0,0.0,0.07072027127091034
39632981823851378,0.0,0.01,0.99,0.0,0.04039656794795559
39632961900907687,0.0,0.98,0.02,0.0,0.07072027127091034
39632996642324834,0.0,0.98,0.02,0.0,0.07072027127091034
39632946784633970,0.0,0.12,0.88,0.0,0.2646804326436822
39632961909293856,0.0,0.92,0.08,0.0,0.2010895951011364
39632986806684096,0.0,0.79,0.21,0.0,0.37074136996563684
39632956884519344,0.0,0.15,0.85,0.0,0.3049201523582002
39632961888324485,0.0,0.13,0.87,0.0,0.2787190925139945
39632946780442747,0.0,0.91,0.09,0.0,0.21823490853205144
39632991734989694,0.0,0.43,0.57,0.0,0.4929075185894599
39632986806681948,0.0,0.27,0.73,0.0,0.42073231810408784
39632986802491407,0.0,0.04,0.96,0.0,0.12114609454120741
39632981836433715,0.0,0.01,0.99,0.0,0.04039656794795559
39632946780442717,0.0,0.1,0.9,0.0,0.2344977967946406
39632966917296573,0.01,0.95,0.04,0.0,0.16124668093016215
39632981823852777,0.0,0.22,0.78,0.0,0.38008375148098283
39632981836433706,0.0,0.69,0.31,0.0,0.4465867291889284
39632956863547134,0.0,1.0,0.0,0.0,-0.0
39632946780442467,0.0,0.4,0.6,0.0,0.4854752972273343
39632946780442436,0.0,0.67,0.33,0.0,0.4574631863898637
39632991714018277,0.0,0.33,0.67,0.0,0.4574631863898637
39632991714018310,0.0,0.75,0.25,0.0,0.4056390622295664
39632966917296492,0.0,0.07,0.93,0.0,0.18296182545011158
39632956863547156,0.0,0.89,0.11,0.0,0.249957979082264
39632956876132486,0.0,0.23,0.77,0.0,0.38900565177326885
39632956876132285,0.0,0.64,0.36,0.0,0.4713415946277461
39632991722409995,0.0,0.22,0.78,0.0,0.38008375148098283
39632996646522525,0.0,0.15,0.85,0.0,0.3049201523582002
39632986789906712,0.0,0.13,0.87,0.0,0.2787190925139945
39632961875739429,0.0,0.79,0.21,0.0,0.37074136996563684
39632966883738937,0.0,0.55,0.45,0.0,0.49638722699390414
39632951834577811,0.0,0.0,0.99,0.01,0.04039656794795559
39633001549661513,0.0,0.23,0.77,0.0,0.38900565177326885
39632951834578277,0.0,0.09,0.91,0.0,0.21823490853205144
39632996646519417,0.0,0.31,0.69,0.0,0.4465867291889284
39632976891349739,0.0,0.38,0.62,0.0,0.47902101111314976
39632991709825057,0.0,0.91,0.09,0.0,0.21823490853205144
39632961892516298,0.0,0.14,0.86,0.0,0.292119405821428
39632951838771984,0.0,0.04,0.95,0.01,0.16124668093016215
39632996646520570,0.0,0.96,0.04,0.0,0.12114609454120741
39632956867743127,0.0,0.67,0.33,0.0,0.4574631863898637
39632956884518489,0.0,0.01,0.99,0.0,0.04039656794795559
39632996646521992,0.0,0.79,0.21,0.0,0.37074136996563684
39632986794102528,0.0,0.17,0.83,0.0,0.32885238937210975
39632986794102580,0.0,0.05,0.95,0.0,0.14319847855797813
39632991726601622,0.0,0.91,0.09,0.0,0.21823490853205144
39632986798293871,0.0,0.04,0.96,0.0,0.12114609454120741
39632961900907771,0.0,0.9,0.1,0.0,0.2344977967946406
39632961905102671,0.0,0.45,0.55,0.0,0.49638722699390414
39632961905102610,0.0,0.9,0.1,0.0,0.2344977967946406
39632996642327648,0.0,0.04,0.96,0.0,0.12114609454120741
39632956871936908,0.0,0.98,0.02,0.0,0.07072027127091034
39632966913099042,0.0,0.85,0.15,0.0,0.3049201523582002
39632991714019390,0.0,0.33,0.67,0.0,0.4574631863898637
39632986798293133,0.0,0.61,0.39,0.0,0.4823997742525436
39632996646523592,0.0,0.75,0.25,0.0,0.4056390622295664
39632996646523431,0.0,0.25,0.75,0.0,0.4056390622295664
39632996646523204,0.0,0.83,0.17,0.0,0.32885238937210975
39632996646523081,0.0,0.71,0.29,0.0,0.43436062316970225
39632986785714032,0.0,0.06,0.94,0.0,0.16372245957723813
39632976861990075,0.0,0.99,0.01,0.0,0.04039656794795559
39632996642327831,0.0,0.08,0.92,0.0,0.2010895951011364
39632986785714131,0.0,0.0,1.0,0.0,-0.0
39632996646523018,0.0,0.88,0.12,0.0,0.2646804326436822
39632996642327888,0.0,0.7,0.3,0.0,0.44064544961534635
39632991726601556,0.0,0.82,0.18,0.0,0.34003852286413994
39632981828042936,0.0,0.02,0.98,0.0,0.07072027127091034
39632956880327033,0.0,0.89,0.11,0.0,0.249957979082264
39632966921486765,0.0,0.99,0.01,0.0,0.04039656794795559
39632956884519470,0.0,0.11,0.89,0.0,0.249957979082264
39632991739186848,0.0,0.48,0.52,0.0,0.4994227679976009
39632966921486758,0.0,0.57,0.43,0.0,0.4929075185894599
39632991739187005,0.0,0.53,0.47,0.0,0.4987007942838698
39632966887935890,0.0,0.24,0.76,0.0,0.39752013969226113
39632946784633844,0.0,0.35,0.65,0.0,0.4670340276877455
39632966887935786,0.0,0.82,0.18,0.0,0.34003852286413994
39632946788827786,0.0,0.4,0.6,0.0,0.4854752972273343
39632956884519458,0.0,0.07,0.93,0.0,0.18296182545011158
39632991739184760,0.0,0.87,0.13,0.0,0.2787190925139945
39632981836432830,0.0,0.0,1.0,0.0,-0.0
39632981836432559,0.0,0.37,0.63,0.0,0.47533604634353294
39632956884519845,0.0,0.46,0.54,0.0,0.49768921941011285
39632966929876201,0.0,0.38,0.62,0.0,0.47902101111314976
39632956884519654,0.0,0.04,0.96,0.0,0.12114609454120741
39632966892126459,0.0,0.76,0.24,0.0,0.39752013969226113
39632991739187293,0.0,0.45,0.55,0.0,0.49638722699390414
39632981836432239,0.0,0.9,0.1,0.0,0.2344977967946406
39632991739186363,0.0,0.22,0.78,0.0,0.38008375148098283
39632976874572080,0.0,0.16,0.84,0.0,0.3171547773202831
39632961917683843,0.0,0.61,0.39,0.0,0.4823997742525436
39632951851355013,0.0,0.28,0.72,0.0,0.4277254052800653
39632991739186827,0.0,0.32,0.68,0.0,0.45219072886224687
39632961917683761,0.0,0.0,0.93,0.07,0.18296182545011158
39632976878765859,0.0,0.81,0.19,0.0,0.3507357299419487
39632966921489671,0.0,0.62,0.38,0.0,0.47902101111314976
39632966921488626,0.0,0.85,0.15,0.0,0.3049201523582002
39632951834576139,0.0,0.12,0.88,0.0,0.2646804326436822
39632951834575731,0.0,0.98,0.02,0.0,0.07072027127091034
39632991739186642,0.0,0.75,0.25,0.0,0.4056390622295664
39632956859354008,0.0,0.81,0.19,0.0,0.3507357299419487
39632991739186395,0.0,0.72,0.28,0.0,0.4277254052800653
39632966892128176,0.0,0.05,0.95,0.0,0.14319847855797813
39632966892127640,0.0,0.99,0.01,0.0,0.04039656794795559
39632966921486960,0.0,0.96,0.04,0.0,0.12114609454120741
39632966929876242,0.0,0.9,0.1,0.0,0.2344977967946406
39632966921490911,0.0,0.3,0.7,0.0,0.44064544961534635
39632981828043849,0.0,0.14,0.86,0.0,0.292119405821428
39632991734990746,0.0,0.24,0.76,0.0,0.39752013969226113
39632961896713137,0.0,0.55,0.45,0.0,0.49638722699390414
39632966929876255,0.0,0.69,0.31,0.0,0.4465867291889284
39632961884127451,0.0,0.03,0.97,0.0,0.0971959289157881
39632976874572059,0.0,0.46,0.54,0.0,0.49768921941011285
39632956884518603,0.0,0.0,0.99,0.01,0.04039656794795559
39632991734990159,0.0,0.17,0.83,0.0,0.32885238937210975
39632981828043061,0.0,0.13,0.87,0.0,0.2787190925139945
39632966904710069,0.0,0.96,0.04,0.0,0.12114609454120741
39632961871547952,0.0,0.98,0.02,0.0,0.07072027127091034
39632991734990002,0.0,0.01,0.98,0.01,0.08072027127091033
39632991734989769,0.0,0.85,0.15,0.0,0.3049201523582002
39632966900519299,0.0,0.11,0.88,0.01,0.28950944366190023
39632981828043964,0.0,0.21,0.79,0.0,0.37074136996563684
39632981828043979,0.0,0.31,0.69,0.0,0.4465867291889284
39632946784633684,0.0,0.79,0.21,0.0,0.37074136996563684
39632946784633138,0.0,0.62,0.38,0.0,0.47902101111314976
39632946784635564,0.0,0.93,0.07,0.0,0.18296182545011158
39632946784635427,0.0,0.08,0.92,0.0,0.2010895951011364
39632981840629191,0.0,0.26,0.74,0.0,0.4133731862463089
39632981840629242,0.0,0.11,0.89,0.0,0.249957979082264
39632966921486696,0.0,0.77,0.23,0.0,0.38900565177326885
39632981836433339,0.0,0.79,0.21,0.0,0.37074136996563684
39632981828044028,0.0,0.06,0.94,0.0,0.16372245957723813
39632981840629969,0.0,0.0,0.99,0.01,0.04039656794795559
39632966887933294,0.0,0.0,1.0,0.0,-0.0
39632981836433345,0.0,0.0,0.95,0.05,0.14319847855797813
39632991709823380,0.0,1.0,0.0,0.0,-0.0
39632951838771174,0.0,0.24,0.76,0.0,0.39752013969226113
39632996646522111,0.0,0.14,0.86,0.0,0.292119405821428
39632951838773021,0.0,0.01,0.99,0.0,0.04039656794795559
39633001545469287,0.0,0.55,0.45,0.0,0.49638722699390414
39632996646522018,0.0,0.4,0.6,0.0,0.4854752972273343
39632951838772963,0.0,0.15,0.85,0.0,0.3049201523582002
39633001545467173,0.0,0.14,0.85,0.01,0.33142210248480686
39632996646522071,0.0,0.41,0.59,0.0,0.488250234378912
39632996646522040,0.0,0.33,0.67,0.0,0.4574631863898637
39632951838769798,0.0,0.14,0.86,0.0,0.292119405821428
39632951838770642,0.0,0.99,0.01,0.0,0.04039656794795559
39632951838772827,0.0,0.04,0.91,0.05,0.2628333312247715
39632956876130789,0.0,0.84,0.16,0.0,0.3171547773202831
39632951838771094,0.0,0.26,0.74,0.0,0.4133731862463089
39632996646522335,0.0,0.97,0.03,0.0,0.0971959289157881
39632996646522152,0.0,0.94,0.06,0.0,0.16372245957723813
39632951838772723,0.0,0.0,0.95,0.05,0.14319847855797813
39632951838770266,0.0,0.07,0.9,0.03,0.2785623417561752
39632951838770367,0.0,0.92,0.08,0.0,0.2010895951011364
39632951838770489,0.0,0.09,0.91,0.0,0.21823490853205144
39632951838770498,0.0,0.9,0.1,0.0,0.2344977967946406
39632951838770567,0.0,0.19,0.81,0.0,0.3507357299419487
39632951838772650,0.0,0.02,0.92,0.06,0.23354072007950172
39632981849017906,0.0,0.72,0.28,0.0,0.4277254052800653
39632981861601061,0.0,0.0,0.93,0.07,0.18296182545011158
39632981828044128,0.0,0.74,0.26,0.0,0.4133731862463089
39632981857407631,0.0,0.73,0.27,0.0,0.42073231810408784
39632981844820307,0.0,0.09,0.91,0.0,0.21823490853205144
39632981828043896,0.0,0.0,0.9,0.1,0.2344977967946406
39632956876132796,0.0,0.75,0.25,0.0,0.4056390622295664
39632981849015896,0.0,0.19,0.81,0.0,0.3507357299419487
39632991714017458,0.0,0.15,0.85,0.0,0.3049201523582002
39632981849016350,0.0,0.17,0.83,0.0,0.32885238937210975
39632981823852488,0.0,0.03,0.97,0.0,0.0971959289157881
39632981828043245,0.0,0.51,0.49,0.0,0.49985572087640495
39632991705633510,0.0,0.03,0.97,0.0,0.0971959289157881
39632981823852882,0.0,0.2,0.8,0.0,0.36096404744368116
39632991709823969,0.0,0.58,0.42,0.0,0.49072694751682683
39632981828043079,0.0,0.74,0.26,0.0,0.4133731862463089
39632991705633360,0.0,0.34,0.66,0.0,0.46240935248651505
39632981828042975,0.0,0.0,1.0,0.0,-0.0
39632981828043706,0.0,0.05,0.95,0.0,0.14319847855797813
39632951842965313,0.0,0.88,0.12,0.0,0.2646804326436822
39632956876132714,0.0,0.4,0.6,0.0,0.4854752972273343
39632981861600276,0.0,0.32,0.68,0.0,0.45219072886224687
39632981823849887,0.0,0.62,0.38,0.0,0.47902101111314976
39632981823850174,0.0,0.16,0.84,0.0,0.3171547773202831
39632996646522549,0.0,0.74,0.26,0.0,0.4133731862463089
39632981836433938,0.0,0.56,0.44,0.0,0.4947937606110278
39632981823850241,0.0,0.12,0.88,0.0,0.2646804326436822
39632981823850263,0.0,0.0,1.0,0.0,-0.0
39632981836432457,0.0,0.59,0.41,0.0,0.488250234378912
39632991705633044,0.0,0.0,1.0,0.0,-0.0
39632991705633580,0.0,0.46,0.54,0.0,0.49768921941011285
39632991709824821,0.0,0.22,0.78,0.0,0.38008375148098283
39632991705633101,0.0,0.34,0.66,0.0,0.46240935248651505
39632956876132492,0.0,0.06,0.94,0.0,0.16372245957723813
39632956876132554,0.0,0.49,0.51,0.0,0.49985572087640495
39632981832240776,0.0,0.51,0.49,0.0,0.49985572087640495
39632951838769723,0.0,0.87,0.13,0.0,0.2787190925139945
39632951834579368,0.0,0.71,0.29,0.0,0.43436062316970225
39632956880322677,0.0,0.0,0.99,0.01,0.04039656794795559
39632956880325588,0.0,0.52,0.48,0.0,0.4994227679976009
39632956880325649,0.0,0.04,0.96,0.0,0.12114609454120741
39632951851354350,0.0,0.75,0.25,0.0,0.4056390622295664
39632951834576715,0.0,0.36,0.64,0.0,0.4713415946277461
39632956871936727,0.0,0.94,0.06,0.0,0.16372245957723813
39632956871937076,0.0,0.52,0.48,0.0,0.4994227679976009
39632951834576492,0.0,0.85,0.15,0.0,0.3049201523582002
39632951826187947,0.0,0.25,0.75,0.0,0.4056390622295664
39632951834576474,0.0,0.34,0.66,0.0,0.46240935248651505
39632951826187273,0.0,0.0,1.0,0.0,-0.0
39632951826187263,0.01,0.95,0.04,0.0,0.16124668093016215
39632951826186301,0.0,1.0,0.0,0.0,-0.0
39632991739187079,0.0,0.04,0.96,0.0,0.12114609454120741
39632991739184884,0.0,0.23,0.77,0.0,0.38900565177326885
39632991734993833,0.0,0.43,0.57,0.0,0.4929075185894599
39632951821993033,0.0,0.09,0.91,0.0,0.21823490853205144
39632951826187978,0.0,1.0,0.0,0.0,-0.0
39632951826189599,0.0,0.63,0.37,0.0,0.47533604634353294
39632951826190649,0.0,0.07,0.93,0.0,0.18296182545011158
39632951834575672,0.0,0.19,0.81,0.0,0.3507357299419487
39632951834575417,0.0,0.09,0.91,0.0,0.21823490853205144
39632951834575348,0.0,0.0,0.9,0.1,0.2344977967946406
39632951834575260,0.0,0.93,0.07,0.0,0.18296182545011158
39632951834575102,0.0,0.89,0.11,0.0,0.249957979082264
39632951834575097,0.0,0.43,0.57,0.0,0.4929075185894599
39632951830385464,0.0,0.03,0.97,0.0,0.0971959289157881
39632951830385282,0.0,0.0,1.0,0.0,-0.0
39632951830385245,0.0,0.01,0.99,0.0,0.04039656794795559
39632951830384697,0.0,0.45,0.55,0.0,0.49638722699390414
39632951830384476,0.0,0.58,0.42,0.0,0.49072694751682683
39632951830384024,0.0,0.26,0.74,0.0,0.4133731862463089
39632951830383766,0.0,0.82,0.18,0.0,0.34003852286413994
39632951830382799,0.0,0.05,0.95,0.0,0.14319847855797813
39632951830382232,0.0,0.28,0.72,0.0,0.4277254052800653
39632951830382087,0.0,0.47,0.53,0.0,0.4987007942838698
39632951830382013,0.0,0.13,0.87,0.0,0.2787190925139945
39632951830381991,0.0,1.0,0.0,0.0,-0.0
39632951830380673,0.0,0.02,0.98,0.0,0.07072027127091034
39632991734993261,0.0,0.13,0.87,0.0,0.2787190925139945
39632991734993146,0.0,0.9,0.1,0.0,0.2344977967946406
39632951821992863,0.0,0.14,0.86,0.0,0.292119405821428
39632991734993040,0.0,0.95,0.05,0.0,0.14319847855797813
39632991730797023,0.0,0.97,0.03,0.0,0.0971959289157881
39632991730796640,0.0,0.42,0.58,0.0,0.49072694751682683
39632991730796614,0.0,0.43,0.57,0.0,0.4929075185894599
39632991730796102,0.0,0.75,0.25,0.0,0.4056390622295664
39632951817801278,0.0,0.52,0.48,0.0,0.4994227679976009
39632991730795813,0.0,0.04,0.96,0.0,0.12114609454120741
39632991730795435,0.0,0.91,0.09,0.0,0.21823490853205144
39632991730795341,0.0,0.33,0.67,0.0,0.4574631863898637
39632991730795250,0.0,0.46,0.54,0.0,0.49768921941011285
39632991730794796,0.0,0.89,0.11,0.0,0.249957979082264
39632991730794767,0.0,0.96,0.04,0.0,0.12114609454120741
39632991726604631,0.0,0.02,0.98,0.0,0.07072027127091034
39632991722410171,0.0,0.18,0.82,0.0,0.34003852286413994
39632991722409954,0.0,0.14,0.86,0.0,0.292119405821428
39632991722409914,0.0,0.9,0.1,0.0,0.2344977967946406
39632991722409845,0.0,0.41,0.59,0.0,0.488250234378912
39632991722407600,0.0,0.18,0.82,0.0,0.34003852286413994
39632991722408960,0.0,0.06,0.94,0.0,0.16372245957723813
39632991730797644,0.0,0.53,0.47,0.0,0.4987007942838698
39632991714019650,0.0,0.87,0.13,0.0,0.2787190925139945
39632951817801509,0.0,1.0,0.0,0.0,-0.0
39632956884517951,0.0,0.89,0.11,0.0,0.249957979082264
39632951821992270,0.0,0.07,0.93,0.0,0.18296182545011158
39632991734992374,0.0,0.25,0.75,0.0,0.4056390622295664
39632991734991622,0.0,0.77,0.23,0.0,0.38900565177326885
39632991734990961,0.0,0.93,0.07,0.0,0.18296182545011158
39632991734990799,0.0,1.0,0.0,0.0,-0.0
39632991722407073,0.0,0.88,0.12,0.0,0.2646804326436822
39632991734990607,0.0,0.49,0.51,0.0,0.49985572087640495
39632991734990363,0.0,0.01,0.84,0.15,0.3441379826496441
39632991722407551,0.0,0.83,0.17,0.0,0.32885238937210975
39632991722407566,0.0,0.79,0.21,0.0,0.37074136996563684
39632991734990138,0.0,0.02,0.98,0.0,0.07072027127091034
39632991734990130,0.0,0.02,0.93,0.05,0.2131710453499437
39632991734989749,0.0,0.03,0.97,0.0,0.0971959289157881
39632956880327105,0.0,0.14,0.86,0.0,0.292119405821428
39632991734989497,0.0,0.82,0.18,0.0,0.34003852286413994
39632991734989450,0.0,0.44,0.56,0.0,0.4947937606110278
39632991734989435,0.03,0.97,0.0,0.0,0.0971959289157881
39632991734989414,0.0,0.1,0.9,0.0,0.2344977967946406
39632991734989283,0.0,0.05,0.95,0.0,0.14319847855797813
39632956884517634,0.0,0.0,1.0,0.0,-0.0
39632991730798983,0.0,0.37,0.63,0.0,0.47533604634353294
39632991714019497,0.0,0.46,0.54,0.0,0.49768921941011285
39632951834577597,0.02,0.88,0.1,0.0,0.30368177794258344
39632996642329187,0.0,0.27,0.73,0.0,0.42073231810408784
39632996642329008,0.0,0.71,0.29,0.0,0.43436062316970225
39632951834577596,0.0,0.36,0.64,0.0,0.4713415946277461
39632996642328407,0.0,0.73,0.27,0.0,0.42073231810408784
39632996642328257,0.0,0.1,0.9,0.0,0.2344977967946406
39632996642328094,0.0,0.72,0.28,0.0,0.4277254052800653
39632956876130394,0.0,0.85,0.15,0.0,0.3049201523582002
39632986794101992,0.0,0.56,0.44,0.0,0.4947937606110278
39632996642329321,0.0,0.82,0.18,0.0,0.34003852286413994
39632951834577583,0.0,0.06,0.93,0.01,0.20367037270049304
39632996642328056,0.0,0.53,0.47,0.0,0.4987007942838698
39632951834577514,0.0,0.05,0.95,0.0,0.14319847855797813
39632951834577505,0.0,0.03,0.96,0.01,0.13737165703039006
39632986794102869,0.0,0.0,0.94,0.06,0.16372245957723813
39632951834577470,0.0,0.46,0.54,0.0,0.49768921941011285
39632986794102927,0.0,0.83,0.17,0.0,0.32885238937210975
39632951834577439,0.0,0.66,0.34,0.0,0.46240935248651505
39632951834577416,0.0,0.66,0.34,0.0,0.46240935248651505
39632951834577348,0.0,0.84,0.16,0.0,0.3171547773202831
39632951834577536,0.0,0.58,0.42,0.0,0.49072694751682683
39632996642329400,0.0,0.69,0.31,0.0,0.4465867291889284
39632986794101509,0.0,0.55,0.45,0.0,0.49638722699390414
39632986794101025,0.0,0.01,0.99,0.0,0.04039656794795559
39632996646520794,0.0,0.01,0.99,0.0,0.04039656794795559
39632956876130665,0.0,0.12,0.88,0.0,0.2646804326436822
39632951834579125,0.0,0.36,0.64,0.0,0.4713415946277461
39632951834579029,0.0,0.84,0.16,0.0,0.3171547773202831
39632951834578962,0.0,0.15,0.85,0.0,0.3049201523582002
39632951834578933,0.0,0.09,0.91,0.0,0.21823490853205144
39632986794098745,0.0,0.0,1.0,0.0,-0.0
39632956876130517,0.0,0.85,0.15,0.0,0.3049201523582002
39632951834578786,0.0,0.15,0.85,0.0,0.3049201523582002
39632996646520583,0.01,0.76,0.23,0.0,0.4275060148322434
39632986794098831,0.0,0.01,0.96,0.03,0.13737165703039006
39632996646520383,0.0,0.85,0.15,0.0,0.3049201523582002
39632951834578777,0.0,0.11,0.89,0.0,0.249957979082264
39632951834578709,0.0,0.29,0.71,0.0,0.43436062316970225
39632996646520338,0.0,0.06,0.93,0.01,0.20367037270049304
39632996646519360,0.0,0.84,0.16,0.0,0.3171547773202831
39632951834577816,0.0,0.93,0.07,0.0,0.18296182545011158
39632951834577333,0.0,0.03,0.96,0.01,0.13737165703039006
39632996642327722,0.0,0.75,0.25,0.0,0.4056390622295664
39632951834577332,0.0,0.39,0.61,0.0,0.4823997742525436
39632951834577255,0.0,0.82,0.18,0.0,0.34003852286413994
39632996642327071,0.0,0.4,0.6,0.0,0.4854752972273343
39632996642327038,0.0,0.91,0.09,0.0,0.21823490853205144
39632996642326992,0.0,0.92,0.08,0.0,0.2010895951011364
39632996642326880,0.0,0.43,0.57,0.0,0.4929075185894599
39632996642325739,0.0,0.05,0.95,0.0,0.14319847855797813
39632996642325487,0.0,0.43,0.57,0.0,0.4929075185894599
39632986798296202,0.0,0.07,0.93,0.0,0.18296182545011158
39632996642325421,0.0,0.48,0.52,0.0,0.4994227679976009
39632991722407932,0.0,0.95,0.05,0.0,0.14319847855797813
39632986798296924,0.0,0.04,0.96,0.0,0.12114609454120741
39632986802487392,0.0,0.43,0.57,0.0,0.4929075185894599
39632986802487563,0.0,0.04,0.96,0.0,0.12114609454120741
39632956876129110,0.0,0.69,0.31,0.0,0.4465867291889284
39632956876128898,0.0,0.12,0.88,0.0,0.2646804326436822
39632956876128873,0.0,0.0,1.0,0.0,-0.0
39632956876128734,0.0,0.29,0.71,0.0,0.43436062316970225
39632956871938872,0.0,0.64,0.36,0.0,0.4713415946277461
39632956871938842,0.0,0.61,0.39,0.0,0.4823997742525436
39632956871938542,0.0,0.01,0.93,0.06,0.20367037270049304
39632986798294829,0.0,0.34,0.66,0.0,0.46240935248651505
39632956871938435,0.0,0.3,0.7,0.0,0.44064544961534635
39632986798294579,0.0,0.08,0.92,0.0,0.2010895951011364
39632951834577222,0.0,0.29,0.71,0.0,0.43436062316970225
39632986798293223,0.0,0.17,0.83,0.0,0.32885238937210975
39632986798293266,0.0,0.03,0.97,0.0,0.0971959289157881
39632986798293439,0.0,0.04,0.96,0.0,0.12114609454120741
39632951834577017,0.0,0.5,0.5,0.0,0.5
39632951834576805,0.0,0.94,0.06,0.0,0.16372245957723813
39632986798293449,0.0,0.53,0.47,0.0,0.4987007942838698
39632986798293530,0.0,0.74,0.26,0.0,0.4133731862463089
39632996642327366,0.0,0.95,0.05,0.0,0.14319847855797813
39632986798293846,0.0,0.17,0.83,0.0,0.32885238937210975
39632956876130289,0.0,0.1,0.9,0.0,0.2344977967946406
39632996642327351,0.0,0.32,0.68,0.0,0.45219072886224687
39632986798293984,0.0,0.03,0.96,0.01,0.13737165703039006
39632951834576726,0.0,0.34,0.66,0.0,0.46240935248651505
39632986798294010,0.0,0.48,0.52,0.0,0.4994227679976009
39632986798294011,0.0,0.26,0.74,0.0,0.4133731862463089
39632951847161031,0.0,0.99,0.01,0.0,0.04039656794795559
39632986798294175,0.0,0.41,0.59,0.0,0.488250234378912
39632986798294376,0.0,0.0,0.89,0.11,0.249957979082264
39632986798294397,0.0,0.01,0.99,0.0,0.04039656794795559
39632986798294568,0.0,0.0,1.0,0.0,-0.0
39632986798294603,0.0,0.37,0.63,0.0,0.47533604634353294
39632996642325166,0.0,0.75,0.25,0.0,0.4056390622295664
39632961896712135,0.0,0.0,0.98,0.02,0.07072027127091034
39632966892129729,0.0,0.63,0.37,0.0,0.47533604634353294
39632966887933642,0.0,0.12,0.88,0.0,0.2646804326436822
39632961905103027,0.0,0.74,0.26,0.0,0.4133731862463089
39632966921490202,0.0,0.01,0.97,0.02,0.11097036642660543
39632976861988602,0.0,0.76,0.24,0.0,0.39752013969226113
39632966883738489,0.0,0.71,0.29,0.0,0.43436062316970225
39632966896324894,0.0,0.11,0.89,0.0,0.249957979082264
39632961896711830,0.0,0.1,0.9,0.0,0.2344977967946406
39632946780442108,0.0,0.26,0.74,0.0,0.4133731862463089
39632961871545315,0.0,0.13,0.87,0.0,0.2787190925139945
39632976861988696,0.0,0.19,0.81,0.0,0.3507357299419487
39632976874572858,0.0,0.25,0.75,0.0,0.4056390622295664
39632976874573058,0.0,0.16,0.84,0.0,0.3171547773202831
39632946797216352,0.0,0.89,0.11,0.0,0.249957979082264
39632976861988269,0.0,0.01,0.99,0.0,0.04039656794795559
39632956871935463,0.0,0.94,0.06,0.0,0.16372245957723813
39632946788828648,0.0,0.05,0.95,0.0,0.14319847855797813
39632946776246690,0.0,0.99,0.01,0.0,0.04039656794795559
39632971879156569,0.0,0.07,0.93,0.0,0.18296182545011158
39632971879156848,0.0,0.53,0.47,0.0,0.4987007942838698
39632966892126603,0.0,0.21,0.79,0.0,0.37074136996563684
39632966887934653,0.0,0.16,0.84,0.0,0.3171547773202831
39632966887934913,0.0,0.9,0.1,0.0,0.2344977967946406
39632946797216418,0.0,0.42,0.58,0.0,0.49072694751682683
39632956871936109,0.0,0.59,0.41,0.0,0.488250234378912
39632946780442495,0.0,0.07,0.93,0.0,0.18296182545011158
39632976861989676,0.0,0.25,0.75,0.0,0.4056390622295664
39632961905102153,0.0,0.37,0.63,0.0,0.47533604634353294
39632946788827224,0.0,0.41,0.59,0.0,0.488250234378912
39632976874572375,0.0,0.01,0.99,0.0,0.04039656794795559
39632961905101604,0.0,0.07,0.92,0.01,0.22283217282912027
39632946780440708,0.0,0.01,0.96,0.03,0.13737165703039006
39632961879935795,0.0,0.43,0.57,0.0,0.4929075185894599
39632966887934956,0.0,0.93,0.07,0.0,0.18296182545011158
39632966883737964,0.0,0.41,0.59,0.0,0.488250234378912
39632946780442679,0.0,0.87,0.13,0.0,0.2787190925139945
39632976874572150,0.0,0.9,0.1,0.0,0.2344977967946406
39632961905102480,0.0,0.39,0.61,0.0,0.4823997742525436
39632966883738079,0.0,0.82,0.18,0.0,0.34003852286413994
39632976895544132,0.0,0.93,0.07,0.0,0.18296182545011158
39632956871936576,0.0,0.05,0.95,0.0,0.14319847855797813
39632966887933533,0.0,0.12,0.88,0.0,0.2646804326436822
39632956871936609,0.0,0.89,0.11,0.0,0.249957979082264
39632946788827943,0.0,0.33,0.67,0.0,0.4574631863898637
39632971879154972,0.0,0.07,0.92,0.01,0.22283217282912027
39632971879154839,0.0,0.15,0.84,0.01,0.3441379826496441
39632976874572711,0.0,0.38,0.62,0.0,0.47902101111314976
39632961905102329,0.0,0.39,0.61,0.0,0.4823997742525436
39632946780442401,0.0,0.74,0.26,0.0,0.4133731862463089
39632966900516656,0.0,0.14,0.86,0.0,0.292119405821428
39632966900516972,0.0,0.02,0.98,0.0,0.07072027127091034
39632966883738159,0.0,0.86,0.14,0.0,0.292119405821428
39632966887934944,0.0,0.7,0.3,0.0,0.44064544961534635
39632966883738168,0.0,0.88,0.12,0.0,0.2646804326436822
39632946784636641,0.0,0.44,0.56,0.0,0.4947937606110278
39632961917683368,0.0,0.71,0.29,0.0,0.43436062316970225
39632971879157114,0.0,0.35,0.65,0.0,0.4670340276877455
39632956863547823,0.0,0.98,0.02,0.0,0.07072027127091034
39632976857794634,0.0,0.97,0.03,0.0,0.0971959289157881
39632966887933931,0.0,0.03,0.97,0.0,0.0971959289157881
39632956863547891,0.0,0.07,0.93,0.0,0.18296182545011158
39632961913490536,0.0,0.31,0.69,0.0,0.4465867291889284
39632956863548014,0.0,0.27,0.73,0.0,0.42073231810408784
39632956863548072,0.0,0.6,0.4,0.0,0.4854752972273343
39632956863548098,0.0,0.19,0.81,0.0,0.3507357299419487
39632961913490878,0.0,0.69,0.31,0.0,0.4465867291889284
39632961913490996,0.0,0.53,0.47,0.0,0.4987007942838698
39632956863548091,0.0,0.8,0.2,0.0,0.36096404744368116
39632956863547377,0.0,0.12,0.88,0.0,0.2646804326436822
39632966892127430,0.0,0.27,0.73,0.0,0.42073231810408784
39632966925682293,0.0,0.45,0.55,0.0,0.49638722699390414
39632946780440722,0.0,0.33,0.67,0.0,0.4574631863898637
39632966925682763,0.0,0.56,0.44,0.0,0.4947937606110278
39632976899736908,0.0,0.1,0.9,0.0,0.2344977967946406
39632966887934023,0.0,0.94,0.06,0.0,0.16372245957723813
39632956859353840,0.0,0.81,0.19,0.0,0.3507357299419487
39632961913490089,0.0,0.97,0.03,0.0,0.0971959289157881
39632961913490112,0.0,0.96,0.04,0.0,0.12114609454120741
39632956863547284,0.0,0.53,0.47,0.0,0.4987007942838698
39632961913490123,0.0,0.88,0.12,0.0,0.2646804326436822
39632961896711280,0.0,0.8,0.2,0.0,0.36096404744368116
39632966887933220,0.0,0.33,0.67,0.0,0.4574631863898637
39632966883741393,0.0,0.87,0.13,0.0,0.2787190925139945
39632966887934302,0.0,0.46,0.54,0.0,0.49768921941011285
39632956871934986,0.0,0.99,0.01,0.0,0.04039656794795559
39632956871935153,0.0,0.71,0.29,0.0,0.43436062316970225
39632961917682566,0.0,0.97,0.03,0.0,0.0971959289157881
39632976861988043,0.0,0.85,0.15,0.0,0.3049201523582002
39632976861988173,0.0,0.52,0.48,0.0,0.4994227679976009
39632976861988206,0.0,0.1,0.9,0.0,0.2344977967946406
39632976861988226,0.0,0.6,0.4,0.0,0.4854752972273343
39632956871935278,0.0,0.03,0.95,0.02,0.1674722434193448
39632961900907537,0.0,0.51,0.49,0.0,0.49985572087640495
39632966883741370,0.0,0.19,0.81,0.0,0.3507357299419487
39632961896711104,0.0,0.26,0.74,0.0,0.4133731862463089
39632961900908206,0.0,0.29,0.71,0.0,0.43436062316970225
39632966892129482,0.0,0.06,0.93,0.01,0.20367037270049304
39632961900908203,0.0,0.99,0.01,0.0,0.04039656794795559
39632946780440995,0.0,0.11,0.89,0.0,0.249957979082264
39632961896711074,0.0,0.04,0.95,0.01,0.16124668093016215
39632956867744644,0.0,0.04,0.95,0.01,0.16124668093016215
39632956871934108,0.0,0.2,0.8,0.0,0.36096404744368116
39632966892129769,0.0,0.93,0.07,0.0,0.18296182545011158
39632946780440448,0.01,0.99,0.0,0.0,0.04039656794795559
39632961884131391,0.0,0.86,0.14,0.0,0.292119405821428
39632956871934557,0.06,0.94,0.0,0.0,0.16372245957723813
39632971883348300,0.0,0.05,0.95,0.0,0.14319847855797813
39632976887157050,0.0,0.73,0.27,0.0,0.42073231810408784
39632946780442481,0.0,0.11,0.89,0.0,0.249957979082264
39632961896714081,0.0,0.36,0.64,0.0,0.4713415946277461
39632961875739672,0.0,0.01,0.99,0.0,0.04039656794795559
39632961896714032,0.0,0.39,0.61,0.0,0.4823997742525436
39632961896713999,0.0,0.37,0.63,0.0,0.47533604634353294
39632961896713937,0.0,0.71,0.29,0.0,0.43436062316970225
39632976861990362,0.0,0.73,0.27,0.0,0.42073231810408784
39632961896713860,0.0,0.59,0.41,0.0,0.488250234378912
39632976861990279,0.01,0.98,0.01,0.0,0.08072027127091033
39632961896714192,0.0,0.89,0.11,0.0,0.249957979082264
39632961896714242,0.0,0.89,0.11,0.0,0.249957979082264
39632961875739470,0.0,0.42,0.58,0.0,0.49072694751682683
39632946784634415,0.0,0.94,0.06,0.0,0.16372245957723813
39632946784634368,0.0,0.73,0.27,0.0,0.42073231810408784
39632976861990197,0.0,0.82,0.18,0.0,0.34003852286413994
39632946784634199,0.0,0.14,0.86,0.0,0.292119405821428
39632946784634154,0.0,0.74,0.26,0.0,0.4133731862463089
39632946784633802,0.0,0.0,1.0,0.0,-0.0
39632946784633722,0.0,0.49,0.51,0.0,0.49985572087640495
39632961875739671,0.0,0.0,0.74,0.26,0.4133731862463089
39632961896714350,0.0,0.04,0.96,0.0,0.12114609454120741
39632961896713756,0.0,0.35,0.65,0.0,0.4670340276877455
39632966913098787,0.0,0.36,0.64,0.0,0.4713415946277461
39632966908906729,0.0,0.54,0.46,0.0,0.49768921941011285
39632966908907318,0.0,0.28,0.72,0.0,0.4277254052800653
39632961896712838,0.0,0.0,0.96,0.04,0.12114609454120741
39632961896712564,0.0,0.01,0.99,0.0,0.04039656794795559
39632961896712542,0.0,0.43,0.57,0.0,0.4929075185894599
39632946784633003,0.0,0.7,0.3,0.0,0.44064544961534635
39632961875740471,0.0,0.0,0.98,0.02,0.07072027127091034
39632966908907063,0.0,0.03,0.97,0.0,0.0971959289157881
39632961896712250,0.0,0.0,0.91,0.09,0.21823490853205144
39632976874570190,0.0,0.08,0.87,0.05,0.3411994718209815
39632976861991541,0.0,0.61,0.39,0.0,0.4823997742525436
39632966908906973,0.0,0.32,0.68,0.0,0.45219072886224687
39632961896712147,0.0,0.2,0.8,0.0,0.36096404744368116
39632961884130133,0.0,0.01,0.95,0.04,0.16124668093016215
39632946780440821,0.0,0.31,0.69,0.0,0.4465867291889284
39632976874569884,0.0,0.61,0.39,0.0,0.4823997742525436
39632966908908152,0.0,0.68,0.32,0.0,0.45219072886224687
39632966908908228,0.0,0.56,0.44,0.0,0.4947937606110278
39632976874570649,0.0,0.7,0.3,0.0,0.44064544961534635
39632966913098736,0.0,0.98,0.02,0.0,0.07072027127091034
39632966913098579,0.0,0.12,0.88,0.0,0.2646804326436822
39632961896713546,0.0,0.59,0.41,0.0,0.488250234378912
39632961900910019,0.0,0.57,0.43,0.0,0.4929075185894599
39632961896713721,0.0,0.97,0.03,0.0,0.0971959289157881
39632946780440212,0.0,0.85,0.15,0.0,0.3049201523582002
39632966913098158,0.0,0.82,0.18,0.0,0.34003852286413994
39632946784632999,0.0,0.83,0.17,0.0,0.32885238937210975
39632961875740378,0.0,0.18,0.82,0.0,0.34003852286413994
39632946780440289,0.0,0.91,0.09,0.0,0.21823490853205144
39632961896712046,0.0,0.37,0.63,0.0,0.47533604634353294
39632961896711285,0.0,0.05,0.95,0.0,0.14319847855797813
39632966917297270,0.0,0.47,0.53,0.0,0.4987007942838698
39632961888324409,0.0,0.45,0.55,0.0,0.49638722699390414
39632976861990103,0.0,0.52,0.48,0.0,0.4994227679976009
39632966917296240,0.0,0.23,0.77,0.0,0.38900565177326885
39632976874570842,0.0,0.0,0.73,0.27,0.42073231810408784
39632966917297200,0.0,0.75,0.25,0.0,0.4056390622295664
39632976874572003,0.0,0.57,0.43,0.0,0.4929075185894599
39632961875742023,0.0,0.51,0.49,0.0,0.49985572087640495
39632961875742691,0.0,0.03,0.96,0.01,0.13737165703039006
39632976861989831,0.0,0.12,0.88,0.0,0.2646804326436822
39632966904712381,0.0,0.7,0.3,0.0,0.44064544961534635
39632961896715527,0.01,0.98,0.01,0.0,0.08072027127091033
39632966887936504,0.0,0.26,0.74,0.0,0.4133731862463089
39632946784635577,0.0,0.18,0.82,0.0,0.34003852286413994
39632966921488323,0.0,0.11,0.89,0.0,0.249957979082264
39632946784636512,0.0,0.78,0.22,0.0,0.38008375148098283
39632966921486549,0.0,0.26,0.74,0.0,0.4133731862463089
39632946780442751,0.0,0.63,0.37,0.0,0.47533604634353294
39632966921488225,0.0,0.58,0.42,0.0,0.49072694751682683
39632966921486716,0.0,0.04,0.96,0.0,0.12114609454120741
39632966917296054,0.0,0.0,1.0,0.0,-0.0
39632966883737716,0.0,0.77,0.23,0.0,0.38900565177326885
39632966921486972,0.0,1.0,0.0,0.0,-0.0
39632946784634530,0.0,0.64,0.36,0.0,0.4713415946277461
39632946784636544,0.0,0.14,0.86,0.0,0.292119405821428
39632961871546171,0.0,0.1,0.9,0.0,0.2344977967946406
39632976861989782,0.0,0.0,0.95,0.05,0.14319847855797813
39632966887935324,0.0,0.1,0.9,0.0,0.2344977967946406
39632976861989783,0.0,0.0,0.99,0.01,0.04039656794795559
39632966883737781,0.0,0.48,0.52,0.0,0.4994227679976009
39632966883737672,0.0,0.0,1.0,0.0,-0.0
39632961875741571,0.0,0.59,0.41,0.0,0.488250234378912
39632966887935095,0.0,0.41,0.59,0.0,0.488250234378912
39632946784634847,0.0,0.09,0.91,0.0,0.21823490853205144
39632961888324291,0.0,0.08,0.92,0.0,0.2010895951011364
39632961875742690,0.0,0.0,1.0,0.0,-0.0
39632961875742711,0.0,0.28,0.72,0.0,0.4277254052800653
39632986798294707,0.0,0.12,0.87,0.01,0.30414992414989617
39632981836431938,0.0,0.95,0.05,0.0,0.14319847855797813
39633001545468491,0.11,0.89,0.0,0.0,0.249957979082264
39632951838771708,0.0,0.97,0.03,0.0,0.0971959289157881
39632991705632743,0.0,0.72,0.28,0.0,0.4277254052800653
39632961909296790,0.0,0.78,0.22,0.0,0.38008375148098283
39632986798293442,0.0,0.09,0.91,0.0,0.21823490853205144
39632951838771799,0.0,0.61,0.39,0.0,0.4823997742525436
39632951842964802,0.0,0.67,0.33,0.0,0.4574631863898637
39632991726600854,0.0,0.3,0.7,0.0,0.44064544961534635
39632976870376959,0.0,0.11,0.88,0.01,0.28950944366190023
39632976878766291,0.0,0.04,0.96,0.0,0.12114609454120741
39632976878766215,0.0,0.55,0.45,0.0,0.49638722699390414
39632941722110136,0.0,0.89,0.11,0.0,0.249957979082264
39632951838771726,0.0,0.97,0.03,0.0,0.0971959289157881
39632976878766046,0.0,0.13,0.87,0.0,0.2787190925139945
39632981849015117,0.0,0.1,0.9,0.0,0.2344977967946406
39632976874572200,0.0,0.98,0.02,0.0,0.07072027127091034
39632966892127050,0.0,0.39,0.61,0.0,0.4823997742525436
39632976878765772,0.0,0.34,0.66,0.0,0.46240935248651505
39632961909296878,0.0,0.67,0.33,0.0,0.4574631863898637
39632966925683030,0.0,0.7,0.3,0.0,0.44064544961534635
39632961909296765,0.0,0.88,0.12,0.0,0.2646804326436822
39632996642324576,0.0,1.0,0.0,0.0,-0.0
39632966887935495,0.0,0.82,0.18,0.0,0.34003852286413994
39632951834577047,0.0,0.07,0.93,0.0,0.18296182545011158
39632951838769488,0.0,0.23,0.77,0.0,0.38900565177326885
39632971895933327,0.0,0.88,0.12,0.0,0.2646804326436822
39632991705633543,0.0,0.02,0.96,0.02,0.14114609454120738
39632976870379526,0.0,0.0,1.0,0.0,-0.0
39632946780439086,0.0,0.56,0.44,0.0,0.4947937606110278
39632966925684228,0.0,0.35,0.65,0.0,0.4670340276877455
39632966925684045,0.0,0.92,0.08,0.0,0.2010895951011364
39632986802487447,0.0,0.2,0.8,0.0,0.36096404744368116
39632976870379428,0.0,0.46,0.54,0.0,0.49768921941011285
39632991705633023,0.0,0.26,0.74,0.0,0.4133731862463089
39632951847161124,0.0,0.8,0.2,0.0,0.36096404744368116
39632941722109918,0.0,0.82,0.18,0.0,0.34003852286413994
39632991705633387,0.0,0.0,0.98,0.02,0.07072027127091034
39632986798295060,0.0,0.17,0.83,0.0,0.32885238937210975
39632946793025895,0.0,0.68,0.32,0.0,0.45219072886224687
39632961909296674,0.0,0.97,0.03,0.0,0.0971959289157881
39632951838772513,0.0,0.17,0.83,0.0,0.32885238937210975
39632956850965467,0.0,0.82,0.18,0.0,0.34003852286413994
39632976870377271,0.0,0.09,0.91,0.0,0.21823490853205144
39632956884517860,0.0,0.06,0.94,0.0,0.16372245957723813
39632976874572714,0.0,0.67,0.33,0.0,0.4574631863898637
39632946776245103,0.0,0.0,1.0,0.0,-0.0
39632966887934486,0.0,0.37,0.63,0.0,0.47533604634353294
39632981844823212,0.0,0.91,0.09,0.0,0.21823490853205144
39632991705632603,0.0,0.01,0.95,0.04,0.16124668093016215
39632966887932637,0.0,0.2,0.8,0.0,0.36096404744368116
39632966887935093,0.0,0.24,0.76,0.0,0.39752013969226113
39632951834577022,0.0,0.28,0.72,0.0,0.4277254052800653
39632946784636699,0.0,0.06,0.94,0.0,0.16372245957723813
39632956880326257,0.0,0.01,0.88,0.11,0.28950944366190023
39632941717913876,0.0,0.98,0.02,0.0,0.07072027127091034
39632956880323617,0.0,0.81,0.19,0.0,0.3507357299419487
39632951826187158,0.0,0.25,0.75,0.0,0.4056390622295664
39632951826187155,0.0,0.11,0.89,0.0,0.249957979082264
39632996646521536,0.0,0.49,0.51,0.0,0.49985572087640495
39632966896322655,0.0,0.18,0.82,0.0,0.34003852286413994
39632991739186096,0.0,0.76,0.24,0.0,0.39752013969226113
39632996646519803,0.0,0.03,0.97,0.0,0.0971959289157881
39632996646519474,0.0,0.44,0.56,0.0,0.4947937606110278
39632961896710394,0.02,0.98,0.0,0.0,0.07072027127091034
39632966883738946,0.0,0.81,0.19,0.0,0.3507357299419487
39632961917682817,0.0,0.07,0.92,0.01,0.22283217282912027
39632996642328719,0.0,0.87,0.13,0.0,0.2787190925139945
39632966887933300,0.0,0.74,0.26,0.0,0.4133731862463089
39632986777325288,0.03,0.96,0.01,0.0,0.13737165703039006
39632986777325294,0.0,0.05,0.95,0.0,0.14319847855797813
39632956880326128,0.0,0.9,0.1,0.0,0.2344977967946406
39632966908906959,0.0,0.43,0.57,0.0,0.4929075185894599
39632946767858130,0.0,0.08,0.92,0.0,0.2010895951011364
39632941717914513,0.0,0.31,0.69,0.0,0.4465867291889284
39632976861991186,0.0,0.5,0.5,0.0,0.5
39632946767858824,0.0,0.48,0.52,0.0,0.4994227679976009
39632966913097996,0.0,0.39,0.61,0.0,0.4823997742525436
39632976861990755,0.0,0.96,0.04,0.0,0.12114609454120741
39632976861990580,0.0,0.26,0.74,0.0,0.4133731862463089
39632966913100567,0.0,0.91,0.09,0.0,0.21823490853205144
39632941717914300,0.0,0.52,0.48,0.0,0.4994227679976009
39632956855157162,0.0,1.0,0.0,0.0,-0.0
39632966917292738,0.0,0.28,0.72,0.0,0.4277254052800653
39632966908904861,0.0,0.14,0.86,0.0,0.292119405821428
39632946780439813,0.0,0.13,0.87,0.0,0.2787190925139945
39632981823852672,0.0,0.28,0.72,0.0,0.4277254052800653
39632946784635195,0.0,0.73,0.27,0.0,0.42073231810408784
39632961896715280,0.01,0.97,0.02,0.0,0.11097036642660543
39632966921488034,0.0,0.98,0.02,0.0,0.07072027127091034
39632966921488461,0.0,0.94,0.06,0.0,0.16372245957723813
39632961884129752,0.0,0.94,0.06,0.0,0.16372245957723813
39632986781519769,0.0,0.99,0.01,0.0,0.04039656794795559
39632991730796313,0.0,0.11,0.89,0.0,0.249957979082264
39632941722111784,0.0,0.43,0.57,0.0,0.4929075185894599
39632981849017947,0.0,0.22,0.78,0.0,0.38008375148098283
39632946780439225,0.0,0.85,0.15,0.0,0.3049201523582002
39632981853208763,0.0,0.77,0.23,0.0,0.38900565177326885
39632961913490458,0.0,0.59,0.41,0.0,0.488250234378912
39632956880322798,0.0,0.03,0.96,0.01,0.13737165703039006
39632951830384245,0.0,0.26,0.74,0.0,0.4133731862463089
39632981853208971,0.0,0.2,0.8,0.0,0.36096404744368116
39632951830384136,0.0,0.07,0.93,0.0,0.18296182545011158
39632946780440553,0.0,0.54,0.46,0.0,0.49768921941011285
39632966887934094,0.0,0.58,0.42,0.0,0.49072694751682683
39632956880322730,0.0,0.19,0.81,0.0,0.3507357299419487
39632981849016502,0.0,0.97,0.03,0.0,0.0971959289157881
39632966887934101,0.0,0.14,0.86,0.0,0.292119405821428
39632981849016474,0.0,0.47,0.53,0.0,0.4987007942838698
39632981849016321,0.0,0.93,0.07,0.0,0.18296182545011158
39632991730796026,0.0,0.91,0.09,0.0,0.21823490853205144
39632971916906784,0.0,0.22,0.78,0.0,0.38008375148098283
39632951838772198,0.0,0.98,0.02,0.0,0.07072027127091034
39632986802491593,0.0,0.0,0.91,0.09,0.21823490853205144
39632986802491547,0.0,0.02,0.95,0.03,0.1674722434193448
39632981823849490,0.0,0.0,0.93,0.07,0.18296182545011158
39632996659104002,0.0,0.24,0.76,0.0,0.39752013969226113
39632996659104076,0.0,0.57,0.43,0.0,0.4929075185894599
39632996659104299,0.0,0.48,0.52,0.0,0.4994227679976009
39632971908514953,0.0,1.0,0.0,0.0,-0.0
39632961884130111,0.0,0.19,0.81,0.0,0.3507357299419487
39632966887936454,0.0,0.32,0.68,0.0,0.45219072886224687
39632996629745223,0.0,0.88,0.12,0.0,0.2646804326436822
39632996650715412,0.0,0.01,0.99,0.0,0.04039656794795559
39632956884519467,0.0,0.37,0.63,0.0,0.47533604634353294
39632996659103520,0.0,0.45,0.55,0.0,0.49638722699390414
39632996650715483,0.0,0.02,0.98,0.0,0.07072027127091034
39632986806683851,0.0,0.54,0.46,0.0,0.49768921941011285
39632966904709510,0.0,0.5,0.5,0.0,0.5
39632981836432562,0.0,0.59,0.41,0.0,0.488250234378912
39632951834578813,0.0,0.01,0.99,0.0,0.04039656794795559
39632951834579041,0.0,0.18,0.82,0.0,0.34003852286413994
39632996659104534,0.0,0.05,0.95,0.0,0.14319847855797813
39632956884519556,0.0,1.0,0.0,0.0,-0.0
39632991722408856,0.0,0.01,0.95,0.04,0.16124668093016215
39632971912708406,0.0,0.27,0.73,0.0,0.42073231810408784
39632966887936498,0.0,0.07,0.92,0.01,0.22283217282912027
39632981840628580,0.0,0.97,0.03,0.0,0.0971959289157881
39632951851355336,0.0,0.65,0.35,0.0,0.4670340276877455
39632971908515046,0.0,0.42,0.58,0.0,0.49072694751682683
39632961888322587,0.0,0.26,0.74,0.0,0.4133731862463089
39632986789906032,0.0,0.21,0.79,0.0,0.37074136996563684
39632966883738777,0.0,0.39,0.61,0.0,0.4823997742525436
39632966883738885,0.0,0.66,0.34,0.0,0.46240935248651505
39632986789906066,0.0,0.0,0.99,0.01,0.04039656794795559
39632966925684223,0.0,0.0,0.99,0.01,0.04039656794795559
39632966883738883,0.0,0.72,0.28,0.0,0.4277254052800653
39632966883738975,0.0,0.6,0.4,0.0,0.4854752972273343
39632961884130016,0.0,0.66,0.34,0.0,0.46240935248651505
39632986781517220,0.0,0.85,0.15,0.0,0.3049201523582002
39632996654909636,0.0,0.37,0.63,0.0,0.47533604634353294
39632961896710771,0.0,0.81,0.19,0.0,0.3507357299419487
39632996642327290,0.0,0.72,0.28,0.0,0.4277254052800653
39632951821993319,0.0,0.2,0.8,0.0,0.36096404744368116
39632966908905989,0.0,0.84,0.16,0.0,0.3171547773202831
39632996654909464,0.0,0.04,0.94,0.02,0.19127133459887283
39632996654909543,0.0,0.53,0.47,0.0,0.4987007942838698
39632981849015717,0.0,0.6,0.4,0.0,0.4854752972273343
39632951847161279,0.0,0.69,0.31,0.0,0.4465867291889284
39632996654908900,0.0,0.07,0.93,0.0,0.18296182545011158
39632951838770825,0.0,0.15,0.85,0.0,0.3049201523582002
39632951834577158,0.0,0.28,0.72,0.0,0.4277254052800653
39632946776248840,0.0,1.0,0.0,0.0,-0.0
39632986789906265,0.0,0.01,0.98,0.01,0.08072027127091033
39632981849016009,0.0,0.84,0.16,0.0,0.3171547773202831
39632961884130432,0.0,0.68,0.32,0.0,0.45219072886224687
39632991734989751,0.0,0.41,0.59,0.0,0.488250234378912
39632996642328213,0.0,0.31,0.69,0.0,0.4465867291889284
39632991734989835,0.0,0.0,0.99,0.01,0.04039656794795559
39632956850965012,0.0,0.18,0.82,0.0,0.34003852286413994
39632966908907188,0.0,0.65,0.35,0.0,0.4670340276877455
39632971916905661,0.0,0.7,0.3,0.0,0.44064544961534635
39632961888322816,0.0,0.54,0.46,0.0,0.49768921941011285
39632991730794716,0.0,0.04,0.96,0.0,0.12114609454120741
39632981849015876,0.0,0.59,0.41,0.0,0.488250234378912
39632966917295928,0.0,0.18,0.82,0.0,0.34003852286413994
39632971908518606,0.0,0.19,0.81,0.0,0.3507357299419487
39632996642327005,0.0,0.27,0.73,0.0,0.42073231810408784
39632991718216437,0.0,0.66,0.34,0.0,0.46240935248651505
39632991718216088,0.0,0.63,0.37,0.0,0.47533604634353294
39632956876129654,0.0,0.39,0.61,0.0,0.4823997742525436
39632996642326949,0.0,0.28,0.72,0.0,0.4277254052800653
39632991722406509,0.0,0.46,0.54,0.0,0.49768921941011285
39632986781517321,0.0,0.8,0.2,0.0,0.36096404744368116
39632961888322391,0.0,0.09,0.91,0.0,0.21823490853205144
39632951834577495,0.0,1.0,0.0,0.0,-0.0
39632961892518212,0.04,0.96,0.0,0.0,0.12114609454120741
39632951826187397,0.0,0.54,0.46,0.0,0.49768921941011285
39632971908514755,0.0,0.77,0.23,0.0,0.38900565177326885
39632951826187622,0.0,0.01,0.96,0.03,0.13737165703039006
39632991709828045,0.0,0.95,0.05,0.0,0.14319847855797813
39632961888326409,0.0,0.8,0.2,0.0,0.36096404744368116
39632986785713681,0.0,0.24,0.76,0.0,0.39752013969226113
39632961888326400,0.0,0.03,0.93,0.04,0.2174448102113104
39632961888322833,0.0,0.0,1.0,0.0,-0.0
39632966917295680,0.0,0.1,0.9,0.0,0.2344977967946406
39632971908514338,0.0,0.36,0.64,0.0,0.4713415946277461
39632986781517079,0.0,0.94,0.06,0.0,0.16372245957723813
39632986781517157,0.0,0.05,0.95,0.0,0.14319847855797813
39632976874573937,0.0,0.44,0.56,0.0,0.4947937606110278
39632951834578840,0.0,0.0,1.0,0.0,-0.0
39632986794099488,0.0,0.09,0.91,0.0,0.21823490853205144
39632951847160836,0.0,0.33,0.67,0.0,0.4574631863898637
39632986798295978,0.0,0.29,0.71,0.0,0.43436062316970225
39632986794100194,0.0,0.89,0.11,0.0,0.249957979082264
39632986798295816,0.0,0.11,0.89,0.0,0.249957979082264
39632991709825167,0.0,0.0,0.98,0.02,0.07072027127091034
39632996646522583,0.0,0.0,1.0,0.0,-0.0
39632986789906300,0.0,1.0,0.0,0.0,-0.0
39632976891349193,0.0,0.11,0.89,0.0,0.249957979082264
39632976861987665,0.0,0.43,0.57,0.0,0.4929075185894599
39632986806684436,0.0,0.95,0.05,0.0,0.14319847855797813
39632961896711738,0.0,0.07,0.93,0.0,0.18296182545011158
39632956871935464,0.0,0.82,0.18,0.0,0.34003852286413994
39632986806684314,0.0,0.06,0.94,0.0,0.16372245957723813
39632961871547232,0.0,0.88,0.12,0.0,0.2646804326436822
39632951830383830,0.0,0.28,0.72,0.0,0.4277254052800653
39632946780442317,0.0,0.97,0.03,0.0,0.0971959289157881
39632961871548370,0.0,0.59,0.41,0.0,0.488250234378912
39632981828044330,0.0,1.0,0.0,0.0,-0.0
39632946784637372,0.0,0.13,0.87,0.0,0.2787190925139945
39632946784636805,0.0,0.32,0.68,0.0,0.45219072886224687
39632946784636724,0.0,0.93,0.07,0.0,0.18296182545011158
39632946784636704,0.0,0.02,0.96,0.02,0.14114609454120738
39632946784636627,0.0,0.68,0.32,0.0,0.45219072886224687
39632981823848546,0.0,0.71,0.29,0.0,0.43436062316970225
39632946784636049,0.0,1.0,0.0,0.0,-0.0
39632951830381353,0.0,0.7,0.3,0.0,0.44064544961534635
39632956859352358,0.0,1.0,0.0,0.0,-0.0
39632956871935357,0.0,0.33,0.67,0.0,0.4574631863898637
39632956871935229,0.0,0.68,0.32,0.0,0.45219072886224687
39632956871935651,0.0,1.0,0.0,0.0,-0.0
39632956867741865,0.0,0.09,0.91,0.0,0.21823490853205144
39632956863548592,0.0,0.72,0.28,0.0,0.4277254052800653
39632956863546923,0.0,0.7,0.3,0.0,0.44064544961534635
39632956863546896,0.0,0.24,0.76,0.0,0.39752013969226113
39632956863546859,0.0,0.3,0.7,0.0,0.44064544961534635
39632971887543295,0.0,0.68,0.32,0.0,0.45219072886224687
39632956859353658,0.0,0.24,0.76,0.0,0.39752013969226113
39632956859353657,0.0,0.51,0.49,0.0,0.49985572087640495
39632951826190488,0.0,0.65,0.35,0.0,0.4670340276877455
39632971883350109,0.0,0.32,0.68,0.0,0.45219072886224687
39632981823852716,0.0,0.0,0.99,0.01,0.04039656794795559
39632956871935483,0.0,0.55,0.45,0.0,0.49638722699390414
39632956880325481,0.0,0.87,0.13,0.0,0.2787190925139945
39632976861990420,0.0,0.08,0.91,0.01,0.24088153359695552
39632981823851999,0.0,0.0,0.97,0.03,0.0971959289157881
39632981823849493,0.0,0.24,0.76,0.0,0.39752013969226113
39632976870376973,0.0,0.05,0.95,0.0,0.14319847855797813
39632981849015559,0.0,0.09,0.91,0.0,0.21823490853205144
39632966921490588,0.0,0.01,0.97,0.02,0.11097036642660543
39632951834576692,0.0,0.05,0.95,0.0,0.14319847855797813
39632951821995838,0.0,0.3,0.7,0.0,0.44064544961534635
39632981849015733,0.0,0.27,0.73,0.0,0.42073231810408784
39632976870377231,0.0,0.02,0.98,0.0,0.07072027127091034
39632976870377256,0.0,0.93,0.07,0.0,0.18296182545011158
39632976870377266,0.0,0.22,0.78,0.0,0.38008375148098283
39632946788830858,0.0,0.81,0.19,0.0,0.3507357299419487
39632951830383903,0.0,0.09,0.91,0.0,0.21823490853205144
39632966917294923,0.0,0.24,0.76,0.0,0.39752013969226113
39632986785710903,0.0,0.44,0.56,0.0,0.4947937606110278
39632951830383907,0.0,0.41,0.59,0.0,0.488250234378912
39632951830383976,0.0,0.03,0.97,0.0,0.0971959289157881
39632941722109066,0.0,0.83,0.17,0.0,0.32885238937210975
39632966892128578,0.0,0.46,0.54,0.0,0.49768921941011285
39632951830384089,0.0,0.04,0.96,0.0,0.12114609454120741
39632986798294400,0.0,0.64,0.36,0.0,0.4713415946277461
39632946780439214,0.0,0.0,0.98,0.02,0.07072027127091034
39632956850965479,0.0,0.49,0.51,0.0,0.49985572087640495
39632946784634873,0.0,0.0,0.99,0.01,0.04039656794795559
39632946784636442,0.0,0.35,0.65,0.0,0.4670340276877455
39632946780438729,0.0,0.61,0.39,0.0,0.4823997742525436
39632966917295369,0.0,0.0,1.0,0.0,-0.0
39632981823852233,0.0,0.0,0.94,0.06,0.16372245957723813
39632956880325868,0.0,0.04,0.95,0.01,0.16124668093016215
39632981844823204,0.0,0.86,0.14,0.0,0.292119405821428
39632946784634928,0.0,0.05,0.95,0.0,0.14319847855797813
39632996646523757,0.0,0.42,0.58,0.0,0.49072694751682683
39632961875743264,0.0,0.45,0.55,0.0,0.49638722699390414
39632961875743249,0.0,0.7,0.3,0.0,0.44064544961534635
39632981823852824,0.0,0.01,0.99,0.0,0.04039656794795559
39632996646523581,0.0,0.0,0.92,0.08,0.2010895951011364
39632981828043062,0.0,0.61,0.39,0.0,0.4823997742525436
39632951851356099,0.0,0.78,0.22,0.0,0.38008375148098283
39632961909296053,0.0,0.8,0.2,0.0,0.36096404744368116
39632991726601351,0.0,0.5,0.5,0.0,0.5
39632981832237139,0.0,0.63,0.37,0.0,0.47533604634353294
39632946767858285,0.0,0.84,0.16,0.0,0.3171547773202831
39632956884521059,0.0,0.84,0.16,0.0,0.3171547773202831
39632951826187661,0.0,0.91,0.09,0.0,0.21823490853205144
39632951826187653,0.0,0.89,0.11,0.0,0.249957979082264
39632966925685023,0.0,0.74,0.26,0.0,0.4133731862463089
39632966925683607,0.0,0.39,0.61,0.0,0.4823997742525436
39632961900908524,0.0,0.94,0.06,0.0,0.16372245957723813
39632966925685004,0.0,0.08,0.92,0.0,0.2010895951011364
39632966925684531,0.0,0.92,0.08,0.0,0.2010895951011364
39632966913099216,0.0,0.03,0.97,0.0,0.0971959289157881
39632961896712915,0.0,0.61,0.39,0.0,0.4823997742525436
39632966925684519,0.0,0.86,0.14,0.0,0.292119405821428
39632996650713831,0.0,0.47,0.53,0.0,0.4987007942838698
39632966925684450,0.0,0.01,0.99,0.0,0.04039656794795559
39632981840629842,0.0,0.64,0.36,0.0,0.4713415946277461
39632956884520091,0.0,1.0,0.0,0.0,-0.0
39632956884521509,0.0,0.82,0.18,0.0,0.34003852286413994
39632961909296723,0.0,0.79,0.21,0.0,0.37074136996563684
39632971916905765,0.01,0.95,0.04,0.0,0.16124668093016215
39632971916905977,0.0,0.98,0.02,0.0,0.07072027127091034
39632956863546785,0.0,0.01,0.99,0.0,0.04039656794795559
39632951851352166,0.0,0.99,0.01,0.0,0.04039656794795559
39632991734989815,0.0,0.32,0.68,0.0,0.45219072886224687
39632981861599711,0.0,0.83,0.17,0.0,0.32885238937210975
39632981836432639,0.0,0.25,0.75,0.0,0.4056390622295664
39632986802488261,0.0,0.03,0.91,0.06,0.2595582210645035
39632981861600787,0.0,0.19,0.81,0.0,0.3507357299419487
39632971891739440,0.0,0.44,0.56,0.0,0.4947937606110278
39632981861600336,0.0,0.57,0.43,0.0,0.4929075185894599
39632991709823037,0.0,0.03,0.97,0.0,0.0971959289157881
39632961900907448,0.0,0.34,0.66,0.0,0.46240935248651505
39632986806682073,0.0,0.24,0.76,0.0,0.39752013969226113
39632961900907493,0.0,0.29,0.71,0.0,0.43436062316970225
39632971912708529,0.0,0.38,0.62,0.0,0.47902101111314976
39632991722407992,0.0,0.5,0.5,0.0,0.5
39632956863547480,0.0,0.06,0.94,0.0,0.16372245957723813
39632966883738400,0.0,0.95,0.05,0.0,0.14319847855797813
39632966883738394,0.0,0.57,0.43,0.0,0.4929075185894599
39632956884516982,0.0,0.55,0.45,0.0,0.49638722699390414
39632996642325185,0.0,0.34,0.66,0.0,0.46240935248651505
39632966883738366,0.01,0.97,0.02,0.0,0.11097036642660543
39632966883738212,0.0,0.45,0.55,0.0,0.49638722699390414
39632976878765539,0.0,0.51,0.49,0.0,0.49985572087640495
39632976878766064,0.0,0.85,0.15,0.0,0.3049201523582002
39632966908906597,0.0,0.37,0.63,0.0,0.47533604634353294
39632991722407908,0.0,0.16,0.84,0.0,0.3171547773202831
39632956880324856,0.0,0.1,0.9,0.0,0.2344977967946406
39632991722409476,0.0,0.79,0.21,0.0,0.37074136996563684
39632991722408003,0.0,0.07,0.93,0.0,0.18296182545011158
39632961892518250,0.0,0.32,0.68,0.0,0.45219072886224687
39632966913102055,0.0,0.82,0.18,0.0,0.34003852286413994
39632966921489890,0.0,0.44,0.55,0.01,0.5309792175678756
39632966921487169,0.0,0.29,0.71,0.0,0.43436062316970225
39632966921487327,0.0,0.69,0.31,0.0,0.4465867291889284
39632961888326017,0.0,0.41,0.59,0.0,0.488250234378912
39632966921487357,0.0,0.24,0.76,0.0,0.39752013969226113
39632946784636302,0.0,0.06,0.94,0.0,0.16372245957723813
39632961909294789,0.0,0.96,0.04,0.0,0.12114609454120741
39632956867740234,0.0,0.83,0.17,0.0,0.32885238937210975
39632956867740121,0.0,0.02,0.98,0.0,0.07072027127091034
39632981861600585,0.0,0.27,0.73,0.0,0.42073231810408784
39632961892516327,0.0,0.64,0.36,0.0,0.4713415946277461
39632961892516330,0.0,0.02,0.98,0.0,0.07072027127091034
39632976878764987,0.0,0.67,0.33,0.0,0.4574631863898637
39632976861989034,0.0,0.0,0.92,0.08,0.2010895951011364
39632991722410221,0.0,0.3,0.7,0.0,0.44064544961534635
39632946780442398,0.0,0.65,0.35,0.0,0.4670340276877455
39632986789905356,0.0,0.05,0.95,0.0,0.14319847855797813
39632971879156582,0.0,0.49,0.51,0.0,0.49985572087640495
39632966913102423,0.0,0.95,0.05,0.0,0.14319847855797813
39632991734993542,0.0,0.68,0.32,0.0,0.45219072886224687
39632976861990274,0.0,0.46,0.54,0.0,0.49768921941011285
39632981853209516,0.0,0.94,0.06,0.0,0.16372245957723813
39632966913101874,0.0,0.63,0.37,0.0,0.47533604634353294
39632981853209630,0.0,0.17,0.83,0.0,0.32885238937210975
39632956876128466,0.0,0.12,0.88,0.0,0.2646804326436822
39632951826187926,0.0,0.48,0.52,0.0,0.4994227679976009
39632961900908484,0.0,0.88,0.12,0.0,0.2646804326436822
39632956876132527,0.0,0.0,1.0,0.0,-0.0
39632966913102033,0.0,0.67,0.33,0.0,0.4574631863898637
39632961917682309,0.0,0.78,0.22,0.0,0.38008375148098283
39632966913102047,0.0,0.92,0.08,0.0,0.2010895951011364
39632991734990628,0.0,0.01,0.99,0.0,0.04039656794795559
39632976861990211,0.0,0.76,0.24,0.0,0.39752013969226113
39632991734990028,0.0,0.2,0.8,0.0,0.36096404744368116
39632991734990048,0.0,0.6,0.4,0.0,0.4854752972273343
39632991734990070,0.0,0.0,0.91,0.09,0.21823490853205144
39632976861990157,0.0,0.45,0.55,0.0,0.49638722699390414
39632991734993698,0.0,1.0,0.0,0.0,-0.0
39632961900907600,0.0,0.9,0.1,0.0,0.2344977967946406
39632956876128582,0.0,0.86,0.14,0.0,0.292119405821428
39632991734990385,0.0,0.17,0.83,0.0,0.32885238937210975
39632986777321541,0.0,0.3,0.7,0.0,0.44064544961534635
39632956863546432,0.0,0.59,0.41,0.0,0.488250234378912
39632956876128929,0.0,0.05,0.95,0.0,0.14319847855797813
39632996642329474,0.0,0.0,0.57,0.43,0.4929075185894599
39632951842965075,0.0,0.0,1.0,0.0,-0.0
39632966908906560,0.0,0.36,0.64,0.0,0.4713415946277461
39632991726601636,0.0,0.22,0.78,0.0,0.38008375148098283
39632951842965413,0.0,0.57,0.43,0.0,0.4929075185894599
39632956876128725,0.0,0.95,0.05,0.0,0.14319847855797813
39632951826189521,0.0,0.74,0.26,0.0,0.4133731862463089
39632991739183193,0.0,0.03,0.97,0.0,0.0971959289157881
39632961913489412,0.0,0.42,0.58,0.0,0.49072694751682683
39632981849017846,0.0,0.49,0.51,0.0,0.49985572087640495
39632961913489867,0.0,0.79,0.21,0.0,0.37074136996563684
39632956876128719,0.0,0.08,0.92,0.0,0.2010895951011364
39632946776248629,0.0,0.48,0.52,0.0,0.4994227679976009
39632946776248457,0.0,0.96,0.04,0.0,0.12114609454120741
39632991730798698,0.0,0.11,0.89,0.0,0.249957979082264
39632946776248217,0.0,0.01,0.98,0.01,0.08072027127091033
39632966913099058,0.0,0.09,0.91,0.0,0.21823490853205144
39632946780440834,0.01,0.68,0.31,0.0,0.48429030075228124
39632986798293437,0.0,0.92,0.08,0.0,0.2010895951011364
39632981836435073,0.0,0.84,0.16,0.0,0.3171547773202831
39632966883741764,0.0,0.82,0.18,0.0,0.34003852286413994
39632986798293542,0.0,0.19,0.81,0.0,0.3507357299419487
39632986798295217,0.0,0.7,0.3,0.0,0.44064544961534635
39632986798293578,0.0,0.02,0.98,0.0,0.07072027127091034
39632961879936404,0.0,0.45,0.55,0.0,0.49638722699390414
39632961879935972,0.0,0.57,0.43,0.0,0.4929075185894599
39632961879936047,0.0,0.68,0.32,0.0,0.45219072886224687
39632961879935690,0.0,0.02,0.97,0.01,0.11097036642660543
39632986798293587,0.0,0.01,0.99,0.0,0.04039656794795559
39632986802487930,0.0,0.13,0.87,0.0,0.2787190925139945
39632991709823368,0.0,0.22,0.78,0.0,0.38008375148098283
39632961905101416,0.0,0.53,0.47,0.0,0.4987007942838698
39632976874572741,0.0,0.08,0.92,0.0,0.2010895951011364
39632961875742659,0.0,0.0,0.72,0.28,0.4277254052800653
39632956871935872,0.0,0.05,0.95,0.0,0.14319847855797813
39632946793024116,0.0,0.92,0.08,0.0,0.2010895951011364
39632976874572727,0.0,0.43,0.57,0.0,0.4929075185894599
39632991709823642,0.0,0.26,0.74,0.0,0.4133731862463089
39632961888322412,0.0,0.43,0.57,0.0,0.4929075185894599
39632986794103241,0.0,0.0,0.99,0.01,0.04039656794795559
39632976874570821,0.0,0.97,0.03,0.0,0.0971959289157881
39632956871935523,0.0,0.12,0.88,0.0,0.2646804326436822
39632951834575649,0.0,0.02,0.98,0.0,0.07072027127091034
39632976874572634,0.0,0.9,0.1,0.0,0.2344977967946406
39632966883741708,0.0,0.51,0.49,0.0,0.49985572087640495
39632986798293426,0.0,0.58,0.42,0.0,0.49072694751682683
39632976874572605,0.0,0.6,0.4,0.0,0.4854752972273343
39632986802488721,0.0,0.81,0.19,0.0,0.3507357299419487
39632951838772390,0.0,0.13,0.87,0.0,0.2787190925139945
39632991726601099,0.0,0.23,0.77,0.0,0.38900565177326885
39632976874572697,0.0,0.42,0.58,0.0,0.49072694751682683
39632966908904796,0.0,0.5,0.5,0.0,0.5
39632981823852124,0.0,0.0,0.86,0.14,0.292119405821428
39632996646521003,0.0,0.86,0.14,0.0,0.292119405821428
39632941722109103,0.0,0.02,0.98,0.0,0.07072027127091034
39632951838772221,0.0,0.02,0.98,0.0,0.07072027127091034
39632996629745145,0.0,0.33,0.67,0.0,0.4574631863898637
39632996642324922,0.0,0.91,0.09,0.0,0.21823490853205144
39632951826190062,0.0,0.0,0.97,0.03,0.0971959289157881
39632956892905875,0.02,0.93,0.05,0.0,0.2131710453499437
39632976861989705,0.0,0.73,0.27,0.0,0.42073231810408784
39632946784635174,0.0,0.6,0.4,0.0,0.4854752972273343
39632996642324843,0.0,0.76,0.24,0.0,0.39752013969226113
39632961917682219,0.0,0.37,0.63,0.0,0.47533604634353294
39632981823852185,0.0,0.0,0.86,0.14,0.292119405821428
39632951830380979,0.0,0.05,0.95,0.0,0.14319847855797813
39632956876131910,0.01,0.64,0.35,0.0,0.5043035669219932
39632966921487399,0.0,1.0,0.0,0.0,-0.0
39632961892516059,0.0,0.72,0.28,0.0,0.4277254052800653
39632946797218616,0.0,0.39,0.61,0.0,0.4823997742525436
39632951851354446,0.0,0.7,0.3,0.0,0.44064544961534635
39632991709824557,0.37,0.63,0.0,0.0,0.47533604634353294
39632966887934012,0.0,0.47,0.53,0.0,0.4987007942838698
39632991709826603,0.0,0.0,0.99,0.01,0.04039656794795559
39632941717916628,0.0,0.07,0.93,0.0,0.18296182545011158
39632966887933823,0.0,0.58,0.42,0.0,0.49072694751682683
39632956880325261,0.0,0.99,0.01,0.0,0.04039656794795559
39632941717917557,0.0,0.15,0.85,0.0,0.3049201523582002
39632946784635510,0.0,0.77,0.23,0.0,0.38900565177326885
39632966908904619,0.0,0.8,0.2,0.0,0.36096404744368116
39632981844821375,0.0,0.83,0.17,0.0,0.32885238937210975
39632966913098120,0.0,0.1,0.9,0.0,0.2344977967946406
39632996642329269,0.0,0.14,0.86,0.0,0.292119405821428
39632996642326111,0.0,0.06,0.94,0.0,0.16372245957723813
39632946776244645,0.0,0.01,0.99,0.0,0.04039656794795559
39632996629745189,0.0,0.0,0.99,0.01,0.04039656794795559
39632981849018313,0.0,0.17,0.83,0.0,0.32885238937210975
39632981844821409,0.0,0.62,0.38,0.0,0.47902101111314976
39632966896324827,0.0,0.97,0.03,0.0,0.0971959289157881
39632986810876650,0.0,0.54,0.46,0.0,0.49768921941011285
39632981823849920,0.0,0.08,0.92,0.0,0.2010895951011364
39632981865791961,0.0,0.74,0.26,0.0,0.4133731862463089
39632961884129432,0.0,0.74,0.26,0.0,0.4133731862463089
39632981865792424,0.0,0.97,0.03,0.0,0.0971959289157881
39632961884129420,0.0,0.42,0.58,0.0,0.49072694751682683
39632966917294245,0.0,0.9,0.1,0.0,0.2344977967946406
39632966917295055,0.0,0.11,0.89,0.0,0.249957979082264
39632966917293945,0.0,0.43,0.57,0.0,0.4929075185894599
39632991734989055,0.0,0.0,0.89,0.11,0.249957979082264
39632951834579097,0.0,0.08,0.92,0.0,0.2010895951011364
39632961913490299,0.0,0.46,0.54,0.0,0.49768921941011285
39632961913490183,0.0,0.04,0.96,0.0,0.12114609454120741
39632991734989439,0.0,0.03,0.97,0.0,0.0971959289157881
39632946784634787,0.0,0.69,0.31,0.0,0.4465867291889284
39632996650713496,0.0,0.58,0.42,0.0,0.49072694751682683
39632996646521592,0.0,0.4,0.6,0.0,0.4854752972273343
39632971916906279,0.0,0.36,0.64,0.0,0.4713415946277461
39632976861989550,0.0,0.01,0.99,0.0,0.04039656794795559
39632961909296108,0.0,0.7,0.3,0.0,0.44064544961534635
39632961909295897,0.0,0.63,0.37,0.0,0.47533604634353294
39632961875742511,0.0,0.91,0.09,0.0,0.21823490853205144
39632996642326198,0.0,0.73,0.27,0.0,0.42073231810408784
39632951842964857,0.0,0.83,0.17,0.0,0.32885238937210975
39632976861989787,0.0,0.15,0.85,0.0,0.3049201523582002
39632956876130358,0.0,0.77,0.23,0.0,0.38900565177326885
39632976895543213,0.0,0.51,0.49,0.0,0.49985572087640495
39632946784635183,0.0,0.48,0.52,0.0,0.4994227679976009
39632981844821979,0.0,0.84,0.16,0.0,0.3171547773202831
39632971887546493,0.0,0.99,0.01,0.0,0.04039656794795559
39632966904709366,0.0,0.0,0.72,0.28,0.4277254052800653
39632966904710293,0.0,0.0,0.7,0.3,0.44064544961534635
39632986777323882,0.0,0.22,0.78,0.0,0.38008375148098283
39632991734990260,0.0,0.43,0.57,0.0,0.4929075185894599
39632991739185809,0.0,0.0,0.97,0.03,0.0971959289157881
39632996642325594,0.0,0.01,0.95,0.04,0.16124668093016215
39632986802492044,0.0,0.19,0.81,0.0,0.3507357299419487
39632981823850334,0.0,0.47,0.53,0.0,0.4987007942838698
39632991739185610,0.0,0.46,0.54,0.0,0.49768921941011285
39632981823850331,0.0,0.14,0.86,0.0,0.292119405821428
39632996642325608,0.0,0.97,0.03,0.0,0.0971959289157881
39632991730797395,0.0,0.09,0.91,0.0,0.21823490853205144
39632981823850216,0.0,0.41,0.59,0.0,0.488250234378912
39632996659103826,0.0,0.04,0.94,0.02,0.19127133459887283
39632981819658003,0.0,0.99,0.01,0.0,0.04039656794795559
39632996659103931,0.0,0.92,0.08,0.0,0.2010895951011364
39632996650714530,0.0,0.22,0.78,0.0,0.38008375148098283
39632996650714332,0.0,0.01,0.99,0.0,0.04039656794795559
39632991705633525,0.0,0.15,0.85,0.0,0.3049201523582002
39632996650713335,0.0,0.4,0.6,0.0,0.4854752972273343
39632981861599597,0.0,0.28,0.72,0.0,0.4277254052800653
39632966904710383,0.0,0.02,0.98,0.0,0.07072027127091034
39632966913098890,0.0,0.25,0.75,0.0,0.4056390622295664
39632996646522810,0.0,0.25,0.75,0.0,0.4056390622295664
39632966904710212,0.0,0.08,0.92,0.0,0.2010895951011364
39632986794102556,0.0,0.82,0.18,0.0,0.34003852286413994
39632966904710255,0.0,0.8,0.2,0.0,0.36096404744368116
39632966887933700,0.0,0.92,0.08,0.0,0.2010895951011364
39632966883740800,0.0,0.73,0.27,0.0,0.42073231810408784
39632996642325379,0.0,0.74,0.26,0.0,0.4133731862463089
39632976870378030,0.0,0.83,0.17,0.0,0.32885238937210975
39632951851354813,0.0,0.98,0.02,0.0,0.07072027127091034
39632951851354880,0.0,0.6,0.4,0.0,0.4854752972273343
39632976870378477,0.0,0.7,0.3,0.0,0.44064544961534635
39632956871937020,0.0,0.0,1.0,0.0,-0.0
39632971908516903,0.0,0.94,0.06,0.0,0.16372245957723813
39632971879156617,0.0,0.01,0.99,0.0,0.04039656794795559
39632956871937321,0.0,0.25,0.75,0.0,0.4056390622295664
39632971879156962,0.0,0.58,0.42,0.0,0.49072694751682683
39632986806683766,0.0,0.18,0.82,0.0,0.34003852286413994
39632951834579340,0.0,0.25,0.75,0.0,0.4056390622295664
39632951834579423,0.0,0.98,0.02,0.0,0.07072027127091034
39632961879936330,0.0,0.18,0.82,0.0,0.34003852286413994
39632951834576570,0.0,0.78,0.22,0.0,0.38008375148098283
39632976874570539,0.0,0.72,0.28,0.0,0.4277254052800653
39632951830381663,0.0,0.22,0.78,0.0,0.38008375148098283
39632986802487553,0.0,0.37,0.63,0.0,0.47533604634353294
39632961913491227,0.0,0.69,0.31,0.0,0.4465867291889284
39632986777324536,0.0,0.13,0.87,0.0,0.2787190925139945
39632966896321850,0.0,0.15,0.85,0.0,0.3049201523582002
39632991705632237,0.0,0.55,0.45,0.0,0.49638722699390414
39632966904709436,0.0,0.2,0.8,0.0,0.36096404744368116
39632991734990351,0.0,0.0,1.0,0.0,-0.0
39632981823852424,0.0,0.0,1.0,0.0,-0.0
39632991734990388,0.0,0.43,0.57,0.0,0.4929075185894599
39632986802487915,0.0,0.92,0.08,0.0,0.2010895951011364
39632971891741324,0.0,0.01,0.99,0.0,0.04039656794795559
39632986802487896,0.0,0.73,0.27,0.0,0.42073231810408784
39632991734990518,0.0,0.74,0.26,0.0,0.4133731862463089
39632966921487343,0.0,0.24,0.76,0.0,0.39752013969226113
39632991734990617,0.0,0.42,0.58,0.0,0.49072694751682683
39632966917297294,0.0,0.6,0.4,0.0,0.4854752972273343
39632981853210290,0.02,0.84,0.14,0.0,0.3606399327762508
39632976895543561,0.0,0.84,0.16,0.0,0.3171547773202831
39632956871938418,0.0,0.99,0.01,0.0,0.04039656794795559
39632976861989767,0.0,0.04,0.96,0.0,0.12114609454120741
39632956871937534,0.0,0.62,0.38,0.0,0.47902101111314976
39632986798293906,0.0,0.23,0.77,0.0,0.38900565177326885
39632991734993819,0.0,0.82,0.18,0.0,0.34003852286413994
39632951851353118,0.0,0.71,0.29,0.0,0.43436062316970225
39632961896711750,0.0,0.42,0.58,0.0,0.49072694751682683
39632996642329314,0.0,1.0,0.0,0.0,-0.0
39632981861599843,0.0,0.09,0.91,0.0,0.21823490853205144
39632986802487819,0.0,0.19,0.81,0.0,0.3507357299419487
39632951821993559,0.0,0.64,0.36,0.0,0.4713415946277461
39632966896321019,0.0,0.14,0.86,0.0,0.292119405821428
39632976861989989,0.01,0.96,0.03,0.0,0.13737165703039006
39632966887933682,0.0,0.88,0.12,0.0,0.2646804326436822
39632976870378467,0.0,0.48,0.52,0.0,0.4994227679976009
39632966925680717,0.0,0.57,0.43,0.0,0.4929075185894599
39632986781517523,0.0,0.14,0.86,0.0,0.292119405821428
39632996638134912,0.0,0.21,0.79,0.0,0.37074136996563684
39632976870377806,0.0,0.22,0.78,0.0,0.38008375148098283
39632981823850563,0.0,0.02,0.98,0.0,0.07072027127091034
39632966887934134,0.0,0.1,0.9,0.0,0.2344977967946406
39632946788827458,0.0,0.62,0.38,0.0,0.47902101111314976
39632991722408807,0.0,0.98,0.02,0.0,0.07072027127091034
39632981832240875,0.0,0.51,0.49,0.0,0.49985572087640495
39632976861988564,0.0,0.55,0.45,0.0,0.49638722699390414
39632976870377891,0.0,0.01,0.99,0.0,0.04039656794795559
39632986794102310,0.0,0.02,0.93,0.05,0.2131710453499437
39632951834576897,0.0,0.8,0.2,0.0,0.36096404744368116
39632966913099822,0.0,0.9,0.1,0.0,0.2344977967946406
39632951834577111,0.0,0.99,0.01,0.0,0.04039656794795559
39632966908905518,0.0,0.21,0.79,0.0,0.37074136996563684
39632976870378181,0.0,1.0,0.0,0.0,-0.0
39632951834577188,0.0,0.07,0.93,0.0,0.18296182545011158
39632961905102143,0.0,0.36,0.64,0.0,0.4713415946277461
39632991709824249,0.0,0.03,0.97,0.0,0.0971959289157881
39632991722407151,0.0,1.0,0.0,0.0,-0.0
39632966913098730,0.0,0.1,0.9,0.0,0.2344977967946406
39632966925685246,0.0,0.75,0.25,0.0,0.4056390622295664
39632996629745393,0.0,0.65,0.35,0.0,0.4670340276877455
39632966908906831,0.0,0.72,0.28,0.0,0.4277254052800653
39632956871935455,0.0,0.17,0.83,0.0,0.32885238937210975
39632976874570229,0.0,0.81,0.19,0.0,0.3507357299419487
39632981823850125,0.0,0.23,0.77,0.0,0.38900565177326885
39632981823850136,0.0,0.97,0.03,0.0,0.0971959289157881
39632966925684173,0.0,0.93,0.07,0.0,0.18296182545011158
39632966925684156,0.0,0.76,0.24,0.0,0.39752013969226113
39632971916906635,0.0,0.04,0.96,0.0,0.12114609454120741
39632971879155404,0.0,0.37,0.63,0.0,0.47533604634353294
39632986789906144,0.0,0.29,0.71,0.0,0.43436062316970225
39632986789906126,0.0,0.17,0.83,0.0,0.32885238937210975
39632986789906101,0.0,0.87,0.13,0.0,0.2787190925139945
39632986789906015,0.0,0.54,0.46,0.0,0.49768921941011285
39632956871935846,0.0,0.29,0.71,0.0,0.43436062316970225
39632961896711615,0.0,0.05,0.95,0.0,0.14319847855797813
39632976870377765,0.0,0.91,0.09,0.0,0.21823490853205144
39632986794101247,0.0,0.43,0.57,0.0,0.4929075185894599
39632991709824037,0.0,0.62,0.38,0.0,0.47902101111314976
39632971916906714,0.0,0.0,0.96,0.04,0.12114609454120741
39632951834576904,0.0,0.76,0.24,0.0,0.39752013969226113
39632961905101705,0.0,0.73,0.27,0.0,0.42073231810408784
39632991730796671,0.0,0.04,0.96,0.0,0.12114609454120741
39632961905101600,0.0,1.0,0.0,0.0,-0.0
39632956859353707,0.0,0.03,0.97,0.0,0.0971959289157881
39632961905101507,0.0,0.03,0.97,0.0,0.0971959289157881
39632991730796990,0.0,0.09,0.91,0.0,0.21823490853205144
39632991730797240,0.0,0.7,0.3,0.0,0.44064544961534635
39632951834579265,0.0,0.4,0.6,0.0,0.4854752972273343
39632986794102875,0.0,0.07,0.93,0.0,0.18296182545011158
39632991730797478,0.0,0.1,0.9,0.0,0.2344977967946406
39632961896711665,0.0,0.15,0.85,0.0,0.3049201523582002
39632986794102906,0.0,0.56,0.44,0.0,0.4947937606110278
39632956855159541,0.0,0.58,0.42,0.0,0.49072694751682683
39632981840628010,0.0,0.55,0.45,0.0,0.49638722699390414
39632966917294965,0.0,0.03,0.97,0.0,0.0971959289157881
39632991705632068,0.0,0.19,0.81,0.0,0.3507357299419487
39632966887933872,0.0,0.74,0.26,0.0,0.4133731862463089
39632961896711800,0.0,0.79,0.21,0.0,0.37074136996563684
39632976874570342,0.0,0.97,0.03,0.0,0.0971959289157881
39632991730796502,0.0,0.07,0.93,0.0,0.18296182545011158
39632966883737882,0.0,0.44,0.56,0.0,0.4947937606110278
39632986794102820,0.0,0.2,0.8,0.0,0.36096404744368116
39632981849017288,0.0,0.0,0.97,0.03,0.0971959289157881
39632986794102825,0.0,0.27,0.73,0.0,0.42073231810408784
39632976878766412,0.0,0.51,0.49,0.0,0.49985572087640495
39632961913489020,0.0,0.94,0.06,0.0,0.16372245957723813
39632976874570472,0.0,0.26,0.74,0.0,0.4133731862463089
39632946780440767,0.0,0.14,0.86,0.0,0.292119405821428
39632946772053684,0.0,0.85,0.15,0.0,0.3049201523582002
39632986802488313,0.0,0.01,0.98,0.01,0.08072027127091033
39632976874571112,0.0,0.33,0.67,0.0,0.4574631863898637
39632946793022352,0.0,0.9,0.1,0.0,0.2344977967946406
39632991739185359,0.0,0.44,0.56,0.0,0.4947937606110278
39632961875738820,0.0,0.09,0.91,0.0,0.21823490853205144
39632956850964861,0.0,0.01,0.92,0.07,0.22283217282912027
39632991739185533,0.0,0.58,0.42,0.0,0.49072694751682683
39632991739185354,0.0,0.0,1.0,0.0,-0.0
39632956850964797,0.0,0.03,0.97,0.0,0.0971959289157881
39632941717916763,0.0,0.98,0.02,0.0,0.07072027127091034
39632941717916190,0.0,0.52,0.48,0.0,0.4994227679976009
39632981823850213,0.0,0.12,0.88,0.0,0.2646804326436822
39632981823850193,0.0,0.18,0.82,0.0,0.34003852286413994
39632956880327038,0.0,0.34,0.66,0.0,0.46240935248651505
39632981857406678,0.0,0.98,0.02,0.0,0.07072027127091034
39632961888324799,0.0,0.17,0.82,0.01,0.3678974314876692
39632941717916173,0.0,0.45,0.55,0.0,0.49638722699390414
39632956855157054,0.0,0.48,0.52,0.0,0.4994227679976009
39632956850965866,0.0,0.03,0.97,0.0,0.0971959289157881
39632956880327508,0.0,0.37,0.63,0.0,0.47533604634353294
39632996638133778,0.0,0.73,0.27,0.0,0.42073231810408784
39632956850966159,0.0,0.03,0.97,0.0,0.0971959289157881
39632986785713636,0.0,0.36,0.64,0.0,0.4713415946277461
39632946784634446,0.0,0.08,0.92,0.0,0.2010895951011364
39632961875741939,0.0,0.25,0.75,0.0,0.4056390622295664
39632956850965016,0.0,0.76,0.24,0.0,0.39752013969226113
39632951851353273,0.0,0.2,0.8,0.0,0.36096404744368116
39632966887934365,0.0,0.99,0.01,0.0,0.04039656794795559
39632961875739035,0.0,0.86,0.14,0.0,0.292119405821428
39632986785711073,0.0,0.02,0.98,0.0,0.07072027127091034
39632951821995883,0.0,0.94,0.06,0.0,0.16372245957723813
39632966908904539,0.0,0.98,0.02,0.0,0.07072027127091034
39632961879936816,0.0,0.91,0.09,0.0,0.21823490853205144
39632966883739301,0.0,1.0,0.0,0.0,-0.0
39632971908515151,0.0,0.49,0.51,0.0,0.49985572087640495
39632966900519829,0.0,0.57,0.43,0.0,0.4929075185894599
39632966900519406,0.0,0.54,0.46,0.0,0.49768921941011285
39632966925684398,0.0,0.95,0.05,0.0,0.14319847855797813
39632971908514461,0.0,0.28,0.72,0.0,0.4277254052800653
39632951830383689,0.0,0.49,0.51,0.0,0.49985572087640495
39632951821993761,0.0,0.86,0.14,0.0,0.292119405821428
39632956871935522,0.0,0.11,0.89,0.0,0.249957979082264
39632971883350981,0.0,0.05,0.95,0.0,0.14319847855797813
39632976857794223,0.0,0.02,0.98,0.0,0.07072027127091034
39632971883351185,0.0,0.99,0.01,0.0,0.04039656794795559
39632971883351247,0.0,0.99,0.01,0.0,0.04039656794795559
39632976857794219,0.0,0.0,0.99,0.01,0.04039656794795559
39632966892128322,0.0,0.29,0.71,0.0,0.43436062316970225
39632966892128211,0.0,0.11,0.89,0.0,0.249957979082264
39632981836434833,0.0,0.91,0.09,0.0,0.21823490853205144
39632981836434824,0.0,0.76,0.24,0.0,0.39752013969226113
39632956871935916,0.0,0.86,0.14,0.0,0.292119405821428
39632976874572729,0.0,0.96,0.04,0.0,0.12114609454120741
39632966883741671,0.0,0.2,0.8,0.0,0.36096404744368116
39632966887934445,0.0,0.48,0.52,0.0,0.4994227679976009
39632956871935763,0.0,0.06,0.94,0.0,0.16372245957723813
39632956867743819,0.0,0.15,0.85,0.0,0.3049201523582002
39632966908907056,0.0,0.94,0.06,0.0,0.16372245957723813
39632991705631901,0.0,0.22,0.78,0.0,0.38008375148098283
39632971883350862,0.0,0.44,0.56,0.0,0.4947937606110278
39632981857406301,0.0,0.93,0.07,0.0,0.18296182545011158
39632951838770935,0.0,0.14,0.86,0.0,0.292119405821428
39632951821992056,0.0,0.06,0.94,0.0,0.16372245957723813
39632971908516955,0.0,0.62,0.38,0.0,0.47902101111314976
39632961875742627,0.0,0.7,0.3,0.0,0.44064544961534635
39632976857796542,0.0,0.95,0.05,0.0,0.14319847855797813
39632981840629283,0.0,0.92,0.08,0.0,0.2010895951011364
39632981840629277,0.0,0.66,0.34,0.0,0.46240935248651505
39632941717914054,0.0,0.03,0.95,0.02,0.1674722434193448
39632986777322040,0.0,0.06,0.94,0.0,0.16372245957723813
39632946784634823,0.0,0.2,0.8,0.0,0.36096404744368116
39632986794103200,0.0,0.5,0.5,0.0,0.5
39632966913097999,0.0,0.39,0.61,0.0,0.4823997742525436
39632986789906046,0.0,0.74,0.26,0.0,0.4133731862463089
39632986777323046,0.0,0.9,0.1,0.0,0.2344977967946406
39632956876133020,0.0,0.16,0.84,0.0,0.3171547773202831
39632986789906205,0.0,0.48,0.52,0.0,0.4994227679976009
39632956863547839,0.0,0.46,0.54,0.0,0.49768921941011285
39632956855159377,0.0,0.6,0.4,0.0,0.4854752972273343
39632966917294723,0.0,0.66,0.34,0.0,0.46240935248651505
39632961913491057,0.0,0.56,0.44,0.0,0.4947937606110278
39632961913491128,0.0,0.32,0.68,0.0,0.45219072886224687
39632966921489565,0.0,0.43,0.57,0.0,0.4929075185894599
39632956871936923,0.0,0.49,0.51,0.0,0.49985572087640495
39632986802488004,0.0,0.59,0.41,0.0,0.488250234378912
39632966908904418,0.0,0.81,0.19,0.0,0.3507357299419487
39632996629744946,0.08,0.92,0.0,0.0,0.2010895951011364
39632966887932386,0.0,0.2,0.8,0.0,0.36096404744368116
39632966921489487,0.0,0.39,0.61,0.0,0.4823997742525436
39632966921490016,0.0,0.03,0.97,0.0,0.0971959289157881
39632966913098474,0.02,0.97,0.01,0.0,0.11097036642660543
39632966921490050,0.0,0.86,0.14,0.0,0.292119405821428
39632991709823780,0.0,0.05,0.95,0.0,0.14319847855797813
39632976874571023,0.0,0.98,0.02,0.0,0.07072027127091034
39632961884129863,0.0,1.0,0.0,0.0,-0.0
39632991709823789,0.0,0.24,0.76,0.0,0.39752013969226113
39632951851352638,0.0,0.39,0.61,0.0,0.4823997742525436
39632951851352589,0.0,1.0,0.0,0.0,-0.0
39632981832238055,0.0,0.11,0.89,0.0,0.249957979082264
39632976861988325,0.0,0.8,0.2,0.0,0.36096404744368116
39632976895545250,0.0,0.27,0.73,0.0,0.42073231810408784
39632956859351406,0.0,0.77,0.23,0.0,0.38900565177326885
39632986794100985,0.0,0.23,0.77,0.0,0.38900565177326885
39632976861988614,0.0,0.91,0.09,0.0,0.21823490853205144
39632986789905905,0.0,0.54,0.46,0.0,0.49768921941011285
39632976861988701,0.0,0.67,0.33,0.0,0.4574631863898637
39632986781519859,0.0,0.83,0.17,0.0,0.32885238937210975
39632991718215266,0.0,0.75,0.25,0.0,0.4056390622295664
39632956876132967,0.0,0.01,0.99,0.0,0.04039656794795559
39632991709823932,0.0,0.06,0.94,0.0,0.16372245957723813
39632951830382511,0.0,0.16,0.84,0.0,0.3171547773202831
39632981849017897,0.0,0.12,0.88,0.0,0.2646804326436822
39632996629745259,0.0,0.07,0.92,0.01,0.22283217282912027
39632981836431895,0.0,0.92,0.08,0.0,0.2010895951011364
39632986785712060,0.0,0.07,0.93,0.0,0.18296182545011158
39632986802488187,0.0,0.4,0.6,0.0,0.4854752972273343
39632966896322077,0.0,0.22,0.78,0.0,0.38008375148098283
39632981849014364,0.0,0.71,0.29,0.0,0.43436062316970225
39632981836431720,0.0,0.7,0.3,0.0,0.44064544961534635
39632961875742237,0.0,0.26,0.74,0.0,0.4133731862463089
39632991709826948,0.0,0.35,0.65,0.0,0.4670340276877455
39632986794100844,0.0,0.01,0.99,0.0,0.04039656794795559
39632986794100783,0.0,0.05,0.95,0.0,0.14319847855797813
39632951851354703,0.0,0.35,0.65,0.0,0.4670340276877455
39632976891349500,0.0,0.02,0.98,0.0,0.07072027127091034
39632986773131731,0.0,0.18,0.82,0.0,0.34003852286413994
39632986777321644,0.0,1.0,0.0,0.0,-0.0
39632951847162404,0.0,0.01,0.98,0.01,0.08072027127091033
39632956867742157,0.0,0.61,0.39,0.0,0.4823997742525436
39632951842964659,0.0,0.56,0.44,0.0,0.4947937606110278
39632951847159232,0.0,0.14,0.86,0.0,0.292119405821428
39632981832237663,0.0,0.35,0.65,0.0,0.4670340276877455
39632986806685154,0.0,0.98,0.02,0.0,0.07072027127091034
39632991739188123,0.0,0.83,0.17,0.0,0.32885238937210975
39632996642325603,0.0,0.78,0.22,0.0,0.38008375148098283
39632986777324214,0.0,0.77,0.23,0.0,0.38900565177326885
39632971895932249,0.0,0.07,0.93,0.0,0.18296182545011158
39632946772052258,0.0,0.34,0.66,0.0,0.46240935248651505
39632966904709816,0.0,0.45,0.55,0.0,0.49638722699390414
39632996650715794,0.0,0.74,0.26,0.0,0.4133731862463089
39632966929877083,0.0,0.31,0.69,0.0,0.4465867291889284
39632946767857306,0.0,0.65,0.35,0.0,0.4670340276877455
39632966929877329,0.0,0.54,0.46,0.0,0.49768921941011285
39632991739187655,0.0,0.99,0.01,0.0,0.04039656794795559
39632946793022043,0.0,0.01,0.99,0.0,0.04039656794795559
39632966929877277,0.0,0.4,0.6,0.0,0.4854752972273343
39632966892126577,0.0,0.41,0.59,0.0,0.488250234378912
39632976857796752,0.0,0.33,0.67,0.0,0.4574631863898637
39632981836434282,0.0,0.93,0.07,0.0,0.18296182545011158
39632966929875173,0.0,0.87,0.13,0.0,0.2787190925139945
39632966887935865,0.0,0.83,0.17,0.0,0.32885238937210975
39632966929875231,0.0,0.84,0.16,0.0,0.3171547773202831
39632951834578038,0.0,1.0,0.0,0.0,-0.0
39632971891739097,0.0,0.47,0.53,0.0,0.4987007942838698
39632996633936246,0.0,0.75,0.25,0.0,0.4056390622295664
39632956884518645,0.0,0.96,0.04,0.0,0.12114609454120741
39632946784633384,0.0,0.14,0.86,0.0,0.292119405821428
39632966887936460,0.0,0.44,0.56,0.0,0.4947937606110278
39632991730799063,0.0,0.09,0.91,0.0,0.21823490853205144
39632966887936367,0.0,0.62,0.38,0.0,0.47902101111314976
39632951842964796,0.0,0.96,0.04,0.0,0.12114609454120741
39632951834578207,0.0,0.04,0.96,0.0,0.12114609454120741
39632961884128467,0.0,0.02,0.97,0.01,0.11097036642660543
39632981853209811,0.0,0.24,0.76,0.0,0.39752013969226113
39632966887934974,0.0,0.76,0.24,0.0,0.39752013969226113
39632961879934469,0.0,0.08,0.92,0.0,0.2010895951011364
39632966887936584,0.0,0.18,0.82,0.0,0.34003852286413994
39632971879156878,0.0,0.04,0.95,0.01,0.16124668093016215
39632991739187385,0.0,0.94,0.06,0.0,0.16372245957723813
39632986773130068,0.0,0.92,0.08,0.0,0.2010895951011364
39632971921100368,0.0,0.61,0.39,0.0,0.4823997742525436
39632986773130042,0.0,0.01,0.98,0.01,0.08072027127091033
39632966921489146,0.0,0.82,0.18,0.0,0.34003852286413994
39632961917683001,0.0,0.43,0.57,0.0,0.4929075185894599
39632991739188192,0.0,0.7,0.3,0.0,0.44064544961534635
39632971921099947,0.0,0.74,0.26,0.0,0.4133731862463089
39632951847158328,0.0,0.7,0.3,0.0,0.44064544961534635
39632971879156839,0.0,0.64,0.36,0.0,0.4713415946277461
39632991739187208,0.0,0.5,0.5,0.0,0.5
39632956880323277,0.0,0.98,0.02,0.0,0.07072027127091034
39632961900906494,0.0,0.5,0.5,0.0,0.5
39632966925682870,0.0,0.99,0.01,0.0,0.04039656794795559
39632981844820609,0.0,0.04,0.96,0.0,0.12114609454120741
39632991739183327,0.0,0.16,0.84,0.0,0.3171547773202831
39632961900906522,0.0,0.07,0.93,0.0,0.18296182545011158
39632991709824615,0.0,0.0,0.95,0.05,0.14319847855797813
39632961900906720,0.0,0.54,0.46,0.0,0.49768921941011285
39632966883738574,0.0,0.7,0.3,0.0,0.44064544961534635
39632961884128585,0.0,0.77,0.23,0.0,0.38900565177326885
39632961884131579,0.0,0.76,0.24,0.0,0.39752013969226113
39632991739185951,0.0,0.08,0.92,0.0,0.2010895951011364
39632966921488899,0.0,0.62,0.38,0.0,0.47902101111314976
39632991709824587,0.0,0.21,0.79,0.0,0.37074136996563684
39632961879935567,0.0,0.86,0.14,0.0,0.292119405821428
39632961900906526,0.0,0.22,0.78,0.0,0.38008375148098283
39632961879935547,0.0,0.57,0.43,0.0,0.4929075185894599
39632956884520813,0.0,0.19,0.81,0.0,0.3507357299419487
39632996642328980,0.0,0.63,0.37,0.0,0.47533604634353294
39632986802489340,0.0,0.75,0.25,0.0,0.4056390622295664
39632966879547538,0.0,0.94,0.06,0.0,0.16372245957723813
39632966908907319,0.0,0.1,0.9,0.0,0.2344977967946406
39632966883741503,0.0,0.47,0.53,0.0,0.4987007942838698
39632971891740632,0.0,0.08,0.92,0.0,0.2010895951011364
39632961879933796,0.0,0.0,0.97,0.03,0.0971959289157881
39632986789908318,0.0,0.36,0.64,0.0,0.4713415946277461
39632966900515134,0.0,0.4,0.6,0.0,0.4854752972273343
39632971916904493,0.0,0.18,0.82,0.0,0.34003852286413994
39632976895544249,0.0,0.81,0.19,0.0,0.3507357299419487
39632966879547617,0.0,0.47,0.53,0.0,0.4987007942838698
39632996646521931,0.0,0.59,0.41,0.0,0.488250234378912
39632961879933722,0.0,0.93,0.07,0.0,0.18296182545011158
39632961905103327,0.0,0.5,0.5,0.0,0.5
39632966900515105,0.0,0.88,0.12,0.0,0.2646804326436822
39632961900905672,0.0,0.11,0.89,0.0,0.249957979082264
39632966896324951,0.0,0.94,0.06,0.0,0.16372245957723813
39632956867739877,0.0,0.28,0.72,0.0,0.4277254052800653
39632971891738762,0.0,0.04,0.96,0.0,0.12114609454120741
39632966925683860,0.0,0.01,0.99,0.0,0.04039656794795559
39632951834578908,0.0,0.0,1.0,0.0,-0.0
39632966896325223,0.0,0.52,0.48,0.0,0.4994227679976009
39632971891738514,0.0,0.39,0.61,0.0,0.4823997742525436
39632966887935620,0.0,0.86,0.14,0.0,0.292119405821428
39632956871935008,0.0,0.5,0.5,0.0,0.5
39632986773128001,0.0,0.95,0.05,0.0,0.14319847855797813
39632961900906029,0.0,0.08,0.92,0.0,0.2010895951011364
39632951842963512,0.0,0.92,0.08,0.0,0.2010895951011364
39632966908907412,0.0,0.62,0.38,0.0,0.47902101111314976
39632986802489235,0.0,0.06,0.94,0.0,0.16372245957723813
39632956859355206,0.0,0.61,0.39,0.0,0.4823997742525436
39632991726603412,0.0,0.41,0.59,0.0,0.488250234378912
39632976861988298,0.0,0.36,0.64,0.0,0.4713415946277461
39632976857796732,0.0,0.08,0.91,0.01,0.24088153359695552
39632976874571645,0.0,0.04,0.96,0.0,0.12114609454120741
39632991709825815,0.0,0.96,0.04,0.0,0.12114609454120741
39632946784635099,0.0,0.38,0.62,0.0,0.47902101111314976
39632991734990422,0.0,0.45,0.55,0.0,0.49638722699390414
39632981836433062,0.0,0.06,0.94,0.0,0.16372245957723813
39632951821992012,0.0,0.05,0.94,0.01,0.1832231322266888
39632991734990350,0.0,0.0,0.83,0.17,0.32885238937210975
39632996642329250,0.0,0.68,0.32,0.0,0.45219072886224687
39632951838770882,0.0,0.0,0.89,0.11,0.249957979082264
39632991734990244,0.0,0.0,1.0,0.0,-0.0
39632991734990365,0.0,0.02,0.98,0.0,0.07072027127091034
39632976899735862,0.0,0.49,0.51,0.0,0.49985572087640495
39632976861987497,0.0,0.98,0.02,0.0,0.07072027127091034
39632991739183248,0.0,0.55,0.45,0.0,0.49638722699390414
39632961888325753,0.0,0.24,0.76,0.0,0.39752013969226113
39632991739183360,0.0,0.45,0.55,0.0,0.49638722699390414
39632956859351851,0.0,0.14,0.86,0.0,0.292119405821428
39632961888325961,0.0,0.25,0.75,0.0,0.4056390622295664
39632991739183372,0.0,0.72,0.28,0.0,0.4277254052800653
39632976861987990,0.0,0.46,0.54,0.0,0.49768921941011285
39632976861987916,0.0,0.18,0.82,0.0,0.34003852286413994
39632981836433309,0.0,0.13,0.87,0.0,0.2787190925139945
39632991709825652,0.0,0.29,0.71,0.0,0.43436062316970225
39632991709825704,0.0,0.6,0.4,0.0,0.4854752972273343
39632951838769954,0.0,0.2,0.8,0.0,0.36096404744368116
39632991734991679,0.0,0.02,0.98,0.0,0.07072027127091034
39632991739183705,0.0,0.04,0.96,0.0,0.12114609454120741
39632996642329256,0.0,0.58,0.42,0.0,0.49072694751682683
39632976874572001,0.0,0.03,0.97,0.0,0.0971959289157881
39632996642326011,0.0,0.98,0.02,0.0,0.07072027127091034
39632961913489656,0.0,0.68,0.32,0.0,0.45219072886224687
39632976887157062,0.0,0.54,0.46,0.0,0.49768921941011285
39632961913489648,0.0,0.76,0.24,0.0,0.39752013969226113
39632961900906964,0.0,0.8,0.2,0.0,0.36096404744368116
39632971879156924,0.0,0.96,0.04,0.0,0.12114609454120741
39632976899736731,0.0,0.17,0.83,0.0,0.32885238937210975
39632976899736776,0.0,0.82,0.18,0.0,0.34003852286413994
39632966883738909,0.0,0.25,0.75,0.0,0.4056390622295664
39632991739185740,0.0,0.0,0.97,0.03,0.0971959289157881
39632991739185727,0.0,0.58,0.42,0.0,0.49072694751682683
39632961900906812,0.0,0.61,0.39,0.0,0.4823997742525436
39632961875741152,0.0,0.34,0.66,0.0,0.46240935248651505
39632986802488155,0.0,0.0,0.98,0.02,0.07072027127091034
39632966921488865,0.0,0.97,0.03,0.0,0.0971959289157881
39632961875739133,0.0,0.56,0.44,0.0,0.4947937606110278
39632961871546008,0.0,0.12,0.88,0.0,0.2646804326436822
39632946784634425,0.0,0.79,0.21,0.0,0.37074136996563684
39632991739184917,0.0,0.09,0.91,0.0,0.21823490853205144
39632961913491135,0.0,0.7,0.3,0.0,0.44064544961534635
39632951834578319,0.0,0.03,0.96,0.01,0.13737165703039006
39632961900906810,0.0,0.11,0.89,0.0,0.249957979082264
39632991730799319,0.0,0.13,0.87,0.0,0.2787190925139945
39632951817802102,0.0,0.62,0.38,0.0,0.47902101111314976
39632966892129243,0.0,0.65,0.35,0.0,0.4670340276877455
39632966883738661,0.0,0.21,0.79,0.0,0.37074136996563684
39632966900517115,0.0,0.21,0.79,0.0,0.37074136996563684
39632956876131327,0.0,0.67,0.33,0.0,0.4574631863898637
39632956876131299,0.0,0.87,0.13,0.0,0.2787190925139945
39632976861991076,0.0,0.0,1.0,0.0,-0.0
39632976861990988,0.0,0.06,0.94,0.0,0.16372245957723813
39632996646521576,0.0,0.1,0.9,0.0,0.2344977967946406
39632966883738997,0.0,0.92,0.08,0.0,0.2010895951011364
39632956850966545,0.0,0.0,0.86,0.14,0.292119405821428
39632966917293935,0.0,0.0,0.98,0.02,0.07072027127091034
39632966917294128,0.0,0.0,0.87,0.13,0.2787190925139945
39632966925684513,0.0,0.25,0.75,0.0,0.4056390622295664
39632986802488550,0.0,0.75,0.25,0.0,0.4056390622295664
39632941717917145,0.0,0.9,0.1,0.0,0.2344977967946406
39632946776247462,0.0,0.68,0.32,0.0,0.45219072886224687
39632991709823258,0.0,0.97,0.03,0.0,0.0971959289157881
39632956880326759,0.0,0.86,0.14,0.0,0.292119405821428
39632991734992134,0.0,0.46,0.54,0.0,0.49768921941011285
39632946767859469,0.0,0.51,0.49,0.0,0.49985572087640495
39632991734991945,0.0,0.17,0.83,0.0,0.32885238937210975
39632981823852878,0.0,0.11,0.89,0.0,0.249957979082264
39632986798294279,0.0,0.71,0.29,0.0,0.43436062316970225
39632981853209524,0.0,0.21,0.79,0.0,0.37074136996563684
39632956876131611,0.0,0.98,0.02,0.0,0.07072027127091034
39632946788828269,0.0,0.85,0.15,0.0,0.3049201523582002
39632981853209482,0.0,0.08,0.92,0.0,0.2010895951011364
39632966921487468,0.0,0.46,0.54,0.0,0.49768921941011285
39632961879934774,0.0,0.0,0.83,0.17,0.32885238937210975
39632981849017885,0.0,0.87,0.13,0.0,0.2787190925139945
39632981849018754,0.0,0.5,0.5,0.0,0.5
39632946776245447,0.0,1.0,0.0,0.0,-0.0
39632991722408723,0.0,0.06,0.94,0.0,0.16372245957723813
39633001545470769,0.0,0.03,0.97,0.0,0.0971959289157881
39632991722408778,0.0,0.01,0.99,0.0,0.04039656794795559
39633001545470774,0.0,0.84,0.16,0.0,0.3171547773202831
39632981832237756,0.02,0.88,0.1,0.0,0.30368177794258344
39633001545470942,0.0,0.97,0.03,0.0,0.0971959289157881
39633001549660349,0.0,0.95,0.05,0.0,0.14319847855797813
39633001545470772,0.0,0.86,0.14,0.0,0.292119405821428
39632991722408540,0.0,0.51,0.49,0.0,0.49985572087640495
39632971912709004,0.0,0.89,0.11,0.0,0.249957979082264
39632981853209980,0.0,0.05,0.95,0.0,0.14319847855797813
39632996650713803,0.0,0.83,0.17,0.0,0.32885238937210975
39633001545470644,0.0,0.88,0.12,0.0,0.2646804326436822
39632996650713672,0.0,0.05,0.95,0.0,0.14319847855797813
39632996650713670,0.0,0.17,0.83,0.0,0.32885238937210975
39632966892126430,0.0,0.16,0.84,0.0,0.3171547773202831
39632966887936554,0.0,0.12,0.88,0.0,0.2646804326436822
39632966892126464,0.0,0.2,0.8,0.0,0.36096404744368116
39632966887936473,0.0,0.85,0.15,0.0,0.3049201523582002
39632971916906608,0.0,0.01,0.99,0.0,0.04039656794795559
39632966892126281,0.0,0.86,0.14,0.0,0.292119405821428
39632971925291084,0.0,0.86,0.14,0.0,0.292119405821428
39632971879157271,0.0,0.09,0.9,0.01,0.2579475764741046
39632981853209865,0.0,0.51,0.49,0.0,0.49985572087640495
39632981836433562,0.0,0.02,0.98,0.0,0.07072027127091034
39632976891349922,0.0,0.07,0.93,0.0,0.18296182545011158
39632966921488857,0.0,0.33,0.67,0.0,0.4574631863898637
39632956859351795,0.0,0.89,0.11,0.0,0.249957979082264
39632956871935927,0.0,0.43,0.57,0.0,0.4929075185894599
39632956871935956,0.0,0.28,0.72,0.0,0.4277254052800653
39632956859352064,0.0,0.65,0.35,0.0,0.4670340276877455
39632966921488930,0.0,0.66,0.34,0.0,0.46240935248651505
39632971883352406,0.0,0.3,0.7,0.0,0.44064544961534635
39632996646520966,0.0,0.51,0.49,0.0,0.49985572087640495
39632981828046320,0.0,0.06,0.94,0.0,0.16372245957723813
39632956859351915,0.0,0.05,0.95,0.0,0.14319847855797813
39632996646521093,0.0,0.25,0.75,0.0,0.4056390622295664
39632971908514274,0.0,0.61,0.39,0.0,0.4823997742525436
39632961905101024,0.0,0.39,0.61,0.0,0.4823997742525436
39632991722409866,0.0,0.33,0.67,0.0,0.4574631863898637
39632986798295119,0.0,0.15,0.85,0.0,0.3049201523582002
39632981844820270,0.0,0.02,0.96,0.02,0.14114609454120738
39632976874571644,0.0,0.05,0.95,0.0,0.14319847855797813
39632986798295731,0.0,0.03,0.96,0.01,0.13737165703039006
39632976874571414,0.0,0.12,0.88,0.0,0.2646804326436822
39632981836435464,0.0,0.9,0.1,0.0,0.2344977967946406
39632981836435204,0.0,0.01,0.97,0.02,0.11097036642660543
39632981828046019,0.0,0.04,0.95,0.01,0.16124668093016215
39632991726604557,0.0,0.77,0.23,0.0,0.38900565177326885
39632971891739604,0.0,0.04,0.96,0.0,0.12114609454120741
39632971891739567,0.0,0.62,0.38,0.0,0.47902101111314976
39632966892128505,0.0,0.21,0.79,0.0,0.37074136996563684
39632956855159561,0.0,0.75,0.25,0.0,0.4056390622295664
39632961871545654,0.0,0.01,0.99,0.0,0.04039656794795559
39632966892129248,0.0,0.03,0.97,0.0,0.0971959289157881
39632961888325165,0.0,0.0,1.0,0.0,-0.0
39632966892128639,0.0,0.21,0.79,0.0,0.37074136996563684
39632981836435344,0.0,0.84,0.16,0.0,0.3171547773202831
39632956863546570,0.0,0.68,0.32,0.0,0.45219072886224687
39632981844824543,0.0,0.48,0.52,0.0,0.4994227679976009
39632956850965510,0.0,0.22,0.78,0.0,0.38008375148098283
39632961879934735,0.0,0.67,0.33,0.0,0.4574631863898637
39632961879934644,0.01,0.99,0.0,0.0,0.04039656794795559
39632956867741311,0.0,0.17,0.83,0.0,0.32885238937210975
39632961879934641,0.0,0.06,0.94,0.0,0.16372245957723813
39632951821995195,0.0,0.66,0.34,0.0,0.46240935248651505
39632976895546422,0.0,0.07,0.93,0.0,0.18296182545011158
39632966883739687,0.04,0.96,0.0,0.0,0.12114609454120741
39632976887157524,0.0,0.1,0.9,0.0,0.2344977967946406
39632966921486924,0.0,0.85,0.15,0.0,0.3049201523582002
39632966921486876,0.0,0.58,0.42,0.0,0.49072694751682683
39632966921486825,0.0,0.44,0.56,0.0,0.4947937606110278
39632966925683521,0.0,0.94,0.06,0.0,0.16372245957723813
39632951821995634,0.0,0.28,0.72,0.0,0.4277254052800653
39632956871935719,0.0,0.9,0.1,0.0,0.2344977967946406
39632986785714616,0.0,0.46,0.54,0.0,0.49768921941011285
39632956859351194,0.0,0.84,0.16,0.0,0.3171547773202831
39632986785714493,0.0,0.0,1.0,0.0,-0.0
39632971883348578,0.0,0.0,1.0,0.0,-0.0
39632991722410136,0.02,0.98,0.0,0.0,0.07072027127091034
39632946784636027,0.0,0.91,0.09,0.0,0.21823490853205144
39632951847159400,0.0,0.0,0.98,0.02,0.07072027127091034
39632966921487594,0.0,0.92,0.08,0.0,0.2010895951011364
39632976861989337,0.0,0.99,0.01,0.0,0.04039656794795559
39632981823850995,0.0,0.65,0.35,0.0,0.4670340276877455
39632981853211166,0.0,0.11,0.89,0.0,0.249957979082264
39632961884128395,0.0,1.0,0.0,0.0,-0.0
39632961900907006,0.0,0.57,0.43,0.0,0.4929075185894599
39632991709824158,0.0,0.5,0.5,0.0,0.5
39632951834579263,0.0,0.82,0.18,0.0,0.34003852286413994
39632951834579332,0.0,0.14,0.86,0.0,0.292119405821428
39632951834579386,0.0,0.98,0.02,0.0,0.07072027127091034
39632961905101774,0.0,0.65,0.35,0.0,0.4670340276877455
39632991709825168,0.0,0.69,0.31,0.0,0.4465867291889284
39632951834579409,0.0,0.01,0.99,0.0,0.04039656794795559
39632986802488931,0.0,0.29,0.71,0.0,0.43436062316970225
39632991709825550,0.0,0.1,0.9,0.0,0.2344977967946406
39632961900907276,0.0,0.14,0.86,0.0,0.292119405821428
39632976899739630,0.0,0.14,0.86,0.0,0.292119405821428
39632946772054207,0.0,0.8,0.2,0.0,0.36096404744368116
39632966921487437,0.0,0.34,0.66,0.0,0.46240935248651505
39632946772054334,0.0,0.76,0.24,0.0,0.39752013969226113
39632981849018470,0.0,0.51,0.49,0.0,0.49985572087640495
39632991714021156,0.0,0.65,0.35,0.0,0.4670340276877455
39632961879934063,0.0,1.0,0.0,0.0,-0.0
39632941717917239,0.0,0.08,0.92,0.0,0.2010895951011364
39632951847157974,0.0,0.0,1.0,0.0,-0.0
39632991722406751,0.0,0.38,0.62,0.0,0.47902101111314976
39632956884521972,0.0,0.51,0.49,0.0,0.49985572087640495
39632956884521940,0.0,0.0,0.94,0.06,0.16372245957723813
39632991722408481,0.0,0.67,0.33,0.0,0.4574631863898637
39632991734989797,0.0,0.0,0.99,0.01,0.04039656794795559
39632991734989622,0.0,0.16,0.84,0.0,0.3171547773202831
39632991734989615,0.0,0.39,0.61,0.0,0.4823997742525436
39632991734989574,0.0,0.11,0.89,0.0,0.249957979082264
39632961879934488,0.0,0.33,0.67,0.0,0.4574631863898637
39632976899739616,0.0,0.49,0.51,0.0,0.49985572087640495
39632961892518451,0.0,0.17,0.83,0.0,0.32885238937210975
39632941722110557,0.0,0.44,0.56,0.0,0.4947937606110278
39632996629745152,0.0,0.27,0.73,0.0,0.42073231810408784
39632951842967682,0.0,0.68,0.32,0.0,0.45219072886224687
39632996642329300,0.0,0.71,0.29,0.0,0.43436062316970225
39632966887936117,0.0,0.0,1.0,0.0,-0.0
39632996629745130,0.0,0.36,0.64,0.0,0.4713415946277461
39632986773128108,0.0,0.79,0.21,0.0,0.37074136996563684
39632956855158984,0.0,0.0,0.97,0.03,0.0971959289157881
39632996642325980,0.0,0.46,0.54,0.0,0.49768921941011285
39632951830382267,0.0,0.06,0.94,0.0,0.16372245957723813
39632991739183844,0.0,0.16,0.84,0.0,0.3171547773202831
39632961909294328,0.0,0.0,0.98,0.02,0.07072027127091034
39632951847159044,0.0,0.26,0.74,0.0,0.4133731862463089
39632956859351946,0.0,0.11,0.88,0.01,0.28950944366190023
39632961896715167,0.0,0.84,0.16,0.0,0.3171547773202831
39632971916906822,0.0,0.09,0.91,0.0,0.21823490853205144
39632966887935894,0.0,0.1,0.9,0.0,0.2344977967946406
39632971912709682,0.0,0.32,0.68,0.0,0.45219072886224687
39632951821993291,0.0,0.85,0.15,0.0,0.3049201523582002
39632971879157710,0.0,0.93,0.07,0.0,0.18296182545011158
39632966925680719,0.0,0.05,0.95,0.0,0.14319847855797813
39632976861988113,0.0,0.66,0.34,0.0,0.46240935248651505
39632961892517125,0.0,0.1,0.9,0.0,0.2344977967946406
39632961875743195,0.0,0.18,0.82,0.0,0.34003852286413994
39632966883742026,0.0,0.83,0.17,0.0,0.32885238937210975
39632976861988081,0.0,0.02,0.98,0.0,0.07072027127091034
39632951821993285,0.0,0.97,0.03,0.0,0.0971959289157881
39632946793023662,0.0,0.94,0.06,0.0,0.16372245957723813
39632966887932180,0.0,0.81,0.19,0.0,0.3507357299419487
39632966887932077,0.0,0.22,0.78,0.0,0.38008375148098283
39632986802488484,0.0,0.53,0.47,0.0,0.4987007942838698
39632971916904773,0.01,0.77,0.22,0.0,0.41867779866972266
39632981828046472,0.0,0.93,0.07,0.0,0.18296182545011158
39632981828046413,0.0,0.48,0.52,0.0,0.4994227679976009
39632961892519825,0.0,0.75,0.25,0.0,0.4056390622295664
39632956855159784,0.0,0.43,0.57,0.0,0.4929075185894599
39632971883352449,0.01,0.87,0.12,0.0,0.30414992414989617
39632956880327148,0.0,0.05,0.95,0.0,0.14319847855797813
39632941717914353,0.0,0.93,0.07,0.0,0.18296182545011158
39632941717914397,0.0,0.07,0.93,0.0,0.18296182545011158
39632966921487495,0.0,0.98,0.02,0.0,0.07072027127091034
39632976866185655,0.0,0.22,0.78,0.0,0.38008375148098283
39632976866185606,0.0,0.0,0.92,0.08,0.2010895951011364
39632956888715578,0.0,0.37,0.63,0.0,0.47533604634353294
39632986785712009,0.0,0.42,0.58,0.0,0.49072694751682683
39632971916906087,0.0,0.99,0.01,0.0,0.04039656794795559
39632956884519382,0.0,1.0,0.0,0.0,-0.0
39632966904709284,0.0,0.89,0.11,0.0,0.249957979082264
39632956884519273,0.0,0.12,0.88,0.0,0.2646804326436822
39632996642327358,0.0,0.08,0.92,0.0,0.2010895951011364
39632946780438602,0.0,0.27,0.73,0.0,0.42073231810408784
39632991739185368,0.0,0.22,0.78,0.0,0.38008375148098283
39632961888324812,0.0,0.09,0.9,0.01,0.2579475764741046
39632946793022401,0.03,0.97,0.0,0.0,0.0971959289157881
39632961888325106,0.0,0.83,0.17,0.0,0.32885238937210975
39632996642327510,0.0,0.0,1.0,0.0,-0.0
39632976887156215,0.0,0.83,0.17,0.0,0.32885238937210975
39632956884519285,0.0,0.0,0.95,0.05,0.14319847855797813
39632986789906365,0.01,0.65,0.34,0.0,0.49978987264055696
39632966900515005,0.0,0.51,0.49,0.0,0.49985572087640495
39632951826187199,0.0,0.07,0.93,0.0,0.18296182545011158
39632961884128254,0.0,0.08,0.92,0.0,0.2010895951011364
39632986806683030,0.0,0.04,0.96,0.0,0.12114609454120741
39632951826187160,0.0,0.33,0.67,0.0,0.4574631863898637
39632956876131352,0.0,0.78,0.22,0.0,0.38008375148098283
39632961875742146,0.0,0.08,0.92,0.0,0.2010895951011364
39632956884519855,0.0,0.99,0.01,0.0,0.04039656794795559
39632986806683055,0.0,0.13,0.87,0.0,0.2787190925139945
39632991739185053,0.0,0.71,0.29,0.0,0.43436062316970225
39632956884519176,0.0,0.15,0.85,0.0,0.3049201523582002
39633001549661305,0.0,0.13,0.87,0.0,0.2787190925139945
39632951817801539,0.0,0.91,0.09,0.0,0.21823490853205144
39632976895546144,0.0,0.49,0.51,0.0,0.49985572087640495
39632951817802078,0.0,0.41,0.59,0.0,0.488250234378912
39632996642327441,0.0,0.02,0.98,0.0,0.07072027127091034
39632996642327458,0.0,0.09,0.91,0.0,0.21823490853205144
39632996642327781,0.0,0.83,0.17,0.0,0.32885238937210975
39632996642327844,0.0,0.06,0.94,0.0,0.16372245957723813
39632996642327916,0.0,0.04,0.96,0.0,0.12114609454120741
39632966921489614,0.0,0.09,0.91,0.0,0.21823490853205144
39632981823848644,0.0,0.9,0.1,0.0,0.2344977967946406
39632951851355067,0.0,0.95,0.05,0.0,0.14319847855797813
39632961875742435,0.0,0.56,0.44,0.0,0.4947937606110278
39632951830381939,0.0,0.3,0.7,0.0,0.44064544961534635
39632966887934586,0.0,0.6,0.4,0.0,0.4854752972273343
39632961875742405,0.0,0.56,0.44,0.0,0.4947937606110278
39632986798296589,0.0,0.73,0.27,0.0,0.42073231810408784
39632951838772813,0.0,0.35,0.65,0.0,0.4670340276877455
39632966887932003,0.0,0.0,1.0,0.0,-0.0
39632981828044518,0.0,0.75,0.25,0.0,0.4056390622295664
39632971883348460,0.0,0.94,0.06,0.0,0.16372245957723813
39632981823851071,0.0,0.82,0.18,0.0,0.34003852286413994
39632971879158354,0.0,0.49,0.51,0.0,0.49985572087640495
39632966883741820,0.0,0.01,0.99,0.0,0.04039656794795559
39632961896712107,0.0,0.0,0.7,0.3,0.44064544961534635
39632946780441385,0.0,0.08,0.92,0.0,0.2010895951011364
39632971879155482,0.0,0.44,0.56,0.0,0.4947937606110278
39632981823848996,0.0,0.8,0.2,0.0,0.36096404744368116
39632971883352355,0.0,0.95,0.05,0.0,0.14319847855797813
39632971879155093,0.0,0.95,0.05,0.0,0.14319847855797813
39632976866181389,0.0,0.96,0.04,0.0,0.12114609454120741
39632976866181491,0.0,0.07,0.93,0.0,0.18296182545011158
39632966883741924,0.0,0.84,0.16,0.0,0.3171547773202831
39632976866181949,0.0,0.43,0.57,0.0,0.4929075185894599
39632951834575069,0.0,0.71,0.29,0.0,0.43436062316970225
39632981832239092,0.0,0.5,0.5,0.0,0.5
39632966887936023,0.0,0.67,0.33,0.0,0.4574631863898637
39632966887936360,0.0,0.13,0.87,0.0,0.2787190925139945
39632971883352547,0.0,0.6,0.4,0.0,0.4854752972273343
39632966887936133,0.0,0.08,0.92,0.0,0.2010895951011364
39632966887936164,0.0,0.15,0.85,0.0,0.3049201523582002
39632961871546050,0.0,0.2,0.8,0.0,0.36096404744368116
39632966887936181,0.0,0.78,0.22,0.0,0.38008375148098283
39632976866182195,0.0,0.97,0.03,0.0,0.0971959289157881
39632946780441823,0.0,0.48,0.52,0.0,0.4994227679976009
39632951851352410,0.0,1.0,0.0,0.0,-0.0
39632981823850663,0.0,0.13,0.87,0.0,0.2787190925139945
39632946784633326,0.0,0.96,0.04,0.0,0.12114609454120741
39632981823848884,0.0,0.07,0.91,0.02,0.2526241113249394
39632961896713287,0.0,0.19,0.81,0.0,0.3507357299419487
39632981823850259,0.0,0.99,0.01,0.0,0.04039656794795559
39632981823850815,0.0,0.69,0.31,0.0,0.4465867291889284
39632976870376928,0.0,0.09,0.91,0.0,0.21823490853205144
39632961879936607,0.0,0.09,0.91,0.0,0.21823490853205144
39632961871545746,0.0,0.16,0.84,0.0,0.3171547773202831
39632961896712026,0.0,0.01,0.99,0.0,0.04039656794795559
39632981823850620,0.0,0.83,0.17,0.0,0.32885238937210975
39632976866181334,0.0,0.01,0.99,0.0,0.04039656794795559
39632986798293147,0.0,0.1,0.9,0.0,0.2344977967946406
39632976866181184,0.0,0.41,0.59,0.0,0.488250234378912
39632951821991966,0.0,0.61,0.39,0.0,0.4823997742525436
39632966883739472,0.0,0.57,0.43,0.0,0.4929075185894599
39632966883739599,0.0,0.66,0.34,0.0,0.46240935248651505
39632951851352769,0.0,0.83,0.17,0.0,0.32885238937210975
39632996642327604,0.0,0.96,0.04,0.0,0.12114609454120741
39632951817801700,0.0,0.12,0.88,0.0,0.2646804326436822
39632956871938553,0.0,0.04,0.96,0.0,0.12114609454120741
39632951851352673,0.0,0.4,0.6,0.0,0.4854752972273343
39632991730796364,0.0,0.32,0.68,0.0,0.45219072886224687
39632991730794841,0.0,0.03,0.96,0.01,0.13737165703039006
39632991726602786,0.0,0.32,0.68,0.0,0.45219072886224687
39632981849015775,0.0,0.71,0.29,0.0,0.43436062316970225
39632986785712857,0.0,0.77,0.23,0.0,0.38900565177326885
39632986785714578,0.0,0.03,0.95,0.02,0.1674722434193448
39632986785714613,0.0,0.2,0.8,0.0,0.36096404744368116
39632976878765127,0.0,0.75,0.25,0.0,0.4056390622295664
39632981844824304,0.0,0.8,0.2,0.0,0.36096404744368116
39632976878764586,0.0,0.95,0.05,0.0,0.14319847855797813
39632991734992010,0.0,0.16,0.84,0.0,0.3171547773202831
39632961917682589,0.0,0.54,0.46,0.0,0.49768921941011285
39632986798293203,0.0,0.46,0.54,0.0,0.49768921941011285
39632956892906494,0.0,0.07,0.93,0.0,0.18296182545011158
39632956876131254,0.0,0.03,0.97,0.0,0.0971959289157881
39632976891349658,0.0,0.75,0.25,0.0,0.4056390622295664
39632966913099057,0.0,0.73,0.27,0.0,0.42073231810408784
39632966917293200,0.0,0.56,0.44,0.0,0.4947937606110278
39632966917293713,0.0,0.57,0.43,0.0,0.4929075185894599
39632956876130863,0.0,0.22,0.78,0.0,0.38008375148098283
39632966917296190,0.0,0.37,0.63,0.0,0.47533604634353294
39632971921097574,0.0,0.58,0.42,0.0,0.49072694751682683
39632966904710703,0.0,0.7,0.3,0.0,0.44064544961534635
39632971921097816,0.0,0.12,0.88,0.0,0.2646804326436822
39632971908515554,0.0,0.78,0.22,0.0,0.38008375148098283
39632951826187710,0.0,0.0,0.98,0.02,0.07072027127091034
39632951826187645,0.01,0.99,0.0,0.0,0.04039656794795559
39632961888321863,0.0,0.0,0.98,0.02,0.07072027127091034
39632951826187340,0.0,0.0,0.86,0.14,0.292119405821428
39632956876132930,0.0,0.14,0.86,0.0,0.292119405821428
39632956876133048,0.0,0.27,0.73,0.0,0.42073231810408784
39632951834576250,0.0,0.0,1.0,0.0,-0.0
39632961888322232,0.0,0.09,0.91,0.0,0.21823490853205144
39632961892520710,0.0,0.72,0.28,0.0,0.4277254052800653
39632951821993602,0.0,0.26,0.74,0.0,0.4133731862463089
39632996646519108,0.0,0.58,0.42,0.0,0.49072694751682683
39632996646518980,0.0,0.4,0.6,0.0,0.4854752972273343
39632976895543480,0.0,0.07,0.93,0.0,0.18296182545011158
39632986794099250,0.0,0.52,0.48,0.0,0.4994227679976009
39632991734993750,0.0,0.9,0.1,0.0,0.2344977967946406
39632976874573347,0.0,0.17,0.83,0.0,0.32885238937210975
39632976874572640,0.0,0.1,0.9,0.0,0.2344977967946406
39632976874573203,0.0,0.33,0.67,0.0,0.4574631863898637
39632991714017393,0.0,0.02,0.97,0.01,0.11097036642660543
39632966883741692,0.0,0.55,0.45,0.0,0.49638722699390414
39632966883741538,0.0,0.15,0.85,0.0,0.3049201523582002
39632971895933274,0.0,0.99,0.01,0.0,0.04039656794795559
39632996638134288,0.0,0.32,0.68,0.0,0.45219072886224687
39632956876131366,0.0,0.01,0.99,0.0,0.04039656794795559
39632986794099503,0.0,0.01,0.98,0.01,0.08072027127091033
39632986794103242,0.0,0.12,0.88,0.0,0.2646804326436822
39632986794103166,0.0,0.0,0.97,0.03,0.0971959289157881
39632986794100443,0.0,0.52,0.48,0.0,0.4994227679976009
39632986794100351,0.0,0.98,0.02,0.0,0.07072027127091034
39632966883741581,0.0,0.13,0.87,0.0,0.2787190925139945
39632976874573495,0.0,0.82,0.18,0.0,0.34003852286413994
39632996638133320,0.0,0.97,0.03,0.0,0.0971959289157881
39632986773131642,0.0,0.03,0.97,0.0,0.0971959289157881
39632941722111816,0.0,0.45,0.55,0.0,0.49638722699390414
39632976857796816,0.0,0.89,0.11,0.0,0.249957979082264
39632976857795622,0.0,0.14,0.85,0.01,0.33142210248480686
39632986777321554,0.0,0.11,0.89,0.0,0.249957979082264
39632951838771591,0.0,0.31,0.69,0.0,0.4465867291889284
39632986777324848,0.0,0.21,0.79,0.0,0.37074136996563684
39632946776245144,0.0,0.08,0.92,0.0,0.2010895951011364
39632996646519905,0.0,0.41,0.59,0.0,0.488250234378912
39632951821996023,0.0,0.98,0.02,0.0,0.07072027127091034
39632946776244809,0.0,0.13,0.87,0.0,0.2787190925139945
39632946780441481,0.0,0.45,0.55,0.0,0.49638722699390414
39632976861991380,0.0,0.51,0.49,0.0,0.49985572087640495
39632976861991303,0.0,0.33,0.67,0.0,0.4574631863898637
39632956876131171,0.0,0.49,0.51,0.0,0.49985572087640495
39632976861991081,0.0,0.74,0.26,0.0,0.4133731862463089
39632946776247075,0.0,0.71,0.29,0.0,0.43436062316970225
39632981823850463,0.0,0.97,0.03,0.0,0.0971959289157881
39632941717917367,0.0,0.51,0.49,0.0,0.49985572087640495
39632991709826172,0.0,0.0,0.76,0.24,0.39752013969226113
39632991709825977,0.0,0.05,0.95,0.0,0.14319847855797813
39632966883741744,0.0,0.6,0.4,0.0,0.4854752972273343
39632976874572348,0.0,0.23,0.77,0.0,0.38900565177326885
39632946776244966,0.0,0.1,0.9,0.0,0.2344977967946406
39632966883741909,0.0,0.23,0.77,0.0,0.38900565177326885
39632986773127863,0.0,0.02,0.98,0.0,0.07072027127091034
39632961875743200,0.0,0.06,0.94,0.0,0.16372245957723813
39632961892518651,0.0,0.65,0.35,0.0,0.4670340276877455
39632946780441406,0.0,0.88,0.12,0.0,0.2646804326436822
39632961892518630,0.0,0.79,0.21,0.0,0.37074136996563684
39632956876131406,0.0,0.62,0.38,0.0,0.47902101111314976
39632991705633533,0.0,0.77,0.23,0.0,0.38900565177326885
39632986789906523,0.0,0.23,0.77,0.0,0.38900565177326885
39632951817800897,0.0,0.92,0.08,0.0,0.2010895951011364
39632976878764715,0.0,0.26,0.74,0.0,0.4133731862463089
39632951838772540,0.0,0.26,0.74,0.0,0.4133731862463089
39632966892126986,0.0,0.75,0.25,0.0,0.4056390622295664
39632981844823425,0.0,0.99,0.01,0.0,0.04039656794795559
39632961879933237,0.0,0.22,0.78,0.0,0.38008375148098283
39632966887935926,0.0,0.01,0.94,0.05,0.1832231322266888
39632966929875363,0.0,0.72,0.28,0.0,0.4277254052800653
39632951826187437,0.0,0.01,0.87,0.12,0.30414992414989617
39632951826187444,0.0,0.01,0.99,0.0,0.04039656794795559
39632996646522867,0.0,0.95,0.05,0.0,0.14319847855797813
39632991709827955,0.0,0.48,0.52,0.0,0.4994227679976009
39632986802491978,0.0,0.74,0.26,0.0,0.4133731862463089
39632981828044543,0.0,0.65,0.35,0.0,0.4670340276877455
39632981857403205,0.0,0.22,0.78,0.0,0.38008375148098283
39632966883741465,0.0,0.88,0.12,0.0,0.2646804326436822
39632951842967858,0.0,0.02,0.98,0.0,0.07072027127091034
39632976866185873,0.0,0.99,0.01,0.0,0.04039656794795559
39632971879154652,0.0,0.13,0.87,0.0,0.2787190925139945
39632986798294090,0.0,0.02,0.98,0.0,0.07072027127091034
39632946784636303,0.0,0.01,0.97,0.02,0.11097036642660543
39632981828044504,0.0,0.0,0.93,0.07,0.18296182545011158
39632971879154608,0.0,0.23,0.77,0.0,0.38900565177326885
39632951821993506,0.0,0.04,0.94,0.02,0.19127133459887283
39632951821993498,0.0,0.2,0.8,0.0,0.36096404744368116
39632961913489428,0.0,0.28,0.72,0.0,0.4277254052800653
39632961913489360,0.0,0.85,0.15,0.0,0.3049201523582002
39632951821993427,0.0,0.71,0.29,0.0,0.43436062316970225
39632961875743270,0.0,0.64,0.36,0.0,0.4713415946277461
39632966883741521,0.0,0.9,0.1,0.0,0.2344977967946406
39632946784634814,0.0,0.6,0.4,0.0,0.4854752972273343
39632976870375514,0.0,0.21,0.79,0.0,0.37074136996563684
39632961875742732,0.0,0.95,0.05,0.0,0.14319847855797813
39632951842967321,0.0,0.0,0.95,0.05,0.14319847855797813
39632951842967302,0.0,0.0,0.98,0.02,0.07072027127091034
39632991734991705,0.0,0.58,0.42,0.0,0.49072694751682683
39632961875742940,0.0,0.25,0.75,0.0,0.4056390622295664
39632961900909624,0.0,0.62,0.38,0.0,0.47902101111314976
39632981849015800,0.02,0.98,0.0,0.0,0.07072027127091034
39632946767858539,0.0,0.04,0.96,0.0,0.12114609454120741
39632946767858580,0.0,0.87,0.13,0.0,0.2787190925139945
39632971891739197,0.0,0.73,0.27,0.0,0.42073231810408784
39632961875742132,0.0,0.03,0.97,0.0,0.0971959289157881
39632996642327823,0.01,0.99,0.0,0.0,0.04039656794795559
39632961879935856,0.0,0.02,0.98,0.0,0.07072027127091034
39632956880324985,0.0,0.01,0.99,0.0,0.04039656794795559
39632971879155761,0.0,0.24,0.76,0.0,0.39752013969226113
39632996642327769,0.0,0.42,0.58,0.0,0.49072694751682683
39632971879155672,0.0,0.43,0.57,0.0,0.4929075185894599
39632966921486807,0.0,0.87,0.13,0.0,0.2787190925139945
39632961888321992,0.0,0.44,0.56,0.0,0.4947937606110278
39632961909296973,0.0,0.46,0.54,0.0,0.49768921941011285
39632951847162143,0.0,0.11,0.89,0.0,0.249957979082264
39632961875741622,0.0,0.34,0.66,0.0,0.46240935248651505
39632956880325086,0.0,0.7,0.3,0.0,0.44064544961534635
39632961879935993,0.0,0.56,0.44,0.0,0.4947937606110278
39632951826187652,0.0,0.92,0.08,0.0,0.2010895951011364
39633001545465959,0.0,0.01,0.98,0.01,0.08072027127091033
39632966913100892,0.0,0.98,0.02,0.0,0.07072027127091034
39632956880325107,0.0,0.79,0.21,0.0,0.37074136996563684
39632961879935928,0.0,0.46,0.54,0.0,0.49768921941011285
39632956880325175,0.0,0.0,0.99,0.01,0.04039656794795559
39632966913101320,0.0,0.86,0.14,0.0,0.292119405821428
39632981861600395,0.0,0.3,0.7,0.0,0.44064544961534635
39632981861600323,0.0,0.67,0.33,0.0,0.4574631863898637
39632981861600204,0.0,0.0,0.96,0.04,0.12114609454120741
39632976878764946,0.0,0.94,0.06,0.0,0.16372245957723813
39632976878764934,0.0,0.42,0.58,0.0,0.49072694751682683
39632981844821603,0.0,0.22,0.78,0.0,0.38008375148098283
39632991709825933,0.0,0.01,0.99,0.0,0.04039656794795559
39632946797218014,0.0,0.82,0.18,0.0,0.34003852286413994
39632946776246957,0.0,0.42,0.58,0.0,0.49072694751682683
39632986781519674,0.0,0.98,0.02,0.0,0.07072027127091034
39632971891736822,0.0,0.02,0.98,0.0,0.07072027127091034
39632976874569966,0.0,0.61,0.39,0.0,0.4823997742525436
39632946797218001,0.0,0.63,0.37,0.0,0.47533604634353294
39632991718215417,0.0,0.73,0.27,0.0,0.42073231810408784
39632961888322006,0.0,0.11,0.89,0.0,0.249957979082264
39632986773131724,0.0,0.03,0.97,0.0,0.0971959289157881
39632981832238537,0.0,0.49,0.51,0.0,0.49985572087640495
39632981832238510,0.0,0.91,0.09,0.0,0.21823490853205144
39632966913101115,0.0,0.87,0.13,0.0,0.2787190925139945
39632986773131682,0.0,0.32,0.68,0.0,0.45219072886224687
39632986773131504,0.0,0.0,1.0,0.0,-0.0
39632961875742628,0.0,0.98,0.02,0.0,0.07072027127091034
39632966921487378,0.0,0.74,0.26,0.0,0.4133731862463089
39632946776247246,0.0,0.63,0.37,0.0,0.47533604634353294
39632946776247328,0.0,0.03,0.96,0.01,0.13737165703039006
39632971887546672,0.0,0.2,0.8,0.0,0.36096404744368116
39632966900519620,0.0,0.73,0.27,0.0,0.42073231810408784
39632981844821201,0.0,0.08,0.92,0.0,0.2010895951011364
39632951826190074,0.0,0.41,0.59,0.0,0.488250234378912
39632981849015631,0.0,0.01,0.99,0.0,0.04039656794795559
39632971887546743,0.0,0.28,0.72,0.0,0.4277254052800653
39632981844821436,0.0,0.0,1.0,0.0,-0.0
39632986806683288,0.0,0.19,0.81,0.0,0.3507357299419487
39632966896322195,0.0,0.0,1.0,0.0,-0.0
39632986806683131,0.0,0.02,0.8,0.18,0.40786360680260925
39632996659104209,0.0,0.46,0.54,0.0,0.49768921941011285
39632966896322300,0.0,0.73,0.27,0.0,0.42073231810408784
39632981857406588,0.0,0.03,0.97,0.0,0.0971959289157881
39632946784637060,0.0,0.13,0.87,0.0,0.2787190925139945
39632996646519442,0.0,0.04,0.96,0.0,0.12114609454120741
39632986794099277,0.0,0.12,0.88,0.0,0.2646804326436822
39632996646519376,0.0,0.23,0.77,0.0,0.38900565177326885
39632951830383112,0.0,0.94,0.06,0.0,0.16372245957723813
39632966908905495,0.0,0.02,0.98,0.0,0.07072027127091034
39632976895546283,0.0,0.06,0.93,0.01,0.20367037270049304
39632981819657034,0.0,0.17,0.83,0.0,0.32885238937210975
39632996650716384,0.0,0.02,0.98,0.0,0.07072027127091034
39632951830383025,0.0,0.1,0.9,0.0,0.2344977967946406
39632981849015957,0.0,0.69,0.31,0.0,0.4465867291889284
39632956884517565,0.0,0.41,0.59,0.0,0.488250234378912
39632971891740149,0.0,0.03,0.97,0.0,0.0971959289157881
39632986773131689,0.0,0.64,0.36,0.0,0.4713415946277461
39632956867744281,0.0,0.32,0.68,0.0,0.45219072886224687
39632971908516771,0.0,0.12,0.88,0.0,0.2646804326436822
39632971891738719,0.0,0.74,0.26,0.0,0.4133731862463089
39632981857408398,0.0,0.17,0.83,0.0,0.32885238937210975
39632981844824473,0.0,0.11,0.89,0.0,0.249957979082264
39632961875742378,0.0,0.72,0.28,0.0,0.4277254052800653
39632976895546487,0.0,0.1,0.9,0.0,0.2344977967946406
39632956871938362,0.0,0.41,0.59,0.0,0.488250234378912
39632941722110983,0.0,0.94,0.06,0.0,0.16372245957723813
39632941722111142,0.0,0.92,0.08,0.0,0.2010895951011364
39632991722410168,0.0,0.58,0.42,0.0,0.49072694751682683
39632946793022641,0.0,0.1,0.9,0.0,0.2344977967946406
39632976891351787,0.0,0.18,0.82,0.0,0.34003852286413994
39632991722409373,0.0,0.39,0.61,0.0,0.4823997742525436
39632966896322162,0.0,0.86,0.14,0.0,0.292119405821428
39632981819657213,0.0,0.67,0.33,0.0,0.4574631863898637
39632991714017433,0.0,0.27,0.73,0.0,0.42073231810408784
39632986773131789,0.0,0.49,0.51,0.0,0.49985572087640495
39632991722409609,0.0,0.8,0.2,0.0,0.36096404744368116
39632991714017624,0.0,0.82,0.18,0.0,0.34003852286413994
39632991722409538,0.0,0.37,0.63,0.0,0.47533604634353294
39632961900910154,0.0,0.5,0.5,0.0,0.5
39632971891739161,0.0,0.09,0.91,0.0,0.21823490853205144
39632981857406669,0.0,0.03,0.97,0.0,0.0971959289157881
39632981857406950,0.0,0.84,0.16,0.0,0.3171547773202831
39632976895543890,0.0,0.02,0.98,0.0,0.07072027127091034
39632991734990014,0.0,0.0,0.46,0.54,0.49768921941011285
39632951842967602,0.0,0.57,0.43,0.0,0.4929075185894599
39632991722410229,0.0,0.18,0.82,0.0,0.34003852286413994
39632991722410301,0.0,0.6,0.4,0.0,0.4854752972273343
39632956884517085,0.0,0.9,0.1,0.0,0.2344977967946406
39632976874569773,0.0,0.95,0.05,0.0,0.14319847855797813
39632986794100627,0.0,0.84,0.16,0.0,0.3171547773202831
39632971891736939,0.0,0.61,0.39,0.0,0.4823997742525436
39632971916906703,0.0,0.7,0.3,0.0,0.44064544961534635
39632961884130333,0.0,0.53,0.47,0.0,0.4987007942838698
39632991722409039,0.0,0.04,0.95,0.01,0.16124668093016215
39632951817800701,0.0,0.98,0.02,0.0,0.07072027127091034
39632966892127001,0.0,0.0,0.91,0.09,0.21823490853205144
39632966892126847,0.0,0.76,0.24,0.0,0.39752013969226113
39632946780441734,0.0,0.04,0.96,0.0,0.12114609454120741
39632966921489440,0.01,0.96,0.03,0.0,0.13737165703039006
39632976899737135,0.0,0.13,0.87,0.0,0.2787190925139945
39632996633936311,0.0,0.67,0.33,0.0,0.4574631863898637
39632961888325509,0.0,0.01,0.99,0.0,0.04039656794795559
39632991705633122,0.0,0.52,0.48,0.0,0.4994227679976009
39632986806685795,0.0,0.61,0.39,0.0,0.4823997742525436
39633001549661281,0.0,0.05,0.95,0.0,0.14319847855797813
39632956867743061,0.0,0.35,0.65,0.0,0.4670340276877455
39632986777323518,0.0,0.04,0.96,0.0,0.12114609454120741
39632961879936368,0.0,0.55,0.45,0.0,0.49638722699390414
39632946780441223,0.0,0.66,0.34,0.0,0.46240935248651505
39632981853210993,0.0,0.47,0.53,0.0,0.4987007942838698
39632946784633699,0.0,0.37,0.63,0.0,0.47533604634353294
39632986789904692,0.0,0.16,0.84,0.0,0.3171547773202831
39632976899737092,0.0,0.36,0.64,0.0,0.4713415946277461
39632946780440196,0.0,0.62,0.38,0.0,0.47902101111314976
39632981844823954,0.0,0.09,0.91,0.0,0.21823490853205144
39632971895934058,0.0,0.21,0.79,0.0,0.37074136996563684
39632966917293900,0.0,0.02,0.95,0.03,0.1674722434193448
39632996642326629,0.0,0.61,0.39,0.0,0.4823997742525436
39632996642326670,0.0,0.06,0.94,0.0,0.16372245957723813
39632966908905180,0.0,0.34,0.66,0.0,0.46240935248651505
39632976899739475,0.0,0.95,0.05,0.0,0.14319847855797813
39632966925683441,0.0,0.1,0.9,0.0,0.2344977967946406
39632971916904348,0.0,0.94,0.06,0.0,0.16372245957723813
39632966883740588,0.0,0.87,0.13,0.0,0.2787190925139945
39632966900515941,0.0,0.07,0.93,0.0,0.18296182545011158
39632951821996044,0.0,0.0,0.94,0.06,0.16372245957723813
39632961892518912,0.0,0.67,0.33,0.0,0.4574631863898637
39632951821995958,0.0,0.78,0.22,0.0,0.38008375148098283
39632976866181757,0.0,0.23,0.77,0.0,0.38900565177326885
39632986802489628,0.0,0.48,0.52,0.0,0.4994227679976009
39632961879936429,0.0,0.63,0.37,0.0,0.47533604634353294
39632986794099414,0.0,0.66,0.34,0.0,0.46240935248651505
39632941722109920,0.0,0.61,0.39,0.0,0.4823997742525436
39632951842965973,0.0,0.07,0.93,0.0,0.18296182545011158
39632966883740458,0.0,0.26,0.74,0.0,0.4133731862463089
39632946776244371,0.0,0.93,0.07,0.0,0.18296182545011158
39632966883740374,0.0,0.48,0.52,0.0,0.4994227679976009
39632966883740425,0.0,0.01,0.98,0.01,0.08072027127091033
39632966883740359,0.0,0.99,0.01,0.0,0.04039656794795559
39632941717917321,0.0,0.94,0.06,0.0,0.16372245957723813
39632986789904509,0.0,0.94,0.06,0.0,0.16372245957723813
39632991739187814,0.0,0.59,0.41,0.0,0.488250234378912
39632976874571224,0.0,0.03,0.97,0.0,0.0971959289157881
39632986798295432,0.0,0.83,0.17,0.0,0.32885238937210975
39632976857796640,0.0,0.77,0.23,0.0,0.38900565177326885
39632961900904689,0.0,0.0,0.98,0.02,0.07072027127091034
39632976903930484,0.0,0.02,0.98,0.0,0.07072027127091034
39632951821995617,0.0,0.79,0.21,0.0,0.37074136996563684
39632961879934305,0.0,0.94,0.06,0.0,0.16372245957723813
39632966921486704,0.0,0.5,0.5,0.0,0.5
39632966925683292,0.08,0.92,0.0,0.0,0.2010895951011364
39632971916904539,0.0,0.04,0.96,0.0,0.12114609454120741
39632961896710301,0.0,0.01,0.99,0.0,0.04039656794795559
39632971916904545,0.0,0.9,0.1,0.0,0.2344977967946406
39632986777324171,0.0,0.27,0.73,0.0,0.42073231810408784
39632946793023503,0.0,0.93,0.07,0.0,0.18296182545011158
39632976870379691,0.0,0.72,0.28,0.0,0.4277254052800653
39632981857403713,0.0,0.9,0.1,0.0,0.2344977967946406
39632971883348635,0.0,0.5,0.5,0.0,0.5
39632981865793537,0.0,0.55,0.45,0.0,0.49638722699390414
39632976899737491,0.0,0.71,0.29,0.0,0.43436062316970225
39632956867739931,0.0,0.0,1.0,0.0,-0.0
39632971916904638,0.0,0.13,0.87,0.0,0.2787190925139945
39632971891740339,0.0,0.56,0.44,0.0,0.4947937606110278
39632951821995112,0.0,0.26,0.74,0.0,0.4133731862463089
39632981819657162,0.0,0.01,0.99,0.0,0.04039656794795559
39632966887935325,0.0,0.81,0.19,0.0,0.3507357299419487
39632941722110975,0.0,0.98,0.02,0.0,0.07072027127091034
39632966887935421,0.0,0.13,0.87,0.0,0.2787190925139945
39632971908517169,0.03,0.96,0.01,0.0,0.13737165703039006
39632976857794703,0.0,1.0,0.0,0.0,-0.0
39632971908517184,0.0,0.47,0.53,0.0,0.4987007942838698
39632966921487306,0.0,0.02,0.98,0.0,0.07072027127091034
39632951821995535,0.0,0.05,0.94,0.01,0.1832231322266888
39632996633937691,0.0,0.95,0.05,0.0,0.14319847855797813
39632961917682311,0.0,0.49,0.51,0.0,0.49985572087640495
39632996650715337,0.0,0.01,0.99,0.0,0.04039656794795559
39632956876129618,0.0,0.16,0.84,0.0,0.3171547773202831
39632996650714961,0.0,0.68,0.32,0.0,0.45219072886224687
39632966925681519,0.0,0.63,0.37,0.0,0.47533604634353294
39632981849015275,0.0,0.37,0.63,0.0,0.47533604634353294
39632996650715275,0.0,0.75,0.25,0.0,0.4056390622295664
39632966892126664,0.0,0.01,0.99,0.0,0.04039656794795559
39632956867743457,0.0,0.52,0.48,0.0,0.4994227679976009
39632971895932121,0.0,0.92,0.08,0.0,0.2010895951011364
39632971895932087,0.0,0.8,0.2,0.0,0.36096404744368116
39632976866182321,0.0,0.94,0.06,0.0,0.16372245957723813
39632996650715540,0.0,0.19,0.81,0.0,0.3507357299419487
39632976870376007,0.0,0.0,1.0,0.0,-0.0
39632976857796443,0.0,0.96,0.04,0.0,0.12114609454120741
39632956867740751,0.01,0.99,0.0,0.0,0.04039656794795559
39632946788827751,0.0,0.11,0.88,0.01,0.28950944366190023
39632956884519011,0.0,0.07,0.93,0.0,0.18296182545011158
39632956884517304,0.0,0.35,0.65,0.0,0.4670340276877455
39632981840630059,0.0,0.65,0.35,0.0,0.4670340276877455
39632976866183829,0.0,0.01,0.99,0.0,0.04039656794795559
39632951847158031,0.0,0.58,0.42,0.0,0.49072694751682683
39632971895934411,0.0,0.39,0.61,0.0,0.4823997742525436
39632986777323553,0.0,0.44,0.56,0.0,0.4947937606110278
39632986777323472,0.0,0.9,0.1,0.0,0.2344977967946406
39632981840629982,0.0,0.43,0.57,0.0,0.4929075185894599
39632996650714797,0.0,0.23,0.77,0.0,0.38900565177326885
39632981849016286,0.0,0.98,0.02,0.0,0.07072027127091034
39632976866183726,0.0,0.24,0.76,0.0,0.39752013969226113
39632966904710028,0.0,0.03,0.97,0.0,0.0971959289157881
39632971908517803,0.0,0.26,0.74,0.0,0.4133731862463089
39632981861599627,0.0,0.05,0.95,0.0,0.14319847855797813
39632991739185895,0.0,0.98,0.02,0.0,0.07072027127091034
39632956884517424,0.0,0.23,0.77,0.0,0.38900565177326885
39632956884519215,0.0,0.63,0.37,0.0,0.47533604634353294
39632966921486728,0.0,0.28,0.72,0.0,0.4277254052800653
39632976866183776,0.0,0.96,0.04,0.0,0.12114609454120741
39632966925684143,0.0,0.93,0.07,0.0,0.18296182545011158
39632966887933090,0.0,0.11,0.89,0.0,0.249957979082264
39632951834576359,0.0,0.06,0.94,0.0,0.16372245957723813
39632991726602809,0.0,0.0,1.0,0.0,-0.0
39632971895932672,0.0,1.0,0.0,0.0,-0.0
39633001549664297,0.0,0.96,0.04,0.0,0.12114609454120741
39632976870376297,0.0,0.42,0.58,0.0,0.49072694751682683
39632986781518058,0.0,0.13,0.87,0.0,0.2787190925139945
39632976870375905,0.0,0.0,0.95,0.05,0.14319847855797813
39632951842967989,0.0,0.08,0.92,0.0,0.2010895951011364
39632966908907810,0.0,1.0,0.0,0.0,-0.0
39632956884517204,0.0,0.06,0.94,0.0,0.16372245957723813
39632966929877121,0.0,0.34,0.66,0.0,0.46240935248651505
39632976874570916,0.0,0.77,0.23,0.0,0.38900565177326885
39632981849015738,0.0,0.41,0.59,0.0,0.488250234378912
39632986777321868,0.0,0.21,0.79,0.0,0.37074136996563684
39632976874570843,0.0,0.03,0.97,0.0,0.0971959289157881
39632991739184405,0.0,0.03,0.97,0.0,0.0971959289157881
39632981823851143,0.0,0.0,1.0,0.0,-0.0
39632966879547841,0.0,0.3,0.7,0.0,0.44064544961534635
39632981823851236,0.0,0.34,0.66,0.0,0.46240935248651505
39632966887932722,0.0,0.18,0.82,0.0,0.34003852286413994
39632961892520465,0.0,0.48,0.52,0.0,0.4994227679976009
39632961892520482,0.0,0.4,0.6,0.0,0.4854752972273343
39632981849014790,0.0,0.12,0.88,0.0,0.2646804326436822
39632956871938818,0.0,0.13,0.87,0.0,0.2787190925139945
39632961892520578,0.0,0.05,0.94,0.01,0.1832231322266888
39632961892521003,0.0,0.84,0.16,0.0,0.3171547773202831
39632956884517408,0.0,0.47,0.53,0.0,0.4987007942838698
39632976866184174,0.0,0.52,0.48,0.0,0.4994227679976009
39632996642328209,0.0,0.78,0.22,0.0,0.38008375148098283
39632961875742221,0.0,0.88,0.12,0.0,0.2646804326436822
39632956871938729,0.0,0.48,0.52,0.0,0.4994227679976009
39632976874570797,0.0,0.26,0.74,0.0,0.4133731862463089
39632991726601612,0.0,0.0,0.99,0.01,0.04039656794795559
39632991734992599,0.0,0.08,0.92,0.0,0.2010895951011364
39632991730798077,0.0,0.13,0.87,0.0,0.2787190925139945
39632991730798190,0.0,0.88,0.12,0.0,0.2646804326436822
39632976870379637,0.0,0.11,0.89,0.0,0.249957979082264
39632991730798323,0.0,0.77,0.23,0.0,0.38900565177326885
39632991730798462,0.0,0.28,0.72,0.0,0.4277254052800653
39632991734992616,0.0,0.46,0.54,0.0,0.49768921941011285
39632991730798481,0.0,0.02,0.97,0.01,0.11097036642660543
39632981853208652,0.0,0.89,0.11,0.0,0.249957979082264
39632966892129075,0.0,0.29,0.71,0.0,0.43436062316970225
39632961913491720,0.0,0.39,0.61,0.0,0.4823997742525436
39632961913491728,0.0,0.93,0.07,0.0,0.18296182545011158
39632966908907149,0.02,0.98,0.0,0.0,0.07072027127091034
39632956892907380,0.0,0.72,0.28,0.0,0.4277254052800653
39632981823850924,0.0,0.11,0.89,0.0,0.249957979082264
39632976870379305,0.0,0.16,0.84,0.0,0.3171547773202831
39632991730798571,0.0,0.28,0.72,0.0,0.4277254052800653
39632961913489845,0.0,0.39,0.61,0.0,0.4823997742525436
39632986777323715,0.0,0.61,0.39,0.0,0.4823997742525436
39632976874570700,0.0,0.76,0.24,0.0,0.39752013969226113
39632966913099366,0.0,0.56,0.44,0.0,0.4947937606110278
39632946776248547,0.02,0.98,0.0,0.0,0.07072027127091034
39632971887545167,0.0,0.24,0.76,0.0,0.39752013969226113
39632971887545161,0.0,1.0,0.0,0.0,-0.0
39632976874570521,0.0,0.22,0.78,0.0,0.38008375148098283
39632956892905575,0.0,0.37,0.63,0.0,0.47533604634353294
39632981832241030,0.0,0.31,0.69,0.0,0.4465867291889284
39632991730794598,0.0,0.81,0.19,0.0,0.3507357299419487
39632991730794923,0.0,0.0,0.95,0.05,0.14319847855797813
39632986789904569,0.0,0.16,0.84,0.0,0.3171547773202831
39632981823851125,0.0,0.1,0.9,0.0,0.2344977967946406
39632961879934681,0.0,0.26,0.74,0.0,0.4133731862463089
39632961896713866,0.0,0.49,0.51,0.0,0.49985572087640495
39632986789904683,0.0,0.39,0.61,0.0,0.4823997742525436
39632951821993936,0.0,0.21,0.79,0.0,0.37074136996563684
39632986789904779,0.0,0.49,0.51,0.0,0.49985572087640495
39632956871934450,0.0,0.66,0.34,0.0,0.46240935248651505
39632951851353824,0.0,0.87,0.13,0.0,0.2787190925139945
39632981828044823,0.0,0.14,0.86,0.0,0.292119405821428
39632966904712112,0.0,0.04,0.96,0.0,0.12114609454120741
39632966896320771,0.0,0.65,0.35,0.0,0.4670340276877455
39632991714018084,0.0,0.62,0.38,0.0,0.47902101111314976
39632981828045868,0.0,0.06,0.94,0.0,0.16372245957723813
39632976866184226,0.0,0.99,0.01,0.0,0.04039656794795559
39632981828044519,0.0,0.23,0.77,0.0,0.38900565177326885
39632961905101124,0.0,0.97,0.03,0.0,0.0971959289157881
39632976857796538,0.01,0.99,0.0,0.0,0.04039656794795559
39632961905100647,0.0,0.07,0.93,0.0,0.18296182545011158
39632986798293624,0.0,0.81,0.19,0.0,0.3507357299419487
39632956871937173,0.06,0.93,0.01,0.0,0.20367037270049304
39632966917296016,0.0,0.11,0.89,0.0,0.249957979082264
39632966917296122,0.0,0.88,0.12,0.0,0.2646804326436822
39632956871937257,0.0,0.95,0.05,0.0,0.14319847855797813
39632956884519211,0.0,0.6,0.4,0.0,0.4854752972273343
39632961905100262,0.0,0.65,0.35,0.0,0.4670340276877455
39632996646520353,0.0,0.63,0.37,0.0,0.47533604634353294
39632981844820856,0.0,0.75,0.25,0.0,0.4056390622295664
39632961905100285,0.0,0.98,0.02,0.0,0.07072027127091034
39632986798293989,0.0,0.0,0.97,0.03,0.0971959289157881
39632966896321524,0.0,0.26,0.74,0.0,0.4133731862463089
39632961905100067,0.0,0.49,0.51,0.0,0.49985572087640495
39632956880323398,0.0,0.68,0.32,0.0,0.45219072886224687
39632981828045110,0.0,0.01,0.98,0.01,0.08072027127091033
39632976870375904,0.0,0.05,0.95,0.0,0.14319847855797813
39632981861598496,0.0,0.01,0.99,0.0,0.04039656794795559
39632986798294055,0.0,0.98,0.02,0.0,0.07072027127091034
39632976866184885,0.0,0.0,0.69,0.31,0.4465867291889284
39632966896321557,0.0,0.2,0.8,0.0,0.36096404744368116
39632991718214577,0.0,0.95,0.05,0.0,0.14319847855797813
39632966896321773,0.0,0.18,0.82,0.0,0.34003852286413994
39632961879934373,0.0,0.01,0.98,0.01,0.08072027127091033
39632951830384250,0.0,0.51,0.49,0.0,0.49985572087640495
39632981828045020,0.01,0.97,0.02,0.0,0.11097036642660543
39632976866184556,0.0,0.21,0.79,0.0,0.37074136996563684
39632966913100489,0.0,0.98,0.02,0.0,0.07072027127091034
39632976874572166,0.0,0.97,0.03,0.0,0.0971959289157881
39632966896321871,0.01,0.46,0.53,0.0,0.5336099245350016
39632991718214754,0.0,0.13,0.87,0.0,0.2787190925139945
39632966925683730,0.0,0.53,0.47,0.0,0.4987007942838698
39632976866184353,0.0,0.65,0.35,0.0,0.4670340276877455
39632976874572121,0.0,0.88,0.12,0.0,0.2646804326436822
39632946788827696,0.0,0.1,0.9,0.0,0.2344977967946406
39632991722407469,0.0,0.28,0.72,0.0,0.4277254052800653
39632966925683275,0.0,0.93,0.07,0.0,0.18296182545011158
39632986789904848,0.0,0.04,0.96,0.0,0.12114609454120741
39632986789904795,0.0,0.34,0.66,0.0,0.46240935248651505
39632951847158397,0.0,0.9,0.1,0.0,0.2344977967946406
39632971879157120,0.0,0.72,0.28,0.0,0.4277254052800653
39632991718211932,0.0,0.0,1.0,0.0,-0.0
39632976866184666,0.0,0.38,0.62,0.0,0.47902101111314976
39632996646520438,0.0,0.15,0.85,0.0,0.3049201523582002
39632951821993955,0.0,0.6,0.4,0.0,0.4854752972273343
39632981828044856,0.0,0.31,0.69,0.0,0.4465867291889284
39632961879935249,0.0,0.69,0.31,0.0,0.4465867291889284
39632986777323470,0.0,0.62,0.38,0.0,0.47902101111314976
39632966892126757,0.0,0.28,0.72,0.0,0.4277254052800653
39632951842966478,0.0,0.33,0.67,0.0,0.4574631863898637
39632951826186351,0.0,0.63,0.37,0.0,0.47533604634353294
39632971883352061,0.0,0.3,0.7,0.0,0.44064544961534635
39632966913100088,0.0,0.87,0.13,0.0,0.2787190925139945
39632951838771953,0.0,0.15,0.84,0.01,0.3441379826496441
39632951847158745,0.0,0.6,0.4,0.0,0.4854752972273343
39632966896322650,0.01,0.84,0.15,0.0,0.3441379826496441
39632981832240869,0.0,0.04,0.96,0.0,0.12114609454120741
39632981836431450,0.0,0.25,0.75,0.0,0.4056390622295664
39632981828042930,0.0,0.0,0.74,0.26,0.4133731862463089
39632941717914039,0.0,0.7,0.3,0.0,0.44064544961534635
39632971891741248,0.0,0.97,0.03,0.0,0.0971959289157881
39632951847158564,0.01,0.97,0.02,0.0,0.11097036642660543
39632966896322098,0.0,0.35,0.65,0.0,0.4670340276877455
39632941717914851,0.0,0.6,0.4,0.0,0.4854752972273343
39632946780439433,0.0,0.09,0.91,0.0,0.21823490853205144
39632991739186868,0.0,0.52,0.48,0.0,0.4994227679976009
39632976874571266,0.0,0.01,0.99,0.0,0.04039656794795559
39632976874572635,0.0,0.4,0.6,0.0,0.4854752972273343
39632966913099876,0.0,0.06,0.94,0.0,0.16372245957723813
39632991739186751,0.0,0.23,0.77,0.0,0.38900565177326885
39632946780439776,0.0,0.53,0.47,0.0,0.4987007942838698
39632946784634020,0.0,0.28,0.72,0.0,0.4277254052800653
39632946788828642,0.0,0.73,0.27,0.0,0.42073231810408784
39632951830380912,0.0,0.89,0.11,0.0,0.249957979082264
39632976861989290,0.0,0.9,0.1,0.0,0.2344977967946406
39632991709823657,0.0,0.97,0.03,0.0,0.0971959289157881
39632966925684978,0.0,0.32,0.68,0.0,0.45219072886224687
39632966892130547,0.0,0.51,0.49,0.0,0.49985572087640495
39632981844821846,0.0,0.01,0.99,0.0,0.04039656794795559
39632966925685087,0.0,0.04,0.95,0.01,0.16124668093016215
39632941717914273,0.0,0.3,0.7,0.0,0.44064544961534635
39632981823852831,0.0,0.0,0.9,0.1,0.2344977967946406
39632981823852834,0.0,0.02,0.97,0.01,0.11097036642660543
39632996642326729,0.0,0.09,0.91,0.0,0.21823490853205144
39632941717915228,0.0,0.49,0.51,0.0,0.49985572087640495
39632946784634028,0.0,0.06,0.94,0.0,0.16372245957723813
39632966879547849,0.0,0.03,0.97,0.0,0.0971959289157881
39632981853208869,0.0,0.64,0.36,0.0,0.4713415946277461
39632941717916517,0.0,0.78,0.22,0.0,0.38008375148098283
39632956871934223,0.0,0.86,0.14,0.0,0.292119405821428
39632991705633019,0.0,0.0,0.67,0.33,0.4574631863898637
39632981840628663,0.0,0.09,0.91,0.0,0.21823490853205144
39632966896321963,0.0,0.48,0.52,0.0,0.4994227679976009
39632956880323500,0.0,0.0,0.95,0.05,0.14319847855797813
39632946784634096,0.0,0.48,0.52,0.0,0.4994227679976009
39632941717916297,0.0,0.76,0.24,0.0,0.39752013969226113
39632941717915396,0.0,0.95,0.05,0.0,0.14319847855797813
39632976874571805,0.0,0.6,0.4,0.0,0.4854752972273343
39632996650717983,0.0,0.46,0.54,0.0,0.49768921941011285
39632956859354079,0.0,0.97,0.03,0.0,0.0971959289157881
39632956859354099,0.0,0.2,0.8,0.0,0.36096404744368116
39633001549664292,0.0,0.68,0.32,0.0,0.45219072886224687
39632971916903885,0.0,0.85,0.15,0.0,0.3049201523582002
39632966887935960,0.0,0.72,0.28,0.0,0.4277254052800653
39633001549664391,0.0,0.47,0.53,0.0,0.4987007942838698
39632956867741407,0.0,0.99,0.01,0.0,0.04039656794795559
39632981836432145,0.0,0.15,0.85,0.0,0.3049201523582002
39632956871937898,0.0,0.0,0.98,0.02,0.07072027127091034
39632966917294142,0.0,0.49,0.51,0.0,0.49985572087640495
39632976861987700,0.0,0.21,0.79,0.0,0.37074136996563684
39632956871937890,0.0,0.32,0.68,0.0,0.45219072886224687
39632991718212052,0.0,0.39,0.61,0.0,0.4823997742525436
39632991718212024,0.0,0.56,0.44,0.0,0.4947937606110278
39632951821996147,0.0,0.13,0.87,0.0,0.2787190925139945
39632986789906961,0.0,0.85,0.15,0.0,0.3049201523582002
39632981849015613,0.0,0.36,0.64,0.0,0.4713415946277461
39632956863546857,0.0,0.04,0.96,0.0,0.12114609454120741
39632961913488535,0.0,0.53,0.47,0.0,0.4987007942838698
39632961913488609,0.0,0.58,0.42,0.0,0.49072694751682683
39632961913488589,0.0,0.98,0.02,0.0,0.07072027127091034
39632991705631501,0.0,0.67,0.33,0.0,0.4574631863898637
39632961913488708,0.0,0.05,0.94,0.01,0.1832231322266888
39632986781519028,0.0,0.21,0.79,0.0,0.37074136996563684
39632981849018363,0.0,0.1,0.89,0.01,0.27413031336294724
39632986798294099,0.0,0.74,0.26,0.0,0.4133731862463089
39632941717915756,0.0,0.63,0.37,0.0,0.47533604634353294
39632981844821935,0.0,0.68,0.32,0.0,0.45219072886224687
39632986798294110,0.0,0.11,0.89,0.0,0.249957979082264
39632951851355676,0.0,0.01,0.98,0.01,0.08072027127091033
39632981832237182,0.0,0.65,0.35,0.0,0.4670340276877455
39632971887545643,0.0,0.0,0.94,0.06,0.16372245957723813
39632971895933543,0.0,0.63,0.37,0.0,0.47533604634353294
39632976899736497,0.0,0.14,0.86,0.0,0.292119405821428
39632971887545724,0.0,0.74,0.26,0.0,0.4133731862463089
39632971921100924,0.0,0.99,0.01,0.0,0.04039656794795559
39632996650713149,0.0,0.41,0.59,0.0,0.488250234378912
39632966913099689,0.0,0.52,0.48,0.0,0.4994227679976009
39632961900908748,0.0,0.7,0.3,0.0,0.44064544961534635
39632961892518375,0.0,0.6,0.4,0.0,0.4854752972273343
39632976866183869,0.0,0.25,0.75,0.0,0.4056390622295664
39632981861597605,0.0,0.15,0.85,0.0,0.3049201523582002
39632986781518581,0.0,0.43,0.57,0.0,0.4929075185894599
39632976866183769,0.0,0.02,0.95,0.03,0.1674722434193448
39632961900908786,0.0,0.84,0.16,0.0,0.3171547773202831
39632981840629522,0.0,0.32,0.68,0.0,0.45219072886224687
39632976874571431,0.0,0.61,0.39,0.0,0.4823997742525436
39632996638134139,0.0,0.15,0.85,0.0,0.3049201523582002
39632976874571335,0.0,0.13,0.87,0.0,0.2787190925139945
39632951851353073,0.0,0.05,0.95,0.0,0.14319847855797813
39632971895934135,0.0,0.93,0.07,0.0,0.18296182545011158
39632956863549836,0.0,0.0,0.66,0.34,0.46240935248651505
39632996638134104,0.0,0.74,0.26,0.0,0.4133731862463089
39632991722408169,0.0,0.12,0.88,0.0,0.2646804326436822
39632986798294008,0.0,0.18,0.82,0.0,0.34003852286413994
39632976874570810,0.0,0.24,0.76,0.0,0.39752013969226113
39632991722408307,0.0,0.95,0.05,0.0,0.14319847855797813
39632951842965392,0.0,0.42,0.58,0.0,0.49072694751682683
39632991739184619,0.0,0.32,0.68,0.0,0.45219072886224687
39632966913101642,0.0,0.05,0.94,0.01,0.1832231322266888
39632961892520735,0.0,0.64,0.36,0.0,0.4713415946277461
39632961896713439,0.0,0.95,0.05,0.0,0.14319847855797813
39632991730798443,0.0,0.01,0.99,0.0,0.04039656794795559
39632956892906117,0.0,0.62,0.38,0.0,0.47902101111314976
39632951830381714,0.0,0.23,0.77,0.0,0.38900565177326885
39632971887543057,0.0,0.47,0.53,0.0,0.4987007942838698
39632966896321707,0.0,0.69,0.31,0.0,0.4465867291889284
39632946776248663,0.0,0.03,0.97,0.0,0.0971959289157881
39632961879934182,0.0,0.95,0.05,0.0,0.14319847855797813
39632991709823976,0.0,0.18,0.82,0.0,0.34003852286413994
39632961888322530,0.01,0.99,0.0,0.0,0.04039656794795559
39632986777321747,0.0,0.03,0.97,0.0,0.0971959289157881
39632986802490155,0.0,0.0,0.92,0.08,0.2010895951011364
39632986802490330,0.0,0.22,0.78,0.0,0.38008375148098283
39632951842964510,0.0,0.85,0.15,0.0,0.3049201523582002
39632971895934529,0.0,0.56,0.44,0.0,0.4947937606110278
39632976866183499,0.0,0.08,0.92,0.0,0.2010895951011364
39632976861989144,0.0,0.62,0.38,0.0,0.47902101111314976
39632956855157932,0.0,0.38,0.62,0.0,0.47902101111314976
39632961905099803,0.0,0.91,0.09,0.0,0.21823490853205144
39632961905099855,0.0,0.83,0.17,0.0,0.32885238937210975
39632961892518302,0.0,0.86,0.14,0.0,0.292119405821428
39632976874570233,0.0,0.04,0.96,0.0,0.12114609454120741
39632961892518308,0.0,0.93,0.07,0.0,0.18296182545011158
39632961896713467,0.0,0.58,0.42,0.0,0.49072694751682683
39632976891349128,0.0,0.6,0.4,0.0,0.4854752972273343
39632966913100126,0.0,0.34,0.66,0.0,0.46240935248651505
39632941717917216,0.0,0.1,0.89,0.01,0.27413031336294724
39632966900519590,0.0,0.59,0.41,0.0,0.488250234378912
39632996642329405,0.0,0.37,0.63,0.0,0.47533604634353294
39632966913100064,0.0,0.34,0.66,0.0,0.46240935248651505
39632961917681944,0.0,0.9,0.1,0.0,0.2344977967946406
39632961875740166,0.0,0.94,0.06,0.0,0.16372245957723813
39632986785712962,0.0,0.18,0.82,0.0,0.34003852286413994
39632976874572999,0.0,0.97,0.03,0.0,0.0971959289157881
39632961913492483,0.0,0.43,0.57,0.0,0.4929075185894599
39632976874570658,0.0,0.17,0.83,0.0,0.32885238937210975
39632951821992367,0.0,0.58,0.42,0.0,0.49072694751682683
39632976874572957,0.0,0.14,0.86,0.0,0.292119405821428
39632961875740118,0.0,0.94,0.06,0.0,0.16372245957723813
39632976874572745,0.01,0.85,0.14,0.0,0.33142210248480686
39632986785712959,0.0,0.21,0.79,0.0,0.37074136996563684
39632971895933451,0.0,0.45,0.55,0.0,0.49638722699390414
39632976874572617,0.0,0.67,0.33,0.0,0.4574631863898637
39632971891736891,0.0,0.05,0.95,0.0,0.14319847855797813
39632961875740239,0.0,0.34,0.66,0.0,0.46240935248651505
39632986810876670,0.0,0.86,0.14,0.0,0.292119405821428
39632986810876703,0.02,0.97,0.01,0.0,0.11097036642660543
39632996633936411,0.0,0.94,0.06,0.0,0.16372245957723813
39632996650713366,0.0,0.7,0.3,0.0,0.44064544961534635
39632996650713438,0.0,0.45,0.55,0.0,0.49638722699390414
39632981832237458,0.0,0.37,0.63,0.0,0.47533604634353294
39632976857793974,0.0,0.23,0.77,0.0,0.38900565177326885
39632981844821655,0.0,0.75,0.25,0.0,0.4056390622295664
39632961917682236,0.0,0.54,0.46,0.0,0.49768921941011285
39632981844821806,0.0,0.51,0.49,0.0,0.49985572087640495
39632976903930928,0.0,0.84,0.16,0.0,0.3171547773202831
39632976899737648,0.0,0.3,0.7,0.0,0.44064544961534635
39632981828043612,0.01,0.75,0.24,0.0,0.4359255858648683
39632966896321085,0.0,0.83,0.17,0.0,0.32885238937210975
39633001549664564,0.0,0.38,0.62,0.0,0.47902101111314976
39632946772053831,0.0,0.34,0.66,0.0,0.46240935248651505
39632966896321298,0.0,0.67,0.33,0.0,0.4574631863898637
39632976870378502,0.0,0.4,0.6,0.0,0.4854752972273343
39632986794102454,0.0,0.68,0.32,0.0,0.45219072886224687
39632986794102379,0.0,1.0,0.0,0.0,-0.0
39632966896321540,0.0,0.36,0.64,0.0,0.4713415946277461
39632986777322931,0.0,0.04,0.96,0.0,0.12114609454120741
39632976866182983,0.0,0.72,0.28,0.0,0.4277254052800653
39632961905099315,0.0,0.53,0.47,0.0,0.4987007942838698
39633001549664161,0.0,0.18,0.82,0.0,0.34003852286413994
39632996646522096,0.0,0.98,0.02,0.0,0.07072027127091034
39632981832239920,0.0,0.85,0.15,0.0,0.3049201523582002
39632996629744737,0.0,0.71,0.29,0.0,0.43436062316970225
39632946780441583,0.0,0.06,0.94,0.0,0.16372245957723813
39632981819656752,0.0,0.38,0.62,0.0,0.47902101111314976
39632981819656722,0.0,0.83,0.17,0.0,0.32885238937210975
39632966896320768,0.0,0.01,0.99,0.0,0.04039656794795559
39632966917296357,0.0,0.0,0.91,0.09,0.21823490853205144
39632981828044734,0.0,0.26,0.74,0.0,0.4133731862463089
39632951830383344,0.0,0.12,0.88,0.0,0.2646804326436822
39632981828044840,0.0,0.06,0.94,0.0,0.16372245957723813
39632981828044841,0.0,0.09,0.91,0.0,0.21823490853205144
39632951830383393,0.0,0.28,0.72,0.0,0.4277254052800653
39632961896713583,0.0,0.32,0.68,0.0,0.45219072886224687
39632981828045642,0.0,0.61,0.39,0.0,0.4823997742525436
39632961905100164,0.0,0.72,0.28,0.0,0.4277254052800653
39632956871937472,0.0,0.05,0.95,0.0,0.14319847855797813
39632966896321512,0.0,0.68,0.32,0.0,0.45219072886224687
39632966896321415,0.0,0.07,0.93,0.0,0.18296182545011158
39632966896321319,0.0,0.3,0.7,0.0,0.44064544961534635
39632991714017387,0.02,0.98,0.0,0.0,0.07072027127091034
39632961905099491,0.0,0.78,0.22,0.0,0.38008375148098283
39632981819657023,0.0,0.0,0.98,0.02,0.07072027127091034
39632971887543259,0.0,0.0,0.96,0.04,0.12114609454120741
39632991730796795,0.0,0.08,0.92,0.0,0.2010895951011364
39632976895546324,0.0,0.19,0.81,0.0,0.3507357299419487
39632976895546306,0.0,0.79,0.21,0.0,0.37074136996563684
39632986777322106,0.0,0.01,0.98,0.01,0.08072027127091033
39632961892520236,0.0,0.04,0.96,0.0,0.12114609454120741
39632971916904956,0.0,0.98,0.02,0.0,0.07072027127091034
39632961917681906,0.0,0.43,0.57,0.0,0.4929075185894599
39632966917296471,0.0,0.96,0.04,0.0,0.12114609454120741
39632976870377819,0.0,0.45,0.55,0.0,0.49638722699390414
39632996642327398,0.0,0.44,0.56,0.0,0.4947937606110278
39632981857407867,0.0,0.56,0.44,0.0,0.4947937606110278
39632981861598484,0.0,0.0,1.0,0.0,-0.0
39632971916905132,0.0,0.79,0.21,0.0,0.37074136996563684
39632976870377695,0.0,0.4,0.6,0.0,0.4854752972273343
39632976870377422,0.0,0.55,0.45,0.0,0.49638722699390414
39632941717914716,0.0,0.62,0.38,0.0,0.47902101111314976
39632946784634307,0.0,0.17,0.83,0.0,0.32885238937210975
39632961892520036,0.0,0.97,0.03,0.0,0.0971959289157881
39632941717914767,0.0,0.86,0.14,0.0,0.292119405821428
39632981849014556,0.0,0.47,0.53,0.0,0.4987007942838698
39632966892130691,0.0,0.11,0.89,0.0,0.249957979082264
39632981828046224,0.0,0.12,0.88,0.0,0.2646804326436822
39632966896320858,0.0,0.61,0.39,0.0,0.4823997742525436
39632986781517973,0.0,0.02,0.96,0.02,0.14114609454120738
39632986781517868,0.0,0.78,0.22,0.0,0.38008375148098283
39633001549664607,0.0,0.42,0.58,0.0,0.49072694751682683
39632981828044764,0.0,0.06,0.94,0.0,0.16372245957723813
39633001549664484,0.0,0.71,0.29,0.0,0.43436062316970225
39633001549664580,0.0,0.54,0.46,0.0,0.49768921941011285
39633001549664660,0.0,0.0,0.99,0.01,0.04039656794795559
39632966896321283,0.0,0.02,0.97,0.01,0.11097036642660543
39632956871937863,0.0,0.8,0.2,0.0,0.36096404744368116
39632966917294322,0.0,0.79,0.21,0.0,0.37074136996563684
39632956871935437,0.0,0.01,0.99,0.0,0.04039656794795559
39632966917294292,0.0,0.91,0.09,0.0,0.21823490853205144
39632956871935454,0.0,0.41,0.59,0.0,0.488250234378912
39632956871937765,0.0,0.9,0.1,0.0,0.2344977967946406
39632976874570774,0.0,0.56,0.44,0.0,0.4947937606110278
39632941717914049,0.0,0.46,0.54,0.0,0.49768921941011285
39632976857796059,0.0,0.02,0.98,0.0,0.07072027127091034
39632971916903850,0.0,0.45,0.55,0.0,0.49638722699390414
39632976895541372,0.0,0.19,0.81,0.0,0.3507357299419487
39632961917682880,0.0,0.96,0.04,0.0,0.12114609454120741
39632971887542727,0.0,0.0,0.98,0.02,0.07072027127091034
39632971887542916,0.0,0.01,0.98,0.01,0.08072027127091033
39632961900908843,0.0,0.37,0.63,0.0,0.47533604634353294
39632971887542673,0.0,0.18,0.82,0.0,0.34003852286413994
39632986777322672,0.0,0.95,0.05,0.0,0.14319847855797813
39632971887542883,0.0,0.04,0.95,0.01,0.16124668093016215
39632996629744611,0.0,0.1,0.9,0.0,0.2344977967946406
39632996650715592,0.0,0.56,0.44,0.0,0.4947937606110278
39632961892518948,0.0,0.1,0.9,0.0,0.2344977967946406
39632956859353770,0.0,0.73,0.27,0.0,0.42073231810408784
39632961900909299,0.0,0.08,0.92,0.0,0.2010895951011364
39632956888715909,0.0,0.03,0.97,0.0,0.0971959289157881
39632976891352013,0.0,0.02,0.98,0.0,0.07072027127091034
39632966896321901,0.0,0.6,0.4,0.0,0.4854752972273343
39632976891351835,0.0,0.3,0.7,0.0,0.44064544961534635
39632961888323721,0.0,0.58,0.42,0.0,0.49072694751682683
39632946772051684,0.0,0.92,0.08,0.0,0.2010895951011364
39632956892905712,0.0,0.74,0.26,0.0,0.4133731862463089
39632986785713064,0.0,0.45,0.55,0.0,0.49638722699390414
39632946772053834,0.0,0.03,0.97,0.0,0.0971959289157881
39632996650713596,0.0,0.88,0.12,0.0,0.2646804326436822
39632941717915186,0.0,0.01,0.95,0.04,0.16124668093016215
39632941717914840,0.0,0.44,0.56,0.0,0.4947937606110278
39632971908514335,0.0,0.21,0.79,0.0,0.37074136996563684
39632976891347338,0.0,0.99,0.01,0.0,0.04039656794795559
39632951842967753,0.01,0.8,0.19,0.0,0.3896037431552768
39632966887936103,0.0,0.33,0.67,0.0,0.4574631863898637
39632956867742641,0.0,0.03,0.94,0.03,0.19372245957723813
39632996654907614,0.0,0.15,0.85,0.0,0.3049201523582002
39632956884518705,0.0,0.99,0.01,0.0,0.04039656794795559
39632951847158274,0.0,0.88,0.12,0.0,0.2646804326436822
39632976887157369,0.0,0.31,0.69,0.0,0.4465867291889284
39632996650717895,0.0,0.72,0.28,0.0,0.4277254052800653
39632971891740000,0.0,0.15,0.85,0.0,0.3049201523582002
39632966887932700,0.0,0.67,0.33,0.0,0.4574631863898637
39632981823852446,0.0,0.01,0.99,0.0,0.04039656794795559
39632966925683190,0.0,0.72,0.28,0.0,0.4277254052800653
39632961900909897,0.0,0.33,0.67,0.0,0.4574631863898637
39632966925683040,0.0,0.2,0.8,0.0,0.36096404744368116
39632971891740431,0.0,0.92,0.08,0.0,0.2010895951011364
39632966883740356,0.0,0.38,0.62,0.0,0.47902101111314976
39632971891740395,0.0,0.86,0.14,0.0,0.292119405821428
39632961900910032,0.0,0.87,0.13,0.0,0.2787190925139945
39632971916905660,0.0,0.04,0.96,0.0,0.12114609454120741
39632961900910123,0.0,1.0,0.0,0.0,-0.0
39632961900910040,0.0,1.0,0.0,0.0,-0.0
39632956880323250,0.0,0.93,0.07,0.0,0.18296182545011158
39632966887934984,0.0,0.93,0.07,0.0,0.18296182545011158
39632966887932536,0.0,0.74,0.26,0.0,0.4133731862463089
39632996642324836,0.0,0.36,0.64,0.0,0.4713415946277461
39632971891739906,0.0,0.15,0.85,0.0,0.3049201523582002
39632966883740513,0.0,0.55,0.45,0.0,0.49638722699390414
39632986781517482,0.0,0.45,0.55,0.0,0.49638722699390414
39632966921487191,0.0,0.66,0.34,0.0,0.46240935248651505
39632961879934512,0.0,0.04,0.96,0.0,0.12114609454120741
39632961900909854,0.0,0.76,0.24,0.0,0.39752013969226113
39632966913100548,0.0,0.77,0.23,0.0,0.38900565177326885
39632966913100341,0.0,0.77,0.23,0.0,0.38900565177326885
39632966913100224,0.0,0.84,0.16,0.0,0.3171547773202831
39632966921487218,0.0,0.17,0.83,0.0,0.32885238937210975
39632961875740160,0.0,0.0,0.93,0.07,0.18296182545011158
39632991709823480,0.0,0.49,0.51,0.0,0.49985572087640495
39632971883352284,0.0,0.62,0.38,0.0,0.47902101111314976
39632971883352242,0.0,0.28,0.72,0.0,0.4277254052800653
39632966925685179,0.0,0.61,0.39,0.0,0.4823997742525436
39632976866182291,0.0,0.69,0.31,0.0,0.4465867291889284
39632971887545128,0.0,0.42,0.58,0.0,0.49072694751682683
39632956876130235,0.0,0.22,0.78,0.0,0.38008375148098283
39632996654907463,0.0,0.27,0.73,0.0,0.42073231810408784
39632966913100795,0.0,0.67,0.33,0.0,0.4574631863898637
39632971895931340,0.0,0.21,0.79,0.0,0.37074136996563684
39632971895931335,0.0,0.11,0.89,0.0,0.249957979082264
39632956859351981,0.0,0.12,0.88,0.0,0.2646804326436822
39632981832237586,0.0,0.19,0.81,0.0,0.3507357299419487
39632961879934897,0.0,0.0,1.0,0.0,-0.0
39632961909295295,0.0,0.02,0.98,0.0,0.07072027127091034
39632971887545665,0.0,0.0,1.0,0.0,-0.0
39632956892908333,0.0,0.91,0.09,0.0,0.21823490853205144
39632976878764194,0.0,0.37,0.63,0.0,0.47533604634353294
39632956859352152,0.0,0.1,0.9,0.0,0.2344977967946406
39632946793023764,0.0,0.76,0.24,0.0,0.39752013969226113
39632991709824259,0.0,0.35,0.65,0.0,0.4670340276877455
39632991722408406,0.0,0.47,0.53,0.0,0.4987007942838698
39632976866185477,0.0,0.76,0.24,0.0,0.39752013969226113
39632986785710935,0.0,0.07,0.93,0.0,0.18296182545011158
39632976866185379,0.0,0.55,0.45,0.0,0.49638722699390414
39632976870376553,0.0,0.92,0.08,0.0,0.2010895951011364
39632991718214486,0.0,0.77,0.23,0.0,0.38900565177326885
39632946793023668,0.0,0.08,0.92,0.0,0.2010895951011364
39632961909295794,0.0,0.73,0.27,0.0,0.42073231810408784
39632996633936738,0.0,0.97,0.03,0.0,0.0971959289157881
39632976866185064,0.0,0.62,0.38,0.0,0.47902101111314976
39632966913098805,0.0,0.07,0.93,0.0,0.18296182545011158
39632966913098766,0.0,0.78,0.22,0.0,0.38008375148098283
39632996629743304,0.0,0.98,0.02,0.0,0.07072027127091034
39633001549663810,0.0,1.0,0.0,0.0,-0.0
39632996629742733,0.0,0.97,0.03,0.0,0.0971959289157881
39632971879157183,0.0,0.51,0.49,0.0,0.49985572087640495
39632961888323288,0.0,0.39,0.61,0.0,0.4823997742525436
39632986768935087,0.0,0.11,0.89,0.0,0.249957979082264
39632996629742685,0.0,0.11,0.89,0.0,0.249957979082264
39632961875739353,0.0,0.07,0.93,0.0,0.18296182545011158
39632971883352692,0.0,0.01,0.99,0.0,0.04039656794795559
39632956888714960,0.0,0.7,0.3,0.0,0.44064544961534635
39632961875739276,0.0,0.11,0.89,0.0,0.249957979082264
39632961875739237,0.0,0.95,0.05,0.0,0.14319847855797813
39632971879157889,0.0,0.02,0.98,0.0,0.07072027127091034
39632956871935489,0.0,0.89,0.11,0.0,0.249957979082264
39632976857796349,0.0,0.58,0.42,0.0,0.49072694751682683
39632996638132862,0.0,0.25,0.75,0.0,0.4056390622295664
39632996650713614,0.0,0.32,0.68,0.0,0.45219072886224687
39632996650713529,0.0,0.1,0.9,0.0,0.2344977967946406
39632966904709333,0.0,0.03,0.97,0.0,0.0971959289157881
39632946772052671,0.0,0.77,0.23,0.0,0.38900565177326885
39632946772050508,0.0,0.4,0.6,0.0,0.4854752972273343
39632986785711957,0.0,0.5,0.5,0.0,0.5
39632981828044737,0.0,0.05,0.95,0.0,0.14319847855797813
39632996633938640,0.0,0.82,0.18,0.0,0.34003852286413994
39632946788828104,0.0,0.85,0.15,0.0,0.3049201523582002
39632961896714877,0.0,0.55,0.45,0.0,0.49638722699390414
39632996633938746,0.0,0.59,0.41,0.0,0.488250234378912
39632946788827900,0.0,0.08,0.92,0.0,0.2010895951011364
39632961896715214,0.0,0.0,1.0,0.0,-0.0
39632976870378668,0.0,0.41,0.59,0.0,0.488250234378912
39632981828044506,0.0,0.36,0.64,0.0,0.4713415946277461
39632951817801575,0.0,0.26,0.74,0.0,0.4133731862463089
39632951830383332,0.0,0.03,0.97,0.0,0.0971959289157881
39632981840629808,0.0,0.69,0.31,0.0,0.4465867291889284
39632986794099092,0.0,0.79,0.21,0.0,0.37074136996563684
39632951847157959,0.0,0.32,0.68,0.0,0.45219072886224687
39632966913100986,0.01,0.98,0.01,0.0,0.08072027127091033
39632961905100070,0.0,0.49,0.51,0.0,0.49985572087640495
39632976870378782,0.0,0.06,0.94,0.0,0.16372245957723813
39632961896712489,0.0,0.69,0.31,0.0,0.4465867291889284
39632961875738723,0.0,0.94,0.06,0.0,0.16372245957723813
39632981819658013,0.0,0.0,0.64,0.36,0.4713415946277461
39632961913492041,0.0,0.82,0.18,0.0,0.34003852286413994
39632956855160009,0.0,0.12,0.88,0.0,0.2646804326436822
39632981823850970,0.0,0.44,0.56,0.0,0.4947937606110278
39632946788828513,0.0,0.0,0.95,0.05,0.14319847855797813
39632961913492088,0.0,0.69,0.31,0.0,0.4465867291889284
39632996638133676,0.0,0.02,0.98,0.0,0.07072027127091034
39632981861597865,0.0,0.95,0.05,0.0,0.14319847855797813
39632951821994252,0.0,0.0,0.91,0.09,0.21823490853205144
39632951821994491,0.0,0.35,0.65,0.0,0.4670340276877455
39632971921098253,0.0,0.39,0.61,0.0,0.4823997742525436
39632981828045016,0.0,0.0,1.0,0.0,-0.0
39632971921097984,0.0,0.17,0.83,0.0,0.32885238937210975
39632981828044881,0.0,0.42,0.58,0.0,0.49072694751682683
39632971887543359,0.0,0.66,0.34,0.0,0.46240935248651505
39632956880323570,0.0,0.43,0.57,0.0,0.4929075185894599
39632956863546011,0.0,0.53,0.47,0.0,0.4987007942838698
39632976866183932,0.0,0.24,0.76,0.0,0.39752013969226113
39632981832239520,0.0,0.96,0.04,0.0,0.12114609454120741
39632956892906588,0.0,0.99,0.01,0.0,0.04039656794795559
39632951838771651,0.0,0.08,0.92,0.0,0.2010895951011364
39632966925681648,0.0,0.24,0.76,0.0,0.39752013969226113
39632951847158813,0.0,0.28,0.72,0.0,0.4277254052800653
39632976866183963,0.0,0.34,0.66,0.0,0.46240935248651505
39632981832239500,0.0,0.08,0.92,0.0,0.2010895951011364
39632966904709308,0.0,0.28,0.72,0.0,0.4277254052800653
39632986789907247,0.0,0.9,0.1,0.0,0.2344977967946406
39632981840628735,0.0,0.22,0.78,0.0,0.38008375148098283
39632971895934509,0.0,0.91,0.09,0.0,0.21823490853205144
39632966925682628,0.0,0.77,0.23,0.0,0.38900565177326885
39632951821994120,0.0,1.0,0.0,0.0,-0.0
39632961905100238,0.0,0.45,0.55,0.0,0.49638722699390414
39632976899738050,0.0,0.45,0.55,0.0,0.49638722699390414
39632986806683251,0.0,0.75,0.25,0.0,0.4056390622295664
39632956859354112,0.0,0.93,0.07,0.0,0.18296182545011158
39632956871937336,0.0,0.18,0.82,0.0,0.34003852286413994
39632981819657989,0.0,0.05,0.95,0.0,0.14319847855797813
39632951842967954,0.0,0.32,0.68,0.0,0.45219072886224687
39632971891740864,0.0,0.17,0.83,0.0,0.32885238937210975
39632986785714298,0.0,0.34,0.66,0.0,0.46240935248651505
39632956871937312,0.0,0.97,0.03,0.0,0.0971959289157881
39632986785714468,0.0,0.31,0.69,0.0,0.4465867291889284
39632986785714476,0.0,0.35,0.65,0.0,0.4670340276877455
39632961900904611,0.0,0.19,0.81,0.0,0.3507357299419487
39632986785714401,0.0,0.33,0.67,0.0,0.4574631863898637
39632946788830945,0.0,0.09,0.91,0.0,0.21823490853205144
39632946772051081,0.0,0.01,0.92,0.07,0.22283217282912027
39632946767856244,0.0,0.51,0.49,0.0,0.49985572087640495
39632981853212083,0.0,0.55,0.45,0.0,0.49638722699390414
39632991739185591,0.0,0.0,0.97,0.03,0.0971959289157881
39632946784634137,0.0,1.0,0.0,0.0,-0.0
39632961892519017,0.0,0.12,0.87,0.01,0.30414992414989617
39632981861597666,0.0,0.09,0.91,0.0,0.21823490853205144
39632956859353712,0.0,0.05,0.95,0.0,0.14319847855797813
39632986785713314,0.0,0.17,0.83,0.0,0.32885238937210975
39632971908515909,0.0,0.56,0.44,0.0,0.4947937606110278
39632961917682568,0.0,0.73,0.27,0.0,0.42073231810408784
39632951847158098,0.0,0.43,0.57,0.0,0.4929075185894599
39632981819657967,0.0,0.01,0.99,0.0,0.04039656794795559
39632971895931059,0.0,0.06,0.93,0.01,0.20367037270049304
39632971887542690,0.0,0.8,0.2,0.0,0.36096404744368116
39632976861989106,0.0,0.21,0.79,0.0,0.37074136996563684
39632966913101509,0.0,0.0,1.0,0.0,-0.0
39632951821993891,0.0,0.53,0.47,0.0,0.4987007942838698
39632961905102841,0.0,0.93,0.07,0.0,0.18296182545011158
39632986777324000,0.0,0.11,0.89,0.0,0.249957979082264
39632946797217880,0.0,0.72,0.28,0.0,0.4277254052800653
39632966913100386,0.0,0.72,0.28,0.0,0.4277254052800653
39632946788831358,0.0,0.76,0.24,0.0,0.39752013969226113
39632946797217949,0.0,0.09,0.91,0.0,0.21823490853205144
39632976874573520,0.0,0.81,0.19,0.0,0.3507357299419487
39632971904321932,0.0,0.67,0.33,0.0,0.4574631863898637
39632976870375753,0.0,0.25,0.75,0.0,0.4056390622295664
39632971891738034,0.0,0.58,0.42,0.0,0.49072694751682683
39632946772053378,0.0,0.28,0.72,0.0,0.4277254052800653
39633001549664666,0.0,0.14,0.86,0.0,0.292119405821428
39632946772053296,0.0,0.02,0.97,0.01,0.11097036642660543
39632971895934073,0.0,0.96,0.04,0.0,0.12114609454120741
39632991734992499,0.0,0.4,0.6,0.0,0.4854752972273343
39632976870379652,0.0,0.03,0.97,0.0,0.0971959289157881
39632996638132077,0.0,0.06,0.94,0.0,0.16372245957723813
39632951821994242,0.0,0.0,0.99,0.01,0.04039656794795559
39632971879154900,0.0,0.16,0.84,0.0,0.3171547773202831
39632971879154684,0.0,0.83,0.17,0.0,0.32885238937210975
39632951826190253,0.0,0.97,0.03,0.0,0.0971959289157881
39632966908905102,0.0,0.65,0.35,0.0,0.4670340276877455
39632961905099758,0.01,0.78,0.21,0.0,0.4094279001393156
39632971891737594,0.0,0.54,0.46,0.0,0.49768921941011285
39632981840628213,0.0,0.09,0.91,0.0,0.21823490853205144
39632961896710428,0.0,0.22,0.78,0.0,0.38008375148098283
39632986781517910,0.0,0.0,1.0,0.0,-0.0
39632946793022736,0.0,0.79,0.21,0.0,0.37074136996563684
39632956871937613,0.0,0.66,0.34,0.0,0.46240935248651505
39632956863545652,0.0,0.99,0.01,0.0,0.04039656794795559
39632981819657265,0.0,0.91,0.09,0.0,0.21823490853205144
39632956871937783,0.0,0.02,0.97,0.01,0.11097036642660543
39632971891738291,0.0,0.11,0.89,0.0,0.249957979082264
39632991739185597,0.0,0.25,0.75,0.0,0.4056390622295664
39632971895931214,0.0,0.9,0.1,0.0,0.2344977967946406
39632946793023116,0.0,0.59,0.41,0.0,0.488250234378912
39632971904322032,0.0,0.01,0.73,0.26,0.4515849675378141
39632981857405449,0.0,0.01,0.99,0.0,0.04039656794795559
39632956867742934,0.0,0.73,0.27,0.0,0.42073231810408784
39632971908517770,0.0,0.19,0.81,0.0,0.3507357299419487
39632976870378807,0.0,0.01,0.97,0.02,0.11097036642660543
39632961900905036,0.0,0.2,0.8,0.0,0.36096404744368116
39632976870378825,0.0,0.07,0.93,0.0,0.18296182545011158
39632961896714365,0.0,0.67,0.33,0.0,0.4574631863898637
39632981861597375,0.0,0.28,0.72,0.0,0.4277254052800653
39632961900905013,0.0,0.06,0.94,0.0,0.16372245957723813
39632981828046028,0.0,0.05,0.95,0.0,0.14319847855797813
39632976878767350,0.0,0.71,0.29,0.0,0.43436062316970225
39632981823848666,0.0,0.4,0.6,0.0,0.4854752972273343
39632981828046560,0.0,0.91,0.09,0.0,0.21823490853205144
39632976878767287,0.0,0.11,0.89,0.0,0.249957979082264
39632966883740409,0.0,0.28,0.72,0.0,0.4277254052800653
39632991722405939,0.0,0.47,0.53,0.0,0.4987007942838698
39632981828046349,0.0,0.86,0.14,0.0,0.292119405821428
39632986777324202,0.0,0.51,0.49,0.0,0.49985572087640495
39632966887936481,0.0,0.57,0.43,0.0,0.4929075185894599
39632976866185172,0.0,0.0,0.97,0.03,0.0971959289157881
39632981861597525,0.0,0.12,0.88,0.0,0.2646804326436822
39632951842963988,0.0,0.06,0.94,0.0,0.16372245957723813
39632976866185362,0.0,0.21,0.79,0.0,0.37074136996563684
39632971891737753,0.0,0.92,0.08,0.0,0.2010895951011364
39632971895933998,0.0,0.51,0.49,0.0,0.49985572087640495
39632971895933905,0.0,0.72,0.28,0.0,0.4277254052800653
39632971908517527,0.0,0.65,0.35,0.0,0.4670340276877455
39632971895933738,0.0,0.97,0.03,0.0,0.0971959289157881
39632971921099088,0.0,0.49,0.51,0.0,0.49985572087640495
39632971908517577,0.0,0.85,0.15,0.0,0.3049201523582002
39632971908517580,0.0,0.53,0.47,0.0,0.4987007942838698
39632981823848534,0.0,0.25,0.75,0.0,0.4056390622295664
39632971887546388,0.0,1.0,0.0,0.0,-0.0
39632961909295232,0.0,0.94,0.06,0.0,0.16372245957723813
39632951851356397,0.0,0.04,0.96,0.0,0.12114609454120741
39632996650714514,0.0,0.0,0.95,0.05,0.14319847855797813
39632986781516247,0.0,0.93,0.07,0.0,0.18296182545011158
39632951855546517,0.01,0.8,0.19,0.0,0.3896037431552768
39632971883349460,0.0,0.22,0.78,0.0,0.38008375148098283
39632971883349833,0.0,0.66,0.34,0.0,0.46240935248651505
39632941717913691,0.0,0.17,0.83,0.0,0.32885238937210975
39632981836434462,0.0,0.96,0.04,0.0,0.12114609454120741
39632991705633163,0.0,0.57,0.43,0.0,0.4929075185894599
39632986773129014,0.0,0.0,1.0,0.0,-0.0
39632986773128524,0.0,0.04,0.96,0.0,0.12114609454120741
39632986810876635,0.0,0.21,0.79,0.0,0.37074136996563684
39632981844823116,0.0,0.17,0.83,0.0,0.32885238937210975
39632946788827582,0.0,0.29,0.71,0.0,0.43436062316970225
39632966879547338,0.0,0.84,0.16,0.0,0.3171547773202831
39632966879547389,0.0,0.01,0.99,0.0,0.04039656794795559
39632956863547947,0.0,0.99,0.01,0.0,0.04039656794795559
39632966879547379,0.0,0.0,0.96,0.04,0.12114609454120741
39632956863548013,0.0,0.98,0.02,0.0,0.07072027127091034
39632951842963860,0.0,0.54,0.46,0.0,0.49768921941011285
39632986781516264,0.0,0.74,0.26,0.0,0.4133731862463089
39632956884518977,0.0,0.74,0.26,0.0,0.4133731862463089
39632996642329515,0.0,0.53,0.47,0.0,0.4987007942838698
39632946788827333,0.0,0.9,0.1,0.0,0.2344977967946406
39632961871548085,0.0,0.45,0.55,0.0,0.49638722699390414
39632956880327266,0.0,0.53,0.47,0.0,0.4987007942838698
39632971879157731,0.0,0.76,0.24,0.0,0.39752013969226113
39632966929876126,0.0,0.82,0.18,0.0,0.34003852286413994
39632991709825351,0.0,0.66,0.34,0.0,0.46240935248651505
39632956871936652,0.0,0.65,0.35,0.0,0.4670340276877455
39632966913101137,0.0,0.84,0.16,0.0,0.3171547773202831
39632991734988855,0.0,0.09,0.91,0.0,0.21823490853205144
39632996646518856,0.0,0.6,0.4,0.0,0.4854752972273343
39632951842964646,0.0,0.84,0.16,0.0,0.3171547773202831
39632966925681100,0.0,0.18,0.82,0.0,0.34003852286413994
39632991739186993,0.0,0.18,0.82,0.0,0.34003852286413994
39632956863547720,0.0,0.0,1.0,0.0,-0.0
39632991739187088,0.0,0.89,0.11,0.0,0.249957979082264
39632991734990255,0.0,0.6,0.4,0.0,0.4854752972273343
39632966913099068,0.0,0.41,0.59,0.0,0.488250234378912
39632956884519691,0.0,0.92,0.08,0.0,0.2010895951011364
39632956880327547,0.0,0.19,0.81,0.0,0.3507357299419487
39632946784635738,0.0,0.55,0.45,0.0,0.49638722699390414
39633001545467948,0.0,0.75,0.25,0.0,0.4056390622295664
39632971921099724,0.0,0.0,1.0,0.0,-0.0
39632986773128436,0.0,0.0,1.0,0.0,-0.0
39632956880327441,0.0,0.17,0.83,0.0,0.32885238937210975
39632991726601899,0.0,0.95,0.05,0.0,0.14319847855797813
39632996650713162,0.0,1.0,0.0,0.0,-0.0
39632981836432585,0.0,0.03,0.97,0.0,0.0971959289157881
39632971895933723,0.0,0.8,0.2,0.0,0.36096404744368116
39632966879547400,0.0,0.91,0.09,0.0,0.21823490853205144
39632956880327437,0.0,0.64,0.36,0.0,0.4713415946277461
39632956850966560,0.0,0.17,0.83,0.0,0.32885238937210975
39632956863548219,0.0,0.01,0.98,0.01,0.08072027127091033
39632956880327412,0.0,0.1,0.9,0.0,0.2344977967946406
39632991726601887,0.0,0.52,0.48,0.0,0.4994227679976009
39632986781519841,0.0,0.25,0.75,0.0,0.4056390622295664
39632986794100132,0.0,0.54,0.46,0.0,0.49768921941011285
39632966925683485,0.0,0.13,0.87,0.0,0.2787190925139945
39632976870379582,0.0,0.68,0.32,0.0,0.45219072886224687
39632956884517653,0.0,0.75,0.25,0.0,0.4056390622295664
39632966913098901,0.0,0.77,0.23,0.0,0.38900565177326885
39632961888324064,0.0,0.62,0.38,0.0,0.47902101111314976
39632986794099627,0.0,0.14,0.86,0.0,0.292119405821428
39632971895931207,0.0,0.08,0.92,0.0,0.2010895951011364
39632966887932393,0.0,0.2,0.8,0.0,0.36096404744368116
39632976870379389,0.0,0.01,0.92,0.07,0.22283217282912027
39632966892126982,0.0,0.52,0.48,0.0,0.4994227679976009
39633001545467549,0.0,0.02,0.98,0.0,0.07072027127091034
39632981861601177,0.0,0.16,0.84,0.0,0.3171547773202831
39632966883740660,0.0,0.62,0.38,0.0,0.47902101111314976
39632966883740792,0.0,0.26,0.74,0.0,0.4133731862463089
39632971883350324,0.0,0.0,0.98,0.02,0.07072027127091034
39632976870379401,0.0,0.07,0.93,0.0,0.18296182545011158
39632956884517618,0.0,0.54,0.46,0.0,0.49768921941011285
39632986794099562,0.0,0.05,0.95,0.0,0.14319847855797813
39632981844820189,0.0,0.34,0.66,0.0,0.46240935248651505
39632996646521995,0.0,0.1,0.9,0.0,0.2344977967946406
39632981861598930,0.0,0.02,0.98,0.0,0.07072027127091034
39632951834576462,0.0,0.22,0.78,0.0,0.38008375148098283
39632996646521951,0.0,0.38,0.62,0.0,0.47902101111314976
39632966900516324,0.0,0.53,0.47,0.0,0.4987007942838698
39632966900516267,0.0,0.28,0.72,0.0,0.4277254052800653
39632966900515806,0.0,0.0,0.73,0.27,0.42073231810408784
39632981836435196,0.0,0.42,0.58,0.0,0.49072694751682683
39632966900515769,0.0,0.68,0.32,0.0,0.45219072886224687
39632966921487832,0.0,1.0,0.0,0.0,-0.0
39632971883351062,0.0,0.25,0.75,0.0,0.4056390622295664
39632986773127211,0.0,0.23,0.77,0.0,0.38900565177326885
39632981857407529,0.0,0.61,0.39,0.0,0.4823997742525436
39632961892516092,0.0,0.74,0.26,0.0,0.4133731862463089
39632966925684682,0.0,0.96,0.04,0.0,0.12114609454120741
39632966925684784,0.0,0.56,0.44,0.0,0.4947937606110278
39632951838771179,0.0,0.76,0.24,0.0,0.39752013969226113
39632996646521933,0.0,0.6,0.4,0.0,0.4854752972273343
39632956876129081,0.0,0.14,0.86,0.0,0.292119405821428
39632986794099103,0.0,0.66,0.34,0.0,0.46240935248651505
39632961884128772,0.0,0.04,0.96,0.0,0.12114609454120741
39632991739183454,0.0,0.98,0.02,0.0,0.07072027127091034
39632966892126743,0.0,0.73,0.27,0.0,0.42073231810408784
39632961875741921,0.0,0.59,0.41,0.0,0.488250234378912
39632976874571821,0.0,0.84,0.16,0.0,0.3171547773202831
39632956850964558,0.0,0.59,0.41,0.0,0.488250234378912
39632956850964513,0.0,0.4,0.6,0.0,0.4854752972273343
39632986777325802,0.0,0.71,0.29,0.0,0.43436062316970225
39632966925680919,0.0,0.28,0.72,0.0,0.4277254052800653
39632961900907257,0.0,0.08,0.92,0.0,0.2010895951011364
39632991726600227,0.0,0.24,0.76,0.0,0.39752013969226113
39632971921096918,0.0,0.47,0.53,0.0,0.4987007942838698
39632951830381677,0.0,0.19,0.81,0.0,0.3507357299419487
39632956880324599,0.0,0.03,0.96,0.01,0.13737165703039006
39632986798294983,0.0,0.03,0.97,0.0,0.0971959289157881
39632966925680943,0.0,1.0,0.0,0.0,-0.0
39632996642328970,0.0,0.68,0.32,0.0,0.45219072886224687
39632991730799352,0.0,0.04,0.96,0.0,0.12114609454120741
39632991730799384,0.0,0.34,0.66,0.0,0.46240935248651505
39632981853208912,0.0,0.65,0.35,0.0,0.4670340276877455
39632981823852207,0.0,0.01,0.99,0.0,0.04039656794795559
39632991709826168,0.0,0.01,0.97,0.02,0.11097036642660543
39632981849017574,0.0,0.01,0.99,0.0,0.04039656794795559
39632991709827733,0.0,0.98,0.02,0.0,0.07072027127091034
39632976857796288,0.0,0.95,0.05,0.0,0.14319847855797813
39632961871546113,0.0,0.16,0.84,0.0,0.3171547773202831
39632961905102440,0.0,0.82,0.18,0.0,0.34003852286413994
39632991726602601,0.0,0.73,0.27,0.0,0.42073231810408784
39632991726602359,0.0,0.51,0.49,0.0,0.49985572087640495
39632991726602268,0.0,0.06,0.94,0.0,0.16372245957723813
39632951834577815,0.0,0.33,0.67,0.0,0.4574631863898637
39632956884517290,0.0,0.01,0.99,0.0,0.04039656794795559
39632956863546517,0.0,0.29,0.71,0.0,0.43436062316970225
39632986781519713,0.0,0.01,0.99,0.0,0.04039656794795559
39632981849017388,0.0,0.0,0.9,0.1,0.2344977967946406
39632981836433385,0.0,0.0,0.94,0.06,0.16372245957723813
39632961900907390,0.0,0.11,0.89,0.0,0.249957979082264
39632966925681416,0.0,0.41,0.59,0.0,0.488250234378912
39632966900515611,0.0,0.7,0.3,0.0,0.44064544961534635
39632966925681351,0.0,0.1,0.9,0.0,0.2344977967946406
39632991734989455,0.0,0.15,0.85,0.0,0.3049201523582002
39632986798295797,0.0,0.45,0.55,0.0,0.49638722699390414
39632981853210460,0.0,0.49,0.51,0.0,0.49985572087640495
39632961884128651,0.0,0.53,0.47,0.0,0.4987007942838698
39632991734989451,0.0,0.91,0.09,0.0,0.21823490853205144
39632981853209114,0.0,0.71,0.29,0.0,0.43436062316970225
39632961884129647,0.0,0.15,0.85,0.0,0.3049201523582002
39632966917292279,0.0,0.88,0.12,0.0,0.2646804326436822
39632991734989348,0.0,0.12,0.88,0.0,0.2646804326436822
39633001545470914,0.0,1.0,0.0,0.0,-0.0
39632966892127041,0.0,0.01,0.99,0.0,0.04039656794795559
39632991734989314,0.0,0.48,0.52,0.0,0.4994227679976009
39632951847159057,0.0,0.67,0.33,0.0,0.4574631863898637
39632941722108163,0.0,0.66,0.34,0.0,0.46240935248651505
39632956850963982,0.0,0.99,0.01,0.0,0.04039656794795559
39632941717914121,0.0,0.03,0.97,0.0,0.0971959289157881
39632981836434549,0.0,0.97,0.03,0.0,0.0971959289157881
39632946788830605,0.0,0.49,0.51,0.0,0.49985572087640495
39632961884130042,0.0,0.45,0.55,0.0,0.49638722699390414
39632966917292178,0.0,0.98,0.02,0.0,0.07072027127091034
39632981853210878,0.0,0.92,0.08,0.0,0.2010895951011364
39632991726603782,0.0,0.85,0.15,0.0,0.3049201523582002
39632966917292766,0.0,0.41,0.59,0.0,0.488250234378912
39632966917292606,0.0,0.44,0.56,0.0,0.4947937606110278
39632961888323858,0.0,0.1,0.9,0.0,0.2344977967946406
39632956876130139,0.0,0.8,0.2,0.0,0.36096404744368116
39632961884130790,0.0,0.17,0.83,0.0,0.32885238937210975
39632961884130568,0.0,0.01,0.95,0.04,0.16124668093016215
39632961909297663,0.0,0.22,0.78,0.0,0.38008375148098283
39632966887932493,0.0,0.59,0.41,0.0,0.488250234378912
39632961884130522,0.0,0.32,0.68,0.0,0.45219072886224687
39632946788828877,0.0,0.14,0.86,0.0,0.292119405821428
39632981849016612,0.0,0.03,0.97,0.0,0.0971959289157881
39632951826190393,0.0,0.55,0.45,0.0,0.49638722699390414
39632991739185979,0.0,0.63,0.37,0.0,0.47533604634353294
39632976861990884,0.0,0.63,0.37,0.0,0.47533604634353294
39632951826190376,0.0,0.05,0.95,0.0,0.14319847855797813
39632956867741352,0.0,0.24,0.76,0.0,0.39752013969226113
39632981853209008,0.0,0.57,0.43,0.0,0.4929075185894599
39632966913101241,0.0,0.67,0.33,0.0,0.4574631863898637
39632961884129922,0.0,0.78,0.22,0.0,0.38008375148098283
39632981861600690,0.0,0.83,0.17,0.0,0.32885238937210975
39632966913101318,0.0,0.07,0.93,0.0,0.18296182545011158
39632991734992035,0.0,0.66,0.34,0.0,0.46240935248651505
39632971921097246,0.0,0.19,0.81,0.0,0.3507357299419487
39632966913101328,0.0,0.73,0.27,0.0,0.42073231810408784
39632966913101471,0.0,0.56,0.44,0.0,0.4947937606110278
39632966883739065,0.0,0.65,0.35,0.0,0.4670340276877455
39632966913102010,0.0,0.06,0.93,0.01,0.20367037270049304
39632981853209045,0.0,0.16,0.84,0.0,0.3171547773202831
39632941717914009,0.0,0.88,0.12,0.0,0.2646804326436822
39632986798295364,0.0,0.03,0.97,0.0,0.0971959289157881
39632976861989165,0.0,1.0,0.0,0.0,-0.0
39632976861988991,0.0,0.46,0.54,0.0,0.49768921941011285
39632981861600768,0.0,0.84,0.16,0.0,0.3171547773202831
39632976874571718,0.0,0.06,0.94,0.0,0.16372245957723813
39632981853209406,0.0,0.84,0.16,0.0,0.3171547773202831
39632971879156616,0.0,0.0,1.0,0.0,-0.0
39632976861989016,0.0,0.03,0.96,0.01,0.13737165703039006
39632946784634829,0.0,0.37,0.63,0.0,0.47533604634353294
39632961871545403,0.0,0.6,0.4,0.0,0.4854752972273343
39632981836434576,0.0,0.98,0.02,0.0,0.07072027127091034
39632986806684614,0.0,0.43,0.57,0.0,0.4929075185894599
39632981836434846,0.0,0.0,1.0,0.0,-0.0
39632986802491293,0.0,0.3,0.7,0.0,0.44064544961534635
39632986781516038,0.0,0.82,0.18,0.0,0.34003852286413994
39632966921488085,0.0,0.5,0.5,0.0,0.5
39632986798295928,0.0,0.18,0.82,0.0,0.34003852286413994
39632986794099947,0.0,0.05,0.95,0.0,0.14319847855797813
39632986794099916,0.0,0.51,0.49,0.0,0.49985572087640495
39632976857796524,0.0,0.79,0.21,0.0,0.37074136996563684
39632971883350791,0.0,0.34,0.66,0.0,0.46240935248651505
39632961913488807,0.0,0.94,0.06,0.0,0.16372245957723813
39633001545469600,0.0,0.57,0.43,0.0,0.4929075185894599
39632971883350706,0.0,0.63,0.37,0.0,0.47533604634353294
39633001545469424,0.0,0.76,0.24,0.0,0.39752013969226113
39632981840626363,0.0,0.18,0.82,0.0,0.34003852286413994
39632961884128686,0.0,0.07,0.93,0.0,0.18296182545011158
39632951821993093,0.0,0.19,0.81,0.0,0.3507357299419487
39632951821992986,0.0,0.77,0.23,0.0,0.38900565177326885
39632986802491087,0.0,0.04,0.96,0.0,0.12114609454120741
39632986802491065,0.0,0.01,0.93,0.06,0.20367037270049304
39632976870376066,0.0,0.0,0.96,0.04,0.12114609454120741
39632996646518862,0.0,0.45,0.55,0.0,0.49638722699390414
39632981823852237,0.0,0.37,0.63,0.0,0.47533604634353294
39632986777325515,0.0,0.14,0.86,0.0,0.292119405821428
39632981823851676,0.0,0.0,0.96,0.04,0.12114609454120741
39632986777325966,0.0,0.45,0.55,0.0,0.49638722699390414
39632986781515826,0.0,0.0,1.0,0.0,-0.0
39632986794100036,0.0,0.09,0.9,0.01,0.2579475764741046
39633001545469080,0.0,0.48,0.52,0.0,0.4994227679976009
39632981823851760,0.0,0.03,0.97,0.0,0.0971959289157881
39632986794100288,0.0,0.96,0.04,0.0,0.12114609454120741
39632976870375909,0.0,0.4,0.6,0.0,0.4854752972273343
39632946784635690,0.0,0.05,0.94,0.01,0.1832231322266888
39632996646519821,0.0,0.09,0.9,0.01,0.2579475764741046
39632961900909062,0.0,0.01,0.97,0.02,0.11097036642660543
39632961900909030,0.0,0.38,0.62,0.0,0.47902101111314976
39632981823851938,0.0,0.21,0.79,0.0,0.37074136996563684
39632966908906869,0.0,0.14,0.86,0.0,0.292119405821428
39632996633937917,0.0,0.92,0.08,0.0,0.2010895951011364
39632996633938132,0.0,0.52,0.48,0.0,0.4994227679976009
39632956859352575,0.0,0.73,0.27,0.0,0.42073231810408784
39632996633938003,0.0,0.54,0.46,0.0,0.49768921941011285
39632946784636053,0.0,0.08,0.92,0.0,0.2010895951011364
39632946784635666,0.0,0.07,0.92,0.01,0.22283217282912027
39632961900909069,0.0,0.0,1.0,0.0,-0.0
39632996650714558,0.0,0.74,0.26,0.0,0.4133731862463089
39632946767856493,0.0,0.38,0.62,0.0,0.47902101111314976
39632961900910065,0.0,0.48,0.52,0.0,0.4994227679976009
39632971891741265,0.0,0.23,0.77,0.0,0.38900565177326885
39632966925684161,0.0,0.56,0.44,0.0,0.4947937606110278
39632956884521064,0.0,0.01,0.99,0.0,0.04039656794795559
39632956880327898,0.0,0.14,0.86,0.0,0.292119405821428
39632966925684182,0.0,0.58,0.42,0.0,0.49072694751682683
39632991734990186,0.0,0.81,0.19,0.0,0.3507357299419487
39632966929876816,0.0,0.73,0.27,0.0,0.42073231810408784
39632976866185429,0.0,0.13,0.87,0.0,0.2787190925139945
39632956867741498,0.0,0.49,0.51,0.0,0.49985572087640495
39632991734990379,0.0,0.98,0.02,0.0,0.07072027127091034
39632961871546408,0.0,0.96,0.04,0.0,0.12114609454120741
39632966908906789,0.0,0.77,0.23,0.0,0.38900565177326885
39632996650713875,0.0,0.45,0.55,0.0,0.49638722699390414
39632976857794706,0.0,0.0,0.85,0.15,0.3049201523582002
39632971879156654,0.0,0.23,0.77,0.0,0.38900565177326885
39632991734990907,0.0,0.81,0.19,0.0,0.3507357299419487
39632971908513845,0.0,0.69,0.31,0.0,0.4465867291889284
39632946788829168,0.0,0.68,0.32,0.0,0.45219072886224687
39632946788829117,0.0,0.77,0.23,0.0,0.38900565177326885
39632971908514281,0.0,0.22,0.78,0.0,0.38008375148098283
39632971904324277,0.0,0.8,0.2,0.0,0.36096404744368116
39632961888326115,0.0,0.81,0.19,0.0,0.3507357299419487
39632946767859439,0.0,0.05,0.95,0.0,0.14319847855797813
39632986798295464,0.0,0.0,0.77,0.23,0.38900565177326885
39632966908906920,0.0,0.5,0.5,0.0,0.5
39632956867741128,0.0,0.62,0.38,0.0,0.47902101111314976
39632961892520808,0.0,0.17,0.83,0.0,0.32885238937210975
39632956867741263,0.0,0.0,0.95,0.05,0.14319847855797813
39632996646521687,0.0,0.01,0.99,0.0,0.04039656794795559
39632971904324194,0.0,0.03,0.96,0.01,0.13737165703039006
39632951842964856,0.0,0.23,0.77,0.0,0.38900565177326885
39632981836432631,0.0,0.04,0.96,0.0,0.12114609454120741
39632976857794783,0.0,0.96,0.04,0.0,0.12114609454120741
39632976866185391,0.0,0.02,0.98,0.0,0.07072027127091034
39632996650713849,0.0,0.46,0.54,0.0,0.49768921941011285
39632941717917640,0.0,0.52,0.48,0.0,0.4994227679976009
39632981844821341,0.0,1.0,0.0,0.0,-0.0
39632946776244415,0.0,0.21,0.79,0.0,0.37074136996563684
39632956867741187,0.03,0.97,0.0,0.0,0.0971959289157881
39632981849018759,0.0,0.91,0.09,0.0,0.21823490853205144
39632981849018767,0.0,0.43,0.57,0.0,0.4929075185894599
39632981844821213,0.0,0.27,0.73,0.0,0.42073231810408784
39632956859354268,0.0,0.25,0.75,0.0,0.4056390622295664
39632961888326603,0.0,0.02,0.97,0.01,0.11097036642660543
39632941717917422,0.0,0.99,0.01,0.0,0.04039656794795559
39632986789908105,0.0,0.01,0.99,0.0,0.04039656794795559
39632946767856527,0.0,0.34,0.66,0.0,0.46240935248651505
39632961888326482,0.0,0.02,0.96,0.02,0.14114609454120738
39632981823849985,0.0,0.2,0.8,0.0,0.36096404744368116
39632966921489765,0.0,0.82,0.18,0.0,0.34003852286413994
39632956859351891,0.0,0.83,0.17,0.0,0.32885238937210975
39632981861600317,0.0,0.36,0.64,0.0,0.4713415946277461
39632956884519651,0.0,0.91,0.09,0.0,0.21823490853205144
39632946784634474,0.0,0.96,0.04,0.0,0.12114609454120741
39632946784634630,0.0,0.14,0.86,0.0,0.292119405821428
39632991709825450,0.0,0.0,0.95,0.05,0.14319847855797813
39632956880325467,0.0,0.01,0.99,0.0,0.04039656794795559
39632946767859232,0.0,0.02,0.98,0.0,0.07072027127091034
39632991726604629,0.0,0.07,0.93,0.0,0.18296182545011158
39632976870377978,0.0,0.93,0.07,0.0,0.18296182545011158
39632951842964448,0.0,0.25,0.75,0.0,0.4056390622295664
39632966917292791,0.0,0.54,0.46,0.0,0.49768921941011285
39632956850967369,0.0,0.03,0.97,0.0,0.0971959289157881
39632996659103553,0.0,0.17,0.83,0.0,0.32885238937210975
39632956850967224,0.0,0.02,0.98,0.0,0.07072027127091034
39632981844822062,0.0,0.51,0.49,0.0,0.49985572087640495
39633001553855299,0.0,0.27,0.73,0.0,0.42073231810408784
39632981861600571,0.0,0.44,0.56,0.0,0.4947937606110278
39632981861600550,0.0,0.79,0.21,0.0,0.37074136996563684
39632956850967211,0.0,0.04,0.96,0.0,0.12114609454120741
39632991739185317,0.0,0.28,0.72,0.0,0.4277254052800653
39632971908513932,0.0,0.55,0.45,0.0,0.49638722699390414
39632996659104837,0.0,0.46,0.54,0.0,0.49768921941011285
39632956863545599,0.0,0.18,0.82,0.0,0.34003852286413994
39632986806683320,0.0,0.25,0.75,0.0,0.4056390622295664
39632991709823321,0.0,0.31,0.69,0.0,0.4465867291889284
39632986806683214,0.0,0.8,0.2,0.0,0.36096404744368116
39632961871548449,0.0,0.97,0.03,0.0,0.0971959289157881
39632986806683155,0.0,0.83,0.17,0.0,0.32885238937210975
39632991709823931,0.0,0.84,0.16,0.0,0.3171547773202831
39632986773128447,0.0,0.61,0.39,0.0,0.4823997742525436
39632971883349462,0.0,0.68,0.32,0.0,0.45219072886224687
39632966925683232,0.0,0.6,0.4,0.0,0.4854752972273343
39632996642325645,0.0,0.12,0.88,0.0,0.2646804326436822
39632971912708925,0.0,0.91,0.09,0.0,0.21823490853205144
39632971916907017,0.0,0.54,0.46,0.0,0.49768921941011285
39632986789906222,0.0,0.3,0.7,0.0,0.44064544961534635
39632991730797247,0.0,0.56,0.44,0.0,0.4947937606110278
39632961871548479,0.0,0.04,0.96,0.0,0.12114609454120741
39632971883349374,0.0,0.8,0.2,0.0,0.36096404744368116
39632986806683385,0.0,0.09,0.91,0.0,0.21823490853205144
39632976895545182,0.0,0.03,0.97,0.0,0.0971959289157881
39632966925683401,0.0,0.88,0.12,0.0,0.2646804326436822
39632971912713190,0.0,0.9,0.1,0.0,0.2344977967946406
39632976895545143,0.0,0.58,0.42,0.0,0.49072694751682683
39632986806683553,0.0,0.16,0.83,0.01,0.3562867308783886
39632966925683390,0.0,0.71,0.29,0.0,0.43436062316970225
39632976861988693,0.01,0.94,0.05,0.0,0.1832231322266888
39632991726603640,0.0,0.45,0.55,0.0,0.49638722699390414
39632961892516119,0.0,0.7,0.3,0.0,0.44064544961534635
39632956850967293,0.0,0.93,0.07,0.0,0.18296182545011158
39632971916902826,0.0,0.47,0.53,0.0,0.4987007942838698
39632971908516490,0.0,0.7,0.3,0.0,0.44064544961534635
39632981844821822,0.0,0.48,0.52,0.0,0.4994227679976009
39632996659103847,0.0,0.0,0.93,0.07,0.18296182545011158
39632981836434311,0.0,0.0,0.71,0.29,0.43436062316970225
39632996659103945,0.0,0.83,0.17,0.0,0.32885238937210975
39632966892127990,0.0,0.19,0.81,0.0,0.3507357299419487
39632966892128095,0.0,0.66,0.34,0.0,0.46240935248651505
39632971883350719,0.0,0.16,0.84,0.0,0.3171547773202831
39632981823851534,0.0,0.57,0.43,0.0,0.4929075185894599
39632951847160716,0.0,0.46,0.54,0.0,0.49768921941011285
39632966925683578,0.0,0.7,0.3,0.0,0.44064544961534635
39632971883351212,0.0,0.14,0.86,0.0,0.292119405821428
39632981823851568,0.0,0.05,0.95,0.0,0.14319847855797813
39632971916907619,0.0,0.28,0.72,0.0,0.4277254052800653
39632971916902523,0.0,0.36,0.64,0.0,0.4713415946277461
39632966892128003,0.0,0.45,0.55,0.0,0.49638722699390414
39632966892127893,0.0,0.04,0.95,0.01,0.16124668093016215
39632971916902503,0.0,0.89,0.11,0.0,0.249957979082264
39632971916902739,0.0,0.35,0.65,0.0,0.4670340276877455
39632981836434730,0.0,0.71,0.29,0.0,0.43436062316970225
39632976857793856,0.0,0.74,0.26,0.0,0.4133731862463089
39632996650714495,0.0,0.5,0.5,0.0,0.5
39633001549660482,0.0,0.62,0.38,0.0,0.47902101111314976
39632971904324255,0.0,0.04,0.96,0.0,0.12114609454120741
39632956863547864,0.0,0.3,0.69,0.01,0.4784535679576163
39632981836432440,0.0,0.05,0.95,0.0,0.14319847855797813
39632981844821529,0.0,0.89,0.11,0.0,0.249957979082264
39632981844821608,0.0,0.58,0.42,0.0,0.49072694751682683
39632956884519748,0.0,0.16,0.84,0.0,0.3171547773202831
39632971887542753,0.0,0.0,1.0,0.0,-0.0
39632986781519988,0.01,0.97,0.02,0.0,0.11097036642660543
39632986781519903,0.0,0.96,0.04,0.0,0.12114609454120741
39632986781519825,0.0,0.37,0.63,0.0,0.47533604634353294
39632981849018182,0.0,0.25,0.75,0.0,0.4056390622295664
39632956855161195,0.0,0.01,0.99,0.0,0.04039656794795559
39632956863547505,0.0,0.6,0.4,0.0,0.4854752972273343
39632976857794578,0.0,0.35,0.65,0.0,0.4670340276877455
39632971912710745,0.0,0.57,0.43,0.0,0.4929075185894599
39632991714021403,0.0,0.78,0.22,0.0,0.38008375148098283
39632956867742408,0.0,0.0,0.98,0.02,0.07072027127091034
39632986810878504,0.0,0.55,0.45,0.0,0.49638722699390414
39632971883349615,0.0,0.15,0.85,0.0,0.3049201523582002
39632941726302522,0.0,0.04,0.96,0.0,0.12114609454120741
39632941726302576,0.0,0.72,0.28,0.0,0.4277254052800653
39632941726302796,0.0,0.45,0.55,0.0,0.49638722699390414
39632941726302913,0.0,0.15,0.85,0.0,0.3049201523582002
39632941726302662,0.0,0.72,0.28,0.0,0.4277254052800653
39632941726302713,0.0,0.63,0.37,0.0,0.47533604634353294
39633001545470843,0.0,0.48,0.52,0.0,0.4994227679976009
39632976899739582,0.0,0.71,0.29,0.0,0.43436062316970225
39632991739187728,0.0,0.11,0.89,0.0,0.249957979082264
39632971925291503,0.0,0.45,0.55,0.0,0.49638722699390414
39632996633937264,0.0,0.81,0.19,0.0,0.3507357299419487
39632951834577789,0.0,0.03,0.96,0.01,0.13737165703039006
39632961884129441,0.0,1.0,0.0,0.0,-0.0
39632971891740617,0.0,0.61,0.39,0.0,0.4823997742525436
39632986773130169,0.0,0.24,0.76,0.0,0.39752013969226113
39632961871546336,0.0,0.92,0.08,0.0,0.2010895951011364
39632986789906881,0.0,0.92,0.08,0.0,0.2010895951011364
39632976874573504,0.02,0.95,0.03,0.0,0.1674722434193448
39632961896711118,0.0,0.0,0.99,0.01,0.04039656794795559
39632976857796559,0.0,0.99,0.01,0.0,0.04039656794795559
39632986798297204,0.0,0.47,0.53,0.0,0.4987007942838698
39632966887935585,0.0,0.45,0.55,0.0,0.49638722699390414
39632966892126927,0.0,0.88,0.12,0.0,0.2646804326436822
39632966883740555,0.0,0.15,0.85,0.0,0.3049201523582002
39632956876129755,0.0,0.27,0.73,0.0,0.42073231810408784
39632981861601520,0.0,0.13,0.87,0.0,0.2787190925139945
39632971895934059,0.0,0.28,0.72,0.0,0.4277254052800653
39632986798297072,0.0,0.89,0.11,0.0,0.249957979082264
39632986798297036,0.0,0.55,0.45,0.0,0.49638722699390414
39632951842963665,0.0,0.65,0.35,0.0,0.4670340276877455
39632996633937214,0.0,0.87,0.13,0.0,0.2787190925139945
39632966892126323,0.0,0.97,0.03,0.0,0.0971959289157881
39632991709824607,0.0,0.83,0.17,0.0,0.32885238937210975
39632976874573646,0.0,0.11,0.89,0.0,0.249957979082264
39632976887157372,0.0,0.03,0.95,0.02,0.1674722434193448
39632966892126740,0.0,0.33,0.67,0.0,0.4574631863898637
39632991709824663,0.0,0.92,0.08,0.0,0.2010895951011364
39632966892128036,0.0,0.14,0.86,0.0,0.292119405821428
39632966892128057,0.0,0.07,0.93,0.0,0.18296182545011158
39632961896711121,0.0,0.67,0.33,0.0,0.4574631863898637
39632961871548259,0.0,0.71,0.29,0.0,0.43436062316970225
39632956884521604,0.0,0.02,0.98,0.0,0.07072027127091034
39632971883349923,0.0,0.7,0.3,0.0,0.44064544961534635
39632976891347942,0.0,1.0,0.0,0.0,-0.0
39632981853210748,0.0,0.1,0.9,0.0,0.2344977967946406
39632996638130446,0.0,0.36,0.64,0.0,0.4713415946277461
39632971883349658,0.0,0.25,0.75,0.0,0.4056390622295664
39632976878764121,0.0,0.05,0.95,0.0,0.14319847855797813
39632956867740353,0.0,0.77,0.23,0.0,0.38900565177326885
39632996633940078,0.0,0.03,0.97,0.0,0.0971959289157881
39632996638130404,0.0,0.04,0.96,0.0,0.12114609454120741
39632971883350255,0.0,0.63,0.37,0.0,0.47533604634353294
39632971883350397,0.0,0.75,0.25,0.0,0.4056390622295664
39632971883350368,0.0,0.1,0.9,0.0,0.2344977967946406
39632986773129959,0.0,0.92,0.08,0.0,0.2010895951011364
39632986773129957,0.0,0.82,0.18,0.0,0.34003852286413994
39632986773129860,0.0,0.27,0.73,0.0,0.42073231810408784
39632991743380482,0.0,0.54,0.46,0.0,0.49768921941011285
39632991743380541,0.0,1.0,0.0,0.0,-0.0
39632971925292088,0.0,0.72,0.28,0.0,0.4277254052800653
39632946788829866,0.0,0.15,0.85,0.0,0.3049201523582002
39632956884520673,0.0,0.98,0.02,0.0,0.07072027127091034
39632976899737048,0.0,0.02,0.98,0.0,0.07072027127091034
39632981840625741,0.0,0.57,0.43,0.0,0.4929075185894599
39632986798295022,0.0,0.7,0.3,0.0,0.44064544961534635
39632986781515860,0.0,0.01,0.9,0.09,0.2579475764741046
39632956863549961,0.0,0.08,0.88,0.04,0.3197781826869516
39632986777325941,0.0,0.33,0.67,0.0,0.4574631863898637
39632986798294898,0.0,0.15,0.85,0.0,0.3049201523582002
39632976899737066,0.0,0.13,0.87,0.0,0.2787190925139945
39632986777325977,0.0,0.44,0.56,0.0,0.4947937606110278
39632966896324379,0.0,0.49,0.51,0.0,0.49985572087640495
39632956859352495,0.0,0.94,0.06,0.0,0.16372245957723813
39632971883349825,0.0,0.49,0.51,0.0,0.49985572087640495
39632971883349948,0.0,0.05,0.95,0.0,0.14319847855797813
39632951847160623,0.0,0.46,0.54,0.0,0.49768921941011285
39632966892127360,0.0,0.45,0.55,0.0,0.49638722699390414
39632966921487713,0.0,0.92,0.08,0.0,0.2010895951011364
39632951838771152,0.0,0.65,0.35,0.0,0.4670340276877455
39632951838771187,0.0,0.77,0.23,0.0,0.38900565177326885
39632951821994084,0.0,0.8,0.2,0.0,0.36096404744368116
39632986789906968,0.0,1.0,0.0,0.0,-0.0
39632991718211749,0.0,0.96,0.04,0.0,0.12114609454120741
39632986798294793,0.0,0.88,0.12,0.0,0.2646804326436822
39632986785710904,0.0,0.9,0.1,0.0,0.2344977967946406
39632991709827007,0.0,0.13,0.87,0.0,0.2787190925139945
39632991734988863,0.0,0.01,0.99,0.0,0.04039656794795559
39632951847159500,0.0,1.0,0.0,0.0,-0.0
39632951855546436,0.0,0.67,0.33,0.0,0.4574631863898637
39633001545469743,0.0,0.08,0.92,0.0,0.2010895951011364
39632956888712061,0.0,0.12,0.88,0.0,0.2646804326436822
39632976878764397,0.0,0.5,0.5,0.0,0.5
39632951847158924,0.0,0.92,0.08,0.0,0.2010895951011364
39632976903932671,0.0,0.05,0.94,0.01,0.1832231322266888
39632971895934845,0.0,0.3,0.7,0.0,0.44064544961534635
39632956867739787,0.0,0.38,0.62,0.0,0.47902101111314976
39632966879547465,0.0,0.97,0.03,0.0,0.0971959289157881
39632991734989643,0.0,0.0,0.85,0.15,0.3049201523582002
39632976899739735,0.0,0.21,0.79,0.0,0.37074136996563684
39632956867740561,0.0,0.07,0.93,0.0,0.18296182545011158
39632976899739649,0.0,0.1,0.9,0.0,0.2344977967946406
39632991714021610,0.0,0.25,0.75,0.0,0.4056390622295664
39632981865794708,0.0,0.43,0.57,0.0,0.4929075185894599
39632981865794548,0.0,0.96,0.04,0.0,0.12114609454120741
39632961884127549,0.0,0.54,0.46,0.0,0.49768921941011285
39632976899739614,0.0,0.44,0.56,0.0,0.4947937606110278
39632966887936599,0.0,0.65,0.35,0.0,0.4670340276877455
39632946788828193,0.0,0.51,0.49,0.0,0.49985572087640495
39632946784637211,0.0,0.61,0.39,0.0,0.4823997742525436
39632986768934524,0.0,0.04,0.96,0.0,0.12114609454120741
39632991726603627,0.0,0.19,0.81,0.0,0.3507357299419487
39632971916902607,0.0,0.31,0.69,0.0,0.4465867291889284
39632966904711403,0.0,0.24,0.76,0.0,0.39752013969226113
39632961871546463,0.0,0.38,0.62,0.0,0.47902101111314976
39632971916906667,0.0,0.01,0.95,0.04,0.16124668093016215
39632991714021207,0.0,0.03,0.97,0.0,0.0971959289157881
39632971895933933,0.0,0.08,0.92,0.0,0.2010895951011364
39632971916906643,0.0,0.83,0.17,0.0,0.32885238937210975
39632946784637079,0.0,0.96,0.04,0.0,0.12114609454120741
39632946784637192,0.0,0.87,0.13,0.0,0.2787190925139945
39632971916903268,0.0,0.94,0.06,0.0,0.16372245957723813
39632986806683980,0.0,0.6,0.4,0.0,0.4854752972273343
39632971925292361,0.0,0.86,0.14,0.0,0.292119405821428
39632966892128295,0.0,0.18,0.82,0.0,0.34003852286413994
39632976899737466,0.0,0.88,0.12,0.0,0.2646804326436822
39632981836432443,0.0,0.99,0.01,0.0,0.04039656794795559
39632961892520760,0.0,0.54,0.46,0.0,0.49768921941011285
39632961879933494,0.0,0.0,1.0,0.0,-0.0
39632951847159072,0.0,0.14,0.86,0.0,0.292119405821428
39632961884127899,0.0,0.32,0.68,0.0,0.45219072886224687
39632951847159375,0.0,0.94,0.06,0.0,0.16372245957723813
39632961879933824,0.0,0.28,0.72,0.0,0.4277254052800653
39632951847159317,0.0,0.07,0.93,0.0,0.18296182545011158
39632951847159101,0.0,0.94,0.06,0.0,0.16372245957723813
39632971900126197,0.0,0.87,0.13,0.0,0.2787190925139945
39632996633937443,0.01,0.99,0.0,0.0,0.04039656794795559
39632966900519830,0.0,0.58,0.42,0.0,0.49072694751682683
39632981857406992,0.0,0.63,0.37,0.0,0.47533604634353294
39632986806683006,0.0,0.18,0.82,0.0,0.34003852286413994
39632966929876050,0.0,0.89,0.11,0.0,0.249957979082264
39632951817800898,0.0,0.6,0.4,0.0,0.4854752972273343
39632966896323315,0.0,0.07,0.93,0.0,0.18296182545011158
39632986806682298,0.01,0.98,0.01,0.0,0.08072027127091033
39632981853212099,0.0,0.23,0.77,0.0,0.38900565177326885
39632961892516112,0.0,0.96,0.04,0.0,0.12114609454120741
39632951817802001,0.0,0.86,0.14,0.0,0.292119405821428
39632981832239292,0.0,0.83,0.17,0.0,0.32885238937210975
39632986806682858,0.0,0.68,0.32,0.0,0.45219072886224687
39632946797216169,0.0,0.03,0.96,0.01,0.13737165703039006
39632946776246985,0.0,0.45,0.55,0.0,0.49638722699390414
39632951821993463,0.0,0.79,0.21,0.0,0.37074136996563684
39632946784633505,0.0,0.28,0.72,0.0,0.4277254052800653
39632966913098814,0.0,0.81,0.19,0.0,0.3507357299419487
39632981844823800,0.0,0.35,0.65,0.0,0.4670340276877455
39632986785714698,0.0,0.01,0.99,0.0,0.04039656794795559
39632971883351405,0.0,0.97,0.03,0.0,0.0971959289157881
39632986794100678,0.0,0.45,0.55,0.0,0.49638722699390414
39632951830384875,0.0,0.37,0.63,0.0,0.47533604634353294
39632966892128269,0.0,0.12,0.88,0.0,0.2646804326436822
39632956863548879,0.0,0.07,0.93,0.0,0.18296182545011158
39632986798295682,0.0,0.26,0.74,0.0,0.4133731862463089
39632986798295699,0.0,0.8,0.2,0.0,0.36096404744368116
39632961879936205,0.0,0.65,0.35,0.0,0.4670340276877455
39632956880324790,0.0,0.03,0.96,0.01,0.13737165703039006
39632971883348158,0.0,0.95,0.05,0.0,0.14319847855797813
39632951842964444,0.0,0.65,0.35,0.0,0.4670340276877455
39632966913098818,0.0,0.89,0.11,0.0,0.249957979082264
39632976874573164,0.0,0.49,0.51,0.0,0.49985572087640495
39632976874573027,0.0,0.29,0.71,0.0,0.43436062316970225
39632976874572994,0.0,0.82,0.18,0.0,0.34003852286413994
39632956863549117,0.0,0.23,0.77,0.0,0.38900565177326885
39632986785714649,0.0,0.78,0.22,0.0,0.38008375148098283
39632976866184257,0.0,0.01,0.99,0.0,0.04039656794795559
39632976866184071,0.0,0.81,0.19,0.0,0.3507357299419487
39632956888713078,0.0,0.01,0.97,0.02,0.11097036642660543
39632981832241123,0.0,0.11,0.89,0.0,0.249957979082264
39632951821993008,0.0,0.49,0.51,0.0,0.49985572087640495
39632956855160589,0.0,0.65,0.35,0.0,0.4670340276877455
39632966913102230,0.0,0.65,0.35,0.0,0.4670340276877455
39632946776244427,0.0,0.09,0.91,0.0,0.21823490853205144
39632976857796479,0.0,0.1,0.9,0.0,0.2344977967946406
39632961879936350,0.0,0.64,0.36,0.0,0.4713415946277461
39632956855160538,0.0,0.05,0.95,0.0,0.14319847855797813
39632986773128148,0.0,0.08,0.92,0.0,0.2010895951011364
39632961879936660,0.0,0.84,0.16,0.0,0.3171547773202831
39632976857796720,0.0,0.97,0.03,0.0,0.0971959289157881
39632976857796621,0.0,0.0,0.97,0.03,0.0971959289157881
39632966913102541,0.0,0.34,0.66,0.0,0.46240935248651505
39632976899739117,0.0,0.96,0.04,0.0,0.12114609454120741
39632971883351130,0.0,0.14,0.86,0.0,0.292119405821428
39632986806684215,0.0,0.64,0.36,0.0,0.4713415946277461
39632966929875425,0.0,0.27,0.73,0.0,0.42073231810408784
39632986806684668,0.01,0.68,0.31,0.0,0.48429030075228124
39632986806684593,0.0,0.95,0.05,0.0,0.14319847855797813
39632986810877447,0.0,0.49,0.51,0.0,0.49985572087640495
39632986806684316,0.0,0.64,0.36,0.0,0.4713415946277461
39632966921490226,0.0,0.22,0.78,0.0,0.38008375148098283
39632956863549931,0.0,0.36,0.64,0.0,0.4713415946277461
39632961871545682,0.0,0.97,0.03,0.0,0.0971959289157881
39632966892128034,0.0,0.0,0.87,0.13,0.2787190925139945
39632986798295813,0.0,0.87,0.13,0.0,0.2787190925139945
39632966892128110,0.0,0.02,0.98,0.0,0.07072027127091034
39632956888712606,0.0,0.05,0.95,0.0,0.14319847855797813
39632961888324990,0.0,0.47,0.53,0.0,0.4987007942838698
39632966896324249,0.0,0.82,0.18,0.0,0.34003852286413994
39632946767859587,0.0,0.98,0.02,0.0,0.07072027127091034
39632951847162023,0.0,0.75,0.25,0.0,0.4056390622295664
39632986798295608,0.0,0.98,0.02,0.0,0.07072027127091034
39632951842967086,0.0,0.09,0.91,0.0,0.21823490853205144
39632951826190055,0.0,0.0,0.96,0.04,0.12114609454120741
39632961888324488,0.0,0.0,1.0,0.0,-0.0
39632946767859687,0.0,0.6,0.4,0.0,0.4854752972273343
39632981849018469,0.0,0.06,0.94,0.0,0.16372245957723813
39632951826189948,0.0,0.06,0.94,0.0,0.16372245957723813
39632951826189987,0.0,0.05,0.95,0.0,0.14319847855797813
39632976870378037,0.0,0.94,0.06,0.0,0.16372245957723813
39632966900519474,0.0,0.22,0.78,0.0,0.38008375148098283
39632951826189883,0.0,0.11,0.89,0.0,0.249957979082264
39632951826189920,0.0,0.65,0.35,0.0,0.4670340276877455
39632981844821151,0.0,0.34,0.66,0.0,0.46240935248651505
39632971900126513,0.0,0.83,0.17,0.0,0.32885238937210975
39632996659104302,0.0,0.94,0.06,0.0,0.16372245957723813
39632966900516401,0.0,0.02,0.97,0.01,0.11097036642660543
39632956855161208,0.0,0.0,0.99,0.01,0.04039656794795559
39632996659104570,0.0,0.9,0.1,0.0,0.2344977967946406
39632966887932064,0.0,0.86,0.14,0.0,0.292119405821428
39632956876129129,0.0,0.74,0.26,0.0,0.4133731862463089
39632996659104398,0.0,0.92,0.08,0.0,0.2010895951011364
39632971883348475,0.0,0.17,0.83,0.0,0.32885238937210975
39632981853212171,0.0,0.24,0.76,0.0,0.39752013969226113
39632971900125242,0.0,0.35,0.65,0.0,0.4670340276877455
39632996633937625,0.0,0.13,0.87,0.0,0.2787190925139945
39632986806686148,0.0,0.81,0.19,0.0,0.3507357299419487
39633001549661175,0.0,0.09,0.91,0.0,0.21823490853205144
39632976899737707,0.0,0.98,0.02,0.0,0.07072027127091034
39632971883350565,0.0,0.46,0.54,0.0,0.49768921941011285
39632971925291404,0.0,0.35,0.65,0.0,0.4670340276877455
39632961896710214,0.0,0.01,0.99,0.0,0.04039656794795559
39632956855158225,0.0,0.89,0.11,0.0,0.249957979082264
39632961896714259,0.0,0.38,0.62,0.0,0.47902101111314976
39632986777325641,0.0,0.93,0.07,0.0,0.18296182545011158
39632966887936675,0.0,0.75,0.25,0.0,0.4056390622295664
39632956876129297,0.0,0.22,0.78,0.0,0.38008375148098283
39632986773128914,0.0,0.64,0.36,0.0,0.4713415946277461
39632986789907807,0.0,0.99,0.01,0.0,0.04039656794795559
39632966892126666,0.0,0.31,0.69,0.0,0.4465867291889284
39632986789907828,0.0,0.9,0.1,0.0,0.2344977967946406
39632991743380080,0.0,0.2,0.8,0.0,0.36096404744368116
39632971925293825,0.0,0.91,0.09,0.0,0.21823490853205144
39632991743379953,0.0,0.58,0.42,0.0,0.49072694751682683
39632956863549856,0.0,0.28,0.72,0.0,0.4277254052800653
39632961905098941,0.0,0.07,0.93,0.0,0.18296182545011158
39632966929875994,0.0,0.11,0.89,0.0,0.249957979082264
39632986773129008,0.0,0.13,0.87,0.0,0.2787190925139945
39632956888711417,0.0,0.75,0.25,0.0,0.4056390622295664
39632951847159464,0.0,0.01,0.99,0.0,0.04039656794795559
39632971916904775,0.0,0.65,0.35,0.0,0.4670340276877455
39632996633936609,0.0,0.91,0.09,0.0,0.21823490853205144
39633001549660677,0.0,0.0,1.0,0.0,-0.0
39632981857408304,0.0,0.03,0.96,0.01,0.13737165703039006
39632986781519396,0.0,1.0,0.0,0.0,-0.0
39632991743380354,0.0,0.23,0.77,0.0,0.38900565177326885
39632986781519469,0.0,0.92,0.08,0.0,0.2010895951011364
39632991743380558,0.0,0.97,0.03,0.0,0.0971959289157881
39632951855546776,0.0,0.24,0.76,0.0,0.39752013969226113
39632996633937675,0.0,0.59,0.41,0.0,0.488250234378912
39632986806684301,0.0,0.01,0.97,0.02,0.11097036642660543
39632986773128727,0.0,0.02,0.98,0.0,0.07072027127091034
39632971883349905,0.0,0.5,0.5,0.0,0.5
39632986777324091,0.0,0.03,0.97,0.0,0.0971959289157881
39632986773128839,0.0,0.81,0.19,0.0,0.3507357299419487
39632986773128437,0.0,0.13,0.87,0.0,0.2787190925139945
39632986781519856,0.0,0.23,0.77,0.0,0.38900565177326885
39632951842968231,0.0,0.11,0.89,0.0,0.249957979082264
39632976866183396,0.0,0.84,0.16,0.0,0.3171547773202831
39632986773128650,0.0,0.13,0.87,0.0,0.2787190925139945
39632981828046039,0.0,0.0,0.98,0.02,0.07072027127091034
39632971895932459,0.0,0.02,0.98,0.0,0.07072027127091034
39632976895542963,0.0,0.82,0.18,0.0,0.34003852286413994
39632976895543173,0.0,0.07,0.93,0.0,0.18296182545011158
39632956880322655,0.0,0.24,0.76,0.0,0.39752013969226113
39632976866184599,0.0,0.99,0.01,0.0,0.04039656794795559
39632951838771599,0.0,0.16,0.84,0.0,0.3171547773202831
39632966908906737,0.0,0.2,0.8,0.0,0.36096404744368116
39632976857795435,0.0,0.67,0.33,0.0,0.4574631863898637
39632966925681985,0.0,0.29,0.71,0.0,0.43436062316970225
39632951838771655,0.0,0.86,0.14,0.0,0.292119405821428
39632991714018364,0.0,0.57,0.43,0.0,0.4929075185894599
39632966908906596,0.0,0.74,0.26,0.0,0.4133731862463089
39632991714020779,0.0,0.15,0.85,0.0,0.3049201523582002
39632966921487850,0.0,0.55,0.45,0.0,0.49638722699390414
39632966913099961,0.0,0.19,0.81,0.0,0.3507357299419487
39632956850964580,0.0,0.83,0.17,0.0,0.32885238937210975
39632966908906741,0.0,0.77,0.23,0.0,0.38900565177326885
39632966908906774,0.0,0.9,0.1,0.0,0.2344977967946406
39632991734992253,0.0,0.22,0.78,0.0,0.38008375148098283
39632956880322902,0.0,0.0,0.99,0.01,0.04039656794795559
39632986794098784,0.0,0.42,0.58,0.0,0.49072694751682683
39632991730797320,0.01,0.93,0.06,0.0,0.20367037270049304
39632991739184130,0.0,0.19,0.81,0.0,0.3507357299419487
39632976857795281,0.0,0.03,0.97,0.0,0.0971959289157881
39632971883350226,0.0,0.58,0.42,0.0,0.49072694751682683
39632956880323068,0.0,0.02,0.98,0.0,0.07072027127091034
39632981828045680,0.0,0.96,0.04,0.0,0.12114609454120741
39632991709826509,0.0,0.57,0.43,0.0,0.4929075185894599
39632966925681917,0.0,0.51,0.49,0.0,0.49985572087640495
39632961892519757,0.0,0.74,0.26,0.0,0.4133731862463089
39632951838771515,0.0,0.69,0.31,0.0,0.4465867291889284
39632991739184125,0.0,0.05,0.95,0.0,0.14319847855797813
39632991730798958,0.0,0.68,0.32,0.0,0.45219072886224687
39632991730799138,0.0,0.16,0.84,0.0,0.3171547773202831
39632941717914160,0.0,0.14,0.86,0.0,0.292119405821428
39632951838771807,0.0,0.95,0.05,0.0,0.14319847855797813
39632946776246085,0.0,0.01,0.99,0.0,0.04039656794795559
39632991739186517,0.0,0.35,0.65,0.0,0.4670340276877455
39632961896714708,0.0,0.67,0.33,0.0,0.4574631863898637
39632941717914430,0.0,0.4,0.6,0.0,0.4854752972273343
39632971879156025,0.0,0.04,0.96,0.0,0.12114609454120741
39632941717914251,0.0,0.69,0.31,0.0,0.4465867291889284
39632941717914380,0.0,0.93,0.07,0.0,0.18296182545011158
39632986773128471,0.0,0.06,0.94,0.0,0.16372245957723813
39632966900517082,0.0,0.24,0.76,0.0,0.39752013969226113
39632981828044980,0.0,0.01,0.8,0.19,0.3896037431552768
39632971883350390,0.0,0.54,0.46,0.0,0.49768921941011285
39632991709824088,0.0,0.14,0.86,0.0,0.292119405821428
39632996629742990,0.0,0.17,0.83,0.0,0.32885238937210975
39632951847160166,0.0,0.39,0.61,0.0,0.4823997742525436
39632976874570535,0.0,0.29,0.71,0.0,0.43436062316970225
39632976874570790,0.0,0.04,0.96,0.0,0.12114609454120741
39632956871935174,0.0,0.69,0.31,0.0,0.4465867291889284
39632986773128467,0.0,0.0,0.78,0.22,0.38008375148098283
39632986798294029,0.0,0.79,0.21,0.0,0.37074136996563684
39632986781519462,0.0,0.33,0.67,0.0,0.4574631863898637
39632961900910140,0.0,0.81,0.19,0.0,0.3507357299419487
39632976874570840,0.0,0.05,0.95,0.0,0.14319847855797813
39632971883350492,0.0,0.03,0.85,0.12,0.35906475947475236
39632971883350535,0.0,0.0,0.95,0.05,0.14319847855797813
39632986781519389,0.0,0.02,0.98,0.0,0.07072027127091034
39632961900904732,0.0,0.01,0.91,0.08,0.24088153359695552
39632961871545194,0.0,0.23,0.77,0.0,0.38900565177326885
39632946788829462,0.0,0.53,0.47,0.0,0.4987007942838698
39632956884521174,0.0,0.2,0.8,0.0,0.36096404744368116
39632971908514098,0.0,0.01,0.99,0.0,0.04039656794795559
39632966917293184,0.0,0.35,0.65,0.0,0.4670340276877455
39632966883739205,0.0,0.99,0.01,0.0,0.04039656794795559
39632971904323454,0.0,0.41,0.59,0.0,0.488250234378912
39632956859354022,0.0,0.1,0.9,0.0,0.2344977967946406
39632966908906295,0.0,0.04,0.96,0.0,0.12114609454120741
39632966883739303,0.0,0.76,0.24,0.0,0.39752013969226113
39632966913100093,0.0,0.98,0.02,0.0,0.07072027127091034
39632991730799294,0.0,0.04,0.96,0.0,0.12114609454120741
39632966913099785,0.0,0.32,0.68,0.0,0.45219072886224687
39632966913099966,0.0,0.88,0.12,0.0,0.2646804326436822
39632956859354123,0.0,0.42,0.58,0.0,0.49072694751682683
39632961905100908,0.0,0.16,0.84,0.0,0.3171547773202831
39632986789908269,0.0,0.03,0.97,0.0,0.0971959289157881
39632976891349185,0.0,0.25,0.75,0.0,0.4056390622295664
39632981844821250,0.0,0.01,0.99,0.0,0.04039656794795559
39632991730799226,0.0,0.02,0.98,0.0,0.07072027127091034
39632966900519332,0.0,0.45,0.55,0.0,0.49638722699390414
39632986798294524,0.0,0.69,0.31,0.0,0.4465867291889284
39632966900519357,0.0,0.49,0.51,0.0,0.49985572087640495
39632956888713718,0.0,0.99,0.01,0.0,0.04039656794795559
39632961905100304,0.0,0.3,0.7,0.0,0.44064544961534635
39632986781519918,0.0,0.73,0.27,0.0,0.42073231810408784
39632976870375939,0.0,0.95,0.05,0.0,0.14319847855797813
39632951826190065,0.0,0.34,0.66,0.0,0.46240935248651505
39632951826190067,0.0,0.02,0.9,0.08,0.2705942015390087
39632976895546544,0.0,0.39,0.61,0.0,0.4823997742525436
39632976899735736,0.0,0.76,0.24,0.0,0.39752013969226113
39632976866182916,0.0,0.13,0.87,0.0,0.2787190925139945
39632981828045451,0.0,0.0,0.85,0.15,0.3049201523582002
39632981828045309,0.0,0.13,0.87,0.0,0.2787190925139945
39632981828046248,0.0,0.0,0.98,0.02,0.07072027127091034
39632966913099679,0.0,0.34,0.66,0.0,0.46240935248651505
39632981819657180,0.0,1.0,0.0,0.0,-0.0
39633001549663687,0.0,1.0,0.0,0.0,-0.0
39632961875738718,0.0,0.84,0.16,0.0,0.3171547773202831
39632971916907180,0.0,0.02,0.98,0.0,0.07072027127091034
39632991714018186,0.0,0.43,0.57,0.0,0.4929075185894599
39632981828046138,0.0,0.0,1.0,0.0,-0.0
39632991730797276,0.0,0.24,0.76,0.0,0.39752013969226113
39632981819657126,0.0,1.0,0.0,0.0,-0.0
39632971908516852,0.0,0.36,0.64,0.0,0.4713415946277461
39632981849014632,0.0,0.0,1.0,0.0,-0.0
39632981836434630,0.0,0.89,0.11,0.0,0.249957979082264
39632961896714481,0.0,0.28,0.72,0.0,0.4277254052800653
39633001549662298,0.0,0.98,0.02,0.0,0.07072027127091034
39632996659103695,0.0,0.02,0.98,0.0,0.07072027127091034
39633001549662209,0.0,0.02,0.98,0.0,0.07072027127091034
39632986781519257,0.0,0.53,0.47,0.0,0.4987007942838698
39632981828044875,0.0,0.04,0.96,0.0,0.12114609454120741
39632966900517221,0.0,0.29,0.71,0.0,0.43436062316970225
39632966900517397,0.0,0.27,0.73,0.0,0.42073231810408784
39632966900517241,0.0,0.73,0.27,0.0,0.42073231810408784
39632966908906331,0.0,0.25,0.75,0.0,0.4056390622295664
39632966908906414,0.0,0.6,0.4,0.0,0.4854752972273343
39632976878764902,0.0,0.9,0.1,0.0,0.2344977967946406
39632976895545366,0.0,0.34,0.66,0.0,0.46240935248651505
39632996638131564,0.0,1.0,0.0,0.0,-0.0
39632976857794932,0.0,0.9,0.1,0.0,0.2344977967946406
39632946788829527,0.0,0.86,0.14,0.0,0.292119405821428
39632996659103967,0.0,0.51,0.49,0.0,0.49985572087640495
39632996659103929,0.0,0.0,0.65,0.35,0.4670340276877455
39632951847159751,0.0,0.04,0.96,0.0,0.12114609454120741
39632966904712372,0.05,0.89,0.06,0.0,0.30462964071349663
39632971895934770,0.0,0.49,0.51,0.0,0.49985572087640495
39632966892126423,0.0,0.11,0.89,0.0,0.249957979082264
39632976891347742,0.0,1.0,0.0,0.0,-0.0
39632971887545104,0.0,0.83,0.17,0.0,0.32885238937210975
39632966913099942,0.0,0.7,0.3,0.0,0.44064544961534635
39632986781519124,0.0,0.5,0.5,0.0,0.5
39632961896711030,0.0,0.49,0.51,0.0,0.49985572087640495
39632971891740390,0.0,0.18,0.82,0.0,0.34003852286413994
39632976866182436,0.0,0.65,0.35,0.0,0.4670340276877455
39632976866182354,0.0,0.61,0.39,0.0,0.4823997742525436
39632956876129871,0.0,0.17,0.83,0.0,0.32885238937210975
39632946784637391,0.0,0.12,0.88,0.0,0.2646804326436822
39632951826189490,0.0,0.08,0.92,0.0,0.2010895951011364
39632966921487807,0.0,0.97,0.03,0.0,0.0971959289157881
39632961892520873,0.0,0.15,0.85,0.0,0.3049201523582002
39632956859352594,0.0,0.67,0.33,0.0,0.4574631863898637
39632991743378336,0.0,0.24,0.76,0.0,0.39752013969226113
39632961900904938,0.0,0.48,0.52,0.0,0.4994227679976009
39632961900904752,0.0,0.42,0.58,0.0,0.49072694751682683
39632981832237379,0.0,0.08,0.92,0.0,0.2010895951011364
39632961900904924,0.0,0.16,0.84,0.0,0.3171547773202831
39632981832237167,0.0,0.3,0.7,0.0,0.44064544961534635
39632981832237596,0.0,0.99,0.01,0.0,0.04039656794795559
39632956867744414,0.0,0.98,0.02,0.0,0.07072027127091034
39632981832237145,0.0,0.0,0.86,0.14,0.292119405821428
39632951855547094,0.0,0.96,0.04,0.0,0.12114609454120741
39632951847160256,0.0,0.14,0.86,0.0,0.292119405821428
39632956863546434,0.0,0.98,0.02,0.0,0.07072027127091034
39632981857404965,0.0,0.04,0.96,0.0,0.12114609454120741
39632976878764419,0.0,0.01,0.99,0.0,0.04039656794795559
39632976866185223,0.0,0.4,0.6,0.0,0.4854752972273343
39632976866185179,0.0,0.58,0.42,0.0,0.49072694751682683
39632951821992412,0.0,0.24,0.76,0.0,0.39752013969226113
39632951855546952,0.0,1.0,0.0,0.0,-0.0
39632956863546485,0.0,0.84,0.16,0.0,0.3171547773202831
39632966913099954,0.0,0.03,0.96,0.01,0.13737165703039006
39632961875739168,0.0,0.11,0.89,0.0,0.249957979082264
39632966904711648,0.0,0.0,1.0,0.0,-0.0
39632971887544999,0.0,0.09,0.91,0.0,0.21823490853205144
39632961875739053,0.0,0.8,0.2,0.0,0.36096404744368116
39632961875738799,0.0,0.14,0.86,0.0,0.292119405821428
39632996646521330,0.0,0.03,0.97,0.0,0.0971959289157881
39632971925292662,0.0,0.51,0.49,0.0,0.49985572087640495
39632971925292610,0.0,0.52,0.48,0.0,0.4994227679976009
39632986781519240,0.0,0.21,0.79,0.0,0.37074136996563684
39632986781519157,0.0,0.81,0.19,0.0,0.3507357299419487
39632996629745485,0.0,0.24,0.76,0.0,0.39752013969226113
39632996638132322,0.0,0.2,0.8,0.0,0.36096404744368116
39632976903932764,0.0,0.9,0.1,0.0,0.2344977967946406
39632986806684412,0.0,0.83,0.17,0.0,0.32885238937210975
39632976866182267,0.0,0.77,0.23,0.0,0.38900565177326885
39632946772050427,0.0,0.91,0.09,0.0,0.21823490853205144
39632946772050094,0.0,0.96,0.04,0.0,0.12114609454120741
39632951817800746,0.0,1.0,0.0,0.0,-0.0
39632951851355360,0.0,0.39,0.61,0.0,0.4823997742525436
39632951851355394,0.0,0.13,0.87,0.0,0.2787190925139945
39632991709826910,0.0,0.92,0.08,0.0,0.2010895951011364
39632951842964202,0.0,0.0,0.96,0.04,0.12114609454120741
39632971887542496,0.0,0.74,0.26,0.0,0.4133731862463089
39632961896715075,0.0,0.09,0.91,0.0,0.21823490853205144
39632976866182124,0.0,0.06,0.94,0.0,0.16372245957723813
39632966896324146,0.0,0.27,0.73,0.0,0.42073231810408784
39632971883352585,0.0,0.25,0.75,0.0,0.4056390622295664
39632971883352884,0.0,0.89,0.11,0.0,0.249957979082264
39632991734993042,0.0,0.04,0.96,0.0,0.12114609454120741
39632991734993049,0.0,0.23,0.77,0.0,0.38900565177326885
39632946788829216,0.0,0.06,0.94,0.0,0.16372245957723813
39632976866182605,0.0,0.75,0.25,0.0,0.4056390622295664
39632956863548594,0.0,0.03,0.96,0.01,0.13737165703039006
39632946788829228,0.0,0.98,0.02,0.0,0.07072027127091034
39632991709826656,0.0,0.26,0.74,0.0,0.4133731862463089
39632986794098954,0.0,0.51,0.49,0.0,0.49985572087640495
39632951847158999,0.0,0.58,0.42,0.0,0.49072694751682683
39632976899738234,0.0,0.91,0.09,0.0,0.21823490853205144
39632971879155351,0.0,0.64,0.36,0.0,0.4713415946277461
39632981828044948,0.0,0.79,0.21,0.0,0.37074136996563684
39632951847159924,0.0,0.58,0.42,0.0,0.49072694751682683
39632961892518507,0.0,0.3,0.7,0.0,0.44064544961534635
39632971921098475,0.0,0.76,0.24,0.0,0.39752013969226113
39632971904323806,0.0,0.82,0.18,0.0,0.34003852286413994
39632971895931038,0.0,0.67,0.33,0.0,0.4574631863898637
39632946797217761,0.0,0.96,0.04,0.0,0.12114609454120741
39632976866185532,0.0,0.96,0.04,0.0,0.12114609454120741
39632971891737657,0.0,0.07,0.93,0.0,0.18296182545011158
39632951817801092,0.0,0.6,0.4,0.0,0.4854752972273343
39632991705633585,0.0,0.0,1.0,0.0,-0.0
39632976857792717,0.0,0.48,0.52,0.0,0.4994227679976009
39632996659104435,0.0,0.38,0.62,0.0,0.47902101111314976
39632996659104454,0.0,0.13,0.87,0.0,0.2787190925139945
39632966892126275,0.0,0.17,0.83,0.0,0.32885238937210975
39632976899737763,0.0,0.95,0.05,0.0,0.14319847855797813
39632986785713774,0.0,0.96,0.04,0.0,0.12114609454120741
39632966896324376,0.0,0.0,1.0,0.0,-0.0
39632966892126344,0.0,0.55,0.45,0.0,0.49638722699390414
39632956855159890,0.0,0.0,0.98,0.02,0.07072027127091034
39632971925292661,0.04,0.96,0.0,0.0,0.12114609454120741
39632961900904828,0.0,0.02,0.97,0.01,0.11097036642660543
39632976891348122,0.0,0.68,0.32,0.0,0.45219072886224687
39632961917682313,0.0,0.44,0.56,0.0,0.4947937606110278
39632941722111643,0.0,0.86,0.14,0.0,0.292119405821428
39632981844822313,0.0,0.53,0.47,0.0,0.4987007942838698
39632976861990172,0.0,0.01,0.96,0.03,0.13737165703039006
39632976861990228,0.0,0.99,0.01,0.0,0.04039656794795559
39632981823849667,0.0,0.83,0.17,0.0,0.32885238937210975
39632986802488224,0.01,0.93,0.06,0.0,0.20367037270049304
39632981823849908,0.0,0.02,0.98,0.0,0.07072027127091034
39632946767858807,0.0,0.42,0.58,0.0,0.49072694751682683
39632981853212617,0.0,0.2,0.8,0.0,0.36096404744368116
39632986777322502,0.0,0.87,0.13,0.0,0.2787190925139945
39632986777322595,0.0,0.95,0.05,0.0,0.14319847855797813
39632941722111434,0.0,0.57,0.43,0.0,0.4929075185894599
39632981844823035,0.0,1.0,0.0,0.0,-0.0
39632971887543943,0.0,0.41,0.59,0.0,0.488250234378912
39632946767857751,0.0,0.53,0.47,0.0,0.4987007942838698
39632986789907050,0.0,0.77,0.23,0.0,0.38900565177326885
39632941722111422,0.0,0.21,0.79,0.0,0.37074136996563684
39632946767858763,0.0,0.49,0.51,0.0,0.49985572087640495
39632966883739345,0.0,0.75,0.25,0.0,0.4056390622295664
39632941722112174,0.0,0.28,0.72,0.0,0.4277254052800653
39632941722111814,0.0,0.96,0.04,0.0,0.12114609454120741
39632981844822888,0.0,0.41,0.59,0.0,0.488250234378912
39632946776245914,0.01,0.82,0.17,0.0,0.3678974314876692
39632941722110456,0.0,0.08,0.87,0.05,0.3411994718209815
39632996650714970,0.0,0.99,0.01,0.0,0.04039656794795559
39632946784635780,0.0,0.88,0.12,0.0,0.2646804326436822
39632941722112189,0.0,0.06,0.93,0.01,0.20367037270049304
39632986789906668,0.0,0.03,0.93,0.04,0.2174448102113104
39632991739186792,0.0,0.66,0.34,0.0,0.46240935248651505
39632996650714894,0.0,0.44,0.56,0.0,0.4947937606110278
39632981828043101,0.0,0.84,0.16,0.0,0.3171547773202831
39632976891350054,0.0,0.45,0.55,0.0,0.49638722699390414
39632991739186543,0.0,0.59,0.41,0.0,0.488250234378912
39632991739186625,0.0,0.92,0.08,0.0,0.2010895951011364
39632971916903703,0.0,0.88,0.12,0.0,0.2646804326436822
39632991739186782,0.0,0.98,0.02,0.0,0.07072027127091034
39632961909296452,0.0,0.83,0.17,0.0,0.32885238937210975
39632966913100967,0.0,0.82,0.18,0.0,0.34003852286413994
39632966883739181,0.0,0.77,0.23,0.0,0.38900565177326885
39632981853208678,0.0,0.79,0.21,0.0,0.37074136996563684
39632986789906849,0.01,0.99,0.0,0.0,0.04039656794795559
39632991739186702,0.0,0.1,0.9,0.0,0.2344977967946406
39632986789906693,0.0,0.19,0.81,0.0,0.3507357299419487
39632966913099165,0.0,0.66,0.34,0.0,0.46240935248651505
39632996659103292,0.0,0.31,0.69,0.0,0.4465867291889284
39632991739186802,0.0,0.33,0.67,0.0,0.4574631863898637
39632976878765609,0.0,0.46,0.54,0.0,0.49768921941011285
39632976870377502,0.0,0.0,0.91,0.09,0.21823490853205144
39632986798293690,0.0,0.0,0.95,0.05,0.14319847855797813
39632966917296628,0.0,0.94,0.06,0.0,0.16372245957723813
39632961892516384,0.0,0.13,0.87,0.0,0.2787190925139945
39632956880327093,0.0,0.24,0.76,0.0,0.39752013969226113
39632966887935170,0.0,0.32,0.68,0.0,0.45219072886224687
39632986785713787,0.0,0.92,0.08,0.0,0.2010895951011364
39632966900519674,0.0,0.32,0.68,0.0,0.45219072886224687
39632986802488566,0.0,0.12,0.88,0.0,0.2646804326436822
39632996633938361,0.0,0.24,0.76,0.0,0.39752013969226113
39632966908907707,0.0,0.13,0.87,0.0,0.2787190925139945
39632991739183909,0.0,0.01,0.96,0.03,0.13737165703039006
39632981828043154,0.0,0.99,0.01,0.0,0.04039656794795559
39632986802488217,0.0,0.25,0.75,0.0,0.4056390622295664
39632986802488343,0.0,0.1,0.9,0.0,0.2344977967946406
39632986802488272,0.0,0.62,0.38,0.0,0.47902101111314976
39632996650714946,0.0,0.97,0.03,0.0,0.0971959289157881
39632951826187433,0.0,0.06,0.94,0.0,0.16372245957723813
39632996646523758,0.0,0.15,0.85,0.0,0.3049201523582002
39632996633938892,0.0,0.87,0.13,0.0,0.2787190925139945
39632976870377398,0.0,0.0,0.77,0.23,0.38900565177326885
39632966887935451,0.0,0.31,0.69,0.0,0.4465867291889284
39632951826187237,0.0,0.45,0.55,0.0,0.49638722699390414
39632971912711936,0.0,0.04,0.96,0.0,0.12114609454120741
39632961875741292,0.0,0.81,0.19,0.0,0.3507357299419487
39632991730795513,0.0,0.01,0.99,0.0,0.04039656794795559
39632976870378017,0.0,0.0,0.81,0.19,0.3507357299419487
39632986777322873,0.0,0.17,0.83,0.0,0.32885238937210975
39632961875741934,0.0,0.97,0.03,0.0,0.0971959289157881
39632956871938182,0.0,0.86,0.14,0.0,0.292119405821428
39632956859354028,0.0,0.78,0.22,0.0,0.38008375148098283
39632956871938236,0.0,0.62,0.38,0.0,0.47902101111314976
39632976870377867,0.0,0.03,0.97,0.0,0.0971959289157881
39632961871545003,0.0,0.05,0.95,0.0,0.14319847855797813
39632991709825091,0.0,0.0,0.94,0.06,0.16372245957723813
39632976870378009,0.0,0.4,0.6,0.0,0.4854752972273343
39632986777323236,0.0,0.62,0.38,0.0,0.47902101111314976
39632976878764574,0.0,0.18,0.82,0.0,0.34003852286413994
39632961896710935,0.0,0.59,0.41,0.0,0.488250234378912
39632981828045050,0.0,0.11,0.89,0.0,0.249957979082264
39632976870378431,0.0,0.02,0.98,0.0,0.07072027127091034
39632946780438724,0.0,0.49,0.51,0.0,0.49985572087640495
39632951817801145,0.0,0.02,0.98,0.0,0.07072027127091034
39632951838769818,0.0,0.14,0.85,0.01,0.33142210248480686
39632991730795616,0.0,0.02,0.98,0.0,0.07072027127091034
39632991734989227,0.0,0.01,0.99,0.0,0.04039656794795559
39632991734989275,0.0,0.89,0.11,0.0,0.249957979082264
39632946772051368,0.0,0.34,0.66,0.0,0.46240935248651505
39632961888323931,0.0,0.1,0.89,0.01,0.27413031336294724
39632966883741232,0.0,0.34,0.66,0.0,0.46240935248651505
39632981853209826,0.0,0.61,0.39,0.0,0.4823997742525436
39632976861989486,0.0,0.35,0.65,0.0,0.4670340276877455
39632961896711197,0.0,0.71,0.29,0.0,0.43436062316970225
39632991734991145,0.0,0.0,1.0,0.0,-0.0
39632961879935248,0.0,0.91,0.09,0.0,0.21823490853205144
39632971879155682,0.0,0.07,0.93,0.0,0.18296182545011158
39632966883741164,0.0,0.01,0.99,0.0,0.04039656794795559
39632966925680947,0.0,0.26,0.74,0.0,0.4133731862463089
39632966883741111,0.0,0.01,0.99,0.0,0.04039656794795559
39632961879935101,0.0,0.58,0.42,0.0,0.49072694751682683
39632961888323865,0.0,0.16,0.84,0.0,0.3171547773202831
39632976870379250,0.0,0.22,0.78,0.0,0.38008375148098283
39632956859352681,0.0,0.15,0.85,0.0,0.3049201523582002
39632991734989070,0.0,0.77,0.23,0.0,0.38900565177326885
39632971912711856,0.0,0.73,0.27,0.0,0.42073231810408784
39632991730795939,0.0,0.58,0.42,0.0,0.49072694751682683
39632961896711553,0.0,0.8,0.2,0.0,0.36096404744368116
39632946780438746,0.0,0.31,0.69,0.0,0.4465867291889284
39632966925681632,0.0,0.46,0.54,0.0,0.49768921941011285
39632961871547272,0.0,1.0,0.0,0.0,-0.0
39632966925681559,0.0,0.82,0.18,0.0,0.34003852286413994
39632981836433545,0.0,0.74,0.26,0.0,0.4133731862463089
39632966925681530,0.0,0.21,0.79,0.0,0.37074136996563684
39632986781518764,0.0,0.01,0.99,0.0,0.04039656794795559
39632956876132652,0.0,0.42,0.58,0.0,0.49072694751682683
39632996638132256,0.01,0.94,0.05,0.0,0.1832231322266888
39632981849018925,0.0,1.0,0.0,0.0,-0.0
39632981853208623,0.0,0.65,0.35,0.0,0.4670340276877455
39632961888324068,0.0,0.78,0.22,0.0,0.38008375148098283
39632956859354939,0.0,0.51,0.49,0.0,0.49985572087640495
39632951838769936,0.0,0.95,0.05,0.0,0.14319847855797813
39632991734988995,0.0,0.0,0.98,0.02,0.07072027127091034
39632966917297125,0.0,0.11,0.88,0.01,0.28950944366190023
39632956859354006,0.0,0.46,0.54,0.0,0.49768921941011285
39632961875743230,0.02,0.98,0.0,0.0,0.07072027127091034
39632981853210924,0.03,0.97,0.0,0.0,0.0971959289157881
39632986794102657,0.0,0.08,0.92,0.0,0.2010895951011364
39632951834577276,0.0,0.62,0.38,0.0,0.47902101111314976
39632976861991427,0.0,0.41,0.59,0.0,0.488250234378912
39632981836431718,0.0,0.21,0.79,0.0,0.37074136996563684
39632966883741772,0.0,0.31,0.69,0.0,0.4465867291889284
39632951830385037,0.0,0.03,0.97,0.0,0.0971959289157881
39632966921490452,0.0,0.07,0.93,0.0,0.18296182545011158
39632951830385053,0.0,0.25,0.75,0.0,0.4056390622295664
39632986806682607,0.0,0.88,0.12,0.0,0.2646804326436822
39632996629745926,0.0,0.3,0.7,0.0,0.44064544961534635
39632986806682572,0.0,0.98,0.02,0.0,0.07072027127091034
39632966896323740,0.0,0.23,0.77,0.0,0.38900565177326885
39632961879933032,0.0,0.02,0.98,0.0,0.07072027127091034
39632966908906966,0.0,0.4,0.6,0.0,0.4854752972273343
39632966892130094,0.0,0.61,0.39,0.0,0.4823997742525436
39632956867742095,0.0,0.5,0.5,0.0,0.5
39632951826187575,0.0,0.72,0.28,0.0,0.4277254052800653
39632956884518302,0.0,0.66,0.34,0.0,0.46240935248651505
39632981836432018,0.0,0.01,0.99,0.0,0.04039656794795559
39632971891737677,0.0,0.0,0.9,0.1,0.2344977967946406
39632956876132836,0.0,0.71,0.29,0.0,0.43436062316970225
39632946797216487,0.0,0.38,0.62,0.0,0.47902101111314976
39632981832239441,0.0,0.19,0.81,0.0,0.3507357299419487
39632961879936149,0.0,0.42,0.58,0.0,0.49072694751682683
39632971891737047,0.0,0.27,0.73,0.0,0.42073231810408784
39632966908906919,0.0,0.12,0.88,0.0,0.2646804326436822
39632961879933125,0.0,0.91,0.09,0.0,0.21823490853205144
39632951834576743,0.0,0.01,0.99,0.0,0.04039656794795559
39632991734990745,0.0,0.03,0.93,0.04,0.2174448102113104
39632961884127381,0.0,0.74,0.26,0.0,0.4133731862463089
39632961884127592,0.0,0.33,0.67,0.0,0.4574631863898637
39632961884127605,0.0,0.09,0.91,0.0,0.21823490853205144
39632996642328740,0.0,0.33,0.67,0.0,0.4574631863898637
39632986798294274,0.0,0.48,0.52,0.0,0.4994227679976009
39632966908907349,0.0,0.1,0.9,0.0,0.2344977967946406
39632986798294667,0.0,0.01,0.98,0.01,0.08072027127091033
39632951830385253,0.0,0.56,0.44,0.0,0.4947937606110278
39632961884127414,0.0,0.29,0.71,0.0,0.43436062316970225
39632951842965516,0.0,0.62,0.38,0.0,0.47902101111314976
39632966908907520,0.0,0.24,0.76,0.0,0.39752013969226113
39632951830381456,0.0,0.77,0.23,0.0,0.38900565177326885
39632961884127624,0.0,0.29,0.71,0.0,0.43436062316970225
39632976874573789,0.0,0.79,0.21,0.0,0.37074136996563684
39632961900909838,0.0,0.2,0.8,0.0,0.36096404744368116
39632946780438991,0.0,0.89,0.11,0.0,0.249957979082264
39632986802487748,0.0,0.89,0.11,0.0,0.249957979082264
39632986777324353,0.0,1.0,0.0,0.0,-0.0
39632981844822138,0.0,0.39,0.61,0.0,0.4823997742525436
39632976861990500,0.0,0.83,0.17,0.0,0.32885238937210975
39632981836432089,0.0,0.81,0.19,0.0,0.3507357299419487
39632976874573944,0.0,0.06,0.94,0.0,0.16372245957723813
39632961905103416,0.0,0.9,0.1,0.0,0.2344977967946406
39632946788830469,0.0,0.3,0.7,0.0,0.44064544961534635
39632991734990770,0.0,0.0,0.95,0.05,0.14319847855797813
39632976861990182,0.0,0.0,0.95,0.05,0.14319847855797813
39632981836432054,0.0,0.52,0.48,0.0,0.4994227679976009
39632991734990925,0.0,0.35,0.65,0.0,0.4670340276877455
39632981849015475,0.0,0.1,0.9,0.0,0.2344977967946406
39632976870377585,0.0,0.17,0.83,0.0,0.32885238937210975
39632996642328942,0.0,0.21,0.79,0.0,0.37074136996563684
39632956867741841,0.0,0.57,0.43,0.0,0.4929075185894599
39632991714020783,0.0,0.41,0.59,0.0,0.488250234378912
39632981840626128,0.0,0.57,0.43,0.0,0.4929075185894599
39632951830381527,0.0,0.79,0.21,0.0,0.37074136996563684
39632991722406264,0.0,0.33,0.67,0.0,0.4574631863898637
39632981840628882,0.0,0.04,0.96,0.0,0.12114609454120741
39632951842965586,0.01,0.97,0.02,0.0,0.11097036642660543
39632991722407634,0.0,0.93,0.07,0.0,0.18296182545011158
39632976870378245,0.0,0.15,0.85,0.0,0.3049201523582002
39632996642328894,0.0,0.3,0.7,0.0,0.44064544961534635
39632941722109121,0.0,0.84,0.16,0.0,0.3171547773202831
39632981840626405,0.0,0.99,0.01,0.0,0.04039656794795559
39632986773130865,0.0,0.05,0.95,0.0,0.14319847855797813
39632951842965506,0.0,0.11,0.89,0.0,0.249957979082264
39632986789907087,0.0,0.33,0.67,0.0,0.4574631863898637
39632986773130857,0.0,0.11,0.88,0.01,0.28950944366190023
39632951851353199,0.0,0.99,0.01,0.0,0.04039656794795559
39632946776245291,0.0,0.85,0.15,0.0,0.3049201523582002
39632981840628704,0.0,0.0,1.0,0.0,-0.0
39632986781516036,0.0,0.56,0.44,0.0,0.4947937606110278
39632996646523320,0.0,0.06,0.94,0.0,0.16372245957723813
39632981840628657,0.0,0.45,0.55,0.0,0.49638722699390414
39632996646522755,0.0,0.63,0.37,0.0,0.47533604634353294
39632946772051059,0.0,1.0,0.0,0.0,-0.0
39632951842965568,0.0,1.0,0.0,0.0,-0.0
39632971912708197,0.03,0.89,0.08,0.0,0.296452280596498
39632971912711769,0.0,0.65,0.35,0.0,0.4670340276877455
39632971908518729,0.0,0.18,0.82,0.0,0.34003852286413994
39632971908518719,0.0,0.45,0.55,0.0,0.49638722699390414
39632966896324246,0.0,0.32,0.68,0.0,0.45219072886224687
39632986794099584,0.0,0.05,0.95,0.0,0.14319847855797813
39632961896711349,0.0,0.01,0.98,0.01,0.08072027127091033
39632991734991722,0.0,0.01,0.99,0.0,0.04039656794795559
39632951830381117,0.0,0.76,0.24,0.0,0.39752013969226113
39632966904713777,0.0,0.74,0.26,0.0,0.4133731862463089
39632966925682177,0.0,0.5,0.5,0.0,0.5
39632986798294424,0.0,0.0,1.0,0.0,-0.0
39632951830380994,0.0,0.19,0.81,0.0,0.3507357299419487
39632946772050895,0.0,0.27,0.73,0.0,0.42073231810408784
39632981857406324,0.0,0.0,0.95,0.05,0.14319847855797813
39632961888323175,0.0,0.17,0.82,0.01,0.3678974314876692
39632986798294641,0.0,0.48,0.52,0.0,0.4994227679976009
39632966913102451,0.0,0.17,0.83,0.0,0.32885238937210975
39632961892517850,0.0,0.32,0.68,0.0,0.45219072886224687
39632966913102276,0.0,0.97,0.03,0.0,0.0971959289157881
39632956867742991,0.0,0.01,0.98,0.01,0.08072027127091033
39632961892517469,0.0,0.7,0.3,0.0,0.44064544961534635
39632986781516634,0.0,0.75,0.25,0.0,0.4056390622295664
39632981853210014,0.0,0.6,0.4,0.0,0.4854752972273343
39632976895543287,0.0,0.07,0.93,0.0,0.18296182545011158
39632961892517376,0.0,1.0,0.0,0.0,-0.0
39632956859354353,0.0,0.9,0.1,0.0,0.2344977967946406
39632976895543404,0.0,0.0,1.0,0.0,-0.0
39632956859353348,0.0,0.01,0.99,0.0,0.04039656794795559
39632981844822326,0.0,0.58,0.42,0.0,0.49072694751682683
39632956876131203,0.0,0.35,0.65,0.0,0.4670340276877455
39632941722108510,0.0,0.91,0.09,0.0,0.21823490853205144
39632946784635810,0.0,0.25,0.75,0.0,0.4056390622295664
39632961909296344,0.0,0.93,0.07,0.0,0.18296182545011158
39632991709824887,0.0,0.3,0.7,0.0,0.44064544961534635
39632956855157461,0.0,0.98,0.02,0.0,0.07072027127091034
39632981844822692,0.0,0.84,0.16,0.0,0.3171547773202831
39632951830381564,0.0,0.88,0.12,0.0,0.2646804326436822
39632981844823059,0.0,1.0,0.0,0.0,-0.0
39632941722108786,0.0,0.24,0.76,0.0,0.39752013969226113
39632946772051272,0.0,0.21,0.79,0.0,0.37074136996563684
39632961909296333,0.0,0.43,0.57,0.0,0.4929075185894599
39632981853212659,0.0,0.32,0.68,0.0,0.45219072886224687
39632941722111460,0.0,0.45,0.55,0.0,0.49638722699390414
39632946788831444,0.0,0.33,0.67,0.0,0.4574631863898637
39632966896322054,0.0,0.0,0.98,0.02,0.07072027127091034
39632981844822902,0.0,0.96,0.04,0.0,0.12114609454120741
39632946788831090,0.0,0.97,0.03,0.0,0.0971959289157881
39632981844822886,0.0,0.1,0.9,0.0,0.2344977967946406
39632981844823044,0.0,0.97,0.03,0.0,0.0971959289157881
39632941722110527,0.0,0.0,0.97,0.03,0.0971959289157881
39632961909296212,0.0,0.18,0.82,0.0,0.34003852286413994
39632966896322204,0.0,0.01,0.99,0.0,0.04039656794795559
39632986798293429,0.0,0.03,0.97,0.0,0.0971959289157881
39632986777325901,0.0,0.58,0.42,0.0,0.49072694751682683
39632951842964948,0.0,0.61,0.39,0.0,0.4823997742525436
39632956880327491,0.0,0.19,0.81,0.0,0.3507357299419487
39632996646522682,0.0,0.0,0.95,0.05,0.14319847855797813
39632996646522681,0.0,0.28,0.72,0.0,0.4277254052800653
39632966925681083,0.0,0.48,0.52,0.0,0.4994227679976009
39632951851352135,0.0,0.04,0.94,0.02,0.19127133459887283
39632991718213087,0.0,0.0,0.98,0.02,0.07072027127091034
39632981853211968,0.0,0.95,0.05,0.0,0.14319847855797813
39632946780439550,0.0,0.02,0.98,0.0,0.07072027127091034
39632946780439520,0.0,0.07,0.93,0.0,0.18296182545011158
39632961884127936,0.0,0.27,0.73,0.0,0.42073231810408784
39632946780438862,0.0,0.97,0.03,0.0,0.0971959289157881
39632971921100121,0.0,0.22,0.78,0.0,0.38008375148098283
39632961884127763,0.0,0.28,0.72,0.0,0.4277254052800653
39632946793026090,0.0,0.3,0.7,0.0,0.44064544961534635
39632966921488728,0.0,0.2,0.8,0.0,0.36096404744368116
39632951838772534,0.0,0.12,0.88,0.0,0.2646804326436822
39632946780439246,0.0,1.0,0.0,0.0,-0.0
39632956892909386,0.0,0.18,0.82,0.0,0.34003852286413994
39632991709827930,0.0,0.0,1.0,0.0,-0.0
39632961875742953,0.0,0.87,0.13,0.0,0.2787190925139945
39632966913102149,0.0,0.15,0.85,0.0,0.3049201523582002
39632981853211721,0.0,0.75,0.25,0.0,0.4056390622295664
39632986802488117,0.0,0.05,0.95,0.0,0.14319847855797813
39632946780439480,0.0,0.0,0.99,0.01,0.04039656794795559
39632946793024421,0.0,0.34,0.66,0.0,0.46240935248651505
39632961900907728,0.0,0.05,0.95,0.0,0.14319847855797813
39632981832238443,0.0,0.02,0.98,0.0,0.07072027127091034
39632976861989662,0.0,0.08,0.92,0.0,0.2010895951011364
39632946780439645,0.0,0.05,0.95,0.0,0.14319847855797813
39632956884521456,0.0,0.54,0.46,0.0,0.49768921941011285
39632981853210351,0.0,0.44,0.56,0.0,0.4947937606110278
39632946793024444,0.0,0.17,0.83,0.0,0.32885238937210975
39632981853211905,0.0,0.17,0.83,0.0,0.32885238937210975
39632981853211698,0.0,0.83,0.17,0.0,0.32885238937210975
39632971883350019,0.0,0.62,0.38,0.0,0.47902101111314976
39632946793024587,0.0,0.18,0.82,0.0,0.34003852286413994
39632971895931625,0.0,0.72,0.28,0.0,0.4277254052800653
39632986785712249,0.0,0.12,0.88,0.0,0.2646804326436822
39632946793021760,0.0,0.25,0.75,0.0,0.4056390622295664
39632971921100120,0.0,0.98,0.02,0.0,0.07072027127091034
39632971895932746,0.0,0.64,0.36,0.0,0.4713415946277461
39632961909295470,0.0,0.07,0.93,0.0,0.18296182545011158
39632966908904555,0.0,0.16,0.84,0.0,0.3171547773202831
39632946788830794,0.0,0.67,0.33,0.0,0.4574631863898637
39632961900909792,0.0,0.44,0.56,0.0,0.4947937606110278
39632946793024591,0.0,0.01,0.99,0.0,0.04039656794795559
39632946793025960,0.0,0.93,0.07,0.0,0.18296182545011158
39632946793025816,0.0,0.93,0.07,0.0,0.18296182545011158
39632941717917630,0.0,0.71,0.29,0.0,0.43436062316970225
39632981853212102,0.0,0.94,0.06,0.0,0.16372245957723813
39632986777325808,0.0,0.7,0.3,0.0,0.44064544961534635
39632981853212160,0.0,0.04,0.96,0.0,0.12114609454120741
39632946788830938,0.0,0.03,0.97,0.0,0.0971959289157881
39632971895931400,0.0,0.27,0.73,0.0,0.42073231810408784
39632981857405953,0.0,0.16,0.84,0.0,0.3171547773202831
39632981857406207,0.0,0.0,1.0,0.0,-0.0
39632991714021391,0.0,0.32,0.68,0.0,0.45219072886224687
39632961884128011,0.0,0.26,0.74,0.0,0.4133731862463089
39632946772050803,0.0,0.7,0.3,0.0,0.44064544961534635
39632971895931177,0.0,0.91,0.09,0.0,0.21823490853205144
39632951830382461,0.0,0.04,0.96,0.0,0.12114609454120741
39632961909296561,0.0,0.6,0.4,0.0,0.4854752972273343
39632981849015375,0.0,0.53,0.47,0.0,0.4987007942838698
39632941717915313,0.0,0.88,0.12,0.0,0.2646804326436822
39632956867742024,0.0,0.12,0.88,0.0,0.2646804326436822
39632956867742139,0.0,0.01,0.99,0.0,0.04039656794795559
39632986777323609,0.0,0.92,0.08,0.0,0.2010895951011364
39632986777323532,0.0,0.93,0.07,0.0,0.18296182545011158
39632986777323261,0.0,0.85,0.15,0.0,0.3049201523582002
39632996633938713,0.0,0.07,0.93,0.0,0.18296182545011158
39632956880327345,0.0,0.25,0.75,0.0,0.4056390622295664
39632961896714435,0.0,0.14,0.86,0.0,0.292119405821428
39632966887935216,0.0,0.0,0.99,0.01,0.04039656794795559
39632976878766833,0.0,1.0,0.0,0.0,-0.0
39632951851354754,0.0,0.27,0.73,0.0,0.42073231810408784
39632981819657752,0.0,0.6,0.4,0.0,0.4854752972273343
39632966917297031,0.0,0.65,0.35,0.0,0.4670340276877455
39632976878766887,0.0,0.62,0.38,0.0,0.47902101111314976
39632996633938550,0.0,0.83,0.17,0.0,0.32885238937210975
39632976878766665,0.0,0.64,0.36,0.0,0.4713415946277461
39632981853209500,0.0,0.81,0.19,0.0,0.3507357299419487
39632976878766691,0.0,0.41,0.59,0.0,0.488250234378912
39632986785713925,0.0,0.44,0.56,0.0,0.4947937606110278
39632996650713363,0.0,0.82,0.18,0.0,0.34003852286413994
39632996633938689,0.0,0.9,0.1,0.0,0.2344977967946406
39632966917297024,0.0,0.36,0.64,0.0,0.4713415946277461
39632971887543738,0.0,0.18,0.82,0.0,0.34003852286413994
39632956880323106,0.0,0.25,0.75,0.0,0.4056390622295664
39632981832238975,0.0,0.59,0.41,0.0,0.488250234378912
39632961896714842,0.0,0.58,0.42,0.0,0.49072694751682683
39632961896714845,0.0,0.42,0.58,0.0,0.49072694751682683
39632956880322940,0.0,0.28,0.71,0.01,0.46573817837513565
39632956859351554,0.0,0.42,0.58,0.0,0.49072694751682683
39632961896714821,0.0,0.19,0.81,0.0,0.3507357299419487
39632976866181236,0.0,0.0,1.0,0.0,-0.0
39632991718213544,0.0,0.09,0.9,0.01,0.2579475764741046
39632971916907535,0.0,0.8,0.2,0.0,0.36096404744368116
39632951834576807,0.0,0.16,0.84,0.0,0.3171547773202831
39632976878766513,0.0,0.17,0.83,0.0,0.32885238937210975
39632986802487997,0.0,0.55,0.45,0.0,0.49638722699390414
39632986798293933,0.0,0.14,0.86,0.0,0.292119405821428
39632991730795517,0.0,0.51,0.49,0.0,0.49985572087640495
39632956871938675,0.0,0.0,0.99,0.01,0.04039656794795559
39632956876132532,0.0,0.28,0.72,0.0,0.4277254052800653
39632991722406595,0.0,0.79,0.21,0.0,0.37074136996563684
39632961875739085,0.01,0.84,0.15,0.0,0.3441379826496441
39632951826189239,0.0,0.07,0.93,0.0,0.18296182545011158
39632986802488856,0.0,0.32,0.68,0.0,0.45219072886224687
39632976861990373,0.0,0.03,0.97,0.0,0.0971959289157881
39632951830383105,0.0,0.0,0.99,0.01,0.04039656794795559
39632986794100779,0.0,0.8,0.2,0.0,0.36096404744368116
39632961875741887,0.0,0.98,0.02,0.0,0.07072027127091034
39632966908907504,0.0,0.51,0.49,0.0,0.49985572087640495
39632966908908161,0.0,0.56,0.44,0.0,0.4947937606110278
39632966917296937,0.0,0.7,0.3,0.0,0.44064544961534635
39632986802488653,0.0,0.24,0.76,0.0,0.39752013969226113
39632941717915955,0.0,0.46,0.54,0.0,0.49768921941011285
39632966908903501,0.0,0.62,0.38,0.0,0.47902101111314976
39632951851353344,0.0,0.88,0.12,0.0,0.2646804326436822
39632966904713947,0.0,0.02,0.95,0.03,0.1674722434193448
39632946776245554,0.0,0.36,0.64,0.0,0.4713415946277461
39632956850965209,0.01,0.99,0.0,0.0,0.04039656794795559
39632946776245862,0.0,0.31,0.69,0.0,0.4465867291889284
39632951851353486,0.0,0.57,0.43,0.0,0.4929075185894599
39632941713723852,0.0,0.44,0.56,0.0,0.4947937606110278
39632941713723903,0.0,0.42,0.58,0.0,0.49072694751682683
39632956859354533,0.0,0.07,0.93,0.0,0.18296182545011158
39632981849014348,0.0,0.69,0.31,0.0,0.4465867291889284
39632961900909998,0.0,0.76,0.24,0.0,0.39752013969226113
39632981844822989,0.0,0.78,0.22,0.0,0.38008375148098283
39632966900519793,0.0,0.91,0.09,0.0,0.21823490853205144
39632996659102598,0.0,0.55,0.45,0.0,0.49638722699390414
39632966908903507,0.0,0.54,0.46,0.0,0.49768921941011285
39632946772051269,0.0,0.96,0.04,0.0,0.12114609454120741
39632991730795432,0.0,0.36,0.64,0.0,0.4713415946277461
39632946793022369,0.0,0.59,0.41,0.0,0.488250234378912
39632976903932836,0.0,0.5,0.5,0.0,0.5
39632966925681033,0.0,0.73,0.27,0.0,0.42073231810408784
39632961896713174,0.0,0.05,0.95,0.0,0.14319847855797813
39632951838771083,0.0,0.03,0.97,0.0,0.0971959289157881
39632981832238655,0.0,0.96,0.04,0.0,0.12114609454120741
39632961900909256,0.0,0.16,0.84,0.0,0.3171547773202831
39632981832238840,0.0,0.15,0.85,0.0,0.3049201523582002
39632981857406531,0.0,0.47,0.53,0.0,0.4987007942838698
39632971883351737,0.0,0.11,0.89,0.0,0.249957979082264
39632961900909559,0.0,0.1,0.9,0.0,0.2344977967946406
39632956855157049,0.0,0.08,0.92,0.0,0.2010895951011364
39632956855157292,0.0,0.0,0.98,0.02,0.07072027127091034
39632986785712534,0.0,0.04,0.96,0.0,0.12114609454120741
39632956855157314,0.0,0.66,0.34,0.0,0.46240935248651505
39632986785712671,0.0,0.09,0.91,0.0,0.21823490853205144
39632971895931245,0.0,0.53,0.47,0.0,0.4987007942838698
39632946788830655,0.0,0.09,0.91,0.0,0.21823490853205144
39632956855157498,0.0,0.28,0.72,0.0,0.4277254052800653
39632956855157802,0.0,0.17,0.83,0.0,0.32885238937210975
39632946793022255,0.0,0.88,0.12,0.0,0.2646804326436822
39632966896321553,0.0,0.3,0.7,0.0,0.44064544961534635
39632966896321353,0.0,0.62,0.38,0.0,0.47902101111314976
39632991718213098,0.0,0.21,0.79,0.0,0.37074136996563684
39632966883739640,0.0,0.94,0.06,0.0,0.16372245957723813
39632951834577870,0.0,0.68,0.32,0.0,0.45219072886224687
39632961879935354,0.0,0.11,0.89,0.0,0.249957979082264
39632976874571059,0.0,0.24,0.76,0.0,0.39752013969226113
39632956863545586,0.0,0.7,0.3,0.0,0.44064544961534635
39632991739186927,0.0,0.63,0.37,0.0,0.47533604634353294
39632991739183646,0.0,0.46,0.54,0.0,0.49768921941011285
39632991739186919,0.0,0.07,0.93,0.0,0.18296182545011158
39632961900909652,0.0,0.2,0.8,0.0,0.36096404744368116
39632981832239306,0.0,0.52,0.48,0.0,0.4994227679976009
39632981836433363,0.0,0.0,0.97,0.03,0.0971959289157881
39632991734991791,0.0,0.7,0.3,0.0,0.44064544961534635
39632961892517492,0.0,0.01,0.96,0.03,0.13737165703039006
39632991734991764,0.0,0.9,0.1,0.0,0.2344977967946406
39632956859351796,0.0,0.46,0.54,0.0,0.49768921941011285
39632976870378706,0.0,0.0,0.98,0.02,0.07072027127091034
39632956859353156,0.0,0.7,0.3,0.0,0.44064544961534635
39632966892127006,0.0,0.72,0.28,0.0,0.4277254052800653
39632991718213246,0.0,0.38,0.62,0.0,0.47902101111314976
39632991734991020,0.0,0.02,0.98,0.0,0.07072027127091034
39632961888325391,0.0,0.52,0.48,0.0,0.4994227679976009
39632976874574043,0.0,0.28,0.72,0.0,0.4277254052800653
39632991734992165,0.0,0.0,1.0,0.0,-0.0
39632961892517428,0.0,0.73,0.27,0.0,0.42073231810408784
39632996629746008,0.0,0.97,0.03,0.0,0.0971959289157881
39632981844822766,0.01,0.99,0.0,0.0,0.04039656794795559
39632946788828114,0.0,0.74,0.26,0.0,0.4133731862463089
39632986806682401,0.0,0.48,0.52,0.0,0.4994227679976009
39632976899735920,0.0,0.13,0.86,0.01,0.31810566868628926
39632946793022880,0.0,0.66,0.34,0.0,0.46240935248651505
39632976870376410,0.0,0.7,0.3,0.0,0.44064544961534635
39632951826186345,0.0,0.41,0.59,0.0,0.488250234378912
39632951842966190,0.0,0.9,0.1,0.0,0.2344977967946406
39632971891736695,0.0,0.3,0.7,0.0,0.44064544961534635
39632986789908491,0.0,0.06,0.94,0.0,0.16372245957723813
39632946788828324,0.0,0.94,0.06,0.0,0.16372245957723813
39632991705632361,0.0,0.81,0.19,0.0,0.3507357299419487
39632986802488737,0.0,0.92,0.08,0.0,0.2010895951011364
39632971891737260,0.0,0.09,0.91,0.0,0.21823490853205144
39632986802488772,0.0,0.62,0.38,0.0,0.47902101111314976
39632986802488822,0.0,0.96,0.04,0.0,0.12114609454120741
39632961896715065,0.0,0.72,0.28,0.0,0.4277254052800653
39632976870376366,0.0,0.74,0.26,0.0,0.4133731862463089
39632946767858635,0.0,0.62,0.38,0.0,0.47902101111314976
39632996650713842,0.0,0.25,0.75,0.0,0.4056390622295664
39632996650713716,0.0,0.69,0.31,0.0,0.4465867291889284
39632961871545581,0.0,0.76,0.24,0.0,0.39752013969226113
39632961871545618,0.0,1.0,0.0,0.0,-0.0
39632976874571162,0.0,0.44,0.56,0.0,0.4947937606110278
39632986781516019,0.0,0.13,0.87,0.0,0.2787190925139945
39632986781516606,0.0,0.11,0.89,0.0,0.249957979082264
39632966896324133,0.0,0.26,0.74,0.0,0.4133731862463089
39632981828045972,0.0,0.06,0.94,0.0,0.16372245957723813
39632986785710695,0.0,0.11,0.89,0.0,0.249957979082264
39632966921488674,0.0,0.19,0.81,0.0,0.3507357299419487
39632966921488487,0.0,0.2,0.8,0.0,0.36096404744368116
39632961917682909,0.0,0.81,0.19,0.0,0.3507357299419487
39632956855157664,0.0,0.0,0.87,0.13,0.2787190925139945
39632956855157691,0.0,0.81,0.19,0.0,0.3507357299419487
39632981844822567,0.0,0.04,0.96,0.0,0.12114609454120741
39632946793022341,0.0,0.69,0.31,0.0,0.4465867291889284
39632986785710450,0.0,0.01,0.99,0.0,0.04039656794795559
39632956850966457,0.0,0.2,0.8,0.0,0.36096404744368116
39632941722111686,0.0,0.68,0.32,0.0,0.45219072886224687
39632956850966525,0.0,0.66,0.34,0.0,0.46240935248651505
39632956892909316,0.0,0.08,0.92,0.0,0.2010895951011364
39632971879155223,0.0,0.92,0.08,0.0,0.2010895951011364
39632986789907074,0.0,0.59,0.41,0.0,0.488250234378912
39632986789907349,0.0,0.32,0.68,0.0,0.45219072886224687
39632971912712456,0.0,0.67,0.33,0.0,0.4574631863898637
39632971921098960,0.0,0.04,0.96,0.0,0.12114609454120741
39632976866181344,0.0,0.78,0.22,0.0,0.38008375148098283
39632981853211797,0.0,0.79,0.21,0.0,0.37074136996563684
39632986785711576,0.0,0.13,0.87,0.0,0.2787190925139945
39632971912712316,0.0,0.81,0.19,0.0,0.3507357299419487
39632956880326269,0.0,0.07,0.93,0.0,0.18296182545011158
39632971921099830,0.0,0.48,0.52,0.0,0.4994227679976009
39632946793022538,0.0,0.8,0.2,0.0,0.36096404744368116
39632971925291414,0.0,0.09,0.91,0.0,0.21823490853205144
39632981844822603,0.0,0.12,0.88,0.0,0.2646804326436822
39632956850966460,0.0,0.24,0.76,0.0,0.39752013969226113
39632976899736026,0.0,0.22,0.78,0.0,0.38008375148098283
39632976891347417,0.0,0.72,0.28,0.0,0.4277254052800653
39632976891347266,0.0,0.02,0.97,0.01,0.11097036642660543
39632956855157813,0.0,0.99,0.01,0.0,0.04039656794795559
39632956863545717,0.0,0.52,0.48,0.0,0.4994227679976009
39632986806683478,0.0,0.36,0.64,0.0,0.4713415946277461
39632971912712958,0.0,0.29,0.71,0.0,0.43436062316970225
39632981832239408,0.0,0.03,0.97,0.0,0.0971959289157881
39632981832239215,0.0,0.27,0.73,0.0,0.42073231810408784
39632961896714475,0.0,0.65,0.35,0.0,0.4670340276877455
39632976870378403,0.0,0.45,0.55,0.0,0.49638722699390414
39632961909293172,0.0,1.0,0.0,0.0,-0.0
39632966904713697,0.0,0.79,0.21,0.0,0.37074136996563684
39632966904713937,0.0,0.95,0.05,0.0,0.14319847855797813
39632961909293518,0.0,0.81,0.19,0.0,0.3507357299419487
39632966892128286,0.0,0.36,0.64,0.0,0.4713415946277461
39632956880326991,0.0,0.61,0.39,0.0,0.4823997742525436
39632976874570781,0.0,0.99,0.01,0.0,0.04039656794795559
39632981828046779,0.0,0.01,0.99,0.0,0.04039656794795559
39632976903932550,0.0,0.41,0.59,0.0,0.488250234378912
39632956850966162,0.0,0.5,0.5,0.0,0.5
39632986806683311,0.0,0.64,0.36,0.0,0.4713415946277461
39632966883738135,0.0,0.2,0.8,0.0,0.36096404744368116
39632956859353258,0.0,0.36,0.64,0.0,0.4713415946277461
39632986785712966,0.0,0.0,0.82,0.18,0.34003852286413994
39632946776245568,0.0,0.87,0.13,0.0,0.2787190925139945
39632976887155783,0.0,0.27,0.73,0.0,0.42073231810408784
39632961888324832,0.0,0.23,0.77,0.0,0.38900565177326885
39632961888324797,0.0,0.08,0.87,0.05,0.3411994718209815
39632976887155864,0.0,0.22,0.78,0.0,0.38008375148098283
39632986773130363,0.01,0.99,0.0,0.0,0.04039656794795559
39632966896322648,0.0,0.88,0.12,0.0,0.2646804326436822
39632991739187189,0.0,0.56,0.44,0.0,0.4947937606110278
39632991739187196,0.0,0.33,0.67,0.0,0.4574631863898637
39632961875742025,0.0,0.14,0.86,0.0,0.292119405821428
39632986789906412,0.0,0.82,0.18,0.0,0.34003852286413994
39632951826188458,0.0,0.91,0.09,0.0,0.21823490853205144
39632961884130092,0.0,0.47,0.53,0.0,0.4987007942838698
39632971879156499,0.0,0.85,0.15,0.0,0.3049201523582002
39632961892519265,0.0,0.45,0.55,0.0,0.49638722699390414
39632961879933049,0.0,0.02,0.98,0.0,0.07072027127091034
39632976861991480,0.0,0.52,0.48,0.0,0.4994227679976009
39632961879936285,0.0,0.48,0.52,0.0,0.4994227679976009
39632986802490082,0.0,0.3,0.7,0.0,0.44064544961534635
39632961875739157,0.0,0.03,0.97,0.0,0.0971959289157881
39632986777322967,0.0,0.0,0.93,0.07,0.18296182545011158
39632961875739023,0.0,0.05,0.95,0.0,0.14319847855797813
39632991739186535,0.0,0.9,0.1,0.0,0.2344977967946406
39632951826188366,0.0,0.69,0.31,0.0,0.4465867291889284
39632961875738880,0.0,0.08,0.92,0.0,0.2010895951011364
39632991739186529,0.0,0.05,0.95,0.0,0.14319847855797813
39632951838772847,0.0,0.0,0.86,0.14,0.292119405821428
39632996642326334,0.0,0.16,0.84,0.0,0.3171547773202831
39632981832239826,0.0,1.0,0.0,0.0,-0.0
39632946797216459,0.0,0.95,0.05,0.0,0.14319847855797813
39632976891350086,0.0,0.28,0.72,0.0,0.4277254052800653
39632986777325254,0.0,0.0,0.78,0.22,0.38008375148098283
39632971879156507,0.0,0.92,0.08,0.0,0.2010895951011364
39632961900908700,0.0,0.87,0.13,0.0,0.2787190925139945
39632961909296849,0.0,0.53,0.47,0.0,0.4987007942838698
39632961879933757,0.0,0.92,0.08,0.0,0.2010895951011364
39632981849015051,0.0,0.48,0.52,0.0,0.4994227679976009
39632966917292900,0.0,0.94,0.06,0.0,0.16372245957723813
39632961888324851,0.0,0.95,0.05,0.0,0.14319847855797813
39632956867742442,0.0,0.83,0.17,0.0,0.32885238937210975
39632986794102380,0.0,0.7,0.3,0.0,0.44064544961534635
39632986794102040,0.0,0.16,0.84,0.0,0.3171547773202831
39632956867742206,0.0,0.97,0.03,0.0,0.0971959289157881
39632956867742592,0.0,0.06,0.94,0.0,0.16372245957723813
39632956867742568,0.0,0.63,0.37,0.0,0.47533604634353294
39632941722111736,0.0,0.04,0.96,0.0,0.12114609454120741
39632991722406358,0.0,0.07,0.92,0.01,0.22283217282912027
39632986802489905,0.0,0.04,0.96,0.0,0.12114609454120741
39632991714021559,0.0,0.47,0.53,0.0,0.4987007942838698
39632946776245306,0.0,0.69,0.31,0.0,0.4465867291889284
39632986777323515,0.0,1.0,0.0,0.0,-0.0
39632991705630834,0.0,0.27,0.73,0.0,0.42073231810408784
39632946776246029,0.0,0.21,0.79,0.0,0.37074136996563684
39632981836432084,0.0,0.95,0.05,0.0,0.14319847855797813
39632961892516704,0.0,0.21,0.79,0.0,0.37074136996563684
39632956888711927,0.0,0.75,0.25,0.0,0.4056390622295664
39632956888711991,0.0,0.86,0.14,0.0,0.292119405821428
39632956855159559,0.0,0.22,0.78,0.0,0.38008375148098283
39632976891349147,0.0,0.16,0.84,0.0,0.3171547773202831
39632956888711625,0.0,0.71,0.29,0.0,0.43436062316970225
39632956888711415,0.0,0.13,0.87,0.0,0.2787190925139945
39632966913102380,0.0,0.88,0.12,0.0,0.2646804326436822
39632966913102466,0.0,0.14,0.86,0.0,0.292119405821428
39632956888712231,0.0,0.58,0.42,0.0,0.49072694751682683
39632956888712234,0.0,0.09,0.91,0.0,0.21823490853205144
39632961888324374,0.0,0.97,0.03,0.0,0.0971959289157881
39632966913102233,0.0,0.54,0.46,0.0,0.49768921941011285
39632976857794319,0.0,1.0,0.0,0.0,-0.0
39632956888711831,0.0,0.32,0.68,0.0,0.45219072886224687
39632956888712286,0.0,0.93,0.07,0.0,0.18296182545011158
39632966913102207,0.0,0.06,0.93,0.01,0.20367037270049304
39632981853208847,0.0,0.85,0.15,0.0,0.3049201523582002
39632946776245383,0.0,0.59,0.41,0.0,0.488250234378912
39632946767858305,0.0,0.41,0.59,0.0,0.488250234378912
39632971912711283,0.0,0.71,0.29,0.0,0.43436062316970225
39632946780439148,0.0,0.61,0.39,0.0,0.4823997742525436
39632981849015431,0.0,0.91,0.09,0.0,0.21823490853205144
39632961900907984,0.0,0.71,0.29,0.0,0.43436062316970225
39632946780439492,0.07,0.93,0.0,0.0,0.18296182545011158
39632946780439233,0.0,0.07,0.93,0.0,0.18296182545011158
39632981832239350,0.0,0.72,0.28,0.0,0.4277254052800653
39632946780439087,0.0,0.71,0.29,0.0,0.43436062316970225
39632961909297135,0.0,0.88,0.12,0.0,0.2646804326436822
39632946793021550,0.0,0.23,0.77,0.0,0.38900565177326885
39632946793021578,0.0,0.94,0.06,0.0,0.16372245957723813
39632946767858180,0.0,0.01,0.99,0.0,0.04039656794795559
39632971916904317,0.0,0.61,0.39,0.0,0.4823997742525436
39632941722110665,0.0,0.2,0.8,0.0,0.36096404744368116
39632941722110612,0.0,0.08,0.92,0.0,0.2010895951011364
39632986785711709,0.0,0.37,0.63,0.0,0.47533604634353294
39632956888711652,0.0,0.9,0.1,0.0,0.2344977967946406
39632956888711631,0.0,0.57,0.43,0.0,0.4929075185894599
39632981849015505,0.0,0.76,0.24,0.0,0.39752013969226113
39632956855157453,0.0,0.02,0.98,0.0,0.07072027127091034
39632961909296056,0.0,0.22,0.78,0.0,0.38008375148098283
39632991730794871,0.0,0.79,0.21,0.0,0.37074136996563684
39632961909296055,0.0,0.2,0.8,0.0,0.36096404744368116
39632956867742148,0.0,0.77,0.23,0.0,0.38900565177326885
39632961909295844,0.0,0.85,0.15,0.0,0.3049201523582002
39632981849015531,0.0,0.26,0.74,0.0,0.4133731862463089
39632961909296550,0.0,0.02,0.98,0.0,0.07072027127091034
39632981849015496,0.0,0.25,0.75,0.0,0.4056390622295664
39632956867742874,0.0,1.0,0.0,0.0,-0.0
39632981836431624,0.0,0.08,0.92,0.0,0.2010895951011364
39632981836431564,0.0,0.17,0.83,0.0,0.32885238937210975
39632991722409489,0.0,0.88,0.12,0.0,0.2646804326436822
39632991722409584,0.0,0.6,0.4,0.0,0.4854752972273343
39632981819657680,0.0,0.01,0.99,0.0,0.04039656794795559
39632956876133174,0.0,0.17,0.83,0.0,0.32885238937210975
39632956880322762,0.0,0.37,0.63,0.0,0.47533604634353294
39632981853213237,0.0,0.65,0.35,0.0,0.4670340276877455
39632986789906086,0.0,0.81,0.19,0.0,0.3507357299419487
39632951838772895,0.0,0.93,0.07,0.0,0.18296182545011158
39632976857794494,0.0,0.42,0.58,0.0,0.49072694751682683
39632991730795273,0.0,0.62,0.38,0.0,0.47902101111314976
39632956888712008,0.0,0.03,0.97,0.0,0.0971959289157881
39632976857794289,0.0,0.85,0.15,0.0,0.3049201523582002
39632956888711706,0.0,0.88,0.12,0.0,0.2646804326436822
39632956888711866,0.0,0.15,0.85,0.0,0.3049201523582002
39632946776245713,0.0,0.34,0.66,0.0,0.46240935248651505
39632991734990226,0.0,0.4,0.6,0.0,0.4854752972273343
39632976887153725,0.0,0.71,0.29,0.0,0.43436062316970225
39632976891347097,0.0,0.02,0.98,0.0,0.07072027127091034
39632956888711551,0.0,0.52,0.48,0.0,0.4994227679976009
39632956855157548,0.0,0.0,0.96,0.04,0.12114609454120741
39632956855158180,0.0,0.36,0.64,0.0,0.4713415946277461
39632956859355064,0.0,0.23,0.77,0.0,0.38900565177326885
39632991705633329,0.0,0.29,0.71,0.0,0.43436062316970225
39632986802489243,0.0,0.04,0.96,0.0,0.12114609454120741
39632956867743858,0.0,0.3,0.7,0.0,0.44064544961534635
39632971921098649,0.0,0.0,0.95,0.05,0.14319847855797813
39632981853210860,0.0,0.06,0.94,0.0,0.16372245957723813
39632986794101952,0.0,0.19,0.81,0.0,0.3507357299419487
39632996659102531,0.0,0.63,0.37,0.0,0.47533604634353294
39632991734990524,0.0,0.42,0.58,0.0,0.49072694751682683
39632981853210841,0.0,0.59,0.41,0.0,0.488250234378912
39632981853210784,0.0,0.55,0.45,0.0,0.49638722699390414
39632956859355150,0.0,0.21,0.79,0.0,0.37074136996563684
39632981853210620,0.0,0.12,0.88,0.0,0.2646804326436822
39632951826186295,0.0,0.99,0.01,0.0,0.04039656794795559
39632986789905008,0.0,0.47,0.53,0.0,0.4987007942838698
39632976899737079,0.0,0.21,0.79,0.0,0.37074136996563684
39632941722110815,0.01,0.99,0.0,0.0,0.04039656794795559
39632971883351486,0.0,0.01,0.99,0.0,0.04039656794795559
39632976882961674,0.0,0.0,0.97,0.03,0.0971959289157881
39632971891740909,0.0,0.01,0.99,0.0,0.04039656794795559
39632961892517497,0.0,0.11,0.89,0.0,0.249957979082264
39632951821995830,0.0,0.13,0.87,0.0,0.2787190925139945
39632941717916326,0.01,0.84,0.15,0.0,0.3441379826496441
39632941722110007,0.0,0.02,0.98,0.0,0.07072027127091034
39632986785712219,0.01,0.81,0.18,0.0,0.3789955935892812
39632971879154101,0.0,0.43,0.57,0.0,0.4929075185894599
39632941722110585,0.0,0.58,0.42,0.0,0.49072694751682683
39632956850966623,0.0,0.24,0.76,0.0,0.39752013969226113
39632966887935146,0.0,0.97,0.03,0.0,0.0971959289157881
39632961913487576,0.0,0.48,0.52,0.0,0.4994227679976009
39632991734990151,0.01,0.5,0.49,0.0,0.5353601356354551
39632971908514849,0.0,0.34,0.66,0.0,0.46240935248651505
39632946780442305,0.0,0.02,0.98,0.0,0.07072027127091034
39632966913099273,0.0,0.39,0.61,0.0,0.4823997742525436
39632981844822962,0.0,0.71,0.29,0.0,0.43436062316970225
39632981861601402,0.0,0.2,0.8,0.0,0.36096404744368116
39632971908515121,0.0,0.43,0.57,0.0,0.4929075185894599
39632986802488649,0.0,0.81,0.19,0.0,0.3507357299419487
39632976866183436,0.0,0.0,0.93,0.07,0.18296182545011158
39632976887155287,0.0,0.34,0.66,0.0,0.46240935248651505
39632976870376144,0.0,0.1,0.9,0.0,0.2344977967946406
39632976870376215,0.0,0.59,0.41,0.0,0.488250234378912
39632951847157998,0.0,0.83,0.17,0.0,0.32885238937210975
39632976870375925,0.0,0.01,0.95,0.04,0.16124668093016215
39632961871547973,0.0,0.02,0.98,0.0,0.07072027127091034
39632966917295265,0.0,0.51,0.49,0.0,0.49985572087640495
39632961905101400,0.0,0.47,0.53,0.0,0.4987007942838698
39632956859351752,0.0,0.19,0.81,0.0,0.3507357299419487
39632981828044880,0.0,0.37,0.63,0.0,0.47533604634353294
39632981828044898,0.0,0.95,0.05,0.0,0.14319847855797813
39632986802488882,0.0,0.0,1.0,0.0,-0.0
39632981832239223,0.0,0.1,0.9,0.0,0.2344977967946406
39632991734991393,0.0,0.35,0.65,0.0,0.4670340276877455
39632971904321691,0.0,0.15,0.85,0.0,0.3049201523582002
39632971912711852,0.0,0.27,0.73,0.0,0.42073231810408784
39632951830384625,0.0,0.46,0.54,0.0,0.49768921941011285
39632961905099144,0.0,0.88,0.12,0.0,0.2646804326436822
39632991739184448,0.0,1.0,0.0,0.0,-0.0
39632956863547049,0.0,0.81,0.19,0.0,0.3507357299419487
39632991718213681,0.0,0.9,0.1,0.0,0.2344977967946406
39632956892905738,0.0,0.85,0.15,0.0,0.3049201523582002
39632951830381463,0.01,0.98,0.01,0.0,0.08072027127091033
39632981853210069,0.0,0.15,0.85,0.0,0.3049201523582002
39632951826189069,0.0,0.07,0.93,0.0,0.18296182545011158
39632956871938804,0.0,0.0,0.95,0.05,0.14319847855797813
39632961888323925,0.0,0.16,0.84,0.0,0.3171547773202831
39632976895545464,0.0,0.85,0.15,0.0,0.3049201523582002
39632976870378296,0.0,0.01,0.99,0.0,0.04039656794795559
39632961905101269,0.0,0.29,0.71,0.0,0.43436062316970225
39632976866182919,0.0,0.03,0.97,0.0,0.0971959289157881
39632996642328414,0.0,0.28,0.72,0.0,0.4277254052800653
39632961871545101,0.0,0.97,0.03,0.0,0.0971959289157881
39632976870378503,0.0,0.89,0.11,0.0,0.249957979082264
39632976866182979,0.0,0.01,0.99,0.0,0.04039656794795559
39632986794101140,0.0,0.13,0.87,0.0,0.2787190925139945
39632956859352740,0.0,0.17,0.83,0.0,0.32885238937210975
39632956859352803,0.0,0.45,0.55,0.0,0.49638722699390414
39632961888323452,0.0,0.12,0.88,0.0,0.2646804326436822
39632961905101083,0.0,0.85,0.15,0.0,0.3049201523582002
39632941717917293,0.0,0.47,0.53,0.0,0.4987007942838698
39632986794102052,0.0,0.14,0.86,0.0,0.292119405821428
39632941717916508,0.0,0.88,0.12,0.0,0.2646804326436822
39632951830381034,0.0,0.86,0.14,0.0,0.292119405821428
39632946797217653,0.0,0.92,0.08,0.0,0.2010895951011364
39632941717916479,0.0,0.46,0.54,0.0,0.49768921941011285
39632941722111713,0.0,0.07,0.93,0.0,0.18296182545011158
39632946788827571,0.0,0.32,0.68,0.0,0.45219072886224687
39632941717916688,0.0,1.0,0.0,0.0,-0.0
39632941717916809,0.0,0.93,0.07,0.0,0.18296182545011158
39632941717916680,0.0,0.99,0.01,0.0,0.04039656794795559
39632981861600461,0.0,0.27,0.73,0.0,0.42073231810408784
39632971908515209,0.0,0.5,0.5,0.0,0.5
39632971908515126,0.0,0.74,0.26,0.0,0.4133731862463089
39632976861987658,0.0,0.47,0.53,0.0,0.4987007942838698
39632961892517829,0.0,0.79,0.21,0.0,0.37074136996563684
39632961888323236,0.0,0.67,0.33,0.0,0.4574631863898637
39632961892517568,0.0,0.46,0.54,0.0,0.49768921941011285
39632981840626848,0.0,0.72,0.28,0.0,0.4277254052800653
39632961888324085,0.0,0.54,0.46,0.0,0.49768921941011285
39632981861600413,0.0,0.48,0.52,0.0,0.4994227679976009
39632966925681169,0.0,0.71,0.29,0.0,0.43436062316970225
39632976866183777,0.0,0.6,0.4,0.0,0.4854752972273343
39632986768936383,0.0,0.68,0.32,0.0,0.45219072886224687
39632956855159974,0.0,0.21,0.79,0.0,0.37074136996563684
39632971879156595,0.0,0.29,0.71,0.0,0.43436062316970225
39632956855159796,0.0,0.71,0.29,0.0,0.43436062316970225
39632971921099148,0.0,0.03,0.97,0.0,0.0971959289157881
39632966883738035,0.0,0.15,0.85,0.0,0.3049201523582002
39632991734991140,0.0,0.36,0.64,0.0,0.4713415946277461
39632966883737952,0.0,0.96,0.04,0.0,0.12114609454120741
39632971879157735,0.0,0.68,0.32,0.0,0.45219072886224687
39632971887546521,0.0,0.06,0.94,0.0,0.16372245957723813
39632956863547010,0.0,0.1,0.9,0.0,0.2344977967946406
39632981832239125,0.0,0.06,0.94,0.0,0.16372245957723813
39632951830381389,0.0,0.1,0.9,0.0,0.2344977967946406
39632941722108732,0.0,0.68,0.32,0.0,0.45219072886224687
39632946788831672,0.0,0.12,0.88,0.0,0.2646804326436822
39632961909295788,0.0,0.91,0.09,0.0,0.21823490853205144
39632961900908633,0.0,0.9,0.1,0.0,0.2344977967946406
39632976866183642,0.0,0.05,0.95,0.0,0.14319847855797813
39632946772050882,0.0,0.51,0.49,0.0,0.49985572087640495
39632946772050482,0.0,0.5,0.5,0.0,0.5
39632946772050870,0.0,0.28,0.72,0.0,0.4277254052800653
39632986794101155,0.0,0.02,0.98,0.0,0.07072027127091034
39632981844822028,0.0,0.87,0.13,0.0,0.2787190925139945
39632941717916030,0.0,0.79,0.21,0.0,0.37074136996563684
39632941717915998,0.0,0.96,0.04,0.0,0.12114609454120741
39632991722410361,0.02,0.94,0.04,0.0,0.1912713345988728
39633001549665114,0.0,0.02,0.96,0.02,0.14114609454120738
39632976887155994,0.0,0.63,0.37,0.0,0.47533604634353294
39632961896713896,0.0,0.5,0.5,0.0,0.5
39632976857794041,0.0,0.02,0.95,0.03,0.1674722434193448
39632956859353537,0.0,0.01,0.99,0.0,0.04039656794795559
39632991718214065,0.0,0.86,0.14,0.0,0.292119405821428
39632976866181523,0.0,0.06,0.94,0.0,0.16372245957723813
39632981840628056,0.0,0.29,0.71,0.0,0.43436062316970225
39632981844822601,0.0,0.09,0.91,0.0,0.21823490853205144
39632986794101354,0.0,0.87,0.13,0.0,0.2787190925139945
39632986794101930,0.0,0.67,0.33,0.0,0.4574631863898637
39632981844822743,0.0,0.97,0.03,0.0,0.0971959289157881
39632981840628498,0.0,0.67,0.33,0.0,0.4574631863898637
39632961892520094,0.0,0.81,0.19,0.0,0.3507357299419487
39632976857795979,0.0,0.77,0.23,0.0,0.38900565177326885
39632966883738133,0.0,0.06,0.94,0.0,0.16372245957723813
39632981832238468,0.01,0.93,0.06,0.0,0.20367037270049304
39632956859353593,0.0,0.63,0.37,0.0,0.47533604634353294
39632976887155996,0.0,0.89,0.11,0.0,0.249957979082264
39632961900909574,0.0,0.16,0.84,0.0,0.3171547773202831
39632961888322885,0.0,0.17,0.83,0.0,0.32885238937210975
39632961888323371,0.0,0.41,0.59,0.0,0.488250234378912
39633001541274341,0.0,0.02,0.93,0.05,0.2131710453499437
39632961888323588,0.0,0.25,0.75,0.0,0.4056390622295664
39632961888323532,0.0,0.92,0.08,0.0,0.2010895951011364
39632971895934813,0.0,0.39,0.61,0.0,0.4823997742525436
39632966887935177,0.0,0.7,0.3,0.0,0.44064544961534635
39632966896323777,0.0,0.94,0.06,0.0,0.16372245957723813
39632966896323277,0.0,0.02,0.98,0.0,0.07072027127091034
39632946780442753,0.0,0.55,0.45,0.0,0.49638722699390414
39632971891739444,0.0,0.11,0.89,0.0,0.249957979082264
39632971887543811,0.0,0.05,0.95,0.0,0.14319847855797813
39632971891739523,0.0,0.71,0.29,0.0,0.43436062316970225
39632966896323411,0.0,0.33,0.67,0.0,0.4574631863898637
39632976874573897,0.0,0.85,0.15,0.0,0.3049201523582002
39632961905098843,0.0,0.4,0.6,0.0,0.4854752972273343
39632946780442628,0.0,0.79,0.21,0.0,0.37074136996563684
39632986802488748,0.0,0.12,0.88,0.0,0.2646804326436822
39632971908515055,0.0,0.17,0.83,0.0,0.32885238937210975
39632951830380698,0.0,0.0,0.8,0.2,0.36096404744368116
39632986785711731,0.0,1.0,0.0,0.0,-0.0
39632971879158173,0.0,0.47,0.53,0.0,0.4987007942838698
39632971891737151,0.0,0.33,0.67,0.0,0.4574631863898637
39632971912712350,0.0,0.8,0.2,0.0,0.36096404744368116
39632971887546246,0.0,0.55,0.45,0.0,0.49638722699390414
39632971879158326,0.0,0.64,0.36,0.0,0.4713415946277461
39632976870376311,0.0,0.9,0.1,0.0,0.2344977967946406
39632986785713166,0.0,0.29,0.71,0.0,0.43436062316970225
39632956859352709,0.0,0.75,0.25,0.0,0.4056390622295664
39632991726600295,0.0,0.13,0.87,0.0,0.2787190925139945
39632976878766703,0.0,0.83,0.17,0.0,0.32885238937210975
39632976878766613,0.0,0.02,0.98,0.0,0.07072027127091034
39632976878766693,0.0,0.04,0.96,0.0,0.12114609454120741
39632991726600510,0.0,0.5,0.5,0.0,0.5
39633001549662973,0.0,0.55,0.45,0.0,0.49638722699390414
39632986785712928,0.0,0.42,0.58,0.0,0.49072694751682683
39632986785713223,0.0,0.01,0.99,0.0,0.04039656794795559
39632976866184221,0.0,0.0,1.0,0.0,-0.0
39632976887155601,0.0,0.84,0.16,0.0,0.3171547773202831
39632961905099049,0.0,0.28,0.72,0.0,0.4277254052800653
39632976866181278,0.0,0.01,0.99,0.0,0.04039656794795559
39632976866182330,0.0,0.0,0.97,0.03,0.0971959289157881
39632986794101895,0.0,0.42,0.58,0.0,0.49072694751682683
39632966921490964,0.0,0.42,0.58,0.0,0.49072694751682683
39632976866183627,0.0,0.55,0.45,0.0,0.49638722699390414
39632961905098805,0.0,0.03,0.97,0.0,0.0971959289157881
39632991709826387,0.02,0.98,0.0,0.0,0.07072027127091034
39632991739186557,0.0,0.04,0.95,0.01,0.16124668093016215
39632986802489447,0.0,0.26,0.74,0.0,0.4133731862463089
39632986789907179,0.0,0.03,0.97,0.0,0.0971959289157881
39632976899735698,0.0,0.05,0.95,0.0,0.14319847855797813
39632976899735694,0.0,0.54,0.46,0.0,0.49768921941011285
39632981840629441,0.0,0.66,0.34,0.0,0.46240935248651505
39632971891736974,0.0,0.01,0.98,0.01,0.08072027127091033
39632991714018760,0.0,0.05,0.95,0.0,0.14319847855797813
39632991714018899,0.0,0.38,0.62,0.0,0.47902101111314976
39632991714018914,0.0,0.87,0.13,0.0,0.2787190925139945
39632971891741253,0.0,0.88,0.12,0.0,0.2646804326436822
39632951817801182,0.0,0.0,0.97,0.03,0.0971959289157881
39632971891741271,0.0,0.84,0.16,0.0,0.3171547773202831
39632971883352899,0.0,0.84,0.16,0.0,0.3171547773202831
39632971895931074,0.0,0.88,0.12,0.0,0.2646804326436822
39632961875742956,0.0,0.95,0.05,0.0,0.14319847855797813
39632971887542303,0.0,0.48,0.52,0.0,0.4994227679976009
39632976866183974,0.0,0.56,0.44,0.0,0.4947937606110278
39632976866183685,0.0,0.01,0.99,0.0,0.04039656794795559
39632976878765254,0.0,0.17,0.83,0.0,0.32885238937210975
39632976903930596,0.0,0.17,0.83,0.0,0.32885238937210975
39632966908903915,0.0,0.67,0.33,0.0,0.4574631863898637
39632986777323009,0.0,0.96,0.04,0.0,0.12114609454120741
39632976866181208,0.0,0.0,0.98,0.02,0.07072027127091034
39632996638132346,0.0,0.06,0.93,0.01,0.20367037270049304
39632976866181201,0.0,0.96,0.04,0.0,0.12114609454120741
39632986777323088,0.0,0.07,0.93,0.0,0.18296182545011158
39632981853212849,0.0,0.3,0.7,0.0,0.44064544961534635
39632981840628358,0.0,0.93,0.07,0.0,0.18296182545011158
39632976899735712,0.0,0.9,0.1,0.0,0.2344977967946406
39632981840628542,0.0,0.32,0.68,0.0,0.45219072886224687
39632981840628435,0.0,0.91,0.09,0.0,0.21823490853205144
39632971904320725,0.0,0.94,0.06,0.0,0.16372245957723813
39632956863545425,0.0,0.01,0.98,0.01,0.08072027127091033
39632971921098668,0.0,0.02,0.98,0.0,0.07072027127091034
39632996638132053,0.0,0.98,0.02,0.0,0.07072027127091034
39632996638132285,0.0,0.36,0.64,0.0,0.4713415946277461
39632951817800592,0.0,0.43,0.57,0.0,0.4929075185894599
39632971921098539,0.0,0.48,0.52,0.0,0.4994227679976009
39632946776246797,0.0,0.48,0.52,0.0,0.4994227679976009
39632986785713472,0.0,0.19,0.81,0.0,0.3507357299419487
39632986785713560,0.0,0.04,0.96,0.0,0.12114609454120741
39632986785713666,0.0,0.13,0.87,0.0,0.2787190925139945
39632971883348014,0.0,0.32,0.68,0.0,0.45219072886224687
39632981861598466,0.0,0.02,0.98,0.0,0.07072027127091034
39632981828046443,0.0,0.49,0.51,0.0,0.49985572087640495
39632981861598610,0.0,0.25,0.75,0.0,0.4056390622295664
39632971887546406,0.0,0.27,0.73,0.0,0.42073231810408784
39632951821995882,0.0,0.9,0.1,0.0,0.2344977967946406
39632971883348153,0.07,0.93,0.0,0.0,0.18296182545011158
39632941717915972,0.0,0.65,0.35,0.0,0.4670340276877455
39632946793023287,0.0,0.63,0.37,0.0,0.47533604634353294
39632946793023086,0.0,0.94,0.06,0.0,0.16372245957723813
39632946793023270,0.0,0.76,0.24,0.0,0.39752013969226113
39632971916904665,0.0,0.94,0.06,0.0,0.16372245957723813
39632971908517252,0.0,0.19,0.81,0.0,0.3507357299419487
39632976903932802,0.0,0.03,0.97,0.0,0.0971959289157881
39632986802487911,0.0,0.01,0.98,0.01,0.08072027127091033
39632971879158255,0.0,0.43,0.57,0.0,0.4929075185894599
39632956855160748,0.02,0.98,0.0,0.0,0.07072027127091034
39632986802491743,0.0,0.0,0.96,0.04,0.12114609454120741
39632986810877760,0.0,1.0,0.0,0.0,-0.0
39632946784635841,0.0,0.35,0.65,0.0,0.4670340276877455
39632961879936677,0.0,0.66,0.34,0.0,0.46240935248651505
39632991739186852,0.0,0.78,0.22,0.0,0.38008375148098283
39632966900515474,0.0,0.39,0.61,0.0,0.4823997742525436
39632971879156060,0.0,0.62,0.38,0.0,0.47902101111314976
39632956880323319,0.0,0.56,0.44,0.0,0.4947937606110278
39632976857794665,0.0,0.62,0.38,0.0,0.47902101111314976
39632956863548781,0.0,0.19,0.81,0.0,0.3507357299419487
39632991734991979,0.0,0.39,0.61,0.0,0.4823997742525436
39632951830381325,0.0,0.71,0.29,0.0,0.43436062316970225
39632976857796241,0.0,0.69,0.31,0.0,0.4465867291889284
39632966896322920,0.0,0.28,0.72,0.0,0.4277254052800653
39632966896323231,0.0,0.3,0.7,0.0,0.44064544961534635
39632966892127285,0.0,0.64,0.36,0.0,0.4713415946277461
39632951838770289,0.0,0.0,0.99,0.01,0.04039656794795559
39632966892127390,0.0,0.06,0.94,0.0,0.16372245957723813
39632981853209219,0.0,0.51,0.49,0.0,0.49985572087640495
39632956859354754,0.0,0.53,0.47,0.0,0.4987007942838698
39632976874572474,0.0,0.0,0.99,0.01,0.04039656794795559
39632966917297249,0.0,0.8,0.2,0.0,0.36096404744368116
39632981861598884,0.0,0.75,0.25,0.0,0.4056390622295664
39632991726603775,0.0,0.03,0.97,0.0,0.0971959289157881
39632966883741956,0.0,0.93,0.07,0.0,0.18296182545011158
39632956850964720,0.0,0.16,0.84,0.0,0.3171547773202831
39632981861601303,0.0,0.85,0.15,0.0,0.3049201523582002
39632981861601350,0.0,0.4,0.6,0.0,0.4854752972273343
39632956888711755,0.0,0.43,0.57,0.0,0.4929075185894599
39632976857796302,0.0,0.33,0.67,0.0,0.4574631863898637
39632956880326540,0.0,0.92,0.08,0.0,0.2010895951011364
39632951842966022,0.0,0.8,0.2,0.0,0.36096404744368116
39632986802487584,0.0,0.2,0.8,0.0,0.36096404744368116
39632981853212302,0.0,0.16,0.84,0.0,0.3171547773202831
39632976861989865,0.0,0.18,0.82,0.0,0.34003852286413994
39632986777324279,0.0,0.98,0.02,0.0,0.07072027127091034
39632981853212703,0.0,0.14,0.86,0.0,0.292119405821428
39632951851353047,0.0,0.82,0.18,0.0,0.34003852286413994
39632966917292198,0.0,0.37,0.63,0.0,0.47533604634353294
39632946780439487,0.0,0.4,0.6,0.0,0.4854752972273343
39632996650713369,0.0,0.03,0.97,0.0,0.0971959289157881
39632971912709971,0.0,0.81,0.19,0.0,0.3507357299419487
39632966896322723,0.0,0.17,0.83,0.0,0.32885238937210975
39632986785710153,0.0,0.0,1.0,0.0,-0.0
39632966904713672,0.0,0.25,0.75,0.0,0.4056390622295664
39632966904713407,0.0,0.92,0.08,0.0,0.2010895951011364
39632951847160592,0.0,0.93,0.07,0.0,0.18296182545011158
39632966892127720,0.0,0.38,0.62,0.0,0.47902101111314976
39632966892127439,0.0,0.51,0.49,0.0,0.49985572087640495
39632966929875146,0.0,0.87,0.13,0.0,0.2787190925139945
39632951847160492,0.0,0.11,0.89,0.0,0.249957979082264
39632966904713458,0.0,0.01,0.99,0.0,0.04039656794795559
39632966904713730,0.0,0.4,0.6,0.0,0.4854752972273343
39632966925684990,0.0,0.28,0.72,0.0,0.4277254052800653
39632956867741628,0.0,0.76,0.24,0.0,0.39752013969226113
39632976895543265,0.0,0.67,0.33,0.0,0.4574631863898637
39632946772054362,0.0,0.61,0.39,0.0,0.4823997742525436
39632941722111317,0.0,1.0,0.0,0.0,-0.0
39632971887546054,0.0,0.03,0.97,0.0,0.0971959289157881
39632956859354414,0.0,0.91,0.09,0.0,0.21823490853205144
39632961875741911,0.0,0.74,0.26,0.0,0.4133731862463089
39632961875741604,0.0,0.71,0.29,0.0,0.43436062316970225
39632981844820848,0.0,0.14,0.85,0.01,0.33142210248480686
39632956855158222,0.0,0.9,0.1,0.0,0.2344977967946406
39632956855158297,0.0,0.81,0.19,0.0,0.3507357299419487
39632991714021440,0.0,0.37,0.63,0.0,0.47533604634353294
39632986789907641,0.0,0.74,0.26,0.0,0.4133731862463089
39632956867741512,0.0,0.48,0.52,0.0,0.4994227679976009
39632956859352898,0.0,0.24,0.76,0.0,0.39752013969226113
39632991734991041,0.0,0.54,0.46,0.0,0.49768921941011285
39632956859352289,0.0,0.89,0.11,0.0,0.249957979082264
39632946776244812,0.0,0.96,0.04,0.0,0.12114609454120741
39632971921098859,0.0,0.63,0.37,0.0,0.47533604634353294
39632956855158191,0.0,0.27,0.73,0.0,0.42073231810408784
39632956888712207,0.0,0.0,0.98,0.02,0.07072027127091034
39632956888711816,0.0,0.0,0.97,0.03,0.0971959289157881
39632961900908082,0.0,0.26,0.74,0.0,0.4133731862463089
39632991709826187,0.0,0.0,0.94,0.06,0.16372245957723813
39632991726604435,0.0,0.01,0.99,0.0,0.04039656794795559
39632971895932500,0.0,0.5,0.5,0.0,0.5
39632951847160035,0.0,0.21,0.79,0.0,0.37074136996563684
39632996646523732,0.0,1.0,0.0,0.0,-0.0
39632991714017832,0.0,0.51,0.49,0.0,0.49985572087640495
39632991714017852,0.0,0.98,0.02,0.0,0.07072027127091034
39632986806683595,0.0,0.06,0.94,0.0,0.16372245957723813
39632971883348007,0.0,1.0,0.0,0.0,-0.0
39632971895935241,0.0,0.66,0.34,0.0,0.46240935248651505
39632971895933296,0.0,0.65,0.35,0.0,0.4670340276877455
39632961884130242,0.0,0.06,0.94,0.0,0.16372245957723813
39632966929875124,0.0,0.98,0.02,0.0,0.07072027127091034
39632951826186398,0.0,0.46,0.54,0.0,0.49768921941011285
39632946780439125,0.1,0.9,0.0,0.0,0.2344977967946406
39632951826186517,0.0,0.6,0.4,0.0,0.4854752972273343
39632966925685253,0.0,0.3,0.7,0.0,0.44064544961534635
39632956859354363,0.0,0.66,0.34,0.0,0.46240935248651505
39632991718213695,0.0,0.13,0.87,0.0,0.2787190925139945
39632971912709569,0.0,0.94,0.06,0.0,0.16372245957723813
39632986806683510,0.0,0.87,0.13,0.0,0.2787190925139945
39632991718214114,0.0,0.46,0.54,0.0,0.49768921941011285
39632961896713631,0.0,0.61,0.39,0.0,0.4823997742525436
39632951826186738,0.0,0.28,0.72,0.0,0.4277254052800653
39632971895935104,0.0,0.76,0.24,0.0,0.39752013969226113
39632966904713995,0.0,0.68,0.32,0.0,0.45219072886224687
39632981828043732,0.02,0.98,0.0,0.0,0.07072027127091034
39632966925685200,0.0,0.49,0.51,0.0,0.49985572087640495
39632966908903484,0.0,0.72,0.28,0.0,0.4277254052800653
39632981828043926,0.0,0.24,0.76,0.0,0.39752013969226113
39632966904713927,0.0,0.77,0.23,0.0,0.38900565177326885
39632946793025493,0.0,0.94,0.06,0.0,0.16372245957723813
39632971895932191,0.0,0.11,0.88,0.01,0.28950944366190023
39632971887546896,0.0,0.06,0.93,0.01,0.20367037270049304
39632956855157957,0.0,0.73,0.27,0.0,0.42073231810408784
39632956855157901,0.0,0.84,0.16,0.0,0.3171547773202831
39632976903932370,0.0,0.95,0.05,0.0,0.14319847855797813
39632941726302538,0.0,0.71,0.29,0.0,0.43436062316970225
39632941726302534,0.0,0.29,0.71,0.0,0.43436062316970225
39632966904710506,0.0,0.99,0.01,0.0,0.04039656794795559
39633001545470793,0.0,0.8,0.2,0.0,0.36096404744368116
39632966892127163,0.0,0.83,0.17,0.0,0.32885238937210975
39632966892127110,0.0,0.03,0.97,0.0,0.0971959289157881
39632966892127244,0.0,0.58,0.42,0.0,0.49072694751682683
39632971887546682,0.0,0.24,0.76,0.0,0.39752013969226113
39632986777325760,0.0,0.59,0.41,0.0,0.488250234378912
39632951838770382,0.0,0.84,0.16,0.0,0.3171547773202831
39632951838770374,0.0,0.38,0.62,0.0,0.47902101111314976
39632951838770304,0.0,0.3,0.7,0.0,0.44064544961534635
39632986777325558,0.0,0.79,0.21,0.0,0.37074136996563684
39632956859355324,0.0,0.2,0.8,0.0,0.36096404744368116
39632951838770159,0.0,0.33,0.67,0.0,0.4574631863898637
39632951838770709,0.0,0.81,0.19,0.0,0.3507357299419487
39632951842963752,0.0,0.92,0.08,0.0,0.2010895951011364
39632956855158554,0.0,0.7,0.3,0.0,0.44064544961534635
39632986773130145,0.0,0.02,0.98,0.0,0.07072027127091034
39632971891736933,0.0,0.97,0.03,0.0,0.0971959289157881
39632986773130216,0.0,0.53,0.47,0.0,0.4987007942838698
39632976899737277,0.0,0.74,0.26,0.0,0.4133731862463089
39632971887546967,0.0,0.04,0.96,0.0,0.12114609454120741
39632976874573514,0.0,0.95,0.05,0.0,0.14319847855797813
39632946767857362,0.0,0.21,0.79,0.0,0.37074136996563684
39632976861991235,0.0,1.0,0.0,0.0,-0.0
39632941726302353,0.0,0.54,0.46,0.0,0.49768921941011285
39632971879158285,0.0,0.36,0.64,0.0,0.4713415946277461
39632971912709824,0.0,0.96,0.04,0.0,0.12114609454120741
39632976903932418,0.0,0.92,0.08,0.0,0.2010895951011364
39632991743380330,0.0,0.6,0.4,0.0,0.4854752972273343
39632991743380232,0.0,0.77,0.23,0.0,0.38900565177326885
39632976895543057,0.0,0.3,0.7,0.0,0.44064544961534635
39632941726303104,0.0,0.79,0.21,0.0,0.37074136996563684
39632986777325241,0.0,0.06,0.94,0.0,0.16372245957723813
39632986789906972,0.0,0.17,0.83,0.0,0.32885238937210975
39632991718211754,0.0,0.4,0.6,0.0,0.4854752972273343
39632961900908186,0.0,0.07,0.92,0.01,0.22283217282912027
39632981861601794,0.0,0.59,0.41,0.0,0.488250234378912
39632961879933718,0.0,0.19,0.81,0.0,0.3507357299419487
39632986773129660,0.0,0.01,0.99,0.0,0.04039656794795559
39632976899736544,0.0,0.06,0.94,0.0,0.16372245957723813
39632991718211764,0.0,0.32,0.68,0.0,0.45219072886224687
39632976903932357,0.0,0.98,0.02,0.0,0.07072027127091034
39632976899737441,0.0,0.53,0.47,0.0,0.4987007942838698
39632991714021982,0.0,0.0,1.0,0.0,-0.0
39632956855157190,0.0,0.05,0.95,0.0,0.14319847855797813
39632946772050236,0.0,0.22,0.78,0.0,0.38008375148098283
39632991739187255,0.0,0.79,0.21,0.0,0.37074136996563684
39632976899737346,0.0,0.91,0.09,0.0,0.21823490853205144
39632966913100802,0.0,0.73,0.27,0.0,0.42073231810408784
39632971883348165,0.0,0.29,0.71,0.0,0.43436062316970225
39632956855160667,0.0,0.56,0.44,0.0,0.4947937606110278
39632946784633549,0.0,0.92,0.08,0.0,0.2010895951011364
39632961875738767,0.0,0.1,0.9,0.0,0.2344977967946406
39632946767857021,0.0,0.1,0.9,0.0,0.2344977967946406
39632956888712203,0.0,0.81,0.19,0.0,0.3507357299419487
39632951821993327,0.0,0.29,0.71,0.0,0.43436062316970225
39632946767858181,0.0,0.0,0.88,0.12,0.2646804326436822
39632971891736909,0.0,0.66,0.34,0.0,0.46240935248651505
39632946767858380,0.0,0.34,0.66,0.0,0.46240935248651505
39632941717914761,0.0,0.35,0.65,0.0,0.4670340276877455
39632971891736970,0.0,0.22,0.78,0.0,0.38008375148098283
39632971895932502,0.0,0.45,0.55,0.0,0.49638722699390414
39632961900908037,0.0,0.18,0.82,0.0,0.34003852286413994
39632971895931918,0.0,0.04,0.95,0.01,0.16124668093016215
39632971891736748,0.0,0.99,0.01,0.0,0.04039656794795559
39632971895932557,0.0,0.96,0.04,0.0,0.12114609454120741
39633001549660628,0.0,0.12,0.88,0.0,0.2646804326436822
39632966900516530,0.0,0.0,0.94,0.06,0.16372245957723813
39632986806683551,0.0,0.42,0.58,0.0,0.49072694751682683
39633001549660763,0.0,0.06,0.94,0.0,0.16372245957723813
39632966896322840,0.0,0.17,0.83,0.0,0.32885238937210975
39632951821992010,0.0,0.7,0.3,0.0,0.44064544961534635
39632996638132755,0.0,0.18,0.82,0.0,0.34003852286413994
39632986785712764,0.0,0.18,0.82,0.0,0.34003852286413994
39632971883348633,0.0,0.75,0.25,0.0,0.4056390622295664
39632966913100611,0.0,0.6,0.4,0.0,0.4854752972273343
39632986806683772,0.0,0.98,0.02,0.0,0.07072027127091034
39632976891347151,0.0,0.56,0.44,0.0,0.4947937606110278
39632976891347526,0.0,0.9,0.1,0.0,0.2344977967946406
39632946793023150,0.0,0.78,0.22,0.0,0.38008375148098283
39632956867743645,0.0,0.94,0.06,0.0,0.16372245957723813
39632946793023188,0.0,0.44,0.56,0.0,0.4947937606110278
39632971891737030,0.0,0.34,0.66,0.0,0.46240935248651505
39632971891736965,0.0,0.0,0.96,0.04,0.12114609454120741
39632986773130336,0.0,0.03,0.97,0.0,0.0971959289157881
39632966896324151,0.0,0.4,0.6,0.0,0.4854752972273343
39632946780440896,0.0,0.98,0.02,0.0,0.07072027127091034
39632956850966737,0.0,0.31,0.69,0.0,0.4465867291889284
39632956850966644,0.0,0.03,0.97,0.0,0.0971959289157881
39632996646522820,0.0,0.85,0.15,0.0,0.3049201523582002
39632981853212821,0.0,0.08,0.92,0.0,0.2010895951011364
39632976895543416,0.0,0.35,0.65,0.0,0.4670340276877455
39632991722408538,0.0,0.53,0.47,0.0,0.4987007942838698
39632986789905005,0.0,0.65,0.35,0.0,0.4670340276877455
39632986802489015,0.0,0.05,0.95,0.0,0.14319847855797813
39632976895543020,0.0,0.26,0.74,0.0,0.4133731862463089
39632976866184917,0.0,0.24,0.76,0.0,0.39752013969226113
39632991726602314,0.0,0.04,0.96,0.0,0.12114609454120741
39632966925681824,0.0,0.41,0.59,0.0,0.488250234378912
39632986802489103,0.0,0.28,0.72,0.0,0.4277254052800653
39632971916905780,0.0,0.11,0.89,0.0,0.249957979082264
39632981828045833,0.0,0.15,0.85,0.0,0.3049201523582002
39632951847160345,0.0,0.99,0.01,0.0,0.04039656794795559
39632971908514504,0.0,0.03,0.97,0.0,0.0971959289157881
39632946772054272,0.0,1.0,0.0,0.0,-0.0
39632946772054230,0.0,0.42,0.58,0.0,0.49072694751682683
39632971904321883,0.0,0.19,0.81,0.0,0.3507357299419487
39632971904321510,0.0,0.57,0.43,0.0,0.4929075185894599
39632961900908285,0.0,0.94,0.06,0.0,0.16372245957723813
39632986810878305,0.01,0.94,0.05,0.0,0.1832231322266888
39632986810878229,0.0,0.65,0.35,0.0,0.4670340276877455
39632996646523386,0.0,0.81,0.19,0.0,0.3507357299419487
39632976857795753,0.0,1.0,0.0,0.0,-0.0
39632956863545837,0.0,0.65,0.35,0.0,0.4670340276877455
39632991718214184,0.0,0.5,0.5,0.0,0.5
39632961896714155,0.0,0.63,0.37,0.0,0.47533604634353294
39632941713723675,0.0,0.8,0.2,0.0,0.36096404744368116
39632976857794674,0.0,0.12,0.88,0.0,0.2646804326436822
39632966917294596,0.0,0.7,0.3,0.0,0.44064544961534635
39632971895934902,0.0,0.07,0.92,0.01,0.22283217282912027
39632986806683549,0.0,0.29,0.71,0.0,0.43436062316970225
39632966921488162,0.0,0.61,0.39,0.0,0.4823997742525436
39632951847160362,0.0,0.05,0.95,0.0,0.14319847855797813
39632961875741219,0.0,0.23,0.77,0.0,0.38900565177326885
39632971887545785,0.0,0.29,0.71,0.0,0.43436062316970225
39632971895935345,0.0,0.24,0.76,0.0,0.39752013969226113
39632996638132526,0.0,0.01,0.96,0.03,0.13737165703039006
39632996659103779,0.0,0.86,0.14,0.0,0.292119405821428
39632956859355316,0.0,0.74,0.26,0.0,0.4133731862463089
39632991726604188,0.0,0.07,0.93,0.0,0.18296182545011158
39632956863545413,0.0,0.16,0.84,0.0,0.3171547773202831
39632941713723668,0.0,0.55,0.45,0.0,0.49638722699390414
39632986802489369,0.0,0.9,0.1,0.0,0.2344977967946406
39632966883741243,0.0,0.87,0.13,0.0,0.2787190925139945
39632951817799993,0.0,0.32,0.68,0.0,0.45219072886224687
39632956863545715,0.0,0.74,0.26,0.0,0.4133731862463089
39632976857795470,0.0,0.03,0.97,0.0,0.0971959289157881
39632976857795460,0.0,0.0,0.87,0.13,0.2787190925139945
39632976895541826,0.0,0.62,0.38,0.0,0.47902101111314976
39632976882958535,0.0,0.51,0.49,0.0,0.49985572087640495
39632991714018792,0.0,0.93,0.07,0.0,0.18296182545011158
39632976866184923,0.0,0.08,0.92,0.0,0.2010895951011364
39632976866184646,0.0,0.01,0.99,0.0,0.04039656794795559
39632946767858996,0.0,1.0,0.0,0.0,-0.0
39632951817800212,0.0,0.16,0.84,0.0,0.3171547773202831
39632971916906297,0.0,0.81,0.19,0.0,0.3507357299419487
39632966929876402,0.0,0.45,0.55,0.0,0.49638722699390414
39632976891350399,0.0,0.0,0.92,0.08,0.2010895951011364
39632981844820343,0.0,0.5,0.5,0.0,0.5
39632951851355852,0.0,0.37,0.63,0.0,0.47533604634353294
39632971925292890,0.0,0.92,0.08,0.0,0.2010895951011364
39632951851355944,0.0,0.61,0.39,0.0,0.4823997742525436
39632981844823405,0.0,0.23,0.77,0.0,0.38900565177326885
39632961913490487,0.0,0.02,0.98,0.0,0.07072027127091034
39632981823848935,0.0,1.0,0.0,0.0,-0.0
39632981844823366,0.0,1.0,0.0,0.0,-0.0
39632961892519410,0.0,0.31,0.69,0.0,0.4465867291889284
39632996654911944,0.0,0.78,0.22,0.0,0.38008375148098283
39632986798296420,0.0,0.41,0.59,0.0,0.488250234378912
39632966883740674,0.0,0.62,0.38,0.0,0.47902101111314976
39632961892519412,0.0,0.07,0.93,0.0,0.18296182545011158
39632966883740614,0.0,0.06,0.94,0.0,0.16372245957723813
39632986777322636,0.0,0.88,0.12,0.0,0.2646804326436822
39632966921490144,0.0,0.19,0.81,0.0,0.3507357299419487
39632951830381771,0.0,0.2,0.8,0.0,0.36096404744368116
39632961892519483,0.0,0.69,0.31,0.0,0.4465867291889284
39632981823850633,0.0,0.02,0.98,0.0,0.07072027127091034
39632951830381688,0.0,0.02,0.98,0.0,0.07072027127091034
39632971879154393,0.0,0.28,0.72,0.0,0.4277254052800653
39632946788827378,0.0,0.07,0.93,0.0,0.18296182545011158
39633001549661406,0.0,0.94,0.06,0.0,0.16372245957723813
39632986789904853,0.0,0.1,0.9,0.0,0.2344977967946406
39632986789904678,0.0,0.7,0.3,0.0,0.44064544961534635
39632966921490215,0.0,0.74,0.26,0.0,0.4133731862463089
39632956863548282,0.0,0.7,0.3,0.0,0.44064544961534635
39632956863548572,0.0,0.38,0.62,0.0,0.47902101111314976
39632956859353949,0.0,0.08,0.92,0.0,0.2010895951011364
39632951834575648,0.0,0.28,0.72,0.0,0.4277254052800653
39632991726602273,0.0,0.0,0.95,0.05,0.14319847855797813
39632966883739557,0.0,1.0,0.0,0.0,-0.0
39632956867742723,0.0,0.51,0.49,0.0,0.49985572087640495
39632991705633254,0.0,0.02,0.98,0.0,0.07072027127091034
39632971916903155,0.0,0.88,0.12,0.0,0.2646804326436822
39632986794098765,0.0,0.37,0.63,0.0,0.47533604634353294
39632956867742964,0.0,0.23,0.77,0.0,0.38900565177326885
39632951838769860,0.0,0.2,0.8,0.0,0.36096404744368116
39632996654911051,0.0,0.24,0.76,0.0,0.39752013969226113
39632961888324478,0.0,0.57,0.43,0.0,0.4929075185894599
39632966883739625,0.0,0.0,0.96,0.04,0.12114609454120741
39632981844820001,0.0,0.14,0.86,0.0,0.292119405821428
39632981836431650,0.0,0.32,0.68,0.0,0.45219072886224687
39632956863547337,0.0,0.45,0.55,0.0,0.49638722699390414
39632991705632756,0.0,0.23,0.77,0.0,0.38900565177326885
39632966908903521,0.0,0.33,0.67,0.0,0.4574631863898637
39632966904710463,0.0,0.01,0.98,0.01,0.08072027127091033
39632961909297908,0.0,0.0,0.99,0.01,0.04039656794795559
39632986798297020,0.0,0.8,0.2,0.0,0.36096404744368116
39632956859354723,0.0,0.28,0.72,0.0,0.4277254052800653
39632961913487604,0.0,0.72,0.28,0.0,0.4277254052800653
39632951851354438,0.01,0.99,0.0,0.0,0.04039656794795559
39632966904710419,0.0,0.21,0.79,0.0,0.37074136996563684
39632991705630998,0.0,0.07,0.9,0.03,0.2785623417561752
39632956863547616,0.0,0.0,1.0,0.0,-0.0
39632981849016979,0.0,0.19,0.81,0.0,0.3507357299419487
39632956863547566,0.0,0.01,0.97,0.02,0.11097036642660543
39632956863547583,0.0,0.1,0.9,0.0,0.2344977967946406
39632966908903640,0.0,0.06,0.94,0.0,0.16372245957723813
39632956850965920,0.0,0.81,0.19,0.0,0.3507357299419487
39632966892127177,0.0,0.05,0.95,0.0,0.14319847855797813
39632986798297364,0.0,0.14,0.86,0.0,0.292119405821428
39632981832238561,0.0,0.12,0.88,0.0,0.2646804326436822
39632951834578579,0.0,0.22,0.78,0.0,0.38008375148098283
39632986798297567,0.0,0.52,0.48,0.0,0.4994227679976009
39632956850965382,0.0,0.2,0.8,0.0,0.36096404744368116
39632956863548891,0.0,0.77,0.23,0.0,0.38900565177326885
39632981844820577,0.0,0.0,0.96,0.04,0.12114609454120741
39632986798296190,0.0,0.86,0.14,0.0,0.292119405821428
39632956850965202,0.0,0.16,0.84,0.0,0.3171547773202831
39632981840627536,0.0,0.02,0.98,0.0,0.07072027127091034
39632956863547989,0.0,0.07,0.93,0.0,0.18296182545011158
39632971895931443,0.0,0.07,0.93,0.0,0.18296182545011158
39632971887542899,0.0,0.47,0.53,0.0,0.4987007942838698
39632961884129258,0.0,0.45,0.55,0.0,0.49638722699390414
39632981844820211,0.0,0.1,0.9,0.0,0.2344977967946406
39632956863549428,0.0,0.67,0.33,0.0,0.4574631863898637
39632981840628023,0.0,0.54,0.46,0.0,0.49768921941011285
39632956863547974,0.0,0.88,0.12,0.0,0.2646804326436822
39632981844820064,0.0,0.0,1.0,0.0,-0.0
39632956863547734,0.0,0.2,0.8,0.0,0.36096404744368116
39632966904713893,0.0,0.0,1.0,0.0,-0.0
39632966913097800,0.0,0.05,0.94,0.01,0.1832231322266888
39632991722408958,0.0,0.02,0.97,0.01,0.11097036642660543
39632971908515600,0.0,0.43,0.57,0.0,0.4929075185894599
39632981823848680,0.0,0.01,0.99,0.0,0.04039656794795559
39632986789905120,0.0,0.22,0.78,0.0,0.38008375148098283
39632981823848707,0.0,0.01,0.88,0.11,0.28950944366190023
39632971908515810,0.0,0.9,0.1,0.0,0.2344977967946406
39632981823848730,0.0,0.92,0.08,0.0,0.2010895951011364
39632976895543642,0.0,0.74,0.26,0.0,0.4133731862463089
39632956880326167,0.0,0.44,0.56,0.0,0.4947937606110278
39632946776247117,0.0,0.18,0.82,0.0,0.34003852286413994
39632956880326581,0.0,0.25,0.75,0.0,0.4056390622295664
39632946776247388,0.0,0.3,0.7,0.0,0.44064544961534635
39632976895544025,0.0,0.05,0.95,0.0,0.14319847855797813
39632976895544065,0.0,0.66,0.34,0.0,0.46240935248651505
39632961896711873,0.0,0.19,0.81,0.0,0.3507357299419487
39632956880326802,0.0,0.51,0.49,0.0,0.49985572087640495
39632976861988737,0.0,0.24,0.76,0.0,0.39752013969226113
39632966917296911,0.0,0.79,0.21,0.0,0.37074136996563684
39632991722407276,0.0,0.68,0.32,0.0,0.45219072886224687
39632956871936815,0.0,0.82,0.18,0.0,0.34003852286413994
39632956871936863,0.0,0.04,0.96,0.0,0.12114609454120741
39632956880326357,0.0,0.05,0.95,0.0,0.14319847855797813
39632956871936661,0.0,0.48,0.52,0.0,0.4994227679976009
39632991722409455,0.0,0.65,0.35,0.0,0.4670340276877455
39632991722409429,0.0,0.6,0.4,0.0,0.4854752972273343
39632986789904995,0.0,1.0,0.0,0.0,-0.0
39632956871936988,0.0,0.0,0.89,0.11,0.249957979082264
39632981823848658,0.0,0.15,0.85,0.0,0.3049201523582002
39632981828043236,0.0,0.0,0.99,0.01,0.04039656794795559
39632946788827940,0.01,0.99,0.0,0.0,0.04039656794795559
39632981828043474,0.0,0.34,0.66,0.0,0.46240935248651505
39632966925683153,0.0,0.79,0.21,0.0,0.37074136996563684
39632981828043553,0.0,0.02,0.98,0.0,0.07072027127091034
39632956871936648,0.0,0.31,0.69,0.0,0.4465867291889284
39632971908515437,0.0,0.18,0.82,0.0,0.34003852286413994
39632991722407590,0.0,0.45,0.55,0.0,0.49638722699390414
39632981828042781,0.0,0.53,0.47,0.0,0.4987007942838698
39632966917297111,0.0,0.46,0.54,0.0,0.49768921941011285
39632981857403513,0.0,0.12,0.88,0.0,0.2646804326436822
39632961896712175,0.0,0.02,0.98,0.0,0.07072027127091034
39632966900515717,0.0,0.29,0.71,0.0,0.43436062316970225
39632961896713230,0.0,0.6,0.4,0.0,0.4854752972273343
39632956855157757,0.0,0.09,0.91,0.0,0.21823490853205144
39632991734990596,0.02,0.98,0.0,0.0,0.07072027127091034
39632991734989428,0.0,0.71,0.29,0.0,0.43436062316970225
39632961896713080,0.0,0.7,0.3,0.0,0.44064544961534635
39632961884131776,0.0,0.95,0.05,0.0,0.14319847855797813
39632961892519658,0.0,0.27,0.73,0.0,0.42073231810408784
39632976878765055,0.0,0.3,0.7,0.0,0.44064544961534635
39632961892518240,0.0,0.36,0.64,0.0,0.4713415946277461
39632956880325811,0.0,0.95,0.05,0.0,0.14319847855797813
39632956880325739,0.0,0.77,0.23,0.0,0.38900565177326885
39632956880325961,0.0,0.68,0.32,0.0,0.45219072886224687
39632986794100390,0.0,0.93,0.07,0.0,0.18296182545011158
39632961892519280,0.0,0.48,0.52,0.0,0.4994227679976009
39632986794100230,0.0,0.65,0.35,0.0,0.4670340276877455
39632976870376270,0.0,0.0,0.97,0.03,0.0971959289157881
39632961913490371,0.0,0.37,0.63,0.0,0.47533604634353294
39632966921490123,0.0,0.41,0.59,0.0,0.488250234378912
39632961892518405,0.0,0.25,0.75,0.0,0.4056390622295664
39632961892518425,0.0,0.09,0.91,0.0,0.21823490853205144
39632961892518501,0.0,0.26,0.74,0.0,0.4133731862463089
39632986794099724,0.0,0.0,0.88,0.12,0.2646804326436822
39632951847158214,0.0,0.41,0.59,0.0,0.488250234378912
39632961892519176,0.0,0.76,0.24,0.0,0.39752013969226113
39632946784635622,0.0,0.06,0.94,0.0,0.16372245957723813
39632961888321612,0.0,0.25,0.75,0.0,0.4056390622295664
39632946780442726,0.0,0.35,0.65,0.0,0.4670340276877455
39632981832240760,0.0,0.36,0.64,0.0,0.4713415946277461
39632961896714413,0.0,0.82,0.18,0.0,0.34003852286413994
39632941717917593,0.0,0.27,0.73,0.0,0.42073231810408784
39632941717917731,0.0,0.56,0.44,0.0,0.4947937606110278
39632986785712533,0.0,0.27,0.73,0.0,0.42073231810408784
39632981832240422,0.0,0.0,1.0,0.0,-0.0
39632981836433605,0.0,0.0,1.0,0.0,-0.0
39632996638133173,0.0,0.59,0.41,0.0,0.488250234378912
39632966908903913,0.0,0.06,0.94,0.0,0.16372245957723813
39632946793021507,0.0,0.75,0.25,0.0,0.4056390622295664
39632966892127097,0.0,0.11,0.89,0.0,0.249957979082264
39632991730795659,0.0,0.69,0.31,0.0,0.4465867291889284
39632956850965403,0.0,0.37,0.63,0.0,0.47533604634353294
39632946784637375,0.0,0.65,0.35,0.0,0.4670340276877455
39632951851353900,0.0,0.04,0.96,0.0,0.12114609454120741
39632981823848834,0.0,0.86,0.14,0.0,0.292119405821428
39632946793021669,0.0,0.34,0.66,0.0,0.46240935248651505
39632956863546891,0.0,0.44,0.56,0.0,0.4947937606110278
39632981823849000,0.0,0.44,0.56,0.0,0.4947937606110278
39632951817800760,0.0,0.39,0.61,0.0,0.4823997742525436
39632951830381114,0.0,0.63,0.37,0.0,0.47533604634353294
39632991722405964,0.19,0.81,0.0,0.0,0.3507357299419487
39632991709825328,0.0,0.63,0.37,0.0,0.47533604634353294
39632986798294940,0.0,0.49,0.51,0.0,0.49985572087640495
39632946780439375,0.0,0.92,0.08,0.0,0.2010895951011364
39632966917295732,0.0,0.38,0.62,0.0,0.47902101111314976
39632941722110145,0.0,0.61,0.39,0.0,0.4823997742525436
39632951826188671,0.0,0.36,0.64,0.0,0.4713415946277461
39632966925684515,0.0,0.01,0.98,0.01,0.08072027127091033
39632946780439648,0.0,0.82,0.18,0.0,0.34003852286413994
39632946780439421,0.0,0.28,0.72,0.0,0.4277254052800653
39632986798294775,0.0,0.14,0.86,0.0,0.292119405821428
39632981853209403,0.0,0.32,0.68,0.0,0.45219072886224687
39632981849016043,0.0,0.23,0.77,0.0,0.38900565177326885
39632981853209250,0.0,0.39,0.61,0.0,0.4823997742525436
39632991722409257,0.0,0.34,0.66,0.0,0.46240935248651505
39632966917292582,0.0,0.52,0.48,0.0,0.4994227679976009
39632986789907564,0.0,0.98,0.02,0.0,0.07072027127091034
39632946776246760,0.0,0.45,0.55,0.0,0.49638722699390414
39632946776246905,0.0,0.0,0.97,0.03,0.0971959289157881
39632991709825486,0.0,0.04,0.96,0.0,0.12114609454120741
39632956880325091,0.0,0.34,0.66,0.0,0.46240935248651505
39632956859353917,0.0,0.18,0.82,0.0,0.34003852286413994
39632986781517395,0.0,0.03,0.96,0.01,0.13737165703039006
39632986781517405,0.0,0.91,0.09,0.0,0.21823490853205144
39632956880325117,0.0,0.75,0.25,0.0,0.4056390622295664
39632996650716928,0.0,1.0,0.0,0.0,-0.0
39632956863548443,0.0,0.72,0.28,0.0,0.4277254052800653
39632981828042884,0.0,0.41,0.59,0.0,0.488250234378912
39632996654908641,0.0,0.09,0.9,0.01,0.2579475764741046
39632996654908471,0.0,0.2,0.8,0.0,0.36096404744368116
39632981828042898,0.0,0.48,0.52,0.0,0.4994227679976009
39632981836435369,0.0,0.96,0.04,0.0,0.12114609454120741
39632971908515426,0.0,0.41,0.59,0.0,0.488250234378912
39632996654908237,0.0,0.2,0.8,0.0,0.36096404744368116
39632996654909834,0.0,0.25,0.75,0.0,0.4056390622295664
39632996654909953,0.0,0.21,0.79,0.0,0.37074136996563684
39632996654908023,0.0,0.14,0.86,0.0,0.292119405821428
39632981823852703,0.0,1.0,0.0,0.0,-0.0
39632956867742799,0.0,0.76,0.24,0.0,0.39752013969226113
39632966892129322,0.0,0.53,0.47,0.0,0.4987007942838698
39632956880324786,0.0,0.13,0.87,0.0,0.2787190925139945
39632956867741803,0.0,0.88,0.12,0.0,0.2646804326436822
39632976870377258,0.0,0.17,0.83,0.0,0.32885238937210975
39632971908515160,0.0,0.94,0.06,0.0,0.16372245957723813
39632996642329189,0.0,0.7,0.3,0.0,0.44064544961534635
39632951838770306,0.0,0.84,0.16,0.0,0.3171547773202831
39632966904713505,0.0,0.85,0.15,0.0,0.3049201523582002
39632981840626805,0.0,0.95,0.05,0.0,0.14319847855797813
39632996638132121,0.0,0.88,0.12,0.0,0.2646804326436822
39632956863549225,0.0,0.3,0.7,0.0,0.44064544961534635
39632996638132234,0.0,0.17,0.83,0.0,0.32885238937210975
39632996638132411,0.0,0.35,0.65,0.0,0.4670340276877455
39632961896712167,0.0,0.0,0.97,0.03,0.0971959289157881
39632956880325346,0.0,0.97,0.03,0.0,0.0971959289157881
39632956880324455,0.0,0.95,0.05,0.0,0.14319847855797813
39632976895543935,0.0,0.18,0.82,0.0,0.34003852286413994
39632956880324272,0.0,0.3,0.7,0.0,0.44064544961534635
39632961905101876,0.0,0.29,0.71,0.0,0.43436062316970225
39632966904709500,0.0,0.57,0.43,0.0,0.4929075185894599
39632966892129560,0.0,0.0,0.99,0.01,0.04039656794795559
39632961892518298,0.0,0.1,0.9,0.0,0.2344977967946406
39632976870376419,0.0,0.09,0.91,0.0,0.21823490853205144
39632966892129502,0.0,0.23,0.77,0.0,0.38900565177326885
39632966913097832,0.0,0.06,0.94,0.0,0.16372245957723813
39632966892128845,0.0,0.99,0.01,0.0,0.04039656794795559
39632991730795544,0.0,0.02,0.98,0.0,0.07072027127091034
39632951838771505,0.0,0.37,0.63,0.0,0.47533604634353294
39632996638132416,0.0,0.48,0.52,0.0,0.4994227679976009
39632961896711978,0.0,0.07,0.93,0.0,0.18296182545011158
39632966908904199,0.0,0.78,0.22,0.0,0.38008375148098283
39632966921488564,0.0,0.49,0.51,0.0,0.49985572087640495
39632956863548472,0.0,0.0,0.9,0.1,0.2344977967946406
39632951830381542,0.0,0.42,0.58,0.0,0.49072694751682683
39632956880325669,0.0,0.06,0.94,0.0,0.16372245957723813
39632956863548103,0.0,0.08,0.92,0.0,0.2010895951011364
39632996654909230,0.0,0.81,0.19,0.0,0.3507357299419487
39632991718216218,0.0,0.05,0.95,0.0,0.14319847855797813
39632996654909179,0.0,0.26,0.74,0.0,0.4133731862463089
39632961888325745,0.0,0.09,0.91,0.0,0.21823490853205144
39632961913491075,0.01,0.88,0.11,0.0,0.28950944366190023
39632961888324427,0.0,0.32,0.68,0.0,0.45219072886224687
39632981840626731,0.0,0.58,0.42,0.0,0.49072694751682683
39632966887933056,0.0,0.72,0.28,0.0,0.4277254052800653
39632946776246873,0.0,0.0,0.89,0.11,0.249957979082264
39632941722108145,0.0,0.99,0.01,0.0,0.04039656794795559
39632961909296512,0.0,0.25,0.75,0.0,0.4056390622295664
39632951847160249,0.0,0.3,0.7,0.0,0.44064544961534635
39632966917295212,0.01,0.96,0.03,0.0,0.13737165703039006
39632966925683253,0.03,0.77,0.2,0.0,0.45324802972027173
39633001549664360,0.0,0.25,0.75,0.0,0.4056390622295664
39632966925683373,0.0,0.53,0.47,0.0,0.4987007942838698
39632991718213129,0.0,0.19,0.81,0.0,0.3507357299419487
39632956876130733,0.0,0.89,0.11,0.0,0.249957979082264
39632966921490006,0.0,0.01,0.99,0.0,0.04039656794795559
39632981861599691,0.0,0.22,0.78,0.0,0.38008375148098283
39632956884521265,0.0,0.28,0.72,0.0,0.4277254052800653
39632986798294578,0.0,0.1,0.9,0.0,0.2344977967946406
39632976878765946,0.0,0.86,0.14,0.0,0.292119405821428
39632966921489980,0.0,0.4,0.6,0.0,0.4854752972273343
39632956880326316,0.0,0.99,0.01,0.0,0.04039656794795559
39632946780440804,0.0,0.76,0.24,0.0,0.39752013969226113
39632966913098028,0.0,0.5,0.5,0.0,0.5
39632986802488123,0.0,0.32,0.68,0.0,0.45219072886224687
39632951821992881,0.0,0.18,0.82,0.0,0.34003852286413994
39632961905103490,0.0,0.94,0.06,0.0,0.16372245957723813
39632961879935966,0.0,0.28,0.72,0.0,0.4277254052800653
39632966917293709,0.0,0.67,0.33,0.0,0.4574631863898637
39632961896712823,0.0,0.88,0.12,0.0,0.2646804326436822
39632966904713768,0.0,0.89,0.11,0.0,0.249957979082264
39632986798294295,0.0,0.01,0.99,0.0,0.04039656794795559
39632976878765450,0.0,0.66,0.34,0.0,0.46240935248651505
39632986785712740,0.0,1.0,0.0,0.0,-0.0
39632966900515816,0.0,0.5,0.5,0.0,0.5
39632976861990492,0.0,0.02,0.95,0.03,0.1674722434193448
39632981861600046,0.0,0.05,0.94,0.01,0.1832231322266888
39632976878765865,0.0,0.9,0.1,0.0,0.2344977967946406
39632986798294392,0.0,0.53,0.47,0.0,0.4987007942838698
39632996638131362,0.0,0.61,0.39,0.0,0.4823997742525436
39632981844821775,0.0,0.74,0.26,0.0,0.4133731862463089
39632951838772176,0.0,0.19,0.81,0.0,0.3507357299419487
39632976878765537,0.0,0.33,0.67,0.0,0.4574631863898637
39632956880326748,0.0,0.23,0.77,0.0,0.38900565177326885
39632946776244687,0.0,0.04,0.93,0.03,0.2174448102113104
39632956880326641,0.0,0.49,0.51,0.0,0.49985572087640495
39632951821995681,0.0,0.36,0.64,0.0,0.4713415946277461
39632966892129209,0.0,0.78,0.22,0.0,0.38008375148098283
39632956880326401,0.0,0.24,0.76,0.0,0.39752013969226113
39632966883740008,0.0,0.18,0.82,0.0,0.34003852286413994
39632966904713456,0.0,0.18,0.82,0.0,0.34003852286413994
39632966904713576,0.0,0.25,0.75,0.0,0.4056390622295664
39632966883739935,0.0,0.91,0.09,0.0,0.21823490853205144
39632996654910910,0.0,0.93,0.07,0.0,0.18296182545011158
39632971912710352,0.0,0.93,0.07,0.0,0.18296182545011158
39632966913102484,0.0,0.1,0.9,0.0,0.2344977967946406
39632951847161357,0.0,0.93,0.07,0.0,0.18296182545011158
39632961892518087,0.0,0.94,0.06,0.0,0.16372245957723813
39632961896711928,0.0,0.6,0.4,0.0,0.4854752972273343
39632986794100942,0.0,0.16,0.84,0.0,0.3171547773202831
39632951847161388,0.0,0.02,0.98,0.0,0.07072027127091034
39632971883350148,0.0,0.03,0.97,0.0,0.0971959289157881
39632966917293952,0.0,0.55,0.45,0.0,0.49638722699390414
39632966892129725,0.0,0.74,0.26,0.0,0.4133731862463089
39632996654910571,0.0,0.2,0.8,0.0,0.36096404744368116
39632996654910898,0.0,0.67,0.33,0.0,0.4574631863898637
39632971883350139,0.0,0.36,0.64,0.0,0.4713415946277461
39632996638132508,0.0,0.92,0.08,0.0,0.2010895951011364
39632966913102389,0.0,0.25,0.75,0.0,0.4056390622295664
39632996638132233,0.0,0.03,0.97,0.0,0.0971959289157881
39632976895543706,0.0,0.55,0.45,0.0,0.49638722699390414
39632956859352466,0.0,0.0,0.97,0.03,0.0971959289157881
39632976895543587,0.0,0.0,1.0,0.0,-0.0
39632991709826099,0.0,0.0,0.97,0.03,0.0971959289157881
39632941722108215,0.0,0.11,0.89,0.0,0.249957979082264
39632996638132338,0.0,0.5,0.5,0.0,0.5
39632951821995737,0.0,0.68,0.32,0.0,0.45219072886224687
39632951838772265,0.0,0.0,1.0,0.0,-0.0
39632996654910115,0.0,0.64,0.36,0.0,0.4713415946277461
39632956880326415,0.01,0.99,0.0,0.0,0.04039656794795559
39632956880326411,0.0,0.9,0.1,0.0,0.2344977967946406
39632986810878090,0.04,0.95,0.01,0.0,0.16124668093016215
39632981819658037,0.0,0.97,0.03,0.0,0.0971959289157881
39632986789906505,0.0,0.06,0.94,0.0,0.16372245957723813
39632981819658080,0.0,0.95,0.05,0.0,0.14319847855797813
39632971916902693,0.0,0.77,0.23,0.0,0.38900565177326885
39632956863547990,0.0,0.02,0.98,0.0,0.07072027127091034
39632986781517429,0.0,0.05,0.95,0.0,0.14319847855797813
39632966900519744,0.0,0.14,0.86,0.0,0.292119405821428
39632971916902452,0.0,0.09,0.91,0.0,0.21823490853205144
39632966883740876,0.0,0.91,0.09,0.0,0.21823490853205144
39632991705633075,0.0,0.01,0.96,0.03,0.13737165703039006
39632971916902725,0.0,0.53,0.47,0.0,0.4987007942838698
39632971879156538,0.0,0.49,0.51,0.0,0.49985572087640495
39632956884520284,0.0,0.19,0.81,0.0,0.3507357299419487
39632971916902540,0.0,0.33,0.67,0.0,0.4574631863898637
39632951842968216,0.0,0.18,0.82,0.0,0.34003852286413994
39632971921096780,0.0,0.93,0.07,0.0,0.18296182545011158
39632956884520113,0.0,0.49,0.51,0.0,0.49985572087640495
39632971908515641,0.0,0.05,0.95,0.0,0.14319847855797813
39632986798297549,0.0,0.02,0.98,0.0,0.07072027127091034
39632956871935621,0.0,0.79,0.21,0.0,0.37074136996563684
39632956855157346,0.0,0.0,0.98,0.02,0.07072027127091034
39632991739183467,0.0,0.42,0.58,0.0,0.49072694751682683
39632961913490812,0.0,0.91,0.09,0.0,0.21823490853205144
39632961913490858,0.0,0.22,0.78,0.0,0.38008375148098283
39632991722409109,0.0,0.51,0.49,0.0,0.49985572087640495
39632986794099763,0.0,0.47,0.53,0.0,0.4987007942838698
39632996638133257,0.0,0.65,0.35,0.0,0.4670340276877455
39632956880327278,0.0,0.19,0.81,0.0,0.3507357299419487
39632966900519811,0.0,0.02,0.98,0.0,0.07072027127091034
39632971912712799,0.0,0.06,0.94,0.0,0.16372245957723813
39632986798297420,0.0,0.13,0.87,0.0,0.2787190925139945
39632956880327005,0.0,0.01,0.99,0.0,0.04039656794795559
39632956871937960,0.0,0.25,0.75,0.0,0.4056390622295664
39632986781518922,0.0,0.48,0.52,0.0,0.4994227679976009
39632986789906590,0.0,0.1,0.9,0.0,0.2344977967946406
39632981823849061,0.0,0.33,0.67,0.0,0.4574631863898637
39632986798297434,0.0,0.62,0.38,0.0,0.47902101111314976
39632951830381696,0.0,0.0,0.99,0.01,0.04039656794795559
39632986777321788,0.0,0.82,0.18,0.0,0.34003852286413994
39632986781517207,0.0,0.9,0.1,0.0,0.2344977967946406
39632966883737677,0.0,0.74,0.26,0.0,0.4133731862463089
39632966925683125,0.0,1.0,0.0,0.0,-0.0
39632961892516037,0.0,0.76,0.24,0.0,0.39752013969226113
39632986789905727,0.0,0.02,0.98,0.0,0.07072027127091034
39632981857407084,0.0,0.25,0.75,0.0,0.4056390622295664
39632956850966137,0.0,1.0,0.0,0.0,-0.0
39632996642328936,0.0,0.8,0.2,0.0,0.36096404744368116
39632981857406614,0.0,0.14,0.86,0.0,0.292119405821428
39632966921490888,0.0,0.77,0.23,0.0,0.38900565177326885
39632996638133764,0.0,0.9,0.1,0.0,0.2344977967946406
39632966892130113,0.0,0.41,0.59,0.0,0.488250234378912
39632951817800498,0.0,0.31,0.69,0.0,0.4465867291889284
39632991722409064,0.0,0.31,0.69,0.0,0.4465867291889284
39633001545466508,0.0,0.9,0.1,0.0,0.2344977967946406
39633001545467843,0.0,0.11,0.89,0.0,0.249957979082264
39632956867743614,0.0,0.12,0.88,0.0,0.2646804326436822
39632971883351670,0.0,0.48,0.52,0.0,0.4994227679976009
39632991726602075,0.0,0.91,0.09,0.0,0.21823490853205144
39632996654910650,0.0,0.42,0.58,0.0,0.49072694751682683
39632981840626417,0.0,0.06,0.94,0.0,0.16372245957723813
39632966925683398,0.0,0.35,0.65,0.0,0.4670340276877455
39632996654911002,0.0,0.42,0.58,0.0,0.49072694751682683
39632966925683344,0.0,0.88,0.12,0.0,0.2646804326436822
39632976870376319,0.01,0.98,0.01,0.0,0.08072027127091033
39632956855157665,0.0,0.94,0.06,0.0,0.16372245957723813
39632996654909011,0.0,0.29,0.71,0.0,0.43436062316970225
39632971908516167,0.0,0.2,0.8,0.0,0.36096404744368116
39632956867743755,0.0,0.39,0.61,0.0,0.4823997742525436
39632956867744093,0.0,0.16,0.84,0.0,0.3171547773202831
39632991739184985,0.0,0.48,0.52,0.0,0.4994227679976009
39632991730795456,0.0,0.17,0.83,0.0,0.32885238937210975
39632956871935662,0.0,0.06,0.94,0.0,0.16372245957723813
39632971908514917,0.0,0.44,0.56,0.0,0.4947937606110278
39632981844820023,0.0,0.05,0.95,0.0,0.14319847855797813
39632951817800329,0.0,0.33,0.67,0.0,0.4574631863898637
39632981861599709,0.0,0.59,0.41,0.0,0.488250234378912
39632991726601624,0.0,0.4,0.6,0.0,0.4854752972273343
39632966892129548,0.0,0.26,0.74,0.0,0.4133731862463089
39632966917293799,0.0,0.49,0.51,0.0,0.49985572087640495
39632951851352406,0.0,0.1,0.9,0.0,0.2344977967946406
39632991714020785,0.0,0.5,0.5,0.0,0.5
39632986781518953,0.0,0.06,0.94,0.0,0.16372245957723813
39632981861599817,0.0,0.12,0.88,0.0,0.2646804326436822
39632996642325203,0.0,0.87,0.13,0.0,0.2787190925139945
39632961888322259,0.0,0.61,0.39,0.0,0.4823997742525436
39632986802487903,0.0,0.18,0.82,0.0,0.34003852286413994
39632966917293917,0.0,0.65,0.35,0.0,0.4670340276877455
39632986802488047,0.0,0.33,0.67,0.0,0.4574631863898637
39632981840626716,0.0,0.02,0.97,0.01,0.11097036642660543
39632996633939022,0.0,0.05,0.95,0.0,0.14319847855797813
39632996633938964,0.0,0.97,0.03,0.0,0.0971959289157881
39632971883349947,0.0,0.0,0.99,0.01,0.04039656794795559
39632996633938479,0.0,1.0,0.0,0.0,-0.0
39632996638131777,0.0,0.05,0.93,0.02,0.21317104534994366
39632951817800098,0.0,0.2,0.8,0.0,0.36096404744368116
39632951817800008,0.0,0.1,0.9,0.0,0.2344977967946406
39632996638132010,0.0,0.18,0.82,0.0,0.34003852286413994
39632971916906523,0.0,0.77,0.23,0.0,0.38900565177326885
39632966929877059,0.0,0.65,0.35,0.0,0.4670340276877455
39632991734991867,0.0,0.0,1.0,0.0,-0.0
39632951842965988,0.0,0.98,0.02,0.0,0.07072027127091034
39632976874571837,0.0,0.29,0.71,0.0,0.43436062316970225
39632986806681979,0.0,0.28,0.72,0.0,0.4277254052800653
39632966929875756,0.0,0.39,0.61,0.0,0.4823997742525436
39632971895932646,0.0,0.76,0.24,0.0,0.39752013969226113
39632991726602158,0.0,0.25,0.75,0.0,0.4056390622295664
39632961905102870,0.0,0.76,0.24,0.0,0.39752013969226113
39632966929875508,0.0,0.79,0.21,0.0,0.37074136996563684
39632951847158697,0.0,0.21,0.79,0.0,0.37074136996563684
39632996654911238,0.0,0.61,0.39,0.0,0.4823997742525436
39632996654911360,0.0,0.07,0.93,0.0,0.18296182545011158
39632971912709232,0.0,0.02,0.97,0.01,0.11097036642660543
39632981828043534,0.0,0.79,0.21,0.0,0.37074136996563684
39632951842965709,0.0,0.48,0.52,0.0,0.4994227679976009
39632991722407660,0.0,0.33,0.67,0.0,0.4574631863898637
39632986798297643,0.0,0.78,0.22,0.0,0.38008375148098283
39632996654911723,0.0,0.53,0.47,0.0,0.4987007942838698
39632961896714337,0.0,0.99,0.01,0.0,0.04039656794795559
39632976895544224,0.0,0.41,0.59,0.0,0.488250234378912
39632991705632768,0.0,0.32,0.68,0.0,0.45219072886224687
39632956884520503,0.0,0.0,0.94,0.06,0.16372245957723813
39632961905102012,0.0,0.35,0.65,0.0,0.4670340276877455
39632966908907266,0.0,0.07,0.93,0.0,0.18296182545011158
39632981857404422,0.0,0.47,0.53,0.0,0.4987007942838698
39632976895544806,0.0,0.82,0.18,0.0,0.34003852286413994
39632951847158821,0.0,0.1,0.9,0.0,0.2344977967946406
39632961879933379,0.0,0.12,0.88,0.0,0.2646804326436822
39632976874571498,0.0,0.01,0.98,0.01,0.08072027127091033
39632996638132800,0.0,0.61,0.39,0.0,0.4823997742525436
39632951817801332,0.0,0.26,0.74,0.0,0.4133731862463089
39632996638132775,0.0,0.27,0.73,0.0,0.42073231810408784
39632991722407878,0.0,0.22,0.78,0.0,0.38008375148098283
39632951847158867,0.0,0.41,0.59,0.0,0.488250234378912
39632971916907671,0.0,0.62,0.38,0.0,0.47902101111314976
39632961905103262,0.0,0.85,0.15,0.0,0.3049201523582002
39632961913491239,0.0,0.73,0.27,0.0,0.42073231810408784
39632961913489989,0.0,0.01,0.99,0.0,0.04039656794795559
39632961913491332,0.0,0.66,0.34,0.0,0.46240935248651505
39632976870379511,0.0,0.12,0.88,0.0,0.2646804326436822
39632961913491214,0.0,0.85,0.15,0.0,0.3049201523582002
39632956884521121,0.0,0.77,0.23,0.0,0.38900565177326885
39632961913490912,0.0,0.15,0.85,0.0,0.3049201523582002
39632966892127027,0.0,0.63,0.37,0.0,0.47533604634353294
39632981857407244,0.0,0.0,1.0,0.0,-0.0
39632976874571591,0.0,0.14,0.86,0.0,0.292119405821428
39632991722406888,0.0,0.54,0.46,0.0,0.49768921941011285
39632986789907364,0.0,0.18,0.82,0.0,0.34003852286413994
39632976895544626,0.0,0.02,0.97,0.01,0.11097036642660543
39632991734991818,0.0,0.08,0.92,0.0,0.2010895951011364
39632961879933472,0.0,0.92,0.08,0.0,0.2010895951011364
39632991734991645,0.0,0.6,0.4,0.0,0.4854752972273343
39632991734991838,0.0,0.08,0.92,0.0,0.2010895951011364
39632976870379372,0.0,0.15,0.85,0.0,0.3049201523582002
39632971912708893,0.0,0.11,0.89,0.0,0.249957979082264
39632996654907787,0.0,0.3,0.7,0.0,0.44064544961534635
39632971912708926,0.0,0.97,0.03,0.0,0.0971959289157881
39632981832237709,0.0,0.02,0.98,0.0,0.07072027127091034
39632971916906946,0.0,0.41,0.59,0.0,0.488250234378912
39632981836435309,0.0,0.99,0.01,0.0,0.04039656794795559
39632966883740205,0.0,0.35,0.65,0.0,0.4670340276877455
39632961888322447,0.0,0.98,0.02,0.0,0.07072027127091034
39632991722408587,0.0,0.51,0.49,0.0,0.49985572087640495
39632981836435318,0.0,0.68,0.32,0.0,0.45219072886224687
39632981836435468,0.0,0.6,0.4,0.0,0.4854752972273343
39632961888322277,0.0,0.0,0.9,0.1,0.2344977967946406
39632966900515931,0.0,0.13,0.86,0.01,0.31810566868628926
39632991722407674,0.0,0.15,0.85,0.0,0.3049201523582002
39632981832238250,0.0,0.02,0.98,0.0,0.07072027127091034
39632961888322224,0.0,0.96,0.04,0.0,0.12114609454120741
39632981832237649,0.0,0.0,1.0,0.0,-0.0
39632946788827443,0.0,0.48,0.52,0.0,0.4994227679976009
39632956884521458,0.0,0.0,0.96,0.04,0.12114609454120741
39632951847161866,0.0,0.9,0.1,0.0,0.2344977967946406
39632996633937319,0.0,0.51,0.49,0.0,0.49985572087640495
39632956880326275,0.0,0.02,0.98,0.0,0.07072027127091034
39632966900518099,0.0,0.16,0.84,0.0,0.3171547773202831
39632966900518128,0.0,0.28,0.72,0.0,0.4277254052800653
39632951847161755,0.0,0.87,0.13,0.0,0.2787190925139945
39632946767859435,0.0,0.64,0.36,0.0,0.4713415946277461
39632946767859679,0.0,0.89,0.11,0.0,0.249957979082264
39632976899738955,0.0,0.83,0.17,0.0,0.32885238937210975
39632996633939372,0.0,0.85,0.15,0.0,0.3049201523582002
39632971912710072,0.0,0.86,0.14,0.0,0.292119405821428
39632986810878474,0.0,0.7,0.3,0.0,0.44064544961534635
39632956863548641,0.0,0.03,0.97,0.0,0.0971959289157881
39632966929875746,0.0,0.83,0.17,0.0,0.32885238937210975
39632966929875460,0.0,0.2,0.8,0.0,0.36096404744368116
39632976899739448,0.0,0.97,0.03,0.0,0.0971959289157881
39632976899739727,0.0,0.07,0.93,0.0,0.18296182545011158
39632971904322769,0.0,0.09,0.91,0.0,0.21823490853205144
39632991739183664,0.0,0.01,0.99,0.0,0.04039656794795559
39632951830381809,0.0,0.2,0.8,0.0,0.36096404744368116
39632986768937086,0.0,0.05,0.95,0.0,0.14319847855797813
39632981828044825,0.0,0.19,0.81,0.0,0.3507357299419487
39632966900518101,0.0,0.15,0.85,0.0,0.3049201523582002
39632966900517990,0.0,0.61,0.39,0.0,0.4823997742525436
39632961913491137,0.0,0.6,0.4,0.0,0.4854752972273343
39632966908906106,0.0,0.64,0.36,0.0,0.4713415946277461
39632986768937226,0.0,0.45,0.55,0.0,0.49638722699390414
39632966908906120,0.0,0.53,0.47,0.0,0.4987007942838698
39632961913491072,0.0,0.99,0.01,0.0,0.04039656794795559
39632951830381784,0.0,0.44,0.56,0.0,0.4947937606110278
39632956880327523,0.0,0.38,0.62,0.0,0.47902101111314976
39632981857407010,0.0,0.6,0.4,0.0,0.4854752972273343
39633001545467859,0.0,0.97,0.03,0.0,0.0971959289157881
39632996654911324,0.0,0.01,0.99,0.0,0.04039656794795559
39632981828044340,0.0,0.79,0.21,0.0,0.37074136996563684
39632986773127619,0.01,0.92,0.07,0.0,0.22283217282912027
39632991739185313,0.0,0.6,0.4,0.0,0.4854752972273343
39632951826190636,0.0,0.11,0.89,0.0,0.249957979082264
39632971921100340,0.0,0.3,0.7,0.0,0.44064544961534635
39632986781516922,0.0,0.64,0.36,0.0,0.4713415946277461
39632981853209138,0.0,0.65,0.35,0.0,0.4670340276877455
39632971921097357,0.0,0.34,0.66,0.0,0.46240935248651505
39632961896710604,0.0,0.05,0.95,0.0,0.14319847855797813
39632991726602250,0.0,0.01,0.89,0.1,0.27413031336294724
39632991726602341,0.0,0.07,0.93,0.0,0.18296182545011158
39632981836433142,0.0,0.99,0.01,0.0,0.04039656794795559
39633001541276072,0.0,0.69,0.31,0.0,0.4465867291889284
39632966925683175,0.0,0.08,0.92,0.0,0.2010895951011364
39632986794103272,0.0,0.17,0.82,0.01,0.3678974314876692
39632966921490913,0.0,0.06,0.94,0.0,0.16372245957723813
39632971921100335,0.0,0.44,0.56,0.0,0.4947937606110278
39632981853210195,0.0,0.07,0.93,0.0,0.18296182545011158
39632966917296133,0.0,0.01,0.9,0.09,0.2579475764741046
39632981853210191,0.0,0.0,0.93,0.07,0.18296182545011158
39632986777322391,0.0,0.0,1.0,0.0,-0.0
39632961905099413,0.0,0.9,0.1,0.0,0.2344977967946406
39632986773131313,0.0,0.4,0.6,0.0,0.4854752972273343
39632951847160874,0.0,0.47,0.53,0.0,0.4987007942838698
39632991730796737,0.0,0.15,0.85,0.0,0.3049201523582002
39632961888321682,0.0,0.73,0.27,0.0,0.42073231810408784
39632981823848780,0.0,0.09,0.91,0.0,0.21823490853205144
39632951847160907,0.02,0.98,0.0,0.0,0.07072027127091034
39632981823852367,0.0,0.7,0.3,0.0,0.44064544961534635
39632996646521169,0.0,0.12,0.88,0.0,0.2646804326436822
39632986802487453,0.0,0.01,0.9,0.09,0.2579475764741046
39632966904710523,0.0,0.39,0.61,0.0,0.4823997742525436
39632986789905101,0.0,0.3,0.7,0.0,0.44064544961534635
39632981857403409,0.0,0.18,0.82,0.0,0.34003852286413994
39632996646521547,0.0,0.19,0.81,0.0,0.3507357299419487
39632946784636749,0.0,0.03,0.97,0.0,0.0971959289157881
39632986781516977,0.0,0.0,1.0,0.0,-0.0
39632991730796072,0.0,0.4,0.6,0.0,0.4854752972273343
39632966917293641,0.0,0.36,0.64,0.0,0.4713415946277461
39632986794100221,0.0,0.08,0.92,0.0,0.2010895951011364
39632946776246959,0.0,0.98,0.02,0.0,0.07072027127091034
39632946797216117,0.0,0.89,0.11,0.0,0.249957979082264
39632946772050445,0.0,0.02,0.98,0.0,0.07072027127091034
39632981823852159,0.0,0.93,0.07,0.0,0.18296182545011158
39632981844824567,0.0,0.23,0.77,0.0,0.38900565177326885
39632991730796521,0.0,0.0,1.0,0.0,-0.0
39632961896712848,0.0,0.0,0.91,0.09,0.21823490853205144
39632981853210029,0.0,0.5,0.5,0.0,0.5
39632966917293468,0.0,0.95,0.05,0.0,0.14319847855797813
39632946784636623,0.0,0.26,0.74,0.0,0.4133731862463089
39632991730796431,0.0,0.07,0.93,0.0,0.18296182545011158
39632961888321648,0.0,0.3,0.7,0.0,0.44064544961534635
39632966925681953,0.0,0.53,0.47,0.0,0.4987007942838698
39632946763665634,0.0,0.67,0.33,0.0,0.4574631863898637
39632981849016946,0.0,0.2,0.8,0.0,0.36096404744368116
39632946767855646,0.0,0.78,0.22,0.0,0.38008375148098283
39632966925681997,0.0,0.01,0.97,0.02,0.11097036642660543
39632976891347369,0.0,0.67,0.33,0.0,0.4574631863898637
39632961879933076,0.0,0.25,0.75,0.0,0.4056390622295664
39632996638132868,0.0,0.98,0.02,0.0,0.07072027127091034
39632991730795620,0.0,0.24,0.76,0.0,0.39752013969226113
39632991726602448,0.0,0.94,0.06,0.0,0.16372245957723813
39632946776246926,0.0,0.06,0.94,0.0,0.16372245957723813
39632961888324742,0.0,0.94,0.06,0.0,0.16372245957723813
39632946767855637,0.0,0.11,0.89,0.0,0.249957979082264
39632991730796306,0.0,0.16,0.84,0.0,0.3171547773202831
39632946784633693,0.0,0.95,0.05,0.0,0.14319847855797813
39632941717917888,0.0,0.98,0.02,0.0,0.07072027127091034
39632976895543822,0.0,0.01,0.98,0.01,0.08072027127091033
39632946793022185,0.0,0.8,0.2,0.0,0.36096404744368116
39632976891350189,0.0,0.16,0.84,0.0,0.3171547773202831
39632981828042891,0.0,0.0,0.97,0.03,0.0971959289157881
39632996659103408,0.0,0.05,0.95,0.0,0.14319847855797813
39632961892518122,0.0,0.01,0.99,0.0,0.04039656794795559
39632991722407537,0.0,0.17,0.83,0.0,0.32885238937210975
39632986781516337,0.0,0.08,0.92,0.0,0.2010895951011364
39632981823852647,0.0,0.9,0.1,0.0,0.2344977967946406
39632981823852362,0.0,0.06,0.94,0.0,0.16372245957723813
39632966925682969,0.0,0.19,0.81,0.0,0.3507357299419487
39632961896712261,0.0,0.21,0.79,0.0,0.37074136996563684
39632951842966953,0.0,0.1,0.9,0.0,0.2344977967946406
39632961896712624,0.01,0.99,0.0,0.0,0.04039656794795559
39632961896712660,0.0,0.0,0.99,0.01,0.04039656794795559
39632966921490021,0.0,0.03,0.93,0.04,0.2174448102113104
39632951826189315,0.0,0.28,0.72,0.0,0.4277254052800653
39632951842967059,0.0,0.78,0.22,0.0,0.38008375148098283
39632966921489969,0.0,0.09,0.91,0.0,0.21823490853205144
39632986802487559,0.0,0.96,0.04,0.0,0.12114609454120741
39632971883350634,0.0,0.48,0.52,0.0,0.4994227679976009
39632946788828665,0.0,0.04,0.96,0.0,0.12114609454120741
39632966921490130,0.0,0.0,0.82,0.18,0.34003852286413994
39632986773130889,0.0,0.12,0.88,0.0,0.2646804326436822
39632981836432772,0.0,0.04,0.95,0.01,0.16124668093016215
39632986773130983,0.0,0.18,0.82,0.0,0.34003852286413994
39632986773130980,0.0,0.38,0.62,0.0,0.47902101111314976
39632981819657843,0.0,0.63,0.37,0.0,0.47533604634353294
39632996659103337,0.0,0.86,0.14,0.0,0.292119405821428
39632951817801307,0.0,0.03,0.97,0.0,0.0971959289157881
39632951817801302,0.0,0.03,0.97,0.0,0.0971959289157881
39632951817801327,0.0,0.12,0.88,0.0,0.2646804326436822
39632951826187570,0.0,0.64,0.36,0.0,0.4713415946277461
39632986781517216,0.0,0.69,0.31,0.0,0.4465867291889284
39632976857794768,0.0,0.32,0.68,0.0,0.45219072886224687
39632951842967167,0.0,0.09,0.91,0.0,0.21823490853205144
39632961892518816,0.0,0.86,0.14,0.0,0.292119405821428
39632986781517614,0.0,0.57,0.43,0.0,0.4929075185894599
39633001545466301,0.0,0.5,0.5,0.0,0.5
39632961875742976,0.0,0.3,0.7,0.0,0.44064544961534635
39632976891347525,0.01,0.92,0.07,0.0,0.22283217282912027
39632976870377736,0.0,0.38,0.62,0.0,0.47902101111314976
39632996650716360,0.0,0.74,0.26,0.0,0.4133731862463089
39632966887934849,0.0,0.21,0.79,0.0,0.37074136996563684
39632956855158803,0.0,0.01,0.98,0.01,0.08072027127091033
39632971895933493,0.0,0.94,0.06,0.0,0.16372245957723813
39632976870379591,0.0,0.3,0.7,0.0,0.44064544961534635
39632976899739523,0.0,0.89,0.11,0.0,0.249957979082264
39632946772052149,0.0,0.92,0.08,0.0,0.2010895951011364
39632991722406709,0.0,0.84,0.16,0.0,0.3171547773202831
39632966900518827,0.0,0.36,0.64,0.0,0.4713415946277461
39632966929876715,0.01,0.97,0.02,0.0,0.11097036642660543
39632956888712908,0.0,0.85,0.15,0.0,0.3049201523582002
39632956888713134,0.0,0.03,0.95,0.02,0.1674722434193448
39632956888713097,0.0,0.31,0.69,0.0,0.4465867291889284
39632976899739201,0.0,0.23,0.77,0.0,0.38900565177326885
39632951826189020,0.0,0.25,0.75,0.0,0.4056390622295664
39632956892905917,0.0,0.02,0.98,0.0,0.07072027127091034
39632976903930083,0.0,0.23,0.77,0.0,0.38900565177326885
39632941722110690,0.01,0.98,0.01,0.0,0.08072027127091033
39632976870377878,0.0,0.25,0.75,0.0,0.4056390622295664
39632976870377874,0.0,0.99,0.01,0.0,0.04039656794795559
39632951830382064,0.0,0.62,0.38,0.0,0.47902101111314976
39632951830382052,0.0,0.06,0.93,0.01,0.20367037270049304
39632971887545832,0.0,0.32,0.68,0.0,0.45219072886224687
39633001545467744,0.0,0.77,0.23,0.0,0.38900565177326885
39633001545467430,0.0,0.55,0.45,0.0,0.49638722699390414
39632981865792709,0.0,0.75,0.25,0.0,0.4056390622295664
39632976891347730,0.0,0.3,0.7,0.0,0.44064544961534635
39632981857403408,0.0,0.32,0.68,0.0,0.45219072886224687
39632961884131455,0.0,0.15,0.85,0.0,0.3049201523582002
39632981849015281,0.0,0.01,0.99,0.0,0.04039656794795559
39632956859352671,0.0,0.91,0.09,0.0,0.21823490853205144
39632971908517716,0.0,0.81,0.19,0.0,0.3507357299419487
39632981840629489,0.0,0.0,0.95,0.05,0.14319847855797813
39632971908517858,0.0,0.81,0.19,0.0,0.3507357299419487
39632966925682102,0.0,0.48,0.52,0.0,0.4994227679976009
39632971921100160,0.0,0.65,0.35,0.0,0.4670340276877455
39632971921098648,0.0,0.43,0.57,0.0,0.4929075185894599
39632956867742830,0.0,0.04,0.96,0.0,0.12114609454120741
39632966925683286,0.0,0.13,0.87,0.0,0.2787190925139945
39632956867742827,0.0,0.93,0.07,0.0,0.18296182545011158
39632996659101892,0.0,0.03,0.97,0.0,0.0971959289157881
39632996633937951,0.0,0.97,0.03,0.0,0.0971959289157881
39632991739186088,0.0,0.15,0.85,0.0,0.3049201523582002
39632996659101839,0.0,0.96,0.04,0.0,0.12114609454120741
39632966925683333,0.0,0.11,0.89,0.0,0.249957979082264
39632956863549553,0.0,0.81,0.19,0.0,0.3507357299419487
39632966917295572,0.0,0.33,0.67,0.0,0.4574631863898637
39632971916904557,0.0,0.17,0.83,0.0,0.32885238937210975
39632961892518048,0.0,0.97,0.03,0.0,0.0971959289157881
39632971912708356,0.01,0.99,0.0,0.0,0.04039656794795559
39632991722409090,0.0,0.92,0.08,0.0,0.2010895951011364
39632976861987170,0.0,0.35,0.65,0.0,0.4670340276877455
39632991726601420,0.0,0.75,0.25,0.0,0.4056390622295664
39632971887543800,0.0,0.02,0.98,0.0,0.07072027127091034
39632961892517818,0.0,0.99,0.01,0.0,0.04039656794795559
39632971912708386,0.0,0.33,0.67,0.0,0.4574631863898637
39632981857405932,0.0,0.54,0.46,0.0,0.49768921941011285
39632991705631140,0.0,0.46,0.54,0.0,0.49768921941011285
39632971887545039,0.0,0.21,0.79,0.0,0.37074136996563684
39632996646520647,0.0,0.42,0.58,0.0,0.49072694751682683
39632966925682546,0.0,0.0,0.99,0.01,0.04039656794795559
39632956855160700,0.0,0.07,0.93,0.0,0.18296182545011158
39632996646520715,0.0,0.0,0.99,0.01,0.04039656794795559
39632991734992749,0.0,0.01,0.99,0.0,0.04039656794795559
39632966917295608,0.0,0.27,0.73,0.0,0.42073231810408784
39632976891349062,0.0,0.98,0.02,0.0,0.07072027127091034
39632996646520660,0.0,0.83,0.17,0.0,0.32885238937210975
39632966892130218,0.0,0.75,0.25,0.0,0.4056390622295664
39632956871938483,0.0,0.64,0.36,0.0,0.4713415946277461
39632981823849726,0.0,0.88,0.12,0.0,0.2646804326436822
39632956863549631,0.0,0.01,0.98,0.01,0.08072027127091033
39632946772050243,0.0,0.83,0.17,0.0,0.32885238937210975
39632981857407860,0.0,0.01,0.98,0.01,0.08072027127091033
39632946776248337,0.0,0.12,0.88,0.0,0.2646804326436822
39632981849017257,0.0,0.01,0.92,0.07,0.22283217282912027
39632981823849619,0.0,0.34,0.66,0.0,0.46240935248651505
39632961896713175,0.0,0.01,0.97,0.02,0.11097036642660543
39632961905103103,0.0,0.51,0.49,0.0,0.49985572087640495
39632996638130954,0.0,0.52,0.48,0.0,0.4994227679976009
39632996638130945,0.0,0.43,0.57,0.0,0.4929075185894599
39632991730795367,0.0,0.42,0.58,0.0,0.49072694751682683
39632966892130187,0.0,0.18,0.82,0.0,0.34003852286413994
39632991730795426,0.0,0.46,0.54,0.0,0.49768921941011285
39632981844820037,0.0,0.0,1.0,0.0,-0.0
39632986794101727,0.0,0.96,0.04,0.0,0.12114609454120741
39632981836431423,0.0,0.73,0.27,0.0,0.42073231810408784
39632951838771804,0.0,0.75,0.25,0.0,0.4056390622295664
39632981836433127,0.0,0.9,0.1,0.0,0.2344977967946406
39632996650717913,0.0,0.07,0.93,0.0,0.18296182545011158
39632981823850604,0.02,0.97,0.01,0.0,0.11097036642660543
39632981836433105,0.0,0.68,0.32,0.0,0.45219072886224687
39632971912712172,0.0,0.77,0.23,0.0,0.38900565177326885
39632986781517608,0.0,0.83,0.17,0.0,0.32885238937210975
39632986777323655,0.0,0.06,0.94,0.0,0.16372245957723813
39632986781517643,0.0,0.02,0.97,0.01,0.11097036642660543
39632971908515871,0.0,0.25,0.75,0.0,0.4056390622295664
39632976874571164,0.0,0.47,0.53,0.0,0.4987007942838698
39632956867741258,0.0,0.74,0.26,0.0,0.4133731862463089
39632986768935216,0.0,0.14,0.86,0.0,0.292119405821428
39632961884131150,0.0,0.87,0.13,0.0,0.2787190925139945
39632996646519447,0.0,0.31,0.69,0.0,0.4465867291889284
39632961888324031,0.0,0.0,0.99,0.01,0.04039656794795559
39632971895931677,0.0,0.02,0.95,0.03,0.1674722434193448
39632986777323454,0.0,0.0,1.0,0.0,-0.0
39633001545468977,0.0,0.61,0.39,0.0,0.4823997742525436
39632996646519470,0.0,0.18,0.82,0.0,0.34003852286413994
39632966913097935,0.0,0.95,0.05,0.0,0.14319847855797813
39632966892128672,0.0,0.48,0.52,0.0,0.4994227679976009
39632961884131170,0.0,0.73,0.27,0.0,0.42073231810408784
39632951847161265,0.0,0.05,0.95,0.0,0.14319847855797813
39632996646519824,0.0,0.25,0.75,0.0,0.4056390622295664
39632981865792337,0.0,0.38,0.62,0.0,0.47902101111314976
39632981840629569,0.0,0.86,0.14,0.0,0.292119405821428
39632986785710360,0.0,0.38,0.62,0.0,0.47902101111314976
39632971912710441,0.0,0.02,0.98,0.0,0.07072027127091034
39632961896713245,0.0,0.05,0.95,0.0,0.14319847855797813
39632976861988819,0.0,0.89,0.11,0.0,0.249957979082264
39632966908906665,0.0,0.65,0.35,0.0,0.4670340276877455
39632981836431476,0.0,0.01,0.99,0.0,0.04039656794795559
39632961884129419,0.0,0.66,0.34,0.0,0.46240935248651505
39632976861989149,0.0,0.56,0.44,0.0,0.4947937606110278
39632981840629667,0.0,0.36,0.64,0.0,0.4713415946277461
39632966900515904,0.12,0.88,0.0,0.0,0.2646804326436822
39632946776248254,0.0,0.0,0.99,0.01,0.04039656794795559
39632971904322363,0.0,0.06,0.94,0.0,0.16372245957723813
39632981828043969,0.0,0.13,0.87,0.0,0.2787190925139945
39632986773129234,0.0,0.27,0.73,0.0,0.42073231810408784
39632981828044120,0.0,0.02,0.98,0.0,0.07072027127091034
39632971904322092,0.0,0.9,0.1,0.0,0.2344977967946406
39632971912712931,0.0,0.49,0.51,0.0,0.49985572087640495
39633001549662025,0.0,0.96,0.04,0.0,0.12114609454120741
39632991705632974,0.0,0.33,0.67,0.0,0.4574631863898637
39632996629744465,0.0,0.5,0.5,0.0,0.5
39632976887155225,0.0,0.94,0.06,0.0,0.16372245957723813
39632971904322139,0.0,0.42,0.58,0.0,0.49072694751682683
39632951851352268,0.0,0.56,0.44,0.0,0.4947937606110278
39632966900516739,0.0,0.17,0.83,0.0,0.32885238937210975
39632991705630900,0.0,0.08,0.92,0.0,0.2010895951011364
39632986781517925,0.0,0.36,0.64,0.0,0.4713415946277461
39632966908905538,0.0,0.17,0.83,0.0,0.32885238937210975
39632981828045644,0.0,0.99,0.01,0.0,0.04039656794795559
39632976857793637,0.0,0.55,0.45,0.0,0.49638722699390414
39632971912711892,0.0,0.35,0.65,0.0,0.4670340276877455
39632996638131900,0.0,0.09,0.91,0.0,0.21823490853205144
39632981828044280,0.0,0.0,1.0,0.0,-0.0
39632996629742066,0.0,0.31,0.69,0.0,0.4465867291889284
39632981828045105,0.0,0.02,0.98,0.0,0.07072027127091034
39632981828045298,0.0,0.08,0.91,0.01,0.24088153359695552
39632976887154817,0.0,0.63,0.37,0.0,0.47533604634353294
39632956871938035,0.0,0.03,0.97,0.0,0.0971959289157881
39632961888324635,0.0,0.0,0.98,0.02,0.07072027127091034
39632966892130373,0.0,0.08,0.92,0.0,0.2010895951011364
39632971883351609,0.0,0.17,0.83,0.0,0.32885238937210975
39632981828043845,0.0,0.15,0.85,0.0,0.3049201523582002
39632961888324615,0.0,0.03,0.97,0.0,0.0971959289157881
39632976866184730,0.0,0.27,0.73,0.0,0.42073231810408784
39632996633936099,0.0,0.95,0.05,0.0,0.14319847855797813
39632981840627967,0.0,0.62,0.38,0.0,0.47902101111314976
39633001545468226,0.0,0.02,0.97,0.01,0.11097036642660543
39632971904322428,0.04,0.95,0.01,0.0,0.16124668093016215
39632996629743829,0.0,0.44,0.56,0.0,0.4947937606110278
39632961871547832,0.0,0.55,0.45,0.0,0.49638722699390414
39632971908518338,0.0,0.24,0.76,0.0,0.39752013969226113
39632981840629392,0.0,0.32,0.67,0.01,0.4897882160840085
39632961879934968,0.0,0.39,0.61,0.0,0.4823997742525436
39632991739186365,0.0,0.51,0.49,0.0,0.49985572087640495
39632991739186478,0.0,0.9,0.1,0.0,0.2344977967946406
39632991739186590,0.0,0.0,0.96,0.04,0.12114609454120741
39632996646521076,0.0,0.28,0.72,0.0,0.4277254052800653
39632981828044058,0.0,0.18,0.82,0.0,0.34003852286413994
39632976870376501,0.0,0.58,0.42,0.0,0.49072694751682683
39632991739183727,0.0,0.54,0.46,0.0,0.49768921941011285
39632961888326006,0.0,0.76,0.24,0.0,0.39752013969226113
39632966921490646,0.0,0.48,0.52,0.0,0.4994227679976009
39632981836435337,0.0,0.08,0.92,0.0,0.2010895951011364
39632981832239034,0.0,0.06,0.94,0.0,0.16372245957723813
39632971887543480,0.0,0.48,0.52,0.0,0.4994227679976009
39632981828043816,0.0,0.35,0.65,0.0,0.4670340276877455
39632971883352359,0.0,0.81,0.19,0.0,0.3507357299419487
39632991722407051,0.0,0.85,0.15,0.0,0.3049201523582002
39632986777323739,0.0,0.8,0.2,0.0,0.36096404744368116
39632986777323742,0.0,0.06,0.94,0.0,0.16372245957723813
39632971895931474,0.0,0.12,0.88,0.0,0.2646804326436822
39632971895931648,0.0,0.67,0.33,0.0,0.4574631863898637
39632966892128706,0.0,0.03,0.97,0.0,0.0971959289157881
39632981828042796,0.0,0.03,0.97,0.0,0.0971959289157881
39632981832237417,0.0,0.93,0.07,0.0,0.18296182545011158
39632986781518705,0.0,1.0,0.0,0.0,-0.0
39632996642325158,0.0,0.84,0.16,0.0,0.3171547773202831
39632951830381333,0.0,0.25,0.75,0.0,0.4056390622295664
39632996642324915,0.0,0.68,0.32,0.0,0.45219072886224687
39632986810876418,0.0,0.7,0.3,0.0,0.44064544961534635
39632981840626396,0.0,0.95,0.05,0.0,0.14319847855797813
39632981832239706,0.0,0.11,0.89,0.0,0.249957979082264
39632986806682697,0.0,0.01,0.99,0.0,0.04039656794795559
39632986768935176,0.0,0.6,0.4,0.0,0.4854752972273343
39632961884130808,0.0,0.7,0.3,0.0,0.44064544961534635
39632966883738137,0.0,0.91,0.09,0.0,0.21823490853205144
39632956888714985,0.0,0.06,0.94,0.0,0.16372245957723813
39632981828045405,0.0,0.21,0.79,0.0,0.37074136996563684
39632981828045141,0.0,0.19,0.81,0.0,0.3507357299419487
39632966908904011,0.0,0.31,0.69,0.0,0.4465867291889284
39633001549661421,0.0,0.52,0.48,0.0,0.4994227679976009
39632986781518717,0.0,0.01,0.97,0.02,0.11097036642660543
39632986781518689,0.0,0.62,0.38,0.0,0.47902101111314976
39633001549661344,0.0,0.15,0.85,0.0,0.3049201523582002
39632986810876757,0.0,0.92,0.08,0.0,0.2010895951011364
39632976903930730,0.0,0.85,0.15,0.0,0.3049201523582002
39632986781518707,0.0,0.15,0.84,0.01,0.3441379826496441
39632961892518606,0.0,0.5,0.5,0.0,0.5
39632961892518442,0.0,0.0,1.0,0.0,-0.0
39632981840629148,0.0,0.0,1.0,0.0,-0.0
39632991730795858,0.0,0.01,0.93,0.06,0.20367037270049304
39632976866184597,0.0,0.32,0.68,0.0,0.45219072886224687
39632956871934036,0.0,0.28,0.72,0.0,0.4277254052800653
39633001541276032,0.0,0.81,0.19,0.0,0.3507357299419487
39632991730795485,0.0,0.01,0.98,0.01,0.08072027127091033
39632991734993491,0.0,0.0,0.99,0.01,0.04039656794795559
39632971916904310,0.0,0.77,0.23,0.0,0.38900565177326885
39632981844823717,0.0,0.11,0.89,0.0,0.249957979082264
39632981844824049,0.0,0.05,0.95,0.0,0.14319847855797813
39632976903930857,0.0,0.0,0.97,0.03,0.0971959289157881
39632966925684199,0.0,0.52,0.48,0.0,0.4994227679976009
39632981844820486,0.0,0.25,0.75,0.0,0.4056390622295664
39632951842965446,0.0,0.05,0.95,0.0,0.14319847855797813
39632976861988992,0.0,0.05,0.95,0.0,0.14319847855797813
39632966925683117,0.0,0.2,0.8,0.0,0.36096404744368116
39632981832239813,0.0,0.05,0.95,0.0,0.14319847855797813
39632961892518393,0.0,0.5,0.5,0.0,0.5
39632951847161504,0.0,0.59,0.41,0.0,0.488250234378912
39632986781517823,0.0,0.42,0.58,0.0,0.49072694751682683
39632971908517931,0.0,0.59,0.41,0.0,0.488250234378912
39632981840629176,0.0,0.47,0.53,0.0,0.4987007942838698
39632981840629182,0.0,0.02,0.98,0.0,0.07072027127091034
39632981840629212,0.0,0.37,0.63,0.0,0.47533604634353294
39632966908904842,0.0,0.57,0.43,0.0,0.4929075185894599
39632946772052880,0.0,0.07,0.93,0.0,0.18296182545011158
39632991730795196,0.0,0.06,0.94,0.0,0.16372245957723813
39632981840628766,0.0,0.88,0.12,0.0,0.2646804326436822
39632981840628923,0.0,0.29,0.71,0.0,0.43436062316970225
39632976903930624,0.0,0.05,0.95,0.0,0.14319847855797813
39632951817800128,0.0,0.78,0.22,0.0,0.38008375148098283
39632981819657625,0.0,0.74,0.26,0.0,0.4133731862463089
39632986768935207,0.0,0.14,0.86,0.0,0.292119405821428
39632981840629060,0.0,0.25,0.75,0.0,0.4056390622295664
39633001541271774,0.0,0.39,0.61,0.0,0.4823997742525436
39632971904322808,0.01,0.96,0.03,0.0,0.13737165703039006
39632996629742502,0.0,0.35,0.65,0.0,0.4670340276877455
39632951817800083,0.0,0.02,0.91,0.07,0.2526241113249394
39632986794099768,0.02,0.97,0.01,0.0,0.11097036642660543
39632966908904374,0.0,0.11,0.89,0.0,0.249957979082264
39632951821992262,0.0,0.65,0.35,0.0,0.4670340276877455
39632986794099807,0.0,0.75,0.25,0.0,0.4056390622295664
39632971921097580,0.0,0.02,0.98,0.0,0.07072027127091034
39632996646519391,0.0,0.0,1.0,0.0,-0.0
39632971895933364,0.0,0.04,0.96,0.0,0.12114609454120741
39632971916907175,0.0,0.0,0.83,0.17,0.32885238937210975
39632946793023558,0.0,0.74,0.26,0.0,0.4133731862463089
39632971904321872,0.0,0.47,0.53,0.0,0.4987007942838698
39632981840628772,0.0,0.89,0.11,0.0,0.249957979082264
39632996629744725,0.0,0.96,0.04,0.0,0.12114609454120741
39632976899738283,0.0,0.15,0.85,0.0,0.3049201523582002
39632986781516239,0.0,0.27,0.73,0.0,0.42073231810408784
39632981861599721,0.0,0.86,0.14,0.0,0.292119405821428
39632986781516962,0.0,0.0,0.94,0.06,0.16372245957723813
39632981861599541,0.0,0.79,0.21,0.0,0.37074136996563684
39632976891348702,0.0,0.78,0.22,0.0,0.38008375148098283
39632971925291569,0.0,0.95,0.05,0.0,0.14319847855797813
39632966921490295,0.0,0.7,0.3,0.0,0.44064544961534635
39632986781517020,0.0,0.15,0.85,0.0,0.3049201523582002
39632961900905327,0.0,0.01,0.99,0.0,0.04039656794795559
39633001553854972,0.0,0.1,0.9,0.0,0.2344977967946406
39633001553854960,0.0,0.31,0.69,0.0,0.4465867291889284
39632971908516169,0.0,0.27,0.73,0.0,0.42073231810408784
39632971916903249,0.0,0.92,0.08,0.0,0.2010895951011364
39632971916903285,0.0,0.11,0.87,0.02,0.3189789351681142
39632966917292086,0.0,0.06,0.94,0.0,0.16372245957723813
39632991730796995,0.0,0.48,0.52,0.0,0.4994227679976009
39632956855157799,0.0,0.89,0.11,0.0,0.249957979082264
39632981844820126,0.0,0.32,0.68,0.0,0.45219072886224687
39632981840626268,0.0,0.01,0.99,0.0,0.04039656794795559
39632961892516722,0.0,0.02,0.98,0.0,0.07072027127091034
39632961892516976,0.0,0.22,0.78,0.0,0.38008375148098283
39632956867741491,0.0,0.46,0.54,0.0,0.49768921941011285
39632961892517050,0.0,0.78,0.22,0.0,0.38008375148098283
39632966917293458,0.0,0.04,0.96,0.0,0.12114609454120741
39632961896710698,0.0,0.16,0.84,0.0,0.3171547773202831
39632986785710603,0.0,0.0,0.85,0.15,0.3049201523582002
39632961896710558,0.0,0.4,0.6,0.0,0.4854752972273343
39632966925681180,0.0,0.2,0.8,0.0,0.36096404744368116
39632961892516772,0.0,0.81,0.19,0.0,0.3507357299419487
39632956850964638,0.0,0.0,0.99,0.01,0.04039656794795559
39632951821994663,0.0,0.81,0.19,0.0,0.3507357299419487
39632986785710730,0.0,0.96,0.04,0.0,0.12114609454120741
39632956855157841,0.0,0.98,0.02,0.0,0.07072027127091034
39633001545470454,0.0,0.0,1.0,0.0,-0.0
39632991734989048,0.0,0.22,0.78,0.0,0.38008375148098283
39632981849017259,0.0,0.77,0.23,0.0,0.38900565177326885
39632961888321720,0.0,0.92,0.08,0.0,0.2010895951011364
39632971908515783,0.0,0.46,0.54,0.0,0.49768921941011285
39632946776247268,0.0,0.34,0.66,0.0,0.46240935248651505
39632976870376454,0.0,0.0,1.0,0.0,-0.0
39632951838771289,0.0,0.98,0.02,0.0,0.07072027127091034
39633001545470759,0.0,0.41,0.59,0.0,0.488250234378912
39632981840630070,0.0,0.0,0.99,0.01,0.04039656794795559
39632976857794764,0.0,0.13,0.87,0.0,0.2787190925139945
39633001545470750,0.0,0.72,0.28,0.0,0.4277254052800653
39632976861987958,0.0,0.01,0.99,0.0,0.04039656794795559
39632961892519081,0.0,0.45,0.55,0.0,0.49638722699390414
39632956855160733,0.0,0.32,0.68,0.0,0.45219072886224687
39632956859354513,0.0,0.15,0.85,0.0,0.3049201523582002
39632966900516025,0.0,0.28,0.72,0.0,0.4277254052800653
39632956855160762,0.0,0.07,0.93,0.0,0.18296182545011158
39632956855160735,0.0,0.03,0.87,0.1,0.32937683193798006
39632966892129541,0.0,0.27,0.73,0.0,0.42073231810408784
39632966913102173,0.0,0.33,0.67,0.0,0.4574631863898637
39632991709825245,0.0,0.0,0.99,0.01,0.04039656794795559
39632976899739785,0.0,0.62,0.38,0.0,0.47902101111314976
39632986810877728,0.0,0.0,1.0,0.0,-0.0
39632996654908642,0.0,0.96,0.04,0.0,0.12114609454120741
39632986806685544,0.0,0.72,0.28,0.0,0.4277254052800653
39632996650717400,0.0,0.49,0.51,0.0,0.49985572087640495
39632996650717479,0.0,0.7,0.3,0.0,0.44064544961534635
39632976899739795,0.0,0.68,0.32,0.0,0.45219072886224687
39632996654908620,0.0,1.0,0.0,0.0,-0.0
39632951851355951,0.02,0.98,0.0,0.0,0.07072027127091034
39632996659105132,0.0,0.58,0.42,0.0,0.49072694751682683
39632951851356300,0.0,0.95,0.05,0.0,0.14319847855797813
39632996650717107,0.0,0.97,0.03,0.0,0.0971959289157881
39632946784635799,0.0,0.05,0.95,0.0,0.14319847855797813
39632976870376910,0.0,0.0,0.99,0.01,0.04039656794795559
39632986785710395,0.0,0.04,0.96,0.0,0.12114609454120741
39632966900516041,0.0,0.0,1.0,0.0,-0.0
39632981823851340,0.0,0.0,0.72,0.28,0.4277254052800653
39632971908515337,0.0,0.73,0.27,0.0,0.42073231810408784
39632981840626041,0.0,0.0,0.96,0.04,0.12114609454120741
39632996633937514,0.0,0.79,0.21,0.0,0.37074136996563684
39632976874569814,0.0,0.8,0.2,0.0,0.36096404744368116
39632956884518559,0.0,0.27,0.73,0.0,0.42073231810408784
39632966892128744,0.0,0.12,0.88,0.0,0.2646804326436822
39632966892129108,0.0,0.0,0.99,0.01,0.04039656794795559
39632966892129330,0.0,0.62,0.38,0.0,0.47902101111314976
39632966892128921,0.0,0.0,0.97,0.03,0.0971959289157881
39632951821992735,0.0,0.67,0.33,0.0,0.4574631863898637
39632946776244332,0.0,0.62,0.38,0.0,0.47902101111314976
39632991739187494,0.0,0.37,0.63,0.0,0.47533604634353294
39632991739187549,0.0,0.04,0.94,0.02,0.19127133459887283
39632966913101644,0.0,0.76,0.24,0.0,0.39752013969226113
39632986785710824,0.0,1.0,0.0,0.0,-0.0
39632956884519598,0.0,0.27,0.73,0.0,0.42073231810408784
39632986785710870,0.0,1.0,0.0,0.0,-0.0
39632966921489985,0.0,0.0,0.96,0.04,0.12114609454120741
39632946776248237,0.0,0.11,0.89,0.0,0.249957979082264
39632956859354366,0.0,0.52,0.48,0.0,0.4994227679976009
39632981853211967,0.0,0.57,0.43,0.0,0.4929075185894599
39632946776244546,0.0,0.06,0.93,0.01,0.20367037270049304
39632956880325220,0.0,0.0,0.89,0.11,0.249957979082264
39632956859354417,0.0,0.04,0.96,0.0,0.12114609454120741
39632956880325368,0.0,0.95,0.05,0.0,0.14319847855797813
39632956880325187,0.0,0.01,0.98,0.01,0.08072027127091033
39633001545470314,0.0,0.53,0.47,0.0,0.4987007942838698
39632986806686314,0.0,0.8,0.2,0.0,0.36096404744368116
39632966913102514,0.0,0.7,0.3,0.0,0.44064544961534635
39632976899739751,0.0,0.24,0.76,0.0,0.39752013969226113
39632976899739645,0.0,0.84,0.16,0.0,0.3171547773202831
39632996654908625,0.0,0.54,0.46,0.0,0.49768921941011285
39632986810878841,0.02,0.97,0.01,0.0,0.11097036642660543
39632971908515404,0.0,0.64,0.36,0.0,0.4713415946277461
39632971887546077,0.0,0.02,0.97,0.01,0.11097036642660543
39633001549660317,0.0,0.48,0.52,0.0,0.4994227679976009
39632986768937065,0.0,0.0,0.98,0.02,0.07072027127091034
39632981823851558,0.0,0.24,0.76,0.0,0.39752013969226113
39632986768934458,0.0,0.98,0.02,0.0,0.07072027127091034
39632971887542740,0.0,0.58,0.42,0.0,0.49072694751682683
39632956867744271,0.0,0.52,0.48,0.0,0.4994227679976009
39632981823851618,0.0,0.73,0.27,0.0,0.42073231810408784
39632976899740581,0.0,0.04,0.96,0.0,0.12114609454120741
39632976891348283,0.0,0.87,0.13,0.0,0.2787190925139945
39632976870377260,0.0,0.0,0.99,0.01,0.04039656794795559
39632956880327324,0.0,0.98,0.02,0.0,0.07072027127091034
39632971887542364,0.0,0.01,0.99,0.0,0.04039656794795559
39632996654909220,0.0,0.48,0.52,0.0,0.4994227679976009
39632996654908607,0.0,0.05,0.95,0.0,0.14319847855797813
39632966904713057,0.0,0.83,0.17,0.0,0.32885238937210975
39632996654911015,0.0,0.24,0.76,0.0,0.39752013969226113
39632996654911125,0.0,0.81,0.19,0.0,0.3507357299419487
39632976899740697,0.0,0.44,0.56,0.0,0.4947937606110278
39632981823852805,0.0,0.2,0.8,0.0,0.36096404744368116
39632981823851370,0.0,0.45,0.55,0.0,0.49638722699390414
39632996654911356,0.0,0.81,0.19,0.0,0.3507357299419487
39632996654909438,0.0,0.07,0.93,0.0,0.18296182545011158
39632996654910669,0.0,0.79,0.21,0.0,0.37074136996563684
39632996654910823,0.0,0.98,0.02,0.0,0.07072027127091034
39632966900516467,0.0,0.0,0.73,0.27,0.42073231810408784
39632981844821424,0.0,0.23,0.77,0.0,0.38900565177326885
39632971887545883,0.0,0.78,0.22,0.0,0.38008375148098283
39632996638131209,0.0,0.68,0.32,0.0,0.45219072886224687
39632981857405956,0.0,0.0,0.93,0.07,0.18296182545011158
39632981844821537,0.0,0.62,0.38,0.0,0.47902101111314976
39632976903930072,0.0,0.73,0.27,0.0,0.42073231810408784
39632981857405895,0.0,0.47,0.53,0.0,0.4987007942838698
39632946788829220,0.0,0.85,0.15,0.0,0.3049201523582002
39632946788829197,0.0,0.33,0.67,0.0,0.4574631863898637
39632956863549592,0.0,0.47,0.53,0.0,0.4987007942838698
39632971904323594,0.0,0.46,0.54,0.0,0.49768921941011285
39633001545468859,0.0,0.13,0.87,0.0,0.2787190925139945
39632956888715993,0.0,0.97,0.03,0.0,0.0971959289157881
39632966921490342,0.0,0.13,0.87,0.0,0.2787190925139945
39632966929876693,0.0,0.47,0.53,0.0,0.4987007942838698
39632956892905538,0.0,0.13,0.87,0.0,0.2787190925139945
39632951821994543,0.0,0.07,0.93,0.0,0.18296182545011158
39632981823850818,0.0,0.1,0.9,0.0,0.2344977967946406
39632951821994644,0.0,0.33,0.67,0.0,0.4574631863898637
39633001545469529,0.0,0.43,0.57,0.0,0.4929075185894599
39632981823850527,0.0,0.91,0.09,0.0,0.21823490853205144
39632966892127835,0.0,0.27,0.73,0.0,0.42073231810408784
39632981823850501,0.07,0.93,0.0,0.0,0.18296182545011158
39632961871548269,0.0,0.17,0.83,0.0,0.32885238937210975
39632971925292240,0.0,0.1,0.9,0.0,0.2344977967946406
39632971925292023,0.0,0.03,0.97,0.0,0.0971959289157881
39632951851356115,0.0,0.53,0.47,0.0,0.4987007942838698
39632996659105107,0.0,0.68,0.32,0.0,0.45219072886224687
39632996659106191,0.0,0.52,0.48,0.0,0.4994227679976009
39632971912708936,0.01,0.95,0.04,0.0,0.16124668093016215
39632996659106182,0.0,0.7,0.3,0.0,0.44064544961534635
39632981828042914,0.0,0.0,0.97,0.03,0.0971959289157881
39632981844824606,0.0,0.84,0.16,0.0,0.3171547773202831
39632981840625884,0.0,0.04,0.95,0.01,0.16124668093016215
39633001545469419,0.0,0.98,0.02,0.0,0.07072027127091034
39633001545469244,0.0,0.08,0.92,0.0,0.2010895951011364
39632986806685648,0.02,0.96,0.02,0.0,0.14114609454120738
39632971904323573,0.0,0.11,0.89,0.0,0.249957979082264
39632976899736991,0.0,0.99,0.01,0.0,0.04039656794795559
39632981857405095,0.0,0.05,0.95,0.0,0.14319847855797813
39632981857404843,0.0,0.19,0.81,0.0,0.3507357299419487
39632956888715688,0.0,0.47,0.53,0.0,0.4987007942838698
39632956888715470,0.0,0.39,0.61,0.0,0.4823997742525436
39632956884521666,0.0,0.78,0.22,0.0,0.38008375148098283
39632956888711210,0.0,0.18,0.82,0.0,0.34003852286413994
39632956888711378,0.0,0.2,0.8,0.0,0.36096404744368116
39633001545469415,0.0,0.86,0.14,0.0,0.292119405821428
39632981865793397,0.0,0.64,0.36,0.0,0.4713415946277461
39632981823849953,0.0,0.43,0.57,0.0,0.4929075185894599
39633001549660752,0.0,0.83,0.17,0.0,0.32885238937210975
39632986781518983,0.0,0.96,0.04,0.0,0.12114609454120741
39632961892516454,0.0,0.04,0.96,0.0,0.12114609454120741
39632991743379221,0.0,0.45,0.55,0.0,0.49638722699390414
39632996663296272,0.0,0.05,0.95,0.0,0.14319847855797813
39633001545470529,0.0,0.91,0.09,0.0,0.21823490853205144
39632996659106155,0.0,0.97,0.03,0.0,0.0971959289157881
39632971925292296,0.0,0.41,0.59,0.0,0.488250234378912
39632981828043142,0.0,0.38,0.62,0.0,0.47902101111314976
39632996633937595,0.02,0.98,0.0,0.0,0.07072027127091034
39632996654909027,0.0,0.34,0.66,0.0,0.46240935248651505
39632976903930074,0.0,0.37,0.63,0.0,0.47533604634353294
39632996650717879,0.0,0.97,0.03,0.0,0.0971959289157881
39632996650717712,0.0,0.04,0.96,0.0,0.12114609454120741
39632996663297259,0.0,0.72,0.28,0.0,0.4277254052800653
39632966904712670,0.0,0.08,0.92,0.0,0.2010895951011364
39632971908515536,0.0,0.89,0.11,0.0,0.249957979082264
39632981857403081,0.0,0.35,0.65,0.0,0.4670340276877455
39632956863546477,0.0,0.43,0.57,0.0,0.4929075185894599
39632956859354748,0.0,0.03,0.97,0.0,0.0971959289157881
39632981823852410,0.0,0.0,0.96,0.04,0.12114609454120741
39632996646521440,0.0,0.35,0.65,0.0,0.4670340276877455
39632946776247378,0.0,0.02,0.98,0.0,0.07072027127091034
39632961896710342,0.0,0.08,0.92,0.0,0.2010895951011364
39632961888321622,0.0,0.78,0.22,0.0,0.38008375148098283
39632986785710604,0.0,0.0,1.0,0.0,-0.0
39632946788828923,0.0,0.95,0.05,0.0,0.14319847855797813
39632981844824487,0.0,0.29,0.71,0.0,0.43436062316970225
39632981823852285,0.0,0.45,0.55,0.0,0.49638722699390414
39632981823850418,0.0,0.0,1.0,0.0,-0.0
39632981823850462,0.0,0.88,0.12,0.0,0.2646804326436822
39632981823852293,0.0,0.69,0.31,0.0,0.4465867291889284
39632996659105085,0.0,0.27,0.73,0.0,0.42073231810408784
39632966883742004,0.0,0.79,0.21,0.0,0.37074136996563684
39632996650716972,0.0,0.39,0.61,0.0,0.4823997742525436
39632996650717011,0.0,0.53,0.47,0.0,0.4987007942838698
39632991743379967,0.0,0.76,0.24,0.0,0.39752013969226113
39632981823850325,0.0,0.01,0.97,0.02,0.11097036642660543
39632996646519111,0.0,0.12,0.88,0.0,0.2646804326436822
39632971921097473,0.0,0.21,0.79,0.0,0.37074136996563684
39632996638130796,0.0,0.92,0.08,0.0,0.2010895951011364
39632986806685511,0.0,0.89,0.11,0.0,0.249957979082264
39632986789908458,0.0,0.66,0.34,0.0,0.46240935248651505
39632961884131695,0.01,0.99,0.0,0.0,0.04039656794795559
39632981849016148,0.0,0.31,0.69,0.0,0.4465867291889284
39632981849016149,0.0,0.21,0.79,0.0,0.37074136996563684
39633001545466905,0.0,0.97,0.03,0.0,0.0971959289157881
39632996654911461,0.0,0.24,0.76,0.0,0.39752013969226113
39633001549664014,0.14,0.86,0.0,0.0,0.292119405821428
39632971891737211,0.0,0.17,0.83,0.0,0.32885238937210975
39632996654909052,0.0,0.19,0.81,0.0,0.3507357299419487
39632986806686380,0.0,0.53,0.47,0.0,0.4987007942838698
39632981865792338,0.0,0.8,0.2,0.0,0.36096404744368116
39632991743381069,0.2,0.79,0.01,0.0,0.39974188986867043
39632996633936829,0.0,0.62,0.38,0.0,0.47902101111314976
39632951838773255,0.0,0.61,0.39,0.0,0.4823997742525436
39632996638130724,0.0,0.13,0.87,0.0,0.2787190925139945
39632971900127782,0.0,0.65,0.35,0.0,0.4670340276877455
39632976882959861,0.0,0.6,0.4,0.0,0.4854752972273343
39632996659106528,0.0,0.97,0.03,0.0,0.0971959289157881
39632976882959577,0.0,0.75,0.25,0.0,0.4056390622295664
39632951838773120,0.0,0.01,0.99,0.0,0.04039656794795559
39632966900518437,0.0,0.32,0.68,0.0,0.45219072886224687
39632961884131719,0.0,0.85,0.15,0.0,0.3049201523582002
39632971900127626,0.0,0.61,0.39,0.0,0.4823997742525436
39633001553856626,0.01,0.97,0.02,0.0,0.11097036642660543
39633001553856163,0.0,0.41,0.59,0.0,0.488250234378912
39632996633936558,0.01,0.99,0.0,0.0,0.04039656794795559
39632996654909079,0.0,0.94,0.06,0.0,0.16372245957723813
39633001553855247,0.0,0.7,0.3,0.0,0.44064544961534635
39633001541275073,0.0,0.13,0.87,0.0,0.2787190925139945
39632981823848621,0.0,0.0,0.98,0.02,0.07072027127091034
39632981828046051,0.0,0.83,0.17,0.0,0.32885238937210975
39632981828046185,0.0,0.85,0.15,0.0,0.3049201523582002
39633001553854778,0.0,0.83,0.17,0.0,0.32885238937210975
39632981836435106,0.0,0.37,0.63,0.0,0.47533604634353294
39632981823849074,0.0,0.25,0.75,0.0,0.4056390622295664
39632971904323666,0.0,0.5,0.5,0.0,0.5
39632971904323070,0.0,0.78,0.22,0.0,0.38008375148098283
39632956871935998,0.0,0.01,0.94,0.05,0.1832231322266888
39632976895542778,0.0,0.01,0.99,0.0,0.04039656794795559
39632991734992642,0.0,0.0,0.97,0.03,0.0971959289157881
39632971904323462,0.0,0.04,0.95,0.01,0.16124668093016215
39632981823849194,0.0,0.7,0.3,0.0,0.44064544961534635
39632971904323483,0.0,0.11,0.89,0.0,0.249957979082264
39632966892128972,0.0,0.45,0.55,0.0,0.49638722699390414
39632996650717022,0.0,0.4,0.6,0.0,0.4854752972273343
39632981823848511,0.0,0.11,0.89,0.0,0.249957979082264
39632996650717108,0.0,0.06,0.94,0.0,0.16372245957723813
39632981823848554,0.0,0.78,0.22,0.0,0.38008375148098283
39632981823848785,0.0,0.93,0.07,0.0,0.18296182545011158
39632986768935645,0.0,0.9,0.1,0.0,0.2344977967946406
39632986781520083,0.0,0.44,0.56,0.0,0.4947937606110278
39632986768935665,0.0,0.02,0.95,0.03,0.1674722434193448
39632986768935863,0.0,0.79,0.21,0.0,0.37074136996563684
39632956867744347,0.0,0.01,0.99,0.0,0.04039656794795559
39632991726604362,0.0,0.93,0.07,0.0,0.18296182545011158
39632971895931766,0.0,0.09,0.91,0.0,0.21823490853205144
39632976899739907,0.0,0.77,0.23,0.0,0.38900565177326885
39632981823848521,0.0,0.32,0.68,0.0,0.45219072886224687
39632981819658162,0.0,0.96,0.04,0.0,0.12114609454120741
39632971891737320,0.0,0.3,0.7,0.0,0.44064544961534635
39632981832237998,0.0,0.7,0.3,0.0,0.44064544961534635
39632981819658054,0.0,0.0,0.85,0.15,0.3049201523582002
39632981819658101,0.0,0.0,0.67,0.33,0.4574631863898637
39632971891737063,0.0,0.25,0.75,0.0,0.4056390622295664
39633001549664416,0.0,0.97,0.03,0.0,0.0971959289157881
39632971921099508,0.0,0.56,0.44,0.0,0.4947937606110278
39633001541275411,0.0,0.2,0.8,0.0,0.36096404744368116
39633001541275391,0.0,0.48,0.52,0.0,0.4994227679976009
39632986764742735,0.0,0.8,0.2,0.0,0.36096404744368116
39632986781518386,0.0,0.24,0.76,0.0,0.39752013969226113
39632981828045238,0.0,0.7,0.3,0.0,0.44064544961534635
39632996659102523,0.0,0.07,0.93,0.0,0.18296182545011158
39632996654912153,0.0,0.72,0.28,0.0,0.4277254052800653
39632966900516518,0.0,0.69,0.31,0.0,0.4465867291889284
39632966900516547,0.0,0.21,0.79,0.0,0.37074136996563684
39632981828045114,0.0,0.02,0.98,0.0,0.07072027127091034
39632971887544741,0.0,1.0,0.0,0.0,-0.0
39632986768933327,0.0,0.14,0.86,0.0,0.292119405821428
39632971887544941,0.0,0.51,0.49,0.0,0.49985572087640495
39632956888713924,0.0,0.43,0.57,0.0,0.4929075185894599
39632956888714022,0.0,0.72,0.28,0.0,0.4277254052800653
39632996659103571,0.0,0.11,0.88,0.01,0.28950944366190023
39633001541275521,0.0,0.78,0.22,0.0,0.38008375148098283
39633001545467241,0.0,0.29,0.71,0.0,0.43436062316970225
39633001545467577,0.0,0.11,0.89,0.0,0.249957979082264
39632996654911814,0.0,0.22,0.78,0.0,0.38008375148098283
39632996654911411,0.0,0.62,0.38,0.0,0.47902101111314976
39632996654911071,0.0,0.56,0.44,0.0,0.4947937606110278
39633001545467226,0.0,0.79,0.21,0.0,0.37074136996563684
39633001545467669,0.01,0.99,0.0,0.0,0.04039656794795559
39633001545467779,0.01,0.99,0.0,0.0,0.04039656794795559
39632996654911721,0.0,0.28,0.72,0.0,0.4277254052800653
39633001545467101,0.0,0.8,0.2,0.0,0.36096404744368116
39632996654910981,0.0,0.05,0.95,0.0,0.14319847855797813
39632996654912051,0.0,0.74,0.26,0.0,0.4133731862463089
39632986768934151,0.0,0.01,0.99,0.0,0.04039656794795559
39632986768933995,0.0,0.23,0.77,0.0,0.38900565177326885
39632996654909959,0.0,0.9,0.1,0.0,0.2344977967946406
39632986768934826,0.0,0.11,0.89,0.0,0.249957979082264
39632986768934749,0.0,0.42,0.58,0.0,0.49072694751682683
39632981823848828,0.0,0.03,0.94,0.03,0.19372245957723813
39632956888713956,0.0,0.27,0.73,0.0,0.42073231810408784
39632981832237973,0.0,0.68,0.32,0.0,0.45219072886224687
39632971921099115,0.0,0.05,0.95,0.0,0.14319847855797813
39633001545470359,0.0,0.21,0.79,0.0,0.37074136996563684
39633001541275725,0.0,0.99,0.01,0.0,0.04039656794795559
39633001549664289,0.0,0.61,0.39,0.0,0.4823997742525436
39633001545470452,0.0,0.93,0.07,0.0,0.18296182545011158
39632951855547441,0.0,0.95,0.05,0.0,0.14319847855797813
39632956859352629,0.0,0.81,0.19,0.0,0.3507357299419487
39632966921490324,0.0,0.43,0.57,0.0,0.4929075185894599
39632981836434806,0.0,0.94,0.06,0.0,0.16372245957723813
39632981836435026,0.0,0.05,0.95,0.0,0.14319847855797813
39632981836435010,0.0,0.3,0.7,0.0,0.44064544961534635
39632981836434907,0.0,0.75,0.25,0.0,0.4056390622295664
39632976895542558,0.0,0.03,0.97,0.0,0.0971959289157881
39632956855158229,0.0,0.75,0.25,0.0,0.4056390622295664
39632966925682607,0.0,0.42,0.58,0.0,0.49072694751682683
39632986768935407,0.0,0.03,0.95,0.02,0.1674722434193448
39632976895544691,0.0,0.65,0.35,0.0,0.4670340276877455
39632951855547351,0.0,0.01,0.98,0.01,0.08072027127091033
39632996659104740,0.0,0.24,0.76,0.0,0.39752013969226113
39632996650714511,0.0,0.57,0.43,0.0,0.4929075185894599
39632996659105246,0.0,0.09,0.91,0.0,0.21823490853205144
39632996659104974,0.0,0.4,0.6,0.0,0.4854752972273343
39632971887546368,0.0,0.33,0.67,0.0,0.4574631863898637
39632996646521048,0.0,0.22,0.78,0.0,0.38008375148098283
39632986806685211,0.0,0.0,1.0,0.0,-0.0
39632966900518558,0.0,0.29,0.71,0.0,0.43436062316970225
39632996650714811,0.0,0.16,0.84,0.0,0.3171547773202831
39632951855547428,0.0,0.82,0.18,0.0,0.34003852286413994
39632996629741994,0.0,0.61,0.39,0.0,0.4823997742525436
39632981823849851,0.0,0.14,0.86,0.0,0.292119405821428
39632996629741924,0.0,1.0,0.0,0.0,-0.0
39632981823849946,0.0,0.55,0.45,0.0,0.49638722699390414
39632996654907894,0.0,1.0,0.0,0.0,-0.0
39633001545469206,0.0,0.8,0.2,0.0,0.36096404744368116
39632996654907628,0.0,0.08,0.91,0.01,0.24088153359695552
39632996633936323,0.0,0.75,0.25,0.0,0.4056390622295664
39632996659103691,0.0,0.3,0.7,0.0,0.44064544961534635
39632996654908333,0.0,0.33,0.67,0.0,0.4574631863898637
39632996654908677,0.0,0.72,0.28,0.0,0.4277254052800653
39632996654909913,0.01,0.99,0.0,0.0,0.04039656794795559
39632996654911109,0.0,0.78,0.22,0.0,0.38008375148098283
39633001545469540,0.0,0.97,0.03,0.0,0.0971959289157881
39632996654909880,0.04,0.96,0.0,0.0,0.12114609454120741
39632996654911231,0.0,0.05,0.95,0.0,0.14319847855797813
39632996654911211,0.0,0.17,0.83,0.0,0.32885238937210975
39633001545469065,0.03,0.97,0.0,0.0,0.0971959289157881
39632996659104673,0.0,0.9,0.1,0.0,0.2344977967946406
39633001545469074,0.0,1.0,0.0,0.0,-0.0
39632996633936434,0.0,0.9,0.1,0.0,0.2344977967946406
39632986768935904,0.0,0.98,0.02,0.0,0.07072027127091034
39632986781518290,0.0,0.96,0.04,0.0,0.12114609454120741
39632996633937496,0.0,0.2,0.8,0.0,0.36096404744368116
39632996633937242,0.0,0.3,0.7,0.0,0.44064544961534635
39632971921097109,0.0,0.31,0.69,0.0,0.4465867291889284
39633001545470474,0.0,0.8,0.2,0.0,0.36096404744368116
39632996650717984,0.0,0.94,0.06,0.0,0.16372245957723813
39632976899738435,0.0,0.08,0.92,0.0,0.2010895951011364
39632961892518871,0.0,1.0,0.0,0.0,-0.0
39632991734993273,0.0,0.28,0.72,0.0,0.4277254052800653
39632991734992885,0.0,0.48,0.52,0.0,0.4994227679976009
39632991734992943,0.0,0.01,0.99,0.0,0.04039656794795559
39632991734993260,0.0,0.74,0.26,0.0,0.4133731862463089
39632981823850516,0.0,0.23,0.76,0.01,0.4275060148322434
39632971879155539,0.0,0.44,0.56,0.0,0.4947937606110278
39632956888712702,0.0,0.09,0.91,0.0,0.21823490853205144
39632976891349449,0.0,0.02,0.98,0.0,0.07072027127091034
39632981828045514,0.0,0.8,0.2,0.0,0.36096404744368116
39633001549665096,0.0,0.75,0.25,0.0,0.4056390622295664
39632966908904931,0.0,0.6,0.4,0.0,0.4854752972273343
39632971904322918,0.0,0.62,0.38,0.0,0.47902101111314976
39632971904322896,0.0,0.91,0.09,0.0,0.21823490853205144
39632986768933047,0.0,0.18,0.82,0.0,0.34003852286413994
39632996629742660,0.0,0.0,0.98,0.02,0.07072027127091034
39632971904322524,0.0,0.83,0.17,0.0,0.32885238937210975
39632991709823135,0.0,0.88,0.12,0.0,0.2646804326436822
39632976853602704,0.0,0.55,0.45,0.0,0.49638722699390414
39632976853602791,0.0,0.99,0.01,0.0,0.04039656794795559
39632976853602505,0.0,0.19,0.81,0.0,0.3507357299419487
39632981832237314,0.0,0.05,0.95,0.0,0.14319847855797813
39632966900518636,0.0,0.71,0.29,0.0,0.43436062316970225
39633001553855907,0.0,0.02,0.92,0.06,0.23354072007950172
39633001553855740,0.09,0.91,0.0,0.0,0.21823490853205144
39633001553855729,0.0,0.2,0.8,0.0,0.36096404744368116
39632996633935992,0.0,0.99,0.01,0.0,0.04039656794795559
39632971925293247,0.0,0.73,0.27,0.0,0.42073231810408784
39632996654909440,0.0,0.51,0.49,0.0,0.49985572087640495
39633001549661296,0.0,0.58,0.42,0.0,0.49072694751682683
39632971904323275,0.0,0.4,0.6,0.0,0.4854752972273343
39633001549664405,0.0,0.66,0.34,0.0,0.46240935248651505
39632971908513933,0.0,0.96,0.04,0.0,0.12114609454120741
39632971925292961,0.02,0.98,0.0,0.0,0.07072027127091034
39632971925292993,0.0,0.96,0.04,0.0,0.12114609454120741
39632981849015598,0.0,0.24,0.76,0.0,0.39752013969226113
39632981828044007,0.0,0.12,0.88,0.0,0.2646804326436822
39632981828043957,0.0,0.57,0.43,0.0,0.4929075185894599
39632981865792812,0.0,0.87,0.13,0.0,0.2787190925139945
39632971921097157,0.0,0.06,0.94,0.0,0.16372245957723813
39632956867742491,0.0,0.18,0.82,0.0,0.34003852286413994
39632956867742419,0.0,0.25,0.75,0.0,0.4056390622295664
39632956884518981,0.0,0.43,0.57,0.0,0.4929075185894599
39632986806682764,0.0,0.82,0.18,0.0,0.34003852286413994
39632991739185052,0.0,0.86,0.14,0.0,0.292119405821428
39632956859354759,0.0,0.09,0.91,0.0,0.21823490853205144
39632966883741150,0.0,0.38,0.62,0.0,0.47902101111314976
39632996633938420,0.0,0.03,0.97,0.0,0.0971959289157881
39632956859354814,0.0,1.0,0.0,0.0,-0.0
39632976895544112,0.0,0.46,0.54,0.0,0.49768921941011285
39632956859354817,0.0,0.8,0.2,0.0,0.36096404744368116
39632991734990751,0.0,0.0,0.98,0.02,0.07072027127091034
39632976895543513,0.0,0.52,0.48,0.0,0.4994227679976009
39632951826188198,0.0,0.0,0.99,0.01,0.04039656794795559
39632991722406367,0.0,0.42,0.58,0.0,0.49072694751682683
39632966892127256,0.0,0.21,0.79,0.0,0.37074136996563684
39632981853209101,0.0,0.68,0.32,0.0,0.45219072886224687
39632961879935808,0.0,0.5,0.5,0.0,0.5
39632981857407228,0.0,0.4,0.6,0.0,0.4854752972273343
39632956863547700,0.0,0.52,0.48,0.0,0.4994227679976009
39632951826187619,0.0,0.55,0.45,0.0,0.49638722699390414
39632956859354852,0.0,0.09,0.91,0.0,0.21823490853205144
39632986802488060,0.0,0.32,0.68,0.0,0.45219072886224687
39632986794100683,0.0,0.27,0.73,0.0,0.42073231810408784
39632986794100575,0.0,0.34,0.66,0.0,0.46240935248651505
39632971921096891,0.0,0.91,0.09,0.0,0.21823490853205144
39632956884518808,0.0,0.0,0.96,0.04,0.12114609454120741
39632981823850060,0.0,0.03,0.97,0.0,0.0971959289157881
39632986777322463,0.0,0.91,0.09,0.0,0.21823490853205144
39632966913098334,0.0,0.88,0.12,0.0,0.2646804326436822
39632966904709247,0.04,0.94,0.02,0.0,0.19127133459887283
39632951830381585,0.0,0.85,0.15,0.0,0.3049201523582002
39632951830382829,0.0,0.04,0.91,0.05,0.2628333312247715
39632986794100706,0.0,0.23,0.77,0.0,0.38900565177326885
39632986802487763,0.0,0.21,0.79,0.0,0.37074136996563684
39632991718216395,0.0,0.81,0.19,0.0,0.3507357299419487
39632946784637297,0.0,0.01,0.95,0.04,0.16124668093016215
39632951851354012,0.0,0.3,0.7,0.0,0.44064544961534635
39632941722109524,0.0,0.99,0.01,0.0,0.04039656794795559
39632981849016693,0.0,0.94,0.06,0.0,0.16372245957723813
39632991709825035,0.0,0.07,0.93,0.0,0.18296182545011158
39632956863547867,0.0,0.97,0.03,0.0,0.0971959289157881
39632946793026101,0.0,0.18,0.82,0.0,0.34003852286413994
39632941717917117,0.0,0.34,0.66,0.0,0.46240935248651505
39632986789907134,0.0,0.17,0.83,0.0,0.32885238937210975
39632951842966041,0.0,0.13,0.87,0.0,0.2787190925139945
39632951851354155,0.0,0.81,0.19,0.0,0.3507357299419487
39632951847160085,0.0,0.03,0.97,0.0,0.0971959289157881
39632981828044046,0.0,0.12,0.88,0.0,0.2646804326436822
39632981840627637,0.0,0.73,0.27,0.0,0.42073231810408784
39632966908907985,0.0,0.88,0.12,0.0,0.2646804326436822
39632966892130582,0.0,0.39,0.61,0.0,0.4823997742525436
39632981840627522,0.0,0.64,0.36,0.0,0.4713415946277461
39632971912708312,0.0,0.8,0.2,0.0,0.36096404744368116
39632971912708167,0.0,0.85,0.15,0.0,0.3049201523582002
39632991726602393,0.0,0.28,0.72,0.0,0.4277254052800653
39632991726602361,0.0,0.0,0.96,0.04,0.12114609454120741
39632971887546945,0.0,0.8,0.2,0.0,0.36096404744368116
39632971887546913,0.0,0.08,0.92,0.0,0.2010895951011364
39632976870376754,0.0,0.65,0.35,0.0,0.4670340276877455
39632976895543138,0.0,0.5,0.5,0.0,0.5
39632966904713647,0.0,0.07,0.93,0.0,0.18296182545011158
39632966913102529,0.0,0.83,0.17,0.0,0.32885238937210975
39632996642327645,0.0,0.99,0.01,0.0,0.04039656794795559
39632941722109648,0.0,0.64,0.36,0.0,0.4713415946277461
39632976895543405,0.0,1.0,0.0,0.0,-0.0
39632991718213035,0.0,0.85,0.15,0.0,0.3049201523582002
39632991739187247,0.0,0.75,0.25,0.0,0.4056390622295664
39632986777322360,0.0,0.03,0.97,0.0,0.0971959289157881
39632976891351426,0.0,0.56,0.44,0.0,0.4947937606110278
39632951826187651,0.0,0.0,0.92,0.08,0.2010895951011364
39632951821993514,0.0,0.0,1.0,0.0,-0.0
39632986785712624,0.0,0.38,0.62,0.0,0.47902101111314976
39632981832238124,0.0,0.0,0.98,0.02,0.07072027127091034
39632991718212850,0.0,0.93,0.07,0.0,0.18296182545011158
39632981857406713,0.0,0.13,0.87,0.0,0.2787190925139945
39632981857406740,0.0,0.14,0.86,0.0,0.292119405821428
39632951826187936,0.0,0.47,0.53,0.0,0.4987007942838698
39632951826188127,0.0,0.77,0.23,0.0,0.38900565177326885
39632956876132284,0.0,0.0,1.0,0.0,-0.0
39632946776244673,0.0,0.6,0.4,0.0,0.4854752972273343
39632966908904255,0.0,0.47,0.53,0.0,0.4987007942838698
39632996642327991,0.0,0.22,0.78,0.0,0.38008375148098283
39632976870377118,0.0,0.85,0.15,0.0,0.3049201523582002
39632996638131850,0.0,0.2,0.8,0.0,0.36096404744368116
39632996638131936,0.0,0.62,0.38,0.0,0.47902101111314976
39633001541275809,0.0,0.94,0.06,0.0,0.16372245957723813
39632956880327372,0.0,0.24,0.76,0.0,0.39752013969226113
39632961888321976,0.0,0.97,0.03,0.0,0.0971959289157881
39632961888321988,0.0,0.95,0.05,0.0,0.14319847855797813
39632996633936041,0.0,0.56,0.44,0.0,0.4947937606110278
39632971921101335,0.0,0.77,0.23,0.0,0.38900565177326885
39632956859354602,0.0,0.24,0.76,0.0,0.39752013969226113
39632971883348010,0.0,0.99,0.01,0.0,0.04039656794795559
39632976870376963,0.0,0.93,0.07,0.0,0.18296182545011158
39632966908903806,0.0,0.91,0.09,0.0,0.21823490853205144
39632996638132097,0.0,0.66,0.34,0.0,0.46240935248651505
39632986794101002,0.0,0.7,0.3,0.0,0.44064544961534635
39632966892130627,0.0,0.88,0.12,0.0,0.2646804326436822
39632996638131834,0.0,0.0,1.0,0.0,-0.0
39632961871547692,0.0,0.47,0.53,0.0,0.4987007942838698
39632966883741031,0.0,0.54,0.46,0.0,0.49768921941011285
39632996638132858,0.0,0.59,0.41,0.0,0.488250234378912
39632976857794516,0.0,0.08,0.92,0.0,0.2010895951011364
39632966900515391,0.0,0.42,0.58,0.0,0.49072694751682683
39632951842966355,0.0,0.8,0.2,0.0,0.36096404744368116
39632951842966277,0.0,0.56,0.44,0.0,0.4947937606110278
39632996638133388,0.0,0.88,0.12,0.0,0.2646804326436822
39632951826190761,0.0,0.72,0.28,0.0,0.4277254052800653
39632966879546508,0.0,0.87,0.13,0.0,0.2787190925139945
39633001541276186,0.0,0.94,0.06,0.0,0.16372245957723813
39633001541276043,0.0,0.92,0.08,0.0,0.2010895951011364
39632971883351342,0.0,0.82,0.18,0.0,0.34003852286413994
39632966908903998,0.0,0.12,0.88,0.0,0.2646804326436822
39632976895541316,0.0,0.99,0.01,0.0,0.04039656794795559
39632971921099918,0.02,0.98,0.0,0.0,0.07072027127091034
39632996633939041,0.0,0.18,0.82,0.0,0.34003852286413994
39632981840626901,0.0,0.19,0.81,0.0,0.3507357299419487
39632996642327884,0.0,0.35,0.65,0.0,0.4670340276877455
39632956859351222,0.0,0.96,0.04,0.0,0.12114609454120741
39632986806681988,0.0,0.25,0.75,0.0,0.4056390622295664
39632986806682106,0.0,0.69,0.31,0.0,0.4465867291889284
39632986806681782,0.0,0.41,0.59,0.0,0.488250234378912
39632991739186855,0.0,0.1,0.9,0.0,0.2344977967946406
39632966892128206,0.0,0.16,0.84,0.0,0.3171547773202831
39632971895932891,0.0,0.2,0.8,0.0,0.36096404744368116
39633001545467221,0.0,0.04,0.96,0.0,0.12114609454120741
39632951838771576,0.0,0.07,0.93,0.0,0.18296182545011158
39632996633937620,0.0,0.18,0.82,0.0,0.34003852286413994
39632976895545304,0.0,0.39,0.61,0.0,0.4823997742525436
39632961871546766,0.0,0.48,0.52,0.0,0.4994227679976009
39632991739185224,0.0,0.24,0.76,0.0,0.39752013969226113
39632991739185243,0.05,0.95,0.0,0.0,0.14319847855797813
39632971895932326,0.0,0.21,0.79,0.0,0.37074136996563684
39632981857403981,0.0,0.01,0.99,0.0,0.04039656794795559
39632981857403768,0.0,0.58,0.42,0.0,0.49072694751682683
39632986789908595,0.0,0.55,0.45,0.0,0.49638722699390414
39632976870379093,0.0,0.18,0.82,0.0,0.34003852286413994
39632981857405056,0.0,0.97,0.03,0.0,0.0971959289157881
39632961909296994,0.0,0.0,0.85,0.15,0.3049201523582002
39632966896321261,0.0,0.08,0.92,0.0,0.2010895951011364
39632991709825693,0.0,0.58,0.42,0.0,0.49072694751682683
39632981840627424,0.0,0.85,0.15,0.0,0.3049201523582002
39632961888322251,0.0,0.52,0.48,0.0,0.4994227679976009
39632976870378577,0.0,0.69,0.31,0.0,0.4465867291889284
39632966904713502,0.0,0.42,0.58,0.0,0.49072694751682683
39632986781516591,0.01,0.98,0.01,0.0,0.08072027127091033
39632976895545403,0.0,0.13,0.87,0.0,0.2787190925139945
39632976903930861,0.0,0.29,0.71,0.0,0.43436062316970225
39632991709825539,0.0,0.26,0.74,0.0,0.4133731862463089
39632991709825530,0.0,0.32,0.68,0.0,0.45219072886224687
39632971925291330,0.0,0.12,0.88,0.0,0.2646804326436822
39632941717917825,0.0,0.95,0.05,0.0,0.14319847855797813
39632941717918114,0.0,0.83,0.17,0.0,0.32885238937210975
39632941717917905,0.0,0.62,0.38,0.0,0.47902101111314976
39632971879154039,0.0,0.92,0.08,0.0,0.2010895951011364
39632971916905907,0.0,0.12,0.88,0.0,0.2646804326436822
39632986806683141,0.0,0.66,0.34,0.0,0.46240935248651505
39632966929876113,0.0,0.32,0.68,0.0,0.45219072886224687
39632971912709362,0.0,0.16,0.84,0.0,0.3171547773202831
39632966929876039,0.0,0.71,0.29,0.0,0.43436062316970225
39632971925291079,0.01,0.98,0.01,0.0,0.08072027127091033
39632971925291227,0.0,0.87,0.13,0.0,0.2787190925139945
39632956888714961,0.0,0.67,0.33,0.0,0.4574631863898637
39632986810878560,0.0,0.9,0.1,0.0,0.2344977967946406
39632996633939910,0.0,0.93,0.07,0.0,0.18296182545011158
39632971921101284,0.0,0.22,0.78,0.0,0.38008375148098283
39632996633940235,0.0,0.82,0.18,0.0,0.34003852286413994
39632966879546241,0.0,0.32,0.68,0.0,0.45219072886224687
39632996659102240,0.0,0.16,0.84,0.0,0.3171547773202831
39632986777322475,0.0,0.5,0.5,0.0,0.5
39632966887934141,0.0,0.02,0.97,0.01,0.11097036642660543
39632966887934630,0.0,0.06,0.94,0.0,0.16372245957723813
39632951830381715,0.0,0.2,0.8,0.0,0.36096404744368116
39632991730796477,0.0,0.31,0.69,0.0,0.4465867291889284
39632991730796247,0.0,0.51,0.49,0.0,0.49985572087640495
39632946780439526,0.0,0.16,0.84,0.0,0.3171547773202831
39632951842965999,0.0,0.89,0.11,0.0,0.249957979082264
39632961913487473,0.0,0.03,0.97,0.0,0.0971959289157881
39632981844823470,0.0,0.96,0.04,0.0,0.12114609454120741
39632946776246276,0.0,0.81,0.19,0.0,0.3507357299419487
39632976895543525,0.0,0.24,0.76,0.0,0.39752013969226113
39632981844823344,0.0,0.74,0.26,0.0,0.4133731862463089
39632951838772388,0.0,0.48,0.52,0.0,0.4994227679976009
39632971883350886,0.0,0.86,0.14,0.0,0.292119405821428
39632976895541942,0.0,0.01,0.99,0.0,0.04039656794795559
39632956892908957,0.0,0.87,0.13,0.0,0.2787190925139945
39632946776246071,0.0,0.67,0.33,0.0,0.4574631863898637
39632981844823381,0.0,0.12,0.88,0.0,0.2646804326436822
39632986794099462,0.0,0.0,0.96,0.04,0.12114609454120741
39632951826187507,0.0,0.0,0.99,0.01,0.04039656794795559
39632981819657809,0.0,0.19,0.81,0.0,0.3507357299419487
39632971891737251,0.0,0.36,0.64,0.0,0.4713415946277461
39632971891736867,0.0,0.95,0.05,0.0,0.14319847855797813
39632951838772583,0.0,0.13,0.87,0.0,0.2787190925139945
39632941717914769,0.0,0.75,0.25,0.0,0.4056390622295664
39632941717914436,0.0,0.43,0.57,0.0,0.4929075185894599
39632981844823403,0.0,0.53,0.47,0.0,0.4987007942838698
39632961909297597,0.0,0.78,0.22,0.0,0.38008375148098283
39632956855158590,0.0,0.38,0.62,0.0,0.47902101111314976
39632946772052066,0.0,1.0,0.0,0.0,-0.0
39632946772049980,0.0,0.01,0.98,0.01,0.08072027127091033
39632961900909228,0.0,0.35,0.65,0.0,0.4670340276877455
39632961900909298,0.0,0.6,0.4,0.0,0.4854752972273343
39632961900909327,0.0,0.55,0.45,0.0,0.49638722699390414
39632961913487454,0.0,0.93,0.07,0.0,0.18296182545011158
39632976903930502,0.0,0.38,0.62,0.0,0.47902101111314976
39632976903930467,0.0,0.25,0.75,0.0,0.4056390622295664
39632966896321523,0.0,0.77,0.23,0.0,0.38900565177326885
39632971895932990,0.0,0.9,0.1,0.0,0.2344977967946406
39633001553855195,0.02,0.98,0.0,0.0,0.07072027127091034
39632986777321657,0.0,0.12,0.88,0.0,0.2646804326436822
39632976895541600,0.0,0.3,0.7,0.0,0.44064544961534635
39632971925293562,0.0,0.6,0.4,0.0,0.4854752972273343
39633001541275531,0.0,0.35,0.65,0.0,0.4670340276877455
39633001541275582,0.01,0.99,0.0,0.0,0.04039656794795559
39632981861598544,0.0,0.06,0.94,0.0,0.16372245957723813
39632981861598612,0.0,0.01,0.96,0.03,0.13737165703039006
39632966917295222,0.0,0.81,0.19,0.0,0.3507357299419487
39632961888323611,0.0,0.22,0.78,0.0,0.38008375148098283
39632976866183288,0.0,0.94,0.06,0.0,0.16372245957723813
39632981832239059,0.0,1.0,0.0,0.0,-0.0
39632976866183187,0.0,0.02,0.97,0.01,0.11097036642660543
39632971912711696,0.0,0.71,0.29,0.0,0.43436062316970225
39632976861991083,0.0,0.99,0.01,0.0,0.04039656794795559
39632976861991062,0.0,0.0,0.9,0.1,0.2344977967946406
39632956863547155,0.0,0.03,0.97,0.0,0.0971959289157881
39632981849016536,0.0,0.76,0.24,0.0,0.39752013969226113
39632976866183215,0.0,0.01,0.95,0.04,0.16124668093016215
39632976866182992,0.0,0.19,0.81,0.0,0.3507357299419487
39632996638132373,0.0,0.33,0.67,0.0,0.4574631863898637
39632976870376726,0.0,0.77,0.23,0.0,0.38900565177326885
39632976866184640,0.0,0.31,0.69,0.0,0.4465867291889284
39632946788827191,0.0,0.5,0.5,0.0,0.5
39632986764743249,0.0,0.67,0.33,0.0,0.4574631863898637
39632976857795904,0.0,0.67,0.33,0.0,0.4574631863898637
39632956855160085,0.0,0.06,0.94,0.0,0.16372245957723813
39632981857406730,0.0,0.0,1.0,0.0,-0.0
39632956855159819,0.0,0.86,0.14,0.0,0.292119405821428
39632961913492450,0.0,0.36,0.64,0.0,0.4713415946277461
39632986777322408,0.0,0.05,0.95,0.0,0.14319847855797813
39632986777322414,0.0,0.95,0.05,0.0,0.14319847855797813
39632986777322600,0.0,0.75,0.25,0.0,0.4056390622295664
39632996625551465,0.0,0.63,0.37,0.0,0.47533604634353294
39632996625551548,0.0,0.59,0.41,0.0,0.488250234378912
39632986777322842,0.0,0.0,0.98,0.02,0.07072027127091034
39632976866184544,0.0,0.97,0.03,0.0,0.0971959289157881
39632966900517113,0.0,0.69,0.31,0.0,0.4465867291889284
39632956859354144,0.0,0.37,0.63,0.0,0.47533604634353294
39632966900517249,0.0,0.68,0.32,0.0,0.45219072886224687
39632996659102087,0.0,0.63,0.37,0.0,0.47533604634353294
39633001541275762,0.0,0.04,0.94,0.02,0.19127133459887283
39632971883351827,0.0,0.78,0.22,0.0,0.38008375148098283
39632956859353651,0.0,0.14,0.86,0.0,0.292119405821428
39633001541275840,0.0,0.64,0.36,0.0,0.4713415946277461
39633001541275818,0.0,0.42,0.58,0.0,0.49072694751682683
39632951830380893,0.0,0.48,0.52,0.0,0.4994227679976009
39632986785711638,0.0,0.84,0.16,0.0,0.3171547773202831
39632986785711417,0.0,0.04,0.96,0.0,0.12114609454120741
39632951821995639,0.0,0.13,0.86,0.01,0.31810566868628926
39632986785711580,0.0,0.3,0.7,0.0,0.44064544961534635
39632966925681397,0.0,0.21,0.79,0.0,0.37074136996563684
39632941722108295,0.0,0.96,0.04,0.0,0.12114609454120741
39632986806683052,0.0,0.37,0.63,0.0,0.47533604634353294
39632966904713488,0.0,1.0,0.0,0.0,-0.0
39633001549664940,0.0,0.96,0.04,0.0,0.12114609454120741
39632996629745030,0.02,0.8,0.18,0.0,0.40786360680260925
39632996638130610,0.0,0.47,0.53,0.0,0.4987007942838698
39632996629744722,0.0,0.84,0.16,0.0,0.3171547773202831
39632996629745375,0.0,0.23,0.77,0.0,0.38900565177326885
39632976895545141,0.0,0.11,0.89,0.0,0.249957979082264
39632976866183483,0.0,0.05,0.95,0.0,0.14319847855797813
39632976866183476,0.0,0.47,0.53,0.0,0.4987007942838698
39632951842966973,0.0,0.44,0.56,0.0,0.4947937606110278
39632966917292498,0.0,0.26,0.74,0.0,0.4133731862463089
39632976887157551,0.0,0.69,0.31,0.0,0.4465867291889284
39632966917292471,0.0,0.07,0.93,0.0,0.18296182545011158
39632946776246659,0.0,0.32,0.68,0.0,0.45219072886224687
39632976866184205,0.0,0.81,0.19,0.0,0.3507357299419487
39632966921490798,0.0,0.84,0.16,0.0,0.3171547773202831
39632966921490884,0.0,0.96,0.04,0.0,0.12114609454120741
39632946788831492,0.0,0.8,0.2,0.0,0.36096404744368116
39632971891737296,0.0,0.56,0.44,0.0,0.4947937606110278
39632976857793935,0.08,0.92,0.0,0.0,0.2010895951011364
39632946776245158,0.0,0.0,0.96,0.04,0.12114609454120741
39632966921490746,0.0,0.45,0.55,0.0,0.49638722699390414
39632996629744947,0.0,0.82,0.18,0.0,0.34003852286413994
39632971912711456,0.0,0.44,0.56,0.0,0.4947937606110278
39632971879158100,0.0,0.0,1.0,0.0,-0.0
39632996642329088,0.0,0.02,0.98,0.0,0.07072027127091034
39632976878765998,0.0,0.94,0.06,0.0,0.16372245957723813
39632976857794629,0.0,0.87,0.13,0.0,0.2787190925139945
39632961884129280,0.0,0.76,0.24,0.0,0.39752013969226113
39632946784635774,0.0,0.95,0.05,0.0,0.14319847855797813
39632996642327549,0.0,0.26,0.74,0.0,0.4133731862463089
39632946784636106,0.0,0.28,0.72,0.0,0.4277254052800653
39632956855158668,0.0,0.03,0.97,0.0,0.0971959289157881
39632961884129355,0.0,0.89,0.11,0.0,0.249957979082264
39632991726603983,0.0,0.79,0.21,0.0,0.37074136996563684
39632961884129269,0.0,0.65,0.35,0.0,0.4670340276877455
39632971895932078,0.0,0.05,0.95,0.0,0.14319847855797813
39632981853212926,0.0,0.08,0.92,0.0,0.2010895951011364
39632996659106796,0.0,0.47,0.53,0.0,0.4987007942838698
39632986785710431,0.0,0.21,0.79,0.0,0.37074136996563684
39632981853213194,0.0,0.72,0.28,0.0,0.4277254052800653
39632956855158869,0.0,0.35,0.65,0.0,0.4670340276877455
39632971908515106,0.0,0.26,0.74,0.0,0.4133731862463089
39632986785712127,0.0,0.49,0.51,0.0,0.49985572087640495
39632946776248364,0.0,0.02,0.98,0.0,0.07072027127091034
39632981844822755,0.0,0.08,0.92,0.0,0.2010895951011364
39632971908514063,0.0,0.91,0.09,0.0,0.21823490853205144
39632971887546819,0.0,0.03,0.97,0.0,0.0971959289157881
39632971887546954,0.0,0.56,0.44,0.0,0.4947937606110278
39632976870377481,0.0,0.49,0.51,0.0,0.49985572087640495
39632976870377165,0.0,0.2,0.8,0.0,0.36096404744368116
39632971908515246,0.0,0.64,0.36,0.0,0.4713415946277461
39632961888321951,0.0,0.0,0.79,0.21,0.37074136996563684
39632981828043445,0.0,0.02,0.98,0.0,0.07072027127091034
39632971912709081,0.0,0.54,0.46,0.0,0.49768921941011285
39632981849018375,0.0,0.37,0.63,0.0,0.47533604634353294
39632971912709355,0.0,0.5,0.5,0.0,0.5
39632981828043797,0.0,0.58,0.42,0.0,0.49072694751682683
39632996659105176,0.0,0.47,0.53,0.0,0.4987007942838698
39632996659102250,0.0,0.31,0.69,0.0,0.4465867291889284
39632996633939100,0.0,0.92,0.08,0.0,0.2010895951011364
39632966904713854,0.0,0.86,0.14,0.0,0.292119405821428
39632981828044071,0.0,0.1,0.9,0.0,0.2344977967946406
39632981865792344,0.0,0.63,0.37,0.0,0.47533604634353294
39632981865793411,0.0,0.86,0.14,0.0,0.292119405821428
39632991743380797,0.0,0.2,0.8,0.0,0.36096404744368116
39632996650714903,0.0,0.64,0.36,0.0,0.4713415946277461
39632981865794327,0.0,0.11,0.89,0.0,0.249957979082264
39632971912709771,0.0,0.19,0.81,0.0,0.3507357299419487
39632981828046342,0.0,0.07,0.93,0.0,0.18296182545011158
39632966892127499,0.0,0.64,0.36,0.0,0.4713415946277461
39632981857403847,0.0,0.2,0.8,0.0,0.36096404744368116
39632956855159026,0.0,0.98,0.02,0.0,0.07072027127091034
39632996659105362,0.0,0.32,0.68,0.0,0.45219072886224687
39632971925293973,0.0,0.49,0.51,0.0,0.49985572087640495
39632996659106699,0.0,0.85,0.15,0.0,0.3049201523582002
39632996659105351,0.0,0.4,0.6,0.0,0.4854752972273343
39632971912708723,0.0,1.0,0.0,0.0,-0.0
39632991743377852,0.0,0.73,0.27,0.0,0.42073231810408784
39632981865794123,0.0,0.96,0.04,0.0,0.12114609454120741
39632971912709211,0.0,0.63,0.37,0.0,0.47533604634353294
39632986810878822,0.0,0.48,0.52,0.0,0.4994227679976009
39633001549664921,0.0,0.86,0.14,0.0,0.292119405821428
39632996633938816,0.0,0.04,0.96,0.0,0.12114609454120741
39632946780440679,0.0,0.89,0.11,0.0,0.249957979082264
39633001541275321,0.0,0.11,0.89,0.0,0.249957979082264
39632951821995188,0.0,0.81,0.19,0.0,0.3507357299419487
39632946772050179,0.0,0.5,0.5,0.0,0.5
39632991714018813,0.0,0.93,0.07,0.0,0.18296182545011158
39632991709828027,0.0,0.54,0.46,0.0,0.49768921941011285
39632991714017401,0.0,0.31,0.69,0.0,0.4465867291889284
39632951842966623,0.0,0.04,0.96,0.0,0.12114609454120741
39632951842966454,0.0,0.82,0.18,0.0,0.34003852286413994
39632956867742907,0.0,0.94,0.06,0.0,0.16372245957723813
39632951821995122,0.0,0.8,0.2,0.0,0.36096404744368116
39632951847160710,0.0,0.66,0.34,0.0,0.46240935248651505
39632976878766148,0.0,0.83,0.17,0.0,0.32885238937210975
39632986785712067,0.0,0.01,0.99,0.0,0.04039656794795559
39632941717914765,0.0,0.29,0.71,0.0,0.43436062316970225
39632976891349878,0.0,0.31,0.69,0.0,0.4465867291889284
39632981844822954,0.0,0.4,0.6,0.0,0.4854752972273343
39632956855158200,0.0,0.67,0.33,0.0,0.4574631863898637
39632976857794646,0.0,0.99,0.01,0.0,0.04039656794795559
39632941717914812,0.0,0.32,0.68,0.0,0.45219072886224687
39632941717914470,0.0,0.29,0.71,0.0,0.43436062316970225
39632956888713170,0.0,0.05,0.94,0.01,0.1832231322266888
39632976882959378,0.0,0.03,0.97,0.0,0.0971959289157881
39632976882959960,0.0,0.58,0.42,0.0,0.49072694751682683
39632981832240791,0.0,0.23,0.77,0.0,0.38900565177326885
39632976899736600,0.0,0.41,0.59,0.0,0.488250234378912
39632976899736430,0.03,0.94,0.03,0.0,0.19372245957723813
39632981828045955,0.0,0.01,0.99,0.0,0.04039656794795559
39633001549663808,0.0,0.71,0.29,0.0,0.43436062316970225
39632981823850948,0.0,0.1,0.9,0.0,0.2344977967946406
39632946772051948,0.0,0.95,0.05,0.0,0.14319847855797813
39632971908514183,0.0,0.46,0.54,0.0,0.49768921941011285
39632971887546693,0.0,0.02,0.98,0.0,0.07072027127091034
39632971887546852,0.0,0.85,0.15,0.0,0.3049201523582002
39632981819657792,0.0,0.89,0.11,0.0,0.249957979082264
39632996629741681,0.0,0.34,0.66,0.0,0.46240935248651505
39633001549660274,0.0,0.71,0.29,0.0,0.43436062316970225
39632996659103493,0.0,0.36,0.64,0.0,0.4713415946277461
39633001545470945,0.0,0.59,0.41,0.0,0.488250234378912
39633001545470013,0.0,0.2,0.8,0.0,0.36096404744368116
39632971887546753,0.0,0.14,0.86,0.0,0.292119405821428
39633001545470406,0.0,0.73,0.27,0.0,0.42073231810408784
39633001541275643,0.0,0.15,0.85,0.0,0.3049201523582002
39632956867744001,0.0,1.0,0.0,0.0,-0.0
39633001549664978,0.0,0.74,0.26,0.0,0.4133731862463089
39632996638130866,0.0,1.0,0.0,0.0,-0.0
39632996654910589,0.0,0.61,0.39,0.0,0.4823997742525436
39632996659103581,0.0,0.56,0.44,0.0,0.4947937606110278
39633001549664878,0.0,0.85,0.15,0.0,0.3049201523582002
39632996654908374,0.0,0.43,0.57,0.0,0.4929075185894599
39632996654910590,0.0,0.14,0.86,0.0,0.292119405821428
39632996659103178,0.0,0.5,0.5,0.0,0.5
39632996659103179,0.0,0.3,0.7,0.0,0.44064544961534635
39632971908514420,0.0,0.05,0.95,0.0,0.14319847855797813
39632976895545312,0.0,0.79,0.21,0.0,0.37074136996563684
39632971912710878,0.0,0.35,0.65,0.0,0.4670340276877455
39632976895541300,0.0,0.01,0.95,0.04,0.16124668093016215
39633001545466805,0.0,0.99,0.01,0.0,0.04039656794795559
39633001549660838,0.01,0.89,0.1,0.0,0.27413031336294724
39633001545466326,0.0,0.92,0.08,0.0,0.2010895951011364
39633001545466000,0.0,0.02,0.97,0.01,0.11097036642660543
39632941713723826,0.0,0.38,0.62,0.0,0.47902101111314976
39633001549661079,0.0,0.9,0.1,0.0,0.2344977967946406
39632996629745313,0.0,0.04,0.96,0.0,0.12114609454120741
39632981865791928,0.01,0.91,0.08,0.0,0.24088153359695552
39632981857404658,0.0,0.12,0.88,0.0,0.2646804326436822
39632956876129866,0.0,0.76,0.24,0.0,0.39752013969226113
39632956876129754,0.0,0.86,0.14,0.0,0.292119405821428
39632981865791970,0.01,0.93,0.06,0.0,0.20367037270049304
39632996642326837,0.0,0.95,0.05,0.0,0.14319847855797813
39632991726600357,0.0,0.12,0.88,0.0,0.2646804326436822
39632996642326896,0.0,0.95,0.05,0.0,0.14319847855797813
39632981849017401,0.0,0.15,0.85,0.0,0.3049201523582002
39632981832239028,0.0,0.15,0.85,0.0,0.3049201523582002
39632956863547367,0.0,0.93,0.07,0.0,0.18296182545011158
39632951834578600,0.0,0.49,0.51,0.0,0.49985572087640495
39632956884519388,0.0,0.87,0.13,0.0,0.2787190925139945
39632971921100658,0.0,0.86,0.14,0.0,0.292119405821428
39632971908518314,0.0,0.31,0.69,0.0,0.4465867291889284
39632991714020079,0.0,0.86,0.14,0.0,0.292119405821428
39632966904709634,0.0,0.39,0.61,0.0,0.4823997742525436
39632966917296712,0.0,0.89,0.11,0.0,0.249957979082264
39632956884519442,0.0,0.72,0.28,0.0,0.4277254052800653
39632951834578700,0.0,0.13,0.87,0.0,0.2787190925139945
39632966913098606,0.0,0.55,0.45,0.0,0.49638722699390414
39632981823849260,0.0,0.59,0.41,0.0,0.488250234378912
39632956876130431,0.0,0.64,0.36,0.0,0.4713415946277461
39632946784633320,0.0,0.2,0.8,0.0,0.36096404744368116
39632971916907152,0.0,0.07,0.93,0.0,0.18296182545011158
39632966900519405,0.0,0.69,0.31,0.0,0.4465867291889284
39632971891740214,0.0,0.41,0.59,0.0,0.488250234378912
39632961896712034,0.0,0.33,0.67,0.0,0.4574631863898637
39632956876130412,0.0,0.4,0.6,0.0,0.4854752972273343
39632981823849079,0.0,0.0,0.88,0.12,0.2646804326436822
39632946784633383,0.0,0.75,0.25,0.0,0.4056390622295664
39632956871938427,0.0,0.88,0.12,0.0,0.2646804326436822
39632981836434039,0.0,0.25,0.75,0.0,0.4056390622295664
39632961900905498,0.0,0.33,0.67,0.0,0.4574631863898637
39632961917682623,0.0,0.31,0.69,0.0,0.4465867291889284
39632986781517010,0.0,0.05,0.95,0.0,0.14319847855797813
39632966929876802,0.0,0.83,0.17,0.0,0.32885238937210975
39632981823849171,0.0,0.08,0.92,0.0,0.2010895951011364
39632961900904775,0.0,0.93,0.07,0.0,0.18296182545011158
39632976870379590,0.0,0.97,0.03,0.0,0.0971959289157881
39632951838771051,0.0,0.55,0.45,0.0,0.49638722699390414
39632951838770974,0.0,0.64,0.36,0.0,0.4713415946277461
39632961875741118,0.0,0.89,0.11,0.0,0.249957979082264
39632961900904697,0.0,0.57,0.43,0.0,0.4929075185894599
39632961900904827,0.0,0.24,0.76,0.0,0.39752013969226113
39632991730799140,0.0,0.0,1.0,0.0,-0.0
39632976870377019,0.0,0.0,0.89,0.11,0.249957979082264
39632976870376839,0.0,0.0,0.93,0.07,0.18296182545011158
39632951838769687,0.0,0.03,0.97,0.0,0.0971959289157881
39632986781516134,0.0,0.01,0.99,0.0,0.04039656794795559
39632951838771069,0.27,0.73,0.0,0.0,0.42073231810408784
39632966925681522,0.0,0.71,0.29,0.0,0.43436062316970225
39632956863548787,0.0,0.8,0.2,0.0,0.36096404744368116
39632966921488345,0.0,0.05,0.95,0.0,0.14319847855797813
39632966892128509,0.0,0.34,0.66,0.0,0.46240935248651505
39632966921488689,0.0,0.51,0.49,0.0,0.49985572087640495
39632991726602163,0.0,0.75,0.25,0.0,0.4056390622295664
39632971921097237,0.0,0.28,0.72,0.0,0.4277254052800653
39632976874572626,0.0,0.25,0.75,0.0,0.4056390622295664
39632966921488503,0.0,0.91,0.09,0.0,0.21823490853205144
39632976887156960,0.0,0.77,0.23,0.0,0.38900565177326885
39632976874570063,0.0,0.37,0.63,0.0,0.47533604634353294
39632976874573703,0.0,0.55,0.45,0.0,0.49638722699390414
39632966921488399,0.0,0.66,0.34,0.0,0.46240935248651505
39632961875740840,0.01,0.99,0.0,0.0,0.04039656794795559
39632961900908425,0.0,0.66,0.34,0.0,0.46240935248651505
39632976878764734,0.0,0.47,0.53,0.0,0.4987007942838698
39632966887933099,0.0,0.7,0.3,0.0,0.44064544961534635
39632986781516467,0.0,0.11,0.89,0.0,0.249957979082264
39632951817801561,0.0,0.11,0.89,0.0,0.249957979082264
39632996646520973,0.0,0.94,0.06,0.0,0.16372245957723813
39632981836434103,0.0,0.0,0.96,0.04,0.12114609454120741
39632981836433969,0.0,0.63,0.37,0.0,0.47533604634353294
39632981836433961,0.0,0.49,0.51,0.0,0.49985572087640495
39632961900908354,0.0,0.15,0.85,0.0,0.3049201523582002
39632986781516245,0.0,0.36,0.64,0.0,0.4713415946277461
39632966921488182,0.0,0.44,0.56,0.0,0.4947937606110278
39632996642326499,0.0,0.17,0.83,0.0,0.32885238937210975
39632966921488190,0.0,0.23,0.77,0.0,0.38900565177326885
39632956871938424,0.01,0.98,0.01,0.0,0.08072027127091033
39632961875740824,0.0,0.12,0.88,0.0,0.2646804326436822
39632951834578542,0.0,0.05,0.95,0.0,0.14319847855797813
39632951838769548,0.0,0.05,0.95,0.0,0.14319847855797813
39632981857407926,0.0,0.73,0.27,0.0,0.42073231810408784
39632991734989170,0.0,0.0,1.0,0.0,-0.0
39632956880324317,0.0,0.01,0.92,0.07,0.22283217282912027
39632966921486748,0.0,0.37,0.63,0.0,0.47533604634353294
39632991722406234,0.0,0.23,0.77,0.0,0.38900565177326885
39632991722406289,0.0,0.35,0.65,0.0,0.4670340276877455
39632991734989617,0.0,0.06,0.94,0.0,0.16372245957723813
39632966913100232,0.0,0.72,0.28,0.0,0.4277254052800653
39632986798295072,0.0,0.09,0.91,0.0,0.21823490853205144
39632976870377157,0.0,0.87,0.13,0.0,0.2787190925139945
39632966925681686,0.0,0.26,0.74,0.0,0.4133731862463089
39632991726604537,0.0,0.21,0.79,0.0,0.37074136996563684
39632991734989722,0.0,0.43,0.57,0.0,0.4929075185894599
39632976870376654,0.0,0.16,0.84,0.0,0.3171547773202831
39632976870376675,0.0,0.66,0.34,0.0,0.46240935248651505
39632986798297378,0.0,0.03,0.96,0.01,0.13737165703039006
39632976870376689,0.0,0.0,0.75,0.25,0.4056390622295664
39632991709823362,0.0,0.96,0.04,0.0,0.12114609454120741
39632991709823124,0.0,0.63,0.37,0.0,0.47533604634353294
39632991705633596,0.1,0.9,0.0,0.0,0.2344977967946406
39632991734988941,0.0,0.44,0.56,0.0,0.4947937606110278
39632991734988869,0.0,0.74,0.26,0.0,0.4133731862463089
39632956880324416,0.0,0.19,0.81,0.0,0.3507357299419487
39632991709827393,0.0,0.13,0.87,0.0,0.2787190925139945
39632966917296372,0.0,0.96,0.04,0.0,0.12114609454120741
39632991734993036,0.0,0.01,0.98,0.01,0.08072027127091033
39632986794100247,0.0,0.01,0.89,0.1,0.27413031336294724
39632991714021364,0.0,0.94,0.06,0.0,0.16372245957723813
39632976861987447,0.0,0.05,0.95,0.0,0.14319847855797813
39632966917294410,0.0,0.9,0.1,0.0,0.2344977967946406
39632996642325221,0.0,0.66,0.34,0.0,0.46240935248651505
39632976874570389,0.0,0.12,0.88,0.0,0.2646804326436822
39632991730799466,0.0,0.6,0.4,0.0,0.4854752972273343
39632971908518473,0.0,0.07,0.93,0.0,0.18296182545011158
39632991705633439,0.0,0.02,0.95,0.03,0.1674722434193448
39632971908518581,0.0,0.38,0.62,0.0,0.47902101111314976
39632966917293861,0.0,0.31,0.69,0.0,0.4465867291889284
39632976861987977,0.0,0.09,0.91,0.0,0.21823490853205144
39632991730799525,0.0,0.23,0.77,0.0,0.38900565177326885
39632971908518737,0.0,0.3,0.7,0.0,0.44064544961534635
39632981853210774,0.0,0.93,0.07,0.0,0.18296182545011158
39632981861601969,0.0,0.1,0.9,0.0,0.2344977967946406
39632986794102516,0.0,0.02,0.98,0.0,0.07072027127091034
39632966925684667,0.0,0.26,0.74,0.0,0.4133731862463089
39632991709827559,0.0,0.41,0.59,0.0,0.488250234378912
39632991709827412,0.0,0.05,0.94,0.01,0.1832231322266888
39632991714019735,0.0,0.0,0.75,0.25,0.4056390622295664
39632991734989719,0.0,0.27,0.73,0.0,0.42073231810408784
39632981832238118,0.0,0.24,0.76,0.0,0.39752013969226113
39632951834578309,0.0,0.09,0.91,0.0,0.21823490853205144
39632956880323758,0.0,0.12,0.88,0.0,0.2646804326436822
39632996642326356,0.0,0.81,0.19,0.0,0.3507357299419487
39632951834578651,0.0,0.6,0.4,0.0,0.4854752972273343
39632961871545382,0.0,0.93,0.07,0.0,0.18296182545011158
39632966925681713,0.0,0.05,0.95,0.0,0.14319847855797813
39632951834578780,0.0,0.86,0.14,0.0,0.292119405821428
39632966883740826,0.0,0.17,0.83,0.0,0.32885238937210975
39632956880323985,0.0,0.18,0.82,0.0,0.34003852286413994
39632976874570694,0.0,0.24,0.76,0.0,0.39752013969226113
39632946772054456,0.0,0.02,0.98,0.0,0.07072027127091034
39632966921489272,0.0,0.98,0.02,0.0,0.07072027127091034
39632991705632554,0.0,0.01,0.94,0.05,0.1832231322266888
39632986802487536,0.0,0.15,0.85,0.0,0.3049201523582002
39632986802487489,0.0,0.25,0.75,0.0,0.4056390622295664
39632951838769413,0.0,0.87,0.13,0.0,0.2787190925139945
39632986802487652,0.0,0.0,1.0,0.0,-0.0
39632956880323799,0.0,0.5,0.5,0.0,0.5
39632951838769460,0.0,0.7,0.3,0.0,0.44064544961534635
39632966917295993,0.0,0.96,0.04,0.0,0.12114609454120741
39632946788828958,0.0,0.42,0.58,0.0,0.49072694751682683
39632961913491693,0.0,0.68,0.32,0.0,0.45219072886224687
39632961913490237,0.09,0.91,0.0,0.0,0.21823490853205144
39632961913490266,0.0,0.0,0.95,0.05,0.14319847855797813
39632946767858842,0.0,0.27,0.73,0.0,0.42073231810408784
39632961913491589,0.0,0.24,0.76,0.0,0.39752013969226113
39632981849017920,0.0,0.02,0.98,0.0,0.07072027127091034
39632981849017884,0.0,0.64,0.36,0.0,0.4713415946277461
39632961875741399,0.0,0.02,0.98,0.0,0.07072027127091034
39632951817801907,0.05,0.95,0.0,0.0,0.14319847855797813
39632961875741632,0.0,0.1,0.9,0.0,0.2344977967946406
39632951851355112,0.0,0.66,0.34,0.0,0.46240935248651505
39632961875741372,0.0,0.23,0.77,0.0,0.38900565177326885
39632976874572034,0.0,0.19,0.81,0.0,0.3507357299419487
39632976878767148,0.0,0.2,0.8,0.0,0.36096404744368116
39632966883740844,0.0,0.17,0.83,0.0,0.32885238937210975
39632981840626080,0.0,0.15,0.85,0.0,0.3049201523582002
39632991726603894,0.0,0.49,0.51,0.0,0.49985572087640495
39632951817801895,0.0,0.02,0.96,0.02,0.14114609454120738
39632961917683222,0.0,0.69,0.31,0.0,0.4465867291889284
39632951838769834,0.0,0.17,0.83,0.0,0.32885238937210975
39632961913492133,0.03,0.97,0.0,0.0,0.0971959289157881
39632981840626322,0.0,0.81,0.19,0.0,0.3507357299419487
39632996646521647,0.0,0.26,0.72,0.02,0.4796979310097879
39632991705633109,0.0,0.19,0.81,0.0,0.3507357299419487
39632981857407853,0.0,0.0,1.0,0.0,-0.0
39632946780440297,0.0,0.0,0.98,0.02,0.07072027127091034
39632946784636853,0.0,0.04,0.96,0.0,0.12114609454120741
39632976878764268,0.0,0.28,0.72,0.0,0.4277254052800653
39632946776245359,0.0,0.24,0.76,0.0,0.39752013969226113
39632976874571636,0.0,0.0,1.0,0.0,-0.0
39632991709824160,0.0,0.05,0.95,0.0,0.14319847855797813
39632966913099443,0.0,0.64,0.36,0.0,0.4713415946277461
39632966913099588,0.0,0.86,0.14,0.0,0.292119405821428
39632981857407774,0.0,0.43,0.57,0.0,0.4929075185894599
39632981823852184,0.0,0.85,0.15,0.0,0.3049201523582002
39632976870376848,0.0,0.27,0.73,0.0,0.42073231810408784
39632981823852176,0.0,0.16,0.84,0.0,0.3171547773202831
39632976870376899,0.0,0.77,0.23,0.0,0.38900565177326885
39632966908907920,0.0,0.75,0.25,0.0,0.4056390622295664
39632956855158308,0.0,0.02,0.98,0.0,0.07072027127091034
39632951847160834,0.0,0.88,0.12,0.0,0.2646804326436822
39632946780439980,0.0,0.01,0.99,0.0,0.04039656794795559
39632956880323548,0.0,0.26,0.74,0.0,0.4133731862463089
39632976878766097,0.07,0.93,0.0,0.0,0.18296182545011158
39632956880323529,0.0,0.55,0.45,0.0,0.49638722699390414
39632966908907417,0.0,0.96,0.04,0.0,0.12114609454120741
39632986806682541,0.0,0.1,0.88,0.02,0.30368177794258344
39632966929875927,0.0,0.66,0.34,0.0,0.46240935248651505
39632976891349518,0.0,0.68,0.32,0.0,0.45219072886224687
39632986806682574,0.0,0.05,0.95,0.0,0.14319847855797813
39632961896711979,0.0,0.35,0.65,0.0,0.4670340276877455
39632976857793885,0.0,0.53,0.47,0.0,0.4987007942838698
39632986781519970,0.0,0.65,0.35,0.0,0.4670340276877455
39632986798295907,0.0,0.71,0.29,0.0,0.43436062316970225
39632976857793958,0.0,0.92,0.08,0.0,0.2010895951011364
39632966887932631,0.0,0.45,0.55,0.0,0.49638722699390414
39632996646520900,0.0,0.95,0.05,0.0,0.14319847855797813
39632956876130100,0.0,0.1,0.9,0.0,0.2344977967946406
39632946788828150,0.0,0.13,0.87,0.0,0.2787190925139945
39632956880324251,0.0,0.34,0.66,0.0,0.46240935248651505
39632956876129656,0.0,0.3,0.7,0.0,0.44064544961534635
39632966921488881,0.0,0.36,0.64,0.0,0.4713415946277461
39632966921488686,0.0,0.03,0.97,0.0,0.0971959289157881
39632956876129959,0.0,0.84,0.16,0.0,0.3171547773202831
39632996646520246,0.0,0.09,0.91,0.0,0.21823490853205144
39632951838770528,0.0,0.55,0.45,0.0,0.49638722699390414
39632991718216359,0.0,0.43,0.57,0.0,0.4929075185894599
39632976857794120,0.0,0.65,0.35,0.0,0.4670340276877455
39632966913100087,0.0,0.91,0.09,0.0,0.21823490853205144
39632956867739841,0.0,0.03,0.97,0.0,0.0971959289157881
39632976874574051,0.0,0.05,0.95,0.0,0.14319847855797813
39632976878764283,0.0,0.89,0.11,0.0,0.249957979082264
39632976878764510,0.0,0.26,0.74,0.0,0.4133731862463089
39632976878764524,0.0,0.04,0.96,0.0,0.12114609454120741
39632951821996116,0.02,0.93,0.05,0.0,0.2131710453499437
39632951821996071,0.0,0.61,0.39,0.0,0.4823997742525436
39632966887932436,0.0,0.03,0.97,0.0,0.0971959289157881
39632971916906220,0.0,0.59,0.41,0.0,0.488250234378912
39632961896711576,0.0,0.0,0.96,0.04,0.12114609454120741
39632951838770308,0.0,0.04,0.96,0.0,0.12114609454120741
39632981861599412,0.0,0.95,0.05,0.0,0.14319847855797813
39632971916906130,0.0,0.96,0.04,0.0,0.12114609454120741
39632966925683702,0.0,0.0,0.84,0.16,0.3171547773202831
39632966925683759,0.0,0.01,0.99,0.0,0.04039656794795559
39632961896711109,0.0,0.48,0.52,0.0,0.4994227679976009
39632956876130614,0.0,0.02,0.98,0.0,0.07072027127091034
39632971908518653,0.0,0.33,0.67,0.0,0.4574631863898637
39632966892128685,0.0,0.0,0.98,0.02,0.07072027127091034
39632986789908610,0.0,0.92,0.08,0.0,0.2010895951011364
39632966925683983,0.0,0.06,0.94,0.0,0.16372245957723813
39632986794099078,0.0,0.19,0.81,0.0,0.3507357299419487
39632961892520166,0.0,0.01,0.94,0.05,0.1832231322266888
39632966925683955,0.0,0.13,0.87,0.0,0.2787190925139945
39632986789908615,0.0,0.11,0.87,0.02,0.3189789351681142
39632946767858948,0.0,0.67,0.33,0.0,0.4574631863898637
39632996646521701,0.0,0.16,0.84,0.0,0.3171547773202831
39632996646519166,0.0,0.12,0.88,0.0,0.2646804326436822
39632951821996029,0.0,0.82,0.18,0.0,0.34003852286413994
39632971887546992,0.0,0.05,0.94,0.01,0.1832231322266888
39632966892128362,0.0,0.29,0.71,0.0,0.43436062316970225
39632991709824732,0.0,0.19,0.81,0.0,0.3507357299419487
39632966892128325,0.0,0.86,0.14,0.0,0.292119405821428
39632971887546972,0.0,0.48,0.52,0.0,0.4994227679976009
39632951851356325,0.0,0.78,0.22,0.0,0.38008375148098283
39632971912708482,0.0,0.56,0.44,0.0,0.4947937606110278
39632986802488528,0.0,0.03,0.97,0.0,0.0971959289157881
39632986785710800,0.0,0.59,0.41,0.0,0.488250234378912
39632976874571490,0.0,0.02,0.98,0.0,0.07072027127091034
39632956884520706,0.0,0.13,0.87,0.0,0.2787190925139945
39632986802488326,0.0,0.85,0.15,0.0,0.3049201523582002
39632986806682118,0.0,0.2,0.8,0.0,0.36096404744368116
39632986806682179,0.0,0.08,0.92,0.0,0.2010895951011364
39632986802488253,0.0,0.11,0.89,0.0,0.249957979082264
39632981861599589,0.0,0.76,0.24,0.0,0.39752013969226113
39632986810876529,0.0,0.4,0.6,0.0,0.4854752972273343
39632986806682390,0.0,0.93,0.07,0.0,0.18296182545011158
39632986806682352,0.0,0.93,0.07,0.0,0.18296182545011158
39632986806682468,0.0,0.55,0.45,0.0,0.49638722699390414
39632956888715865,0.0,0.21,0.79,0.0,0.37074136996563684
39632976874571948,0.0,0.88,0.12,0.0,0.2646804326436822
39632986794102514,0.0,0.49,0.51,0.0,0.49985572087640495
39632986794102608,0.0,0.23,0.77,0.0,0.38900565177326885
39632956888715964,0.0,0.06,0.94,0.0,0.16372245957723813
39632991726602588,0.0,0.02,0.98,0.0,0.07072027127091034
39632986789906364,0.0,0.64,0.36,0.0,0.4713415946277461
39632981832237491,0.0,0.39,0.61,0.0,0.4823997742525436
39632981832237381,0.0,0.1,0.9,0.0,0.2344977967946406
39632981832237290,0.0,0.12,0.88,0.0,0.2646804326436822
39632986794102754,0.0,0.41,0.59,0.0,0.488250234378912
39632956892906506,0.0,0.32,0.68,0.0,0.45219072886224687
39632961900904823,0.0,0.9,0.1,0.0,0.2344977967946406
39632961900908592,0.0,0.18,0.82,0.0,0.34003852286413994
39632956892905945,0.0,0.7,0.3,0.0,0.44064544961534635
39632951847162138,0.0,0.23,0.77,0.0,0.38900565177326885
39632951847162069,0.0,0.65,0.35,0.0,0.4670340276877455
39632951847161995,0.0,0.66,0.34,0.0,0.46240935248651505
39632951847161879,0.0,0.08,0.92,0.0,0.2010895951011364
39632956876130507,0.0,0.46,0.54,0.0,0.49768921941011285
39632951847161779,0.0,0.33,0.67,0.0,0.4574631863898637
39632951817801490,0.0,0.88,0.12,0.0,0.2646804326436822
39632991726602590,0.0,0.66,0.34,0.0,0.46240935248651505
39632956892906159,0.0,0.93,0.07,0.0,0.18296182545011158
39632981832237266,0.0,0.01,0.97,0.02,0.11097036642660543
39632986802488686,0.0,0.67,0.33,0.0,0.4574631863898637
39632986802488823,0.0,0.05,0.95,0.0,0.14319847855797813
39632961879936947,0.0,0.48,0.52,0.0,0.4994227679976009
39632951817801652,0.0,0.55,0.45,0.0,0.49638722699390414
39632971883349678,0.0,0.62,0.38,0.0,0.47902101111314976
39632961875740082,0.0,0.83,0.17,0.0,0.32885238937210975
39632961875740095,0.0,0.14,0.86,0.0,0.292119405821428
39632961875740149,0.0,0.1,0.9,0.0,0.2344977967946406
39632971883349602,0.0,0.5,0.5,0.0,0.5
39632961875740569,0.0,0.12,0.88,0.0,0.2646804326436822
39632961900904851,0.0,0.15,0.85,0.0,0.3049201523582002
39632981828044510,0.0,0.0,0.98,0.02,0.07072027127091034
39632961879936067,0.0,0.19,0.81,0.0,0.3507357299419487
39632961879933786,0.0,0.46,0.54,0.0,0.49768921941011285
39632961879935875,0.0,0.02,0.98,0.0,0.07072027127091034
39632961888324195,0.0,0.04,0.96,0.0,0.12114609454120741
39632991709823631,0.0,0.17,0.83,0.0,0.32885238937210975
39632986781515874,0.0,0.05,0.95,0.0,0.14319847855797813
39632961909295126,0.0,0.0,0.91,0.09,0.21823490853205144
39632956880325590,0.0,0.01,0.97,0.02,0.11097036642660543
39632966925683343,0.0,0.28,0.72,0.0,0.4277254052800653
39632981823852077,0.0,0.04,0.96,0.0,0.12114609454120741
39632986802487680,0.0,0.71,0.29,0.0,0.43436062316970225
39632956850967264,0.0,0.04,0.94,0.02,0.19127133459887283
39632976874571931,0.0,0.27,0.73,0.0,0.42073231810408784
39632976874571880,0.0,0.34,0.66,0.0,0.46240935248651505
39632961909295352,0.0,0.26,0.74,0.0,0.4133731862463089
39632956884519943,0.0,0.33,0.67,0.0,0.4574631863898637
39632956884520105,0.0,0.0,1.0,0.0,-0.0
39632956884520117,0.0,0.07,0.93,0.0,0.18296182545011158
39632961909295324,0.0,0.46,0.54,0.0,0.49768921941011285
39632961913489219,0.0,0.85,0.15,0.0,0.3049201523582002
39632976878765341,0.0,0.9,0.1,0.0,0.2344977967946406
39632946776248978,0.0,0.95,0.05,0.0,0.14319847855797813
39632956880325211,0.0,0.47,0.53,0.0,0.4987007942838698
39632946788830184,0.0,0.21,0.79,0.0,0.37074136996563684
39632956880325186,0.0,0.39,0.61,0.0,0.4823997742525436
39632986794099256,0.0,0.3,0.7,0.0,0.44064544961534635
39632986794099266,0.0,0.16,0.84,0.0,0.3171547773202831
39632956880325199,0.0,0.38,0.62,0.0,0.47902101111314976
39632971900128585,0.0,0.98,0.02,0.0,0.07072027127091034
39632986785710114,0.0,0.15,0.85,0.0,0.3049201523582002
39632956876130625,0.0,0.05,0.93,0.02,0.21317104534994366
39632956876130487,0.0,0.02,0.96,0.02,0.14114609454120738
39632956876130419,0.0,0.19,0.81,0.0,0.3507357299419487
39632961909295000,0.0,0.58,0.42,0.0,0.49072694751682683
39632961909294801,0.0,0.94,0.06,0.0,0.16372245957723813
39632986781520025,0.0,0.75,0.25,0.0,0.4056390622295664
39632986785711077,0.0,0.0,1.0,0.0,-0.0
39632986785711145,0.0,0.0,1.0,0.0,-0.0
39632956850966992,0.0,0.02,0.98,0.0,0.07072027127091034
39632941717916427,0.0,0.4,0.6,0.0,0.4854752972273343
39632971887544338,0.0,0.21,0.79,0.0,0.37074136996563684
39632981823848915,0.0,0.82,0.18,0.0,0.34003852286413994
39632971887544287,0.0,0.69,0.31,0.0,0.4465867291889284
39632966929876339,0.0,0.05,0.95,0.0,0.14319847855797813
39632976861987988,0.0,1.0,0.0,0.0,-0.0
39632986806685031,0.0,0.63,0.37,0.0,0.47533604634353294
39632966883738794,0.0,0.33,0.67,0.0,0.4574631863898637
39632961888322855,0.0,0.38,0.62,0.0,0.47902101111314976
39632966917294619,0.0,0.77,0.23,0.0,0.38900565177326885
39632951851352697,0.0,0.6,0.4,0.0,0.4854752972273343
39632996642325318,0.0,0.35,0.65,0.0,0.4670340276877455
39632991709824325,0.0,0.11,0.89,0.0,0.249957979082264
39632976874573393,0.0,0.93,0.07,0.0,0.18296182545011158
39632976874570258,0.0,0.93,0.07,0.0,0.18296182545011158
39632956855158123,0.0,0.04,0.96,0.0,0.12114609454120741
39632961888323351,0.0,0.72,0.28,0.0,0.4277254052800653
39632956871938078,0.0,0.39,0.61,0.0,0.4823997742525436
39632966913099338,0.0,0.29,0.71,0.0,0.43436062316970225
39632976891351985,0.0,0.88,0.12,0.0,0.2646804326436822
39632971916904125,0.0,0.9,0.1,0.0,0.2344977967946406
39632981832238517,0.0,0.0,1.0,0.0,-0.0
39632971916904276,0.0,0.47,0.53,0.0,0.4987007942838698
39632961900907997,0.0,0.82,0.18,0.0,0.34003852286413994
39632981832238695,0.0,0.19,0.81,0.0,0.3507357299419487
39632961905102314,0.0,0.9,0.1,0.0,0.2344977967946406
39632986781517293,0.0,0.98,0.02,0.0,0.07072027127091034
39632966925684539,0.0,0.04,0.96,0.0,0.12114609454120741
39632971916906673,0.0,0.68,0.32,0.0,0.45219072886224687
39632991718213712,0.0,0.97,0.03,0.0,0.0971959289157881
39632971916906701,0.0,0.81,0.19,0.0,0.3507357299419487
39632981840630016,0.0,0.15,0.85,0.0,0.3049201523582002
39632946780440341,0.0,0.44,0.56,0.0,0.4947937606110278
39632951838769511,0.0,0.17,0.83,0.0,0.32885238937210975
39632951838769508,0.0,0.61,0.39,0.0,0.4823997742525436
39632961905101647,0.0,0.97,0.03,0.0,0.0971959289157881
39632976895541304,0.0,0.07,0.93,0.0,0.18296182545011158
39632961913491789,0.0,0.88,0.12,0.0,0.2646804326436822
39632961913491947,0.0,0.51,0.49,0.0,0.49985572087640495
39632966896320879,0.0,0.56,0.44,0.0,0.4947937606110278
39632981832238746,0.0,0.8,0.2,0.0,0.36096404744368116
39632971887543749,0.0,0.01,0.98,0.01,0.08072027127091033
39632941717916606,0.0,0.14,0.86,0.0,0.292119405821428
39632941717916611,0.0,0.18,0.82,0.0,0.34003852286413994
39632981853211026,0.0,0.24,0.76,0.0,0.39752013969226113
39632981853210862,0.0,0.81,0.19,0.0,0.3507357299419487
39632941717916756,0.0,0.86,0.14,0.0,0.292119405821428
39632991709823231,0.0,0.44,0.56,0.0,0.4947937606110278
39632976857793735,0.0,0.91,0.09,0.0,0.21823490853205144
39632961900907818,0.0,0.54,0.46,0.0,0.49768921941011285
39632961913488411,0.0,0.53,0.47,0.0,0.4987007942838698
39632971891740932,0.0,0.12,0.88,0.0,0.2646804326436822
39632956871935159,0.0,0.85,0.15,0.0,0.3049201523582002
39632991709824602,0.0,0.47,0.53,0.0,0.4987007942838698
39632956859353562,0.0,0.58,0.42,0.0,0.49072694751682683
39632961900907224,0.0,0.0,0.97,0.03,0.0971959289157881
39632976903931010,0.0,0.17,0.81,0.02,0.3968545022128105
39632981832237714,0.0,0.01,0.97,0.02,0.11097036642660543
39632956859353228,0.0,0.93,0.07,0.0,0.18296182545011158
39632966908907121,0.0,0.64,0.36,0.0,0.4713415946277461
39632966908907150,0.0,0.19,0.81,0.0,0.3507357299419487
39632946788828562,0.0,0.24,0.76,0.0,0.39752013969226113
39632956876129655,0.0,0.66,0.34,0.0,0.46240935248651505
39632956888714572,0.0,0.14,0.86,0.0,0.292119405821428
39632946776247959,0.0,0.3,0.7,0.0,0.44064544961534635
39632956859353142,0.0,0.84,0.16,0.0,0.3171547773202831
39632991722407830,0.0,0.25,0.75,0.0,0.4056390622295664
39632981849017855,0.11,0.89,0.0,0.0,0.249957979082264
39632946776248360,0.01,0.79,0.2,0.0,0.39974188986867043
39632981832237769,0.0,0.75,0.25,0.0,0.4056390622295664
39632966879547493,0.0,1.0,0.0,0.0,-0.0
39632981832237135,0.0,0.09,0.91,0.0,0.21823490853205144
39632981832238035,0.0,0.98,0.02,0.0,0.07072027127091034
39632991739185435,0.0,0.25,0.75,0.0,0.4056390622295664
39632961892517235,0.0,0.59,0.41,0.0,0.488250234378912
39632961900906722,0.0,0.04,0.96,0.0,0.12114609454120741
39632961913491221,0.0,0.7,0.3,0.0,0.44064544961534635
39632961900907098,0.0,0.82,0.18,0.0,0.34003852286413994
39632961884129302,0.0,0.02,0.97,0.01,0.11097036642660543
39632946793025348,0.0,0.86,0.14,0.0,0.292119405821428
39632951851354908,0.0,0.58,0.42,0.0,0.49072694751682683
39632956855156944,0.0,0.2,0.8,0.0,0.36096404744368116
39632961905103215,0.0,0.88,0.12,0.0,0.2646804326436822
39632971887545406,0.0,0.86,0.14,0.0,0.292119405821428
39632991739185027,0.0,0.32,0.68,0.0,0.45219072886224687
39632981840625889,0.0,0.31,0.69,0.0,0.4465867291889284
39632986806685840,0.0,0.45,0.55,0.0,0.49638722699390414
39632966929877237,0.0,0.5,0.5,0.0,0.5
39632966929876954,0.02,0.96,0.02,0.0,0.14114609454120738
39632966929877285,0.0,0.26,0.74,0.0,0.4133731862463089
39632981853209186,0.01,0.99,0.0,0.0,0.04039656794795559
39632976878766685,0.0,0.49,0.51,0.0,0.49985572087640495
39632991718214482,0.0,0.41,0.59,0.0,0.488250234378912
39632986773130235,0.0,0.27,0.73,0.0,0.42073231810408784
39632961917682689,0.0,0.98,0.02,0.0,0.07072027127091034
39632981844820564,0.0,0.73,0.27,0.0,0.42073231810408784
39632961900906409,0.0,0.0,1.0,0.0,-0.0
39632961917683877,0.0,0.76,0.24,0.0,0.39752013969226113
39632956884521289,0.0,0.18,0.82,0.0,0.34003852286413994
39632971921100102,0.0,0.01,0.99,0.0,0.04039656794795559
39632991730799493,0.0,0.63,0.37,0.0,0.47533604634353294
39632996650713726,0.0,0.07,0.93,0.0,0.18296182545011158
39632996650713718,0.0,0.23,0.77,0.0,0.38900565177326885
39632966925684999,0.0,0.84,0.16,0.0,0.3171547773202831
39632976861987687,0.0,0.92,0.08,0.0,0.2010895951011364
39632956884520501,0.0,0.97,0.03,0.0,0.0971959289157881
39632996650713401,0.0,0.69,0.31,0.0,0.4465867291889284
39632961900905838,0.0,0.07,0.92,0.01,0.22283217282912027
39632996646522747,0.0,0.1,0.9,0.0,0.2344977967946406
39632981844820247,0.0,0.91,0.09,0.0,0.21823490853205144
39632946784635469,0.0,0.2,0.8,0.0,0.36096404744368116
39632946784635874,0.0,0.01,0.99,0.0,0.04039656794795559
39632946784635393,0.0,0.9,0.1,0.0,0.2344977967946406
39632966925685011,0.0,0.3,0.7,0.0,0.44064544961534635
39632966896323638,0.0,0.57,0.43,0.0,0.4929075185894599
39632986789904583,0.0,0.93,0.07,0.0,0.18296182545011158
39632966883739745,0.0,0.04,0.96,0.0,0.12114609454120741
39632976857796779,0.0,0.53,0.47,0.0,0.4987007942838698
39632996646523717,0.0,0.57,0.43,0.0,0.4929075185894599
39632976899737431,0.0,0.12,0.88,0.0,0.2646804326436822
39632966896320632,0.0,0.82,0.18,0.0,0.34003852286413994
39632961871545643,0.0,0.04,0.96,0.0,0.12114609454120741
39632991726603683,0.0,0.5,0.5,0.0,0.5
39632981844820695,0.0,0.26,0.74,0.0,0.4133731862463089
39632991726602614,0.0,0.96,0.04,0.0,0.12114609454120741
39632976878767309,0.0,0.94,0.06,0.0,0.16372245957723813
39632976878767371,0.0,0.0,1.0,0.0,-0.0
39632976878767581,0.0,0.42,0.58,0.0,0.49072694751682683
39632981857407513,0.0,0.95,0.05,0.0,0.14319847855797813
39632941722110025,0.0,0.08,0.92,0.0,0.2010895951011364
39632971879158140,0.0,0.38,0.62,0.0,0.47902101111314976
39632946788829421,0.0,0.99,0.01,0.0,0.04039656794795559
39632946788829477,0.0,0.43,0.57,0.0,0.4929075185894599
39632946788829478,0.0,0.32,0.68,0.0,0.45219072886224687
39632956855158228,0.0,0.02,0.95,0.03,0.1674722434193448
39632946788828492,0.0,0.89,0.11,0.0,0.249957979082264
39632941726303670,0.0,0.87,0.13,0.0,0.2787190925139945
39632981853209369,0.0,0.9,0.1,0.0,0.2344977967946406
39632981849017685,0.0,0.5,0.5,0.0,0.5
39632941726303748,0.0,0.4,0.6,0.0,0.4854752972273343
39632966929876329,0.0,0.65,0.35,0.0,0.4670340276877455
39632966929876501,0.0,0.97,0.03,0.0,0.0971959289157881
39632991714020055,0.0,0.01,0.99,0.0,0.04039656794795559
39632996646522762,0.0,0.29,0.71,0.0,0.43436062316970225
39632961900905960,0.0,0.32,0.68,0.0,0.45219072886224687
39632966892128937,0.0,0.01,0.95,0.04,0.16124668093016215
39632961909294310,0.0,0.75,0.25,0.0,0.4056390622295664
39632971887544088,0.0,0.19,0.81,0.0,0.3507357299419487
39632956867740132,0.0,0.72,0.28,0.0,0.4277254052800653
39632961888325010,0.0,0.99,0.01,0.0,0.04039656794795559
39632986798296687,0.0,0.01,0.99,0.0,0.04039656794795559
39632946788829098,0.0,0.7,0.3,0.0,0.44064544961534635
39632946788828682,0.0,0.28,0.72,0.0,0.4277254052800653
39632946788828898,0.0,0.21,0.79,0.0,0.37074136996563684
39632986785711708,0.0,0.11,0.89,0.0,0.249957979082264
39632946788831150,0.02,0.95,0.03,0.0,0.1674722434193448
39632976882958622,0.0,0.02,0.98,0.0,0.07072027127091034
39632961917684107,0.01,0.92,0.07,0.0,0.22283217282912027
39632976903931465,0.0,0.28,0.72,0.0,0.4277254052800653
39632961917685040,0.0,0.72,0.28,0.0,0.4277254052800653
39632956892906837,0.0,0.01,0.97,0.02,0.11097036642660543
39632986802489178,0.0,0.67,0.33,0.0,0.4574631863898637
39632971900126876,0.0,0.91,0.09,0.0,0.21823490853205144
39632956884520560,0.0,0.01,0.99,0.0,0.04039656794795559
39632961909294336,0.0,1.0,0.0,0.0,-0.0
39632961909294507,0.0,0.49,0.51,0.0,0.49985572087640495
39632956863546164,0.0,0.05,0.95,0.0,0.14319847855797813
39632956892906848,0.0,0.86,0.14,0.0,0.292119405821428
39632991726602854,0.0,0.09,0.91,0.0,0.21823490853205144
39632986802488961,0.0,0.22,0.78,0.0,0.38008375148098283
39632986785710204,0.0,0.05,0.95,0.0,0.14319847855797813
39632956863545665,0.0,0.19,0.81,0.0,0.3507357299419487
39632971883349090,0.0,0.14,0.86,0.0,0.292119405821428
39632961909294368,0.0,0.66,0.34,0.0,0.46240935248651505
39632956863546037,0.0,0.06,0.94,0.0,0.16372245957723813
39632956892908289,0.0,0.59,0.41,0.0,0.488250234378912
39632981853210187,0.0,0.91,0.09,0.0,0.21823490853205144
39632961917681710,0.0,0.73,0.27,0.0,0.42073231810408784
39632961884129007,0.0,0.81,0.19,0.0,0.3507357299419487
39632941709528300,0.0,0.41,0.59,0.0,0.488250234378912
39632976878767545,0.0,0.92,0.08,0.0,0.2010895951011364
39632956880326074,0.0,0.78,0.22,0.0,0.38008375148098283
39632976878767628,0.0,1.0,0.0,0.0,-0.0
39632981853210202,0.0,0.82,0.18,0.0,0.34003852286413994
39632981836435029,0.0,0.0,0.98,0.02,0.07072027127091034
39632971883349125,0.0,0.63,0.37,0.0,0.47533604634353294
39632946788830397,0.0,0.8,0.2,0.0,0.36096404744368116
39632946788830810,0.0,0.7,0.3,0.0,0.44064544961534635
39632961917684224,0.0,0.8,0.2,0.0,0.36096404744368116
39632961917684304,0.0,0.53,0.47,0.0,0.4987007942838698
39632991718214514,0.0,0.43,0.57,0.0,0.4929075185894599
39632971887544488,0.0,0.0,1.0,0.0,-0.0
39632996629745440,0.0,0.19,0.81,0.0,0.3507357299419487
39632996629745368,0.0,0.86,0.14,0.0,0.292119405821428
39632976874570573,0.0,0.29,0.71,0.0,0.43436062316970225
39632981861602044,0.0,0.51,0.49,0.0,0.49985572087640495
39632951826190023,0.0,0.33,0.67,0.0,0.4574631863898637
39632981836435412,0.0,0.06,0.94,0.0,0.16372245957723813
39632956863548876,0.0,0.0,0.94,0.06,0.16372245957723813
39632966925684231,0.0,0.51,0.49,0.0,0.49985572087640495
39632981840625710,0.0,0.43,0.57,0.0,0.4929075185894599
39632976895541442,0.0,0.27,0.73,0.0,0.42073231810408784
39632981836435487,0.0,0.03,0.97,0.0,0.0971959289157881
39632961909294000,0.0,0.91,0.09,0.0,0.21823490853205144
39632961875740701,0.0,0.0,0.97,0.03,0.0971959289157881
39632976895541540,0.0,0.02,0.94,0.04,0.1912713345988728
39632961909294178,0.0,0.98,0.02,0.0,0.07072027127091034
39632956859354638,0.0,0.65,0.35,0.0,0.4670340276877455
39632971916904960,0.0,0.36,0.64,0.0,0.4713415946277461
39632971916904945,0.0,0.87,0.13,0.0,0.2787190925139945
39632971887546023,0.0,0.18,0.82,0.0,0.34003852286413994
39632961913491928,0.0,0.42,0.58,0.0,0.49072694751682683
39632961913492382,0.0,0.93,0.07,0.0,0.18296182545011158
39632976878767178,0.0,0.55,0.45,0.0,0.49638722699390414
39632961913488287,0.0,0.96,0.04,0.0,0.12114609454120741
39632986768936338,0.0,0.85,0.15,0.0,0.3049201523582002
39632981849018390,0.0,0.87,0.13,0.0,0.2787190925139945
39632981836435502,0.0,0.03,0.97,0.0,0.0971959289157881
39632986768936262,0.0,0.06,0.94,0.0,0.16372245957723813
39632961917684428,0.0,0.67,0.33,0.0,0.4574631863898637
39632956892906314,0.0,1.0,0.0,0.0,-0.0
39632956892906358,0.0,0.88,0.12,0.0,0.2646804326436822
39632956892906044,0.0,0.67,0.33,0.0,0.4574631863898637
39632956888715330,0.0,0.22,0.78,0.0,0.38008375148098283
39632986785711909,0.02,0.95,0.03,0.0,0.1674722434193448
39632961909293892,0.0,0.87,0.13,0.0,0.2787190925139945
39632961909294007,0.0,0.17,0.83,0.0,0.32885238937210975
39632971912711108,0.0,0.69,0.31,0.0,0.4465867291889284
39632976866185634,0.0,0.06,0.94,0.0,0.16372245957723813
39632986785711009,0.0,0.46,0.54,0.0,0.49768921941011285
39632976874571998,0.0,0.3,0.7,0.0,0.44064544961534635
39632961888325554,0.0,0.1,0.9,0.0,0.2344977967946406
39632951826187209,0.0,0.03,0.97,0.0,0.0971959289157881
39632981828045184,0.0,0.03,0.97,0.0,0.0971959289157881
39632986806682230,0.0,0.84,0.16,0.0,0.3171547773202831
39632951826188179,0.0,0.01,0.98,0.01,0.08072027127091033
39632961884128550,0.0,0.05,0.95,0.0,0.14319847855797813
39632981828045012,0.0,0.61,0.39,0.0,0.4823997742525436
39632976866182134,0.0,0.03,0.97,0.0,0.0971959289157881
39632991739188545,0.0,0.38,0.62,0.0,0.47902101111314976
39632986806682823,0.0,0.03,0.97,0.0,0.0971959289157881
39632971921099796,0.0,0.69,0.31,0.0,0.4465867291889284
39632981828045098,0.0,0.07,0.93,0.0,0.18296182545011158
39632966887932244,0.0,0.2,0.8,0.0,0.36096404744368116
39632981861599904,0.0,0.35,0.65,0.0,0.4670340276877455
39632971883352343,0.0,0.02,0.98,0.0,0.07072027127091034
39632961913492047,0.0,0.91,0.09,0.0,0.21823490853205144
39632986789904917,0.0,0.38,0.62,0.0,0.47902101111314976
39632991726603378,0.0,0.3,0.7,0.0,0.44064544961534635
39632971921097660,0.0,0.5,0.5,0.0,0.5
39632961888326437,0.0,0.82,0.18,0.0,0.34003852286413994
39632991730795212,0.0,0.0,0.98,0.02,0.07072027127091034
39632991734992605,0.0,0.22,0.78,0.0,0.38008375148098283
39632981832238248,0.0,0.72,0.28,0.0,0.4277254052800653
39632971883352291,0.0,0.06,0.94,0.0,0.16372245957723813
39632991734992677,0.0,0.9,0.1,0.0,0.2344977967946406
39632981832238319,0.0,0.98,0.02,0.0,0.07072027127091034
39632991718212472,0.0,0.99,0.01,0.0,0.04039656794795559
39632996650716433,0.0,0.3,0.7,0.0,0.44064544961534635
39632991718212371,0.0,0.03,0.97,0.0,0.0971959289157881
39632991734992636,0.0,0.77,0.23,0.0,0.38900565177326885
39632966925681843,0.0,0.38,0.62,0.0,0.47902101111314976
39632946767858764,0.0,1.0,0.0,0.0,-0.0
39632976878767295,0.0,0.53,0.47,0.0,0.4987007942838698
39632966887931957,0.0,0.01,0.98,0.01,0.08072027127091033
39632966883741824,0.0,0.94,0.06,0.0,0.16372245957723813
39632991734991950,0.0,0.55,0.45,0.0,0.49638722699390414
39632996642328754,0.0,0.35,0.65,0.0,0.4670340276877455
39632961879933193,0.0,0.22,0.78,0.0,0.38008375148098283
39632951826187990,0.0,0.12,0.88,0.0,0.2646804326436822
39632951826187443,0.0,0.0,0.96,0.04,0.12114609454120741
39632961896711700,0.03,0.96,0.01,0.0,0.13737165703039006
39632991726603507,0.0,0.0,1.0,0.0,-0.0
39632961896711476,0.01,0.98,0.01,0.0,0.08072027127091033
39632956888714819,0.0,0.67,0.33,0.0,0.4574631863898637
39632956863549645,0.0,0.34,0.66,0.0,0.46240935248651505
39632961896711846,0.0,0.82,0.18,0.0,0.34003852286413994
39632961913488959,0.0,0.8,0.2,0.0,0.36096404744368116
39632956867744506,0.0,0.91,0.09,0.0,0.21823490853205144
39632966892129519,0.0,1.0,0.0,0.0,-0.0
39632961896711517,0.0,0.75,0.25,0.0,0.4056390622295664
39632956880324587,0.0,0.73,0.27,0.0,0.42073231810408784
39632951826187355,0.0,0.08,0.92,0.0,0.2010895951011364
39632946767857894,0.0,0.43,0.57,0.0,0.4929075185894599
39632976878765829,0.0,0.3,0.7,0.0,0.44064544961534635
39632981853210123,0.0,0.02,0.93,0.05,0.2131710453499437
39632976878766300,0.0,0.22,0.78,0.0,0.38008375148098283
39632986806682476,0.0,0.9,0.1,0.0,0.2344977967946406
39632981861600170,0.0,0.65,0.35,0.0,0.4670340276877455
39632991726603290,0.0,0.33,0.67,0.0,0.4574631863898637
39632946784633868,0.0,0.21,0.79,0.0,0.37074136996563684
39632971891737786,0.0,0.22,0.78,0.0,0.38008375148098283
39632991722407252,0.0,0.26,0.74,0.0,0.4133731862463089
39632986789905241,0.0,0.54,0.46,0.0,0.49768921941011285
39632981861600420,0.0,1.0,0.0,0.0,-0.0
39632946784634226,0.0,0.64,0.36,0.0,0.4713415946277461
39632981861600610,0.0,0.45,0.55,0.0,0.49638722699390414
39632946767857859,0.0,0.03,0.97,0.0,0.0971959289157881
39632946767857463,0.0,0.63,0.37,0.0,0.47533604634353294
39632946767857624,0.0,0.32,0.68,0.0,0.45219072886224687
39632956884520054,0.0,0.85,0.15,0.0,0.3049201523582002
39632966887936559,0.0,0.92,0.08,0.0,0.2010895951011364
39632976878764977,0.0,0.39,0.61,0.0,0.4823997742525436
39632956855158481,0.0,0.27,0.73,0.0,0.42073231810408784
39632991739187797,0.0,0.38,0.62,0.0,0.47902101111314976
39632991739187703,0.0,0.14,0.86,0.0,0.292119405821428
39632951826188152,0.0,0.53,0.47,0.0,0.4987007942838698
39632956859351294,0.0,0.01,0.99,0.0,0.04039656794795559
39632966900515891,0.0,0.66,0.34,0.0,0.46240935248651505
39632981819657148,0.0,0.78,0.22,0.0,0.38008375148098283
39632976899735765,0.0,0.37,0.63,0.0,0.47533604634353294
39632966908904859,0.0,0.76,0.24,0.0,0.39752013969226113
39632971908516521,0.0,0.18,0.82,0.0,0.34003852286413994
39632976899735766,0.0,0.1,0.9,0.0,0.2344977967946406
39632946788828896,0.0,0.63,0.37,0.0,0.47533604634353294
39632996642328805,0.0,0.01,0.97,0.02,0.11097036642660543
39632946793022779,0.0,0.27,0.73,0.0,0.42073231810408784
39632946788828502,0.0,0.44,0.56,0.0,0.4947937606110278
39632946788828611,0.0,0.89,0.11,0.0,0.249957979082264
39632981857408276,0.0,0.5,0.5,0.0,0.5
39632981857403907,0.0,0.23,0.77,0.0,0.38900565177326885
39632946788828623,0.0,0.0,1.0,0.0,-0.0
39632946788828527,0.0,0.39,0.61,0.0,0.4823997742525436
39632976887156290,0.0,0.2,0.8,0.0,0.36096404744368116
39632946776247880,0.0,0.0,1.0,0.0,-0.0
39632981861597235,0.0,0.48,0.52,0.0,0.4994227679976009
39632946776247590,0.0,0.97,0.03,0.0,0.0971959289157881
39632951817801752,0.0,0.89,0.11,0.0,0.249957979082264
39632971912710892,0.0,0.37,0.63,0.0,0.47533604634353294
39632971916906573,0.0,0.07,0.93,0.0,0.18296182545011158
39632971900126284,0.0,0.98,0.02,0.0,0.07072027127091034
39632986806685491,0.0,0.59,0.41,0.0,0.488250234378912
39632991739188173,0.0,0.25,0.75,0.0,0.4056390622295664
39632971921100251,0.0,0.69,0.31,0.0,0.4465867291889284
39632976899737809,0.0,0.04,0.96,0.0,0.12114609454120741
39632991709823734,0.0,0.62,0.38,0.0,0.47902101111314976
39632991743377614,0.0,0.66,0.34,0.0,0.46240935248651505
39632966929877369,0.01,0.99,0.0,0.0,0.04039656794795559
39632981861602265,0.0,0.02,0.97,0.01,0.11097036642660543
39632971895933435,0.01,0.97,0.02,0.0,0.11097036642660543
39632981857404188,0.0,0.05,0.94,0.01,0.1832231322266888
39632961871546271,0.02,0.97,0.01,0.0,0.11097036642660543
39632976887154275,0.0,0.13,0.87,0.0,0.2787190925139945
39632976887154287,0.0,0.02,0.98,0.0,0.07072027127091034
39632986802489486,0.0,0.6,0.4,0.0,0.4854752972273343
39632981857404208,0.0,0.75,0.25,0.0,0.4056390622295664
39632976878767354,0.0,0.0,1.0,0.0,-0.0
39632976899737751,0.0,0.01,0.99,0.0,0.04039656794795559
39632961884128776,0.0,1.0,0.0,0.0,-0.0
39632941726303599,0.0,1.0,0.0,0.0,-0.0
39632941726303610,0.0,0.59,0.41,0.0,0.488250234378912
39632951826188596,0.0,0.0,0.93,0.07,0.18296182545011158
39632966883740646,0.0,0.54,0.46,0.0,0.49768921941011285
39632961913489427,0.0,0.7,0.3,0.0,0.44064544961534635
39632981832237469,0.0,0.82,0.18,0.0,0.34003852286413994
39632941726303309,0.0,0.14,0.86,0.0,0.292119405821428
39632991726603623,0.0,0.21,0.79,0.0,0.37074136996563684
39632981861602330,0.0,0.44,0.56,0.0,0.4947937606110278
39632946788830551,0.0,0.8,0.2,0.0,0.36096404744368116
39632956892908964,0.0,0.84,0.16,0.0,0.3171547773202831
39632971925291692,0.0,0.84,0.16,0.0,0.3171547773202831
39632951847158819,0.0,0.26,0.74,0.0,0.4133731862463089
39632951847159063,0.0,0.21,0.79,0.0,0.37074136996563684
39632981849017587,0.0,0.24,0.76,0.0,0.39752013969226113
39632951842964279,0.0,0.24,0.76,0.0,0.39752013969226113
39632971883349509,0.0,0.85,0.15,0.0,0.3049201523582002
39632986789907630,0.0,0.79,0.21,0.0,0.37074136996563684
39632941709527843,0.0,0.86,0.14,0.0,0.292119405821428
39632946772053992,0.0,0.51,0.49,0.0,0.49985572087640495
39632971925291280,0.01,0.9,0.09,0.0,0.2579475764741046
39632976899737825,0.0,0.06,0.94,0.0,0.16372245957723813
39632971921100333,0.0,0.76,0.24,0.0,0.39752013969226113
39632966908904963,0.0,0.14,0.86,0.0,0.292119405821428
39632981819657255,0.0,0.01,0.99,0.0,0.04039656794795559
39632951826189877,0.0,0.51,0.49,0.0,0.49985572087640495
39632951826189954,0.0,0.04,0.96,0.0,0.12114609454120741
39632971908516529,0.0,0.7,0.3,0.0,0.44064544961534635
39632976878765238,0.0,0.62,0.38,0.0,0.47902101111314976
39632976878765297,0.0,0.92,0.08,0.0,0.2010895951011364
39632976878765478,0.0,0.26,0.74,0.0,0.4133731862463089
39632996633937924,0.0,0.15,0.85,0.0,0.3049201523582002
39632996633937708,0.0,0.04,0.96,0.0,0.12114609454120741
39632956876129599,0.0,0.4,0.6,0.0,0.4854752972273343
39632986806684118,0.0,0.29,0.71,0.0,0.43436062316970225
39632981832237169,0.0,0.16,0.84,0.0,0.3171547773202831
39632951847158465,0.0,0.17,0.83,0.0,0.32885238937210975
39632996633938044,0.0,0.36,0.64,0.0,0.4713415946277461
39632966904709835,0.0,0.89,0.11,0.0,0.249957979082264
39632966917296821,0.0,1.0,0.0,0.0,-0.0
39632976866182594,0.0,0.21,0.79,0.0,0.37074136996563684
39633001549661532,0.0,0.09,0.91,0.0,0.21823490853205144
39632996633938001,0.0,0.2,0.8,0.0,0.36096404744368116
39632996633937996,0.0,0.78,0.22,0.0,0.38008375148098283
39632996633938019,0.0,0.22,0.78,0.0,0.38008375148098283
39632991726602242,0.0,0.33,0.67,0.0,0.4574631863898637
39632971908517310,0.01,0.87,0.12,0.0,0.30414992414989617
39632996633938518,0.0,0.67,0.33,0.0,0.4574631863898637
39632996633938481,0.0,0.9,0.1,0.0,0.2344977967946406
39632961896715519,0.0,0.01,0.99,0.0,0.04039656794795559
39632991714019401,0.0,0.77,0.23,0.0,0.38900565177326885
39632961884128172,0.0,0.34,0.66,0.0,0.46240935248651505
39632961913492215,0.0,0.83,0.17,0.0,0.32885238937210975
39632961913492178,0.0,0.96,0.04,0.0,0.12114609454120741
39632961905100975,0.0,0.25,0.75,0.0,0.4056390622295664
39632961905100714,0.0,0.48,0.52,0.0,0.4994227679976009
39632981832237123,0.0,0.02,0.98,0.0,0.07072027127091034
39632951830383837,0.0,0.01,0.99,0.0,0.04039656794795559
39632981828045793,0.0,0.01,0.99,0.0,0.04039656794795559
39632961884128149,0.0,0.15,0.85,0.0,0.3049201523582002
39632981832240501,0.0,0.04,0.95,0.01,0.16124668093016215
39632956880327329,0.0,0.38,0.62,0.0,0.47902101111314976
39632956880323917,0.0,0.94,0.06,0.0,0.16372245957723813
39632956888714067,0.06,0.94,0.0,0.0,0.16372245957723813
39632981828047039,0.0,0.32,0.68,0.0,0.45219072886224687
39632981828046730,0.0,0.11,0.89,0.0,0.249957979082264
39632991734990717,0.0,0.11,0.89,0.0,0.249957979082264
39632956863545994,0.0,0.42,0.58,0.0,0.49072694751682683
39632991709824247,0.0,0.73,0.27,0.0,0.42073231810408784
39632996638134176,0.0,0.75,0.25,0.0,0.4056390622295664
39632951821992867,0.0,0.71,0.29,0.0,0.43436062316970225
39632961875741127,0.0,0.27,0.73,0.0,0.42073231810408784
39632961892519984,0.0,0.34,0.66,0.0,0.46240935248651505
39632976870378713,0.0,0.68,0.32,0.0,0.45219072886224687
39632946772051158,0.0,0.54,0.46,0.0,0.49768921941011285
39632966925682118,0.0,0.52,0.48,0.0,0.4994227679976009
39632946772051633,0.0,0.34,0.66,0.0,0.46240935248651505
39632946772051087,0.0,0.88,0.12,0.0,0.2646804326436822
39632946772050945,0.0,0.98,0.02,0.0,0.07072027127091034
39632951817801936,0.0,0.02,0.98,0.0,0.07072027127091034
39633001549664031,0.0,0.7,0.3,0.0,0.44064544961534635
39632946788827525,0.0,0.98,0.02,0.0,0.07072027127091034
39632946788827648,0.0,0.16,0.84,0.0,0.3171547773202831
39632966883740061,0.0,0.0,1.0,0.0,-0.0
39632986810876344,0.0,0.46,0.54,0.0,0.49768921941011285
39632996633937968,0.0,0.03,0.97,0.0,0.0971959289157881
39632966883739866,0.0,0.26,0.74,0.0,0.4133731862463089
39632986777326013,0.0,0.86,0.14,0.0,0.292119405821428
39632991718211787,0.0,0.11,0.89,0.0,0.249957979082264
39632961888326205,0.0,0.06,0.94,0.0,0.16372245957723813
39632986785713986,0.0,0.06,0.94,0.0,0.16372245957723813
39632946788827597,0.0,0.99,0.01,0.0,0.04039656794795559
39632966904712194,0.0,0.37,0.63,0.0,0.47533604634353294
39632986785713742,0.0,0.43,0.57,0.0,0.4929075185894599
39632951821992547,0.0,0.97,0.03,0.0,0.0971959289157881
39632951851355750,0.0,0.88,0.12,0.0,0.2646804326436822
39632956884520388,0.0,0.0,0.98,0.02,0.07072027127091034
39632946780441300,0.0,0.68,0.32,0.0,0.45219072886224687
39632956892906365,0.0,0.37,0.63,0.0,0.47533604634353294
39632971916906263,0.0,0.05,0.95,0.0,0.14319847855797813
39632991709824018,0.0,0.0,0.9,0.1,0.2344977967946406
39632961909293555,0.0,0.02,0.98,0.0,0.07072027127091034
39632961892517876,0.0,0.79,0.21,0.0,0.37074136996563684
39632956880327432,0.0,0.51,0.49,0.0,0.49985572087640495
39632966904712728,0.0,0.93,0.07,0.0,0.18296182545011158
39632956892906244,0.0,0.62,0.38,0.0,0.47902101111314976
39632991714019517,0.0,0.04,0.93,0.03,0.2174448102113104
39632956892905952,0.0,0.61,0.39,0.0,0.4823997742525436
39632956892905802,0.0,0.95,0.05,0.0,0.14319847855797813
39632966925682742,0.0,0.22,0.78,0.0,0.38008375148098283
39632951851354628,0.0,0.44,0.56,0.0,0.4947937606110278
39632991709824177,0.0,0.0,1.0,0.0,-0.0
39632956892905670,0.0,0.07,0.93,0.0,0.18296182545011158
39632971891736918,0.0,0.1,0.9,0.0,0.2344977967946406
39632986777325963,0.0,0.02,0.98,0.0,0.07072027127091034
39632956855157024,0.0,0.12,0.88,0.0,0.2646804326436822
39632986806684045,0.0,0.15,0.85,0.0,0.3049201523582002
39632951855546483,0.0,0.07,0.93,0.0,0.18296182545011158
39632971879155645,0.0,0.63,0.37,0.0,0.47533604634353294
39633001549663666,0.0,0.69,0.31,0.0,0.4465867291889284
39632971921097846,0.0,0.49,0.51,0.0,0.49985572087640495
39632976895541524,0.0,0.0,0.97,0.03,0.0971959289157881
39632981828045722,0.0,0.99,0.01,0.0,0.04039656794795559
39632961909293180,0.0,0.71,0.29,0.0,0.43436062316970225
39632951851352615,0.0,0.68,0.32,0.0,0.45219072886224687
39632971921097904,0.0,0.8,0.2,0.0,0.36096404744368116
39632966925682283,0.0,0.98,0.02,0.0,0.07072027127091034
39632971925291978,0.0,0.53,0.47,0.0,0.4987007942838698
39632951826188641,0.0,0.91,0.09,0.0,0.21823490853205144
39632961913488691,0.0,0.12,0.88,0.0,0.2646804326436822
39632981849018161,0.0,0.04,0.96,0.0,0.12114609454120741
39632966879547244,0.0,0.96,0.04,0.0,0.12114609454120741
39632996638131194,0.0,0.2,0.8,0.0,0.36096404744368116
39632991739185000,0.0,0.05,0.95,0.0,0.14319847855797813
39632966879547344,0.0,0.52,0.48,0.0,0.4994227679976009
39632961884129337,0.0,0.34,0.66,0.0,0.46240935248651505
39632966879547300,0.0,0.4,0.6,0.0,0.4854752972273343
39632956888714597,0.0,0.85,0.15,0.0,0.3049201523582002
39632971887546529,0.0,0.05,0.95,0.0,0.14319847855797813
39632956892909243,0.0,0.8,0.2,0.0,0.36096404744368116
39632956892909256,0.0,0.48,0.52,0.0,0.4994227679976009
39632961917685340,0.0,0.76,0.24,0.0,0.39752013969226113
39632961917684999,0.0,0.39,0.61,0.0,0.4823997742525436
39632966929877648,0.0,0.25,0.75,0.0,0.4056390622295664
39632971895935361,0.0,0.8,0.2,0.0,0.36096404744368116
39633001549662901,0.0,0.75,0.25,0.0,0.4056390622295664
39632971912712824,0.0,0.89,0.11,0.0,0.249957979082264
39632971891739888,0.0,0.06,0.94,0.0,0.16372245957723813
39632971879157403,0.0,0.19,0.81,0.0,0.3507357299419487
39632991718214824,0.0,0.83,0.17,0.0,0.32885238937210975
39632996646519963,0.0,0.31,0.69,0.0,0.4465867291889284
39632971891740619,0.0,0.1,0.9,0.0,0.2344977967946406
39632971891740605,0.0,0.38,0.62,0.0,0.47902101111314976
39632971916905457,0.0,0.09,0.91,0.0,0.21823490853205144
39632971879157732,0.0,0.28,0.72,0.0,0.4277254052800653
39632961875739689,0.0,0.0,0.92,0.08,0.2010895951011364
39632971879158274,0.0,0.0,1.0,0.0,-0.0
39632971891740430,0.0,0.1,0.9,0.0,0.2344977967946406
39632951842964325,0.0,0.86,0.14,0.0,0.292119405821428
39632966929875971,0.0,0.86,0.14,0.0,0.292119405821428
39632986785714589,0.0,0.94,0.06,0.0,0.16372245957723813
39632966900518492,0.0,0.73,0.27,0.0,0.42073231810408784
39632971908518276,0.0,0.91,0.09,0.0,0.21823490853205144
39632976882958377,0.0,0.04,0.96,0.0,0.12114609454120741
39632956892908944,0.0,0.37,0.63,0.0,0.47533604634353294
39632996633936993,0.0,0.13,0.87,0.0,0.2787190925139945
39632996633936893,0.0,0.33,0.67,0.0,0.4574631863898637
39632976874571413,0.0,0.07,0.93,0.0,0.18296182545011158
39632956892906671,0.0,0.72,0.28,0.0,0.4277254052800653
39632956892906516,0.0,0.94,0.06,0.0,0.16372245957723813
39632996633936947,0.0,0.71,0.29,0.0,0.43436062316970225
39632981844821382,0.0,0.71,0.29,0.0,0.43436062316970225
39632956892907285,0.0,0.28,0.72,0.0,0.4277254052800653
39632956892907095,0.0,0.66,0.34,0.0,0.46240935248651505
39632956892906414,0.0,0.94,0.06,0.0,0.16372245957723813
39632956892907417,0.0,0.54,0.46,0.0,0.49768921941011285
39632961909293679,0.0,0.8,0.2,0.0,0.36096404744368116
39632981844821433,0.0,0.43,0.57,0.0,0.4929075185894599
39632956892907175,0.0,0.37,0.63,0.0,0.47533604634353294
39632956892907693,0.05,0.95,0.0,0.0,0.14319847855797813
39632956892907604,0.0,0.86,0.14,0.0,0.292119405821428
39632956892907689,0.0,0.02,0.98,0.0,0.07072027127091034
39632996633937008,0.0,0.68,0.32,0.0,0.45219072886224687
39632976878767582,0.0,0.0,1.0,0.0,-0.0
39632946797220031,0.0,0.53,0.47,0.0,0.4987007942838698
39632971895934550,0.0,0.74,0.26,0.0,0.4133731862463089
39632981836435480,0.0,0.68,0.32,0.0,0.45219072886224687
39632961909293690,0.0,0.88,0.12,0.0,0.2646804326436822
39632961909293236,0.0,0.45,0.55,0.0,0.49638722699390414
39632971879157448,0.0,0.41,0.59,0.0,0.488250234378912
39632956888714845,0.0,0.07,0.92,0.01,0.22283217282912027
39632991714019017,0.0,0.39,0.61,0.0,0.4823997742525436
39632996646520129,0.0,0.45,0.55,0.0,0.49638722699390414
39632971879157282,0.0,0.17,0.83,0.0,0.32885238937210975
39632951821994282,0.0,0.13,0.87,0.0,0.2787190925139945
39632951826188692,0.01,0.99,0.0,0.0,0.04039656794795559
39632961875739518,0.0,0.55,0.45,0.0,0.49638722699390414
39632971887546240,0.0,0.21,0.79,0.0,0.37074136996563684
39632996633938478,0.0,0.98,0.02,0.0,0.07072027127091034
39633001549661319,0.0,0.03,0.97,0.0,0.0971959289157881
39632956880323914,0.0,0.49,0.51,0.0,0.49985572087640495
39632971921097983,0.0,0.05,0.95,0.0,0.14319847855797813
39632951830383111,0.0,0.0,1.0,0.0,-0.0
39632986785713389,0.0,0.23,0.77,0.0,0.38900565177326885
39632966925681611,0.0,0.14,0.86,0.0,0.292119405821428
39632946772051793,0.0,0.9,0.1,0.0,0.2344977967946406
39632996642328709,0.0,0.96,0.04,0.0,0.12114609454120741
39632981832239374,0.0,0.39,0.61,0.0,0.4823997742525436
39632946784633961,0.0,0.17,0.83,0.0,0.32885238937210975
39632981853211946,0.0,0.02,0.98,0.0,0.07072027127091034
39632971908516116,0.0,0.1,0.9,0.0,0.2344977967946406
39632966913100439,0.0,0.68,0.32,0.0,0.45219072886224687
39632971908515972,0.0,0.91,0.09,0.0,0.21823490853205144
39632951817801009,0.0,0.01,0.99,0.0,0.04039656794795559
39632946797218051,0.0,0.19,0.81,0.0,0.3507357299419487
39632971887545555,0.0,0.27,0.73,0.0,0.42073231810408784
39632966900516032,0.0,0.0,0.95,0.05,0.14319847855797813
39632971904322299,0.0,0.75,0.25,0.0,0.4056390622295664
39632976895546565,0.0,0.93,0.07,0.0,0.18296182545011158
39632946788829016,0.0,0.87,0.13,0.0,0.2787190925139945
39632971904322506,0.0,0.69,0.31,0.0,0.4465867291889284
39632946772053077,0.0,0.23,0.77,0.0,0.38900565177326885
39632981849018051,0.0,0.97,0.03,0.0,0.0971959289157881
39632946788828717,0.0,0.0,0.59,0.41,0.488250234378912
39632961905100046,0.0,0.49,0.51,0.0,0.49985572087640495
39632981857408397,0.0,0.81,0.19,0.0,0.3507357299419487
39632971904320473,0.0,0.29,0.71,0.0,0.43436062316970225
39632966929877493,0.0,0.97,0.03,0.0,0.0971959289157881
39632976878767481,0.0,0.8,0.2,0.0,0.36096404744368116
39632981857403759,0.0,0.35,0.65,0.0,0.4670340276877455
39632976878767775,0.0,0.03,0.94,0.03,0.19372245957723813
39632956855160514,0.0,0.2,0.79,0.01,0.39974188986867043
39632986802489783,0.0,0.98,0.02,0.0,0.07072027127091034
39632976878767796,0.0,0.0,0.92,0.08,0.2010895951011364
39632956897100867,0.0,0.57,0.43,0.0,0.4929075185894599
39632981857403634,0.0,0.15,0.85,0.0,0.3049201523582002
39632971900125549,0.0,0.58,0.42,0.0,0.49072694751682683
39632976887155043,0.0,0.25,0.75,0.0,0.4056390622295664
39632981857403722,0.0,0.47,0.53,0.0,0.4987007942838698
39632976887154898,0.0,0.4,0.6,0.0,0.4854752972273343
39632971895934174,0.0,0.57,0.43,0.0,0.4929075185894599
39632981819657382,0.0,0.95,0.05,0.0,0.14319847855797813
39632986806684728,0.0,0.69,0.31,0.0,0.4465867291889284
39632991739187908,0.0,0.05,0.95,0.0,0.14319847855797813
39632986810876380,0.0,0.13,0.87,0.0,0.2787190925139945
39632986781516357,0.0,0.82,0.18,0.0,0.34003852286413994
39632956850967034,0.0,0.18,0.82,0.0,0.34003852286413994
39632991709824768,0.0,0.0,0.94,0.06,0.16372245957723813
39632991709824826,0.0,0.35,0.65,0.0,0.4670340276877455
39632961917684466,0.0,0.98,0.02,0.0,0.07072027127091034
39632961917683771,0.0,0.96,0.04,0.0,0.12114609454120741
39632966929876513,0.0,0.35,0.65,0.0,0.4670340276877455
39632991709825024,0.0,0.07,0.93,0.0,0.18296182545011158
39632991734989128,0.0,0.43,0.57,0.0,0.4929075185894599
39632966913102094,0.0,0.01,0.97,0.02,0.11097036642660543
39632966929875670,0.0,0.11,0.89,0.0,0.249957979082264
39632966929875802,0.0,0.5,0.5,0.0,0.5
39632966929875943,0.0,0.14,0.86,0.0,0.292119405821428
39632966929875915,0.0,0.77,0.23,0.0,0.38900565177326885
39632986781516783,0.0,0.0,0.98,0.02,0.07072027127091034
39632966929876078,0.0,0.37,0.63,0.0,0.47533604634353294
39632956884519044,0.0,0.01,0.99,0.0,0.04039656794795559
39632986789906313,0.0,0.52,0.48,0.0,0.4994227679976009
39632981853211129,0.0,0.42,0.58,0.0,0.49072694751682683
39632956880323687,0.0,0.03,0.97,0.0,0.0971959289157881
39632961875741601,0.0,0.22,0.78,0.0,0.38008375148098283
39632991734989029,0.0,0.28,0.72,0.0,0.4277254052800653
39632966883737891,0.0,0.85,0.15,0.0,0.3049201523582002
39632966887935515,0.0,0.05,0.95,0.0,0.14319847855797813
39632991734989529,0.0,0.95,0.05,0.0,0.14319847855797813
39632991734989313,0.0,0.89,0.11,0.0,0.249957979082264
39632971883350816,0.0,0.06,0.94,0.0,0.16372245957723813
39632986798296724,0.0,0.95,0.05,0.0,0.14319847855797813
39632951838769615,0.0,0.31,0.69,0.0,0.4465867291889284
39632971895932358,0.0,0.62,0.38,0.0,0.47902101111314976
39632981840626124,0.0,0.79,0.21,0.0,0.37074136996563684
39632951842966570,0.0,0.61,0.39,0.0,0.4823997742525436
39632971891739819,0.0,0.33,0.67,0.0,0.4574631863898637
39632966913098891,0.0,0.24,0.76,0.0,0.39752013969226113
39632971883350945,0.0,0.01,0.95,0.04,0.16124668093016215
39632951838771294,0.0,0.42,0.58,0.0,0.49072694751682683
39632951838769586,0.0,0.0,0.99,0.01,0.04039656794795559
39632991734989576,0.0,0.31,0.69,0.0,0.4465867291889284
39632966921487923,0.0,0.78,0.22,0.0,0.38008375148098283
39632956880323836,0.0,0.48,0.52,0.0,0.4994227679976009
39632951830383058,0.0,0.0,0.97,0.03,0.0971959289157881
39632976874571808,0.0,0.93,0.07,0.0,0.18296182545011158
39632971883350364,0.0,0.0,1.0,0.0,-0.0
39632971921098113,0.0,0.07,0.93,0.0,0.18296182545011158
39632961879936617,0.0,0.6,0.4,0.0,0.4854752972273343
39632961879936657,0.0,0.7,0.3,0.0,0.44064544961534635
39632986802487518,0.0,0.04,0.95,0.01,0.16124668093016215
39632961879936553,0.0,0.97,0.03,0.0,0.0971959289157881
39632986789908007,0.0,0.09,0.91,0.0,0.21823490853205144
39632991739184447,0.0,0.02,0.98,0.0,0.07072027127091034
39632951826189327,0.0,0.0,0.88,0.12,0.2646804326436822
39632951826189265,0.0,0.9,0.1,0.0,0.2344977967946406
39632991739184305,0.0,0.27,0.73,0.0,0.42073231810408784
39632951842963710,0.0,0.0,0.99,0.01,0.04039656794795559
39632986781519942,0.0,0.04,0.96,0.0,0.12114609454120741
39632986806685494,0.0,0.23,0.77,0.0,0.38900565177326885
39632976874570436,0.0,0.1,0.89,0.01,0.27413031336294724
39632976874570376,0.0,0.0,1.0,0.0,-0.0
39632976870379286,0.0,0.3,0.7,0.0,0.44064544961534635
39632991730799415,0.0,0.18,0.82,0.0,0.34003852286413994
39632971891741300,0.0,0.36,0.64,0.0,0.4713415946277461
39632976870379342,0.0,0.0,1.0,0.0,-0.0
39632971916906284,0.0,0.01,0.93,0.06,0.20367037270049304
39632976861988887,0.0,0.28,0.72,0.0,0.4277254052800653
39632976895542703,0.0,0.49,0.51,0.0,0.49985572087640495
39632976870379232,0.0,0.25,0.75,0.0,0.4056390622295664
39632966921488638,0.0,0.99,0.01,0.0,0.04039656794795559
39632971895933221,0.01,0.97,0.02,0.0,0.11097036642660543
39632946776244426,0.0,0.17,0.83,0.0,0.32885238937210975
39632946776244580,0.0,0.99,0.01,0.0,0.04039656794795559
39632991709824936,0.0,0.08,0.92,0.0,0.2010895951011364
39632981853212230,0.0,0.82,0.18,0.0,0.34003852286413994
39632971912708307,0.01,0.96,0.03,0.0,0.13737165703039006
39632961871545854,0.0,0.58,0.42,0.0,0.49072694751682683
39632961871545895,0.0,0.35,0.65,0.0,0.4670340276877455
39632986789906388,0.0,0.24,0.76,0.0,0.39752013969226113
39632971887544990,0.0,0.02,0.98,0.0,0.07072027127091034
39632976861988268,0.0,0.45,0.55,0.0,0.49638722699390414
39632976861988452,0.0,0.18,0.82,0.0,0.34003852286413994
39632986798297412,0.0,0.0,0.98,0.02,0.07072027127091034
39632961909293825,0.0,0.0,0.72,0.28,0.4277254052800653
39632976866185615,0.0,0.25,0.75,0.0,0.4056390622295664
39632961900905912,0.0,0.31,0.69,0.0,0.4465867291889284
39632951838770741,0.0,0.23,0.77,0.0,0.38900565177326885
39632991726604386,0.0,0.01,0.99,0.0,0.04039656794795559
39632986798297632,0.0,0.8,0.2,0.0,0.36096404744368116
39632946793024573,0.0,0.92,0.08,0.0,0.2010895951011364
39632986810877649,0.0,0.24,0.76,0.0,0.39752013969226113
39632986785710116,0.0,0.93,0.07,0.0,0.18296182545011158
39632991743377669,0.0,0.65,0.35,0.0,0.4670340276877455
39632986810877993,0.0,0.98,0.02,0.0,0.07072027127091034
39632986810877855,0.0,0.35,0.65,0.0,0.4670340276877455
39632981865793971,0.0,0.47,0.53,0.0,0.4987007942838698
39632991739187352,0.0,0.94,0.06,0.0,0.16372245957723813
39632966883738904,0.0,0.99,0.01,0.0,0.04039656794795559
39632976887156053,0.0,0.21,0.79,0.0,0.37074136996563684
39632976857794108,0.0,0.93,0.07,0.0,0.18296182545011158
39632976861988969,0.0,0.24,0.76,0.0,0.39752013969226113
39632961905101961,0.0,0.72,0.28,0.0,0.4277254052800653
39632981832239694,0.0,0.89,0.11,0.0,0.249957979082264
39632966900515822,0.0,0.99,0.01,0.0,0.04039656794795559
39632981832239680,0.0,0.85,0.15,0.0,0.3049201523582002
39632981832239676,0.0,0.86,0.14,0.0,0.292119405821428
39632986777324558,0.0,0.31,0.69,0.0,0.4465867291889284
39632981832239571,0.0,0.77,0.23,0.0,0.38900565177326885
39632961913491615,0.0,0.85,0.15,0.0,0.3049201523582002
39632946793025211,0.0,0.79,0.21,0.0,0.37074136996563684
39632986777324111,0.0,0.83,0.17,0.0,0.32885238937210975
39632971925292350,0.0,0.19,0.81,0.0,0.3507357299419487
39632981865795062,0.0,0.98,0.02,0.0,0.07072027127091034
39632971925292324,0.0,0.93,0.07,0.0,0.18296182545011158
39632976903930762,0.0,0.84,0.16,0.0,0.3171547773202831
39632971895933441,0.0,0.38,0.62,0.0,0.47902101111314976
39632991726604487,0.0,0.07,0.93,0.0,0.18296182545011158
39632986777325692,0.0,0.01,0.95,0.04,0.16124668093016215
39632981832237789,0.0,0.65,0.35,0.0,0.4670340276877455
39632986768936373,0.0,0.7,0.3,0.0,0.44064544961534635
39632981849017936,0.0,0.74,0.26,0.0,0.4133731862463089
39632981849017989,0.0,0.2,0.8,0.0,0.36096404744368116
39632986768936415,0.0,0.01,0.99,0.0,0.04039656794795559
39632966929877619,0.0,0.61,0.39,0.0,0.4823997742525436
39632941726303263,0.0,0.24,0.76,0.0,0.39752013969226113
39632961921876189,0.0,0.87,0.13,0.0,0.2787190925139945
39632956892908159,0.0,1.0,0.0,0.0,-0.0
39632941726303499,0.0,0.07,0.93,0.0,0.18296182545011158
39632981869985956,0.01,0.99,0.0,0.0,0.04039656794795559
39632981869986055,0.0,0.96,0.04,0.0,0.12114609454120741
39632956892908596,0.0,0.27,0.73,0.0,0.42073231810408784
39632966929877251,0.0,0.13,0.87,0.0,0.2787190925139945
39632966929877203,0.0,0.7,0.3,0.0,0.44064544961534635
39632986777324676,0.0,0.71,0.29,0.0,0.43436062316970225
39632981857404365,0.0,0.32,0.68,0.0,0.45219072886224687
39632971925291528,0.0,0.18,0.82,0.0,0.34003852286413994
39632986777324735,0.0,0.8,0.2,0.0,0.36096404744368116
39632971925292165,0.0,0.65,0.35,0.0,0.4670340276877455
39632986798296139,0.0,0.63,0.37,0.0,0.47533604634353294
39632956884521216,0.0,0.01,0.98,0.01,0.08072027127091033
39632961884129453,0.0,0.33,0.67,0.0,0.4574631863898637
39632966921487754,0.0,0.9,0.1,0.0,0.2344977967946406
39632951842963523,0.0,1.0,0.0,0.0,-0.0
39632986777324486,0.0,0.26,0.74,0.0,0.4133731862463089
39632986789907888,0.0,0.79,0.21,0.0,0.37074136996563684
39632966921487583,0.0,0.07,0.93,0.0,0.18296182545011158
39632951826189465,0.0,0.92,0.08,0.0,0.2010895951011364
39632981844820714,0.0,0.38,0.62,0.0,0.47902101111314976
39632951847160394,0.0,0.44,0.56,0.0,0.4947937606110278
39632951847160420,0.0,0.05,0.95,0.0,0.14319847855797813
39632951847160462,0.01,0.99,0.0,0.0,0.04039656794795559
39632941726303881,0.0,0.21,0.79,0.0,0.37074136996563684
39632941726303922,0.0,0.97,0.03,0.0,0.0971959289157881
39632956884520889,0.0,0.99,0.01,0.0,0.04039656794795559
39632971900125742,0.0,0.73,0.27,0.0,0.42073231810408784
39632971921101379,0.0,0.94,0.06,0.0,0.16372245957723813
39632986781520009,0.0,0.85,0.15,0.0,0.3049201523582002
39632966929877954,0.0,1.0,0.0,0.0,-0.0
39632956855158715,0.0,0.1,0.89,0.01,0.27413031336294724
39632981836435262,0.0,0.98,0.02,0.0,0.07072027127091034
39632961917686025,0.0,0.06,0.93,0.01,0.20367037270049304
39632961917685846,0.0,0.96,0.04,0.0,0.12114609454120741
39632961917685690,0.01,0.74,0.25,0.0,0.44394832588281036
39632961917686907,0.0,0.94,0.06,0.0,0.16372245957723813
39632966929878137,0.02,0.98,0.0,0.0,0.07072027127091034
39632961917686238,0.0,0.03,0.96,0.01,0.13737165703039006
39632961917685228,0.0,0.66,0.34,0.0,0.46240935248651505
39632961917686873,0.0,0.26,0.74,0.0,0.4133731862463089
39632961917685113,0.02,0.92,0.06,0.0,0.23354072007950172
39632961917685151,0.0,0.89,0.11,0.0,0.249957979082264
39632971900126578,0.0,0.26,0.74,0.0,0.4133731862463089
39632991743377967,0.0,0.22,0.78,0.0,0.38008375148098283
39632966929878217,0.0,0.82,0.18,0.0,0.34003852286413994
39632956884520705,0.0,0.64,0.36,0.0,0.4713415946277461
39632966929877459,0.0,0.13,0.87,0.0,0.2787190925139945
39632966929877742,0.0,0.0,0.97,0.03,0.0971959289157881
39632961884129336,0.0,0.9,0.1,0.0,0.2344977967946406
39632991709827084,0.0,0.4,0.6,0.0,0.4854752972273343
39632946788830407,0.0,0.0,1.0,0.0,-0.0
39632991726602477,0.0,0.8,0.2,0.0,0.36096404744368116
39632986798297140,0.0,0.0,0.99,0.01,0.04039656794795559
39632971883349133,0.0,0.77,0.23,0.0,0.38900565177326885
39632971883349176,0.0,0.71,0.29,0.0,0.43436062316970225
39632976878768159,0.0,0.95,0.05,0.0,0.14319847855797813
39632956884521732,0.0,0.93,0.07,0.0,0.18296182545011158
39632976878768193,0.0,0.43,0.57,0.0,0.4929075185894599
39632976878767671,0.0,0.0,1.0,0.0,-0.0
39632991743378853,0.0,0.75,0.25,0.0,0.4056390622295664
39632981869986516,0.0,0.69,0.31,0.0,0.4465867291889284
39632991743379148,0.0,0.57,0.43,0.0,0.4929075185894599
39633001553857231,0.0,0.64,0.36,0.0,0.4713415946277461
39632966929878820,0.0,0.0,1.0,0.0,-0.0
39632991743377923,0.0,0.89,0.11,0.0,0.249957979082264
39632991743379630,0.0,0.84,0.16,0.0,0.3171547773202831
39632991743378108,0.0,0.36,0.64,0.0,0.4713415946277461
39632991743377938,0.0,0.28,0.72,0.0,0.4277254052800653
39632971895934974,0.0,0.92,0.08,0.0,0.2010895951011364
39632991743378936,0.0,0.86,0.14,0.0,0.292119405821428
39632941726303793,0.0,0.96,0.04,0.0,0.12114609454120741
39632946788830157,0.0,0.34,0.66,0.0,0.46240935248651505
39632971900126470,0.0,0.37,0.63,0.0,0.47533604634353294
39632981865793752,0.0,0.71,0.29,0.0,0.43436062316970225
39632951847158778,0.0,0.58,0.42,0.0,0.49072694751682683
39632981865794916,0.0,0.44,0.56,0.0,0.4947937606110278
39632971916904854,0.0,0.71,0.29,0.0,0.43436062316970225
39632966883738919,0.0,0.2,0.8,0.0,0.36096404744368116
39632991714021754,0.0,0.0,1.0,0.0,-0.0
39632976857793588,0.0,0.07,0.91,0.02,0.2526241113249394
39632956892907495,0.0,0.15,0.85,0.0,0.3049201523582002
39632951855547494,0.0,0.0,1.0,0.0,-0.0
39632966929878492,0.0,0.73,0.27,0.0,0.42073231810408784
39632956892906784,0.0,0.32,0.68,0.0,0.45219072886224687
39632956884521975,0.0,0.02,0.97,0.01,0.11097036642660543
39632956888711236,0.0,0.76,0.24,0.0,0.39752013969226113
39633001553857450,0.0,0.23,0.77,0.0,0.38900565177326885
39633001553857374,0.0,0.44,0.56,0.0,0.4947937606110278
39632986768936524,0.0,0.3,0.7,0.0,0.44064544961534635
39632986806682208,0.0,1.0,0.0,0.0,-0.0
39632981857408311,0.0,0.86,0.14,0.0,0.292119405821428
39632986785713520,0.0,0.53,0.47,0.0,0.4987007942838698
39632976887156533,0.0,0.64,0.36,0.0,0.4713415946277461
39632971895933204,0.01,0.7,0.29,0.0,0.47227179466312613
39632986785713281,0.0,0.02,0.98,0.0,0.07072027127091034
39632951826188696,0.0,0.04,0.95,0.01,0.16124668093016215
39632966896323578,0.0,0.04,0.96,0.0,0.12114609454120741
39632981857404555,0.0,0.0,1.0,0.0,-0.0
39632981861600095,0.0,0.33,0.67,0.0,0.4574631863898637
39632951842966985,0.0,0.37,0.63,0.0,0.47533604634353294
39632971921101260,0.0,0.06,0.94,0.0,0.16372245957723813
39632956863550065,0.0,0.08,0.92,0.0,0.2010895951011364
39632986789907955,0.0,0.83,0.17,0.0,0.32885238937210975
39632966896323746,0.0,0.13,0.87,0.0,0.2787190925139945
39632966896323872,0.0,0.69,0.31,0.0,0.4465867291889284
39632991714018071,0.0,0.1,0.9,0.0,0.2344977967946406
39632946772052256,0.0,0.12,0.88,0.0,0.2646804326436822
39632976899737847,0.0,0.74,0.26,0.0,0.4133731862463089
39632981857404524,0.0,0.0,0.96,0.04,0.12114609454120741
39632986806682471,0.0,0.89,0.11,0.0,0.249957979082264
39632946767859785,0.0,0.59,0.41,0.0,0.488250234378912
39632946767859771,0.0,0.51,0.49,0.0,0.49985572087640495
39632951847162034,0.0,0.38,0.62,0.0,0.47902101111314976
39632951847162037,0.0,0.02,0.98,0.0,0.07072027127091034
39632951847162030,0.0,0.01,0.96,0.03,0.13737165703039006
39632986810877571,0.0,0.82,0.18,0.0,0.34003852286413994
39632971887545396,0.0,0.37,0.63,0.0,0.47533604634353294
39632971887545600,0.0,0.15,0.85,0.0,0.3049201523582002
39632946772053821,0.0,0.06,0.94,0.0,0.16372245957723813
39632956863548827,0.0,0.68,0.32,0.0,0.45219072886224687
39632956863548760,0.0,0.1,0.9,0.0,0.2344977967946406
39632996659104310,0.0,0.89,0.11,0.0,0.249957979082264
39632991734992052,0.06,0.94,0.0,0.0,0.16372245957723813
39632991734992337,0.0,0.75,0.25,0.0,0.4056390622295664
39632966913098710,0.0,0.91,0.09,0.0,0.21823490853205144
39632981844820732,0.0,0.06,0.94,0.0,0.16372245957723813
39632961917684427,0.0,0.17,0.83,0.0,0.32885238937210975
39632966929879399,0.0,0.25,0.75,0.0,0.4056390622295664
39632966929879495,0.0,0.92,0.08,0.0,0.2010895951011364
39632971925293970,0.0,0.91,0.09,0.0,0.21823490853205144
39632956859352207,0.0,0.0,0.99,0.01,0.04039656794795559
39632981857404438,0.0,0.54,0.46,0.0,0.49768921941011285
39632966896323526,0.0,0.21,0.79,0.0,0.37074136996563684
39632976899740214,0.0,0.32,0.68,0.0,0.45219072886224687
39632971925293018,0.02,0.97,0.01,0.0,0.11097036642660543
39632966929877714,0.0,0.78,0.22,0.0,0.38008375148098283
39632981832237312,0.0,0.01,0.99,0.0,0.04039656794795559
39632951821992766,0.0,0.35,0.65,0.0,0.4670340276877455
39632991739188197,0.0,0.94,0.06,0.0,0.16372245957723813
39632956892907870,0.0,0.52,0.48,0.0,0.4994227679976009
39632986789904799,0.0,0.04,0.95,0.01,0.16124668093016215
39632956892907375,0.03,0.91,0.06,0.0,0.2595582210645035
39632946788830246,0.0,0.02,0.98,0.0,0.07072027127091034
39632981865795852,0.0,0.92,0.08,0.0,0.2010895951011364
39632991718214997,0.0,0.63,0.37,0.0,0.47533604634353294
39632946772054105,0.0,0.42,0.58,0.0,0.49072694751682683
39632971900127176,0.0,0.49,0.51,0.0,0.49985572087640495
39632971900127195,0.0,0.99,0.01,0.0,0.04039656794795559
39632971900125585,0.0,0.81,0.19,0.0,0.3507357299419487
39632996633940272,0.1,0.9,0.0,0.0,0.2344977967946406
39632951855548423,0.0,0.99,0.01,0.0,0.04039656794795559
39632956880322815,0.0,0.11,0.89,0.0,0.249957979082264
39632986806684470,0.0,0.47,0.53,0.0,0.4987007942838698
39632961917683602,0.0,0.66,0.34,0.0,0.46240935248651505
39632951838771422,0.0,0.07,0.93,0.0,0.18296182545011158
39632956863546074,0.0,0.19,0.81,0.0,0.3507357299419487
39632951817801997,0.0,0.1,0.9,0.0,0.2344977967946406
39632991718212068,0.0,0.88,0.12,0.0,0.2646804326436822
39632976895542858,0.0,0.87,0.13,0.0,0.2787190925139945
39632961884128697,0.0,0.42,0.58,0.0,0.49072694751682683
39632966887932735,0.0,0.11,0.88,0.01,0.28950944366190023
39632941717914799,0.0,0.11,0.89,0.0,0.249957979082264
39632971908514149,0.0,0.75,0.25,0.0,0.4056390622295664
39632981836434854,0.0,0.0,1.0,0.0,-0.0
39632981828045941,0.0,0.46,0.54,0.0,0.49768921941011285
39632976874570520,0.03,0.94,0.03,0.0,0.19372245957723813
39632991709824509,0.0,0.05,0.95,0.0,0.14319847855797813
39632991709824501,0.0,0.68,0.32,0.0,0.45219072886224687
39632991709824777,0.0,0.02,0.97,0.01,0.11097036642660543
39632956884521055,0.0,1.0,0.0,0.0,-0.0
39632971887544773,0.0,0.13,0.87,0.0,0.2787190925139945
39632971887545145,0.0,0.76,0.24,0.0,0.39752013969226113
39632981853212057,0.0,0.43,0.57,0.0,0.4929075185894599
39632966904713146,0.0,0.37,0.63,0.0,0.47533604634353294
39632991739188281,0.0,0.69,0.31,0.0,0.4465867291889284
39632991739188215,0.0,0.3,0.7,0.0,0.44064544961534635
39632946788829785,0.0,0.0,0.71,0.29,0.43436062316970225
39632986773130468,0.0,1.0,0.0,0.0,-0.0
39632986773130459,0.0,0.25,0.75,0.0,0.4056390622295664
39632986773130434,0.0,0.77,0.23,0.0,0.38900565177326885
39632956850967261,0.0,0.23,0.77,0.0,0.38900565177326885
39632971904323586,0.0,0.51,0.49,0.0,0.49985572087640495
39632986768936016,0.0,0.01,0.97,0.02,0.11097036642660543
39632976903930707,0.0,0.28,0.72,0.0,0.4277254052800653
39632986781519707,0.0,0.0,0.73,0.27,0.42073231810408784
39632986781519637,0.0,0.01,0.99,0.0,0.04039656794795559
39632956892909280,0.0,1.0,0.0,0.0,-0.0
39632956892908764,0.0,0.99,0.01,0.0,0.04039656794795559
39632991743378446,0.0,0.71,0.29,0.0,0.43436062316970225
39632971891740557,0.0,0.74,0.26,0.0,0.4133731862463089
39632941726303864,0.0,0.02,0.97,0.01,0.11097036642660543
39632941726303905,0.0,0.02,0.98,0.0,0.07072027127091034
39632981836435113,0.0,0.25,0.75,0.0,0.4056390622295664
39632961917685653,0.0,0.91,0.09,0.0,0.21823490853205144
39632956892909844,0.0,0.85,0.15,0.0,0.3049201523582002
39632966929877945,0.0,0.97,0.03,0.0,0.0971959289157881
39632966929878365,0.0,0.92,0.08,0.0,0.2010895951011364
39632971887544951,0.0,0.25,0.75,0.0,0.4056390622295664
39632956892907005,0.0,0.58,0.42,0.0,0.49072694751682683
39632976878767689,0.0,0.07,0.93,0.0,0.18296182545011158
39632991743377517,0.0,0.99,0.01,0.0,0.04039656794795559
39632956892908553,0.0,0.5,0.5,0.0,0.5
39632966929878004,0.0,0.87,0.13,0.0,0.2787190925139945
39632986810880152,0.0,0.86,0.14,0.0,0.292119405821428
39632986768936693,0.0,0.49,0.51,0.0,0.49985572087640495
39632986768936541,0.0,0.74,0.26,0.0,0.4133731862463089
39632946767856571,0.01,0.65,0.34,0.0,0.49978987264055696
39632986785713692,0.0,0.23,0.77,0.0,0.38900565177326885
39632971883352739,0.0,0.99,0.01,0.0,0.04039656794795559
39632946772050749,0.0,0.15,0.85,0.0,0.3049201523582002
39632976899738340,0.0,0.01,0.91,0.08,0.24088153359695552
39632981857408101,0.0,0.42,0.58,0.0,0.49072694751682683
39632981865793803,0.0,0.57,0.43,0.0,0.4929075185894599
39632971908517616,0.0,0.5,0.5,0.0,0.5
39632976891348459,0.0,0.15,0.85,0.0,0.3049201523582002
39632986806686462,0.0,0.52,0.48,0.0,0.4994227679976009
39632971895934642,0.0,0.09,0.91,0.0,0.21823490853205144
39632966925681077,0.0,0.04,0.96,0.0,0.12114609454120741
39632946772053207,0.0,0.94,0.06,0.0,0.16372245957723813
39632996650714336,0.0,0.53,0.47,0.0,0.4987007942838698
39632946772053097,0.0,0.99,0.01,0.0,0.04039656794795559
39632981853211202,0.0,0.91,0.09,0.0,0.21823490853205144
39632946772053691,0.0,0.9,0.1,0.0,0.2344977967946406
39632946772053583,0.0,0.86,0.14,0.0,0.292119405821428
39632976878768049,0.0,0.85,0.15,0.0,0.3049201523582002
39632971925294069,0.0,0.84,0.16,0.0,0.3171547773202831
39632966925680993,0.0,0.97,0.03,0.0,0.0971959289157881
39632961913488189,0.0,0.0,0.98,0.02,0.07072027127091034
39632996650714201,0.0,0.7,0.3,0.0,0.44064544961534635
39632971900127191,0.0,0.71,0.29,0.0,0.43436062316970225
39632971900127112,0.0,0.35,0.65,0.0,0.4670340276877455
39632971900126912,0.0,0.95,0.05,0.0,0.14319847855797813
39632946772053414,0.0,0.69,0.31,0.0,0.4465867291889284
39632976903933172,0.0,0.93,0.07,0.0,0.18296182545011158
39632941726305339,0.0,0.89,0.11,0.0,0.249957979082264
39632991718211807,0.0,0.93,0.07,0.0,0.18296182545011158
39632946788831231,0.0,0.05,0.95,0.0,0.14319847855797813
39632946788831464,0.03,0.97,0.0,0.0,0.0971959289157881
39632981844822673,0.0,0.96,0.04,0.0,0.12114609454120741
39632981865794759,0.0,0.07,0.93,0.0,0.18296182545011158
39632961905103419,0.0,0.85,0.15,0.0,0.3049201523582002
39632946767858759,0.0,0.8,0.2,0.0,0.36096404744368116
39632946772052289,0.0,0.89,0.11,0.0,0.249957979082264
39632991739186613,0.0,1.0,0.0,0.0,-0.0
39632971921100587,0.0,0.12,0.88,0.0,0.2646804326436822
39632981828045469,0.0,0.25,0.75,0.0,0.4056390622295664
39632971916906968,0.0,0.07,0.93,0.0,0.18296182545011158
39632966917292108,0.0,0.92,0.08,0.0,0.2010895951011364
39632981828044953,0.0,0.01,0.99,0.0,0.04039656794795559
39632991709825490,0.0,0.12,0.88,0.0,0.2646804326436822
39632986781516311,0.0,0.38,0.62,0.0,0.47902101111314976
39632991709825166,0.0,0.07,0.93,0.0,0.18296182545011158
39632946788830462,0.0,0.85,0.15,0.0,0.3049201523582002
39632981853208795,0.0,0.47,0.53,0.0,0.4987007942838698
39632966887933673,0.0,0.77,0.23,0.0,0.38900565177326885
39632996646520550,0.0,0.21,0.79,0.0,0.37074136996563684
39632971916906637,0.0,0.09,0.91,0.0,0.21823490853205144
39632981828046969,0.0,0.27,0.73,0.0,0.42073231810408784
39632996646519916,0.0,0.77,0.23,0.0,0.38900565177326885
39632971879156486,0.0,0.68,0.32,0.0,0.45219072886224687
39632986794101570,0.0,0.77,0.23,0.0,0.38900565177326885
39632986794101550,0.0,0.44,0.56,0.0,0.4947937606110278
39632991726604536,0.0,0.57,0.43,0.0,0.4929075185894599
39632976891350640,0.0,0.65,0.35,0.0,0.4670340276877455
39632966883741032,0.0,0.1,0.9,0.0,0.2344977967946406
39632991726604735,0.0,0.27,0.73,0.0,0.42073231810408784
39632966892130645,0.0,0.95,0.05,0.0,0.14319847855797813
39632966896323724,0.0,0.19,0.81,0.0,0.3507357299419487
39632961905103577,0.0,0.45,0.55,0.0,0.49638722699390414
39632966921489532,0.0,0.8,0.2,0.0,0.36096404744368116
39632951826186870,0.0,1.0,0.0,0.0,-0.0
39632951847159262,0.0,1.0,0.0,0.0,-0.0
39632976891350361,0.0,0.31,0.69,0.0,0.4465867291889284
39632961879935809,0.0,0.86,0.14,0.0,0.292119405821428
39632986802488523,0.0,0.47,0.53,0.0,0.4987007942838698
39632986802488556,0.0,0.67,0.33,0.0,0.4574631863898637
39632956880326073,0.0,0.92,0.08,0.0,0.2010895951011364
39632991705633368,0.0,0.0,1.0,0.0,-0.0
39632961917681749,0.0,0.07,0.93,0.0,0.18296182545011158
39632946772051603,0.01,0.97,0.02,0.0,0.11097036642660543
39632991709825471,0.06,0.94,0.0,0.0,0.16372245957723813
39632986810876477,0.0,0.24,0.76,0.0,0.39752013969226113
39632981840628734,0.0,0.17,0.83,0.0,0.32885238937210975
39632986810876837,0.0,0.97,0.03,0.0,0.0971959289157881
39632996646523166,0.0,0.26,0.74,0.0,0.4133731862463089
39632956876130499,0.0,0.6,0.4,0.0,0.4854752972273343
39632991718211896,0.0,0.99,0.01,0.0,0.04039656794795559
39632966908907560,0.0,0.23,0.77,0.0,0.38900565177326885
39632991718211685,0.0,0.3,0.7,0.0,0.44064544961534635
39632986794098962,0.0,0.19,0.81,0.0,0.3507357299419487
39632986789905987,0.0,0.15,0.85,0.0,0.3049201523582002
39632986794098885,0.0,0.0,0.82,0.18,0.34003852286413994
39632986798296692,0.0,0.34,0.66,0.0,0.46240935248651505
39632991730794597,0.0,0.21,0.79,0.0,0.37074136996563684
39632986789908901,0.0,0.28,0.72,0.0,0.4277254052800653
39632976891350656,0.0,0.94,0.06,0.0,0.16372245957723813
39632946788831645,0.0,0.83,0.17,0.0,0.32885238937210975
39632966896321833,0.0,0.07,0.93,0.0,0.18296182545011158
39632941722112238,0.0,0.85,0.15,0.0,0.3049201523582002
39632951847158724,0.0,0.91,0.09,0.0,0.21823490853205144
39632946788831538,0.0,0.42,0.58,0.0,0.49072694751682683
39632941722112027,0.0,0.54,0.46,0.0,0.49768921941011285
39632941722112221,0.0,0.57,0.43,0.0,0.4929075185894599
39632946788831551,0.0,0.99,0.01,0.0,0.04039656794795559
39632951821995050,0.0,0.0,1.0,0.0,-0.0
39632951847158927,0.0,0.26,0.74,0.0,0.4133731862463089
39632951847158723,0.0,0.94,0.06,0.0,0.16372245957723813
39632951847158644,0.0,0.93,0.07,0.0,0.18296182545011158
39632996642326032,0.0,0.78,0.22,0.0,0.38008375148098283
39632966896324741,0.0,0.71,0.29,0.0,0.43436062316970225
39632996642326450,0.0,0.99,0.01,0.0,0.04039656794795559
39632971883349775,0.0,0.23,0.77,0.0,0.38900565177326885
39632971883352068,0.0,0.56,0.44,0.0,0.4947937606110278
39632996642326036,0.0,0.23,0.77,0.0,0.38900565177326885
39632961879935693,0.0,0.69,0.31,0.0,0.4465867291889284
39632986802488243,0.0,0.81,0.19,0.0,0.3507357299419487
39632951821994936,0.0,0.03,0.97,0.0,0.0971959289157881
39632966896321106,0.0,1.0,0.0,0.0,-0.0
39632956892908504,0.0,0.47,0.53,0.0,0.4987007942838698
39632986785711630,0.0,0.06,0.94,0.0,0.16372245957723813
39632986785710936,0.0,0.07,0.93,0.0,0.18296182545011158
39632981832237951,0.0,0.8,0.2,0.0,0.36096404744368116
39632956850966225,0.0,0.07,0.93,0.0,0.18296182545011158
39632946784637089,0.0,0.89,0.11,0.0,0.249957979082264
39632961879935702,0.0,0.7,0.3,0.0,0.44064544961534635
39632986802489271,0.0,0.03,0.97,0.0,0.0971959289157881
39632956850966221,0.0,0.19,0.81,0.0,0.3507357299419487
39632966896321609,0.0,0.66,0.34,0.0,0.46240935248651505
39632986802489292,0.0,0.04,0.96,0.0,0.12114609454120741
39632966892129467,0.0,0.05,0.95,0.0,0.14319847855797813
39632956855159193,0.0,0.7,0.3,0.0,0.44064544961534635
39632986794099031,0.0,1.0,0.0,0.0,-0.0
39632991718211815,0.0,0.1,0.9,0.0,0.2344977967946406
39632946780438752,0.0,0.66,0.34,0.0,0.46240935248651505
39632986794099127,0.0,0.73,0.27,0.0,0.42073231810408784
39632986794099223,0.0,0.9,0.1,0.0,0.2344977967946406
39632946780438735,0.0,0.67,0.33,0.0,0.4574631863898637
39632956876130377,0.0,0.04,0.95,0.01,0.16124668093016215
39632966896321153,0.0,0.9,0.1,0.0,0.2344977967946406
39632991726603739,0.0,0.22,0.78,0.0,0.38008375148098283
39632976882958677,0.0,0.67,0.33,0.0,0.4574631863898637
39632976882959244,0.0,0.04,0.96,0.0,0.12114609454120741
39632986785711655,0.0,0.99,0.01,0.0,0.04039656794795559
39632971895932932,0.0,0.91,0.09,0.0,0.21823490853205144
39632961875739468,0.0,0.74,0.26,0.0,0.4133731862463089
39632971921097430,0.0,0.47,0.53,0.0,0.4987007942838698
39632951838771049,0.0,0.98,0.02,0.0,0.07072027127091034
39632976891350359,0.0,0.96,0.04,0.0,0.12114609454120741
39632981853209140,0.0,0.81,0.19,0.0,0.3507357299419487
39632956892909638,0.0,0.74,0.26,0.0,0.4133731862463089
39632961905098993,0.0,0.32,0.68,0.0,0.45219072886224687
39632951851353608,0.0,0.36,0.64,0.0,0.4713415946277461
39632976891350229,0.0,0.74,0.26,0.0,0.4133731862463089
39632946788828941,0.0,0.42,0.58,0.0,0.49072694751682683
39632966896321163,0.0,0.49,0.51,0.0,0.49985572087640495
39632971912711421,0.0,0.58,0.42,0.0,0.49072694751682683
39632971912711442,0.0,0.24,0.76,0.0,0.39752013969226113
39632961871548283,0.0,0.8,0.2,0.0,0.36096404744368116
39632966879546646,0.0,1.0,0.0,0.0,-0.0
39632946788828810,0.0,0.61,0.39,0.0,0.4823997742525436
39632946788828732,0.0,0.43,0.57,0.0,0.4929075185894599
39632986777325588,0.0,0.31,0.69,0.0,0.4465867291889284
39632986777325720,0.0,0.01,0.99,0.0,0.04039656794795559
39632951838771134,0.0,0.85,0.15,0.0,0.3049201523582002
39632946788831180,0.0,0.29,0.71,0.0,0.43436062316970225
39632986777325781,0.0,0.13,0.87,0.0,0.2787190925139945
39632986768936659,0.0,0.27,0.73,0.0,0.42073231810408784
39632946788831053,0.0,0.0,1.0,0.0,-0.0
39632946797215921,0.0,0.72,0.28,0.0,0.4277254052800653
39632946788831313,0.0,0.86,0.14,0.0,0.292119405821428
39632946793026168,0.0,0.91,0.09,0.0,0.21823490853205144
39632946797215877,0.0,0.98,0.02,0.0,0.07072027127091034
39632956855157409,0.0,0.17,0.83,0.0,0.32885238937210975
39632966896321191,0.0,0.26,0.74,0.0,0.4133731862463089
39632956850966209,0.0,0.63,0.37,0.0,0.47533604634353294
39632981857408134,0.0,0.93,0.07,0.0,0.18296182545011158
39632986777325548,0.0,0.31,0.69,0.0,0.4465867291889284
39632981853212770,0.0,0.03,0.97,0.0,0.0971959289157881
39632951817800951,0.0,0.81,0.19,0.0,0.3507357299419487
39632951842963830,0.0,0.56,0.44,0.0,0.4947937606110278
39632951821995118,0.0,0.05,0.95,0.0,0.14319847855797813
39632961879935295,0.0,0.92,0.08,0.0,0.2010895951011364
39632976874571095,0.0,0.89,0.11,0.0,0.249957979082264
39632976899737975,0.0,0.17,0.83,0.0,0.32885238937210975
39632986789908191,0.0,0.01,0.98,0.01,0.08072027127091033
39632996659103091,0.0,0.31,0.69,0.0,0.4465867291889284
39632961871545741,0.0,0.54,0.46,0.0,0.49768921941011285
39632961871545932,0.0,0.87,0.13,0.0,0.2787190925139945
39632966900515551,0.0,0.34,0.66,0.0,0.46240935248651505
39632971921099181,0.0,0.24,0.76,0.0,0.39752013969226113
39632966896320831,0.0,0.62,0.38,0.0,0.47902101111314976
39632966896323407,0.0,0.97,0.03,0.0,0.0971959289157881
39632961875739723,0.0,0.41,0.59,0.0,0.488250234378912
39632976874571102,0.0,0.39,0.61,0.0,0.4823997742525436
39632966896320726,0.0,0.14,0.86,0.0,0.292119405821428
39632966883739585,0.0,1.0,0.0,0.0,-0.0
39632946767859495,0.0,0.17,0.83,0.0,0.32885238937210975
39632951842963852,0.0,0.19,0.81,0.0,0.3507357299419487
39632956880326521,0.0,1.0,0.0,0.0,-0.0
39632996650714119,0.0,0.96,0.04,0.0,0.12114609454120741
39632966892130673,0.0,0.73,0.27,0.0,0.42073231810408784
39632961888326046,0.0,0.07,0.93,0.0,0.18296182545011158
39632951830380811,0.0,0.01,0.98,0.01,0.08072027127091033
39632951830380661,0.0,0.0,0.88,0.12,0.2646804326436822
39632961888325981,0.0,0.26,0.74,0.0,0.4133731862463089
39632966892130657,0.0,0.48,0.52,0.0,0.4994227679976009
39632986798296782,0.0,0.0,1.0,0.0,-0.0
39632986798296652,0.0,0.24,0.76,0.0,0.39752013969226113
39632946797219124,0.0,0.76,0.24,0.0,0.39752013969226113
39632956850966144,0.0,0.5,0.5,0.0,0.5
39632946797219367,0.0,0.24,0.76,0.0,0.39752013969226113
39632976882959373,0.0,0.73,0.27,0.0,0.42073231810408784
39632991709825274,0.0,0.45,0.55,0.0,0.49638722699390414
39632946776248567,0.0,0.91,0.09,0.0,0.21823490853205144
39632956850966394,0.0,0.2,0.8,0.0,0.36096404744368116
39632956850966563,0.0,0.21,0.78,0.01,0.4094279001393156
39632976882959002,0.0,0.21,0.79,0.0,0.37074136996563684
39632976882959083,0.0,0.0,0.99,0.01,0.04039656794795559
39632981865793763,0.0,0.97,0.03,0.0,0.0971959289157881
39632976874570724,0.0,0.16,0.84,0.0,0.3171547773202831
39632971879157537,0.0,0.05,0.94,0.01,0.1832231322266888
39632971912710353,0.0,0.35,0.65,0.0,0.4670340276877455
39632956855157007,0.0,0.97,0.03,0.0,0.0971959289157881
39632976878767252,0.0,0.05,0.95,0.0,0.14319847855797813
39632996650713964,0.0,0.07,0.93,0.0,0.18296182545011158
39632971912710682,0.0,0.2,0.8,0.0,0.36096404744368116
39632991709824308,0.0,0.03,0.97,0.0,0.0971959289157881
39632991709824361,0.0,0.88,0.12,0.0,0.2646804326436822
39632956850966046,0.0,0.97,0.03,0.0,0.0971959289157881
39632946788831401,0.0,0.79,0.21,0.0,0.37074136996563684
39632961888323275,0.0,0.23,0.77,0.0,0.38900565177326885
39632946788831176,0.0,0.62,0.38,0.0,0.47902101111314976
39632946797217514,0.0,0.53,0.47,0.0,0.4987007942838698
39632956850966492,0.0,0.12,0.88,0.0,0.2646804326436822
39632981853209144,0.0,0.99,0.01,0.0,0.04039656794795559
39632956892910271,0.0,0.71,0.29,0.0,0.43436062316970225
39632991709825645,0.0,0.05,0.95,0.0,0.14319847855797813
39632986806681735,0.0,0.08,0.92,0.0,0.2010895951011364
39632991739187654,0.0,0.19,0.81,0.0,0.3507357299419487
39632991718214168,0.0,0.57,0.43,0.0,0.4929075185894599
39632966925681641,0.0,0.34,0.66,0.0,0.46240935248651505
39632986773131520,0.0,0.0,0.98,0.02,0.07072027127091034
39632966887933370,0.0,0.62,0.38,0.0,0.47902101111314976
39632961909293922,0.0,0.86,0.14,0.0,0.292119405821428
39632986802490002,0.0,0.48,0.52,0.0,0.4994227679976009
39632951826186945,0.0,0.52,0.48,0.0,0.4994227679976009
39632941722109061,0.0,0.56,0.44,0.0,0.4947937606110278
39632941722111051,0.0,0.89,0.11,0.0,0.249957979082264
39632941726302644,0.0,0.12,0.88,0.0,0.2646804326436822
39632941722111469,0.0,0.99,0.01,0.0,0.04039656794795559
39632991739187753,0.0,0.72,0.28,0.0,0.4277254052800653
39632981828044707,0.0,0.0,1.0,0.0,-0.0
39632956876131480,0.0,0.72,0.28,0.0,0.4277254052800653
39632976882963072,0.0,0.96,0.04,0.0,0.12114609454120741
39632981857407963,0.0,0.6,0.4,0.0,0.4854752972273343
39632961892516004,0.0,0.97,0.03,0.0,0.0971959289157881
39632956876131474,0.0,0.23,0.77,0.0,0.38900565177326885
39632966908905477,0.0,0.87,0.13,0.0,0.2787190925139945
39632941722109893,0.0,0.78,0.22,0.0,0.38008375148098283
39632941722108740,0.0,0.24,0.76,0.0,0.39752013969226113
39632941722109909,0.0,0.61,0.39,0.0,0.4823997742525436
39632976882960435,0.0,0.92,0.08,0.0,0.2010895951011364
39632941717916421,0.0,0.37,0.63,0.0,0.47533604634353294
39632941722109759,0.0,0.81,0.19,0.0,0.3507357299419487
39632986802489393,0.0,0.13,0.87,0.0,0.2787190925139945
39632941722108681,0.0,0.79,0.21,0.0,0.37074136996563684
39632941722109584,0.0,0.45,0.55,0.0,0.49638722699390414
39632941722108833,0.02,0.89,0.09,0.0,0.2875800930424113
39632971900128205,0.0,0.28,0.72,0.0,0.4277254052800653
39632981844821523,0.0,0.0,1.0,0.0,-0.0
39632981844821430,0.0,0.06,0.93,0.01,0.20367037270049304
39632981844821506,0.0,0.0,0.56,0.44,0.4947937606110278
39632981865794391,0.0,0.42,0.58,0.0,0.49072694751682683
39632991714017487,0.0,0.3,0.7,0.0,0.44064544961534635
39632991718214505,0.0,0.85,0.15,0.0,0.3049201523582002
39632981844824405,0.0,0.61,0.39,0.0,0.4823997742525436
39632976895546526,0.0,0.86,0.14,0.0,0.292119405821428
39632946780440347,0.0,0.13,0.87,0.0,0.2787190925139945
39632971874963669,0.0,0.33,0.67,0.0,0.4574631863898637
39632971874963541,0.0,1.0,0.0,0.0,-0.0
39632986785712463,0.0,0.04,0.94,0.02,0.19127133459887283
39632941717918145,0.0,0.32,0.68,0.0,0.45219072886224687
39632941717918165,0.0,0.83,0.17,0.0,0.32885238937210975
39632941717918140,0.0,0.64,0.36,0.0,0.4713415946277461
39632971916906804,0.0,0.17,0.83,0.0,0.32885238937210975
39632956855160354,0.0,0.85,0.15,0.0,0.3049201523582002
39632946793025228,0.0,0.84,0.16,0.0,0.3171547773202831
39632971895933782,0.0,0.26,0.74,0.0,0.4133731862463089
39632986781518210,0.0,0.36,0.64,0.0,0.4713415946277461
39632961879936712,0.0,0.22,0.78,0.0,0.38008375148098283
39632951826188479,0.0,0.28,0.72,0.0,0.4277254052800653
39632941726302858,0.0,0.8,0.2,0.0,0.36096404744368116
39632941726302595,0.0,0.97,0.03,0.0,0.0971959289157881
39632956897100226,0.0,0.94,0.06,0.0,0.16372245957723813
39632946797217838,0.0,0.73,0.27,0.0,0.42073231810408784
39632956892910039,0.0,0.84,0.16,0.0,0.3171547773202831
39632956892910313,0.0,0.95,0.05,0.0,0.14319847855797813
39632976878766913,0.0,0.27,0.73,0.0,0.42073231810408784
39632956897099872,0.01,0.89,0.1,0.0,0.27413031336294724
39632956897099908,0.0,0.92,0.08,0.0,0.2010895951011364
39632956897099919,0.0,0.6,0.4,0.0,0.4854752972273343
39632956897099938,0.0,0.7,0.3,0.0,0.44064544961534635
39632956897100020,0.0,0.68,0.32,0.0,0.45219072886224687
39632956897100288,0.0,0.89,0.11,0.0,0.249957979082264
39632946767857667,0.0,0.96,0.04,0.0,0.12114609454120741
39632981865795477,0.0,0.8,0.2,0.0,0.36096404744368116
39632971874963917,0.0,0.58,0.42,0.0,0.49072694751682683
39632956850967068,0.0,0.01,0.97,0.02,0.11097036642660543
39632956850967038,0.0,0.13,0.86,0.01,0.31810566868628926
39632986785711939,0.0,0.05,0.95,0.0,0.14319847855797813
39632951826186536,0.0,0.05,0.95,0.0,0.14319847855797813
39632966917292536,0.0,0.03,0.95,0.02,0.1674722434193448
39632961909295718,0.0,0.82,0.18,0.0,0.34003852286413994
39632961879936901,0.0,0.44,0.56,0.0,0.4947937606110278
39632971912710209,0.0,0.02,0.98,0.0,0.07072027127091034
39632961905100781,0.0,0.56,0.44,0.0,0.4947937606110278
39632981828046360,0.0,0.95,0.05,0.0,0.14319847855797813
39632976861990911,0.0,0.43,0.57,0.0,0.4929075185894599
39632976878766339,0.0,0.13,0.87,0.0,0.2787190925139945
39632981849016770,0.0,0.92,0.08,0.0,0.2010895951011364
39632951838772186,0.0,0.11,0.89,0.0,0.249957979082264
39632971887544451,0.0,0.39,0.61,0.0,0.4823997742525436
39632971887544074,0.0,0.73,0.27,0.0,0.42073231810408784
39633001549663776,0.0,0.82,0.18,0.0,0.34003852286413994
39632971887544921,0.0,0.05,0.95,0.0,0.14319847855797813
39632951838772333,0.0,0.01,0.99,0.0,0.04039656794795559
39632976891350806,0.0,0.11,0.89,0.0,0.249957979082264
39632961884127651,0.0,0.24,0.76,0.0,0.39752013969226113
39632961905103573,0.0,0.63,0.37,0.0,0.47533604634353294
39632986789905932,0.0,0.07,0.93,0.0,0.18296182545011158
39632971921099575,0.0,0.0,1.0,0.0,-0.0
39632986802490564,0.0,0.02,0.96,0.02,0.14114609454120738
39632971895934706,0.0,0.99,0.01,0.0,0.04039656794795559
39632946772050332,0.0,0.19,0.81,0.0,0.3507357299419487
39632976899740743,0.0,0.98,0.02,0.0,0.07072027127091034
39632946797219943,0.01,0.99,0.0,0.0,0.04039656794795559
39632996646523094,0.0,0.75,0.25,0.0,0.4056390622295664
39632941726305969,0.0,0.92,0.08,0.0,0.2010895951011364
39633001549663513,0.0,0.05,0.95,0.0,0.14319847855797813
39632971895934620,0.0,0.95,0.05,0.0,0.14319847855797813
39632996646523315,0.0,0.87,0.13,0.0,0.2787190925139945
39632986768936459,0.0,0.05,0.95,0.0,0.14319847855797813
39632966896323521,0.0,0.45,0.55,0.0,0.49638722699390414
39632986768936378,0.0,0.61,0.39,0.0,0.4823997742525436
39632951821993116,0.0,0.73,0.27,0.0,0.42073231810408784
39632966896323203,0.0,0.41,0.59,0.0,0.488250234378912
39632996633936089,0.0,0.93,0.07,0.0,0.18296182545011158
39632966896323220,0.0,0.23,0.77,0.0,0.38900565177326885
39633001549663423,0.0,0.04,0.96,0.0,0.12114609454120741
39632946801410778,0.0,0.98,0.02,0.0,0.07072027127091034
39632946801411104,0.0,0.76,0.24,0.0,0.39752013969226113
39632946801411448,0.0,0.93,0.07,0.0,0.18296182545011158
39632946797220051,0.0,0.17,0.83,0.0,0.32885238937210975
39632946797219503,0.0,0.7,0.3,0.0,0.44064544961534635
39632996633936369,0.0,0.45,0.55,0.0,0.49638722699390414
39632981861601115,0.0,0.91,0.09,0.0,0.21823490853205144
39632996633936213,0.0,0.66,0.34,0.0,0.46240935248651505
39632991709827501,0.0,0.04,0.96,0.0,0.12114609454120741
39632981828046446,0.0,0.01,0.98,0.01,0.08072027127091033
39632951821995821,0.0,0.51,0.49,0.0,0.49985572087640495
39632951826186513,0.0,0.14,0.86,0.0,0.292119405821428
39632951826188900,0.0,0.82,0.18,0.0,0.34003852286413994
39632971887545530,0.0,0.26,0.74,0.0,0.4133731862463089
39632971879154217,0.0,0.0,1.0,0.0,-0.0
39632976861991442,0.0,0.71,0.29,0.0,0.43436062316970225
39632981849016418,0.0,0.98,0.02,0.0,0.07072027127091034
39632966908905119,0.0,0.24,0.76,0.0,0.39752013969226113
39632971887543919,0.0,0.03,0.97,0.0,0.0971959289157881
39632941726306319,0.0,0.92,0.08,0.0,0.2010895951011364
39632941722111962,0.0,0.77,0.23,0.0,0.38900565177326885
39632971908516144,0.0,0.24,0.76,0.0,0.39752013969226113
39632981849016322,0.0,0.98,0.02,0.0,0.07072027127091034
39632966908905299,0.0,0.01,0.99,0.0,0.04039656794795559
39632946767858026,0.0,0.59,0.41,0.0,0.488250234378912
39632941722108399,0.0,0.05,0.95,0.0,0.14319847855797813
39632971921100319,0.0,0.42,0.58,0.0,0.49072694751682683
39632966883738716,0.0,0.87,0.13,0.0,0.2787190925139945
39632986781518028,0.0,0.05,0.94,0.01,0.1832231322266888
39632971912709772,0.0,0.92,0.08,0.0,0.2010895951011364
39632946772052785,0.0,0.07,0.93,0.0,0.18296182545011158
39632946776244748,0.0,0.98,0.02,0.0,0.07072027127091034
39632971916906528,0.0,0.97,0.03,0.0,0.0971959289157881
39632981865792615,0.0,0.99,0.01,0.0,0.04039656794795559
39632941722112264,0.0,0.48,0.52,0.0,0.4994227679976009
39632971916903487,0.0,0.22,0.78,0.0,0.38008375148098283
39632966883738913,0.0,0.65,0.35,0.0,0.4670340276877455
39632971895933784,0.0,0.17,0.83,0.0,0.32885238937210975
39632966883739111,0.0,0.1,0.9,0.0,0.2344977967946406
39632971912710987,0.0,0.28,0.72,0.0,0.4277254052800653
39632981861602350,0.0,0.25,0.75,0.0,0.4056390622295664
39632946797218794,0.0,0.15,0.85,0.0,0.3049201523582002
39632951855546438,0.0,0.61,0.39,0.0,0.4823997742525436
39632946797218626,0.0,0.33,0.67,0.0,0.4574631863898637
39632971925292931,0.0,0.92,0.08,0.0,0.2010895951011364
39632971925292812,0.0,0.54,0.46,0.0,0.49768921941011285
39632941709529601,0.0,0.87,0.13,0.0,0.2787190925139945
39632971908516313,0.0,0.2,0.8,0.0,0.36096404744368116
39632971874963310,0.0,0.9,0.1,0.0,0.2344977967946406
39632976908125153,0.0,0.96,0.04,0.0,0.12114609454120741
39632966929879818,0.0,0.7,0.3,0.0,0.44064544961534635
39632961921876397,0.0,0.87,0.13,0.0,0.2787190925139945
39632976908125070,0.0,0.89,0.11,0.0,0.249957979082264
39632966929879433,0.0,0.93,0.07,0.0,0.18296182545011158
39632981861602537,0.0,0.28,0.72,0.0,0.4277254052800653
39632951817801130,0.0,0.46,0.54,0.0,0.49768921941011285
39632966896322144,0.0,0.99,0.01,0.0,0.04039656794795559
39632991714020215,0.0,0.04,0.96,0.0,0.12114609454120741
39632966896323269,0.0,0.37,0.63,0.0,0.47533604634353294
39632991714021421,0.0,0.32,0.68,0.0,0.45219072886224687
39632991714020850,0.02,0.98,0.0,0.0,0.07072027127091034
39632991722408709,0.0,0.46,0.54,0.0,0.49768921941011285
39632986781519732,0.0,0.98,0.02,0.0,0.07072027127091034
39632956855158375,0.0,0.88,0.12,0.0,0.2646804326436822
39632986789908311,0.0,0.82,0.18,0.0,0.34003852286413994
39632981865791949,0.0,0.96,0.04,0.0,0.12114609454120741
39632986806684933,0.0,0.62,0.38,0.0,0.47902101111314976
39632986777325428,0.0,0.01,0.99,0.0,0.04039656794795559
39632986777325399,0.0,0.92,0.08,0.0,0.2010895951011364
39632971912710154,0.0,0.15,0.85,0.0,0.3049201523582002
39632966896324607,0.0,0.4,0.6,0.0,0.4854752972273343
39632956884521750,0.0,0.78,0.22,0.0,0.38008375148098283
39632956884521776,0.0,0.73,0.27,0.0,0.42073231810408784
39632956888711223,0.0,0.6,0.4,0.0,0.4854752972273343
39632991726603943,0.0,0.05,0.95,0.0,0.14319847855797813
39632991726603957,0.0,0.53,0.47,0.0,0.4987007942838698
39632981865794835,0.0,1.0,0.0,0.0,-0.0
39632971887544060,0.0,0.02,0.85,0.13,0.3474083653496681
39632971887544317,0.0,0.72,0.28,0.0,0.4277254052800653
39632971895933205,0.0,0.36,0.64,0.0,0.4713415946277461
39632991722409003,0.0,0.68,0.32,0.0,0.45219072886224687
39632981844820516,0.0,0.0,0.99,0.01,0.04039656794795559
39632991714021481,0.0,0.36,0.64,0.0,0.4713415946277461
39632981849018055,0.0,0.89,0.11,0.0,0.249957979082264
39632966929878756,0.0,0.92,0.08,0.0,0.2010895951011364
39632961917686865,0.0,0.94,0.06,0.0,0.16372245957723813
39632956897102777,0.0,1.0,0.0,0.0,-0.0
39632961921876030,0.0,0.68,0.32,0.0,0.45219072886224687
39632961921876533,0.0,0.95,0.05,0.0,0.14319847855797813
39632961921876424,0.0,0.69,0.31,0.0,0.4465867291889284
39632961921876825,0.0,0.92,0.08,0.0,0.2010895951011364
39632961921876412,0.0,0.41,0.59,0.0,0.488250234378912
39632961917686672,0.0,0.97,0.03,0.0,0.0971959289157881
39632941726305083,0.0,0.06,0.94,0.0,0.16372245957723813
39632961917686694,0.0,0.85,0.15,0.0,0.3049201523582002
39632961917686835,0.0,0.95,0.05,0.0,0.14319847855797813
39632941726303363,0.0,0.23,0.77,0.0,0.38900565177326885
39632961921876840,0.0,0.54,0.46,0.0,0.49768921941011285
39632961917686844,0.0,0.78,0.22,0.0,0.38008375148098283
39632991743379222,0.0,0.65,0.35,0.0,0.4670340276877455
39632991743379091,0.0,0.09,0.91,0.0,0.21823490853205144
39632971916905688,0.0,0.69,0.31,0.0,0.4465867291889284
39632956863549043,0.0,0.12,0.88,0.0,0.2646804326436822
39632971916905696,0.0,0.26,0.74,0.0,0.4133731862463089
39632981828046661,0.0,0.18,0.82,0.0,0.34003852286413994
39632981828046746,0.0,0.11,0.89,0.0,0.249957979082264
39632986777325029,0.0,0.01,0.98,0.01,0.08072027127091033
39632961917686490,0.0,0.6,0.4,0.0,0.4854752972273343
39632961917686190,0.0,0.06,0.91,0.03,0.2595582210645035
39632961917685575,0.0,0.54,0.46,0.0,0.49768921941011285
39632961917686533,0.0,0.87,0.13,0.0,0.2787190925139945
39632991743379218,0.0,0.79,0.21,0.0,0.37074136996563684
39632971900126926,0.0,0.95,0.05,0.0,0.14319847855797813
39632986777325298,0.0,0.0,0.92,0.08,0.2010895951011364
39632981861602300,0.0,0.66,0.34,0.0,0.46240935248651505
39632976882959926,0.0,0.96,0.04,0.0,0.12114609454120741
39632991709825028,0.0,0.01,0.98,0.01,0.08072027127091033
39632956850966684,0.0,0.01,0.99,0.0,0.04039656794795559
39632981869986480,0.0,0.98,0.02,0.0,0.07072027127091034
39632976903934441,0.0,0.31,0.69,0.0,0.4465867291889284
39632986773129127,0.0,0.06,0.94,0.0,0.16372245957723813
39632976882959678,0.0,0.09,0.91,0.0,0.21823490853205144
39632986773129172,0.0,0.01,0.99,0.0,0.04039656794795559
39632976882959101,0.0,0.9,0.1,0.0,0.2344977967946406
39632941726303490,0.0,0.68,0.32,0.0,0.45219072886224687
39632941726304595,0.0,0.77,0.23,0.0,0.38900565177326885
39632941726304684,0.0,0.02,0.98,0.0,0.07072027127091034
39632986810879465,0.0,1.0,0.0,0.0,-0.0
39632986806683284,0.0,0.32,0.68,0.0,0.45219072886224687
39632976899737644,0.0,0.79,0.21,0.0,0.37074136996563684
39632976878767529,0.0,0.56,0.44,0.0,0.4947937606110278
39632976878767562,0.0,0.96,0.04,0.0,0.12114609454120741
39632956897101244,0.0,0.83,0.17,0.0,0.32885238937210975
39632986768936853,0.0,1.0,0.0,0.0,-0.0
39632986777325400,0.0,0.55,0.45,0.0,0.49638722699390414
39632956850966842,0.0,0.31,0.69,0.0,0.4465867291889284
39632976882959252,0.0,0.71,0.29,0.0,0.43436062316970225
39632976882959411,0.0,0.92,0.08,0.0,0.2010895951011364
39632941726305452,0.0,0.12,0.88,0.0,0.2646804326436822
39632986785712027,0.03,0.97,0.0,0.0,0.0971959289157881
39632971883350818,0.0,0.08,0.92,0.0,0.2010895951011364
39632986785711995,0.0,0.01,0.99,0.0,0.04039656794795559
39632966896323454,0.0,0.66,0.34,0.0,0.46240935248651505
39632951847160703,0.0,0.64,0.36,0.0,0.4713415946277461
39632951842966482,0.0,0.29,0.71,0.0,0.43436062316970225
39632956863548902,0.0,0.28,0.72,0.0,0.4277254052800653
39632941722111440,0.0,0.91,0.09,0.0,0.21823490853205144
39632991739187730,0.0,0.95,0.05,0.0,0.14319847855797813
39632956892908527,0.0,0.58,0.42,0.0,0.49072694751682683
39632986785712068,0.0,0.54,0.46,0.0,0.49768921941011285
39632986785712015,0.0,0.08,0.92,0.0,0.2010895951011364
39632956892908908,0.0,0.96,0.04,0.0,0.12114609454120741
39632986785711885,0.0,0.36,0.64,0.0,0.4713415946277461
39632946767859668,0.0,0.01,0.99,0.0,0.04039656794795559
39632976882960400,0.0,0.04,0.96,0.0,0.12114609454120741
39632956892908925,0.0,0.9,0.1,0.0,0.2344977967946406
39632981865792251,0.0,0.18,0.82,0.0,0.34003852286413994
39632971912713140,0.0,0.0,0.97,0.03,0.0971959289157881
39632951826189238,0.0,0.0,0.98,0.02,0.07072027127091034
39632951826189166,0.0,0.01,0.76,0.23,0.4275060148322434
39632976882961248,0.0,0.89,0.11,0.0,0.249957979082264
39632986810878985,0.0,1.0,0.0,0.0,-0.0
39632956897103580,0.0,0.97,0.03,0.0,0.0971959289157881
39632956897103479,0.0,0.9,0.1,0.0,0.2344977967946406
39632941726303631,0.0,0.86,0.14,0.0,0.292119405821428
39632956897103012,0.0,0.95,0.05,0.0,0.14319847855797813
39632946797219341,0.0,0.77,0.23,0.0,0.38900565177326885
39632946797217575,0.0,0.97,0.03,0.0,0.0971959289157881
39632941726303177,0.0,0.04,0.96,0.0,0.12114609454120741
39632956897102068,0.0,0.18,0.82,0.0,0.34003852286413994
39632976878767200,0.0,0.77,0.23,0.0,0.38900565177326885
39632941726303334,0.0,0.97,0.03,0.0,0.0971959289157881
39632946797219439,0.0,0.63,0.37,0.0,0.47533604634353294
39632941726303142,0.0,0.79,0.21,0.0,0.37074136996563684
39632956897101525,0.0,0.89,0.11,0.0,0.249957979082264
39632956897101455,0.0,0.02,0.91,0.07,0.2526241113249394
39632976882960805,0.0,0.52,0.48,0.0,0.4994227679976009
39632976882960682,0.0,0.88,0.12,0.0,0.2646804326436822
39632976882960798,0.0,0.06,0.94,0.0,0.16372245957723813
39632946767857766,0.0,0.82,0.18,0.0,0.34003852286413994
39632946767857635,0.0,0.87,0.13,0.0,0.2787190925139945
39632946767857535,0.0,0.99,0.01,0.0,0.04039656794795559
39632941726304191,0.0,0.91,0.09,0.0,0.21823490853205144
39632976878767406,0.0,1.0,0.0,0.0,-0.0
39632971925294071,0.0,0.74,0.26,0.0,0.4133731862463089
39632941726304356,0.0,0.7,0.3,0.0,0.44064544961534635
39632951855547560,0.01,0.82,0.17,0.0,0.3678974314876692
39632951855547682,0.0,0.58,0.42,0.0,0.49072694751682683
39632986806684666,0.0,0.02,0.98,0.0,0.07072027127091034
39632966917295027,0.0,0.5,0.5,0.0,0.5
39632961888325839,0.0,0.0,0.87,0.13,0.2787190925139945
39632966904713040,0.0,0.47,0.53,0.0,0.4987007942838698
39632956863549036,0.0,0.56,0.44,0.0,0.4947937606110278
39632981828046432,0.0,0.33,0.67,0.0,0.4574631863898637
39632961888325978,0.0,0.38,0.62,0.0,0.47902101111314976
39632951826186837,0.0,0.0,0.97,0.03,0.0971959289157881
39632966917294718,0.0,0.48,0.52,0.0,0.4994227679976009
39632986802490264,0.0,0.1,0.9,0.0,0.2344977967946406
39632981865792070,0.0,0.24,0.76,0.0,0.39752013969226113
39632961888323879,0.0,0.1,0.9,0.0,0.2344977967946406
39632956888712119,0.0,0.95,0.05,0.0,0.14319847855797813
39632966904712291,0.01,0.49,0.5,0.0,0.5353601356354551
39632966904712441,0.0,0.19,0.81,0.0,0.3507357299419487
39632951855547629,0.0,0.96,0.04,0.0,0.12114609454120741
39632976882959486,0.0,0.55,0.45,0.0,0.49638722699390414
39632961917685945,0.0,0.9,0.1,0.0,0.2344977967946406
39632961917685844,0.0,0.87,0.13,0.0,0.2787190925139945
39632951851355974,0.0,0.59,0.41,0.0,0.488250234378912
39632966929878693,0.0,0.91,0.09,0.0,0.21823490853205144
39632946801411945,0.0,1.0,0.0,0.0,-0.0
39632991743379825,0.0,0.38,0.62,0.0,0.47902101111314976
39632941726305063,0.0,0.74,0.26,0.0,0.4133731862463089
39632981828046911,0.0,0.08,0.92,0.0,0.2010895951011364
39632971887546204,0.0,0.8,0.2,0.0,0.36096404744368116
39632971879154261,0.0,0.03,0.97,0.0,0.0971959289157881
39632976899735823,0.0,0.4,0.6,0.0,0.4854752972273343
39632976899736082,0.0,0.82,0.18,0.0,0.34003852286413994
39632976899735859,0.0,0.65,0.35,0.0,0.4670340276877455
39632951842963630,0.0,0.97,0.03,0.0,0.0971959289157881
39632981865792539,0.0,0.43,0.57,0.0,0.4929075185894599
39632976903934055,0.0,0.85,0.15,0.0,0.3049201523582002
39632946772052974,0.0,0.92,0.08,0.0,0.2010895951011364
39632946801413198,0.0,0.89,0.11,0.0,0.249957979082264
39632946801412064,0.07,0.92,0.01,0.0,0.22283217282912027
39632946801411742,0.0,0.86,0.14,0.0,0.292119405821428
39632946801411849,0.0,0.85,0.15,0.0,0.3049201523582002
39632946801411523,0.0,0.68,0.32,0.0,0.45219072886224687
39632946801411357,0.0,0.97,0.03,0.0,0.0971959289157881
39632946797218882,0.0,0.39,0.61,0.0,0.4823997742525436
39632951855546476,0.03,0.97,0.0,0.0,0.0971959289157881
39632951855546706,0.0,0.23,0.77,0.0,0.38900565177326885
39632946797220111,0.0,0.82,0.18,0.0,0.34003852286413994
39632946801410544,0.0,0.85,0.15,0.0,0.3049201523582002
39632971925292246,0.0,0.2,0.8,0.0,0.36096404744368116
39632946797219105,0.0,0.66,0.34,0.0,0.46240935248651505
39632946797219864,0.0,0.94,0.06,0.0,0.16372245957723813
39632946797219337,0.0,0.72,0.28,0.0,0.4277254052800653
39632946797219156,0.0,0.9,0.1,0.0,0.2344977967946406
39632951855547870,0.0,0.92,0.08,0.0,0.2010895951011364
39632946801411041,0.0,1.0,0.0,0.0,-0.0
39632946801411200,0.0,0.99,0.01,0.0,0.04039656794795559
39632951855546956,0.0,0.99,0.01,0.0,0.04039656794795559
39632951855547672,0.01,0.98,0.01,0.0,0.08072027127091033
39632946797219890,0.0,0.72,0.28,0.0,0.4277254052800653
39632971925292189,0.0,0.64,0.36,0.0,0.4713415946277461
39632971925294726,0.0,0.2,0.8,0.0,0.36096404744368116
39632976882960044,0.0,0.84,0.16,0.0,0.3171547773202831
39632976882959716,0.0,0.59,0.41,0.0,0.488250234378912
39632976878768367,0.0,0.93,0.07,0.0,0.18296182545011158
39632971925294887,0.0,0.81,0.19,0.0,0.3507357299419487
39632971900127961,0.0,0.6,0.4,0.0,0.4854752972273343
39632971874962780,0.0,0.61,0.39,0.0,0.4823997742525436
39632976891351208,0.0,0.0,1.0,0.0,-0.0
39632986798297425,0.0,0.08,0.92,0.0,0.2010895951011364
39632996646523704,0.0,0.73,0.27,0.0,0.42073231810408784
39632951851352137,0.0,0.87,0.13,0.0,0.2787190925139945
39632951830381626,0.0,0.6,0.4,0.0,0.4854752972273343
39632991739184396,0.0,0.02,0.98,0.0,0.07072027127091034
39632996654908392,0.0,0.45,0.55,0.0,0.49638722699390414
39632996646521267,0.0,0.2,0.8,0.0,0.36096404744368116
39632966900519432,0.0,0.13,0.87,0.0,0.2787190925139945
39632966929875966,0.01,0.98,0.01,0.0,0.08072027127091033
39632991722406656,0.0,1.0,0.0,0.0,-0.0
39632966929876011,0.0,0.07,0.93,0.0,0.18296182545011158
39632966900519553,0.0,0.1,0.9,0.0,0.2344977967946406
39632966929875749,0.0,0.18,0.82,0.0,0.34003852286413994
39632991730799346,0.0,0.12,0.88,0.0,0.2646804326436822
39632966896324141,0.0,0.61,0.39,0.0,0.4823997742525436
39632951826187265,0.0,0.08,0.9,0.02,0.2705942015390087
39632991705632585,0.0,0.7,0.3,0.0,0.44064544961534635
39632971879155901,0.0,0.48,0.52,0.0,0.4994227679976009
39632991705633229,0.06,0.94,0.0,0.0,0.16372245957723813
39632986781518902,0.0,0.35,0.65,0.0,0.4670340276877455
39632996629746178,0.0,0.86,0.14,0.0,0.292119405821428
39632991730799622,0.0,0.0,0.96,0.04,0.12114609454120741
39632991730799298,0.0,0.03,0.95,0.02,0.1674722434193448
39632961884128397,0.0,0.57,0.43,0.0,0.4929075185894599
39632991722409540,0.0,0.55,0.45,0.0,0.49638722699390414
39632991739183185,0.0,0.0,0.99,0.01,0.04039656794795559
39632986794102173,0.0,0.15,0.85,0.0,0.3049201523582002
39632986794102193,0.0,0.83,0.17,0.0,0.32885238937210975
39632956863547744,0.0,0.27,0.73,0.0,0.42073231810408784
39632991726603549,0.0,0.03,0.97,0.0,0.0971959289157881
39632986794102552,0.0,0.88,0.12,0.0,0.2646804326436822
39632976878764981,0.0,0.23,0.77,0.0,0.38900565177326885
39632961909297530,0.0,0.47,0.53,0.0,0.4987007942838698
39632966917297293,0.0,0.93,0.07,0.0,0.18296182545011158
39632986794099992,0.0,1.0,0.0,0.0,-0.0
39632956880324286,0.0,0.11,0.89,0.0,0.249957979082264
39632966921486509,0.0,0.69,0.31,0.0,0.4465867291889284
39632986781516101,0.0,0.14,0.86,0.0,0.292119405821428
39632961884131645,0.0,0.55,0.45,0.0,0.49638722699390414
39632991705633028,0.0,0.15,0.85,0.0,0.3049201523582002
39632981832240509,0.0,0.12,0.88,0.0,0.2646804326436822
39632951851354061,0.0,0.93,0.07,0.0,0.18296182545011158
39632991705633077,0.0,0.28,0.72,0.0,0.4277254052800653
39632951851354224,0.0,0.98,0.02,0.0,0.07072027127091034
39632946784637118,0.0,0.04,0.96,0.0,0.12114609454120741
39632991722406528,0.01,0.94,0.05,0.0,0.1832231322266888
39632961900907571,0.0,0.16,0.84,0.0,0.3171547773202831
39632981828047194,0.0,0.87,0.13,0.0,0.2787190925139945
39632981832238757,0.0,0.99,0.01,0.0,0.04039656794795559
39632966892128777,0.0,0.87,0.13,0.0,0.2787190925139945
39632981836435418,0.0,0.01,0.98,0.01,0.08072027127091033
39632996638131109,0.03,0.96,0.01,0.0,0.13737165703039006
39632981832238585,0.0,1.0,0.0,0.0,-0.0
39632981840626708,0.0,0.4,0.6,0.0,0.4854752972273343
39632956880324498,0.0,0.02,0.95,0.03,0.1674722434193448
39632961884131356,0.0,0.12,0.88,0.0,0.2646804326436822
39632991726602070,0.0,0.04,0.96,0.0,0.12114609454120741
39632981832238608,0.0,0.8,0.2,0.0,0.36096404744368116
39632951838771640,0.0,0.86,0.14,0.0,0.292119405821428
39632981840626271,0.0,0.82,0.18,0.0,0.34003852286413994
39632996646522205,0.0,0.43,0.57,0.0,0.4929075185894599
39632951838771531,0.0,0.49,0.51,0.0,0.49985572087640495
39632956880323935,0.0,0.8,0.2,0.0,0.36096404744368116
39632981840626179,0.0,0.05,0.95,0.0,0.14319847855797813
39632981840626156,0.0,0.23,0.77,0.0,0.38900565177326885
39632981840626164,0.0,0.02,0.97,0.01,0.11097036642660543
39632981840626683,0.0,0.25,0.75,0.0,0.4056390622295664
39632956880325877,0.0,0.61,0.39,0.0,0.4823997742525436
39632991718212877,0.01,0.99,0.0,0.0,0.04039656794795559
39632961879933750,0.0,0.93,0.07,0.0,0.18296182545011158
39632986794099956,0.0,0.55,0.45,0.0,0.49638722699390414
39632986785710456,0.0,0.43,0.57,0.0,0.4929075185894599
39632986785710475,0.0,0.85,0.15,0.0,0.3049201523582002
39632961879933703,0.0,0.18,0.82,0.0,0.34003852286413994
39632961879933518,0.0,0.46,0.54,0.0,0.49768921941011285
39632986768936662,0.0,0.36,0.64,0.0,0.4713415946277461
39632971908518691,0.0,0.67,0.33,0.0,0.4574631863898637
39632961875739555,0.0,0.12,0.88,0.0,0.2646804326436822
39632986768936535,0.0,0.1,0.9,0.0,0.2344977967946406
39632951826187315,0.0,0.59,0.41,0.0,0.488250234378912
39632946797219178,0.0,0.96,0.04,0.0,0.12114609454120741
39632986768936093,0.0,0.2,0.8,0.0,0.36096404744368116
39632971908518683,0.01,0.95,0.04,0.0,0.16124668093016215
39632956880325792,0.0,0.04,0.96,0.0,0.12114609454120741
39632956880325766,0.0,0.73,0.27,0.0,0.42073231810408784
39632961913492023,0.0,0.97,0.03,0.0,0.0971959289157881
39632976895545352,0.0,0.65,0.35,0.0,0.4670340276877455
39632971883352652,0.0,0.45,0.55,0.0,0.49638722699390414
39632971883352562,0.0,0.98,0.02,0.0,0.07072027127091034
39632971883352706,0.0,0.89,0.11,0.0,0.249957979082264
39632996650713668,0.0,0.44,0.56,0.0,0.4947937606110278
39632966879547911,0.0,0.0,1.0,0.0,-0.0
39632991722409471,0.0,0.24,0.76,0.0,0.39752013969226113
39632991739183175,0.0,0.4,0.6,0.0,0.4854752972273343
39632971879155884,0.0,0.98,0.02,0.0,0.07072027127091034
39632956888714075,0.0,0.0,0.77,0.23,0.38900565177326885
39632956888714159,0.0,0.22,0.78,0.0,0.38008375148098283
39632956888714066,0.0,0.0,1.0,0.0,-0.0
39632981840625982,0.0,0.09,0.91,0.0,0.21823490853205144
39632961913492055,0.0,0.23,0.77,0.0,0.38900565177326885
39632976895545324,0.0,0.82,0.18,0.0,0.34003852286413994
39632991726604520,0.0,0.01,0.98,0.01,0.08072027127091033
39632971887545657,0.0,0.07,0.93,0.0,0.18296182545011158
39632986798297095,0.0,0.05,0.95,0.0,0.14319847855797813
39632976861987771,0.0,0.04,0.96,0.0,0.12114609454120741
39632961900906795,0.0,0.2,0.8,0.0,0.36096404744368116
39632991726602096,0.0,0.0,0.98,0.02,0.07072027127091034
39632961900906279,0.0,0.04,0.96,0.0,0.12114609454120741
39632971904323045,0.0,0.56,0.44,0.0,0.4947937606110278
39632976899739957,0.0,0.94,0.06,0.0,0.16372245957723813
39632991726603284,0.0,0.25,0.75,0.0,0.4056390622295664
39632966900517807,0.0,0.18,0.82,0.0,0.34003852286413994
39632986789908211,0.0,0.15,0.85,0.0,0.3049201523582002
39632991726603311,0.0,0.0,0.99,0.01,0.04039656794795559
39632991726603334,0.0,0.82,0.18,0.0,0.34003852286413994
39632976861987139,0.0,0.72,0.28,0.0,0.4277254052800653
39632966896323835,0.0,0.96,0.04,0.0,0.12114609454120741
39632966900518465,0.0,0.56,0.44,0.0,0.4947937606110278
39632981836434303,0.0,0.29,0.71,0.0,0.43436062316970225
39632961888325820,0.0,0.75,0.25,0.0,0.4056390622295664
39632986789908236,0.0,0.94,0.06,0.0,0.16372245957723813
39632956880323412,0.0,0.07,0.93,0.0,0.18296182545011158
39632966900518036,0.0,0.06,0.94,0.0,0.16372245957723813
39632981836434492,0.0,0.31,0.69,0.0,0.4465867291889284
39632966900515979,0.0,0.43,0.57,0.0,0.4929075185894599
39632986789908494,0.0,0.08,0.92,0.0,0.2010895951011364
39632971908515921,0.0,1.0,0.0,0.0,-0.0
39632971895935252,0.0,0.56,0.44,0.0,0.4947937606110278
39632966900518061,0.0,0.64,0.36,0.0,0.4713415946277461
39632956880323681,0.0,0.06,0.94,0.0,0.16372245957723813
39632956880323710,0.0,0.13,0.87,0.0,0.2787190925139945
39632966900515781,0.0,0.39,0.61,0.0,0.4823997742525436
39632956867741156,0.0,0.9,0.1,0.0,0.2344977967946406
39632996646522696,0.0,0.12,0.88,0.0,0.2646804326436822
39632971904323181,0.0,0.14,0.83,0.03,0.385997448823539
39632956850967062,0.0,0.66,0.34,0.0,0.46240935248651505
39632981844821462,0.0,0.86,0.14,0.0,0.292119405821428
39632951847157996,0.0,0.0,0.78,0.22,0.38008375148098283
39632951847158015,0.0,0.7,0.3,0.0,0.44064544961534635
39632946788829911,0.0,0.15,0.85,0.0,0.3049201523582002
39632946788829978,0.0,0.0,0.93,0.07,0.18296182545011158
39632966929877465,0.0,0.77,0.23,0.0,0.38900565177326885
39632976903931800,0.0,0.23,0.77,0.0,0.38900565177326885
39632966929876971,0.0,0.99,0.01,0.0,0.04039656794795559
39632971912708776,0.0,0.22,0.78,0.0,0.38008375148098283
39632976895544704,0.0,0.21,0.79,0.0,0.37074136996563684
39632991726602010,0.0,0.05,0.95,0.0,0.14319847855797813
39632976899739854,0.0,0.24,0.76,0.0,0.39752013969226113
39632966900518215,0.0,0.03,0.97,0.0,0.0971959289157881
39632976874573616,0.0,0.63,0.37,0.0,0.47533604634353294
39632986777324238,0.0,0.0,0.99,0.01,0.04039656794795559
39632991739183697,0.0,0.27,0.73,0.0,0.42073231810408784
39632956850966635,0.0,0.01,0.98,0.01,0.08072027127091033
39632971912711338,0.0,0.09,0.91,0.0,0.21823490853205144
39632976866185465,0.0,0.01,0.99,0.0,0.04039656794795559
39632996650713545,0.0,0.02,0.97,0.01,0.11097036642660543
39632986798297511,0.0,0.3,0.7,0.0,0.44064544961534635
39632986798297462,0.0,0.46,0.54,0.0,0.49768921941011285
39632961913490042,0.0,0.09,0.9,0.01,0.2579475764741046
39632986789908074,0.0,0.95,0.05,0.0,0.14319847855797813
39632946776247582,0.0,0.82,0.18,0.0,0.34003852286413994
39632946776247496,0.0,0.9,0.1,0.0,0.2344977967946406
39632951817801419,0.0,0.03,0.97,0.0,0.0971959289157881
39632991714021384,0.0,0.03,0.97,0.0,0.0971959289157881
39632986785710886,0.0,0.01,0.99,0.0,0.04039656794795559
39632991709825725,0.0,0.61,0.39,0.0,0.4823997742525436
39632991718212503,0.0,0.02,0.98,0.0,0.07072027127091034
39632991718212834,0.0,0.32,0.68,0.0,0.45219072886224687
39632991718212211,0.0,0.14,0.86,0.0,0.292119405821428
39632991718212395,0.0,0.43,0.57,0.0,0.4929075185894599
39632971908516505,0.0,0.95,0.05,0.0,0.14319847855797813
39632991718212391,0.0,1.0,0.0,0.0,-0.0
39632971912711125,0.0,0.63,0.37,0.0,0.47533604634353294
39632961888326533,0.0,0.0,1.0,0.0,-0.0
39632991718212125,0.01,0.92,0.07,0.0,0.22283217282912027
39632976857794013,0.0,0.89,0.11,0.0,0.249957979082264
39632996650713458,0.0,0.31,0.69,0.0,0.4465867291889284
39632981849017273,0.01,0.96,0.03,0.0,0.13737165703039006
39632981836434447,0.0,0.0,1.0,0.0,-0.0
39632966929876361,0.0,0.48,0.52,0.0,0.4994227679976009
39632981853210135,0.0,0.48,0.52,0.0,0.4994227679976009
39632981853210275,0.0,0.28,0.72,0.0,0.4277254052800653
39633001541271976,0.0,0.52,0.48,0.0,0.4994227679976009
39632956859354601,0.0,0.05,0.95,0.0,0.14319847855797813
39632976903931949,0.0,0.97,0.03,0.0,0.0971959289157881
39632951851352196,0.0,0.76,0.24,0.0,0.39752013969226113
39632971916904297,0.0,0.47,0.53,0.0,0.4987007942838698
39632981861598112,0.0,0.07,0.93,0.0,0.18296182545011158
39632986781518724,0.0,0.64,0.36,0.0,0.4713415946277461
39632991734990686,0.0,0.07,0.93,0.0,0.18296182545011158
39632951847162325,0.0,0.49,0.51,0.0,0.49985572087640495
39632951838773494,0.0,0.53,0.47,0.0,0.4987007942838698
39632961884131653,0.0,0.94,0.06,0.0,0.16372245957723813
39632986781518949,0.0,0.87,0.13,0.0,0.2787190925139945
39632991734990972,0.01,0.99,0.0,0.0,0.04039656794795559
39632961871547041,0.0,0.28,0.72,0.0,0.4277254052800653
39632991714018642,0.0,0.69,0.31,0.0,0.4465867291889284
39632971908517292,0.0,0.63,0.37,0.0,0.47533604634353294
39632951830382565,0.0,0.0,0.88,0.12,0.2646804326436822
39632996646520425,0.0,0.99,0.01,0.0,0.04039656794795559
39632961884128472,0.0,0.39,0.61,0.0,0.4823997742525436
39632986768935716,0.0,0.0,0.91,0.09,0.21823490853205144
39632991734991040,0.0,0.11,0.89,0.0,0.249957979082264
39632991739184526,0.0,0.37,0.63,0.0,0.47533604634353294
39632961884131392,0.0,0.94,0.06,0.0,0.16372245957723813
39632961884131413,0.0,0.86,0.14,0.0,0.292119405821428
39632961884131387,0.0,0.55,0.45,0.0,0.49638722699390414
39632981832238711,0.0,0.8,0.2,0.0,0.36096404744368116
39632976903932014,0.0,0.65,0.35,0.0,0.4670340276877455
39632976903931792,0.0,0.59,0.41,0.0,0.488250234378912
39632976903931689,0.0,0.0,0.98,0.02,0.07072027127091034
39632976903931894,0.0,0.55,0.45,0.0,0.49638722699390414
39632986781518513,0.0,0.13,0.87,0.0,0.2787190925139945
39632986781516004,0.0,0.85,0.15,0.0,0.3049201523582002
39632986764743116,0.0,0.11,0.89,0.0,0.249957979082264
39632986764743081,0.0,0.09,0.91,0.0,0.21823490853205144
39633001549662360,0.0,0.49,0.51,0.0,0.49985572087640495
39632951851352317,0.0,0.78,0.22,0.0,0.38008375148098283
39632971900129544,0.0,0.58,0.42,0.0,0.49072694751682683
39633001549662232,0.0,0.26,0.74,0.0,0.4133731862463089
39632971900129367,0.0,0.18,0.81,0.01,0.37899559358928114
39632971904323044,0.0,0.19,0.81,0.0,0.3507357299419487
39632996638130893,0.0,0.21,0.79,0.0,0.37074136996563684
39632996638131096,0.0,0.14,0.86,0.0,0.292119405821428
39632971900129559,0.0,0.01,0.99,0.0,0.04039656794795559
39632971900129573,0.0,0.53,0.47,0.0,0.4987007942838698
39632956888715400,0.0,0.51,0.49,0.0,0.49985572087640495
39632996638131017,0.0,0.18,0.82,0.0,0.34003852286413994
39632956888715640,0.0,0.0,0.98,0.02,0.07072027127091034
39632996638131098,0.0,0.99,0.01,0.0,0.04039656794795559
39632996629743588,0.0,0.03,0.95,0.02,0.1674722434193448
39632971908516885,0.0,0.86,0.14,0.0,0.292119405821428
39632986777324022,0.0,0.0,0.98,0.02,0.07072027127091034
39632991726601940,0.0,0.42,0.58,0.0,0.49072694751682683
39633001549662784,0.0,0.28,0.72,0.0,0.4277254052800653
39632956859352436,0.0,0.0,0.97,0.03,0.0971959289157881
39632961884131460,0.0,0.0,0.91,0.09,0.21823490853205144
39632991739183825,0.0,0.25,0.75,0.0,0.4056390622295664
39632986777323949,0.0,0.01,0.99,0.0,0.04039656794795559
39632951855546527,0.0,0.89,0.11,0.0,0.249957979082264
39632971900126492,0.0,0.22,0.78,0.0,0.38008375148098283
39632961909294323,0.0,0.43,0.57,0.0,0.4929075185894599
39632961909293587,0.0,0.88,0.12,0.0,0.2646804326436822
39632986810876277,0.0,0.57,0.43,0.0,0.4929075185894599
39632966900517827,0.0,0.55,0.45,0.0,0.49638722699390414
39632956859354562,0.0,0.0,0.96,0.04,0.12114609454120741
39632971900129240,0.0,0.67,0.33,0.0,0.4574631863898637
39632996646520700,0.0,0.45,0.55,0.0,0.49638722699390414
39632956888714827,0.0,0.96,0.04,0.0,0.12114609454120741
39632986768937154,0.0,0.2,0.8,0.0,0.36096404744368116
39633001549661039,0.0,0.81,0.19,0.0,0.3507357299419487
39632981853213224,0.0,0.0,0.97,0.03,0.0971959289157881
39632981857407771,0.0,0.83,0.17,0.0,0.32885238937210975
39632986785710754,0.0,0.76,0.24,0.0,0.39752013969226113
39632951830382477,0.0,0.95,0.05,0.0,0.14319847855797813
39632991714020510,0.0,0.09,0.91,0.0,0.21823490853205144
39632991734990971,0.0,0.32,0.68,0.0,0.45219072886224687
39632981844820048,0.0,0.86,0.14,0.0,0.292119405821428
39632966887932414,0.0,0.84,0.16,0.0,0.3171547773202831
39632991734993540,0.0,0.41,0.59,0.0,0.488250234378912
39632991714020699,0.0,0.59,0.41,0.0,0.488250234378912
39633001549661160,0.0,0.63,0.37,0.0,0.47533604634353294
39632991718212510,0.0,0.49,0.51,0.0,0.49985572087640495
39632991714020412,0.0,0.05,0.95,0.0,0.14319847855797813
39632991714020273,0.01,0.99,0.0,0.0,0.04039656794795559
39632991714020377,0.0,0.97,0.03,0.0,0.0971959289157881
39632991718212688,0.0,0.07,0.93,0.0,0.18296182545011158
39632971908516449,0.0,0.52,0.48,0.0,0.4994227679976009
39632951817800140,0.01,0.97,0.02,0.0,0.11097036642660543
39632986768934693,0.0,0.03,0.97,0.0,0.0971959289157881
39632951817800327,0.0,0.04,0.96,0.0,0.12114609454120741
39633001541271736,0.0,0.56,0.44,0.0,0.4947937606110278
39632956859354564,0.01,0.96,0.03,0.0,0.13737165703039006
39632981857403831,0.0,0.0,1.0,0.0,-0.0
39632966900516857,0.04,0.96,0.0,0.0,0.12114609454120741
39632951830382620,0.0,0.3,0.7,0.0,0.44064544961534635
39632966929877613,0.0,0.71,0.29,0.0,0.43436062316970225
39632966929877616,0.0,0.69,0.31,0.0,0.4465867291889284
39633001553858693,0.0,0.75,0.25,0.0,0.4056390622295664
39632966929877708,0.0,0.97,0.03,0.0,0.0971959289157881
39632996663299345,0.0,0.39,0.61,0.0,0.4823997742525436
39632996663299132,0.0,0.92,0.08,0.0,0.2010895951011364
39632996663299191,0.0,0.98,0.02,0.0,0.07072027127091034
39632986806686481,0.0,0.97,0.03,0.0,0.0971959289157881
39632986781516750,0.0,0.26,0.74,0.0,0.4133731862463089
39632986773128709,0.0,0.55,0.45,0.0,0.49638722699390414
39632956867740932,0.0,0.91,0.09,0.0,0.21823490853205144
39632976891348654,0.0,0.75,0.25,0.0,0.4056390622295664
39632976861987911,0.0,0.04,0.96,0.0,0.12114609454120741
39632951830383000,0.0,0.99,0.01,0.0,0.04039656794795559
39632971912708980,0.0,0.98,0.02,0.0,0.07072027127091034
39632981840626232,0.0,0.77,0.23,0.0,0.38900565177326885
39632996629746198,0.0,0.75,0.25,0.0,0.4056390622295664
39632956859352468,0.0,1.0,0.0,0.0,-0.0
39632976895544489,0.0,0.18,0.82,0.0,0.34003852286413994
39632961909297472,0.0,0.92,0.08,0.0,0.2010895951011364
39632981857404477,0.0,0.31,0.69,0.0,0.4465867291889284
39632956871934618,0.0,0.05,0.95,0.0,0.14319847855797813
39632971883350262,0.0,0.21,0.79,0.0,0.37074136996563684
39632986785710697,0.0,0.27,0.73,0.0,0.42073231810408784
39632996633935985,0.0,0.03,0.96,0.01,0.13737165703039006
39632956867740979,0.0,0.6,0.4,0.0,0.4854752972273343
39632996654908006,0.0,0.05,0.94,0.01,0.1832231322266888
39632976899740040,0.0,0.65,0.35,0.0,0.4670340276877455
39632961900907751,0.0,0.06,0.94,0.0,0.16372245957723813
39632961900907759,0.0,0.16,0.84,0.0,0.3171547773202831
39632956880324804,0.0,0.03,0.95,0.02,0.1674722434193448
39632956850964419,0.0,0.91,0.09,0.0,0.21823490853205144
39632981857404004,0.0,0.07,0.93,0.0,0.18296182545011158
39632976857793922,0.0,0.39,0.61,0.0,0.4823997742525436
39632981857403875,0.0,0.99,0.01,0.0,0.04039656794795559
39632951821994781,0.0,0.07,0.92,0.01,0.22283217282912027
39632981857404320,0.06,0.93,0.01,0.0,0.20367037270049304
39632981857404164,0.0,0.46,0.54,0.0,0.49768921941011285
39632981861601417,0.0,0.09,0.91,0.0,0.21823490853205144
39632946788829577,0.0,0.04,0.96,0.0,0.12114609454120741
39632966904712763,0.0,0.09,0.91,0.0,0.21823490853205144
39632981844820468,0.0,0.0,0.71,0.29,0.43436062316970225
39632971891737580,0.0,0.68,0.32,0.0,0.45219072886224687
39632981857404234,0.0,0.82,0.18,0.0,0.34003852286413994
39632986768936197,0.0,0.12,0.88,0.0,0.2646804326436822
39632986806686577,0.0,0.3,0.7,0.0,0.44064544961534635
39632961900908017,0.0,0.01,0.99,0.0,0.04039656794795559
39632986810876307,0.0,0.17,0.82,0.01,0.3678974314876692
39632971883352656,0.0,0.26,0.74,0.0,0.4133731862463089
39632986777324344,0.0,0.23,0.77,0.0,0.38900565177326885
39632996654911455,0.0,0.13,0.87,0.0,0.2787190925139945
39632996654911560,0.0,0.12,0.88,0.0,0.2646804326436822
39633001549660803,0.0,0.29,0.71,0.0,0.43436062316970225
39632996654911769,0.0,0.23,0.77,0.0,0.38900565177326885
39633001549660663,0.12,0.88,0.0,0.0,0.2646804326436822
39633001545470187,0.0,0.67,0.33,0.0,0.4574631863898637
39633001545470093,0.0,0.9,0.1,0.0,0.2344977967946406
39632996659106109,0.0,0.67,0.33,0.0,0.4574631863898637
39632986810879004,0.0,0.53,0.47,0.0,0.4987007942838698
39632971904324280,0.0,0.26,0.74,0.0,0.4133731862463089
39632971904324133,0.0,0.94,0.06,0.0,0.16372245957723813
39632971925295887,0.0,0.04,0.96,0.0,0.12114609454120741
39632986806686853,0.0,0.73,0.27,0.0,0.42073231810408784
39632966929878242,0.0,0.72,0.28,0.0,0.4277254052800653
39632991743378377,0.0,0.58,0.42,0.0,0.49072694751682683
39632971925293900,0.0,0.27,0.73,0.0,0.42073231810408784
39632971925294193,0.0,0.36,0.64,0.0,0.4713415946277461
39632971925293466,0.0,0.89,0.11,0.0,0.249957979082264
39632996659106471,0.0,0.41,0.59,0.0,0.488250234378912
39632956892907969,0.01,0.99,0.0,0.0,0.04039656794795559
39632976899740132,0.0,0.15,0.85,0.0,0.3049201523582002
39632971900125769,0.0,0.49,0.51,0.0,0.49985572087640495
39632981844820803,0.0,0.26,0.74,0.0,0.4133731862463089
39632951855547680,0.0,0.84,0.16,0.0,0.3171547773202831
39632986789907969,0.0,0.0,1.0,0.0,-0.0
39632981865796141,0.0,0.59,0.41,0.0,0.488250234378912
39633001553856157,0.01,0.8,0.19,0.0,0.3896037431552768
39632996663298104,0.0,0.91,0.09,0.0,0.21823490853205144
39632991718211724,0.0,0.98,0.02,0.0,0.07072027127091034
39632961917685713,0.0,0.5,0.5,0.0,0.5
39632981857404150,0.0,0.04,0.96,0.0,0.12114609454120741
39632986802489341,0.0,0.2,0.8,0.0,0.36096404744368116
39632951817801514,0.0,0.0,1.0,0.0,-0.0
39632946788829897,0.0,0.94,0.06,0.0,0.16372245957723813
39632946788829926,0.0,0.03,0.97,0.0,0.0971959289157881
39632971912709088,0.0,0.58,0.42,0.0,0.49072694751682683
39632996663298016,0.0,0.16,0.84,0.0,0.3171547773202831
39632946788830093,0.0,0.6,0.4,0.0,0.4854752972273343
39632971925294963,0.02,0.85,0.13,0.0,0.3474083653496681
39632996659106251,0.0,0.87,0.13,0.0,0.2787190925139945
39632971900126471,0.0,0.84,0.16,0.0,0.3171547773202831
39632986806686752,0.0,0.99,0.01,0.0,0.04039656794795559
39632996659106552,0.0,0.98,0.02,0.0,0.07072027127091034
39632996659106521,0.0,0.96,0.04,0.0,0.12114609454120741
39632996659106348,0.0,0.89,0.11,0.0,0.249957979082264
39632996659106327,0.0,0.96,0.04,0.0,0.12114609454120741
39632996659106584,0.0,0.27,0.73,0.0,0.42073231810408784
39633001553857370,0.0,0.74,0.26,0.0,0.4133731862463089
39632996650717628,0.0,0.67,0.33,0.0,0.4574631863898637
39632971925294464,0.0,0.91,0.09,0.0,0.21823490853205144
39632971925294764,0.0,0.35,0.65,0.0,0.4670340276877455
39632971925295118,0.0,0.6,0.4,0.0,0.4854752972273343
39632971925295236,0.0,0.68,0.32,0.0,0.45219072886224687
39632971925295461,0.0,0.68,0.32,0.0,0.45219072886224687
39633001553855372,0.0,0.59,0.41,0.0,0.488250234378912
39632971925295649,0.0,1.0,0.0,0.0,-0.0
39632996659106700,0.0,0.72,0.28,0.0,0.4277254052800653
39632996650716490,0.0,0.7,0.3,0.0,0.44064544961534635
39633001553858602,0.0,0.99,0.01,0.0,0.04039656794795559
39633001553858461,0.0,0.77,0.23,0.0,0.38900565177326885
39633001553857560,0.0,0.59,0.41,0.0,0.488250234378912
39632971925295700,0.0,0.52,0.48,0.0,0.4994227679976009
39632996663296108,0.0,0.93,0.07,0.0,0.18296182545011158
39632996659106055,0.0,0.52,0.48,0.0,0.4994227679976009
39632996663296255,0.0,0.94,0.06,0.0,0.16372245957723813
39632996663298702,0.0,0.46,0.54,0.0,0.49768921941011285
39632986810877519,0.0,1.0,0.0,0.0,-0.0
39632986810877521,0.0,1.0,0.0,0.0,-0.0
39632996663296927,0.0,0.53,0.47,0.0,0.4987007942838698
39632966929878592,0.0,0.65,0.35,0.0,0.4670340276877455
39632986810877538,0.0,0.39,0.61,0.0,0.4823997742525436
39633001553857360,0.0,0.82,0.18,0.0,0.34003852286413994
39632971904324109,0.0,0.61,0.39,0.0,0.4823997742525436
39632996663297975,0.0,0.92,0.08,0.0,0.2010895951011364
39632996663297090,0.0,0.92,0.08,0.0,0.2010895951011364
39633001553856873,0.0,0.44,0.56,0.0,0.4947937606110278
39632996650717513,0.0,0.95,0.05,0.0,0.14319847855797813
39633001553858390,0.0,0.42,0.58,0.0,0.49072694751682683
39632966929877284,0.0,0.91,0.09,0.0,0.21823490853205144
39632991743379795,0.0,0.81,0.19,0.0,0.3507357299419487
39632991743381215,0.0,0.71,0.29,0.0,0.43436062316970225
39632971904324248,0.0,0.44,0.56,0.0,0.4947937606110278
39632976895544571,0.0,1.0,0.0,0.0,-0.0
39632986789908037,0.0,0.62,0.38,0.0,0.47902101111314976
39632976891348725,0.0,0.62,0.38,0.0,0.47902101111314976
39632981853213254,0.0,0.27,0.73,0.0,0.42073231810408784
39632981857404392,0.0,0.06,0.94,0.0,0.16372245957723813
39632971912711274,0.0,0.48,0.52,0.0,0.4994227679976009
39632981857404054,0.0,0.01,0.99,0.0,0.04039656794795559
39632971908516713,0.0,0.44,0.56,0.0,0.4947937606110278
39632976891348557,0.0,0.41,0.59,0.0,0.488250234378912
39632991743379294,0.0,0.5,0.5,0.0,0.5
39632991743378671,0.0,0.84,0.16,0.0,0.3171547773202831
39632991743379315,0.01,0.99,0.0,0.0,0.04039656794795559
39632976857793734,0.0,0.22,0.78,0.0,0.38008375148098283
39632976899740343,0.0,0.04,0.96,0.0,0.12114609454120741
39632961917684911,0.18,0.82,0.0,0.0,0.34003852286413994
39632981865795724,0.0,0.24,0.76,0.0,0.39752013969226113
39632956888711604,0.0,0.33,0.67,0.0,0.4574631863898637
39632981865795745,0.0,0.48,0.52,0.0,0.4994227679976009
39632986810879090,0.0,0.93,0.07,0.0,0.18296182545011158
39632996638130566,0.0,0.0,0.99,0.01,0.04039656794795559
39632996633938326,0.0,0.01,0.99,0.0,0.04039656794795559
39632996633938395,0.0,0.34,0.66,0.0,0.46240935248651505
39632971900126818,0.0,0.49,0.51,0.0,0.49985572087640495
39632971904323947,0.0,0.48,0.52,0.0,0.4994227679976009
39632951855548552,0.0,0.91,0.09,0.0,0.21823490853205144
39632951855548232,0.0,0.87,0.13,0.0,0.2787190925139945
39632971929486309,0.01,0.99,0.0,0.0,0.04039656794795559
39632996663298723,0.0,0.79,0.21,0.0,0.37074136996563684
39632996663300329,0.0,0.81,0.19,0.0,0.3507357299419487
39632996663299580,0.0,0.99,0.01,0.0,0.04039656794795559
39632951847158513,0.0,0.53,0.47,0.0,0.4987007942838698
39632971912710935,0.0,0.38,0.62,0.0,0.47902101111314976
39632966904712595,0.0,0.27,0.73,0.0,0.42073231810408784
39632976899738824,0.0,0.29,0.71,0.0,0.43436062316970225
39632971908514141,0.0,0.1,0.9,0.0,0.2344977967946406
39632981857405399,0.0,0.21,0.79,0.0,0.37074136996563684
39632961913491520,0.0,0.39,0.61,0.0,0.4823997742525436
39632996654907925,0.0,0.89,0.11,0.0,0.249957979082264
39632986764742935,0.0,0.75,0.25,0.0,0.4056390622295664
39633001545466202,0.0,0.69,0.31,0.0,0.4465867291889284
39633001549660534,0.0,0.0,1.0,0.0,-0.0
39633001541276106,0.0,0.73,0.27,0.0,0.42073231810408784
39632986768934400,0.0,0.81,0.19,0.0,0.3507357299419487
39632971900129213,0.0,0.31,0.69,0.0,0.4465867291889284
39632951855547399,0.2,0.8,0.0,0.0,0.36096404744368116
39632951855547724,0.0,0.94,0.06,0.0,0.16372245957723813
39632951855547192,0.0,0.64,0.36,0.0,0.4713415946277461
39632986806686070,0.0,0.01,0.99,0.0,0.04039656794795559
39632981828047136,0.0,0.87,0.13,0.0,0.2787190925139945
39632996646520706,0.0,0.47,0.53,0.0,0.4987007942838698
39632981836435307,0.0,0.39,0.61,0.0,0.4823997742525436
39632956892909947,0.0,1.0,0.0,0.0,-0.0
39632966929878881,0.04,0.95,0.01,0.0,0.16124668093016215
39632971925295640,0.02,0.97,0.01,0.0,0.11097036642660543
39632951855547601,0.0,0.7,0.3,0.0,0.44064544961534635
39633001545469305,0.0,0.68,0.32,0.0,0.45219072886224687
39633001545469028,0.0,0.67,0.33,0.0,0.4574631863898637
39633001545469151,0.0,0.08,0.92,0.0,0.2010895951011364
39632996650717319,0.0,0.75,0.25,0.0,0.4056390622295664
39632996654908489,0.0,0.93,0.07,0.0,0.18296182545011158
39632996650716744,0.0,0.33,0.67,0.0,0.4574631863898637
39632996650716912,0.0,0.21,0.79,0.0,0.37074136996563684
39632996654908693,0.0,0.61,0.39,0.0,0.4823997742525436
39633001553857265,0.0,0.94,0.06,0.0,0.16372245957723813
39632976887153347,0.0,0.55,0.45,0.0,0.49638722699390414
39632986810877400,0.0,0.77,0.23,0.0,0.38900565177326885
39632971900129184,0.0,0.48,0.52,0.0,0.4994227679976009
39632996663296715,0.0,0.83,0.17,0.0,0.32885238937210975
39632996663296298,0.0,0.68,0.32,0.0,0.45219072886224687
39632996663296576,0.0,0.93,0.07,0.0,0.18296182545011158
39632996633936492,0.0,0.78,0.22,0.0,0.38008375148098283
39632996654907709,0.0,0.16,0.84,0.0,0.3171547773202831
39633006436028377,0.01,0.99,0.0,0.0,0.04039656794795559
39633001553857940,0.0,0.98,0.02,0.0,0.07072027127091034
39632996663297490,0.0,0.7,0.3,0.0,0.44064544961534635
39633001537079804,0.0,0.87,0.13,0.0,0.2787190925139945
39633001537079762,0.0,0.93,0.07,0.0,0.18296182545011158
39632981857403059,0.0,0.89,0.11,0.0,0.249957979082264
39632991714020564,0.0,0.61,0.39,0.0,0.4823997742525436
39632976899738411,0.0,0.76,0.24,0.0,0.39752013969226113
39632991714020406,0.0,0.0,0.99,0.01,0.04039656794795559
39632946788829387,0.0,0.59,0.41,0.0,0.488250234378912
39632976891348626,0.0,0.01,0.99,0.0,0.04039656794795559
39632971895934145,0.0,0.36,0.64,0.0,0.4713415946277461
39632971925294969,0.0,1.0,0.0,0.0,-0.0
39632976903933538,0.0,0.96,0.04,0.0,0.12114609454120741
39632976899740281,0.0,0.87,0.13,0.0,0.2787190925139945
39632971900125790,0.0,0.66,0.34,0.0,0.46240935248651505
39632961913491530,0.0,0.4,0.6,0.0,0.4854752972273343
39632971925294496,0.0,0.92,0.08,0.0,0.2010895951011364
39632976895544565,0.0,0.87,0.13,0.0,0.2787190925139945
39633006436026362,0.0,0.21,0.79,0.0,0.37074136996563684
39632971925294592,0.0,0.14,0.84,0.02,0.3606399327762508
39633001537079418,0.03,0.88,0.09,0.0,0.3133571201112301
39632986768933545,0.0,0.97,0.03,0.0,0.0971959289157881
39633001537079431,0.0,1.0,0.0,0.0,-0.0
39632971900129035,0.0,0.56,0.44,0.0,0.4947937606110278
39632971904323550,0.0,0.7,0.3,0.0,0.44064544961534635
39633006436028712,0.01,0.85,0.14,0.0,0.33142210248480686
39632971925295845,0.06,0.94,0.0,0.0,0.16372245957723813
39632991747572647,0.0,0.61,0.39,0.0,0.4823997742525436
39633001549660520,0.0,0.27,0.73,0.0,0.42073231810408784
39632986785712211,0.0,0.14,0.86,0.0,0.292119405821428
39633001549660510,0.0,0.95,0.05,0.0,0.14319847855797813
39632966892128209,0.0,0.53,0.47,0.0,0.4987007942838698
39632966900515618,0.0,0.19,0.81,0.0,0.3507357299419487
39632951821994923,0.0,0.59,0.41,0.0,0.488250234378912
39632951821995054,0.0,0.6,0.4,0.0,0.4854752972273343
39632951821994991,0.0,0.0,0.96,0.04,0.12114609454120741
39632981828046866,0.0,0.21,0.79,0.0,0.37074136996563684
39632961909297323,0.0,0.68,0.32,0.0,0.45219072886224687
39632956884519180,0.0,0.08,0.92,0.0,0.2010895951011364
39632956884518794,0.0,0.98,0.02,0.0,0.07072027127091034
39632986785712020,0.0,0.57,0.43,0.0,0.4929075185894599
39632956863547522,0.0,0.36,0.64,0.0,0.4713415946277461
39632991709825263,0.0,0.39,0.61,0.0,0.4823997742525436
39632986806685730,0.04,0.9,0.06,0.0,0.283045326517374
39632976899739259,0.0,0.35,0.65,0.0,0.4670340276877455
39632996646523343,0.0,0.06,0.94,0.0,0.16372245957723813
39632951847159309,0.0,0.56,0.44,0.0,0.4947937606110278
39632946788831716,0.0,0.41,0.59,0.0,0.488250234378912
39632981861600269,0.0,0.98,0.02,0.0,0.07072027127091034
39632951821995098,0.0,0.65,0.35,0.0,0.4670340276877455
39632956876131881,0.0,0.66,0.34,0.0,0.46240935248651505
39632956876132123,0.0,0.69,0.31,0.0,0.4465867291889284
39632981861600222,0.0,0.01,0.99,0.0,0.04039656794795559
39632956892907961,0.0,0.48,0.52,0.0,0.4994227679976009
39632986794100246,0.0,0.35,0.65,0.0,0.4670340276877455
39632981832237706,0.0,0.19,0.81,0.0,0.3507357299419487
39632986802488353,0.0,0.96,0.04,0.0,0.12114609454120741
39632991718212494,0.0,0.71,0.29,0.0,0.43436062316970225
39632951847158303,0.0,0.16,0.84,0.0,0.3171547773202831
39632966900515362,0.0,0.24,0.76,0.0,0.39752013969226113
39632976882959707,0.0,0.0,0.9,0.1,0.2344977967946406
39632981844822189,0.0,0.0,0.99,0.01,0.04039656794795559
39632981844822361,0.0,0.11,0.89,0.0,0.249957979082264
39632981844822030,0.0,0.0,0.88,0.12,0.2646804326436822
39632981844822181,0.0,0.21,0.79,0.0,0.37074136996563684
39632976895544933,0.0,0.53,0.47,0.0,0.4987007942838698
39632976895545252,0.0,0.84,0.16,0.0,0.3171547773202831
39632971883352360,0.0,0.16,0.84,0.0,0.3171547773202831
39632981853209254,0.0,0.32,0.68,0.0,0.45219072886224687
39632996638132969,0.0,0.08,0.92,0.0,0.2010895951011364
39632981865791824,0.0,0.12,0.88,0.0,0.2646804326436822
39632981865791825,0.0,0.27,0.73,0.0,0.42073231810408784
39633001549660874,0.01,0.99,0.0,0.0,0.04039656794795559
39632981832237319,0.0,0.04,0.95,0.01,0.16124668093016215
39632951838772807,0.0,0.02,0.97,0.01,0.11097036642660543
39632986785712428,0.0,0.14,0.86,0.0,0.292119405821428
39632951838772831,0.0,0.02,0.92,0.06,0.23354072007950172
39632951838772645,0.0,0.93,0.07,0.0,0.18296182545011158
39632956892909157,0.0,0.27,0.73,0.0,0.42073231810408784
39632956892908955,0.01,0.99,0.0,0.0,0.04039656794795559
39632996654911706,0.0,0.18,0.82,0.0,0.34003852286413994
39632981828047304,0.0,0.0,1.0,0.0,-0.0
39632971887545574,0.0,0.1,0.9,0.0,0.2344977967946406
39632981865794381,0.0,0.83,0.17,0.0,0.32885238937210975
39632966900515700,0.0,0.45,0.55,0.0,0.49638722699390414
39632966900515785,0.0,0.8,0.2,0.0,0.36096404744368116
39632951842963682,0.0,0.29,0.71,0.0,0.43436062316970225
39632991726602789,0.0,0.01,0.96,0.03,0.13737165703039006
39632951842963541,0.0,0.93,0.07,0.0,0.18296182545011158
39632956867741382,0.0,0.71,0.29,0.0,0.43436062316970225
39632986810877152,0.0,0.67,0.33,0.0,0.4574631863898637
39632996646523080,0.0,0.02,0.95,0.03,0.1674722434193448
39632966929877015,0.0,1.0,0.0,0.0,-0.0
39632971916905484,0.0,0.38,0.62,0.0,0.47902101111314976
39632976903932767,0.0,0.9,0.1,0.0,0.2344977967946406
39632971900126697,0.0,0.65,0.35,0.0,0.4670340276877455
39632946797219567,0.0,0.94,0.06,0.0,0.16372245957723813
39632951821995547,0.0,1.0,0.0,0.0,-0.0
39632946797219613,0.0,0.93,0.07,0.0,0.18296182545011158
39632966896321137,0.0,0.69,0.31,0.0,0.4465867291889284
39632976899737349,0.0,0.27,0.73,0.0,0.42073231810408784
39632956850967236,0.0,0.19,0.81,0.0,0.3507357299419487
39632971912710645,0.0,0.2,0.8,0.0,0.36096404744368116
39632971912710194,0.0,0.85,0.15,0.0,0.3049201523582002
39632981828047101,0.0,0.02,0.98,0.0,0.07072027127091034
39632956850967367,0.0,0.46,0.54,0.0,0.49768921941011285
39632956850967117,0.0,0.41,0.59,0.0,0.488250234378912
39632981861602536,0.0,0.03,0.97,0.0,0.0971959289157881
39632946797217301,0.0,0.6,0.4,0.0,0.4854752972273343
39632941726305790,0.0,0.3,0.7,0.0,0.44064544961534635
39632991709825877,0.0,1.0,0.0,0.0,-0.0
39632976895544609,0.0,0.55,0.45,0.0,0.49638722699390414
39632976882960564,0.0,0.04,0.96,0.0,0.12114609454120741
39632971883350484,0.0,0.0,0.93,0.07,0.18296182545011158
39632961892515936,0.0,0.88,0.12,0.0,0.2646804326436822
39632986785711409,0.0,0.56,0.44,0.0,0.4947937606110278
39632941713719645,0.0,0.85,0.15,0.0,0.3049201523582002
39632956892908593,0.0,0.42,0.58,0.0,0.49072694751682683
39632981832237499,0.0,0.14,0.86,0.0,0.292119405821428
39632941717914215,0.0,0.06,0.94,0.0,0.16372245957723813
39632946797216193,0.0,0.96,0.04,0.0,0.12114609454120741
39632976882960556,0.0,0.03,0.97,0.0,0.0971959289157881
39632951847159355,0.0,0.04,0.96,0.0,0.12114609454120741
39632976882960658,0.0,0.0,1.0,0.0,-0.0
39632976882960365,0.0,0.54,0.46,0.0,0.49768921941011285
39632976857793072,0.0,0.11,0.89,0.0,0.249957979082264
39632996633940215,0.0,0.83,0.17,0.0,0.32885238937210975
39632946797216728,0.06,0.94,0.0,0.0,0.16372245957723813
39632946797216671,0.0,0.58,0.42,0.0,0.49072694751682683
39632941730500335,0.0,0.99,0.01,0.0,0.04039656794795559
39632946797215810,0.0,0.91,0.09,0.0,0.21823490853205144
39632951821995152,0.0,0.84,0.16,0.0,0.3171547773202831
39632951847158316,0.03,0.95,0.02,0.0,0.1674722434193448
39632986806682622,0.0,0.85,0.15,0.0,0.3049201523582002
39632941717916654,0.0,0.33,0.67,0.0,0.4574631863898637
39632976899739016,0.0,0.3,0.7,0.0,0.44064544961534635
39632986781518509,0.0,0.28,0.72,0.0,0.4277254052800653
39632986781518353,0.0,0.16,0.84,0.0,0.3171547773202831
39632981865792013,0.0,0.97,0.03,0.0,0.0971959289157881
39632986781518153,0.0,0.44,0.56,0.0,0.4947937606110278
39632976895542488,0.0,0.15,0.85,0.0,0.3049201523582002
39632976882960175,0.0,0.31,0.69,0.0,0.4465867291889284
39632986785711259,0.0,0.11,0.89,0.0,0.249957979082264
39632996633939733,0.0,0.87,0.13,0.0,0.2787190925139945
39632986781517968,0.0,0.11,0.89,0.0,0.249957979082264
39632966900517080,0.0,0.03,0.97,0.0,0.0971959289157881
39632971916907333,0.0,0.43,0.57,0.0,0.4929075185894599
39632971904320498,0.0,0.81,0.19,0.0,0.3507357299419487
39632946797219620,0.0,0.85,0.15,0.0,0.3049201523582002
39632946797219977,0.0,0.1,0.9,0.0,0.2344977967946406
39632946797219774,0.0,0.99,0.01,0.0,0.04039656794795559
39632971916905064,0.0,1.0,0.0,0.0,-0.0
39632946797217195,0.0,0.74,0.26,0.0,0.4133731862463089
39632946797216625,0.0,0.42,0.58,0.0,0.49072694751682683
39632991709827397,0.0,0.06,0.94,0.0,0.16372245957723813
39632946797216420,0.0,0.3,0.7,0.0,0.44064544961534635
39632981857407565,0.0,0.99,0.01,0.0,0.04039656794795559
39632981857407596,0.0,0.87,0.13,0.0,0.2787190925139945
39632991709826070,0.0,0.96,0.04,0.0,0.12114609454120741
39632991709826198,0.0,0.02,0.98,0.0,0.07072027127091034
39632986785712752,0.0,0.83,0.17,0.0,0.32885238937210975
39632976866185030,0.0,0.8,0.2,0.0,0.36096404744368116
39632946797216463,0.0,0.38,0.62,0.0,0.47902101111314976
39632946776246058,0.0,1.0,0.0,0.0,-0.0
39632976895544983,0.01,0.64,0.35,0.0,0.5043035669219932
39632976866185167,0.0,0.45,0.55,0.0,0.49638722699390414
39632971912710011,0.0,0.45,0.55,0.0,0.49638722699390414
39633001537081462,0.0,0.81,0.19,0.0,0.3507357299419487
39632946776246347,0.0,0.68,0.32,0.0,0.45219072886224687
39632946776246199,0.0,0.02,0.98,0.0,0.07072027127091034
39632951855546401,0.0,0.87,0.13,0.0,0.2787190925139945
39632946801410074,0.0,0.73,0.27,0.0,0.42073231810408784
39632941713719956,0.02,0.91,0.07,0.0,0.2526241113249394
39632986815071986,0.0,1.0,0.0,0.0,-0.0
39632981869986608,0.0,0.65,0.35,0.0,0.4670340276877455
39632966934070621,0.01,0.98,0.01,0.0,0.08072027127091033
39632966934070737,0.0,1.0,0.0,0.0,-0.0
39632986815070531,0.0,1.0,0.0,0.0,-0.0
39632971925294759,0.0,0.44,0.56,0.0,0.4947937606110278
39632996642329451,0.0,0.0,0.8,0.2,0.36096404744368116
39632951847158434,0.0,0.59,0.41,0.0,0.488250234378912
39632956884518574,0.0,0.3,0.7,0.0,0.44064544961534635
39632986806685920,0.0,0.81,0.19,0.0,0.3507357299419487
39632986806686014,0.0,0.24,0.76,0.0,0.39752013969226113
39632996633938452,0.0,0.15,0.85,0.0,0.3049201523582002
39632996633938619,0.0,0.96,0.04,0.0,0.12114609454120741
39632991709827778,0.0,0.03,0.93,0.04,0.2174448102113104
39632981861601761,0.0,0.09,0.91,0.0,0.21823490853205144
39632981861601713,0.0,0.63,0.37,0.0,0.47533604634353294
39632951838773064,0.0,0.3,0.7,0.0,0.44064544961534635
39632971883350299,0.0,0.18,0.82,0.0,0.34003852286413994
39632981861601800,0.0,0.09,0.91,0.0,0.21823490853205144
39632961888323984,0.0,0.83,0.17,0.0,0.32885238937210975
39632961921876290,0.0,0.71,0.29,0.0,0.43436062316970225
39632991743380466,0.0,1.0,0.0,0.0,-0.0
39632991743379741,0.0,0.85,0.15,0.0,0.3049201523582002
39632966929880297,0.0,0.76,0.24,0.0,0.39752013969226113
39632981869986419,0.0,0.92,0.08,0.0,0.2010895951011364
39632976908124340,0.0,0.64,0.36,0.0,0.4713415946277461
39632971900126119,0.0,0.72,0.28,0.0,0.4277254052800653
39632981865791655,0.0,0.71,0.29,0.0,0.43436062316970225
39632986789908143,0.0,0.05,0.94,0.01,0.1832231322266888
39632951821994541,0.0,0.03,0.97,0.0,0.0971959289157881
39632971900127351,0.0,0.81,0.19,0.0,0.3507357299419487
39632971900127033,0.0,0.56,0.44,0.0,0.4947937606110278
39632971900126989,0.0,0.88,0.12,0.0,0.2646804326436822
39632976882959835,0.0,0.09,0.91,0.0,0.21823490853205144
39632976882959987,0.0,0.06,0.94,0.0,0.16372245957723813
39632991743380798,0.0,0.33,0.67,0.0,0.4574631863898637
39632941726304785,0.0,0.56,0.44,0.0,0.4947937606110278
39632981865791642,0.0,0.23,0.77,0.0,0.38900565177326885
39632981865791553,0.0,0.84,0.16,0.0,0.3171547773202831
39632986810877806,0.0,0.58,0.42,0.0,0.49072694751682683
39632996663298784,0.0,0.82,0.18,0.0,0.34003852286413994
39633001553858662,0.0,0.88,0.12,0.0,0.2646804326436822
39632986810879165,0.0,0.85,0.15,0.0,0.3049201523582002
39632976903933026,0.03,0.97,0.0,0.0,0.0971959289157881
39633001553857786,0.0,0.61,0.39,0.0,0.4823997742525436
39632981865796013,0.0,0.86,0.14,0.0,0.292119405821428
39632981869986388,0.01,0.98,0.01,0.0,0.08072027127091033
39632976903933763,0.01,0.96,0.03,0.0,0.13737165703039006
39632976903931574,0.0,0.04,0.96,0.0,0.12114609454120741
39632976895545027,0.0,0.8,0.2,0.0,0.36096404744368116
39632991709828072,0.0,0.82,0.18,0.0,0.34003852286413994
39632991709827765,0.0,0.6,0.4,0.0,0.4854752972273343
39632976882960648,0.0,0.0,0.98,0.02,0.07072027127091034
39632981819657272,0.0,0.96,0.04,0.0,0.12114609454120741
39632956897103128,0.0,1.0,0.0,0.0,-0.0
39632966934069431,0.0,0.83,0.17,0.0,0.32885238937210975
39632956897103276,0.0,0.97,0.03,0.0,0.0971959289157881
39632966934070110,0.0,0.99,0.01,0.0,0.04039656794795559
39632966934070243,0.0,0.97,0.03,0.0,0.0971959289157881
39632991743380024,0.0,0.05,0.95,0.0,0.14319847855797813
39632976908124767,0.0,0.83,0.17,0.0,0.32885238937210975
39632976908124684,0.02,0.97,0.01,0.0,0.11097036642660543
39632961921877907,0.0,0.99,0.01,0.0,0.04039656794795559
39632961921877959,0.0,0.98,0.02,0.0,0.07072027127091034
39632961921878054,0.0,0.76,0.24,0.0,0.39752013969226113
39632961921877344,0.0,0.78,0.22,0.0,0.38008375148098283
39632981865791683,0.0,0.89,0.11,0.0,0.249957979082264
39632976882960472,0.0,0.19,0.81,0.0,0.3507357299419487
39632996650714599,0.0,0.33,0.67,0.0,0.4574631863898637
39632996650714615,0.0,0.75,0.25,0.0,0.4056390622295664
39632991743380293,0.0,0.84,0.16,0.0,0.3171547773202831
39632991743380820,0.0,0.2,0.8,0.0,0.36096404744368116
39632971900126135,0.0,0.86,0.14,0.0,0.292119405821428
39632941726304758,0.0,0.82,0.18,0.0,0.34003852286413994
39632941726304605,0.0,0.06,0.94,0.0,0.16372245957723813
39632941726305542,0.0,0.38,0.62,0.0,0.47902101111314976
39632996633939991,0.0,1.0,0.0,0.0,-0.0
39632996633940038,0.0,0.41,0.59,0.0,0.488250234378912
39632991743381250,0.0,0.93,0.07,0.0,0.18296182545011158
39632971929487165,0.0,1.0,0.0,0.0,-0.0
39632971929487240,0.0,0.97,0.03,0.0,0.0971959289157881
39632971929486187,0.0,0.67,0.33,0.0,0.4574631863898637
39632996663299198,0.0,0.88,0.12,0.0,0.2646804326436822
39632971929487572,0.0,1.0,0.0,0.0,-0.0
39632981865794359,0.0,0.79,0.21,0.0,0.37074136996563684
39632981865792192,0.02,0.96,0.02,0.0,0.14114609454120738
39633001545469724,0.0,0.04,0.89,0.07,0.3019692958352992
39632996633940166,0.0,0.93,0.07,0.0,0.18296182545011158
39632976903934422,0.0,0.48,0.52,0.0,0.4994227679976009
39632951855548639,0.0,0.91,0.09,0.0,0.21823490853205144
39632966929880060,0.0,0.92,0.08,0.0,0.2010895951011364
39632966929880139,0.0,0.55,0.45,0.0,0.49638722699390414
39632951855548304,0.0,0.95,0.05,0.0,0.14319847855797813
39632951855548298,0.0,1.0,0.0,0.0,-0.0
39632976903934744,0.0,0.98,0.02,0.0,0.07072027127091034
39632941726304865,0.0,0.43,0.57,0.0,0.4929075185894599
39632986768933769,0.01,0.99,0.0,0.0,0.04039656794795559
39632981828046825,0.0,0.01,0.99,0.0,0.04039656794795559
39632981828046845,0.0,0.14,0.86,0.0,0.292119405821428
39632996654908074,0.0,0.68,0.32,0.0,0.45219072886224687
39632986768933691,0.0,0.49,0.51,0.0,0.49985572087640495
39632986768933643,0.01,0.99,0.0,0.0,0.04039656794795559
39632951855549926,0.0,0.46,0.54,0.0,0.49768921941011285
39632956892910366,0.01,0.84,0.15,0.0,0.3441379826496441
39633001553857528,0.0,0.84,0.16,0.0,0.3171547773202831
39633001553856755,0.0,0.9,0.1,0.0,0.2344977967946406
39633001566437750,0.0,0.71,0.29,0.0,0.43436062316970225
39632996659106062,0.0,0.36,0.64,0.0,0.4713415946277461
39633001566438054,0.0,0.57,0.43,0.0,0.4929075185894599
39632996663297369,0.0,0.75,0.25,0.0,0.4056390622295664
39633001553857834,0.0,0.37,0.63,0.0,0.47533604634353294
39633001558049046,0.0,1.0,0.0,0.0,-0.0
39632996663297533,0.0,0.89,0.11,0.0,0.249957979082264
39633001558049410,0.0,0.14,0.86,0.0,0.292119405821428
39633001537081179,0.0,0.96,0.04,0.0,0.12114609454120741
39632976895544895,0.0,0.0,1.0,0.0,-0.0
39632976878768382,0.0,0.12,0.88,0.0,0.2646804326436822
39632951855549692,0.0,0.89,0.11,0.0,0.249957979082264
39632961921878263,0.0,0.86,0.14,0.0,0.292119405821428
39632966934069655,0.0,0.99,0.01,0.0,0.04039656794795559
39632961921878957,0.0,1.0,0.0,0.0,-0.0
39632976903934429,0.0,0.45,0.55,0.0,0.49638722699390414
39632976882958391,0.0,0.65,0.35,0.0,0.4670340276877455
39632971900126192,0.0,0.95,0.05,0.0,0.14319847855797813
39632971900125841,0.0,0.35,0.65,0.0,0.4670340276877455
39632996650714583,0.0,0.61,0.39,0.0,0.4823997742525436
39632946797220168,0.0,0.56,0.44,0.0,0.4947937606110278
39632971900127080,0.0,0.96,0.04,0.0,0.12114609454120741
39632941726305281,0.0,0.89,0.11,0.0,0.249957979082264
39632986810877563,0.0,0.29,0.71,0.0,0.43436062316970225
39632976891350781,0.0,0.03,0.97,0.0,0.0971959289157881
39633001537080959,0.0,0.94,0.06,0.0,0.16372245957723813
39633001537080921,0.0,0.05,0.94,0.01,0.1832231322266888
39632941734691080,0.0,0.47,0.53,0.0,0.4987007942838698
39632986815071704,0.02,0.98,0.0,0.0,0.07072027127091034
39633001553857947,0.0,0.54,0.46,0.0,0.49768921941011285
39632991747574324,0.0,0.99,0.01,0.0,0.04039656794795559
39632991747573079,0.01,0.99,0.0,0.0,0.04039656794795559
39632986815072259,0.0,0.95,0.05,0.0,0.14319847855797813
39632991747572829,0.0,0.71,0.29,0.0,0.43436062316970225
39632981869987164,0.0,0.9,0.1,0.0,0.2344977967946406
39632991701436414,0.0,1.0,0.0,0.0,-0.0
39632986764739671,0.0,0.88,0.12,0.0,0.2646804326436822
39632946776246248,0.0,0.15,0.85,0.0,0.3049201523582002
39632976866182996,0.0,0.0,0.98,0.02,0.07072027127091034
39632976866182777,0.0,0.0,0.95,0.05,0.14319847855797813
39632956863546188,0.0,0.31,0.69,0.0,0.4465867291889284
39632961909295864,0.0,0.54,0.46,0.0,0.49768921941011285
39632946772052640,0.0,0.78,0.22,0.0,0.38008375148098283
39632946772052550,0.0,0.84,0.16,0.0,0.3171547773202831
39632951851355454,0.0,0.95,0.05,0.0,0.14319847855797813
39632976895543484,0.0,0.34,0.66,0.0,0.46240935248651505
39632976866182796,0.0,0.02,0.98,0.0,0.07072027127091034
39632961909295867,0.0,0.96,0.04,0.0,0.12114609454120741
39632956863546185,0.0,0.19,0.81,0.0,0.3507357299419487
39632961896713564,0.0,0.43,0.57,0.0,0.4929075185894599
39632996642324786,0.0,0.74,0.26,0.0,0.4133731862463089
39632951817801948,0.0,0.92,0.08,0.0,0.2010895951011364
39632966887935979,0.0,0.58,0.42,0.0,0.49072694751682683
39632981865792655,0.0,0.68,0.32,0.0,0.45219072886224687
39632961896713767,0.0,0.0,1.0,0.0,-0.0
39632961896713689,0.0,0.92,0.08,0.0,0.2010895951011364
39632961871546595,0.0,1.0,0.0,0.0,-0.0
39632961896713684,0.0,0.0,1.0,0.0,-0.0
39632966892126608,0.0,0.81,0.19,0.0,0.3507357299419487
39632981836434186,0.0,0.75,0.25,0.0,0.4056390622295664
39632951821994088,0.0,0.03,0.97,0.0,0.0971959289157881
39632991734992640,0.0,0.21,0.79,0.0,0.37074136996563684
39632971921100101,0.0,0.51,0.49,0.0,0.49985572087640495
39632986798294028,0.0,0.81,0.19,0.0,0.3507357299419487
39632961917681933,0.0,0.92,0.08,0.0,0.2010895951011364
39632961917683714,0.0,0.87,0.13,0.0,0.2787190925139945
39632971904321423,0.0,0.88,0.12,0.0,0.2646804326436822
39632956855160694,0.0,0.27,0.73,0.0,0.42073231810408784
39632996650717104,0.0,0.66,0.34,0.0,0.46240935248651505
39632956876130234,0.0,0.79,0.21,0.0,0.37074136996563684
39632976870375820,0.0,0.0,0.9,0.1,0.2344977967946406
39632991739185662,0.0,0.06,0.94,0.0,0.16372245957723813
39632986789905870,0.0,0.94,0.06,0.0,0.16372245957723813
39632981836432959,0.0,0.04,0.96,0.0,0.12114609454120741
39632991739185915,0.0,0.0,1.0,0.0,-0.0
39632951817801923,0.0,0.27,0.73,0.0,0.42073231810408784
39632981836432943,0.0,0.75,0.25,0.0,0.4056390622295664
39632956876132628,0.0,0.04,0.96,0.0,0.12114609454120741
39632966908904478,0.0,0.13,0.87,0.0,0.2787190925139945
39632986798294075,0.0,0.57,0.43,0.0,0.4929075185894599
39632966908903742,0.0,0.22,0.78,0.0,0.38008375148098283
39632961892517166,0.0,0.67,0.33,0.0,0.4574631863898637
39632981849016305,0.0,0.01,0.99,0.0,0.04039656794795559
39632946780442042,0.0,0.24,0.76,0.0,0.39752013969226113
39632971887542597,0.0,0.72,0.28,0.0,0.4277254052800653
39632991734993834,0.0,0.01,0.98,0.01,0.08072027127091033
39632986794102888,0.0,0.65,0.35,0.0,0.4670340276877455
39632961884131304,0.0,0.35,0.65,0.0,0.4670340276877455
39632956855160675,0.0,0.46,0.54,0.0,0.49768921941011285
39632961879933998,0.0,0.43,0.57,0.0,0.4929075185894599
39632991722410391,0.0,0.07,0.93,0.0,0.18296182545011158
39632971887542798,0.0,0.2,0.8,0.0,0.36096404744368116
39632991722409025,0.0,0.98,0.02,0.0,0.07072027127091034
39632991734993138,0.0,0.44,0.56,0.0,0.4947937606110278
39632956876132425,0.0,0.07,0.93,0.0,0.18296182545011158
39632986794102590,0.0,0.36,0.64,0.0,0.4713415946277461
39632986806683932,0.0,0.23,0.77,0.0,0.38900565177326885
39632961884131159,0.0,0.86,0.14,0.0,0.292119405821428
39632946784634766,0.0,0.03,0.97,0.0,0.0971959289157881
39632976895543360,0.0,0.16,0.84,0.0,0.3171547773202831
39632946780441016,0.0,0.15,0.85,0.0,0.3049201523582002
39632961884131142,0.0,0.93,0.07,0.0,0.18296182545011158
39632946780441935,0.09,0.91,0.0,0.0,0.21823490853205144
39632951826186534,0.0,0.14,0.86,0.0,0.292119405821428
39632946780441873,0.0,0.94,0.06,0.0,0.16372245957723813
39632991726600317,0.0,0.05,0.95,0.0,0.14319847855797813
39632951826186446,0.0,0.57,0.43,0.0,0.4929075185894599
39632946780441910,0.02,0.97,0.01,0.0,0.11097036642660543
39632956876132733,0.0,0.77,0.23,0.0,0.38900565177326885
39632946780442133,0.0,0.4,0.6,0.0,0.4854752972273343
39632951830384763,0.0,0.58,0.42,0.0,0.49072694751682683
39632951821993168,0.0,0.07,0.93,0.0,0.18296182545011158
39632991726601083,0.0,0.16,0.84,0.0,0.3171547773202831
39632991726601123,0.0,0.23,0.77,0.0,0.38900565177326885
39632976874573097,0.0,0.61,0.39,0.0,0.4823997742525436
39632991718214137,0.0,0.89,0.11,0.0,0.249957979082264
39632971891740232,0.0,0.58,0.42,0.0,0.49072694751682683
39632991718213956,0.0,1.0,0.0,0.0,-0.0
39632996638133966,0.0,0.98,0.02,0.0,0.07072027127091034
39632951830384764,0.0,0.49,0.51,0.0,0.49985572087640495
39632986773127653,0.0,0.01,0.99,0.0,0.04039656794795559
39632961875739724,0.0,0.72,0.28,0.0,0.4277254052800653
39632971891738876,0.0,0.93,0.07,0.0,0.18296182545011158
39632971891738794,0.0,0.54,0.46,0.0,0.49768921941011285
39632976866185631,0.0,0.98,0.02,0.0,0.07072027127091034
39632951830383902,0.0,0.0,1.0,0.0,-0.0
39632976870375757,0.0,0.0,0.93,0.07,0.18296182545011158
39632951830384234,0.0,0.0,0.97,0.03,0.0971959289157881
39632976874570397,0.0,0.39,0.61,0.0,0.4823997742525436
39632991730796040,0.0,0.03,0.97,0.0,0.0971959289157881
39632971891739220,0.0,0.06,0.94,0.0,0.16372245957723813
39632986798295693,0.0,0.0,0.97,0.03,0.0971959289157881
39632951830385242,0.0,0.97,0.03,0.0,0.0971959289157881
39632986798296066,0.0,0.15,0.85,0.0,0.3049201523582002
39632991722406096,0.0,0.98,0.02,0.0,0.07072027127091034
39632956876131050,0.0,1.0,0.0,0.0,-0.0
39632991722406022,0.01,0.97,0.02,0.0,0.11097036642660543
39632976861986881,0.0,0.5,0.5,0.0,0.5
39632986798296310,0.0,0.24,0.76,0.0,0.39752013969226113
39632951826188512,0.0,0.02,0.98,0.0,0.07072027127091034
39632961875739768,0.0,0.57,0.43,0.0,0.4929075185894599
39632971879155535,0.0,0.21,0.79,0.0,0.37074136996563684
39632991739183837,0.0,0.39,0.61,0.0,0.4823997742525436
39632951830385359,0.0,0.17,0.83,0.0,0.32885238937210975
39632981836435472,0.0,0.26,0.74,0.0,0.4133731862463089
39632996646519053,0.0,0.18,0.82,0.0,0.34003852286413994
39632976866182261,0.0,0.99,0.01,0.0,0.04039656794795559
39632971887542771,0.0,0.0,0.93,0.07,0.18296182545011158
39632946784634943,0.0,0.86,0.14,0.0,0.292119405821428
39632981836433608,0.0,0.66,0.34,0.0,0.46240935248651505
39632956880324076,0.0,0.94,0.06,0.0,0.16372245957723813
39632961917682229,0.01,0.99,0.0,0.0,0.04039656794795559
39632966883741429,0.0,0.49,0.51,0.0,0.49985572087640495
39632966925682440,0.01,0.96,0.03,0.0,0.13737165703039006
39632966883741360,0.0,0.09,0.91,0.0,0.21823490853205144
39632956880325505,0.0,0.43,0.57,0.0,0.4929075185894599
39632966883741275,0.0,0.64,0.36,0.0,0.4713415946277461
39632961913489101,0.0,0.67,0.33,0.0,0.4574631863898637
39632961900908331,0.0,0.28,0.72,0.0,0.4277254052800653
39632961917682286,0.0,0.01,0.99,0.0,0.04039656794795559
39632956867744666,0.0,0.54,0.46,0.0,0.49768921941011285
39632966883741224,0.0,0.97,0.03,0.0,0.0971959289157881
39632951838771998,0.0,0.11,0.89,0.0,0.249957979082264
39632961909294332,0.0,0.91,0.09,0.0,0.21823490853205144
39632961896715235,0.0,0.73,0.27,0.0,0.42073231810408784
39632966883737842,0.0,0.83,0.17,0.0,0.32885238937210975
39632986794101497,0.0,0.44,0.56,0.0,0.4947937606110278
39632966913098915,0.0,0.14,0.86,0.0,0.292119405821428
39632961896715505,0.0,0.1,0.9,0.0,0.2344977967946406
39632966917296638,0.0,0.31,0.69,0.0,0.4465867291889284
39632966883741455,0.0,0.78,0.22,0.0,0.38008375148098283
39632956871938878,0.0,0.92,0.08,0.0,0.2010895951011364
39632966887934884,0.0,0.19,0.81,0.0,0.3507357299419487
39632951838772911,0.0,0.05,0.95,0.0,0.14319847855797813
39632951834576596,0.0,0.29,0.71,0.0,0.43436062316970225
39632966887933135,0.0,0.11,0.89,0.0,0.249957979082264
39632961892520674,0.0,0.59,0.41,0.0,0.488250234378912
39632981832240788,0.0,0.56,0.44,0.0,0.4947937606110278
39632956871938690,0.0,0.07,0.93,0.0,0.18296182545011158
39632951834576833,0.0,0.48,0.52,0.0,0.4994227679976009
39632961892520722,0.0,1.0,0.0,0.0,-0.0
39632986794099855,0.0,0.33,0.67,0.0,0.4574631863898637
39632956880327518,0.0,0.21,0.79,0.0,0.37074136996563684
39632966883741483,0.0,0.88,0.12,0.0,0.2646804326436822
39632966887934936,0.0,0.38,0.62,0.0,0.47902101111314976
39632986789908850,0.0,0.0,0.39,0.61,0.4823997742525436
39632986789908366,0.0,0.95,0.05,0.0,0.14319847855797813
39632966908908103,0.04,0.96,0.0,0.0,0.12114609454120741
39632961896711095,0.0,0.58,0.42,0.0,0.49072694751682683
39632956871937523,0.0,0.03,0.97,0.0,0.0971959289157881
39632956867741866,0.0,0.07,0.93,0.0,0.18296182545011158
39632981844823815,0.0,0.41,0.59,0.0,0.488250234378912
39632966900517003,0.0,0.87,0.13,0.0,0.2787190925139945
39632956871937168,0.0,0.89,0.11,0.0,0.249957979082264
39632961896710290,0.0,0.77,0.23,0.0,0.38900565177326885
39632961896715140,0.0,0.0,1.0,0.0,-0.0
39632956871936873,0.0,0.93,0.07,0.0,0.18296182545011158
39632961892520878,0.0,0.08,0.92,0.0,0.2010895951011364
39632961892520738,0.0,0.02,0.97,0.01,0.11097036642660543
39632956871937538,0.0,0.28,0.72,0.0,0.4277254052800653
39632981836435368,0.0,0.22,0.78,0.0,0.38008375148098283
39632986781518118,0.0,0.4,0.6,0.0,0.4854752972273343
39632961896713618,0.0,0.38,0.62,0.0,0.47902101111314976
39632981836433539,0.0,0.26,0.74,0.0,0.4133731862463089
39632956876131572,0.0,0.59,0.41,0.0,0.488250234378912
39632946797216718,0.0,0.43,0.57,0.0,0.4929075185894599
39632946797216587,0.0,0.88,0.12,0.0,0.2646804326436822
39632941717913702,0.0,0.97,0.03,0.0,0.0971959289157881
39632951830380931,0.0,0.03,0.96,0.01,0.13737165703039006
39632951830382913,0.0,0.47,0.53,0.0,0.4987007942838698
39632976866181531,0.0,0.3,0.7,0.0,0.44064544961534635
39632946797218261,0.0,0.03,0.96,0.01,0.13737165703039006
39632996646521938,0.0,0.06,0.94,0.0,0.16372245957723813
39632956876131622,0.0,0.59,0.41,0.0,0.488250234378912
39632981849016343,0.0,0.0,0.93,0.07,0.18296182545011158
39632991726600437,0.0,0.28,0.72,0.0,0.4277254052800653
39632996646519785,0.0,0.47,0.53,0.0,0.4987007942838698
39632956884517985,0.0,0.89,0.11,0.0,0.249957979082264
39632946797216153,0.0,0.91,0.09,0.0,0.21823490853205144
39632986806681699,0.0,0.68,0.32,0.0,0.45219072886224687
39632961884131336,0.0,0.04,0.95,0.01,0.16124668093016215
39632946797216576,0.0,0.95,0.05,0.0,0.14319847855797813
39632981849016334,0.0,0.23,0.77,0.0,0.38900565177326885
39632986785713369,0.0,0.89,0.11,0.0,0.249957979082264
39632981832238206,0.0,0.44,0.56,0.0,0.4947937606110278
39632956876132909,0.0,0.14,0.86,0.0,0.292119405821428
39632966925684390,0.0,0.97,0.03,0.0,0.0971959289157881
39632946784634043,0.0,0.3,0.7,0.0,0.44064544961534635
39632986777325236,0.0,0.9,0.1,0.0,0.2344977967946406
39632946784633914,0.01,0.65,0.34,0.0,0.49978987264055696
39632986785713406,0.0,0.44,0.56,0.0,0.4947937606110278
39632986777325396,0.0,0.47,0.53,0.0,0.4987007942838698
39632966896322567,0.0,0.01,0.99,0.0,0.04039656794795559
39632946784634044,0.0,0.02,0.98,0.0,0.07072027127091034
39632951830380775,0.0,0.79,0.21,0.0,0.37074136996563684
39632941717915841,0.0,0.2,0.8,0.0,0.36096404744368116
39632956850963365,0.0,0.24,0.76,0.0,0.39752013969226113
39632966900517280,0.0,0.62,0.38,0.0,0.47902101111314976
39632941713723833,0.0,0.57,0.43,0.0,0.4929075185894599
39632991726600819,0.0,0.66,0.34,0.0,0.46240935248651505
39632981849016634,0.0,0.51,0.49,0.0,0.49985572087640495
39632951830380859,0.0,0.06,0.94,0.0,0.16372245957723813
39632986785714177,0.0,0.3,0.7,0.0,0.44064544961534635
39632956867743108,0.0,0.07,0.93,0.0,0.18296182545011158
39632986806683834,0.0,0.65,0.35,0.0,0.4670340276877455
39632946784636830,0.0,0.92,0.08,0.0,0.2010895951011364
39632966892130189,0.0,0.65,0.35,0.0,0.4670340276877455
39632981836432144,0.0,0.07,0.93,0.0,0.18296182545011158
39632966892130121,0.0,0.16,0.84,0.0,0.3171547773202831
39632976866185757,0.0,0.0,1.0,0.0,-0.0
39632956876132939,0.0,0.83,0.17,0.0,0.32885238937210975
39632986806683833,0.0,0.34,0.66,0.0,0.46240935248651505
39632966892130053,0.0,0.94,0.06,0.0,0.16372245957723813
39632956855161040,0.0,0.55,0.45,0.0,0.49638722699390414
39632966892129985,0.0,0.55,0.45,0.0,0.49638722699390414
39632991734992872,0.0,0.88,0.12,0.0,0.2646804326436822
39632996650715470,0.0,0.7,0.3,0.0,0.44064544961534635
39632991734993105,0.0,0.4,0.6,0.0,0.4854752972273343
39632991734993121,0.0,0.91,0.09,0.0,0.21823490853205144
39632986789909052,0.0,0.17,0.83,0.0,0.32885238937210975
39632961875740156,0.0,0.32,0.68,0.0,0.45219072886224687
39632971908514572,0.0,0.17,0.83,0.0,0.32885238937210975
39632986802489569,0.0,0.0,1.0,0.0,-0.0
39632986802489515,0.0,0.11,0.89,0.0,0.249957979082264
39632991730797882,0.0,0.15,0.85,0.0,0.3049201523582002
39632991730798279,0.0,0.03,0.97,0.0,0.0971959289157881
39632991734993096,0.0,0.01,0.98,0.01,0.08072027127091033
39632981823849663,0.0,0.94,0.06,0.0,0.16372245957723813
39632946784637074,0.0,0.0,0.93,0.07,0.18296182545011158
39632946776248621,0.0,0.76,0.24,0.0,0.39752013969226113
39632951821993037,0.0,0.06,0.94,0.0,0.16372245957723813
39632951817800297,0.0,0.38,0.62,0.0,0.47902101111314976
39632946784636702,0.0,0.73,0.27,0.0,0.42073231810408784
39632956871934787,0.0,0.44,0.56,0.0,0.4947937606110278
39632956859351951,0.0,1.0,0.0,0.0,-0.0
39632951821994147,0.0,0.01,0.86,0.13,0.31810566868628926
39632986777322547,0.0,0.04,0.96,0.0,0.12114609454120741
39632996646522409,0.0,0.0,0.99,0.01,0.04039656794795559
39632986802489082,0.0,0.49,0.51,0.0,0.49985572087640495
39632961884130777,0.0,0.99,0.01,0.0,0.04039656794795559
39632986802489085,0.0,0.36,0.64,0.0,0.4713415946277461
39632951817801573,0.04,0.96,0.0,0.0,0.12114609454120741
39632996646522363,0.0,0.14,0.86,0.0,0.292119405821428
39632946793025191,0.01,0.99,0.0,0.0,0.04039656794795559
39632956859351668,0.0,0.06,0.93,0.01,0.20367037270049304
39632941722108792,0.0,0.41,0.59,0.0,0.488250234378912
39632996633936013,0.0,0.11,0.89,0.0,0.249957979082264
39632981861602299,0.0,0.28,0.72,0.0,0.4277254052800653
39632986802492244,0.0,0.05,0.95,0.0,0.14319847855797813
39632986802492173,0.0,0.67,0.33,0.0,0.4574631863898637
39632981861602378,0.0,0.94,0.06,0.0,0.16372245957723813
39632986785710646,0.0,0.0,1.0,0.0,-0.0
39632976899735801,0.12,0.88,0.0,0.0,0.2646804326436822
39632981844823580,0.0,0.37,0.63,0.0,0.47533604634353294
39632976899735618,0.0,0.06,0.94,0.0,0.16372245957723813
39632971916906578,0.0,0.7,0.3,0.0,0.44064544961534635
39632961913489311,0.01,0.96,0.03,0.0,0.13737165703039006
39632991718214558,0.0,0.4,0.6,0.0,0.4854752972273343
39632991718214421,0.0,0.96,0.04,0.0,0.12114609454120741
39632961892517698,0.0,1.0,0.0,0.0,-0.0
39632951817799773,0.0,0.99,0.01,0.0,0.04039656794795559
39632971891739899,0.0,0.99,0.01,0.0,0.04039656794795559
39632946780440921,0.0,0.25,0.75,0.0,0.4056390622295664
39632961875741356,0.0,0.75,0.25,0.0,0.4056390622295664
39632976891350366,0.0,0.13,0.87,0.0,0.2787190925139945
39633001541275917,0.0,0.44,0.56,0.0,0.4947937606110278
39632946780441085,0.0,0.7,0.3,0.0,0.44064544961534635
39632951817799900,0.0,0.71,0.29,0.0,0.43436062316970225
39632946780442121,0.0,0.09,0.91,0.0,0.21823490853205144
39632991734990103,0.0,0.83,0.17,0.0,0.32885238937210975
39632991730795604,0.0,0.49,0.51,0.0,0.49985572087640495
39632946780441309,0.0,0.04,0.96,0.0,0.12114609454120741
39632956876132247,0.0,0.6,0.4,0.0,0.4854752972273343
39632986794100388,0.0,0.8,0.2,0.0,0.36096404744368116
39632951817800251,0.0,0.67,0.33,0.0,0.4574631863898637
39632986794100511,0.0,0.21,0.79,0.0,0.37074136996563684
39632991705632287,0.0,0.48,0.52,0.0,0.4994227679976009
39633001549662036,0.0,0.97,0.03,0.0,0.0971959289157881
39632981861601378,0.0,0.17,0.83,0.0,0.32885238937210975
39632961896713533,0.0,0.77,0.23,0.0,0.38900565177326885
39632956876132370,0.0,0.24,0.76,0.0,0.39752013969226113
39632981861601454,0.0,0.23,0.77,0.0,0.38900565177326885
39632981861601394,0.0,0.51,0.49,0.0,0.49985572087640495
39632946772053287,0.0,0.25,0.75,0.0,0.4056390622295664
39632961900907288,0.0,0.98,0.02,0.0,0.07072027127091034
39632951847161475,0.0,0.17,0.83,0.0,0.32885238937210975
39632991730795577,0.0,0.61,0.39,0.0,0.4823997742525436
39632946772053137,0.0,0.17,0.83,0.0,0.32885238937210975
39632946772053188,0.0,0.48,0.52,0.0,0.4994227679976009
39632986777325302,0.0,0.08,0.92,0.0,0.2010895951011364
39632986789904463,0.0,0.04,0.96,0.0,0.12114609454120741
39632986785714777,0.0,0.05,0.95,0.0,0.14319847855797813
39632986789907833,0.0,0.0,1.0,0.0,-0.0
39632986785714746,0.0,1.0,0.0,0.0,-0.0
39632976874570446,0.0,0.06,0.94,0.0,0.16372245957723813
39632976874571977,0.0,0.47,0.53,0.0,0.4987007942838698
39632981865792377,0.0,0.98,0.02,0.0,0.07072027127091034
39632986806683187,0.0,0.11,0.89,0.0,0.249957979082264
39632981865792732,0.0,0.89,0.11,0.0,0.249957979082264
39632981865792188,0.0,0.28,0.72,0.0,0.4277254052800653
39632986773131181,0.0,0.82,0.18,0.0,0.34003852286413994
39632956871934446,0.0,0.19,0.81,0.0,0.3507357299419487
39632961913489047,0.0,0.01,0.98,0.01,0.08072027127091033
39632951842964867,0.0,0.53,0.47,0.0,0.4987007942838698
39632961900906573,0.0,0.49,0.51,0.0,0.49985572087640495
39632981832237962,0.0,0.35,0.65,0.0,0.4670340276877455
39632951842964891,0.0,0.0,1.0,0.0,-0.0
39632956876132695,0.0,0.38,0.62,0.0,0.47902101111314976
39632986810878078,0.01,0.95,0.04,0.0,0.16124668093016215
39632981836433694,0.0,0.0,1.0,0.0,-0.0
39632996650714127,0.0,0.62,0.38,0.0,0.47902101111314976
39632976870375504,0.0,0.76,0.24,0.0,0.39752013969226113
39632996650717438,0.0,0.55,0.45,0.0,0.49638722699390414
39632966900517338,0.0,0.78,0.22,0.0,0.38008375148098283
39632996642324628,0.0,0.79,0.21,0.0,0.37074136996563684
39632996642324663,0.0,0.86,0.14,0.0,0.292119405821428
39632966913099368,0.0,0.8,0.2,0.0,0.36096404744368116
39633001545467753,0.0,0.92,0.08,0.0,0.2010895951011364
39632961892520901,0.0,0.46,0.54,0.0,0.49768921941011285
39632956871937499,0.0,0.54,0.46,0.0,0.49768921941011285
39632961892520790,0.06,0.94,0.0,0.0,0.16372245957723813
39632951830383108,0.0,0.65,0.35,0.0,0.4670340276877455
39632981819657701,0.0,0.7,0.3,0.0,0.44064544961534635
39632981819657738,0.0,0.97,0.03,0.0,0.0971959289157881
39632981840627992,0.0,1.0,0.0,0.0,-0.0
39632986789905696,0.0,0.15,0.85,0.0,0.3049201523582002
39632986794101770,0.0,0.03,0.97,0.0,0.0971959289157881
39632986794101884,0.0,0.66,0.34,0.0,0.46240935248651505
39632986794102139,0.0,0.14,0.86,0.0,0.292119405821428
39632986789905028,0.0,0.07,0.93,0.0,0.18296182545011158
39632986794101652,0.0,0.27,0.73,0.0,0.42073231810408784
39632966904711602,0.0,0.87,0.13,0.0,0.2787190925139945
39632951838773585,0.0,0.25,0.75,0.0,0.4056390622295664
39632971879155640,0.0,0.47,0.53,0.0,0.4987007942838698
39632986785710589,0.0,0.17,0.83,0.0,0.32885238937210975
39632981853210113,0.0,0.03,0.93,0.04,0.2174448102113104
39632996646518849,0.0,0.28,0.72,0.0,0.4277254052800653
39632981840628709,0.0,0.0,1.0,0.0,-0.0
39632951834575495,0.0,0.61,0.39,0.0,0.4823997742525436
39632986777323450,0.0,0.57,0.43,0.0,0.4929075185894599
39632956876132521,0.0,0.47,0.53,0.0,0.4987007942838698
39632976874572663,0.0,0.74,0.26,0.0,0.4133731862463089
39632976899739159,0.0,0.84,0.16,0.0,0.3171547773202831
39632966908906245,0.02,0.97,0.01,0.0,0.11097036642660543
39632966913099612,0.0,0.05,0.95,0.0,0.14319847855797813
39632956855159718,0.0,0.94,0.06,0.0,0.16372245957723813
39632961892519393,0.0,0.02,0.98,0.0,0.07072027127091034
39632966913099409,0.0,0.2,0.8,0.0,0.36096404744368116
39632956855159649,0.0,0.61,0.39,0.0,0.4823997742525436
39632966908905041,0.0,0.72,0.28,0.0,0.4277254052800653
39632981840629066,0.0,0.05,0.95,0.0,0.14319847855797813
39632951821991997,0.0,0.41,0.59,0.0,0.488250234378912
39632971895932493,0.0,0.02,0.98,0.0,0.07072027127091034
39632986785713749,0.0,0.45,0.55,0.0,0.49638722699390414
39632946797216823,0.0,0.87,0.13,0.0,0.2787190925139945
39632946772053420,0.0,0.33,0.67,0.0,0.4574631863898637
39632951830384054,0.01,0.91,0.08,0.0,0.24088153359695552
39632996638134840,0.0,0.05,0.95,0.0,0.14319847855797813
39632986777323652,0.0,0.28,0.72,0.0,0.4277254052800653
39632961896715392,0.0,0.87,0.13,0.0,0.2787190925139945
39632971879156383,0.0,0.25,0.75,0.0,0.4056390622295664
39632961888322696,0.0,0.82,0.18,0.0,0.34003852286413994
39632996650717752,0.0,0.29,0.71,0.0,0.43436062316970225
39632951821994365,0.0,0.0,0.93,0.07,0.18296182545011158
39632986789905365,0.0,0.08,0.92,0.0,0.2010895951011364
39632966908906389,0.0,0.12,0.88,0.0,0.2646804326436822
39632986789905551,0.0,0.11,0.89,0.0,0.249957979082264
39632981840629562,0.0,0.25,0.75,0.0,0.4056390622295664
39632981840629678,0.0,0.23,0.77,0.0,0.38900565177326885
39632981840629424,0.0,0.53,0.47,0.0,0.4987007942838698
39632966908906578,0.0,0.99,0.01,0.0,0.04039656794795559
39632956871934652,0.0,0.04,0.96,0.0,0.12114609454120741
39632986789905575,0.0,0.45,0.55,0.0,0.49638722699390414
39632996638131975,0.0,0.5,0.5,0.0,0.5
39632966908906740,0.0,0.19,0.81,0.0,0.3507357299419487
39632986768934560,0.0,0.11,0.89,0.0,0.249957979082264
39632991718215356,0.0,0.81,0.19,0.0,0.3507357299419487
39632986810877846,0.0,0.72,0.28,0.0,0.4277254052800653
39632991718215414,0.0,0.56,0.44,0.0,0.4947937606110278
39632956867742399,0.0,0.62,0.38,0.0,0.47902101111314976
39632961888322602,0.0,0.45,0.55,0.0,0.49638722699390414
39632991722408154,0.0,0.61,0.39,0.0,0.4823997742525436
39632986794100940,0.0,0.04,0.96,0.0,0.12114609454120741
39632986794101139,0.0,0.45,0.55,0.0,0.49638722699390414
39632951830383417,0.0,0.31,0.69,0.0,0.4465867291889284
39632961888325197,0.0,0.31,0.69,0.0,0.4465867291889284
39632986789907645,0.0,0.99,0.01,0.0,0.04039656794795559
39632986789907778,0.0,0.08,0.92,0.0,0.2010895951011364
39632946772053383,0.0,0.0,0.98,0.02,0.07072027127091034
39632951847159669,0.0,0.63,0.37,0.0,0.47533604634353294
39632986789907757,0.0,0.85,0.15,0.0,0.3049201523582002
39632946767856835,0.0,0.36,0.64,0.0,0.4713415946277461
39632946772052224,0.0,0.88,0.12,0.0,0.2646804326436822
39632986789908239,0.0,0.17,0.83,0.0,0.32885238937210975
39632956863546171,0.0,0.02,0.98,0.0,0.07072027127091034
39632961917683322,0.0,0.63,0.37,0.0,0.47533604634353294
39632986789907991,0.0,0.68,0.32,0.0,0.45219072886224687
39632986802490902,0.0,0.03,0.97,0.0,0.0971959289157881
39632966892126382,0.0,0.03,0.97,0.0,0.0971959289157881
39632966887936182,0.0,0.93,0.07,0.0,0.18296182545011158
39632966887936292,0.0,0.36,0.64,0.0,0.4713415946277461
39632991730798966,0.0,0.11,0.89,0.0,0.249957979082264
39632981832240314,0.0,0.08,0.92,0.0,0.2010895951011364
39632966887936368,0.0,0.33,0.67,0.0,0.4574631863898637
39632986806684232,0.0,0.78,0.22,0.0,0.38008375148098283
39632961871545458,0.0,0.42,0.58,0.0,0.49072694751682683
39632991722410164,0.0,0.11,0.89,0.0,0.249957979082264
39632966892126581,0.0,0.68,0.32,0.0,0.45219072886224687
39632971891740118,0.0,0.02,0.98,0.0,0.07072027127091034
39632991739183521,0.0,0.0,0.76,0.24,0.39752013969226113
39632966892126448,0.0,0.33,0.67,0.0,0.4574631863898637
39632961884131398,0.0,0.52,0.48,0.0,0.4994227679976009
39632951817800573,0.0,0.63,0.37,0.0,0.47533604634353294
39632986798296159,0.0,0.18,0.82,0.0,0.34003852286413994
39632971883348758,0.0,0.37,0.63,0.0,0.47533604634353294
39632966892126482,0.0,0.45,0.55,0.0,0.49638722699390414
39632966908905768,0.0,0.67,0.33,0.0,0.4574631863898637
39632986785714193,0.0,0.75,0.25,0.0,0.4056390622295664
39632951817800427,0.0,0.22,0.78,0.0,0.38008375148098283
39632981836433153,0.0,0.62,0.38,0.0,0.47902101111314976
39632966887932540,0.0,0.08,0.92,0.0,0.2010895951011364
39632961900905421,0.0,0.2,0.8,0.0,0.36096404744368116
39632951830384288,0.0,0.78,0.22,0.0,0.38008375148098283
39632961900905292,0.0,0.13,0.87,0.0,0.2787190925139945
39632986802490851,0.0,0.01,0.99,0.0,0.04039656794795559
39632961875739622,0.0,0.1,0.9,0.0,0.2344977967946406
39632961879933775,0.0,0.67,0.33,0.0,0.4574631863898637
39632961913488928,0.0,0.29,0.71,0.0,0.43436062316970225
39632981840630006,0.0,0.09,0.91,0.0,0.21823490853205144
39632961913488747,0.0,0.08,0.89,0.03,0.296452280596498
39632961900905623,0.0,0.06,0.94,0.0,0.16372245957723813
39632946780441620,0.0,0.18,0.82,0.0,0.34003852286413994
39632961900908767,0.0,0.96,0.04,0.0,0.12114609454120741
39632961900905596,0.0,0.37,0.63,0.0,0.47533604634353294
39632971891739904,0.0,0.09,0.91,0.0,0.21823490853205144
39632946780441571,0.0,0.75,0.25,0.0,0.4056390622295664
39632991739183361,0.0,0.01,0.99,0.0,0.04039656794795559
39632961900905538,0.0,0.04,0.89,0.07,0.3019692958352992
39632956863549704,0.0,0.86,0.14,0.0,0.292119405821428
39632946780441656,0.0,0.38,0.62,0.0,0.47902101111314976
39632946772054138,0.0,0.02,0.98,0.0,0.07072027127091034
39632991730798561,0.0,0.4,0.6,0.0,0.4854752972273343
39632961879934823,0.0,0.92,0.08,0.0,0.2010895951011364
39632991730798789,0.0,0.16,0.84,0.0,0.3171547773202831
39632986798293980,0.0,0.09,0.91,0.0,0.21823490853205144
39632991730798780,0.0,0.64,0.36,0.0,0.4713415946277461
39632976853602687,0.01,0.99,0.0,0.0,0.04039656794795559
39632991730798867,0.0,0.98,0.02,0.0,0.07072027127091034
39632951817800595,0.0,0.81,0.19,0.0,0.3507357299419487
39632996646520284,0.0,0.54,0.46,0.0,0.49768921941011285
39632946772051766,0.0,0.63,0.37,0.0,0.47533604634353294
39633001549660423,0.0,0.97,0.03,0.0,0.0971959289157881
39632986806685905,0.0,0.24,0.76,0.0,0.39752013969226113
39632986806684478,0.0,0.41,0.59,0.0,0.488250234378912
39632981832238160,0.0,0.7,0.3,0.0,0.44064544961534635
39632961900905065,0.0,0.21,0.79,0.0,0.37074136996563684
39632996633939973,0.0,0.67,0.33,0.0,0.4574631863898637
39632981857405345,0.0,0.03,0.97,0.0,0.0971959289157881
39632971891739895,0.0,0.35,0.65,0.0,0.4670340276877455
39632981832238010,0.03,0.92,0.05,0.0,0.239266955218135
39632981832238009,0.0,0.16,0.84,0.0,0.3171547773202831
39632951817801491,0.0,0.09,0.91,0.0,0.21823490853205144
39632981844824614,0.0,0.46,0.54,0.0,0.49768921941011285
39632991718214208,0.0,0.59,0.41,0.0,0.488250234378912
39632971921099124,0.0,0.67,0.33,0.0,0.4574631863898637
39632951842964725,0.0,0.46,0.54,0.0,0.49768921941011285
39632971921099140,0.0,0.71,0.29,0.0,0.43436062316970225
39632991726603189,0.0,0.05,0.95,0.0,0.14319847855797813
39632961900905680,0.0,0.0,0.87,0.13,0.2787190925139945
39632961888325503,0.0,0.92,0.08,0.0,0.2010895951011364
39632971891739037,0.0,0.86,0.14,0.0,0.292119405821428
39632986785714590,0.0,0.22,0.78,0.0,0.38008375148098283
39632956871934511,0.0,0.19,0.81,0.0,0.3507357299419487
39632991714020208,0.0,0.5,0.5,0.0,0.5
39632966887936041,0.0,0.7,0.3,0.0,0.44064544961534635
39632981823850825,0.0,0.98,0.02,0.0,0.07072027127091034
39632961892520424,0.0,0.0,0.99,0.01,0.04039656794795559
39632971916904570,0.0,0.04,0.96,0.0,0.12114609454120741
39632971879157321,0.0,0.15,0.85,0.0,0.3049201523582002
39632961888325124,0.0,0.09,0.91,0.0,0.21823490853205144
39632976866181688,0.0,0.77,0.23,0.0,0.38900565177326885
39632946772051719,0.0,0.01,0.98,0.01,0.08072027127091033
39632946772051704,0.0,0.46,0.54,0.0,0.49768921941011285
39632951838773657,0.0,0.0,1.0,0.0,-0.0
39632946772051945,0.0,0.06,0.94,0.0,0.16372245957723813
39632971883352563,0.0,0.99,0.01,0.0,0.04039656794795559
39632986789907505,0.0,0.34,0.66,0.0,0.46240935248651505
39632976891350176,0.0,0.02,0.95,0.03,0.1674722434193448
39632961879934736,0.0,0.81,0.19,0.0,0.3507357299419487
39632991722407665,0.0,0.26,0.74,0.0,0.4133731862463089
39632986785712998,0.0,0.19,0.81,0.0,0.3507357299419487
39632961884131195,0.0,0.01,0.99,0.0,0.04039656794795559
39632981865792276,0.0,0.34,0.66,0.0,0.46240935248651505
39632981865792260,0.0,0.69,0.31,0.0,0.4465867291889284
39632951851355541,0.0,0.17,0.83,0.0,0.32885238937210975
39632951851355215,0.0,0.65,0.35,0.0,0.4670340276877455
39632991739184772,0.0,0.64,0.36,0.0,0.4713415946277461
39632946784633975,0.0,0.97,0.03,0.0,0.0971959289157881
39632951851355075,0.0,0.98,0.02,0.0,0.07072027127091034
39632951851355140,0.0,0.89,0.11,0.0,0.249957979082264
39632951851355164,0.0,0.58,0.42,0.0,0.49072694751682683
39632996633939591,0.0,0.87,0.13,0.0,0.2787190925139945
39632961892516156,0.0,0.6,0.4,0.0,0.4854752972273343
39632976857795084,0.0,0.48,0.52,0.0,0.4994227679976009
39632991734992560,0.0,0.31,0.69,0.0,0.4465867291889284
39632961892515956,0.0,0.31,0.69,0.0,0.4465867291889284
39632991739184869,0.0,0.72,0.28,0.0,0.4277254052800653
39632961871545324,0.0,0.99,0.01,0.0,0.04039656794795559
39632981836433413,0.01,0.98,0.01,0.0,0.08072027127091033
39632981836433705,0.0,0.12,0.88,0.0,0.2646804326436822
39632961871545500,0.0,0.41,0.59,0.0,0.488250234378912
39632951838772030,0.0,0.51,0.49,0.0,0.49985572087640495
39632986802490714,0.0,0.43,0.57,0.0,0.4929075185894599
39632946780440109,0.0,0.78,0.22,0.0,0.38008375148098283
39632986794103223,0.0,0.51,0.49,0.0,0.49985572087640495
39632971891738647,0.0,0.72,0.28,0.0,0.4277254052800653
39632971891738860,0.0,0.42,0.58,0.0,0.49072694751682683
39632961896715095,0.0,0.01,0.99,0.0,0.04039656794795559
39632956859354991,0.0,0.0,0.99,0.01,0.04039656794795559
39632951821993813,0.0,0.83,0.17,0.0,0.32885238937210975
39632991734993459,0.0,0.0,0.96,0.04,0.12114609454120741
39632961896713360,0.0,0.12,0.88,0.0,0.2646804326436822
39632951834576368,0.0,0.01,0.99,0.0,0.04039656794795559
39632981849016563,0.0,0.82,0.18,0.0,0.34003852286413994
39632961892520468,0.0,0.53,0.47,0.0,0.4987007942838698
39632976887156093,0.0,0.26,0.74,0.0,0.4133731862463089
39632986802490907,0.0,0.04,0.96,0.0,0.12114609454120741
39632996638134764,0.0,0.88,0.12,0.0,0.2646804326436822
39632981832240081,0.0,0.19,0.81,0.0,0.3507357299419487
39632971916903817,0.0,0.11,0.89,0.0,0.249957979082264
39632991705631331,0.0,0.0,1.0,0.0,-0.0
39632996638134325,0.0,0.78,0.22,0.0,0.38008375148098283
39632961892520648,0.0,0.07,0.93,0.0,0.18296182545011158
39632961892518003,0.0,0.53,0.47,0.0,0.4987007942838698
39632996638133799,0.0,0.08,0.92,0.0,0.2010895951011364
39632961888322369,0.0,0.27,0.73,0.0,0.42073231810408784
39632991734993095,0.0,0.59,0.41,0.0,0.488250234378912
39632981849016547,0.0,0.09,0.91,0.0,0.21823490853205144
39632961909297049,0.0,0.17,0.83,0.0,0.32885238937210975
39632951842965268,0.0,0.46,0.54,0.0,0.49768921941011285
39632991705631377,0.0,0.79,0.21,0.0,0.37074136996563684
39632996638134783,0.0,0.1,0.9,0.0,0.2344977967946406
39632951834575163,0.0,0.0,0.99,0.01,0.04039656794795559
39632951842965381,0.0,0.78,0.22,0.0,0.38008375148098283
39632951834575378,0.0,0.0,0.99,0.01,0.04039656794795559
39632986798295076,0.0,0.1,0.9,0.0,0.2344977967946406
39632986768937085,0.0,0.06,0.94,0.0,0.16372245957723813
39632961913491732,0.0,0.48,0.52,0.0,0.4994227679976009
39632986806683040,0.0,0.1,0.9,0.0,0.2344977967946406
39632946776246671,0.0,0.55,0.45,0.0,0.49638722699390414
39632956850964275,0.0,0.79,0.21,0.0,0.37074136996563684
39632956850964018,0.0,1.0,0.0,0.0,-0.0
39632956850963681,0.0,0.42,0.58,0.0,0.49072694751682683
39632961884130972,0.0,0.04,0.96,0.0,0.12114609454120741
39632951821995859,0.0,0.54,0.46,0.0,0.49768921941011285
39632986768937096,0.0,0.0,0.98,0.02,0.07072027127091034
39632956859354804,0.0,0.54,0.46,0.0,0.49768921941011285
39632986806683877,0.0,0.6,0.4,0.0,0.4854752972273343
39632951821994001,0.0,0.15,0.84,0.01,0.3441379826496441
39632951821994155,0.0,0.13,0.87,0.0,0.2787190925139945
39632991709828003,0.0,0.71,0.29,0.0,0.43436062316970225
39632956888712492,0.0,0.8,0.2,0.0,0.36096404744368116
39632956888712460,0.0,0.36,0.64,0.0,0.4713415946277461
39632956892906566,0.0,0.65,0.35,0.0,0.4670340276877455
39632991734993265,0.0,0.52,0.48,0.0,0.4994227679976009
39632956888712841,0.0,0.04,0.96,0.0,0.12114609454120741
39632961875742459,0.0,0.98,0.02,0.0,0.07072027127091034
39632971879155054,0.0,0.9,0.1,0.0,0.2344977967946406
39632956888712706,0.0,0.79,0.21,0.0,0.37074136996563684
39632981861601408,0.0,0.8,0.2,0.0,0.36096404744368116
39632996642327998,0.0,0.27,0.73,0.0,0.42073231810408784
39632991705631376,0.0,0.26,0.74,0.0,0.4133731862463089
39632991705631547,0.0,0.82,0.18,0.0,0.34003852286413994
39632966896324440,0.0,0.64,0.36,0.0,0.4713415946277461
39632991705631350,0.0,0.31,0.69,0.0,0.4465867291889284
39632991705631556,0.0,0.48,0.52,0.0,0.4994227679976009
39632976878766062,0.0,0.37,0.63,0.0,0.47533604634353294
39632946772052861,0.0,0.82,0.18,0.0,0.34003852286413994
39632961892520321,0.0,0.34,0.66,0.0,0.46240935248651505
39632946772052889,0.0,0.84,0.16,0.0,0.3171547773202831
39632971887546026,0.0,0.05,0.95,0.0,0.14319847855797813
39632946772052852,0.0,0.02,0.98,0.0,0.07072027127091034
39632946780441052,0.0,0.12,0.88,0.0,0.2646804326436822
39632986802490285,0.0,0.93,0.07,0.0,0.18296182545011158
39632961892520198,0.0,0.65,0.35,0.0,0.4670340276877455
39632946780440525,0.0,0.1,0.9,0.0,0.2344977967946406
39632946780440851,0.0,0.55,0.45,0.0,0.49638722699390414
39632991705632098,0.0,0.23,0.77,0.0,0.38900565177326885
39632966883741931,0.0,0.91,0.09,0.0,0.21823490853205144
39632991718215786,0.0,0.98,0.02,0.0,0.07072027127091034
39632946788831450,0.0,0.04,0.96,0.0,0.12114609454120741
39632961892518618,0.0,0.05,0.95,0.0,0.14319847855797813
39632976895545434,0.0,0.23,0.77,0.0,0.38900565177326885
39632946776247275,0.0,0.34,0.66,0.0,0.46240935248651505
39632986806683487,0.0,0.78,0.22,0.0,0.38008375148098283
39632971891737280,0.0,0.16,0.84,0.0,0.3171547773202831
39632966887931940,0.0,0.16,0.84,0.0,0.3171547773202831
39632946772050876,0.0,0.59,0.41,0.0,0.488250234378912
39632981840629457,0.0,1.0,0.0,0.0,-0.0
39632976899738176,0.0,0.6,0.4,0.0,0.4854752972273343
39632961913487431,0.0,0.31,0.69,0.0,0.4465867291889284
39632981861597311,0.0,0.68,0.32,0.0,0.45219072886224687
39632996638134799,0.0,0.35,0.65,0.0,0.4670340276877455
39632961892520963,0.0,0.01,0.99,0.0,0.04039656794795559
39632976874572614,0.0,0.89,0.11,0.0,0.249957979082264
39632946797217271,0.01,0.94,0.05,0.0,0.1832231322266888
39632971895932900,0.0,0.24,0.76,0.0,0.39752013969226113
39632966908905461,0.0,0.08,0.92,0.0,0.2010895951011364
39632991714017351,0.0,0.07,0.93,0.0,0.18296182545011158
39632991714017343,0.0,0.3,0.7,0.0,0.44064544961534635
39632956863550023,0.0,0.96,0.04,0.0,0.12114609454120741
39632996638131840,0.0,0.0,1.0,0.0,-0.0
39632951817799792,0.0,0.98,0.02,0.0,0.07072027127091034
39632951817800039,0.0,0.05,0.95,0.0,0.14319847855797813
39632971891739999,0.0,0.87,0.13,0.0,0.2787190925139945
39632956850964810,0.15,0.85,0.0,0.0,0.3049201523582002
39632971916906137,0.0,0.0,0.99,0.01,0.04039656794795559
39632956859351610,0.0,0.0,0.91,0.09,0.21823490853205144
39632986806685283,0.0,0.06,0.91,0.03,0.2595582210645035
39632951851355212,0.0,0.88,0.12,0.0,0.2646804326436822
39632956867743523,0.0,0.0,0.86,0.14,0.292119405821428
39632961917684300,0.0,0.35,0.65,0.0,0.4670340276877455
39632961917683380,0.0,0.33,0.67,0.0,0.4574631863898637
39632981832240533,0.0,0.35,0.65,0.0,0.4670340276877455
39632956867743890,0.0,0.18,0.82,0.0,0.34003852286413994
39632956867743569,0.0,0.55,0.45,0.0,0.49638722699390414
39632956880322778,0.0,0.69,0.31,0.0,0.4465867291889284
39632971891738508,0.0,0.84,0.16,0.0,0.3171547773202831
39632976861987311,0.0,0.27,0.73,0.0,0.42073231810408784
39632951842964517,0.0,0.09,0.91,0.0,0.21823490853205144
39632961892516223,0.0,0.27,0.73,0.0,0.42073231810408784
39632981823848773,0.0,0.2,0.8,0.0,0.36096404744368116
39632956867743917,0.0,0.01,0.73,0.26,0.4515849675378141
39632976887153938,0.0,0.64,0.36,0.0,0.4713415946277461
39632951821995286,0.0,0.67,0.33,0.0,0.4574631863898637
39632961879933429,0.0,0.91,0.09,0.0,0.21823490853205144
39632986806684968,0.0,0.91,0.09,0.0,0.21823490853205144
39632986798296057,0.0,0.15,0.85,0.0,0.3049201523582002
39632981844824376,0.0,0.67,0.33,0.0,0.4574631863898637
39632946793024832,0.0,0.25,0.75,0.0,0.4056390622295664
39632946793024908,0.0,0.29,0.71,0.0,0.43436062316970225
39632966929875393,0.0,0.93,0.07,0.0,0.18296182545011158
39632951847158515,0.0,0.26,0.74,0.0,0.4133731862463089
39632981865793191,0.0,0.71,0.29,0.0,0.43436062316970225
39632966929875289,0.0,0.18,0.82,0.0,0.34003852286413994
39632966917294160,0.0,0.36,0.64,0.0,0.4713415946277461
39632961888325485,0.0,0.18,0.82,0.0,0.34003852286413994
39632961879933235,0.0,0.0,0.96,0.04,0.12114609454120741
39632946793024650,0.0,0.56,0.44,0.0,0.4947937606110278
39632946793024479,0.0,1.0,0.0,0.0,-0.0
39632946793024571,0.0,0.75,0.25,0.0,0.4056390622295664
39632971912713107,0.0,0.99,0.01,0.0,0.04039656794795559
39632976857794928,0.0,0.2,0.8,0.0,0.36096404744368116
39632961913487687,0.0,0.75,0.25,0.0,0.4056390622295664
39632981861598222,0.0,0.65,0.35,0.0,0.4670340276877455
39632996638133639,0.0,0.3,0.7,0.0,0.44064544961534635
39632996638133683,0.0,0.38,0.62,0.0,0.47902101111314976
39632951821995299,0.0,0.03,0.97,0.0,0.0971959289157881
39632986777322393,0.0,0.0,1.0,0.0,-0.0
39632956867743441,0.0,0.01,0.99,0.0,0.04039656794795559
39632961896715274,0.0,0.9,0.1,0.0,0.2344977967946406
39632966887933002,0.0,0.34,0.66,0.0,0.46240935248651505
39632981836432966,0.0,0.45,0.55,0.0,0.49638722699390414
39632951851353821,0.0,0.77,0.23,0.0,0.38900565177326885
39632976895542666,0.0,0.94,0.06,0.0,0.16372245957723813
39632971879156708,0.0,0.17,0.83,0.0,0.32885238937210975
39632986802491100,0.0,0.88,0.12,0.0,0.2646804326436822
39632966929875097,0.0,0.1,0.9,0.0,0.2344977967946406
39632961905100126,0.0,0.38,0.62,0.0,0.47902101111314976
39632951842968148,0.0,0.24,0.76,0.0,0.39752013969226113
39632966900517844,0.0,0.23,0.77,0.0,0.38900565177326885
39632966900517911,0.0,0.4,0.6,0.0,0.4854752972273343
39632961875742448,0.0,1.0,0.0,0.0,-0.0
39632961871544744,0.0,0.96,0.04,0.0,0.12114609454120741
39632961871544808,0.0,0.22,0.78,0.0,0.38008375148098283
39632981832238513,0.0,0.96,0.04,0.0,0.12114609454120741
39632981832238439,0.0,0.27,0.73,0.0,0.42073231810408784
39632961896715402,0.0,0.12,0.88,0.0,0.2646804326436822
39632951830384036,0.0,0.5,0.5,0.0,0.5
39632966925682602,0.0,0.8,0.2,0.0,0.36096404744368116
39632966925682597,0.0,0.63,0.37,0.0,0.47533604634353294
39632986773127450,0.0,0.33,0.67,0.0,0.4574631863898637
39632971921098280,0.0,0.0,1.0,0.0,-0.0
39632971887542782,0.0,0.31,0.69,0.0,0.4465867291889284
39632971921098235,0.0,0.12,0.88,0.0,0.2646804326436822
39632971887542853,0.0,0.72,0.28,0.0,0.4277254052800653
39632971887542948,0.0,0.06,0.94,0.0,0.16372245957723813
39632951830385233,0.0,0.76,0.24,0.0,0.39752013969226113
39632951830385215,0.0,0.77,0.23,0.0,0.38900565177326885
39632951826186456,0.0,0.89,0.11,0.0,0.249957979082264
39632971887544276,0.0,0.52,0.48,0.0,0.4994227679976009
39632951830384396,0.0,0.76,0.24,0.0,0.39752013969226113
39632951830384033,0.0,0.44,0.56,0.0,0.4947937606110278
39632951830383897,0.0,0.19,0.81,0.0,0.3507357299419487
39632966896322891,0.0,0.79,0.21,0.0,0.37074136996563684
39632966879546855,0.0,0.07,0.93,0.0,0.18296182545011158
39632966879547029,0.0,0.5,0.5,0.0,0.5
39632951851353031,0.0,0.13,0.87,0.0,0.2787190925139945
39632951851352840,0.0,0.51,0.49,0.0,0.49985572087640495
39632971879154103,0.0,0.63,0.37,0.0,0.47533604634353294
39632966925682620,0.0,0.96,0.04,0.0,0.12114609454120741
39632986785713200,0.0,0.0,0.82,0.18,0.34003852286413994
39632986773129614,0.0,0.99,0.01,0.0,0.04039656794795559
39632961896715324,0.0,0.7,0.3,0.0,0.44064544961534635
39632961892516425,0.0,0.72,0.28,0.0,0.4277254052800653
39632956871936117,0.0,0.64,0.36,0.0,0.4713415946277461
39632956863545870,0.0,0.86,0.14,0.0,0.292119405821428
39632956863545854,0.0,0.92,0.08,0.0,0.2010895951011364
39632956876130670,0.0,0.42,0.58,0.0,0.49072694751682683
39632956855160890,0.0,0.58,0.42,0.0,0.49072694751682683
39632986773129550,0.0,0.33,0.67,0.0,0.4574631863898637
39632956855161014,0.0,0.12,0.88,0.0,0.2646804326436822
39632956888716026,0.0,0.02,0.98,0.0,0.07072027127091034
39632946776248723,0.0,0.01,0.99,0.0,0.04039656794795559
39632941717915218,0.01,0.96,0.03,0.0,0.13737165703039006
39632966925682623,0.0,0.67,0.33,0.0,0.4574631863898637
39632956859353783,0.0,0.89,0.11,0.0,0.249957979082264
39632941717913900,0.01,0.99,0.0,0.0,0.04039656794795559
39632941717915384,0.0,1.0,0.0,0.0,-0.0
39632941717913981,0.0,0.05,0.95,0.0,0.14319847855797813
39632951851354493,0.0,0.26,0.74,0.0,0.4133731862463089
39632951838771788,0.0,0.52,0.48,0.0,0.4994227679976009
39632956859353722,0.0,0.0,1.0,0.0,-0.0
39632991718216015,0.0,0.53,0.47,0.0,0.4987007942838698
39632941717916166,0.0,0.83,0.17,0.0,0.32885238937210975
39632996650717581,0.0,0.07,0.93,0.0,0.18296182545011158
39632996650717749,0.0,0.26,0.74,0.0,0.4133731862463089
39633001545468988,0.0,0.98,0.02,0.0,0.07072027127091034
39632991730798078,0.0,0.32,0.68,0.0,0.45219072886224687
39632991730798120,0.0,0.69,0.31,0.0,0.4465867291889284
39633001545468822,0.0,0.98,0.02,0.0,0.07072027127091034
39632961913488699,0.0,0.06,0.94,0.0,0.16372245957723813
39632971887543302,0.0,0.53,0.47,0.0,0.4987007942838698
39632996646519817,0.0,0.03,0.97,0.0,0.0971959289157881
39632971887543072,0.0,0.0,0.92,0.08,0.2010895951011364
39632941717915813,0.0,0.86,0.14,0.0,0.292119405821428
39632981832240425,0.0,0.02,0.92,0.06,0.23354072007950172
39632976857793133,0.0,1.0,0.0,0.0,-0.0
39632966917295037,0.0,0.0,0.99,0.01,0.04039656794795559
39632951847157800,0.0,0.18,0.82,0.0,0.34003852286413994
39632966925685031,0.0,0.19,0.81,0.0,0.3507357299419487
39632996642324978,0.0,0.76,0.24,0.0,0.39752013969226113
39632986802490618,0.0,0.25,0.75,0.0,0.4056390622295664
39632956867740748,0.0,0.04,0.96,0.0,0.12114609454120741
39632991718214378,0.0,0.76,0.24,0.0,0.39752013969226113
39632976887153762,0.0,0.74,0.26,0.0,0.4133731862463089
39632981832240051,0.0,0.24,0.76,0.0,0.39752013969226113
39632986773130836,0.0,0.21,0.79,0.0,0.37074136996563684
39632986802490595,0.0,0.81,0.19,0.0,0.3507357299419487
39632966917295261,0.0,0.49,0.51,0.0,0.49985572087640495
39632956863546148,0.0,0.16,0.84,0.0,0.3171547773202831
39632981861597505,0.0,0.28,0.72,0.0,0.4277254052800653
39632981849018762,0.0,0.06,0.93,0.01,0.20367037270049304
39632976891347894,0.0,0.05,0.95,0.0,0.14319847855797813
39632996633937558,0.0,0.98,0.02,0.0,0.07072027127091034
39632961905099640,0.0,0.63,0.37,0.0,0.47533604634353294
39632971887543315,0.0,0.68,0.32,0.0,0.45219072886224687
39632941717915363,0.0,0.03,0.97,0.0,0.0971959289157881
39632951826188181,0.0,0.21,0.79,0.0,0.37074136996563684
39632976887155617,0.0,0.71,0.29,0.0,0.43436062316970225
39632981857408167,0.0,0.01,0.99,0.0,0.04039656794795559
39632981857408220,0.0,0.06,0.94,0.0,0.16372245957723813
39632956888715562,0.0,0.9,0.1,0.0,0.2344977967946406
39632991730797665,0.0,0.6,0.4,0.0,0.4854752972273343
39632966896321201,0.0,0.86,0.14,0.0,0.292119405821428
39632976870375656,0.0,0.95,0.05,0.0,0.14319847855797813
39632956871934237,0.0,0.11,0.89,0.0,0.249957979082264
39632981857408181,0.0,0.99,0.01,0.0,0.04039656794795559
39632956888715291,0.0,0.0,0.98,0.02,0.07072027127091034
39632991730797684,0.0,0.0,0.99,0.01,0.04039656794795559
39632991730797759,0.0,0.0,0.95,0.05,0.14319847855797813
39632991730797817,0.0,0.59,0.41,0.0,0.488250234378912
39632991730797903,0.0,0.7,0.3,0.0,0.44064544961534635
39632961917681987,0.0,1.0,0.0,0.0,-0.0
39632996638134563,0.0,0.83,0.17,0.0,0.32885238937210975
39632971879154000,0.01,0.91,0.08,0.0,0.24088153359695552
39632961917682150,0.0,0.77,0.23,0.0,0.38900565177326885
39632966908906125,0.0,0.76,0.24,0.0,0.39752013969226113
39632961896715318,0.0,0.28,0.72,0.0,0.4277254052800653
39632956884517186,0.0,0.95,0.05,0.0,0.14319847855797813
39632971887542783,0.0,0.47,0.53,0.0,0.4987007942838698
39632981840629429,0.0,0.63,0.37,0.0,0.47533604634353294
39632991705630881,0.0,0.06,0.94,0.0,0.16372245957723813
39632981819656361,0.0,0.06,0.94,0.0,0.16372245957723813
39632951817799734,0.0,0.99,0.01,0.0,0.04039656794795559
39632956859353907,0.0,0.41,0.59,0.0,0.488250234378912
39632961888323201,0.0,0.41,0.59,0.0,0.488250234378912
39632981861598036,0.0,0.85,0.15,0.0,0.3049201523582002
39632986806684236,0.0,0.14,0.86,0.0,0.292119405821428
39632981823849472,0.02,0.98,0.0,0.0,0.07072027127091034
39632976887155549,0.0,0.92,0.08,0.0,0.2010895951011364
39632981823849181,0.0,0.5,0.5,0.0,0.5
39632981849014950,0.0,0.24,0.76,0.0,0.39752013969226113
39632981849014943,0.0,0.37,0.63,0.0,0.47533604634353294
39632951834576044,0.0,0.85,0.15,0.0,0.3049201523582002
39632956888714905,0.0,0.2,0.8,0.0,0.36096404744368116
39632966908906078,0.0,0.88,0.12,0.0,0.2646804326436822
39632951842964596,0.0,0.24,0.76,0.0,0.39752013969226113
39632956855160653,0.0,0.11,0.89,0.0,0.249957979082264
39632956855160672,0.0,0.17,0.83,0.0,0.32885238937210975
39632956888715243,0.0,0.52,0.48,0.0,0.4994227679976009
39632981819656143,0.0,0.18,0.82,0.0,0.34003852286413994
39632986781518325,0.0,0.06,0.93,0.01,0.20367037270049304
39632956884517234,0.0,0.49,0.51,0.0,0.49985572087640495
39632941717915240,0.0,0.43,0.57,0.0,0.4929075185894599
39632966879546283,0.0,0.02,0.98,0.0,0.07072027127091034
39632951851354081,0.0,0.55,0.45,0.0,0.49638722699390414
39632966925685234,0.0,0.05,0.95,0.0,0.14319847855797813
39632956863545700,0.0,0.0,1.0,0.0,-0.0
39632966925685183,0.0,0.68,0.32,0.0,0.45219072886224687
39632986802490981,0.0,0.81,0.19,0.0,0.3507357299419487
39632951851354105,0.0,0.83,0.17,0.0,0.32885238937210975
39632981840629782,0.0,0.13,0.87,0.0,0.2787190925139945
39632981819657366,0.0,0.11,0.89,0.0,0.249957979082264
39632961871544803,0.0,0.9,0.1,0.0,0.2344977967946406
39632961875740073,0.0,0.16,0.83,0.01,0.3562867308783886
39632986773131295,0.0,0.01,0.99,0.0,0.04039656794795559
39632976895542226,0.0,0.26,0.74,0.0,0.4133731862463089
39632971887543120,0.0,0.33,0.67,0.0,0.4574631863898637
39632991718216439,0.0,0.6,0.4,0.0,0.4854752972273343
39632971879157942,0.0,0.08,0.92,0.0,0.2010895951011364
39632951851354096,0.0,0.17,0.83,0.0,0.32885238937210975
39632971912713161,0.0,0.71,0.29,0.0,0.43436062316970225
39632971887543113,0.0,0.38,0.62,0.0,0.47902101111314976
39632981828045916,0.0,0.03,0.97,0.0,0.0971959289157881
39632986773131143,0.0,0.03,0.97,0.0,0.0971959289157881
39632971879157736,0.0,0.13,0.87,0.0,0.2787190925139945
39632971879155612,0.0,0.08,0.92,0.0,0.2010895951011364
39632961875740254,0.0,0.36,0.64,0.0,0.4713415946277461
39632971912708869,0.0,0.32,0.68,0.0,0.45219072886224687
39632961905100568,0.0,0.65,0.35,0.0,0.4670340276877455
39632986798296373,0.0,0.77,0.23,0.0,0.38900565177326885
39632971879155377,0.0,0.69,0.31,0.0,0.4465867291889284
39632971879155438,0.0,0.61,0.39,0.0,0.4823997742525436
39632956871934921,0.0,0.04,0.96,0.0,0.12114609454120741
39632961913488626,0.0,0.06,0.91,0.03,0.2595582210645035
39632966883740001,0.0,0.58,0.42,0.0,0.49072694751682683
39632966887936506,0.0,0.16,0.84,0.0,0.3171547773202831
39632966908906145,0.0,0.7,0.3,0.0,0.44064544961534635
39632971891737349,0.0,0.49,0.51,0.0,0.49985572087640495
39632946793023847,0.0,0.83,0.17,0.0,0.32885238937210975
39632951842964250,0.0,0.69,0.31,0.0,0.4465867291889284
39632981840629720,0.0,0.05,0.95,0.0,0.14319847855797813
39632986781518850,0.0,0.13,0.87,0.0,0.2787190925139945
39632971879157374,0.0,0.59,0.41,0.0,0.488250234378912
39632971879157266,0.0,0.26,0.74,0.0,0.4133731862463089
39632971879154857,0.0,0.0,0.97,0.03,0.0971959289157881
39632966879547583,0.0,0.11,0.88,0.01,0.28950944366190023
39632966896322166,0.0,0.46,0.54,0.0,0.49768921941011285
39632966900517952,0.0,0.29,0.71,0.0,0.43436062316970225
39632951851353516,0.0,0.35,0.65,0.0,0.4670340276877455
39632991726600602,0.0,0.21,0.78,0.01,0.4094279001393156
39632961892517645,0.0,0.1,0.9,0.0,0.2344977967946406
39632991730795657,0.0,0.56,0.44,0.0,0.4947937606110278
39632961892517501,0.0,0.98,0.02,0.0,0.07072027127091034
39632971891737949,0.0,0.83,0.17,0.0,0.32885238937210975
39632971891738782,0.0,0.82,0.18,0.0,0.34003852286413994
39632951842968259,0.0,0.77,0.23,0.0,0.38900565177326885
39632976866183292,0.0,0.69,0.31,0.0,0.4465867291889284
39632981828044835,0.0,0.22,0.78,0.0,0.38008375148098283
39632976857796892,0.0,0.92,0.08,0.0,0.2010895951011364
39632946797217911,0.01,0.98,0.01,0.0,0.08072027127091033
39632951851353930,0.0,0.86,0.14,0.0,0.292119405821428
39632966925681591,0.0,0.01,0.98,0.01,0.08072027127091033
39632956850963539,0.0,0.87,0.13,0.0,0.2787190925139945
39632986781517856,0.0,0.86,0.14,0.0,0.292119405821428
39632951851354030,0.0,0.69,0.31,0.0,0.4465867291889284
39632946763665633,0.0,0.58,0.42,0.0,0.49072694751682683
39632986773130034,0.0,0.71,0.29,0.0,0.43436062316970225
39632991718212823,0.0,0.26,0.74,0.0,0.4133731862463089
39632991718212777,0.0,0.94,0.06,0.0,0.16372245957723813
39632986785714066,0.0,0.36,0.64,0.0,0.4713415946277461
39632986802491057,0.0,0.04,0.96,0.0,0.12114609454120741
39632971887543086,0.0,0.33,0.67,0.0,0.4574631863898637
39632986768936992,0.0,0.59,0.41,0.0,0.488250234378912
39632971887542972,0.0,0.8,0.2,0.0,0.36096404744368116
39632981832240238,0.0,0.66,0.34,0.0,0.46240935248651505
39632981832240354,0.0,0.94,0.06,0.0,0.16372245957723813
39632981832240437,0.0,0.93,0.07,0.0,0.18296182545011158
39632971912710722,0.0,0.67,0.33,0.0,0.4574631863898637
39632986773130048,0.0,0.0,0.98,0.02,0.07072027127091034
39632986773129833,0.0,0.87,0.13,0.0,0.2787190925139945
39632986773130003,0.0,0.15,0.85,0.0,0.3049201523582002
39632961867355025,0.0,0.47,0.53,0.0,0.4987007942838698
39632961867354748,0.0,0.96,0.04,0.0,0.12114609454120741
39632951851353566,0.0,0.42,0.58,0.0,0.49072694751682683
39632991730796511,0.0,0.02,0.98,0.0,0.07072027127091034
39632966879544936,0.0,0.95,0.05,0.0,0.14319847855797813
39632961867354302,0.0,1.0,0.0,0.0,-0.0
39632971874961660,0.0,0.71,0.29,0.0,0.43436062316970225
39632961867354361,0.0,0.97,0.03,0.0,0.0971959289157881
39632966879544850,0.0,0.84,0.16,0.0,0.3171547773202831
39632966879545196,0.0,0.06,0.94,0.0,0.16372245957723813
39632951817798243,0.0,0.36,0.64,0.0,0.4713415946277461
39632966879544741,0.0,0.57,0.43,0.0,0.4929075185894599
39632961867355092,0.0,0.03,0.97,0.0,0.0971959289157881
39632996638134174,0.0,0.05,0.95,0.0,0.14319847855797813
39632956863549550,0.0,0.26,0.74,0.0,0.4133731862463089
39632951817799808,0.0,0.71,0.29,0.0,0.43436062316970225
39632951817799642,0.0,0.16,0.84,0.0,0.3171547773202831
39632951842967430,0.0,0.08,0.92,0.0,0.2010895951011364
39632981832239887,0.0,0.48,0.52,0.0,0.4994227679976009
39632986768935103,0.0,0.01,0.99,0.0,0.04039656794795559
39632986773129962,0.0,0.01,0.99,0.0,0.04039656794795559
39632991705629012,0.0,0.0,0.94,0.06,0.16372245957723813
39633001541273498,0.0,0.93,0.07,0.0,0.18296182545011158
39632961871545259,0.0,0.9,0.1,0.0,0.2344977967946406
39632956867744086,0.01,0.44,0.55,0.0,0.5309792175678756
39632986802490647,0.0,0.59,0.41,0.0,0.488250234378912
39632961875740230,0.0,0.36,0.64,0.0,0.4713415946277461
39632986802490399,0.0,0.35,0.65,0.0,0.4670340276877455
39632976861987108,0.0,0.2,0.8,0.0,0.36096404744368116
39632976887152942,0.0,0.88,0.12,0.0,0.2646804326436822
39632976861987280,0.0,0.25,0.75,0.0,0.4056390622295664
39632961871544998,0.0,0.62,0.38,0.0,0.47902101111314976
39632956867744160,0.0,0.68,0.32,0.0,0.45219072886224687
39632981861597780,0.0,0.6,0.4,0.0,0.4854752972273343
39632976887153764,0.0,0.22,0.78,0.0,0.38008375148098283
39632971891737979,0.0,0.86,0.14,0.0,0.292119405821428
39632986773130439,0.0,0.0,0.98,0.02,0.07072027127091034
39632971891738027,0.0,0.33,0.67,0.0,0.4574631863898637
39632941713722194,0.0,0.04,0.94,0.02,0.19127133459887283
39632976882962268,0.0,0.15,0.85,0.0,0.3049201523582002
39632976887155379,0.0,0.56,0.44,0.0,0.4947937606110278
39632956850963175,0.0,0.91,0.09,0.0,0.21823490853205144
39632951842964526,0.0,0.02,0.98,0.0,0.07072027127091034
39632941713723302,0.0,0.83,0.17,0.0,0.32885238937210975
39632956855160640,0.0,0.39,0.61,0.0,0.4823997742525436
39632956876131532,0.0,0.94,0.06,0.0,0.16372245957723813
39632996650714980,0.0,0.22,0.78,0.0,0.38008375148098283
39632956876131475,0.0,0.57,0.43,0.0,0.4929075185894599
39632966887935072,0.0,0.43,0.57,0.0,0.4929075185894599
39632976891348451,0.0,0.87,0.13,0.0,0.2787190925139945
39632981840630048,0.0,0.0,1.0,0.0,-0.0
39632956855160490,0.0,0.0,0.99,0.01,0.04039656794795559
39632956876131485,0.0,0.46,0.54,0.0,0.49768921941011285
39632966900516550,0.0,0.0,0.89,0.11,0.249957979082264
39632966904711427,0.0,0.24,0.76,0.0,0.39752013969226113
39632966904711343,0.0,0.3,0.7,0.0,0.44064544961534635
39632986777325715,0.0,0.12,0.88,0.0,0.2646804326436822
39632986781515851,0.0,0.4,0.6,0.0,0.4854752972273343
39632956876131760,0.0,0.01,0.99,0.0,0.04039656794795559
39632956850964320,0.0,0.0,0.85,0.15,0.3049201523582002
39632971921099540,0.0,0.23,0.77,0.0,0.38900565177326885
39632986794102388,0.0,0.23,0.77,0.0,0.38900565177326885
39632971916905365,0.0,0.95,0.05,0.0,0.14319847855797813
39632971916904969,0.0,0.38,0.62,0.0,0.47902101111314976
39632966883737700,0.0,0.78,0.22,0.0,0.38008375148098283
39632966896323205,0.0,0.28,0.72,0.0,0.4277254052800653
39632966883737758,0.0,0.12,0.88,0.0,0.2646804326436822
39632946788829401,0.0,0.47,0.53,0.0,0.4987007942838698
39632966887935145,0.0,0.89,0.11,0.0,0.249957979082264
39632976861987905,0.0,0.25,0.75,0.0,0.4056390622295664
39632976861989489,0.0,0.0,1.0,0.0,-0.0
39632956876131791,0.0,0.57,0.43,0.0,0.4929075185894599
39632981836431890,0.0,0.12,0.88,0.0,0.2646804326436822
39632971883350896,0.0,0.13,0.87,0.0,0.2787190925139945
39632971883351528,0.0,0.89,0.11,0.0,0.249957979082264
39632946788829310,0.0,0.91,0.09,0.0,0.21823490853205144
39632996646519449,0.0,0.88,0.12,0.0,0.2646804326436822
39632981840629963,0.0,0.98,0.02,0.0,0.07072027127091034
39632956855160505,0.0,0.89,0.11,0.0,0.249957979082264
39632971883351479,0.0,0.78,0.22,0.0,0.38008375148098283
39632986777325683,0.0,0.06,0.94,0.0,0.16372245957723813
39632971883351388,0.0,0.93,0.07,0.0,0.18296182545011158
39632941717913961,0.0,0.02,0.98,0.0,0.07072027127091034
39632981853211919,0.0,0.73,0.27,0.0,0.42073231810408784
39632986777324491,0.0,0.01,0.98,0.01,0.08072027127091033
39632981853211878,0.0,0.38,0.62,0.0,0.47902101111314976
39632961913490226,0.0,0.9,0.1,0.0,0.2344977967946406
39632996646523543,0.0,0.21,0.79,0.0,0.37074136996563684
39632986777324873,0.0,0.87,0.13,0.0,0.2787190925139945
39632986777325130,0.0,0.17,0.83,0.0,0.32885238937210975
39632961900909857,0.0,0.18,0.82,0.0,0.34003852286413994
39632951826189097,0.0,0.09,0.91,0.0,0.21823490853205144
39632971883351513,0.0,0.28,0.72,0.0,0.4277254052800653
39632951851355877,0.0,0.95,0.05,0.0,0.14319847855797813
39632981823850949,0.0,0.94,0.06,0.0,0.16372245957723813
39632976891348043,0.0,0.44,0.56,0.0,0.4947937606110278
39632951851355742,0.0,0.9,0.1,0.0,0.2344977967946406
39632971921100664,0.0,0.65,0.35,0.0,0.4670340276877455
39632971908514706,0.0,0.02,0.98,0.0,0.07072027127091034
39632966900516657,0.0,0.96,0.04,0.0,0.12114609454120741
39632971908514830,0.0,0.96,0.04,0.0,0.12114609454120741
39632961905099276,0.0,0.35,0.65,0.0,0.4670340276877455
39632961905099303,0.0,0.35,0.65,0.0,0.4670340276877455
39632951842964597,0.0,0.94,0.06,0.0,0.16372245957723813
39632966900519304,0.0,0.28,0.72,0.0,0.4277254052800653
39632981836433466,0.0,0.0,0.76,0.24,0.39752013969226113
39632981836433056,0.0,0.29,0.71,0.0,0.43436062316970225
39632996642326884,0.0,0.58,0.42,0.0,0.49072694751682683
39632986773127998,0.0,0.11,0.89,0.0,0.249957979082264
39632961909294346,0.0,0.08,0.92,0.0,0.2010895951011364
39632986773128114,0.0,0.75,0.25,0.0,0.4056390622295664
39632961900906967,0.0,0.46,0.54,0.0,0.49768921941011285
39632981840628287,0.0,0.5,0.5,0.0,0.5
39632951821995065,0.0,0.56,0.44,0.0,0.4947937606110278
39632966904709193,0.0,0.85,0.15,0.0,0.3049201523582002
39632966904709280,0.0,0.67,0.33,0.0,0.4574631863898637
39632961900906208,0.0,0.37,0.63,0.0,0.47533604634353294
39632961900906272,0.0,0.01,0.99,0.0,0.04039656794795559
39632961900906312,0.0,0.95,0.05,0.0,0.14319847855797813
39632971908517584,0.0,0.15,0.85,0.0,0.3049201523582002
39632996638130984,0.02,0.98,0.0,0.0,0.07072027127091034
39632996650714467,0.0,0.99,0.01,0.0,0.04039656794795559
39632951842964314,0.0,0.09,0.91,0.0,0.21823490853205144
39632966904711497,0.0,0.36,0.64,0.0,0.4713415946277461
39632966904712294,0.0,0.63,0.37,0.0,0.47533604634353294
39632981840629762,0.0,0.46,0.54,0.0,0.49768921941011285
39632951830384344,0.0,0.09,0.91,0.0,0.21823490853205144
39632946776247854,0.0,0.89,0.11,0.0,0.249957979082264
39632946776247849,0.0,0.48,0.52,0.0,0.4994227679976009
39632951842964852,0.0,0.76,0.24,0.0,0.39752013969226113
39632986785713312,0.0,0.22,0.78,0.0,0.38008375148098283
39632971908517561,0.0,0.21,0.79,0.0,0.37074136996563684
39632971921099585,0.0,0.0,1.0,0.0,-0.0
39632981840629792,0.0,0.0,0.98,0.02,0.07072027127091034
39632966908905488,0.0,0.16,0.84,0.0,0.3171547773202831
39632996638131024,0.0,0.39,0.61,0.0,0.4823997742525436
39632971912710744,0.01,0.9,0.09,0.0,0.2579475764741046
39632986781518558,0.0,0.99,0.01,0.0,0.04039656794795559
39632976899738359,0.0,0.09,0.88,0.03,0.3133571201112301
39633001553856193,0.0,0.88,0.12,0.0,0.2646804326436822
39633001553856002,0.0,0.51,0.49,0.0,0.49985572087640495
39632966892126910,0.0,0.37,0.63,0.0,0.47533604634353294
39632966892126968,0.0,0.59,0.41,0.0,0.488250234378912
39632966892126907,0.0,0.46,0.54,0.0,0.49768921941011285
39632966892126811,0.0,0.42,0.58,0.0,0.49072694751682683
39633001545468813,0.0,0.53,0.47,0.0,0.4987007942838698
39633001545468858,0.0,0.04,0.96,0.0,0.12114609454120741
39632971904323513,0.0,0.89,0.11,0.0,0.249957979082264
39633001553855967,0.0,0.13,0.87,0.0,0.2787190925139945
39632976899740325,0.0,0.76,0.24,0.0,0.39752013969226113
39632981861600664,0.0,0.04,0.96,0.0,0.12114609454120741
39632996633939836,0.0,0.43,0.57,0.0,0.4929075185894599
39632981840628528,0.0,0.35,0.65,0.0,0.4670340276877455
39632986773129797,0.0,0.94,0.06,0.0,0.16372245957723813
39632951821992833,0.0,1.0,0.0,0.0,-0.0
39632986781518351,0.0,0.73,0.27,0.0,0.42073231810408784
39632961900905230,0.0,0.22,0.78,0.0,0.38008375148098283
39632976861987564,0.0,0.94,0.06,0.0,0.16372245957723813
39632991718212076,0.0,0.73,0.27,0.0,0.42073231810408784
39632986773130161,0.0,0.26,0.74,0.0,0.4133731862463089
39632966892126645,0.0,0.01,0.99,0.0,0.04039656794795559
39632986773130103,0.0,0.03,0.97,0.0,0.0971959289157881
39632961896710739,0.0,0.89,0.11,0.0,0.249957979082264
39632971883350367,0.0,0.16,0.84,0.0,0.3171547773202831
39632971883350191,0.0,0.01,0.99,0.0,0.04039656794795559
39632971883349127,0.0,0.99,0.01,0.0,0.04039656794795559
39632981853211790,0.0,0.25,0.75,0.0,0.4056390622295664
39632951847159757,0.0,0.0,1.0,0.0,-0.0
39632981840628413,0.0,0.04,0.96,0.0,0.12114609454120741
39632981853211600,0.0,0.84,0.16,0.0,0.3171547773202831
39632976853602496,0.0,0.8,0.2,0.0,0.36096404744368116
39632951842963946,0.0,0.82,0.18,0.0,0.34003852286413994
39632976891348471,0.0,0.4,0.6,0.0,0.4854752972273343
39632956863549974,0.0,0.1,0.9,0.0,0.2344977967946406
39632961875740590,0.0,0.9,0.1,0.0,0.2344977967946406
39632956863546044,0.0,0.01,0.99,0.0,0.04039656794795559
39632956863546098,0.0,0.81,0.19,0.0,0.3507357299419487
39632951821995038,0.0,0.0,0.91,0.09,0.21823490853205144
39632951821995147,0.0,0.0,1.0,0.0,-0.0
39632951821996140,0.0,0.32,0.68,0.0,0.45219072886224687
39632991726603496,0.0,0.55,0.45,0.0,0.49638722699390414
39632961905099040,0.0,0.3,0.7,0.0,0.44064544961534635
39632981857405350,0.0,0.31,0.69,0.0,0.4465867291889284
39632976899737701,0.0,0.87,0.13,0.0,0.2787190925139945
39632971921099430,0.0,0.93,0.07,0.0,0.18296182545011158
39632966904710615,0.0,0.99,0.01,0.0,0.04039656794795559
39632966904710522,0.0,0.22,0.78,0.0,0.38008375148098283
39632986806686229,0.0,0.61,0.39,0.0,0.4823997742525436
39632951821992821,0.0,0.48,0.52,0.0,0.4994227679976009
39632971916904478,0.0,0.9,0.1,0.0,0.2344977967946406
39632986806684534,0.0,0.02,0.98,0.0,0.07072027127091034
39632971908513867,0.0,0.89,0.11,0.0,0.249957979082264
39632956888715788,0.0,0.64,0.36,0.0,0.4713415946277461
39632991726603535,0.0,0.48,0.52,0.0,0.4994227679976009
39632951821994968,0.0,0.04,0.96,0.0,0.12114609454120741
39632951821993709,0.0,0.92,0.08,0.0,0.2010895951011364
39632976866182052,0.0,0.65,0.35,0.0,0.4670340276877455
39632961871545384,0.0,0.51,0.49,0.0,0.49985572087640495
39632951821993788,0.0,0.53,0.47,0.0,0.4987007942838698
39632971925291099,0.0,0.74,0.26,0.0,0.4133731862463089
39632971925291581,0.01,0.97,0.02,0.0,0.11097036642660543
39632956892906953,0.0,0.49,0.51,0.0,0.49985572087640495
39632991709826497,0.0,0.01,0.89,0.1,0.27413031336294724
39632991709826266,0.0,0.03,0.97,0.0,0.0971959289157881
39632986773128497,0.0,0.05,0.95,0.0,0.14319847855797813
39632971891737968,0.0,0.24,0.76,0.0,0.39752013969226113
39632971891737973,0.0,0.98,0.02,0.0,0.07072027127091034
39632971895934169,0.0,0.57,0.43,0.0,0.4929075185894599
39632971895933948,0.0,0.94,0.06,0.0,0.16372245957723813
39632956863549030,0.0,0.8,0.2,0.0,0.36096404744368116
39632966908905777,0.0,0.94,0.06,0.0,0.16372245957723813
39632951838773440,0.0,0.05,0.95,0.0,0.14319847855797813
39632951838773356,0.0,0.28,0.72,0.0,0.4277254052800653
39632986806682723,0.0,0.08,0.92,0.0,0.2010895951011364
39632951842964367,0.0,0.04,0.96,0.0,0.12114609454120741
39632986789904535,0.0,0.6,0.4,0.0,0.4854752972273343
39632946797217898,0.0,0.72,0.28,0.0,0.4277254052800653
39632956850963819,0.0,0.79,0.21,0.0,0.37074136996563684
39632956859352118,0.0,0.22,0.78,0.0,0.38008375148098283
39632986773131028,0.0,0.76,0.24,0.0,0.39752013969226113
39632976887156208,0.0,0.55,0.45,0.0,0.49638722699390414
39632991718216413,0.0,0.87,0.13,0.0,0.2787190925139945
39632991718216311,0.0,0.23,0.77,0.0,0.38900565177326885
39632971895933426,0.0,0.25,0.75,0.0,0.4056390622295664
39632961905099170,0.0,0.82,0.18,0.0,0.34003852286413994
39632996638131282,0.0,0.0,1.0,0.0,-0.0
39632981861601577,0.0,0.38,0.62,0.0,0.47902101111314976
39632966896324758,0.0,0.15,0.85,0.0,0.3049201523582002
39632946772052753,0.0,0.41,0.59,0.0,0.488250234378912
39632981865793542,0.0,0.02,0.98,0.0,0.07072027127091034
39632971921101218,0.0,0.76,0.24,0.0,0.39752013969226113
39632996650714886,0.0,0.4,0.6,0.0,0.4854752972273343
39632981832241171,0.0,0.13,0.87,0.0,0.2787190925139945
39632981832241154,0.0,0.06,0.94,0.0,0.16372245957723813
39632986798295722,0.0,0.66,0.34,0.0,0.46240935248651505
39632976891347115,0.0,0.11,0.89,0.0,0.249957979082264
39632961888326367,0.0,0.84,0.16,0.0,0.3171547773202831
39632976887157374,0.0,0.29,0.71,0.0,0.43436062316970225
39632976903930996,0.0,0.4,0.6,0.0,0.4854752972273343
39632976887157520,0.0,0.78,0.22,0.0,0.38008375148098283
39632976903930942,0.0,0.27,0.72,0.01,0.45884528157606164
39632971925293374,0.0,0.57,0.43,0.0,0.4929075185894599
39632996629743652,0.0,0.19,0.81,0.0,0.3507357299419487
39632956850963513,0.0,0.67,0.33,0.0,0.4574631863898637
39632986781518113,0.0,0.0,0.99,0.01,0.04039656794795559
39632971895933957,0.0,0.11,0.89,0.0,0.249957979082264
39632996638131592,0.0,0.76,0.24,0.0,0.39752013969226113
39632981861597418,0.0,0.52,0.48,0.0,0.4994227679976009
39632976891347015,0.0,0.62,0.38,0.0,0.47902101111314976
39632976887157251,0.0,0.98,0.02,0.0,0.07072027127091034
39632951821992390,0.0,0.05,0.92,0.03,0.239266955218135
39632976903932998,0.0,0.82,0.18,0.0,0.34003852286413994
39632961871545540,0.0,1.0,0.0,0.0,-0.0
39632961884127263,0.0,0.7,0.3,0.0,0.44064544961534635
39632966900517886,0.0,0.17,0.83,0.0,0.32885238937210975
39632961879936965,0.0,0.41,0.59,0.0,0.488250234378912
39632981865794798,0.0,0.35,0.65,0.0,0.4670340276877455
39632981865794787,0.0,0.58,0.42,0.0,0.49072694751682683
39632946793024805,0.0,0.83,0.17,0.0,0.32885238937210975
39632991718215621,0.0,0.12,0.88,0.0,0.2646804326436822
39632976895541340,0.0,0.93,0.07,0.0,0.18296182545011158
39632976895541359,0.0,1.0,0.0,0.0,-0.0
39632956876133295,0.0,0.05,0.95,0.0,0.14319847855797813
39632961917683571,0.0,0.64,0.36,0.0,0.4713415946277461
39632956876133187,0.0,0.06,0.94,0.0,0.16372245957723813
39632946788829676,0.0,0.84,0.16,0.0,0.3171547773202831
39632996646520633,0.0,0.01,0.99,0.0,0.04039656794795559
39632961875739928,0.0,0.08,0.92,0.0,0.2010895951011364
39632971887544415,0.0,0.72,0.28,0.0,0.4277254052800653
39632986789908763,0.0,0.86,0.14,0.0,0.292119405821428
39632991739183928,0.0,0.24,0.76,0.0,0.39752013969226113
39632946788829570,0.0,0.57,0.43,0.0,0.4929075185894599
39632996646519506,0.0,0.04,0.96,0.0,0.12114609454120741
39632976866185254,0.0,0.02,0.98,0.0,0.07072027127091034
39632996646520344,0.0,0.87,0.13,0.0,0.2787190925139945
39632996646520429,0.0,0.13,0.87,0.0,0.2787190925139945
39632966879546175,0.0,0.95,0.05,0.0,0.14319847855797813
39632966879546356,0.0,0.61,0.39,0.0,0.4823997742525436
39632966879546781,0.0,0.85,0.15,0.0,0.3049201523582002
39632966879546849,0.0,0.0,1.0,0.0,-0.0
39632951826188640,0.0,0.2,0.8,0.0,0.36096404744368116
39632986777325093,0.0,0.23,0.77,0.0,0.38900565177326885
39632946772052862,0.0,0.42,0.58,0.0,0.49072694751682683
39632976891348020,0.0,0.72,0.28,0.0,0.4277254052800653
39632951842967808,0.0,0.22,0.78,0.0,0.38008375148098283
39632971925291256,0.0,0.23,0.77,0.0,0.38900565177326885
39632971925291668,0.0,0.7,0.3,0.0,0.44064544961534635
39632971908514219,0.0,0.12,0.88,0.0,0.2646804326436822
39632966900517837,0.0,0.64,0.36,0.0,0.4713415946277461
39632996629746173,0.0,0.07,0.93,0.0,0.18296182545011158
39632976866184945,0.0,0.0,0.78,0.22,0.38008375148098283
39632981861597843,0.0,0.31,0.69,0.0,0.4465867291889284
39632976866184971,0.0,0.0,0.52,0.48,0.4994227679976009
39632961905099678,0.0,0.06,0.93,0.01,0.20367037270049304
39632976887154121,0.0,0.39,0.61,0.0,0.4823997742525436
39632976887154494,0.0,0.96,0.04,0.0,0.12114609454120741
39632976887154014,0.0,0.71,0.29,0.0,0.43436062316970225
39632971925293431,0.0,0.39,0.61,0.0,0.4823997742525436
39632971925293443,0.0,0.34,0.66,0.0,0.46240935248651505
39632961905100204,0.0,0.14,0.86,0.0,0.292119405821428
39632961905099479,0.0,0.06,0.94,0.0,0.16372245957723813
39632961905099451,0.0,0.23,0.77,0.0,0.38900565177326885
39632976870375641,0.0,0.13,0.87,0.0,0.2787190925139945
39632951826188302,0.0,0.1,0.9,0.0,0.2344977967946406
39632996629743682,0.0,0.34,0.66,0.0,0.46240935248651505
39632996629743737,0.0,0.83,0.17,0.0,0.32885238937210975
39632951842964622,0.0,0.77,0.23,0.0,0.38900565177326885
39632971908518739,0.0,0.44,0.56,0.0,0.4947937606110278
39632946776248110,0.0,0.14,0.86,0.0,0.292119405821428
39632981861598033,0.0,0.03,0.97,0.0,0.0971959289157881
39632971891738913,0.0,0.01,0.99,0.0,0.04039656794795559
39632976887154165,0.0,0.51,0.49,0.0,0.49985572087640495
39633001549662987,0.0,0.94,0.06,0.0,0.16372245957723813
39633001549662940,0.0,0.84,0.16,0.0,0.3171547773202831
39633001549663240,0.0,0.0,0.99,0.01,0.04039656794795559
39632966879546378,0.0,0.96,0.04,0.0,0.12114609454120741
39632966904712443,0.0,0.89,0.11,0.0,0.249957979082264
39632981836434823,0.0,0.62,0.38,0.0,0.47902101111314976
39632961888325763,0.0,0.99,0.01,0.0,0.04039656794795559
39632951847159971,0.0,0.03,0.97,0.0,0.0971959289157881
39632971921101329,0.0,0.15,0.85,0.0,0.3049201523582002
39632961913488485,0.0,0.35,0.65,0.0,0.4670340276877455
39632961913488528,0.0,0.0,1.0,0.0,-0.0
39632961913488464,0.0,0.0,0.98,0.02,0.07072027127091034
39632981832237878,0.03,0.97,0.0,0.0,0.0971959289157881
39632961913488500,0.0,0.05,0.95,0.0,0.14319847855797813
39632986781518625,0.0,0.45,0.55,0.0,0.49638722699390414
39632976887156715,0.0,0.83,0.17,0.0,0.32885238937210975
39632986781519177,0.0,1.0,0.0,0.0,-0.0
39632986781519137,0.0,0.0,0.75,0.25,0.4056390622295664
39632986781519048,0.0,0.18,0.82,0.0,0.34003852286413994
39632976903933017,0.01,0.99,0.0,0.0,0.04039656794795559
39632981865795325,0.0,0.74,0.26,0.0,0.4133731862463089
39632951842967769,0.0,0.0,0.99,0.01,0.04039656794795559
39632951842967657,0.0,0.12,0.88,0.0,0.2646804326436822
39632961871544807,0.0,0.82,0.18,0.0,0.34003852286413994
39632976903931283,0.02,0.73,0.25,0.0,0.47216010717431545
39632971879154112,0.0,0.86,0.14,0.0,0.292119405821428
39632971887542442,0.0,0.19,0.81,0.0,0.3507357299419487
39632976895542052,0.0,0.03,0.97,0.0,0.0971959289157881
39632976895542017,0.0,0.02,0.98,0.0,0.07072027127091034
39632971879153955,0.0,0.44,0.56,0.0,0.4947937606110278
39632996629743380,0.0,0.0,0.86,0.14,0.292119405821428
39632961913487967,0.0,0.4,0.6,0.0,0.4854752972273343
39632966879545709,0.0,0.98,0.02,0.0,0.07072027127091034
39632986773130486,0.0,0.76,0.24,0.0,0.39752013969226113
39632946793024178,0.0,0.92,0.08,0.0,0.2010895951011364
39632976899738239,0.0,0.74,0.26,0.0,0.4133731862463089
39632971879153993,0.0,0.67,0.33,0.0,0.4574631863898637
39632971879154549,0.0,0.0,0.96,0.04,0.12114609454120741
39632976895542341,0.0,0.04,0.96,0.0,0.12114609454120741
39632991718216235,0.0,0.6,0.4,0.0,0.4854752972273343
39632966896324811,0.0,0.15,0.85,0.0,0.3049201523582002
39632966896324826,0.0,0.09,0.91,0.0,0.21823490853205144
39632966896324856,0.0,0.19,0.81,0.0,0.3507357299419487
39632946772052909,0.0,0.7,0.3,0.0,0.44064544961534635
39632946772052923,0.0,1.0,0.0,0.0,-0.0
39632956850963775,0.0,0.06,0.94,0.0,0.16372245957723813
39632986802491196,0.0,0.24,0.76,0.0,0.39752013969226113
39632971874963413,0.0,0.43,0.57,0.0,0.4929075185894599
39632981832240470,0.0,0.7,0.3,0.0,0.44064544961534635
39632986802490597,0.0,0.54,0.46,0.0,0.49768921941011285
39632981832240547,0.0,0.35,0.65,0.0,0.4670340276877455
39632976870375599,0.0,0.06,0.94,0.0,0.16372245957723813
39632976866185619,0.0,0.19,0.81,0.0,0.3507357299419487
39632976870375619,0.0,0.42,0.58,0.0,0.49072694751682683
39632981819656780,0.0,0.51,0.49,0.0,0.49985572087640495
39632981819656108,0.0,0.95,0.05,0.0,0.14319847855797813
39632976891351639,0.0,0.05,0.95,0.0,0.14319847855797813
39632981819656141,0.0,0.94,0.06,0.0,0.16372245957723813
39632976891351782,0.0,0.46,0.54,0.0,0.49768921941011285
39632981819656384,0.0,0.03,0.97,0.0,0.0971959289157881
39632966879544881,0.0,0.35,0.65,0.0,0.4670340276877455
39632951817799227,0.0,0.83,0.17,0.0,0.32885238937210975
39632951817799183,0.0,0.92,0.08,0.0,0.2010895951011364
39632976853601814,0.0,0.43,0.57,0.0,0.4929075185894599
39632951817798810,0.0,0.7,0.3,0.0,0.44064544961534635
39632951817798954,0.0,0.85,0.15,0.0,0.3049201523582002
39632951817799175,0.0,0.96,0.04,0.0,0.12114609454120741
39632956863549912,0.0,0.22,0.78,0.0,0.38008375148098283
39632971874964039,0.0,0.29,0.71,0.0,0.43436062316970225
39632976895541920,0.0,0.53,0.47,0.0,0.4987007942838698
39632981849014740,0.0,0.23,0.77,0.0,0.38900565177326885
39632971874961945,0.01,0.99,0.0,0.0,0.04039656794795559
39632976895542126,0.0,0.01,0.99,0.0,0.04039656794795559
39632971904323019,0.0,0.64,0.36,0.0,0.4713415946277461
39632981828046974,0.0,0.54,0.46,0.0,0.49768921941011285
39632976895542113,0.0,0.83,0.17,0.0,0.32885238937210975
39632971912708464,0.0,0.8,0.2,0.0,0.36096404744368116
39632971879153860,0.0,0.48,0.52,0.0,0.4994227679976009
39632941713722171,0.0,0.25,0.75,0.0,0.4056390622295664
39632976891351776,0.0,0.16,0.84,0.0,0.3171547773202831
39632976895541429,0.0,0.65,0.35,0.0,0.4670340276877455
39632971908517395,0.0,0.02,0.98,0.0,0.07072027127091034
39632981840628877,0.0,0.13,0.87,0.0,0.2787190925139945
39632956850963212,0.0,0.99,0.01,0.0,0.04039656794795559
39632956850963261,0.0,0.41,0.59,0.0,0.488250234378912
39632961888323163,0.0,0.56,0.44,0.0,0.4947937606110278
39632956876132599,0.0,0.21,0.79,0.0,0.37074136996563684
39632986785713650,0.0,0.7,0.3,0.0,0.44064544961534635
39632986798293764,0.0,0.49,0.51,0.0,0.49985572087640495
39632991739184664,0.0,0.37,0.63,0.0,0.47533604634353294
39632986798293511,0.0,0.24,0.76,0.0,0.39752013969226113
39632961879936804,0.01,0.99,0.0,0.0,0.04039656794795559
39632991718215170,0.0,0.29,0.71,0.0,0.43436062316970225
39632976878765901,0.0,0.94,0.06,0.0,0.16372245957723813
39632961875742585,0.0,0.51,0.49,0.0,0.49985572087640495
39632976899736043,0.0,0.9,0.1,0.0,0.2344977967946406
39632986773129009,0.0,0.61,0.39,0.0,0.4823997742525436
39632961909293536,0.0,0.91,0.09,0.0,0.21823490853205144
39632951830384651,0.0,0.01,0.96,0.03,0.13737165703039006
39632951830384737,0.0,0.02,0.97,0.01,0.11097036642660543
39632951830384867,0.0,0.53,0.47,0.0,0.4987007942838698
39632956859355173,0.0,0.73,0.27,0.0,0.42073231810408784
39632991722409482,0.0,0.64,0.36,0.0,0.4713415946277461
39632956863547808,0.0,0.62,0.38,0.0,0.47902101111314976
39632956876130016,0.0,0.03,0.97,0.0,0.0971959289157881
39632966913097993,0.0,0.67,0.33,0.0,0.4574631863898637
39632991722409601,0.0,0.43,0.57,0.0,0.4929075185894599
39632961875739219,0.0,0.33,0.67,0.0,0.4574631863898637
39632981823849343,0.0,0.95,0.05,0.0,0.14319847855797813
39632956884518338,0.0,0.33,0.67,0.0,0.4574631863898637
39632966917292474,0.0,0.57,0.43,0.0,0.4929075185894599
39632991722409292,0.0,0.19,0.81,0.0,0.3507357299419487
39632966913100090,0.0,0.51,0.49,0.0,0.49985572087640495
39632951830384597,0.0,0.05,0.95,0.0,0.14319847855797813
39632971891738278,0.0,0.6,0.4,0.0,0.4854752972273343
39632971912712314,0.0,0.57,0.43,0.0,0.4929075185894599
39632961900906454,0.0,0.05,0.95,0.0,0.14319847855797813
39632961905102684,0.0,0.62,0.38,0.0,0.47902101111314976
39632971916903483,0.0,0.72,0.28,0.0,0.4277254052800653
39632961884130955,0.0,0.01,0.96,0.03,0.13737165703039006
39632976874572836,0.0,0.14,0.86,0.0,0.292119405821428
39632976874572657,0.0,0.11,0.89,0.0,0.249957979082264
39632951830384572,0.0,0.0,0.96,0.04,0.12114609454120741
39632961884130721,0.0,0.59,0.41,0.0,0.488250234378912
39632961875742759,0.0,0.64,0.36,0.0,0.4713415946277461
39632981857405713,0.0,0.74,0.26,0.0,0.4133731862463089
39632966887934804,0.0,0.58,0.42,0.0,0.49072694751682683
39632951838772915,0.0,0.02,0.98,0.0,0.07072027127091034
39632951830384485,0.0,0.1,0.9,0.0,0.2344977967946406
39632961875742669,0.0,0.59,0.41,0.0,0.488250234378912
39632981836434339,0.0,0.97,0.03,0.0,0.0971959289157881
39632951830383732,0.16,0.84,0.0,0.0,0.3171547773202831
39632961879933127,0.0,0.22,0.78,0.0,0.38008375148098283
39632986802492191,0.0,0.33,0.67,0.0,0.4574631863898637
39632991714020846,0.0,0.32,0.68,0.0,0.45219072886224687
39632986806681668,0.0,0.95,0.05,0.0,0.14319847855797813
39632991722407799,0.0,0.86,0.14,0.0,0.292119405821428
39632986802492228,0.0,0.16,0.84,0.0,0.3171547773202831
39632991722407925,0.0,0.25,0.75,0.0,0.4056390622295664
39632981849017292,0.0,0.03,0.96,0.01,0.13737165703039006
39632946797216839,0.0,0.47,0.53,0.0,0.4987007942838698
39632961884131016,0.0,0.0,0.95,0.05,0.14319847855797813
39632986794101333,0.0,0.09,0.91,0.0,0.21823490853205144
39632976895543027,0.0,0.02,0.98,0.0,0.07072027127091034
39632966883739977,0.0,0.85,0.15,0.0,0.3049201523582002
39632991722406200,0.0,0.89,0.11,0.0,0.249957979082264
39632966883739657,0.0,0.78,0.22,0.0,0.38008375148098283
39632976878765540,0.0,0.71,0.29,0.0,0.43436062316970225
39632991714017988,0.0,0.79,0.21,0.0,0.37074136996563684
39632971912711826,0.0,0.06,0.92,0.02,0.2335407200795017
39632971912712116,0.0,0.76,0.24,0.0,0.39752013969226113
39632986794101241,0.0,0.0,0.96,0.04,0.12114609454120741
39632986802489251,0.0,0.15,0.85,0.0,0.3049201523582002
39632986802489207,0.0,0.01,0.98,0.01,0.08072027127091033
39632976899735995,0.0,0.81,0.19,0.0,0.3507357299419487
39632991739184596,0.0,0.96,0.04,0.0,0.12114609454120741
39632981857406294,0.0,0.22,0.78,0.0,0.38008375148098283
39632951847160226,0.0,0.19,0.81,0.0,0.3507357299419487
39632986773129385,0.0,0.92,0.08,0.0,0.2010895951011364
39632981861601647,0.0,0.19,0.81,0.0,0.3507357299419487
39632946793026099,0.0,0.97,0.03,0.0,0.0971959289157881
39632976874571662,0.0,0.3,0.7,0.0,0.44064544961534635
39632946793026080,0.0,0.13,0.87,0.0,0.2787190925139945
39632961905103420,0.0,0.94,0.06,0.0,0.16372245957723813
39632956876132589,0.0,0.02,0.98,0.0,0.07072027127091034
39632981861601658,0.0,0.01,0.97,0.02,0.11097036642660543
39632976857794595,0.0,1.0,0.0,0.0,-0.0
39632981857406457,0.0,0.09,0.91,0.0,0.21823490853205144
39632971879156941,0.0,0.32,0.68,0.0,0.45219072886224687
39632986773129561,0.16,0.84,0.0,0.0,0.3171547773202831
39632986773127921,0.0,0.73,0.27,0.0,0.42073231810408784
39632981861601542,0.0,0.02,0.98,0.0,0.07072027127091034
39632956892906599,0.01,0.97,0.02,0.0,0.11097036642660543
39633001541276004,0.0,0.68,0.32,0.0,0.45219072886224687
39633001541275978,0.0,0.0,1.0,0.0,-0.0
39632946776245064,0.02,0.96,0.02,0.0,0.14114609454120738
39632951830382330,0.0,0.03,0.97,0.0,0.0971959289157881
39632986785711459,0.0,0.21,0.79,0.0,0.37074136996563684
39632961871547432,0.0,0.55,0.45,0.0,0.49638722699390414
39632951821995473,0.0,0.95,0.05,0.0,0.14319847855797813
39632976857796312,0.0,0.27,0.73,0.0,0.42073231810408784
39632971912712580,0.0,0.98,0.02,0.0,0.07072027127091034
39632971912712774,0.0,0.0,1.0,0.0,-0.0
39632971912712645,0.0,0.49,0.51,0.0,0.49985572087640495
39632991718215858,0.0,0.38,0.62,0.0,0.47902101111314976
39632981832239366,0.0,0.24,0.76,0.0,0.39752013969226113
39632981832239162,0.0,0.1,0.9,0.0,0.2344977967946406
39632981853210035,0.0,0.95,0.05,0.0,0.14319847855797813
39632986798295497,0.0,0.0,0.99,0.01,0.04039656794795559
39632986798295229,0.0,0.16,0.84,0.0,0.3171547773202831
39632976857796182,0.0,0.92,0.08,0.0,0.2010895951011364
39632996638132283,0.0,0.39,0.61,0.0,0.4823997742525436
39632951838772686,0.0,0.33,0.67,0.0,0.4574631863898637
39632996638132119,0.0,0.34,0.66,0.0,0.46240935248651505
39632946776245711,0.0,0.02,0.98,0.0,0.07072027127091034
39632986785711075,0.0,0.85,0.15,0.0,0.3049201523582002
39632941713723780,0.0,0.81,0.19,0.0,0.3507357299419487
39632986798295260,0.0,0.12,0.88,0.0,0.2646804326436822
39632986802491640,0.0,0.33,0.67,0.0,0.4574631863898637
39632946772053554,0.0,0.97,0.03,0.0,0.0971959289157881
39632946772053427,0.0,0.01,0.99,0.0,0.04039656794795559
39632971912710228,0.0,0.04,0.96,0.0,0.12114609454120741
39632946772053672,0.0,0.93,0.07,0.0,0.18296182545011158
39632991714020448,0.0,0.78,0.22,0.0,0.38008375148098283
39632961909295307,0.0,0.24,0.76,0.0,0.39752013969226113
39632946776245119,0.0,0.96,0.04,0.0,0.12114609454120741
39632946776245357,0.0,0.93,0.07,0.0,0.18296182545011158
39632981861598870,0.0,0.84,0.16,0.0,0.3171547773202831
39632951817800993,0.0,0.79,0.21,0.0,0.37074136996563684
39632981861598562,0.0,0.72,0.28,0.0,0.4277254052800653
39632986789907433,0.0,0.88,0.12,0.0,0.2646804326436822
39632966887936294,0.0,0.58,0.42,0.0,0.49072694751682683
39632946784635390,0.0,0.15,0.85,0.0,0.3049201523582002
39632986789907016,0.0,0.06,0.94,0.0,0.16372245957723813
39632986789906980,0.0,0.27,0.73,0.0,0.42073231810408784
39632971879158335,0.0,0.43,0.57,0.0,0.4929075185894599
39632951817800621,0.0,0.66,0.34,0.0,0.46240935248651505
39632971874964200,0.07,0.93,0.0,0.0,0.18296182545011158
39632971887546712,0.0,0.6,0.4,0.0,0.4854752972273343
39632966883739707,0.0,0.06,0.94,0.0,0.16372245957723813
39632991718213108,0.0,0.99,0.01,0.0,0.04039656794795559
39632976866181695,0.0,0.0,0.97,0.03,0.0971959289157881
39632981857405338,0.0,0.21,0.79,0.0,0.37074136996563684
39632951817800841,0.0,0.0,0.94,0.06,0.16372245957723813
39632951826186478,0.0,0.19,0.81,0.0,0.3507357299419487
39632946784635119,0.0,0.02,0.98,0.0,0.07072027127091034
39632991726604501,0.0,0.01,0.99,0.0,0.04039656794795559
39632976891348695,0.0,0.34,0.66,0.0,0.46240935248651505
39632961900908079,0.0,1.0,0.0,0.0,-0.0
39632951817800349,0.0,0.08,0.92,0.0,0.2010895951011364
39632941717918124,0.0,0.8,0.2,0.0,0.36096404744368116
39632991714020703,0.0,0.59,0.41,0.0,0.488250234378912
39632986773128157,0.0,0.02,0.98,0.0,0.07072027127091034
39632986785713537,0.0,0.69,0.31,0.0,0.4465867291889284
39632976857796033,0.0,0.86,0.14,0.0,0.292119405821428
39632961875739335,0.0,0.98,0.02,0.0,0.07072027127091034
39632946772053644,0.0,0.07,0.93,0.0,0.18296182545011158
39632976887155822,0.0,0.37,0.63,0.0,0.47533604634353294
39632981861602317,0.0,0.75,0.25,0.0,0.4056390622295664
39632946767856045,0.0,0.13,0.87,0.0,0.2787190925139945
39632976887155974,0.0,0.1,0.9,0.0,0.2344977967946406
39632981836431480,0.0,0.71,0.29,0.0,0.43436062316970225
39632961892516126,0.0,0.47,0.53,0.0,0.4987007942838698
39632956855158182,0.0,0.04,0.95,0.01,0.16124668093016215
39632981832239936,0.0,0.12,0.88,0.0,0.2646804326436822
39632981832240013,0.0,0.43,0.57,0.0,0.4929075185894599
39632966900518481,0.0,0.21,0.79,0.0,0.37074136996563684
39632981832239893,0.0,0.1,0.89,0.01,0.27413031336294724
39632991714017960,0.0,0.17,0.83,0.0,0.32885238937210975
39632966917294378,0.0,0.29,0.71,0.0,0.43436062316970225
39632961900908892,0.0,0.0,0.97,0.03,0.0971959289157881
39632956855157706,0.0,0.76,0.24,0.0,0.39752013969226113
39632966917293349,0.0,1.0,0.0,0.0,-0.0
39632971891738841,0.0,0.45,0.55,0.0,0.49638722699390414
39632956859355282,0.0,0.9,0.1,0.0,0.2344977967946406
39632966913101926,0.0,0.33,0.67,0.0,0.4574631863898637
39632956855157820,0.0,0.26,0.74,0.0,0.4133731862463089
39632961909294146,0.0,0.78,0.22,0.0,0.38008375148098283
39632976887155922,0.0,0.82,0.18,0.0,0.34003852286413994
39632951817797983,0.0,0.63,0.37,0.0,0.47533604634353294
39632981857403192,0.0,0.34,0.66,0.0,0.46240935248651505
39632976857796269,0.0,0.24,0.76,0.0,0.39752013969226113
39632991730796821,0.0,0.5,0.5,0.0,0.5
39632961888325064,0.0,0.34,0.66,0.0,0.46240935248651505
39632961888324951,0.0,0.67,0.33,0.0,0.4574631863898637
39632946763664941,0.0,0.08,0.92,0.0,0.2010895951011364
39632946763664856,0.0,0.41,0.59,0.0,0.488250234378912
39632946763664973,0.0,0.04,0.96,0.0,0.12114609454120741
39632991705630631,0.0,0.21,0.79,0.0,0.37074136996563684
39632991705631655,0.01,0.98,0.01,0.0,0.08072027127091033
39632961917683699,0.0,0.87,0.13,0.0,0.2787190925139945
39632981836432026,0.01,0.73,0.26,0.0,0.4515849675378141
39632951838771934,0.0,0.88,0.12,0.0,0.2646804326436822
39632991714018263,0.0,0.04,0.96,0.0,0.12114609454120741
39632951817797935,0.0,0.47,0.53,0.0,0.4987007942838698
39632991705630285,0.0,0.01,0.86,0.13,0.31810566868628926
39632946767858184,0.0,0.36,0.64,0.0,0.4713415946277461
39632946767856903,0.0,0.23,0.77,0.0,0.38900565177326885
39632966929875165,0.0,0.57,0.43,0.0,0.4929075185894599
39632976882962066,0.0,0.03,0.95,0.02,0.1674722434193448
39632961909297576,0.0,0.39,0.61,0.0,0.4823997742525436
39632951847158176,0.0,0.02,0.98,0.0,0.07072027127091034
39632991705631930,0.0,0.13,0.87,0.0,0.2787190925139945
39632946776246557,0.0,0.07,0.93,0.0,0.18296182545011158
39632986785712623,0.0,0.37,0.63,0.0,0.47533604634353294
39632941717915038,0.0,0.73,0.27,0.0,0.42073231810408784
39632941713720405,0.0,1.0,0.0,0.0,-0.0
39632946776246362,0.0,0.95,0.05,0.0,0.14319847855797813
39632946772050399,0.0,0.76,0.24,0.0,0.39752013969226113
39632941717914974,0.0,0.98,0.02,0.0,0.07072027127091034
39632946767858120,0.0,0.96,0.04,0.0,0.12114609454120741
39632946772050638,0.0,0.01,0.98,0.01,0.08072027127091033
39632976887155781,0.0,0.85,0.15,0.0,0.3049201523582002
39632986785713680,0.0,0.13,0.87,0.0,0.2787190925139945
39632986785713791,0.0,0.05,0.95,0.0,0.14319847855797813
39632991705630370,0.05,0.95,0.0,0.0,0.14319847855797813
39632991705630177,0.0,0.03,0.96,0.01,0.13737165703039006
39632991705629981,0.0,0.01,0.99,0.0,0.04039656794795559
39632991705630385,0.0,0.74,0.26,0.0,0.4133731862463089
39632971921098095,0.0,0.87,0.13,0.0,0.2787190925139945
39632951821995613,0.0,0.38,0.62,0.0,0.47902101111314976
39632971891738626,0.0,0.47,0.53,0.0,0.4987007942838698
39632976887153086,0.0,0.74,0.26,0.0,0.4133731862463089
39632981849014380,0.0,0.55,0.45,0.0,0.49638722699390414
39632976899738040,0.0,0.0,0.99,0.01,0.04039656794795559
39632976882961946,0.0,0.94,0.06,0.0,0.16372245957723813
39632976882962057,0.0,0.21,0.79,0.0,0.37074136996563684
39632941717915261,0.0,0.73,0.27,0.0,0.42073231810408784
39632941717915198,0.0,0.42,0.58,0.0,0.49072694751682683
39632981844824104,0.0,0.34,0.66,0.0,0.46240935248651505
39632941717915418,0.0,0.26,0.74,0.0,0.4133731862463089
39632941717915310,0.0,0.75,0.25,0.0,0.4056390622295664
39632946776245418,0.0,0.58,0.42,0.0,0.49072694751682683
39632966900518220,0.0,0.95,0.05,0.0,0.14319847855797813
39632961917683295,0.0,0.39,0.61,0.0,0.4823997742525436
39632991709826875,0.0,0.4,0.6,0.0,0.4854752972273343
39632991709826813,0.0,0.14,0.86,0.0,0.292119405821428
39632961888326581,0.0,0.53,0.47,0.0,0.4987007942838698
39632966913102445,0.0,0.62,0.38,0.0,0.47902101111314976
39632986785713210,0.0,0.91,0.09,0.0,0.21823490853205144
39632971883352502,0.0,0.08,0.92,0.0,0.2010895951011364
39632956867743888,0.0,0.39,0.61,0.0,0.4823997742525436
39632951847158416,0.0,1.0,0.0,0.0,-0.0
39632946793024472,0.02,0.98,0.0,0.0,0.07072027127091034
39632946793024270,0.0,0.77,0.23,0.0,0.38900565177326885
39632946793024260,0.0,0.91,0.09,0.0,0.21823490853205144
39632946793024187,0.0,0.82,0.18,0.0,0.34003852286413994
39632946767858871,0.0,0.43,0.57,0.0,0.4929075185894599
39632986785713048,0.0,0.22,0.78,0.0,0.38008375148098283
39632971921098282,0.0,0.6,0.4,0.0,0.4854752972273343
39632941709526157,0.0,0.66,0.34,0.0,0.46240935248651505
39632946767857589,0.0,0.08,0.91,0.01,0.24088153359695552
39632946767857571,0.0,1.0,0.0,0.0,-0.0
39632951851354056,0.0,0.33,0.67,0.0,0.4574631863898637
39632951847157902,0.0,0.04,0.96,0.0,0.12114609454120741
39632951851354085,0.0,0.82,0.18,0.0,0.34003852286413994
39632976895542696,0.0,0.9,0.1,0.0,0.2344977967946406
39632951826186657,0.0,0.01,0.99,0.0,0.04039656794795559
39633001541275650,0.0,1.0,0.0,0.0,-0.0
39633001541275584,0.0,0.91,0.09,0.0,0.21823490853205144
39633001541275251,0.0,0.94,0.06,0.0,0.16372245957723813
39632951821994994,0.0,0.69,0.31,0.0,0.4465867291889284
39632951821995145,0.0,0.13,0.87,0.0,0.2787190925139945
39632981828046134,0.0,0.35,0.65,0.0,0.4670340276877455
39632951826188950,0.0,0.33,0.67,0.0,0.4574631863898637
39632971879156336,0.0,0.86,0.14,0.0,0.292119405821428
39632986777323960,0.0,0.94,0.06,0.0,0.16372245957723813
39632941717916287,0.0,0.2,0.8,0.0,0.36096404744368116
39632946776246095,0.0,0.81,0.19,0.0,0.3507357299419487
39632946776246022,0.0,0.03,0.97,0.0,0.0971959289157881
39632966925681377,0.0,0.97,0.03,0.0,0.0971959289157881
39632966925681470,0.0,0.72,0.28,0.0,0.4277254052800653
39633001541275059,0.0,0.96,0.04,0.0,0.12114609454120741
39632941717916042,0.0,0.15,0.85,0.0,0.3049201523582002
39632951826186334,0.0,0.03,0.95,0.02,0.1674722434193448
39632971921096790,0.0,0.0,0.97,0.03,0.0971959289157881
39632961913487962,0.0,0.44,0.56,0.0,0.4947937606110278
39632961913488185,0.0,0.32,0.68,0.0,0.45219072886224687
39632971916907466,0.0,0.83,0.17,0.0,0.32885238937210975
39632961913488076,0.0,0.12,0.88,0.0,0.2646804326436822
39632961888323263,0.0,0.05,0.95,0.0,0.14319847855797813
39632971874962377,0.0,0.83,0.17,0.0,0.32885238937210975
39632961905103446,0.0,0.61,0.39,0.0,0.4823997742525436
39632961905103663,0.0,0.74,0.26,0.0,0.4133731862463089
39632986773127930,0.0,0.06,0.94,0.0,0.16372245957723813
39632961875742545,0.0,0.99,0.01,0.0,0.04039656794795559
39632961875742805,0.0,0.57,0.43,0.0,0.4929075185894599
39632961905099609,0.0,0.51,0.49,0.0,0.49985572087640495
39632986773129687,0.0,0.01,0.98,0.01,0.08072027127091033
39632986773127709,0.0,0.0,0.92,0.08,0.2010895951011364
39632991718215810,0.0,0.82,0.18,0.0,0.34003852286413994
39632991718215912,0.0,0.19,0.81,0.0,0.3507357299419487
39632976857793348,0.0,0.99,0.01,0.0,0.04039656794795559
39632996638132313,0.0,0.04,0.96,0.0,0.12114609454120741
39632986798295166,0.0,0.0,0.97,0.03,0.0971959289157881
39632951817799609,0.0,0.33,0.67,0.0,0.4574631863898637
39632981849014985,0.0,0.24,0.76,0.0,0.39752013969226113
39632981849014947,0.0,0.19,0.81,0.0,0.3507357299419487
39632991705630055,0.0,0.74,0.26,0.0,0.4133731862463089
39632956888715145,0.0,0.43,0.57,0.0,0.4929075185894599
39632971874963223,0.0,0.11,0.89,0.0,0.249957979082264
39632976857795810,0.0,0.52,0.48,0.0,0.4994227679976009
39632976878765497,0.0,0.33,0.67,0.0,0.4574631863898637
39632961879934708,0.0,0.8,0.2,0.0,0.36096404744368116
39632976895542205,0.0,0.29,0.71,0.0,0.43436062316970225
39632981857404796,0.0,0.0,1.0,0.0,-0.0
39632986789908909,0.0,0.06,0.94,0.0,0.16372245957723813
39632976891347325,0.0,0.17,0.83,0.0,0.32885238937210975
39632976891347833,0.02,0.98,0.0,0.0,0.07072027127091034
39632986768935331,0.0,0.0,0.63,0.37,0.47533604634353294
39632986768935339,0.0,0.0,0.95,0.05,0.14319847855797813
39633001549663145,0.0,0.03,0.97,0.0,0.0971959289157881
39632961871544562,0.0,0.15,0.85,0.0,0.3049201523582002
39632946776246433,0.0,0.61,0.39,0.0,0.4823997742525436
39632986802491428,0.0,0.34,0.66,0.0,0.46240935248651505
39632986773127485,0.0,0.04,0.96,0.0,0.12114609454120741
39632996638133462,0.0,0.75,0.25,0.0,0.4056390622295664
39632996638133352,0.0,0.51,0.49,0.0,0.49985572087640495
39632976866182488,0.0,0.0,0.99,0.01,0.04039656794795559
39632976866182435,0.0,0.63,0.37,0.0,0.47533604634353294
39632981828046143,0.0,0.09,0.91,0.0,0.21823490853205144
39632981828045924,0.0,0.1,0.9,0.0,0.2344977967946406
39632956850963448,0.0,0.44,0.56,0.0,0.4947937606110278
39632956850962972,0.0,0.0,1.0,0.0,-0.0
39632961871545033,0.0,0.88,0.12,0.0,0.2646804326436822
39632956850962971,0.0,0.65,0.35,0.0,0.4670340276877455
39632956850963647,0.0,0.99,0.01,0.0,0.04039656794795559
39632961871544539,0.0,0.65,0.35,0.0,0.4670340276877455
39632961871544535,0.0,0.86,0.14,0.0,0.292119405821428
39632961871544579,0.0,0.47,0.53,0.0,0.4987007942838698
39632961871544761,0.0,1.0,0.0,0.0,-0.0
39632946763664296,0.0,0.99,0.01,0.0,0.04039656794795559
39632946763664893,0.0,0.98,0.02,0.0,0.07072027127091034
39632946776246285,0.0,0.83,0.17,0.0,0.32885238937210975
39632966925681374,0.0,0.86,0.14,0.0,0.292119405821428
39632971912710484,0.0,0.55,0.45,0.0,0.49638722699390414
39632971912710474,0.0,0.64,0.36,0.0,0.4713415946277461
39632971912710487,0.0,0.89,0.11,0.0,0.249957979082264
39633001541274799,0.0,1.0,0.0,0.0,-0.0
39632946763664783,0.0,0.85,0.15,0.0,0.3049201523582002
39632946763664892,0.0,0.32,0.68,0.0,0.45219072886224687
39632946763664537,0.0,0.34,0.66,0.0,0.46240935248651505
39632946763665106,0.0,0.98,0.02,0.0,0.07072027127091034
39632946763664930,0.0,0.99,0.01,0.0,0.04039656794795559
39632946763665049,0.0,0.24,0.76,0.0,0.39752013969226113
39632986768936053,0.0,0.02,0.98,0.0,0.07072027127091034
39632986773129658,0.0,0.13,0.87,0.0,0.2787190925139945
39632986773129530,0.0,0.27,0.73,0.0,0.42073231810408784
39632986773129502,0.0,0.21,0.79,0.0,0.37074136996563684
39632961875742911,0.0,0.7,0.3,0.0,0.44064544961534635
39632971912710649,0.0,0.22,0.78,0.0,0.38008375148098283
39632976887153479,0.0,0.3,0.7,0.0,0.44064544961534635
39632976887153581,0.0,0.9,0.1,0.0,0.2344977967946406
39632976887153418,0.0,0.85,0.15,0.0,0.3049201523582002
39632946763664695,0.0,0.62,0.38,0.0,0.47902101111314976
39632981844824672,0.01,0.99,0.0,0.0,0.04039656794795559
39632981849014424,0.0,0.38,0.62,0.0,0.47902101111314976
39632956850964146,0.0,0.79,0.21,0.0,0.37074136996563684
39632956850964290,0.0,0.0,1.0,0.0,-0.0
39632946763665580,0.01,0.99,0.0,0.0,0.04039656794795559
39632941713720202,0.0,0.72,0.28,0.0,0.4277254052800653
39632956850964212,0.01,0.99,0.0,0.0,0.04039656794795559
39632941713720318,0.0,1.0,0.0,0.0,-0.0
39632956850964369,0.0,0.25,0.75,0.0,0.4056390622295664
39632946763664580,0.0,0.85,0.15,0.0,0.3049201523582002
39632946772051255,0.0,0.6,0.4,0.0,0.4854752972273343
39632946772050343,0.01,0.94,0.05,0.0,0.1832231322266888
39632946772050328,0.0,0.93,0.07,0.0,0.18296182545011158
39632946763664561,0.0,0.96,0.04,0.0,0.12114609454120741
39632951817799031,0.0,0.54,0.46,0.0,0.49768921941011285
39632961867354631,0.0,0.53,0.47,0.0,0.4987007942838698
39632956850962671,0.0,0.79,0.21,0.0,0.37074136996563684
39632956850962816,0.0,0.99,0.01,0.0,0.04039656794795559
39632986773128840,0.0,0.45,0.55,0.0,0.49638722699390414
39632951817799633,0.0,0.82,0.18,0.0,0.34003852286413994
39632971891737908,0.0,0.34,0.66,0.0,0.46240935248651505
39632971874962639,0.0,0.96,0.04,0.0,0.12114609454120741
39632971904320846,0.0,0.5,0.5,0.0,0.5
39632956850962847,0.0,0.67,0.33,0.0,0.4574631863898637
39632966879544247,0.0,0.94,0.06,0.0,0.16372245957723813
39632956846772616,0.0,0.64,0.36,0.0,0.4713415946277461
39632956850963517,0.0,0.29,0.71,0.0,0.43436062316970225
39632961867354566,0.0,0.02,0.98,0.0,0.07072027127091034
39632961867353881,0.0,0.87,0.13,0.0,0.2787190925139945
39632961867354624,0.0,0.68,0.32,0.0,0.45219072886224687
39632961867353717,0.0,0.78,0.22,0.0,0.38008375148098283
39632956850963350,0.0,0.01,0.94,0.05,0.1832231322266888
39632966879544719,0.0,0.92,0.08,0.0,0.2010895951011364
39632961867354642,0.0,0.9,0.1,0.0,0.2344977967946406
39632976857794332,0.0,1.0,0.0,0.0,-0.0
39632961867355027,0.0,0.53,0.47,0.0,0.4987007942838698
39632976857794247,0.0,0.31,0.69,0.0,0.4465867291889284
39632961867353875,0.0,0.94,0.06,0.0,0.16372245957723813
39632956846771879,0.1,0.89,0.01,0.0,0.27413031336294724
39632946763665229,0.0,0.53,0.47,0.0,0.4987007942838698
39632946767855903,0.0,0.71,0.29,0.0,0.43436062316970225
39632956850963985,0.0,0.2,0.8,0.0,0.36096404744368116
39632956850962717,0.0,0.89,0.11,0.0,0.249957979082264
39632956846772315,0.0,0.99,0.01,0.0,0.04039656794795559
39632956850962740,0.0,0.33,0.67,0.0,0.4574631863898637
39632956846773098,0.0,0.35,0.64,0.01,0.5043035669219932
39632956850963102,0.0,0.11,0.89,0.0,0.249957979082264
39632946763664093,0.0,0.84,0.16,0.0,0.3171547773202831
39632961867354137,0.0,0.44,0.56,0.0,0.4947937606110278
39632956850962590,0.0,0.77,0.23,0.0,0.38900565177326885
39632971874963280,0.0,0.88,0.12,0.0,0.2646804326436822
39632956846773037,0.0,0.71,0.29,0.0,0.43436062316970225
39632956846772144,0.0,0.98,0.02,0.0,0.07072027127091034
39632946763665542,0.0,0.37,0.63,0.0,0.47533604634353294
39632956846771876,0.0,0.86,0.14,0.0,0.292119405821428
39632956846772095,0.0,0.96,0.04,0.0,0.12114609454120741
39632956846773019,0.0,0.03,0.97,0.0,0.0971959289157881
39632956850962918,0.0,0.94,0.06,0.0,0.16372245957723813
39632956846772609,0.0,0.0,0.94,0.06,0.16372245957723813
39632956850962821,0.0,0.59,0.41,0.0,0.488250234378912
39632956846773123,0.0,0.23,0.77,0.0,0.38900565177326885
39632956846772744,0.0,0.75,0.25,0.0,0.4056390622295664
39632976899737829,0.0,1.0,0.0,0.0,-0.0
39632986768935235,0.0,1.0,0.0,0.0,-0.0
39632976887156764,0.0,0.28,0.72,0.0,0.4277254052800653
39632971904322360,0.0,0.15,0.85,0.0,0.3049201523582002
39632951821996150,0.0,0.35,0.65,0.0,0.4670340276877455
39632986768935214,0.0,0.23,0.77,0.0,0.38900565177326885
39632941713721322,0.0,0.6,0.4,0.0,0.4854752972273343
39632951813607760,0.0,0.72,0.28,0.0,0.4277254052800653
39632951813607827,0.0,0.95,0.05,0.0,0.14319847855797813
39632976887153741,0.0,0.53,0.47,0.0,0.4987007942838698
39632986773129273,0.0,0.48,0.52,0.0,0.4994227679976009
39632941705333868,0.0,0.61,0.39,0.0,0.4823997742525436
39632946763664981,0.0,0.98,0.02,0.0,0.07072027127091034
39632946772050227,0.0,0.8,0.2,0.0,0.36096404744368116
39632981840628837,0.0,0.0,0.85,0.15,0.3049201523582002
39632986785713506,0.01,0.99,0.0,0.0,0.04039656794795559
39632946763663871,0.0,0.64,0.36,0.0,0.4713415946277461
39632971921100130,0.0,0.91,0.09,0.0,0.21823490853205144
39632946767858178,0.0,0.63,0.37,0.0,0.47533604634353294
39632966925680976,0.0,0.05,0.95,0.0,0.14319847855797813
39632956884518526,0.0,0.76,0.24,0.0,0.39752013969226113
39632961879936858,0.0,1.0,0.0,0.0,-0.0
39632976887155470,0.0,0.92,0.08,0.0,0.2010895951011364
39632966904711353,0.0,0.33,0.67,0.0,0.4574631863898637
39632976857795992,0.0,1.0,0.0,0.0,-0.0
39632961884128966,0.0,0.27,0.73,0.0,0.42073231810408784
39632976887155366,0.0,0.1,0.9,0.0,0.2344977967946406
39632951826186630,0.0,0.9,0.1,0.0,0.2344977967946406
39632991709826884,0.0,0.75,0.25,0.0,0.4056390622295664
39632946784635327,0.0,0.61,0.39,0.0,0.4823997742525436
39632976891347713,0.0,0.92,0.08,0.0,0.2010895951011364
39632956888712101,0.0,0.7,0.3,0.0,0.44064544961534635
39632976891347886,0.0,0.97,0.03,0.0,0.0971959289157881
39632966904710754,0.0,0.17,0.83,0.0,0.32885238937210975
39632961884129293,0.0,0.58,0.42,0.0,0.49072694751682683
39632961884129568,0.0,0.34,0.66,0.0,0.46240935248651505
39632986802491809,0.0,0.86,0.14,0.0,0.292119405821428
39632971921100382,0.0,0.5,0.5,0.0,0.5
39632986773129268,0.0,0.21,0.79,0.0,0.37074136996563684
39632986802492063,0.0,0.04,0.96,0.0,0.12114609454120741
39632991722406898,0.0,0.02,0.97,0.01,0.11097036642660543
39632956876131727,0.0,0.36,0.64,0.0,0.4713415946277461
39632961896714952,0.0,0.81,0.19,0.0,0.3507357299419487
39632966904711505,0.01,0.96,0.03,0.0,0.13737165703039006
39632986785712869,0.0,1.0,0.0,0.0,-0.0
39632986785712981,0.0,0.09,0.91,0.0,0.21823490853205144
39632971891738866,0.0,0.11,0.89,0.0,0.249957979082264
39632986810878451,0.0,0.76,0.24,0.0,0.39752013969226113
39632966904710550,0.0,0.93,0.07,0.0,0.18296182545011158
39632976878764214,0.0,0.85,0.15,0.0,0.3049201523582002
39632981853212188,0.0,0.17,0.83,0.0,0.32885238937210975
39632951817800842,0.0,0.26,0.74,0.0,0.4133731862463089
39632996650715694,0.0,0.29,0.71,0.0,0.43436062316970225
39632996650715779,0.0,0.07,0.93,0.0,0.18296182545011158
39632986810878184,0.0,0.63,0.37,0.0,0.47533604634353294
39632971891738883,0.0,0.86,0.14,0.0,0.292119405821428
39632951821995935,0.0,0.65,0.35,0.0,0.4670340276877455
39632966904710571,0.0,0.81,0.19,0.0,0.3507357299419487
39632971925291770,0.0,1.0,0.0,0.0,-0.0
39632966904712189,0.0,0.92,0.08,0.0,0.2010895951011364
39632986810877318,0.0,0.66,0.34,0.0,0.46240935248651505
39632946767858201,0.0,0.85,0.15,0.0,0.3049201523582002
39632981832241038,0.0,0.3,0.7,0.0,0.44064544961534635
39632991709827060,0.0,0.38,0.62,0.0,0.47902101111314976
39632956855157768,0.0,0.03,0.97,0.0,0.0971959289157881
39632941705333209,0.0,0.21,0.79,0.0,0.37074136996563684
39632956850967169,0.01,0.99,0.0,0.0,0.04039656794795559
39632946793022834,0.0,0.93,0.07,0.0,0.18296182545011158
39632946767858953,0.0,0.67,0.33,0.0,0.4574631863898637
39632941705333604,0.0,0.83,0.17,0.0,0.32885238937210975
39632941717914630,0.0,0.72,0.28,0.0,0.4277254052800653
39632946793024275,0.0,0.71,0.29,0.0,0.43436062316970225
39632951813606653,0.0,0.76,0.24,0.0,0.39752013969226113
39632951813607140,0.0,0.89,0.11,0.0,0.249957979082264
39632986785712742,0.0,0.47,0.53,0.0,0.4987007942838698
39632971925291442,0.0,0.13,0.87,0.0,0.2787190925139945
39632971874963220,0.07,0.93,0.0,0.0,0.18296182545011158
39632971874963278,0.0,0.67,0.33,0.0,0.4574631863898637
39632971879154331,0.0,0.0,0.97,0.03,0.0971959289157881
39632941709525745,0.0,0.78,0.22,0.0,0.38008375148098283
39632971874963379,0.0,0.59,0.41,0.0,0.488250234378912
39632946793022923,0.0,0.49,0.51,0.0,0.49985572087640495
39632976891348197,0.0,0.07,0.93,0.0,0.18296182545011158
39632976891348275,0.0,0.62,0.38,0.0,0.47902101111314976
39632946767858997,0.0,0.5,0.5,0.0,0.5
39632971874963600,0.0,0.17,0.83,0.0,0.32885238937210975
39632971900128380,0.0,0.41,0.59,0.0,0.488250234378912
39632946793023058,0.0,0.62,0.38,0.0,0.47902101111314976
39632946793023132,0.0,0.68,0.32,0.0,0.45219072886224687
39632951813606854,0.0,0.99,0.01,0.0,0.04039656794795559
39632951847157878,0.0,0.94,0.06,0.0,0.16372245957723813
39632991718212326,0.0,0.43,0.57,0.0,0.4929075185894599
39632976887155726,0.0,0.13,0.87,0.0,0.2787190925139945
39632986773130724,0.0,0.6,0.4,0.0,0.4854752972273343
39632971904321144,0.0,0.37,0.63,0.0,0.47533604634353294
39632946772052705,0.0,0.75,0.25,0.0,0.4056390622295664
39632986777323921,0.0,0.9,0.1,0.0,0.2344977967946406
39632976891347690,0.0,0.67,0.33,0.0,0.4574631863898637
39632986794101290,0.0,0.07,0.93,0.0,0.18296182545011158
39632976857793243,0.0,0.71,0.29,0.0,0.43436062316970225
39632981819656271,0.0,0.83,0.17,0.0,0.32885238937210975
39632986794101386,0.0,0.89,0.11,0.0,0.249957979082264
39632976857793178,0.0,0.55,0.45,0.0,0.49638722699390414
39632976874573885,0.0,0.18,0.82,0.0,0.34003852286413994
39632976866184626,0.0,0.63,0.37,0.0,0.47533604634353294
39632981819657123,0.0,0.99,0.01,0.0,0.04039656794795559
39632976891347748,0.0,0.21,0.79,0.0,0.37074136996563684
39632986802491587,0.0,0.18,0.82,0.0,0.34003852286413994
39632971879154093,0.0,0.83,0.17,0.0,0.32885238937210975
39632971879154040,0.0,1.0,0.0,0.0,-0.0
39632956846772985,0.0,0.99,0.01,0.0,0.04039656794795559
39632956846773000,0.0,0.62,0.38,0.0,0.47902101111314976
39632986777323811,0.0,0.45,0.55,0.0,0.49638722699390414
39632991718216241,0.0,0.86,0.14,0.0,0.292119405821428
39632971879153714,0.0,0.37,0.63,0.0,0.47533604634353294
39632961913488205,0.0,0.33,0.67,0.0,0.4574631863898637
39632971879154127,0.0,0.74,0.26,0.0,0.4133731862463089
39632971879154108,0.0,0.16,0.84,0.0,0.3171547773202831
39632971879154128,0.0,0.23,0.77,0.0,0.38900565177326885
39632941713722366,0.0,0.99,0.01,0.0,0.04039656794795559
39632971904321075,0.0,0.21,0.79,0.0,0.37074136996563684
39632971874963700,0.0,1.0,0.0,0.0,-0.0
39632946763664778,0.0,1.0,0.0,0.0,-0.0
39632946793024087,0.0,0.3,0.7,0.0,0.44064544961534635
39632941713722786,0.0,0.36,0.64,0.0,0.4713415946277461
39632946793023983,0.0,0.55,0.45,0.0,0.49638722699390414
39632971904320694,0.0,0.64,0.36,0.0,0.4713415946277461
39632981819656242,0.0,0.02,0.98,0.0,0.07072027127091034
39632941713721587,0.0,0.99,0.01,0.0,0.04039656794795559
39632941713721149,0.0,0.37,0.63,0.0,0.47533604634353294
39632961867354030,0.0,0.99,0.01,0.0,0.04039656794795559
39632941713721364,0.0,1.0,0.0,0.0,-0.0
39632941713720692,0.01,0.69,0.3,0.0,0.4784535679576163
39632961867354390,0.0,0.92,0.08,0.0,0.2010895951011364
39632941713722034,0.0,1.0,0.0,0.0,-0.0
39632951817798024,0.0,0.38,0.62,0.0,0.47902101111314976
39632941713721964,0.0,0.94,0.06,0.0,0.16372245957723813
39632951817797939,0.0,0.57,0.43,0.0,0.4929075185894599
39632961867354192,0.0,0.42,0.58,0.0,0.49072694751682683
39632971874961517,0.0,0.89,0.11,0.0,0.249957979082264
39632946763663057,0.0,0.85,0.15,0.0,0.3049201523582002
39632961867354205,0.0,0.49,0.51,0.0,0.49985572087640495
39632976866184664,0.0,0.45,0.55,0.0,0.49638722699390414
39632971904322874,0.0,1.0,0.0,0.0,-0.0
39632941713721046,0.0,0.03,0.97,0.0,0.0971959289157881
39632941713721375,0.0,0.99,0.01,0.0,0.04039656794795559
39632941713721012,0.0,0.72,0.28,0.0,0.4277254052800653
39632976882958800,0.0,0.92,0.08,0.0,0.2010895951011364
39632971874962441,0.0,0.44,0.56,0.0,0.4947937606110278
39632971874962876,0.0,0.93,0.07,0.0,0.18296182545011158
39632951813607029,0.0,0.04,0.96,0.0,0.12114609454120741
39632946793023526,0.0,0.74,0.26,0.0,0.4133731862463089
39632941713721720,0.0,0.44,0.56,0.0,0.4947937606110278
39632941713720859,0.0,0.38,0.62,0.0,0.47902101111314976
39632941713721852,0.0,0.48,0.52,0.0,0.4994227679976009
39632971874961210,0.0,0.95,0.05,0.0,0.14319847855797813
39632971874962060,0.02,0.98,0.0,0.0,0.07072027127091034
39632976882961362,0.0,0.31,0.69,0.0,0.4465867291889284
39632981865791607,0.0,0.84,0.16,0.0,0.3171547773202831
39632976870375493,0.0,0.44,0.56,0.0,0.4947937606110278
39632966896323529,0.0,0.41,0.59,0.0,0.488250234378912
39632946793026165,0.0,0.12,0.88,0.0,0.2646804326436822
39632946793026114,0.0,0.96,0.04,0.0,0.12114609454120741
39632976891350915,0.0,0.72,0.28,0.0,0.4277254052800653
39632956876131287,0.0,0.49,0.51,0.0,0.49985572087640495
39632976866181678,0.0,0.61,0.39,0.0,0.4823997742525436
39632991739183469,0.0,0.59,0.41,0.0,0.488250234378912
39632956871937251,0.0,0.71,0.29,0.0,0.43436062316970225
39632986777322380,0.0,0.68,0.32,0.0,0.45219072886224687
39632966908903486,0.0,0.6,0.4,0.0,0.4854752972273343
39632991718216133,0.0,0.83,0.17,0.0,0.32885238937210975
39632991734990757,0.0,0.31,0.69,0.0,0.4465867291889284
39632966908903703,0.0,0.33,0.67,0.0,0.4574631863898637
39632966904713985,0.0,0.12,0.88,0.0,0.2646804326436822
39632966908903665,0.0,0.03,0.96,0.01,0.13737165703039006
39632986789905507,0.0,0.64,0.36,0.0,0.4713415946277461
39632956850963412,0.0,0.09,0.91,0.0,0.21823490853205144
39632966913101208,0.0,0.95,0.05,0.0,0.14319847855797813
39632976861986973,0.0,0.09,0.91,0.0,0.21823490853205144
39632981828043085,0.0,0.0,0.69,0.31,0.4465867291889284
39632961905103312,0.0,0.94,0.06,0.0,0.16372245957723813
39632991730796802,0.0,0.11,0.89,0.0,0.249957979082264
39632996633939621,0.0,0.65,0.35,0.0,0.4670340276877455
39632991718213365,0.0,0.23,0.77,0.0,0.38900565177326885
39632986777322469,0.0,0.19,0.8,0.01,0.38960374315527674
39632991726600957,0.0,0.61,0.39,0.0,0.4823997742525436
39632961884130884,0.0,0.89,0.11,0.0,0.249957979082264
39632966908904878,0.0,0.17,0.83,0.0,0.32885238937210975
39632946788827830,0.0,0.17,0.83,0.0,0.32885238937210975
39632961896713259,0.0,0.96,0.04,0.0,0.12114609454120741
39632986777322091,0.0,0.82,0.18,0.0,0.34003852286413994
39632981828042951,0.0,0.06,0.94,0.0,0.16372245957723813
39632986777322095,0.0,0.97,0.03,0.0,0.0971959289157881
39632986777322009,0.0,0.0,0.96,0.04,0.12114609454120741
39632971891739251,0.0,0.72,0.28,0.0,0.4277254052800653
39632951821994164,0.0,0.31,0.69,0.0,0.4465867291889284
39632981832240352,0.0,0.44,0.56,0.0,0.4947937606110278
39632951821994272,0.0,0.03,0.97,0.0,0.0971959289157881
39632951821994361,0.0,0.6,0.4,0.0,0.4854752972273343
39632961896713468,0.0,0.22,0.78,0.0,0.38008375148098283
39632961875739589,0.0,0.0,1.0,0.0,-0.0
39632991734991135,0.0,0.94,0.06,0.0,0.16372245957723813
39632956855161116,0.0,0.99,0.01,0.0,0.04039656794795559
39632991734990880,0.0,0.73,0.27,0.0,0.42073231810408784
39632956863547041,0.0,0.97,0.03,0.0,0.0971959289157881
39632991734990860,0.0,0.08,0.92,0.0,0.2010895951011364
39632976870376277,0.0,0.16,0.83,0.01,0.3562867308783886
39632956859352939,0.0,0.0,1.0,0.0,-0.0
39632946788827805,0.0,0.83,0.17,0.0,0.32885238937210975
39632961905099863,0.0,0.03,0.97,0.0,0.0971959289157881
39632966896320590,0.0,0.76,0.24,0.0,0.39752013969226113
39632946797218481,0.0,0.89,0.11,0.0,0.249957979082264
39632956863546893,0.0,0.21,0.79,0.0,0.37074136996563684
39632956863547026,0.0,0.07,0.93,0.0,0.18296182545011158
39632976878765278,0.0,0.46,0.54,0.0,0.49768921941011285
39632946788831552,0.0,0.42,0.58,0.0,0.49072694751682683
39632976861987244,0.0,0.0,0.91,0.09,0.21823490853205144
39632946788831776,0.0,0.75,0.25,0.0,0.4056390622295664
39632961913489485,0.0,0.12,0.88,0.0,0.2646804326436822
39632946767859286,0.0,0.82,0.18,0.0,0.34003852286413994
39632946784636930,0.0,0.7,0.3,0.0,0.44064544961534635
39632996659105060,0.0,0.24,0.76,0.0,0.39752013969226113
39632971904321707,0.0,0.18,0.82,0.0,0.34003852286413994
39632966900515672,0.01,0.96,0.03,0.0,0.13737165703039006
39632971904321786,0.0,0.21,0.79,0.0,0.37074136996563684
39632971904321631,0.0,0.97,0.03,0.0,0.0971959289157881
39632966883739035,0.0,0.95,0.05,0.0,0.14319847855797813
39632971904321532,0.0,0.19,0.81,0.0,0.3507357299419487
39632981840628283,0.0,0.09,0.91,0.0,0.21823490853205144
39633001549664319,0.0,0.04,0.96,0.0,0.12114609454120741
39632961905099834,0.0,0.39,0.61,0.0,0.4823997742525436
39632966900515385,0.0,0.06,0.94,0.0,0.16372245957723813
39632981840628397,0.0,0.74,0.26,0.0,0.4133731862463089
39632971879154654,0.0,0.15,0.85,0.0,0.3049201523582002
39632946784637388,0.0,0.46,0.54,0.0,0.49768921941011285
39632976899738844,0.0,0.47,0.53,0.0,0.4987007942838698
39632966892130664,0.0,0.71,0.29,0.0,0.43436062316970225
39632966900515277,0.0,0.54,0.46,0.0,0.49768921941011285
39632996638133715,0.0,0.83,0.17,0.0,0.32885238937210975
39632966892129003,0.0,0.17,0.83,0.0,0.32885238937210975
39632971904323684,0.0,0.14,0.86,0.0,0.292119405821428
39632961884128701,0.0,0.42,0.58,0.0,0.49072694751682683
39632951847161495,0.0,0.87,0.13,0.0,0.2787190925139945
39632971904323801,0.0,0.28,0.72,0.0,0.4277254052800653
39632956859353037,0.0,0.32,0.68,0.0,0.45219072886224687
39632971916904619,0.0,0.44,0.56,0.0,0.4947937606110278
39632971904324011,0.0,0.05,0.95,0.0,0.14319847855797813
39632951847161352,0.0,0.26,0.74,0.0,0.4133731862463089
39632946797217745,0.0,0.37,0.63,0.0,0.47533604634353294
39632986777322113,0.0,0.57,0.43,0.0,0.4929075185894599
39632951851352295,0.0,0.15,0.85,0.0,0.3049201523582002
39632986777322718,0.0,0.56,0.44,0.0,0.4947937606110278
39632986777323004,0.0,0.95,0.05,0.0,0.14319847855797813
39632986777322907,0.0,0.72,0.28,0.0,0.4277254052800653
39632996642324747,0.0,0.07,0.93,0.0,0.18296182545011158
39632951830383879,0.0,0.75,0.25,0.0,0.4056390622295664
39632971916904515,0.0,0.94,0.06,0.0,0.16372245957723813
39632991726601459,0.0,0.28,0.72,0.0,0.4277254052800653
39632976891350830,0.0,0.01,0.98,0.01,0.08072027127091033
39632976891350758,0.0,0.04,0.96,0.0,0.12114609454120741
39632991726601258,0.0,0.45,0.55,0.0,0.49638722699390414
39632981823852820,0.0,0.08,0.92,0.0,0.2010895951011364
39632976878765455,0.0,0.98,0.02,0.0,0.07072027127091034
39632976878765408,0.0,0.96,0.04,0.0,0.12114609454120741
39632986777322597,0.0,0.29,0.69,0.02,0.500079913005396
39632986777322645,0.0,0.01,0.99,0.0,0.04039656794795559
39632971891736984,0.0,0.02,0.98,0.0,0.07072027127091034
39632951851352323,0.0,0.48,0.52,0.0,0.4994227679976009
39632961871546509,0.0,0.99,0.01,0.0,0.04039656794795559
39632951847160288,0.0,0.8,0.2,0.0,0.36096404744368116
39632951847160164,0.0,0.17,0.83,0.0,0.32885238937210975
39632991705632789,0.0,0.22,0.78,0.0,0.38008375148098283
39632966900518431,0.0,0.37,0.63,0.0,0.47533604634353294
39632981840628273,0.0,0.1,0.9,0.0,0.2344977967946406
39632996642324637,0.0,0.84,0.16,0.0,0.3171547773202831
39632996654912183,0.0,0.04,0.96,0.0,0.12114609454120741
39632971879155695,0.0,0.13,0.87,0.0,0.2787190925139945
39632986794101102,0.0,0.73,0.27,0.0,0.42073231810408784
39632956880327454,0.0,1.0,0.0,0.0,-0.0
39632996638134829,0.0,0.62,0.38,0.0,0.47902101111314976
39632976857792757,0.0,0.89,0.11,0.0,0.249957979082264
39632991714017771,0.0,0.46,0.54,0.0,0.49768921941011285
39632966892129784,0.0,0.76,0.24,0.0,0.39752013969226113
39632966892130164,0.0,0.7,0.3,0.0,0.44064544961534635
39632991714020191,0.0,0.44,0.56,0.0,0.4947937606110278
39632966892130395,0.0,0.16,0.84,0.0,0.3171547773202831
39632966892130348,0.0,0.9,0.1,0.0,0.2344977967946406
39632996650717655,0.0,0.16,0.84,0.0,0.3171547773202831
39633001549663930,0.0,0.74,0.26,0.0,0.4133731862463089
39632971908515282,0.0,0.46,0.54,0.0,0.49768921941011285
39632981840629941,0.0,0.86,0.14,0.0,0.292119405821428
39632951821994375,0.0,0.13,0.87,0.0,0.2787190925139945
39632961884128712,0.0,0.52,0.48,0.0,0.4994227679976009
39632956888714037,0.0,1.0,0.0,0.0,-0.0
39632981857408214,0.0,0.04,0.96,0.0,0.12114609454120741
39632996654910360,0.0,0.88,0.12,0.0,0.2646804326436822
39632976891350592,0.0,0.83,0.17,0.0,0.32885238937210975
39632996659101952,0.0,0.96,0.04,0.0,0.12114609454120741
39632986781518958,0.0,0.0,0.94,0.06,0.16372245957723813
39632956892908802,0.0,0.87,0.13,0.0,0.2787190925139945
39632951817801215,0.0,0.08,0.92,0.0,0.2010895951011364
39632996633939668,0.0,1.0,0.0,0.0,-0.0
39632976899736441,0.0,0.2,0.8,0.0,0.36096404744368116
39632971895932635,0.0,0.3,0.7,0.0,0.44064544961534635
39632986785714153,0.0,0.15,0.85,0.0,0.3049201523582002
39632961905100559,0.0,0.17,0.83,0.0,0.32885238937210975
39632986785714047,0.0,0.4,0.6,0.0,0.4854752972273343
39632971895934795,0.0,0.29,0.71,0.0,0.43436062316970225
39632966908904941,0.0,0.0,0.99,0.01,0.04039656794795559
39632971895934758,0.01,0.87,0.12,0.0,0.30414992414989617
39632961905100239,0.0,1.0,0.0,0.0,-0.0
39632991722408070,0.0,0.03,0.95,0.02,0.1674722434193448
39632981832238414,0.0,0.75,0.25,0.0,0.4056390622295664
39632986777323793,0.0,0.0,0.53,0.47,0.4987007942838698
39632956859355279,0.0,0.29,0.71,0.0,0.43436062316970225
39632971879155824,0.0,0.37,0.63,0.0,0.47533604634353294
39632976899736239,0.0,0.7,0.3,0.0,0.44064544961534635
39632976899736264,0.0,0.89,0.11,0.0,0.249957979082264
39632976899736319,0.0,0.14,0.86,0.0,0.292119405821428
39632956859355100,0.0,0.42,0.58,0.0,0.49072694751682683
39632956859354945,0.0,0.6,0.4,0.0,0.4854752972273343
39632991722407885,0.0,0.47,0.53,0.0,0.4987007942838698
39632996629744348,0.0,0.42,0.58,0.0,0.49072694751682683
39632981853208859,0.0,0.53,0.47,0.0,0.4987007942838698
39632951817801382,0.0,0.21,0.79,0.0,0.37074136996563684
39632966883738592,0.0,0.56,0.44,0.0,0.4947937606110278
39632961905099729,0.0,0.61,0.39,0.0,0.4823997742525436
39632961905099886,0.01,0.99,0.0,0.0,0.04039656794795559
39632961905099592,0.0,0.88,0.12,0.0,0.2646804326436822
39632981844824508,0.0,0.87,0.13,0.0,0.2787190925139945
39632996633939434,0.0,1.0,0.0,0.0,-0.0
39632976874570595,0.0,0.52,0.48,0.0,0.4994227679976009
39632976891350644,0.0,0.07,0.93,0.0,0.18296182545011158
39632976891350546,0.0,0.13,0.87,0.0,0.2787190925139945
39632976878765615,0.0,0.49,0.51,0.0,0.49985572087640495
39632966883737993,0.0,0.84,0.16,0.0,0.3171547773202831
39632971908516591,0.0,0.96,0.04,0.0,0.12114609454120741
39632966883738411,0.0,0.61,0.39,0.0,0.4823997742525436
39632986777323771,0.0,0.02,0.98,0.0,0.07072027127091034
39632986777323872,0.0,0.07,0.93,0.0,0.18296182545011158
39632966883738233,0.0,0.2,0.8,0.0,0.36096404744368116
39632956859354886,0.0,0.79,0.21,0.0,0.37074136996563684
39632986777323763,0.0,0.02,0.98,0.0,0.07072027127091034
39632966904712840,0.0,0.73,0.27,0.0,0.42073231810408784
39632976903930232,0.0,0.45,0.55,0.0,0.49638722699390414
39632976903929937,0.0,0.53,0.47,0.0,0.4987007942838698
39632946772050309,0.0,0.94,0.06,0.0,0.16372245957723813
39632946772051055,0.0,0.13,0.87,0.0,0.2787190925139945
39632971891739994,0.0,0.54,0.46,0.0,0.49768921941011285
39632966896322915,0.0,0.64,0.36,0.0,0.4713415946277461
39632951826190692,0.0,0.03,0.96,0.01,0.13737165703039006
39632976891350916,0.0,0.0,0.98,0.02,0.07072027127091034
39632976891350720,0.0,0.01,0.99,0.0,0.04039656794795559
39632966900518073,0.0,0.68,0.32,0.0,0.45219072886224687
39632956871936612,0.0,0.94,0.06,0.0,0.16372245957723813
39632966908904852,0.0,0.8,0.2,0.0,0.36096404744368116
39632971891739290,0.0,0.0,1.0,0.0,-0.0
39632951830382098,0.0,0.28,0.72,0.0,0.4277254052800653
39632961900909082,0.0,0.69,0.31,0.0,0.4465867291889284
39632996638133988,0.0,0.71,0.29,0.0,0.43436062316970225
39632951834575555,0.0,0.18,0.82,0.0,0.34003852286413994
39632991709827446,0.0,0.24,0.76,0.0,0.39752013969226113
39632951834575964,0.0,0.85,0.15,0.0,0.3049201523582002
39632951830383278,0.0,0.71,0.29,0.0,0.43436062316970225
39632961900909174,0.0,0.08,0.92,0.0,0.2010895951011364
39632976870377861,0.0,0.37,0.63,0.0,0.47533604634353294
39632956859354890,0.0,0.21,0.79,0.0,0.37074136996563684
39632991709827137,0.0,0.81,0.19,0.0,0.3507357299419487
39632946776246691,0.0,0.0,0.9,0.1,0.2344977967946406
39632991714019259,0.0,0.05,0.95,0.0,0.14319847855797813
39632976870378320,0.0,0.03,0.97,0.0,0.0971959289157881
39632966887932435,0.0,0.23,0.77,0.0,0.38900565177326885
39632996638133729,0.0,0.19,0.81,0.0,0.3507357299419487
39632951842967056,0.0,0.39,0.61,0.0,0.4823997742525436
39632971879154996,0.0,0.57,0.43,0.0,0.4929075185894599
39632966896325179,0.0,0.61,0.39,0.0,0.4823997742525436
39632976899739181,0.0,0.3,0.7,0.0,0.44064544961534635
39632946772050284,0.0,0.0,0.99,0.01,0.04039656794795559
39632971916907388,0.0,0.91,0.09,0.0,0.21823490853205144
39632971916904021,0.0,0.9,0.1,0.0,0.2344977967946406
39632991714019636,0.0,0.58,0.42,0.0,0.49072694751682683
39632971891740044,0.01,0.99,0.0,0.0,0.04039656794795559
39632976903931336,0.0,0.09,0.91,0.0,0.21823490853205144
39632956888714530,0.0,0.98,0.02,0.0,0.07072027127091034
39632986773130882,0.0,0.1,0.9,0.0,0.2344977967946406
39632981861597291,0.0,0.24,0.76,0.0,0.39752013969226113
39632986773131565,0.0,0.02,0.98,0.0,0.07072027127091034
39632981840627759,0.0,0.0,1.0,0.0,-0.0
39632961913487444,0.0,0.52,0.48,0.0,0.4994227679976009
39632956888713145,0.0,0.67,0.33,0.0,0.4574631863898637
39632981857408265,0.0,0.44,0.56,0.0,0.4947937606110278
39632951847162266,0.0,0.83,0.17,0.0,0.32885238937210975
39632961909297666,0.11,0.89,0.0,0.0,0.249957979082264
39632981857408260,0.0,0.9,0.1,0.0,0.2344977967946406
39632991714019719,0.0,0.0,0.95,0.05,0.14319847855797813
39632976899739154,0.0,0.46,0.54,0.0,0.49768921941011285
39632971904321799,0.0,0.39,0.61,0.0,0.4823997742525436
39632956888713425,0.0,0.18,0.82,0.0,0.34003852286413994
39632956888713096,0.0,0.65,0.35,0.0,0.4670340276877455
39632956888713421,0.0,0.21,0.79,0.0,0.37074136996563684
39632966887934118,0.0,0.14,0.86,0.0,0.292119405821428
39632951851352909,0.0,0.11,0.89,0.0,0.249957979082264
39632991709826995,0.0,0.27,0.73,0.0,0.42073231810408784
39632986777321855,0.0,0.6,0.4,0.0,0.4854752972273343
39632976895544321,0.0,0.0,0.94,0.06,0.16372245957723813
39632971895933677,0.0,0.69,0.31,0.0,0.4465867291889284
39632991722406383,0.0,0.22,0.78,0.0,0.38008375148098283
39632981857403212,0.0,0.0,0.98,0.02,0.07072027127091034
39632981865793525,0.0,0.83,0.17,0.0,0.32885238937210975
39632976874570160,0.0,0.26,0.74,0.0,0.4133731862463089
39632951847161875,0.0,0.33,0.67,0.0,0.4574631863898637
39632951851353804,0.0,0.04,0.96,0.0,0.12114609454120741
39632966896321599,0.0,0.71,0.29,0.0,0.43436062316970225
39632991739185967,0.0,0.91,0.09,0.0,0.21823490853205144
39632966896321350,0.0,0.09,0.91,0.0,0.21823490853205144
39632966896321347,0.0,0.04,0.96,0.0,0.12114609454120741
39632971904323301,0.0,0.3,0.7,0.0,0.44064544961534635
39632966896321050,0.0,0.31,0.69,0.0,0.4465867291889284
39632971891738478,0.0,0.57,0.43,0.0,0.4929075185894599
39632976903931185,0.0,0.86,0.14,0.0,0.292119405821428
39632996638134910,0.0,0.97,0.03,0.0,0.0971959289157881
39632976903930960,0.0,0.36,0.64,0.0,0.4713415946277461
39632996638133760,0.0,0.82,0.18,0.0,0.34003852286413994
39632961905103253,0.0,0.2,0.8,0.0,0.36096404744368116
39632971883352090,0.0,0.32,0.68,0.0,0.45219072886224687
39632971916905264,0.0,0.11,0.89,0.0,0.249957979082264
39632956876130958,0.0,0.34,0.66,0.0,0.46240935248651505
39632971883351967,0.0,0.42,0.58,0.0,0.49072694751682683
39632996642324842,0.0,0.22,0.78,0.0,0.38008375148098283
39632971891739820,0.0,0.33,0.67,0.0,0.4574631863898637
39632986773131096,0.0,0.78,0.22,0.0,0.38008375148098283
39632966883741155,0.0,0.48,0.52,0.0,0.4994227679976009
39632971891739911,0.0,0.53,0.47,0.0,0.4987007942838698
39632991730795602,0.0,0.32,0.68,0.0,0.45219072886224687
39632991714020113,0.0,0.84,0.16,0.0,0.3171547773202831
39632991726600975,0.0,0.46,0.54,0.0,0.49768921941011285
39632966896321502,0.0,0.19,0.81,0.0,0.3507357299419487
39632991714020368,0.0,0.21,0.79,0.0,0.37074136996563684
39632991714020062,0.0,0.0,0.93,0.07,0.18296182545011158
39632986764743317,0.0,0.0,1.0,0.0,-0.0
39632971904321514,0.0,0.89,0.11,0.0,0.249957979082264
39632971904322607,0.0,0.07,0.93,0.0,0.18296182545011158
39632971883351927,0.0,0.01,0.99,0.0,0.04039656794795559
39632966925684935,0.0,1.0,0.0,0.0,-0.0
39632981853211608,0.0,0.16,0.84,0.0,0.3171547773202831
39632976866184721,0.0,0.27,0.73,0.0,0.42073231810408784
39632966925684910,0.0,0.45,0.55,0.0,0.49638722699390414
39632956876130939,0.0,0.04,0.96,0.0,0.12114609454120741
39632976899738850,0.0,0.03,0.97,0.0,0.0971959289157881
39632971921098582,0.0,0.74,0.26,0.0,0.4133731862463089
39632996659101838,0.0,0.01,0.99,0.0,0.04039656794795559
39632971904321575,0.0,0.71,0.29,0.0,0.43436062316970225
39632986764743263,0.0,0.35,0.65,0.0,0.4670340276877455
39632976866185727,0.0,0.7,0.3,0.0,0.44064544961534635
39632966879546811,0.0,0.04,0.96,0.0,0.12114609454120741
39632956859352715,0.0,0.1,0.9,0.0,0.2344977967946406
39632951851353568,0.0,0.86,0.14,0.0,0.292119405821428
39632991705632264,0.0,0.69,0.31,0.0,0.4465867291889284
39632966879546776,0.0,0.61,0.39,0.0,0.4823997742525436
39632961888323534,0.0,0.46,0.54,0.0,0.49768921941011285
39632956884516990,0.0,0.0,1.0,0.0,-0.0
39632991705629458,0.0,0.19,0.81,0.0,0.3507357299419487
39632991705632688,0.0,0.08,0.92,0.0,0.2010895951011364
39632991705632808,0.0,0.47,0.53,0.0,0.4987007942838698
39632991705629320,0.0,0.35,0.65,0.0,0.4670340276877455
39632996638134839,0.0,0.66,0.34,0.0,0.46240935248651505
39632996638134709,0.0,0.39,0.61,0.0,0.4823997742525436
39632991705632687,0.0,0.12,0.88,0.0,0.2646804326436822
39632966896321001,0.0,0.37,0.63,0.0,0.47533604634353294
39632986773130584,0.0,0.02,0.98,0.0,0.07072027127091034
39632976853602493,0.0,0.98,0.02,0.0,0.07072027127091034
39632991705629625,0.0,0.82,0.18,0.0,0.34003852286413994
39632966879546166,0.0,0.81,0.19,0.0,0.3507357299419487
39632991705631418,0.0,0.16,0.84,0.0,0.3171547773202831
39632996625551199,0.0,0.98,0.02,0.0,0.07072027127091034
39632991705631804,0.0,0.52,0.48,0.0,0.4994227679976009
39632991705631992,0.0,0.11,0.89,0.0,0.249957979082264
39632991705632332,0.0,0.98,0.02,0.0,0.07072027127091034
39632996629741935,0.0,1.0,0.0,0.0,-0.0
39632991705629522,0.0,0.97,0.03,0.0,0.0971959289157881
39632991705630956,0.0,0.0,0.92,0.08,0.2010895951011364
39632996625551231,0.0,0.09,0.91,0.0,0.21823490853205144
39632996629742306,0.0,0.26,0.74,0.0,0.4133731862463089
39632976882962551,0.0,0.72,0.28,0.0,0.4277254052800653
39632976882962213,0.0,0.51,0.49,0.0,0.49985572087640495
39632976882962162,0.0,0.65,0.35,0.0,0.4670340276877455
39632966879545959,0.0,0.29,0.71,0.0,0.43436062316970225
39632996629743393,0.0,0.27,0.73,0.0,0.42073231810408784
39632991705631720,0.0,0.62,0.38,0.0,0.47902101111314976
39632986764743295,0.0,0.54,0.46,0.0,0.49768921941011285
39632991705630601,0.0,0.02,0.98,0.0,0.07072027127091034
39632991705629180,0.0,0.82,0.18,0.0,0.34003852286413994
39632991701439008,0.0,0.29,0.71,0.0,0.43436062316970225
39632991705630013,0.0,0.25,0.75,0.0,0.4056390622295664
39632991705629866,0.0,0.11,0.89,0.0,0.249957979082264
39632956855160478,0.0,0.44,0.56,0.0,0.4947937606110278
39632981819656185,0.0,0.47,0.53,0.0,0.4987007942838698
39632981819656229,0.0,0.31,0.69,0.0,0.4465867291889284
39632996625550891,0.0,0.56,0.44,0.0,0.4947937606110278
39632976903931767,0.0,0.44,0.56,0.0,0.4947937606110278
39632951851354243,0.0,0.51,0.49,0.0,0.49985572087640495
39632981857407695,0.1,0.9,0.0,0.0,0.2344977967946406
39632996629743816,0.0,0.88,0.12,0.0,0.2646804326436822
39632991714020089,0.0,0.1,0.9,0.0,0.2344977967946406
39632946788831230,0.0,0.67,0.33,0.0,0.4574631863898637
39632946788829006,0.0,0.54,0.46,0.0,0.49768921941011285
39632946788829182,0.0,0.27,0.73,0.0,0.42073231810408784
39632946788829159,0.0,0.3,0.7,0.0,0.44064544961534635
39632996629745724,0.0,0.36,0.64,0.0,0.4713415946277461
39632966883737800,0.0,0.75,0.25,0.0,0.4056390622295664
39632991705629639,0.0,0.2,0.8,0.0,0.36096404744368116
39632991705629739,0.0,0.32,0.68,0.0,0.45219072886224687
39632976853601759,0.0,0.45,0.55,0.0,0.49638722699390414
39633001541273371,0.0,0.76,0.24,0.0,0.39752013969226113
39632966879547760,0.0,0.28,0.72,0.0,0.4277254052800653
39632966879547738,0.0,1.0,0.0,0.0,-0.0
39632991705630128,0.0,0.73,0.27,0.0,0.42073231810408784
39632976853602343,0.0,1.0,0.0,0.0,-0.0
39633001541273853,0.0,0.46,0.54,0.0,0.49768921941011285
39633001541274793,0.0,0.87,0.13,0.0,0.2787190925139945
39632971916907160,0.0,1.0,0.0,0.0,-0.0
39632976891350857,0.0,0.04,0.96,0.0,0.12114609454120741
39632966896322155,0.0,0.15,0.85,0.0,0.3049201523582002
39632946767856043,0.0,0.77,0.23,0.0,0.38900565177326885
39632966896321722,0.0,0.03,0.97,0.0,0.0971959289157881
39632966896321698,0.0,0.63,0.37,0.0,0.47533604634353294
39632951851354164,0.0,1.0,0.0,0.0,-0.0
39632976887153330,0.0,0.01,0.99,0.0,0.04039656794795559
39632951847157861,0.0,0.94,0.06,0.0,0.16372245957723813
39633001541274705,0.0,0.97,0.03,0.0,0.0971959289157881
39632956871934305,0.0,0.1,0.9,0.0,0.2344977967946406
39632956867743877,0.0,0.42,0.58,0.0,0.49072694751682683
39632956855160525,0.0,0.04,0.96,0.0,0.12114609454120741
39632951817800558,0.09,0.9,0.01,0.0,0.2579475764741046
39632986777323644,0.0,0.02,0.98,0.0,0.07072027127091034
39632986777323233,0.0,0.68,0.32,0.0,0.45219072886224687
39632946767855889,0.0,0.88,0.12,0.0,0.2646804326436822
39632966879544332,0.0,0.34,0.66,0.0,0.46240935248651505
39632991701438915,0.0,0.16,0.84,0.0,0.3171547773202831
39632966908904961,0.0,0.25,0.75,0.0,0.4056390622295664
39632981819655003,0.0,0.74,0.26,0.0,0.4133731862463089
39632971879153754,0.0,0.01,0.98,0.01,0.08072027127091033
39632966879545346,0.0,0.83,0.17,0.0,0.32885238937210975
39632976853601265,0.0,0.94,0.06,0.0,0.16372245957723813
39632951817797786,0.0,0.22,0.78,0.0,0.38008375148098283
39632991701439033,0.0,0.1,0.9,0.0,0.2344977967946406
39632976853601356,0.0,0.94,0.06,0.0,0.16372245957723813
39632951813608355,0.0,0.21,0.79,0.0,0.37074136996563684
39632971904321688,0.0,0.38,0.62,0.0,0.47902101111314976
39632971891739093,0.0,0.53,0.47,0.0,0.4987007942838698
39632976853601286,0.0,0.88,0.12,0.0,0.2646804326436822
39632976882962649,0.0,0.15,0.85,0.0,0.3049201523582002
39632951817799538,0.0,0.0,1.0,0.0,-0.0
39632951817799620,0.0,0.9,0.1,0.0,0.2344977967946406
39632976882962545,0.0,0.99,0.01,0.0,0.04039656794795559
39632996625550814,0.0,0.66,0.34,0.0,0.46240935248651505
39632991705629629,0.0,0.76,0.24,0.0,0.39752013969226113
39632951817799460,0.0,0.3,0.7,0.0,0.44064544961534635
39632981819656081,0.0,0.85,0.15,0.0,0.3049201523582002
39633001541272462,0.0,0.97,0.03,0.0,0.0971959289157881
39633001541272203,0.01,0.96,0.03,0.0,0.13737165703039006
39632996629743249,0.0,0.13,0.87,0.0,0.2787190925139945
39633001541272611,0.0,0.07,0.93,0.0,0.18296182545011158
39632971904320379,0.0,0.49,0.51,0.0,0.49985572087640495
39632981819654626,0.0,0.36,0.64,0.0,0.4713415946277461
39633001541272779,0.0,0.09,0.91,0.0,0.21823490853205144
39633001541272668,0.0,0.97,0.03,0.0,0.0971959289157881
39632976853600549,0.0,0.8,0.2,0.0,0.36096404744368116
39632951817798374,0.0,0.25,0.75,0.0,0.4056390622295664
39632971916907170,0.0,0.37,0.63,0.0,0.47533604634353294
39632966879546003,0.0,0.79,0.21,0.0,0.37074136996563684
39632966879545798,0.0,0.77,0.23,0.0,0.38900565177326885
39632966879545649,0.0,0.59,0.41,0.0,0.488250234378912
39632966879545856,0.0,0.69,0.31,0.0,0.4465867291889284
39632966879545452,0.0,0.79,0.21,0.0,0.37074136996563684
39632951817798583,0.01,0.98,0.01,0.0,0.08072027127091033
39632951813608264,0.0,0.91,0.09,0.0,0.21823490853205144
39632976853600988,0.0,0.68,0.32,0.0,0.45219072886224687
39632976853601243,0.0,0.95,0.05,0.0,0.14319847855797813
39632981819654380,0.0,0.95,0.05,0.0,0.14319847855797813
39632986764743235,0.0,0.56,0.44,0.0,0.4947937606110278
39632976853600943,0.0,0.5,0.5,0.0,0.5
39632996659105745,0.0,0.75,0.25,0.0,0.4056390622295664
39632996659105629,0.0,0.89,0.11,0.0,0.249957979082264
39632996659105557,0.0,0.71,0.29,0.0,0.43436062316970225
39632981853211076,0.0,0.03,0.95,0.02,0.1674722434193448
39632986802490605,0.0,0.04,0.96,0.0,0.12114609454120741
39632971879153947,0.0,0.2,0.8,0.0,0.36096404744368116
39632976857795298,0.0,0.68,0.32,0.0,0.45219072886224687
39632986789905291,0.0,0.25,0.75,0.0,0.4056390622295664
39632976861987750,0.0,0.17,0.83,0.0,0.32885238937210975
39632971879154423,0.0,0.1,0.9,0.0,0.2344977967946406
39632961888322291,0.0,0.43,0.57,0.0,0.4929075185894599
39632966904712261,0.19,0.81,0.0,0.0,0.3507357299419487
39632981836433486,0.04,0.96,0.0,0.0,0.12114609454120741
39632951826188833,0.0,0.42,0.58,0.0,0.49072694751682683
39632996650715816,0.0,0.36,0.64,0.0,0.4713415946277461
39632996650716531,0.0,0.95,0.05,0.0,0.14319847855797813
39632996650716664,0.0,0.29,0.71,0.0,0.43436062316970225
39632996650715912,0.0,0.67,0.33,0.0,0.4574631863898637
39632971912712382,0.0,0.52,0.48,0.0,0.4994227679976009
39632966904710922,0.0,0.59,0.41,0.0,0.488250234378912
39632966904710997,0.0,0.44,0.56,0.0,0.4947937606110278
39632966904711033,0.0,0.48,0.52,0.0,0.4994227679976009
39632986777322498,0.0,0.99,0.01,0.0,0.04039656794795559
39632956859351387,0.0,0.72,0.28,0.0,0.4277254052800653
39632966892129242,0.0,0.02,0.98,0.0,0.07072027127091034
39632991709825346,0.0,0.0,0.97,0.03,0.0971959289157881
39632996642326922,0.0,0.0,1.0,0.0,-0.0
39632976870377808,0.0,0.01,0.94,0.05,0.1832231322266888
39632966904709237,0.0,0.04,0.96,0.0,0.12114609454120741
39632956888712071,0.0,0.21,0.79,0.0,0.37074136996563684
39632976895545112,0.0,0.04,0.96,0.0,0.12114609454120741
39632996633939834,0.0,0.21,0.79,0.0,0.37074136996563684
39632996650717553,0.0,0.13,0.87,0.0,0.2787190925139945
39632996650717803,0.0,0.55,0.45,0.0,0.49638722699390414
39632996633937297,0.0,0.4,0.6,0.0,0.4854752972273343
39632986768933806,0.0,0.0,1.0,0.0,-0.0
39632996633937526,0.0,1.0,0.0,0.0,-0.0
39632996654909899,0.0,0.1,0.9,0.0,0.2344977967946406
39632961888322263,0.0,0.15,0.85,0.0,0.3049201523582002
39632986768933338,0.0,0.86,0.14,0.0,0.292119405821428
39632996633938225,0.0,0.04,0.96,0.0,0.12114609454120741
39632986768933288,0.0,0.0,0.84,0.16,0.3171547773202831
39632996650715131,0.0,0.05,0.95,0.0,0.14319847855797813
39632996663296486,0.0,0.99,0.01,0.0,0.04039656794795559
39632946788827565,0.0,0.87,0.13,0.0,0.2787190925139945
39632946788827555,0.0,0.37,0.63,0.0,0.47533604634353294
39632981823851002,0.0,0.06,0.94,0.0,0.16372245957723813
39632976899740336,0.0,0.08,0.92,0.0,0.2010895951011364
39632971895934564,0.0,0.2,0.8,0.0,0.36096404744368116
39632986802490917,0.0,0.18,0.82,0.0,0.34003852286413994
39632971921098946,0.0,0.6,0.4,0.0,0.4854752972273343
39632951817801449,0.0,0.03,0.97,0.0,0.0971959289157881
39632946767856358,0.0,0.06,0.94,0.0,0.16372245957723813
39632996663296632,0.0,0.95,0.05,0.0,0.14319847855797813
39632996663296729,0.0,0.37,0.63,0.0,0.47533604634353294
39632991739187888,0.0,0.53,0.47,0.0,0.4987007942838698
39632971925293181,0.0,0.97,0.03,0.0,0.0971959289157881
39632996650716418,0.0,0.88,0.12,0.0,0.2646804326436822
39632971925293454,0.01,0.94,0.05,0.0,0.1832231322266888
39632976899738485,0.0,0.02,0.98,0.0,0.07072027127091034
39632956888712610,0.0,0.79,0.21,0.0,0.37074136996563684
39632986806686043,0.0,0.9,0.1,0.0,0.2344977967946406
39632966900518432,0.0,0.65,0.35,0.0,0.4670340276877455
39632976899740800,0.0,0.97,0.03,0.0,0.0971959289157881
39632976899740745,0.0,0.16,0.84,0.0,0.3171547773202831
39632996654907548,0.0,0.76,0.24,0.0,0.39752013969226113
39632986768933368,0.0,0.0,0.91,0.09,0.21823490853205144
39632946788828081,0.0,0.38,0.62,0.0,0.47902101111314976
39632971895934357,0.0,0.13,0.87,0.0,0.2787190925139945
39632971891738087,0.0,0.37,0.63,0.0,0.47533604634353294
39632971891738084,0.0,0.6,0.4,0.0,0.4854752972273343
39632971895934337,0.0,0.22,0.78,0.0,0.38008375148098283
39632961900910024,0.0,0.31,0.69,0.0,0.4465867291889284
39632976899738714,0.0,0.48,0.52,0.0,0.4994227679976009
39632976899738680,0.0,0.32,0.68,0.0,0.45219072886224687
39632976870378093,0.0,0.18,0.82,0.0,0.34003852286413994
39632971916903465,0.0,0.51,0.49,0.0,0.49985572087640495
39632981861597373,0.0,0.01,0.99,0.0,0.04039656794795559
39632981861602037,0.0,0.08,0.92,0.0,0.2010895951011364
39632976895545418,0.0,0.01,0.99,0.0,0.04039656794795559
39632976895545261,0.0,0.99,0.01,0.0,0.04039656794795559
39632976895545241,0.0,0.97,0.03,0.0,0.0971959289157881
39633001549665107,0.0,0.92,0.08,0.0,0.2010895951011364
39632996633937737,0.0,0.16,0.84,0.0,0.3171547773202831
39632986768934059,0.0,0.0,1.0,0.0,-0.0
39632971900128602,0.0,0.17,0.83,0.0,0.32885238937210975
39632971925293850,0.0,0.94,0.06,0.0,0.16372245957723813
39632971895934707,0.0,0.7,0.3,0.0,0.44064544961534635
39633001553854869,0.0,0.49,0.51,0.0,0.49985572087640495
39632996650715456,0.0,0.72,0.28,0.0,0.4277254052800653
39632996650715682,0.0,0.86,0.14,0.0,0.292119405821428
39632996650715784,0.0,0.86,0.14,0.0,0.292119405821428
39632996650716880,0.0,0.07,0.93,0.0,0.18296182545011158
39632966904709676,0.14,0.86,0.0,0.0,0.292119405821428
39632951838773136,0.0,0.96,0.04,0.0,0.12114609454120741
39632976899738326,0.0,0.02,0.98,0.0,0.07072027127091034
39632996633938794,0.0,0.05,0.95,0.0,0.14319847855797813
39633001537081032,0.0,0.36,0.64,0.0,0.4713415946277461
39632966904711733,0.0,0.2,0.8,0.0,0.36096404744368116
39633001541275046,0.0,1.0,0.0,0.0,-0.0
39632971925293302,0.0,0.99,0.01,0.0,0.04039656794795559
39632976903931176,0.0,0.83,0.17,0.0,0.32885238937210975
39632956859351673,0.0,0.92,0.08,0.0,0.2010895951011364
39632976857795211,0.0,0.0,0.98,0.02,0.07072027127091034
39632981823849236,0.0,0.42,0.58,0.0,0.49072694751682683
39632956867744853,0.0,0.78,0.22,0.0,0.38008375148098283
39632971912708618,0.0,0.07,0.93,0.0,0.18296182545011158
39632986777322845,0.0,0.64,0.36,0.0,0.4713415946277461
39632996659102084,0.0,0.73,0.27,0.0,0.42073231810408784
39632976882960956,0.0,1.0,0.0,0.0,-0.0
39632996659102180,0.0,0.04,0.95,0.01,0.16124668093016215
39632996659102170,0.0,0.46,0.54,0.0,0.49768921941011285
39632996629744553,0.0,0.16,0.84,0.0,0.3171547773202831
39632971904322249,0.0,0.83,0.17,0.0,0.32885238937210975
39632971887544532,0.0,0.27,0.73,0.0,0.42073231810408784
39632976857795060,0.0,0.0,0.98,0.02,0.07072027127091034
39632976853602429,0.0,0.25,0.75,0.0,0.4056390622295664
39632976853602452,0.0,0.11,0.89,0.0,0.249957979082264
39632981840628586,0.0,0.37,0.63,0.0,0.47533604634353294
39632966904712780,0.0,0.7,0.3,0.0,0.44064544961534635
39632966908905116,0.0,0.44,0.56,0.0,0.4947937606110278
39632996659103130,0.0,0.99,0.01,0.0,0.04039656794795559
39632996629743093,0.0,0.88,0.12,0.0,0.2646804326436822
39633001545467793,0.0,0.04,0.96,0.0,0.12114609454120741
39632996654911958,0.0,0.46,0.54,0.0,0.49768921941011285
39632976857793660,0.0,0.89,0.11,0.0,0.249957979082264
39632996629743135,0.0,0.07,0.93,0.0,0.18296182545011158
39632986764742414,0.0,0.46,0.54,0.0,0.49768921941011285
39632996654912079,0.0,0.71,0.29,0.0,0.43436062316970225
39633001532886220,0.0,0.8,0.2,0.0,0.36096404744368116
39632996659101919,0.0,0.66,0.34,0.0,0.46240935248651505
39633001541275585,0.0,0.82,0.18,0.0,0.34003852286413994
39633001541275363,0.06,0.94,0.0,0.0,0.16372245957723813
39632996659102486,0.0,0.45,0.55,0.0,0.49638722699390414
39632996659103637,0.0,0.95,0.05,0.0,0.14319847855797813
39633001541275777,0.0,0.96,0.04,0.0,0.12114609454120741
39632996629744251,0.0,0.92,0.08,0.0,0.2010895951011364
39632991705630781,0.0,0.96,0.04,0.0,0.12114609454120741
39632996654910706,0.0,0.48,0.52,0.0,0.4994227679976009
39632991705630599,0.0,0.02,0.98,0.0,0.07072027127091034
39632976857792923,0.0,0.72,0.28,0.0,0.4277254052800653
39632991701438964,0.0,0.05,0.9,0.05,0.2844977967946406
39632991705630393,0.0,0.76,0.24,0.0,0.39752013969226113
39632991701439009,0.0,0.02,0.98,0.0,0.07072027127091034
39632996629743937,0.0,0.15,0.85,0.0,0.3049201523582002
39632996629743849,0.0,0.69,0.31,0.0,0.4465867291889284
39632996629743130,0.0,0.41,0.59,0.0,0.488250234378912
39632971904322168,0.0,0.02,0.97,0.01,0.11097036642660543
39632976899738250,0.0,0.09,0.91,0.0,0.21823490853205144
39632991714020891,0.0,0.0,0.97,0.03,0.0971959289157881
39632991714021020,0.0,0.98,0.02,0.0,0.07072027127091034
39632991714021035,0.0,1.0,0.0,0.0,-0.0
39632991714021043,0.0,0.98,0.02,0.0,0.07072027127091034
39632976899740359,0.0,0.0,0.98,0.02,0.07072027127091034
39632996650715387,0.0,0.27,0.73,0.0,0.42073231810408784
39633001541275097,0.0,0.75,0.25,0.0,0.4056390622295664
39632976857792573,0.0,0.33,0.67,0.0,0.4574631863898637
39632971887544662,0.0,0.44,0.56,0.0,0.4947937606110278
39632951817798883,0.0,0.56,0.44,0.0,0.4947937606110278
39633001541275956,0.0,0.98,0.02,0.0,0.07072027127091034
39633006436027586,0.01,0.99,0.0,0.0,0.04039656794795559
39632996659104790,0.0,0.91,0.09,0.0,0.21823490853205144
39632996659104517,0.0,0.61,0.39,0.0,0.4823997742525436
39633001541275118,0.0,0.44,0.56,0.0,0.4947937606110278
39633006431831904,0.0,0.42,0.58,0.0,0.49072694751682683
39633001541275914,0.0,0.9,0.1,0.0,0.2344977967946406
39632996659103853,0.01,0.95,0.04,0.0,0.16124668093016215
39633001545466289,0.0,0.61,0.39,0.0,0.4823997742525436
39633001541274520,0.0,0.99,0.01,0.0,0.04039656794795559
39632996654911312,0.0,0.77,0.23,0.0,0.38900565177326885
39633001545466768,0.0,0.79,0.21,0.0,0.37074136996563684
39633006431832673,0.0,0.64,0.36,0.0,0.4713415946277461
39633001537078247,0.0,0.61,0.39,0.0,0.4823997742525436
39633001541275424,0.0,1.0,0.0,0.0,-0.0
39633006431833773,0.0,0.71,0.29,0.0,0.43436062316970225
39632986768933280,0.0,0.92,0.08,0.0,0.2010895951011364
39632986768933312,0.0,0.76,0.24,0.0,0.39752013969226113
39632986764742330,0.0,0.09,0.91,0.0,0.21823490853205144
39632976903932996,0.0,0.76,0.24,0.0,0.39752013969226113
39632971900128683,0.0,0.78,0.22,0.0,0.38008375148098283
39633001532886714,0.0,0.45,0.55,0.0,0.49638722699390414
39633001541274591,0.01,0.97,0.02,0.0,0.11097036642660543
39632961917683144,0.0,0.73,0.27,0.0,0.42073231810408784
39632971879155056,0.0,0.95,0.05,0.0,0.14319847855797813
39632971879154379,0.0,0.88,0.12,0.0,0.2646804326436822
39632976882960565,0.0,0.05,0.92,0.03,0.239266955218135
39632991701437535,0.0,0.68,0.32,0.0,0.45219072886224687
39632966879544520,0.0,0.76,0.24,0.0,0.39752013969226113
39632966879544399,0.0,0.83,0.17,0.0,0.32885238937210975
39632976853600255,0.0,0.45,0.55,0.0,0.49638722699390414
39632976882962314,0.0,0.25,0.75,0.0,0.4056390622295664
39632986764741920,0.0,0.0,1.0,0.0,-0.0
39632971879154492,0.0,0.06,0.92,0.02,0.2335407200795017
39632976853601240,0.12,0.88,0.0,0.0,0.2646804326436822
39632956888713436,0.0,0.61,0.39,0.0,0.4823997742525436
39632971879154535,0.0,0.46,0.54,0.0,0.49768921941011285
39632976853601652,0.0,0.31,0.69,0.0,0.4465867291889284
39632966879545148,0.0,0.45,0.55,0.0,0.49638722699390414
39632996629743420,0.0,0.89,0.11,0.0,0.249957979082264
39632996629742347,0.0,0.86,0.14,0.0,0.292119405821428
39632996629741667,0.0,0.96,0.04,0.0,0.12114609454120741
39632991705629560,0.0,0.06,0.94,0.0,0.16372245957723813
39632971904320420,0.0,0.81,0.19,0.0,0.3507357299419487
39632976882962315,0.0,0.68,0.32,0.0,0.45219072886224687
39632996625549217,0.2,0.8,0.0,0.0,0.36096404744368116
39632996625550856,0.0,0.73,0.27,0.0,0.42073231810408784
39632991705629261,0.01,0.76,0.23,0.0,0.4275060148322434
39632976853602455,0.0,0.18,0.82,0.0,0.34003852286413994
39632991705629978,0.0,0.83,0.17,0.0,0.32885238937210975
39632986764742602,0.0,0.92,0.08,0.0,0.2010895951011364
39632986806685526,0.0,0.91,0.09,0.0,0.21823490853205144
39632976903933094,0.0,0.49,0.51,0.0,0.49985572087640495
39632986764741666,0.0,0.99,0.01,0.0,0.04039656794795559
39632996629745957,0.0,0.01,0.99,0.0,0.04039656794795559
39632981857403086,0.0,0.69,0.31,0.0,0.4465867291889284
39632981819655682,0.0,0.14,0.86,0.0,0.292119405821428
39632981840628961,0.0,0.06,0.94,0.0,0.16372245957723813
39632981819656525,0.0,0.0,1.0,0.0,-0.0
39632976882962660,0.0,0.99,0.01,0.0,0.04039656794795559
39633001532886168,0.0,0.84,0.16,0.0,0.3171547773202831
39632996629741954,0.0,0.92,0.08,0.0,0.2010895951011364
39633001537077613,0.0,0.82,0.18,0.0,0.34003852286413994
39633006431832494,0.0,0.72,0.28,0.0,0.4277254052800653
39632996629742033,0.0,0.64,0.36,0.0,0.4713415946277461
39632976882961074,0.0,0.44,0.56,0.0,0.4947937606110278
39632996625549005,0.0,0.57,0.43,0.0,0.4929075185894599
39632991705630544,0.0,0.31,0.69,0.0,0.4465867291889284
39632986768932940,0.0,0.83,0.17,0.0,0.32885238937210975
39632976853602469,0.0,0.71,0.29,0.0,0.43436062316970225
39632996625549103,0.0,0.06,0.94,0.0,0.16372245957723813
39632996625549083,0.0,0.01,0.97,0.02,0.11097036642660543
39632996625548920,0.0,0.95,0.05,0.0,0.14319847855797813
39632976882961430,0.0,0.42,0.58,0.0,0.49072694751682683
39632986764739957,0.0,0.96,0.04,0.0,0.12114609454120741
39632976891350739,0.0,0.0,0.99,0.01,0.04039656794795559
39632981861598993,0.0,0.01,0.99,0.0,0.04039656794795559
39632991739186505,0.0,0.19,0.81,0.0,0.3507357299419487
39632991739186485,0.0,0.26,0.74,0.0,0.4133731862463089
39632981823849421,0.0,0.82,0.18,0.0,0.34003852286413994
39632991739186606,0.0,0.0,1.0,0.0,-0.0
39632971904323547,0.0,0.06,0.94,0.0,0.16372245957723813
39632956859354847,0.0,0.99,0.01,0.0,0.04039656794795559
39632996642324857,0.0,0.03,0.95,0.02,0.1674722434193448
39632986777322023,0.0,0.48,0.52,0.0,0.4994227679976009
39632946780442560,0.0,0.76,0.24,0.0,0.39752013969226113
39632986781519668,0.0,0.06,0.94,0.0,0.16372245957723813
39632946780442609,0.0,0.05,0.95,0.0,0.14319847855797813
39632956859354743,0.0,0.07,0.93,0.0,0.18296182545011158
39632956867741135,0.0,0.0,0.92,0.08,0.2010895951011364
39632986794101421,0.0,0.38,0.62,0.0,0.47902101111314976
39632951847161512,0.0,0.61,0.39,0.0,0.4823997742525436
39632986773130905,0.0,0.0,0.86,0.14,0.292119405821428
39632991726601281,0.0,0.54,0.46,0.0,0.49768921941011285
39632976895543462,0.0,0.24,0.76,0.0,0.39752013969226113
39632986785711821,0.0,0.03,0.95,0.02,0.1674722434193448
39632956876131984,0.0,0.3,0.7,0.0,0.44064544961534635
39632971891736898,0.0,0.2,0.8,0.0,0.36096404744368116
39632996633937696,0.0,0.85,0.15,0.0,0.3049201523582002
39632966892129711,0.0,0.44,0.56,0.0,0.4947937606110278
39632981840628080,0.0,0.01,0.97,0.02,0.11097036642660543
39632996659101932,0.0,0.01,0.97,0.02,0.11097036642660543
39632996638132337,0.0,0.74,0.26,0.0,0.4133731862463089
39632996654912195,0.0,0.73,0.27,0.0,0.42073231810408784
39632961892519507,0.0,0.44,0.56,0.0,0.4947937606110278
39632951830380626,0.03,0.97,0.0,0.0,0.0971959289157881
39632996659101944,0.0,0.22,0.78,0.0,0.38008375148098283
39632986781519921,0.0,1.0,0.0,0.0,-0.0
39632951817801368,0.0,0.09,0.91,0.0,0.21823490853205144
39632961900907219,0.0,0.09,0.91,0.0,0.21823490853205144
39632981823849110,0.0,0.4,0.6,0.0,0.4854752972273343
39632991718215925,0.0,0.08,0.92,0.0,0.2010895951011364
39632956888713773,0.0,0.83,0.17,0.0,0.32885238937210975
39632986802491219,0.0,0.11,0.89,0.0,0.249957979082264
39632981865793268,0.0,0.55,0.45,0.0,0.49638722699390414
39632981857407681,0.0,0.07,0.93,0.0,0.18296182545011158
39632976891352021,0.0,0.63,0.37,0.0,0.47533604634353294
39632966892128582,0.0,0.82,0.18,0.0,0.34003852286413994
39632976891350466,0.0,0.17,0.83,0.0,0.32885238937210975
39632971879156417,0.01,0.99,0.0,0.0,0.04039656794795559
39632961917683102,0.0,0.0,0.85,0.15,0.3049201523582002
39632981857403341,0.0,0.23,0.77,0.0,0.38900565177326885
39633001541275394,0.01,0.96,0.03,0.0,0.13737165703039006
39633001541275301,0.0,1.0,0.0,0.0,-0.0
39632951847161394,0.0,0.12,0.88,0.0,0.2646804326436822
39632971891737732,0.0,0.04,0.96,0.0,0.12114609454120741
39632996642327456,0.0,0.47,0.53,0.0,0.4987007942838698
39632986777322756,0.0,0.04,0.96,0.0,0.12114609454120741
39632996642327503,0.0,0.63,0.37,0.0,0.47533604634353294
39632946776246853,0.0,0.43,0.56,0.01,0.5292217944502821
39632941717914186,0.0,0.51,0.49,0.0,0.49985572087640495
39632941717914782,0.0,0.26,0.74,0.0,0.4133731862463089
39632946776246110,0.0,0.0,0.98,0.02,0.07072027127091034
39632971883349991,0.0,0.93,0.07,0.0,0.18296182545011158
39632966887932920,0.0,0.57,0.43,0.0,0.4929075185894599
39632986785711410,0.0,0.86,0.14,0.0,0.292119405821428
39632986773130656,0.0,0.95,0.05,0.0,0.14319847855797813
39632981857407625,0.0,0.97,0.03,0.0,0.0971959289157881
39632991705629705,0.0,1.0,0.0,0.0,-0.0
39632991705629193,0.0,0.38,0.62,0.0,0.47902101111314976
39632946772050506,0.0,0.22,0.78,0.0,0.38008375148098283
39632986777322060,0.0,0.88,0.12,0.0,0.2646804326436822
39632986777321876,0.0,0.5,0.5,0.0,0.5
39632991718216026,0.0,0.94,0.06,0.0,0.16372245957723813
39632986777321919,0.0,0.21,0.79,0.0,0.37074136996563684
39632991718215805,0.0,0.81,0.19,0.0,0.3507357299419487
39632976895544662,0.0,0.0,0.94,0.06,0.16372245957723813
39633001553854912,0.0,0.95,0.05,0.0,0.14319847855797813
39632971904322636,0.0,0.24,0.76,0.0,0.39752013969226113
39632946767856062,0.0,0.85,0.15,0.0,0.3049201523582002
39632956855160209,0.0,0.79,0.21,0.0,0.37074136996563684
39632981819657315,0.0,0.15,0.85,0.0,0.3049201523582002
39632981819657469,0.0,0.84,0.16,0.0,0.3171547773202831
39632991714018317,0.0,0.93,0.07,0.0,0.18296182545011158
39632981819657526,0.0,0.87,0.13,0.0,0.2787190925139945
39632981832238950,0.0,0.88,0.12,0.0,0.2646804326436822
39632991718216084,0.0,0.07,0.93,0.0,0.18296182545011158
39632976891350976,0.0,0.2,0.8,0.0,0.36096404744368116
39632971904321636,0.0,0.66,0.34,0.0,0.46240935248651505
39632946797217534,0.01,0.99,0.0,0.0,0.04039656794795559
39632976891350937,0.0,0.34,0.66,0.0,0.46240935248651505
39632976891350954,0.0,0.43,0.57,0.0,0.4929075185894599
39632986794101599,0.0,1.0,0.0,0.0,-0.0
39632971874962351,0.0,0.98,0.02,0.0,0.07072027127091034
39632951851352526,0.0,0.05,0.95,0.0,0.14319847855797813
39632986773127767,0.0,0.53,0.47,0.0,0.4987007942838698
39632956855159810,0.0,0.24,0.76,0.0,0.39752013969226113
39632976891350979,0.0,0.29,0.71,0.0,0.43436062316970225
39632946772050509,0.0,0.03,0.97,0.0,0.0971959289157881
39632996659101798,0.0,0.45,0.55,0.0,0.49638722699390414
39632996629741849,0.0,1.0,0.0,0.0,-0.0
39632996629741615,0.0,1.0,0.0,0.0,-0.0
39632996625551544,0.0,0.0,0.99,0.01,0.04039656794795559
39632996629741669,0.0,0.31,0.69,0.0,0.4465867291889284
39632986764743320,0.0,0.56,0.44,0.0,0.4947937606110278
39632996629741858,0.0,0.65,0.35,0.0,0.4670340276877455
39632986794101821,0.0,0.16,0.84,0.0,0.3171547773202831
39632991705629845,0.0,0.23,0.77,0.0,0.38900565177326885
39632971904319731,0.0,0.58,0.42,0.0,0.49072694751682683
39632996629744297,0.0,0.54,0.46,0.0,0.49768921941011285
39632996629744055,0.0,0.38,0.62,0.0,0.47902101111314976
39632981819657160,0.0,0.93,0.07,0.0,0.18296182545011158
39633001553854709,0.0,0.86,0.14,0.0,0.292119405821428
39633001541273545,0.0,0.98,0.02,0.0,0.07072027127091034
39632996633939616,0.0,0.91,0.09,0.0,0.21823490853205144
39632971874961056,0.0,0.92,0.08,0.0,0.2010895951011364
39632976853600017,0.0,0.88,0.12,0.0,0.2646804326436822
39632956846771543,0.0,1.0,0.0,0.0,-0.0
39632946772051181,0.0,1.0,0.0,0.0,-0.0
39632976887156991,0.0,0.39,0.61,0.0,0.4823997742525436
39632986773127668,0.0,0.74,0.26,0.0,0.4133731862463089
39632976887156912,0.0,0.99,0.01,0.0,0.04039656794795559
39632976891351024,0.0,0.67,0.33,0.0,0.4574631863898637
39632981857407642,0.0,0.55,0.45,0.0,0.49638722699390414
39632946776246581,0.0,0.92,0.08,0.0,0.2010895951011364
39632946776246485,0.0,0.39,0.61,0.0,0.4823997742525436
39632971904321947,0.0,0.08,0.92,0.0,0.2010895951011364
39632981844823358,0.0,0.71,0.29,0.0,0.43436062316970225
39632951817798714,0.0,0.35,0.65,0.0,0.4670340276877455
39632941709525523,0.0,0.58,0.42,0.0,0.49072694751682683
39632976903931668,0.0,0.47,0.53,0.0,0.4987007942838698
39632941709525394,0.0,0.8,0.2,0.0,0.36096404744368116
39632946793022233,0.0,0.82,0.18,0.0,0.34003852286413994
39632941713723256,0.0,0.68,0.32,0.0,0.45219072886224687
39632941713722895,0.0,0.77,0.23,0.0,0.38900565177326885
39632941713722732,0.0,0.98,0.02,0.0,0.07072027127091034
39632976853600108,0.0,0.91,0.09,0.0,0.21823490853205144
39632976853600353,0.0,1.0,0.0,0.0,-0.0
39632951817798564,0.0,0.99,0.01,0.0,0.04039656794795559
39632961867354568,0.0,0.41,0.59,0.0,0.488250234378912
39632961867353601,0.0,0.03,0.97,0.0,0.0971959289157881
39632981819656017,0.0,0.9,0.1,0.0,0.2344977967946406
39633001541272296,0.01,0.96,0.03,0.0,0.13737165703039006
39632966879545832,0.0,1.0,0.0,0.0,-0.0
39632966879545568,0.0,0.95,0.05,0.0,0.14319847855797813
39632981819656003,0.0,0.09,0.91,0.0,0.21823490853205144
39632981819655982,0.0,0.84,0.16,0.0,0.3171547773202831
39632981819654412,0.01,0.96,0.03,0.0,0.13737165703039006
39632971891738341,0.0,0.73,0.27,0.0,0.42073231810408784
39632981819654611,0.0,0.96,0.04,0.0,0.12114609454120741
39632981819654619,0.0,0.89,0.11,0.0,0.249957979082264
39632981819654649,0.0,0.82,0.18,0.0,0.34003852286413994
39632981819654726,0.0,0.92,0.08,0.0,0.2010895951011364
39632981819655803,0.0,0.33,0.67,0.0,0.4574631863898637
39632971921097684,0.0,0.06,0.94,0.0,0.16372245957723813
39632961867353840,0.01,0.98,0.01,0.0,0.08072027127091033
39632991705629131,0.0,0.03,0.97,0.0,0.0971959289157881
39632961867354193,0.0,0.98,0.02,0.0,0.07072027127091034
39632961867353879,0.08,0.92,0.0,0.0,0.2010895951011364
39633001541272817,0.0,0.87,0.13,0.0,0.2787190925139945
39632981819655836,0.0,0.84,0.16,0.0,0.3171547773202831
39632991705629566,0.0,0.99,0.01,0.0,0.04039656794795559
39632966879544760,0.0,0.73,0.27,0.0,0.42073231810408784
39632981819654571,0.0,0.53,0.47,0.0,0.4987007942838698
39632966879545066,0.0,0.8,0.2,0.0,0.36096404744368116
39632966879544976,0.0,0.92,0.08,0.0,0.2010895951011364
39632966879544614,0.0,0.8,0.2,0.0,0.36096404744368116
39632966879544899,0.0,0.67,0.33,0.0,0.4574631863898637
39632991701438067,0.0,0.94,0.06,0.0,0.16372245957723813
39632991701438158,0.0,0.86,0.14,0.0,0.292119405821428
39632991705629325,0.0,0.96,0.04,0.0,0.12114609454120741
39632941713720555,0.0,0.86,0.14,0.0,0.292119405821428
39632961867353285,0.0,0.97,0.03,0.0,0.0971959289157881
39632961867353299,0.0,0.98,0.02,0.0,0.07072027127091034
39632961867353982,0.0,0.72,0.28,0.0,0.4277254052800653
39632961867353755,0.0,0.18,0.82,0.0,0.34003852286413994
39632991701438835,0.0,0.05,0.95,0.0,0.14319847855797813
39632971874961213,0.0,0.71,0.29,0.0,0.43436062316970225
39632956846770553,0.0,0.98,0.02,0.0,0.07072027127091034
39632956846772456,0.0,0.97,0.03,0.0,0.0971959289157881
39632956846770716,0.0,0.34,0.66,0.0,0.46240935248651505
39632956846772972,0.0,0.14,0.86,0.0,0.292119405821428
39632956846772438,0.0,0.85,0.15,0.0,0.3049201523582002
39632956846772310,0.0,0.0,0.93,0.07,0.18296182545011158
39632971874961247,0.0,0.92,0.08,0.0,0.2010895951011364
39632951813608367,0.0,0.47,0.53,0.0,0.4987007942838698
39632951817797831,0.0,0.01,0.99,0.0,0.04039656794795559
39632976853600835,0.0,0.87,0.13,0.0,0.2787190925139945
39632946763663411,0.0,0.46,0.54,0.0,0.49768921941011285
39632991705629048,0.0,0.44,0.56,0.0,0.4947937606110278
39633001541272420,0.0,0.98,0.02,0.0,0.07072027127091034
39633001541272531,0.0,0.51,0.49,0.0,0.49985572087640495
39632941713722727,0.0,0.83,0.17,0.0,0.32885238937210975
39632941713723379,0.0,0.82,0.18,0.0,0.34003852286413994
39632961867353100,0.0,0.46,0.54,0.0,0.49768921941011285
39632961867351869,0.0,0.44,0.56,0.0,0.4947937606110278
39632976853599796,0.0,0.99,0.01,0.0,0.04039656794795559
39632941713723612,0.0,0.83,0.17,0.0,0.32885238937210975
39632991701438390,0.0,0.96,0.04,0.0,0.12114609454120741
39632961871545507,0.0,0.88,0.12,0.0,0.2646804326436822
39632961871545503,0.0,0.91,0.09,0.0,0.21823490853205144
39632941709525752,0.0,0.61,0.39,0.0,0.4823997742525436
39632956846773066,0.0,0.95,0.05,0.0,0.14319847855797813
39632981819654550,0.0,0.51,0.49,0.0,0.49985572087640495
39632981819654506,0.0,0.75,0.25,0.0,0.4056390622295664
39632981819654304,0.0,0.92,0.08,0.0,0.2010895951011364
39632981819654236,0.0,0.28,0.72,0.0,0.4277254052800653
39632981819654567,0.0,0.97,0.03,0.0,0.0971959289157881
39632961871544586,0.0,0.53,0.47,0.0,0.4987007942838698
39632956846772648,0.0,0.92,0.08,0.0,0.2010895951011364
39632951813608371,0.0,0.31,0.69,0.0,0.4465867291889284
39632951817798027,0.01,0.99,0.0,0.0,0.04039656794795559
39632951817798057,0.0,0.64,0.36,0.0,0.4713415946277461
39632981815464366,0.0,0.8,0.2,0.0,0.36096404744368116
39632981815464461,0.01,0.95,0.04,0.0,0.16124668093016215
39632976853601315,0.0,0.47,0.53,0.0,0.4987007942838698
39632976853601437,0.0,0.96,0.04,0.0,0.12114609454120741
39632986764743321,0.0,0.65,0.35,0.0,0.4670340276877455
39632971874961989,0.0,0.23,0.77,0.0,0.38900565177326885
39632971874961980,0.0,0.62,0.38,0.0,0.47902101111314976
39632966879543345,0.0,0.92,0.08,0.0,0.2010895951011364
39632981819655476,0.0,0.49,0.51,0.0,0.49985572087640495
39632946763662369,0.0,0.8,0.2,0.0,0.36096404744368116
39632951813606782,0.0,0.51,0.49,0.0,0.49985572087640495
39632946763662452,0.0,0.63,0.37,0.0,0.47533604634353294
39632976857795112,0.0,0.98,0.02,0.0,0.07072027127091034
39632996650715624,0.0,0.59,0.41,0.0,0.488250234378912
39632991709825889,0.0,0.09,0.91,0.0,0.21823490853205144
39632951851352240,0.0,0.02,0.97,0.01,0.11097036642660543
39632951847160524,0.0,0.46,0.54,0.0,0.49768921941011285
39632986768934033,0.0,0.63,0.37,0.0,0.47533604634353294
39632971916903961,0.0,0.78,0.22,0.0,0.38008375148098283
39632986768934120,0.0,0.0,0.9,0.1,0.2344977967946406
39632971916903676,0.0,0.82,0.18,0.0,0.34003852286413994
39632966925681089,0.0,0.26,0.74,0.0,0.4133731862463089
39632976899738573,0.0,0.45,0.55,0.0,0.49638722699390414
39632966925681494,0.0,0.99,0.01,0.0,0.04039656794795559
39632971925294655,0.0,0.27,0.73,0.0,0.42073231810408784
39632996659105603,0.0,0.42,0.58,0.0,0.49072694751682683
39632996650715551,0.0,0.37,0.63,0.0,0.47533604634353294
39632996659105694,0.0,0.05,0.94,0.01,0.1832231322266888
39632966904709983,0.0,0.91,0.09,0.0,0.21823490853205144
39632976899738360,0.0,0.64,0.36,0.0,0.4713415946277461
39632956888713832,0.0,0.38,0.62,0.0,0.47902101111314976
39633001549665165,0.0,1.0,0.0,0.0,-0.0
39632971925294451,0.0,0.35,0.65,0.0,0.4670340276877455
39632971925294521,0.0,0.58,0.42,0.0,0.49072694751682683
39633001549665052,0.0,0.0,1.0,0.0,-0.0
39632971900129970,0.0,0.89,0.11,0.0,0.249957979082264
39632961909297427,0.0,0.95,0.05,0.0,0.14319847855797813
39632976857793642,0.0,0.95,0.05,0.0,0.14319847855797813
39632961909297451,0.0,0.88,0.12,0.0,0.2646804326436822
39632956888713471,0.0,0.62,0.38,0.0,0.47902101111314976
39632951813607250,0.0,0.63,0.37,0.0,0.47533604634353294
39632976903931550,0.0,0.55,0.45,0.0,0.49638722699390414
39632971874962898,0.0,0.22,0.78,0.0,0.38008375148098283
39632996650715915,0.0,0.8,0.2,0.0,0.36096404744368116
39633001549664375,0.0,0.73,0.27,0.0,0.42073231810408784
39632996633938870,0.0,0.99,0.01,0.0,0.04039656794795559
39632996633938675,0.0,0.37,0.63,0.0,0.47533604634353294
39632976882960305,0.0,0.56,0.44,0.0,0.4947937606110278
39632996633939138,0.0,0.86,0.14,0.0,0.292119405821428
39632976866184989,0.0,0.0,0.81,0.19,0.3507357299419487
39632971900129924,0.0,0.81,0.19,0.0,0.3507357299419487
39632976882961381,0.0,0.0,0.89,0.11,0.249957979082264
39632976882961847,0.0,0.6,0.4,0.0,0.4854752972273343
39632976882961676,0.0,0.87,0.13,0.0,0.2787190925139945
39632996629742273,0.0,0.42,0.58,0.0,0.49072694751682683
39632996654910642,0.0,0.96,0.04,0.0,0.12114609454120741
39633006431833514,0.0,0.51,0.49,0.0,0.49985572087640495
39632996654908067,0.0,0.06,0.94,0.0,0.16372245957723813
39632996654910662,0.0,0.89,0.11,0.0,0.249957979082264
39632976887152877,0.0,0.23,0.77,0.0,0.38900565177326885
39632976882962990,0.0,0.73,0.27,0.0,0.42073231810408784
39632976882963021,0.0,0.99,0.01,0.0,0.04039656794795559
39632996659102256,0.0,0.25,0.75,0.0,0.4056390622295664
39632966879543553,0.0,0.91,0.09,0.0,0.21823490853205144
39633001541274243,0.0,0.8,0.2,0.0,0.36096404744368116
39632951813606419,0.0,0.4,0.6,0.0,0.4854752972273343
39632951813606582,0.0,0.02,0.98,0.0,0.07072027127091034
39633001541272959,0.0,0.9,0.1,0.0,0.2344977967946406
39633001541272961,0.0,1.0,0.0,0.0,-0.0
39632951813607532,0.0,0.05,0.95,0.0,0.14319847855797813
39632951817798572,0.0,0.06,0.94,0.0,0.16372245957723813
39632971879153872,0.0,0.22,0.78,0.0,0.38008375148098283
39632971874964069,0.0,0.98,0.02,0.0,0.07072027127091034
39632946767859803,0.0,0.47,0.53,0.0,0.4987007942838698
39632941705332860,0.0,1.0,0.0,0.0,-0.0
39632946763663970,0.0,0.98,0.02,0.0,0.07072027127091034
39632976853601097,0.0,0.84,0.16,0.0,0.3171547773202831
39632976853602117,0.0,0.84,0.16,0.0,0.3171547773202831
39632951813608152,0.09,0.91,0.0,0.0,0.21823490853205144
39632966879544892,0.0,0.34,0.66,0.0,0.46240935248651505
39632991701438771,0.0,0.03,0.97,0.0,0.0971959289157881
39632966879544609,0.0,0.86,0.14,0.0,0.292119405821428
39632991705630720,0.0,0.03,0.94,0.03,0.19372245957723813
39633001541273342,0.0,0.89,0.11,0.0,0.249957979082264
39633001541273322,0.0,0.95,0.05,0.0,0.14319847855797813
39632996629742687,0.0,0.41,0.59,0.0,0.488250234378912
39632996629742568,0.0,0.76,0.24,0.0,0.39752013969226113
39633001541273277,0.13,0.87,0.0,0.0,0.2787190925139945
39632986764742765,0.0,0.62,0.38,0.0,0.47902101111314976
39632996625548315,0.0,0.86,0.14,0.0,0.292119405821428
39632961867353053,0.0,0.84,0.16,0.0,0.3171547773202831
39632971904320716,0.0,0.7,0.3,0.0,0.44064544961534635
39632966879543844,0.0,0.98,0.02,0.0,0.07072027127091034
39632961867352751,0.0,0.89,0.11,0.0,0.249957979082264
39632946767859602,0.0,0.7,0.3,0.0,0.44064544961534635
39632961867352966,0.0,0.94,0.06,0.0,0.16372245957723813
39632961867353863,0.0,1.0,0.0,0.0,-0.0
39632976853600793,0.0,0.92,0.08,0.0,0.2010895951011364
39632971874962471,0.0,0.67,0.33,0.0,0.4574631863898637
39632981819655252,0.0,0.58,0.42,0.0,0.49072694751682683
39632946763663567,0.0,0.87,0.13,0.0,0.2787190925139945
39632946763663961,0.0,0.79,0.21,0.0,0.37074136996563684
39632976853600983,0.0,0.69,0.31,0.0,0.4465867291889284
39632941709525198,0.0,0.26,0.74,0.0,0.4133731862463089
39632986764740569,0.0,0.77,0.23,0.0,0.38900565177326885
39632996625547662,0.0,0.35,0.65,0.0,0.4670340276877455
39632981819654887,0.0,0.99,0.01,0.0,0.04039656794795559
39632986764742994,0.0,0.04,0.96,0.0,0.12114609454120741
39632981819655054,0.0,0.9,0.1,0.0,0.2344977967946406
39632976853599820,0.0,0.87,0.13,0.0,0.2787190925139945
39632966879543525,0.0,0.85,0.15,0.0,0.3049201523582002
39632981815464115,0.0,1.0,0.0,0.0,-0.0
39632961867351669,0.0,0.81,0.19,0.0,0.3507357299419487
39632951813608306,0.0,0.17,0.83,0.0,0.32885238937210975
39632961867351861,0.05,0.94,0.01,0.0,0.1832231322266888
39633001541274101,0.0,0.83,0.17,0.0,0.32885238937210975
39632946767859405,0.0,0.79,0.21,0.0,0.37074136996563684
39633001541272734,0.0,0.93,0.07,0.0,0.18296182545011158
39632966875353375,0.0,0.7,0.3,0.0,0.44064544961534635
39633001541272886,0.0,0.99,0.01,0.0,0.04039656794795559
39632986764741687,0.0,0.69,0.31,0.0,0.4465867291889284
39633001541273032,0.0,1.0,0.0,0.0,-0.0
39632976853601894,0.0,0.62,0.38,0.0,0.47902101111314976
39633001562243956,0.0,0.98,0.02,0.0,0.07072027127091034
39632986764740481,0.0,0.95,0.05,0.0,0.14319847855797813
39632966879545115,0.0,0.76,0.24,0.0,0.39752013969226113
39633001532885339,0.02,0.97,0.01,0.0,0.11097036642660543
39632986764742090,0.0,0.88,0.12,0.0,0.2646804326436822
39632976882961266,0.0,1.0,0.0,0.0,-0.0
39632976853602114,0.0,0.75,0.25,0.0,0.4056390622295664
39632966879543963,0.0,1.0,0.0,0.0,-0.0
39632981819655319,0.01,0.99,0.0,0.0,0.04039656794795559
39632996625547784,0.0,0.94,0.06,0.0,0.16372245957723813
39632996625551105,0.0,0.15,0.85,0.0,0.3049201523582002
39632996625548208,0.0,0.96,0.04,0.0,0.12114609454120741
39632996625550885,0.0,0.75,0.25,0.0,0.4056390622295664
39633001541271921,0.0,0.91,0.09,0.0,0.21823490853205144
39633001562243546,0.0,0.91,0.09,0.0,0.21823490853205144
39633001558053768,0.0,0.6,0.4,0.0,0.4854752972273343
39633001562244169,0.0,0.41,0.59,0.0,0.488250234378912
39632981815463268,0.0,1.0,0.0,0.0,-0.0
39632976853598519,0.0,0.97,0.03,0.0,0.0971959289157881
39632986764740834,0.0,1.0,0.0,0.0,-0.0
39632971870769456,0.0,0.97,0.03,0.0,0.0971959289157881
39632971870769240,0.0,1.0,0.0,0.0,-0.0
39632941734691739,0.0,1.0,0.0,0.0,-0.0
39632956897101170,0.0,0.74,0.26,0.0,0.4133731862463089
39632956897101137,0.0,1.0,0.0,0.0,-0.0
39632941730499339,0.0,1.0,0.0,0.0,-0.0
39632941709525049,0.0,0.94,0.06,0.0,0.16372245957723813
39632956897101391,0.0,0.82,0.18,0.0,0.34003852286413994
39632936630224997,0.0,1.0,0.0,0.0,-0.0
39632981857405952,0.0,0.5,0.5,0.0,0.5
39632956863546383,0.0,0.14,0.86,0.0,0.292119405821428
39632981861597934,0.0,0.39,0.61,0.0,0.4823997742525436
39632966929876384,0.0,0.2,0.8,0.0,0.36096404744368116
39632996629745365,0.0,0.88,0.12,0.0,0.2646804326436822
39632966929876521,0.0,0.21,0.79,0.0,0.37074136996563684
39632961884127726,0.0,0.74,0.26,0.0,0.4133731862463089
39632966929876776,0.0,0.22,0.78,0.0,0.38008375148098283
39632996642324693,0.0,0.91,0.09,0.0,0.21823490853205144
39632956871937813,0.0,0.27,0.73,0.0,0.42073231810408784
39632951821992566,0.0,0.21,0.79,0.0,0.37074136996563684
39632991730798879,0.0,0.1,0.9,0.0,0.2344977967946406
39632991730798965,0.0,0.07,0.93,0.0,0.18296182545011158
39632976887157522,0.0,0.03,0.97,0.0,0.0971959289157881
39632956859352378,0.0,0.17,0.83,0.0,0.32885238937210975
39632956876132158,0.0,0.61,0.39,0.0,0.4823997742525436
39632971916903553,0.0,0.07,0.93,0.0,0.18296182545011158
39632991730798866,0.0,0.0,1.0,0.0,-0.0
39632976874572682,0.0,0.69,0.31,0.0,0.4465867291889284
39632986785714223,0.0,0.02,0.98,0.0,0.07072027127091034
39632971887542367,0.0,0.0,0.94,0.06,0.16372245957723813
39632971891738728,0.0,0.08,0.92,0.0,0.2010895951011364
39632981849014470,0.0,0.32,0.68,0.0,0.45219072886224687
39632971879158344,0.0,1.0,0.0,0.0,-0.0
39632946788828139,0.0,0.01,0.99,0.0,0.04039656794795559
39632986798297372,0.0,0.2,0.8,0.0,0.36096404744368116
39632986798296353,0.0,0.01,0.99,0.0,0.04039656794795559
39632986798296333,0.0,0.91,0.09,0.0,0.21823490853205144
39632986798296172,0.0,0.53,0.47,0.0,0.4987007942838698
39632986798296105,0.0,0.0,0.92,0.08,0.2010895951011364
39632976903930259,0.0,0.17,0.83,0.0,0.32885238937210975
39632971916903925,0.0,0.59,0.41,0.0,0.488250234378912
39632966883738080,0.0,0.55,0.45,0.0,0.49638722699390414
39632966883738115,0.0,0.46,0.54,0.0,0.49768921941011285
39632966883738205,0.0,0.07,0.93,0.0,0.18296182545011158
39632961892516879,0.0,0.01,0.99,0.0,0.04039656794795559
39632961892516952,0.0,0.39,0.61,0.0,0.4823997742525436
39632961892517961,0.0,0.0,1.0,0.0,-0.0
39632986777323110,0.0,0.74,0.26,0.0,0.4133731862463089
39632976891347060,0.0,0.05,0.95,0.0,0.14319847855797813
39632961913491849,0.0,0.32,0.68,0.0,0.45219072886224687
39632946772053686,0.0,0.77,0.23,0.0,0.38900565177326885
39632956880324594,0.0,0.4,0.6,0.0,0.4854752972273343
39632966921486837,0.0,0.94,0.06,0.0,0.16372245957723813
39632966917294099,0.0,0.96,0.04,0.0,0.12114609454120741
39632971895931411,0.0,0.72,0.28,0.0,0.4277254052800653
39632966921486958,0.0,0.55,0.45,0.0,0.49638722699390414
39632971895931655,0.0,0.1,0.9,0.0,0.2344977967946406
39632966921490852,0.0,0.0,0.98,0.02,0.07072027127091034
39632961879936502,0.0,0.56,0.44,0.0,0.4947937606110278
39632966921486438,0.0,0.46,0.54,0.0,0.49768921941011285
39632966917297045,0.0,0.04,0.96,0.0,0.12114609454120741
39632961871546743,0.0,0.1,0.9,0.0,0.2344977967946406
39632966917296866,0.0,0.01,0.99,0.0,0.04039656794795559
39632966917296870,0.0,0.04,0.96,0.0,0.12114609454120741
39632961888325826,0.0,0.65,0.35,0.0,0.4670340276877455
39632951821994043,0.0,0.23,0.77,0.0,0.38900565177326885
39632976870376693,0.0,0.02,0.97,0.01,0.11097036642660543
39632976870376528,0.0,0.0,0.99,0.01,0.04039656794795559
39632941722108352,0.0,0.19,0.81,0.0,0.3507357299419487
39632976870376699,0.0,0.63,0.37,0.0,0.47533604634353294
39632946793025321,0.0,0.7,0.3,0.0,0.44064544961534635
39632976870376420,0.0,0.29,0.71,0.0,0.43436062316970225
39632971912709589,0.0,0.97,0.03,0.0,0.0971959289157881
39632981857405603,0.0,0.85,0.15,0.0,0.3049201523582002
39632966904711550,0.0,0.24,0.76,0.0,0.39752013969226113
39632971921100236,0.0,0.3,0.7,0.0,0.44064544961534635
39632956859353050,0.0,0.0,1.0,0.0,-0.0
39632946772053546,0.0,0.36,0.64,0.0,0.4713415946277461
39632986798296292,0.0,0.15,0.85,0.0,0.3049201523582002
39632956855161203,0.0,0.55,0.45,0.0,0.49638722699390414
39632946772053536,0.0,0.12,0.88,0.0,0.2646804326436822
39632991718215989,0.0,0.21,0.79,0.0,0.37074136996563684
39632971916903331,0.0,0.3,0.7,0.0,0.44064544961534635
39632991730797812,0.0,0.21,0.79,0.0,0.37074136996563684
39632971916903755,0.0,0.65,0.35,0.0,0.4670340276877455
39632961896711409,0.0,0.14,0.86,0.0,0.292119405821428
39632971916903497,0.0,0.39,0.61,0.0,0.4823997742525436
39632986798296122,0.0,0.71,0.29,0.0,0.43436062316970225
39632996633936394,0.0,0.91,0.09,0.0,0.21823490853205144
39632996633935960,0.0,0.46,0.54,0.0,0.49768921941011285
39632956850964206,0.0,0.0,0.97,0.03,0.0971959289157881
39632956867743966,0.0,0.97,0.03,0.0,0.0971959289157881
39632981857405091,0.0,0.0,0.95,0.05,0.14319847855797813
39632971916903044,0.0,0.0,1.0,0.0,-0.0
39632971891738471,0.0,0.07,0.93,0.0,0.18296182545011158
39632971916903010,0.0,0.86,0.14,0.0,0.292119405821428
39632956884519723,0.0,0.35,0.65,0.0,0.4670340276877455
39632991714019643,0.0,0.72,0.28,0.0,0.4277254052800653
39632961913492227,0.0,0.79,0.21,0.0,0.37074136996563684
39632956867740330,0.0,0.1,0.9,0.0,0.2344977967946406
39632961879934944,0.0,0.9,0.1,0.0,0.2344977967946406
39632976891347166,0.0,0.0,0.93,0.07,0.18296182545011158
39633001549662064,0.0,0.52,0.48,0.0,0.4994227679976009
39632961879934985,0.0,0.98,0.02,0.0,0.07072027127091034
39632971887546437,0.0,0.99,0.01,0.0,0.04039656794795559
39632986794099675,0.0,0.64,0.36,0.0,0.4713415946277461
39632986789907303,0.0,0.03,0.97,0.0,0.0971959289157881
39632961892517533,0.0,0.15,0.85,0.0,0.3049201523582002
39632991726600400,0.0,0.48,0.52,0.0,0.4994227679976009
39632946772054350,0.0,0.55,0.45,0.0,0.49638722699390414
39632946797217543,0.02,0.8,0.18,0.0,0.40786360680260925
39632961917682153,0.0,0.08,0.92,0.0,0.2010895951011364
39632956884520257,0.0,0.16,0.84,0.0,0.3171547773202831
39632961905103561,0.0,0.25,0.75,0.0,0.4056390622295664
39632961909295328,0.0,0.79,0.21,0.0,0.37074136996563684
39632976887156683,0.0,0.09,0.91,0.0,0.21823490853205144
39632951821993553,0.0,0.26,0.74,0.0,0.4133731862463089
39632981832239242,0.0,0.99,0.01,0.0,0.04039656794795559
39632956859353014,0.0,0.13,0.87,0.0,0.2787190925139945
39632981861597383,0.0,0.65,0.35,0.0,0.4670340276877455
39632971916904039,0.0,0.25,0.75,0.0,0.4056390622295664
39632986777323312,0.0,0.15,0.85,0.0,0.3049201523582002
39632951830383458,0.0,0.0,0.6,0.4,0.4854752972273343
39632971883352755,0.0,0.06,0.94,0.0,0.16372245957723813
39632986773128089,0.0,0.33,0.67,0.0,0.4574631863898637
39632981861598536,0.0,0.22,0.78,0.0,0.38008375148098283
39632976903929914,0.0,0.07,0.92,0.01,0.22283217282912027
39632966904711701,0.0,0.31,0.69,0.0,0.4465867291889284
39632971916903839,0.0,0.04,0.96,0.0,0.12114609454120741
39632981861598176,0.0,0.53,0.47,0.0,0.4987007942838698
39632956871935149,0.0,0.04,0.96,0.0,0.12114609454120741
39632951830382654,0.0,0.13,0.87,0.0,0.2787190925139945
39632946793023045,0.0,0.17,0.83,0.0,0.32885238937210975
39632956855159315,0.0,1.0,0.0,0.0,-0.0
39632986789908092,0.0,0.15,0.85,0.0,0.3049201523582002
39632971908518127,0.0,0.86,0.14,0.0,0.292119405821428
39632991743377864,0.0,0.83,0.17,0.0,0.32885238937210975
39632986789907971,0.0,0.08,0.92,0.0,0.2010895951011364
39632991743377559,0.0,0.92,0.08,0.0,0.2010895951011364
39632966900519018,0.0,0.02,0.98,0.0,0.07072027127091034
39632981861599510,0.0,1.0,0.0,0.0,-0.0
39632991739188502,0.0,0.6,0.4,0.0,0.4854752972273343
39632981823851497,0.0,0.05,0.95,0.0,0.14319847855797813
39632986785714472,0.0,0.14,0.86,0.0,0.292119405821428
39632961871545336,0.0,0.42,0.58,0.0,0.49072694751682683
39632976861987291,0.0,0.56,0.44,0.0,0.4947937606110278
39632986785714544,0.0,0.17,0.83,0.0,0.32885238937210975
39632961871545274,0.0,0.83,0.17,0.0,0.32885238937210975
39632981823851296,0.0,0.3,0.7,0.0,0.44064544961534635
39632981849014720,0.0,0.29,0.71,0.0,0.43436062316970225
39632961913488824,0.0,0.56,0.44,0.0,0.4947937606110278
39632981861599272,0.0,0.12,0.88,0.0,0.2646804326436822
39632981857405127,0.0,0.69,0.31,0.0,0.4465867291889284
39632966900518820,0.0,0.92,0.08,0.0,0.2010895951011364
39632956884521516,0.0,0.72,0.28,0.0,0.4277254052800653
39632991722407417,0.0,0.03,0.97,0.0,0.0971959289157881
39632971921097948,0.0,0.01,0.99,0.0,0.04039656794795559
39632966892126333,0.0,0.65,0.35,0.0,0.4670340276877455
39632956884520380,0.0,0.68,0.32,0.0,0.45219072886224687
39632966896323566,0.0,0.57,0.43,0.0,0.4929075185894599
39632956867740402,0.0,0.98,0.02,0.0,0.07072027127091034
39632961909294431,0.0,0.02,0.98,0.0,0.07072027127091034
39632961909294497,0.0,0.11,0.89,0.0,0.249957979082264
39632976891347906,0.0,0.5,0.5,0.0,0.5
39632981836434861,0.0,0.02,0.98,0.0,0.07072027127091034
39632951847160007,0.0,0.86,0.14,0.0,0.292119405821428
39632991714020111,0.0,0.1,0.9,0.0,0.2344977967946406
39632991714020052,0.01,0.98,0.01,0.0,0.08072027127091033
39632951826189951,0.0,0.76,0.24,0.0,0.39752013969226113
39632991714018353,0.0,0.13,0.87,0.0,0.2787190925139945
39632986773130021,0.0,0.12,0.88,0.0,0.2646804326436822
39632986777324425,0.0,0.34,0.66,0.0,0.46240935248651505
39632986773129806,0.0,0.72,0.28,0.0,0.4277254052800653
39632951826189986,0.0,0.0,0.94,0.06,0.16372245957723813
39632981857404460,0.0,0.4,0.6,0.0,0.4854752972273343
39632961879932993,0.0,0.48,0.52,0.0,0.4994227679976009
39632951821994757,0.0,0.52,0.48,0.0,0.4994227679976009
39632951821994732,0.0,0.0,0.92,0.08,0.2010895951011364
39632956859354054,0.0,0.13,0.87,0.0,0.2787190925139945
39632956859353932,0.0,0.25,0.75,0.0,0.4056390622295664
39632996633936631,0.0,0.76,0.24,0.0,0.39752013969226113
39632996633936695,0.0,0.37,0.63,0.0,0.47533604634353294
39632961892515946,0.0,0.83,0.17,0.0,0.32885238937210975
39632991709827218,0.0,0.03,0.97,0.0,0.0971959289157881
39632961909293164,0.0,0.92,0.08,0.0,0.2010895951011364
39632966900518450,0.0,0.1,0.9,0.0,0.2344977967946406
39632956880324231,0.0,0.25,0.75,0.0,0.4056390622295664
39632961913491864,0.0,0.99,0.01,0.0,0.04039656794795559
39632966896324855,0.0,0.0,1.0,0.0,-0.0
39632976891347075,0.0,0.04,0.96,0.0,0.12114609454120741
39632961888323329,0.0,0.17,0.83,0.0,0.32885238937210975
39632961888323224,0.0,0.39,0.61,0.0,0.4823997742525436
39632991730795318,0.0,0.18,0.82,0.0,0.34003852286413994
39632966887932248,0.0,0.29,0.71,0.0,0.43436062316970225
39632991722410104,0.0,0.7,0.3,0.0,0.44064544961534635
39632961888323348,0.01,0.92,0.07,0.0,0.22283217282912027
39632971895931644,0.0,0.01,0.99,0.0,0.04039656794795559
39632991726604124,0.01,0.84,0.15,0.0,0.3441379826496441
39632971891738664,0.0,0.04,0.96,0.0,0.12114609454120741
39632951842967642,0.0,0.5,0.5,0.0,0.5
39632956880324097,0.0,0.53,0.47,0.0,0.4987007942838698
39632971879154964,0.0,0.81,0.19,0.0,0.3507357299419487
39632946788828164,0.0,0.01,0.78,0.21,0.4094279001393156
39632946788828340,0.0,0.03,0.96,0.01,0.13737165703039006
39632971916903456,0.0,0.86,0.14,0.0,0.292119405821428
39632966887932402,0.0,0.99,0.01,0.0,0.04039656794795559
39632956892906739,0.0,0.5,0.5,0.0,0.5
39632951838771723,0.0,0.28,0.72,0.0,0.4277254052800653
39632951838771753,0.0,0.1,0.9,0.0,0.2344977967946406
39632961913492182,0.0,0.29,0.71,0.0,0.43436062316970225
39632961879934133,0.0,0.0,1.0,0.0,-0.0
39632986768937060,0.0,0.62,0.38,0.0,0.47902101111314976
39632961875740288,0.0,0.85,0.15,0.0,0.3049201523582002
39632991726603932,0.0,0.05,0.95,0.0,0.14319847855797813
39632991726603845,0.0,0.46,0.54,0.0,0.49768921941011285
39632971891737876,0.0,0.93,0.07,0.0,0.18296182545011158
39632986802491143,0.0,0.0,1.0,0.0,-0.0
39632951821993783,0.0,0.7,0.3,0.0,0.44064544961534635
39632971916902577,0.0,0.97,0.03,0.0,0.0971959289157881
39632966908904730,0.0,0.14,0.86,0.0,0.292119405821428
39632951817800134,0.0,0.16,0.84,0.0,0.3171547773202831
39632996638133569,0.0,0.45,0.55,0.0,0.49638722699390414
39632981861598260,0.0,0.03,0.97,0.0,0.0971959289157881
39632956850965251,0.0,0.85,0.15,0.0,0.3049201523582002
39632961917685355,0.0,0.92,0.08,0.0,0.2010895951011364
39632976887154498,0.0,0.65,0.35,0.0,0.4670340276877455
39632991714018067,0.0,0.88,0.12,0.0,0.2646804326436822
39632971921099460,0.0,0.97,0.03,0.0,0.0971959289157881
39632961900904805,0.0,0.5,0.5,0.0,0.5
39632961892516577,0.0,0.86,0.14,0.0,0.292119405821428
39632986798296042,0.0,0.44,0.56,0.0,0.4947937606110278
39632966917294084,0.0,0.2,0.8,0.0,0.36096404744368116
39632991709823574,0.0,0.92,0.08,0.0,0.2010895951011364
39632956859354458,0.0,0.87,0.13,0.0,0.2787190925139945
39632981840628450,0.0,0.98,0.02,0.0,0.07072027127091034
39632961892516441,0.0,0.05,0.95,0.0,0.14319847855797813
39632946772054254,0.0,0.96,0.04,0.0,0.12114609454120741
39632961879933054,0.0,0.82,0.18,0.0,0.34003852286413994
39632986806683876,0.0,0.44,0.56,0.0,0.4947937606110278
39632976899740681,0.0,0.95,0.05,0.0,0.14319847855797813
39632961884127304,0.0,0.66,0.34,0.0,0.46240935248651505
39632971921098278,0.0,0.34,0.66,0.0,0.46240935248651505
39632981861597738,0.0,0.08,0.92,0.0,0.2010895951011364
39632956880323834,0.0,0.28,0.72,0.0,0.4277254052800653
39632981853213064,0.0,0.09,0.91,0.0,0.21823490853205144
39632986773131202,0.0,0.03,0.89,0.08,0.296452280596498
39632986773131093,0.0,0.0,0.99,0.01,0.04039656794795559
39632971921097989,0.0,0.81,0.19,0.0,0.3507357299419487
39632971912709411,0.0,0.97,0.03,0.0,0.0971959289157881
39632991718213152,0.0,0.34,0.66,0.0,0.46240935248651505
39632966908906180,0.0,0.11,0.89,0.0,0.249957979082264
39632941717915092,0.0,0.92,0.08,0.0,0.2010895951011364
39632946797216569,0.0,0.77,0.23,0.0,0.38900565177326885
39632941717915085,0.0,0.8,0.2,0.0,0.36096404744368116
39632986806683590,0.0,0.02,0.98,0.0,0.07072027127091034
39632956859351139,0.0,0.1,0.9,0.0,0.2344977967946406
39632976887157527,0.0,0.81,0.19,0.0,0.3507357299419487
39632976870378979,0.0,0.03,0.92,0.05,0.239266955218135
39632966925682370,0.0,0.0,1.0,0.0,-0.0
39632986785713429,0.0,0.88,0.12,0.0,0.2646804326436822
39632976870378877,0.0,0.72,0.28,0.0,0.4277254052800653
39632971895933586,0.0,0.46,0.54,0.0,0.49768921941011285
39632971887543654,0.0,0.03,0.97,0.0,0.0971959289157881
39632986773130610,0.0,0.43,0.57,0.0,0.4929075185894599
39632976878764296,0.0,0.34,0.66,0.0,0.46240935248651505
39632981832240046,0.0,0.13,0.87,0.0,0.2787190925139945
39632986773130858,0.0,0.02,0.98,0.0,0.07072027127091034
39632961917682184,0.0,0.12,0.88,0.0,0.2646804326436822
39632961917682172,0.0,0.73,0.27,0.0,0.42073231810408784
39632981861597520,0.0,0.43,0.57,0.0,0.4929075185894599
39632981861597764,0.0,0.37,0.63,0.0,0.47533604634353294
39632961871544537,0.0,0.93,0.07,0.0,0.18296182545011158
39632971921096833,0.0,0.68,0.32,0.0,0.45219072886224687
39632971921097908,0.0,0.11,0.89,0.0,0.249957979082264
39632956867744757,0.0,0.0,1.0,0.0,-0.0
39632956867744781,0.0,0.03,0.97,0.0,0.0971959289157881
39632976887153931,0.0,0.19,0.81,0.0,0.3507357299419487
39632946797216771,0.0,0.85,0.15,0.0,0.3049201523582002
39632996638134196,0.0,0.44,0.56,0.0,0.4947937606110278
39632971925291986,0.0,0.14,0.86,0.0,0.292119405821428
39632971874963358,0.0,0.1,0.9,0.0,0.2344977967946406
39632986768935031,0.0,0.14,0.86,0.0,0.292119405821428
39632971874963237,0.0,0.38,0.62,0.0,0.47902101111314976
39633001549663199,0.0,0.71,0.29,0.0,0.43436062316970225
39632971879156159,0.0,1.0,0.0,0.0,-0.0
39632971912712921,0.0,0.35,0.65,0.0,0.4670340276877455
39632956859352409,0.0,0.58,0.42,0.0,0.49072694751682683
39632971912712912,0.0,0.15,0.85,0.0,0.3049201523582002
39632976895541945,0.0,0.12,0.88,0.0,0.2646804326436822
39632976895542115,0.0,0.37,0.63,0.0,0.47533604634353294
39632971916902641,0.0,0.1,0.9,0.0,0.2344977967946406
39632986781519319,0.0,0.59,0.41,0.0,0.488250234378912
39632946772053730,0.0,0.88,0.12,0.0,0.2646804326436822
39632986781519142,0.0,0.11,0.88,0.01,0.28950944366190023
39632971887544158,0.0,0.56,0.44,0.0,0.4947937606110278
39632991714019531,0.0,0.15,0.85,0.0,0.3049201523582002
39632991714019493,0.0,0.0,0.94,0.06,0.16372245957723813
39632971887543795,0.0,0.96,0.04,0.0,0.12114609454120741
39632986773130350,0.0,0.45,0.55,0.0,0.49638722699390414
39632991730795487,0.0,0.12,0.88,0.0,0.2646804326436822
39632986773130306,0.0,0.56,0.44,0.0,0.4947937606110278
39632986785713535,0.0,0.61,0.39,0.0,0.4823997742525436
39632986773130421,0.0,0.2,0.8,0.0,0.36096404744368116
39632991718213682,0.0,0.17,0.83,0.0,0.32885238937210975
39632946797217768,0.05,0.95,0.0,0.0,0.14319847855797813
39632966925682032,0.0,0.22,0.78,0.0,0.38008375148098283
39632976887153156,0.0,0.84,0.16,0.0,0.3171547773202831
39632966925682173,0.0,0.04,0.96,0.0,0.12114609454120741
39632961884128021,0.0,0.35,0.65,0.0,0.4670340276877455
39632966925682144,0.0,0.44,0.56,0.0,0.4947937606110278
39632971895933590,0.0,0.38,0.62,0.0,0.47902101111314976
39632986768936884,0.0,1.0,0.0,0.0,-0.0
39632961917682018,0.0,0.99,0.01,0.0,0.04039656794795559
39632961875740182,0.0,0.33,0.67,0.0,0.4574631863898637
39632991714020210,0.0,0.07,0.93,0.0,0.18296182545011158
39632961917681741,0.0,0.85,0.15,0.0,0.3049201523582002
39632971887543834,0.0,0.07,0.93,0.0,0.18296182545011158
39632986768934284,0.0,0.01,0.98,0.01,0.08072027127091033
39632971895934587,0.0,0.86,0.14,0.0,0.292119405821428
39632946776247708,0.0,0.81,0.19,0.0,0.3507357299419487
39632976882962266,0.0,0.61,0.39,0.0,0.4823997742525436
39632971887545595,0.0,0.4,0.6,0.0,0.4854752972273343
39632981819655625,0.59,0.41,0.0,0.0,0.488250234378912
39632966908904368,0.0,0.66,0.34,0.0,0.46240935248651505
39632976882962132,0.0,0.43,0.57,0.0,0.4929075185894599
39632986768934790,0.0,0.01,0.99,0.0,0.04039656794795559
39632966925682021,0.0,0.96,0.04,0.0,0.12114609454120741
39632986768934709,0.0,0.12,0.88,0.0,0.2646804326436822
39632986768934785,0.0,0.77,0.23,0.0,0.38900565177326885
39632986773130004,0.0,0.07,0.93,0.0,0.18296182545011158
39632986768934167,0.0,0.01,0.98,0.01,0.08072027127091033
39632946767856509,0.0,0.54,0.46,0.0,0.49768921941011285
39632976882963043,0.25,0.75,0.0,0.0,0.4056390622295664
39632946776248358,0.0,0.34,0.66,0.0,0.46240935248651505
39632946776248348,0.0,0.97,0.03,0.0,0.0971959289157881
39632956859354489,0.0,0.91,0.09,0.0,0.21823490853205144
39632976882961850,0.0,0.64,0.36,0.0,0.4713415946277461
39632976887153365,0.0,0.52,0.48,0.0,0.4994227679976009
39632976882961685,0.0,0.41,0.59,0.0,0.488250234378912
39632981865791980,0.0,0.51,0.49,0.0,0.49985572087640495
39632996633936398,0.0,0.8,0.2,0.0,0.36096404744368116
39632991739187772,0.0,0.86,0.14,0.0,0.292119405821428
39632991739187586,0.0,0.66,0.34,0.0,0.46240935248651505
39632991739187583,0.0,0.71,0.29,0.0,0.43436062316970225
39632981861597734,0.0,0.41,0.59,0.0,0.488250234378912
39632981861597879,0.0,0.6,0.4,0.0,0.4854752972273343
39632971921099994,0.0,0.53,0.47,0.0,0.4987007942838698
39632971921100012,0.0,0.46,0.54,0.0,0.49768921941011285
39632981861597824,0.0,0.73,0.27,0.0,0.42073231810408784
39632981849014793,0.0,0.83,0.17,0.0,0.32885238937210975
39632981857405059,0.0,0.16,0.84,0.0,0.3171547773202831
39632976899738697,0.0,0.69,0.31,0.0,0.4465867291889284
39632946788829221,0.0,0.82,0.18,0.0,0.34003852286413994
39632966896323175,0.0,0.07,0.93,0.0,0.18296182545011158
39632971895931246,0.0,0.09,0.91,0.0,0.21823490853205144
39632966896323191,0.0,0.68,0.32,0.0,0.45219072886224687
39632991726604098,0.0,0.29,0.71,0.0,0.43436062316970225
39632971891740699,0.0,0.74,0.26,0.0,0.4133731862463089
39632966896324619,0.0,0.28,0.72,0.0,0.4277254052800653
39632966896324445,0.0,0.01,0.96,0.03,0.13737165703039006
39632961917681787,0.01,0.99,0.0,0.0,0.04039656794795559
39632956850964476,0.0,0.37,0.63,0.0,0.47533604634353294
39632986802491339,0.0,0.82,0.18,0.0,0.34003852286413994
39632986773129291,0.0,0.66,0.34,0.0,0.46240935248651505
39632951830383204,0.0,0.06,0.94,0.0,0.16372245957723813
39632956855159341,0.0,0.33,0.67,0.0,0.4574631863898637
39632981861597827,0.0,0.13,0.87,0.0,0.2787190925139945
39632986802491245,0.0,0.0,0.99,0.01,0.04039656794795559
39632996638134744,0.01,0.93,0.06,0.0,0.20367037270049304
39632986773128371,0.0,0.72,0.28,0.0,0.4277254052800653
39632971908517511,0.0,0.9,0.1,0.0,0.2344977967946406
39632971908518576,0.0,0.06,0.94,0.0,0.16372245957723813
39632971891740724,0.0,0.14,0.86,0.0,0.292119405821428
39632971891740668,0.0,0.49,0.51,0.0,0.49985572087640495
39632956867740837,0.0,0.61,0.39,0.0,0.4823997742525436
39632956867740843,0.0,0.01,0.97,0.02,0.11097036642660543
39632941726304952,0.0,0.71,0.29,0.0,0.43436062316970225
39632941726305160,0.0,0.69,0.31,0.0,0.4465867291889284
39632966929879312,0.0,0.0,0.82,0.18,0.34003852286413994
39632941726304554,0.0,0.82,0.18,0.0,0.34003852286413994
39633001553856270,0.0,0.15,0.85,0.0,0.3049201523582002
39632966896323393,0.0,0.97,0.03,0.0,0.0971959289157881
39632966929877814,0.0,0.51,0.49,0.0,0.49985572087640495
39632966929877492,0.0,0.8,0.2,0.0,0.36096404744368116
39632966929877439,0.0,0.99,0.01,0.0,0.04039656794795559
39632976899738399,0.0,0.91,0.09,0.0,0.21823490853205144
39632976899738858,0.0,0.96,0.04,0.0,0.12114609454120741
39632976899738375,0.0,0.56,0.44,0.0,0.4947937606110278
39632966896324634,0.0,0.88,0.12,0.0,0.2646804326436822
39632961871545095,0.0,0.01,0.99,0.0,0.04039656794795559
39632961913488741,0.0,0.62,0.38,0.0,0.47902101111314976
39632956884521685,0.0,0.02,0.98,0.0,0.07072027127091034
39632976891347898,0.0,0.1,0.9,0.0,0.2344977967946406
39632966900517373,0.01,0.98,0.01,0.0,0.08072027127091033
39632976878768394,0.0,0.98,0.02,0.0,0.07072027127091034
39632966929878226,0.0,0.04,0.96,0.0,0.12114609454120741
39632991743378265,0.0,0.86,0.14,0.0,0.292119405821428
39632966900517485,0.0,0.24,0.76,0.0,0.39752013969226113
39632981857404689,0.0,0.22,0.78,0.0,0.38008375148098283
39632971883348722,0.0,0.82,0.18,0.0,0.34003852286413994
39632976878767909,0.0,0.0,0.99,0.01,0.04039656794795559
39632946793024605,0.0,0.4,0.6,0.0,0.4854752972273343
39632976878768274,0.0,0.25,0.75,0.0,0.4056390622295664
39632951847159887,0.0,0.02,0.98,0.0,0.07072027127091034
39632941726303921,0.0,0.37,0.63,0.0,0.47533604634353294
39632991743378975,0.0,0.82,0.18,0.0,0.34003852286413994
39632941726303822,0.0,0.82,0.18,0.0,0.34003852286413994
39632976899737991,0.0,0.3,0.7,0.0,0.44064544961534635
39632956867740605,0.0,0.67,0.33,0.0,0.4574631863898637
39632971900127328,0.0,0.92,0.08,0.0,0.2010895951011364
39632956867740491,0.0,0.03,0.97,0.0,0.0971959289157881
39632976899737874,0.0,0.28,0.72,0.0,0.4277254052800653
39632971925295721,0.0,0.85,0.15,0.0,0.3049201523582002
39632961871545018,0.0,0.97,0.03,0.0,0.0971959289157881
39632961888326219,0.0,0.46,0.54,0.0,0.49768921941011285
39632946767858453,0.0,0.42,0.58,0.0,0.49072694751682683
39632991709827400,0.0,0.49,0.51,0.0,0.49985572087640495
39632976903932849,0.0,1.0,0.0,0.0,-0.0
39632976903932949,0.0,0.57,0.43,0.0,0.4929075185894599
39632976903932978,0.0,1.0,0.0,0.0,-0.0
39632976903933099,0.0,0.84,0.16,0.0,0.3171547773202831
39632966883739028,0.0,0.5,0.5,0.0,0.5
39632986773128746,0.0,1.0,0.0,0.0,-0.0
39632966896324236,0.0,0.3,0.7,0.0,0.44064544961534635
39632981865795401,0.0,0.95,0.05,0.0,0.14319847855797813
39632981865795231,0.19,0.81,0.0,0.0,0.3507357299419487
39632986810879047,0.0,0.88,0.12,0.0,0.2646804326436822
39632951821992511,0.0,0.26,0.74,0.0,0.4133731862463089
39632976878767803,0.0,0.66,0.34,0.0,0.46240935248651505
39632976899740601,0.0,0.0,0.98,0.02,0.07072027127091034
39632996638134192,0.0,0.93,0.07,0.0,0.18296182545011158
39632986777324466,0.0,0.18,0.82,0.0,0.34003852286413994
39632996629745949,0.0,0.31,0.69,0.0,0.4465867291889284
39632941717914828,0.0,0.06,0.92,0.02,0.2335407200795017
39632971908514634,0.0,0.68,0.32,0.0,0.45219072886224687
39632971908514635,0.0,0.02,0.98,0.0,0.07072027127091034
39632976887157080,0.0,0.89,0.11,0.0,0.249957979082264
39632996638134411,0.0,0.98,0.02,0.0,0.07072027127091034
39632976887157283,0.0,0.39,0.61,0.0,0.4823997742525436
39632971887543061,0.0,0.87,0.13,0.0,0.2787190925139945
39632971908518100,0.0,0.77,0.23,0.0,0.38900565177326885
39632971908517875,0.0,0.31,0.69,0.0,0.4465867291889284
39632971908518167,0.01,0.85,0.14,0.0,0.33142210248480686
39632971904323655,0.0,0.8,0.2,0.0,0.36096404744368116
39632971908518404,0.0,0.77,0.23,0.0,0.38900565177326885
39632986768935290,0.0,0.99,0.01,0.0,0.04039656794795559
39632971874963528,0.0,0.97,0.03,0.0,0.0971959289157881
39633001553856966,0.0,0.2,0.8,0.0,0.36096404744368116
39632981865795246,0.0,0.47,0.53,0.0,0.4987007942838698
39632961905100799,0.0,0.52,0.48,0.0,0.4994227679976009
39632991743378406,0.0,0.37,0.63,0.0,0.47533604634353294
39632991743377754,0.0,0.31,0.69,0.0,0.4465867291889284
39632986810880410,0.0,0.97,0.03,0.0,0.0971959289157881
39632986810880589,0.0,0.87,0.13,0.0,0.2787190925139945
39632971925295611,0.0,0.37,0.63,0.0,0.47533604634353294
39632961884127876,0.0,0.85,0.15,0.0,0.3049201523582002
39632971904323404,0.0,0.01,0.98,0.01,0.08072027127091033
39632946793024295,0.0,0.94,0.06,0.0,0.16372245957723813
39632976903930635,0.0,0.17,0.83,0.0,0.32885238937210975
39632971904323265,0.0,0.76,0.24,0.0,0.39752013969226113
39632971874961572,0.0,0.78,0.22,0.0,0.38008375148098283
39632976878768156,0.0,0.0,0.99,0.01,0.04039656794795559
39632981865795763,0.0,0.99,0.01,0.0,0.04039656794795559
39632941709525543,0.0,0.78,0.22,0.0,0.38008375148098283
39632941730500123,0.0,1.0,0.0,0.0,-0.0
39632941730500146,0.0,0.93,0.07,0.0,0.18296182545011158
39632981861598978,0.0,0.44,0.56,0.0,0.4947937606110278
39632961909293299,0.0,0.83,0.17,0.0,0.32885238937210975
39632966929875963,0.0,0.03,0.97,0.0,0.0971959289157881
39632976891347280,0.0,0.25,0.75,0.0,0.4056390622295664
39632981857405318,0.0,0.2,0.8,0.0,0.36096404744368116
39632946772053753,0.0,0.3,0.7,0.0,0.44064544961534635
39632991718214402,0.0,0.62,0.38,0.0,0.47902101111314976
39632961913491764,0.0,0.81,0.19,0.0,0.3507357299419487
39632961913491768,0.0,0.6,0.4,0.0,0.4854752972273343
39632986768936278,0.0,0.23,0.77,0.0,0.38900565177326885
39632976891347292,0.0,0.85,0.15,0.0,0.3049201523582002
39632961900906590,0.0,0.48,0.52,0.0,0.4994227679976009
39632961900906504,0.0,0.19,0.81,0.0,0.3507357299419487
39632971891738119,0.0,0.75,0.25,0.0,0.4056390622295664
39632971912709876,0.0,0.49,0.51,0.0,0.49985572087640495
39632961888325568,0.0,0.52,0.48,0.0,0.4994227679976009
39632986802491916,0.0,0.41,0.59,0.0,0.488250234378912
39632971912709776,0.0,0.58,0.42,0.0,0.49072694751682683
39632961888325560,0.0,0.22,0.78,0.0,0.38008375148098283
39632966917295526,0.0,0.44,0.56,0.0,0.4947937606110278
39632951838771832,0.0,0.23,0.77,0.0,0.38900565177326885
39632976878764706,0.0,0.1,0.9,0.0,0.2344977967946406
39632981853211727,0.0,0.8,0.2,0.0,0.36096404744368116
39632986794100165,0.0,0.14,0.86,0.0,0.292119405821428
39632961900906874,0.0,0.0,0.99,0.01,0.04039656794795559
39632956892908828,0.0,0.99,0.01,0.0,0.04039656794795559
39632961909294644,0.0,0.03,0.97,0.0,0.0971959289157881
39632986794100166,0.0,0.79,0.21,0.0,0.37074136996563684
39632956892907273,0.0,0.82,0.18,0.0,0.34003852286413994
39632976891347396,0.0,0.95,0.05,0.0,0.14319847855797813
39632976882959859,0.0,0.0,0.95,0.05,0.14319847855797813
39632986802488449,0.0,0.43,0.57,0.0,0.4929075185894599
39632946797217605,0.0,0.19,0.81,0.0,0.3507357299419487
39632961909295846,0.0,0.13,0.87,0.0,0.2787190925139945
39632976882959680,0.0,0.0,0.7,0.3,0.44064544961534635
39632961871547279,0.0,0.02,0.98,0.0,0.07072027127091034
39632946772053688,0.0,0.76,0.24,0.0,0.39752013969226113
39632991718214617,0.0,0.58,0.42,0.0,0.49072694751682683
39632991718214308,0.0,0.83,0.17,0.0,0.32885238937210975
39632956888713779,0.0,0.34,0.66,0.0,0.46240935248651505
39632951847159313,0.01,0.99,0.0,0.0,0.04039656794795559
39632951847159419,0.0,0.46,0.54,0.0,0.49768921941011285
39632951847159449,0.0,0.82,0.18,0.0,0.34003852286413994
39632961917683403,0.0,0.63,0.37,0.0,0.47533604634353294
39632991722407127,0.0,0.69,0.31,0.0,0.4465867291889284
39632966900518985,0.0,0.29,0.71,0.0,0.43436062316970225
39632966900517533,0.0,0.19,0.81,0.0,0.3507357299419487
39632951838773445,0.0,0.96,0.04,0.0,0.12114609454120741
39632981857404775,0.0,0.06,0.94,0.0,0.16372245957723813
39632946767858773,0.0,0.08,0.92,0.0,0.2010895951011364
39632976891348749,0.0,0.73,0.27,0.0,0.42073231810408784
39632956884521202,0.0,0.56,0.44,0.0,0.4947937606110278
39632946797218412,0.0,0.68,0.32,0.0,0.45219072886224687
39632946797218593,0.0,0.43,0.57,0.0,0.4929075185894599
39632956892908228,0.0,0.58,0.42,0.0,0.49072694751682683
39632971921097882,0.0,0.35,0.65,0.0,0.4670340276877455
39632946797218363,0.0,0.2,0.8,0.0,0.36096404744368116
39632976887155675,0.0,0.34,0.66,0.0,0.46240935248651505
39632986802491823,0.0,0.99,0.01,0.0,0.04039656794795559
39632961905103675,0.0,0.0,1.0,0.0,-0.0
39632951851354024,0.0,0.98,0.02,0.0,0.07072027127091034
39632961875740012,0.0,0.44,0.56,0.0,0.4947937606110278
39632946776247821,0.0,0.87,0.13,0.0,0.2787190925139945
39632951851354087,0.04,0.94,0.02,0.0,0.19127133459887283
39632946776247916,0.0,0.07,0.93,0.0,0.18296182545011158
39632971891738085,0.0,0.96,0.04,0.0,0.12114609454120741
39632991718212678,0.0,0.92,0.08,0.0,0.2010895951011364
39632976878764879,0.0,0.94,0.06,0.0,0.16372245957723813
39632941722109500,0.0,0.73,0.27,0.0,0.42073231810408784
39632941722109313,0.0,0.47,0.53,0.0,0.4987007942838698
39632956892909397,0.0,0.65,0.35,0.0,0.4670340276877455
39632976887155545,0.0,0.75,0.25,0.0,0.4056390622295664
39632991705630220,0.0,0.0,1.0,0.0,-0.0
39632976882962839,0.0,0.93,0.07,0.0,0.18296182545011158
39632961879934352,0.0,0.64,0.36,0.0,0.4713415946277461
39632981849014752,0.0,0.73,0.27,0.0,0.42073231810408784
39632976882961206,0.0,0.46,0.54,0.0,0.49768921941011285
39632961917681743,0.0,0.86,0.14,0.0,0.292119405821428
39632946776247299,0.0,0.45,0.55,0.0,0.49638722699390414
39632946767856991,0.0,0.32,0.68,0.0,0.45219072886224687
39632981849014651,0.0,0.65,0.35,0.0,0.4670340276877455
39632976882962574,0.0,0.86,0.14,0.0,0.292119405821428
39632941717915469,0.0,0.08,0.92,0.0,0.2010895951011364
39632951813607867,0.0,0.15,0.85,0.0,0.3049201523582002
39632941717916183,0.0,0.93,0.07,0.0,0.18296182545011158
39632991705629805,0.0,0.16,0.84,0.0,0.3171547773202831
39632991705629993,0.0,0.87,0.13,0.0,0.2787190925139945
39632961875738763,0.0,0.34,0.66,0.0,0.46240935248651505
39632956850965985,0.01,0.96,0.03,0.0,0.13737165703039006
39632956850965551,0.0,0.12,0.88,0.0,0.2646804326436822
39632941717917504,0.0,0.74,0.26,0.0,0.4133731862463089
39632941717917889,0.0,0.12,0.88,0.0,0.2646804326436822
39632946767858518,0.0,0.7,0.3,0.0,0.44064544961534635
39632946767858427,0.0,0.33,0.67,0.0,0.4574631863898637
39632956892909893,0.0,0.14,0.86,0.0,0.292119405821428
39632946767856380,0.0,0.41,0.59,0.0,0.488250234378912
39632976887154456,0.0,0.96,0.04,0.0,0.12114609454120741
39632966900518664,0.0,1.0,0.0,0.0,-0.0
39632966900518706,0.0,0.78,0.22,0.0,0.38008375148098283
39632941713722972,0.02,0.98,0.0,0.0,0.07072027127091034
39632946776247790,0.0,0.45,0.55,0.0,0.49638722699390414
39632976887154749,0.0,0.72,0.28,0.0,0.4277254052800653
39632981849017149,0.0,0.0,0.99,0.01,0.04039656794795559
39632946767856400,0.0,0.23,0.77,0.0,0.38900565177326885
39632961888326620,0.0,0.23,0.77,0.0,0.38900565177326885
39632956892910111,0.08,0.92,0.0,0.0,0.2010895951011364
39632941722112111,0.0,0.03,0.97,0.0,0.0971959289157881
39632941717916016,0.0,0.93,0.07,0.0,0.18296182545011158
39632941726302994,0.0,0.91,0.09,0.0,0.21823490853205144
39632941730499946,0.0,0.81,0.19,0.0,0.3507357299419487
39632941722112005,0.01,0.92,0.07,0.0,0.22283217282912027
39632956892909531,0.0,0.98,0.02,0.0,0.07072027127091034
39632976882960725,0.0,0.98,0.02,0.0,0.07072027127091034
39632961917681894,0.0,0.0,0.92,0.08,0.2010895951011364
39632976882961009,0.0,0.03,0.97,0.0,0.0971959289157881
39632941709526771,0.0,0.21,0.79,0.0,0.37074136996563684
39632941722108694,0.0,0.63,0.37,0.0,0.47533604634353294
39632941709526446,0.0,0.43,0.57,0.0,0.4929075185894599
39632941713720763,0.0,0.62,0.38,0.0,0.47902101111314976
39632941722108647,0.0,0.32,0.68,0.0,0.45219072886224687
39632941717917203,0.0,0.12,0.88,0.0,0.2646804326436822
39632946767858765,0.0,0.09,0.91,0.0,0.21823490853205144
39632941722109126,0.0,0.87,0.13,0.0,0.2787190925139945
39632981865795164,0.0,0.73,0.27,0.0,0.42073231810408784
39632981865795094,0.0,0.65,0.35,0.0,0.4670340276877455
39632956850965365,0.0,0.86,0.14,0.0,0.292119405821428
39632941722109733,0.0,0.01,0.99,0.0,0.04039656794795559
39632986768935742,0.0,0.06,0.93,0.01,0.20367037270049304
39632956859354823,0.0,0.4,0.6,0.0,0.4854752972273343
39632986768935525,0.0,0.97,0.03,0.0,0.0971959289157881
39632971912709975,0.0,0.4,0.6,0.0,0.4854752972273343
39632971912712481,0.0,0.48,0.52,0.0,0.4994227679976009
39632971921096888,0.0,0.99,0.01,0.0,0.04039656794795559
39632971921096898,0.0,0.44,0.56,0.0,0.4947937606110278
39633001541275415,0.0,0.11,0.89,0.0,0.249957979082264
39632971887544578,0.0,0.01,0.99,0.0,0.04039656794795559
39632986768937274,0.0,0.46,0.54,0.0,0.49768921941011285
39632971916907638,0.0,0.87,0.13,0.0,0.2787190925139945
39632986773128787,0.0,0.74,0.26,0.0,0.4133731862463089
39632981819655695,0.0,0.05,0.95,0.0,0.14319847855797813
39632976887153700,0.0,0.04,0.96,0.0,0.12114609454120741
39632946767858880,0.0,0.62,0.38,0.0,0.47902101111314976
39632971916907581,0.0,0.88,0.12,0.0,0.2646804326436822
39632971921096740,0.0,0.43,0.57,0.0,0.4929075185894599
39632956892907497,0.0,0.58,0.42,0.0,0.49072694751682683
39632971912709787,0.0,0.5,0.5,0.0,0.5
39632986768933320,0.0,0.98,0.02,0.0,0.07072027127091034
39632986768933401,0.0,0.26,0.74,0.0,0.4133731862463089
39632941705332682,0.0,0.55,0.45,0.0,0.49638722699390414
39632941709525472,0.0,0.59,0.41,0.0,0.488250234378912
39632946763664496,0.0,0.98,0.02,0.0,0.07072027127091034
39632946776247485,0.0,0.73,0.27,0.0,0.42073231810408784
39633001541275246,0.0,0.72,0.28,0.0,0.4277254052800653
39633001541275307,0.0,0.67,0.33,0.0,0.4574631863898637
39632941713723672,0.0,0.69,0.31,0.0,0.4465867291889284
39632941709525910,0.0,0.98,0.02,0.0,0.07072027127091034
39632941705333293,0.0,0.27,0.73,0.0,0.42073231810408784
39632956850964647,0.0,0.31,0.69,0.0,0.4465867291889284
39632961879934959,0.0,0.84,0.16,0.0,0.3171547773202831
39632961917681930,0.0,0.93,0.07,0.0,0.18296182545011158
39632941717914951,0.02,0.98,0.0,0.0,0.07072027127091034
39632946767857317,0.0,0.91,0.09,0.0,0.21823490853205144
39632941717914260,0.03,0.93,0.04,0.0,0.2174448102113104
39632951813606460,0.0,1.0,0.0,0.0,-0.0
39632956850964404,0.0,0.04,0.96,0.0,0.12114609454120741
39632956850964297,0.0,0.45,0.55,0.0,0.49638722699390414
39632941705334582,0.0,0.35,0.65,0.0,0.4670340276877455
39632956850964152,0.0,0.88,0.12,0.0,0.2646804326436822
39632941705333041,0.0,0.93,0.07,0.0,0.18296182545011158
39632971887543971,0.0,0.04,0.96,0.0,0.12114609454120741
39632946767857450,0.0,0.8,0.2,0.0,0.36096404744368116
39632941717915692,0.0,0.35,0.65,0.0,0.4670340276877455
39632946767857899,0.0,0.38,0.62,0.0,0.47902101111314976
39632946776247437,0.0,0.97,0.03,0.0,0.0971959289157881
39632986768933884,0.0,0.0,0.98,0.02,0.07072027127091034
39632946763665201,0.0,0.97,0.03,0.0,0.0971959289157881
39632986768934191,0.0,0.7,0.3,0.0,0.44064544961534635
39632956850963282,0.0,0.01,0.98,0.01,0.08072027127091033
39632976887153368,0.0,0.13,0.87,0.0,0.2787190925139945
39632986768937125,0.0,0.61,0.39,0.0,0.4823997742525436
39632976887153609,0.0,0.17,0.83,0.0,0.32885238937210975
39632946767858435,0.0,0.01,0.99,0.0,0.04039656794795559
39632956850964053,0.0,0.28,0.72,0.0,0.4277254052800653
39632941705332249,0.0,0.39,0.61,0.0,0.4823997742525436
39632941705332213,0.0,0.89,0.11,0.0,0.249957979082264
39632956850964257,0.0,0.82,0.18,0.0,0.34003852286413994
39632941705334838,0.0,0.43,0.57,0.0,0.4929075185894599
39632956846771963,0.0,0.0,1.0,0.0,-0.0
39632941705332654,0.0,0.57,0.43,0.0,0.4929075185894599
39632956850963259,0.0,0.76,0.24,0.0,0.39752013969226113
39632941717917921,0.0,0.11,0.88,0.01,0.28950944366190023
39632951813603466,0.0,0.19,0.81,0.0,0.3507357299419487
39632946763663969,0.0,1.0,0.0,0.0,-0.0
39632951813606137,0.0,0.55,0.45,0.0,0.49638722699390414
39632956850963323,0.0,0.86,0.14,0.0,0.292119405821428
39632971874961733,0.0,0.9,0.1,0.0,0.2344977967946406
39632941730497697,0.0,0.93,0.07,0.0,0.18296182545011158
39632941713722266,0.0,0.84,0.16,0.0,0.3171547773202831
39632941705332417,0.0,0.97,0.03,0.0,0.0971959289157881
39632981865792927,0.0,0.14,0.86,0.0,0.292119405821428
39632941713721247,0.0,0.33,0.67,0.0,0.4574631863898637
39632946763663748,0.0,0.72,0.28,0.0,0.4277254052800653
39632941730499419,0.0,0.9,0.1,0.0,0.2344977967946406
39632986773128292,0.0,0.25,0.75,0.0,0.4056390622295664
39632976882962010,0.0,0.46,0.54,0.0,0.49768921941011285
39632956850962664,0.0,0.83,0.17,0.0,0.32885238937210975
39632956846773052,0.0,0.97,0.03,0.0,0.0971959289157881
39632956850962885,0.0,0.92,0.08,0.0,0.2010895951011364
39632936638611774,0.0,0.61,0.39,0.0,0.4823997742525436
39632936642807992,0.0,0.51,0.49,0.0,0.49985572087640495
39632936638613764,0.01,0.99,0.0,0.0,0.04039656794795559
39632941705331635,0.0,0.89,0.11,0.0,0.249957979082264
39632936634420995,0.0,0.63,0.37,0.0,0.47533604634353294
39632941713723356,0.0,0.95,0.05,0.0,0.14319847855797813
39632941717915177,0.0,0.59,0.41,0.0,0.488250234378912
39632936642807933,0.0,0.02,0.98,0.0,0.07072027127091034
39632936634420790,0.04,0.96,0.0,0.0,0.12114609454120741
39632936638615176,0.0,0.46,0.54,0.0,0.49768921941011285
39632936638612087,0.0,0.78,0.22,0.0,0.38008375148098283
39632936638615863,0.0,0.37,0.63,0.0,0.47533604634353294
39632941713723685,0.0,0.4,0.6,0.0,0.4854752972273343
39632936638613006,0.0,0.43,0.57,0.0,0.4929075185894599
39632941717918126,0.0,0.96,0.04,0.0,0.12114609454120741
39632936634420459,0.0,0.95,0.05,0.0,0.14319847855797813
39632936638613860,0.0,0.99,0.01,0.0,0.04039656794795559
39632951813605349,0.0,0.85,0.15,0.0,0.3049201523582002
39632941709529189,0.01,0.99,0.0,0.0,0.04039656794795559
39632936638614525,0.0,0.63,0.37,0.0,0.47533604634353294
39632941705333956,0.0,1.0,0.0,0.0,-0.0
39632941717917665,0.0,0.06,0.94,0.0,0.16372245957723813
39632936638612431,0.0,0.95,0.05,0.0,0.14319847855797813
39632941730498951,0.0,0.53,0.47,0.0,0.4987007942838698
39632941730498965,0.0,0.94,0.06,0.0,0.16372245957723813
39632981840628809,0.0,0.0,0.98,0.02,0.07072027127091034
39632936638611737,0.0,1.0,0.0,0.0,-0.0
39632941705331815,0.0,0.81,0.19,0.0,0.3507357299419487
39632951809414015,0.0,0.52,0.48,0.0,0.4994227679976009
39632941705331272,0.0,0.95,0.05,0.0,0.14319847855797813
39632981840628684,0.0,0.57,0.43,0.0,0.4929075185894599
39632941701140126,0.0,0.56,0.44,0.0,0.4947937606110278
39632941705333936,0.02,0.85,0.13,0.0,0.3474083653496681
39632951813604131,0.0,0.44,0.56,0.0,0.4947937606110278
39632951809413872,0.0,0.77,0.23,0.0,0.38900565177326885
39632936634419622,0.0,0.74,0.26,0.0,0.4133731862463089
39632936634419840,0.0,0.84,0.16,0.0,0.3171547773202831
39632936634421543,0.0,0.53,0.47,0.0,0.4987007942838698
39632976882961307,0.0,0.93,0.07,0.0,0.18296182545011158
39632951809413735,0.0,0.84,0.16,0.0,0.3171547773202831
39632946767857424,0.0,0.63,0.37,0.0,0.47533604634353294
39632936638614516,0.0,0.98,0.02,0.0,0.07072027127091034
39632971874961615,0.0,0.52,0.48,0.0,0.4994227679976009
39632941730498470,0.0,0.81,0.19,0.0,0.3507357299419487
39632936638611858,0.0,0.92,0.08,0.0,0.2010895951011364
39632941730498255,0.01,0.95,0.04,0.0,0.16124668093016215
39632971900126442,0.0,0.97,0.03,0.0,0.0971959289157881
39632956884518589,0.0,0.4,0.6,0.0,0.4854752972273343
39632956884518266,0.0,0.54,0.46,0.0,0.49768921941011285
39632951821992698,0.0,0.01,0.99,0.0,0.04039656794795559
39632976870378606,0.0,0.97,0.03,0.0,0.0971959289157881
39632961909294903,0.0,0.59,0.41,0.0,0.488250234378912
39632991726604055,0.0,0.22,0.78,0.0,0.38008375148098283
39632986802491348,0.0,0.04,0.96,0.0,0.12114609454120741
39632951821994625,0.0,0.0,0.76,0.24,0.39752013969226113
39632966904711918,0.0,0.63,0.37,0.0,0.47533604634353294
39632956897102983,0.01,0.91,0.08,0.0,0.24088153359695552
39632961917686141,0.0,0.86,0.14,0.0,0.292119405821428
39632961917686207,0.01,0.97,0.02,0.0,0.11097036642660543
39632961917685625,0.0,0.09,0.91,0.0,0.21823490853205144
39632971900125862,0.0,0.34,0.66,0.0,0.46240935248651505
39632971900127601,0.0,0.7,0.3,0.0,0.44064544961534635
39632971900125714,0.0,0.6,0.4,0.0,0.4854752972273343
39632971900125783,0.0,0.25,0.75,0.0,0.4056390622295664
39632976882958426,0.0,0.95,0.05,0.0,0.14319847855797813
39632941726304015,0.0,0.66,0.34,0.0,0.46240935248651505
39632976899740514,0.0,0.75,0.25,0.0,0.4056390622295664
39632976899740597,0.0,0.97,0.03,0.0,0.0971959289157881
39632976887154783,0.0,0.86,0.14,0.0,0.292119405821428
39632976895542815,0.0,0.51,0.49,0.0,0.49985572087640495
39632976882961292,0.0,0.26,0.74,0.0,0.4133731862463089
39632951813606098,0.0,0.74,0.26,0.0,0.4133731862463089
39632951813605884,0.0,0.86,0.14,0.0,0.292119405821428
39632961888326048,0.0,0.86,0.14,0.0,0.292119405821428
39632941717916263,0.0,0.46,0.54,0.0,0.49768921941011285
39632941717916275,0.0,0.47,0.53,0.0,0.4987007942838698
39632941722110904,0.0,0.99,0.01,0.0,0.04039656794795559
39632941722110124,0.0,0.51,0.49,0.0,0.49985572087640495
39632941722110373,0.0,0.21,0.79,0.0,0.37074136996563684
39632971916902784,0.0,0.06,0.94,0.0,0.16372245957723813
39632951813605824,0.0,0.52,0.48,0.0,0.4994227679976009
39632956855156821,0.0,0.38,0.62,0.0,0.47902101111314976
39632941726304474,0.0,1.0,0.0,0.0,-0.0
39632966929879791,0.0,0.3,0.7,0.0,0.44064544961534635
39632941726304119,0.0,0.99,0.01,0.0,0.04039656794795559
39632986773128805,0.03,0.91,0.06,0.0,0.2595582210645035
39632986810878947,0.0,0.83,0.17,0.0,0.32885238937210975
39632941726303722,0.0,0.95,0.05,0.0,0.14319847855797813
39632956897100406,0.0,0.99,0.01,0.0,0.04039656794795559
39632956897099964,0.0,1.0,0.0,0.0,-0.0
39632946797217447,0.0,0.99,0.01,0.0,0.04039656794795559
39632956897101186,0.0,0.87,0.13,0.0,0.2787190925139945
39632956897100633,0.0,0.68,0.32,0.0,0.45219072886224687
39632941726303964,0.0,0.88,0.12,0.0,0.2646804326436822
39632956897100931,0.0,0.96,0.04,0.0,0.12114609454120741
39632956897101034,0.0,0.85,0.15,0.0,0.3049201523582002
39632971900127681,0.0,0.99,0.01,0.0,0.04039656794795559
39632976882960709,0.0,0.0,1.0,0.0,-0.0
39632941722110396,0.0,0.3,0.7,0.0,0.44064544961534635
39632946767857656,0.0,0.99,0.01,0.0,0.04039656794795559
39632946767857508,0.0,1.0,0.0,0.0,-0.0
39632941722110792,0.0,0.73,0.27,0.0,0.42073231810408784
39632976903934624,0.0,0.85,0.15,0.0,0.3049201523582002
39632976908124648,0.0,0.94,0.06,0.0,0.16372245957723813
39632986810878956,0.01,0.99,0.0,0.0,0.04039656794795559
39632976878767682,0.0,0.93,0.07,0.0,0.18296182545011158
39632941730500659,0.0,0.97,0.03,0.0,0.0971959289157881
39632941709527747,0.0,0.2,0.8,0.0,0.36096404744368116
39632986777324136,0.0,0.57,0.43,0.0,0.4929075185894599
39632981857405217,0.0,0.51,0.49,0.0,0.49985572087640495
39632986777324213,0.0,0.07,0.93,0.0,0.18296182545011158
39632991709824374,0.0,0.69,0.31,0.0,0.4465867291889284
39632976887152764,0.0,0.39,0.61,0.0,0.4823997742525436
39632971900127845,0.0,0.68,0.32,0.0,0.45219072886224687
39632966934069318,0.0,0.77,0.23,0.0,0.38900565177326885
39632976903932027,0.0,0.39,0.61,0.0,0.4823997742525436
39632976891348290,0.0,0.6,0.4,0.0,0.4854752972273343
39632976878767906,0.0,0.32,0.68,0.0,0.45219072886224687
39632956892910164,0.0,0.91,0.09,0.0,0.21823490853205144
39632986768933872,0.0,0.98,0.02,0.0,0.07072027127091034
39632976903933865,0.04,0.96,0.0,0.0,0.12114609454120741
39632941713721290,0.0,0.97,0.03,0.0,0.0971959289157881
39632971879153765,0.0,0.21,0.79,0.0,0.37074136996563684
39632981865792197,0.01,0.72,0.27,0.0,0.4588452815760617
39632976882961802,0.0,1.0,0.0,0.0,-0.0
39632946767856291,0.0,0.48,0.52,0.0,0.4994227679976009
39632946767855918,0.06,0.94,0.0,0.0,0.16372245957723813
39632941717913916,0.0,0.55,0.45,0.0,0.49638722699390414
39632946793024627,0.0,0.66,0.34,0.0,0.46240935248651505
39632946763665546,0.0,0.79,0.21,0.0,0.37074136996563684
39632951813605708,0.0,0.25,0.75,0.0,0.4056390622295664
39632951813606302,0.0,1.0,0.0,0.0,-0.0
39632951813606071,0.0,0.24,0.76,0.0,0.39752013969226113
39632946763663086,0.01,0.98,0.01,0.0,0.08072027127091033
39632946763665188,0.0,0.78,0.22,0.0,0.38008375148098283
39632951855549315,0.0,0.99,0.01,0.0,0.04039656794795559
39632936647002122,0.0,0.96,0.04,0.0,0.12114609454120741
39632941734692606,0.0,0.85,0.15,0.0,0.3049201523582002
39632946801413207,0.0,1.0,0.0,0.0,-0.0
39632941734692401,0.0,1.0,0.0,0.0,-0.0
39632946801411353,0.0,0.99,0.01,0.0,0.04039656794795559
39632946801411446,0.0,0.96,0.04,0.0,0.12114609454120741
39632946801410580,0.01,0.99,0.0,0.0,0.04039656794795559
39632946801410314,0.0,1.0,0.0,0.0,-0.0
39632956897102290,0.0,0.94,0.06,0.0,0.16372245957723813
39632941730500348,0.04,0.96,0.0,0.0,0.12114609454120741
39632941709528594,0.0,1.0,0.0,0.0,-0.0
39632976903933835,0.0,0.14,0.86,0.0,0.292119405821428
39632976903933935,0.0,0.87,0.13,0.0,0.2787190925139945
39632956846773056,0.0,0.91,0.09,0.0,0.21823490853205144
39632946797219748,0.0,0.83,0.17,0.0,0.32885238937210975
39632946801410552,0.0,0.95,0.05,0.0,0.14319847855797813
39632936642806668,0.0,0.79,0.21,0.0,0.37074136996563684
39632941709525945,0.0,0.9,0.1,0.0,0.2344977967946406
39632951813605562,0.0,0.59,0.41,0.0,0.488250234378912
39632936642809975,0.0,0.81,0.19,0.0,0.3507357299419487
39632951855548227,0.0,0.74,0.26,0.0,0.4133731862463089
39632936642810008,0.0,0.9,0.1,0.0,0.2344977967946406
39632936642808969,0.0,0.99,0.01,0.0,0.04039656794795559
39632936647000344,0.0,0.65,0.35,0.0,0.4670340276877455
39632936647000847,0.0,0.92,0.08,0.0,0.2010895951011364
39632936647001123,0.0,0.88,0.12,0.0,0.2646804326436822
39632936642809528,0.0,0.38,0.62,0.0,0.47902101111314976
39632941726303942,0.0,0.89,0.11,0.0,0.249957979082264
39632951855548342,0.0,0.86,0.14,0.0,0.292119405821428
39632976903934154,0.0,0.51,0.49,0.0,0.49985572087640495
39632936638613776,0.0,0.97,0.03,0.0,0.0971959289157881
39632941709527165,0.0,0.24,0.76,0.0,0.39752013969226113
39632941709527534,0.0,0.98,0.02,0.0,0.07072027127091034
39632936638615264,0.02,0.97,0.01,0.0,0.11097036642660543
39632936638614642,0.0,0.98,0.02,0.0,0.07072027127091034
39632941717914205,0.0,0.91,0.09,0.0,0.21823490853205144
39632936634421264,0.01,0.98,0.01,0.0,0.08072027127091033
39632936642807224,0.0,0.99,0.01,0.0,0.04039656794795559
39632936642808166,0.0,0.99,0.01,0.0,0.04039656794795559
39632971900127931,0.0,0.82,0.18,0.0,0.34003852286413994
39632976908124336,0.0,0.98,0.02,0.0,0.07072027127091034
39632941709527827,0.0,0.97,0.03,0.0,0.0971959289157881
39632941709527162,0.0,0.35,0.65,0.0,0.4670340276877455
39632941705334567,0.0,0.31,0.69,0.0,0.4465867291889284
39632936642808399,0.0,0.96,0.04,0.0,0.12114609454120741
39632941709527553,0.0,1.0,0.0,0.0,-0.0
39632986768934090,0.0,0.0,0.9,0.1,0.2344977967946406
39632986768933940,0.0,0.11,0.89,0.0,0.249957979082264
39632971874960684,0.0,0.61,0.39,0.0,0.4823997742525436
39632941709525043,0.0,0.99,0.01,0.0,0.04039656794795559
39632941705334541,0.0,0.83,0.17,0.0,0.32885238937210975
39632956897100321,0.0,0.96,0.04,0.0,0.12114609454120741
39632951813605017,0.0,0.82,0.18,0.0,0.34003852286413994
39632941730499014,0.0,0.78,0.22,0.0,0.38008375148098283
39632936642809534,0.0,0.57,0.43,0.0,0.4929075185894599
39632936638611866,0.0,0.87,0.13,0.0,0.2787190925139945
39632936638613368,0.0,0.3,0.7,0.0,0.44064544961534635
39632936638615981,0.0,0.53,0.47,0.0,0.4987007942838698
39632936634420115,0.0,0.9,0.1,0.0,0.2344977967946406
39632941705334484,0.0,0.26,0.74,0.0,0.4133731862463089
39632936634420468,0.0,0.76,0.24,0.0,0.39752013969226113
39632941709527797,0.0,0.69,0.31,0.0,0.4465867291889284
39632976882961633,0.0,0.79,0.21,0.0,0.37074136996563684
39632936634419906,0.0,1.0,0.0,0.0,-0.0
39632936638613846,0.0,0.77,0.23,0.0,0.38900565177326885
39632941709527985,0.0,0.35,0.65,0.0,0.4670340276877455
39633001553858579,0.0,0.51,0.49,0.0,0.49985572087640495
39632991747571982,0.0,0.99,0.01,0.0,0.04039656794795559
39632956859352500,0.0,1.0,0.0,0.0,-0.0
39632951826188831,0.0,0.69,0.31,0.0,0.4465867291889284
39632976870376533,0.0,0.0,0.75,0.25,0.4056390622295664
39632961875739653,0.0,0.0,1.0,0.0,-0.0
39632961875739645,0.0,0.0,1.0,0.0,-0.0
39632986773129069,0.0,0.38,0.62,0.0,0.47902101111314976
39632986781517866,0.0,0.62,0.38,0.0,0.47902101111314976
39632986781517818,0.0,0.17,0.83,0.0,0.32885238937210975
39632946797215973,0.0,0.03,0.97,0.0,0.0971959289157881
39632956871934666,0.0,0.01,0.98,0.01,0.08072027127091033
39632956855161293,0.0,0.28,0.72,0.0,0.4277254052800653
39632991718213777,0.0,0.92,0.08,0.0,0.2010895951011364
39632996642324997,0.0,0.84,0.16,0.0,0.3171547773202831
39632976899738705,0.0,0.3,0.7,0.0,0.44064544961534635
39632986781517611,0.0,0.0,0.98,0.02,0.07072027127091034
39632986781517442,0.0,0.0,0.57,0.43,0.4929075185894599
39632986781517391,0.0,0.65,0.35,0.0,0.4670340276877455
39632956859352300,0.0,0.11,0.89,0.0,0.249957979082264
39632956859352351,0.0,0.07,0.93,0.0,0.18296182545011158
39632976903929977,0.0,0.84,0.16,0.0,0.3171547773202831
39632976866185500,0.0,0.23,0.77,0.0,0.38900565177326885
39632966879546641,0.0,0.62,0.38,0.0,0.47902101111314976
39632966879546676,0.0,0.34,0.66,0.0,0.46240935248651505
39632976903932021,0.0,0.09,0.91,0.0,0.21823490853205144
39632986773131684,0.0,0.55,0.45,0.0,0.49638722699390414
39632991743378119,0.0,0.89,0.11,0.0,0.249957979082264
39632956884521187,0.0,0.04,0.96,0.0,0.12114609454120741
39632966900517735,0.0,0.29,0.71,0.0,0.43436062316970225
39632966900517843,0.0,0.15,0.85,0.0,0.3049201523582002
39632951826189227,0.0,0.01,0.99,0.0,0.04039656794795559
39632966904712092,0.0,0.52,0.48,0.0,0.4994227679976009
39632961875740650,0.0,0.15,0.85,0.0,0.3049201523582002
39632961875740939,0.0,0.94,0.06,0.0,0.16372245957723813
39632956884520972,0.0,0.8,0.2,0.0,0.36096404744368116
39632991743378205,0.0,0.49,0.51,0.0,0.49985572087640495
39632986810876108,0.0,0.78,0.22,0.0,0.38008375148098283
39632971895935194,0.0,0.55,0.45,0.0,0.49638722699390414
39632961875740632,0.0,0.0,0.95,0.05,0.14319847855797813
39632961875740574,0.0,0.83,0.17,0.0,0.32885238937210975
39632961884131066,0.0,0.77,0.23,0.0,0.38900565177326885
39632961884130927,0.0,0.92,0.08,0.0,0.2010895951011364
39632961884131122,0.0,0.09,0.91,0.0,0.21823490853205144
39633001541272014,0.0,0.97,0.03,0.0,0.0971959289157881
39632986773130527,0.0,0.28,0.72,0.0,0.4277254052800653
39632961888326366,0.0,0.69,0.31,0.0,0.4465867291889284
39632961917684988,0.0,0.77,0.23,0.0,0.38900565177326885
39632961917684955,0.0,0.84,0.16,0.0,0.3171547773202831
39632961888326181,0.0,0.06,0.93,0.01,0.20367037270049304
39632976857795670,0.0,0.15,0.84,0.01,0.3441379826496441
39632986773130775,0.0,0.3,0.7,0.0,0.44064544961534635
39632991714018028,0.0,0.0,0.97,0.03,0.0971959289157881
39632981836434641,0.0,0.21,0.79,0.0,0.37074136996563684
39632961905099056,0.0,0.47,0.53,0.0,0.4987007942838698
39632991714018502,0.0,0.05,0.95,0.0,0.14319847855797813
39632976903932351,0.0,0.98,0.02,0.0,0.07072027127091034
39632961884131210,0.0,0.28,0.72,0.0,0.4277254052800653
39632971887543947,0.0,0.64,0.36,0.0,0.4713415946277461
39632971908516767,0.0,1.0,0.0,0.0,-0.0
39632961871546749,0.0,0.02,0.98,0.0,0.07072027127091034
39632981861597499,0.0,0.75,0.25,0.0,0.4056390622295664
39632961884127514,0.0,0.21,0.79,0.0,0.37074136996563684
39632956859351846,0.0,0.03,0.96,0.01,0.13737165703039006
39632951838773423,0.0,0.06,0.92,0.02,0.2335407200795017
39632966887932729,0.0,0.22,0.78,0.0,0.38008375148098283
39632966887932864,0.0,0.0,1.0,0.0,-0.0
39632981819656607,0.0,0.38,0.62,0.0,0.47902101111314976
39632961884131795,0.0,0.94,0.06,0.0,0.16372245957723813
39632986806683618,0.0,0.54,0.46,0.0,0.49768921941011285
39632966904711503,0.0,0.02,0.98,0.0,0.07072027127091034
39632956859354773,0.0,0.0,0.91,0.09,0.21823490853205144
39632976874573984,0.0,0.08,0.92,0.0,0.2010895951011364
39632976866184697,0.0,0.03,0.97,0.0,0.0971959289157881
39632981819656528,0.0,0.17,0.83,0.0,0.32885238937210975
39632981819656354,0.0,0.28,0.72,0.0,0.4277254052800653
39632971904321615,0.02,0.93,0.05,0.0,0.2131710453499437
39632971908516805,0.0,0.03,0.97,0.0,0.0971959289157881
39632971916905199,0.0,0.4,0.6,0.0,0.4854752972273343
39632971900129310,0.0,0.26,0.74,0.0,0.4133731862463089
39632976853602120,0.0,0.83,0.17,0.0,0.32885238937210975
39632996638130529,0.0,0.35,0.65,0.0,0.4670340276877455
39632996629742084,0.0,0.93,0.07,0.0,0.18296182545011158
39632971874962735,0.0,0.82,0.18,0.0,0.34003852286413994
39632966904711118,0.0,0.12,0.88,0.0,0.2646804326436822
39632971904319692,0.0,0.89,0.11,0.0,0.249957979082264
39632991714019343,0.0,0.0,1.0,0.0,-0.0
39632986773127567,0.0,0.04,0.95,0.01,0.16124668093016215
39632971900129078,0.0,0.79,0.21,0.0,0.37074136996563684
39632971887543932,0.0,0.53,0.47,0.0,0.4987007942838698
39632971908516932,0.0,0.09,0.91,0.0,0.21823490853205144
39632991714018664,0.0,0.12,0.88,0.0,0.2646804326436822
39632991714018959,0.0,0.75,0.25,0.0,0.4056390622295664
39632991714019253,0.0,0.13,0.87,0.0,0.2787190925139945
39632986810876230,0.0,0.91,0.09,0.0,0.21823490853205144
39632986768935535,0.0,0.91,0.09,0.0,0.21823490853205144
39632996638130358,0.0,0.47,0.53,0.0,0.4987007942838698
39632986768935379,0.0,0.32,0.68,0.0,0.45219072886224687
39632986768935609,0.0,0.93,0.07,0.0,0.18296182545011158
39632986768935516,0.0,0.83,0.17,0.0,0.32885238937210975
39632971908517248,0.0,0.09,0.91,0.0,0.21823490853205144
39632996629745875,0.0,0.73,0.27,0.0,0.42073231810408784
39632996629742748,0.0,0.02,0.98,0.0,0.07072027127091034
39632996629742759,0.0,0.87,0.13,0.0,0.2787190925139945
39632971874962826,0.0,0.64,0.36,0.0,0.4713415946277461
39632996629743395,0.0,0.85,0.15,0.0,0.3049201523582002
39633001541274518,0.0,0.14,0.86,0.0,0.292119405821428
39632981861597881,0.0,0.55,0.45,0.0,0.49638722699390414
39632991714018357,0.0,0.33,0.67,0.0,0.4574631863898637
39632951817798928,0.0,0.96,0.04,0.0,0.12114609454120741
39632976887153199,0.0,0.8,0.2,0.0,0.36096404744368116
39632971904321204,0.0,0.59,0.41,0.0,0.488250234378912
39632991701438820,0.0,0.04,0.96,0.0,0.12114609454120741
39633001541274694,0.0,0.15,0.85,0.0,0.3049201523582002
39632981819655212,0.0,0.65,0.35,0.0,0.4670340276877455
39632981819655481,0.0,0.18,0.82,0.0,0.34003852286413994
39632976853601219,0.0,0.98,0.02,0.0,0.07072027127091034
39633001541272452,0.0,0.27,0.73,0.0,0.42073231810408784
39632951817799017,0.0,0.81,0.19,0.0,0.3507357299419487
39632976853601179,0.09,0.9,0.01,0.0,0.2579475764741046
39632986768935395,0.0,0.03,0.96,0.01,0.13737165703039006
39632996629742519,0.0,0.0,0.99,0.01,0.04039656794795559
39632976853602060,0.0,0.51,0.49,0.0,0.49985572087640495
39632986768934819,0.0,0.44,0.56,0.0,0.4947937606110278
39632976853601112,0.0,0.52,0.48,0.0,0.4994227679976009
39632976853600895,0.0,0.86,0.14,0.0,0.292119405821428
39633001541274324,0.0,0.08,0.92,0.0,0.2010895951011364
39632976882961982,0.0,0.23,0.77,0.0,0.38900565177326885
39632991714018499,0.0,0.1,0.9,0.0,0.2344977967946406
39632966904711573,0.0,0.64,0.36,0.0,0.4713415946277461
39632981819655365,0.0,0.96,0.04,0.0,0.12114609454120741
39632976853602026,0.0,0.97,0.03,0.0,0.0971959289157881
39632996629745363,0.0,0.75,0.25,0.0,0.4056390622295664
39632996629743069,0.0,0.76,0.24,0.0,0.39752013969226113
39632986768935292,0.0,0.23,0.77,0.0,0.38900565177326885
39632976853602484,0.01,0.98,0.01,0.0,0.08072027127091033
39632976903932462,0.0,0.42,0.58,0.0,0.49072694751682683
39632981819655298,0.0,0.87,0.13,0.0,0.2787190925139945
39632976903934464,0.0,0.98,0.02,0.0,0.07072027127091034
39632971916905091,0.0,0.58,0.42,0.0,0.49072694751682683
39632976899738655,0.0,0.95,0.05,0.0,0.14319847855797813
39632981849014758,0.0,0.78,0.22,0.0,0.38008375148098283
39632961888321817,0.0,0.68,0.32,0.0,0.45219072886224687
39632996650716422,0.0,0.12,0.88,0.0,0.2646804326436822
39632971891737724,0.0,0.47,0.53,0.0,0.4987007942838698
39632971908517688,0.0,0.82,0.18,0.0,0.34003852286413994
39632971916905413,0.0,0.58,0.42,0.0,0.49072694751682683
39632971908517427,0.0,0.08,0.92,0.0,0.2010895951011364
39632981857404890,0.0,0.9,0.1,0.0,0.2344977967946406
39632996659105937,0.0,0.34,0.66,0.0,0.46240935248651505
39632971908516764,0.0,0.87,0.13,0.0,0.2787190925139945
39632971908516793,0.0,0.1,0.9,0.0,0.2344977967946406
39632971908517104,0.0,0.74,0.26,0.0,0.4133731862463089
39632966929879501,0.0,0.91,0.09,0.0,0.21823490853205144
39632971925292394,0.0,0.88,0.12,0.0,0.2646804326436822
39632971925293061,0.0,0.28,0.72,0.0,0.4277254052800653
39632981865796059,0.0,0.85,0.15,0.0,0.3049201523582002
39632986810880258,0.0,1.0,0.0,0.0,-0.0
39632971925293165,0.0,0.96,0.04,0.0,0.12114609454120741
39632971900127628,0.0,0.6,0.4,0.0,0.4854752972273343
39632966929878056,0.0,0.08,0.92,0.0,0.2010895951011364
39632966929877850,0.0,0.81,0.19,0.0,0.3507357299419487
39632966929878012,0.0,0.59,0.41,0.0,0.488250234378912
39632986810880160,0.0,0.7,0.3,0.0,0.44064544961534635
39633001553857551,0.0,0.67,0.33,0.0,0.4574631863898637
39633001553857823,0.0,0.69,0.31,0.0,0.4465867291889284
39632996663298558,0.02,0.98,0.0,0.0,0.07072027127091034
39633001553857106,0.0,0.96,0.04,0.0,0.12114609454120741
39632976899740022,0.0,0.98,0.02,0.0,0.07072027127091034
39632976899739928,0.0,0.3,0.7,0.0,0.44064544961534635
39632996659105733,0.0,0.9,0.1,0.0,0.2344977967946406
39632996659106639,0.0,0.75,0.25,0.0,0.4056390622295664
39632996654907755,0.0,0.76,0.24,0.0,0.39752013969226113
39632996663298076,0.0,0.65,0.35,0.0,0.4670340276877455
39632996659106810,0.0,0.44,0.56,0.0,0.4947937606110278
39633001553858370,0.0,0.4,0.6,0.0,0.4854752972273343
39632991743379624,0.0,0.24,0.76,0.0,0.39752013969226113
39632971925295140,0.0,0.93,0.07,0.0,0.18296182545011158
39632996663297257,0.0,0.89,0.11,0.0,0.249957979082264
39632971925295029,0.0,0.84,0.16,0.0,0.3171547773202831
39632991743379557,0.0,0.01,0.98,0.01,0.08072027127091033
39632966904712474,0.0,0.69,0.31,0.0,0.4465867291889284
39632971891739556,0.0,0.28,0.72,0.0,0.4277254052800653
39632976882960755,0.0,0.92,0.08,0.0,0.2010895951011364
39632971900127573,0.01,0.36,0.63,0.0,0.5084984187252723
39632971900127561,0.0,0.19,0.81,0.0,0.3507357299419487
39633001553856791,0.0,0.03,0.96,0.01,0.13737165703039006
39632986810880665,0.0,0.89,0.11,0.0,0.249957979082264
39632986810880498,0.0,0.98,0.02,0.0,0.07072027127091034
39632986810880177,0.0,0.92,0.08,0.0,0.2010895951011364
39633006436027472,0.0,0.7,0.3,0.0,0.44064544961534635
39633001537078674,0.0,0.9,0.1,0.0,0.2344977967946406
39632956859351315,0.0,0.3,0.7,0.0,0.44064544961534635
39632966904711068,0.0,0.16,0.84,0.0,0.3171547773202831
39632986810876030,0.0,0.2,0.8,0.0,0.36096404744368116
39632971908516859,0.0,0.69,0.31,0.0,0.4465867291889284
39632981857404607,0.0,0.0,0.98,0.02,0.07072027127091034
39632986768935877,0.0,0.99,0.01,0.0,0.04039656794795559
39632996629745626,0.0,0.12,0.88,0.0,0.2646804326436822
39632966879545388,0.0,0.64,0.36,0.0,0.4713415946277461
39633001537077451,0.0,0.77,0.23,0.0,0.38900565177326885
39633001545468189,0.0,0.39,0.61,0.0,0.4823997742525436
39632991705630266,0.0,0.0,0.98,0.02,0.07072027127091034
39632981865796252,0.0,0.44,0.56,0.0,0.4947937606110278
39633001553857284,0.0,0.86,0.14,0.0,0.292119405821428
39632991743377586,0.0,0.0,1.0,0.0,-0.0
39632986810880468,0.0,0.96,0.04,0.0,0.12114609454120741
39632996659102581,0.0,0.95,0.05,0.0,0.14319847855797813
39632996659104990,0.0,0.99,0.01,0.0,0.04039656794795559
39633001553856862,0.0,0.51,0.49,0.0,0.49985572087640495
39632986764742161,0.07,0.92,0.01,0.0,0.22283217282912027
39632996659105824,0.0,0.1,0.9,0.0,0.2344977967946406
39632976899740525,0.0,0.75,0.25,0.0,0.4056390622295664
39632996654910680,0.0,0.39,0.61,0.0,0.4823997742525436
39632996654910971,0.0,0.92,0.08,0.0,0.2010895951011364
39633001553856594,0.02,0.91,0.07,0.0,0.2526241113249394
39632996654911117,0.0,0.39,0.61,0.0,0.4823997742525436
39633006436024483,0.0,0.73,0.27,0.0,0.42073231810408784
39633006431834225,0.0,0.33,0.67,0.0,0.4574631863898637
39632996659105697,0.0,0.98,0.02,0.0,0.07072027127091034
39633001549662499,0.0,0.93,0.07,0.0,0.18296182545011158
39632996659102754,0.01,0.94,0.05,0.0,0.1832231322266888
39632996659102327,0.0,0.16,0.84,0.0,0.3171547773202831
39633001549663773,0.0,1.0,0.0,0.0,-0.0
39633001537079110,0.0,0.97,0.03,0.0,0.0971959289157881
39632996659105248,0.0,0.94,0.06,0.0,0.16372245957723813
39633006440218889,0.0,0.59,0.41,0.0,0.488250234378912
39632996659105486,0.0,0.11,0.89,0.0,0.249957979082264
39633006431833907,0.0,0.33,0.67,0.0,0.4574631863898637
39632996659105625,0.0,0.95,0.05,0.0,0.14319847855797813
39633006431831761,0.25,0.75,0.0,0.0,0.4056390622295664
39632996654908066,0.0,0.75,0.25,0.0,0.4056390622295664
39632996654909315,0.0,0.49,0.51,0.0,0.49985572087640495
39632996654909097,0.0,0.76,0.24,0.0,0.39752013969226113
39632996654908843,0.0,0.83,0.17,0.0,0.32885238937210975
39632996654908732,0.0,0.08,0.92,0.0,0.2010895951011364
39632996654908188,0.0,0.82,0.18,0.0,0.34003852286413994
39633001553855620,0.0,0.99,0.01,0.0,0.04039656794795559
39633006431831914,0.0,0.97,0.03,0.0,0.0971959289157881
39632996654909584,0.0,0.52,0.48,0.0,0.4994227679976009
39632971874962505,0.0,0.33,0.67,0.0,0.4574631863898637
39633006436025378,0.0,0.85,0.15,0.0,0.3049201523582002
39633001553856351,0.04,0.96,0.0,0.0,0.12114609454120741
39633006440221506,0.0,0.42,0.58,0.0,0.49072694751682683
39633006440221568,0.0,0.82,0.18,0.0,0.34003852286413994
39633001553855701,0.0,0.99,0.01,0.0,0.04039656794795559
39633001537078635,0.0,0.47,0.53,0.0,0.4987007942838698
39633001553855932,0.0,0.51,0.49,0.0,0.49985572087640495
39633001553856249,0.0,0.3,0.7,0.0,0.44064544961534635
39632986810880616,0.0,0.82,0.18,0.0,0.34003852286413994
39632996663297730,0.0,0.79,0.21,0.0,0.37074136996563684
39632971874961246,0.0,1.0,0.0,0.0,-0.0
39632956850962894,0.0,0.04,0.96,0.0,0.12114609454120741
39632976899738574,0.0,0.51,0.49,0.0,0.49985572087640495
39632996629744908,0.0,0.55,0.45,0.0,0.49638722699390414
39632976882960611,0.0,0.63,0.37,0.0,0.47533604634353294
39632986768934942,0.0,0.8,0.2,0.0,0.36096404744368116
39633001541274200,0.0,0.59,0.41,0.0,0.488250234378912
39633001541274053,0.0,0.66,0.34,0.0,0.46240935248651505
39632996654911919,0.0,0.61,0.39,0.0,0.4823997742525436
39632996654911837,0.0,0.97,0.03,0.0,0.0971959289157881
39633001537077568,0.0,0.98,0.02,0.0,0.07072027127091034
39632996629742101,0.0,0.05,0.95,0.0,0.14319847855797813
39632996629742417,0.0,0.98,0.02,0.0,0.07072027127091034
39632971874962532,0.0,1.0,0.0,0.0,-0.0
39632971904320578,0.0,0.14,0.86,0.0,0.292119405821428
39632976853602024,0.0,0.82,0.18,0.0,0.34003852286413994
39632981865795874,0.01,0.94,0.05,0.0,0.1832231322266888
39632981865795983,0.02,0.91,0.07,0.0,0.2526241113249394
39632991743382554,0.0,0.94,0.06,0.0,0.16372245957723813
39633006427638266,0.0,1.0,0.0,0.0,-0.0
39633006427640016,0.0,0.97,0.03,0.0,0.0971959289157881
39633006440219487,0.0,0.53,0.47,0.0,0.4987007942838698
39633006427638120,0.0,1.0,0.0,0.0,-0.0
39632966879545517,0.0,0.71,0.29,0.0,0.43436062316970225
39632966879545561,0.0,0.14,0.86,0.0,0.292119405821428
39633006431834786,0.02,0.97,0.01,0.0,0.11097036642660543
39633001541274399,0.0,0.4,0.6,0.0,0.4854752972273343
39633006436028678,0.01,0.98,0.01,0.0,0.08072027127091033
39633001541274382,0.0,0.25,0.75,0.0,0.4056390622295664
39633006436028649,0.0,0.35,0.65,0.0,0.4670340276877455
39633001537078603,0.0,0.91,0.09,0.0,0.21823490853205144
39633001537078847,0.0,1.0,0.0,0.0,-0.0
39633006431832173,0.02,0.82,0.16,0.0,0.38533177299394805
39633001541273945,0.0,1.0,0.0,0.0,-0.0
39633006431833647,0.0,1.0,0.0,0.0,-0.0
39632996629745100,0.0,1.0,0.0,0.0,-0.0
39633006436026705,0.0,0.65,0.35,0.0,0.4670340276877455
39633006436026965,0.0,0.98,0.02,0.0,0.07072027127091034
39633001541273944,0.0,0.9,0.1,0.0,0.2344977967946406
39633006436027251,0.19,0.81,0.0,0.0,0.3507357299419487
39632996625550137,0.0,0.94,0.06,0.0,0.16372245957723813
39633006431832516,0.0,0.82,0.18,0.0,0.34003852286413994
39632996625550168,0.0,0.9,0.1,0.0,0.2344977967946406
39632991705630070,0.01,0.97,0.02,0.0,0.11097036642660543
39633001562246093,0.0,0.96,0.04,0.0,0.12114609454120741
39632996659104149,0.0,1.0,0.0,0.0,-0.0
39632996659103266,0.0,0.8,0.2,0.0,0.36096404744368116
39632986810880723,0.0,0.63,0.37,0.0,0.47533604634353294
39633001537079465,0.0,1.0,0.0,0.0,-0.0
39633006436024428,0.06,0.94,0.0,0.0,0.16372245957723813
39633006431830088,0.0,0.51,0.49,0.0,0.49985572087640495
39633006440220352,0.01,0.99,0.0,0.0,0.04039656794795559
39633006440220309,0.0,0.81,0.19,0.0,0.3507357299419487
39633001553855727,0.0,0.78,0.22,0.0,0.38008375148098283
39633001562246013,0.0,0.92,0.08,0.0,0.2010895951011364
39632986810880694,0.0,0.96,0.04,0.0,0.12114609454120741
39632951813607042,0.0,0.89,0.11,0.0,0.249957979082264
39632961909293135,0.0,0.91,0.09,0.0,0.21823490853205144
39632956867741532,0.0,0.57,0.43,0.0,0.4929075185894599
39632986773131540,0.0,0.0,0.8,0.2,0.36096404744368116
39632956884518551,0.0,0.0,1.0,0.0,-0.0
39632961871545859,0.0,0.0,0.83,0.17,0.32885238937210975
39633001549660789,0.0,0.89,0.11,0.0,0.249957979082264
39632976891347087,0.0,0.2,0.8,0.0,0.36096404744368116
39632986785714380,0.0,0.48,0.52,0.0,0.4994227679976009
39632976891349035,0.0,0.09,0.91,0.0,0.21823490853205144
39632971912711497,0.0,0.79,0.21,0.0,0.37074136996563684
39633001553854769,0.0,0.7,0.3,0.0,0.44064544961534635
39632971912711374,0.0,0.21,0.79,0.0,0.37074136996563684
39632971912710965,0.0,0.43,0.57,0.0,0.4929075185894599
39632946772051125,0.0,0.15,0.85,0.0,0.3049201523582002
39632956892907486,0.0,0.71,0.29,0.0,0.43436062316970225
39632956892907339,0.0,0.16,0.84,0.0,0.3171547773202831
39632976882962699,0.0,0.28,0.72,0.0,0.4277254052800653
39632946793025375,0.0,0.8,0.2,0.0,0.36096404744368116
39632946776247145,0.0,0.02,0.98,0.0,0.07072027127091034
39632941717917179,0.0,0.67,0.33,0.0,0.4574631863898637
39632996638133243,0.0,0.2,0.8,0.0,0.36096404744368116
39632966879546280,0.0,0.89,0.11,0.0,0.249957979082264
39632941709525207,0.0,0.07,0.93,0.0,0.18296182545011158
39632941717914232,0.0,0.43,0.57,0.0,0.4929075185894599
39632946776246992,0.0,0.21,0.79,0.0,0.37074136996563684
39632966904712035,0.0,0.24,0.76,0.0,0.39752013969226113
39632976878766505,0.0,0.54,0.46,0.0,0.49768921941011285
39632941722112197,0.0,0.89,0.11,0.0,0.249957979082264
39632941726302893,0.0,0.84,0.16,0.0,0.3171547773202831
39632941713723844,0.0,0.62,0.38,0.0,0.47902101111314976
39632941717913729,0.0,0.59,0.41,0.0,0.488250234378912
39632941717916802,0.0,0.99,0.01,0.0,0.04039656794795559
39632941730500831,0.0,0.97,0.03,0.0,0.0971959289157881
39632946793025761,0.0,0.83,0.17,0.0,0.32885238937210975
39632941713719951,0.0,0.57,0.43,0.0,0.4929075185894599
39632971912709867,0.0,0.5,0.5,0.0,0.5
39632971900129819,0.0,0.82,0.18,0.0,0.34003852286413994
39633001541272800,0.0,0.03,0.97,0.0,0.0971959289157881
39632971912710947,0.0,0.82,0.18,0.0,0.34003852286413994
39633001541272996,0.0,0.38,0.62,0.0,0.47902101111314976
39632941709528872,0.0,0.39,0.61,0.0,0.4823997742525436
39632941709528908,0.0,0.95,0.05,0.0,0.14319847855797813
39632941709528867,0.0,0.9,0.1,0.0,0.2344977967946406
39632966904710652,0.0,0.86,0.14,0.0,0.292119405821428
39632941709528855,0.0,0.06,0.94,0.0,0.16372245957723813
39632971912711452,0.0,0.44,0.56,0.0,0.4947937606110278
39632971912711420,0.0,0.85,0.15,0.0,0.3049201523582002
39632986768933278,0.0,0.19,0.81,0.0,0.3507357299419487
39632971916903686,0.0,0.22,0.78,0.0,0.38008375148098283
39632961871545522,0.0,0.9,0.1,0.0,0.2344977967946406
39632946767857073,0.0,0.21,0.79,0.0,0.37074136996563684
39632976882962765,0.02,0.98,0.0,0.0,0.07072027127091034
39632976882962916,0.0,0.02,0.98,0.0,0.07072027127091034
39632946793025254,0.0,0.95,0.05,0.0,0.14319847855797813
39632986764740866,0.1,0.9,0.0,0.0,0.2344977967946406
39632946763664153,0.0,0.48,0.52,0.0,0.4994227679976009
39632991701438466,0.0,0.22,0.78,0.0,0.38008375148098283
39632966879543741,0.0,0.86,0.14,0.0,0.292119405821428
39632951817799045,0.0,0.63,0.37,0.0,0.47533604634353294
39632961867353846,0.0,0.97,0.03,0.0,0.0971959289157881
39632991701437771,0.0,0.18,0.82,0.0,0.34003852286413994
39632991701438254,0.12,0.87,0.01,0.0,0.30414992414989617
39632991701437792,0.0,0.81,0.19,0.0,0.3507357299419487
39632991701437927,0.0,0.87,0.13,0.0,0.2787190925139945
39632961867354068,0.0,0.65,0.35,0.0,0.4670340276877455
39632971874961316,0.0,0.16,0.84,0.0,0.3171547773202831
39632971874960876,0.0,0.66,0.34,0.0,0.46240935248651505
39632956846772058,0.0,0.32,0.68,0.0,0.45219072886224687
39632971874960295,0.0,0.84,0.16,0.0,0.3171547773202831
39632956846772623,0.0,0.44,0.56,0.0,0.4947937606110278
39632956846772509,0.0,0.65,0.35,0.0,0.4670340276877455
39632956846772304,0.01,0.99,0.0,0.0,0.04039656794795559
39632956846772065,0.0,0.93,0.07,0.0,0.18296182545011158
39632956846771948,0.0,0.91,0.09,0.0,0.21823490853205144
39632956846771724,0.01,0.99,0.0,0.0,0.04039656794795559
39632951809413005,0.0,0.91,0.09,0.0,0.21823490853205144
39632951809412642,0.0,0.8,0.2,0.0,0.36096404744368116
39632946763664118,0.0,1.0,0.0,0.0,-0.0
39632951809412583,0.0,0.66,0.34,0.0,0.46240935248651505
39632951809412539,0.0,0.92,0.08,0.0,0.2010895951011364
39632951809412290,0.0,0.98,0.02,0.0,0.07072027127091034
39632946763664224,0.0,0.99,0.01,0.0,0.04039656794795559
39632946763664305,0.0,0.86,0.14,0.0,0.292119405821428
39632991701437460,0.0,0.11,0.89,0.0,0.249957979082264
39632991701436966,0.0,0.25,0.75,0.0,0.4056390622295664
39632991701436835,0.03,0.97,0.0,0.0,0.0971959289157881
39632986768932992,0.0,0.24,0.76,0.0,0.39752013969226113
39632941713720973,0.0,0.8,0.2,0.0,0.36096404744368116
39632951813608191,0.0,0.16,0.84,0.0,0.3171547773202831
39632946763661458,0.0,0.99,0.01,0.0,0.04039656794795559
39632966875353118,0.0,0.99,0.01,0.0,0.04039656794795559
39632966875353097,0.0,0.92,0.08,0.0,0.2010895951011364
39632991701437970,0.0,0.02,0.97,0.01,0.11097036642660543
39632976853599690,0.02,0.9,0.08,0.0,0.2705942015390087
39632956846771501,0.0,0.96,0.04,0.0,0.12114609454120741
39632956846770977,0.0,0.51,0.49,0.0,0.49985572087640495
39632991701437475,0.0,0.65,0.35,0.0,0.4670340276877455
39632991701436291,0.01,0.94,0.05,0.0,0.1832231322266888
39632976853599519,0.0,0.98,0.02,0.0,0.07072027127091034
39632976882962993,0.0,0.08,0.92,0.0,0.2010895951011364
39632941722112199,0.0,0.85,0.15,0.0,0.3049201523582002
39632946797217082,0.0,0.59,0.41,0.0,0.488250234378912
39632936638613222,0.01,0.96,0.03,0.0,0.13737165703039006
39632936642807511,0.0,0.82,0.18,0.0,0.34003852286413994
39632936642807685,0.0,0.8,0.2,0.0,0.36096404744368116
39632946767856535,0.0,0.99,0.01,0.0,0.04039656794795559
39632941709529491,0.0,0.37,0.63,0.0,0.47533604634353294
39632961867353622,0.03,0.97,0.0,0.0,0.0971959289157881
39632946763664957,0.02,0.98,0.0,0.0,0.07072027127091034
39632971874962309,0.0,0.54,0.46,0.0,0.49768921941011285
39632946763664482,0.0,0.92,0.08,0.0,0.2010895951011364
39632951809413258,0.0,1.0,0.0,0.0,-0.0
39632951809413249,0.0,0.81,0.19,0.0,0.3507357299419487
39632936634417885,0.0,0.94,0.06,0.0,0.16372245957723813
39632941705333530,0.0,0.85,0.15,0.0,0.3049201523582002
39632941705332938,0.0,0.94,0.06,0.0,0.16372245957723813
39632941705332915,0.01,0.92,0.07,0.0,0.22283217282912027
39632941705332721,0.01,0.9,0.09,0.0,0.2579475764741046
39632946763662659,0.0,1.0,0.0,0.0,-0.0
39632941705333012,0.0,0.32,0.68,0.0,0.45219072886224687
39632961867353773,0.0,0.55,0.45,0.0,0.49638722699390414
39632941730497006,0.0,0.91,0.09,0.0,0.21823490853205144
39632941713722211,0.0,0.13,0.87,0.0,0.2787190925139945
39632961867352880,0.0,0.89,0.11,0.0,0.249957979082264
39632941730496704,0.0,0.96,0.04,0.0,0.12114609454120741
39632941730497398,0.01,0.95,0.04,0.0,0.16124668093016215
39632961867353228,0.0,0.65,0.35,0.0,0.4670340276877455
39632971874961310,0.0,0.87,0.13,0.0,0.2787190925139945
39632956846769470,0.01,0.98,0.01,0.0,0.08072027127091033
39632971874960998,0.0,0.92,0.08,0.0,0.2010895951011364
39632946763663566,0.04,0.96,0.0,0.0,0.12114609454120741
39632991701435890,0.0,1.0,0.0,0.0,-0.0
39632971870769110,0.0,0.94,0.06,0.0,0.16372245957723813
39632971870769710,0.0,0.84,0.16,0.0,0.3171547773202831
39632951809412957,0.0,1.0,0.0,0.0,-0.0
39632956846770841,0.0,0.06,0.94,0.0,0.16372245957723813
39632951809411413,0.0,0.82,0.18,0.0,0.34003852286413994
39632961867352201,0.01,0.99,0.0,0.0,0.04039656794795559
39632941713720110,0.0,0.77,0.23,0.0,0.38900565177326885
39632941713719835,0.0,0.82,0.18,0.0,0.34003852286413994
39632941713720076,0.0,0.75,0.25,0.0,0.4056390622295664
39632941713720800,0.0,0.21,0.79,0.0,0.37074136996563684
39632941701138563,0.0,0.94,0.06,0.0,0.16372245957723813
39632941713721298,0.0,0.76,0.24,0.0,0.39752013969226113
39632966934070253,0.0,1.0,0.0,0.0,-0.0
39632966934071265,0.0,0.99,0.01,0.0,0.04039656794795559
39632941726306406,0.0,0.99,0.01,0.0,0.04039656794795559
39632956897104394,0.01,0.99,0.0,0.0,0.04039656794795559
39632976908127022,0.0,0.99,0.01,0.0,0.04039656794795559
39632961921877985,0.0,1.0,0.0,0.0,-0.0
39632976908127281,0.0,0.99,0.01,0.0,0.04039656794795559
39632971929487172,0.0,0.99,0.01,0.0,0.04039656794795559
39632996663299788,0.0,1.0,0.0,0.0,-0.0
39632996638130320,0.0,0.95,0.05,0.0,0.14319847855797813
39632946793025407,0.0,0.59,0.41,0.0,0.488250234378912
39632976903931877,0.0,0.15,0.85,0.0,0.3049201523582002
39632971929486966,0.0,0.94,0.06,0.0,0.16372245957723813
39632966934069490,0.0,0.99,0.01,0.0,0.04039656794795559
39632971900125805,0.0,0.88,0.12,0.0,0.2646804326436822
39632996633940233,0.0,0.29,0.71,0.0,0.43436062316970225
39632996633940188,0.0,0.22,0.78,0.0,0.38008375148098283
39632976878768232,0.0,0.79,0.21,0.0,0.37074136996563684
39632976903933513,0.0,0.59,0.41,0.0,0.488250234378912
39632976903933396,0.01,0.94,0.05,0.0,0.1832231322266888
39632996650716126,0.0,0.04,0.95,0.01,0.16124668093016215
39633001553858988,0.0,0.99,0.01,0.0,0.04039656794795559
39632981853211285,0.0,0.24,0.76,0.0,0.39752013969226113
39632956897103634,0.0,0.99,0.01,0.0,0.04039656794795559
39632956897103058,0.0,0.83,0.17,0.0,0.32885238937210975
39632976903934524,0.0,0.9,0.1,0.0,0.2344977967946406
39632996650716162,0.0,0.27,0.73,0.0,0.42073231810408784
39632941734691298,0.02,0.98,0.0,0.0,0.07072027127091034
39632941730500355,0.04,0.95,0.01,0.0,0.16124668093016215
39632936642809538,0.0,0.96,0.04,0.0,0.12114609454120741
39632986810879839,0.01,0.99,0.0,0.0,0.04039656794795559
39632976903934454,0.0,0.82,0.18,0.0,0.34003852286413994
39632976903934368,0.03,0.95,0.02,0.0,0.1674722434193448
39632971900127516,0.0,0.55,0.45,0.0,0.49638722699390414
39632941730500707,0.0,0.99,0.01,0.0,0.04039656794795559
39632941734692016,0.0,0.81,0.19,0.0,0.3507357299419487
39632941734691635,0.0,0.64,0.36,0.0,0.4713415946277461
39632941734691897,0.0,0.84,0.16,0.0,0.3171547773202831
39632981869986596,0.0,0.82,0.18,0.0,0.34003852286413994
39632991743381078,0.0,0.19,0.81,0.0,0.3507357299419487
39632976908124429,0.0,0.83,0.17,0.0,0.32885238937210975
39632941709529280,0.0,0.7,0.3,0.0,0.44064544961534635
39633006436024839,0.0,0.83,0.17,0.0,0.32885238937210975
39633006436026112,0.0,0.79,0.21,0.0,0.37074136996563684
39633001537077955,0.0,0.77,0.23,0.0,0.38900565177326885
39632996629744244,0.0,0.38,0.62,0.0,0.47902101111314976
39633001537081276,0.0,0.99,0.01,0.0,0.04039656794795559
39632986815070785,0.01,0.97,0.02,0.0,0.11097036642660543
39632986810880938,0.0,0.99,0.01,0.0,0.04039656794795559
39632951817798837,0.0,0.38,0.62,0.0,0.47902101111314976
39633001537078120,0.0,0.29,0.71,0.0,0.43436062316970225
39633001537079279,0.0,0.25,0.75,0.0,0.4056390622295664
39633006440220930,0.0,0.72,0.28,0.0,0.4277254052800653
39633006440221111,0.0,0.96,0.04,0.0,0.12114609454120741
39633001537079670,0.0,0.99,0.01,0.0,0.04039656794795559
39633001549663587,0.0,0.72,0.28,0.0,0.4277254052800653
39632986768933548,0.0,0.84,0.16,0.0,0.3171547773202831
39633001562247777,0.0,0.94,0.06,0.0,0.16372245957723813
39633001562247727,0.0,0.67,0.33,0.0,0.4574631863898637
39633001562247370,0.0,0.97,0.03,0.0,0.0971959289157881
39632991747572611,0.0,0.83,0.17,0.0,0.32885238937210975
39632996663298546,0.0,1.0,0.0,0.0,-0.0
39632991747573968,0.0,1.0,0.0,0.0,-0.0
39633001537079175,0.0,0.93,0.07,0.0,0.18296182545011158
39633001537080321,0.0,0.99,0.01,0.0,0.04039656794795559
39633001537080606,0.01,0.99,0.0,0.0,0.04039656794795559
39632986810877191,0.0,0.01,0.99,0.0,0.04039656794795559
39633006436024885,0.0,0.53,0.47,0.0,0.4987007942838698
39632986760548960,0.01,0.99,0.0,0.0,0.04039656794795559
39632951813607435,0.0,0.77,0.23,0.0,0.38900565177326885
39632966875352017,0.01,0.99,0.0,0.0,0.04039656794795559
39632966875352185,0.0,0.63,0.37,0.0,0.47533604634353294
39632971912709246,0.0,0.29,0.71,0.0,0.43436062316970225
39632941705331536,0.0,0.23,0.77,0.0,0.38900565177326885
39632976853599841,0.0,0.87,0.13,0.0,0.2787190925139945
39632996654911903,0.0,0.46,0.54,0.0,0.49768921941011285
39632986764742450,0.0,0.75,0.25,0.0,0.4056390622295664
39632996625549370,0.0,0.62,0.38,0.0,0.47902101111314976
39632986764741423,0.0,0.83,0.17,0.0,0.32885238937210975
39632971904320411,0.0,0.98,0.02,0.0,0.07072027127091034
39632976853599395,0.0,0.99,0.01,0.0,0.04039656794795559
39632971904320856,0.0,0.84,0.16,0.0,0.3171547773202831
39632976853599788,0.0,0.96,0.04,0.0,0.12114609454120741
39632946763662956,0.0,0.99,0.01,0.0,0.04039656794795559
39632941713722051,0.0,0.99,0.01,0.0,0.04039656794795559
39632946763662703,0.0,0.81,0.19,0.0,0.3507357299419487
39632991701436189,0.0,0.92,0.08,0.0,0.2010895951011364
39632981815464262,0.0,0.26,0.74,0.0,0.4133731862463089
39632981815464451,0.0,0.89,0.11,0.0,0.249957979082264
39632976853598761,0.0,1.0,0.0,0.0,-0.0
39632981815463647,0.0,0.98,0.02,0.0,0.07072027127091034
39632991701435647,0.0,1.0,0.0,0.0,-0.0
39632976853599421,0.0,1.0,0.0,0.0,-0.0
39632971874959674,0.01,0.97,0.02,0.0,0.11097036642660543
39632941726305932,0.0,0.7,0.3,0.0,0.44064544961534635
39632956897102312,0.0,0.98,0.02,0.0,0.07072027127091034
39632941705334427,0.0,0.41,0.59,0.0,0.488250234378912
39632946801414147,0.0,0.98,0.02,0.0,0.07072027127091034
39632946801412730,0.0,1.0,0.0,0.0,-0.0
39632946801411847,0.0,1.0,0.0,0.0,-0.0
39632936647002927,0.0,1.0,0.0,0.0,-0.0
39632976903934042,0.0,0.98,0.02,0.0,0.07072027127091034
39632971900129669,0.0,0.42,0.58,0.0,0.49072694751682683
39632941709526434,0.0,1.0,0.0,0.0,-0.0
39632941730499911,0.0,0.97,0.03,0.0,0.0971959289157881
39632971929485835,0.0,0.71,0.29,0.0,0.43436062316970225
39632941709528508,0.0,0.66,0.34,0.0,0.46240935248651505
39632941709528623,0.0,0.01,0.99,0.0,0.04039656794795559
39632941709528191,0.0,0.89,0.11,0.0,0.249957979082264
39632941709528221,0.0,0.99,0.01,0.0,0.04039656794795559
39633006431830937,0.0,0.95,0.05,0.0,0.14319847855797813
39632986764740285,0.0,0.99,0.01,0.0,0.04039656794795559
39632991701436286,0.0,1.0,0.0,0.0,-0.0
39632971874960436,0.0,0.94,0.06,0.0,0.16372245957723813
39632971874960592,0.0,0.5,0.5,0.0,0.5
39632971874960657,0.0,0.77,0.23,0.0,0.38900565177326885
39633001562245796,0.0,0.99,0.01,0.0,0.04039656794795559
39633006436027610,0.0,0.97,0.03,0.0,0.0971959289157881
39633001562244487,0.0,0.95,0.05,0.0,0.14319847855797813
39632996625548961,0.0,0.85,0.15,0.0,0.3049201523582002
39632996654910391,0.0,0.97,0.03,0.0,0.0971959289157881
39633001562244779,0.0,1.0,0.0,0.0,-0.0
39633001562244883,0.0,0.85,0.15,0.0,0.3049201523582002
39633001537077535,0.0,0.95,0.05,0.0,0.14319847855797813
39633001532885629,0.0,0.99,0.01,0.0,0.04039656794795559
39633001562247087,0.0,0.68,0.32,0.0,0.45219072886224687
39633006431831208,0.0,1.0,0.0,0.0,-0.0
39633006431832210,0.0,0.36,0.64,0.0,0.4713415946277461
39633001532884122,0.0,0.98,0.02,0.0,0.07072027127091034
39632986764741506,0.0,0.87,0.13,0.0,0.2787190925139945
39632986764742303,0.0,0.92,0.08,0.0,0.2010895951011364
39632941709526318,0.0,1.0,0.0,0.0,-0.0
39632941709526743,0.0,0.66,0.34,0.0,0.46240935248651505
39632941701140185,0.0,0.98,0.02,0.0,0.07072027127091034
39632946763662268,0.0,0.95,0.05,0.0,0.14319847855797813
39632946763662190,0.0,0.83,0.17,0.0,0.32885238937210975
39632951809413582,0.02,0.98,0.0,0.0,0.07072027127091034
39632971874960590,0.0,0.7,0.3,0.0,0.44064544961534635
39632941713721592,0.0,0.92,0.08,0.0,0.2010895951011364
39632941701140571,0.0,0.99,0.01,0.0,0.04039656794795559
39632936634418556,0.0,0.82,0.18,0.0,0.34003852286413994
39632971874960454,0.0,0.62,0.38,0.0,0.47902101111314976
39632936634419016,0.0,0.97,0.03,0.0,0.0971959289157881
39632946763664720,0.0,0.47,0.53,0.0,0.4987007942838698
39632941705333938,0.0,0.96,0.04,0.0,0.12114609454120741
39632996667491666,0.0,1.0,0.0,0.0,-0.0
39632996663299189,0.0,1.0,0.0,0.0,-0.0
39633001558052796,0.0,1.0,0.0,0.0,-0.0
39633001558051533,0.0,0.71,0.29,0.0,0.43436062316970225
39633001558051521,0.01,0.98,0.01,0.0,0.08072027127091033
39632996625548944,0.0,1.0,0.0,0.0,-0.0
39632996625551015,0.0,0.13,0.87,0.0,0.2787190925139945
39632996625551535,0.0,0.99,0.01,0.0,0.04039656794795559
39632996629742538,0.0,0.2,0.8,0.0,0.36096404744368116
39633001558052948,0.01,0.94,0.05,0.0,0.1832231322266888
39633001532886688,0.0,1.0,0.0,0.0,-0.0
39633001532886526,0.0,0.94,0.06,0.0,0.16372245957723813
39633001532886216,0.0,0.97,0.03,0.0,0.0971959289157881
39633001532885838,0.0,0.99,0.01,0.0,0.04039656794795559
39633006431831454,0.0,1.0,0.0,0.0,-0.0
39633006431830207,0.01,0.95,0.04,0.0,0.16124668093016215
39633001562247194,0.0,0.19,0.81,0.0,0.3507357299419487
39633001566440543,0.0,1.0,0.0,0.0,-0.0
39633001566438613,0.0,0.99,0.01,0.0,0.04039656794795559
39633006431833488,0.0,0.95,0.05,0.0,0.14319847855797813
39633006440220167,0.0,0.97,0.03,0.0,0.0971959289157881
39633006440220252,0.0,1.0,0.0,0.0,-0.0
39633006440220557,0.0,0.91,0.09,0.0,0.21823490853205144
39633001562246075,0.0,0.81,0.19,0.0,0.3507357299419487
39633001562245937,0.0,1.0,0.0,0.0,-0.0
39633001562245259,0.0,0.98,0.02,0.0,0.07072027127091034
39633001562243418,0.0,0.6,0.4,0.0,0.4854752972273343
39633006436025328,0.0,1.0,0.0,0.0,-0.0
39633006431834164,0.0,1.0,0.0,0.0,-0.0
39633006436027562,0.0,1.0,0.0,0.0,-0.0
39633006436027315,0.0,0.63,0.37,0.0,0.47533604634353294
39633006436026397,0.0,0.98,0.02,0.0,0.07072027127091034
39632986764741350,0.02,0.98,0.0,0.0,0.07072027127091034
39632986764741577,0.0,0.99,0.01,0.0,0.04039656794795559
39632986764740860,0.0,0.97,0.03,0.0,0.0971959289157881
39632971870767715,0.01,0.99,0.0,0.0,0.04039656794795559
39632956846768945,0.0,0.98,0.02,0.0,0.07072027127091034
39632946763662141,0.0,0.86,0.14,0.0,0.292119405821428
39632956842577987,0.0,1.0,0.0,0.0,-0.0
39632966875351780,0.0,0.72,0.28,0.0,0.4277254052800653
39632981815462250,0.01,0.99,0.0,0.0,0.04039656794795559
39632981815462784,0.0,0.98,0.02,0.0,0.07072027127091034
39632956842578493,0.0,1.0,0.0,0.0,-0.0
39632946759469369,0.08,0.92,0.0,0.0,0.2010895951011364
39632971874960011,0.0,0.97,0.03,0.0,0.0971959289157881
39632946759471713,0.0,0.97,0.03,0.0,0.0971959289157881
39632956846770257,0.0,0.5,0.5,0.0,0.5
39632956846769649,0.0,1.0,0.0,0.0,-0.0
39632971870769114,0.0,0.99,0.01,0.0,0.04039656794795559
39632966875350696,0.0,1.0,0.0,0.0,-0.0
39632956842577662,0.01,0.99,0.0,0.0,0.04039656794795559
39632961867351885,0.01,0.98,0.01,0.0,0.08072027127091033
39632951805219458,0.0,1.0,0.0,0.0,-0.0
39632936626030753,0.01,0.99,0.0,0.0,0.04039656794795559
39632951809410257,0.0,1.0,0.0,0.0,-0.0
39632936630226323,0.0,1.0,0.0,0.0,-0.0
39632936634419883,0.01,0.99,0.0,0.0,0.04039656794795559
39632951809411591,0.11,0.89,0.0,0.0,0.249957979082264
39632951813604550,0.0,0.98,0.02,0.0,0.07072027127091034
39632961863159986,0.0,0.95,0.05,0.0,0.14319847855797813
39632961863160209,0.01,0.99,0.0,0.0,0.04039656794795559
39632961863160076,0.0,0.95,0.05,0.0,0.14319847855797813
39632936634420671,0.0,0.69,0.31,0.0,0.4465867291889284
39632941701139316,0.0,0.98,0.02,0.0,0.07072027127091034
39632941701138391,0.0,0.99,0.01,0.0,0.04039656794795559
39632976849408333,0.0,1.0,0.0,0.0,-0.0
39632941705334205,0.01,0.99,0.0,0.0,0.04039656794795559
39632941696946552,0.0,1.0,0.0,0.0,-0.0
